0,1,0,450000000000,0.000000
0,1,450000000000,500000000000,0.000007
0,1,500000000000,600000000000,0.000000
1,0,0,450000000000,0.000000
1,0,450000000000,500000000000,0.000007
1,0,500000000000,600000000000,0.000000
0,25,0,150000000000,0.000000
0,25,150000000000,200000000000,0.086369
0,25,200000000000,250000000000,0.086874
0,25,250000000000,300000000000,0.072440
0,25,300000000000,600000000000,0.000000
25,0,0,150000000000,0.000000
25,0,150000000000,200000000000,0.002101
25,0,200000000000,250000000000,0.002185
25,0,250000000000,300000000000,0.001681
25,0,300000000000,600000000000,0.000000
1,2,0,450000000000,0.000000
1,2,450000000000,500000000000,0.000007
1,2,500000000000,600000000000,0.000000
2,1,0,450000000000,0.000000
2,1,450000000000,500000000000,0.000007
2,1,500000000000,600000000000,0.000000
1,26,0,600000000000,0.000000
26,1,0,600000000000,0.000000
2,3,0,450000000000,0.000000
2,3,450000000000,500000000000,0.000007
2,3,500000000000,600000000000,0.000000
3,2,0,450000000000,0.000000
3,2,450000000000,500000000000,0.000007
3,2,500000000000,600000000000,0.000000
2,27,0,600000000000,0.000000
27,2,0,600000000000,0.000000
3,4,0,450000000000,0.000000
3,4,450000000000,500000000000,0.000007
3,4,500000000000,600000000000,0.000000
4,3,0,450000000000,0.000000
4,3,450000000000,500000000000,0.000007
4,3,500000000000,600000000000,0.000000
3,28,0,600000000000,0.000000
28,3,0,600000000000,0.000000
4,5,0,400000000000,0.000000
4,5,400000000000,500000000000,0.000007
4,5,500000000000,600000000000,0.000000
5,4,0,400000000000,0.000000
5,4,400000000000,500000000000,0.000007
5,4,500000000000,600000000000,0.000000
4,29,0,350000000000,0.000000
4,29,350000000000,400000000000,0.000024
4,29,400000000000,450000000000,0.000000
4,29,450000000000,500000000000,0.000007
4,29,500000000000,600000000000,0.000000
29,4,0,450000000000,0.000000
29,4,450000000000,500000000000,0.000007
29,4,500000000000,600000000000,0.000000
5,6,0,100000000000,0.000000
5,6,100000000000,250000000000,0.000007
5,6,250000000000,400000000000,0.000000
5,6,400000000000,500000000000,0.000007
5,6,500000000000,550000000000,0.000013
5,6,550000000000,600000000000,0.000000
6,5,0,100000000000,0.000000
6,5,100000000000,250000000000,0.000007
6,5,250000000000,400000000000,0.000000
6,5,400000000000,500000000000,0.000007
6,5,500000000000,550000000000,0.000013
6,5,550000000000,600000000000,0.000000
5,30,0,550000000000,0.000000
5,30,550000000000,600000000000,0.000013
30,5,0,550000000000,0.000000
30,5,550000000000,600000000000,0.000013
6,7,0,100000000000,0.000000
6,7,100000000000,250000000000,0.000007
6,7,250000000000,350000000000,0.000013
6,7,350000000000,400000000000,0.000000
6,7,400000000000,500000000000,0.000007
6,7,500000000000,550000000000,0.000013
6,7,550000000000,600000000000,0.000000
7,6,0,100000000000,0.000000
7,6,100000000000,250000000000,0.000007
7,6,250000000000,350000000000,0.000013
7,6,350000000000,400000000000,0.000000
7,6,400000000000,500000000000,0.000007
7,6,500000000000,550000000000,0.000013
7,6,550000000000,600000000000,0.000000
6,31,0,200000000000,0.000000
6,31,200000000000,250000000000,0.000007
6,31,250000000000,600000000000,0.000000
31,6,0,200000000000,0.000000
31,6,200000000000,250000000000,0.000007
31,6,250000000000,600000000000,0.000000
7,8,0,50000000000,0.000013
7,8,50000000000,150000000000,0.000013
7,8,150000000000,250000000000,0.000007
7,8,250000000000,350000000000,0.000013
7,8,350000000000,400000000000,0.000000
7,8,400000000000,500000000000,0.000007
7,8,500000000000,550000000000,0.000013
7,8,550000000000,600000000000,0.000000
8,7,0,50000000000,0.000013
8,7,50000000000,150000000000,0.000013
8,7,150000000000,250000000000,0.000007
8,7,250000000000,350000000000,0.000013
8,7,350000000000,400000000000,0.000000
8,7,400000000000,500000000000,0.000007
8,7,500000000000,550000000000,0.000013
8,7,550000000000,600000000000,0.000000
7,32,0,50000000000,0.001339
7,32,50000000000,100000000000,0.000024
7,32,100000000000,250000000000,0.000000
7,32,250000000000,300000000000,0.170948
7,32,300000000000,500000000000,0.000000
7,32,500000000000,600000000000,0.000007
32,7,0,50000000000,0.046561
32,7,50000000000,100000000000,0.000019
32,7,100000000000,250000000000,0.000000
32,7,250000000000,300000000000,0.003980
32,7,300000000000,500000000000,0.000000
32,7,500000000000,600000000000,0.000007
8,9,0,50000000000,0.000013
8,9,50000000000,150000000000,0.000013
8,9,150000000000,250000000000,0.000007
8,9,250000000000,350000000000,0.000013
8,9,350000000000,400000000000,0.000000
8,9,400000000000,450000000000,0.000007
8,9,450000000000,500000000000,0.000020
8,9,500000000000,600000000000,0.000027
9,8,0,50000000000,0.000013
9,8,50000000000,150000000000,0.000013
9,8,150000000000,250000000000,0.000007
9,8,250000000000,350000000000,0.000013
9,8,350000000000,400000000000,0.000000
9,8,400000000000,450000000000,0.000007
9,8,450000000000,500000000000,0.048060
9,8,500000000000,600000000000,0.000027
8,33,0,50000000000,0.000000
8,33,50000000000,100000000000,0.048064
8,33,100000000000,150000000000,0.000007
8,33,150000000000,250000000000,0.000000
8,33,250000000000,450000000000,0.000007
8,33,450000000000,500000000000,0.048111
8,33,500000000000,550000000000,0.000067
8,33,550000000000,600000000000,0.000047
33,8,0,50000000000,0.000000
33,8,50000000000,100000000000,0.048064
33,8,100000000000,150000000000,0.000007
33,8,150000000000,250000000000,0.000000
33,8,250000000000,450000000000,0.000007
33,8,450000000000,500000000000,0.048111
33,8,500000000000,550000000000,0.000067
33,8,550000000000,600000000000,0.000047
9,10,0,50000000000,0.000013
9,10,50000000000,150000000000,0.000013
9,10,150000000000,250000000000,0.000007
9,10,250000000000,300000000000,0.000027
9,10,300000000000,350000000000,0.000034
9,10,350000000000,450000000000,0.000000
9,10,450000000000,500000000000,0.000020
9,10,500000000000,600000000000,0.000027
10,9,0,50000000000,0.000013
10,9,50000000000,150000000000,0.000013
10,9,150000000000,250000000000,0.000007
10,9,250000000000,300000000000,0.000053
10,9,300000000000,350000000000,0.000034
10,9,350000000000,450000000000,0.000000
10,9,450000000000,500000000000,0.048060
10,9,500000000000,600000000000,0.000027
9,34,0,50000000000,0.000000
9,34,50000000000,100000000000,0.085389
9,34,100000000000,150000000000,0.000007
9,34,150000000000,250000000000,0.000000
9,34,250000000000,300000000000,0.004594
9,34,300000000000,350000000000,0.000047
9,34,350000000000,400000000000,0.000027
9,34,400000000000,450000000000,0.000034
9,34,450000000000,500000000000,0.000013
9,34,500000000000,550000000000,0.000000
9,34,550000000000,600000000000,0.000013
34,9,0,50000000000,0.000000
34,9,50000000000,100000000000,0.001974
34,9,100000000000,150000000000,0.000007
34,9,150000000000,250000000000,0.000000
34,9,250000000000,300000000000,0.171949
34,9,300000000000,350000000000,0.039988
34,9,350000000000,400000000000,0.000051
34,9,400000000000,450000000000,0.008204
34,9,450000000000,500000000000,0.000013
34,9,500000000000,550000000000,0.000000
34,9,550000000000,600000000000,0.000013
10,11,0,50000000000,0.002089
10,11,50000000000,100000000000,0.169582
10,11,100000000000,150000000000,0.000013
10,11,150000000000,250000000000,0.000000
10,11,250000000000,300000000000,0.000027
10,11,300000000000,350000000000,0.000034
10,11,350000000000,450000000000,0.000000
10,11,450000000000,500000000000,0.000020
10,11,500000000000,600000000000,0.000027
11,10,0,50000000000,0.085960
11,10,50000000000,100000000000,0.003702
11,10,100000000000,150000000000,0.000013
11,10,150000000000,250000000000,0.000000
11,10,250000000000,300000000000,0.000029
11,10,300000000000,350000000000,0.000034
11,10,350000000000,450000000000,0.000000
11,10,450000000000,500000000000,0.048060
11,10,500000000000,600000000000,0.000027
10,35,0,50000000000,0.086006
10,35,50000000000,100000000000,0.039912
10,35,100000000000,150000000000,0.002409
10,35,150000000000,200000000000,0.045154
10,35,200000000000,250000000000,0.090033
10,35,250000000000,350000000000,0.000007
10,35,350000000000,550000000000,0.000000
10,35,550000000000,600000000000,0.000007
35,10,0,50000000000,0.002135
35,10,50000000000,100000000000,0.000060
35,10,100000000000,150000000000,0.131626
35,10,150000000000,200000000000,0.173542
35,10,200000000000,250000000000,0.084080
35,10,250000000000,350000000000,0.000007
35,10,350000000000,400000000000,0.000024
35,10,400000000000,550000000000,0.000000
35,10,550000000000,600000000000,0.000007
11,12,0,50000000000,0.002089
11,12,50000000000,100000000000,0.169582
11,12,100000000000,150000000000,0.000007
11,12,150000000000,250000000000,0.000000
11,12,250000000000,300000000000,0.000027
11,12,300000000000,350000000000,0.000034
11,12,350000000000,450000000000,0.000000
11,12,450000000000,500000000000,0.000007
11,12,500000000000,600000000000,0.000013
12,11,0,50000000000,0.085960
12,11,50000000000,100000000000,0.003702
12,11,100000000000,150000000000,0.000007
12,11,150000000000,250000000000,0.000000
12,11,250000000000,300000000000,0.000027
12,11,300000000000,350000000000,0.000034
12,11,350000000000,450000000000,0.000000
12,11,450000000000,500000000000,0.048047
12,11,500000000000,600000000000,0.000013
11,36,0,150000000000,0.000007
11,36,150000000000,200000000000,0.000000
11,36,200000000000,250000000000,0.077805
11,36,250000000000,350000000000,0.000000
11,36,350000000000,450000000000,0.000027
11,36,450000000000,500000000000,0.000020
11,36,500000000000,600000000000,0.000000
36,11,0,150000000000,0.000007
36,11,150000000000,200000000000,0.000000
36,11,200000000000,250000000000,0.050160
36,11,250000000000,350000000000,0.000000
36,11,350000000000,400000000000,0.000099
36,11,400000000000,450000000000,0.000027
36,11,450000000000,500000000000,0.000020
36,11,500000000000,600000000000,0.000000
12,13,0,50000000000,0.002089
12,13,50000000000,100000000000,0.169582
12,13,100000000000,150000000000,0.000007
12,13,150000000000,250000000000,0.000000
12,13,250000000000,350000000000,0.000013
12,13,350000000000,600000000000,0.000000
13,12,0,50000000000,0.085960
13,12,50000000000,100000000000,0.003702
13,12,100000000000,150000000000,0.000007
13,12,150000000000,250000000000,0.000000
13,12,250000000000,350000000000,0.000013
13,12,350000000000,600000000000,0.000000
12,37,0,100000000000,0.000000
12,37,100000000000,150000000000,0.050004
12,37,150000000000,200000000000,0.002397
12,37,200000000000,250000000000,0.000027
12,37,250000000000,450000000000,0.000000
12,37,450000000000,500000000000,0.000013
12,37,500000000000,600000000000,0.000000
37,12,0,100000000000,0.000000
37,12,100000000000,150000000000,0.086458
37,12,150000000000,200000000000,0.090532
37,12,200000000000,250000000000,0.000027
37,12,250000000000,300000000000,0.000001
37,12,300000000000,450000000000,0.000000
37,12,450000000000,500000000000,0.000013
37,12,500000000000,600000000000,0.000000
13,14,0,50000000000,0.086589
13,14,50000000000,100000000000,0.084088
13,14,100000000000,600000000000,0.000000
14,13,0,50000000000,0.002148
14,13,50000000000,100000000000,0.001728
14,13,100000000000,600000000000,0.000000
13,38,0,50000000000,0.083675
13,38,50000000000,100000000000,0.000000
13,38,100000000000,150000000000,0.004167
13,38,150000000000,200000000000,0.090149
13,38,200000000000,350000000000,0.000000
13,38,350000000000,400000000000,0.000007
13,38,400000000000,600000000000,0.000000
38,13,0,50000000000,0.001757
38,13,50000000000,100000000000,0.000000
38,13,100000000000,150000000000,0.172531
38,13,150000000000,200000000000,0.088654
38,13,200000000000,350000000000,0.000000
38,13,350000000000,400000000000,0.000007
38,13,400000000000,600000000000,0.000000
14,15,0,600000000000,0.000000
15,14,0,600000000000,0.000000
14,39,0,600000000000,0.000000
39,14,0,600000000000,0.000000
15,16,0,600000000000,0.000000
16,15,0,600000000000,0.000000
15,40,0,100000000000,0.000000
15,40,100000000000,150000000000,0.001943
15,40,150000000000,600000000000,0.000000
40,15,0,100000000000,0.000000
40,15,100000000000,150000000000,0.085359
40,15,150000000000,200000000000,0.000000
40,15,200000000000,250000000000,0.000024
40,15,250000000000,600000000000,0.000000
16,17,0,600000000000,0.000000
17,16,0,600000000000,0.000000
16,41,0,600000000000,0.000000
41,16,0,600000000000,0.000000
17,18,0,600000000000,0.000000
18,17,0,600000000000,0.000000
17,42,0,600000000000,0.000000
42,17,0,600000000000,0.000000
18,19,0,600000000000,0.000000
19,18,0,600000000000,0.000000
18,43,0,400000000000,0.000000
18,43,400000000000,500000000000,0.000007
18,43,500000000000,600000000000,0.000000
43,18,0,400000000000,0.000000
43,18,400000000000,500000000000,0.000007
43,18,500000000000,600000000000,0.000000
19,20,0,600000000000,0.000000
20,19,0,600000000000,0.000000
19,44,0,200000000000,0.000000
19,44,200000000000,250000000000,0.000007
19,44,250000000000,600000000000,0.000000
44,19,0,200000000000,0.000000
44,19,200000000000,250000000000,0.000007
44,19,250000000000,600000000000,0.000000
20,21,0,600000000000,0.000000
21,20,0,600000000000,0.000000
20,45,0,600000000000,0.000000
45,20,0,600000000000,0.000000
21,22,0,450000000000,0.000000
21,22,450000000000,500000000000,0.000007
21,22,500000000000,600000000000,0.000000
22,21,0,450000000000,0.000000
22,21,450000000000,500000000000,0.000007
22,21,500000000000,600000000000,0.000000
21,46,0,350000000000,0.000000
21,46,350000000000,550000000000,0.000013
21,46,550000000000,600000000000,0.000007
46,21,0,350000000000,0.000000
46,21,350000000000,550000000000,0.000013
46,21,550000000000,600000000000,0.000007
22,23,0,450000000000,0.000000
22,23,450000000000,500000000000,0.000007
22,23,500000000000,600000000000,0.000000
23,22,0,450000000000,0.000000
23,22,450000000000,500000000000,0.000007
23,22,500000000000,600000000000,0.000000
22,47,0,150000000000,0.000000
22,47,150000000000,200000000000,0.000013
22,47,200000000000,350000000000,0.000007
22,47,350000000000,600000000000,0.000000
47,22,0,150000000000,0.000000
47,22,150000000000,200000000000,0.000013
47,22,200000000000,350000000000,0.000007
47,22,350000000000,600000000000,0.000000
23,24,0,450000000000,0.000000
23,24,450000000000,500000000000,0.000007
23,24,500000000000,600000000000,0.000000
24,23,0,450000000000,0.000000
24,23,450000000000,500000000000,0.000007
24,23,500000000000,600000000000,0.000000
23,48,0,50000000000,0.088683
23,48,50000000000,100000000000,0.000007
23,48,100000000000,150000000000,0.000013
23,48,150000000000,600000000000,0.000000
48,23,0,50000000000,0.090890
48,23,50000000000,100000000000,0.000007
48,23,100000000000,150000000000,0.000013
48,23,150000000000,600000000000,0.000000
0,24,0,450000000000,0.000000
0,24,450000000000,500000000000,0.000007
0,24,500000000000,600000000000,0.000000
24,0,0,450000000000,0.000000
24,0,450000000000,500000000000,0.000007
24,0,500000000000,600000000000,0.000000
24,49,0,600000000000,0.000000
49,24,0,600000000000,0.000000
25,26,0,600000000000,0.000000
26,25,0,600000000000,0.000000
25,50,0,150000000000,0.000000
25,50,150000000000,200000000000,0.086369
25,50,200000000000,250000000000,0.086874
25,50,250000000000,300000000000,0.072440
25,50,300000000000,600000000000,0.000000
50,25,0,150000000000,0.000000
50,25,150000000000,200000000000,0.002101
50,25,200000000000,250000000000,0.002185
50,25,250000000000,300000000000,0.001681
50,25,300000000000,600000000000,0.000000
26,27,0,600000000000,0.000000
27,26,0,600000000000,0.000000
26,51,0,600000000000,0.000000
51,26,0,600000000000,0.000000
27,28,0,600000000000,0.000000
28,27,0,600000000000,0.000000
27,52,0,600000000000,0.000000
52,27,0,600000000000,0.000000
28,29,0,600000000000,0.000000
29,28,0,600000000000,0.000000
28,53,0,600000000000,0.000000
53,28,0,600000000000,0.000000
29,30,0,600000000000,0.000000
30,29,0,350000000000,0.000000
30,29,350000000000,400000000000,0.048040
30,29,400000000000,600000000000,0.000000
29,54,0,450000000000,0.000000
29,54,450000000000,500000000000,0.000007
29,54,500000000000,600000000000,0.000000
54,29,0,450000000000,0.000000
54,29,450000000000,500000000000,0.000007
54,29,500000000000,600000000000,0.000000
30,31,0,600000000000,0.000000
31,30,0,300000000000,0.000000
31,30,300000000000,350000000000,0.048064
31,30,350000000000,400000000000,0.048040
31,30,400000000000,600000000000,0.000000
30,55,0,200000000000,0.000000
30,55,200000000000,250000000000,0.085589
30,55,250000000000,550000000000,0.000000
30,55,550000000000,600000000000,0.000013
55,30,0,200000000000,0.000000
55,30,200000000000,250000000000,0.001971
55,30,250000000000,550000000000,0.000000
55,30,550000000000,600000000000,0.000013
31,32,0,600000000000,0.000000
32,31,0,50000000000,0.000000
32,31,50000000000,100000000000,0.000505
32,31,100000000000,300000000000,0.000000
32,31,300000000000,350000000000,0.048064
32,31,350000000000,400000000000,0.048040
32,31,400000000000,600000000000,0.000000
31,56,0,50000000000,0.000000
31,56,50000000000,100000000000,0.002529
31,56,100000000000,200000000000,0.000000
31,56,200000000000,250000000000,0.000007
31,56,250000000000,600000000000,0.000000
56,31,0,50000000000,0.000000
56,31,50000000000,100000000000,0.127305
56,31,100000000000,200000000000,0.000000
56,31,200000000000,250000000000,0.000007
56,31,250000000000,600000000000,0.000000
32,33,0,600000000000,0.000000
33,32,0,300000000000,0.000000
33,32,300000000000,350000000000,0.048064
33,32,350000000000,400000000000,0.048040
33,32,400000000000,600000000000,0.000000
32,57,0,50000000000,0.001337
32,57,50000000000,100000000000,0.000004
32,57,100000000000,250000000000,0.000000
32,57,250000000000,300000000000,0.170948
32,57,300000000000,500000000000,0.000000
32,57,500000000000,600000000000,0.000007
57,32,0,50000000000,0.046626
57,32,50000000000,100000000000,0.000436
57,32,100000000000,250000000000,0.000000
57,32,250000000000,300000000000,0.003980
57,32,300000000000,500000000000,0.000000
57,32,500000000000,600000000000,0.000007
33,34,0,450000000000,0.000000
33,34,450000000000,500000000000,0.000020
33,34,500000000000,550000000000,0.000027
33,34,550000000000,600000000000,0.000020
34,33,0,350000000000,0.000000
34,33,350000000000,400000000000,0.048040
34,33,400000000000,450000000000,0.000000
34,33,450000000000,500000000000,0.000020
34,33,500000000000,550000000000,0.000027
34,33,550000000000,600000000000,0.000020
33,58,0,50000000000,0.000000
33,58,50000000000,100000000000,0.048064
33,58,100000000000,150000000000,0.000007
33,58,150000000000,250000000000,0.000000
33,58,250000000000,450000000000,0.000007
33,58,450000000000,500000000000,0.048131
33,58,500000000000,550000000000,0.000081
33,58,550000000000,600000000000,0.000054
58,33,0,50000000000,0.000000
58,33,50000000000,100000000000,0.048064
58,33,100000000000,150000000000,0.000007
58,33,150000000000,250000000000,0.000000
58,33,250000000000,300000000000,0.000007
58,33,300000000000,350000000000,0.048071
58,33,350000000000,450000000000,0.000007
58,33,450000000000,500000000000,0.048131
58,33,500000000000,550000000000,0.000081
58,33,550000000000,600000000000,0.000054
34,35,0,250000000000,0.000000
34,35,250000000000,300000000000,0.001997
34,35,300000000000,350000000000,0.048084
34,35,350000000000,400000000000,0.000000
34,35,400000000000,450000000000,0.000007
34,35,450000000000,500000000000,0.000013
34,35,500000000000,550000000000,0.000027
34,35,550000000000,600000000000,0.000013
35,34,0,250000000000,0.000000
35,34,250000000000,300000000000,0.085978
35,34,300000000000,350000000000,0.039985
35,34,350000000000,400000000000,0.000000
35,34,400000000000,450000000000,0.000007
35,34,450000000000,500000000000,0.000013
35,34,500000000000,550000000000,0.000027
35,34,550000000000,600000000000,0.000013
34,59,0,50000000000,0.000000
34,59,50000000000,100000000000,0.085389
34,59,100000000000,150000000000,0.000007
34,59,150000000000,250000000000,0.000000
34,59,250000000000,300000000000,0.090559
34,59,300000000000,350000000000,0.000054
34,59,350000000000,400000000000,0.000027
34,59,400000000000,450000000000,0.000040
34,59,450000000000,500000000000,0.000007
34,59,500000000000,550000000000,0.000000
34,59,550000000000,600000000000,0.000007
59,34,0,50000000000,0.000000
59,34,50000000000,100000000000,0.001974
59,34,100000000000,150000000000,0.000007
59,34,150000000000,250000000000,0.000000
59,34,250000000000,300000000000,0.173933
59,34,300000000000,350000000000,0.048118
59,34,350000000000,400000000000,0.048067
59,34,400000000000,450000000000,0.008211
59,34,450000000000,500000000000,0.000007
59,34,500000000000,550000000000,0.000000
59,34,550000000000,600000000000,0.000007
35,36,0,50000000000,0.000034
35,36,50000000000,100000000000,0.087566
35,36,100000000000,150000000000,0.000000
35,36,150000000000,200000000000,0.000007
35,36,200000000000,250000000000,0.002139
35,36,250000000000,300000000000,0.002004
35,36,300000000000,350000000000,0.000013
35,36,350000000000,400000000000,0.000000
35,36,400000000000,450000000000,0.000007
35,36,450000000000,500000000000,0.000013
35,36,500000000000,550000000000,0.000027
35,36,550000000000,600000000000,0.000013
36,35,0,50000000000,0.048098
36,35,50000000000,100000000000,0.050076
36,35,100000000000,150000000000,0.000000
36,35,150000000000,200000000000,0.000007
36,35,200000000000,250000000000,0.083140
36,35,250000000000,300000000000,0.085984
36,35,300000000000,350000000000,0.040003
36,35,350000000000,400000000000,0.000000
36,35,400000000000,450000000000,0.000007
36,35,450000000000,500000000000,0.000013
36,35,500000000000,550000000000,0.000027
36,35,550000000000,600000000000,0.000013
35,60,0,50000000000,0.134077
35,60,50000000000,100000000000,0.089968
35,60,100000000000,150000000000,0.002415
35,60,150000000000,200000000000,0.093166
35,60,200000000000,250000000000,0.087944
35,60,250000000000,300000000000,0.000022
35,60,300000000000,550000000000,0.000000
35,60,550000000000,600000000000,0.000007
60,35,0,50000000000,0.002142
60,35,50000000000,100000000000,0.087613
60,35,100000000000,150000000000,0.131626
60,35,150000000000,200000000000,0.173535
60,35,200000000000,250000000000,0.000953
60,35,250000000000,300000000000,0.000013
60,35,300000000000,550000000000,0.000000
60,35,550000000000,600000000000,0.000007
36,37,0,50000000000,0.000040
36,37,50000000000,100000000000,0.087559
36,37,100000000000,150000000000,0.000000
36,37,150000000000,200000000000,0.000007
36,37,200000000000,250000000000,0.002139
36,37,250000000000,300000000000,0.002004
36,37,300000000000,350000000000,0.000013
36,37,350000000000,400000000000,0.000000
36,37,400000000000,500000000000,0.000007
36,37,500000000000,600000000000,0.000013
37,36,0,50000000000,0.000040
37,36,50000000000,100000000000,0.002005
37,36,100000000000,150000000000,0.000000
37,36,150000000000,200000000000,0.000007
37,36,200000000000,250000000000,0.083140
37,36,250000000000,300000000000,0.085960
37,36,300000000000,350000000000,0.040027
37,36,350000000000,400000000000,0.000048
37,36,400000000000,500000000000,0.000007
37,36,500000000000,600000000000,0.000013
36,61,0,50000000000,0.000013
36,61,50000000000,100000000000,0.002240
36,61,100000000000,150000000000,0.000007
36,61,150000000000,200000000000,0.000000
36,61,200000000000,250000000000,0.077780
36,61,250000000000,300000000000,0.000002
36,61,300000000000,350000000000,0.000000
36,61,350000000000,450000000000,0.000027
36,61,450000000000,500000000000,0.000013
36,61,500000000000,600000000000,0.000000
61,36,0,50000000000,0.000013
61,36,50000000000,100000000000,0.087195
61,36,100000000000,150000000000,0.000007
61,36,150000000000,200000000000,0.000000
61,36,200000000000,250000000000,0.050162
61,36,250000000000,350000000000,0.000000
61,36,350000000000,450000000000,0.000027
61,36,450000000000,500000000000,0.000013
61,36,500000000000,600000000000,0.000000
37,38,0,50000000000,0.000040
37,38,50000000000,100000000000,0.087566
37,38,100000000000,150000000000,0.000000
37,38,150000000000,200000000000,0.000013
37,38,200000000000,250000000000,0.002139
37,38,250000000000,300000000000,0.001990
37,38,300000000000,350000000000,0.000013
37,38,350000000000,400000000000,0.000000
37,38,400000000000,500000000000,0.000007
37,38,500000000000,600000000000,0.000000
38,37,0,50000000000,0.000040
38,37,50000000000,100000000000,0.002012
38,37,100000000000,150000000000,0.000000
38,37,150000000000,200000000000,0.000013
38,37,200000000000,250000000000,0.083140
38,37,250000000000,300000000000,0.085947
38,37,300000000000,350000000000,0.040054
38,37,350000000000,400000000000,0.000020
38,37,400000000000,500000000000,0.000007
38,37,500000000000,600000000000,0.000000
37,62,0,50000000000,0.000000
37,62,50000000000,100000000000,0.000007
37,62,100000000000,150000000000,0.050004
37,62,150000000000,200000000000,0.002403
37,62,200000000000,250000000000,0.000027
37,62,250000000000,450000000000,0.000000
37,62,450000000000,500000000000,0.000013
37,62,500000000000,600000000000,0.000000
62,37,0,50000000000,0.000000
62,37,50000000000,100000000000,0.000007
62,37,100000000000,150000000000,0.086458
62,37,150000000000,200000000000,0.090539
62,37,200000000000,250000000000,0.000027
62,37,250000000000,450000000000,0.000000
62,37,450000000000,500000000000,0.000013
62,37,500000000000,600000000000,0.000000
38,39,0,50000000000,0.083688
38,39,50000000000,100000000000,0.087566
38,39,100000000000,150000000000,0.000000
38,39,150000000000,200000000000,0.000013
38,39,200000000000,250000000000,0.002139
38,39,250000000000,400000000000,0.000000
38,39,400000000000,500000000000,0.000007
38,39,500000000000,600000000000,0.000000
39,38,0,50000000000,0.001771
39,38,50000000000,100000000000,0.002012
39,38,100000000000,150000000000,0.000000
39,38,150000000000,200000000000,0.000013
39,38,200000000000,250000000000,0.083140
39,38,250000000000,300000000000,0.000001
39,38,300000000000,400000000000,0.000000
39,38,400000000000,500000000000,0.000007
39,38,500000000000,600000000000,0.000000
38,63,0,50000000000,0.000013
38,63,50000000000,100000000000,0.000000
38,63,100000000000,150000000000,0.004167
38,63,150000000000,200000000000,0.090149
38,63,200000000000,350000000000,0.000000
38,63,350000000000,400000000000,0.000007
38,63,400000000000,600000000000,0.000000
63,38,0,50000000000,0.000013
63,38,50000000000,100000000000,0.000000
63,38,100000000000,150000000000,0.172531
63,38,150000000000,200000000000,0.088654
63,38,200000000000,350000000000,0.000000
63,38,350000000000,400000000000,0.000007
63,38,400000000000,600000000000,0.000000
39,40,0,50000000000,0.000013
39,40,50000000000,100000000000,0.001935
39,40,100000000000,150000000000,0.000000
39,40,150000000000,200000000000,0.000013
39,40,200000000000,250000000000,0.002139
39,40,250000000000,400000000000,0.000000
39,40,400000000000,500000000000,0.000007
39,40,500000000000,600000000000,0.000000
40,39,0,50000000000,0.000013
40,39,50000000000,100000000000,0.086543
40,39,100000000000,150000000000,0.000000
40,39,150000000000,200000000000,0.000013
40,39,200000000000,250000000000,0.083140
40,39,250000000000,300000000000,0.000001
40,39,300000000000,400000000000,0.000000
40,39,400000000000,500000000000,0.000007
40,39,500000000000,600000000000,0.000000
39,64,0,600000000000,0.000000
64,39,0,600000000000,0.000000
40,41,0,50000000000,0.000013
40,41,50000000000,100000000000,0.001935
40,41,100000000000,200000000000,0.000000
40,41,200000000000,250000000000,0.002139
40,41,250000000000,400000000000,0.000000
40,41,400000000000,500000000000,0.000007
40,41,500000000000,600000000000,0.000000
41,40,0,50000000000,0.000013
41,40,50000000000,100000000000,0.086543
41,40,100000000000,200000000000,0.000000
41,40,200000000000,250000000000,0.083140
41,40,250000000000,300000000000,0.000001
41,40,300000000000,400000000000,0.000000
41,40,400000000000,500000000000,0.000007
41,40,500000000000,600000000000,0.000000
40,65,0,100000000000,0.000000
40,65,100000000000,150000000000,0.001943
40,65,150000000000,600000000000,0.000000
65,40,0,100000000000,0.000000
65,40,100000000000,150000000000,0.085359
65,40,150000000000,600000000000,0.000000
41,42,0,200000000000,0.000000
41,42,200000000000,250000000000,0.002139
41,42,250000000000,400000000000,0.000000
41,42,400000000000,500000000000,0.000007
41,42,500000000000,600000000000,0.000000
42,41,0,200000000000,0.000000
42,41,200000000000,250000000000,0.083140
42,41,250000000000,400000000000,0.000000
42,41,400000000000,500000000000,0.000007
42,41,500000000000,600000000000,0.000000
41,66,0,600000000000,0.000000
66,41,0,600000000000,0.000000
42,43,0,200000000000,0.000000
42,43,200000000000,250000000000,0.002139
42,43,250000000000,400000000000,0.000000
42,43,400000000000,500000000000,0.000007
42,43,500000000000,600000000000,0.000000
43,42,0,200000000000,0.000000
43,42,200000000000,250000000000,0.083140
43,42,250000000000,400000000000,0.000000
43,42,400000000000,500000000000,0.000007
43,42,500000000000,600000000000,0.000000
42,67,0,600000000000,0.000000
67,42,0,600000000000,0.000000
43,44,0,200000000000,0.000000
43,44,200000000000,250000000000,0.002139
43,44,250000000000,600000000000,0.000000
44,43,0,200000000000,0.000000
44,43,200000000000,250000000000,0.083140
44,43,250000000000,600000000000,0.000000
43,68,0,600000000000,0.000000
68,43,0,600000000000,0.000000
44,45,0,600000000000,0.000000
45,44,0,600000000000,0.000000
44,69,0,600000000000,0.000000
69,44,0,600000000000,0.000000
45,46,0,600000000000,0.000000
46,45,0,600000000000,0.000000
45,70,0,600000000000,0.000000
70,45,0,600000000000,0.000000
46,47,0,600000000000,0.000000
47,46,0,600000000000,0.000000
46,71,0,350000000000,0.000000
46,71,350000000000,550000000000,0.000013
46,71,550000000000,600000000000,0.000007
71,46,0,350000000000,0.000000
71,46,350000000000,550000000000,0.000013
71,46,550000000000,600000000000,0.000007
47,48,0,600000000000,0.000000
48,47,0,600000000000,0.000000
47,72,0,150000000000,0.000000
47,72,150000000000,200000000000,0.000013
47,72,200000000000,350000000000,0.000007
47,72,350000000000,600000000000,0.000000
72,47,0,150000000000,0.000000
72,47,150000000000,200000000000,0.000013
72,47,200000000000,350000000000,0.000007
72,47,350000000000,600000000000,0.000000
48,49,0,600000000000,0.000000
49,48,0,600000000000,0.000000
48,73,0,50000000000,0.088683
48,73,50000000000,100000000000,0.000007
48,73,100000000000,150000000000,0.000013
48,73,150000000000,600000000000,0.000000
73,48,0,50000000000,0.090890
73,48,50000000000,100000000000,0.000007
73,48,100000000000,150000000000,0.000013
73,48,150000000000,600000000000,0.000000
25,49,0,600000000000,0.000000
49,25,0,600000000000,0.000000
49,74,0,600000000000,0.000000
74,49,0,600000000000,0.000000
50,51,0,200000000000,0.000000
50,51,200000000000,250000000000,0.086874
50,51,250000000000,600000000000,0.000000
51,50,0,200000000000,0.000000
51,50,200000000000,250000000000,0.002185
51,50,250000000000,600000000000,0.000000
50,75,0,150000000000,0.000000
50,75,150000000000,200000000000,0.086369
50,75,200000000000,250000000000,0.000000
50,75,250000000000,300000000000,0.072440
50,75,300000000000,600000000000,0.000000
75,50,0,150000000000,0.000000
75,50,150000000000,200000000000,0.002101
75,50,200000000000,250000000000,0.000000
75,50,250000000000,300000000000,0.001681
75,50,300000000000,600000000000,0.000000
51,52,0,200000000000,0.000000
51,52,200000000000,250000000000,0.086874
51,52,250000000000,600000000000,0.000000
52,51,0,50000000000,0.039965
52,51,50000000000,100000000000,0.008099
52,51,100000000000,200000000000,0.000000
52,51,200000000000,250000000000,0.002185
52,51,250000000000,600000000000,0.000000
51,76,0,50000000000,0.039941
51,76,50000000000,100000000000,0.008123
51,76,100000000000,600000000000,0.000000
76,51,0,600000000000,0.000000
52,53,0,200000000000,0.000000
52,53,200000000000,250000000000,0.086874
52,53,250000000000,600000000000,0.000000
53,52,0,50000000000,0.039989
53,52,50000000000,100000000000,0.008075
53,52,100000000000,200000000000,0.000000
53,52,200000000000,250000000000,0.002185
53,52,250000000000,600000000000,0.000000
52,77,0,600000000000,0.000000
77,52,0,600000000000,0.000000
53,54,0,200000000000,0.000000
53,54,200000000000,250000000000,0.086874
53,54,250000000000,500000000000,0.000000
53,54,500000000000,600000000000,0.000013
54,53,0,50000000000,0.040013
54,53,50000000000,100000000000,0.008051
54,53,100000000000,200000000000,0.000000
54,53,200000000000,250000000000,0.002185
54,53,250000000000,500000000000,0.000000
54,53,500000000000,600000000000,0.000013
53,78,0,600000000000,0.000000
78,53,0,600000000000,0.000000
54,55,0,200000000000,0.000000
54,55,200000000000,250000000000,0.086529
54,55,250000000000,400000000000,0.000013
54,55,400000000000,500000000000,0.000007
54,55,500000000000,550000000000,0.000020
54,55,550000000000,600000000000,0.000027
55,54,0,50000000000,0.040037
55,54,50000000000,100000000000,0.008027
55,54,100000000000,200000000000,0.000000
55,54,200000000000,250000000000,0.041685
55,54,250000000000,400000000000,0.000013
55,54,400000000000,500000000000,0.000007
55,54,500000000000,550000000000,0.000020
55,54,550000000000,600000000000,0.000027
54,79,0,250000000000,0.000000
54,79,250000000000,300000000000,0.008027
54,79,300000000000,400000000000,0.000000
54,79,400000000000,450000000000,0.000007
54,79,450000000000,500000000000,0.000013
54,79,500000000000,550000000000,0.000007
54,79,550000000000,600000000000,0.000000
79,54,0,400000000000,0.000000
79,54,400000000000,450000000000,0.000007
79,54,450000000000,500000000000,0.000013
79,54,500000000000,550000000000,0.000007
79,54,550000000000,600000000000,0.000000
55,56,0,100000000000,0.000013
55,56,100000000000,150000000000,0.048053
55,56,150000000000,200000000000,0.000007
55,56,200000000000,250000000000,0.086536
55,56,250000000000,350000000000,0.000020
55,56,350000000000,400000000000,0.000013
55,56,400000000000,550000000000,0.000007
55,56,550000000000,600000000000,0.000020
56,55,0,150000000000,0.000013
56,55,150000000000,200000000000,0.000007
56,55,200000000000,250000000000,0.041716
56,55,250000000000,350000000000,0.000020
56,55,350000000000,400000000000,0.000013
56,55,400000000000,550000000000,0.000007
56,55,550000000000,600000000000,0.000020
55,80,0,150000000000,0.000000
55,80,150000000000,200000000000,0.000007
55,80,200000000000,250000000000,0.085595
55,80,250000000000,300000000000,0.000031
55,80,300000000000,350000000000,0.000007
55,80,350000000000,500000000000,0.000000
55,80,500000000000,550000000000,0.000013
55,80,550000000000,600000000000,0.000020
80,55,0,150000000000,0.000000
80,55,150000000000,200000000000,0.000007
80,55,200000000000,250000000000,0.001977
80,55,250000000000,350000000000,0.000007
80,55,350000000000,500000000000,0.000000
80,55,500000000000,550000000000,0.000013
80,55,550000000000,600000000000,0.000020
56,57,0,50000000000,0.086579
56,57,50000000000,100000000000,0.000027
56,57,100000000000,150000000000,0.048077
56,57,150000000000,200000000000,0.000007
56,57,200000000000,250000000000,0.086536
56,57,250000000000,400000000000,0.000007
56,57,400000000000,450000000000,0.000000
56,57,450000000000,550000000000,0.000007
56,57,550000000000,600000000000,0.000020
57,56,0,50000000000,0.002155
57,56,50000000000,100000000000,0.000027
57,56,100000000000,150000000000,0.000013
57,56,150000000000,200000000000,0.000007
57,56,200000000000,250000000000,0.041740
57,56,250000000000,400000000000,0.000007
57,56,400000000000,450000000000,0.000000
57,56,450000000000,550000000000,0.000007
57,56,550000000000,600000000000,0.000020
56,81,0,50000000000,0.000000
56,81,50000000000,100000000000,0.002529
56,81,100000000000,200000000000,0.000000
56,81,200000000000,250000000000,0.000007
56,81,250000000000,300000000000,0.000037
56,81,300000000000,350000000000,0.000013
56,81,350000000000,450000000000,0.000007
56,81,450000000000,600000000000,0.000000
81,56,0,50000000000,0.000000
81,56,50000000000,100000000000,0.127305
81,56,100000000000,200000000000,0.000000
81,56,200000000000,250000000000,0.000007
81,56,250000000000,350000000000,0.000013
81,56,350000000000,450000000000,0.000007
81,56,450000000000,600000000000,0.000000
57,58,0,50000000000,0.086573
57,58,50000000000,100000000000,0.000013
57,58,100000000000,150000000000,0.048071
57,58,150000000000,200000000000,0.000000
57,58,200000000000,250000000000,0.086529
57,58,250000000000,400000000000,0.000007
57,58,400000000000,450000000000,0.000000
57,58,450000000000,550000000000,0.000007
57,58,550000000000,600000000000,0.000020
58,57,0,50000000000,0.002149
58,57,50000000000,100000000000,0.000013
58,57,100000000000,150000000000,0.000007
58,57,150000000000,200000000000,0.000000
58,57,200000000000,250000000000,0.041758
58,57,250000000000,300000000000,0.000030
58,57,300000000000,400000000000,0.000007
58,57,400000000000,450000000000,0.000000
58,57,450000000000,550000000000,0.000007
58,57,550000000000,600000000000,0.000020
57,82,0,50000000000,0.001341
57,82,50000000000,100000000000,0.000020
57,82,100000000000,250000000000,0.000007
57,82,250000000000,300000000000,0.170996
57,82,300000000000,500000000000,0.000000
57,82,500000000000,600000000000,0.000007
82,57,0,50000000000,0.046671
82,57,50000000000,100000000000,0.000410
82,57,100000000000,250000000000,0.000007
82,57,250000000000,300000000000,0.003980
82,57,300000000000,500000000000,0.000000
82,57,500000000000,600000000000,0.000007
58,59,0,50000000000,0.086573
58,59,50000000000,100000000000,0.000013
58,59,100000000000,150000000000,0.048071
58,59,150000000000,200000000000,0.000000
58,59,200000000000,250000000000,0.086529
58,59,250000000000,400000000000,0.000007
58,59,400000000000,600000000000,0.000000
59,58,0,50000000000,0.002149
59,58,50000000000,100000000000,0.000013
59,58,100000000000,150000000000,0.000007
59,58,150000000000,200000000000,0.000000
59,58,200000000000,250000000000,0.041799
59,58,250000000000,300000000000,0.000014
59,58,300000000000,400000000000,0.000007
59,58,400000000000,600000000000,0.000000
58,83,0,50000000000,0.000000
58,83,50000000000,100000000000,0.048064
58,83,100000000000,150000000000,0.000007
58,83,150000000000,250000000000,0.000000
58,83,250000000000,300000000000,0.000031
58,83,300000000000,450000000000,0.000007
58,83,450000000000,500000000000,0.048124
58,83,500000000000,550000000000,0.000074
58,83,550000000000,600000000000,0.000047
83,58,0,50000000000,0.000000
83,58,50000000000,100000000000,0.048064
83,58,100000000000,150000000000,0.000007
83,58,150000000000,250000000000,0.000000
83,58,250000000000,300000000000,0.000007
83,58,300000000000,350000000000,0.048071
83,58,350000000000,450000000000,0.000007
83,58,450000000000,500000000000,0.048124
83,58,500000000000,550000000000,0.000074
83,58,550000000000,600000000000,0.000047
59,60,0,50000000000,0.086573
59,60,50000000000,100000000000,0.000013
59,60,100000000000,150000000000,0.048071
59,60,150000000000,200000000000,0.000000
59,60,200000000000,250000000000,0.086529
59,60,250000000000,300000000000,0.002058
59,60,300000000000,350000000000,0.000000
59,60,350000000000,400000000000,0.000020
59,60,400000000000,450000000000,0.000007
59,60,450000000000,550000000000,0.000000
59,60,550000000000,600000000000,0.000007
60,59,0,50000000000,0.002149
60,59,50000000000,100000000000,0.000013
60,59,100000000000,150000000000,0.000007
60,59,150000000000,200000000000,0.000000
60,59,200000000000,250000000000,0.041830
60,59,250000000000,300000000000,0.086646
60,59,300000000000,350000000000,0.000000
60,59,350000000000,400000000000,0.000020
60,59,400000000000,450000000000,0.000007
60,59,450000000000,550000000000,0.000000
60,59,550000000000,600000000000,0.000007
59,84,0,50000000000,0.000000
59,84,50000000000,100000000000,0.085389
59,84,100000000000,150000000000,0.000007
59,84,150000000000,250000000000,0.000000
59,84,250000000000,300000000000,0.088634
59,84,300000000000,350000000000,0.000060
59,84,350000000000,400000000000,0.000040
59,84,400000000000,450000000000,0.000047
59,84,450000000000,500000000000,0.000007
59,84,500000000000,600000000000,0.000000
84,59,0,50000000000,0.000000
84,59,50000000000,100000000000,0.001974
84,59,100000000000,150000000000,0.000007
84,59,150000000000,250000000000,0.000000
84,59,250000000000,300000000000,0.087397
84,59,300000000000,350000000000,0.048124
84,59,350000000000,400000000000,0.048080
84,59,400000000000,450000000000,0.008218
84,59,450000000000,500000000000,0.000007
84,59,500000000000,600000000000,0.000000
60,61,0,50000000000,0.086552
60,61,50000000000,100000000000,0.039821
60,61,100000000000,150000000000,0.000254
60,61,150000000000,200000000000,0.000007
60,61,200000000000,250000000000,0.086208
60,61,250000000000,300000000000,0.002058
60,61,300000000000,350000000000,0.000000
60,61,350000000000,400000000000,0.000020
60,61,400000000000,450000000000,0.000007
60,61,450000000000,550000000000,0.000000
60,61,550000000000,600000000000,0.000013
61,60,0,50000000000,0.002128
61,60,50000000000,100000000000,0.000000
61,60,100000000000,150000000000,0.000013
61,60,150000000000,200000000000,0.000007
61,60,200000000000,250000000000,0.002247
61,60,250000000000,300000000000,0.086622
61,60,300000000000,350000000000,0.000000
61,60,350000000000,400000000000,0.000020
61,60,400000000000,450000000000,0.000007
61,60,450000000000,550000000000,0.000000
61,60,550000000000,600000000000,0.000013
60,85,0,50000000000,0.134043
60,85,50000000000,100000000000,0.050110
60,85,100000000000,150000000000,0.002206
60,85,150000000000,200000000000,0.093127
60,85,200000000000,250000000000,0.137051
60,85,250000000000,300000000000,0.000013
60,85,300000000000,550000000000,0.000000
60,85,550000000000,600000000000,0.000013
85,60,0,50000000000,0.002108
85,60,50000000000,100000000000,0.087599
85,60,100000000000,150000000000,0.084826
85,60,150000000000,200000000000,0.173542
85,60,200000000000,250000000000,0.089290
85,60,250000000000,300000000000,0.000013
85,60,300000000000,550000000000,0.000000
85,60,550000000000,600000000000,0.000013
61,62,0,50000000000,0.086552
61,62,50000000000,100000000000,0.039797
61,62,100000000000,150000000000,0.000285
61,62,150000000000,200000000000,0.000007
61,62,200000000000,250000000000,0.000000
61,62,250000000000,300000000000,0.002058
61,62,300000000000,350000000000,0.000000
61,62,350000000000,400000000000,0.000020
61,62,400000000000,450000000000,0.000007
61,62,450000000000,550000000000,0.000000
61,62,550000000000,600000000000,0.000013
62,61,0,50000000000,0.002128
62,61,50000000000,100000000000,0.000000
62,61,100000000000,150000000000,0.000020
62,61,150000000000,200000000000,0.000007
62,61,200000000000,250000000000,0.000000
62,61,250000000000,300000000000,0.086529
62,61,300000000000,350000000000,0.000000
62,61,350000000000,400000000000,0.000020
62,61,400000000000,450000000000,0.000007
62,61,450000000000,550000000000,0.000000
62,61,550000000000,600000000000,0.000013
61,86,0,50000000000,0.000013
61,86,50000000000,100000000000,0.002240
61,86,100000000000,350000000000,0.000000
61,86,350000000000,450000000000,0.000027
61,86,450000000000,500000000000,0.000013
61,86,500000000000,600000000000,0.000000
86,61,0,50000000000,0.000013
86,61,50000000000,100000000000,0.087195
86,61,100000000000,200000000000,0.000000
86,61,200000000000,250000000000,0.048064
86,61,250000000000,350000000000,0.000000
86,61,350000000000,450000000000,0.000027
86,61,450000000000,500000000000,0.000013
86,61,500000000000,600000000000,0.000000
62,63,0,50000000000,0.086552
62,63,50000000000,100000000000,0.039773
62,63,100000000000,150000000000,0.048180
62,63,150000000000,200000000000,0.000007
62,63,200000000000,250000000000,0.000000
62,63,250000000000,300000000000,0.002058
62,63,300000000000,350000000000,0.000000
62,63,350000000000,400000000000,0.000020
62,63,400000000000,500000000000,0.000007
62,63,500000000000,550000000000,0.000000
62,63,550000000000,600000000000,0.000013
63,62,0,50000000000,0.002128
63,62,50000000000,100000000000,0.000000
63,62,100000000000,150000000000,0.000020
63,62,150000000000,200000000000,0.000007
63,62,200000000000,250000000000,0.000000
63,62,250000000000,300000000000,0.086529
63,62,300000000000,350000000000,0.000000
63,62,350000000000,400000000000,0.000020
63,62,400000000000,500000000000,0.000007
63,62,500000000000,550000000000,0.000000
63,62,550000000000,600000000000,0.000013
62,87,0,50000000000,0.000000
62,87,50000000000,100000000000,0.000007
62,87,100000000000,150000000000,0.002132
62,87,150000000000,200000000000,0.002403
62,87,200000000000,250000000000,0.000027
62,87,250000000000,450000000000,0.000000
62,87,450000000000,500000000000,0.000007
62,87,500000000000,600000000000,0.000000
87,62,0,50000000000,0.000000
87,62,50000000000,100000000000,0.000007
87,62,100000000000,150000000000,0.086458
87,62,150000000000,200000000000,0.090539
87,62,200000000000,250000000000,0.000027
87,62,250000000000,450000000000,0.000000
87,62,450000000000,500000000000,0.000007
87,62,500000000000,600000000000,0.000000
63,64,0,50000000000,0.086552
63,64,50000000000,100000000000,0.039729
63,64,100000000000,150000000000,0.048224
63,64,150000000000,200000000000,0.000007
63,64,200000000000,250000000000,0.000000
63,64,250000000000,300000000000,0.002058
63,64,300000000000,350000000000,0.000000
63,64,350000000000,400000000000,0.000020
63,64,400000000000,500000000000,0.000007
63,64,500000000000,600000000000,0.000000
64,63,0,50000000000,0.002128
64,63,50000000000,100000000000,0.000000
64,63,100000000000,150000000000,0.000020
64,63,150000000000,200000000000,0.000007
64,63,200000000000,250000000000,0.000000
64,63,250000000000,300000000000,0.086529
64,63,300000000000,350000000000,0.000000
64,63,350000000000,400000000000,0.000020
64,63,400000000000,500000000000,0.000007
64,63,500000000000,600000000000,0.000000
63,88,0,50000000000,0.000013
63,88,50000000000,100000000000,0.000000
63,88,100000000000,150000000000,0.004167
63,88,150000000000,200000000000,0.090149
63,88,200000000000,350000000000,0.000000
63,88,350000000000,400000000000,0.000007
63,88,400000000000,600000000000,0.000000
88,63,0,50000000000,0.000013
88,63,50000000000,100000000000,0.000000
88,63,100000000000,150000000000,0.172531
88,63,150000000000,200000000000,0.088654
88,63,200000000000,350000000000,0.000000
88,63,350000000000,400000000000,0.000007
88,63,400000000000,600000000000,0.000000
64,65,0,50000000000,0.000000
64,65,50000000000,100000000000,0.039701
64,65,100000000000,150000000000,0.056255
64,65,150000000000,200000000000,0.000007
64,65,200000000000,350000000000,0.000000
64,65,350000000000,500000000000,0.000007
64,65,500000000000,600000000000,0.000000
65,64,0,100000000000,0.000000
65,64,100000000000,150000000000,0.000020
65,64,150000000000,200000000000,0.000007
65,64,200000000000,350000000000,0.000000
65,64,350000000000,500000000000,0.000007
65,64,500000000000,600000000000,0.000000
64,89,0,600000000000,0.000000
89,64,0,100000000000,0.000000
89,64,100000000000,150000000000,0.008003
89,64,150000000000,600000000000,0.000000
65,66,0,100000000000,0.000000
65,66,100000000000,200000000000,0.000007
65,66,200000000000,350000000000,0.000000
65,66,350000000000,500000000000,0.000007
65,66,500000000000,600000000000,0.000000
66,65,0,100000000000,0.000000
66,65,100000000000,200000000000,0.000007
66,65,200000000000,350000000000,0.000000
66,65,350000000000,500000000000,0.000007
66,65,500000000000,600000000000,0.000000
65,90,0,600000000000,0.000000
90,65,0,600000000000,0.000000
66,67,0,100000000000,0.000000
66,67,100000000000,200000000000,0.000007
66,67,200000000000,350000000000,0.000000
66,67,350000000000,500000000000,0.000007
66,67,500000000000,600000000000,0.000000
67,66,0,100000000000,0.000000
67,66,100000000000,200000000000,0.000007
67,66,200000000000,350000000000,0.000000
67,66,350000000000,500000000000,0.000007
67,66,500000000000,600000000000,0.000000
66,91,0,600000000000,0.000000
91,66,0,600000000000,0.000000
67,68,0,100000000000,0.000000
67,68,100000000000,200000000000,0.000007
67,68,200000000000,350000000000,0.000000
67,68,350000000000,500000000000,0.000007
67,68,500000000000,600000000000,0.000000
68,67,0,100000000000,0.000000
68,67,100000000000,200000000000,0.000007
68,67,200000000000,350000000000,0.000000
68,67,350000000000,500000000000,0.000007
68,67,500000000000,600000000000,0.000000
67,92,0,600000000000,0.000000
92,67,0,600000000000,0.000000
68,69,0,100000000000,0.000000
68,69,100000000000,200000000000,0.000007
68,69,200000000000,350000000000,0.000000
68,69,350000000000,450000000000,0.000007
68,69,450000000000,600000000000,0.000000
69,68,0,100000000000,0.000000
69,68,100000000000,200000000000,0.000007
69,68,200000000000,350000000000,0.000000
69,68,350000000000,450000000000,0.000007
69,68,450000000000,600000000000,0.000000
68,93,0,450000000000,0.000000
68,93,450000000000,500000000000,0.000007
68,93,500000000000,600000000000,0.000000
93,68,0,450000000000,0.000000
93,68,450000000000,500000000000,0.000007
93,68,500000000000,600000000000,0.000000
69,70,0,100000000000,0.000000
69,70,100000000000,200000000000,0.000007
69,70,200000000000,350000000000,0.000000
69,70,350000000000,450000000000,0.000007
69,70,450000000000,600000000000,0.000000
70,69,0,100000000000,0.000000
70,69,100000000000,200000000000,0.000007
70,69,200000000000,350000000000,0.000000
70,69,350000000000,450000000000,0.000007
70,69,450000000000,600000000000,0.000000
69,94,0,600000000000,0.000000
94,69,0,600000000000,0.000000
70,71,0,100000000000,0.000000
70,71,100000000000,200000000000,0.000007
70,71,200000000000,350000000000,0.000000
70,71,350000000000,450000000000,0.000007
70,71,450000000000,600000000000,0.000000
71,70,0,100000000000,0.000000
71,70,100000000000,200000000000,0.000007
71,70,200000000000,350000000000,0.000000
71,70,350000000000,450000000000,0.000007
71,70,450000000000,600000000000,0.000000
70,95,0,600000000000,0.000000
95,70,0,600000000000,0.000000
71,72,0,100000000000,0.000000
71,72,100000000000,200000000000,0.000007
71,72,200000000000,600000000000,0.000000
72,71,0,100000000000,0.000000
72,71,100000000000,200000000000,0.000007
72,71,200000000000,600000000000,0.000000
71,96,0,350000000000,0.000000
71,96,350000000000,450000000000,0.000007
71,96,450000000000,550000000000,0.000013
71,96,550000000000,600000000000,0.000007
96,71,0,350000000000,0.000000
96,71,350000000000,450000000000,0.000007
96,71,450000000000,550000000000,0.000013
96,71,550000000000,600000000000,0.000007
72,73,0,100000000000,0.000000
72,73,100000000000,150000000000,0.000007
72,73,150000000000,600000000000,0.000000
73,72,0,100000000000,0.000000
73,72,100000000000,150000000000,0.000007
73,72,150000000000,600000000000,0.000000
72,97,0,150000000000,0.000000
72,97,150000000000,350000000000,0.000007
72,97,350000000000,600000000000,0.000000
97,72,0,150000000000,0.000000
97,72,150000000000,350000000000,0.000007
97,72,350000000000,600000000000,0.000000
73,74,0,600000000000,0.000000
74,73,0,600000000000,0.000000
73,98,0,50000000000,0.088683
73,98,50000000000,150000000000,0.000007
73,98,150000000000,600000000000,0.000000
98,73,0,50000000000,0.090890
98,73,50000000000,150000000000,0.000007
98,73,150000000000,600000000000,0.000000
50,74,0,600000000000,0.000000
74,50,0,600000000000,0.000000
74,99,0,600000000000,0.000000
99,74,0,600000000000,0.000000
75,76,0,150000000000,0.000000
75,76,150000000000,200000000000,0.086369
75,76,200000000000,600000000000,0.000000
76,75,0,150000000000,0.000000
76,75,150000000000,200000000000,0.002101
76,75,200000000000,600000000000,0.000000
75,100,0,250000000000,0.000000
75,100,250000000000,300000000000,0.072440
75,100,300000000000,600000000000,0.000000
100,75,0,250000000000,0.000000
100,75,250000000000,300000000000,0.001681
100,75,300000000000,600000000000,0.000000
76,77,0,150000000000,0.000000
76,77,150000000000,200000000000,0.086369
76,77,200000000000,600000000000,0.000000
77,76,0,150000000000,0.000000
77,76,150000000000,200000000000,0.002101
77,76,200000000000,600000000000,0.000000
76,101,0,50000000000,0.039917
76,101,50000000000,100000000000,0.008147
76,101,100000000000,600000000000,0.000000
101,76,0,600000000000,0.000000
77,78,0,150000000000,0.000000
77,78,150000000000,200000000000,0.086369
77,78,200000000000,250000000000,0.000000
77,78,250000000000,300000000000,0.002258
77,78,300000000000,350000000000,0.048064
77,78,350000000000,400000000000,0.000000
77,78,400000000000,450000000000,0.056067
77,78,450000000000,600000000000,0.000000
78,77,0,150000000000,0.000000
78,77,150000000000,200000000000,0.002101
78,77,200000000000,250000000000,0.000000
78,77,250000000000,300000000000,0.087287
78,77,300000000000,600000000000,0.000000
77,102,0,350000000000,0.000000
77,102,350000000000,400000000000,0.040045
77,102,400000000000,450000000000,0.000016
77,102,450000000000,600000000000,0.000000
102,77,0,600000000000,0.000000
78,79,0,250000000000,0.000000
78,79,250000000000,300000000000,0.002258
78,79,300000000000,350000000000,0.048064
78,79,350000000000,400000000000,0.000000
78,79,400000000000,450000000000,0.096133
78,79,450000000000,500000000000,0.008025
78,79,500000000000,550000000000,0.000013
78,79,550000000000,600000000000,0.000000
79,78,0,250000000000,0.000000
79,78,250000000000,300000000000,0.095818
79,78,300000000000,400000000000,0.000000
79,78,400000000000,550000000000,0.000013
79,78,550000000000,600000000000,0.000000
78,103,0,600000000000,0.000000
103,78,0,600000000000,0.000000
79,80,0,150000000000,0.000000
79,80,150000000000,200000000000,0.086795
79,80,200000000000,250000000000,0.001984
79,80,250000000000,300000000000,0.004111
79,80,300000000000,350000000000,0.048071
79,80,350000000000,400000000000,0.000000
79,80,400000000000,450000000000,0.096087
79,80,450000000000,500000000000,0.008057
79,80,500000000000,550000000000,0.000007
79,80,550000000000,600000000000,0.000000
80,79,0,150000000000,0.000000
80,79,150000000000,200000000000,0.002357
80,79,200000000000,250000000000,0.085602
80,79,250000000000,300000000000,0.172407
80,79,300000000000,350000000000,0.000007
80,79,350000000000,400000000000,0.000000
80,79,400000000000,550000000000,0.000007
80,79,550000000000,600000000000,0.000000
79,104,0,300000000000,0.000000
79,104,300000000000,350000000000,0.000007
79,104,350000000000,450000000000,0.000000
79,104,450000000000,500000000000,0.000007
79,104,500000000000,600000000000,0.000000
104,79,0,300000000000,0.000000
104,79,300000000000,350000000000,0.000007
104,79,350000000000,450000000000,0.000000
104,79,450000000000,500000000000,0.000007
104,79,500000000000,600000000000,0.000000
80,81,0,150000000000,0.000000
80,81,150000000000,200000000000,0.086789
80,81,200000000000,250000000000,0.000007
80,81,250000000000,300000000000,0.004104
80,81,300000000000,350000000000,0.048064
80,81,350000000000,400000000000,0.000000
80,81,400000000000,450000000000,0.096063
80,81,450000000000,500000000000,0.008081
80,81,500000000000,550000000000,0.000007
80,81,550000000000,600000000000,0.000000
81,80,0,150000000000,0.000000
81,80,150000000000,200000000000,0.002350
81,80,200000000000,250000000000,0.000007
81,80,250000000000,300000000000,0.172376
81,80,300000000000,400000000000,0.000000
81,80,400000000000,550000000000,0.000007
81,80,550000000000,600000000000,0.000000
80,105,0,500000000000,0.000000
80,105,500000000000,550000000000,0.000013
80,105,550000000000,600000000000,0.000020
105,80,0,500000000000,0.000000
105,80,500000000000,550000000000,0.000013
105,80,550000000000,600000000000,0.000020
81,82,0,150000000000,0.000000
81,82,150000000000,200000000000,0.086789
81,82,200000000000,250000000000,0.000007
81,82,250000000000,300000000000,0.004104
81,82,300000000000,350000000000,0.048064
81,82,350000000000,400000000000,0.000000
81,82,400000000000,450000000000,0.096039
81,82,450000000000,500000000000,0.008105
81,82,500000000000,550000000000,0.000007
81,82,550000000000,600000000000,0.000000
82,81,0,150000000000,0.000000
82,81,150000000000,200000000000,0.002350
82,81,200000000000,250000000000,0.000007
82,81,250000000000,300000000000,0.172352
82,81,300000000000,400000000000,0.000000
82,81,400000000000,550000000000,0.000007
82,81,550000000000,600000000000,0.000000
81,106,0,50000000000,0.000000
81,106,50000000000,100000000000,0.002529
81,106,100000000000,200000000000,0.000000
81,106,200000000000,250000000000,0.000007
81,106,250000000000,350000000000,0.000013
81,106,350000000000,450000000000,0.000007
81,106,450000000000,600000000000,0.000000
106,81,0,50000000000,0.000000
106,81,50000000000,100000000000,0.127305
106,81,100000000000,200000000000,0.000000
106,81,200000000000,250000000000,0.000007
106,81,250000000000,350000000000,0.000013
106,81,350000000000,450000000000,0.000007
106,81,450000000000,600000000000,0.000000
82,83,0,150000000000,0.000000
82,83,150000000000,200000000000,0.086789
82,83,200000000000,250000000000,0.000007
82,83,250000000000,300000000000,0.002265
82,83,300000000000,350000000000,0.048064
82,83,350000000000,400000000000,0.000000
82,83,400000000000,450000000000,0.096014
82,83,450000000000,500000000000,0.008130
82,83,500000000000,550000000000,0.000007
82,83,550000000000,600000000000,0.000000
83,82,0,150000000000,0.000000
83,82,150000000000,200000000000,0.002350
83,82,200000000000,250000000000,0.000007
83,82,250000000000,300000000000,0.087702
83,82,300000000000,400000000000,0.000000
83,82,400000000000,550000000000,0.000007
83,82,550000000000,600000000000,0.000000
82,107,0,50000000000,0.001337
82,107,50000000000,100000000000,0.000023
82,107,100000000000,250000000000,0.000007
82,107,250000000000,300000000000,0.086346
82,107,300000000000,500000000000,0.000000
82,107,500000000000,600000000000,0.000007
107,82,0,50000000000,0.046701
107,82,50000000000,100000000000,0.000381
107,82,100000000000,250000000000,0.000007
107,82,250000000000,300000000000,0.002141
107,82,300000000000,500000000000,0.000000
107,82,500000000000,600000000000,0.000007
83,84,0,150000000000,0.000000
83,84,150000000000,200000000000,0.086789
83,84,200000000000,250000000000,0.000007
83,84,250000000000,300000000000,0.002265
83,84,300000000000,350000000000,0.048064
83,84,350000000000,400000000000,0.000007
83,84,400000000000,450000000000,0.095990
83,84,450000000000,500000000000,0.008167
83,84,500000000000,550000000000,0.000007
83,84,550000000000,600000000000,0.000013
84,83,0,150000000000,0.000000
84,83,150000000000,200000000000,0.002350
84,83,200000000000,250000000000,0.000007
84,83,250000000000,300000000000,0.087678
84,83,300000000000,350000000000,0.000000
84,83,350000000000,450000000000,0.000007
84,83,450000000000,500000000000,0.000020
84,83,500000000000,550000000000,0.000007
84,83,550000000000,600000000000,0.000013
83,108,0,50000000000,0.000000
83,108,50000000000,100000000000,0.048064
83,108,100000000000,150000000000,0.000007
83,108,150000000000,250000000000,0.000000
83,108,250000000000,350000000000,0.000007
83,108,350000000000,400000000000,0.000013
83,108,400000000000,450000000000,0.000007
83,108,450000000000,500000000000,0.048098
83,108,500000000000,600000000000,0.000060
108,83,0,50000000000,0.000000
108,83,50000000000,100000000000,0.048064
108,83,100000000000,150000000000,0.000007
108,83,150000000000,250000000000,0.000000
108,83,250000000000,300000000000,0.000007
108,83,300000000000,350000000000,0.048071
108,83,350000000000,400000000000,0.000013
108,83,400000000000,450000000000,0.000007
108,83,450000000000,500000000000,0.048098
108,83,500000000000,600000000000,0.000060
84,85,0,150000000000,0.000000
84,85,150000000000,200000000000,0.086789
84,85,200000000000,250000000000,0.000013
84,85,250000000000,300000000000,0.000007
84,85,300000000000,350000000000,0.000020
84,85,350000000000,400000000000,0.000007
84,85,400000000000,450000000000,0.039908
84,85,450000000000,500000000000,0.008196
84,85,500000000000,550000000000,0.000007
84,85,550000000000,600000000000,0.000013
85,84,0,150000000000,0.000000
85,84,150000000000,200000000000,0.002350
85,84,200000000000,250000000000,0.000013
85,84,250000000000,300000000000,0.000007
85,84,300000000000,350000000000,0.000020
85,84,350000000000,400000000000,0.000007
85,84,400000000000,500000000000,0.000020
85,84,500000000000,550000000000,0.000007
85,84,550000000000,600000000000,0.000013
84,109,0,50000000000,0.000000
84,109,50000000000,100000000000,0.085389
84,109,100000000000,150000000000,0.000007
84,109,150000000000,200000000000,0.000000
84,109,200000000000,250000000000,0.000007
84,109,250000000000,300000000000,0.175509
84,109,300000000000,350000000000,0.000067
84,109,350000000000,400000000000,0.048104
84,109,400000000000,450000000000,0.048111
84,109,450000000000,500000000000,0.000007
84,109,500000000000,600000000000,0.000000
109,84,0,50000000000,0.000000
109,84,50000000000,100000000000,0.001974
109,84,100000000000,150000000000,0.000007
109,84,150000000000,200000000000,0.000000
109,84,200000000000,250000000000,0.000007
109,84,250000000000,300000000000,0.177186
109,84,300000000000,350000000000,0.000067
109,84,350000000000,400000000000,0.048080
109,84,400000000000,450000000000,0.000215
109,84,450000000000,500000000000,0.000007
109,84,500000000000,600000000000,0.000000
85,86,0,50000000000,0.002296
85,86,50000000000,100000000000,0.090919
85,86,100000000000,150000000000,0.000020
85,86,150000000000,200000000000,0.104165
85,86,200000000000,250000000000,0.065411
85,86,250000000000,300000000000,0.000007
85,86,300000000000,350000000000,0.000020
85,86,350000000000,400000000000,0.000007
85,86,400000000000,450000000000,0.039865
85,86,450000000000,500000000000,0.008239
85,86,500000000000,550000000000,0.000007
85,86,550000000000,600000000000,0.000013
86,85,0,50000000000,0.086277
86,85,50000000000,100000000000,0.003831
86,85,100000000000,150000000000,0.000020
86,85,150000000000,200000000000,0.002193
86,85,200000000000,250000000000,0.002523
86,85,250000000000,300000000000,0.000007
86,85,300000000000,350000000000,0.000020
86,85,350000000000,400000000000,0.000007
86,85,400000000000,500000000000,0.000020
86,85,500000000000,550000000000,0.000007
86,85,550000000000,600000000000,0.000013
85,110,0,50000000000,0.134304
85,110,50000000000,100000000000,0.053999
85,110,100000000000,150000000000,0.004302
85,110,150000000000,200000000000,0.092904
85,110,200000000000,250000000000,0.139599
85,110,250000000000,300000000000,0.000013
85,110,300000000000,550000000000,0.000000
85,110,550000000000,600000000000,0.000013
110,85,0,50000000000,0.002331
110,85,50000000000,100000000000,0.178504
110,85,100000000000,150000000000,0.169800
110,85,150000000000,200000000000,0.190996
110,85,200000000000,250000000000,0.154582
110,85,250000000000,300000000000,0.000013
110,85,300000000000,550000000000,0.000000
110,85,550000000000,600000000000,0.000013
86,87,0,50000000000,0.050359
86,87,50000000000,100000000000,0.090920
86,87,100000000000,150000000000,0.000020
86,87,150000000000,200000000000,0.104053
86,87,200000000000,250000000000,0.065522
86,87,250000000000,300000000000,0.000007
86,87,300000000000,350000000000,0.000020
86,87,350000000000,400000000000,0.000013
86,87,400000000000,450000000000,0.039848
86,87,450000000000,500000000000,0.008270
86,87,500000000000,550000000000,0.000020
86,87,550000000000,600000000000,0.000013
87,86,0,50000000000,0.086339
87,86,50000000000,100000000000,0.003770
87,86,100000000000,150000000000,0.000020
87,86,150000000000,200000000000,0.002200
87,86,200000000000,250000000000,0.050581
87,86,250000000000,300000000000,0.000007
87,86,300000000000,350000000000,0.000020
87,86,350000000000,400000000000,0.000013
87,86,400000000000,500000000000,0.000027
87,86,500000000000,550000000000,0.000020
87,86,550000000000,600000000000,0.000013
86,111,0,50000000000,0.000013
86,111,50000000000,100000000000,0.002240
86,111,100000000000,350000000000,0.000000
86,111,350000000000,500000000000,0.000020
86,111,500000000000,550000000000,0.000013
86,111,550000000000,600000000000,0.000000
111,86,0,50000000000,0.048077
111,86,50000000000,100000000000,0.087195
111,86,100000000000,350000000000,0.000000
111,86,350000000000,500000000000,0.000020
111,86,500000000000,550000000000,0.000013
111,86,550000000000,600000000000,0.000000
87,88,0,50000000000,0.050357
87,88,50000000000,100000000000,0.090922
87,88,100000000000,200000000000,0.000027
87,88,200000000000,250000000000,0.000013
87,88,250000000000,300000000000,0.000020
87,88,300000000000,350000000000,0.000027
87,88,350000000000,400000000000,0.048077
87,88,400000000000,450000000000,0.039824
87,88,450000000000,500000000000,0.008301
87,88,500000000000,550000000000,0.000020
87,88,550000000000,600000000000,0.000000
88,87,0,50000000000,0.086415
88,87,50000000000,100000000000,0.003693
88,87,100000000000,200000000000,0.000027
88,87,200000000000,250000000000,0.048077
88,87,250000000000,300000000000,0.000020
88,87,300000000000,350000000000,0.000027
88,87,350000000000,400000000000,0.000013
88,87,400000000000,450000000000,0.000027
88,87,450000000000,500000000000,0.000034
88,87,500000000000,550000000000,0.000020
88,87,550000000000,600000000000,0.000000
87,112,0,50000000000,0.000000
87,112,50000000000,100000000000,0.000007
87,112,100000000000,150000000000,0.002125
87,112,150000000000,200000000000,0.002397
87,112,200000000000,250000000000,0.000020
87,112,250000000000,300000000000,0.000013
87,112,300000000000,350000000000,0.000007
87,112,350000000000,600000000000,0.000000
112,87,0,50000000000,0.000000
112,87,50000000000,100000000000,0.000007
112,87,100000000000,150000000000,0.086451
112,87,150000000000,200000000000,0.090532
112,87,200000000000,250000000000,0.000020
112,87,250000000000,300000000000,0.000013
112,87,300000000000,350000000000,0.000007
112,87,350000000000,400000000000,0.048064
112,87,400000000000,600000000000,0.000000
88,89,0,50000000000,0.050371
88,89,50000000000,100000000000,0.090929
88,89,100000000000,150000000000,0.002043
88,89,150000000000,200000000000,0.000027
88,89,200000000000,250000000000,0.000013
88,89,250000000000,300000000000,0.000020
88,89,300000000000,350000000000,0.000013
88,89,350000000000,400000000000,0.048077
88,89,400000000000,450000000000,0.000013
88,89,450000000000,500000000000,0.000034
88,89,500000000000,550000000000,0.000020
88,89,550000000000,600000000000,0.000000
89,88,0,50000000000,0.086517
89,88,50000000000,100000000000,0.003612
89,88,100000000000,150000000000,0.085891
89,88,150000000000,200000000000,0.000027
89,88,200000000000,250000000000,0.000013
89,88,250000000000,300000000000,0.000020
89,88,300000000000,450000000000,0.000013
89,88,450000000000,500000000000,0.000034
89,88,500000000000,550000000000,0.000020
89,88,550000000000,600000000000,0.000000
88,113,0,50000000000,0.000027
88,113,50000000000,100000000000,0.000007
88,113,100000000000,150000000000,0.002151
88,113,150000000000,200000000000,0.087998
88,113,200000000000,350000000000,0.000000
88,113,350000000000,400000000000,0.000007
88,113,400000000000,600000000000,0.000000
113,88,0,50000000000,0.000027
113,88,50000000000,100000000000,0.000007
113,88,100000000000,150000000000,0.086667
113,88,150000000000,200000000000,0.001987
113,88,200000000000,350000000000,0.000000
113,88,350000000000,400000000000,0.000007
113,88,400000000000,600000000000,0.000000
89,90,0,50000000000,0.002307
89,90,50000000000,100000000000,0.178798
89,90,100000000000,150000000000,0.002029
89,90,150000000000,250000000000,0.000013
89,90,250000000000,300000000000,0.000020
89,90,300000000000,350000000000,0.000013
89,90,350000000000,400000000000,0.048064
89,90,400000000000,450000000000,0.000000
89,90,450000000000,550000000000,0.000020
89,90,550000000000,600000000000,0.000000
90,89,0,50000000000,0.086637
90,89,50000000000,100000000000,0.005857
90,89,100000000000,150000000000,0.085877
90,89,150000000000,250000000000,0.000013
90,89,250000000000,300000000000,0.000020
90,89,300000000000,350000000000,0.000013
90,89,350000000000,450000000000,0.000000
90,89,450000000000,550000000000,0.000020
90,89,550000000000,600000000000,0.000000
89,114,0,600000000000,0.000000
114,89,0,100000000000,0.000000
114,89,100000000000,150000000000,0.008003
114,89,150000000000,600000000000,0.000000
90,91,0,50000000000,0.002307
90,91,50000000000,100000000000,0.178798
90,91,100000000000,250000000000,0.000000
90,91,250000000000,300000000000,0.000020
90,91,300000000000,350000000000,0.000013
90,91,350000000000,400000000000,0.048064
90,91,400000000000,450000000000,0.000000
90,91,450000000000,550000000000,0.000007
90,91,550000000000,600000000000,0.000000
91,90,0,50000000000,0.086773
91,90,50000000000,100000000000,0.005722
91,90,100000000000,250000000000,0.000000
91,90,250000000000,300000000000,0.000020
91,90,300000000000,350000000000,0.000013
91,90,350000000000,450000000000,0.000000
91,90,450000000000,550000000000,0.000007
91,90,550000000000,600000000000,0.000000
90,115,0,600000000000,0.000000
115,90,0,600000000000,0.000000
91,92,0,50000000000,0.002307
91,92,50000000000,100000000000,0.178798
91,92,100000000000,250000000000,0.000000
91,92,250000000000,300000000000,0.000007
91,92,300000000000,450000000000,0.000000
91,92,450000000000,550000000000,0.000007
91,92,550000000000,600000000000,0.000000
92,91,0,50000000000,0.086909
92,91,50000000000,100000000000,0.005586
92,91,100000000000,250000000000,0.000000
92,91,250000000000,300000000000,0.000007
92,91,300000000000,450000000000,0.000000
92,91,450000000000,550000000000,0.000007
92,91,550000000000,600000000000,0.000000
91,116,0,600000000000,0.000000
116,91,0,600000000000,0.000000
92,93,0,50000000000,0.002296
92,93,50000000000,100000000000,0.087929
92,93,100000000000,250000000000,0.000000
92,93,250000000000,300000000000,0.000007
92,93,300000000000,450000000000,0.000000
92,93,450000000000,550000000000,0.000007
92,93,550000000000,600000000000,0.000000
93,92,0,50000000000,0.087500
93,92,50000000000,100000000000,0.002380
93,92,100000000000,250000000000,0.000000
93,92,250000000000,300000000000,0.000007
93,92,300000000000,450000000000,0.000000
93,92,450000000000,550000000000,0.000007
93,92,550000000000,600000000000,0.000000
92,117,0,600000000000,0.000000
117,92,0,600000000000,0.000000
93,94,0,50000000000,0.002296
93,94,50000000000,100000000000,0.087929
93,94,100000000000,250000000000,0.000000
93,94,250000000000,300000000000,0.000007
93,94,300000000000,450000000000,0.000000
93,94,450000000000,500000000000,0.000007
93,94,500000000000,600000000000,0.000000
94,93,0,50000000000,0.087500
94,93,50000000000,100000000000,0.002380
94,93,100000000000,250000000000,0.000000
94,93,250000000000,300000000000,0.000007
94,93,300000000000,450000000000,0.000000
94,93,450000000000,500000000000,0.000007
94,93,500000000000,600000000000,0.000000
93,118,0,450000000000,0.000000
93,118,450000000000,550000000000,0.000007
93,118,550000000000,600000000000,0.000013
118,93,0,450000000000,0.000000
118,93,450000000000,550000000000,0.000007
118,93,550000000000,600000000000,0.000013
94,95,0,50000000000,0.002296
94,95,50000000000,100000000000,0.087929
94,95,100000000000,450000000000,0.000000
94,95,450000000000,500000000000,0.000007
94,95,500000000000,600000000000,0.000000
95,94,0,50000000000,0.087500
95,94,50000000000,100000000000,0.002380
95,94,100000000000,450000000000,0.000000
95,94,450000000000,500000000000,0.000007
95,94,500000000000,600000000000,0.000000
94,119,0,250000000000,0.000000
94,119,250000000000,300000000000,0.000007
94,119,300000000000,350000000000,0.000013
94,119,350000000000,600000000000,0.000000
119,94,0,250000000000,0.000000
119,94,250000000000,300000000000,0.000007
119,94,300000000000,350000000000,0.000013
119,94,350000000000,600000000000,0.000000
95,96,0,50000000000,0.002289
95,96,50000000000,100000000000,0.087929
95,96,100000000000,450000000000,0.000000
95,96,450000000000,500000000000,0.000007
95,96,500000000000,600000000000,0.000000
96,95,0,50000000000,0.087493
96,95,50000000000,100000000000,0.002380
96,95,100000000000,450000000000,0.000000
96,95,450000000000,500000000000,0.000007
96,95,500000000000,600000000000,0.000000
95,120,0,50000000000,0.000007
95,120,50000000000,100000000000,0.000013
95,120,100000000000,600000000000,0.000000
120,95,0,50000000000,0.000007
120,95,50000000000,100000000000,0.000013
120,95,100000000000,600000000000,0.000000
96,97,0,50000000000,0.002289
96,97,50000000000,100000000000,0.087929
96,97,100000000000,600000000000,0.000000
97,96,0,50000000000,0.087493
97,96,50000000000,100000000000,0.002380
97,96,100000000000,600000000000,0.000000
96,121,0,350000000000,0.000000
96,121,350000000000,500000000000,0.000007
96,121,500000000000,550000000000,0.000013
96,121,550000000000,600000000000,0.000007
121,96,0,350000000000,0.000000
121,96,350000000000,500000000000,0.000007
121,96,500000000000,550000000000,0.000013
121,96,550000000000,600000000000,0.000007
97,98,0,50000000000,0.002289
97,98,50000000000,100000000000,0.087929
97,98,100000000000,600000000000,0.000000
98,97,0,50000000000,0.087493
98,97,50000000000,100000000000,0.002380
98,97,100000000000,600000000000,0.000000
97,122,0,150000000000,0.000000
97,122,150000000000,350000000000,0.000007
97,122,350000000000,600000000000,0.000000
122,97,0,150000000000,0.000000
122,97,150000000000,350000000000,0.000007
122,97,350000000000,600000000000,0.000000
98,99,0,600000000000,0.000000
99,98,0,600000000000,0.000000
98,123,0,50000000000,0.090972
98,123,50000000000,100000000000,0.087936
98,123,100000000000,150000000000,0.000007
98,123,150000000000,600000000000,0.000000
123,98,0,50000000000,0.178383
123,98,50000000000,100000000000,0.002386
123,98,100000000000,150000000000,0.000007
123,98,150000000000,600000000000,0.000000
75,99,0,600000000000,0.000000
99,75,0,600000000000,0.000000
99,124,0,600000000000,0.000000
124,99,0,600000000000,0.000000
100,101,0,150000000000,0.000000
100,101,150000000000,250000000000,0.000007
100,101,250000000000,350000000000,0.000000
100,101,350000000000,550000000000,0.000007
100,101,550000000000,600000000000,0.000000
101,100,0,150000000000,0.000000
101,100,150000000000,250000000000,0.000007
101,100,250000000000,350000000000,0.000000
101,100,350000000000,550000000000,0.000007
101,100,550000000000,600000000000,0.000000
100,125,0,250000000000,0.000000
100,125,250000000000,300000000000,0.072440
100,125,300000000000,350000000000,0.000000
100,125,350000000000,400000000000,0.000007
100,125,400000000000,600000000000,0.000000
125,100,0,250000000000,0.000000
125,100,250000000000,300000000000,0.001681
125,100,300000000000,350000000000,0.000000
125,100,350000000000,400000000000,0.000007
125,100,400000000000,600000000000,0.000000
101,102,0,150000000000,0.000000
101,102,150000000000,250000000000,0.000007
101,102,250000000000,350000000000,0.000000
101,102,350000000000,450000000000,0.000020
101,102,450000000000,550000000000,0.000007
101,102,550000000000,600000000000,0.000000
102,101,0,150000000000,0.000000
102,101,150000000000,250000000000,0.000007
102,101,250000000000,350000000000,0.000000
102,101,350000000000,450000000000,0.000020
102,101,450000000000,550000000000,0.000007
102,101,550000000000,600000000000,0.000000
101,126,0,50000000000,0.039893
101,126,50000000000,100000000000,0.008171
101,126,100000000000,600000000000,0.000000
126,101,0,600000000000,0.000000
102,103,0,100000000000,0.000000
102,103,100000000000,150000000000,0.000013
102,103,150000000000,250000000000,0.000020
102,103,250000000000,350000000000,0.000000
102,103,350000000000,400000000000,0.000020
102,103,400000000000,450000000000,0.000068
102,103,450000000000,550000000000,0.000007
102,103,550000000000,600000000000,0.000000
103,102,0,100000000000,0.000000
103,102,100000000000,150000000000,0.000013
103,102,150000000000,250000000000,0.000020
103,102,250000000000,350000000000,0.000000
103,102,350000000000,450000000000,0.000020
103,102,450000000000,550000000000,0.000007
103,102,550000000000,600000000000,0.000000
102,127,0,350000000000,0.000000
102,127,350000000000,400000000000,0.040013
102,127,400000000000,600000000000,0.000000
127,102,0,600000000000,0.000000
103,104,0,100000000000,0.000000
103,104,100000000000,150000000000,0.000013
103,104,150000000000,200000000000,0.090680
103,104,200000000000,250000000000,0.000020
103,104,250000000000,350000000000,0.000000
103,104,350000000000,400000000000,0.000020
103,104,400000000000,450000000000,0.000068
103,104,450000000000,550000000000,0.000007
103,104,550000000000,600000000000,0.000000
104,103,0,100000000000,0.000000
104,103,100000000000,150000000000,0.000013
104,103,150000000000,200000000000,0.002720
104,103,200000000000,250000000000,0.000020
104,103,250000000000,350000000000,0.000000
104,103,350000000000,450000000000,0.000020
104,103,450000000000,550000000000,0.000007
104,103,550000000000,600000000000,0.000000
103,128,0,600000000000,0.000000
128,103,0,600000000000,0.000000
104,105,0,100000000000,0.000000
104,105,100000000000,150000000000,0.000013
104,105,150000000000,200000000000,0.090680
104,105,200000000000,250000000000,0.000020
104,105,250000000000,350000000000,0.000000
104,105,350000000000,400000000000,0.000020
104,105,400000000000,450000000000,0.000068
104,105,450000000000,550000000000,0.000007
104,105,550000000000,600000000000,0.000000
105,104,0,100000000000,0.000000
105,104,100000000000,150000000000,0.000013
105,104,150000000000,200000000000,0.002720
105,104,200000000000,250000000000,0.000020
105,104,250000000000,350000000000,0.000000
105,104,350000000000,450000000000,0.000020
105,104,450000000000,550000000000,0.000007
105,104,550000000000,600000000000,0.000000
104,129,0,300000000000,0.000000
104,129,300000000000,350000000000,0.000007
104,129,350000000000,450000000000,0.000000
104,129,450000000000,500000000000,0.000007
104,129,500000000000,600000000000,0.000000
129,104,0,300000000000,0.000000
129,104,300000000000,350000000000,0.000007
129,104,350000000000,450000000000,0.000000
129,104,450000000000,500000000000,0.000007
129,104,500000000000,600000000000,0.000000
105,106,0,100000000000,0.000000
105,106,100000000000,150000000000,0.000013
105,106,150000000000,200000000000,0.090680
105,106,200000000000,250000000000,0.000020
105,106,250000000000,350000000000,0.000000
105,106,350000000000,400000000000,0.000020
105,106,400000000000,450000000000,0.000068
105,106,450000000000,600000000000,0.000000
106,105,0,100000000000,0.000000
106,105,100000000000,150000000000,0.000013
106,105,150000000000,200000000000,0.002720
106,105,200000000000,250000000000,0.000020
106,105,250000000000,350000000000,0.000000
106,105,350000000000,450000000000,0.000020
106,105,450000000000,600000000000,0.000000
105,130,0,450000000000,0.000000
105,130,450000000000,500000000000,0.000007
105,130,500000000000,600000000000,0.000020
130,105,0,450000000000,0.000000
130,105,450000000000,500000000000,0.000007
130,105,500000000000,600000000000,0.000020
106,107,0,100000000000,0.000000
106,107,100000000000,150000000000,0.000013
106,107,150000000000,200000000000,0.090680
106,107,200000000000,250000000000,0.000020
106,107,250000000000,350000000000,0.000000
106,107,350000000000,400000000000,0.000013
106,107,400000000000,450000000000,0.000068
106,107,450000000000,600000000000,0.000000
107,106,0,100000000000,0.000000
107,106,100000000000,150000000000,0.000013
107,106,150000000000,200000000000,0.002720
107,106,200000000000,250000000000,0.000020
107,106,250000000000,350000000000,0.000000
107,106,350000000000,400000000000,0.000013
107,106,400000000000,450000000000,0.000020
107,106,450000000000,600000000000,0.000000
106,131,0,50000000000,0.000000
106,131,50000000000,100000000000,0.002529
106,131,100000000000,200000000000,0.000000
106,131,200000000000,250000000000,0.000007
106,131,250000000000,400000000000,0.000013
106,131,400000000000,450000000000,0.000007
106,131,450000000000,600000000000,0.000000
131,106,0,50000000000,0.000000
131,106,50000000000,100000000000,0.127305
131,106,100000000000,200000000000,0.000000
131,106,200000000000,250000000000,0.000007
131,106,250000000000,400000000000,0.000013
131,106,400000000000,450000000000,0.000007
131,106,450000000000,600000000000,0.000000
107,108,0,100000000000,0.000000
107,108,100000000000,150000000000,0.000013
107,108,150000000000,200000000000,0.090680
107,108,200000000000,250000000000,0.000020
107,108,250000000000,350000000000,0.000000
107,108,350000000000,400000000000,0.000013
107,108,400000000000,450000000000,0.000068
107,108,450000000000,600000000000,0.000000
108,107,0,100000000000,0.000000
108,107,100000000000,150000000000,0.000013
108,107,150000000000,200000000000,0.002720
108,107,200000000000,250000000000,0.000020
108,107,250000000000,350000000000,0.000000
108,107,350000000000,400000000000,0.000013
108,107,400000000000,450000000000,0.000020
108,107,450000000000,600000000000,0.000000
107,132,0,50000000000,0.001335
107,132,50000000000,100000000000,0.000026
107,132,100000000000,250000000000,0.000007
107,132,250000000000,300000000000,0.086346
107,132,300000000000,500000000000,0.000000
107,132,500000000000,600000000000,0.000007
132,107,0,50000000000,0.046793
132,107,50000000000,100000000000,0.000289
132,107,100000000000,250000000000,0.000007
132,107,250000000000,300000000000,0.002141
132,107,300000000000,500000000000,0.000000
132,107,500000000000,600000000000,0.000007
108,109,0,100000000000,0.000000
108,109,100000000000,150000000000,0.000007
108,109,150000000000,200000000000,0.090680
108,109,200000000000,250000000000,0.000020
108,109,250000000000,350000000000,0.000000
108,109,350000000000,400000000000,0.000007
108,109,400000000000,450000000000,0.000068
108,109,450000000000,600000000000,0.000000
109,108,0,100000000000,0.000000
109,108,100000000000,150000000000,0.000007
109,108,150000000000,200000000000,0.002720
109,108,200000000000,250000000000,0.000020
109,108,250000000000,350000000000,0.000000
109,108,350000000000,400000000000,0.000007
109,108,400000000000,450000000000,0.000020
109,108,450000000000,600000000000,0.000000
108,133,0,50000000000,0.000000
108,133,50000000000,100000000000,0.048064
108,133,100000000000,250000000000,0.000000
108,133,250000000000,450000000000,0.000007
108,133,450000000000,500000000000,0.048098
108,133,500000000000,600000000000,0.000060
133,108,0,50000000000,0.000000
133,108,50000000000,100000000000,0.048064
133,108,100000000000,250000000000,0.000000
133,108,250000000000,450000000000,0.000007
133,108,450000000000,500000000000,0.048098
133,108,500000000000,600000000000,0.000060
109,110,0,50000000000,0.000000
109,110,50000000000,100000000000,0.086002
109,110,100000000000,150000000000,0.000000
109,110,150000000000,200000000000,0.090680
109,110,200000000000,250000000000,0.000013
109,110,250000000000,300000000000,0.083799
109,110,300000000000,400000000000,0.000000
109,110,400000000000,450000000000,0.048064
109,110,450000000000,600000000000,0.000000
110,109,0,50000000000,0.000000
110,109,50000000000,100000000000,0.002038
110,109,100000000000,150000000000,0.000000
110,109,150000000000,200000000000,0.002720
110,109,200000000000,250000000000,0.000013
110,109,250000000000,300000000000,0.001796
110,109,300000000000,350000000000,0.000000
110,109,350000000000,400000000000,0.048040
110,109,400000000000,600000000000,0.000000
109,134,0,50000000000,0.000000
109,134,50000000000,100000000000,0.000007
109,134,100000000000,250000000000,0.000000
109,134,250000000000,300000000000,0.229291
109,134,300000000000,350000000000,0.033900
109,134,350000000000,400000000000,0.048098
109,134,400000000000,450000000000,0.000040
109,134,450000000000,500000000000,0.000007
109,134,500000000000,600000000000,0.000000
134,109,0,50000000000,0.000000
134,109,50000000000,100000000000,0.000007
134,109,100000000000,250000000000,0.000000
134,109,250000000000,300000000000,0.262335
134,109,300000000000,350000000000,0.000726
134,109,350000000000,400000000000,0.000034
134,109,400000000000,450000000000,0.000160
134,109,450000000000,500000000000,0.000007
134,109,500000000000,600000000000,0.000000
110,111,0,250000000000,0.000000
110,111,250000000000,300000000000,0.083799
110,111,300000000000,400000000000,0.000000
110,111,400000000000,450000000000,0.048064
110,111,450000000000,550000000000,0.000000
110,111,550000000000,600000000000,0.000007
111,110,0,250000000000,0.000000
111,110,250000000000,300000000000,0.001796
111,110,300000000000,350000000000,0.000000
111,110,350000000000,400000000000,0.048040
111,110,400000000000,550000000000,0.000000
111,110,550000000000,600000000000,0.000007
110,135,0,50000000000,0.173527
110,135,50000000000,100000000000,0.140046
110,135,100000000000,150000000000,0.004302
110,135,150000000000,200000000000,0.176362
110,135,200000000000,250000000000,0.139648
110,135,250000000000,300000000000,0.000013
110,135,300000000000,550000000000,0.000000
110,135,550000000000,600000000000,0.000007
135,110,0,50000000000,0.004589
135,110,50000000000,100000000000,0.180542
135,110,100000000000,150000000000,0.217864
135,110,150000000000,200000000000,0.024284
135,110,200000000000,250000000000,0.154486
135,110,250000000000,300000000000,0.000013
135,110,300000000000,550000000000,0.000000
135,110,550000000000,600000000000,0.000007
111,112,0,250000000000,0.000000
111,112,250000000000,300000000000,0.083799
111,112,300000000000,350000000000,0.000000
111,112,350000000000,400000000000,0.000007
111,112,400000000000,450000000000,0.048064
111,112,450000000000,550000000000,0.000000
111,112,550000000000,600000000000,0.000007
112,111,0,250000000000,0.000000
112,111,250000000000,300000000000,0.001796
112,111,300000000000,350000000000,0.000000
112,111,350000000000,400000000000,0.048047
112,111,400000000000,550000000000,0.000000
112,111,550000000000,600000000000,0.000007
111,136,0,50000000000,0.000013
111,136,50000000000,100000000000,0.002240
111,136,100000000000,350000000000,0.000000
111,136,350000000000,400000000000,0.000013
111,136,400000000000,500000000000,0.000020
111,136,500000000000,550000000000,0.000013
111,136,550000000000,600000000000,0.000000
136,111,0,50000000000,0.000013
136,111,50000000000,100000000000,0.087195
136,111,100000000000,350000000000,0.000000
136,111,350000000000,400000000000,0.000013
136,111,400000000000,500000000000,0.000020
136,111,500000000000,550000000000,0.000013
136,111,550000000000,600000000000,0.000000
112,113,0,100000000000,0.000000
112,113,100000000000,150000000000,0.000007
112,113,150000000000,200000000000,0.085107
112,113,200000000000,250000000000,0.000000
112,113,250000000000,300000000000,0.083799
112,113,300000000000,350000000000,0.000000
112,113,350000000000,400000000000,0.000007
112,113,400000000000,450000000000,0.048064
112,113,450000000000,550000000000,0.000000
112,113,550000000000,600000000000,0.000007
113,112,0,100000000000,0.000000
113,112,100000000000,150000000000,0.000007
113,112,150000000000,200000000000,0.002078
113,112,200000000000,250000000000,0.000000
113,112,250000000000,300000000000,0.001796
113,112,300000000000,350000000000,0.000000
113,112,350000000000,400000000000,0.048047
113,112,400000000000,550000000000,0.000000
113,112,550000000000,600000000000,0.000007
112,137,0,50000000000,0.000000
112,137,50000000000,150000000000,0.000007
112,137,150000000000,200000000000,0.004475
112,137,200000000000,250000000000,0.000020
112,137,250000000000,300000000000,0.000013
112,137,300000000000,350000000000,0.000007
112,137,350000000000,600000000000,0.000000
137,112,0,50000000000,0.000000
137,112,50000000000,150000000000,0.000007
137,112,150000000000,200000000000,0.175639
137,112,200000000000,250000000000,0.000020
137,112,250000000000,300000000000,0.000013
137,112,300000000000,350000000000,0.000007
137,112,350000000000,400000000000,0.048064
137,112,400000000000,600000000000,0.000000
113,114,0,100000000000,0.000000
113,114,100000000000,150000000000,0.000007
113,114,150000000000,200000000000,0.085107
113,114,200000000000,250000000000,0.000000
113,114,250000000000,300000000000,0.083799
113,114,300000000000,350000000000,0.000000
113,114,350000000000,400000000000,0.000007
113,114,400000000000,550000000000,0.000000
113,114,550000000000,600000000000,0.000007
114,113,0,100000000000,0.000000
114,113,100000000000,150000000000,0.000007
114,113,150000000000,200000000000,0.002078
114,113,200000000000,250000000000,0.000000
114,113,250000000000,300000000000,0.001796
114,113,300000000000,350000000000,0.000000
114,113,350000000000,400000000000,0.048047
114,113,400000000000,550000000000,0.000000
114,113,550000000000,600000000000,0.000007
113,138,0,50000000000,0.000027
113,138,50000000000,100000000000,0.000007
113,138,100000000000,150000000000,0.002151
113,138,150000000000,200000000000,0.087998
113,138,200000000000,350000000000,0.000000
113,138,350000000000,400000000000,0.000007
113,138,400000000000,600000000000,0.000000
138,113,0,50000000000,0.000027
138,113,50000000000,100000000000,0.000007
138,113,100000000000,150000000000,0.086667
138,113,150000000000,200000000000,0.001987
138,113,200000000000,350000000000,0.000000
138,113,350000000000,400000000000,0.000007
138,113,400000000000,600000000000,0.000000
114,115,0,100000000000,0.000000
114,115,100000000000,150000000000,0.000007
114,115,150000000000,350000000000,0.000000
114,115,350000000000,400000000000,0.000007
114,115,400000000000,550000000000,0.000000
114,115,550000000000,600000000000,0.000007
115,114,0,100000000000,0.000000
115,114,100000000000,150000000000,0.000007
115,114,150000000000,350000000000,0.000000
115,114,350000000000,400000000000,0.000007
115,114,400000000000,550000000000,0.000000
115,114,550000000000,600000000000,0.000007
114,139,0,600000000000,0.000000
139,114,0,100000000000,0.000000
139,114,100000000000,150000000000,0.008003
139,114,150000000000,600000000000,0.000000
115,116,0,50000000000,0.088480
115,116,50000000000,100000000000,0.000000
115,116,100000000000,150000000000,0.000007
115,116,150000000000,350000000000,0.000000
115,116,350000000000,400000000000,0.000007
115,116,400000000000,550000000000,0.000000
115,116,550000000000,600000000000,0.000007
116,115,0,50000000000,0.002445
116,115,50000000000,100000000000,0.000000
116,115,100000000000,150000000000,0.000007
116,115,150000000000,350000000000,0.000000
116,115,350000000000,400000000000,0.000007
116,115,400000000000,550000000000,0.000000
116,115,550000000000,600000000000,0.000007
115,140,0,600000000000,0.000000
140,115,0,600000000000,0.000000
116,117,0,50000000000,0.088480
116,117,50000000000,100000000000,0.000000
116,117,100000000000,150000000000,0.000007
116,117,150000000000,350000000000,0.000000
116,117,350000000000,400000000000,0.000007
116,117,400000000000,550000000000,0.000000
116,117,550000000000,600000000000,0.000007
117,116,0,50000000000,0.002445
117,116,50000000000,100000000000,0.000000
117,116,100000000000,150000000000,0.000007
117,116,150000000000,350000000000,0.000000
117,116,350000000000,400000000000,0.000007
117,116,400000000000,550000000000,0.000000
117,116,550000000000,600000000000,0.000007
116,141,0,600000000000,0.000000
141,116,0,600000000000,0.000000
117,118,0,50000000000,0.088480
117,118,50000000000,100000000000,0.000000
117,118,100000000000,150000000000,0.000007
117,118,150000000000,350000000000,0.000000
117,118,350000000000,400000000000,0.000007
117,118,400000000000,550000000000,0.000000
117,118,550000000000,600000000000,0.000007
118,117,0,50000000000,0.002445
118,117,50000000000,100000000000,0.000000
118,117,100000000000,150000000000,0.000007
118,117,150000000000,350000000000,0.000000
118,117,350000000000,400000000000,0.000007
118,117,400000000000,550000000000,0.000000
118,117,550000000000,600000000000,0.000007
117,142,0,600000000000,0.000000
142,117,0,600000000000,0.000000
118,119,0,50000000000,0.088480
118,119,50000000000,100000000000,0.000000
118,119,100000000000,150000000000,0.000007
118,119,150000000000,550000000000,0.000000
118,119,550000000000,600000000000,0.000007
119,118,0,50000000000,0.002445
119,118,50000000000,100000000000,0.000000
119,118,100000000000,150000000000,0.000007
119,118,150000000000,550000000000,0.000000
119,118,550000000000,600000000000,0.000007
118,143,0,350000000000,0.000000
118,143,350000000000,400000000000,0.000007
118,143,400000000000,450000000000,0.000000
118,143,450000000000,550000000000,0.000007
118,143,550000000000,600000000000,0.000013
143,118,0,350000000000,0.000000
143,118,350000000000,400000000000,0.000007
143,118,400000000000,450000000000,0.000000
143,118,450000000000,550000000000,0.000007
143,118,550000000000,600000000000,0.000013
119,120,0,50000000000,0.088480
119,120,50000000000,100000000000,0.000000
119,120,100000000000,150000000000,0.000007
119,120,150000000000,550000000000,0.000000
119,120,550000000000,600000000000,0.000007
120,119,0,50000000000,0.002445
120,119,50000000000,100000000000,0.000000
120,119,100000000000,150000000000,0.000007
120,119,150000000000,550000000000,0.000000
120,119,550000000000,600000000000,0.000007
119,144,0,250000000000,0.000000
119,144,250000000000,300000000000,0.000007
119,144,300000000000,350000000000,0.000013
119,144,350000000000,600000000000,0.000000
144,119,0,250000000000,0.000000
144,119,250000000000,300000000000,0.000007
144,119,300000000000,350000000000,0.000013
144,119,350000000000,600000000000,0.000000
120,121,0,50000000000,0.088480
120,121,50000000000,100000000000,0.000000
120,121,100000000000,150000000000,0.000007
120,121,150000000000,550000000000,0.000000
120,121,550000000000,600000000000,0.000007
121,120,0,50000000000,0.002445
121,120,50000000000,100000000000,0.000000
121,120,100000000000,150000000000,0.000007
121,120,150000000000,550000000000,0.000000
121,120,550000000000,600000000000,0.000007
120,145,0,50000000000,0.000007
120,145,50000000000,100000000000,0.000013
120,145,100000000000,600000000000,0.000000
145,120,0,50000000000,0.000007
145,120,50000000000,100000000000,0.000013
145,120,100000000000,600000000000,0.000000
121,122,0,50000000000,0.088480
121,122,50000000000,100000000000,0.000000
121,122,100000000000,150000000000,0.000007
121,122,150000000000,400000000000,0.000000
121,122,400000000000,550000000000,0.000007
121,122,550000000000,600000000000,0.000000
122,121,0,50000000000,0.002445
122,121,50000000000,100000000000,0.000000
122,121,100000000000,150000000000,0.000007
122,121,150000000000,400000000000,0.000000
122,121,400000000000,550000000000,0.000007
122,121,550000000000,600000000000,0.000000
121,146,0,350000000000,0.000000
121,146,350000000000,400000000000,0.000007
121,146,400000000000,500000000000,0.000000
121,146,500000000000,550000000000,0.000007
121,146,550000000000,600000000000,0.000013
146,121,0,350000000000,0.000000
146,121,350000000000,400000000000,0.000007
146,121,400000000000,500000000000,0.000000
146,121,500000000000,550000000000,0.000007
146,121,550000000000,600000000000,0.000013
122,123,0,50000000000,0.088480
122,123,50000000000,100000000000,0.000000
122,123,100000000000,250000000000,0.000007
122,123,250000000000,400000000000,0.000000
122,123,400000000000,550000000000,0.000007
122,123,550000000000,600000000000,0.000000
123,122,0,50000000000,0.002445
123,122,50000000000,100000000000,0.000000
123,122,100000000000,250000000000,0.000007
123,122,250000000000,400000000000,0.000000
123,122,400000000000,550000000000,0.000007
123,122,550000000000,600000000000,0.000000
122,147,0,250000000000,0.000000
122,147,250000000000,350000000000,0.000007
122,147,350000000000,600000000000,0.000000
147,122,0,250000000000,0.000000
147,122,250000000000,350000000000,0.000007
147,122,350000000000,600000000000,0.000000
123,124,0,150000000000,0.000000
123,124,150000000000,250000000000,0.000007
123,124,250000000000,400000000000,0.000000
123,124,400000000000,550000000000,0.000007
123,124,550000000000,600000000000,0.000000
124,123,0,150000000000,0.000000
124,123,150000000000,250000000000,0.000007
124,123,250000000000,400000000000,0.000000
124,123,400000000000,550000000000,0.000007
124,123,550000000000,600000000000,0.000000
123,148,0,50000000000,0.088527
123,148,50000000000,100000000000,0.087936
123,148,100000000000,150000000000,0.000013
123,148,150000000000,600000000000,0.000000
148,123,0,50000000000,0.089903
148,123,50000000000,100000000000,0.002386
148,123,100000000000,150000000000,0.000013
148,123,150000000000,600000000000,0.000000
100,124,0,150000000000,0.000000
100,124,150000000000,250000000000,0.000007
100,124,250000000000,400000000000,0.000000
100,124,400000000000,550000000000,0.000007
100,124,550000000000,600000000000,0.000000
124,100,0,150000000000,0.000000
124,100,150000000000,250000000000,0.000007
124,100,250000000000,400000000000,0.000000
124,100,400000000000,550000000000,0.000007
124,100,550000000000,600000000000,0.000000
124,149,0,600000000000,0.000000
149,124,0,600000000000,0.000000
125,126,0,50000000000,0.002296
125,126,50000000000,100000000000,0.087936
125,126,100000000000,150000000000,0.000013
125,126,150000000000,200000000000,0.000000
125,126,200000000000,250000000000,0.043114
125,126,250000000000,300000000000,0.002707
125,126,300000000000,600000000000,0.000000
126,125,0,50000000000,0.135564
126,125,50000000000,100000000000,0.002386
126,125,100000000000,150000000000,0.000013
126,125,150000000000,200000000000,0.000000
126,125,200000000000,250000000000,0.001559
126,125,250000000000,600000000000,0.000000
125,150,0,250000000000,0.000000
125,150,250000000000,400000000000,0.000007
125,150,400000000000,600000000000,0.000000
150,125,0,250000000000,0.000000
150,125,250000000000,400000000000,0.000007
150,125,400000000000,600000000000,0.000000
126,127,0,50000000000,0.002289
126,127,50000000000,200000000000,0.000000
126,127,200000000000,250000000000,0.043114
126,127,250000000000,300000000000,0.046651
126,127,300000000000,600000000000,0.000000
127,126,0,50000000000,0.087493
127,126,50000000000,200000000000,0.000000
127,126,200000000000,250000000000,0.001559
127,126,250000000000,300000000000,0.000988
127,126,300000000000,600000000000,0.000000
126,151,0,100000000000,0.000007
126,151,100000000000,250000000000,0.000000
126,151,250000000000,300000000000,0.000988
126,151,300000000000,600000000000,0.000000
151,126,0,100000000000,0.000007
151,126,100000000000,250000000000,0.000000
151,126,250000000000,300000000000,0.043944
151,126,300000000000,600000000000,0.000000
127,128,0,50000000000,0.002289
127,128,50000000000,100000000000,0.000000
127,128,100000000000,150000000000,0.086919
127,128,150000000000,200000000000,0.000000
127,128,200000000000,250000000000,0.043114
127,128,250000000000,300000000000,0.046651
127,128,300000000000,350000000000,0.000000
127,128,350000000000,400000000000,0.000013
127,128,400000000000,450000000000,0.000037
127,128,450000000000,600000000000,0.000013
128,127,0,50000000000,0.087493
128,127,50000000000,100000000000,0.000000
128,127,100000000000,150000000000,0.002189
128,127,150000000000,200000000000,0.000000
128,127,200000000000,250000000000,0.001559
128,127,250000000000,300000000000,0.000988
128,127,300000000000,350000000000,0.000000
128,127,350000000000,600000000000,0.000013
127,152,0,350000000000,0.000000
127,152,350000000000,400000000000,0.039989
127,152,400000000000,600000000000,0.000000
152,127,0,600000000000,0.000000
128,129,0,50000000000,0.002289
128,129,50000000000,100000000000,0.000000
128,129,100000000000,150000000000,0.086919
128,129,150000000000,300000000000,0.000013
128,129,300000000000,350000000000,0.000000
128,129,350000000000,400000000000,0.000013
128,129,400000000000,450000000000,0.000037
128,129,450000000000,600000000000,0.000013
129,128,0,50000000000,0.087493
129,128,50000000000,100000000000,0.000000
129,128,100000000000,150000000000,0.002189
129,128,150000000000,200000000000,0.000013
129,128,200000000000,250000000000,0.000013
129,128,250000000000,300000000000,0.000013
129,128,300000000000,350000000000,0.000000
129,128,350000000000,600000000000,0.000013
128,153,0,600000000000,0.000000
153,128,0,600000000000,0.000000
129,130,0,50000000000,0.085900
129,130,50000000000,100000000000,0.000000
129,130,100000000000,150000000000,0.086919
129,130,150000000000,300000000000,0.000013
129,130,300000000000,350000000000,0.000000
129,130,350000000000,400000000000,0.000013
129,130,400000000000,450000000000,0.000037
129,130,450000000000,600000000000,0.000013
130,129,0,50000000000,0.002034
130,129,50000000000,100000000000,0.000000
130,129,100000000000,150000000000,0.002189
130,129,150000000000,200000000000,0.000013
130,129,200000000000,250000000000,0.000013
130,129,250000000000,300000000000,0.000013
130,129,300000000000,350000000000,0.000000
130,129,350000000000,600000000000,0.000013
129,154,0,300000000000,0.000000
129,154,300000000000,350000000000,0.000007
129,154,350000000000,450000000000,0.000000
129,154,450000000000,500000000000,0.000007
129,154,500000000000,600000000000,0.000000
154,129,0,300000000000,0.000000
154,129,300000000000,350000000000,0.000007
154,129,350000000000,450000000000,0.000000
154,129,450000000000,500000000000,0.000007
154,129,500000000000,600000000000,0.000000
130,131,0,50000000000,0.085900
130,131,50000000000,100000000000,0.000000
130,131,100000000000,150000000000,0.086919
130,131,150000000000,300000000000,0.000013
130,131,300000000000,350000000000,0.000000
130,131,350000000000,400000000000,0.000013
130,131,400000000000,450000000000,0.000037
130,131,450000000000,500000000000,0.000013
130,131,500000000000,550000000000,0.000020
130,131,550000000000,600000000000,0.000007
131,130,0,50000000000,0.002034
131,130,50000000000,100000000000,0.000000
131,130,100000000000,150000000000,0.002189
131,130,150000000000,200000000000,0.000013
131,130,200000000000,250000000000,0.000013
131,130,250000000000,300000000000,0.000013
131,130,300000000000,350000000000,0.000000
131,130,350000000000,500000000000,0.000013
131,130,500000000000,550000000000,0.000020
131,130,550000000000,600000000000,0.000007
130,155,0,450000000000,0.000000
130,155,450000000000,500000000000,0.000007
130,155,500000000000,600000000000,0.000013
155,130,0,450000000000,0.000000
155,130,450000000000,500000000000,0.000007
155,130,500000000000,600000000000,0.000013
131,132,0,50000000000,0.085900
131,132,50000000000,100000000000,0.000000
131,132,100000000000,150000000000,0.086919
131,132,150000000000,300000000000,0.000013
131,132,300000000000,350000000000,0.000007
131,132,350000000000,400000000000,0.000020
131,132,400000000000,450000000000,0.000031
131,132,450000000000,550000000000,0.000013
131,132,550000000000,600000000000,0.000000
132,131,0,50000000000,0.002034
132,131,50000000000,100000000000,0.000000
132,131,100000000000,150000000000,0.002189
132,131,150000000000,200000000000,0.000013
132,131,200000000000,250000000000,0.000013
132,131,250000000000,300000000000,0.000013
132,131,300000000000,350000000000,0.000007
132,131,350000000000,400000000000,0.000020
132,131,400000000000,450000000000,0.000007
132,131,450000000000,550000000000,0.000013
132,131,550000000000,600000000000,0.000000
131,156,0,50000000000,0.000000
131,156,50000000000,100000000000,0.002529
131,156,100000000000,200000000000,0.000000
131,156,200000000000,250000000000,0.000007
131,156,250000000000,300000000000,0.000013
131,156,300000000000,350000000000,0.000007
131,156,350000000000,400000000000,0.000020
131,156,400000000000,450000000000,0.000013
131,156,450000000000,500000000000,0.000000
131,156,500000000000,600000000000,0.000007
156,131,0,50000000000,0.000000
156,131,50000000000,100000000000,0.127305
156,131,100000000000,200000000000,0.000000
156,131,200000000000,250000000000,0.000007
156,131,250000000000,300000000000,0.000013
156,131,300000000000,350000000000,0.000007
156,131,350000000000,400000000000,0.000020
156,131,400000000000,450000000000,0.000013
156,131,450000000000,500000000000,0.000000
156,131,500000000000,600000000000,0.000007
132,133,0,50000000000,0.000013
132,133,50000000000,100000000000,0.000007
132,133,100000000000,150000000000,0.171742
132,133,150000000000,250000000000,0.000007
132,133,250000000000,300000000000,0.000013
132,133,300000000000,350000000000,0.000000
132,133,350000000000,400000000000,0.000020
132,133,400000000000,450000000000,0.000031
132,133,450000000000,550000000000,0.000013
132,133,550000000000,600000000000,0.000000
133,132,0,50000000000,0.000013
133,132,50000000000,100000000000,0.048071
133,132,100000000000,150000000000,0.004367
133,132,150000000000,200000000000,0.000007
133,132,200000000000,250000000000,0.000006
133,132,250000000000,300000000000,0.000013
133,132,300000000000,350000000000,0.000000
133,132,350000000000,400000000000,0.000020
133,132,400000000000,450000000000,0.000007
133,132,450000000000,550000000000,0.000013
133,132,550000000000,600000000000,0.000000
132,157,0,50000000000,0.087219
132,157,50000000000,100000000000,0.000022
132,157,100000000000,150000000000,0.000007
132,157,150000000000,250000000000,0.000013
132,157,250000000000,300000000000,0.086346
132,157,300000000000,350000000000,0.000007
132,157,350000000000,500000000000,0.000000
132,157,500000000000,600000000000,0.000007
157,132,0,50000000000,0.048882
157,132,50000000000,100000000000,0.000213
157,132,100000000000,150000000000,0.000007
157,132,150000000000,250000000000,0.000013
157,132,250000000000,300000000000,0.002141
157,132,300000000000,350000000000,0.000007
157,132,350000000000,500000000000,0.000000
157,132,500000000000,600000000000,0.000007
133,134,0,50000000000,0.000013
133,134,50000000000,100000000000,0.000000
133,134,100000000000,150000000000,0.171735
133,134,150000000000,250000000000,0.000007
133,134,250000000000,300000000000,0.000013
133,134,300000000000,350000000000,0.000000
133,134,350000000000,400000000000,0.000020
133,134,400000000000,450000000000,0.000031
133,134,450000000000,500000000000,0.000000
133,134,500000000000,550000000000,0.000007
133,134,550000000000,600000000000,0.000020
134,133,0,50000000000,0.000013
134,133,50000000000,100000000000,0.048064
134,133,100000000000,150000000000,0.004361
134,133,150000000000,200000000000,0.000007
134,133,200000000000,250000000000,0.000006
134,133,250000000000,300000000000,0.000013
134,133,300000000000,350000000000,0.000000
134,133,350000000000,400000000000,0.000020
134,133,400000000000,450000000000,0.000007
134,133,450000000000,500000000000,0.000000
134,133,500000000000,550000000000,0.000007
134,133,550000000000,600000000000,0.000020
133,158,0,50000000000,0.000000
133,158,50000000000,100000000000,0.048071
133,158,100000000000,150000000000,0.000007
133,158,150000000000,250000000000,0.000000
133,158,250000000000,450000000000,0.000007
133,158,450000000000,500000000000,0.048098
133,158,500000000000,550000000000,0.000067
133,158,550000000000,600000000000,0.000081
158,133,0,50000000000,0.000000
158,133,50000000000,100000000000,0.048071
158,133,100000000000,150000000000,0.000007
158,133,150000000000,250000000000,0.000000
158,133,250000000000,450000000000,0.000007
158,133,450000000000,500000000000,0.048098
158,133,500000000000,550000000000,0.000067
158,133,550000000000,600000000000,0.000081
134,135,0,50000000000,0.000013
134,135,50000000000,100000000000,0.087539
134,135,100000000000,150000000000,0.171827
134,135,150000000000,250000000000,0.000007
134,135,250000000000,300000000000,0.001903
134,135,300000000000,550000000000,0.000007
134,135,550000000000,600000000000,0.000020
135,134,0,50000000000,0.000013
135,134,50000000000,100000000000,0.050049
135,134,100000000000,150000000000,0.004361
135,134,150000000000,200000000000,0.000007
135,134,200000000000,250000000000,0.000006
135,134,250000000000,300000000000,0.085359
135,134,300000000000,550000000000,0.000007
135,134,550000000000,600000000000,0.000020
134,159,0,50000000000,0.000000
134,159,50000000000,100000000000,0.000066
134,159,100000000000,150000000000,0.000001
134,159,150000000000,250000000000,0.000000
134,159,250000000000,300000000000,0.229489
134,159,300000000000,350000000000,0.034002
134,159,350000000000,400000000000,0.048124
134,159,400000000000,450000000000,0.000040
134,159,450000000000,500000000000,0.000013
134,159,500000000000,600000000000,0.000000
159,134,0,50000000000,0.000000
159,134,50000000000,100000000000,0.003300
159,134,100000000000,150000000000,0.000012
159,134,150000000000,250000000000,0.000000
159,134,250000000000,300000000000,0.263276
159,134,300000000000,350000000000,0.000732
159,134,350000000000,400000000000,0.000060
159,134,400000000000,450000000000,0.000136
159,134,450000000000,500000000000,0.000013
159,134,500000000000,600000000000,0.000000
135,136,0,50000000000,0.000000
135,136,50000000000,100000000000,0.000007
135,136,100000000000,150000000000,0.001763
135,136,150000000000,200000000000,0.089496
135,136,200000000000,250000000000,0.000013
135,136,250000000000,300000000000,0.001910
135,136,300000000000,600000000000,0.000007
136,135,0,50000000000,0.000000
136,135,50000000000,100000000000,0.000007
136,135,100000000000,150000000000,0.083760
136,135,150000000000,200000000000,0.002153
136,135,200000000000,250000000000,0.000013
136,135,250000000000,300000000000,0.085366
136,135,300000000000,600000000000,0.000007
135,160,0,50000000000,0.173477
135,160,50000000000,100000000000,0.125279
135,160,100000000000,150000000000,0.310321
135,160,150000000000,200000000000,0.138189
135,160,200000000000,250000000000,0.004804
135,160,250000000000,300000000000,0.000020
135,160,300000000000,550000000000,0.000000
135,160,550000000000,600000000000,0.000007
160,135,0,50000000000,0.004590
160,135,50000000000,100000000000,0.094056
160,135,100000000000,150000000000,0.141922
160,135,150000000000,200000000000,0.112632
160,135,200000000000,250000000000,0.151358
160,135,250000000000,300000000000,0.000020
160,135,300000000000,550000000000,0.000000
160,135,550000000000,600000000000,0.000007
136,137,0,50000000000,0.000007
136,137,50000000000,100000000000,0.002247
136,137,100000000000,150000000000,0.001763
136,137,150000000000,200000000000,0.089496
136,137,200000000000,250000000000,0.000013
136,137,250000000000,300000000000,0.001910
136,137,300000000000,350000000000,0.000007
136,137,350000000000,400000000000,0.000000
136,137,400000000000,600000000000,0.000007
137,136,0,50000000000,0.000007
137,136,50000000000,100000000000,0.087202
137,136,100000000000,150000000000,0.083760
137,136,150000000000,200000000000,0.002153
137,136,200000000000,250000000000,0.000013
137,136,250000000000,300000000000,0.085366
137,136,300000000000,350000000000,0.000007
137,136,350000000000,400000000000,0.000000
137,136,400000000000,600000000000,0.000007
136,161,0,50000000000,0.000020
136,161,50000000000,350000000000,0.000000
136,161,350000000000,400000000000,0.000007
136,161,400000000000,500000000000,0.000020
136,161,500000000000,550000000000,0.000013
136,161,550000000000,600000000000,0.000000
161,136,0,50000000000,0.000020
161,136,50000000000,350000000000,0.000000
161,136,350000000000,400000000000,0.000007
161,136,400000000000,500000000000,0.000020
161,136,500000000000,550000000000,0.000013
161,136,550000000000,600000000000,0.000000
137,138,0,50000000000,0.000007
137,138,50000000000,100000000000,0.002247
137,138,100000000000,150000000000,0.001756
137,138,150000000000,200000000000,0.089496
137,138,200000000000,250000000000,0.000013
137,138,250000000000,300000000000,0.001910
137,138,300000000000,350000000000,0.000007
137,138,350000000000,450000000000,0.000000
137,138,450000000000,600000000000,0.000007
138,137,0,50000000000,0.000007
138,137,50000000000,100000000000,0.087202
138,137,100000000000,150000000000,0.083753
138,137,150000000000,200000000000,0.002153
138,137,200000000000,250000000000,0.000013
138,137,250000000000,300000000000,0.085366
138,137,300000000000,350000000000,0.000007
138,137,350000000000,450000000000,0.000000
138,137,450000000000,600000000000,0.000007
137,162,0,50000000000,0.000000
137,162,50000000000,100000000000,0.000007
137,162,100000000000,150000000000,0.000000
137,162,150000000000,200000000000,0.004475
137,162,200000000000,250000000000,0.000020
137,162,250000000000,300000000000,0.000013
137,162,300000000000,350000000000,0.000007
137,162,350000000000,400000000000,0.000000
137,162,400000000000,450000000000,0.000007
137,162,450000000000,600000000000,0.000000
162,137,0,50000000000,0.000000
162,137,50000000000,100000000000,0.000007
162,137,100000000000,150000000000,0.000000
162,137,150000000000,200000000000,0.175639
162,137,200000000000,250000000000,0.000020
162,137,250000000000,300000000000,0.000013
162,137,300000000000,350000000000,0.000007
162,137,350000000000,400000000000,0.000000
162,137,400000000000,450000000000,0.000007
162,137,450000000000,600000000000,0.000000
138,139,0,50000000000,0.000007
138,139,50000000000,100000000000,0.002247
138,139,100000000000,200000000000,0.000000
138,139,200000000000,350000000000,0.000007
138,139,350000000000,450000000000,0.000000
138,139,450000000000,600000000000,0.000007
139,138,0,50000000000,0.000007
139,138,50000000000,100000000000,0.087202
139,138,100000000000,200000000000,0.000000
139,138,200000000000,350000000000,0.000007
139,138,350000000000,450000000000,0.000000
139,138,450000000000,600000000000,0.000007
138,163,0,50000000000,0.000027
138,163,50000000000,100000000000,0.000007
138,163,100000000000,150000000000,0.000013
138,163,150000000000,250000000000,0.000007
138,163,250000000000,350000000000,0.000000
138,163,350000000000,400000000000,0.000007
138,163,400000000000,600000000000,0.000000
163,138,0,50000000000,0.000027
163,138,50000000000,100000000000,0.000007
163,138,100000000000,150000000000,0.000013
163,138,150000000000,250000000000,0.000007
163,138,250000000000,350000000000,0.000000
163,138,350000000000,400000000000,0.000007
163,138,400000000000,600000000000,0.000000
139,140,0,50000000000,0.000007
139,140,50000000000,100000000000,0.002247
139,140,100000000000,150000000000,0.086116
139,140,150000000000,200000000000,0.000000
139,140,200000000000,350000000000,0.000007
139,140,350000000000,450000000000,0.000000
139,140,450000000000,600000000000,0.000007
140,139,0,50000000000,0.000007
140,139,50000000000,100000000000,0.087202
140,139,100000000000,150000000000,0.002061
140,139,150000000000,200000000000,0.000000
140,139,200000000000,350000000000,0.000007
140,139,350000000000,450000000000,0.000000
140,139,450000000000,600000000000,0.000007
139,164,0,600000000000,0.000000
164,139,0,100000000000,0.000000
164,139,100000000000,150000000000,0.008003
164,139,150000000000,600000000000,0.000000
140,141,0,50000000000,0.000007
140,141,50000000000,100000000000,0.002247
140,141,100000000000,150000000000,0.086116
140,141,150000000000,200000000000,0.000000
140,141,200000000000,350000000000,0.000007
140,141,350000000000,450000000000,0.000000
140,141,450000000000,600000000000,0.000007
141,140,0,50000000000,0.000007
141,140,50000000000,100000000000,0.087202
141,140,100000000000,150000000000,0.002061
141,140,150000000000,200000000000,0.000000
141,140,200000000000,350000000000,0.000007
141,140,350000000000,450000000000,0.000000
141,140,450000000000,600000000000,0.000007
140,165,0,600000000000,0.000000
165,140,0,600000000000,0.000000
141,142,0,50000000000,0.000007
141,142,50000000000,100000000000,0.002247
141,142,100000000000,150000000000,0.086116
141,142,150000000000,200000000000,0.000000
141,142,200000000000,350000000000,0.000007
141,142,350000000000,450000000000,0.000000
141,142,450000000000,600000000000,0.000007
142,141,0,50000000000,0.000007
142,141,50000000000,100000000000,0.087202
142,141,100000000000,150000000000,0.002061
142,141,150000000000,200000000000,0.000000
142,141,200000000000,350000000000,0.000007
142,141,350000000000,450000000000,0.000000
142,141,450000000000,600000000000,0.000007
141,166,0,600000000000,0.000000
166,141,0,600000000000,0.000000
142,143,0,50000000000,0.000007
142,143,50000000000,100000000000,0.002247
142,143,100000000000,150000000000,0.086116
142,143,150000000000,200000000000,0.000000
142,143,200000000000,350000000000,0.000007
142,143,350000000000,450000000000,0.000000
142,143,450000000000,600000000000,0.000007
143,142,0,50000000000,0.000007
143,142,50000000000,100000000000,0.087202
143,142,100000000000,150000000000,0.002061
143,142,150000000000,200000000000,0.000000
143,142,200000000000,350000000000,0.000007
143,142,350000000000,450000000000,0.000000
143,142,450000000000,600000000000,0.000007
142,167,0,600000000000,0.000000
167,142,0,600000000000,0.000000
143,144,0,50000000000,0.000007
143,144,50000000000,100000000000,0.002247
143,144,100000000000,150000000000,0.086116
143,144,150000000000,200000000000,0.000000
143,144,200000000000,350000000000,0.000007
143,144,350000000000,500000000000,0.000000
143,144,500000000000,600000000000,0.000007
144,143,0,50000000000,0.000007
144,143,50000000000,100000000000,0.087202
144,143,100000000000,150000000000,0.002061
144,143,150000000000,200000000000,0.000000
144,143,200000000000,350000000000,0.000007
144,143,350000000000,500000000000,0.000000
144,143,500000000000,600000000000,0.000007
143,168,0,350000000000,0.000000
143,168,350000000000,400000000000,0.000007
143,168,400000000000,500000000000,0.000000
143,168,500000000000,550000000000,0.000007
143,168,550000000000,600000000000,0.000013
168,143,0,350000000000,0.000000
168,143,350000000000,400000000000,0.000007
168,143,400000000000,500000000000,0.000000
168,143,500000000000,550000000000,0.000007
168,143,550000000000,600000000000,0.000013
144,145,0,50000000000,0.000007
144,145,50000000000,100000000000,0.002247
144,145,100000000000,150000000000,0.086116
144,145,150000000000,200000000000,0.000000
144,145,200000000000,350000000000,0.000007
144,145,350000000000,500000000000,0.000000
144,145,500000000000,600000000000,0.000007
145,144,0,50000000000,0.000007
145,144,50000000000,100000000000,0.087202
145,144,100000000000,150000000000,0.002061
145,144,150000000000,200000000000,0.000000
145,144,200000000000,350000000000,0.000007
145,144,350000000000,500000000000,0.000000
145,144,500000000000,600000000000,0.000007
144,169,0,200000000000,0.000000
144,169,200000000000,250000000000,0.048064
144,169,250000000000,300000000000,0.000007
144,169,300000000000,350000000000,0.000013
144,169,350000000000,600000000000,0.000000
169,144,0,250000000000,0.000000
169,144,250000000000,300000000000,0.000007
169,144,300000000000,350000000000,0.000013
169,144,350000000000,600000000000,0.000000
145,146,0,100000000000,0.000007
145,146,100000000000,150000000000,0.086116
145,146,150000000000,200000000000,0.000000
145,146,200000000000,350000000000,0.000007
145,146,350000000000,500000000000,0.000000
145,146,500000000000,600000000000,0.000007
146,145,0,100000000000,0.000007
146,145,100000000000,150000000000,0.002061
146,145,150000000000,200000000000,0.000000
146,145,200000000000,350000000000,0.000007
146,145,350000000000,500000000000,0.000000
146,145,500000000000,600000000000,0.000007
145,170,0,50000000000,0.000007
145,170,50000000000,100000000000,0.000013
145,170,100000000000,600000000000,0.000000
170,145,0,50000000000,0.000007
170,145,50000000000,100000000000,0.000013
170,145,100000000000,600000000000,0.000000
146,147,0,100000000000,0.000007
146,147,100000000000,150000000000,0.086116
146,147,150000000000,200000000000,0.000000
146,147,200000000000,350000000000,0.000007
146,147,350000000000,500000000000,0.000000
146,147,500000000000,550000000000,0.000007
146,147,550000000000,600000000000,0.000013
147,146,0,100000000000,0.000007
147,146,100000000000,150000000000,0.002061
147,146,150000000000,200000000000,0.000000
147,146,200000000000,350000000000,0.000007
147,146,350000000000,500000000000,0.000000
147,146,500000000000,550000000000,0.000007
147,146,550000000000,600000000000,0.000013
146,171,0,350000000000,0.000000
146,171,350000000000,400000000000,0.000007
146,171,400000000000,500000000000,0.000000
146,171,500000000000,600000000000,0.000007
171,146,0,350000000000,0.000000
171,146,350000000000,400000000000,0.000007
171,146,400000000000,500000000000,0.000000
171,146,500000000000,600000000000,0.000007
147,148,0,100000000000,0.000007
147,148,100000000000,150000000000,0.086116
147,148,150000000000,200000000000,0.000000
147,148,200000000000,250000000000,0.043114
147,148,250000000000,300000000000,0.006041
147,148,300000000000,350000000000,0.000007
147,148,350000000000,500000000000,0.000000
147,148,500000000000,550000000000,0.000007
147,148,550000000000,600000000000,0.000013
148,147,0,100000000000,0.000007
148,147,100000000000,150000000000,0.002061
148,147,150000000000,200000000000,0.000000
148,147,200000000000,250000000000,0.001559
148,147,250000000000,350000000000,0.000007
148,147,350000000000,500000000000,0.000000
148,147,500000000000,550000000000,0.000007
148,147,550000000000,600000000000,0.000013
147,172,0,200000000000,0.000000
147,172,200000000000,250000000000,0.001566
147,172,250000000000,350000000000,0.000007
147,172,350000000000,600000000000,0.000000
172,147,0,200000000000,0.000000
172,147,200000000000,250000000000,0.043120
172,147,250000000000,300000000000,0.006041
172,147,300000000000,350000000000,0.000007
172,147,350000000000,600000000000,0.000000
148,149,0,50000000000,0.002296
148,149,50000000000,100000000000,0.087936
148,149,100000000000,150000000000,0.000013
148,149,150000000000,200000000000,0.000000
148,149,200000000000,250000000000,0.043114
148,149,250000000000,300000000000,0.006041
148,149,300000000000,350000000000,0.000007
148,149,350000000000,500000000000,0.000000
148,149,500000000000,550000000000,0.000007
148,149,550000000000,600000000000,0.000013
149,148,0,50000000000,0.135564
149,148,50000000000,100000000000,0.002386
149,148,100000000000,150000000000,0.000013
149,148,150000000000,200000000000,0.000000
149,148,200000000000,250000000000,0.001559
149,148,250000000000,350000000000,0.000007
149,148,350000000000,500000000000,0.000000
149,148,500000000000,550000000000,0.000007
149,148,550000000000,600000000000,0.000013
148,173,0,50000000000,0.134302
148,173,50000000000,100000000000,0.000007
148,173,100000000000,150000000000,0.086116
148,173,150000000000,600000000000,0.000000
173,148,0,50000000000,0.002410
173,148,50000000000,100000000000,0.000007
173,148,100000000000,150000000000,0.002061
173,148,150000000000,600000000000,0.000000
125,149,0,50000000000,0.135564
125,149,50000000000,100000000000,0.002386
125,149,100000000000,150000000000,0.000013
125,149,150000000000,200000000000,0.000000
125,149,200000000000,250000000000,0.001559
125,149,250000000000,350000000000,0.000007
125,149,350000000000,600000000000,0.000000
149,125,0,50000000000,0.002296
149,125,50000000000,100000000000,0.087936
149,125,100000000000,150000000000,0.000013
149,125,150000000000,200000000000,0.000000
149,125,200000000000,250000000000,0.043114
149,125,250000000000,300000000000,0.006041
149,125,300000000000,350000000000,0.000007
149,125,350000000000,600000000000,0.000000
149,174,0,500000000000,0.000000
149,174,500000000000,550000000000,0.000007
149,174,550000000000,600000000000,0.000000
174,149,0,500000000000,0.000000
174,149,500000000000,550000000000,0.000007
174,149,550000000000,600000000000,0.000000
150,151,0,50000000000,0.086231
150,151,50000000000,100000000000,0.000000
150,151,100000000000,150000000000,0.086116
150,151,150000000000,250000000000,0.000000
150,151,250000000000,300000000000,0.000025
150,151,300000000000,350000000000,0.000007
150,151,350000000000,450000000000,0.000000
150,151,450000000000,550000000000,0.000013
150,151,550000000000,600000000000,0.000020
151,150,0,50000000000,0.002404
151,150,50000000000,100000000000,0.000000
151,150,100000000000,150000000000,0.002061
151,150,150000000000,300000000000,0.000000
151,150,300000000000,350000000000,0.000007
151,150,350000000000,450000000000,0.000000
151,150,450000000000,550000000000,0.000013
151,150,550000000000,600000000000,0.000020
150,175,0,250000000000,0.000000
150,175,250000000000,300000000000,0.000007
150,175,300000000000,350000000000,0.000013
150,175,350000000000,400000000000,0.000007
150,175,400000000000,600000000000,0.000000
175,150,0,250000000000,0.000000
175,150,250000000000,300000000000,0.000007
175,150,300000000000,350000000000,0.000013
175,150,350000000000,400000000000,0.000007
175,150,400000000000,600000000000,0.000000
151,152,0,50000000000,0.086231
151,152,50000000000,100000000000,0.083938
151,152,100000000000,150000000000,0.002346
151,152,150000000000,250000000000,0.000000
151,152,250000000000,300000000000,0.000017
151,152,300000000000,350000000000,0.000020
151,152,350000000000,450000000000,0.000000
151,152,450000000000,550000000000,0.000027
151,152,550000000000,600000000000,0.000034
152,151,0,50000000000,0.002404
152,151,50000000000,100000000000,0.002128
152,151,100000000000,150000000000,0.000084
152,151,150000000000,250000000000,0.000000
152,151,250000000000,300000000000,0.000013
152,151,300000000000,350000000000,0.000020
152,151,350000000000,450000000000,0.000000
152,151,450000000000,550000000000,0.000027
152,151,550000000000,600000000000,0.000034
151,176,0,50000000000,0.000007
151,176,50000000000,100000000000,0.000013
151,176,100000000000,600000000000,0.000000
176,151,0,50000000000,0.000007
176,151,50000000000,100000000000,0.000013
176,151,100000000000,600000000000,0.000000
152,153,0,50000000000,0.000013
152,153,50000000000,100000000000,0.083859
152,153,100000000000,150000000000,0.002438
152,153,150000000000,250000000000,0.000000
152,153,250000000000,300000000000,0.009555
152,153,300000000000,350000000000,0.000034
152,153,350000000000,400000000000,0.000013
152,153,400000000000,450000000000,0.000037
152,153,450000000000,550000000000,0.000027
152,153,550000000000,600000000000,0.000034
153,152,0,50000000000,0.000013
153,152,50000000000,100000000000,0.002143
153,152,100000000000,150000000000,0.000082
153,152,150000000000,250000000000,0.000000
153,152,250000000000,300000000000,0.000290
153,152,300000000000,350000000000,0.000034
153,152,350000000000,450000000000,0.000013
153,152,450000000000,550000000000,0.000027
153,152,550000000000,600000000000,0.000034
152,177,0,50000000000,0.002054
152,177,50000000000,350000000000,0.000000
152,177,350000000000,400000000000,0.039965
152,177,400000000000,600000000000,0.000000
177,152,0,50000000000,0.086093
177,152,50000000000,600000000000,0.000000
153,154,0,50000000000,0.011370
153,154,50000000000,100000000000,0.207458
153,154,100000000000,150000000000,0.002529
153,154,150000000000,200000000000,0.000013
153,154,200000000000,250000000000,0.000000
153,154,250000000000,300000000000,0.009555
153,154,300000000000,350000000000,0.000034
153,154,350000000000,400000000000,0.000013
153,154,400000000000,450000000000,0.000037
153,154,450000000000,550000000000,0.000027
153,154,550000000000,600000000000,0.000034
154,153,0,50000000000,0.000265
154,153,50000000000,100000000000,0.089213
154,153,100000000000,150000000000,0.000095
154,153,150000000000,200000000000,0.000013
154,153,200000000000,250000000000,0.000000
154,153,250000000000,300000000000,0.000290
154,153,300000000000,350000000000,0.000034
154,153,350000000000,450000000000,0.000013
154,153,450000000000,550000000000,0.000027
154,153,550000000000,600000000000,0.000034
153,178,0,600000000000,0.000000
178,153,0,600000000000,0.000000
154,155,0,50000000000,0.011281
154,155,50000000000,100000000000,0.207487
154,155,100000000000,150000000000,0.002589
154,155,150000000000,200000000000,0.000013
154,155,200000000000,250000000000,0.000000
154,155,250000000000,300000000000,0.009555
154,155,300000000000,350000000000,0.000034
154,155,350000000000,400000000000,0.000013
154,155,400000000000,450000000000,0.000037
154,155,450000000000,550000000000,0.000020
154,155,550000000000,600000000000,0.000034
155,154,0,50000000000,0.000268
155,154,50000000000,100000000000,0.089211
155,154,100000000000,150000000000,0.000093
155,154,150000000000,200000000000,0.000013
155,154,200000000000,250000000000,0.000000
155,154,250000000000,300000000000,0.000290
155,154,300000000000,350000000000,0.000034
155,154,350000000000,450000000000,0.000013
155,154,450000000000,550000000000,0.000020
155,154,550000000000,600000000000,0.000034
154,179,0,300000000000,0.000000
154,179,300000000000,350000000000,0.000007
154,179,350000000000,450000000000,0.000000
154,179,450000000000,500000000000,0.000013
154,179,500000000000,550000000000,0.000007
154,179,550000000000,600000000000,0.000000
179,154,0,300000000000,0.000000
179,154,300000000000,350000000000,0.000007
179,154,350000000000,450000000000,0.000000
179,154,450000000000,500000000000,0.000013
179,154,500000000000,550000000000,0.000007
179,154,550000000000,600000000000,0.000000
155,156,0,50000000000,0.011137
155,156,50000000000,100000000000,0.209539
155,156,100000000000,150000000000,0.002681
155,156,150000000000,200000000000,0.000013
155,156,200000000000,250000000000,0.000000
155,156,250000000000,300000000000,0.009548
155,156,300000000000,350000000000,0.000034
155,156,350000000000,400000000000,0.000007
155,156,400000000000,450000000000,0.000031
155,156,450000000000,550000000000,0.000020
155,156,550000000000,600000000000,0.000034
156,155,0,50000000000,0.000270
156,155,50000000000,100000000000,0.174960
156,155,100000000000,150000000000,0.000092
156,155,150000000000,200000000000,0.000013
156,155,200000000000,250000000000,0.000000
156,155,250000000000,300000000000,0.000283
156,155,300000000000,350000000000,0.000034
156,155,350000000000,450000000000,0.000007
156,155,450000000000,550000000000,0.000020
156,155,550000000000,600000000000,0.000034
155,180,0,250000000000,0.000000
155,180,250000000000,300000000000,0.000007
155,180,300000000000,350000000000,0.000000
155,180,350000000000,500000000000,0.000007
155,180,500000000000,600000000000,0.000013
180,155,0,250000000000,0.000000
180,155,250000000000,300000000000,0.000007
180,155,300000000000,350000000000,0.000000
180,155,350000000000,500000000000,0.000007
180,155,500000000000,600000000000,0.000013
156,157,0,50000000000,0.010995
156,157,50000000000,100000000000,0.135710
156,157,100000000000,150000000000,0.002754
156,157,150000000000,200000000000,0.000007
156,157,200000000000,250000000000,0.000000
156,157,250000000000,300000000000,0.009555
156,157,300000000000,350000000000,0.000034
156,157,350000000000,400000000000,0.000007
156,157,400000000000,450000000000,0.000031
156,157,450000000000,550000000000,0.000020
156,157,550000000000,600000000000,0.000027
157,156,0,50000000000,0.000267
157,156,50000000000,100000000000,0.173468
157,156,100000000000,150000000000,0.000084
157,156,150000000000,200000000000,0.000007
157,156,200000000000,250000000000,0.000000
157,156,250000000000,300000000000,0.000290
157,156,300000000000,350000000000,0.000034
157,156,350000000000,450000000000,0.000007
157,156,450000000000,550000000000,0.000020
157,156,550000000000,600000000000,0.000027
156,181,0,50000000000,0.000007
156,181,50000000000,100000000000,0.001039
156,181,100000000000,350000000000,0.000007
156,181,350000000000,400000000000,0.000020
156,181,400000000000,450000000000,0.000013
156,181,450000000000,500000000000,0.000000
156,181,500000000000,550000000000,0.000007
156,181,550000000000,600000000000,0.000013
181,156,0,50000000000,0.000007
181,156,50000000000,100000000000,0.053419
181,156,100000000000,350000000000,0.000007
181,156,350000000000,400000000000,0.000020
181,156,400000000000,450000000000,0.000013
181,156,450000000000,500000000000,0.000000
181,156,500000000000,550000000000,0.000007
181,156,550000000000,600000000000,0.000013
157,158,0,50000000000,0.000020
157,158,50000000000,100000000000,0.133634
157,158,100000000000,150000000000,0.002812
157,158,150000000000,200000000000,0.000007
157,158,200000000000,250000000000,0.000000
157,158,250000000000,300000000000,0.009548
157,158,300000000000,350000000000,0.000027
157,158,350000000000,400000000000,0.000007
157,158,400000000000,450000000000,0.000031
157,158,450000000000,500000000000,0.000020
157,158,500000000000,550000000000,0.000013
157,158,550000000000,600000000000,0.000020
158,157,0,50000000000,0.000020
158,157,50000000000,100000000000,0.087705
158,157,100000000000,150000000000,0.000083
158,157,150000000000,200000000000,0.000007
158,157,200000000000,250000000000,0.000000
158,157,250000000000,300000000000,0.000283
158,157,300000000000,350000000000,0.000027
158,157,350000000000,450000000000,0.000007
158,157,450000000000,500000000000,0.000020
158,157,500000000000,550000000000,0.000013
158,157,550000000000,600000000000,0.000020
157,182,0,50000000000,0.086970
157,182,50000000000,100000000000,0.002009
157,182,100000000000,150000000000,0.000007
157,182,150000000000,250000000000,0.000013
157,182,250000000000,300000000000,0.086353
157,182,300000000000,350000000000,0.000013
157,182,350000000000,600000000000,0.000000
182,157,0,50000000000,0.037959
182,157,50000000000,100000000000,0.085894
182,157,100000000000,150000000000,0.000007
182,157,150000000000,250000000000,0.000013
182,157,250000000000,300000000000,0.002148
182,157,300000000000,350000000000,0.000013
182,157,350000000000,600000000000,0.000000
158,159,0,50000000000,0.000020
158,159,50000000000,100000000000,0.170633
158,159,100000000000,150000000000,0.002895
158,159,150000000000,200000000000,0.000007
158,159,200000000000,250000000000,0.000000
158,159,250000000000,300000000000,0.000013
158,159,300000000000,350000000000,0.000020
158,159,350000000000,400000000000,0.000007
158,159,400000000000,450000000000,0.000031
158,159,450000000000,500000000000,0.048077
158,159,500000000000,550000000000,0.000007
158,159,550000000000,600000000000,0.000013
159,158,0,50000000000,0.000020
159,158,50000000000,100000000000,0.089603
159,158,100000000000,150000000000,0.000082
159,158,150000000000,200000000000,0.000007
159,158,200000000000,250000000000,0.000000
159,158,250000000000,300000000000,0.000969
159,158,300000000000,350000000000,0.000020
159,158,350000000000,450000000000,0.000007
159,158,450000000000,500000000000,0.000013
159,158,500000000000,550000000000,0.000007
159,158,550000000000,600000000000,0.000013
158,183,0,50000000000,0.000000
158,183,50000000000,100000000000,0.048077
158,183,100000000000,150000000000,0.000007
158,183,150000000000,350000000000,0.000000
158,183,350000000000,450000000000,0.000007
158,183,450000000000,500000000000,0.000040
158,183,500000000000,550000000000,0.000060
158,183,550000000000,600000000000,0.000047
183,158,0,50000000000,0.000000
183,158,50000000000,100000000000,0.000013
183,158,100000000000,150000000000,0.000007
183,158,150000000000,350000000000,0.000000
183,158,350000000000,450000000000,0.000007
183,158,450000000000,500000000000,0.096168
183,158,500000000000,550000000000,0.000060
183,158,550000000000,600000000000,0.000047
159,160,0,50000000000,0.000020
159,160,50000000000,100000000000,0.083319
159,160,100000000000,150000000000,0.003077
159,160,150000000000,200000000000,0.000007
159,160,200000000000,250000000000,0.000000
159,160,250000000000,300000000000,0.051806
159,160,300000000000,350000000000,0.034026
159,160,350000000000,400000000000,0.000007
159,160,400000000000,450000000000,0.000000
159,160,450000000000,500000000000,0.048071
159,160,500000000000,550000000000,0.000007
159,160,550000000000,600000000000,0.000013
160,159,0,50000000000,0.000020
160,159,50000000000,100000000000,0.002151
160,159,100000000000,150000000000,0.000080
160,159,150000000000,200000000000,0.000007
160,159,200000000000,250000000000,0.000000
160,159,250000000000,300000000000,0.001360
160,159,300000000000,350000000000,0.000662
160,159,350000000000,400000000000,0.000007
160,159,400000000000,450000000000,0.000000
160,159,450000000000,550000000000,0.000007
160,159,550000000000,600000000000,0.000013
159,184,0,50000000000,0.000000
159,184,50000000000,100000000000,0.000058
159,184,100000000000,150000000000,0.000003
159,184,150000000000,250000000000,0.000000
159,184,250000000000,300000000000,0.177239
159,184,300000000000,350000000000,0.000047
159,184,350000000000,400000000000,0.048111
159,184,400000000000,450000000000,0.000034
159,184,450000000000,500000000000,0.000007
159,184,500000000000,600000000000,0.000000
184,159,0,50000000000,0.000000
184,159,50000000000,100000000000,0.003388
184,159,100000000000,150000000000,0.000010
184,159,150000000000,250000000000,0.000000
184,159,250000000000,300000000000,0.262521
184,159,300000000000,400000000000,0.000047
184,159,400000000000,450000000000,0.000106
184,159,450000000000,500000000000,0.000007
184,159,500000000000,600000000000,0.000000
160,161,0,50000000000,0.000007
160,161,50000000000,100000000000,0.086008
160,161,100000000000,250000000000,0.000000
160,161,250000000000,300000000000,0.051662
160,161,300000000000,350000000000,0.034170
160,161,350000000000,400000000000,0.000007
160,161,400000000000,450000000000,0.000000
160,161,450000000000,500000000000,0.048071
160,161,500000000000,550000000000,0.000007
160,161,550000000000,600000000000,0.000013
161,160,0,50000000000,0.000007
161,160,50000000000,100000000000,0.002045
161,160,100000000000,250000000000,0.000000
161,160,250000000000,300000000000,0.001362
161,160,300000000000,350000000000,0.000660
161,160,350000000000,400000000000,0.000007
161,160,400000000000,450000000000,0.000000
161,160,450000000000,550000000000,0.000007
161,160,550000000000,600000000000,0.000013
160,185,0,50000000000,0.173409
160,185,50000000000,100000000000,0.121505
160,185,100000000000,150000000000,0.314392
160,185,150000000000,200000000000,0.138177
160,185,200000000000,250000000000,0.004809
160,185,250000000000,300000000000,0.000007
160,185,300000000000,550000000000,0.000000
160,185,550000000000,600000000000,0.000007
185,160,0,50000000000,0.004591
185,160,50000000000,100000000000,0.094122
185,160,100000000000,150000000000,0.141882
185,160,150000000000,200000000000,0.112717
185,160,200000000000,250000000000,0.151267
185,160,250000000000,300000000000,0.000007
185,160,300000000000,550000000000,0.000000
185,160,550000000000,600000000000,0.000007
161,162,0,50000000000,0.000007
161,162,50000000000,100000000000,0.086008
161,162,100000000000,250000000000,0.000000
161,162,250000000000,300000000000,0.051526
161,162,300000000000,350000000000,0.034305
161,162,350000000000,550000000000,0.000000
161,162,550000000000,600000000000,0.000007
162,161,0,50000000000,0.000007
162,161,50000000000,100000000000,0.002045
162,161,100000000000,250000000000,0.000000
162,161,250000000000,300000000000,0.001364
162,161,300000000000,350000000000,0.000658
162,161,350000000000,550000000000,0.000000
162,161,550000000000,600000000000,0.000007
161,186,0,50000000000,0.000007
161,186,50000000000,400000000000,0.000000
161,186,400000000000,450000000000,0.000007
161,186,450000000000,500000000000,0.000000
161,186,500000000000,600000000000,0.000007
186,161,0,50000000000,0.000007
186,161,50000000000,400000000000,0.000000
186,161,400000000000,450000000000,0.000007
186,161,450000000000,500000000000,0.000000
186,161,500000000000,600000000000,0.000007
162,163,0,50000000000,0.000007
162,163,50000000000,100000000000,0.086008
162,163,100000000000,300000000000,0.000000
162,163,300000000000,350000000000,0.000007
162,163,350000000000,550000000000,0.000000
162,163,550000000000,600000000000,0.000007
163,162,0,50000000000,0.000007
163,162,50000000000,100000000000,0.002045
163,162,100000000000,300000000000,0.000000
163,162,300000000000,350000000000,0.000007
163,162,350000000000,550000000000,0.000000
163,162,550000000000,600000000000,0.000007
162,187,0,50000000000,0.000000
162,187,50000000000,100000000000,0.000007
162,187,100000000000,150000000000,0.000000
162,187,150000000000,200000000000,0.002098
162,187,200000000000,250000000000,0.000007
162,187,250000000000,300000000000,0.001904
162,187,300000000000,350000000000,0.048071
162,187,350000000000,400000000000,0.000000
162,187,400000000000,450000000000,0.000007
162,187,450000000000,600000000000,0.000000
187,162,0,50000000000,0.000000
187,162,50000000000,100000000000,0.000007
187,162,100000000000,150000000000,0.000000
187,162,150000000000,200000000000,0.085127
187,162,200000000000,250000000000,0.000007
187,162,250000000000,300000000000,0.085137
187,162,300000000000,350000000000,0.000007
187,162,350000000000,400000000000,0.000000
187,162,400000000000,450000000000,0.000007
187,162,450000000000,600000000000,0.000000
163,164,0,50000000000,0.000000
163,164,50000000000,100000000000,0.000007
163,164,100000000000,300000000000,0.000000
163,164,300000000000,350000000000,0.000007
163,164,350000000000,550000000000,0.000000
163,164,550000000000,600000000000,0.000007
164,163,0,50000000000,0.000000
164,163,50000000000,100000000000,0.000007
164,163,100000000000,300000000000,0.000000
164,163,300000000000,350000000000,0.000007
164,163,350000000000,550000000000,0.000000
164,163,550000000000,600000000000,0.000007
163,188,0,100000000000,0.000007
163,188,100000000000,150000000000,0.000013
163,188,150000000000,250000000000,0.000007
163,188,250000000000,350000000000,0.000000
163,188,350000000000,400000000000,0.000007
163,188,400000000000,600000000000,0.000000
188,163,0,100000000000,0.000007
188,163,100000000000,150000000000,0.000013
188,163,150000000000,250000000000,0.000007
188,163,250000000000,350000000000,0.000000
188,163,350000000000,400000000000,0.000007
188,163,400000000000,600000000000,0.000000
164,165,0,50000000000,0.000000
164,165,50000000000,100000000000,0.000007
164,165,100000000000,300000000000,0.000000
164,165,300000000000,350000000000,0.000007
164,165,350000000000,550000000000,0.000000
164,165,550000000000,600000000000,0.000007
165,164,0,50000000000,0.000000
165,164,50000000000,100000000000,0.000007
165,164,100000000000,300000000000,0.000000
165,164,300000000000,350000000000,0.000007
165,164,350000000000,550000000000,0.000000
165,164,550000000000,600000000000,0.000007
164,189,0,600000000000,0.000000
189,164,0,100000000000,0.000000
189,164,100000000000,150000000000,0.008003
189,164,150000000000,600000000000,0.000000
165,166,0,50000000000,0.000000
165,166,50000000000,100000000000,0.000007
165,166,100000000000,300000000000,0.000000
165,166,300000000000,350000000000,0.000007
165,166,350000000000,550000000000,0.000000
165,166,550000000000,600000000000,0.000007
166,165,0,50000000000,0.000000
166,165,50000000000,100000000000,0.000007
166,165,100000000000,300000000000,0.000000
166,165,300000000000,350000000000,0.000007
166,165,350000000000,550000000000,0.000000
166,165,550000000000,600000000000,0.000007
165,190,0,600000000000,0.000000
190,165,0,600000000000,0.000000
166,167,0,50000000000,0.000000
166,167,50000000000,100000000000,0.000007
166,167,100000000000,300000000000,0.000000
166,167,300000000000,350000000000,0.000007
166,167,350000000000,550000000000,0.000000
166,167,550000000000,600000000000,0.000007
167,166,0,50000000000,0.000000
167,166,50000000000,100000000000,0.000007
167,166,100000000000,300000000000,0.000000
167,166,300000000000,350000000000,0.000007
167,166,350000000000,550000000000,0.000000
167,166,550000000000,600000000000,0.000007
166,191,0,600000000000,0.000000
191,166,0,600000000000,0.000000
167,168,0,50000000000,0.000000
167,168,50000000000,100000000000,0.000007
167,168,100000000000,300000000000,0.000000
167,168,300000000000,350000000000,0.000007
167,168,350000000000,550000000000,0.000000
167,168,550000000000,600000000000,0.000007
168,167,0,50000000000,0.000000
168,167,50000000000,100000000000,0.000007
168,167,100000000000,300000000000,0.000000
168,167,300000000000,350000000000,0.000007
168,167,350000000000,550000000000,0.000000
168,167,550000000000,600000000000,0.000007
167,192,0,600000000000,0.000000
192,167,0,600000000000,0.000000
168,169,0,50000000000,0.000000
168,169,50000000000,100000000000,0.000007
168,169,100000000000,300000000000,0.000000
168,169,300000000000,350000000000,0.000007
168,169,350000000000,600000000000,0.000000
169,168,0,50000000000,0.000000
169,168,50000000000,100000000000,0.000007
169,168,100000000000,300000000000,0.000000
169,168,300000000000,350000000000,0.000007
169,168,350000000000,600000000000,0.000000
168,193,0,350000000000,0.000000
168,193,350000000000,400000000000,0.000007
168,193,400000000000,500000000000,0.000000
168,193,500000000000,600000000000,0.000007
193,168,0,350000000000,0.000000
193,168,350000000000,400000000000,0.000007
193,168,400000000000,500000000000,0.000000
193,168,500000000000,600000000000,0.000007
169,170,0,50000000000,0.000000
169,170,50000000000,100000000000,0.000007
169,170,100000000000,600000000000,0.000000
170,169,0,50000000000,0.000000
170,169,50000000000,100000000000,0.000007
170,169,100000000000,600000000000,0.000000
169,194,0,200000000000,0.000000
169,194,200000000000,250000000000,0.048064
169,194,250000000000,350000000000,0.000007
169,194,350000000000,600000000000,0.000000
194,169,0,250000000000,0.000000
194,169,250000000000,350000000000,0.000007
194,169,350000000000,600000000000,0.000000
170,171,0,600000000000,0.000000
171,170,0,600000000000,0.000000
170,195,0,100000000000,0.000007
170,195,100000000000,600000000000,0.000000
195,170,0,100000000000,0.000007
195,170,100000000000,600000000000,0.000000
171,172,0,600000000000,0.000000
172,171,0,600000000000,0.000000
171,196,0,350000000000,0.000000
171,196,350000000000,400000000000,0.000007
171,196,400000000000,500000000000,0.000000
171,196,500000000000,600000000000,0.000007
196,171,0,350000000000,0.000000
196,171,350000000000,400000000000,0.000007
196,171,400000000000,500000000000,0.000000
196,171,500000000000,600000000000,0.000007
172,173,0,250000000000,0.000000
172,173,250000000000,300000000000,0.000025
172,173,300000000000,600000000000,0.000000
173,172,0,600000000000,0.000000
172,197,0,200000000000,0.000000
172,197,200000000000,250000000000,0.001566
172,197,250000000000,350000000000,0.000007
172,197,350000000000,600000000000,0.000000
197,172,0,200000000000,0.000000
197,172,200000000000,250000000000,0.043120
197,172,250000000000,300000000000,0.006066
197,172,300000000000,350000000000,0.000007
197,172,350000000000,600000000000,0.000000
173,174,0,50000000000,0.086231
173,174,50000000000,100000000000,0.000000
173,174,100000000000,150000000000,0.086116
173,174,150000000000,250000000000,0.000000
173,174,250000000000,300000000000,0.000025
173,174,300000000000,600000000000,0.000000
174,173,0,50000000000,0.002404
174,173,50000000000,100000000000,0.000000
174,173,100000000000,150000000000,0.002061
174,173,150000000000,600000000000,0.000000
173,198,0,50000000000,0.048071
173,198,50000000000,100000000000,0.000007
173,198,100000000000,600000000000,0.000000
198,173,0,100000000000,0.000007
198,173,100000000000,600000000000,0.000000
150,174,0,50000000000,0.002404
150,174,50000000000,100000000000,0.000000
150,174,100000000000,150000000000,0.002061
150,174,150000000000,550000000000,0.000000
150,174,550000000000,600000000000,0.000007
174,150,0,50000000000,0.086231
174,150,50000000000,100000000000,0.000000
174,150,100000000000,150000000000,0.086116
174,150,150000000000,250000000000,0.000000
174,150,250000000000,300000000000,0.000025
174,150,300000000000,550000000000,0.000000
174,150,550000000000,600000000000,0.000007
174,199,0,500000000000,0.000000
174,199,500000000000,600000000000,0.000007
199,174,0,500000000000,0.000000
199,174,500000000000,600000000000,0.000007
175,176,0,600000000000,0.000000
176,175,0,600000000000,0.000000
175,200,0,250000000000,0.000000
175,200,250000000000,300000000000,0.000007
175,200,300000000000,350000000000,0.000013
175,200,350000000000,400000000000,0.000007
175,200,400000000000,600000000000,0.000000
200,175,0,250000000000,0.000000
200,175,250000000000,300000000000,0.000007
200,175,300000000000,350000000000,0.000013
200,175,350000000000,400000000000,0.000007
200,175,400000000000,600000000000,0.000000
176,177,0,600000000000,0.000000
177,176,0,600000000000,0.000000
176,201,0,50000000000,0.000007
176,201,50000000000,100000000000,0.000013
176,201,100000000000,600000000000,0.000000
201,176,0,50000000000,0.000007
201,176,50000000000,100000000000,0.000013
201,176,100000000000,600000000000,0.000000
177,178,0,400000000000,0.000000
177,178,400000000000,450000000000,0.000024
177,178,450000000000,600000000000,0.000000
178,177,0,600000000000,0.000000
177,202,0,50000000000,0.002054
177,202,50000000000,350000000000,0.000000
177,202,350000000000,400000000000,0.039941
177,202,400000000000,600000000000,0.000000
202,177,0,50000000000,0.086093
202,177,50000000000,600000000000,0.000000
178,179,0,400000000000,0.000000
178,179,400000000000,450000000000,0.000024
178,179,450000000000,600000000000,0.000000
179,178,0,600000000000,0.000000
178,203,0,600000000000,0.000000
203,178,0,600000000000,0.000000
179,180,0,400000000000,0.000000
179,180,400000000000,450000000000,0.000024
179,180,450000000000,600000000000,0.000000
180,179,0,600000000000,0.000000
179,204,0,300000000000,0.000000
179,204,300000000000,350000000000,0.000007
179,204,350000000000,450000000000,0.000000
179,204,450000000000,500000000000,0.000013
179,204,500000000000,550000000000,0.000007
179,204,550000000000,600000000000,0.000000
204,179,0,300000000000,0.000000
204,179,300000000000,350000000000,0.000007
204,179,350000000000,450000000000,0.000000
204,179,450000000000,500000000000,0.000013
204,179,500000000000,550000000000,0.000007
204,179,550000000000,600000000000,0.000000
180,181,0,50000000000,0.000000
180,181,50000000000,100000000000,0.000013
180,181,100000000000,400000000000,0.000000
180,181,400000000000,450000000000,0.000024
180,181,450000000000,500000000000,0.000000
180,181,500000000000,600000000000,0.000007
181,180,0,50000000000,0.000000
181,180,50000000000,100000000000,0.000013
181,180,100000000000,500000000000,0.000000
181,180,500000000000,600000000000,0.000007
180,205,0,250000000000,0.000000
180,205,250000000000,300000000000,0.000007
180,205,300000000000,350000000000,0.000000
180,205,350000000000,400000000000,0.000007
180,205,400000000000,600000000000,0.000020
205,180,0,250000000000,0.000000
205,180,250000000000,300000000000,0.000007
205,180,300000000000,350000000000,0.000000
205,180,350000000000,400000000000,0.000007
205,180,400000000000,600000000000,0.000020
181,182,0,50000000000,0.000000
181,182,50000000000,100000000000,0.000013
181,182,100000000000,250000000000,0.000000
181,182,250000000000,300000000000,0.084494
181,182,300000000000,350000000000,0.000007
181,182,350000000000,400000000000,0.000000
181,182,400000000000,450000000000,0.000031
181,182,450000000000,500000000000,0.000000
181,182,500000000000,600000000000,0.000007
182,181,0,50000000000,0.000000
182,181,50000000000,100000000000,0.000013
182,181,100000000000,250000000000,0.000000
182,181,250000000000,300000000000,0.001803
182,181,300000000000,350000000000,0.000007
182,181,350000000000,400000000000,0.000000
182,181,400000000000,450000000000,0.000007
182,181,450000000000,500000000000,0.000000
182,181,500000000000,600000000000,0.000007
181,206,0,50000000000,0.000007
181,206,50000000000,100000000000,0.001039
181,206,100000000000,200000000000,0.000007
181,206,200000000000,250000000000,0.000020
181,206,250000000000,350000000000,0.000013
181,206,350000000000,400000000000,0.000020
181,206,400000000000,450000000000,0.000007
181,206,450000000000,500000000000,0.000000
181,206,500000000000,550000000000,0.000007
181,206,550000000000,600000000000,0.000013
206,181,0,50000000000,0.000007
206,181,50000000000,100000000000,0.053419
206,181,100000000000,200000000000,0.000007
206,181,200000000000,250000000000,0.000020
206,181,250000000000,350000000000,0.000013
206,181,350000000000,400000000000,0.000020
206,181,400000000000,450000000000,0.000007
206,181,450000000000,500000000000,0.000000
206,181,500000000000,550000000000,0.000007
206,181,550000000000,600000000000,0.000013
182,183,0,50000000000,0.001971
182,183,50000000000,100000000000,0.000020
182,183,100000000000,150000000000,0.000000
182,183,150000000000,250000000000,0.000007
182,183,250000000000,300000000000,0.084494
182,183,300000000000,350000000000,0.000007
182,183,350000000000,400000000000,0.000000
182,183,400000000000,450000000000,0.000031
182,183,450000000000,500000000000,0.000000
182,183,500000000000,600000000000,0.000007
183,182,0,50000000000,0.085550
183,182,50000000000,100000000000,0.000020
183,182,100000000000,150000000000,0.000000
183,182,150000000000,250000000000,0.000007
183,182,250000000000,300000000000,0.001803
183,182,300000000000,350000000000,0.000007
183,182,350000000000,400000000000,0.000000
183,182,400000000000,450000000000,0.000007
183,182,450000000000,500000000000,0.000000
183,182,500000000000,600000000000,0.000007
182,207,0,50000000000,0.001090
182,207,50000000000,100000000000,0.002016
182,207,100000000000,150000000000,0.000020
182,207,150000000000,250000000000,0.000007
182,207,250000000000,300000000000,0.086353
182,207,300000000000,350000000000,0.000013
182,207,350000000000,600000000000,0.000000
207,182,0,50000000000,0.035975
207,182,50000000000,100000000000,0.085871
207,182,100000000000,150000000000,0.000020
207,182,150000000000,250000000000,0.000007
207,182,250000000000,300000000000,0.002148
207,182,300000000000,350000000000,0.000013
207,182,350000000000,600000000000,0.000000
183,184,0,50000000000,0.000007
183,184,50000000000,100000000000,0.000020
183,184,100000000000,150000000000,0.000000
183,184,150000000000,200000000000,0.049979
183,184,200000000000,250000000000,0.000007
183,184,250000000000,300000000000,0.084494
183,184,300000000000,350000000000,0.000007
183,184,350000000000,400000000000,0.000000
183,184,400000000000,450000000000,0.000037
183,184,450000000000,500000000000,0.000007
183,184,500000000000,600000000000,0.000000
184,183,0,50000000000,0.000007
184,183,50000000000,100000000000,0.000020
184,183,100000000000,150000000000,0.000000
184,183,150000000000,200000000000,0.084815
184,183,200000000000,250000000000,0.000007
184,183,250000000000,300000000000,0.001803
184,183,300000000000,350000000000,0.000007
184,183,350000000000,400000000000,0.000000
184,183,400000000000,450000000000,0.000013
184,183,450000000000,500000000000,0.048071
184,183,500000000000,600000000000,0.000000
183,208,0,50000000000,0.001964
183,208,50000000000,100000000000,0.048077
183,208,100000000000,150000000000,0.000007
183,208,150000000000,350000000000,0.000000
183,208,350000000000,400000000000,0.000007
183,208,400000000000,450000000000,0.000000
183,208,450000000000,500000000000,0.000047
183,208,500000000000,600000000000,0.000040
208,183,0,50000000000,0.085543
208,183,50000000000,100000000000,0.000013
208,183,100000000000,150000000000,0.000007
208,183,150000000000,350000000000,0.000000
208,183,350000000000,400000000000,0.000007
208,183,400000000000,450000000000,0.000000
208,183,450000000000,500000000000,0.048111
208,183,500000000000,600000000000,0.000040
184,185,0,50000000000,0.000007
184,185,50000000000,100000000000,0.000020
184,185,100000000000,150000000000,0.000092
184,185,150000000000,200000000000,0.049979
184,185,200000000000,250000000000,0.000007
184,185,250000000000,400000000000,0.000000
184,185,400000000000,450000000000,0.000013
184,185,450000000000,500000000000,0.000007
184,185,500000000000,600000000000,0.000000
185,184,0,50000000000,0.000007
185,184,50000000000,100000000000,0.000020
185,184,100000000000,150000000000,0.000000
185,184,150000000000,200000000000,0.084815
185,184,200000000000,250000000000,0.000007
185,184,250000000000,400000000000,0.000000
185,184,400000000000,450000000000,0.000013
185,184,450000000000,500000000000,0.048071
185,184,500000000000,600000000000,0.000000
184,209,0,50000000000,0.000000
184,209,50000000000,100000000000,0.000057
184,209,100000000000,150000000000,0.000003
184,209,150000000000,250000000000,0.000000
184,209,250000000000,300000000000,0.175436
184,209,300000000000,350000000000,0.000040
184,209,350000000000,400000000000,0.048124
184,209,400000000000,450000000000,0.000047
184,209,450000000000,500000000000,0.000007
184,209,500000000000,600000000000,0.000000
209,184,0,50000000000,0.000000
209,184,50000000000,100000000000,0.003487
209,184,100000000000,150000000000,0.000002
209,184,150000000000,250000000000,0.000000
209,184,250000000000,300000000000,0.179633
209,184,300000000000,350000000000,0.000040
209,184,350000000000,400000000000,0.000060
209,184,400000000000,450000000000,0.000095
209,184,450000000000,500000000000,0.000007
209,184,500000000000,600000000000,0.000000
185,186,0,50000000000,0.000007
185,186,50000000000,150000000000,0.000000
185,186,150000000000,200000000000,0.000007
185,186,200000000000,250000000000,0.002068
185,186,250000000000,400000000000,0.000000
185,186,400000000000,500000000000,0.000013
185,186,500000000000,600000000000,0.000000
186,185,0,50000000000,0.000007
186,185,50000000000,150000000000,0.000000
186,185,150000000000,200000000000,0.000011
186,185,200000000000,250000000000,0.085871
186,185,250000000000,400000000000,0.000000
186,185,400000000000,450000000000,0.000013
186,185,450000000000,500000000000,0.048077
186,185,500000000000,600000000000,0.000000
185,210,0,50000000000,0.173364
185,210,50000000000,100000000000,0.121452
185,210,100000000000,150000000000,0.314496
185,210,150000000000,200000000000,0.188152
185,210,200000000000,250000000000,0.090688
185,210,250000000000,300000000000,0.000007
185,210,300000000000,450000000000,0.000000
185,210,450000000000,500000000000,0.000007
185,210,500000000000,550000000000,0.000000
185,210,550000000000,600000000000,0.000007
210,185,0,50000000000,0.004592
210,185,50000000000,100000000000,0.094115
210,185,100000000000,150000000000,0.141803
210,185,150000000000,200000000000,0.197622
210,185,200000000000,250000000000,0.153245
210,185,250000000000,300000000000,0.000007
210,185,300000000000,450000000000,0.000000
210,185,450000000000,500000000000,0.000007
210,185,500000000000,550000000000,0.000000
210,185,550000000000,600000000000,0.000007
186,187,0,50000000000,0.000007
186,187,50000000000,150000000000,0.000000
186,187,150000000000,200000000000,0.000007
186,187,200000000000,250000000000,0.002075
186,187,250000000000,400000000000,0.000000
186,187,400000000000,500000000000,0.000013
186,187,500000000000,600000000000,0.000000
187,186,0,50000000000,0.000007
187,186,50000000000,150000000000,0.000000
187,186,150000000000,200000000000,0.000011
187,186,200000000000,250000000000,0.085877
187,186,250000000000,400000000000,0.000000
187,186,400000000000,500000000000,0.000013
187,186,500000000000,600000000000,0.000000
186,211,0,50000000000,0.000007
186,211,50000000000,200000000000,0.000000
186,211,200000000000,250000000000,0.000007
186,211,250000000000,400000000000,0.000000
186,211,400000000000,450000000000,0.000007
186,211,450000000000,500000000000,0.000000
186,211,500000000000,600000000000,0.000007
211,186,0,50000000000,0.000007
211,186,50000000000,200000000000,0.000000
211,186,200000000000,250000000000,0.000007
211,186,250000000000,400000000000,0.000000
211,186,400000000000,450000000000,0.000007
211,186,450000000000,500000000000,0.000000
211,186,500000000000,600000000000,0.000007
187,188,0,50000000000,0.000013
187,188,50000000000,100000000000,0.000000
187,188,100000000000,150000000000,0.001241
187,188,150000000000,250000000000,0.000013
187,188,250000000000,600000000000,0.000000
188,187,0,50000000000,0.000013
188,187,50000000000,100000000000,0.000000
188,187,100000000000,150000000000,0.040704
188,187,150000000000,200000000000,0.000108
188,187,200000000000,250000000000,0.000013
188,187,250000000000,600000000000,0.000000
187,212,0,100000000000,0.000007
187,212,100000000000,150000000000,0.040651
187,212,150000000000,200000000000,0.002236
187,212,200000000000,300000000000,0.000007
187,212,300000000000,350000000000,0.048071
187,212,350000000000,400000000000,0.000000
187,212,400000000000,450000000000,0.000007
187,212,450000000000,600000000000,0.000000
212,187,0,100000000000,0.000007
212,187,100000000000,150000000000,0.001243
212,187,150000000000,200000000000,0.085120
212,187,200000000000,350000000000,0.000007
212,187,350000000000,400000000000,0.000000
212,187,400000000000,450000000000,0.000007
212,187,450000000000,600000000000,0.000000
188,189,0,50000000000,0.000013
188,189,50000000000,600000000000,0.000000
189,188,0,50000000000,0.000013
189,188,50000000000,600000000000,0.000000
188,213,0,100000000000,0.000007
188,213,100000000000,150000000000,0.000013
188,213,150000000000,250000000000,0.000007
188,213,250000000000,350000000000,0.000000
188,213,350000000000,400000000000,0.000007
188,213,400000000000,600000000000,0.000000
213,188,0,100000000000,0.000007
213,188,100000000000,150000000000,0.000013
213,188,150000000000,250000000000,0.000007
213,188,250000000000,350000000000,0.000000
213,188,350000000000,400000000000,0.000007
213,188,400000000000,600000000000,0.000000
189,190,0,600000000000,0.000000
190,189,0,600000000000,0.000000
189,214,0,600000000000,0.000000
214,189,0,100000000000,0.000000
214,189,100000000000,150000000000,0.008003
214,189,150000000000,600000000000,0.000000
190,191,0,600000000000,0.000000
191,190,0,600000000000,0.000000
190,215,0,600000000000,0.000000
215,190,0,600000000000,0.000000
191,192,0,600000000000,0.000000
192,191,0,600000000000,0.000000
191,216,0,600000000000,0.000000
216,191,0,600000000000,0.000000
192,193,0,600000000000,0.000000
193,192,0,600000000000,0.000000
192,217,0,600000000000,0.000000
217,192,0,600000000000,0.000000
193,194,0,600000000000,0.000000
194,193,0,600000000000,0.000000
193,218,0,350000000000,0.000000
193,218,350000000000,400000000000,0.000007
193,218,400000000000,500000000000,0.000000
193,218,500000000000,600000000000,0.000007
218,193,0,350000000000,0.000000
218,193,350000000000,400000000000,0.000007
218,193,400000000000,500000000000,0.000000
218,193,500000000000,600000000000,0.000007
194,195,0,600000000000,0.000000
195,194,0,600000000000,0.000000
194,219,0,200000000000,0.000000
194,219,200000000000,250000000000,0.048064
194,219,250000000000,350000000000,0.000007
194,219,350000000000,600000000000,0.000000
219,194,0,250000000000,0.000000
219,194,250000000000,350000000000,0.000007
219,194,350000000000,600000000000,0.000000
195,196,0,600000000000,0.000000
196,195,0,600000000000,0.000000
195,220,0,100000000000,0.000007
195,220,100000000000,600000000000,0.000000
220,195,0,100000000000,0.000007
220,195,100000000000,600000000000,0.000000
196,197,0,600000000000,0.000000
197,196,0,600000000000,0.000000
196,221,0,350000000000,0.000000
196,221,350000000000,400000000000,0.000007
196,221,400000000000,500000000000,0.000000
196,221,500000000000,600000000000,0.000007
221,196,0,350000000000,0.000000
221,196,350000000000,400000000000,0.000007
221,196,400000000000,500000000000,0.000000
221,196,500000000000,600000000000,0.000007
197,198,0,600000000000,0.000000
198,197,0,600000000000,0.000000
197,222,0,200000000000,0.000000
197,222,200000000000,250000000000,0.001566
197,222,250000000000,350000000000,0.000007
197,222,350000000000,600000000000,0.000000
222,197,0,200000000000,0.000000
222,197,200000000000,250000000000,0.043120
222,197,250000000000,300000000000,0.006066
222,197,300000000000,350000000000,0.000007
222,197,350000000000,600000000000,0.000000
198,199,0,600000000000,0.000000
199,198,0,600000000000,0.000000
198,223,0,50000000000,0.048071
198,223,50000000000,100000000000,0.000007
198,223,100000000000,600000000000,0.000000
223,198,0,100000000000,0.000007
223,198,100000000000,600000000000,0.000000
175,199,0,600000000000,0.000000
199,175,0,600000000000,0.000000
199,224,0,500000000000,0.000000
199,224,500000000000,600000000000,0.000007
224,199,0,500000000000,0.000000
224,199,500000000000,600000000000,0.000007
200,201,0,200000000000,0.000000
200,201,200000000000,350000000000,0.000007
200,201,350000000000,450000000000,0.000000
200,201,450000000000,600000000000,0.000007
201,200,0,200000000000,0.000000
201,200,200000000000,350000000000,0.000007
201,200,350000000000,450000000000,0.000000
201,200,450000000000,600000000000,0.000007
200,225,0,200000000000,0.000000
200,225,200000000000,250000000000,0.000007
200,225,250000000000,300000000000,0.000013
200,225,300000000000,350000000000,0.000020
200,225,350000000000,400000000000,0.000007
200,225,400000000000,600000000000,0.000000
225,200,0,200000000000,0.000000
225,200,200000000000,250000000000,0.000007
225,200,250000000000,300000000000,0.000013
225,200,300000000000,350000000000,0.000020
225,200,350000000000,400000000000,0.000007
225,200,400000000000,600000000000,0.000000
201,202,0,100000000000,0.000007
201,202,100000000000,200000000000,0.000000
201,202,200000000000,350000000000,0.000007
201,202,350000000000,450000000000,0.000000
201,202,450000000000,600000000000,0.000007
202,201,0,100000000000,0.000007
202,201,100000000000,200000000000,0.000000
202,201,200000000000,350000000000,0.000007
202,201,350000000000,450000000000,0.000000
202,201,450000000000,600000000000,0.000007
201,226,0,50000000000,0.000013
201,226,50000000000,100000000000,0.000020
201,226,100000000000,600000000000,0.000000
226,201,0,50000000000,0.000013
226,201,50000000000,100000000000,0.000020
226,201,100000000000,600000000000,0.000000
202,203,0,100000000000,0.000007
202,203,100000000000,200000000000,0.000000
202,203,200000000000,350000000000,0.000007
202,203,350000000000,400000000000,0.039917
202,203,400000000000,450000000000,0.000024
202,203,450000000000,550000000000,0.000007
202,203,550000000000,600000000000,0.000020
203,202,0,100000000000,0.000007
203,202,100000000000,200000000000,0.000000
203,202,200000000000,350000000000,0.000007
203,202,350000000000,450000000000,0.000000
203,202,450000000000,550000000000,0.000007
203,202,550000000000,600000000000,0.000020
202,227,0,50000000000,0.002054
202,227,50000000000,600000000000,0.000000
227,202,0,50000000000,0.086093
227,202,50000000000,600000000000,0.000000
203,204,0,100000000000,0.000007
203,204,100000000000,200000000000,0.000000
203,204,200000000000,300000000000,0.000007
203,204,300000000000,350000000000,0.000020
203,204,350000000000,400000000000,0.000013
203,204,400000000000,450000000000,0.000048
203,204,450000000000,550000000000,0.000007
203,204,550000000000,600000000000,0.000020
204,203,0,100000000000,0.000007
204,203,100000000000,200000000000,0.000000
204,203,200000000000,300000000000,0.000007
204,203,300000000000,350000000000,0.000020
204,203,350000000000,400000000000,0.000013
204,203,400000000000,450000000000,0.000000
204,203,450000000000,550000000000,0.000007
204,203,550000000000,600000000000,0.000020
203,228,0,600000000000,0.000000
228,203,0,600000000000,0.000000
204,205,0,100000000000,0.000007
204,205,100000000000,150000000000,0.000013
204,205,150000000000,200000000000,0.000000
204,205,200000000000,300000000000,0.000007
204,205,300000000000,400000000000,0.000013
204,205,400000000000,450000000000,0.000048
204,205,450000000000,550000000000,0.000007
204,205,550000000000,600000000000,0.000020
205,204,0,100000000000,0.000007
205,204,100000000000,150000000000,0.000013
205,204,150000000000,200000000000,0.000000
205,204,200000000000,300000000000,0.000007
205,204,300000000000,400000000000,0.000013
205,204,400000000000,450000000000,0.000000
205,204,450000000000,550000000000,0.000007
205,204,550000000000,600000000000,0.000020
204,229,0,450000000000,0.000000
204,229,450000000000,500000000000,0.000013
204,229,500000000000,550000000000,0.000007
204,229,550000000000,600000000000,0.000000
229,204,0,450000000000,0.000000
229,204,450000000000,500000000000,0.000013
229,204,500000000000,550000000000,0.000007
229,204,550000000000,600000000000,0.000000
205,206,0,100000000000,0.000007
205,206,100000000000,150000000000,0.000013
205,206,150000000000,200000000000,0.000000
205,206,200000000000,300000000000,0.000007
205,206,300000000000,400000000000,0.000013
205,206,400000000000,450000000000,0.000048
205,206,450000000000,550000000000,0.000007
205,206,550000000000,600000000000,0.000020
206,205,0,100000000000,0.000007
206,205,100000000000,150000000000,0.000013
206,205,150000000000,200000000000,0.000000
206,205,200000000000,300000000000,0.000007
206,205,300000000000,400000000000,0.000013
206,205,400000000000,450000000000,0.000000
206,205,450000000000,550000000000,0.000007
206,205,550000000000,600000000000,0.000020
205,230,0,250000000000,0.000000
205,230,250000000000,300000000000,0.000007
205,230,300000000000,350000000000,0.000000
205,230,350000000000,400000000000,0.000007
205,230,400000000000,550000000000,0.000020
205,230,550000000000,600000000000,0.000007
230,205,0,250000000000,0.000000
230,205,250000000000,300000000000,0.000007
230,205,300000000000,350000000000,0.000000
230,205,350000000000,400000000000,0.000007
230,205,400000000000,550000000000,0.000020
230,205,550000000000,600000000000,0.000007
206,207,0,100000000000,0.000007
206,207,100000000000,150000000000,0.000013
206,207,150000000000,200000000000,0.000000
206,207,200000000000,300000000000,0.000007
206,207,300000000000,350000000000,0.000013
206,207,350000000000,400000000000,0.000027
206,207,400000000000,450000000000,0.000055
206,207,450000000000,500000000000,0.000007
206,207,500000000000,550000000000,0.000000
206,207,550000000000,600000000000,0.000020
207,206,0,100000000000,0.000007
207,206,100000000000,150000000000,0.000013
207,206,150000000000,200000000000,0.000000
207,206,200000000000,300000000000,0.000007
207,206,300000000000,350000000000,0.000013
207,206,350000000000,400000000000,0.000027
207,206,400000000000,500000000000,0.000007
207,206,500000000000,550000000000,0.000000
207,206,550000000000,600000000000,0.000020
206,231,0,50000000000,0.000007
206,231,50000000000,100000000000,0.001039
206,231,100000000000,200000000000,0.000007
206,231,200000000000,250000000000,0.000020
206,231,250000000000,350000000000,0.000013
206,231,350000000000,400000000000,0.000007
206,231,400000000000,500000000000,0.000000
206,231,500000000000,600000000000,0.000013
231,206,0,50000000000,0.000007
231,206,50000000000,100000000000,0.053419
231,206,100000000000,200000000000,0.000007
231,206,200000000000,250000000000,0.000020
231,206,250000000000,350000000000,0.000013
231,206,350000000000,400000000000,0.000007
231,206,400000000000,500000000000,0.000000
231,206,500000000000,600000000000,0.000013
207,208,0,50000000000,0.000007
207,208,50000000000,100000000000,0.085595
207,208,100000000000,150000000000,0.000020
207,208,150000000000,200000000000,0.000007
207,208,200000000000,250000000000,0.002075
207,208,250000000000,300000000000,0.001977
207,208,300000000000,350000000000,0.000007
207,208,350000000000,400000000000,0.000020
207,208,400000000000,450000000000,0.000055
207,208,450000000000,550000000000,0.000000
207,208,550000000000,600000000000,0.000020
208,207,0,50000000000,0.000007
208,207,50000000000,100000000000,0.001977
208,207,100000000000,150000000000,0.000020
208,207,150000000000,200000000000,0.000007
208,207,200000000000,250000000000,0.085877
208,207,250000000000,300000000000,0.085933
208,207,300000000000,350000000000,0.000007
208,207,350000000000,400000000000,0.000020
208,207,400000000000,450000000000,0.000007
208,207,450000000000,550000000000,0.000000
208,207,550000000000,600000000000,0.000020
207,232,0,50000000000,0.001089
207,232,50000000000,100000000000,0.002017
207,232,100000000000,150000000000,0.000013
207,232,150000000000,200000000000,0.001949
207,232,200000000000,250000000000,0.000000
207,232,250000000000,300000000000,0.086359
207,232,300000000000,350000000000,0.000020
207,232,350000000000,400000000000,0.000007
207,232,400000000000,450000000000,0.000000
207,232,450000000000,500000000000,0.000007
207,232,500000000000,600000000000,0.000000
232,207,0,50000000000,0.036037
232,207,50000000000,100000000000,0.085809
232,207,100000000000,150000000000,0.000013
232,207,150000000000,200000000000,0.085428
232,207,200000000000,250000000000,0.000000
232,207,250000000000,300000000000,0.002154
232,207,300000000000,350000000000,0.048084
232,207,350000000000,400000000000,0.000007
232,207,400000000000,450000000000,0.000000
232,207,450000000000,500000000000,0.000007
232,207,500000000000,600000000000,0.000000
208,209,0,50000000000,0.000000
208,209,50000000000,100000000000,0.085589
208,209,100000000000,150000000000,0.000013
208,209,150000000000,200000000000,0.000007
208,209,200000000000,250000000000,0.002068
208,209,250000000000,300000000000,0.001977
208,209,300000000000,350000000000,0.000007
208,209,350000000000,400000000000,0.000020
208,209,400000000000,450000000000,0.000055
208,209,450000000000,600000000000,0.000000
209,208,0,50000000000,0.000000
209,208,50000000000,100000000000,0.001971
209,208,100000000000,150000000000,0.000013
209,208,150000000000,200000000000,0.000007
209,208,200000000000,250000000000,0.085871
209,208,250000000000,300000000000,0.085933
209,208,300000000000,350000000000,0.000007
209,208,350000000000,400000000000,0.000020
209,208,400000000000,450000000000,0.000007
209,208,450000000000,600000000000,0.000000
208,233,0,50000000000,0.001971
208,233,50000000000,100000000000,0.000020
208,233,100000000000,150000000000,0.000013
208,233,150000000000,200000000000,0.000000
208,233,200000000000,250000000000,0.000007
208,233,250000000000,350000000000,0.000000
208,233,350000000000,400000000000,0.000007
208,233,400000000000,450000000000,0.000013
208,233,450000000000,500000000000,0.000047
208,233,500000000000,550000000000,0.000040
208,233,550000000000,600000000000,0.000047
233,208,0,50000000000,0.085550
233,208,50000000000,100000000000,0.000020
233,208,100000000000,150000000000,0.000013
233,208,150000000000,200000000000,0.000000
233,208,200000000000,250000000000,0.000007
233,208,250000000000,350000000000,0.000000
233,208,350000000000,400000000000,0.000007
233,208,400000000000,450000000000,0.000013
233,208,450000000000,500000000000,0.048111
233,208,500000000000,550000000000,0.000040
233,208,550000000000,600000000000,0.000047
209,210,0,50000000000,0.000000
209,210,50000000000,100000000000,0.085589
209,210,100000000000,150000000000,0.000128
209,210,150000000000,200000000000,0.000007
209,210,200000000000,250000000000,0.002068
209,210,250000000000,300000000000,0.002258
209,210,300000000000,400000000000,0.000000
209,210,400000000000,450000000000,0.000007
209,210,450000000000,600000000000,0.000000
210,209,0,50000000000,0.000000
210,209,50000000000,100000000000,0.001971
210,209,100000000000,150000000000,0.000013
210,209,150000000000,200000000000,0.046605
210,209,200000000000,250000000000,0.085871
210,209,250000000000,300000000000,0.087287
210,209,300000000000,400000000000,0.000000
210,209,400000000000,450000000000,0.000007
210,209,450000000000,600000000000,0.000000
209,234,0,50000000000,0.000000
209,234,50000000000,100000000000,0.000055
209,234,100000000000,150000000000,0.000005
209,234,150000000000,200000000000,0.000013
209,234,200000000000,250000000000,0.000000
209,234,250000000000,300000000000,0.087245
209,234,300000000000,350000000000,0.000047
209,234,350000000000,400000000000,0.048145
209,234,400000000000,450000000000,0.000060
209,234,450000000000,500000000000,0.000007
209,234,500000000000,600000000000,0.000000
234,209,0,50000000000,0.000000
234,209,50000000000,100000000000,0.003582
234,209,100000000000,150000000000,0.000022
234,209,150000000000,200000000000,0.000013
234,209,200000000000,250000000000,0.000000
234,209,250000000000,300000000000,0.090370
234,209,300000000000,350000000000,0.000047
234,209,350000000000,400000000000,0.000081
234,209,400000000000,450000000000,0.000060
234,209,450000000000,500000000000,0.000007
234,209,500000000000,600000000000,0.000000
210,211,0,200000000000,0.000000
210,211,200000000000,250000000000,0.000007
210,211,250000000000,300000000000,0.002258
210,211,300000000000,400000000000,0.000000
210,211,400000000000,450000000000,0.000007
210,211,450000000000,600000000000,0.000000
211,210,0,150000000000,0.000000
211,210,150000000000,200000000000,0.000002
211,210,200000000000,250000000000,0.000007
211,210,250000000000,300000000000,0.087287
211,210,300000000000,400000000000,0.000000
211,210,400000000000,450000000000,0.000007
211,210,450000000000,600000000000,0.000000
210,235,0,50000000000,0.173292
210,235,50000000000,100000000000,0.038851
210,235,100000000000,150000000000,0.223987
210,235,150000000000,200000000000,0.141559
210,235,200000000000,250000000000,0.004841
210,235,250000000000,300000000000,0.000007
210,235,300000000000,450000000000,0.000000
210,235,450000000000,500000000000,0.000007
210,235,500000000000,550000000000,0.000000
210,235,550000000000,600000000000,0.000007
235,210,0,50000000000,0.004592
235,210,50000000000,100000000000,0.091983
235,210,100000000000,150000000000,0.139440
235,210,150000000000,200000000000,0.197720
235,210,200000000000,250000000000,0.151106
235,210,250000000000,300000000000,0.000007
235,210,300000000000,450000000000,0.000000
235,210,450000000000,500000000000,0.000007
235,210,500000000000,550000000000,0.000000
235,210,550000000000,600000000000,0.000007
211,212,0,200000000000,0.000000
211,212,200000000000,250000000000,0.000007
211,212,250000000000,600000000000,0.000000
212,211,0,150000000000,0.000000
212,211,150000000000,200000000000,0.000002
212,211,200000000000,250000000000,0.000007
212,211,250000000000,600000000000,0.000000
211,236,0,50000000000,0.000007
211,236,50000000000,200000000000,0.000000
211,236,200000000000,250000000000,0.000007
211,236,250000000000,500000000000,0.000000
211,236,500000000000,600000000000,0.000007
236,211,0,50000000000,0.000007
236,211,50000000000,200000000000,0.000000
236,211,200000000000,250000000000,0.000007
236,211,250000000000,500000000000,0.000000
236,211,500000000000,600000000000,0.000007
212,213,0,600000000000,0.000000
213,212,0,600000000000,0.000000
212,237,0,100000000000,0.000007
212,237,100000000000,150000000000,0.040586
212,237,150000000000,200000000000,0.000210
212,237,200000000000,250000000000,0.000000
212,237,250000000000,300000000000,0.000007
212,237,300000000000,350000000000,0.048071
212,237,350000000000,400000000000,0.000000
212,237,400000000000,450000000000,0.000007
212,237,450000000000,600000000000,0.000000
237,212,0,100000000000,0.000007
237,212,100000000000,150000000000,0.001245
237,212,150000000000,250000000000,0.000000
237,212,250000000000,350000000000,0.000007
237,212,350000000000,400000000000,0.000000
237,212,400000000000,450000000000,0.000007
237,212,450000000000,600000000000,0.000000
213,214,0,600000000000,0.000000
214,213,0,600000000000,0.000000
213,238,0,100000000000,0.000007
213,238,100000000000,150000000000,0.000013
213,238,150000000000,250000000000,0.000007
213,238,250000000000,350000000000,0.000000
213,238,350000000000,400000000000,0.000007
213,238,400000000000,600000000000,0.000000
238,213,0,100000000000,0.000007
238,213,100000000000,150000000000,0.000013
238,213,150000000000,250000000000,0.000007
238,213,250000000000,350000000000,0.000000
238,213,350000000000,400000000000,0.000007
238,213,400000000000,600000000000,0.000000
214,215,0,600000000000,0.000000
215,214,0,600000000000,0.000000
214,239,0,600000000000,0.000000
239,214,0,100000000000,0.000000
239,214,100000000000,150000000000,0.008003
239,214,150000000000,600000000000,0.000000
215,216,0,600000000000,0.000000
216,215,0,600000000000,0.000000
215,240,0,600000000000,0.000000
240,215,0,600000000000,0.000000
216,217,0,600000000000,0.000000
217,216,0,600000000000,0.000000
216,241,0,600000000000,0.000000
241,216,0,600000000000,0.000000
217,218,0,600000000000,0.000000
218,217,0,600000000000,0.000000
217,242,0,600000000000,0.000000
242,217,0,600000000000,0.000000
218,219,0,600000000000,0.000000
219,218,0,600000000000,0.000000
218,243,0,350000000000,0.000000
218,243,350000000000,400000000000,0.000007
218,243,400000000000,500000000000,0.000000
218,243,500000000000,600000000000,0.000007
243,218,0,350000000000,0.000000
243,218,350000000000,400000000000,0.000007
243,218,400000000000,500000000000,0.000000
243,218,500000000000,600000000000,0.000007
219,220,0,600000000000,0.000000
220,219,0,600000000000,0.000000
219,244,0,200000000000,0.000000
219,244,200000000000,250000000000,0.048064
219,244,250000000000,350000000000,0.000007
219,244,350000000000,600000000000,0.000000
244,219,0,250000000000,0.000000
244,219,250000000000,350000000000,0.000007
244,219,350000000000,600000000000,0.000000
220,221,0,600000000000,0.000000
221,220,0,600000000000,0.000000
220,245,0,100000000000,0.000007
220,245,100000000000,600000000000,0.000000
245,220,0,100000000000,0.000007
245,220,100000000000,600000000000,0.000000
221,222,0,600000000000,0.000000
222,221,0,600000000000,0.000000
221,246,0,350000000000,0.000000
221,246,350000000000,400000000000,0.000007
221,246,400000000000,500000000000,0.000000
221,246,500000000000,600000000000,0.000007
246,221,0,350000000000,0.000000
246,221,350000000000,400000000000,0.000007
246,221,400000000000,500000000000,0.000000
246,221,500000000000,600000000000,0.000007
222,223,0,600000000000,0.000000
223,222,0,600000000000,0.000000
222,247,0,200000000000,0.000000
222,247,200000000000,250000000000,0.001566
222,247,250000000000,350000000000,0.000007
222,247,350000000000,600000000000,0.000000
247,222,0,200000000000,0.000000
247,222,200000000000,250000000000,0.043199
247,222,250000000000,300000000000,0.005987
247,222,300000000000,350000000000,0.000007
247,222,350000000000,600000000000,0.000000
223,224,0,600000000000,0.000000
224,223,0,600000000000,0.000000
223,248,0,50000000000,0.048071
223,248,50000000000,100000000000,0.000007
223,248,100000000000,600000000000,0.000000
248,223,0,100000000000,0.000007
248,223,100000000000,600000000000,0.000000
200,224,0,450000000000,0.000000
200,224,450000000000,600000000000,0.000007
224,200,0,450000000000,0.000000
224,200,450000000000,600000000000,0.000007
224,249,0,450000000000,0.000000
224,249,450000000000,500000000000,0.000007
224,249,500000000000,600000000000,0.000013
249,224,0,450000000000,0.000000
249,224,450000000000,500000000000,0.000007
249,224,500000000000,600000000000,0.000013
225,226,0,150000000000,0.000000
225,226,150000000000,250000000000,0.000007
225,226,250000000000,400000000000,0.000000
225,226,400000000000,500000000000,0.000007
225,226,500000000000,600000000000,0.000000
226,225,0,150000000000,0.000000
226,225,150000000000,250000000000,0.000007
226,225,250000000000,400000000000,0.000000
226,225,400000000000,500000000000,0.000007
226,225,500000000000,600000000000,0.000000
225,250,0,200000000000,0.000000
225,250,200000000000,250000000000,0.000007
225,250,250000000000,300000000000,0.000013
225,250,300000000000,350000000000,0.000020
225,250,350000000000,400000000000,0.000007
225,250,400000000000,600000000000,0.000000
250,225,0,200000000000,0.000000
250,225,200000000000,250000000000,0.000007
250,225,250000000000,300000000000,0.000013
250,225,300000000000,350000000000,0.000020
250,225,350000000000,400000000000,0.000007
250,225,400000000000,600000000000,0.000000
226,227,0,150000000000,0.000000
226,227,150000000000,250000000000,0.000007
226,227,250000000000,400000000000,0.000000
226,227,400000000000,500000000000,0.000007
226,227,500000000000,600000000000,0.000000
227,226,0,150000000000,0.000000
227,226,150000000000,250000000000,0.000007
227,226,250000000000,400000000000,0.000000
227,226,400000000000,500000000000,0.000007
227,226,500000000000,600000000000,0.000000
226,251,0,50000000000,0.000013
226,251,50000000000,100000000000,0.000020
226,251,100000000000,600000000000,0.000000
251,226,0,50000000000,0.000013
251,226,50000000000,100000000000,0.000020
251,226,100000000000,600000000000,0.000000
227,228,0,50000000000,0.002054
227,228,50000000000,150000000000,0.000000
227,228,150000000000,250000000000,0.000007
227,228,250000000000,400000000000,0.000000
227,228,400000000000,500000000000,0.000007
227,228,500000000000,600000000000,0.000000
228,227,0,50000000000,0.086093
228,227,50000000000,150000000000,0.000000
228,227,150000000000,250000000000,0.000007
228,227,250000000000,400000000000,0.000000
228,227,400000000000,500000000000,0.000007
228,227,500000000000,600000000000,0.000000
227,252,0,600000000000,0.000000
252,227,0,600000000000,0.000000
228,229,0,50000000000,0.002054
228,229,50000000000,150000000000,0.000000
228,229,150000000000,250000000000,0.000007
228,229,250000000000,400000000000,0.000000
228,229,400000000000,500000000000,0.000007
228,229,500000000000,600000000000,0.000000
229,228,0,50000000000,0.086093
229,228,50000000000,150000000000,0.000000
229,228,150000000000,250000000000,0.000007
229,228,250000000000,400000000000,0.000000
229,228,400000000000,500000000000,0.000007
229,228,500000000000,600000000000,0.000000
228,253,0,600000000000,0.000000
253,228,0,600000000000,0.000000
229,230,0,50000000000,0.002054
229,230,50000000000,150000000000,0.000000
229,230,150000000000,250000000000,0.000007
229,230,250000000000,400000000000,0.000000
229,230,400000000000,450000000000,0.000007
229,230,450000000000,600000000000,0.000000
230,229,0,50000000000,0.086093
230,229,50000000000,150000000000,0.000000
230,229,150000000000,250000000000,0.000007
230,229,250000000000,400000000000,0.000000
230,229,400000000000,450000000000,0.000007
230,229,450000000000,600000000000,0.000000
229,254,0,450000000000,0.000000
229,254,450000000000,550000000000,0.000007
229,254,550000000000,600000000000,0.000000
254,229,0,450000000000,0.000000
254,229,450000000000,550000000000,0.000007
254,229,550000000000,600000000000,0.000000
230,231,0,150000000000,0.000000
230,231,150000000000,250000000000,0.000007
230,231,250000000000,350000000000,0.000000
230,231,350000000000,400000000000,0.000007
230,231,400000000000,450000000000,0.000013
230,231,450000000000,600000000000,0.000000
231,230,0,150000000000,0.000000
231,230,150000000000,250000000000,0.000007
231,230,250000000000,350000000000,0.000000
231,230,350000000000,400000000000,0.000007
231,230,400000000000,450000000000,0.000013
231,230,450000000000,600000000000,0.000000
230,255,0,250000000000,0.000000
230,255,250000000000,300000000000,0.000007
230,255,300000000000,400000000000,0.000000
230,255,400000000000,450000000000,0.000013
230,255,450000000000,500000000000,0.000044
230,255,500000000000,550000000000,0.000020
230,255,550000000000,600000000000,0.000007
255,230,0,250000000000,0.000000
255,230,250000000000,300000000000,0.000007
255,230,300000000000,400000000000,0.000000
255,230,400000000000,450000000000,0.000013
255,230,450000000000,550000000000,0.000020
255,230,550000000000,600000000000,0.000007
231,232,0,100000000000,0.000000
231,232,100000000000,150000000000,0.000007
231,232,150000000000,200000000000,0.000013
231,232,200000000000,250000000000,0.000007
231,232,250000000000,350000000000,0.000000
231,232,350000000000,400000000000,0.000007
231,232,400000000000,450000000000,0.000013
231,232,450000000000,600000000000,0.000000
232,231,0,100000000000,0.000000
232,231,100000000000,150000000000,0.000007
232,231,150000000000,200000000000,0.000013
232,231,200000000000,250000000000,0.000006
232,231,250000000000,350000000000,0.000000
232,231,350000000000,400000000000,0.000007
232,231,400000000000,450000000000,0.000013
232,231,450000000000,600000000000,0.000000
231,256,0,50000000000,0.000007
231,256,50000000000,100000000000,0.001039
231,256,100000000000,200000000000,0.000000
231,256,200000000000,250000000000,0.000020
231,256,250000000000,350000000000,0.000013
231,256,350000000000,400000000000,0.000007
231,256,400000000000,500000000000,0.000000
231,256,500000000000,600000000000,0.000013
256,231,0,50000000000,0.000007
256,231,50000000000,100000000000,0.053419
256,231,100000000000,200000000000,0.000000
256,231,200000000000,250000000000,0.000020
256,231,250000000000,350000000000,0.000013
256,231,350000000000,400000000000,0.000007
256,231,400000000000,500000000000,0.000000
256,231,500000000000,600000000000,0.000013
232,233,0,100000000000,0.000000
232,233,100000000000,150000000000,0.048071
232,233,150000000000,200000000000,0.000013
232,233,200000000000,250000000000,0.000007
232,233,250000000000,350000000000,0.000000
232,233,350000000000,400000000000,0.000007
232,233,400000000000,450000000000,0.000013
232,233,450000000000,600000000000,0.000000
233,232,0,100000000000,0.000000
233,232,100000000000,150000000000,0.000007
233,232,150000000000,200000000000,0.000013
233,232,200000000000,250000000000,0.000006
233,232,250000000000,350000000000,0.000000
233,232,350000000000,400000000000,0.000007
233,232,400000000000,450000000000,0.000013
233,232,450000000000,600000000000,0.000000
232,257,0,50000000000,0.001089
232,257,50000000000,100000000000,0.088271
232,257,100000000000,150000000000,0.000013
232,257,150000000000,200000000000,0.001949
232,257,200000000000,250000000000,0.000000
232,257,250000000000,300000000000,0.086359
232,257,300000000000,350000000000,0.000020
232,257,350000000000,400000000000,0.000007
232,257,400000000000,450000000000,0.000000
232,257,450000000000,500000000000,0.000007
232,257,500000000000,600000000000,0.000000
257,232,0,50000000000,0.036037
257,232,50000000000,100000000000,0.087892
257,232,100000000000,150000000000,0.000013
257,232,150000000000,200000000000,0.085428
257,232,200000000000,250000000000,0.000000
257,232,250000000000,300000000000,0.002154
257,232,300000000000,350000000000,0.048084
257,232,350000000000,400000000000,0.000007
257,232,400000000000,450000000000,0.000000
257,232,450000000000,500000000000,0.000007
257,232,500000000000,600000000000,0.000000
233,234,0,100000000000,0.000000
233,234,100000000000,150000000000,0.048071
233,234,150000000000,200000000000,0.000013
233,234,200000000000,250000000000,0.000007
233,234,250000000000,350000000000,0.000000
233,234,350000000000,400000000000,0.000007
233,234,400000000000,450000000000,0.000013
233,234,450000000000,550000000000,0.000000
233,234,550000000000,600000000000,0.000007
234,233,0,100000000000,0.000000
234,233,100000000000,150000000000,0.000007
234,233,150000000000,200000000000,0.000013
234,233,200000000000,250000000000,0.000006
234,233,250000000000,350000000000,0.000000
234,233,350000000000,400000000000,0.000007
234,233,400000000000,450000000000,0.000013
234,233,450000000000,550000000000,0.000000
234,233,550000000000,600000000000,0.000007
233,258,0,50000000000,0.001971
233,258,50000000000,100000000000,0.000020
233,258,100000000000,150000000000,0.000013
233,258,150000000000,200000000000,0.000000
233,258,200000000000,250000000000,0.000007
233,258,250000000000,350000000000,0.000000
233,258,350000000000,400000000000,0.000007
233,258,400000000000,450000000000,0.000013
233,258,450000000000,500000000000,0.000047
233,258,500000000000,600000000000,0.000040
258,233,0,50000000000,0.085550
258,233,50000000000,100000000000,0.000020
258,233,100000000000,150000000000,0.000013
258,233,150000000000,200000000000,0.000000
258,233,200000000000,250000000000,0.000007
258,233,250000000000,350000000000,0.000000
258,233,350000000000,400000000000,0.000007
258,233,400000000000,450000000000,0.000013
258,233,450000000000,500000000000,0.048111
258,233,500000000000,600000000000,0.000040
234,235,0,100000000000,0.000000
234,235,100000000000,150000000000,0.048162
234,235,150000000000,200000000000,0.000013
234,235,200000000000,250000000000,0.000007
234,235,250000000000,300000000000,0.000000
234,235,300000000000,350000000000,0.000013
234,235,350000000000,550000000000,0.000000
234,235,550000000000,600000000000,0.000007
235,234,0,100000000000,0.000000
235,234,100000000000,150000000000,0.000007
235,234,150000000000,200000000000,0.000013
235,234,200000000000,250000000000,0.000006
235,234,250000000000,300000000000,0.000000
235,234,300000000000,350000000000,0.000013
235,234,350000000000,550000000000,0.000000
235,234,550000000000,600000000000,0.000007
234,259,0,50000000000,0.000000
234,259,50000000000,100000000000,0.000055
234,259,100000000000,150000000000,0.000005
234,259,150000000000,200000000000,0.000013
234,259,200000000000,250000000000,0.000000
234,259,250000000000,300000000000,0.087245
234,259,300000000000,350000000000,0.000047
234,259,350000000000,400000000000,0.048138
234,259,400000000000,450000000000,0.000060
234,259,450000000000,500000000000,0.000007
234,259,500000000000,600000000000,0.000000
259,234,0,50000000000,0.000000
259,234,50000000000,100000000000,0.003681
259,234,100000000000,150000000000,0.000015
259,234,150000000000,200000000000,0.000013
259,234,200000000000,250000000000,0.000000
259,234,250000000000,300000000000,0.090370
259,234,300000000000,350000000000,0.000047
259,234,350000000000,400000000000,0.000074
259,234,400000000000,450000000000,0.000060
259,234,450000000000,500000000000,0.000007
259,234,500000000000,600000000000,0.000000
235,236,0,50000000000,0.000000
235,236,50000000000,100000000000,0.000007
235,236,100000000000,300000000000,0.000000
235,236,300000000000,350000000000,0.000013
235,236,350000000000,600000000000,0.000000
236,235,0,50000000000,0.000000
236,235,50000000000,100000000000,0.000007
236,235,100000000000,150000000000,0.000000
236,235,150000000000,200000000000,0.000002
236,235,200000000000,300000000000,0.000000
236,235,300000000000,350000000000,0.000013
236,235,350000000000,600000000000,0.000000
235,260,0,50000000000,0.173247
235,260,50000000000,100000000000,0.038843
235,260,100000000000,150000000000,0.224027
235,260,150000000000,200000000000,0.141557
235,260,200000000000,250000000000,0.004851
235,260,250000000000,300000000000,0.000007
235,260,300000000000,450000000000,0.000000
235,260,450000000000,500000000000,0.000007
235,260,500000000000,600000000000,0.000000
260,235,0,50000000000,0.004593
260,235,50000000000,100000000000,0.091976
260,235,100000000000,150000000000,0.091277
260,235,150000000000,200000000000,0.197816
260,235,200000000000,250000000000,0.151015
260,235,250000000000,300000000000,0.000007
260,235,300000000000,450000000000,0.000000
260,235,450000000000,500000000000,0.000007
260,235,500000000000,600000000000,0.000000
236,237,0,50000000000,0.000000
236,237,50000000000,100000000000,0.000007
236,237,100000000000,600000000000,0.000000
237,236,0,50000000000,0.000000
237,236,50000000000,100000000000,0.000007
237,236,100000000000,150000000000,0.000000
237,236,150000000000,200000000000,0.000002
237,236,200000000000,600000000000,0.000000
236,261,0,50000000000,0.000007
236,261,50000000000,200000000000,0.000000
236,261,200000000000,250000000000,0.000007
236,261,250000000000,500000000000,0.000000
236,261,500000000000,600000000000,0.000007
261,236,0,50000000000,0.000007
261,236,50000000000,200000000000,0.000000
261,236,200000000000,250000000000,0.000007
261,236,250000000000,500000000000,0.000000
261,236,500000000000,600000000000,0.000007
237,238,0,600000000000,0.000000
238,237,0,600000000000,0.000000
237,262,0,50000000000,0.000007
237,262,50000000000,100000000000,0.000000
237,262,100000000000,150000000000,0.040526
237,262,150000000000,200000000000,0.000270
237,262,200000000000,250000000000,0.000000
237,262,250000000000,300000000000,0.000007
237,262,300000000000,350000000000,0.048071
237,262,350000000000,400000000000,0.000000
237,262,400000000000,450000000000,0.000007
237,262,450000000000,600000000000,0.000000
262,237,0,50000000000,0.000007
262,237,50000000000,100000000000,0.000000
262,237,100000000000,150000000000,0.001246
262,237,150000000000,200000000000,0.000001
262,237,200000000000,250000000000,0.000000
262,237,250000000000,350000000000,0.000007
262,237,350000000000,400000000000,0.000000
262,237,400000000000,450000000000,0.000007
262,237,450000000000,600000000000,0.000000
238,239,0,600000000000,0.000000
239,238,0,600000000000,0.000000
238,263,0,100000000000,0.000007
238,263,100000000000,150000000000,0.000013
238,263,150000000000,250000000000,0.000007
238,263,250000000000,350000000000,0.000000
238,263,350000000000,400000000000,0.000007
238,263,400000000000,600000000000,0.000000
263,238,0,100000000000,0.000007
263,238,100000000000,150000000000,0.000013
263,238,150000000000,250000000000,0.000007
263,238,250000000000,350000000000,0.000000
263,238,350000000000,400000000000,0.000007
263,238,400000000000,600000000000,0.000000
239,240,0,600000000000,0.000000
240,239,0,600000000000,0.000000
239,264,0,600000000000,0.000000
264,239,0,100000000000,0.000000
264,239,100000000000,150000000000,0.008003
264,239,150000000000,600000000000,0.000000
240,241,0,600000000000,0.000000
241,240,0,600000000000,0.000000
240,265,0,600000000000,0.000000
265,240,0,600000000000,0.000000
241,242,0,600000000000,0.000000
242,241,0,600000000000,0.000000
241,266,0,600000000000,0.000000
266,241,0,600000000000,0.000000
242,243,0,600000000000,0.000000
243,242,0,600000000000,0.000000
242,267,0,600000000000,0.000000
267,242,0,600000000000,0.000000
243,244,0,600000000000,0.000000
244,243,0,600000000000,0.000000
243,268,0,350000000000,0.000000
243,268,350000000000,400000000000,0.000007
243,268,400000000000,500000000000,0.000000
243,268,500000000000,600000000000,0.000007
268,243,0,350000000000,0.000000
268,243,350000000000,400000000000,0.000007
268,243,400000000000,500000000000,0.000000
268,243,500000000000,600000000000,0.000007
244,245,0,600000000000,0.000000
245,244,0,600000000000,0.000000
244,269,0,200000000000,0.000000
244,269,200000000000,250000000000,0.048064
244,269,250000000000,350000000000,0.000007
244,269,350000000000,600000000000,0.000000
269,244,0,250000000000,0.000000
269,244,250000000000,350000000000,0.000007
269,244,350000000000,600000000000,0.000000
245,246,0,600000000000,0.000000
246,245,0,600000000000,0.000000
245,270,0,100000000000,0.000007
245,270,100000000000,600000000000,0.000000
270,245,0,100000000000,0.000007
270,245,100000000000,600000000000,0.000000
246,247,0,400000000000,0.000000
246,247,400000000000,500000000000,0.000007
246,247,500000000000,600000000000,0.000000
247,246,0,400000000000,0.000000
247,246,400000000000,500000000000,0.000007
247,246,500000000000,600000000000,0.000000
246,271,0,350000000000,0.000000
246,271,350000000000,600000000000,0.000007
271,246,0,350000000000,0.000000
271,246,350000000000,600000000000,0.000007
247,248,0,150000000000,0.000000
247,248,150000000000,250000000000,0.000007
247,248,250000000000,400000000000,0.000000
247,248,400000000000,500000000000,0.000007
247,248,500000000000,600000000000,0.000000
248,247,0,150000000000,0.000000
248,247,150000000000,250000000000,0.000007
248,247,250000000000,400000000000,0.000000
248,247,400000000000,500000000000,0.000007
248,247,500000000000,600000000000,0.000000
247,272,0,150000000000,0.000000
247,272,150000000000,200000000000,0.000007
247,272,200000000000,250000000000,0.001571
247,272,250000000000,350000000000,0.000007
247,272,350000000000,600000000000,0.000000
272,247,0,150000000000,0.000000
272,247,150000000000,200000000000,0.000007
272,247,200000000000,250000000000,0.043302
272,247,250000000000,300000000000,0.005890
272,247,300000000000,350000000000,0.000007
272,247,350000000000,600000000000,0.000000
248,249,0,150000000000,0.000000
248,249,150000000000,250000000000,0.000007
248,249,250000000000,400000000000,0.000000
248,249,400000000000,500000000000,0.000007
248,249,500000000000,600000000000,0.000000
249,248,0,150000000000,0.000000
249,248,150000000000,250000000000,0.000007
249,248,250000000000,400000000000,0.000000
249,248,400000000000,500000000000,0.000007
249,248,500000000000,600000000000,0.000000
248,273,0,50000000000,0.048071
248,273,50000000000,100000000000,0.000007
248,273,100000000000,600000000000,0.000000
273,248,0,100000000000,0.000007
273,248,100000000000,600000000000,0.000000
225,249,0,150000000000,0.000000
225,249,150000000000,250000000000,0.000007
225,249,250000000000,400000000000,0.000000
225,249,400000000000,500000000000,0.000007
225,249,500000000000,600000000000,0.000000
249,225,0,150000000000,0.000000
249,225,150000000000,250000000000,0.000007
249,225,250000000000,400000000000,0.000000
249,225,400000000000,500000000000,0.000007
249,225,500000000000,600000000000,0.000000
249,274,0,450000000000,0.000000
249,274,450000000000,500000000000,0.000007
249,274,500000000000,600000000000,0.000013
274,249,0,450000000000,0.000000
274,249,450000000000,500000000000,0.000007
274,249,500000000000,600000000000,0.000013
250,251,0,100000000000,0.000007
250,251,100000000000,200000000000,0.000000
250,251,200000000000,300000000000,0.000007
250,251,300000000000,350000000000,0.000000
250,251,350000000000,400000000000,0.000007
250,251,400000000000,450000000000,0.000000
250,251,450000000000,550000000000,0.000007
250,251,550000000000,600000000000,0.000000
251,250,0,100000000000,0.000007
251,250,100000000000,200000000000,0.000000
251,250,200000000000,300000000000,0.000007
251,250,300000000000,350000000000,0.000000
251,250,350000000000,400000000000,0.000007
251,250,400000000000,450000000000,0.000000
251,250,450000000000,550000000000,0.000007
251,250,550000000000,600000000000,0.000000
250,275,0,200000000000,0.000000
250,275,200000000000,250000000000,0.000007
250,275,250000000000,300000000000,0.000013
250,275,300000000000,350000000000,0.000020
250,275,350000000000,400000000000,0.000007
250,275,400000000000,600000000000,0.000000
275,250,0,200000000000,0.000000
275,250,200000000000,250000000000,0.000007
275,250,250000000000,300000000000,0.000013
275,250,300000000000,350000000000,0.000020
275,250,350000000000,400000000000,0.000007
275,250,400000000000,600000000000,0.000000
251,252,0,100000000000,0.000007
251,252,100000000000,200000000000,0.000000
251,252,200000000000,300000000000,0.000007
251,252,300000000000,350000000000,0.000000
251,252,350000000000,400000000000,0.000007
251,252,400000000000,450000000000,0.000000
251,252,450000000000,550000000000,0.000007
251,252,550000000000,600000000000,0.000013
252,251,0,100000000000,0.000007
252,251,100000000000,200000000000,0.000000
252,251,200000000000,300000000000,0.000007
252,251,300000000000,350000000000,0.000000
252,251,350000000000,400000000000,0.000007
252,251,400000000000,450000000000,0.000000
252,251,450000000000,550000000000,0.000007
252,251,550000000000,600000000000,0.000013
251,276,0,50000000000,0.000013
251,276,50000000000,100000000000,0.000020
251,276,100000000000,600000000000,0.000000
276,251,0,50000000000,0.000013
276,251,50000000000,100000000000,0.000020
276,251,100000000000,600000000000,0.000000
252,253,0,100000000000,0.000007
252,253,100000000000,200000000000,0.000000
252,253,200000000000,300000000000,0.000007
252,253,300000000000,350000000000,0.048077
252,253,350000000000,400000000000,0.000007
252,253,400000000000,450000000000,0.048077
252,253,450000000000,550000000000,0.000007
252,253,550000000000,600000000000,0.000013
253,252,0,100000000000,0.000007
253,252,100000000000,200000000000,0.000000
253,252,200000000000,300000000000,0.000007
253,252,300000000000,350000000000,0.000013
253,252,350000000000,400000000000,0.000007
253,252,400000000000,450000000000,0.000013
253,252,450000000000,550000000000,0.000007
253,252,550000000000,600000000000,0.000013
252,277,0,600000000000,0.000000
277,252,0,600000000000,0.000000
253,254,0,100000000000,0.000007
253,254,100000000000,150000000000,0.000013
253,254,150000000000,200000000000,0.085442
253,254,200000000000,250000000000,0.048071
253,254,250000000000,300000000000,0.000007
253,254,300000000000,350000000000,0.048077
253,254,350000000000,400000000000,0.000007
253,254,400000000000,450000000000,0.048077
253,254,450000000000,550000000000,0.000007
253,254,550000000000,600000000000,0.000013
254,253,0,100000000000,0.000007
254,253,100000000000,150000000000,0.000013
254,253,150000000000,200000000000,0.040966
254,253,200000000000,300000000000,0.000007
254,253,300000000000,350000000000,0.000013
254,253,350000000000,400000000000,0.000007
254,253,400000000000,450000000000,0.000013
254,253,450000000000,550000000000,0.000007
254,253,550000000000,600000000000,0.000013
253,278,0,600000000000,0.000000
278,253,0,600000000000,0.000000
254,255,0,50000000000,0.038335
254,255,50000000000,100000000000,0.053380
254,255,100000000000,150000000000,0.000013
254,255,150000000000,200000000000,0.085442
254,255,200000000000,250000000000,0.048095
254,255,250000000000,300000000000,0.000007
254,255,300000000000,350000000000,0.048077
254,255,350000000000,400000000000,0.000007
254,255,400000000000,450000000000,0.000013
254,255,450000000000,550000000000,0.000000
254,255,550000000000,600000000000,0.000013
255,254,0,50000000000,0.087334
255,254,50000000000,100000000000,0.001052
255,254,100000000000,150000000000,0.000013
255,254,150000000000,200000000000,0.040990
255,254,200000000000,300000000000,0.000007
255,254,300000000000,350000000000,0.000013
255,254,350000000000,400000000000,0.000007
255,254,400000000000,450000000000,0.000013
255,254,450000000000,550000000000,0.000000
255,254,550000000000,600000000000,0.000013
254,279,0,400000000000,0.000000
254,279,400000000000,450000000000,0.048064
254,279,450000000000,550000000000,0.000013
254,279,550000000000,600000000000,0.000000
279,254,0,450000000000,0.000000
279,254,450000000000,550000000000,0.000013
279,254,550000000000,600000000000,0.000000
255,256,0,50000000000,0.038335
255,256,50000000000,100000000000,0.053380
255,256,100000000000,150000000000,0.000013
255,256,150000000000,200000000000,0.085442
255,256,200000000000,250000000000,0.048088
255,256,250000000000,300000000000,0.000000
255,256,300000000000,350000000000,0.048077
255,256,350000000000,400000000000,0.008023
255,256,400000000000,450000000000,0.000020
255,256,450000000000,550000000000,0.000000
255,256,550000000000,600000000000,0.000013
256,255,0,50000000000,0.087335
256,255,50000000000,100000000000,0.001051
256,255,100000000000,150000000000,0.000013
256,255,150000000000,200000000000,0.040990
256,255,200000000000,300000000000,0.000000
256,255,300000000000,350000000000,0.000013
256,255,350000000000,450000000000,0.000020
256,255,450000000000,550000000000,0.000000
256,255,550000000000,600000000000,0.000013
255,280,0,200000000000,0.000000
255,280,200000000000,250000000000,0.000007
255,280,250000000000,300000000000,0.000013
255,280,300000000000,400000000000,0.000000
255,280,400000000000,450000000000,0.000007
255,280,450000000000,500000000000,0.000044
255,280,500000000000,550000000000,0.000020
255,280,550000000000,600000000000,0.000007
280,255,0,200000000000,0.000000
280,255,200000000000,250000000000,0.000007
280,255,250000000000,300000000000,0.000013
280,255,300000000000,400000000000,0.000000
280,255,400000000000,450000000000,0.000007
280,255,450000000000,550000000000,0.000020
280,255,550000000000,600000000000,0.000007
256,257,0,50000000000,0.038282
256,257,50000000000,100000000000,0.000007
256,257,100000000000,150000000000,0.000027
256,257,150000000000,200000000000,0.085455
256,257,200000000000,250000000000,0.137079
256,257,250000000000,300000000000,0.000000
256,257,300000000000,350000000000,0.048077
256,257,350000000000,400000000000,0.008023
256,257,400000000000,450000000000,0.000020
256,257,450000000000,550000000000,0.000000
256,257,550000000000,600000000000,0.000013
257,256,0,50000000000,0.087330
257,256,50000000000,100000000000,0.000010
257,256,100000000000,150000000000,0.000027
257,256,150000000000,200000000000,0.041003
257,256,200000000000,250000000000,0.002537
257,256,250000000000,300000000000,0.000000
257,256,300000000000,350000000000,0.000013
257,256,350000000000,450000000000,0.000020
257,256,450000000000,550000000000,0.000000
257,256,550000000000,600000000000,0.000013
256,281,0,50000000000,0.000013
256,281,50000000000,200000000000,0.000000
256,281,200000000000,350000000000,0.000013
256,281,350000000000,400000000000,0.000007
256,281,400000000000,500000000000,0.000000
256,281,500000000000,600000000000,0.000013
281,256,0,50000000000,0.000013
281,256,50000000000,200000000000,0.000000
281,256,200000000000,350000000000,0.000013
281,256,350000000000,400000000000,0.000007
281,256,400000000000,500000000000,0.000000
281,256,500000000000,600000000000,0.000013
257,258,0,50000000000,0.002212
257,258,50000000000,100000000000,0.000007
257,258,100000000000,150000000000,0.000020
257,258,150000000000,200000000000,0.000027
257,258,200000000000,250000000000,0.137079
257,258,250000000000,300000000000,0.002517
257,258,300000000000,350000000000,0.000013
257,258,350000000000,400000000000,0.008023
257,258,400000000000,450000000000,0.000034
257,258,450000000000,500000000000,0.000007
257,258,500000000000,550000000000,0.000000
257,258,550000000000,600000000000,0.000013
258,257,0,50000000000,0.086254
258,257,50000000000,100000000000,0.000007
258,257,100000000000,150000000000,0.000020
258,257,150000000000,200000000000,0.039055
258,257,200000000000,250000000000,0.002537
258,257,250000000000,300000000000,0.085015
258,257,300000000000,350000000000,0.000013
258,257,350000000000,400000000000,0.000020
258,257,400000000000,450000000000,0.000034
258,257,450000000000,500000000000,0.000007
258,257,500000000000,550000000000,0.000000
258,257,550000000000,600000000000,0.000013
257,282,0,50000000000,0.000013
257,282,50000000000,100000000000,0.088268
257,282,100000000000,150000000000,0.000007
257,282,150000000000,250000000000,0.000000
257,282,250000000000,300000000000,0.086359
257,282,300000000000,350000000000,0.000020
257,282,350000000000,400000000000,0.000007
257,282,400000000000,600000000000,0.000000
282,257,0,50000000000,0.000013
282,257,50000000000,100000000000,0.087847
282,257,100000000000,150000000000,0.000007
282,257,150000000000,250000000000,0.000000
282,257,250000000000,300000000000,0.002154
282,257,300000000000,350000000000,0.000020
282,257,350000000000,400000000000,0.000007
282,257,400000000000,600000000000,0.000000
258,259,0,50000000000,0.002212
258,259,50000000000,100000000000,0.000007
258,259,100000000000,150000000000,0.000020
258,259,150000000000,200000000000,0.000027
258,259,200000000000,250000000000,0.137086
258,259,250000000000,300000000000,0.002517
258,259,300000000000,350000000000,0.000013
258,259,350000000000,400000000000,0.008023
258,259,400000000000,450000000000,0.000020
258,259,450000000000,600000000000,0.000000
259,258,0,50000000000,0.086254
259,258,50000000000,100000000000,0.000007
259,258,100000000000,150000000000,0.000020
259,258,150000000000,200000000000,0.039055
259,258,200000000000,250000000000,0.002544
259,258,250000000000,300000000000,0.085015
259,258,300000000000,350000000000,0.000013
259,258,350000000000,450000000000,0.000020
259,258,450000000000,600000000000,0.000000
258,283,0,50000000000,0.001971
258,283,50000000000,100000000000,0.000020
258,283,100000000000,150000000000,0.000013
258,283,150000000000,350000000000,0.000000
258,283,350000000000,400000000000,0.000007
258,283,400000000000,450000000000,0.000000
258,283,450000000000,550000000000,0.000040
258,283,550000000000,600000000000,0.000027
283,258,0,50000000000,0.085550
283,258,50000000000,100000000000,0.000020
283,258,100000000000,150000000000,0.000013
283,258,150000000000,350000000000,0.000000
283,258,350000000000,400000000000,0.000007
283,258,400000000000,450000000000,0.000000
283,258,450000000000,500000000000,0.048104
283,258,500000000000,550000000000,0.000040
283,258,550000000000,600000000000,0.000027
259,260,0,50000000000,0.002212
259,260,50000000000,100000000000,0.000007
259,260,100000000000,150000000000,0.000112
259,260,150000000000,200000000000,0.000013
259,260,200000000000,250000000000,0.137086
259,260,250000000000,600000000000,0.000000
260,259,0,50000000000,0.086254
260,259,50000000000,100000000000,0.000007
260,259,100000000000,150000000000,0.000020
260,259,150000000000,200000000000,0.039041
260,259,200000000000,250000000000,0.002544
260,259,250000000000,600000000000,0.000000
259,284,0,50000000000,0.000000
259,284,50000000000,100000000000,0.000055
259,284,100000000000,150000000000,0.000005
259,284,150000000000,250000000000,0.000000
259,284,250000000000,300000000000,0.002230
259,284,300000000000,350000000000,0.000034
259,284,350000000000,400000000000,0.056120
259,284,400000000000,450000000000,0.000054
259,284,450000000000,500000000000,0.000007
259,284,500000000000,600000000000,0.000000
284,259,0,50000000000,0.000000
284,259,50000000000,100000000000,0.003776
284,259,100000000000,150000000000,0.000012
284,259,150000000000,250000000000,0.000000
284,259,250000000000,300000000000,0.087852
284,259,300000000000,350000000000,0.000034
284,259,350000000000,450000000000,0.000054
284,259,450000000000,500000000000,0.000007
284,259,500000000000,600000000000,0.000000
260,261,0,600000000000,0.000000
261,260,0,150000000000,0.000000
261,260,150000000000,200000000000,0.000001
261,260,200000000000,600000000000,0.000000
260,285,0,50000000000,0.175386
260,285,50000000000,100000000000,0.038863
260,285,100000000000,150000000000,0.224052
260,285,150000000000,200000000000,0.141541
260,285,200000000000,250000000000,0.141914
260,285,250000000000,300000000000,0.000007
260,285,300000000000,450000000000,0.000000
260,285,450000000000,500000000000,0.000007
260,285,500000000000,600000000000,0.000000
285,260,0,50000000000,0.090848
285,260,50000000000,100000000000,0.091969
285,260,100000000000,150000000000,0.091164
285,260,150000000000,200000000000,0.236922
285,260,200000000000,250000000000,0.153441
285,260,250000000000,300000000000,0.000007
285,260,300000000000,450000000000,0.000000
285,260,450000000000,500000000000,0.000007
285,260,500000000000,600000000000,0.000000
261,262,0,600000000000,0.000000
262,261,0,150000000000,0.000000
262,261,150000000000,200000000000,0.000001
262,261,200000000000,600000000000,0.000000
261,286,0,50000000000,0.000007
261,286,50000000000,200000000000,0.000000
261,286,200000000000,250000000000,0.000007
261,286,250000000000,500000000000,0.000000
261,286,500000000000,600000000000,0.000007
286,261,0,50000000000,0.000007
286,261,50000000000,200000000000,0.000000
286,261,200000000000,250000000000,0.000007
286,261,250000000000,500000000000,0.000000
286,261,500000000000,600000000000,0.000007
262,263,0,600000000000,0.000000
263,262,0,600000000000,0.000000
262,287,0,50000000000,0.000007
262,287,50000000000,100000000000,0.000000
262,287,100000000000,150000000000,0.040475
262,287,150000000000,200000000000,0.000321
262,287,200000000000,250000000000,0.000000
262,287,250000000000,300000000000,0.000007
262,287,300000000000,350000000000,0.048071
262,287,350000000000,400000000000,0.000000
262,287,400000000000,450000000000,0.000007
262,287,450000000000,600000000000,0.000000
287,262,0,50000000000,0.000007
287,262,50000000000,100000000000,0.000000
287,262,100000000000,150000000000,0.001248
287,262,150000000000,250000000000,0.000000
287,262,250000000000,350000000000,0.000007
287,262,350000000000,400000000000,0.000000
287,262,400000000000,450000000000,0.000007
287,262,450000000000,600000000000,0.000000
263,264,0,600000000000,0.000000
264,263,0,600000000000,0.000000
263,288,0,100000000000,0.000007
263,288,100000000000,150000000000,0.000013
263,288,150000000000,250000000000,0.000007
263,288,250000000000,350000000000,0.000000
263,288,350000000000,400000000000,0.000007
263,288,400000000000,600000000000,0.000000
288,263,0,100000000000,0.000007
288,263,100000000000,150000000000,0.000013
288,263,150000000000,250000000000,0.000007
288,263,250000000000,350000000000,0.000000
288,263,350000000000,400000000000,0.000007
288,263,400000000000,600000000000,0.000000
264,265,0,600000000000,0.000000
265,264,0,600000000000,0.000000
264,289,0,600000000000,0.000000
289,264,0,100000000000,0.000000
289,264,100000000000,150000000000,0.008003
289,264,150000000000,600000000000,0.000000
265,266,0,600000000000,0.000000
266,265,0,600000000000,0.000000
265,290,0,600000000000,0.000000
290,265,0,600000000000,0.000000
266,267,0,600000000000,0.000000
267,266,0,600000000000,0.000000
266,291,0,600000000000,0.000000
291,266,0,600000000000,0.000000
267,268,0,600000000000,0.000000
268,267,0,600000000000,0.000000
267,292,0,600000000000,0.000000
292,267,0,600000000000,0.000000
268,269,0,600000000000,0.000000
269,268,0,600000000000,0.000000
268,293,0,350000000000,0.000000
268,293,350000000000,400000000000,0.000007
268,293,400000000000,500000000000,0.000000
268,293,500000000000,600000000000,0.000007
293,268,0,350000000000,0.000000
293,268,350000000000,400000000000,0.000007
293,268,400000000000,500000000000,0.000000
293,268,500000000000,600000000000,0.000007
269,270,0,600000000000,0.000000
270,269,0,600000000000,0.000000
269,294,0,200000000000,0.000000
269,294,200000000000,250000000000,0.048064
269,294,250000000000,350000000000,0.000007
269,294,350000000000,600000000000,0.000000
294,269,0,250000000000,0.000000
294,269,250000000000,350000000000,0.000007
294,269,350000000000,600000000000,0.000000
270,271,0,600000000000,0.000000
271,270,0,600000000000,0.000000
270,295,0,100000000000,0.000007
270,295,100000000000,600000000000,0.000000
295,270,0,100000000000,0.000007
295,270,100000000000,600000000000,0.000000
271,272,0,350000000000,0.000000
271,272,350000000000,400000000000,0.000007
271,272,400000000000,450000000000,0.000000
271,272,450000000000,550000000000,0.000007
271,272,550000000000,600000000000,0.000000
272,271,0,350000000000,0.000000
272,271,350000000000,400000000000,0.000007
272,271,400000000000,450000000000,0.000000
272,271,450000000000,550000000000,0.000007
272,271,550000000000,600000000000,0.000000
271,296,0,400000000000,0.000000
271,296,400000000000,450000000000,0.000007
271,296,450000000000,550000000000,0.000013
271,296,550000000000,600000000000,0.000007
296,271,0,400000000000,0.000000
296,271,400000000000,450000000000,0.000007
296,271,450000000000,550000000000,0.000013
296,271,550000000000,600000000000,0.000007
272,273,0,200000000000,0.000000
272,273,200000000000,300000000000,0.000007
272,273,300000000000,350000000000,0.000000
272,273,350000000000,400000000000,0.000007
272,273,400000000000,450000000000,0.000000
272,273,450000000000,550000000000,0.000007
272,273,550000000000,600000000000,0.000000
273,272,0,200000000000,0.000000
273,272,200000000000,300000000000,0.000007
273,272,300000000000,350000000000,0.000000
273,272,350000000000,400000000000,0.000007
273,272,400000000000,450000000000,0.000000
273,272,450000000000,550000000000,0.000007
273,272,550000000000,600000000000,0.000000
272,297,0,150000000000,0.000000
272,297,150000000000,200000000000,0.000007
272,297,200000000000,250000000000,0.001576
272,297,250000000000,300000000000,0.000013
272,297,300000000000,350000000000,0.000007
272,297,350000000000,600000000000,0.000000
297,272,0,150000000000,0.000000
297,272,150000000000,200000000000,0.000007
297,272,200000000000,250000000000,0.043399
297,272,250000000000,300000000000,0.005805
297,272,300000000000,350000000000,0.000007
297,272,350000000000,600000000000,0.000000
273,274,0,100000000000,0.000007
273,274,100000000000,200000000000,0.000000
273,274,200000000000,300000000000,0.000007
273,274,300000000000,350000000000,0.000000
273,274,350000000000,400000000000,0.000007
273,274,400000000000,450000000000,0.000000
273,274,450000000000,550000000000,0.000007
273,274,550000000000,600000000000,0.000000
274,273,0,100000000000,0.000007
274,273,100000000000,200000000000,0.000000
274,273,200000000000,300000000000,0.000007
274,273,300000000000,350000000000,0.000000
274,273,350000000000,400000000000,0.000007
274,273,400000000000,450000000000,0.000000
274,273,450000000000,550000000000,0.000007
274,273,550000000000,600000000000,0.000000
273,298,0,50000000000,0.048077
273,298,50000000000,100000000000,0.000013
273,298,100000000000,600000000000,0.000000
298,273,0,100000000000,0.000013
298,273,100000000000,600000000000,0.000000
250,274,0,100000000000,0.000007
250,274,100000000000,200000000000,0.000000
250,274,200000000000,300000000000,0.000007
250,274,300000000000,350000000000,0.000000
250,274,350000000000,400000000000,0.000007
250,274,400000000000,450000000000,0.000000
250,274,450000000000,550000000000,0.000007
250,274,550000000000,600000000000,0.000000
274,250,0,100000000000,0.000007
274,250,100000000000,200000000000,0.000000
274,250,200000000000,300000000000,0.000007
274,250,300000000000,350000000000,0.000000
274,250,350000000000,400000000000,0.000007
274,250,400000000000,450000000000,0.000000
274,250,450000000000,550000000000,0.000007
274,250,550000000000,600000000000,0.000000
274,299,0,450000000000,0.000000
274,299,450000000000,500000000000,0.000007
274,299,500000000000,600000000000,0.000013
299,274,0,450000000000,0.000000
299,274,450000000000,500000000000,0.000007
299,274,500000000000,600000000000,0.000013
275,276,0,50000000000,0.000000
275,276,50000000000,100000000000,0.000007
275,276,100000000000,150000000000,0.000013
275,276,150000000000,250000000000,0.000000
275,276,250000000000,300000000000,0.000007
275,276,300000000000,350000000000,0.000013
275,276,350000000000,500000000000,0.000000
275,276,500000000000,600000000000,0.000007
276,275,0,50000000000,0.000000
276,275,50000000000,100000000000,0.000007
276,275,100000000000,150000000000,0.000013
276,275,150000000000,250000000000,0.000000
276,275,250000000000,300000000000,0.000007
276,275,300000000000,350000000000,0.000013
276,275,350000000000,400000000000,0.000000
276,275,400000000000,450000000000,0.048064
276,275,450000000000,500000000000,0.000000
276,275,500000000000,600000000000,0.000007
275,300,0,200000000000,0.000000
275,300,200000000000,300000000000,0.000007
275,300,300000000000,350000000000,0.000013
275,300,350000000000,400000000000,0.000007
275,300,400000000000,600000000000,0.000000
300,275,0,200000000000,0.000000
300,275,200000000000,300000000000,0.000007
300,275,300000000000,350000000000,0.000013
300,275,350000000000,400000000000,0.000007
300,275,400000000000,600000000000,0.000000
276,277,0,50000000000,0.000007
276,277,50000000000,150000000000,0.000013
276,277,150000000000,250000000000,0.000000
276,277,250000000000,300000000000,0.000007
276,277,300000000000,350000000000,0.000013
276,277,350000000000,500000000000,0.000000
276,277,500000000000,600000000000,0.000007
277,276,0,50000000000,0.000007
277,276,50000000000,150000000000,0.000013
277,276,150000000000,250000000000,0.000000
277,276,250000000000,300000000000,0.000007
277,276,300000000000,350000000000,0.000013
277,276,350000000000,400000000000,0.000000
277,276,400000000000,450000000000,0.048064
277,276,450000000000,500000000000,0.000000
277,276,500000000000,600000000000,0.000007
276,301,0,50000000000,0.000007
276,301,50000000000,100000000000,0.000013
276,301,100000000000,600000000000,0.000000
301,276,0,50000000000,0.000007
301,276,50000000000,100000000000,0.000013
301,276,100000000000,600000000000,0.000000
277,278,0,50000000000,0.000007
277,278,50000000000,100000000000,0.006642
277,278,100000000000,150000000000,0.133458
277,278,150000000000,250000000000,0.000000
277,278,250000000000,300000000000,0.002148
277,278,300000000000,350000000000,0.000013
277,278,350000000000,500000000000,0.000000
277,278,500000000000,600000000000,0.000007
278,277,0,50000000000,0.000007
278,277,50000000000,100000000000,0.086323
278,277,100000000000,150000000000,0.002095
278,277,150000000000,250000000000,0.000000
278,277,250000000000,300000000000,0.086353
278,277,300000000000,350000000000,0.000013
278,277,350000000000,500000000000,0.000000
278,277,500000000000,600000000000,0.000007
277,302,0,250000000000,0.000000
277,302,250000000000,300000000000,0.002031
277,302,300000000000,600000000000,0.000000
302,277,0,250000000000,0.000000
302,277,250000000000,300000000000,0.085956
302,277,300000000000,600000000000,0.000000
278,279,0,50000000000,0.000007
278,279,50000000000,100000000000,0.006642
278,279,100000000000,150000000000,0.085394
278,279,150000000000,250000000000,0.000000
278,279,250000000000,300000000000,0.002148
278,279,300000000000,350000000000,0.000013
278,279,350000000000,500000000000,0.000000
278,279,500000000000,600000000000,0.000007
279,278,0,50000000000,0.000007
279,278,50000000000,100000000000,0.086323
279,278,100000000000,150000000000,0.002095
279,278,150000000000,250000000000,0.000000
279,278,250000000000,300000000000,0.086353
279,278,300000000000,350000000000,0.000013
279,278,350000000000,500000000000,0.000000
279,278,500000000000,600000000000,0.000007
278,303,0,600000000000,0.000000
303,278,0,600000000000,0.000000
279,280,0,50000000000,0.000007
279,280,50000000000,100000000000,0.006567
279,280,100000000000,150000000000,0.085469
279,280,150000000000,250000000000,0.000000
279,280,250000000000,300000000000,0.002148
279,280,300000000000,350000000000,0.000013
279,280,350000000000,450000000000,0.000000
279,280,450000000000,500000000000,0.000013
279,280,500000000000,600000000000,0.000007
280,279,0,50000000000,0.000007
280,279,50000000000,100000000000,0.086323
280,279,100000000000,150000000000,0.002095
280,279,150000000000,250000000000,0.000000
280,279,250000000000,300000000000,0.086353
280,279,300000000000,350000000000,0.000013
280,279,350000000000,450000000000,0.000000
280,279,450000000000,500000000000,0.000013
280,279,500000000000,600000000000,0.000007
279,304,0,400000000000,0.000000
279,304,400000000000,450000000000,0.048064
279,304,450000000000,550000000000,0.000013
279,304,550000000000,600000000000,0.000000
304,279,0,450000000000,0.000000
304,279,450000000000,550000000000,0.000013
304,279,550000000000,600000000000,0.000000
280,281,0,50000000000,0.000007
280,281,50000000000,100000000000,0.006423
280,281,100000000000,150000000000,0.085612
280,281,150000000000,250000000000,0.000000
280,281,250000000000,300000000000,0.002148
280,281,300000000000,350000000000,0.000013
280,281,350000000000,450000000000,0.000000
280,281,450000000000,600000000000,0.000007
281,280,0,50000000000,0.000007
281,280,50000000000,100000000000,0.086323
281,280,100000000000,150000000000,0.002095
281,280,150000000000,250000000000,0.000000
281,280,250000000000,300000000000,0.086353
281,280,300000000000,350000000000,0.000013
281,280,350000000000,450000000000,0.000000
281,280,450000000000,600000000000,0.000007
280,305,0,200000000000,0.000000
280,305,200000000000,250000000000,0.000007
280,305,250000000000,300000000000,0.000013
280,305,300000000000,400000000000,0.000000
280,305,400000000000,450000000000,0.000007
280,305,450000000000,500000000000,0.000037
280,305,500000000000,550000000000,0.000020
280,305,550000000000,600000000000,0.000007
305,280,0,200000000000,0.000000
305,280,200000000000,250000000000,0.000007
305,280,250000000000,300000000000,0.000013
305,280,300000000000,400000000000,0.000000
305,280,400000000000,450000000000,0.000007
305,280,450000000000,500000000000,0.000013
305,280,500000000000,550000000000,0.000020
305,280,550000000000,600000000000,0.000007
281,282,0,50000000000,0.000007
281,282,50000000000,100000000000,0.006288
281,282,100000000000,150000000000,0.085748
281,282,150000000000,250000000000,0.000000
281,282,250000000000,300000000000,0.002148
281,282,300000000000,350000000000,0.000013
281,282,350000000000,450000000000,0.000000
281,282,450000000000,600000000000,0.000007
282,281,0,50000000000,0.000007
282,281,50000000000,100000000000,0.086323
282,281,100000000000,150000000000,0.002095
282,281,150000000000,250000000000,0.000000
282,281,250000000000,300000000000,0.086353
282,281,300000000000,350000000000,0.000013
282,281,350000000000,450000000000,0.000000
282,281,450000000000,600000000000,0.000007
281,306,0,50000000000,0.000013
281,306,50000000000,200000000000,0.000000
281,306,200000000000,350000000000,0.000013
281,306,350000000000,400000000000,0.000007
281,306,400000000000,500000000000,0.000000
281,306,500000000000,600000000000,0.000013
306,281,0,50000000000,0.000013
306,281,50000000000,200000000000,0.000000
306,281,200000000000,350000000000,0.000013
306,281,350000000000,400000000000,0.000007
306,281,400000000000,500000000000,0.000000
306,281,500000000000,600000000000,0.000013
282,283,0,50000000000,0.004607
282,283,50000000000,100000000000,0.004114
282,283,100000000000,150000000000,0.085877
282,283,150000000000,250000000000,0.000000
282,283,250000000000,300000000000,0.000007
282,283,300000000000,350000000000,0.000013
282,283,350000000000,450000000000,0.000000
282,283,450000000000,600000000000,0.000007
283,282,0,50000000000,0.173160
283,282,50000000000,100000000000,0.002314
283,282,100000000000,150000000000,0.002089
283,282,150000000000,250000000000,0.000000
283,282,250000000000,300000000000,0.000007
283,282,300000000000,350000000000,0.000013
283,282,350000000000,450000000000,0.000000
283,282,450000000000,600000000000,0.000007
282,307,0,50000000000,0.000013
282,307,50000000000,100000000000,0.002013
282,307,100000000000,150000000000,0.000013
282,307,150000000000,250000000000,0.000000
282,307,250000000000,300000000000,0.000013
282,307,300000000000,350000000000,0.000020
282,307,350000000000,400000000000,0.000007
282,307,400000000000,600000000000,0.000000
307,282,0,50000000000,0.000013
307,282,50000000000,100000000000,0.085763
307,282,100000000000,150000000000,0.000013
307,282,150000000000,250000000000,0.000000
307,282,250000000000,300000000000,0.000013
307,282,300000000000,350000000000,0.000020
307,282,350000000000,400000000000,0.000007
307,282,400000000000,600000000000,0.000000
283,284,0,50000000000,0.004612
283,284,50000000000,100000000000,0.003972
283,284,100000000000,150000000000,0.086021
283,284,150000000000,250000000000,0.000000
283,284,250000000000,300000000000,0.000007
283,284,300000000000,350000000000,0.000013
283,284,350000000000,600000000000,0.000000
284,283,0,50000000000,0.173250
284,283,50000000000,100000000000,0.002231
284,283,100000000000,150000000000,0.002089
284,283,150000000000,250000000000,0.000000
284,283,250000000000,300000000000,0.000007
284,283,300000000000,350000000000,0.000013
284,283,350000000000,600000000000,0.000000
283,308,0,50000000000,0.001964
283,308,50000000000,100000000000,0.048084
283,308,100000000000,150000000000,0.000013
283,308,150000000000,350000000000,0.000000
283,308,350000000000,400000000000,0.000007
283,308,400000000000,450000000000,0.000000
283,308,450000000000,550000000000,0.000034
283,308,550000000000,600000000000,0.000020
308,283,0,50000000000,0.085543
308,283,50000000000,100000000000,0.000020
308,283,100000000000,150000000000,0.000013
308,283,150000000000,350000000000,0.000000
308,283,350000000000,400000000000,0.000007
308,283,400000000000,450000000000,0.000000
308,283,450000000000,500000000000,0.048098
308,283,500000000000,550000000000,0.000034
308,283,550000000000,600000000000,0.000020
284,285,0,50000000000,0.004611
284,285,50000000000,100000000000,0.000063
284,285,100000000000,150000000000,0.086144
284,285,150000000000,600000000000,0.000000
285,284,0,50000000000,0.173332
285,284,50000000000,100000000000,0.002094
285,284,100000000000,150000000000,0.002083
285,284,150000000000,600000000000,0.000000
284,309,0,250000000000,0.000000
284,309,250000000000,300000000000,0.002223
284,309,300000000000,350000000000,0.000020
284,309,350000000000,400000000000,0.056120
284,309,400000000000,450000000000,0.000054
284,309,450000000000,500000000000,0.000007
284,309,500000000000,600000000000,0.000000
309,284,0,250000000000,0.000000
309,284,250000000000,300000000000,0.087846
309,284,300000000000,350000000000,0.000020
309,284,350000000000,450000000000,0.000054
309,284,450000000000,500000000000,0.000007
309,284,500000000000,600000000000,0.000000
285,286,0,600000000000,0.000000
286,285,0,150000000000,0.000000
286,285,150000000000,200000000000,0.000002
286,285,200000000000,600000000000,0.000000
285,310,0,50000000000,0.091872
285,310,50000000000,100000000000,0.036791
285,310,100000000000,150000000000,0.221992
285,310,150000000000,200000000000,0.141539
285,310,200000000000,250000000000,0.141918
285,310,250000000000,300000000000,0.000007
285,310,300000000000,450000000000,0.000000
285,310,450000000000,500000000000,0.000007
285,310,500000000000,600000000000,0.000000
310,285,0,50000000000,0.176100
310,285,50000000000,100000000000,0.091907
310,285,100000000000,150000000000,0.005019
310,285,150000000000,200000000000,0.237015
310,285,200000000000,250000000000,0.153348
310,285,250000000000,300000000000,0.000007
310,285,300000000000,450000000000,0.000000
310,285,450000000000,500000000000,0.000007
310,285,500000000000,600000000000,0.000000
286,287,0,600000000000,0.000000
287,286,0,150000000000,0.000000
287,286,150000000000,200000000000,0.000002
287,286,200000000000,600000000000,0.000000
286,311,0,50000000000,0.000007
286,311,50000000000,200000000000,0.000000
286,311,200000000000,250000000000,0.000007
286,311,250000000000,500000000000,0.000000
286,311,500000000000,600000000000,0.000007
311,286,0,50000000000,0.000007
311,286,50000000000,200000000000,0.000000
311,286,200000000000,250000000000,0.000007
311,286,250000000000,500000000000,0.000000
311,286,500000000000,600000000000,0.000007
287,288,0,600000000000,0.000000
288,287,0,600000000000,0.000000
287,312,0,50000000000,0.000007
287,312,50000000000,100000000000,0.000000
287,312,100000000000,150000000000,0.040429
287,312,150000000000,200000000000,0.000367
287,312,200000000000,250000000000,0.000000
287,312,250000000000,300000000000,0.000007
287,312,300000000000,350000000000,0.048071
287,312,350000000000,400000000000,0.000000
287,312,400000000000,450000000000,0.000007
287,312,450000000000,600000000000,0.000000
312,287,0,50000000000,0.000007
312,287,50000000000,100000000000,0.000000
312,287,100000000000,150000000000,0.001249
312,287,150000000000,250000000000,0.000000
312,287,250000000000,350000000000,0.000007
312,287,350000000000,400000000000,0.000000
312,287,400000000000,450000000000,0.000007
312,287,450000000000,600000000000,0.000000
288,289,0,600000000000,0.000000
289,288,0,600000000000,0.000000
288,313,0,100000000000,0.000007
288,313,100000000000,150000000000,0.000013
288,313,150000000000,250000000000,0.000007
288,313,250000000000,350000000000,0.000000
288,313,350000000000,400000000000,0.000007
288,313,400000000000,600000000000,0.000000
313,288,0,100000000000,0.000007
313,288,100000000000,150000000000,0.000013
313,288,150000000000,250000000000,0.000007
313,288,250000000000,350000000000,0.000000
313,288,350000000000,400000000000,0.000007
313,288,400000000000,600000000000,0.000000
289,290,0,600000000000,0.000000
290,289,0,600000000000,0.000000
289,314,0,600000000000,0.000000
314,289,0,600000000000,0.000000
290,291,0,600000000000,0.000000
291,290,0,600000000000,0.000000
290,315,0,600000000000,0.000000
315,290,0,600000000000,0.000000
291,292,0,600000000000,0.000000
292,291,0,600000000000,0.000000
291,316,0,600000000000,0.000000
316,291,0,600000000000,0.000000
292,293,0,600000000000,0.000000
293,292,0,600000000000,0.000000
292,317,0,600000000000,0.000000
317,292,0,600000000000,0.000000
293,294,0,600000000000,0.000000
294,293,0,600000000000,0.000000
293,318,0,350000000000,0.000000
293,318,350000000000,400000000000,0.000007
293,318,400000000000,500000000000,0.000000
293,318,500000000000,600000000000,0.000007
318,293,0,350000000000,0.000000
318,293,350000000000,400000000000,0.000007
318,293,400000000000,500000000000,0.000000
318,293,500000000000,600000000000,0.000007
294,295,0,600000000000,0.000000
295,294,0,600000000000,0.000000
294,319,0,200000000000,0.000000
294,319,200000000000,250000000000,0.048064
294,319,250000000000,350000000000,0.000007
294,319,350000000000,600000000000,0.000000
319,294,0,250000000000,0.000000
319,294,250000000000,350000000000,0.000007
319,294,350000000000,600000000000,0.000000
295,296,0,600000000000,0.000000
296,295,0,600000000000,0.000000
295,320,0,100000000000,0.000007
295,320,100000000000,600000000000,0.000000
320,295,0,100000000000,0.000007
320,295,100000000000,600000000000,0.000000
296,297,0,600000000000,0.000000
297,296,0,400000000000,0.000000
297,296,400000000000,450000000000,0.048064
297,296,450000000000,600000000000,0.000000
296,321,0,400000000000,0.000000
296,321,400000000000,450000000000,0.048071
296,321,450000000000,550000000000,0.000013
296,321,550000000000,600000000000,0.000007
321,296,0,400000000000,0.000000
321,296,400000000000,450000000000,0.000007
321,296,450000000000,550000000000,0.000013
321,296,550000000000,600000000000,0.000007
297,298,0,300000000000,0.000000
297,298,300000000000,350000000000,0.000007
297,298,350000000000,600000000000,0.000000
298,297,0,300000000000,0.000000
298,297,300000000000,350000000000,0.000007
298,297,350000000000,400000000000,0.000000
298,297,400000000000,450000000000,0.048064
298,297,450000000000,600000000000,0.000000
297,322,0,150000000000,0.000000
297,322,150000000000,200000000000,0.000007
297,322,200000000000,250000000000,0.001576
297,322,250000000000,350000000000,0.000013
297,322,350000000000,600000000000,0.000000
322,297,0,150000000000,0.000000
322,297,150000000000,200000000000,0.000007
322,297,200000000000,250000000000,0.043490
322,297,250000000000,300000000000,0.005714
322,297,300000000000,350000000000,0.000013
322,297,350000000000,600000000000,0.000000
298,299,0,50000000000,0.000000
298,299,50000000000,100000000000,0.000007
298,299,100000000000,150000000000,0.000013
298,299,150000000000,300000000000,0.000000
298,299,300000000000,350000000000,0.000007
298,299,350000000000,600000000000,0.000000
299,298,0,50000000000,0.000000
299,298,50000000000,100000000000,0.000007
299,298,100000000000,150000000000,0.000013
299,298,150000000000,300000000000,0.000000
299,298,300000000000,350000000000,0.000007
299,298,350000000000,400000000000,0.000000
299,298,400000000000,450000000000,0.048064
299,298,450000000000,600000000000,0.000000
298,323,0,50000000000,0.048077
298,323,50000000000,100000000000,0.000020
298,323,100000000000,150000000000,0.000013
298,323,150000000000,600000000000,0.000000
323,298,0,50000000000,0.000013
323,298,50000000000,100000000000,0.000020
323,298,100000000000,150000000000,0.000013
323,298,150000000000,600000000000,0.000000
275,299,0,50000000000,0.000000
275,299,50000000000,100000000000,0.000007
275,299,100000000000,150000000000,0.000013
275,299,150000000000,300000000000,0.000000
275,299,300000000000,350000000000,0.000007
275,299,350000000000,400000000000,0.000000
275,299,400000000000,450000000000,0.048064
275,299,450000000000,500000000000,0.000000
275,299,500000000000,600000000000,0.000007
299,275,0,50000000000,0.000000
299,275,50000000000,100000000000,0.000007
299,275,100000000000,150000000000,0.000013
299,275,150000000000,300000000000,0.000000
299,275,300000000000,350000000000,0.000007
299,275,350000000000,500000000000,0.000000
299,275,500000000000,600000000000,0.000007
299,324,0,450000000000,0.000000
299,324,450000000000,600000000000,0.000007
324,299,0,450000000000,0.000000
324,299,450000000000,600000000000,0.000007
300,301,0,100000000000,0.000007
300,301,100000000000,200000000000,0.000000
300,301,200000000000,250000000000,0.000013
300,301,250000000000,400000000000,0.000007
300,301,400000000000,450000000000,0.000000
300,301,450000000000,600000000000,0.000007
301,300,0,100000000000,0.000007
301,300,100000000000,200000000000,0.000000
301,300,200000000000,250000000000,0.000013
301,300,250000000000,400000000000,0.000007
301,300,400000000000,450000000000,0.000000
301,300,450000000000,600000000000,0.000007
300,325,0,250000000000,0.000000
300,325,250000000000,300000000000,0.000007
300,325,300000000000,350000000000,0.000013
300,325,350000000000,600000000000,0.000000
325,300,0,250000000000,0.000000
325,300,250000000000,300000000000,0.000007
325,300,300000000000,350000000000,0.000013
325,300,350000000000,600000000000,0.000000
301,302,0,100000000000,0.000007
301,302,100000000000,200000000000,0.000000
301,302,200000000000,250000000000,0.000013
301,302,250000000000,400000000000,0.000007
301,302,400000000000,450000000000,0.000000
301,302,450000000000,600000000000,0.000007
302,301,0,100000000000,0.000007
302,301,100000000000,200000000000,0.000000
302,301,200000000000,250000000000,0.000013
302,301,250000000000,400000000000,0.000007
302,301,400000000000,450000000000,0.000000
302,301,450000000000,600000000000,0.000007
301,326,0,50000000000,0.000007
301,326,50000000000,100000000000,0.000013
301,326,100000000000,600000000000,0.000000
326,301,0,50000000000,0.000007
326,301,50000000000,100000000000,0.000013
326,301,100000000000,600000000000,0.000000
302,303,0,100000000000,0.000007
302,303,100000000000,200000000000,0.000000
302,303,200000000000,250000000000,0.000013
302,303,250000000000,400000000000,0.000007
302,303,400000000000,450000000000,0.000000
302,303,450000000000,600000000000,0.000007
303,302,0,100000000000,0.000007
303,302,100000000000,200000000000,0.000000
303,302,200000000000,250000000000,0.000013
303,302,250000000000,400000000000,0.000007
303,302,400000000000,450000000000,0.000000
303,302,450000000000,600000000000,0.000007
302,327,0,250000000000,0.000000
302,327,250000000000,300000000000,0.002031
302,327,300000000000,600000000000,0.000000
327,302,0,250000000000,0.000000
327,302,250000000000,300000000000,0.085956
327,302,300000000000,600000000000,0.000000
303,304,0,100000000000,0.000007
303,304,100000000000,200000000000,0.000000
303,304,200000000000,250000000000,0.000013
303,304,250000000000,400000000000,0.000007
303,304,400000000000,450000000000,0.000000
303,304,450000000000,600000000000,0.000007
304,303,0,100000000000,0.000007
304,303,100000000000,200000000000,0.000000
304,303,200000000000,250000000000,0.000013
304,303,250000000000,400000000000,0.000007
304,303,400000000000,450000000000,0.000000
304,303,450000000000,600000000000,0.000007
303,328,0,600000000000,0.000000
328,303,0,600000000000,0.000000
304,305,0,100000000000,0.000007
304,305,100000000000,200000000000,0.000000
304,305,200000000000,250000000000,0.000013
304,305,250000000000,400000000000,0.000007
304,305,400000000000,450000000000,0.000000
304,305,450000000000,600000000000,0.000007
305,304,0,100000000000,0.000007
305,304,100000000000,200000000000,0.000000
305,304,200000000000,250000000000,0.000013
305,304,250000000000,400000000000,0.000007
305,304,400000000000,450000000000,0.000000
305,304,450000000000,600000000000,0.000007
304,329,0,400000000000,0.000000
304,329,400000000000,450000000000,0.048064
304,329,450000000000,550000000000,0.000013
304,329,550000000000,600000000000,0.000000
329,304,0,450000000000,0.000000
329,304,450000000000,550000000000,0.000013
329,304,550000000000,600000000000,0.000000
305,306,0,100000000000,0.000007
305,306,100000000000,200000000000,0.000000
305,306,200000000000,250000000000,0.000013
305,306,250000000000,400000000000,0.000007
305,306,400000000000,450000000000,0.000000
305,306,450000000000,600000000000,0.000007
306,305,0,100000000000,0.000007
306,305,100000000000,200000000000,0.000000
306,305,200000000000,250000000000,0.000013
306,305,250000000000,400000000000,0.000007
306,305,400000000000,450000000000,0.000000
306,305,450000000000,600000000000,0.000007
305,330,0,200000000000,0.000000
305,330,200000000000,250000000000,0.000007
305,330,250000000000,300000000000,0.000013
305,330,300000000000,400000000000,0.000000
305,330,400000000000,450000000000,0.000007
305,330,450000000000,500000000000,0.000037
305,330,500000000000,550000000000,0.000020
305,330,550000000000,600000000000,0.000007
330,305,0,200000000000,0.000000
330,305,200000000000,250000000000,0.000007
330,305,250000000000,300000000000,0.000013
330,305,300000000000,400000000000,0.000000
330,305,400000000000,450000000000,0.000007
330,305,450000000000,500000000000,0.000013
330,305,500000000000,550000000000,0.000020
330,305,550000000000,600000000000,0.000007
306,307,0,100000000000,0.000007
306,307,100000000000,150000000000,0.087677
306,307,150000000000,200000000000,0.000000
306,307,200000000000,400000000000,0.000007
306,307,400000000000,450000000000,0.000000
306,307,450000000000,600000000000,0.000007
307,306,0,100000000000,0.000007
307,306,100000000000,150000000000,0.002258
307,306,150000000000,200000000000,0.000000
307,306,200000000000,400000000000,0.000007
307,306,400000000000,450000000000,0.000000
307,306,450000000000,600000000000,0.000007
306,331,0,50000000000,0.000013
306,331,50000000000,100000000000,0.000000
306,331,100000000000,150000000000,0.039880
306,331,150000000000,200000000000,0.008016
306,331,200000000000,250000000000,0.000007
306,331,250000000000,350000000000,0.000013
306,331,350000000000,400000000000,0.000007
306,331,400000000000,500000000000,0.000000
306,331,500000000000,550000000000,0.000013
306,331,550000000000,600000000000,0.000000
331,306,0,50000000000,0.000013
331,306,50000000000,200000000000,0.000000
331,306,200000000000,250000000000,0.000007
331,306,250000000000,350000000000,0.000013
331,306,350000000000,400000000000,0.000007
331,306,400000000000,500000000000,0.000000
331,306,500000000000,550000000000,0.000013
331,306,550000000000,600000000000,0.000000
307,308,0,100000000000,0.000007
307,308,100000000000,150000000000,0.087677
307,308,150000000000,250000000000,0.000000
307,308,250000000000,400000000000,0.000007
307,308,400000000000,450000000000,0.000000
307,308,450000000000,600000000000,0.000007
308,307,0,100000000000,0.000007
308,307,100000000000,150000000000,0.002258
308,307,150000000000,250000000000,0.000000
308,307,250000000000,400000000000,0.000007
308,307,400000000000,450000000000,0.000000
308,307,450000000000,600000000000,0.000007
307,332,0,50000000000,0.000013
307,332,50000000000,100000000000,0.002013
307,332,100000000000,150000000000,0.000013
307,332,150000000000,200000000000,0.000000
307,332,200000000000,250000000000,0.000007
307,332,250000000000,300000000000,0.000013
307,332,300000000000,400000000000,0.000007
307,332,400000000000,600000000000,0.000000
332,307,0,50000000000,0.000013
332,307,50000000000,100000000000,0.085763
332,307,100000000000,150000000000,0.000013
332,307,150000000000,200000000000,0.000000
332,307,200000000000,250000000000,0.000007
332,307,250000000000,300000000000,0.000013
332,307,300000000000,400000000000,0.000007
332,307,400000000000,600000000000,0.000000
308,309,0,50000000000,0.000007
308,309,50000000000,100000000000,0.001059
308,309,100000000000,150000000000,0.088764
308,309,150000000000,250000000000,0.000000
308,309,250000000000,350000000000,0.000007
308,309,350000000000,600000000000,0.000000
309,308,0,50000000000,0.000007
309,308,50000000000,100000000000,0.034424
309,308,100000000000,150000000000,0.054262
309,308,150000000000,250000000000,0.000000
309,308,250000000000,350000000000,0.000007
309,308,350000000000,600000000000,0.000000
308,333,0,50000000000,0.001964
308,333,50000000000,100000000000,0.048071
308,333,100000000000,150000000000,0.000007
308,333,150000000000,450000000000,0.000000
308,333,450000000000,550000000000,0.000027
308,333,550000000000,600000000000,0.000013
333,308,0,50000000000,0.085543
333,308,50000000000,150000000000,0.000007
333,308,150000000000,450000000000,0.000000
333,308,450000000000,500000000000,0.048091
333,308,500000000000,550000000000,0.000027
333,308,550000000000,600000000000,0.000013
309,310,0,50000000000,0.000007
309,310,50000000000,100000000000,0.001058
309,310,100000000000,150000000000,0.088765
309,310,150000000000,600000000000,0.000000
310,309,0,50000000000,0.000007
310,309,50000000000,100000000000,0.034493
310,309,100000000000,150000000000,0.054193
310,309,150000000000,600000000000,0.000000
309,334,0,250000000000,0.000000
309,334,250000000000,300000000000,0.002216
309,334,300000000000,350000000000,0.000013
309,334,350000000000,400000000000,0.056120
309,334,400000000000,450000000000,0.000054
309,334,450000000000,500000000000,0.000007
309,334,500000000000,600000000000,0.000000
334,309,0,250000000000,0.000000
334,309,250000000000,300000000000,0.087839
334,309,300000000000,350000000000,0.000013
334,309,350000000000,450000000000,0.000054
334,309,450000000000,500000000000,0.000007
334,309,500000000000,600000000000,0.000000
310,311,0,600000000000,0.000000
311,310,0,150000000000,0.000000
311,310,150000000000,200000000000,0.000001
311,310,200000000000,600000000000,0.000000
310,335,0,50000000000,0.091865
310,335,50000000000,100000000000,0.002252
310,335,100000000000,150000000000,0.257793
310,335,150000000000,200000000000,0.141537
310,335,200000000000,250000000000,0.142305
310,335,250000000000,300000000000,0.000007
310,335,300000000000,450000000000,0.000000
310,335,450000000000,500000000000,0.000007
310,335,500000000000,600000000000,0.000000
335,310,0,50000000000,0.176093
335,310,50000000000,100000000000,0.090850
335,310,100000000000,150000000000,0.006202
335,310,150000000000,200000000000,0.237112
335,310,200000000000,250000000000,0.153635
335,310,250000000000,300000000000,0.000007
335,310,300000000000,450000000000,0.000000
335,310,450000000000,500000000000,0.000007
335,310,500000000000,600000000000,0.000000
311,312,0,600000000000,0.000000
312,311,0,150000000000,0.000000
312,311,150000000000,200000000000,0.000001
312,311,200000000000,600000000000,0.000000
311,336,0,50000000000,0.000007
311,336,50000000000,200000000000,0.000000
311,336,200000000000,250000000000,0.000007
311,336,250000000000,500000000000,0.000000
311,336,500000000000,600000000000,0.000007
336,311,0,50000000000,0.000007
336,311,50000000000,200000000000,0.000000
336,311,200000000000,250000000000,0.000007
336,311,250000000000,500000000000,0.000000
336,311,500000000000,600000000000,0.000007
312,313,0,600000000000,0.000000
313,312,0,600000000000,0.000000
312,337,0,50000000000,0.000007
312,337,50000000000,100000000000,0.000000
312,337,100000000000,150000000000,0.040383
312,337,150000000000,200000000000,0.000413
312,337,200000000000,250000000000,0.000000
312,337,250000000000,300000000000,0.000007
312,337,300000000000,350000000000,0.048071
312,337,350000000000,400000000000,0.000000
312,337,400000000000,450000000000,0.000007
312,337,450000000000,600000000000,0.000000
337,312,0,50000000000,0.000007
337,312,50000000000,100000000000,0.000000
337,312,100000000000,150000000000,0.001250
337,312,150000000000,250000000000,0.000000
337,312,250000000000,350000000000,0.000007
337,312,350000000000,400000000000,0.000000
337,312,400000000000,450000000000,0.000007
337,312,450000000000,600000000000,0.000000
313,314,0,600000000000,0.000000
314,313,0,600000000000,0.000000
313,338,0,100000000000,0.000007
313,338,100000000000,150000000000,0.000013
313,338,150000000000,250000000000,0.000007
313,338,250000000000,350000000000,0.000000
313,338,350000000000,400000000000,0.000007
313,338,400000000000,600000000000,0.000000
338,313,0,100000000000,0.000007
338,313,100000000000,150000000000,0.000013
338,313,150000000000,250000000000,0.000007
338,313,250000000000,350000000000,0.000000
338,313,350000000000,400000000000,0.000007
338,313,400000000000,600000000000,0.000000
314,315,0,600000000000,0.000000
315,314,0,600000000000,0.000000
314,339,0,600000000000,0.000000
339,314,0,600000000000,0.000000
315,316,0,600000000000,0.000000
316,315,0,600000000000,0.000000
315,340,0,600000000000,0.000000
340,315,0,600000000000,0.000000
316,317,0,600000000000,0.000000
317,316,0,600000000000,0.000000
316,341,0,600000000000,0.000000
341,316,0,600000000000,0.000000
317,318,0,600000000000,0.000000
318,317,0,600000000000,0.000000
317,342,0,600000000000,0.000000
342,317,0,600000000000,0.000000
318,319,0,600000000000,0.000000
319,318,0,600000000000,0.000000
318,343,0,350000000000,0.000000
318,343,350000000000,400000000000,0.000007
318,343,400000000000,500000000000,0.000000
318,343,500000000000,600000000000,0.000007
343,318,0,350000000000,0.000000
343,318,350000000000,400000000000,0.000007
343,318,400000000000,500000000000,0.000000
343,318,500000000000,600000000000,0.000007
319,320,0,600000000000,0.000000
320,319,0,600000000000,0.000000
319,344,0,200000000000,0.000000
319,344,200000000000,250000000000,0.048064
319,344,250000000000,350000000000,0.000007
319,344,350000000000,600000000000,0.000000
344,319,0,250000000000,0.000000
344,319,250000000000,350000000000,0.000007
344,319,350000000000,600000000000,0.000000
320,321,0,600000000000,0.000000
321,320,0,600000000000,0.000000
320,345,0,100000000000,0.000007
320,345,100000000000,600000000000,0.000000
345,320,0,100000000000,0.000007
345,320,100000000000,600000000000,0.000000
321,322,0,500000000000,0.000000
321,322,500000000000,600000000000,0.000007
322,321,0,500000000000,0.000000
322,321,500000000000,600000000000,0.000007
321,346,0,400000000000,0.000000
321,346,400000000000,450000000000,0.048071
321,346,450000000000,500000000000,0.000013
321,346,500000000000,550000000000,0.000007
321,346,550000000000,600000000000,0.000000
346,321,0,400000000000,0.000000
346,321,400000000000,450000000000,0.000007
346,321,450000000000,500000000000,0.000013
346,321,500000000000,550000000000,0.000007
346,321,550000000000,600000000000,0.000000
322,323,0,200000000000,0.000000
322,323,200000000000,250000000000,0.087959
322,323,250000000000,350000000000,0.000007
322,323,350000000000,500000000000,0.000000
322,323,500000000000,600000000000,0.000007
323,322,0,200000000000,0.000000
323,322,200000000000,250000000000,0.002365
323,322,250000000000,350000000000,0.000007
323,322,350000000000,500000000000,0.000000
323,322,500000000000,600000000000,0.000007
322,347,0,150000000000,0.000000
322,347,150000000000,200000000000,0.000007
322,347,200000000000,250000000000,0.003928
322,347,250000000000,350000000000,0.000007
322,347,350000000000,600000000000,0.000000
347,322,0,150000000000,0.000000
347,322,150000000000,200000000000,0.000007
347,322,200000000000,250000000000,0.131531
347,322,250000000000,300000000000,0.005611
347,322,300000000000,350000000000,0.000007
347,322,350000000000,600000000000,0.000000
323,324,0,100000000000,0.000007
323,324,100000000000,200000000000,0.000000
323,324,200000000000,250000000000,0.087959
323,324,250000000000,350000000000,0.000007
323,324,350000000000,500000000000,0.000000
323,324,500000000000,600000000000,0.000007
324,323,0,100000000000,0.000007
324,323,100000000000,200000000000,0.000000
324,323,200000000000,250000000000,0.002365
324,323,250000000000,350000000000,0.000007
324,323,350000000000,500000000000,0.000000
324,323,500000000000,600000000000,0.000007
323,348,0,50000000000,0.048071
323,348,50000000000,150000000000,0.000013
323,348,150000000000,600000000000,0.000000
348,323,0,50000000000,0.000007
348,323,50000000000,150000000000,0.000013
348,323,150000000000,600000000000,0.000000
300,324,0,100000000000,0.000007
300,324,100000000000,200000000000,0.000000
300,324,200000000000,250000000000,0.002365
300,324,250000000000,350000000000,0.000007
300,324,350000000000,450000000000,0.000000
300,324,450000000000,600000000000,0.000007
324,300,0,100000000000,0.000007
324,300,100000000000,200000000000,0.000000
324,300,200000000000,250000000000,0.087959
324,300,250000000000,350000000000,0.000007
324,300,350000000000,450000000000,0.000000
324,300,450000000000,600000000000,0.000007
324,349,0,500000000000,0.000000
324,349,500000000000,600000000000,0.000007
349,324,0,500000000000,0.000000
349,324,500000000000,600000000000,0.000007
325,326,0,600000000000,0.000000
326,325,0,600000000000,0.000000
325,350,0,250000000000,0.000000
325,350,250000000000,300000000000,0.000007
325,350,300000000000,350000000000,0.000013
325,350,350000000000,600000000000,0.000000
350,325,0,250000000000,0.000000
350,325,250000000000,300000000000,0.000007
350,325,300000000000,350000000000,0.000013
350,325,350000000000,600000000000,0.000000
326,327,0,600000000000,0.000000
327,326,0,600000000000,0.000000
326,351,0,50000000000,0.000007
326,351,50000000000,100000000000,0.000013
326,351,100000000000,600000000000,0.000000
351,326,0,50000000000,0.000007
351,326,50000000000,100000000000,0.000013
351,326,100000000000,600000000000,0.000000
327,328,0,600000000000,0.000000
328,327,0,600000000000,0.000000
327,352,0,250000000000,0.000000
327,352,250000000000,300000000000,0.002031
327,352,300000000000,600000000000,0.000000
352,327,0,250000000000,0.000000
352,327,250000000000,300000000000,0.085956
352,327,300000000000,600000000000,0.000000
328,329,0,400000000000,0.000000
328,329,400000000000,450000000000,0.000013
328,329,450000000000,500000000000,0.048077
328,329,500000000000,550000000000,0.000013
328,329,550000000000,600000000000,0.000000
329,328,0,400000000000,0.000000
329,328,400000000000,550000000000,0.000013
329,328,550000000000,600000000000,0.000000
328,353,0,600000000000,0.000000
353,328,0,600000000000,0.000000
329,330,0,200000000000,0.000000
329,330,200000000000,250000000000,0.048053
329,330,250000000000,350000000000,0.000013
329,330,350000000000,400000000000,0.000000
329,330,400000000000,450000000000,0.000013
329,330,450000000000,500000000000,0.048077
329,330,500000000000,550000000000,0.000013
329,330,550000000000,600000000000,0.000000
330,329,0,200000000000,0.000000
330,329,200000000000,250000000000,0.000013
330,329,250000000000,350000000000,0.000013
330,329,350000000000,400000000000,0.000000
330,329,400000000000,550000000000,0.000013
330,329,550000000000,600000000000,0.000000
329,354,0,600000000000,0.000000
354,329,0,600000000000,0.000000
330,331,0,150000000000,0.000000
330,331,150000000000,200000000000,0.089673
330,331,200000000000,250000000000,0.048060
330,331,250000000000,350000000000,0.000013
330,331,350000000000,400000000000,0.000000
330,331,400000000000,450000000000,0.000013
330,331,450000000000,500000000000,0.048077
330,331,500000000000,550000000000,0.000013
330,331,550000000000,600000000000,0.000000
331,330,0,150000000000,0.000000
331,330,150000000000,200000000000,0.050210
331,330,200000000000,250000000000,0.000019
331,330,250000000000,350000000000,0.000013
331,330,350000000000,400000000000,0.000000
331,330,400000000000,550000000000,0.000013
331,330,550000000000,600000000000,0.000000
330,355,0,400000000000,0.000000
330,355,400000000000,450000000000,0.000007
330,355,450000000000,500000000000,0.000037
330,355,500000000000,550000000000,0.000020
330,355,550000000000,600000000000,0.000007
355,330,0,400000000000,0.000000
355,330,400000000000,450000000000,0.000007
355,330,450000000000,500000000000,0.000013
355,330,500000000000,550000000000,0.000020
355,330,550000000000,600000000000,0.000007
331,332,0,150000000000,0.000000
331,332,150000000000,200000000000,0.089673
331,332,200000000000,250000000000,0.048060
331,332,250000000000,350000000000,0.000013
331,332,350000000000,400000000000,0.000007
331,332,400000000000,450000000000,0.000013
331,332,450000000000,500000000000,0.048071
331,332,500000000000,550000000000,0.000013
331,332,550000000000,600000000000,0.000000
332,331,0,150000000000,0.000000
332,331,150000000000,200000000000,0.050210
332,331,200000000000,250000000000,0.000019
332,331,250000000000,350000000000,0.000013
332,331,350000000000,400000000000,0.000007
332,331,400000000000,450000000000,0.000013
332,331,450000000000,500000000000,0.000007
332,331,500000000000,550000000000,0.000013
332,331,550000000000,600000000000,0.000000
331,356,0,100000000000,0.000000
331,356,100000000000,150000000000,0.039845
331,356,150000000000,200000000000,0.008051
331,356,200000000000,250000000000,0.000007
331,356,250000000000,350000000000,0.000013
331,356,350000000000,450000000000,0.000000
331,356,450000000000,500000000000,0.000007
331,356,500000000000,550000000000,0.000013
331,356,550000000000,600000000000,0.000000
356,331,0,200000000000,0.000000
356,331,200000000000,250000000000,0.000007
356,331,250000000000,350000000000,0.000013
356,331,350000000000,450000000000,0.000000
356,331,450000000000,500000000000,0.000007
356,331,500000000000,550000000000,0.000013
356,331,550000000000,600000000000,0.000000
332,333,0,150000000000,0.000000
332,333,150000000000,200000000000,0.089673
332,333,200000000000,250000000000,0.134268
332,333,250000000000,350000000000,0.000013
332,333,350000000000,400000000000,0.000007
332,333,400000000000,450000000000,0.000013
332,333,450000000000,500000000000,0.048071
332,333,500000000000,550000000000,0.000013
332,333,550000000000,600000000000,0.000000
333,332,0,150000000000,0.000000
333,332,150000000000,200000000000,0.002146
333,332,200000000000,250000000000,0.002267
333,332,250000000000,350000000000,0.000013
333,332,350000000000,400000000000,0.000007
333,332,400000000000,450000000000,0.000013
333,332,450000000000,500000000000,0.000007
333,332,500000000000,550000000000,0.000013
333,332,550000000000,600000000000,0.000000
332,357,0,50000000000,0.000013
332,357,50000000000,100000000000,0.002013
332,357,100000000000,150000000000,0.000013
332,357,150000000000,200000000000,0.000000
332,357,200000000000,250000000000,0.000007
332,357,250000000000,300000000000,0.000013
332,357,300000000000,400000000000,0.000007
332,357,400000000000,600000000000,0.000000
357,332,0,50000000000,0.000013
357,332,50000000000,100000000000,0.085763
357,332,100000000000,150000000000,0.000013
357,332,150000000000,200000000000,0.048064
357,332,200000000000,250000000000,0.000007
357,332,250000000000,300000000000,0.000013
357,332,300000000000,400000000000,0.000007
357,332,400000000000,600000000000,0.000000
333,334,0,100000000000,0.000000
333,334,100000000000,150000000000,0.001756
333,334,150000000000,200000000000,0.113603
333,334,200000000000,250000000000,0.196400
333,334,250000000000,350000000000,0.000013
333,334,350000000000,400000000000,0.000007
333,334,400000000000,450000000000,0.000013
333,334,450000000000,600000000000,0.000000
334,333,0,100000000000,0.000000
334,333,100000000000,150000000000,0.083432
334,333,150000000000,200000000000,0.002527
334,333,200000000000,250000000000,0.004830
334,333,250000000000,350000000000,0.000013
334,333,350000000000,400000000000,0.000007
334,333,400000000000,450000000000,0.000013
334,333,450000000000,600000000000,0.000000
333,358,0,50000000000,0.001964
333,358,50000000000,100000000000,0.048071
333,358,100000000000,150000000000,0.000007
333,358,150000000000,450000000000,0.000000
333,358,450000000000,500000000000,0.000020
333,358,500000000000,550000000000,0.000027
333,358,550000000000,600000000000,0.000013
358,333,0,50000000000,0.085543
358,333,50000000000,150000000000,0.000007
358,333,150000000000,450000000000,0.000000
358,333,450000000000,500000000000,0.000020
358,333,500000000000,550000000000,0.000027
358,333,550000000000,600000000000,0.000013
334,335,0,100000000000,0.000000
334,335,100000000000,150000000000,0.001756
334,335,150000000000,200000000000,0.113467
334,335,200000000000,250000000000,0.196536
334,335,250000000000,600000000000,0.000000
335,334,0,100000000000,0.000000
335,334,100000000000,150000000000,0.083432
335,334,150000000000,200000000000,0.002532
335,334,200000000000,250000000000,0.004825
335,334,250000000000,600000000000,0.000000
334,359,0,250000000000,0.000000
334,359,250000000000,300000000000,0.002216
334,359,300000000000,350000000000,0.000000
334,359,350000000000,400000000000,0.056127
334,359,400000000000,450000000000,0.000040
334,359,450000000000,500000000000,0.000007
334,359,500000000000,600000000000,0.000000
359,334,0,250000000000,0.000000
359,334,250000000000,300000000000,0.087839
359,334,300000000000,350000000000,0.000000
359,334,350000000000,400000000000,0.000060
359,334,400000000000,450000000000,0.000040
359,334,450000000000,500000000000,0.000007
359,334,500000000000,600000000000,0.000000
335,336,0,600000000000,0.000000
336,335,0,150000000000,0.000000
336,335,150000000000,200000000000,0.000001
336,335,200000000000,600000000000,0.000000
335,360,0,50000000000,0.091865
335,360,50000000000,100000000000,0.002252
335,360,100000000000,150000000000,0.174361
335,360,150000000000,200000000000,0.139002
335,360,200000000000,250000000000,0.182272
335,360,250000000000,300000000000,0.000007
335,360,300000000000,450000000000,0.000000
335,360,450000000000,500000000000,0.000007
335,360,500000000000,600000000000,0.000000
360,335,0,50000000000,0.176093
360,335,50000000000,100000000000,0.090850
360,335,100000000000,150000000000,0.004446
360,335,150000000000,200000000000,0.129181
360,335,200000000000,250000000000,0.002569
360,335,250000000000,300000000000,0.000007
360,335,300000000000,450000000000,0.000000
360,335,450000000000,500000000000,0.000007
360,335,500000000000,600000000000,0.000000
336,337,0,600000000000,0.000000
337,336,0,150000000000,0.000000
337,336,150000000000,200000000000,0.000001
337,336,200000000000,600000000000,0.000000
336,361,0,50000000000,0.000007
336,361,50000000000,200000000000,0.000000
336,361,200000000000,250000000000,0.000007
336,361,250000000000,500000000000,0.000000
336,361,500000000000,600000000000,0.000007
361,336,0,50000000000,0.000007
361,336,50000000000,200000000000,0.000000
361,336,200000000000,250000000000,0.000007
361,336,250000000000,500000000000,0.000000
361,336,500000000000,600000000000,0.000007
337,338,0,600000000000,0.000000
338,337,0,600000000000,0.000000
337,362,0,50000000000,0.000007
337,362,50000000000,100000000000,0.000000
337,362,100000000000,150000000000,0.040323
337,362,150000000000,200000000000,0.000474
337,362,200000000000,250000000000,0.000000
337,362,250000000000,300000000000,0.000007
337,362,300000000000,350000000000,0.048071
337,362,350000000000,400000000000,0.000000
337,362,400000000000,450000000000,0.000007
337,362,450000000000,600000000000,0.000000
362,337,0,50000000000,0.000007
362,337,50000000000,100000000000,0.000000
362,337,100000000000,150000000000,0.001251
362,337,150000000000,250000000000,0.000000
362,337,250000000000,350000000000,0.000007
362,337,350000000000,400000000000,0.000000
362,337,400000000000,450000000000,0.000007
362,337,450000000000,600000000000,0.000000
338,339,0,600000000000,0.000000
339,338,0,600000000000,0.000000
338,363,0,100000000000,0.000007
338,363,100000000000,150000000000,0.000013
338,363,150000000000,250000000000,0.000007
338,363,250000000000,350000000000,0.000000
338,363,350000000000,400000000000,0.000007
338,363,400000000000,600000000000,0.000000
363,338,0,100000000000,0.000007
363,338,100000000000,150000000000,0.000013
363,338,150000000000,250000000000,0.000007
363,338,250000000000,350000000000,0.000000
363,338,350000000000,400000000000,0.000007
363,338,400000000000,600000000000,0.000000
339,340,0,600000000000,0.000000
340,339,0,600000000000,0.000000
339,364,0,600000000000,0.000000
364,339,0,600000000000,0.000000
340,341,0,600000000000,0.000000
341,340,0,600000000000,0.000000
340,365,0,600000000000,0.000000
365,340,0,600000000000,0.000000
341,342,0,600000000000,0.000000
342,341,0,600000000000,0.000000
341,366,0,600000000000,0.000000
366,341,0,600000000000,0.000000
342,343,0,600000000000,0.000000
343,342,0,600000000000,0.000000
342,367,0,600000000000,0.000000
367,342,0,600000000000,0.000000
343,344,0,400000000000,0.000000
343,344,400000000000,500000000000,0.000013
343,344,500000000000,600000000000,0.000000
344,343,0,400000000000,0.000000
344,343,400000000000,500000000000,0.000013
344,343,500000000000,600000000000,0.000000
343,368,0,350000000000,0.000000
343,368,350000000000,400000000000,0.000007
343,368,400000000000,500000000000,0.000000
343,368,500000000000,600000000000,0.000007
368,343,0,350000000000,0.000000
368,343,350000000000,400000000000,0.000007
368,343,400000000000,500000000000,0.000000
368,343,500000000000,600000000000,0.000007
344,345,0,200000000000,0.000000
344,345,200000000000,250000000000,0.000013
344,345,250000000000,300000000000,0.000116
344,345,300000000000,400000000000,0.000000
344,345,400000000000,500000000000,0.000013
344,345,500000000000,600000000000,0.000000
345,344,0,200000000000,0.000000
345,344,200000000000,250000000000,0.000013
345,344,250000000000,400000000000,0.000000
345,344,400000000000,500000000000,0.000013
345,344,500000000000,600000000000,0.000000
344,369,0,200000000000,0.000000
344,369,200000000000,250000000000,0.048249
344,369,250000000000,350000000000,0.000007
344,369,350000000000,600000000000,0.000000
369,344,0,200000000000,0.000000
369,344,200000000000,250000000000,0.009978
369,344,250000000000,300000000000,0.000011
369,344,300000000000,350000000000,0.000007
369,344,350000000000,600000000000,0.000000
345,346,0,200000000000,0.000000
345,346,200000000000,250000000000,0.000013
345,346,250000000000,300000000000,0.000116
345,346,300000000000,400000000000,0.000000
345,346,400000000000,500000000000,0.000013
345,346,500000000000,600000000000,0.000000
346,345,0,200000000000,0.000000
346,345,200000000000,250000000000,0.000013
346,345,250000000000,400000000000,0.000000
346,345,400000000000,500000000000,0.000013
346,345,500000000000,600000000000,0.000000
345,370,0,100000000000,0.000007
345,370,100000000000,600000000000,0.000000
370,345,0,100000000000,0.000007
370,345,100000000000,600000000000,0.000000
346,347,0,200000000000,0.000000
346,347,200000000000,250000000000,0.000013
346,347,250000000000,300000000000,0.000116
346,347,300000000000,600000000000,0.000000
347,346,0,200000000000,0.000000
347,346,200000000000,250000000000,0.000013
347,346,250000000000,600000000000,0.000000
346,371,0,400000000000,0.000000
346,371,400000000000,450000000000,0.048071
346,371,450000000000,500000000000,0.000013
346,371,500000000000,550000000000,0.000007
346,371,550000000000,600000000000,0.000000
371,346,0,400000000000,0.000000
371,346,400000000000,450000000000,0.000007
371,346,450000000000,500000000000,0.000013
371,346,500000000000,550000000000,0.000007
371,346,550000000000,600000000000,0.000000
347,348,0,600000000000,0.000000
348,347,0,600000000000,0.000000
347,372,0,150000000000,0.000000
347,372,150000000000,200000000000,0.000007
347,372,200000000000,250000000000,0.003928
347,372,250000000000,300000000000,0.000008
347,372,300000000000,350000000000,0.000007
347,372,350000000000,600000000000,0.000000
372,347,0,150000000000,0.000000
372,347,150000000000,200000000000,0.000007
372,347,200000000000,250000000000,0.131622
372,347,250000000000,300000000000,0.005406
372,347,300000000000,350000000000,0.000007
372,347,350000000000,600000000000,0.000000
348,349,0,600000000000,0.000000
349,348,0,600000000000,0.000000
348,373,0,50000000000,0.048071
348,373,50000000000,150000000000,0.000013
348,373,150000000000,600000000000,0.000000
373,348,0,50000000000,0.000007
373,348,50000000000,150000000000,0.000013
373,348,150000000000,600000000000,0.000000
325,349,0,600000000000,0.000000
349,325,0,600000000000,0.000000
349,374,0,500000000000,0.000000
349,374,500000000000,600000000000,0.000007
374,349,0,500000000000,0.000000
374,349,500000000000,600000000000,0.000007
350,351,0,100000000000,0.000000
350,351,100000000000,200000000000,0.000007
350,351,200000000000,350000000000,0.000000
350,351,350000000000,400000000000,0.000007
350,351,400000000000,600000000000,0.000000
351,350,0,100000000000,0.000000
351,350,100000000000,200000000000,0.000007
351,350,200000000000,350000000000,0.000000
351,350,350000000000,400000000000,0.000007
351,350,400000000000,600000000000,0.000000
350,375,0,100000000000,0.000000
350,375,100000000000,200000000000,0.000007
350,375,200000000000,250000000000,0.000000
350,375,250000000000,300000000000,0.000007
350,375,300000000000,350000000000,0.000013
350,375,350000000000,600000000000,0.000000
375,350,0,100000000000,0.000000
375,350,100000000000,200000000000,0.000007
375,350,200000000000,250000000000,0.000000
375,350,250000000000,300000000000,0.000007
375,350,300000000000,350000000000,0.000013
375,350,350000000000,600000000000,0.000000
351,352,0,100000000000,0.000000
351,352,100000000000,200000000000,0.000007
351,352,200000000000,350000000000,0.000000
351,352,350000000000,400000000000,0.000007
351,352,400000000000,600000000000,0.000000
352,351,0,100000000000,0.000000
352,351,100000000000,200000000000,0.000007
352,351,200000000000,350000000000,0.000000
352,351,350000000000,400000000000,0.000007
352,351,400000000000,600000000000,0.000000
351,376,0,50000000000,0.000007
351,376,50000000000,100000000000,0.000013
351,376,100000000000,600000000000,0.000000
376,351,0,50000000000,0.000007
376,351,50000000000,100000000000,0.000013
376,351,100000000000,600000000000,0.000000
352,353,0,100000000000,0.000000
352,353,100000000000,200000000000,0.000007
352,353,200000000000,250000000000,0.000000
352,353,250000000000,300000000000,0.002031
352,353,300000000000,350000000000,0.000000
352,353,350000000000,400000000000,0.000007
352,353,400000000000,600000000000,0.000000
353,352,0,100000000000,0.000000
353,352,100000000000,200000000000,0.000007
353,352,200000000000,250000000000,0.000000
353,352,250000000000,300000000000,0.085956
353,352,300000000000,350000000000,0.000000
353,352,350000000000,400000000000,0.000007
353,352,400000000000,600000000000,0.000000
352,377,0,600000000000,0.000000
377,352,0,600000000000,0.000000
353,354,0,100000000000,0.000000
353,354,100000000000,200000000000,0.000007
353,354,200000000000,250000000000,0.000000
353,354,250000000000,300000000000,0.002031
353,354,300000000000,350000000000,0.000000
353,354,350000000000,400000000000,0.000007
353,354,400000000000,500000000000,0.000000
353,354,500000000000,600000000000,0.000013
354,353,0,100000000000,0.000000
354,353,100000000000,200000000000,0.000007
354,353,200000000000,250000000000,0.000000
354,353,250000000000,300000000000,0.085956
354,353,300000000000,350000000000,0.000000
354,353,350000000000,400000000000,0.000007
354,353,400000000000,500000000000,0.000000
354,353,500000000000,600000000000,0.000013
353,378,0,600000000000,0.000000
378,353,0,600000000000,0.000000
354,355,0,100000000000,0.000000
354,355,100000000000,200000000000,0.000007
354,355,200000000000,250000000000,0.000000
354,355,250000000000,350000000000,0.000013
354,355,350000000000,400000000000,0.000007
354,355,400000000000,500000000000,0.000000
354,355,500000000000,600000000000,0.000007
355,354,0,100000000000,0.000000
355,354,100000000000,200000000000,0.000007
355,354,200000000000,250000000000,0.000000
355,354,250000000000,300000000000,0.000013
355,354,300000000000,350000000000,0.000013
355,354,350000000000,400000000000,0.000007
355,354,400000000000,500000000000,0.000000
355,354,500000000000,600000000000,0.000007
354,379,0,500000000000,0.000000
354,379,500000000000,600000000000,0.000007
379,354,0,500000000000,0.000000
379,354,500000000000,600000000000,0.000007
355,356,0,100000000000,0.000013
355,356,100000000000,200000000000,0.000007
355,356,200000000000,250000000000,0.000000
355,356,250000000000,300000000000,0.003705
355,356,300000000000,350000000000,0.000377
355,356,350000000000,400000000000,0.000007
355,356,400000000000,450000000000,0.000000
355,356,450000000000,500000000000,0.040044
355,356,500000000000,550000000000,0.008033
355,356,550000000000,600000000000,0.000007
356,355,0,100000000000,0.000013
356,355,100000000000,200000000000,0.000007
356,355,200000000000,250000000000,0.000000
356,355,250000000000,300000000000,0.148538
356,355,300000000000,350000000000,0.019578
356,355,350000000000,400000000000,0.000007
356,355,400000000000,450000000000,0.000000
356,355,450000000000,600000000000,0.000007
355,380,0,250000000000,0.000000
355,380,250000000000,350000000000,0.000007
355,380,350000000000,400000000000,0.000000
355,380,400000000000,450000000000,0.000007
355,380,450000000000,500000000000,0.000031
355,380,500000000000,600000000000,0.000007
380,355,0,250000000000,0.000000
380,355,250000000000,350000000000,0.000007
380,355,350000000000,400000000000,0.000000
380,355,400000000000,600000000000,0.000007
356,357,0,100000000000,0.000007
356,357,100000000000,150000000000,0.047327
356,357,150000000000,200000000000,0.039262
356,357,200000000000,250000000000,0.002117
356,357,250000000000,300000000000,0.051775
356,357,300000000000,350000000000,0.000385
356,357,350000000000,450000000000,0.000007
356,357,450000000000,500000000000,0.040020
356,357,500000000000,550000000000,0.008051
356,357,550000000000,600000000000,0.000007
357,356,0,100000000000,0.000007
357,356,100000000000,150000000000,0.001300
357,356,150000000000,200000000000,0.000767
357,356,200000000000,250000000000,0.086071
357,356,250000000000,300000000000,0.148599
357,356,300000000000,350000000000,0.019529
357,356,350000000000,400000000000,0.048071
357,356,400000000000,500000000000,0.000007
357,356,500000000000,550000000000,0.000000
357,356,550000000000,600000000000,0.000007
356,381,0,100000000000,0.000007
356,381,100000000000,150000000000,0.039821
356,381,150000000000,200000000000,0.008075
356,381,200000000000,350000000000,0.000007
356,381,350000000000,400000000000,0.000000
356,381,400000000000,500000000000,0.000007
356,381,500000000000,550000000000,0.000020
356,381,550000000000,600000000000,0.000000
381,356,0,100000000000,0.000007
381,356,100000000000,200000000000,0.000000
381,356,200000000000,350000000000,0.000007
381,356,350000000000,400000000000,0.000000
381,356,400000000000,500000000000,0.000007
381,356,500000000000,550000000000,0.000020
381,356,550000000000,600000000000,0.000000
357,358,0,100000000000,0.000013
357,358,100000000000,150000000000,0.047266
357,358,150000000000,200000000000,0.085049
357,358,200000000000,250000000000,0.002117
357,358,250000000000,300000000000,0.050319
357,358,300000000000,350000000000,0.000007
357,358,350000000000,400000000000,0.000013
357,358,400000000000,450000000000,0.000007
357,358,450000000000,500000000000,0.039996
357,358,500000000000,550000000000,0.008075
357,358,550000000000,600000000000,0.000007
358,357,0,100000000000,0.000013
358,357,100000000000,150000000000,0.001294
358,357,150000000000,200000000000,0.001656
358,357,200000000000,250000000000,0.086071
358,357,250000000000,300000000000,0.083140
358,357,300000000000,350000000000,0.000007
358,357,350000000000,400000000000,0.048077
358,357,400000000000,500000000000,0.000007
358,357,500000000000,550000000000,0.000000
358,357,550000000000,600000000000,0.000007
357,382,0,50000000000,0.085825
357,382,50000000000,100000000000,0.000007
357,382,100000000000,150000000000,0.001945
357,382,150000000000,200000000000,0.000000
357,382,200000000000,250000000000,0.000007
357,382,250000000000,300000000000,0.049533
357,382,300000000000,350000000000,0.000385
357,382,350000000000,600000000000,0.000000
382,357,0,50000000000,0.002018
382,357,50000000000,100000000000,0.000007
382,357,100000000000,150000000000,0.087592
382,357,150000000000,200000000000,0.048064
382,357,200000000000,250000000000,0.000007
382,357,250000000000,300000000000,0.067248
382,357,300000000000,350000000000,0.019499
382,357,350000000000,600000000000,0.000000
358,359,0,100000000000,0.000007
358,359,100000000000,150000000000,0.049198
358,359,150000000000,200000000000,0.085118
358,359,200000000000,250000000000,0.002117
358,359,250000000000,300000000000,0.050319
358,359,300000000000,350000000000,0.000007
358,359,350000000000,400000000000,0.000013
358,359,400000000000,450000000000,0.000007
358,359,450000000000,600000000000,0.000000
359,358,0,100000000000,0.000007
359,358,100000000000,150000000000,0.084435
359,358,150000000000,200000000000,0.001655
359,358,200000000000,250000000000,0.086071
359,358,250000000000,300000000000,0.083140
359,358,300000000000,350000000000,0.000007
359,358,350000000000,400000000000,0.048077
359,358,400000000000,450000000000,0.000007
359,358,450000000000,600000000000,0.000000
358,383,0,50000000000,0.000007
358,383,50000000000,100000000000,0.048077
358,383,100000000000,450000000000,0.000000
358,383,450000000000,500000000000,0.039992
358,383,500000000000,550000000000,0.008126
358,383,550000000000,600000000000,0.000020
383,358,0,50000000000,0.000007
383,358,50000000000,100000000000,0.000013
383,358,100000000000,450000000000,0.000000
383,358,450000000000,550000000000,0.000027
383,358,550000000000,600000000000,0.000020
359,360,0,100000000000,0.000007
359,360,100000000000,150000000000,0.049129
359,360,150000000000,200000000000,0.085187
359,360,200000000000,250000000000,0.002117
359,360,250000000000,300000000000,0.000000
359,360,300000000000,350000000000,0.000007
359,360,350000000000,600000000000,0.000000
360,359,0,100000000000,0.000007
360,359,100000000000,150000000000,0.084436
360,359,150000000000,200000000000,0.001654
360,359,200000000000,250000000000,0.086071
360,359,250000000000,300000000000,0.000013
360,359,300000000000,350000000000,0.000007
360,359,350000000000,600000000000,0.000000
359,384,0,250000000000,0.000000
359,384,250000000000,300000000000,0.052548
359,384,300000000000,350000000000,0.000013
359,384,350000000000,400000000000,0.056127
359,384,400000000000,450000000000,0.000047
359,384,450000000000,500000000000,0.000007
359,384,500000000000,600000000000,0.000000
384,359,0,250000000000,0.000000
384,359,250000000000,300000000000,0.170979
384,359,300000000000,350000000000,0.000013
384,359,350000000000,400000000000,0.048124
384,359,400000000000,450000000000,0.000047
384,359,450000000000,500000000000,0.000007
384,359,500000000000,600000000000,0.000000
360,361,0,50000000000,0.000000
360,361,50000000000,100000000000,0.000007
360,361,100000000000,150000000000,0.086658
360,361,150000000000,300000000000,0.000000
360,361,300000000000,350000000000,0.000007
360,361,350000000000,600000000000,0.000000
361,360,0,50000000000,0.000000
361,360,50000000000,100000000000,0.000007
361,360,100000000000,150000000000,0.002160
361,360,150000000000,200000000000,0.000001
361,360,200000000000,250000000000,0.000000
361,360,250000000000,300000000000,0.000013
361,360,300000000000,350000000000,0.000007
361,360,350000000000,600000000000,0.000000
360,385,0,50000000000,0.091872
360,385,50000000000,100000000000,0.002265
360,385,100000000000,150000000000,0.136777
360,385,150000000000,200000000000,0.224246
360,385,200000000000,250000000000,0.184413
360,385,250000000000,300000000000,0.000007
360,385,300000000000,450000000000,0.000000
360,385,450000000000,500000000000,0.000007
360,385,500000000000,600000000000,0.000000
385,360,0,50000000000,0.176100
385,360,50000000000,100000000000,0.090863
385,360,100000000000,150000000000,0.086735
385,360,150000000000,200000000000,0.130847
385,360,200000000000,250000000000,0.088640
385,360,250000000000,300000000000,0.000007
385,360,300000000000,450000000000,0.000000
385,360,450000000000,500000000000,0.000007
385,360,500000000000,600000000000,0.000000
361,362,0,50000000000,0.000000
361,362,50000000000,100000000000,0.000007
361,362,100000000000,150000000000,0.086658
361,362,150000000000,300000000000,0.000000
361,362,300000000000,350000000000,0.000007
361,362,350000000000,600000000000,0.000000
362,361,0,50000000000,0.000000
362,361,50000000000,100000000000,0.000007
362,361,100000000000,150000000000,0.002160
362,361,150000000000,200000000000,0.000001
362,361,200000000000,250000000000,0.000000
362,361,250000000000,300000000000,0.000013
362,361,300000000000,350000000000,0.000007
362,361,350000000000,600000000000,0.000000
361,386,0,50000000000,0.000007
361,386,50000000000,200000000000,0.000000
361,386,200000000000,250000000000,0.000007
361,386,250000000000,500000000000,0.000000
361,386,500000000000,600000000000,0.000007
386,361,0,50000000000,0.000007
386,361,50000000000,200000000000,0.000000
386,361,200000000000,250000000000,0.000007
386,361,250000000000,500000000000,0.000000
386,361,500000000000,600000000000,0.000007
362,363,0,50000000000,0.000000
362,363,50000000000,100000000000,0.000007
362,363,100000000000,150000000000,0.086658
362,363,150000000000,600000000000,0.000000
363,362,0,50000000000,0.000000
363,362,50000000000,100000000000,0.000007
363,362,100000000000,150000000000,0.002160
363,362,150000000000,250000000000,0.000000
363,362,250000000000,300000000000,0.000013
363,362,300000000000,600000000000,0.000000
362,387,0,50000000000,0.000007
362,387,50000000000,100000000000,0.000000
362,387,100000000000,150000000000,0.040263
362,387,150000000000,200000000000,0.000533
362,387,200000000000,250000000000,0.000000
362,387,250000000000,300000000000,0.000007
362,387,300000000000,350000000000,0.048064
362,387,350000000000,400000000000,0.000000
362,387,400000000000,450000000000,0.000007
362,387,450000000000,600000000000,0.000000
387,362,0,50000000000,0.000007
387,362,50000000000,100000000000,0.000000
387,362,100000000000,150000000000,0.001252
387,362,150000000000,250000000000,0.000000
387,362,250000000000,300000000000,0.000007
387,362,300000000000,400000000000,0.000000
387,362,400000000000,450000000000,0.000007
387,362,450000000000,600000000000,0.000000
363,364,0,200000000000,0.000000
363,364,200000000000,250000000000,0.010808
363,364,250000000000,300000000000,0.002387
363,364,300000000000,600000000000,0.000000
364,363,0,200000000000,0.000000
364,363,200000000000,250000000000,0.000172
364,363,250000000000,300000000000,0.000011
364,363,300000000000,600000000000,0.000000
363,388,0,50000000000,0.000007
363,388,50000000000,100000000000,0.000000
363,388,100000000000,150000000000,0.002107
363,388,150000000000,250000000000,0.000007
363,388,250000000000,350000000000,0.000000
363,388,350000000000,400000000000,0.000007
363,388,400000000000,600000000000,0.000000
388,363,0,50000000000,0.000007
388,363,50000000000,100000000000,0.000000
388,363,100000000000,150000000000,0.086290
388,363,150000000000,250000000000,0.000007
388,363,250000000000,350000000000,0.000000
388,363,350000000000,400000000000,0.000007
388,363,400000000000,600000000000,0.000000
364,365,0,200000000000,0.000000
364,365,200000000000,250000000000,0.010672
364,365,250000000000,300000000000,0.002523
364,365,300000000000,600000000000,0.000000
365,364,0,200000000000,0.000000
365,364,200000000000,250000000000,0.000175
365,364,250000000000,300000000000,0.000009
365,364,300000000000,600000000000,0.000000
364,389,0,600000000000,0.000000
389,364,0,600000000000,0.000000
365,366,0,200000000000,0.000000
365,366,200000000000,250000000000,0.010528
365,366,250000000000,300000000000,0.002666
365,366,300000000000,600000000000,0.000000
366,365,0,200000000000,0.000000
366,365,200000000000,250000000000,0.000176
366,365,250000000000,300000000000,0.000007
366,365,300000000000,600000000000,0.000000
365,390,0,600000000000,0.000000
390,365,0,600000000000,0.000000
366,367,0,200000000000,0.000000
366,367,200000000000,250000000000,0.010393
366,367,250000000000,300000000000,0.002802
366,367,300000000000,600000000000,0.000000
367,366,0,200000000000,0.000000
367,366,200000000000,250000000000,0.000179
367,366,250000000000,300000000000,0.000004
367,366,300000000000,600000000000,0.000000
366,391,0,600000000000,0.000000
391,366,0,600000000000,0.000000
367,368,0,200000000000,0.000000
367,368,200000000000,250000000000,0.010257
367,368,250000000000,300000000000,0.002937
367,368,300000000000,600000000000,0.000000
368,367,0,200000000000,0.000000
368,367,200000000000,250000000000,0.000181
368,367,250000000000,300000000000,0.000003
368,367,300000000000,600000000000,0.000000
367,392,0,600000000000,0.000000
392,367,0,600000000000,0.000000
368,369,0,200000000000,0.000000
368,369,200000000000,250000000000,0.010114
368,369,250000000000,300000000000,0.003081
368,369,300000000000,600000000000,0.000000
369,368,0,200000000000,0.000000
369,368,200000000000,250000000000,0.000183
369,368,250000000000,400000000000,0.000000
369,368,400000000000,450000000000,0.048064
369,368,450000000000,600000000000,0.000000
368,393,0,350000000000,0.000000
368,393,350000000000,400000000000,0.000007
368,393,400000000000,500000000000,0.000000
368,393,500000000000,600000000000,0.000007
393,368,0,350000000000,0.000000
393,368,350000000000,400000000000,0.000007
393,368,400000000000,500000000000,0.000000
393,368,500000000000,600000000000,0.000007
369,370,0,150000000000,0.000000
369,370,150000000000,200000000000,0.086015
369,370,200000000000,250000000000,0.000000
369,370,250000000000,300000000000,0.003214
369,370,300000000000,600000000000,0.000000
370,369,0,150000000000,0.000000
370,369,150000000000,200000000000,0.002049
370,369,200000000000,400000000000,0.000000
370,369,400000000000,450000000000,0.048064
370,369,450000000000,600000000000,0.000000
369,394,0,200000000000,0.000000
369,394,200000000000,250000000000,0.224908
369,394,250000000000,350000000000,0.000007
369,394,350000000000,600000000000,0.000000
394,369,0,200000000000,0.000000
394,369,200000000000,250000000000,0.091242
394,369,250000000000,350000000000,0.000007
394,369,350000000000,600000000000,0.000000
370,371,0,150000000000,0.000000
370,371,150000000000,200000000000,0.086015
370,371,200000000000,250000000000,0.000000
370,371,250000000000,300000000000,0.003214
370,371,300000000000,600000000000,0.000000
371,370,0,150000000000,0.000000
371,370,150000000000,200000000000,0.002049
371,370,200000000000,400000000000,0.000000
371,370,400000000000,450000000000,0.048064
371,370,450000000000,600000000000,0.000000
370,395,0,100000000000,0.000007
370,395,100000000000,600000000000,0.000000
395,370,0,100000000000,0.000007
395,370,100000000000,600000000000,0.000000
371,372,0,150000000000,0.000000
371,372,150000000000,200000000000,0.086015
371,372,200000000000,250000000000,0.000000
371,372,250000000000,300000000000,0.003214
371,372,300000000000,600000000000,0.000000
372,371,0,150000000000,0.000000
372,371,150000000000,200000000000,0.002049
372,371,200000000000,600000000000,0.000000
371,396,0,400000000000,0.000000
371,396,400000000000,450000000000,0.000007
371,396,450000000000,500000000000,0.000013
371,396,500000000000,550000000000,0.000007
371,396,550000000000,600000000000,0.000000
396,371,0,400000000000,0.000000
396,371,400000000000,450000000000,0.000007
396,371,450000000000,500000000000,0.000013
396,371,500000000000,550000000000,0.000007
396,371,550000000000,600000000000,0.000000
372,373,0,600000000000,0.000000
373,372,0,600000000000,0.000000
372,397,0,150000000000,0.000000
372,397,150000000000,200000000000,0.086008
372,397,200000000000,250000000000,0.003928
372,397,250000000000,300000000000,0.000009
372,397,300000000000,350000000000,0.000007
372,397,350000000000,600000000000,0.000000
397,372,0,150000000000,0.000000
397,372,150000000000,200000000000,0.002042
397,372,200000000000,250000000000,0.131718
397,372,250000000000,300000000000,0.002098
397,372,300000000000,350000000000,0.000007
397,372,350000000000,600000000000,0.000000
373,374,0,600000000000,0.000000
374,373,0,600000000000,0.000000
373,398,0,50000000000,0.048071
373,398,50000000000,150000000000,0.000013
373,398,150000000000,600000000000,0.000000
398,373,0,50000000000,0.000007
398,373,50000000000,150000000000,0.000013
398,373,150000000000,600000000000,0.000000
350,374,0,350000000000,0.000000
350,374,350000000000,400000000000,0.000007
350,374,400000000000,600000000000,0.000000
374,350,0,350000000000,0.000000
374,350,350000000000,400000000000,0.000007
374,350,400000000000,600000000000,0.000000
374,399,0,350000000000,0.000000
374,399,350000000000,400000000000,0.000007
374,399,400000000000,500000000000,0.000000
374,399,500000000000,600000000000,0.000007
399,374,0,350000000000,0.000000
399,374,350000000000,400000000000,0.000007
399,374,400000000000,500000000000,0.000000
399,374,500000000000,600000000000,0.000007
375,376,0,150000000000,0.000000
375,376,150000000000,350000000000,0.000007
375,376,350000000000,400000000000,0.000000
375,376,400000000000,550000000000,0.000007
375,376,550000000000,600000000000,0.000000
376,375,0,150000000000,0.000000
376,375,150000000000,350000000000,0.000007
376,375,350000000000,400000000000,0.000000
376,375,400000000000,550000000000,0.000007
376,375,550000000000,600000000000,0.000000
375,400,0,100000000000,0.000000
375,400,100000000000,200000000000,0.000007
375,400,200000000000,300000000000,0.000000
375,400,300000000000,350000000000,0.000007
375,400,350000000000,600000000000,0.000000
400,375,0,100000000000,0.000000
400,375,100000000000,200000000000,0.000007
400,375,200000000000,300000000000,0.000000
400,375,300000000000,350000000000,0.000007
400,375,350000000000,600000000000,0.000000
376,377,0,100000000000,0.000007
376,377,100000000000,150000000000,0.000000
376,377,150000000000,350000000000,0.000007
376,377,350000000000,400000000000,0.000000
376,377,400000000000,550000000000,0.000007
376,377,550000000000,600000000000,0.000000
377,376,0,100000000000,0.000007
377,376,100000000000,150000000000,0.000000
377,376,150000000000,350000000000,0.000007
377,376,350000000000,400000000000,0.000000
377,376,400000000000,550000000000,0.000007
377,376,550000000000,600000000000,0.000000
376,401,0,50000000000,0.000000
376,401,50000000000,100000000000,0.000007
376,401,100000000000,600000000000,0.000000
401,376,0,50000000000,0.000000
401,376,50000000000,100000000000,0.000007
401,376,100000000000,600000000000,0.000000
377,378,0,100000000000,0.000007
377,378,100000000000,150000000000,0.000000
377,378,150000000000,350000000000,0.000007
377,378,350000000000,400000000000,0.000000
377,378,400000000000,550000000000,0.000013
377,378,550000000000,600000000000,0.000007
378,377,0,100000000000,0.000007
378,377,100000000000,150000000000,0.000000
378,377,150000000000,350000000000,0.000007
378,377,350000000000,400000000000,0.000000
378,377,400000000000,550000000000,0.000013
378,377,550000000000,600000000000,0.000007
377,402,0,600000000000,0.000000
402,377,0,600000000000,0.000000
378,379,0,100000000000,0.000007
378,379,100000000000,150000000000,0.000000
378,379,150000000000,200000000000,0.000007
378,379,200000000000,350000000000,0.000013
378,379,350000000000,400000000000,0.000007
378,379,400000000000,550000000000,0.000013
378,379,550000000000,600000000000,0.000007
379,378,0,100000000000,0.000007
379,378,100000000000,150000000000,0.000000
379,378,150000000000,200000000000,0.000007
379,378,200000000000,350000000000,0.000013
379,378,350000000000,400000000000,0.048071
379,378,400000000000,550000000000,0.000013
379,378,550000000000,600000000000,0.000007
378,403,0,600000000000,0.000000
403,378,0,600000000000,0.000000
379,380,0,100000000000,0.000013
379,380,100000000000,150000000000,0.087592
379,380,150000000000,250000000000,0.000013
379,380,250000000000,300000000000,0.004648
379,380,300000000000,350000000000,0.000220
379,380,350000000000,400000000000,0.000007
379,380,400000000000,550000000000,0.000013
379,380,550000000000,600000000000,0.000007
380,379,0,100000000000,0.000013
380,379,100000000000,150000000000,0.041718
380,379,150000000000,200000000000,0.008136
380,379,200000000000,250000000000,0.000013
380,379,250000000000,300000000000,0.206487
380,379,300000000000,350000000000,0.010764
380,379,350000000000,400000000000,0.048071
380,379,400000000000,550000000000,0.000013
380,379,550000000000,600000000000,0.000007
379,404,0,250000000000,0.000000
379,404,250000000000,300000000000,0.048064
379,404,300000000000,350000000000,0.000000
379,404,350000000000,400000000000,0.000024
379,404,400000000000,500000000000,0.000000
379,404,500000000000,600000000000,0.000007
404,379,0,500000000000,0.000000
404,379,500000000000,600000000000,0.000007
380,381,0,100000000000,0.000013
380,381,100000000000,150000000000,0.087592
380,381,150000000000,250000000000,0.000013
380,381,250000000000,300000000000,0.091864
380,381,300000000000,350000000000,0.000222
380,381,350000000000,550000000000,0.000007
380,381,550000000000,600000000000,0.000013
381,380,0,100000000000,0.000013
381,380,100000000000,150000000000,0.041742
381,380,150000000000,200000000000,0.008112
381,380,200000000000,250000000000,0.000013
381,380,250000000000,300000000000,0.208751
381,380,300000000000,350000000000,0.010698
381,380,350000000000,400000000000,0.048071
381,380,400000000000,550000000000,0.000007
381,380,550000000000,600000000000,0.000013
380,405,0,250000000000,0.000000
380,405,250000000000,350000000000,0.000007
380,405,350000000000,450000000000,0.000000
380,405,450000000000,500000000000,0.000024
380,405,500000000000,600000000000,0.000000
405,380,0,250000000000,0.000000
405,380,250000000000,350000000000,0.000007
405,380,350000000000,600000000000,0.000000
381,382,0,100000000000,0.000013
381,382,100000000000,150000000000,0.087592
381,382,150000000000,200000000000,0.000013
381,382,200000000000,250000000000,0.000007
381,382,250000000000,300000000000,0.091856
381,382,300000000000,350000000000,0.000230
381,382,350000000000,400000000000,0.000020
381,382,400000000000,550000000000,0.000007
381,382,550000000000,600000000000,0.000013
382,381,0,100000000000,0.000013
382,381,100000000000,150000000000,0.001945
382,381,150000000000,200000000000,0.000013
382,381,200000000000,250000000000,0.000007
382,381,250000000000,300000000000,0.208834
382,381,300000000000,350000000000,0.010615
382,381,350000000000,400000000000,0.048084
382,381,400000000000,550000000000,0.000007
382,381,550000000000,600000000000,0.000013
381,406,0,100000000000,0.000007
381,406,100000000000,400000000000,0.000000
381,406,400000000000,500000000000,0.000007
381,406,500000000000,550000000000,0.000020
381,406,550000000000,600000000000,0.000000
406,381,0,100000000000,0.000007
406,381,100000000000,400000000000,0.000000
406,381,400000000000,500000000000,0.000007
406,381,500000000000,550000000000,0.000020
406,381,550000000000,600000000000,0.000000
382,383,0,50000000000,0.000007
382,383,50000000000,100000000000,0.090863
382,383,100000000000,200000000000,0.000013
382,383,200000000000,250000000000,0.000007
382,383,250000000000,300000000000,0.087224
382,383,300000000000,350000000000,0.000007
382,383,350000000000,400000000000,0.000013
382,383,400000000000,600000000000,0.000007
383,382,0,50000000000,0.000007
383,382,50000000000,100000000000,0.050329
383,382,100000000000,200000000000,0.000013
383,382,200000000000,250000000000,0.000007
383,382,250000000000,300000000000,0.050268
383,382,300000000000,350000000000,0.000007
383,382,350000000000,400000000000,0.048077
383,382,400000000000,600000000000,0.000007
382,407,0,50000000000,0.085818
382,407,50000000000,200000000000,0.000000
382,407,200000000000,250000000000,0.000007
382,407,250000000000,300000000000,0.054162
382,407,300000000000,350000000000,0.000598
382,407,350000000000,400000000000,0.000007
382,407,400000000000,550000000000,0.000000
382,407,550000000000,600000000000,0.000007
407,382,0,50000000000,0.002011
407,382,50000000000,150000000000,0.000000
407,382,150000000000,200000000000,0.048064
407,382,200000000000,250000000000,0.000007
407,382,250000000000,300000000000,0.229152
407,382,300000000000,350000000000,0.029988
407,382,350000000000,400000000000,0.000007
407,382,400000000000,550000000000,0.000000
407,382,550000000000,600000000000,0.000007
383,384,0,50000000000,0.000013
383,384,50000000000,100000000000,0.090850
383,384,100000000000,150000000000,0.000007
383,384,150000000000,200000000000,0.000013
383,384,200000000000,250000000000,0.000007
383,384,250000000000,300000000000,0.087224
383,384,300000000000,350000000000,0.000000
383,384,350000000000,400000000000,0.000013
383,384,400000000000,450000000000,0.000007
383,384,450000000000,500000000000,0.000013
383,384,500000000000,550000000000,0.000034
383,384,550000000000,600000000000,0.000007
384,383,0,50000000000,0.000013
384,383,50000000000,100000000000,0.002252
384,383,100000000000,150000000000,0.000007
384,383,150000000000,200000000000,0.000013
384,383,200000000000,250000000000,0.000007
384,383,250000000000,300000000000,0.050268
384,383,300000000000,350000000000,0.000000
384,383,350000000000,400000000000,0.048077
384,383,400000000000,450000000000,0.000007
384,383,450000000000,500000000000,0.000013
384,383,500000000000,550000000000,0.000034
384,383,550000000000,600000000000,0.000007
383,408,0,100000000000,0.000013
383,408,100000000000,150000000000,0.000007
383,408,150000000000,300000000000,0.000000
383,408,300000000000,350000000000,0.000007
383,408,350000000000,450000000000,0.000000
383,408,450000000000,500000000000,0.039961
383,408,500000000000,550000000000,0.008150
383,408,550000000000,600000000000,0.000020
408,383,0,100000000000,0.000013
408,383,100000000000,150000000000,0.000007
408,383,150000000000,300000000000,0.000000
408,383,300000000000,350000000000,0.000007
408,383,350000000000,450000000000,0.000000
408,383,450000000000,500000000000,0.000020
408,383,500000000000,550000000000,0.000027
408,383,550000000000,600000000000,0.000020
384,385,0,50000000000,0.000013
384,385,50000000000,100000000000,0.090843
384,385,100000000000,150000000000,0.000007
384,385,150000000000,200000000000,0.000013
384,385,200000000000,250000000000,0.000007
384,385,250000000000,300000000000,0.050339
384,385,300000000000,350000000000,0.000007
384,385,350000000000,400000000000,0.000013
384,385,400000000000,500000000000,0.000020
384,385,500000000000,550000000000,0.000034
384,385,550000000000,600000000000,0.000013
385,384,0,50000000000,0.000013
385,384,50000000000,100000000000,0.002245
385,384,100000000000,150000000000,0.000007
385,384,150000000000,200000000000,0.000013
385,384,200000000000,250000000000,0.000007
385,384,250000000000,300000000000,0.083160
385,384,300000000000,350000000000,0.000007
385,384,350000000000,400000000000,0.048077
385,384,400000000000,500000000000,0.000020
385,384,500000000000,550000000000,0.000034
385,384,550000000000,600000000000,0.000013
384,409,0,50000000000,0.000000
384,409,50000000000,100000000000,0.000007
384,409,100000000000,250000000000,0.000000
384,409,250000000000,300000000000,0.000046
384,409,300000000000,350000000000,0.000020
384,409,350000000000,400000000000,0.008050
384,409,400000000000,450000000000,0.000034
384,409,450000000000,550000000000,0.000000
384,409,550000000000,600000000000,0.000007
409,384,0,50000000000,0.000000
409,384,50000000000,100000000000,0.000007
409,384,100000000000,250000000000,0.000000
409,384,250000000000,300000000000,0.048699
409,384,300000000000,350000000000,0.000020
409,384,350000000000,400000000000,0.000047
409,384,400000000000,450000000000,0.000034
409,384,450000000000,550000000000,0.000000
409,384,550000000000,600000000000,0.000007
385,386,0,50000000000,0.089572
385,386,50000000000,100000000000,0.000007
385,386,100000000000,150000000000,0.087677
385,386,150000000000,200000000000,0.048084
385,386,200000000000,250000000000,0.000012
385,386,250000000000,300000000000,0.050346
385,386,300000000000,400000000000,0.000013
385,386,400000000000,500000000000,0.000020
385,386,500000000000,550000000000,0.000034
385,386,550000000000,600000000000,0.000013
386,385,0,50000000000,0.088538
386,385,50000000000,100000000000,0.000007
386,385,100000000000,150000000000,0.002258
386,385,150000000000,200000000000,0.040011
386,385,200000000000,250000000000,0.000013
386,385,250000000000,300000000000,0.083167
386,385,300000000000,350000000000,0.000013
386,385,350000000000,400000000000,0.048077
386,385,400000000000,500000000000,0.000020
386,385,500000000000,550000000000,0.000034
386,385,550000000000,600000000000,0.000013
385,410,0,50000000000,0.002341
385,410,50000000000,100000000000,0.000027
385,410,100000000000,150000000000,0.049044
385,410,150000000000,200000000000,0.176225
385,410,200000000000,250000000000,0.184432
385,410,250000000000,300000000000,0.000000
385,410,300000000000,350000000000,0.000007
385,410,350000000000,450000000000,0.000000
385,410,450000000000,500000000000,0.000007
385,410,500000000000,600000000000,0.000000
410,385,0,50000000000,0.087602
410,385,50000000000,100000000000,0.000027
410,385,100000000000,150000000000,0.084470
410,385,150000000000,200000000000,0.090872
410,385,200000000000,250000000000,0.088634
410,385,250000000000,300000000000,0.000000
410,385,300000000000,350000000000,0.000007
410,385,350000000000,450000000000,0.000000
410,385,450000000000,500000000000,0.000007
410,385,500000000000,600000000000,0.000000
386,387,0,50000000000,0.089578
386,387,50000000000,100000000000,0.000013
386,387,100000000000,150000000000,0.087677
386,387,150000000000,200000000000,0.048084
386,387,200000000000,250000000000,0.000012
386,387,250000000000,300000000000,0.050346
386,387,300000000000,400000000000,0.000013
386,387,400000000000,450000000000,0.000020
386,387,450000000000,550000000000,0.000027
386,387,550000000000,600000000000,0.000013
387,386,0,50000000000,0.088545
387,386,50000000000,100000000000,0.000013
387,386,100000000000,150000000000,0.002258
387,386,150000000000,200000000000,0.040035
387,386,200000000000,250000000000,0.000013
387,386,250000000000,300000000000,0.083167
387,386,300000000000,350000000000,0.000013
387,386,350000000000,400000000000,0.048077
387,386,400000000000,450000000000,0.000020
387,386,450000000000,550000000000,0.000027
387,386,550000000000,600000000000,0.000013
386,411,0,50000000000,0.000000
386,411,50000000000,100000000000,0.000007
386,411,100000000000,200000000000,0.000000
386,411,200000000000,250000000000,0.000031
386,411,250000000000,450000000000,0.000000
386,411,450000000000,500000000000,0.000007
386,411,500000000000,550000000000,0.000000
386,411,550000000000,600000000000,0.000007
411,386,0,50000000000,0.000000
411,386,50000000000,100000000000,0.000007
411,386,100000000000,200000000000,0.000000
411,386,200000000000,250000000000,0.000007
411,386,250000000000,450000000000,0.000000
411,386,450000000000,500000000000,0.000007
411,386,500000000000,550000000000,0.000000
411,386,550000000000,600000000000,0.000007
387,388,0,50000000000,0.089578
387,388,50000000000,100000000000,0.000013
387,388,100000000000,150000000000,0.087677
387,388,150000000000,200000000000,0.048084
387,388,200000000000,250000000000,0.000012
387,388,250000000000,300000000000,0.050339
387,388,300000000000,350000000000,0.000013
387,388,350000000000,400000000000,0.000000
387,388,400000000000,450000000000,0.000007
387,388,450000000000,500000000000,0.000013
387,388,500000000000,600000000000,0.000020
388,387,0,50000000000,0.088545
388,387,50000000000,100000000000,0.000013
388,387,100000000000,150000000000,0.002258
388,387,150000000000,200000000000,0.040075
388,387,200000000000,250000000000,0.000019
388,387,250000000000,300000000000,0.083160
388,387,300000000000,350000000000,0.000013
388,387,350000000000,400000000000,0.000000
388,387,400000000000,450000000000,0.000007
388,387,450000000000,500000000000,0.000013
388,387,500000000000,600000000000,0.000020
387,412,0,50000000000,0.000007
387,412,50000000000,100000000000,0.000000
387,412,100000000000,150000000000,0.040200
387,412,150000000000,200000000000,0.000597
387,412,200000000000,250000000000,0.000048
387,412,250000000000,400000000000,0.000000
387,412,400000000000,450000000000,0.000007
387,412,450000000000,500000000000,0.000000
387,412,500000000000,600000000000,0.000007
412,387,0,50000000000,0.000007
412,387,50000000000,100000000000,0.000000
412,387,100000000000,150000000000,0.001254
412,387,150000000000,250000000000,0.000000
412,387,250000000000,300000000000,0.039822
412,387,300000000000,350000000000,0.008243
412,387,350000000000,400000000000,0.000000
412,387,400000000000,450000000000,0.000007
412,387,450000000000,500000000000,0.000000
412,387,500000000000,600000000000,0.000007
388,389,0,50000000000,0.089572
388,389,50000000000,100000000000,0.000013
388,389,100000000000,150000000000,0.087677
388,389,150000000000,200000000000,0.000007
388,389,200000000000,250000000000,0.000000
388,389,250000000000,300000000000,0.002269
388,389,300000000000,350000000000,0.000020
388,389,350000000000,450000000000,0.000007
388,389,450000000000,500000000000,0.000013
388,389,500000000000,600000000000,0.000020
389,388,0,50000000000,0.088538
389,388,50000000000,100000000000,0.000013
389,388,100000000000,150000000000,0.002258
389,388,150000000000,200000000000,0.000007
389,388,200000000000,250000000000,0.000000
389,388,250000000000,300000000000,0.083153
389,388,300000000000,350000000000,0.000020
389,388,350000000000,450000000000,0.000007
389,388,450000000000,500000000000,0.000013
389,388,500000000000,600000000000,0.000020
388,413,0,100000000000,0.000000
388,413,100000000000,150000000000,0.002107
388,413,150000000000,200000000000,0.000007
388,413,200000000000,250000000000,0.008009
388,413,250000000000,400000000000,0.000007
388,413,400000000000,600000000000,0.000000
413,388,0,100000000000,0.000000
413,388,100000000000,150000000000,0.086290
413,388,150000000000,400000000000,0.000007
413,388,400000000000,600000000000,0.000000
389,390,0,50000000000,0.089565
389,390,50000000000,100000000000,0.000020
389,390,100000000000,150000000000,0.087683
389,390,150000000000,200000000000,0.000007
389,390,200000000000,250000000000,0.000000
389,390,250000000000,300000000000,0.002269
389,390,300000000000,350000000000,0.000020
389,390,350000000000,450000000000,0.000007
389,390,450000000000,500000000000,0.000013
389,390,500000000000,600000000000,0.000020
390,389,0,50000000000,0.088531
390,389,50000000000,100000000000,0.000020
390,389,100000000000,150000000000,0.002265
390,389,150000000000,200000000000,0.000007
390,389,200000000000,250000000000,0.000000
390,389,250000000000,300000000000,0.083153
390,389,300000000000,350000000000,0.000020
390,389,350000000000,450000000000,0.000007
390,389,450000000000,500000000000,0.000013
390,389,500000000000,600000000000,0.000020
389,414,0,150000000000,0.000007
389,414,150000000000,600000000000,0.000000
414,389,0,150000000000,0.000007
414,389,150000000000,600000000000,0.000000
390,391,0,100000000000,0.000020
390,391,100000000000,150000000000,0.087683
390,391,150000000000,200000000000,0.000007
390,391,200000000000,250000000000,0.000000
390,391,250000000000,300000000000,0.002269
390,391,300000000000,350000000000,0.000020
390,391,350000000000,450000000000,0.000007
390,391,450000000000,500000000000,0.000013
390,391,500000000000,600000000000,0.000020
391,390,0,100000000000,0.000020
391,390,100000000000,150000000000,0.002265
391,390,150000000000,200000000000,0.000007
391,390,200000000000,250000000000,0.000000
391,390,250000000000,300000000000,0.083153
391,390,300000000000,350000000000,0.000020
391,390,350000000000,450000000000,0.000007
391,390,450000000000,500000000000,0.000013
391,390,500000000000,600000000000,0.000020
390,415,0,600000000000,0.000000
415,390,0,600000000000,0.000000
391,392,0,100000000000,0.000020
391,392,100000000000,200000000000,0.000007
391,392,200000000000,250000000000,0.000000
391,392,250000000000,300000000000,0.002269
391,392,300000000000,350000000000,0.000020
391,392,350000000000,450000000000,0.000007
391,392,450000000000,500000000000,0.000000
391,392,500000000000,600000000000,0.000007
392,391,0,100000000000,0.000020
392,391,100000000000,200000000000,0.000007
392,391,200000000000,250000000000,0.000000
392,391,250000000000,300000000000,0.083153
392,391,300000000000,350000000000,0.000020
392,391,350000000000,450000000000,0.000007
392,391,450000000000,500000000000,0.000000
392,391,500000000000,600000000000,0.000007
391,416,0,600000000000,0.000000
416,391,0,600000000000,0.000000
392,393,0,100000000000,0.000020
392,393,100000000000,200000000000,0.000007
392,393,200000000000,250000000000,0.000000
392,393,250000000000,450000000000,0.000007
392,393,450000000000,500000000000,0.000000
392,393,500000000000,600000000000,0.000007
393,392,0,100000000000,0.000020
393,392,100000000000,200000000000,0.000007
393,392,200000000000,250000000000,0.000000
393,392,250000000000,450000000000,0.000007
393,392,450000000000,500000000000,0.000000
393,392,500000000000,600000000000,0.000007
392,417,0,600000000000,0.000000
417,392,0,600000000000,0.000000
393,394,0,200000000000,0.000007
393,394,200000000000,250000000000,0.000000
393,394,250000000000,450000000000,0.000007
393,394,450000000000,600000000000,0.000000
394,393,0,200000000000,0.000007
394,393,200000000000,250000000000,0.000000
394,393,250000000000,450000000000,0.000007
394,393,450000000000,600000000000,0.000000
393,418,0,350000000000,0.000000
393,418,350000000000,400000000000,0.000007
393,418,400000000000,600000000000,0.000000
418,393,0,350000000000,0.000000
418,393,350000000000,400000000000,0.000007
418,393,400000000000,600000000000,0.000000
394,395,0,200000000000,0.000007
394,395,200000000000,350000000000,0.000000
394,395,350000000000,450000000000,0.000007
394,395,450000000000,600000000000,0.000000
395,394,0,200000000000,0.000007
395,394,200000000000,350000000000,0.000000
395,394,350000000000,450000000000,0.000007
395,394,450000000000,600000000000,0.000000
394,419,0,200000000000,0.000000
394,419,200000000000,250000000000,0.224908
394,419,250000000000,600000000000,0.000000
419,394,0,50000000000,0.046646
419,394,50000000000,200000000000,0.000000
419,394,200000000000,250000000000,0.091242
419,394,250000000000,600000000000,0.000000
395,396,0,100000000000,0.000000
395,396,100000000000,200000000000,0.000007
395,396,200000000000,350000000000,0.000000
395,396,350000000000,450000000000,0.000007
395,396,450000000000,600000000000,0.000000
396,395,0,100000000000,0.000000
396,395,100000000000,200000000000,0.000007
396,395,200000000000,350000000000,0.000000
396,395,350000000000,450000000000,0.000007
396,395,450000000000,600000000000,0.000000
395,420,0,600000000000,0.000000
420,395,0,600000000000,0.000000
396,397,0,100000000000,0.000000
396,397,100000000000,200000000000,0.000007
396,397,200000000000,400000000000,0.000000
396,397,400000000000,500000000000,0.000007
396,397,500000000000,600000000000,0.000000
397,396,0,100000000000,0.000000
397,396,100000000000,200000000000,0.000007
397,396,200000000000,400000000000,0.000000
397,396,400000000000,500000000000,0.000007
397,396,500000000000,600000000000,0.000000
396,421,0,350000000000,0.000000
396,421,350000000000,550000000000,0.000007
396,421,550000000000,600000000000,0.000000
421,396,0,350000000000,0.000000
421,396,350000000000,550000000000,0.000007
421,396,550000000000,600000000000,0.000000
397,398,0,100000000000,0.000000
397,398,100000000000,250000000000,0.000007
397,398,250000000000,400000000000,0.000000
397,398,400000000000,500000000000,0.000007
397,398,500000000000,600000000000,0.000000
398,397,0,100000000000,0.000000
398,397,100000000000,250000000000,0.000007
398,397,250000000000,400000000000,0.000000
398,397,400000000000,500000000000,0.000007
398,397,500000000000,600000000000,0.000000
397,422,0,150000000000,0.000000
397,422,150000000000,200000000000,0.086008
397,422,200000000000,250000000000,0.003920
397,422,250000000000,300000000000,0.000009
397,422,300000000000,350000000000,0.000007
397,422,350000000000,600000000000,0.000000
422,397,0,150000000000,0.000000
422,397,150000000000,200000000000,0.002042
422,397,200000000000,250000000000,0.131802
422,397,250000000000,300000000000,0.002006
422,397,300000000000,350000000000,0.000007
422,397,350000000000,600000000000,0.000000
398,399,0,150000000000,0.000000
398,399,150000000000,250000000000,0.000007
398,399,250000000000,400000000000,0.000000
398,399,400000000000,500000000000,0.000007
398,399,500000000000,600000000000,0.000000
399,398,0,150000000000,0.000000
399,398,150000000000,250000000000,0.000007
399,398,250000000000,400000000000,0.000000
399,398,400000000000,500000000000,0.000007
399,398,500000000000,600000000000,0.000000
398,423,0,50000000000,0.048071
398,423,50000000000,100000000000,0.000013
398,423,100000000000,150000000000,0.000020
398,423,150000000000,600000000000,0.000000
423,398,0,50000000000,0.000007
423,398,50000000000,100000000000,0.000013
423,398,100000000000,150000000000,0.000020
423,398,150000000000,600000000000,0.000000
375,399,0,150000000000,0.000000
375,399,150000000000,250000000000,0.000007
375,399,250000000000,400000000000,0.000000
375,399,400000000000,550000000000,0.000007
375,399,550000000000,600000000000,0.000000
399,375,0,150000000000,0.000000
399,375,150000000000,250000000000,0.000007
399,375,250000000000,400000000000,0.000000
399,375,400000000000,550000000000,0.000007
399,375,550000000000,600000000000,0.000000
399,424,0,350000000000,0.000000
399,424,350000000000,400000000000,0.000007
399,424,400000000000,550000000000,0.000000
399,424,550000000000,600000000000,0.000007
424,399,0,350000000000,0.000000
424,399,350000000000,400000000000,0.000007
424,399,400000000000,550000000000,0.000000
424,399,550000000000,600000000000,0.000007
400,401,0,600000000000,0.000000
401,400,0,600000000000,0.000000
400,425,0,100000000000,0.000000
400,425,100000000000,200000000000,0.000007
400,425,200000000000,300000000000,0.000000
400,425,300000000000,350000000000,0.000007
400,425,350000000000,600000000000,0.000000
425,400,0,100000000000,0.000000
425,400,100000000000,200000000000,0.000007
425,400,200000000000,300000000000,0.000000
425,400,300000000000,350000000000,0.000007
425,400,350000000000,600000000000,0.000000
401,402,0,550000000000,0.000000
401,402,550000000000,600000000000,0.000013
402,401,0,550000000000,0.000000
402,401,550000000000,600000000000,0.000013
401,426,0,50000000000,0.000000
401,426,50000000000,100000000000,0.000007
401,426,100000000000,600000000000,0.000000
426,401,0,50000000000,0.000000
426,401,50000000000,100000000000,0.000007
426,401,100000000000,600000000000,0.000000
402,403,0,350000000000,0.000000
402,403,350000000000,450000000000,0.000013
402,403,450000000000,550000000000,0.000000
402,403,550000000000,600000000000,0.000013
403,402,0,350000000000,0.000000
403,402,350000000000,450000000000,0.000013
403,402,450000000000,550000000000,0.000000
403,402,550000000000,600000000000,0.000013
402,427,0,600000000000,0.000000
427,402,0,600000000000,0.000000
403,404,0,100000000000,0.000000
403,404,100000000000,250000000000,0.000013
403,404,250000000000,350000000000,0.000000
403,404,350000000000,450000000000,0.000013
403,404,450000000000,550000000000,0.000000
403,404,550000000000,600000000000,0.000013
404,403,0,100000000000,0.000000
404,403,100000000000,250000000000,0.000013
404,403,250000000000,350000000000,0.000000
404,403,350000000000,450000000000,0.000013
404,403,450000000000,550000000000,0.000000
404,403,550000000000,600000000000,0.000013
403,428,0,600000000000,0.000000
428,403,0,600000000000,0.000000
404,405,0,100000000000,0.000000
404,405,100000000000,250000000000,0.000013
404,405,250000000000,350000000000,0.000000
404,405,350000000000,450000000000,0.000013
404,405,450000000000,550000000000,0.000000
404,405,550000000000,600000000000,0.000013
405,404,0,100000000000,0.000000
405,404,100000000000,250000000000,0.000013
405,404,250000000000,350000000000,0.000000
405,404,350000000000,450000000000,0.000013
405,404,450000000000,550000000000,0.000000
405,404,550000000000,600000000000,0.000013
404,429,0,350000000000,0.000000
404,429,350000000000,400000000000,0.000024
404,429,400000000000,500000000000,0.000000
404,429,500000000000,600000000000,0.000007
429,404,0,500000000000,0.000000
429,404,500000000000,600000000000,0.000007
405,406,0,100000000000,0.000000
405,406,100000000000,250000000000,0.000013
405,406,250000000000,350000000000,0.000000
405,406,350000000000,450000000000,0.000013
405,406,450000000000,500000000000,0.000000
405,406,500000000000,550000000000,0.000013
405,406,550000000000,600000000000,0.000000
406,405,0,100000000000,0.000000
406,405,100000000000,250000000000,0.000013
406,405,250000000000,350000000000,0.000000
406,405,350000000000,450000000000,0.000013
406,405,450000000000,500000000000,0.000000
406,405,500000000000,550000000000,0.000013
406,405,550000000000,600000000000,0.000000
405,430,0,250000000000,0.000000
405,430,250000000000,350000000000,0.000007
405,430,350000000000,450000000000,0.000000
405,430,450000000000,500000000000,0.000024
405,430,500000000000,550000000000,0.000000
405,430,550000000000,600000000000,0.000013
430,405,0,250000000000,0.000000
430,405,250000000000,350000000000,0.000007
430,405,350000000000,550000000000,0.000000
430,405,550000000000,600000000000,0.000013
406,407,0,100000000000,0.000000
406,407,100000000000,300000000000,0.000013
406,407,300000000000,350000000000,0.000000
406,407,350000000000,450000000000,0.000007
406,407,450000000000,500000000000,0.000000
406,407,500000000000,550000000000,0.000007
406,407,550000000000,600000000000,0.000000
407,406,0,100000000000,0.000000
407,406,100000000000,300000000000,0.000013
407,406,300000000000,350000000000,0.000000
407,406,350000000000,450000000000,0.000007
407,406,450000000000,500000000000,0.000000
407,406,500000000000,550000000000,0.000007
407,406,550000000000,600000000000,0.000000
406,431,0,100000000000,0.000007
406,431,100000000000,350000000000,0.000000
406,431,350000000000,400000000000,0.000007
406,431,400000000000,450000000000,0.000013
406,431,450000000000,500000000000,0.000007
406,431,500000000000,550000000000,0.000013
406,431,550000000000,600000000000,0.000000
431,406,0,100000000000,0.000007
431,406,100000000000,350000000000,0.000000
431,406,350000000000,400000000000,0.000007
431,406,400000000000,450000000000,0.000013
431,406,450000000000,500000000000,0.000007
431,406,500000000000,550000000000,0.000013
431,406,550000000000,600000000000,0.000000
407,408,0,100000000000,0.000000
407,408,100000000000,300000000000,0.000007
407,408,300000000000,350000000000,0.000000
407,408,350000000000,450000000000,0.000007
407,408,450000000000,600000000000,0.000000
408,407,0,100000000000,0.000000
408,407,100000000000,300000000000,0.000007
408,407,300000000000,350000000000,0.000000
408,407,350000000000,450000000000,0.000007
408,407,450000000000,600000000000,0.000000
407,432,0,50000000000,0.085818
407,432,50000000000,100000000000,0.000000
407,432,100000000000,200000000000,0.000007
407,432,200000000000,250000000000,0.000013
407,432,250000000000,300000000000,0.054154
407,432,300000000000,350000000000,0.000598
407,432,350000000000,400000000000,0.000007
407,432,400000000000,500000000000,0.000000
407,432,500000000000,600000000000,0.000007
432,407,0,50000000000,0.002011
432,407,50000000000,100000000000,0.000000
432,407,100000000000,150000000000,0.000007
432,407,150000000000,200000000000,0.048071
432,407,200000000000,250000000000,0.000013
432,407,250000000000,300000000000,0.229250
432,407,300000000000,350000000000,0.029883
432,407,350000000000,400000000000,0.000007
432,407,400000000000,500000000000,0.000000
432,407,500000000000,600000000000,0.000007
408,409,0,100000000000,0.000000
408,409,100000000000,250000000000,0.000007
408,409,250000000000,350000000000,0.000000
408,409,350000000000,450000000000,0.000007
408,409,450000000000,500000000000,0.000013
408,409,500000000000,600000000000,0.000000
409,408,0,100000000000,0.000000
409,408,100000000000,250000000000,0.000007
409,408,250000000000,350000000000,0.000000
409,408,350000000000,450000000000,0.000007
409,408,450000000000,500000000000,0.000013
409,408,500000000000,600000000000,0.000000
408,433,0,100000000000,0.000013
408,433,100000000000,150000000000,0.000007
408,433,150000000000,250000000000,0.000000
408,433,250000000000,350000000000,0.000007
408,433,350000000000,450000000000,0.000000
408,433,450000000000,500000000000,0.039924
408,433,500000000000,550000000000,0.008174
408,433,550000000000,600000000000,0.000020
433,408,0,100000000000,0.000013
433,408,100000000000,150000000000,0.000007
433,408,150000000000,250000000000,0.000000
433,408,250000000000,350000000000,0.000007
433,408,350000000000,450000000000,0.000000
433,408,450000000000,500000000000,0.000007
433,408,500000000000,550000000000,0.000027
433,408,550000000000,600000000000,0.000020
409,410,0,100000000000,0.000000
409,410,100000000000,250000000000,0.000007
409,410,250000000000,300000000000,0.000006
409,410,300000000000,350000000000,0.000007
409,410,350000000000,400000000000,0.000027
409,410,400000000000,500000000000,0.000013
409,410,500000000000,600000000000,0.000000
410,409,0,100000000000,0.000000
410,409,100000000000,250000000000,0.000007
410,409,250000000000,300000000000,0.000151
410,409,300000000000,350000000000,0.000007
410,409,350000000000,400000000000,0.000027
410,409,400000000000,500000000000,0.000013
410,409,500000000000,600000000000,0.000000
409,434,0,50000000000,0.000000
409,434,50000000000,100000000000,0.000007
409,434,100000000000,250000000000,0.000000
409,434,250000000000,300000000000,0.000184
409,434,300000000000,350000000000,0.000013
409,434,350000000000,400000000000,0.008043
409,434,400000000000,450000000000,0.000040
409,434,450000000000,550000000000,0.000000
409,434,550000000000,600000000000,0.000007
434,409,0,50000000000,0.000000
434,409,50000000000,100000000000,0.000007
434,409,100000000000,250000000000,0.000000
434,409,250000000000,300000000000,0.048693
434,409,300000000000,350000000000,0.000013
434,409,350000000000,450000000000,0.000040
434,409,450000000000,550000000000,0.000000
434,409,550000000000,600000000000,0.000007
410,411,0,100000000000,0.000020
410,411,100000000000,150000000000,0.046985
410,411,150000000000,200000000000,0.176250
410,411,200000000000,250000000000,0.046460
410,411,250000000000,300000000000,0.000006
410,411,300000000000,350000000000,0.000007
410,411,350000000000,400000000000,0.000027
410,411,400000000000,450000000000,0.000013
410,411,450000000000,500000000000,0.000007
410,411,500000000000,600000000000,0.000000
411,410,0,100000000000,0.000020
411,410,100000000000,150000000000,0.001317
411,410,150000000000,200000000000,0.090852
411,410,200000000000,250000000000,0.039948
411,410,250000000000,300000000000,0.000127
411,410,300000000000,350000000000,0.000007
411,410,350000000000,400000000000,0.000027
411,410,400000000000,450000000000,0.000013
411,410,450000000000,500000000000,0.000007
411,410,500000000000,600000000000,0.000000
410,435,0,50000000000,0.002334
410,435,50000000000,100000000000,0.000020
410,435,100000000000,150000000000,0.002021
410,435,150000000000,200000000000,0.000040
410,435,200000000000,250000000000,0.177882
410,435,250000000000,300000000000,0.000014
410,435,300000000000,350000000000,0.000007
410,435,350000000000,600000000000,0.000000
435,410,0,50000000000,0.087596
435,410,50000000000,100000000000,0.000020
435,410,100000000000,150000000000,0.083161
435,410,150000000000,200000000000,0.000040
435,410,200000000000,250000000000,0.088634
435,410,250000000000,300000000000,0.000000
435,410,300000000000,350000000000,0.000007
435,410,350000000000,600000000000,0.000000
411,412,0,100000000000,0.000020
411,412,100000000000,150000000000,0.046918
411,412,150000000000,200000000000,0.176317
411,412,200000000000,250000000000,0.046467
411,412,250000000000,300000000000,0.000006
411,412,300000000000,350000000000,0.000007
411,412,350000000000,400000000000,0.000027
411,412,400000000000,450000000000,0.000013
411,412,450000000000,500000000000,0.000007
411,412,500000000000,550000000000,0.000000
411,412,550000000000,600000000000,0.000007
412,411,0,100000000000,0.000020
412,411,100000000000,150000000000,0.001317
412,411,150000000000,200000000000,0.090851
412,411,200000000000,250000000000,0.039979
412,411,250000000000,300000000000,0.000103
412,411,300000000000,350000000000,0.000007
412,411,350000000000,400000000000,0.000027
412,411,400000000000,450000000000,0.000013
412,411,450000000000,500000000000,0.000007
412,411,500000000000,550000000000,0.000000
412,411,550000000000,600000000000,0.000007
411,436,0,50000000000,0.000000
411,436,50000000000,100000000000,0.000007
411,436,100000000000,200000000000,0.000000
411,436,200000000000,250000000000,0.000024
411,436,250000000000,450000000000,0.000000
411,436,450000000000,500000000000,0.000007
411,436,500000000000,600000000000,0.000000
436,411,0,50000000000,0.000000
436,411,50000000000,100000000000,0.000007
436,411,100000000000,450000000000,0.000000
436,411,450000000000,500000000000,0.000007
436,411,500000000000,600000000000,0.000000
412,413,0,50000000000,0.000013
412,413,50000000000,100000000000,0.000020
412,413,100000000000,150000000000,0.046851
412,413,150000000000,200000000000,0.130651
412,413,200000000000,250000000000,0.046467
412,413,250000000000,300000000000,0.000006
412,413,300000000000,350000000000,0.000007
412,413,350000000000,450000000000,0.000027
412,413,450000000000,500000000000,0.000013
412,413,500000000000,550000000000,0.000000
412,413,550000000000,600000000000,0.000007
413,412,0,50000000000,0.000013
413,412,50000000000,100000000000,0.000020
413,412,100000000000,150000000000,0.001318
413,412,150000000000,200000000000,0.089975
413,412,200000000000,250000000000,0.040003
413,412,250000000000,300000000000,0.000079
413,412,300000000000,350000000000,0.000007
413,412,350000000000,450000000000,0.000027
413,412,450000000000,500000000000,0.000013
413,412,500000000000,550000000000,0.000000
413,412,550000000000,600000000000,0.000007
412,437,0,200000000000,0.000000
412,437,200000000000,250000000000,0.000048
412,437,250000000000,400000000000,0.000000
412,437,400000000000,600000000000,0.000007
437,412,0,250000000000,0.000000
437,412,250000000000,300000000000,0.039846
437,412,300000000000,350000000000,0.008219
437,412,350000000000,400000000000,0.000000
437,412,400000000000,600000000000,0.000007
413,414,0,50000000000,0.000013
413,414,50000000000,100000000000,0.000020
413,414,100000000000,150000000000,0.046790
413,414,150000000000,200000000000,0.130739
413,414,200000000000,250000000000,0.046480
413,414,250000000000,300000000000,0.000006
413,414,300000000000,350000000000,0.000007
413,414,350000000000,450000000000,0.000027
413,414,450000000000,500000000000,0.000013
413,414,500000000000,550000000000,0.000000
413,414,550000000000,600000000000,0.000007
414,413,0,50000000000,0.000013
414,413,50000000000,100000000000,0.000020
414,413,100000000000,150000000000,0.001333
414,413,150000000000,200000000000,0.089988
414,413,200000000000,250000000000,0.040040
414,413,250000000000,300000000000,0.000055
414,413,300000000000,350000000000,0.000007
414,413,350000000000,450000000000,0.000027
414,413,450000000000,500000000000,0.000013
414,413,500000000000,550000000000,0.000000
414,413,550000000000,600000000000,0.000007
413,438,0,50000000000,0.086575
413,438,50000000000,100000000000,0.000000
413,438,100000000000,150000000000,0.002094
413,438,150000000000,200000000000,0.000007
413,438,200000000000,250000000000,0.008009
413,438,250000000000,400000000000,0.000007
413,438,400000000000,600000000000,0.000000
438,413,0,50000000000,0.002134
438,413,50000000000,100000000000,0.000000
438,413,100000000000,150000000000,0.086277
438,413,150000000000,400000000000,0.000007
438,413,400000000000,600000000000,0.000000
414,415,0,50000000000,0.000013
414,415,50000000000,100000000000,0.000020
414,415,100000000000,150000000000,0.000034
414,415,150000000000,200000000000,0.090920
414,415,200000000000,250000000000,0.046480
414,415,250000000000,300000000000,0.000006
414,415,300000000000,350000000000,0.000007
414,415,350000000000,450000000000,0.000013
414,415,450000000000,550000000000,0.000000
414,415,550000000000,600000000000,0.000007
415,414,0,50000000000,0.000013
415,414,50000000000,100000000000,0.000020
415,414,100000000000,150000000000,0.000034
415,414,150000000000,200000000000,0.089234
415,414,200000000000,250000000000,0.040064
415,414,250000000000,300000000000,0.000031
415,414,300000000000,350000000000,0.000007
415,414,350000000000,450000000000,0.000013
415,414,450000000000,550000000000,0.000000
415,414,550000000000,600000000000,0.000007
414,439,0,150000000000,0.000007
414,439,150000000000,600000000000,0.000000
439,414,0,150000000000,0.000007
439,414,150000000000,600000000000,0.000000
415,416,0,50000000000,0.000013
415,416,50000000000,150000000000,0.000020
415,416,150000000000,200000000000,0.000013
415,416,200000000000,250000000000,0.000013
415,416,250000000000,300000000000,0.000006
415,416,300000000000,350000000000,0.000007
415,416,350000000000,450000000000,0.000013
415,416,450000000000,550000000000,0.000000
415,416,550000000000,600000000000,0.000007
416,415,0,50000000000,0.000013
416,415,50000000000,150000000000,0.000020
416,415,150000000000,250000000000,0.000013
416,415,250000000000,350000000000,0.000007
416,415,350000000000,450000000000,0.000013
416,415,450000000000,550000000000,0.000000
416,415,550000000000,600000000000,0.000007
415,440,0,600000000000,0.000000
440,415,0,200000000000,0.000000
440,415,200000000000,250000000000,0.000024
440,415,250000000000,600000000000,0.000000
416,417,0,100000000000,0.000007
416,417,100000000000,150000000000,0.000020
416,417,150000000000,200000000000,0.000013
416,417,200000000000,250000000000,0.000013
416,417,250000000000,350000000000,0.000007
416,417,350000000000,450000000000,0.000013
416,417,450000000000,550000000000,0.000000
416,417,550000000000,600000000000,0.000007
417,416,0,100000000000,0.000007
417,416,100000000000,150000000000,0.000020
417,416,150000000000,250000000000,0.000013
417,416,250000000000,350000000000,0.000007
417,416,350000000000,450000000000,0.000013
417,416,450000000000,550000000000,0.000000
417,416,550000000000,600000000000,0.000007
416,441,0,50000000000,0.000007
416,441,50000000000,600000000000,0.000000
441,416,0,50000000000,0.000007
441,416,50000000000,600000000000,0.000000
417,418,0,100000000000,0.000007
417,418,100000000000,150000000000,0.000020
417,418,150000000000,200000000000,0.000013
417,418,200000000000,250000000000,0.000013
417,418,250000000000,350000000000,0.000007
417,418,350000000000,600000000000,0.000000
418,417,0,50000000000,0.048071
418,417,50000000000,100000000000,0.000007
418,417,100000000000,150000000000,0.000020
418,417,150000000000,250000000000,0.000013
418,417,250000000000,350000000000,0.000007
418,417,350000000000,600000000000,0.000000
417,442,0,550000000000,0.000000
417,442,550000000000,600000000000,0.000007
442,417,0,550000000000,0.000000
442,417,550000000000,600000000000,0.000007
418,419,0,150000000000,0.000007
418,419,150000000000,200000000000,0.000000
418,419,200000000000,250000000000,0.044393
418,419,250000000000,300000000000,0.001434
418,419,300000000000,350000000000,0.000007
418,419,350000000000,600000000000,0.000000
419,418,0,50000000000,0.048071
419,418,50000000000,150000000000,0.000007
419,418,150000000000,200000000000,0.000000
419,418,200000000000,250000000000,0.001544
419,418,250000000000,300000000000,0.000000
419,418,300000000000,350000000000,0.000007
419,418,350000000000,600000000000,0.000000
418,443,0,250000000000,0.000000
418,443,250000000000,300000000000,0.000007
418,443,300000000000,350000000000,0.000000
418,443,350000000000,400000000000,0.000007
418,443,400000000000,600000000000,0.000000
443,418,0,250000000000,0.000000
443,418,250000000000,300000000000,0.000007
443,418,300000000000,350000000000,0.000000
443,418,350000000000,400000000000,0.000007
443,418,400000000000,600000000000,0.000000
419,420,0,50000000000,0.000000
419,420,50000000000,150000000000,0.000007
419,420,150000000000,200000000000,0.000000
419,420,200000000000,250000000000,0.044257
419,420,250000000000,300000000000,0.001576
419,420,300000000000,350000000000,0.000007
419,420,350000000000,600000000000,0.000000
420,419,0,50000000000,0.048064
420,419,50000000000,150000000000,0.000007
420,419,150000000000,200000000000,0.000000
420,419,200000000000,250000000000,0.001549
420,419,250000000000,300000000000,0.000000
420,419,300000000000,350000000000,0.000007
420,419,350000000000,600000000000,0.000000
419,444,0,50000000000,0.000007
419,444,50000000000,200000000000,0.000000
419,444,200000000000,250000000000,0.224908
419,444,250000000000,600000000000,0.000000
444,419,0,50000000000,0.046653
444,419,50000000000,200000000000,0.000000
444,419,200000000000,250000000000,0.091242
444,419,250000000000,600000000000,0.000000
420,421,0,50000000000,0.000000
420,421,50000000000,150000000000,0.000007
420,421,150000000000,200000000000,0.000000
420,421,200000000000,250000000000,0.044114
420,421,250000000000,300000000000,0.001722
420,421,300000000000,350000000000,0.000007
420,421,350000000000,600000000000,0.000000
421,420,0,50000000000,0.048064
421,420,50000000000,150000000000,0.000007
421,420,150000000000,200000000000,0.000000
421,420,200000000000,250000000000,0.001552
421,420,250000000000,300000000000,0.000000
421,420,300000000000,350000000000,0.000007
421,420,350000000000,600000000000,0.000000
420,445,0,600000000000,0.000000
445,420,0,600000000000,0.000000
421,422,0,50000000000,0.000000
421,422,50000000000,150000000000,0.000007
421,422,150000000000,200000000000,0.000000
421,422,200000000000,250000000000,0.043978
421,422,250000000000,300000000000,0.001859
421,422,300000000000,350000000000,0.000007
421,422,350000000000,600000000000,0.000000
422,421,0,50000000000,0.048064
422,421,50000000000,150000000000,0.000007
422,421,150000000000,200000000000,0.000000
422,421,200000000000,250000000000,0.001554
422,421,250000000000,300000000000,0.000000
422,421,300000000000,350000000000,0.000007
422,421,350000000000,600000000000,0.000000
421,446,0,350000000000,0.000000
421,446,350000000000,550000000000,0.000007
421,446,550000000000,600000000000,0.000000
446,421,0,350000000000,0.000000
446,421,350000000000,550000000000,0.000007
446,421,550000000000,600000000000,0.000000
422,423,0,50000000000,0.000000
422,423,50000000000,150000000000,0.000007
422,423,150000000000,600000000000,0.000000
423,422,0,50000000000,0.048064
423,422,50000000000,150000000000,0.000007
423,422,150000000000,600000000000,0.000000
422,447,0,150000000000,0.000000
422,447,150000000000,200000000000,0.086008
422,447,200000000000,250000000000,0.002365
422,447,250000000000,300000000000,0.000009
422,447,300000000000,600000000000,0.000000
447,422,0,150000000000,0.000000
447,422,150000000000,200000000000,0.002042
447,422,200000000000,250000000000,0.087959
447,422,250000000000,300000000000,0.000010
447,422,300000000000,600000000000,0.000000
423,424,0,600000000000,0.000000
424,423,0,600000000000,0.000000
423,448,0,100000000000,0.000007
423,448,100000000000,150000000000,0.000013
423,448,150000000000,600000000000,0.000000
448,423,0,100000000000,0.000007
448,423,100000000000,150000000000,0.000013
448,423,150000000000,600000000000,0.000000
400,424,0,600000000000,0.000000
424,400,0,600000000000,0.000000
424,449,0,350000000000,0.000000
424,449,350000000000,400000000000,0.000007
424,449,400000000000,550000000000,0.000000
424,449,550000000000,600000000000,0.000007
449,424,0,350000000000,0.000000
449,424,350000000000,400000000000,0.000007
449,424,400000000000,550000000000,0.000000
449,424,550000000000,600000000000,0.000007
425,426,0,600000000000,0.000000
426,425,0,600000000000,0.000000
425,450,0,100000000000,0.000000
425,450,100000000000,200000000000,0.000007
425,450,200000000000,300000000000,0.000000
425,450,300000000000,350000000000,0.000007
425,450,350000000000,600000000000,0.000000
450,425,0,100000000000,0.000000
450,425,100000000000,200000000000,0.000007
450,425,200000000000,300000000000,0.000000
450,425,300000000000,350000000000,0.000007
450,425,350000000000,600000000000,0.000000
426,427,0,600000000000,0.000000
427,426,0,600000000000,0.000000
426,451,0,50000000000,0.000000
426,451,50000000000,100000000000,0.000007
426,451,100000000000,600000000000,0.000000
451,426,0,50000000000,0.000000
451,426,50000000000,100000000000,0.000007
451,426,100000000000,600000000000,0.000000
427,428,0,600000000000,0.000000
428,427,0,600000000000,0.000000
427,452,0,600000000000,0.000000
452,427,0,600000000000,0.000000
428,429,0,600000000000,0.000000
429,428,0,600000000000,0.000000
428,453,0,600000000000,0.000000
453,428,0,600000000000,0.000000
429,430,0,600000000000,0.000000
430,429,0,600000000000,0.000000
429,454,0,350000000000,0.000000
429,454,350000000000,400000000000,0.000024
429,454,400000000000,500000000000,0.000000
429,454,500000000000,600000000000,0.000007
454,429,0,500000000000,0.000000
454,429,500000000000,600000000000,0.000007
430,431,0,600000000000,0.000000
431,430,0,600000000000,0.000000
430,455,0,250000000000,0.000000
430,455,250000000000,350000000000,0.000007
430,455,350000000000,450000000000,0.000000
430,455,450000000000,500000000000,0.000024
430,455,500000000000,550000000000,0.000000
430,455,550000000000,600000000000,0.000013
455,430,0,250000000000,0.000000
455,430,250000000000,350000000000,0.000007
455,430,350000000000,550000000000,0.000000
455,430,550000000000,600000000000,0.000013
431,432,0,600000000000,0.000000
432,431,0,600000000000,0.000000
431,456,0,100000000000,0.000007
431,456,100000000000,350000000000,0.000000
431,456,350000000000,400000000000,0.000007
431,456,400000000000,450000000000,0.000013
431,456,450000000000,500000000000,0.000007
431,456,500000000000,550000000000,0.000013
431,456,550000000000,600000000000,0.000000
456,431,0,100000000000,0.000007
456,431,100000000000,350000000000,0.000000
456,431,350000000000,400000000000,0.000007
456,431,400000000000,450000000000,0.000013
456,431,450000000000,500000000000,0.000007
456,431,500000000000,550000000000,0.000013
456,431,550000000000,600000000000,0.000000
432,433,0,600000000000,0.000000
433,432,0,600000000000,0.000000
432,457,0,50000000000,0.085818
432,457,50000000000,100000000000,0.000000
432,457,100000000000,200000000000,0.000007
432,457,200000000000,250000000000,0.000013
432,457,250000000000,300000000000,0.054152
432,457,300000000000,350000000000,0.000600
432,457,350000000000,400000000000,0.000007
432,457,400000000000,500000000000,0.000000
432,457,500000000000,600000000000,0.000007
457,432,0,50000000000,0.002011
457,432,50000000000,100000000000,0.000000
457,432,100000000000,150000000000,0.000007
457,432,150000000000,200000000000,0.048071
457,432,200000000000,250000000000,0.000013
457,432,250000000000,300000000000,0.229361
457,432,300000000000,350000000000,0.029772
457,432,350000000000,400000000000,0.000007
457,432,400000000000,500000000000,0.000000
457,432,500000000000,600000000000,0.000007
433,434,0,550000000000,0.000000
433,434,550000000000,600000000000,0.000013
434,433,0,550000000000,0.000000
434,433,550000000000,600000000000,0.000013
433,458,0,100000000000,0.000013
433,458,100000000000,150000000000,0.000007
433,458,150000000000,250000000000,0.000000
433,458,250000000000,350000000000,0.000007
433,458,350000000000,450000000000,0.000000
433,458,450000000000,500000000000,0.039910
433,458,500000000000,550000000000,0.008188
433,458,550000000000,600000000000,0.000020
458,433,0,100000000000,0.000013
458,433,100000000000,150000000000,0.000007
458,433,150000000000,250000000000,0.000000
458,433,250000000000,350000000000,0.000007
458,433,350000000000,450000000000,0.000000
458,433,450000000000,500000000000,0.000007
458,433,500000000000,550000000000,0.000027
458,433,550000000000,600000000000,0.000020
434,435,0,300000000000,0.000000
434,435,300000000000,350000000000,0.000007
434,435,350000000000,400000000000,0.000027
434,435,400000000000,450000000000,0.000020
434,435,450000000000,550000000000,0.000000
434,435,550000000000,600000000000,0.000013
435,434,0,250000000000,0.000000
435,434,250000000000,300000000000,0.000579
435,434,300000000000,350000000000,0.000007
435,434,350000000000,400000000000,0.000027
435,434,400000000000,450000000000,0.000020
435,434,450000000000,550000000000,0.000000
435,434,550000000000,600000000000,0.000013
434,459,0,50000000000,0.000000
434,459,50000000000,100000000000,0.000007
434,459,100000000000,250000000000,0.000000
434,459,250000000000,300000000000,0.000208
434,459,300000000000,350000000000,0.000020
434,459,350000000000,400000000000,0.008030
434,459,400000000000,450000000000,0.000020
434,459,450000000000,550000000000,0.000000
434,459,550000000000,600000000000,0.000007
459,434,0,50000000000,0.000000
459,434,50000000000,100000000000,0.000007
459,434,100000000000,250000000000,0.000000
459,434,250000000000,300000000000,0.048138
459,434,300000000000,350000000000,0.000020
459,434,350000000000,400000000000,0.000027
459,434,400000000000,450000000000,0.000020
459,434,450000000000,550000000000,0.000000
459,434,550000000000,600000000000,0.000007
435,436,0,50000000000,0.000000
435,436,50000000000,100000000000,0.000007
435,436,100000000000,200000000000,0.000020
435,436,200000000000,250000000000,0.004356
435,436,250000000000,300000000000,0.000000
435,436,300000000000,350000000000,0.000007
435,436,350000000000,400000000000,0.000027
435,436,400000000000,450000000000,0.000020
435,436,450000000000,550000000000,0.000000
435,436,550000000000,600000000000,0.000013
436,435,0,50000000000,0.000000
436,435,50000000000,100000000000,0.000007
436,435,100000000000,200000000000,0.000020
436,435,200000000000,250000000000,0.173115
436,435,250000000000,300000000000,0.000555
436,435,300000000000,350000000000,0.000007
436,435,350000000000,400000000000,0.000027
436,435,400000000000,450000000000,0.000020
436,435,450000000000,550000000000,0.000000
436,435,550000000000,600000000000,0.000013
435,460,0,50000000000,0.002334
435,460,50000000000,100000000000,0.000027
435,460,100000000000,150000000000,0.002027
435,460,150000000000,200000000000,0.000020
435,460,200000000000,250000000000,0.262734
435,460,250000000000,300000000000,0.000000
435,460,300000000000,350000000000,0.000007
435,460,350000000000,600000000000,0.000000
460,435,0,50000000000,0.087596
460,435,50000000000,100000000000,0.000027
460,435,100000000000,150000000000,0.083167
460,435,150000000000,200000000000,0.000020
460,435,200000000000,250000000000,0.004737
460,435,250000000000,300000000000,0.000000
460,435,300000000000,350000000000,0.000007
460,435,350000000000,600000000000,0.000000
436,437,0,50000000000,0.000000
436,437,50000000000,100000000000,0.000007
436,437,100000000000,150000000000,0.000020
436,437,150000000000,200000000000,0.002126
436,437,200000000000,250000000000,0.006444
436,437,250000000000,300000000000,0.000000
436,437,300000000000,350000000000,0.000007
436,437,350000000000,400000000000,0.000027
436,437,400000000000,450000000000,0.000013
436,437,450000000000,500000000000,0.000007
436,437,500000000000,550000000000,0.000000
436,437,550000000000,600000000000,0.000013
437,436,0,50000000000,0.000000
437,436,50000000000,100000000000,0.000007
437,436,100000000000,150000000000,0.000020
437,436,150000000000,200000000000,0.086412
437,436,200000000000,250000000000,0.251260
437,436,250000000000,300000000000,0.000489
437,436,300000000000,350000000000,0.000007
437,436,350000000000,400000000000,0.000027
437,436,400000000000,450000000000,0.000013
437,436,450000000000,500000000000,0.000007
437,436,500000000000,550000000000,0.000000
437,436,550000000000,600000000000,0.000013
436,461,0,50000000000,0.000000
436,461,50000000000,100000000000,0.000007
436,461,100000000000,150000000000,0.000000
436,461,150000000000,200000000000,0.086392
436,461,200000000000,250000000000,0.078104
436,461,250000000000,400000000000,0.000000
436,461,400000000000,450000000000,0.000007
436,461,450000000000,500000000000,0.000013
436,461,500000000000,600000000000,0.000000
461,436,0,50000000000,0.000000
461,436,50000000000,100000000000,0.000007
461,436,100000000000,150000000000,0.000000
461,436,150000000000,200000000000,0.002106
461,436,200000000000,250000000000,0.002089
461,436,250000000000,400000000000,0.000000
461,436,400000000000,450000000000,0.000007
461,436,450000000000,500000000000,0.000013
461,436,500000000000,600000000000,0.000000
437,438,0,50000000000,0.000000
437,438,50000000000,100000000000,0.000007
437,438,100000000000,150000000000,0.086802
437,438,150000000000,200000000000,0.002120
437,438,200000000000,250000000000,0.002112
437,438,250000000000,300000000000,0.000000
437,438,300000000000,400000000000,0.000013
437,438,400000000000,550000000000,0.000000
437,438,550000000000,600000000000,0.000013
438,437,0,50000000000,0.000000
438,437,50000000000,100000000000,0.000007
438,437,100000000000,150000000000,0.002190
438,437,150000000000,200000000000,0.086405
438,437,200000000000,250000000000,0.078290
438,437,250000000000,300000000000,0.000370
438,437,300000000000,400000000000,0.000013
438,437,400000000000,550000000000,0.000000
438,437,550000000000,600000000000,0.000013
437,462,0,100000000000,0.000000
437,462,100000000000,150000000000,0.002169
437,462,150000000000,200000000000,0.000007
437,462,200000000000,250000000000,0.000055
437,462,250000000000,300000000000,0.000000
437,462,300000000000,350000000000,0.000007
437,462,350000000000,400000000000,0.000000
437,462,400000000000,450000000000,0.000007
437,462,450000000000,500000000000,0.000013
437,462,500000000000,600000000000,0.000007
462,437,0,100000000000,0.000000
462,437,100000000000,150000000000,0.086782
462,437,150000000000,250000000000,0.000007
462,437,250000000000,300000000000,0.039870
462,437,300000000000,350000000000,0.008202
462,437,350000000000,400000000000,0.000000
462,437,400000000000,450000000000,0.000007
462,437,450000000000,500000000000,0.000013
462,437,500000000000,600000000000,0.000007
438,439,0,50000000000,0.000000
438,439,50000000000,100000000000,0.000013
438,439,100000000000,150000000000,0.086809
438,439,150000000000,200000000000,0.000000
438,439,200000000000,250000000000,0.090049
438,439,250000000000,300000000000,0.000000
438,439,300000000000,400000000000,0.000013
438,439,400000000000,600000000000,0.000000
439,438,0,50000000000,0.000000
439,438,50000000000,100000000000,0.000013
439,438,100000000000,150000000000,0.002196
439,438,150000000000,200000000000,0.000000
439,438,200000000000,250000000000,0.080703
439,438,250000000000,300000000000,0.000300
439,438,300000000000,400000000000,0.000013
439,438,400000000000,600000000000,0.000000
438,463,0,50000000000,0.086575
438,463,50000000000,100000000000,0.000007
438,463,100000000000,150000000000,0.002100
438,463,150000000000,200000000000,0.000007
438,463,200000000000,250000000000,0.008009
438,463,250000000000,400000000000,0.000007
438,463,400000000000,600000000000,0.000000
463,438,0,50000000000,0.002134
463,438,50000000000,100000000000,0.000007
463,438,100000000000,150000000000,0.086284
463,438,150000000000,400000000000,0.000007
463,438,400000000000,600000000000,0.000000
439,440,0,50000000000,0.000000
439,440,50000000000,100000000000,0.000013
439,440,100000000000,150000000000,0.086809
439,440,150000000000,200000000000,0.000000
439,440,200000000000,250000000000,0.090048
439,440,250000000000,300000000000,0.000000
439,440,300000000000,350000000000,0.000013
439,440,350000000000,600000000000,0.000000
440,439,0,50000000000,0.000000
440,439,50000000000,100000000000,0.000013
440,439,100000000000,150000000000,0.002196
440,439,150000000000,200000000000,0.000000
440,439,200000000000,250000000000,0.080772
440,439,250000000000,300000000000,0.000229
440,439,300000000000,350000000000,0.000013
440,439,350000000000,600000000000,0.000000
439,464,0,150000000000,0.000007
439,464,150000000000,600000000000,0.000000
464,439,0,150000000000,0.000007
464,439,150000000000,600000000000,0.000000
440,441,0,50000000000,0.000000
440,441,50000000000,150000000000,0.000013
440,441,150000000000,200000000000,0.000000
440,441,200000000000,250000000000,0.090047
440,441,250000000000,300000000000,0.000002
440,441,300000000000,350000000000,0.000013
440,441,350000000000,600000000000,0.000000
441,440,0,50000000000,0.000000
441,440,50000000000,150000000000,0.000013
441,440,150000000000,200000000000,0.000000
441,440,200000000000,250000000000,0.080844
441,440,250000000000,300000000000,0.000158
441,440,300000000000,350000000000,0.000013
441,440,350000000000,600000000000,0.000000
440,465,0,600000000000,0.000000
465,440,0,200000000000,0.000000
465,440,200000000000,250000000000,0.000024
465,440,250000000000,600000000000,0.000000
441,442,0,50000000000,0.000000
441,442,50000000000,150000000000,0.000013
441,442,150000000000,200000000000,0.000000
441,442,200000000000,250000000000,0.090046
441,442,250000000000,300000000000,0.000003
441,442,300000000000,600000000000,0.000000
442,441,0,50000000000,0.000000
442,441,50000000000,150000000000,0.000013
442,441,150000000000,200000000000,0.000000
442,441,200000000000,250000000000,0.080956
442,441,250000000000,300000000000,0.000046
442,441,300000000000,600000000000,0.000000
441,466,0,50000000000,0.000007
441,466,50000000000,600000000000,0.000000
466,441,0,50000000000,0.000007
466,441,50000000000,600000000000,0.000000
442,443,0,200000000000,0.000000
442,443,200000000000,250000000000,0.087952
442,443,250000000000,300000000000,0.000003
442,443,300000000000,600000000000,0.000000
443,442,0,200000000000,0.000000
443,442,200000000000,250000000000,0.050422
443,442,250000000000,600000000000,0.000000
442,467,0,550000000000,0.000000
442,467,550000000000,600000000000,0.000007
467,442,0,550000000000,0.000000
467,442,550000000000,600000000000,0.000007
443,444,0,200000000000,0.000000
443,444,200000000000,250000000000,0.087952
443,444,250000000000,300000000000,0.000003
443,444,300000000000,600000000000,0.000000
444,443,0,200000000000,0.000000
444,443,200000000000,250000000000,0.050422
444,443,250000000000,600000000000,0.000000
443,468,0,250000000000,0.000000
443,468,250000000000,300000000000,0.000007
443,468,300000000000,350000000000,0.000000
443,468,350000000000,400000000000,0.000007
443,468,400000000000,600000000000,0.000000
468,443,0,250000000000,0.000000
468,443,250000000000,300000000000,0.000007
468,443,300000000000,350000000000,0.000000
468,443,350000000000,400000000000,0.000007
468,443,400000000000,600000000000,0.000000
444,445,0,200000000000,0.000000
444,445,200000000000,250000000000,0.087952
444,445,250000000000,300000000000,0.000003
444,445,300000000000,600000000000,0.000000
445,444,0,200000000000,0.000000
445,444,200000000000,250000000000,0.002358
445,444,250000000000,600000000000,0.000000
444,469,0,50000000000,0.000007
444,469,50000000000,200000000000,0.000000
444,469,200000000000,250000000000,0.176844
444,469,250000000000,600000000000,0.000000
469,444,0,50000000000,0.046653
469,444,50000000000,200000000000,0.000000
469,444,200000000000,250000000000,0.091242
469,444,250000000000,600000000000,0.000000
445,446,0,200000000000,0.000000
445,446,200000000000,250000000000,0.087952
445,446,250000000000,300000000000,0.000003
445,446,300000000000,600000000000,0.000000
446,445,0,200000000000,0.000000
446,445,200000000000,250000000000,0.002358
446,445,250000000000,600000000000,0.000000
445,470,0,600000000000,0.000000
470,445,0,600000000000,0.000000
446,447,0,200000000000,0.000000
446,447,200000000000,250000000000,0.087952
446,447,250000000000,300000000000,0.000003
446,447,300000000000,600000000000,0.000000
447,446,0,200000000000,0.000000
447,446,200000000000,250000000000,0.002358
447,446,250000000000,600000000000,0.000000
446,471,0,350000000000,0.000000
446,471,350000000000,550000000000,0.000007
446,471,550000000000,600000000000,0.000000
471,446,0,350000000000,0.000000
471,446,350000000000,550000000000,0.000007
471,446,550000000000,600000000000,0.000000
447,448,0,600000000000,0.000000
448,447,0,600000000000,0.000000
447,472,0,150000000000,0.000000
447,472,150000000000,200000000000,0.086008
447,472,200000000000,250000000000,0.000007
447,472,250000000000,300000000000,0.000009
447,472,300000000000,600000000000,0.000000
472,447,0,150000000000,0.000000
472,447,150000000000,200000000000,0.002042
472,447,200000000000,300000000000,0.000007
472,447,300000000000,600000000000,0.000000
448,449,0,600000000000,0.000000
449,448,0,600000000000,0.000000
448,473,0,100000000000,0.000007
448,473,100000000000,150000000000,0.000013
448,473,150000000000,600000000000,0.000000
473,448,0,100000000000,0.000007
473,448,100000000000,150000000000,0.000013
473,448,150000000000,600000000000,0.000000
425,449,0,600000000000,0.000000
449,425,0,600000000000,0.000000
449,474,0,350000000000,0.000000
449,474,350000000000,400000000000,0.000007
449,474,400000000000,550000000000,0.000000
449,474,550000000000,600000000000,0.000007
474,449,0,350000000000,0.000000
474,449,350000000000,400000000000,0.000007
474,449,400000000000,550000000000,0.000000
474,449,550000000000,600000000000,0.000007
450,451,0,50000000000,0.088486
450,451,50000000000,100000000000,0.000000
450,451,100000000000,200000000000,0.000007
450,451,200000000000,250000000000,0.000000
450,451,250000000000,400000000000,0.000007
450,451,400000000000,500000000000,0.000000
450,451,500000000000,600000000000,0.000007
451,450,0,50000000000,0.002451
451,450,50000000000,100000000000,0.000000
451,450,100000000000,200000000000,0.000007
451,450,200000000000,250000000000,0.000000
451,450,250000000000,400000000000,0.000007
451,450,400000000000,500000000000,0.000000
451,450,500000000000,600000000000,0.000007
450,475,0,100000000000,0.000000
450,475,100000000000,200000000000,0.000007
450,475,200000000000,600000000000,0.000000
475,450,0,100000000000,0.000000
475,450,100000000000,200000000000,0.000007
475,450,200000000000,600000000000,0.000000
451,452,0,200000000000,0.000007
451,452,200000000000,250000000000,0.000000
451,452,250000000000,400000000000,0.000007
451,452,400000000000,500000000000,0.000000
451,452,500000000000,600000000000,0.000007
452,451,0,200000000000,0.000007
452,451,200000000000,250000000000,0.000000
452,451,250000000000,400000000000,0.000007
452,451,400000000000,500000000000,0.000000
452,451,500000000000,600000000000,0.000007
451,476,0,600000000000,0.000000
476,451,0,600000000000,0.000000
452,453,0,200000000000,0.000007
452,453,200000000000,250000000000,0.000000
452,453,250000000000,400000000000,0.000007
452,453,400000000000,500000000000,0.000000
452,453,500000000000,600000000000,0.000007
453,452,0,200000000000,0.000007
453,452,200000000000,250000000000,0.000000
453,452,250000000000,400000000000,0.000007
453,452,400000000000,500000000000,0.000000
453,452,500000000000,600000000000,0.000007
452,477,0,600000000000,0.000000
477,452,0,600000000000,0.000000
453,454,0,200000000000,0.000007
453,454,200000000000,250000000000,0.000000
453,454,250000000000,400000000000,0.000007
453,454,400000000000,500000000000,0.000000
453,454,500000000000,600000000000,0.000007
454,453,0,200000000000,0.000007
454,453,200000000000,250000000000,0.000000
454,453,250000000000,400000000000,0.000007
454,453,400000000000,500000000000,0.000000
454,453,500000000000,600000000000,0.000007
453,478,0,600000000000,0.000000
478,453,0,600000000000,0.000000
454,455,0,200000000000,0.000007
454,455,200000000000,250000000000,0.000000
454,455,250000000000,400000000000,0.000007
454,455,400000000000,500000000000,0.000000
454,455,500000000000,600000000000,0.000007
455,454,0,200000000000,0.000007
455,454,200000000000,250000000000,0.000000
455,454,250000000000,400000000000,0.000007
455,454,400000000000,500000000000,0.000000
455,454,500000000000,600000000000,0.000007
454,479,0,350000000000,0.000000
454,479,350000000000,400000000000,0.000024
454,479,400000000000,500000000000,0.000000
454,479,500000000000,600000000000,0.000007
479,454,0,500000000000,0.000000
479,454,500000000000,600000000000,0.000007
455,456,0,200000000000,0.000007
455,456,200000000000,250000000000,0.000000
455,456,250000000000,400000000000,0.000007
455,456,400000000000,500000000000,0.000000
455,456,500000000000,600000000000,0.000007
456,455,0,200000000000,0.000007
456,455,200000000000,250000000000,0.000000
456,455,250000000000,400000000000,0.000007
456,455,400000000000,500000000000,0.000000
456,455,500000000000,600000000000,0.000007
455,480,0,250000000000,0.000000
455,480,250000000000,350000000000,0.000007
455,480,350000000000,450000000000,0.000000
455,480,450000000000,500000000000,0.000024
455,480,500000000000,550000000000,0.000000
455,480,550000000000,600000000000,0.000013
480,455,0,250000000000,0.000000
480,455,250000000000,350000000000,0.000007
480,455,350000000000,550000000000,0.000000
480,455,550000000000,600000000000,0.000013
456,457,0,200000000000,0.000007
456,457,200000000000,250000000000,0.000000
456,457,250000000000,400000000000,0.000007
456,457,400000000000,500000000000,0.000000
456,457,500000000000,600000000000,0.000007
457,456,0,200000000000,0.000007
457,456,200000000000,250000000000,0.000000
457,456,250000000000,400000000000,0.000007
457,456,400000000000,500000000000,0.000000
457,456,500000000000,600000000000,0.000007
456,481,0,100000000000,0.000007
456,481,100000000000,350000000000,0.000000
456,481,350000000000,400000000000,0.000007
456,481,400000000000,450000000000,0.000013
456,481,450000000000,500000000000,0.000007
456,481,500000000000,550000000000,0.000013
456,481,550000000000,600000000000,0.000000
481,456,0,100000000000,0.000007
481,456,100000000000,350000000000,0.000000
481,456,350000000000,400000000000,0.000007
481,456,400000000000,450000000000,0.000013
481,456,450000000000,500000000000,0.000007
481,456,500000000000,550000000000,0.000013
481,456,550000000000,600000000000,0.000000
457,458,0,200000000000,0.000007
457,458,200000000000,250000000000,0.000000
457,458,250000000000,400000000000,0.000007
457,458,400000000000,500000000000,0.000000
457,458,500000000000,600000000000,0.000007
458,457,0,200000000000,0.000007
458,457,200000000000,250000000000,0.000000
458,457,250000000000,400000000000,0.000007
458,457,400000000000,500000000000,0.000000
458,457,500000000000,600000000000,0.000007
457,482,0,50000000000,0.085818
457,482,50000000000,100000000000,0.000000
457,482,100000000000,200000000000,0.000007
457,482,200000000000,250000000000,0.000013
457,482,250000000000,300000000000,0.054151
457,482,300000000000,350000000000,0.000602
457,482,350000000000,400000000000,0.000007
457,482,400000000000,500000000000,0.000000
457,482,500000000000,600000000000,0.000007
482,457,0,50000000000,0.002011
482,457,50000000000,100000000000,0.000000
482,457,100000000000,150000000000,0.000007
482,457,150000000000,200000000000,0.048071
482,457,200000000000,250000000000,0.000013
482,457,250000000000,300000000000,0.229466
482,457,300000000000,350000000000,0.029667
482,457,350000000000,400000000000,0.000007
482,457,400000000000,500000000000,0.000000
482,457,500000000000,600000000000,0.000007
458,459,0,200000000000,0.000007
458,459,200000000000,250000000000,0.000000
458,459,250000000000,350000000000,0.000007
458,459,350000000000,450000000000,0.000000
458,459,450000000000,500000000000,0.000007
458,459,500000000000,550000000000,0.000000
458,459,550000000000,600000000000,0.000007
459,458,0,200000000000,0.000007
459,458,200000000000,250000000000,0.000000
459,458,250000000000,350000000000,0.000007
459,458,350000000000,450000000000,0.000000
459,458,450000000000,500000000000,0.000007
459,458,500000000000,550000000000,0.000000
459,458,550000000000,600000000000,0.000007
458,483,0,100000000000,0.000013
458,483,100000000000,150000000000,0.000007
458,483,150000000000,250000000000,0.000000
458,483,250000000000,400000000000,0.000007
458,483,400000000000,450000000000,0.000000
458,483,450000000000,500000000000,0.039907
458,483,500000000000,550000000000,0.008204
458,483,550000000000,600000000000,0.000020
483,458,0,100000000000,0.000013
483,458,100000000000,150000000000,0.000007
483,458,150000000000,250000000000,0.000000
483,458,250000000000,400000000000,0.000007
483,458,400000000000,450000000000,0.000000
483,458,450000000000,500000000000,0.000013
483,458,500000000000,550000000000,0.000034
483,458,550000000000,600000000000,0.000020
459,460,0,100000000000,0.000007
459,460,100000000000,150000000000,0.000000
459,460,150000000000,200000000000,0.000007
459,460,200000000000,350000000000,0.000000
459,460,350000000000,400000000000,0.008136
459,460,400000000000,450000000000,0.000013
459,460,450000000000,500000000000,0.000007
459,460,500000000000,550000000000,0.000000
459,460,550000000000,600000000000,0.000007
460,459,0,100000000000,0.000007
460,459,100000000000,150000000000,0.000000
460,459,150000000000,200000000000,0.000007
460,459,200000000000,250000000000,0.000000
460,459,250000000000,300000000000,0.000071
460,459,300000000000,350000000000,0.000000
460,459,350000000000,450000000000,0.000013
460,459,450000000000,500000000000,0.000007
460,459,500000000000,550000000000,0.000000
460,459,550000000000,600000000000,0.000007
459,484,0,50000000000,0.000000
459,484,50000000000,150000000000,0.000007
459,484,150000000000,250000000000,0.000000
459,484,250000000000,300000000000,0.000239
459,484,300000000000,350000000000,0.000027
459,484,350000000000,400000000000,0.000040
459,484,400000000000,450000000000,0.000034
459,484,450000000000,550000000000,0.000000
459,484,550000000000,600000000000,0.000007
484,459,0,50000000000,0.000000
484,459,50000000000,150000000000,0.000007
484,459,150000000000,250000000000,0.000000
484,459,250000000000,300000000000,0.048098
484,459,300000000000,350000000000,0.000027
484,459,350000000000,400000000000,0.000160
484,459,400000000000,450000000000,0.000034
484,459,450000000000,550000000000,0.000000
484,459,550000000000,600000000000,0.000007
460,461,0,100000000000,0.000000
460,461,100000000000,150000000000,0.001994
460,461,150000000000,200000000000,0.000013
460,461,200000000000,250000000000,0.048077
460,461,250000000000,350000000000,0.000000
460,461,350000000000,400000000000,0.008160
460,461,400000000000,450000000000,0.000013
460,461,450000000000,500000000000,0.000007
460,461,500000000000,600000000000,0.000000
461,460,0,100000000000,0.000000
461,460,100000000000,150000000000,0.083134
461,460,150000000000,250000000000,0.000013
461,460,250000000000,300000000000,0.000047
461,460,300000000000,350000000000,0.000000
461,460,350000000000,450000000000,0.000013
461,460,450000000000,500000000000,0.000007
461,460,500000000000,600000000000,0.000000
460,485,0,50000000000,0.002341
460,485,50000000000,150000000000,0.000034
460,485,150000000000,200000000000,0.000040
460,485,200000000000,250000000000,0.214660
460,485,250000000000,300000000000,0.000000
460,485,300000000000,350000000000,0.000007
460,485,350000000000,550000000000,0.000000
460,485,550000000000,600000000000,0.000007
485,460,0,50000000000,0.087602
485,460,50000000000,150000000000,0.000034
485,460,150000000000,200000000000,0.000040
485,460,200000000000,250000000000,0.004751
485,460,250000000000,300000000000,0.000000
485,460,300000000000,350000000000,0.000007
485,460,350000000000,400000000000,0.000024
485,460,400000000000,550000000000,0.000000
485,460,550000000000,600000000000,0.000007
461,462,0,100000000000,0.000000
461,462,100000000000,150000000000,0.001994
461,462,150000000000,200000000000,0.000013
461,462,200000000000,250000000000,0.048077
461,462,250000000000,600000000000,0.000000
462,461,0,100000000000,0.000000
462,461,100000000000,150000000000,0.083134
462,461,150000000000,250000000000,0.000013
462,461,250000000000,600000000000,0.000000
461,486,0,50000000000,0.000000
461,486,50000000000,100000000000,0.000007
461,486,100000000000,150000000000,0.000000
461,486,150000000000,200000000000,0.086392
461,486,200000000000,250000000000,0.078043
461,486,250000000000,300000000000,0.000015
461,486,300000000000,350000000000,0.000000
461,486,350000000000,400000000000,0.000013
461,486,400000000000,500000000000,0.000007
461,486,500000000000,600000000000,0.000000
486,461,0,50000000000,0.000000
486,461,50000000000,100000000000,0.000007
486,461,100000000000,150000000000,0.000000
486,461,150000000000,200000000000,0.002106
486,461,200000000000,250000000000,0.002090
486,461,250000000000,350000000000,0.000000
486,461,350000000000,400000000000,0.000086
486,461,400000000000,450000000000,0.048071
486,461,450000000000,500000000000,0.000007
486,461,500000000000,600000000000,0.000000
462,463,0,600000000000,0.000000
463,462,0,600000000000,0.000000
462,487,0,100000000000,0.000000
462,487,100000000000,150000000000,0.050055
462,487,150000000000,200000000000,0.048047
462,487,200000000000,250000000000,0.000055
462,487,250000000000,300000000000,0.000000
462,487,300000000000,350000000000,0.000007
462,487,350000000000,400000000000,0.000000
462,487,400000000000,450000000000,0.000007
462,487,450000000000,500000000000,0.000013
462,487,500000000000,600000000000,0.000007
487,462,0,100000000000,0.000000
487,462,100000000000,150000000000,0.086795
487,462,150000000000,250000000000,0.000007
487,462,250000000000,300000000000,0.039894
487,462,300000000000,350000000000,0.008178
487,462,350000000000,400000000000,0.000000
487,462,400000000000,450000000000,0.000007
487,462,450000000000,500000000000,0.000013
487,462,500000000000,600000000000,0.000007
463,464,0,600000000000,0.000000
464,463,0,600000000000,0.000000
463,488,0,50000000000,0.086575
463,488,50000000000,100000000000,0.000007
463,488,100000000000,150000000000,0.002100
463,488,150000000000,200000000000,0.000007
463,488,200000000000,250000000000,0.008009
463,488,250000000000,400000000000,0.000007
463,488,400000000000,600000000000,0.000000
488,463,0,50000000000,0.002134
488,463,50000000000,100000000000,0.000007
488,463,100000000000,150000000000,0.086284
488,463,150000000000,400000000000,0.000007
488,463,400000000000,600000000000,0.000000
464,465,0,600000000000,0.000000
465,464,0,600000000000,0.000000
464,489,0,150000000000,0.000007
464,489,150000000000,600000000000,0.000000
489,464,0,150000000000,0.000007
489,464,150000000000,600000000000,0.000000
465,466,0,600000000000,0.000000
466,465,0,600000000000,0.000000
465,490,0,600000000000,0.000000
490,465,0,200000000000,0.000000
490,465,200000000000,250000000000,0.000024
490,465,250000000000,600000000000,0.000000
466,467,0,600000000000,0.000000
467,466,0,600000000000,0.000000
466,491,0,50000000000,0.000007
466,491,50000000000,600000000000,0.000000
491,466,0,50000000000,0.000007
491,466,50000000000,600000000000,0.000000
467,468,0,600000000000,0.000000
468,467,0,600000000000,0.000000
467,492,0,550000000000,0.000000
467,492,550000000000,600000000000,0.000007
492,467,0,550000000000,0.000000
492,467,550000000000,600000000000,0.000007
468,469,0,600000000000,0.000000
469,468,0,600000000000,0.000000
468,493,0,250000000000,0.000000
468,493,250000000000,300000000000,0.000007
468,493,300000000000,350000000000,0.000000
468,493,350000000000,400000000000,0.000007
468,493,400000000000,600000000000,0.000000
493,468,0,250000000000,0.000000
493,468,250000000000,300000000000,0.000007
493,468,300000000000,350000000000,0.000000
493,468,350000000000,400000000000,0.000007
493,468,400000000000,600000000000,0.000000
469,470,0,600000000000,0.000000
470,469,0,600000000000,0.000000
469,494,0,50000000000,0.000007
469,494,50000000000,200000000000,0.000000
469,494,200000000000,250000000000,0.176844
469,494,250000000000,600000000000,0.000000
494,469,0,50000000000,0.046653
494,469,50000000000,200000000000,0.000000
494,469,200000000000,250000000000,0.091242
494,469,250000000000,600000000000,0.000000
470,471,0,600000000000,0.000000
471,470,0,600000000000,0.000000
470,495,0,600000000000,0.000000
495,470,0,600000000000,0.000000
471,472,0,350000000000,0.000000
471,472,350000000000,400000000000,0.000007
471,472,400000000000,500000000000,0.000000
471,472,500000000000,550000000000,0.000007
471,472,550000000000,600000000000,0.000000
472,471,0,350000000000,0.000000
472,471,350000000000,400000000000,0.000007
472,471,400000000000,500000000000,0.000000
472,471,500000000000,550000000000,0.000007
472,471,550000000000,600000000000,0.000000
471,496,0,350000000000,0.000000
471,496,350000000000,400000000000,0.000013
471,496,400000000000,500000000000,0.000007
471,496,500000000000,550000000000,0.000013
471,496,550000000000,600000000000,0.000000
496,471,0,350000000000,0.000000
496,471,350000000000,400000000000,0.000013
496,471,400000000000,500000000000,0.000007
496,471,500000000000,550000000000,0.000013
496,471,550000000000,600000000000,0.000000
472,473,0,150000000000,0.000000
472,473,150000000000,200000000000,0.000007
472,473,200000000000,250000000000,0.000000
472,473,250000000000,300000000000,0.000007
472,473,300000000000,350000000000,0.000000
472,473,350000000000,400000000000,0.000007
472,473,400000000000,500000000000,0.000000
472,473,500000000000,550000000000,0.000007
472,473,550000000000,600000000000,0.000000
473,472,0,150000000000,0.000000
473,472,150000000000,200000000000,0.000007
473,472,200000000000,250000000000,0.000000
473,472,250000000000,300000000000,0.000007
473,472,300000000000,350000000000,0.000000
473,472,350000000000,400000000000,0.000007
473,472,400000000000,500000000000,0.000000
473,472,500000000000,550000000000,0.000007
473,472,550000000000,600000000000,0.000000
472,497,0,150000000000,0.000000
472,497,150000000000,200000000000,0.086015
472,497,200000000000,250000000000,0.000007
472,497,250000000000,300000000000,0.000016
472,497,300000000000,600000000000,0.000000
497,472,0,150000000000,0.000000
497,472,150000000000,200000000000,0.002049
497,472,200000000000,250000000000,0.000007
497,472,250000000000,300000000000,0.000013
497,472,300000000000,600000000000,0.000000
473,474,0,50000000000,0.088486
473,474,50000000000,100000000000,0.000000
473,474,100000000000,200000000000,0.000007
473,474,200000000000,250000000000,0.000000
473,474,250000000000,300000000000,0.000007
473,474,300000000000,350000000000,0.000000
473,474,350000000000,400000000000,0.000007
473,474,400000000000,500000000000,0.000000
473,474,500000000000,550000000000,0.000007
473,474,550000000000,600000000000,0.000000
474,473,0,50000000000,0.002451
474,473,50000000000,100000000000,0.000000
474,473,100000000000,200000000000,0.000007
474,473,200000000000,250000000000,0.000000
474,473,250000000000,300000000000,0.000007
474,473,300000000000,350000000000,0.000000
474,473,350000000000,400000000000,0.000007
474,473,400000000000,500000000000,0.000000
474,473,500000000000,550000000000,0.000007
474,473,550000000000,600000000000,0.000000
473,498,0,50000000000,0.002458
473,498,50000000000,100000000000,0.000007
473,498,100000000000,150000000000,0.000020
473,498,150000000000,600000000000,0.000000
498,473,0,50000000000,0.088493
498,473,50000000000,100000000000,0.000007
498,473,100000000000,150000000000,0.000020
498,473,150000000000,600000000000,0.000000
450,474,0,50000000000,0.002451
450,474,50000000000,100000000000,0.000000
450,474,100000000000,200000000000,0.000007
450,474,200000000000,250000000000,0.000000
450,474,250000000000,300000000000,0.000007
450,474,300000000000,350000000000,0.000000
450,474,350000000000,400000000000,0.000007
450,474,400000000000,500000000000,0.000000
450,474,500000000000,600000000000,0.000007
474,450,0,50000000000,0.088486
474,450,50000000000,100000000000,0.000000
474,450,100000000000,200000000000,0.000007
474,450,200000000000,250000000000,0.000000
474,450,250000000000,300000000000,0.000007
474,450,300000000000,350000000000,0.000000
474,450,350000000000,400000000000,0.000007
474,450,400000000000,500000000000,0.000000
474,450,500000000000,600000000000,0.000007
474,499,0,350000000000,0.000000
474,499,350000000000,400000000000,0.000007
474,499,400000000000,600000000000,0.000000
499,474,0,350000000000,0.000000
499,474,350000000000,400000000000,0.000007
499,474,400000000000,600000000000,0.000000
475,476,0,600000000000,0.000000
476,475,0,600000000000,0.000000
475,500,0,100000000000,0.000000
475,500,100000000000,200000000000,0.000007
475,500,200000000000,600000000000,0.000000
500,475,0,100000000000,0.000000
500,475,100000000000,200000000000,0.000007
500,475,200000000000,600000000000,0.000000
476,477,0,600000000000,0.000000
477,476,0,600000000000,0.000000
476,501,0,600000000000,0.000000
501,476,0,600000000000,0.000000
477,478,0,600000000000,0.000000
478,477,0,600000000000,0.000000
477,502,0,600000000000,0.000000
502,477,0,600000000000,0.000000
478,479,0,600000000000,0.000000
479,478,0,600000000000,0.000000
478,503,0,600000000000,0.000000
503,478,0,600000000000,0.000000
479,480,0,600000000000,0.000000
480,479,0,600000000000,0.000000
479,504,0,350000000000,0.000000
479,504,350000000000,400000000000,0.000024
479,504,400000000000,500000000000,0.000000
479,504,500000000000,600000000000,0.000007
504,479,0,500000000000,0.000000
504,479,500000000000,600000000000,0.000007
480,481,0,600000000000,0.000000
481,480,0,600000000000,0.000000
480,505,0,250000000000,0.000000
480,505,250000000000,350000000000,0.000007
480,505,350000000000,450000000000,0.000000
480,505,450000000000,500000000000,0.000024
480,505,500000000000,550000000000,0.000000
480,505,550000000000,600000000000,0.000013
505,480,0,250000000000,0.000000
505,480,250000000000,350000000000,0.000007
505,480,350000000000,550000000000,0.000000
505,480,550000000000,600000000000,0.000013
481,482,0,600000000000,0.000000
482,481,0,600000000000,0.000000
481,506,0,100000000000,0.000007
481,506,100000000000,350000000000,0.000000
481,506,350000000000,400000000000,0.000007
481,506,400000000000,450000000000,0.000013
481,506,450000000000,500000000000,0.000007
481,506,500000000000,550000000000,0.000013
481,506,550000000000,600000000000,0.000000
506,481,0,100000000000,0.000007
506,481,100000000000,350000000000,0.000000
506,481,350000000000,400000000000,0.000007
506,481,400000000000,450000000000,0.000013
506,481,450000000000,500000000000,0.000007
506,481,500000000000,550000000000,0.000013
506,481,550000000000,600000000000,0.000000
482,483,0,600000000000,0.000000
483,482,0,600000000000,0.000000
482,507,0,50000000000,0.085818
482,507,50000000000,100000000000,0.000000
482,507,100000000000,200000000000,0.000007
482,507,200000000000,250000000000,0.000013
482,507,250000000000,300000000000,0.054149
482,507,300000000000,350000000000,0.000604
482,507,350000000000,400000000000,0.000007
482,507,400000000000,500000000000,0.000000
482,507,500000000000,600000000000,0.000007
507,482,0,50000000000,0.002011
507,482,50000000000,100000000000,0.000000
507,482,100000000000,150000000000,0.000007
507,482,150000000000,200000000000,0.048071
507,482,200000000000,250000000000,0.000013
507,482,250000000000,300000000000,0.229577
507,482,300000000000,350000000000,0.029556
507,482,350000000000,400000000000,0.000007
507,482,400000000000,500000000000,0.000000
507,482,500000000000,600000000000,0.000007
483,484,0,600000000000,0.000000
484,483,0,600000000000,0.000000
483,508,0,100000000000,0.000013
483,508,100000000000,150000000000,0.000007
483,508,150000000000,250000000000,0.000000
483,508,250000000000,400000000000,0.000007
483,508,400000000000,450000000000,0.000000
483,508,450000000000,500000000000,0.039882
483,508,500000000000,550000000000,0.008229
483,508,550000000000,600000000000,0.000020
508,483,0,100000000000,0.000013
508,483,100000000000,150000000000,0.000007
508,483,150000000000,250000000000,0.000000
508,483,250000000000,400000000000,0.000007
508,483,400000000000,450000000000,0.000000
508,483,450000000000,500000000000,0.000013
508,483,500000000000,550000000000,0.000034
508,483,550000000000,600000000000,0.000020
484,485,0,600000000000,0.000000
485,484,0,250000000000,0.000000
485,484,250000000000,300000000000,0.000095
485,484,300000000000,600000000000,0.000000
484,509,0,50000000000,0.000000
484,509,50000000000,150000000000,0.000007
484,509,150000000000,250000000000,0.000000
484,509,250000000000,300000000000,0.000333
484,509,300000000000,350000000000,0.000027
484,509,350000000000,400000000000,0.000040
484,509,400000000000,450000000000,0.000034
484,509,450000000000,550000000000,0.000000
484,509,550000000000,600000000000,0.000007
509,484,0,50000000000,0.000000
509,484,50000000000,150000000000,0.000007
509,484,150000000000,250000000000,0.000000
509,484,250000000000,300000000000,0.048098
509,484,300000000000,350000000000,0.000027
509,484,350000000000,400000000000,0.000160
509,484,400000000000,450000000000,0.000034
509,484,450000000000,550000000000,0.000000
509,484,550000000000,600000000000,0.000007
485,486,0,100000000000,0.000000
485,486,100000000000,150000000000,0.083937
485,486,150000000000,600000000000,0.000000
486,485,0,100000000000,0.000000
486,485,100000000000,150000000000,0.002165
486,485,150000000000,250000000000,0.000000
486,485,250000000000,300000000000,0.000071
486,485,300000000000,600000000000,0.000000
485,510,0,50000000000,0.002341
485,510,50000000000,100000000000,0.000034
485,510,100000000000,150000000000,0.002199
485,510,150000000000,200000000000,0.000040
485,510,200000000000,250000000000,0.214636
485,510,250000000000,300000000000,0.000000
485,510,300000000000,350000000000,0.000007
485,510,350000000000,550000000000,0.000000
485,510,550000000000,600000000000,0.000007
510,485,0,50000000000,0.087602
510,485,50000000000,100000000000,0.000034
510,485,100000000000,150000000000,0.083970
510,485,150000000000,200000000000,0.000040
510,485,200000000000,250000000000,0.004751
510,485,250000000000,300000000000,0.000000
510,485,300000000000,350000000000,0.000007
510,485,350000000000,400000000000,0.000024
510,485,400000000000,550000000000,0.000000
510,485,550000000000,600000000000,0.000007
486,487,0,100000000000,0.000000
486,487,100000000000,150000000000,0.083937
486,487,150000000000,600000000000,0.000000
487,486,0,100000000000,0.000000
487,486,100000000000,150000000000,0.002165
487,486,150000000000,600000000000,0.000000
486,511,0,50000000000,0.000000
486,511,50000000000,100000000000,0.000007
486,511,100000000000,150000000000,0.000000
486,511,150000000000,200000000000,0.086392
486,511,200000000000,250000000000,0.077989
486,511,250000000000,300000000000,0.000000
486,511,300000000000,350000000000,0.000000
486,511,350000000000,400000000000,0.000013
486,511,400000000000,500000000000,0.000007
486,511,500000000000,600000000000,0.000000
511,486,0,50000000000,0.000000
511,486,50000000000,100000000000,0.000007
511,486,100000000000,150000000000,0.000000
511,486,150000000000,200000000000,0.002106
511,486,200000000000,250000000000,0.002091
511,486,250000000000,350000000000,0.000000
511,486,350000000000,400000000000,0.000086
511,486,400000000000,450000000000,0.048071
511,486,450000000000,500000000000,0.000007
511,486,500000000000,600000000000,0.000000
487,488,0,600000000000,0.000000
488,487,0,600000000000,0.000000
487,512,0,100000000000,0.000000
487,512,100000000000,150000000000,0.052166
487,512,150000000000,200000000000,0.048047
487,512,200000000000,250000000000,0.000055
487,512,250000000000,300000000000,0.000000
487,512,300000000000,350000000000,0.000007
487,512,350000000000,400000000000,0.000000
487,512,400000000000,450000000000,0.000007
487,512,450000000000,500000000000,0.000013
487,512,500000000000,600000000000,0.000007
512,487,0,100000000000,0.000000
512,487,100000000000,150000000000,0.173233
512,487,150000000000,250000000000,0.000007
512,487,250000000000,300000000000,0.039918
512,487,300000000000,350000000000,0.008154
512,487,350000000000,400000000000,0.000000
512,487,400000000000,450000000000,0.000007
512,487,450000000000,500000000000,0.000013
512,487,500000000000,600000000000,0.000007
488,489,0,600000000000,0.000000
489,488,0,600000000000,0.000000
488,513,0,50000000000,0.086575
488,513,50000000000,100000000000,0.000007
488,513,100000000000,150000000000,0.002100
488,513,150000000000,200000000000,0.000007
488,513,200000000000,250000000000,0.008009
488,513,250000000000,400000000000,0.000007
488,513,400000000000,600000000000,0.000000
513,488,0,50000000000,0.002134
513,488,50000000000,100000000000,0.000007
513,488,100000000000,150000000000,0.086284
513,488,150000000000,400000000000,0.000007
513,488,400000000000,600000000000,0.000000
489,490,0,600000000000,0.000000
490,489,0,600000000000,0.000000
489,514,0,150000000000,0.000007
489,514,150000000000,600000000000,0.000000
514,489,0,150000000000,0.000007
514,489,150000000000,600000000000,0.000000
490,491,0,600000000000,0.000000
491,490,0,600000000000,0.000000
490,515,0,600000000000,0.000000
515,490,0,200000000000,0.000000
515,490,200000000000,250000000000,0.000024
515,490,250000000000,600000000000,0.000000
491,492,0,600000000000,0.000000
492,491,0,600000000000,0.000000
491,516,0,50000000000,0.000007
491,516,50000000000,600000000000,0.000000
516,491,0,50000000000,0.000007
516,491,50000000000,600000000000,0.000000
492,493,0,600000000000,0.000000
493,492,0,600000000000,0.000000
492,517,0,550000000000,0.000000
492,517,550000000000,600000000000,0.000007
517,492,0,550000000000,0.000000
517,492,550000000000,600000000000,0.000007
493,494,0,600000000000,0.000000
494,493,0,600000000000,0.000000
493,518,0,250000000000,0.000000
493,518,250000000000,300000000000,0.000007
493,518,300000000000,350000000000,0.000000
493,518,350000000000,400000000000,0.000007
493,518,400000000000,600000000000,0.000000
518,493,0,250000000000,0.000000
518,493,250000000000,300000000000,0.000007
518,493,300000000000,350000000000,0.000000
518,493,350000000000,400000000000,0.000007
518,493,400000000000,600000000000,0.000000
494,495,0,600000000000,0.000000
495,494,0,600000000000,0.000000
494,519,0,50000000000,0.000007
494,519,50000000000,200000000000,0.000000
494,519,200000000000,250000000000,0.176844
494,519,250000000000,600000000000,0.000000
519,494,0,50000000000,0.046653
519,494,50000000000,200000000000,0.000000
519,494,200000000000,250000000000,0.091242
519,494,250000000000,600000000000,0.000000
495,496,0,600000000000,0.000000
496,495,0,600000000000,0.000000
495,520,0,600000000000,0.000000
520,495,0,600000000000,0.000000
496,497,0,600000000000,0.000000
497,496,0,600000000000,0.000000
496,521,0,350000000000,0.000000
496,521,350000000000,400000000000,0.000013
496,521,400000000000,500000000000,0.000007
496,521,500000000000,550000000000,0.000013
496,521,550000000000,600000000000,0.000000
521,496,0,350000000000,0.000000
521,496,350000000000,400000000000,0.000013
521,496,400000000000,500000000000,0.000007
521,496,500000000000,550000000000,0.000013
521,496,550000000000,600000000000,0.000000
497,498,0,600000000000,0.000000
498,497,0,600000000000,0.000000
497,522,0,150000000000,0.000000
497,522,150000000000,200000000000,0.086015
497,522,200000000000,250000000000,0.000007
497,522,250000000000,300000000000,0.000016
497,522,300000000000,600000000000,0.000000
522,497,0,150000000000,0.000000
522,497,150000000000,200000000000,0.002049
522,497,200000000000,250000000000,0.000007
522,497,250000000000,300000000000,0.000013
522,497,300000000000,600000000000,0.000000
498,499,0,600000000000,0.000000
499,498,0,600000000000,0.000000
498,523,0,50000000000,0.002458
498,523,50000000000,100000000000,0.000007
498,523,100000000000,150000000000,0.000020
498,523,150000000000,600000000000,0.000000
523,498,0,50000000000,0.088493
523,498,50000000000,100000000000,0.000007
523,498,100000000000,150000000000,0.000020
523,498,150000000000,600000000000,0.000000
475,499,0,600000000000,0.000000
499,475,0,600000000000,0.000000
499,524,0,350000000000,0.000000
499,524,350000000000,400000000000,0.000007
499,524,400000000000,600000000000,0.000000
524,499,0,350000000000,0.000000
524,499,350000000000,400000000000,0.000007
524,499,400000000000,600000000000,0.000000
500,501,0,150000000000,0.000000
500,501,150000000000,200000000000,0.086002
500,501,200000000000,250000000000,0.000007
500,501,250000000000,600000000000,0.000000
501,500,0,150000000000,0.000000
501,500,150000000000,200000000000,0.002035
501,500,200000000000,250000000000,0.000007
501,500,250000000000,600000000000,0.000000
500,525,0,100000000000,0.000000
500,525,100000000000,150000000000,0.000007
500,525,150000000000,200000000000,0.000000
500,525,200000000000,250000000000,0.086880
500,525,250000000000,600000000000,0.000000
525,500,0,100000000000,0.000000
525,500,100000000000,150000000000,0.000007
525,500,150000000000,200000000000,0.000000
525,500,200000000000,250000000000,0.002191
525,500,250000000000,600000000000,0.000000
501,502,0,150000000000,0.000000
501,502,150000000000,200000000000,0.041339
501,502,200000000000,250000000000,0.047308
501,502,250000000000,600000000000,0.000000
502,501,0,150000000000,0.000000
502,501,150000000000,200000000000,0.001225
502,501,200000000000,250000000000,0.000928
502,501,250000000000,600000000000,0.000000
501,526,0,600000000000,0.000000
526,501,0,600000000000,0.000000
502,503,0,150000000000,0.000000
502,503,150000000000,200000000000,0.041278
502,503,200000000000,250000000000,0.047369
502,503,250000000000,600000000000,0.000000
503,502,0,150000000000,0.000000
503,502,150000000000,200000000000,0.001226
503,502,200000000000,250000000000,0.000927
503,502,250000000000,600000000000,0.000000
502,527,0,600000000000,0.000000
527,502,0,600000000000,0.000000
503,504,0,150000000000,0.000000
503,504,150000000000,200000000000,0.041199
503,504,200000000000,250000000000,0.047448
503,504,250000000000,600000000000,0.000000
504,503,0,150000000000,0.000000
504,503,150000000000,200000000000,0.001227
504,503,200000000000,250000000000,0.000925
504,503,250000000000,600000000000,0.000000
503,528,0,600000000000,0.000000
528,503,0,600000000000,0.000000
504,505,0,150000000000,0.000000
504,505,150000000000,200000000000,0.041140
504,505,200000000000,250000000000,0.047507
504,505,250000000000,600000000000,0.000000
505,504,0,150000000000,0.000000
505,504,150000000000,200000000000,0.001228
505,504,200000000000,250000000000,0.000924
505,504,250000000000,600000000000,0.000000
504,529,0,350000000000,0.000000
504,529,350000000000,400000000000,0.000024
504,529,400000000000,500000000000,0.000000
504,529,500000000000,600000000000,0.000007
529,504,0,500000000000,0.000000
529,504,500000000000,600000000000,0.000007
505,506,0,150000000000,0.000000
505,506,150000000000,200000000000,0.041079
505,506,200000000000,250000000000,0.047568
505,506,250000000000,600000000000,0.000000
506,505,0,150000000000,0.000000
506,505,150000000000,200000000000,0.001229
506,505,200000000000,250000000000,0.000923
506,505,250000000000,600000000000,0.000000
505,530,0,250000000000,0.000000
505,530,250000000000,350000000000,0.000007
505,530,350000000000,450000000000,0.000000
505,530,450000000000,500000000000,0.000024
505,530,500000000000,550000000000,0.000000
505,530,550000000000,600000000000,0.000013
530,505,0,250000000000,0.000000
530,505,250000000000,350000000000,0.000007
530,505,350000000000,550000000000,0.000000
530,505,550000000000,600000000000,0.000013
506,507,0,150000000000,0.000000
506,507,150000000000,200000000000,0.041003
506,507,200000000000,250000000000,0.047644
506,507,250000000000,600000000000,0.000000
507,506,0,150000000000,0.000000
507,506,150000000000,200000000000,0.001230
507,506,200000000000,250000000000,0.000923
507,506,250000000000,600000000000,0.000000
506,531,0,100000000000,0.000007
506,531,100000000000,350000000000,0.000000
506,531,350000000000,400000000000,0.000007
506,531,400000000000,450000000000,0.000013
506,531,450000000000,500000000000,0.000007
506,531,500000000000,550000000000,0.000013
506,531,550000000000,600000000000,0.000000
531,506,0,100000000000,0.000007
531,506,100000000000,350000000000,0.000000
531,506,350000000000,400000000000,0.000007
531,506,400000000000,450000000000,0.000013
531,506,450000000000,500000000000,0.000007
531,506,500000000000,550000000000,0.000013
531,506,550000000000,600000000000,0.000000
507,508,0,150000000000,0.000000
507,508,150000000000,200000000000,0.040925
507,508,200000000000,250000000000,0.047715
507,508,250000000000,600000000000,0.000000
508,507,0,150000000000,0.000000
508,507,150000000000,200000000000,0.001232
508,507,200000000000,250000000000,0.000914
508,507,250000000000,600000000000,0.000000
507,532,0,50000000000,0.085818
507,532,50000000000,100000000000,0.000000
507,532,100000000000,250000000000,0.000007
507,532,250000000000,300000000000,0.054148
507,532,300000000000,350000000000,0.000604
507,532,350000000000,400000000000,0.000007
507,532,400000000000,500000000000,0.000000
507,532,500000000000,600000000000,0.000007
532,507,0,50000000000,0.002011
532,507,50000000000,100000000000,0.000000
532,507,100000000000,150000000000,0.000007
532,507,150000000000,200000000000,0.048071
532,507,200000000000,250000000000,0.000007
532,507,250000000000,300000000000,0.229673
532,507,300000000000,350000000000,0.029460
532,507,350000000000,400000000000,0.000007
532,507,400000000000,500000000000,0.000000
532,507,500000000000,600000000000,0.000007
508,509,0,150000000000,0.000000
508,509,150000000000,200000000000,0.040865
508,509,200000000000,250000000000,0.047775
508,509,250000000000,500000000000,0.000000
508,509,500000000000,550000000000,0.000007
508,509,550000000000,600000000000,0.000000
509,508,0,150000000000,0.000000
509,508,150000000000,200000000000,0.001232
509,508,200000000000,250000000000,0.000913
509,508,250000000000,500000000000,0.000000
509,508,500000000000,550000000000,0.000007
509,508,550000000000,600000000000,0.000000
508,533,0,100000000000,0.000013
508,533,100000000000,150000000000,0.000007
508,533,150000000000,250000000000,0.000000
508,533,250000000000,400000000000,0.000007
508,533,400000000000,450000000000,0.000000
508,533,450000000000,500000000000,0.039858
508,533,500000000000,550000000000,0.008246
508,533,550000000000,600000000000,0.000020
533,508,0,100000000000,0.000013
533,508,100000000000,150000000000,0.000007
533,508,150000000000,250000000000,0.000000
533,508,250000000000,400000000000,0.000007
533,508,400000000000,450000000000,0.000000
533,508,450000000000,500000000000,0.000013
533,508,500000000000,550000000000,0.000027
533,508,550000000000,600000000000,0.000020
509,510,0,150000000000,0.000000
509,510,150000000000,200000000000,0.040787
509,510,200000000000,250000000000,0.047854
509,510,250000000000,300000000000,0.000007
509,510,300000000000,350000000000,0.000000
509,510,350000000000,450000000000,0.000007
509,510,450000000000,500000000000,0.000000
509,510,500000000000,550000000000,0.000007
509,510,550000000000,600000000000,0.000000
510,509,0,150000000000,0.000000
510,509,150000000000,200000000000,0.001232
510,509,200000000000,250000000000,0.000913
510,509,250000000000,300000000000,0.000078
510,509,300000000000,350000000000,0.000000
510,509,350000000000,450000000000,0.000007
510,509,450000000000,500000000000,0.000000
510,509,500000000000,550000000000,0.000007
510,509,550000000000,600000000000,0.000000
509,534,0,50000000000,0.000000
509,534,50000000000,150000000000,0.000007
509,534,150000000000,250000000000,0.000000
509,534,250000000000,300000000000,0.000397
509,534,300000000000,350000000000,0.000027
509,534,350000000000,400000000000,0.000034
509,534,400000000000,450000000000,0.000027
509,534,450000000000,550000000000,0.000000
509,534,550000000000,600000000000,0.000007
534,509,0,50000000000,0.000000
534,509,50000000000,150000000000,0.000007
534,509,150000000000,250000000000,0.000000
534,509,250000000000,300000000000,0.048091
534,509,300000000000,350000000000,0.000027
534,509,350000000000,400000000000,0.000154
534,509,400000000000,450000000000,0.000027
534,509,450000000000,550000000000,0.000000
534,509,550000000000,600000000000,0.000007
510,511,0,100000000000,0.000000
510,511,100000000000,150000000000,0.000007
510,511,150000000000,200000000000,0.086789
510,511,200000000000,250000000000,0.000000
510,511,250000000000,300000000000,0.000007
510,511,300000000000,350000000000,0.000000
510,511,350000000000,450000000000,0.000007
510,511,450000000000,500000000000,0.000000
510,511,500000000000,550000000000,0.000007
510,511,550000000000,600000000000,0.000000
511,510,0,100000000000,0.000000
511,510,100000000000,150000000000,0.000007
511,510,150000000000,200000000000,0.002350
511,510,200000000000,250000000000,0.000000
511,510,250000000000,300000000000,0.000053
511,510,300000000000,350000000000,0.000000
511,510,350000000000,450000000000,0.000007
511,510,450000000000,500000000000,0.000000
511,510,500000000000,550000000000,0.000007
511,510,550000000000,600000000000,0.000000
510,535,0,50000000000,0.002341
510,535,50000000000,100000000000,0.000034
510,535,100000000000,150000000000,0.002192
510,535,150000000000,200000000000,0.043105
510,535,200000000000,250000000000,0.262525
510,535,250000000000,300000000000,0.000000
510,535,300000000000,350000000000,0.000007
510,535,350000000000,550000000000,0.000000
510,535,550000000000,600000000000,0.000007
535,510,0,50000000000,0.087602
535,510,50000000000,100000000000,0.000034
535,510,100000000000,150000000000,0.083964
535,510,150000000000,200000000000,0.088048
535,510,200000000000,250000000000,0.005664
535,510,250000000000,300000000000,0.000000
535,510,300000000000,350000000000,0.000007
535,510,350000000000,400000000000,0.000024
535,510,400000000000,550000000000,0.000000
535,510,550000000000,600000000000,0.000007
511,512,0,100000000000,0.000000
511,512,100000000000,150000000000,0.000007
511,512,150000000000,200000000000,0.086789
511,512,200000000000,250000000000,0.000000
511,512,250000000000,300000000000,0.000007
511,512,300000000000,350000000000,0.000000
511,512,350000000000,450000000000,0.000013
511,512,450000000000,550000000000,0.000007
511,512,550000000000,600000000000,0.000000
512,511,0,100000000000,0.000000
512,511,100000000000,150000000000,0.000007
512,511,150000000000,200000000000,0.002350
512,511,200000000000,250000000000,0.000000
512,511,250000000000,300000000000,0.000007
512,511,300000000000,350000000000,0.000000
512,511,350000000000,450000000000,0.000013
512,511,450000000000,550000000000,0.000007
512,511,550000000000,600000000000,0.000000
511,536,0,50000000000,0.000000
511,536,50000000000,100000000000,0.000007
511,536,100000000000,150000000000,0.000000
511,536,150000000000,200000000000,0.086392
511,536,200000000000,250000000000,0.077930
511,536,250000000000,300000000000,0.000013
511,536,300000000000,350000000000,0.000000
511,536,350000000000,400000000000,0.000020
511,536,400000000000,500000000000,0.000013
511,536,500000000000,600000000000,0.000000
536,511,0,50000000000,0.000000
536,511,50000000000,100000000000,0.000007
536,511,100000000000,150000000000,0.000000
536,511,150000000000,200000000000,0.002106
536,511,200000000000,250000000000,0.002092
536,511,250000000000,350000000000,0.000000
536,511,350000000000,400000000000,0.000092
536,511,400000000000,450000000000,0.048077
536,511,450000000000,500000000000,0.000013
536,511,500000000000,600000000000,0.000000
512,513,0,100000000000,0.000000
512,513,100000000000,150000000000,0.000007
512,513,150000000000,200000000000,0.174678
512,513,200000000000,300000000000,0.000007
512,513,300000000000,350000000000,0.000000
512,513,350000000000,450000000000,0.000013
512,513,450000000000,550000000000,0.000007
512,513,550000000000,600000000000,0.000000
513,512,0,100000000000,0.000000
513,512,100000000000,150000000000,0.000007
513,512,150000000000,200000000000,0.004720
513,512,200000000000,300000000000,0.000007
513,512,300000000000,350000000000,0.000000
513,512,350000000000,450000000000,0.000013
513,512,450000000000,550000000000,0.000007
513,512,550000000000,600000000000,0.000000
512,537,0,100000000000,0.000000
512,537,100000000000,150000000000,0.052166
512,537,150000000000,200000000000,0.050416
512,537,200000000000,250000000000,0.000062
512,537,250000000000,300000000000,0.000000
512,537,300000000000,350000000000,0.000007
512,537,350000000000,400000000000,0.000000
512,537,400000000000,450000000000,0.000007
512,537,450000000000,500000000000,0.000013
512,537,500000000000,600000000000,0.000007
537,512,0,100000000000,0.000000
537,512,100000000000,150000000000,0.173233
537,512,150000000000,200000000000,0.090512
537,512,200000000000,250000000000,0.000013
537,512,250000000000,300000000000,0.039942
537,512,300000000000,350000000000,0.008130
537,512,350000000000,400000000000,0.000000
537,512,400000000000,450000000000,0.000007
537,512,450000000000,500000000000,0.000013
537,512,500000000000,600000000000,0.000007
513,514,0,50000000000,0.000007
513,514,50000000000,100000000000,0.000000
513,514,100000000000,150000000000,0.002100
513,514,150000000000,200000000000,0.261345
513,514,200000000000,300000000000,0.000007
513,514,300000000000,350000000000,0.000000
513,514,350000000000,450000000000,0.000013
513,514,450000000000,550000000000,0.000007
513,514,550000000000,600000000000,0.000000
514,513,0,50000000000,0.000007
514,513,50000000000,100000000000,0.000000
514,513,100000000000,150000000000,0.086284
514,513,150000000000,200000000000,0.006872
514,513,200000000000,300000000000,0.000007
514,513,300000000000,350000000000,0.000000
514,513,350000000000,450000000000,0.000013
514,513,450000000000,550000000000,0.000007
514,513,550000000000,600000000000,0.000000
513,538,0,50000000000,0.086582
513,538,50000000000,150000000000,0.000007
513,538,150000000000,200000000000,0.002158
513,538,200000000000,250000000000,0.008009
513,538,250000000000,400000000000,0.000007
513,538,400000000000,600000000000,0.000000
538,513,0,50000000000,0.002141
538,513,50000000000,150000000000,0.000007
538,513,150000000000,200000000000,0.086674
538,513,200000000000,400000000000,0.000007
538,513,400000000000,600000000000,0.000000
514,515,0,50000000000,0.000007
514,515,50000000000,100000000000,0.000000
514,515,100000000000,150000000000,0.002100
514,515,150000000000,200000000000,0.261345
514,515,200000000000,300000000000,0.000007
514,515,300000000000,350000000000,0.000000
514,515,350000000000,450000000000,0.000013
514,515,450000000000,550000000000,0.000007
514,515,550000000000,600000000000,0.000000
515,514,0,50000000000,0.000007
515,514,50000000000,100000000000,0.000000
515,514,100000000000,150000000000,0.086284
515,514,150000000000,200000000000,0.006872
515,514,200000000000,300000000000,0.000007
515,514,300000000000,350000000000,0.000000
515,514,350000000000,450000000000,0.000013
515,514,450000000000,550000000000,0.000007
515,514,550000000000,600000000000,0.000000
514,539,0,150000000000,0.000007
514,539,150000000000,600000000000,0.000000
539,514,0,150000000000,0.000007
539,514,150000000000,600000000000,0.000000
515,516,0,50000000000,0.000007
515,516,50000000000,100000000000,0.000000
515,516,100000000000,150000000000,0.000007
515,516,150000000000,200000000000,0.000013
515,516,200000000000,250000000000,0.086720
515,516,250000000000,300000000000,0.000007
515,516,300000000000,350000000000,0.000000
515,516,350000000000,450000000000,0.000013
515,516,450000000000,550000000000,0.000007
515,516,550000000000,600000000000,0.000000
516,515,0,50000000000,0.000007
516,515,50000000000,100000000000,0.000000
516,515,100000000000,150000000000,0.000007
516,515,150000000000,200000000000,0.000013
516,515,200000000000,250000000000,0.002163
516,515,250000000000,300000000000,0.000007
516,515,300000000000,350000000000,0.000000
516,515,350000000000,450000000000,0.000013
516,515,450000000000,550000000000,0.000007
516,515,550000000000,600000000000,0.000000
515,540,0,600000000000,0.000000
540,515,0,200000000000,0.000000
540,515,200000000000,250000000000,0.000024
540,515,250000000000,600000000000,0.000000
516,517,0,50000000000,0.000007
516,517,50000000000,100000000000,0.000000
516,517,100000000000,150000000000,0.000007
516,517,150000000000,200000000000,0.000013
516,517,200000000000,250000000000,0.086720
516,517,250000000000,300000000000,0.000007
516,517,300000000000,350000000000,0.000000
516,517,350000000000,450000000000,0.000013
516,517,450000000000,550000000000,0.000007
516,517,550000000000,600000000000,0.000000
517,516,0,50000000000,0.000007
517,516,50000000000,100000000000,0.000000
517,516,100000000000,150000000000,0.000007
517,516,150000000000,200000000000,0.000013
517,516,200000000000,250000000000,0.002163
517,516,250000000000,300000000000,0.000007
517,516,300000000000,350000000000,0.000000
517,516,350000000000,450000000000,0.000013
517,516,450000000000,550000000000,0.000007
517,516,550000000000,600000000000,0.000000
516,541,0,50000000000,0.000007
516,541,50000000000,600000000000,0.000000
541,516,0,50000000000,0.000007
541,516,50000000000,600000000000,0.000000
517,518,0,50000000000,0.000007
517,518,50000000000,100000000000,0.000000
517,518,100000000000,150000000000,0.000007
517,518,150000000000,200000000000,0.000013
517,518,200000000000,250000000000,0.086720
517,518,250000000000,300000000000,0.000007
517,518,300000000000,350000000000,0.000000
517,518,350000000000,450000000000,0.000013
517,518,450000000000,550000000000,0.000007
517,518,550000000000,600000000000,0.000000
518,517,0,50000000000,0.000007
518,517,50000000000,100000000000,0.000000
518,517,100000000000,150000000000,0.000007
518,517,150000000000,200000000000,0.000013
518,517,200000000000,250000000000,0.002163
518,517,250000000000,300000000000,0.000007
518,517,300000000000,350000000000,0.000000
518,517,350000000000,450000000000,0.000013
518,517,450000000000,550000000000,0.000007
518,517,550000000000,600000000000,0.000000
517,542,0,550000000000,0.000000
517,542,550000000000,600000000000,0.000007
542,517,0,550000000000,0.000000
542,517,550000000000,600000000000,0.000007
518,519,0,50000000000,0.000007
518,519,50000000000,100000000000,0.000000
518,519,100000000000,150000000000,0.000007
518,519,150000000000,200000000000,0.000013
518,519,200000000000,250000000000,0.086720
518,519,250000000000,300000000000,0.000007
518,519,300000000000,350000000000,0.000000
518,519,350000000000,400000000000,0.000007
518,519,400000000000,500000000000,0.000000
518,519,500000000000,550000000000,0.000007
518,519,550000000000,600000000000,0.000000
519,518,0,50000000000,0.000007
519,518,50000000000,100000000000,0.000000
519,518,100000000000,150000000000,0.000007
519,518,150000000000,200000000000,0.000013
519,518,200000000000,250000000000,0.002163
519,518,250000000000,300000000000,0.000007
519,518,300000000000,350000000000,0.000000
519,518,350000000000,400000000000,0.000007
519,518,400000000000,500000000000,0.000000
519,518,500000000000,550000000000,0.000007
519,518,550000000000,600000000000,0.000000
518,543,0,250000000000,0.000000
518,543,250000000000,300000000000,0.000007
518,543,300000000000,350000000000,0.000000
518,543,350000000000,450000000000,0.000013
518,543,450000000000,500000000000,0.000007
518,543,500000000000,600000000000,0.000000
543,518,0,250000000000,0.000000
543,518,250000000000,300000000000,0.000007
543,518,300000000000,350000000000,0.000000
543,518,350000000000,450000000000,0.000013
543,518,450000000000,500000000000,0.000007
543,518,500000000000,600000000000,0.000000
519,520,0,50000000000,0.000007
519,520,50000000000,100000000000,0.000000
519,520,100000000000,200000000000,0.000007
519,520,200000000000,250000000000,0.000000
519,520,250000000000,300000000000,0.000007
519,520,300000000000,350000000000,0.000000
519,520,350000000000,400000000000,0.000007
519,520,400000000000,500000000000,0.000000
519,520,500000000000,550000000000,0.000007
519,520,550000000000,600000000000,0.000000
520,519,0,50000000000,0.000007
520,519,50000000000,100000000000,0.000000
520,519,100000000000,200000000000,0.000007
520,519,200000000000,250000000000,0.000000
520,519,250000000000,300000000000,0.000007
520,519,300000000000,350000000000,0.000000
520,519,350000000000,400000000000,0.000007
520,519,400000000000,500000000000,0.000000
520,519,500000000000,550000000000,0.000007
520,519,550000000000,600000000000,0.000000
519,544,0,50000000000,0.000007
519,544,50000000000,150000000000,0.000000
519,544,150000000000,200000000000,0.000007
519,544,200000000000,250000000000,0.174695
519,544,250000000000,600000000000,0.000000
544,519,0,50000000000,0.046653
544,519,50000000000,150000000000,0.000000
544,519,150000000000,200000000000,0.000007
544,519,200000000000,250000000000,0.004536
544,519,250000000000,600000000000,0.000000
520,521,0,50000000000,0.000007
520,521,50000000000,100000000000,0.000000
520,521,100000000000,200000000000,0.000007
520,521,200000000000,250000000000,0.000000
520,521,250000000000,300000000000,0.000007
520,521,300000000000,350000000000,0.000000
520,521,350000000000,400000000000,0.000007
520,521,400000000000,500000000000,0.000000
520,521,500000000000,550000000000,0.000007
520,521,550000000000,600000000000,0.000000
521,520,0,50000000000,0.000007
521,520,50000000000,100000000000,0.000000
521,520,100000000000,200000000000,0.000007
521,520,200000000000,250000000000,0.000000
521,520,250000000000,300000000000,0.000007
521,520,300000000000,350000000000,0.000000
521,520,350000000000,400000000000,0.000007
521,520,400000000000,500000000000,0.000000
521,520,500000000000,550000000000,0.000007
521,520,550000000000,600000000000,0.000000
520,545,0,600000000000,0.000000
545,520,0,600000000000,0.000000
521,522,0,50000000000,0.000007
521,522,50000000000,100000000000,0.000000
521,522,100000000000,200000000000,0.000007
521,522,200000000000,250000000000,0.000000
521,522,250000000000,300000000000,0.000007
521,522,300000000000,600000000000,0.000000
522,521,0,50000000000,0.000007
522,521,50000000000,100000000000,0.000000
522,521,100000000000,200000000000,0.000007
522,521,200000000000,250000000000,0.000000
522,521,250000000000,300000000000,0.000007
522,521,300000000000,600000000000,0.000000
521,546,0,350000000000,0.000000
521,546,350000000000,550000000000,0.000007
521,546,550000000000,600000000000,0.000000
546,521,0,350000000000,0.000000
546,521,350000000000,550000000000,0.000007
546,521,550000000000,600000000000,0.000000
522,523,0,50000000000,0.000007
522,523,50000000000,100000000000,0.000000
522,523,100000000000,150000000000,0.000007
522,523,150000000000,200000000000,0.086008
522,523,200000000000,600000000000,0.000000
523,522,0,50000000000,0.000007
523,522,50000000000,100000000000,0.000000
523,522,100000000000,150000000000,0.000007
523,522,150000000000,200000000000,0.002042
523,522,200000000000,600000000000,0.000000
522,547,0,200000000000,0.000000
522,547,200000000000,250000000000,0.000007
522,547,250000000000,300000000000,0.000009
522,547,300000000000,600000000000,0.000000
547,522,0,200000000000,0.000000
547,522,200000000000,300000000000,0.000007
547,522,300000000000,600000000000,0.000000
523,524,0,150000000000,0.000000
523,524,150000000000,200000000000,0.086008
523,524,200000000000,600000000000,0.000000
524,523,0,150000000000,0.000000
524,523,150000000000,200000000000,0.002042
524,523,200000000000,600000000000,0.000000
523,548,0,50000000000,0.002451
523,548,50000000000,100000000000,0.000007
523,548,100000000000,150000000000,0.000013
523,548,150000000000,600000000000,0.000000
548,523,0,50000000000,0.088486
548,523,50000000000,100000000000,0.000007
548,523,100000000000,150000000000,0.000013
548,523,150000000000,600000000000,0.000000
500,524,0,150000000000,0.000000
500,524,150000000000,200000000000,0.002042
500,524,200000000000,600000000000,0.000000
524,500,0,150000000000,0.000000
524,500,150000000000,200000000000,0.086008
524,500,200000000000,600000000000,0.000000
524,549,0,350000000000,0.000000
524,549,350000000000,400000000000,0.000007
524,549,400000000000,600000000000,0.000000
549,524,0,350000000000,0.000000
549,524,350000000000,400000000000,0.000007
549,524,400000000000,600000000000,0.000000
525,526,0,400000000000,0.000000
525,526,400000000000,450000000000,0.000007
525,526,450000000000,600000000000,0.000000
526,525,0,400000000000,0.000000
526,525,400000000000,450000000000,0.000007
526,525,450000000000,600000000000,0.000000
525,550,0,200000000000,0.000000
525,550,200000000000,250000000000,0.086880
525,550,250000000000,600000000000,0.000000
550,525,0,200000000000,0.000000
550,525,200000000000,250000000000,0.002191
550,525,250000000000,600000000000,0.000000
526,527,0,400000000000,0.000000
526,527,400000000000,450000000000,0.000007
526,527,450000000000,600000000000,0.000000
527,526,0,400000000000,0.000000
527,526,400000000000,450000000000,0.000007
527,526,450000000000,600000000000,0.000000
526,551,0,600000000000,0.000000
551,526,0,600000000000,0.000000
527,528,0,400000000000,0.000000
527,528,400000000000,450000000000,0.000007
527,528,450000000000,600000000000,0.000000
528,527,0,400000000000,0.000000
528,527,400000000000,450000000000,0.000007
528,527,450000000000,600000000000,0.000000
527,552,0,600000000000,0.000000
552,527,0,600000000000,0.000000
528,529,0,400000000000,0.000000
528,529,400000000000,450000000000,0.000007
528,529,450000000000,600000000000,0.000000
529,528,0,400000000000,0.000000
529,528,400000000000,450000000000,0.000007
529,528,450000000000,600000000000,0.000000
528,553,0,600000000000,0.000000
553,528,0,600000000000,0.000000
529,530,0,400000000000,0.000000
529,530,400000000000,450000000000,0.000007
529,530,450000000000,600000000000,0.000000
530,529,0,400000000000,0.000000
530,529,400000000000,450000000000,0.000007
530,529,450000000000,500000000000,0.048064
530,529,500000000000,600000000000,0.000000
529,554,0,350000000000,0.000000
529,554,350000000000,400000000000,0.000024
529,554,400000000000,500000000000,0.000000
529,554,500000000000,600000000000,0.000007
554,529,0,500000000000,0.000000
554,529,500000000000,600000000000,0.000007
530,531,0,400000000000,0.000000
530,531,400000000000,450000000000,0.000007
530,531,450000000000,600000000000,0.000000
531,530,0,400000000000,0.000000
531,530,400000000000,450000000000,0.000007
531,530,450000000000,500000000000,0.048040
531,530,500000000000,600000000000,0.000000
530,555,0,250000000000,0.000000
530,555,250000000000,350000000000,0.000007
530,555,350000000000,550000000000,0.000000
530,555,550000000000,600000000000,0.000013
555,530,0,250000000000,0.000000
555,530,250000000000,350000000000,0.000007
555,530,350000000000,550000000000,0.000000
555,530,550000000000,600000000000,0.000013
531,532,0,50000000000,0.000000
531,532,50000000000,100000000000,0.040037
531,532,100000000000,150000000000,0.000024
531,532,150000000000,600000000000,0.000000
532,531,0,450000000000,0.000000
532,531,450000000000,500000000000,0.048040
532,531,500000000000,600000000000,0.000000
531,556,0,100000000000,0.000007
531,556,100000000000,350000000000,0.000000
531,556,350000000000,500000000000,0.000007
531,556,500000000000,550000000000,0.000013
531,556,550000000000,600000000000,0.000000
556,531,0,100000000000,0.000007
556,531,100000000000,350000000000,0.000000
556,531,350000000000,500000000000,0.000007
556,531,500000000000,550000000000,0.000013
556,531,550000000000,600000000000,0.000000
532,533,0,50000000000,0.000000
532,533,50000000000,100000000000,0.040013
532,533,100000000000,150000000000,0.000048
532,533,150000000000,350000000000,0.000000
532,533,350000000000,400000000000,0.000007
532,533,400000000000,450000000000,0.000013
532,533,450000000000,600000000000,0.000000
533,532,0,350000000000,0.000000
533,532,350000000000,400000000000,0.000007
533,532,400000000000,450000000000,0.000013
533,532,450000000000,500000000000,0.048040
533,532,500000000000,600000000000,0.000000
532,557,0,50000000000,0.085818
532,557,50000000000,100000000000,0.000000
532,557,100000000000,250000000000,0.000007
532,557,250000000000,300000000000,0.054147
532,557,300000000000,350000000000,0.000605
532,557,350000000000,500000000000,0.000000
532,557,500000000000,600000000000,0.000007
557,532,0,50000000000,0.002011
557,532,50000000000,100000000000,0.000000
557,532,100000000000,150000000000,0.000007
557,532,150000000000,200000000000,0.048071
557,532,200000000000,250000000000,0.000007
557,532,250000000000,300000000000,0.229778
557,532,300000000000,350000000000,0.029355
557,532,350000000000,500000000000,0.000000
557,532,500000000000,600000000000,0.000007
533,534,0,50000000000,0.000000
533,534,50000000000,100000000000,0.039989
533,534,100000000000,150000000000,0.000079
533,534,150000000000,200000000000,0.000013
533,534,200000000000,350000000000,0.000000
533,534,350000000000,400000000000,0.000007
533,534,400000000000,500000000000,0.000013
533,534,500000000000,550000000000,0.000020
533,534,550000000000,600000000000,0.000000
534,533,0,100000000000,0.000000
534,533,100000000000,150000000000,0.000007
534,533,150000000000,200000000000,0.000013
534,533,200000000000,350000000000,0.000000
534,533,350000000000,400000000000,0.000007
534,533,400000000000,500000000000,0.000013
534,533,500000000000,550000000000,0.000020
534,533,550000000000,600000000000,0.000000
533,558,0,100000000000,0.000013
533,558,100000000000,250000000000,0.000000
533,558,250000000000,400000000000,0.000007
533,558,400000000000,450000000000,0.000000
533,558,450000000000,500000000000,0.039834
533,558,500000000000,550000000000,0.008277
533,558,550000000000,600000000000,0.000020
558,533,0,100000000000,0.000013
558,533,100000000000,250000000000,0.000000
558,533,250000000000,400000000000,0.000007
558,533,400000000000,450000000000,0.000000
558,533,450000000000,500000000000,0.048053
558,533,500000000000,550000000000,0.000034
558,533,550000000000,600000000000,0.000020
534,535,0,50000000000,0.000000
534,535,50000000000,100000000000,0.039965
534,535,100000000000,150000000000,0.000103
534,535,150000000000,200000000000,0.000013
534,535,200000000000,250000000000,0.000000
534,535,250000000000,300000000000,0.000020
534,535,300000000000,400000000000,0.000000
534,535,400000000000,450000000000,0.008184
534,535,450000000000,550000000000,0.000020
534,535,550000000000,600000000000,0.000007
535,534,0,100000000000,0.000000
535,534,100000000000,150000000000,0.000007
535,534,150000000000,200000000000,0.000013
535,534,200000000000,250000000000,0.000000
535,534,250000000000,300000000000,0.048131
535,534,300000000000,400000000000,0.000000
535,534,400000000000,450000000000,0.000013
535,534,450000000000,550000000000,0.000020
535,534,550000000000,600000000000,0.000007
534,559,0,50000000000,0.000000
534,559,50000000000,150000000000,0.000007
534,559,150000000000,250000000000,0.000000
534,559,250000000000,300000000000,0.000451
534,559,300000000000,400000000000,0.000027
534,559,400000000000,450000000000,0.000040
534,559,450000000000,500000000000,0.000007
534,559,500000000000,550000000000,0.000000
534,559,550000000000,600000000000,0.000013
559,534,0,50000000000,0.000000
559,534,50000000000,150000000000,0.000007
559,534,150000000000,250000000000,0.000000
559,534,250000000000,300000000000,0.000034
559,534,300000000000,350000000000,0.000027
559,534,350000000000,400000000000,0.000147
559,534,400000000000,450000000000,0.008211
559,534,450000000000,500000000000,0.000007
559,534,500000000000,550000000000,0.000000
559,534,550000000000,600000000000,0.000013
535,536,0,50000000000,0.000013
535,536,50000000000,150000000000,0.000000
535,536,150000000000,250000000000,0.000013
535,536,250000000000,300000000000,0.000020
535,536,300000000000,400000000000,0.000000
535,536,400000000000,450000000000,0.008184
535,536,450000000000,550000000000,0.000020
535,536,550000000000,600000000000,0.000007
536,535,0,50000000000,0.000013
536,535,50000000000,150000000000,0.000000
536,535,150000000000,250000000000,0.000013
536,535,250000000000,300000000000,0.048131
536,535,300000000000,400000000000,0.000000
536,535,400000000000,450000000000,0.000013
536,535,450000000000,550000000000,0.000020
536,535,550000000000,600000000000,0.000007
535,560,0,50000000000,0.002341
535,560,50000000000,100000000000,0.039974
535,560,100000000000,150000000000,0.002307
535,560,150000000000,200000000000,0.043072
535,560,200000000000,250000000000,0.262573
535,560,250000000000,300000000000,0.000011
535,560,300000000000,350000000000,0.000007
535,560,350000000000,550000000000,0.000000
535,560,550000000000,600000000000,0.000007
560,535,0,50000000000,0.087602
560,535,50000000000,100000000000,0.000034
560,535,100000000000,150000000000,0.083957
560,535,150000000000,200000000000,0.088061
560,535,200000000000,250000000000,0.005677
560,535,250000000000,300000000000,0.000000
560,535,300000000000,350000000000,0.000007
560,535,350000000000,400000000000,0.000024
560,535,400000000000,550000000000,0.000000
560,535,550000000000,600000000000,0.000007
536,537,0,50000000000,0.000013
536,537,50000000000,150000000000,0.000000
536,537,150000000000,250000000000,0.000013
536,537,250000000000,300000000000,0.000020
536,537,300000000000,400000000000,0.000000
536,537,400000000000,450000000000,0.008191
536,537,450000000000,550000000000,0.000020
536,537,550000000000,600000000000,0.000007
537,536,0,50000000000,0.000013
537,536,50000000000,150000000000,0.000000
537,536,150000000000,250000000000,0.000013
537,536,250000000000,300000000000,0.048084
537,536,300000000000,400000000000,0.000000
537,536,400000000000,550000000000,0.000020
537,536,550000000000,600000000000,0.000007
536,561,0,50000000000,0.000000
536,561,50000000000,100000000000,0.000007
536,561,100000000000,150000000000,0.000000
536,561,150000000000,200000000000,0.086392
536,561,200000000000,250000000000,0.077876
536,561,250000000000,300000000000,0.000021
536,561,300000000000,350000000000,0.000000
536,561,350000000000,450000000000,0.000020
536,561,450000000000,500000000000,0.000013
536,561,500000000000,600000000000,0.000000
561,536,0,50000000000,0.000000
561,536,50000000000,100000000000,0.000007
561,536,100000000000,150000000000,0.000000
561,536,150000000000,200000000000,0.002106
561,536,200000000000,250000000000,0.002093
561,536,250000000000,350000000000,0.000000
561,536,350000000000,400000000000,0.000092
561,536,400000000000,450000000000,0.048084
561,536,450000000000,500000000000,0.000013
561,536,500000000000,600000000000,0.000000
537,538,0,50000000000,0.000013
537,538,50000000000,150000000000,0.000000
537,538,150000000000,300000000000,0.000020
537,538,300000000000,400000000000,0.000000
537,538,400000000000,450000000000,0.008191
537,538,450000000000,500000000000,0.000020
537,538,500000000000,550000000000,0.000027
537,538,550000000000,600000000000,0.000013
538,537,0,50000000000,0.000013
538,537,50000000000,150000000000,0.000000
538,537,150000000000,250000000000,0.000020
538,537,250000000000,300000000000,0.088049
538,537,300000000000,350000000000,0.008099
538,537,350000000000,400000000000,0.000000
538,537,400000000000,500000000000,0.000020
538,537,500000000000,550000000000,0.000027
538,537,550000000000,600000000000,0.000013
537,562,0,100000000000,0.000000
537,562,100000000000,150000000000,0.052166
537,562,150000000000,200000000000,0.050423
537,562,200000000000,250000000000,0.000068
537,562,250000000000,300000000000,0.000000
537,562,300000000000,350000000000,0.000007
537,562,350000000000,400000000000,0.000000
537,562,400000000000,450000000000,0.000007
537,562,450000000000,500000000000,0.000013
537,562,500000000000,600000000000,0.000000
562,537,0,100000000000,0.000000
562,537,100000000000,150000000000,0.173233
562,537,150000000000,200000000000,0.090519
562,537,200000000000,250000000000,0.000020
562,537,250000000000,300000000000,0.000001
562,537,300000000000,350000000000,0.000007
562,537,350000000000,400000000000,0.000000
562,537,400000000000,450000000000,0.000007
562,537,450000000000,500000000000,0.000013
562,537,500000000000,600000000000,0.000000
538,539,0,50000000000,0.000013
538,539,50000000000,150000000000,0.000000
538,539,150000000000,250000000000,0.000020
538,539,250000000000,300000000000,0.000027
538,539,300000000000,400000000000,0.000007
538,539,400000000000,450000000000,0.008191
538,539,450000000000,500000000000,0.000020
538,539,500000000000,550000000000,0.000027
538,539,550000000000,600000000000,0.000013
539,538,0,50000000000,0.000013
539,538,50000000000,150000000000,0.000000
539,538,150000000000,250000000000,0.000020
539,538,250000000000,300000000000,0.088080
539,538,300000000000,350000000000,0.008081
539,538,350000000000,400000000000,0.000007
539,538,400000000000,500000000000,0.000020
539,538,500000000000,550000000000,0.000027
539,538,550000000000,600000000000,0.000013
538,563,0,50000000000,0.086582
538,563,50000000000,150000000000,0.000007
538,563,150000000000,200000000000,0.002158
538,563,200000000000,250000000000,0.008009
538,563,250000000000,600000000000,0.000000
563,538,0,50000000000,0.002141
563,538,50000000000,150000000000,0.000007
563,538,150000000000,200000000000,0.086674
563,538,200000000000,250000000000,0.000007
563,538,250000000000,600000000000,0.000000
539,540,0,50000000000,0.000020
539,540,50000000000,150000000000,0.000007
539,540,150000000000,250000000000,0.000020
539,540,250000000000,300000000000,0.000027
539,540,300000000000,500000000000,0.000007
539,540,500000000000,600000000000,0.000013
540,539,0,50000000000,0.000020
540,539,50000000000,150000000000,0.000007
540,539,150000000000,250000000000,0.000020
540,539,250000000000,300000000000,0.088104
540,539,300000000000,350000000000,0.008057
540,539,350000000000,500000000000,0.000007
540,539,500000000000,600000000000,0.000013
539,564,0,600000000000,0.000000
564,539,0,600000000000,0.000000
540,541,0,50000000000,0.000020
540,541,50000000000,250000000000,0.000007
540,541,250000000000,300000000000,0.000013
540,541,300000000000,500000000000,0.000007
540,541,500000000000,600000000000,0.000013
541,540,0,50000000000,0.000020
541,540,50000000000,250000000000,0.000007
541,540,250000000000,300000000000,0.040068
541,540,300000000000,350000000000,0.008016
541,540,350000000000,500000000000,0.000007
541,540,500000000000,600000000000,0.000013
540,565,0,600000000000,0.000000
565,540,0,200000000000,0.000000
565,540,200000000000,250000000000,0.000024
565,540,250000000000,600000000000,0.000000
541,542,0,50000000000,0.048077
541,542,50000000000,250000000000,0.000007
541,542,250000000000,300000000000,0.000013
541,542,300000000000,500000000000,0.000007
541,542,500000000000,600000000000,0.000013
542,541,0,50000000000,0.000013
542,541,50000000000,250000000000,0.000007
542,541,250000000000,300000000000,0.000013
542,541,300000000000,500000000000,0.000007
542,541,500000000000,600000000000,0.000013
541,566,0,600000000000,0.000000
566,541,0,600000000000,0.000000
542,543,0,50000000000,0.132891
542,543,50000000000,250000000000,0.000007
542,543,250000000000,300000000000,0.000013
542,543,300000000000,500000000000,0.000007
542,543,500000000000,550000000000,0.000013
542,543,550000000000,600000000000,0.000007
543,542,0,50000000000,0.002417
543,542,50000000000,250000000000,0.000007
543,542,250000000000,300000000000,0.000013
543,542,300000000000,500000000000,0.000007
543,542,500000000000,550000000000,0.000013
543,542,550000000000,600000000000,0.000007
542,567,0,600000000000,0.000000
567,542,0,600000000000,0.000000
543,544,0,50000000000,0.132891
543,544,50000000000,350000000000,0.000007
543,544,350000000000,400000000000,0.000000
543,544,400000000000,500000000000,0.000007
543,544,500000000000,550000000000,0.000013
543,544,550000000000,600000000000,0.000007
544,543,0,50000000000,0.002417
544,543,50000000000,350000000000,0.000007
544,543,350000000000,400000000000,0.000000
544,543,400000000000,500000000000,0.000007
544,543,500000000000,550000000000,0.000013
544,543,550000000000,600000000000,0.000007
543,568,0,350000000000,0.000000
543,568,350000000000,400000000000,0.000007
543,568,400000000000,450000000000,0.000013
543,568,450000000000,500000000000,0.000007
543,568,500000000000,600000000000,0.000000
568,543,0,350000000000,0.000000
568,543,350000000000,400000000000,0.000007
568,543,400000000000,450000000000,0.000013
568,543,450000000000,500000000000,0.000007
568,543,500000000000,600000000000,0.000000
544,545,0,50000000000,0.086238
544,545,50000000000,350000000000,0.000007
544,545,350000000000,400000000000,0.000000
544,545,400000000000,500000000000,0.000007
544,545,500000000000,550000000000,0.000013
544,545,550000000000,600000000000,0.000007
545,544,0,50000000000,0.002410
545,544,50000000000,350000000000,0.000007
545,544,350000000000,400000000000,0.000000
545,544,400000000000,500000000000,0.000007
545,544,500000000000,550000000000,0.000013
545,544,550000000000,600000000000,0.000007
544,569,0,150000000000,0.000000
544,569,150000000000,200000000000,0.000007
544,569,200000000000,250000000000,0.174695
544,569,250000000000,600000000000,0.000000
569,544,0,150000000000,0.000000
569,544,150000000000,200000000000,0.000007
569,544,200000000000,250000000000,0.004536
569,544,250000000000,600000000000,0.000000
545,546,0,50000000000,0.086238
545,546,50000000000,350000000000,0.000007
545,546,350000000000,400000000000,0.000000
545,546,400000000000,500000000000,0.000007
545,546,500000000000,550000000000,0.000013
545,546,550000000000,600000000000,0.000007
546,545,0,50000000000,0.002410
546,545,50000000000,350000000000,0.000007
546,545,350000000000,400000000000,0.000000
546,545,400000000000,500000000000,0.000007
546,545,500000000000,550000000000,0.000013
546,545,550000000000,600000000000,0.000007
545,570,0,600000000000,0.000000
570,545,0,600000000000,0.000000
546,547,0,50000000000,0.086238
546,547,50000000000,450000000000,0.000007
546,547,450000000000,600000000000,0.000000
547,546,0,50000000000,0.002410
547,546,50000000000,450000000000,0.000007
547,546,450000000000,600000000000,0.000000
546,571,0,400000000000,0.000000
546,571,400000000000,450000000000,0.000007
546,571,450000000000,500000000000,0.000013
546,571,500000000000,550000000000,0.000020
546,571,550000000000,600000000000,0.000007
571,546,0,400000000000,0.000000
571,546,400000000000,450000000000,0.000007
571,546,450000000000,500000000000,0.000013
571,546,500000000000,550000000000,0.000020
571,546,550000000000,600000000000,0.000007
547,548,0,50000000000,0.086238
547,548,50000000000,150000000000,0.000007
547,548,150000000000,350000000000,0.000000
547,548,350000000000,450000000000,0.000007
547,548,450000000000,600000000000,0.000000
548,547,0,50000000000,0.002410
548,547,50000000000,150000000000,0.000007
548,547,150000000000,350000000000,0.000000
548,547,350000000000,450000000000,0.000007
548,547,450000000000,600000000000,0.000000
547,572,0,150000000000,0.000000
547,572,150000000000,200000000000,0.000007
547,572,200000000000,250000000000,0.000013
547,572,250000000000,300000000000,0.000016
547,572,300000000000,350000000000,0.000007
547,572,350000000000,600000000000,0.000000
572,547,0,150000000000,0.000000
572,547,150000000000,200000000000,0.000007
572,547,200000000000,300000000000,0.000013
572,547,300000000000,350000000000,0.000007
572,547,350000000000,600000000000,0.000000
548,549,0,100000000000,0.000000
548,549,100000000000,150000000000,0.000007
548,549,150000000000,350000000000,0.000000
548,549,350000000000,450000000000,0.000007
548,549,450000000000,600000000000,0.000000
549,548,0,100000000000,0.000000
549,548,100000000000,150000000000,0.000007
549,548,150000000000,350000000000,0.000000
549,548,350000000000,450000000000,0.000007
549,548,450000000000,600000000000,0.000000
548,573,0,50000000000,0.088689
548,573,50000000000,150000000000,0.000013
548,573,150000000000,600000000000,0.000000
573,548,0,50000000000,0.090897
573,548,50000000000,150000000000,0.000013
573,548,150000000000,600000000000,0.000000
525,549,0,100000000000,0.000000
525,549,100000000000,150000000000,0.000007
525,549,150000000000,400000000000,0.000000
525,549,400000000000,450000000000,0.000007
525,549,450000000000,600000000000,0.000000
549,525,0,100000000000,0.000000
549,525,100000000000,150000000000,0.000007
549,525,150000000000,400000000000,0.000000
549,525,400000000000,450000000000,0.000007
549,525,450000000000,600000000000,0.000000
549,574,0,600000000000,0.000000
574,549,0,600000000000,0.000000
550,551,0,600000000000,0.000000
551,550,0,600000000000,0.000000
550,575,0,200000000000,0.000000
550,575,200000000000,250000000000,0.086880
550,575,250000000000,600000000000,0.000000
575,550,0,200000000000,0.000000
575,550,200000000000,250000000000,0.002191
575,550,250000000000,600000000000,0.000000
551,552,0,600000000000,0.000000
552,551,0,600000000000,0.000000
551,576,0,600000000000,0.000000
576,551,0,600000000000,0.000000
552,553,0,600000000000,0.000000
553,552,0,600000000000,0.000000
552,577,0,600000000000,0.000000
577,552,0,600000000000,0.000000
553,554,0,600000000000,0.000000
554,553,0,600000000000,0.000000
553,578,0,600000000000,0.000000
578,553,0,600000000000,0.000000
554,555,0,600000000000,0.000000
555,554,0,600000000000,0.000000
554,579,0,350000000000,0.000000
554,579,350000000000,400000000000,0.000024
554,579,400000000000,500000000000,0.000000
554,579,500000000000,600000000000,0.000007
579,554,0,500000000000,0.000000
579,554,500000000000,600000000000,0.000007
555,556,0,550000000000,0.000000
555,556,550000000000,600000000000,0.000007
556,555,0,550000000000,0.000000
556,555,550000000000,600000000000,0.000007
555,580,0,250000000000,0.000000
555,580,250000000000,350000000000,0.000007
555,580,350000000000,550000000000,0.000000
555,580,550000000000,600000000000,0.000007
580,555,0,250000000000,0.000000
580,555,250000000000,350000000000,0.000007
580,555,350000000000,550000000000,0.000000
580,555,550000000000,600000000000,0.000007
556,557,0,350000000000,0.000000
556,557,350000000000,450000000000,0.000007
556,557,450000000000,500000000000,0.000013
556,557,500000000000,600000000000,0.000000
557,556,0,350000000000,0.000000
557,556,350000000000,450000000000,0.000007
557,556,450000000000,500000000000,0.048077
557,556,500000000000,600000000000,0.000000
556,581,0,100000000000,0.000007
556,581,100000000000,450000000000,0.000000
556,581,450000000000,500000000000,0.000007
556,581,500000000000,550000000000,0.000013
556,581,550000000000,600000000000,0.000007
581,556,0,100000000000,0.000007
581,556,100000000000,450000000000,0.000000
581,556,450000000000,500000000000,0.000007
581,556,500000000000,550000000000,0.000013
581,556,550000000000,600000000000,0.000007
557,558,0,150000000000,0.000000
557,558,150000000000,200000000000,0.000007
557,558,200000000000,250000000000,0.002139
557,558,250000000000,350000000000,0.000000
557,558,350000000000,450000000000,0.000007
557,558,450000000000,500000000000,0.000013
557,558,500000000000,600000000000,0.000000
558,557,0,150000000000,0.000000
558,557,150000000000,200000000000,0.000007
558,557,200000000000,250000000000,0.083140
558,557,250000000000,350000000000,0.000000
558,557,350000000000,450000000000,0.000007
558,557,450000000000,500000000000,0.048077
558,557,500000000000,600000000000,0.000000
557,582,0,50000000000,0.085818
557,582,50000000000,100000000000,0.000000
557,582,100000000000,150000000000,0.000007
557,582,150000000000,250000000000,0.000000
557,582,250000000000,300000000000,0.054145
557,582,300000000000,350000000000,0.000607
557,582,350000000000,500000000000,0.000000
557,582,500000000000,600000000000,0.000007
582,557,0,50000000000,0.002011
582,557,50000000000,100000000000,0.000000
582,557,100000000000,150000000000,0.000007
582,557,150000000000,200000000000,0.048064
582,557,200000000000,250000000000,0.000000
582,557,250000000000,300000000000,0.229889
582,557,300000000000,350000000000,0.029244
582,557,350000000000,500000000000,0.000000
582,557,500000000000,600000000000,0.000007
558,559,0,150000000000,0.000000
558,559,150000000000,200000000000,0.000007
558,559,200000000000,250000000000,0.002139
558,559,250000000000,350000000000,0.000000
558,559,350000000000,450000000000,0.000007
558,559,450000000000,500000000000,0.000000
558,559,500000000000,550000000000,0.000007
558,559,550000000000,600000000000,0.000000
559,558,0,150000000000,0.000000
559,558,150000000000,200000000000,0.000007
559,558,200000000000,250000000000,0.083140
559,558,250000000000,350000000000,0.000000
559,558,350000000000,450000000000,0.000007
559,558,450000000000,500000000000,0.048064
559,558,500000000000,550000000000,0.000007
559,558,550000000000,600000000000,0.000000
558,583,0,100000000000,0.000013
558,583,100000000000,250000000000,0.000000
558,583,250000000000,400000000000,0.000007
558,583,400000000000,450000000000,0.000000
558,583,450000000000,500000000000,0.087895
558,583,500000000000,550000000000,0.008287
558,583,550000000000,600000000000,0.000020
583,558,0,100000000000,0.000013
583,558,100000000000,250000000000,0.000000
583,558,250000000000,400000000000,0.000007
583,558,400000000000,450000000000,0.000000
583,558,450000000000,500000000000,0.096117
583,558,500000000000,550000000000,0.000040
583,558,550000000000,600000000000,0.000020
559,560,0,150000000000,0.000000
559,560,150000000000,200000000000,0.000007
559,560,200000000000,250000000000,0.002139
559,560,250000000000,400000000000,0.000000
559,560,400000000000,550000000000,0.000007
559,560,550000000000,600000000000,0.000000
560,559,0,150000000000,0.000000
560,559,150000000000,200000000000,0.000007
560,559,200000000000,250000000000,0.083140
560,559,250000000000,300000000000,0.000093
560,559,300000000000,400000000000,0.000000
560,559,400000000000,450000000000,0.000007
560,559,450000000000,500000000000,0.048071
560,559,500000000000,550000000000,0.000007
560,559,550000000000,600000000000,0.000000
559,584,0,50000000000,0.000000
559,584,50000000000,150000000000,0.000007
559,584,150000000000,250000000000,0.000000
559,584,250000000000,300000000000,0.000544
559,584,300000000000,350000000000,0.000027
559,584,350000000000,400000000000,0.000020
559,584,400000000000,450000000000,0.000027
559,584,450000000000,500000000000,0.000013
559,584,500000000000,550000000000,0.000000
559,584,550000000000,600000000000,0.000013
584,559,0,50000000000,0.000000
584,559,50000000000,150000000000,0.000007
584,559,150000000000,250000000000,0.000000
584,559,250000000000,300000000000,0.000034
584,559,300000000000,350000000000,0.000027
584,559,350000000000,400000000000,0.000140
584,559,400000000000,450000000000,0.008198
584,559,450000000000,500000000000,0.000013
584,559,500000000000,550000000000,0.000000
584,559,550000000000,600000000000,0.000013
560,561,0,100000000000,0.000007
560,561,100000000000,150000000000,0.047655
560,561,150000000000,200000000000,0.085498
560,561,200000000000,250000000000,0.087773
560,561,250000000000,300000000000,0.000007
560,561,300000000000,400000000000,0.000000
560,561,400000000000,550000000000,0.000007
560,561,550000000000,600000000000,0.000000
561,560,0,100000000000,0.000007
561,560,100000000000,150000000000,0.000000
561,560,150000000000,200000000000,0.002259
561,560,200000000000,250000000000,0.002537
561,560,250000000000,300000000000,0.000076
561,560,300000000000,400000000000,0.000000
561,560,400000000000,450000000000,0.000007
561,560,450000000000,500000000000,0.048071
561,560,500000000000,550000000000,0.000007
561,560,550000000000,600000000000,0.000000
560,585,0,50000000000,0.002347
560,585,50000000000,100000000000,0.039957
560,585,100000000000,150000000000,0.002330
560,585,150000000000,200000000000,0.045279
560,585,200000000000,250000000000,0.176972
560,585,250000000000,350000000000,0.000007
560,585,350000000000,550000000000,0.000000
560,585,550000000000,600000000000,0.000007
585,560,0,50000000000,0.087609
585,560,50000000000,100000000000,0.000040
585,560,100000000000,150000000000,0.131612
585,560,150000000000,200000000000,0.173553
585,560,200000000000,250000000000,0.086280
585,560,250000000000,350000000000,0.000007
585,560,350000000000,400000000000,0.000024
585,560,400000000000,550000000000,0.000000
585,560,550000000000,600000000000,0.000007
561,562,0,50000000000,0.000013
561,562,50000000000,100000000000,0.000007
561,562,100000000000,150000000000,0.047655
561,562,150000000000,200000000000,0.085498
561,562,200000000000,250000000000,0.087797
561,562,250000000000,300000000000,0.000007
561,562,300000000000,350000000000,0.000000
561,562,350000000000,400000000000,0.000007
561,562,400000000000,500000000000,0.000013
561,562,500000000000,550000000000,0.000007
561,562,550000000000,600000000000,0.000000
562,561,0,50000000000,0.000013
562,561,50000000000,100000000000,0.000007
562,561,100000000000,150000000000,0.000000
562,561,150000000000,200000000000,0.002259
562,561,200000000000,250000000000,0.002537
562,561,250000000000,300000000000,0.000007
562,561,300000000000,350000000000,0.000000
562,561,350000000000,400000000000,0.000007
562,561,400000000000,450000000000,0.000013
562,561,450000000000,500000000000,0.048077
562,561,500000000000,550000000000,0.000007
562,561,550000000000,600000000000,0.000000
561,586,0,100000000000,0.000007
561,586,100000000000,150000000000,0.000000
561,586,150000000000,200000000000,0.086392
561,586,200000000000,250000000000,0.077805
561,586,250000000000,350000000000,0.000000
561,586,350000000000,450000000000,0.000027
561,586,450000000000,500000000000,0.000020
561,586,500000000000,600000000000,0.000000
586,561,0,100000000000,0.000007
586,561,100000000000,150000000000,0.000000
586,561,150000000000,200000000000,0.002106
586,561,200000000000,250000000000,0.002093
586,561,250000000000,350000000000,0.000000
586,561,350000000000,400000000000,0.000099
586,561,400000000000,450000000000,0.048091
586,561,450000000000,500000000000,0.000020
586,561,500000000000,600000000000,0.000000
562,563,0,50000000000,0.000013
562,563,50000000000,100000000000,0.000007
562,563,100000000000,150000000000,0.047662
562,563,150000000000,200000000000,0.133551
562,563,200000000000,250000000000,0.087852
562,563,250000000000,300000000000,0.000007
562,563,300000000000,350000000000,0.000000
562,563,350000000000,550000000000,0.000007
562,563,550000000000,600000000000,0.000000
563,562,0,50000000000,0.000013
563,562,50000000000,150000000000,0.000007
563,562,150000000000,200000000000,0.002272
563,562,200000000000,250000000000,0.002544
563,562,250000000000,300000000000,0.000007
563,562,300000000000,350000000000,0.000000
563,562,350000000000,550000000000,0.000007
563,562,550000000000,600000000000,0.000000
562,587,0,100000000000,0.000000
562,587,100000000000,150000000000,0.052173
562,587,150000000000,200000000000,0.002397
562,587,200000000000,250000000000,0.000027
562,587,250000000000,300000000000,0.000000
562,587,300000000000,350000000000,0.000007
562,587,350000000000,450000000000,0.000000
562,587,450000000000,500000000000,0.000007
562,587,500000000000,600000000000,0.000000
587,562,0,100000000000,0.000000
587,562,100000000000,150000000000,0.173240
587,562,150000000000,200000000000,0.090532
587,562,200000000000,250000000000,0.000027
587,562,250000000000,300000000000,0.000001
587,562,300000000000,350000000000,0.000007
587,562,350000000000,450000000000,0.000000
587,562,450000000000,500000000000,0.000007
587,562,500000000000,600000000000,0.000000
563,564,0,50000000000,0.000020
563,564,50000000000,100000000000,0.000007
563,564,100000000000,150000000000,0.134329
563,564,150000000000,200000000000,0.133545
563,564,200000000000,250000000000,0.183867
563,564,250000000000,300000000000,0.000007
563,564,300000000000,350000000000,0.000000
563,564,350000000000,550000000000,0.000007
563,564,550000000000,600000000000,0.000000
564,563,0,50000000000,0.000020
564,563,50000000000,100000000000,0.000007
564,563,100000000000,150000000000,0.002158
564,563,150000000000,200000000000,0.002266
564,563,200000000000,250000000000,0.091936
564,563,250000000000,300000000000,0.000007
564,563,300000000000,350000000000,0.000000
564,563,350000000000,550000000000,0.000007
564,563,550000000000,600000000000,0.000000
563,588,0,50000000000,0.086589
563,588,50000000000,100000000000,0.000007
563,588,100000000000,150000000000,0.002158
563,588,150000000000,200000000000,0.002151
563,588,200000000000,600000000000,0.000000
588,563,0,50000000000,0.002148
588,563,50000000000,100000000000,0.000007
588,563,100000000000,150000000000,0.086674
588,563,150000000000,200000000000,0.086667
588,563,200000000000,600000000000,0.000000
564,565,0,100000000000,0.000007
564,565,100000000000,150000000000,0.134329
564,565,150000000000,200000000000,0.133545
564,565,200000000000,250000000000,0.183867
564,565,250000000000,300000000000,0.000007
564,565,300000000000,350000000000,0.000000
564,565,350000000000,550000000000,0.000007
564,565,550000000000,600000000000,0.000000
565,564,0,100000000000,0.000007
565,564,100000000000,150000000000,0.002158
565,564,150000000000,200000000000,0.002266
565,564,200000000000,250000000000,0.091936
565,564,250000000000,300000000000,0.000007
565,564,300000000000,350000000000,0.000000
565,564,350000000000,550000000000,0.000007
565,564,550000000000,600000000000,0.000000
564,589,0,600000000000,0.000000
589,564,0,600000000000,0.000000
565,566,0,150000000000,0.000007
565,566,150000000000,200000000000,0.048071
565,566,200000000000,250000000000,0.183867
565,566,250000000000,300000000000,0.000007
565,566,300000000000,350000000000,0.000000
565,566,350000000000,550000000000,0.000007
565,566,550000000000,600000000000,0.000000
566,565,0,200000000000,0.000007
566,565,200000000000,250000000000,0.091936
566,565,250000000000,300000000000,0.000007
566,565,300000000000,350000000000,0.000000
566,565,350000000000,550000000000,0.000007
566,565,550000000000,600000000000,0.000000
565,590,0,100000000000,0.000000
565,590,100000000000,150000000000,0.001943
565,590,150000000000,200000000000,0.085222
565,590,200000000000,600000000000,0.000000
590,565,0,100000000000,0.000000
590,565,100000000000,150000000000,0.085359
590,565,150000000000,200000000000,0.001914
590,565,200000000000,250000000000,0.000024
590,565,250000000000,600000000000,0.000000
566,567,0,150000000000,0.000007
566,567,150000000000,200000000000,0.048071
566,567,200000000000,250000000000,0.088026
566,567,250000000000,300000000000,0.000007
566,567,300000000000,350000000000,0.000000
566,567,350000000000,550000000000,0.000007
566,567,550000000000,600000000000,0.000000
567,566,0,200000000000,0.000007
567,566,200000000000,250000000000,0.089406
567,566,250000000000,300000000000,0.000007
567,566,300000000000,350000000000,0.000000
567,566,350000000000,550000000000,0.000007
567,566,550000000000,600000000000,0.000000
566,591,0,600000000000,0.000000
591,566,0,600000000000,0.000000
567,568,0,200000000000,0.000007
567,568,200000000000,250000000000,0.002277
567,568,250000000000,300000000000,0.000007
567,568,300000000000,350000000000,0.000000
567,568,350000000000,550000000000,0.000007
567,568,550000000000,600000000000,0.000000
568,567,0,200000000000,0.000007
568,567,200000000000,250000000000,0.087408
568,567,250000000000,300000000000,0.000007
568,567,300000000000,350000000000,0.000000
568,567,350000000000,550000000000,0.000007
568,567,550000000000,600000000000,0.000000
567,592,0,600000000000,0.000000
592,567,0,600000000000,0.000000
568,569,0,200000000000,0.000007
568,569,200000000000,250000000000,0.002277
568,569,250000000000,300000000000,0.000007
568,569,300000000000,450000000000,0.000000
568,569,450000000000,550000000000,0.000007
568,569,550000000000,600000000000,0.000000
569,568,0,200000000000,0.000007
569,568,200000000000,250000000000,0.087408
569,568,250000000000,300000000000,0.000007
569,568,300000000000,450000000000,0.000000
569,568,450000000000,550000000000,0.000007
569,568,550000000000,600000000000,0.000000
568,593,0,400000000000,0.000000
568,593,400000000000,500000000000,0.000007
568,593,500000000000,600000000000,0.000000
593,568,0,400000000000,0.000000
593,568,400000000000,500000000000,0.000007
593,568,500000000000,600000000000,0.000000
569,570,0,150000000000,0.000007
569,570,150000000000,200000000000,0.000000
569,570,200000000000,300000000000,0.000007
569,570,300000000000,450000000000,0.000000
569,570,450000000000,550000000000,0.000007
569,570,550000000000,600000000000,0.000000
570,569,0,150000000000,0.000007
570,569,150000000000,200000000000,0.000000
570,569,200000000000,300000000000,0.000007
570,569,300000000000,450000000000,0.000000
570,569,450000000000,550000000000,0.000007
570,569,550000000000,600000000000,0.000000
569,594,0,200000000000,0.000000
569,594,200000000000,250000000000,0.087293
569,594,250000000000,600000000000,0.000000
594,569,0,200000000000,0.000000
594,569,200000000000,250000000000,0.002265
594,569,250000000000,600000000000,0.000000
570,571,0,150000000000,0.000007
570,571,150000000000,200000000000,0.000000
570,571,200000000000,300000000000,0.000007
570,571,300000000000,450000000000,0.000000
570,571,450000000000,550000000000,0.000007
570,571,550000000000,600000000000,0.000000
571,570,0,150000000000,0.000007
571,570,150000000000,200000000000,0.000000
571,570,200000000000,300000000000,0.000007
571,570,300000000000,450000000000,0.000000
571,570,450000000000,550000000000,0.000007
571,570,550000000000,600000000000,0.000000
570,595,0,600000000000,0.000000
595,570,0,600000000000,0.000000
571,572,0,150000000000,0.000007
571,572,150000000000,200000000000,0.000000
571,572,200000000000,300000000000,0.000007
571,572,300000000000,600000000000,0.000000
572,571,0,150000000000,0.000007
572,571,150000000000,200000000000,0.000000
572,571,200000000000,300000000000,0.000007
572,571,300000000000,600000000000,0.000000
571,596,0,400000000000,0.000000
571,596,400000000000,500000000000,0.000007
571,596,500000000000,550000000000,0.000013
571,596,550000000000,600000000000,0.000007
596,571,0,400000000000,0.000000
596,571,400000000000,500000000000,0.000007
596,571,500000000000,550000000000,0.000013
596,571,550000000000,600000000000,0.000007
572,573,0,150000000000,0.000007
572,573,150000000000,600000000000,0.000000
573,572,0,150000000000,0.000007
573,572,150000000000,600000000000,0.000000
572,597,0,150000000000,0.000000
572,597,150000000000,250000000000,0.000007
572,597,250000000000,300000000000,0.000009
572,597,300000000000,350000000000,0.000007
572,597,350000000000,600000000000,0.000000
597,572,0,150000000000,0.000000
597,572,150000000000,350000000000,0.000007
597,572,350000000000,600000000000,0.000000
573,574,0,600000000000,0.000000
574,573,0,600000000000,0.000000
573,598,0,50000000000,0.088683
573,598,50000000000,150000000000,0.000007
573,598,150000000000,600000000000,0.000000
598,573,0,50000000000,0.090890
598,573,50000000000,150000000000,0.000007
598,573,150000000000,600000000000,0.000000
550,574,0,600000000000,0.000000
574,550,0,600000000000,0.000000
574,599,0,600000000000,0.000000
599,574,0,600000000000,0.000000
575,576,0,100000000000,0.000000
575,576,100000000000,200000000000,0.000007
575,576,200000000000,250000000000,0.000000
575,576,250000000000,300000000000,0.001684
575,576,300000000000,350000000000,0.000000
575,576,350000000000,450000000000,0.000007
575,576,450000000000,600000000000,0.000000
576,575,0,100000000000,0.000000
576,575,100000000000,200000000000,0.000007
576,575,200000000000,250000000000,0.000000
576,575,250000000000,300000000000,0.072440
576,575,300000000000,350000000000,0.000000
576,575,350000000000,450000000000,0.000007
576,575,450000000000,600000000000,0.000000
575,600,0,150000000000,0.000000
575,600,150000000000,200000000000,0.086369
575,600,200000000000,250000000000,0.086880
575,600,250000000000,300000000000,0.072440
575,600,300000000000,600000000000,0.000000
600,575,0,150000000000,0.000000
600,575,150000000000,200000000000,0.002101
600,575,200000000000,250000000000,0.002191
600,575,250000000000,300000000000,0.001681
600,575,300000000000,600000000000,0.000000
576,577,0,100000000000,0.000000
576,577,100000000000,200000000000,0.000007
576,577,200000000000,250000000000,0.000000
576,577,250000000000,300000000000,0.001684
576,577,300000000000,350000000000,0.000000
576,577,350000000000,450000000000,0.000007
576,577,450000000000,600000000000,0.000000
577,576,0,100000000000,0.000000
577,576,100000000000,200000000000,0.000007
577,576,200000000000,250000000000,0.000000
577,576,250000000000,300000000000,0.072440
577,576,300000000000,350000000000,0.000000
577,576,350000000000,450000000000,0.000007
577,576,450000000000,600000000000,0.000000
576,601,0,600000000000,0.000000
601,576,0,600000000000,0.000000
577,578,0,100000000000,0.000000
577,578,100000000000,200000000000,0.000007
577,578,200000000000,250000000000,0.000000
577,578,250000000000,300000000000,0.001684
577,578,300000000000,350000000000,0.000000
577,578,350000000000,450000000000,0.000007
577,578,450000000000,600000000000,0.000000
578,577,0,100000000000,0.000000
578,577,100000000000,200000000000,0.000007
578,577,200000000000,250000000000,0.000000
578,577,250000000000,300000000000,0.072440
578,577,300000000000,350000000000,0.000000
578,577,350000000000,450000000000,0.000007
578,577,450000000000,600000000000,0.000000
577,602,0,600000000000,0.000000
602,577,0,600000000000,0.000000
578,579,0,100000000000,0.000000
578,579,100000000000,200000000000,0.000007
578,579,200000000000,250000000000,0.000000
578,579,250000000000,300000000000,0.001684
578,579,300000000000,350000000000,0.000000
578,579,350000000000,450000000000,0.000007
578,579,450000000000,600000000000,0.000000
579,578,0,100000000000,0.000000
579,578,100000000000,200000000000,0.000007
579,578,200000000000,250000000000,0.000000
579,578,250000000000,300000000000,0.072440
579,578,300000000000,350000000000,0.000000
579,578,350000000000,450000000000,0.000007
579,578,450000000000,600000000000,0.000000
578,603,0,600000000000,0.000000
603,578,0,600000000000,0.000000
579,580,0,100000000000,0.000000
579,580,100000000000,200000000000,0.000007
579,580,200000000000,250000000000,0.000000
579,580,250000000000,300000000000,0.001684
579,580,300000000000,350000000000,0.000000
579,580,350000000000,450000000000,0.000007
579,580,450000000000,600000000000,0.000000
580,579,0,100000000000,0.000000
580,579,100000000000,200000000000,0.000007
580,579,200000000000,250000000000,0.000000
580,579,250000000000,300000000000,0.072440
580,579,300000000000,350000000000,0.000000
580,579,350000000000,450000000000,0.000007
580,579,450000000000,600000000000,0.000000
579,604,0,350000000000,0.000000
579,604,350000000000,400000000000,0.000024
579,604,400000000000,500000000000,0.000000
579,604,500000000000,600000000000,0.000007
604,579,0,500000000000,0.000000
604,579,500000000000,600000000000,0.000007
580,581,0,100000000000,0.000000
580,581,100000000000,200000000000,0.000007
580,581,200000000000,250000000000,0.000000
580,581,250000000000,300000000000,0.001684
580,581,300000000000,350000000000,0.000000
580,581,350000000000,450000000000,0.000007
580,581,450000000000,550000000000,0.000000
580,581,550000000000,600000000000,0.000007
581,580,0,100000000000,0.000000
581,580,100000000000,200000000000,0.000007
581,580,200000000000,250000000000,0.000000
581,580,250000000000,300000000000,0.072440
581,580,300000000000,350000000000,0.000000
581,580,350000000000,450000000000,0.000007
581,580,450000000000,550000000000,0.000000
581,580,550000000000,600000000000,0.000007
580,605,0,250000000000,0.000000
580,605,250000000000,350000000000,0.000007
580,605,350000000000,550000000000,0.000000
580,605,550000000000,600000000000,0.000013
605,580,0,250000000000,0.000000
605,580,250000000000,350000000000,0.000007
605,580,350000000000,550000000000,0.000000
605,580,550000000000,600000000000,0.000013
581,582,0,100000000000,0.000000
581,582,100000000000,200000000000,0.000007
581,582,200000000000,300000000000,0.000000
581,582,300000000000,350000000000,0.000013
581,582,350000000000,450000000000,0.000007
581,582,450000000000,550000000000,0.000000
581,582,550000000000,600000000000,0.000007
582,581,0,100000000000,0.000000
582,581,100000000000,200000000000,0.000007
582,581,200000000000,250000000000,0.000000
582,581,250000000000,300000000000,0.000013
582,581,300000000000,350000000000,0.000013
582,581,350000000000,450000000000,0.000007
582,581,450000000000,550000000000,0.000000
582,581,550000000000,600000000000,0.000007
581,606,0,100000000000,0.000007
581,606,100000000000,450000000000,0.000000
581,606,450000000000,500000000000,0.000007
581,606,500000000000,550000000000,0.000013
581,606,550000000000,600000000000,0.000007
606,581,0,100000000000,0.000007
606,581,100000000000,450000000000,0.000000
606,581,450000000000,500000000000,0.000007
606,581,500000000000,550000000000,0.000013
606,581,550000000000,600000000000,0.000007
582,583,0,50000000000,0.000000
582,583,50000000000,100000000000,0.000013
582,583,100000000000,150000000000,0.000020
582,583,150000000000,200000000000,0.000007
582,583,200000000000,300000000000,0.000000
582,583,300000000000,350000000000,0.000013
582,583,350000000000,450000000000,0.000007
582,583,450000000000,550000000000,0.000000
582,583,550000000000,600000000000,0.000007
583,582,0,50000000000,0.000000
583,582,50000000000,100000000000,0.000013
583,582,100000000000,150000000000,0.000020
583,582,150000000000,200000000000,0.000007
583,582,200000000000,250000000000,0.000000
583,582,250000000000,300000000000,0.000013
583,582,300000000000,350000000000,0.000013
583,582,350000000000,450000000000,0.000007
583,582,450000000000,550000000000,0.000000
583,582,550000000000,600000000000,0.000007
582,607,0,50000000000,0.085818
582,607,50000000000,100000000000,0.000000
582,607,100000000000,150000000000,0.000007
582,607,150000000000,250000000000,0.000000
582,607,250000000000,300000000000,0.054145
582,607,300000000000,350000000000,0.000608
582,607,350000000000,500000000000,0.000000
582,607,500000000000,600000000000,0.000007
607,582,0,50000000000,0.002011
607,582,50000000000,100000000000,0.000000
607,582,100000000000,150000000000,0.000007
607,582,150000000000,200000000000,0.048064
607,582,200000000000,250000000000,0.000000
607,582,250000000000,300000000000,0.229994
607,582,300000000000,350000000000,0.029139
607,582,350000000000,500000000000,0.000000
607,582,500000000000,600000000000,0.000007
583,584,0,50000000000,0.000000
583,584,50000000000,100000000000,0.000013
583,584,100000000000,150000000000,0.000020
583,584,150000000000,200000000000,0.000007
583,584,200000000000,300000000000,0.000000
583,584,300000000000,350000000000,0.000013
583,584,350000000000,400000000000,0.000007
583,584,400000000000,450000000000,0.000000
583,584,450000000000,500000000000,0.039797
583,584,500000000000,550000000000,0.008267
583,584,550000000000,600000000000,0.000000
584,583,0,50000000000,0.000000
584,583,50000000000,100000000000,0.000013
584,583,100000000000,150000000000,0.000020
584,583,150000000000,200000000000,0.000007
584,583,200000000000,250000000000,0.000000
584,583,250000000000,300000000000,0.000013
584,583,300000000000,350000000000,0.000013
584,583,350000000000,400000000000,0.000007
584,583,400000000000,600000000000,0.000000
583,608,0,100000000000,0.000013
583,608,100000000000,250000000000,0.000000
583,608,250000000000,450000000000,0.000007
583,608,450000000000,500000000000,0.048077
583,608,500000000000,550000000000,0.000040
583,608,550000000000,600000000000,0.000027
608,583,0,100000000000,0.000013
608,583,100000000000,250000000000,0.000000
608,583,250000000000,450000000000,0.000007
608,583,450000000000,500000000000,0.096117
608,583,500000000000,550000000000,0.000040
608,583,550000000000,600000000000,0.000027
584,585,0,50000000000,0.000000
584,585,50000000000,100000000000,0.000013
584,585,100000000000,150000000000,0.000020
584,585,150000000000,200000000000,0.000007
584,585,200000000000,450000000000,0.000000
584,585,450000000000,500000000000,0.039773
584,585,500000000000,550000000000,0.008291
584,585,550000000000,600000000000,0.000000
585,584,0,50000000000,0.000000
585,584,50000000000,100000000000,0.000013
585,584,100000000000,150000000000,0.000020
585,584,150000000000,200000000000,0.000007
585,584,200000000000,250000000000,0.000000
585,584,250000000000,300000000000,0.000025
585,584,300000000000,600000000000,0.000000
584,609,0,50000000000,0.000000
584,609,50000000000,150000000000,0.000007
584,609,150000000000,250000000000,0.000000
584,609,250000000000,300000000000,0.000556
584,609,300000000000,450000000000,0.000027
584,609,450000000000,500000000000,0.000013
584,609,500000000000,550000000000,0.000000
584,609,550000000000,600000000000,0.000013
609,584,0,50000000000,0.000000
609,584,50000000000,150000000000,0.000007
609,584,150000000000,250000000000,0.000000
609,584,250000000000,300000000000,0.000034
609,584,300000000000,350000000000,0.000027
609,584,350000000000,400000000000,0.000147
609,584,400000000000,450000000000,0.008198
609,584,450000000000,500000000000,0.000013
609,584,500000000000,550000000000,0.000000
609,584,550000000000,600000000000,0.000013
585,586,0,50000000000,0.002300
585,586,50000000000,150000000000,0.000000
585,586,150000000000,200000000000,0.000013
585,586,200000000000,450000000000,0.000000
585,586,450000000000,500000000000,0.039727
585,586,500000000000,550000000000,0.008337
585,586,550000000000,600000000000,0.000000
586,585,0,50000000000,0.087562
586,585,50000000000,150000000000,0.000000
586,585,150000000000,200000000000,0.000013
586,585,200000000000,250000000000,0.000000
586,585,250000000000,300000000000,0.000001
586,585,300000000000,600000000000,0.000000
585,610,0,50000000000,0.000047
585,610,50000000000,100000000000,0.039933
585,610,100000000000,150000000000,0.002360
585,610,150000000000,200000000000,0.045239
585,610,200000000000,250000000000,0.176993
585,610,250000000000,350000000000,0.000007
585,610,350000000000,550000000000,0.000000
585,610,550000000000,600000000000,0.000007
610,585,0,50000000000,0.000047
610,585,50000000000,100000000000,0.000040
610,585,100000000000,150000000000,0.131619
610,585,150000000000,200000000000,0.173559
610,585,200000000000,250000000000,0.086280
610,585,250000000000,350000000000,0.000007
610,585,350000000000,400000000000,0.000024
610,585,400000000000,550000000000,0.000000
610,585,550000000000,600000000000,0.000007
586,587,0,50000000000,0.002300
586,587,50000000000,150000000000,0.000000
586,587,150000000000,200000000000,0.000013
586,587,200000000000,450000000000,0.000000
586,587,450000000000,500000000000,0.039701
586,587,500000000000,550000000000,0.008363
586,587,550000000000,600000000000,0.000000
587,586,0,50000000000,0.087562
587,586,50000000000,150000000000,0.000000
587,586,150000000000,200000000000,0.000013
587,586,200000000000,600000000000,0.000000
586,611,0,100000000000,0.000007
586,611,100000000000,150000000000,0.000000
586,611,150000000000,200000000000,0.086392
586,611,200000000000,250000000000,0.077805
586,611,250000000000,350000000000,0.000000
586,611,350000000000,450000000000,0.000027
586,611,450000000000,500000000000,0.000020
586,611,500000000000,600000000000,0.000000
611,586,0,100000000000,0.000007
611,586,100000000000,150000000000,0.000000
611,586,150000000000,200000000000,0.002106
611,586,200000000000,250000000000,0.002094
611,586,250000000000,350000000000,0.000000
611,586,350000000000,400000000000,0.000099
611,586,400000000000,450000000000,0.048091
611,586,450000000000,500000000000,0.000020
611,586,500000000000,600000000000,0.000000
587,588,0,50000000000,0.002300
587,588,50000000000,150000000000,0.000000
587,588,150000000000,200000000000,0.000013
587,588,200000000000,450000000000,0.000000
587,588,450000000000,500000000000,0.039677
587,588,500000000000,550000000000,0.008387
587,588,550000000000,600000000000,0.000000
588,587,0,50000000000,0.087562
588,587,50000000000,150000000000,0.000000
588,587,150000000000,200000000000,0.000013
588,587,200000000000,600000000000,0.000000
587,612,0,100000000000,0.000000
587,612,100000000000,150000000000,0.052173
587,612,150000000000,200000000000,0.002397
587,612,200000000000,250000000000,0.000027
587,612,250000000000,300000000000,0.000000
587,612,300000000000,350000000000,0.000007
587,612,350000000000,450000000000,0.000000
587,612,450000000000,500000000000,0.000007
587,612,500000000000,600000000000,0.000000
612,587,0,100000000000,0.000000
612,587,100000000000,150000000000,0.173240
612,587,150000000000,200000000000,0.090532
612,587,200000000000,250000000000,0.000027
612,587,250000000000,300000000000,0.000001
612,587,300000000000,350000000000,0.000007
612,587,350000000000,450000000000,0.000000
612,587,450000000000,500000000000,0.000007
612,587,500000000000,600000000000,0.000000
588,589,0,350000000000,0.000000
588,589,350000000000,400000000000,0.000007
588,589,400000000000,450000000000,0.000000
588,589,450000000000,500000000000,0.039653
588,589,500000000000,550000000000,0.008411
588,589,550000000000,600000000000,0.000000
589,588,0,350000000000,0.000000
589,588,350000000000,400000000000,0.000007
589,588,400000000000,600000000000,0.000000
588,613,0,50000000000,0.086589
588,613,50000000000,100000000000,0.000007
588,613,100000000000,150000000000,0.002158
588,613,150000000000,200000000000,0.002151
588,613,200000000000,350000000000,0.000000
588,613,350000000000,400000000000,0.000007
588,613,400000000000,600000000000,0.000000
613,588,0,50000000000,0.002148
613,588,50000000000,100000000000,0.000007
613,588,100000000000,150000000000,0.086674
613,588,150000000000,200000000000,0.086667
613,588,200000000000,350000000000,0.000000
613,588,350000000000,400000000000,0.000007
613,588,400000000000,600000000000,0.000000
589,590,0,350000000000,0.000000
589,590,350000000000,400000000000,0.000007
589,590,400000000000,450000000000,0.000000
589,590,450000000000,500000000000,0.039629
589,590,500000000000,550000000000,0.008435
589,590,550000000000,600000000000,0.000000
590,589,0,350000000000,0.000000
590,589,350000000000,400000000000,0.000007
590,589,400000000000,600000000000,0.000000
589,614,0,600000000000,0.000000
614,589,0,600000000000,0.000000
590,591,0,350000000000,0.000000
590,591,350000000000,400000000000,0.000007
590,591,400000000000,600000000000,0.000000
591,590,0,350000000000,0.000000
591,590,350000000000,400000000000,0.000007
591,590,400000000000,600000000000,0.000000
590,615,0,100000000000,0.000000
590,615,100000000000,150000000000,0.001943
590,615,150000000000,600000000000,0.000000
615,590,0,100000000000,0.000000
615,590,100000000000,150000000000,0.085359
615,590,150000000000,200000000000,0.000000
615,590,200000000000,250000000000,0.000024
615,590,250000000000,600000000000,0.000000
591,592,0,350000000000,0.000000
591,592,350000000000,400000000000,0.000007
591,592,400000000000,600000000000,0.000000
592,591,0,350000000000,0.000000
592,591,350000000000,400000000000,0.000007
592,591,400000000000,600000000000,0.000000
591,616,0,600000000000,0.000000
616,591,0,600000000000,0.000000
592,593,0,350000000000,0.000000
592,593,350000000000,400000000000,0.000007
592,593,400000000000,600000000000,0.000000
593,592,0,350000000000,0.000000
593,592,350000000000,400000000000,0.000007
593,592,400000000000,600000000000,0.000000
592,617,0,600000000000,0.000000
617,592,0,600000000000,0.000000
593,594,0,350000000000,0.000000
593,594,350000000000,400000000000,0.000007
593,594,400000000000,600000000000,0.000000
594,593,0,350000000000,0.000000
594,593,350000000000,400000000000,0.000007
594,593,400000000000,600000000000,0.000000
593,618,0,400000000000,0.000000
593,618,400000000000,500000000000,0.000007
593,618,500000000000,600000000000,0.000000
618,593,0,400000000000,0.000000
618,593,400000000000,500000000000,0.000007
618,593,500000000000,600000000000,0.000000
594,595,0,350000000000,0.000000
594,595,350000000000,400000000000,0.000007
594,595,400000000000,600000000000,0.000000
595,594,0,350000000000,0.000000
595,594,350000000000,400000000000,0.000007
595,594,400000000000,600000000000,0.000000
594,619,0,200000000000,0.000000
594,619,200000000000,250000000000,0.087293
594,619,250000000000,600000000000,0.000000
619,594,0,200000000000,0.000000
619,594,200000000000,250000000000,0.002265
619,594,250000000000,600000000000,0.000000
595,596,0,350000000000,0.000000
595,596,350000000000,400000000000,0.000007
595,596,400000000000,600000000000,0.000000
596,595,0,350000000000,0.000000
596,595,350000000000,400000000000,0.000007
596,595,400000000000,600000000000,0.000000
595,620,0,600000000000,0.000000
620,595,0,600000000000,0.000000
596,597,0,350000000000,0.000000
596,597,350000000000,450000000000,0.000007
596,597,450000000000,600000000000,0.000000
597,596,0,350000000000,0.000000
597,596,350000000000,450000000000,0.000007
597,596,450000000000,600000000000,0.000000
596,621,0,350000000000,0.000000
596,621,350000000000,450000000000,0.000013
596,621,450000000000,500000000000,0.000007
596,621,500000000000,550000000000,0.000013
596,621,550000000000,600000000000,0.000007
621,596,0,350000000000,0.000000
621,596,350000000000,450000000000,0.000013
621,596,450000000000,500000000000,0.000007
621,596,500000000000,550000000000,0.000013
621,596,550000000000,600000000000,0.000007
597,598,0,150000000000,0.000000
597,598,150000000000,200000000000,0.000007
597,598,200000000000,250000000000,0.000000
597,598,250000000000,300000000000,0.000003
597,598,300000000000,350000000000,0.000000
597,598,350000000000,450000000000,0.000007
597,598,450000000000,600000000000,0.000000
598,597,0,150000000000,0.000000
598,597,150000000000,200000000000,0.000007
598,597,200000000000,350000000000,0.000000
598,597,350000000000,450000000000,0.000007
598,597,450000000000,600000000000,0.000000
597,622,0,150000000000,0.000000
597,622,150000000000,200000000000,0.000013
597,622,200000000000,350000000000,0.000007
597,622,350000000000,600000000000,0.000000
622,597,0,150000000000,0.000000
622,597,150000000000,200000000000,0.000013
622,597,200000000000,350000000000,0.000007
622,597,350000000000,600000000000,0.000000
598,599,0,100000000000,0.000000
598,599,100000000000,200000000000,0.000007
598,599,200000000000,250000000000,0.000000
598,599,250000000000,300000000000,0.000003
598,599,300000000000,350000000000,0.000000
598,599,350000000000,450000000000,0.000007
598,599,450000000000,600000000000,0.000000
599,598,0,100000000000,0.000000
599,598,100000000000,200000000000,0.000007
599,598,200000000000,350000000000,0.000000
599,598,350000000000,450000000000,0.000007
599,598,450000000000,600000000000,0.000000
598,623,0,50000000000,0.088683
598,623,50000000000,100000000000,0.000007
598,623,100000000000,150000000000,0.000013
598,623,150000000000,600000000000,0.000000
623,598,0,50000000000,0.090890
623,598,50000000000,100000000000,0.000007
623,598,100000000000,150000000000,0.000013
623,598,150000000000,600000000000,0.000000
575,599,0,100000000000,0.000000
575,599,100000000000,200000000000,0.000007
575,599,200000000000,350000000000,0.000000
575,599,350000000000,450000000000,0.000007
575,599,450000000000,600000000000,0.000000
599,575,0,100000000000,0.000000
599,575,100000000000,200000000000,0.000007
599,575,200000000000,250000000000,0.000000
599,575,250000000000,300000000000,0.000003
599,575,300000000000,350000000000,0.000000
599,575,350000000000,450000000000,0.000007
599,575,450000000000,600000000000,0.000000
599,624,0,600000000000,0.000000
624,599,0,600000000000,0.000000
600,601,0,200000000000,0.000000
600,601,200000000000,250000000000,0.000007
600,601,250000000000,600000000000,0.000000
601,600,0,200000000000,0.000000
601,600,200000000000,250000000000,0.000007
601,600,250000000000,600000000000,0.000000
0,600,0,150000000000,0.000000
0,600,150000000000,200000000000,0.002101
0,600,200000000000,250000000000,0.002185
0,600,250000000000,300000000000,0.001681
0,600,300000000000,600000000000,0.000000
600,0,0,150000000000,0.000000
600,0,150000000000,200000000000,0.086369
600,0,200000000000,250000000000,0.086874
600,0,250000000000,300000000000,0.072440
600,0,300000000000,600000000000,0.000000
601,602,0,200000000000,0.000000
601,602,200000000000,250000000000,0.000007
601,602,250000000000,600000000000,0.000000
602,601,0,200000000000,0.000000
602,601,200000000000,250000000000,0.000007
602,601,250000000000,600000000000,0.000000
1,601,0,600000000000,0.000000
601,1,0,600000000000,0.000000
602,603,0,200000000000,0.000000
602,603,200000000000,250000000000,0.000007
602,603,250000000000,600000000000,0.000000
603,602,0,200000000000,0.000000
603,602,200000000000,250000000000,0.000007
603,602,250000000000,600000000000,0.000000
2,602,0,600000000000,0.000000
602,2,0,600000000000,0.000000
603,604,0,200000000000,0.000000
603,604,200000000000,250000000000,0.000007
603,604,250000000000,600000000000,0.000000
604,603,0,200000000000,0.000000
604,603,200000000000,250000000000,0.000007
604,603,250000000000,600000000000,0.000000
3,603,0,600000000000,0.000000
603,3,0,600000000000,0.000000
604,605,0,200000000000,0.000000
604,605,200000000000,250000000000,0.000007
604,605,250000000000,600000000000,0.000000
605,604,0,200000000000,0.000000
605,604,200000000000,250000000000,0.000007
605,604,250000000000,600000000000,0.000000
4,604,0,500000000000,0.000000
4,604,500000000000,600000000000,0.000007
604,4,0,350000000000,0.000000
604,4,350000000000,400000000000,0.000024
604,4,400000000000,500000000000,0.000000
604,4,500000000000,600000000000,0.000007
605,606,0,200000000000,0.000000
605,606,200000000000,250000000000,0.000007
605,606,250000000000,600000000000,0.000000
606,605,0,200000000000,0.000000
606,605,200000000000,250000000000,0.000007
606,605,250000000000,600000000000,0.000000
5,605,0,250000000000,0.000000
5,605,250000000000,350000000000,0.000007
5,605,350000000000,550000000000,0.000000
5,605,550000000000,600000000000,0.000013
605,5,0,250000000000,0.000000
605,5,250000000000,350000000000,0.000007
605,5,350000000000,550000000000,0.000000
605,5,550000000000,600000000000,0.000013
606,607,0,200000000000,0.000000
606,607,200000000000,250000000000,0.002207
606,607,250000000000,450000000000,0.000000
606,607,450000000000,500000000000,0.000007
606,607,500000000000,550000000000,0.000013
606,607,550000000000,600000000000,0.000007
607,606,0,200000000000,0.000000
607,606,200000000000,250000000000,0.087011
607,606,250000000000,450000000000,0.000000
607,606,450000000000,500000000000,0.000007
607,606,500000000000,550000000000,0.000013
607,606,550000000000,600000000000,0.000007
6,606,0,100000000000,0.000007
6,606,100000000000,200000000000,0.000000
6,606,200000000000,250000000000,0.000007
6,606,250000000000,600000000000,0.000000
606,6,0,100000000000,0.000007
606,6,100000000000,200000000000,0.000000
606,6,200000000000,250000000000,0.000007
606,6,250000000000,600000000000,0.000000
607,608,0,200000000000,0.000000
607,608,200000000000,250000000000,0.002207
607,608,250000000000,300000000000,0.003975
607,608,300000000000,350000000000,0.000013
607,608,350000000000,400000000000,0.000024
607,608,400000000000,450000000000,0.000000
607,608,450000000000,500000000000,0.000007
607,608,500000000000,550000000000,0.000013
607,608,550000000000,600000000000,0.000007
608,607,0,200000000000,0.000000
608,607,200000000000,250000000000,0.087011
608,607,250000000000,300000000000,0.171902
608,607,300000000000,350000000000,0.039882
608,607,350000000000,450000000000,0.000000
608,607,450000000000,500000000000,0.000007
608,607,500000000000,550000000000,0.000013
608,607,550000000000,600000000000,0.000007
7,607,0,50000000000,0.002011
7,607,50000000000,100000000000,0.000000
7,607,100000000000,150000000000,0.000007
7,607,150000000000,250000000000,0.000000
7,607,250000000000,300000000000,0.166417
7,607,300000000000,350000000000,0.009839
7,607,350000000000,500000000000,0.000000
7,607,500000000000,600000000000,0.000007
607,7,0,50000000000,0.085818
607,7,50000000000,100000000000,0.000000
607,7,100000000000,150000000000,0.000007
607,7,150000000000,250000000000,0.000000
607,7,250000000000,300000000000,0.090964
607,7,300000000000,350000000000,0.000223
607,7,350000000000,500000000000,0.000000
607,7,500000000000,600000000000,0.000007
608,609,0,50000000000,0.000013
608,609,50000000000,100000000000,0.254944
608,609,100000000000,150000000000,0.000007
608,609,150000000000,200000000000,0.000024
608,609,200000000000,250000000000,0.002207
608,609,250000000000,300000000000,0.003975
608,609,300000000000,350000000000,0.000013
608,609,350000000000,400000000000,0.000048
608,609,400000000000,600000000000,0.000000
609,608,0,50000000000,0.000013
609,608,50000000000,100000000000,0.005649
609,608,100000000000,150000000000,0.000007
609,608,150000000000,200000000000,0.000000
609,608,200000000000,250000000000,0.087011
609,608,250000000000,300000000000,0.171902
609,608,300000000000,350000000000,0.039907
609,608,350000000000,600000000000,0.000000
8,608,0,100000000000,0.000000
8,608,100000000000,150000000000,0.000007
8,608,150000000000,250000000000,0.000000
8,608,250000000000,450000000000,0.000007
8,608,450000000000,500000000000,0.096124
8,608,500000000000,550000000000,0.000027
8,608,550000000000,600000000000,0.000020
608,8,0,100000000000,0.000000
608,8,100000000000,150000000000,0.000007
608,8,150000000000,250000000000,0.000000
608,8,250000000000,450000000000,0.000007
608,8,450000000000,500000000000,0.048084
608,8,500000000000,550000000000,0.000027
608,8,550000000000,600000000000,0.000020
609,610,0,50000000000,0.000013
609,610,50000000000,100000000000,0.169562
609,610,100000000000,150000000000,0.000007
609,610,150000000000,200000000000,0.000024
609,610,200000000000,250000000000,0.002207
609,610,250000000000,350000000000,0.000000
609,610,350000000000,400000000000,0.000013
609,610,400000000000,600000000000,0.000000
610,609,0,50000000000,0.000013
610,609,50000000000,100000000000,0.003682
610,609,100000000000,150000000000,0.000007
610,609,150000000000,200000000000,0.000000
610,609,200000000000,250000000000,0.087011
610,609,250000000000,300000000000,0.000025
610,609,300000000000,350000000000,0.000000
610,609,350000000000,400000000000,0.000013
610,609,400000000000,600000000000,0.000000
9,609,0,50000000000,0.000000
9,609,50000000000,100000000000,0.001974
9,609,100000000000,150000000000,0.000007
9,609,150000000000,250000000000,0.000000
9,609,250000000000,300000000000,0.171909
9,609,300000000000,350000000000,0.039931
9,609,350000000000,400000000000,0.000075
9,609,400000000000,450000000000,0.008198
9,609,450000000000,500000000000,0.000013
9,609,500000000000,550000000000,0.000000
9,609,550000000000,600000000000,0.000013
609,9,0,50000000000,0.000000
609,9,50000000000,100000000000,0.085389
609,9,100000000000,150000000000,0.000007
609,9,150000000000,250000000000,0.000000
609,9,250000000000,300000000000,0.004528
609,9,300000000000,350000000000,0.000013
609,9,350000000000,450000000000,0.000027
609,9,450000000000,500000000000,0.000013
609,9,500000000000,550000000000,0.000000
609,9,550000000000,600000000000,0.000013
610,611,0,350000000000,0.000000
610,611,350000000000,400000000000,0.000013
610,611,400000000000,600000000000,0.000000
611,610,0,250000000000,0.000000
611,610,250000000000,300000000000,0.000001
611,610,300000000000,350000000000,0.000000
611,610,350000000000,400000000000,0.000013
611,610,400000000000,600000000000,0.000000
10,610,0,50000000000,0.000034
10,610,50000000000,100000000000,0.003695
10,610,100000000000,150000000000,0.131612
10,610,150000000000,200000000000,0.173535
10,610,200000000000,250000000000,0.084073
10,610,250000000000,350000000000,0.000007
10,610,350000000000,400000000000,0.000024
10,610,400000000000,550000000000,0.000000
10,610,550000000000,600000000000,0.000007
610,10,0,50000000000,0.000034
610,10,50000000000,100000000000,0.209444
610,10,100000000000,150000000000,0.002378
610,10,150000000000,200000000000,0.045194
610,10,200000000000,250000000000,0.090004
610,10,250000000000,350000000000,0.000007
610,10,350000000000,550000000000,0.000000
610,10,550000000000,600000000000,0.000007
611,612,0,350000000000,0.000000
611,612,350000000000,400000000000,0.000013
611,612,400000000000,600000000000,0.000000
612,611,0,350000000000,0.000000
612,611,350000000000,400000000000,0.000013
612,611,400000000000,600000000000,0.000000
11,611,0,100000000000,0.000007
11,611,100000000000,150000000000,0.000000
11,611,150000000000,200000000000,0.002106
11,611,200000000000,250000000000,0.002095
11,611,250000000000,350000000000,0.000000
11,611,350000000000,400000000000,0.000099
11,611,400000000000,450000000000,0.048091
11,611,450000000000,500000000000,0.000020
11,611,500000000000,600000000000,0.000000
611,11,0,100000000000,0.000007
611,11,100000000000,150000000000,0.000000
611,11,150000000000,200000000000,0.086392
611,11,200000000000,250000000000,0.077805
611,11,250000000000,350000000000,0.000000
611,11,350000000000,450000000000,0.000027
611,11,450000000000,500000000000,0.000020
611,11,500000000000,600000000000,0.000000
612,613,0,600000000000,0.000000
613,612,0,600000000000,0.000000
12,612,0,100000000000,0.000000
12,612,100000000000,150000000000,0.173240
12,612,150000000000,200000000000,0.090532
12,612,200000000000,250000000000,0.000027
12,612,250000000000,300000000000,0.000001
12,612,300000000000,350000000000,0.000007
12,612,350000000000,450000000000,0.000000
12,612,450000000000,500000000000,0.000007
12,612,500000000000,600000000000,0.000000
612,12,0,100000000000,0.000000
612,12,100000000000,150000000000,0.052173
612,12,150000000000,200000000000,0.002397
612,12,200000000000,250000000000,0.000027
612,12,250000000000,300000000000,0.000000
612,12,300000000000,350000000000,0.000007
612,12,350000000000,450000000000,0.000000
612,12,450000000000,500000000000,0.000007
612,12,500000000000,600000000000,0.000000
613,614,0,150000000000,0.000000
613,614,150000000000,200000000000,0.001987
613,614,200000000000,600000000000,0.000000
614,613,0,150000000000,0.000000
614,613,150000000000,200000000000,0.087998
614,613,200000000000,600000000000,0.000000
13,613,0,50000000000,0.002148
13,613,50000000000,100000000000,0.000007
13,613,100000000000,150000000000,0.086674
13,613,150000000000,200000000000,0.088654
13,613,200000000000,350000000000,0.000000
13,613,350000000000,400000000000,0.000007
13,613,400000000000,600000000000,0.000000
613,13,0,50000000000,0.086589
613,13,50000000000,100000000000,0.000007
613,13,100000000000,150000000000,0.002158
613,13,150000000000,200000000000,0.090149
613,13,200000000000,350000000000,0.000000
613,13,350000000000,400000000000,0.000007
613,13,400000000000,600000000000,0.000000
614,615,0,150000000000,0.000000
614,615,150000000000,200000000000,0.001987
614,615,200000000000,600000000000,0.000000
615,614,0,150000000000,0.000000
615,614,150000000000,200000000000,0.087998
615,614,200000000000,600000000000,0.000000
14,614,0,600000000000,0.000000
614,14,0,600000000000,0.000000
615,616,0,200000000000,0.000000
615,616,200000000000,250000000000,0.002258
615,616,250000000000,600000000000,0.000000
616,615,0,200000000000,0.000000
616,615,200000000000,250000000000,0.087287
616,615,250000000000,600000000000,0.000000
15,615,0,100000000000,0.000000
15,615,100000000000,150000000000,0.085359
15,615,150000000000,200000000000,0.000000
15,615,200000000000,250000000000,0.000024
15,615,250000000000,600000000000,0.000000
615,15,0,100000000000,0.000000
615,15,100000000000,150000000000,0.001943
615,15,150000000000,600000000000,0.000000
616,617,0,200000000000,0.000000
616,617,200000000000,250000000000,0.002258
616,617,250000000000,600000000000,0.000000
617,616,0,200000000000,0.000000
617,616,200000000000,250000000000,0.087287
617,616,250000000000,600000000000,0.000000
16,616,0,600000000000,0.000000
616,16,0,600000000000,0.000000
617,618,0,200000000000,0.000000
617,618,200000000000,250000000000,0.002258
617,618,250000000000,600000000000,0.000000
618,617,0,200000000000,0.000000
618,617,200000000000,250000000000,0.087287
618,617,250000000000,600000000000,0.000000
17,617,0,600000000000,0.000000
617,17,0,600000000000,0.000000
618,619,0,200000000000,0.000000
618,619,200000000000,250000000000,0.002258
618,619,250000000000,600000000000,0.000000
619,618,0,200000000000,0.000000
619,618,200000000000,250000000000,0.087287
619,618,250000000000,600000000000,0.000000
18,618,0,400000000000,0.000000
18,618,400000000000,500000000000,0.000007
18,618,500000000000,600000000000,0.000000
618,18,0,400000000000,0.000000
618,18,400000000000,500000000000,0.000007
618,18,500000000000,600000000000,0.000000
619,620,0,600000000000,0.000000
620,619,0,600000000000,0.000000
19,619,0,200000000000,0.000000
19,619,200000000000,250000000000,0.000007
19,619,250000000000,600000000000,0.000000
619,19,0,200000000000,0.000000
619,19,200000000000,250000000000,0.000007
619,19,250000000000,600000000000,0.000000
620,621,0,600000000000,0.000000
621,620,0,600000000000,0.000000
20,620,0,600000000000,0.000000
620,20,0,600000000000,0.000000
621,622,0,600000000000,0.000000
622,621,0,600000000000,0.000000
21,621,0,350000000000,0.000000
21,621,350000000000,450000000000,0.000013
21,621,450000000000,500000000000,0.000007
21,621,500000000000,550000000000,0.000013
21,621,550000000000,600000000000,0.000007
621,21,0,350000000000,0.000000
621,21,350000000000,450000000000,0.000013
621,21,450000000000,500000000000,0.000007
621,21,500000000000,550000000000,0.000013
621,21,550000000000,600000000000,0.000007
622,623,0,600000000000,0.000000
623,622,0,600000000000,0.000000
22,622,0,150000000000,0.000000
22,622,150000000000,200000000000,0.000013
22,622,200000000000,350000000000,0.000007
22,622,350000000000,600000000000,0.000000
622,22,0,150000000000,0.000000
622,22,150000000000,200000000000,0.000013
622,22,200000000000,350000000000,0.000007
622,22,350000000000,600000000000,0.000000
623,624,0,600000000000,0.000000
624,623,0,600000000000,0.000000
23,623,0,50000000000,0.090890
23,623,50000000000,100000000000,0.000007
23,623,100000000000,150000000000,0.000013
23,623,150000000000,600000000000,0.000000
623,23,0,50000000000,0.088683
623,23,50000000000,100000000000,0.000007
623,23,100000000000,150000000000,0.000013
623,23,150000000000,600000000000,0.000000
600,624,0,600000000000,0.000000
624,600,0,600000000000,0.000000
24,624,0,600000000000,0.000000
624,24,0,600000000000,0.000000
