625,626,0,0,71226164,142452213,71226164,71226049,142452213,YES
625,626,1,5000000000,5071094555,5142189131,71094555,71094576,142189131,YES
625,626,2,10000000000,10070968799,10141937733,70968799,70968934,141937733,YES
625,626,3,15000000000,15070848660,15141697566,70848660,70848906,141697566,YES
625,626,4,20000000000,20070733985,20141468319,70733985,70734334,141468319,YES
625,626,5,25000000000,25070624635,25141249702,70624635,70625067,141249702,YES
625,626,6,30000000000,30070520519,30141041560,70520519,70521041,141041560,YES
625,626,7,35000000000,35070421584,35140843764,70421584,70422180,140843764,YES
625,626,8,40000000000,40070327818,40140656280,70327818,70328462,140656280,YES
625,626,9,45000000000,45070239257,45140479223,70239257,70239966,140479223,YES
625,626,10,50000000000,50070155973,50140312712,70155973,70156739,140312712,YES
625,626,11,55000000000,55070078084,55140156985,70078084,70078901,140156985,YES
625,626,12,60000000000,60070005734,60140012334,70005734,70006600,140012334,YES
625,626,13,65000000000,65069939102,65139879098,69939102,69939996,139879098,YES
625,626,14,70000000000,70069878383,70139757698,69878383,69879315,139757698,YES
625,626,15,75000000000,75069823785,75139648536,69823785,69824751,139648536,YES
625,626,16,80000000000,80069775517,80139552029,69775517,69776512,139552029,YES
625,626,17,85000000000,85069733774,85139468551,69733774,69734777,139468551,YES
625,626,18,90000000000,90069698725,90139398478,69698725,69699753,139398478,YES
625,626,19,95000000000,95069670515,95139342078,69670515,69671563,139342078,YES
625,626,20,100000000000,100073753874,100147430737,73753874,73676863,147430737,YES
625,626,21,105000000000,105073566023,105147129551,73566023,73563528,147129551,YES
625,626,22,110000000000,110073462080,110151456153,73462080,77994073,151456153,YES
625,626,23,115000000000,115073368026,115146733714,73368026,73365688,146733714,YES
625,626,24,120000000000,120073284231,120146566216,73284231,73281985,146566216,YES
625,626,25,125000000000,125073211028,125146419924,73211028,73208896,146419924,YES
625,626,26,130000000000,130073148685,130155194590,73148685,82045905,155194590,YES
625,626,27,135000000000,135073097422,135146192934,73097422,73095512,146192934,YES
625,626,28,140000000000,140073057399,140146113015,73057399,73055616,146113015,YES
625,626,29,145000000000,145073028747,145146055847,73028747,73027100,146055847,YES
625,626,30,150000000000,150073011549,150146021605,73011549,73010056,146021605,YES
625,626,31,155000000000,155073005879,155146010426,73005879,73004547,146010426,YES
625,626,32,160000000000,160073856262,160146866875,73856262,73010613,146866875,YES
625,626,33,165000000000,165073029280,165146057574,73029280,73028294,146057574,YES
625,626,34,170000000000,170075058635,170149646455,75058635,74587820,149646455,YES
625,626,35,175000000000,175073099063,175146197538,73099063,73098475,146197538,YES
625,626,36,180000000000,180073151283,180146302189,73151283,73150906,146302189,YES
625,626,37,185000000000,185073214946,185149528996,73214946,76314050,149528996,YES
625,626,38,190000000000,190073289904,190146579868,73289904,73289964,146579868,YES
625,626,39,195000000000,195073375960,195146752202,73375960,73376242,146752202,YES
625,626,40,200000000000,200077213468,200150692012,77213468,73478544,150692012,YES
625,626,41,205000000000,205075628149,205149209133,75628149,73580984,149209133,YES
625,626,42,210000000000,210073697677,210147396297,73697677,73698620,147396297,YES
625,626,43,215000000000,215073824787,215147650723,73824787,73825936,147650723,YES
625,626,44,220000000000,220073961046,220147923435,73961046,73962389,147923435,YES
625,626,45,225000000000,225074105929,225148307459,74105929,74201530,148307459,YES
625,626,46,230000000000,230074258914,230149729339,74258914,75470425,149729339,YES
625,626,47,235000000000,235074419417,235148840711,74419417,74421294,148840711,YES
625,626,48,240000000000,240074586926,240149175892,74586926,74588966,149175892,YES
625,626,49,245000000000,245074760911,245149524007,74760911,74763096,149524007,YES
625,626,50,250000000000,250071343713,250142687728,71343713,71344015,142687728,YES
625,626,51,255000000000,255071227347,255142455088,71227347,71227741,142455088,YES
625,626,52,260000000000,260071115665,260142231804,71115665,71116139,142231804,YES
625,626,53,265000000000,265071008533,265142017621,71008533,71009088,142017621,YES
625,626,54,270000000000,270070905843,270141812329,70905843,70906486,141812329,YES
625,626,55,275000000000,275070807556,275141615783,70807556,70808227,141615783,YES
625,626,56,280000000000,280070713616,280141427962,70713616,70714346,141427962,YES
625,626,57,285000000000,285070624062,285141248911,70624062,70624849,141248911,YES
625,626,58,290000000000,290070538951,290141078736,70538951,70539785,141078736,YES
625,626,59,295000000000,295070458376,295142997330,70458376,72538954,142997330,YES
625,626,60,300000000000,300070382460,300140765816,70382460,70383356,140765816,YES
625,626,61,305000000000,305070311361,305140623651,70311361,70312290,140623651,YES
625,626,62,310000000000,310070245252,310140491463,70245252,70246211,140491463,YES
625,626,63,315000000000,315070184320,315140369609,70184320,70185289,140369609,YES
625,626,64,320000000000,320070128773,320140258541,70128773,70129768,140258541,YES
625,626,65,325000000000,325070078816,325140158653,70078816,70079837,140158653,YES
625,626,66,330000000000,330070034642,330140070322,70034642,70035680,140070322,YES
625,626,67,335000000000,335069996424,335139993916,69996424,69997492,139993916,YES
625,626,68,340000000000,340069964322,340139929727,69964322,69965405,139929727,YES
625,626,69,345000000000,345069938448,345139877974,69938448,69939526,139877974,YES
625,626,70,350000000000,350074355221,350148710637,74355221,74355416,148710637,YES
625,626,71,355000000000,355074394323,355148788936,74394323,74394613,148788936,YES
625,626,72,360000000000,360074443098,360148886603,74443098,74443505,148886603,YES
625,626,73,365000000000,365074501958,365149004438,74501958,74502480,149004438,YES
625,626,74,370000000000,370074571233,370149143122,74571233,74571889,149143122,YES
625,626,75,375000000000,375074651185,375149303161,74651185,74651976,149303161,YES
625,626,76,380000000000,380075780506,380150523448,75780506,74742942,150523448,YES
625,626,77,385000000000,385074843770,385149688610,74843770,74844840,149688610,YES
625,626,78,390000000000,390074956510,390149914242,74956510,74957732,149914242,YES
625,626,79,395000000000,395075080141,395150161673,75080141,75081532,150161673,YES
625,626,80,400000000000,400073118508,400148012978,73118508,74894470,148012978,YES
625,626,81,405000000000,405073115712,405146230145,73115712,73114433,146230145,YES
625,626,82,410000000000,410073124322,410146247542,73124322,73123220,146247542,YES
625,626,83,415000000000,415073144395,415146287877,73144395,73143482,146287877,YES
625,626,84,420000000000,420073175971,420146351226,73175971,73175255,146351226,YES
625,626,85,425000000000,425073219054,425146437596,73219054,73218542,146437596,YES
625,626,86,430000000000,430073273615,430146546933,73273615,73273318,146546933,YES
625,626,87,435000000000,435073339570,435146679063,73339570,73339493,146679063,YES
625,626,88,440000000000,440073416777,440146833698,73416777,73416921,146833698,YES
625,626,89,445000000000,445073606088,445147111480,73606088,73505392,147111480,YES
625,626,90,450000000000,450077709024,450151321115,77709024,73612091,151321115,YES
625,626,91,455000000000,455073697261,455147394946,73697261,73697685,147394946,YES
625,626,92,460000000000,460073792725,460147586087,73792725,73793362,147586087,YES
625,626,93,465000000000,465073897759,465147796362,73897759,73898603,147796362,YES
625,626,94,470000000000,470075919798,470149932753,75919798,74012955,149932753,YES
625,626,95,475000000000,475074134530,475148270306,74134530,74135776,148270306,YES
625,626,96,480000000000,480074265202,480150285439,74265202,76020237,150285439,YES
625,626,97,485000000000,485074403368,485148808300,74403368,74404932,148808300,YES
625,626,98,490000000000,490074563697,490152525591,74563697,77961894,152525591,YES
625,626,99,495000000000,495074699991,495149401846,74699991,74701855,149401846,YES
625,626,100,500000000000,500070555297,500141110902,70555297,70555605,141110902,YES
625,626,101,505000000000,505070449218,505140898842,70449218,70449624,140898842,YES
625,626,102,510000000000,510070348482,510140697457,70348482,70348975,140697457,YES
625,626,103,515000000000,515070252997,515140506547,70252997,70253550,140506547,YES
625,626,104,520000000000,520070162715,520140326048,70162715,70163333,140326048,YES
625,626,105,525000000000,525070077612,525140155906,70077612,70078294,140155906,YES
625,626,106,530000000000,530069997704,530139996162,69997704,69998458,139996162,YES
625,626,107,535000000000,535069923045,535139846875,69923045,69923830,139846875,YES
625,626,108,540000000000,540069853709,540139708245,69853709,69854536,139708245,YES
625,626,109,545000000000,545069789785,545139580441,69789785,69790656,139580441,YES
625,626,110,550000000000,550069731388,550139463682,69731388,69732294,139463682,YES
625,626,111,555000000000,555069678630,555139358198,69678630,69679568,139358198,YES
625,626,112,560000000000,560069631633,560139264211,69631633,69632578,139264211,YES
625,626,113,565000000000,565069590500,565139181970,69590500,69591470,139181970,YES
625,626,114,570000000000,570069555322,570139111642,69555322,69556320,139111642,YES
625,626,115,575000000000,575069526179,575139053372,69526179,69527193,139053372,YES
625,626,116,580000000000,580069503102,580139007238,69503102,69504136,139007238,YES
625,626,117,585000000000,585069486099,585138973248,69486099,69487149,138973248,YES
625,626,118,590000000000,590069475132,590138951310,69475132,69476178,138951310,YES
625,626,119,595000000000,595069470127,595138941323,69470127,69471196,138941323,YES
626,627,0,0,66637946,133272326,66637946,66634380,133272326,YES
626,627,1,5000000000,5066418643,5132833797,66418643,66415154,132833797,YES
626,627,2,10000000000,10066208615,10132413793,66208615,66205178,132413793,YES
626,627,3,15000000000,15066008000,15132012623,66008000,66004623,132012623,YES
626,627,4,20000000000,20065816873,20131630458,65816873,65813585,131630458,YES
626,627,5,25000000000,25065635283,25131267345,65635283,65632062,131267345,YES
626,627,6,30000000000,30065463195,30130923247,65463195,65460052,130923247,YES
626,627,7,35000000000,35065300570,35130598080,65300570,65297510,130598080,YES
626,627,8,40000000000,40065147339,40130291721,65147339,65144382,130291721,YES
626,627,9,45000000000,45065003412,45130003977,65003412,65000565,130003977,YES
626,627,10,50000000000,50064868752,50129734749,64868752,64865997,129734749,YES
626,627,11,55000000000,55064743302,55129483962,64743302,64740660,129483962,YES
626,627,12,60000000000,60065557363,60130181868,65557363,64624505,130181868,YES
626,627,13,65000000000,65064519948,65129037516,64519948,64517568,129037516,YES
626,627,14,70000000000,70064422047,70128841867,64422047,64419820,128841867,YES
626,627,15,75000000000,75064333398,75128664716,64333398,64331318,128664716,YES
626,627,16,80000000000,80064254041,80128506156,64254041,64252115,128506156,YES
626,627,17,85000000000,85064184016,85128366268,64184016,64182252,128366268,YES
626,627,18,90000000000,90064123363,90128245125,64123363,64121762,128245125,YES
626,627,19,95000000000,95064072086,95128142747,64072086,64070661,128142747,YES
626,627,20,100000000000,100063990103,100127980591,63990103,63990488,127980591,YES
626,627,21,105000000000,105064112482,105128225530,64112482,64113048,128225530,YES
626,627,22,110000000000,110064246797,110128494340,64246797,64247543,128494340,YES
626,627,23,115000000000,115064393056,115128787048,64393056,64393992,128787048,YES
626,627,24,120000000000,120064551191,120129103503,64551191,64552312,129103503,YES
626,627,25,125000000000,125073409368,125138132039,73409368,64722671,138132039,YES
626,627,26,130000000000,130073462972,130148617946,73462972,75154974,148617946,YES
626,627,27,135000000000,135065094870,135140810330,65094870,75715460,140810330,YES
626,627,28,140000000000,140065298116,140139013686,65298116,73715570,139013686,YES
626,627,29,145000000000,145073140718,145138654784,73140718,65514066,138654784,YES
626,627,30,150000000000,150069772790,150143806557,69772790,74033767,143806557,YES
626,627,31,155000000000,155069875729,155141987759,69875729,72112030,141987759,YES
626,627,32,160000000000,160069987828,160140181173,69987828,70193345,140181173,YES
626,627,33,165000000000,165070108974,165140220868,70108974,70111894,140220868,YES
626,627,34,170000000000,170070239067,170140481190,70239067,70242123,140481190,YES
626,627,35,175000000000,175070378011,175140759215,70378011,70381204,140759215,YES
626,627,36,180000000000,180070525779,180141054873,70525779,70529094,141054873,YES
626,627,37,185000000000,185079303897,185149989930,79303897,70686033,149989930,YES
626,627,38,190000000000,190070847663,190141698850,70847663,70851187,141698850,YES
626,627,39,195000000000,195071021771,195142047151,71021771,71025380,142047151,YES
626,627,40,200000000000,200071204667,200142413034,71204667,71208367,142413034,YES
626,627,41,205000000000,205071396378,205142796556,71396378,71400178,142796556,YES
626,627,42,210000000000,210071596902,210143197675,71596902,71600773,143197675,YES
626,627,43,215000000000,215071806230,215143616397,71806230,71810167,143616397,YES
626,627,44,220000000000,220072024297,220144052604,72024297,72028307,144052604,YES
626,627,45,225000000000,225072251003,225144506077,72251003,72255074,144506077,YES
626,627,46,230000000000,230072486219,230147903305,72486219,75417086,147903305,YES
626,627,47,235000000000,235072965879,235145699807,72965879,72733928,145699807,YES
626,627,48,240000000000,240072981295,240145966829,72981295,72985534,145966829,YES
626,627,49,245000000000,245073240626,245146485536,73240626,73244910,146485536,YES
626,627,50,250000000000,250066399882,250132796303,66399882,66396421,132796303,YES
626,627,51,255000000000,255066185845,255132368291,66185845,66182446,132368291,YES
626,627,52,260000000000,260125936646,260191969842,125936646,66033196,191969842,YES
626,627,53,265000000000,265147242860,265213042113,147242860,65799253,213042113,YES
626,627,54,270000000000,270211462346,270283315486,211462346,71853140,283315486,YES
626,627,55,275000000000,275205058146,275270475997,205058146,65417851,270475997,YES
626,627,56,280000000000,280077439334,280142695780,77439334,65256446,142695780,YES
626,627,57,285000000000,285065103573,285130204214,65103573,65100641,130204214,YES
626,627,58,290000000000,-1,-1,-1,-1,-1,LOST
626,627,59,295000000000,295067813842,295196793682,67813842,128979840,196793682,YES
626,627,60,300000000000,300064691183,300143999211,64691183,79308028,143999211,YES
626,627,61,305000000000,305064572237,305129141965,64572237,64569728,129141965,YES
626,627,62,310000000000,310064462432,310128922476,64462432,64460044,128922476,YES
626,627,63,315000000000,315064361708,315128721170,64361708,64359462,128721170,YES
626,627,64,320000000000,320064270067,320128538023,64270067,64267956,128538023,YES
626,627,65,325000000000,325064187488,325128373011,64187488,64185523,128373011,YES
626,627,66,330000000000,330064113977,330128226133,64113977,64112156,128226133,YES
626,627,67,335000000000,335064049518,335128097371,64049518,64047853,128097371,YES
626,627,68,340000000000,340063994099,340127986677,63994099,63992578,127986677,YES
626,627,69,345000000000,345064692170,345128638494,64692170,63946324,128638494,YES
626,627,70,350000000000,350068348862,350132744421,68348862,64395559,132744421,YES
626,627,71,355000000000,355064539781,355129080261,64539781,64540480,129080261,YES
626,627,72,360000000000,360064695679,360129392233,64695679,64696554,129392233,YES
626,627,73,365000000000,365064862528,365129726102,64862528,64863574,129726102,YES
626,627,74,370000000000,370065040173,370130081590,65040173,65041417,130081590,YES
626,627,75,375000000000,375065228412,375131776545,65228412,66548133,131776545,YES
626,627,76,380000000000,380065426968,380130855545,65426968,65428577,130855545,YES
626,627,77,385000000000,385065635512,385131272817,65635512,65637305,131272817,YES
626,627,78,390000000000,390065853659,390131709290,65853659,65855631,131709290,YES
626,627,79,395000000000,395066080988,395132164134,66080988,66083146,132164134,YES
626,627,80,400000000000,400070031357,400140065200,70031357,70033843,140065200,YES
626,627,81,405000000000,405070150554,405140303759,70150554,70153205,140303759,YES
626,627,82,410000000000,410070279581,410140561964,70279581,70282383,140561964,YES
626,627,83,415000000000,415070418371,415140839696,70418371,70421325,140839696,YES
626,627,84,420000000000,420070566905,420141136895,70566905,70569990,141136895,YES
626,627,85,425000000000,425070725128,425141453476,70725128,70728348,141453476,YES
626,627,86,430000000000,430074130643,430145027071,74130643,70896428,145027071,YES
626,627,87,435000000000,435078276491,435149350617,78276491,71074126,149350617,YES
626,627,88,440000000000,440076430796,440147691911,76430796,71261115,147691911,YES
626,627,89,445000000000,445071453739,445142911108,71453739,71457369,142911108,YES
626,627,90,450000000000,450065728851,450131676224,65728851,65947373,131676224,YES
626,627,91,455000000000,455065749142,455131500244,65749142,65751102,131500244,YES
626,627,92,460000000000,460065778472,460133607413,65778472,67828941,133607413,YES
626,627,93,465000000000,465065817000,465131744412,65817000,65927412,131744412,YES
626,627,94,470000000000,470065864886,470135887957,65864886,70023071,135887957,YES
626,627,95,475000000000,475065922238,475131846683,65922238,65924445,131846683,YES
626,627,96,480000000000,480065989133,480131980524,65989133,65991391,131980524,YES
626,627,97,485000000000,485069230043,485135297965,69230043,66067922,135297965,YES
626,627,98,490000000000,490067295103,490133448962,67295103,66153859,133448962,YES
626,627,99,495000000000,495066246759,495132495906,66246759,66249147,132495906,YES
626,627,100,500000000000,500065563445,500131123760,65563445,65560315,131123760,YES
626,627,101,505000000000,505065387325,505130771610,65387325,65384285,130771610,YES
626,627,102,510000000000,510065220973,510130438985,65220973,65218012,130438985,YES
626,627,103,515000000000,515065064310,515130125742,65064310,65061432,130125742,YES
626,627,104,520000000000,520064917222,520129831658,64917222,64914436,129831658,YES
626,627,105,525000000000,525064779595,525129556513,64779595,64776918,129556513,YES
626,627,106,530000000000,530064651304,530129300034,64651304,64648730,129300034,YES
626,627,107,535000000000,535064532221,535129061976,64532221,64529755,129061976,YES
626,627,108,540000000000,540064422248,540128842144,64422248,64419896,128842144,YES
626,627,109,545000000000,545064321275,545128640327,64321275,64319052,128640327,YES
626,627,110,550000000000,550059892607,550119784275,59892607,59891668,119784275,YES
626,627,111,555000000000,555059868560,555119736307,59868560,59867747,119736307,YES
626,627,112,560000000000,560059856000,560119711321,59856000,59855321,119711321,YES
626,627,113,565000000000,565059855012,565119709485,59855012,59854473,119709485,YES
626,627,114,570000000000,570059865620,570119730843,59865620,59865223,119730843,YES
626,627,115,575000000000,575059887789,575119775325,59887789,59887536,119775325,YES
626,627,116,580000000000,580059921427,580119842748,59921427,59921321,119842748,YES
626,627,117,585000000000,585059966376,585119932796,59966376,59966420,119932796,YES
626,627,118,590000000000,590060022429,590120045061,60022429,60022632,120045061,YES
626,627,119,595000000000,595060089323,595120178995,60089323,60089672,120178995,YES
627,628,0,0,61220631,122439311,61220631,61218680,122439311,YES
627,628,1,5000000000,5061127140,5122252513,61127140,61125373,122252513,YES
627,628,2,10000000000,10061046585,10122091583,61046585,61044998,122091583,YES
627,628,3,15000000000,15060978732,15121956050,60978732,60977318,121956050,YES
627,628,4,20000000000,20060923262,20121845274,60923262,60922012,121845274,YES
627,628,5,25000000000,25060879748,25121758412,60879748,60878664,121758412,YES
627,628,6,30000000000,30060847691,30121694466,60847691,60846775,121694466,YES
627,628,7,35000000000,35060826539,35121652314,60826539,60825775,121652314,YES
627,628,8,40000000000,40060815694,40121630766,60815694,60815072,121630766,YES
627,628,9,45000000000,45060814538,45121628587,60814538,60814049,121628587,YES
627,628,10,50000000000,50060822439,50121644511,60822439,60822072,121644511,YES
627,628,11,55000000000,55060838775,55121677315,60838775,60838540,121677315,YES
627,628,12,60000000000,60060862974,60121725822,60862974,60862848,121725822,YES
627,628,13,65000000000,65060894449,65121788870,60894449,60894421,121788870,YES
627,628,14,70000000000,70060932657,70121865379,60932657,60932722,121865379,YES
627,628,15,75000000000,75060977100,75121954348,60977100,60977248,121954348,YES
627,628,16,80000000000,80061027304,80122605856,61027304,61578552,122605856,YES
627,628,17,85000000000,85061082836,85122768533,61082836,61685697,122768533,YES
627,628,18,90000000000,90061143303,90122286982,61143303,61143679,122286982,YES
627,628,19,95000000000,95061208343,95122417117,61208343,61208774,122417117,YES
627,628,20,100000000000,100069249133,100138501294,69249133,69252161,138501294,YES
627,628,21,105000000000,105069422821,105138848819,69422821,69425998,138848819,YES
627,628,22,110000000000,110069605902,110139215125,69605902,69609223,139215125,YES
627,628,23,115000000000,115069798097,115139599648,69798097,69801551,139599648,YES
627,628,24,120000000000,120069999116,120140001836,69999116,70002720,140001836,YES
627,628,25,125000000000,125070309608,125151543627,70309608,81234019,151543627,YES
627,628,26,130000000000,130082140233,130152570980,82140233,70430747,152570980,YES
627,628,27,135000000000,135082450607,135153107059,82450607,70656452,153107059,YES
627,628,28,140000000000,140078598681,140149488115,78598681,70889434,149488115,YES
627,628,29,145000000000,145071125176,145148046214,71125176,76921038,148046214,YES
627,628,30,150000000000,150059749853,150119324353,59749853,59574500,119324353,YES
627,628,31,155000000000,155059022063,155117895297,59022063,58873234,117895297,YES
627,628,32,160000000000,160058734083,160117466605,58734083,58732522,117466605,YES
627,628,33,165000000000,165058611940,165118214633,58611940,59602693,118214633,YES
627,628,34,170000000000,170058473747,170116946119,58473747,58472372,116946119,YES
627,628,35,175000000000,175058355380,175116709488,58355380,58354108,116709488,YES
627,628,36,180000000000,180058245691,180116490220,58245691,58244529,116490220,YES
627,628,37,185000000000,185058145306,185116289572,58145306,58144266,116289572,YES
627,628,38,190000000000,190058876657,190116930611,58876657,58053954,116930611,YES
627,628,39,195000000000,195057975010,195115949254,57975010,57974244,115949254,YES
627,628,40,200000000000,200057872748,200115744871,57872748,57872123,115744871,YES
627,628,41,205000000000,205057815858,205115631237,57815858,57815379,115631237,YES
627,628,42,210000000000,210057771262,210117232468,57771262,59461206,117232468,YES
627,628,43,215000000000,215057739411,215115478649,57739411,57739238,115478649,YES
627,628,44,220000000000,220057720658,220116704182,57720658,58983524,116704182,YES
627,628,45,225000000000,225057715251,225115430649,57715251,57715398,115430649,YES
627,628,46,230000000000,230066300569,230124824217,66300569,58523648,124824217,YES
627,628,47,235000000000,235057744877,235115490218,57744877,57745341,115490218,YES
627,628,48,240000000000,240059357760,240117437978,59357760,58080218,117437978,YES
627,628,49,245000000000,245058518344,245116346967,58518344,57828623,116346967,YES
627,628,50,250000000000,250060787986,250121987690,60787986,61199704,121987690,YES
627,628,51,255000000000,255060700677,255121399644,60700677,60698967,121399644,YES
627,628,52,260000000000,260060626701,260187952731,60626701,127326030,187952731,YES
627,628,53,265000000000,265074961676,265223025475,74961676,148063799,223025475,YES
627,628,54,270000000000,270071029950,270306797150,71029950,235767200,306797150,YES
627,628,55,275000000000,275060481204,275256581632,60481204,196100428,256581632,YES
627,628,56,280000000000,280060456535,280131439285,60456535,70982750,131439285,YES
627,628,57,285000000000,285060442779,285120884864,60442779,60442085,120884864,YES
627,628,58,290000000000,290069796775,290130235530,69796775,60438755,130235530,YES
627,628,59,295000000000,295069430153,295129875182,69430153,60445029,129875182,YES
627,628,60,300000000000,300076092419,300136552687,76092419,60460268,136552687,YES
627,628,61,305000000000,305060483856,305120967528,60483856,60483672,120967528,YES
627,628,62,310000000000,310060514895,310121029712,60514895,60514817,121029712,YES
627,628,63,315000000000,315060553019,315121106055,60553019,60553036,121106055,YES
627,628,64,320000000000,320060597686,320121195473,60597686,60597787,121195473,YES
627,628,65,325000000000,325060648381,325121296946,60648381,60648565,121296946,YES
627,628,66,330000000000,330060704644,330121409547,60704644,60704903,121409547,YES
627,628,67,335000000000,335060766036,335121532400,60766036,60766364,121532400,YES
627,628,68,340000000000,340060832173,340121664734,60832173,60832561,121664734,YES
627,628,69,345000000000,345060902697,345121805840,60902697,60903143,121805840,YES
627,628,70,350000000000,350069384100,350140093258,69384100,70709158,140093258,YES
627,628,71,355000000000,355069579153,355139161958,69579153,69582805,139161958,YES
627,628,72,360000000000,360069783235,360142492714,69783235,72709479,142492714,YES
627,628,73,365000000000,365069996008,365139995930,69996008,69999922,139995930,YES
627,628,74,370000000000,370070217143,370140438306,70217143,70221163,140438306,YES
627,628,75,375000000000,375070446256,375140896638,70446256,70450382,140896638,YES
627,628,76,380000000000,380070682991,380141370222,70682991,70687231,141370222,YES
627,628,77,385000000000,385070926970,385141858277,70926970,70931307,141858277,YES
627,628,78,390000000000,390071177832,390142360113,71177832,71182281,142360113,YES
627,628,79,395000000000,395071435226,395142874973,71435226,71439747,142874973,YES
627,628,80,400000000000,400058435905,400116870426,58435905,58434521,116870426,YES
627,628,81,405000000000,405058312959,405116624632,58312959,58311673,116624632,YES
627,628,82,410000000000,410058198462,410116395757,58198462,58197295,116395757,YES
627,628,83,415000000000,415058093052,415116185053,58093052,58092001,116185053,YES
627,628,84,420000000000,420057997380,420115993841,57997380,57996461,115993841,YES
627,628,85,425000000000,425057912095,425115823398,57912095,57911303,115823398,YES
627,628,86,430000000000,430057837842,430115675025,57837842,57837183,115675025,YES
627,628,87,435000000000,435057775232,435115549944,57775232,57774712,115549944,YES
627,628,88,440000000000,440057724825,440115449276,57724825,57724451,115449276,YES
627,628,89,445000000000,445057687128,445115374031,57687128,57686903,115374031,YES
627,628,90,450000000000,450061297897,450122592852,61297897,61294955,122592852,YES
627,628,91,455000000000,455061125651,455122248506,61125651,61122855,122248506,YES
627,628,92,460000000000,460060966233,460121929835,60966233,60963602,121929835,YES
627,628,93,465000000000,465060820092,465121637711,60820092,60817619,121637711,YES
627,628,94,470000000000,470060687585,470121372859,60687585,60685274,121372859,YES
627,628,95,475000000000,475060568935,475121135733,60568935,60566798,121135733,YES
627,628,96,480000000000,480060464245,480120926535,60464245,60462290,120926535,YES
627,628,97,485000000000,485060373473,485120745170,60373473,60371697,120745170,YES
627,628,98,490000000000,490060296453,490120591312,60296453,60294859,120591312,YES
627,628,99,495000000000,495060232883,495120464351,60232883,60231468,120464351,YES
627,628,100,500000000000,500060215952,500120430665,60215952,60214713,120430665,YES
627,628,101,505000000000,505060177940,505120354819,60177940,60176879,120354819,YES
627,628,102,510000000000,510060151876,510120302852,60151876,60150976,120302852,YES
627,628,103,515000000000,515060137108,515120273472,60137108,60136364,120273472,YES
627,628,104,520000000000,520060132955,520120265313,60132955,60132358,120265313,YES
627,628,105,525000000000,525060138724,525120276984,60138724,60138260,120276984,YES
627,628,106,530000000000,530060153724,530120307114,60153724,60153390,120307114,YES
627,628,107,535000000000,535060177281,535120354344,60177281,60177063,120354344,YES
627,628,108,540000000000,540060208742,540120417374,60208742,60208632,120417374,YES
627,628,109,545000000000,545060247495,545120494978,60247495,60247483,120494978,YES
627,628,110,550000000000,550068260484,550136523508,68260484,68263024,136523508,YES
627,628,111,555000000000,555068390685,555136784083,68390685,68393398,136784083,YES
627,628,112,560000000000,560068531866,560137066605,68531866,68534739,137066605,YES
627,628,113,565000000000,565068683911,565137370853,68683911,68686942,137370853,YES
627,628,114,570000000000,570068846685,570137696556,68846685,68849871,137696556,YES
627,628,115,575000000000,575069019958,575138043252,69019958,69023294,138043252,YES
627,628,116,580000000000,580069203477,580138410435,69203477,69206958,138410435,YES
627,628,117,585000000000,585069396948,585138797521,69396948,69400573,138797521,YES
627,628,118,590000000000,590069600029,590139203810,69600029,69603781,139203810,YES
627,628,119,595000000000,595069812361,595139628605,69812361,69816244,139628605,YES
628,629,0,0,75748483,151498837,75748483,75750354,151498837,YES
628,629,1,5000000000,5075841408,5151684851,75841408,75843443,151684851,YES
628,629,2,10000000000,10075944881,10151891969,75944881,75947088,151891969,YES
628,629,3,15000000000,15076059073,15153263057,76059073,77203984,153263057,YES
628,629,4,20000000000,20076184144,20152370793,76184144,76186649,152370793,YES
628,629,5,25000000000,25076320174,25152643001,76320174,76322827,152643001,YES
628,629,6,30000000000,30076467207,30152937202,76467207,76469995,152937202,YES
628,629,7,35000000000,35076625211,35153253341,76625211,76628130,153253341,YES
628,629,8,40000000000,40077986924,40154784120,77986924,76797196,154784120,YES
628,629,9,45000000000,45076973720,45153950602,76973720,76976882,153950602,YES
628,629,10,50000000000,50077163814,50154330895,77163814,77167081,154330895,YES
628,629,11,55000000000,55077364060,55154731489,77364060,77367429,154731489,YES
628,629,12,60000000000,60077574080,60155151634,77574080,77577554,155151634,YES
628,629,13,65000000000,65077793415,65155590387,77793415,77796972,155590387,YES
628,629,14,70000000000,70078021567,70156046775,78021567,78025208,156046775,YES
628,629,15,75000000000,75078257991,75156519713,78257991,78261722,156519713,YES
628,629,16,80000000000,80079555711,80158061711,79555711,78506000,158061711,YES
628,629,17,85000000000,85079792283,85158549670,79792283,78757387,158549670,YES
628,629,18,90000000000,90079011366,90158026689,79011366,79015323,158026689,YES
628,629,19,95000000000,95079275350,95158554711,79275350,79279361,158554711,YES
628,629,20,100000000000,100073152882,100146306162,73152882,73153280,146306162,YES
628,629,21,105000000000,105073239591,105146479707,73239591,73240116,146479707,YES
628,629,22,110000000000,110073334250,110146669144,73334250,73334894,146669144,YES
628,629,23,115000000000,115073436471,115146873706,73436471,73437235,146873706,YES
628,629,24,120000000000,120073545878,120147092633,73545878,73546755,147092633,YES
628,629,25,125000000000,125073662099,125147325189,73662099,73663090,147325189,YES
628,629,26,130000000000,130073784802,130147570697,73784802,73785895,147570697,YES
628,629,27,135000000000,135073913614,135147828427,73913614,73914813,147828427,YES
628,629,28,140000000000,140074048222,140148097766,74048222,74049544,148097766,YES
628,629,29,145000000000,145074188317,145148378052,74188317,74189735,148378052,YES
628,629,30,150000000000,150067803323,150135604600,67803323,67801277,135604600,YES
628,629,31,155000000000,155067777619,155135553269,67777619,67775650,135553269,YES
628,629,32,160000000000,160067758544,160135515201,67758544,67756657,135515201,YES
628,629,33,165000000000,165067746142,165135490488,67746142,67744346,135490488,YES
628,629,34,170000000000,170067740481,170135479263,67740481,67738782,135479263,YES
628,629,35,175000000000,175067741656,175138380205,67741656,70638549,138380205,YES
628,629,36,180000000000,180067749771,180137834797,67749771,70085026,137834797,YES
628,629,37,185000000000,185067764949,185135528523,67764949,67763574,135528523,YES
628,629,38,190000000000,190067787334,190135573424,67787334,67786090,135573424,YES
628,629,39,195000000000,195067817077,195135633048,67817077,67815971,135633048,YES
628,629,40,200000000000,200070096436,200140191801,70096436,70095365,140191801,YES
628,629,41,205000000000,205072060828,205142091095,72060828,70030267,142091095,YES
628,629,42,210000000000,210069977310,210139953883,69977310,69976573,139953883,YES
628,629,43,215000000000,215069935165,215139869762,69935165,69934597,139869762,YES
628,629,44,220000000000,220069905080,220139809773,69905080,69904693,139809773,YES
628,629,45,225000000000,225069887301,225139774394,69887301,69887093,139774394,YES
628,629,46,230000000000,230069881973,230139763923,69881973,69881950,139763923,YES
628,629,47,235000000000,235069889149,235139778456,69889149,69889307,139778456,YES
628,629,48,240000000000,240069908776,240139817894,69908776,69909118,139817894,YES
628,629,49,245000000000,245069940713,245139881943,69940713,69941230,139881943,YES
628,629,50,250000000000,250076901031,250152602448,76901031,75701417,152602448,YES
628,629,51,255000000000,255075815789,255151633739,75815789,75817950,151633739,YES
628,629,52,260000000000,260075944194,260151890715,75944194,75946521,151890715,YES
628,629,53,265000000000,265076084623,265152171738,76084623,76087115,152171738,YES
628,629,54,270000000000,270076236993,270153152097,76236993,76915104,153152097,YES
628,629,55,275000000000,275076401129,275152805064,76401129,76403935,152805064,YES
628,629,56,280000000000,280076576770,280153156480,76576770,76579710,153156480,YES
628,629,57,285000000000,285076763561,285153530205,76763561,76766644,153530205,YES
628,629,58,290000000000,290076961083,290153925367,76961083,76964284,153925367,YES
628,629,59,295000000000,295077168845,295155314658,77168845,78145813,155314658,YES
628,629,60,300000000000,300077386304,300154776053,77386304,77389749,154776053,YES
628,629,61,305000000000,305077612888,305155229311,77612888,77616423,155229311,YES
628,629,62,310000000000,310077847981,310155699580,77847981,77851599,155699580,YES
628,629,63,315000000000,315078090983,315156185693,78090983,78094710,156185693,YES
628,629,64,320000000000,320078341282,320156686350,78341282,78345068,156686350,YES
628,629,65,325000000000,325078598255,325157200380,78598255,78602125,157200380,YES
628,629,66,330000000000,330078861351,330157726648,78861351,78865297,157726648,YES
628,629,67,335000000000,335079130014,335158264066,79130014,79134052,158264066,YES
628,629,68,340000000000,340079403747,340158811584,79403747,79407837,158811584,YES
628,629,69,345000000000,345079682071,345159368272,79682071,79686201,159368272,YES
628,629,70,350000000000,350079868740,350158535005,79868740,78666265,158535005,YES
628,629,71,355000000000,355078592921,355157185115,78592921,78592194,157185115,YES
628,629,72,360000000000,360078527655,360157054724,78527655,78527069,157054724,YES
628,629,73,365000000000,365078471105,365156941747,78471105,78470642,156941747,YES
628,629,74,370000000000,370078422968,370156845595,78422968,78422627,156845595,YES
628,629,75,375000000000,375078382910,375156765604,78382910,78382694,156765604,YES
628,629,76,380000000000,380078350594,380156701092,78350594,78350498,156701092,YES
628,629,77,385000000000,385078325657,385156651333,78325657,78325676,156651333,YES
628,629,78,390000000000,390078307745,390156615616,78307745,78307871,156615616,YES
628,629,79,395000000000,395078296485,395156593201,78296485,78296716,156593201,YES
628,629,80,400000000000,400070756491,400142033739,70756491,71277248,142033739,YES
628,629,81,405000000000,405070630262,405141258655,70630262,70628393,141258655,YES
628,629,82,410000000000,410070512014,410141022277,70512014,70510263,141022277,YES
628,629,83,415000000000,415070402294,415140802965,70402294,70400671,140802965,YES
628,629,84,420000000000,420070301653,420140601818,70301653,70300165,140601818,YES
628,629,85,425000000000,425070210647,425140419953,70210647,70209306,140419953,YES
628,629,86,430000000000,430070129826,430140258467,70129826,70128641,140258467,YES
628,629,87,435000000000,435070059714,435140118408,70059714,70058694,140118408,YES
628,629,88,440000000000,440070000803,440140000768,70000803,69999965,140000768,YES
628,629,89,445000000000,445069953536,445139906416,69953536,69952880,139906416,YES
628,629,90,450000000000,450069918286,450139836100,69918286,69917814,139836100,YES
628,629,91,455000000000,455069895344,455139790410,69895344,69895066,139790410,YES
628,629,92,460000000000,460069884917,460139769751,69884917,69884834,139769751,YES
628,629,93,465000000000,465069887107,465139774321,69887107,69887214,139774321,YES
628,629,94,470000000000,470069901904,470139804108,69901904,69902204,139804108,YES
628,629,95,475000000000,475069929199,475139858891,69929199,69929692,139858891,YES
628,629,96,480000000000,480069968784,480139938247,69968784,69969463,139938247,YES
628,629,97,485000000000,485070020353,485140041570,70020353,70021217,140041570,YES
628,629,98,490000000000,490070083526,490140168096,70083526,70084570,140168096,YES
628,629,99,495000000000,495070157854,495140316916,70157854,70159062,140316916,YES
628,629,100,500000000000,500076413120,500152828921,76413120,76415801,152828921,YES
628,629,101,505000000000,505076554005,505153110843,76554005,76556838,153110843,YES
628,629,102,510000000000,510076705932,510153414852,76705932,76708920,153414852,YES
628,629,103,515000000000,515076868771,515153740664,76868771,76871893,153740664,YES
628,629,104,520000000000,520077042338,520154087927,77042338,77045589,154087927,YES
628,629,105,525000000000,525077226399,525154456156,77226399,77229757,154456156,YES
628,629,106,530000000000,530077420654,530154844788,77420654,77424134,154844788,YES
628,629,107,535000000000,535077624752,535155253078,77624752,77628326,155253078,YES
628,629,108,540000000000,540077838277,540155680211,77838277,77841934,155680211,YES
628,629,109,545000000000,545078060772,545156125298,78060772,78064526,156125298,YES
628,629,110,550000000000,550072442503,550144884552,72442503,72442049,144884552,YES
628,629,111,555000000000,555072468895,555144937482,72468895,72468587,144937482,YES
628,629,112,560000000000,560072506166,560145012166,72506166,72506000,145012166,YES
628,629,113,565000000000,565072554009,565145107997,72554009,72553988,145107997,YES
628,629,114,570000000000,570072612096,570145224318,72612096,72612222,145224318,YES
628,629,115,575000000000,575072680064,575145360399,72680064,72680335,145360399,YES
628,629,116,580000000000,580072757532,580145515476,72757532,72757944,145515476,YES
628,629,117,585000000000,585072844095,585145688745,72844095,72844650,145688745,YES
628,629,118,590000000000,590072939348,590145879394,72939348,72940046,145879394,YES
628,629,119,595000000000,595073042879,595146086610,73042879,73043731,146086610,YES
629,630,0,0,89463961,178926026,89463961,89462065,178926026,YES
629,630,1,5000000000,5089331352,5195950118,89331352,106618766,195950118,YES
629,630,2,10000000000,10102354566,10191560797,102354566,89206231,191560797,YES
629,630,3,15000000000,15091800054,15180893289,91800054,89093235,180893289,YES
629,630,4,20000000000,20089697052,20178687545,89697052,88990493,178687545,YES
629,630,5,25000000000,25092160691,25181059427,92160691,88898736,181059427,YES
629,630,6,30000000000,30088819154,30177637923,88819154,88818769,177637923,YES
629,630,7,35000000000,35088751042,35177501983,88751042,88750941,177501983,YES
629,630,8,40000000000,40088695638,40177391460,88695638,88695822,177391460,YES
629,630,9,45000000000,45088653384,45178017956,88653384,89364572,178017956,YES
629,630,10,50000000000,50088624646,50177250060,88624646,88625414,177250060,YES
629,630,11,55000000000,55088609723,55177220499,88609723,88610776,177220499,YES
629,630,12,60000000000,60088608823,60177218979,88608823,88610156,177218979,YES
629,630,13,65000000000,65088622076,65177245755,88622076,88623679,177245755,YES
629,630,14,70000000000,70088649530,70177300926,88649530,88651396,177300926,YES
629,630,15,75000000000,75088691156,75177384425,88691156,88693269,177384425,YES
629,630,16,80000000000,80088746843,80180543937,88746843,91797094,180543937,YES
629,630,17,85000000000,85088816405,85181909833,88816405,93093428,181909833,YES
629,630,18,90000000000,90088899583,90177801946,88899583,88902363,177801946,YES
629,630,19,95000000000,95088996050,95177995074,88996050,88999024,177995074,YES
629,630,20,100000000000,100089105415,100178213984,89105415,89108569,178213984,YES
629,630,21,105000000000,105089227215,105178457770,89227215,89230555,178457770,YES
629,630,22,110000000000,110089360955,110178725410,89360955,89364455,178725410,YES
629,630,23,115000000000,115089506089,115179015825,89506089,89509736,179015825,YES
629,630,24,120000000000,120089662041,120179327867,89662041,89665826,179327867,YES
629,630,25,125000000000,125089828225,125179660358,89828225,89832133,179660358,YES
629,630,26,130000000000,130090004032,130180012123,90004032,90008091,180012123,YES
629,630,27,135000000000,135090188876,135180381923,90188876,90193047,180381923,YES
629,630,28,140000000000,140090382191,140180768646,90382191,90386455,180768646,YES
629,630,29,145000000000,145090583392,145181171163,90583392,90587771,181171163,YES
629,630,30,150000000000,150075620684,150151242653,75620684,75621969,151242653,YES
629,630,31,155000000000,155075680888,155151363188,75680888,75682300,151363188,YES
629,630,32,160000000000,160075751127,160151503786,75751127,75752659,151503786,YES
629,630,33,165000000000,165075831020,165151663691,75831020,75832671,151663691,YES
629,630,34,170000000000,170075920182,170151842123,75920182,75921941,151842123,YES
629,630,35,175000000000,175079008976,175155029103,79008976,76020127,155029103,YES
629,630,36,180000000000,180078561782,180154688449,78561782,76126667,154688449,YES
629,630,37,185000000000,185076239091,185152480260,76239091,76241169,152480260,YES
629,630,38,190000000000,190076361130,190152724429,76361130,76363299,152724429,YES
629,630,39,195000000000,195076490342,195152982942,76490342,76492600,152982942,YES
629,630,40,200000000000,200072047374,200144093842,72047374,72046468,144093842,YES
629,630,41,205000000000,205072281242,205144361472,72281242,72080230,144361472,YES
629,630,42,210000000000,210072123788,210144246998,72123788,72123210,144246998,YES
629,630,43,215000000000,215072175749,215144351088,72175749,72175339,144351088,YES
629,630,44,220000000000,220072236763,220144473288,72236763,72236525,144473288,YES
629,630,45,225000000000,225072306718,225144613372,72306718,72306654,144613372,YES
629,630,46,230000000000,230072385478,230144771070,72385478,72385592,144771070,YES
629,630,47,235000000000,235072472871,235144946031,72472871,72473160,144946031,YES
629,630,48,240000000000,240072568705,240145137872,72568705,72569167,145137872,YES
629,630,49,245000000000,245072672752,245145346138,72672752,72673386,145346138,YES
629,630,50,250000000000,250088980189,250181138684,88980189,92158495,181138684,YES
629,630,51,255000000000,255088880227,255178413596,88880227,89533369,178413596,YES
629,630,52,260000000000,260088791625,260177582705,88791625,88791080,177582705,YES
629,630,53,265000000000,265088714949,265177429633,88714949,88714684,177429633,YES
629,630,54,270000000000,270088650741,270177301500,88650741,88650759,177301500,YES
629,630,55,275000000000,275088599476,275177199258,88599476,88599782,177199258,YES
629,630,56,280000000000,280088561576,280177123748,88561576,88562172,177123748,YES
629,630,57,285000000000,285088537400,285177075679,88537400,88538279,177075679,YES
629,630,58,290000000000,290088527215,290177055589,88527215,88528374,177055589,YES
629,630,59,295000000000,295088531224,295177734250,88531224,89203026,177734250,YES
629,630,60,300000000000,300088549544,300177100786,88549544,88551242,177100786,YES
629,630,61,305000000000,305088582215,305177166381,88582215,88584166,177166381,YES
629,630,62,310000000000,310088629196,310177260582,88629196,88631386,177260582,YES
629,630,63,315000000000,315088690360,315177383137,88690360,88692777,177383137,YES
629,630,64,320000000000,320088765505,320177533639,88765505,88768134,177533639,YES
629,630,65,325000000000,325088854347,325177711523,88854347,88857176,177711523,YES
629,630,66,330000000000,330088956520,330177916054,88956520,88959534,177916054,YES
629,630,67,335000000000,335089071589,335178146366,89071589,89074777,178146366,YES
629,630,68,340000000000,340089199058,340178401467,89199058,89202409,178401467,YES
629,630,69,345000000000,345089338377,345178680272,89338377,89341895,178680272,YES
629,630,70,350000000000,350051118172,350102235841,51118172,51117669,102235841,YES
629,630,71,355000000000,355051102789,355102205173,51102789,51102384,102205173,YES
629,630,72,360000000000,360051097963,360102195618,51097963,51097655,102195618,YES
629,630,73,365000000000,365051103123,365102206037,51103123,51102914,102206037,YES
629,630,74,370000000000,370051117700,370102235277,51117700,51117577,102235277,YES
629,630,75,375000000000,375051141088,375102282134,51141088,51141046,102282134,YES
629,630,76,380000000000,380051172691,380102345419,51172691,51172728,102345419,YES
629,630,77,385000000000,385051211929,385102423968,51211929,51212039,102423968,YES
629,630,78,390000000000,390051258243,390102516663,51258243,51258420,102516663,YES
629,630,79,395000000000,395051311092,395102622428,51311092,51311336,102622428,YES
629,630,80,400000000000,400071878272,400143754824,71878272,71876552,143754824,YES
629,630,81,405000000000,405071836213,405144614221,71836213,72778008,144614221,YES
629,630,82,410000000000,410071803723,410143605968,71803723,71802245,143605968,YES
629,630,83,415000000000,415071780875,415143560395,71780875,71779520,143560395,YES
629,630,84,420000000000,420071767705,420143534192,71767705,71766487,143534192,YES
629,630,85,425000000000,425071764243,425143527407,71764243,71763164,143527407,YES
629,630,86,430000000000,430071770486,430143540041,71770486,71769555,143540041,YES
629,630,87,435000000000,435071786406,435143572040,71786406,71785634,143572040,YES
629,630,88,440000000000,440071811972,440143623321,71811972,71811349,143623321,YES
629,630,89,445000000000,445071847110,445143693756,71847110,71846646,143693756,YES
629,630,90,450000000000,450071891726,450143783153,71891726,71891427,143783153,YES
629,630,91,455000000000,455071945704,455143891276,71945704,71945572,143891276,YES
629,630,92,460000000000,460072008898,460144017843,72008898,72008945,144017843,YES
629,630,93,465000000000,465072081135,465144162486,72081135,72081351,144162486,YES
629,630,94,470000000000,470072162222,470144324825,72162222,72162603,144324825,YES
629,630,95,475000000000,475072251936,475144504416,72251936,72252480,144504416,YES
629,630,96,480000000000,480072350025,480144700760,72350025,72350735,144700760,YES
629,630,97,485000000000,485072456230,485144913331,72456230,72457101,144913331,YES
629,630,98,490000000000,490072570276,490145141561,72570276,72571285,145141561,YES
629,630,99,495000000000,495072691830,495145384819,72691830,72692989,145384819,YES
629,630,100,500000000000,500088404790,500176808797,88404790,88404007,176808797,YES
629,630,101,505000000000,505088328843,505176657162,88328843,88328319,176657162,YES
629,630,102,510000000000,510088265406,510176530551,88265406,88265145,176530551,YES
629,630,103,515000000000,515088215100,515176430214,88215100,88215114,176430214,YES
629,630,104,520000000000,520088178485,520176357260,88178485,88178775,176357260,YES
629,630,105,525000000000,525088156056,525176312686,88156056,88156630,176312686,YES
629,630,106,530000000000,530088148231,530176297314,88148231,88149083,176297314,YES
629,630,107,535000000000,535088155320,535176311769,88155320,88156449,176311769,YES
629,630,108,540000000000,540088177526,540176356450,88177526,88178924,176356450,YES
629,630,109,545000000000,545088214937,545176431536,88214937,88216599,176431536,YES
629,630,110,550000000000,550088267509,550176536934,88267509,88269425,176536934,YES
629,630,111,555000000000,555088335083,555176672326,88335083,88337243,176672326,YES
629,630,112,560000000000,560088417376,560176837145,88417376,88419769,176837145,YES
629,630,113,565000000000,565088513991,565177030594,88513991,88516603,177030594,YES
629,630,114,570000000000,570088624447,570177251721,88624447,88627274,177251721,YES
629,630,115,575000000000,575088748166,575177499353,88748166,88751187,177499353,YES
629,630,116,580000000000,580088884513,580177772233,88884513,88887720,177772233,YES
629,630,117,585000000000,585089032821,585178069022,89032821,89036201,178069022,YES
629,630,118,590000000000,590089192377,590178388289,89192377,89195912,178388289,YES
629,630,119,595000000000,595089362472,595178728643,89362472,89366171,178728643,YES
630,631,0,0,53240802,106480257,53240802,53239455,106480257,YES
630,631,1,5000000000,5053141969,5106282632,53141969,53140663,106282632,YES
630,631,2,10000000000,10053047811,10106094365,53047811,53046554,106094365,YES
630,631,3,15000000000,15052958799,15105916408,52958799,52957609,105916408,YES
630,631,4,20000000000,20052875452,20105749775,52875452,52874323,105749775,YES
630,631,5,25000000000,25052798330,25105595598,52798330,52797268,105595598,YES
630,631,6,30000000000,30052728040,30105455101,52728040,52727061,105455101,YES
630,631,7,35000000000,35052665224,35105329536,52665224,52664312,105329536,YES
630,631,8,40000000000,40052610559,40105220291,52610559,52609732,105220291,YES
630,631,9,45000000000,45052564755,45105128771,52564755,52564016,105128771,YES
630,631,10,50000000000,50052494927,50104989213,52494927,52494286,104989213,YES
630,631,11,55000000000,55052469008,55104937483,52469008,52468475,104937483,YES
630,631,12,60000000000,60052454106,60104907787,52454106,52453681,104907787,YES
630,631,13,65000000000,65052450886,65104901467,52450886,52450581,104901467,YES
630,631,14,70000000000,70052459956,70104919739,52459956,52459783,104919739,YES
630,631,15,75000000000,75052481842,75104963641,52481842,52481799,104963641,YES
630,631,16,80000000000,80052516952,80105033995,52516952,52517043,105033995,YES
630,631,17,85000000000,85052565571,85105131373,52565571,52565802,105131373,YES
630,631,18,90000000000,90052627836,90105256045,52627836,52628209,105256045,YES
630,631,19,95000000000,95052703735,95105407990,52703735,52704255,105407990,YES
630,631,20,100000000000,100052793111,100105586887,52793111,52793776,105586887,YES
630,631,21,105000000000,105052895655,105105792118,52895655,52896463,105792118,YES
630,631,22,110000000000,110053010937,110106022833,53010937,53011896,106022833,YES
630,631,23,115000000000,115053138431,115106277950,53138431,53139519,106277950,YES
630,631,24,120000000000,120053277493,120106556202,53277493,53278709,106556202,YES
630,631,25,125000000000,125053427459,125106856252,53427459,53428793,106856252,YES
630,631,26,130000000000,130053587605,130107176667,53587605,53589062,107176667,YES
630,631,27,135000000000,135053757198,135107515965,53757198,53758767,107515965,YES
630,631,28,140000000000,140053935510,140107872690,53935510,53937180,107872690,YES
630,631,29,145000000000,145054121831,145108245437,54121831,54123606,108245437,YES
630,631,30,150000000000,150090718315,150180862630,90718315,90144315,180862630,YES
630,631,31,155000000000,155090251648,155180504335,90251648,90252687,180504335,YES
630,631,32,160000000000,160090369454,160180740158,90369454,90370704,180740158,YES
630,631,33,165000000000,165090496466,165180994389,90496466,90497923,180994389,YES
630,631,34,170000000000,170090632235,170181266126,90632235,90633891,181266126,YES
630,631,35,175000000000,175090776315,175181554489,90776315,90778174,181554489,YES
630,631,36,180000000000,180097083581,180189395407,97083581,92311826,189395407,YES
630,631,37,185000000000,185101227459,185196337301,101227459,95109842,196337301,YES
630,631,38,190000000000,190099403832,190213645483,99403832,114241651,213645483,YES
630,631,39,195000000000,195091427010,195189000591,91427010,97573581,189000591,YES
630,631,40,200000000000,200073458954,200146918479,73458954,73459525,146918479,YES
630,631,41,205000000000,205073436975,205146874614,73436975,73437639,146874614,YES
630,631,42,210000000000,210073422343,210146845424,73422343,73423081,146845424,YES
630,631,43,215000000000,215073414685,215146830187,73414685,73415502,146830187,YES
630,631,44,220000000000,220073413620,220146828131,73413620,73414511,146828131,YES
630,631,45,225000000000,225073418775,225146838508,73418775,73419733,146838508,YES
630,631,46,230000000000,230073429775,230146860571,73429775,73430796,146860571,YES
630,631,47,235000000000,235073446266,235146893611,73446266,73447345,146893611,YES
630,631,48,240000000000,240074375037,240147844067,74375037,73469030,147844067,YES
630,631,49,245000000000,245073494321,245146989825,73494321,73495504,146989825,YES
630,631,50,250000000000,250052937530,250105873872,52937530,52936342,105873872,YES
630,631,51,255000000000,255052854574,255105708021,52854574,52853447,105708021,YES
630,631,52,260000000000,260052778169,260105555280,52778169,52777111,105555280,YES
630,631,53,265000000000,265052708965,265105416940,52708965,52707975,105416940,YES
630,631,54,270000000000,270054224331,270106871062,54224331,52646731,106871062,YES
630,631,55,275000000000,275052594971,275105189137,52594971,52594166,105189137,YES
630,631,56,280000000000,280052551671,280105102633,52551671,52550962,105102633,YES
630,631,57,285000000000,285052518528,285105036454,52518528,52517926,105036454,YES
630,631,58,290000000000,290057201933,290109697728,57201933,52495795,109697728,YES
630,631,59,295000000000,295055191382,295107676751,55191382,52485369,107676751,YES
630,631,60,300000000000,300053159567,300105613256,53159567,52453689,105613256,YES
630,631,61,305000000000,305052468676,305104937241,52468676,52468565,104937241,YES
630,631,62,310000000000,310052496871,310104993764,52496871,52496893,104993764,YES
630,631,63,315000000000,315052538886,315105077941,52538886,52539055,105077941,YES
630,631,64,320000000000,320052594944,320105190200,52594944,52595256,105190200,YES
630,631,65,325000000000,325052665091,325105330648,52665091,52665557,105330648,YES
630,631,66,330000000000,330052749222,330105499060,52749222,52749838,105499060,YES
630,631,67,335000000000,335052847062,335105694890,52847062,52847828,105694890,YES
630,631,68,340000000000,340052958199,340105917307,52958199,52959108,105917307,YES
630,631,69,345000000000,345053082092,345106165240,53082092,53083148,106165240,YES
630,631,70,350000000000,350053251688,350106504566,53251688,53252878,106504566,YES
630,631,71,355000000000,355053399082,355106799480,53399082,53400398,106799480,YES
630,631,72,360000000000,360053557115,360107115676,53557115,53558561,107115676,YES
630,631,73,365000000000,365053725012,365107451578,53725012,53726566,107451578,YES
630,631,74,370000000000,370053901988,370107805639,53901988,53903651,107805639,YES
630,631,75,375000000000,375054087287,375108176347,54087287,54089060,108176347,YES
630,631,76,380000000000,380054280179,380108562232,54280179,54282053,108562232,YES
630,631,77,385000000000,385054479972,385108961904,54479972,54481932,108961904,YES
630,631,78,390000000000,390054686033,390109374081,54686033,54688048,109374081,YES
630,631,79,395000000000,395054897728,395109797553,54897728,54899825,109797553,YES
630,631,80,400000000000,400091039461,400182079808,91039461,91040347,182079808,YES
630,631,81,405000000000,405091160835,405182322758,91160835,91161923,182322758,YES
630,631,82,410000000000,410091290507,410182582299,91290507,91291792,182582299,YES
630,631,83,415000000000,415091428134,415182857754,91428134,91429620,182857754,YES
630,631,84,420000000000,420091573377,420183148430,91573377,91575053,183148430,YES
630,631,85,425000000000,425091725886,425183453627,91725886,91727741,183453627,YES
630,631,86,430000000000,430091885320,430183772676,91885320,91887356,183772676,YES
630,631,87,435000000000,435092051338,435184104897,92051338,92053559,184104897,YES
630,631,88,440000000000,440092223603,440184449585,92223603,92225982,184449585,YES
630,631,89,445000000000,445092401795,445184806119,92401795,92404324,184806119,YES
630,631,90,450000000000,450066733006,450133466739,66733006,66733733,133466739,YES
630,631,91,455000000000,455066662201,455133325214,66662201,66663013,133325214,YES
630,631,92,460000000000,460066597462,460133195807,66597462,66598345,133195807,YES
630,631,93,465000000000,465066538822,465133078586,66538822,66539764,133078586,YES
630,631,94,470000000000,470066486317,470132973640,66486317,66487323,132973640,YES
630,631,95,475000000000,475066439997,475132881062,66439997,66441065,132881062,YES
630,631,96,480000000000,480066399916,480132800957,66399916,66401041,132800957,YES
630,631,97,485000000000,485066366122,485132733421,66366122,66367299,132733421,YES
630,631,98,490000000000,490066338656,490132678538,66338656,66339882,132678538,YES
630,631,99,495000000000,495066317548,495132636348,66317548,66318800,132636348,YES
630,631,100,500000000000,500053167379,500106333782,53167379,53166403,106333782,YES
630,631,101,505000000000,505053096849,505106192822,53096849,53095973,106192822,YES
630,631,102,510000000000,510053034186,510106067593,53034186,53033407,106067593,YES
630,631,103,515000000000,515052980135,515105959606,52980135,52979471,105959606,YES
630,631,104,520000000000,520052935466,520105870379,52935466,52934913,105870379,YES
630,631,105,525000000000,525052900966,525105801495,52900966,52900529,105801495,YES
630,631,106,530000000000,530052877420,530105754528,52877420,52877108,105754528,YES
630,631,107,535000000000,535052865589,535105730998,52865589,52865409,105730998,YES
630,631,108,540000000000,540052866181,540105732323,52866181,52866142,105732323,YES
630,631,109,545000000000,545052879826,545105759758,52879826,52879932,105759758,YES
630,631,110,550000000000,550052873447,550105747146,52873447,52873699,105747146,YES
630,631,111,555000000000,555052914629,555105829669,52914629,52915040,105829669,YES
630,631,112,560000000000,560052970011,560105940583,52970011,52970572,105940583,YES
630,631,113,565000000000,565053039650,565106080014,53039650,53040364,106080014,YES
630,631,114,570000000000,570053123444,570106247751,53123444,53124307,106247751,YES
630,631,115,575000000000,575053221114,575106443232,53221114,53222118,106443232,YES
630,631,116,580000000000,580053332229,580106665602,53332229,53333373,106665602,YES
630,631,117,585000000000,585053456239,585106913754,53456239,53457515,106913754,YES
630,631,118,590000000000,590053592484,590107186376,53592484,53593892,107186376,YES
630,631,119,595000000000,595053740234,595107481993,53740234,53741759,107481993,YES
631,632,0,0,96364494,192724028,96364494,96359534,192724028,YES
631,632,1,5000000000,5096101706,5192198553,96101706,96096847,192198553,YES
631,632,2,10000000000,10095848045,10191691346,95848045,95843301,191691346,YES
631,632,3,15000000000,15095604039,15191203472,95604039,95599433,191203472,YES
631,632,4,20000000000,20095444233,20191743721,95444233,96299488,191743721,YES
631,632,5,25000000000,25095146909,25191129904,95146909,95982995,191129904,YES
631,632,6,30000000000,30094934601,30189865047,94934601,94930446,189865047,YES
631,632,7,35000000000,35094733572,35189463164,94733572,94729592,189463164,YES
631,632,8,40000000000,40094544083,40189084382,94544083,94540299,189084382,YES
631,632,9,45000000000,45094366314,45188729038,94366314,94362724,188729038,YES
631,632,10,50000000000,50094166799,50188330216,94166799,94163417,188330216,YES
631,632,11,55000000000,55094012801,55188022456,94012801,94009655,188022456,YES
631,632,12,60000000000,60093870749,60187738584,93870749,93867835,187738584,YES
631,632,13,65000000000,65093740608,65187478547,93740608,93737939,187478547,YES
631,632,14,70000000000,70093622288,70187242160,93622288,93619872,187242160,YES
631,632,15,75000000000,75093515649,75187029138,93515649,93513489,187029138,YES
631,632,16,80000000000,80093420483,80186839075,93420483,93418592,186839075,YES
631,632,17,85000000000,85093336522,85186671435,93336522,93334913,186671435,YES
631,632,18,90000000000,90093263473,90186525597,93263473,93262124,186525597,YES
631,632,19,95000000000,95093200936,95186400791,93200936,93199855,186400791,YES
631,632,20,100000000000,100090090249,100180181620,90090249,90091371,180181620,YES
631,632,21,105000000000,105090164616,105180330601,90164616,90165985,180330601,YES
631,632,22,110000000000,110090251620,110180504845,90251620,90253225,180504845,YES
631,632,23,115000000000,115090350769,115180703369,90350769,90352600,180703369,YES
631,632,24,120000000000,120090461514,120180925071,90461514,90463557,180925071,YES
631,632,25,125000000000,125090583278,125181168795,90583278,90585517,181168795,YES
631,632,26,130000000000,130090715464,130181433350,90715464,90717886,181433350,YES
631,632,27,135000000000,135090857447,135181717489,90857447,90860042,181717489,YES
631,632,28,140000000000,140092124013,140183135445,92124013,91011432,183135445,YES
631,632,29,145000000000,145091570363,145182741729,91570363,91171366,182741729,YES
631,632,30,150000000000,150087364072,150174730499,87364072,87366427,174730499,YES
631,632,31,155000000000,155087361424,155174725324,87361424,87363900,174725324,YES
631,632,32,160000000000,160087366109,160174734804,87366109,87368695,174734804,YES
631,632,33,165000000000,165087378109,165174758906,87378109,87380797,174758906,YES
631,632,34,170000000000,170087397437,170174797640,87397437,87400203,174797640,YES
631,632,35,175000000000,175096002548,175183429592,96002548,87427044,183429592,YES
631,632,36,180000000000,180095462334,180182923593,95462334,87461259,182923593,YES
631,632,37,185000000000,185087499891,185175002797,87499891,87502906,175002797,YES
631,632,38,190000000000,190087549111,190175101307,87549111,87552196,175101307,YES
631,632,39,195000000000,195087605998,195175215146,87605998,87609148,175215146,YES
631,632,40,200000000000,200058595948,200117192678,58595948,58596730,117192678,YES
631,632,41,205000000000,205058652190,205117305274,58652190,58653084,117305274,YES
631,632,42,210000000000,210058718701,210117438403,58718701,58719702,117438403,YES
631,632,43,215000000000,215058795427,215117591959,58795427,58796532,117591959,YES
631,632,44,220000000000,220058882252,220117765707,58882252,58883455,117765707,YES
631,632,45,225000000000,225058979008,225117959322,58979008,58980314,117959322,YES
631,632,46,230000000000,230059085475,230118172348,59085475,59086873,118172348,YES
631,632,47,235000000000,235059201381,235142484253,59201381,83282872,142484253,YES
631,632,48,240000000000,240059326417,240124040698,59326417,64714281,124040698,YES
631,632,49,245000000000,245059460239,245118922121,59460239,59461882,118922121,YES
631,632,50,250000000000,250095313727,250190622869,95313727,95309142,190622869,YES
631,632,51,255000000000,255095061958,255190119486,95061958,95057528,190119486,YES
631,632,52,260000000000,260094820445,260189636610,94820445,94816165,189636610,YES
631,632,53,265000000000,265094589777,265189175460,94589777,94585683,189175460,YES
631,632,54,270000000000,270094370530,270188737141,94370530,94366611,188737141,YES
631,632,55,275000000000,275094163193,275188322657,94163193,94159464,188322657,YES
631,632,56,280000000000,280093968198,280187932881,93968198,93964683,187932881,YES
631,632,57,285000000000,285093785881,285187568475,93785881,93782594,187568475,YES
631,632,58,290000000000,290093616500,290191648968,93616500,98032468,191648968,YES
631,632,59,295000000000,295093460216,295190292891,93460216,96832675,190292891,YES
631,632,60,300000000000,300093283489,300186564438,93283489,93280949,186564438,YES
631,632,61,305000000000,305093153478,305186304677,93153478,93151199,186304677,YES
631,632,62,310000000000,310093036434,310186070866,93036434,93034432,186070866,YES
631,632,63,315000000000,315092932143,315185862552,92932143,92930409,185862552,YES
631,632,64,320000000000,320092840270,320185679079,92840270,92838809,185679079,YES
631,632,65,325000000000,325092760405,325185519609,92760405,92759204,185519609,YES
631,632,66,330000000000,330092692057,330185383179,92692057,92691122,185383179,YES
631,632,67,335000000000,335092634703,335185268725,92634703,92634022,185268725,YES
631,632,68,340000000000,340092587736,340185175028,92587736,92587292,185175028,YES
631,632,69,345000000000,345092550536,345185100854,92550536,92550318,185100854,YES
631,632,70,350000000000,350089601512,350179204454,89601512,89602942,179204454,YES
631,632,71,355000000000,355089654285,355179310207,89654285,89655922,179310207,YES
631,632,72,360000000000,360089718748,360179439324,89718748,89720576,179439324,YES
631,632,73,365000000000,365089794320,365179590643,89794320,89796323,179590643,YES
631,632,74,370000000000,370089880401,370179762971,89880401,89882570,179762971,YES
631,632,75,375000000000,375089976398,375179955116,89976398,89978718,179955116,YES
631,632,76,380000000000,380090081717,380180165904,90081717,90084187,180165904,YES
631,632,77,385000000000,385090195786,385180394171,90195786,90198385,180394171,YES
631,632,78,390000000000,390090318050,390180638834,90318050,90320784,180638834,YES
631,632,79,395000000000,395090447978,395180898801,90447978,90450823,180898801,YES
631,632,80,400000000000,400090551480,400181105905,90551480,90554425,181105905,YES
631,632,81,405000000000,405090695285,405181393608,90695285,90698323,181393608,YES
631,632,82,410000000000,410090845352,410181693833,90845352,90848481,181693833,YES
631,632,83,415000000000,415091001285,415182005791,91001285,91004506,182005791,YES
631,632,84,420000000000,420091162720,420182328737,91162720,91166017,182328737,YES
631,632,85,425000000000,425091329281,425182661930,91329281,91332649,182661930,YES
631,632,86,430000000000,430091500665,430183004766,91500665,91504101,183004766,YES
631,632,87,435000000000,435091676582,435183356657,91676582,91680075,183356657,YES
631,632,88,440000000000,440091856761,440183717090,91856761,91860329,183717090,YES
631,632,89,445000000000,445092040954,445184085548,92040954,92044594,184085548,YES
631,632,90,450000000000,450079704202,450159406513,79704202,79702311,159406513,YES
631,632,91,455000000000,455079583247,455159164722,79583247,79581475,159164722,YES
631,632,92,460000000000,460079470908,460158940169,79470908,79469261,158940169,YES
631,632,93,465000000000,465079367769,465158734034,79367769,79366265,158734034,YES
631,632,94,470000000000,470079274431,470158547499,79274431,79273068,158547499,YES
631,632,95,475000000000,475079191489,475158381760,79191489,79190271,158381760,YES
631,632,96,480000000000,480079119523,480158237983,79119523,79118460,158237983,YES
631,632,97,485000000000,485079059074,485158117246,79059074,79058172,158117246,YES
631,632,98,490000000000,490079010636,490158020535,79010636,79009899,158020535,YES
631,632,99,495000000000,495078974635,495157948706,78974635,78974071,157948706,YES
631,632,100,500000000000,500094821057,500189637593,94821057,94816536,189637593,YES
631,632,101,505000000000,505094593914,505189183472,94593914,94589558,189183472,YES
631,632,102,510000000000,510094377647,510188751087,94377647,94373440,188751087,YES
631,632,103,515000000000,515094172599,515188341162,94172599,94168563,188341162,YES
631,632,104,520000000000,520093979062,520187954282,93979062,93975220,187954282,YES
631,632,105,525000000000,525093797265,525187590887,93797265,93793622,187590887,YES
631,632,106,530000000000,530093627392,530187251350,93627392,93623958,187251350,YES
631,632,107,535000000000,535093469559,535186935922,93469559,93466363,186935922,YES
631,632,108,540000000000,540093323838,540186644718,93323838,93320880,186644718,YES
631,632,109,545000000000,545093190235,545186377762,93190235,93187527,186377762,YES
631,632,110,550000000000,550093035109,550186067787,93035109,93032678,186067787,YES
631,632,111,555000000000,555092925571,555185848968,92925571,92923397,185848968,YES
631,632,112,560000000000,560092827853,560185653799,92827853,92825946,185653799,YES
631,632,113,565000000000,565092741697,565185481761,92741697,92740064,185481761,YES
631,632,114,570000000000,570092666819,570185332271,92666819,92665452,185332271,YES
631,632,115,575000000000,575092602834,575185204566,92602834,92601732,185204566,YES
631,632,116,580000000000,580092549295,580185097763,92549295,92548468,185097763,YES
631,632,117,585000000000,585092505745,585185010910,92505745,92505165,185010910,YES
631,632,118,590000000000,590092471637,590184942932,92471637,92471295,184942932,YES
631,632,119,595000000000,595092446430,595184892742,92446430,92446312,184892742,YES
632,633,0,0,58691344,117382017,58691344,58690673,117382017,YES
632,633,1,5000000000,5058631574,5117262625,58631574,58631051,117262625,YES
632,633,2,10000000000,10058582584,10117164800,58582584,58582216,117164800,YES
632,633,3,15000000000,15058544988,15117089769,58544988,58544781,117089769,YES
632,633,4,20000000000,20058519353,20117038664,58519353,58519311,117038664,YES
632,633,5,25000000000,25059887124,25118393421,59887124,58506297,118393421,YES
632,633,6,30000000000,30058505849,30117011994,58505849,58506145,117011994,YES
632,633,7,35000000000,35058518710,35118084904,58518710,59566194,118084904,YES
632,633,8,40000000000,40058544949,40117090518,58544949,58545569,117090518,YES
632,633,9,45000000000,45062306595,45120892062,62306595,58585467,120892062,YES
632,633,10,50000000000,50058436826,50116873695,58436826,58436869,116873695,YES
632,633,11,55000000000,55058427998,55116856183,58427998,58428185,116856183,YES
632,633,12,60000000000,60058638531,60117071106,58638531,58432575,117071106,YES
632,633,13,65000000000,65058449245,65116898934,58449245,58449689,116898934,YES
632,633,14,70000000000,70058478523,70116957609,58478523,58479086,116957609,YES
632,633,15,75000000000,75058519580,75117039827,58519580,58520247,117039827,YES
632,633,16,80000000000,80058571824,80117144416,58571824,58572592,117144416,YES
632,633,17,85000000000,85058634633,85117270125,58634633,58635492,117270125,YES
632,633,18,90000000000,90058707353,90117415649,58707353,58708296,117415649,YES
632,633,19,95000000000,95058789315,95117579662,58789315,58790347,117579662,YES
632,633,20,100000000000,100076444608,100152891857,76444608,76447249,152891857,YES
632,633,21,105000000000,105076572272,105153147341,76572272,76575069,153147341,YES
632,633,22,110000000000,110076711459,110153425875,76711459,76714416,153425875,YES
632,633,23,115000000000,115125139466,115202025063,125139466,76885597,202025063,YES
632,633,24,120000000000,120077022795,120154048865,77022795,77026070,154048865,YES
632,633,25,125000000000,125077193998,125154391416,77193998,77197418,154391416,YES
632,633,26,130000000000,130077374871,130154753295,77374871,77378424,154753295,YES
632,633,27,135000000000,135077564846,135155133379,77564846,77568533,155133379,YES
632,633,28,140000000000,140077763371,140155530549,77763371,77767178,155530549,YES
632,633,29,145000000000,145078001141,145155974975,78001141,77973834,155974975,YES
632,633,30,150000000000,150073669772,150147339368,73669772,73669596,147339368,YES
632,633,31,155000000000,155073748323,155147496569,73748323,73748246,147496569,YES
632,633,32,160000000000,160073833645,160147667321,73833645,73833676,147667321,YES
632,633,33,165000000000,165073925704,165147851543,73925704,73925839,147851543,YES
632,633,34,170000000000,170074024498,170148049269,74024498,74024771,148049269,YES
632,633,35,175000000000,175074130040,175148260478,74130040,74130438,148260478,YES
632,633,36,180000000000,180074242370,180148485276,74242370,74242906,148485276,YES
632,633,37,185000000000,185074361531,185148723728,74361531,74362197,148723728,YES
632,633,38,190000000000,190074487571,190148975966,74487571,74488395,148975966,YES
632,633,39,195000000000,195074620554,195149242084,74620554,74621530,149242084,YES
632,633,40,200000000000,200081011551,200158295818,81011551,77284267,158295818,YES
632,633,41,205000000000,205083593211,205160743832,83593211,77150621,160743832,YES
632,633,42,210000000000,210077028662,210154056311,77028662,77027649,154056311,YES
632,633,43,215000000000,215076916017,215153831204,76916017,76915187,153831204,YES
632,633,44,220000000000,220076814198,220161312457,76814198,84498259,161312457,YES
632,633,45,225000000000,225076723300,225154348745,76723300,77625445,154348745,YES
632,633,46,230000000000,230076643345,230153286408,76643345,76643063,153286408,YES
632,633,47,235000000000,235100301264,235176875127,100301264,76573863,176875127,YES
632,633,48,240000000000,240076802057,240153318080,76802057,76516023,153318080,YES
632,633,49,245000000000,245076468212,245152936658,76468212,76468446,152936658,YES
632,633,50,250000000000,250058697107,250117393579,58697107,58696472,117393579,YES
632,633,51,255000000000,255058639142,255117277796,58639142,58638654,117277796,YES
632,633,52,260000000000,260058592090,260117183849,58592090,58591759,117183849,YES
632,633,53,265000000000,265058556562,265117112958,58556562,58556396,117112958,YES
632,633,54,270000000000,270058533116,270117066231,58533116,58533115,117066231,YES
632,633,55,275000000000,275058522244,275117044652,58522244,58522408,117044652,YES
632,633,56,280000000000,280059154477,280117679148,59154477,58524671,117679148,YES
632,633,57,285000000000,285058539712,285117079919,58539712,58540207,117079919,YES
632,633,58,290000000000,290058568550,290117137758,58568550,58569208,117137758,YES
632,633,59,295000000000,295058610931,295117222678,58610931,58611747,117222678,YES
632,633,60,300000000000,300058765168,300117108480,58765168,58343312,117108480,YES
632,633,61,305000000000,305058327646,305117529464,58327646,59201818,117529464,YES
632,633,62,310000000000,310058334785,310116669922,58334785,58335137,116669922,YES
632,633,63,315000000000,315058354683,315116709838,58354683,58355155,116709838,YES
632,633,64,320000000000,320058386873,320116774329,58386873,58387456,116774329,YES
632,633,65,325000000000,325058430810,325116862309,58430810,58431499,116862309,YES
632,633,66,330000000000,330058485903,330116972592,58485903,58486689,116972592,YES
632,633,67,335000000000,335058551494,335117103867,58551494,58552373,117103867,YES
632,633,68,340000000000,340058626923,340117254805,58626923,58627882,117254805,YES
632,633,69,345000000000,345058711500,345117424033,58711500,58712533,117424033,YES
632,633,70,350000000000,350076906892,350153816492,76906892,76909600,153816492,YES
632,633,71,355000000000,355077059357,355154121608,77059357,77062251,154121608,YES
632,633,72,360000000000,360077222759,360154448568,77222759,77225809,154448568,YES
632,633,73,365000000000,365077396524,365154796264,77396524,77399740,154796264,YES
632,633,74,370000000000,370077580091,370155163551,77580091,77583460,155163551,YES
632,633,75,375000000000,375077772872,375155549270,77772872,77776398,155549270,YES
632,633,76,380000000000,380077974276,380155952218,77974276,77977942,155952218,YES
632,633,77,385000000000,385078183722,385156371252,78183722,78187530,156371252,YES
632,633,78,390000000000,390078400627,390156805198,78400627,78404571,156805198,YES
632,633,79,395000000000,395078624450,395157252962,78624450,78628512,157252962,YES
632,633,80,400000000000,400078503670,400157008735,78503670,78505065,157008735,YES
632,633,81,405000000000,405078562978,405157127448,78562978,78564470,157127448,YES
632,633,82,410000000000,410078627776,410157257133,78627776,78629357,157257133,YES
632,633,83,415000000000,415078697649,415157396970,78697649,78699321,157396970,YES
632,633,84,420000000000,420078772216,420157546180,78772216,78773964,157546180,YES
632,633,85,425000000000,425078851111,425157704046,78851111,78852935,157704046,YES
632,633,86,430000000000,430078934023,430157869937,78934023,78935914,157869937,YES
632,633,87,435000000000,435079020644,435158043253,79020644,79022609,158043253,YES
632,633,88,440000000000,440079110692,440158223414,79110692,79112722,158223414,YES
632,633,89,445000000000,445079203926,445158409930,79203926,79206004,158409930,YES
632,633,90,450000000000,450059407099,450118812764,59407099,59405665,118812764,YES
632,633,91,455000000000,455059295023,455118588714,59295023,59293691,118588714,YES
632,633,92,460000000000,460059189652,460118378072,59189652,59188420,118378072,YES
632,633,93,465000000000,465059091575,465118182031,59091575,59090456,118182031,YES
632,633,94,470000000000,470059001417,470118001848,59001417,59000431,118001848,YES
632,633,95,475000000000,475059107168,475118026143,59107168,58918975,118026143,YES
632,633,96,480000000000,480058847468,480117694238,58847468,58846770,117694238,YES
632,633,97,485000000000,485058785002,485117569455,58785002,58784453,117569455,YES
632,633,98,490000000000,490058733086,490117465773,58733086,58732687,117465773,YES
632,633,99,495000000000,495058692344,495117384448,58692344,58692104,117384448,YES
632,633,100,500000000000,500058629752,500117259426,58629752,58629674,117259426,YES
632,633,101,505000000000,505058613035,505117226158,58613035,58613123,117226158,YES
632,633,102,510000000000,510058609036,510117218324,58609036,58609288,117218324,YES
632,633,103,515000000000,515058618107,515117236634,58618107,58618527,117236634,YES
632,633,104,520000000000,520058640498,520117281575,58640498,58641077,117281575,YES
632,633,105,525000000000,525058676347,525117353429,58676347,58677082,117353429,YES
632,633,106,530000000000,530058725681,530117452250,58725681,58726569,117452250,YES
632,633,107,535000000000,535058788407,535117577846,58788407,58789439,117577846,YES
632,633,108,540000000000,540058864308,540117729782,58864308,58865474,117729782,YES
632,633,109,545000000000,545058953073,545117907434,58953073,58954361,117907434,YES
632,633,110,550000000000,550058350022,550116700564,58350022,58350542,116700564,YES
632,633,111,555000000000,555058388298,555116777230,58388298,58388932,116777230,YES
632,633,112,560000000000,560058438025,560116876781,58438025,58438756,116876781,YES
632,633,113,565000000000,565058498567,565116997959,58498567,58499392,116997959,YES
632,633,114,570000000000,570058569273,570117139456,58569273,58570183,117139456,YES
632,633,115,575000000000,575058649464,575117299917,58649464,58650453,117299917,YES
632,633,116,580000000000,580058738459,580117477978,58738459,58739519,117477978,YES
632,633,117,585000000000,585058835593,585117672310,58835593,58836717,117672310,YES
632,633,118,590000000000,590058940217,590117881635,58940217,58941418,117881635,YES
632,633,119,595000000000,595059051729,595118104726,59051729,59052997,118104726,YES
633,634,0,0,92799916,185596862,92799916,92796946,185596862,YES
633,634,1,5000000000,5092648568,5185294353,92648568,92645785,185294353,YES
633,634,2,10000000000,10092505870,10185009136,92505870,92503266,185009136,YES
633,634,3,15000000000,15092372495,15184742571,92372495,92370076,184742571,YES
633,634,4,20000000000,20097761908,20191100515,97761908,93338607,191100515,YES
633,634,5,25000000000,25092136411,25184322749,92136411,92186338,184322749,YES
633,634,6,30000000000,30092035115,30184068485,92035115,92033370,184068485,YES
633,634,7,35000000000,35091945890,35183890302,91945890,91944412,183890302,YES
633,634,8,40000000000,40091869385,40183737554,91869385,91868169,183737554,YES
633,634,9,45000000000,45100586732,45192391860,100586732,91805128,192391860,YES
633,634,10,50000000000,50099979435,50191701863,99979435,91722428,191701863,YES
633,634,11,55000000000,55091687940,55183375494,91687940,91687554,183375494,YES
633,634,12,60000000000,60091667177,60186699612,91667177,95032435,186699612,YES
633,634,13,65000000000,65091661009,65183322205,91661009,91661196,183322205,YES
633,634,14,70000000000,70096466632,70188136554,96466632,91669922,188136554,YES
633,634,15,75000000000,75091692312,75183385366,91692312,91693054,183385366,YES
633,634,16,80000000000,80091729357,80188537172,91729357,96807815,188537172,YES
633,634,17,85000000000,85091780178,85189137696,91780178,97357518,189137696,YES
633,634,18,90000000000,90091844284,90183690079,91844284,91845795,183690079,YES
633,634,19,95000000000,95093339586,95185262451,93339586,91922865,185262451,YES
633,634,20,100000000000,100053429929,100111408879,53429929,57978950,111408879,YES
633,634,21,105000000000,105053454019,105110061034,53454019,56607015,110061034,YES
633,634,22,110000000000,110053489383,110108742390,53489383,55253007,108742390,YES
633,634,23,115000000000,115053535506,115157328471,53535506,103792965,157328471,YES
633,634,24,120000000000,120053591819,120107183807,53591819,53591988,107183807,YES
633,634,25,125000000000,125053657740,125107315769,53657740,53658029,107315769,YES
633,634,26,130000000000,130053732667,130107465729,53732667,53733062,107465729,YES
633,634,27,135000000000,135053815999,135107632491,53815999,53816492,107632491,YES
633,634,28,140000000000,140053907144,140107814874,53907144,53907730,107814874,YES
633,634,29,145000000000,145054005532,145108011752,54005532,54006220,108011752,YES
633,634,30,150000000000,150100115573,150196527011,100115573,96411438,196527011,YES
633,634,31,155000000000,155096525829,155193054684,96525829,96528855,193054684,YES
633,634,32,160000000000,160096779869,160193435519,96779869,96655650,193435519,YES
633,634,33,165000000000,165096787924,165193579166,96787924,96791242,193579166,YES
633,634,34,170000000000,170096931683,170193866820,96931683,96935137,193866820,YES
633,634,35,175000000000,175097083268,175194170142,97083268,97086874,194170142,YES
633,634,36,180000000000,180097242215,180194488155,97242215,97245940,194488155,YES
633,634,37,185000000000,185186717210,185284132155,186717210,97414945,284132155,YES
633,634,38,190000000000,190102408383,190225394930,102408383,122986547,225394930,YES
633,634,39,195000000000,195100570758,195198333799,100570758,97763041,198333799,YES
633,634,40,200000000000,200050897553,200101794346,50897553,50896793,101794346,YES
633,634,41,205000000000,205051219772,205102126764,51219772,50906992,102126764,YES
633,634,42,210000000000,210050907284,210101813995,50907284,50906711,101813995,YES
633,634,43,215000000000,215050925159,215101849846,50925159,50924687,101849846,YES
633,634,44,220000000000,220050951596,220101902820,50951596,50951224,101902820,YES
633,634,45,225000000000,225050986479,225101972685,50986479,50986206,101972685,YES
633,634,46,230000000000,230051029662,230102059163,51029662,51029501,102059163,YES
633,634,47,235000000000,235051080974,235102161890,51080974,51080916,102161890,YES
633,634,48,240000000000,240051140223,240102280487,51140223,51140264,102280487,YES
633,634,49,245000000000,245051207192,245102414524,51207192,51207332,102414524,YES
633,634,50,250000000000,250092157758,250184312629,92157758,92154871,184312629,YES
633,634,51,255000000000,255092025404,255185232477,92025404,93207073,185232477,YES
633,634,52,260000000000,260091902812,260183803106,91902812,91900294,183803106,YES
633,634,53,265000000000,265095911537,265187699785,95911537,91788248,187699785,YES
633,634,54,270000000000,270095640915,270187328322,95640915,91687407,187328322,YES
633,634,55,275000000000,275091600268,275195471399,91600268,103871131,195471399,YES
633,634,56,280000000000,280094590398,280191114956,94590398,96524558,191114956,YES
633,634,57,285000000000,285096526649,285187984523,96526649,91457874,187984523,YES
633,634,58,290000000000,290092556569,290183964191,92556569,91407622,183964191,YES
633,634,59,295000000000,295091372046,295182743258,91372046,91371212,182743258,YES
633,634,60,300000000000,300092551099,300187906188,92551099,95355089,187906188,YES
633,634,61,305000000000,305091341309,305182682354,91341309,91341045,182682354,YES
633,634,62,310000000000,310091347509,310182695043,91347509,91347534,182695043,YES
633,634,63,315000000000,315091368013,315182736337,91368013,91368324,182736337,YES
633,634,64,320000000000,320091402600,320182805792,91402600,91403192,182805792,YES
633,634,65,325000000000,325091450927,325182902725,91450927,91451798,182902725,YES
633,634,66,330000000000,330091512543,330183026226,91512543,91513683,183026226,YES
633,634,67,335000000000,335091586907,335183175212,91586907,91588305,183175212,YES
633,634,68,340000000000,340091673418,340183348476,91673418,91675058,183348476,YES
633,634,69,345000000000,345091771423,345183544714,91771423,91773291,183544714,YES
633,634,70,350000000000,350095657634,350191316810,95657634,95659176,191316810,YES
633,634,71,355000000000,355095704881,355191411547,95704881,95706666,191411547,YES
633,634,72,360000000000,360095764810,360191531635,95764810,95766825,191531635,YES
633,634,73,365000000000,365095837012,365191676259,95837012,95839247,191676259,YES
633,634,74,370000000000,370095921024,370191844488,95921024,95923464,191844488,YES
633,634,75,375000000000,375096016347,375192035332,96016347,96018985,192035332,YES
633,634,76,380000000000,380096122442,380193966406,96122442,97843964,193966406,YES
633,634,77,385000000000,385096238764,385198104472,96238764,101865708,198104472,YES
633,634,78,390000000000,390096364754,390196248640,96364754,99883886,196248640,YES
633,634,79,395000000000,395096499872,395193003041,96499872,96503169,193003041,YES
633,634,80,400000000000,400096677151,400193357738,96677151,96680587,193357738,YES
633,634,81,405000000000,405096828872,405193661306,96828872,96832434,193661306,YES
633,634,82,410000000000,410096988140,410193979977,96988140,96991837,193979977,YES
633,634,83,415000000000,415097154457,415194312737,97154457,97158280,194312737,YES
633,634,84,420000000000,420097327373,420194658675,97327373,97331302,194658675,YES
633,634,85,425000000000,425097506458,425195016943,97506458,97510485,195016943,YES
633,634,86,430000000000,430097691314,430195386767,97691314,97695453,195386767,YES
633,634,87,435000000000,435097881569,435195767366,97881569,97885797,195767366,YES
633,634,88,440000000000,440098076894,440196158096,98076894,98081202,196158096,YES
633,634,89,445000000000,445098276928,445196558246,98276928,98281318,196558246,YES
633,634,90,450000000000,450096927183,450193850466,96927183,96923283,193850466,YES
633,634,91,455000000000,455096859773,455193715755,96859773,96855982,193715755,YES
633,634,92,460000000000,460096799856,460193596053,96799856,96796197,193596053,YES
633,634,93,465000000000,465096747501,465193491476,96747501,96743975,193491476,YES
633,634,94,470000000000,470096702759,470205184773,96702759,108482014,205184773,YES
633,634,95,475000000000,475096665713,475203105021,96665713,106439308,203105021,YES
633,634,96,480000000000,480096636478,480201408934,96636478,104772456,201408934,YES
633,634,97,485000000000,485096615192,485193227498,96615192,96612306,193227498,YES
633,634,98,490000000000,490096602021,490193201345,96602021,96599324,193201345,YES
633,634,99,495000000000,495096597156,495193191824,96597156,96594668,193191824,YES
633,634,100,500000000000,500092373482,500184744771,92373482,92371289,184744771,YES
633,634,101,505000000000,505092266832,505184531695,92266832,92264863,184531695,YES
633,634,102,510000000000,510092171310,510184340889,92171310,92169579,184340889,YES
633,634,103,515000000000,515092087555,515184173631,92087555,92086076,184173631,YES
633,634,104,520000000000,520092016152,520184031089,92016152,92014937,184031089,YES
633,634,105,525000000000,525091957635,525183914342,91957635,91956707,183914342,YES
633,634,106,530000000000,530091912466,530183824284,91912466,91911818,183824284,YES
633,634,107,535000000000,535091880998,535183761634,91880998,91880636,183761634,YES
633,634,108,540000000000,540091863482,540183726897,91863482,91863415,183726897,YES
633,634,109,545000000000,545091860035,545183720295,91860035,91860260,183720295,YES
633,634,110,550000000000,550091904255,550183809019,91904255,91904764,183809019,YES
633,634,111,555000000000,555091928804,555183858398,91928804,91929594,183858398,YES
633,634,112,560000000000,560091967018,560183935101,91967018,91968083,183935101,YES
633,634,113,565000000000,565092018541,565184038419,92018541,92019878,184038419,YES
633,634,114,570000000000,570092082912,570184167415,92082912,92084503,184167415,YES
633,634,115,575000000000,575092159606,575184321039,92159606,92161433,184321039,YES
633,634,116,580000000000,580092248040,580184498132,92248040,92250092,184498132,YES
633,634,117,585000000000,585092347601,585184697463,92347601,92349862,184697463,YES
633,634,118,590000000000,590092457657,590184917769,92457657,92460112,184917769,YES
633,634,119,595000000000,595092577573,595185157781,92577573,92580208,185157781,YES
634,635,0,0,42496724,84992769,42496724,42496045,84992769,YES
634,635,1,5000000000,5042434246,5084867871,42434246,42433625,84867871,YES
634,635,2,10000000000,10042381616,10084762668,42381616,42381052,84762668,YES
634,635,3,15000000000,15042339358,15084678223,42339358,42338865,84678223,YES
634,635,4,20000000000,20042307957,20084615495,42307957,42307538,84615495,YES
634,635,5,25000000000,25042287840,25084575338,42287840,42287498,84575338,YES
634,635,6,30000000000,30042279366,30084558476,42279366,42279110,84558476,YES
634,635,7,35000000000,35042282824,35084565481,42282824,42282657,84565481,YES
634,635,8,40000000000,40042298415,40084596758,42298415,42298343,84596758,YES
634,635,9,45000000000,45042326261,45084652547,42326261,42326286,84652547,YES
634,635,10,50000000000,50042332787,50084665701,42332787,42332914,84665701,YES
634,635,11,55000000000,55042385140,55084770511,42385140,42385371,84770511,YES
634,635,12,60000000000,60042449581,60084899500,42449581,42449919,84899500,YES
634,635,13,65000000000,65042525888,65085052226,42525888,42526338,85052226,YES
634,635,14,70000000000,70042613767,70085228094,42613767,42614327,85228094,YES
634,635,15,75000000000,75042712859,75085426385,42712859,42713526,85426385,YES
634,635,16,80000000000,80042822742,80085646259,42822742,42823517,85646259,YES
634,635,17,85000000000,85042942952,85085886781,42942952,42943829,85886781,YES
634,635,18,90000000000,90043072980,90086146954,43072980,43073974,86146954,YES
634,635,19,95000000000,95043212286,95086425672,43212286,43213386,86425672,YES
634,635,20,100000000000,100107707181,100215417360,107707181,107710179,215417360,YES
634,635,21,105000000000,105107803029,105215609336,107803029,107806307,215609336,YES
634,635,22,110000000000,110108878924,110216794077,108878924,107915153,216794077,YES
634,635,23,115000000000,115108032458,115216068706,108032458,108036248,216068706,YES
634,635,24,120000000000,120108476629,120216645842,108476629,108169213,216645842,YES
634,635,25,125000000000,125108309245,125216622754,108309245,108313509,216622754,YES
634,635,26,130000000000,130108464177,130216932834,108464177,108468657,216932834,YES
634,635,27,135000000000,135108629463,135217263589,108629463,108634126,217263589,YES
634,635,28,140000000000,140108804560,140217613974,108804560,108809414,217613974,YES
634,635,29,145000000000,145108988965,145217982976,108988965,108994011,217982976,YES
634,635,30,150000000000,150037776246,150075552727,37776246,37776481,75552727,YES
634,635,31,155000000000,155037845325,155076949439,37845325,39104114,76949439,YES
634,635,32,160000000000,160037922958,160075846291,37922958,37923333,75846291,YES
634,635,33,165000000000,165038008668,165076017788,38008668,38009120,76017788,YES
634,635,34,170000000000,170038101979,170076204472,38101979,38102493,76204472,YES
634,635,35,175000000000,175039190098,175077402703,39190098,38212605,77402703,YES
634,635,36,180000000000,180038309541,180076619711,38309541,38310170,76619711,YES
634,635,37,185000000000,185038422890,185076846472,38422890,38423582,76846472,YES
634,635,38,190000000000,190038542040,190077084822,38542040,38542782,77084822,YES
634,635,39,195000000000,195038666590,195113496758,38666590,74830168,113496758,YES
634,635,40,200000000000,200047299512,200094600334,47299512,47300822,94600334,YES
634,635,41,205000000000,205047310037,205094849279,47310037,47539242,94849279,YES
634,635,42,210000000000,210047327644,210094656742,47327644,47329098,94656742,YES
634,635,43,215000000000,215047352456,215094706435,47352456,47353979,94706435,YES
634,635,44,220000000000,220047384610,220094770824,47384610,47386214,94770824,YES
634,635,45,225000000000,225047424299,225094850262,47424299,47425963,94850262,YES
634,635,46,230000000000,230047471692,230094945107,47471692,47473415,94945107,YES
634,635,47,235000000000,235047526989,235095055757,47526989,47528768,95055757,YES
634,635,48,240000000000,240047590404,240095182638,47590404,47592234,95182638,YES
634,635,49,245000000000,245047662141,245095326161,47662141,47664020,95326161,YES
634,635,50,250000000000,250042022914,250084045412,42022914,42022498,84045412,YES
634,635,51,255000000000,255041977607,255083954877,41977607,41977270,83954877,YES
634,635,52,260000000000,260041943507,260083886754,41943507,41943247,83886754,YES
634,635,53,265000000000,265041921145,265083842109,41921145,41920964,83842109,YES
634,635,54,270000000000,270041910969,270083821844,41910969,41910875,83821844,YES
634,635,55,275000000000,275041913341,275083826680,41913341,41913339,83826680,YES
634,635,56,280000000000,280041928517,280083857124,41928517,41928607,83857124,YES
634,635,57,285000000000,285041956631,285083913452,41956631,41956821,83913452,YES
634,635,58,290000000000,290041997708,290083995704,41997708,41997996,83995704,YES
634,635,59,295000000000,295042051642,295084103682,42051642,42052040,84103682,YES
634,635,60,300000000000,300042118229,300084236957,42118229,42118728,84236957,YES
634,635,61,305000000000,305042197152,305084394908,42197152,42197756,84394908,YES
634,635,62,310000000000,310042288013,310084576730,42288013,42288717,84576730,YES
634,635,63,315000000000,315042390342,315084781489,42390342,42391147,84781489,YES
634,635,64,320000000000,320042503608,320085008117,42503608,42504509,85008117,YES
634,635,65,325000000000,325042627240,325085255478,42627240,42628238,85255478,YES
634,635,66,330000000000,330042760646,330085522388,42760646,42761742,85522388,YES
634,635,67,335000000000,335042903211,335085807604,42903211,42904393,85807604,YES
634,635,68,340000000000,340043054328,340086109932,43054328,43055604,86109932,YES
634,635,69,345000000000,345043213396,345086428147,43213396,43214751,86428147,YES
634,635,70,350000000000,350037569764,350075139235,37569764,37569471,75139235,YES
634,635,71,355000000000,355037556698,355075113194,37556698,37556496,75113194,YES
634,635,72,360000000000,360037555864,360075111615,37555864,37555751,75111615,YES
634,635,73,365000000000,365037567078,365075134129,37567078,37567051,75134129,YES
634,635,74,370000000000,370037590060,370075180177,37590060,37590117,75180177,YES
634,635,75,375000000000,375037624447,375075249036,37624447,37624589,75249036,YES
634,635,76,380000000000,380037669814,380075339849,37669814,37670035,75339849,YES
634,635,77,385000000000,385037725671,385075451649,37725671,37725978,75451649,YES
634,635,78,390000000000,390037791497,390075583374,37791497,37791877,75583374,YES
634,635,79,395000000000,395037866738,395075733926,37866738,37867188,75733926,YES
634,635,80,400000000000,400037950831,400075902178,37950831,37951347,75902178,YES
634,635,81,405000000000,405038043213,405076087015,38043213,38043802,76087015,YES
634,635,82,410000000000,410038143324,410076287293,38143324,38143969,76287293,YES
634,635,83,415000000000,415038250627,415076501951,38250627,38251324,76501951,YES
634,635,84,420000000000,420038364600,420076729948,38364600,38365348,76729948,YES
634,635,85,425000000000,425038484750,425076970307,38484750,38485557,76970307,YES
634,635,86,430000000000,430038610610,430077222067,38610610,38611457,77222067,YES
634,635,87,435000000000,435038741742,435077484374,38741742,38742632,77484374,YES
634,635,88,440000000000,440038877740,440077756407,38877740,38878667,77756407,YES
634,635,89,445000000000,445039018228,445078037435,39018228,39019207,78037435,YES
634,635,90,450000000000,450047365951,450094733273,47365951,47367322,94733273,YES
634,635,91,455000000000,455047390582,455094782611,47390582,47392029,94782611,YES
634,635,92,460000000000,460047423643,460094848809,47423643,47425166,94848809,YES
634,635,93,465000000000,465047465333,465094932269,47465333,47466936,94932269,YES
634,635,94,470000000000,470047515846,470095033359,47515846,47517513,95033359,YES
634,635,95,475000000000,475047575382,475095152496,47575382,47577114,95152496,YES
634,635,96,480000000000,480047644134,480095290060,47644134,47645926,95290060,YES
634,635,97,485000000000,485047722278,485095446406,47722278,47724128,95446406,YES
634,635,98,490000000000,490047809963,490095621827,47809963,47811864,95621827,YES
634,635,99,495000000000,495047907287,495095816529,47907287,47909242,95816529,YES
634,635,100,500000000000,500042486788,500084973230,42486788,42486442,84973230,YES
634,635,101,505000000000,505042470682,505084941092,42470682,42470410,84941092,YES
634,635,102,510000000000,510042466469,510084932745,42466469,42466276,84932745,YES
634,635,103,515000000000,515042474361,515084948613,42474361,42474252,84948613,YES
634,635,104,520000000000,520042494466,520084988908,42494466,42494442,84988908,YES
634,635,105,525000000000,525042526795,525085053655,42526795,42526860,85053655,YES
634,635,106,530000000000,530042571260,530085142680,42571260,42571420,85142680,YES
634,635,107,535000000000,535042627690,535085255639,42627690,42627949,85255639,YES
634,635,108,540000000000,540042695841,540085392036,42695841,42696195,85392036,YES
634,635,109,545000000000,545042775394,545085551242,42775394,42775848,85551242,YES
634,635,110,550000000000,550042865988,550085732522,42865988,42866534,85732522,YES
634,635,111,555000000000,555042967197,555085935040,42967197,42967843,85935040,YES
634,635,112,560000000000,560043078578,560086157910,43078578,43079332,86157910,YES
634,635,113,565000000000,565043199658,565086400172,43199658,43200514,86400172,YES
634,635,114,570000000000,570043329938,570086660826,43329938,43330888,86660826,YES
634,635,115,575000000000,575043468912,575086938867,43468912,43469955,86938867,YES
634,635,116,580000000000,580043616097,580087233303,43616097,43617206,87233303,YES
634,635,117,585000000000,585043770945,585087543091,43770945,43772146,87543091,YES
634,635,118,590000000000,590043932976,590087867235,43932976,43934259,87867235,YES
634,635,119,595000000000,595044101706,595088204787,44101706,44103081,88204787,YES
635,636,0,0,34954570,69908523,34954570,34953953,69908523,YES
635,636,1,5000000000,5034830426,5069660325,34830426,34829899,69660325,YES
635,636,2,10000000000,10034717657,10069434876,34717657,34717219,69434876,YES
635,636,3,15000000000,15034616869,15069233395,34616869,34616526,69233395,YES
635,636,4,20000000000,20034528616,20069056983,34528616,34528367,69056983,YES
635,636,5,25000000000,25034453357,25068906561,34453357,34453204,68906561,YES
635,636,6,30000000000,30034391464,30068782868,34391464,34391404,68782868,YES
635,636,7,35000000000,35034343180,35071212829,34343180,36869649,71212829,YES
635,636,8,40000000000,40034308631,40068617389,34308631,34308758,68617389,YES
635,636,9,45000000000,45034287802,45068575821,34287802,34288019,68575821,YES
635,636,10,50000000000,50034246951,50068494204,34246951,34247253,68494204,YES
635,636,11,55000000000,55035000504,55069253900,35000504,34253396,69253900,YES
635,636,12,60000000000,60034271987,60068544438,34271987,34272451,68544438,YES
635,636,13,65000000000,65034303408,65069505551,34303408,35202143,69505551,YES
635,636,14,70000000000,70034346705,70068694015,34346705,34347310,68694015,YES
635,636,15,75000000000,75034401257,75068803182,34401257,34401925,68803182,YES
635,636,16,80000000000,80034466402,80068933531,34466402,34467129,68933531,YES
635,636,17,85000000000,85034541456,85069083692,34541456,34542236,69083692,YES
635,636,18,90000000000,90034625740,90069252310,34625740,34626570,69252310,YES
635,636,19,95000000000,95034718571,95069438019,34718571,34719448,69438019,YES
635,636,20,100000000000,100055715286,100113028863,55715286,57313577,113028863,YES
635,636,21,105000000000,105055845714,105111692356,55845714,55846642,111692356,YES
635,636,22,110000000000,110055988328,110115816543,55988328,59828215,115816543,YES
635,636,23,115000000000,115056142737,115112286674,56142737,56143937,112286674,YES
635,636,24,120000000000,120056308496,120113066127,56308496,56757631,113066127,YES
635,636,25,125000000000,125056485083,125120226048,56485083,63740965,120226048,YES
635,636,26,130000000000,130056671967,130113345511,56671967,56673544,113345511,YES
635,636,27,135000000000,135059973460,135117809411,59973460,57835951,117809411,YES
635,636,28,140000000000,140058242772,140115319027,58242772,57076255,115319027,YES
635,636,29,145000000000,145057288781,145115095281,57288781,57806500,115095281,YES
635,636,30,150000000000,150057511202,150116091235,57511202,58580033,116091235,YES
635,636,31,155000000000,155057741127,155115484379,57741127,57743252,115484379,YES
635,636,32,160000000000,160057978004,160118343671,57978004,60365667,118343671,YES
635,636,33,165000000000,165058221338,165116445006,58221338,58223668,116445006,YES
635,636,34,170000000000,170058470662,170116943744,58470662,58473082,116943744,YES
635,636,35,175000000000,175058725519,175117453535,58725519,58728016,117453535,YES
635,636,36,180000000000,180058985502,180117973571,58985502,58988069,117973571,YES
635,636,37,185000000000,185059250228,185126709318,59250228,67459090,126709318,YES
635,636,38,190000000000,190059519308,190126179291,59519308,66659983,126179291,YES
635,636,39,195000000000,195094437227,195162676847,94437227,68239620,162676847,YES
635,636,40,200000000000,200036517904,200073034650,36517904,36516746,73034650,YES
635,636,41,205000000000,205036433407,205072865707,36433407,36432300,72865707,YES
635,636,42,210000000000,210036357583,210072714107,36357583,36356524,72714107,YES
635,636,43,215000000000,215036290605,215072580206,36290605,36289601,72580206,YES
635,636,44,220000000000,220036232654,220072464365,36232654,36231711,72464365,YES
635,636,45,225000000000,225036183910,225072933166,36183910,36749256,72933166,YES
635,636,46,230000000000,230036144546,230072288280,36144546,36143734,72288280,YES
635,636,47,235000000000,235036114735,235072228733,36114735,36113998,72228733,YES
635,636,48,240000000000,240036094654,240072188650,36094654,36093996,72188650,YES
635,636,49,245000000000,245036084464,245072168354,36084464,36083890,72168354,YES
635,636,50,250000000000,250034688186,250069375768,34688186,34687582,69375768,YES
635,636,51,255000000000,255034565495,255069130482,34565495,34564987,69130482,YES
635,636,52,260000000000,260034454687,260068908962,34454687,34454275,68908962,YES
635,636,53,265000000000,265034356400,265068712485,34356400,34356085,68712485,YES
635,636,54,270000000000,270034271199,270068542179,34271199,34270980,68542179,YES
635,636,55,275000000000,275034199545,275068398973,34199545,34199428,68398973,YES
635,636,56,280000000000,280034501921,280068643689,34501921,34141768,68643689,YES
635,636,57,285000000000,285036438260,285070536470,36438260,34098210,70536470,YES
635,636,58,290000000000,290034068697,290068137565,34068697,34068868,68137565,YES
635,636,59,295000000000,295034053352,295068106968,34053352,34053616,68106968,YES
635,636,60,300000000000,300034051908,300068104168,34051908,34052260,68104168,YES
635,636,61,305000000000,305034064016,305068128470,34064016,34064454,68128470,YES
635,636,62,310000000000,310034089220,310069024502,34089220,34935282,69024502,YES
635,636,63,315000000000,315034126955,315068254498,34126955,34127543,68254498,YES
635,636,64,320000000000,320034176592,320068353839,34176592,34177247,68353839,YES
635,636,65,325000000000,325034237444,325068475608,34237444,34238164,68475608,YES
635,636,66,330000000000,330034308801,330068618378,34308801,34309577,68618378,YES
635,636,67,335000000000,335034389932,335068780695,34389932,34390763,68780695,YES
635,636,68,340000000000,340034480124,340068961125,34480124,34481001,68961125,YES
635,636,69,345000000000,345034578676,345069158273,34578676,34579597,69158273,YES
635,636,70,350000000000,350055742970,350111486812,55742970,55743842,111486812,YES
635,636,71,355000000000,355055898114,355111797247,55898114,55899133,111797247,YES
635,636,72,360000000000,360056082085,360112148020,56082085,56065935,112148020,YES
635,636,73,365000000000,365056242434,365112486186,56242434,56243752,112486186,YES
635,636,74,370000000000,370056430617,370112862675,56430617,56432058,112862675,YES
635,636,75,375000000000,375056628720,375113259016,56628720,56630296,113259016,YES
635,636,76,380000000000,380056836190,380113674088,56836190,56837898,113674088,YES
635,636,77,385000000000,385057052445,385114106732,57052445,57054287,114106732,YES
635,636,78,390000000000,390057276913,390114555797,57276913,57278884,114555797,YES
635,636,79,395000000000,395057509029,395115020129,57509029,57511100,115020129,YES
635,636,80,400000000000,400088349065,400176700563,88349065,88351498,176700563,YES
635,636,81,405000000000,405088402767,405176808134,88402767,88405367,176808134,YES
635,636,82,410000000000,410088467004,410176936769,88467004,88469765,176936769,YES
635,636,83,415000000000,415088541659,415177086229,88541659,88544570,177086229,YES
635,636,84,420000000000,420088626620,420177256296,88626620,88629676,177256296,YES
635,636,85,425000000000,425088721765,425177446723,88721765,88724958,177446723,YES
635,636,86,430000000000,430088826967,430177657250,88826967,88830283,177657250,YES
635,636,87,435000000000,435088942069,435177887572,88942069,88945503,177887572,YES
635,636,88,440000000000,440089066905,440178137365,89066905,89070460,178137365,YES
635,636,89,445000000000,445089201285,445178406231,89201285,89204946,178406231,YES
635,636,90,450000000000,450035851867,450071702754,35851867,35850887,71702754,YES
635,636,91,455000000000,455035779348,455071557774,35779348,35778426,71557774,YES
635,636,92,460000000000,460035716561,460071432266,35716561,35715705,71432266,YES
635,636,93,465000000000,465035663792,465071326798,35663792,35663006,71326798,YES
635,636,94,470000000000,470035621296,470071241890,35621296,35620594,71241890,YES
635,636,95,475000000000,475035589333,475071178046,35589333,35588713,71178046,YES
635,636,96,480000000000,480035568123,480071135715,35568123,35567592,71135715,YES
635,636,97,485000000000,485035557851,485071115264,35557851,35557413,71115264,YES
635,636,98,490000000000,490035558659,490071116978,35558659,35558319,71116978,YES
635,636,99,495000000000,495035570632,495071141022,35570632,35570390,71141022,YES
635,636,100,500000000000,500034175336,500068350416,34175336,34175080,68350416,YES
635,636,101,505000000000,505034098075,505068195994,34098075,34097919,68195994,YES
635,636,102,510000000000,510034034807,510068069562,34034807,34034755,68069562,YES
635,636,103,515000000000,515033985808,515067971668,33985808,33985860,67971668,YES
635,636,104,520000000000,520033951204,520067902556,33951204,33951352,67902556,YES
635,636,105,525000000000,525033930973,525067862185,33930973,33931212,67862185,YES
635,636,106,530000000000,530033924943,530067850210,33924943,33925267,67850210,YES
635,636,107,535000000000,535033932794,535067866000,33932794,33933206,67866000,YES
635,636,108,540000000000,540033954097,540067908685,33954097,33954588,67908685,YES
635,636,109,545000000000,545033988301,545067977163,33988301,33988862,67977163,YES
635,636,110,550000000000,550055475991,550110953214,55475991,55477223,110953214,YES
635,636,111,555000000000,555055544299,555111089936,55544299,55545637,111089936,YES
635,636,112,560000000000,560055624631,560111250702,55624631,55626071,111250702,YES
635,636,113,565000000000,565055716438,565111434422,55716438,55717984,111434422,YES
635,636,114,570000000000,570055819122,570111639876,55819122,55820754,111639876,YES
635,636,115,575000000000,575055932061,575111865833,55932061,55933772,111865833,YES
635,636,116,580000000000,580056054620,580112111031,56054620,56056411,112111031,YES
635,636,117,585000000000,585056186173,585112374194,56186173,56188021,112374194,YES
635,636,118,590000000000,590056326068,590112654045,56326068,56327977,112654045,YES
635,636,119,595000000000,595056473707,595112949396,56473707,56475689,112949396,YES
636,637,0,0,54126245,108251130,54126245,54124885,108251130,YES
636,637,1,5000000000,5054140647,5108280048,54140647,54139401,108280048,YES
636,637,2,10000000000,10054163040,10108324953,54163040,54161913,108324953,YES
636,637,3,15000000000,15054193601,15108386204,54193601,54192603,108386204,YES
636,637,4,20000000000,20055315962,20109547624,55315962,54231662,109547624,YES
636,637,5,25000000000,25054279970,25108559219,54279970,54279249,108559219,YES
636,637,6,30000000000,30054336126,30108671681,54336126,54335555,108671681,YES
636,637,7,35000000000,35054401122,35108801829,54401122,54400707,108801829,YES
636,637,8,40000000000,40054475035,40108949830,54475035,54474795,108949830,YES
636,637,9,45000000000,45054557935,45114690141,54557935,60132206,114690141,YES
636,637,10,50000000000,50028108552,50056216753,28108552,28108201,56216753,YES
636,637,11,55000000000,55027989768,55055979282,27989768,27989514,55979282,YES
636,637,12,60000000000,60036090438,60063971069,36090438,27880631,63971069,YES
636,637,13,65000000000,65033991811,65061773916,33991811,27782105,61773916,YES
636,637,14,70000000000,70031903339,70059597054,31903339,27693715,59597054,YES
636,637,15,75000000000,75027615478,75055230996,27615478,27615518,55230996,YES
636,637,16,80000000000,80027547303,80055416391,27547303,27869088,55416391,YES
636,637,17,85000000000,85027489254,85054978670,27489254,27489416,54978670,YES
636,637,18,90000000000,90027441293,90054882804,27441293,27441511,54882804,YES
636,637,19,95000000000,95027403371,95054807012,27403371,27403641,54807012,YES
636,637,20,100000000000,100124942504,100193573580,124942504,68631076,193573580,YES
636,637,21,105000000000,105077399061,105151661749,77399061,74262688,151661749,YES
636,637,22,110000000000,110068637053,110143261189,68637053,74624136,143261189,YES
636,637,23,115000000000,115068660809,115138695355,68660809,70034546,138695355,YES
636,637,24,120000000000,120068698077,120137397597,68698077,68699520,137397597,YES
636,637,25,125000000000,125077821277,125146571668,77821277,68750391,146571668,YES
636,637,26,130000000000,130068812380,130137626519,68812380,68814139,137626519,YES
636,637,27,135000000000,135070096951,135138987747,70096951,68890796,138987747,YES
636,637,28,140000000000,140071714104,140140694000,71714104,68979896,140694000,YES
636,637,29,145000000000,145105500635,145174582356,105500635,69081721,174582356,YES
636,637,30,150000000000,150019042372,150038085375,19042372,19043003,38085375,YES
636,637,31,155000000000,155019145502,155038291659,19145502,19146157,38291659,YES
636,637,32,160000000000,160019258300,160038517278,19258300,19258978,38517278,YES
636,637,33,165000000000,165019380407,165038761512,19380407,19381105,38761512,YES
636,637,34,170000000000,170019511423,170039023578,19511423,19512155,39023578,YES
636,637,35,175000000000,175019650920,175039302589,19650920,19651669,39302589,YES
636,637,36,180000000000,180019798435,180039597639,19798435,19799204,39597639,YES
636,637,37,185000000000,185019953501,185039907788,19953501,19954287,39907788,YES
636,637,38,190000000000,190020115638,190097552911,20115638,77437273,97552911,YES
636,637,39,195000000000,195020284370,195040569582,20284370,20285212,40569582,YES
636,637,40,200000000000,200047544358,200092426155,47544358,44881797,92426155,YES
636,637,41,205000000000,205047426548,205092395872,47426548,44969324,92395872,YES
636,637,42,210000000000,210046340776,210091407441,46340776,45066665,91407441,YES
636,637,43,215000000000,215045172748,215090346147,45172748,45173399,90346147,YES
636,637,44,220000000000,220048111885,220093401064,48111885,45289179,93401064,YES
636,637,45,225000000000,225047979355,225095815322,47979355,47835967,95815322,YES
636,637,46,230000000000,230045544625,230091090184,45544625,45545559,91090184,YES
636,637,47,235000000000,235045684373,235091369762,45684373,45685389,91369762,YES
636,637,48,240000000000,240045831274,240091663645,45831274,45832371,91663645,YES
636,637,49,245000000000,245045984900,245091970984,45984900,45986084,91970984,YES
636,637,50,250000000000,250032620799,250065240398,32620799,32619599,65240398,YES
636,637,51,255000000000,255032523473,255065045821,32523473,32522348,65045821,YES
636,637,52,260000000000,260032436031,260064871009,32436031,32434978,64871009,YES
636,637,53,265000000000,265032358743,265065715946,32358743,33357203,65715946,YES
636,637,54,270000000000,270032291858,270065113723,32291858,32821865,65113723,YES
636,637,55,275000000000,275033900429,275066135168,33900429,32234739,66135168,YES
636,637,56,280000000000,280032190074,280064379415,32190074,32189341,64379415,YES
636,637,57,285000000000,285032155441,285064310239,32155441,32154798,64310239,YES
636,637,58,290000000000,290032131725,290064262898,32131725,32131173,64262898,YES
636,637,59,295000000000,295032118873,295066157977,32118873,34039104,66157977,YES
636,637,60,300000000000,300028390207,300056811485,28390207,28421278,56811485,YES
636,637,61,305000000000,305027286269,305054572309,27286269,27286040,54572309,YES
636,637,62,310000000000,310027194165,310054388181,27194165,27194016,54388181,YES
636,637,63,315000000000,315027113192,315054226308,27113192,27113116,54226308,YES
636,637,64,320000000000,320027043394,320054086785,27043394,27043391,54086785,YES
636,637,65,325000000000,325026984759,325053969588,26984759,26984829,53969588,YES
636,637,66,330000000000,330026937241,330053874615,26937241,26937374,53874615,YES
636,637,67,335000000000,335026900747,335053801688,26900747,26900941,53801688,YES
636,637,68,340000000000,340026875163,340053750576,26875163,26875413,53750576,YES
636,637,69,345000000000,345026860343,345053720987,26860343,26860644,53720987,YES
636,637,70,350000000000,350068720084,350137441513,68720084,68721429,137441513,YES
636,637,71,355000000000,355068762945,355137527407,68762945,68764462,137527407,YES
636,637,72,360000000000,360068818803,360137639280,68818803,68820477,137639280,YES
636,637,73,365000000000,365082320873,365151210255,82320873,68889382,151210255,YES
636,637,74,370000000000,370080323114,370149293552,80323114,68970438,149293552,YES
636,637,75,375000000000,375069061171,375138124444,69061171,69063273,138124444,YES
636,637,76,380000000000,380069165615,380138333452,69165615,69167837,138333452,YES
636,637,77,385000000000,385069281163,385138564662,69281163,69283499,138564662,YES
636,637,78,390000000000,390069407339,390139617014,69407339,70209675,139617014,YES
636,637,79,395000000000,395069543651,395139089861,69543651,69546210,139089861,YES
636,637,80,400000000000,400044822106,400089643609,44822106,44821503,89643609,YES
636,637,81,405000000000,405044799294,405089598070,44799294,44798776,89598070,YES
636,637,82,410000000000,410044787964,410089575501,44787964,44787537,89575501,YES
636,637,83,415000000000,415044788174,415089576012,44788174,44787838,89576012,YES
636,637,84,420000000000,420044799917,420089599587,44799917,44799670,89599587,YES
636,637,85,425000000000,425044823112,425089646074,44823112,44822962,89646074,YES
636,637,86,430000000000,430044857628,430089715204,44857628,44857576,89715204,YES
636,637,87,435000000000,435044903265,435089806579,44903265,44903314,89806579,YES
636,637,88,440000000000,440044959782,440089919714,44959782,44959932,89919714,YES
636,637,89,445000000000,445045026893,445090054044,45026893,45027151,90054044,YES
636,637,90,450000000000,450045077931,450090155947,45077931,45078016,90155947,YES
636,637,91,455000000000,455045140666,455090281518,45140666,45140852,90281518,YES
636,637,92,460000000000,460045212942,460090426165,45212942,45213223,90426165,YES
636,637,93,465000000000,465045294368,465090589111,45294368,45294743,90589111,YES
636,637,94,470000000000,470045384539,470090769551,45384539,45385012,90769551,YES
636,637,95,475000000000,475048660037,475094143705,48660037,45483668,94143705,YES
636,637,96,480000000000,480046742488,480093545473,46742488,46802985,93545473,YES
636,637,97,485000000000,485045703390,485091660416,45703390,45957026,91660416,YES
636,637,98,490000000000,490045824420,490091649656,45824420,45825236,91649656,YES
636,637,99,495000000000,495045952154,495091905209,45952154,45953055,91905209,YES
636,637,100,500000000000,500032034124,500064067318,32034124,32033194,64067318,YES
636,637,101,505000000000,505031976020,505063951187,31976020,31975167,63951187,YES
636,637,102,510000000000,510031928825,510063856882,31928825,31928057,63856882,YES
636,637,103,515000000000,515031892646,515063784621,31892646,31891975,63784621,YES
636,637,104,520000000000,520031867550,520063734519,31867550,31866969,63734519,YES
636,637,105,525000000000,525031853505,525063706521,31853505,31853016,63706521,YES
636,637,106,530000000000,530031850410,530063700420,31850410,31850010,63700420,YES
636,637,107,535000000000,535031858078,535063715848,31858078,31857770,63715848,YES
636,637,108,540000000000,540031876244,540063752272,31876244,31876028,63752272,YES
636,637,109,545000000000,545031904568,545063809009,31904568,31904441,63809009,YES
636,637,110,550000000000,550068823683,550137647468,68823683,68823785,137647468,YES
636,637,111,555000000000,555068784235,555137568788,68784235,68784553,137568788,YES
636,637,112,560000000000,560068758235,560137517005,68758235,68758770,137517005,YES
636,637,113,565000000000,565068745770,565137492284,68745770,68746514,137492284,YES
636,637,114,570000000000,570068746840,570137494625,68746840,68747785,137494625,YES
636,637,115,575000000000,575068761367,575137523874,68761367,68762507,137523874,YES
636,637,116,580000000000,580068789221,580137579771,68789221,68790550,137579771,YES
636,637,117,585000000000,585068830209,585137661921,68830209,68831712,137661921,YES
636,637,118,590000000000,590068884076,590137769822,68884076,68885746,137769822,YES
636,637,119,595000000000,595068950533,595137902890,68950533,68952357,137902890,YES
637,638,0,0,52060824,104124077,52060824,52063253,104124077,YES
637,638,1,5000000000,5052282827,5104568144,52282827,52285317,104568144,YES
637,638,2,10000000000,10052513342,10105029246,52513342,52515904,105029246,YES
637,638,3,15000000000,15052751792,15105506195,52751792,52754403,105506195,YES
637,638,4,20000000000,20052997615,20105997905,52997615,53000290,105997905,YES
637,638,5,25000000000,25053250279,25106503298,53250279,53253019,106503298,YES
637,638,6,30000000000,30053509279,30107021315,53509279,53512036,107021315,YES
637,638,7,35000000000,35053774090,35107551011,53774090,53776921,107551011,YES
637,638,8,40000000000,40054044289,40108091456,54044289,54047167,108091456,YES
637,638,9,45000000000,45054319459,45108641858,54319459,54322399,108641858,YES
637,638,10,50000000000,50035602416,50071203559,35602416,35601143,71203559,YES
637,638,11,55000000000,55035487458,55070973686,35487458,35486228,70973686,YES
637,638,12,60000000000,60035382532,60072089691,35382532,36707159,72089691,YES
637,638,13,65000000000,65035287771,65070574427,35287771,35286656,70574427,YES
637,638,14,70000000000,70035203270,70070405476,35203270,35202206,70405476,YES
637,638,15,75000000000,75035129080,75070257159,35129080,35128079,70257159,YES
637,638,16,80000000000,80036514861,80071579150,36514861,35064289,71579150,YES
637,638,17,85000000000,85038095083,85073105986,38095083,35010903,73105986,YES
637,638,18,90000000000,90034968752,90069936688,34968752,34967936,69936688,YES
637,638,19,95000000000,95034936087,95069871430,34936087,34935343,69871430,YES
637,638,20,100000000000,100035409133,100070817307,35409133,35408174,70817307,YES
637,638,21,105000000000,105035255341,105070509809,35255341,35254468,70509809,YES
637,638,22,110000000000,110035113028,110070225266,35113028,35112238,70225266,YES
637,638,23,115000000000,115034982756,115069964821,34982756,34982065,69964821,YES
637,638,24,120000000000,120034865054,120069729509,34865054,34864455,69729509,YES
637,638,25,125000000000,125034760354,125069520201,34760354,34759847,69520201,YES
637,638,26,130000000000,130034668993,130069337579,34668993,34668586,69337579,YES
637,638,27,135000000000,135034591198,135069182079,34591198,34590881,69182079,YES
637,638,28,140000000000,140034527058,140069053892,34527058,34526834,69053892,YES
637,638,29,145000000000,145034476549,145068952964,34476549,34476415,68952964,YES
637,638,30,150000000000,150072328761,150144307678,72328761,71978917,144307678,YES
637,638,31,155000000000,155072022751,155144046063,72022751,72023312,144046063,YES
637,638,32,160000000000,160072082118,160151702352,72082118,79620234,151702352,YES
637,638,33,165000000000,165072156344,165160658499,72156344,88502155,160658499,YES
637,638,34,170000000000,170078772607,170154773702,78772607,76001095,154773702,YES
637,638,35,175000000000,175072347522,175144696444,72347522,72348922,144696444,YES
637,638,36,180000000000,180073120051,180145585026,73120051,72464975,145585026,YES
637,638,37,185000000000,185082272378,185154866277,82272378,72593899,154866277,YES
637,638,38,190000000000,190079924312,190152658829,79924312,72734517,152658829,YES
637,638,39,195000000000,195072884151,195145770429,72884151,72886278,145770429,YES
637,638,40,200000000000,200051087239,200102176357,51087239,51089118,102176357,YES
637,638,41,205000000000,205051240587,205102483153,51240587,51242566,102483153,YES
637,638,42,210000000000,210051405918,210102813908,51405918,51407990,102813908,YES
637,638,43,215000000000,215051582835,215103167821,51582835,51584986,103167821,YES
637,638,44,220000000000,220051770852,220103543939,51770852,51773087,103543939,YES
637,638,45,225000000000,225052143632,225104115411,52143632,51971779,104115411,YES
637,638,46,230000000000,230052178083,230104358549,52178083,52180466,104358549,YES
637,638,47,235000000000,235052396146,235104794744,52396146,52398598,104794744,YES
637,638,48,240000000000,240052623056,240105248632,52623056,52625576,105248632,YES
637,638,49,245000000000,245052858224,245105719029,52858224,52860805,105719029,YES
637,638,50,250000000000,250032254400,250064508851,32254400,32254451,64508851,YES
637,638,51,255000000000,255032201934,255064403982,32201934,32202048,64403982,YES
637,638,52,260000000000,260032160356,260064320886,32160356,32160530,64320886,YES
637,638,53,265000000000,265032129790,265064259813,32129790,32130023,64259813,YES
637,638,54,270000000000,270032110297,270064220883,32110297,32110586,64220883,YES
637,638,55,275000000000,275032101882,275064204110,32101882,32102228,64204110,YES
637,638,56,280000000000,280032104487,280064209373,32104487,32104886,64209373,YES
637,638,57,285000000000,285032117978,285064236406,32117978,32118428,64236406,YES
637,638,58,290000000000,290032142161,290064284821,32142161,32142660,64284821,YES
637,638,59,295000000000,295032176774,295064354095,32176774,32177321,64354095,YES
637,638,60,300000000000,300035281232,300070561405,35281232,35280173,70561405,YES
637,638,61,305000000000,305035204078,305070407149,35204078,35203071,70407149,YES
637,638,62,310000000000,310035137171,310070273403,35137171,35136232,70273403,YES
637,638,63,315000000000,315035080554,315070160229,35080554,35079675,70160229,YES
637,638,64,320000000000,320035034222,320070067630,35034222,35033408,70067630,YES
637,638,65,325000000000,325034998165,325069995579,34998165,34997414,69995579,YES
637,638,66,330000000000,330034972368,330069944056,34972368,34971688,69944056,YES
637,638,67,335000000000,335034956800,335069912998,34956800,34956198,69912998,YES
637,638,68,340000000000,340034951421,340069902319,34951421,34950898,69902319,YES
637,638,69,345000000000,345034956174,345069911905,34956174,34955731,69911905,YES
637,638,70,350000000000,350034793638,350069586622,34793638,34792984,69586622,YES
637,638,71,355000000000,355034662913,355069325260,34662913,34662347,69325260,YES
637,638,72,360000000000,360034544224,360069087976,34544224,34543752,69087976,YES
637,638,73,365000000000,365034437982,365068875581,34437982,34437599,68875581,YES
637,638,74,370000000000,370034344521,370068688749,34344521,34344228,68688749,YES
637,638,75,375000000000,375034264080,375068527951,34264080,34263871,68527951,YES
637,638,76,380000000000,380034196794,380068393463,34196794,34196669,68393463,YES
637,638,77,385000000000,385034142700,385068285358,34142700,34142658,68285358,YES
637,638,78,390000000000,390034101716,390068203463,34101716,34101747,68203463,YES
637,638,79,395000000000,395034073657,395068147420,34073657,34073763,68147420,YES
637,638,80,400000000000,400072096265,400144192992,72096265,72096727,144192992,YES
637,638,81,405000000000,405072149156,405144298984,72149156,72149828,144298984,YES
637,638,82,410000000000,410072216949,410144434773,72216949,72217824,144434773,YES
637,638,83,415000000000,415072299271,415144599623,72299271,72300352,144599623,YES
637,638,84,420000000000,420072395665,420144792609,72395665,72396944,144792609,YES
637,638,85,425000000000,425072505595,425145977216,72505595,73471621,145977216,YES
637,638,86,430000000000,430072628464,430145258585,72628464,72630121,145258585,YES
637,638,87,435000000000,435072763637,435145529116,72763637,72765479,145529116,YES
637,638,88,440000000000,440072910463,440145822936,72910463,72912473,145822936,YES
637,638,89,445000000000,445073068276,445146138738,73068276,73070462,146138738,YES
637,638,90,450000000000,450051317819,450102637571,51317819,51319752,102637571,YES
637,638,91,455000000000,455051499396,455103000824,51499396,51501428,103000824,YES
637,638,92,460000000000,460051692185,460103386479,51692185,51694294,103386479,YES
637,638,93,465000000000,465051895568,465103793332,51895568,51897764,103793332,YES
637,638,94,470000000000,470052108913,470104220101,52108913,52111188,104220101,YES
637,638,95,475000000000,475052331554,475104665452,52331554,52333898,104665452,YES
637,638,96,480000000000,480052562862,480105128148,52562862,52565286,105128148,YES
637,638,97,485000000000,485052802216,485105606931,52802216,52804715,105606931,YES
637,638,98,490000000000,490053049019,490106100624,53049019,53051605,106100624,YES
637,638,99,495000000000,495053302701,495106608038,53302701,53305337,106608038,YES
637,638,100,500000000000,500031750007,500063500294,31750007,31750287,63500294,YES
637,638,101,505000000000,505031718439,505063437215,31718439,31718776,63437215,YES
637,638,102,510000000000,510031697330,510063395052,31697330,31697722,63395052,YES
637,638,103,515000000000,515031686718,515063373881,31686718,31687163,63373881,YES
637,638,104,520000000000,520031686589,520063373672,31686589,31687083,63373672,YES
637,638,105,525000000000,525031696883,525063394309,31696883,31697426,63394309,YES
637,638,106,530000000000,530031717493,530063435573,31717493,31718080,63435573,YES
637,638,107,535000000000,535031748249,535063497130,31748249,31748881,63497130,YES
637,638,108,540000000000,540031788937,540063578546,31788937,31789609,63578546,YES
637,638,109,545000000000,545031839290,545063679291,31839290,31840001,63679291,YES
637,638,110,550000000000,550034730292,550069459756,34730292,34729464,69459756,YES
637,638,111,555000000000,555034670777,555069340788,34670777,34670011,69340788,YES
637,638,112,560000000000,560034622280,560069243864,34622280,34621584,69243864,YES
637,638,113,565000000000,565034584807,565069168988,34584807,34584181,69168988,YES
637,638,114,570000000000,570034558325,570069116098,34558325,34557773,69116098,YES
637,638,115,575000000000,575034542767,575069085057,34542767,34542290,69085057,YES
637,638,116,580000000000,580034538031,580069075667,34538031,34537636,69075667,YES
637,638,117,585000000000,585034543987,585069087659,34543987,34543672,69087659,YES
637,638,118,590000000000,590034560456,590069120691,34560456,34560235,69120691,YES
637,638,119,595000000000,595034587260,595069174384,34587260,34587124,69174384,YES
638,639,0,0,97966538,195933714,97966538,97967176,195933714,YES
638,639,1,5000000000,5098848303,5196791873,98848303,97943570,196791873,YES
638,639,2,10000000000,10097912706,10195826572,97912706,97913866,195826572,YES
638,639,3,15000000000,15097905472,15195812345,97905472,97906873,195812345,YES
638,639,4,20000000000,20103461808,20210372391,103461808,106910583,210372391,YES
638,639,5,25000000000,25103368301,25201329073,103368301,97960772,201329073,YES
638,639,6,30000000000,30097961749,30195925534,97961749,97963785,195925534,YES
638,639,7,35000000000,35098006015,35196014255,98006015,98008240,196014255,YES
638,639,8,40000000000,40098062660,40196127720,98062660,98065060,196127720,YES
638,639,9,45000000000,45098131356,45201582033,98131356,103450677,201582033,YES
638,639,10,50000000000,50086531161,50175588378,86531161,89057217,175588378,YES
638,639,11,55000000000,55092881335,55179342734,92881335,86461399,179342734,YES
638,639,12,60000000000,60086410528,60173133339,86410528,86722811,173133339,YES
638,639,13,65000000000,65086371494,65172741365,86371494,86369871,172741365,YES
638,639,14,70000000000,70086346004,70177129951,86346004,90783947,177129951,YES
638,639,15,75000000000,75086333487,75175106885,86333487,88773398,175106885,YES
638,639,16,80000000000,80086333312,80173030986,86333312,86697674,173030986,YES
638,639,17,85000000000,85089765496,85176109623,89765496,86344127,176109623,YES
638,639,18,90000000000,90086667813,90173034666,86667813,86366853,173034666,YES
638,639,19,95000000000,95092065040,95187923930,92065040,95858890,187923930,YES
638,639,20,100000000000,100080295999,100160590424,80295999,80294425,160590424,YES
638,639,21,105000000000,105080200928,105160400472,80200928,80199544,160400472,YES
638,639,22,110000000000,110082173372,110162289742,82173372,80116370,162289742,YES
638,639,23,115000000000,115080046665,115160092351,80046665,80045686,160092351,YES
638,639,24,120000000000,120079988776,120159976796,79988776,79988020,159976796,YES
638,639,25,125000000000,125079944501,125159888468,79944501,79943967,159888468,YES
638,639,26,130000000000,130079914309,130159828315,79914309,79914006,159828315,YES
638,639,27,135000000000,135081377346,135161275844,81377346,79898498,161275844,YES
638,639,28,140000000000,140079897514,140159795199,79897514,79897685,159795199,YES
638,639,29,145000000000,145083343239,145163254901,83343239,79911662,163254901,YES
638,639,30,150000000000,150084164131,150164104489,84164131,79940358,164104489,YES
638,639,31,155000000000,155079982650,155159966171,79982650,79983521,159966171,YES
638,639,32,160000000000,160080039812,160160080723,80039812,80040911,160080723,YES
638,639,33,165000000000,165080110713,165160222748,80110713,80112035,160222748,YES
638,639,34,170000000000,170080194803,170160391140,80194803,80196337,160391140,YES
638,639,35,175000000000,175080291466,175160584663,80291466,80293197,160584663,YES
638,639,36,180000000000,180080400021,180160801964,80400021,80401943,160801964,YES
638,639,37,185000000000,185080793011,185161314894,80793011,80521883,161314894,YES
638,639,38,190000000000,190080757706,190166390737,80757706,85633031,166390737,YES
638,639,39,195000000000,195080789995,195161582426,80789995,80792431,161582426,YES
638,639,40,200000000000,200045197949,200090395890,45197949,45197941,90395890,YES
638,639,41,205000000000,205047551854,205092820437,47551854,45268583,92820437,YES
638,639,42,210000000000,210045875773,210091225535,45875773,45349762,91225535,YES
638,639,43,215000000000,215045440802,215090881975,45440802,45441173,90881975,YES
638,639,44,220000000000,220045541862,220091084222,45541862,45542360,91084222,YES
638,639,45,225000000000,225045652217,225091305049,45652217,45652832,91305049,YES
638,639,46,230000000000,230045771343,230091543412,45771343,45772069,91543412,YES
638,639,47,235000000000,235045898708,235091798247,45898708,45899539,91798247,YES
638,639,48,240000000000,240046033761,240094642975,46033761,48609214,94642975,YES
638,639,49,245000000000,245046175979,245092784832,46175979,46608853,92784832,YES
638,639,50,250000000000,250087134902,250201847444,87134902,114712542,201847444,YES
638,639,51,255000000000,255086974655,255173945576,86974655,86970921,173945576,YES
638,639,52,260000000000,260086828498,260173653500,86828498,86825002,173653500,YES
638,639,53,265000000000,265086696846,265173390443,86696846,86693597,173390443,YES
638,639,54,270000000000,270086580004,270173157016,86580004,86577012,173157016,YES
638,639,55,275000000000,275086478137,275172953541,86478137,86475404,172953541,YES
638,639,56,280000000000,280086391270,280172780062,86391270,86388792,172780062,YES
638,639,57,285000000000,285086319283,285172636347,86319283,86317064,172636347,YES
638,639,58,290000000000,290086261928,290172521892,86261928,86259964,172521892,YES
638,639,59,295000000000,295086218835,295172435959,86218835,86217124,172435959,YES
638,639,60,300000000000,300086189540,300172377615,86189540,86188075,172377615,YES
638,639,61,305000000000,305086173492,305172345760,86173492,86172268,172345760,YES
638,639,62,310000000000,310086170085,310172339180,86170085,86169095,172339180,YES
638,639,63,315000000000,315086178669,315172356577,86178669,86177908,172356577,YES
638,639,64,320000000000,320086198590,320172396635,86198590,86198045,172396635,YES
638,639,65,325000000000,325086229188,325174236473,86229188,88007285,174236473,YES
638,639,66,330000000000,330086269803,330172539453,86269803,86269650,172539453,YES
638,639,67,335000000000,335086319802,335172639635,86319802,86319833,172639635,YES
638,639,68,340000000000,340086378593,340172757387,86378593,86378794,172757387,YES
638,639,69,345000000000,345086445595,345172891553,86445595,86445958,172891553,YES
638,639,70,350000000000,350080176673,350162323955,80176673,82147282,162323955,YES
638,639,71,355000000000,355080084838,355160168360,80084838,80083522,160168360,YES
638,639,72,360000000000,360080005114,360160009113,80005114,80003999,160009113,YES
638,639,73,365000000000,365079938193,365159875492,79938193,79937299,159875492,YES
638,639,74,370000000000,370079884748,370159771791,79884748,79887043,159771791,YES
638,639,75,375000000000,375079845348,375159690257,79845348,79844909,159690257,YES
638,639,76,380000000000,380079820481,380159640758,79820481,79820277,159640758,YES
638,639,77,385000000000,385079810494,385159621023,79810494,79810529,159621023,YES
638,639,78,390000000000,390079815591,390159631461,79815591,79815870,159631461,YES
638,639,79,395000000000,395079835825,395159672172,79835825,79836347,159672172,YES
638,639,80,400000000000,400079871084,400159742931,79871084,79871847,159742931,YES
638,639,81,405000000000,405079921112,405159843217,79921112,79922105,159843217,YES
638,639,82,410000000000,410079985516,410159972245,79985516,79986729,159972245,YES
638,639,83,415000000000,415080063756,415160128958,80063756,80065202,160128958,YES
638,639,84,420000000000,420080155231,420160312119,80155231,80156888,160312119,YES
638,639,85,425000000000,425080259250,425160520357,80259250,80261107,160520357,YES
638,639,86,430000000000,430080375093,430160752231,80375093,80377138,160752231,YES
638,639,87,435000000000,435080502008,435161006236,80502008,80504228,161006236,YES
638,639,88,440000000000,440080639244,440161280873,80639244,80641629,161280873,YES
638,639,89,445000000000,445080786061,445161574678,80786061,80788617,161574678,YES
638,639,90,450000000000,450098042788,450196085377,98042788,98042589,196085377,YES
638,639,91,455000000000,455097971724,455195943564,97971724,97971840,195943564,YES
638,639,92,460000000000,460097913860,460195828135,97913860,97914275,195828135,YES
638,639,93,465000000000,465097869293,465195739284,97869293,97869991,195739284,YES
638,639,94,470000000000,470097838070,470195677107,97838070,97839037,195677107,YES
638,639,95,475000000000,475105894293,475203715707,105894293,97821414,203715707,YES
638,639,96,480000000000,480104237556,480202054707,104237556,97817151,202054707,YES
638,639,97,485000000000,485097824453,485195650598,97824453,97826145,195650598,YES
638,639,98,490000000000,490097846384,490195694672,97846384,97848288,195694672,YES
638,639,99,495000000000,495097881326,495197030578,97881326,99149252,197030578,YES
638,639,100,500000000000,500086505587,500173007353,86505587,86501766,173007353,YES
638,639,101,505000000000,505086375271,505172746949,86375271,86371678,172746949,YES
638,639,102,510000000000,510086259193,510172515033,86259193,86255840,172515033,YES
638,639,103,515000000000,515086157463,515172311813,86157463,86154350,172311813,YES
638,639,104,520000000000,520086070061,520172137260,86070061,86067199,172137260,YES
638,639,105,525000000000,525085996877,525171991131,85996877,85994254,171991131,YES
638,639,106,530000000000,530085937663,530171872962,85937663,85935299,171872962,YES
638,639,107,535000000000,535085892125,535171782139,85892125,85890014,171782139,YES
638,639,108,540000000000,540085859860,540171717861,85859860,85858001,171717861,YES
638,639,109,545000000000,545085840405,545171679195,85840405,85838790,171679195,YES
638,639,110,550000000000,550085833252,550171665130,85833252,85831878,171665130,YES
638,639,111,555000000000,555085837849,555171674555,85837849,85836706,171674555,YES
638,639,112,560000000000,560085853623,560171706332,85853623,85852709,171706332,YES
638,639,113,565000000000,565085879997,565171759301,85879997,85879304,171759301,YES
638,639,114,570000000000,570085916393,570171832295,85916393,85915902,171832295,YES
638,639,115,575000000000,575085962226,575171924161,85962226,85961935,171924161,YES
638,639,116,580000000000,580086016950,580172033814,86016950,86016864,172033814,YES
638,639,117,585000000000,585086080034,585172160163,86080034,86080129,172160163,YES
638,639,118,590000000000,590086150974,590172302211,86150974,86151237,172302211,YES
638,639,119,595000000000,595086229287,595172459001,86229287,86229714,172459001,YES
639,640,0,0,89645567,179289244,89645567,89643677,179289244,YES
639,640,1,5000000000,5089583448,5179241649,89583448,89658201,179241649,YES
639,640,2,10000000000,10089535179,10255607022,89535179,166071843,255607022,YES
639,640,3,15000000000,15089501023,15203983073,89501023,114482050,203983073,YES
639,640,4,20000000000,20089481146,20182859484,89481146,93378338,182859484,YES
639,640,5,25000000000,25089475593,25180264010,89475593,90788417,180264010,YES
639,640,6,30000000000,30089484308,30178968198,89484308,89483890,178968198,YES
639,640,7,35000000000,35089507110,35179014073,89507110,89506963,179014073,YES
639,640,8,40000000000,40089543726,40179087576,89543726,89543850,179087576,YES
639,640,9,45000000000,45089593780,45181811686,89593780,92217906,181811686,YES
639,640,10,50000000000,50091563540,50184460179,91563540,92896639,184460179,YES
639,640,11,55000000000,55089765852,55185905771,89765852,96139919,185905771,YES
639,640,12,60000000000,60089853148,60180903365,89853148,91050217,180903365,YES
639,640,13,65000000000,65089951652,65179904682,89951652,89953030,179904682,YES
639,640,14,70000000000,70093584994,70183647397,93584994,90062403,183647397,YES
639,640,15,75000000000,75094921473,75185103077,94921473,90181604,185103077,YES
639,640,16,80000000000,80095320565,80189591134,95320565,94270569,189591134,YES
639,640,17,85000000000,85094006639,85187686961,94006639,93680322,187686961,YES
639,640,18,90000000000,90091492331,90185793650,91492331,94301319,185793650,YES
639,640,19,95000000000,95105068117,95197593821,105068117,92525704,197593821,YES
639,640,20,100000000000,100097673102,100196511126,97673102,98838024,196511126,YES
639,640,21,105000000000,105100898636,105201901680,100898636,101003044,201901680,YES
639,640,22,110000000000,110098017511,110195655535,98017511,97638024,195655535,YES
639,640,23,115000000000,115097639786,115195278331,97639786,97638545,195278331,YES
639,640,24,120000000000,120097651704,120195302436,97651704,97650732,195302436,YES
639,640,25,125000000000,125097857300,125201445355,97857300,103588055,201445355,YES
639,640,26,130000000000,130097711074,130195421737,97711074,97710663,195421737,YES
639,640,27,135000000000,135097758656,135195517192,97758656,97758536,195517192,YES
639,640,28,140000000000,140097818146,140198740050,97818146,100921904,198740050,YES
639,640,29,145000000000,145097889433,145234908202,97889433,137018769,234908202,YES
639,640,30,150000000000,150100774854,150207681458,100774854,106906604,207681458,YES
639,640,31,155000000000,155100742256,155201485563,100742256,100743307,201485563,YES
639,640,32,160000000000,160100721724,160215510097,100721724,114788373,215510097,YES
639,640,33,165000000000,165100743791,165216415707,100743791,115671916,216415707,YES
639,640,34,170000000000,170100717029,170201435948,100717029,100718919,201435948,YES
639,640,35,175000000000,175100732881,175201467901,100732881,100735020,201467901,YES
639,640,36,180000000000,180102313701,180209639248,102313701,107325547,209639248,YES
639,640,37,185000000000,185105372225,185213773833,105372225,108401608,213773833,YES
639,640,38,190000000000,190125245217,190236020730,125245217,110775513,236020730,YES
639,640,39,195000000000,195106466549,195207386226,106466549,100919677,207386226,YES
639,640,40,200000000000,200217150703,200325818535,217150703,108667832,325818535,YES
639,640,41,205000000000,205101079417,205209486204,101079417,108406787,209486204,YES
639,640,42,210000000000,-1,-1,-1,-1,-1,LOST
639,640,43,215000000000,215101288095,215202579853,101288095,101291758,202579853,YES
639,640,44,220000000000,220101409097,220207901418,101409097,106492321,207901418,YES
639,640,45,225000000000,225107794775,225211977548,107794775,104182773,211977548,YES
639,640,46,230000000000,230103027859,230210063443,103027859,107035584,210063443,YES
639,640,47,235000000000,235101835265,235203674697,101835265,101839432,203674697,YES
639,640,48,240000000000,240103773401,240205774899,103773401,102001498,205774899,YES
639,640,49,245000000000,245107944307,245210117191,107944307,102172884,210117191,YES
639,640,50,250000000000,250161876665,250250860733,161876665,88984068,250860733,YES
639,640,51,255000000000,255091516186,255180465079,91516186,88948893,180465079,YES
639,640,52,260000000000,260092800174,260181728510,92800174,88928336,181728510,YES
639,640,53,265000000000,265094117647,265188883979,94117647,94766332,188883979,YES
639,640,54,270000000000,270095315992,270184249014,95315992,88933022,184249014,YES
639,640,55,275000000000,275115663432,275204621470,115663432,88958038,204621470,YES
639,640,56,280000000000,280089619748,280178617052,89619748,88997304,178617052,YES
639,640,57,285000000000,285089050009,285182663216,89050009,93613207,182663216,YES
639,640,58,290000000000,290089116718,290181623813,89116718,92507095,181623813,YES
639,640,59,295000000000,295089196241,295178393767,89196241,89197526,178393767,YES
639,640,60,300000000000,300089321462,300180547912,89321462,91226450,180547912,YES
639,640,61,305000000000,305089424428,305178850570,89424428,89426142,178850570,YES
639,640,62,310000000000,310089537998,310179077909,89537998,89539911,179077909,YES
639,640,63,315000000000,315089661439,315179324986,89661439,89663547,179324986,YES
639,640,64,320000000000,320089794044,320179590366,89794044,89796322,179590366,YES
639,640,65,325000000000,325089935132,325179872701,89935132,89937569,179872701,YES
639,640,66,330000000000,330091153797,330181240500,91153797,90086703,181240500,YES
639,640,67,335000000000,335090240278,335180483309,90240278,90243031,180483309,YES
639,640,68,340000000000,340090403201,340180809276,90403201,90406075,180809276,YES
639,640,69,345000000000,345090911860,345181487183,90911860,90575323,181487183,YES
639,640,70,350000000000,350097175457,350201114847,97175457,103939390,201114847,YES
639,640,71,355000000000,355097174485,355194347327,97174485,97172842,194347327,YES
639,640,72,360000000000,360097184547,360197208892,97184547,100024345,197208892,YES
639,640,73,365000000000,365097205841,365201162664,97205841,103956823,201162664,YES
639,640,74,370000000000,370097238535,370199130655,97238535,101892120,199130655,YES
639,640,75,375000000000,375097315429,375194597605,97315429,97282176,194597605,YES
639,640,76,380000000000,380097338570,380194676857,97338570,97338287,194676857,YES
639,640,77,385000000000,385097405998,385194812010,97405998,97406012,194812010,YES
639,640,78,390000000000,390097484970,390194970254,97484970,97485284,194970254,YES
639,640,79,395000000000,395097575347,395195151313,97575347,97575966,195151313,YES
639,640,80,400000000000,400100223778,400200448456,100223778,100224678,200448456,YES
639,640,81,405000000000,405100213172,405200427545,100213172,100214373,200427545,YES
639,640,82,410000000000,410100215704,410200432902,100215704,100217198,200432902,YES
639,640,83,415000000000,415100231392,415200464559,100231392,100233167,200464559,YES
639,640,84,420000000000,420100260192,420200522426,100260192,100262234,200522426,YES
639,640,85,425000000000,425100301997,425200606295,100301997,100304298,200606295,YES
639,640,86,430000000000,430100356685,430200715905,100356685,100359220,200715905,YES
639,640,87,435000000000,435100424056,435200850868,100424056,100426812,200850868,YES
639,640,88,440000000000,440100503883,440201010727,100503883,100506844,201010727,YES
639,640,89,445000000000,445100595901,445201194955,100595901,100599054,201194955,YES
639,640,90,450000000000,450089483523,450181278113,89483523,91794590,181278113,YES
639,640,91,455000000000,455089360913,455179119939,89360913,89759026,179119939,YES
639,640,92,460000000000,460089250341,460182616841,89250341,93366500,182616841,YES
639,640,93,465000000000,465089152544,465180609623,89152544,91457079,180609623,YES
639,640,94,470000000000,470089068219,470184612974,89068219,95544755,184612974,YES
639,640,95,475000000000,475088997981,475177994557,88997981,88996576,177994557,YES
639,640,96,480000000000,480090002965,480178944164,90002965,88941199,178944164,YES
639,640,97,485000000000,485094064391,485182965238,94064391,88900847,182965238,YES
639,640,98,490000000000,490092136784,490181012632,92136784,88875848,181012632,YES
639,640,99,495000000000,495088866625,495177732888,88866625,88866263,177732888,YES
639,640,100,500000000000,500088872142,500177744188,88872142,88872046,177744188,YES
639,640,101,505000000000,505088892846,505177785872,88892846,88893026,177785872,YES
639,640,102,510000000000,510088928401,510177857249,88928401,88928848,177857249,YES
639,640,103,515000000000,515088978344,515177957400,88978344,88979056,177957400,YES
639,640,104,520000000000,520089042096,520178085168,89042096,89043072,178085168,YES
639,640,105,525000000000,525089119000,525178239217,89119000,89120217,178239217,YES
639,640,106,530000000000,530089208355,530178418150,89208355,89209795,178418150,YES
639,640,107,535000000000,535089309390,535178620439,89309390,89311049,178620439,YES
639,640,108,540000000000,540089421366,540178844592,89421366,89423226,178844592,YES
639,640,109,545000000000,545089543521,545179089093,89543521,89545572,179089093,YES
639,640,110,550000000000,550089675132,550179352502,89675132,89677370,179352502,YES
639,640,111,555000000000,555089815500,555179633402,89815500,89817902,179633402,YES
639,640,112,560000000000,560089963973,560179930495,89963973,89966522,179930495,YES
639,640,113,565000000000,565090119931,565180242567,90119931,90122636,180242567,YES
639,640,114,570000000000,570090282808,570180568465,90282808,90285657,180568465,YES
639,640,115,575000000000,575090452080,575180907128,90452080,90455048,180907128,YES
639,640,116,580000000000,580090627275,580181257627,90627275,90630352,181257627,YES
639,640,117,585000000000,585090807954,585181619086,90807954,90811132,181619086,YES
639,640,118,590000000000,590090993720,590181990730,90993720,90997010,181990730,YES
639,640,119,595000000000,595091184222,595182371834,91184222,91187612,182371834,YES
640,641,0,0,51870186,103740273,51870186,51870087,103740273,YES
640,641,1,5000000000,5051919863,5103839776,51919863,51919913,103839776,YES
640,641,2,10000000000,10080190704,10132172953,80190704,51982249,132172953,YES
640,641,3,15000000000,15077057361,15129113214,77057361,52055853,129113214,YES
640,641,4,20000000000,20052452666,20104592823,52452666,52140157,104592823,YES
640,641,5,25000000000,25052234770,25104470165,52234770,52235395,104470165,YES
640,641,6,30000000000,30052339825,30104680405,52339825,52340580,104680405,YES
640,641,7,35000000000,35052454220,35104909318,52454220,52455098,104909318,YES
640,641,8,40000000000,40052577343,40110762152,52577343,58184809,110762152,YES
640,641,9,45000000000,45052708595,45105418302,52708595,52709707,105418302,YES
640,641,10,50000000000,50052880998,50105763191,52880998,52882193,105763191,YES
640,641,11,55000000000,55053026759,55106054825,53026759,53028066,106054825,YES
640,641,12,60000000000,60053178962,60106359318,53178962,53180356,106359318,YES
640,641,13,65000000000,65053337100,65106675691,53337100,53338591,106675691,YES
640,641,14,70000000000,70053500710,70109646073,53500710,56145363,109646073,YES
640,641,15,75000000000,75053669356,75107340345,53669356,53670989,107340345,YES
640,641,16,80000000000,80053842639,80107686976,53842639,53844337,107686976,YES
640,641,17,85000000000,85054020194,85110067792,54020194,56047598,110067792,YES
640,641,18,90000000000,90054201686,90109814359,54201686,55612673,109814359,YES
640,641,19,95000000000,95054386806,95111863495,54386806,57476689,111863495,YES
640,641,20,100000000000,100046040657,100092080801,46040657,46040144,92080801,YES
640,641,21,105000000000,105045903271,105091806124,45903271,45902853,91806124,YES
640,641,22,110000000000,110045772285,110093309540,45772285,47537255,93309540,YES
640,641,23,115000000000,115045647801,115091295334,45647801,45647533,91295334,YES
640,641,24,120000000000,120045529950,120091059686,45529950,45529736,91059686,YES
640,641,25,125000000000,125045418833,125090837519,45418833,45418686,90837519,YES
640,641,26,130000000000,130045314609,130090629142,45314609,45314533,90629142,YES
640,641,27,135000000000,135045217440,135090434867,45217440,45217427,90434867,YES
640,641,28,140000000000,140045127511,140090255060,45127511,45127549,90255060,YES
640,641,29,145000000000,145045045021,145090090144,45045021,45045123,90090144,YES
640,641,30,150000000000,150039273999,150078546298,39273999,39272299,78546298,YES
640,641,31,155000000000,155039091101,155078180550,39091101,39089449,78180550,YES
640,641,32,160000000000,160038917184,160077832783,38917184,38915599,77832783,YES
640,641,33,165000000000,165038752935,165077504351,38752935,38751416,77504351,YES
640,641,34,170000000000,170038599040,170077196647,38599040,38597607,77196647,YES
640,641,35,175000000000,175038456158,175076910955,38456158,38454797,76910955,YES
640,641,36,180000000000,180038324899,180076648514,38324899,38323615,76648514,YES
640,641,37,185000000000,185038205818,185076410437,38205818,38204619,76410437,YES
640,641,38,190000000000,190038099390,190076197665,38099390,38098275,76197665,YES
640,641,39,195000000000,195038005984,195076010950,38005984,38004966,76010950,YES
640,641,40,200000000000,200037925866,200075850807,37925866,37924941,75850807,YES
640,641,41,205000000000,205037859162,205075717498,37859162,37858336,75717498,YES
640,641,42,210000000000,210037805898,210075611065,37805898,37805167,75611065,YES
640,641,43,215000000000,215037765949,215077083547,37765949,39317598,77083547,YES
640,641,44,220000000000,220037739092,220075477653,37739092,37738561,75477653,YES
640,641,45,225000000000,225037724981,225075449530,37724981,37724549,75449530,YES
640,641,46,230000000000,230037723186,230075446036,37723186,37722850,75446036,YES
640,641,47,235000000000,235037733194,235075466146,37733194,37732952,75466146,YES
640,641,48,240000000000,240037754439,240075508727,37754439,37754288,75508727,YES
640,641,49,245000000000,245037786314,245075572565,37786314,37786251,75572565,YES
640,641,50,250000000000,250051654583,250103309110,51654583,51654527,103309110,YES
640,641,51,255000000000,255051721155,255103442403,51721155,51721248,103442403,YES
640,641,52,260000000000,260051798721,260104272236,51798721,52473515,104272236,YES
640,641,53,265000000000,265051886862,265104485729,51886862,52598867,104485729,YES
640,641,54,270000000000,270051985116,270103970756,51985116,51985640,103970756,YES
640,641,55,275000000000,275052092973,275104186628,52092973,52093655,104186628,YES
640,641,56,280000000000,280052209905,280104420621,52209905,52210716,104420621,YES
640,641,57,285000000000,285052335357,285104671647,52335357,52336290,104671647,YES
640,641,58,290000000000,290053233485,290105703335,53233485,52469850,105703335,YES
640,641,59,295000000000,295052609600,295105220369,52609600,52610769,105220369,YES
640,641,60,300000000000,300052790906,300105583082,52790906,52792176,105583082,YES
640,641,61,305000000000,305052944976,305105891314,52944976,52946338,105891314,YES
640,641,62,310000000000,310053104918,310106211304,53104918,53106386,106211304,YES
640,641,63,315000000000,315053270273,315106542107,53270273,53271834,106542107,YES
640,641,64,320000000000,320053440613,320106882861,53440613,53442248,106882861,YES
640,641,65,325000000000,325053615541,325107232786,53615541,53617245,107232786,YES
640,641,66,330000000000,330053794719,330107591180,53794719,53796461,107591180,YES
640,641,67,335000000000,335053977763,335107957344,53977763,53979581,107957344,YES
640,641,68,340000000000,340054164394,340108330680,54164394,54166286,108330680,YES
640,641,69,345000000000,345054354335,345108912359,54354335,54558024,108912359,YES
640,641,70,350000000000,350046028974,350092057733,46028974,46028759,92057733,YES
640,641,71,355000000000,355045910935,355091821745,45910935,45910810,91821745,YES
640,641,72,360000000000,360045799076,360091598092,45799076,45799016,91598092,YES
640,641,73,365000000000,365045693449,365091386908,45693449,45693459,91386908,YES
640,641,74,370000000000,370045594129,370091188310,45594129,45594181,91188310,YES
640,641,75,375000000000,375045501192,375091002499,45501192,45501307,91002499,YES
640,641,76,380000000000,380045414754,380090829681,45414754,45414927,90829681,YES
640,641,77,385000000000,385045334953,385090670131,45334953,45335178,90670131,YES
640,641,78,390000000000,390045261948,390090524174,45261948,45262226,90524174,YES
640,641,79,395000000000,395045195912,395090392138,45195912,45196226,90392138,YES
640,641,80,400000000000,400039250764,400078500037,39250764,39249273,78500037,YES
640,641,81,405000000000,405039086676,405078171935,39086676,39085259,78171935,YES
640,641,82,410000000000,410038932579,410077863824,38932579,38931245,77863824,YES
640,641,83,415000000000,415038789116,415077576981,38789116,38787865,77576981,YES
640,641,84,420000000000,420038656898,420077312629,38656898,38655731,77312629,YES
640,641,85,425000000000,425038536490,425077071901,38536490,38535411,77071901,YES
640,641,86,430000000000,430038428376,430076855766,38428376,38427390,76855766,YES
640,641,87,435000000000,435038332957,435076665019,38332957,38332062,76665019,YES
640,641,88,440000000000,440038250536,440076500280,38250536,38249744,76500280,YES
640,641,89,445000000000,445038181296,445076361897,38181296,38180601,76361897,YES
640,641,90,450000000000,450051872089,450103743205,51872089,51871116,103743205,YES
640,641,91,455000000000,455051839088,455103677327,51839088,51838239,103677327,YES
640,641,92,460000000000,460051819154,460103637595,51819154,51818441,103637595,YES
640,641,93,465000000000,465051812420,465103624266,51812420,51811846,103624266,YES
640,641,94,470000000000,470052691838,470104510325,52691838,51818487,104510325,YES
640,641,95,475000000000,475051838566,475103676851,51838566,51838285,103676851,YES
640,641,96,480000000000,480051871223,480103742318,51871223,51871095,103742318,YES
640,641,97,485000000000,485051916631,485106064551,51916631,54147920,106064551,YES
640,641,98,490000000000,490051974451,490104136972,51974451,52162521,104136972,YES
640,641,99,495000000000,495052044249,495104088839,52044249,52044590,104088839,YES
640,641,100,500000000000,500052125544,500104251575,52125544,52126031,104251575,YES
640,641,101,505000000000,505052217778,505104436187,52217778,52218409,104436187,YES
640,641,102,510000000000,510052320360,510104641486,52320360,52321126,104641486,YES
640,641,103,515000000000,515052432673,515104866239,52432673,52433566,104866239,YES
640,641,104,520000000000,520052554079,520105109181,52554079,52555102,105109181,YES
640,641,105,525000000000,525052683949,525105369036,52683949,52685087,105369036,YES
640,641,106,530000000000,530052821669,530105644582,52821669,52822913,105644582,YES
640,641,107,535000000000,535052966643,535105934626,52966643,52967983,105934626,YES
640,641,108,540000000000,540053118325,540106238080,53118325,53119755,106238080,YES
640,641,109,545000000000,545053276143,545106553813,53276143,53277670,106553813,YES
640,641,110,550000000000,550053439624,550106880849,53439624,53441225,106880849,YES
640,641,111,555000000000,555053608305,555107218283,53608305,53609978,107218283,YES
640,641,112,560000000000,560053781768,560107565274,53781768,53783506,107565274,YES
640,641,113,565000000000,565053959623,565107921061,53959623,53961438,107921061,YES
640,641,114,570000000000,570054141522,570108284934,54141522,54143412,108284934,YES
640,641,115,575000000000,575054327142,575108656223,54327142,54329081,108656223,YES
640,641,116,580000000000,580054516193,580109034389,54516193,54518196,109034389,YES
640,641,117,585000000000,585054708414,585109418873,54708414,54710459,109418873,YES
640,641,118,590000000000,590054903559,590109809202,54903559,54905643,109809202,YES
640,641,119,595000000000,595055101417,595110204975,55101417,55103558,110204975,YES
641,642,0,0,101620738,203242735,101620738,101621997,203242735,YES
641,642,1,5000000000,5101660273,5203322059,101660273,101661786,203322059,YES
641,642,2,10000000000,10101712369,10205438485,101712369,103726116,205438485,YES
641,642,3,15000000000,15101776436,15205612891,101776436,103836455,205612891,YES
641,642,4,20000000000,20101851876,20203705922,101851876,101854046,203705922,YES
641,642,5,25000000000,25101938091,25203878540,101938091,101940449,203878540,YES
641,642,6,30000000000,30102034487,30204612322,102034487,102577835,204612322,YES
641,642,7,35000000000,35102140490,35204283695,102140490,102143205,204283695,YES
641,642,8,40000000000,40106293915,40208552430,106293915,102258515,208552430,YES
641,642,9,45000000000,45102379134,45204761300,102379134,102382166,204761300,YES
641,642,10,50000000000,50102510745,50205024658,102510745,102513913,205024658,YES
641,642,11,55000000000,55102649917,55205303131,102649917,102653214,205303131,YES
641,642,12,60000000000,60102796213,60205595844,102796213,102799631,205595844,YES
641,642,13,65000000000,65102949242,65205902001,102949242,102952759,205902001,YES
641,642,14,70000000000,70103108599,70207070496,103108599,103961897,207070496,YES
641,642,15,75000000000,75103273958,75206551683,103273958,103277725,206551683,YES
641,642,16,80000000000,80103444996,80206893857,103444996,103448861,206893857,YES
641,642,17,85000000000,85103621428,85207761137,103621428,104139709,207761137,YES
641,642,18,90000000000,90103802980,90213782456,103802980,109979476,213782456,YES
641,642,19,95000000000,95103989410,95211972590,103989410,107983180,211972590,YES
641,642,20,100000000000,100106697767,100206475652,106697767,99777885,206475652,YES
641,642,21,105000000000,105110593459,105210301839,110593459,99708380,210301839,YES
641,642,22,110000000000,110110925783,110210572692,110925783,99646909,210572692,YES
641,642,23,115000000000,115099596681,115199190363,99596681,99593682,199190363,YES
641,642,24,120000000000,120099551475,120199100102,99551475,99548627,199100102,YES
641,642,25,125000000000,125099514735,125199026790,99514735,99512055,199026790,YES
641,642,26,130000000000,130099486663,130198970821,99486663,99484158,198970821,YES
641,642,27,135000000000,135099467461,135198932606,99467461,99465145,198932606,YES
641,642,28,140000000000,140099457356,140198912592,99457356,99455236,198912592,YES
641,642,29,145000000000,145103896801,145203351472,103896801,99454671,203351472,YES
641,642,30,150000000000,150016816545,150033632688,16816545,16816143,33632688,YES
641,642,31,155000000000,155016686988,155033373596,16686988,16686608,33373596,YES
641,642,32,160000000000,160016566030,160033131715,16566030,16565685,33131715,YES
641,642,33,165000000000,165016454321,165032908343,16454321,16454022,32908343,YES
641,642,34,170000000000,170016352501,170032704744,16352501,16352243,32704744,YES
641,642,35,175000000000,175016261184,175032522150,16261184,16260966,32522150,YES
641,642,36,180000000000,180016180947,180032361721,16180947,16180774,32361721,YES
641,642,37,185000000000,185016112312,185039529331,16112312,23417019,39529331,YES
641,642,38,190000000000,190016055724,190032111365,16055724,16055641,32111365,YES
641,642,39,195000000000,195016011540,195032023044,16011540,16011504,32023044,YES
641,642,40,200000000000,200015980019,200031960052,15980019,15980033,31960052,YES
641,642,41,205000000000,205015961306,205031922667,15961306,15961361,31922667,YES
641,642,42,210000000000,210015955439,210031910975,15955439,15955536,31910975,YES
641,642,43,215000000000,215019130069,215035121362,19130069,15991293,35121362,YES
641,642,44,220000000000,220015981832,220031963842,15981832,15982010,31963842,YES
641,642,45,225000000000,225016013640,225032027495,16013640,16013855,32027495,YES
641,642,46,230000000000,230016057400,230032115060,16057400,16057660,32115060,YES
641,642,47,235000000000,235016112679,235032225653,16112679,16112974,32225653,YES
641,642,48,240000000000,240016178990,240032358308,16178990,16179318,32358308,YES
641,642,49,245000000000,245016255795,245032511947,16255795,16256152,32511947,YES
641,642,50,250000000000,250016342538,250032685454,16342538,16342916,32685454,YES
641,642,51,255000000000,255016438624,255032877650,16438624,16439026,32877650,YES
641,642,52,260000000000,260016543468,260033087360,16543468,16543892,33087360,YES
641,642,53,265000000000,265016656487,265033313417,16656487,16656930,33313417,YES
641,642,54,270000000000,270018034822,270034831631,18034822,16796809,34831631,YES
641,642,55,275000000000,275016904771,275033810036,16904771,16905265,33810036,YES
641,642,56,280000000000,280017038952,280034078427,17038952,17039475,34078427,YES
641,642,57,285000000000,285017179145,285034358828,17179145,17179683,34358828,YES
641,642,58,290000000000,290017324875,290034650300,17324875,17325425,34650300,YES
641,642,59,295000000000,295017475697,295034951959,17475697,17476262,34951959,YES
641,642,60,300000000000,300017631206,300035263006,17631206,17631800,35263006,YES
641,642,61,305000000000,305017791013,305035582631,17791013,17791618,35582631,YES
641,642,62,310000000000,310017954770,310035910154,17954770,17955384,35910154,YES
641,642,63,315000000000,315018122168,315036244958,18122168,18122790,36244958,YES
641,642,64,320000000000,320018292878,320036586406,18292878,18293528,36586406,YES
641,642,65,325000000000,325018466644,325036933943,18466644,18467299,36933943,YES
641,642,66,330000000000,330018643215,330037287091,18643215,18643876,37287091,YES
641,642,67,335000000000,335018822366,335037745972,18822366,18923606,37745972,YES
641,642,68,340000000000,340019003890,340038008492,19003890,19004602,38008492,YES
641,642,69,345000000000,345019187591,345038375903,19187591,19188312,38375903,YES
641,642,70,350000000000,350099574954,350199146693,99574954,99571739,199146693,YES
641,642,71,355000000000,355099513954,355199041336,99513954,99527382,199041336,YES
641,642,72,360000000000,360099461330,360198919708,99461330,99458378,198919708,YES
641,642,73,365000000000,365099417219,365198831629,99417219,99414410,198831629,YES
641,642,74,370000000000,370099381760,370198760868,99381760,99379108,198760868,YES
641,642,75,375000000000,375099355112,375198707735,99355112,99352623,198707735,YES
641,642,76,380000000000,380099337426,380198672545,99337426,99335119,198672545,YES
641,642,77,385000000000,385099328880,385198655646,99328880,99326766,198655646,YES
641,642,78,390000000000,390099329666,390198657422,99329666,99327756,198657422,YES
641,642,79,395000000000,395099339973,395198678250,99339973,99338277,198678250,YES
641,642,80,400000000000,400016099299,400032198230,16099299,16098931,32198230,YES
641,642,81,405000000000,405015983359,405031966394,15983359,15983035,31966394,YES
641,642,82,410000000000,410015877116,410031753944,15877116,15876828,31753944,YES
641,642,83,415000000000,415015781240,415031562228,15781240,15780988,31562228,YES
641,642,84,420000000000,420015696379,420031841714,15696379,16145335,31841714,YES
641,642,85,425000000000,425015623146,425031246117,15623146,15622971,31246117,YES
641,642,86,430000000000,430015562089,430031124043,15562089,15561954,31124043,YES
641,642,87,435000000000,435015513681,435031027268,15513681,15513587,31027268,YES
641,642,88,440000000000,440015478289,440030956526,15478289,15478237,30956526,YES
641,642,89,445000000000,445015456174,445030912337,15456174,15456163,30912337,YES
641,642,90,450000000000,450015447460,450031817090,15447460,16369630,31817090,YES
641,642,91,455000000000,455015452149,455030904368,15452149,15452219,30904368,YES
641,642,92,460000000000,460015470103,460030940314,15470103,15470211,30940314,YES
641,642,93,465000000000,465015501061,465031002268,15501061,15501207,31002268,YES
641,642,94,470000000000,470015544647,470031089477,15544647,15544830,31089477,YES
641,642,95,475000000000,475015600394,475031201012,15600394,15600618,31201012,YES
641,642,96,480000000000,480015667748,480031335753,15667748,15668005,31335753,YES
641,642,97,485000000000,485015746103,485031492494,15746103,15746391,31492494,YES
641,642,98,490000000000,490015834813,490031669943,15834813,15835130,31669943,YES
641,642,99,495000000000,495015933214,495031866772,15933214,15933558,31866772,YES
641,642,100,500000000000,500016040636,500032081650,16040636,16041014,32081650,YES
641,642,101,505000000000,505016156421,505032313242,16156421,16156821,32313242,YES
641,642,102,510000000000,510016279927,510032560277,16279927,16280350,32560277,YES
641,642,103,515000000000,515016410545,515032821548,16410545,16411003,32821548,YES
641,642,104,520000000000,520016547698,520033095871,16547698,16548173,33095871,YES
641,642,105,525000000000,525016690856,525033382188,16690856,16691332,33382188,YES
641,642,106,530000000000,530016839486,530033679463,16839486,16839977,33679463,YES
641,642,107,535000000000,535016993138,535033986798,16993138,16993660,33986798,YES
641,642,108,540000000000,540017151381,540034303315,17151381,17151934,34303315,YES
641,642,109,545000000000,545017313824,545034628213,17313824,17314389,34628213,YES
641,642,110,550000000000,550093984764,550187972861,93984764,93988097,187972861,YES
641,642,111,555000000000,555094063627,555188130681,94063627,94067054,188130681,YES
641,642,112,560000000000,560094150407,560188304328,94150407,94153921,188304328,YES
641,642,113,565000000000,565094245021,565188493641,94245021,94248620,188493641,YES
641,642,114,570000000000,570094347379,570188698460,94347379,94351081,188698460,YES
641,642,115,575000000000,575094457371,575188918524,94457371,94461153,188918524,YES
641,642,116,580000000000,580094574879,580189153616,94574879,94578737,189153616,YES
641,642,117,585000000000,585094699770,585189403470,94699770,94703700,189403470,YES
641,642,118,590000000000,590094831888,590189667777,94831888,94835889,189667777,YES
641,642,119,595000000000,595094971079,595189946223,94971079,94975144,189946223,YES
642,643,0,0,33765116,67530601,33765116,33765485,67530601,YES
642,643,1,5000000000,5033833211,5067666864,33833211,33833653,67666864,YES
642,643,2,10000000000,10033911289,10067823092,33911289,33911803,67823092,YES
642,643,3,15000000000,15033998963,15067998509,33998963,33999546,67998509,YES
642,643,4,20000000000,20034095806,20068192269,34095806,34096463,68192269,YES
642,643,5,25000000000,25034201352,25068403423,34201352,34202071,68403423,YES
642,643,6,30000000000,30034315129,30068631046,34315129,34315917,68631046,YES
642,643,7,35000000000,35034436640,35068874128,34436640,34437488,68874128,YES
642,643,8,40000000000,40034565399,40069131697,34565399,34566298,69131697,YES
642,643,9,45000000000,45034700916,45069402779,34700916,34701863,69402779,YES
642,643,10,50000000000,50101464392,50207036488,101464392,105572096,207036488,YES
642,643,11,55000000000,55101566949,55203136444,101566949,101569495,203136444,YES
642,643,12,60000000000,60101678019,60203358739,101678019,101680720,203358739,YES
642,643,13,65000000000,65101797183,65203597216,101797183,101800033,203597216,YES
642,643,14,70000000000,70101924034,70203851055,101924034,101927021,203851055,YES
642,643,15,75000000000,75102058182,75204119513,102058182,102061331,204119513,YES
642,643,16,80000000000,80110876609,80213079372,110876609,102202763,213079372,YES
642,643,17,85000000000,85110983277,85213333836,110983277,102350559,213333836,YES
642,643,18,90000000000,90102500819,90205005126,102500819,102504307,205005126,YES
642,643,19,95000000000,95102660648,95205615010,102660648,102954362,205615010,YES
642,643,20,100000000000,100102428745,100208120047,102428745,105691302,208120047,YES
642,643,21,105000000000,105102440040,105208889541,102440040,106449501,208889541,YES
642,643,22,110000000000,110103457160,110205919326,103457160,102462166,205919326,YES
642,643,23,115000000000,115102492299,115204985703,102492299,102493404,204985703,YES
642,643,24,120000000000,120102533109,120205067511,102533109,102534402,205067511,YES
642,643,25,125000000000,125102589525,125210868113,102589525,108278588,210868113,YES
642,643,26,130000000000,130102643518,130205288697,102643518,102645179,205288697,YES
642,643,27,135000000000,135102842330,135205556969,102842330,102714639,205556969,YES
642,643,28,140000000000,140102791234,140208352473,102791234,105561239,208352473,YES
642,643,29,145000000000,145102878591,145246519028,102878591,143640437,246519028,YES
642,643,30,150000000000,150094587425,150189172401,94587425,94584976,189172401,YES
642,643,31,155000000000,155094477247,155188952192,94477247,94474945,188952192,YES
642,643,32,160000000000,160094375785,160188749417,94375785,94373632,188749417,YES
642,643,33,165000000000,165094283541,165188565107,94283541,94281566,188565107,YES
642,643,34,170000000000,170096556786,170190755983,96556786,94199197,190755983,YES
642,643,35,175000000000,175094128799,175188255980,94128799,94127181,188255980,YES
642,643,36,180000000000,180094067334,180188133243,94067334,94065909,188133243,YES
642,643,37,185000000000,185113622905,185207638641,113622905,94015736,207638641,YES
642,643,38,190000000000,190109983330,190203960880,109983330,93977550,203960880,YES
642,643,39,195000000000,195093952322,195187903867,93952322,93951545,187903867,YES
642,643,40,200000000000,200093938494,200187876443,93938494,93937949,187876443,YES
642,643,41,205000000000,205093937467,205195534491,93937467,101597024,195534491,YES
642,643,42,210000000000,210093949455,210188533319,93949455,94583864,188533319,YES
642,643,43,215000000000,215093974593,215190096004,93974593,96121411,190096004,YES
642,643,44,220000000000,220094060282,220188073657,94060282,94013375,188073657,YES
642,643,45,225000000000,225094762007,225188827110,94762007,94065103,188827110,YES
642,643,46,230000000000,230094128835,230188258640,94128835,94129805,188258640,YES
642,643,47,235000000000,235094206039,235188413304,94206039,94207265,188413304,YES
642,643,48,240000000000,240094295686,240192852127,94295686,98556441,192852127,YES
642,643,49,245000000000,245094397388,245191029986,94397388,96632598,191029986,YES
642,643,50,250000000000,250094106904,250188214639,94106904,94107735,188214639,YES
642,643,51,255000000000,255094171625,255193589128,94171625,99417503,193589128,YES
642,643,52,260000000000,260096897144,260199626051,96897144,102728907,199626051,YES
642,643,53,265000000000,265094630406,265197711928,94630406,103081522,197711928,YES
642,643,54,270000000000,270095892270,270198760647,95892270,102868377,198760647,YES
642,643,55,275000000000,275094532699,275189067279,94532699,94534580,189067279,YES
642,643,56,280000000000,280094645885,280189293825,94645885,94647940,189293825,YES
642,643,57,285000000000,285094767205,285191174104,94767205,96406899,191174104,YES
642,643,58,290000000000,290094896174,290190110603,94896174,95214429,190110603,YES
642,643,59,295000000000,295095032338,295193415413,95032338,98383075,193415413,YES
642,643,60,300000000000,300040002031,300080004935,40002031,40002904,80004935,YES
642,643,61,305000000000,305040016122,305080033163,40016122,40017041,80033163,YES
642,643,62,310000000000,310040036525,310080074008,40036525,40037483,80074008,YES
642,643,63,315000000000,315040063166,315080127325,40063166,40064159,80127325,YES
642,643,64,320000000000,320040095977,320080192977,40095977,40097000,80192977,YES
642,643,65,325000000000,325040134882,325080270815,40134882,40135933,80270815,YES
642,643,66,330000000000,330040179806,330080360690,40179806,40180884,80360690,YES
642,643,67,335000000000,335040230665,335080462431,40230665,40231766,80462431,YES
642,643,68,340000000000,340040287359,340080575842,40287359,40288483,80575842,YES
642,643,69,345000000000,345040349787,345080700718,40349787,40350931,80700718,YES
642,643,70,350000000000,350101585077,350207358928,101585077,105773851,207358928,YES
642,643,71,355000000000,355101618954,355203238804,101618954,101619850,203238804,YES
642,643,72,360000000000,360101663301,360208414539,101663301,106751238,208414539,YES
642,643,73,365000000000,365101717960,365206430786,101717960,104712826,206430786,YES
642,643,74,370000000000,370101782738,370210459025,101782738,108676287,210459025,YES
642,643,75,375000000000,375101857417,375203716522,101857417,101859105,203716522,YES
642,643,76,380000000000,380102379826,380204323458,102379826,101943632,204323458,YES
642,643,77,385000000000,385102035454,385204072969,102035454,102037515,204072969,YES
642,643,78,390000000000,390102138258,390204278756,102138258,102140498,204278756,YES
642,643,79,395000000000,395103196525,395205448817,103196525,102252292,205448817,YES
642,643,80,400000000000,400093686125,400187370256,93686125,93684131,187370256,YES
642,643,81,405000000000,405093586920,405187172024,93586920,93585104,187172024,YES
642,643,82,410000000000,410093497730,410186993841,93497730,93496111,186993841,YES
642,643,83,415000000000,415093419185,415186836954,93419185,93417769,186836954,YES
642,643,84,420000000000,420093351902,420186702608,93351902,93350706,186702608,YES
642,643,85,425000000000,425095406641,425188702144,95406641,93295503,188702144,YES
642,643,86,430000000000,430099485282,430192738043,99485282,93252761,192738043,YES
642,643,87,435000000000,435093223543,435186446611,93223543,93223068,186446611,YES
642,643,88,440000000000,440101416596,440194623350,101416596,93206754,194623350,YES
642,643,89,445000000000,445099413849,445192618130,99413849,93204281,192618130,YES
642,643,90,450000000000,450096196338,450189350340,96196338,93154002,189350340,YES
642,643,91,455000000000,455093151356,455186274843,93151356,93123487,186274843,YES
642,643,92,460000000000,460097066434,460193062549,97066434,95996115,193062549,YES
642,643,93,465000000000,465093105123,465191125581,93105123,98020458,191125581,YES
642,643,94,470000000000,470093116853,470189199517,93116853,96082664,189199517,YES
642,643,95,475000000000,475093142300,475186285213,93142300,93142913,186285213,YES
642,643,96,480000000000,480093181072,480186363010,93181072,93181938,186363010,YES
642,643,97,485000000000,485099602857,485192836715,99602857,93233858,192836715,YES
642,643,98,490000000000,490097698016,490190995996,97698016,93297980,190995996,YES
642,643,99,495000000000,495093372206,495186943832,93372206,93571626,186943832,YES
642,643,100,500000000000,500093492528,500186986801,93492528,93494273,186986801,YES
642,643,101,505000000000,505093589705,505187181348,93589705,93591643,187181348,YES
642,643,102,510000000000,510093696727,510187395572,93696727,93698845,187395572,YES
642,643,103,515000000000,515093812987,515187628271,93812987,93815284,187628271,YES
642,643,104,520000000000,520093937886,520187878229,93937886,93940343,187878229,YES
642,643,105,525000000000,525094070871,525188144355,94070871,94073484,188144355,YES
642,643,106,530000000000,530094211411,530188425572,94211411,94214161,188425572,YES
642,643,107,535000000000,535094359002,535188720887,94359002,94361885,188720887,YES
642,643,108,540000000000,540094513188,540189029393,94513188,94516205,189029393,YES
642,643,109,545000000000,545094673537,545189350204,94673537,94676667,189350204,YES
642,643,110,550000000000,550101619024,550203237391,101619024,101618367,203237391,YES
642,643,111,555000000000,555101569510,555203138589,101569510,101569079,203138589,YES
642,643,112,560000000000,560101530840,560203061468,101530840,101530628,203061468,YES
642,643,113,565000000000,565101503201,565203006417,101503201,101503216,203006417,YES
642,643,114,570000000000,570101486760,570202973761,101486760,101487001,202973761,YES
642,643,115,575000000000,575101481623,575202963712,101481623,101482089,202963712,YES
642,643,116,580000000000,580101487855,580202976405,101487855,101488550,202976405,YES
642,643,117,585000000000,585101505484,585203011877,101505484,101506393,203011877,YES
642,643,118,590000000000,590101534451,590203070031,101534451,101535580,203070031,YES
642,643,119,595000000000,595101574683,595203150710,101574683,101576027,203150710,YES
643,644,0,0,73719056,146237090,73719056,72518034,146237090,YES
643,644,1,5000000000,5072531577,5145063883,72531577,72532306,145063883,YES
643,644,2,10000000000,10072557942,10145116762,72557942,72558820,145116762,YES
643,644,3,15000000000,15072596281,15145193576,72596281,72597295,145193576,YES
643,644,4,20000000000,20072646244,20145293639,72646244,72647395,145293639,YES
643,644,5,25000000000,25072707435,25145416151,72707435,72708716,145416151,YES
643,644,6,30000000000,30072779415,30145560232,72779415,72780817,145560232,YES
643,644,7,35000000000,35072861703,35145724926,72861703,72863223,145724926,YES
643,644,8,40000000000,40072953805,40145909239,72953805,72955434,145909239,YES
643,644,9,45000000000,45073055215,45146112187,73055215,73056972,146112187,YES
643,644,10,50000000000,50054280651,50107214789,54280651,52934138,107214789,YES
643,644,11,55000000000,55052978411,55105957838,52978411,52979427,105957838,YES
643,644,12,60000000000,60053033382,60106067870,53033382,53034488,106067870,YES
643,644,13,65000000000,65053097868,65106196918,53097868,53099050,106196918,YES
643,644,14,70000000000,70053171605,70106344465,53171605,53172860,106344465,YES
643,644,15,75000000000,75053254298,75106509919,53254298,53255621,106509919,YES
643,644,16,80000000000,80053345616,80108548585,53345616,55202969,108548585,YES
643,644,17,85000000000,85053445212,85106891873,53445212,53446661,106891873,YES
643,644,18,90000000000,90053552725,90107106947,53552725,53554222,107106947,YES
643,644,19,95000000000,95054615326,95108284661,54615326,53669335,108284661,YES
643,644,20,100000000000,100054111746,100108222872,54111746,54111126,108222872,YES
643,644,21,105000000000,105053986762,105107973013,53986762,53986251,107973013,YES
643,644,22,110000000000,110053870919,110107741419,53870919,53870500,107741419,YES
643,644,23,115000000000,115053764468,115107528614,53764468,53764146,107528614,YES
643,644,24,120000000000,120053667636,120107335042,53667636,53667406,107335042,YES
643,644,25,125000000000,125053580613,125107161090,53580613,53580477,107161090,YES
643,644,26,130000000000,130053503554,130107007066,53503554,53503512,107007066,YES
643,644,27,135000000000,135053436561,135106873175,53436561,53436614,106873175,YES
643,644,28,140000000000,140053379697,140106759538,53379697,53379841,106759538,YES
643,644,29,145000000000,145053332968,145106666167,53332968,53333199,106666167,YES
643,644,30,150000000000,150074154750,150148309473,74154750,74154723,148309473,YES
643,644,31,155000000000,155074198167,155148396432,74198167,74198265,148396432,YES
643,644,32,160000000000,160074251229,160148502694,74251229,74251465,148502694,YES
643,644,33,165000000000,165074314513,165148629393,74314513,74314880,148629393,YES
643,644,34,170000000000,170074388547,170148777610,74388547,74389063,148777610,YES
643,644,35,175000000000,175074473829,175148948331,74473829,74474502,148948331,YES
643,644,36,180000000000,180074570816,180149142469,74570816,74571653,149142469,YES
643,644,37,185000000000,185074679896,185155431219,74679896,80751323,155431219,YES
643,644,38,190000000000,190074801360,190334150689,74801360,259349329,334150689,YES
643,644,39,195000000000,195074935425,195149872188,74935425,74936763,149872188,YES
643,644,40,200000000000,200075082187,200150165895,75082187,75083708,150165895,YES
643,644,41,205000000000,205075241647,205150484996,75241647,75243349,150484996,YES
643,644,42,210000000000,210075413693,210150829273,75413693,75415580,150829273,YES
643,644,43,215000000000,215075598115,215151198293,75598115,75600178,151198293,YES
643,644,44,220000000000,220075794603,220151591455,75794603,75796852,151591455,YES
643,644,45,225000000000,225076002761,225152007964,76002761,76005203,152007964,YES
643,644,46,230000000000,230076222140,230152446902,76222140,76224762,152446902,YES
643,644,47,235000000000,235076452248,235152907273,76452248,76455025,152907273,YES
643,644,48,240000000000,240076692491,240153387928,76692491,76695437,153387928,YES
643,644,49,245000000000,245076942320,245153887748,76942320,76945428,153887748,YES
643,644,50,250000000000,250073787670,250146568488,73787670,72780818,146568488,YES
643,644,51,255000000000,255072818063,255145637428,72818063,72819365,145637428,YES
643,644,52,260000000000,260091590005,260164460048,91590005,72870043,164460048,YES
643,644,53,265000000000,265089651876,265162583927,89651876,72932051,162583927,YES
643,644,54,270000000000,270087724843,270160729991,87724843,73005148,160729991,YES
643,644,55,275000000000,275073086852,275146175501,73086852,73088649,146175501,YES
643,644,56,280000000000,280073180597,280146363095,73180597,73182498,146363095,YES
643,644,57,285000000000,285073283959,285146569905,73283959,73285946,146569905,YES
643,644,58,290000000000,290073396395,290146794867,73396395,73398472,146794867,YES
643,644,59,295000000000,295075900124,295149419733,75900124,73519609,149419733,YES
643,644,60,300000000000,300055358639,300110716496,55358639,55357857,110716496,YES
643,644,61,305000000000,305055342143,305110683598,55342143,55341455,110683598,YES
643,644,62,310000000000,310055335615,310110670640,55335615,55335025,110670640,YES
643,644,63,315000000000,315055339012,315110677531,55339012,55338519,110677531,YES
643,644,64,320000000000,320055352248,320110704104,55352248,55351856,110704104,YES
643,644,65,325000000000,325055375194,325110750100,55375194,55374906,110750100,YES
643,644,66,330000000000,330055407696,330110815206,55407696,55407510,110815206,YES
643,644,67,335000000000,335055449554,335110899027,55449554,55449473,110899027,YES
643,644,68,340000000000,340055500557,340111001139,55500557,55500582,111001139,YES
643,644,69,345000000000,345055560454,345111121039,55560454,55560585,111121039,YES
643,644,70,350000000000,350053428678,350106857086,53428678,53428408,106857086,YES
643,644,71,355000000000,355053322900,355106645636,53322900,53322736,106645636,YES
643,644,72,360000000000,360053226481,360106452898,53226481,53226417,106452898,YES
643,644,73,365000000000,365053139576,365106279194,53139576,53139618,106279194,YES
643,644,74,370000000000,370053062306,370106124753,53062306,53062447,106124753,YES
643,644,75,375000000000,375052994764,375105989761,52994764,52994997,105989761,YES
643,644,76,380000000000,380052936999,380105874320,52936999,52937321,105874320,YES
643,644,77,385000000000,385052889026,385105778462,52889026,52889436,105778462,YES
643,644,78,390000000000,390052850823,390105702138,52850823,52851315,105702138,YES
643,644,79,395000000000,395052822321,395105645214,52822321,52822893,105645214,YES
643,644,80,400000000000,400074299972,400150330632,74299972,76030660,150330632,YES
643,644,81,405000000000,405074364106,405148728298,74364106,74364192,148728298,YES
643,644,82,410000000000,410074438887,410148877998,74438887,74439111,148877998,YES
643,644,83,415000000000,415074524782,415149049937,74524782,74525155,149049937,YES
643,644,84,420000000000,420074622209,420149244950,74622209,74622741,149244950,YES
643,644,85,425000000000,425074731540,425149463768,74731540,74732228,149463768,YES
643,644,86,430000000000,430074853051,430154261533,74853051,79408482,154261533,YES
643,644,87,435000000000,435074986936,435152360039,74986936,77373103,152360039,YES
643,644,88,440000000000,440075133309,440150467106,75133309,75333797,150467106,YES
643,644,89,445000000000,445075292178,445150585779,75292178,75293601,150585779,YES
643,644,90,450000000000,450072098146,450144195888,72098146,72097742,144195888,YES
643,644,91,455000000000,455072037819,455144075428,72037819,72037609,144075428,YES
643,644,92,460000000000,460071991009,460143982004,71991009,71990995,143982004,YES
643,644,93,465000000000,465071957953,465143916083,71957953,71958130,143916083,YES
643,644,94,470000000000,470071938797,470143877959,71938797,71939162,143877959,YES
643,644,95,475000000000,475071933570,475143867689,71933570,71934119,143867689,YES
643,644,96,480000000000,480071942187,480143885099,71942187,71942912,143885099,YES
643,644,97,485000000000,485071964462,485143929818,71964462,71965356,143929818,YES
643,644,98,490000000000,490072000098,490149557703,72000098,77557605,149557703,YES
643,644,99,495000000000,495072048711,495147594839,72048711,75546128,147594839,YES
643,644,100,500000000000,500072143431,500145678052,72143431,73534621,145678052,YES
643,644,101,505000000000,505072216533,505144434557,72216533,72218024,144434557,YES
643,644,102,510000000000,510072301040,510144603711,72301040,72302671,144603711,YES
643,644,103,515000000000,515072396348,515144794452,72396348,72398104,144794452,YES
643,644,104,520000000000,520072501844,520145005554,72501844,72503710,145005554,YES
643,644,105,525000000000,525072616903,525145235777,72616903,72618874,145235777,YES
643,644,106,530000000000,530072740918,530145509809,72740918,72768891,145509809,YES
643,644,107,535000000000,535072873301,535145748765,72873301,72875464,145748765,YES
643,644,108,540000000000,540073013489,540146029256,73013489,73015767,146029256,YES
643,644,109,545000000000,545073160948,545146324255,73160948,73163307,146324255,YES
643,644,110,550000000000,550055529553,550111058298,55529553,55528745,111058298,YES
643,644,111,555000000000,555055532099,555111063488,55532099,55531389,111063488,YES
643,644,112,560000000000,560055544375,560111088143,55544375,55543768,111088143,YES
643,644,113,565000000000,565055566276,565111132053,55566276,55565777,111132053,YES
643,644,114,570000000000,570055597668,570111194946,55597668,55597278,111194946,YES
643,644,115,575000000000,575055638394,575111276511,55638394,55638117,111276511,YES
643,644,116,580000000000,580055688280,580111376395,55688280,55688115,111376395,YES
643,644,117,585000000000,585055747126,585111494202,55747126,55747076,111494202,YES
643,644,118,590000000000,590055814709,590111629482,55814709,55814773,111629482,YES
643,644,119,595000000000,595055890795,595111781770,55890795,55890975,111781770,YES
644,645,0,0,90010359,180019921,90010359,90009562,180019921,YES
644,645,1,5000000000,5090008298,5180016073,90008298,90007775,180016073,YES
644,645,2,10000000000,10090582420,10180656975,90582420,90074555,180656975,YES
644,645,3,15000000000,15090044839,15180089697,90044839,90044858,180089697,YES
644,645,4,20000000000,20090082733,20180165745,90082733,90083012,180165745,YES
644,645,5,25000000000,25090133122,25180803895,90133122,90670773,180803895,YES
644,645,6,30000000000,30090195520,30188759125,90195520,98563605,188759125,YES
644,645,7,35000000000,35090269399,35180539823,90269399,90270424,180539823,YES
644,645,8,40000000000,40090354217,40180709686,90354217,90355469,180709686,YES
644,645,9,45000000000,45090449427,45180900321,90449427,90450894,180900321,YES
644,645,10,50000000000,50060983241,50121967965,60983241,60984724,121967965,YES
644,645,11,55000000000,55061145191,55122292026,61145191,61146835,122292026,YES
644,645,12,60000000000,60061316191,60122634178,61316191,61317987,122634178,YES
644,645,13,65000000000,65061495983,65124947962,61495983,63451979,124947962,YES
644,645,14,70000000000,70061684278,70125998742,61684278,64314464,125998742,YES
644,645,15,75000000000,75061880767,75123763782,61880767,61883015,123763782,YES
644,645,16,80000000000,80062085121,80124172641,62085121,62087520,124172641,YES
644,645,17,85000000000,85062296988,85124596521,62296988,62299533,124596521,YES
644,645,18,90000000000,90062516031,90125034726,62516031,62518695,125034726,YES
644,645,19,95000000000,95062741849,95125486487,62741849,62744638,125486487,YES
644,645,20,100000000000,100099508972,100247697823,99508972,148188851,247697823,YES
644,645,21,105000000000,105095983315,105193455019,95983315,97471704,193455019,YES
644,645,22,110000000000,110101341457,110190493622,101341457,89152165,190493622,YES
644,645,23,115000000000,115091723704,115180873673,91723704,89149969,180873673,YES
644,645,24,120000000000,120089811152,120178969710,89811152,89158558,178969710,YES
644,645,25,125000000000,125089178655,125187623175,89178655,98444520,187623175,YES
644,645,26,130000000000,130091736923,130183724769,91736923,91987846,183724769,YES
644,645,27,135000000000,135090549735,135184347536,90549735,93797801,184347536,YES
644,645,28,140000000000,140094157237,140226503350,94157237,132346113,226503350,YES
644,645,29,145000000000,145091583007,145182708450,91583007,91125443,182708450,YES
644,645,30,150000000000,150052906287,150105812706,52906287,52906419,105812706,YES
644,645,31,155000000000,155052888222,155105776683,52888222,52888461,105776683,YES
644,645,32,160000000000,160052879476,160105759305,52879476,52879829,105759305,YES
644,645,33,165000000000,165052880589,165105761653,52880589,52881064,105761653,YES
644,645,34,170000000000,170052892091,170105784784,52892091,52892693,105784784,YES
644,645,35,175000000000,175052914466,175105829666,52914466,52915200,105829666,YES
644,645,36,180000000000,180052948157,180105897187,52948157,52949030,105897187,YES
644,645,37,185000000000,185058195426,185111190026,58195426,52994600,111190026,YES
644,645,38,190000000000,190236648270,190289702682,236648270,53054412,289702682,YES
644,645,39,195000000000,195053120495,195106265090,53120495,53144595,106265090,YES
644,645,40,200000000000,200068919001,200247134092,68919001,178215091,247134092,YES
644,645,41,205000000000,205068786624,205145408571,68786624,76621947,145408571,YES
644,645,42,210000000000,210071691541,210145012450,71691541,73320909,145012450,YES
644,645,43,215000000000,215068829996,215137661158,68829996,68831162,137661158,YES
644,645,44,220000000000,220068871060,220146484870,68871060,77613810,146484870,YES
644,645,45,225000000000,225072036680,225149074453,72036680,77037773,149074453,YES
644,645,46,230000000000,230069951407,230138944163,69951407,68992756,138944163,YES
644,645,47,235000000000,235069069409,235138140656,69069409,69071247,138140656,YES
644,645,48,240000000000,240069159503,240138320992,69159503,69161489,138320992,YES
644,645,49,245000000000,245069260906,245138523951,69260906,69263045,138523951,YES
644,645,50,250000000000,250030649249,250061298302,30649249,30649053,61298302,YES
644,645,51,255000000000,255030659324,255061318533,30659324,30659209,61318533,YES
644,645,52,260000000000,260030681455,260061362876,30681455,30681421,61362876,YES
644,645,53,265000000000,265030715292,265061430628,30715292,30715336,61430628,YES
644,645,54,270000000000,270030760405,270061520931,30760405,30760526,61520931,YES
644,645,55,275000000000,275030816305,275061632803,30816305,30816498,61632803,YES
644,645,56,280000000000,280030882459,280062144518,30882459,31262059,62144518,YES
644,645,57,285000000000,285030958299,285061916922,30958299,30958623,61916922,YES
644,645,58,290000000000,290031518383,290062562036,31518383,31043653,62562036,YES
644,645,59,295000000000,295031136715,295062273885,31136715,31137170,62273885,YES
644,645,60,300000000000,300060254046,300120508443,60254046,60254397,120508443,YES
644,645,61,305000000000,305060339833,305120680162,60339833,60340329,120680162,YES
644,645,62,310000000000,310060434824,310120870287,60434824,60435463,120870287,YES
644,645,63,315000000000,315060538629,315121078037,60538629,60539408,121078037,YES
644,645,64,320000000000,320060650854,320121302620,60650854,60651766,121302620,YES
644,645,65,325000000000,325060771083,325121543213,60771083,60772130,121543213,YES
644,645,66,330000000000,330060898907,330121798984,60898907,60900077,121798984,YES
644,645,67,335000000000,335061033907,335122069119,61033907,61035212,122069119,YES
644,645,68,340000000000,340061175688,340122352792,61175688,61177104,122352792,YES
644,645,69,345000000000,345061323850,345122649220,61323850,61325370,122649220,YES
644,645,70,350000000000,350089002037,350181476112,89002037,92474075,181476112,YES
644,645,71,355000000000,355090937913,355179924111,90937913,88986198,179924111,YES
644,645,72,360000000000,360088987258,360190737431,88987258,101750173,190737431,YES
644,645,73,365000000000,365088990669,365188688445,88990669,99697776,188688445,YES
644,645,74,370000000000,370089008509,370186651673,89008509,97643164,186651673,YES
644,645,75,375000000000,375089037285,375178074119,89037285,89036834,178074119,YES
644,645,76,380000000000,380089077031,380179994673,89077031,90917642,179994673,YES
644,645,77,385000000000,385089127744,385178255507,89127744,89127763,178255507,YES
644,645,78,390000000000,390089189390,390178379042,89189390,89189652,178379042,YES
644,645,79,395000000000,395089261898,395178524304,89261898,89262406,178524304,YES
644,645,80,400000000000,400068977233,400137953818,68977233,68976585,137953818,YES
644,645,81,405000000000,405068898741,405137797007,68898741,68898266,137797007,YES
644,645,82,410000000000,410068831246,410137662202,68831246,68830956,137662202,YES
644,645,83,415000000000,415068775246,415137550393,68775246,68775147,137550393,YES
644,645,84,420000000000,420068731199,420137462492,68731199,68731293,137462492,YES
644,645,85,425000000000,425068699498,425137399282,68699498,68699784,137399282,YES
644,645,86,430000000000,430068680477,430137361433,68680477,68680956,137361433,YES
644,645,87,435000000000,435068674386,435137349445,68674386,68675059,137349445,YES
644,645,88,440000000000,440068681397,440137363657,68681397,68682260,137363657,YES
644,645,89,445000000000,445068701593,445137404233,68701593,68702640,137404233,YES
644,645,90,450000000000,450030612403,450061224102,30612403,30611699,61224102,YES
644,645,91,455000000000,455030542333,455061084037,30542333,30541704,61084037,YES
644,645,92,460000000000,460030484885,460060969221,30484885,30484336,60969221,YES
644,645,93,465000000000,465030440357,465060880245,30440357,30439888,60880245,YES
644,645,94,470000000000,470030408940,470065114112,30408940,34705172,65114112,YES
644,645,95,475000000000,475030390709,475063095976,30390709,32705267,63095976,YES
644,645,96,480000000000,480030385622,480061090973,30385622,30705351,61090973,YES
644,645,97,485000000000,485030393514,485060786887,30393514,30393373,60786887,YES
644,645,98,490000000000,490030414105,490060828152,30414105,30414047,60828152,YES
644,645,99,495000000000,495030447020,495060894060,30447020,30447040,60894060,YES
644,645,100,500000000000,500030491791,500060983682,30491791,30491891,60983682,YES
644,645,101,505000000000,505030547885,505061095951,30547885,30548066,61095951,YES
644,645,102,510000000000,510030614712,510061229676,30614712,30614964,61229676,YES
644,645,103,515000000000,515030691654,515061383627,30691654,30691973,61383627,YES
644,645,104,520000000000,520030778070,520061556524,30778070,30778454,61556524,YES
644,645,105,525000000000,525030873322,525061747086,30873322,30873764,61747086,YES
644,645,106,530000000000,530030976780,530061954054,30976780,30977274,61954054,YES
644,645,107,535000000000,535031087834,535062176229,31087834,31088395,62176229,YES
644,645,108,540000000000,540031205901,540062412412,31205901,31206511,62412412,YES
644,645,109,545000000000,545031330429,545062661527,31330429,31331098,62661527,YES
644,645,110,550000000000,550051861453,550103724795,51861453,51863342,103724795,YES
644,645,111,555000000000,555051978974,555103959957,51978974,51980983,103959957,YES
644,645,112,560000000000,560052106612,560104215332,52106612,52108720,104215332,YES
644,645,113,565000000000,565052244071,565104490364,52244071,52246293,104490364,YES
644,645,114,570000000000,570052391052,570104784424,52391052,52393372,104784424,YES
644,645,115,575000000000,575052547212,575105096833,52547212,52549621,105096833,YES
644,645,116,580000000000,580052712196,580105426895,52712196,52714699,105426895,YES
644,645,117,585000000000,585052885640,585105773871,52885640,52888231,105773871,YES
644,645,118,590000000000,590053067165,590106136996,53067165,53069831,106136996,YES
644,645,119,595000000000,595053256380,595106515496,53256380,53259116,106515496,YES
645,646,0,0,42637859,85276149,42637859,42638290,85276149,YES
645,646,1,5000000000,5042628332,5085257187,42628332,42628855,85257187,YES
645,646,2,10000000000,10042666665,10085297939,42666665,42631274,85297939,YES
645,646,3,15000000000,15042920842,15085566466,42920842,42645624,85566466,YES
645,646,4,20000000000,20042671100,20085342977,42671100,42671877,85342977,YES
645,646,5,25000000000,25044548169,25087258166,44548169,42709997,87258166,YES
645,646,6,30000000000,30042758842,30085518607,42758842,42759765,85518607,YES
645,646,7,35000000000,35042820002,35085640994,42820002,42820992,85640994,YES
645,646,8,40000000000,40042892286,40085785638,42892286,42893352,85785638,YES
645,646,9,45000000000,45042975308,45085951737,42975308,42976429,85951737,YES
645,646,10,50000000000,50043068600,50086138381,43068600,43069781,86138381,YES
645,646,11,55000000000,55043171664,55086344558,43171664,43172894,86344558,YES
645,646,12,60000000000,60043283955,60086569189,43283955,43285234,86569189,YES
645,646,13,65000000000,65046052412,65089458720,46052412,43406308,89458720,YES
645,646,14,70000000000,70043601863,70087137180,43601863,43535317,87137180,YES
645,646,15,75000000000,75043670526,75087342471,43670526,43671945,87342471,YES
645,646,16,80000000000,80043814069,80087629592,43814069,43815523,87629592,YES
645,646,17,85000000000,85045125247,85089090832,45125247,43965585,89090832,YES
645,646,18,90000000000,90044119978,90088241487,44119978,44121509,88241487,YES
645,646,19,95000000000,95044281364,95093194699,44281364,48913335,93194699,YES
645,646,20,100000000000,100036123172,100072246647,36123172,36123475,72246647,YES
645,646,21,105000000000,105036193286,105072386932,36193286,36193646,72386932,YES
645,646,22,110000000000,110036273501,110072547422,36273501,36273921,72547422,YES
645,646,23,115000000000,115036363391,115072727258,36363391,36363867,72727258,YES
645,646,24,120000000000,120036462496,120072925520,36462496,36463024,72925520,YES
645,646,25,125000000000,125036570347,125073141271,36570347,36570924,73141271,YES
645,646,26,130000000000,130036686464,130073373557,36686464,36687093,73373557,YES
645,646,27,135000000000,135036810379,135073621434,36810379,36811055,73621434,YES
645,646,28,140000000000,140080643804,140118158279,80643804,37514475,118158279,YES
645,646,29,145000000000,145037079757,145074160305,37079757,37080548,74160305,YES
645,646,30,150000000000,150033929340,150067857931,33929340,33928591,67857931,YES
645,646,31,155000000000,155033848395,155067696104,33848395,33847709,67696104,YES
645,646,32,160000000000,160033778229,160067555826,33778229,33777597,67555826,YES
645,646,33,165000000000,165033719278,165067437984,33719278,33718706,67437984,YES
645,646,34,170000000000,170033671914,170067343316,33671914,33671402,67343316,YES
645,646,35,175000000000,175033636410,175067272371,33636410,33635961,67272371,YES
645,646,36,180000000000,180033612950,180067225517,33612950,33612567,67225517,YES
645,646,37,185000000000,185033601618,185067202921,33601618,33601303,67202921,YES
645,646,38,190000000000,190033602400,190067204555,33602400,33602155,67204555,YES
645,646,39,195000000000,195033615189,195067230206,33615189,33615017,67230206,YES
645,646,40,200000000000,-1,-1,-1,-1,-1,LOST
645,646,41,205000000000,205088651524,205171093010,88651524,82441486,171093010,YES
645,646,42,210000000000,210086724611,210171665680,86724611,84941069,171665680,YES
645,646,43,215000000000,215082601091,215167580559,82601091,84979468,167580559,YES
645,646,44,220000000000,220082700062,220165400354,82700062,82700292,165400354,YES
645,646,45,225000000000,225097948854,225181194718,97948854,83245864,181194718,YES
645,646,46,230000000000,230082935186,230165951282,82935186,83016096,165951282,YES
645,646,47,235000000000,235083070644,235166142188,83070644,83071544,166142188,YES
645,646,48,240000000000,240083217533,240166436186,83217533,83218653,166436186,YES
645,646,49,245000000000,245083375430,245167098946,83375430,83723516,167098946,YES
645,646,50,250000000000,250072642754,250145285943,72642754,72643189,145285943,YES
645,646,51,255000000000,255077627262,255150231460,77627262,72604198,150231460,YES
645,646,52,260000000000,260075469700,260148048714,75469700,72579014,148048714,YES
645,646,53,265000000000,265072626342,265155074118,72626342,82447776,155074118,YES
645,646,54,270000000000,270074188671,270154254674,74188671,80066003,154254674,YES
645,646,55,275000000000,275114424972,275187011467,114424972,72586495,187011467,YES
645,646,56,280000000000,280074380111,280146996205,74380111,72616094,146996205,YES
645,646,57,285000000000,285072657662,285151649907,72657662,78992245,151649907,YES
645,646,58,290000000000,290072713642,290150563865,72713642,77850223,150563865,YES
645,646,59,295000000000,295072782227,295145566223,72782227,72783996,145566223,YES
645,646,60,300000000000,300072862951,300147123786,72862951,74260835,147123786,YES
645,646,61,305000000000,305072955304,305145912590,72955304,72957286,145912590,YES
645,646,62,310000000000,310073058741,310146119579,73058741,73060838,146119579,YES
645,646,63,315000000000,315073172680,315146347550,73172680,73174870,146347550,YES
645,646,64,320000000000,320073296554,320146595384,73296554,73298830,146595384,YES
645,646,65,325000000000,325073429793,325146861947,73429793,73432154,146861947,YES
645,646,66,330000000000,330073571850,330147146133,73571850,73574283,147146133,YES
645,646,67,335000000000,335073722183,335147446893,73722183,73724710,147446893,YES
645,646,68,340000000000,340073880299,340147763191,73880299,73882892,147763191,YES
645,646,69,345000000000,345074045715,345148094104,74045715,74048389,148094104,YES
645,646,70,350000000000,350043569138,350087138627,43569138,43569489,87138627,YES
645,646,71,355000000000,355043580510,355087161443,43580510,43580933,87161443,YES
645,646,72,360000000000,360043603233,360087206966,43603233,43603733,87206966,YES
645,646,73,365000000000,365043637264,365087275097,43637264,43637833,87275097,YES
645,646,74,370000000000,370043682466,370087365569,43682466,43683103,87365569,YES
645,646,75,375000000000,375043738623,375087477949,43738623,43739326,87477949,YES
645,646,76,380000000000,380043805428,380087611623,43805428,43806195,87611623,YES
645,646,77,385000000000,385043882516,385087765858,43882516,43883342,87765858,YES
645,646,78,390000000000,390043969450,390087939784,43969450,43970334,87939784,YES
645,646,79,395000000000,395044065763,395088132475,44065763,44066712,88132475,YES
645,646,80,400000000000,400088461640,400170252060,88461640,81790420,170252060,YES
645,646,81,405000000000,405081735204,405163468752,81735204,81733548,163468752,YES
645,646,82,410000000000,410081691174,410163380855,81691174,81689681,163380855,YES
645,646,83,415000000000,415081660732,415163320135,81660732,81659403,163320135,YES
645,646,84,420000000000,420081644298,420163287447,81644298,81643149,163287447,YES
645,646,85,425000000000,425081642218,425163283462,81642218,81641244,163283462,YES
645,646,86,430000000000,430081654739,430163308706,81654739,81653967,163308706,YES
645,646,87,435000000000,435081682023,435163363476,81682023,81681453,163363476,YES
645,646,88,440000000000,440081724121,440163447890,81724121,81723769,163447890,YES
645,646,89,445000000000,445081780989,445163561848,81780989,81780859,163561848,YES
645,646,90,450000000000,450081748198,450163495482,81748198,81747284,163495482,YES
645,646,91,455000000000,455081737571,455163474461,81737571,81736890,163474461,YES
645,646,92,460000000000,460081741104,460166158323,81741104,84417219,166158323,YES
645,646,93,465000000000,465081758443,465164179936,81758443,82421493,164179936,YES
645,646,94,470000000000,470097006852,470180214249,97006852,83207397,180214249,YES
645,646,95,475000000000,475095050514,475176883748,95050514,81833234,176883748,YES
645,646,96,480000000000,480098116358,480180005980,98116358,81889622,180005980,YES
645,646,97,485000000000,485084251931,485166209587,84251931,81957656,166209587,YES
645,646,98,490000000000,490088395020,490170432296,88395020,82037276,170432296,YES
645,646,99,495000000000,495082126368,495164253851,82126368,82127483,164253851,YES
645,646,100,500000000000,500072383319,500144767802,72383319,72384483,144767802,YES
645,646,101,505000000000,505072399907,505144801132,72399907,72401225,144801132,YES
645,646,102,510000000000,510072430272,510144862008,72430272,72431736,144862008,YES
645,646,103,515000000000,515072474167,515144949934,72474167,72475767,144949934,YES
645,646,104,520000000000,520072531263,520145064256,72531263,72532993,145064256,YES
645,646,105,525000000000,525072601165,525145204182,72601165,72603017,145204182,YES
645,646,106,530000000000,530072683411,530145368784,72683411,72685373,145368784,YES
645,646,107,535000000000,535072777486,535145557043,72777486,72779557,145557043,YES
645,646,108,540000000000,540072882846,540145767863,72882846,72885017,145767863,YES
645,646,109,545000000000,545072998918,545146000115,72998918,73001197,146000115,YES
645,646,110,550000000000,550035552894,550071105717,35552894,35552823,71105717,YES
645,646,111,555000000000,555035554882,555071109762,35554882,35554880,71109762,YES
645,646,112,560000000000,560035568803,560071137671,35568803,35568868,71137671,YES
645,646,113,565000000000,565035594657,565071189447,35594657,35594790,71189447,YES
645,646,114,570000000000,570035632357,570071264917,35632357,35632560,71264917,YES
645,646,115,575000000000,575035681719,575071363705,35681719,35681986,71363705,YES
645,646,116,580000000000,580035742468,580071485268,35742468,35742800,71485268,YES
645,646,117,585000000000,585035814270,585071628936,35814270,35814666,71628936,YES
645,646,118,590000000000,590035896714,590071793888,35896714,35897174,71793888,YES
645,646,119,595000000000,595035989356,595071979233,35989356,35989877,71979233,YES
646,647,0,0,80764578,158244295,80764578,77479717,158244295,YES
646,647,1,5000000000,5081013396,5158472143,81013396,77458747,158472143,YES
646,647,2,10000000000,10077452388,10156440287,77452388,78987899,156440287,YES
646,647,3,15000000000,15077457819,15155413384,77457819,77955565,155413384,YES
646,647,4,20000000000,20077476445,20154952091,77476445,77475646,154952091,YES
646,647,5,25000000000,25077508088,25155015629,77508088,77507541,155015629,YES
646,647,6,30000000000,30077552503,30155104710,77552503,77552207,155104710,YES
646,647,7,35000000000,35077609370,35155218695,77609370,77609325,155218695,YES
646,647,8,40000000000,40077678300,40155356798,77678300,77678498,155356798,YES
646,647,9,45000000000,45077758841,45155518124,77758841,77759283,155518124,YES
646,647,10,50000000000,50094434276,50177480260,94434276,83045984,177480260,YES
646,647,11,55000000000,55083092657,55166186167,83092657,83093510,166186167,YES
646,647,12,60000000000,60084545818,60167700341,84545818,83154523,167700341,YES
646,647,13,65000000000,65083226963,65166455257,83226963,83228294,166455257,YES
646,647,14,70000000000,70089922591,70173294539,89922591,83371948,173294539,YES
646,647,15,75000000000,75083409918,75166821596,83409918,83411678,166821596,YES
646,647,16,80000000000,80083518005,80175437888,83518005,91919883,175437888,YES
646,647,17,85000000000,85085638258,85176010813,85638258,90372555,176010813,YES
646,647,18,90000000000,90083764147,90167530605,83764147,83766458,167530605,YES
646,647,19,95000000000,95085859302,95172159409,85859302,86300107,172159409,YES
646,647,20,100000000000,100148596226,100253961885,148596226,105365659,253961885,YES
646,647,21,105000000000,105102434415,105223647704,102434415,121213289,223647704,YES
646,647,22,110000000000,110096291873,110233014460,96291873,136722587,233014460,YES
646,647,23,115000000000,115096422485,115193765373,96422485,97342888,193765373,YES
646,647,24,120000000000,120096562877,120197873927,96562877,101311050,197873927,YES
646,647,25,125000000000,125102029091,125199084870,102029091,97055779,199084870,YES
646,647,26,130000000000,130096870812,130193744482,96870812,96873670,193744482,YES
646,647,27,135000000000,135100113737,135197154212,100113737,97040475,197154212,YES
646,647,28,140000000000,140097211438,140194426160,97211438,97214722,194426160,YES
646,647,29,145000000000,145097392795,145194789077,97392795,97396282,194789077,YES
646,647,30,150000000000,150068502821,150137005057,68502821,68502236,137005057,YES
646,647,31,155000000000,155068421133,155136841886,68421133,68420753,136841886,YES
646,647,32,160000000000,160069552978,160137904187,69552978,68351209,137904187,YES
646,647,33,165000000000,165068294171,165136588386,68294171,68294215,136588386,YES
646,647,34,170000000000,170068249994,170136500250,68249994,68250256,136500250,YES
646,647,35,175000000000,175068219298,175136439072,68219298,68219774,136439072,YES
646,647,36,180000000000,180068202438,180136405568,68202438,68203130,136405568,YES
646,647,37,185000000000,185068589984,185136790553,68589984,68200569,136790553,YES
646,647,38,190000000000,190073039910,190141252161,73039910,68212251,141252161,YES
646,647,39,195000000000,195068236864,195136475034,68236864,68238170,136475034,YES
646,647,40,200000000000,200068276803,200141734306,68276803,73457503,141734306,YES
646,647,41,205000000000,205068330760,205137874555,68330760,69543795,137874555,YES
646,647,42,210000000000,210068398456,210137910249,68398456,69511793,137910249,YES
646,647,43,215000000000,215068479504,215136961008,68479504,68481504,136961008,YES
646,647,44,220000000000,220068573435,220137149020,68573435,68575585,137149020,YES
646,647,45,225000000000,225068679719,225137361739,68679719,68682020,137361739,YES
646,647,46,230000000000,230068797750,230137597930,68797750,68800180,137597930,YES
646,647,47,235000000000,235068926894,235137856337,68926894,68929443,137856337,YES
646,647,48,240000000000,240069066498,240143489747,69066498,74423249,143489747,YES
646,647,49,245000000000,245069215877,245141709622,69215877,72493745,141709622,YES
646,647,50,250000000000,250077942767,250155883905,77942767,77941138,155883905,YES
646,647,51,255000000000,255077945925,255155890438,77945925,77944513,155890438,YES
646,647,52,260000000000,260080835494,260160378943,80835494,79543449,160378943,YES
646,647,53,265000000000,265080449356,265164432565,80449356,83983209,164432565,YES
646,647,54,270000000000,270078027810,270162430688,78027810,84402878,162430688,YES
646,647,55,275000000000,275080613607,275158692052,80613607,78078445,158692052,YES
646,647,56,280000000000,280078141476,280156282771,78141476,78141295,156282771,YES
646,647,57,285000000000,285078215386,285156542312,78215386,78326926,156542312,YES
646,647,58,290000000000,290078300250,290157687744,78300250,79387494,157687744,YES
646,647,59,295000000000,295078395688,295159796945,78395688,81401257,159796945,YES
646,647,60,300000000000,300084503306,300167402593,84503306,82899287,167402593,YES
646,647,61,305000000000,305082966953,305165934878,82966953,82967925,165934878,YES
646,647,62,310000000000,310083047601,310166096432,83047601,83048831,166096432,YES
646,647,63,315000000000,315083139876,315166281215,83139876,83141339,166281215,YES
646,647,64,320000000000,320083243163,320166488006,83243163,83244843,166488006,YES
646,647,65,325000000000,325083356836,325166715558,83356836,83358722,166715558,YES
646,647,66,330000000000,330083480280,330167277675,83480280,83797395,167277675,YES
646,647,67,335000000000,335083612886,335167228030,83612886,83615144,167228030,YES
646,647,68,340000000000,340083754088,340167510618,83754088,83756530,167510618,YES
646,647,69,345000000000,345083903338,345167809275,83903338,83905937,167809275,YES
646,647,70,350000000000,350084169069,350168335933,84169069,84166864,168335933,YES
646,647,71,355000000000,355084088646,355168175364,84088646,84086718,168175364,YES
646,647,72,360000000000,360084021488,360168041317,84021488,84019829,168041317,YES
646,647,73,365000000000,365083967674,365167933964,83967674,83966290,167933964,YES
646,647,74,370000000000,370083927171,370167853231,83927171,83926060,167853231,YES
646,647,75,375000000000,375083899866,375167798885,83899866,83899019,167798885,YES
646,647,76,380000000000,380083885520,380167770455,83885520,83884935,167770455,YES
646,647,77,385000000000,385083883823,385167767312,83883823,83883489,167767312,YES
646,647,78,390000000000,390083894390,390167788688,83894390,83894298,167788688,YES
646,647,79,395000000000,395083916773,395167833685,83916773,83916912,167833685,YES
646,647,80,400000000000,400068484344,400136968179,68484344,68483835,136968179,YES
646,647,81,405000000000,405068406529,405136812754,68406529,68406225,136812754,YES
646,647,82,410000000000,410068340812,410136681532,68340812,68340720,136681532,YES
646,647,83,415000000000,415068287770,415136575661,68287770,68287891,136575661,YES
646,647,84,420000000000,420068247919,420136496178,68247919,68248259,136496178,YES
646,647,85,425000000000,425068221693,425136443940,68221693,68222247,136443940,YES
646,647,86,430000000000,430068209432,430136419635,68209432,68210203,136419635,YES
646,647,87,435000000000,435068211383,435136423745,68211383,68212362,136423745,YES
646,647,88,440000000000,440068227670,440136456524,68227670,68228854,136456524,YES
646,647,89,445000000000,445068258311,445136518003,68258311,68259692,136518003,YES
646,647,90,450000000000,450068303221,450136608008,68303221,68304787,136608008,YES
646,647,91,455000000000,455068362184,455136726111,68362184,68363927,136726111,YES
646,647,92,460000000000,460068434893,460136871698,68434893,68436805,136871698,YES
646,647,93,465000000000,465068520932,465137043933,68520932,68523001,137043933,YES
646,647,94,470000000000,470068619817,470137241861,68619817,68622044,137241861,YES
646,647,95,475000000000,475068730973,475137464308,68730973,68733335,137464308,YES
646,647,96,480000000000,480068853780,480137710053,68853780,68856273,137710053,YES
646,647,97,485000000000,485068987582,485137977774,68987582,68990192,137977774,YES
646,647,98,490000000000,490069131710,490138266139,69131710,69134429,138266139,YES
646,647,99,495000000000,495069285460,495138573739,69285460,69288279,138573739,YES
646,647,100,500000000000,500077366466,500154732162,77366466,77365696,154732162,YES
646,647,101,505000000000,505077400689,505154800853,77400689,77400164,154800853,YES
646,647,102,510000000000,510077447699,510154895124,77447699,77447425,154895124,YES
646,647,103,515000000000,515077507195,515155014364,77507195,77507169,155014364,YES
646,647,104,520000000000,520077578790,520155157803,77578790,77579013,155157803,YES
646,647,105,525000000000,525077662047,525155324560,77662047,77662513,155324560,YES
646,647,106,530000000000,530077756479,530155513663,77756479,77757184,155513663,YES
646,647,107,535000000000,535077861551,535155724037,77861551,77862486,155724037,YES
646,647,108,540000000000,540077976705,540155954561,77976705,77977856,155954561,YES
646,647,109,545000000000,545078101356,545156204097,78101356,78102741,156204097,YES
646,647,110,550000000000,550066284004,550132568450,66284004,66284446,132568450,YES
646,647,111,555000000000,555066395706,555132792048,66395706,66396342,132792048,YES
646,647,112,560000000000,560066516669,560133034170,66516669,66517501,133034170,YES
646,647,113,565000000000,565066646726,565133294478,66646726,66647752,133294478,YES
646,647,114,570000000000,570066785671,570133572562,66785671,66786891,133572562,YES
646,647,115,575000000000,575066933225,575133867856,66933225,66934631,133867856,YES
646,647,116,580000000000,580067089065,580134179745,67089065,67090680,134179745,YES
646,647,117,585000000000,585067252839,585134507465,67252839,67254626,134507465,YES
646,647,118,590000000000,590067424142,590134850241,67424142,67426099,134850241,YES
646,647,119,595000000000,595067602566,595135207257,67602566,67604691,135207257,YES
647,648,0,0,41908585,83817142,41908585,41908557,83817142,YES
647,648,1,5000000000,5045453398,5087346070,45453398,41892672,87346070,YES
647,648,2,10000000000,10042394885,10084284575,42394885,41889690,84284575,YES
647,648,3,15000000000,15041898907,15083798062,41898907,41899155,83798062,YES
647,648,4,20000000000,20044917005,20086837579,44917005,41920574,86837579,YES
647,648,5,25000000000,25041952887,25083906175,41952887,41953288,83906175,YES
647,648,6,30000000000,30041996221,30083992914,41996221,41996693,83992914,YES
647,648,7,35000000000,35042049555,35084099644,42049555,42050089,84099644,YES
647,648,8,40000000000,40042112158,40084224911,42112158,42112753,84224911,YES
647,648,9,45000000000,45042183341,45084367326,42183341,42183985,84367326,YES
647,648,10,50000000000,50080425267,50160851600,80425267,80426333,160851600,YES
647,648,11,55000000000,55080528715,55161058693,80528715,80529978,161058693,YES
647,648,12,60000000000,60080642796,60161287044,80642796,80644248,161287044,YES
647,648,13,65000000000,65080766908,65161535456,80766908,80768548,161535456,YES
647,648,14,70000000000,70080900450,70162264005,80900450,81363555,162264005,YES
647,648,15,75000000000,75081042832,75162087659,81042832,81044827,162087659,YES
647,648,16,80000000000,80081193485,80162389121,81193485,81195636,162389121,YES
647,648,17,85000000000,85081351853,85162706016,81351853,81354163,162706016,YES
647,648,18,90000000000,90081517422,90163037290,81517422,81519868,163037290,YES
647,648,19,95000000000,95081689688,95163381955,81689688,81692267,163381955,YES
647,648,20,100000000000,100081868198,100163739092,81868198,81870894,163739092,YES
647,648,21,105000000000,105082052508,105164107863,82052508,82055355,164107863,YES
647,648,22,110000000000,110082242249,110164487433,82242249,82245184,164487433,YES
647,648,23,115000000000,115082437005,115164877045,82437005,82440040,164877045,YES
647,648,24,120000000000,120083838091,120166477729,83838091,82639638,166477729,YES
647,648,25,125000000000,125082840277,125165683791,82840277,82843514,165683791,YES
647,648,26,130000000000,130083048190,130166099718,83048190,83051528,166099718,YES
647,648,27,135000000000,135083259921,135166523277,83259921,83263356,166523277,YES
647,648,28,140000000000,140083475234,140166953974,83475234,83478740,166953974,YES
647,648,29,145000000000,145083693897,145167391369,83693897,83697472,167391369,YES
647,648,30,150000000000,150091123086,150182243258,91123086,91120172,182243258,YES
647,648,31,155000000000,155090974360,155181945997,90974360,90971637,181945997,YES
647,648,32,160000000000,160090835913,160181669292,90835913,90833379,181669292,YES
647,648,33,165000000000,165090708509,165182010597,90708509,91302088,182010597,YES
647,648,34,170000000000,170090592935,170181183758,90592935,90590823,181183758,YES
647,648,35,175000000000,175090489975,175180978078,90489975,90488103,180978078,YES
647,648,36,180000000000,180090400391,180180799151,90400391,90398760,180799151,YES
647,648,37,185000000000,185090324899,185180648426,90324899,90323527,180648426,YES
647,648,38,190000000000,190090264137,190180527170,90264137,90263033,180527170,YES
647,648,39,195000000000,195090218645,195180436462,90218645,90217817,180436462,YES
647,648,40,200000000000,200090188832,200180377119,90188832,90188287,180377119,YES
647,648,41,205000000000,205090174958,205180349656,90174958,90174698,180349656,YES
647,648,42,210000000000,210090177112,210180354255,90177112,90177143,180354255,YES
647,648,43,215000000000,215090195221,215180390763,90195221,90195542,180390763,YES
647,648,44,220000000000,220090229050,220180458705,90229050,90229655,180458705,YES
647,648,45,225000000000,225090278202,225180557287,90278202,90279085,180557287,YES
647,648,46,230000000000,230090342153,230180685461,90342153,90343308,180685461,YES
647,648,47,235000000000,235090420281,235180841975,90420281,90421694,180841975,YES
647,648,48,240000000000,240090511883,240181025422,90511883,90513539,181025422,YES
647,648,49,245000000000,245090616193,245181234287,90616193,90618094,181234287,YES
647,648,50,250000000000,250041830212,250083660737,41830212,41830525,83660737,YES
647,648,51,255000000000,255041858639,255083717669,41858639,41859030,83717669,YES
647,648,52,260000000000,260041897857,260083796176,41897857,41898319,83796176,YES
647,648,53,265000000000,265041947189,265083894906,41947189,41947717,83894906,YES
647,648,54,270000000000,270042005949,270084012495,42005949,42006546,84012495,YES
647,648,55,275000000000,275042073448,275084147547,42073448,42074099,84147547,YES
647,648,56,280000000000,280042149000,280084298700,42149000,42149700,84298700,YES
647,648,57,285000000000,285042231959,285084464660,42231959,42232701,84464660,YES
647,648,58,290000000000,290042321692,290084644169,42321692,42322477,84644169,YES
647,648,59,295000000000,295042417610,295084836061,42417610,42418451,84836061,YES
647,648,60,300000000000,300081022045,300162045754,81022045,81023709,162045754,YES
647,648,61,305000000000,305081156231,305162314293,81156231,81158062,162314293,YES
647,648,62,310000000000,310081298768,310162599520,81298768,81300752,162599520,YES
647,648,63,315000000000,315081449133,315162900409,81449133,81451276,162900409,YES
647,648,64,320000000000,320081606840,320163215961,81606840,81609121,163215961,YES
647,648,65,325000000000,325081771413,325163545239,81771413,81773826,163545239,YES
647,648,66,330000000000,330081942403,330163887346,81942403,81944943,163887346,YES
647,648,67,335000000000,335082119417,335164241503,82119417,82122086,164241503,YES
647,648,68,340000000000,340082302019,340164606817,82302019,82304798,164606817,YES
647,648,69,345000000000,345082489871,345164982624,82489871,82492753,164982624,YES
647,648,70,350000000000,350057696762,350115394546,57696762,57697784,115394546,YES
647,648,71,355000000000,355057690235,355115381595,57690235,57691360,115381595,YES
647,648,72,360000000000,360057690021,360115381268,57690021,57691247,115381268,YES
647,648,73,365000000000,365057696297,365115393923,57696297,57697626,115393923,YES
647,648,74,370000000000,370057709221,370115419890,57709221,57710669,115419890,YES
647,648,75,375000000000,375057729003,375115459550,57729003,57730547,115459550,YES
647,648,76,380000000000,380057755797,380115513236,57755797,57757439,115513236,YES
647,648,77,385000000000,385057789778,385115581295,57789778,57791517,115581295,YES
647,648,78,390000000000,390057831123,390115664078,57831123,57832955,115664078,YES
647,648,79,395000000000,395057880020,395115761965,57880020,57881945,115761965,YES
647,648,80,400000000000,400090962435,400181922161,90962435,90959726,181922161,YES
647,648,81,405000000000,405090823478,405181644427,90823478,90820949,181644427,YES
647,648,82,410000000000,410090695074,410181387814,90695074,90692740,181387814,YES
647,648,83,415000000000,415090578009,415181153888,90578009,90575879,181153888,YES
647,648,84,420000000000,420090473075,420180944254,90473075,90471179,180944254,YES
647,648,85,425000000000,425090381070,425180760478,90381070,90379408,180760478,YES
647,648,86,430000000000,430090302751,430180604093,90302751,90301342,180604093,YES
647,648,87,435000000000,435090238832,435180476515,90238832,90237683,180476515,YES
647,648,88,440000000000,440090189926,440180378973,90189926,90189047,180378973,YES
647,648,89,445000000000,445090156550,445180312498,90156550,90155948,180312498,YES
647,648,90,450000000000,450090139066,450180277823,90139066,90138757,180277823,YES
647,648,91,455000000000,455090137690,455180275363,90137690,90137673,180275363,YES
647,648,92,460000000000,460090152464,460180305198,90152464,90152734,180305198,YES
647,648,93,465000000000,465090183244,465180367053,90183244,90183809,180367053,YES
647,648,94,470000000000,470090229738,470180460327,90229738,90230589,180460327,YES
647,648,95,475000000000,475090291503,475180584133,90291503,90292630,180584133,YES
647,648,96,480000000000,480090367955,480180737304,90367955,90369349,180737304,YES
647,648,97,485000000000,485090458433,485180918515,90458433,90460082,180918515,YES
647,648,98,490000000000,490090562186,490181126274,90562186,90564088,181126274,YES
647,648,99,495000000000,495090678441,495181359014,90678441,90680573,181359014,YES
647,648,100,500000000000,500090806401,500181615148,90806401,90808747,181615148,YES
647,648,101,505000000000,505090945269,505181893083,90945269,90947814,181893083,YES
647,648,102,510000000000,510091094273,510182191297,91094273,91097024,182191297,YES
647,648,103,515000000000,515091252681,515182508303,91252681,91255622,182508303,YES
647,648,104,520000000000,520091419793,520182842688,91419793,91422895,182842688,YES
647,648,105,525000000000,525091594976,525183193190,91594976,91598214,183193190,YES
647,648,106,530000000000,530091777594,530183558568,91777594,91780974,183558568,YES
647,648,107,535000000000,535091967112,535183937749,91967112,91970637,183937749,YES
647,648,108,540000000000,540092163025,540184329711,92163025,92166686,184329711,YES
647,648,109,545000000000,545092364866,545184733513,92364866,92368647,184733513,YES
647,648,110,550000000000,550042366912,550084734697,42366912,42367785,84734697,YES
647,648,111,555000000000,555042481628,555084964158,42481628,42482530,84964158,YES
647,648,112,560000000000,560042600149,560085201245,42600149,42601096,85201245,YES
647,648,113,565000000000,565042722131,565085445227,42722131,42723096,85445227,YES
647,648,114,570000000000,570042847261,570085695510,42847261,42848249,85695510,YES
647,648,115,575000000000,575042975259,575085951528,42975259,42976269,85951528,YES
647,648,116,580000000000,580043105863,580086212770,43105863,43106907,86212770,YES
647,648,117,585000000000,585043238845,585086478743,43238845,43239898,86478743,YES
647,648,118,590000000000,590043373990,590086749065,43373990,43375075,86749065,YES
647,648,119,595000000000,595043511114,595087023326,43511114,43512212,87023326,YES
648,649,0,0,69802314,139604463,69802314,69802149,139604463,YES
648,649,1,5000000000,5069773081,5139546206,69773081,69773125,139546206,YES
648,649,2,10000000000,10069757053,10139514352,69757053,69757299,139514352,YES
648,649,3,15000000000,15069754259,15139508965,69754259,69754706,139508965,YES
648,649,4,20000000000,20069787788,20139553043,69787788,69765255,139553043,YES
648,649,5,25000000000,25069812848,25139601601,69812848,69788753,139601601,YES
648,649,6,30000000000,30069823885,30139648781,69823885,69824896,139648781,YES
648,649,7,35000000000,35069872123,35139745426,69872123,69873303,139745426,YES
648,649,8,40000000000,40069932176,40244433822,69932176,174501646,244433822,YES
648,649,9,45000000000,45070003536,45143893159,70003536,73889623,143893159,YES
648,649,10,50000000000,50070085651,50140172935,70085651,70087284,140172935,YES
648,649,11,55000000000,55070177952,55140357680,70177952,70179728,140357680,YES
648,649,12,60000000000,60070279857,60140561606,70279857,70281749,140561606,YES
648,649,13,65000000000,65070390776,65140783552,70390776,70392776,140783552,YES
648,649,14,70000000000,70070510137,70141022372,70510137,70512235,141022372,YES
648,649,15,75000000000,75070637383,75141276956,70637383,70639573,141276956,YES
648,649,16,80000000000,80071120258,80141894536,71120258,70774278,141894536,YES
648,649,17,85000000000,85070913421,85141829195,70913421,70915774,141829195,YES
648,649,18,90000000000,90071061207,90142124851,71061207,71063644,142124851,YES
648,649,19,95000000000,95071214893,95164385943,71214893,93171050,164385943,YES
648,649,20,100000000000,100080983841,100161972084,80983841,80988243,161972084,YES
648,649,21,105000000000,105081141983,105163366935,81141983,82224952,163366935,YES
648,649,22,110000000000,110081304827,110162614162,81304827,81309335,162614162,YES
648,649,23,115000000000,115082775901,115164252973,82775901,81477072,164252973,YES
648,649,24,120000000000,120081645044,120163800394,81645044,82155350,163800394,YES
648,649,25,125000000000,125081822679,125163650022,81822679,81827343,163650022,YES
648,649,26,130000000000,130082005547,130164015773,82005547,82010226,164015773,YES
648,649,27,135000000000,135082193798,135164392316,82193798,82198518,164392316,YES
648,649,28,140000000000,140082387605,140164779991,82387605,82392386,164779991,YES
648,649,29,145000000000,145082587154,145165179112,82587154,82591958,165179112,YES
648,649,30,150000000000,150066553956,150133106242,66553956,66552286,133106242,YES
648,649,31,155000000000,155066469856,155132938163,66469856,66468307,132938163,YES
648,649,32,160000000000,160066396442,160132791462,66396442,66395020,132791462,YES
648,649,33,165000000000,165084400243,165150733001,84400243,66332758,150733001,YES
648,649,34,170000000000,170066283753,170132566374,66283753,66282621,132566374,YES
648,649,35,175000000000,175274189350,175340451680,274189350,66262330,340451680,YES
648,649,36,180000000000,180098474500,180164693201,98474500,66218701,164693201,YES
648,649,37,185000000000,185069531487,185135737515,69531487,66206028,135737515,YES
648,649,38,190000000000,190066206703,190132412972,66206703,66206269,132412972,YES
648,649,39,195000000000,195066219876,195132439511,66219876,66219635,132439511,YES
648,649,40,200000000000,200066246158,200132492271,66246158,66246113,132492271,YES
648,649,41,205000000000,205066285415,205132570981,66285415,66285566,132570981,YES
648,649,42,210000000000,210066337405,210132675157,66337405,66337752,132675157,YES
648,649,43,215000000000,215066401783,215132804104,66401783,66402321,132804104,YES
648,649,44,220000000000,220066478104,220132956938,66478104,66478834,132956938,YES
648,649,45,225000000000,225066565851,225133132612,66565851,66566761,133132612,YES
648,649,46,230000000000,230066664458,230133329986,66664458,66665528,133329986,YES
648,649,47,235000000000,235066773277,235133547785,66773277,66774508,133547785,YES
648,649,48,240000000000,240066891678,240133784738,66891678,66893060,133784738,YES
648,649,49,245000000000,245067019012,245134039560,67019012,67020548,134039560,YES
648,649,50,250000000000,250071889256,250141583484,71889256,69694228,141583484,YES
648,649,51,255000000000,255069711249,255139423236,69711249,69711987,139423236,YES
648,649,52,260000000000,260069741773,260139484462,69741773,69742689,139484462,YES
648,649,53,265000000000,265069784903,265139570892,69784903,69785989,139570892,YES
648,649,54,270000000000,270070957966,270140799447,70957966,69841481,140799447,YES
648,649,55,275000000000,275069907240,275139815876,69907240,69908636,139815876,YES
648,649,56,280000000000,280069985425,280143028571,69985425,73043146,143028571,YES
648,649,57,285000000000,285070074198,285147117548,70074198,77043350,147117548,YES
648,649,58,290000000000,-1,-1,-1,-1,-1,LOST
648,649,59,295000000000,295117313429,295187597533,117313429,70284104,187597533,YES
648,649,60,300000000000,300070398075,300140798170,70398075,70400095,140798170,YES
648,649,61,305000000000,305070523234,305141048584,70523234,70525350,141048584,YES
648,649,62,310000000000,310070656043,310141314277,70656043,70658234,141314277,YES
648,649,63,315000000000,315070795942,315141594153,70795942,70798211,141594153,YES
648,649,64,320000000000,320070942426,320141887211,70942426,70944785,141887211,YES
648,649,65,325000000000,325071095009,325142192457,71095009,71097448,142192457,YES
648,649,66,330000000000,330071253248,330142508994,71253248,71255746,142508994,YES
648,649,67,335000000000,335071416716,335142835989,71416716,71419273,142835989,YES
648,649,68,340000000000,340071585030,340143172689,71585030,71587659,143172689,YES
648,649,69,345000000000,345071757827,345143518330,71757827,71760503,143518330,YES
648,649,70,350000000000,350071698428,350143393169,71698428,71694741,143393169,YES
648,649,71,355000000000,355071456675,355142909738,71456675,71453063,142909738,YES
648,649,72,360000000000,360071221053,360142438563,71221053,71217510,142438563,YES
648,649,73,365000000000,365070991931,365141980387,70991931,70988456,141980387,YES
648,649,74,370000000000,370070769666,370141535942,70769666,70766276,141535942,YES
648,649,75,375000000000,375070554637,375141105956,70554637,70551319,141105956,YES
648,649,76,380000000000,380070347209,380140691184,70347209,70343975,140691184,YES
648,649,77,385000000000,385070147742,385140292357,70147742,70144615,140292357,YES
648,649,78,390000000000,390069956614,390139910205,69956614,69953591,139910205,YES
648,649,79,395000000000,395069774187,395139545455,69774187,69771268,139545455,YES
648,649,80,400000000000,400073054190,400139707991,73054190,66653801,139707991,YES
648,649,81,405000000000,405066576560,405133151605,66576560,66575045,133151605,YES
648,649,82,410000000000,410066508115,410133014849,66508115,66506734,133014849,YES
648,649,83,415000000000,415066450725,415132900217,66450725,66449492,132900217,YES
648,649,84,420000000000,420066404865,420132808651,66404865,66403786,132808651,YES
648,649,85,425000000000,425066370950,425132740981,66370950,66370031,132740981,YES
648,649,86,430000000000,430066349337,430132697934,66349337,66348597,132697934,YES
648,649,87,435000000000,435066340311,435132680064,66340311,66339753,132680064,YES
648,649,88,440000000000,440066344055,440132687743,66344055,66343688,132687743,YES
648,649,89,445000000000,445066360659,445132721144,66360659,66360485,132721144,YES
648,649,90,450000000000,450071934387,450143867432,71934387,71933045,143867432,YES
648,649,91,455000000000,455071779328,455143557534,71779328,71778206,143557534,YES
648,649,92,460000000000,460071636668,460143272430,71636668,71635762,143272430,YES
648,649,93,465000000000,465071506571,465143012433,71506571,71505862,143012433,YES
648,649,94,470000000000,470071389089,470142777660,71389089,71388571,142777660,YES
648,649,95,475000000000,475071284159,475142567988,71284159,71283829,142567988,YES
648,649,96,480000000000,480071191625,480142383105,71191625,71191480,142383105,YES
648,649,97,485000000000,485071111229,485142222478,71111229,71111249,142222478,YES
648,649,98,490000000000,490071042630,490142085434,71042630,71042804,142085434,YES
648,649,99,495000000000,495070985416,495143388917,70985416,72403501,143388917,YES
648,649,100,500000000000,500070939109,500141878661,70939109,70939552,141878661,YES
648,649,101,505000000000,505070903206,505141806973,70903206,70903767,141806973,YES
648,649,102,510000000000,510070877141,510141754952,70877141,70877811,141754952,YES
648,649,103,515000000000,515070860347,515141721461,70860347,70861114,141721461,YES
648,649,104,520000000000,520070852236,520141705333,70852236,70853097,141705333,YES
648,649,105,525000000000,525070852229,525141705406,70852229,70853177,141705406,YES
648,649,106,530000000000,530070859753,530141720526,70859753,70860773,141720526,YES
648,649,107,535000000000,535070874249,535141749589,70874249,70875340,141749589,YES
648,649,108,540000000000,540070895187,540141791504,70895187,70896317,141791504,YES
648,649,109,545000000000,545070922058,545141845298,70922058,70923240,141845298,YES
648,649,110,550000000000,550076087392,550152178532,76087392,76091140,152178532,YES
648,649,111,555000000000,555076331960,555152667739,76331960,76335779,152667739,YES
648,649,112,560000000000,560076583244,560153170394,76583244,76587150,153170394,YES
648,649,113,565000000000,565076840823,565153685608,76840823,76844785,153685608,YES
648,649,114,570000000000,570077104271,570154212592,77104271,77108321,154212592,YES
648,649,115,575000000000,575077373178,575154750463,77373178,77377285,154750463,YES
648,649,116,580000000000,580077647153,580155298461,77647153,77651308,155298461,YES
648,649,117,585000000000,585077925827,585155855865,77925827,77930038,155855865,YES
648,649,118,590000000000,590078208822,590156421907,78208822,78213085,156421907,YES
648,649,119,595000000000,595078495811,595156995952,78495811,78500141,156995952,YES
649,650,0,0,76191165,152379097,76191165,76187932,152379097,YES
649,650,1,5000000000,5075974246,5153294464,75974246,77320218,153294464,YES
649,650,2,10000000000,10075767347,10151531796,75767347,75764449,151531796,YES
649,650,3,15000000000,15075570962,15151139196,75570962,75568234,151139196,YES
649,650,4,20000000000,20075385537,20150768521,75385537,75382984,150768521,YES
649,650,5,25000000000,25075211454,25150420515,75211454,75209061,150420515,YES
649,650,6,30000000000,30075049017,30150095813,75049017,75046796,150095813,YES
649,650,7,35000000000,35074898455,35149794861,74898455,74896406,149794861,YES
649,650,8,40000000000,40145941759,40222143810,145941759,76202051,222143810,YES
649,650,9,45000000000,45079622102,45154253572,79622102,74631470,154253572,YES
649,650,10,50000000000,50074485083,50149685091,74485083,75200008,149685091,YES
649,650,11,55000000000,55074382171,55148762914,74382171,74380743,148762914,YES
649,650,12,60000000000,60074290698,60148580102,74290698,74289404,148580102,YES
649,650,13,65000000000,65074210280,65148419396,74210280,74209116,148419396,YES
649,650,14,70000000000,70074140471,70150209507,74140471,76069036,150209507,YES
649,650,15,75000000000,75074080754,75148160594,74080754,74079840,148160594,YES
649,650,16,80000000000,80074030592,80148060381,74030592,74029789,148060381,YES
649,650,17,85000000000,85073989404,85147978102,73989404,73988698,147978102,YES
649,650,18,90000000000,90083464724,90157420669,83464724,73955945,157420669,YES
649,650,19,95000000000,95102486533,95176417516,102486533,73930983,176417516,YES
649,650,20,100000000000,100068907324,100137814916,68907324,68907592,137814916,YES
649,650,21,105000000000,105071453858,105140385366,71453858,68931508,140385366,YES
649,650,22,110000000000,110068963561,110137927555,68963561,68963994,137927555,YES
649,650,23,115000000000,115069005107,115140170886,69005107,71165779,140170886,YES
649,650,24,120000000000,120070889272,120139946240,70889272,69056968,139946240,YES
649,650,25,125000000000,125069117649,125138236054,69117649,69118405,138236054,YES
649,650,26,130000000000,130069189590,130138380055,69189590,69190465,138380055,YES
649,650,27,135000000000,135069272516,135138546027,69272516,69273511,138546027,YES
649,650,28,140000000000,140069366741,140138734615,69366741,69367874,138734615,YES
649,650,29,145000000000,145069490291,145138964081,69490291,69473790,138964081,YES
649,650,30,150000000000,150069623574,150139248584,69623574,69625010,139248584,YES
649,650,31,155000000000,155069752812,155139507209,69752812,69754397,139507209,YES
649,650,32,160000000000,160069893789,160139789329,69893789,69895540,139789329,YES
649,650,33,165000000000,165070046407,165140094738,70046407,70048331,140094738,YES
649,650,34,170000000000,170070210477,170140423039,70210477,70212562,140423039,YES
649,650,35,175000000000,-1,-1,-1,-1,-1,LOST
649,650,36,180000000000,180070571808,180171962606,70571808,101390798,171962606,YES
649,650,37,185000000000,185070768334,185141539262,70768334,70770928,141539262,YES
649,650,38,190000000000,190070974864,190148812579,70974864,77837715,148812579,YES
649,650,39,195000000000,195071190912,195142384762,71190912,71193850,142384762,YES
649,650,40,200000000000,200071415957,200142834996,71415957,71419039,142834996,YES
649,650,41,205000000000,205072670366,205144323122,72670366,71652756,144323122,YES
649,650,42,210000000000,210071890923,210143785223,71890923,71894300,143785223,YES
649,650,43,215000000000,215072139752,215144283024,72139752,72143272,144283024,YES
649,650,44,220000000000,220072395432,220144794535,72395432,72399103,144794535,YES
649,650,45,225000000000,225072657453,225145318693,72657453,72661240,145318693,YES
649,650,46,230000000000,230072925308,230145854527,72925308,72929219,145854527,YES
649,650,47,235000000000,235073198540,235146401095,73198540,73202555,146401095,YES
649,650,48,240000000000,240073476652,240149018435,73476652,75541783,149018435,YES
649,650,49,245000000000,245073759242,245147522694,73759242,73763452,147522694,YES
649,650,50,250000000000,250075699799,250151396928,75699799,75697129,151396928,YES
649,650,51,255000000000,255075504831,255151007172,75504831,75502341,151007172,YES
649,650,52,260000000000,260075320506,260150638709,75320506,75318203,150638709,YES
649,650,53,265000000000,265075147125,265150292114,75147125,75144989,150292114,YES
649,650,54,270000000000,270074984902,270149967854,74984902,74982952,149967854,YES
649,650,55,275000000000,275074833995,275149666209,74833995,74832214,149666209,YES
649,650,56,280000000000,280077097624,280151790430,77097624,74692806,151790430,YES
649,650,57,285000000000,285074969574,285149534495,74969574,74564921,149534495,YES
649,650,58,290000000000,290074449613,290148897912,74449613,74448299,148897912,YES
649,650,59,295000000000,295074344012,295148686852,74344012,74342840,148686852,YES
649,650,60,300000000000,300074249355,300148497662,74249355,74248307,148497662,YES
649,650,61,305000000000,305074165342,305148329756,74165342,74164414,148329756,YES
649,650,62,310000000000,310074091605,310148182417,74091605,74090812,148182417,YES
649,650,63,315000000000,315074027737,315148054788,74027737,74027051,148054788,YES
649,650,64,320000000000,320073973268,320147945948,73973268,73972680,147945948,YES
649,650,65,325000000000,325073927723,325147854954,73927723,73927231,147854954,YES
649,650,66,330000000000,330073890590,330147780754,73890590,73890164,147780754,YES
649,650,67,335000000000,335073861337,335147722328,73861337,73860991,147722328,YES
649,650,68,340000000000,340073839454,340147678641,73839454,73839187,147678641,YES
649,650,69,345000000000,345073824440,345147648678,73824440,73824238,147648678,YES
649,650,70,350000000000,350062004907,350124008850,62004907,62003943,124008850,YES
649,650,71,355000000000,355061925841,355123850841,61925841,61925000,123850841,YES
649,650,72,360000000000,360061857590,360123714467,61857590,61856877,123714467,YES
649,650,73,365000000000,365063783588,365125583628,63783588,61800040,125583628,YES
649,650,74,370000000000,370061756838,370123511852,61756838,61755014,123511852,YES
649,650,75,375000000000,375061722452,375123444565,61722452,61722113,123444565,YES
649,650,76,380000000000,380061701861,380123403514,61701861,61701653,123403514,YES
649,650,77,385000000000,385061693914,385123387752,61693914,61693838,123387752,YES
649,650,78,390000000000,390061698705,390123397469,61698705,61698764,123397469,YES
649,650,79,395000000000,395061716228,395123432644,61716228,61716416,123432644,YES
649,650,80,400000000000,400069942830,400139887180,69942830,69944350,139887180,YES
649,650,81,405000000000,405070077811,405140157289,70077811,70079478,140157289,YES
649,650,82,410000000000,410070224470,410140450756,70224470,70226286,140450756,YES
649,650,83,415000000000,415070382611,415140767198,70382611,70384587,140767198,YES
649,650,84,420000000000,420070551961,420141106063,70551961,70554102,141106063,YES
649,650,85,425000000000,425070732185,425141466662,70732185,70734477,141466662,YES
649,650,86,430000000000,430070922865,430141848178,70922865,70925313,141848178,YES
649,650,87,435000000000,435071123574,435142249770,71123574,71126196,142249770,YES
649,650,88,440000000000,440071333838,440142670448,71333838,71336610,142670448,YES
649,650,89,445000000000,445071553130,445143109176,71553130,71556046,143109176,YES
649,650,90,450000000000,450064214255,450128427343,64214255,64213088,128427343,YES
649,650,91,455000000000,455064239980,455128478931,64239980,64238951,128478931,YES
649,650,92,460000000000,460064274683,460128548489,64274683,64273806,128548489,YES
649,650,93,465000000000,465064318362,465128636003,64318362,64317641,128636003,YES
649,650,94,470000000000,470064371006,470128741453,64371006,64370447,128741453,YES
649,650,95,475000000000,475064432582,475128864767,64432582,64432185,128864767,YES
649,650,96,480000000000,480064503030,480129005831,64503030,64502801,129005831,YES
649,650,97,485000000000,485064582257,485129164457,64582257,64582200,129164457,YES
649,650,98,490000000000,490072879871,490137550266,72879871,64670395,137550266,YES
649,650,99,495000000000,495070976179,495135743066,70976179,64766887,135743066,YES
649,650,100,500000000000,500074818594,500149635193,74818594,74816599,149635193,YES
649,650,101,505000000000,505074665830,505149329844,74665830,74664014,149329844,YES
649,650,102,510000000000,510074524383,510149047118,74524383,74522735,149047118,YES
649,650,103,515000000000,515074394213,515148786945,74394213,74392732,148786945,YES
649,650,104,520000000000,520074275208,520148549097,74275208,74273889,148549097,YES
649,650,105,525000000000,525074167194,525148333213,74167194,74166019,148333213,YES
649,650,106,530000000000,530074069920,530148138804,74069920,74068884,148138804,YES
649,650,107,535000000000,535073983086,535147965276,73983086,73982190,147965276,YES
649,650,108,540000000000,540073906339,540147811900,73906339,73905561,147811900,YES
649,650,109,545000000000,545073839272,545147677877,73839272,73838605,147677877,YES
649,650,110,550000000000,550065596725,550131194346,65596725,65597621,131194346,YES
649,650,111,555000000000,555065664571,555131330174,65664571,65665603,131330174,YES
649,650,112,560000000000,560065743229,560131487624,65743229,65744395,131487624,YES
649,650,113,565000000000,565065832228,565131665746,65832228,65833518,131665746,YES
649,650,114,570000000000,570065931068,570131863557,65931068,65932489,131863557,YES
649,650,115,575000000000,575066039237,575132080018,66039237,66040781,132080018,YES
649,650,116,580000000000,580066156222,580132314096,66156222,66157874,132314096,YES
649,650,117,585000000000,585066281513,585132564780,66281513,66283267,132564780,YES
649,650,118,590000000000,590066414606,590132831061,66414606,66416455,132831061,YES
649,650,119,595000000000,595066555022,595133111996,66555022,66556974,133111996,YES
650,651,0,0,74963042,149924222,74963042,74961180,149924222,YES
650,651,1,5000000000,5074977623,5149953544,74977623,74975921,149953544,YES
650,651,2,10000000000,10075000354,10151325275,75000354,76324921,151325275,YES
650,651,3,15000000000,15075031395,15151458988,75031395,76427593,151458988,YES
650,651,4,20000000000,20075070923,20150140685,75070923,75069762,150140685,YES
650,651,5,25000000000,25075119085,25150237227,75119085,75118142,150237227,YES
650,651,6,30000000000,30075176076,30150351413,75176076,75175337,150351413,YES
650,651,7,35000000000,35075241988,35150483452,75241988,75241464,150483452,YES
650,651,8,40000000000,40078910001,40154226642,78910001,75316641,154226642,YES
650,651,9,45000000000,45075804057,45151204807,75804057,75400750,151204807,YES
650,651,10,50000000000,50030730443,50064128222,30730443,33397779,64128222,YES
650,651,11,55000000000,55030641376,55061282733,30641376,30641357,61282733,YES
650,651,12,60000000000,60030563260,60061126583,30563260,30563323,61126583,YES
650,651,13,65000000000,65030496234,65060992609,30496234,30496375,60992609,YES
650,651,14,70000000000,70030440395,70060881006,30440395,30440611,60881006,YES
650,651,15,75000000000,75030395782,75060791853,30395782,30396071,60791853,YES
650,651,16,80000000000,80030362385,80060725128,30362385,30362743,60725128,YES
650,651,17,85000000000,85030340151,85060680723,30340151,30340572,60680723,YES
650,651,18,90000000000,90030328983,90060658447,30328983,30329464,60658447,YES
650,651,19,95000000000,95030328740,95060658018,30328740,30329278,60658018,YES
650,651,20,100000000000,100094815924,100241673010,94815924,146857086,241673010,YES
650,651,21,105000000000,105089849766,105188011128,89849766,98161362,188011128,YES
650,651,22,110000000000,110093035326,110188356610,93035326,95321284,188356610,YES
650,651,23,115000000000,115091088152,115180887052,91088152,89798900,180887052,YES
650,651,24,120000000000,120089796588,120179592555,89796588,89795967,179592555,YES
650,651,25,125000000000,125089808117,125188750941,89808117,98942824,188750941,YES
650,651,26,130000000000,130089834367,130186046821,89834367,96212454,186046821,YES
650,651,27,135000000000,135091460017,135185582126,91460017,94122109,185582126,YES
650,651,28,140000000000,140089930530,140182621295,89930530,92690765,182621295,YES
650,651,29,145000000000,145089999946,145222236206,89999946,132236260,222236206,YES
650,651,30,150000000000,150044821753,150089644286,44821753,44822533,89644286,YES
650,651,31,155000000000,155044919089,155089839071,44919089,44919982,89839071,YES
650,651,32,160000000000,160045029719,160090768061,45029719,45738342,90768061,YES
650,651,33,165000000000,165045153265,165090307647,45153265,45154382,90307647,YES
650,651,34,170000000000,170045289230,170090579680,45289230,45290450,90579680,YES
650,651,35,175000000000,175045437032,175090875384,45437032,45438352,90875384,YES
650,651,36,180000000000,180045596021,180091193454,45596021,45597433,91193454,YES
650,651,37,185000000000,185045765503,185091532505,45765503,45767002,91532505,YES
650,651,38,190000000000,190051249057,190097195596,51249057,45946539,97195596,YES
650,651,39,195000000000,195046133062,195092267792,46133062,46134730,92267792,YES
650,651,40,200000000000,200050250074,200096581685,50250074,46331611,96581685,YES
650,651,41,205000000000,205046534014,205093069821,46534014,46535807,93069821,YES
650,651,42,210000000000,210046745306,210093492472,46745306,46747166,93492472,YES
650,651,43,215000000000,215046962981,215093927893,46962981,46964912,93927893,YES
650,651,44,220000000000,220047192942,220109494460,47192942,62301518,109494460,YES
650,651,45,225000000000,225047415216,225094832479,47415216,47417263,94832479,YES
650,651,46,230000000000,230047648754,230095299613,47648754,47650859,95299613,YES
650,651,47,235000000000,235048994439,235096892849,48994439,47898410,96892849,YES
650,651,48,240000000000,240051666123,240099796897,51666123,48130774,99796897,YES
650,651,49,245000000000,245049911360,245098287426,49911360,48376066,98287426,YES
650,651,50,250000000000,250036987854,250073974744,36987854,36986890,73974744,YES
650,651,51,255000000000,255036929820,255073858749,36929820,36928929,73858749,YES
650,651,52,260000000000,260036880559,260073760298,36880559,36879739,73760298,YES
650,651,53,265000000000,265036840223,265073679701,36840223,36839478,73679701,YES
650,651,54,270000000000,270036808937,270073617209,36808937,36808272,73617209,YES
650,651,55,275000000000,275036786806,275073573034,36786806,36786228,73573034,YES
650,651,56,280000000000,280036773902,280073547316,36773902,36773414,73547316,YES
650,651,57,285000000000,285036770255,285073540113,36770255,36769858,73540113,YES
650,651,58,290000000000,290036775844,290073551384,36775844,36775540,73551384,YES
650,651,59,295000000000,295036790599,295073580987,36790599,36790388,73580987,YES
650,651,60,300000000000,300030954938,300061909795,30954938,30954857,61909795,YES
650,651,61,305000000000,305030884442,305061768883,30884442,30884441,61768883,YES
650,651,62,310000000000,310030825399,310061650873,30825399,30825474,61650873,YES
650,651,63,315000000000,315030777918,315061555987,30777918,30778069,61555987,YES
650,651,64,320000000000,320030742043,320061484313,30742043,30742270,61484313,YES
650,651,65,325000000000,325030717736,325061435770,30717736,30718034,61435770,YES
650,651,66,330000000000,330030704901,330061410166,30704901,30705265,61410166,YES
650,651,67,335000000000,335030703367,335061407162,30703367,30703795,61407162,YES
650,651,68,340000000000,340030712906,340061426302,30712906,30713396,61426302,YES
650,651,69,345000000000,345030733234,345061467012,30733234,30733778,61467012,YES
650,651,70,350000000000,350089498819,350183752592,89498819,94253773,183752592,YES
650,651,71,355000000000,355089478407,355178955530,89478407,89477123,178955530,YES
650,651,72,360000000000,360089471855,360185823445,89471855,96351590,185823445,YES
650,651,73,365000000000,365089479331,365189782735,89479331,100303404,189782735,YES
650,651,74,370000000000,370089500923,370187756351,89500923,98255428,187756351,YES
650,651,75,375000000000,375089536639,375179073042,89536639,89536403,179073042,YES
650,651,76,380000000000,380089586412,380179172868,89586412,89586456,179172868,YES
650,651,77,385000000000,385089650083,385179300492,89650083,89650409,179300492,YES
650,651,78,390000000000,390089727401,390179455414,89727401,89728013,179455414,YES
650,651,79,395000000000,395089818049,395179636993,89818049,89818944,179636993,YES
650,651,80,400000000000,400044929673,400089860176,44929673,44930503,89860176,YES
650,651,81,405000000000,405045031684,405090064322,45031684,45032638,90064322,YES
650,651,82,410000000000,410045147003,410090295073,45147003,45148070,90295073,YES
650,651,83,415000000000,415045275175,415090551533,45275175,45276358,90551533,YES
650,651,84,420000000000,420045415660,420090832611,45415660,45416951,90832611,YES
650,651,85,425000000000,425045567822,425091137033,45567822,45569211,91137033,YES
650,651,86,430000000000,430045730978,430091463444,45730978,45732466,91463444,YES
650,651,87,435000000000,435045904410,435091810386,45904410,45905976,91810386,YES
650,651,88,440000000000,440046087374,440092176407,46087374,46089033,92176407,YES
650,651,89,445000000000,445046279152,445092560034,46279152,46280882,92560034,YES
650,651,90,450000000000,450046512609,450093027012,46512609,46514403,93027012,YES
650,651,91,455000000000,455046719871,455093441603,46719871,46721732,93441603,YES
650,651,92,460000000000,460046933894,460093869724,46933894,46935830,93869724,YES
650,651,93,465000000000,465047154068,465094357668,47154068,47203600,94357668,YES
650,651,94,470000000000,470047379831,470094761714,47379831,47381883,94761714,YES
650,651,95,475000000000,475047610666,475095223445,47610666,47612779,95223445,YES
650,651,96,480000000000,480047846099,480095694334,47846099,47848235,95694334,YES
650,651,97,485000000000,485048085675,485096173552,48085675,48087877,96173552,YES
650,651,98,490000000000,490048328993,490096660227,48328993,48331234,96660227,YES
650,651,99,495000000000,495048575701,495097153672,48575701,48577971,97153672,YES
650,651,100,500000000000,500031837770,500063674968,31837770,31837198,63674968,YES
650,651,101,505000000000,505031704630,505063408757,31704630,31704127,63408757,YES
650,651,102,510000000000,510031580358,510063160288,31580358,31579930,63160288,YES
650,651,103,515000000000,515031465371,515062930391,31465371,31465020,62930391,YES
650,651,104,520000000000,520031360061,520062719845,31360061,31359784,62719845,YES
650,651,105,525000000000,525031264771,525062529341,31264771,31264570,62529341,YES
650,651,106,530000000000,530031179803,530062359480,31179803,31179677,62359480,YES
650,651,107,535000000000,535031105408,535062210764,31105408,31105356,62210764,YES
650,651,108,540000000000,540031041780,540062083585,31041780,31041805,62083585,YES
650,651,109,545000000000,545030989056,545061978217,30989056,30989161,61978217,YES
650,651,110,550000000000,550030947306,550061894788,30947306,30947482,61894788,YES
650,651,111,555000000000,555030916544,555061833332,30916544,30916788,61833332,YES
650,651,112,560000000000,560030896720,560061793747,30896720,30897027,61793747,YES
650,651,113,565000000000,565030887724,565061775817,30887724,30888093,61775817,YES
650,651,114,570000000000,570030889390,570061779206,30889390,30889816,61779206,YES
650,651,115,575000000000,575030901498,575061803478,30901498,30901980,61803478,YES
650,651,116,580000000000,580030923778,580061848089,30923778,30924311,61848089,YES
650,651,117,585000000000,585030955914,585061912409,30955914,30956495,61912409,YES
650,651,118,590000000000,590030997553,590061995733,30997553,30998180,61995733,YES
650,651,119,595000000000,595031048308,595062097291,31048308,31048983,62097291,YES
651,652,0,0,51380784,102764325,51380784,51383541,102764325,YES
651,652,1,5000000000,5051646262,5103295322,51646262,51649060,103295322,YES
651,652,2,10000000000,10051917665,10103838177,51917665,51920512,103838177,YES
651,652,3,15000000000,15052194500,15104391926,52194500,52197426,104391926,YES
651,652,4,20000000000,20052476276,20104955521,52476276,52479245,104955521,YES
651,652,5,25000000000,25052762568,25105528143,52762568,52765575,105528143,YES
651,652,6,30000000000,30053052933,30106108935,53052933,53056002,106108935,YES
651,652,7,35000000000,35053347025,35106697164,53347025,53350139,106697164,YES
651,652,8,40000000000,40053644497,40107292141,53644497,53647644,107292141,YES
651,652,9,45000000000,45053945038,45107893271,53945038,53948233,107893271,YES
651,652,10,50000000000,50041238297,50082474952,41238297,41236655,82474952,YES
651,652,11,55000000000,55041045893,55082090219,41045893,41044326,82090219,YES
651,652,12,60000000000,60041305413,60082165891,41305413,40860478,82165891,YES
651,652,13,65000000000,65040687057,65081372706,40687057,40685649,81372706,YES
651,652,14,70000000000,70040521630,70081721765,40521630,41200135,81721765,YES
651,652,15,75000000000,75040366190,75080731152,40366190,40364962,80731152,YES
651,652,16,80000000000,80040221201,80080441268,40221201,40220067,80441268,YES
651,652,17,85000000000,85040087082,85081710571,40087082,41623489,81710571,YES
651,652,18,90000000000,90039964206,90079927488,39964206,39963282,79927488,YES
651,652,19,95000000000,95039852886,95079704950,39852886,39852064,79704950,YES
651,652,20,100000000000,100039753355,100079505992,39753355,39752637,79505992,YES
651,652,21,105000000000,105039665770,105079330923,39665770,39665153,79330923,YES
651,652,22,110000000000,110042151024,110081740670,42151024,39589646,81740670,YES
651,652,23,115000000000,115039526580,115079052759,39526580,39526179,79052759,YES
651,652,24,120000000000,120039474836,120078949374,39474836,39474538,78949374,YES
651,652,25,125000000000,125039434751,125078869307,39434751,39434556,78869307,YES
651,652,26,130000000000,130039406045,130078811994,39406045,39405949,78811994,YES
651,652,27,135000000000,135040241648,135079630022,40241648,39388374,79630022,YES
651,652,28,140000000000,140039381334,140078762754,39381334,39381420,78762754,YES
651,652,29,145000000000,145039384480,145078769134,39384480,39384654,78769134,YES
651,652,30,150000000000,150048761196,150097523348,48761196,48762152,97523348,YES
651,652,31,155000000000,155048824324,155097649744,48824324,48825420,97649744,YES
651,652,32,160000000000,160048900183,160097801603,48900183,48901420,97801603,YES
651,652,33,165000000000,165048989004,165097979384,48989004,48990380,97979384,YES
651,652,34,170000000000,170049090904,170098183322,49090904,49092418,98183322,YES
651,652,35,175000000000,175049205953,175098413548,49205953,49207595,98413548,YES
651,652,36,180000000000,180049334096,180098669963,49334096,49335867,98669963,YES
651,652,37,185000000000,185049475204,185107042388,49475204,57567184,107042388,YES
651,652,38,190000000000,190049629063,190160438715,49629063,110809652,160438715,YES
651,652,39,195000000000,195049795369,195102492707,49795369,52697338,102492707,YES
651,652,40,200000000000,200049973750,200100145640,49973750,50171890,100145640,YES
651,652,41,205000000000,205050163749,205100329805,50163749,50166056,100329805,YES
651,652,42,210000000000,210050364864,210100796068,50364864,50431204,100796068,YES
651,652,43,215000000000,215050576522,215101155506,50576522,50578984,101155506,YES
651,652,44,220000000000,220064888134,220115689454,64888134,50801320,115689454,YES
651,652,45,225000000000,225051029073,225102060773,51029073,51031700,102060773,YES
651,652,46,230000000000,230051268721,230102540118,51268721,51271397,102540118,YES
651,652,47,235000000000,235051516420,235103035595,51516420,51519175,103035595,YES
651,652,48,240000000000,240051771577,240103545949,51771577,51774372,103545949,YES
651,652,49,245000000000,245052033579,245104070030,52033579,52036451,104070030,YES
651,652,50,250000000000,250041755240,250083510485,41755240,41755245,83510485,YES
651,652,51,255000000000,255041771004,255083542078,41771004,41771074,83542078,YES
651,652,52,260000000000,260041794760,260083589655,41794760,41794895,83589655,YES
651,652,53,265000000000,265041826039,265083652272,41826039,41826233,83652272,YES
651,652,54,270000000000,270041864376,270083729006,41864376,41864630,83729006,YES
651,652,55,275000000000,275041909330,275083818967,41909330,41909637,83818967,YES
651,652,56,280000000000,280043959013,280085919872,43959013,41960859,85919872,YES
651,652,57,285000000000,285045972167,285087990050,45972167,42017883,87990050,YES
651,652,58,290000000000,290042079800,290084160073,42079800,42080273,84160073,YES
651,652,59,295000000000,295042147250,295084295020,42147250,42147770,84295020,YES
651,652,60,300000000000,300040649306,300081297264,40649306,40647958,81297264,YES
651,652,61,305000000000,305040476768,305080952271,40476768,40475503,80952271,YES
651,652,62,310000000000,310040313570,310082151646,40313570,41838076,82151646,YES
651,652,63,315000000000,315040160148,315080319211,40160148,40159063,80319211,YES
651,652,64,320000000000,320040016921,320080032860,40016921,40015939,80032860,YES
651,652,65,325000000000,325039884258,325079767635,39884258,39883377,79767635,YES
651,652,66,330000000000,330039762473,330079524158,39762473,39761685,79524158,YES
651,652,67,335000000000,335039651817,335079302948,39651817,39651131,79302948,YES
651,652,68,340000000000,340039552477,340079104369,39552477,39551892,79104369,YES
651,652,69,345000000000,345039464560,345078928638,39464560,39464078,78928638,YES
651,652,70,350000000000,350037394088,350074788307,37394088,37394219,74788307,YES
651,652,71,355000000000,355037331067,355074662356,37331067,37331289,74662356,YES
651,652,72,360000000000,360037277237,360074554785,37277237,37277548,74554785,YES
651,652,73,365000000000,365037232723,365074465840,37232723,37233117,74465840,YES
651,652,74,370000000000,370037197629,370074395735,37197629,37198106,74395735,YES
651,652,75,375000000000,375037172060,375074344669,37172060,37172609,74344669,YES
651,652,76,380000000000,380037156111,380074312845,37156111,37156734,74312845,YES
651,652,77,385000000000,385037149873,385074300450,37149873,37150577,74300450,YES
651,652,78,390000000000,390037153468,390074307705,37153468,37154237,74307705,YES
651,652,79,395000000000,395037166985,395074334802,37166985,37167817,74334802,YES
651,652,80,400000000000,400048825931,400097652879,48825931,48826948,97652879,YES
651,652,81,405000000000,405048911969,405097825095,48911969,48913126,97825095,YES
651,652,82,410000000000,410049011753,410098024804,49011753,49013051,98024804,YES
651,652,83,415000000000,415049125411,415098252255,49125411,49126844,98252255,YES
651,652,84,420000000000,420049252925,420098507415,49252925,49254490,98507415,YES
651,652,85,425000000000,425049394155,425098790006,49394155,49395851,98790006,YES
651,652,86,430000000000,430049548849,430100909847,49548849,51360998,100909847,YES
651,652,87,435000000000,435049716626,435099435191,49716626,49718565,99435191,YES
651,652,88,440000000000,440049897018,440103234999,49897018,53337981,103234999,YES
651,652,89,445000000000,445050089454,445100181056,50089454,50091602,100181056,YES
651,652,90,450000000000,450050326905,450100656069,50326905,50329164,100656069,YES
651,652,91,455000000000,455050541514,455101085358,50541514,50543844,101085358,YES
651,652,92,460000000000,460053135827,460103904518,53135827,50768691,103904518,YES
651,652,93,465000000000,465051369707,465102372351,51369707,51002644,102372351,YES
651,652,94,470000000000,470051242726,470102488030,51242726,51245304,102488030,YES
651,652,95,475000000000,475051493264,475102989182,51493264,51495918,102989182,YES
651,652,96,480000000000,480051751081,480103504878,51751081,51753797,103504878,YES
651,652,97,485000000000,485052015552,485104033903,52015552,52018351,104033903,YES
651,652,98,490000000000,490052286092,490104575040,52286092,52288948,104575040,YES
651,652,99,495000000000,495052562174,495105127255,52562174,52565081,105127255,YES
651,652,100,500000000000,500045587059,500091172142,45587059,45585083,91172142,YES
651,652,101,505000000000,505045497957,505090994014,45497957,45496057,90994014,YES
651,652,102,510000000000,510045415220,510090828603,45415220,45413383,90828603,YES
651,652,103,515000000000,515045338842,515090675926,45338842,45337084,90675926,YES
651,652,104,520000000000,520045268852,520090536016,45268852,45267164,90536016,YES
651,652,105,525000000000,525045205312,525090409011,45205312,45203699,90409011,YES
651,652,106,530000000000,530045148309,530090295082,45148309,45146773,90295082,YES
651,652,107,535000000000,535045097916,535090194401,45097916,45096485,90194401,YES
651,652,108,540000000000,540045054284,540090107226,45054284,45052942,90107226,YES
651,652,109,545000000000,545045017508,545090033768,45017508,45016260,90033768,YES
651,652,110,550000000000,550040147460,550080293909,40147460,40146449,80293909,YES
651,652,111,555000000000,555040011255,555080021592,40011255,40010337,80021592,YES
651,652,112,560000000000,560039885350,560079769878,39885350,39884528,79769878,YES
651,652,113,565000000000,565039770002,565079539274,39770002,39769272,79539274,YES
651,652,114,570000000000,570039665408,570079330188,39665408,39664780,79330188,YES
651,652,115,575000000000,575039571711,575079142892,39571711,39571181,79142892,YES
651,652,116,580000000000,580039488982,580078977533,39488982,39488551,78977533,YES
651,652,117,585000000000,585039417225,585078834111,39417225,39416886,78834111,YES
651,652,118,590000000000,590039356369,590078712492,39356369,39356123,78712492,YES
651,652,119,595000000000,595039306289,595078612426,39306289,39306137,78612426,YES
652,653,0,0,71378596,142761470,71378596,71382874,142761470,YES
652,653,1,5000000000,5071643680,5143291755,71643680,71648075,143291755,YES
652,653,2,10000000000,10071916819,10143838156,71916819,71921337,143838156,YES
652,653,3,15000000000,15072197338,15144399312,72197338,72201974,144399312,YES
652,653,4,20000000000,20072484615,20144973956,72484615,72489341,144973956,YES
652,653,5,25000000000,25072778021,25145560854,72778021,72782833,145560854,YES
652,653,6,30000000000,30073077015,30146158954,73077015,73081939,146158954,YES
652,653,7,35000000000,35073381091,35151979073,73381091,78597982,151979073,YES
652,653,8,40000000000,40073689782,40147384642,73689782,73694860,147384642,YES
652,653,9,45000000000,45074002668,45148010488,74002668,74007820,148010488,YES
652,653,10,50000000000,50048607139,50097363735,48607139,48756596,97363735,YES
652,653,11,55000000000,55051736048,55100845715,51736048,49109667,100845715,YES
652,653,12,60000000000,60048368869,60098731017,48368869,50362148,98731017,YES
652,653,13,65000000000,65048263979,65096526354,48263979,48262375,96526354,YES
652,653,14,70000000000,70048168812,70097261569,48168812,49092757,97261569,YES
652,653,15,75000000000,75048083473,75096165522,48083473,48082049,96165522,YES
652,653,16,80000000000,80048008035,80097954388,48008035,49946353,97954388,YES
652,653,17,85000000000,85047942524,85095883814,47942524,47941290,95883814,YES
652,653,18,90000000000,90049748634,90097634412,49748634,47885778,97634412,YES
652,653,19,95000000000,95050442541,95103022002,50442541,52579461,103022002,YES
652,653,20,100000000000,100074617075,100151352211,74617075,76735136,151352211,YES
652,653,21,105000000000,105075530084,105150067338,75530084,74537254,150067338,YES
652,653,22,110000000000,110074466326,110149722858,74466326,75256532,149722858,YES
652,653,23,115000000000,115074404879,115262617016,74404879,188212137,262617016,YES
652,653,24,120000000000,120074352989,120148706646,74352989,74353657,148706646,YES
652,653,25,125000000000,125076008222,125150319910,76008222,74311688,150319910,YES
652,653,26,130000000000,130074278727,130148558451,74278727,74279724,148558451,YES
652,653,27,135000000000,135074256753,135152105609,74256753,77848856,152105609,YES
652,653,28,140000000000,140078899188,140153227193,78899188,74328005,153227193,YES
652,653,29,145000000000,145111476229,145185721965,111476229,74245736,185721965,YES
652,653,30,150000000000,150068965049,150138941335,68965049,69976286,138941335,YES
652,653,31,155000000000,155069002957,155138006880,69002957,69003923,138006880,YES
652,653,32,160000000000,160069640875,160138723257,69640875,69082382,138723257,YES
652,653,33,165000000000,165069114226,165138229741,69114226,69115515,138229741,YES
652,653,34,170000000000,170069188988,170138379446,69188988,69190458,138379446,YES
652,653,35,175000000000,175069277303,175138556263,69277303,69278960,138556263,YES
652,653,36,180000000000,180069379672,180138761198,69379672,69381526,138761198,YES
652,653,37,185000000000,185163806430,185233460862,163806430,69654432,233460862,YES
652,653,38,190000000000,190120948628,190190580114,120948628,69631486,190580114,YES
652,653,39,195000000000,195077507834,195147437969,77507834,69930135,147437969,YES
652,653,40,200000000000,200069934407,200139871474,69934407,69937067,139871474,YES
652,653,41,205000000000,205070109237,205140221344,70109237,70112107,140221344,YES
652,653,42,210000000000,210070297908,210140598880,70297908,70300972,140598880,YES
652,653,43,215000000000,215070499868,215141003001,70499868,70503133,141003001,YES
652,653,44,220000000000,220070714486,220141432428,70714486,70717942,141432428,YES
652,653,45,225000000000,225070941044,225141885717,70941044,70944673,141885717,YES
652,653,46,230000000000,230071178785,230142699285,71178785,71520500,142699285,YES
652,653,47,235000000000,235071426924,235142857815,71426924,71430891,142857815,YES
652,653,48,240000000000,240071684672,240143373471,71684672,71688799,143373471,YES
652,653,49,245000000000,245071951271,245143906805,71951271,71955534,143906805,YES
652,653,50,250000000000,250076547777,250153097013,76547777,76549236,153097013,YES
652,653,51,255000000000,255076666485,255153334577,76666485,76668092,153334577,YES
652,653,52,260000000000,260076793480,260156755310,76793480,79961830,156755310,YES
652,653,53,265000000000,265076928155,265154863724,76928155,77935569,154863724,YES
652,653,54,270000000000,270077069959,270158980717,77069959,81910758,158980717,YES
652,653,55,275000000000,275077218381,275154438904,77218381,77220523,154438904,YES
652,653,56,280000000000,280077372958,280156862875,77372958,79489917,156862875,YES
652,653,57,285000000000,285078369299,285155904954,78369299,77535655,155904954,YES
652,653,58,290000000000,290077698893,290155586816,77698893,77887923,155586816,YES
652,653,59,295000000000,295077869513,295155741568,77869513,77872055,155741568,YES
652,653,60,300000000000,300048779047,300097556263,48779047,48777216,97556263,YES
652,653,61,305000000000,305048658850,305097315946,48658850,48657096,97315946,YES
652,653,62,310000000000,310048547522,310097093374,48547522,48545852,97093374,YES
652,653,63,315000000000,315048445236,315096888888,48445236,48443652,96888888,YES
652,653,64,320000000000,320050178638,320098529235,50178638,48350597,98529235,YES
652,653,65,325000000000,325048268298,325096535195,48268298,48266897,96535195,YES
652,653,66,330000000000,330048193824,330096386339,48193824,48192515,96386339,YES
652,653,67,335000000000,335048128732,335096256252,48128732,48127520,96256252,YES
652,653,68,340000000000,340048073018,340096144922,48073018,48071904,96144922,YES
652,653,69,345000000000,345048026631,345096052252,48026631,48025621,96052252,YES
652,653,70,350000000000,350069034949,350138069989,69034949,69035040,138069989,YES
652,653,71,355000000000,355069006185,355138012548,69006185,69006363,138012548,YES
652,653,72,360000000000,360068983491,360137967266,68983491,68983775,137967266,YES
652,653,73,365000000000,365068967396,365137935179,68967396,68967783,137935179,YES
652,653,74,370000000000,370068958500,370137917495,68958500,68958995,137917495,YES
652,653,75,375000000000,375068957420,375137915455,68957420,68958035,137915455,YES
652,653,76,380000000000,380068964837,380137930416,68964837,68965579,137930416,YES
652,653,77,385000000000,385068981467,385137963816,68981467,68982349,137963816,YES
652,653,78,390000000000,390069008060,390138017144,69008060,69009084,138017144,YES
652,653,79,395000000000,395069045373,395138091922,69045373,69046549,138091922,YES
652,653,80,400000000000,400069094158,400138189673,69094158,69095515,138189673,YES
652,653,81,405000000000,405069155172,405138311893,69155172,69156721,138311893,YES
652,653,82,410000000000,410069229109,410138459949,69229109,69230840,138459949,YES
652,653,83,415000000000,415069316572,415138635070,69316572,69318498,138635070,YES
652,653,84,420000000000,420069418073,420138838282,69418073,69420209,138838282,YES
652,653,85,425000000000,425069534007,425139070356,69534007,69536349,139070356,YES
652,653,86,430000000000,430075359889,430145027199,75359889,69667310,145027199,YES
652,653,87,435000000000,435073495880,435143308683,73495880,69812803,143308683,YES
652,653,88,440000000000,440071641862,440141614772,71641862,69972910,141614772,YES
652,653,89,445000000000,445070144232,445140291624,70144232,70147392,140291624,YES
652,653,90,450000000000,450070366125,450140735597,70366125,70369472,140735597,YES
652,653,91,455000000000,455070567825,455141139186,70567825,70571361,141139186,YES
652,653,92,460000000000,460070782283,460141568277,70782283,70785994,141568277,YES
652,653,93,465000000000,465071008779,465142021433,71008779,71012654,142021433,YES
652,653,94,470000000000,470071246542,470142497119,71246542,71250577,142497119,YES
652,653,95,475000000000,475071494761,475142993698,71494761,71498937,142993698,YES
652,653,96,480000000000,480071752641,480143509601,71752641,71756960,143509601,YES
652,653,97,485000000000,485072019399,485144043257,72019399,72023858,144043257,YES
652,653,98,490000000000,490072294288,490144593153,72294288,72298865,144593153,YES
652,653,99,495000000000,495072576598,495145157871,72576598,72581273,145157871,YES
652,653,100,500000000000,500081063409,500157385521,81063409,76322112,157385521,YES
652,653,101,505000000000,505076460309,505152922777,76460309,76462468,152922777,YES
652,653,102,510000000000,510076607800,510153217852,76607800,76610052,153217852,YES
652,653,103,515000000000,515076761877,515153526105,76761877,76764228,153526105,YES
652,653,104,520000000000,520076922070,520153846582,76922070,76924512,153846582,YES
652,653,105,525000000000,525077087951,525154178468,77087951,77090517,154178468,YES
652,653,106,530000000000,530077259130,530154520909,77259130,77261779,154520909,YES
652,653,107,535000000000,535077435245,535154873219,77435245,77437974,154873219,YES
652,653,108,540000000000,540077615982,540155234766,77615982,77618784,155234766,YES
652,653,109,545000000000,545077801046,545155604984,77801046,77803938,155604984,YES
652,653,110,550000000000,550048597549,550097193560,48597549,48596011,97193560,YES
652,653,111,555000000000,555048509043,555097016641,48509043,48507598,97016641,YES
652,653,112,560000000000,560048429384,560096857416,48429384,48428032,96857416,YES
652,653,113,565000000000,565048358625,565096715987,48358625,48357362,96715987,YES
652,653,114,570000000000,570048296789,570096592411,48296789,48295622,96592411,YES
652,653,115,575000000000,575048243864,575096486658,48243864,48242794,96486658,YES
652,653,116,580000000000,580048199821,580096398666,48199821,48198845,96398666,YES
652,653,117,585000000000,585048164580,585096328282,48164580,48163702,96328282,YES
652,653,118,590000000000,590048138035,590096275287,48138035,48137252,96275287,YES
652,653,119,595000000000,595048120057,595096239427,48120057,48119370,96239427,YES
653,654,0,0,69911301,139824176,69911301,69912875,139824176,YES
653,654,1,5000000000,5069908639,5139818977,69908639,69910338,139818977,YES
653,654,2,10000000000,10075978343,10146067906,75978343,70089563,146067906,YES
653,654,3,15000000000,15069930170,15139862269,69930170,69932099,139862269,YES
653,654,4,20000000000,20069954403,20139910836,69954403,69956433,139910836,YES
653,654,5,25000000000,25069987681,25139977483,69987681,69989802,139977483,YES
653,654,6,30000000000,30070030071,30140062343,70030071,70032272,140062343,YES
653,654,7,35000000000,35070081646,35140165576,70081646,70083930,140165576,YES
653,654,8,40000000000,40070142480,40140287313,70142480,70144833,140287313,YES
653,654,9,45000000000,45070212607,45140427636,70212607,70215029,140427636,YES
653,654,10,50000000000,50086976055,50175856323,86976055,88880268,175856323,YES
653,654,11,55000000000,55088652067,55175762882,88652067,87110815,175762882,YES
653,654,12,60000000000,60087253679,60174509271,87253679,87255592,174509271,YES
653,654,13,65000000000,65087409967,65174822026,87409967,87412059,174822026,YES
653,654,14,70000000000,70087577769,70175882339,87577769,88304570,175882339,YES
653,654,15,75000000000,75087756860,75175516153,87756860,87759293,175516153,YES
653,654,16,80000000000,80087946913,80177934874,87946913,89987961,177934874,YES
653,654,17,85000000000,85088147537,85176297847,88147537,88150310,176297847,YES
653,654,18,90000000000,90088358253,90177154373,88358253,88796120,177154373,YES
653,654,19,95000000000,95088578553,95181357845,88578553,92779292,181357845,YES
653,654,20,100000000000,100076036133,100152069829,76036133,76033696,152069829,YES
653,654,21,105000000000,105076016736,105152031115,76016736,76014379,152031115,YES
653,654,22,110000000000,110076004777,110152007282,76004777,76002505,152007282,YES
653,654,23,115000000000,115189677589,115265675529,189677589,75997940,265675529,YES
653,654,24,120000000000,120076002797,120152003515,76002797,76000718,152003515,YES
653,654,25,125000000000,125076012685,125152023402,76012685,76010717,152023402,YES
653,654,26,130000000000,130076029844,130152057843,76029844,76027999,152057843,YES
653,654,27,135000000000,135076054340,135152106965,76054340,76052625,152106965,YES
653,654,28,140000000000,140076086284,140152170986,76086284,76084702,152170986,YES
653,654,29,145000000000,145076125828,145152250226,76125828,76124398,152250226,YES
653,654,30,150000000000,150076011476,150152021525,76011476,76010049,152021525,YES
653,654,31,155000000000,155076049775,155152098292,76049775,76048517,152098292,YES
653,654,32,160000000000,160076129751,160152224988,76129751,76095237,152224988,YES
653,654,33,165000000000,165076151248,165152301654,76151248,76150406,152301654,YES
653,654,34,170000000000,170076214832,170152429029,76214832,76214197,152429029,YES
653,654,35,175000000000,175076287181,175153661310,76287181,77374129,153661310,YES
653,654,36,180000000000,180076368382,180153155542,76368382,76787160,153155542,YES
653,654,37,185000000000,185076458470,185153448039,76458470,76989569,153448039,YES
653,654,38,190000000000,190076557390,190154017757,76557390,77460367,154017757,YES
653,654,39,195000000000,195076665016,195153546068,76665016,76881052,153546068,YES
653,654,40,200000000000,200056206392,200112412748,56206392,56206356,112412748,YES
653,654,41,205000000000,205056153390,205112306897,56153390,56153507,112306897,YES
653,654,42,210000000000,210059539569,210115651975,59539569,56112406,115651975,YES
653,654,43,215000000000,215056082384,215112165179,56082384,56082795,112165179,YES
653,654,44,220000000000,220056063664,220112127871,56063664,56064207,112127871,YES
653,654,45,225000000000,225056055555,225112111774,56055555,56056219,112111774,YES
653,654,46,230000000000,230062075097,230118133435,62075097,56058338,118133435,YES
653,654,47,235000000000,235056246713,235112316780,56246713,56070067,112316780,YES
653,654,48,240000000000,240056089886,240112180737,56089886,56090851,112180737,YES
653,654,49,245000000000,245056119139,245112239331,56119139,56120192,112239331,YES
653,654,50,250000000000,250069871016,250139744055,69871016,69873039,139744055,YES
653,654,51,255000000000,255069900285,255139802686,69900285,69902401,139802686,YES
653,654,52,260000000000,260069938660,260139879522,69938660,69940862,139879522,YES
653,654,53,265000000000,265069986230,265139974737,69986230,69988507,139974737,YES
653,654,54,270000000000,270070043074,270140088502,70043074,70045428,140088502,YES
653,654,55,275000000000,275070109279,275140220980,70109279,70111701,140220980,YES
653,654,56,280000000000,280070184878,280140372238,70184878,70187360,140372238,YES
653,654,57,285000000000,285070269861,285140542261,70269861,70272400,140542261,YES
653,654,58,290000000000,290070364164,290140730921,70364164,70366757,140730921,YES
653,654,59,295000000000,295070467663,295140937967,70467663,70470304,140937967,YES
653,654,60,300000000000,300087547316,300175096262,87547316,87548946,175096262,YES
653,654,61,305000000000,305087704372,305175410532,87704372,87706160,175410532,YES
653,654,62,310000000000,310087872380,310175746700,87872380,87874320,175746700,YES
653,654,63,315000000000,315088051054,315176104222,88051054,88053168,176104222,YES
653,654,64,320000000000,320088240024,320176482312,88240024,88242288,176482312,YES
653,654,65,325000000000,325088438869,325176880150,88438869,88441281,176880150,YES
653,654,66,330000000000,330088647129,330177296834,88647129,88649705,177296834,YES
653,654,67,335000000000,335088864316,335177731370,88864316,88867054,177731370,YES
653,654,68,340000000000,340089089933,340178182760,89089933,89092827,178182760,YES
653,654,69,345000000000,345089323474,345178649979,89323474,89326505,178649979,YES
653,654,70,350000000000,350076563484,350153124373,76563484,76560889,153124373,YES
653,654,71,355000000000,355076545169,355153087824,76545169,76542655,153087824,YES
653,654,72,360000000000,360076533183,360153063939,76533183,76530756,153063939,YES
653,654,73,365000000000,365076527477,365153052639,76527477,76525162,153052639,YES
653,654,74,370000000000,370076528101,370153053990,76528101,76525889,153053990,YES
653,654,75,375000000000,375076535101,375153068108,76535101,76533007,153068108,YES
653,654,76,380000000000,380076548590,380153095210,76548590,76546620,153095210,YES
653,654,77,385000000000,385076568718,385153135604,76568718,76566886,153135604,YES
653,654,78,390000000000,390076595681,390153189664,76595681,76593983,153189664,YES
653,654,79,395000000000,395076629697,395153257857,76629697,76628160,153257857,YES
653,654,80,400000000000,400057365598,400114729646,57365598,57364048,114729646,YES
653,654,81,405000000000,405057215403,405114429389,57215403,57213986,114429389,YES
653,654,82,410000000000,410057075480,410114149687,57075480,57074207,114149687,YES
653,654,83,415000000000,415056946334,415113891562,56946334,56945228,113891562,YES
653,654,84,420000000000,420056828420,420113655890,56828420,56827470,113655890,YES
653,654,85,425000000000,425056722100,425113443408,56722100,56721308,113443408,YES
653,654,86,430000000000,430056627660,430113254689,56627660,56627029,113254689,YES
653,654,87,435000000000,435056545265,435113090070,56545265,56544805,113090070,YES
653,654,88,440000000000,440056474990,440112949688,56474990,56474698,112949688,YES
653,654,89,445000000000,445056416778,445112833423,56416778,56416645,112833423,YES
653,654,90,450000000000,450056370476,450112740977,56370476,56370501,112740977,YES
653,654,91,455000000000,455056335816,455112671805,56335816,56335989,112671805,YES
653,654,92,460000000000,460056312451,460112625220,56312451,56312769,112625220,YES
653,654,93,465000000000,465056299961,465112600378,56299961,56300417,112600378,YES
653,654,94,470000000000,470056297866,470112596320,56297866,56298454,112596320,YES
653,654,95,475000000000,475056305655,475112612015,56305655,56306360,112612015,YES
653,654,96,480000000000,480056322789,480112646397,56322789,56323608,112646397,YES
653,654,97,485000000000,485056348722,485112698364,56348722,56349642,112698364,YES
653,654,98,490000000000,490056382905,490112766820,56382905,56383915,112766820,YES
653,654,99,495000000000,495056424812,495112850717,56424812,56425905,112850717,YES
653,654,100,500000000000,500069886399,500139774867,69886399,69888468,139774867,YES
653,654,101,505000000000,505069919789,505139841739,69919789,69921950,139841739,YES
653,654,102,510000000000,510069962312,510139926867,69962312,69964555,139926867,YES
653,654,103,515000000000,515070014061,515140030444,70014061,70016383,140030444,YES
653,654,104,520000000000,520070075138,520140152668,70075138,70077530,140152668,YES
653,654,105,525000000000,525070145609,525140293678,70145609,70148069,140293678,YES
653,654,106,530000000000,530070225512,530140453543,70225512,70228031,140453543,YES
653,654,107,535000000000,535070314828,535140632230,70314828,70317402,140632230,YES
653,654,108,540000000000,540070413483,540140829590,70413483,70416107,140829590,YES
653,654,109,545000000000,545070521331,545141045332,70521331,70524001,141045332,YES
653,654,110,550000000000,550088487493,550176977145,88487493,88489652,176977145,YES
653,654,111,555000000000,555088660779,555177323864,88660779,88663085,177323864,YES
653,654,112,560000000000,560088844521,560177691494,88844521,88846973,177691494,YES
653,654,113,565000000000,565089038354,565178079316,89038354,89040962,178079316,YES
653,654,114,570000000000,570089241839,570178486421,89241839,89244582,178486421,YES
653,654,115,575000000000,575089454506,575178911887,89454506,89457381,178911887,YES
653,654,116,580000000000,580089675841,580179354701,89675841,89678860,179354701,YES
653,654,117,585000000000,585089905334,585179813817,89905334,89908483,179813817,YES
653,654,118,590000000000,590090142453,590180288195,90142453,90145742,180288195,YES
653,654,119,595000000000,595090386696,595180776797,90386696,90390101,180776797,YES
654,655,0,0,92411171,184819663,92411171,92408492,184819663,YES
654,655,1,5000000000,5092316809,5184631108,92316809,92314299,184631108,YES
654,655,2,10000000000,10096811482,10189159902,96811482,92348420,189159902,YES
654,655,3,15000000000,15093628286,15185793992,93628286,92165706,185793992,YES
654,655,4,20000000000,20093468014,20185579784,93468014,92111770,185579784,YES
654,655,5,25000000000,25092073312,25184144904,92073312,92071592,184144904,YES
654,655,6,30000000000,30092140782,30189070934,92140782,96930152,189070934,YES
654,655,7,35000000000,35092033904,35184066575,92033904,92032671,184066575,YES
654,655,8,40000000000,40092034870,40184068759,92034870,92033889,184068759,YES
654,655,9,45000000000,45092049494,45184098268,92049494,92048774,184098268,YES
654,655,10,50000000000,50090437587,50180874711,90437587,90437124,180874711,YES
654,655,11,55000000000,55090419783,55180839371,90419783,90419588,180839371,YES
654,655,12,60000000000,60090417271,60180834612,90417271,90417341,180834612,YES
654,655,13,65000000000,65090429963,65180860260,90429963,90430297,180860260,YES
654,655,14,70000000000,70090601463,70181059704,90601463,90458241,181059704,YES
654,655,15,75000000000,75091279357,75181789767,91279357,90510410,181789767,YES
654,655,16,80000000000,80090556439,80182927146,90556439,92370707,182927146,YES
654,655,17,85000000000,85090887152,85181515028,90887152,90627876,181515028,YES
654,655,18,90000000000,90094039015,90185080827,94039015,91041812,185080827,YES
654,655,19,95000000000,95093352743,95184159594,93352743,90806851,184159594,YES
654,655,20,100000000000,100091629157,100183259492,91629157,91630335,183259492,YES
654,655,21,105000000000,105091584784,105183170924,91584784,91586140,183170924,YES
654,655,22,110000000000,110091552785,110183107096,91552785,91554311,183107096,YES
654,655,23,115000000000,115091532906,115183067498,91532906,91534592,183067498,YES
654,655,24,120000000000,120091524847,120183051532,91524847,91526685,183051532,YES
654,655,25,125000000000,125091528280,125183058538,91528280,91530258,183058538,YES
654,655,26,130000000000,130091542834,130183087778,91542834,91544944,183087778,YES
654,655,27,135000000000,135091568114,135183138457,91568114,91570343,183138457,YES
654,655,28,140000000000,140091603687,140183209711,91603687,91606024,183209711,YES
654,655,29,145000000000,145091649114,145183300669,91649114,91651555,183300669,YES
654,655,30,150000000000,150089073745,150178150673,89073745,89076928,178150673,YES
654,655,31,155000000000,155089187173,155178377611,89187173,89190438,178377611,YES
654,655,32,160000000000,160089311254,160178625850,89311254,89314596,178625850,YES
654,655,33,165000000000,165089445666,165178894746,89445666,89449080,178894746,YES
654,655,34,170000000000,170089691429,170184267965,89691429,94576536,184267965,YES
654,655,35,175000000000,175089743953,175179491466,89743953,89747513,179491466,YES
654,655,36,180000000000,180089906952,180179817522,89906952,89910570,179817522,YES
654,655,37,185000000000,185090078563,185187911325,90078563,97832762,187911325,YES
654,655,38,190000000000,190090258308,190183349441,90258308,93091133,183349441,YES
654,655,39,195000000000,195090445684,195180895166,90445684,90449482,180895166,YES
654,655,40,200000000000,200070764250,200141088139,70764250,70323889,141088139,YES
654,655,41,205000000000,205072323506,205142592838,72323506,70269332,142592838,YES
654,655,42,210000000000,210070225106,210140450333,70225106,70225227,140450333,YES
654,655,43,215000000000,215070774835,215140966729,70774835,70191894,140966729,YES
654,655,44,220000000000,220070169277,220140338964,70169277,70169687,140338964,YES
654,655,45,225000000000,225070158355,225140317260,70158355,70158905,140317260,YES
654,655,46,230000000000,230070159097,230140318887,70159097,70159790,140318887,YES
654,655,47,235000000000,235070171687,235140344201,70171687,70172514,140344201,YES
654,655,48,240000000000,240070196223,240140393406,70196223,70197183,140393406,YES
654,655,49,245000000000,245070232725,245140466537,70232725,70233812,140466537,YES
654,655,50,250000000000,250101277883,250192966367,101277883,91688484,192966367,YES
654,655,51,255000000000,255091617734,255183233603,91617734,91615869,183233603,YES
654,655,52,260000000000,260091559311,260187636134,91559311,96076823,187636134,YES
654,655,53,265000000000,265091515697,265299616332,91515697,208100635,299616332,YES
654,655,54,270000000000,270091487032,270183639866,91487032,92152834,183639866,YES
654,655,55,275000000000,275091473361,275185480790,91473361,94007429,185480790,YES
654,655,56,280000000000,280091474636,280182948657,91474636,91474021,182948657,YES
654,655,57,285000000000,285092574431,285184064789,92574431,91490358,184064789,YES
654,655,58,290000000000,290091560923,290183082136,91560923,91521213,183082136,YES
654,655,59,295000000000,295091566038,295183132297,91566038,91566259,183132297,YES
654,655,60,300000000000,300090439076,300180878626,90439076,90439550,180878626,YES
654,655,61,305000000000,305090473381,305180947505,90473381,90474124,180947505,YES
654,655,62,310000000000,310090522141,310181045277,90522141,90523136,181045277,YES
654,655,63,315000000000,315090584824,315181170891,90584824,90586067,181170891,YES
654,655,64,320000000000,320090660827,320181323128,90660827,90662301,181323128,YES
654,655,65,325000000000,325090749474,325181500643,90749474,90751169,181500643,YES
654,655,66,330000000000,330090850073,330181702045,90850073,90851972,181702045,YES
654,655,67,335000000000,335090961902,335181925899,90961902,90963997,181925899,YES
654,655,68,340000000000,340092455706,340183542282,92455706,91086576,183542282,YES
654,655,69,345000000000,345091216427,345182435315,91216427,91218888,182435315,YES
654,655,70,350000000000,350091317781,350182637402,91317781,91319621,182637402,YES
654,655,71,355000000000,355091320651,355182643286,91320651,91322635,182643286,YES
654,655,72,360000000000,360091334925,360182671969,91334925,91337044,182671969,YES
654,655,73,365000000000,365091360199,365182722639,91360199,91362440,182722639,YES
654,655,74,370000000000,370091396038,370182794429,91396038,91398391,182794429,YES
654,655,75,375000000000,375091441992,375182886442,91441992,91444450,182886442,YES
654,655,76,380000000000,380091497593,380182997740,91497593,91500147,182997740,YES
654,655,77,385000000000,385091562367,385183127377,91562367,91565010,183127377,YES
654,655,78,390000000000,390091635848,390183274420,91635848,91638572,183274420,YES
654,655,79,395000000000,395091717563,395183437930,91717563,91720367,183437930,YES
654,655,80,400000000000,400060859658,400121718454,60859658,60858796,121718454,YES
654,655,81,405000000000,405060834945,405121669128,60834945,60834183,121669128,YES
654,655,82,410000000000,410060821882,410121643110,60821882,60821228,121643110,YES
654,655,83,415000000000,415060820440,415121640339,60820440,60819899,121640339,YES
654,655,84,420000000000,420060830520,420121660612,60830520,60830092,121660612,YES
654,655,85,425000000000,425060851934,425121703554,60851934,60851620,121703554,YES
654,655,86,430000000000,430060884437,430121768675,60884437,60884238,121768675,YES
654,655,87,435000000000,435060927723,435121855367,60927723,60927644,121855367,YES
654,655,88,440000000000,440060981449,440121962939,60981449,60981490,121962939,YES
654,655,89,445000000000,445061045236,445122090645,61045236,61045409,122090645,YES
654,655,90,450000000000,450070291903,450140584052,70291903,70292149,140584052,YES
654,655,91,455000000000,455070257524,455140515431,70257524,70257907,140515431,YES
654,655,92,460000000000,460070234470,460140469458,70234470,70234988,140469458,YES
654,655,93,465000000000,465071891245,465142114874,71891245,70223629,142114874,YES
654,655,94,470000000000,470070223215,470140447205,70223215,70223990,140447205,YES
654,655,95,475000000000,475070235265,475140471429,70235265,70236164,140471429,YES
654,655,96,480000000000,480070259131,480140519281,70259131,70260150,140519281,YES
654,655,97,485000000000,485070294720,485140590575,70294720,70295855,140590575,YES
654,655,98,490000000000,490070341854,490141518790,70341854,71176936,141518790,YES
654,655,99,495000000000,495070400258,495140801865,70400258,70401607,140801865,YES
654,655,100,500000000000,500095472670,500187444043,95472670,91971373,187444043,YES
654,655,101,505000000000,505091935736,505183869731,91935736,91933995,183869731,YES
654,655,102,510000000000,510091912066,510183822623,91912066,91910557,183822623,YES
654,655,103,515000000000,515091902395,515183803525,91902395,91901130,183803525,YES
654,655,104,520000000000,520091906707,520183812406,91906707,91905699,183812406,YES
654,655,105,525000000000,525091924924,525183849107,91924924,91924183,183849107,YES
654,655,106,530000000000,530091956908,530183913347,91956908,91956439,183913347,YES
654,655,107,535000000000,535092002455,535184004735,92002455,92002280,184004735,YES
654,655,108,540000000000,540092061299,540184122705,92061299,92061406,184122705,YES
654,655,109,545000000000,545092133096,545184266579,92133096,92133483,184266579,YES
654,655,110,550000000000,550090432623,550180865863,90432623,90433240,180865863,YES
654,655,111,555000000000,555090478324,555180957532,90478324,90479208,180957532,YES
654,655,112,560000000000,560090538336,560181077809,90538336,90539473,181077809,YES
654,655,113,565000000000,565090612101,565181225583,90612101,90613482,181225583,YES
654,655,114,570000000000,570090698995,570181399602,90698995,90700607,181399602,YES
654,655,115,575000000000,575090798336,575181598500,90798336,90800164,181598500,YES
654,655,116,580000000000,580090909424,580181820879,90909424,90911455,181820879,YES
654,655,117,585000000000,585091031539,585182065311,91031539,91033772,182065311,YES
654,655,118,590000000000,590091163969,590182330361,91163969,91166392,182330361,YES
654,655,119,595000000000,595091306031,595182614648,91306031,91308617,182614648,YES
655,656,0,0,93344251,186687339,93344251,93343088,186687339,YES
655,656,1,5000000000,5093322354,5186643872,93322354,93321518,186643872,YES
655,656,2,10000000000,10093315753,10187608333,93315753,94292580,187608333,YES
655,656,3,15000000000,15093324179,15187732784,93324179,94408605,187732784,YES
655,656,4,20000000000,20105532119,20209434416,105532119,103902297,209434416,YES
655,656,5,25000000000,25093384458,25186769333,93384458,93384875,186769333,YES
655,656,6,30000000000,30093435276,30190405729,93435276,96970453,190405729,YES
655,656,7,35000000000,35093499084,35186999146,93499084,93500062,186999146,YES
655,656,8,40000000000,40093575233,40187151718,93575233,93576485,187151718,YES
655,656,9,45000000000,45102287778,45195952506,102287778,93664728,195952506,YES
655,656,10,50000000000,50085396603,50170794889,85396603,85398286,170794889,YES
655,656,11,55000000000,55085531067,55171064094,85531067,85533027,171064094,YES
655,656,12,60000000000,60085677432,60171357096,85677432,85679664,171357096,YES
655,656,13,65000000000,65085835361,65171673216,85835361,85837855,171673216,YES
655,656,14,70000000000,70086004431,70172011633,86004431,86007202,172011633,YES
655,656,15,75000000000,75086184216,75172371466,86184216,86187250,172371466,YES
655,656,16,80000000000,80087575876,80173953437,87575876,86377561,173953437,YES
655,656,17,85000000000,85086573991,85173151504,86573991,86577513,173151504,YES
655,656,18,90000000000,90086782979,90173569712,86782979,86786733,173569712,YES
655,656,19,95000000000,95087000671,95174005334,87000671,87004663,174005334,YES
655,656,20,100000000000,100046002988,100092005585,46002988,46002597,92005585,YES
655,656,21,105000000000,105045899910,105091799558,45899910,45899648,91799558,YES
655,656,22,110000000000,110045805317,110091610486,45805317,45805169,91610486,YES
655,656,23,115000000000,115045719504,115091438975,45719504,45719471,91438975,YES
655,656,24,120000000000,120045642732,120091285546,45642732,45642814,91285546,YES
655,656,25,125000000000,125045575233,125091150658,45575233,45575425,91150658,YES
655,656,26,130000000000,130045517200,130091034705,45517200,45517505,91034705,YES
655,656,27,135000000000,135045468798,135090938009,45468798,45469211,90938009,YES
655,656,28,140000000000,140045430162,140090860842,45430162,45430680,90860842,YES
655,656,29,145000000000,145045401417,145090803453,45401417,45402036,90803453,YES
655,656,30,150000000000,150058159370,150116318850,58159370,58159480,116318850,YES
655,656,31,155000000000,155058116625,155116233535,58116625,58116910,116233535,YES
655,656,32,160000000000,160058086660,160118822464,58086660,60735804,118822464,YES
655,656,33,165000000000,165058176329,165123436688,58176329,65260359,123436688,YES
655,656,34,170000000000,170058113237,170118295746,58113237,60182509,118295746,YES
655,656,35,175000000000,175058075251,175116151452,58075251,58076201,116151452,YES
655,656,36,180000000000,180058097796,180116196693,58097796,58098897,116196693,YES
655,656,37,185000000000,185058133392,185117200413,58133392,59067021,117200413,YES
655,656,38,190000000000,190058181833,190116365031,58181833,58183198,116365031,YES
655,656,39,195000000000,195058242832,195116487153,58242832,58244321,116487153,YES
655,656,40,200000000000,200048577273,200097153327,48577273,48576054,97153327,YES
655,656,41,205000000000,205048526406,205097051686,48526406,48525280,97051686,YES
655,656,42,210000000000,210048487538,210096974052,48487538,48486514,96974052,YES
655,656,43,215000000000,215048460854,215096920790,48460854,48459936,96920790,YES
655,656,44,220000000000,220048446464,220096892128,48446464,48445664,96892128,YES
655,656,45,225000000000,225048444433,225096888186,48444433,48443753,96888186,YES
655,656,46,230000000000,230048454754,230096908953,48454754,48454199,96908953,YES
655,656,47,235000000000,235048477358,235096954293,48477358,48476935,96954293,YES
655,656,48,240000000000,240048512124,240097023959,48512124,48511835,97023959,YES
655,656,49,245000000000,245048558857,245097117567,48558857,48558710,97117567,YES
655,656,50,250000000000,250093115062,250186229155,93115062,93114093,186229155,YES
655,656,51,255000000000,255093102862,255190585772,93102862,97482910,190585772,YES
655,656,52,260000000000,260093106300,260186212288,93106300,93105988,186212288,YES
655,656,53,265000000000,-1,-1,-1,-1,-1,LOST
655,656,54,270000000000,270102891032,270196050042,102891032,93159010,196050042,YES
655,656,55,275000000000,275093206474,275247502403,93206474,154295929,247502403,YES
655,656,56,280000000000,280095985072,280200081532,95985072,104096460,200081532,YES
655,656,57,285000000000,285094068921,285187412624,94068921,93343703,187412624,YES
655,656,58,290000000000,290104297460,290293103011,104297460,188805551,293103011,YES
655,656,59,295000000000,295093527720,295196495760,93527720,102968040,196495760,YES
655,656,60,300000000000,300085348956,300170700613,85348956,85351657,170700613,YES
655,656,61,305000000000,305085520207,305171043376,85520207,85523169,171043376,YES
655,656,62,310000000000,310085702556,310171408311,85702556,85705755,171408311,YES
655,656,63,315000000000,315085895426,315171794290,85895426,85898864,171794290,YES
655,656,64,320000000000,320086098257,320172200195,86098257,86101938,172200195,YES
655,656,65,325000000000,325086310488,325172624881,86310488,86314393,172624881,YES
655,656,66,330000000000,330086531553,330173067221,86531553,86535668,173067221,YES
655,656,67,335000000000,335086760909,335173526139,86760909,86765230,173526139,YES
655,656,68,340000000000,340086998017,340174000539,86998017,87002522,174000539,YES
655,656,69,345000000000,345087242397,345174489471,87242397,87247074,174489471,YES
655,656,70,350000000000,350045700393,350091400826,45700393,45700433,91400826,YES
655,656,71,355000000000,355045631577,355091263311,45631577,45631734,91263311,YES
655,656,72,360000000000,360045572300,360091144870,45572300,45572570,91144870,YES
655,656,73,365000000000,365045522719,365091045817,45522719,45523098,91045817,YES
655,656,74,370000000000,370045482955,370090966398,45482955,45483443,90966398,YES
655,656,75,375000000000,375045453109,375090906809,45453109,45453700,90906809,YES
655,656,76,380000000000,380045433255,380090867198,45433255,45433943,90867198,YES
655,656,77,385000000000,385045423451,385090847685,45423451,45424234,90847685,YES
655,656,78,390000000000,390045423746,390090848364,45423746,45424618,90848364,YES
655,656,79,395000000000,395045434171,395090869297,45434171,45435126,90869297,YES
655,656,80,400000000000,400057688976,400115454750,57688976,57765774,115454750,YES
655,656,81,405000000000,405057670841,405115342033,57670841,57671192,115342033,YES
655,656,82,410000000000,410057666475,410115333470,57666475,57666995,115333470,YES
655,656,83,415000000000,415057675951,415115352590,57675951,57676639,115352590,YES
655,656,84,420000000000,420057699213,420115399273,57699213,57700060,115399273,YES
655,656,85,425000000000,425057736079,425115473154,57736079,57737075,115473154,YES
655,656,86,430000000000,430057786263,430115573670,57786263,57787407,115573670,YES
655,656,87,435000000000,435057849377,435115700033,57849377,57850656,115700033,YES
655,656,88,440000000000,440057924942,440115851288,57924942,57926346,115851288,YES
655,656,89,445000000000,445058012418,445116026365,58012418,58013947,116026365,YES
655,656,90,450000000000,450093413248,450186823638,93413248,93410390,186823638,YES
655,656,91,455000000000,455093304235,455186605890,93304235,93301655,186605890,YES
655,656,92,460000000000,460093210192,460186418101,93210192,93207909,186418101,YES
655,656,93,465000000000,465093131646,465186261316,93131646,93129670,186261316,YES
655,656,94,470000000000,470096566967,470191965143,96566967,95398176,191965143,YES
655,656,95,475000000000,475093022525,475189938704,93022525,96916179,189938704,YES
655,656,96,480000000000,480092992340,480196569086,92992340,103576746,196569086,YES
655,656,97,485000000000,485092978403,485188640555,92978403,95662152,188640555,YES
655,656,98,490000000000,490092980544,490186722551,92980544,93742007,186722551,YES
655,656,99,495000000000,495092998427,495185996824,92998427,92998397,185996824,YES
655,656,100,500000000000,500092997999,500185996281,92997999,92998282,185996281,YES
655,656,101,505000000000,505093045903,505186092404,93045903,93046501,186092404,YES
655,656,102,510000000000,510093107903,510186216696,93107903,93108793,186216696,YES
655,656,103,515000000000,515093183307,515186367783,93183307,93184476,186367783,YES
655,656,104,520000000000,520093271385,520186544205,93271385,93272820,186544205,YES
655,656,105,525000000000,525093371413,525186744501,93371413,93373088,186744501,YES
655,656,106,530000000000,530093482643,530186967197,93482643,93484554,186967197,YES
655,656,107,535000000000,535093604374,535187210882,93604374,93606508,187210882,YES
655,656,108,540000000000,540093735926,540187474213,93735926,93738287,187474213,YES
655,656,109,545000000000,545093876661,545187755882,93876661,93879221,187755882,YES
655,656,110,550000000000,550086152055,550172306996,86152055,86154941,172306996,YES
655,656,111,555000000000,555086341390,555172685914,86341390,86344524,172685914,YES
655,656,112,560000000000,560086540654,560173084686,86540654,86544032,173084686,YES
655,656,113,565000000000,565086749362,565173502347,86749362,86752985,173502347,YES
655,656,114,570000000000,570086967017,570173937884,86967017,86970867,173937884,YES
655,656,115,575000000000,575087193135,575174390343,87193135,87197208,174390343,YES
655,656,116,580000000000,580087427182,580174858639,87427182,87431457,174858639,YES
655,656,117,585000000000,585087668693,585175341854,87668693,87673161,175341854,YES
655,656,118,590000000000,590087917195,590175839054,87917195,87921859,175839054,YES
655,656,119,595000000000,595088172251,595176349358,88172251,88177107,176349358,YES
656,657,0,0,94859337,189718728,94859337,94859391,189718728,YES
656,657,1,5000000000,5094780145,5189560593,94780145,94780448,189560593,YES
656,657,2,10000000000,10094712540,10189425627,94712540,94713087,189425627,YES
656,657,3,15000000000,15094656672,15189314127,94656672,94657455,189314127,YES
656,657,4,20000000000,20099781339,20199247422,99781339,99466083,199247422,YES
656,657,5,25000000000,25099779481,25194361306,99779481,94581825,194361306,YES
656,657,6,30000000000,30094560589,30197240048,94560589,102679459,197240048,YES
656,657,7,35000000000,35094552619,35189106863,94552619,94554244,189106863,YES
656,657,8,40000000000,40094556707,40189115227,94556707,94558520,189115227,YES
656,657,9,45000000000,45094572827,45189178957,94572827,94606130,189178957,YES
656,657,10,50000000000,50094600910,50189203980,94600910,94603070,189203980,YES
656,657,11,55000000000,55094640840,55189284000,94640840,94643160,189284000,YES
656,657,12,60000000000,60094692466,60189387394,94692466,94694928,189387394,YES
656,657,13,65000000000,65094755569,65189513735,94755569,94758166,189513735,YES
656,657,14,70000000000,70094829883,70219867795,94829883,125037912,219867795,YES
656,657,15,75000000000,75094915108,75189833060,94915108,94917952,189833060,YES
656,657,16,80000000000,80095010880,80190024721,95010880,95013841,190024721,YES
656,657,17,85000000000,85095116811,85391317382,95116811,296200571,391317382,YES
656,657,18,90000000000,90096674590,90346287870,96674590,249613280,346287870,YES
656,657,19,95000000000,95095357441,95391932173,95357441,296574732,391932173,YES
656,657,20,100000000000,100061238610,100122474854,61238610,61236244,122474854,YES
656,657,21,105000000000,105061141852,105122281391,61141852,61139539,122281391,YES
656,657,22,110000000000,110061052259,110122102257,61052259,61049998,122102257,YES
656,657,23,115000000000,115060969715,115121937220,60969715,60967505,121937220,YES
656,657,24,120000000000,120060894150,120121786160,60894150,60892010,121786160,YES
656,657,25,125000000000,125060825527,125121648984,60825527,60823457,121648984,YES
656,657,26,130000000000,130060763834,130121525681,60763834,60761847,121525681,YES
656,657,27,135000000000,135060709110,135121416320,60709110,60707210,121416320,YES
656,657,28,140000000000,140060661411,140121321035,60661411,60659624,121321035,YES
656,657,29,145000000000,145060620882,145121240095,60620882,60619213,121240095,YES
656,657,30,150000000000,150101362015,150202722110,101362015,101360095,202722110,YES
656,657,31,155000000000,155101348628,155203750140,101348628,102401512,203750140,YES
656,657,32,160000000000,160101348737,160204221805,101348737,102873068,204221805,YES
656,657,33,165000000000,165108531098,165209892455,108531098,101361357,209892455,YES
656,657,34,170000000000,170101930780,170206142218,101930780,104211438,206142218,YES
656,657,35,175000000000,175101431414,175202862216,101431414,101430802,202862216,YES
656,657,36,180000000000,180101486611,180202972900,101486611,101486289,202972900,YES
656,657,37,185000000000,185109842124,185211397791,109842124,101555667,211397791,YES
656,657,38,190000000000,190103960446,190205598889,103960446,101638443,205598889,YES
656,657,39,195000000000,195101734039,195203468697,101734039,101734658,203468697,YES
656,657,40,200000000000,200101926841,200204102915,101926841,102176074,204102915,YES
656,657,41,205000000000,205102682221,205212742680,102682221,110060459,212742680,YES
656,657,42,210000000000,210102098875,210210132154,102098875,108033279,210132154,YES
656,657,43,215000000000,215102244744,215205352256,102244744,103107512,205352256,YES
656,657,44,220000000000,220106722310,220209126501,106722310,102404191,209126501,YES
656,657,45,225000000000,225104804537,225207376828,104804537,102572291,207376828,YES
656,657,46,230000000000,230102897000,230205647519,102897000,102750519,205647519,YES
656,657,47,235000000000,235102935437,235205873808,102935437,102938371,205873808,YES
656,657,48,240000000000,240103132045,240214601796,103132045,111469751,214601796,YES
656,657,49,245000000000,245103337101,245212279958,103337101,108942857,212279958,YES
656,657,50,250000000000,250094788804,250189499808,94788804,94711004,189499808,YES
656,657,51,255000000000,255094640606,255189281688,94640606,94641082,189281688,YES
656,657,52,260000000000,260094690187,260196096898,94690187,101406711,196096898,YES
656,657,53,265000000000,265095934091,265194170149,95934091,98236058,194170149,YES
656,657,54,270000000000,270095909661,270192254022,95909661,96344361,192254022,YES
656,657,55,275000000000,275096677568,275191158901,96677568,94481333,191158901,YES
656,657,56,280000000000,280094469889,280192677329,94469889,98207440,192677329,YES
656,657,57,285000000000,285094471884,285196070738,94471884,101598854,196070738,YES
656,657,58,290000000000,290148396576,290242884646,148396576,94488070,242884646,YES
656,657,59,295000000000,295102291046,295196804912,102291046,94513866,196804912,YES
656,657,60,300000000000,300094549122,300189100609,94549122,94551487,189100609,YES
656,657,61,305000000000,305094598189,305189198896,94598189,94600707,189198896,YES
656,657,62,310000000000,310094658613,310189319888,94658613,94661275,189319888,YES
656,657,63,315000000000,315094730157,315189463106,94730157,94732949,189463106,YES
656,657,64,320000000000,320094812543,320189628003,94812543,94815460,189628003,YES
656,657,65,325000000000,325094905449,325189813927,94905449,94908478,189813927,YES
656,657,66,330000000000,330095008528,330190020210,95008528,95011682,190020210,YES
656,657,67,335000000000,335095121395,335190246050,95121395,95124655,190246050,YES
656,657,68,340000000000,340095243651,340190490653,95243651,95247002,190490653,YES
656,657,69,345000000000,345095374872,345190753178,95374872,95378306,190753178,YES
656,657,70,350000000000,350101738855,350203474690,101738855,101735835,203474690,YES
656,657,71,355000000000,355105157265,355206798426,105157265,101641161,206798426,YES
656,657,72,360000000000,360103166914,360204724986,103166914,101558072,204724986,YES
656,657,73,365000000000,365101489461,365202976381,101489461,101486920,202976381,YES
656,657,74,370000000000,370101430470,370202858579,101430470,101428109,202858579,YES
656,657,75,375000000000,375101384225,375202766288,101384225,101382063,202766288,YES
656,657,76,380000000000,380101351055,380202700157,101351055,101349102,202700157,YES
656,657,77,385000000000,385101331236,385202660739,101331236,101329503,202660739,YES
656,657,78,390000000000,390101324976,390202648455,101324976,101323479,202648455,YES
656,657,79,395000000000,395101332423,395202663604,101332423,101331181,202663604,YES
656,657,80,400000000000,400117541059,400218893841,117541059,101352782,218893841,YES
656,657,81,405000000000,405101388734,405202776763,101388734,101388029,202776763,YES
656,657,82,410000000000,410101437582,410202874745,101437582,101437163,202874745,YES
656,657,83,415000000000,415101500110,415203000097,101500110,101499987,203000097,YES
656,657,84,420000000000,420101576157,420203152491,101576157,101576334,203152491,YES
656,657,85,425000000000,425101665488,425203331455,101665488,101665967,203331455,YES
656,657,86,430000000000,430101767813,430204377658,101767813,102609845,204377658,YES
656,657,87,435000000000,435101882773,435203766632,101882773,101883859,203766632,YES
656,657,88,440000000000,440102009962,440204021321,102009962,102011359,204021321,YES
656,657,89,445000000000,445102148924,445204299536,102148924,102150612,204299536,YES
656,657,90,450000000000,450047226555,450094452784,47226555,47226229,94452784,YES
656,657,91,455000000000,455047318686,455094637174,47318686,47318488,94637174,YES
656,657,92,460000000000,460047420076,460094840081,47420076,47420005,94840081,YES
656,657,93,465000000000,465047530687,465095061433,47530687,47530746,95061433,YES
656,657,94,470000000000,470047650441,470095301073,47650441,47650632,95301073,YES
656,657,95,475000000000,475047779194,475095558715,47779194,47779521,95558715,YES
656,657,96,480000000000,480047916745,480095833949,47916745,47917204,95833949,YES
656,657,97,485000000000,485048062830,485096126274,48062830,48063444,96126274,YES
656,657,98,490000000000,490048217137,490096435011,48217137,48217874,96435011,YES
656,657,99,495000000000,495048379295,495096759447,48379295,48380152,96759447,YES
656,657,100,500000000000,500099506411,500193972638,99506411,94466227,193972638,YES
656,657,101,505000000000,505094443770,505188889003,94443770,94445233,188889003,YES
656,657,102,510000000000,510094434572,510188870824,94434572,94436252,188870824,YES
656,657,103,515000000000,515094437338,515188876561,94437338,94439223,188876561,YES
656,657,104,520000000000,520094451953,520188905986,94451953,94454033,188905986,YES
656,657,105,525000000000,525094478284,525188958827,94478284,94480543,188958827,YES
656,657,106,530000000000,530094516171,530189034770,94516171,94518599,189034770,YES
656,657,107,535000000000,535094565435,535189133452,94565435,94568017,189133452,YES
656,657,108,540000000000,540094625871,540189256748,94625871,94630877,189256748,YES
656,657,109,545000000000,545094697241,545189397345,94697241,94700104,189397345,YES
656,657,110,550000000000,550094745683,550189494352,94745683,94748669,189494352,YES
656,657,111,555000000000,555094838094,555189679295,94838094,94841201,189679295,YES
656,657,112,560000000000,560094940566,560189884358,94940566,94943792,189884358,YES
656,657,113,565000000000,565095052732,565190108795,95052732,95056063,190108795,YES
656,657,114,570000000000,570095174226,570190351879,95174226,95177653,190351879,YES
656,657,115,575000000000,575095304657,575190612827,95304657,95308170,190612827,YES
656,657,116,580000000000,580095443634,580190890858,95443634,95447224,190890858,YES
656,657,117,585000000000,585095590737,585191185135,95590737,95594398,191185135,YES
656,657,118,590000000000,590095745560,590191494877,95745560,95749317,191494877,YES
656,657,119,595000000000,595095907719,595191819259,95907719,95911540,191819259,YES
657,658,0,0,66387784,132773425,66387784,66385641,132773425,YES
657,658,1,5000000000,5066333662,5132665306,66333662,66331644,132665306,YES
657,658,2,10000000000,10066289167,10132576447,66289167,66287280,132576447,YES
657,658,3,15000000000,15066284267,15132536960,66284267,66252693,132536960,YES
657,658,4,20000000000,20066229621,20135723182,66229621,69493561,135723182,YES
657,658,5,25000000000,25066214855,25135375772,66214855,69160917,135375772,YES
657,658,6,30000000000,30066210280,30132440378,66210280,66230098,132440378,YES
657,658,7,35000000000,35066216007,35132430931,66216007,66214924,132430931,YES
657,658,8,40000000000,40066232181,40132463455,66232181,66231274,132463455,YES
657,658,9,45000000000,45066258863,45132517008,66258863,66258145,132517008,YES
657,658,10,50000000000,50069130677,50138260686,69130677,69130009,138260686,YES
657,658,11,55000000000,55069044021,55138087584,69044021,69043563,138087584,YES
657,658,12,60000000000,60068969841,60137939443,68969841,68969602,137939443,YES
657,658,13,65000000000,65068908459,65137816887,68908459,68908428,137816887,YES
657,658,14,70000000000,70097462654,70166322744,97462654,68860090,166322744,YES
657,658,15,75000000000,75068825116,75137650614,68825116,68825498,137650614,YES
657,658,16,80000000000,80069073577,80137877642,69073577,68804065,137877642,YES
657,658,17,85000000000,85243317961,85312114028,243317961,68796067,312114028,YES
657,658,18,90000000000,90226892724,90295694724,226892724,68802000,295694724,YES
657,658,19,95000000000,95273543474,95342365021,273543474,68821547,342365021,YES
657,658,20,100000000000,100068817706,100137636720,68817706,68819014,137636720,YES
657,658,21,105000000000,105068862715,105137726903,68862715,68864188,137726903,YES
657,658,22,110000000000,110074563502,110143485727,74563502,68922225,143485727,YES
657,658,23,115000000000,115069310773,115138303360,69310773,68992587,138303360,YES
657,658,24,120000000000,120069073237,120138148381,69073237,69075144,138148381,YES
657,658,25,125000000000,125072612167,125141896854,72612167,69284687,141896854,YES
657,658,26,130000000000,130069272829,130138547810,69272829,69274981,138547810,YES
657,658,27,135000000000,135069389099,135138780474,69389099,69391375,138780474,YES
657,658,28,140000000000,140069515718,140139243785,69515718,69728067,139243785,YES
657,658,29,145000000000,145069652195,145174224262,69652195,104572067,174224262,YES
657,658,30,150000000000,150048359587,150095517899,48359587,47158312,95517899,YES
657,658,31,155000000000,155047583041,155094763333,47583041,47180292,94763333,YES
657,658,32,160000000000,160047215985,160094432544,47215985,47216559,94432544,YES
657,658,33,165000000000,165047266164,165094533023,47266164,47266859,94533023,YES
657,658,34,170000000000,170047330001,170094660813,47330001,47330812,94660813,YES
657,658,35,175000000000,175047407010,175094814940,47407010,47407930,94814940,YES
657,658,36,180000000000,180047496616,180094994258,47496616,47497642,94994258,YES
657,658,37,185000000000,185047598184,185097155566,47598184,49557382,97155566,YES
657,658,38,190000000000,190047711035,190097077154,47711035,49366119,97077154,YES
657,658,39,195000000000,195047834463,195095670239,47834463,47835776,95670239,YES
657,658,40,200000000000,200049585257,200097554455,49585257,47969198,97554455,YES
657,658,41,205000000000,205049971783,205098083554,49971783,48111771,98083554,YES
657,658,42,210000000000,210051724240,210099987131,51724240,48262891,99987131,YES
657,658,43,215000000000,215048420093,215096841809,48420093,48421716,96841809,YES
657,658,44,220000000000,220048586208,220097174101,48586208,48587893,97174101,YES
657,658,45,225000000000,225048759024,225098804433,48759024,50045409,98804433,YES
657,658,46,230000000000,230048938020,230097877838,48938020,48939818,97877838,YES
657,658,47,235000000000,235049122713,235098247303,49122713,49124590,98247303,YES
657,658,48,240000000000,240053373104,240102687845,53373104,49314741,102687845,YES
657,658,49,245000000000,245050606618,245100116093,50606618,49509475,100116093,YES
657,658,50,250000000000,250067554839,250133810118,67554839,66255279,133810118,YES
657,658,51,255000000000,255066210839,255132419781,66210839,66208942,132419781,YES
657,658,52,260000000000,260066174127,260133728219,66174127,67554092,133728219,YES
657,658,53,265000000000,265069778051,265137661359,69778051,67883308,137661359,YES
657,658,54,270000000000,270067878994,270134007912,67878994,66128918,134007912,YES
657,658,55,275000000000,275066123603,275132245884,66123603,66122281,132245884,YES
657,658,56,280000000000,280067969909,280134095698,67969909,66125789,134095698,YES
657,658,57,285000000000,285066140555,285132280112,66140555,66139557,132280112,YES
657,658,58,290000000000,290111290764,290180551498,111290764,69260734,180551498,YES
657,658,59,295000000000,295066198695,295135592557,66198695,69393862,135592557,YES
657,658,60,300000000000,300070450199,300139708742,70450199,69258543,139708742,YES
657,658,61,305000000000,305069181615,305138362861,69181615,69181246,138362861,YES
657,658,62,310000000000,310069116375,310138232589,69116375,69116214,138232589,YES
657,658,63,315000000000,315069063711,315138127459,69063711,69063748,138127459,YES
657,658,64,320000000000,320069023847,320138047931,69023847,69024084,138047931,YES
657,658,65,325000000000,325068996951,325137994347,68996951,68997396,137994347,YES
657,658,66,330000000000,330068983126,330137966890,68983126,68983764,137966890,YES
657,658,67,335000000000,335068982405,335137965636,68982405,68983231,137965636,YES
657,658,68,340000000000,340068994755,340137990518,68994755,68995763,137990518,YES
657,658,69,345000000000,345069020086,345139768646,69020086,70748560,139768646,YES
657,658,70,350000000000,350047320550,350094640561,47320550,47320011,94640561,YES
657,658,71,355000000000,355047251464,355094502513,47251464,47251049,94502513,YES
657,658,72,360000000000,360047195250,360094390215,47195250,47194965,94390215,YES
657,658,73,365000000000,365047152456,365094304756,47152456,47152300,94304756,YES
657,658,74,370000000000,370047123529,370094247037,47123529,47123508,94247037,YES
657,658,75,375000000000,375047108817,375094217751,47108817,47108934,94217751,YES
657,658,76,380000000000,380047108537,380094217321,47108537,47108784,94217321,YES
657,658,77,385000000000,385047122770,385094245919,47122770,47123149,94245919,YES
657,658,78,390000000000,390047151446,390094303402,47151446,47151956,94303402,YES
657,658,79,395000000000,395047194369,395094389372,47194369,47195003,94389372,YES
657,658,80,400000000000,400047251202,400094503161,47251202,47251959,94503161,YES
657,658,81,405000000000,405047321500,405094643871,47321500,47322371,94643871,YES
657,658,82,410000000000,410047404718,410094810414,47404718,47405696,94810414,YES
657,658,83,415000000000,415047500231,415095001545,47500231,47501314,95001545,YES
657,658,84,420000000000,420047607375,420095215931,47607375,47608556,95215931,YES
657,658,85,425000000000,425047725447,425095452175,47725447,47726728,95452175,YES
657,658,86,430000000000,430047853735,430095708837,47853735,47855102,95708837,YES
657,658,87,435000000000,435047991536,435095984520,47991536,47992984,95984520,YES
657,658,88,440000000000,440048138162,440096277858,48138162,48139696,96277858,YES
657,658,89,445000000000,445048292958,445096587519,48292958,48294561,96587519,YES
657,658,90,450000000000,450048387532,450096776437,48387532,48388905,96776437,YES
657,658,91,455000000000,455048525042,455097051499,48525042,48526457,97051499,YES
657,658,92,460000000000,460048668972,460097339413,48668972,48670441,97339413,YES
657,658,93,465000000000,465048818845,465097639206,48818845,48820361,97639206,YES
657,658,94,470000000000,470048974210,470097949984,48974210,48975774,97949984,YES
657,658,95,475000000000,475049134655,475098270949,49134655,49136294,98270949,YES
657,658,96,480000000000,480049299803,480098601284,49299803,49301481,98601284,YES
657,658,97,485000000000,485049469312,485098940339,49469312,49471027,98940339,YES
657,658,98,490000000000,490051457722,490101102415,51457722,49644693,101102415,YES
657,658,99,495000000000,495051939833,495101761905,51939833,49822072,101761905,YES
657,658,100,500000000000,500066065304,500141505987,66065304,75440683,141505987,YES
657,658,101,505000000000,505066059318,505132117307,66059318,66057989,132117307,YES
657,658,102,510000000000,510066063390,510132125607,66063390,66062217,132125607,YES
657,658,103,515000000000,515066077574,515132154139,66077574,66076565,132154139,YES
657,658,104,520000000000,520066101900,520132202958,66101900,66101058,132202958,YES
657,658,105,525000000000,525066136380,525132272104,66136380,66135724,132272104,YES
657,658,106,530000000000,530066181038,530132361596,66181038,66180558,132361596,YES
657,658,107,535000000000,535066235823,535132471348,66235823,66235525,132471348,YES
657,658,108,540000000000,540066300680,540132601247,66300680,66300567,132601247,YES
657,658,109,545000000000,545066375495,545132751062,66375495,66375567,132751062,YES
657,658,110,550000000000,550018897156,550037794221,18897156,18897065,37794221,YES
657,658,111,555000000000,555018811641,555037623237,18811641,18811596,37623237,YES
657,658,112,560000000000,560018735703,560037471405,18735703,18735702,37471405,YES
657,658,113,565000000000,565018669517,565037339077,18669517,18669560,37339077,YES
657,658,114,570000000000,570018613242,570037226562,18613242,18613320,37226562,YES
657,658,115,575000000000,575018567010,575037134137,18567010,18567127,37134137,YES
657,658,116,580000000000,580018530942,580037062038,18530942,18531096,37062038,YES
657,658,117,585000000000,585018505141,585037010473,18505141,18505332,37010473,YES
657,658,118,590000000000,590018489696,590036979614,18489696,18489918,36979614,YES
657,658,119,595000000000,595018484671,595036969599,18484671,18484928,36969599,YES
658,659,0,0,82478855,164962124,82478855,82483269,164962124,YES
658,659,1,5000000000,5082637815,5165280182,82637815,82642367,165280182,YES
658,659,2,10000000000,10082806121,10165616928,82806121,82810807,165616928,YES
658,659,3,15000000000,15082983761,15165972338,82983761,82988577,165972338,YES
658,659,4,20000000000,20083170684,20166346315,83170684,83175631,166346315,YES
658,659,5,25000000000,25084223245,25167604751,84223245,83381506,167604751,YES
658,659,6,30000000000,30084689280,30168266508,84689280,83577228,168266508,YES
658,659,7,35000000000,35083786092,35167577475,83786092,83791383,167577475,YES
658,659,8,40000000000,40084008895,40168023177,84008895,84014282,168023177,YES
658,659,9,45000000000,45084316932,45253371872,84316932,169054940,253371872,YES
658,659,10,50000000000,50078863339,50170368246,78863339,91504907,170368246,YES
658,659,11,55000000000,55078964646,55157930315,78964646,78965669,157930315,YES
658,659,12,60000000000,60079075266,60158151693,79075266,79076427,158151693,YES
658,659,13,65000000000,65079195277,65158391861,79195277,79196584,158391861,YES
658,659,14,70000000000,70079324737,70158650918,79324737,79326181,158650918,YES
658,659,15,75000000000,75079463683,75158928983,79463683,79465300,158928983,YES
658,659,16,80000000000,80144666908,80224282820,144666908,79615912,224282820,YES
658,659,17,85000000000,85086379542,85166175786,86379542,79796244,166175786,YES
658,659,18,90000000000,90079937514,90159877160,79937514,79939646,159877160,YES
658,659,19,95000000000,95080114341,95160231016,80114341,80116675,160231016,YES
658,659,20,100000000000,100069571581,100139142856,69571581,69571275,139142856,YES
658,659,21,105000000000,105069531154,105139062182,69531154,69531028,139062182,YES
658,659,22,110000000000,110069503996,110139008041,69503996,69504045,139008041,YES
658,659,23,115000000000,115069490400,115139324251,69490400,69833851,139324251,YES
658,659,24,120000000000,120069490540,120138981489,69490540,69490949,138981489,YES
658,659,25,125000000000,125069504477,125142393923,69504477,72889446,142393923,YES
658,659,26,130000000000,130069532127,130139065007,69532127,69532880,139065007,YES
658,659,27,135000000000,135069573282,135139147479,69573282,69574197,139147479,YES
658,659,28,140000000000,140070421061,140140049755,70421061,69628694,140049755,YES
658,659,29,145000000000,145103037206,145172733594,103037206,69696388,172733594,YES
658,659,30,150000000000,150054655669,150109310046,54655669,54654377,109310046,YES
658,659,31,155000000000,155054614894,155109228652,54614894,54613758,109228652,YES
658,659,32,160000000000,160054587449,160109173917,54587449,54586468,109173917,YES
658,659,33,165000000000,165054572900,165109144976,54572900,54572076,109144976,YES
658,659,34,170000000000,170054570729,170109140784,54570729,54570055,109140784,YES
658,659,35,175000000000,175060788108,175115367925,60788108,54579817,115367925,YES
658,659,36,180000000000,180058825650,180113426329,58825650,54600679,113426329,YES
658,659,37,185000000000,185054632190,185109264128,54632190,54631938,109264128,YES
658,659,38,190000000000,190054673048,190109345967,54673048,54672919,109345967,YES
658,659,39,195000000000,195054722914,195109445814,54722914,54722900,109445814,YES
658,659,40,200000000000,200054781092,200109562275,54781092,54781183,109562275,YES
658,659,41,205000000000,205054846915,205109694018,54846915,54847103,109694018,YES
658,659,42,210000000000,210054919753,210109839784,54919753,54920031,109839784,YES
658,659,43,215000000000,215054999008,215109998379,54999008,54999371,109998379,YES
658,659,44,220000000000,220055084132,220110168712,55084132,55084580,110168712,YES
658,659,45,225000000000,225055174615,225110349750,55174615,55175135,110349750,YES
658,659,46,230000000000,230055269991,230110540564,55269991,55270573,110540564,YES
658,659,47,235000000000,235055369833,235110740323,55369833,55370490,110740323,YES
658,659,48,240000000000,240055473758,240110948227,55473758,55474469,110948227,YES
658,659,49,245000000000,245055581423,245111163601,55581423,55582178,111163601,YES
658,659,50,250000000000,250082828708,250165661922,82828708,82833214,165661922,YES
658,659,51,255000000000,255083008743,255166022142,83008743,83013399,166022142,YES
658,659,52,260000000000,260083199180,260166403156,83199180,83203976,166403156,YES
658,659,53,265000000000,265083399855,265166804642,83399855,83404787,166804642,YES
658,659,54,270000000000,270083610556,270167226183,83610556,83615627,167226183,YES
658,659,55,275000000000,275083831019,275167667219,83831019,83836200,167667219,YES
658,659,56,280000000000,280085121738,280169188020,85121738,84066282,169188020,YES
658,659,57,285000000000,285084299895,285168605207,84299895,84305312,168605207,YES
658,659,58,290000000000,290084547537,290169100589,84547537,84553052,169100589,YES
658,659,59,295000000000,295084803423,295169612470,84803423,84809047,169612470,YES
658,659,60,300000000000,300079606423,300166301852,79606423,86695429,166301852,YES
658,659,61,305000000000,305079733025,305164338477,79733025,84605452,164338477,YES
658,659,62,310000000000,310079868333,310168386423,79868333,88518090,168386423,YES
658,659,63,315000000000,315080012294,315160026034,80012294,80013740,160026034,YES
658,659,64,320000000000,320080164860,320160331316,80164860,80166456,160331316,YES
658,659,65,325000000000,325080325974,325160653699,80325974,80327725,160653699,YES
658,659,66,330000000000,330080495580,330160993078,80495580,80497498,160993078,YES
658,659,67,335000000000,335080673611,335161349319,80673611,80675708,161349319,YES
658,659,68,340000000000,340080859990,340161722253,80859990,80862263,161722253,YES
658,659,69,345000000000,345081054647,345162111753,81054647,81057106,162111753,YES
658,659,70,350000000000,350055572437,350111142633,55572437,55570196,111142633,YES
658,659,71,355000000000,355055421363,355110840622,55421363,55419259,110840622,YES
658,659,72,360000000000,360055282778,360110563581,55282778,55280803,110563581,YES
658,659,73,365000000000,365055157307,365110312780,55157307,55155473,110312780,YES
658,659,74,370000000000,370055045476,370110089262,55045476,55043786,110089262,YES
658,659,75,375000000000,375054947682,375109893831,54947682,54946149,109893831,YES
658,659,76,380000000000,380054864181,380109726981,54864181,54862800,109726981,YES
658,659,77,385000000000,385054795071,385109588916,54795071,54793845,109588916,YES
658,659,78,390000000000,390054740282,390109479496,54740282,54739214,109479496,YES
658,659,79,395000000000,395054699591,395109398267,54699591,54698676,109398267,YES
658,659,80,400000000000,400054706225,400109411685,54706225,54705460,109411685,YES
658,659,81,405000000000,405054692483,405109384355,54692483,54691872,109384355,YES
658,659,82,410000000000,410054691377,410109382281,54691377,54690904,109382281,YES
658,659,83,415000000000,415054702215,415109404093,54702215,54701878,109404093,YES
658,659,84,420000000000,420054724280,420109448352,54724280,54724072,109448352,YES
658,659,85,425000000000,425054756824,425109513555,54756824,54756731,109513555,YES
658,659,86,430000000000,430054799081,430109598179,54799081,54799098,109598179,YES
658,659,87,435000000000,435054850309,435109700735,54850309,54850426,109700735,YES
658,659,88,440000000000,440054909792,440109819796,54909792,54910004,109819796,YES
658,659,89,445000000000,445054976845,445109953994,54976845,54977149,109953994,YES
658,659,90,450000000000,450083271906,450163800498,83271906,80528592,163800498,YES
658,659,91,455000000000,455078855440,455157712712,78855440,78857272,157712712,YES
658,659,92,460000000000,460078863630,460159776809,78863630,80913179,159776809,YES
658,659,93,465000000000,465082949784,465161833009,82949784,78883225,161833009,YES
658,659,94,470000000000,470080969864,470159880086,80969864,78910222,159880086,YES
658,659,95,475000000000,475078944393,475157891051,78944393,78946658,157891051,YES
658,659,96,480000000000,480078990242,480163169755,78990242,84179513,163169755,YES
658,659,97,485000000000,485079045612,485167312468,79045612,88266856,167312468,YES
658,659,98,490000000000,490079110497,490165461180,79110497,86350683,165461180,YES
658,659,99,495000000000,495079184845,495158372288,79184845,79187443,158372288,YES
658,659,100,500000000000,500083543240,500167091540,83543240,83548300,167091540,YES
658,659,101,505000000000,505083762021,505167529227,83762021,83767206,167529227,YES
658,659,102,510000000000,510083990848,510167987003,83990848,83996155,167987003,YES
658,659,103,515000000000,515084229317,515168464055,84229317,84234738,168464055,YES
658,659,104,520000000000,520084476980,520168959485,84476980,84482505,168959485,YES
658,659,105,525000000000,525084733361,525169472362,84733361,84739001,169472362,YES
658,659,106,530000000000,530084997968,530170001665,84997968,85003697,170001665,YES
658,659,107,535000000000,535085270290,535170546401,85270290,85276111,170546401,YES
658,659,108,540000000000,540085549777,540171105463,85549777,85555686,171105463,YES
658,659,109,545000000000,545085835938,545171677876,85835938,85841938,171677876,YES
658,659,110,550000000000,550056727575,550113452300,56727575,56724725,113452300,YES
658,659,111,555000000000,555056516132,555113029494,56516132,56513362,113029494,YES
658,659,112,560000000000,560056312386,560112622083,56312386,56309697,112622083,YES
658,659,113,565000000000,565056117049,565112231500,56117049,56114451,112231500,YES
658,659,114,570000000000,570055930816,570111859139,55930816,55928323,111859139,YES
658,659,115,575000000000,575055754440,575111506495,55754440,55752055,111506495,YES
658,659,116,580000000000,580055588668,580111175062,55588668,55586394,111175062,YES
658,659,117,585000000000,585055434217,585110866291,55434217,55432074,110866291,YES
658,659,118,590000000000,590055291777,590110581537,55291777,55289760,110581537,YES
658,659,119,595000000000,595055161963,595110322043,55161963,55160080,110322043,YES
659,660,0,0,74435913,148870624,74435913,74434711,148870624,YES
659,660,1,5000000000,5074301988,5148602934,74301988,74300946,148602934,YES
659,660,2,10000000000,10074175707,10151599857,74175707,77424150,151599857,YES
659,660,3,15000000000,15074057440,15149490764,74057440,75433324,149490764,YES
659,660,4,20000000000,20073947547,20147894575,73947547,73947028,147894575,YES
659,660,5,25000000000,25073846382,25147692418,73846382,73846036,147692418,YES
659,660,6,30000000000,30073754273,30150689749,73754273,76935476,150689749,YES
659,660,7,35000000000,35073671537,35148731209,73671537,75059672,148731209,YES
659,660,8,40000000000,40075879723,40152784388,75879723,76904665,152784388,YES
659,660,9,45000000000,-1,-1,-1,-1,-1,LOST
659,660,10,50000000000,50081282591,50154765428,81282591,73482837,154765428,YES
659,660,11,55000000000,55073439886,55146880459,73439886,73440573,146880459,YES
659,660,12,60000000000,60073408036,60146816921,73408036,73408885,146816921,YES
659,660,13,65000000000,65073387044,65146775090,73387044,73388046,146775090,YES
659,660,14,70000000000,70073377091,70146755332,73377091,73378241,146755332,YES
659,660,15,75000000000,75073378340,75146757972,73378340,73379632,146757972,YES
659,660,16,80000000000,80073434066,80250277526,73434066,176843460,250277526,YES
659,660,17,85000000000,85073414906,85158090050,73414906,84675144,158090050,YES
659,660,18,90000000000,90073450348,90148921003,73450348,75470655,148921003,YES
659,660,19,95000000000,95074634322,95148133339,74634322,73499017,148133339,YES
659,660,20,100000000000,100069915017,100139828001,69915017,69912984,139828001,YES
659,660,21,105000000000,105069771268,105139540684,69771268,69769416,139540684,YES
659,660,22,110000000000,110069641267,110139280862,69641267,69639595,139280862,YES
659,660,23,115000000000,115069525201,115139048933,69525201,69523732,139048933,YES
659,660,24,120000000000,120069423125,120138844982,69423125,69421857,138844982,YES
659,660,25,125000000000,125069334946,125138668817,69334946,69333871,138668817,YES
659,660,26,130000000000,130069260422,130138519972,69260422,69259550,138519972,YES
659,660,27,135000000000,135069199190,135138397708,69199190,69198518,138397708,YES
659,660,28,140000000000,140069150771,140138301066,69150771,69150295,138301066,YES
659,660,29,145000000000,145069114576,145138228884,69114576,69114308,138228884,YES
659,660,30,150000000000,150065771911,150131544737,65771911,65772826,131544737,YES
659,660,31,155000000000,155065859966,155145430065,65859966,79570099,145430065,YES
659,660,32,160000000000,160065959575,160131920384,65959575,65960809,131920384,YES
659,660,33,165000000000,165066069954,165132141309,66069954,66071355,132141309,YES
659,660,34,170000000000,170066190316,170132382171,66190316,66191855,132382171,YES
659,660,35,175000000000,175066319893,175132641454,66319893,66321561,132641454,YES
659,660,36,180000000000,180066457957,180132917681,66457957,66459724,132917681,YES
659,660,37,185000000000,185066603768,185133209410,66603768,66605642,133209410,YES
659,660,38,190000000000,190066756680,190133515343,66756680,66758663,133515343,YES
659,660,39,195000000000,195066916068,195133834210,66916068,66918142,133834210,YES
659,660,40,200000000000,200067081374,200134164919,67081374,67083545,134164919,YES
659,660,41,205000000000,205067252069,205136275830,67252069,69023761,136275830,YES
659,660,42,210000000000,210067640965,210135070977,67640965,67430012,135070977,YES
659,660,43,215000000000,215067607780,215135217954,67607780,67610174,135217954,YES
659,660,44,220000000000,220067791973,220135586396,67791973,67794423,135586396,YES
659,660,45,225000000000,225067979909,225135962319,67979909,67982410,135962319,YES
659,660,46,230000000000,230068171269,230139637773,68171269,71466504,139637773,YES
659,660,47,235000000000,235068365759,235136734148,68365759,68368389,136734148,YES
659,660,48,240000000000,240068563147,240138741336,68563147,70178189,138741336,YES
659,660,49,245000000000,245069086826,245140000828,69086826,70914002,140000828,YES
659,660,50,250000000000,250073822432,250147644246,73822432,73821814,147644246,YES
659,660,51,255000000000,255073716894,255147433352,73716894,73716458,147433352,YES
659,660,52,260000000000,260075080057,260148700515,75080057,73620458,148700515,YES
659,660,53,265000000000,265076217001,265149751190,76217001,73534189,149751190,YES
659,660,54,270000000000,270076155737,270149613688,76155737,73457951,149613688,YES
659,660,55,275000000000,275075853965,275149245957,75853965,73391992,149245957,YES
659,660,56,280000000000,280073336047,280146672594,73336047,73336547,146672594,YES
659,660,57,285000000000,285073291107,285147368285,73291107,74077178,147368285,YES
659,660,58,290000000000,290073257064,290148628476,73257064,75371412,148628476,YES
659,660,59,295000000000,295073234067,295146469151,73234067,73235084,146469151,YES
659,660,60,300000000000,300073255853,300146512880,73255853,73257027,146512880,YES
659,660,61,305000000000,305073255331,305146511987,73255331,73256656,146511987,YES
659,660,62,310000000000,310073266181,310146533827,73266181,73267646,146533827,YES
659,660,63,315000000000,315073288451,315146578500,73288451,73290049,146578500,YES
659,660,64,320000000000,320073322148,320146646021,73322148,73323873,146646021,YES
659,660,65,325000000000,325073367228,325146736296,73367228,73369068,146736296,YES
659,660,66,330000000000,330073423594,330146849136,73423594,73425542,146849136,YES
659,660,67,335000000000,335073491077,335146984208,73491077,73493131,146984208,YES
659,660,68,340000000000,340074349718,340147921334,74349718,73571616,147921334,YES
659,660,69,345000000000,345073658412,345147319058,73658412,73660646,147319058,YES
659,660,70,350000000000,350065617214,350131233540,65617214,65616326,131233540,YES
659,660,71,355000000000,355065569960,355131139209,65569960,65569249,131139209,YES
659,660,72,360000000000,360065536729,360131072932,65536729,65536203,131072932,YES
659,660,73,365000000000,365065517905,365131035471,65517905,65517566,131035471,YES
659,660,74,370000000000,370065513709,370131027274,65513709,65513565,131027274,YES
659,660,75,375000000000,375065524217,375131048483,65524217,65524266,131048483,YES
659,660,76,380000000000,380065549317,380131098877,65549317,65549560,131098877,YES
659,660,77,385000000000,385065588759,385131177951,65588759,65589192,131177951,YES
659,660,78,390000000000,390065642126,390131284877,65642126,65642751,131284877,YES
659,660,79,395000000000,395065708893,395131418590,65708893,65709697,131418590,YES
659,660,80,400000000000,400065822018,400131645013,65822018,65822995,131645013,YES
659,660,81,405000000000,405065913597,405131828332,65913597,65914735,131828332,YES
659,660,82,410000000000,410066016474,410132034251,66016474,66017777,132034251,YES
659,660,83,415000000000,415066129874,415132261206,66129874,66131332,132261206,YES
659,660,84,420000000000,420066253019,420132507631,66253019,66254612,132507631,YES
659,660,85,425000000000,425066385148,425132772009,66385148,66386861,132772009,YES
659,660,86,430000000000,430066525547,430133052906,66525547,66527359,133052906,YES
659,660,87,435000000000,435066673495,435133348904,66673495,66675409,133348904,YES
659,660,88,440000000000,440066828354,440133658734,66828354,66830380,133658734,YES
659,660,89,445000000000,445066989531,445133981173,66989531,66991642,133981173,YES
659,660,90,450000000000,450078334187,450156668312,78334187,78334125,156668312,YES
659,660,91,455000000000,455078495664,455156991408,78495664,78495744,156991408,YES
659,660,92,460000000000,460078663692,460157327626,78663692,78663934,157327626,YES
659,660,93,465000000000,465078838403,465157677222,78838403,78838819,157677222,YES
659,660,94,470000000000,470079019940,470158040491,79019940,79020551,158040491,YES
659,660,95,475000000000,475079208426,475158417650,79208426,79209224,158417650,YES
659,660,96,480000000000,480079419304,480158824282,79419304,79404978,158824282,YES
659,660,97,485000000000,485079606691,485159214568,79606691,79607877,159214568,YES
659,660,98,490000000000,490079816570,490159634532,79816570,79817962,159634532,YES
659,660,99,495000000000,495080033632,495160068884,80033632,80035252,160068884,YES
659,660,100,500000000000,500073379836,500146759743,73379836,73379907,146759743,YES
659,660,101,505000000000,505073312481,505146625236,73312481,73312755,146625236,YES
659,660,102,510000000000,510073255942,510146512351,73255942,73256409,146512351,YES
659,660,103,515000000000,515073210389,515146421439,73210389,73211050,146421439,YES
659,660,104,520000000000,520073175956,520146352760,73175956,73176804,146352760,YES
659,660,105,525000000000,525073152752,525146306527,73152752,73153775,146306527,YES
659,660,106,530000000000,530073140847,530146282887,73140847,73142040,146282887,YES
659,660,107,535000000000,535073140283,535146281926,73140283,73141643,146281926,YES
659,660,108,540000000000,540073151103,540146303705,73151103,73152602,146303705,YES
659,660,109,545000000000,545073173290,545146348217,73173290,73174927,146348217,YES
659,660,110,550000000000,550070689583,550141376255,70689583,70686672,141376255,YES
659,660,111,555000000000,555070493905,555140985031,70493905,70491126,140985031,YES
659,660,112,560000000000,560070309212,560140615774,70309212,70306562,140615774,YES
659,660,113,565000000000,565070136010,565140269511,70136010,70133501,140269511,YES
659,660,114,570000000000,570069974759,570139947176,69974759,69972417,139947176,YES
659,660,115,575000000000,575069825837,575139649487,69825837,69823650,139649487,YES
659,660,116,580000000000,580069689532,580139377046,69689532,69687514,139377046,YES
659,660,117,585000000000,585069566051,585139130264,69566051,69564213,139130264,YES
659,660,118,590000000000,590069455492,590138909340,69455492,69453848,138909340,YES
659,660,119,595000000000,595069357869,595138714282,69357869,69356413,138714282,YES
660,661,0,0,44383393,88765210,44383393,44381817,88765210,YES
660,661,1,5000000000,5044315702,5088629863,44315702,44314161,88629863,YES
660,661,2,10000000000,10044681764,10088935068,44681764,44253304,88935068,YES
660,661,3,15000000000,15044200780,15088400098,44200780,44199318,88400098,YES
660,661,4,20000000000,20044153593,20088305770,44153593,44152177,88305770,YES
660,661,5,25000000000,25044113296,25088225223,44113296,44111927,88225223,YES
660,661,6,30000000000,30044079935,30088181745,44079935,44101810,88181745,YES
660,661,7,35000000000,35044053578,35088132914,44053578,44079336,88132914,YES
660,661,8,40000000000,40044034318,40089713117,44034318,45678799,89713117,YES
660,661,9,45000000000,45044022257,45089871449,44022257,45849192,89871449,YES
660,661,10,50000000000,50040165596,50080330160,40165596,40164564,80330160,YES
660,661,11,55000000000,55040039335,55080077724,40039335,40038389,80077724,YES
660,661,12,60000000000,60039921508,60079842158,39921508,39920650,79842158,YES
660,661,13,65000000000,65039812784,65079624793,39812784,39812009,79624793,YES
660,661,14,70000000000,70045185884,70084918161,45185884,39732277,84918161,YES
660,661,15,75000000000,75039625376,75079250162,39625376,39624786,79250162,YES
660,661,16,80000000000,80039548029,80079095570,39548029,39547541,79095570,YES
660,661,17,85000000000,85039482427,85078964471,39482427,39482044,78964471,YES
660,661,18,90000000000,90040386252,90079815091,40386252,39428839,79815091,YES
660,661,19,95000000000,95042322704,95081711096,42322704,39388392,81711096,YES
660,661,20,100000000000,100039327551,100078655059,39327551,39327508,78655059,YES
660,661,21,105000000000,105039313503,105078627076,39313503,39313573,78627076,YES
660,661,22,110000000000,110039312938,110078626060,39312938,39313122,78626060,YES
660,661,23,115000000000,115039325836,115078651966,39325836,39326130,78651966,YES
660,661,24,120000000000,120039352035,120078704473,39352035,39352438,78704473,YES
660,661,25,125000000000,125039391263,125078783030,39391263,39391767,78783030,YES
660,661,26,130000000000,130039900320,130079344056,39900320,39443736,79344056,YES
660,661,27,135000000000,135039507142,135079014980,39507142,39507838,79014980,YES
660,661,28,140000000000,140039582755,140079166303,39582755,39583548,79166303,YES
660,661,29,145000000000,145039669362,145079339598,39669362,39670236,79339598,YES
660,661,30,150000000000,150070801708,150143130083,70801708,72328375,143130083,YES
660,661,31,155000000000,155114840600,155185710574,114840600,70869974,185710574,YES
660,661,32,160000000000,160070947644,160141897174,70947644,70949530,141897174,YES
660,661,33,165000000000,165071120254,165149443867,71120254,78323613,149443867,YES
660,661,34,170000000000,170071148197,170142298597,71148197,71150400,142298597,YES
660,661,35,175000000000,175071267595,175142537529,71267595,71269934,142537529,YES
660,661,36,180000000000,180074322866,180148210546,74322866,73887680,148210546,YES
660,661,37,185000000000,185076401008,185152370542,76401008,75969534,152370542,YES
660,661,38,190000000000,190081109237,190156653022,81109237,75543785,156653022,YES
660,661,39,195000000000,195072797313,195144657871,72797313,71860558,144657871,YES
660,661,40,200000000000,200190581370,200265746209,190581370,75164839,265746209,YES
660,661,41,205000000000,205072211050,205147713531,72211050,75502481,147713531,YES
660,661,42,210000000000,-1,-1,-1,-1,-1,LOST
660,661,43,215000000000,215072596604,215145196381,72596604,72599777,145196381,YES
660,661,44,220000000000,220072800073,220153807409,72800073,81007336,153807409,YES
660,661,45,225000000000,225082242334,225157899396,82242334,75657062,157899396,YES
660,661,46,230000000000,230077956353,230156000363,77956353,78044010,156000363,YES
660,661,47,235000000000,235073447530,235146898538,73447530,73451008,146898538,YES
660,661,48,240000000000,240075828135,240149506115,75828135,73677980,149506115,YES
660,661,49,245000000000,245075129612,245149039321,75129612,73909709,149039321,YES
660,661,50,250000000000,250044293043,250087816598,44293043,43523555,87816598,YES
660,661,51,255000000000,255043467517,255086933662,43467517,43466145,86933662,YES
660,661,52,260000000000,260043417827,260086834331,43417827,43416504,86834331,YES
660,661,53,265000000000,265043375981,265087732055,43375981,44356074,87732055,YES
660,661,54,270000000000,270043342055,270086682901,43342055,43340846,86682901,YES
660,661,55,275000000000,275043316131,275086631121,43316131,43314990,86631121,YES
660,661,56,280000000000,280043298321,280086595570,43298321,43297249,86595570,YES
660,661,57,285000000000,285043288736,285088158212,43288736,44869476,88158212,YES
660,661,58,290000000000,290043291099,290089265687,43291099,45974588,89265687,YES
660,661,59,295000000000,295043294820,295086588819,43294820,43293999,86588819,YES
660,661,60,300000000000,300039678194,300079355656,39678194,39677462,79355656,YES
660,661,61,305000000000,305039574917,305079149193,39574917,39574276,79149193,YES
660,661,62,310000000000,310039481451,310078962366,39481451,39480915,78962366,YES
660,661,63,315000000000,315039398393,315078796352,39398393,39397959,78796352,YES
660,661,64,320000000000,320039326305,320078652282,39326305,39325977,78652282,YES
660,661,65,325000000000,325039265684,325078531149,39265684,39265465,78531149,YES
660,661,66,330000000000,330039216967,330078433825,39216967,39216858,78433825,YES
660,661,67,335000000000,335039180493,335078360991,39180493,39180498,78360991,YES
660,661,68,340000000000,340039156509,340078313136,39156509,39156627,78313136,YES
660,661,69,345000000000,345039145152,345078290533,39145152,39145381,78290533,YES
660,661,70,350000000000,350070458925,350146409333,70458925,75950408,146409333,YES
660,661,71,355000000000,355070404199,355140808115,70404199,70403916,140808115,YES
660,661,72,360000000000,360070363952,360147401855,70363952,77037903,147401855,YES
660,661,73,365000000000,365070338622,365145390941,70338622,75052319,145390941,YES
660,661,74,370000000000,370070328546,370143395179,70328546,73066633,143395179,YES
660,661,75,375000000000,375070333926,375140668461,70333926,70334535,140668461,YES
660,661,76,380000000000,380070354821,380140710469,70354821,70355648,140710469,YES
660,661,77,385000000000,385070391166,385140783369,70391166,70392203,140783369,YES
660,661,78,390000000000,390070442746,390140886731,70442746,70443985,140886731,YES
660,661,79,395000000000,395070509225,395141019884,70509225,70510659,141019884,YES
660,661,80,400000000000,400070556556,400141114737,70556556,70558181,141114737,YES
660,661,81,405000000000,405070651392,405141304583,70651392,70653191,141304583,YES
660,661,82,410000000000,410070759524,410141521010,70759524,70761486,141521010,YES
660,661,83,415000000000,415070880275,415141762662,70880275,70882387,141762662,YES
660,661,84,420000000000,420071012949,420142028162,71012949,71015213,142028162,YES
660,661,85,425000000000,425071156838,425142316065,71156838,71159227,142316065,YES
660,661,86,430000000000,430071311219,430142624965,71311219,71313746,142624965,YES
660,661,87,435000000000,435071475402,435142953448,71475402,71478046,142953448,YES
660,661,88,440000000000,440071648724,440143300198,71648724,71651474,143300198,YES
660,661,89,445000000000,445071830543,445143663935,71830543,71833392,143663935,YES
660,661,90,450000000000,450051179200,450102361094,51179200,51181894,102361094,YES
660,661,91,455000000000,455051371173,455102745098,51371173,51373925,102745098,YES
660,661,92,460000000000,460051571127,460103145066,51571127,51573939,103145066,YES
660,661,93,465000000000,465051778867,465103560594,51778867,51781727,103560594,YES
660,661,94,470000000000,470051994186,470103991265,51994186,51997079,103991265,YES
660,661,95,475000000000,475052216843,475104436638,52216843,52219795,104436638,YES
660,661,96,480000000000,480052446579,480104896142,52446579,52449563,104896142,YES
660,661,97,485000000000,485052683104,485105369223,52683104,52686119,105369223,YES
660,661,98,490000000000,490052926113,490105855286,52926113,52929173,105855286,YES
660,661,99,495000000000,495053175284,495106353666,53175284,53178382,106353666,YES
660,661,100,500000000000,500043281909,500086562604,43281909,43280695,86562604,YES
660,661,101,505000000000,505043255132,505086509114,43255132,43253982,86509114,YES
660,661,102,510000000000,510043236553,510086472026,43236553,43235473,86472026,YES
660,661,103,515000000000,515043226251,515086451495,43226251,43225244,86451495,YES
660,661,104,520000000000,520043224315,520086447703,43224315,43223388,86447703,YES
660,661,105,525000000000,525043230858,525086460873,43230858,43230015,86460873,YES
660,661,106,530000000000,530043246004,530086491256,43246004,43245252,86491256,YES
660,661,107,535000000000,535043269880,535086539106,43269880,43269226,86539106,YES
660,661,108,540000000000,540043302627,540086604701,43302627,43302074,86604701,YES
660,661,109,545000000000,545043344360,545086688276,43344360,43343916,86688276,YES
660,661,110,550000000000,550042559363,550085117456,42559363,42558093,85117456,YES
660,661,111,555000000000,555042369594,555084738038,42369594,42368444,84738038,YES
660,661,112,560000000000,560042189964,560084378899,42189964,42188935,84378899,YES
660,661,113,565000000000,565042020919,565084040926,42020919,42020007,84040926,YES
660,661,114,570000000000,570041862848,570083724916,41862848,41862068,83724916,YES
660,661,115,575000000000,575041716084,575083431502,41716084,41715418,83431502,YES
660,661,116,580000000000,580041580877,580083161204,41580877,41580327,83161204,YES
660,661,117,585000000000,585041457415,585082914394,41457415,41456979,82914394,YES
660,661,118,590000000000,590041345833,590082691333,41345833,41345500,82691333,YES
660,661,119,595000000000,595041246175,595082492121,41246175,41245946,82492121,YES
661,662,0,0,71510142,143020724,71510142,71510582,143020724,YES
661,662,1,5000000000,5071547432,5146862728,71547432,75315296,146862728,YES
661,662,2,10000000000,10073704365,10145301969,73704365,71597604,145301969,YES
661,662,3,15000000000,15072963727,15144622531,72963727,71658804,144622531,YES
661,662,4,20000000000,20071878738,20143609867,71878738,71731129,143609867,YES
661,662,5,25000000000,25075123034,25147093699,75123034,71970665,147093699,YES
661,662,6,30000000000,30073177855,30145084803,73177855,71906948,145084803,YES
661,662,7,35000000000,35072007799,35144017009,72007799,72009210,144017009,YES
661,662,8,40000000000,40072118780,40144239087,72118780,72120307,144239087,YES
661,662,9,45000000000,45074095541,45146335246,74095541,72239705,146335246,YES
661,662,10,50000000000,50065322543,50130645198,65322543,65322655,130645198,YES
661,662,11,55000000000,55065409118,55130818435,65409118,65409317,130818435,YES
661,662,12,60000000000,60065504027,60131008355,65504027,65504328,131008355,YES
661,662,13,65000000000,65065607216,65131214839,65607216,65607623,131214839,YES
661,662,14,70000000000,70065718640,70132439562,65718640,66720922,132439562,YES
661,662,15,75000000000,75065838273,75131677188,65838273,65838915,131677188,YES
661,662,16,80000000000,80065966108,80131932994,65966108,65966886,131932994,YES
661,662,17,85000000000,85066102130,85132205186,66102130,66103056,132205186,YES
661,662,18,90000000000,90066246338,90132493750,66246338,66247412,132493750,YES
661,662,19,95000000000,95066398723,95132798672,66398723,66399949,132798672,YES
661,662,20,100000000000,100066525661,100133052709,66525661,66527048,133052709,YES
661,662,21,105000000000,105066694317,105133390173,66694317,66695856,133390173,YES
661,662,22,110000000000,110066871011,110133743727,66871011,66872716,133743727,YES
661,662,23,115000000000,115070006089,115137063733,70006089,67057644,137063733,YES
661,662,24,120000000000,120069891231,120137141452,69891231,67250221,137141452,YES
661,662,25,125000000000,125067448131,125134898465,67448131,67450334,134898465,YES
661,662,26,130000000000,130067655565,130136366913,67655565,68711348,136366913,YES
661,662,27,135000000000,135067870128,135135742790,67870128,67872662,135742790,YES
661,662,28,140000000000,140068091528,140136185759,68091528,68094231,136185759,YES
661,662,29,145000000000,145069409835,145137732187,69409835,68322352,137732187,YES
661,662,30,150000000000,150041281633,150082562642,41281633,41281009,82562642,YES
661,662,31,155000000000,155041167865,155082335222,41167865,41167357,82335222,YES
661,662,32,160000000000,160041064864,160082129341,41064864,41064477,82129341,YES
661,662,33,165000000000,165040972924,165081945589,40972924,40972665,81945589,YES
661,662,34,170000000000,170040892278,170081784405,40892278,40892127,81784405,YES
661,662,35,175000000000,175040823106,175081646171,40823106,40823065,81646171,YES
661,662,36,180000000000,180040765539,180081531146,40765539,40765607,81531146,YES
661,662,37,185000000000,185040719668,185081439502,40719668,40719834,81439502,YES
661,662,38,190000000000,190040685541,190081371339,40685541,40685798,81371339,YES
661,662,39,195000000000,195040663165,195081326675,40663165,40663510,81326675,YES
661,662,40,200000000000,200040652517,200081305456,40652517,40652939,81305456,YES
661,662,41,205000000000,205040653510,205081307521,40653510,40654011,81307521,YES
661,662,42,210000000000,210040666021,210081332612,40666021,40666591,81332612,YES
661,662,43,215000000000,215040689858,215081380339,40689858,40690481,81380339,YES
661,662,44,220000000000,220040724771,220081450220,40724771,40725449,81450220,YES
661,662,45,225000000000,225040770441,225082275934,40770441,41505493,82275934,YES
661,662,46,230000000000,230040826485,230081653763,40826485,40827278,81653763,YES
661,662,47,235000000000,235040892455,235081785749,40892455,40893294,81785749,YES
661,662,48,240000000000,240040967866,240081936605,40967866,40968739,81936605,YES
661,662,49,245000000000,245041052176,245082105267,41052176,41053091,82105267,YES
661,662,50,250000000000,250072252450,250143290288,72252450,71037838,143290288,YES
661,662,51,255000000000,255071101380,255143849357,71101380,72747977,143849357,YES
661,662,52,260000000000,260071176560,260146306714,71176560,75130154,146306714,YES
661,662,53,265000000000,265074686260,265150192015,74686260,75505755,150192015,YES
661,662,54,270000000000,270073382242,270144741287,73382242,71359045,144741287,YES
661,662,55,275000000000,275071462837,275179591834,71462837,108128997,179591834,YES
661,662,56,280000000000,280071576519,280143154412,71576519,71577893,143154412,YES
661,662,57,285000000000,285077363156,285149063170,77363156,71700014,149063170,YES
661,662,58,290000000000,290078601272,290150430908,78601272,71829636,150430908,YES
661,662,59,295000000000,295071964424,295143930564,71964424,71966140,143930564,YES
661,662,60,300000000000,300070823414,300137182164,70823414,66358750,137182164,YES
661,662,61,305000000000,305066461051,305132922422,66461051,66461371,132922422,YES
661,662,62,310000000000,310066570885,310133142200,66570885,66571315,133142200,YES
661,662,63,315000000000,315066687939,315133376417,66687939,66688478,133376417,YES
661,662,64,320000000000,320066812210,320133625074,66812210,66812864,133625074,YES
661,662,65,325000000000,325066943723,325133888217,66943723,66944494,133888217,YES
661,662,66,330000000000,330067082510,330134165929,67082510,67083419,134165929,YES
661,662,67,335000000000,335067228571,335134458181,67228571,67229610,134458181,YES
661,662,68,340000000000,340067381947,340134765081,67381947,67383134,134765081,YES
661,662,69,345000000000,345067542656,345135086646,67542656,67543990,135086646,YES
661,662,70,350000000000,350042959113,350085916886,42959113,42957773,85916886,YES
661,662,71,355000000000,355042782053,355085562857,42782053,42780804,85562857,YES
661,662,72,360000000000,360042612139,360085223131,42612139,42610992,85223131,YES
661,662,73,365000000000,365042449854,365084898674,42449854,42448820,84898674,YES
661,662,74,370000000000,370042295653,370084590382,42295653,42294729,84590382,YES
661,662,75,375000000000,375042149976,375084299141,42149976,42149165,84299141,YES
661,662,76,380000000000,380042013213,380084025726,42013213,42012513,84025726,YES
661,662,77,385000000000,385041885708,385083770852,41885708,41885144,83770852,YES
661,662,78,390000000000,390041767756,390083535068,41767756,41767312,83535068,YES
661,662,79,395000000000,395041659600,395083318871,41659600,41659271,83318871,YES
661,662,80,400000000000,400041527828,400083055439,41527828,41527611,83055439,YES
661,662,81,405000000000,405041439775,405082879443,41439775,41439668,82879443,YES
661,662,82,410000000000,410041361955,410082723908,41361955,41361953,82723908,YES
661,662,83,415000000000,415041294441,415082588982,41294441,41294541,82588982,YES
661,662,84,420000000000,420041237286,420082474767,41237286,41237481,82474767,YES
661,662,85,425000000000,425041190540,425082381362,41190540,41190822,82381362,YES
661,662,86,430000000000,430041154243,430082308851,41154243,41154608,82308851,YES
661,662,87,435000000000,435041128430,435082257294,41128430,41128864,82257294,YES
661,662,88,440000000000,440041113133,440082226770,41113133,41113637,82226770,YES
661,662,89,445000000000,445041108372,445082217316,41108372,41108944,82217316,YES
661,662,90,450000000000,450071226484,450142452383,71226484,71225899,142452383,YES
661,662,91,455000000000,455071184559,455142368710,71184559,71184151,142368710,YES
661,662,92,460000000000,460071156326,460142312422,71156326,71156096,142312422,YES
661,662,93,465000000000,465074480620,465145622512,74480620,71141892,145622512,YES
661,662,94,470000000000,470072532995,470143674571,72532995,71141576,143674571,YES
661,662,95,475000000000,475071154728,475142309753,71154728,71155025,142309753,YES
661,662,96,480000000000,480071181557,480145886454,71181557,74704897,145886454,YES
661,662,97,485000000000,485071221591,485143977384,71221591,72755793,143977384,YES
661,662,98,490000000000,490071274384,490142549564,71274384,71275180,142549564,YES
661,662,99,495000000000,495071339408,495142679769,71339408,71340361,142679769,YES
661,662,100,500000000000,500071416087,500142833273,71416087,71417186,142833273,YES
661,662,101,505000000000,505071503792,505143008826,71503792,71505034,143008826,YES
661,662,102,510000000000,510071601878,510143205133,71601878,71603255,143205133,YES
661,662,103,515000000000,515071709701,515143420905,71709701,71711204,143420905,YES
661,662,104,520000000000,520071826618,520143654856,71826618,71828238,143654856,YES
661,662,105,525000000000,525071952005,525143905758,71952005,71953753,143905758,YES
661,662,106,530000000000,530072085276,530144172421,72085276,72087145,144172421,YES
661,662,107,535000000000,535072225862,535144453691,72225862,72227829,144453691,YES
661,662,108,540000000000,540072373246,540144748555,72373246,72375309,144748555,YES
661,662,109,545000000000,545072526927,545145056006,72526927,72529079,145056006,YES
661,662,110,550000000000,550037348128,550074694844,37348128,37346716,74694844,YES
661,662,111,555000000000,555037325852,555074650342,37325852,37324490,74650342,YES
661,662,112,560000000000,560037309132,560074616949,37309132,37307817,74616949,YES
661,662,113,565000000000,565037298079,565074594901,37298079,37296822,74594901,YES
661,662,114,570000000000,570037292847,570074584499,37292847,37291652,74584499,YES
661,662,115,575000000000,575037293618,575074586108,37293618,37292490,74586108,YES
661,662,116,580000000000,580037300600,580074600144,37300600,37299544,74600144,YES
661,662,117,585000000000,585037313989,585074627015,37313989,37313026,74627015,YES
661,662,118,590000000000,590037334052,590074667225,37334052,37333173,74667225,YES
661,662,119,595000000000,595037360997,595074721198,37360997,37360201,74721198,YES
662,663,0,0,98069798,196139852,98069798,98070054,196139852,YES
662,663,1,5000000000,5103424598,5201550631,103424598,98126033,201550631,YES
662,663,2,10000000000,10098193357,10196387551,98193357,98194194,196387551,YES
662,663,3,15000000000,15098272985,15196547080,98272985,98274095,196547080,YES
662,663,4,20000000000,20112433092,20220343141,112433092,107910049,220343141,YES
662,663,5,25000000000,25098464736,25205561509,98464736,107096773,205561509,YES
662,663,6,30000000000,30098575573,30201402753,98575573,102827180,201402753,YES
662,663,7,35000000000,35098695548,35197393159,98695548,98697611,197393159,YES
662,663,8,40000000000,40098824073,40197650408,98824073,98826335,197650408,YES
662,663,9,45000000000,45104596390,45203559597,104596390,98963207,203559597,YES
662,663,10,50000000000,50084764862,50169531166,84764862,84766304,169531166,YES
662,663,11,55000000000,55084764418,55169530456,84764418,84766038,169530456,YES
662,663,12,60000000000,60084774062,60169549911,84774062,84775849,169549911,YES
662,663,13,65000000000,65084793635,65169589222,84793635,84795587,169589222,YES
662,663,14,70000000000,70084822998,70169648096,84822998,84825098,169648096,YES
662,663,15,75000000000,75084861993,75169726220,84861993,84864227,169726220,YES
662,663,16,80000000000,80084910445,80169823252,84910445,84912807,169823252,YES
662,663,17,85000000000,85084968184,85169938847,84968184,84970663,169938847,YES
662,663,18,90000000000,90086638605,90171676233,86638605,85037628,171676233,YES
662,663,19,95000000000,95085110779,95170224249,85110779,85113470,170224249,YES
662,663,20,100000000000,100085195240,100171543939,85195240,86348699,171543939,YES
662,663,21,105000000000,105085288190,105170579260,85288190,85291070,170579260,YES
662,663,22,110000000000,110085389399,110175240007,85389399,89850608,175240007,YES
662,663,23,115000000000,115085498628,115171000296,85498628,85501668,171000296,YES
662,663,24,120000000000,120085615616,120171234345,85615616,85618729,171234345,YES
662,663,25,125000000000,125085740101,125171483402,85740101,85743301,171483402,YES
662,663,26,130000000000,130085871819,130171746895,85871819,85875076,171746895,YES
662,663,27,135000000000,135086010477,135172220210,86010477,86209733,172220210,YES
662,663,28,140000000000,140086155792,140172314967,86155792,86159175,172314967,YES
662,663,29,145000000000,145086307489,145175044751,86307489,88737262,175044751,YES
662,663,30,150000000000,150098341216,150196400143,98341216,98058927,196400143,YES
662,663,31,155000000000,155097970964,155195939458,97970964,97968494,195939458,YES
662,663,32,160000000000,160098238949,160196128719,98238949,97889770,196128719,YES
662,663,33,165000000000,165108755522,165206578825,108755522,97823303,206578825,YES
662,663,34,170000000000,170100251228,170198021305,100251228,97770077,198021305,YES
662,663,35,175000000000,175097732035,175195462384,97732035,97730349,195462384,YES
662,663,36,180000000000,180109461654,180212298011,109461654,102836357,212298011,YES
662,663,37,185000000000,185107543849,185205237432,107543849,97693583,205237432,YES
662,663,38,190000000000,190111653832,190236129037,111653832,124475205,236129037,YES
662,663,39,195000000000,195097716972,195202261879,97716972,104544907,202261879,YES
662,663,40,200000000000,200099313202,200290508908,99313202,191195706,290508908,YES
662,663,41,205000000000,205097800089,205204246355,97800089,106446266,204246355,YES
662,663,42,210000000000,-1,-1,-1,-1,-1,LOST
662,663,43,215000000000,215097943916,215195888379,97943916,97944463,195888379,YES
662,663,44,220000000000,220101538382,220208202826,101538382,106664444,208202826,YES
662,663,45,225000000000,225099582551,225199851855,99582551,100269304,199851855,YES
662,663,46,230000000000,230103638895,230202079617,103638895,98440722,202079617,YES
662,663,47,235000000000,235098404128,235196810043,98404128,98405915,196810043,YES
662,663,48,240000000000,240098552176,240197106431,98552176,98554255,197106431,YES
662,663,49,245000000000,245098712150,245197426661,98712150,98714511,197426661,YES
662,663,50,250000000000,250098293134,250197341486,98293134,99048352,197341486,YES
662,663,51,255000000000,255098389729,255200134191,98389729,101744462,200134191,YES
662,663,52,260000000000,260098496357,260196994462,98496357,98498105,196994462,YES
662,663,53,265000000000,265103724129,265202338597,103724129,98614468,202338597,YES
662,663,54,270000000000,270103566407,270202305857,103566407,98739450,202305857,YES
662,663,55,275000000000,275098870067,275210857849,98870067,111987782,210857849,YES
662,663,56,280000000000,280106054529,280214393024,106054529,108338495,214393024,YES
662,663,57,285000000000,285104177619,285203338803,104177619,99161184,203338803,YES
662,663,58,290000000000,290108307942,290212194645,108307942,103886703,212194645,YES
662,663,59,295000000000,295099473164,295202836278,99473164,103363114,202836278,YES
662,663,60,300000000000,300085102779,300170207474,85102779,85104695,170207474,YES
662,663,61,305000000000,305085133755,305170269565,85133755,85135810,170269565,YES
662,663,62,310000000000,310085173968,310170350120,85173968,85176152,170350120,YES
662,663,63,315000000000,315085223256,315170448821,85223256,85225565,170448821,YES
662,663,64,320000000000,320085281459,320170565344,85281459,85283885,170565344,YES
662,663,65,325000000000,325085348398,325170699328,85348398,85350930,170699328,YES
662,663,66,330000000000,330085423892,330170850414,85423892,85426522,170850414,YES
662,663,67,335000000000,335085507741,335171018211,85507741,85510470,171018211,YES
662,663,68,340000000000,340085599744,340171202321,85599744,85602577,171202321,YES
662,663,69,345000000000,345085699674,345171402265,85699674,85702591,171402265,YES
662,663,70,350000000000,350101948047,350201399441,101948047,99451394,201399441,YES
662,663,71,355000000000,355099286118,355198568618,99286118,99282500,198568618,YES
662,663,72,360000000000,360105141334,360204260811,105141334,99119477,204260811,YES
662,663,73,365000000000,365109056009,365208019125,109056009,98963116,208019125,YES
662,663,74,370000000000,370106981856,370205795869,106981856,98814013,205795869,YES
662,663,75,375000000000,375098675783,375197348366,98675783,98672583,197348366,YES
662,663,76,380000000000,380098542089,380197081091,98542089,98539002,197081091,YES
662,663,77,385000000000,385098417058,385200660058,98417058,102243000,200660058,YES
662,663,78,390000000000,390098301303,390198668133,98301303,100366830,198668133,YES
662,663,79,395000000000,395098195468,395196388258,98195468,98192790,196388258,YES
662,663,80,400000000000,400105463172,400203527132,105463172,98063960,203527132,YES
662,663,81,405000000000,405097982645,405195962938,97982645,97980293,195962938,YES
662,663,82,410000000000,410097910618,410195819055,97910618,97908437,195819055,YES
662,663,83,415000000000,415097851181,415195700375,97851181,97849194,195700375,YES
662,663,84,420000000000,420097804966,420195608153,97804966,97803187,195608153,YES
662,663,85,425000000000,425097772537,425195543517,97772537,97770980,195543517,YES
662,663,86,430000000000,430097754395,430195507469,97754395,97753074,195507469,YES
662,663,87,435000000000,435097750951,435195500837,97750951,97749886,195500837,YES
662,663,88,440000000000,440097762519,440195524240,97762519,97761721,195524240,YES
662,663,89,445000000000,445097789310,445195578103,97789310,97788793,195578103,YES
662,663,90,450000000000,450097744575,450195487643,97744575,97743068,195487643,YES
662,663,91,455000000000,455097721641,455195442082,97721641,97720441,195442082,YES
662,663,92,460000000000,460097713917,460195426948,97713917,97713031,195426948,YES
662,663,93,465000000000,465097721191,465195441813,97721191,97720622,195441813,YES
662,663,94,470000000000,470097743134,470201922022,97743134,104178888,201922022,YES
662,663,95,475000000000,475097779312,475199925033,97779312,102145721,199925033,YES
662,663,96,480000000000,480097829223,480198315443,97829223,100486220,198315443,YES
662,663,97,485000000000,485097892297,485196382000,97892297,98489703,196382000,YES
662,663,98,490000000000,490097967899,490195936746,97967899,97968847,195936746,YES
662,663,99,495000000000,495098055366,495196111979,98055366,98056613,196111979,YES
662,663,100,500000000000,500098187622,500196376749,98187622,98189127,196376749,YES
662,663,101,505000000000,505098296788,505196595326,98296788,98298538,196595326,YES
662,663,102,510000000000,510098415795,510196833572,98415795,98417777,196833572,YES
662,663,103,515000000000,515098543999,515197090194,98543999,98546195,197090194,YES
662,663,104,520000000000,520098680791,520197363990,98680791,98683199,197363990,YES
662,663,105,525000000000,525098825586,525197653763,98825586,98828177,197653763,YES
662,663,106,530000000000,530098977854,530197958472,98977854,98980618,197958472,YES
662,663,107,535000000000,535099137088,535198277120,99137088,99140032,198277120,YES
662,663,108,540000000000,540099302864,540198608816,99302864,99305952,198608816,YES
662,663,109,545000000000,545099474715,545198952659,99474715,99477944,198952659,YES
662,663,110,550000000000,550056853762,550113708709,56853762,56854947,113708709,YES
662,663,111,555000000000,555056844562,555113690363,56844562,56845801,113690363,YES
662,663,112,560000000000,560056841862,560113685008,56841862,56843146,113685008,YES
662,663,113,565000000000,565056845496,565113692320,56845496,56846824,113692320,YES
662,663,114,570000000000,570056855294,570113711955,56855294,56856661,113711955,YES
662,663,115,575000000000,575056871082,575113743567,56871082,56872485,113743567,YES
662,663,116,580000000000,580056892686,580113786809,56892686,56894123,113786809,YES
662,663,117,585000000000,585056919919,585113841307,56919919,56921388,113841307,YES
662,663,118,590000000000,590056952594,590113906688,56952594,56954094,113906688,YES
662,663,119,595000000000,595056990524,595113982570,56990524,56992046,113982570,YES
663,664,0,0,58119194,116240198,58119194,58121004,116240198,YES
663,664,1,5000000000,5058263364,5116528664,58263364,58265300,116528664,YES
663,664,2,10000000000,10058417906,10116837851,58417906,58419945,116837851,YES
663,664,3,15000000000,15058582269,15117166674,58582269,58584405,117166674,YES
663,664,4,20000000000,20061646963,20122887583,61646963,61240620,122887583,YES
663,664,5,25000000000,25061161404,25120102163,61161404,58940759,120102163,YES
663,664,6,30000000000,30059129063,30118260525,59129063,59131462,118260525,YES
663,664,7,35000000000,35059327557,35118657582,59327557,59330025,118657582,YES
663,664,8,40000000000,40059533386,40119069327,59533386,59535941,119069327,YES
663,664,9,45000000000,45059746125,45119494869,59746125,59748744,119494869,YES
663,664,10,50000000000,50054495062,50105833996,54495062,51338934,105833996,YES
663,664,11,55000000000,55051259064,55102517265,51259064,51258201,102517265,YES
663,664,12,60000000000,60051999583,60103188124,51999583,51188541,103188124,YES
663,664,13,65000000000,65051131016,65102261368,51131016,51130352,102261368,YES
663,664,14,70000000000,70051084453,70102168350,51084453,51083897,102168350,YES
663,664,15,75000000000,75051049846,75102099246,51049846,51049400,102099246,YES
663,664,16,80000000000,80052874443,80106262345,52874443,53387902,106262345,YES
663,664,17,85000000000,85051017107,85105225125,51017107,54208018,105225125,YES
663,664,18,90000000000,90054939769,90105958754,54939769,51018985,105958754,YES
663,664,19,95000000000,95051525733,95105439778,51525733,53914045,105439778,YES
663,664,20,100000000000,100055642481,100114192340,55642481,58549859,114192340,YES
663,664,21,105000000000,105051895647,105106113997,51895647,54218350,106113997,YES
663,664,22,110000000000,110051147747,110118273202,51147747,67125455,118273202,YES
663,664,23,115000000000,115051209095,115102418646,51209095,51209551,102418646,YES
663,664,24,120000000000,120051281543,120103655719,51281543,52374176,103655719,YES
663,664,25,125000000000,125051364727,125102730122,51364727,51365395,102730122,YES
663,664,26,130000000000,130052328975,130103788024,52328975,51459049,103788024,YES
663,664,27,135000000000,135051881206,135103443817,51881206,51562611,103443817,YES
663,664,28,140000000000,140051674726,140103350426,51674726,51675700,103350426,YES
663,664,29,145000000000,145051796816,145103594701,51796816,51797885,103594701,YES
663,664,30,150000000000,150057589498,150115549018,57589498,57959520,115549018,YES
663,664,31,155000000000,155057522922,155115045209,57522922,57522287,115045209,YES
663,664,32,160000000000,160057468607,160116238911,57468607,58770304,116238911,YES
663,664,33,165000000000,165057427081,165126105919,57427081,68678838,126105919,YES
663,664,34,170000000000,170057398811,170118251311,57398811,60852500,118251311,YES
663,664,35,175000000000,175057384188,175114768432,57384188,57384244,114768432,YES
663,664,36,180000000000,180063918994,180133462016,63918994,69543022,133462016,YES
663,664,37,185000000000,185065945486,185131544275,65945486,65598789,131544275,YES
663,664,38,190000000000,190070628008,190141656263,70628008,71028255,141656263,YES
663,664,39,195000000000,195066012179,195123479602,66012179,57467423,123479602,YES
663,664,40,200000000000,200180168641,200237660063,180168641,57491422,237660063,YES
663,664,41,205000000000,205057558731,205115118572,57558731,57559841,115118572,YES
663,664,42,210000000000,-1,-1,-1,-1,-1,LOST
663,664,43,215000000000,215058434464,215116174374,58434464,57739910,116174374,YES
663,664,44,220000000000,220057847576,220119538519,57847576,61690943,119538519,YES
663,664,45,225000000000,225066146847,225129582854,66146847,63436007,129582854,YES
663,664,46,230000000000,230058202790,230121639120,58202790,63436330,121639120,YES
663,664,47,235000000000,235058245713,235116493365,58245713,58247652,116493365,YES
663,664,48,240000000000,240058400230,240116802503,58400230,58402273,116802503,YES
663,664,49,245000000000,245058564720,245117131583,58564720,58566863,117131583,YES
663,664,50,250000000000,250058772250,250117546742,58772250,58774492,117546742,YES
663,664,51,255000000000,255058955081,255117912486,58955081,58957405,117912486,YES
663,664,52,260000000000,260059146303,260118295023,59146303,59148720,118295023,YES
663,664,53,265000000000,265059345430,265118693348,59345430,59347918,118693348,YES
663,664,54,270000000000,270059551997,270119106566,59551997,59554569,119106566,YES
663,664,55,275000000000,275059765561,275119533759,59765561,59768198,119533759,YES
663,664,56,280000000000,280059985715,280124054959,59985715,64069244,124054959,YES
663,664,57,285000000000,285060212081,285122178076,60212081,61965995,122178076,YES
663,664,58,290000000000,290063160471,290126308424,63160471,63147953,126308424,YES
663,664,59,295000000000,295063153390,295123838373,63153390,60684983,123838373,YES
663,664,60,300000000000,300052480256,300103407289,52480256,50927033,103407289,YES
663,664,61,305000000000,305050868537,305101736572,50868537,50868035,101736572,YES
663,664,62,310000000000,310050820901,310101641404,50820901,50820503,101641404,YES
663,664,63,315000000000,315050784995,315101569696,50784995,50784701,101569696,YES
663,664,64,320000000000,320050761000,320101521809,50761000,50760809,101521809,YES
663,664,65,325000000000,325050749030,325101497977,50749030,50748947,101497977,YES
663,664,66,330000000000,330050749142,330101498307,50749142,50749165,101498307,YES
663,664,67,335000000000,335050761320,335102370327,50761320,51609007,102370327,YES
663,664,68,340000000000,340050785482,340101571199,50785482,50785717,101571199,YES
663,664,69,345000000000,345050821478,345101643296,50821478,50821818,101643296,YES
663,664,70,350000000000,350054308374,350113947859,54308374,59639485,113947859,YES
663,664,71,355000000000,355054264745,355108527897,54264745,54263152,108527897,YES
663,664,72,360000000000,360054230750,360117141119,54230750,62910369,117141119,YES
663,664,73,365000000000,365054206450,365115055911,54206450,60849461,115055911,YES
663,664,74,370000000000,370054191919,370112981773,54191919,58789854,112981773,YES
663,664,75,375000000000,375054187251,375108373253,54187251,54186002,108373253,YES
663,664,76,380000000000,380054192552,380108383960,54192552,54191408,108383960,YES
663,664,77,385000000000,385054451442,385108658355,54451442,54206913,108658355,YES
663,664,78,390000000000,390058600956,390112833641,58600956,54232685,112833641,YES
663,664,79,395000000000,395054269579,395108538383,54269579,54268804,108538383,YES
663,664,80,400000000000,400056229664,400112458612,56229664,56228948,112458612,YES
663,664,81,405000000000,405056184154,405112367747,56184154,56183593,112367747,YES
663,664,82,410000000000,410056151475,410112302550,56151475,56151075,112302550,YES
663,664,83,415000000000,415056132070,415112280462,56132070,56148392,112280462,YES
663,664,84,420000000000,420056126305,420112252552,56126305,56126247,112252552,YES
663,664,85,425000000000,425056134451,425112269019,56134451,56134568,112269019,YES
663,664,86,430000000000,430056156663,430112313621,56156663,56156958,112313621,YES
663,664,87,435000000000,435056192980,435112386432,56192980,56193452,112386432,YES
663,664,88,440000000000,440056243314,440112487275,56243314,56243961,112487275,YES
663,664,89,445000000000,445056307467,445112615753,56307467,56308286,112615753,YES
663,664,90,450000000000,450057595929,450115192881,57595929,57596952,115192881,YES
663,664,91,455000000000,455057673662,455115348513,57673662,57674851,115348513,YES
663,664,92,460000000000,460057764775,460115530893,57764775,57766118,115530893,YES
663,664,93,465000000000,465057868838,465115739164,57868838,57870326,115739164,YES
663,664,94,470000000000,470057985375,470115972378,57985375,57987003,115972378,YES
663,664,95,475000000000,475058113868,475116229505,58113868,58115637,116229505,YES
663,664,96,480000000000,480058253772,480116509437,58253772,58255665,116509437,YES
663,664,97,485000000000,485058404535,485116811076,58404535,58406541,116811076,YES
663,664,98,490000000000,490058565597,490117133302,58565597,58567705,117133302,YES
663,664,99,495000000000,495058736403,495117475027,58736403,58738624,117475027,YES
663,664,100,500000000000,500060223047,500120447746,60223047,60224699,120447746,YES
663,664,101,505000000000,505060229370,505120460472,60229370,60231102,120460472,YES
663,664,102,510000000000,510060244157,510120490121,60244157,60245964,120490121,YES
663,664,103,515000000000,515060267413,515120536710,60267413,60269297,120536710,YES
663,664,104,520000000000,520060299165,520120600276,60299165,60301111,120600276,YES
663,664,105,525000000000,525060339439,525120680889,60339439,60341450,120680889,YES
663,664,106,530000000000,530060388285,530120778633,60388285,60390348,120778633,YES
663,664,107,535000000000,535060445724,535120893572,60445724,60447848,120893572,YES
663,664,108,540000000000,540060511809,540121025789,60511809,60513980,121025789,YES
663,664,109,545000000000,545060586544,545121175306,60586544,60588762,121175306,YES
663,664,110,550000000000,550050888482,550101776740,50888482,50888258,101776740,YES
663,664,111,555000000000,555050874190,555101748254,50874190,50874064,101748254,YES
663,664,112,560000000000,560050871699,560101743375,50871699,50871676,101743375,YES
663,664,113,565000000000,565050881020,565101762120,50881020,50881100,101762120,YES
663,664,114,570000000000,570050902096,570101804374,50902096,50902278,101804374,YES
663,664,115,575000000000,575050934816,575101869913,50934816,50935097,101869913,YES
663,664,116,580000000000,580050979005,580101958389,50979005,50979384,101958389,YES
663,664,117,585000000000,585051034432,585102069353,51034432,51034921,102069353,YES
663,664,118,590000000000,590051100824,590102202234,51100824,51101410,102202234,YES
663,664,119,595000000000,595051177869,595102356419,51177869,51178550,102356419,YES
664,665,0,0,57202969,114406595,57202969,57203626,114406595,YES
664,665,1,5000000000,5057208632,5114418032,57208632,57209400,114418032,YES
664,665,2,10000000000,10057225746,10114452367,57225746,57226621,114452367,YES
664,665,3,15000000000,15057254316,15114509609,57254316,57255293,114509609,YES
664,665,4,20000000000,20057294272,20114589618,57294272,57295346,114589618,YES
664,665,5,25000000000,25057345466,25114692098,57345466,57346632,114692098,YES
664,665,6,30000000000,30057407661,30114816576,57407661,57408915,114816576,YES
664,665,7,35000000000,35057480550,35114962447,57480550,57481897,114962447,YES
664,665,8,40000000000,40057563747,40115128917,57563747,57565170,115128917,YES
664,665,9,45000000000,45057656811,45115315120,57656811,57658309,115315120,YES
664,665,10,50000000000,50066215376,50133441447,66215376,67226071,133441447,YES
664,665,11,55000000000,55066227031,55132453403,66227031,66226372,132453403,YES
664,665,12,60000000000,60066284883,60132534287,66284883,66249404,132534287,YES
664,665,13,65000000000,65066283813,65132567263,66283813,66283450,132567263,YES
664,665,14,70000000000,70066328461,70132656718,66328461,66328257,132656718,YES
664,665,15,75000000000,75066383582,75142266286,66383582,75882704,142266286,YES
664,665,16,80000000000,80066448846,80132897799,66448846,66448953,132897799,YES
664,665,17,85000000000,85067540768,85134064956,67540768,66524188,134064956,YES
664,665,18,90000000000,90066608402,90133217223,66608402,66608821,133217223,YES
664,665,19,95000000000,95066701932,95133404434,66701932,66702502,133404434,YES
664,665,20,100000000000,100091363011,100183642643,91363011,92279632,183642643,YES
664,665,21,105000000000,105092412973,105184223798,92412973,91810825,184223798,YES
664,665,22,110000000000,110101938853,110193380951,101938853,91442098,193380951,YES
664,665,23,115000000000,115091862332,115183361072,91862332,91498740,183361072,YES
664,665,24,120000000000,120091565027,120183131948,91565027,91566921,183131948,YES
664,665,25,125000000000,125091644099,125183290292,91644099,91646193,183290292,YES
664,665,26,130000000000,130091733887,130183823471,91733887,92089584,183823471,YES
664,665,27,135000000000,135091833982,135184058950,91833982,92224968,184058950,YES
664,665,28,140000000000,140091943959,140183890581,91943959,91946622,183890581,YES
664,665,29,145000000000,145092063388,145184129615,92063388,92066227,184129615,YES
664,665,30,150000000000,150088675774,150177350193,88675774,88674419,177350193,YES
664,665,31,155000000000,155088690769,155177380364,88690769,88689595,177380364,YES
664,665,32,160000000000,160088715005,160180791696,88715005,92076691,180791696,YES
664,665,33,165000000000,165088748473,165191404551,88748473,102656078,191404551,YES
664,665,34,170000000000,170094945795,170183736423,94945795,88790628,183736423,YES
664,665,35,175000000000,175088843071,175177685751,88843071,88842680,177685751,YES
664,665,36,180000000000,180088904159,180177808143,88904159,88903984,177808143,YES
664,665,37,185000000000,185093968499,185182943012,93968499,88974513,182943012,YES
664,665,38,190000000000,190093924823,190182978889,93924823,89054066,182978889,YES
664,665,39,195000000000,195089142056,195178284622,89142056,89142566,178284622,YES
664,665,40,200000000000,200057326624,200114653126,57326624,57326502,114653126,YES
664,665,41,205000000000,205057252458,205115006973,57252458,57754515,115006973,YES
664,665,42,210000000000,210057187111,210114374347,57187111,57187236,114374347,YES
664,665,43,215000000000,215057130852,215114374551,57130852,57243699,114374551,YES
664,665,44,220000000000,220057083936,220114285901,57083936,57201965,114285901,YES
664,665,45,225000000000,225057046605,225114093694,57046605,57047089,114093694,YES
664,665,46,230000000000,230057019073,230114038746,57019073,57019673,114038746,YES
664,665,47,235000000000,235057001545,235114003800,57001545,57002255,114003800,YES
664,665,48,240000000000,240056994192,240113989211,56994192,56995019,113989211,YES
664,665,49,245000000000,245056997166,245113995261,56997166,56998095,113995261,YES
664,665,50,250000000000,250057010573,250114022168,57010573,57011595,114022168,YES
664,665,51,255000000000,255057034480,255114070080,57034480,57035600,114070080,YES
664,665,52,260000000000,260057068923,260116998096,57068923,59929173,116998096,YES
664,665,53,265000000000,265057113854,265115286649,57113854,58172795,115286649,YES
664,665,54,270000000000,270057169178,270114339728,57169178,57170550,114339728,YES
664,665,55,275000000000,275057234725,275117304706,57234725,60069981,117304706,YES
664,665,56,280000000000,280057310274,280114622064,57310274,57311790,114622064,YES
664,665,57,285000000000,285057395520,285114792621,57395520,57397101,114792621,YES
664,665,58,290000000000,290057490117,290114981874,57490117,57491757,114981874,YES
664,665,59,295000000000,295057593657,295115189012,57593657,57595355,115189012,YES
664,665,60,300000000000,300066253670,300133237165,66253670,66983495,133237165,YES
664,665,61,305000000000,305066267831,305132535063,66267831,66267232,132535063,YES
664,665,62,310000000000,310066293126,310132585804,66293126,66292678,132585804,YES
664,665,63,315000000000,315066329349,315132658403,66329349,66329054,132658403,YES
664,665,64,320000000000,320066376249,320132752359,66376249,66376110,132752359,YES
664,665,65,325000000000,325066433543,325132867101,66433543,66433558,132867101,YES
664,665,66,330000000000,330066500908,330133001988,66500908,66501080,133001988,YES
664,665,67,335000000000,335066578000,335133156328,66578000,66578328,133156328,YES
664,665,68,340000000000,340066664447,340133329375,66664447,66664928,133329375,YES
664,665,69,345000000000,345066759852,345133520341,66759852,66760489,133520341,YES
664,665,70,350000000000,350091253258,350182507678,91253258,91254420,182507678,YES
664,665,71,355000000000,355092395096,355183688211,92395096,91293115,183688211,YES
664,665,72,360000000000,360091342380,360183447983,91342380,92105603,183447983,YES
664,665,73,365000000000,365091404999,365182811842,91404999,91406843,182811842,YES
664,665,74,370000000000,370091479242,370185499868,91479242,94020626,185499868,YES
664,665,75,375000000000,375091564732,375183131711,91564732,91566979,183131711,YES
664,665,76,380000000000,380091661054,380183324547,91661054,91663493,183324547,YES
664,665,77,385000000000,385091767786,385183538193,91767786,91770407,183538193,YES
664,665,78,390000000000,390091884471,390183771735,91884471,91887264,183771735,YES
664,665,79,395000000000,395092010646,395184024274,92010646,92013628,184024274,YES
664,665,80,400000000000,400090276002,400180549506,90276002,90273504,180549506,YES
664,665,81,405000000000,405090250575,405180498865,90250575,90248290,180498865,YES
664,665,82,410000000000,410090235429,410180468795,90235429,90233366,180468795,YES
664,665,83,415000000000,415090230484,415180459134,90230484,90228650,180459134,YES
664,665,84,420000000000,420090235633,420180469666,90235633,90234033,180469666,YES
664,665,85,425000000000,425090250756,425180500136,90250756,90249380,180500136,YES
664,665,86,430000000000,430090275698,430180550255,90275698,90274557,180550255,YES
664,665,87,435000000000,435090310289,435180619668,90310289,90309379,180619668,YES
664,665,88,440000000000,440090354328,440180707983,90354328,90353655,180707983,YES
664,665,89,445000000000,445090407603,445180814765,90407603,90407162,180814765,YES
664,665,90,450000000000,450057565953,450115131854,57565953,57565901,115131854,YES
664,665,91,455000000000,455057508592,455115017254,57508592,57508662,115017254,YES
664,665,92,460000000000,460057461066,460114922326,57461066,57461260,114922326,YES
664,665,93,465000000000,465057423667,465114847648,57423667,57423981,114847648,YES
664,665,94,470000000000,470057396647,470114793729,57396647,57397082,114793729,YES
664,665,95,475000000000,475057380219,475114760987,57380219,57380768,114760987,YES
664,665,96,480000000000,480057374551,480114749765,57374551,57375214,114749765,YES
664,665,97,485000000000,485057379765,485114760302,57379765,57380537,114760302,YES
664,665,98,490000000000,490057395922,490114792721,57395922,57396799,114792721,YES
664,665,99,495000000000,495057423024,495114847023,57423024,57423999,114847023,YES
664,665,100,500000000000,500066488193,500132974844,66488193,66486651,132974844,YES
664,665,101,505000000000,505066429690,505132857951,66429690,66428261,132857951,YES
664,665,102,510000000000,510066382113,510132762913,66382113,66380800,132762913,YES
664,665,103,515000000000,515066345660,515132690129,66345660,66344469,132690129,YES
664,665,104,520000000000,520066320452,520132639843,66320452,66319391,132639843,YES
664,665,105,525000000000,525066306556,525132612184,66306556,66305628,132612184,YES
664,665,106,530000000000,530066303968,530132607150,66303968,66303182,132607150,YES
664,665,107,535000000000,535066312626,535132624612,66312626,66311986,132624612,YES
664,665,108,540000000000,540066332420,540132664348,66332420,66331928,132664348,YES
664,665,109,545000000000,545066363178,545132726017,66363178,66362839,132726017,YES
664,665,110,550000000000,550066404693,550132809201,66404693,66404508,132809201,YES
664,665,111,555000000000,555066456710,555132913393,66456710,66456683,132913393,YES
664,665,112,560000000000,560066518941,560133038012,66518941,66519071,133038012,YES
664,665,113,565000000000,565066591055,565133182397,66591055,66591342,133182397,YES
664,665,114,570000000000,570066672710,570133345859,66672710,66673149,133345859,YES
664,665,115,575000000000,575066763520,575133527635,66763520,66764115,133527635,YES
664,665,116,580000000000,580066863083,580133726912,66863083,66863829,133726912,YES
664,665,117,585000000000,585066970999,585133942885,66970999,66971886,133942885,YES
664,665,118,590000000000,590067086831,590134174705,67086831,67087874,134174705,YES
664,665,119,595000000000,595067210166,595134421507,67210166,67211341,134421507,YES
665,666,0,0,92282029,184563076,92282029,92281047,184563076,YES
665,666,1,5000000000,5092277732,5184554755,92277732,92277023,184554755,YES
665,666,2,10000000000,10092288390,10184576352,92288390,92287962,184576352,YES
665,666,3,15000000000,15097266486,15189580329,97266486,92313843,189580329,YES
665,666,4,20000000000,20095276678,20187631082,95276678,92354404,187631082,YES
665,666,5,25000000000,25092408927,25184818297,92408927,92409370,184818297,YES
665,666,6,30000000000,30092477650,30184956036,92477650,92478386,184956036,YES
665,666,7,35000000000,35092559904,35185120828,92559904,92560924,185120828,YES
665,666,8,40000000000,40092655129,40185311559,92655129,92656430,185311559,YES
665,666,9,45000000000,45092762699,45185526967,92762699,92764268,185526967,YES
665,666,10,50000000000,50092915561,50185832944,92915561,92917383,185832944,YES
665,666,11,55000000000,55093045821,55186093740,93045821,93047919,186093740,YES
665,666,12,60000000000,60093186407,60186375146,93186407,93188739,186375146,YES
665,666,13,65000000000,65093336635,65186675818,93336635,93339183,186675818,YES
665,666,14,70000000000,70093495836,70186994429,93495836,93498593,186994429,YES
665,666,15,75000000000,75093663386,75187329735,93663386,93666349,187329735,YES
665,666,16,80000000000,80093838684,80187680511,93838684,93841827,187680511,YES
665,666,17,85000000000,85094021184,85188045677,94021184,94024493,188045677,YES
665,666,18,90000000000,90094210325,90188424118,94210325,94213793,188424118,YES
665,666,19,95000000000,95094405646,95188814920,94405646,94409274,188814920,YES
665,666,20,100000000000,100083965480,100167931284,83965480,83965804,167931284,YES
665,666,21,105000000000,105083900124,105167800770,83900124,83900646,167800770,YES
665,666,22,110000000000,110083843129,110167686990,83843129,83843861,167686990,YES
665,666,23,115000000000,115083794690,115167590304,83794690,83795614,167590304,YES
665,666,24,120000000000,120083754942,120167510990,83754942,83756048,167510990,YES
665,666,25,125000000000,125083724021,125167449329,83724021,83725308,167449329,YES
665,666,26,130000000000,130083702055,130167405580,83702055,83703525,167405580,YES
665,666,27,135000000000,135083689169,135167379978,83689169,83690809,167379978,YES
665,666,28,140000000000,140083685478,140167372765,83685478,83687287,167372765,YES
665,666,29,145000000000,145083691105,145167384178,83691105,83693073,167384178,YES
665,666,30,150000000000,150083388548,150166778415,83388548,83389867,166778415,YES
665,666,31,155000000000,155083379744,155166760944,83379744,83381200,166760944,YES
665,666,32,160000000000,160083380685,160166762965,83380685,83382280,166762965,YES
665,666,33,165000000000,165083947650,165167340868,83947650,83393218,167340868,YES
665,666,34,170000000000,170083412212,170166826281,83412212,83414069,166826281,YES
665,666,35,175000000000,175083442956,175166887887,83442956,83444931,166887887,YES
665,666,36,180000000000,180083483743,180166969574,83483743,83485831,166969574,YES
665,666,37,185000000000,185083534565,185167071324,83534565,83536759,167071324,YES
665,666,38,190000000000,190083595356,190167193011,83595356,83597655,167193011,YES
665,666,39,195000000000,195083666023,195167334440,83666023,83668417,167334440,YES
665,666,40,200000000000,200093378289,200186753670,93378289,93375381,186753670,YES
665,666,41,205000000000,205096606906,205189876238,96606906,93269332,189876238,YES
665,666,42,210000000000,210094378938,210187553685,94378938,93174747,187553685,YES
665,666,43,215000000000,215093094448,215186186494,93094448,93092046,186186494,YES
665,666,44,220000000000,220093023899,220186045580,93023899,93021681,186045580,YES
665,666,45,225000000000,225092966122,225185930227,92966122,92964105,185930227,YES
665,666,46,230000000000,230092921468,230185841128,92921468,92919660,185841128,YES
665,666,47,235000000000,235092906609,235185795230,92906609,92888621,185795230,YES
665,666,48,240000000000,240092872522,240185743700,92872522,92871178,185743700,YES
665,666,49,245000000000,245092868536,245185735979,92868536,92867443,185735979,YES
665,666,50,250000000000,250092911879,250193494015,92911879,100582136,193494015,YES
665,666,51,255000000000,255092935305,255185870044,92935305,92934739,185870044,YES
665,666,52,260000000000,260092972297,260185944304,92972297,92972007,185944304,YES
665,666,53,265000000000,265093022661,265186045324,93022661,93022663,186045324,YES
665,666,54,270000000000,270093086128,270186172549,93086128,93086421,186172549,YES
665,666,55,275000000000,275093162376,275186325332,93162376,93162956,186325332,YES
665,666,56,280000000000,280093251004,280186502875,93251004,93251871,186502875,YES
665,666,57,285000000000,285093351569,285186704285,93351569,93352716,186704285,YES
665,666,58,290000000000,290093463567,290186928554,93463567,93464987,186928554,YES
665,666,59,295000000000,295093586472,295187174633,93586472,93588161,187174633,YES
665,666,60,300000000000,300093719732,300187441393,93719732,93721661,187441393,YES
665,666,61,305000000000,305093862744,305187727659,93862744,93864915,187727659,YES
665,666,62,310000000000,310094014947,310188032312,94014947,94017365,188032312,YES
665,666,63,315000000000,315094175765,315188354171,94175765,94178406,188354171,YES
665,666,64,320000000000,320094344637,320188692121,94344637,94347484,188692121,YES
665,666,65,325000000000,325094521033,325189045104,94521033,94524071,189045104,YES
665,666,66,330000000000,330094704436,330189412086,94704436,94707650,189412086,YES
665,666,67,335000000000,335094894366,335189792128,94894366,94897762,189792128,YES
665,666,68,340000000000,340095090374,340190184318,95090374,95093944,190184318,YES
665,666,69,345000000000,345095292039,345190587796,95292039,95295757,190587796,YES
665,666,70,350000000000,350083015910,350166031441,83015910,83015531,166031441,YES
665,666,71,355000000000,355082928047,355165855931,82928047,82927884,165855931,YES
665,666,72,360000000000,360082849688,360165699412,82849688,82849724,165699412,YES
665,666,73,365000000000,365082781072,365165562381,82781072,82781309,165562381,YES
665,666,74,370000000000,370082722434,370165445295,82722434,82722861,165445295,YES
665,666,75,375000000000,375082673982,375165348581,82673982,82674599,165348581,YES
665,666,76,380000000000,380082635906,380165272615,82635906,82636709,165272615,YES
665,666,77,385000000000,385082608392,385165217766,82608392,82609374,165217766,YES
665,666,78,390000000000,390082591602,390165184350,82591602,82592748,165184350,YES
665,666,79,395000000000,395082585674,395165172663,82585674,82586989,165172663,YES
665,666,80,400000000000,400082590732,400165182936,82590732,82592204,165182936,YES
665,666,81,405000000000,405082606864,405165215346,82606864,82608482,165215346,YES
665,666,82,410000000000,410082634116,410165269995,82634116,82635879,165269995,YES
665,666,83,415000000000,415082672489,415165346875,82672489,82674386,165346875,YES
665,666,84,420000000000,420082721928,420165445879,82721928,82723951,165445879,YES
665,666,85,425000000000,425082782312,425165566765,82782312,82784453,165566765,YES
665,666,86,430000000000,430082853459,430165709171,82853459,82855712,165709171,YES
665,666,87,435000000000,435082935115,435165872591,82935115,82937476,165872591,YES
665,666,88,440000000000,440083026977,440166056411,83026977,83029434,166056411,YES
665,666,89,445000000000,445083128654,445166259863,83128654,83131209,166259863,YES
665,666,90,450000000000,450048055085,450096108474,48055085,48053389,96108474,YES
665,666,91,455000000000,455047995578,455095989534,47995578,47993956,95989534,YES
665,666,92,460000000000,460047946272,460095891006,47946272,47944734,95891006,YES
665,666,93,465000000000,465047907144,465095812845,47907144,47905701,95812845,YES
665,666,94,470000000000,470047878169,470095754996,47878169,47876827,95754996,YES
665,666,95,475000000000,475047859305,475095717373,47859305,47858068,95717373,YES
665,666,96,480000000000,480047850508,480095699886,47850508,47849378,95699886,YES
665,666,97,485000000000,485047851703,485095702392,47851703,47850689,95702392,YES
665,666,98,490000000000,490047862810,490095724726,47862810,47861916,95724726,YES
665,666,99,495000000000,495047883718,495095766662,47883718,47882944,95766662,YES
665,666,100,500000000000,500092638185,500185276557,92638185,92638372,185276557,YES
665,666,101,505000000000,505092691894,505185384257,92691894,92692363,185384257,YES
665,666,102,510000000000,510092759020,510185518782,92759020,92759762,185518782,YES
665,666,103,515000000000,515092839158,515185679334,92839158,92840176,185679334,YES
665,666,104,520000000000,520092931850,520185864982,92931850,92933132,185864982,YES
665,666,105,525000000000,525093036561,525186074682,93036561,93038121,186074682,YES
665,666,106,530000000000,530093152738,530186307291,93152738,93154553,186307291,YES
665,666,107,535000000000,535093279777,535186561610,93279777,93281833,186561610,YES
665,666,108,540000000000,540093417075,540186836437,93417075,93419362,186836437,YES
665,666,109,545000000000,545093564017,545187130544,93564017,93566527,187130544,YES
665,666,110,550000000000,550093753609,550187509941,93753609,93756332,187509941,YES
665,666,111,555000000000,555093918075,555187839055,93918075,93920980,187839055,YES
665,666,112,560000000000,560094090423,560188183950,94090423,94093527,188183950,YES
665,666,113,565000000000,565094270133,565188543557,94270133,94273424,188543557,YES
665,666,114,570000000000,570094456706,570188916860,94456706,94460154,188916860,YES
665,666,115,575000000000,575094649666,575189302931,94649666,94653265,189302931,YES
665,666,116,580000000000,580094848583,580189700902,94848583,94852319,189700902,YES
665,666,117,585000000000,585095053038,585190109982,95053038,95056944,190109982,YES
665,666,118,590000000000,590095262671,590190529370,95262671,95266699,190529370,YES
665,666,119,595000000000,595095477130,595190958405,95477130,95481275,190958405,YES
666,667,0,0,93818179,187636069,93818179,93817890,187636069,YES
666,667,1,5000000000,5093744875,5187489773,93744875,93744898,187489773,YES
666,667,2,10000000000,10093684548,10193484218,93684548,99799670,193484218,YES
666,667,3,15000000000,15093637128,15192472698,93637128,98835570,192472698,YES
666,667,4,20000000000,20095779520,20200002941,95779520,104223421,200002941,YES
666,667,5,25000000000,25095124583,25189860865,95124583,94736282,189860865,YES
666,667,6,30000000000,30093570880,30187894450,93570880,94323570,187894450,YES
666,667,7,35000000000,35095529396,35189162072,95529396,93632676,189162072,YES
666,667,8,40000000000,40093587942,40187177709,93587942,93589767,187177709,YES
666,667,9,45000000000,45093658445,45195674828,93658445,102016383,195674828,YES
666,667,10,50000000000,50093685181,50194922001,93685181,101236820,194922001,YES
666,667,11,55000000000,55093733760,55187469926,93733760,93736166,187469926,YES
666,667,12,60000000000,60093793119,60189313765,93793119,95520646,189313765,YES
666,667,13,65000000000,65093862950,65187728623,93862950,93865673,187728623,YES
666,667,14,70000000000,70097022208,70190968073,97022208,93945865,190968073,YES
666,667,15,75000000000,75094032786,75188068576,94032786,94035790,188068576,YES
666,667,16,80000000000,80103229492,80199802109,103229492,96572617,199802109,YES
666,667,17,85000000000,85108676360,85204035507,108676360,95359147,204035507,YES
666,667,18,90000000000,90099192160,90196057236,99192160,96865076,196057236,YES
666,667,19,95000000000,95103484955,95200662432,103484955,97177477,200662432,YES
666,667,20,100000000000,100128042708,100204485894,128042708,76443186,204485894,YES
666,667,21,105000000000,105080834580,105163208647,80834580,82374067,163208647,YES
666,667,22,110000000000,110076251177,110167627840,76251177,91376663,167627840,YES
666,667,23,115000000000,115076168261,115156910344,76168261,80742083,156910344,YES
666,667,24,120000000000,120076095689,120160889909,76095689,84794220,160889909,YES
666,667,25,125000000000,125076033740,125152065480,76033740,76031740,152065480,YES
666,667,26,130000000000,130078842684,130154823428,78842684,75980744,154823428,YES
666,667,27,135000000000,135078787074,135154727918,78787074,75940844,154727918,YES
666,667,28,140000000000,140075913776,140151825954,75913776,75912178,151825954,YES
666,667,29,145000000000,145075896295,145151791143,75896295,75894848,151791143,YES
666,667,30,150000000000,150075890264,150151779244,75890264,75888980,151779244,YES
666,667,31,155000000000,155075895756,155151790396,75895756,75894640,151790396,YES
666,667,32,160000000000,160077415021,160153326926,77415021,75911905,153326926,YES
666,667,33,165000000000,165084947354,165162783423,84947354,77836069,162783423,YES
666,667,34,170000000000,170079507963,170156497968,79507963,76990005,156497968,YES
666,667,35,175000000000,175076033684,175152067044,76033684,76033360,152067044,YES
666,667,36,180000000000,180077136911,180157278266,77136911,80141355,157278266,YES
666,667,37,185000000000,185076171902,185155191679,76171902,79019777,155191679,YES
666,667,38,190000000000,190076257989,190153599029,76257989,77341040,153599029,YES
666,667,39,195000000000,195076355146,195152710840,76355146,76355694,152710840,YES
666,667,40,200000000000,200025644166,200051287932,25644166,25643766,51287932,YES
666,667,41,205000000000,205025659723,205051319110,25659723,25659387,51319110,YES
666,667,42,210000000000,210025684313,210051368358,25684313,25684045,51368358,YES
666,667,43,215000000000,215025717970,215051435740,25717970,25717770,51435740,YES
666,667,44,220000000000,220025760677,220051521223,25760677,25760546,51521223,YES
666,667,45,225000000000,225025812351,225051624637,25812351,25812286,51624637,YES
666,667,46,230000000000,230025872841,230051745687,25872841,25872846,51745687,YES
666,667,47,235000000000,235025941931,235051883938,25941931,25942007,51883938,YES
666,667,48,240000000000,240026019341,240052038848,26019341,26019507,52038848,YES
666,667,49,245000000000,245026104729,245052209690,26104729,26104961,52209690,YES
666,667,50,250000000000,250093587734,250187176145,93587734,93588411,187176145,YES
666,667,51,255000000000,255098214219,255191769072,98214219,93554853,191769072,YES
666,667,52,260000000000,260097193120,260190727051,97193120,93533931,190727051,YES
666,667,53,265000000000,265095013025,265198259823,95013025,103246798,198259823,YES
666,667,54,270000000000,270093527488,270187056619,93527488,93529131,187056619,YES
666,667,55,275000000000,275134893165,275228438191,134893165,93545026,228438191,YES
666,667,56,280000000000,280097293985,280190866335,97293985,93572350,190866335,YES
666,667,57,285000000000,285093609096,285194480233,93609096,100871137,194480233,YES
666,667,58,290000000000,290093659174,290193474847,93659174,99815673,193474847,YES
666,667,59,295000000000,295093720226,295187442998,93720226,93722772,187442998,YES
666,667,60,300000000000,300093791949,300189119715,93791949,95327766,189119715,YES
666,667,61,305000000000,305093874037,305187750908,93874037,93876871,187750908,YES
666,667,62,310000000000,310093966155,310187935289,93966155,93969134,187935289,YES
666,667,63,315000000000,315094067964,315188139034,94067964,94071070,188139034,YES
666,667,64,320000000000,320094179115,320188361453,94179115,94182338,188361453,YES
666,667,65,325000000000,325094299251,325188601837,94299251,94302586,188601837,YES
666,667,66,330000000000,330094428018,330188859473,94428018,94431455,188859473,YES
666,667,67,335000000000,335095180753,335189749375,95180753,94568622,189749375,YES
666,667,68,340000000000,340094710016,340189423679,94710016,94713663,189423679,YES
666,667,69,345000000000,345094862551,345189728832,94862551,94866281,189728832,YES
666,667,70,350000000000,350076185804,350152683117,76185804,76497313,152683117,YES
666,667,71,355000000000,355076114949,355152227754,76114949,76112805,152227754,YES
666,667,72,360000000000,360082349336,360160572377,82349336,78223041,160572377,YES
666,667,73,365000000000,365080344538,365156347120,80344538,76002582,156347120,YES
666,667,74,370000000000,370078351973,370154315590,78351973,75963617,154315590,YES
666,667,75,375000000000,375075937257,375151872907,75937257,75935650,151872907,YES
666,667,76,380000000000,380075920307,380151839168,75920307,75918861,151839168,YES
666,667,77,385000000000,385075914696,385151828117,75914696,75913421,151828117,YES
666,667,78,390000000000,390075920563,390151840031,75920563,75919468,151840031,YES
666,667,79,395000000000,395075938021,395151875136,75938021,75937115,151875136,YES
666,667,80,400000000000,400075967166,400151933629,75967166,75966463,151933629,YES
666,667,81,405000000000,405076008057,405152015626,76008057,76007569,152015626,YES
666,667,82,410000000000,410076060719,410152121172,76060719,76060453,152121172,YES
666,667,83,415000000000,415076125125,415152250212,76125125,76125087,152250212,YES
666,667,84,420000000000,420076201199,420152402591,76201199,76201392,152402591,YES
666,667,85,425000000000,425076288794,425152578011,76288794,76289217,152578011,YES
666,667,86,430000000000,430076387714,430152776083,76387714,76388369,152776083,YES
666,667,87,435000000000,435076497681,435152996251,76497681,76498570,152996251,YES
666,667,88,440000000000,440076618362,440153237840,76618362,76619478,153237840,YES
666,667,89,445000000000,445076749378,445153500092,76749378,76750714,153500092,YES
666,667,90,450000000000,450021057403,450042115089,21057403,21057686,42115089,YES
666,667,91,455000000000,455021040118,455042080559,21040118,21040441,42080559,YES
666,667,92,460000000000,460021031109,460043434702,21031109,22403593,43434702,YES
666,667,93,465000000000,465021030257,465042060938,21030257,21030681,42060938,YES
666,667,94,470000000000,470021037396,470042075256,21037396,21037860,42075256,YES
666,667,95,475000000000,475021052392,475042105285,21052392,21052893,42105285,YES
666,667,96,480000000000,480021075120,480042150777,21075120,21075657,42150777,YES
666,667,97,485000000000,485021105489,485042211546,21105489,21106057,42211546,YES
666,667,98,490000000000,490021143418,490042287435,21143418,21144017,42287435,YES
666,667,99,495000000000,495021188862,495042378349,21188862,21189487,42378349,YES
666,667,100,500000000000,500093324470,500186649837,93324470,93325367,186649837,YES
666,667,101,505000000000,505093300432,505186602014,93300432,93301582,186602014,YES
666,667,102,510000000000,510093289061,510186579509,93289061,93290448,186579509,YES
666,667,103,515000000000,515093290262,515186582134,93290262,93291872,186582134,YES
666,667,104,520000000000,520093303894,520186609616,93303894,93305722,186609616,YES
666,667,105,525000000000,525093329800,525186661632,93329800,93331832,186661632,YES
666,667,106,530000000000,530093367802,530186737825,93367802,93370023,186737825,YES
666,667,107,535000000000,535093417670,535186837742,93417670,93420072,186837742,YES
666,667,108,540000000000,540093479177,540186960919,93479177,93481742,186960919,YES
666,667,109,545000000000,545093552042,545187106806,93552042,93554764,187106806,YES
666,667,110,550000000000,550093669564,550187341997,93669564,93672433,187341997,YES
666,667,111,555000000000,555093764226,555187531461,93764226,93767235,187531461,YES
666,667,112,560000000000,560093869277,560187741689,93869277,93872412,187741689,YES
666,667,113,565000000000,565093984345,565187971946,93984345,93987601,187971946,YES
666,667,114,570000000000,570094109051,570188221500,94109051,94112449,188221500,YES
666,667,115,575000000000,575094243001,575188489510,94243001,94246509,188489510,YES
666,667,116,580000000000,580094385792,580188775200,94385792,94389408,188775200,YES
666,667,117,585000000000,585094537039,585189077793,94537039,94540754,189077793,YES
666,667,118,590000000000,590094696342,590189396482,94696342,94700140,189396482,YES
666,667,119,595000000000,595094863303,595189730516,94863303,94867213,189730516,YES
667,668,0,0,90629580,181256808,90629580,90627228,181256808,YES
667,668,1,5000000000,5090483791,5180965391,90483791,90481600,180965391,YES
667,668,2,10000000000,10097010377,10187354491,97010377,90344114,187354491,YES
667,668,3,15000000000,15096094751,15186310454,96094751,90215703,186310454,YES
667,668,4,20000000000,20093762644,20183859365,93762644,90096721,183859365,YES
667,668,5,25000000000,25090301241,25180288946,90301241,89987705,180288946,YES
667,668,6,30000000000,30089890435,30179779576,89890435,89889141,179779576,YES
667,668,7,35000000000,35089802728,35179604364,89802728,89801636,179604364,YES
667,668,8,40000000000,40089726622,40179452349,89726622,89725727,179452349,YES
667,668,9,45000000000,45092015095,45181676971,92015095,89661876,181676971,YES
667,668,10,50000000000,50092564429,50193947137,92564429,101382708,193947137,YES
667,668,11,55000000000,55097091726,55186663938,97091726,89572212,186663938,YES
667,668,12,60000000000,60091189911,60181253640,91189911,90063729,181253640,YES
667,668,13,65000000000,65089535211,65179070559,89535211,89535348,179070559,YES
667,668,14,70000000000,70089536738,70181982583,89536738,92445845,181982583,YES
667,668,15,75000000000,75089551735,75184593889,89551735,95042154,184593889,YES
667,668,16,80000000000,80093246402,80191563767,93246402,98317365,191563767,YES
667,668,17,85000000000,85091335561,85186686837,91335561,95351276,186686837,YES
667,668,18,90000000000,90091719082,90186434908,91719082,94715826,186434908,YES
667,668,19,95000000000,95092463610,95199851252,92463610,107387642,199851252,YES
667,668,20,100000000000,100037405826,100075894496,37405826,38488670,75894496,YES
667,668,21,105000000000,105037398668,105074796761,37398668,37398093,74796761,YES
667,668,22,110000000000,110037402949,110074805410,37402949,37402461,74805410,YES
667,668,23,115000000000,115037418407,115074836412,37418407,37418005,74836412,YES
667,668,24,120000000000,120037444728,120074889147,37444728,37444419,74889147,YES
667,668,25,125000000000,125037481562,125074962903,37481562,37481341,74962903,YES
667,668,26,130000000000,130037528509,130075056887,37528509,37528378,75056887,YES
667,668,27,135000000000,135037585144,135075170244,37585144,37585100,75170244,YES
667,668,28,140000000000,140037651005,140075302053,37651005,37651048,75302053,YES
667,668,29,145000000000,145037725619,145075451365,37725619,37725746,75451365,YES
667,668,30,150000000000,150037808486,150075617180,37808486,37808694,75617180,YES
667,668,31,155000000000,155037899116,155075798511,37899116,37899395,75798511,YES
667,668,32,160000000000,160037997005,160075994360,37997005,37997355,75994360,YES
667,668,33,165000000000,165038101665,165076203765,38101665,38102100,76203765,YES
667,668,34,170000000000,170038212616,170076425730,38212616,38213114,76425730,YES
667,668,35,175000000000,175038329394,175076659356,38329394,38329962,76659356,YES
667,668,36,180000000000,180038451565,180076903750,38451565,38452185,76903750,YES
667,668,37,185000000000,185038578705,185077158081,38578705,38579376,77158081,YES
667,668,38,190000000000,190038710423,190077421564,38710423,38711141,77421564,YES
667,668,39,195000000000,195038846348,195077693460,38846348,38847112,77693460,YES
667,668,40,200000000000,200102443972,200255593904,102443972,153149932,255593904,YES
667,668,41,205000000000,205102182324,205201905062,102182324,99722738,201905062,YES
667,668,42,210000000000,-1,-1,-1,-1,-1,LOST
667,668,43,215000000000,215098451806,215196907653,98451806,98455847,196907653,YES
667,668,44,220000000000,220098599540,220201086064,98599540,102486524,201086064,YES
667,668,45,225000000000,225102698523,225204848096,102698523,102149573,204848096,YES
667,668,46,230000000000,230106741171,230211003769,106741171,104262598,211003769,YES
667,668,47,235000000000,235099087701,235198179874,99087701,99092173,198179874,YES
667,668,48,240000000000,240099527625,240200736044,99527625,101208419,200736044,YES
667,668,49,245000000000,245099447518,245319106186,99447518,219658668,319106186,YES
667,668,50,250000000000,250093657453,250198510065,93657453,104852612,198510065,YES
667,668,51,255000000000,255090492642,255180983580,90492642,90490938,180983580,YES
667,668,52,260000000000,260090370761,260187922156,90370761,97551395,187922156,YES
667,668,53,265000000000,265094657973,265185012976,94657973,90355003,185012976,YES
667,668,54,270000000000,270093225903,270183381857,93225903,90155954,183381857,YES
667,668,55,275000000000,275090066417,275219798167,90066417,129731750,219798167,YES
667,668,56,280000000000,280089987182,280179973706,89987182,89986524,179973706,YES
667,668,57,285000000000,285094424065,285184343476,94424065,89919411,184343476,YES
667,668,58,290000000000,290093246413,290183111217,93246413,89864804,183111217,YES
667,668,59,295000000000,295089823035,295179646075,89823035,89823040,179646075,YES
667,668,60,300000000000,300091641929,300181436320,91641929,89794391,181436320,YES
667,668,61,305000000000,305089778744,305179557932,89778744,89779188,179557932,YES
667,668,62,310000000000,310089776901,310179554460,89776901,89777559,179554460,YES
667,668,63,315000000000,315089788698,315179578267,89788698,89789569,179578267,YES
667,668,64,320000000000,320089814085,320179629243,89814085,89815158,179629243,YES
667,668,65,325000000000,325089852893,325179707055,89852893,89854162,179707055,YES
667,668,66,330000000000,330089904850,330181143177,89904850,91238327,181143177,YES
667,668,67,335000000000,335089969576,335179940788,89969576,89971212,179940788,YES
667,668,68,340000000000,340090046615,340180095045,90046615,90048430,180095045,YES
667,668,69,345000000000,345090135435,345180791968,90135435,90656533,180791968,YES
667,668,70,350000000000,350037722841,350075445316,37722841,37722475,75445316,YES
667,668,71,355000000000,355037738806,355075477335,37738806,37738529,75477335,YES
667,668,72,360000000000,360037765959,360075531726,37765959,37765767,75531726,YES
667,668,73,365000000000,365037803850,365075607592,37803850,37803742,75607592,YES
667,668,74,370000000000,370037851985,370075703946,37851985,37851961,75703946,YES
667,668,75,375000000000,375037909851,375075819753,37909851,37909902,75819753,YES
667,668,76,380000000000,380037976914,380075953958,37976914,37977044,75953958,YES
667,668,77,385000000000,385038052632,385076105481,38052632,38052849,76105481,YES
667,668,78,390000000000,390038136466,390076273222,38136466,38136756,76273222,YES
667,668,79,395000000000,395038227881,395076456121,38227881,38228240,76456121,YES
667,668,80,400000000000,400038326361,400076653151,38326361,38326790,76653151,YES
667,668,81,405000000000,405038431401,405076863291,38431401,38431890,76863291,YES
667,668,82,410000000000,410038542524,410077085590,38542524,38543066,77085590,YES
667,668,83,415000000000,415038659274,415077319144,38659274,38659870,77319144,YES
667,668,84,420000000000,420038781218,420077563083,38781218,38781865,77563083,YES
667,668,85,425000000000,425038907962,425077816615,38907962,38908653,77816615,YES
667,668,86,430000000000,430039039122,430078079012,39039122,39039890,78079012,YES
667,668,87,435000000000,435039174351,435078349508,39174351,39175157,78349508,YES
667,668,88,440000000000,440039313327,440078627498,39313327,39314171,78627498,YES
667,668,89,445000000000,445039455748,445078912376,39455748,39456628,78912376,YES
667,668,90,450000000000,450092571793,450183938634,92571793,91366841,183938634,YES
667,668,91,455000000000,455096222240,455187399537,96222240,91177297,187399537,YES
667,668,92,460000000000,460094038361,460185031901,94038361,90993540,185031901,YES
667,668,93,465000000000,465097638247,465188453817,97638247,90815570,188453817,YES
667,668,94,470000000000,470095600871,470186245054,95600871,90644183,186245054,YES
667,668,95,475000000000,475090482454,475180962210,90482454,90479756,180962210,YES
667,668,96,480000000000,480090325081,480186488567,90325081,96163486,186488567,YES
667,668,97,485000000000,485090175606,485184492365,90175606,94316759,184492365,YES
667,668,98,490000000000,490090034597,490182503933,90034597,92469336,182503933,YES
667,668,99,495000000000,495089902644,495179803283,89902644,89900639,179803283,YES
667,668,100,500000000000,500089746771,500179491724,89746771,89744953,179491724,YES
667,668,101,505000000000,505089634803,505179267996,89634803,89633193,179267996,YES
667,668,102,510000000000,510089533774,510179066143,89533774,89532369,179066143,YES
667,668,103,515000000000,515089444318,515178887443,89444318,89443125,178887443,YES
667,668,104,520000000000,520089367030,520178733092,89367030,89366062,178733092,YES
667,668,105,525000000000,525089302478,525178604211,89302478,89301733,178604211,YES
667,668,106,530000000000,530089251162,530178501812,89251162,89250650,178501812,YES
667,668,107,535000000000,535089213505,535178426732,89213505,89213227,178426732,YES
667,668,108,540000000000,540089189840,540178379636,89189840,89189796,178379636,YES
667,668,109,545000000000,545089180373,545178360939,89180373,89180566,178360939,YES
667,668,110,550000000000,550089185200,550178370825,89185200,89185625,178370825,YES
667,668,111,555000000000,555089204281,555178409217,89204281,89204936,178409217,YES
667,668,112,560000000000,560089237445,560178475772,89237445,89238327,178475772,YES
667,668,113,565000000000,565089284409,565178569919,89284409,89285510,178569919,YES
667,668,114,570000000000,570089344774,570178690861,89344774,89346087,178690861,YES
667,668,115,575000000000,575089418052,575178837619,89418052,89419567,178837619,YES
667,668,116,580000000000,580089503680,580179009073,89503680,89505393,179009073,YES
667,668,117,585000000000,585089601053,585179204003,89601053,89602950,179204003,YES
667,668,118,590000000000,590089709519,590179421112,89709519,89711593,179421112,YES
667,668,119,595000000000,595089828428,595179659108,89828428,89830680,179659108,YES
668,669,0,0,61022110,122041878,61022110,61019768,122041878,YES
668,669,1,5000000000,5060898184,5121794102,60898184,60895918,121794102,YES
668,669,2,10000000000,10060781920,10121561657,60781920,60779737,121561657,YES
668,669,3,15000000000,15060673575,15121345055,60673575,60671480,121345055,YES
668,669,4,20000000000,20060573385,20121144789,60573385,60571404,121144789,YES
668,669,5,25000000000,25060481610,25120961344,60481610,60479734,120961344,YES
668,669,6,30000000000,30060398490,30120795222,60398490,60396732,120795222,YES
668,669,7,35000000000,35060324271,35120646911,60324271,60322640,120646911,YES
668,669,8,40000000000,40060259181,40120516870,60259181,60257689,120516870,YES
668,669,9,45000000000,45060203435,45120405522,60203435,60202087,120405522,YES
668,669,10,50000000000,50080184024,50166921623,80184024,86737599,166921623,YES
668,669,11,55000000000,55078968052,55164809789,78968052,85841737,164809789,YES
668,669,12,60000000000,60079927974,60160090170,79927974,80162196,160090170,YES
668,669,13,65000000000,65078848529,65157696798,78848529,78848269,157696798,YES
668,669,14,70000000000,70085849284,70164656950,85849284,78807666,164656950,YES
668,669,15,75000000000,75083821536,75162601699,83821536,78780163,162601699,YES
668,669,16,80000000000,80088838632,80167604442,88838632,78765810,167604442,YES
668,669,17,85000000000,85081228862,85159993530,81228862,78764668,159993530,YES
668,669,18,90000000000,90078775750,90157552389,78775750,78776639,157552389,YES
668,669,19,95000000000,95087046623,95165988453,87046623,78941830,165988453,YES
668,669,20,100000000000,100088777306,100167650172,88777306,78872866,167650172,YES
668,669,21,105000000000,105080612151,105160130162,80612151,79518011,160130162,YES
668,669,22,110000000000,110087102734,110166087440,87102734,78984706,166087440,YES
668,669,23,115000000000,115080946959,115160004914,80946959,79057955,160004914,YES
668,669,24,120000000000,120079140219,120158282432,79140219,79142213,158282432,YES
668,669,25,125000000000,125079234764,125158888122,79234764,79653358,158888122,YES
668,669,26,130000000000,130079339182,130159459097,79339182,80119915,159459097,YES
668,669,27,135000000000,135079452922,135159058325,79452922,79605403,159058325,YES
668,669,28,140000000000,140079575431,140159153350,79575431,79577919,159153350,YES
668,669,29,145000000000,145079706155,145159414899,79706155,79708744,159414899,YES
668,669,30,150000000000,150079844577,150159691850,79844577,79847273,159691850,YES
668,669,31,155000000000,155079990184,155159983150,79990184,79992966,159983150,YES
668,669,32,160000000000,160080142501,160168971212,80142501,88828711,168971212,YES
668,669,33,165000000000,165080301063,165171057688,80301063,90756625,171057688,YES
668,669,34,170000000000,170083487897,170163956449,83487897,80468552,163956449,YES
668,669,35,175000000000,175080635236,175161273561,80635236,80638325,161273561,YES
668,669,36,180000000000,180080810071,180161623287,80810071,80813216,161623287,YES
668,669,37,185000000000,185080989593,185161982382,80989593,80992789,161982382,YES
668,669,38,190000000000,190081173483,190162350223,81173483,81176740,162350223,YES
668,669,39,195000000000,195081361452,195162726214,81361452,81364762,162726214,YES
668,669,40,200000000000,200089155323,200184674548,89155323,95519225,184674548,YES
668,669,41,205000000000,205089163711,205184790585,89163711,95626874,184790585,YES
668,669,42,210000000000,-1,-1,-1,-1,-1,LOST
668,669,43,215000000000,215089212170,215178425500,89212170,89213330,178425500,YES
668,669,44,220000000000,220089252184,220182668184,89252184,93416000,182668184,YES
668,669,45,225000000000,225089302601,225180732694,89302601,91430093,180732694,YES
668,669,46,230000000000,230094376334,230184804330,94376334,90427996,184804330,YES
668,669,47,235000000000,235089433978,235178869766,89433978,89435788,178869766,YES
668,669,48,240000000000,240090832412,240180348901,90832412,89516489,180348901,YES
668,669,49,245000000000,245209417455,245299026402,209417455,89608947,299026402,YES
668,669,50,250000000000,250061244156,250122162847,61244156,60918691,122162847,YES
668,669,51,255000000000,255060813971,255121625672,60813971,60811701,121625672,YES
668,669,52,260000000000,260060714534,260121426889,60714534,60712355,121426889,YES
668,669,53,265000000000,265060622904,265121243736,60622904,60620832,121243736,YES
668,669,54,270000000000,270060539244,270121076517,60539244,60537273,121076517,YES
668,669,55,275000000000,275060463746,275120925630,60463746,60461884,120925630,YES
668,669,56,280000000000,280060396594,280120791446,60396594,60394852,120791446,YES
668,669,57,285000000000,285060337993,285120674376,60337993,60336383,120674376,YES
668,669,58,290000000000,290060288144,290120574813,60288144,60286669,120574813,YES
668,669,59,295000000000,295060247226,295120493125,60247226,60245899,120493125,YES
668,669,60,300000000000,300079112420,300159779752,79112420,80667332,159779752,YES
668,669,61,305000000000,305079052438,305158104230,79052438,79051792,158104230,YES
668,669,62,310000000000,310079005688,310158010965,79005688,79005277,158010965,YES
668,669,63,315000000000,315078972567,315157944968,78972567,78972401,157944968,YES
668,669,64,320000000000,320078953356,320157906785,78953356,78953429,157906785,YES
668,669,65,325000000000,325078948197,325157896709,78948197,78948512,157896709,YES
668,669,66,330000000000,330078957112,330157914771,78957112,78957659,157914771,YES
668,669,67,335000000000,335078979966,335157960710,78979966,78980744,157960710,YES
668,669,68,340000000000,340079016512,340158034027,79016512,79017515,158034027,YES
668,669,69,345000000000,345079066377,345158133967,79066377,79067590,158133967,YES
668,669,70,350000000000,350079162701,350158326814,79162701,79164113,158326814,YES
668,669,71,355000000000,355079613874,355158853208,79613874,79239334,158853208,YES
668,669,72,360000000000,360079324476,360158650728,79324476,79326252,158650728,YES
668,669,73,365000000000,365079422300,365161961123,79422300,82538823,161961123,YES
668,669,74,370000000000,370079530526,370160009041,79530526,80478515,160009041,YES
668,669,75,375000000000,375079648503,375159299220,79648503,79650717,159299220,YES
668,669,76,380000000000,380079775573,380159553502,79775573,79777929,159553502,YES
668,669,77,385000000000,385079911109,385159824687,79911109,79913578,159824687,YES
668,669,78,390000000000,390080054493,390160111575,80054493,80057082,160111575,YES
668,669,79,395000000000,395080205156,395160412998,80205156,80207842,160412998,YES
668,669,80,400000000000,400091814852,400172180549,91814852,80365697,172180549,YES
668,669,81,405000000000,405080526171,405161055214,80526171,80529043,161055214,YES
668,669,82,410000000000,410080695551,410161394052,80695551,80698501,161394052,YES
668,669,83,415000000000,415080870251,415161743525,80870251,80873274,161743525,YES
668,669,84,420000000000,420081049879,420162692818,81049879,81642939,162692818,YES
668,669,85,425000000000,425081234082,425162471325,81234082,81237243,162471325,YES
668,669,86,430000000000,430081422490,430162848197,81422490,81425707,162848197,YES
668,669,87,435000000000,435081614814,435163232898,81614814,81618084,163232898,YES
668,669,88,440000000000,440082653670,440164467821,82653670,81814151,164467821,YES
668,669,89,445000000000,445082010117,445164023630,82010117,82013513,164023630,YES
668,669,90,450000000000,450061288776,450122574868,61288776,61286092,122574868,YES
668,669,91,455000000000,455061119601,455122236563,61119601,61116962,122236563,YES
668,669,92,460000000000,460060957320,460121912049,60957320,60954729,121912049,YES
668,669,93,465000000000,465060802235,465121601947,60802235,60799712,121601947,YES
668,669,94,470000000000,470060654625,470121306783,60654625,60652158,121306783,YES
668,669,95,475000000000,475060514758,475121027110,60514758,60512352,121027110,YES
668,669,96,480000000000,480060382865,480120763401,60382865,60380536,120763401,YES
668,669,97,485000000000,485060259187,485120516116,60259187,60256929,120516116,YES
668,669,98,490000000000,490060143927,490120285690,60143927,60141763,120285690,YES
668,669,99,495000000000,495060037286,495120072495,60037286,60035209,120072495,YES
668,669,100,500000000000,500059973050,500119944115,59973050,59971065,119944115,YES
668,669,101,505000000000,505059884205,505119766531,59884205,59882326,119766531,YES
668,669,102,510000000000,510059804525,510119607287,59804525,59802762,119607287,YES
668,669,103,515000000000,515059734183,515119466731,59734183,59732548,119466731,YES
668,669,104,520000000000,520059673328,520119345164,59673328,59671836,119345164,YES
668,669,105,525000000000,525059622119,525119242886,59622119,59620767,119242886,YES
668,669,106,530000000000,530059580659,530119160118,59580659,59579459,119160118,YES
668,669,107,535000000000,535059549035,535119097024,59549035,59547989,119097024,YES
668,669,108,540000000000,540059527278,540119053674,59527278,59526396,119053674,YES
668,669,109,545000000000,545059515365,545119030009,59515365,59514644,119030009,YES
668,669,110,550000000000,550078544617,550157089225,78544617,78544608,157089225,YES
668,669,111,555000000000,555078513367,555157026960,78513367,78513593,157026960,YES
668,669,112,560000000000,560078495845,560156992149,78495845,78496304,156992149,YES
668,669,113,565000000000,565078492167,565156985021,78492167,78492854,156985021,YES
668,669,114,570000000000,570078502340,570157005587,78502340,78503247,157005587,YES
668,669,115,575000000000,575078526239,575157053597,78526239,78527358,157053597,YES
668,669,116,580000000000,580078563644,580157128609,78563644,78564965,157128609,YES
668,669,117,585000000000,585078614231,585157229970,78614231,78615739,157229970,YES
668,669,118,590000000000,590078677574,590157356834,78677574,78679260,157356834,YES
668,669,119,595000000000,595078753191,595157508229,78753191,78755038,157508229,YES
669,670,0,0,32780515,65560905,32780515,32780390,65560905,YES
669,670,1,5000000000,5032747705,5065495349,32747705,32747644,65495349,YES
669,670,2,10000000000,10032726687,10065453372,32726687,32726685,65453372,YES
669,670,3,15000000000,15032717505,15065435068,32717505,32717563,65435068,YES
669,670,4,20000000000,20035542970,20068263197,35542970,32720227,68263197,YES
669,670,5,25000000000,25033671964,25066406464,33671964,32734500,66406464,YES
669,670,6,30000000000,30032759892,30065520010,32759892,32760118,65520010,YES
669,670,7,35000000000,35032796448,35065593176,32796448,32796728,65593176,YES
669,670,8,40000000000,40032843561,40065687450,32843561,32843889,65687450,YES
669,670,9,45000000000,45032900733,45065801841,32900733,32901108,65801841,YES
669,670,10,50000000000,50099833927,50192501848,99833927,92667921,192501848,YES
669,670,11,55000000000,55087667222,55175332658,87667222,87665436,175332658,YES
669,670,12,60000000000,60089861527,60177528388,89861527,87666861,177528388,YES
669,670,13,65000000000,65087680561,65175359712,87680561,87679151,175359712,YES
669,670,14,70000000000,70087703346,70175405486,87703346,87702140,175405486,YES
669,670,15,75000000000,75087736677,75175472353,87736677,87735676,175472353,YES
669,670,16,80000000000,80087780396,80186383260,87780396,98602864,186383260,YES
669,670,17,85000000000,85088371573,85185448461,88371573,97076888,185448461,YES
669,670,18,90000000000,90087898354,90175796366,87898354,87898012,175796366,YES
669,670,19,95000000000,95089154204,95178370962,89154204,89216758,178370962,YES
669,670,20,100000000000,100139224890,100227315317,139224890,88090427,227315317,YES
669,670,21,105000000000,105093120525,105186631736,93120525,93511211,186631736,YES
669,670,22,110000000000,110088284610,110193704549,88284610,105419939,193704549,YES
669,670,23,115000000000,115088395771,115176914701,88395771,88518930,176914701,YES
669,670,24,120000000000,120088515578,120180991000,88515578,92475422,180991000,YES
669,670,25,125000000000,125088643729,125177288708,88643729,88644979,177288708,YES
669,670,26,130000000000,130091867853,130180649304,91867853,88781451,180649304,YES
669,670,27,135000000000,135091894275,135180819781,91894275,88925506,180819781,YES
669,670,28,140000000000,140089074941,140178151761,89074941,89076820,178151761,YES
669,670,29,145000000000,145089233122,145178468310,89233122,89235188,178468310,YES
669,670,30,150000000000,150094403601,150192378798,94403601,97975197,192378798,YES
669,670,31,155000000000,155094385625,155192830375,94385625,98444750,192830375,YES
669,670,32,160000000000,160098935018,160193312465,98935018,94377447,193312465,YES
669,670,33,165000000000,165101660192,165196034187,101660192,94373995,196034187,YES
669,670,34,170000000000,170094799239,170192574137,94799239,97774898,192574137,YES
669,670,35,175000000000,175094385401,175188773836,94385401,94388435,188773836,YES
669,670,36,180000000000,180094403233,180190620756,94403233,96217523,190620756,YES
669,670,37,185000000000,185097362085,185193844760,97362085,96482675,193844760,YES
669,670,38,190000000000,190099835387,190196627201,99835387,96791814,196627201,YES
669,670,39,195000000000,195097070232,195191574518,97070232,94504286,191574518,YES
669,670,40,200000000000,200033026387,200066052228,33026387,33025841,66052228,YES
669,670,41,205000000000,205032925230,205065849988,32925230,32924758,65849988,YES
669,670,42,210000000000,210032833971,210065667536,32833971,32833565,65667536,YES
669,670,43,215000000000,215032753084,215065505831,32753084,32752747,65505831,YES
669,670,44,220000000000,220032683006,220066220342,32683006,33537336,66220342,YES
669,670,45,225000000000,225032624122,225065248043,32624122,32623921,65248043,YES
669,670,46,230000000000,230032576750,230068114200,32576750,35537450,68114200,YES
669,670,47,235000000000,235032541131,235065082192,32541131,32541061,65082192,YES
669,670,48,240000000000,240032517418,240065034831,32517418,32517413,65034831,YES
669,670,49,245000000000,245032505663,245065011384,32505663,32505721,65011384,YES
669,670,50,250000000000,250032539415,250065078949,32539415,32539534,65078949,YES
669,670,51,255000000000,255032551318,255065102816,32551318,32551498,65102816,YES
669,670,52,260000000000,260032574718,260065149673,32574718,32574955,65149673,YES
669,670,53,265000000000,265032609268,265065218829,32609268,32609561,65218829,YES
669,670,54,270000000000,270032654546,270065309438,32654546,32654892,65309438,YES
669,670,55,275000000000,275032710067,275065420531,32710067,32710464,65420531,YES
669,670,56,280000000000,280032775297,280065551035,32775297,32775738,65551035,YES
669,670,57,285000000000,285032849672,285065699831,32849672,32850159,65699831,YES
669,670,58,290000000000,290032932614,290065865757,32932614,32933143,65865757,YES
669,670,59,295000000000,295033023548,295066047674,33023548,33024126,66047674,YES
669,670,60,300000000000,300089756752,300177374662,89756752,87617910,177374662,YES
669,670,61,305000000000,305087643048,305175284901,87643048,87641853,175284901,YES
669,670,62,310000000000,310087677478,310178818030,87677478,91140552,178818030,YES
669,670,63,315000000000,315087722509,315176724526,87722509,89002017,176724526,YES
669,670,64,320000000000,320087778017,320175555523,87778017,87777506,175555523,YES
669,670,65,325000000000,325087843860,325175687449,87843860,87843589,175687449,YES
669,670,66,330000000000,330087919873,330175839716,87919873,87919843,175839716,YES
669,670,67,335000000000,335088005858,335176011947,88005858,88006089,176011947,YES
669,670,68,340000000000,340088101586,340176203645,88101586,88102059,176203645,YES
669,670,69,345000000000,345088206786,345176414288,88206786,88207502,176414288,YES
669,670,70,350000000000,350043676351,350087353647,43676351,43677296,87353647,YES
669,670,71,355000000000,355043754104,355087509248,43754104,43755144,87509248,YES
669,670,72,360000000000,360043841577,360087684285,43841577,43842708,87684285,YES
669,670,73,365000000000,365043938502,365087878222,43938502,43939720,87878222,YES
669,670,74,370000000000,370044044564,370088090442,44044564,44045878,88090442,YES
669,670,75,375000000000,375044159433,375088320252,44159433,44160819,88320252,YES
669,670,76,380000000000,380044282711,380088566898,44282711,44284187,88566898,YES
669,670,77,385000000000,385044414025,385088829592,44414025,44415567,88829592,YES
669,670,78,390000000000,390044552967,390089107545,44552967,44554578,89107545,YES
669,670,79,395000000000,395044699135,395089399942,44699135,44700807,89399942,YES
669,670,80,400000000000,400094975139,400189953201,94975139,94978062,189953201,YES
669,670,81,405000000000,405094978318,405189959720,94978318,94981402,189959720,YES
669,670,82,410000000000,410094987999,410189979219,94987999,94991220,189979219,YES
669,670,83,415000000000,415095004131,415190011594,95004131,95007463,190011594,YES
669,670,84,420000000000,420095026720,420191365979,95026720,96339259,191365979,YES
669,670,85,425000000000,425095055795,425190115141,95055795,95059346,190115141,YES
669,670,86,430000000000,430095091438,430190186532,95091438,95095094,190186532,YES
669,670,87,435000000000,435095133742,435190271246,95133742,95137504,190271246,YES
669,670,88,440000000000,440095182850,440190655174,95182850,95472324,190655174,YES
669,670,89,445000000000,445095238917,445194729005,95238917,99490088,194729005,YES
669,670,90,450000000000,450032851443,450065702352,32851443,32850909,65702352,YES
669,670,91,455000000000,455032754320,455065508176,32754320,32753856,65508176,YES
669,670,92,460000000000,460032667536,460065334683,32667536,32667147,65334683,YES
669,670,93,465000000000,465032591533,465065182746,32591533,32591213,65182746,YES
669,670,94,470000000000,470032526694,470065053143,32526694,32526449,65053143,YES
669,670,95,475000000000,475032473344,475064946513,32473344,32473169,64946513,YES
669,670,96,480000000000,480032431727,480064863350,32431727,32431623,64863350,YES
669,670,97,485000000000,485032402005,485064803976,32402005,32401971,64803976,YES
669,670,98,490000000000,490032384243,490064768524,32384243,32384281,64768524,YES
669,670,99,495000000000,495032378415,495064756934,32378415,32378519,64756934,YES
669,670,100,500000000000,500032417994,500064836154,32417994,32418160,64836154,YES
669,670,101,505000000000,505032435550,505064871334,32435550,32435784,64871334,YES
669,670,102,510000000000,510032464385,510064929061,32464385,32464676,64929061,YES
669,670,103,515000000000,515032504109,515065008565,32504109,32504456,65008565,YES
669,670,104,520000000000,520032554270,520065108942,32554270,32554672,65108942,YES
669,670,105,525000000000,525032614370,525065229192,32614370,32614822,65229192,YES
669,670,106,530000000000,530032683874,530065368245,32683874,32684371,65368245,YES
669,670,107,535000000000,535032762221,535065524984,32762221,32762763,65524984,YES
669,670,108,540000000000,540032848850,540065698282,32848850,32849432,65698282,YES
669,670,109,545000000000,545032943194,545065887008,32943194,32943814,65887008,YES
669,670,110,550000000000,550087573326,550175145347,87573326,87572021,175145347,YES
669,670,111,555000000000,555087602019,555175202953,87602019,87600934,175202953,YES
669,670,112,560000000000,560087641652,560175282455,87641652,87640803,175282455,YES
669,670,113,565000000000,565087692179,565175383756,87692179,87691577,175383756,YES
669,670,114,570000000000,570087753533,570175506711,87753533,87753178,175506711,YES
669,670,115,575000000000,575087825597,575175651095,87825597,87825498,175651095,YES
669,670,116,580000000000,580087908228,580175816616,87908228,87908388,175816616,YES
669,670,117,585000000000,585088001244,585176002920,88001244,88001676,176002920,YES
669,670,118,590000000000,590088104390,590176209472,88104390,88105082,176209472,YES
669,670,119,595000000000,595088217393,595176435729,88217393,88218336,176435729,YES
670,671,0,0,116393701,232786571,116393701,116392870,232786571,YES
670,671,1,5000000000,5116527737,5232905125,116527737,116377388,232905125,YES
670,671,2,10000000000,10116377067,10236361104,116377067,119984037,236361104,YES
670,671,3,15000000000,15120311184,15236703048,120311184,116391864,236703048,YES
670,671,4,20000000000,20118307023,20235592592,118307023,117285569,235592592,YES
670,671,5,25000000000,25116465939,25233424353,116465939,116958414,233424353,YES
670,671,6,30000000000,30116525551,30233052606,116525551,116527055,233052606,YES
670,671,7,35000000000,35116599654,35233201176,116599654,116601522,233201176,YES
670,671,8,40000000000,40116687782,40233377795,116687782,116690013,233377795,YES
670,671,9,45000000000,45116789421,45233581411,116789421,116791990,233581411,YES
670,671,10,50000000000,50116903968,50233810827,116903968,116906859,233810827,YES
670,671,11,55000000000,55117030804,55234064817,117030804,117034013,234064817,YES
670,671,12,60000000000,60117169282,60234342067,117169282,117172785,234342067,YES
670,671,13,65000000000,65117318751,65234641275,117318751,117322524,234641275,YES
670,671,14,70000000000,70117478576,70234961174,117478576,117482598,234961174,YES
670,671,15,75000000000,75117648130,75235300519,117648130,117652389,235300519,YES
670,671,16,80000000000,80117826831,80235658154,117826831,117831323,235658154,YES
670,671,17,85000000000,85118014111,85236032931,118014111,118018820,236032931,YES
670,671,18,90000000000,90118209454,90236423789,118209454,118214335,236423789,YES
670,671,19,95000000000,95118412345,95236829761,118412345,118417416,236829761,YES
670,671,20,100000000000,100010638261,100021276819,10638261,10638558,21276819,YES
670,671,21,105000000000,105010700238,105021400782,10700238,10700544,21400782,YES
670,671,22,110000000000,110010770374,110021541064,10770374,10770690,21541064,YES
670,671,23,115000000000,115010848633,115021697591,10848633,10848958,21697591,YES
670,671,24,120000000000,120010934954,120021870242,10934954,10935288,21870242,YES
670,671,25,125000000000,125011029233,125022058809,11029233,11029576,22058809,YES
670,671,26,130000000000,130011131326,130022263003,11131326,11131677,22263003,YES
670,671,27,135000000000,135011241050,135022482476,11241050,11241426,22482476,YES
670,671,28,140000000000,140011358175,140022716733,11358175,11358558,22716733,YES
670,671,29,145000000000,145011482432,145022965254,11482432,11482822,22965254,YES
670,671,30,150000000000,150005318684,150010637257,5318684,5318573,10637257,YES
670,671,31,155000000000,155005267114,155047047866,5267114,41780752,47047866,YES
670,671,32,160000000000,160005222945,160010445798,5222945,5222853,10445798,YES
670,671,33,165000000000,165005186086,165010372086,5186086,5186000,10372086,YES
670,671,34,170000000000,170005156464,170010312849,5156464,5156385,10312849,YES
670,671,35,175000000000,175005134023,175010267973,5134023,5133950,10267973,YES
670,671,36,180000000000,180005118732,180010237398,5118732,5118666,10237398,YES
670,671,37,185000000000,185005110587,185010221116,5110587,5110529,10221116,YES
670,671,38,190000000000,190005109621,190010219190,5109621,5109569,10219190,YES
670,671,39,195000000000,195005115896,195010231749,5115896,5115853,10231749,YES
670,671,40,200000000000,200116717538,200233432150,116717538,116714612,233432150,YES
670,671,41,205000000000,205116610707,205238162475,116610707,121551768,238162475,YES
670,671,42,210000000000,210116856258,210233398932,116856258,116542674,233398932,YES
670,671,43,215000000000,215116434714,215232867394,116434714,116432680,232867394,YES
670,671,44,220000000000,220117568365,220234075096,117568365,116506731,234075096,YES
670,671,45,225000000000,225116312963,225232624569,116312963,116311606,232624569,YES
670,671,46,230000000000,230116273760,230232546516,116273760,116272756,232546516,YES
670,671,47,235000000000,235119526967,235235775865,119526967,116248898,235775865,YES
670,671,48,240000000000,240116264358,240232504701,116264358,116240343,232504701,YES
670,671,49,245000000000,245116247101,245232494329,116247101,116247228,232494329,YES
670,671,50,250000000000,250116269074,250330149703,116269074,213880629,330149703,YES
670,671,51,255000000000,255116306429,255232613745,116306429,116307316,232613745,YES
670,671,52,260000000000,260116358939,260232719140,116358939,116360201,232719140,YES
670,671,53,265000000000,265116426265,265232854154,116426265,116427889,232854154,YES
670,671,54,270000000000,270116507963,270233017909,116507963,116509946,233017909,YES
670,671,55,275000000000,275116603511,275233209347,116603511,116605836,233209347,YES
670,671,56,280000000000,280116712313,280233427276,116712313,116714963,233427276,YES
670,671,57,285000000000,285116833742,285233670438,116833742,116836696,233670438,YES
670,671,58,290000000000,290116967134,290233937515,116967134,116970381,233937515,YES
670,671,59,295000000000,295117111831,295234227191,117111831,117115360,234227191,YES
670,671,60,300000000000,300010989586,300021979384,10989586,10989798,21979384,YES
670,671,61,305000000000,305010982638,305021965506,10982638,10982868,21965506,YES
670,671,62,310000000000,310010982944,310021966131,10982944,10983187,21966131,YES
670,671,63,315000000000,315010990473,315023360345,10990473,12369872,23360345,YES
670,671,64,320000000000,320011005239,320022010739,11005239,11005500,22010739,YES
670,671,65,325000000000,325011027291,325022054856,11027291,11027565,22054856,YES
670,671,66,330000000000,330011056708,330022113702,11056708,11056994,22113702,YES
670,671,67,335000000000,335011093599,335022187496,11093599,11093897,22187496,YES
670,671,68,340000000000,340011138086,340022276482,11138086,11138396,22276482,YES
670,671,69,345000000000,345011190296,345022380919,11190296,11190623,22380919,YES
670,671,70,350000000000,350117442800,350234884658,117442800,117441858,234884658,YES
670,671,71,355000000000,355117381337,355234761993,117381337,117380656,234761993,YES
670,671,72,360000000000,360117332926,360234665425,117332926,117332499,234665425,YES
670,671,73,365000000000,365117297713,365234595255,117297713,117297542,234595255,YES
670,671,74,370000000000,370117275772,370234551625,117275772,117275853,234551625,YES
670,671,75,375000000000,375117267085,375234534500,117267085,117267415,234534500,YES
670,671,76,380000000000,380117271549,380234543675,117271549,117272126,234543675,YES
670,671,77,385000000000,385117288980,385234578775,117288980,117289795,234578775,YES
670,671,78,390000000000,390117319108,390234639265,117319108,117320157,234639265,YES
670,671,79,395000000000,395117361609,395234724494,117361609,117362885,234724494,YES
670,671,80,400000000000,400005235867,400010471628,5235867,5235761,10471628,YES
670,671,81,405000000000,405005191402,405010382712,5191402,5191310,10382712,YES
670,671,82,410000000000,410005154623,410010309161,5154623,5154538,10309161,YES
670,671,83,415000000000,415005125387,415011528502,5125387,6403115,11528502,YES
670,671,84,420000000000,420005103572,420010207072,5103572,5103500,10207072,YES
670,671,85,425000000000,425005089076,425010178087,5089076,5089011,10178087,YES
670,671,86,430000000000,430005081826,430010163594,5081826,5081768,10163594,YES
670,671,87,435000000000,435005081782,435010163512,5081782,5081730,10163512,YES
670,671,88,440000000000,440005088933,440010177822,5088933,5088889,10177822,YES
670,671,89,445000000000,445005103310,445010206584,5103310,5103274,10206584,YES
670,671,90,450000000000,450116099344,450232196253,116099344,116096909,232196253,YES
670,671,91,455000000000,455116026704,455232051248,116026704,116024544,232051248,YES
670,671,92,460000000000,460115967594,460231933324,115967594,115965730,231933324,YES
670,671,93,465000000000,465115922515,465231843470,115922515,115920955,231843470,YES
670,671,94,470000000000,470115891880,470231782525,115891880,115890645,231782525,YES
670,671,95,475000000000,475115876035,475231751169,115876035,115875134,231751169,YES
670,671,96,480000000000,480115875213,480231749872,115875213,115874659,231749872,YES
670,671,97,485000000000,485115889556,485231778912,115889556,115889356,231778912,YES
670,671,98,490000000000,490115919072,490231838302,115919072,115919230,231838302,YES
670,671,99,495000000000,495115963673,495231927863,115963673,115964190,231927863,YES
670,671,100,500000000000,500116023145,500232047176,116023145,116024031,232047176,YES
670,671,101,505000000000,505116097182,505232195613,116097182,116098431,232195613,YES
670,671,102,510000000000,510116185374,510232372356,116185374,116186982,232372356,YES
670,671,103,515000000000,515116287252,515232576453,116287252,116289201,232576453,YES
670,671,104,520000000000,520116402271,520232814306,116402271,116412035,232814306,YES
670,671,105,525000000000,525116529829,525233062253,116529829,116532424,233062253,YES
670,671,106,530000000000,530116669306,530233341526,116669306,116672220,233341526,YES
670,671,107,535000000000,535116820081,535233643369,116820081,116823288,233643369,YES
670,671,108,540000000000,540116981513,540233966513,116981513,116985000,233966513,YES
670,671,109,545000000000,545117152980,545234309718,117152980,117156738,234309718,YES
670,671,110,550000000000,550010376544,550020753288,10376544,10376744,20753288,YES
670,671,111,555000000000,555010379989,555020760194,10379989,10380205,20760194,YES
670,671,112,560000000000,560010391798,560020783827,10391798,10392029,20783827,YES
670,671,113,565000000000,565010412052,565020824349,10412052,10412297,20824349,YES
670,671,114,570000000000,570010440849,570020881955,10440849,10441106,20881955,YES
670,671,115,575000000000,575010478301,575020956872,10478301,10478571,20956872,YES
670,671,116,580000000000,580010524524,580021049331,10524524,10524807,21049331,YES
670,671,117,585000000000,585010579620,585021159532,10579620,10579912,21159532,YES
670,671,118,590000000000,590010643664,590021287631,10643664,10643967,21287631,YES
670,671,119,595000000000,595010716693,595021433698,10716693,10717005,21433698,YES
671,672,0,0,71785406,143570888,71785406,71785482,143570888,YES
671,672,1,5000000000,5071866928,5143734107,71866928,71867179,143734107,YES
671,672,2,10000000000,10071960672,10143921769,71960672,71961097,143921769,YES
671,672,3,15000000000,15072066298,15144133206,72066298,72066908,144133206,YES
671,672,4,20000000000,20072183435,20144367657,72183435,72184222,144367657,YES
671,672,5,25000000000,25072311688,25144624334,72311688,72312646,144624334,YES
671,672,6,30000000000,30072450616,30145102719,72450616,72652103,145102719,YES
671,672,7,35000000000,35072599780,35145200850,72599780,72601070,145200850,YES
671,672,8,40000000000,40072758723,40145518879,72758723,72760156,145518879,YES
671,672,9,45000000000,45072926954,45145855502,72926954,72928548,145855502,YES
671,672,10,50000000000,50080406036,50160813346,80406036,80407310,160813346,YES
671,672,11,55000000000,55080421378,55160844185,80421378,80422807,160844185,YES
671,672,12,60000000000,60082542451,60162993524,82542451,80451073,162993524,YES
671,672,13,65000000000,65080490212,65160982140,80490212,80491928,160982140,YES
671,672,14,70000000000,70080679176,70161224372,80679176,80545196,161224372,YES
671,672,15,75000000000,75080608622,75161219217,80608622,80610595,161219217,YES
671,672,16,80000000000,80080685694,80164909797,80685694,84224103,164909797,YES
671,672,17,85000000000,85084002758,85168682024,84002758,84679266,168682024,YES
671,672,18,90000000000,90088076218,90168952324,88076218,80876106,168952324,YES
671,672,19,95000000000,95085671256,95168950828,85671256,83279572,168950828,YES
671,672,20,100000000000,100059890476,100118952300,59890476,59061824,118952300,YES
671,672,21,105000000000,105057587224,105116985918,57587224,59398694,116985918,YES
671,672,22,110000000000,110056118819,110112237340,56118819,56118521,112237340,YES
671,672,23,115000000000,115058345538,115114510960,58345538,56165422,114510960,YES
671,672,24,120000000000,120056457846,120112681340,56457846,56223494,112681340,YES
671,672,25,125000000000,125056292398,125112584926,56292398,56292528,112584926,YES
671,672,26,130000000000,130056371909,130113729986,56371909,57358077,113729986,YES
671,672,27,135000000000,135056461687,135113215582,56461687,56753895,113215582,YES
671,672,28,140000000000,140056561330,140113123215,56561330,56561885,113123215,YES
671,672,29,145000000000,145056670421,145113341536,56670421,56671115,113341536,YES
671,672,30,150000000000,150046746432,150093493441,46746432,46747009,93493441,YES
671,672,31,155000000000,155088292906,155135040537,88292906,46747631,135040537,YES
671,672,32,160000000000,160046761194,160093520833,46761194,46759639,93520833,YES
671,672,33,165000000000,165046782160,165093565189,46782160,46783029,93565189,YES
671,672,34,170000000000,170046816607,170093634169,46816607,46817562,93634169,YES
671,672,35,175000000000,175046861946,175093724928,46861946,46862982,93724928,YES
671,672,36,180000000000,180046917883,180093836878,46917883,46918995,93836878,YES
671,672,37,185000000000,185046984072,185093969328,46984072,46985256,93969328,YES
671,672,38,190000000000,190047060133,190102509181,47060133,55449048,102509181,YES
671,672,39,195000000000,195047145652,195099879700,47145652,52734048,99879700,YES
671,672,40,200000000000,200079794202,200159396559,79794202,79602357,159396559,YES
671,672,41,205000000000,205080207880,205151677806,80207880,71469926,151677806,YES
671,672,42,210000000000,210071483496,210150200287,71483496,78716791,150200287,YES
671,672,43,215000000000,215074162660,215145671653,74162660,71508993,145671653,YES
671,672,44,220000000000,220071548812,220146400691,71548812,74851879,146400691,YES
671,672,45,225000000000,225071601413,225147184560,71601413,75583147,147184560,YES
671,672,46,230000000000,230071667187,230143334388,71667187,71667201,143334388,YES
671,672,47,235000000000,235074270127,235146016337,74270127,71746210,146016337,YES
671,672,48,240000000000,240071837495,240143675374,71837495,71837879,143675374,YES
671,672,49,245000000000,245076691049,245148633202,76691049,71942153,148633202,YES
671,672,50,250000000000,250072057538,250144115850,72057538,72058312,144115850,YES
671,672,51,255000000000,255072185285,255144371530,72185285,72186245,144371530,YES
671,672,52,260000000000,260072324271,260144649682,72324271,72325411,144649682,YES
671,672,53,265000000000,265072474014,265144949345,72474014,72475331,144949345,YES
671,672,54,270000000000,270072634016,270145269520,72634016,72635504,145269520,YES
671,672,55,275000000000,275072803788,275145609217,72803788,72805429,145609217,YES
671,672,56,280000000000,280072982784,280145967363,72982784,72984579,145967363,YES
671,672,57,285000000000,285073170500,285146342962,73170500,73172462,146342962,YES
671,672,58,290000000000,290073366443,290146734996,73366443,73368553,146734996,YES
671,672,59,295000000000,295073570118,295147142477,73570118,73572359,147142477,YES
671,672,60,300000000000,300056314217,300112626782,56314217,56312565,112626782,YES
671,672,61,305000000000,305056223753,305112445944,56223753,56222191,112445944,YES
671,672,62,310000000000,310063185543,310119327916,63185543,56142373,119327916,YES
671,672,63,315000000000,315061116827,315117190579,61116827,56073752,117190579,YES
671,672,64,320000000000,320059059477,320115075978,59059477,56016501,115075978,YES
671,672,65,325000000000,325055972088,325111942983,55972088,55970895,111942983,YES
671,672,66,330000000000,330055938209,330111875333,55938209,55937124,111875333,YES
671,672,67,335000000000,335055932034,335111847404,55932034,55915370,111847404,YES
671,672,68,340000000000,340055906588,340111812332,55906588,55905744,111812332,YES
671,672,69,345000000000,345055909000,345111817292,55909000,55908292,111817292,YES
671,672,70,350000000000,350059395915,350115318938,59395915,55923023,115318938,YES
671,672,71,355000000000,355055950265,355111900102,55950265,55949837,111900102,YES
671,672,72,360000000000,360055988946,360111977612,55988946,55988666,111977612,YES
671,672,73,365000000000,365056039456,365114670244,56039456,58630788,114670244,YES
671,672,74,370000000000,370056101570,370112656831,56101570,56555261,112656831,YES
671,672,75,375000000000,375056175006,375112350200,56175006,56175194,112350200,YES
671,672,76,380000000000,380056259424,380112519190,56259424,56259766,112519190,YES
671,672,77,385000000000,385056354441,385112709372,56354441,56354931,112709372,YES
671,672,78,390000000000,390056459615,390112919868,56459615,56460253,112919868,YES
671,672,79,395000000000,395056574475,395113149736,56574475,56575261,113149736,YES
671,672,80,400000000000,400046871618,400093743902,46871618,46872284,93743902,YES
671,672,81,405000000000,405046899918,405093800606,46899918,46900688,93800606,YES
671,672,82,410000000000,410051645812,410098586946,51645812,46941134,98586946,YES
671,672,83,415000000000,415049697725,415096690870,49697725,46993145,96690870,YES
671,672,84,420000000000,420047760822,420094817158,47760822,47056336,94817158,YES
671,672,85,425000000000,425047129113,425094259360,47129113,47130247,94259360,YES
671,672,86,430000000000,430047213159,430094427530,47213159,47214371,94427530,YES
671,672,87,435000000000,435047306879,435094615052,47306879,47308173,94615052,YES
671,672,88,440000000000,440047409733,440094820817,47409733,47411084,94820817,YES
671,672,89,445000000000,445047521161,445095043732,47521161,47522571,95043732,YES
671,672,90,450000000000,450071693788,450143387086,71693788,71693298,143387086,YES
671,672,91,455000000000,455071716974,455143433645,71716974,71716671,143433645,YES
671,672,92,460000000000,460071754392,460143508678,71754392,71754286,143508678,YES
671,672,93,465000000000,465075129738,465146935935,75129738,71806197,146935935,YES
671,672,94,470000000000,470073275787,470145148001,73275787,71872214,145148001,YES
671,672,95,475000000000,475071951701,475143903897,71951701,71952196,143903897,YES
671,672,96,480000000000,480072045190,480144091080,72045190,72045890,144091080,YES
671,672,97,485000000000,485072151976,485144304855,72151976,72152879,144304855,YES
671,672,98,490000000000,490072271614,490144544324,72271614,72272710,144544324,YES
671,672,99,495000000000,495072403581,495144808450,72403581,72404869,144808450,YES
671,672,100,500000000000,500080660500,500161321970,80660500,80661470,161321970,YES
671,672,101,505000000000,505080627946,505161257057,80627946,80629111,161257057,YES
671,672,102,510000000000,510080607652,510161216639,80607652,80608987,161216639,YES
671,672,103,515000000000,515080599643,515161200796,80599643,80601153,161200796,YES
671,672,104,520000000000,520080603932,520161209532,80603932,80605600,161209532,YES
671,672,105,525000000000,525080620496,525161242813,80620496,80622317,161242813,YES
671,672,106,530000000000,530080649288,530161300539,80649288,80651251,161300539,YES
671,672,107,535000000000,535080690220,535161382539,80690220,80692319,161382539,YES
671,672,108,540000000000,540080743177,540161488575,80743177,80745398,161488575,YES
671,672,109,545000000000,545080807977,545161618290,80807977,80810313,161618290,YES
671,672,110,550000000000,550055952970,550111904560,55952970,55951590,111904560,YES
671,672,111,555000000000,555055901461,555111801642,55901461,55900181,111801642,YES
671,672,112,560000000000,560055861808,560111722446,55861808,55860638,111722446,YES
671,672,113,565000000000,565055834228,565111667406,55834228,55833178,111667406,YES
671,672,114,570000000000,570055818878,570111636833,55818878,55817955,111636833,YES
671,672,115,575000000000,575055815869,575111630947,55815869,55815078,111630947,YES
671,672,116,580000000000,580055825262,580111649873,55825262,55824611,111649873,YES
671,672,117,585000000000,585055847052,585111693602,55847052,55846550,111693602,YES
671,672,118,590000000000,590055881187,590111762023,55881187,55880836,111762023,YES
671,672,119,595000000000,595055927546,595111854897,55927546,55927351,111854897,YES
672,673,0,0,40509190,81019280,40509190,40510090,81019280,YES
672,673,1,5000000000,5040518959,5081038909,40518959,40519950,81038909,YES
672,673,2,10000000000,10040538180,10081077438,40538180,40539258,81077438,YES
672,673,3,15000000000,15040566744,15081134648,40566744,40567904,81134648,YES
672,673,4,20000000000,20040604545,20081210327,40604545,40605782,81210327,YES
672,673,5,25000000000,25040651483,25081304277,40651483,40652794,81304277,YES
672,673,6,30000000000,30041359116,30082067963,41359116,40708847,82067963,YES
672,673,7,35000000000,35040772375,35081546197,40772375,40773822,81546197,YES
672,673,8,40000000000,40040846148,40081693804,40846148,40847656,81693804,YES
672,673,9,45000000000,45040928682,45081858940,40928682,40930258,81858940,YES
672,673,10,50000000000,50048756825,50097513137,48756825,48756312,97513137,YES
672,673,11,55000000000,55048717959,55097435546,48717959,48717587,97435546,YES
672,673,12,60000000000,60048692244,60098636810,48692244,49944566,98636810,YES
672,673,13,65000000000,65106972902,65155652585,106972902,48679683,155652585,YES
672,673,14,70000000000,70152493539,70201193727,152493539,48700188,201193727,YES
672,673,15,75000000000,75048694985,75097390183,48694985,48695198,97390183,YES
672,673,16,80000000000,80051493910,80103942434,51493910,52448524,103942434,YES
672,673,17,85000000000,85050069439,85102002999,50069439,51933560,102002999,YES
672,673,18,90000000000,90048815340,90100076408,48815340,51261068,100076408,YES
672,673,19,95000000000,95057549221,95106527403,57549221,48978182,106527403,YES
672,673,20,100000000000,100040668313,100079278918,40668313,38610605,79278918,YES
672,673,21,105000000000,105041263439,105079903645,41263439,38640206,79903645,YES
672,673,22,110000000000,110038680774,110078243948,38680774,39563174,78243948,YES
672,673,23,115000000000,115038733706,115077468329,38733706,38734623,77468329,YES
672,673,24,120000000000,120038797947,120077596882,38797947,38798935,77596882,YES
672,673,25,125000000000,125041941808,125080816078,41941808,38874270,80816078,YES
672,673,26,130000000000,130038958987,130077919091,38958987,38960104,77919091,YES
672,673,27,135000000000,135039054994,135078111168,39054994,39056174,78111168,YES
672,673,28,140000000000,140039160740,140078322716,39160740,39161976,78322716,YES
672,673,29,145000000000,145039275761,145078552802,39275761,39277041,78552802,YES
672,673,30,150000000000,150029325046,150058649693,29325046,29324647,58649693,YES
672,673,31,155000000000,155029330944,155058661557,29330944,29330613,58661557,YES
672,673,32,160000000000,160029348041,160058761161,29348041,29413120,58761161,YES
672,673,33,165000000000,165029376200,165058752225,29376200,29376025,58752225,YES
672,673,34,170000000000,170029415207,170058830312,29415207,29415105,58830312,YES
672,673,35,175000000000,175029464812,175058929596,29464812,29464784,58929596,YES
672,673,36,180000000000,180029524719,180059049482,29524719,29524763,59049482,YES
672,673,37,185000000000,185029594592,185059189301,29594592,29594709,59189301,YES
672,673,38,190000000000,190029674062,190059348317,29674062,29674255,59348317,YES
672,673,39,195000000000,195029762727,195059525719,29762727,29762992,59525719,YES
672,673,40,200000000000,200042815041,200089839050,42815041,47024009,89839050,YES
672,673,41,205000000000,205042917056,205085834546,42917056,42917490,85834546,YES
672,673,42,210000000000,210043028621,210203000955,43028621,159972334,203000955,YES
672,673,43,215000000000,215043149431,215086299529,43149431,43150098,86299529,YES
672,673,44,220000000000,220043279102,220086874618,43279102,43595516,86874618,YES
672,673,45,225000000000,225043488085,225094699930,43488085,51211845,94699930,YES
672,673,46,230000000000,230043563514,230088921226,43563514,45357712,88921226,YES
672,673,47,235000000000,235043717417,235087435938,43717417,43718521,87435938,YES
672,673,48,240000000000,240043878547,240087758293,43878547,43879746,87758293,YES
672,673,49,245000000000,245044046468,245088094246,44046468,44047778,88094246,YES
672,673,50,250000000000,250040510344,250081021907,40510344,40511563,81021907,YES
672,673,51,255000000000,255040551739,255081104767,40551739,40553028,81104767,YES
672,673,52,260000000000,260040602328,260081206027,40602328,40603699,81206027,YES
672,673,53,265000000000,265040662080,265081325595,40662080,40663515,81325595,YES
672,673,54,270000000000,270040730931,270081463355,40730931,40732424,81463355,YES
672,673,55,275000000000,275040808825,275081619200,40808825,40810375,81619200,YES
672,673,56,280000000000,280040895704,280081793012,40895704,40897308,81793012,YES
672,673,57,285000000000,285040991488,285147933674,40991488,106942186,147933674,YES
672,673,58,290000000000,290041096093,290091856069,41096093,50759976,91856069,YES
672,673,59,295000000000,295041209403,295082420562,41209403,41211159,82420562,YES
672,673,60,300000000000,300048913796,300099377786,48913796,50463990,99377786,YES
672,673,61,305000000000,305048898534,305097796775,48898534,48898241,97796775,YES
672,673,62,310000000000,310048896877,310097793606,48896877,48896729,97793606,YES
672,673,63,315000000000,315048908819,315097817638,48908819,48908819,97817638,YES
672,673,64,320000000000,320048934240,320097868628,48934240,48934388,97868628,YES
672,673,65,325000000000,325048972927,325097946145,48972927,48973218,97946145,YES
672,673,66,330000000000,330049024560,330098049560,49024560,49025000,98049560,YES
672,673,67,335000000000,335050744502,335099833844,50744502,49089342,99833844,YES
672,673,68,340000000000,340049164998,340103039335,49164998,53874337,103039335,YES
672,673,69,345000000000,345049252812,345101127245,49252812,51874433,101127245,YES
672,673,70,350000000000,350038353781,350083396150,38353781,45042369,83396150,YES
672,673,71,355000000000,355038408150,355076817093,38408150,38408943,76817093,YES
672,673,72,360000000000,360038474001,360076948873,38474001,38474872,76948873,YES
672,673,73,365000000000,365038550913,365077102771,38550913,38551858,77102771,YES
672,673,74,370000000000,370041194498,370079833996,41194498,38639498,79833996,YES
672,673,75,375000000000,375038736065,375077473211,38736065,38737146,77473211,YES
672,673,76,380000000000,380038843315,380077687785,38843315,38844470,77687785,YES
672,673,77,385000000000,385038959664,385077920541,38959664,38960877,77920541,YES
672,673,78,390000000000,390039084597,390078170468,39084597,39085871,78170468,YES
672,673,79,395000000000,395039217595,395078436513,39217595,39218918,78436513,YES
672,673,80,400000000000,400029498607,400058997088,29498607,29498481,58997088,YES
672,673,81,405000000000,405029541795,405059083538,29541795,29541743,59083538,YES
672,673,82,410000000000,410029595450,410059190924,29595450,29595474,59190924,YES
672,673,83,415000000000,415029659279,415059318659,29659279,29659380,59318659,YES
672,673,84,420000000000,420029732942,420059466060,29732942,29733118,59466060,YES
672,673,85,425000000000,425029816061,425059632367,29816061,29816306,59632367,YES
672,673,86,430000000000,430029908230,430059816776,29908230,29908546,59816776,YES
672,673,87,435000000000,435030009021,435060018439,30009021,30009418,60018439,YES
672,673,88,440000000000,440030117989,440060236439,30117989,30118450,60236439,YES
672,673,89,445000000000,445030234700,445060469916,30234700,30235216,60469916,YES
672,673,90,450000000000,450052084556,450104168941,52084556,52084385,104168941,YES
672,673,91,455000000000,455052060175,455104120325,52060175,52060150,104120325,YES
672,673,92,460000000000,460052047609,460104095334,52047609,52047725,104095334,YES
672,673,93,465000000000,465052046774,465104093807,52046774,52047033,104093807,YES
672,673,94,470000000000,470052057513,470110413837,52057513,58356324,110413837,YES
672,673,95,475000000000,475052079604,475108442492,52079604,56362888,108442492,YES
672,673,96,480000000000,480052112773,480106855909,52112773,54743136,106855909,YES
672,673,97,485000000000,485052156697,485104314163,52156697,52157466,104314163,YES
672,673,98,490000000000,490052211014,490104422921,52211014,52211907,104422921,YES
672,673,99,495000000000,495052275335,495104551672,52275335,52276337,104551672,YES
672,673,100,500000000000,500048933679,500097863951,48933679,48930272,97863951,YES
672,673,101,505000000000,505048817893,505097634664,48817893,48816771,97634664,YES
672,673,102,510000000000,510048715177,510097429351,48715177,48714174,97429351,YES
672,673,103,515000000000,515048623984,515097247087,48623984,48623103,97247087,YES
672,673,104,520000000000,520048544911,520097089078,48544911,48544167,97089078,YES
672,673,105,525000000000,525048478512,525096956413,48478512,48477901,96956413,YES
672,673,106,530000000000,530048425277,530096850083,48425277,48424806,96850083,YES
672,673,107,535000000000,535048385618,535096770906,48385618,48385288,96770906,YES
672,673,108,540000000000,540048359849,540096719513,48359849,48359664,96719513,YES
672,673,109,545000000000,545048348169,545096696299,48348169,48348130,96696299,YES
672,673,110,550000000000,550048317061,550096634229,48317061,48317168,96634229,YES
672,673,111,555000000000,555048333683,555096667617,48333683,48333934,96667617,YES
672,673,112,560000000000,560048364272,560096728939,48364272,48364667,96728939,YES
672,673,113,565000000000,565048408547,565096817626,48408547,48409079,96817626,YES
672,673,114,570000000000,570048466130,570096932929,48466130,48466799,96932929,YES
672,673,115,575000000000,575048536555,575097073906,48536555,48537351,97073906,YES
672,673,116,580000000000,580048619286,580097239501,48619286,48620215,97239501,YES
672,673,117,585000000000,585048713743,585097428532,48713743,48714789,97428532,YES
672,673,118,590000000000,590048819307,590097639771,48819307,48820464,97639771,YES
672,673,119,595000000000,595048935351,595097871962,48935351,48936611,97871962,YES
673,674,0,0,67063148,134124451,67063148,67061303,134124451,YES
673,674,1,5000000000,5067285533,5134248377,67285533,66962844,134248377,YES
673,674,2,10000000000,10068939583,10135815419,68939583,66875836,135815419,YES
673,674,3,15000000000,15066969075,15133769784,66969075,66800709,133769784,YES
673,674,4,20000000000,20066739053,20133476735,66739053,66737682,133476735,YES
673,674,5,25000000000,25070445881,25137132835,70445881,66686954,137132835,YES
673,674,6,30000000000,30068456805,30135105559,68456805,66648754,135105559,YES
673,674,7,35000000000,35067680856,35134323113,67680856,66642257,134323113,YES
673,674,8,40000000000,40066610681,40133220540,66610681,66609859,133220540,YES
673,674,9,45000000000,45070140149,45136749204,70140149,66609055,136749204,YES
673,674,10,50000000000,50070691589,50137312072,70691589,66620483,137312072,YES
673,674,11,55000000000,55066644273,55133288180,66644273,66643907,133288180,YES
673,674,12,60000000000,60068407171,60135086279,68407171,66679108,135086279,YES
673,674,13,65000000000,65066725769,65191932867,66725769,125207098,191932867,YES
673,674,14,70000000000,70066783334,70237453598,66783334,170670264,237453598,YES
673,674,15,75000000000,75066851631,75133703522,66851631,66851891,133703522,YES
673,674,16,80000000000,80068149768,80138680862,68149768,70531094,138680862,YES
673,674,17,85000000000,85072258635,85142738864,72258635,70480229,142738864,YES
673,674,18,90000000000,90070377222,90137494965,70377222,67117743,137494965,YES
673,674,19,95000000000,95068038859,95141300535,68038859,73261676,141300535,YES
673,674,20,100000000000,100025175800,100050351289,25175800,25175489,50351289,YES
673,674,21,105000000000,105025202934,105050405613,25202934,25202679,50405613,YES
673,674,22,110000000000,110025238486,110050476778,25238486,25238292,50476778,YES
673,674,23,115000000000,115025282372,115050564612,25282372,25282240,50564612,YES
673,674,24,120000000000,120025334471,120050668874,25334471,25334403,50668874,YES
673,674,25,125000000000,125025394625,125050789239,25394625,25394614,50789239,YES
673,674,26,130000000000,130025462629,130050925310,25462629,25462681,50925310,YES
673,674,27,135000000000,135025538237,135051076584,25538237,25538347,51076584,YES
673,674,28,140000000000,140025621169,140051242510,25621169,25621341,51242510,YES
673,674,29,145000000000,145025711108,145051422441,25711108,25711333,51422441,YES
673,674,30,150000000000,150088208123,150176417994,88208123,88209871,176417994,YES
673,674,31,155000000000,155088215401,155176432768,88215401,88217367,176432768,YES
673,674,32,160000000000,160088233897,160183054894,88233897,94820997,183054894,YES
673,674,33,165000000000,165088263577,165191677743,88263577,103414166,191677743,YES
673,674,34,170000000000,170089289241,170185193132,89289241,95903891,185193132,YES
673,674,35,175000000000,175088356384,175176715502,88356384,88359118,176715502,YES
673,674,36,180000000000,180090106451,180178528806,90106451,88422355,178528806,YES
673,674,37,185000000000,185095893998,185184390737,95893998,88496739,184390737,YES
673,674,38,190000000000,190090900617,190183415565,90900617,92514948,183415565,YES
673,674,39,195000000000,195088674776,195178625005,88674776,89950229,178625005,YES
673,674,40,200000000000,200020568402,200041137239,20568402,20568837,41137239,YES
673,674,41,205000000000,205020555033,205041110522,20555033,20555489,41110522,YES
673,674,42,210000000000,210133583509,210154132712,133583509,20549203,154132712,YES
673,674,43,215000000000,215020549852,215041100181,20549852,20550329,41100181,YES
673,674,44,220000000000,220020558452,220041117398,20558452,20558946,41117398,YES
673,674,45,225000000000,225020574791,225041150092,20574791,20575301,41150092,YES
673,674,46,230000000000,230020599068,230041198660,20599068,20599592,41198660,YES
673,674,47,235000000000,235020631449,235041263435,20631449,20631986,41263435,YES
673,674,48,240000000000,240020672060,240041344669,20672060,20672609,41344669,YES
673,674,49,245000000000,245020720970,245041442500,20720970,20721530,41442500,YES
673,674,50,250000000000,250067219909,250134439375,67219909,67219466,134439375,YES
673,674,51,255000000000,255066529735,255137295109,66529735,70765374,137295109,YES
673,674,52,260000000000,260066482478,260137381540,66482478,70899062,137381540,YES
673,674,53,265000000000,265071921263,265139040910,71921263,67119647,139040910,YES
673,674,54,270000000000,270070619396,270140943482,70619396,70324086,140943482,YES
673,674,55,275000000000,275066417976,275203875010,66417976,137457034,203875010,YES
673,674,56,280000000000,280066422055,280132843464,66422055,66421409,132843464,YES
673,674,57,285000000000,285098507675,285164945992,98507675,66438317,164945992,YES
673,674,58,290000000000,290083654544,290150121874,83654544,66467330,150121874,YES
673,674,59,295000000000,295066508388,295133016622,66508388,66508234,133016622,YES
673,674,60,300000000000,300068461955,300134989278,68461955,66527323,134989278,YES
673,674,61,305000000000,305066591060,305133182300,66591060,66591240,133182300,YES
673,674,62,310000000000,310066665708,310133331762,66665708,66666054,133331762,YES
673,674,63,315000000000,315066750808,315133502127,66750808,66751319,133502127,YES
673,674,64,320000000000,320066845919,320133692507,66845919,66846588,133692507,YES
673,674,65,325000000000,325066950582,325133901988,66950582,66951406,133901988,YES
673,674,66,330000000000,330067064347,330136711954,67064347,69647607,136711954,YES
673,674,67,335000000000,335067186751,335134745163,67186751,67558412,134745163,YES
673,674,68,340000000000,340073191036,340140509799,73191036,67318763,140509799,YES
673,674,69,345000000000,345071329294,345138786463,71329294,67457169,138786463,YES
673,674,70,350000000000,350086382610,350170756148,86382610,84373538,170756148,YES
673,674,71,355000000000,355084432256,355168847937,84432256,84415681,168847937,YES
673,674,72,360000000000,360084469798,360171183180,84469798,86713382,171183180,YES
673,674,73,365000000000,365084536619,365175182844,84536619,90646225,175182844,YES
673,674,74,370000000000,370084615452,370173194980,84615452,88579528,173194980,YES
673,674,75,375000000000,375084705952,375169413193,84705952,84707241,169413193,YES
673,674,76,380000000000,380084807711,380169616926,84807711,84809215,169616926,YES
673,674,77,385000000000,385084920319,385169842347,84920319,84922028,169842347,YES
673,674,78,390000000000,390085043325,390170088563,85043325,85045238,170088563,YES
673,674,79,395000000000,395085176283,395170354657,85176283,85178374,170354657,YES
673,674,80,400000000000,400020878357,400041756957,20878357,20878600,41756957,YES
673,674,81,405000000000,405020818155,405041636574,20818155,20818419,41636574,YES
673,674,82,410000000000,410020764473,410041529241,20764473,20764768,41529241,YES
673,674,83,415000000000,415020717332,415041434986,20717332,20717654,41434986,YES
673,674,84,420000000000,420020676782,420041353914,20676782,20677132,41353914,YES
673,674,85,425000000000,425020642913,425041286201,20642913,20643288,41286201,YES
673,674,86,430000000000,430020615844,430041232088,20615844,20616244,41232088,YES
673,674,87,435000000000,435020595730,435041191887,20595730,20596157,41191887,YES
673,674,88,440000000000,440020582762,440041165971,20582762,20583209,41165971,YES
673,674,89,445000000000,445020577151,445041154751,20577151,20577600,41154751,YES
673,674,90,450000000000,450031207486,450062414531,31207486,31207045,62414531,YES
673,674,91,455000000000,455031107013,455062213640,31107013,31106627,62213640,YES
673,674,92,460000000000,460031017221,460062034118,31017221,31016897,62034118,YES
673,674,93,465000000000,465030938493,465061876724,30938493,30938231,61876724,YES
673,674,94,470000000000,470030871143,470061742079,30871143,30870936,61742079,YES
673,674,95,475000000000,475030815384,475061630613,30815384,30815229,61630613,YES
673,674,96,480000000000,480030771344,480061542587,30771344,30771243,61542587,YES
673,674,97,485000000000,485030739044,485061478042,30739044,30738998,61478042,YES
673,674,98,490000000000,490030718395,490061436798,30718395,30718403,61436798,YES
673,674,99,495000000000,495030709207,495061418475,30709207,30709268,61418475,YES
673,674,100,500000000000,500065983475,500131965465,65983475,65981990,131965465,YES
673,674,101,505000000000,505065952790,505131904234,65952790,65951444,131904234,YES
673,674,102,510000000000,510065934377,510131867550,65934377,65933173,131867550,YES
673,674,103,515000000000,515065928163,515131855271,65928163,65927108,131855271,YES
673,674,104,520000000000,520065934031,520131867164,65934031,65933133,131867164,YES
673,674,105,525000000000,525065951844,525131902948,65951844,65951104,131902948,YES
673,674,106,530000000000,530065981425,530131962280,65981425,65980855,131962280,YES
673,674,107,535000000000,535066022575,535132044762,66022575,66022187,132044762,YES
673,674,108,540000000000,540066075066,540132149919,66075066,66074853,132149919,YES
673,674,109,545000000000,545066138641,545132277247,66138641,66138606,132277247,YES
673,674,110,550000000000,550066179415,550132358971,66179415,66179556,132358971,YES
673,674,111,555000000000,555066264271,555132528859,66264271,66264588,132528859,YES
673,674,112,560000000000,560066359258,560132719010,66359258,66359752,132719010,YES
673,674,113,565000000000,565066464007,565132928680,66464007,66464673,132928680,YES
673,674,114,570000000000,570066578123,570133157079,66578123,66578956,133157079,YES
673,674,115,575000000000,575066701187,575133403372,66701187,66702185,133403372,YES
673,674,116,580000000000,580066832768,580133666694,66832768,66833926,133666694,YES
673,674,117,585000000000,585066972444,585133946188,66972444,66973744,133946188,YES
673,674,118,590000000000,590067119763,590134240988,67119763,67121225,134240988,YES
673,674,119,595000000000,595067274305,595134550214,67274305,67275909,134550214,YES
674,675,0,0,61898974,123795883,61898974,61896909,123795883,YES
674,675,1,5000000000,5061732934,5123534823,61732934,61801889,123534823,YES
674,675,2,10000000000,10061578604,10123155462,61578604,61576858,123155462,YES
674,675,3,15000000000,15061436520,15122871464,61436520,61434944,122871464,YES
674,675,4,20000000000,20061307090,20122612773,61307090,61305683,122612773,YES
674,675,5,25000000000,25061190652,25122380063,61190652,61189411,122380063,YES
674,675,6,30000000000,30061087420,30122173759,61087420,61086339,122173759,YES
674,675,7,35000000000,35060997471,35122746653,60997471,61749182,122746653,YES
674,675,8,40000000000,40060920771,40121840778,60920771,60920007,121840778,YES
674,675,9,45000000000,45060857150,45121713679,60857150,60856529,121713679,YES
674,675,10,50000000000,50060806319,50121612154,60806319,60805835,121612154,YES
674,675,11,55000000000,55060767876,55121535401,60767876,60767525,121535401,YES
674,675,12,60000000000,60060741345,60121482458,60741345,60741113,121482458,YES
674,675,13,65000000000,65060726154,65121452186,60726154,60726032,121452186,YES
674,675,14,70000000000,70061854051,70122575707,61854051,60721656,122575707,YES
674,675,15,75000000000,75060727277,75121454629,60727277,60727352,121454629,YES
674,675,16,80000000000,80060742265,80121484691,60742265,60742426,121484691,YES
674,675,17,85000000000,85060765966,85121532157,60765966,60766191,121532157,YES
674,675,18,90000000000,90060797721,90126698735,60797721,65901014,126698735,YES
674,675,19,95000000000,95060836884,95128596590,60836884,67759706,128596590,YES
674,675,20,100000000000,100060882846,100121766109,60882846,60883263,121766109,YES
674,675,21,105000000000,105060935028,105121870543,60935028,60935515,121870543,YES
674,675,22,110000000000,110060992890,110121986319,60992890,60993429,121986319,YES
674,675,23,115000000000,115061055945,115128290629,61055945,67234684,128290629,YES
674,675,24,120000000000,120061123725,120122248087,61123725,61124362,122248087,YES
674,675,25,125000000000,125061195822,125122392319,61195822,61196497,122392319,YES
674,675,26,130000000000,130061271852,130122544417,61271852,61272565,122544417,YES
674,675,27,135000000000,135061351469,135122703678,61351469,61352209,122703678,YES
674,675,28,140000000000,140061434364,140122869495,61434364,61435131,122869495,YES
674,675,29,145000000000,145064635938,145126157031,64635938,61521093,126157031,YES
674,675,30,150000000000,150086650231,150174249176,86650231,87598945,174249176,YES
674,675,31,155000000000,155086700020,155173398481,86700020,86698461,173398481,YES
674,675,32,160000000000,160086756710,160173512031,86756710,86755321,173512031,YES
674,675,33,165000000000,165086820440,165174558439,86820440,87737999,174558439,YES
674,675,34,170000000000,170086891383,170173781746,86891383,86890363,173781746,YES
674,675,35,175000000000,175086969712,175173938604,86969712,86968892,173938604,YES
674,675,36,180000000000,180087055601,180174110615,87055601,87055014,174110615,YES
674,675,37,185000000000,185087149212,185174298057,87149212,87148845,174298057,YES
674,675,38,190000000000,190089719621,190176970218,89719621,87250597,176970218,YES
674,675,39,195000000000,195087360193,195174720474,87360193,87360281,174720474,YES
674,675,40,200000000000,200062934248,200125865496,62934248,62931248,125865496,YES
674,675,41,205000000000,205062705276,205125407670,62705276,62702394,125407670,YES
674,675,42,210000000000,210062483867,210124964991,62483867,62481124,124964991,YES
674,675,43,215000000000,215062270738,215124538847,62270738,62268109,124538847,YES
674,675,44,220000000000,220062066577,220124130677,62066577,62064100,124130677,YES
674,675,45,225000000000,225061872131,225123741953,61872131,61869822,123741953,YES
674,675,46,230000000000,230061688120,230123374081,61688120,61685961,123374081,YES
674,675,47,235000000000,235061515241,235123028482,61515241,61513241,123028482,YES
674,675,48,240000000000,240061354140,240122706464,61354140,61352324,122706464,YES
674,675,49,245000000000,245061205412,245122409176,61205412,61203764,122409176,YES
674,675,50,250000000000,250061069556,250122137636,61069556,61068080,122137636,YES
674,675,51,255000000000,255060946969,255121892640,60946969,60945671,121892640,YES
674,675,52,260000000000,260060837929,260121674724,60837929,60836795,121674724,YES
674,675,53,265000000000,265063012572,265123754130,63012572,60741558,123754130,YES
674,675,54,270000000000,270060660905,270121321004,60660905,60660099,121321004,YES
674,675,55,275000000000,275078212840,275138804761,78212840,60591921,138804761,YES
674,675,56,280000000000,280060537979,280121075451,60537979,60537472,121075451,YES
674,675,57,285000000000,285060496069,285120991757,60496069,60495688,120991757,YES
674,675,58,290000000000,290060466571,290120932884,60466571,60466313,120932884,YES
674,675,59,295000000000,295061664038,295122112786,61664038,60448748,122112786,YES
674,675,60,300000000000,300061573523,300122015898,61573523,60442375,122015898,YES
674,675,61,305000000000,305060446421,305120892908,60446421,60446487,120892908,YES
674,675,62,310000000000,310060460209,310120920572,60460209,60460363,120920572,YES
674,675,63,315000000000,315060483061,315120966356,60483061,60483295,120966356,YES
674,675,64,320000000000,320060514266,320121028833,60514266,60514567,121028833,YES
674,675,65,325000000000,325060553143,325121106655,60553143,60553512,121106655,YES
674,675,66,330000000000,330060599044,330121198514,60599044,60599470,121198514,YES
674,675,67,335000000000,335060651352,335121303186,60651352,60651834,121303186,YES
674,675,68,340000000000,340060709503,340121419533,60709503,60710030,121419533,YES
674,675,69,345000000000,345060772969,345121546506,60772969,60773537,121546506,YES
674,675,70,350000000000,350093491414,350185030113,93491414,91538699,185030113,YES
674,675,71,355000000000,355089159728,355178320811,89159728,89161083,178320811,YES
674,675,72,360000000000,360089286977,360178575502,89286977,89288525,178575502,YES
674,675,73,365000000000,365093031805,365182456237,93031805,89424432,182456237,YES
674,675,74,370000000000,370097117424,370186685730,97117424,89568306,186685730,YES
674,675,75,375000000000,375089717297,375179436692,89717297,89719395,179436692,YES
674,675,76,380000000000,380089875640,380179753548,89875640,89877908,179753548,YES
674,675,77,385000000000,385090040825,385180084109,90040825,90043284,180084109,YES
674,675,78,390000000000,390090212511,390180427634,90212511,90215123,180427634,YES
674,675,79,395000000000,395090390390,395180783520,90390390,90393130,180783520,YES
674,675,80,400000000000,400065063295,400130122897,65063295,65059602,130122897,YES
674,675,81,405000000000,405064793833,405129584077,64793833,64790244,129584077,YES
674,675,82,410000000000,410064527922,410129052320,64527922,64524398,129052320,YES
674,675,83,415000000000,415064265957,415128528474,64265957,64262517,128528474,YES
674,675,84,420000000000,420064008397,420128013433,64008397,64005036,128013433,YES
674,675,85,425000000000,425063755682,425127508123,63755682,63752441,127508123,YES
674,675,86,430000000000,430063508347,430127013566,63508347,63505219,127013566,YES
674,675,87,435000000000,435063266948,435126530883,63266948,63263935,126530883,YES
674,675,88,440000000000,440063032080,440126061289,63032080,63029209,126061289,YES
674,675,89,445000000000,445062804362,445125605996,62804362,62801634,125605996,YES
674,675,90,450000000000,450062584444,450125166308,62584444,62581864,125166308,YES
674,675,91,455000000000,455062373008,455124743574,62373008,62370566,124743574,YES
674,675,92,460000000000,460062170682,460124339070,62170682,62168388,124339070,YES
674,675,93,465000000000,465061978128,465123954143,61978128,61976015,123954143,YES
674,675,94,470000000000,470061795984,470123590038,61795984,61794054,123590038,YES
674,675,95,475000000000,475061624836,475123247914,61624836,61623078,123247914,YES
674,675,96,480000000000,480061465214,480122928847,61465214,61463633,122928847,YES
674,675,97,485000000000,485061317587,485122633772,61317587,61316185,122633772,YES
674,675,98,490000000000,490061182329,490122363431,61182329,61181102,122363431,YES
674,675,99,495000000000,495061059736,495122118420,61059736,61058684,122118420,YES
674,675,100,500000000000,500060950012,500121899140,60950012,60949128,121899140,YES
674,675,101,505000000000,505060853270,505121705809,60853270,60852539,121705809,YES
674,675,102,510000000000,510060769500,510121538420,60769500,60768920,121538420,YES
674,675,103,515000000000,515060698630,515121396818,60698630,60698188,121396818,YES
674,675,104,520000000000,520060640464,520121280614,60640464,60640150,121280614,YES
674,675,105,525000000000,525060594718,525121189247,60594718,60594529,121189247,YES
674,675,106,530000000000,530060561024,530121121961,60561024,60560937,121121961,YES
674,675,107,535000000000,535060538929,535121077871,60538929,60538942,121077871,YES
674,675,108,540000000000,540060527912,540121055933,60527912,60528021,121055933,YES
674,675,109,545000000000,545060527394,545121054982,60527394,60527588,121054982,YES
674,675,110,550000000000,550060536761,550121073794,60536761,60537033,121073794,YES
674,675,111,555000000000,555060555365,555121111071,60555365,60555706,121111071,YES
674,675,112,560000000000,560060582556,560121165520,60582556,60582964,121165520,YES
674,675,113,565000000000,565060617686,565121235832,60617686,60618146,121235832,YES
674,675,114,570000000000,570060660128,570121320767,60660128,60660639,121320767,YES
674,675,115,575000000000,575060709273,575121419103,60709273,60709830,121419103,YES
674,675,116,580000000000,580060764554,580121529710,60764554,60765156,121529710,YES
674,675,117,585000000000,585060825430,585121651503,60825430,60826073,121651503,YES
674,675,118,590000000000,590060891413,590121783505,60891413,60892092,121783505,YES
674,675,119,595000000000,595060962046,595121924801,60962046,60962755,121924801,YES
