0,632,600,3,2
0,641,25,1,0
0,649,24,2,1
0,650,24,2,1
0,665,600,3,2
0,666,24,2,1
0,676,25,1,0
0,678,24,2,1
0,684,25,1,0
0,695,24,2,1
1,641,26,2,0
1,650,0,0,0
1,666,0,0,0
1,676,26,2,0
1,678,0,0,0
1,684,26,2,0
1,695,0,0,0
2,641,27,2,0
2,650,1,0,1
2,676,27,2,0
2,678,1,0,1
2,684,27,2,0
2,695,1,0,1
3,642,4,1,0
3,676,28,2,0
5,641,30,2,0
5,650,6,1,0
5,676,30,2,0
5,678,6,1,0
5,684,30,2,0
5,695,6,1,0
6,641,31,2,0
6,650,7,1,0
6,666,7,1,0
6,676,31,2,0
6,678,7,1,0
6,684,31,2,0
6,695,7,1,0
7,641,32,2,0
7,649,8,1,0
7,650,8,1,0
7,666,8,1,0
7,676,32,2,0
7,678,8,1,0
7,684,32,2,0
7,695,8,1,0
8,632,608,3,3
8,638,608,3,3
8,641,33,2,0
8,649,9,1,0
8,650,9,1,0
8,665,608,3,3
8,666,9,1,0
8,676,33,2,0
8,678,9,1,0
8,684,33,2,0
8,694,33,2,0
8,695,9,1,0
8,708,9,1,0
9,632,609,3,3
9,641,34,2,0
9,649,10,1,0
9,650,10,1,0
9,655,34,2,0
9,665,609,3,3
9,666,10,1,0
9,676,34,2,0
9,678,10,1,0
9,684,34,2,0
9,695,10,1,0
9,708,10,1,0
10,632,610,3,3
10,641,35,2,0
10,649,35,2,0
10,650,610,3,3
10,665,610,3,3
10,676,35,2,0
10,678,35,2,0
10,684,35,2,0
10,695,610,3,3
10,708,11,1,0
11,632,10,0,1
11,641,10,0,1
11,649,36,2,0
11,650,611,3,3
11,655,10,0,1
11,665,10,0,1
11,666,36,2,0
11,676,10,0,1
11,678,36,2,0
11,684,10,0,1
11,695,611,3,3
11,708,12,1,0
11,721,10,0,1
12,632,11,0,1
12,641,11,0,1
12,649,37,2,0
12,650,612,3,3
12,665,11,0,1
12,666,37,2,0
12,676,11,0,1
12,678,37,2,0
12,684,11,0,1
12,695,612,3,3
12,708,708,87,0
13,641,12,0,1
13,649,38,2,0
13,650,613,3,3
13,666,38,2,0
13,676,12,0,1
13,678,38,2,0
13,684,12,0,1
13,695,613,3,3
14,641,13,0,1
14,650,614,3,3
14,666,39,2,0
14,676,13,0,1
14,678,39,2,0
14,684,13,0,1
14,695,614,3,3
15,641,14,0,1
15,650,615,3,3
15,676,14,0,1
15,678,40,2,0
15,684,14,0,1
15,695,615,3,3
16,642,15,0,1
17,642,16,0,1
17,676,18,1,0
18,641,19,1,0
18,650,618,3,3
18,676,19,1,0
18,678,43,2,0
18,684,19,1,0
18,695,618,3,3
19,641,20,1,0
19,650,619,3,3
19,666,44,2,0
19,676,20,1,0
19,678,44,2,0
19,684,20,1,0
19,695,619,3,3
20,632,21,1,0
20,641,21,1,0
20,649,45,2,0
20,650,620,3,3
20,665,21,1,0
20,666,45,2,0
20,676,21,1,0
20,678,45,2,0
20,684,21,1,0
20,695,620,3,3
21,632,22,1,0
21,638,22,1,0
21,641,22,1,0
21,649,46,2,0
21,650,621,3,3
21,665,22,1,0
21,666,46,2,0
21,676,22,1,0
21,678,46,2,0
21,684,22,1,0
21,694,22,1,0
21,695,621,3,3
21,708,20,0,1
22,632,23,1,0
22,641,23,1,0
22,649,47,2,0
22,650,622,3,3
22,655,23,1,0
22,665,23,1,0
22,666,47,2,0
22,676,23,1,0
22,678,47,2,0
22,684,23,1,0
22,695,622,3,3
22,708,21,0,1
22,721,21,0,1
23,632,623,3,3
23,641,48,2,0
23,649,48,2,0
23,650,623,3,3
23,665,623,3,3
23,676,48,2,0
23,678,48,2,0
23,684,48,2,0
23,695,623,3,3
23,708,22,0,1
23,721,24,1,0
24,632,624,3,3
24,638,624,3,3
24,641,49,2,0
24,649,23,0,1
24,650,23,0,1
24,665,624,3,3
24,666,23,0,1
24,676,49,2,0
24,678,23,0,1
24,684,49,2,0
24,694,49,2,0
24,695,23,0,1
24,708,23,0,1
25,632,0,0,1
25,641,50,2,0
25,649,49,3,2
25,650,49,3,2
25,665,0,0,1
25,666,49,3,2
25,676,50,2,0
25,678,49,3,2
25,684,26,1,1
25,695,49,3,2
26,641,51,3,0
26,650,25,1,1
26,666,25,1,1
26,676,51,3,0
26,678,25,1,1
26,684,27,2,1
26,695,25,1,1
27,641,52,3,0
27,650,26,1,2
27,676,52,3,0
27,678,26,1,2
27,684,28,2,1
27,695,26,1,2
28,642,29,2,1
28,676,53,3,0
30,641,55,3,0
30,650,31,2,1
30,676,55,3,0
30,678,31,2,1
30,684,684,63,0
30,695,31,2,1
31,641,56,3,0
31,650,32,2,1
31,666,32,2,1
31,676,56,3,0
31,678,32,2,1
31,684,30,1,2
31,695,32,2,1
32,641,57,3,0
32,649,33,2,1
32,650,33,2,1
32,666,33,2,1
32,676,57,3,0
32,678,33,2,1
32,684,31,1,2
32,695,33,2,1
33,632,8,0,2
33,638,8,0,2
33,641,58,3,0
33,649,34,2,1
33,650,34,2,1
33,665,8,0,2
33,666,34,2,1
33,676,58,3,0
33,678,34,2,1
33,684,32,1,2
33,694,58,3,0
33,695,34,2,1
33,708,34,2,1
34,632,9,0,2
34,641,59,3,0
34,649,35,2,1
34,650,35,2,1
34,655,59,3,0
34,665,9,0,2
34,666,35,2,1
34,676,59,3,0
34,678,35,2,1
34,684,33,1,2
34,695,35,2,1
34,708,35,2,1
35,632,10,0,2
35,641,60,3,0
35,649,60,3,0
35,650,10,0,2
35,655,60,3,0
35,665,10,0,2
35,676,60,3,0
35,678,60,3,0
35,684,34,1,2
35,695,10,0,2
35,708,10,0,2
36,632,35,1,2
36,641,35,1,2
36,649,61,3,0
36,650,11,0,2
36,655,35,1,2
36,665,35,1,2
36,666,61,3,0
36,676,35,1,2
36,678,61,3,0
36,684,35,1,2
36,695,11,0,2
36,708,11,0,2
36,721,35,1,2
37,632,36,1,2
37,641,36,1,2
37,649,62,3,0
37,650,12,0,2
37,665,36,1,2
37,666,62,3,0
37,676,36,1,2
37,678,62,3,0
37,684,36,1,2
37,695,12,0,2
37,708,12,0,2
38,641,37,1,2
38,649,63,3,0
38,650,13,0,2
38,666,63,3,0
38,676,37,1,2
38,678,63,3,0
38,684,37,1,2
38,695,13,0,2
39,641,38,1,2
39,650,14,0,2
39,666,64,3,0
39,676,38,1,2
39,678,64,3,0
39,684,38,1,2
39,695,14,0,2
40,641,39,1,2
40,650,15,0,2
40,676,39,1,2
40,678,65,3,0
40,684,39,1,2
40,695,15,0,2
41,642,40,1,2
42,642,41,1,2
42,676,43,2,1
43,641,44,2,1
43,650,18,0,2
43,676,44,2,1
43,678,68,3,0
43,684,44,2,1
43,695,18,0,2
44,641,45,2,1
44,650,19,0,2
44,666,69,3,0
44,676,45,2,1
44,678,69,3,0
44,684,45,2,1
44,695,19,0,2
45,632,46,2,1
45,641,46,2,1
45,649,70,3,0
45,650,20,0,2
45,665,46,2,1
45,666,70,3,0
45,676,46,2,1
45,678,70,3,0
45,684,46,2,1
45,695,20,0,2
46,632,47,2,1
46,638,47,2,1
46,641,47,2,1
46,649,71,3,0
46,650,21,0,2
46,665,47,2,1
46,666,71,3,0
46,676,47,2,1
46,678,71,3,0
46,684,47,2,1
46,694,47,2,1
46,695,21,0,2
46,708,21,0,2
47,632,48,2,1
47,641,48,2,1
47,649,72,3,0
47,650,22,0,2
47,655,48,2,1
47,665,48,2,1
47,666,72,3,0
47,676,48,2,1
47,678,72,3,0
47,684,48,2,1
47,695,22,0,2
47,708,22,0,2
47,721,46,1,2
48,632,23,0,2
48,641,73,3,0
48,649,73,3,0
48,650,23,0,2
48,655,73,3,0
48,665,23,0,2
48,676,73,3,0
48,678,73,3,0
48,684,49,2,1
48,695,23,0,2
48,708,23,0,2
48,721,49,2,1
49,632,24,0,2
49,638,24,0,2
49,641,74,3,0
49,649,48,1,2
49,650,48,1,2
49,665,24,0,2
49,666,48,1,2
49,676,74,3,0
49,678,48,1,2
49,684,25,2,3
49,694,74,3,0
49,695,48,1,2
49,708,48,1,2
50,632,25,0,2
50,641,51,1,1
50,649,74,3,2
50,650,74,3,2
50,665,25,0,2
50,666,74,3,2
50,676,75,2,0
50,678,74,3,2
50,684,25,0,2
50,695,74,3,2
51,641,52,2,1
51,650,50,1,1
51,666,50,1,1
51,676,76,3,0
51,678,50,1,1
51,684,26,0,3
51,695,50,1,1
52,641,53,2,1
52,650,51,1,2
52,676,77,3,0
52,678,51,1,2
52,684,27,0,3
52,695,51,1,2
53,642,54,2,1
53,676,78,3,0
55,641,641,20,0
55,650,56,2,1
55,676,80,3,0
55,678,56,2,1
55,684,30,0,3
55,695,56,2,1
56,641,55,1,2
56,650,57,2,1
56,666,57,2,1
56,676,81,3,0
56,678,57,2,1
56,684,31,0,3
56,695,57,2,1
57,641,56,1,2
57,649,58,2,1
57,650,58,2,1
57,666,58,2,1
57,676,82,3,0
57,678,58,2,1
57,684,32,0,3
57,695,58,2,1
58,632,33,0,3
58,638,33,0,3
58,641,57,1,2
58,649,59,2,1
58,650,59,2,1
58,665,33,0,3
58,666,59,2,1
58,676,83,3,0
58,678,59,2,1
58,684,33,0,3
58,694,83,3,0
58,695,59,2,1
58,708,59,2,1
59,632,34,0,3
59,641,58,1,2
59,649,60,2,1
59,650,60,2,1
59,655,84,3,0
59,665,34,0,3
59,666,60,2,1
59,676,84,3,0
59,678,60,2,1
59,684,34,0,3
59,695,60,2,1
59,708,60,2,1
60,632,35,0,3
60,641,59,1,2
60,650,35,0,3
60,655,85,3,0
60,665,35,0,3
60,666,61,2,1
60,676,85,3,0
60,678,85,3,0
60,695,35,0,3
60,708,35,0,3
61,632,60,1,2
61,641,60,1,2
61,649,86,3,0
61,650,36,0,3
61,655,60,1,2
61,665,60,1,2
61,666,62,2,1
61,676,60,1,2
61,678,86,3,0
61,684,60,1,2
61,695,36,0,3
61,708,36,0,3
61,721,60,1,2
62,632,61,1,2
62,641,61,1,2
62,649,87,3,0
62,650,37,0,3
62,665,61,1,2
62,666,63,2,1
62,676,61,1,2
62,678,87,3,0
62,684,61,1,2
62,695,37,0,3
62,708,37,0,3
63,641,62,1,2
63,649,88,3,0
63,650,38,0,3
63,666,64,2,1
63,676,62,1,2
63,678,88,3,0
63,684,62,1,2
63,695,38,0,3
64,641,63,1,2
64,650,39,0,3
64,666,666,45,0
64,676,63,1,2
64,678,89,3,0
64,684,63,1,2
64,695,39,0,3
65,641,64,1,2
65,650,40,0,3
65,676,64,1,2
65,678,90,3,0
65,684,64,1,2
65,695,40,0,3
66,642,65,1,2
67,642,66,1,2
67,676,68,2,1
68,641,69,2,1
68,650,43,0,3
68,676,69,2,1
68,678,93,3,0
68,684,69,2,1
68,695,43,0,3
69,641,70,2,1
69,650,44,0,3
69,666,68,1,2
69,676,70,2,1
69,678,94,3,0
69,684,70,2,1
69,695,44,0,3
70,632,71,2,1
70,641,71,2,1
70,649,95,3,0
70,650,45,0,3
70,665,71,2,1
70,666,69,1,2
70,676,71,2,1
70,678,95,3,0
70,684,71,2,1
70,695,45,0,3
71,632,72,2,1
71,638,72,2,1
71,641,72,2,1
71,649,96,3,0
71,650,46,0,3
71,665,72,2,1
71,666,70,1,2
71,676,72,2,1
71,678,96,3,0
71,684,72,2,1
71,694,72,2,1
71,695,46,0,3
71,708,46,0,3
72,632,73,2,1
72,641,73,2,1
72,649,97,3,0
72,650,47,0,3
72,655,73,2,1
72,665,73,2,1
72,666,71,1,2
72,676,73,2,1
72,678,97,3,0
72,684,73,2,1
72,695,47,0,3
72,708,47,0,3
72,721,71,1,2
73,632,48,0,3
73,641,74,2,1
73,650,48,0,3
73,655,98,3,0
73,665,48,0,3
73,666,72,1,2
73,676,98,3,0
73,678,98,3,0
73,695,48,0,3
73,708,48,0,3
73,721,74,2,1
74,632,49,0,3
74,638,49,0,3
74,641,50,2,3
74,649,73,1,2
74,650,73,1,2
74,665,49,0,3
74,666,73,1,2
74,676,99,3,0
74,678,73,1,2
74,684,49,0,3
74,694,99,3,0
74,695,73,1,2
74,708,73,1,2
75,632,50,0,2
75,641,50,0,2
75,649,99,3,2
75,650,99,3,2
75,665,50,0,2
75,666,99,3,2
75,676,100,2,0
75,678,99,3,2
75,684,50,0,2
75,695,99,3,2
76,641,51,0,3
76,650,75,1,1
76,666,75,1,1
76,676,101,3,0
76,678,75,1,1
76,684,51,0,3
76,695,75,1,1
77,641,52,0,3
77,650,76,1,2
77,676,102,3,0
77,678,76,1,2
77,684,52,0,3
77,695,76,1,2
78,642,79,2,1
78,676,103,3,0
80,641,55,0,3
80,650,81,2,1
80,676,105,3,0
80,678,81,2,1
80,684,55,0,3
80,695,81,2,1
81,641,56,0,3
81,650,82,2,1
81,666,82,2,1
81,676,106,3,0
81,678,82,2,1
81,684,56,0,3
81,695,82,2,1
82,641,57,0,3
82,649,83,2,1
82,650,83,2,1
82,666,83,2,1
82,676,107,3,0
82,678,83,2,1
82,684,57,0,3
82,695,83,2,1
83,632,58,0,3
83,638,58,0,3
83,641,58,0,3
83,649,84,2,1
83,650,84,2,1
83,665,58,0,3
83,666,84,2,1
83,676,108,3,0
83,678,84,2,1
83,684,58,0,3
83,694,108,3,0
83,695,84,2,1
83,708,84,2,1
84,632,59,0,3
84,641,59,0,3
84,649,85,2,1
84,650,85,2,1
84,655,109,3,0
84,665,59,0,3
84,666,85,2,1
84,676,109,3,0
84,678,85,2,1
84,684,59,0,3
84,695,85,2,1
84,708,85,2,1
85,632,60,0,3
85,655,110,3,0
85,665,60,0,3
85,666,60,0,3
85,676,110,3,0
85,678,110,3,0
85,684,60,0,3
85,695,60,0,3
85,708,60,0,3
85,721,110,3,0
86,632,85,1,2
86,641,85,1,2
86,649,111,3,0
86,650,61,0,3
86,655,85,1,2
86,665,85,1,2
86,666,61,0,3
86,676,85,1,2
86,678,111,3,0
86,684,85,1,2
86,695,61,0,3
86,708,61,0,3
86,721,85,1,2
87,632,86,1,2
87,641,86,1,2
87,649,112,3,0
87,650,62,0,3
87,665,86,1,2
87,666,62,0,3
87,676,86,1,2
87,678,112,3,0
87,684,86,1,2
87,695,62,0,3
87,708,62,0,3
88,641,87,1,2
88,649,113,3,0
88,650,63,0,3
88,666,63,0,3
88,676,87,1,2
88,678,113,3,0
88,684,87,1,2
88,695,63,0,3
89,641,88,1,2
89,650,64,0,3
89,666,64,0,3
89,676,88,1,2
89,678,114,3,0
89,684,88,1,2
89,695,64,0,3
90,641,89,1,2
90,650,65,0,3
90,676,89,1,2
90,678,115,3,0
90,684,89,1,2
90,695,65,0,3
91,642,90,1,2
92,642,91,1,2
92,676,93,2,1
93,641,94,2,1
93,650,68,0,3
93,676,94,2,1
93,678,118,3,0
93,684,94,2,1
93,695,68,0,3
94,641,95,2,1
94,650,69,0,3
94,666,69,0,3
94,676,95,2,1
94,678,119,3,0
94,684,95,2,1
94,695,69,0,3
95,632,96,2,1
95,641,96,2,1
95,649,120,3,0
95,650,70,0,3
95,665,96,2,1
95,666,70,0,3
95,676,96,2,1
95,678,120,3,0
95,684,96,2,1
95,695,70,0,3
96,632,97,2,1
96,638,97,2,1
96,641,97,2,1
96,649,121,3,0
96,650,71,0,3
96,665,97,2,1
96,666,71,0,3
96,676,97,2,1
96,678,121,3,0
96,684,97,2,1
96,694,97,2,1
96,695,71,0,3
96,708,71,0,3
97,632,98,2,1
97,641,98,2,1
97,649,122,3,0
97,650,72,0,3
97,655,98,2,1
97,665,98,2,1
97,666,72,0,3
97,676,98,2,1
97,678,122,3,0
97,684,98,2,1
97,695,72,0,3
97,708,72,0,3
98,632,73,0,3
98,655,123,3,0
98,665,73,0,3
98,666,73,0,3
98,676,123,3,0
98,678,123,3,0
98,684,73,0,3
98,695,73,0,3
98,708,73,0,3
98,721,99,2,1
99,632,74,0,3
99,638,74,0,3
99,641,74,0,3
99,649,98,1,2
99,650,98,1,2
99,665,74,0,3
99,666,98,1,2
99,676,124,3,0
99,678,98,1,2
99,684,74,0,3
99,694,124,3,0
99,695,98,1,2
99,708,98,1,2
100,632,75,0,2
100,641,75,0,2
100,649,124,3,2
100,650,124,3,2
100,665,75,0,2
100,666,124,3,2
100,676,125,2,0
100,678,124,3,2
100,684,75,0,2
100,695,124,3,2
101,641,76,0,3
101,650,100,1,1
101,666,100,1,1
101,676,126,3,0
101,678,100,1,1
101,684,76,0,3
101,695,100,1,1
102,641,77,0,3
102,650,101,1,2
102,676,127,3,0
102,678,101,1,2
102,684,77,0,3
102,695,101,1,2
103,642,104,2,1
103,676,128,3,0
105,641,80,0,3
105,650,106,2,1
105,676,130,3,0
105,678,106,2,1
105,684,80,0,3
105,695,106,2,1
106,641,81,0,3
106,650,107,2,1
106,666,107,2,1
106,676,131,3,0
106,678,107,2,1
106,684,81,0,3
106,695,107,2,1
107,641,82,0,3
107,649,108,2,1
107,650,108,2,1
107,666,108,2,1
107,676,132,3,0
107,678,108,2,1
107,684,82,0,3
107,695,108,2,1
108,632,83,0,3
108,638,83,0,3
108,641,83,0,3
108,649,109,2,1
108,650,109,2,1
108,665,83,0,3
108,666,109,2,1
108,676,133,3,0
108,678,109,2,1
108,684,83,0,3
108,694,133,3,0
108,695,109,2,1
108,708,109,2,1
109,632,84,0,3
109,641,84,0,3
109,649,110,2,1
109,650,110,2,1
109,655,655,34,0
109,665,84,0,3
109,666,110,2,1
109,676,134,3,0
109,678,110,2,1
109,684,84,0,3
109,695,110,2,1
109,708,110,2,1
110,641,85,0,3
110,642,85,0,3
110,650,135,3,0
110,655,109,1,2
110,665,85,0,3
110,666,85,0,3
110,676,135,3,0
110,684,85,0,3
110,695,85,0,3
110,708,85,0,3
110,721,721,100,0
111,632,110,1,2
111,641,110,1,2
111,642,86,0,3
111,649,136,3,0
111,650,136,3,0
111,655,110,1,2
111,665,110,1,2
111,666,86,0,3
111,676,110,1,2
111,678,136,3,0
111,684,110,1,2
111,695,86,0,3
111,708,86,0,3
111,721,110,1,2
112,632,111,1,2
112,641,111,1,2
112,642,87,0,3
112,649,137,3,0
112,650,137,3,0
112,665,111,1,2
112,666,87,0,3
112,676,111,1,2
112,678,137,3,0
112,684,111,1,2
112,695,87,0,3
112,708,87,0,3
113,641,112,1,2
113,642,88,0,3
113,649,138,3,0
113,650,138,3,0
113,666,88,0,3
113,676,112,1,2
113,678,138,3,0
113,684,112,1,2
113,695,88,0,3
114,641,113,1,2
114,642,89,0,3
114,650,139,3,0
114,666,89,0,3
114,676,113,1,2
114,678,139,3,0
114,684,113,1,2
114,695,89,0,3
115,641,114,1,2
115,642,90,0,3
115,650,140,3,0
115,676,114,1,2
115,678,140,3,0
115,684,114,1,2
115,695,90,0,3
116,642,115,1,2
117,642,116,1,2
117,676,118,2,1
118,641,119,2,1
118,642,93,0,3
118,650,143,3,0
118,676,119,2,1
118,678,143,3,0
118,684,119,2,1
118,695,93,0,3
119,641,120,2,1
119,642,94,0,3
119,650,144,3,0
119,666,94,0,3
119,676,120,2,1
119,678,144,3,0
119,684,120,2,1
119,695,94,0,3
120,632,121,2,1
120,641,121,2,1
120,642,95,0,3
120,649,145,3,0
120,650,145,3,0
120,665,121,2,1
120,666,95,0,3
120,676,121,2,1
120,678,145,3,0
120,684,121,2,1
120,695,95,0,3
121,632,122,2,1
121,638,122,2,1
121,641,122,2,1
121,642,96,0,3
121,649,146,3,0
121,650,146,3,0
121,665,122,2,1
121,666,96,0,3
121,676,122,2,1
121,678,146,3,0
121,684,122,2,1
121,694,122,2,1
121,695,96,0,3
121,708,96,0,3
122,632,123,2,1
122,641,123,2,1
122,642,97,0,3
122,649,147,3,0
122,650,147,3,0
122,655,123,2,1
122,665,123,2,1
122,666,97,0,3
122,676,123,2,1
122,678,147,3,0
122,684,123,2,1
122,695,97,0,3
122,708,97,0,3
122,721,121,1,2
123,641,98,0,3
123,642,98,0,3
123,650,148,3,0
123,655,124,2,1
123,665,98,0,3
123,666,98,0,3
123,676,148,3,0
123,684,98,0,3
123,695,98,0,3
123,708,98,0,3
123,721,124,2,1
124,632,99,0,3
124,638,99,0,3
124,641,99,0,3
124,649,123,1,2
124,650,123,1,2
124,665,99,0,3
124,666,123,1,2
124,676,149,3,0
124,678,123,1,2
124,684,99,0,3
124,694,149,3,0
124,695,123,1,2
124,708,123,1,2
125,632,100,0,2
125,641,100,0,2
125,649,149,3,2
125,650,149,3,2
125,665,100,0,2
125,666,149,3,2
125,676,150,2,0
125,678,149,3,2
125,684,100,0,2
125,695,149,3,2
126,641,101,0,3
126,650,125,1,1
126,666,125,1,1
126,676,151,3,0
126,678,125,1,1
126,684,101,0,3
126,695,125,1,1
127,641,102,0,3
127,650,126,1,2
127,676,152,3,0
127,678,126,1,2
127,684,102,0,3
127,695,126,1,2
128,642,129,2,1
128,676,153,3,0
130,641,105,0,3
130,650,131,2,1
130,676,155,3,0
130,678,131,2,1
130,684,105,0,3
130,695,131,2,1
131,641,106,0,3
131,650,132,2,1
131,666,132,2,1
131,676,156,3,0
131,678,132,2,1
131,684,106,0,3
131,695,132,2,1
132,641,107,0,3
132,649,133,2,1
132,650,133,2,1
132,666,133,2,1
132,676,157,3,0
132,678,133,2,1
132,684,107,0,3
132,695,133,2,1
133,632,108,0,3
133,638,108,0,3
133,641,108,0,3
133,649,134,2,1
133,650,134,2,1
133,665,108,0,3
133,666,134,2,1
133,676,158,3,0
133,678,134,2,1
133,684,108,0,3
133,694,158,3,0
133,695,134,2,1
133,708,134,2,1
134,632,109,0,3
134,641,109,0,3
134,649,135,2,1
134,650,135,2,1
134,655,109,0,3
134,665,109,0,3
134,666,135,2,1
134,676,159,3,0
134,678,135,2,1
134,684,109,0,3
134,695,135,2,1
134,708,135,2,1
135,641,110,0,3
135,649,136,2,1
135,650,160,3,0
135,665,110,0,3
135,666,110,0,3
135,676,160,3,0
135,678,136,2,1
135,684,110,0,3
135,695,110,0,3
135,708,110,0,3
136,632,135,1,2
136,641,135,1,2
136,649,137,2,1
136,650,161,3,0
136,655,135,1,2
136,665,135,1,2
136,666,111,0,3
136,676,135,1,2
136,678,137,2,1
136,684,135,1,2
136,695,111,0,3
136,708,111,0,3
136,721,135,1,2
137,632,136,1,2
137,641,136,1,2
137,649,138,2,1
137,650,162,3,0
137,665,136,1,2
137,666,112,0,3
137,676,136,1,2
137,678,138,2,1
137,684,136,1,2
137,695,112,0,3
137,708,112,0,3
138,641,137,1,2
138,649,649,28,0
138,650,163,3,0
138,666,113,0,3
138,676,137,1,2
138,678,139,2,1
138,684,137,1,2
138,695,113,0,3
139,641,138,1,2
139,650,164,3,0
139,666,114,0,3
139,676,138,1,2
139,678,140,2,1
139,684,138,1,2
139,695,114,0,3
140,641,139,1,2
140,650,165,3,0
140,676,139,1,2
140,678,678,57,0
140,684,139,1,2
140,695,115,0,3
141,642,140,1,2
142,642,141,1,2
142,676,143,2,1
143,641,144,2,1
143,650,168,3,0
143,676,144,2,1
143,678,142,1,2
143,684,144,2,1
143,695,118,0,3
144,641,145,2,1
144,650,169,3,0
144,666,119,0,3
144,676,145,2,1
144,678,143,1,2
144,684,145,2,1
144,695,119,0,3
145,632,146,2,1
145,641,146,2,1
145,649,144,1,2
145,650,170,3,0
145,665,146,2,1
145,666,120,0,3
145,676,146,2,1
145,678,144,1,2
145,684,146,2,1
145,695,120,0,3
146,632,147,2,1
146,638,147,2,1
146,641,147,2,1
146,649,145,1,2
146,650,171,3,0
146,665,147,2,1
146,666,121,0,3
146,676,147,2,1
146,678,145,1,2
146,684,147,2,1
146,694,147,2,1
146,695,121,0,3
146,708,121,0,3
147,632,148,2,1
147,641,148,2,1
147,649,146,1,2
147,650,172,3,0
147,655,148,2,1
147,665,148,2,1
147,666,122,0,3
147,676,148,2,1
147,678,146,1,2
147,684,148,2,1
147,695,122,0,3
147,708,122,0,3
147,721,146,1,2
148,641,123,0,3
148,649,147,1,2
148,650,173,3,0
148,665,123,0,3
148,666,123,0,3
148,676,173,3,0
148,678,147,1,2
148,684,123,0,3
148,695,123,0,3
148,708,123,0,3
148,721,149,2,1
149,632,124,0,3
149,638,124,0,3
149,641,124,0,3
149,649,148,1,2
149,650,148,1,2
149,665,124,0,3
149,666,148,1,2
149,676,174,3,0
149,678,148,1,2
149,684,124,0,3
149,694,174,3,0
149,695,148,1,2
149,708,148,1,2
150,632,125,0,2
150,641,125,0,2
150,649,174,3,2
150,650,174,3,2
150,665,125,0,2
150,666,174,3,2
150,676,175,2,0
150,678,174,3,2
150,684,125,0,2
150,695,174,3,2
151,641,126,0,3
151,650,150,1,1
151,666,150,1,1
151,676,176,3,0
151,678,150,1,1
151,684,126,0,3
151,695,150,1,1
152,641,127,0,3
152,650,151,1,2
152,676,177,3,0
152,678,151,1,2
152,684,127,0,3
152,695,151,1,2
153,642,154,2,1
153,676,178,3,0
155,641,130,0,3
155,650,156,2,1
155,676,180,3,0
155,678,156,2,1
155,684,130,0,3
155,695,156,2,1
156,641,131,0,3
156,650,157,2,1
156,666,157,2,1
156,676,181,3,0
156,678,157,2,1
156,684,131,0,3
156,695,157,2,1
157,641,132,0,3
157,649,158,2,1
157,650,158,2,1
157,666,158,2,1
157,676,182,3,0
157,678,158,2,1
157,684,132,0,3
157,695,158,2,1
158,632,133,0,3
158,638,133,0,3
158,641,133,0,3
158,649,159,2,1
158,650,159,2,1
158,665,133,0,3
158,666,159,2,1
158,676,183,3,0
158,678,159,2,1
158,684,133,0,3
158,694,183,3,0
158,695,159,2,1
158,708,159,2,1
159,632,134,0,3
159,641,134,0,3
159,649,160,2,1
159,650,160,2,1
159,655,134,0,3
159,665,134,0,3
159,666,160,2,1
159,676,184,3,0
159,678,160,2,1
159,684,134,0,3
159,694,184,3,0
159,695,160,2,1
159,708,160,2,1
160,641,135,0,3
160,649,135,0,3
160,650,185,3,0
160,666,135,0,3
160,676,185,3,0
160,678,135,0,3
160,684,135,0,3
160,694,185,3,0
160,695,135,0,3
160,708,135,0,3
161,632,160,1,2
161,641,160,1,2
161,649,136,0,3
161,650,186,3,0
161,655,160,1,2
161,665,160,1,2
161,666,136,0,3
161,676,160,1,2
161,678,136,0,3
161,684,160,1,2
161,695,136,0,3
161,708,136,0,3
161,721,160,1,2
162,632,161,1,2
162,641,161,1,2
162,649,137,0,3
162,650,187,3,0
162,665,161,1,2
162,666,137,0,3
162,676,161,1,2
162,678,137,0,3
162,684,161,1,2
162,695,137,0,3
162,708,137,0,3
163,641,162,1,2
163,649,138,0,3
163,650,188,3,0
163,666,138,0,3
163,676,162,1,2
163,678,138,0,3
163,684,162,1,2
163,695,138,0,3
164,641,163,1,2
164,650,189,3,0
164,666,139,0,3
164,676,163,1,2
164,678,139,0,3
164,684,163,1,2
164,695,139,0,3
165,641,164,1,2
165,650,190,3,0
165,676,164,1,2
165,678,140,0,3
165,684,164,1,2
165,695,140,0,3
166,642,165,1,2
167,642,166,1,2
167,676,168,2,1
168,641,169,2,1
168,650,193,3,0
168,676,169,2,1
168,678,143,0,3
168,684,169,2,1
168,695,143,0,3
169,641,170,2,1
169,650,194,3,0
169,666,144,0,3
169,676,170,2,1
169,678,144,0,3
169,684,170,2,1
169,695,144,0,3
170,632,171,2,1
170,641,171,2,1
170,649,145,0,3
170,650,195,3,0
170,665,171,2,1
170,666,145,0,3
170,676,171,2,1
170,678,145,0,3
170,684,171,2,1
170,695,145,0,3
171,632,172,2,1
171,638,172,2,1
171,641,172,2,1
171,649,146,0,3
171,650,196,3,0
171,665,172,2,1
171,666,146,0,3
171,676,172,2,1
171,678,146,0,3
171,684,172,2,1
171,694,172,2,1
171,695,146,0,3
171,708,146,0,3
172,632,173,2,1
172,641,173,2,1
172,649,147,0,3
172,650,197,3,0
172,655,173,2,1
172,665,173,2,1
172,666,147,0,3
172,676,173,2,1
172,678,147,0,3
172,684,173,2,1
172,695,147,0,3
172,708,147,0,3
172,721,171,1,2
173,641,148,0,3
173,649,148,0,3
173,650,198,3,0
173,666,148,0,3
173,676,198,3,0
173,678,148,0,3
173,684,148,0,3
173,694,198,3,0
173,695,148,0,3
173,708,148,0,3
173,721,174,2,1
174,632,149,0,3
174,638,149,0,3
174,641,149,0,3
174,649,173,1,2
174,650,173,1,2
174,665,149,0,3
174,666,173,1,2
174,676,199,3,0
174,678,173,1,2
174,684,149,0,3
174,694,199,3,0
174,695,173,1,2
174,708,173,1,2
175,632,150,0,2
175,641,150,0,2
175,649,199,3,2
175,650,199,3,2
175,665,150,0,2
175,666,199,3,2
175,676,200,2,0
175,678,199,3,2
175,684,150,0,2
175,695,199,3,2
176,641,151,0,3
176,650,175,1,1
176,666,175,1,1
176,676,201,3,0
176,678,175,1,1
176,684,151,0,3
176,695,175,1,1
177,641,152,0,3
177,650,176,1,2
177,676,202,3,0
177,678,176,1,2
177,684,152,0,3
177,695,176,1,2
178,642,179,2,1
178,676,203,3,0
180,641,155,0,3
180,650,181,2,1
180,676,205,3,0
180,678,181,2,1
180,684,155,0,3
180,695,181,2,1
181,641,156,0,3
181,650,182,2,1
181,666,182,2,1
181,676,206,3,0
181,678,182,2,1
181,684,156,0,3
181,695,182,2,1
182,641,157,0,3
182,649,183,2,1
182,650,183,2,1
182,666,183,2,1
182,676,207,3,0
182,678,183,2,1
182,684,157,0,3
182,695,183,2,1
183,632,158,0,3
183,638,158,0,3
183,641,158,0,3
183,649,184,2,1
183,650,184,2,1
183,665,158,0,3
183,666,184,2,1
183,676,208,3,0
183,678,184,2,1
183,684,158,0,3
183,694,694,73,0
183,695,184,2,1
183,708,184,2,1
184,632,159,0,3
184,641,159,0,3
184,649,185,2,1
184,650,185,2,1
184,655,159,0,3
184,665,159,0,3
184,666,185,2,1
184,676,209,3,0
184,678,185,2,1
184,684,159,0,3
184,694,183,1,2
184,695,185,2,1
184,708,185,2,1
185,641,160,0,3
185,649,160,0,3
185,650,210,3,0
185,666,160,0,3
185,676,210,3,0
185,678,160,0,3
185,684,160,0,3
185,694,184,1,2
185,695,160,0,3
186,632,185,1,2
186,641,185,1,2
186,649,161,0,3
186,650,211,3,0
186,655,185,1,2
186,665,185,1,2
186,666,161,0,3
186,676,185,1,2
186,678,161,0,3
186,684,185,1,2
186,695,161,0,3
186,708,161,0,3
186,721,185,1,2
187,632,186,1,2
187,641,186,1,2
187,649,162,0,3
187,650,212,3,0
187,665,186,1,2
187,666,162,0,3
187,676,186,1,2
187,678,162,0,3
187,684,186,1,2
187,695,162,0,3
187,708,162,0,3
188,641,187,1,2
188,649,163,0,3
188,650,213,3,0
188,666,163,0,3
188,676,187,1,2
188,678,163,0,3
188,684,187,1,2
188,695,163,0,3
189,641,188,1,2
189,650,214,3,0
189,666,164,0,3
189,676,188,1,2
189,678,164,0,3
189,684,188,1,2
189,695,164,0,3
190,641,189,1,2
190,650,215,3,0
190,676,189,1,2
190,678,165,0,3
190,684,189,1,2
190,695,165,0,3
191,642,190,1,2
192,642,191,1,2
192,676,193,2,1
193,641,194,2,1
193,650,218,3,0
193,676,194,2,1
193,678,168,0,3
193,684,194,2,1
193,695,168,0,3
194,641,195,2,1
194,650,219,3,0
194,666,169,0,3
194,676,195,2,1
194,678,169,0,3
194,684,195,2,1
194,695,169,0,3
195,632,196,2,1
195,641,196,2,1
195,649,170,0,3
195,650,220,3,0
195,665,196,2,1
195,666,170,0,3
195,676,196,2,1
195,678,170,0,3
195,684,196,2,1
195,695,170,0,3
196,632,197,2,1
196,638,197,2,1
196,641,197,2,1
196,649,171,0,3
196,650,221,3,0
196,665,197,2,1
196,666,171,0,3
196,676,197,2,1
196,678,171,0,3
196,684,197,2,1
196,694,197,2,1
196,695,171,0,3
196,708,171,0,3
197,632,198,2,1
197,641,198,2,1
197,649,172,0,3
197,650,222,3,0
197,655,198,2,1
197,665,198,2,1
197,666,172,0,3
197,676,198,2,1
197,678,172,0,3
197,684,198,2,1
197,695,172,0,3
197,708,172,0,3
197,721,196,1,2
198,641,173,0,3
198,649,173,0,3
198,650,223,3,0
198,666,173,0,3
198,676,223,3,0
198,678,173,0,3
198,684,173,0,3
198,694,199,2,1
198,695,173,0,3
198,721,199,2,1
199,632,174,0,3
199,638,174,0,3
199,641,174,0,3
199,649,198,1,2
199,650,198,1,2
199,665,174,0,3
199,666,198,1,2
199,676,224,3,0
199,678,198,1,2
199,684,174,0,3
199,695,198,1,2
199,708,198,1,2
200,632,175,0,2
200,641,175,0,2
200,649,224,3,2
200,650,224,3,2
200,665,175,0,2
200,666,224,3,2
200,676,225,2,0
200,678,224,3,2
200,684,175,0,2
200,695,224,3,2
201,641,176,0,3
201,650,200,1,1
201,666,200,1,1
201,676,226,3,0
201,678,200,1,1
201,684,176,0,3
201,695,200,1,1
202,641,177,0,3
202,650,201,1,2
202,676,227,3,0
202,678,201,1,2
202,684,177,0,3
202,695,201,1,2
203,642,204,2,1
203,676,228,3,0
205,641,180,0,3
205,650,206,2,1
205,676,230,3,0
205,678,206,2,1
205,684,180,0,3
205,695,206,2,1
206,641,181,0,3
206,650,207,2,1
206,666,207,2,1
206,676,231,3,0
206,678,207,2,1
206,684,181,0,3
206,695,207,2,1
207,641,182,0,3
207,649,208,2,1
207,650,208,2,1
207,666,208,2,1
207,676,232,3,0
207,678,208,2,1
207,684,182,0,3
207,695,208,2,1
208,632,183,0,3
208,638,183,0,3
208,641,183,0,3
208,649,209,2,1
208,650,209,2,1
208,665,183,0,3
208,666,209,2,1
208,676,233,3,0
208,678,209,2,1
208,684,183,0,3
208,694,183,0,3
208,695,209,2,1
208,708,209,2,1
209,632,184,0,3
209,638,184,0,3
209,641,184,0,3
209,649,210,2,1
209,650,210,2,1
209,655,184,0,3
209,665,184,0,3
209,666,210,2,1
209,676,234,3,0
209,678,210,2,1
209,684,184,0,3
209,695,210,2,1
209,708,210,2,1
210,638,185,0,3
210,641,185,0,3
210,649,185,0,3
210,650,235,3,0
210,666,185,0,3
210,676,235,3,0
210,678,185,0,3
210,684,185,0,3
210,695,185,0,3
211,632,210,1,2
211,641,210,1,2
211,649,186,0,3
211,650,236,3,0
211,655,210,1,2
211,665,210,1,2
211,666,186,0,3
211,676,210,1,2
211,678,186,0,3
211,684,210,1,2
211,695,186,0,3
211,708,186,0,3
211,721,210,1,2
212,632,211,1,2
212,641,211,1,2
212,649,187,0,3
212,650,237,3,0
212,665,211,1,2
212,666,187,0,3
212,676,211,1,2
212,678,187,0,3
212,684,211,1,2
212,695,187,0,3
212,708,187,0,3
213,641,212,1,2
213,649,188,0,3
213,650,238,3,0
213,666,188,0,3
213,676,212,1,2
213,678,188,0,3
213,684,212,1,2
213,695,188,0,3
214,641,213,1,2
214,650,239,3,0
214,666,189,0,3
214,676,213,1,2
214,678,189,0,3
214,684,213,1,2
214,695,189,0,3
215,641,214,1,2
215,650,240,3,0
215,676,214,1,2
215,678,190,0,3
215,684,214,1,2
215,695,190,0,3
216,642,215,1,2
217,642,216,1,2
217,676,218,2,1
218,641,219,2,1
218,650,243,3,0
218,676,219,2,1
218,678,193,0,3
218,684,219,2,1
218,695,193,0,3
219,641,220,2,1
219,650,244,3,0
219,666,194,0,3
219,676,220,2,1
219,678,194,0,3
219,684,220,2,1
219,695,194,0,3
220,632,221,2,1
220,641,221,2,1
220,649,195,0,3
220,650,245,3,0
220,665,221,2,1
220,666,195,0,3
220,676,221,2,1
220,678,195,0,3
220,684,221,2,1
220,695,195,0,3
221,632,222,2,1
221,638,222,2,1
221,641,222,2,1
221,649,196,0,3
221,650,246,3,0
221,665,222,2,1
221,666,196,0,3
221,676,222,2,1
221,678,196,0,3
221,684,222,2,1
221,694,222,2,1
221,695,196,0,3
221,708,196,0,3
222,632,223,2,1
222,641,223,2,1
222,649,197,0,3
222,650,247,3,0
222,655,223,2,1
222,665,223,2,1
222,666,197,0,3
222,676,223,2,1
222,678,197,0,3
222,684,223,2,1
222,695,197,0,3
222,708,197,0,3
222,721,221,1,2
223,638,198,0,3
223,641,198,0,3
223,649,198,0,3
223,650,248,3,0
223,666,198,0,3
223,676,248,3,0
223,678,198,0,3
223,684,198,0,3
223,695,198,0,3
223,721,224,2,1
224,632,199,0,3
224,638,199,0,3
224,641,199,0,3
224,649,223,1,2
224,650,223,1,2
224,665,199,0,3
224,666,223,1,2
224,676,249,3,0
224,678,223,1,2
224,684,199,0,3
224,694,199,0,3
224,695,223,1,2
224,708,223,1,2
225,632,250,2,0
225,641,200,0,2
225,649,249,3,2
225,650,249,3,2
225,665,200,0,2
225,666,249,3,2
225,676,250,2,0
225,678,249,3,2
225,684,200,0,2
225,695,249,3,2
226,641,201,0,3
226,650,225,1,1
226,666,225,1,1
226,676,251,3,0
226,678,225,1,1
226,684,201,0,3
226,695,225,1,1
227,641,202,0,3
227,650,226,1,2
227,676,252,3,0
227,678,226,1,2
227,684,202,0,3
227,695,226,1,2
228,642,229,2,1
228,676,253,3,0
230,641,205,0,3
230,650,231,2,1
230,676,255,3,0
230,678,231,2,1
230,684,205,0,3
230,695,231,2,1
231,641,206,0,3
231,650,232,2,1
231,666,232,2,1
231,676,256,3,0
231,678,232,2,1
231,684,206,0,3
231,695,232,2,1
232,641,207,0,3
232,649,233,2,1
232,650,233,2,1
232,666,233,2,1
232,676,257,3,0
232,678,233,2,1
232,684,207,0,3
232,695,233,2,1
233,632,258,3,0
233,638,258,3,0
233,641,208,0,3
233,649,234,2,1
233,650,234,2,1
233,665,208,0,3
233,666,234,2,1
233,676,258,3,0
233,678,234,2,1
233,684,208,0,3
233,694,208,0,3
233,695,234,2,1
233,708,234,2,1
234,632,259,3,0
234,641,209,0,3
234,649,235,2,1
234,650,235,2,1
234,655,209,0,3
234,665,209,0,3
234,666,235,2,1
234,676,259,3,0
234,678,235,2,1
234,684,209,0,3
234,695,235,2,1
234,708,235,2,1
235,632,260,3,0
235,641,210,0,3
235,649,210,0,3
235,650,260,3,0
235,666,210,0,3
235,676,260,3,0
235,678,210,0,3
235,684,210,0,3
235,695,210,0,3
236,632,235,1,2
236,641,235,1,2
236,649,211,0,3
236,650,261,3,0
236,655,235,1,2
236,665,235,1,2
236,666,211,0,3
236,676,235,1,2
236,678,211,0,3
236,684,235,1,2
236,695,211,0,3
236,708,211,0,3
236,721,235,1,2
237,632,236,1,2
237,641,236,1,2
237,649,212,0,3
237,650,262,3,0
237,665,236,1,2
237,666,212,0,3
237,676,236,1,2
237,678,212,0,3
237,684,236,1,2
237,695,212,0,3
237,708,212,0,3
238,641,237,1,2
238,649,213,0,3
238,650,263,3,0
238,666,213,0,3
238,676,237,1,2
238,678,213,0,3
238,684,237,1,2
238,695,213,0,3
239,641,238,1,2
239,650,264,3,0
239,666,214,0,3
239,676,238,1,2
239,678,214,0,3
239,684,238,1,2
239,695,214,0,3
240,641,239,1,2
240,650,265,3,0
240,676,239,1,2
240,678,215,0,3
240,684,239,1,2
240,695,215,0,3
241,642,240,1,2
242,642,241,1,2
242,676,243,2,1
243,641,244,2,1
243,650,268,3,0
243,676,244,2,1
243,678,218,0,3
243,684,244,2,1
243,695,218,0,3
244,641,245,2,1
244,650,269,3,0
244,666,219,0,3
244,676,245,2,1
244,678,219,0,3
244,684,245,2,1
244,695,219,0,3
245,632,246,2,1
245,641,246,2,1
245,649,220,0,3
245,650,270,3,0
245,665,246,2,1
245,666,220,0,3
245,676,246,2,1
245,678,220,0,3
245,684,246,2,1
245,695,220,0,3
246,632,247,2,1
246,638,247,2,1
246,641,247,2,1
246,649,221,0,3
246,650,271,3,0
246,665,247,2,1
246,666,221,0,3
246,676,247,2,1
246,678,221,0,3
246,684,247,2,1
246,694,247,2,1
246,695,221,0,3
246,708,221,0,3
247,632,248,2,1
247,641,248,2,1
247,649,222,0,3
247,650,272,3,0
247,655,248,2,1
247,665,248,2,1
247,666,222,0,3
247,676,248,2,1
247,678,222,0,3
247,684,248,2,1
247,695,222,0,3
247,708,222,0,3
247,721,246,1,2
248,632,273,3,0
248,641,223,0,3
248,649,223,0,3
248,650,273,3,0
248,666,223,0,3
248,676,273,3,0
248,678,223,0,3
248,684,223,0,3
248,695,223,0,3
248,721,249,2,1
249,632,274,3,0
249,638,274,3,0
249,641,224,0,3
249,649,248,1,2
249,650,248,1,2
249,665,224,0,3
249,666,248,1,2
249,676,274,3,0
249,678,248,1,2
249,684,224,0,3
249,694,224,0,3
249,695,248,1,2
249,708,248,1,2
250,632,275,2,0
250,641,225,0,2
250,649,274,3,2
250,650,274,3,2
250,665,225,0,2
250,666,274,3,2
250,676,275,2,0
250,678,274,3,2
250,684,225,0,2
250,695,274,3,2
251,641,226,0,3
251,650,250,1,1
251,666,250,1,1
251,676,276,3,0
251,678,250,1,1
251,684,226,0,3
251,695,250,1,1
252,641,227,0,3
252,650,251,1,2
252,676,277,3,0
252,678,251,1,2
252,684,227,0,3
252,695,251,1,2
253,642,254,2,1
253,676,278,3,0
255,641,230,0,3
255,650,256,2,1
255,676,280,3,0
255,678,256,2,1
255,684,230,0,3
255,695,256,2,1
256,641,231,0,3
256,650,257,2,1
256,666,257,2,1
256,676,281,3,0
256,678,257,2,1
256,684,231,0,3
256,695,257,2,1
257,641,232,0,3
257,649,258,2,1
257,650,258,2,1
257,666,258,2,1
257,676,282,3,0
257,678,258,2,1
257,684,232,0,3
257,695,258,2,1
258,632,283,3,0
258,638,283,3,0
258,641,233,0,3
258,649,259,2,1
258,650,259,2,1
258,665,233,0,3
258,666,259,2,1
258,676,283,3,0
258,678,259,2,1
258,684,233,0,3
258,694,233,0,3
258,695,259,2,1
258,708,259,2,1
259,632,284,3,0
259,641,234,0,3
259,649,260,2,1
259,650,260,2,1
259,655,234,0,3
259,665,234,0,3
259,666,260,2,1
259,676,284,3,0
259,678,260,2,1
259,684,234,0,3
259,695,260,2,1
259,708,260,2,1
260,632,285,3,0
260,641,235,0,3
260,649,235,0,3
260,650,285,3,0
260,666,235,0,3
260,676,285,3,0
260,678,235,0,3
260,684,235,0,3
261,632,260,1,2
261,641,260,1,2
261,649,236,0,3
261,650,286,3,0
261,655,260,1,2
261,665,260,1,2
261,666,236,0,3
261,676,260,1,2
261,678,236,0,3
261,684,260,1,2
261,695,236,0,3
261,708,236,0,3
261,721,260,1,2
262,632,261,1,2
262,641,261,1,2
262,649,237,0,3
262,650,287,3,0
262,665,261,1,2
262,666,237,0,3
262,676,261,1,2
262,678,237,0,3
262,684,261,1,2
262,695,237,0,3
262,708,237,0,3
263,641,262,1,2
263,649,238,0,3
263,650,288,3,0
263,666,238,0,3
263,676,262,1,2
263,678,238,0,3
263,684,262,1,2
263,695,238,0,3
264,641,263,1,2
264,650,289,3,0
264,666,239,0,3
264,676,263,1,2
264,678,239,0,3
264,684,263,1,2
264,695,239,0,3
265,641,264,1,2
265,650,290,3,0
265,676,264,1,2
265,678,240,0,3
265,684,264,1,2
265,695,240,0,3
266,642,265,1,2
267,642,266,1,2
267,676,268,2,1
268,641,269,2,1
268,650,293,3,0
268,676,269,2,1
268,678,243,0,3
268,684,269,2,1
268,695,243,0,3
269,641,270,2,1
269,650,294,3,0
269,666,244,0,3
269,676,270,2,1
269,678,244,0,3
269,684,270,2,1
269,695,244,0,3
270,632,271,2,1
270,641,271,2,1
270,649,245,0,3
270,650,295,3,0
270,665,271,2,1
270,666,245,0,3
270,676,271,2,1
270,678,245,0,3
270,684,271,2,1
270,695,245,0,3
271,632,272,2,1
271,638,272,2,1
271,641,272,2,1
271,649,246,0,3
271,650,296,3,0
271,665,272,2,1
271,666,246,0,3
271,676,272,2,1
271,678,246,0,3
271,684,272,2,1
271,694,272,2,1
271,695,246,0,3
271,708,246,0,3
272,632,273,2,1
272,641,273,2,1
272,649,247,0,3
272,650,297,3,0
272,655,273,2,1
272,665,273,2,1
272,666,247,0,3
272,676,273,2,1
272,678,247,0,3
272,684,273,2,1
272,695,247,0,3
272,708,247,0,3
272,721,271,1,2
273,632,298,3,0
273,641,248,0,3
273,649,248,0,3
273,650,298,3,0
273,666,248,0,3
273,676,298,3,0
273,678,248,0,3
273,684,248,0,3
273,721,274,2,1
274,632,299,3,0
274,638,299,3,0
274,641,249,0,3
274,649,273,1,2
274,650,273,1,2
274,665,249,0,3
274,666,273,1,2
274,676,299,3,0
274,678,273,1,2
274,684,249,0,3
274,694,249,0,3
274,695,273,1,2
274,708,273,1,2
275,632,300,2,0
275,641,250,0,2
275,649,299,3,2
275,650,299,3,2
275,665,300,2,0
275,666,299,3,2
275,676,276,1,1
275,678,299,3,2
275,684,250,0,2
275,695,299,3,2
276,641,251,0,3
276,650,275,1,1
276,666,275,1,1
276,676,277,2,1
276,678,275,1,1
276,684,251,0,3
276,695,275,1,1
277,641,252,0,3
277,650,276,1,2
277,676,278,2,1
277,678,276,1,2
277,684,252,0,3
277,695,276,1,2
278,642,279,2,1
278,676,676,55,0
280,641,255,0,3
280,650,281,2,1
280,676,279,1,2
280,678,281,2,1
280,684,255,0,3
280,695,281,2,1
281,641,256,0,3
281,650,282,2,1
281,666,282,2,1
281,676,280,1,2
281,678,282,2,1
281,684,256,0,3
281,695,282,2,1
282,641,257,0,3
282,649,283,2,1
282,650,283,2,1
282,666,283,2,1
282,676,281,1,2
282,678,283,2,1
282,684,257,0,3
282,695,283,2,1
283,632,308,3,0
283,638,308,3,0
283,641,258,0,3
283,649,284,2,1
283,650,284,2,1
283,665,308,3,0
283,666,284,2,1
283,676,282,1,2
283,678,284,2,1
283,684,258,0,3
283,694,258,0,3
283,695,284,2,1
283,708,284,2,1
284,632,309,3,0
284,641,259,0,3
284,649,285,2,1
284,650,285,2,1
284,655,259,0,3
284,665,309,3,0
284,666,285,2,1
284,676,283,1,2
284,678,285,2,1
284,684,259,0,3
284,695,285,2,1
284,708,285,2,1
285,632,310,3,0
285,641,260,0,3
285,649,260,0,3
285,650,310,3,0
285,665,310,3,0
285,666,260,0,3
285,676,284,1,2
285,678,260,0,3
285,684,260,0,3
285,695,310,3,0
286,632,285,1,2
286,641,285,1,2
286,649,261,0,3
286,650,311,3,0
286,655,285,1,2
286,665,285,1,2
286,666,261,0,3
286,676,285,1,2
286,678,261,0,3
286,684,285,1,2
286,695,311,3,0
286,708,261,0,3
286,721,285,1,2
287,632,286,1,2
287,641,286,1,2
287,649,262,0,3
287,650,312,3,0
287,665,286,1,2
287,666,262,0,3
287,676,286,1,2
287,678,262,0,3
287,684,286,1,2
287,695,312,3,0
287,708,262,0,3
288,641,287,1,2
288,649,263,0,3
288,650,313,3,0
288,666,263,0,3
288,676,287,1,2
288,678,263,0,3
288,684,287,1,2
288,695,313,3,0
289,641,288,1,2
289,650,314,3,0
289,666,264,0,3
289,676,288,1,2
289,678,264,0,3
289,684,288,1,2
289,695,314,3,0
290,641,289,1,2
290,650,315,3,0
290,676,289,1,2
290,678,265,0,3
290,684,289,1,2
290,695,315,3,0
291,642,290,1,2
292,642,291,1,2
292,676,293,2,1
293,641,294,2,1
293,650,318,3,0
293,676,294,2,1
293,678,268,0,3
293,684,294,2,1
293,695,318,3,0
294,641,295,2,1
294,650,319,3,0
294,666,269,0,3
294,676,295,2,1
294,678,269,0,3
294,684,295,2,1
294,695,319,3,0
295,632,296,2,1
295,641,296,2,1
295,649,270,0,3
295,650,320,3,0
295,665,296,2,1
295,666,270,0,3
295,676,296,2,1
295,678,270,0,3
295,684,296,2,1
295,695,320,3,0
296,632,297,2,1
296,638,297,2,1
296,641,297,2,1
296,649,271,0,3
296,650,321,3,0
296,665,297,2,1
296,666,271,0,3
296,676,297,2,1
296,678,271,0,3
296,684,297,2,1
296,694,297,2,1
296,695,321,3,0
296,708,271,0,3
297,632,298,2,1
297,641,298,2,1
297,649,272,0,3
297,650,322,3,0
297,655,298,2,1
297,665,298,2,1
297,666,272,0,3
297,676,298,2,1
297,678,272,0,3
297,684,298,2,1
297,695,322,3,0
297,708,272,0,3
297,721,296,1,2
298,632,323,3,0
298,641,273,0,3
298,649,273,0,3
298,650,323,3,0
298,665,323,3,0
298,666,273,0,3
298,676,299,2,1
298,678,273,0,3
298,684,273,0,3
298,695,323,3,0
298,721,299,2,1
299,632,324,3,0
299,638,324,3,0
299,641,274,0,3
299,649,298,1,2
299,650,298,1,2
299,665,324,3,0
299,666,298,1,2
299,676,275,2,3
299,678,298,1,2
299,684,274,0,3
299,694,274,0,3
299,695,298,1,2
299,708,298,1,2
300,632,325,2,0
300,641,275,0,2
300,649,324,3,2
300,650,324,3,2
300,665,325,2,0
300,666,324,3,2
300,676,275,0,2
300,678,324,3,2
300,684,275,0,2
300,695,324,3,2
301,641,276,0,3
301,650,300,1,1
301,666,300,1,1
301,676,276,0,3
301,678,300,1,1
301,684,276,0,3
301,695,300,1,1
302,641,277,0,3
302,650,301,1,2
302,676,277,0,3
302,678,301,1,2
302,684,277,0,3
302,695,301,1,2
303,642,304,2,1
303,676,278,0,3
305,641,280,0,3
305,650,306,2,1
305,676,280,0,3
305,678,306,2,1
305,684,280,0,3
305,695,306,2,1
306,641,281,0,3
306,650,307,2,1
306,666,307,2,1
306,676,281,0,3
306,678,307,2,1
306,684,281,0,3
306,695,307,2,1
307,641,282,0,3
307,649,308,2,1
307,650,308,2,1
307,666,308,2,1
307,676,282,0,3
307,678,308,2,1
307,684,282,0,3
307,695,308,2,1
308,632,333,3,0
308,638,333,3,0
308,641,283,0,3
308,649,309,2,1
308,650,309,2,1
308,665,333,3,0
308,666,309,2,1
308,676,283,0,3
308,678,309,2,1
308,684,283,0,3
308,694,283,0,3
308,695,309,2,1
308,708,309,2,1
309,632,334,3,0
309,641,284,0,3
309,649,310,2,1
309,650,310,2,1
309,655,284,0,3
309,665,334,3,0
309,666,310,2,1
309,676,284,0,3
309,678,310,2,1
309,684,284,0,3
309,695,310,2,1
309,708,310,2,1
310,632,335,3,0
310,641,285,0,3
310,649,285,0,3
310,650,335,3,0
310,665,335,3,0
310,666,285,0,3
310,676,285,0,3
310,678,285,0,3
310,684,285,0,3
310,695,335,3,0
311,632,310,1,2
311,641,310,1,2
311,649,286,0,3
311,650,336,3,0
311,655,310,1,2
311,665,310,1,2
311,666,286,0,3
311,676,310,1,2
311,678,286,0,3
311,684,310,1,2
311,695,336,3,0
311,708,286,0,3
311,721,310,1,2
312,632,311,1,2
312,641,311,1,2
312,649,287,0,3
312,650,337,3,0
312,665,311,1,2
312,666,287,0,3
312,676,311,1,2
312,678,287,0,3
312,684,311,1,2
312,695,337,3,0
312,708,287,0,3
313,641,312,1,2
313,649,288,0,3
313,650,338,3,0
313,666,288,0,3
313,676,312,1,2
313,678,288,0,3
313,684,312,1,2
313,695,338,3,0
314,641,313,1,2
314,650,339,3,0
314,666,289,0,3
314,676,313,1,2
314,678,289,0,3
314,684,313,1,2
314,695,339,3,0
315,641,314,1,2
315,650,340,3,0
315,676,314,1,2
315,678,290,0,3
315,684,314,1,2
315,695,340,3,0
316,642,315,1,2
317,642,316,1,2
317,676,318,2,1
318,641,319,2,1
318,650,343,3,0
318,676,319,2,1
318,678,293,0,3
318,684,319,2,1
318,695,343,3,0
319,641,320,2,1
319,650,344,3,0
319,666,294,0,3
319,676,320,2,1
319,678,294,0,3
319,684,320,2,1
319,695,344,3,0
320,632,321,2,1
320,641,321,2,1
320,649,295,0,3
320,650,345,3,0
320,665,321,2,1
320,666,295,0,3
320,676,321,2,1
320,678,295,0,3
320,684,321,2,1
320,695,345,3,0
321,632,322,2,1
321,638,322,2,1
321,641,322,2,1
321,649,296,0,3
321,650,346,3,0
321,665,322,2,1
321,666,296,0,3
321,676,322,2,1
321,678,296,0,3
321,684,322,2,1
321,694,322,2,1
321,695,346,3,0
321,708,296,0,3
322,632,323,2,1
322,641,323,2,1
322,649,297,0,3
322,650,347,3,0
322,655,323,2,1
322,665,323,2,1
322,666,297,0,3
322,676,323,2,1
322,678,297,0,3
322,684,323,2,1
322,695,347,3,0
322,708,297,0,3
322,721,321,1,2
323,632,348,3,0
323,641,298,0,3
323,649,298,0,3
323,650,348,3,0
323,665,348,3,0
323,666,298,0,3
323,676,298,0,3
323,678,298,0,3
323,684,298,0,3
323,695,348,3,0
323,721,324,2,1
324,632,349,3,0
324,638,349,3,0
324,641,299,0,3
324,649,323,1,2
324,650,323,1,2
324,665,349,3,0
324,666,323,1,2
324,676,299,0,3
324,678,323,1,2
324,684,299,0,3
324,694,299,0,3
324,695,323,1,2
324,708,323,1,2
325,632,350,2,0
325,641,300,0,2
325,649,349,3,2
325,650,349,3,2
325,665,350,2,0
325,666,349,3,2
325,676,300,0,2
325,678,349,3,2
325,684,300,0,2
325,695,349,3,2
326,641,301,0,3
326,650,325,1,1
326,666,325,1,1
326,676,301,0,3
326,678,325,1,1
326,684,301,0,3
326,695,325,1,1
327,641,302,0,3
327,650,326,1,2
327,676,302,0,3
327,678,326,1,2
327,684,302,0,3
327,695,326,1,2
328,642,329,2,1
328,676,303,0,3
330,641,305,0,3
330,650,331,2,1
330,676,305,0,3
330,678,331,2,1
330,684,305,0,3
330,695,331,2,1
331,641,306,0,3
331,650,332,2,1
331,666,332,2,1
331,676,306,0,3
331,678,332,2,1
331,684,306,0,3
331,695,332,2,1
332,641,307,0,3
332,649,333,2,1
332,650,333,2,1
332,666,333,2,1
332,676,307,0,3
332,678,333,2,1
332,684,307,0,3
332,695,333,2,1
333,632,358,3,0
333,638,358,3,0
333,641,308,0,3
333,649,334,2,1
333,650,334,2,1
333,665,358,3,0
333,666,334,2,1
333,676,308,0,3
333,678,334,2,1
333,684,308,0,3
333,694,308,0,3
333,695,334,2,1
333,708,334,2,1
334,632,359,3,0
334,641,309,0,3
334,649,335,2,1
334,650,335,2,1
334,655,309,0,3
334,665,359,3,0
334,666,335,2,1
334,676,309,0,3
334,678,335,2,1
334,684,309,0,3
334,695,335,2,1
334,708,335,2,1
335,632,360,3,0
335,641,310,0,3
335,649,310,0,3
335,650,360,3,0
335,665,360,3,0
335,676,310,0,3
335,678,310,0,3
335,684,310,0,3
335,695,360,3,0
335,708,360,3,0
336,632,335,1,2
336,641,335,1,2
336,649,311,0,3
336,650,361,3,0
336,655,335,1,2
336,665,335,1,2
336,666,311,0,3
336,676,335,1,2
336,678,311,0,3
336,684,335,1,2
336,695,361,3,0
336,708,361,3,0
336,721,335,1,2
337,632,336,1,2
337,641,336,1,2
337,649,312,0,3
337,650,362,3,0
337,665,336,1,2
337,666,312,0,3
337,676,336,1,2
337,678,312,0,3
337,684,336,1,2
337,695,362,3,0
337,708,362,3,0
338,641,337,1,2
338,649,313,0,3
338,650,363,3,0
338,666,313,0,3
338,676,337,1,2
338,678,313,0,3
338,684,337,1,2
338,695,363,3,0
339,641,338,1,2
339,650,364,3,0
339,666,314,0,3
339,676,338,1,2
339,678,314,0,3
339,684,338,1,2
339,695,364,3,0
340,641,339,1,2
340,650,365,3,0
340,676,339,1,2
340,678,315,0,3
340,684,339,1,2
340,695,365,3,0
341,642,340,1,2
342,642,341,1,2
342,676,343,2,1
343,641,344,2,1
343,650,368,3,0
343,676,344,2,1
343,678,318,0,3
343,684,344,2,1
343,695,368,3,0
344,641,345,2,1
344,650,369,3,0
344,666,319,0,3
344,676,345,2,1
344,678,319,0,3
344,684,345,2,1
344,695,369,3,0
345,632,346,2,1
345,641,346,2,1
345,649,320,0,3
345,650,370,3,0
345,665,346,2,1
345,666,320,0,3
345,676,346,2,1
345,678,320,0,3
345,684,346,2,1
345,695,370,3,0
346,632,347,2,1
346,638,347,2,1
346,641,347,2,1
346,649,321,0,3
346,650,371,3,0
346,665,347,2,1
346,666,321,0,3
346,676,347,2,1
346,678,321,0,3
346,684,347,2,1
346,694,347,2,1
346,695,371,3,0
346,708,371,3,0
347,632,348,2,1
347,641,348,2,1
347,649,322,0,3
347,650,372,3,0
347,655,348,2,1
347,665,348,2,1
347,666,322,0,3
347,676,348,2,1
347,678,322,0,3
347,684,348,2,1
347,695,372,3,0
347,708,372,3,0
347,721,346,1,2
348,632,373,3,0
348,641,323,0,3
348,649,323,0,3
348,650,373,3,0
348,665,373,3,0
348,676,323,0,3
348,678,323,0,3
348,684,323,0,3
348,695,373,3,0
348,708,373,3,0
348,721,349,2,1
349,632,374,3,0
349,638,374,3,0
349,641,324,0,3
349,649,348,1,2
349,650,348,1,2
349,665,374,3,0
349,666,348,1,2
349,676,324,0,3
349,678,348,1,2
349,684,324,0,3
349,694,324,0,3
349,695,348,1,2
349,708,348,1,2
350,632,375,2,0
350,641,325,0,2
350,649,374,3,2
350,650,374,3,2
350,665,375,2,0
350,666,374,3,2
350,676,325,0,2
350,678,374,3,2
350,684,375,2,0
350,695,374,3,2
351,641,326,0,3
351,650,350,1,1
351,666,350,1,1
351,676,326,0,3
351,678,350,1,1
351,684,376,3,0
351,695,350,1,1
352,641,327,0,3
352,650,351,1,2
352,676,327,0,3
352,678,351,1,2
352,684,377,3,0
352,695,351,1,2
353,642,354,2,1
353,676,328,0,3
355,641,330,0,3
355,650,356,2,1
355,676,330,0,3
355,678,356,2,1
355,684,380,3,0
355,695,356,2,1
356,641,331,0,3
356,650,357,2,1
356,666,357,2,1
356,676,331,0,3
356,678,357,2,1
356,684,381,3,0
356,695,357,2,1
357,641,332,0,3
357,649,358,2,1
357,650,358,2,1
357,666,358,2,1
357,676,332,0,3
357,678,358,2,1
357,684,382,3,0
357,695,358,2,1
358,632,383,3,0
358,638,383,3,0
358,641,333,0,3
358,649,359,2,1
358,650,359,2,1
358,665,383,3,0
358,666,359,2,1
358,676,333,0,3
358,678,359,2,1
358,684,383,3,0
358,694,333,0,3
358,695,359,2,1
358,708,359,2,1
359,632,384,3,0
359,641,334,0,3
359,649,360,2,1
359,650,360,2,1
359,655,334,0,3
359,665,384,3,0
359,666,360,2,1
359,676,334,0,3
359,678,360,2,1
359,684,384,3,0
359,695,360,2,1
359,708,360,2,1
360,632,385,3,0
360,641,335,0,3
360,649,335,0,3
360,650,385,3,0
360,655,335,0,3
360,665,385,3,0
360,676,335,0,3
360,678,335,0,3
360,695,385,3,0
360,708,385,3,0
361,632,360,1,2
361,641,360,1,2
361,649,336,0,3
361,650,386,3,0
361,655,360,1,2
361,665,360,1,2
361,666,336,0,3
361,676,360,1,2
361,678,336,0,3
361,684,360,1,2
361,695,386,3,0
361,708,386,3,0
361,721,360,1,2
362,632,361,1,2
362,641,361,1,2
362,649,337,0,3
362,650,387,3,0
362,665,361,1,2
362,666,337,0,3
362,676,361,1,2
362,678,337,0,3
362,684,361,1,2
362,695,387,3,0
362,708,387,3,0
363,641,362,1,2
363,649,338,0,3
363,650,388,3,0
363,666,338,0,3
363,676,362,1,2
363,678,338,0,3
363,684,362,1,2
363,695,388,3,0
364,641,363,1,2
364,650,389,3,0
364,666,339,0,3
364,676,363,1,2
364,678,339,0,3
364,684,363,1,2
364,695,389,3,0
365,641,364,1,2
365,650,390,3,0
365,676,364,1,2
365,678,340,0,3
365,684,364,1,2
365,695,390,3,0
366,642,365,1,2
367,642,366,1,2
367,676,368,2,1
368,641,369,2,1
368,650,393,3,0
368,676,369,2,1
368,678,343,0,3
368,684,369,2,1
368,695,393,3,0
369,641,370,2,1
369,650,394,3,0
369,666,344,0,3
369,676,370,2,1
369,678,344,0,3
369,684,370,2,1
369,695,394,3,0
370,632,371,2,1
370,641,371,2,1
370,649,345,0,3
370,650,395,3,0
370,665,371,2,1
370,666,345,0,3
370,676,371,2,1
370,678,345,0,3
370,684,371,2,1
370,695,395,3,0
371,632,372,2,1
371,638,372,2,1
371,641,372,2,1
371,649,346,0,3
371,650,396,3,0
371,665,372,2,1
371,666,346,0,3
371,676,372,2,1
371,678,346,0,3
371,684,372,2,1
371,694,372,2,1
371,695,396,3,0
371,708,396,3,0
372,632,373,2,1
372,641,373,2,1
372,649,347,0,3
372,650,397,3,0
372,655,373,2,1
372,665,373,2,1
372,666,347,0,3
372,676,373,2,1
372,678,347,0,3
372,684,373,2,1
372,695,397,3,0
372,708,397,3,0
372,721,371,1,2
373,632,398,3,0
373,641,348,0,3
373,649,348,0,3
373,650,398,3,0
373,655,348,0,3
373,665,398,3,0
373,676,348,0,3
373,678,348,0,3
373,695,398,3,0
373,708,398,3,0
373,721,374,2,1
374,632,399,3,0
374,638,399,3,0
374,641,349,0,3
374,649,373,1,2
374,650,373,1,2
374,665,399,3,0
374,666,373,1,2
374,676,349,0,3
374,678,373,1,2
374,684,399,3,0
374,694,349,0,3
374,695,373,1,2
374,708,373,1,2
375,632,400,2,0
375,641,400,2,0
375,649,399,3,2
375,650,399,3,2
375,665,400,2,0
375,666,399,3,2
375,676,350,0,2
375,678,399,3,2
375,684,400,2,0
375,695,399,3,2
376,641,401,3,0
376,650,375,1,1
376,666,375,1,1
376,676,351,0,3
376,678,375,1,1
376,684,401,3,0
376,695,375,1,1
377,641,402,3,0
377,650,376,1,2
377,676,352,0,3
377,678,376,1,2
377,684,402,3,0
377,695,376,1,2
378,642,379,2,1
378,676,353,0,3
380,641,405,3,0
380,650,381,2,1
380,676,355,0,3
380,678,381,2,1
380,684,405,3,0
380,695,381,2,1
381,641,406,3,0
381,650,382,2,1
381,666,382,2,1
381,676,356,0,3
381,678,382,2,1
381,684,406,3,0
381,695,382,2,1
382,641,407,3,0
382,649,383,2,1
382,650,383,2,1
382,666,383,2,1
382,676,357,0,3
382,678,383,2,1
382,684,407,3,0
382,695,383,2,1
383,632,408,3,0
383,638,408,3,0
383,641,408,3,0
383,649,384,2,1
383,650,384,2,1
383,665,408,3,0
383,666,384,2,1
383,676,358,0,3
383,678,384,2,1
383,684,408,3,0
383,694,358,0,3
383,695,384,2,1
383,708,384,2,1
384,632,409,3,0
384,641,409,3,0
384,649,385,2,1
384,650,385,2,1
384,655,359,0,3
384,665,409,3,0
384,666,385,2,1
384,676,359,0,3
384,678,385,2,1
384,684,409,3,0
384,695,385,2,1
384,708,385,2,1
385,632,410,3,0
385,655,360,0,3
385,665,410,3,0
385,666,410,3,0
385,676,360,0,3
385,678,360,0,3
385,684,410,3,0
385,695,410,3,0
385,708,410,3,0
386,632,385,1,2
386,641,385,1,2
386,649,361,0,3
386,650,411,3,0
386,655,385,1,2
386,665,385,1,2
386,666,411,3,0
386,676,385,1,2
386,678,361,0,3
386,684,385,1,2
386,695,411,3,0
386,708,411,3,0
386,721,385,1,2
387,632,386,1,2
387,641,386,1,2
387,649,362,0,3
387,650,412,3,0
387,665,386,1,2
387,666,412,3,0
387,676,386,1,2
387,678,362,0,3
387,684,386,1,2
387,695,412,3,0
387,708,412,3,0
388,641,387,1,2
388,649,363,0,3
388,650,413,3,0
388,666,413,3,0
388,676,387,1,2
388,678,363,0,3
388,684,387,1,2
388,695,413,3,0
389,641,388,1,2
389,650,414,3,0
389,666,414,3,0
389,676,388,1,2
389,678,364,0,3
389,684,388,1,2
389,695,414,3,0
390,641,389,1,2
390,650,415,3,0
390,676,389,1,2
390,678,365,0,3
390,684,389,1,2
390,695,415,3,0
391,642,390,1,2
392,642,391,1,2
392,676,393,2,1
393,641,394,2,1
393,650,418,3,0
393,676,394,2,1
393,678,368,0,3
393,684,394,2,1
393,695,418,3,0
394,641,395,2,1
394,650,419,3,0
394,666,419,3,0
394,676,395,2,1
394,678,369,0,3
394,684,395,2,1
394,695,419,3,0
395,632,396,2,1
395,641,396,2,1
395,649,370,0,3
395,650,420,3,0
395,665,396,2,1
395,666,420,3,0
395,676,396,2,1
395,678,370,0,3
395,684,396,2,1
395,695,420,3,0
396,632,397,2,1
396,638,397,2,1
396,641,397,2,1
396,649,371,0,3
396,650,421,3,0
396,665,397,2,1
396,666,421,3,0
396,676,397,2,1
396,678,371,0,3
396,684,397,2,1
396,694,397,2,1
396,695,421,3,0
396,708,421,3,0
397,632,398,2,1
397,641,398,2,1
397,649,372,0,3
397,650,422,3,0
397,655,398,2,1
397,665,398,2,1
397,666,422,3,0
397,676,398,2,1
397,678,372,0,3
397,684,398,2,1
397,695,422,3,0
397,708,422,3,0
397,721,396,1,2
398,632,423,3,0
398,655,373,0,3
398,665,423,3,0
398,666,423,3,0
398,676,373,0,3
398,678,373,0,3
398,684,423,3,0
398,695,423,3,0
398,708,423,3,0
398,721,399,2,1
399,632,424,3,0
399,638,424,3,0
399,641,424,3,0
399,649,398,1,2
399,650,398,1,2
399,665,424,3,0
399,666,398,1,2
399,676,374,0,3
399,678,398,1,2
399,684,424,3,0
399,694,374,0,3
399,695,398,1,2
399,708,398,1,2
400,632,425,2,0
400,641,425,2,0
400,649,424,3,2
400,650,424,3,2
400,665,425,2,0
400,666,424,3,2
400,676,375,0,2
400,678,424,3,2
400,684,425,2,0
400,695,424,3,2
401,641,426,3,0
401,650,400,1,1
401,666,400,1,1
401,676,376,0,3
401,678,400,1,1
401,684,426,3,0
401,695,400,1,1
402,641,427,3,0
402,650,401,1,2
402,676,377,0,3
402,678,401,1,2
402,684,427,3,0
402,695,401,1,2
403,642,404,2,1
403,676,378,0,3
405,641,430,3,0
405,650,406,2,1
405,676,380,0,3
405,678,406,2,1
405,684,430,3,0
405,695,406,2,1
406,641,431,3,0
406,650,407,2,1
406,666,407,2,1
406,676,381,0,3
406,678,407,2,1
406,684,431,3,0
406,695,407,2,1
407,641,432,3,0
407,649,408,2,1
407,650,408,2,1
407,666,408,2,1
407,676,382,0,3
407,678,408,2,1
407,684,432,3,0
407,695,408,2,1
408,632,433,3,0
408,638,433,3,0
408,641,433,3,0
408,649,409,2,1
408,650,409,2,1
408,665,433,3,0
408,666,409,2,1
408,676,383,0,3
408,678,409,2,1
408,684,433,3,0
408,694,383,0,3
408,695,409,2,1
408,708,409,2,1
409,632,434,3,0
409,641,434,3,0
409,649,410,2,1
409,650,410,2,1
409,655,384,0,3
409,665,434,3,0
409,666,410,2,1
409,676,384,0,3
409,678,410,2,1
409,684,434,3,0
409,695,410,2,1
409,708,410,2,1
410,641,435,3,0
410,642,435,3,0
410,650,411,2,1
410,655,385,0,3
410,665,435,3,0
410,666,435,3,0
410,676,385,0,3
410,678,385,0,3
410,684,435,3,0
410,695,435,3,0
410,708,435,3,0
410,721,385,0,3
411,632,410,1,2
411,641,410,1,2
411,642,436,3,0
411,649,386,0,3
411,650,412,2,1
411,655,410,1,2
411,665,410,1,2
411,666,436,3,0
411,676,410,1,2
411,678,386,0,3
411,684,410,1,2
411,695,436,3,0
411,708,436,3,0
411,721,410,1,2
412,632,411,1,2
412,641,411,1,2
412,642,437,3,0
412,649,387,0,3
412,650,413,2,1
412,665,411,1,2
412,666,437,3,0
412,676,411,1,2
412,678,387,0,3
412,684,411,1,2
412,695,437,3,0
412,708,437,3,0
413,641,412,1,2
413,642,438,3,0
413,649,388,0,3
413,650,414,2,1
413,666,438,3,0
413,676,412,1,2
413,678,388,0,3
413,684,412,1,2
413,695,438,3,0
414,641,413,1,2
414,642,439,3,0
414,650,415,2,1
414,666,439,3,0
414,676,413,1,2
414,678,389,0,3
414,684,413,1,2
414,695,439,3,0
415,641,414,1,2
415,642,440,3,0
415,650,650,29,0
415,676,414,1,2
415,678,390,0,3
415,684,414,1,2
415,695,440,3,0
416,642,415,1,2
417,676,418,2,1
418,641,419,2,1
418,642,443,3,0
418,650,417,1,2
418,676,419,2,1
418,678,393,0,3
418,684,419,2,1
418,695,443,3,0
419,641,420,2,1
419,642,444,3,0
419,650,418,1,2
419,666,444,3,0
419,676,420,2,1
419,678,394,0,3
419,684,420,2,1
419,695,444,3,0
420,632,421,2,1
420,641,421,2,1
420,642,445,3,0
420,649,395,0,3
420,650,419,1,2
420,665,421,2,1
420,666,445,3,0
420,676,421,2,1
420,678,395,0,3
420,684,421,2,1
420,695,445,3,0
421,632,422,2,1
421,638,422,2,1
421,641,422,2,1
421,642,446,3,0
421,649,396,0,3
421,650,420,1,2
421,665,422,2,1
421,666,446,3,0
421,676,422,2,1
421,678,396,0,3
421,684,422,2,1
421,694,422,2,1
421,695,446,3,0
421,708,446,3,0
422,632,423,2,1
422,641,423,2,1
422,642,447,3,0
422,649,397,0,3
422,650,421,1,2
422,655,423,2,1
422,665,423,2,1
422,666,447,3,0
422,676,423,2,1
422,678,397,0,3
422,684,423,2,1
422,695,447,3,0
422,708,447,3,0
422,721,421,1,2
423,641,448,3,0
423,642,448,3,0
423,650,422,1,2
423,655,398,0,3
423,665,448,3,0
423,666,448,3,0
423,676,398,0,3
423,678,398,0,3
423,684,448,3,0
423,695,448,3,0
423,708,448,3,0
423,721,424,2,1
424,632,449,3,0
424,638,449,3,0
424,641,449,3,0
424,649,423,1,2
424,650,423,1,2
424,665,449,3,0
424,666,423,1,2
424,676,399,0,3
424,678,423,1,2
424,684,449,3,0
424,694,399,0,3
424,695,423,1,2
424,708,423,1,2
425,632,450,2,0
425,641,450,2,0
425,649,449,3,2
425,650,449,3,2
425,665,450,2,0
425,666,449,3,2
425,676,400,0,2
425,678,449,3,2
425,684,450,2,0
425,695,449,3,2
426,641,451,3,0
426,650,425,1,1
426,666,425,1,1
426,676,401,0,3
426,678,425,1,1
426,684,451,3,0
426,695,425,1,1
427,641,452,3,0
427,650,426,1,2
427,676,402,0,3
427,678,426,1,2
427,684,452,3,0
427,695,426,1,2
428,642,429,2,1
428,676,403,0,3
430,641,455,3,0
430,650,431,2,1
430,676,405,0,3
430,678,431,2,1
430,684,455,3,0
430,695,431,2,1
431,641,456,3,0
431,650,432,2,1
431,666,432,2,1
431,676,406,0,3
431,678,432,2,1
431,684,456,3,0
431,695,432,2,1
432,641,457,3,0
432,649,433,2,1
432,650,433,2,1
432,666,433,2,1
432,676,407,0,3
432,678,433,2,1
432,684,457,3,0
432,695,433,2,1
433,632,458,3,0
433,638,458,3,0
433,641,458,3,0
433,649,434,2,1
433,650,434,2,1
433,665,458,3,0
433,666,434,2,1
433,676,408,0,3
433,678,434,2,1
433,684,458,3,0
433,694,408,0,3
433,695,434,2,1
433,708,434,2,1
434,632,459,3,0
434,641,459,3,0
434,649,435,2,1
434,650,435,2,1
434,655,459,3,0
434,665,459,3,0
434,666,435,2,1
434,676,409,0,3
434,678,435,2,1
434,684,459,3,0
434,695,435,2,1
434,708,435,2,1
435,641,460,3,0
435,642,436,2,1
435,650,410,0,3
435,665,460,3,0
435,666,460,3,0
435,676,410,0,3
435,684,460,3,0
435,695,460,3,0
435,708,460,3,0
436,632,435,1,2
436,641,435,1,2
436,642,437,2,1
436,649,411,0,3
436,650,411,0,3
436,655,435,1,2
436,665,435,1,2
436,666,461,3,0
436,676,435,1,2
436,678,411,0,3
436,684,435,1,2
436,695,461,3,0
436,708,461,3,0
436,721,435,1,2
437,632,436,1,2
437,641,436,1,2
437,642,438,2,1
437,649,412,0,3
437,650,412,0,3
437,665,436,1,2
437,666,462,3,0
437,676,436,1,2
437,678,412,0,3
437,684,436,1,2
437,695,462,3,0
437,708,462,3,0
438,641,437,1,2
438,642,439,2,1
438,649,413,0,3
438,650,413,0,3
438,666,463,3,0
438,676,437,1,2
438,678,413,0,3
438,684,437,1,2
438,695,463,3,0
439,641,438,1,2
439,642,440,2,1
439,650,414,0,3
439,666,464,3,0
439,676,438,1,2
439,678,414,0,3
439,684,438,1,2
439,695,464,3,0
440,641,439,1,2
440,642,642,21,0
440,650,415,0,3
440,676,439,1,2
440,678,415,0,3
440,684,439,1,2
440,695,465,3,0
441,642,440,1,2
442,642,441,1,2
442,676,443,2,1
443,641,444,2,1
443,642,442,1,2
443,650,418,0,3
443,676,444,2,1
443,678,418,0,3
443,684,444,2,1
443,695,468,3,0
444,641,445,2,1
444,642,443,1,2
444,650,419,0,3
444,666,469,3,0
444,676,445,2,1
444,678,419,0,3
444,684,445,2,1
444,695,469,3,0
445,632,446,2,1
445,641,446,2,1
445,642,444,1,2
445,649,420,0,3
445,650,420,0,3
445,665,446,2,1
445,666,470,3,0
445,676,446,2,1
445,678,420,0,3
445,684,446,2,1
445,695,470,3,0
446,632,447,2,1
446,638,447,2,1
446,641,447,2,1
446,642,445,1,2
446,649,421,0,3
446,650,421,0,3
446,665,447,2,1
446,666,471,3,0
446,676,447,2,1
446,678,421,0,3
446,684,447,2,1
446,694,447,2,1
446,695,471,3,0
446,708,471,3,0
447,632,448,2,1
447,641,448,2,1
447,642,446,1,2
447,649,422,0,3
447,650,422,0,3
447,655,448,2,1
447,665,448,2,1
447,666,472,3,0
447,676,448,2,1
447,678,422,0,3
447,684,448,2,1
447,695,472,3,0
447,708,472,3,0
447,721,446,1,2
448,641,473,3,0
448,642,447,1,2
448,650,423,0,3
448,665,473,3,0
448,666,473,3,0
448,676,423,0,3
448,684,473,3,0
448,695,473,3,0
448,708,473,3,0
448,721,449,2,1
449,632,474,3,0
449,638,474,3,0
449,641,474,3,0
449,649,448,1,2
449,650,448,1,2
449,665,474,3,0
449,666,448,1,2
449,676,424,0,3
449,678,448,1,2
449,684,474,3,0
449,694,424,0,3
449,695,448,1,2
449,708,448,1,2
450,632,475,2,0
450,641,475,2,0
450,649,474,3,2
450,650,474,3,2
450,665,475,2,0
450,666,474,3,2
450,676,425,0,2
450,678,474,3,2
450,684,475,2,0
450,695,474,3,2
451,641,476,3,0
451,650,450,1,1
451,666,450,1,1
451,676,426,0,3
451,678,450,1,1
451,684,476,3,0
451,695,450,1,1
452,641,477,3,0
452,650,451,1,2
452,676,427,0,3
452,678,451,1,2
452,684,477,3,0
452,695,451,1,2
453,642,454,2,1
453,676,428,0,3
455,641,480,3,0
455,650,456,2,1
455,676,430,0,3
455,678,456,2,1
455,684,480,3,0
455,695,456,2,1
456,641,481,3,0
456,650,457,2,1
456,666,457,2,1
456,676,431,0,3
456,678,457,2,1
456,684,481,3,0
456,695,457,2,1
457,641,482,3,0
457,649,458,2,1
457,650,458,2,1
457,666,458,2,1
457,676,432,0,3
457,678,458,2,1
457,684,482,3,0
457,695,458,2,1
458,632,483,3,0
458,638,483,3,0
458,641,483,3,0
458,649,459,2,1
458,650,459,2,1
458,665,483,3,0
458,666,459,2,1
458,676,433,0,3
458,678,459,2,1
458,684,483,3,0
458,694,433,0,3
458,695,459,2,1
458,708,459,2,1
459,632,484,3,0
459,641,484,3,0
459,649,460,2,1
459,650,460,2,1
459,655,484,3,0
459,665,484,3,0
459,666,460,2,1
459,676,434,0,3
459,678,460,2,1
459,684,484,3,0
459,695,460,2,1
459,708,460,2,1
460,641,485,3,0
460,649,485,3,0
460,650,435,0,3
460,666,485,3,0
460,676,435,0,3
460,678,485,3,0
460,684,485,3,0
460,695,485,3,0
460,708,485,3,0
461,632,460,1,2
461,641,460,1,2
461,649,486,3,0
461,650,436,0,3
461,655,460,1,2
461,665,460,1,2
461,666,486,3,0
461,676,460,1,2
461,678,486,3,0
461,684,460,1,2
461,695,486,3,0
461,708,486,3,0
461,721,460,1,2
462,632,461,1,2
462,641,461,1,2
462,649,487,3,0
462,650,437,0,3
462,665,461,1,2
462,666,487,3,0
462,676,461,1,2
462,678,487,3,0
462,684,461,1,2
462,695,487,3,0
462,708,487,3,0
463,641,462,1,2
463,649,488,3,0
463,650,438,0,3
463,666,488,3,0
463,676,462,1,2
463,678,488,3,0
463,684,462,1,2
463,695,488,3,0
464,641,463,1,2
464,650,439,0,3
464,666,489,3,0
464,676,463,1,2
464,678,489,3,0
464,684,463,1,2
464,695,489,3,0
465,641,464,1,2
465,650,440,0,3
465,676,464,1,2
465,678,490,3,0
465,684,464,1,2
465,695,490,3,0
466,642,465,1,2
467,642,466,1,2
467,676,468,2,1
468,641,469,2,1
468,650,443,0,3
468,676,469,2,1
468,678,493,3,0
468,684,469,2,1
468,695,493,3,0
469,641,470,2,1
469,650,444,0,3
469,666,494,3,0
469,676,470,2,1
469,678,494,3,0
469,684,470,2,1
469,695,494,3,0
470,632,471,2,1
470,641,471,2,1
470,649,495,3,0
470,650,445,0,3
470,665,471,2,1
470,666,495,3,0
470,676,471,2,1
470,678,495,3,0
470,684,471,2,1
470,695,495,3,0
471,632,472,2,1
471,638,472,2,1
471,641,472,2,1
471,649,496,3,0
471,650,446,0,3
471,665,472,2,1
471,666,496,3,0
471,676,472,2,1
471,678,496,3,0
471,684,472,2,1
471,694,472,2,1
471,695,496,3,0
471,708,496,3,0
472,632,473,2,1
472,641,473,2,1
472,649,497,3,0
472,650,447,0,3
472,655,473,2,1
472,665,473,2,1
472,666,497,3,0
472,676,473,2,1
472,678,497,3,0
472,684,473,2,1
472,695,497,3,0
472,708,497,3,0
472,721,471,1,2
473,641,498,3,0
473,649,498,3,0
473,650,448,0,3
473,666,498,3,0
473,676,448,0,3
473,678,498,3,0
473,684,498,3,0
473,695,498,3,0
473,708,498,3,0
473,721,474,2,1
474,632,499,3,0
474,638,499,3,0
474,641,499,3,0
474,649,473,1,2
474,650,473,1,2
474,665,499,3,0
474,666,473,1,2
474,676,449,0,3
474,678,473,1,2
474,684,499,3,0
474,694,449,0,3
474,695,473,1,2
474,708,473,1,2
475,632,500,2,0
475,641,500,2,0
475,649,499,3,2
475,650,499,3,2
475,665,500,2,0
475,666,499,3,2
475,676,450,0,2
475,678,499,3,2
475,684,500,2,0
475,695,499,3,2
476,641,501,3,0
476,650,475,1,1
476,666,475,1,1
476,676,451,0,3
476,678,475,1,1
476,684,501,3,0
476,695,475,1,1
477,641,502,3,0
477,650,476,1,2
477,676,452,0,3
477,678,476,1,2
477,684,502,3,0
477,695,476,1,2
478,642,479,2,1
478,676,453,0,3
480,641,505,3,0
480,650,481,2,1
480,676,455,0,3
480,678,481,2,1
480,684,505,3,0
480,695,481,2,1
481,641,506,3,0
481,650,482,2,1
481,666,482,2,1
481,676,456,0,3
481,678,482,2,1
481,684,506,3,0
481,695,482,2,1
482,641,507,3,0
482,649,483,2,1
482,650,483,2,1
482,666,483,2,1
482,676,457,0,3
482,678,483,2,1
482,684,507,3,0
482,695,483,2,1
483,632,508,3,0
483,638,508,3,0
483,641,508,3,0
483,649,484,2,1
483,650,484,2,1
483,665,508,3,0
483,666,484,2,1
483,676,458,0,3
483,678,484,2,1
483,684,508,3,0
483,694,458,0,3
483,695,484,2,1
483,708,484,2,1
484,632,509,3,0
484,641,509,3,0
484,649,485,2,1
484,650,485,2,1
484,655,509,3,0
484,665,509,3,0
484,666,485,2,1
484,676,459,0,3
484,678,485,2,1
484,684,509,3,0
484,694,459,0,3
484,695,485,2,1
484,708,485,2,1
485,641,510,3,0
485,649,510,3,0
485,650,460,0,3
485,666,510,3,0
485,676,460,0,3
485,678,510,3,0
485,684,510,3,0
485,694,460,0,3
485,695,510,3,0
486,632,485,1,2
486,641,485,1,2
486,649,511,3,0
486,650,461,0,3
486,655,485,1,2
486,665,485,1,2
486,666,511,3,0
486,676,485,1,2
486,678,511,3,0
486,684,485,1,2
486,695,511,3,0
486,708,511,3,0
486,721,485,1,2
487,632,486,1,2
487,641,486,1,2
487,649,512,3,0
487,650,462,0,3
487,665,486,1,2
487,666,512,3,0
487,676,486,1,2
487,678,512,3,0
487,684,486,1,2
487,695,512,3,0
487,708,512,3,0
488,641,487,1,2
488,649,513,3,0
488,650,463,0,3
488,666,513,3,0
488,676,487,1,2
488,678,513,3,0
488,684,487,1,2
488,695,513,3,0
489,641,488,1,2
489,650,464,0,3
489,666,514,3,0
489,676,488,1,2
489,678,514,3,0
489,684,488,1,2
489,695,514,3,0
490,641,489,1,2
490,650,465,0,3
490,676,489,1,2
490,678,515,3,0
490,684,489,1,2
490,695,515,3,0
491,642,490,1,2
492,642,491,1,2
492,676,493,2,1
493,641,494,2,1
493,650,468,0,3
493,676,494,2,1
493,678,518,3,0
493,684,494,2,1
493,695,518,3,0
494,641,495,2,1
494,650,469,0,3
494,666,519,3,0
494,676,495,2,1
494,678,519,3,0
494,684,495,2,1
494,695,519,3,0
495,632,496,2,1
495,641,496,2,1
495,649,520,3,0
495,650,470,0,3
495,665,496,2,1
495,666,520,3,0
495,676,496,2,1
495,678,520,3,0
495,684,496,2,1
495,695,520,3,0
496,632,497,2,1
496,638,497,2,1
496,641,497,2,1
496,649,521,3,0
496,650,471,0,3
496,665,497,2,1
496,666,521,3,0
496,676,497,2,1
496,678,521,3,0
496,684,497,2,1
496,694,497,2,1
496,695,521,3,0
496,708,521,3,0
497,632,498,2,1
497,641,498,2,1
497,649,522,3,0
497,650,472,0,3
497,655,498,2,1
497,665,498,2,1
497,666,522,3,0
497,676,498,2,1
497,678,522,3,0
497,684,498,2,1
497,695,522,3,0
497,708,522,3,0
497,721,496,1,2
498,641,523,3,0
498,649,523,3,0
498,650,473,0,3
498,666,523,3,0
498,676,473,0,3
498,678,523,3,0
498,684,523,3,0
498,694,473,0,3
498,695,523,3,0
498,721,499,2,1
499,632,524,3,0
499,638,524,3,0
499,641,524,3,0
499,649,498,1,2
499,650,498,1,2
499,665,524,3,0
499,666,498,1,2
499,676,474,0,3
499,678,498,1,2
499,684,524,3,0
499,694,474,0,3
499,695,498,1,2
499,708,498,1,2
500,632,525,2,0
500,641,525,2,0
500,649,524,3,2
500,650,524,3,2
500,665,525,2,0
500,666,524,3,2
500,676,475,0,2
500,678,524,3,2
500,684,525,2,0
500,695,524,3,2
501,641,526,3,0
501,650,500,1,1
501,666,500,1,1
501,676,476,0,3
501,678,500,1,1
501,684,526,3,0
501,695,500,1,1
502,641,527,3,0
502,650,501,1,2
502,676,477,0,3
502,678,501,1,2
502,684,527,3,0
502,695,501,1,2
503,642,504,2,1
503,676,478,0,3
505,641,530,3,0
505,650,506,2,1
505,676,480,0,3
505,678,506,2,1
505,684,530,3,0
505,695,506,2,1
506,641,531,3,0
506,650,507,2,1
506,666,507,2,1
506,676,481,0,3
506,678,507,2,1
506,684,531,3,0
506,695,507,2,1
507,641,532,3,0
507,649,508,2,1
507,650,508,2,1
507,666,508,2,1
507,676,482,0,3
507,678,508,2,1
507,684,532,3,0
507,695,508,2,1
508,632,533,3,0
508,638,533,3,0
508,641,533,3,0
508,649,509,2,1
508,650,509,2,1
508,665,533,3,0
508,666,509,2,1
508,676,483,0,3
508,678,509,2,1
508,684,533,3,0
508,694,533,3,0
508,695,509,2,1
508,708,509,2,1
509,632,534,3,0
509,638,534,3,0
509,641,534,3,0
509,649,510,2,1
509,650,510,2,1
509,655,534,3,0
509,665,534,3,0
509,666,510,2,1
509,676,484,0,3
509,678,510,2,1
509,684,534,3,0
509,695,510,2,1
509,708,510,2,1
510,638,535,3,0
510,641,535,3,0
510,649,535,3,0
510,650,485,0,3
510,666,535,3,0
510,676,485,0,3
510,678,535,3,0
510,684,535,3,0
510,695,535,3,0
511,632,510,1,2
511,641,510,1,2
511,649,536,3,0
511,650,486,0,3
511,655,510,1,2
511,665,510,1,2
511,666,536,3,0
511,676,510,1,2
511,678,536,3,0
511,684,510,1,2
511,695,536,3,0
511,708,536,3,0
511,721,510,1,2
512,632,511,1,2
512,641,511,1,2
512,649,537,3,0
512,650,487,0,3
512,665,511,1,2
512,666,537,3,0
512,676,511,1,2
512,678,537,3,0
512,684,511,1,2
512,695,537,3,0
512,708,537,3,0
513,641,512,1,2
513,649,538,3,0
513,650,488,0,3
513,666,538,3,0
513,676,512,1,2
513,678,538,3,0
513,684,512,1,2
513,695,538,3,0
514,641,513,1,2
514,650,489,0,3
514,666,539,3,0
514,676,513,1,2
514,678,539,3,0
514,684,513,1,2
514,695,539,3,0
515,641,514,1,2
515,650,490,0,3
515,676,514,1,2
515,678,540,3,0
515,684,514,1,2
515,695,540,3,0
516,642,515,1,2
517,642,516,1,2
517,676,518,2,1
518,641,519,2,1
518,650,493,0,3
518,676,519,2,1
518,678,543,3,0
518,684,519,2,1
518,695,543,3,0
519,641,520,2,1
519,650,494,0,3
519,666,544,3,0
519,676,520,2,1
519,678,544,3,0
519,684,520,2,1
519,695,544,3,0
520,632,521,2,1
520,641,521,2,1
520,649,545,3,0
520,650,495,0,3
520,665,521,2,1
520,666,545,3,0
520,676,521,2,1
520,678,545,3,0
520,684,521,2,1
520,695,545,3,0
521,632,522,2,1
521,638,522,2,1
521,641,522,2,1
521,649,546,3,0
521,650,496,0,3
521,665,522,2,1
521,666,546,3,0
521,676,522,2,1
521,678,546,3,0
521,684,522,2,1
521,694,522,2,1
521,695,546,3,0
521,708,546,3,0
522,632,523,2,1
522,641,523,2,1
522,649,547,3,0
522,650,497,0,3
522,655,523,2,1
522,665,523,2,1
522,666,547,3,0
522,676,523,2,1
522,678,547,3,0
522,684,523,2,1
522,695,547,3,0
522,708,547,3,0
522,721,521,1,2
523,638,548,3,0
523,641,548,3,0
523,649,548,3,0
523,650,498,0,3
523,666,548,3,0
523,676,498,0,3
523,678,548,3,0
523,684,548,3,0
523,695,548,3,0
523,721,524,2,1
524,632,549,3,0
524,638,549,3,0
524,641,549,3,0
524,649,523,1,2
524,650,523,1,2
524,665,549,3,0
524,666,523,1,2
524,676,499,0,3
524,678,523,1,2
524,684,549,3,0
524,694,549,3,0
524,695,523,1,2
524,708,523,1,2
525,632,632,11,0
525,641,550,2,0
525,649,549,3,2
525,650,549,3,2
525,665,550,2,0
525,666,549,3,2
525,676,500,0,2
525,678,549,3,2
525,684,550,2,0
525,695,549,3,2
526,641,551,3,0
526,650,525,1,1
526,666,525,1,1
526,676,501,0,3
526,678,525,1,1
526,684,551,3,0
526,695,525,1,1
527,641,552,3,0
527,650,526,1,2
527,676,502,0,3
527,678,526,1,2
527,684,552,3,0
527,695,526,1,2
528,642,529,2,1
528,676,503,0,3
530,641,555,3,0
530,650,531,2,1
530,676,505,0,3
530,678,531,2,1
530,684,555,3,0
530,695,531,2,1
531,641,556,3,0
531,650,532,2,1
531,666,532,2,1
531,676,506,0,3
531,678,532,2,1
531,684,556,3,0
531,695,532,2,1
532,641,557,3,0
532,649,533,2,1
532,650,533,2,1
532,666,533,2,1
532,676,507,0,3
532,678,533,2,1
532,684,557,3,0
532,695,533,2,1
533,632,532,1,2
533,638,638,17,0
533,641,558,3,0
533,649,534,2,1
533,650,534,2,1
533,665,558,3,0
533,666,534,2,1
533,676,508,0,3
533,678,534,2,1
533,684,558,3,0
533,694,558,3,0
533,695,534,2,1
533,708,534,2,1
534,632,533,1,2
534,638,533,1,2
534,641,559,3,0
534,649,535,2,1
534,650,535,2,1
534,655,559,3,0
534,665,559,3,0
534,666,535,2,1
534,676,509,0,3
534,678,535,2,1
534,684,559,3,0
534,695,535,2,1
534,708,535,2,1
535,632,534,1,2
535,638,534,1,2
535,641,560,3,0
535,649,560,3,0
535,650,510,0,3
535,666,560,3,0
535,676,510,0,3
535,678,560,3,0
535,684,560,3,0
535,695,560,3,0
536,632,535,1,2
536,641,535,1,2
536,649,561,3,0
536,650,511,0,3
536,655,535,1,2
536,665,535,1,2
536,666,561,3,0
536,676,535,1,2
536,678,561,3,0
536,684,535,1,2
536,695,561,3,0
536,708,561,3,0
536,721,535,1,2
537,632,536,1,2
537,641,536,1,2
537,649,562,3,0
537,650,512,0,3
537,665,536,1,2
537,666,562,3,0
537,676,536,1,2
537,678,562,3,0
537,684,536,1,2
537,695,562,3,0
537,708,562,3,0
538,641,537,1,2
538,649,563,3,0
538,650,513,0,3
538,666,563,3,0
538,676,537,1,2
538,678,563,3,0
538,684,537,1,2
538,695,563,3,0
539,641,538,1,2
539,650,514,0,3
539,666,564,3,0
539,676,538,1,2
539,678,564,3,0
539,684,538,1,2
539,695,564,3,0
540,641,539,1,2
540,650,515,0,3
540,676,539,1,2
540,678,565,3,0
540,684,539,1,2
540,695,565,3,0
541,642,540,1,2
542,642,541,1,2
542,676,543,2,1
543,641,544,2,1
543,650,518,0,3
543,676,544,2,1
543,678,568,3,0
543,684,544,2,1
543,695,568,3,0
544,641,545,2,1
544,650,519,0,3
544,666,569,3,0
544,676,545,2,1
544,678,569,3,0
544,684,545,2,1
544,695,569,3,0
545,632,546,2,1
545,641,546,2,1
545,649,570,3,0
545,650,520,0,3
545,665,546,2,1
545,666,570,3,0
545,676,546,2,1
545,678,570,3,0
545,684,546,2,1
545,695,570,3,0
546,632,547,2,1
546,638,547,2,1
546,641,547,2,1
546,649,571,3,0
546,650,521,0,3
546,665,547,2,1
546,666,571,3,0
546,676,547,2,1
546,678,571,3,0
546,684,547,2,1
546,694,547,2,1
546,695,571,3,0
546,708,571,3,0
547,632,548,2,1
547,641,548,2,1
547,649,572,3,0
547,650,522,0,3
547,655,548,2,1
547,665,548,2,1
547,666,572,3,0
547,676,548,2,1
547,678,572,3,0
547,684,548,2,1
547,695,572,3,0
547,708,572,3,0
547,721,546,1,2
548,632,549,2,1
548,638,549,2,1
548,641,573,3,0
548,649,573,3,0
548,650,523,0,3
548,666,573,3,0
548,676,523,0,3
548,678,573,3,0
548,684,573,3,0
548,695,573,3,0
548,721,549,2,1
549,632,525,2,3
549,641,574,3,0
549,649,548,1,2
549,650,548,1,2
549,665,574,3,0
549,666,548,1,2
549,676,524,0,3
549,678,548,1,2
549,684,574,3,0
549,694,574,3,0
549,695,548,1,2
549,708,548,1,2
550,632,525,0,2
550,641,575,2,0
550,649,574,3,2
550,650,574,3,2
550,665,575,2,0
550,666,574,3,2
550,676,525,0,2
550,678,574,3,2
550,684,575,2,0
550,695,574,3,2
551,641,576,3,0
551,650,550,1,1
551,666,550,1,1
551,676,526,0,3
551,678,550,1,1
551,684,576,3,0
551,695,550,1,1
552,641,577,3,0
552,650,551,1,2
552,676,527,0,3
552,678,551,1,2
552,684,577,3,0
552,695,551,1,2
553,642,554,2,1
553,676,528,0,3
555,641,580,3,0
555,650,556,2,1
555,676,530,0,3
555,678,556,2,1
555,684,580,3,0
555,695,556,2,1
556,641,581,3,0
556,650,557,2,1
556,666,557,2,1
556,676,531,0,3
556,678,557,2,1
556,684,581,3,0
556,695,557,2,1
557,641,582,3,0
557,649,558,2,1
557,650,558,2,1
557,666,558,2,1
557,676,532,0,3
557,678,558,2,1
557,684,582,3,0
557,695,558,2,1
558,632,533,0,3
558,638,533,0,3
558,641,583,3,0
558,649,559,2,1
558,650,559,2,1
558,665,583,3,0
558,666,559,2,1
558,676,533,0,3
558,678,559,2,1
558,684,583,3,0
558,694,583,3,0
558,695,559,2,1
558,708,559,2,1
559,632,534,0,3
559,641,584,3,0
559,649,560,2,1
559,650,560,2,1
559,655,584,3,0
559,665,584,3,0
559,666,560,2,1
559,676,534,0,3
559,678,560,2,1
559,684,584,3,0
559,695,560,2,1
559,708,560,2,1
560,632,535,0,3
560,641,585,3,0
560,649,585,3,0
560,650,535,0,3
560,666,585,3,0
560,676,535,0,3
560,678,585,3,0
560,684,585,3,0
561,632,560,1,2
561,641,560,1,2
561,649,586,3,0
561,650,536,0,3
561,655,560,1,2
561,665,560,1,2
561,666,586,3,0
561,676,560,1,2
561,678,586,3,0
561,684,560,1,2
561,695,586,3,0
561,708,586,3,0
561,721,560,1,2
562,632,561,1,2
562,641,561,1,2
562,649,587,3,0
562,650,537,0,3
562,665,561,1,2
562,666,587,3,0
562,676,561,1,2
562,678,587,3,0
562,684,561,1,2
562,695,587,3,0
562,708,587,3,0
563,641,562,1,2
563,649,588,3,0
563,650,538,0,3
563,666,588,3,0
563,676,562,1,2
563,678,588,3,0
563,684,562,1,2
563,695,588,3,0
564,641,563,1,2
564,650,539,0,3
564,666,589,3,0
564,676,563,1,2
564,678,589,3,0
564,684,563,1,2
564,695,589,3,0
565,641,564,1,2
565,650,540,0,3
565,676,564,1,2
565,678,590,3,0
565,684,564,1,2
565,695,590,3,0
566,642,565,1,2
567,642,566,1,2
567,676,568,2,1
568,641,569,2,1
568,650,543,0,3
568,676,569,2,1
568,678,593,3,0
568,684,569,2,1
568,695,593,3,0
569,641,570,2,1
569,650,544,0,3
569,666,594,3,0
569,676,570,2,1
569,678,594,3,0
569,684,570,2,1
569,695,594,3,0
570,632,571,2,1
570,641,571,2,1
570,649,595,3,0
570,650,545,0,3
570,665,571,2,1
570,666,595,3,0
570,676,571,2,1
570,678,595,3,0
570,684,571,2,1
570,695,595,3,0
571,632,572,2,1
571,638,572,2,1
571,641,572,2,1
571,649,596,3,0
571,650,546,0,3
571,665,572,2,1
571,666,596,3,0
571,676,572,2,1
571,678,596,3,0
571,684,572,2,1
571,694,572,2,1
571,695,596,3,0
571,708,596,3,0
572,632,573,2,1
572,641,573,2,1
572,649,597,3,0
572,650,547,0,3
572,655,573,2,1
572,665,573,2,1
572,666,597,3,0
572,676,573,2,1
572,678,597,3,0
572,684,573,2,1
572,695,597,3,0
572,708,597,3,0
572,721,571,1,2
573,632,548,0,3
573,641,598,3,0
573,649,598,3,0
573,650,548,0,3
573,666,598,3,0
573,676,548,0,3
573,678,598,3,0
573,684,598,3,0
573,721,574,2,1
574,632,549,0,3
574,638,549,0,3
574,641,599,3,0
574,649,573,1,2
574,650,573,1,2
574,665,599,3,0
574,666,573,1,2
574,676,549,0,3
574,678,573,1,2
574,684,599,3,0
574,694,599,3,0
574,695,573,1,2
574,708,573,1,2
575,632,550,0,2
575,641,600,2,0
575,649,599,3,2
575,650,599,3,2
575,665,665,44,0
575,666,599,3,2
575,676,550,0,2
575,678,599,3,2
575,684,600,2,0
575,695,599,3,2
576,641,601,3,0
576,650,575,1,1
576,666,575,1,1
576,676,551,0,3
576,678,575,1,1
576,684,601,3,0
576,695,575,1,1
577,641,602,3,0
577,650,576,1,2
577,676,552,0,3
577,678,576,1,2
577,684,602,3,0
577,695,576,1,2
578,642,579,2,1
578,676,553,0,3
580,641,605,3,0
580,650,581,2,1
580,676,555,0,3
580,678,581,2,1
580,684,605,3,0
580,695,581,2,1
581,641,606,3,0
581,650,582,2,1
581,666,582,2,1
581,676,556,0,3
581,678,582,2,1
581,684,606,3,0
581,695,582,2,1
582,641,607,3,0
582,649,583,2,1
582,650,583,2,1
582,666,583,2,1
582,676,557,0,3
582,678,583,2,1
582,684,607,3,0
582,695,583,2,1
583,632,558,0,3
583,638,558,0,3
583,641,608,3,0
583,649,584,2,1
583,650,584,2,1
583,665,582,1,2
583,666,584,2,1
583,676,558,0,3
583,678,584,2,1
583,684,608,3,0
583,694,608,3,0
583,695,584,2,1
583,708,584,2,1
584,632,559,0,3
584,641,609,3,0
584,649,585,2,1
584,650,585,2,1
584,655,609,3,0
584,665,583,1,2
584,666,585,2,1
584,676,559,0,3
584,678,585,2,1
584,684,609,3,0
584,695,585,2,1
584,708,585,2,1
585,632,560,0,3
585,641,610,3,0
585,649,610,3,0
585,650,560,0,3
585,665,584,1,2
585,666,610,3,0
585,676,560,0,3
585,678,610,3,0
585,684,610,3,0
585,695,586,2,1
586,632,585,1,2
586,641,585,1,2
586,649,611,3,0
586,650,561,0,3
586,655,585,1,2
586,665,585,1,2
586,666,611,3,0
586,676,585,1,2
586,678,611,3,0
586,684,585,1,2
586,695,587,2,1
586,708,611,3,0
586,721,585,1,2
587,632,586,1,2
587,641,586,1,2
587,649,612,3,0
587,650,562,0,3
587,665,586,1,2
587,666,612,3,0
587,676,586,1,2
587,678,612,3,0
587,684,586,1,2
587,695,588,2,1
587,708,612,3,0
588,641,587,1,2
588,649,613,3,0
588,650,563,0,3
588,666,613,3,0
588,676,587,1,2
588,678,613,3,0
588,684,587,1,2
588,695,589,2,1
589,641,588,1,2
589,650,564,0,3
589,666,614,3,0
589,676,588,1,2
589,678,614,3,0
589,684,588,1,2
589,695,590,2,1
590,641,589,1,2
590,650,565,0,3
590,676,589,1,2
590,678,615,3,0
590,684,589,1,2
590,695,695,74,0
591,642,590,1,2
592,642,591,1,2
592,676,593,2,1
593,641,594,2,1
593,650,568,0,3
593,676,594,2,1
593,678,618,3,0
593,684,594,2,1
593,695,592,1,2
594,641,595,2,1
594,650,569,0,3
594,666,619,3,0
594,676,595,2,1
594,678,619,3,0
594,684,595,2,1
594,695,593,1,2
595,632,596,2,1
595,641,596,2,1
595,649,620,3,0
595,650,570,0,3
595,665,596,2,1
595,666,620,3,0
595,676,596,2,1
595,678,620,3,0
595,684,596,2,1
595,695,594,1,2
596,632,597,2,1
596,638,597,2,1
596,641,597,2,1
596,649,621,3,0
596,650,571,0,3
596,665,597,2,1
596,666,621,3,0
596,676,597,2,1
596,678,621,3,0
596,684,597,2,1
596,694,597,2,1
596,695,595,1,2
596,708,621,3,0
597,632,598,2,1
597,641,598,2,1
597,649,622,3,0
597,650,572,0,3
597,655,598,2,1
597,665,598,2,1
597,666,622,3,0
597,676,598,2,1
597,678,622,3,0
597,684,598,2,1
597,695,596,1,2
597,708,622,3,0
597,721,596,1,2
598,632,573,0,3
598,641,623,3,0
598,649,623,3,0
598,650,573,0,3
598,665,599,2,1
598,666,623,3,0
598,676,573,0,3
598,678,623,3,0
598,684,623,3,0
598,695,597,1,2
598,721,599,2,1
599,632,574,0,3
599,638,574,0,3
599,641,624,3,0
599,649,598,1,2
599,650,598,1,2
599,665,575,2,3
599,666,598,1,2
599,676,574,0,3
599,678,598,1,2
599,684,624,3,0
599,694,624,3,0
599,695,598,1,2
599,708,598,1,2
600,632,575,0,2
600,641,0,2,3
600,649,624,3,2
600,650,624,3,2
600,665,575,0,2
600,666,624,3,2
600,676,0,2,3
600,678,624,3,2
600,684,0,2,3
600,695,624,3,2
601,641,1,3,3
601,650,600,1,1
601,666,600,1,1
601,676,1,3,3
601,678,600,1,1
601,684,1,3,3
601,695,600,1,1
602,641,2,3,3
602,650,601,1,2
602,676,2,3,3
602,678,601,1,2
602,684,2,3,3
602,695,601,1,2
603,642,604,2,1
603,676,3,3,3
605,641,5,3,3
605,650,606,2,1
605,676,5,3,3
605,678,606,2,1
605,684,5,3,3
605,695,606,2,1
606,641,6,3,3
606,650,607,2,1
606,666,607,2,1
606,676,6,3,3
606,678,607,2,1
606,684,6,3,3
606,695,607,2,1
607,641,7,3,3
607,649,608,2,1
607,650,608,2,1
607,666,608,2,1
607,676,7,3,3
607,678,608,2,1
607,684,7,3,3
607,695,608,2,1
608,632,583,0,3
608,638,583,0,3
608,641,8,3,3
608,649,609,2,1
608,650,609,2,1
608,665,583,0,3
608,666,609,2,1
608,676,8,3,3
608,678,609,2,1
608,684,8,3,3
608,694,8,3,3
608,695,609,2,1
608,708,609,2,1
609,632,584,0,3
609,641,9,3,3
609,649,610,2,1
609,650,610,2,1
609,655,9,3,3
609,665,584,0,3
609,666,610,2,1
609,676,9,3,3
609,678,610,2,1
609,684,9,3,3
609,695,610,2,1
609,708,610,2,1
610,632,585,0,3
610,641,10,3,3
610,649,10,3,3
610,650,585,0,3
610,665,585,0,3
610,666,10,3,3
610,676,10,3,3
610,678,10,3,3
610,684,10,3,3
610,695,585,0,3
611,632,610,1,2
611,641,610,1,2
611,649,11,3,3
611,650,586,0,3
611,655,610,1,2
611,665,610,1,2
611,666,11,3,3
611,676,610,1,2
611,678,11,3,3
611,684,610,1,2
611,695,586,0,3
611,708,11,3,3
611,721,610,1,2
612,632,611,1,2
612,641,611,1,2
612,649,12,3,3
612,650,587,0,3
612,665,611,1,2
612,666,12,3,3
612,676,611,1,2
612,678,12,3,3
612,684,611,1,2
612,695,587,0,3
612,708,12,3,3
613,641,612,1,2
613,649,13,3,3
613,650,588,0,3
613,666,13,3,3
613,676,612,1,2
613,678,13,3,3
613,684,612,1,2
613,695,588,0,3
614,641,613,1,2
614,650,589,0,3
614,666,14,3,3
614,676,613,1,2
614,678,14,3,3
614,684,613,1,2
614,695,589,0,3
615,641,614,1,2
615,650,590,0,3
615,676,614,1,2
615,678,15,3,3
615,684,614,1,2
615,695,590,0,3
616,642,615,1,2
617,642,616,1,2
617,676,618,2,1
618,641,619,2,1
618,650,593,0,3
618,676,619,2,1
618,678,18,3,3
618,684,619,2,1
618,695,593,0,3
619,641,620,2,1
619,650,594,0,3
619,666,19,3,3
619,676,620,2,1
619,678,19,3,3
619,684,620,2,1
619,695,594,0,3
620,632,621,2,1
620,641,621,2,1
620,649,20,3,3
620,650,595,0,3
620,665,621,2,1
620,666,20,3,3
620,676,621,2,1
620,678,20,3,3
620,684,621,2,1
620,695,595,0,3
621,632,622,2,1
621,638,622,2,1
621,641,622,2,1
621,649,21,3,3
621,650,596,0,3
621,665,622,2,1
621,666,21,3,3
621,676,622,2,1
621,678,21,3,3
621,684,622,2,1
621,694,622,2,1
621,695,596,0,3
621,708,21,3,3
622,632,623,2,1
622,641,623,2,1
622,649,22,3,3
622,650,597,0,3
622,655,623,2,1
622,665,623,2,1
622,666,22,3,3
622,676,623,2,1
622,678,22,3,3
622,684,623,2,1
622,695,597,0,3
622,708,22,3,3
622,721,621,1,2
623,632,598,0,3
623,641,23,3,3
623,649,23,3,3
623,650,598,0,3
623,665,598,0,3
623,666,23,3,3
623,676,23,3,3
623,678,23,3,3
623,684,23,3,3
623,695,598,0,3
623,721,624,2,1
624,632,599,0,3
624,638,599,0,3
624,641,24,3,3
624,649,623,1,2
624,650,623,1,2
624,665,599,0,3
624,666,623,1,2
624,676,24,3,3
624,678,623,1,2
624,684,24,3,3
624,694,24,3,3
624,695,623,1,2
624,708,623,1,2
632,625,525,0,11
632,626,525,0,11
632,627,525,0,11
632,628,525,0,11
632,629,525,0,11
632,630,525,0,11
632,631,525,0,11
632,633,525,0,11
632,634,525,0,11
632,635,525,0,11
632,636,525,0,11
632,637,525,0,11
632,638,525,0,11
632,639,525,0,11
632,640,525,0,11
632,641,525,0,11
632,642,525,0,11
632,643,525,0,11
632,644,525,0,11
632,645,525,0,11
632,646,525,0,11
632,647,525,0,11
632,648,525,0,11
632,649,525,0,11
632,650,525,0,11
632,651,525,0,11
632,652,525,0,11
632,653,525,0,11
632,654,525,0,11
632,655,525,0,11
632,656,525,0,11
632,657,525,0,11
632,658,525,0,11
632,659,525,0,11
632,660,525,0,11
632,661,525,0,11
632,662,525,0,11
632,663,525,0,11
632,664,525,0,11
632,665,525,0,11
632,666,525,0,11
632,667,525,0,11
632,668,525,0,11
632,669,525,0,11
632,670,525,0,11
632,671,525,0,11
632,672,525,0,11
632,673,525,0,11
632,674,525,0,11
632,675,525,0,11
632,676,525,0,11
632,677,525,0,11
632,678,525,0,11
632,679,525,0,11
632,680,525,0,11
632,681,525,0,11
632,682,525,0,11
632,683,525,0,11
632,684,525,0,11
632,685,525,0,11
632,686,525,0,11
632,687,525,0,11
632,688,525,0,11
632,689,525,0,11
632,690,525,0,11
632,691,525,0,11
632,692,525,0,11
632,693,525,0,11
632,694,525,0,11
632,695,525,0,11
632,696,525,0,11
632,697,525,0,11
632,698,525,0,11
632,699,525,0,11
632,700,525,0,11
632,701,525,0,11
632,702,525,0,11
632,703,525,0,11
632,704,525,0,11
632,705,525,0,11
632,706,525,0,11
632,707,525,0,11
632,708,525,0,11
632,709,525,0,11
632,710,525,0,11
632,711,525,0,11
632,712,525,0,11
632,713,525,0,11
632,714,525,0,11
632,715,525,0,11
632,716,525,0,11
632,717,525,0,11
632,718,525,0,11
632,719,525,0,11
632,720,525,0,11
632,721,525,0,11
632,722,525,0,11
632,723,525,0,11
632,724,525,0,11
638,625,533,0,17
638,626,533,0,17
638,627,533,0,17
638,628,533,0,17
638,629,533,0,17
638,630,533,0,17
638,631,533,0,17
638,632,533,0,17
638,633,533,0,17
638,634,533,0,17
638,635,533,0,17
638,636,533,0,17
638,637,533,0,17
638,639,533,0,17
638,640,533,0,17
638,641,533,0,17
638,642,533,0,17
638,643,533,0,17
638,644,533,0,17
638,645,533,0,17
638,646,533,0,17
638,647,533,0,17
638,648,533,0,17
638,649,533,0,17
638,650,533,0,17
638,651,533,0,17
638,652,533,0,17
638,653,533,0,17
638,654,533,0,17
638,655,533,0,17
638,656,533,0,17
638,657,533,0,17
638,658,533,0,17
638,659,533,0,17
638,660,533,0,17
638,661,533,0,17
638,662,533,0,17
638,663,533,0,17
638,664,533,0,17
638,665,533,0,17
638,666,533,0,17
638,667,533,0,17
638,668,533,0,17
638,669,533,0,17
638,670,533,0,17
638,671,533,0,17
638,672,533,0,17
638,673,533,0,17
638,674,533,0,17
638,675,533,0,17
638,676,533,0,17
638,677,533,0,17
638,678,533,0,17
638,679,533,0,17
638,680,533,0,17
638,681,533,0,17
638,682,533,0,17
638,683,533,0,17
638,684,533,0,17
638,685,533,0,17
638,686,533,0,17
638,687,533,0,17
638,688,533,0,17
638,689,533,0,17
638,690,533,0,17
638,691,533,0,17
638,692,533,0,17
638,693,533,0,17
638,694,533,0,17
638,695,533,0,17
638,696,533,0,17
638,697,533,0,17
638,698,533,0,17
638,699,533,0,17
638,700,533,0,17
638,701,533,0,17
638,702,533,0,17
638,703,533,0,17
638,704,533,0,17
638,705,533,0,17
638,706,533,0,17
638,707,533,0,17
638,708,533,0,17
638,709,533,0,17
638,710,533,0,17
638,711,533,0,17
638,712,533,0,17
638,713,533,0,17
638,714,533,0,17
638,715,533,0,17
638,716,533,0,17
638,717,533,0,17
638,718,533,0,17
638,719,533,0,17
638,720,533,0,17
638,721,533,0,17
638,722,533,0,17
638,723,533,0,17
638,724,533,0,17
641,625,55,0,20
641,626,55,0,20
641,627,55,0,20
641,628,55,0,20
641,629,55,0,20
641,630,55,0,20
641,631,55,0,20
641,632,55,0,20
641,633,55,0,20
641,634,55,0,20
641,635,55,0,20
641,636,55,0,20
641,637,55,0,20
641,638,55,0,20
641,639,55,0,20
641,640,55,0,20
641,642,55,0,20
641,643,55,0,20
641,644,55,0,20
641,645,55,0,20
641,646,55,0,20
641,647,55,0,20
641,648,55,0,20
641,649,55,0,20
641,650,55,0,20
641,651,55,0,20
641,652,55,0,20
641,653,55,0,20
641,654,55,0,20
641,655,55,0,20
641,656,55,0,20
641,657,55,0,20
641,658,55,0,20
641,659,55,0,20
641,660,55,0,20
641,661,55,0,20
641,662,55,0,20
641,663,55,0,20
641,664,55,0,20
641,665,55,0,20
641,666,55,0,20
641,667,55,0,20
641,668,55,0,20
641,669,55,0,20
641,670,55,0,20
641,671,55,0,20
641,672,55,0,20
641,673,55,0,20
641,674,55,0,20
641,675,55,0,20
641,676,55,0,20
641,677,55,0,20
641,678,55,0,20
641,679,55,0,20
641,680,55,0,20
641,681,55,0,20
641,682,55,0,20
641,683,55,0,20
641,684,55,0,20
641,685,55,0,20
641,686,55,0,20
641,687,55,0,20
641,688,55,0,20
641,689,55,0,20
641,690,55,0,20
641,691,55,0,20
641,692,55,0,20
641,693,55,0,20
641,694,55,0,20
641,695,55,0,20
641,696,55,0,20
641,697,55,0,20
641,698,55,0,20
641,699,55,0,20
641,700,55,0,20
641,701,55,0,20
641,702,55,0,20
641,703,55,0,20
641,704,55,0,20
641,705,55,0,20
641,706,55,0,20
641,707,55,0,20
641,708,55,0,20
641,709,55,0,20
641,710,55,0,20
641,711,55,0,20
641,712,55,0,20
641,713,55,0,20
641,714,55,0,20
641,715,55,0,20
641,716,55,0,20
641,717,55,0,20
641,718,55,0,20
641,719,55,0,20
641,720,55,0,20
641,721,55,0,20
641,722,55,0,20
641,723,55,0,20
641,724,55,0,20
642,625,440,0,21
642,626,440,0,21
642,627,440,0,21
642,628,440,0,21
642,629,440,0,21
642,630,440,0,21
642,631,440,0,21
642,632,440,0,21
642,633,440,0,21
642,634,440,0,21
642,635,440,0,21
642,636,440,0,21
642,637,440,0,21
642,638,440,0,21
642,639,440,0,21
642,640,440,0,21
642,641,440,0,21
642,643,440,0,21
642,644,440,0,21
642,645,440,0,21
642,646,440,0,21
642,647,440,0,21
642,648,440,0,21
642,649,440,0,21
642,650,440,0,21
642,651,440,0,21
642,652,440,0,21
642,653,440,0,21
642,654,440,0,21
642,655,440,0,21
642,656,440,0,21
642,657,440,0,21
642,658,440,0,21
642,659,440,0,21
642,660,440,0,21
642,661,440,0,21
642,662,440,0,21
642,663,440,0,21
642,664,440,0,21
642,665,440,0,21
642,666,440,0,21
642,667,440,0,21
642,668,440,0,21
642,669,440,0,21
642,670,440,0,21
642,671,440,0,21
642,672,440,0,21
642,673,440,0,21
642,674,440,0,21
642,675,440,0,21
642,676,440,0,21
642,677,440,0,21
642,678,440,0,21
642,679,440,0,21
642,680,440,0,21
642,681,440,0,21
642,682,440,0,21
642,683,440,0,21
642,684,440,0,21
642,685,440,0,21
642,686,440,0,21
642,687,440,0,21
642,688,440,0,21
642,689,440,0,21
642,690,440,0,21
642,691,440,0,21
642,692,440,0,21
642,693,440,0,21
642,694,440,0,21
642,695,440,0,21
642,696,440,0,21
642,697,440,0,21
642,698,440,0,21
642,699,440,0,21
642,700,440,0,21
642,701,440,0,21
642,702,440,0,21
642,703,440,0,21
642,704,440,0,21
642,705,440,0,21
642,706,440,0,21
642,707,440,0,21
642,708,440,0,21
642,709,440,0,21
642,710,440,0,21
642,711,440,0,21
642,712,440,0,21
642,713,440,0,21
642,714,440,0,21
642,715,440,0,21
642,716,440,0,21
642,717,440,0,21
642,718,440,0,21
642,719,440,0,21
642,720,440,0,21
642,721,440,0,21
642,722,440,0,21
642,723,440,0,21
642,724,440,0,21
649,625,138,0,28
649,626,138,0,28
649,627,138,0,28
649,628,138,0,28
649,629,138,0,28
649,630,138,0,28
649,631,138,0,28
649,632,138,0,28
649,633,138,0,28
649,634,138,0,28
649,635,138,0,28
649,636,138,0,28
649,637,138,0,28
649,638,138,0,28
649,639,138,0,28
649,640,138,0,28
649,641,138,0,28
649,642,138,0,28
649,643,138,0,28
649,644,138,0,28
649,645,138,0,28
649,646,138,0,28
649,647,138,0,28
649,648,138,0,28
649,650,138,0,28
649,651,138,0,28
649,652,138,0,28
649,653,138,0,28
649,654,138,0,28
649,655,138,0,28
649,656,138,0,28
649,657,138,0,28
649,658,138,0,28
649,659,138,0,28
649,660,138,0,28
649,661,138,0,28
649,662,138,0,28
649,663,138,0,28
649,664,138,0,28
649,665,138,0,28
649,666,138,0,28
649,667,138,0,28
649,668,138,0,28
649,669,138,0,28
649,670,138,0,28
649,671,138,0,28
649,672,138,0,28
649,673,138,0,28
649,674,138,0,28
649,675,138,0,28
649,676,138,0,28
649,677,138,0,28
649,678,138,0,28
649,679,138,0,28
649,680,138,0,28
649,681,138,0,28
649,682,138,0,28
649,683,138,0,28
649,684,138,0,28
649,685,138,0,28
649,686,138,0,28
649,687,138,0,28
649,688,138,0,28
649,689,138,0,28
649,690,138,0,28
649,691,138,0,28
649,692,138,0,28
649,693,138,0,28
649,694,138,0,28
649,695,138,0,28
649,696,138,0,28
649,697,138,0,28
649,698,138,0,28
649,699,138,0,28
649,700,138,0,28
649,701,138,0,28
649,702,138,0,28
649,703,138,0,28
649,704,138,0,28
649,705,138,0,28
649,706,138,0,28
649,707,138,0,28
649,708,138,0,28
649,709,138,0,28
649,710,138,0,28
649,711,138,0,28
649,712,138,0,28
649,713,138,0,28
649,714,138,0,28
649,715,138,0,28
649,716,138,0,28
649,717,138,0,28
649,718,138,0,28
649,719,138,0,28
649,720,138,0,28
649,721,138,0,28
649,722,138,0,28
649,723,138,0,28
649,724,138,0,28
650,625,415,0,29
650,626,415,0,29
650,627,415,0,29
650,628,415,0,29
650,629,415,0,29
650,630,415,0,29
650,631,415,0,29
650,632,415,0,29
650,633,415,0,29
650,634,415,0,29
650,635,415,0,29
650,636,415,0,29
650,637,415,0,29
650,638,415,0,29
650,639,415,0,29
650,640,415,0,29
650,641,415,0,29
650,642,415,0,29
650,643,415,0,29
650,644,415,0,29
650,645,415,0,29
650,646,415,0,29
650,647,415,0,29
650,648,415,0,29
650,649,415,0,29
650,651,415,0,29
650,652,415,0,29
650,653,415,0,29
650,654,415,0,29
650,655,415,0,29
650,656,415,0,29
650,657,415,0,29
650,658,415,0,29
650,659,415,0,29
650,660,415,0,29
650,661,415,0,29
650,662,415,0,29
650,663,415,0,29
650,664,415,0,29
650,665,415,0,29
650,666,415,0,29
650,667,415,0,29
650,668,415,0,29
650,669,415,0,29
650,670,415,0,29
650,671,415,0,29
650,672,415,0,29
650,673,415,0,29
650,674,415,0,29
650,675,415,0,29
650,676,415,0,29
650,677,415,0,29
650,678,415,0,29
650,679,415,0,29
650,680,415,0,29
650,681,415,0,29
650,682,415,0,29
650,683,415,0,29
650,684,415,0,29
650,685,415,0,29
650,686,415,0,29
650,687,415,0,29
650,688,415,0,29
650,689,415,0,29
650,690,415,0,29
650,691,415,0,29
650,692,415,0,29
650,693,415,0,29
650,694,415,0,29
650,695,415,0,29
650,696,415,0,29
650,697,415,0,29
650,698,415,0,29
650,699,415,0,29
650,700,415,0,29
650,701,415,0,29
650,702,415,0,29
650,703,415,0,29
650,704,415,0,29
650,705,415,0,29
650,706,415,0,29
650,707,415,0,29
650,708,415,0,29
650,709,415,0,29
650,710,415,0,29
650,711,415,0,29
650,712,415,0,29
650,713,415,0,29
650,714,415,0,29
650,715,415,0,29
650,716,415,0,29
650,717,415,0,29
650,718,415,0,29
650,719,415,0,29
650,720,415,0,29
650,721,415,0,29
650,722,415,0,29
650,723,415,0,29
650,724,415,0,29
655,625,109,0,34
655,626,109,0,34
655,627,109,0,34
655,628,109,0,34
655,629,109,0,34
655,630,109,0,34
655,631,109,0,34
655,632,109,0,34
655,633,109,0,34
655,634,109,0,34
655,635,109,0,34
655,636,109,0,34
655,637,109,0,34
655,638,109,0,34
655,639,109,0,34
655,640,109,0,34
655,641,109,0,34
655,642,109,0,34
655,643,109,0,34
655,644,109,0,34
655,645,109,0,34
655,646,109,0,34
655,647,109,0,34
655,648,109,0,34
655,649,109,0,34
655,650,109,0,34
655,651,109,0,34
655,652,109,0,34
655,653,109,0,34
655,654,109,0,34
655,656,109,0,34
655,657,109,0,34
655,658,109,0,34
655,659,109,0,34
655,660,109,0,34
655,661,109,0,34
655,662,109,0,34
655,663,109,0,34
655,664,109,0,34
655,665,109,0,34
655,666,109,0,34
655,667,109,0,34
655,668,109,0,34
655,669,109,0,34
655,670,109,0,34
655,671,109,0,34
655,672,109,0,34
655,673,109,0,34
655,674,109,0,34
655,675,109,0,34
655,676,109,0,34
655,677,109,0,34
655,678,109,0,34
655,679,109,0,34
655,680,109,0,34
655,681,109,0,34
655,682,109,0,34
655,683,109,0,34
655,684,109,0,34
655,685,109,0,34
655,686,109,0,34
655,687,109,0,34
655,688,109,0,34
655,689,109,0,34
655,690,109,0,34
655,691,109,0,34
655,692,109,0,34
655,693,109,0,34
655,694,109,0,34
655,695,109,0,34
655,696,109,0,34
655,697,109,0,34
655,698,109,0,34
655,699,109,0,34
655,700,109,0,34
655,701,109,0,34
655,702,109,0,34
655,703,109,0,34
655,704,109,0,34
655,705,109,0,34
655,706,109,0,34
655,707,109,0,34
655,708,109,0,34
655,709,109,0,34
655,710,109,0,34
655,711,109,0,34
655,712,109,0,34
655,713,109,0,34
655,714,109,0,34
655,715,109,0,34
655,716,109,0,34
655,717,109,0,34
655,718,109,0,34
655,719,109,0,34
655,720,109,0,34
655,721,109,0,34
655,722,109,0,34
655,723,109,0,34
655,724,109,0,34
665,625,575,0,44
665,626,575,0,44
665,627,575,0,44
665,628,575,0,44
665,629,575,0,44
665,630,575,0,44
665,631,575,0,44
665,632,575,0,44
665,633,575,0,44
665,634,575,0,44
665,635,575,0,44
665,636,575,0,44
665,637,575,0,44
665,638,575,0,44
665,639,575,0,44
665,640,575,0,44
665,641,575,0,44
665,642,575,0,44
665,643,575,0,44
665,644,575,0,44
665,645,575,0,44
665,646,575,0,44
665,647,575,0,44
665,648,575,0,44
665,649,575,0,44
665,650,575,0,44
665,651,575,0,44
665,652,575,0,44
665,653,575,0,44
665,654,575,0,44
665,655,575,0,44
665,656,575,0,44
665,657,575,0,44
665,658,575,0,44
665,659,575,0,44
665,660,575,0,44
665,661,575,0,44
665,662,575,0,44
665,663,575,0,44
665,664,575,0,44
665,666,575,0,44
665,667,575,0,44
665,668,575,0,44
665,669,575,0,44
665,670,575,0,44
665,671,575,0,44
665,672,575,0,44
665,673,575,0,44
665,674,575,0,44
665,675,575,0,44
665,676,575,0,44
665,677,575,0,44
665,678,575,0,44
665,679,575,0,44
665,680,575,0,44
665,681,575,0,44
665,682,575,0,44
665,683,575,0,44
665,684,575,0,44
665,685,575,0,44
665,686,575,0,44
665,687,575,0,44
665,688,575,0,44
665,689,575,0,44
665,690,575,0,44
665,691,575,0,44
665,692,575,0,44
665,693,575,0,44
665,694,575,0,44
665,695,575,0,44
665,696,575,0,44
665,697,575,0,44
665,698,575,0,44
665,699,575,0,44
665,700,575,0,44
665,701,575,0,44
665,702,575,0,44
665,703,575,0,44
665,704,575,0,44
665,705,575,0,44
665,706,575,0,44
665,707,575,0,44
665,708,575,0,44
665,709,575,0,44
665,710,575,0,44
665,711,575,0,44
665,712,575,0,44
665,713,575,0,44
665,714,575,0,44
665,715,575,0,44
665,716,575,0,44
665,717,575,0,44
665,718,575,0,44
665,719,575,0,44
665,720,575,0,44
665,721,575,0,44
665,722,575,0,44
665,723,575,0,44
665,724,575,0,44
666,625,64,0,45
666,626,64,0,45
666,627,64,0,45
666,628,64,0,45
666,629,64,0,45
666,630,64,0,45
666,631,64,0,45
666,632,64,0,45
666,633,64,0,45
666,634,64,0,45
666,635,64,0,45
666,636,64,0,45
666,637,64,0,45
666,638,64,0,45
666,639,64,0,45
666,640,64,0,45
666,641,64,0,45
666,642,64,0,45
666,643,64,0,45
666,644,64,0,45
666,645,64,0,45
666,646,64,0,45
666,647,64,0,45
666,648,64,0,45
666,649,64,0,45
666,650,64,0,45
666,651,64,0,45
666,652,64,0,45
666,653,64,0,45
666,654,64,0,45
666,655,64,0,45
666,656,64,0,45
666,657,64,0,45
666,658,64,0,45
666,659,64,0,45
666,660,64,0,45
666,661,64,0,45
666,662,64,0,45
666,663,64,0,45
666,664,64,0,45
666,665,64,0,45
666,667,64,0,45
666,668,64,0,45
666,669,64,0,45
666,670,64,0,45
666,671,64,0,45
666,672,64,0,45
666,673,64,0,45
666,674,64,0,45
666,675,64,0,45
666,676,64,0,45
666,677,64,0,45
666,678,64,0,45
666,679,64,0,45
666,680,64,0,45
666,681,64,0,45
666,682,64,0,45
666,683,64,0,45
666,684,64,0,45
666,685,64,0,45
666,686,64,0,45
666,687,64,0,45
666,688,64,0,45
666,689,64,0,45
666,690,64,0,45
666,691,64,0,45
666,692,64,0,45
666,693,64,0,45
666,694,64,0,45
666,695,64,0,45
666,696,64,0,45
666,697,64,0,45
666,698,64,0,45
666,699,64,0,45
666,700,64,0,45
666,701,64,0,45
666,702,64,0,45
666,703,64,0,45
666,704,64,0,45
666,705,64,0,45
666,706,64,0,45
666,707,64,0,45
666,708,64,0,45
666,709,64,0,45
666,710,64,0,45
666,711,64,0,45
666,712,64,0,45
666,713,64,0,45
666,714,64,0,45
666,715,64,0,45
666,716,64,0,45
666,717,64,0,45
666,718,64,0,45
666,719,64,0,45
666,720,64,0,45
666,721,64,0,45
666,722,64,0,45
666,723,64,0,45
666,724,64,0,45
676,625,278,0,55
676,626,278,0,55
676,627,278,0,55
676,628,278,0,55
676,629,278,0,55
676,630,278,0,55
676,631,278,0,55
676,632,278,0,55
676,633,278,0,55
676,634,278,0,55
676,635,278,0,55
676,636,278,0,55
676,637,278,0,55
676,638,278,0,55
676,639,278,0,55
676,640,278,0,55
676,641,278,0,55
676,642,278,0,55
676,643,278,0,55
676,644,278,0,55
676,645,278,0,55
676,646,278,0,55
676,647,278,0,55
676,648,278,0,55
676,649,278,0,55
676,650,278,0,55
676,651,278,0,55
676,652,278,0,55
676,653,278,0,55
676,654,278,0,55
676,655,278,0,55
676,656,278,0,55
676,657,278,0,55
676,658,278,0,55
676,659,278,0,55
676,660,278,0,55
676,661,278,0,55
676,662,278,0,55
676,663,278,0,55
676,664,278,0,55
676,665,278,0,55
676,666,278,0,55
676,667,278,0,55
676,668,278,0,55
676,669,278,0,55
676,670,278,0,55
676,671,278,0,55
676,672,278,0,55
676,673,278,0,55
676,674,278,0,55
676,675,278,0,55
676,677,278,0,55
676,678,278,0,55
676,679,278,0,55
676,680,278,0,55
676,681,278,0,55
676,682,278,0,55
676,683,278,0,55
676,684,278,0,55
676,685,278,0,55
676,686,278,0,55
676,687,278,0,55
676,688,278,0,55
676,689,278,0,55
676,690,278,0,55
676,691,278,0,55
676,692,278,0,55
676,693,278,0,55
676,694,278,0,55
676,695,278,0,55
676,696,278,0,55
676,697,278,0,55
676,698,278,0,55
676,699,278,0,55
676,700,278,0,55
676,701,278,0,55
676,702,278,0,55
676,703,278,0,55
676,704,278,0,55
676,705,278,0,55
676,706,278,0,55
676,707,278,0,55
676,708,278,0,55
676,709,278,0,55
676,710,278,0,55
676,711,278,0,55
676,712,278,0,55
676,713,278,0,55
676,714,278,0,55
676,715,278,0,55
676,716,278,0,55
676,717,278,0,55
676,718,278,0,55
676,719,278,0,55
676,720,278,0,55
676,721,278,0,55
676,722,278,0,55
676,723,278,0,55
676,724,278,0,55
678,625,140,0,57
678,626,140,0,57
678,627,140,0,57
678,628,140,0,57
678,629,140,0,57
678,630,140,0,57
678,631,140,0,57
678,632,140,0,57
678,633,140,0,57
678,634,140,0,57
678,635,140,0,57
678,636,140,0,57
678,637,140,0,57
678,638,140,0,57
678,639,140,0,57
678,640,140,0,57
678,641,140,0,57
678,642,140,0,57
678,643,140,0,57
678,644,140,0,57
678,645,140,0,57
678,646,140,0,57
678,647,140,0,57
678,648,140,0,57
678,649,140,0,57
678,650,140,0,57
678,651,140,0,57
678,652,140,0,57
678,653,140,0,57
678,654,140,0,57
678,655,140,0,57
678,656,140,0,57
678,657,140,0,57
678,658,140,0,57
678,659,140,0,57
678,660,140,0,57
678,661,140,0,57
678,662,140,0,57
678,663,140,0,57
678,664,140,0,57
678,665,140,0,57
678,666,140,0,57
678,667,140,0,57
678,668,140,0,57
678,669,140,0,57
678,670,140,0,57
678,671,140,0,57
678,672,140,0,57
678,673,140,0,57
678,674,140,0,57
678,675,140,0,57
678,676,140,0,57
678,677,140,0,57
678,679,140,0,57
678,680,140,0,57
678,681,140,0,57
678,682,140,0,57
678,683,140,0,57
678,684,140,0,57
678,685,140,0,57
678,686,140,0,57
678,687,140,0,57
678,688,140,0,57
678,689,140,0,57
678,690,140,0,57
678,691,140,0,57
678,692,140,0,57
678,693,140,0,57
678,694,140,0,57
678,695,140,0,57
678,696,140,0,57
678,697,140,0,57
678,698,140,0,57
678,699,140,0,57
678,700,140,0,57
678,701,140,0,57
678,702,140,0,57
678,703,140,0,57
678,704,140,0,57
678,705,140,0,57
678,706,140,0,57
678,707,140,0,57
678,708,140,0,57
678,709,140,0,57
678,710,140,0,57
678,711,140,0,57
678,712,140,0,57
678,713,140,0,57
678,714,140,0,57
678,715,140,0,57
678,716,140,0,57
678,717,140,0,57
678,718,140,0,57
678,719,140,0,57
678,720,140,0,57
678,721,140,0,57
678,722,140,0,57
678,723,140,0,57
678,724,140,0,57
684,625,30,0,63
684,626,30,0,63
684,627,30,0,63
684,628,30,0,63
684,629,30,0,63
684,630,30,0,63
684,631,30,0,63
684,632,30,0,63
684,633,30,0,63
684,634,30,0,63
684,635,30,0,63
684,636,30,0,63
684,637,30,0,63
684,638,30,0,63
684,639,30,0,63
684,640,30,0,63
684,641,30,0,63
684,642,30,0,63
684,643,30,0,63
684,644,30,0,63
684,645,30,0,63
684,646,30,0,63
684,647,30,0,63
684,648,30,0,63
684,649,30,0,63
684,650,30,0,63
684,651,30,0,63
684,652,30,0,63
684,653,30,0,63
684,654,30,0,63
684,655,30,0,63
684,656,30,0,63
684,657,30,0,63
684,658,30,0,63
684,659,30,0,63
684,660,30,0,63
684,661,30,0,63
684,662,30,0,63
684,663,30,0,63
684,664,30,0,63
684,665,30,0,63
684,666,30,0,63
684,667,30,0,63
684,668,30,0,63
684,669,30,0,63
684,670,30,0,63
684,671,30,0,63
684,672,30,0,63
684,673,30,0,63
684,674,30,0,63
684,675,30,0,63
684,676,30,0,63
684,677,30,0,63
684,678,30,0,63
684,679,30,0,63
684,680,30,0,63
684,681,30,0,63
684,682,30,0,63
684,683,30,0,63
684,685,30,0,63
684,686,30,0,63
684,687,30,0,63
684,688,30,0,63
684,689,30,0,63
684,690,30,0,63
684,691,30,0,63
684,692,30,0,63
684,693,30,0,63
684,694,30,0,63
684,695,30,0,63
684,696,30,0,63
684,697,30,0,63
684,698,30,0,63
684,699,30,0,63
684,700,30,0,63
684,701,30,0,63
684,702,30,0,63
684,703,30,0,63
684,704,30,0,63
684,705,30,0,63
684,706,30,0,63
684,707,30,0,63
684,708,30,0,63
684,709,30,0,63
684,710,30,0,63
684,711,30,0,63
684,712,30,0,63
684,713,30,0,63
684,714,30,0,63
684,715,30,0,63
684,716,30,0,63
684,717,30,0,63
684,718,30,0,63
684,719,30,0,63
684,720,30,0,63
684,721,30,0,63
684,722,30,0,63
684,723,30,0,63
684,724,30,0,63
694,625,183,0,73
694,626,183,0,73
694,627,183,0,73
694,628,183,0,73
694,629,183,0,73
694,630,183,0,73
694,631,183,0,73
694,632,183,0,73
694,633,183,0,73
694,634,183,0,73
694,635,183,0,73
694,636,183,0,73
694,637,183,0,73
694,638,183,0,73
694,639,183,0,73
694,640,183,0,73
694,641,183,0,73
694,642,183,0,73
694,643,183,0,73
694,644,183,0,73
694,645,183,0,73
694,646,183,0,73
694,647,183,0,73
694,648,183,0,73
694,649,183,0,73
694,650,183,0,73
694,651,183,0,73
694,652,183,0,73
694,653,183,0,73
694,654,183,0,73
694,655,183,0,73
694,656,183,0,73
694,657,183,0,73
694,658,183,0,73
694,659,183,0,73
694,660,183,0,73
694,661,183,0,73
694,662,183,0,73
694,663,183,0,73
694,664,183,0,73
694,665,183,0,73
694,666,183,0,73
694,667,183,0,73
694,668,183,0,73
694,669,183,0,73
694,670,183,0,73
694,671,183,0,73
694,672,183,0,73
694,673,183,0,73
694,674,183,0,73
694,675,183,0,73
694,676,183,0,73
694,677,183,0,73
694,678,183,0,73
694,679,183,0,73
694,680,183,0,73
694,681,183,0,73
694,682,183,0,73
694,683,183,0,73
694,684,183,0,73
694,685,183,0,73
694,686,183,0,73
694,687,183,0,73
694,688,183,0,73
694,689,183,0,73
694,690,183,0,73
694,691,183,0,73
694,692,183,0,73
694,693,183,0,73
694,695,183,0,73
694,696,183,0,73
694,697,183,0,73
694,698,183,0,73
694,699,183,0,73
694,700,183,0,73
694,701,183,0,73
694,702,183,0,73
694,703,183,0,73
694,704,183,0,73
694,705,183,0,73
694,706,183,0,73
694,707,183,0,73
694,708,183,0,73
694,709,183,0,73
694,710,183,0,73
694,711,183,0,73
694,712,183,0,73
694,713,183,0,73
694,714,183,0,73
694,715,183,0,73
694,716,183,0,73
694,717,183,0,73
694,718,183,0,73
694,719,183,0,73
694,720,183,0,73
694,721,183,0,73
694,722,183,0,73
694,723,183,0,73
694,724,183,0,73
695,625,590,0,74
695,626,590,0,74
695,627,590,0,74
695,628,590,0,74
695,629,590,0,74
695,630,590,0,74
695,631,590,0,74
695,632,590,0,74
695,633,590,0,74
695,634,590,0,74
695,635,590,0,74
695,636,590,0,74
695,637,590,0,74
695,638,590,0,74
695,639,590,0,74
695,640,590,0,74
695,641,590,0,74
695,642,590,0,74
695,643,590,0,74
695,644,590,0,74
695,645,590,0,74
695,646,590,0,74
695,647,590,0,74
695,648,590,0,74
695,649,590,0,74
695,650,590,0,74
695,651,590,0,74
695,652,590,0,74
695,653,590,0,74
695,654,590,0,74
695,655,590,0,74
695,656,590,0,74
695,657,590,0,74
695,658,590,0,74
695,659,590,0,74
695,660,590,0,74
695,661,590,0,74
695,662,590,0,74
695,663,590,0,74
695,664,590,0,74
695,665,590,0,74
695,666,590,0,74
695,667,590,0,74
695,668,590,0,74
695,669,590,0,74
695,670,590,0,74
695,671,590,0,74
695,672,590,0,74
695,673,590,0,74
695,674,590,0,74
695,675,590,0,74
695,676,590,0,74
695,677,590,0,74
695,678,590,0,74
695,679,590,0,74
695,680,590,0,74
695,681,590,0,74
695,682,590,0,74
695,683,590,0,74
695,684,590,0,74
695,685,590,0,74
695,686,590,0,74
695,687,590,0,74
695,688,590,0,74
695,689,590,0,74
695,690,590,0,74
695,691,590,0,74
695,692,590,0,74
695,693,590,0,74
695,694,590,0,74
695,696,590,0,74
695,697,590,0,74
695,698,590,0,74
695,699,590,0,74
695,700,590,0,74
695,701,590,0,74
695,702,590,0,74
695,703,590,0,74
695,704,590,0,74
695,705,590,0,74
695,706,590,0,74
695,707,590,0,74
695,708,590,0,74
695,709,590,0,74
695,710,590,0,74
695,711,590,0,74
695,712,590,0,74
695,713,590,0,74
695,714,590,0,74
695,715,590,0,74
695,716,590,0,74
695,717,590,0,74
695,718,590,0,74
695,719,590,0,74
695,720,590,0,74
695,721,590,0,74
695,722,590,0,74
695,723,590,0,74
695,724,590,0,74
708,625,12,0,87
708,626,12,0,87
708,627,12,0,87
708,628,12,0,87
708,629,12,0,87
708,630,12,0,87
708,631,12,0,87
708,632,12,0,87
708,633,12,0,87
708,634,12,0,87
708,635,12,0,87
708,636,12,0,87
708,637,12,0,87
708,638,12,0,87
708,639,12,0,87
708,640,12,0,87
708,641,12,0,87
708,642,12,0,87
708,643,12,0,87
708,644,12,0,87
708,645,12,0,87
708,646,12,0,87
708,647,12,0,87
708,648,12,0,87
708,649,12,0,87
708,650,12,0,87
708,651,12,0,87
708,652,12,0,87
708,653,12,0,87
708,654,12,0,87
708,655,12,0,87
708,656,12,0,87
708,657,12,0,87
708,658,12,0,87
708,659,12,0,87
708,660,12,0,87
708,661,12,0,87
708,662,12,0,87
708,663,12,0,87
708,664,12,0,87
708,665,12,0,87
708,666,12,0,87
708,667,12,0,87
708,668,12,0,87
708,669,12,0,87
708,670,12,0,87
708,671,12,0,87
708,672,12,0,87
708,673,12,0,87
708,674,12,0,87
708,675,12,0,87
708,676,12,0,87
708,677,12,0,87
708,678,12,0,87
708,679,12,0,87
708,680,12,0,87
708,681,12,0,87
708,682,12,0,87
708,683,12,0,87
708,684,12,0,87
708,685,12,0,87
708,686,12,0,87
708,687,12,0,87
708,688,12,0,87
708,689,12,0,87
708,690,12,0,87
708,691,12,0,87
708,692,12,0,87
708,693,12,0,87
708,694,12,0,87
708,695,12,0,87
708,696,12,0,87
708,697,12,0,87
708,698,12,0,87
708,699,12,0,87
708,700,12,0,87
708,701,12,0,87
708,702,12,0,87
708,703,12,0,87
708,704,12,0,87
708,705,12,0,87
708,706,12,0,87
708,707,12,0,87
708,709,12,0,87
708,710,12,0,87
708,711,12,0,87
708,712,12,0,87
708,713,12,0,87
708,714,12,0,87
708,715,12,0,87
708,716,12,0,87
708,717,12,0,87
708,718,12,0,87
708,719,12,0,87
708,720,12,0,87
708,721,12,0,87
708,722,12,0,87
708,723,12,0,87
708,724,12,0,87
721,625,110,0,100
721,626,110,0,100
721,627,110,0,100
721,628,110,0,100
721,629,110,0,100
721,630,110,0,100
721,631,110,0,100
721,632,110,0,100
721,633,110,0,100
721,634,110,0,100
721,635,110,0,100
721,636,110,0,100
721,637,110,0,100
721,638,110,0,100
721,639,110,0,100
721,640,110,0,100
721,641,110,0,100
721,642,110,0,100
721,643,110,0,100
721,644,110,0,100
721,645,110,0,100
721,646,110,0,100
721,647,110,0,100
721,648,110,0,100
721,649,110,0,100
721,650,110,0,100
721,651,110,0,100
721,652,110,0,100
721,653,110,0,100
721,654,110,0,100
721,655,110,0,100
721,656,110,0,100
721,657,110,0,100
721,658,110,0,100
721,659,110,0,100
721,660,110,0,100
721,661,110,0,100
721,662,110,0,100
721,663,110,0,100
721,664,110,0,100
721,665,110,0,100
721,666,110,0,100
721,667,110,0,100
721,668,110,0,100
721,669,110,0,100
721,670,110,0,100
721,671,110,0,100
721,672,110,0,100
721,673,110,0,100
721,674,110,0,100
721,675,110,0,100
721,676,110,0,100
721,677,110,0,100
721,678,110,0,100
721,679,110,0,100
721,680,110,0,100
721,681,110,0,100
721,682,110,0,100
721,683,110,0,100
721,684,110,0,100
721,685,110,0,100
721,686,110,0,100
721,687,110,0,100
721,688,110,0,100
721,689,110,0,100
721,690,110,0,100
721,691,110,0,100
721,692,110,0,100
721,693,110,0,100
721,694,110,0,100
721,695,110,0,100
721,696,110,0,100
721,697,110,0,100
721,698,110,0,100
721,699,110,0,100
721,700,110,0,100
721,701,110,0,100
721,702,110,0,100
721,703,110,0,100
721,704,110,0,100
721,705,110,0,100
721,706,110,0,100
721,707,110,0,100
721,708,110,0,100
721,709,110,0,100
721,710,110,0,100
721,711,110,0,100
721,712,110,0,100
721,713,110,0,100
721,714,110,0,100
721,715,110,0,100
721,716,110,0,100
721,717,110,0,100
721,718,110,0,100
721,719,110,0,100
721,720,110,0,100
721,722,110,0,100
721,723,110,0,100
721,724,110,0,100
