gs_id,time_ns,old_sat,new_sat
0,0,-1,6
1,0,-1,355
2,0,-1,608
3,0,-1,380
4,0,-1,126
5,0,-1,542
6,0,-1,389
7,0,-1,95
8,0,-1,163
9,0,-1,276
10,0,-1,205
11,0,-1,283
12,0,-1,189
13,0,-1,412
14,0,-1,152
15,0,-1,13
16,0,-1,56
17,0,-1,416
18,0,-1,541
19,0,-1,383
20,0,-1,41
21,0,-1,60
22,0,-1,544
23,0,-1,417
24,0,-1,357
25,0,-1,55
26,0,-1,564
27,0,-1,163
28,0,-1,516
29,0,-1,451
30,0,-1,85
31,0,-1,393
32,0,-1,608
33,0,-1,388
34,0,-1,92
35,0,-1,7
36,0,-1,38
37,0,-1,129
38,0,-1,389
39,0,-1,136
40,0,-1,145
41,0,-1,306
42,0,-1,14
43,0,-1,153
44,0,-1,331
45,0,-1,254
46,0,-1,567
47,0,-1,161
48,0,-1,39
49,0,-1,182
50,0,-1,379
51,0,-1,592
52,0,-1,356
53,0,-1,405
54,0,-1,8
55,0,-1,127
56,0,-1,278
57,0,-1,232
58,0,-1,357
59,0,-1,390
60,0,-1,358
61,0,-1,531
62,0,-1,151
63,0,-1,394
64,0,-1,588
65,0,-1,78
66,0,-1,205
67,0,-1,61
68,0,-1,65
69,0,-1,62
70,0,-1,230
71,0,-1,413
72,0,-1,358
73,0,-1,188
74,0,-1,404
75,0,-1,7
76,0,-1,36
77,0,-1,208
78,0,-1,12
79,0,-1,115
80,0,-1,207
81,0,-1,110
82,0,-1,582
83,0,-1,158
84,0,-1,332
85,0,-1,388
86,0,-1,55
87,0,-1,111
88,0,-1,64
89,0,-1,502
90,0,-1,331
91,0,-1,210
92,0,-1,39
93,0,-1,89
94,0,-1,616
95,0,-1,282
96,0,-1,135
97,0,-1,258
98,0,-1,381
99,0,-1,139
0,60000000000,6,-1
1,60000000000,355,-1
2,60000000000,608,-1
3,60000000000,380,-1
4,60000000000,126,-1
5,60000000000,542,-1
6,60000000000,389,-1
7,60000000000,95,-1
8,60000000000,163,-1
9,60000000000,276,-1
10,60000000000,205,-1
11,60000000000,283,-1
12,60000000000,189,382
13,60000000000,412,509
14,60000000000,152,-1
15,60000000000,13,-1
16,60000000000,56,-1
17,60000000000,416,-1
18,60000000000,541,180
19,60000000000,383,237
20,60000000000,41,-1
21,60000000000,60,11
22,60000000000,544,277
23,60000000000,417,-1
24,60000000000,357,-1
25,60000000000,55,-1
26,60000000000,564,132
27,60000000000,163,308
28,60000000000,516,155
29,60000000000,451,-1
30,60000000000,85,36
31,60000000000,393,-1
32,60000000000,608,-1
33,60000000000,388,363
34,60000000000,92,403
35,60000000000,7,-1
36,60000000000,38,13
37,60000000000,129,442
38,60000000000,389,582
39,60000000000,136,160
40,60000000000,145,-1
41,60000000000,306,-1
42,60000000000,14,231
43,60000000000,153,-1
44,60000000000,331,89
45,60000000000,254,-1
46,60000000000,567,253
47,60000000000,161,185
48,60000000000,39,-1
49,60000000000,182,-1
50,60000000000,379,-1
51,60000000000,592,-1
52,60000000000,356,-1
53,60000000000,405,-1
54,60000000000,8,-1
55,60000000000,127,369
56,60000000000,278,-1
57,60000000000,232,-1
58,60000000000,357,-1
59,60000000000,390,-1
60,60000000000,358,212
61,60000000000,531,-1
62,60000000000,151,-1
63,60000000000,394,127
64,60000000000,588,-1
65,60000000000,78,-1
66,60000000000,205,541
67,60000000000,61,134
68,60000000000,65,-1
69,60000000000,62,159
70,60000000000,230,-1
71,60000000000,413,-1
72,60000000000,358,333
73,60000000000,188,-1
74,60000000000,404,92
75,60000000000,7,31
76,60000000000,36,109
77,60000000000,208,-1
78,60000000000,12,133
79,60000000000,115,139
80,60000000000,207,-1
81,60000000000,110,-1
82,60000000000,582,-1
83,60000000000,158,-1
84,60000000000,332,-1
85,60000000000,388,-1
86,60000000000,55,391
87,60000000000,111,135
88,60000000000,64,-1
89,60000000000,502,119
90,60000000000,331,-1
91,60000000000,210,-1
92,60000000000,39,-1
93,60000000000,89,306
94,60000000000,616,255
95,60000000000,282,-1
96,60000000000,135,86
97,60000000000,258,-1
98,60000000000,381,-1
99,60000000000,139,-1
0,120000000000,-1,5
1,120000000000,-1,90
2,120000000000,-1,462
3,120000000000,-1,115
7,120000000000,-1,525
8,120000000000,-1,357
9,120000000000,-1,519
10,120000000000,-1,565
11,120000000000,-1,137
12,120000000000,382,-1
13,120000000000,509,533
14,120000000000,-1,418
15,120000000000,-1,182
16,120000000000,-1,55
17,120000000000,-1,79
18,120000000000,180,540
19,120000000000,237,358
20,120000000000,-1,40
21,120000000000,11,84
22,120000000000,277,543
23,120000000000,-1,103
24,120000000000,-1,138
25,120000000000,-1,415
26,120000000000,132,563
27,120000000000,308,162
28,120000000000,155,515
30,120000000000,36,60
31,120000000000,-1,102
32,120000000000,-1,462
33,120000000000,363,557
34,120000000000,403,-1
35,120000000000,-1,438
36,120000000000,13,207
37,120000000000,442,128
38,120000000000,582,388
39,120000000000,160,-1
40,120000000000,-1,575
41,120000000000,-1,64
42,120000000000,231,-1
44,120000000000,89,-1
46,120000000000,253,-1
47,120000000000,185,-1
48,120000000000,-1,256
49,120000000000,-1,613
51,120000000000,-1,278
52,120000000000,-1,114
53,120000000000,-1,140
54,120000000000,-1,487
55,120000000000,369,126
56,120000000000,-1,567
57,120000000000,-1,38
58,120000000000,-1,163
59,120000000000,-1,30
60,120000000000,212,-1
61,120000000000,-1,289
63,120000000000,127,-1
64,120000000000,-1,157
66,120000000000,541,204
67,120000000000,134,36
68,120000000000,-1,330
69,120000000000,159,183
70,120000000000,-1,590
71,120000000000,-1,607
72,120000000000,333,187
73,120000000000,-1,357
74,120000000000,92,403
75,120000000000,31,414
76,120000000000,109,60
77,120000000000,-1,62
78,120000000000,133,-1
79,120000000000,139,356
80,120000000000,-1,13
81,120000000000,-1,85
82,120000000000,-1,363
83,120000000000,-1,12
84,120000000000,-1,138
85,120000000000,-1,412
86,120000000000,391,-1
87,120000000000,135,-1
88,120000000000,-1,281
89,120000000000,119,-1
90,120000000000,-1,89
91,120000000000,-1,234
92,120000000000,-1,38
93,120000000000,306,-1
94,120000000000,255,615
95,120000000000,-1,88
96,120000000000,86,110
97,120000000000,-1,112
98,120000000000,-1,139
99,120000000000,-1,356
0,180000000000,5,-1
1,180000000000,90,-1
2,180000000000,462,437
3,180000000000,115,379
4,180000000000,-1,344
5,180000000000,-1,228
6,180000000000,-1,606
7,180000000000,525,500
8,180000000000,357,332
9,180000000000,519,-1
10,180000000000,565,204
11,180000000000,137,258
12,180000000000,-1,188
13,180000000000,533,411
14,180000000000,418,-1
15,180000000000,182,-1
16,180000000000,55,-1
17,180000000000,79,-1
18,180000000000,540,-1
19,180000000000,358,212
20,180000000000,40,329
21,180000000000,84,35
22,180000000000,543,-1
23,180000000000,103,-1
24,180000000000,138,-1
25,180000000000,415,-1
26,180000000000,563,-1
27,180000000000,162,-1
28,180000000000,515,-1
29,180000000000,-1,44
30,180000000000,60,-1
31,180000000000,102,-1
32,180000000000,462,-1
33,180000000000,557,-1
35,180000000000,438,-1
36,180000000000,207,-1
37,180000000000,128,-1
38,180000000000,388,-1
39,180000000000,-1,135
40,180000000000,575,550
41,180000000000,64,-1
43,180000000000,-1,442
44,180000000000,-1,330
45,180000000000,-1,253
47,180000000000,-1,160
48,180000000000,256,-1
49,180000000000,613,588
50,180000000000,-1,378
51,180000000000,278,-1
52,180000000000,114,-1
53,180000000000,140,404
54,180000000000,487,462
55,180000000000,126,-1
56,180000000000,567,-1
57,180000000000,38,-1
58,180000000000,163,-1
59,180000000000,30,-1
60,180000000000,-1,333
61,180000000000,289,530
62,180000000000,-1,369
64,180000000000,157,132
66,180000000000,204,-1
67,180000000000,36,-1
68,180000000000,330,64
69,180000000000,183,61
70,180000000000,590,-1
71,180000000000,607,-1
72,180000000000,187,-1
73,180000000000,357,-1
74,180000000000,403,-1
75,180000000000,414,-1
76,180000000000,60,11
77,180000000000,62,-1
79,180000000000,356,380
80,180000000000,13,-1
81,180000000000,85,-1
82,180000000000,363,-1
83,180000000000,12,-1
84,180000000000,138,-1
85,180000000000,412,-1
87,180000000000,-1,159
88,180000000000,281,-1
89,180000000000,-1,501
90,180000000000,89,-1
91,180000000000,234,185
92,180000000000,38,-1
94,180000000000,615,-1
95,180000000000,88,281
96,180000000000,110,-1
97,180000000000,112,87
98,180000000000,139,-1
99,180000000000,356,-1
2,240000000000,437,607
3,240000000000,379,-1
4,240000000000,344,125
5,240000000000,228,541
6,240000000000,606,388
7,240000000000,500,94
8,240000000000,332,162
9,240000000000,-1,275
10,240000000000,204,-1
11,240000000000,258,282
12,240000000000,188,406
13,240000000000,411,-1
14,240000000000,-1,151
15,240000000000,-1,12
19,240000000000,212,382
20,240000000000,329,-1
21,240000000000,35,59
23,240000000000,-1,416
24,240000000000,-1,356
25,240000000000,-1,54
29,240000000000,44,450
30,240000000000,-1,84
31,240000000000,-1,392
32,240000000000,-1,607
33,240000000000,-1,387
34,240000000000,-1,91
35,240000000000,-1,6
36,240000000000,-1,37
39,240000000000,135,-1
40,240000000000,550,144
41,240000000000,-1,305
42,240000000000,-1,13
43,240000000000,442,152
44,240000000000,330,-1
45,240000000000,253,-1
46,240000000000,-1,566
47,240000000000,160,-1
48,240000000000,-1,38
49,240000000000,588,181
50,240000000000,378,-1
51,240000000000,-1,591
53,240000000000,404,-1
54,240000000000,462,7
56,240000000000,-1,277
57,240000000000,-1,231
58,240000000000,-1,356
59,240000000000,-1,389
60,240000000000,333,211
61,240000000000,530,-1
62,240000000000,369,150
63,240000000000,-1,417
64,240000000000,132,587
65,240000000000,-1,391
67,240000000000,-1,60
68,240000000000,64,-1
69,240000000000,61,-1
70,240000000000,-1,229
71,240000000000,-1,606
72,240000000000,-1,357
73,240000000000,-1,187
75,240000000000,-1,30
76,240000000000,11,35
77,240000000000,-1,207
78,240000000000,-1,11
79,240000000000,380,114
80,240000000000,-1,206
81,240000000000,-1,109
82,240000000000,-1,581
83,240000000000,-1,157
84,240000000000,-1,331
85,240000000000,-1,387
86,240000000000,-1,54
87,240000000000,159,110
88,240000000000,-1,63
89,240000000000,501,-1
90,240000000000,-1,330
91,240000000000,185,209
93,240000000000,-1,88
95,240000000000,281,-1
96,240000000000,-1,134
97,240000000000,87,257
98,240000000000,-1,380
99,240000000000,-1,138
1,300000000000,-1,354
2,300000000000,607,-1
4,300000000000,125,-1
5,300000000000,541,-1
6,300000000000,388,-1
7,300000000000,94,-1
8,300000000000,162,-1
9,300000000000,275,-1
11,300000000000,282,-1
12,300000000000,406,381
13,300000000000,-1,508
14,300000000000,151,-1
15,300000000000,12,-1
18,300000000000,-1,203
19,300000000000,382,236
21,300000000000,59,-1
22,300000000000,-1,276
23,300000000000,416,-1
24,300000000000,356,-1
25,300000000000,54,-1
26,300000000000,-1,131
27,300000000000,-1,307
28,300000000000,-1,154
29,300000000000,450,-1
30,300000000000,84,35
31,300000000000,392,-1
32,300000000000,607,-1
33,300000000000,387,362
34,300000000000,91,-1
35,300000000000,6,-1
36,300000000000,37,12
37,300000000000,-1,441
38,300000000000,-1,581
39,300000000000,-1,159
40,300000000000,144,-1
41,300000000000,305,-1
42,300000000000,13,-1
43,300000000000,152,-1
44,300000000000,-1,88
46,300000000000,566,252
47,300000000000,-1,184
48,300000000000,38,-1
49,300000000000,181,-1
51,300000000000,591,-1
52,300000000000,-1,355
54,300000000000,7,-1
55,300000000000,-1,368
56,300000000000,277,-1
57,300000000000,231,-1
58,300000000000,356,-1
59,300000000000,389,-1
60,300000000000,211,-1
61,300000000000,-1,288
62,300000000000,150,-1
63,300000000000,417,126
64,300000000000,587,-1
65,300000000000,391,77
66,300000000000,-1,540
67,300000000000,60,133
69,300000000000,-1,158
70,300000000000,229,-1
71,300000000000,606,-1
72,300000000000,357,332
73,300000000000,187,-1
74,300000000000,-1,91
75,300000000000,30,-1
76,300000000000,35,108
77,300000000000,207,-1
78,300000000000,11,108
79,300000000000,114,138
80,300000000000,206,-1
81,300000000000,109,-1
82,300000000000,581,-1
83,300000000000,157,-1
84,300000000000,331,-1
85,300000000000,387,-1
86,300000000000,54,78
87,300000000000,110,134
88,300000000000,63,-1
89,300000000000,-1,118
90,300000000000,330,-1
91,300000000000,209,-1
92,300000000000,-1,256
93,300000000000,88,305
94,300000000000,-1,254
96,300000000000,134,-1
97,300000000000,257,-1
98,300000000000,380,-1
99,300000000000,138,-1
0,360000000000,-1,388
1,360000000000,354,89
2,360000000000,-1,461
3,360000000000,-1,114
4,360000000000,-1,368
7,360000000000,-1,549
8,360000000000,-1,356
9,360000000000,-1,518
10,360000000000,-1,564
11,360000000000,-1,136
12,360000000000,381,-1
13,360000000000,508,532
14,360000000000,-1,417
15,360000000000,-1,181
16,360000000000,-1,54
17,360000000000,-1,78
18,360000000000,203,-1
19,360000000000,236,357
20,360000000000,-1,328
21,360000000000,-1,83
22,360000000000,276,300
23,360000000000,-1,102
24,360000000000,-1,331
25,360000000000,-1,414
26,360000000000,131,562
27,360000000000,307,161
28,360000000000,154,514
30,360000000000,35,59
31,360000000000,-1,101
32,360000000000,-1,461
33,360000000000,362,556
34,360000000000,-1,402
35,360000000000,-1,437
36,360000000000,12,206
37,360000000000,441,127
38,360000000000,581,387
39,360000000000,159,-1
40,360000000000,-1,599
41,360000000000,-1,63
42,360000000000,-1,230
44,360000000000,88,-1
45,360000000000,-1,590
46,360000000000,252,-1
47,360000000000,184,-1
48,360000000000,-1,255
49,360000000000,-1,612
51,360000000000,-1,277
52,360000000000,355,113
53,360000000000,-1,139
54,360000000000,-1,486
55,360000000000,368,125
56,360000000000,-1,566
57,360000000000,-1,37
58,360000000000,-1,162
59,360000000000,-1,29
61,360000000000,288,-1
62,360000000000,-1,199
63,360000000000,126,-1
64,360000000000,-1,156
65,360000000000,77,-1
66,360000000000,540,203
67,360000000000,133,35
68,360000000000,-1,329
69,360000000000,158,182
70,360000000000,-1,589
72,360000000000,332,186
73,360000000000,-1,356
74,360000000000,91,402
75,360000000000,-1,413
76,360000000000,108,10
77,360000000000,-1,61
78,360000000000,108,132
79,360000000000,138,355
80,360000000000,-1,12
81,360000000000,-1,84
82,360000000000,-1,387
83,360000000000,-1,11
84,360000000000,-1,137
85,360000000000,-1,411
86,360000000000,78,390
87,360000000000,134,-1
88,360000000000,-1,280
89,360000000000,118,500
90,360000000000,-1,88
91,360000000000,-1,233
92,360000000000,256,255
93,360000000000,305,-1
94,360000000000,254,614
95,360000000000,-1,87
96,360000000000,-1,109
97,360000000000,-1,111
98,360000000000,-1,138
99,360000000000,-1,355
0,420000000000,388,4
1,420000000000,89,-1
2,420000000000,461,436
3,420000000000,114,378
4,420000000000,368,343
5,420000000000,-1,227
6,420000000000,-1,605
7,420000000000,549,524
8,420000000000,356,331
9,420000000000,518,324
10,420000000000,564,203
11,420000000000,136,257
12,420000000000,-1,187
13,420000000000,532,410
14,420000000000,417,-1
15,420000000000,181,-1
16,420000000000,54,-1
17,420000000000,78,-1
18,420000000000,-1,539
19,420000000000,357,211
20,420000000000,328,-1
21,420000000000,83,34
22,420000000000,300,542
23,420000000000,102,-1
24,420000000000,331,137
25,420000000000,414,-1
26,420000000000,562,-1
27,420000000000,161,-1
28,420000000000,514,-1
29,420000000000,-1,43
30,420000000000,59,-1
31,420000000000,101,-1
32,420000000000,461,-1
33,420000000000,556,-1
34,420000000000,402,-1
35,420000000000,437,-1
36,420000000000,206,-1
37,420000000000,127,-1
38,420000000000,387,-1
39,420000000000,-1,183
40,420000000000,599,143
41,420000000000,63,-1
42,420000000000,230,-1
43,420000000000,-1,441
44,420000000000,-1,329
45,420000000000,590,252
47,420000000000,-1,159
48,420000000000,255,-1
49,420000000000,612,180
50,420000000000,-1,377
51,420000000000,277,-1
52,420000000000,113,-1
53,420000000000,139,403
54,420000000000,486,461
55,420000000000,125,-1
56,420000000000,566,-1
57,420000000000,37,-1
58,420000000000,162,-1
59,420000000000,29,-1
60,420000000000,-1,332
61,420000000000,-1,529
62,420000000000,199,368
64,420000000000,156,131
66,420000000000,203,-1
67,420000000000,35,-1
68,420000000000,329,63
69,420000000000,182,60
70,420000000000,589,-1
72,420000000000,186,-1
73,420000000000,356,-1
74,420000000000,402,-1
75,420000000000,413,-1
76,420000000000,10,83
77,420000000000,61,-1
78,420000000000,132,-1
79,420000000000,355,379
80,420000000000,12,-1
81,420000000000,84,-1
82,420000000000,387,580
83,420000000000,11,181
84,420000000000,137,-1
85,420000000000,411,-1
86,420000000000,390,414
87,420000000000,-1,158
88,420000000000,280,-1
89,420000000000,500,-1
90,420000000000,88,-1
91,420000000000,233,184
92,420000000000,255,-1
94,420000000000,614,-1
95,420000000000,87,280
96,420000000000,109,-1
97,420000000000,111,86
98,420000000000,138,-1
99,420000000000,355,-1
0,480000000000,4,-1
2,480000000000,436,606
3,480000000000,378,-1
4,480000000000,343,149
5,480000000000,227,540
6,480000000000,605,4
7,480000000000,524,93
8,480000000000,331,161
9,480000000000,324,299
10,480000000000,203,-1
11,480000000000,257,281
12,480000000000,187,405
13,480000000000,410,-1
14,480000000000,-1,150
15,480000000000,-1,11
18,480000000000,539,-1
19,480000000000,211,381
21,480000000000,34,58
22,480000000000,542,-1
24,480000000000,137,355
25,480000000000,-1,53
27,480000000000,-1,331
29,480000000000,43,474
30,480000000000,-1,83
31,480000000000,-1,391
32,480000000000,-1,606
33,480000000000,-1,386
34,480000000000,-1,90
35,480000000000,-1,5
36,480000000000,-1,36
39,480000000000,183,134
40,480000000000,143,-1
41,480000000000,-1,304
42,480000000000,-1,12
43,480000000000,441,151
44,480000000000,329,-1
45,480000000000,252,-1
46,480000000000,-1,565
47,480000000000,159,-1
48,480000000000,-1,37
49,480000000000,180,-1
50,480000000000,377,-1
51,480000000000,-1,590
53,480000000000,403,-1
54,480000000000,461,6
56,480000000000,-1,276
57,480000000000,-1,230
58,480000000000,-1,355
59,480000000000,-1,388
60,480000000000,332,210
61,480000000000,529,-1
62,480000000000,368,174
63,480000000000,-1,416
64,480000000000,131,586
65,480000000000,-1,390
67,480000000000,-1,59
68,480000000000,63,-1
69,480000000000,60,-1
70,480000000000,-1,228
71,480000000000,-1,605
72,480000000000,-1,356
73,480000000000,-1,186
75,480000000000,-1,29
76,480000000000,83,34
77,480000000000,-1,206
78,480000000000,-1,10
79,480000000000,379,-1
81,480000000000,-1,108
82,480000000000,580,-1
83,480000000000,181,156
84,480000000000,-1,330
85,480000000000,-1,386
86,480000000000,414,-1
87,480000000000,158,109
88,480000000000,-1,62
90,480000000000,-1,329
91,480000000000,184,208
92,480000000000,-1,37
93,480000000000,-1,87
95,480000000000,280,-1
96,480000000000,-1,133
97,480000000000,86,256
98,480000000000,-1,379
99,480000000000,-1,137
1,540000000000,-1,353
2,540000000000,606,-1
4,540000000000,149,-1
5,540000000000,540,-1
6,540000000000,4,387
7,540000000000,93,-1
8,540000000000,161,-1
9,540000000000,299,-1
11,540000000000,281,-1
12,540000000000,405,380
13,540000000000,-1,507
14,540000000000,150,-1
15,540000000000,11,-1
18,540000000000,-1,202
19,540000000000,381,235
21,540000000000,58,-1
23,540000000000,-1,415
24,540000000000,355,161
25,540000000000,53,-1
26,540000000000,-1,130
27,540000000000,331,306
29,540000000000,474,-1
30,540000000000,83,34
31,540000000000,391,-1
32,540000000000,606,-1
33,540000000000,386,555
34,540000000000,90,-1
35,540000000000,5,-1
36,540000000000,36,205
38,540000000000,-1,580
39,540000000000,134,158
41,540000000000,304,-1
42,540000000000,12,-1
43,540000000000,151,-1
44,540000000000,-1,87
46,540000000000,565,251
47,540000000000,-1,183
48,540000000000,37,-1
51,540000000000,590,-1
52,540000000000,-1,354
54,540000000000,6,-1
55,540000000000,-1,367
56,540000000000,276,-1
57,540000000000,230,-1
58,540000000000,355,-1
59,540000000000,388,-1
60,540000000000,210,-1
62,540000000000,174,-1
63,540000000000,416,-1
64,540000000000,586,-1
65,540000000000,390,76
66,540000000000,-1,539
67,540000000000,59,132
69,540000000000,-1,157
70,540000000000,228,-1
71,540000000000,605,-1
72,540000000000,356,331
73,540000000000,186,-1
74,540000000000,-1,90
75,540000000000,29,-1
76,540000000000,34,107
77,540000000000,206,-1
78,540000000000,10,131
79,540000000000,-1,137
80,540000000000,-1,205
81,540000000000,108,-1
83,540000000000,156,-1
84,540000000000,330,-1
85,540000000000,386,556
86,540000000000,-1,77
87,540000000000,109,133
88,540000000000,62,-1
89,540000000000,-1,117
90,540000000000,329,-1
91,540000000000,208,-1
92,540000000000,37,-1
93,540000000000,87,304
94,540000000000,-1,253
96,540000000000,133,-1
97,540000000000,256,-1
98,540000000000,379,-1
99,540000000000,137,-1
0,600000000000,-1,387
1,600000000000,353,88
2,600000000000,-1,460
3,600000000000,-1,113
4,600000000000,-1,367
6,600000000000,387,-1
7,600000000000,-1,548
8,600000000000,-1,355
9,600000000000,-1,517
10,600000000000,-1,563
11,600000000000,-1,135
12,600000000000,380,-1
13,600000000000,507,531
14,600000000000,-1,416
15,600000000000,-1,180
16,600000000000,-1,53
17,600000000000,-1,438
18,600000000000,202,-1
19,600000000000,235,210
20,600000000000,-1,63
21,600000000000,-1,82
22,600000000000,-1,324
23,600000000000,415,101
24,600000000000,161,136
25,600000000000,-1,413
26,600000000000,130,561
27,600000000000,306,160
28,600000000000,-1,513
30,600000000000,34,58
31,600000000000,-1,100
32,600000000000,-1,460
33,600000000000,555,-1
34,600000000000,-1,401
35,600000000000,-1,436
36,600000000000,205,-1
37,600000000000,-1,126
38,600000000000,580,386
39,600000000000,158,-1
40,600000000000,-1,598
41,600000000000,-1,62
42,600000000000,-1,229
44,600000000000,87,-1
45,600000000000,-1,589
46,600000000000,251,-1
47,600000000000,183,-1
48,600000000000,-1,254
49,600000000000,-1,611
51,600000000000,-1,276
52,600000000000,354,112
53,600000000000,-1,138
54,600000000000,-1,485
55,600000000000,367,149
56,600000000000,-1,565
57,600000000000,-1,36
58,600000000000,-1,161
59,600000000000,-1,28
61,600000000000,-1,287
62,600000000000,-1,198
63,600000000000,-1,125
64,600000000000,-1,155
65,600000000000,76,-1
66,600000000000,539,202
67,600000000000,132,34
68,600000000000,-1,328
69,600000000000,157,181
70,600000000000,-1,588
72,600000000000,331,185
73,600000000000,-1,355
74,600000000000,90,401
76,600000000000,107,58
77,600000000000,-1,60
78,600000000000,131,-1
79,600000000000,137,-1
80,600000000000,205,11
81,600000000000,-1,83
82,600000000000,-1,386
83,600000000000,-1,10
84,600000000000,-1,136
85,600000000000,556,410
86,600000000000,77,-1
87,600000000000,133,-1
88,600000000000,-1,279
89,600000000000,117,524
90,600000000000,-1,87
91,600000000000,-1,232
92,600000000000,-1,254
93,600000000000,304,-1
94,600000000000,253,613
95,600000000000,-1,86
96,600000000000,-1,108
97,600000000000,-1,110
98,600000000000,-1,137
99,600000000000,-1,354
0,660000000000,387,3
1,660000000000,88,-1
2,660000000000,460,435
3,660000000000,113,377
4,660000000000,367,342
5,660000000000,-1,226
7,660000000000,548,523
8,660000000000,355,330
9,660000000000,517,323
10,660000000000,563,-1
11,660000000000,135,256
12,660000000000,-1,186
13,660000000000,531,409
14,660000000000,416,-1
15,660000000000,180,10
16,660000000000,53,-1
17,660000000000,438,77
18,660000000000,-1,538
19,660000000000,210,-1
20,660000000000,63,327
21,660000000000,82,33
22,660000000000,324,541
23,660000000000,101,-1
24,660000000000,136,-1
25,660000000000,413,-1
26,660000000000,561,-1
27,660000000000,160,-1
28,660000000000,513,-1
29,660000000000,-1,42
30,660000000000,58,-1
31,660000000000,100,390
32,660000000000,460,-1
34,660000000000,401,-1
35,660000000000,436,-1
37,660000000000,126,-1
38,660000000000,386,-1
39,660000000000,-1,182
40,660000000000,598,-1
41,660000000000,62,-1
42,660000000000,229,-1
44,660000000000,-1,328
45,660000000000,589,251
47,660000000000,-1,158
48,660000000000,254,-1
49,660000000000,611,179
50,660000000000,-1,376
51,660000000000,276,-1
52,660000000000,112,-1
53,660000000000,138,402
54,660000000000,485,5
55,660000000000,149,-1
56,660000000000,565,-1
57,660000000000,36,-1
58,660000000000,161,-1
59,660000000000,28,-1
60,660000000000,-1,331
61,660000000000,287,528
62,660000000000,198,367
63,660000000000,125,-1
64,660000000000,155,130
66,660000000000,202,-1
67,660000000000,34,-1
68,660000000000,328,-1
69,660000000000,181,59
70,660000000000,588,-1
72,660000000000,185,-1
73,660000000000,355,-1
74,660000000000,401,-1
75,660000000000,-1,436
76,660000000000,58,9
77,660000000000,60,-1
79,660000000000,-1,378
80,660000000000,11,-1
81,660000000000,83,-1
82,660000000000,386,579
83,660000000000,10,180
84,660000000000,136,-1
85,660000000000,410,-1
86,660000000000,-1,413
87,660000000000,-1,157
88,660000000000,279,-1
89,660000000000,524,-1
90,660000000000,87,-1
91,660000000000,232,183
92,660000000000,254,-1
94,660000000000,613,-1
95,660000000000,86,-1
96,660000000000,108,-1
97,660000000000,110,255
98,660000000000,137,-1
99,660000000000,354,-1
0,720000000000,3,-1
1,720000000000,-1,112
2,720000000000,435,605
3,720000000000,377,-1
4,720000000000,342,148
5,720000000000,226,539
6,720000000000,-1,3
7,720000000000,523,92
8,720000000000,330,160
9,720000000000,323,298
10,720000000000,-1,202
11,720000000000,256,280
12,720000000000,186,404
13,720000000000,409,-1
14,720000000000,-1,174
15,720000000000,10,-1
16,720000000000,-1,437
17,720000000000,77,-1
18,720000000000,538,-1
19,720000000000,-1,380
20,720000000000,327,-1
21,720000000000,33,57
22,720000000000,541,-1
24,720000000000,-1,354
25,720000000000,-1,52
26,720000000000,-1,154
27,720000000000,-1,330
29,720000000000,42,473
30,720000000000,-1,82
31,720000000000,390,-1
32,720000000000,-1,605
33,720000000000,-1,385
34,720000000000,-1,89
35,720000000000,-1,4
36,720000000000,-1,35
38,720000000000,-1,604
39,720000000000,182,133
40,720000000000,-1,142
41,720000000000,-1,303
42,720000000000,-1,11
43,720000000000,-1,150
44,720000000000,328,-1
45,720000000000,251,-1
46,720000000000,-1,564
47,720000000000,158,-1
48,720000000000,-1,36
49,720000000000,179,-1
50,720000000000,376,-1
51,720000000000,-1,589
53,720000000000,402,-1
54,720000000000,5,-1
56,720000000000,-1,275
57,720000000000,-1,229
59,720000000000,-1,387
60,720000000000,331,355
61,720000000000,528,-1
62,720000000000,367,173
63,720000000000,-1,415
64,720000000000,130,585
65,720000000000,-1,389
67,720000000000,-1,58
68,720000000000,-1,62
69,720000000000,59,-1
70,720000000000,-1,227
71,720000000000,-1,410
72,720000000000,-1,355
73,720000000000,-1,185
75,720000000000,436,28
76,720000000000,9,33
77,720000000000,-1,205
78,720000000000,-1,9
79,720000000000,378,-1
81,720000000000,-1,107
82,720000000000,579,-1
83,720000000000,180,155
84,720000000000,-1,329
85,720000000000,-1,385
86,720000000000,413,-1
87,720000000000,157,108
88,720000000000,-1,61
90,720000000000,-1,328
91,720000000000,183,207
93,720000000000,-1,86
95,720000000000,-1,279
96,720000000000,-1,132
97,720000000000,255,-1
98,720000000000,-1,378
99,720000000000,-1,136
1,780000000000,112,352
2,780000000000,605,459
4,780000000000,148,-1
5,780000000000,539,-1
6,780000000000,3,386
7,780000000000,92,-1
8,780000000000,160,-1
9,780000000000,298,516
10,780000000000,202,-1
11,780000000000,280,-1
12,780000000000,404,379
13,780000000000,-1,506
14,780000000000,174,-1
16,780000000000,437,-1
18,780000000000,-1,201
19,780000000000,380,234
21,780000000000,57,-1
22,780000000000,-1,323
23,780000000000,-1,414
24,780000000000,354,-1
25,780000000000,52,-1
26,780000000000,154,129
27,780000000000,330,184
29,780000000000,473,-1
30,780000000000,82,33
32,780000000000,605,-1
33,780000000000,385,360
34,780000000000,89,-1
35,780000000000,4,-1
36,780000000000,35,10
38,780000000000,604,579
39,780000000000,133,157
40,780000000000,142,-1
41,780000000000,303,-1
42,780000000000,11,-1
43,780000000000,150,-1
44,780000000000,-1,86
46,780000000000,564,250
47,780000000000,-1,182
48,780000000000,36,-1
51,780000000000,589,-1
52,780000000000,-1,353
54,780000000000,-1,484
55,780000000000,-1,366
56,780000000000,275,-1
57,780000000000,229,-1
58,780000000000,-1,354
59,780000000000,387,-1
60,780000000000,355,209
61,780000000000,-1,286
62,780000000000,173,-1
63,780000000000,415,-1
64,780000000000,585,-1
65,780000000000,389,75
66,780000000000,-1,538
67,780000000000,58,131
68,780000000000,62,-1
69,780000000000,-1,156
70,780000000000,227,-1
71,780000000000,410,-1
72,780000000000,355,330
73,780000000000,185,-1
74,780000000000,-1,89
75,780000000000,28,-1
76,780000000000,33,106
77,780000000000,205,-1
78,780000000000,9,130
79,780000000000,-1,136
80,780000000000,-1,204
81,780000000000,107,-1
83,780000000000,155,-1
84,780000000000,329,-1
85,780000000000,385,555
86,780000000000,-1,76
87,780000000000,108,132
88,780000000000,61,-1
89,780000000000,-1,548
90,780000000000,328,-1
91,780000000000,207,-1
92,780000000000,-1,60
93,780000000000,86,303
94,780000000000,-1,252
95,780000000000,279,-1
96,780000000000,132,-1
97,780000000000,-1,109
98,780000000000,378,-1
99,780000000000,136,-1
0,840000000000,-1,386
1,840000000000,352,87
2,840000000000,459,-1
3,840000000000,-1,112
4,840000000000,-1,366
6,840000000000,386,-1
7,840000000000,-1,547
8,840000000000,-1,354
9,840000000000,516,-1
10,840000000000,-1,562
11,840000000000,-1,134
12,840000000000,379,-1
13,840000000000,506,530
14,840000000000,-1,415
15,840000000000,-1,204
16,840000000000,-1,436
17,840000000000,-1,437
18,840000000000,201,-1
19,840000000000,234,355
20,840000000000,-1,62
21,840000000000,-1,81
22,840000000000,323,-1
23,840000000000,414,100
24,840000000000,-1,135
25,840000000000,-1,412
26,840000000000,129,560
27,840000000000,184,159
28,840000000000,-1,176
29,840000000000,-1,66
30,840000000000,33,106
31,840000000000,-1,124
32,840000000000,-1,459
33,840000000000,360,554
34,840000000000,-1,400
35,840000000000,-1,435
36,840000000000,10,204
37,840000000000,-1,125
38,840000000000,579,385
39,840000000000,157,-1
40,840000000000,-1,597
41,840000000000,-1,61
42,840000000000,-1,228
44,840000000000,86,-1
45,840000000000,-1,588
46,840000000000,250,-1
47,840000000000,182,-1
49,840000000000,-1,610
50,840000000000,-1,88
51,840000000000,-1,275
52,840000000000,353,111
53,840000000000,-1,137
54,840000000000,484,-1
55,840000000000,366,148
56,840000000000,-1,564
57,840000000000,-1,35
58,840000000000,354,160
59,840000000000,-1,27
60,840000000000,209,-1
61,840000000000,286,-1
62,840000000000,-1,197
63,840000000000,-1,149
64,840000000000,-1,154
65,840000000000,75,-1
66,840000000000,538,201
67,840000000000,131,33
68,840000000000,-1,327
69,840000000000,156,180
70,840000000000,-1,587
71,840000000000,-1,604
72,840000000000,330,184
73,840000000000,-1,379
74,840000000000,89,400
76,840000000000,106,57
77,840000000000,-1,59
78,840000000000,130,-1
79,840000000000,136,-1
80,840000000000,204,10
81,840000000000,-1,82
82,840000000000,-1,385
83,840000000000,-1,9
84,840000000000,-1,135
85,840000000000,555,579
86,840000000000,76,-1
87,840000000000,132,-1
88,840000000000,-1,278
89,840000000000,548,140
90,840000000000,-1,86
91,840000000000,-1,231
92,840000000000,60,253
93,840000000000,303,-1
94,840000000000,252,612
95,840000000000,-1,85
96,840000000000,-1,156
97,840000000000,109,-1
98,840000000000,-1,136
99,840000000000,-1,353
0,900000000000,386,2
1,900000000000,87,-1
2,900000000000,-1,434
3,900000000000,112,376
4,900000000000,366,172
6,900000000000,-1,2
7,900000000000,547,91
8,900000000000,354,-1
9,900000000000,-1,322
10,900000000000,562,-1
11,900000000000,134,255
12,900000000000,-1,403
13,900000000000,530,408
14,900000000000,415,-1
15,900000000000,204,9
16,900000000000,436,-1
17,900000000000,437,76
18,900000000000,-1,537
19,900000000000,355,209
20,900000000000,62,326
21,900000000000,81,32
22,900000000000,-1,540
23,900000000000,100,-1
24,900000000000,135,353
25,900000000000,412,-1
26,900000000000,560,-1
27,900000000000,159,329
28,900000000000,176,512
29,900000000000,66,41
30,900000000000,106,57
31,900000000000,124,389
32,900000000000,459,-1
33,900000000000,554,-1
34,900000000000,400,-1
35,900000000000,435,-1
36,900000000000,204,-1
37,900000000000,125,-1
38,900000000000,385,-1
39,900000000000,-1,181
40,900000000000,597,-1
41,900000000000,61,-1
42,900000000000,228,252
43,900000000000,-1,463
44,900000000000,-1,327
45,900000000000,588,250
46,900000000000,-1,563
47,900000000000,-1,206
48,900000000000,-1,277
49,900000000000,610,178
50,900000000000,88,375
51,900000000000,275,-1
52,900000000000,111,-1
53,900000000000,137,-1
54,900000000000,-1,4
55,900000000000,148,-1
56,900000000000,564,-1
57,900000000000,35,-1
58,900000000000,160,-1
59,900000000000,27,-1
60,900000000000,-1,330
61,900000000000,-1,527
62,900000000000,197,366
63,900000000000,149,173
64,900000000000,154,129
65,900000000000,-1,388
66,900000000000,201,-1
67,900000000000,33,-1
68,900000000000,327,-1
69,900000000000,180,58
70,900000000000,587,-1
71,900000000000,604,-1
72,900000000000,184,-1
73,900000000000,379,354
74,900000000000,400,-1
75,900000000000,-1,435
76,900000000000,57,81
77,900000000000,59,-1
78,900000000000,-1,8
79,900000000000,-1,377
80,900000000000,10,-1
81,900000000000,82,-1
82,900000000000,385,578
83,900000000000,9,179
84,900000000000,135,-1
85,900000000000,579,409
86,900000000000,-1,412
87,900000000000,-1,156
88,900000000000,278,-1
89,900000000000,140,-1
90,900000000000,86,-1
91,900000000000,231,182
92,900000000000,253,-1
93,900000000000,-1,85
94,900000000000,612,-1
95,900000000000,85,-1
96,900000000000,156,107
97,900000000000,-1,254
98,900000000000,136,-1
99,900000000000,353,-1
0,960000000000,2,-1
1,960000000000,-1,111
2,960000000000,434,604
3,960000000000,376,-1
4,960000000000,172,147
5,960000000000,-1,538
6,960000000000,2,-1
7,960000000000,91,-1
8,960000000000,-1,159
9,960000000000,322,-1
10,960000000000,-1,201
11,960000000000,255,279
12,960000000000,403,-1
13,960000000000,408,-1
14,960000000000,-1,173
15,960000000000,9,-1
17,960000000000,76,-1
18,960000000000,537,-1
19,960000000000,209,379
20,960000000000,326,-1
21,960000000000,32,56
22,960000000000,540,-1
24,960000000000,353,-1
25,960000000000,-1,51
26,960000000000,-1,153
27,960000000000,329,-1
28,960000000000,512,-1
29,960000000000,41,65
30,960000000000,57,81
31,960000000000,389,-1
32,960000000000,-1,604
33,960000000000,-1,384
34,960000000000,-1,88
35,960000000000,-1,3
36,960000000000,-1,34
38,960000000000,-1,603
39,960000000000,181,132
40,960000000000,-1,141
42,960000000000,252,10
43,960000000000,463,-1
44,960000000000,327,-1
45,960000000000,250,-1
46,960000000000,563,-1
47,960000000000,206,157
48,960000000000,277,35
49,960000000000,178,-1
50,960000000000,375,-1
51,960000000000,-1,588
53,960000000000,-1,401
54,960000000000,4,-1
56,960000000000,-1,299
57,960000000000,-1,228
59,960000000000,-1,386
60,960000000000,330,354
61,960000000000,527,-1
62,960000000000,366,172
63,960000000000,173,414
64,960000000000,129,584
65,960000000000,388,-1
67,960000000000,-1,130
68,960000000000,-1,61
69,960000000000,58,-1
70,960000000000,-1,226
71,960000000000,-1,434
72,960000000000,-1,354
73,960000000000,354,184
75,960000000000,435,-1
76,960000000000,81,32
77,960000000000,-1,204
78,960000000000,8,-1
79,960000000000,377,-1
81,960000000000,-1,106
82,960000000000,578,-1
83,960000000000,179,154
85,960000000000,409,384
86,960000000000,412,-1
87,960000000000,156,107
88,960000000000,-1,60
90,960000000000,-1,327
91,960000000000,182,206
93,960000000000,85,-1
95,960000000000,-1,278
96,960000000000,107,131
97,960000000000,254,-1
98,960000000000,-1,377
99,960000000000,-1,135
1,1020000000000,111,351
2,1020000000000,604,458
3,1020000000000,-1,111
4,1020000000000,147,365
5,1020000000000,538,-1
6,1020000000000,-1,385
7,1020000000000,-1,546
8,1020000000000,159,353
9,1020000000000,-1,515
10,1020000000000,201,-1
11,1020000000000,279,133
12,1020000000000,-1,209
13,1020000000000,-1,505
14,1020000000000,173,-1
16,1020000000000,-1,52
17,1020000000000,-1,436
18,1020000000000,-1,200
19,1020000000000,379,233
20,1020000000000,-1,61
21,1020000000000,56,-1
22,1020000000000,-1,322
23,1020000000000,-1,413
24,1020000000000,-1,159
25,1020000000000,51,411
26,1020000000000,153,128
27,1020000000000,-1,183
28,1020000000000,-1,175
29,1020000000000,65,472
30,1020000000000,81,32
32,1020000000000,604,-1
33,1020000000000,384,553
34,1020000000000,88,-1
35,1020000000000,3,-1
36,1020000000000,34,-1
38,1020000000000,603,409
39,1020000000000,132,156
40,1020000000000,141,596
41,1020000000000,-1,302
42,1020000000000,10,-1
43,1020000000000,-1,174
44,1020000000000,-1,85
45,1020000000000,-1,587
46,1020000000000,-1,274
47,1020000000000,157,181
48,1020000000000,35,-1
49,1020000000000,-1,609
51,1020000000000,588,-1
52,1020000000000,-1,352
53,1020000000000,401,136
54,1020000000000,-1,483
55,1020000000000,-1,365
56,1020000000000,299,-1
57,1020000000000,228,-1
58,1020000000000,-1,377
59,1020000000000,386,26
60,1020000000000,354,208
61,1020000000000,-1,285
62,1020000000000,172,-1
63,1020000000000,414,-1
64,1020000000000,584,-1
65,1020000000000,-1,99
66,1020000000000,-1,537
67,1020000000000,130,-1
68,1020000000000,61,326
69,1020000000000,-1,155
70,1020000000000,226,586
71,1020000000000,434,603
72,1020000000000,354,329
73,1020000000000,184,-1
74,1020000000000,-1,88
75,1020000000000,-1,27
76,1020000000000,32,105
77,1020000000000,204,-1
79,1020000000000,-1,135
80,1020000000000,-1,203
81,1020000000000,106,-1
82,1020000000000,-1,384
83,1020000000000,154,-1
84,1020000000000,-1,352
85,1020000000000,384,578
86,1020000000000,-1,75
87,1020000000000,107,131
88,1020000000000,60,-1
89,1020000000000,-1,547
90,1020000000000,327,-1
91,1020000000000,206,-1
92,1020000000000,-1,59
93,1020000000000,-1,302
94,1020000000000,-1,251
95,1020000000000,278,84
96,1020000000000,131,-1
97,1020000000000,-1,108
98,1020000000000,377,-1
99,1020000000000,135,-1
0,1080000000000,-1,385
1,1080000000000,351,86
2,1080000000000,458,-1
3,1080000000000,111,-1
4,1080000000000,365,-1
6,1080000000000,385,-1
7,1080000000000,546,-1
8,1080000000000,353,-1
9,1080000000000,515,-1
10,1080000000000,-1,561
11,1080000000000,133,-1
12,1080000000000,209,378
13,1080000000000,505,529
14,1080000000000,-1,414
15,1080000000000,-1,203
16,1080000000000,52,435
17,1080000000000,436,-1
18,1080000000000,200,-1
19,1080000000000,233,208
20,1080000000000,61,-1
21,1080000000000,-1,80
22,1080000000000,322,-1
23,1080000000000,413,124
24,1080000000000,159,-1
25,1080000000000,411,-1
26,1080000000000,128,559
27,1080000000000,183,158
28,1080000000000,175,-1
29,1080000000000,472,-1
30,1080000000000,32,56
31,1080000000000,-1,123
32,1080000000000,-1,458
33,1080000000000,553,-1
34,1080000000000,-1,424
35,1080000000000,-1,434
36,1080000000000,-1,203
37,1080000000000,-1,462
38,1080000000000,409,384
39,1080000000000,156,-1
40,1080000000000,596,-1
41,1080000000000,302,60
43,1080000000000,174,-1
44,1080000000000,85,-1
45,1080000000000,587,-1
46,1080000000000,274,-1
47,1080000000000,181,205
49,1080000000000,609,-1
50,1080000000000,-1,87
51,1080000000000,-1,299
52,1080000000000,352,110
53,1080000000000,136,-1
54,1080000000000,483,-1
55,1080000000000,365,147
56,1080000000000,-1,563
57,1080000000000,-1,34
58,1080000000000,377,159
59,1080000000000,26,-1
60,1080000000000,208,-1
61,1080000000000,285,-1
62,1080000000000,-1,196
63,1080000000000,-1,148
64,1080000000000,-1,153
65,1080000000000,99,-1
66,1080000000000,537,200
67,1080000000000,-1,81
68,1080000000000,326,-1
69,1080000000000,155,179
70,1080000000000,586,-1
71,1080000000000,603,-1
72,1080000000000,329,183
74,1080000000000,88,112
75,1080000000000,27,-1
76,1080000000000,105,56
77,1080000000000,-1,58
78,1080000000000,-1,129
79,1080000000000,135,-1
80,1080000000000,203,9
81,1080000000000,-1,81
82,1080000000000,384,-1
83,1080000000000,-1,8
84,1080000000000,352,-1
85,1080000000000,578,-1
86,1080000000000,75,-1
87,1080000000000,131,-1
88,1080000000000,-1,277
89,1080000000000,547,139
90,1080000000000,-1,85
91,1080000000000,-1,230
92,1080000000000,59,252
93,1080000000000,302,-1
94,1080000000000,251,611
95,1080000000000,84,-1
96,1080000000000,-1,106
97,1080000000000,108,-1
98,1080000000000,-1,135
99,1080000000000,-1,352
0,1140000000000,385,-1
1,1140000000000,86,-1
2,1140000000000,-1,603
3,1140000000000,-1,375
4,1140000000000,-1,171
5,1140000000000,-1,273
6,1140000000000,-1,1
7,1140000000000,-1,90
8,1140000000000,-1,183
9,1140000000000,-1,321
10,1140000000000,561,-1
11,1140000000000,-1,157
12,1140000000000,378,402
13,1140000000000,529,407
14,1140000000000,414,-1
15,1140000000000,203,8
16,1140000000000,435,-1
17,1140000000000,-1,75
18,1140000000000,-1,536
19,1140000000000,208,378
20,1140000000000,-1,325
21,1140000000000,80,31
22,1140000000000,-1,539
23,1140000000000,124,-1
24,1140000000000,-1,352
26,1140000000000,559,152
27,1140000000000,158,328
29,1140000000000,-1,496
30,1140000000000,56,-1
31,1140000000000,123,388
32,1140000000000,458,3
33,1140000000000,-1,383
34,1140000000000,424,-1
35,1140000000000,434,-1
36,1140000000000,203,33
37,1140000000000,462,149
38,1140000000000,384,602
39,1140000000000,-1,180
41,1140000000000,60,-1
42,1140000000000,-1,251
43,1140000000000,-1,462
44,1140000000000,-1,326
47,1140000000000,205,-1
48,1140000000000,-1,276
49,1140000000000,-1,177
50,1140000000000,87,399
51,1140000000000,299,-1
52,1140000000000,110,-1
54,1140000000000,-1,3
55,1140000000000,147,-1
56,1140000000000,563,-1
57,1140000000000,34,-1
58,1140000000000,159,-1
60,1140000000000,-1,329
61,1140000000000,-1,526
62,1140000000000,196,365
63,1140000000000,148,172
64,1140000000000,153,128
65,1140000000000,-1,387
66,1140000000000,200,-1
67,1140000000000,81,32
69,1140000000000,179,57
71,1140000000000,-1,433
72,1140000000000,183,353
73,1140000000000,-1,183
74,1140000000000,112,424
75,1140000000000,-1,434
76,1140000000000,56,80
77,1140000000000,58,228
78,1140000000000,129,-1
79,1140000000000,-1,376
80,1140000000000,9,-1
81,1140000000000,81,-1
82,1140000000000,-1,577
83,1140000000000,8,178
84,1140000000000,-1,134
85,1140000000000,-1,408
86,1140000000000,-1,411
87,1140000000000,-1,155
88,1140000000000,277,-1
89,1140000000000,139,-1
90,1140000000000,85,-1
91,1140000000000,230,181
92,1140000000000,252,-1
93,1140000000000,-1,84
94,1140000000000,611,-1
96,1140000000000,106,-1
97,1140000000000,-1,253
98,1140000000000,135,-1
99,1140000000000,352,-1
0,1200000000000,-1,1
1,1200000000000,-1,110
2,1200000000000,603,-1
3,1200000000000,375,-1
4,1200000000000,171,146
5,1200000000000,273,-1
6,1200000000000,1,-1
7,1200000000000,90,-1
8,1200000000000,183,158
9,1200000000000,321,-1
10,1200000000000,-1,200
11,1200000000000,157,278
12,1200000000000,402,-1
13,1200000000000,407,-1
14,1200000000000,-1,172
15,1200000000000,8,-1
17,1200000000000,75,-1
18,1200000000000,536,-1
19,1200000000000,378,-1
20,1200000000000,325,-1
21,1200000000000,31,55
22,1200000000000,539,-1
24,1200000000000,352,-1
25,1200000000000,-1,50
26,1200000000000,152,-1
27,1200000000000,328,-1
28,1200000000000,-1,511
29,1200000000000,496,471
30,1200000000000,-1,80
31,1200000000000,388,-1
32,1200000000000,3,603
33,1200000000000,383,-1
34,1200000000000,-1,87
35,1200000000000,-1,27
36,1200000000000,33,-1
37,1200000000000,149,-1
38,1200000000000,602,-1
39,1200000000000,180,131
40,1200000000000,-1,140
42,1200000000000,251,9
43,1200000000000,462,-1
44,1200000000000,326,-1
45,1200000000000,-1,274
46,1200000000000,-1,562
47,1200000000000,-1,156
48,1200000000000,276,34
49,1200000000000,177,-1
50,1200000000000,399,-1
51,1200000000000,-1,587
53,1200000000000,-1,400
54,1200000000000,3,-1
56,1200000000000,-1,298
57,1200000000000,-1,227
59,1200000000000,-1,385
60,1200000000000,329,353
61,1200000000000,526,-1
62,1200000000000,365,171
63,1200000000000,172,413
64,1200000000000,128,583
65,1200000000000,387,-1
67,1200000000000,32,56
68,1200000000000,-1,60
69,1200000000000,57,-1
70,1200000000000,-1,225
71,1200000000000,433,-1
72,1200000000000,353,-1
73,1200000000000,183,-1
74,1200000000000,424,-1
75,1200000000000,434,-1
76,1200000000000,80,31
77,1200000000000,228,203
78,1200000000000,-1,7
79,1200000000000,376,-1
81,1200000000000,-1,105
82,1200000000000,577,-1
83,1200000000000,178,153
84,1200000000000,134,-1
85,1200000000000,408,383
86,1200000000000,411,-1
87,1200000000000,155,106
88,1200000000000,-1,59
90,1200000000000,-1,326
91,1200000000000,181,205
93,1200000000000,84,-1
94,1200000000000,-1,275
95,1200000000000,-1,277
96,1200000000000,-1,130
97,1200000000000,253,-1
98,1200000000000,-1,376
99,1200000000000,-1,134
0,1260000000000,1,384
1,1260000000000,110,85
2,1260000000000,-1,457
3,1260000000000,-1,110
4,1260000000000,146,364
5,1260000000000,-1,537
6,1260000000000,-1,384
7,1260000000000,-1,545
8,1260000000000,158,352
9,1260000000000,-1,514
10,1260000000000,200,560
11,1260000000000,278,132
13,1260000000000,-1,431
14,1260000000000,172,-1
15,1260000000000,-1,202
16,1260000000000,-1,75
17,1260000000000,-1,435
18,1260000000000,-1,224
19,1260000000000,-1,232
20,1260000000000,-1,60
21,1260000000000,55,-1
22,1260000000000,-1,321
23,1260000000000,-1,412
24,1260000000000,-1,158
25,1260000000000,50,410
26,1260000000000,-1,127
27,1260000000000,-1,182
28,1260000000000,511,199
29,1260000000000,471,64
30,1260000000000,80,31
32,1260000000000,603,-1
33,1260000000000,-1,577
34,1260000000000,87,-1
35,1260000000000,27,2
36,1260000000000,-1,227
37,1260000000000,-1,461
38,1260000000000,-1,408
39,1260000000000,131,155
40,1260000000000,140,595
41,1260000000000,-1,301
42,1260000000000,9,-1
43,1260000000000,-1,173
44,1260000000000,-1,84
45,1260000000000,274,586
46,1260000000000,562,273
47,1260000000000,156,180
48,1260000000000,34,-1
49,1260000000000,-1,608
50,1260000000000,-1,86
51,1260000000000,587,-1
52,1260000000000,-1,351
53,1260000000000,400,135
54,1260000000000,-1,482
55,1260000000000,-1,388
56,1260000000000,298,-1
57,1260000000000,227,33
58,1260000000000,-1,376
59,1260000000000,385,25
60,1260000000000,353,207
61,1260000000000,-1,284
62,1260000000000,171,389
63,1260000000000,413,-1
64,1260000000000,583,152
65,1260000000000,-1,98
66,1260000000000,-1,536
67,1260000000000,56,129
68,1260000000000,60,325
69,1260000000000,-1,154
70,1260000000000,225,585
71,1260000000000,-1,408
72,1260000000000,-1,328
74,1260000000000,-1,111
75,1260000000000,-1,26
76,1260000000000,31,104
77,1260000000000,203,-1
78,1260000000000,7,-1
79,1260000000000,-1,134
80,1260000000000,-1,8
81,1260000000000,105,-1
82,1260000000000,-1,383
83,1260000000000,153,7
84,1260000000000,-1,351
85,1260000000000,383,577
86,1260000000000,-1,99
87,1260000000000,106,130
88,1260000000000,59,-1
89,1260000000000,-1,546
90,1260000000000,326,-1
91,1260000000000,205,-1
92,1260000000000,-1,58
93,1260000000000,-1,301
94,1260000000000,275,250
95,1260000000000,277,83
96,1260000000000,130,-1
97,1260000000000,-1,107
98,1260000000000,376,-1
99,1260000000000,134,-1
0,1320000000000,384,-1
1,1320000000000,85,-1
2,1320000000000,457,-1
3,1320000000000,110,-1
4,1320000000000,364,-1
5,1320000000000,537,-1
6,1320000000000,384,-1
7,1320000000000,545,-1
8,1320000000000,352,-1
9,1320000000000,514,-1
10,1320000000000,560,-1
11,1320000000000,132,-1
12,1320000000000,-1,377
13,1320000000000,431,528
14,1320000000000,-1,413
15,1320000000000,202,-1
16,1320000000000,75,434
17,1320000000000,435,-1
18,1320000000000,224,-1
19,1320000000000,232,-1
20,1320000000000,60,-1
21,1320000000000,-1,79
22,1320000000000,321,-1
23,1320000000000,412,123
24,1320000000000,158,-1
25,1320000000000,410,-1
26,1320000000000,127,558
27,1320000000000,182,157
28,1320000000000,199,-1
29,1320000000000,64,-1
30,1320000000000,31,55
31,1320000000000,-1,122
32,1320000000000,-1,457
33,1320000000000,577,552
34,1320000000000,-1,423
35,1320000000000,2,433
36,1320000000000,227,202
37,1320000000000,461,-1
38,1320000000000,408,601
39,1320000000000,155,-1
40,1320000000000,595,-1
41,1320000000000,301,59
43,1320000000000,173,-1
44,1320000000000,84,-1
45,1320000000000,586,-1
46,1320000000000,273,-1
47,1320000000000,180,204
49,1320000000000,608,-1
50,1320000000000,86,-1
51,1320000000000,-1,298
52,1320000000000,351,375
53,1320000000000,135,-1
54,1320000000000,482,-1
55,1320000000000,388,-1
56,1320000000000,-1,322
57,1320000000000,33,-1
58,1320000000000,376,158
59,1320000000000,25,-1
60,1320000000000,207,-1
61,1320000000000,284,-1
62,1320000000000,389,195
64,1320000000000,152,-1
65,1320000000000,98,-1
66,1320000000000,536,560
67,1320000000000,129,153
68,1320000000000,325,-1
69,1320000000000,154,178
70,1320000000000,585,-1
71,1320000000000,408,602
72,1320000000000,328,182
73,1320000000000,-1,377
74,1320000000000,111,-1
75,1320000000000,26,-1
76,1320000000000,104,55
77,1320000000000,-1,57
78,1320000000000,-1,128
79,1320000000000,134,-1
80,1320000000000,8,-1
81,1320000000000,-1,80
82,1320000000000,383,-1
83,1320000000000,7,-1
84,1320000000000,351,-1
85,1320000000000,577,-1
86,1320000000000,99,-1
87,1320000000000,130,-1
88,1320000000000,-1,276
89,1320000000000,546,138
90,1320000000000,-1,84
91,1320000000000,-1,229
92,1320000000000,58,251
93,1320000000000,301,-1
94,1320000000000,250,610
95,1320000000000,83,-1
96,1320000000000,-1,105
97,1320000000000,107,-1
98,1320000000000,-1,134
99,1320000000000,-1,351
1,1380000000000,-1,399
2,1380000000000,-1,602
3,1380000000000,-1,399
4,1380000000000,-1,170
5,1380000000000,-1,272
6,1380000000000,-1,0
7,1380000000000,-1,114
8,1380000000000,-1,182
9,1380000000000,-1,320
11,1380000000000,-1,156
12,1380000000000,377,401
13,1380000000000,528,406
14,1380000000000,413,-1
15,1380000000000,-1,7
16,1380000000000,434,-1
17,1380000000000,-1,99
18,1380000000000,-1,535
19,1380000000000,-1,377
20,1380000000000,-1,349
21,1380000000000,79,30
22,1380000000000,-1,538
23,1380000000000,123,-1
24,1380000000000,-1,351
26,1380000000000,558,151
27,1380000000000,157,327
29,1380000000000,-1,495
30,1380000000000,55,-1
31,1380000000000,122,387
32,1380000000000,457,2
33,1380000000000,552,382
34,1380000000000,423,86
35,1380000000000,433,26
36,1380000000000,202,32
37,1380000000000,-1,148
38,1380000000000,601,-1
39,1380000000000,-1,179
40,1380000000000,-1,164
41,1380000000000,59,-1
42,1380000000000,-1,250
43,1380000000000,-1,461
44,1380000000000,-1,325
46,1380000000000,-1,561
47,1380000000000,204,-1
48,1380000000000,-1,275
49,1380000000000,-1,176
50,1380000000000,-1,398
51,1380000000000,298,-1
52,1380000000000,375,109
54,1380000000000,-1,2
55,1380000000000,-1,146
56,1380000000000,322,562
58,1380000000000,158,-1
59,1380000000000,-1,409
60,1380000000000,-1,328
61,1380000000000,-1,525
62,1380000000000,195,170
63,1380000000000,-1,171
64,1380000000000,-1,127
65,1380000000000,-1,386
66,1380000000000,560,-1
67,1380000000000,153,31
69,1380000000000,178,56
71,1380000000000,602,432
72,1380000000000,182,352
73,1380000000000,377,182
74,1380000000000,-1,423
75,1380000000000,-1,433
76,1380000000000,55,79
77,1380000000000,57,227
78,1380000000000,128,6
79,1380000000000,-1,375
81,1380000000000,80,-1
82,1380000000000,-1,576
83,1380000000000,-1,177
84,1380000000000,-1,133
85,1380000000000,-1,407
86,1380000000000,-1,410
87,1380000000000,-1,154
88,1380000000000,276,-1
89,1380000000000,138,-1
90,1380000000000,84,-1
91,1380000000000,229,180
92,1380000000000,251,-1
93,1380000000000,-1,83
94,1380000000000,610,299
96,1380000000000,105,-1
97,1380000000000,-1,252
98,1380000000000,134,-1
99,1380000000000,351,-1
1,1440000000000,399,109
2,1440000000000,602,-1
3,1440000000000,399,-1
4,1440000000000,170,145
5,1440000000000,272,-1
6,1440000000000,0,-1
7,1440000000000,114,89
8,1440000000000,182,157
9,1440000000000,320,-1
10,1440000000000,-1,224
11,1440000000000,156,277
12,1440000000000,401,-1
13,1440000000000,406,-1
14,1440000000000,-1,171
15,1440000000000,7,-1
17,1440000000000,99,-1
18,1440000000000,535,-1
19,1440000000000,377,-1
20,1440000000000,349,-1
21,1440000000000,30,54
22,1440000000000,538,-1
24,1440000000000,351,-1
26,1440000000000,151,-1
27,1440000000000,327,-1
29,1440000000000,495,63
30,1440000000000,-1,79
31,1440000000000,387,-1
32,1440000000000,2,-1
33,1440000000000,382,-1
34,1440000000000,86,-1
35,1440000000000,26,457
36,1440000000000,32,-1
37,1440000000000,148,-1
39,1440000000000,179,-1
40,1440000000000,164,139
42,1440000000000,250,8
43,1440000000000,461,-1
44,1440000000000,325,-1
45,1440000000000,-1,273
46,1440000000000,561,-1
47,1440000000000,-1,155
48,1440000000000,275,33
49,1440000000000,176,-1
50,1440000000000,398,-1
51,1440000000000,-1,586
52,1440000000000,109,-1
53,1440000000000,-1,424
54,1440000000000,2,-1
55,1440000000000,146,-1
56,1440000000000,562,297
57,1440000000000,-1,226
59,1440000000000,409,-1
60,1440000000000,328,352
61,1440000000000,525,-1
62,1440000000000,170,-1
63,1440000000000,171,412
64,1440000000000,127,582
65,1440000000000,386,-1
66,1440000000000,-1,248
67,1440000000000,31,55
68,1440000000000,-1,59
69,1440000000000,56,-1
70,1440000000000,-1,249
71,1440000000000,432,-1
72,1440000000000,352,-1
73,1440000000000,182,-1
74,1440000000000,423,-1
75,1440000000000,433,-1
76,1440000000000,79,30
77,1440000000000,227,-1
78,1440000000000,6,-1
79,1440000000000,375,-1
81,1440000000000,-1,104
82,1440000000000,576,-1
83,1440000000000,177,152
84,1440000000000,133,-1
85,1440000000000,407,382
86,1440000000000,410,-1
87,1440000000000,154,-1
88,1440000000000,-1,58
90,1440000000000,-1,325
91,1440000000000,180,204
93,1440000000000,83,-1
94,1440000000000,299,-1
95,1440000000000,-1,276
96,1440000000000,-1,129
97,1440000000000,252,-1
98,1440000000000,-1,375
99,1440000000000,-1,133
0,1500000000000,-1,383
1,1500000000000,109,-1
2,1500000000000,-1,456
3,1500000000000,-1,109
4,1500000000000,145,363
5,1500000000000,-1,536
6,1500000000000,-1,383
7,1500000000000,89,544
8,1500000000000,157,351
9,1500000000000,-1,513
10,1500000000000,224,559
11,1500000000000,277,131
12,1500000000000,-1,207
13,1500000000000,-1,430
14,1500000000000,171,-1
15,1500000000000,-1,201
16,1500000000000,-1,99
17,1500000000000,-1,434
18,1500000000000,-1,223
19,1500000000000,-1,231
20,1500000000000,-1,59
21,1500000000000,54,-1
22,1500000000000,-1,320
23,1500000000000,-1,435
24,1500000000000,-1,157
25,1500000000000,-1,409
26,1500000000000,-1,582
27,1500000000000,-1,181
28,1500000000000,-1,198
29,1500000000000,63,-1
30,1500000000000,79,103
32,1500000000000,-1,456
35,1500000000000,457,1
37,1500000000000,-1,460
38,1500000000000,-1,407
39,1500000000000,-1,154
40,1500000000000,139,594
41,1500000000000,-1,349
42,1500000000000,8,-1
44,1500000000000,-1,83
45,1500000000000,273,585
47,1500000000000,155,179
48,1500000000000,33,-1
49,1500000000000,-1,607
50,1500000000000,-1,85
51,1500000000000,586,-1
52,1500000000000,-1,399
53,1500000000000,424,134
54,1500000000000,-1,481
55,1500000000000,-1,387
56,1500000000000,297,-1
57,1500000000000,226,32
58,1500000000000,-1,375
59,1500000000000,-1,49
60,1500000000000,352,-1
61,1500000000000,-1,283
62,1500000000000,-1,388
63,1500000000000,412,-1
64,1500000000000,582,151
65,1500000000000,-1,97
66,1500000000000,248,-1
67,1500000000000,55,128
68,1500000000000,59,349
69,1500000000000,-1,153
70,1500000000000,249,584
71,1500000000000,-1,601
72,1500000000000,-1,327
74,1500000000000,-1,110
75,1500000000000,-1,25
76,1500000000000,30,103
77,1500000000000,-1,202
79,1500000000000,-1,133
80,1500000000000,-1,225
81,1500000000000,104,-1
82,1500000000000,-1,382
83,1500000000000,152,6
84,1500000000000,-1,350
85,1500000000000,382,576
86,1500000000000,-1,98
87,1500000000000,-1,129
88,1500000000000,58,-1
89,1500000000000,-1,545
90,1500000000000,325,-1
91,1500000000000,204,-1
92,1500000000000,-1,57
93,1500000000000,-1,300
94,1500000000000,-1,9
95,1500000000000,276,82
96,1500000000000,129,-1
97,1500000000000,-1,106
98,1500000000000,375,-1
99,1500000000000,133,-1
0,1560000000000,383,-1
1,1560000000000,-1,84
2,1560000000000,456,-1
3,1560000000000,109,-1
4,1560000000000,363,-1
5,1560000000000,536,-1
6,1560000000000,383,-1
7,1560000000000,544,-1
8,1560000000000,351,-1
9,1560000000000,513,-1
10,1560000000000,559,-1
11,1560000000000,131,-1
12,1560000000000,207,376
13,1560000000000,430,527
14,1560000000000,-1,412
15,1560000000000,201,-1
16,1560000000000,99,433
17,1560000000000,434,-1
18,1560000000000,223,-1
19,1560000000000,231,-1
20,1560000000000,59,-1
21,1560000000000,-1,78
22,1560000000000,320,-1
23,1560000000000,435,-1
24,1560000000000,157,-1
25,1560000000000,409,-1
26,1560000000000,582,150
27,1560000000000,181,326
28,1560000000000,198,-1
30,1560000000000,103,-1
31,1560000000000,-1,386
32,1560000000000,456,-1
33,1560000000000,-1,551
34,1560000000000,-1,422
35,1560000000000,1,432
36,1560000000000,-1,201
37,1560000000000,460,-1
38,1560000000000,407,600
39,1560000000000,154,-1
40,1560000000000,594,-1
41,1560000000000,349,58
43,1560000000000,-1,172
44,1560000000000,83,-1
45,1560000000000,585,-1
46,1560000000000,-1,272
47,1560000000000,179,203
49,1560000000000,607,-1
50,1560000000000,85,-1
51,1560000000000,-1,297
52,1560000000000,399,-1
53,1560000000000,134,-1
54,1560000000000,481,-1
55,1560000000000,387,-1
56,1560000000000,-1,321
57,1560000000000,32,-1
58,1560000000000,375,-1
59,1560000000000,49,-1
60,1560000000000,-1,206
61,1560000000000,283,-1
62,1560000000000,388,194
64,1560000000000,151,-1
65,1560000000000,97,-1
66,1560000000000,-1,559
67,1560000000000,128,79
68,1560000000000,349,-1
69,1560000000000,153,177
70,1560000000000,584,-1
71,1560000000000,601,-1
72,1560000000000,327,181
74,1560000000000,110,-1
75,1560000000000,25,-1
76,1560000000000,103,54
77,1560000000000,202,56
78,1560000000000,-1,127
79,1560000000000,133,-1
80,1560000000000,225,-1
81,1560000000000,-1,79
82,1560000000000,382,-1
83,1560000000000,6,-1
84,1560000000000,350,-1
85,1560000000000,576,-1
86,1560000000000,98,-1
87,1560000000000,129,-1
88,1560000000000,-1,275
89,1560000000000,545,137
90,1560000000000,-1,83
91,1560000000000,-1,228
92,1560000000000,57,-1
93,1560000000000,300,-1
94,1560000000000,9,298
95,1560000000000,82,-1
96,1560000000000,-1,153
97,1560000000000,106,-1
98,1560000000000,-1,133
99,1560000000000,-1,157
1,1620000000000,84,398
2,1620000000000,-1,601
3,1620000000000,-1,398
4,1620000000000,-1,169
5,1620000000000,-1,271
6,1620000000000,-1,24
7,1620000000000,-1,113
8,1620000000000,-1,181
9,1620000000000,-1,319
11,1620000000000,-1,155
12,1620000000000,376,400
13,1620000000000,527,405
14,1620000000000,412,-1
15,1620000000000,-1,6
16,1620000000000,433,-1
17,1620000000000,-1,98
18,1620000000000,-1,534
19,1620000000000,-1,376
20,1620000000000,-1,348
21,1620000000000,78,29
22,1620000000000,-1,537
23,1620000000000,-1,122
24,1620000000000,-1,350
26,1620000000000,150,-1
27,1620000000000,326,-1
29,1620000000000,-1,494
30,1620000000000,-1,54
31,1620000000000,386,-1
32,1620000000000,-1,1
33,1620000000000,551,381
34,1620000000000,422,85
35,1620000000000,432,25
36,1620000000000,201,31
37,1620000000000,-1,147
38,1620000000000,600,-1
39,1620000000000,-1,178
41,1620000000000,58,-1
42,1620000000000,-1,274
43,1620000000000,172,460
44,1620000000000,-1,349
46,1620000000000,272,560
47,1620000000000,203,-1
48,1620000000000,-1,299
49,1620000000000,-1,175
50,1620000000000,-1,397
51,1620000000000,297,-1
52,1620000000000,-1,108
54,1620000000000,-1,1
56,1620000000000,321,561
58,1620000000000,-1,157
59,1620000000000,-1,408
60,1620000000000,206,230
61,1620000000000,-1,549
62,1620000000000,194,-1
63,1620000000000,-1,170
64,1620000000000,-1,581
65,1620000000000,-1,385
66,1620000000000,559,-1
67,1620000000000,79,103
69,1620000000000,177,55
71,1620000000000,-1,431
72,1620000000000,181,351
73,1620000000000,-1,181
74,1620000000000,-1,422
75,1620000000000,-1,432
76,1620000000000,54,78
77,1620000000000,56,226
78,1620000000000,127,5
79,1620000000000,-1,399
80,1620000000000,-1,7
81,1620000000000,79,-1
82,1620000000000,-1,575
83,1620000000000,-1,176
84,1620000000000,-1,132
85,1620000000000,-1,406
86,1620000000000,-1,409
87,1620000000000,-1,153
88,1620000000000,275,-1
89,1620000000000,137,-1
90,1620000000000,83,107
91,1620000000000,228,179
92,1620000000000,-1,250
93,1620000000000,-1,82
94,1620000000000,298,-1
96,1620000000000,153,104
97,1620000000000,-1,251
98,1620000000000,133,157
99,1620000000000,157,350
0,1680000000000,-1,24
1,1680000000000,398,108
2,1680000000000,601,-1
3,1680000000000,398,-1
4,1680000000000,169,144
5,1680000000000,271,-1
6,1680000000000,24,-1
7,1680000000000,113,88
8,1680000000000,181,350
9,1680000000000,319,-1
10,1680000000000,-1,223
11,1680000000000,155,276
12,1680000000000,400,-1
13,1680000000000,405,-1
14,1680000000000,-1,170
15,1680000000000,6,-1
17,1680000000000,98,-1
18,1680000000000,534,-1
19,1680000000000,376,-1
20,1680000000000,348,-1
21,1680000000000,29,53
22,1680000000000,537,-1
23,1680000000000,122,-1
24,1680000000000,350,-1
29,1680000000000,494,62
30,1680000000000,54,78
32,1680000000000,1,480
33,1680000000000,381,-1
34,1680000000000,85,-1
35,1680000000000,25,456
36,1680000000000,31,-1
37,1680000000000,147,-1
39,1680000000000,178,-1
40,1680000000000,-1,138
42,1680000000000,274,7
43,1680000000000,460,-1
44,1680000000000,349,-1
45,1680000000000,-1,272
46,1680000000000,560,-1
47,1680000000000,-1,154
48,1680000000000,299,-1
49,1680000000000,175,-1
50,1680000000000,397,84
51,1680000000000,-1,585
52,1680000000000,108,-1
53,1680000000000,-1,423
54,1680000000000,1,-1
56,1680000000000,561,296
57,1680000000000,-1,225
58,1680000000000,157,-1
59,1680000000000,408,-1
60,1680000000000,230,351
61,1680000000000,549,-1
62,1680000000000,-1,169
63,1680000000000,170,411
64,1680000000000,581,-1
65,1680000000000,385,-1
66,1680000000000,-1,247
67,1680000000000,103,54
68,1680000000000,-1,58
69,1680000000000,55,-1
70,1680000000000,-1,248
71,1680000000000,431,-1
72,1680000000000,351,-1
73,1680000000000,181,-1
74,1680000000000,422,-1
75,1680000000000,432,-1
76,1680000000000,78,29
77,1680000000000,226,80
78,1680000000000,5,-1
79,1680000000000,399,-1
80,1680000000000,7,-1
81,1680000000000,-1,103
82,1680000000000,575,-1
83,1680000000000,176,151
84,1680000000000,132,-1
85,1680000000000,406,551
86,1680000000000,409,-1
87,1680000000000,153,104
88,1680000000000,-1,57
90,1680000000000,107,-1
91,1680000000000,179,203
92,1680000000000,250,-1
93,1680000000000,82,-1
95,1680000000000,-1,275
96,1680000000000,104,128
97,1680000000000,251,-1
98,1680000000000,157,399
99,1680000000000,350,132
0,1740000000000,24,48
1,1740000000000,108,-1
2,1740000000000,-1,455
3,1740000000000,-1,108
4,1740000000000,144,362
5,1740000000000,-1,535
7,1740000000000,88,543
8,1740000000000,350,-1
9,1740000000000,-1,512
10,1740000000000,223,558
11,1740000000000,276,130
12,1740000000000,-1,206
13,1740000000000,-1,429
14,1740000000000,170,-1
15,1740000000000,-1,200
16,1740000000000,-1,98
17,1740000000000,-1,433
18,1740000000000,-1,222
19,1740000000000,-1,230
20,1740000000000,-1,58
21,1740000000000,53,-1
22,1740000000000,-1,319
23,1740000000000,-1,434
24,1740000000000,-1,156
25,1740000000000,-1,408
26,1740000000000,-1,581
27,1740000000000,-1,180
28,1740000000000,-1,533
29,1740000000000,62,-1
30,1740000000000,78,102
32,1740000000000,480,455
33,1740000000000,-1,575
35,1740000000000,456,0
36,1740000000000,-1,225
37,1740000000000,-1,459
38,1740000000000,-1,406
39,1740000000000,-1,153
40,1740000000000,138,593
41,1740000000000,-1,348
42,1740000000000,7,-1
44,1740000000000,-1,82
45,1740000000000,272,584
46,1740000000000,-1,271
47,1740000000000,154,178
48,1740000000000,-1,32
49,1740000000000,-1,606
50,1740000000000,84,-1
51,1740000000000,585,609
52,1740000000000,-1,398
53,1740000000000,423,133
54,1740000000000,-1,480
55,1740000000000,-1,386
56,1740000000000,296,320
57,1740000000000,225,31
58,1740000000000,-1,399
59,1740000000000,-1,48
60,1740000000000,351,-1
61,1740000000000,-1,282
62,1740000000000,169,387
63,1740000000000,411,-1
64,1740000000000,-1,150
66,1740000000000,247,-1
67,1740000000000,54,127
68,1740000000000,58,348
69,1740000000000,-1,79
70,1740000000000,248,583
71,1740000000000,-1,600
72,1740000000000,-1,180
73,1740000000000,-1,375
74,1740000000000,-1,109
75,1740000000000,-1,49
76,1740000000000,29,102
77,1740000000000,80,201
78,1740000000000,-1,29
79,1740000000000,-1,132
80,1740000000000,-1,6
81,1740000000000,103,-1
82,1740000000000,-1,381
83,1740000000000,151,5
84,1740000000000,-1,374
85,1740000000000,551,575
86,1740000000000,-1,97
87,1740000000000,104,128
88,1740000000000,57,-1
89,1740000000000,-1,544
90,1740000000000,-1,349
91,1740000000000,203,-1
92,1740000000000,-1,56
93,1740000000000,-1,324
94,1740000000000,-1,8
95,1740000000000,275,81
96,1740000000000,128,-1
97,1740000000000,-1,105
98,1740000000000,399,-1
99,1740000000000,132,399
0,1800000000000,48,382
1,1800000000000,-1,397
2,1800000000000,455,-1
3,1800000000000,108,-1
4,1800000000000,362,-1
5,1800000000000,535,-1
6,1800000000000,-1,382
7,1800000000000,543,-1
9,1800000000000,512,-1
10,1800000000000,558,-1
11,1800000000000,130,-1
12,1800000000000,206,375
13,1800000000000,429,526
14,1800000000000,-1,411
15,1800000000000,200,-1
16,1800000000000,98,432
17,1800000000000,433,-1
18,1800000000000,222,-1
19,1800000000000,230,-1
20,1800000000000,58,-1
21,1800000000000,-1,77
22,1800000000000,319,-1
23,1800000000000,434,-1
24,1800000000000,156,-1
25,1800000000000,408,-1
26,1800000000000,581,174
27,1800000000000,180,325
28,1800000000000,533,197
30,1800000000000,102,-1
31,1800000000000,-1,385
32,1800000000000,455,-1
33,1800000000000,575,550
34,1800000000000,-1,421
35,1800000000000,0,431
36,1800000000000,225,200
37,1800000000000,459,-1
38,1800000000000,406,624
39,1800000000000,153,-1
40,1800000000000,593,-1
41,1800000000000,348,57
43,1800000000000,-1,171
44,1800000000000,82,-1
45,1800000000000,584,-1
46,1800000000000,271,-1
47,1800000000000,178,202
48,1800000000000,32,-1
49,1800000000000,606,-1
51,1800000000000,609,296
52,1800000000000,398,-1
53,1800000000000,133,-1
54,1800000000000,480,-1
55,1800000000000,386,-1
56,1800000000000,320,-1
57,1800000000000,31,-1
58,1800000000000,399,-1
59,1800000000000,48,-1
60,1800000000000,-1,229
61,1800000000000,282,-1
62,1800000000000,387,193
64,1800000000000,150,-1
65,1800000000000,-1,96
66,1800000000000,-1,558
67,1800000000000,127,151
68,1800000000000,348,-1
69,1800000000000,79,176
70,1800000000000,583,-1
71,1800000000000,600,-1
72,1800000000000,180,-1
73,1800000000000,375,-1
74,1800000000000,109,-1
75,1800000000000,49,-1
76,1800000000000,102,53
77,1800000000000,201,55
78,1800000000000,29,126
79,1800000000000,132,-1
80,1800000000000,6,249
81,1800000000000,-1,78
82,1800000000000,381,-1
83,1800000000000,5,-1
84,1800000000000,374,-1
85,1800000000000,575,-1
86,1800000000000,97,-1
87,1800000000000,128,-1
88,1800000000000,-1,299
89,1800000000000,544,136
90,1800000000000,349,-1
91,1800000000000,-1,227
92,1800000000000,56,-1
93,1800000000000,324,-1
94,1800000000000,8,297
95,1800000000000,81,-1
96,1800000000000,-1,152
97,1800000000000,105,-1
99,1800000000000,399,156
0,1860000000000,382,-1
1,1860000000000,397,-1
2,1860000000000,-1,600
3,1860000000000,-1,397
4,1860000000000,-1,168
5,1860000000000,-1,270
6,1860000000000,382,23
7,1860000000000,-1,112
8,1860000000000,-1,180
9,1860000000000,-1,318
11,1860000000000,-1,154
12,1860000000000,375,424
13,1860000000000,526,404
14,1860000000000,411,-1
15,1860000000000,-1,5
16,1860000000000,432,-1
17,1860000000000,-1,97
18,1860000000000,-1,533
19,1860000000000,-1,375
20,1860000000000,-1,347
21,1860000000000,77,28
23,1860000000000,-1,121
24,1860000000000,-1,374
26,1860000000000,174,-1
27,1860000000000,325,-1
28,1860000000000,197,-1
29,1860000000000,-1,493
30,1860000000000,-1,53
31,1860000000000,385,-1
32,1860000000000,-1,0
33,1860000000000,550,380
34,1860000000000,421,84
35,1860000000000,431,49
36,1860000000000,200,30
37,1860000000000,-1,146
38,1860000000000,624,-1
39,1860000000000,-1,177
40,1860000000000,-1,162
41,1860000000000,57,-1
42,1860000000000,-1,273
43,1860000000000,171,459
44,1860000000000,-1,348
46,1860000000000,-1,559
47,1860000000000,202,-1
48,1860000000000,-1,298
49,1860000000000,-1,199
51,1860000000000,296,-1
52,1860000000000,-1,107
54,1860000000000,-1,0
56,1860000000000,-1,295
57,1860000000000,-1,274
58,1860000000000,-1,156
59,1860000000000,-1,407
60,1860000000000,229,-1
62,1860000000000,193,-1
63,1860000000000,-1,169
64,1860000000000,-1,580
65,1860000000000,96,384
66,1860000000000,558,-1
67,1860000000000,151,29
69,1860000000000,176,54
71,1860000000000,-1,430
72,1860000000000,-1,350
73,1860000000000,-1,180
75,1860000000000,-1,431
76,1860000000000,53,77
77,1860000000000,55,225
78,1860000000000,126,4
79,1860000000000,-1,398
80,1860000000000,249,-1
81,1860000000000,78,-1
82,1860000000000,-1,599
83,1860000000000,-1,175
84,1860000000000,-1,131
85,1860000000000,-1,405
86,1860000000000,-1,408
87,1860000000000,-1,152
88,1860000000000,299,56
89,1860000000000,136,-1
90,1860000000000,-1,106
91,1860000000000,227,-1
92,1860000000000,-1,274
93,1860000000000,-1,81
94,1860000000000,297,-1
96,1860000000000,152,103
97,1860000000000,-1,250
98,1860000000000,-1,156
99,1860000000000,156,374
1,1920000000000,-1,107
2,1920000000000,600,-1
3,1920000000000,397,-1
4,1920000000000,168,361
5,1920000000000,270,-1
6,1920000000000,23,-1
7,1920000000000,112,87
8,1920000000000,180,155
9,1920000000000,318,-1
10,1920000000000,-1,222
11,1920000000000,154,275
12,1920000000000,424,-1
13,1920000000000,404,-1
14,1920000000000,-1,169
15,1920000000000,5,-1
17,1920000000000,97,-1
18,1920000000000,533,-1
19,1920000000000,375,-1
20,1920000000000,347,-1
21,1920000000000,28,52
22,1920000000000,-1,536
23,1920000000000,121,-1
24,1920000000000,374,-1
25,1920000000000,-1,97
29,1920000000000,493,61
30,1920000000000,53,77
32,1920000000000,0,479
33,1920000000000,380,-1
34,1920000000000,84,-1
35,1920000000000,49,-1
36,1920000000000,30,-1
37,1920000000000,146,-1
39,1920000000000,177,-1
40,1920000000000,162,137
42,1920000000000,273,6
43,1920000000000,459,-1
44,1920000000000,348,-1
45,1920000000000,-1,583
46,1920000000000,559,-1
47,1920000000000,-1,153
48,1920000000000,298,-1
49,1920000000000,199,-1
50,1920000000000,-1,83
51,1920000000000,-1,584
52,1920000000000,107,131
53,1920000000000,-1,422
54,1920000000000,0,-1
55,1920000000000,-1,168
56,1920000000000,295,-1
57,1920000000000,274,55
58,1920000000000,156,-1
59,1920000000000,407,-1
60,1920000000000,-1,350
61,1920000000000,-1,548
62,1920000000000,-1,386
63,1920000000000,169,410
64,1920000000000,580,-1
65,1920000000000,384,-1
66,1920000000000,-1,246
67,1920000000000,29,53
68,1920000000000,-1,347
69,1920000000000,54,-1
70,1920000000000,-1,247
71,1920000000000,430,-1
72,1920000000000,350,204
73,1920000000000,180,-1
74,1920000000000,-1,445
75,1920000000000,431,-1
76,1920000000000,77,28
77,1920000000000,225,79
78,1920000000000,4,-1
79,1920000000000,398,-1
81,1920000000000,-1,102
82,1920000000000,599,-1
83,1920000000000,175,150
84,1920000000000,131,-1
85,1920000000000,405,550
86,1920000000000,408,-1
87,1920000000000,152,-1
88,1920000000000,56,-1
90,1920000000000,106,-1
91,1920000000000,-1,202
92,1920000000000,274,-1
93,1920000000000,81,-1
95,1920000000000,-1,299
96,1920000000000,103,127
97,1920000000000,250,-1
98,1920000000000,156,398
99,1920000000000,374,398
0,1980000000000,-1,47
1,1980000000000,107,-1
2,1980000000000,-1,454
3,1980000000000,-1,107
4,1980000000000,361,-1
5,1980000000000,-1,534
7,1980000000000,87,542
8,1980000000000,155,374
9,1980000000000,-1,511
10,1980000000000,222,557
11,1980000000000,275,129
12,1980000000000,-1,205
13,1980000000000,-1,428
14,1980000000000,169,-1
15,1980000000000,-1,224
16,1980000000000,-1,97
17,1980000000000,-1,432
18,1980000000000,-1,221
19,1980000000000,-1,229
20,1980000000000,-1,57
21,1980000000000,52,-1
22,1980000000000,536,318
23,1980000000000,-1,433
24,1980000000000,-1,155
25,1980000000000,97,96
26,1980000000000,-1,580
27,1980000000000,-1,179
28,1980000000000,-1,532
29,1980000000000,61,-1
30,1980000000000,77,101
31,1980000000000,-1,144
32,1980000000000,479,454
33,1980000000000,-1,599
35,1980000000000,-1,24
36,1980000000000,-1,249
37,1980000000000,-1,458
38,1980000000000,-1,405
39,1980000000000,-1,152
40,1980000000000,137,592
41,1980000000000,-1,347
42,1980000000000,6,-1
44,1980000000000,-1,81
45,1980000000000,583,-1
46,1980000000000,-1,270
47,1980000000000,153,177
48,1980000000000,-1,31
49,1980000000000,-1,605
50,1980000000000,83,-1
51,1980000000000,584,608
52,1980000000000,131,397
53,1980000000000,422,132
54,1980000000000,-1,479
55,1980000000000,168,385
56,1980000000000,-1,319
57,1980000000000,55,30
58,1980000000000,-1,398
59,1980000000000,-1,47
60,1980000000000,350,204
61,1980000000000,548,281
62,1980000000000,386,-1
63,1980000000000,410,-1
64,1980000000000,-1,174
66,1980000000000,246,-1
67,1980000000000,53,126
68,1980000000000,347,-1
69,1980000000000,-1,78
70,1980000000000,247,582
71,1980000000000,-1,624
72,1980000000000,204,-1
73,1980000000000,-1,399
74,1980000000000,445,108
75,1980000000000,-1,48
76,1980000000000,28,101
77,1980000000000,79,200
78,1980000000000,-1,28
79,1980000000000,-1,131
80,1980000000000,-1,248
81,1980000000000,102,-1
82,1980000000000,-1,380
83,1980000000000,150,4
84,1980000000000,-1,373
85,1980000000000,550,599
86,1980000000000,-1,96
87,1980000000000,-1,127
89,1980000000000,-1,543
90,1980000000000,-1,348
91,1980000000000,202,-1
92,1980000000000,-1,55
93,1980000000000,-1,323
94,1980000000000,-1,7
95,1980000000000,299,80
96,1980000000000,127,-1
97,1980000000000,-1,104
98,1980000000000,398,-1
99,1980000000000,398,-1
0,2040000000000,47,381
1,2040000000000,-1,396
2,2040000000000,454,-1
3,2040000000000,107,-1
5,2040000000000,534,-1
6,2040000000000,-1,381
7,2040000000000,542,-1
8,2040000000000,374,-1
9,2040000000000,511,-1
10,2040000000000,557,-1
11,2040000000000,129,-1
12,2040000000000,205,423
13,2040000000000,428,525
14,2040000000000,-1,410
15,2040000000000,224,-1
16,2040000000000,97,431
17,2040000000000,432,-1
18,2040000000000,221,-1
19,2040000000000,229,-1
20,2040000000000,57,-1
21,2040000000000,-1,76
22,2040000000000,318,-1
23,2040000000000,433,-1
24,2040000000000,155,-1
25,2040000000000,96,-1
26,2040000000000,580,173
27,2040000000000,179,349
28,2040000000000,532,196
30,2040000000000,101,-1
31,2040000000000,144,-1
32,2040000000000,454,-1
33,2040000000000,599,574
34,2040000000000,-1,420
35,2040000000000,24,48
36,2040000000000,249,224
37,2040000000000,458,-1
38,2040000000000,405,623
39,2040000000000,152,-1
40,2040000000000,592,-1
41,2040000000000,347,-1
44,2040000000000,81,-1
46,2040000000000,270,-1
47,2040000000000,177,201
48,2040000000000,31,-1
49,2040000000000,605,-1
51,2040000000000,608,-1
52,2040000000000,397,-1
53,2040000000000,132,-1
54,2040000000000,479,-1
55,2040000000000,385,-1
56,2040000000000,319,-1
57,2040000000000,30,-1
58,2040000000000,398,-1
59,2040000000000,47,406
60,2040000000000,204,228
61,2040000000000,281,-1
62,2040000000000,-1,192
63,2040000000000,-1,168
64,2040000000000,174,-1
65,2040000000000,-1,95
66,2040000000000,-1,557
67,2040000000000,126,150
69,2040000000000,78,175
70,2040000000000,582,-1
71,2040000000000,624,-1
72,2040000000000,-1,179
73,2040000000000,399,-1
74,2040000000000,108,-1
75,2040000000000,48,-1
76,2040000000000,101,52
77,2040000000000,200,54
78,2040000000000,28,125
79,2040000000000,131,-1
80,2040000000000,248,-1
81,2040000000000,-1,77
82,2040000000000,380,-1
83,2040000000000,4,-1
84,2040000000000,373,-1
85,2040000000000,599,-1
86,2040000000000,96,-1
87,2040000000000,127,-1
88,2040000000000,-1,298
89,2040000000000,543,135
90,2040000000000,348,372
91,2040000000000,-1,226
92,2040000000000,55,-1
93,2040000000000,323,-1
94,2040000000000,7,296
95,2040000000000,80,-1
96,2040000000000,-1,151
97,2040000000000,104,-1
99,2040000000000,-1,155
0,2100000000000,381,-1
1,2100000000000,396,-1
2,2100000000000,-1,624
3,2100000000000,-1,396
4,2100000000000,-1,167
5,2100000000000,-1,269
6,2100000000000,381,405
7,2100000000000,-1,111
8,2100000000000,-1,179
9,2100000000000,-1,317
11,2100000000000,-1,153
12,2100000000000,423,-1
13,2100000000000,525,403
14,2100000000000,410,-1
15,2100000000000,-1,4
16,2100000000000,431,-1
17,2100000000000,-1,96
18,2100000000000,-1,532
19,2100000000000,-1,399
20,2100000000000,-1,346
21,2100000000000,76,27
23,2100000000000,-1,120
24,2100000000000,-1,373
26,2100000000000,173,-1
27,2100000000000,349,-1
28,2100000000000,196,-1
29,2100000000000,-1,492
30,2100000000000,-1,52
31,2100000000000,-1,384
32,2100000000000,-1,24
33,2100000000000,574,379
34,2100000000000,420,83
35,2100000000000,48,-1
36,2100000000000,224,29
37,2100000000000,-1,145
38,2100000000000,623,-1
39,2100000000000,-1,176
40,2100000000000,-1,161
41,2100000000000,-1,56
42,2100000000000,-1,272
43,2100000000000,-1,194
44,2100000000000,-1,347
46,2100000000000,-1,558
47,2100000000000,201,-1
48,2100000000000,-1,297
49,2100000000000,-1,198
50,2100000000000,-1,420
51,2100000000000,-1,295
54,2100000000000,-1,24
57,2100000000000,-1,273
58,2100000000000,-1,155
59,2100000000000,406,-1
60,2100000000000,228,-1
62,2100000000000,192,-1
63,2100000000000,168,-1
64,2100000000000,-1,604
65,2100000000000,95,383
66,2100000000000,557,-1
67,2100000000000,150,101
69,2100000000000,175,53
70,2100000000000,-1,271
71,2100000000000,-1,429
72,2100000000000,179,374
73,2100000000000,-1,398
75,2100000000000,-1,430
76,2100000000000,52,76
77,2100000000000,54,249
78,2100000000000,125,3
79,2100000000000,-1,397
81,2100000000000,77,101
82,2100000000000,-1,598
83,2100000000000,-1,199
84,2100000000000,-1,130
85,2100000000000,-1,404
86,2100000000000,-1,407
87,2100000000000,-1,151
88,2100000000000,298,55
89,2100000000000,135,-1
90,2100000000000,372,105
91,2100000000000,226,-1
92,2100000000000,-1,273
93,2100000000000,-1,80
94,2100000000000,296,-1
96,2100000000000,151,102
97,2100000000000,-1,274
98,2100000000000,-1,155
99,2100000000000,155,373
1,2160000000000,-1,106
2,2160000000000,624,-1
3,2160000000000,396,-1
4,2160000000000,167,360
5,2160000000000,269,-1
6,2160000000000,405,22
7,2160000000000,111,86
8,2160000000000,179,373
9,2160000000000,317,-1
10,2160000000000,-1,221
11,2160000000000,153,299
12,2160000000000,-1,204
13,2160000000000,403,-1
14,2160000000000,-1,434
15,2160000000000,4,-1
17,2160000000000,96,-1
18,2160000000000,532,-1
19,2160000000000,399,-1
20,2160000000000,346,-1
21,2160000000000,27,51
22,2160000000000,-1,535
23,2160000000000,120,432
24,2160000000000,373,-1
25,2160000000000,-1,431
26,2160000000000,-1,579
29,2160000000000,492,60
30,2160000000000,52,76
31,2160000000000,384,-1
32,2160000000000,24,478
33,2160000000000,379,-1
34,2160000000000,83,-1
35,2160000000000,-1,454
36,2160000000000,29,-1
37,2160000000000,145,457
39,2160000000000,176,-1
40,2160000000000,161,136
41,2160000000000,56,-1
42,2160000000000,272,-1
43,2160000000000,194,458
44,2160000000000,347,-1
45,2160000000000,-1,582
46,2160000000000,558,-1
47,2160000000000,-1,176
48,2160000000000,297,-1
49,2160000000000,198,-1
50,2160000000000,420,82
51,2160000000000,295,319
52,2160000000000,-1,130
53,2160000000000,-1,421
54,2160000000000,24,-1
55,2160000000000,-1,167
56,2160000000000,-1,583
57,2160000000000,273,54
58,2160000000000,155,-1
60,2160000000000,-1,374
61,2160000000000,-1,547
62,2160000000000,-1,385
63,2160000000000,-1,409
64,2160000000000,604,579
65,2160000000000,383,-1
66,2160000000000,-1,245
67,2160000000000,101,52
68,2160000000000,-1,346
69,2160000000000,53,77
70,2160000000000,271,606
71,2160000000000,429,-1
72,2160000000000,374,-1
73,2160000000000,398,-1
74,2160000000000,-1,444
75,2160000000000,430,-1
76,2160000000000,76,27
77,2160000000000,249,78
78,2160000000000,3,-1
79,2160000000000,397,-1
81,2160000000000,101,-1
82,2160000000000,598,-1
83,2160000000000,199,174
84,2160000000000,130,-1
85,2160000000000,404,428
86,2160000000000,407,-1
87,2160000000000,151,-1
88,2160000000000,55,322
89,2160000000000,-1,542
90,2160000000000,105,-1
91,2160000000000,-1,201
92,2160000000000,273,-1
93,2160000000000,80,-1
95,2160000000000,-1,298
96,2160000000000,102,126
97,2160000000000,274,-1
98,2160000000000,155,-1
99,2160000000000,373,397
0,2220000000000,-1,46
1,2220000000000,106,-1
2,2220000000000,-1,453
3,2220000000000,-1,106
4,2220000000000,360,-1
6,2220000000000,22,-1
7,2220000000000,86,541
8,2220000000000,373,-1
9,2220000000000,-1,510
10,2220000000000,221,556
11,2220000000000,299,128
12,2220000000000,204,-1
13,2220000000000,-1,427
14,2220000000000,434,192
15,2220000000000,-1,223
16,2220000000000,-1,96
17,2220000000000,-1,431
18,2220000000000,-1,220
19,2220000000000,-1,228
20,2220000000000,-1,56
21,2220000000000,51,-1
22,2220000000000,535,317
23,2220000000000,432,-1
24,2220000000000,-1,154
25,2220000000000,431,95
26,2220000000000,579,-1
27,2220000000000,-1,178
28,2220000000000,-1,531
29,2220000000000,60,-1
30,2220000000000,76,100
31,2220000000000,-1,143
32,2220000000000,478,453
33,2220000000000,-1,598
35,2220000000000,454,23
36,2220000000000,-1,248
37,2220000000000,457,-1
38,2220000000000,-1,404
39,2220000000000,-1,151
40,2220000000000,136,591
41,2220000000000,-1,346
42,2220000000000,-1,5
43,2220000000000,458,-1
44,2220000000000,-1,80
45,2220000000000,582,-1
46,2220000000000,-1,269
47,2220000000000,176,-1
48,2220000000000,-1,30
49,2220000000000,-1,604
50,2220000000000,82,-1
51,2220000000000,319,607
52,2220000000000,130,396
53,2220000000000,421,131
54,2220000000000,-1,478
55,2220000000000,167,-1
56,2220000000000,583,318
57,2220000000000,54,29
58,2220000000000,-1,397
59,2220000000000,-1,71
60,2220000000000,374,-1
61,2220000000000,547,280
62,2220000000000,385,-1
63,2220000000000,409,-1
64,2220000000000,579,173
66,2220000000000,245,-1
67,2220000000000,52,-1
68,2220000000000,346,-1
69,2220000000000,77,-1
70,2220000000000,606,581
71,2220000000000,-1,623
72,2220000000000,-1,203
74,2220000000000,444,-1
75,2220000000000,-1,47
76,2220000000000,27,100
77,2220000000000,78,53
78,2220000000000,-1,27
79,2220000000000,-1,130
80,2220000000000,-1,247
81,2220000000000,-1,125
82,2220000000000,-1,379
83,2220000000000,174,3
84,2220000000000,-1,372
85,2220000000000,428,598
86,2220000000000,-1,95
87,2220000000000,-1,126
88,2220000000000,322,-1
89,2220000000000,542,-1
91,2220000000000,201,-1
92,2220000000000,-1,54
93,2220000000000,-1,322
94,2220000000000,-1,6
95,2220000000000,298,79
96,2220000000000,126,150
97,2220000000000,-1,103
98,2220000000000,-1,397
99,2220000000000,397,-1
0,2280000000000,46,380
1,2280000000000,-1,395
2,2280000000000,453,-1
3,2280000000000,106,-1
4,2280000000000,-1,166
5,2280000000000,-1,268
6,2280000000000,-1,404
7,2280000000000,541,-1
8,2280000000000,-1,178
9,2280000000000,510,-1
10,2280000000000,556,-1
11,2280000000000,128,323
12,2280000000000,-1,422
13,2280000000000,427,549
14,2280000000000,192,-1
15,2280000000000,223,28
16,2280000000000,96,430
17,2280000000000,431,-1
18,2280000000000,220,-1
19,2280000000000,228,-1
20,2280000000000,56,-1
21,2280000000000,-1,75
22,2280000000000,317,-1
24,2280000000000,154,-1
25,2280000000000,95,-1
26,2280000000000,-1,172
27,2280000000000,178,348
28,2280000000000,531,195
29,2280000000000,-1,491
30,2280000000000,100,51
31,2280000000000,143,-1
32,2280000000000,453,23
33,2280000000000,598,378
34,2280000000000,-1,419
35,2280000000000,23,47
36,2280000000000,248,223
38,2280000000000,404,622
39,2280000000000,151,175
40,2280000000000,591,-1
41,2280000000000,346,-1
42,2280000000000,5,271
43,2280000000000,-1,193
44,2280000000000,80,-1
46,2280000000000,269,-1
47,2280000000000,-1,200
48,2280000000000,30,-1
49,2280000000000,604,-1
51,2280000000000,607,-1
52,2280000000000,396,-1
53,2280000000000,131,-1
54,2280000000000,478,-1
55,2280000000000,-1,384
56,2280000000000,318,-1
57,2280000000000,29,272
58,2280000000000,397,-1
59,2280000000000,71,405
60,2280000000000,-1,227
61,2280000000000,280,-1
62,2280000000000,-1,191
64,2280000000000,173,603
65,2280000000000,-1,94
66,2280000000000,-1,556
67,2280000000000,-1,174
69,2280000000000,-1,199
70,2280000000000,581,270
71,2280000000000,623,428
72,2280000000000,203,373
73,2280000000000,-1,203
74,2280000000000,-1,107
75,2280000000000,47,-1
76,2280000000000,100,51
77,2280000000000,53,248
78,2280000000000,27,149
79,2280000000000,130,-1
80,2280000000000,247,-1
81,2280000000000,125,76
82,2280000000000,379,-1
83,2280000000000,3,198
84,2280000000000,372,-1
85,2280000000000,598,-1
86,2280000000000,95,-1
87,2280000000000,126,-1
88,2280000000000,-1,79
89,2280000000000,-1,134
90,2280000000000,-1,371
91,2280000000000,-1,225
92,2280000000000,54,-1
93,2280000000000,322,-1
94,2280000000000,6,295
95,2280000000000,79,-1
96,2280000000000,150,-1
97,2280000000000,103,-1
98,2280000000000,397,-1
99,2280000000000,-1,154
0,2340000000000,380,-1
1,2340000000000,395,-1
2,2340000000000,-1,623
3,2340000000000,-1,395
4,2340000000000,166,-1
5,2340000000000,268,-1
6,2340000000000,404,-1
7,2340000000000,-1,110
8,2340000000000,178,-1
9,2340000000000,-1,316
11,2340000000000,323,152
12,2340000000000,422,-1
13,2340000000000,549,402
15,2340000000000,28,3
16,2340000000000,430,-1
17,2340000000000,-1,95
18,2340000000000,-1,531
19,2340000000000,-1,398
20,2340000000000,-1,345
21,2340000000000,75,26
24,2340000000000,-1,372
26,2340000000000,172,-1
27,2340000000000,348,-1
28,2340000000000,195,-1
29,2340000000000,491,-1
30,2340000000000,51,-1
31,2340000000000,-1,383
32,2340000000000,23,-1
33,2340000000000,378,-1
34,2340000000000,419,443
35,2340000000000,47,-1
36,2340000000000,223,28
38,2340000000000,622,-1
39,2340000000000,175,-1
40,2340000000000,-1,160
41,2340000000000,-1,55
42,2340000000000,271,-1
43,2340000000000,193,-1
44,2340000000000,-1,346
46,2340000000000,-1,557
47,2340000000000,200,-1
48,2340000000000,-1,296
49,2340000000000,-1,197
50,2340000000000,-1,419
51,2340000000000,-1,294
54,2340000000000,-1,23
55,2340000000000,384,-1
57,2340000000000,272,-1
58,2340000000000,-1,154
59,2340000000000,405,-1
60,2340000000000,227,-1
62,2340000000000,191,-1
63,2340000000000,-1,167
64,2340000000000,603,-1
65,2340000000000,94,382
66,2340000000000,556,-1
67,2340000000000,174,-1
68,2340000000000,-1,80
69,2340000000000,199,52
70,2340000000000,270,-1
71,2340000000000,428,-1
72,2340000000000,373,-1
73,2340000000000,203,178
74,2340000000000,107,-1
75,2340000000000,-1,429
76,2340000000000,51,75
77,2340000000000,248,-1
78,2340000000000,149,2
79,2340000000000,-1,396
81,2340000000000,76,100
82,2340000000000,-1,597
83,2340000000000,198,-1
84,2340000000000,-1,129
85,2340000000000,-1,403
86,2340000000000,-1,406
87,2340000000000,-1,150
88,2340000000000,79,321
89,2340000000000,134,-1
90,2340000000000,371,104
91,2340000000000,225,176
92,2340000000000,-1,272
93,2340000000000,-1,79
94,2340000000000,295,-1
95,2340000000000,-1,322
96,2340000000000,-1,101
97,2340000000000,-1,273
98,2340000000000,-1,154
99,2340000000000,154,-1
0,2400000000000,-1,45
1,2400000000000,-1,105
2,2400000000000,623,-1
3,2400000000000,395,105
4,2400000000000,-1,359
6,2400000000000,-1,21
7,2400000000000,110,540
8,2400000000000,-1,153
9,2400000000000,316,-1
10,2400000000000,-1,220
11,2400000000000,152,298
13,2400000000000,402,-1
14,2400000000000,-1,433
15,2400000000000,3,222
16,2400000000000,-1,95
17,2400000000000,95,430
18,2400000000000,531,-1
19,2400000000000,398,-1
20,2400000000000,345,55
21,2400000000000,26,50
22,2400000000000,-1,558
23,2400000000000,-1,143
24,2400000000000,372,153
25,2400000000000,-1,430
27,2400000000000,-1,177
28,2400000000000,-1,530
29,2400000000000,-1,59
30,2400000000000,-1,75
31,2400000000000,383,142
32,2400000000000,-1,477
33,2400000000000,-1,597
34,2400000000000,443,-1
36,2400000000000,28,247
37,2400000000000,-1,456
38,2400000000000,-1,403
39,2400000000000,-1,150
40,2400000000000,160,590
41,2400000000000,55,345
43,2400000000000,-1,457
44,2400000000000,346,-1
45,2400000000000,-1,581
46,2400000000000,557,-1
47,2400000000000,-1,175
48,2400000000000,296,-1
49,2400000000000,197,603
50,2400000000000,419,81
51,2400000000000,294,318
52,2400000000000,-1,129
53,2400000000000,-1,130
54,2400000000000,23,-1
55,2400000000000,-1,166
56,2400000000000,-1,582
57,2400000000000,-1,53
58,2400000000000,154,-1
59,2400000000000,-1,70
60,2400000000000,-1,373
61,2400000000000,-1,546
62,2400000000000,-1,384
63,2400000000000,167,-1
64,2400000000000,-1,172
65,2400000000000,382,-1
66,2400000000000,-1,244
67,2400000000000,-1,51
68,2400000000000,80,345
69,2400000000000,52,76
70,2400000000000,-1,605
72,2400000000000,-1,202
73,2400000000000,178,397
74,2400000000000,-1,443
75,2400000000000,429,-1
76,2400000000000,75,26
77,2400000000000,-1,77
78,2400000000000,2,-1
79,2400000000000,396,-1
80,2400000000000,-1,28
81,2400000000000,100,-1
82,2400000000000,597,378
83,2400000000000,-1,173
84,2400000000000,129,-1
85,2400000000000,403,427
86,2400000000000,406,-1
87,2400000000000,150,-1
88,2400000000000,321,-1
89,2400000000000,-1,541
90,2400000000000,104,-1
91,2400000000000,176,200
92,2400000000000,272,53
93,2400000000000,79,-1
94,2400000000000,-1,5
95,2400000000000,322,78
96,2400000000000,101,125
97,2400000000000,273,-1
98,2400000000000,154,-1
99,2400000000000,-1,396
0,2460000000000,45,-1
1,2460000000000,105,-1
2,2460000000000,-1,452
3,2460000000000,105,-1
4,2460000000000,359,-1
6,2460000000000,21,-1
7,2460000000000,540,-1
8,2460000000000,153,372
9,2460000000000,-1,509
10,2460000000000,220,555
11,2460000000000,298,127
12,2460000000000,-1,203
13,2460000000000,-1,426
14,2460000000000,433,191
15,2460000000000,222,-1
16,2460000000000,95,-1
17,2460000000000,430,-1
18,2460000000000,-1,219
19,2460000000000,-1,227
20,2460000000000,55,-1
21,2460000000000,50,-1
22,2460000000000,558,316
23,2460000000000,143,431
24,2460000000000,153,-1
25,2460000000000,430,94
26,2460000000000,-1,578
27,2460000000000,177,-1
28,2460000000000,530,-1
29,2460000000000,59,-1
30,2460000000000,75,124
31,2460000000000,142,-1
32,2460000000000,477,452
33,2460000000000,597,-1
34,2460000000000,-1,82
35,2460000000000,-1,22
36,2460000000000,247,-1
37,2460000000000,456,-1
38,2460000000000,403,-1
39,2460000000000,150,-1
40,2460000000000,590,-1
41,2460000000000,345,-1
42,2460000000000,-1,4
43,2460000000000,457,-1
44,2460000000000,-1,79
45,2460000000000,581,-1
47,2460000000000,175,-1
48,2460000000000,-1,29
49,2460000000000,603,-1
50,2460000000000,81,-1
51,2460000000000,318,606
52,2460000000000,129,395
53,2460000000000,130,-1
54,2460000000000,-1,477
55,2460000000000,166,-1
56,2460000000000,582,317
57,2460000000000,53,28
58,2460000000000,-1,396
59,2460000000000,70,-1
60,2460000000000,373,-1
61,2460000000000,546,570
62,2460000000000,384,-1
63,2460000000000,-1,408
64,2460000000000,172,-1
66,2460000000000,244,-1
67,2460000000000,51,149
68,2460000000000,345,-1
69,2460000000000,76,-1
70,2460000000000,605,580
71,2460000000000,-1,622
72,2460000000000,202,-1
73,2460000000000,397,-1
74,2460000000000,443,-1
75,2460000000000,-1,46
76,2460000000000,26,124
77,2460000000000,77,223
78,2460000000000,-1,26
79,2460000000000,-1,129
80,2460000000000,28,246
81,2460000000000,-1,149
82,2460000000000,378,-1
83,2460000000000,173,2
84,2460000000000,-1,371
85,2460000000000,427,597
86,2460000000000,-1,94
87,2460000000000,-1,125
89,2460000000000,541,-1
91,2460000000000,200,-1
92,2460000000000,53,-1
93,2460000000000,-1,321
94,2460000000000,5,-1
95,2460000000000,78,-1
96,2460000000000,125,174
97,2460000000000,-1,102
98,2460000000000,-1,396
99,2460000000000,396,-1
0,2520000000000,-1,379
1,2520000000000,-1,394
2,2520000000000,452,22
4,2520000000000,-1,165
5,2520000000000,-1,556
6,2520000000000,-1,403
7,2520000000000,-1,109
8,2520000000000,372,177
9,2520000000000,509,315
10,2520000000000,555,244
11,2520000000000,127,322
12,2520000000000,203,421
13,2520000000000,426,548
14,2520000000000,191,-1
15,2520000000000,-1,27
16,2520000000000,-1,429
18,2520000000000,219,-1
19,2520000000000,227,422
21,2520000000000,-1,99
22,2520000000000,316,-1
23,2520000000000,431,-1
25,2520000000000,94,-1
26,2520000000000,578,171
27,2520000000000,-1,347
28,2520000000000,-1,194
29,2520000000000,-1,490
30,2520000000000,124,-1
32,2520000000000,452,22
33,2520000000000,-1,377
34,2520000000000,82,106
35,2520000000000,22,46
36,2520000000000,-1,27
38,2520000000000,-1,621
39,2520000000000,-1,199
40,2520000000000,-1,159
42,2520000000000,4,270
43,2520000000000,-1,192
44,2520000000000,79,-1
46,2520000000000,-1,268
47,2520000000000,-1,224
48,2520000000000,29,-1
51,2520000000000,606,-1
52,2520000000000,395,-1
54,2520000000000,477,-1
55,2520000000000,-1,383
56,2520000000000,317,-1
57,2520000000000,28,271
58,2520000000000,396,-1
59,2520000000000,-1,404
60,2520000000000,-1,226
61,2520000000000,570,279
62,2520000000000,-1,190
63,2520000000000,408,166
64,2520000000000,-1,602
65,2520000000000,-1,117
66,2520000000000,-1,555
67,2520000000000,149,173
69,2520000000000,-1,198
70,2520000000000,580,269
71,2520000000000,622,427
72,2520000000000,-1,372
73,2520000000000,-1,202
74,2520000000000,-1,106
75,2520000000000,46,-1
76,2520000000000,124,148
77,2520000000000,223,247
78,2520000000000,26,148
79,2520000000000,129,-1
80,2520000000000,246,-1
81,2520000000000,149,75
83,2520000000000,2,197
84,2520000000000,371,-1
85,2520000000000,597,-1
86,2520000000000,94,-1
87,2520000000000,125,-1
88,2520000000000,-1,78
89,2520000000000,-1,133
90,2520000000000,-1,370
91,2520000000000,-1,249
93,2520000000000,321,-1
94,2520000000000,-1,294
95,2520000000000,-1,321
96,2520000000000,174,-1
97,2520000000000,102,-1
98,2520000000000,396,420
99,2520000000000,-1,153
0,2580000000000,379,-1
1,2580000000000,394,-1
2,2580000000000,22,622
3,2580000000000,-1,394
4,2580000000000,165,-1
5,2580000000000,556,267
6,2580000000000,403,-1
7,2580000000000,109,-1
8,2580000000000,177,-1
9,2580000000000,315,-1
10,2580000000000,244,-1
11,2580000000000,322,151
12,2580000000000,421,-1
13,2580000000000,548,401
15,2580000000000,27,2
16,2580000000000,429,-1
17,2580000000000,-1,94
18,2580000000000,-1,530
19,2580000000000,422,397
20,2580000000000,-1,344
21,2580000000000,99,25
24,2580000000000,-1,371
26,2580000000000,171,-1
27,2580000000000,347,-1
28,2580000000000,194,-1
29,2580000000000,490,-1
30,2580000000000,-1,50
31,2580000000000,-1,141
32,2580000000000,22,-1
33,2580000000000,377,-1
34,2580000000000,106,442
35,2580000000000,46,-1
36,2580000000000,27,-1
38,2580000000000,621,-1
39,2580000000000,199,-1
40,2580000000000,159,-1
41,2580000000000,-1,54
42,2580000000000,270,-1
43,2580000000000,192,-1
44,2580000000000,-1,345
46,2580000000000,268,556
47,2580000000000,224,-1
48,2580000000000,-1,295
49,2580000000000,-1,196
50,2580000000000,-1,418
53,2580000000000,-1,444
54,2580000000000,-1,22
55,2580000000000,383,-1
57,2580000000000,271,-1
59,2580000000000,404,-1
60,2580000000000,226,-1
61,2580000000000,279,-1
62,2580000000000,190,-1
63,2580000000000,166,-1
64,2580000000000,602,-1
65,2580000000000,117,381
66,2580000000000,555,-1
67,2580000000000,173,124
68,2580000000000,-1,79
69,2580000000000,198,51
70,2580000000000,269,-1
71,2580000000000,427,-1
72,2580000000000,372,-1
73,2580000000000,202,396
74,2580000000000,106,-1
75,2580000000000,-1,428
76,2580000000000,148,99
77,2580000000000,247,-1
78,2580000000000,148,1
79,2580000000000,-1,395
81,2580000000000,75,124
82,2580000000000,-1,596
83,2580000000000,197,-1
84,2580000000000,-1,128
85,2580000000000,-1,402
86,2580000000000,-1,405
87,2580000000000,-1,174
88,2580000000000,78,320
89,2580000000000,133,-1
90,2580000000000,370,103
91,2580000000000,249,-1
92,2580000000000,-1,271
93,2580000000000,-1,78
94,2580000000000,294,-1
95,2580000000000,321,-1
96,2580000000000,-1,100
97,2580000000000,-1,297
98,2580000000000,420,153
99,2580000000000,153,395
0,2640000000000,-1,44
1,2640000000000,-1,104
2,2640000000000,622,451
3,2640000000000,394,104
4,2640000000000,-1,358
5,2640000000000,267,-1
6,2640000000000,-1,20
7,2640000000000,-1,539
8,2640000000000,-1,371
10,2640000000000,-1,219
11,2640000000000,151,297
12,2640000000000,-1,202
13,2640000000000,401,572
14,2640000000000,-1,432
15,2640000000000,2,221
16,2640000000000,-1,94
17,2640000000000,94,429
18,2640000000000,530,-1
19,2640000000000,397,-1
20,2640000000000,344,54
21,2640000000000,25,74
22,2640000000000,-1,557
23,2640000000000,-1,430
24,2640000000000,371,152
25,2640000000000,-1,429
26,2640000000000,-1,577
27,2640000000000,-1,176
28,2640000000000,-1,529
29,2640000000000,-1,58
30,2640000000000,50,99
31,2640000000000,141,-1
32,2640000000000,-1,476
33,2640000000000,-1,596
34,2640000000000,442,-1
35,2640000000000,-1,452
36,2640000000000,-1,246
37,2640000000000,-1,455
38,2640000000000,-1,402
40,2640000000000,-1,589
41,2640000000000,54,344
43,2640000000000,-1,456
44,2640000000000,345,-1
45,2640000000000,-1,580
46,2640000000000,556,-1
47,2640000000000,-1,248
48,2640000000000,295,-1
49,2640000000000,196,602
50,2640000000000,418,80
51,2640000000000,-1,317
52,2640000000000,-1,128
53,2640000000000,444,443
54,2640000000000,22,-1
55,2640000000000,-1,165
56,2640000000000,-1,581
57,2640000000000,-1,52
58,2640000000000,-1,177
59,2640000000000,-1,69
60,2640000000000,-1,372
61,2640000000000,-1,545
62,2640000000000,-1,383
64,2640000000000,-1,171
65,2640000000000,381,-1
66,2640000000000,-1,243
67,2640000000000,124,50
68,2640000000000,79,344
69,2640000000000,51,75
70,2640000000000,-1,604
72,2640000000000,-1,201
73,2640000000000,396,-1
74,2640000000000,-1,442
75,2640000000000,428,-1
76,2640000000000,99,25
77,2640000000000,-1,76
78,2640000000000,1,172
79,2640000000000,395,-1
80,2640000000000,-1,27
81,2640000000000,124,-1
82,2640000000000,596,377
83,2640000000000,-1,26
84,2640000000000,128,152
85,2640000000000,402,426
86,2640000000000,405,-1
87,2640000000000,174,-1
88,2640000000000,320,-1
89,2640000000000,-1,540
90,2640000000000,103,-1
91,2640000000000,-1,224
92,2640000000000,271,52
93,2640000000000,78,-1
94,2640000000000,-1,4
95,2640000000000,-1,320
96,2640000000000,100,149
97,2640000000000,297,272
98,2640000000000,153,-1
99,2640000000000,395,-1
0,2700000000000,44,-1
1,2700000000000,104,-1
2,2700000000000,451,-1
3,2700000000000,104,-1
4,2700000000000,358,-1
6,2700000000000,20,-1
7,2700000000000,539,-1
8,2700000000000,371,-1
9,2700000000000,-1,508
10,2700000000000,219,554
11,2700000000000,297,126
12,2700000000000,202,-1
13,2700000000000,572,425
14,2700000000000,432,190
15,2700000000000,221,-1
16,2700000000000,94,-1
17,2700000000000,429,-1
18,2700000000000,-1,218
19,2700000000000,-1,226
20,2700000000000,54,-1
21,2700000000000,74,-1
22,2700000000000,557,-1
23,2700000000000,430,-1
24,2700000000000,152,-1
25,2700000000000,429,93
26,2700000000000,577,-1
27,2700000000000,176,-1
28,2700000000000,529,-1
29,2700000000000,58,-1
30,2700000000000,99,123
32,2700000000000,476,451
33,2700000000000,596,-1
35,2700000000000,452,-1
36,2700000000000,246,-1
37,2700000000000,455,-1
38,2700000000000,402,-1
39,2700000000000,-1,174
40,2700000000000,589,-1
41,2700000000000,344,-1
42,2700000000000,-1,3
43,2700000000000,456,-1
44,2700000000000,-1,78
45,2700000000000,580,-1
47,2700000000000,248,199
48,2700000000000,-1,28
49,2700000000000,602,-1
50,2700000000000,80,-1
51,2700000000000,317,605
52,2700000000000,128,394
53,2700000000000,443,-1
54,2700000000000,-1,476
55,2700000000000,165,-1
56,2700000000000,581,316
57,2700000000000,52,27
58,2700000000000,177,395
59,2700000000000,69,-1
60,2700000000000,372,-1
61,2700000000000,545,569
62,2700000000000,383,-1
63,2700000000000,-1,407
64,2700000000000,171,-1
66,2700000000000,243,-1
67,2700000000000,50,148
68,2700000000000,344,-1
69,2700000000000,75,-1
70,2700000000000,604,268
71,2700000000000,-1,621
72,2700000000000,201,-1
74,2700000000000,442,-1
75,2700000000000,-1,45
76,2700000000000,25,123
77,2700000000000,76,51
78,2700000000000,172,25
79,2700000000000,-1,128
80,2700000000000,27,245
81,2700000000000,-1,148
82,2700000000000,377,-1
83,2700000000000,26,1
84,2700000000000,152,370
85,2700000000000,426,596
86,2700000000000,-1,93
87,2700000000000,-1,198
89,2700000000000,540,-1
91,2700000000000,224,-1
92,2700000000000,52,-1
93,2700000000000,-1,320
94,2700000000000,4,-1
95,2700000000000,320,-1
96,2700000000000,149,173
97,2700000000000,272,101
98,2700000000000,-1,395
0,2760000000000,-1,378
1,2760000000000,-1,393
2,2760000000000,-1,21
4,2760000000000,-1,164
5,2760000000000,-1,555
6,2760000000000,-1,402
7,2760000000000,-1,108
8,2760000000000,-1,176
9,2760000000000,508,314
10,2760000000000,554,243
11,2760000000000,126,321
12,2760000000000,-1,420
13,2760000000000,425,547
14,2760000000000,190,-1
15,2760000000000,-1,26
18,2760000000000,218,-1
19,2760000000000,226,421
21,2760000000000,-1,98
22,2760000000000,-1,315
25,2760000000000,93,-1
26,2760000000000,-1,170
27,2760000000000,-1,346
28,2760000000000,-1,193
29,2760000000000,-1,489
30,2760000000000,123,-1
31,2760000000000,-1,406
32,2760000000000,451,21
33,2760000000000,-1,376
34,2760000000000,-1,105
35,2760000000000,-1,45
36,2760000000000,-1,26
38,2760000000000,-1,620
39,2760000000000,174,198
40,2760000000000,-1,158
42,2760000000000,3,269
43,2760000000000,-1,191
44,2760000000000,78,-1
45,2760000000000,-1,292
46,2760000000000,-1,267
47,2760000000000,199,223
48,2760000000000,28,294
50,2760000000000,-1,417
51,2760000000000,605,-1
52,2760000000000,394,-1
54,2760000000000,476,46
55,2760000000000,-1,382
56,2760000000000,316,-1
57,2760000000000,27,270
58,2760000000000,395,-1
59,2760000000000,-1,403
60,2760000000000,-1,225
61,2760000000000,569,278
62,2760000000000,-1,189
63,2760000000000,407,165
64,2760000000000,-1,601
65,2760000000000,-1,116
66,2760000000000,-1,554
67,2760000000000,148,172
68,2760000000000,-1,78
69,2760000000000,-1,197
70,2760000000000,268,-1
71,2760000000000,621,426
72,2760000000000,-1,371
73,2760000000000,-1,201
74,2760000000000,-1,105
75,2760000000000,45,427
76,2760000000000,123,74
77,2760000000000,51,246
78,2760000000000,25,147
79,2760000000000,128,-1
80,2760000000000,245,-1
81,2760000000000,148,-1
83,2760000000000,1,196
84,2760000000000,370,-1
85,2760000000000,596,-1
86,2760000000000,93,-1
87,2760000000000,198,149
88,2760000000000,-1,77
89,2760000000000,-1,132
90,2760000000000,-1,369
91,2760000000000,-1,248
93,2760000000000,320,-1
94,2760000000000,-1,293
96,2760000000000,173,-1
97,2760000000000,101,296
98,2760000000000,395,419
99,2760000000000,-1,152
0,2820000000000,378,-1
1,2820000000000,393,-1
2,2820000000000,21,621
3,2820000000000,-1,393
4,2820000000000,164,-1
5,2820000000000,555,266
6,2820000000000,402,-1
7,2820000000000,108,-1
8,2820000000000,176,-1
9,2820000000000,314,-1
10,2820000000000,243,-1
11,2820000000000,321,150
12,2820000000000,420,-1
13,2820000000000,547,400
14,2820000000000,-1,431
15,2820000000000,26,1
16,2820000000000,-1,428
17,2820000000000,-1,93
18,2820000000000,-1,529
19,2820000000000,421,396
20,2820000000000,-1,343
21,2820000000000,98,49
22,2820000000000,315,-1
24,2820000000000,-1,370
26,2820000000000,170,-1
27,2820000000000,346,-1
28,2820000000000,193,-1
29,2820000000000,489,-1
30,2820000000000,-1,74
31,2820000000000,406,140
32,2820000000000,21,-1
33,2820000000000,376,-1
34,2820000000000,105,441
35,2820000000000,45,-1
36,2820000000000,26,-1
38,2820000000000,620,-1
39,2820000000000,198,-1
40,2820000000000,158,-1
41,2820000000000,-1,53
42,2820000000000,269,-1
43,2820000000000,191,-1
44,2820000000000,-1,344
45,2820000000000,292,-1
46,2820000000000,267,291
47,2820000000000,223,-1
48,2820000000000,294,-1
49,2820000000000,-1,195
50,2820000000000,417,-1
51,2820000000000,-1,316
54,2820000000000,46,21
55,2820000000000,382,-1
57,2820000000000,270,-1
58,2820000000000,-1,152
59,2820000000000,403,-1
60,2820000000000,225,-1
61,2820000000000,278,-1
62,2820000000000,189,-1
63,2820000000000,165,-1
64,2820000000000,601,-1
65,2820000000000,116,-1
66,2820000000000,554,-1
67,2820000000000,172,-1
68,2820000000000,78,-1
69,2820000000000,197,50
71,2820000000000,426,-1
72,2820000000000,371,-1
73,2820000000000,201,395
74,2820000000000,105,-1
75,2820000000000,427,-1
76,2820000000000,74,98
77,2820000000000,246,-1
78,2820000000000,147,0
79,2820000000000,-1,394
81,2820000000000,-1,123
82,2820000000000,-1,595
83,2820000000000,196,-1
84,2820000000000,-1,127
85,2820000000000,-1,401
86,2820000000000,-1,404
87,2820000000000,149,173
88,2820000000000,77,319
89,2820000000000,132,-1
90,2820000000000,369,-1
91,2820000000000,248,-1
92,2820000000000,-1,270
93,2820000000000,-1,77
94,2820000000000,293,-1
96,2820000000000,-1,124
97,2820000000000,296,-1
98,2820000000000,419,152
99,2820000000000,152,-1
0,2880000000000,-1,43
1,2880000000000,-1,103
2,2880000000000,621,450
3,2880000000000,393,103
4,2880000000000,-1,357
5,2880000000000,266,-1
6,2880000000000,-1,19
7,2880000000000,-1,538
8,2880000000000,-1,370
10,2880000000000,-1,578
11,2880000000000,150,296
12,2880000000000,-1,201
13,2880000000000,400,571
14,2880000000000,431,-1
15,2880000000000,1,220
16,2880000000000,428,93
17,2880000000000,93,428
18,2880000000000,529,-1
19,2880000000000,396,225
20,2880000000000,343,53
21,2880000000000,49,73
22,2880000000000,-1,556
23,2880000000000,-1,141
24,2880000000000,370,151
25,2880000000000,-1,428
26,2880000000000,-1,576
27,2880000000000,-1,175
28,2880000000000,-1,528
29,2880000000000,-1,57
30,2880000000000,74,98
31,2880000000000,140,-1
32,2880000000000,-1,475
33,2880000000000,-1,595
34,2880000000000,441,-1
35,2880000000000,-1,451
36,2880000000000,-1,245
37,2880000000000,-1,166
38,2880000000000,-1,401
39,2880000000000,-1,173
40,2880000000000,-1,588
41,2880000000000,53,343
43,2880000000000,-1,455
44,2880000000000,344,-1
45,2880000000000,-1,291
46,2880000000000,291,-1
47,2880000000000,-1,198
49,2880000000000,195,601
50,2880000000000,-1,79
51,2880000000000,316,-1
52,2880000000000,-1,127
53,2880000000000,-1,442
54,2880000000000,21,475
55,2880000000000,-1,164
56,2880000000000,-1,580
57,2880000000000,-1,51
58,2880000000000,152,176
59,2880000000000,-1,68
60,2880000000000,-1,371
61,2880000000000,-1,302
62,2880000000000,-1,382
64,2880000000000,-1,170
65,2880000000000,-1,380
66,2880000000000,-1,242
67,2880000000000,-1,74
68,2880000000000,-1,343
69,2880000000000,50,99
70,2880000000000,-1,603
72,2880000000000,-1,200
73,2880000000000,395,-1
74,2880000000000,-1,441
76,2880000000000,98,49
77,2880000000000,-1,75
78,2880000000000,0,171
79,2880000000000,394,-1
80,2880000000000,-1,26
81,2880000000000,123,-1
82,2880000000000,595,376
83,2880000000000,-1,25
84,2880000000000,127,151
85,2880000000000,401,425
86,2880000000000,404,-1
87,2880000000000,173,-1
88,2880000000000,319,-1
89,2880000000000,-1,539
90,2880000000000,-1,102
91,2880000000000,-1,223
92,2880000000000,270,51
93,2880000000000,77,-1
94,2880000000000,-1,3
95,2880000000000,-1,101
96,2880000000000,124,148
97,2880000000000,-1,100
98,2880000000000,152,-1
99,2880000000000,-1,394
0,2940000000000,43,-1
1,2940000000000,103,-1
2,2940000000000,450,-1
3,2940000000000,103,-1
4,2940000000000,357,-1
6,2940000000000,19,-1
7,2940000000000,538,-1
8,2940000000000,370,-1
9,2940000000000,-1,507
10,2940000000000,578,242
11,2940000000000,296,125
12,2940000000000,201,-1
13,2940000000000,571,449
14,2940000000000,-1,189
15,2940000000000,220,-1
16,2940000000000,93,-1
17,2940000000000,428,-1
18,2940000000000,-1,217
19,2940000000000,225,-1
20,2940000000000,53,-1
21,2940000000000,73,-1
22,2940000000000,556,-1
23,2940000000000,141,429
24,2940000000000,151,-1
25,2940000000000,428,92
26,2940000000000,576,-1
27,2940000000000,175,-1
28,2940000000000,528,-1
29,2940000000000,57,-1
30,2940000000000,98,122
32,2940000000000,475,450
33,2940000000000,595,-1
35,2940000000000,451,-1
36,2940000000000,245,-1
37,2940000000000,166,454
38,2940000000000,401,-1
39,2940000000000,173,-1
40,2940000000000,588,-1
41,2940000000000,343,-1
42,2940000000000,-1,2
43,2940000000000,455,-1
44,2940000000000,-1,77
45,2940000000000,291,-1
46,2940000000000,-1,579
47,2940000000000,198,-1
48,2940000000000,-1,27
49,2940000000000,601,-1
50,2940000000000,79,-1
51,2940000000000,-1,604
52,2940000000000,127,-1
53,2940000000000,442,-1
54,2940000000000,475,-1
55,2940000000000,164,-1
56,2940000000000,580,315
57,2940000000000,51,26
58,2940000000000,176,394
59,2940000000000,68,-1
60,2940000000000,371,-1
61,2940000000000,302,568
62,2940000000000,382,-1
63,2940000000000,-1,406
64,2940000000000,170,-1
65,2940000000000,380,-1
66,2940000000000,242,-1
67,2940000000000,74,147
68,2940000000000,343,-1
69,2940000000000,99,-1
70,2940000000000,603,267
71,2940000000000,-1,620
72,2940000000000,200,-1
74,2940000000000,441,-1
75,2940000000000,-1,44
76,2940000000000,49,122
77,2940000000000,75,50
78,2940000000000,171,49
79,2940000000000,-1,127
80,2940000000000,26,-1
81,2940000000000,-1,147
82,2940000000000,376,-1
83,2940000000000,25,0
84,2940000000000,151,369
85,2940000000000,425,595
86,2940000000000,-1,92
87,2940000000000,-1,148
89,2940000000000,539,-1
90,2940000000000,102,-1
91,2940000000000,223,-1
92,2940000000000,51,-1
93,2940000000000,-1,319
94,2940000000000,3,-1
95,2940000000000,101,319
96,2940000000000,148,172
97,2940000000000,100,-1
99,2940000000000,394,-1
1,3000000000000,-1,392
2,3000000000000,-1,20
4,3000000000000,-1,163
5,3000000000000,-1,554
6,3000000000000,-1,401
7,3000000000000,-1,107
8,3000000000000,-1,175
9,3000000000000,507,313
10,3000000000000,242,-1
11,3000000000000,125,320
12,3000000000000,-1,419
13,3000000000000,449,546
14,3000000000000,189,-1
15,3000000000000,-1,25
18,3000000000000,217,-1
19,3000000000000,-1,420
21,3000000000000,-1,97
22,3000000000000,-1,314
23,3000000000000,429,-1
24,3000000000000,-1,394
25,3000000000000,92,-1
26,3000000000000,-1,169
27,3000000000000,-1,345
28,3000000000000,-1,192
29,3000000000000,-1,488
30,3000000000000,122,-1
31,3000000000000,-1,405
32,3000000000000,450,20
33,3000000000000,-1,375
34,3000000000000,-1,104
35,3000000000000,-1,44
36,3000000000000,-1,25
37,3000000000000,454,-1
38,3000000000000,-1,619
39,3000000000000,-1,197
40,3000000000000,-1,157
42,3000000000000,2,268
43,3000000000000,-1,190
44,3000000000000,77,-1
46,3000000000000,579,-1
47,3000000000000,-1,222
48,3000000000000,27,293
49,3000000000000,-1,219
50,3000000000000,-1,416
51,3000000000000,604,-1
52,3000000000000,-1,393
54,3000000000000,-1,45
55,3000000000000,-1,381
56,3000000000000,315,-1
57,3000000000000,26,269
58,3000000000000,394,-1
59,3000000000000,-1,402
60,3000000000000,-1,249
61,3000000000000,568,-1
62,3000000000000,-1,188
63,3000000000000,406,164
64,3000000000000,-1,600
65,3000000000000,-1,115
66,3000000000000,-1,553
67,3000000000000,147,171
68,3000000000000,-1,77
69,3000000000000,-1,196
70,3000000000000,267,-1
71,3000000000000,620,425
72,3000000000000,-1,370
73,3000000000000,-1,200
74,3000000000000,-1,104
75,3000000000000,44,426
76,3000000000000,122,146
77,3000000000000,50,245
78,3000000000000,49,-1
79,3000000000000,127,-1
80,3000000000000,-1,244
81,3000000000000,147,-1
82,3000000000000,-1,619
83,3000000000000,0,195
84,3000000000000,369,-1
85,3000000000000,595,400
86,3000000000000,92,-1
87,3000000000000,148,-1
88,3000000000000,-1,76
89,3000000000000,-1,131
90,3000000000000,-1,368
91,3000000000000,-1,247
93,3000000000000,319,76
94,3000000000000,-1,292
95,3000000000000,319,-1
96,3000000000000,172,-1
97,3000000000000,-1,295
98,3000000000000,-1,418
99,3000000000000,-1,151
0,3060000000000,-1,377
1,3060000000000,392,-1
2,3060000000000,20,499
4,3060000000000,163,-1
5,3060000000000,554,265
6,3060000000000,401,-1
7,3060000000000,107,-1
8,3060000000000,175,-1
9,3060000000000,313,-1
11,3060000000000,320,174
12,3060000000000,419,-1
13,3060000000000,546,424
14,3060000000000,-1,430
15,3060000000000,25,0
16,3060000000000,-1,427
17,3060000000000,-1,92
18,3060000000000,-1,528
19,3060000000000,420,395
20,3060000000000,-1,342
21,3060000000000,97,48
22,3060000000000,314,-1
24,3060000000000,394,369
26,3060000000000,169,-1
27,3060000000000,345,-1
28,3060000000000,192,-1
29,3060000000000,488,-1
30,3060000000000,-1,73
31,3060000000000,405,139
32,3060000000000,20,-1
33,3060000000000,375,-1
34,3060000000000,104,440
35,3060000000000,44,-1
36,3060000000000,25,-1
38,3060000000000,619,-1
39,3060000000000,197,-1
40,3060000000000,157,-1
41,3060000000000,-1,76
42,3060000000000,268,-1
43,3060000000000,190,-1
44,3060000000000,-1,343
46,3060000000000,-1,290
47,3060000000000,222,-1
48,3060000000000,293,-1
49,3060000000000,219,-1
50,3060000000000,416,-1
51,3060000000000,-1,315
52,3060000000000,393,-1
54,3060000000000,45,20
55,3060000000000,381,-1
57,3060000000000,269,-1
59,3060000000000,402,-1
60,3060000000000,249,-1
61,3060000000000,-1,301
62,3060000000000,188,-1
63,3060000000000,164,-1
64,3060000000000,600,-1
65,3060000000000,115,-1
66,3060000000000,553,-1
67,3060000000000,171,-1
68,3060000000000,77,-1
69,3060000000000,196,74
71,3060000000000,425,-1
72,3060000000000,370,-1
73,3060000000000,200,394
74,3060000000000,104,-1
75,3060000000000,426,-1
76,3060000000000,146,97
77,3060000000000,245,-1
78,3060000000000,-1,170
79,3060000000000,-1,393
80,3060000000000,244,-1
81,3060000000000,-1,122
82,3060000000000,619,594
83,3060000000000,195,-1
85,3060000000000,400,-1
86,3060000000000,-1,403
87,3060000000000,-1,172
88,3060000000000,76,318
89,3060000000000,131,-1
90,3060000000000,368,-1
91,3060000000000,247,-1
92,3060000000000,-1,269
93,3060000000000,76,-1
94,3060000000000,292,-1
96,3060000000000,-1,123
97,3060000000000,295,149
98,3060000000000,418,151
99,3060000000000,151,-1
0,3120000000000,377,42
1,3120000000000,-1,102
2,3120000000000,499,474
3,3120000000000,-1,102
4,3120000000000,-1,356
5,3120000000000,265,-1
6,3120000000000,-1,18
7,3120000000000,-1,562
8,3120000000000,-1,394
9,3120000000000,-1,531
10,3120000000000,-1,577
11,3120000000000,174,295
12,3120000000000,-1,200
13,3120000000000,424,570
14,3120000000000,430,-1
15,3120000000000,0,219
16,3120000000000,427,92
17,3120000000000,92,427
18,3120000000000,528,552
19,3120000000000,395,249
20,3120000000000,342,52
21,3120000000000,48,72
22,3120000000000,-1,555
23,3120000000000,-1,140
24,3120000000000,369,150
25,3120000000000,-1,427
26,3120000000000,-1,575
27,3120000000000,-1,199
28,3120000000000,-1,527
29,3120000000000,-1,56
30,3120000000000,73,97
31,3120000000000,139,-1
32,3120000000000,-1,499
33,3120000000000,-1,594
34,3120000000000,440,-1
35,3120000000000,-1,450
36,3120000000000,-1,244
37,3120000000000,-1,165
38,3120000000000,-1,400
40,3120000000000,-1,612
41,3120000000000,76,-1
43,3120000000000,-1,454
44,3120000000000,343,-1
45,3120000000000,-1,290
46,3120000000000,290,-1
47,3120000000000,-1,246
49,3120000000000,-1,600
50,3120000000000,-1,78
51,3120000000000,315,-1
52,3120000000000,-1,126
53,3120000000000,-1,441
54,3120000000000,20,499
55,3120000000000,-1,163
56,3120000000000,-1,579
57,3120000000000,-1,50
58,3120000000000,-1,175
59,3120000000000,-1,67
60,3120000000000,-1,370
61,3120000000000,301,-1
62,3120000000000,-1,381
64,3120000000000,-1,169
65,3120000000000,-1,379
66,3120000000000,-1,241
67,3120000000000,-1,73
68,3120000000000,-1,367
69,3120000000000,74,98
70,3120000000000,-1,602
71,3120000000000,-1,19
72,3120000000000,-1,224
73,3120000000000,394,-1
74,3120000000000,-1,440
76,3120000000000,97,48
77,3120000000000,-1,99
78,3120000000000,170,-1
79,3120000000000,393,-1
80,3120000000000,-1,25
81,3120000000000,122,-1
82,3120000000000,594,375
83,3120000000000,-1,49
84,3120000000000,-1,150
85,3120000000000,-1,449
86,3120000000000,403,-1
87,3120000000000,172,-1
88,3120000000000,318,-1
89,3120000000000,-1,538
90,3120000000000,-1,101
91,3120000000000,-1,222
92,3120000000000,269,50
94,3120000000000,-1,2
95,3120000000000,-1,100
96,3120000000000,123,147
97,3120000000000,149,124
98,3120000000000,151,-1
99,3120000000000,-1,393
0,3180000000000,42,-1
1,3180000000000,102,-1
2,3180000000000,474,-1
3,3180000000000,102,-1
4,3180000000000,356,-1
6,3180000000000,18,-1
7,3180000000000,562,537
8,3180000000000,394,369
9,3180000000000,531,506
10,3180000000000,577,241
11,3180000000000,295,149
12,3180000000000,200,-1
13,3180000000000,570,448
14,3180000000000,-1,188
15,3180000000000,219,-1
16,3180000000000,92,-1
17,3180000000000,427,-1
18,3180000000000,552,216
19,3180000000000,249,-1
20,3180000000000,52,-1
21,3180000000000,72,-1
22,3180000000000,555,-1
23,3180000000000,140,428
24,3180000000000,150,-1
25,3180000000000,427,91
26,3180000000000,575,-1
27,3180000000000,199,-1
28,3180000000000,527,-1
29,3180000000000,56,-1
30,3180000000000,97,121
32,3180000000000,499,474
33,3180000000000,594,-1
34,3180000000000,-1,103
35,3180000000000,450,-1
36,3180000000000,244,-1
37,3180000000000,165,-1
38,3180000000000,400,-1
39,3180000000000,-1,172
40,3180000000000,612,156
41,3180000000000,-1,342
42,3180000000000,-1,1
43,3180000000000,454,-1
44,3180000000000,-1,76
45,3180000000000,290,-1
46,3180000000000,-1,578
47,3180000000000,246,197
48,3180000000000,-1,26
49,3180000000000,600,-1
50,3180000000000,78,415
51,3180000000000,-1,603
52,3180000000000,126,-1
53,3180000000000,441,-1
54,3180000000000,499,-1
55,3180000000000,163,-1
56,3180000000000,579,-1
57,3180000000000,50,268
58,3180000000000,175,393
59,3180000000000,67,-1
60,3180000000000,370,-1
61,3180000000000,-1,567
62,3180000000000,381,-1
63,3180000000000,-1,405
64,3180000000000,169,-1
65,3180000000000,379,-1
66,3180000000000,241,-1
67,3180000000000,73,146
68,3180000000000,367,76
69,3180000000000,98,-1
70,3180000000000,602,266
71,3180000000000,19,619
72,3180000000000,224,-1
74,3180000000000,440,-1
75,3180000000000,-1,43
76,3180000000000,48,121
77,3180000000000,99,220
78,3180000000000,-1,48
79,3180000000000,-1,126
80,3180000000000,25,-1
81,3180000000000,-1,146
82,3180000000000,375,-1
83,3180000000000,49,24
84,3180000000000,150,368
85,3180000000000,449,594
86,3180000000000,-1,91
87,3180000000000,-1,196
89,3180000000000,538,-1
90,3180000000000,101,-1
91,3180000000000,222,-1
92,3180000000000,50,-1
93,3180000000000,-1,100
94,3180000000000,2,-1
95,3180000000000,100,318
96,3180000000000,147,171
97,3180000000000,124,-1
99,3180000000000,393,-1
1,3240000000000,-1,391
2,3240000000000,-1,19
4,3240000000000,-1,162
5,3240000000000,-1,553
6,3240000000000,-1,400
7,3240000000000,537,106
8,3240000000000,369,199
9,3240000000000,506,312
10,3240000000000,241,-1
11,3240000000000,149,319
12,3240000000000,-1,418
13,3240000000000,448,545
14,3240000000000,188,-1
15,3240000000000,-1,49
18,3240000000000,216,-1
19,3240000000000,-1,419
21,3240000000000,-1,96
22,3240000000000,-1,313
23,3240000000000,428,-1
24,3240000000000,-1,393
25,3240000000000,91,-1
26,3240000000000,-1,168
27,3240000000000,-1,369
29,3240000000000,-1,487
30,3240000000000,121,-1
31,3240000000000,-1,404
32,3240000000000,474,19
33,3240000000000,-1,399
34,3240000000000,103,-1
35,3240000000000,-1,43
36,3240000000000,-1,74
37,3240000000000,-1,453
38,3240000000000,-1,618
39,3240000000000,172,196
40,3240000000000,156,-1
41,3240000000000,342,-1
42,3240000000000,1,25
43,3240000000000,-1,189
44,3240000000000,76,100
46,3240000000000,578,-1
47,3240000000000,197,221
48,3240000000000,26,50
49,3240000000000,-1,218
50,3240000000000,415,-1
51,3240000000000,603,-1
52,3240000000000,-1,392
54,3240000000000,-1,44
55,3240000000000,-1,380
56,3240000000000,-1,314
57,3240000000000,268,-1
58,3240000000000,393,-1
59,3240000000000,-1,401
60,3240000000000,-1,248
61,3240000000000,567,-1
62,3240000000000,-1,187
63,3240000000000,405,163
64,3240000000000,-1,624
65,3240000000000,-1,114
66,3240000000000,-1,552
67,3240000000000,146,170
68,3240000000000,76,-1
69,3240000000000,-1,195
70,3240000000000,266,-1
71,3240000000000,619,18
72,3240000000000,-1,369
73,3240000000000,-1,224
74,3240000000000,-1,103
75,3240000000000,43,425
76,3240000000000,121,145
77,3240000000000,220,244
78,3240000000000,48,-1
79,3240000000000,126,-1
80,3240000000000,-1,243
81,3240000000000,146,-1
82,3240000000000,-1,618
83,3240000000000,24,194
84,3240000000000,368,-1
85,3240000000000,594,-1
86,3240000000000,91,-1
87,3240000000000,196,147
88,3240000000000,-1,75
89,3240000000000,-1,130
90,3240000000000,-1,367
91,3240000000000,-1,246
93,3240000000000,100,75
94,3240000000000,-1,291
95,3240000000000,318,-1
96,3240000000000,171,-1
97,3240000000000,-1,294
98,3240000000000,-1,417
99,3240000000000,-1,150
0,3300000000000,-1,376
1,3300000000000,391,-1
2,3300000000000,19,498
4,3300000000000,162,-1
5,3300000000000,553,-1
6,3300000000000,400,-1
7,3300000000000,106,-1
8,3300000000000,199,-1
9,3300000000000,312,-1
11,3300000000000,319,173
12,3300000000000,418,-1
13,3300000000000,545,423
14,3300000000000,-1,429
15,3300000000000,49,-1
16,3300000000000,-1,426
18,3300000000000,-1,240
19,3300000000000,419,394
20,3300000000000,-1,341
21,3300000000000,96,47
22,3300000000000,313,-1
24,3300000000000,393,368
26,3300000000000,168,-1
27,3300000000000,369,344
28,3300000000000,-1,191
29,3300000000000,487,-1
30,3300000000000,-1,72
31,3300000000000,404,138
32,3300000000000,19,-1
33,3300000000000,399,-1
34,3300000000000,-1,439
35,3300000000000,43,-1
36,3300000000000,74,243
37,3300000000000,453,-1
38,3300000000000,618,-1
39,3300000000000,196,-1
41,3300000000000,-1,75
42,3300000000000,25,267
43,3300000000000,189,-1
44,3300000000000,100,-1
46,3300000000000,-1,289
47,3300000000000,221,-1
48,3300000000000,50,292
49,3300000000000,218,-1
51,3300000000000,-1,314
52,3300000000000,392,-1
54,3300000000000,44,-1
55,3300000000000,380,-1
56,3300000000000,314,-1
59,3300000000000,401,-1
60,3300000000000,248,-1
61,3300000000000,-1,300
62,3300000000000,187,-1
63,3300000000000,163,-1
64,3300000000000,624,-1
65,3300000000000,114,-1
66,3300000000000,552,-1
67,3300000000000,170,121
69,3300000000000,195,73
71,3300000000000,18,449
72,3300000000000,369,-1
73,3300000000000,224,393
74,3300000000000,103,-1
75,3300000000000,425,-1
76,3300000000000,145,96
77,3300000000000,244,-1
78,3300000000000,-1,169
79,3300000000000,-1,392
80,3300000000000,243,-1
81,3300000000000,-1,121
82,3300000000000,618,593
83,3300000000000,194,-1
85,3300000000000,-1,424
86,3300000000000,-1,402
87,3300000000000,147,171
88,3300000000000,75,317
89,3300000000000,130,-1
90,3300000000000,367,-1
91,3300000000000,246,-1
92,3300000000000,-1,268
93,3300000000000,75,-1
94,3300000000000,291,-1
96,3300000000000,-1,122
97,3300000000000,294,-1
98,3300000000000,417,150
99,3300000000000,150,-1
0,3360000000000,376,41
1,3360000000000,-1,101
2,3360000000000,498,473
3,3360000000000,-1,415
4,3360000000000,-1,355
5,3360000000000,-1,264
6,3360000000000,-1,17
7,3360000000000,-1,536
9,3360000000000,-1,530
10,3360000000000,-1,576
11,3360000000000,173,294
12,3360000000000,-1,224
13,3360000000000,423,569
14,3360000000000,429,-1
15,3360000000000,-1,218
16,3360000000000,426,91
17,3360000000000,-1,115
18,3360000000000,240,551
19,3360000000000,394,248
20,3360000000000,341,51
21,3360000000000,47,71
22,3360000000000,-1,554
23,3360000000000,-1,139
24,3360000000000,368,174
25,3360000000000,-1,426
26,3360000000000,-1,599
27,3360000000000,344,198
28,3360000000000,191,526
29,3360000000000,-1,55
30,3360000000000,72,96
31,3360000000000,138,-1
32,3360000000000,-1,498
33,3360000000000,-1,593
34,3360000000000,439,-1
35,3360000000000,-1,474
36,3360000000000,243,-1
37,3360000000000,-1,164
38,3360000000000,-1,424
39,3360000000000,-1,220
40,3360000000000,-1,611
41,3360000000000,75,-1
42,3360000000000,267,-1
43,3360000000000,-1,453
44,3360000000000,-1,342
45,3360000000000,-1,289
46,3360000000000,289,-1
47,3360000000000,-1,245
48,3360000000000,292,-1
49,3360000000000,-1,624
50,3360000000000,-1,77
51,3360000000000,314,-1
52,3360000000000,-1,125
53,3360000000000,-1,440
54,3360000000000,-1,498
55,3360000000000,-1,162
56,3360000000000,-1,578
57,3360000000000,-1,74
58,3360000000000,-1,199
59,3360000000000,-1,66
60,3360000000000,-1,369
61,3360000000000,300,-1
62,3360000000000,-1,380
64,3360000000000,-1,168
66,3360000000000,-1,240
67,3360000000000,121,72
68,3360000000000,-1,366
69,3360000000000,73,97
70,3360000000000,-1,601
71,3360000000000,449,-1
72,3360000000000,-1,223
73,3360000000000,393,-1
74,3360000000000,-1,439
76,3360000000000,96,47
77,3360000000000,-1,98
78,3360000000000,169,-1
79,3360000000000,392,-1
80,3360000000000,-1,49
81,3360000000000,121,-1
82,3360000000000,593,399
83,3360000000000,-1,48
84,3360000000000,-1,174
85,3360000000000,424,448
86,3360000000000,402,-1
87,3360000000000,171,195
88,3360000000000,317,-1
89,3360000000000,-1,537
90,3360000000000,-1,100
91,3360000000000,-1,221
92,3360000000000,268,74
93,3360000000000,-1,342
94,3360000000000,-1,1
95,3360000000000,-1,124
96,3360000000000,122,146
97,3360000000000,-1,123
98,3360000000000,150,-1
99,3360000000000,-1,392
0,3420000000000,41,-1
1,3420000000000,101,-1
2,3420000000000,473,-1
3,3420000000000,415,-1
4,3420000000000,355,-1
5,3420000000000,264,-1
6,3420000000000,17,-1
7,3420000000000,536,105
8,3420000000000,-1,368
9,3420000000000,530,505
10,3420000000000,576,240
11,3420000000000,294,148
12,3420000000000,224,-1
13,3420000000000,569,447
14,3420000000000,-1,187
15,3420000000000,218,-1
16,3420000000000,91,-1
17,3420000000000,115,-1
18,3420000000000,551,-1
19,3420000000000,248,-1
20,3420000000000,51,365
21,3420000000000,71,-1
22,3420000000000,554,-1
23,3420000000000,139,-1
24,3420000000000,174,-1
25,3420000000000,426,90
26,3420000000000,599,-1
27,3420000000000,198,-1
28,3420000000000,526,-1
29,3420000000000,55,-1
30,3420000000000,96,120
32,3420000000000,498,18
33,3420000000000,593,-1
34,3420000000000,-1,102
35,3420000000000,474,-1
37,3420000000000,164,-1
38,3420000000000,424,-1
39,3420000000000,220,171
40,3420000000000,611,155
41,3420000000000,-1,341
42,3420000000000,-1,0
43,3420000000000,453,-1
44,3420000000000,342,366
45,3420000000000,289,-1
46,3420000000000,-1,577
47,3420000000000,245,196
48,3420000000000,-1,25
49,3420000000000,624,217
50,3420000000000,77,414
51,3420000000000,-1,602
52,3420000000000,125,-1
53,3420000000000,440,-1
54,3420000000000,498,-1
55,3420000000000,162,-1
56,3420000000000,578,-1
57,3420000000000,74,267
58,3420000000000,199,-1
59,3420000000000,66,-1
60,3420000000000,369,-1
61,3420000000000,-1,566
62,3420000000000,380,-1
63,3420000000000,-1,404
64,3420000000000,168,-1
65,3420000000000,-1,378
66,3420000000000,240,-1
67,3420000000000,72,-1
68,3420000000000,366,75
69,3420000000000,97,-1
70,3420000000000,601,265
72,3420000000000,223,-1
74,3420000000000,439,-1
75,3420000000000,-1,42
76,3420000000000,47,120
77,3420000000000,98,219
78,3420000000000,-1,47
79,3420000000000,-1,125
80,3420000000000,49,-1
81,3420000000000,-1,145
82,3420000000000,399,-1
83,3420000000000,48,23
84,3420000000000,174,-1
85,3420000000000,448,593
86,3420000000000,-1,90
87,3420000000000,195,-1
89,3420000000000,537,-1
90,3420000000000,100,-1
91,3420000000000,221,-1
92,3420000000000,74,-1
93,3420000000000,342,124
94,3420000000000,1,-1
95,3420000000000,124,317
96,3420000000000,146,170
97,3420000000000,123,293
98,3420000000000,-1,416
99,3420000000000,392,-1
1,3480000000000,-1,390
2,3480000000000,-1,18
4,3480000000000,-1,161
5,3480000000000,-1,552
6,3480000000000,-1,424
7,3480000000000,105,-1
8,3480000000000,368,198
9,3480000000000,505,311
10,3480000000000,240,-1
11,3480000000000,148,318
12,3480000000000,-1,442
13,3480000000000,447,544
14,3480000000000,187,-1
15,3480000000000,-1,48
17,3480000000000,-1,426
19,3480000000000,-1,418
20,3480000000000,365,-1
21,3480000000000,-1,95
22,3480000000000,-1,312
23,3480000000000,-1,427
24,3480000000000,-1,392
25,3480000000000,90,-1
26,3480000000000,-1,167
27,3480000000000,-1,368
29,3480000000000,-1,486
30,3480000000000,120,-1
31,3480000000000,-1,403
32,3480000000000,18,-1
33,3480000000000,-1,398
34,3480000000000,102,-1
35,3480000000000,-1,42
36,3480000000000,-1,73
37,3480000000000,-1,452
39,3480000000000,171,195
40,3480000000000,155,-1
41,3480000000000,341,-1
42,3480000000000,0,49
43,3480000000000,-1,188
44,3480000000000,366,124
46,3480000000000,577,-1
47,3480000000000,196,220
48,3480000000000,25,74
49,3480000000000,217,-1
50,3480000000000,414,-1
51,3480000000000,602,-1
52,3480000000000,-1,391
54,3480000000000,-1,43
55,3480000000000,-1,379
56,3480000000000,-1,313
57,3480000000000,267,-1
58,3480000000000,-1,392
59,3480000000000,-1,400
60,3480000000000,-1,247
61,3480000000000,566,-1
62,3480000000000,-1,186
63,3480000000000,404,428
64,3480000000000,-1,623
65,3480000000000,378,113
66,3480000000000,-1,551
67,3480000000000,-1,169
68,3480000000000,75,-1
69,3480000000000,-1,194
70,3480000000000,265,-1
71,3480000000000,-1,448
72,3480000000000,-1,368
73,3480000000000,-1,223
74,3480000000000,-1,102
75,3480000000000,42,66
76,3480000000000,120,144
77,3480000000000,219,243
78,3480000000000,47,-1
79,3480000000000,125,174
80,3480000000000,-1,242
81,3480000000000,145,-1
82,3480000000000,-1,617
83,3480000000000,23,193
84,3480000000000,-1,367
85,3480000000000,593,-1
86,3480000000000,90,114
87,3480000000000,-1,146
88,3480000000000,-1,99
90,3480000000000,-1,366
91,3480000000000,-1,245
93,3480000000000,124,341
94,3480000000000,-1,290
95,3480000000000,317,-1
96,3480000000000,170,-1
97,3480000000000,293,-1
98,3480000000000,416,-1
99,3480000000000,-1,174
0,3540000000000,-1,40
1,3540000000000,390,-1
2,3540000000000,18,497
3,3540000000000,-1,125
4,3540000000000,161,-1
5,3540000000000,552,-1
6,3540000000000,424,-1
7,3540000000000,-1,560
8,3540000000000,198,-1
9,3540000000000,311,-1
10,3540000000000,-1,575
11,3540000000000,318,172
12,3540000000000,442,223
13,3540000000000,544,568
14,3540000000000,-1,428
15,3540000000000,48,242
16,3540000000000,-1,90
17,3540000000000,426,-1
18,3540000000000,-1,239
19,3540000000000,418,393
20,3540000000000,-1,340
21,3540000000000,95,46
22,3540000000000,312,-1
23,3540000000000,427,-1
24,3540000000000,392,198
25,3540000000000,-1,425
26,3540000000000,167,598
27,3540000000000,368,343
28,3540000000000,-1,525
29,3540000000000,486,-1
30,3540000000000,-1,95
31,3540000000000,403,137
33,3540000000000,398,-1
34,3540000000000,-1,438
35,3540000000000,42,473
36,3540000000000,73,48
37,3540000000000,452,-1
38,3540000000000,-1,617
39,3540000000000,195,-1
40,3540000000000,-1,610
41,3540000000000,-1,99
42,3540000000000,49,266
43,3540000000000,188,-1
44,3540000000000,124,-1
46,3540000000000,-1,288
47,3540000000000,220,-1
48,3540000000000,74,291
51,3540000000000,-1,313
52,3540000000000,391,-1
53,3540000000000,-1,150
54,3540000000000,43,522
55,3540000000000,379,-1
56,3540000000000,313,-1
58,3540000000000,392,-1
59,3540000000000,400,65
60,3540000000000,247,-1
61,3540000000000,-1,324
62,3540000000000,186,-1
63,3540000000000,428,162
64,3540000000000,623,-1
65,3540000000000,113,-1
66,3540000000000,551,-1
67,3540000000000,169,-1
68,3540000000000,-1,365
69,3540000000000,194,218
70,3540000000000,-1,600
71,3540000000000,448,17
72,3540000000000,368,-1
73,3540000000000,223,417
74,3540000000000,102,-1
75,3540000000000,66,-1
76,3540000000000,144,95
77,3540000000000,243,-1
78,3540000000000,-1,168
79,3540000000000,174,391
80,3540000000000,242,-1
81,3540000000000,-1,120
82,3540000000000,617,-1
83,3540000000000,193,47
84,3540000000000,367,-1
85,3540000000000,-1,423
86,3540000000000,114,401
87,3540000000000,146,170
88,3540000000000,99,316
89,3540000000000,-1,129
90,3540000000000,366,-1
91,3540000000000,245,-1
92,3540000000000,-1,267
93,3540000000000,341,-1
94,3540000000000,290,0
96,3540000000000,-1,145
97,3540000000000,-1,147
98,3540000000000,-1,174
99,3540000000000,174,-1
0,3600000000000,40,-1
1,3600000000000,-1,100
2,3600000000000,497,472
3,3600000000000,125,414
4,3600000000000,-1,354
5,3600000000000,-1,263
7,3600000000000,560,535
8,3600000000000,-1,392
9,3600000000000,-1,529
10,3600000000000,575,-1
11,3600000000000,172,-1
12,3600000000000,223,-1
13,3600000000000,568,-1
14,3600000000000,428,-1
15,3600000000000,242,217
16,3600000000000,90,-1
17,3600000000000,-1,114
18,3600000000000,239,550
19,3600000000000,393,247
20,3600000000000,340,364
21,3600000000000,46,70
22,3600000000000,-1,553
23,3600000000000,-1,138
24,3600000000000,198,173
25,3600000000000,425,-1
26,3600000000000,598,-1
27,3600000000000,343,197
28,3600000000000,525,-1
30,3600000000000,95,-1
31,3600000000000,137,-1
32,3600000000000,-1,497
33,3600000000000,-1,592
34,3600000000000,438,-1
35,3600000000000,473,-1
36,3600000000000,48,242
37,3600000000000,-1,163
38,3600000000000,617,423
39,3600000000000,-1,219
40,3600000000000,610,-1
41,3600000000000,99,-1
42,3600000000000,266,-1
45,3600000000000,-1,288
46,3600000000000,288,-1
47,3600000000000,-1,244
48,3600000000000,291,-1
49,3600000000000,-1,623
51,3600000000000,313,-1
52,3600000000000,-1,149
53,3600000000000,150,-1
54,3600000000000,522,497
55,3600000000000,-1,161
56,3600000000000,-1,577
57,3600000000000,-1,73
58,3600000000000,-1,198
59,3600000000000,65,-1
60,3600000000000,-1,368
61,3600000000000,324,-1
62,3600000000000,-1,379
63,3600000000000,162,-1
64,3600000000000,-1,167
66,3600000000000,-1,239
67,3600000000000,-1,71
68,3600000000000,365,-1
69,3600000000000,218,96
70,3600000000000,600,-1
71,3600000000000,17,-1
72,3600000000000,-1,222
73,3600000000000,417,392
74,3600000000000,-1,438
75,3600000000000,-1,449
76,3600000000000,95,46
77,3600000000000,-1,97
78,3600000000000,168,-1
79,3600000000000,391,-1
80,3600000000000,-1,48
81,3600000000000,120,-1
82,3600000000000,-1,398
83,3600000000000,47,-1
84,3600000000000,-1,173
85,3600000000000,423,447
86,3600000000000,401,-1
87,3600000000000,170,194
88,3600000000000,316,-1
89,3600000000000,129,536
90,3600000000000,-1,124
91,3600000000000,-1,220
92,3600000000000,267,73
94,3600000000000,0,-1
95,3600000000000,-1,123
96,3600000000000,145,-1
97,3600000000000,147,122
98,3600000000000,174,-1
99,3600000000000,-1,391
1,3660000000000,100,-1
2,3660000000000,472,-1
3,3660000000000,414,-1
4,3660000000000,354,160
5,3660000000000,263,-1
6,3660000000000,-1,16
7,3660000000000,535,104
8,3660000000000,392,367
9,3660000000000,529,504
10,3660000000000,-1,239
11,3660000000000,-1,147
13,3660000000000,-1,446
14,3660000000000,-1,186
15,3660000000000,217,-1
17,3660000000000,114,-1
18,3660000000000,550,-1
19,3660000000000,247,-1
20,3660000000000,364,-1
21,3660000000000,70,-1
22,3660000000000,553,-1
23,3660000000000,138,-1
24,3660000000000,173,391
25,3660000000000,-1,89
27,3660000000000,197,-1
29,3660000000000,-1,485
30,3660000000000,-1,119
32,3660000000000,497,-1
33,3660000000000,592,-1
34,3660000000000,-1,101
36,3660000000000,242,-1
37,3660000000000,163,-1
38,3660000000000,423,-1
39,3660000000000,219,170
40,3660000000000,-1,154
41,3660000000000,-1,340
42,3660000000000,-1,24
43,3660000000000,-1,452
44,3660000000000,-1,365
45,3660000000000,288,-1
46,3660000000000,-1,576
47,3660000000000,244,195
48,3660000000000,-1,73
49,3660000000000,623,216
50,3660000000000,-1,413
51,3660000000000,-1,601
52,3660000000000,149,-1
53,3660000000000,-1,439
54,3660000000000,497,42
55,3660000000000,161,-1
56,3660000000000,577,-1
57,3660000000000,73,266
58,3660000000000,198,-1
60,3660000000000,368,-1
61,3660000000000,-1,565
62,3660000000000,379,-1
64,3660000000000,167,-1
65,3660000000000,-1,401
66,3660000000000,239,-1
67,3660000000000,71,144
68,3660000000000,-1,99
69,3660000000000,96,-1
70,3660000000000,-1,264
72,3660000000000,222,-1
73,3660000000000,392,-1
74,3660000000000,438,-1
75,3660000000000,449,65
76,3660000000000,46,119
77,3660000000000,97,-1
78,3660000000000,-1,46
79,3660000000000,-1,149
80,3660000000000,48,-1
81,3660000000000,-1,144
82,3660000000000,398,616
83,3660000000000,-1,22
84,3660000000000,173,-1
85,3660000000000,447,592
86,3660000000000,-1,89
87,3660000000000,194,-1
88,3660000000000,-1,98
89,3660000000000,536,-1
90,3660000000000,124,-1
91,3660000000000,220,-1
92,3660000000000,73,-1
93,3660000000000,-1,123
95,3660000000000,123,316
96,3660000000000,-1,169
97,3660000000000,122,292
98,3660000000000,-1,415
99,3660000000000,391,-1
1,3720000000000,-1,389
2,3720000000000,-1,17
4,3720000000000,160,-1
5,3720000000000,-1,551
6,3720000000000,16,423
7,3720000000000,104,-1
8,3720000000000,367,197
9,3720000000000,504,310
10,3720000000000,239,-1
11,3720000000000,147,317
12,3720000000000,-1,247
13,3720000000000,446,543
14,3720000000000,186,-1
15,3720000000000,-1,47
19,3720000000000,-1,417
21,3720000000000,-1,94
23,3720000000000,-1,426
24,3720000000000,391,-1
25,3720000000000,89,-1
26,3720000000000,-1,166
27,3720000000000,-1,367
29,3720000000000,485,-1
30,3720000000000,119,-1
31,3720000000000,-1,402
32,3720000000000,-1,17
33,3720000000000,-1,397
34,3720000000000,101,-1
35,3720000000000,-1,41
36,3720000000000,-1,72
39,3720000000000,170,194
40,3720000000000,154,-1
41,3720000000000,340,-1
42,3720000000000,24,48
43,3720000000000,452,187
44,3720000000000,365,123
46,3720000000000,576,-1
47,3720000000000,195,219
48,3720000000000,73,-1
49,3720000000000,216,-1
50,3720000000000,413,-1
51,3720000000000,601,-1
52,3720000000000,-1,390
53,3720000000000,439,-1
54,3720000000000,42,-1
55,3720000000000,-1,378
56,3720000000000,-1,312
57,3720000000000,266,-1
58,3720000000000,-1,391
59,3720000000000,-1,424
60,3720000000000,-1,246
61,3720000000000,565,-1
62,3720000000000,-1,185
63,3720000000000,-1,427
64,3720000000000,-1,622
65,3720000000000,401,112
66,3720000000000,-1,550
67,3720000000000,144,168
68,3720000000000,99,-1
69,3720000000000,-1,193
70,3720000000000,264,-1
71,3720000000000,-1,16
72,3720000000000,-1,367
73,3720000000000,-1,222
74,3720000000000,-1,101
75,3720000000000,65,-1
76,3720000000000,119,143
77,3720000000000,-1,242
78,3720000000000,46,-1
79,3720000000000,149,173
80,3720000000000,-1,241
81,3720000000000,144,-1
82,3720000000000,616,-1
83,3720000000000,22,192
84,3720000000000,-1,366
85,3720000000000,592,-1
86,3720000000000,89,113
87,3720000000000,-1,145
88,3720000000000,98,-1
89,3720000000000,-1,128
90,3720000000000,-1,365
91,3720000000000,-1,244
92,3720000000000,-1,291
93,3720000000000,123,340
94,3720000000000,-1,289
95,3720000000000,316,-1
96,3720000000000,169,-1
97,3720000000000,292,-1
98,3720000000000,415,-1
99,3720000000000,-1,173
0,3780000000000,-1,423
1,3780000000000,389,-1
2,3780000000000,17,496
3,3780000000000,-1,149
5,3780000000000,551,-1
6,3780000000000,423,-1
7,3780000000000,-1,559
8,3780000000000,197,-1
9,3780000000000,310,528
10,3780000000000,-1,599
11,3780000000000,317,171
12,3780000000000,247,416
13,3780000000000,543,567
14,3780000000000,-1,427
15,3780000000000,47,-1
16,3780000000000,-1,89
17,3780000000000,-1,474
18,3780000000000,-1,238
19,3780000000000,417,271
20,3780000000000,-1,99
21,3780000000000,94,118
22,3780000000000,-1,335
23,3780000000000,426,-1
24,3780000000000,-1,197
25,3780000000000,-1,449
26,3780000000000,166,-1
27,3780000000000,367,342
28,3780000000000,-1,549
30,3780000000000,-1,143
31,3780000000000,402,136
32,3780000000000,17,496
33,3780000000000,397,591
34,3780000000000,-1,437
35,3780000000000,41,-1
36,3780000000000,72,241
37,3780000000000,-1,451
38,3780000000000,-1,15
39,3780000000000,194,-1
40,3780000000000,-1,609
41,3780000000000,-1,98
42,3780000000000,48,265
43,3780000000000,187,-1
44,3780000000000,123,-1
46,3780000000000,-1,287
47,3780000000000,219,-1
48,3780000000000,-1,290
49,3780000000000,-1,22
51,3780000000000,-1,312
52,3780000000000,390,-1
53,3780000000000,-1,174
54,3780000000000,-1,521
55,3780000000000,378,-1
56,3780000000000,312,-1
57,3780000000000,-1,72
58,3780000000000,391,197
59,3780000000000,424,64
60,3780000000000,246,-1
61,3780000000000,-1,323
62,3780000000000,185,-1
63,3780000000000,427,161
64,3780000000000,622,191
65,3780000000000,112,-1
66,3780000000000,550,-1
67,3780000000000,168,119
68,3780000000000,-1,364
69,3780000000000,193,217
70,3780000000000,-1,624
71,3780000000000,16,-1
72,3780000000000,367,221
73,3780000000000,222,-1
74,3780000000000,101,-1
76,3780000000000,143,94
77,3780000000000,242,96
78,3780000000000,-1,167
79,3780000000000,173,-1
80,3780000000000,241,47
81,3780000000000,-1,119
82,3780000000000,-1,422
83,3780000000000,192,46
84,3780000000000,366,390
85,3780000000000,-1,446
86,3780000000000,113,-1
87,3780000000000,145,169
88,3780000000000,-1,315
89,3780000000000,128,-1
90,3780000000000,365,-1
91,3780000000000,244,-1
92,3780000000000,291,290
93,3780000000000,340,-1
94,3780000000000,289,24
95,3780000000000,-1,122
96,3780000000000,-1,193
97,3780000000000,-1,146
98,3780000000000,-1,173
99,3780000000000,173,390
0,3840000000000,423,39
1,3840000000000,-1,124
2,3840000000000,496,471
3,3840000000000,149,413
4,3840000000000,-1,353
5,3840000000000,-1,262
7,3840000000000,559,-1
9,3840000000000,528,-1
10,3840000000000,599,-1
11,3840000000000,171,-1
12,3840000000000,416,222
13,3840000000000,567,-1
14,3840000000000,427,-1
15,3840000000000,-1,216
16,3840000000000,89,-1
17,3840000000000,474,113
18,3840000000000,238,574
19,3840000000000,271,246
20,3840000000000,99,363
21,3840000000000,118,69
22,3840000000000,335,552
23,3840000000000,-1,137
24,3840000000000,197,172
25,3840000000000,449,-1
26,3840000000000,-1,597
27,3840000000000,342,196
28,3840000000000,549,-1
29,3840000000000,-1,53
30,3840000000000,143,94
31,3840000000000,136,-1
32,3840000000000,496,-1
33,3840000000000,591,-1
34,3840000000000,437,-1
35,3840000000000,-1,472
36,3840000000000,241,-1
37,3840000000000,451,162
38,3840000000000,15,422
39,3840000000000,-1,218
40,3840000000000,609,-1
41,3840000000000,98,-1
42,3840000000000,265,-1
45,3840000000000,-1,600
46,3840000000000,287,-1
47,3840000000000,-1,243
48,3840000000000,290,-1
49,3840000000000,22,215
50,3840000000000,-1,100
51,3840000000000,312,-1
52,3840000000000,-1,148
53,3840000000000,174,-1
54,3840000000000,521,496
55,3840000000000,-1,160
56,3840000000000,-1,576
57,3840000000000,72,-1
58,3840000000000,197,-1
59,3840000000000,64,-1
60,3840000000000,-1,367
61,3840000000000,323,-1
62,3840000000000,-1,378
63,3840000000000,161,-1
64,3840000000000,191,166
66,3840000000000,-1,238
67,3840000000000,119,70
68,3840000000000,364,-1
69,3840000000000,217,95
70,3840000000000,624,-1
71,3840000000000,-1,447
72,3840000000000,221,-1
73,3840000000000,-1,391
74,3840000000000,-1,437
75,3840000000000,-1,448
76,3840000000000,94,45
77,3840000000000,96,-1
78,3840000000000,167,-1
79,3840000000000,-1,414
80,3840000000000,47,-1
81,3840000000000,119,-1
82,3840000000000,422,397
83,3840000000000,46,-1
84,3840000000000,390,172
85,3840000000000,446,-1
86,3840000000000,-1,400
87,3840000000000,169,193
88,3840000000000,315,-1
89,3840000000000,-1,535
90,3840000000000,-1,123
91,3840000000000,-1,219
92,3840000000000,290,-1
94,3840000000000,24,-1
95,3840000000000,122,-1
96,3840000000000,193,144
97,3840000000000,146,121
98,3840000000000,173,-1
99,3840000000000,390,-1
0,3900000000000,39,-1
1,3900000000000,124,-1
2,3900000000000,471,16
3,3900000000000,413,-1
4,3900000000000,353,159
5,3900000000000,262,550
6,3900000000000,-1,39
7,3900000000000,-1,103
8,3900000000000,-1,196
9,3900000000000,-1,503
10,3900000000000,-1,238
11,3900000000000,-1,316
12,3900000000000,222,440
13,3900000000000,-1,445
14,3900000000000,-1,185
15,3900000000000,216,46
17,3900000000000,113,-1
18,3900000000000,574,-1
19,3900000000000,246,416
20,3900000000000,363,-1
21,3900000000000,69,-1
22,3900000000000,552,-1
23,3900000000000,137,-1
24,3900000000000,172,390
26,3900000000000,597,-1
27,3900000000000,196,366
29,3900000000000,53,484
30,3900000000000,94,118
31,3900000000000,-1,401
32,3900000000000,-1,41
33,3900000000000,-1,421
34,3900000000000,-1,100
35,3900000000000,472,-1
36,3900000000000,-1,71
37,3900000000000,162,-1
38,3900000000000,422,-1
39,3900000000000,218,169
40,3900000000000,-1,153
41,3900000000000,-1,339
42,3900000000000,-1,47
43,3900000000000,-1,186
44,3900000000000,-1,364
45,3900000000000,600,287
46,3900000000000,-1,575
47,3900000000000,243,194
48,3900000000000,-1,314
49,3900000000000,215,-1
50,3900000000000,100,412
51,3900000000000,-1,600
52,3900000000000,148,-1
53,3900000000000,-1,438
54,3900000000000,496,41
55,3900000000000,160,-1
56,3900000000000,576,-1
57,3900000000000,-1,265
60,3900000000000,367,-1
61,3900000000000,-1,564
62,3900000000000,378,-1
63,3900000000000,-1,426
64,3900000000000,166,621
65,3900000000000,-1,400
66,3900000000000,238,-1
67,3900000000000,70,143
68,3900000000000,-1,98
69,3900000000000,95,-1
70,3900000000000,-1,263
71,3900000000000,447,471
72,3900000000000,-1,391
73,3900000000000,391,221
74,3900000000000,437,-1
75,3900000000000,448,472
76,3900000000000,45,118
77,3900000000000,-1,120
78,3900000000000,-1,45
79,3900000000000,414,-1
81,3900000000000,-1,143
82,3900000000000,397,615
83,3900000000000,-1,21
84,3900000000000,172,-1
85,3900000000000,-1,591
86,3900000000000,400,449
87,3900000000000,193,-1
88,3900000000000,-1,97
89,3900000000000,535,-1
90,3900000000000,123,364
91,3900000000000,219,-1
93,3900000000000,-1,122
95,3900000000000,-1,315
96,3900000000000,144,168
97,3900000000000,121,291
98,3900000000000,-1,414
99,3900000000000,-1,172
1,3960000000000,-1,388
2,3960000000000,16,-1
4,3960000000000,159,-1
5,3960000000000,550,-1
6,3960000000000,39,422
7,3960000000000,103,-1
8,3960000000000,196,-1
9,3960000000000,503,309
10,3960000000000,238,-1
11,3960000000000,316,-1
12,3960000000000,440,246
13,3960000000000,445,542
14,3960000000000,185,-1
15,3960000000000,46,-1
19,3960000000000,416,-1
21,3960000000000,-1,93
23,3960000000000,-1,425
24,3960000000000,390,196
25,3960000000000,-1,88
26,3960000000000,-1,165
27,3960000000000,366,-1
29,3960000000000,484,-1
30,3960000000000,118,-1
31,3960000000000,401,-1
32,3960000000000,41,16
33,3960000000000,421,396
34,3960000000000,100,-1
35,3960000000000,-1,40
36,3960000000000,71,-1
39,3960000000000,169,193
40,3960000000000,153,-1
41,3960000000000,339,-1
42,3960000000000,47,-1
43,3960000000000,186,-1
44,3960000000000,364,-1
45,3960000000000,287,-1
46,3960000000000,575,-1
47,3960000000000,194,218
48,3960000000000,314,72
50,3960000000000,412,-1
51,3960000000000,600,-1
52,3960000000000,-1,389
53,3960000000000,438,-1
54,3960000000000,41,-1
55,3960000000000,-1,377
56,3960000000000,-1,311
57,3960000000000,265,-1
58,3960000000000,-1,390
59,3960000000000,-1,423
60,3960000000000,-1,245
61,3960000000000,564,-1
62,3960000000000,-1,184
63,3960000000000,426,-1
64,3960000000000,621,-1
65,3960000000000,400,111
66,3960000000000,-1,574
67,3960000000000,143,167
68,3960000000000,98,-1
69,3960000000000,-1,192
70,3960000000000,263,-1
71,3960000000000,471,15
72,3960000000000,391,366
73,3960000000000,221,-1
75,3960000000000,472,64
76,3960000000000,118,142
77,3960000000000,120,241
78,3960000000000,45,-1
79,3960000000000,-1,172
80,3960000000000,-1,240
81,3960000000000,143,-1
82,3960000000000,615,-1
83,3960000000000,21,191
84,3960000000000,-1,365
85,3960000000000,591,-1
86,3960000000000,449,112
87,3960000000000,-1,144
88,3960000000000,97,-1
89,3960000000000,-1,559
90,3960000000000,364,-1
91,3960000000000,-1,243
92,3960000000000,-1,72
93,3960000000000,122,339
94,3960000000000,-1,288
95,3960000000000,315,-1
96,3960000000000,168,-1
97,3960000000000,291,-1
98,3960000000000,414,-1
99,3960000000000,172,-1
0,4020000000000,-1,422
1,4020000000000,388,-1
2,4020000000000,-1,495
3,4020000000000,-1,148
6,4020000000000,422,-1
7,4020000000000,-1,558
9,4020000000000,309,527
10,4020000000000,-1,598
11,4020000000000,-1,170
12,4020000000000,246,415
13,4020000000000,542,566
14,4020000000000,-1,426
15,4020000000000,-1,240
16,4020000000000,-1,88
17,4020000000000,-1,473
18,4020000000000,-1,237
19,4020000000000,-1,270
20,4020000000000,-1,98
21,4020000000000,93,44
22,4020000000000,-1,334
23,4020000000000,425,136
24,4020000000000,196,-1
25,4020000000000,88,448
26,4020000000000,165,596
27,4020000000000,-1,195
28,4020000000000,-1,548
30,4020000000000,-1,142
31,4020000000000,-1,135
32,4020000000000,16,495
33,4020000000000,396,590
34,4020000000000,-1,436
35,4020000000000,40,471
36,4020000000000,-1,240
38,4020000000000,-1,421
39,4020000000000,193,-1
40,4020000000000,-1,608
41,4020000000000,-1,97
44,4020000000000,-1,122
45,4020000000000,-1,624
46,4020000000000,-1,286
47,4020000000000,218,-1
48,4020000000000,72,-1
49,4020000000000,-1,21
51,4020000000000,-1,311
52,4020000000000,389,-1
53,4020000000000,-1,173
54,4020000000000,-1,520
55,4020000000000,377,-1
56,4020000000000,311,-1
57,4020000000000,-1,71
58,4020000000000,390,196
59,4020000000000,423,63
60,4020000000000,245,-1
61,4020000000000,-1,322
62,4020000000000,184,-1
63,4020000000000,-1,160
64,4020000000000,-1,190
65,4020000000000,111,-1
66,4020000000000,574,-1
67,4020000000000,167,-1
68,4020000000000,-1,363
69,4020000000000,192,216
70,4020000000000,-1,623
71,4020000000000,15,-1
72,4020000000000,366,220
74,4020000000000,-1,100
75,4020000000000,64,-1
76,4020000000000,142,93
77,4020000000000,241,95
78,4020000000000,-1,166
79,4020000000000,172,-1
80,4020000000000,240,46
81,4020000000000,-1,118
82,4020000000000,-1,421
83,4020000000000,191,45
84,4020000000000,365,171
85,4020000000000,-1,615
86,4020000000000,112,-1
87,4020000000000,144,168
88,4020000000000,-1,314
89,4020000000000,559,127
91,4020000000000,243,-1
92,4020000000000,72,96
93,4020000000000,339,-1
94,4020000000000,288,23
95,4020000000000,-1,121
96,4020000000000,-1,143
97,4020000000000,-1,145
98,4020000000000,-1,172
0,4080000000000,422,-1
1,4080000000000,-1,123
2,4080000000000,495,470
3,4080000000000,148,412
4,4080000000000,-1,377
7,4080000000000,558,-1
9,4080000000000,527,-1
10,4080000000000,598,-1
11,4080000000000,170,-1
12,4080000000000,415,221
13,4080000000000,566,-1
14,4080000000000,426,-1
15,4080000000000,240,215
16,4080000000000,88,-1
17,4080000000000,473,112
18,4080000000000,237,573
19,4080000000000,270,245
20,4080000000000,98,362
21,4080000000000,44,68
22,4080000000000,334,551
23,4080000000000,136,-1
24,4080000000000,-1,171
25,4080000000000,448,-1
26,4080000000000,596,-1
27,4080000000000,195,-1
28,4080000000000,548,-1
30,4080000000000,142,93
31,4080000000000,135,-1
32,4080000000000,495,-1
33,4080000000000,590,-1
34,4080000000000,436,-1
35,4080000000000,471,-1
36,4080000000000,240,-1
37,4080000000000,-1,161
38,4080000000000,421,-1
39,4080000000000,-1,217
40,4080000000000,608,-1
41,4080000000000,97,-1
42,4080000000000,-1,264
44,4080000000000,122,-1
45,4080000000000,624,-1
46,4080000000000,286,-1
47,4080000000000,-1,242
48,4080000000000,-1,289
49,4080000000000,21,214
50,4080000000000,-1,124
51,4080000000000,311,-1
52,4080000000000,-1,147
53,4080000000000,173,-1
54,4080000000000,520,495
55,4080000000000,-1,159
56,4080000000000,-1,575
57,4080000000000,71,-1
58,4080000000000,196,-1
59,4080000000000,63,-1
60,4080000000000,-1,366
61,4080000000000,322,-1
62,4080000000000,-1,377
63,4080000000000,160,-1
64,4080000000000,190,165
66,4080000000000,-1,237
67,4080000000000,-1,69
68,4080000000000,363,-1
69,4080000000000,216,94
70,4080000000000,623,-1
71,4080000000000,-1,446
72,4080000000000,220,-1
73,4080000000000,-1,390
74,4080000000000,100,436
76,4080000000000,93,44
77,4080000000000,95,-1
78,4080000000000,166,-1
79,4080000000000,-1,413
80,4080000000000,46,-1
81,4080000000000,118,-1
82,4080000000000,421,396
83,4080000000000,45,-1
84,4080000000000,171,-1
85,4080000000000,615,445
86,4080000000000,-1,448
87,4080000000000,168,192
88,4080000000000,314,-1
89,4080000000000,127,534
90,4080000000000,-1,122
91,4080000000000,-1,218
92,4080000000000,96,289
94,4080000000000,23,-1
95,4080000000000,121,-1
96,4080000000000,143,-1
97,4080000000000,145,120
98,4080000000000,172,-1
99,4080000000000,-1,389
0,4140000000000,-1,38
1,4140000000000,123,-1
2,4140000000000,470,15
3,4140000000000,412,-1
4,4140000000000,377,158
5,4140000000000,-1,285
6,4140000000000,-1,38
7,4140000000000,-1,102
8,4140000000000,-1,195
9,4140000000000,-1,333
10,4140000000000,-1,237
11,4140000000000,-1,315
12,4140000000000,221,439
13,4140000000000,-1,444
14,4140000000000,-1,184
15,4140000000000,215,45
17,4140000000000,112,-1
18,4140000000000,573,-1
19,4140000000000,245,415
20,4140000000000,362,-1
21,4140000000000,68,-1
22,4140000000000,551,-1
24,4140000000000,171,389
26,4140000000000,-1,189
27,4140000000000,-1,365
29,4140000000000,-1,483
30,4140000000000,93,117
31,4140000000000,-1,400
32,4140000000000,-1,40
33,4140000000000,-1,420
34,4140000000000,-1,124
35,4140000000000,-1,495
36,4140000000000,-1,70
37,4140000000000,161,-1
39,4140000000000,217,168
40,4140000000000,-1,152
42,4140000000000,264,46
43,4140000000000,-1,185
44,4140000000000,-1,363
45,4140000000000,-1,286
46,4140000000000,-1,599
47,4140000000000,242,193
48,4140000000000,289,313
49,4140000000000,214,-1
50,4140000000000,124,411
51,4140000000000,-1,624
52,4140000000000,147,-1
53,4140000000000,-1,437
54,4140000000000,495,40
55,4140000000000,159,-1
56,4140000000000,575,-1
57,4140000000000,-1,264
60,4140000000000,366,390
61,4140000000000,-1,563
62,4140000000000,377,-1
63,4140000000000,-1,425
64,4140000000000,165,620
65,4140000000000,-1,424
66,4140000000000,237,-1
67,4140000000000,69,142
68,4140000000000,-1,97
69,4140000000000,94,-1
70,4140000000000,-1,262
71,4140000000000,446,470
72,4140000000000,-1,390
73,4140000000000,390,220
74,4140000000000,436,-1
75,4140000000000,-1,471
76,4140000000000,44,117
77,4140000000000,-1,119
78,4140000000000,-1,44
79,4140000000000,413,-1
81,4140000000000,-1,142
82,4140000000000,396,614
83,4140000000000,-1,20
85,4140000000000,445,590
86,4140000000000,448,-1
87,4140000000000,192,-1
88,4140000000000,-1,96
89,4140000000000,534,151
90,4140000000000,122,363
91,4140000000000,218,-1
92,4140000000000,289,-1
93,4140000000000,-1,121
95,4140000000000,-1,314
96,4140000000000,-1,167
97,4140000000000,120,290
98,4140000000000,-1,413
99,4140000000000,389,171
0,4200000000000,38,-1
1,4200000000000,-1,387
2,4200000000000,15,-1
4,4200000000000,158,-1
5,4200000000000,285,574
6,4200000000000,38,421
7,4200000000000,102,-1
8,4200000000000,195,-1
9,4200000000000,333,308
10,4200000000000,237,-1
11,4200000000000,315,-1
12,4200000000000,439,-1
13,4200000000000,444,541
14,4200000000000,184,-1
15,4200000000000,45,-1
16,4200000000000,-1,472
19,4200000000000,415,-1
21,4200000000000,-1,92
23,4200000000000,-1,449
24,4200000000000,389,-1
25,4200000000000,-1,87
26,4200000000000,189,-1
27,4200000000000,365,-1
29,4200000000000,483,-1
30,4200000000000,117,-1
31,4200000000000,400,-1
32,4200000000000,40,15
33,4200000000000,420,395
34,4200000000000,124,-1
35,4200000000000,495,470
36,4200000000000,70,-1
39,4200000000000,168,192
40,4200000000000,152,-1
41,4200000000000,-1,338
42,4200000000000,46,-1
43,4200000000000,185,-1
44,4200000000000,363,121
45,4200000000000,286,-1
46,4200000000000,599,-1
47,4200000000000,193,217
48,4200000000000,313,71
50,4200000000000,411,-1
51,4200000000000,624,-1
52,4200000000000,-1,388
53,4200000000000,437,-1
54,4200000000000,40,-1
55,4200000000000,-1,376
56,4200000000000,-1,310
57,4200000000000,264,-1
58,4200000000000,-1,389
59,4200000000000,-1,422
60,4200000000000,390,-1
61,4200000000000,563,-1
62,4200000000000,-1,183
63,4200000000000,425,-1
64,4200000000000,620,-1
65,4200000000000,424,110
66,4200000000000,-1,573
67,4200000000000,142,166
68,4200000000000,97,-1
69,4200000000000,-1,191
70,4200000000000,262,-1
71,4200000000000,470,14
72,4200000000000,390,365
73,4200000000000,220,-1
75,4200000000000,471,63
76,4200000000000,117,141
77,4200000000000,119,240
78,4200000000000,44,-1
79,4200000000000,-1,171
80,4200000000000,-1,239
81,4200000000000,142,-1
82,4200000000000,614,-1
83,4200000000000,20,190
84,4200000000000,-1,364
85,4200000000000,590,-1
86,4200000000000,-1,111
87,4200000000000,-1,143
88,4200000000000,96,-1
89,4200000000000,151,558
90,4200000000000,363,-1
91,4200000000000,-1,242
93,4200000000000,121,338
94,4200000000000,-1,287
95,4200000000000,314,-1
96,4200000000000,167,-1
97,4200000000000,290,-1
98,4200000000000,413,-1
99,4200000000000,171,-1
0,4260000000000,-1,421
1,4260000000000,387,-1
2,4260000000000,-1,494
3,4260000000000,-1,147
4,4260000000000,-1,376
5,4260000000000,574,-1
6,4260000000000,421,-1
7,4260000000000,-1,557
8,4260000000000,-1,389
9,4260000000000,308,526
10,4260000000000,-1,597
11,4260000000000,-1,169
12,4260000000000,-1,220
13,4260000000000,541,565
14,4260000000000,-1,425
15,4260000000000,-1,239
16,4260000000000,472,471
17,4260000000000,-1,472
18,4260000000000,-1,236
19,4260000000000,-1,269
20,4260000000000,-1,97
21,4260000000000,92,116
22,4260000000000,-1,333
23,4260000000000,449,135
24,4260000000000,-1,195
25,4260000000000,87,447
26,4260000000000,-1,595
27,4260000000000,-1,194
28,4260000000000,-1,211
30,4260000000000,-1,141
31,4260000000000,-1,134
32,4260000000000,15,494
33,4260000000000,395,589
34,4260000000000,-1,435
35,4260000000000,470,-1
36,4260000000000,-1,239
37,4260000000000,-1,498
38,4260000000000,-1,420
39,4260000000000,192,-1
40,4260000000000,-1,607
41,4260000000000,338,96
44,4260000000000,121,-1
45,4260000000000,-1,623
46,4260000000000,-1,285
47,4260000000000,217,-1
48,4260000000000,71,-1
49,4260000000000,-1,20
50,4260000000000,-1,123
51,4260000000000,-1,310
52,4260000000000,388,146
53,4260000000000,-1,172
54,4260000000000,-1,519
55,4260000000000,376,158
56,4260000000000,310,-1
57,4260000000000,-1,70
58,4260000000000,389,195
59,4260000000000,422,62
60,4260000000000,-1,244
61,4260000000000,-1,321
62,4260000000000,183,401
64,4260000000000,-1,189
65,4260000000000,110,-1
66,4260000000000,573,-1
67,4260000000000,166,117
68,4260000000000,-1,362
69,4260000000000,191,215
70,4260000000000,-1,622
71,4260000000000,14,-1
72,4260000000000,365,219
73,4260000000000,-1,414
74,4260000000000,-1,124
75,4260000000000,63,-1
76,4260000000000,141,92
77,4260000000000,240,94
78,4260000000000,-1,165
79,4260000000000,171,-1
80,4260000000000,239,45
81,4260000000000,-1,117
82,4260000000000,-1,420
83,4260000000000,190,44
84,4260000000000,364,170
85,4260000000000,-1,614
86,4260000000000,111,-1
87,4260000000000,143,167
88,4260000000000,-1,313
89,4260000000000,558,126
91,4260000000000,242,-1
92,4260000000000,-1,95
93,4260000000000,338,-1
94,4260000000000,287,22
95,4260000000000,-1,120
96,4260000000000,-1,191
97,4260000000000,-1,144
98,4260000000000,-1,171
0,4320000000000,421,-1
1,4320000000000,-1,122
2,4320000000000,494,469
3,4320000000000,147,411
4,4320000000000,376,182
7,4320000000000,557,-1
8,4320000000000,389,-1
9,4320000000000,526,-1
10,4320000000000,597,-1
11,4320000000000,169,-1
12,4320000000000,220,-1
13,4320000000000,565,-1
14,4320000000000,425,-1
15,4320000000000,239,214
16,4320000000000,471,-1
17,4320000000000,472,111
18,4320000000000,236,572
19,4320000000000,269,244
20,4320000000000,97,361
21,4320000000000,116,67
22,4320000000000,333,550
23,4320000000000,135,-1
24,4320000000000,195,388
25,4320000000000,447,-1
26,4320000000000,595,-1
27,4320000000000,194,-1
28,4320000000000,211,547
30,4320000000000,141,92
31,4320000000000,134,-1
32,4320000000000,494,-1
33,4320000000000,589,-1
34,4320000000000,435,-1
36,4320000000000,239,-1
37,4320000000000,498,160
38,4320000000000,420,-1
39,4320000000000,-1,216
40,4320000000000,607,-1
41,4320000000000,96,-1
42,4320000000000,-1,263
45,4320000000000,623,-1
46,4320000000000,285,-1
47,4320000000000,-1,241
48,4320000000000,-1,288
49,4320000000000,20,213
50,4320000000000,123,-1
51,4320000000000,310,-1
52,4320000000000,146,-1
53,4320000000000,172,-1
54,4320000000000,519,494
55,4320000000000,158,-1
56,4320000000000,-1,599
57,4320000000000,70,-1
58,4320000000000,195,-1
59,4320000000000,62,-1
60,4320000000000,244,365
61,4320000000000,321,-1
62,4320000000000,401,376
63,4320000000000,-1,159
64,4320000000000,189,-1
66,4320000000000,-1,236
67,4320000000000,117,68
68,4320000000000,362,-1
69,4320000000000,215,93
70,4320000000000,622,-1
72,4320000000000,219,-1
73,4320000000000,414,389
74,4320000000000,124,435
76,4320000000000,92,43
77,4320000000000,94,-1
78,4320000000000,165,-1
79,4320000000000,-1,412
80,4320000000000,45,-1
81,4320000000000,117,-1
82,4320000000000,420,613
83,4320000000000,44,-1
84,4320000000000,170,-1
85,4320000000000,614,444
86,4320000000000,-1,447
87,4320000000000,167,191
88,4320000000000,313,-1
89,4320000000000,126,150
90,4320000000000,-1,121
91,4320000000000,-1,266
92,4320000000000,95,288
94,4320000000000,22,-1
95,4320000000000,120,-1
96,4320000000000,191,142
97,4320000000000,144,314
98,4320000000000,171,-1
99,4320000000000,-1,388
0,4380000000000,-1,37
1,4380000000000,122,411
2,4380000000000,469,14
3,4380000000000,411,-1
4,4380000000000,182,157
5,4380000000000,-1,284
6,4380000000000,-1,37
7,4380000000000,-1,101
8,4380000000000,-1,388
9,4380000000000,-1,332
10,4380000000000,-1,236
11,4380000000000,-1,314
12,4380000000000,-1,438
13,4380000000000,-1,443
14,4380000000000,-1,183
15,4380000000000,214,44
17,4380000000000,111,-1
18,4380000000000,572,-1
19,4380000000000,244,414
20,4380000000000,361,-1
21,4380000000000,67,-1
22,4380000000000,550,-1
24,4380000000000,388,-1
26,4380000000000,-1,188
27,4380000000000,-1,364
28,4380000000000,547,-1
29,4380000000000,-1,75
30,4380000000000,92,116
31,4380000000000,-1,424
32,4380000000000,-1,39
33,4380000000000,-1,419
34,4380000000000,-1,123
35,4380000000000,-1,494
36,4380000000000,-1,69
37,4380000000000,160,-1
38,4380000000000,-1,13
39,4380000000000,216,167
40,4380000000000,-1,151
42,4380000000000,263,45
43,4380000000000,-1,498
44,4380000000000,-1,362
45,4380000000000,-1,285
46,4380000000000,-1,598
47,4380000000000,241,192
48,4380000000000,288,312
49,4380000000000,213,-1
50,4380000000000,-1,410
51,4380000000000,-1,623
53,4380000000000,-1,436
54,4380000000000,494,39
56,4380000000000,599,-1
57,4380000000000,-1,263
60,4380000000000,365,389
61,4380000000000,-1,562
62,4380000000000,376,-1
63,4380000000000,159,449
64,4380000000000,-1,619
65,4380000000000,-1,423
66,4380000000000,236,-1
67,4380000000000,68,141
68,4380000000000,-1,96
69,4380000000000,93,-1
70,4380000000000,-1,261
71,4380000000000,-1,469
72,4380000000000,-1,389
73,4380000000000,389,219
74,4380000000000,435,-1
75,4380000000000,-1,470
76,4380000000000,43,116
77,4380000000000,-1,264
78,4380000000000,-1,43
79,4380000000000,412,-1
81,4380000000000,-1,141
82,4380000000000,613,-1
83,4380000000000,-1,19
85,4380000000000,444,-1
86,4380000000000,447,-1
87,4380000000000,191,-1
88,4380000000000,-1,95
89,4380000000000,150,-1
90,4380000000000,121,362
91,4380000000000,266,217
92,4380000000000,288,-1
93,4380000000000,-1,120
95,4380000000000,-1,313
96,4380000000000,142,166
97,4380000000000,314,289
98,4380000000000,-1,412
99,4380000000000,388,170
0,4440000000000,37,-1
1,4440000000000,411,386
2,4440000000000,14,-1
4,4440000000000,157,-1
5,4440000000000,284,573
6,4440000000000,37,-1
7,4440000000000,101,-1
8,4440000000000,388,-1
9,4440000000000,332,525
10,4440000000000,236,-1
11,4440000000000,314,-1
12,4440000000000,438,244
13,4440000000000,443,540
14,4440000000000,183,-1
15,4440000000000,44,-1
16,4440000000000,-1,87
19,4440000000000,414,-1
21,4440000000000,-1,91
23,4440000000000,-1,448
24,4440000000000,-1,194
25,4440000000000,-1,86
26,4440000000000,188,-1
27,4440000000000,364,-1
29,4440000000000,75,-1
30,4440000000000,116,-1
31,4440000000000,424,-1
32,4440000000000,39,14
33,4440000000000,419,-1
34,4440000000000,123,-1
35,4440000000000,494,38
36,4440000000000,69,-1
38,4440000000000,13,-1
39,4440000000000,167,191
40,4440000000000,151,-1
41,4440000000000,-1,337
42,4440000000000,45,-1
43,4440000000000,498,-1
44,4440000000000,362,120
45,4440000000000,285,-1
46,4440000000000,598,-1
47,4440000000000,192,216
48,4440000000000,312,70
50,4440000000000,410,-1
51,4440000000000,623,-1
52,4440000000000,-1,387
53,4440000000000,436,-1
54,4440000000000,39,-1
55,4440000000000,-1,375
56,4440000000000,-1,309
57,4440000000000,263,-1
58,4440000000000,-1,388
59,4440000000000,-1,421
60,4440000000000,389,-1
61,4440000000000,562,-1
62,4440000000000,-1,182
63,4440000000000,449,-1
64,4440000000000,619,-1
65,4440000000000,423,-1
66,4440000000000,-1,572
67,4440000000000,141,165
68,4440000000000,96,-1
69,4440000000000,-1,190
70,4440000000000,261,-1
71,4440000000000,469,13
72,4440000000000,389,364
73,4440000000000,219,-1
75,4440000000000,470,62
76,4440000000000,116,140
77,4440000000000,264,239
78,4440000000000,43,-1
79,4440000000000,-1,170
80,4440000000000,-1,238
81,4440000000000,141,-1
83,4440000000000,19,189
84,4440000000000,-1,363
85,4440000000000,-1,589
86,4440000000000,-1,110
87,4440000000000,-1,142
88,4440000000000,95,-1
89,4440000000000,-1,557
90,4440000000000,362,-1
91,4440000000000,217,241
93,4440000000000,120,337
94,4440000000000,-1,286
95,4440000000000,313,-1
96,4440000000000,166,-1
97,4440000000000,289,-1
98,4440000000000,412,-1
99,4440000000000,170,-1
0,4500000000000,-1,420
1,4500000000000,386,-1
2,4500000000000,-1,493
3,4500000000000,-1,146
4,4500000000000,-1,375
5,4500000000000,573,-1
6,4500000000000,-1,420
7,4500000000000,-1,556
9,4500000000000,525,-1
10,4500000000000,-1,596
11,4500000000000,-1,168
12,4500000000000,244,413
13,4500000000000,540,564
14,4500000000000,-1,449
15,4500000000000,-1,238
16,4500000000000,87,470
17,4500000000000,-1,471
18,4500000000000,-1,235
19,4500000000000,-1,268
20,4500000000000,-1,96
21,4500000000000,91,115
22,4500000000000,-1,332
23,4500000000000,448,134
24,4500000000000,194,-1
25,4500000000000,86,446
26,4500000000000,-1,594
27,4500000000000,-1,193
28,4500000000000,-1,210
29,4500000000000,-1,482
30,4500000000000,-1,140
31,4500000000000,-1,133
32,4500000000000,14,493
33,4500000000000,-1,588
34,4500000000000,-1,434
35,4500000000000,38,469
36,4500000000000,-1,238
37,4500000000000,-1,497
38,4500000000000,-1,12
39,4500000000000,191,-1
40,4500000000000,-1,606
41,4500000000000,337,95
43,4500000000000,-1,184
44,4500000000000,120,-1
45,4500000000000,-1,622
46,4500000000000,-1,284
47,4500000000000,216,-1
48,4500000000000,70,-1
49,4500000000000,-1,19
50,4500000000000,-1,122
51,4500000000000,-1,309
52,4500000000000,387,145
53,4500000000000,-1,171
54,4500000000000,-1,518
55,4500000000000,375,424
56,4500000000000,309,-1
57,4500000000000,-1,69
58,4500000000000,388,412
59,4500000000000,421,61
60,4500000000000,-1,243
61,4500000000000,-1,320
62,4500000000000,182,400
64,4500000000000,-1,188
65,4500000000000,-1,109
66,4500000000000,572,235
67,4500000000000,165,116
68,4500000000000,-1,361
69,4500000000000,190,214
70,4500000000000,-1,621
71,4500000000000,13,-1
72,4500000000000,364,218
73,4500000000000,-1,413
74,4500000000000,-1,147
75,4500000000000,62,-1
76,4500000000000,140,91
77,4500000000000,239,93
78,4500000000000,-1,164
79,4500000000000,170,-1
80,4500000000000,238,44
81,4500000000000,-1,116
82,4500000000000,-1,419
83,4500000000000,189,43
84,4500000000000,363,387
85,4500000000000,589,613
86,4500000000000,110,-1
87,4500000000000,142,166
88,4500000000000,-1,312
89,4500000000000,557,-1
91,4500000000000,241,-1
92,4500000000000,-1,94
93,4500000000000,337,-1
94,4500000000000,286,21
95,4500000000000,-1,119
96,4500000000000,-1,190
97,4500000000000,-1,143
0,4560000000000,420,-1
1,4560000000000,-1,121
2,4560000000000,493,468
3,4560000000000,146,410
4,4560000000000,375,181
6,4560000000000,420,-1
7,4560000000000,556,-1
10,4560000000000,596,-1
11,4560000000000,168,192
12,4560000000000,413,219
13,4560000000000,564,-1
14,4560000000000,449,-1
15,4560000000000,238,213
16,4560000000000,470,-1
17,4560000000000,471,110
18,4560000000000,235,571
19,4560000000000,268,243
20,4560000000000,96,360
21,4560000000000,115,66
22,4560000000000,332,-1
23,4560000000000,134,-1
24,4560000000000,-1,387
25,4560000000000,446,-1
26,4560000000000,594,-1
27,4560000000000,193,363
28,4560000000000,210,-1
29,4560000000000,482,-1
30,4560000000000,140,91
31,4560000000000,133,-1
32,4560000000000,493,-1
33,4560000000000,588,-1
34,4560000000000,434,-1
35,4560000000000,469,-1
36,4560000000000,238,-1
37,4560000000000,497,159
38,4560000000000,12,-1
39,4560000000000,-1,215
40,4560000000000,606,-1
41,4560000000000,95,-1
42,4560000000000,-1,286
43,4560000000000,184,-1
45,4560000000000,622,-1
46,4560000000000,284,-1
47,4560000000000,-1,240
48,4560000000000,-1,311
49,4560000000000,19,212
50,4560000000000,122,-1
51,4560000000000,309,-1
52,4560000000000,145,-1
53,4560000000000,171,-1
54,4560000000000,518,38
55,4560000000000,424,157
56,4560000000000,-1,598
57,4560000000000,69,-1
58,4560000000000,412,194
59,4560000000000,61,-1
60,4560000000000,243,267
61,4560000000000,320,-1
62,4560000000000,400,375
63,4560000000000,-1,182
64,4560000000000,188,-1
65,4560000000000,109,-1
66,4560000000000,235,-1
67,4560000000000,116,67
68,4560000000000,361,-1
69,4560000000000,214,-1
70,4560000000000,621,-1
72,4560000000000,218,-1
73,4560000000000,413,388
74,4560000000000,147,434
76,4560000000000,91,42
77,4560000000000,93,-1
78,4560000000000,164,-1
79,4560000000000,-1,411
80,4560000000000,44,-1
81,4560000000000,116,-1
82,4560000000000,419,612
83,4560000000000,43,-1
84,4560000000000,387,169
85,4560000000000,613,443
86,4560000000000,-1,446
87,4560000000000,166,190
88,4560000000000,312,-1
89,4560000000000,-1,174
90,4560000000000,-1,120
91,4560000000000,-1,216
92,4560000000000,94,287
94,4560000000000,21,-1
95,4560000000000,119,-1
96,4560000000000,190,141
97,4560000000000,143,313
98,4560000000000,-1,170
99,4560000000000,-1,387
0,4620000000000,-1,36
1,4620000000000,121,410
2,4620000000000,468,13
3,4620000000000,410,-1
4,4620000000000,181,156
5,4620000000000,-1,283
6,4620000000000,-1,36
7,4620000000000,-1,100
8,4620000000000,-1,193
9,4620000000000,-1,331
10,4620000000000,-1,235
11,4620000000000,192,313
12,4620000000000,219,437
13,4620000000000,-1,442
14,4620000000000,-1,182
15,4620000000000,213,43
17,4620000000000,110,-1
18,4620000000000,571,-1
19,4620000000000,243,413
20,4620000000000,360,-1
21,4620000000000,66,-1
22,4620000000000,-1,574
24,4620000000000,387,-1
26,4620000000000,-1,187
27,4620000000000,363,-1
28,4620000000000,-1,546
29,4620000000000,-1,99
30,4620000000000,91,115
31,4620000000000,-1,423
32,4620000000000,-1,38
33,4620000000000,-1,418
34,4620000000000,-1,122
35,4620000000000,-1,62
36,4620000000000,-1,68
37,4620000000000,159,-1
39,4620000000000,215,166
40,4620000000000,-1,150
42,4620000000000,286,-1
43,4620000000000,-1,497
44,4620000000000,-1,361
45,4620000000000,-1,284
46,4620000000000,-1,597
47,4620000000000,240,191
48,4620000000000,311,-1
49,4620000000000,212,-1
50,4620000000000,-1,409
53,4620000000000,-1,435
54,4620000000000,38,-1
55,4620000000000,157,-1
56,4620000000000,598,-1
57,4620000000000,-1,287
58,4620000000000,194,-1
59,4620000000000,-1,445
60,4620000000000,267,388
61,4620000000000,-1,561
62,4620000000000,375,-1
63,4620000000000,182,448
64,4620000000000,-1,618
65,4620000000000,-1,422
67,4620000000000,67,91
68,4620000000000,-1,95
69,4620000000000,-1,92
70,4620000000000,-1,260
71,4620000000000,-1,468
72,4620000000000,-1,388
73,4620000000000,388,218
74,4620000000000,434,-1
75,4620000000000,-1,469
76,4620000000000,42,66
77,4620000000000,-1,117
78,4620000000000,-1,42
79,4620000000000,411,-1
81,4620000000000,-1,140
82,4620000000000,612,-1
83,4620000000000,-1,188
84,4620000000000,169,-1
85,4620000000000,443,-1
86,4620000000000,446,-1
87,4620000000000,190,-1
88,4620000000000,-1,94
89,4620000000000,174,-1
90,4620000000000,120,361
91,4620000000000,216,-1
92,4620000000000,287,-1
93,4620000000000,-1,119
94,4620000000000,-1,310
95,4620000000000,-1,312
96,4620000000000,141,165
97,4620000000000,313,288
98,4620000000000,170,411
99,4620000000000,387,169
0,4680000000000,36,-1
1,4680000000000,410,385
2,4680000000000,13,-1
4,4680000000000,156,399
5,4680000000000,283,572
6,4680000000000,36,-1
7,4680000000000,100,-1
8,4680000000000,193,387
9,4680000000000,331,549
10,4680000000000,235,-1
11,4680000000000,313,-1
12,4680000000000,437,-1
13,4680000000000,442,466
14,4680000000000,182,-1
15,4680000000000,43,-1
19,4680000000000,413,267
21,4680000000000,-1,90
22,4680000000000,574,-1
24,4680000000000,-1,193
25,4680000000000,-1,85
26,4680000000000,187,-1
27,4680000000000,-1,217
28,4680000000000,546,-1
29,4680000000000,99,-1
30,4680000000000,115,-1
31,4680000000000,423,-1
32,4680000000000,38,13
33,4680000000000,418,-1
34,4680000000000,122,-1
35,4680000000000,62,468
36,4680000000000,68,-1
39,4680000000000,166,190
40,4680000000000,150,-1
41,4680000000000,-1,336
42,4680000000000,-1,44
43,4680000000000,497,-1
44,4680000000000,361,-1
45,4680000000000,284,621
46,4680000000000,597,-1
47,4680000000000,191,215
48,4680000000000,-1,69
50,4680000000000,409,121
51,4680000000000,-1,622
52,4680000000000,-1,386
53,4680000000000,435,-1
55,4680000000000,-1,399
56,4680000000000,-1,308
57,4680000000000,287,262
58,4680000000000,-1,387
59,4680000000000,445,60
60,4680000000000,388,-1
61,4680000000000,561,-1
62,4680000000000,-1,181
63,4680000000000,448,-1
64,4680000000000,618,-1
65,4680000000000,422,-1
66,4680000000000,-1,571
67,4680000000000,91,164
68,4680000000000,95,-1
69,4680000000000,92,189
70,4680000000000,260,-1
71,4680000000000,468,12
72,4680000000000,388,242
73,4680000000000,218,-1
75,4680000000000,469,61
76,4680000000000,66,139
77,4680000000000,117,238
78,4680000000000,42,-1
79,4680000000000,-1,169
80,4680000000000,-1,237
81,4680000000000,140,-1
83,4680000000000,188,-1
84,4680000000000,-1,386
85,4680000000000,-1,588
86,4680000000000,-1,109
87,4680000000000,-1,165
88,4680000000000,94,-1
89,4680000000000,-1,556
90,4680000000000,361,-1
91,4680000000000,-1,240
93,4680000000000,119,336
94,4680000000000,310,-1
95,4680000000000,312,-1
96,4680000000000,165,-1
97,4680000000000,288,-1
98,4680000000000,411,-1
99,4680000000000,169,-1
0,4740000000000,-1,419
1,4740000000000,385,-1
2,4740000000000,-1,492
3,4740000000000,-1,145
4,4740000000000,399,-1
5,4740000000000,572,-1
6,4740000000000,-1,419
7,4740000000000,-1,555
8,4740000000000,387,-1
9,4740000000000,549,-1
10,4740000000000,-1,595
11,4740000000000,-1,167
12,4740000000000,-1,218
13,4740000000000,466,563
14,4740000000000,-1,448
15,4740000000000,-1,237
16,4740000000000,-1,469
17,4740000000000,-1,470
18,4740000000000,-1,234
19,4740000000000,267,-1
20,4740000000000,-1,95
21,4740000000000,90,114
22,4740000000000,-1,331
23,4740000000000,-1,133
24,4740000000000,193,-1
25,4740000000000,85,445
26,4740000000000,-1,593
27,4740000000000,217,192
28,4740000000000,-1,209
30,4740000000000,-1,139
32,4740000000000,13,492
33,4740000000000,-1,587
34,4740000000000,-1,433
35,4740000000000,468,-1
36,4740000000000,-1,237
37,4740000000000,-1,496
38,4740000000000,-1,11
39,4740000000000,190,-1
40,4740000000000,-1,605
41,4740000000000,336,94
42,4740000000000,44,-1
44,4740000000000,-1,119
45,4740000000000,621,-1
46,4740000000000,-1,283
47,4740000000000,215,-1
48,4740000000000,69,-1
49,4740000000000,-1,18
50,4740000000000,121,-1
51,4740000000000,622,308
52,4740000000000,386,410
53,4740000000000,-1,170
54,4740000000000,-1,517
55,4740000000000,399,423
56,4740000000000,308,622
57,4740000000000,262,68
58,4740000000000,387,411
59,4740000000000,60,-1
60,4740000000000,-1,242
61,4740000000000,-1,319
62,4740000000000,181,424
64,4740000000000,-1,187
65,4740000000000,-1,108
66,4740000000000,571,595
67,4740000000000,164,115
68,4740000000000,-1,360
69,4740000000000,189,213
70,4740000000000,-1,620
71,4740000000000,12,-1
72,4740000000000,242,217
73,4740000000000,-1,412
74,4740000000000,-1,146
75,4740000000000,61,-1
76,4740000000000,139,90
77,4740000000000,238,92
78,4740000000000,-1,163
79,4740000000000,169,-1
80,4740000000000,237,43
81,4740000000000,-1,115
82,4740000000000,-1,418
83,4740000000000,-1,42
84,4740000000000,386,-1
85,4740000000000,588,612
86,4740000000000,109,-1
87,4740000000000,165,-1
89,4740000000000,556,-1
91,4740000000000,240,-1
92,4740000000000,-1,93
93,4740000000000,336,-1
94,4740000000000,-1,20
95,4740000000000,-1,118
96,4740000000000,-1,189
97,4740000000000,-1,142
0,4800000000000,419,-1
1,4800000000000,-1,409
2,4800000000000,492,-1
3,4800000000000,145,409
4,4800000000000,-1,180
6,4800000000000,419,-1
7,4800000000000,555,-1
10,4800000000000,595,-1
11,4800000000000,167,191
12,4800000000000,218,436
13,4800000000000,563,-1
14,4800000000000,448,-1
15,4800000000000,237,212
16,4800000000000,469,-1
17,4800000000000,470,109
18,4800000000000,234,570
19,4800000000000,-1,242
20,4800000000000,95,359
21,4800000000000,114,65
22,4800000000000,331,-1
23,4800000000000,133,-1
24,4800000000000,-1,386
25,4800000000000,445,-1
26,4800000000000,593,186
27,4800000000000,192,362
28,4800000000000,209,-1
30,4800000000000,139,90
31,4800000000000,-1,132
32,4800000000000,492,-1
33,4800000000000,587,-1
34,4800000000000,433,-1
36,4800000000000,237,-1
37,4800000000000,496,158
38,4800000000000,11,-1
39,4800000000000,-1,214
40,4800000000000,605,-1
41,4800000000000,94,-1
42,4800000000000,-1,285
43,4800000000000,-1,183
44,4800000000000,119,-1
46,4800000000000,283,-1
47,4800000000000,-1,239
48,4800000000000,-1,310
49,4800000000000,18,211
51,4800000000000,308,-1
52,4800000000000,410,144
53,4800000000000,170,-1
54,4800000000000,517,62
55,4800000000000,423,-1
56,4800000000000,622,597
57,4800000000000,68,-1
58,4800000000000,411,193
60,4800000000000,242,266
61,4800000000000,319,-1
62,4800000000000,424,-1
63,4800000000000,-1,181
64,4800000000000,187,-1
65,4800000000000,108,-1
66,4800000000000,595,-1
67,4800000000000,115,66
68,4800000000000,360,-1
69,4800000000000,213,91
70,4800000000000,620,-1
72,4800000000000,217,-1
73,4800000000000,412,387
74,4800000000000,146,-1
75,4800000000000,-1,468
76,4800000000000,90,41
77,4800000000000,92,-1
78,4800000000000,163,-1
79,4800000000000,-1,410
80,4800000000000,43,-1
81,4800000000000,115,-1
82,4800000000000,418,611
83,4800000000000,42,-1
84,4800000000000,-1,168
85,4800000000000,612,442
86,4800000000000,-1,445
87,4800000000000,-1,189
88,4800000000000,-1,311
89,4800000000000,-1,173
90,4800000000000,-1,119
91,4800000000000,-1,264
92,4800000000000,93,286
93,4800000000000,-1,118
94,4800000000000,20,309
95,4800000000000,118,-1
96,4800000000000,189,140
97,4800000000000,142,312
98,4800000000000,-1,169
99,4800000000000,-1,386
1,4860000000000,409,-1
2,4860000000000,-1,12
3,4860000000000,409,-1
4,4860000000000,180,155
5,4860000000000,-1,282
6,4860000000000,-1,35
7,4860000000000,-1,124
8,4860000000000,-1,386
9,4860000000000,-1,330
10,4860000000000,-1,234
11,4860000000000,191,312
12,4860000000000,436,-1
13,4860000000000,-1,441
14,4860000000000,-1,181
15,4860000000000,212,42
17,4860000000000,109,-1
18,4860000000000,570,-1
19,4860000000000,242,412
20,4860000000000,359,-1
21,4860000000000,65,-1
22,4860000000000,-1,573
24,4860000000000,386,-1
26,4860000000000,186,-1
27,4860000000000,362,-1
29,4860000000000,-1,98
30,4860000000000,90,114
31,4860000000000,132,422
32,4860000000000,-1,37
33,4860000000000,-1,417
34,4860000000000,-1,121
35,4860000000000,-1,61
36,4860000000000,-1,67
37,4860000000000,158,-1
39,4860000000000,214,-1
40,4860000000000,-1,174
42,4860000000000,285,-1
43,4860000000000,183,496
44,4860000000000,-1,360
45,4860000000000,-1,283
46,4860000000000,-1,596
47,4860000000000,239,190
48,4860000000000,310,-1
49,4860000000000,211,-1
50,4860000000000,-1,408
52,4860000000000,144,-1
53,4860000000000,-1,434
54,4860000000000,62,37
55,4860000000000,-1,156
56,4860000000000,597,-1
57,4860000000000,-1,286
58,4860000000000,193,-1
59,4860000000000,-1,444
60,4860000000000,266,387
61,4860000000000,-1,560
62,4860000000000,-1,399
63,4860000000000,181,-1
64,4860000000000,-1,617
65,4860000000000,-1,421
66,4860000000000,-1,234
67,4860000000000,66,90
68,4860000000000,-1,94
69,4860000000000,91,-1
70,4860000000000,-1,259
71,4860000000000,-1,467
72,4860000000000,-1,387
73,4860000000000,387,217
74,4860000000000,-1,433
75,4860000000000,468,-1
76,4860000000000,41,65
77,4860000000000,-1,262
78,4860000000000,-1,41
79,4860000000000,410,-1
81,4860000000000,-1,139
82,4860000000000,611,-1
83,4860000000000,-1,212
84,4860000000000,168,-1
85,4860000000000,442,-1
86,4860000000000,445,-1
87,4860000000000,189,-1
88,4860000000000,311,93
89,4860000000000,173,-1
90,4860000000000,119,360
91,4860000000000,264,215
92,4860000000000,286,-1
93,4860000000000,118,-1
94,4860000000000,309,-1
95,4860000000000,-1,311
96,4860000000000,140,164
97,4860000000000,312,287
98,4860000000000,169,410
99,4860000000000,386,168
0,4920000000000,-1,35
1,4920000000000,-1,144
2,4920000000000,12,-1
4,4920000000000,155,398
5,4920000000000,282,-1
6,4920000000000,35,-1
7,4920000000000,124,-1
8,4920000000000,386,-1
9,4920000000000,330,548
10,4920000000000,234,-1
11,4920000000000,312,-1
12,4920000000000,-1,242
13,4920000000000,441,465
14,4920000000000,181,-1
15,4920000000000,42,-1
18,4920000000000,-1,233
19,4920000000000,412,266
21,4920000000000,-1,89
22,4920000000000,573,330
24,4920000000000,-1,192
25,4920000000000,-1,84
26,4920000000000,-1,617
27,4920000000000,-1,216
28,4920000000000,-1,569
29,4920000000000,98,-1
30,4920000000000,114,-1
31,4920000000000,422,-1
32,4920000000000,37,12
33,4920000000000,417,-1
34,4920000000000,121,-1
35,4920000000000,61,36
36,4920000000000,67,-1
37,4920000000000,-1,495
38,4920000000000,-1,442
39,4920000000000,-1,189
40,4920000000000,174,-1
41,4920000000000,-1,335
42,4920000000000,-1,43
43,4920000000000,496,-1
44,4920000000000,360,118
45,4920000000000,283,620
46,4920000000000,596,-1
47,4920000000000,190,214
48,4920000000000,-1,68
50,4920000000000,408,120
51,4920000000000,-1,621
52,4920000000000,-1,385
53,4920000000000,434,-1
54,4920000000000,37,-1
55,4920000000000,156,180
56,4920000000000,-1,307
57,4920000000000,286,261
58,4920000000000,-1,410
59,4920000000000,444,59
60,4920000000000,387,-1
61,4920000000000,560,-1
62,4920000000000,399,423
63,4920000000000,-1,447
64,4920000000000,617,-1
65,4920000000000,421,-1
66,4920000000000,234,258
67,4920000000000,90,163
68,4920000000000,94,-1
69,4920000000000,-1,115
70,4920000000000,259,-1
71,4920000000000,467,11
72,4920000000000,387,241
73,4920000000000,217,-1
74,4920000000000,433,145
75,4920000000000,-1,60
76,4920000000000,65,138
77,4920000000000,262,237
78,4920000000000,41,-1
79,4920000000000,-1,168
80,4920000000000,-1,260
81,4920000000000,139,-1
83,4920000000000,212,187
84,4920000000000,-1,385
85,4920000000000,-1,587
86,4920000000000,-1,108
87,4920000000000,-1,213
88,4920000000000,93,-1
89,4920000000000,-1,555
90,4920000000000,360,-1
91,4920000000000,215,239
92,4920000000000,-1,92
93,4920000000000,-1,335
95,4920000000000,311,-1
96,4920000000000,164,-1
97,4920000000000,287,-1
98,4920000000000,410,-1
99,4920000000000,168,-1
0,4980000000000,35,418
1,4980000000000,144,384
2,4980000000000,-1,491
3,4980000000000,-1,144
4,4980000000000,398,-1
5,4980000000000,-1,571
6,4980000000000,-1,418
7,4980000000000,-1,554
9,4980000000000,548,-1
10,4980000000000,-1,594
11,4980000000000,-1,166
12,4980000000000,242,-1
13,4980000000000,465,562
14,4980000000000,-1,447
15,4980000000000,-1,236
16,4980000000000,-1,468
17,4980000000000,-1,469
18,4980000000000,233,-1
19,4980000000000,266,-1
20,4980000000000,-1,94
21,4980000000000,89,113
22,4980000000000,330,-1
23,4980000000000,-1,470
24,4980000000000,192,-1
25,4980000000000,84,444
26,4980000000000,617,592
27,4980000000000,216,191
28,4980000000000,569,208
30,4980000000000,-1,138
31,4980000000000,-1,156
32,4980000000000,12,491
33,4980000000000,-1,586
35,4980000000000,36,467
36,4980000000000,-1,236
37,4980000000000,495,-1
38,4980000000000,442,10
39,4980000000000,189,-1
40,4980000000000,-1,604
41,4980000000000,335,93
42,4980000000000,43,-1
44,4980000000000,118,-1
45,4980000000000,620,-1
46,4980000000000,-1,282
47,4980000000000,214,-1
48,4980000000000,68,-1
49,4980000000000,-1,17
50,4980000000000,120,-1
51,4980000000000,621,307
52,4980000000000,385,409
53,4980000000000,-1,169
54,4980000000000,-1,516
55,4980000000000,180,422
56,4980000000000,307,621
57,4980000000000,261,67
58,4980000000000,410,-1
59,4980000000000,59,-1
60,4980000000000,-1,241
61,4980000000000,-1,318
62,4980000000000,423,-1
63,4980000000000,447,-1
64,4980000000000,-1,186
65,4980000000000,-1,107
66,4980000000000,258,594
67,4980000000000,163,114
68,4980000000000,-1,359
69,4980000000000,115,212
70,4980000000000,-1,619
71,4980000000000,11,-1
72,4980000000000,241,216
73,4980000000000,-1,411
74,4980000000000,145,-1
75,4980000000000,60,-1
76,4980000000000,138,89
77,4980000000000,237,91
78,4980000000000,-1,162
79,4980000000000,168,-1
80,4980000000000,260,-1
81,4980000000000,-1,114
82,4980000000000,-1,417
83,4980000000000,187,41
84,4980000000000,385,-1
85,4980000000000,587,611
86,4980000000000,108,-1
87,4980000000000,213,164
88,4980000000000,-1,310
89,4980000000000,555,-1
91,4980000000000,239,-1
92,4980000000000,92,-1
93,4980000000000,335,-1
94,4980000000000,-1,308
95,4980000000000,-1,117
96,4980000000000,-1,188
97,4980000000000,-1,141
99,4980000000000,-1,192
0,5040000000000,418,-1
1,5040000000000,384,408
2,5040000000000,491,11
3,5040000000000,144,408
4,5040000000000,-1,179
5,5040000000000,571,281
6,5040000000000,418,442
7,5040000000000,554,-1
8,5040000000000,-1,216
9,5040000000000,-1,329
10,5040000000000,594,-1
11,5040000000000,166,190
12,5040000000000,-1,435
13,5040000000000,562,-1
14,5040000000000,447,-1
15,5040000000000,236,211
16,5040000000000,468,-1
17,5040000000000,469,108
18,5040000000000,-1,569
19,5040000000000,-1,411
20,5040000000000,94,358
21,5040000000000,113,64
23,5040000000000,470,132
24,5040000000000,-1,385
25,5040000000000,444,-1
26,5040000000000,592,185
27,5040000000000,191,361
28,5040000000000,208,-1
29,5040000000000,-1,504
30,5040000000000,138,89
31,5040000000000,156,421
32,5040000000000,491,36
33,5040000000000,586,416
34,5040000000000,-1,432
35,5040000000000,467,60
36,5040000000000,236,66
38,5040000000000,10,-1
39,5040000000000,-1,213
40,5040000000000,604,-1
41,5040000000000,93,-1
42,5040000000000,-1,284
43,5040000000000,-1,182
44,5040000000000,-1,359
46,5040000000000,282,-1
47,5040000000000,-1,238
48,5040000000000,-1,309
49,5040000000000,17,210
51,5040000000000,307,-1
52,5040000000000,409,143
53,5040000000000,169,-1
54,5040000000000,516,61
55,5040000000000,422,-1
56,5040000000000,621,596
57,5040000000000,67,-1
58,5040000000000,-1,192
59,5040000000000,-1,443
60,5040000000000,241,265
61,5040000000000,318,-1
62,5040000000000,-1,204
63,5040000000000,-1,180
64,5040000000000,186,-1
65,5040000000000,107,-1
66,5040000000000,594,-1
67,5040000000000,114,187
68,5040000000000,359,-1
69,5040000000000,212,-1
70,5040000000000,619,-1
71,5040000000000,-1,466
72,5040000000000,216,386
73,5040000000000,411,216
75,5040000000000,-1,467
76,5040000000000,89,40
77,5040000000000,91,261
78,5040000000000,162,-1
79,5040000000000,-1,409
80,5040000000000,-1,42
81,5040000000000,114,-1
82,5040000000000,417,610
83,5040000000000,41,-1
84,5040000000000,-1,167
85,5040000000000,611,441
86,5040000000000,-1,444
87,5040000000000,164,188
88,5040000000000,310,-1
89,5040000000000,-1,172
90,5040000000000,-1,118
91,5040000000000,-1,263
92,5040000000000,-1,285
93,5040000000000,-1,117
94,5040000000000,308,-1
95,5040000000000,117,-1
96,5040000000000,188,139
97,5040000000000,141,311
98,5040000000000,-1,168
99,5040000000000,192,385
1,5100000000000,408,-1
2,5100000000000,11,-1
3,5100000000000,408,-1
4,5100000000000,179,-1
5,5100000000000,281,-1
6,5100000000000,442,34
7,5100000000000,-1,123
8,5100000000000,216,385
9,5100000000000,329,-1
10,5100000000000,-1,233
11,5100000000000,190,311
12,5100000000000,435,-1
13,5100000000000,-1,440
14,5100000000000,-1,180
15,5100000000000,211,41
17,5100000000000,108,-1
18,5100000000000,569,-1
19,5100000000000,411,-1
20,5100000000000,358,-1
21,5100000000000,64,-1
22,5100000000000,-1,572
23,5100000000000,132,-1
24,5100000000000,385,-1
26,5100000000000,185,-1
27,5100000000000,361,-1
29,5100000000000,504,97
30,5100000000000,89,113
31,5100000000000,421,-1
32,5100000000000,36,-1
33,5100000000000,416,-1
34,5100000000000,432,120
35,5100000000000,60,-1
36,5100000000000,66,-1
37,5100000000000,-1,157
39,5100000000000,213,-1
40,5100000000000,-1,173
42,5100000000000,284,-1
43,5100000000000,182,495
44,5100000000000,359,-1
45,5100000000000,-1,282
46,5100000000000,-1,595
47,5100000000000,238,189
48,5100000000000,309,-1
49,5100000000000,210,-1
50,5100000000000,-1,119
52,5100000000000,143,-1
53,5100000000000,-1,433
54,5100000000000,61,36
56,5100000000000,596,-1
57,5100000000000,-1,285
58,5100000000000,192,-1
59,5100000000000,443,-1
60,5100000000000,265,386
61,5100000000000,-1,559
62,5100000000000,204,398
63,5100000000000,180,-1
64,5100000000000,-1,616
65,5100000000000,-1,420
67,5100000000000,187,89
68,5100000000000,-1,93
69,5100000000000,-1,90
70,5100000000000,-1,258
71,5100000000000,466,-1
72,5100000000000,386,-1
73,5100000000000,216,-1
74,5100000000000,-1,432
75,5100000000000,467,-1
76,5100000000000,40,64
77,5100000000000,261,115
78,5100000000000,-1,40
79,5100000000000,409,-1
80,5100000000000,42,-1
81,5100000000000,-1,138
82,5100000000000,610,-1
83,5100000000000,-1,186
84,5100000000000,167,-1
85,5100000000000,441,-1
86,5100000000000,444,-1
87,5100000000000,188,-1
88,5100000000000,-1,92
89,5100000000000,172,-1
90,5100000000000,118,142
91,5100000000000,263,214
92,5100000000000,285,-1
93,5100000000000,117,-1
96,5100000000000,139,163
97,5100000000000,311,286
98,5100000000000,168,192
99,5100000000000,385,167
0,5160000000000,-1,58
1,5160000000000,-1,143
2,5160000000000,-1,490
3,5160000000000,-1,143
4,5160000000000,-1,397
6,5160000000000,34,-1
7,5160000000000,123,553
8,5160000000000,385,-1
9,5160000000000,-1,547
10,5160000000000,233,593
11,5160000000000,311,-1
12,5160000000000,-1,241
13,5160000000000,440,464
14,5160000000000,180,-1
15,5160000000000,41,235
16,5160000000000,-1,108
17,5160000000000,-1,468
18,5160000000000,-1,232
19,5160000000000,-1,265
20,5160000000000,-1,93
21,5160000000000,-1,88
22,5160000000000,572,329
23,5160000000000,-1,469
24,5160000000000,-1,191
25,5160000000000,-1,83
26,5160000000000,-1,616
27,5160000000000,-1,215
28,5160000000000,-1,568
29,5160000000000,97,-1
30,5160000000000,113,-1
32,5160000000000,-1,11
34,5160000000000,120,-1
35,5160000000000,-1,35
37,5160000000000,157,494
38,5160000000000,-1,441
39,5160000000000,-1,188
40,5160000000000,173,603
41,5160000000000,-1,358
42,5160000000000,-1,42
43,5160000000000,495,-1
45,5160000000000,282,619
46,5160000000000,595,-1
47,5160000000000,189,213
48,5160000000000,-1,67
49,5160000000000,-1,16
50,5160000000000,119,-1
51,5160000000000,-1,620
52,5160000000000,-1,167
53,5160000000000,433,168
54,5160000000000,36,515
55,5160000000000,-1,179
56,5160000000000,-1,620
57,5160000000000,285,260
58,5160000000000,-1,409
60,5160000000000,386,-1
61,5160000000000,559,-1
62,5160000000000,398,422
63,5160000000000,-1,446
64,5160000000000,616,185
65,5160000000000,420,-1
66,5160000000000,-1,257
67,5160000000000,89,162
68,5160000000000,93,358
69,5160000000000,90,114
70,5160000000000,258,-1
71,5160000000000,-1,10
72,5160000000000,-1,240
73,5160000000000,-1,410
74,5160000000000,432,144
75,5160000000000,-1,59
76,5160000000000,64,137
77,5160000000000,115,236
78,5160000000000,40,-1
79,5160000000000,-1,167
80,5160000000000,-1,259
81,5160000000000,138,-1
82,5160000000000,-1,416
83,5160000000000,186,40
84,5160000000000,-1,384
85,5160000000000,-1,610
86,5160000000000,-1,107
87,5160000000000,-1,212
88,5160000000000,92,-1
89,5160000000000,-1,554
90,5160000000000,142,359
91,5160000000000,214,238
92,5160000000000,-1,91
94,5160000000000,-1,43
95,5160000000000,-1,116
96,5160000000000,163,-1
97,5160000000000,286,140
98,5160000000000,192,409
99,5160000000000,167,409
0,5220000000000,58,417
1,5220000000000,143,383
2,5220000000000,490,-1
3,5220000000000,143,-1
4,5220000000000,397,-1
5,5220000000000,-1,570
7,5220000000000,553,-1
9,5220000000000,547,-1
10,5220000000000,593,-1
11,5220000000000,-1,165
12,5220000000000,241,-1
13,5220000000000,464,561
14,5220000000000,-1,446
15,5220000000000,235,-1
16,5220000000000,108,467
17,5220000000000,468,-1
18,5220000000000,232,-1
19,5220000000000,265,-1
20,5220000000000,93,-1
21,5220000000000,88,112
22,5220000000000,329,-1
23,5220000000000,469,-1
24,5220000000000,191,-1
25,5220000000000,83,443
26,5220000000000,616,591
27,5220000000000,215,360
28,5220000000000,568,207
30,5220000000000,-1,137
31,5220000000000,-1,155
32,5220000000000,11,490
33,5220000000000,-1,585
35,5220000000000,35,466
36,5220000000000,-1,235
37,5220000000000,494,-1
38,5220000000000,441,9
39,5220000000000,188,-1
40,5220000000000,603,-1
41,5220000000000,358,-1
42,5220000000000,42,-1
44,5220000000000,-1,117
45,5220000000000,619,-1
46,5220000000000,-1,281
47,5220000000000,213,-1
48,5220000000000,67,-1
49,5220000000000,16,-1
51,5220000000000,620,19
52,5220000000000,167,408
53,5220000000000,168,-1
54,5220000000000,515,-1
55,5220000000000,179,421
56,5220000000000,620,-1
57,5220000000000,260,66
58,5220000000000,409,-1
59,5220000000000,-1,58
60,5220000000000,-1,240
61,5220000000000,-1,317
62,5220000000000,422,-1
63,5220000000000,446,-1
64,5220000000000,185,-1
65,5220000000000,-1,106
66,5220000000000,257,593
67,5220000000000,162,113
68,5220000000000,358,-1
69,5220000000000,114,211
70,5220000000000,-1,618
71,5220000000000,10,-1
72,5220000000000,240,215
73,5220000000000,410,-1
74,5220000000000,144,-1
75,5220000000000,59,-1
76,5220000000000,137,88
77,5220000000000,236,90
78,5220000000000,-1,161
79,5220000000000,167,-1
80,5220000000000,259,-1
81,5220000000000,-1,113
82,5220000000000,416,-1
83,5220000000000,40,-1
84,5220000000000,384,-1
85,5220000000000,610,-1
86,5220000000000,107,-1
87,5220000000000,212,163
89,5220000000000,554,-1
90,5220000000000,359,-1
91,5220000000000,238,-1
92,5220000000000,91,-1
93,5220000000000,-1,334
94,5220000000000,43,307
95,5220000000000,116,-1
96,5220000000000,-1,187
97,5220000000000,140,-1
98,5220000000000,409,-1
99,5220000000000,409,191
0,5280000000000,417,-1
1,5280000000000,383,407
2,5280000000000,-1,10
4,5280000000000,-1,178
5,5280000000000,570,280
6,5280000000000,-1,441
7,5280000000000,-1,147
8,5280000000000,-1,215
9,5280000000000,-1,328
11,5280000000000,165,189
12,5280000000000,-1,434
13,5280000000000,561,-1
14,5280000000000,446,-1
15,5280000000000,-1,40
16,5280000000000,467,-1
17,5280000000000,-1,107
19,5280000000000,-1,410
20,5280000000000,-1,357
21,5280000000000,112,63
23,5280000000000,-1,131
24,5280000000000,-1,384
25,5280000000000,443,107
26,5280000000000,591,184
27,5280000000000,360,-1
28,5280000000000,207,-1
29,5280000000000,-1,503
30,5280000000000,137,88
31,5280000000000,155,420
32,5280000000000,490,35
33,5280000000000,585,415
34,5280000000000,-1,431
35,5280000000000,466,59
36,5280000000000,235,65
38,5280000000000,9,-1
39,5280000000000,-1,212
40,5280000000000,-1,197
41,5280000000000,-1,92
42,5280000000000,-1,283
43,5280000000000,-1,205
44,5280000000000,117,358
46,5280000000000,281,-1
47,5280000000000,-1,237
48,5280000000000,-1,308
49,5280000000000,-1,209
51,5280000000000,19,306
52,5280000000000,408,-1
54,5280000000000,-1,60
55,5280000000000,421,-1
56,5280000000000,-1,595
57,5280000000000,66,284
58,5280000000000,-1,191
59,5280000000000,58,442
60,5280000000000,240,264
61,5280000000000,317,-1
62,5280000000000,-1,203
63,5280000000000,-1,179
65,5280000000000,106,419
66,5280000000000,593,-1
67,5280000000000,113,186
69,5280000000000,211,-1
70,5280000000000,618,-1
71,5280000000000,-1,465
72,5280000000000,215,385
73,5280000000000,-1,215
75,5280000000000,-1,466
76,5280000000000,88,161
77,5280000000000,90,260
78,5280000000000,161,-1
79,5280000000000,-1,408
81,5280000000000,113,-1
82,5280000000000,-1,609
83,5280000000000,-1,210
84,5280000000000,-1,166
85,5280000000000,-1,440
86,5280000000000,-1,443
87,5280000000000,163,187
88,5280000000000,-1,309
89,5280000000000,-1,171
90,5280000000000,-1,141
91,5280000000000,-1,262
92,5280000000000,-1,284
93,5280000000000,334,116
94,5280000000000,307,-1
96,5280000000000,187,138
97,5280000000000,-1,310
98,5280000000000,-1,191
99,5280000000000,191,384
1,5340000000000,407,-1
2,5340000000000,10,-1
3,5340000000000,-1,407
4,5340000000000,178,-1
5,5340000000000,280,-1
6,5340000000000,441,33
7,5340000000000,147,122
8,5340000000000,215,190
9,5340000000000,328,-1
10,5340000000000,-1,232
11,5340000000000,189,310
12,5340000000000,434,-1
13,5340000000000,-1,439
14,5340000000000,-1,179
15,5340000000000,40,-1
17,5340000000000,107,-1
18,5340000000000,-1,568
19,5340000000000,410,-1
20,5340000000000,357,-1
21,5340000000000,63,136
22,5340000000000,-1,571
23,5340000000000,131,-1
24,5340000000000,384,-1
25,5340000000000,107,-1
26,5340000000000,184,-1
29,5340000000000,503,96
30,5340000000000,88,112
31,5340000000000,420,-1
32,5340000000000,35,-1
33,5340000000000,415,-1
34,5340000000000,431,119
35,5340000000000,59,-1
36,5340000000000,65,-1
37,5340000000000,-1,156
39,5340000000000,212,-1
40,5340000000000,197,-1
41,5340000000000,92,-1
42,5340000000000,283,-1
43,5340000000000,205,494
44,5340000000000,358,-1
46,5340000000000,-1,594
47,5340000000000,237,188
48,5340000000000,308,-1
49,5340000000000,209,-1
50,5340000000000,-1,118
51,5340000000000,306,-1
52,5340000000000,-1,142
53,5340000000000,-1,432
54,5340000000000,60,35
56,5340000000000,595,-1
57,5340000000000,284,-1
58,5340000000000,191,-1
59,5340000000000,442,-1
60,5340000000000,264,385
61,5340000000000,-1,558
62,5340000000000,203,397
63,5340000000000,179,-1
64,5340000000000,-1,615
65,5340000000000,419,-1
67,5340000000000,186,88
68,5340000000000,-1,92
69,5340000000000,-1,89
70,5340000000000,-1,282
71,5340000000000,465,-1
72,5340000000000,385,-1
73,5340000000000,215,-1
74,5340000000000,-1,455
75,5340000000000,466,-1
76,5340000000000,161,63
77,5340000000000,260,114
78,5340000000000,-1,39
79,5340000000000,408,-1
81,5340000000000,-1,137
82,5340000000000,609,-1
83,5340000000000,210,185
84,5340000000000,166,-1
85,5340000000000,440,-1
86,5340000000000,443,-1
87,5340000000000,187,-1
88,5340000000000,309,91
89,5340000000000,171,-1
90,5340000000000,141,-1
91,5340000000000,262,213
92,5340000000000,284,-1
93,5340000000000,116,-1
96,5340000000000,138,162
97,5340000000000,310,285
98,5340000000000,191,-1
99,5340000000000,384,408
0,5400000000000,-1,57
1,5400000000000,-1,142
2,5400000000000,-1,489
3,5400000000000,407,142
4,5400000000000,-1,396
6,5400000000000,33,-1
7,5400000000000,122,552
8,5400000000000,190,384
9,5400000000000,-1,546
10,5400000000000,232,592
11,5400000000000,310,-1
12,5400000000000,-1,240
13,5400000000000,439,463
14,5400000000000,179,-1
15,5400000000000,-1,234
16,5400000000000,-1,107
17,5400000000000,-1,467
18,5400000000000,568,231
19,5400000000000,-1,264
20,5400000000000,-1,92
21,5400000000000,136,87
22,5400000000000,571,328
23,5400000000000,-1,468
24,5400000000000,-1,190
25,5400000000000,-1,106
26,5400000000000,-1,615
27,5400000000000,-1,214
28,5400000000000,-1,567
29,5400000000000,96,-1
30,5400000000000,112,-1
31,5400000000000,-1,154
32,5400000000000,-1,10
33,5400000000000,-1,609
34,5400000000000,119,-1
36,5400000000000,-1,259
37,5400000000000,156,493
38,5400000000000,-1,440
39,5400000000000,-1,187
40,5400000000000,-1,602
41,5400000000000,-1,357
42,5400000000000,-1,41
43,5400000000000,494,-1
45,5400000000000,-1,618
46,5400000000000,594,-1
47,5400000000000,188,212
48,5400000000000,-1,66
49,5400000000000,-1,15
50,5400000000000,118,-1
51,5400000000000,-1,18
52,5400000000000,142,166
53,5400000000000,432,167
54,5400000000000,35,514
55,5400000000000,-1,178
56,5400000000000,-1,619
57,5400000000000,-1,259
58,5400000000000,-1,408
60,5400000000000,385,-1
61,5400000000000,558,-1
62,5400000000000,397,421
63,5400000000000,-1,445
64,5400000000000,615,184
66,5400000000000,-1,256
67,5400000000000,88,161
68,5400000000000,92,357
69,5400000000000,89,113
70,5400000000000,282,257
71,5400000000000,-1,9
72,5400000000000,-1,239
73,5400000000000,-1,409
74,5400000000000,455,143
75,5400000000000,-1,58
76,5400000000000,63,136
77,5400000000000,114,235
78,5400000000000,39,-1
79,5400000000000,-1,166
80,5400000000000,-1,258
81,5400000000000,137,-1
82,5400000000000,-1,415
83,5400000000000,185,39
84,5400000000000,-1,383
85,5400000000000,-1,609
86,5400000000000,-1,106
87,5400000000000,-1,211
88,5400000000000,91,-1
89,5400000000000,-1,553
91,5400000000000,213,237
92,5400000000000,-1,90
93,5400000000000,-1,333
94,5400000000000,-1,42
95,5400000000000,-1,115
96,5400000000000,162,-1
97,5400000000000,285,139
98,5400000000000,-1,408
99,5400000000000,408,-1
0,5460000000000,57,416
1,5460000000000,142,406
2,5460000000000,489,-1
3,5460000000000,142,-1
4,5460000000000,396,-1
5,5460000000000,-1,569
7,5460000000000,552,-1
8,5460000000000,384,-1
9,5460000000000,546,-1
10,5460000000000,592,-1
11,5460000000000,-1,164
12,5460000000000,240,-1
13,5460000000000,463,560
14,5460000000000,-1,203
15,5460000000000,234,-1
16,5460000000000,107,-1
17,5460000000000,467,-1
18,5460000000000,231,-1
19,5460000000000,264,-1
20,5460000000000,92,-1
21,5460000000000,87,111
22,5460000000000,328,-1
23,5460000000000,468,-1
24,5460000000000,190,-1
25,5460000000000,106,-1
26,5460000000000,615,590
27,5460000000000,214,-1
28,5460000000000,567,206
30,5460000000000,-1,136
31,5460000000000,154,-1
32,5460000000000,10,489
33,5460000000000,609,584
35,5460000000000,-1,465
36,5460000000000,259,234
37,5460000000000,493,-1
38,5460000000000,440,8
39,5460000000000,187,-1
40,5460000000000,602,-1
41,5460000000000,357,-1
42,5460000000000,41,-1
44,5460000000000,-1,116
45,5460000000000,618,-1
46,5460000000000,-1,280
47,5460000000000,212,-1
48,5460000000000,66,-1
49,5460000000000,15,-1
51,5460000000000,18,-1
52,5460000000000,166,407
53,5460000000000,167,-1
54,5460000000000,514,-1
55,5460000000000,178,420
56,5460000000000,619,-1
57,5460000000000,259,65
58,5460000000000,408,-1
59,5460000000000,-1,441
60,5460000000000,-1,239
61,5460000000000,-1,316
62,5460000000000,421,-1
63,5460000000000,445,-1
64,5460000000000,184,-1
65,5460000000000,-1,105
66,5460000000000,256,592
67,5460000000000,161,185
68,5460000000000,357,-1
69,5460000000000,113,210
70,5460000000000,257,617
71,5460000000000,9,-1
72,5460000000000,239,214
73,5460000000000,409,-1
74,5460000000000,143,-1
75,5460000000000,58,-1
76,5460000000000,136,87
77,5460000000000,235,89
78,5460000000000,-1,160
79,5460000000000,166,-1
80,5460000000000,258,-1
81,5460000000000,-1,161
82,5460000000000,415,-1
83,5460000000000,39,-1
84,5460000000000,383,-1
85,5460000000000,609,-1
86,5460000000000,106,-1
87,5460000000000,211,162
88,5460000000000,-1,115
89,5460000000000,553,-1
90,5460000000000,-1,358
91,5460000000000,237,-1
92,5460000000000,90,-1
93,5460000000000,333,-1
94,5460000000000,42,306
95,5460000000000,115,-1
96,5460000000000,-1,186
97,5460000000000,139,-1
98,5460000000000,408,-1
99,5460000000000,-1,190
0,5520000000000,416,-1
1,5520000000000,406,-1
2,5520000000000,-1,34
4,5520000000000,-1,177
5,5520000000000,569,279
6,5520000000000,-1,440
8,5520000000000,-1,214
9,5520000000000,-1,327
11,5520000000000,164,188
12,5520000000000,-1,433
13,5520000000000,560,-1
14,5520000000000,203,445
15,5520000000000,-1,64
16,5520000000000,-1,466
19,5520000000000,-1,409
20,5520000000000,-1,356
21,5520000000000,111,62
23,5520000000000,-1,130
24,5520000000000,-1,383
26,5520000000000,590,183
27,5520000000000,-1,359
28,5520000000000,206,-1
29,5520000000000,-1,502
30,5520000000000,136,87
31,5520000000000,-1,419
32,5520000000000,489,34
33,5520000000000,584,414
34,5520000000000,-1,454
35,5520000000000,465,58
36,5520000000000,234,64
38,5520000000000,8,-1
39,5520000000000,-1,211
40,5520000000000,-1,196
41,5520000000000,-1,91
42,5520000000000,-1,282
43,5520000000000,-1,204
44,5520000000000,116,357
46,5520000000000,280,593
47,5520000000000,-1,236
48,5520000000000,-1,307
49,5520000000000,-1,208
50,5520000000000,-1,430
51,5520000000000,-1,305
52,5520000000000,407,-1
54,5520000000000,-1,59
55,5520000000000,420,-1
56,5520000000000,-1,329
57,5520000000000,65,283
59,5520000000000,441,-1
60,5520000000000,239,263
61,5520000000000,316,-1
62,5520000000000,-1,202
63,5520000000000,-1,178
65,5520000000000,105,418
66,5520000000000,592,-1
67,5520000000000,185,-1
69,5520000000000,210,88
70,5520000000000,617,281
71,5520000000000,-1,464
72,5520000000000,214,384
73,5520000000000,-1,214
75,5520000000000,-1,465
76,5520000000000,87,160
77,5520000000000,89,259
78,5520000000000,160,-1
79,5520000000000,-1,407
81,5520000000000,161,112
82,5520000000000,-1,608
83,5520000000000,-1,209
84,5520000000000,-1,165
85,5520000000000,-1,439
86,5520000000000,-1,442
87,5520000000000,162,186
88,5520000000000,115,90
89,5520000000000,-1,170
90,5520000000000,358,140
91,5520000000000,-1,261
92,5520000000000,-1,283
93,5520000000000,-1,115
94,5520000000000,306,-1
96,5520000000000,186,137
97,5520000000000,-1,309
98,5520000000000,-1,190
99,5520000000000,190,-1
2,5580000000000,34,9
3,5580000000000,-1,406
4,5580000000000,177,-1
5,5580000000000,279,-1
6,5580000000000,440,32
7,5580000000000,-1,121
8,5580000000000,214,383
9,5580000000000,327,-1
10,5580000000000,-1,231
11,5580000000000,188,-1
12,5580000000000,433,-1
13,5580000000000,-1,438
14,5580000000000,445,469
15,5580000000000,64,39
16,5580000000000,466,-1
17,5580000000000,-1,106
18,5580000000000,-1,567
19,5580000000000,409,-1
20,5580000000000,356,-1
21,5580000000000,62,-1
22,5580000000000,-1,570
23,5580000000000,130,-1
24,5580000000000,383,-1
26,5580000000000,183,-1
27,5580000000000,359,-1
29,5580000000000,502,95
30,5580000000000,87,111
31,5580000000000,419,-1
32,5580000000000,34,-1
33,5580000000000,414,-1
34,5580000000000,454,118
35,5580000000000,58,-1
36,5580000000000,64,-1
37,5580000000000,-1,155
39,5580000000000,211,-1
40,5580000000000,196,-1
41,5580000000000,91,-1
42,5580000000000,282,-1
43,5580000000000,204,493
44,5580000000000,357,-1
46,5580000000000,593,-1
47,5580000000000,236,187
48,5580000000000,307,-1
49,5580000000000,208,-1
50,5580000000000,430,117
51,5580000000000,305,-1
52,5580000000000,-1,165
54,5580000000000,59,34
56,5580000000000,329,618
57,5580000000000,283,-1
58,5580000000000,-1,190
60,5580000000000,263,384
61,5580000000000,-1,557
62,5580000000000,202,420
63,5580000000000,178,-1
64,5580000000000,-1,614
65,5580000000000,418,-1
67,5580000000000,-1,87
68,5580000000000,-1,91
69,5580000000000,88,-1
70,5580000000000,281,-1
71,5580000000000,464,-1
72,5580000000000,384,-1
73,5580000000000,214,-1
74,5580000000000,-1,454
75,5580000000000,465,-1
76,5580000000000,160,111
77,5580000000000,259,113
78,5580000000000,-1,38
79,5580000000000,407,-1
81,5580000000000,112,136
82,5580000000000,608,-1
83,5580000000000,209,-1
84,5580000000000,165,-1
85,5580000000000,439,-1
86,5580000000000,442,-1
87,5580000000000,186,-1
88,5580000000000,90,-1
89,5580000000000,170,-1
90,5580000000000,140,-1
91,5580000000000,261,212
92,5580000000000,283,-1
93,5580000000000,115,-1
96,5580000000000,137,161
97,5580000000000,309,284
98,5580000000000,190,-1
99,5580000000000,-1,407
0,5640000000000,-1,56
1,5640000000000,-1,141
2,5640000000000,9,488
3,5640000000000,406,141
4,5640000000000,-1,395
6,5640000000000,32,-1
7,5640000000000,121,551
8,5640000000000,383,-1
9,5640000000000,-1,545
10,5640000000000,231,591
11,5640000000000,-1,163
12,5640000000000,-1,239
13,5640000000000,438,462
14,5640000000000,469,-1
15,5640000000000,39,233
16,5640000000000,-1,106
17,5640000000000,106,466
18,5640000000000,567,230
19,5640000000000,-1,263
20,5640000000000,-1,91
21,5640000000000,-1,86
22,5640000000000,570,327
23,5640000000000,-1,467
24,5640000000000,-1,189
25,5640000000000,-1,105
26,5640000000000,-1,614
27,5640000000000,-1,213
28,5640000000000,-1,566
29,5640000000000,95,-1
30,5640000000000,111,-1
31,5640000000000,-1,153
32,5640000000000,-1,488
33,5640000000000,-1,608
34,5640000000000,118,-1
35,5640000000000,-1,489
37,5640000000000,155,492
38,5640000000000,-1,439
39,5640000000000,-1,186
40,5640000000000,-1,601
41,5640000000000,-1,356
42,5640000000000,-1,40
43,5640000000000,493,-1
45,5640000000000,-1,617
47,5640000000000,187,211
48,5640000000000,-1,65
49,5640000000000,-1,14
50,5640000000000,117,-1
51,5640000000000,-1,329
52,5640000000000,165,-1
53,5640000000000,-1,166
54,5640000000000,34,513
55,5640000000000,-1,177
56,5640000000000,618,-1
57,5640000000000,-1,258
58,5640000000000,190,407
60,5640000000000,384,-1
61,5640000000000,557,-1
62,5640000000000,420,-1
63,5640000000000,-1,444
64,5640000000000,614,183
66,5640000000000,-1,255
67,5640000000000,87,-1
68,5640000000000,91,356
69,5640000000000,-1,112
70,5640000000000,-1,616
71,5640000000000,-1,8
72,5640000000000,-1,238
73,5640000000000,-1,408
74,5640000000000,454,-1
75,5640000000000,-1,57
76,5640000000000,111,62
77,5640000000000,113,88
78,5640000000000,38,184
79,5640000000000,-1,165
80,5640000000000,-1,64
81,5640000000000,136,-1
82,5640000000000,-1,414
83,5640000000000,-1,38
84,5640000000000,-1,382
85,5640000000000,-1,608
86,5640000000000,-1,105
87,5640000000000,-1,210
88,5640000000000,-1,332
89,5640000000000,-1,552
91,5640000000000,212,236
92,5640000000000,-1,89
94,5640000000000,-1,41
95,5640000000000,-1,114
96,5640000000000,161,-1
97,5640000000000,284,138
98,5640000000000,-1,407
99,5640000000000,407,-1
0,5700000000000,56,415
1,5700000000000,141,405
2,5700000000000,488,-1
3,5700000000000,141,-1
4,5700000000000,395,-1
5,5700000000000,-1,568
7,5700000000000,551,-1
9,5700000000000,545,-1
10,5700000000000,591,-1
11,5700000000000,163,-1
12,5700000000000,239,-1
13,5700000000000,462,559
14,5700000000000,-1,202
15,5700000000000,233,-1
16,5700000000000,106,-1
17,5700000000000,466,-1
18,5700000000000,230,-1
19,5700000000000,263,-1
20,5700000000000,91,-1
21,5700000000000,86,110
22,5700000000000,327,-1
23,5700000000000,467,-1
24,5700000000000,189,-1
25,5700000000000,105,-1
26,5700000000000,614,-1
27,5700000000000,213,-1
28,5700000000000,566,205
30,5700000000000,-1,135
31,5700000000000,153,-1
32,5700000000000,488,-1
33,5700000000000,608,583
35,5700000000000,489,33
36,5700000000000,-1,233
37,5700000000000,492,-1
38,5700000000000,439,-1
39,5700000000000,186,-1
40,5700000000000,601,-1
41,5700000000000,356,-1
42,5700000000000,40,-1
44,5700000000000,-1,115
45,5700000000000,617,-1
46,5700000000000,-1,279
47,5700000000000,211,-1
48,5700000000000,65,-1
49,5700000000000,14,-1
51,5700000000000,329,17
52,5700000000000,-1,406
53,5700000000000,166,-1
54,5700000000000,513,58
55,5700000000000,177,419
56,5700000000000,-1,328
57,5700000000000,258,64
58,5700000000000,407,-1
59,5700000000000,-1,440
60,5700000000000,-1,238
61,5700000000000,-1,315
63,5700000000000,444,-1
64,5700000000000,183,-1
66,5700000000000,255,591
67,5700000000000,-1,111
68,5700000000000,356,-1
69,5700000000000,112,209
70,5700000000000,616,280
71,5700000000000,8,-1
72,5700000000000,238,213
73,5700000000000,408,-1
74,5700000000000,-1,142
75,5700000000000,57,-1
76,5700000000000,62,86
77,5700000000000,88,-1
78,5700000000000,184,62
79,5700000000000,165,-1
80,5700000000000,64,257
81,5700000000000,-1,160
82,5700000000000,414,-1
83,5700000000000,38,-1
84,5700000000000,382,-1
85,5700000000000,608,-1
86,5700000000000,105,-1
87,5700000000000,210,161
88,5700000000000,332,114
89,5700000000000,552,-1
90,5700000000000,-1,381
91,5700000000000,236,260
92,5700000000000,89,-1
93,5700000000000,-1,332
94,5700000000000,41,305
95,5700000000000,114,-1
96,5700000000000,-1,185
97,5700000000000,138,308
98,5700000000000,407,-1
99,5700000000000,-1,189
0,5760000000000,415,-1
1,5760000000000,405,-1
2,5760000000000,-1,33
4,5760000000000,-1,176
5,5760000000000,568,278
6,5760000000000,-1,439
7,5760000000000,-1,145
8,5760000000000,-1,213
9,5760000000000,-1,326
11,5760000000000,-1,187
12,5760000000000,-1,432
13,5760000000000,559,-1
14,5760000000000,202,-1
15,5760000000000,-1,63
16,5760000000000,-1,465
19,5760000000000,-1,408
20,5760000000000,-1,355
21,5760000000000,110,61
24,5760000000000,-1,382
26,5760000000000,-1,182
27,5760000000000,-1,358
28,5760000000000,205,-1
29,5760000000000,-1,501
30,5760000000000,135,86
31,5760000000000,-1,418
32,5760000000000,-1,33
33,5760000000000,583,413
34,5760000000000,-1,453
35,5760000000000,33,57
36,5760000000000,233,63
38,5760000000000,-1,7
39,5760000000000,-1,210
40,5760000000000,-1,195
41,5760000000000,-1,90
42,5760000000000,-1,281
43,5760000000000,-1,203
44,5760000000000,115,356
46,5760000000000,279,-1
47,5760000000000,-1,235
48,5760000000000,-1,306
50,5760000000000,-1,429
51,5760000000000,17,-1
52,5760000000000,406,-1
54,5760000000000,58,-1
55,5760000000000,419,-1
56,5760000000000,328,-1
57,5760000000000,64,282
59,5760000000000,440,-1
60,5760000000000,238,262
61,5760000000000,315,-1
62,5760000000000,-1,201
63,5760000000000,-1,177
64,5760000000000,-1,13
65,5760000000000,-1,128
66,5760000000000,591,-1
67,5760000000000,111,184
68,5760000000000,-1,115
69,5760000000000,209,-1
70,5760000000000,280,-1
71,5760000000000,-1,463
72,5760000000000,213,383
73,5760000000000,-1,213
74,5760000000000,142,-1
75,5760000000000,-1,464
76,5760000000000,86,159
77,5760000000000,-1,258
78,5760000000000,62,159
79,5760000000000,-1,406
80,5760000000000,257,-1
81,5760000000000,160,111
83,5760000000000,-1,208
85,5760000000000,-1,438
86,5760000000000,-1,441
87,5760000000000,161,185
88,5760000000000,114,331
89,5760000000000,-1,169
90,5760000000000,381,-1
91,5760000000000,260,-1
92,5760000000000,-1,282
93,5760000000000,332,114
94,5760000000000,305,-1
96,5760000000000,185,136
97,5760000000000,308,-1
98,5760000000000,-1,189
99,5760000000000,189,-1
2,5820000000000,33,8
3,5820000000000,-1,405
4,5820000000000,176,-1
5,5820000000000,278,-1
6,5820000000000,439,31
7,5820000000000,145,120
8,5820000000000,213,-1
9,5820000000000,326,-1
10,5820000000000,-1,230
11,5820000000000,187,-1
12,5820000000000,432,-1
13,5820000000000,-1,437
14,5820000000000,-1,468
15,5820000000000,63,38
16,5820000000000,465,-1
17,5820000000000,-1,105
18,5820000000000,-1,566
19,5820000000000,408,-1
20,5820000000000,355,-1
21,5820000000000,61,134
22,5820000000000,-1,569
23,5820000000000,-1,153
24,5820000000000,382,-1
26,5820000000000,182,-1
27,5820000000000,358,-1
29,5820000000000,501,94
30,5820000000000,86,110
31,5820000000000,418,152
32,5820000000000,33,-1
33,5820000000000,413,-1
34,5820000000000,453,-1
35,5820000000000,57,-1
36,5820000000000,63,-1
37,5820000000000,-1,178
38,5820000000000,7,-1
39,5820000000000,210,-1
40,5820000000000,195,-1
41,5820000000000,90,-1
42,5820000000000,281,-1
43,5820000000000,203,492
44,5820000000000,356,-1
46,5820000000000,-1,592
47,5820000000000,235,186
48,5820000000000,306,-1
49,5820000000000,-1,207
50,5820000000000,429,116
51,5820000000000,-1,328
52,5820000000000,-1,164
54,5820000000000,-1,33
56,5820000000000,-1,617
57,5820000000000,282,-1
58,5820000000000,-1,189
60,5820000000000,262,383
61,5820000000000,-1,556
62,5820000000000,201,419
63,5820000000000,177,-1
64,5820000000000,13,613
65,5820000000000,128,417
66,5820000000000,-1,254
67,5820000000000,184,86
68,5820000000000,115,90
69,5820000000000,-1,87
71,5820000000000,463,-1
72,5820000000000,383,-1
73,5820000000000,213,-1
74,5820000000000,-1,453
75,5820000000000,464,-1
76,5820000000000,159,61
77,5820000000000,258,112
78,5820000000000,159,37
79,5820000000000,406,-1
81,5820000000000,111,135
82,5820000000000,-1,607
83,5820000000000,208,62
84,5820000000000,-1,164
85,5820000000000,438,-1
86,5820000000000,441,-1
87,5820000000000,185,-1
88,5820000000000,331,-1
89,5820000000000,169,-1
90,5820000000000,-1,139
91,5820000000000,-1,235
92,5820000000000,282,-1
93,5820000000000,114,-1
96,5820000000000,136,160
97,5820000000000,-1,283
98,5820000000000,189,-1
99,5820000000000,-1,406
0,5880000000000,-1,55
1,5880000000000,-1,140
2,5880000000000,8,487
3,5880000000000,405,140
4,5880000000000,-1,394
6,5880000000000,31,-1
7,5880000000000,120,550
8,5880000000000,-1,382
9,5880000000000,-1,544
10,5880000000000,230,590
11,5880000000000,-1,308
12,5880000000000,-1,238
13,5880000000000,437,461
14,5880000000000,468,-1
15,5880000000000,38,232
16,5880000000000,-1,105
17,5880000000000,105,465
18,5880000000000,566,229
19,5880000000000,-1,262
20,5880000000000,-1,90
21,5880000000000,134,85
22,5880000000000,569,593
23,5880000000000,153,466
24,5880000000000,-1,188
25,5880000000000,-1,104
26,5880000000000,-1,613
27,5880000000000,-1,212
28,5880000000000,-1,565
29,5880000000000,94,-1
30,5880000000000,110,-1
31,5880000000000,152,-1
32,5880000000000,-1,512
33,5880000000000,-1,607
34,5880000000000,-1,117
36,5880000000000,-1,257
37,5880000000000,178,491
38,5880000000000,-1,438
39,5880000000000,-1,185
40,5880000000000,-1,600
41,5880000000000,-1,355
42,5880000000000,-1,39
43,5880000000000,492,-1
45,5880000000000,-1,616
46,5880000000000,592,-1
47,5880000000000,186,210
48,5880000000000,-1,64
49,5880000000000,207,13
50,5880000000000,116,-1
51,5880000000000,328,16
52,5880000000000,164,-1
53,5880000000000,-1,165
54,5880000000000,33,512
55,5880000000000,-1,176
56,5880000000000,617,-1
57,5880000000000,-1,257
58,5880000000000,189,406
59,5880000000000,-1,80
60,5880000000000,383,-1
61,5880000000000,556,580
62,5880000000000,419,-1
63,5880000000000,-1,443
64,5880000000000,613,182
65,5880000000000,417,-1
66,5880000000000,254,-1
67,5880000000000,86,-1
68,5880000000000,90,355
69,5880000000000,87,111
70,5880000000000,-1,615
71,5880000000000,-1,32
72,5880000000000,-1,237
73,5880000000000,-1,407
74,5880000000000,453,-1
75,5880000000000,-1,56
76,5880000000000,61,134
77,5880000000000,112,-1
78,5880000000000,37,-1
79,5880000000000,-1,164
80,5880000000000,-1,63
81,5880000000000,135,-1
82,5880000000000,607,413
83,5880000000000,62,37
84,5880000000000,164,381
85,5880000000000,-1,607
86,5880000000000,-1,104
87,5880000000000,-1,209
89,5880000000000,-1,551
90,5880000000000,139,-1
91,5880000000000,235,-1
92,5880000000000,-1,88
94,5880000000000,-1,40
95,5880000000000,-1,331
96,5880000000000,160,-1
97,5880000000000,283,137
99,5880000000000,406,-1
0,5940000000000,55,-1
1,5940000000000,140,404
2,5940000000000,487,-1
3,5940000000000,140,-1
4,5940000000000,394,-1
5,5940000000000,-1,591
7,5940000000000,550,-1
8,5940000000000,382,-1
9,5940000000000,544,-1
10,5940000000000,590,-1
11,5940000000000,308,162
12,5940000000000,238,-1
13,5940000000000,461,558
14,5940000000000,-1,201
15,5940000000000,232,-1
16,5940000000000,105,-1
17,5940000000000,465,-1
18,5940000000000,229,-1
19,5940000000000,262,-1
20,5940000000000,90,-1
21,5940000000000,85,109
22,5940000000000,593,326
23,5940000000000,466,-1
24,5940000000000,188,-1
25,5940000000000,104,-1
26,5940000000000,613,181
27,5940000000000,212,-1
28,5940000000000,565,204
30,5940000000000,-1,134
32,5940000000000,512,487
33,5940000000000,607,582
34,5940000000000,117,-1
35,5940000000000,-1,56
36,5940000000000,257,-1
37,5940000000000,491,-1
38,5940000000000,438,-1
39,5940000000000,185,-1
40,5940000000000,600,-1
41,5940000000000,355,-1
42,5940000000000,39,-1
44,5940000000000,-1,114
45,5940000000000,616,-1
46,5940000000000,-1,278
47,5940000000000,210,-1
48,5940000000000,64,-1
49,5940000000000,13,-1
51,5940000000000,16,-1
52,5940000000000,-1,405
53,5940000000000,165,-1
54,5940000000000,512,-1
55,5940000000000,176,418
56,5940000000000,-1,327
57,5940000000000,257,281
58,5940000000000,406,-1
59,5940000000000,80,439
60,5940000000000,-1,237
61,5940000000000,580,314
63,5940000000000,443,-1
64,5940000000000,182,-1
66,5940000000000,-1,590
67,5940000000000,-1,110
68,5940000000000,355,-1
69,5940000000000,111,208
70,5940000000000,615,279
71,5940000000000,32,7
72,5940000000000,237,212
73,5940000000000,407,-1
74,5940000000000,-1,141
75,5940000000000,56,-1
76,5940000000000,134,85
77,5940000000000,-1,87
78,5940000000000,-1,61
79,5940000000000,164,-1
80,5940000000000,63,256
81,5940000000000,-1,159
82,5940000000000,413,-1
83,5940000000000,37,-1
84,5940000000000,381,-1
85,5940000000000,607,-1
86,5940000000000,104,-1
87,5940000000000,209,160
88,5940000000000,-1,113
89,5940000000000,551,-1
90,5940000000000,-1,380
91,5940000000000,-1,259
92,5940000000000,88,-1
93,5940000000000,-1,331
94,5940000000000,40,304
95,5940000000000,331,-1
96,5940000000000,-1,184
97,5940000000000,137,-1
98,5940000000000,-1,406
99,5940000000000,-1,188
0,6000000000000,-1,414
1,6000000000000,404,-1
2,6000000000000,-1,32
4,6000000000000,-1,175
5,6000000000000,591,277
6,6000000000000,-1,438
7,6000000000000,-1,144
8,6000000000000,-1,212
9,6000000000000,-1,325
10,6000000000000,-1,254
11,6000000000000,162,186
12,6000000000000,-1,431
13,6000000000000,558,-1
14,6000000000000,201,-1
15,6000000000000,-1,62
16,6000000000000,-1,464
19,6000000000000,-1,432
20,6000000000000,-1,354
21,6000000000000,109,60
22,6000000000000,326,-1
24,6000000000000,-1,381
26,6000000000000,181,-1
27,6000000000000,-1,357
28,6000000000000,204,-1
29,6000000000000,-1,500
30,6000000000000,134,85
31,6000000000000,-1,442
32,6000000000000,487,32
33,6000000000000,582,412
34,6000000000000,-1,452
35,6000000000000,56,-1
36,6000000000000,-1,62
38,6000000000000,-1,6
39,6000000000000,-1,209
40,6000000000000,-1,194
41,6000000000000,-1,89
42,6000000000000,-1,280
43,6000000000000,-1,202
44,6000000000000,114,355
46,6000000000000,278,591
47,6000000000000,-1,234
48,6000000000000,-1,305
49,6000000000000,-1,231
50,6000000000000,-1,428
52,6000000000000,405,-1
54,6000000000000,-1,57
55,6000000000000,418,-1
56,6000000000000,327,-1
57,6000000000000,281,-1
59,6000000000000,439,-1
60,6000000000000,237,261
61,6000000000000,314,-1
62,6000000000000,-1,200
63,6000000000000,-1,176
64,6000000000000,-1,12
65,6000000000000,-1,127
66,6000000000000,590,-1
67,6000000000000,110,183
68,6000000000000,-1,114
69,6000000000000,208,-1
70,6000000000000,279,-1
71,6000000000000,7,462
72,6000000000000,212,382
73,6000000000000,-1,237
74,6000000000000,141,-1
75,6000000000000,-1,463
76,6000000000000,85,158
77,6000000000000,87,257
78,6000000000000,61,158
79,6000000000000,-1,405
80,6000000000000,256,-1
81,6000000000000,159,110
82,6000000000000,-1,606
83,6000000000000,-1,207
85,6000000000000,-1,437
86,6000000000000,-1,440
87,6000000000000,160,184
88,6000000000000,113,330
89,6000000000000,-1,168
90,6000000000000,380,-1
91,6000000000000,259,-1
92,6000000000000,-1,281
93,6000000000000,331,113
94,6000000000000,304,-1
96,6000000000000,184,135
97,6000000000000,-1,307
98,6000000000000,406,188
99,6000000000000,188,-1
0,6060000000000,414,-1
2,6060000000000,32,7
3,6060000000000,-1,404
4,6060000000000,175,-1
5,6060000000000,277,-1
6,6060000000000,438,30
7,6060000000000,144,599
8,6060000000000,212,-1
9,6060000000000,325,-1
10,6060000000000,254,614
11,6060000000000,186,-1
12,6060000000000,431,-1
13,6060000000000,-1,436
14,6060000000000,-1,467
15,6060000000000,62,231
16,6060000000000,464,-1
17,6060000000000,-1,104
18,6060000000000,-1,565
19,6060000000000,432,407
20,6060000000000,354,-1
21,6060000000000,60,133
22,6060000000000,-1,592
23,6060000000000,-1,465
24,6060000000000,381,-1
27,6060000000000,357,-1
29,6060000000000,500,93
30,6060000000000,85,109
31,6060000000000,442,151
32,6060000000000,32,-1
33,6060000000000,412,-1
34,6060000000000,452,-1
35,6060000000000,-1,487
36,6060000000000,62,-1
37,6060000000000,-1,490
38,6060000000000,6,-1
39,6060000000000,209,-1
40,6060000000000,194,-1
41,6060000000000,89,-1
42,6060000000000,280,-1
43,6060000000000,202,491
44,6060000000000,355,-1
46,6060000000000,591,-1
47,6060000000000,234,-1
48,6060000000000,305,-1
49,6060000000000,231,206
50,6060000000000,428,115
51,6060000000000,-1,327
52,6060000000000,-1,163
53,6060000000000,-1,189
54,6060000000000,57,32
55,6060000000000,-1,175
56,6060000000000,-1,616
57,6060000000000,-1,87
58,6060000000000,-1,188
60,6060000000000,261,382
61,6060000000000,-1,555
62,6060000000000,200,418
63,6060000000000,176,-1
64,6060000000000,12,612
65,6060000000000,127,416
66,6060000000000,-1,253
67,6060000000000,183,85
68,6060000000000,114,-1
69,6060000000000,-1,86
71,6060000000000,462,-1
72,6060000000000,382,-1
73,6060000000000,237,406
74,6060000000000,-1,452
75,6060000000000,463,-1
76,6060000000000,158,60
77,6060000000000,257,111
78,6060000000000,158,36
79,6060000000000,405,-1
81,6060000000000,110,134
82,6060000000000,606,-1
83,6060000000000,207,61
84,6060000000000,-1,163
85,6060000000000,437,-1
86,6060000000000,440,-1
87,6060000000000,184,-1
88,6060000000000,330,-1
89,6060000000000,168,-1
90,6060000000000,-1,138
91,6060000000000,-1,234
92,6060000000000,281,-1
93,6060000000000,113,-1
96,6060000000000,135,159
97,6060000000000,307,282
98,6060000000000,188,-1
99,6060000000000,-1,405
0,6120000000000,-1,54
1,6120000000000,-1,139
2,6120000000000,7,486
3,6120000000000,404,139
4,6120000000000,-1,393
6,6120000000000,30,-1
7,6120000000000,599,574
8,6120000000000,-1,381
9,6120000000000,-1,543
10,6120000000000,614,589
11,6120000000000,-1,307
12,6120000000000,-1,237
13,6120000000000,436,460
14,6120000000000,467,-1
15,6120000000000,231,-1
16,6120000000000,-1,104
17,6120000000000,104,464
18,6120000000000,565,228
19,6120000000000,407,261
20,6120000000000,-1,89
21,6120000000000,133,84
22,6120000000000,592,-1
23,6120000000000,465,-1
24,6120000000000,-1,187
25,6120000000000,-1,464
26,6120000000000,-1,612
27,6120000000000,-1,211
28,6120000000000,-1,564
29,6120000000000,93,-1
30,6120000000000,109,-1
31,6120000000000,151,-1
32,6120000000000,-1,511
33,6120000000000,-1,606
35,6120000000000,487,-1
36,6120000000000,-1,256
37,6120000000000,490,-1
38,6120000000000,-1,437
39,6120000000000,-1,184
40,6120000000000,-1,624
41,6120000000000,-1,354
42,6120000000000,-1,38
43,6120000000000,491,-1
45,6120000000000,-1,615
47,6120000000000,-1,209
48,6120000000000,-1,63
49,6120000000000,206,12
50,6120000000000,115,-1
51,6120000000000,327,15
52,6120000000000,163,-1
53,6120000000000,189,453
54,6120000000000,32,511
55,6120000000000,175,-1
56,6120000000000,616,-1
57,6120000000000,87,-1
58,6120000000000,188,405
59,6120000000000,-1,79
60,6120000000000,382,-1
61,6120000000000,555,579
62,6120000000000,418,-1
63,6120000000000,-1,442
64,6120000000000,612,181
65,6120000000000,416,-1
66,6120000000000,253,-1
67,6120000000000,85,158
68,6120000000000,-1,354
69,6120000000000,86,110
70,6120000000000,-1,278
72,6120000000000,-1,236
73,6120000000000,406,-1
74,6120000000000,452,-1
75,6120000000000,-1,55
76,6120000000000,60,133
77,6120000000000,111,-1
78,6120000000000,36,182
79,6120000000000,-1,163
80,6120000000000,-1,62
81,6120000000000,134,-1
82,6120000000000,-1,412
83,6120000000000,61,36
84,6120000000000,163,380
85,6120000000000,-1,606
86,6120000000000,-1,103
87,6120000000000,-1,208
89,6120000000000,-1,550
90,6120000000000,138,-1
91,6120000000000,234,-1
92,6120000000000,-1,87
94,6120000000000,-1,39
95,6120000000000,-1,330
96,6120000000000,159,-1
97,6120000000000,282,136
99,6120000000000,405,-1
0,6180000000000,54,-1
1,6180000000000,139,403
2,6180000000000,486,-1
3,6180000000000,139,-1
4,6180000000000,393,-1
5,6180000000000,-1,590
7,6180000000000,574,143
8,6180000000000,381,-1
9,6180000000000,543,-1
10,6180000000000,589,253
11,6180000000000,307,161
12,6180000000000,237,-1
13,6180000000000,460,557
14,6180000000000,-1,200
15,6180000000000,-1,61
16,6180000000000,104,-1
17,6180000000000,464,-1
18,6180000000000,228,-1
19,6180000000000,261,431
20,6180000000000,89,-1
21,6180000000000,84,108
22,6180000000000,-1,325
24,6180000000000,187,-1
25,6180000000000,464,103
26,6180000000000,612,180
27,6180000000000,211,-1
28,6180000000000,564,-1
30,6180000000000,-1,133
32,6180000000000,511,31
33,6180000000000,606,581
34,6180000000000,-1,140
35,6180000000000,-1,55
36,6180000000000,256,86
38,6180000000000,437,-1
39,6180000000000,184,-1
40,6180000000000,624,193
41,6180000000000,354,-1
42,6180000000000,38,-1
44,6180000000000,-1,113
45,6180000000000,615,302
46,6180000000000,-1,615
47,6180000000000,209,-1
48,6180000000000,63,-1
49,6180000000000,12,-1
50,6180000000000,-1,427
51,6180000000000,15,-1
52,6180000000000,-1,404
53,6180000000000,453,-1
54,6180000000000,511,56
55,6180000000000,-1,417
56,6180000000000,-1,326
57,6180000000000,-1,280
58,6180000000000,405,-1
59,6180000000000,79,438
60,6180000000000,-1,260
61,6180000000000,579,313
62,6180000000000,-1,224
63,6180000000000,442,-1
64,6180000000000,181,-1
66,6180000000000,-1,589
67,6180000000000,158,109
68,6180000000000,354,113
69,6180000000000,110,207
70,6180000000000,278,-1
71,6180000000000,-1,6
72,6180000000000,236,381
73,6180000000000,-1,236
74,6180000000000,-1,140
75,6180000000000,55,-1
76,6180000000000,133,84
77,6180000000000,-1,256
78,6180000000000,182,60
79,6180000000000,163,-1
80,6180000000000,62,255
81,6180000000000,-1,158
82,6180000000000,412,-1
83,6180000000000,36,206
84,6180000000000,380,-1
85,6180000000000,606,-1
86,6180000000000,103,-1
87,6180000000000,208,159
88,6180000000000,-1,112
89,6180000000000,550,-1
90,6180000000000,-1,379
91,6180000000000,-1,258
92,6180000000000,87,-1
93,6180000000000,-1,330
94,6180000000000,39,303
95,6180000000000,330,-1
96,6180000000000,-1,183
97,6180000000000,136,306
98,6180000000000,-1,429
99,6180000000000,-1,187
0,6240000000000,-1,413
1,6240000000000,403,-1
2,6240000000000,-1,31
4,6240000000000,-1,199
5,6240000000000,590,-1
6,6240000000000,-1,437
7,6240000000000,143,-1
8,6240000000000,-1,211
9,6240000000000,-1,349
10,6240000000000,253,-1
11,6240000000000,161,185
12,6240000000000,-1,430
13,6240000000000,557,-1
14,6240000000000,200,-1
15,6240000000000,61,-1
16,6240000000000,-1,463
19,6240000000000,431,-1
21,6240000000000,108,59
22,6240000000000,325,-1
24,6240000000000,-1,380
25,6240000000000,103,-1
26,6240000000000,180,-1
27,6240000000000,-1,356
28,6240000000000,-1,203
29,6240000000000,-1,524
30,6240000000000,133,84
31,6240000000000,-1,441
32,6240000000000,31,-1
33,6240000000000,581,411
34,6240000000000,140,451
35,6240000000000,55,-1
36,6240000000000,86,61
38,6240000000000,-1,5
39,6240000000000,-1,208
40,6240000000000,193,-1
42,6240000000000,-1,279
43,6240000000000,-1,201
44,6240000000000,113,354
45,6240000000000,302,-1
46,6240000000000,615,301
47,6240000000000,-1,233
48,6240000000000,-1,304
49,6240000000000,-1,230
50,6240000000000,427,-1
52,6240000000000,404,-1
54,6240000000000,56,-1
55,6240000000000,417,-1
56,6240000000000,326,-1
57,6240000000000,280,-1
59,6240000000000,438,-1
60,6240000000000,260,-1
61,6240000000000,313,-1
62,6240000000000,224,-1
63,6240000000000,-1,175
64,6240000000000,-1,11
65,6240000000000,-1,126
66,6240000000000,589,-1
67,6240000000000,109,182
68,6240000000000,113,-1
69,6240000000000,207,-1
71,6240000000000,6,461
72,6240000000000,381,-1
73,6240000000000,236,-1
74,6240000000000,140,-1
75,6240000000000,-1,462
76,6240000000000,84,157
77,6240000000000,256,-1
78,6240000000000,60,157
79,6240000000000,-1,404
80,6240000000000,255,-1
81,6240000000000,158,109
82,6240000000000,-1,605
83,6240000000000,206,-1
85,6240000000000,-1,436
86,6240000000000,-1,439
87,6240000000000,159,183
88,6240000000000,112,-1
89,6240000000000,-1,167
90,6240000000000,379,-1
91,6240000000000,258,-1
92,6240000000000,-1,280
93,6240000000000,330,112
94,6240000000000,303,-1
95,6240000000000,-1,112
96,6240000000000,183,134
97,6240000000000,306,-1
98,6240000000000,429,187
99,6240000000000,187,-1
0,6300000000000,413,53
1,6300000000000,-1,138
2,6300000000000,31,6
3,6300000000000,-1,138
4,6300000000000,199,-1
5,6300000000000,-1,276
6,6300000000000,437,-1
7,6300000000000,-1,598
8,6300000000000,211,-1
9,6300000000000,349,-1
10,6300000000000,-1,613
11,6300000000000,185,-1
12,6300000000000,430,236
13,6300000000000,-1,581
14,6300000000000,-1,466
15,6300000000000,-1,230
16,6300000000000,463,103
17,6300000000000,-1,463
18,6300000000000,-1,564
19,6300000000000,-1,406
20,6300000000000,-1,88
21,6300000000000,59,132
22,6300000000000,-1,591
23,6300000000000,-1,151
24,6300000000000,380,-1
25,6300000000000,-1,463
26,6300000000000,-1,611
27,6300000000000,356,210
28,6300000000000,203,563
29,6300000000000,524,-1
30,6300000000000,84,108
31,6300000000000,441,150
32,6300000000000,-1,510
33,6300000000000,411,605
34,6300000000000,451,-1
35,6300000000000,-1,486
36,6300000000000,61,255
37,6300000000000,-1,176
38,6300000000000,5,436
39,6300000000000,208,-1
41,6300000000000,-1,112
42,6300000000000,279,-1
43,6300000000000,201,490
44,6300000000000,354,-1
46,6300000000000,301,-1
47,6300000000000,233,184
48,6300000000000,304,-1
49,6300000000000,230,205
51,6300000000000,-1,326
52,6300000000000,-1,162
53,6300000000000,-1,188
54,6300000000000,-1,31
55,6300000000000,-1,199
56,6300000000000,-1,615
57,6300000000000,-1,86
58,6300000000000,-1,211
60,6300000000000,-1,381
61,6300000000000,-1,337
62,6300000000000,-1,417
63,6300000000000,175,-1
64,6300000000000,11,180
65,6300000000000,126,415
66,6300000000000,-1,252
67,6300000000000,182,84
69,6300000000000,-1,231
70,6300000000000,-1,13
71,6300000000000,461,-1
72,6300000000000,-1,235
73,6300000000000,-1,405
74,6300000000000,-1,451
75,6300000000000,462,-1
76,6300000000000,157,59
77,6300000000000,-1,110
78,6300000000000,157,181
79,6300000000000,404,-1
80,6300000000000,-1,61
81,6300000000000,109,133
82,6300000000000,605,-1
83,6300000000000,-1,60
84,6300000000000,-1,162
85,6300000000000,436,460
86,6300000000000,439,-1
87,6300000000000,183,-1
88,6300000000000,-1,329
89,6300000000000,167,-1
90,6300000000000,-1,137
91,6300000000000,-1,233
92,6300000000000,280,86
93,6300000000000,112,-1
94,6300000000000,-1,38
95,6300000000000,112,136
96,6300000000000,134,158
97,6300000000000,-1,281
98,6300000000000,187,-1
99,6300000000000,-1,404
0,6360000000000,53,-1
1,6360000000000,138,-1
2,6360000000000,6,485
3,6360000000000,138,-1
4,6360000000000,-1,392
5,6360000000000,276,-1
6,6360000000000,-1,29
7,6360000000000,598,573
8,6360000000000,-1,380
9,6360000000000,-1,542
10,6360000000000,613,588
11,6360000000000,-1,160
12,6360000000000,236,-1
13,6360000000000,581,459
14,6360000000000,466,-1
15,6360000000000,230,-1
16,6360000000000,103,-1
17,6360000000000,463,-1
18,6360000000000,564,227
19,6360000000000,406,260
20,6360000000000,88,-1
21,6360000000000,132,83
22,6360000000000,591,-1
23,6360000000000,151,464
24,6360000000000,-1,186
25,6360000000000,463,-1
26,6360000000000,611,-1
27,6360000000000,210,-1
28,6360000000000,563,-1
29,6360000000000,-1,92
30,6360000000000,108,-1
31,6360000000000,150,-1
32,6360000000000,510,-1
33,6360000000000,605,-1
35,6360000000000,486,-1
36,6360000000000,255,-1
37,6360000000000,176,-1
38,6360000000000,436,-1
39,6360000000000,-1,183
40,6360000000000,-1,623
41,6360000000000,112,353
42,6360000000000,-1,37
43,6360000000000,490,-1
45,6360000000000,-1,301
47,6360000000000,184,208
49,6360000000000,205,11
50,6360000000000,-1,114
51,6360000000000,326,-1
52,6360000000000,162,-1
53,6360000000000,188,452
54,6360000000000,31,510
55,6360000000000,199,-1
56,6360000000000,615,-1
57,6360000000000,86,-1
58,6360000000000,211,-1
59,6360000000000,-1,78
60,6360000000000,381,-1
61,6360000000000,337,578
62,6360000000000,417,-1
63,6360000000000,-1,441
64,6360000000000,180,-1
65,6360000000000,415,-1
66,6360000000000,252,-1
67,6360000000000,84,-1
68,6360000000000,-1,353
69,6360000000000,231,109
70,6360000000000,13,277
72,6360000000000,235,-1
73,6360000000000,405,-1
74,6360000000000,451,-1
76,6360000000000,59,132
77,6360000000000,110,85
78,6360000000000,181,-1
79,6360000000000,-1,162
80,6360000000000,61,-1
81,6360000000000,133,-1
82,6360000000000,-1,411
83,6360000000000,60,35
84,6360000000000,162,186
85,6360000000000,460,605
86,6360000000000,-1,102
87,6360000000000,-1,207
88,6360000000000,329,-1
89,6360000000000,-1,574
90,6360000000000,137,-1
91,6360000000000,233,-1
92,6360000000000,86,-1
94,6360000000000,38,-1
95,6360000000000,136,329
96,6360000000000,158,-1
97,6360000000000,281,135
99,6360000000000,404,-1
1,6420000000000,-1,402
2,6420000000000,485,30
4,6420000000000,392,198
5,6420000000000,-1,589
6,6420000000000,29,436
7,6420000000000,573,142
8,6420000000000,380,210
9,6420000000000,542,348
10,6420000000000,588,252
11,6420000000000,160,330
13,6420000000000,459,556
14,6420000000000,-1,224
15,6420000000000,-1,60
18,6420000000000,227,-1
19,6420000000000,260,430
21,6420000000000,83,107
22,6420000000000,-1,349
23,6420000000000,464,-1
24,6420000000000,186,-1
25,6420000000000,-1,102
29,6420000000000,92,523
30,6420000000000,-1,132
31,6420000000000,-1,440
32,6420000000000,-1,30
33,6420000000000,-1,410
34,6420000000000,-1,139
35,6420000000000,-1,54
36,6420000000000,-1,85
37,6420000000000,-1,489
39,6420000000000,183,-1
40,6420000000000,623,192
41,6420000000000,353,-1
42,6420000000000,37,-1
43,6420000000000,-1,200
44,6420000000000,-1,112
45,6420000000000,301,-1
46,6420000000000,-1,614
47,6420000000000,208,-1
48,6420000000000,-1,62
49,6420000000000,11,-1
50,6420000000000,114,426
51,6420000000000,-1,14
52,6420000000000,-1,403
53,6420000000000,452,-1
54,6420000000000,510,55
55,6420000000000,-1,416
56,6420000000000,-1,325
57,6420000000000,-1,279
58,6420000000000,-1,404
59,6420000000000,78,437
60,6420000000000,-1,259
61,6420000000000,578,-1
62,6420000000000,-1,223
63,6420000000000,441,-1
64,6420000000000,-1,10
65,6420000000000,-1,125
66,6420000000000,-1,588
67,6420000000000,-1,108
68,6420000000000,353,112
69,6420000000000,109,206
70,6420000000000,277,-1
71,6420000000000,-1,460
72,6420000000000,-1,380
73,6420000000000,-1,235
74,6420000000000,-1,139
75,6420000000000,-1,54
76,6420000000000,132,83
77,6420000000000,85,255
78,6420000000000,-1,59
79,6420000000000,162,-1
80,6420000000000,-1,254
81,6420000000000,-1,157
82,6420000000000,411,-1
83,6420000000000,35,205
84,6420000000000,186,379
85,6420000000000,605,-1
86,6420000000000,102,-1
87,6420000000000,207,158
88,6420000000000,-1,111
89,6420000000000,574,-1
90,6420000000000,-1,378
91,6420000000000,-1,257
93,6420000000000,-1,329
94,6420000000000,-1,302
95,6420000000000,329,-1
96,6420000000000,-1,182
97,6420000000000,135,305
98,6420000000000,-1,428
99,6420000000000,-1,186
0,6480000000000,-1,412
1,6480000000000,402,-1
2,6480000000000,30,-1
3,6480000000000,-1,427
4,6480000000000,198,-1
5,6480000000000,589,-1
6,6480000000000,436,-1
7,6480000000000,142,-1
8,6480000000000,210,-1
9,6480000000000,348,-1
10,6480000000000,252,-1
11,6480000000000,330,184
12,6480000000000,-1,429
13,6480000000000,556,-1
14,6480000000000,224,-1
15,6480000000000,60,-1
16,6480000000000,-1,462
19,6480000000000,430,284
21,6480000000000,107,58
22,6480000000000,349,-1
24,6480000000000,-1,379
25,6480000000000,102,-1
26,6480000000000,-1,179
27,6480000000000,-1,355
28,6480000000000,-1,202
29,6480000000000,523,-1
30,6480000000000,132,83
31,6480000000000,440,-1
32,6480000000000,30,-1
33,6480000000000,410,-1
34,6480000000000,139,450
35,6480000000000,54,-1
36,6480000000000,85,60
37,6480000000000,489,-1
38,6480000000000,-1,4
39,6480000000000,-1,207
40,6480000000000,192,-1
42,6480000000000,-1,278
43,6480000000000,200,-1
44,6480000000000,112,136
46,6480000000000,614,300
47,6480000000000,-1,232
48,6480000000000,62,303
49,6480000000000,-1,229
50,6480000000000,426,-1
51,6480000000000,14,-1
52,6480000000000,403,-1
54,6480000000000,55,-1
55,6480000000000,416,-1
56,6480000000000,325,-1
57,6480000000000,279,-1
58,6480000000000,404,-1
59,6480000000000,437,-1
60,6480000000000,259,-1
61,6480000000000,-1,312
62,6480000000000,223,-1
63,6480000000000,-1,199
64,6480000000000,10,-1
65,6480000000000,125,-1
66,6480000000000,588,-1
67,6480000000000,108,181
68,6480000000000,112,-1
69,6480000000000,206,-1
71,6480000000000,460,-1
72,6480000000000,380,-1
73,6480000000000,235,-1
74,6480000000000,139,-1
75,6480000000000,54,461
76,6480000000000,83,156
77,6480000000000,255,-1
78,6480000000000,59,180
79,6480000000000,-1,403
80,6480000000000,254,-1
81,6480000000000,157,-1
82,6480000000000,-1,4
83,6480000000000,205,-1
84,6480000000000,379,-1
85,6480000000000,-1,435
86,6480000000000,-1,438
87,6480000000000,158,182
88,6480000000000,111,-1
89,6480000000000,-1,166
90,6480000000000,378,-1
91,6480000000000,257,-1
92,6480000000000,-1,279
93,6480000000000,329,111
94,6480000000000,302,-1
96,6480000000000,182,-1
97,6480000000000,305,-1
98,6480000000000,428,186
99,6480000000000,186,-1
0,6540000000000,412,52
1,6540000000000,-1,137
2,6540000000000,-1,5
3,6540000000000,427,137
5,6540000000000,-1,275
7,6540000000000,-1,597
8,6540000000000,-1,404
9,6540000000000,-1,566
10,6540000000000,-1,612
11,6540000000000,184,-1
12,6540000000000,429,235
13,6540000000000,-1,580
14,6540000000000,-1,465
15,6540000000000,-1,229
16,6540000000000,462,102
17,6540000000000,-1,462
18,6540000000000,-1,563
19,6540000000000,284,405
20,6540000000000,-1,87
21,6540000000000,58,131
22,6540000000000,-1,590
23,6540000000000,-1,150
24,6540000000000,379,-1
25,6540000000000,-1,462
26,6540000000000,179,610
27,6540000000000,355,209
28,6540000000000,202,562
30,6540000000000,83,107
31,6540000000000,-1,174
32,6540000000000,-1,509
33,6540000000000,-1,604
34,6540000000000,450,-1
35,6540000000000,-1,485
36,6540000000000,60,254
37,6540000000000,-1,175
38,6540000000000,4,435
39,6540000000000,207,-1
40,6540000000000,-1,22
41,6540000000000,-1,111
42,6540000000000,278,-1
44,6540000000000,136,353
46,6540000000000,300,-1
47,6540000000000,232,-1
48,6540000000000,303,-1
49,6540000000000,229,10
51,6540000000000,-1,325
52,6540000000000,-1,161
53,6540000000000,-1,187
54,6540000000000,-1,30
55,6540000000000,-1,198
56,6540000000000,-1,614
57,6540000000000,-1,85
58,6540000000000,-1,210
60,6540000000000,-1,380
61,6540000000000,312,336
62,6540000000000,-1,416
63,6540000000000,199,-1
64,6540000000000,-1,179
66,6540000000000,-1,251
67,6540000000000,181,83
69,6540000000000,-1,230
70,6540000000000,-1,12
71,6540000000000,-1,29
72,6540000000000,-1,234
73,6540000000000,-1,404
74,6540000000000,-1,450
75,6540000000000,461,-1
76,6540000000000,156,58
77,6540000000000,-1,109
78,6540000000000,180,-1
79,6540000000000,403,-1
80,6540000000000,-1,60
81,6540000000000,-1,132
82,6540000000000,4,410
83,6540000000000,-1,59
84,6540000000000,-1,185
85,6540000000000,435,459
86,6540000000000,438,-1
87,6540000000000,182,-1
88,6540000000000,-1,328
89,6540000000000,166,-1
90,6540000000000,-1,136
91,6540000000000,-1,281
92,6540000000000,279,85
93,6540000000000,111,-1
94,6540000000000,-1,37
95,6540000000000,-1,135
96,6540000000000,-1,157
97,6540000000000,-1,280
98,6540000000000,186,-1
99,6540000000000,-1,403
0,6600000000000,52,-1
1,6600000000000,137,-1
2,6600000000000,5,484
3,6600000000000,137,-1
4,6600000000000,-1,391
5,6600000000000,275,-1
6,6600000000000,-1,28
7,6600000000000,597,572
8,6600000000000,404,379
9,6600000000000,566,541
10,6600000000000,612,251
11,6600000000000,-1,305
12,6600000000000,235,-1
13,6600000000000,580,458
14,6600000000000,465,-1
15,6600000000000,229,-1
16,6600000000000,102,-1
17,6600000000000,462,-1
18,6600000000000,563,587
19,6600000000000,405,259
20,6600000000000,87,-1
21,6600000000000,131,82
22,6600000000000,590,-1
23,6600000000000,150,-1
24,6600000000000,-1,185
25,6600000000000,462,-1
26,6600000000000,610,-1
27,6600000000000,209,-1
28,6600000000000,562,-1
29,6600000000000,-1,91
30,6600000000000,107,-1
31,6600000000000,174,-1
32,6600000000000,509,-1
33,6600000000000,604,-1
35,6600000000000,485,-1
36,6600000000000,254,-1
37,6600000000000,175,-1
38,6600000000000,435,-1
39,6600000000000,-1,182
40,6600000000000,22,622
41,6600000000000,111,352
42,6600000000000,-1,36
43,6600000000000,-1,489
44,6600000000000,353,-1
45,6600000000000,-1,300
47,6600000000000,-1,207
49,6600000000000,10,-1
50,6600000000000,-1,113
51,6600000000000,325,-1
52,6600000000000,161,-1
53,6600000000000,187,451
54,6600000000000,30,509
55,6600000000000,198,-1
56,6600000000000,614,-1
57,6600000000000,85,-1
58,6600000000000,210,-1
59,6600000000000,-1,77
60,6600000000000,380,-1
61,6600000000000,336,577
62,6600000000000,416,-1
64,6600000000000,179,-1
65,6600000000000,-1,414
66,6600000000000,251,-1
67,6600000000000,83,-1
68,6600000000000,-1,111
69,6600000000000,230,108
70,6600000000000,12,-1
71,6600000000000,29,-1
72,6600000000000,234,-1
73,6600000000000,404,-1
74,6600000000000,450,-1
76,6600000000000,58,131
77,6600000000000,109,-1
79,6600000000000,-1,161
80,6600000000000,60,-1
81,6600000000000,132,-1
82,6600000000000,410,-1
83,6600000000000,59,34
84,6600000000000,185,-1
85,6600000000000,459,-1
86,6600000000000,-1,101
87,6600000000000,-1,206
88,6600000000000,328,-1
89,6600000000000,-1,573
90,6600000000000,136,-1
91,6600000000000,281,232
92,6600000000000,85,-1
94,6600000000000,37,-1
95,6600000000000,135,328
96,6600000000000,157,-1
97,6600000000000,280,134
99,6600000000000,403,-1
1,6660000000000,-1,401
2,6660000000000,484,29
4,6660000000000,391,197
5,6660000000000,-1,588
6,6660000000000,28,435
7,6660000000000,572,141
8,6660000000000,379,209
9,6660000000000,541,347
10,6660000000000,251,-1
11,6660000000000,305,329
13,6660000000000,458,555
14,6660000000000,-1,223
15,6660000000000,-1,59
18,6660000000000,587,226
19,6660000000000,259,429
21,6660000000000,82,106
22,6660000000000,-1,348
23,6660000000000,-1,463
24,6660000000000,185,403
25,6660000000000,-1,101
26,6660000000000,-1,178
29,6660000000000,91,522
30,6660000000000,-1,131
31,6660000000000,-1,439
32,6660000000000,-1,29
33,6660000000000,-1,434
34,6660000000000,-1,138
35,6660000000000,-1,53
36,6660000000000,-1,84
37,6660000000000,-1,488
39,6660000000000,182,-1
40,6660000000000,622,191
41,6660000000000,352,-1
42,6660000000000,36,60
43,6660000000000,489,224
44,6660000000000,-1,377
45,6660000000000,300,-1
46,6660000000000,-1,613
47,6660000000000,207,-1
48,6660000000000,-1,85
49,6660000000000,-1,228
50,6660000000000,113,425
51,6660000000000,-1,13
52,6660000000000,-1,402
53,6660000000000,451,-1
54,6660000000000,509,54
55,6660000000000,-1,415
56,6660000000000,-1,349
57,6660000000000,-1,278
58,6660000000000,-1,403
59,6660000000000,77,436
60,6660000000000,-1,258
61,6660000000000,577,-1
62,6660000000000,-1,222
63,6660000000000,-1,440
64,6660000000000,-1,9
65,6660000000000,414,149
66,6660000000000,-1,587
67,6660000000000,-1,180
68,6660000000000,111,-1
69,6660000000000,108,205
70,6660000000000,-1,276
71,6660000000000,-1,459
72,6660000000000,-1,379
73,6660000000000,-1,234
74,6660000000000,-1,138
75,6660000000000,-1,460
76,6660000000000,131,82
77,6660000000000,-1,254
78,6660000000000,-1,58
79,6660000000000,161,-1
80,6660000000000,-1,253
81,6660000000000,-1,156
82,6660000000000,-1,3
83,6660000000000,34,204
84,6660000000000,-1,378
85,6660000000000,-1,604
86,6660000000000,101,-1
87,6660000000000,206,157
88,6660000000000,-1,110
89,6660000000000,573,-1
90,6660000000000,-1,377
91,6660000000000,232,256
93,6660000000000,-1,328
95,6660000000000,328,-1
96,6660000000000,-1,181
97,6660000000000,134,304
98,6660000000000,-1,427
99,6660000000000,-1,185
0,6720000000000,-1,411
1,6720000000000,401,-1
2,6720000000000,29,-1
3,6720000000000,-1,426
4,6720000000000,197,-1
5,6720000000000,588,-1
6,6720000000000,435,-1
7,6720000000000,141,-1
8,6720000000000,209,-1
9,6720000000000,347,-1
11,6720000000000,329,183
12,6720000000000,-1,428
13,6720000000000,555,-1
14,6720000000000,223,-1
15,6720000000000,59,-1
16,6720000000000,-1,461
18,6720000000000,226,-1
19,6720000000000,429,-1
21,6720000000000,106,57
22,6720000000000,348,-1
23,6720000000000,463,-1
24,6720000000000,403,-1
25,6720000000000,101,-1
26,6720000000000,178,-1
27,6720000000000,-1,354
28,6720000000000,-1,201
29,6720000000000,522,-1
30,6720000000000,131,82
31,6720000000000,439,-1
32,6720000000000,29,-1
33,6720000000000,434,409
34,6720000000000,138,474
35,6720000000000,53,-1
36,6720000000000,84,253
37,6720000000000,488,-1
38,6720000000000,-1,3
39,6720000000000,-1,206
40,6720000000000,191,-1
42,6720000000000,60,277
43,6720000000000,224,-1
44,6720000000000,377,135
46,6720000000000,613,324
47,6720000000000,-1,231
48,6720000000000,85,302
49,6720000000000,228,-1
50,6720000000000,425,-1
51,6720000000000,13,-1
52,6720000000000,402,-1
54,6720000000000,54,-1
55,6720000000000,415,-1
56,6720000000000,349,-1
57,6720000000000,278,-1
58,6720000000000,403,-1
59,6720000000000,436,-1
60,6720000000000,258,-1
61,6720000000000,-1,335
62,6720000000000,222,-1
63,6720000000000,440,198
64,6720000000000,9,-1
65,6720000000000,149,-1
66,6720000000000,587,-1
67,6720000000000,180,-1
69,6720000000000,205,-1
70,6720000000000,276,-1
71,6720000000000,459,-1
72,6720000000000,379,-1
73,6720000000000,234,-1
74,6720000000000,138,-1
75,6720000000000,460,-1
76,6720000000000,82,155
77,6720000000000,254,-1
78,6720000000000,58,33
79,6720000000000,-1,402
80,6720000000000,253,-1
81,6720000000000,156,107
82,6720000000000,3,434
83,6720000000000,204,-1
84,6720000000000,378,-1
85,6720000000000,604,434
86,6720000000000,-1,437
87,6720000000000,157,181
88,6720000000000,110,-1
89,6720000000000,-1,165
90,6720000000000,377,-1
91,6720000000000,256,-1
92,6720000000000,-1,278
93,6720000000000,328,110
94,6720000000000,-1,301
96,6720000000000,181,132
97,6720000000000,304,-1
98,6720000000000,427,-1
99,6720000000000,185,-1
0,6780000000000,411,51
1,6780000000000,-1,136
2,6780000000000,-1,4
3,6780000000000,426,425
5,6780000000000,-1,299
7,6780000000000,-1,596
9,6780000000000,-1,565
10,6780000000000,-1,611
11,6780000000000,183,-1
12,6780000000000,428,234
13,6780000000000,-1,579
14,6780000000000,-1,464
15,6780000000000,-1,228
16,6780000000000,461,101
17,6780000000000,-1,125
18,6780000000000,-1,586
19,6780000000000,-1,258
20,6780000000000,-1,86
21,6780000000000,57,130
22,6780000000000,-1,589
23,6780000000000,-1,174
24,6780000000000,-1,378
25,6780000000000,-1,461
26,6780000000000,-1,609
27,6780000000000,354,208
28,6780000000000,201,561
30,6780000000000,82,106
31,6780000000000,-1,173
32,6780000000000,-1,508
33,6780000000000,409,603
34,6780000000000,474,-1
35,6780000000000,-1,484
36,6780000000000,253,-1
37,6780000000000,-1,199
38,6780000000000,3,434
39,6780000000000,206,-1
40,6780000000000,-1,21
41,6780000000000,-1,110
42,6780000000000,277,-1
44,6780000000000,135,352
46,6780000000000,324,-1
47,6780000000000,231,255
48,6780000000000,302,-1
49,6780000000000,-1,9
51,6780000000000,-1,349
52,6780000000000,-1,160
53,6780000000000,-1,186
54,6780000000000,-1,508
55,6780000000000,-1,197
56,6780000000000,-1,613
57,6780000000000,-1,84
58,6780000000000,-1,209
59,6780000000000,-1,76
60,6780000000000,-1,379
61,6780000000000,335,-1
62,6780000000000,-1,415
63,6780000000000,198,-1
64,6780000000000,-1,178
66,6780000000000,-1,250
67,6780000000000,-1,82
69,6780000000000,-1,229
70,6780000000000,-1,11
72,6780000000000,-1,233
73,6780000000000,-1,403
74,6780000000000,-1,474
76,6780000000000,155,57
77,6780000000000,-1,108
78,6780000000000,33,179
79,6780000000000,402,-1
80,6780000000000,-1,59
81,6780000000000,107,131
82,6780000000000,434,409
83,6780000000000,-1,58
84,6780000000000,-1,184
85,6780000000000,434,458
86,6780000000000,437,-1
87,6780000000000,181,-1
88,6780000000000,-1,327
89,6780000000000,165,-1
90,6780000000000,-1,135
91,6780000000000,-1,280
92,6780000000000,278,84
93,6780000000000,110,352
94,6780000000000,301,36
95,6780000000000,-1,134
96,6780000000000,132,156
97,6780000000000,-1,133
98,6780000000000,-1,185
99,6780000000000,-1,402
0,6840000000000,51,-1
1,6840000000000,136,-1
2,6840000000000,4,483
3,6840000000000,425,-1
4,6840000000000,-1,390
5,6840000000000,299,-1
6,6840000000000,-1,27
7,6840000000000,596,140
8,6840000000000,-1,378
9,6840000000000,565,-1
10,6840000000000,611,250
11,6840000000000,-1,304
12,6840000000000,234,-1
13,6840000000000,579,457
14,6840000000000,464,-1
15,6840000000000,228,-1
16,6840000000000,101,-1
17,6840000000000,125,461
18,6840000000000,586,-1
19,6840000000000,258,-1
20,6840000000000,86,-1
21,6840000000000,130,81
22,6840000000000,589,-1
23,6840000000000,174,-1
24,6840000000000,378,184
25,6840000000000,461,-1
26,6840000000000,609,-1
27,6840000000000,208,-1
28,6840000000000,561,-1
29,6840000000000,-1,90
30,6840000000000,106,-1
31,6840000000000,173,-1
32,6840000000000,508,53
33,6840000000000,603,-1
35,6840000000000,484,-1
37,6840000000000,199,-1
38,6840000000000,434,-1
39,6840000000000,-1,181
40,6840000000000,21,190
41,6840000000000,110,351
43,6840000000000,-1,488
44,6840000000000,352,376
45,6840000000000,-1,324
47,6840000000000,255,206
49,6840000000000,9,-1
50,6840000000000,-1,449
51,6840000000000,349,-1
52,6840000000000,160,-1
53,6840000000000,186,450
54,6840000000000,508,-1
55,6840000000000,197,-1
56,6840000000000,613,-1
57,6840000000000,84,-1
58,6840000000000,209,-1
59,6840000000000,76,-1
60,6840000000000,379,-1
61,6840000000000,-1,576
62,6840000000000,415,-1
64,6840000000000,178,-1
65,6840000000000,-1,413
66,6840000000000,250,-1
67,6840000000000,82,-1
68,6840000000000,-1,110
69,6840000000000,229,107
70,6840000000000,11,275
72,6840000000000,233,-1
73,6840000000000,403,-1
74,6840000000000,474,-1
76,6840000000000,57,-1
77,6840000000000,108,-1
78,6840000000000,179,-1
79,6840000000000,-1,160
80,6840000000000,59,-1
81,6840000000000,131,-1
82,6840000000000,409,-1
83,6840000000000,58,33
84,6840000000000,184,-1
85,6840000000000,458,-1
86,6840000000000,-1,100
87,6840000000000,-1,205
88,6840000000000,327,-1
89,6840000000000,-1,572
90,6840000000000,135,-1
91,6840000000000,280,231
92,6840000000000,84,-1
93,6840000000000,352,-1
94,6840000000000,36,-1
95,6840000000000,134,327
96,6840000000000,156,-1
97,6840000000000,133,-1
98,6840000000000,185,-1
99,6840000000000,402,-1
1,6900000000000,-1,400
2,6900000000000,483,28
4,6900000000000,390,196
5,6900000000000,-1,587
6,6900000000000,27,434
7,6900000000000,140,-1
8,6900000000000,378,208
9,6900000000000,-1,346
10,6900000000000,250,-1
11,6900000000000,304,328
12,6900000000000,-1,452
13,6900000000000,457,-1
14,6900000000000,-1,222
15,6900000000000,-1,58
17,6900000000000,461,-1
19,6900000000000,-1,428
21,6900000000000,81,105
23,6900000000000,-1,462
24,6900000000000,184,402
25,6900000000000,-1,100
27,6900000000000,-1,378
29,6900000000000,90,521
30,6900000000000,-1,130
31,6900000000000,-1,438
32,6900000000000,53,28
33,6900000000000,-1,433
34,6900000000000,-1,137
35,6900000000000,-1,52
36,6900000000000,-1,83
39,6900000000000,181,-1
40,6900000000000,190,-1
41,6900000000000,351,-1
42,6900000000000,-1,59
43,6900000000000,488,223
44,6900000000000,376,-1
45,6900000000000,324,-1
46,6900000000000,-1,612
47,6900000000000,206,230
48,6900000000000,-1,84
49,6900000000000,-1,227
50,6900000000000,449,-1
51,6900000000000,-1,12
52,6900000000000,-1,401
53,6900000000000,450,-1
54,6900000000000,-1,53
56,6900000000000,-1,348
57,6900000000000,-1,277
58,6900000000000,-1,402
59,6900000000000,-1,435
60,6900000000000,-1,403
61,6900000000000,576,-1
62,6900000000000,-1,221
63,6900000000000,-1,463
64,6900000000000,-1,8
65,6900000000000,413,148
66,6900000000000,-1,586
67,6900000000000,-1,106
68,6900000000000,110,-1
69,6900000000000,107,204
70,6900000000000,275,-1
71,6900000000000,-1,458
72,6900000000000,-1,378
73,6900000000000,-1,233
74,6900000000000,-1,137
75,6900000000000,-1,76
76,6900000000000,-1,81
77,6900000000000,-1,253
78,6900000000000,-1,57
79,6900000000000,160,-1
80,6900000000000,-1,252
81,6900000000000,-1,155
82,6900000000000,-1,2
83,6900000000000,33,203
84,6900000000000,-1,377
85,6900000000000,-1,603
86,6900000000000,100,-1
87,6900000000000,205,156
88,6900000000000,-1,109
89,6900000000000,572,-1
90,6900000000000,-1,376
91,6900000000000,231,255
92,6900000000000,-1,302
93,6900000000000,-1,351
94,6900000000000,-1,300
95,6900000000000,327,-1
96,6900000000000,-1,180
97,6900000000000,-1,303
98,6900000000000,-1,426
99,6900000000000,-1,184
1,6960000000000,400,-1
2,6960000000000,28,-1
4,6960000000000,196,-1
5,6960000000000,587,-1
6,6960000000000,434,-1
8,6960000000000,208,-1
9,6960000000000,346,-1
11,6960000000000,328,182
12,6960000000000,452,233
13,6960000000000,-1,554
14,6960000000000,222,-1
15,6960000000000,58,-1
16,6960000000000,-1,460
18,6960000000000,-1,274
19,6960000000000,428,282
21,6960000000000,105,56
22,6960000000000,-1,347
23,6960000000000,462,-1
24,6960000000000,402,-1
25,6960000000000,100,-1
26,6960000000000,-1,177
27,6960000000000,378,353
28,6960000000000,-1,200
29,6960000000000,521,-1
30,6960000000000,130,81
31,6960000000000,438,-1
32,6960000000000,28,-1
33,6960000000000,433,408
34,6960000000000,137,473
35,6960000000000,52,-1
36,6960000000000,83,58
37,6960000000000,-1,487
38,6960000000000,-1,2
39,6960000000000,-1,205
42,6960000000000,59,276
43,6960000000000,223,-1
44,6960000000000,-1,134
46,6960000000000,612,323
47,6960000000000,230,-1
48,6960000000000,84,-1
49,6960000000000,227,-1
51,6960000000000,12,-1
52,6960000000000,401,-1
54,6960000000000,53,-1
55,6960000000000,-1,414
56,6960000000000,348,-1
57,6960000000000,277,-1
58,6960000000000,402,-1
59,6960000000000,435,-1
60,6960000000000,403,257
61,6960000000000,-1,334
62,6960000000000,221,-1
63,6960000000000,463,197
64,6960000000000,8,-1
65,6960000000000,148,-1
66,6960000000000,586,-1
67,6960000000000,106,179
69,6960000000000,204,-1
71,6960000000000,458,-1
72,6960000000000,378,-1
73,6960000000000,233,-1
74,6960000000000,137,-1
75,6960000000000,76,-1
76,6960000000000,81,154
77,6960000000000,253,-1
78,6960000000000,57,178
79,6960000000000,-1,184
80,6960000000000,252,-1
81,6960000000000,155,130
82,6960000000000,2,-1
83,6960000000000,203,-1
84,6960000000000,377,-1
85,6960000000000,603,-1
86,6960000000000,-1,436
87,6960000000000,156,180
88,6960000000000,109,-1
89,6960000000000,-1,164
90,6960000000000,376,-1
91,6960000000000,255,-1
92,6960000000000,302,-1
93,6960000000000,351,-1
94,6960000000000,300,-1
96,6960000000000,180,131
97,6960000000000,303,-1
98,6960000000000,426,-1
99,6960000000000,184,-1
0,7020000000000,-1,50
1,7020000000000,-1,135
2,7020000000000,-1,3
3,7020000000000,-1,449
7,7020000000000,-1,595
8,7020000000000,-1,402
9,7020000000000,-1,564
10,7020000000000,-1,610
11,7020000000000,182,-1
12,7020000000000,233,-1
13,7020000000000,554,578
14,7020000000000,-1,463
15,7020000000000,-1,227
16,7020000000000,460,100
17,7020000000000,-1,149
18,7020000000000,274,585
19,7020000000000,282,403
20,7020000000000,-1,85
21,7020000000000,56,129
22,7020000000000,347,588
23,7020000000000,-1,173
24,7020000000000,-1,377
25,7020000000000,-1,460
26,7020000000000,177,608
27,7020000000000,353,207
28,7020000000000,200,560
30,7020000000000,81,105
31,7020000000000,-1,172
32,7020000000000,-1,507
33,7020000000000,408,602
34,7020000000000,473,-1
35,7020000000000,-1,483
36,7020000000000,58,252
37,7020000000000,487,198
38,7020000000000,2,433
39,7020000000000,205,-1
40,7020000000000,-1,20
41,7020000000000,-1,109
42,7020000000000,276,-1
44,7020000000000,134,-1
46,7020000000000,323,-1
47,7020000000000,-1,254
48,7020000000000,-1,301
49,7020000000000,-1,8
51,7020000000000,-1,348
52,7020000000000,-1,159
53,7020000000000,-1,185
54,7020000000000,-1,507
55,7020000000000,414,196
56,7020000000000,-1,612
57,7020000000000,-1,83
58,7020000000000,-1,208
59,7020000000000,-1,75
60,7020000000000,257,378
61,7020000000000,334,-1
62,7020000000000,-1,414
63,7020000000000,197,-1
64,7020000000000,-1,202
66,7020000000000,-1,274
67,7020000000000,179,81
68,7020000000000,-1,375
69,7020000000000,-1,228
70,7020000000000,-1,10
71,7020000000000,-1,27
72,7020000000000,-1,232
73,7020000000000,-1,402
74,7020000000000,-1,473
75,7020000000000,-1,459
76,7020000000000,154,56
77,7020000000000,-1,107
78,7020000000000,178,-1
79,7020000000000,184,401
80,7020000000000,-1,58
81,7020000000000,130,-1
82,7020000000000,-1,408
83,7020000000000,-1,57
84,7020000000000,-1,183
85,7020000000000,-1,457
86,7020000000000,436,-1
87,7020000000000,180,-1
88,7020000000000,-1,326
89,7020000000000,164,571
90,7020000000000,-1,134
91,7020000000000,-1,230
92,7020000000000,-1,83
94,7020000000000,-1,35
95,7020000000000,-1,133
96,7020000000000,131,155
97,7020000000000,-1,157
98,7020000000000,-1,184
99,7020000000000,-1,401
0,7080000000000,50,-1
1,7080000000000,135,-1
2,7080000000000,3,482
3,7080000000000,449,-1
4,7080000000000,-1,389
5,7080000000000,-1,298
6,7080000000000,-1,26
7,7080000000000,595,570
8,7080000000000,402,377
9,7080000000000,564,-1
10,7080000000000,610,274
11,7080000000000,-1,303
13,7080000000000,578,456
14,7080000000000,463,-1
15,7080000000000,227,-1
16,7080000000000,100,-1
17,7080000000000,149,-1
18,7080000000000,585,-1
19,7080000000000,403,257
20,7080000000000,85,399
21,7080000000000,129,80
22,7080000000000,588,-1
23,7080000000000,173,-1
24,7080000000000,377,183
25,7080000000000,460,-1
26,7080000000000,608,-1
27,7080000000000,207,-1
28,7080000000000,560,-1
29,7080000000000,-1,89
30,7080000000000,105,-1
31,7080000000000,172,-1
32,7080000000000,507,-1
33,7080000000000,602,-1
35,7080000000000,483,-1
36,7080000000000,252,-1
37,7080000000000,198,-1
38,7080000000000,433,-1
39,7080000000000,-1,180
40,7080000000000,20,620
41,7080000000000,109,350
43,7080000000000,-1,487
44,7080000000000,-1,375
45,7080000000000,-1,323
46,7080000000000,-1,611
47,7080000000000,254,205
48,7080000000000,301,-1
49,7080000000000,8,-1
50,7080000000000,-1,448
51,7080000000000,348,-1
52,7080000000000,159,-1
53,7080000000000,185,474
54,7080000000000,507,-1
55,7080000000000,196,-1
56,7080000000000,612,-1
57,7080000000000,83,-1
58,7080000000000,208,-1
59,7080000000000,75,-1
60,7080000000000,378,-1
61,7080000000000,-1,575
62,7080000000000,414,-1
64,7080000000000,202,7
65,7080000000000,-1,436
66,7080000000000,274,-1
67,7080000000000,81,-1
68,7080000000000,375,109
69,7080000000000,228,106
70,7080000000000,10,-1
71,7080000000000,27,-1
72,7080000000000,232,-1
73,7080000000000,402,-1
74,7080000000000,473,-1
75,7080000000000,459,-1
76,7080000000000,56,129
77,7080000000000,107,-1
79,7080000000000,401,425
80,7080000000000,58,-1
82,7080000000000,408,-1
83,7080000000000,57,-1
84,7080000000000,183,-1
85,7080000000000,457,-1
86,7080000000000,-1,124
87,7080000000000,-1,204
88,7080000000000,326,-1
89,7080000000000,571,-1
90,7080000000000,134,-1
91,7080000000000,230,-1
92,7080000000000,83,-1
93,7080000000000,-1,133
94,7080000000000,35,-1
95,7080000000000,133,326
96,7080000000000,155,-1
97,7080000000000,157,132
98,7080000000000,184,-1
99,7080000000000,401,-1
1,7140000000000,-1,424
2,7140000000000,482,27
4,7140000000000,389,195
5,7140000000000,298,586
6,7140000000000,26,433
7,7140000000000,570,139
8,7140000000000,377,207
9,7140000000000,-1,345
10,7140000000000,274,-1
11,7140000000000,303,327
12,7140000000000,-1,451
13,7140000000000,456,553
14,7140000000000,-1,221
15,7140000000000,-1,57
19,7140000000000,257,427
20,7140000000000,399,-1
21,7140000000000,80,104
23,7140000000000,-1,461
24,7140000000000,183,401
25,7140000000000,-1,124
26,7140000000000,-1,201
27,7140000000000,-1,377
29,7140000000000,89,520
30,7140000000000,-1,129
31,7140000000000,-1,437
32,7140000000000,-1,27
33,7140000000000,-1,432
34,7140000000000,-1,136
35,7140000000000,-1,51
36,7140000000000,-1,82
39,7140000000000,180,-1
40,7140000000000,620,189
41,7140000000000,350,-1
42,7140000000000,-1,58
43,7140000000000,487,222
44,7140000000000,375,-1
45,7140000000000,323,-1
46,7140000000000,611,-1
47,7140000000000,205,229
48,7140000000000,-1,83
49,7140000000000,-1,226
50,7140000000000,448,-1
51,7140000000000,-1,11
52,7140000000000,-1,400
53,7140000000000,474,-1
54,7140000000000,-1,52
56,7140000000000,-1,347
57,7140000000000,-1,276
58,7140000000000,-1,401
59,7140000000000,-1,434
60,7140000000000,-1,256
61,7140000000000,575,-1
62,7140000000000,-1,220
63,7140000000000,-1,462
64,7140000000000,7,-1
65,7140000000000,436,-1
66,7140000000000,-1,585
67,7140000000000,-1,178
68,7140000000000,109,-1
69,7140000000000,106,203
70,7140000000000,-1,299
71,7140000000000,-1,26
72,7140000000000,-1,402
73,7140000000000,-1,232
75,7140000000000,-1,75
76,7140000000000,129,80
77,7140000000000,-1,252
78,7140000000000,-1,56
79,7140000000000,425,183
80,7140000000000,-1,251
81,7140000000000,-1,154
82,7140000000000,-1,1
83,7140000000000,-1,202
84,7140000000000,-1,376
85,7140000000000,-1,602
86,7140000000000,124,148
87,7140000000000,204,155
88,7140000000000,-1,108
90,7140000000000,-1,375
91,7140000000000,-1,254
92,7140000000000,-1,301
93,7140000000000,133,350
95,7140000000000,326,-1
96,7140000000000,-1,179
97,7140000000000,132,302
98,7140000000000,-1,425
99,7140000000000,-1,183
