gs_id,time_ns,old_sat,new_sat
0,0,-1,365
1,0,-1,90
2,0,-1,462
3,0,-1,91
4,0,-1,369
5,0,-1,228
6,0,-1,6
7,0,-1,525
8,0,-1,357
9,0,-1,519
10,0,-1,565
11,0,-1,137
12,0,-1,188
13,0,-1,436
14,0,-1,418
15,0,-1,183
16,0,-1,415
17,0,-1,80
18,0,-1,541
19,0,-1,383
20,0,-1,330
21,0,-1,60
22,0,-1,544
23,0,-1,104
24,0,-1,163
25,0,-1,415
26,0,-1,563
27,0,-1,138
28,0,-1,516
29,0,-1,69
30,0,-1,85
31,0,-1,103
32,0,-1,438
33,0,-1,557
34,0,-1,92
35,0,-1,438
36,0,-1,207
37,0,-1,129
38,0,-1,389
39,0,-1,136
40,0,-1,551
41,0,-1,65
42,0,-1,14
43,0,-1,467
44,0,-1,331
45,0,-1,567
46,0,-1,567
47,0,-1,136
48,0,-1,256
49,0,-1,613
50,0,-1,91
51,0,-1,279
52,0,-1,115
53,0,-1,140
54,0,-1,463
55,0,-1,127
56,0,-1,568
57,0,-1,38
58,0,-1,139
59,0,-1,30
60,0,-1,358
61,0,-1,289
62,0,-1,370
63,0,-1,418
64,0,-1,133
65,0,-1,392
66,0,-1,204
67,0,-1,61
68,0,-1,330
69,0,-1,37
70,0,-1,590
71,0,-1,607
72,0,-1,163
73,0,-1,382
74,0,-1,404
75,0,-1,414
76,0,-1,36
77,0,-1,62
78,0,-1,109
79,0,-1,356
80,0,-1,13
81,0,-1,61
82,0,-1,388
83,0,-1,613
84,0,-1,114
85,0,-1,558
86,0,-1,79
87,0,-1,111
88,0,-1,281
89,0,-1,502
90,0,-1,89
91,0,-1,161
92,0,-1,257
93,0,-1,64
94,0,-1,615
95,0,-1,64
96,0,-1,135
97,0,-1,88
98,0,-1,139
99,0,-1,357
0,60000000000,365,389
1,60000000000,90,355
2,60000000000,462,583
3,60000000000,91,379
4,60000000000,369,-1
5,60000000000,228,-1
6,60000000000,6,606
7,60000000000,525,95
8,60000000000,357,163
9,60000000000,519,276
10,60000000000,565,205
11,60000000000,137,283
12,60000000000,188,-1
13,60000000000,436,387
14,60000000000,418,152
15,60000000000,183,207
16,60000000000,415,439
17,60000000000,80,415
18,60000000000,541,204
19,60000000000,383,212
20,60000000000,330,329
21,60000000000,60,11
22,60000000000,544,301
23,60000000000,104,416
24,60000000000,163,332
25,60000000000,415,55
26,60000000000,563,132
27,60000000000,138,308
28,60000000000,516,155
29,60000000000,69,-1
30,60000000000,85,109
31,60000000000,103,392
32,60000000000,438,608
33,60000000000,557,363
34,60000000000,92,-1
35,60000000000,438,7
36,60000000000,207,13
37,60000000000,129,442
38,60000000000,389,582
39,60000000000,136,111
40,60000000000,551,145
41,60000000000,65,305
42,60000000000,14,-1
43,60000000000,467,442
44,60000000000,331,306
45,60000000000,567,591
46,60000000000,567,542
47,60000000000,136,209
48,60000000000,256,39
49,60000000000,613,588
50,60000000000,91,-1
51,60000000000,279,591
52,60000000000,115,356
53,60000000000,140,405
54,60000000000,463,608
55,60000000000,127,369
56,60000000000,568,277
57,60000000000,38,232
58,60000000000,139,357
59,60000000000,30,390
60,60000000000,358,333
61,60000000000,289,530
62,60000000000,370,175
63,60000000000,418,393
64,60000000000,133,612
65,60000000000,392,367
66,60000000000,204,541
67,60000000000,61,85
68,60000000000,330,65
69,60000000000,37,-1
70,60000000000,590,230
71,60000000000,607,413
72,60000000000,163,333
73,60000000000,382,163
74,60000000000,404,92
75,60000000000,414,31
76,60000000000,36,11
77,60000000000,62,208
78,60000000000,109,612
79,60000000000,356,139
80,60000000000,13,207
81,60000000000,61,134
82,60000000000,388,557
83,60000000000,613,182
84,60000000000,114,356
85,60000000000,558,582
86,60000000000,79,-1
87,60000000000,111,86
88,60000000000,281,64
89,60000000000,502,501
90,60000000000,89,331
91,60000000000,161,185
92,60000000000,257,256
93,60000000000,64,-1
94,60000000000,615,255
95,60000000000,64,282
96,60000000000,135,159
97,60000000000,88,233
98,60000000000,139,381
99,60000000000,357,139
0,120000000000,389,-1
1,120000000000,355,-1
2,120000000000,583,607
3,120000000000,379,90
4,120000000000,-1,125
5,120000000000,-1,542
6,120000000000,606,389
7,120000000000,95,94
8,120000000000,163,357
9,120000000000,276,300
10,120000000000,205,565
11,120000000000,283,112
12,120000000000,-1,382
13,120000000000,387,533
14,120000000000,152,151
15,120000000000,207,12
16,120000000000,439,-1
17,120000000000,415,-1
18,120000000000,204,179
19,120000000000,212,358
20,120000000000,329,40
21,120000000000,11,84
22,120000000000,301,276
23,120000000000,416,-1
24,120000000000,332,-1
25,120000000000,55,54
26,120000000000,132,-1
27,120000000000,308,332
28,120000000000,155,179
29,120000000000,-1,450
30,120000000000,109,84
31,120000000000,392,-1
32,120000000000,608,7
33,120000000000,363,387
34,120000000000,-1,91
35,120000000000,7,-1
36,120000000000,13,-1
37,120000000000,442,441
38,120000000000,582,606
39,120000000000,111,184
40,120000000000,145,144
41,120000000000,305,-1
42,120000000000,-1,614
43,120000000000,442,153
44,120000000000,306,89
45,120000000000,591,566
46,120000000000,542,566
47,120000000000,209,-1
48,120000000000,39,14
49,120000000000,588,181
50,120000000000,-1,66
51,120000000000,591,-1
52,120000000000,356,355
53,120000000000,405,140
54,120000000000,608,7
55,120000000000,369,393
56,120000000000,277,-1
57,120000000000,232,-1
58,120000000000,357,381
59,120000000000,390,-1
60,120000000000,333,187
61,120000000000,530,289
62,120000000000,175,150
63,120000000000,393,-1
64,120000000000,612,587
65,120000000000,367,-1
66,120000000000,541,-1
67,120000000000,85,109
68,120000000000,65,330
69,120000000000,-1,183
70,120000000000,230,229
71,120000000000,413,-1
72,120000000000,333,357
73,120000000000,163,-1
74,120000000000,92,91
75,120000000000,31,-1
76,120000000000,11,84
77,120000000000,208,232
78,120000000000,612,-1
79,120000000000,139,356
80,120000000000,207,231
81,120000000000,134,109
82,120000000000,557,581
83,120000000000,182,-1
84,120000000000,356,-1
85,120000000000,582,-1
86,120000000000,-1,54
87,120000000000,86,110
88,120000000000,64,63
89,120000000000,501,143
90,120000000000,331,330
91,120000000000,185,234
92,120000000000,256,-1
93,120000000000,-1,88
94,120000000000,255,-1
95,120000000000,282,88
96,120000000000,159,-1
97,120000000000,233,257
98,120000000000,381,380
99,120000000000,139,138
1,180000000000,-1,354
2,180000000000,607,437
3,180000000000,90,-1
4,180000000000,125,344
5,180000000000,542,228
6,180000000000,389,5
7,180000000000,94,500
8,180000000000,357,332
9,180000000000,300,494
10,180000000000,565,564
11,180000000000,112,136
12,180000000000,382,212
13,180000000000,533,508
14,180000000000,151,418
15,180000000000,12,182
18,180000000000,179,-1
19,180000000000,358,212
20,180000000000,40,-1
21,180000000000,84,35
22,180000000000,276,-1
23,180000000000,-1,103
24,180000000000,-1,162
25,180000000000,54,415
26,180000000000,-1,156
27,180000000000,332,-1
28,180000000000,179,-1
29,180000000000,450,44
30,180000000000,84,35
31,180000000000,-1,102
32,180000000000,7,437
33,180000000000,387,557
34,180000000000,91,403
35,180000000000,-1,462
36,180000000000,-1,207
37,180000000000,441,-1
38,180000000000,606,-1
39,180000000000,184,-1
40,180000000000,144,550
41,180000000000,-1,64
42,180000000000,614,-1
43,180000000000,153,442
44,180000000000,89,88
45,180000000000,566,-1
46,180000000000,566,253
47,180000000000,-1,184
48,180000000000,14,-1
49,180000000000,181,588
50,180000000000,66,-1
51,180000000000,-1,278
52,180000000000,355,-1
53,180000000000,140,115
54,180000000000,7,462
55,180000000000,393,368
56,180000000000,-1,567
57,180000000000,-1,37
58,180000000000,381,163
59,180000000000,-1,29
60,180000000000,187,357
61,180000000000,289,-1
62,180000000000,150,369
64,180000000000,587,132
65,180000000000,-1,77
66,180000000000,-1,540
67,180000000000,109,133
68,180000000000,330,329
69,180000000000,183,158
70,180000000000,229,589
71,180000000000,-1,412
72,180000000000,357,187
73,180000000000,-1,357
74,180000000000,91,-1
75,180000000000,-1,6
76,180000000000,84,108
77,180000000000,232,37
78,180000000000,-1,157
79,180000000000,356,380
80,180000000000,231,13
81,180000000000,109,60
82,180000000000,581,363
83,180000000000,-1,612
84,180000000000,-1,138
85,180000000000,-1,557
86,180000000000,54,415
87,180000000000,110,159
88,180000000000,63,281
89,180000000000,143,-1
90,180000000000,330,89
91,180000000000,234,185
93,180000000000,88,305
94,180000000000,-1,254
95,180000000000,88,63
96,180000000000,-1,85
97,180000000000,257,87
98,180000000000,380,138
99,180000000000,138,356
0,240000000000,-1,364
1,240000000000,354,89
2,240000000000,437,461
3,240000000000,-1,114
4,240000000000,344,368
5,240000000000,228,227
6,240000000000,5,-1
7,240000000000,500,549
8,240000000000,332,356
9,240000000000,494,518
10,240000000000,564,-1
11,240000000000,136,-1
12,240000000000,212,187
13,240000000000,508,435
14,240000000000,418,417
15,240000000000,182,206
16,240000000000,-1,414
19,240000000000,212,382
20,240000000000,-1,64
21,240000000000,35,10
22,240000000000,-1,543
23,240000000000,103,-1
24,240000000000,162,-1
25,240000000000,415,414
26,240000000000,156,562
28,240000000000,-1,515
29,240000000000,44,68
30,240000000000,35,84
31,240000000000,102,-1
32,240000000000,437,461
33,240000000000,557,556
34,240000000000,403,402
35,240000000000,462,437
36,240000000000,207,206
37,240000000000,-1,128
38,240000000000,-1,388
39,240000000000,-1,110
40,240000000000,550,599
41,240000000000,64,-1
42,240000000000,-1,230
43,240000000000,442,466
44,240000000000,88,330
46,240000000000,253,566
47,240000000000,184,135
48,240000000000,-1,255
49,240000000000,588,612
50,240000000000,-1,90
51,240000000000,278,-1
52,240000000000,-1,114
53,240000000000,115,139
54,240000000000,462,-1
55,240000000000,368,125
56,240000000000,567,-1
57,240000000000,37,-1
58,240000000000,163,138
59,240000000000,29,-1
60,240000000000,357,-1
61,240000000000,-1,530
62,240000000000,369,-1
63,240000000000,-1,417
64,240000000000,132,-1
65,240000000000,77,391
66,240000000000,540,203
67,240000000000,133,60
68,240000000000,329,-1
69,240000000000,158,36
70,240000000000,589,-1
71,240000000000,412,-1
72,240000000000,187,162
73,240000000000,357,381
74,240000000000,-1,403
75,240000000000,6,413
76,240000000000,108,35
77,240000000000,37,61
78,240000000000,157,11
79,240000000000,380,355
80,240000000000,13,12
81,240000000000,60,-1
82,240000000000,363,387
83,240000000000,612,-1
84,240000000000,138,113
85,240000000000,557,-1
86,240000000000,415,390
87,240000000000,159,183
88,240000000000,281,280
89,240000000000,-1,525
90,240000000000,89,88
91,240000000000,185,160
92,240000000000,-1,38
93,240000000000,305,63
94,240000000000,254,614
95,240000000000,63,-1
96,240000000000,85,-1
97,240000000000,87,-1
98,240000000000,138,-1
99,240000000000,356,-1
0,300000000000,364,4
1,300000000000,89,354
2,300000000000,461,582
3,300000000000,114,378
4,300000000000,368,125
5,300000000000,227,-1
6,300000000000,-1,605
7,300000000000,549,94
8,300000000000,356,162
9,300000000000,518,275
10,300000000000,-1,204
11,300000000000,-1,282
12,300000000000,187,-1
13,300000000000,435,386
14,300000000000,417,151
15,300000000000,206,-1
16,300000000000,414,438
17,300000000000,-1,439
18,300000000000,-1,539
19,300000000000,382,211
20,300000000000,64,-1
21,300000000000,10,-1
22,300000000000,543,542
23,300000000000,-1,415
24,300000000000,-1,137
25,300000000000,414,54
26,300000000000,562,131
27,300000000000,-1,331
28,300000000000,515,178
29,300000000000,68,-1
30,300000000000,84,108
31,300000000000,-1,391
32,300000000000,461,607
33,300000000000,556,362
34,300000000000,402,91
35,300000000000,437,6
36,300000000000,206,12
37,300000000000,128,441
38,300000000000,388,605
39,300000000000,110,183
40,300000000000,599,144
41,300000000000,-1,304
42,300000000000,230,13
43,300000000000,466,441
44,300000000000,330,305
45,300000000000,-1,253
46,300000000000,566,565
47,300000000000,135,208
48,300000000000,255,38
49,300000000000,612,181
50,300000000000,90,-1
51,300000000000,-1,590
52,300000000000,114,355
53,300000000000,139,404
54,300000000000,-1,461
55,300000000000,125,368
56,300000000000,-1,276
57,300000000000,-1,231
58,300000000000,138,380
59,300000000000,-1,389
61,300000000000,530,529
62,300000000000,-1,368
63,300000000000,417,-1
64,300000000000,-1,611
65,300000000000,391,366
66,300000000000,203,540
67,300000000000,60,84
68,300000000000,-1,64
69,300000000000,36,60
70,300000000000,-1,229
72,300000000000,162,332
73,300000000000,381,187
74,300000000000,403,91
75,300000000000,413,30
76,300000000000,35,59
77,300000000000,61,207
78,300000000000,11,611
79,300000000000,355,138
80,300000000000,12,230
81,300000000000,-1,133
82,300000000000,387,362
83,300000000000,-1,181
84,300000000000,113,355
85,300000000000,-1,581
86,300000000000,390,78
87,300000000000,183,85
88,300000000000,280,63
89,300000000000,525,118
90,300000000000,88,330
91,300000000000,160,209
92,300000000000,38,37
93,300000000000,63,-1
94,300000000000,614,254
95,300000000000,-1,281
96,300000000000,-1,158
97,300000000000,-1,281
98,300000000000,-1,380
99,300000000000,-1,138
0,360000000000,4,388
1,360000000000,354,-1
2,360000000000,582,606
3,360000000000,378,89
4,360000000000,125,149
5,360000000000,-1,541
6,360000000000,605,388
7,360000000000,94,93
8,360000000000,162,356
9,360000000000,275,518
10,360000000000,204,564
11,360000000000,282,111
12,360000000000,-1,381
13,360000000000,386,532
14,360000000000,151,150
15,360000000000,-1,11
16,360000000000,438,-1
17,360000000000,439,414
18,360000000000,539,203
19,360000000000,211,381
20,360000000000,-1,39
21,360000000000,-1,83
22,360000000000,542,275
23,360000000000,415,-1
24,360000000000,137,355
25,360000000000,54,53
26,360000000000,131,155
27,360000000000,331,-1
28,360000000000,178,-1
29,360000000000,-1,474
30,360000000000,108,83
31,360000000000,391,-1
32,360000000000,607,6
33,360000000000,362,386
34,360000000000,91,90
35,360000000000,6,-1
36,360000000000,12,36
37,360000000000,441,440
38,360000000000,605,-1
39,360000000000,183,134
40,360000000000,144,599
41,360000000000,304,-1
42,360000000000,13,613
43,360000000000,441,152
44,360000000000,305,88
45,360000000000,253,565
46,360000000000,565,-1
47,360000000000,208,-1
48,360000000000,38,13
49,360000000000,181,587
50,360000000000,-1,65
51,360000000000,590,-1
52,360000000000,355,354
53,360000000000,404,139
54,360000000000,461,6
55,360000000000,368,392
56,360000000000,276,-1
57,360000000000,231,-1
58,360000000000,380,-1
59,360000000000,389,-1
60,360000000000,-1,186
61,360000000000,529,288
62,360000000000,368,174
63,360000000000,-1,392
64,360000000000,611,586
65,360000000000,366,390
66,360000000000,540,564
67,360000000000,84,108
68,360000000000,64,329
69,360000000000,60,182
70,360000000000,229,228
72,360000000000,332,356
73,360000000000,187,186
74,360000000000,91,90
75,360000000000,30,437
76,360000000000,59,10
77,360000000000,207,231
78,360000000000,611,10
79,360000000000,138,355
80,360000000000,230,-1
81,360000000000,133,108
82,360000000000,362,-1
83,360000000000,181,11
84,360000000000,355,-1
85,360000000000,581,-1
86,360000000000,78,53
87,360000000000,85,109
88,360000000000,63,62
89,360000000000,118,142
90,360000000000,330,329
91,360000000000,209,233
92,360000000000,37,-1
93,360000000000,-1,87
94,360000000000,254,278
95,360000000000,281,87
96,360000000000,158,133
97,360000000000,281,256
98,360000000000,380,379
99,360000000000,138,137
0,420000000000,388,-1
1,420000000000,-1,353
2,420000000000,606,436
3,420000000000,89,-1
4,420000000000,149,343
5,420000000000,541,251
6,420000000000,388,387
7,420000000000,93,524
8,420000000000,356,355
9,420000000000,518,493
10,420000000000,564,563
11,420000000000,111,135
12,420000000000,381,211
13,420000000000,532,507
14,420000000000,150,417
15,420000000000,11,181
17,420000000000,414,-1
18,420000000000,203,178
19,420000000000,381,235
20,420000000000,39,-1
21,420000000000,83,34
22,420000000000,275,-1
24,420000000000,355,161
25,420000000000,53,414
26,420000000000,155,-1
27,420000000000,-1,161
29,420000000000,474,67
30,420000000000,83,34
31,420000000000,-1,101
32,420000000000,6,436
33,420000000000,386,556
34,420000000000,90,402
35,420000000000,-1,461
36,420000000000,36,206
37,420000000000,440,-1
39,420000000000,134,183
40,420000000000,599,574
41,420000000000,-1,63
42,420000000000,613,254
43,420000000000,152,465
44,420000000000,88,87
45,420000000000,565,-1
46,420000000000,-1,252
47,420000000000,-1,183
48,420000000000,13,279
49,420000000000,587,-1
50,420000000000,65,89
51,420000000000,-1,277
52,420000000000,354,-1
53,420000000000,139,138
54,420000000000,6,461
55,420000000000,392,367
56,420000000000,-1,566
57,420000000000,-1,36
58,420000000000,-1,162
59,420000000000,-1,28
60,420000000000,186,356
61,420000000000,288,-1
62,420000000000,174,368
63,420000000000,392,-1
64,420000000000,586,131
65,420000000000,390,76
66,420000000000,564,539
67,420000000000,108,132
68,420000000000,329,328
69,420000000000,182,157
70,420000000000,228,588
71,420000000000,-1,411
72,420000000000,356,186
73,420000000000,186,380
74,420000000000,90,-1
75,420000000000,437,-1
76,420000000000,10,107
77,420000000000,231,36
78,420000000000,10,156
79,420000000000,355,137
80,420000000000,-1,205
81,420000000000,108,59
83,420000000000,11,611
84,420000000000,-1,137
85,420000000000,-1,556
86,420000000000,53,77
87,420000000000,109,158
88,420000000000,62,280
89,420000000000,142,-1
90,420000000000,329,88
91,420000000000,233,184
92,420000000000,-1,255
93,420000000000,87,304
94,420000000000,278,253
95,420000000000,87,62
96,420000000000,133,84
97,420000000000,256,86
98,420000000000,379,137
99,420000000000,137,355
0,480000000000,-1,387
1,480000000000,353,88
2,480000000000,436,460
3,480000000000,-1,113
4,480000000000,343,367
5,480000000000,251,226
6,480000000000,387,4
7,480000000000,524,548
8,480000000000,355,-1
9,480000000000,493,517
10,480000000000,563,-1
11,480000000000,135,-1
12,480000000000,211,-1
13,480000000000,507,434
14,480000000000,417,416
15,480000000000,181,205
17,480000000000,-1,438
18,480000000000,178,539
19,480000000000,235,381
20,480000000000,-1,63
21,480000000000,34,9
23,480000000000,-1,102
24,480000000000,161,355
25,480000000000,414,413
26,480000000000,-1,561
27,480000000000,161,185
28,480000000000,-1,153
29,480000000000,67,-1
30,480000000000,34,83
31,480000000000,101,-1
32,480000000000,436,460
33,480000000000,556,361
34,480000000000,402,401
35,480000000000,461,436
36,480000000000,206,11
38,480000000000,-1,387
39,480000000000,183,207
40,480000000000,574,598
41,480000000000,63,-1
42,480000000000,254,229
43,480000000000,465,-1
44,480000000000,87,329
45,480000000000,-1,589
46,480000000000,252,565
47,480000000000,183,134
48,480000000000,279,254
49,480000000000,-1,611
50,480000000000,89,-1
51,480000000000,277,-1
52,480000000000,-1,113
53,480000000000,138,-1
54,480000000000,461,485
55,480000000000,367,149
56,480000000000,566,-1
57,480000000000,36,-1
58,480000000000,162,161
59,480000000000,28,-1
60,480000000000,356,-1
61,480000000000,-1,287
62,480000000000,368,-1
63,480000000000,-1,125
64,480000000000,131,155
65,480000000000,76,390
66,480000000000,539,202
67,480000000000,132,59
68,480000000000,328,-1
69,480000000000,157,84
70,480000000000,588,-1
71,480000000000,411,-1
72,480000000000,186,185
73,480000000000,380,-1
74,480000000000,-1,402
75,480000000000,-1,412
76,480000000000,107,34
77,480000000000,36,60
78,480000000000,156,107
79,480000000000,137,354
80,480000000000,205,11
81,480000000000,59,-1
82,480000000000,-1,386
83,480000000000,611,10
84,480000000000,137,354
85,480000000000,556,386
86,480000000000,77,414
87,480000000000,158,109
88,480000000000,280,279
89,480000000000,-1,549
90,480000000000,88,87
91,480000000000,184,159
92,480000000000,255,61
93,480000000000,304,62
94,480000000000,253,613
95,480000000000,62,86
96,480000000000,84,-1
97,480000000000,86,110
98,480000000000,137,-1
99,480000000000,355,-1
0,540000000000,387,3
1,540000000000,88,353
2,540000000000,460,581
3,540000000000,113,377
4,540000000000,367,149
5,540000000000,226,-1
6,540000000000,4,-1
7,540000000000,548,93
8,540000000000,-1,161
9,540000000000,517,299
10,540000000000,-1,203
11,540000000000,-1,281
12,540000000000,-1,186
13,540000000000,434,385
14,540000000000,416,150
15,540000000000,205,-1
16,540000000000,-1,437
17,540000000000,438,77
18,540000000000,539,538
19,540000000000,381,356
20,540000000000,63,327
21,540000000000,9,-1
22,540000000000,-1,541
23,540000000000,102,414
24,540000000000,355,330
25,540000000000,413,53
26,540000000000,561,130
27,540000000000,185,330
28,540000000000,153,177
30,540000000000,83,107
31,540000000000,-1,390
32,540000000000,460,5
33,540000000000,361,-1
34,540000000000,401,90
35,540000000000,436,5
36,540000000000,11,-1
37,540000000000,-1,464
38,540000000000,387,604
39,540000000000,207,182
40,540000000000,598,167
41,540000000000,-1,303
42,540000000000,229,12
43,540000000000,-1,440
44,540000000000,329,304
45,540000000000,589,252
46,540000000000,565,564
47,540000000000,134,207
48,540000000000,254,37
49,540000000000,611,586
51,540000000000,-1,589
52,540000000000,113,354
53,540000000000,-1,403
54,540000000000,485,460
55,540000000000,149,367
56,540000000000,-1,275
57,540000000000,-1,230
58,540000000000,161,379
59,540000000000,-1,388
61,540000000000,287,528
62,540000000000,-1,392
63,540000000000,125,416
64,540000000000,155,610
65,540000000000,390,365
66,540000000000,202,539
67,540000000000,59,83
68,540000000000,-1,63
69,540000000000,84,59
70,540000000000,-1,228
72,540000000000,185,355
73,540000000000,-1,186
74,540000000000,402,114
75,540000000000,412,-1
76,540000000000,34,9
77,540000000000,60,206
78,540000000000,107,610
79,540000000000,354,-1
80,540000000000,11,229
81,540000000000,-1,132
82,540000000000,386,361
83,540000000000,10,180
84,540000000000,354,-1
85,540000000000,386,580
86,540000000000,414,389
87,540000000000,109,182
88,540000000000,279,62
89,540000000000,549,117
90,540000000000,87,329
91,540000000000,159,183
92,540000000000,61,36
93,540000000000,62,-1
94,540000000000,613,253
95,540000000000,86,304
96,540000000000,-1,157
97,540000000000,110,280
98,540000000000,-1,379
99,540000000000,-1,137
0,600000000000,3,387
1,600000000000,353,-1
2,600000000000,581,605
3,600000000000,377,88
4,600000000000,149,148
5,600000000000,-1,540
6,600000000000,-1,604
7,600000000000,93,92
8,600000000000,161,355
9,600000000000,299,517
10,600000000000,203,202
11,600000000000,281,159
12,600000000000,186,404
13,600000000000,385,531
14,600000000000,150,174
15,600000000000,-1,180
16,600000000000,437,-1
17,600000000000,77,413
18,600000000000,538,202
19,600000000000,356,380
20,600000000000,327,38
21,600000000000,-1,82
22,600000000000,541,324
23,600000000000,414,-1
24,600000000000,330,354
25,600000000000,53,52
26,600000000000,130,154
27,600000000000,330,-1
28,600000000000,177,-1
29,600000000000,-1,473
30,600000000000,107,82
31,600000000000,390,100
32,600000000000,5,-1
33,600000000000,-1,385
34,600000000000,90,89
35,600000000000,5,-1
36,600000000000,-1,35
37,600000000000,464,439
38,600000000000,604,-1
39,600000000000,182,133
40,600000000000,167,-1
41,600000000000,303,-1
42,600000000000,12,253
43,600000000000,440,-1
44,600000000000,304,87
45,600000000000,252,589
46,600000000000,564,-1
47,600000000000,207,-1
48,600000000000,37,278
49,600000000000,586,-1
51,600000000000,589,-1
52,600000000000,354,353
53,600000000000,403,138
54,600000000000,460,-1
55,600000000000,367,391
56,600000000000,275,-1
57,600000000000,230,-1
58,600000000000,379,-1
59,600000000000,388,-1
60,600000000000,-1,234
61,600000000000,528,287
62,600000000000,392,173
63,600000000000,416,391
64,600000000000,610,585
65,600000000000,365,389
66,600000000000,539,563
67,600000000000,83,107
68,600000000000,63,62
69,600000000000,59,181
70,600000000000,228,227
72,600000000000,355,-1
73,600000000000,186,185
74,600000000000,114,89
76,600000000000,9,82
77,600000000000,206,230
78,600000000000,610,9
79,600000000000,-1,137
80,600000000000,229,-1
81,600000000000,132,107
82,600000000000,361,-1
83,600000000000,180,10
85,600000000000,580,-1
86,600000000000,389,-1
87,600000000000,182,108
88,600000000000,62,61
89,600000000000,117,141
90,600000000000,329,328
91,600000000000,183,232
92,600000000000,36,-1
93,600000000000,-1,86
94,600000000000,253,277
95,600000000000,304,279
96,600000000000,157,-1
97,600000000000,280,85
98,600000000000,379,378
99,600000000000,137,136
0,660000000000,387,-1
1,660000000000,-1,88
2,660000000000,605,435
3,660000000000,88,-1
4,660000000000,148,342
5,660000000000,540,250
6,660000000000,604,386
7,660000000000,92,523
8,660000000000,355,354
9,660000000000,517,323
10,660000000000,202,562
11,660000000000,159,134
12,660000000000,404,210
13,660000000000,531,506
14,660000000000,174,416
15,660000000000,180,-1
16,660000000000,-1,53
17,660000000000,413,-1
18,660000000000,202,201
19,660000000000,380,234
20,660000000000,38,-1
21,660000000000,82,106
22,660000000000,324,299
24,660000000000,354,160
25,660000000000,52,413
26,660000000000,154,561
27,660000000000,-1,160
29,660000000000,473,66
30,660000000000,82,33
31,660000000000,100,-1
32,660000000000,-1,435
33,660000000000,385,555
34,660000000000,89,401
35,660000000000,-1,29
36,660000000000,35,229
37,660000000000,439,-1
38,660000000000,-1,386
39,660000000000,133,182
40,660000000000,-1,573
41,660000000000,-1,62
42,660000000000,253,-1
43,660000000000,-1,464
44,660000000000,87,86
45,660000000000,589,564
46,660000000000,-1,250
47,660000000000,-1,182
48,660000000000,278,-1
50,660000000000,-1,88
51,660000000000,-1,276
52,660000000000,353,-1
53,660000000000,138,137
55,660000000000,391,366
56,660000000000,-1,565
57,660000000000,-1,35
58,660000000000,-1,354
59,660000000000,-1,27
60,660000000000,234,209
61,660000000000,287,-1
62,660000000000,173,367
63,660000000000,391,174
64,660000000000,585,130
65,660000000000,389,75
66,660000000000,563,538
67,660000000000,107,131
68,660000000000,62,327
69,660000000000,181,156
70,660000000000,227,587
71,660000000000,-1,435
72,660000000000,-1,185
73,660000000000,185,379
74,660000000000,89,-1
75,660000000000,-1,436
76,660000000000,82,106
77,660000000000,230,84
78,660000000000,9,155
79,660000000000,137,136
80,660000000000,-1,204
81,660000000000,107,58
82,660000000000,-1,385
83,660000000000,10,610
84,660000000000,-1,136
85,660000000000,-1,555
86,660000000000,-1,76
87,660000000000,108,157
88,660000000000,61,279
89,660000000000,141,-1
90,660000000000,328,87
91,660000000000,232,183
93,660000000000,86,303
94,660000000000,277,-1
95,660000000000,279,61
96,660000000000,-1,83
97,660000000000,85,-1
98,660000000000,378,137
99,660000000000,136,354
0,720000000000,-1,386
1,720000000000,88,87
2,720000000000,435,605
3,720000000000,-1,112
4,720000000000,342,366
5,720000000000,250,225
6,720000000000,386,3
7,720000000000,523,547
8,720000000000,354,-1
9,720000000000,323,298
10,720000000000,562,-1
11,720000000000,134,-1
12,720000000000,210,404
13,720000000000,506,433
14,720000000000,416,415
15,720000000000,-1,204
16,720000000000,53,-1
17,720000000000,-1,437
18,720000000000,201,538
19,720000000000,234,380
20,720000000000,-1,62
21,720000000000,106,8
22,720000000000,299,541
23,720000000000,-1,101
24,720000000000,160,-1
25,720000000000,413,412
26,720000000000,561,560
27,720000000000,160,305
28,720000000000,-1,176
29,720000000000,66,-1
30,720000000000,33,82
32,720000000000,435,459
33,720000000000,555,554
34,720000000000,401,400
35,720000000000,29,435
36,720000000000,229,204
38,720000000000,386,604
39,720000000000,182,206
40,720000000000,573,597
41,720000000000,62,-1
42,720000000000,-1,228
43,720000000000,464,-1
44,720000000000,86,328
45,720000000000,564,588
46,720000000000,250,564
47,720000000000,182,133
48,720000000000,-1,253
49,720000000000,-1,610
50,720000000000,88,-1
51,720000000000,276,275
52,720000000000,-1,112
53,720000000000,137,-1
54,720000000000,-1,5
55,720000000000,366,148
56,720000000000,565,-1
57,720000000000,35,-1
58,720000000000,354,160
59,720000000000,27,-1
60,720000000000,209,355
61,720000000000,-1,528
62,720000000000,367,-1
63,720000000000,174,149
64,720000000000,130,154
65,720000000000,75,389
66,720000000000,538,201
67,720000000000,131,58
68,720000000000,327,-1
69,720000000000,156,83
70,720000000000,587,-1
71,720000000000,435,604
72,720000000000,185,184
73,720000000000,379,-1
74,720000000000,-1,401
75,720000000000,436,411
76,720000000000,106,33
77,720000000000,84,59
78,720000000000,155,9
79,720000000000,136,353
80,720000000000,204,10
81,720000000000,58,-1
82,720000000000,385,-1
83,720000000000,610,9
84,720000000000,136,353
85,720000000000,555,385
86,720000000000,76,413
87,720000000000,157,181
88,720000000000,279,278
89,720000000000,-1,116
90,720000000000,87,86
91,720000000000,183,158
92,720000000000,-1,254
93,720000000000,303,61
94,720000000000,-1,612
95,720000000000,61,85
96,720000000000,83,-1
97,720000000000,-1,255
98,720000000000,137,136
99,720000000000,354,-1
0,780000000000,386,2
1,780000000000,87,352
2,780000000000,605,580
3,780000000000,112,376
4,780000000000,366,148
5,780000000000,225,-1
6,780000000000,3,-1
7,780000000000,547,92
8,780000000000,-1,160
9,780000000000,298,322
10,780000000000,-1,202
11,780000000000,-1,280
12,780000000000,404,185
13,780000000000,433,408
14,780000000000,415,174
15,780000000000,204,34
16,780000000000,-1,52
17,780000000000,437,76
18,780000000000,538,537
19,780000000000,380,234
20,780000000000,62,326
21,780000000000,8,-1
22,780000000000,541,540
23,780000000000,101,413
24,780000000000,-1,329
25,780000000000,412,52
26,780000000000,560,129
27,780000000000,305,329
28,780000000000,176,512
29,780000000000,-1,473
30,780000000000,82,57
31,780000000000,-1,389
32,780000000000,459,4
33,780000000000,554,360
34,780000000000,400,89
35,780000000000,435,4
36,780000000000,204,10
37,780000000000,-1,463
38,780000000000,604,603
39,780000000000,206,181
40,780000000000,597,166
41,780000000000,-1,302
42,780000000000,228,11
44,780000000000,328,327
45,780000000000,588,251
46,780000000000,564,563
47,780000000000,133,206
48,780000000000,253,-1
49,780000000000,610,179
50,780000000000,-1,376
51,780000000000,275,588
52,780000000000,112,377
53,780000000000,-1,402
54,780000000000,5,29
55,780000000000,148,390
56,780000000000,-1,299
57,780000000000,-1,229
58,780000000000,160,378
59,780000000000,-1,387
60,780000000000,355,-1
61,780000000000,528,527
62,780000000000,-1,391
63,780000000000,149,415
64,780000000000,154,609
65,780000000000,389,-1
66,780000000000,201,538
67,780000000000,58,82
68,780000000000,-1,62
69,780000000000,83,58
70,780000000000,-1,227
71,780000000000,604,410
72,780000000000,184,354
73,780000000000,-1,354
74,780000000000,401,113
75,780000000000,411,-1
76,780000000000,33,8
77,780000000000,59,205
78,780000000000,9,609
79,780000000000,353,-1
80,780000000000,10,228
81,780000000000,-1,131
82,780000000000,-1,360
83,780000000000,9,179
84,780000000000,353,-1
85,780000000000,385,409
86,780000000000,413,388
87,780000000000,181,-1
88,780000000000,278,61
89,780000000000,116,523
90,780000000000,86,328
91,780000000000,158,207
92,780000000000,254,35
93,780000000000,61,85
94,780000000000,612,252
95,780000000000,85,303
96,780000000000,-1,107
97,780000000000,255,279
98,780000000000,136,378
99,780000000000,-1,136
0,840000000000,2,386
1,840000000000,352,-1
2,840000000000,580,604
3,840000000000,376,112
4,840000000000,148,341
5,840000000000,-1,274
6,840000000000,-1,386
7,840000000000,92,547
8,840000000000,160,184
9,840000000000,322,516
10,840000000000,202,201
11,840000000000,280,158
12,840000000000,185,-1
13,840000000000,408,530
14,840000000000,174,173
15,840000000000,34,179
16,840000000000,52,-1
17,840000000000,76,412
18,840000000000,537,201
19,840000000000,234,379
20,840000000000,326,37
21,840000000000,-1,81
22,840000000000,540,323
23,840000000000,413,-1
24,840000000000,329,135
25,840000000000,52,76
26,840000000000,129,153
27,840000000000,329,159
28,840000000000,512,176
29,840000000000,473,65
30,840000000000,57,81
31,840000000000,389,124
32,840000000000,4,-1
33,840000000000,360,384
34,840000000000,89,88
35,840000000000,4,-1
36,840000000000,10,34
37,840000000000,463,438
38,840000000000,603,-1
39,840000000000,181,132
40,840000000000,166,-1
41,840000000000,302,-1
42,840000000000,11,228
43,840000000000,-1,150
44,840000000000,327,86
45,840000000000,251,588
46,840000000000,563,250
47,840000000000,206,157
49,840000000000,179,585
50,840000000000,376,88
51,840000000000,588,-1
52,840000000000,377,352
53,840000000000,402,401
54,840000000000,29,459
55,840000000000,390,-1
56,840000000000,299,-1
57,840000000000,229,253
58,840000000000,378,-1
59,840000000000,387,-1
60,840000000000,-1,233
61,840000000000,527,286
62,840000000000,391,172
63,840000000000,415,149
64,840000000000,609,584
65,840000000000,-1,75
66,840000000000,538,562
67,840000000000,82,106
68,840000000000,62,61
69,840000000000,58,180
70,840000000000,227,226
71,840000000000,410,434
72,840000000000,354,-1
73,840000000000,354,184
74,840000000000,113,88
75,840000000000,-1,28
76,840000000000,8,-1
77,840000000000,205,229
78,840000000000,609,130
79,840000000000,-1,136
80,840000000000,228,-1
81,840000000000,131,106
82,840000000000,360,-1
83,840000000000,179,9
85,840000000000,409,579
86,840000000000,388,75
87,840000000000,-1,107
88,840000000000,61,60
89,840000000000,523,-1
90,840000000000,328,327
91,840000000000,207,231
92,840000000000,35,-1
93,840000000000,85,303
94,840000000000,252,276
95,840000000000,303,278
96,840000000000,107,131
97,840000000000,279,84
98,840000000000,378,377
99,840000000000,136,135
0,900000000000,386,-1
1,900000000000,-1,376
2,900000000000,604,434
3,900000000000,112,111
4,900000000000,341,365
5,900000000000,274,-1
6,900000000000,386,385
7,900000000000,547,522
8,900000000000,184,353
9,900000000000,516,297
10,900000000000,201,561
11,900000000000,158,133
12,900000000000,-1,209
13,900000000000,530,505
14,900000000000,173,415
15,900000000000,179,-1
17,900000000000,412,-1
18,900000000000,201,200
19,900000000000,379,233
20,900000000000,37,61
21,900000000000,81,32
22,900000000000,323,298
24,900000000000,135,159
25,900000000000,76,412
26,900000000000,153,584
27,900000000000,159,-1
28,900000000000,176,-1
29,900000000000,65,472
30,900000000000,81,32
31,900000000000,124,-1
33,900000000000,384,578
34,900000000000,88,400
35,900000000000,-1,459
36,900000000000,34,228
37,900000000000,438,-1
38,900000000000,-1,385
39,900000000000,132,181
40,900000000000,-1,572
42,900000000000,228,252
43,900000000000,150,174
44,900000000000,86,85
45,900000000000,588,563
46,900000000000,250,274
47,900000000000,157,181
48,900000000000,-1,277
49,900000000000,585,-1
50,900000000000,88,87
51,900000000000,-1,275
52,900000000000,352,-1
53,900000000000,401,136
54,900000000000,459,-1
55,900000000000,-1,365
56,900000000000,-1,564
57,900000000000,253,34
58,900000000000,-1,353
59,900000000000,-1,27
60,900000000000,233,208
61,900000000000,286,-1
62,900000000000,172,366
63,900000000000,149,173
64,900000000000,584,129
65,900000000000,75,99
66,900000000000,562,537
67,900000000000,106,57
68,900000000000,61,326
69,900000000000,180,155
70,900000000000,226,586
71,900000000000,434,603
72,900000000000,-1,184
73,900000000000,184,378
74,900000000000,88,-1
75,900000000000,28,27
76,900000000000,-1,105
77,900000000000,229,-1
78,900000000000,130,154
79,900000000000,136,135
81,900000000000,106,57
82,900000000000,-1,384
83,900000000000,9,609
84,900000000000,-1,328
85,900000000000,579,554
86,900000000000,75,-1
87,900000000000,107,156
88,900000000000,60,278
90,900000000000,327,110
91,900000000000,231,182
93,900000000000,303,302
94,900000000000,276,-1
95,900000000000,278,60
96,900000000000,131,82
97,900000000000,84,-1
98,900000000000,377,160
99,900000000000,135,353
0,960000000000,-1,385
1,960000000000,376,86
2,960000000000,434,604
3,960000000000,111,376
4,960000000000,365,147
6,960000000000,385,2
7,960000000000,522,91
8,960000000000,353,159
9,960000000000,297,-1
10,960000000000,561,-1
11,960000000000,133,279
12,960000000000,209,378
13,960000000000,505,432
14,960000000000,415,414
15,960000000000,-1,203
16,960000000000,-1,436
17,960000000000,-1,76
18,960000000000,200,537
19,960000000000,233,379
20,960000000000,61,326
21,960000000000,32,7
22,960000000000,298,540
23,960000000000,-1,100
24,960000000000,159,353
25,960000000000,412,51
26,960000000000,584,559
27,960000000000,-1,329
28,960000000000,-1,512
29,960000000000,472,65
30,960000000000,32,105
31,960000000000,-1,148
32,960000000000,-1,458
33,960000000000,578,359
34,960000000000,400,424
35,960000000000,459,434
36,960000000000,228,203
37,960000000000,-1,462
38,960000000000,385,603
39,960000000000,181,205
40,960000000000,572,141
41,960000000000,-1,61
42,960000000000,252,227
43,960000000000,174,463
44,960000000000,85,327
45,960000000000,563,250
46,960000000000,274,563
47,960000000000,181,230
48,960000000000,277,-1
49,960000000000,-1,178
50,960000000000,87,-1
51,960000000000,275,299
52,960000000000,-1,111
53,960000000000,136,401
54,960000000000,-1,4
55,960000000000,365,389
56,960000000000,564,-1
57,960000000000,34,-1
58,960000000000,353,-1
59,960000000000,27,386
60,960000000000,208,354
61,960000000000,-1,527
62,960000000000,366,390
63,960000000000,173,148
64,960000000000,129,153
65,960000000000,99,388
66,960000000000,537,200
67,960000000000,57,-1
68,960000000000,326,61
69,960000000000,155,82
70,960000000000,586,226
71,960000000000,603,409
72,960000000000,184,183
73,960000000000,378,-1
74,960000000000,-1,400
75,960000000000,27,410
76,960000000000,105,32
77,960000000000,-1,58
78,960000000000,154,129
79,960000000000,135,377
80,960000000000,-1,9
81,960000000000,57,-1
82,960000000000,384,578
83,960000000000,609,8
84,960000000000,328,-1
85,960000000000,554,-1
86,960000000000,-1,412
87,960000000000,156,180
88,960000000000,278,277
89,960000000000,-1,115
90,960000000000,110,85
91,960000000000,182,157
92,960000000000,-1,253
93,960000000000,302,85
94,960000000000,-1,611
95,960000000000,60,278
96,960000000000,82,-1
97,960000000000,-1,254
98,960000000000,160,135
99,960000000000,353,377
0,1020000000000,385,1
1,1020000000000,86,351
2,1020000000000,604,3
3,1020000000000,376,375
4,1020000000000,147,171
5,1020000000000,-1,249
6,1020000000000,2,-1
7,1020000000000,91,115
8,1020000000000,159,-1
9,1020000000000,-1,321
10,1020000000000,-1,201
11,1020000000000,279,-1
12,1020000000000,378,184
13,1020000000000,432,-1
14,1020000000000,414,173
15,1020000000000,203,33
16,1020000000000,436,51
17,1020000000000,76,75
18,1020000000000,537,536
19,1020000000000,379,233
20,1020000000000,326,325
21,1020000000000,7,-1
22,1020000000000,540,539
23,1020000000000,100,437
24,1020000000000,353,134
25,1020000000000,51,-1
26,1020000000000,559,128
27,1020000000000,329,328
28,1020000000000,512,511
29,1020000000000,65,-1
30,1020000000000,105,-1
31,1020000000000,148,388
32,1020000000000,458,3
33,1020000000000,359,-1
34,1020000000000,424,88
35,1020000000000,434,3
36,1020000000000,203,9
37,1020000000000,462,149
38,1020000000000,603,602
39,1020000000000,205,180
40,1020000000000,141,165
41,1020000000000,61,301
42,1020000000000,227,-1
43,1020000000000,463,-1
44,1020000000000,327,326
45,1020000000000,250,299
46,1020000000000,563,562
47,1020000000000,230,181
48,1020000000000,-1,252
49,1020000000000,178,-1
50,1020000000000,-1,375
51,1020000000000,299,587
52,1020000000000,111,376
53,1020000000000,401,-1
54,1020000000000,4,28
55,1020000000000,389,-1
56,1020000000000,-1,298
57,1020000000000,-1,228
58,1020000000000,-1,377
59,1020000000000,386,-1
60,1020000000000,354,-1
61,1020000000000,527,526
62,1020000000000,390,-1
63,1020000000000,148,414
64,1020000000000,153,608
65,1020000000000,388,-1
66,1020000000000,200,561
67,1020000000000,-1,32
68,1020000000000,61,-1
69,1020000000000,82,57
70,1020000000000,226,-1
71,1020000000000,409,-1
72,1020000000000,183,353
74,1020000000000,400,424
75,1020000000000,410,-1
76,1020000000000,32,7
77,1020000000000,58,204
78,1020000000000,129,608
79,1020000000000,377,376
80,1020000000000,9,227
81,1020000000000,-1,130
82,1020000000000,578,359
83,1020000000000,8,178
84,1020000000000,-1,134
85,1020000000000,-1,408
86,1020000000000,412,411
87,1020000000000,180,155
88,1020000000000,277,60
89,1020000000000,115,522
90,1020000000000,85,327
91,1020000000000,157,181
92,1020000000000,253,59
93,1020000000000,85,84
94,1020000000000,611,275
95,1020000000000,278,302
96,1020000000000,-1,155
97,1020000000000,254,278
98,1020000000000,135,377
99,1020000000000,377,159
0,1080000000000,1,-1
1,1080000000000,351,375
2,1080000000000,3,433
3,1080000000000,375,111
4,1080000000000,171,340
5,1080000000000,249,538
6,1080000000000,-1,385
7,1080000000000,115,546
8,1080000000000,-1,353
9,1080000000000,321,515
10,1080000000000,201,200
11,1080000000000,-1,254
12,1080000000000,184,-1
13,1080000000000,-1,529
14,1080000000000,173,172
15,1080000000000,33,178
16,1080000000000,51,-1
17,1080000000000,75,436
18,1080000000000,536,200
19,1080000000000,233,208
20,1080000000000,325,61
21,1080000000000,-1,80
22,1080000000000,539,322
23,1080000000000,437,412
24,1080000000000,134,-1
25,1080000000000,-1,75
26,1080000000000,128,559
27,1080000000000,328,158
28,1080000000000,511,-1
29,1080000000000,-1,40
30,1080000000000,-1,80
31,1080000000000,388,123
32,1080000000000,3,458
33,1080000000000,-1,553
34,1080000000000,88,87
35,1080000000000,3,27
36,1080000000000,9,203
37,1080000000000,149,437
38,1080000000000,602,384
39,1080000000000,180,131
40,1080000000000,165,-1
41,1080000000000,301,-1
43,1080000000000,-1,174
44,1080000000000,326,85
45,1080000000000,299,274
46,1080000000000,562,-1
47,1080000000000,181,156
48,1080000000000,252,-1
49,1080000000000,-1,584
50,1080000000000,375,87
51,1080000000000,587,-1
52,1080000000000,376,-1
53,1080000000000,-1,400
54,1080000000000,28,458
56,1080000000000,298,-1
57,1080000000000,228,252
58,1080000000000,377,-1
59,1080000000000,-1,410
60,1080000000000,-1,232
61,1080000000000,526,285
62,1080000000000,-1,171
63,1080000000000,414,413
64,1080000000000,608,583
65,1080000000000,-1,99
66,1080000000000,561,-1
67,1080000000000,32,105
68,1080000000000,-1,60
69,1080000000000,57,179
70,1080000000000,-1,225
71,1080000000000,-1,603
72,1080000000000,353,183
73,1080000000000,-1,353
74,1080000000000,424,112
75,1080000000000,-1,27
76,1080000000000,7,-1
77,1080000000000,204,58
78,1080000000000,608,7
79,1080000000000,376,135
80,1080000000000,227,-1
81,1080000000000,130,105
82,1080000000000,359,-1
83,1080000000000,178,8
84,1080000000000,134,352
85,1080000000000,408,578
86,1080000000000,411,99
87,1080000000000,155,106
88,1080000000000,60,59
89,1080000000000,522,-1
90,1080000000000,327,326
91,1080000000000,181,230
92,1080000000000,59,34
93,1080000000000,84,302
94,1080000000000,275,-1
95,1080000000000,302,-1
96,1080000000000,155,130
97,1080000000000,278,83
98,1080000000000,377,376
99,1080000000000,159,134
0,1140000000000,-1,385
1,1140000000000,375,-1
2,1140000000000,433,-1
3,1140000000000,111,110
4,1140000000000,340,364
5,1140000000000,538,537
6,1140000000000,385,384
7,1140000000000,546,545
8,1140000000000,353,352
9,1140000000000,515,296
10,1140000000000,200,560
11,1140000000000,254,132
12,1140000000000,-1,208
13,1140000000000,529,504
14,1140000000000,172,414
15,1140000000000,178,-1
17,1140000000000,436,435
18,1140000000000,200,224
19,1140000000000,208,232
20,1140000000000,61,60
21,1140000000000,80,104
22,1140000000000,322,297
23,1140000000000,412,-1
24,1140000000000,-1,158
25,1140000000000,75,411
26,1140000000000,559,583
27,1140000000000,158,-1
28,1140000000000,-1,175
29,1140000000000,40,64
30,1140000000000,80,31
31,1140000000000,123,-1
32,1140000000000,458,482
33,1140000000000,553,577
34,1140000000000,87,424
35,1140000000000,27,458
36,1140000000000,203,227
37,1140000000000,437,-1
38,1140000000000,384,-1
39,1140000000000,131,180
40,1140000000000,-1,595
42,1140000000000,-1,251
43,1140000000000,174,173
44,1140000000000,85,84
45,1140000000000,274,586
46,1140000000000,-1,273
47,1140000000000,156,180
48,1140000000000,-1,276
49,1140000000000,584,608
50,1140000000000,87,86
51,1140000000000,-1,299
52,1140000000000,-1,351
53,1140000000000,400,135
54,1140000000000,458,-1
56,1140000000000,-1,563
57,1140000000000,252,33
59,1140000000000,410,-1
60,1140000000000,232,207
61,1140000000000,285,-1
62,1140000000000,171,365
63,1140000000000,413,172
64,1140000000000,583,128
65,1140000000000,99,98
67,1140000000000,105,129
68,1140000000000,60,325
69,1140000000000,179,154
70,1140000000000,225,585
71,1140000000000,603,408
72,1140000000000,183,-1
73,1140000000000,353,377
74,1140000000000,112,87
75,1140000000000,27,26
76,1140000000000,-1,104
77,1140000000000,58,82
78,1140000000000,7,153
79,1140000000000,135,134
81,1140000000000,105,56
82,1140000000000,-1,383
83,1140000000000,8,608
84,1140000000000,352,-1
85,1140000000000,578,553
86,1140000000000,99,-1
87,1140000000000,106,155
88,1140000000000,59,301
89,1140000000000,-1,546
90,1140000000000,326,109
91,1140000000000,230,181
92,1140000000000,34,-1
93,1140000000000,302,301
94,1140000000000,-1,611
95,1140000000000,-1,83
96,1140000000000,130,81
97,1140000000000,83,-1
98,1140000000000,376,159
99,1140000000000,134,352
0,1200000000000,385,1
1,1200000000000,-1,350
2,1200000000000,-1,603
3,1200000000000,110,375
4,1200000000000,364,146
5,1200000000000,537,273
6,1200000000000,384,1
7,1200000000000,545,90
8,1200000000000,352,158
9,1200000000000,296,-1
10,1200000000000,560,200
11,1200000000000,132,278
12,1200000000000,208,-1
13,1200000000000,504,-1
14,1200000000000,414,413
15,1200000000000,-1,8
16,1200000000000,-1,435
17,1200000000000,435,75
18,1200000000000,224,536
19,1200000000000,232,378
20,1200000000000,60,325
21,1200000000000,104,6
22,1200000000000,297,539
23,1200000000000,-1,124
24,1200000000000,158,352
25,1200000000000,411,50
26,1200000000000,583,558
27,1200000000000,-1,352
28,1200000000000,175,511
29,1200000000000,64,471
30,1200000000000,31,104
31,1200000000000,-1,147
32,1200000000000,482,457
33,1200000000000,577,552
34,1200000000000,424,423
35,1200000000000,458,433
36,1200000000000,227,33
37,1200000000000,-1,149
38,1200000000000,-1,602
39,1200000000000,180,204
40,1200000000000,595,140
41,1200000000000,-1,325
42,1200000000000,251,-1
43,1200000000000,173,462
44,1200000000000,84,326
45,1200000000000,586,274
46,1200000000000,273,562
47,1200000000000,180,229
48,1200000000000,276,-1
49,1200000000000,608,177
50,1200000000000,86,399
51,1200000000000,299,298
52,1200000000000,351,375
53,1200000000000,135,400
54,1200000000000,-1,3
55,1200000000000,-1,364
56,1200000000000,563,-1
57,1200000000000,33,227
58,1200000000000,-1,158
59,1200000000000,-1,385
60,1200000000000,207,353
61,1200000000000,-1,526
62,1200000000000,365,171
63,1200000000000,172,-1
64,1200000000000,128,583
65,1200000000000,98,387
66,1200000000000,-1,249
67,1200000000000,129,56
68,1200000000000,325,60
69,1200000000000,154,81
70,1200000000000,585,225
71,1200000000000,408,602
72,1200000000000,-1,207
73,1200000000000,377,-1
74,1200000000000,87,-1
75,1200000000000,26,409
76,1200000000000,104,31
77,1200000000000,82,57
78,1200000000000,153,128
79,1200000000000,134,376
80,1200000000000,-1,226
81,1200000000000,56,80
82,1200000000000,383,577
83,1200000000000,608,153
84,1200000000000,-1,133
85,1200000000000,553,407
86,1200000000000,-1,411
87,1200000000000,155,179
88,1200000000000,301,-1
89,1200000000000,546,139
90,1200000000000,109,-1
91,1200000000000,181,156
92,1200000000000,-1,252
93,1200000000000,301,84
94,1200000000000,611,610
95,1200000000000,83,277
96,1200000000000,81,-1
97,1200000000000,-1,253
98,1200000000000,159,134
99,1200000000000,352,376
0,1260000000000,1,0
1,1260000000000,350,-1
2,1260000000000,603,2
3,1260000000000,375,399
4,1260000000000,146,170
5,1260000000000,273,248
6,1260000000000,1,-1
7,1260000000000,90,114
8,1260000000000,158,-1
9,1260000000000,-1,320
10,1260000000000,200,-1
11,1260000000000,278,-1
12,1260000000000,-1,183
13,1260000000000,-1,406
14,1260000000000,413,172
15,1260000000000,8,32
16,1260000000000,435,50
17,1260000000000,75,99
18,1260000000000,536,535
19,1260000000000,378,353
20,1260000000000,325,349
21,1260000000000,6,30
22,1260000000000,539,538
23,1260000000000,124,436
24,1260000000000,352,-1
25,1260000000000,50,99
26,1260000000000,558,127
27,1260000000000,352,327
28,1260000000000,511,510
29,1260000000000,471,-1
30,1260000000000,104,-1
31,1260000000000,147,387
32,1260000000000,457,2
33,1260000000000,552,382
34,1260000000000,423,87
35,1260000000000,433,2
36,1260000000000,33,8
37,1260000000000,149,148
38,1260000000000,602,383
39,1260000000000,204,179
40,1260000000000,140,164
41,1260000000000,325,-1
42,1260000000000,-1,226
43,1260000000000,462,-1
44,1260000000000,326,325
45,1260000000000,274,298
46,1260000000000,562,561
47,1260000000000,229,180
48,1260000000000,-1,251
49,1260000000000,177,-1
50,1260000000000,399,-1
51,1260000000000,298,586
52,1260000000000,375,109
53,1260000000000,400,449
54,1260000000000,3,27
55,1260000000000,364,146
56,1260000000000,-1,562
57,1260000000000,227,-1
58,1260000000000,158,376
59,1260000000000,385,-1
60,1260000000000,353,231
61,1260000000000,526,525
62,1260000000000,171,389
63,1260000000000,-1,147
64,1260000000000,583,607
65,1260000000000,387,-1
66,1260000000000,249,224
67,1260000000000,56,80
68,1260000000000,60,-1
69,1260000000000,81,56
70,1260000000000,225,-1
71,1260000000000,602,408
72,1260000000000,207,352
73,1260000000000,-1,183
74,1260000000000,-1,423
75,1260000000000,409,433
76,1260000000000,31,6
77,1260000000000,57,203
78,1260000000000,128,607
79,1260000000000,376,375
80,1260000000000,226,-1
81,1260000000000,80,129
82,1260000000000,577,-1
83,1260000000000,153,177
84,1260000000000,133,-1
85,1260000000000,407,-1
86,1260000000000,411,410
87,1260000000000,179,-1
88,1260000000000,-1,59
89,1260000000000,139,546
90,1260000000000,-1,326
91,1260000000000,156,180
92,1260000000000,252,58
93,1260000000000,84,83
94,1260000000000,610,299
95,1260000000000,277,301
96,1260000000000,-1,154
97,1260000000000,253,277
98,1260000000000,134,376
99,1260000000000,376,158
0,1320000000000,0,-1
1,1320000000000,-1,109
2,1320000000000,2,432
3,1320000000000,399,110
4,1320000000000,170,364
5,1320000000000,248,537
6,1320000000000,-1,384
7,1320000000000,114,89
8,1320000000000,-1,352
9,1320000000000,320,514
10,1320000000000,-1,224
11,1320000000000,-1,302
12,1320000000000,183,207
13,1320000000000,406,528
14,1320000000000,172,171
15,1320000000000,32,177
16,1320000000000,50,-1
17,1320000000000,99,435
18,1320000000000,535,224
19,1320000000000,353,207
20,1320000000000,349,60
21,1320000000000,30,79
22,1320000000000,538,321
23,1320000000000,436,411
24,1320000000000,-1,133
25,1320000000000,99,-1
26,1320000000000,127,558
27,1320000000000,327,157
28,1320000000000,510,-1
29,1320000000000,-1,470
30,1320000000000,-1,79
31,1320000000000,387,122
32,1320000000000,2,457
33,1320000000000,382,552
34,1320000000000,87,423
35,1320000000000,2,457
36,1320000000000,8,202
37,1320000000000,148,461
38,1320000000000,383,-1
39,1320000000000,179,130
40,1320000000000,164,595
41,1320000000000,-1,300
42,1320000000000,226,8
43,1320000000000,-1,197
44,1320000000000,325,84
45,1320000000000,298,273
46,1320000000000,561,273
47,1320000000000,180,155
48,1320000000000,251,33
49,1320000000000,-1,583
50,1320000000000,-1,86
51,1320000000000,586,-1
52,1320000000000,109,375
53,1320000000000,449,424
54,1320000000000,27,457
55,1320000000000,146,388
56,1320000000000,562,297
57,1320000000000,-1,251
58,1320000000000,376,-1
59,1320000000000,-1,25
60,1320000000000,231,-1
61,1320000000000,525,284
62,1320000000000,389,364
63,1320000000000,147,412
64,1320000000000,607,582
65,1320000000000,-1,98
66,1320000000000,224,-1
67,1320000000000,80,104
68,1320000000000,-1,59
69,1320000000000,56,178
70,1320000000000,-1,274
71,1320000000000,408,602
72,1320000000000,352,182
73,1320000000000,183,376
74,1320000000000,423,111
75,1320000000000,433,26
76,1320000000000,6,-1
77,1320000000000,203,57
78,1320000000000,607,128
79,1320000000000,375,134
81,1320000000000,129,104
82,1320000000000,-1,358
83,1320000000000,177,7
84,1320000000000,-1,351
85,1320000000000,-1,577
86,1320000000000,410,98
87,1320000000000,-1,105
88,1320000000000,59,58
89,1320000000000,546,521
90,1320000000000,326,108
91,1320000000000,180,229
92,1320000000000,58,33
93,1320000000000,83,301
94,1320000000000,299,610
95,1320000000000,301,-1
96,1320000000000,154,-1
97,1320000000000,277,82
98,1320000000000,376,375
99,1320000000000,158,133
1,1380000000000,109,399
2,1380000000000,432,456
3,1380000000000,110,109
4,1380000000000,364,363
5,1380000000000,537,536
6,1380000000000,384,383
7,1380000000000,89,544
8,1380000000000,352,351
9,1380000000000,514,513
10,1380000000000,224,559
11,1380000000000,302,131
12,1380000000000,207,-1
13,1380000000000,528,430
14,1380000000000,171,413
15,1380000000000,177,201
17,1380000000000,435,434
18,1380000000000,224,223
19,1380000000000,207,231
20,1380000000000,60,59
21,1380000000000,79,103
22,1380000000000,321,320
23,1380000000000,411,-1
24,1380000000000,133,157
25,1380000000000,-1,74
26,1380000000000,558,582
27,1380000000000,157,-1
29,1380000000000,470,-1
30,1380000000000,79,30
31,1380000000000,122,-1
32,1380000000000,457,481
33,1380000000000,552,576
34,1380000000000,423,447
35,1380000000000,457,26
36,1380000000000,202,226
37,1380000000000,461,460
39,1380000000000,130,-1
40,1380000000000,595,594
41,1380000000000,300,-1
42,1380000000000,8,250
43,1380000000000,197,172
44,1380000000000,84,83
45,1380000000000,273,585
46,1380000000000,273,272
47,1380000000000,155,179
48,1380000000000,33,275
49,1380000000000,583,607
50,1380000000000,86,85
51,1380000000000,-1,298
52,1380000000000,375,350
53,1380000000000,424,134
54,1380000000000,457,-1
55,1380000000000,388,170
56,1380000000000,297,562
57,1380000000000,251,57
59,1380000000000,25,74
60,1380000000000,-1,206
61,1380000000000,284,-1
62,1380000000000,364,-1
63,1380000000000,412,171
64,1380000000000,582,127
65,1380000000000,98,97
67,1380000000000,104,128
68,1380000000000,59,349
69,1380000000000,178,80
70,1380000000000,274,584
71,1380000000000,602,1
72,1380000000000,182,-1
73,1380000000000,376,-1
74,1380000000000,111,86
75,1380000000000,26,25
76,1380000000000,-1,103
77,1380000000000,57,81
78,1380000000000,128,152
79,1380000000000,134,133
81,1380000000000,104,55
82,1380000000000,358,382
83,1380000000000,7,607
84,1380000000000,351,-1
85,1380000000000,577,552
86,1380000000000,98,-1
87,1380000000000,105,-1
88,1380000000000,58,300
89,1380000000000,521,545
90,1380000000000,108,-1
91,1380000000000,229,180
92,1380000000000,33,-1
93,1380000000000,301,300
94,1380000000000,610,9
95,1380000000000,-1,82
96,1380000000000,-1,80
97,1380000000000,82,-1
98,1380000000000,375,158
99,1380000000000,133,351
0,1440000000000,-1,49
1,1440000000000,399,84
2,1440000000000,456,602
3,1440000000000,109,399
4,1440000000000,363,145
5,1440000000000,536,272
6,1440000000000,383,0
7,1440000000000,544,89
8,1440000000000,351,157
9,1440000000000,513,295
10,1440000000000,559,224
11,1440000000000,131,277
12,1440000000000,-1,401
13,1440000000000,430,503
14,1440000000000,413,412
15,1440000000000,201,7
16,1440000000000,-1,434
17,1440000000000,434,99
18,1440000000000,223,535
19,1440000000000,231,377
20,1440000000000,59,349
21,1440000000000,103,5
22,1440000000000,320,538
24,1440000000000,157,351
25,1440000000000,74,-1
26,1440000000000,582,126
27,1440000000000,-1,351
28,1440000000000,-1,534
30,1440000000000,30,-1
31,1440000000000,-1,146
32,1440000000000,481,602
33,1440000000000,576,-1
34,1440000000000,447,422
35,1440000000000,26,432
36,1440000000000,226,-1
37,1440000000000,460,148
38,1440000000000,-1,600
39,1440000000000,-1,203
40,1440000000000,594,139
42,1440000000000,250,-1
43,1440000000000,172,-1
44,1440000000000,83,325
45,1440000000000,585,297
46,1440000000000,272,-1
47,1440000000000,179,228
48,1440000000000,275,-1
49,1440000000000,607,176
50,1440000000000,85,398
51,1440000000000,298,610
52,1440000000000,350,-1
53,1440000000000,134,424
54,1440000000000,-1,2
55,1440000000000,170,-1
56,1440000000000,562,321
57,1440000000000,57,226
58,1440000000000,-1,157
59,1440000000000,74,384
60,1440000000000,206,-1
61,1440000000000,-1,525
62,1440000000000,-1,194
63,1440000000000,171,-1
64,1440000000000,127,606
65,1440000000000,97,386
66,1440000000000,-1,535
67,1440000000000,128,55
68,1440000000000,349,59
69,1440000000000,80,-1
70,1440000000000,584,249
71,1440000000000,1,407
72,1440000000000,-1,181
74,1440000000000,86,447
75,1440000000000,25,433
76,1440000000000,103,30
77,1440000000000,81,56
78,1440000000000,152,-1
79,1440000000000,133,375
80,1440000000000,-1,7
81,1440000000000,55,128
82,1440000000000,382,576
83,1440000000000,607,152
84,1440000000000,-1,132
85,1440000000000,552,406
86,1440000000000,-1,410
87,1440000000000,-1,178
88,1440000000000,300,-1
89,1440000000000,545,138
91,1440000000000,180,155
92,1440000000000,-1,251
93,1440000000000,300,83
94,1440000000000,9,274
95,1440000000000,82,300
96,1440000000000,80,153
97,1440000000000,-1,252
98,1440000000000,158,133
99,1440000000000,351,375
0,1500000000000,49,24
1,1500000000000,84,374
2,1500000000000,602,1
3,1500000000000,399,398
4,1500000000000,145,169
5,1500000000000,272,271
6,1500000000000,0,-1
7,1500000000000,89,113
8,1500000000000,157,-1
9,1500000000000,295,319
10,1500000000000,224,-1
11,1500000000000,277,-1
12,1500000000000,401,400
13,1500000000000,503,405
14,1500000000000,412,195
15,1500000000000,7,31
16,1500000000000,434,74
17,1500000000000,99,98
18,1500000000000,535,534
19,1500000000000,377,206
20,1500000000000,349,348
21,1500000000000,5,29
22,1500000000000,538,537
23,1500000000000,-1,122
24,1500000000000,351,-1
25,1500000000000,-1,98
26,1500000000000,126,557
27,1500000000000,351,156
28,1500000000000,534,509
30,1500000000000,-1,54
31,1500000000000,146,121
32,1500000000000,602,1
33,1500000000000,-1,381
34,1500000000000,422,86
35,1500000000000,432,1
36,1500000000000,-1,31
37,1500000000000,148,172
38,1500000000000,600,382
39,1500000000000,203,178
40,1500000000000,139,163
41,1500000000000,-1,349
42,1500000000000,-1,274
43,1500000000000,-1,461
44,1500000000000,325,349
45,1500000000000,297,-1
46,1500000000000,-1,560
47,1500000000000,228,179
48,1500000000000,-1,299
49,1500000000000,176,200
50,1500000000000,398,-1
51,1500000000000,610,-1
52,1500000000000,-1,108
53,1500000000000,424,448
54,1500000000000,2,26
55,1500000000000,-1,145
56,1500000000000,321,586
57,1500000000000,226,-1
58,1500000000000,157,-1
59,1500000000000,384,408
60,1500000000000,-1,230
61,1500000000000,525,549
62,1500000000000,194,388
63,1500000000000,-1,170
64,1500000000000,606,-1
65,1500000000000,386,-1
66,1500000000000,535,223
67,1500000000000,55,152
68,1500000000000,59,-1
69,1500000000000,-1,55
70,1500000000000,249,-1
71,1500000000000,407,-1
72,1500000000000,181,351
74,1500000000000,447,-1
75,1500000000000,433,432
76,1500000000000,30,5
77,1500000000000,56,226
78,1500000000000,-1,606
79,1500000000000,375,399
80,1500000000000,7,-1
81,1500000000000,128,-1
82,1500000000000,576,575
83,1500000000000,152,176
84,1500000000000,132,-1
85,1500000000000,406,-1
86,1500000000000,410,409
87,1500000000000,178,153
88,1500000000000,-1,58
89,1500000000000,138,545
90,1500000000000,-1,325
91,1500000000000,155,179
92,1500000000000,251,250
93,1500000000000,83,82
94,1500000000000,274,609
95,1500000000000,300,-1
96,1500000000000,153,104
97,1500000000000,252,276
98,1500000000000,133,375
99,1500000000000,375,350
0,1560000000000,24,-1
1,1560000000000,374,108
2,1560000000000,1,431
3,1560000000000,398,109
4,1560000000000,169,363
5,1560000000000,271,536
6,1560000000000,-1,407
7,1560000000000,113,544
8,1560000000000,-1,351
9,1560000000000,319,513
10,1560000000000,-1,223
11,1560000000000,-1,301
12,1560000000000,400,206
13,1560000000000,405,527
14,1560000000000,195,170
15,1560000000000,31,176
16,1560000000000,74,-1
17,1560000000000,98,434
18,1560000000000,534,223
19,1560000000000,206,-1
20,1560000000000,348,59
21,1560000000000,29,78
22,1560000000000,537,320
23,1560000000000,122,410
24,1560000000000,-1,156
25,1560000000000,98,-1
26,1560000000000,557,-1
27,1560000000000,156,-1
28,1560000000000,509,-1
29,1560000000000,-1,469
30,1560000000000,54,78
31,1560000000000,121,-1
32,1560000000000,1,456
33,1560000000000,381,551
34,1560000000000,86,422
35,1560000000000,1,456
36,1560000000000,31,201
37,1560000000000,172,460
38,1560000000000,382,-1
39,1560000000000,178,129
40,1560000000000,163,-1
41,1560000000000,349,324
42,1560000000000,274,7
43,1560000000000,461,196
44,1560000000000,349,83
46,1560000000000,560,272
47,1560000000000,179,154
48,1560000000000,299,32
49,1560000000000,200,607
50,1560000000000,-1,85
51,1560000000000,-1,585
52,1560000000000,108,399
53,1560000000000,448,423
54,1560000000000,26,456
55,1560000000000,145,-1
56,1560000000000,586,296
57,1560000000000,-1,250
58,1560000000000,-1,375
59,1560000000000,408,49
60,1560000000000,230,327
61,1560000000000,549,283
62,1560000000000,388,363
63,1560000000000,170,411
64,1560000000000,-1,126
65,1560000000000,-1,97
66,1560000000000,223,-1
67,1560000000000,152,30
68,1560000000000,-1,58
69,1560000000000,55,177
70,1560000000000,-1,273
71,1560000000000,-1,0
72,1560000000000,351,181
73,1560000000000,-1,375
74,1560000000000,-1,110
75,1560000000000,432,25
76,1560000000000,5,-1
77,1560000000000,226,56
78,1560000000000,606,127
79,1560000000000,399,133
80,1560000000000,-1,225
81,1560000000000,-1,103
82,1560000000000,575,381
83,1560000000000,176,6
84,1560000000000,-1,350
85,1560000000000,-1,576
86,1560000000000,409,97
87,1560000000000,153,104
88,1560000000000,58,57
89,1560000000000,545,520
90,1560000000000,325,83
91,1560000000000,179,228
92,1560000000000,250,32
93,1560000000000,82,300
94,1560000000000,609,-1
96,1560000000000,104,128
97,1560000000000,276,81
98,1560000000000,375,133
99,1560000000000,350,132
0,1620000000000,-1,383
1,1620000000000,108,398
2,1620000000000,431,455
3,1620000000000,109,108
4,1620000000000,363,362
5,1620000000000,536,535
6,1620000000000,407,382
7,1620000000000,544,543
8,1620000000000,351,156
9,1620000000000,513,512
10,1620000000000,223,558
11,1620000000000,301,130
12,1620000000000,206,-1
13,1620000000000,527,429
14,1620000000000,170,412
15,1620000000000,176,200
16,1620000000000,-1,98
17,1620000000000,434,433
18,1620000000000,223,222
19,1620000000000,-1,230
20,1620000000000,59,58
21,1620000000000,78,102
22,1620000000000,320,561
23,1620000000000,410,-1
24,1620000000000,156,-1
25,1620000000000,-1,73
26,1620000000000,-1,581
29,1620000000000,469,-1
30,1620000000000,78,29
31,1620000000000,-1,145
32,1620000000000,456,1
33,1620000000000,551,575
34,1620000000000,422,446
35,1620000000000,456,25
36,1620000000000,201,225
37,1620000000000,460,459
39,1620000000000,129,-1
40,1620000000000,-1,593
41,1620000000000,324,-1
42,1620000000000,7,274
43,1620000000000,196,171
44,1620000000000,83,82
45,1620000000000,-1,584
46,1620000000000,272,-1
47,1620000000000,154,178
48,1620000000000,32,-1
49,1620000000000,607,606
50,1620000000000,85,397
51,1620000000000,585,297
52,1620000000000,399,132
53,1620000000000,423,133
54,1620000000000,456,-1
56,1620000000000,296,561
57,1620000000000,250,56
58,1620000000000,375,-1
59,1620000000000,49,73
60,1620000000000,327,205
61,1620000000000,283,-1
62,1620000000000,363,-1
63,1620000000000,411,170
64,1620000000000,126,-1
65,1620000000000,97,96
66,1620000000000,-1,559
67,1620000000000,30,127
68,1620000000000,58,348
69,1620000000000,177,79
70,1620000000000,273,583
71,1620000000000,0,-1
72,1620000000000,181,205
73,1620000000000,375,-1
74,1620000000000,110,446
75,1620000000000,25,49
76,1620000000000,-1,102
77,1620000000000,56,226
78,1620000000000,127,151
79,1620000000000,133,132
80,1620000000000,225,-1
81,1620000000000,103,54
82,1620000000000,381,-1
83,1620000000000,6,5
84,1620000000000,350,-1
85,1620000000000,576,381
86,1620000000000,97,-1
87,1620000000000,104,153
88,1620000000000,57,324
89,1620000000000,520,544
90,1620000000000,83,349
91,1620000000000,228,179
92,1620000000000,32,56
93,1620000000000,300,324
94,1620000000000,-1,8
95,1620000000000,-1,81
96,1620000000000,128,177
97,1620000000000,81,-1
98,1620000000000,133,157
99,1620000000000,132,399
0,1680000000000,383,382
1,1680000000000,398,83
2,1680000000000,455,601
3,1680000000000,108,398
4,1680000000000,362,144
5,1680000000000,535,271
6,1680000000000,382,-1
7,1680000000000,543,88
8,1680000000000,156,-1
9,1680000000000,512,318
10,1680000000000,558,223
11,1680000000000,130,276
12,1680000000000,-1,400
13,1680000000000,429,502
14,1680000000000,412,411
15,1680000000000,200,6
16,1680000000000,98,433
17,1680000000000,433,98
18,1680000000000,222,534
19,1680000000000,230,376
20,1680000000000,58,348
21,1680000000000,102,4
22,1680000000000,561,-1
23,1680000000000,-1,122
24,1680000000000,-1,350
25,1680000000000,73,97
26,1680000000000,581,125
27,1680000000000,-1,350
28,1680000000000,-1,197
30,1680000000000,29,-1
31,1680000000000,145,-1
32,1680000000000,1,601
33,1680000000000,575,550
34,1680000000000,446,421
35,1680000000000,25,431
36,1680000000000,225,31
37,1680000000000,459,171
38,1680000000000,-1,600
39,1680000000000,-1,202
40,1680000000000,593,162
42,1680000000000,274,-1
43,1680000000000,171,-1
44,1680000000000,82,349
45,1680000000000,584,296
46,1680000000000,-1,560
47,1680000000000,178,227
48,1680000000000,-1,299
49,1680000000000,606,175
50,1680000000000,397,-1
51,1680000000000,297,585
52,1680000000000,132,-1
53,1680000000000,133,423
54,1680000000000,-1,25
55,1680000000000,-1,169
56,1680000000000,561,585
57,1680000000000,56,225
58,1680000000000,-1,156
59,1680000000000,73,383
60,1680000000000,205,-1
61,1680000000000,-1,549
62,1680000000000,-1,193
63,1680000000000,170,-1
64,1680000000000,-1,605
65,1680000000000,96,-1
66,1680000000000,559,558
67,1680000000000,127,54
68,1680000000000,348,58
69,1680000000000,79,152
70,1680000000000,583,248
71,1680000000000,-1,406
72,1680000000000,205,326
73,1680000000000,-1,181
74,1680000000000,446,-1
75,1680000000000,49,432
76,1680000000000,102,29
77,1680000000000,226,55
78,1680000000000,151,-1
79,1680000000000,132,399
80,1680000000000,-1,249
81,1680000000000,54,78
82,1680000000000,-1,575
83,1680000000000,5,175
84,1680000000000,-1,131
85,1680000000000,381,405
86,1680000000000,-1,409
87,1680000000000,153,177
88,1680000000000,324,-1
89,1680000000000,544,137
90,1680000000000,349,107
91,1680000000000,179,252
92,1680000000000,56,250
93,1680000000000,324,82
94,1680000000000,8,297
95,1680000000000,81,324
96,1680000000000,177,152
97,1680000000000,-1,275
98,1680000000000,157,132
99,1680000000000,399,132
0,1740000000000,382,23
1,1740000000000,83,-1
2,1740000000000,601,0
3,1740000000000,398,397
4,1740000000000,144,168
5,1740000000000,271,270
6,1740000000000,-1,24
7,1740000000000,88,112
8,1740000000000,-1,180
9,1740000000000,318,-1
10,1740000000000,223,247
11,1740000000000,276,300
12,1740000000000,400,424
13,1740000000000,502,429
14,1740000000000,411,194
15,1740000000000,6,30
16,1740000000000,433,98
17,1740000000000,98,97
18,1740000000000,534,533
19,1740000000000,376,400
20,1740000000000,348,347
21,1740000000000,4,28
22,1740000000000,-1,536
23,1740000000000,122,121
24,1740000000000,350,-1
25,1740000000000,97,-1
26,1740000000000,125,556
27,1740000000000,350,155
28,1740000000000,197,508
29,1740000000000,-1,493
30,1740000000000,-1,53
31,1740000000000,-1,120
32,1740000000000,601,0
33,1740000000000,550,380
34,1740000000000,421,85
35,1740000000000,431,0
36,1740000000000,31,30
37,1740000000000,171,-1
38,1740000000000,600,381
39,1740000000000,202,177
40,1740000000000,162,-1
41,1740000000000,-1,348
42,1740000000000,-1,273
43,1740000000000,-1,460
44,1740000000000,349,348
45,1740000000000,296,-1
46,1740000000000,560,559
47,1740000000000,227,178
48,1740000000000,299,298
49,1740000000000,175,224
50,1740000000000,-1,421
51,1740000000000,585,609
52,1740000000000,-1,107
53,1740000000000,423,447
54,1740000000000,25,-1
55,1740000000000,169,144
56,1740000000000,585,-1
57,1740000000000,225,274
58,1740000000000,156,-1
59,1740000000000,383,407
61,1740000000000,549,548
62,1740000000000,193,387
63,1740000000000,-1,169
64,1740000000000,605,-1
65,1740000000000,-1,385
66,1740000000000,558,247
67,1740000000000,54,78
68,1740000000000,58,-1
69,1740000000000,152,54
70,1740000000000,248,272
71,1740000000000,406,-1
72,1740000000000,326,350
73,1740000000000,181,-1
75,1740000000000,432,431
76,1740000000000,29,126
77,1740000000000,55,225
78,1740000000000,-1,29
79,1740000000000,399,398
80,1740000000000,249,6
81,1740000000000,78,127
82,1740000000000,575,624
83,1740000000000,175,-1
84,1740000000000,131,-1
85,1740000000000,405,-1
86,1740000000000,409,408
87,1740000000000,177,-1
88,1740000000000,-1,57
89,1740000000000,137,544
90,1740000000000,107,373
91,1740000000000,252,178
92,1740000000000,250,274
93,1740000000000,82,81
94,1740000000000,297,608
95,1740000000000,324,-1
96,1740000000000,152,103
97,1740000000000,275,-1
98,1740000000000,132,-1
99,1740000000000,132,399
0,1800000000000,23,-1
1,1800000000000,-1,107
2,1800000000000,0,430
3,1800000000000,397,108
4,1800000000000,168,362
5,1800000000000,270,559
6,1800000000000,24,406
7,1800000000000,112,543
8,1800000000000,180,399
9,1800000000000,-1,512
10,1800000000000,247,222
11,1800000000000,300,-1
12,1800000000000,424,205
13,1800000000000,429,526
14,1800000000000,194,-1
15,1800000000000,30,175
16,1800000000000,98,73
17,1800000000000,97,433
18,1800000000000,533,222
19,1800000000000,400,205
20,1800000000000,347,58
21,1800000000000,28,77
22,1800000000000,536,-1
23,1800000000000,121,434
24,1800000000000,-1,155
26,1800000000000,556,580
27,1800000000000,155,-1
28,1800000000000,508,-1
29,1800000000000,493,61
30,1800000000000,53,77
31,1800000000000,120,-1
32,1800000000000,0,455
33,1800000000000,380,550
34,1800000000000,85,445
35,1800000000000,0,455
36,1800000000000,30,249
37,1800000000000,-1,459
38,1800000000000,381,-1
39,1800000000000,177,128
40,1800000000000,-1,593
41,1800000000000,348,323
42,1800000000000,273,6
43,1800000000000,460,195
44,1800000000000,348,82
46,1800000000000,559,271
47,1800000000000,178,153
48,1800000000000,298,31
49,1800000000000,224,606
50,1800000000000,421,-1
51,1800000000000,609,584
52,1800000000000,107,398
53,1800000000000,447,-1
54,1800000000000,-1,455
55,1800000000000,144,-1
56,1800000000000,-1,560
57,1800000000000,274,55
58,1800000000000,-1,399
59,1800000000000,407,72
60,1800000000000,-1,326
61,1800000000000,548,-1
62,1800000000000,387,168
63,1800000000000,169,410
64,1800000000000,-1,125
65,1800000000000,385,120
66,1800000000000,247,222
67,1800000000000,78,102
68,1800000000000,-1,82
69,1800000000000,54,176
70,1800000000000,272,-1
71,1800000000000,-1,24
72,1800000000000,350,180
73,1800000000000,-1,399
74,1800000000000,-1,421
75,1800000000000,431,49
76,1800000000000,126,4
77,1800000000000,225,79
78,1800000000000,29,150
79,1800000000000,398,132
80,1800000000000,6,-1
81,1800000000000,127,102
82,1800000000000,624,380
83,1800000000000,-1,5
84,1800000000000,-1,374
85,1800000000000,-1,575
86,1800000000000,408,96
87,1800000000000,-1,103
88,1800000000000,57,299
89,1800000000000,544,543
90,1800000000000,373,-1
91,1800000000000,178,-1
92,1800000000000,274,31
93,1800000000000,81,324
94,1800000000000,608,-1
96,1800000000000,103,152
97,1800000000000,-1,80
98,1800000000000,-1,398
99,1800000000000,399,131
1,1860000000000,107,397
2,1860000000000,430,454
3,1860000000000,108,107
4,1860000000000,362,143
5,1860000000000,559,534
6,1860000000000,406,381
7,1860000000000,543,542
8,1860000000000,399,374
9,1860000000000,512,511
10,1860000000000,222,557
11,1860000000000,-1,129
12,1860000000000,205,-1
13,1860000000000,526,428
14,1860000000000,-1,435
15,1860000000000,175,224
16,1860000000000,73,97
17,1860000000000,433,432
18,1860000000000,222,221
19,1860000000000,205,229
20,1860000000000,58,57
21,1860000000000,77,101
22,1860000000000,-1,560
23,1860000000000,434,433
24,1860000000000,155,-1
25,1860000000000,-1,432
26,1860000000000,580,-1
27,1860000000000,-1,179
28,1860000000000,-1,532
29,1860000000000,61,468
30,1860000000000,77,28
31,1860000000000,-1,144
32,1860000000000,455,0
33,1860000000000,550,599
34,1860000000000,445,-1
35,1860000000000,455,-1
36,1860000000000,249,-1
37,1860000000000,459,458
38,1860000000000,-1,405
39,1860000000000,128,-1
40,1860000000000,593,592
41,1860000000000,323,-1
42,1860000000000,6,273
43,1860000000000,195,170
44,1860000000000,82,81
45,1860000000000,-1,271
46,1860000000000,271,270
47,1860000000000,153,177
48,1860000000000,31,-1
49,1860000000000,606,605
50,1860000000000,-1,396
51,1860000000000,584,296
52,1860000000000,398,107
53,1860000000000,-1,132
54,1860000000000,455,479
56,1860000000000,560,584
57,1860000000000,55,274
58,1860000000000,399,-1
59,1860000000000,72,-1
60,1860000000000,326,204
61,1860000000000,-1,282
62,1860000000000,168,-1
63,1860000000000,410,169
64,1860000000000,125,-1
65,1860000000000,120,95
66,1860000000000,222,558
67,1860000000000,102,126
68,1860000000000,82,57
69,1860000000000,176,78
70,1860000000000,-1,607
71,1860000000000,24,-1
72,1860000000000,180,350
73,1860000000000,399,-1
74,1860000000000,421,-1
75,1860000000000,49,48
76,1860000000000,4,101
77,1860000000000,79,200
78,1860000000000,150,-1
79,1860000000000,132,131
81,1860000000000,102,53
82,1860000000000,380,-1
83,1860000000000,5,29
84,1860000000000,374,-1
85,1860000000000,575,429
86,1860000000000,96,-1
87,1860000000000,103,-1
88,1860000000000,299,323
89,1860000000000,543,-1
90,1860000000000,-1,348
91,1860000000000,-1,251
92,1860000000000,31,55
93,1860000000000,324,323
94,1860000000000,-1,7
95,1860000000000,-1,80
96,1860000000000,152,176
97,1860000000000,80,-1
98,1860000000000,398,156
99,1860000000000,131,-1
0,1920000000000,-1,381
1,1920000000000,397,-1
2,1920000000000,454,24
3,1920000000000,107,397
4,1920000000000,143,-1
5,1920000000000,534,270
6,1920000000000,381,-1
7,1920000000000,542,87
8,1920000000000,374,155
9,1920000000000,511,317
10,1920000000000,557,222
11,1920000000000,129,275
12,1920000000000,-1,424
13,1920000000000,428,501
14,1920000000000,435,193
15,1920000000000,224,29
16,1920000000000,97,432
17,1920000000000,432,97
18,1920000000000,221,533
19,1920000000000,229,375
20,1920000000000,57,347
21,1920000000000,101,3
22,1920000000000,560,-1
23,1920000000000,433,145
24,1920000000000,-1,374
25,1920000000000,432,407
26,1920000000000,-1,174
27,1920000000000,179,374
28,1920000000000,532,196
29,1920000000000,468,-1
30,1920000000000,28,77
31,1920000000000,144,385
32,1920000000000,0,600
33,1920000000000,599,380
34,1920000000000,-1,420
35,1920000000000,-1,430
36,1920000000000,-1,30
37,1920000000000,458,170
38,1920000000000,405,624
39,1920000000000,-1,201
40,1920000000000,592,161
41,1920000000000,-1,57
42,1920000000000,273,-1
43,1920000000000,170,-1
44,1920000000000,81,348
45,1920000000000,271,295
46,1920000000000,270,559
47,1920000000000,177,226
48,1920000000000,-1,298
49,1920000000000,605,199
50,1920000000000,396,-1
51,1920000000000,296,320
52,1920000000000,107,131
53,1920000000000,132,446
54,1920000000000,479,49
55,1920000000000,-1,168
56,1920000000000,584,-1
57,1920000000000,274,249
58,1920000000000,-1,155
60,1920000000000,204,350
61,1920000000000,282,548
62,1920000000000,-1,192
63,1920000000000,169,-1
64,1920000000000,-1,604
65,1920000000000,95,-1
66,1920000000000,558,557
67,1920000000000,126,53
68,1920000000000,57,-1
69,1920000000000,78,151
70,1920000000000,607,247
71,1920000000000,-1,405
72,1920000000000,350,325
73,1920000000000,-1,180
74,1920000000000,-1,445
75,1920000000000,48,431
76,1920000000000,101,28
77,1920000000000,200,54
78,1920000000000,-1,4
79,1920000000000,131,398
80,1920000000000,-1,5
81,1920000000000,53,126
82,1920000000000,-1,599
83,1920000000000,29,199
84,1920000000000,-1,130
85,1920000000000,429,404
86,1920000000000,-1,408
87,1920000000000,-1,176
88,1920000000000,323,-1
89,1920000000000,-1,136
90,1920000000000,348,106
91,1920000000000,251,226
92,1920000000000,55,274
93,1920000000000,323,81
94,1920000000000,7,296
95,1920000000000,80,323
96,1920000000000,176,151
97,1920000000000,-1,299
98,1920000000000,156,131
99,1920000000000,-1,155
0,1980000000000,381,47
1,1980000000000,-1,106
2,1980000000000,24,-1
3,1980000000000,397,396
4,1980000000000,-1,167
5,1980000000000,270,269
6,1980000000000,-1,405
7,1980000000000,87,111
8,1980000000000,155,179
9,1980000000000,317,-1
10,1980000000000,222,246
11,1980000000000,275,324
12,1980000000000,424,399
13,1980000000000,501,403
14,1980000000000,193,-1
15,1980000000000,29,-1
16,1980000000000,432,97
17,1980000000000,97,96
18,1980000000000,533,532
19,1980000000000,375,424
20,1980000000000,347,346
21,1980000000000,3,27
23,1980000000000,145,120
24,1980000000000,374,-1
25,1980000000000,407,-1
26,1980000000000,174,555
27,1980000000000,374,154
28,1980000000000,196,532
29,1980000000000,-1,492
30,1980000000000,77,52
31,1980000000000,385,409
32,1980000000000,600,24
33,1980000000000,380,379
34,1980000000000,420,84
35,1980000000000,430,24
36,1980000000000,30,29
37,1980000000000,170,-1
38,1980000000000,624,380
39,1980000000000,201,176
40,1980000000000,161,-1
41,1980000000000,57,56
42,1980000000000,-1,272
43,1980000000000,-1,194
44,1980000000000,348,347
45,1980000000000,295,-1
46,1980000000000,559,558
47,1980000000000,226,177
48,1980000000000,298,297
49,1980000000000,199,223
50,1980000000000,-1,420
51,1980000000000,320,295
52,1980000000000,131,-1
53,1980000000000,446,-1
54,1980000000000,49,-1
55,1980000000000,168,143
57,1980000000000,249,273
58,1980000000000,155,-1
59,1980000000000,-1,47
60,1980000000000,350,204
61,1980000000000,548,547
62,1980000000000,192,386
63,1980000000000,-1,410
64,1980000000000,604,-1
65,1980000000000,-1,384
66,1980000000000,557,246
67,1980000000000,53,77
68,1980000000000,-1,81
69,1980000000000,151,53
70,1980000000000,247,271
71,1980000000000,405,429
72,1980000000000,325,374
73,1980000000000,180,204
74,1980000000000,445,-1
75,1980000000000,431,430
76,1980000000000,28,125
77,1980000000000,54,249
78,1980000000000,4,28
79,1980000000000,398,397
80,1980000000000,5,-1
81,1980000000000,126,-1
82,1980000000000,599,623
83,1980000000000,199,-1
84,1980000000000,130,-1
85,1980000000000,404,-1
86,1980000000000,408,407
87,1980000000000,176,-1
88,1980000000000,-1,80
89,1980000000000,136,543
90,1980000000000,106,348
91,1980000000000,226,202
92,1980000000000,274,273
93,1980000000000,81,80
94,1980000000000,296,607
95,1980000000000,323,-1
96,1980000000000,151,102
97,1980000000000,299,-1
98,1980000000000,131,-1
99,1980000000000,155,398
0,2040000000000,47,22
1,2040000000000,106,-1
3,2040000000000,396,107
4,2040000000000,167,361
5,2040000000000,269,558
6,2040000000000,405,22
7,2040000000000,111,542
8,2040000000000,179,398
9,2040000000000,-1,511
10,2040000000000,246,-1
11,2040000000000,324,-1
12,2040000000000,399,204
13,2040000000000,403,525
15,2040000000000,-1,199
16,2040000000000,97,72
17,2040000000000,96,432
18,2040000000000,532,221
19,2040000000000,424,204
20,2040000000000,346,57
21,2040000000000,27,100
22,2040000000000,-1,535
23,2040000000000,120,433
24,2040000000000,-1,154
26,2040000000000,555,579
27,2040000000000,154,-1
28,2040000000000,532,507
29,2040000000000,492,60
30,2040000000000,52,76
31,2040000000000,409,143
32,2040000000000,24,454
33,2040000000000,379,598
34,2040000000000,84,444
35,2040000000000,24,454
36,2040000000000,29,248
37,2040000000000,-1,458
38,2040000000000,380,-1
39,2040000000000,176,127
40,2040000000000,-1,592
41,2040000000000,56,347
42,2040000000000,272,5
43,2040000000000,194,458
44,2040000000000,347,81
46,2040000000000,558,270
47,2040000000000,177,152
48,2040000000000,297,30
49,2040000000000,223,605
50,2040000000000,420,83
51,2040000000000,295,583
52,2040000000000,-1,106
54,2040000000000,-1,454
55,2040000000000,143,-1
56,2040000000000,-1,294
57,2040000000000,273,54
58,2040000000000,-1,398
59,2040000000000,47,71
60,2040000000000,204,325
61,2040000000000,547,-1
62,2040000000000,386,361
63,2040000000000,410,409
64,2040000000000,-1,579
65,2040000000000,384,119
66,2040000000000,246,245
67,2040000000000,77,28
68,2040000000000,81,-1
69,2040000000000,53,175
70,2040000000000,271,582
71,2040000000000,429,23
72,2040000000000,374,179
73,2040000000000,204,179
74,2040000000000,-1,420
75,2040000000000,430,72
76,2040000000000,125,-1
77,2040000000000,249,78
78,2040000000000,28,174
79,2040000000000,397,131
81,2040000000000,-1,77
82,2040000000000,623,379
83,2040000000000,-1,4
84,2040000000000,-1,373
85,2040000000000,-1,599
86,2040000000000,407,95
87,2040000000000,-1,102
88,2040000000000,80,322
89,2040000000000,543,542
90,2040000000000,348,372
91,2040000000000,202,177
92,2040000000000,273,30
93,2040000000000,80,323
94,2040000000000,607,6
96,2040000000000,102,126
98,2040000000000,-1,397
99,2040000000000,398,130
0,2100000000000,22,46
1,2100000000000,-1,396
2,2100000000000,-1,453
3,2100000000000,107,106
4,2100000000000,361,142
5,2100000000000,558,533
6,2100000000000,22,380
7,2100000000000,542,541
8,2100000000000,398,154
9,2100000000000,511,510
10,2100000000000,-1,556
11,2100000000000,-1,128
12,2100000000000,204,423
13,2100000000000,525,574
14,2100000000000,-1,168
15,2100000000000,199,223
16,2100000000000,72,96
17,2100000000000,432,431
18,2100000000000,221,220
19,2100000000000,204,228
20,2100000000000,57,56
21,2100000000000,100,-1
22,2100000000000,535,559
23,2100000000000,433,120
24,2100000000000,154,-1
25,2100000000000,-1,96
26,2100000000000,579,173
27,2100000000000,-1,178
28,2100000000000,507,531
29,2100000000000,60,467
30,2100000000000,76,27
31,2100000000000,143,-1
32,2100000000000,454,24
33,2100000000000,598,-1
34,2100000000000,444,-1
35,2100000000000,454,48
36,2100000000000,248,-1
37,2100000000000,458,145
38,2100000000000,-1,404
39,2100000000000,127,151
40,2100000000000,592,591
41,2100000000000,347,346
42,2100000000000,5,-1
43,2100000000000,458,194
44,2100000000000,81,80
45,2100000000000,-1,294
46,2100000000000,270,294
47,2100000000000,152,225
48,2100000000000,30,-1
49,2100000000000,605,604
50,2100000000000,83,395
51,2100000000000,583,-1
52,2100000000000,106,-1
53,2100000000000,-1,131
54,2100000000000,454,478
55,2100000000000,-1,385
56,2100000000000,294,318
57,2100000000000,54,273
58,2100000000000,398,179
59,2100000000000,71,-1
60,2100000000000,325,203
61,2100000000000,-1,281
62,2100000000000,361,167
63,2100000000000,409,168
64,2100000000000,579,173
65,2100000000000,119,-1
66,2100000000000,245,557
67,2100000000000,28,125
68,2100000000000,-1,56
69,2100000000000,175,53
70,2100000000000,582,246
71,2100000000000,23,-1
72,2100000000000,179,203
73,2100000000000,179,-1
74,2100000000000,420,107
75,2100000000000,72,47
76,2100000000000,-1,100
77,2100000000000,78,249
78,2100000000000,174,-1
79,2100000000000,131,130
80,2100000000000,-1,29
81,2100000000000,77,52
82,2100000000000,379,-1
83,2100000000000,4,3
84,2100000000000,373,-1
85,2100000000000,599,404
86,2100000000000,95,-1
87,2100000000000,102,-1
88,2100000000000,322,55
89,2100000000000,542,135
90,2100000000000,372,347
91,2100000000000,177,250
92,2100000000000,30,54
93,2100000000000,323,347
94,2100000000000,6,-1
95,2100000000000,-1,79
96,2100000000000,126,175
97,2100000000000,-1,103
98,2100000000000,397,-1
99,2100000000000,130,-1
0,2160000000000,46,380
1,2160000000000,396,-1
2,2160000000000,453,23
3,2160000000000,106,396
4,2160000000000,142,166
5,2160000000000,533,-1
6,2160000000000,380,-1
7,2160000000000,541,110
8,2160000000000,154,-1
9,2160000000000,510,316
10,2160000000000,556,221
11,2160000000000,128,299
12,2160000000000,423,-1
13,2160000000000,574,500
14,2160000000000,168,434
15,2160000000000,223,28
16,2160000000000,96,431
17,2160000000000,431,96
18,2160000000000,220,532
19,2160000000000,228,399
20,2160000000000,56,346
21,2160000000000,-1,75
22,2160000000000,559,-1
23,2160000000000,120,144
24,2160000000000,-1,373
25,2160000000000,96,406
26,2160000000000,173,-1
27,2160000000000,178,373
28,2160000000000,531,195
29,2160000000000,467,-1
30,2160000000000,27,76
31,2160000000000,-1,384
32,2160000000000,24,23
33,2160000000000,-1,379
35,2160000000000,48,429
36,2160000000000,-1,29
37,2160000000000,145,169
38,2160000000000,404,22
39,2160000000000,151,200
40,2160000000000,591,160
41,2160000000000,346,80
42,2160000000000,-1,272
43,2160000000000,194,169
44,2160000000000,80,347
45,2160000000000,294,-1
46,2160000000000,294,558
47,2160000000000,225,-1
48,2160000000000,-1,297
49,2160000000000,604,198
50,2160000000000,395,-1
51,2160000000000,-1,319
52,2160000000000,-1,130
53,2160000000000,131,445
54,2160000000000,478,48
55,2160000000000,385,384
56,2160000000000,318,583
57,2160000000000,273,248
58,2160000000000,179,154
59,2160000000000,-1,46
60,2160000000000,203,-1
61,2160000000000,281,571
62,2160000000000,167,191
63,2160000000000,168,-1
64,2160000000000,173,603
65,2160000000000,-1,94
66,2160000000000,557,556
67,2160000000000,125,-1
68,2160000000000,56,-1
69,2160000000000,53,150
70,2160000000000,246,270
71,2160000000000,-1,404
72,2160000000000,203,178
74,2160000000000,107,-1
75,2160000000000,47,430
76,2160000000000,100,27
77,2160000000000,249,224
79,2160000000000,130,397
80,2160000000000,29,4
81,2160000000000,52,101
82,2160000000000,-1,598
83,2160000000000,3,198
84,2160000000000,-1,129
85,2160000000000,404,403
86,2160000000000,-1,407
87,2160000000000,-1,175
88,2160000000000,55,-1
89,2160000000000,135,-1
90,2160000000000,347,-1
91,2160000000000,250,225
92,2160000000000,54,297
93,2160000000000,347,80
94,2160000000000,-1,295
95,2160000000000,79,322
96,2160000000000,175,126
97,2160000000000,103,298
98,2160000000000,-1,155
99,2160000000000,-1,154
0,2220000000000,380,46
1,2220000000000,-1,105
2,2220000000000,23,-1
3,2220000000000,396,395
4,2220000000000,166,360
6,2220000000000,-1,22
7,2220000000000,110,-1
8,2220000000000,-1,373
9,2220000000000,316,-1
10,2220000000000,221,245
11,2220000000000,299,128
12,2220000000000,-1,203
13,2220000000000,500,427
14,2220000000000,434,409
15,2220000000000,28,223
16,2220000000000,431,96
17,2220000000000,96,95
18,2220000000000,532,531
19,2220000000000,399,423
20,2220000000000,346,345
21,2220000000000,75,26
23,2220000000000,144,-1
24,2220000000000,373,178
25,2220000000000,406,-1
26,2220000000000,-1,554
27,2220000000000,373,153
28,2220000000000,195,531
29,2220000000000,-1,60
30,2220000000000,76,100
31,2220000000000,384,408
32,2220000000000,23,453
33,2220000000000,379,573
34,2220000000000,-1,107
35,2220000000000,429,453
36,2220000000000,29,28
37,2220000000000,169,-1
38,2220000000000,22,379
39,2220000000000,200,151
40,2220000000000,160,-1
41,2220000000000,80,55
42,2220000000000,272,5
43,2220000000000,169,458
44,2220000000000,347,346
46,2220000000000,558,557
47,2220000000000,-1,176
48,2220000000000,297,296
49,2220000000000,198,222
50,2220000000000,-1,419
51,2220000000000,319,294
52,2220000000000,130,-1
53,2220000000000,445,-1
54,2220000000000,48,-1
55,2220000000000,384,142
56,2220000000000,583,-1
57,2220000000000,248,29
58,2220000000000,154,-1
59,2220000000000,46,-1
60,2220000000000,-1,398
61,2220000000000,571,-1
62,2220000000000,191,385
63,2220000000000,-1,167
64,2220000000000,603,173
65,2220000000000,94,118
66,2220000000000,556,245
67,2220000000000,-1,76
68,2220000000000,-1,80
69,2220000000000,150,101
70,2220000000000,270,581
71,2220000000000,404,623
72,2220000000000,178,-1
73,2220000000000,-1,398
74,2220000000000,-1,444
75,2220000000000,430,429
76,2220000000000,27,149
77,2220000000000,224,53
78,2220000000000,-1,27
79,2220000000000,397,396
80,2220000000000,4,-1
81,2220000000000,101,125
82,2220000000000,598,622
83,2220000000000,198,3
84,2220000000000,129,-1
85,2220000000000,403,-1
86,2220000000000,407,406
87,2220000000000,175,150
88,2220000000000,-1,297
89,2220000000000,-1,542
91,2220000000000,225,176
92,2220000000000,297,272
93,2220000000000,80,79
94,2220000000000,295,606
95,2220000000000,322,-1
96,2220000000000,126,101
97,2220000000000,298,-1
98,2220000000000,155,421
99,2220000000000,154,397
0,2280000000000,46,21
1,2280000000000,105,-1
2,2280000000000,-1,477
3,2280000000000,395,106
4,2280000000000,360,-1
5,2280000000000,-1,557
6,2280000000000,22,21
7,2280000000000,-1,541
8,2280000000000,373,397
9,2280000000000,-1,510
10,2280000000000,245,-1
11,2280000000000,128,323
12,2280000000000,203,-1
13,2280000000000,427,549
14,2280000000000,409,-1
15,2280000000000,223,198
16,2280000000000,96,95
17,2280000000000,95,431
18,2280000000000,531,220
19,2280000000000,423,252
20,2280000000000,345,56
21,2280000000000,26,124
22,2280000000000,-1,534
23,2280000000000,-1,119
24,2280000000000,178,153
26,2280000000000,554,578
27,2280000000000,153,-1
28,2280000000000,531,506
29,2280000000000,60,59
30,2280000000000,100,75
31,2280000000000,408,142
32,2280000000000,453,-1
33,2280000000000,573,597
34,2280000000000,107,82
35,2280000000000,453,-1
36,2280000000000,28,247
37,2280000000000,-1,144
38,2280000000000,379,-1
39,2280000000000,151,126
40,2280000000000,-1,591
41,2280000000000,55,346
42,2280000000000,5,4
43,2280000000000,458,457
44,2280000000000,346,104
46,2280000000000,557,269
47,2280000000000,176,151
48,2280000000000,296,29
49,2280000000000,222,604
50,2280000000000,419,82
51,2280000000000,294,607
52,2280000000000,-1,105
54,2280000000000,-1,453
55,2280000000000,142,-1
56,2280000000000,-1,293
57,2280000000000,29,53
58,2280000000000,-1,397
59,2280000000000,-1,70
60,2280000000000,398,-1
61,2280000000000,-1,546
62,2280000000000,385,360
63,2280000000000,167,408
64,2280000000000,173,578
65,2280000000000,118,-1
66,2280000000000,245,244
67,2280000000000,76,100
68,2280000000000,80,346
69,2280000000000,101,199
70,2280000000000,581,605
71,2280000000000,623,22
73,2280000000000,398,397
74,2280000000000,444,-1
75,2280000000000,429,71
76,2280000000000,149,-1
77,2280000000000,53,77
78,2280000000000,27,173
79,2280000000000,396,130
81,2280000000000,125,76
82,2280000000000,622,378
83,2280000000000,3,-1
84,2280000000000,-1,372
85,2280000000000,-1,598
86,2280000000000,406,94
87,2280000000000,150,101
88,2280000000000,297,54
89,2280000000000,542,541
90,2280000000000,-1,371
91,2280000000000,176,225
92,2280000000000,272,29
93,2280000000000,79,322
94,2280000000000,606,5
95,2280000000000,-1,79
96,2280000000000,101,125
98,2280000000000,421,-1
99,2280000000000,397,396
0,2340000000000,21,380
1,2340000000000,-1,395
2,2340000000000,477,452
3,2340000000000,106,395
4,2340000000000,-1,141
5,2340000000000,557,-1
6,2340000000000,21,404
7,2340000000000,541,85
8,2340000000000,397,372
9,2340000000000,510,534
10,2340000000000,-1,555
11,2340000000000,323,127
13,2340000000000,549,573
14,2340000000000,-1,167
15,2340000000000,198,3
16,2340000000000,95,430
17,2340000000000,431,95
18,2340000000000,220,219
19,2340000000000,252,227
20,2340000000000,56,345
21,2340000000000,124,-1
22,2340000000000,534,-1
23,2340000000000,119,431
24,2340000000000,153,372
25,2340000000000,-1,95
26,2340000000000,578,-1
27,2340000000000,-1,348
28,2340000000000,506,195
29,2340000000000,59,466
30,2340000000000,75,149
31,2340000000000,142,383
32,2340000000000,-1,23
33,2340000000000,597,378
34,2340000000000,82,-1
36,2340000000000,247,28
37,2340000000000,144,168
38,2340000000000,-1,622
39,2340000000000,126,175
40,2340000000000,591,135
41,2340000000000,346,55
42,2340000000000,4,-1
43,2340000000000,457,193
44,2340000000000,104,79
45,2340000000000,-1,293
46,2340000000000,269,293
47,2340000000000,151,249
48,2340000000000,29,-1
49,2340000000000,604,197
50,2340000000000,82,394
51,2340000000000,607,606
52,2340000000000,105,395
53,2340000000000,-1,420
54,2340000000000,453,477
55,2340000000000,-1,384
56,2340000000000,293,317
57,2340000000000,53,272
58,2340000000000,397,178
59,2340000000000,70,405
60,2340000000000,-1,202
61,2340000000000,546,570
62,2340000000000,360,190
63,2340000000000,408,-1
64,2340000000000,578,-1
66,2340000000000,244,556
67,2340000000000,100,149
68,2340000000000,346,55
69,2340000000000,199,52
70,2340000000000,605,270
71,2340000000000,22,-1
72,2340000000000,-1,373
73,2340000000000,397,178
74,2340000000000,-1,106
75,2340000000000,71,46
76,2340000000000,-1,124
77,2340000000000,77,248
78,2340000000000,173,-1
79,2340000000000,130,129
80,2340000000000,-1,247
81,2340000000000,76,174
82,2340000000000,378,597
83,2340000000000,-1,27
84,2340000000000,372,153
85,2340000000000,598,622
86,2340000000000,94,-1
87,2340000000000,101,-1
88,2340000000000,54,-1
89,2340000000000,541,134
90,2340000000000,371,346
91,2340000000000,225,274
92,2340000000000,29,272
93,2340000000000,322,346
94,2340000000000,5,295
95,2340000000000,79,297
96,2340000000000,125,199
97,2340000000000,-1,102
98,2340000000000,-1,396
99,2340000000000,396,129
0,2400000000000,380,379
1,2400000000000,395,-1
2,2400000000000,452,22
3,2400000000000,395,419
4,2400000000000,141,165
5,2400000000000,-1,532
6,2400000000000,404,379
7,2400000000000,85,109
8,2400000000000,372,153
9,2400000000000,534,315
10,2400000000000,555,244
11,2400000000000,127,298
12,2400000000000,-1,422
13,2400000000000,573,524
14,2400000000000,167,433
15,2400000000000,3,27
16,2400000000000,430,454
17,2400000000000,95,119
18,2400000000000,219,531
19,2400000000000,227,398
20,2400000000000,345,-1
21,2400000000000,-1,1
22,2400000000000,-1,558
23,2400000000000,431,143
24,2400000000000,372,-1
25,2400000000000,95,405
26,2400000000000,-1,172
27,2400000000000,348,372
28,2400000000000,195,194
29,2400000000000,466,-1
30,2400000000000,149,26
31,2400000000000,383,407
32,2400000000000,23,22
33,2400000000000,378,-1
34,2400000000000,-1,443
35,2400000000000,-1,47
36,2400000000000,28,-1
37,2400000000000,168,-1
38,2400000000000,622,21
39,2400000000000,175,224
40,2400000000000,135,159
41,2400000000000,55,79
42,2400000000000,-1,271
43,2400000000000,193,168
44,2400000000000,79,346
45,2400000000000,293,-1
46,2400000000000,293,268
47,2400000000000,249,-1
48,2400000000000,-1,296
49,2400000000000,197,221
50,2400000000000,394,418
51,2400000000000,606,318
52,2400000000000,395,129
53,2400000000000,420,444
54,2400000000000,477,47
55,2400000000000,384,383
56,2400000000000,317,582
57,2400000000000,272,247
58,2400000000000,178,153
59,2400000000000,405,45
60,2400000000000,202,-1
61,2400000000000,570,279
62,2400000000000,190,-1
63,2400000000000,-1,167
64,2400000000000,-1,602
65,2400000000000,-1,93
66,2400000000000,556,555
67,2400000000000,149,51
68,2400000000000,55,79
69,2400000000000,52,174
70,2400000000000,270,269
71,2400000000000,-1,403
72,2400000000000,373,397
73,2400000000000,178,-1
74,2400000000000,106,-1
75,2400000000000,46,429
76,2400000000000,124,26
77,2400000000000,248,52
78,2400000000000,-1,2
79,2400000000000,129,396
80,2400000000000,247,3
81,2400000000000,174,100
82,2400000000000,597,-1
83,2400000000000,27,197
84,2400000000000,153,128
85,2400000000000,622,402
86,2400000000000,-1,406
87,2400000000000,-1,199
89,2400000000000,134,-1
90,2400000000000,346,-1
91,2400000000000,274,-1
92,2400000000000,272,296
93,2400000000000,346,79
94,2400000000000,295,294
95,2400000000000,297,321
96,2400000000000,199,125
97,2400000000000,102,297
98,2400000000000,396,154
99,2400000000000,129,153
0,2460000000000,379,45
1,2460000000000,-1,104
2,2460000000000,22,452
3,2460000000000,419,-1
4,2460000000000,165,359
5,2460000000000,532,267
6,2460000000000,379,21
7,2460000000000,109,540
8,2460000000000,153,372
9,2460000000000,315,509
10,2460000000000,244,555
11,2460000000000,298,127
12,2460000000000,422,202
13,2460000000000,524,426
14,2460000000000,433,408
15,2460000000000,27,222
16,2460000000000,454,95
17,2460000000000,119,-1
18,2460000000000,531,530
19,2460000000000,398,227
20,2460000000000,-1,344
21,2460000000000,1,25
22,2460000000000,558,-1
23,2460000000000,143,-1
24,2460000000000,-1,396
25,2460000000000,405,-1
26,2460000000000,172,553
27,2460000000000,372,152
28,2460000000000,194,530
29,2460000000000,-1,59
30,2460000000000,26,50
31,2460000000000,407,-1
32,2460000000000,22,452
33,2460000000000,-1,572
34,2460000000000,443,442
35,2460000000000,47,452
36,2460000000000,-1,222
38,2460000000000,21,403
39,2460000000000,224,150
40,2460000000000,159,590
41,2460000000000,79,54
42,2460000000000,271,4
43,2460000000000,168,457
44,2460000000000,346,345
46,2460000000000,268,581
47,2460000000000,-1,175
48,2460000000000,296,295
49,2460000000000,221,-1
50,2460000000000,418,-1
51,2460000000000,318,-1
52,2460000000000,129,-1
53,2460000000000,444,-1
54,2460000000000,47,-1
55,2460000000000,383,166
56,2460000000000,582,-1
57,2460000000000,247,28
58,2460000000000,153,-1
59,2460000000000,45,69
60,2460000000000,-1,397
61,2460000000000,279,570
62,2460000000000,-1,384
63,2460000000000,167,408
64,2460000000000,602,172
65,2460000000000,93,-1
66,2460000000000,555,244
67,2460000000000,51,75
68,2460000000000,79,-1
69,2460000000000,174,51
70,2460000000000,269,580
71,2460000000000,403,21
72,2460000000000,397,177
73,2460000000000,-1,397
74,2460000000000,-1,443
75,2460000000000,429,428
76,2460000000000,26,50
77,2460000000000,52,-1
78,2460000000000,2,26
79,2460000000000,396,395
80,2460000000000,3,-1
81,2460000000000,100,149
82,2460000000000,-1,621
83,2460000000000,197,2
84,2460000000000,128,-1
85,2460000000000,402,-1
86,2460000000000,406,405
87,2460000000000,199,-1
88,2460000000000,-1,296
89,2460000000000,-1,541
90,2460000000000,-1,103
91,2460000000000,-1,175
92,2460000000000,296,-1
93,2460000000000,79,78
94,2460000000000,294,5
95,2460000000000,321,78
96,2460000000000,125,100
97,2460000000000,297,-1
98,2460000000000,154,153
99,2460000000000,153,396
0,2520000000000,45,20
1,2520000000000,104,-1
2,2520000000000,452,22
3,2520000000000,-1,105
4,2520000000000,359,-1
5,2520000000000,267,556
6,2520000000000,21,20
7,2520000000000,540,564
8,2520000000000,372,396
9,2520000000000,509,-1
10,2520000000000,555,579
11,2520000000000,127,322
12,2520000000000,202,-1
13,2520000000000,426,548
14,2520000000000,408,432
15,2520000000000,222,27
16,2520000000000,95,94
17,2520000000000,-1,430
18,2520000000000,530,219
19,2520000000000,227,226
20,2520000000000,344,55
21,2520000000000,25,123
22,2520000000000,-1,533
23,2520000000000,-1,118
24,2520000000000,396,152
25,2520000000000,-1,429
26,2520000000000,553,577
27,2520000000000,152,-1
28,2520000000000,530,529
29,2520000000000,59,58
30,2520000000000,50,99
31,2520000000000,-1,382
32,2520000000000,452,-1
33,2520000000000,572,596
34,2520000000000,442,81
35,2520000000000,452,-1
36,2520000000000,222,246
38,2520000000000,403,378
39,2520000000000,150,125
40,2520000000000,590,-1
41,2520000000000,54,345
42,2520000000000,4,3
43,2520000000000,457,456
44,2520000000000,345,103
46,2520000000000,581,292
47,2520000000000,175,150
48,2520000000000,295,53
50,2520000000000,-1,80
51,2520000000000,-1,293
52,2520000000000,-1,128
53,2520000000000,-1,130
55,2520000000000,166,165
57,2520000000000,28,52
59,2520000000000,69,-1
60,2520000000000,397,-1
61,2520000000000,570,545
62,2520000000000,384,-1
63,2520000000000,408,407
64,2520000000000,172,-1
65,2520000000000,-1,117
66,2520000000000,244,243
67,2520000000000,75,173
68,2520000000000,-1,369
69,2520000000000,51,198
70,2520000000000,580,604
71,2520000000000,21,-1
72,2520000000000,177,-1
73,2520000000000,397,177
74,2520000000000,443,-1
75,2520000000000,428,70
76,2520000000000,50,148
77,2520000000000,-1,76
78,2520000000000,26,172
79,2520000000000,395,129
81,2520000000000,149,75
82,2520000000000,621,377
83,2520000000000,2,-1
84,2520000000000,-1,371
85,2520000000000,-1,597
86,2520000000000,405,93
87,2520000000000,-1,100
88,2520000000000,296,53
89,2520000000000,541,540
90,2520000000000,103,370
91,2520000000000,175,-1
92,2520000000000,-1,53
93,2520000000000,78,345
94,2520000000000,5,4
95,2520000000000,78,-1
96,2520000000000,100,149
97,2520000000000,-1,102
98,2520000000000,153,420
99,2520000000000,396,153
0,2580000000000,20,379
1,2580000000000,-1,394
2,2580000000000,22,622
3,2580000000000,105,394
4,2580000000000,-1,165
5,2580000000000,556,-1
6,2580000000000,20,403
7,2580000000000,564,84
8,2580000000000,396,177
9,2580000000000,-1,533
10,2580000000000,579,554
11,2580000000000,322,126
12,2580000000000,-1,421
13,2580000000000,548,425
14,2580000000000,432,166
15,2580000000000,27,2
16,2580000000000,94,429
17,2580000000000,430,94
18,2580000000000,219,218
19,2580000000000,226,-1
20,2580000000000,55,344
21,2580000000000,123,-1
22,2580000000000,533,-1
23,2580000000000,118,142
24,2580000000000,152,371
25,2580000000000,429,94
26,2580000000000,577,171
27,2580000000000,-1,371
28,2580000000000,529,194
29,2580000000000,58,465
30,2580000000000,99,25
31,2580000000000,382,-1
32,2580000000000,-1,22
33,2580000000000,596,377
34,2580000000000,81,-1
35,2580000000000,-1,46
36,2580000000000,246,27
37,2580000000000,-1,167
38,2580000000000,378,621
39,2580000000000,125,174
40,2580000000000,-1,614
41,2580000000000,345,78
42,2580000000000,3,-1
43,2580000000000,456,192
44,2580000000000,103,78
45,2580000000000,-1,292
46,2580000000000,292,-1
47,2580000000000,150,199
48,2580000000000,53,28
49,2580000000000,-1,196
50,2580000000000,80,393
51,2580000000000,293,605
52,2580000000000,128,394
53,2580000000000,130,129
54,2580000000000,-1,476
55,2580000000000,165,383
56,2580000000000,-1,316
57,2580000000000,52,271
59,2580000000000,-1,404
60,2580000000000,-1,201
61,2580000000000,545,303
62,2580000000000,-1,189
63,2580000000000,407,-1
64,2580000000000,-1,577
65,2580000000000,117,-1
66,2580000000000,243,555
67,2580000000000,173,148
68,2580000000000,369,54
69,2580000000000,198,222
70,2580000000000,604,269
72,2580000000000,-1,372
73,2580000000000,177,-1
74,2580000000000,-1,105
75,2580000000000,70,45
76,2580000000000,148,123
77,2580000000000,76,247
78,2580000000000,172,1
79,2580000000000,129,128
80,2580000000000,-1,246
81,2580000000000,75,173
82,2580000000000,377,596
83,2580000000000,-1,172
84,2580000000000,371,128
85,2580000000000,597,621
86,2580000000000,93,-1
87,2580000000000,100,198
88,2580000000000,53,-1
89,2580000000000,540,133
90,2580000000000,370,345
91,2580000000000,-1,273
92,2580000000000,53,271
93,2580000000000,345,-1
94,2580000000000,4,294
95,2580000000000,-1,102
96,2580000000000,149,198
97,2580000000000,102,101
98,2580000000000,420,395
99,2580000000000,153,128
0,2640000000000,379,378
1,2640000000000,394,-1
2,2640000000000,622,21
3,2640000000000,394,418
4,2640000000000,165,164
5,2640000000000,-1,531
6,2640000000000,403,378
7,2640000000000,84,108
8,2640000000000,177,152
9,2640000000000,533,314
10,2640000000000,554,243
11,2640000000000,126,297
12,2640000000000,421,-1
13,2640000000000,425,523
14,2640000000000,166,432
15,2640000000000,2,26
16,2640000000000,429,453
17,2640000000000,94,118
18,2640000000000,218,554
19,2640000000000,-1,421
20,2640000000000,344,368
21,2640000000000,-1,98
22,2640000000000,-1,315
23,2640000000000,142,-1
24,2640000000000,371,-1
25,2640000000000,94,429
26,2640000000000,171,-1
27,2640000000000,371,-1
28,2640000000000,194,193
29,2640000000000,465,-1
30,2640000000000,25,99
31,2640000000000,-1,406
32,2640000000000,22,21
33,2640000000000,377,-1
35,2640000000000,46,21
36,2640000000000,27,-1
37,2640000000000,167,-1
38,2640000000000,621,20
39,2640000000000,174,223
40,2640000000000,614,158
41,2640000000000,78,-1
42,2640000000000,-1,270
43,2640000000000,192,191
44,2640000000000,78,345
45,2640000000000,292,-1
46,2640000000000,-1,580
47,2640000000000,199,248
48,2640000000000,28,295
49,2640000000000,196,220
50,2640000000000,393,417
51,2640000000000,605,317
52,2640000000000,394,128
53,2640000000000,129,-1
54,2640000000000,476,46
55,2640000000000,383,382
56,2640000000000,316,581
57,2640000000000,271,270
58,2640000000000,-1,177
59,2640000000000,404,-1
60,2640000000000,201,-1
61,2640000000000,303,278
62,2640000000000,189,-1
63,2640000000000,-1,166
64,2640000000000,577,601
65,2640000000000,-1,92
66,2640000000000,555,554
67,2640000000000,148,50
68,2640000000000,54,78
69,2640000000000,222,173
70,2640000000000,269,579
71,2640000000000,-1,427
72,2640000000000,372,396
74,2640000000000,105,-1
75,2640000000000,45,428
76,2640000000000,123,25
77,2640000000000,247,222
78,2640000000000,1,172
79,2640000000000,128,395
80,2640000000000,246,27
81,2640000000000,173,124
82,2640000000000,596,620
83,2640000000000,172,196
84,2640000000000,128,127
85,2640000000000,621,401
86,2640000000000,-1,405
87,2640000000000,198,149
88,2640000000000,-1,77
89,2640000000000,133,-1
90,2640000000000,345,369
91,2640000000000,273,248
92,2640000000000,271,295
93,2640000000000,-1,78
94,2640000000000,294,293
95,2640000000000,102,77
96,2640000000000,198,149
97,2640000000000,101,296
98,2640000000000,395,153
99,2640000000000,128,152
0,2700000000000,378,44
1,2700000000000,-1,103
2,2700000000000,21,451
3,2700000000000,418,-1
4,2700000000000,164,358
5,2700000000000,531,266
6,2700000000000,378,20
7,2700000000000,108,539
8,2700000000000,152,371
9,2700000000000,314,508
10,2700000000000,243,554
11,2700000000000,297,150
12,2700000000000,-1,201
13,2700000000000,523,400
14,2700000000000,432,407
15,2700000000000,26,221
16,2700000000000,453,428
17,2700000000000,118,-1
18,2700000000000,554,529
19,2700000000000,421,226
20,2700000000000,368,-1
21,2700000000000,98,49
22,2700000000000,315,557
24,2700000000000,-1,176
25,2700000000000,429,404
26,2700000000000,-1,576
27,2700000000000,-1,151
28,2700000000000,193,529
29,2700000000000,-1,58
30,2700000000000,99,74
31,2700000000000,406,141
32,2700000000000,21,451
33,2700000000000,-1,571
34,2700000000000,-1,441
35,2700000000000,21,451
36,2700000000000,-1,221
38,2700000000000,20,402
39,2700000000000,223,174
40,2700000000000,158,589
41,2700000000000,-1,53
42,2700000000000,270,3
43,2700000000000,191,456
44,2700000000000,345,344
45,2700000000000,-1,580
46,2700000000000,580,-1
47,2700000000000,248,199
48,2700000000000,295,28
49,2700000000000,220,-1
50,2700000000000,417,80
51,2700000000000,317,-1
52,2700000000000,128,-1
54,2700000000000,46,476
55,2700000000000,382,165
56,2700000000000,581,-1
57,2700000000000,270,27
58,2700000000000,177,152
59,2700000000000,-1,68
60,2700000000000,-1,396
61,2700000000000,278,569
62,2700000000000,-1,383
63,2700000000000,166,407
64,2700000000000,601,171
65,2700000000000,92,-1
66,2700000000000,554,243
67,2700000000000,50,99
68,2700000000000,78,344
69,2700000000000,173,50
70,2700000000000,579,-1
71,2700000000000,427,20
72,2700000000000,396,176
73,2700000000000,-1,396
74,2700000000000,-1,442
75,2700000000000,428,45
76,2700000000000,25,147
77,2700000000000,222,51
78,2700000000000,172,25
79,2700000000000,395,394
80,2700000000000,27,2
81,2700000000000,124,99
82,2700000000000,620,-1
83,2700000000000,196,1
84,2700000000000,127,-1
85,2700000000000,401,-1
86,2700000000000,405,404
87,2700000000000,149,173
88,2700000000000,77,320
89,2700000000000,-1,540
90,2700000000000,369,102
91,2700000000000,248,199
92,2700000000000,295,-1
93,2700000000000,78,77
94,2700000000000,293,4
95,2700000000000,77,-1
96,2700000000000,149,124
97,2700000000000,296,101
98,2700000000000,153,152
99,2700000000000,152,395
0,2760000000000,44,43
1,2760000000000,103,-1
2,2760000000000,451,475
3,2760000000000,-1,104
4,2760000000000,358,-1
5,2760000000000,266,555
6,2760000000000,20,19
7,2760000000000,539,563
8,2760000000000,371,395
9,2760000000000,508,532
10,2760000000000,554,578
11,2760000000000,150,321
12,2760000000000,201,-1
13,2760000000000,400,547
14,2760000000000,407,190
15,2760000000000,221,26
16,2760000000000,428,93
17,2760000000000,-1,429
18,2760000000000,529,218
19,2760000000000,226,225
20,2760000000000,-1,54
21,2760000000000,49,122
22,2760000000000,557,532
23,2760000000000,-1,141
24,2760000000000,176,151
25,2760000000000,404,428
26,2760000000000,576,-1
27,2760000000000,151,-1
28,2760000000000,529,528
29,2760000000000,58,82
30,2760000000000,74,98
31,2760000000000,141,381
32,2760000000000,451,475
33,2760000000000,571,595
34,2760000000000,441,80
35,2760000000000,451,-1
36,2760000000000,221,245
38,2760000000000,402,401
39,2760000000000,174,149
40,2760000000000,589,-1
41,2760000000000,53,344
42,2760000000000,3,27
43,2760000000000,456,455
44,2760000000000,344,102
45,2760000000000,580,-1
46,2760000000000,-1,555
47,2760000000000,199,174
48,2760000000000,28,52
49,2760000000000,-1,602
50,2760000000000,80,-1
51,2760000000000,-1,605
52,2760000000000,-1,127
54,2760000000000,476,46
55,2760000000000,165,164
56,2760000000000,-1,580
57,2760000000000,27,51
58,2760000000000,152,395
59,2760000000000,68,-1
60,2760000000000,396,-1
61,2760000000000,569,544
62,2760000000000,383,-1
63,2760000000000,407,406
64,2760000000000,171,-1
65,2760000000000,-1,380
66,2760000000000,243,242
67,2760000000000,99,123
68,2760000000000,344,368
69,2760000000000,50,197
70,2760000000000,-1,603
71,2760000000000,20,-1
72,2760000000000,176,-1
73,2760000000000,396,176
74,2760000000000,442,-1
75,2760000000000,45,69
76,2760000000000,147,-1
77,2760000000000,51,75
78,2760000000000,25,171
79,2760000000000,394,152
80,2760000000000,2,-1
81,2760000000000,99,-1
82,2760000000000,-1,376
83,2760000000000,1,25
84,2760000000000,-1,370
85,2760000000000,-1,596
86,2760000000000,404,92
87,2760000000000,173,124
88,2760000000000,320,77
89,2760000000000,540,539
90,2760000000000,102,-1
91,2760000000000,199,-1
92,2760000000000,-1,52
93,2760000000000,77,344
94,2760000000000,4,3
96,2760000000000,124,148
97,2760000000000,101,-1
98,2760000000000,152,419
99,2760000000000,395,394
0,2820000000000,43,402
1,2820000000000,-1,393
2,2820000000000,475,621
3,2820000000000,104,393
4,2820000000000,-1,164
5,2820000000000,555,-1
6,2820000000000,19,402
7,2820000000000,563,83
8,2820000000000,395,176
9,2820000000000,532,-1
10,2820000000000,578,218
11,2820000000000,321,125
12,2820000000000,-1,420
13,2820000000000,547,449
14,2820000000000,190,189
15,2820000000000,26,1
16,2820000000000,93,428
17,2820000000000,429,93
18,2820000000000,218,217
19,2820000000000,225,396
20,2820000000000,54,343
21,2820000000000,122,-1
22,2820000000000,532,-1
23,2820000000000,141,429
24,2820000000000,151,370
25,2820000000000,428,93
26,2820000000000,-1,170
27,2820000000000,-1,370
28,2820000000000,528,193
29,2820000000000,82,489
30,2820000000000,98,147
31,2820000000000,381,-1
32,2820000000000,475,45
33,2820000000000,595,376
34,2820000000000,80,-1
35,2820000000000,-1,45
36,2820000000000,245,26
37,2820000000000,-1,454
38,2820000000000,401,620
39,2820000000000,149,198
40,2820000000000,-1,613
41,2820000000000,344,77
42,2820000000000,27,2
43,2820000000000,455,191
44,2820000000000,102,-1
45,2820000000000,-1,579
46,2820000000000,555,-1
47,2820000000000,174,247
48,2820000000000,52,27
49,2820000000000,602,195
50,2820000000000,-1,417
51,2820000000000,605,604
52,2820000000000,127,393
53,2820000000000,-1,153
54,2820000000000,46,21
55,2820000000000,164,382
56,2820000000000,580,315
57,2820000000000,51,270
58,2820000000000,395,152
59,2820000000000,-1,403
60,2820000000000,-1,200
61,2820000000000,544,568
62,2820000000000,-1,188
63,2820000000000,406,-1
64,2820000000000,-1,600
65,2820000000000,380,116
66,2820000000000,242,554
67,2820000000000,123,147
68,2820000000000,368,-1
69,2820000000000,197,221
70,2820000000000,603,268
72,2820000000000,-1,395
73,2820000000000,176,-1
74,2820000000000,-1,104
75,2820000000000,69,-1
76,2820000000000,-1,122
77,2820000000000,75,246
78,2820000000000,171,0
79,2820000000000,152,127
80,2820000000000,-1,245
81,2820000000000,-1,172
82,2820000000000,376,595
83,2820000000000,25,0
84,2820000000000,370,127
85,2820000000000,596,620
86,2820000000000,92,-1
87,2820000000000,124,-1
88,2820000000000,77,52
89,2820000000000,539,132
90,2820000000000,-1,369
91,2820000000000,-1,272
92,2820000000000,52,270
93,2820000000000,344,-1
94,2820000000000,3,293
95,2820000000000,-1,76
96,2820000000000,148,197
97,2820000000000,-1,271
98,2820000000000,419,394
99,2820000000000,394,151
0,2880000000000,402,-1
1,2880000000000,393,-1
2,2880000000000,621,20
3,2880000000000,393,417
4,2880000000000,164,163
5,2880000000000,-1,554
6,2880000000000,402,401
7,2880000000000,83,107
8,2880000000000,176,175
9,2880000000000,-1,313
10,2880000000000,218,553
11,2880000000000,125,296
12,2880000000000,420,-1
13,2880000000000,449,522
14,2880000000000,189,431
15,2880000000000,1,25
16,2880000000000,428,452
17,2880000000000,93,117
18,2880000000000,217,553
19,2880000000000,396,420
20,2880000000000,343,367
21,2880000000000,-1,97
22,2880000000000,-1,314
23,2880000000000,429,141
24,2880000000000,370,-1
25,2880000000000,93,428
26,2880000000000,170,194
27,2880000000000,370,-1
28,2880000000000,193,192
29,2880000000000,489,488
30,2880000000000,147,98
31,2880000000000,-1,405
32,2880000000000,45,20
33,2880000000000,376,400
34,2880000000000,-1,104
35,2880000000000,45,20
36,2880000000000,26,50
37,2880000000000,454,166
38,2880000000000,620,19
39,2880000000000,198,222
40,2880000000000,613,157
41,2880000000000,77,-1
42,2880000000000,2,269
43,2880000000000,191,190
44,2880000000000,-1,344
45,2880000000000,579,-1
46,2880000000000,-1,291
47,2880000000000,247,-1
48,2880000000000,27,294
49,2880000000000,195,219
50,2880000000000,417,416
51,2880000000000,604,316
52,2880000000000,393,-1
53,2880000000000,153,128
54,2880000000000,21,45
55,2880000000000,382,381
56,2880000000000,315,580
57,2880000000000,270,269
58,2880000000000,152,176
59,2880000000000,403,-1
60,2880000000000,200,-1
61,2880000000000,568,277
62,2880000000000,188,-1
63,2880000000000,-1,165
64,2880000000000,600,-1
65,2880000000000,116,115
66,2880000000000,554,553
67,2880000000000,147,74
68,2880000000000,-1,77
69,2880000000000,221,172
70,2880000000000,268,578
71,2880000000000,-1,426
72,2880000000000,395,-1
73,2880000000000,-1,200
74,2880000000000,104,-1
75,2880000000000,-1,427
76,2880000000000,122,49
77,2880000000000,246,221
78,2880000000000,0,171
79,2880000000000,127,394
80,2880000000000,245,244
81,2880000000000,172,123
82,2880000000000,595,619
83,2880000000000,0,195
84,2880000000000,127,126
85,2880000000000,620,400
86,2880000000000,-1,404
87,2880000000000,-1,197
88,2880000000000,52,76
89,2880000000000,132,-1
90,2880000000000,369,368
91,2880000000000,272,-1
92,2880000000000,270,294
93,2880000000000,-1,77
94,2880000000000,293,292
95,2880000000000,76,-1
96,2880000000000,197,148
97,2880000000000,271,295
98,2880000000000,394,-1
99,2880000000000,151,-1
0,2940000000000,-1,377
1,2940000000000,-1,102
2,2940000000000,20,450
3,2940000000000,417,-1
4,2940000000000,163,357
5,2940000000000,554,265
6,2940000000000,401,19
7,2940000000000,107,538
8,2940000000000,175,394
9,2940000000000,313,507
10,2940000000000,553,-1
11,2940000000000,296,174
12,2940000000000,-1,200
13,2940000000000,522,449
14,2940000000000,431,430
15,2940000000000,25,220
16,2940000000000,452,427
17,2940000000000,117,-1
18,2940000000000,553,-1
19,2940000000000,420,274
20,2940000000000,367,-1
21,2940000000000,97,48
22,2940000000000,314,556
23,2940000000000,141,-1
24,2940000000000,-1,175
25,2940000000000,428,403
26,2940000000000,194,575
27,2940000000000,-1,150
28,2940000000000,192,528
29,2940000000000,488,57
30,2940000000000,98,73
31,2940000000000,405,140
32,2940000000000,20,450
33,2940000000000,400,570
34,2940000000000,104,440
35,2940000000000,20,450
36,2940000000000,50,-1
37,2940000000000,166,-1
38,2940000000000,19,401
39,2940000000000,222,173
40,2940000000000,157,588
42,2940000000000,269,2
43,2940000000000,190,455
44,2940000000000,344,101
46,2940000000000,291,290
47,2940000000000,-1,198
48,2940000000000,294,51
49,2940000000000,219,601
50,2940000000000,416,79
51,2940000000000,316,-1
52,2940000000000,-1,127
53,2940000000000,128,-1
54,2940000000000,45,475
55,2940000000000,381,164
56,2940000000000,580,-1
57,2940000000000,269,50
58,2940000000000,176,151
59,2940000000000,-1,67
60,2940000000000,-1,395
61,2940000000000,277,-1
62,2940000000000,-1,382
63,2940000000000,165,406
64,2940000000000,-1,170
65,2940000000000,115,404
66,2940000000000,553,242
67,2940000000000,74,98
68,2940000000000,77,343
69,2940000000000,172,123
70,2940000000000,578,602
71,2940000000000,426,19
72,2940000000000,-1,175
73,2940000000000,200,419
74,2940000000000,-1,441
75,2940000000000,427,68
76,2940000000000,49,73
77,2940000000000,221,50
78,2940000000000,171,146
79,2940000000000,394,393
80,2940000000000,244,1
81,2940000000000,123,98
82,2940000000000,619,376
83,2940000000000,195,0
84,2940000000000,126,-1
85,2940000000000,400,595
86,2940000000000,404,403
87,2940000000000,197,-1
88,2940000000000,76,319
89,2940000000000,-1,539
90,2940000000000,368,101
91,2940000000000,-1,198
92,2940000000000,294,-1
93,2940000000000,77,319
94,2940000000000,292,3
96,2940000000000,148,123
97,2940000000000,295,100
98,2940000000000,-1,151
99,2940000000000,-1,394
0,3000000000000,377,401
1,3000000000000,102,-1
2,3000000000000,450,620
3,3000000000000,-1,392
4,3000000000000,357,381
5,3000000000000,265,554
6,3000000000000,19,18
7,3000000000000,538,562
8,3000000000000,394,-1
9,3000000000000,507,531
10,3000000000000,-1,577
11,3000000000000,174,320
12,3000000000000,200,-1
13,3000000000000,449,546
14,3000000000000,430,189
15,3000000000000,220,25
16,3000000000000,427,92
17,3000000000000,-1,428
18,3000000000000,-1,217
19,3000000000000,274,-1
20,3000000000000,-1,53
21,3000000000000,48,121
22,3000000000000,556,555
23,3000000000000,-1,140
24,3000000000000,175,150
25,3000000000000,403,427
26,3000000000000,575,-1
27,3000000000000,150,-1
28,3000000000000,528,527
29,3000000000000,57,81
30,3000000000000,73,146
31,3000000000000,140,380
32,3000000000000,450,499
33,3000000000000,570,594
34,3000000000000,440,104
35,3000000000000,450,-1
36,3000000000000,-1,244
38,3000000000000,401,400
39,3000000000000,173,148
40,3000000000000,588,612
41,3000000000000,-1,52
42,3000000000000,2,26
43,3000000000000,455,454
44,3000000000000,101,-1
46,3000000000000,290,554
47,3000000000000,198,173
48,3000000000000,51,-1
49,3000000000000,601,0
50,3000000000000,79,103
51,3000000000000,-1,604
52,3000000000000,127,126
54,3000000000000,475,524
55,3000000000000,164,163
56,3000000000000,-1,579
57,3000000000000,50,-1
58,3000000000000,151,-1
59,3000000000000,67,-1
60,3000000000000,395,-1
62,3000000000000,382,-1
63,3000000000000,406,405
64,3000000000000,170,194
65,3000000000000,404,379
66,3000000000000,242,241
67,3000000000000,98,122
68,3000000000000,343,367
69,3000000000000,123,196
70,3000000000000,602,-1
71,3000000000000,19,-1
72,3000000000000,175,224
73,3000000000000,419,175
74,3000000000000,441,-1
75,3000000000000,68,-1
76,3000000000000,73,146
77,3000000000000,50,99
78,3000000000000,146,24
79,3000000000000,393,151
80,3000000000000,1,25
81,3000000000000,98,-1
82,3000000000000,376,375
83,3000000000000,0,49
85,3000000000000,595,-1
86,3000000000000,403,91
87,3000000000000,-1,123
88,3000000000000,319,76
89,3000000000000,539,538
90,3000000000000,101,-1
91,3000000000000,198,-1
92,3000000000000,-1,50
93,3000000000000,319,343
94,3000000000000,3,2
96,3000000000000,123,147
97,3000000000000,100,295
98,3000000000000,151,418
99,3000000000000,394,393
0,3060000000000,401,-1
1,3060000000000,-1,392
2,3060000000000,620,-1
3,3060000000000,392,416
4,3060000000000,381,163
5,3060000000000,554,-1
6,3060000000000,18,401
7,3060000000000,562,537
8,3060000000000,-1,175
9,3060000000000,531,313
10,3060000000000,577,242
11,3060000000000,320,174
12,3060000000000,-1,419
13,3060000000000,546,448
14,3060000000000,189,188
15,3060000000000,25,0
16,3060000000000,92,427
17,3060000000000,428,116
18,3060000000000,217,216
19,3060000000000,-1,395
20,3060000000000,53,342
21,3060000000000,121,-1
22,3060000000000,555,313
23,3060000000000,140,428
24,3060000000000,150,369
25,3060000000000,427,92
26,3060000000000,-1,169
27,3060000000000,-1,369
28,3060000000000,527,192
29,3060000000000,81,488
30,3060000000000,146,-1
31,3060000000000,380,404
32,3060000000000,499,44
33,3060000000000,594,375
34,3060000000000,104,79
35,3060000000000,-1,44
36,3060000000000,244,25
37,3060000000000,-1,453
38,3060000000000,400,18
39,3060000000000,148,221
40,3060000000000,612,587
41,3060000000000,52,342
42,3060000000000,26,1
43,3060000000000,454,190
45,3060000000000,-1,578
46,3060000000000,554,-1
47,3060000000000,173,197
48,3060000000000,-1,26
49,3060000000000,0,218
50,3060000000000,103,416
51,3060000000000,604,603
52,3060000000000,126,392
53,3060000000000,-1,152
54,3060000000000,524,20
55,3060000000000,163,381
56,3060000000000,579,314
57,3060000000000,-1,269
58,3060000000000,-1,418
59,3060000000000,-1,402
60,3060000000000,-1,224
61,3060000000000,-1,567
62,3060000000000,-1,187
63,3060000000000,405,-1
64,3060000000000,194,624
65,3060000000000,379,115
66,3060000000000,241,553
67,3060000000000,122,146
68,3060000000000,367,77
69,3060000000000,196,220
70,3060000000000,-1,267
71,3060000000000,-1,425
72,3060000000000,224,394
73,3060000000000,175,-1
74,3060000000000,-1,103
76,3060000000000,146,121
77,3060000000000,99,245
78,3060000000000,24,-1
79,3060000000000,151,126
80,3060000000000,25,244
81,3060000000000,-1,171
82,3060000000000,375,594
83,3060000000000,49,219
84,3060000000000,-1,393
85,3060000000000,-1,619
86,3060000000000,91,-1
87,3060000000000,123,196
88,3060000000000,76,51
89,3060000000000,538,131
90,3060000000000,-1,368
91,3060000000000,-1,271
92,3060000000000,50,293
93,3060000000000,343,-1
94,3060000000000,2,292
95,3060000000000,-1,318
96,3060000000000,147,196
97,3060000000000,295,270
98,3060000000000,418,393
99,3060000000000,393,150
1,3120000000000,392,-1
2,3120000000000,-1,19
3,3120000000000,416,-1
4,3120000000000,163,162
5,3120000000000,-1,553
6,3120000000000,401,400
7,3120000000000,537,106
8,3120000000000,175,199
9,3120000000000,313,312
10,3120000000000,242,552
11,3120000000000,174,295
12,3120000000000,419,-1
13,3120000000000,448,545
14,3120000000000,188,430
15,3120000000000,0,49
16,3120000000000,427,451
17,3120000000000,116,-1
18,3120000000000,216,552
19,3120000000000,395,419
20,3120000000000,342,366
21,3120000000000,-1,96
22,3120000000000,313,-1
23,3120000000000,428,140
24,3120000000000,369,-1
25,3120000000000,92,427
26,3120000000000,169,193
27,3120000000000,369,-1
28,3120000000000,192,191
29,3120000000000,488,487
30,3120000000000,-1,97
31,3120000000000,404,-1
32,3120000000000,44,19
33,3120000000000,375,424
34,3120000000000,79,440
35,3120000000000,44,-1
36,3120000000000,25,74
37,3120000000000,453,-1
38,3120000000000,18,-1
39,3120000000000,221,-1
40,3120000000000,587,-1
41,3120000000000,342,76
42,3120000000000,1,268
43,3120000000000,190,189
44,3120000000000,-1,367
45,3120000000000,578,-1
46,3120000000000,-1,290
47,3120000000000,197,246
48,3120000000000,26,293
49,3120000000000,218,-1
50,3120000000000,416,78
51,3120000000000,603,315
52,3120000000000,392,-1
53,3120000000000,152,127
54,3120000000000,20,44
55,3120000000000,381,380
56,3120000000000,314,-1
57,3120000000000,269,25
58,3120000000000,418,175
59,3120000000000,402,-1
60,3120000000000,224,-1
61,3120000000000,567,301
62,3120000000000,187,-1
63,3120000000000,-1,164
64,3120000000000,624,-1
65,3120000000000,115,403
66,3120000000000,553,552
67,3120000000000,146,73
68,3120000000000,77,342
69,3120000000000,220,195
70,3120000000000,267,602
71,3120000000000,425,19
72,3120000000000,394,-1
73,3120000000000,-1,224
74,3120000000000,103,-1
75,3120000000000,-1,426
76,3120000000000,121,48
77,3120000000000,245,74
78,3120000000000,-1,170
79,3120000000000,126,417
80,3120000000000,244,243
81,3120000000000,171,122
82,3120000000000,594,618
83,3120000000000,219,194
84,3120000000000,393,150
85,3120000000000,619,424
86,3120000000000,-1,403
87,3120000000000,196,147
88,3120000000000,51,75
89,3120000000000,131,155
90,3120000000000,368,367
91,3120000000000,271,246
92,3120000000000,293,-1
93,3120000000000,-1,318
94,3120000000000,292,291
95,3120000000000,318,75
96,3120000000000,196,147
97,3120000000000,270,294
98,3120000000000,393,417
99,3120000000000,150,-1
0,3180000000000,-1,376
1,3180000000000,-1,101
2,3180000000000,19,474
4,3180000000000,162,356
5,3180000000000,553,264
6,3180000000000,400,42
7,3180000000000,106,537
8,3180000000000,199,393
9,3180000000000,312,506
10,3180000000000,552,576
11,3180000000000,295,173
12,3180000000000,-1,249
13,3180000000000,545,472
14,3180000000000,430,429
15,3180000000000,49,219
16,3180000000000,451,426
18,3180000000000,552,-1
19,3180000000000,419,273
20,3180000000000,366,-1
21,3180000000000,96,47
22,3180000000000,-1,555
23,3180000000000,140,-1
24,3180000000000,-1,199
25,3180000000000,427,426
26,3180000000000,193,599
27,3180000000000,-1,199
28,3180000000000,191,-1
29,3180000000000,487,80
30,3180000000000,97,72
31,3180000000000,-1,139
32,3180000000000,19,474
33,3180000000000,424,593
34,3180000000000,440,439
35,3180000000000,-1,474
36,3180000000000,74,49
37,3180000000000,-1,165
38,3180000000000,-1,400
39,3180000000000,-1,172
41,3180000000000,76,-1
42,3180000000000,268,267
43,3180000000000,189,454
44,3180000000000,367,-1
46,3180000000000,290,289
47,3180000000000,246,197
48,3180000000000,293,292
49,3180000000000,-1,600
50,3180000000000,78,-1
51,3180000000000,315,-1
52,3180000000000,-1,126
53,3180000000000,127,-1
54,3180000000000,44,499
55,3180000000000,380,163
56,3180000000000,-1,579
57,3180000000000,25,74
58,3180000000000,175,150
59,3180000000000,-1,66
60,3180000000000,-1,394
61,3180000000000,301,276
62,3180000000000,-1,381
63,3180000000000,164,429
64,3180000000000,-1,169
65,3180000000000,403,-1
66,3180000000000,552,241
67,3180000000000,73,97
68,3180000000000,342,366
69,3180000000000,195,122
70,3180000000000,602,601
71,3180000000000,19,449
72,3180000000000,-1,199
73,3180000000000,224,418
74,3180000000000,-1,440
75,3180000000000,426,67
76,3180000000000,48,72
77,3180000000000,74,98
78,3180000000000,170,145
79,3180000000000,417,392
80,3180000000000,243,0
81,3180000000000,122,97
82,3180000000000,618,375
83,3180000000000,194,24
84,3180000000000,150,125
85,3180000000000,424,-1
86,3180000000000,403,115
87,3180000000000,147,171
88,3180000000000,75,318
89,3180000000000,155,538
90,3180000000000,367,100
91,3180000000000,246,197
93,3180000000000,318,342
94,3180000000000,291,2
95,3180000000000,75,-1
96,3180000000000,147,122
97,3180000000000,294,124
98,3180000000000,417,150
99,3180000000000,-1,393
0,3240000000000,376,400
1,3240000000000,101,-1
2,3240000000000,474,19
4,3240000000000,356,380
5,3240000000000,264,-1
6,3240000000000,42,17
7,3240000000000,537,561
8,3240000000000,393,-1
9,3240000000000,506,530
10,3240000000000,576,-1
11,3240000000000,173,319
12,3240000000000,249,224
13,3240000000000,472,545
14,3240000000000,429,188
15,3240000000000,219,243
16,3240000000000,426,91
17,3240000000000,-1,91
18,3240000000000,-1,527
19,3240000000000,273,-1
20,3240000000000,-1,52
21,3240000000000,47,120
22,3240000000000,555,337
23,3240000000000,-1,139
24,3240000000000,199,-1
25,3240000000000,426,-1
26,3240000000000,599,-1
27,3240000000000,199,174
28,3240000000000,-1,526
29,3240000000000,80,-1
30,3240000000000,72,145
31,3240000000000,139,404
32,3240000000000,474,498
33,3240000000000,593,-1
34,3240000000000,439,103
35,3240000000000,474,-1
36,3240000000000,49,-1
37,3240000000000,165,-1
38,3240000000000,400,424
39,3240000000000,172,147
40,3240000000000,-1,611
41,3240000000000,-1,342
42,3240000000000,267,25
43,3240000000000,454,453
44,3240000000000,-1,342
46,3240000000000,289,553
47,3240000000000,197,172
48,3240000000000,292,50
49,3240000000000,600,24
50,3240000000000,-1,102
51,3240000000000,-1,603
52,3240000000000,126,125
53,3240000000000,-1,151
54,3240000000000,499,523
55,3240000000000,163,162
56,3240000000000,579,578
57,3240000000000,74,-1
58,3240000000000,150,-1
59,3240000000000,66,-1
60,3240000000000,394,-1
61,3240000000000,276,-1
62,3240000000000,381,-1
63,3240000000000,429,-1
64,3240000000000,169,193
65,3240000000000,-1,378
66,3240000000000,241,240
67,3240000000000,97,170
68,3240000000000,366,-1
69,3240000000000,122,219
70,3240000000000,601,-1
71,3240000000000,449,18
72,3240000000000,199,223
73,3240000000000,418,224
74,3240000000000,440,-1
75,3240000000000,67,-1
76,3240000000000,72,145
77,3240000000000,98,-1
78,3240000000000,145,23
79,3240000000000,392,150
80,3240000000000,0,49
81,3240000000000,97,-1
82,3240000000000,375,424
83,3240000000000,24,48
84,3240000000000,125,-1
85,3240000000000,-1,594
86,3240000000000,115,90
87,3240000000000,171,220
88,3240000000000,318,75
89,3240000000000,538,537
90,3240000000000,100,-1
91,3240000000000,197,-1
92,3240000000000,-1,74
93,3240000000000,342,-1
94,3240000000000,2,1
95,3240000000000,-1,124
96,3240000000000,122,146
97,3240000000000,124,148
98,3240000000000,150,417
99,3240000000000,393,392
0,3300000000000,400,-1
1,3300000000000,-1,391
2,3300000000000,19,619
3,3300000000000,-1,101
4,3300000000000,380,162
5,3300000000000,-1,553
6,3300000000000,17,400
7,3300000000000,561,-1
9,3300000000000,530,312
10,3300000000000,-1,240
11,3300000000000,319,148
12,3300000000000,224,418
13,3300000000000,545,447
14,3300000000000,188,187
15,3300000000000,243,48
16,3300000000000,91,450
17,3300000000000,91,426
18,3300000000000,527,215
19,3300000000000,-1,394
20,3300000000000,52,365
21,3300000000000,120,-1
22,3300000000000,337,-1
23,3300000000000,139,427
24,3300000000000,-1,368
25,3300000000000,-1,91
26,3300000000000,-1,168
27,3300000000000,174,368
28,3300000000000,526,215
29,3300000000000,-1,487
30,3300000000000,145,-1
31,3300000000000,404,403
32,3300000000000,498,43
33,3300000000000,-1,399
34,3300000000000,103,78
35,3300000000000,-1,43
37,3300000000000,-1,452
38,3300000000000,424,17
39,3300000000000,147,171
40,3300000000000,611,586
41,3300000000000,342,341
42,3300000000000,25,0
43,3300000000000,453,189
44,3300000000000,342,100
45,3300000000000,-1,577
46,3300000000000,553,577
47,3300000000000,172,196
48,3300000000000,50,25
49,3300000000000,24,217
50,3300000000000,102,415
51,3300000000000,603,602
52,3300000000000,125,391
53,3300000000000,151,-1
54,3300000000000,523,43
55,3300000000000,162,380
56,3300000000000,578,313
57,3300000000000,-1,268
58,3300000000000,-1,417
59,3300000000000,-1,401
60,3300000000000,-1,223
61,3300000000000,-1,566
62,3300000000000,-1,186
63,3300000000000,-1,404
64,3300000000000,193,623
65,3300000000000,378,-1
66,3300000000000,240,552
67,3300000000000,170,145
68,3300000000000,-1,75
69,3300000000000,219,-1
70,3300000000000,-1,266
71,3300000000000,18,-1
72,3300000000000,223,393
73,3300000000000,224,199
74,3300000000000,-1,102
76,3300000000000,145,120
77,3300000000000,-1,244
78,3300000000000,23,-1
79,3300000000000,150,125
80,3300000000000,49,267
81,3300000000000,-1,170
82,3300000000000,424,593
83,3300000000000,48,218
84,3300000000000,-1,392
85,3300000000000,594,618
86,3300000000000,90,-1
87,3300000000000,220,171
88,3300000000000,75,99
89,3300000000000,537,130
90,3300000000000,-1,367
91,3300000000000,-1,270
92,3300000000000,74,292
93,3300000000000,-1,75
94,3300000000000,1,291
95,3300000000000,124,317
96,3300000000000,146,195
97,3300000000000,148,293
98,3300000000000,417,-1
99,3300000000000,392,174
1,3360000000000,391,-1
2,3360000000000,619,18
3,3360000000000,101,-1
4,3360000000000,162,161
5,3360000000000,553,552
6,3360000000000,400,41
7,3360000000000,-1,536
8,3360000000000,-1,198
9,3360000000000,312,311
10,3360000000000,240,551
11,3360000000000,148,294
12,3360000000000,418,442
13,3360000000000,447,569
14,3360000000000,187,429
15,3360000000000,48,-1
16,3360000000000,450,-1
17,3360000000000,426,-1
18,3360000000000,215,-1
19,3360000000000,394,418
20,3360000000000,365,51
21,3360000000000,-1,95
22,3360000000000,-1,312
23,3360000000000,427,-1
24,3360000000000,368,392
25,3360000000000,91,426
26,3360000000000,168,192
27,3360000000000,368,-1
28,3360000000000,215,190
29,3360000000000,487,486
30,3360000000000,-1,96
31,3360000000000,403,-1
32,3360000000000,43,473
33,3360000000000,399,423
34,3360000000000,78,439
35,3360000000000,43,-1
36,3360000000000,-1,73
37,3360000000000,452,-1
38,3360000000000,17,-1
39,3360000000000,171,220
40,3360000000000,586,-1
41,3360000000000,341,75
42,3360000000000,0,267
43,3360000000000,189,188
44,3360000000000,100,75
45,3360000000000,577,-1
46,3360000000000,577,289
47,3360000000000,196,245
48,3360000000000,25,292
49,3360000000000,217,624
50,3360000000000,415,77
51,3360000000000,602,314
52,3360000000000,391,-1
53,3360000000000,-1,126
54,3360000000000,43,-1
55,3360000000000,380,379
56,3360000000000,313,-1
57,3360000000000,268,74
58,3360000000000,417,392
59,3360000000000,401,400
60,3360000000000,223,-1
61,3360000000000,566,300
62,3360000000000,186,-1
63,3360000000000,404,163
64,3360000000000,623,-1
65,3360000000000,-1,402
66,3360000000000,552,551
67,3360000000000,145,-1
68,3360000000000,75,341
69,3360000000000,-1,194
70,3360000000000,266,601
71,3360000000000,-1,618
72,3360000000000,393,-1
73,3360000000000,199,223
74,3360000000000,102,-1
75,3360000000000,-1,425
76,3360000000000,120,47
77,3360000000000,244,243
78,3360000000000,-1,169
79,3360000000000,125,416
80,3360000000000,267,242
81,3360000000000,170,121
82,3360000000000,593,617
83,3360000000000,218,193
84,3360000000000,392,367
85,3360000000000,618,423
86,3360000000000,-1,426
87,3360000000000,171,146
88,3360000000000,99,-1
89,3360000000000,130,154
90,3360000000000,367,366
91,3360000000000,270,245
92,3360000000000,292,-1
93,3360000000000,75,317
94,3360000000000,291,290
95,3360000000000,317,99
96,3360000000000,195,146
97,3360000000000,293,123
98,3360000000000,-1,150
99,3360000000000,174,-1
0,3420000000000,-1,375
1,3420000000000,-1,100
2,3420000000000,18,473
4,3420000000000,161,355
5,3420000000000,552,263
6,3420000000000,41,-1
7,3420000000000,536,-1
8,3420000000000,198,392
9,3420000000000,311,505
10,3420000000000,551,575
11,3420000000000,294,172
12,3420000000000,442,248
13,3420000000000,569,447
14,3420000000000,429,428
15,3420000000000,-1,218
16,3420000000000,-1,425
17,3420000000000,-1,115
19,3420000000000,418,272
20,3420000000000,51,-1
21,3420000000000,95,46
22,3420000000000,312,554
23,3420000000000,-1,139
24,3420000000000,392,198
25,3420000000000,426,425
26,3420000000000,192,598
27,3420000000000,-1,198
28,3420000000000,190,-1
29,3420000000000,486,79
30,3420000000000,96,71
31,3420000000000,-1,138
32,3420000000000,473,-1
33,3420000000000,423,-1
34,3420000000000,439,438
35,3420000000000,-1,473
36,3420000000000,73,48
37,3420000000000,-1,164
38,3420000000000,-1,617
39,3420000000000,220,171
41,3420000000000,75,-1
42,3420000000000,267,266
43,3420000000000,188,477
44,3420000000000,75,366
46,3420000000000,289,288
47,3420000000000,245,196
48,3420000000000,292,291
49,3420000000000,624,-1
50,3420000000000,77,-1
51,3420000000000,314,-1
52,3420000000000,-1,125
53,3420000000000,126,-1
54,3420000000000,-1,498
55,3420000000000,379,162
56,3420000000000,-1,578
57,3420000000000,74,73
58,3420000000000,392,174
59,3420000000000,400,65
60,3420000000000,-1,393
61,3420000000000,300,275
62,3420000000000,-1,380
63,3420000000000,163,162
64,3420000000000,-1,168
65,3420000000000,402,-1
66,3420000000000,551,240
67,3420000000000,-1,96
68,3420000000000,341,365
69,3420000000000,194,121
70,3420000000000,601,600
71,3420000000000,618,17
72,3420000000000,-1,198
73,3420000000000,223,417
74,3420000000000,-1,439
75,3420000000000,425,449
76,3420000000000,47,71
77,3420000000000,243,97
78,3420000000000,169,144
79,3420000000000,416,391
80,3420000000000,242,24
81,3420000000000,121,96
82,3420000000000,617,399
83,3420000000000,193,23
84,3420000000000,367,149
85,3420000000000,423,-1
86,3420000000000,426,-1
87,3420000000000,146,170
88,3420000000000,-1,317
89,3420000000000,154,129
90,3420000000000,366,124
91,3420000000000,245,196
93,3420000000000,317,99
94,3420000000000,290,0
95,3420000000000,99,-1
96,3420000000000,146,121
97,3420000000000,123,-1
98,3420000000000,150,174
99,3420000000000,-1,392
0,3480000000000,375,424
1,3480000000000,100,-1
2,3480000000000,473,18
3,3480000000000,-1,415
4,3480000000000,355,379
5,3480000000000,263,-1
6,3480000000000,-1,16
7,3480000000000,-1,105
8,3480000000000,392,-1
9,3480000000000,505,529
10,3480000000000,575,240
11,3480000000000,172,318
12,3480000000000,248,417
13,3480000000000,447,544
14,3480000000000,428,187
15,3480000000000,218,48
16,3480000000000,425,-1
17,3480000000000,115,450
18,3480000000000,-1,550
19,3480000000000,272,-1
20,3480000000000,-1,75
21,3480000000000,46,119
22,3480000000000,554,336
23,3480000000000,139,138
24,3480000000000,198,173
25,3480000000000,425,90
26,3480000000000,598,167
27,3480000000000,198,173
29,3480000000000,79,-1
30,3480000000000,71,144
31,3480000000000,138,403
32,3480000000000,-1,497
33,3480000000000,-1,592
34,3480000000000,438,102
35,3480000000000,473,42
36,3480000000000,48,242
37,3480000000000,164,-1
38,3480000000000,617,423
39,3480000000000,171,146
40,3480000000000,-1,155
41,3480000000000,-1,341
42,3480000000000,266,49
43,3480000000000,477,-1
44,3480000000000,366,341
46,3480000000000,288,577
47,3480000000000,196,171
48,3480000000000,291,74
49,3480000000000,-1,23
50,3480000000000,-1,101
51,3480000000000,-1,602
52,3480000000000,125,149
53,3480000000000,-1,440
54,3480000000000,498,43
55,3480000000000,162,161
56,3480000000000,578,577
57,3480000000000,73,-1
58,3480000000000,174,198
59,3480000000000,65,400
60,3480000000000,393,-1
61,3480000000000,275,566
62,3480000000000,380,404
63,3480000000000,162,428
64,3480000000000,168,192
65,3480000000000,-1,377
66,3480000000000,240,239
67,3480000000000,96,120
68,3480000000000,365,75
69,3480000000000,121,194
70,3480000000000,600,265
71,3480000000000,17,448
72,3480000000000,198,222
73,3480000000000,417,223
74,3480000000000,439,-1
75,3480000000000,449,-1
76,3480000000000,71,144
77,3480000000000,97,-1
78,3480000000000,144,22
79,3480000000000,391,174
80,3480000000000,24,48
81,3480000000000,96,169
82,3480000000000,399,423
83,3480000000000,23,193
84,3480000000000,149,173
85,3480000000000,-1,447
86,3480000000000,-1,114
87,3480000000000,170,219
88,3480000000000,317,99
89,3480000000000,129,536
90,3480000000000,124,-1
91,3480000000000,196,-1
92,3480000000000,-1,73
93,3480000000000,99,-1
94,3480000000000,0,290
95,3480000000000,-1,123
96,3480000000000,121,194
97,3480000000000,-1,293
98,3480000000000,174,416
99,3480000000000,392,391
0,3540000000000,424,-1
1,3540000000000,-1,390
2,3540000000000,18,618
3,3540000000000,415,100
4,3540000000000,379,-1
5,3540000000000,-1,552
6,3540000000000,16,-1
7,3540000000000,105,560
8,3540000000000,-1,198
9,3540000000000,529,335
10,3540000000000,240,239
11,3540000000000,318,293
12,3540000000000,417,-1
13,3540000000000,544,446
14,3540000000000,187,186
15,3540000000000,48,47
16,3540000000000,-1,474
17,3540000000000,450,425
18,3540000000000,550,239
19,3540000000000,-1,393
20,3540000000000,75,50
21,3540000000000,119,-1
22,3540000000000,336,-1
23,3540000000000,138,426
24,3540000000000,173,367
25,3540000000000,90,-1
26,3540000000000,167,-1
27,3540000000000,173,367
28,3540000000000,-1,214
29,3540000000000,-1,54
30,3540000000000,144,-1
31,3540000000000,403,402
32,3540000000000,497,42
33,3540000000000,592,398
34,3540000000000,102,101
35,3540000000000,42,-1
36,3540000000000,242,48
37,3540000000000,-1,451
38,3540000000000,423,16
39,3540000000000,146,170
40,3540000000000,155,585
41,3540000000000,341,340
42,3540000000000,49,24
43,3540000000000,-1,452
44,3540000000000,341,-1
45,3540000000000,-1,601
46,3540000000000,577,576
47,3540000000000,171,195
48,3540000000000,74,-1
49,3540000000000,23,216
50,3540000000000,101,76
51,3540000000000,602,601
52,3540000000000,149,390
53,3540000000000,440,439
54,3540000000000,43,42
55,3540000000000,161,403
56,3540000000000,577,312
57,3540000000000,-1,267
58,3540000000000,198,416
59,3540000000000,400,-1
60,3540000000000,-1,222
61,3540000000000,566,565
62,3540000000000,404,185
63,3540000000000,428,403
64,3540000000000,192,622
65,3540000000000,377,-1
66,3540000000000,239,551
67,3540000000000,120,144
68,3540000000000,75,-1
69,3540000000000,194,218
70,3540000000000,265,-1
71,3540000000000,448,-1
72,3540000000000,222,392
73,3540000000000,223,198
74,3540000000000,-1,101
75,3540000000000,-1,66
76,3540000000000,144,119
77,3540000000000,-1,243
78,3540000000000,22,-1
79,3540000000000,174,415
80,3540000000000,48,266
81,3540000000000,169,-1
82,3540000000000,423,592
83,3540000000000,193,217
84,3540000000000,173,391
85,3540000000000,447,617
86,3540000000000,114,89
87,3540000000000,219,170
88,3540000000000,99,98
89,3540000000000,536,129
90,3540000000000,-1,366
91,3540000000000,-1,269
92,3540000000000,73,291
94,3540000000000,290,-1
95,3540000000000,123,316
96,3540000000000,194,-1
97,3540000000000,293,292
98,3540000000000,416,-1
99,3540000000000,391,173
1,3600000000000,390,-1
2,3600000000000,618,17
3,3600000000000,100,-1
4,3600000000000,-1,354
5,3600000000000,552,551
6,3600000000000,-1,40
7,3600000000000,560,535
8,3600000000000,198,197
9,3600000000000,335,310
10,3600000000000,239,550
11,3600000000000,293,-1
12,3600000000000,-1,441
13,3600000000000,446,568
14,3600000000000,186,428
15,3600000000000,47,-1
16,3600000000000,474,-1
17,3600000000000,425,-1
18,3600000000000,239,214
19,3600000000000,393,417
20,3600000000000,50,-1
21,3600000000000,-1,94
22,3600000000000,-1,311
23,3600000000000,426,-1
24,3600000000000,367,173
25,3600000000000,-1,425
26,3600000000000,-1,191
27,3600000000000,367,-1
28,3600000000000,214,-1
29,3600000000000,54,-1
30,3600000000000,-1,95
31,3600000000000,402,-1
32,3600000000000,42,-1
33,3600000000000,398,422
34,3600000000000,101,438
36,3600000000000,48,72
37,3600000000000,451,-1
38,3600000000000,16,-1
39,3600000000000,170,219
40,3600000000000,585,-1
41,3600000000000,340,99
42,3600000000000,24,48
43,3600000000000,452,187
44,3600000000000,-1,99
45,3600000000000,601,576
46,3600000000000,576,288
47,3600000000000,195,244
48,3600000000000,-1,49
49,3600000000000,216,623
50,3600000000000,76,-1
51,3600000000000,601,313
52,3600000000000,390,-1
53,3600000000000,439,125
54,3600000000000,42,497
55,3600000000000,403,378
56,3600000000000,312,-1
57,3600000000000,267,73
58,3600000000000,416,391
59,3600000000000,-1,424
60,3600000000000,222,-1
61,3600000000000,565,324
62,3600000000000,185,-1
63,3600000000000,403,-1
64,3600000000000,622,-1
66,3600000000000,551,550
67,3600000000000,144,71
68,3600000000000,-1,340
69,3600000000000,218,193
70,3600000000000,-1,600
71,3600000000000,-1,472
72,3600000000000,392,-1
73,3600000000000,198,222
74,3600000000000,101,-1
75,3600000000000,66,473
76,3600000000000,119,70
77,3600000000000,243,218
78,3600000000000,-1,168
79,3600000000000,415,-1
80,3600000000000,266,241
81,3600000000000,-1,95
82,3600000000000,592,398
83,3600000000000,217,192
84,3600000000000,391,366
85,3600000000000,617,422
86,3600000000000,89,425
87,3600000000000,170,145
88,3600000000000,98,316
89,3600000000000,129,153
90,3600000000000,366,365
91,3600000000000,269,244
92,3600000000000,291,-1
93,3600000000000,-1,341
94,3600000000000,-1,314
95,3600000000000,316,98
96,3600000000000,-1,145
97,3600000000000,292,122
98,3600000000000,-1,174
99,3600000000000,173,-1
0,3660000000000,-1,399
1,3660000000000,-1,124
2,3660000000000,17,472
4,3660000000000,354,-1
5,3660000000000,551,262
6,3660000000000,40,-1
7,3660000000000,535,559
8,3660000000000,197,391
9,3660000000000,310,504
10,3660000000000,550,599
11,3660000000000,-1,171
12,3660000000000,441,-1
13,3660000000000,568,470
14,3660000000000,428,427
15,3660000000000,-1,217
18,3660000000000,214,-1
19,3660000000000,417,271
21,3660000000000,94,45
22,3660000000000,311,-1
23,3660000000000,-1,138
24,3660000000000,173,197
25,3660000000000,425,449
26,3660000000000,191,-1
27,3660000000000,-1,197
28,3660000000000,-1,189
29,3660000000000,-1,78
30,3660000000000,95,70
31,3660000000000,-1,137
32,3660000000000,-1,472
33,3660000000000,422,-1
34,3660000000000,438,437
35,3660000000000,-1,472
36,3660000000000,72,47
39,3660000000000,219,170
41,3660000000000,99,-1
42,3660000000000,48,265
43,3660000000000,187,476
44,3660000000000,99,365
45,3660000000000,576,-1
46,3660000000000,288,287
47,3660000000000,244,195
48,3660000000000,49,290
49,3660000000000,623,-1
50,3660000000000,-1,100
51,3660000000000,313,-1
52,3660000000000,-1,149
53,3660000000000,125,174
54,3660000000000,497,-1
55,3660000000000,378,161
56,3660000000000,-1,577
57,3660000000000,73,72
58,3660000000000,391,173
59,3660000000000,424,64
60,3660000000000,-1,392
61,3660000000000,324,323
62,3660000000000,-1,379
63,3660000000000,-1,161
64,3660000000000,-1,167
65,3660000000000,-1,401
66,3660000000000,550,239
67,3660000000000,71,95
68,3660000000000,340,364
69,3660000000000,193,120
70,3660000000000,600,624
71,3660000000000,472,447
72,3660000000000,-1,197
73,3660000000000,222,416
74,3660000000000,-1,438
75,3660000000000,473,448
76,3660000000000,70,-1
77,3660000000000,218,96
78,3660000000000,168,143
79,3660000000000,-1,390
80,3660000000000,241,23
81,3660000000000,95,-1
82,3660000000000,398,422
83,3660000000000,192,22
84,3660000000000,366,148
85,3660000000000,422,-1
86,3660000000000,425,-1
87,3660000000000,145,169
88,3660000000000,316,315
89,3660000000000,153,536
90,3660000000000,365,123
91,3660000000000,244,195
92,3660000000000,-1,73
93,3660000000000,341,98
94,3660000000000,314,24
95,3660000000000,98,-1
96,3660000000000,145,120
97,3660000000000,122,-1
98,3660000000000,174,173
99,3660000000000,-1,391
0,3720000000000,399,39
1,3720000000000,124,-1
2,3720000000000,472,17
3,3720000000000,-1,414
4,3720000000000,-1,378
5,3720000000000,262,-1
7,3720000000000,559,104
8,3720000000000,391,-1
9,3720000000000,504,310
10,3720000000000,599,239
11,3720000000000,171,317
12,3720000000000,-1,222
13,3720000000000,470,543
14,3720000000000,427,186
15,3720000000000,217,241
16,3720000000000,-1,473
17,3720000000000,-1,114
18,3720000000000,-1,574
19,3720000000000,271,392
20,3720000000000,-1,364
21,3720000000000,45,-1
23,3720000000000,138,137
24,3720000000000,197,366
25,3720000000000,449,89
26,3720000000000,-1,597
27,3720000000000,197,196
28,3720000000000,189,-1
29,3720000000000,78,-1
30,3720000000000,70,94
31,3720000000000,137,402
32,3720000000000,472,17
33,3720000000000,-1,397
34,3720000000000,437,101
35,3720000000000,472,-1
36,3720000000000,47,-1
37,3720000000000,-1,163
38,3720000000000,-1,616
39,3720000000000,170,145
40,3720000000000,-1,154
41,3720000000000,-1,340
42,3720000000000,265,48
43,3720000000000,476,-1
44,3720000000000,365,340
45,3720000000000,-1,600
46,3720000000000,287,576
47,3720000000000,195,170
48,3720000000000,290,73
49,3720000000000,-1,216
50,3720000000000,100,-1
51,3720000000000,-1,601
52,3720000000000,149,148
53,3720000000000,174,439
54,3720000000000,-1,42
55,3720000000000,161,160
56,3720000000000,577,576
57,3720000000000,72,266
58,3720000000000,173,415
59,3720000000000,64,424
60,3720000000000,392,-1
61,3720000000000,323,565
62,3720000000000,379,403
63,3720000000000,161,427
64,3720000000000,167,622
65,3720000000000,401,-1
66,3720000000000,239,238
67,3720000000000,95,168
68,3720000000000,364,99
69,3720000000000,120,193
70,3720000000000,624,264
71,3720000000000,447,-1
72,3720000000000,197,367
73,3720000000000,416,-1
74,3720000000000,438,-1
75,3720000000000,448,-1
76,3720000000000,-1,143
77,3720000000000,96,242
78,3720000000000,143,21
79,3720000000000,390,-1
80,3720000000000,23,241
81,3720000000000,-1,168
82,3720000000000,422,616
83,3720000000000,22,192
84,3720000000000,148,172
85,3720000000000,-1,616
86,3720000000000,-1,400
87,3720000000000,169,218
88,3720000000000,315,98
89,3720000000000,536,535
90,3720000000000,123,-1
91,3720000000000,195,268
92,3720000000000,73,266
93,3720000000000,98,-1
94,3720000000000,24,289
95,3720000000000,-1,316
96,3720000000000,120,144
97,3720000000000,-1,292
98,3720000000000,173,415
99,3720000000000,391,173
0,3780000000000,39,423
1,3780000000000,-1,389
2,3780000000000,17,16
3,3780000000000,414,124
4,3780000000000,378,-1
5,3780000000000,-1,551
6,3780000000000,-1,15
7,3780000000000,104,534
9,3780000000000,310,334
10,3780000000000,239,238
11,3780000000000,317,292
12,3780000000000,222,416
13,3780000000000,543,445
14,3780000000000,186,185
15,3780000000000,241,46
16,3780000000000,473,-1
17,3780000000000,114,449
18,3780000000000,574,238
19,3780000000000,392,-1
20,3780000000000,364,74
21,3780000000000,-1,118
22,3780000000000,-1,335
23,3780000000000,137,425
24,3780000000000,366,-1
25,3780000000000,89,-1
26,3780000000000,597,166
27,3780000000000,196,366
28,3780000000000,-1,213
29,3780000000000,-1,485
30,3780000000000,94,143
31,3780000000000,402,401
32,3780000000000,17,41
33,3780000000000,397,-1
34,3780000000000,101,100
35,3780000000000,-1,41
37,3780000000000,163,450
38,3780000000000,616,15
39,3780000000000,145,194
40,3780000000000,154,178
41,3780000000000,340,339
42,3780000000000,48,23
43,3780000000000,-1,451
44,3780000000000,340,364
45,3780000000000,600,287
46,3780000000000,576,575
47,3780000000000,170,194
48,3780000000000,73,-1
49,3780000000000,216,622
50,3780000000000,-1,413
51,3780000000000,601,600
52,3780000000000,148,389
53,3780000000000,439,438
54,3780000000000,42,41
55,3780000000000,160,402
56,3780000000000,576,311
57,3780000000000,266,-1
58,3780000000000,415,-1
59,3780000000000,424,-1
60,3780000000000,-1,221
61,3780000000000,565,564
62,3780000000000,403,184
63,3780000000000,427,402
64,3780000000000,622,621
65,3780000000000,-1,376
66,3780000000000,238,550
67,3780000000000,168,143
68,3780000000000,99,-1
69,3780000000000,193,217
70,3780000000000,264,-1
71,3780000000000,-1,16
72,3780000000000,367,391
73,3780000000000,-1,197
74,3780000000000,-1,100
75,3780000000000,-1,65
76,3780000000000,143,118
77,3780000000000,242,-1
78,3780000000000,21,-1
80,3780000000000,241,265
81,3780000000000,168,-1
82,3780000000000,616,615
83,3780000000000,192,216
84,3780000000000,172,390
85,3780000000000,616,-1
86,3780000000000,400,88
87,3780000000000,218,169
88,3780000000000,98,97
89,3780000000000,535,152
90,3780000000000,-1,365
91,3780000000000,268,-1
92,3780000000000,266,72
93,3780000000000,-1,122
94,3780000000000,289,-1
95,3780000000000,316,315
96,3780000000000,144,193
97,3780000000000,292,291
98,3780000000000,415,-1
99,3780000000000,173,172
0,3840000000000,423,-1
1,3840000000000,389,-1
2,3840000000000,16,471
3,3840000000000,124,-1
4,3840000000000,-1,353
5,3840000000000,551,262
6,3840000000000,15,-1
7,3840000000000,534,-1
8,3840000000000,-1,390
9,3840000000000,334,-1
10,3840000000000,238,598
11,3840000000000,292,-1
12,3840000000000,416,222
13,3840000000000,445,567
14,3840000000000,185,427
15,3840000000000,46,216
17,3840000000000,449,-1
18,3840000000000,238,213
19,3840000000000,-1,246
20,3840000000000,74,-1
21,3840000000000,118,93
22,3840000000000,335,310
23,3840000000000,425,-1
24,3840000000000,-1,172
25,3840000000000,-1,88
26,3840000000000,166,190
27,3840000000000,366,196
28,3840000000000,213,-1
29,3840000000000,485,53
30,3840000000000,143,94
31,3840000000000,401,136
32,3840000000000,41,496
33,3840000000000,-1,591
34,3840000000000,100,437
35,3840000000000,41,496
36,3840000000000,-1,241
37,3840000000000,450,-1
38,3840000000000,15,-1
39,3840000000000,194,218
40,3840000000000,178,584
41,3840000000000,339,98
42,3840000000000,23,289
43,3840000000000,451,475
44,3840000000000,364,98
45,3840000000000,287,575
46,3840000000000,575,287
47,3840000000000,194,243
48,3840000000000,-1,72
49,3840000000000,622,-1
50,3840000000000,413,75
51,3840000000000,600,312
52,3840000000000,389,-1
53,3840000000000,438,174
54,3840000000000,41,496
55,3840000000000,402,-1
56,3840000000000,311,-1
57,3840000000000,-1,72
58,3840000000000,-1,390
59,3840000000000,-1,423
60,3840000000000,221,391
61,3840000000000,564,323
62,3840000000000,184,-1
63,3840000000000,402,185
64,3840000000000,621,166
65,3840000000000,376,111
66,3840000000000,550,574
67,3840000000000,143,94
68,3840000000000,-1,363
69,3840000000000,217,168
70,3840000000000,-1,624
71,3840000000000,16,447
72,3840000000000,391,221
73,3840000000000,197,391
74,3840000000000,100,-1
75,3840000000000,65,64
76,3840000000000,118,69
77,3840000000000,-1,266
78,3840000000000,-1,167
79,3840000000000,-1,148
80,3840000000000,265,-1
81,3840000000000,-1,119
82,3840000000000,615,397
83,3840000000000,216,191
84,3840000000000,390,365
85,3840000000000,-1,421
86,3840000000000,88,-1
87,3840000000000,169,144
88,3840000000000,97,315
89,3840000000000,152,-1
90,3840000000000,365,123
91,3840000000000,-1,243
92,3840000000000,72,-1
93,3840000000000,122,340
94,3840000000000,-1,313
95,3840000000000,315,97
96,3840000000000,193,144
97,3840000000000,291,121
98,3840000000000,-1,173
99,3840000000000,172,390
1,3900000000000,-1,123
2,3900000000000,471,495
3,3900000000000,-1,148
4,3900000000000,353,377
5,3900000000000,262,286
6,3900000000000,-1,39
7,3900000000000,-1,558
8,3900000000000,390,-1
9,3900000000000,-1,503
10,3900000000000,598,-1
11,3900000000000,-1,170
12,3900000000000,222,440
13,3900000000000,567,469
14,3900000000000,427,426
15,3900000000000,216,240
18,3900000000000,213,237
19,3900000000000,246,270
20,3900000000000,-1,98
21,3900000000000,93,44
22,3900000000000,310,-1
23,3900000000000,-1,137
24,3900000000000,172,390
25,3900000000000,88,448
26,3900000000000,190,-1
27,3900000000000,196,-1
28,3900000000000,-1,188
29,3900000000000,53,77
30,3900000000000,94,69
31,3900000000000,136,-1
32,3900000000000,496,471
33,3900000000000,591,421
34,3900000000000,437,436
35,3900000000000,496,471
36,3900000000000,241,46
39,3900000000000,218,169
40,3900000000000,584,-1
41,3900000000000,98,-1
42,3900000000000,289,264
43,3900000000000,475,-1
44,3900000000000,98,122
45,3900000000000,575,-1
46,3900000000000,287,286
47,3900000000000,243,194
48,3900000000000,72,314
49,3900000000000,-1,21
50,3900000000000,75,124
51,3900000000000,312,-1
52,3900000000000,-1,148
53,3900000000000,174,173
54,3900000000000,496,-1
55,3900000000000,-1,160
56,3900000000000,-1,576
57,3900000000000,72,71
58,3900000000000,390,197
59,3900000000000,423,63
60,3900000000000,391,-1
61,3900000000000,323,322
62,3900000000000,-1,378
63,3900000000000,185,160
64,3900000000000,166,-1
65,3900000000000,111,400
66,3900000000000,574,238
67,3900000000000,94,-1
68,3900000000000,363,-1
69,3900000000000,168,119
70,3900000000000,624,623
71,3900000000000,447,446
72,3900000000000,221,196
73,3900000000000,391,415
75,3900000000000,64,447
76,3900000000000,69,-1
77,3900000000000,266,95
78,3900000000000,167,191
79,3900000000000,148,414
80,3900000000000,-1,47
81,3900000000000,119,94
82,3900000000000,397,421
83,3900000000000,191,21
84,3900000000000,365,147
85,3900000000000,421,-1
86,3900000000000,-1,449
87,3900000000000,144,168
88,3900000000000,315,314
90,3900000000000,123,122
91,3900000000000,243,194
92,3900000000000,-1,290
93,3900000000000,340,122
94,3900000000000,313,23
95,3900000000000,97,-1
96,3900000000000,144,119
97,3900000000000,121,-1
98,3900000000000,173,172
99,3900000000000,390,-1
0,3960000000000,-1,38
1,3960000000000,123,-1
2,3960000000000,495,16
3,3960000000000,148,413
4,3960000000000,377,-1
5,3960000000000,286,261
6,3960000000000,39,-1
7,3960000000000,558,103
9,3960000000000,503,309
10,3960000000000,-1,238
11,3960000000000,170,316
12,3960000000000,440,221
13,3960000000000,469,542
14,3960000000000,426,185
15,3960000000000,240,46
16,3960000000000,-1,472
17,3960000000000,-1,113
18,3960000000000,237,573
19,3960000000000,270,391
20,3960000000000,98,363
21,3960000000000,44,117
23,3960000000000,137,425
24,3960000000000,390,365
25,3960000000000,448,88
26,3960000000000,-1,165
27,3960000000000,-1,365
28,3960000000000,188,212
29,3960000000000,77,-1
30,3960000000000,69,93
31,3960000000000,-1,401
32,3960000000000,471,16
33,3960000000000,421,396
34,3960000000000,436,100
35,3960000000000,471,40
36,3960000000000,46,-1
37,3960000000000,-1,499
38,3960000000000,-1,14
39,3960000000000,169,144
40,3960000000000,-1,153
41,3960000000000,-1,339
42,3960000000000,264,-1
44,3960000000000,122,339
45,3960000000000,-1,287
46,3960000000000,286,575
47,3960000000000,194,169
48,3960000000000,314,289
49,3960000000000,21,215
50,3960000000000,124,-1
51,3960000000000,-1,600
52,3960000000000,148,147
53,3960000000000,173,438
54,3960000000000,-1,65
55,3960000000000,160,159
56,3960000000000,576,575
57,3960000000000,71,265
58,3960000000000,197,414
59,3960000000000,63,423
61,3960000000000,322,564
62,3960000000000,378,402
63,3960000000000,160,426
64,3960000000000,-1,621
65,3960000000000,400,-1
66,3960000000000,238,237
67,3960000000000,-1,118
68,3960000000000,-1,98
69,3960000000000,119,192
70,3960000000000,623,263
71,3960000000000,446,-1
72,3960000000000,196,366
73,3960000000000,415,-1
74,3960000000000,-1,437
75,3960000000000,447,-1
76,3960000000000,-1,142
77,3960000000000,95,241
78,3960000000000,191,20
79,3960000000000,414,389
80,3960000000000,47,264
81,3960000000000,94,167
82,3960000000000,421,615
83,3960000000000,21,191
84,3960000000000,147,389
85,3960000000000,-1,445
86,3960000000000,449,424
87,3960000000000,168,217
88,3960000000000,314,97
89,3960000000000,-1,559
90,3960000000000,122,-1
91,3960000000000,194,267
92,3960000000000,290,289
93,3960000000000,122,97
94,3960000000000,23,288
95,3960000000000,-1,315
96,3960000000000,119,192
97,3960000000000,-1,315
98,3960000000000,172,414
99,3960000000000,-1,389
0,4020000000000,38,-1
1,4020000000000,-1,388
2,4020000000000,16,15
3,4020000000000,413,148
4,4020000000000,-1,183
5,4020000000000,261,-1
6,4020000000000,-1,14
7,4020000000000,103,533
9,4020000000000,309,333
10,4020000000000,238,237
11,4020000000000,316,291
12,4020000000000,221,415
13,4020000000000,542,444
14,4020000000000,185,184
15,4020000000000,46,45
16,4020000000000,472,-1
17,4020000000000,113,448
18,4020000000000,573,237
19,4020000000000,391,-1
20,4020000000000,363,73
21,4020000000000,117,-1
22,4020000000000,-1,334
23,4020000000000,425,449
24,4020000000000,365,-1
25,4020000000000,88,-1
26,4020000000000,165,189
27,4020000000000,365,-1
28,4020000000000,212,-1
30,4020000000000,93,142
31,4020000000000,401,400
32,4020000000000,16,40
33,4020000000000,396,420
34,4020000000000,100,124
35,4020000000000,40,-1
36,4020000000000,-1,70
37,4020000000000,499,474
38,4020000000000,14,-1
39,4020000000000,144,168
40,4020000000000,153,177
41,4020000000000,339,338
42,4020000000000,-1,47
43,4020000000000,-1,450
44,4020000000000,339,363
45,4020000000000,287,286
46,4020000000000,575,599
47,4020000000000,169,193
48,4020000000000,289,72
49,4020000000000,215,621
50,4020000000000,-1,412
51,4020000000000,600,624
52,4020000000000,147,388
53,4020000000000,438,437
54,4020000000000,65,40
55,4020000000000,159,401
56,4020000000000,575,310
57,4020000000000,265,-1
58,4020000000000,414,-1
59,4020000000000,423,-1
60,4020000000000,-1,269
61,4020000000000,564,563
62,4020000000000,402,183
63,4020000000000,426,401
64,4020000000000,621,620
65,4020000000000,-1,424
66,4020000000000,237,574
67,4020000000000,118,142
68,4020000000000,98,-1
69,4020000000000,192,216
70,4020000000000,263,-1
71,4020000000000,-1,15
72,4020000000000,366,390
73,4020000000000,-1,220
74,4020000000000,437,124
76,4020000000000,142,117
77,4020000000000,241,265
78,4020000000000,20,-1
79,4020000000000,389,172
80,4020000000000,264,-1
81,4020000000000,167,-1
82,4020000000000,615,614
83,4020000000000,191,215
84,4020000000000,389,-1
85,4020000000000,445,615
86,4020000000000,424,-1
87,4020000000000,217,168
88,4020000000000,97,96
89,4020000000000,559,151
90,4020000000000,-1,364
91,4020000000000,267,-1
92,4020000000000,289,71
93,4020000000000,97,121
94,4020000000000,288,312
95,4020000000000,315,339
96,4020000000000,192,-1
97,4020000000000,315,290
98,4020000000000,414,-1
99,4020000000000,389,171
0,4080000000000,-1,422
1,4080000000000,388,412
2,4080000000000,15,470
3,4080000000000,148,123
4,4080000000000,183,352
5,4080000000000,-1,574
6,4080000000000,14,421
7,4080000000000,533,-1
8,4080000000000,-1,389
9,4080000000000,333,527
10,4080000000000,237,597
11,4080000000000,291,-1
12,4080000000000,415,245
13,4080000000000,444,566
14,4080000000000,184,426
15,4080000000000,45,215
17,4080000000000,448,-1
18,4080000000000,237,212
19,4080000000000,-1,245
20,4080000000000,73,-1
21,4080000000000,-1,92
22,4080000000000,334,309
23,4080000000000,449,-1
24,4080000000000,-1,195
25,4080000000000,-1,87
26,4080000000000,189,596
27,4080000000000,-1,195
29,4080000000000,-1,76
30,4080000000000,142,93
31,4080000000000,400,135
32,4080000000000,40,495
33,4080000000000,420,590
34,4080000000000,124,436
35,4080000000000,-1,64
36,4080000000000,70,240
37,4080000000000,474,-1
39,4080000000000,168,217
40,4080000000000,177,583
41,4080000000000,338,-1
42,4080000000000,47,288
43,4080000000000,450,499
44,4080000000000,363,122
45,4080000000000,286,599
46,4080000000000,599,286
47,4080000000000,193,242
48,4080000000000,72,71
49,4080000000000,621,-1
50,4080000000000,412,123
51,4080000000000,624,311
52,4080000000000,388,-1
53,4080000000000,437,173
54,4080000000000,40,495
55,4080000000000,401,-1
56,4080000000000,310,-1
57,4080000000000,-1,71
59,4080000000000,-1,447
60,4080000000000,269,366
61,4080000000000,563,322
62,4080000000000,183,-1
63,4080000000000,401,184
64,4080000000000,620,165
65,4080000000000,424,110
66,4080000000000,574,573
67,4080000000000,142,93
68,4080000000000,-1,362
69,4080000000000,216,191
70,4080000000000,-1,623
71,4080000000000,15,39
72,4080000000000,390,220
73,4080000000000,220,390
74,4080000000000,124,-1
75,4080000000000,-1,63
76,4080000000000,117,68
77,4080000000000,265,240
78,4080000000000,-1,190
79,4080000000000,172,171
81,4080000000000,-1,118
82,4080000000000,614,396
83,4080000000000,215,190
85,4080000000000,615,420
86,4080000000000,-1,111
87,4080000000000,168,143
88,4080000000000,96,314
89,4080000000000,151,534
90,4080000000000,364,122
92,4080000000000,71,-1
93,4080000000000,121,339
94,4080000000000,312,-1
95,4080000000000,339,96
96,4080000000000,-1,143
97,4080000000000,290,120
98,4080000000000,-1,172
99,4080000000000,171,389
0,4140000000000,422,-1
1,4140000000000,412,122
2,4140000000000,470,494
3,4140000000000,123,147
4,4140000000000,352,376
5,4140000000000,574,285
6,4140000000000,421,38
7,4140000000000,-1,557
8,4140000000000,389,-1
9,4140000000000,527,526
10,4140000000000,597,-1
11,4140000000000,-1,169
12,4140000000000,245,-1
13,4140000000000,566,468
14,4140000000000,426,425
15,4140000000000,215,239
16,4140000000000,-1,88
17,4140000000000,-1,472
18,4140000000000,212,236
19,4140000000000,245,269
20,4140000000000,-1,97
21,4140000000000,92,43
22,4140000000000,309,-1
23,4140000000000,-1,136
24,4140000000000,195,-1
25,4140000000000,87,447
26,4140000000000,596,164
27,4140000000000,195,-1
29,4140000000000,76,-1
30,4140000000000,93,68
31,4140000000000,135,-1
32,4140000000000,495,470
33,4140000000000,590,420
34,4140000000000,436,435
35,4140000000000,64,39
36,4140000000000,240,264
39,4140000000000,217,168
40,4140000000000,583,-1
41,4140000000000,-1,97
42,4140000000000,288,263
43,4140000000000,499,-1
44,4140000000000,122,363
45,4140000000000,599,623
46,4140000000000,286,285
47,4140000000000,242,193
48,4140000000000,71,313
49,4140000000000,-1,20
50,4140000000000,123,-1
51,4140000000000,311,-1
52,4140000000000,-1,147
53,4140000000000,173,172
54,4140000000000,495,519
55,4140000000000,-1,159
56,4140000000000,-1,575
57,4140000000000,71,70
58,4140000000000,-1,413
59,4140000000000,447,62
60,4140000000000,366,244
61,4140000000000,322,321
62,4140000000000,-1,377
63,4140000000000,184,-1
64,4140000000000,165,-1
65,4140000000000,110,424
66,4140000000000,573,237
67,4140000000000,93,-1
68,4140000000000,362,-1
69,4140000000000,191,118
70,4140000000000,623,622
71,4140000000000,39,445
72,4140000000000,220,244
73,4140000000000,390,414
75,4140000000000,63,446
76,4140000000000,68,-1
77,4140000000000,240,94
78,4140000000000,190,-1
79,4140000000000,171,413
80,4140000000000,-1,45
81,4140000000000,118,93
82,4140000000000,396,420
83,4140000000000,190,20
84,4140000000000,-1,388
85,4140000000000,420,-1
86,4140000000000,111,448
87,4140000000000,143,216
88,4140000000000,314,-1
89,4140000000000,534,151
90,4140000000000,122,121
91,4140000000000,-1,193
93,4140000000000,339,121
95,4140000000000,96,120
96,4140000000000,143,118
97,4140000000000,120,-1
98,4140000000000,172,171
99,4140000000000,389,-1
0,4200000000000,-1,37
1,4200000000000,122,-1
2,4200000000000,494,39
3,4200000000000,147,412
4,4200000000000,376,158
5,4200000000000,285,260
6,4200000000000,38,-1
7,4200000000000,557,102
8,4200000000000,-1,195
9,4200000000000,526,308
10,4200000000000,-1,237
11,4200000000000,169,315
12,4200000000000,-1,414
13,4200000000000,468,541
14,4200000000000,425,184
15,4200000000000,239,45
16,4200000000000,88,87
17,4200000000000,472,112
18,4200000000000,236,572
19,4200000000000,269,390
20,4200000000000,97,362
21,4200000000000,43,-1
22,4200000000000,-1,550
23,4200000000000,136,449
24,4200000000000,-1,389
25,4200000000000,447,87
26,4200000000000,164,-1
27,4200000000000,-1,340
28,4200000000000,-1,547
30,4200000000000,68,92
31,4200000000000,-1,400
32,4200000000000,470,15
33,4200000000000,420,395
34,4200000000000,435,124
35,4200000000000,39,-1
36,4200000000000,264,45
37,4200000000000,-1,161
38,4200000000000,-1,13
39,4200000000000,168,241
40,4200000000000,-1,152
41,4200000000000,97,338
42,4200000000000,263,-1
44,4200000000000,363,-1
45,4200000000000,623,286
46,4200000000000,285,599
47,4200000000000,193,241
48,4200000000000,313,288
49,4200000000000,20,214
50,4200000000000,-1,411
51,4200000000000,-1,624
52,4200000000000,147,388
53,4200000000000,172,437
54,4200000000000,519,64
55,4200000000000,159,400
56,4200000000000,575,599
57,4200000000000,70,264
58,4200000000000,413,-1
59,4200000000000,62,422
60,4200000000000,244,390
61,4200000000000,321,563
62,4200000000000,377,207
63,4200000000000,-1,159
64,4200000000000,-1,19
65,4200000000000,424,-1
66,4200000000000,237,236
67,4200000000000,-1,166
68,4200000000000,-1,97
69,4200000000000,118,191
70,4200000000000,622,262
71,4200000000000,445,-1
72,4200000000000,244,365
73,4200000000000,414,220
74,4200000000000,-1,148
75,4200000000000,446,-1
76,4200000000000,-1,141
77,4200000000000,94,240
78,4200000000000,-1,19
79,4200000000000,413,388
80,4200000000000,45,263
81,4200000000000,93,166
82,4200000000000,420,614
83,4200000000000,20,214
84,4200000000000,388,-1
85,4200000000000,-1,444
86,4200000000000,448,423
87,4200000000000,216,-1
88,4200000000000,-1,96
89,4200000000000,151,558
90,4200000000000,121,-1
91,4200000000000,193,266
92,4200000000000,-1,288
93,4200000000000,121,96
94,4200000000000,-1,287
95,4200000000000,120,314
96,4200000000000,118,142
97,4200000000000,-1,314
98,4200000000000,171,413
99,4200000000000,-1,388
0,4260000000000,37,-1
1,4260000000000,-1,387
2,4260000000000,39,14
3,4260000000000,412,147
4,4260000000000,158,376
5,4260000000000,260,-1
6,4260000000000,-1,13
7,4260000000000,102,126
8,4260000000000,195,-1
9,4260000000000,308,332
10,4260000000000,237,236
11,4260000000000,315,193
12,4260000000000,414,-1
13,4260000000000,541,443
14,4260000000000,184,183
15,4260000000000,45,44
16,4260000000000,87,-1
17,4260000000000,112,472
18,4260000000000,572,236
19,4260000000000,390,-1
20,4260000000000,362,97
21,4260000000000,-1,116
22,4260000000000,550,333
23,4260000000000,449,448
24,4260000000000,389,170
25,4260000000000,87,111
26,4260000000000,-1,188
27,4260000000000,340,364
28,4260000000000,547,211
30,4260000000000,92,141
31,4260000000000,400,424
32,4260000000000,15,39
33,4260000000000,395,419
34,4260000000000,124,123
36,4260000000000,45,69
37,4260000000000,161,473
38,4260000000000,13,-1
39,4260000000000,241,192
40,4260000000000,152,176
41,4260000000000,338,337
42,4260000000000,-1,287
43,4260000000000,-1,474
44,4260000000000,-1,362
45,4260000000000,286,285
46,4260000000000,599,598
47,4260000000000,241,192
48,4260000000000,288,71
49,4260000000000,214,620
50,4260000000000,411,410
51,4260000000000,624,623
52,4260000000000,388,412
53,4260000000000,437,436
54,4260000000000,64,39
55,4260000000000,400,-1
56,4260000000000,599,309
57,4260000000000,264,-1
59,4260000000000,422,-1
60,4260000000000,390,268
61,4260000000000,563,562
62,4260000000000,207,-1
63,4260000000000,159,183
64,4260000000000,19,164
65,4260000000000,-1,423
66,4260000000000,236,597
67,4260000000000,166,141
68,4260000000000,97,-1
69,4260000000000,191,215
70,4260000000000,262,-1
72,4260000000000,365,389
73,4260000000000,220,219
74,4260000000000,148,-1
75,4260000000000,-1,470
76,4260000000000,141,116
77,4260000000000,240,264
78,4260000000000,19,-1
79,4260000000000,388,171
80,4260000000000,263,-1
81,4260000000000,166,-1
82,4260000000000,614,395
83,4260000000000,214,-1
85,4260000000000,444,614
86,4260000000000,423,111
87,4260000000000,-1,167
88,4260000000000,96,95
89,4260000000000,558,533
90,4260000000000,-1,363
91,4260000000000,266,217
92,4260000000000,288,70
93,4260000000000,96,120
94,4260000000000,287,311
95,4260000000000,314,338
96,4260000000000,142,191
97,4260000000000,314,144
98,4260000000000,413,-1
99,4260000000000,388,170
0,4320000000000,-1,421
1,4320000000000,387,122
2,4320000000000,14,469
3,4320000000000,147,146
4,4320000000000,376,351
5,4320000000000,-1,573
6,4320000000000,13,420
7,4320000000000,126,532
8,4320000000000,-1,194
9,4320000000000,332,526
10,4320000000000,236,596
11,4320000000000,193,290
12,4320000000000,-1,244
13,4320000000000,443,565
14,4320000000000,183,425
15,4320000000000,44,214
17,4320000000000,472,447
18,4320000000000,236,235
19,4320000000000,-1,244
20,4320000000000,97,72
21,4320000000000,116,91
22,4320000000000,333,308
23,4320000000000,448,-1
24,4320000000000,170,194
25,4320000000000,111,86
26,4320000000000,188,595
27,4320000000000,364,194
28,4320000000000,211,-1
29,4320000000000,-1,482
30,4320000000000,141,92
31,4320000000000,424,134
32,4320000000000,39,494
33,4320000000000,419,589
34,4320000000000,123,435
35,4320000000000,-1,63
36,4320000000000,69,239
37,4320000000000,473,-1
38,4320000000000,-1,420
39,4320000000000,192,216
40,4320000000000,176,582
41,4320000000000,337,-1
42,4320000000000,287,-1
43,4320000000000,474,184
44,4320000000000,362,120
45,4320000000000,285,623
46,4320000000000,598,285
47,4320000000000,192,241
48,4320000000000,71,70
49,4320000000000,620,-1
50,4320000000000,410,122
51,4320000000000,623,310
52,4320000000000,412,387
53,4320000000000,436,172
54,4320000000000,39,494
56,4320000000000,309,-1
57,4320000000000,-1,288
59,4320000000000,-1,446
60,4320000000000,268,365
61,4320000000000,562,321
62,4320000000000,-1,182
63,4320000000000,183,-1
64,4320000000000,164,-1
65,4320000000000,423,109
66,4320000000000,597,-1
67,4320000000000,141,92
68,4320000000000,-1,361
69,4320000000000,215,190
70,4320000000000,-1,622
71,4320000000000,-1,38
72,4320000000000,389,219
73,4320000000000,219,413
74,4320000000000,-1,123
75,4320000000000,470,62
76,4320000000000,116,67
77,4320000000000,264,118
78,4320000000000,-1,189
79,4320000000000,171,170
81,4320000000000,-1,117
82,4320000000000,395,-1
83,4320000000000,-1,189
85,4320000000000,614,-1
86,4320000000000,111,110
87,4320000000000,167,142
88,4320000000000,95,313
89,4320000000000,533,-1
90,4320000000000,363,121
91,4320000000000,217,241
92,4320000000000,70,-1
93,4320000000000,120,338
94,4320000000000,311,-1
95,4320000000000,338,95
96,4320000000000,191,142
97,4320000000000,144,119
98,4320000000000,-1,195
99,4320000000000,170,388
0,4380000000000,421,-1
1,4380000000000,122,121
2,4380000000000,469,493
3,4380000000000,146,-1
4,4380000000000,351,375
5,4380000000000,573,284
6,4380000000000,420,-1
7,4380000000000,532,556
8,4380000000000,194,-1
9,4380000000000,526,307
10,4380000000000,596,-1
11,4380000000000,290,168
12,4380000000000,244,438
13,4380000000000,565,467
14,4380000000000,425,449
15,4380000000000,214,238
16,4380000000000,-1,471
17,4380000000000,447,471
18,4380000000000,235,-1
19,4380000000000,244,268
20,4380000000000,72,96
21,4380000000000,91,42
22,4380000000000,308,332
23,4380000000000,-1,135
24,4380000000000,194,388
25,4380000000000,86,446
26,4380000000000,595,619
27,4380000000000,194,-1
28,4380000000000,-1,210
29,4380000000000,482,-1
30,4380000000000,92,67
31,4380000000000,134,-1
32,4380000000000,494,493
33,4380000000000,589,613
34,4380000000000,435,434
35,4380000000000,63,469
36,4380000000000,239,263
38,4380000000000,420,-1
39,4380000000000,216,167
40,4380000000000,582,606
41,4380000000000,-1,96
43,4380000000000,184,-1
44,4380000000000,120,362
45,4380000000000,623,622
46,4380000000000,285,284
47,4380000000000,241,192
48,4380000000000,70,312
49,4380000000000,-1,19
50,4380000000000,122,-1
51,4380000000000,310,-1
52,4380000000000,387,146
53,4380000000000,172,171
54,4380000000000,494,518
55,4380000000000,-1,158
56,4380000000000,-1,599
57,4380000000000,288,69
58,4380000000000,-1,412
59,4380000000000,446,61
60,4380000000000,365,243
61,4380000000000,321,320
62,4380000000000,182,376
65,4380000000000,109,-1
66,4380000000000,-1,236
67,4380000000000,92,-1
68,4380000000000,361,-1
69,4380000000000,190,117
70,4380000000000,622,621
71,4380000000000,38,444
72,4380000000000,219,243
73,4380000000000,413,-1
74,4380000000000,123,-1
75,4380000000000,62,445
76,4380000000000,67,-1
77,4380000000000,118,93
78,4380000000000,189,-1
79,4380000000000,170,412
80,4380000000000,-1,44
81,4380000000000,117,92
82,4380000000000,-1,419
83,4380000000000,189,43
84,4380000000000,-1,387
85,4380000000000,-1,419
86,4380000000000,110,447
87,4380000000000,142,215
88,4380000000000,313,337
89,4380000000000,-1,150
90,4380000000000,121,145
91,4380000000000,241,290
92,4380000000000,-1,94
93,4380000000000,338,120
95,4380000000000,95,119
96,4380000000000,142,117
97,4380000000000,119,143
98,4380000000000,195,170
99,4380000000000,388,412
0,4440000000000,-1,36
1,4440000000000,121,-1
2,4440000000000,493,38
3,4440000000000,-1,411
4,4440000000000,375,157
5,4440000000000,284,259
6,4440000000000,-1,37
7,4440000000000,556,101
9,4440000000000,307,331
10,4440000000000,-1,236
11,4440000000000,168,314
12,4440000000000,438,219
13,4440000000000,467,-1
14,4440000000000,449,183
15,4440000000000,238,44
16,4440000000000,471,86
17,4440000000000,471,110
18,4440000000000,-1,571
19,4440000000000,268,414
20,4440000000000,96,361
21,4440000000000,42,-1
22,4440000000000,332,574
23,4440000000000,135,472
24,4440000000000,388,-1
25,4440000000000,446,86
26,4440000000000,619,163
27,4440000000000,-1,363
28,4440000000000,210,546
29,4440000000000,-1,75
30,4440000000000,67,91
31,4440000000000,-1,424
32,4440000000000,493,38
33,4440000000000,613,394
34,4440000000000,434,123
35,4440000000000,469,38
36,4440000000000,263,44
37,4440000000000,-1,160
38,4440000000000,-1,419
39,4440000000000,167,215
40,4440000000000,606,175
41,4440000000000,96,361
42,4440000000000,-1,262
43,4440000000000,-1,498
44,4440000000000,362,-1
45,4440000000000,622,309
46,4440000000000,284,598
47,4440000000000,192,240
48,4440000000000,312,287
49,4440000000000,19,213
50,4440000000000,-1,410
51,4440000000000,-1,623
52,4440000000000,146,411
53,4440000000000,171,436
54,4440000000000,518,63
55,4440000000000,158,157
56,4440000000000,599,598
57,4440000000000,69,263
58,4440000000000,412,194
59,4440000000000,61,421
60,4440000000000,243,389
61,4440000000000,320,562
62,4440000000000,376,206
63,4440000000000,-1,158
64,4440000000000,-1,18
65,4440000000000,-1,423
66,4440000000000,236,572
67,4440000000000,-1,165
68,4440000000000,-1,96
69,4440000000000,117,-1
70,4440000000000,621,261
71,4440000000000,444,-1
72,4440000000000,243,388
73,4440000000000,-1,219
75,4440000000000,445,-1
76,4440000000000,-1,140
77,4440000000000,93,239
78,4440000000000,-1,18
79,4440000000000,412,387
80,4440000000000,44,262
81,4440000000000,92,165
82,4440000000000,419,613
83,4440000000000,43,213
84,4440000000000,387,169
85,4440000000000,419,443
86,4440000000000,447,-1
87,4440000000000,215,-1
88,4440000000000,337,95
89,4440000000000,150,125
90,4440000000000,145,120
91,4440000000000,290,265
92,4440000000000,94,287
93,4440000000000,120,95
94,4440000000000,-1,310
95,4440000000000,119,337
96,4440000000000,117,141
97,4440000000000,143,313
98,4440000000000,170,-1
99,4440000000000,412,387
0,4500000000000,36,-1
1,4500000000000,-1,386
2,4500000000000,38,13
3,4500000000000,411,146
4,4500000000000,157,375
5,4500000000000,259,283
6,4500000000000,37,36
7,4500000000000,101,125
9,4500000000000,331,-1
10,4500000000000,236,235
11,4500000000000,314,168
12,4500000000000,219,413
13,4500000000000,-1,442
14,4500000000000,183,182
15,4500000000000,44,43
16,4500000000000,86,-1
17,4500000000000,110,471
18,4500000000000,571,235
19,4500000000000,414,413
20,4500000000000,361,96
21,4500000000000,-1,115
22,4500000000000,574,-1
23,4500000000000,472,447
24,4500000000000,-1,169
25,4500000000000,86,110
26,4500000000000,163,187
27,4500000000000,363,193
28,4500000000000,546,-1
29,4500000000000,75,-1
30,4500000000000,91,140
31,4500000000000,424,423
32,4500000000000,38,-1
33,4500000000000,394,418
34,4500000000000,123,122
35,4500000000000,38,-1
36,4500000000000,44,68
37,4500000000000,160,497
38,4500000000000,419,-1
39,4500000000000,215,166
40,4500000000000,175,-1
41,4500000000000,361,336
42,4500000000000,262,-1
43,4500000000000,498,473
44,4500000000000,-1,361
45,4500000000000,309,-1
46,4500000000000,598,597
47,4500000000000,240,191
48,4500000000000,287,-1
49,4500000000000,213,19
50,4500000000000,410,-1
51,4500000000000,623,622
52,4500000000000,411,-1
53,4500000000000,436,435
54,4500000000000,63,493
55,4500000000000,157,424
56,4500000000000,598,308
57,4500000000000,263,287
58,4500000000000,194,412
59,4500000000000,421,445
60,4500000000000,389,364
61,4500000000000,562,561
62,4500000000000,206,-1
63,4500000000000,158,-1
64,4500000000000,18,163
65,4500000000000,423,422
66,4500000000000,572,596
67,4500000000000,165,140
68,4500000000000,96,95
69,4500000000000,-1,92
70,4500000000000,261,-1
72,4500000000000,388,-1
73,4500000000000,219,218
74,4500000000000,-1,147
75,4500000000000,-1,469
76,4500000000000,140,115
77,4500000000000,239,263
78,4500000000000,18,-1
79,4500000000000,387,170
80,4500000000000,262,-1
81,4500000000000,165,-1
82,4500000000000,613,394
83,4500000000000,213,-1
84,4500000000000,169,387
85,4500000000000,443,613
86,4500000000000,-1,110
87,4500000000000,-1,166
88,4500000000000,95,94
89,4500000000000,125,532
90,4500000000000,120,362
91,4500000000000,265,-1
92,4500000000000,287,69
93,4500000000000,95,119
94,4500000000000,310,-1
95,4500000000000,337,-1
96,4500000000000,141,190
97,4500000000000,313,288
98,4500000000000,-1,412
99,4500000000000,387,169
0,4560000000000,-1,420
1,4560000000000,386,145
2,4560000000000,13,468
3,4560000000000,146,145
4,4560000000000,375,350
5,4560000000000,283,572
6,4560000000000,36,419
7,4560000000000,125,531
8,4560000000000,-1,387
9,4560000000000,-1,525
10,4560000000000,235,595
11,4560000000000,168,192
12,4560000000000,413,243
13,4560000000000,442,564
14,4560000000000,182,449
15,4560000000000,43,213
17,4560000000000,471,470
18,4560000000000,235,-1
19,4560000000000,413,267
20,4560000000000,96,95
21,4560000000000,115,90
22,4560000000000,-1,332
23,4560000000000,447,-1
24,4560000000000,169,193
25,4560000000000,110,85
26,4560000000000,187,618
27,4560000000000,193,-1
28,4560000000000,-1,210
29,4560000000000,-1,481
30,4560000000000,140,91
31,4560000000000,423,133
32,4560000000000,-1,493
33,4560000000000,418,612
34,4560000000000,122,434
35,4560000000000,-1,493
36,4560000000000,68,262
37,4560000000000,497,472
39,4560000000000,166,215
40,4560000000000,-1,581
41,4560000000000,336,-1
42,4560000000000,-1,44
43,4560000000000,473,183
44,4560000000000,361,119
45,4560000000000,-1,622
46,4560000000000,597,284
47,4560000000000,191,240
48,4560000000000,-1,69
49,4560000000000,19,18
50,4560000000000,-1,121
51,4560000000000,622,-1
52,4560000000000,-1,386
53,4560000000000,435,171
54,4560000000000,493,-1
55,4560000000000,424,-1
56,4560000000000,308,-1
57,4560000000000,287,262
58,4560000000000,412,-1
59,4560000000000,445,61
60,4560000000000,364,-1
61,4560000000000,561,320
62,4560000000000,-1,181
63,4560000000000,-1,182
64,4560000000000,163,-1
65,4560000000000,422,108
66,4560000000000,596,-1
67,4560000000000,140,67
68,4560000000000,95,360
69,4560000000000,92,116
70,4560000000000,-1,621
71,4560000000000,-1,37
72,4560000000000,-1,218
73,4560000000000,218,412
74,4560000000000,147,122
75,4560000000000,469,61
76,4560000000000,115,-1
77,4560000000000,263,-1
78,4560000000000,-1,188
79,4560000000000,170,169
81,4560000000000,-1,116
82,4560000000000,394,418
83,4560000000000,-1,18
84,4560000000000,387,-1
85,4560000000000,613,-1
86,4560000000000,110,109
87,4560000000000,166,141
88,4560000000000,94,312
89,4560000000000,532,-1
90,4560000000000,362,144
91,4560000000000,-1,240
92,4560000000000,69,-1
93,4560000000000,119,337
94,4560000000000,-1,21
95,4560000000000,-1,119
96,4560000000000,190,141
97,4560000000000,288,118
98,4560000000000,412,194
99,4560000000000,169,387
0,4620000000000,420,-1
1,4620000000000,145,-1
2,4620000000000,468,492
3,4620000000000,145,-1
4,4620000000000,350,156
5,4620000000000,572,283
6,4620000000000,419,-1
7,4620000000000,531,555
8,4620000000000,387,193
9,4620000000000,525,306
10,4620000000000,595,-1
11,4620000000000,192,167
12,4620000000000,243,-1
13,4620000000000,564,539
14,4620000000000,449,448
15,4620000000000,213,237
16,4620000000000,-1,110
17,4620000000000,470,-1
18,4620000000000,-1,234
19,4620000000000,267,413
20,4620000000000,95,-1
21,4620000000000,90,41
22,4620000000000,332,331
24,4620000000000,193,387
25,4620000000000,85,445
26,4620000000000,618,-1
27,4620000000000,-1,363
28,4620000000000,210,570
29,4620000000000,481,-1
30,4620000000000,91,66
31,4620000000000,133,157
32,4620000000000,493,492
33,4620000000000,612,-1
34,4620000000000,434,433
35,4620000000000,493,37
36,4620000000000,262,-1
37,4620000000000,472,496
38,4620000000000,-1,443
39,4620000000000,215,239
40,4620000000000,581,605
41,4620000000000,-1,95
42,4620000000000,44,286
43,4620000000000,183,-1
44,4620000000000,119,-1
45,4620000000000,622,284
46,4620000000000,284,283
47,4620000000000,240,264
48,4620000000000,69,311
49,4620000000000,18,-1
50,4620000000000,121,409
51,4620000000000,-1,309
52,4620000000000,386,145
53,4620000000000,171,170
54,4620000000000,-1,517
55,4620000000000,-1,157
56,4620000000000,-1,598
57,4620000000000,262,68
58,4620000000000,-1,411
59,4620000000000,61,420
60,4620000000000,-1,242
61,4620000000000,320,319
62,4620000000000,181,424
63,4620000000000,182,-1
64,4620000000000,-1,187
65,4620000000000,108,-1
66,4620000000000,-1,259
67,4620000000000,67,91
68,4620000000000,360,-1
69,4620000000000,116,-1
70,4620000000000,621,620
71,4620000000000,37,443
72,4620000000000,218,363
73,4620000000000,412,-1
74,4620000000000,122,-1
75,4620000000000,61,469
76,4620000000000,-1,66
77,4620000000000,-1,92
78,4620000000000,188,-1
79,4620000000000,169,411
80,4620000000000,-1,43
81,4620000000000,116,91
82,4620000000000,418,-1
83,4620000000000,18,42
84,4620000000000,-1,362
85,4620000000000,-1,418
86,4620000000000,109,446
87,4620000000000,141,214
88,4620000000000,312,336
89,4620000000000,-1,174
90,4620000000000,144,-1
91,4620000000000,240,289
92,4620000000000,-1,93
93,4620000000000,337,119
94,4620000000000,21,45
95,4620000000000,119,118
96,4620000000000,141,116
97,4620000000000,118,142
98,4620000000000,194,169
99,4620000000000,387,411
0,4680000000000,-1,35
1,4680000000000,-1,120
2,4680000000000,492,37
3,4680000000000,-1,410
4,4680000000000,156,180
5,4680000000000,283,258
6,4680000000000,-1,36
7,4680000000000,555,100
8,4680000000000,193,-1
9,4680000000000,306,330
10,4680000000000,-1,235
11,4680000000000,167,313
12,4680000000000,-1,412
13,4680000000000,539,-1
14,4680000000000,448,182
15,4680000000000,237,67
16,4680000000000,110,85
17,4680000000000,-1,109
18,4680000000000,234,570
19,4680000000000,413,388
20,4680000000000,-1,360
21,4680000000000,41,-1
22,4680000000000,331,573
23,4680000000000,-1,471
24,4680000000000,387,-1
25,4680000000000,445,109
26,4680000000000,-1,162
27,4680000000000,363,362
28,4680000000000,570,545
30,4680000000000,66,90
31,4680000000000,157,132
32,4680000000000,492,37
33,4680000000000,-1,393
34,4680000000000,433,122
35,4680000000000,37,-1
36,4680000000000,-1,43
37,4680000000000,496,183
38,4680000000000,443,418
39,4680000000000,239,-1
40,4680000000000,605,199
41,4680000000000,95,360
42,4680000000000,286,261
44,4680000000000,-1,361
45,4680000000000,284,308
46,4680000000000,283,597
47,4680000000000,264,239
48,4680000000000,311,286
49,4680000000000,-1,212
50,4680000000000,409,-1
51,4680000000000,309,622
52,4680000000000,145,144
53,4680000000000,170,435
54,4680000000000,517,62
55,4680000000000,157,156
56,4680000000000,598,332
57,4680000000000,68,262
58,4680000000000,411,193
59,4680000000000,420,-1
60,4680000000000,242,388
61,4680000000000,319,560
62,4680000000000,424,205
63,4680000000000,-1,157
64,4680000000000,187,17
65,4680000000000,-1,422
66,4680000000000,259,571
67,4680000000000,91,164
68,4680000000000,-1,95
69,4680000000000,-1,189
70,4680000000000,620,260
71,4680000000000,443,-1
72,4680000000000,363,387
73,4680000000000,-1,218
74,4680000000000,-1,458
75,4680000000000,469,444
76,4680000000000,66,139
77,4680000000000,92,238
78,4680000000000,-1,66
79,4680000000000,411,410
80,4680000000000,43,261
81,4680000000000,91,164
82,4680000000000,-1,612
83,4680000000000,42,212
84,4680000000000,362,168
85,4680000000000,418,442
86,4680000000000,446,-1
87,4680000000000,214,-1
88,4680000000000,336,311
89,4680000000000,174,173
90,4680000000000,-1,119
91,4680000000000,289,264
92,4680000000000,93,286
93,4680000000000,119,118
94,4680000000000,45,309
95,4680000000000,118,336
96,4680000000000,116,140
97,4680000000000,142,312
98,4680000000000,169,-1
99,4680000000000,411,193
0,4740000000000,35,-1
1,4740000000000,120,-1
2,4740000000000,37,467
3,4740000000000,410,145
4,4740000000000,180,399
5,4740000000000,258,282
6,4740000000000,36,35
7,4740000000000,100,149
8,4740000000000,-1,217
9,4740000000000,330,-1
10,4740000000000,235,234
11,4740000000000,313,167
12,4740000000000,412,218
13,4740000000000,-1,441
14,4740000000000,182,181
15,4740000000000,67,42
16,4740000000000,85,-1
17,4740000000000,109,470
18,4740000000000,570,234
19,4740000000000,388,-1
20,4740000000000,360,95
21,4740000000000,-1,114
22,4740000000000,573,-1
23,4740000000000,471,446
24,4740000000000,-1,168
25,4740000000000,109,-1
26,4740000000000,162,593
27,4740000000000,362,192
28,4740000000000,545,-1
29,4740000000000,-1,505
30,4740000000000,90,139
31,4740000000000,132,422
32,4740000000000,37,-1
33,4740000000000,393,417
34,4740000000000,122,121
36,4740000000000,43,67
37,4740000000000,183,496
38,4740000000000,418,-1
39,4740000000000,-1,165
40,4740000000000,199,-1
41,4740000000000,360,335
42,4740000000000,261,44
43,4740000000000,-1,497
44,4740000000000,361,360
45,4740000000000,308,-1
46,4740000000000,597,596
47,4740000000000,239,190
48,4740000000000,286,69
49,4740000000000,212,18
50,4740000000000,-1,433
51,4740000000000,622,621
52,4740000000000,144,410
53,4740000000000,435,434
54,4740000000000,62,37
55,4740000000000,156,-1
56,4740000000000,332,307
57,4740000000000,262,286
58,4740000000000,193,411
59,4740000000000,-1,444
60,4740000000000,388,363
61,4740000000000,560,-1
62,4740000000000,205,-1
63,4740000000000,157,-1
64,4740000000000,17,-1
65,4740000000000,422,421
66,4740000000000,571,234
67,4740000000000,164,188
68,4740000000000,95,94
69,4740000000000,189,213
70,4740000000000,260,284
71,4740000000000,-1,467
72,4740000000000,387,-1
73,4740000000000,218,217
74,4740000000000,458,433
75,4740000000000,444,61
76,4740000000000,139,114
77,4740000000000,238,262
78,4740000000000,66,41
79,4740000000000,410,169
80,4740000000000,261,-1
81,4740000000000,164,-1
82,4740000000000,612,393
83,4740000000000,212,-1
84,4740000000000,168,386
85,4740000000000,442,612
86,4740000000000,-1,109
87,4740000000000,-1,165
88,4740000000000,311,93
89,4740000000000,173,531
90,4740000000000,119,143
91,4740000000000,264,215
92,4740000000000,286,68
93,4740000000000,118,336
94,4740000000000,309,20
95,4740000000000,336,-1
96,4740000000000,140,189
97,4740000000000,312,142
98,4740000000000,-1,193
99,4740000000000,193,168
1,4800000000000,-1,144
2,4800000000000,467,-1
3,4800000000000,145,144
4,4800000000000,399,398
5,4800000000000,282,571
6,4800000000000,35,418
7,4800000000000,149,530
8,4800000000000,217,192
9,4800000000000,-1,549
10,4800000000000,234,594
11,4800000000000,167,191
12,4800000000000,218,242
13,4800000000000,441,563
14,4800000000000,181,448
15,4800000000000,42,212
17,4800000000000,470,469
18,4800000000000,234,-1
19,4800000000000,-1,266
20,4800000000000,95,94
21,4800000000000,114,138
22,4800000000000,-1,331
23,4800000000000,446,-1
24,4800000000000,168,192
26,4800000000000,593,617
27,4800000000000,192,-1
29,4800000000000,505,480
30,4800000000000,139,163
31,4800000000000,422,132
32,4800000000000,-1,492
33,4800000000000,417,611
34,4800000000000,121,433
35,4800000000000,-1,492
36,4800000000000,67,261
37,4800000000000,496,471
39,4800000000000,165,-1
41,4800000000000,335,-1
42,4800000000000,44,43
43,4800000000000,497,182
44,4800000000000,360,118
45,4800000000000,-1,621
46,4800000000000,596,283
47,4800000000000,190,239
48,4800000000000,69,68
49,4800000000000,18,17
50,4800000000000,433,120
51,4800000000000,621,-1
52,4800000000000,410,385
53,4800000000000,434,170
54,4800000000000,37,492
55,4800000000000,-1,423
56,4800000000000,307,-1
57,4800000000000,286,261
58,4800000000000,411,-1
59,4800000000000,444,84
60,4800000000000,363,241
61,4800000000000,-1,319
62,4800000000000,-1,180
63,4800000000000,-1,447
64,4800000000000,-1,162
65,4800000000000,421,107
66,4800000000000,234,595
67,4800000000000,188,139
68,4800000000000,94,359
69,4800000000000,213,115
70,4800000000000,284,620
71,4800000000000,467,36
72,4800000000000,-1,217
73,4800000000000,217,411
74,4800000000000,433,121
75,4800000000000,61,60
76,4800000000000,114,-1
77,4800000000000,262,116
78,4800000000000,41,187
79,4800000000000,169,168
81,4800000000000,-1,90
82,4800000000000,393,417
83,4800000000000,-1,187
84,4800000000000,386,-1
85,4800000000000,612,-1
86,4800000000000,109,108
87,4800000000000,165,140
88,4800000000000,93,335
89,4800000000000,531,555
90,4800000000000,143,-1
91,4800000000000,215,239
92,4800000000000,68,-1
93,4800000000000,336,335
94,4800000000000,20,-1
95,4800000000000,-1,118
96,4800000000000,189,140
97,4800000000000,142,117
98,4800000000000,193,-1
99,4800000000000,168,386
0,4860000000000,-1,419
1,4860000000000,144,409
2,4860000000000,-1,491
3,4860000000000,144,-1
4,4860000000000,398,155
5,4860000000000,571,-1
6,4860000000000,418,-1
7,4860000000000,530,554
8,4860000000000,192,-1
9,4860000000000,549,305
10,4860000000000,594,-1
11,4860000000000,191,166
12,4860000000000,242,436
13,4860000000000,563,538
14,4860000000000,448,447
15,4860000000000,212,236
16,4860000000000,-1,109
17,4860000000000,469,-1
18,4860000000000,-1,570
19,4860000000000,266,412
20,4860000000000,94,-1
21,4860000000000,138,40
22,4860000000000,331,573
23,4860000000000,-1,470
24,4860000000000,192,386
25,4860000000000,-1,444
26,4860000000000,617,186
27,4860000000000,-1,362
29,4860000000000,480,-1
30,4860000000000,163,65
31,4860000000000,132,156
32,4860000000000,492,491
33,4860000000000,611,-1
34,4860000000000,433,432
35,4860000000000,492,467
36,4860000000000,261,-1
37,4860000000000,471,158
38,4860000000000,-1,11
39,4860000000000,-1,238
40,4860000000000,-1,604
41,4860000000000,-1,94
42,4860000000000,43,285
43,4860000000000,182,-1
44,4860000000000,118,360
45,4860000000000,621,283
46,4860000000000,283,282
47,4860000000000,239,263
48,4860000000000,68,310
49,4860000000000,17,-1
50,4860000000000,120,408
51,4860000000000,-1,308
52,4860000000000,385,168
53,4860000000000,170,169
54,4860000000000,492,516
55,4860000000000,423,398
56,4860000000000,-1,597
57,4860000000000,261,67
58,4860000000000,-1,386
59,4860000000000,84,419
60,4860000000000,241,-1
61,4860000000000,319,318
62,4860000000000,180,-1
63,4860000000000,447,181
64,4860000000000,162,186
65,4860000000000,107,-1
66,4860000000000,595,570
67,4860000000000,139,90
68,4860000000000,359,-1
69,4860000000000,115,188
70,4860000000000,620,619
71,4860000000000,36,442
72,4860000000000,217,387
73,4860000000000,411,-1
74,4860000000000,121,433
75,4860000000000,60,468
76,4860000000000,-1,65
77,4860000000000,116,91
78,4860000000000,187,-1
79,4860000000000,168,410
80,4860000000000,-1,236
81,4860000000000,90,-1
82,4860000000000,417,-1
83,4860000000000,187,41
84,4860000000000,-1,361
85,4860000000000,-1,611
86,4860000000000,108,445
87,4860000000000,140,164
88,4860000000000,335,-1
89,4860000000000,555,173
91,4860000000000,239,288
92,4860000000000,-1,286
93,4860000000000,335,118
94,4860000000000,-1,44
95,4860000000000,118,117
96,4860000000000,140,115
97,4860000000000,117,141
99,4860000000000,386,410
0,4920000000000,419,59
1,4920000000000,409,119
2,4920000000000,491,36
3,4920000000000,-1,409
4,4920000000000,155,179
5,4920000000000,-1,282
6,4920000000000,-1,35
7,4920000000000,554,148
9,4920000000000,305,329
10,4920000000000,-1,234
11,4920000000000,166,312
12,4920000000000,436,411
13,4920000000000,538,465
14,4920000000000,447,181
15,4920000000000,236,66
16,4920000000000,109,-1
17,4920000000000,-1,108
18,4920000000000,570,569
19,4920000000000,412,-1
20,4920000000000,-1,359
21,4920000000000,40,-1
22,4920000000000,573,597
23,4920000000000,470,132
24,4920000000000,386,-1
25,4920000000000,444,108
26,4920000000000,186,161
27,4920000000000,362,361
28,4920000000000,-1,569
30,4920000000000,65,89
31,4920000000000,156,422
32,4920000000000,491,36
33,4920000000000,-1,392
34,4920000000000,432,-1
35,4920000000000,467,36
36,4920000000000,-1,67
37,4920000000000,158,182
38,4920000000000,11,442
39,4920000000000,238,213
40,4920000000000,604,198
41,4920000000000,94,359
42,4920000000000,285,260
44,4920000000000,360,-1
45,4920000000000,283,307
46,4920000000000,282,596
47,4920000000000,263,238
48,4920000000000,310,285
49,4920000000000,-1,211
50,4920000000000,408,-1
51,4920000000000,308,20
52,4920000000000,168,143
53,4920000000000,169,434
54,4920000000000,516,61
55,4920000000000,398,155
56,4920000000000,597,331
57,4920000000000,67,261
58,4920000000000,386,192
59,4920000000000,419,-1
60,4920000000000,-1,387
61,4920000000000,318,559
62,4920000000000,-1,204
63,4920000000000,181,156
64,4920000000000,186,16
65,4920000000000,-1,421
66,4920000000000,570,233
67,4920000000000,90,163
68,4920000000000,-1,94
69,4920000000000,188,-1
70,4920000000000,619,259
71,4920000000000,442,-1
72,4920000000000,387,386
73,4920000000000,-1,217
74,4920000000000,433,457
75,4920000000000,468,443
76,4920000000000,65,138
77,4920000000000,91,237
78,4920000000000,-1,65
79,4920000000000,410,409
80,4920000000000,236,42
81,4920000000000,-1,163
82,4920000000000,-1,611
83,4920000000000,41,211
84,4920000000000,361,167
85,4920000000000,611,441
86,4920000000000,445,-1
87,4920000000000,164,213
88,4920000000000,-1,93
89,4920000000000,173,172
90,4920000000000,-1,118
91,4920000000000,288,263
92,4920000000000,286,285
93,4920000000000,118,117
94,4920000000000,44,19
95,4920000000000,117,335
96,4920000000000,115,139
97,4920000000000,141,311
98,4920000000000,-1,168
99,4920000000000,410,-1
0,4980000000000,59,34
1,4980000000000,119,143
2,4980000000000,36,466
3,4980000000000,409,144
4,4980000000000,179,398
5,4980000000000,282,571
6,4980000000000,35,418
7,4980000000000,148,-1
8,4980000000000,-1,386
9,4980000000000,329,548
10,4980000000000,234,233
11,4980000000000,312,336
12,4980000000000,411,217
13,4980000000000,465,440
14,4980000000000,181,205
15,4980000000000,66,41
16,4980000000000,-1,84
17,4980000000000,108,469
18,4980000000000,569,233
19,4980000000000,-1,241
20,4980000000000,359,94
21,4980000000000,-1,113
22,4980000000000,597,572
23,4980000000000,132,470
24,4980000000000,-1,192
25,4980000000000,108,-1
26,4980000000000,161,592
27,4980000000000,361,191
28,4980000000000,569,544
29,4980000000000,-1,98
30,4980000000000,89,138
31,4980000000000,422,131
32,4980000000000,36,491
33,4980000000000,392,586
34,4980000000000,-1,120
35,4980000000000,36,467
36,4980000000000,67,236
37,4980000000000,182,157
38,4980000000000,442,417
39,4980000000000,213,164
40,4980000000000,198,-1
41,4980000000000,359,334
42,4980000000000,260,43
43,4980000000000,-1,495
44,4980000000000,-1,118
45,4980000000000,307,-1
46,4980000000000,596,595
47,4980000000000,238,189
48,4980000000000,285,68
49,4980000000000,211,17
50,4980000000000,-1,432
51,4980000000000,20,620
52,4980000000000,143,409
53,4980000000000,434,433
54,4980000000000,61,36
55,4980000000000,155,-1
56,4980000000000,331,306
57,4980000000000,261,285
58,4980000000000,192,410
59,4980000000000,-1,59
60,4980000000000,387,362
61,4980000000000,559,-1
62,4980000000000,204,423
63,4980000000000,156,447
64,4980000000000,16,-1
65,4980000000000,421,420
66,4980000000000,233,-1
67,4980000000000,163,65
68,4980000000000,94,118
69,4980000000000,-1,90
70,4980000000000,259,283
71,4980000000000,-1,11
72,4980000000000,386,216
73,4980000000000,217,386
74,4980000000000,457,432
75,4980000000000,443,60
76,4980000000000,138,162
77,4980000000000,237,91
78,4980000000000,65,40
79,4980000000000,409,168
80,4980000000000,42,260
81,4980000000000,163,-1
82,4980000000000,611,417
83,4980000000000,211,-1
84,4980000000000,167,385
85,4980000000000,441,611
86,4980000000000,-1,108
87,4980000000000,213,164
88,4980000000000,93,92
89,4980000000000,172,530
90,4980000000000,118,142
91,4980000000000,263,214
92,4980000000000,285,67
93,4980000000000,117,335
94,4980000000000,19,-1
95,4980000000000,335,-1
96,4980000000000,139,188
97,4980000000000,311,141
98,4980000000000,168,192
99,4980000000000,-1,192
0,5040000000000,34,-1
1,5040000000000,143,-1
2,5040000000000,466,-1
3,5040000000000,144,143
4,5040000000000,398,154
5,5040000000000,571,570
6,5040000000000,418,442
7,5040000000000,-1,553
8,5040000000000,386,191
9,5040000000000,548,-1
10,5040000000000,233,593
11,5040000000000,336,165
12,5040000000000,217,241
13,5040000000000,440,562
14,5040000000000,205,447
15,5040000000000,41,235
16,5040000000000,84,-1
17,5040000000000,469,468
18,5040000000000,233,-1
19,5040000000000,241,265
20,5040000000000,94,93
21,5040000000000,113,88
22,5040000000000,572,330
23,5040000000000,470,445
24,5040000000000,192,191
26,5040000000000,592,616
27,5040000000000,191,-1
28,5040000000000,544,-1
29,5040000000000,98,479
30,5040000000000,138,89
31,5040000000000,131,155
32,5040000000000,491,-1
33,5040000000000,586,610
34,5040000000000,120,456
35,5040000000000,467,491
36,5040000000000,236,260
37,5040000000000,157,470
38,5040000000000,417,-1
39,5040000000000,164,-1
41,5040000000000,334,-1
42,5040000000000,43,42
43,5040000000000,495,181
44,5040000000000,118,117
45,5040000000000,-1,620
46,5040000000000,595,282
47,5040000000000,189,238
48,5040000000000,68,67
49,5040000000000,17,16
50,5040000000000,432,407
51,5040000000000,620,-1
52,5040000000000,409,384
53,5040000000000,433,169
54,5040000000000,36,491
56,5040000000000,306,-1
57,5040000000000,285,91
58,5040000000000,410,-1
59,5040000000000,59,83
60,5040000000000,362,240
61,5040000000000,-1,318
62,5040000000000,423,179
63,5040000000000,447,446
64,5040000000000,-1,161
65,5040000000000,420,106
66,5040000000000,-1,257
67,5040000000000,65,138
68,5040000000000,118,358
69,5040000000000,90,114
70,5040000000000,283,619
71,5040000000000,11,35
72,5040000000000,216,-1
73,5040000000000,386,410
74,5040000000000,432,456
75,5040000000000,60,59
76,5040000000000,162,113
77,5040000000000,91,261
78,5040000000000,40,186
79,5040000000000,168,167
80,5040000000000,260,-1
81,5040000000000,-1,114
82,5040000000000,417,416
84,5040000000000,385,-1
85,5040000000000,611,-1
86,5040000000000,108,107
87,5040000000000,164,139
88,5040000000000,92,334
89,5040000000000,530,554
90,5040000000000,142,359
91,5040000000000,214,238
92,5040000000000,67,-1
93,5040000000000,335,334
94,5040000000000,-1,43
95,5040000000000,-1,310
96,5040000000000,188,139
97,5040000000000,141,116
98,5040000000000,192,409
99,5040000000000,192,385
1,5100000000000,-1,408
2,5100000000000,-1,11
3,5100000000000,143,408
4,5100000000000,154,-1
5,5100000000000,570,-1
6,5100000000000,442,417
7,5100000000000,553,123
8,5100000000000,191,-1
9,5100000000000,-1,304
10,5100000000000,593,233
11,5100000000000,165,-1
12,5100000000000,241,435
13,5100000000000,562,537
14,5100000000000,447,446
15,5100000000000,235,41
16,5100000000000,-1,468
17,5100000000000,468,108
18,5100000000000,-1,569
19,5100000000000,265,411
20,5100000000000,93,358
21,5100000000000,88,39
22,5100000000000,330,572
23,5100000000000,445,132
24,5100000000000,191,385
25,5100000000000,-1,443
26,5100000000000,616,185
27,5100000000000,-1,361
29,5100000000000,479,-1
30,5100000000000,89,64
31,5100000000000,155,-1
32,5100000000000,-1,490
33,5100000000000,610,-1
34,5100000000000,456,431
35,5100000000000,491,-1
36,5100000000000,260,-1
37,5100000000000,470,157
38,5100000000000,-1,10
39,5100000000000,-1,237
40,5100000000000,-1,173
42,5100000000000,42,284
43,5100000000000,181,-1
44,5100000000000,117,-1
45,5100000000000,620,306
46,5100000000000,282,281
47,5100000000000,238,262
48,5100000000000,67,309
49,5100000000000,16,210
50,5100000000000,407,-1
51,5100000000000,-1,307
52,5100000000000,384,408
53,5100000000000,169,433
54,5100000000000,491,36
55,5100000000000,-1,421
56,5100000000000,-1,330
57,5100000000000,91,66
58,5100000000000,-1,192
59,5100000000000,83,58
60,5100000000000,240,-1
61,5100000000000,318,317
62,5100000000000,179,203
63,5100000000000,446,180
64,5100000000000,161,616
65,5100000000000,106,-1
66,5100000000000,257,593
67,5100000000000,138,89
68,5100000000000,358,93
69,5100000000000,114,187
70,5100000000000,619,618
71,5100000000000,35,441
72,5100000000000,-1,215
73,5100000000000,410,216
74,5100000000000,456,-1
75,5100000000000,59,467
76,5100000000000,113,64
77,5100000000000,261,90
78,5100000000000,186,-1
79,5100000000000,167,409
80,5100000000000,-1,66
81,5100000000000,114,89
82,5100000000000,416,610
83,5100000000000,-1,186
84,5100000000000,-1,167
85,5100000000000,-1,586
86,5100000000000,107,444
87,5100000000000,139,163
88,5100000000000,334,-1
89,5100000000000,554,172
90,5100000000000,359,142
91,5100000000000,238,287
92,5100000000000,-1,285
93,5100000000000,334,-1
94,5100000000000,43,308
95,5100000000000,310,-1
96,5100000000000,139,114
97,5100000000000,116,286
98,5100000000000,409,192
99,5100000000000,385,167
0,5160000000000,-1,58
1,5160000000000,408,118
2,5160000000000,11,35
3,5160000000000,408,-1
4,5160000000000,-1,178
5,5160000000000,-1,281
6,5160000000000,417,-1
7,5160000000000,123,147
9,5160000000000,304,328
10,5160000000000,233,-1
11,5160000000000,-1,311
12,5160000000000,435,410
13,5160000000000,537,464
14,5160000000000,446,204
15,5160000000000,41,65
16,5160000000000,468,108
17,5160000000000,108,107
18,5160000000000,569,568
19,5160000000000,411,435
20,5160000000000,358,-1
21,5160000000000,39,-1
22,5160000000000,572,596
23,5160000000000,132,131
24,5160000000000,385,-1
25,5160000000000,443,107
26,5160000000000,185,160
27,5160000000000,361,190
28,5160000000000,-1,568
30,5160000000000,64,88
31,5160000000000,-1,421
32,5160000000000,490,35
33,5160000000000,-1,415
34,5160000000000,431,-1
35,5160000000000,-1,35
36,5160000000000,-1,65
37,5160000000000,157,181
38,5160000000000,10,441
39,5160000000000,237,-1
40,5160000000000,173,197
41,5160000000000,-1,92
42,5160000000000,284,283
44,5160000000000,-1,359
45,5160000000000,306,-1
46,5160000000000,281,595
47,5160000000000,262,237
48,5160000000000,309,308
49,5160000000000,210,234
51,5160000000000,307,306
52,5160000000000,408,167
53,5160000000000,433,457
54,5160000000000,36,60
55,5160000000000,421,179
56,5160000000000,330,-1
57,5160000000000,66,260
58,5160000000000,192,191
59,5160000000000,58,442
60,5160000000000,-1,386
61,5160000000000,317,558
62,5160000000000,203,-1
63,5160000000000,180,-1
64,5160000000000,616,15
65,5160000000000,-1,420
66,5160000000000,593,257
67,5160000000000,89,162
68,5160000000000,93,-1
69,5160000000000,187,114
70,5160000000000,618,258
71,5160000000000,441,-1
72,5160000000000,215,385
73,5160000000000,216,-1
75,5160000000000,467,466
76,5160000000000,64,137
77,5160000000000,90,236
78,5160000000000,-1,64
79,5160000000000,409,408
80,5160000000000,66,41
81,5160000000000,89,162
82,5160000000000,610,-1
83,5160000000000,186,210
84,5160000000000,167,166
85,5160000000000,586,440
86,5160000000000,444,-1
87,5160000000000,163,212
88,5160000000000,-1,309
89,5160000000000,172,171
90,5160000000000,142,383
91,5160000000000,287,262
92,5160000000000,285,309
93,5160000000000,-1,116
94,5160000000000,308,18
95,5160000000000,-1,334
96,5160000000000,114,138
97,5160000000000,286,310
98,5160000000000,192,167
99,5160000000000,167,409
0,5220000000000,58,33
1,5220000000000,118,142
2,5220000000000,35,-1
3,5220000000000,-1,407
4,5220000000000,178,397
5,5220000000000,281,570
6,5220000000000,-1,33
7,5220000000000,147,553
8,5220000000000,-1,385
9,5220000000000,328,547
10,5220000000000,-1,257
11,5220000000000,311,335
12,5220000000000,410,240
13,5220000000000,464,439
14,5220000000000,204,-1
15,5220000000000,65,210
16,5220000000000,108,83
17,5220000000000,107,468
18,5220000000000,568,-1
19,5220000000000,435,240
20,5220000000000,-1,93
21,5220000000000,-1,112
22,5220000000000,596,571
23,5220000000000,131,469
24,5220000000000,-1,190
25,5220000000000,107,443
26,5220000000000,160,591
27,5220000000000,190,-1
28,5220000000000,568,543
29,5220000000000,-1,97
30,5220000000000,88,137
31,5220000000000,421,130
32,5220000000000,35,490
33,5220000000000,415,585
34,5220000000000,-1,455
35,5220000000000,35,490
36,5220000000000,65,235
37,5220000000000,181,156
38,5220000000000,441,416
39,5220000000000,-1,163
40,5220000000000,197,603
41,5220000000000,92,358
42,5220000000000,283,42
43,5220000000000,-1,494
44,5220000000000,359,117
46,5220000000000,595,594
47,5220000000000,237,188
48,5220000000000,308,67
49,5220000000000,234,16
50,5220000000000,-1,431
51,5220000000000,306,619
52,5220000000000,167,142
53,5220000000000,457,-1
54,5220000000000,60,35
55,5220000000000,179,154
56,5220000000000,-1,305
57,5220000000000,260,66
58,5220000000000,191,409
59,5220000000000,442,58
60,5220000000000,386,410
61,5220000000000,558,-1
62,5220000000000,-1,422
63,5220000000000,-1,445
64,5220000000000,15,-1
65,5220000000000,420,106
66,5220000000000,257,232
67,5220000000000,162,64
68,5220000000000,-1,117
69,5220000000000,114,89
70,5220000000000,258,282
71,5220000000000,-1,34
72,5220000000000,385,215
73,5220000000000,-1,385
75,5220000000000,466,59
76,5220000000000,137,39
77,5220000000000,236,90
78,5220000000000,64,39
79,5220000000000,408,167
80,5220000000000,41,-1
81,5220000000000,162,-1
82,5220000000000,-1,416
83,5220000000000,210,40
84,5220000000000,166,384
85,5220000000000,440,610
86,5220000000000,-1,107
87,5220000000000,212,163
88,5220000000000,309,91
89,5220000000000,171,554
90,5220000000000,383,-1
91,5220000000000,262,213
92,5220000000000,309,66
93,5220000000000,116,334
94,5220000000000,18,-1
95,5220000000000,334,-1
96,5220000000000,138,187
97,5220000000000,310,140
98,5220000000000,167,-1
99,5220000000000,409,191
0,5280000000000,33,-1
1,5280000000000,142,-1
2,5280000000000,-1,465
3,5280000000000,407,142
4,5280000000000,397,396
5,5280000000000,570,594
6,5280000000000,33,441
7,5280000000000,553,147
8,5280000000000,385,384
9,5280000000000,547,-1
10,5280000000000,257,592
11,5280000000000,335,189
12,5280000000000,240,-1
13,5280000000000,439,585
14,5280000000000,-1,446
15,5280000000000,210,234
16,5280000000000,83,-1
17,5280000000000,468,467
18,5280000000000,-1,232
19,5280000000000,240,264
20,5280000000000,93,92
21,5280000000000,112,63
22,5280000000000,571,329
23,5280000000000,469,444
24,5280000000000,190,-1
25,5280000000000,443,-1
26,5280000000000,591,615
28,5280000000000,543,-1
29,5280000000000,97,478
30,5280000000000,137,161
31,5280000000000,130,154
32,5280000000000,490,514
33,5280000000000,585,609
34,5280000000000,455,-1
35,5280000000000,490,-1
36,5280000000000,235,259
37,5280000000000,156,493
38,5280000000000,416,-1
39,5280000000000,163,-1
40,5280000000000,603,172
41,5280000000000,358,333
42,5280000000000,42,41
43,5280000000000,494,205
44,5280000000000,117,116
46,5280000000000,594,281
47,5280000000000,188,237
48,5280000000000,67,66
49,5280000000000,16,15
50,5280000000000,431,406
51,5280000000000,619,-1
52,5280000000000,142,166
53,5280000000000,-1,168
54,5280000000000,35,490
55,5280000000000,154,-1
56,5280000000000,305,-1
57,5280000000000,66,90
58,5280000000000,409,-1
59,5280000000000,58,82
60,5280000000000,410,239
61,5280000000000,-1,317
62,5280000000000,422,178
63,5280000000000,445,-1
64,5280000000000,-1,160
65,5280000000000,106,105
66,5280000000000,232,256
67,5280000000000,64,137
68,5280000000000,117,357
69,5280000000000,89,113
70,5280000000000,282,257
71,5280000000000,34,-1
72,5280000000000,215,-1
73,5280000000000,385,409
74,5280000000000,-1,431
75,5280000000000,59,58
76,5280000000000,39,112
77,5280000000000,90,260
78,5280000000000,39,185
79,5280000000000,167,166
81,5280000000000,-1,88
82,5280000000000,416,415
83,5280000000000,40,64
84,5280000000000,384,-1
85,5280000000000,610,-1
86,5280000000000,107,106
87,5280000000000,163,138
88,5280000000000,91,333
89,5280000000000,554,553
90,5280000000000,-1,358
91,5280000000000,213,237
92,5280000000000,66,90
93,5280000000000,334,358
94,5280000000000,-1,42
95,5280000000000,-1,309
96,5280000000000,187,211
97,5280000000000,140,115
98,5280000000000,-1,408
99,5280000000000,191,166
0,5340000000000,-1,417
1,5340000000000,-1,407
2,5340000000000,465,10
3,5340000000000,142,407
4,5340000000000,396,153
5,5340000000000,594,569
6,5340000000000,441,416
7,5340000000000,147,122
8,5340000000000,384,190
9,5340000000000,-1,328
10,5340000000000,592,232
11,5340000000000,189,164
12,5340000000000,-1,434
13,5340000000000,585,536
14,5340000000000,446,203
15,5340000000000,234,40
16,5340000000000,-1,467
17,5340000000000,467,107
18,5340000000000,232,568
19,5340000000000,264,410
20,5340000000000,92,357
21,5340000000000,63,38
22,5340000000000,329,595
23,5340000000000,444,155
24,5340000000000,-1,384
25,5340000000000,-1,82
26,5340000000000,615,184
27,5340000000000,-1,384
28,5340000000000,-1,207
29,5340000000000,478,-1
30,5340000000000,161,63
31,5340000000000,154,420
32,5340000000000,514,489
33,5340000000000,609,415
36,5340000000000,259,65
37,5340000000000,493,180
38,5340000000000,-1,9
39,5340000000000,-1,236
40,5340000000000,172,-1
41,5340000000000,333,92
42,5340000000000,41,283
43,5340000000000,205,180
44,5340000000000,116,-1
45,5340000000000,-1,305
46,5340000000000,281,280
47,5340000000000,237,261
48,5340000000000,66,308
49,5340000000000,15,209
50,5340000000000,406,-1
52,5340000000000,166,407
53,5340000000000,168,432
54,5340000000000,490,35
55,5340000000000,-1,420
56,5340000000000,-1,329
57,5340000000000,90,65
58,5340000000000,-1,190
59,5340000000000,82,-1
60,5340000000000,239,-1
61,5340000000000,317,316
62,5340000000000,178,202
63,5340000000000,-1,179
64,5340000000000,160,14
65,5340000000000,105,-1
66,5340000000000,256,592
67,5340000000000,137,88
68,5340000000000,357,92
69,5340000000000,113,186
70,5340000000000,257,617
71,5340000000000,-1,440
72,5340000000000,-1,409
73,5340000000000,409,215
74,5340000000000,431,455
75,5340000000000,58,466
76,5340000000000,112,63
77,5340000000000,260,89
78,5340000000000,185,-1
79,5340000000000,166,408
80,5340000000000,-1,65
81,5340000000000,88,161
82,5340000000000,415,609
83,5340000000000,64,185
84,5340000000000,-1,165
85,5340000000000,-1,585
86,5340000000000,106,443
87,5340000000000,138,162
88,5340000000000,333,-1
89,5340000000000,553,171
90,5340000000000,358,-1
91,5340000000000,237,286
92,5340000000000,90,284
93,5340000000000,358,116
94,5340000000000,42,307
95,5340000000000,309,333
96,5340000000000,211,113
97,5340000000000,115,285
98,5340000000000,408,191
99,5340000000000,166,-1
0,5400000000000,417,57
1,5400000000000,407,382
2,5400000000000,10,34
3,5400000000000,407,431
4,5400000000000,153,177
5,5400000000000,569,280
6,5400000000000,416,-1
7,5400000000000,122,146
8,5400000000000,190,-1
9,5400000000000,328,327
10,5400000000000,232,-1
11,5400000000000,164,310
12,5400000000000,434,-1
13,5400000000000,536,463
14,5400000000000,203,445
15,5400000000000,40,64
16,5400000000000,467,466
17,5400000000000,107,-1
18,5400000000000,568,567
19,5400000000000,410,434
20,5400000000000,357,-1
21,5400000000000,38,-1
22,5400000000000,595,-1
23,5400000000000,155,-1
24,5400000000000,384,-1
25,5400000000000,82,442
26,5400000000000,184,183
27,5400000000000,384,-1
28,5400000000000,207,567
30,5400000000000,63,87
31,5400000000000,420,444
32,5400000000000,489,34
33,5400000000000,415,414
34,5400000000000,-1,430
35,5400000000000,-1,34
36,5400000000000,65,259
37,5400000000000,180,-1
38,5400000000000,9,440
39,5400000000000,236,211
40,5400000000000,-1,196
41,5400000000000,92,91
42,5400000000000,283,282
43,5400000000000,180,-1
44,5400000000000,-1,358
45,5400000000000,305,-1
46,5400000000000,280,594
47,5400000000000,261,236
48,5400000000000,308,-1
49,5400000000000,209,233
50,5400000000000,-1,430
51,5400000000000,-1,305
52,5400000000000,407,166
53,5400000000000,432,456
54,5400000000000,35,59
55,5400000000000,420,178
56,5400000000000,329,-1
57,5400000000000,65,283
58,5400000000000,190,-1
59,5400000000000,-1,57
60,5400000000000,-1,385
61,5400000000000,316,582
62,5400000000000,202,-1
63,5400000000000,179,-1
64,5400000000000,14,-1
65,5400000000000,-1,419
66,5400000000000,592,256
67,5400000000000,88,112
68,5400000000000,92,-1
69,5400000000000,186,113
70,5400000000000,617,281
71,5400000000000,440,-1
72,5400000000000,409,384
73,5400000000000,215,-1
74,5400000000000,455,-1
75,5400000000000,466,465
76,5400000000000,63,160
77,5400000000000,89,259
78,5400000000000,-1,63
79,5400000000000,408,407
80,5400000000000,65,40
81,5400000000000,161,112
82,5400000000000,609,-1
83,5400000000000,185,209
84,5400000000000,165,-1
85,5400000000000,585,439
86,5400000000000,443,-1
87,5400000000000,162,211
88,5400000000000,-1,91
89,5400000000000,171,170
90,5400000000000,-1,382
91,5400000000000,286,261
92,5400000000000,284,308
93,5400000000000,116,115
94,5400000000000,307,42
95,5400000000000,333,-1
96,5400000000000,113,137
97,5400000000000,285,309
98,5400000000000,191,166
99,5400000000000,-1,408
0,5460000000000,57,32
1,5460000000000,382,141
2,5460000000000,34,489
3,5460000000000,431,406
4,5460000000000,177,396
5,5460000000000,280,593
6,5460000000000,-1,32
7,5460000000000,146,-1
8,5460000000000,-1,384
9,5460000000000,327,546
10,5460000000000,-1,256
11,5460000000000,310,334
12,5460000000000,-1,239
13,5460000000000,463,438
14,5460000000000,445,203
15,5460000000000,64,234
16,5460000000000,466,82
17,5460000000000,-1,106
18,5460000000000,567,-1
19,5460000000000,434,-1
20,5460000000000,-1,92
21,5460000000000,-1,111
22,5460000000000,-1,570
23,5460000000000,-1,468
24,5460000000000,-1,189
25,5460000000000,442,-1
26,5460000000000,183,590
27,5460000000000,-1,189
28,5460000000000,567,542
29,5460000000000,-1,96
30,5460000000000,87,136
31,5460000000000,444,129
32,5460000000000,34,489
33,5460000000000,414,584
34,5460000000000,430,-1
35,5460000000000,34,489
36,5460000000000,259,234
38,5460000000000,440,415
39,5460000000000,211,187
40,5460000000000,196,602
41,5460000000000,91,357
42,5460000000000,282,41
43,5460000000000,-1,493
44,5460000000000,358,116
46,5460000000000,594,280
47,5460000000000,236,187
48,5460000000000,-1,66
49,5460000000000,233,15
50,5460000000000,430,118
51,5460000000000,305,18
52,5460000000000,166,141
53,5460000000000,456,-1
54,5460000000000,59,514
55,5460000000000,178,153
56,5460000000000,-1,619
57,5460000000000,283,65
59,5460000000000,57,81
60,5460000000000,385,409
61,5460000000000,582,557
62,5460000000000,-1,421
63,5460000000000,-1,444
65,5460000000000,419,129
66,5460000000000,256,255
67,5460000000000,112,63
68,5460000000000,-1,116
69,5460000000000,113,210
70,5460000000000,281,617
71,5460000000000,-1,33
72,5460000000000,384,214
73,5460000000000,-1,239
75,5460000000000,465,58
76,5460000000000,160,111
77,5460000000000,259,89
78,5460000000000,63,38
79,5460000000000,407,166
80,5460000000000,40,-1
81,5460000000000,112,161
82,5460000000000,-1,415
83,5460000000000,209,39
84,5460000000000,-1,383
85,5460000000000,439,609
86,5460000000000,-1,106
87,5460000000000,211,162
88,5460000000000,91,308
89,5460000000000,170,553
90,5460000000000,382,-1
91,5460000000000,261,212
92,5460000000000,308,90
93,5460000000000,115,333
94,5460000000000,42,17
96,5460000000000,137,186
97,5460000000000,309,139
98,5460000000000,166,432
99,5460000000000,408,383
0,5520000000000,32,-1
1,5520000000000,141,-1
2,5520000000000,489,488
3,5520000000000,406,141
4,5520000000000,396,395
5,5520000000000,593,-1
6,5520000000000,32,440
7,5520000000000,-1,551
8,5520000000000,384,214
9,5520000000000,546,-1
10,5520000000000,256,591
11,5520000000000,334,309
12,5520000000000,239,-1
13,5520000000000,438,584
14,5520000000000,203,178
15,5520000000000,234,233
16,5520000000000,82,106
17,5520000000000,106,466
18,5520000000000,-1,230
19,5520000000000,-1,263
20,5520000000000,92,91
21,5520000000000,111,135
22,5520000000000,570,328
23,5520000000000,468,154
24,5520000000000,189,-1
26,5520000000000,590,614
27,5520000000000,189,-1
28,5520000000000,542,566
29,5520000000000,96,502
30,5520000000000,136,160
31,5520000000000,129,153
32,5520000000000,489,513
33,5520000000000,584,608
34,5520000000000,-1,454
35,5520000000000,489,-1
36,5520000000000,234,258
37,5520000000000,-1,492
38,5520000000000,415,439
39,5520000000000,187,162
40,5520000000000,602,-1
41,5520000000000,357,332
42,5520000000000,41,40
43,5520000000000,493,204
44,5520000000000,116,115
46,5520000000000,280,304
47,5520000000000,187,236
48,5520000000000,66,65
49,5520000000000,15,14
50,5520000000000,118,405
51,5520000000000,18,618
52,5520000000000,141,-1
53,5520000000000,-1,431
54,5520000000000,514,513
55,5520000000000,153,177
56,5520000000000,619,594
57,5520000000000,65,89
58,5520000000000,-1,408
59,5520000000000,81,-1
60,5520000000000,409,238
61,5520000000000,557,316
62,5520000000000,421,396
63,5520000000000,444,-1
64,5520000000000,-1,159
65,5520000000000,129,-1
66,5520000000000,255,-1
67,5520000000000,63,136
68,5520000000000,116,356
69,5520000000000,210,234
70,5520000000000,617,16
71,5520000000000,33,-1
72,5520000000000,214,238
73,5520000000000,239,408
74,5520000000000,-1,143
75,5520000000000,58,57
76,5520000000000,111,62
77,5520000000000,89,259
78,5520000000000,38,184
79,5520000000000,166,165
81,5520000000000,161,112
82,5520000000000,415,414
83,5520000000000,39,63
84,5520000000000,383,-1
85,5520000000000,609,-1
86,5520000000000,106,105
87,5520000000000,162,137
88,5520000000000,308,332
89,5520000000000,553,552
91,5520000000000,212,236
92,5520000000000,90,89
93,5520000000000,333,357
94,5520000000000,17,41
95,5520000000000,-1,308
96,5520000000000,186,137
97,5520000000000,139,114
98,5520000000000,432,407
99,5520000000000,383,165
0,5580000000000,-1,416
1,5580000000000,-1,406
2,5580000000000,488,9
3,5580000000000,141,406
4,5580000000000,395,152
5,5580000000000,-1,568
6,5580000000000,440,415
7,5580000000000,551,121
8,5580000000000,214,189
9,5580000000000,-1,327
10,5580000000000,591,231
11,5580000000000,309,-1
12,5580000000000,-1,433
13,5580000000000,584,535
14,5580000000000,178,-1
15,5580000000000,233,39
16,5580000000000,106,466
17,5580000000000,466,106
18,5580000000000,230,567
19,5580000000000,263,409
20,5580000000000,91,356
21,5580000000000,135,37
22,5580000000000,328,594
23,5580000000000,154,-1
24,5580000000000,-1,383
25,5580000000000,-1,466
26,5580000000000,614,183
27,5580000000000,-1,383
28,5580000000000,566,205
29,5580000000000,502,477
30,5580000000000,160,135
31,5580000000000,153,419
32,5580000000000,513,9
33,5580000000000,608,414
34,5580000000000,454,-1
35,5580000000000,-1,58
36,5580000000000,258,-1
37,5580000000000,492,179
38,5580000000000,439,8
39,5580000000000,162,235
40,5580000000000,-1,195
41,5580000000000,332,115
42,5580000000000,40,282
43,5580000000000,204,179
44,5580000000000,115,-1
45,5580000000000,-1,304
46,5580000000000,304,279
47,5580000000000,236,260
48,5580000000000,65,307
49,5580000000000,14,208
50,5580000000000,405,-1
51,5580000000000,618,17
52,5580000000000,-1,406
53,5580000000000,431,455
54,5580000000000,513,58
55,5580000000000,177,419
56,5580000000000,594,328
57,5580000000000,89,64
58,5580000000000,408,214
60,5580000000000,238,-1
61,5580000000000,316,315
62,5580000000000,396,201
63,5580000000000,-1,178
64,5580000000000,159,13
65,5580000000000,-1,104
66,5580000000000,-1,591
67,5580000000000,136,160
68,5580000000000,356,91
69,5580000000000,234,185
70,5580000000000,16,256
71,5580000000000,-1,464
72,5580000000000,238,408
73,5580000000000,408,214
74,5580000000000,143,142
75,5580000000000,57,465
76,5580000000000,62,135
77,5580000000000,259,234
78,5580000000000,184,38
79,5580000000000,165,407
80,5580000000000,-1,257
81,5580000000000,112,160
82,5580000000000,414,608
83,5580000000000,63,208
84,5580000000000,-1,189
85,5580000000000,-1,438
86,5580000000000,105,442
87,5580000000000,137,161
88,5580000000000,332,90
89,5580000000000,552,170
90,5580000000000,-1,357
91,5580000000000,236,285
92,5580000000000,89,283
93,5580000000000,357,332
94,5580000000000,41,306
95,5580000000000,308,332
96,5580000000000,137,185
97,5580000000000,114,308
98,5580000000000,407,190
99,5580000000000,165,189
0,5640000000000,416,56
1,5640000000000,406,140
2,5640000000000,9,33
3,5640000000000,406,430
4,5640000000000,152,176
5,5640000000000,568,279
6,5640000000000,415,-1
7,5640000000000,121,145
8,5640000000000,189,213
9,5640000000000,327,326
10,5640000000000,231,255
12,5640000000000,433,-1
13,5640000000000,535,462
14,5640000000000,-1,444
15,5640000000000,39,63
16,5640000000000,466,465
17,5640000000000,106,105
18,5640000000000,567,566
19,5640000000000,409,433
20,5640000000000,356,355
21,5640000000000,37,-1
22,5640000000000,594,-1
24,5640000000000,383,-1
25,5640000000000,466,441
26,5640000000000,183,589
27,5640000000000,383,-1
28,5640000000000,205,566
29,5640000000000,477,501
30,5640000000000,135,86
31,5640000000000,419,443
32,5640000000000,9,33
33,5640000000000,414,413
34,5640000000000,-1,429
35,5640000000000,58,464
37,5640000000000,179,-1
38,5640000000000,8,7
39,5640000000000,235,210
40,5640000000000,195,-1
41,5640000000000,115,90
42,5640000000000,282,281
43,5640000000000,179,203
44,5640000000000,-1,357
45,5640000000000,304,-1
46,5640000000000,279,593
47,5640000000000,260,235
48,5640000000000,307,-1
49,5640000000000,208,232
50,5640000000000,-1,429
51,5640000000000,17,329
52,5640000000000,406,165
53,5640000000000,455,-1
54,5640000000000,58,513
55,5640000000000,419,177
56,5640000000000,328,618
57,5640000000000,64,282
58,5640000000000,214,189
59,5640000000000,-1,56
60,5640000000000,-1,384
61,5640000000000,315,581
62,5640000000000,201,-1
63,5640000000000,178,-1
64,5640000000000,13,-1
65,5640000000000,104,-1
66,5640000000000,591,255
67,5640000000000,160,184
68,5640000000000,91,115
69,5640000000000,185,112
70,5640000000000,256,616
71,5640000000000,464,463
72,5640000000000,408,383
73,5640000000000,214,238
74,5640000000000,142,454
75,5640000000000,465,464
76,5640000000000,135,159
77,5640000000000,234,258
78,5640000000000,38,159
79,5640000000000,407,406
80,5640000000000,257,39
81,5640000000000,160,111
82,5640000000000,608,7
83,5640000000000,208,-1
84,5640000000000,189,164
85,5640000000000,438,-1
86,5640000000000,442,-1
87,5640000000000,161,210
88,5640000000000,90,332
89,5640000000000,170,169
90,5640000000000,357,-1
91,5640000000000,285,236
92,5640000000000,283,307
93,5640000000000,332,114
94,5640000000000,306,41
95,5640000000000,332,-1
96,5640000000000,185,136
97,5640000000000,308,138
98,5640000000000,190,431
99,5640000000000,189,407
0,5700000000000,56,31
1,5700000000000,140,-1
2,5700000000000,33,8
3,5700000000000,430,405
4,5700000000000,176,395
5,5700000000000,279,592
6,5700000000000,-1,31
7,5700000000000,145,551
8,5700000000000,213,407
9,5700000000000,326,545
10,5700000000000,255,-1
11,5700000000000,-1,333
12,5700000000000,-1,238
13,5700000000000,462,437
14,5700000000000,444,-1
15,5700000000000,63,38
16,5700000000000,465,106
17,5700000000000,105,-1
18,5700000000000,566,-1
19,5700000000000,433,287
20,5700000000000,355,91
21,5700000000000,-1,110
22,5700000000000,-1,569
23,5700000000000,-1,129
24,5700000000000,-1,188
25,5700000000000,441,-1
26,5700000000000,589,613
27,5700000000000,-1,188
28,5700000000000,566,541
29,5700000000000,501,95
30,5700000000000,86,135
31,5700000000000,443,-1
32,5700000000000,33,488
33,5700000000000,413,583
34,5700000000000,429,-1
35,5700000000000,464,488
36,5700000000000,-1,257
38,5700000000000,7,414
39,5700000000000,210,161
40,5700000000000,-1,601
41,5700000000000,90,356
42,5700000000000,281,40
43,5700000000000,203,492
44,5700000000000,357,115
46,5700000000000,593,592
47,5700000000000,235,186
48,5700000000000,-1,65
49,5700000000000,232,-1
50,5700000000000,429,117
51,5700000000000,329,304
52,5700000000000,165,140
54,5700000000000,513,-1
55,5700000000000,177,152
56,5700000000000,618,-1
57,5700000000000,282,88
58,5700000000000,189,-1
59,5700000000000,56,80
60,5700000000000,384,408
61,5700000000000,581,556
62,5700000000000,-1,420
63,5700000000000,-1,443
64,5700000000000,-1,183
65,5700000000000,-1,417
66,5700000000000,255,254
67,5700000000000,184,135
68,5700000000000,115,356
69,5700000000000,112,87
70,5700000000000,616,-1
71,5700000000000,463,32
72,5700000000000,383,213
73,5700000000000,238,-1
74,5700000000000,454,-1
75,5700000000000,464,57
76,5700000000000,159,110
77,5700000000000,258,88
78,5700000000000,159,183
79,5700000000000,406,165
80,5700000000000,39,-1
81,5700000000000,111,135
82,5700000000000,7,607
83,5700000000000,-1,38
84,5700000000000,164,-1
85,5700000000000,-1,608
86,5700000000000,-1,105
87,5700000000000,210,161
88,5700000000000,332,114
89,5700000000000,169,552
90,5700000000000,-1,139
91,5700000000000,236,211
92,5700000000000,307,89
93,5700000000000,114,332
94,5700000000000,41,40
96,5700000000000,136,185
97,5700000000000,138,-1
98,5700000000000,431,-1
99,5700000000000,407,382
0,5760000000000,31,55
2,5760000000000,8,487
3,5760000000000,405,140
4,5760000000000,395,394
5,5760000000000,592,-1
6,5760000000000,31,439
7,5760000000000,551,550
8,5760000000000,407,-1
9,5760000000000,545,569
10,5760000000000,-1,590
11,5760000000000,333,308
12,5760000000000,238,-1
13,5760000000000,437,583
15,5760000000000,38,232
16,5760000000000,106,105
17,5760000000000,-1,465
18,5760000000000,-1,229
19,5760000000000,287,262
20,5760000000000,91,90
21,5760000000000,110,85
22,5760000000000,569,327
23,5760000000000,129,-1
24,5760000000000,188,-1
25,5760000000000,-1,465
26,5760000000000,613,-1
27,5760000000000,188,-1
28,5760000000000,541,565
29,5760000000000,95,501
30,5760000000000,135,159
31,5760000000000,-1,418
32,5760000000000,488,512
33,5760000000000,583,607
34,5760000000000,-1,117
35,5760000000000,488,-1
36,5760000000000,257,-1
37,5760000000000,-1,491
38,5760000000000,414,438
39,5760000000000,161,-1
40,5760000000000,601,170
41,5760000000000,356,355
42,5760000000000,40,39
43,5760000000000,492,203
44,5760000000000,115,139
46,5760000000000,592,303
47,5760000000000,186,235
48,5760000000000,65,64
49,5760000000000,-1,13
50,5760000000000,117,429
51,5760000000000,304,-1
52,5760000000000,140,406
53,5760000000000,-1,430
54,5760000000000,-1,512
55,5760000000000,152,176
56,5760000000000,-1,327
57,5760000000000,88,-1
58,5760000000000,-1,407
59,5760000000000,80,-1
60,5760000000000,408,262
61,5760000000000,556,315
62,5760000000000,420,395
63,5760000000000,443,-1
64,5760000000000,183,158
65,5760000000000,417,128
66,5760000000000,254,591
67,5760000000000,135,-1
68,5760000000000,356,355
69,5760000000000,87,233
70,5760000000000,-1,15
71,5760000000000,32,-1
72,5760000000000,213,237
73,5760000000000,-1,407
74,5760000000000,-1,142
75,5760000000000,57,81
76,5760000000000,110,-1
77,5760000000000,88,258
78,5760000000000,183,-1
79,5760000000000,165,164
81,5760000000000,135,184
82,5760000000000,607,413
83,5760000000000,38,208
84,5760000000000,-1,382
85,5760000000000,608,-1
86,5760000000000,105,104
87,5760000000000,161,136
88,5760000000000,114,89
89,5760000000000,552,551
90,5760000000000,139,381
91,5760000000000,211,-1
92,5760000000000,89,88
93,5760000000000,332,356
94,5760000000000,40,-1
96,5760000000000,185,209
97,5760000000000,-1,137
98,5760000000000,-1,406
99,5760000000000,382,164
0,5820000000000,55,439
1,5820000000000,-1,405
2,5820000000000,487,8
3,5820000000000,140,405
4,5820000000000,394,175
5,5820000000000,-1,567
6,5820000000000,439,414
7,5820000000000,550,120
8,5820000000000,-1,188
9,5820000000000,569,325
10,5820000000000,590,230
11,5820000000000,308,162
12,5820000000000,-1,432
13,5820000000000,583,534
14,5820000000000,-1,201
15,5820000000000,232,38
16,5820000000000,105,465
17,5820000000000,465,105
18,5820000000000,229,566
19,5820000000000,262,408
20,5820000000000,90,355
21,5820000000000,85,36
22,5820000000000,327,326
23,5820000000000,-1,153
24,5820000000000,-1,382
25,5820000000000,465,-1
26,5820000000000,-1,182
27,5820000000000,-1,382
28,5820000000000,565,204
29,5820000000000,501,476
30,5820000000000,159,134
31,5820000000000,418,-1
32,5820000000000,512,8
33,5820000000000,607,413
34,5820000000000,117,453
36,5820000000000,-1,63
37,5820000000000,491,178
38,5820000000000,438,7
39,5820000000000,-1,234
40,5820000000000,170,194
41,5820000000000,355,114
42,5820000000000,39,281
43,5820000000000,203,178
44,5820000000000,139,114
45,5820000000000,-1,303
46,5820000000000,303,-1
47,5820000000000,235,259
48,5820000000000,64,306
49,5820000000000,13,207
50,5820000000000,429,428
51,5820000000000,-1,328
52,5820000000000,406,405
53,5820000000000,430,454
54,5820000000000,512,57
55,5820000000000,176,418
56,5820000000000,327,-1
57,5820000000000,-1,63
58,5820000000000,407,213
59,5820000000000,-1,440
60,5820000000000,262,237
61,5820000000000,315,556
62,5820000000000,395,200
63,5820000000000,-1,177
64,5820000000000,158,12
65,5820000000000,128,103
66,5820000000000,591,590
67,5820000000000,-1,159
68,5820000000000,355,90
69,5820000000000,233,184
70,5820000000000,15,279
71,5820000000000,-1,7
72,5820000000000,237,407
73,5820000000000,407,213
74,5820000000000,142,141
75,5820000000000,81,464
76,5820000000000,-1,61
77,5820000000000,258,233
79,5820000000000,164,406
80,5820000000000,-1,256
81,5820000000000,184,159
82,5820000000000,413,607
83,5820000000000,208,207
84,5820000000000,382,188
85,5820000000000,-1,437
86,5820000000000,104,441
87,5820000000000,136,160
88,5820000000000,89,-1
89,5820000000000,551,169
90,5820000000000,381,356
91,5820000000000,-1,284
92,5820000000000,88,306
93,5820000000000,356,331
94,5820000000000,-1,305
95,5820000000000,-1,113
96,5820000000000,209,184
97,5820000000000,137,307
98,5820000000000,406,-1
99,5820000000000,164,188
0,5880000000000,439,414
1,5880000000000,405,139
2,5880000000000,8,32
3,5880000000000,405,429
4,5880000000000,175,-1
5,5880000000000,567,278
6,5880000000000,414,438
7,5880000000000,120,144
8,5880000000000,188,212
9,5880000000000,325,-1
10,5880000000000,230,254
11,5880000000000,162,332
12,5880000000000,432,-1
13,5880000000000,534,461
14,5880000000000,201,443
15,5880000000000,38,62
16,5880000000000,465,464
17,5880000000000,105,129
18,5880000000000,566,565
19,5880000000000,408,432
20,5880000000000,355,379
21,5880000000000,36,-1
22,5880000000000,326,593
23,5880000000000,153,-1
24,5880000000000,382,-1
25,5880000000000,-1,440
26,5880000000000,182,613
27,5880000000000,382,-1
28,5880000000000,204,565
29,5880000000000,476,500
30,5880000000000,134,85
31,5880000000000,-1,442
32,5880000000000,8,32
33,5880000000000,413,607
34,5880000000000,453,141
35,5880000000000,-1,32
36,5880000000000,63,87
37,5880000000000,178,-1
38,5880000000000,7,6
39,5880000000000,234,-1
40,5880000000000,194,-1
41,5880000000000,114,89
42,5880000000000,281,280
43,5880000000000,178,202
44,5880000000000,114,355
45,5880000000000,303,-1
46,5880000000000,-1,616
47,5880000000000,259,234
48,5880000000000,306,305
49,5880000000000,207,231
50,5880000000000,428,-1
51,5880000000000,328,-1
52,5880000000000,405,164
53,5880000000000,454,-1
54,5880000000000,57,-1
55,5880000000000,418,176
56,5880000000000,-1,617
57,5880000000000,63,-1
58,5880000000000,213,188
59,5880000000000,440,55
60,5880000000000,237,261
61,5880000000000,556,580
62,5880000000000,200,-1
63,5880000000000,177,-1
64,5880000000000,12,-1
65,5880000000000,103,-1
66,5880000000000,590,254
67,5880000000000,159,183
68,5880000000000,90,114
69,5880000000000,184,111
70,5880000000000,279,615
71,5880000000000,7,462
72,5880000000000,407,382
73,5880000000000,213,237
74,5880000000000,141,453
75,5880000000000,464,463
76,5880000000000,61,158
77,5880000000000,233,257
78,5880000000000,-1,158
79,5880000000000,406,405
80,5880000000000,256,38
81,5880000000000,159,110
82,5880000000000,607,6
83,5880000000000,207,-1
84,5880000000000,188,163
85,5880000000000,437,-1
86,5880000000000,441,440
87,5880000000000,160,209
88,5880000000000,-1,331
89,5880000000000,169,168
90,5880000000000,356,139
91,5880000000000,284,235
92,5880000000000,306,-1
93,5880000000000,331,113
94,5880000000000,305,40
95,5880000000000,113,-1
96,5880000000000,184,135
97,5880000000000,307,-1
98,5880000000000,-1,430
99,5880000000000,188,406
0,5940000000000,414,55
1,5940000000000,139,-1
2,5940000000000,32,487
3,5940000000000,429,404
4,5940000000000,-1,394
5,5940000000000,278,591
6,5940000000000,438,30
7,5940000000000,144,550
8,5940000000000,212,406
9,5940000000000,-1,544
10,5940000000000,254,590
11,5940000000000,332,-1
12,5940000000000,-1,237
13,5940000000000,461,436
14,5940000000000,443,-1
15,5940000000000,62,232
16,5940000000000,464,105
17,5940000000000,129,104
18,5940000000000,565,-1
19,5940000000000,432,286
20,5940000000000,379,90
21,5940000000000,-1,109
22,5940000000000,593,568
23,5940000000000,-1,128
24,5940000000000,-1,406
25,5940000000000,440,-1
26,5940000000000,613,612
27,5940000000000,-1,187
28,5940000000000,565,-1
29,5940000000000,500,118
30,5940000000000,85,134
31,5940000000000,442,417
32,5940000000000,32,487
33,5940000000000,607,606
34,5940000000000,141,-1
35,5940000000000,32,487
36,5940000000000,87,256
38,5940000000000,6,413
39,5940000000000,-1,160
40,5940000000000,-1,600
41,5940000000000,89,355
42,5940000000000,280,63
43,5940000000000,202,491
44,5940000000000,355,114
46,5940000000000,616,278
47,5940000000000,234,185
48,5940000000000,305,64
49,5940000000000,231,13
50,5940000000000,-1,116
51,5940000000000,-1,303
52,5940000000000,164,-1
54,5940000000000,-1,512
55,5940000000000,176,151
56,5940000000000,617,-1
57,5940000000000,-1,87
58,5940000000000,188,-1
59,5940000000000,55,79
60,5940000000000,261,407
61,5940000000000,580,555
62,5940000000000,-1,419
63,5940000000000,-1,442
64,5940000000000,-1,182
65,5940000000000,-1,416
66,5940000000000,254,253
67,5940000000000,183,134
68,5940000000000,114,355
69,5940000000000,111,86
70,5940000000000,615,14
71,5940000000000,462,31
72,5940000000000,382,212
73,5940000000000,237,212
74,5940000000000,453,-1
75,5940000000000,463,80
76,5940000000000,158,109
77,5940000000000,257,111
78,5940000000000,158,36
79,5940000000000,405,164
80,5940000000000,38,-1
81,5940000000000,110,159
82,5940000000000,6,-1
83,5940000000000,-1,37
84,5940000000000,163,-1
85,5940000000000,-1,607
86,5940000000000,440,104
87,5940000000000,209,160
88,5940000000000,331,113
89,5940000000000,168,551
90,5940000000000,139,138
91,5940000000000,235,210
92,5940000000000,-1,88
93,5940000000000,113,331
94,5940000000000,40,39
96,5940000000000,135,184
97,5940000000000,-1,137
98,5940000000000,430,-1
99,5940000000000,406,405
0,6000000000000,55,54
2,6000000000000,487,486
3,6000000000000,404,139
4,6000000000000,394,393
5,6000000000000,591,-1
6,6000000000000,30,438
7,6000000000000,550,144
8,6000000000000,406,-1
9,6000000000000,544,568
10,6000000000000,590,254
12,6000000000000,237,-1
13,6000000000000,436,582
14,6000000000000,-1,201
15,6000000000000,232,37
16,6000000000000,105,104
17,6000000000000,104,464
18,6000000000000,-1,228
19,6000000000000,286,261
20,6000000000000,90,89
21,6000000000000,109,84
22,6000000000000,568,-1
23,6000000000000,128,152
24,6000000000000,406,187
25,6000000000000,-1,464
26,6000000000000,612,-1
27,6000000000000,187,211
28,6000000000000,-1,564
29,6000000000000,118,500
30,6000000000000,134,158
31,6000000000000,417,-1
32,6000000000000,487,511
33,6000000000000,606,-1
34,6000000000000,-1,116
35,6000000000000,487,56
36,6000000000000,256,-1
37,6000000000000,-1,177
38,6000000000000,413,437
39,6000000000000,160,-1
40,6000000000000,600,24
41,6000000000000,355,113
42,6000000000000,63,38
43,6000000000000,491,202
44,6000000000000,114,138
46,6000000000000,278,302
47,6000000000000,185,-1
48,6000000000000,64,63
49,6000000000000,13,12
50,6000000000000,116,428
51,6000000000000,303,15
52,6000000000000,-1,405
53,6000000000000,-1,165
54,6000000000000,512,511
55,6000000000000,151,418
56,6000000000000,-1,326
57,6000000000000,87,281
58,6000000000000,-1,406
59,6000000000000,79,-1
60,6000000000000,407,236
61,6000000000000,555,338
62,6000000000000,419,394
63,6000000000000,442,-1
64,6000000000000,182,181
65,6000000000000,416,127
66,6000000000000,253,590
67,6000000000000,134,-1
68,6000000000000,355,89
69,6000000000000,86,232
70,6000000000000,14,-1
71,6000000000000,31,-1
72,6000000000000,212,236
73,6000000000000,212,-1
74,6000000000000,-1,140
75,6000000000000,80,-1
76,6000000000000,109,-1
77,6000000000000,111,257
78,6000000000000,36,182
79,6000000000000,164,163
80,6000000000000,-1,62
81,6000000000000,159,183
82,6000000000000,-1,412
83,6000000000000,37,207
84,6000000000000,-1,381
85,6000000000000,607,-1
86,6000000000000,104,103
87,6000000000000,160,135
88,6000000000000,113,88
89,6000000000000,551,550
90,6000000000000,138,380
91,6000000000000,210,283
92,6000000000000,88,87
93,6000000000000,331,355
94,6000000000000,39,-1
95,6000000000000,-1,137
96,6000000000000,184,208
97,6000000000000,137,136
98,6000000000000,-1,405
99,6000000000000,405,163
0,6060000000000,54,438
1,6060000000000,-1,404
2,6060000000000,486,31
3,6060000000000,139,428
4,6060000000000,393,199
6,6060000000000,438,413
7,6060000000000,144,143
8,6060000000000,-1,187
9,6060000000000,568,-1
10,6060000000000,254,253
11,6060000000000,-1,161
12,6060000000000,-1,431
13,6060000000000,582,-1
14,6060000000000,201,200
15,6060000000000,37,61
16,6060000000000,104,464
17,6060000000000,464,128
18,6060000000000,228,589
19,6060000000000,261,407
20,6060000000000,89,354
21,6060000000000,84,35
22,6060000000000,-1,325
23,6060000000000,152,-1
24,6060000000000,187,381
25,6060000000000,464,103
26,6060000000000,-1,181
27,6060000000000,211,381
28,6060000000000,564,203
29,6060000000000,500,475
30,6060000000000,158,133
31,6060000000000,-1,441
32,6060000000000,511,486
33,6060000000000,-1,412
34,6060000000000,116,-1
35,6060000000000,56,-1
36,6060000000000,-1,62
37,6060000000000,177,-1
38,6060000000000,437,30
39,6060000000000,-1,233
40,6060000000000,24,193
41,6060000000000,113,-1
42,6060000000000,38,280
43,6060000000000,202,-1
44,6060000000000,138,113
45,6060000000000,-1,302
46,6060000000000,302,-1
47,6060000000000,-1,258
48,6060000000000,63,305
49,6060000000000,12,230
50,6060000000000,428,427
51,6060000000000,15,327
52,6060000000000,405,404
53,6060000000000,165,164
54,6060000000000,511,56
55,6060000000000,418,417
56,6060000000000,326,-1
57,6060000000000,281,256
58,6060000000000,406,212
59,6060000000000,-1,439
60,6060000000000,236,-1
61,6060000000000,338,555
62,6060000000000,394,224
63,6060000000000,-1,176
64,6060000000000,181,11
65,6060000000000,127,-1
66,6060000000000,590,589
67,6060000000000,-1,85
68,6060000000000,89,113
69,6060000000000,232,183
72,6060000000000,236,406
74,6060000000000,140,-1
75,6060000000000,-1,463
76,6060000000000,-1,60
77,6060000000000,257,86
78,6060000000000,182,36
79,6060000000000,163,405
80,6060000000000,62,255
81,6060000000000,183,158
82,6060000000000,412,606
83,6060000000000,207,206
84,6060000000000,381,187
85,6060000000000,-1,436
86,6060000000000,103,440
87,6060000000000,135,159
88,6060000000000,88,-1
89,6060000000000,550,168
90,6060000000000,380,355
91,6060000000000,283,-1
92,6060000000000,87,305
93,6060000000000,355,330
94,6060000000000,-1,304
95,6060000000000,137,112
96,6060000000000,208,183
97,6060000000000,136,306
98,6060000000000,405,-1
99,6060000000000,163,187
0,6120000000000,438,413
1,6120000000000,404,138
2,6120000000000,31,-1
3,6120000000000,428,-1
4,6120000000000,199,-1
5,6120000000000,-1,277
6,6120000000000,413,437
7,6120000000000,143,574
8,6120000000000,187,211
9,6120000000000,-1,349
10,6120000000000,253,589
11,6120000000000,161,331
12,6120000000000,431,430
13,6120000000000,-1,460
14,6120000000000,200,467
15,6120000000000,61,231
16,6120000000000,464,463
17,6120000000000,128,-1
18,6120000000000,589,-1
19,6120000000000,407,261
20,6120000000000,354,378
21,6120000000000,35,84
22,6120000000000,325,592
24,6120000000000,381,405
25,6120000000000,103,439
26,6120000000000,181,612
27,6120000000000,381,-1
28,6120000000000,203,-1
29,6120000000000,475,524
30,6120000000000,133,84
31,6120000000000,441,-1
32,6120000000000,486,-1
33,6120000000000,412,411
35,6120000000000,-1,31
36,6120000000000,62,256
38,6120000000000,30,5
39,6120000000000,233,208
40,6120000000000,193,624
42,6120000000000,280,279
43,6120000000000,-1,201
44,6120000000000,113,379
45,6120000000000,302,615
46,6120000000000,-1,277
47,6120000000000,258,233
48,6120000000000,305,87
49,6120000000000,230,-1
50,6120000000000,427,115
51,6120000000000,327,-1
52,6120000000000,404,163
53,6120000000000,164,-1
54,6120000000000,56,511
55,6120000000000,417,175
56,6120000000000,-1,616
57,6120000000000,256,62
58,6120000000000,212,187
59,6120000000000,439,78
60,6120000000000,-1,382
61,6120000000000,555,579
62,6120000000000,224,418
63,6120000000000,176,175
64,6120000000000,11,-1
65,6120000000000,-1,126
66,6120000000000,589,253
67,6120000000000,85,182
68,6120000000000,113,354
69,6120000000000,183,110
70,6120000000000,-1,614
71,6120000000000,-1,461
72,6120000000000,406,211
73,6120000000000,-1,406
74,6120000000000,-1,452
75,6120000000000,463,462
76,6120000000000,60,157
77,6120000000000,86,-1
78,6120000000000,36,157
79,6120000000000,405,404
80,6120000000000,255,37
81,6120000000000,158,109
82,6120000000000,606,5
83,6120000000000,206,36
84,6120000000000,187,162
85,6120000000000,436,-1
86,6120000000000,440,439
87,6120000000000,159,208
88,6120000000000,-1,330
89,6120000000000,168,167
90,6120000000000,355,138
91,6120000000000,-1,234
92,6120000000000,305,-1
93,6120000000000,330,112
94,6120000000000,304,39
95,6120000000000,112,-1
96,6120000000000,183,134
97,6120000000000,306,136
99,6120000000000,187,405
0,6180000000000,413,54
1,6180000000000,138,-1
2,6180000000000,-1,510
4,6180000000000,-1,393
5,6180000000000,277,276
6,6180000000000,437,29
7,6180000000000,574,-1
8,6180000000000,211,405
9,6180000000000,349,543
10,6180000000000,589,613
11,6180000000000,331,-1
12,6180000000000,430,236
13,6180000000000,460,435
14,6180000000000,467,466
15,6180000000000,231,-1
16,6180000000000,463,104
17,6180000000000,-1,103
18,6180000000000,-1,564
19,6180000000000,261,285
20,6180000000000,378,353
21,6180000000000,84,108
22,6180000000000,592,-1
24,6180000000000,405,-1
25,6180000000000,439,463
26,6180000000000,612,611
27,6180000000000,-1,186
28,6180000000000,-1,564
29,6180000000000,524,117
30,6180000000000,84,157
31,6180000000000,-1,150
33,6180000000000,411,605
34,6180000000000,-1,140
35,6180000000000,31,486
36,6180000000000,256,255
38,6180000000000,5,412
39,6180000000000,208,159
40,6180000000000,624,-1
41,6180000000000,-1,88
42,6180000000000,279,62
43,6180000000000,201,490
44,6180000000000,379,137
45,6180000000000,615,-1
46,6180000000000,277,590
47,6180000000000,233,184
48,6180000000000,87,-1
49,6180000000000,-1,12
50,6180000000000,115,-1
51,6180000000000,-1,326
52,6180000000000,163,-1
54,6180000000000,511,-1
55,6180000000000,175,150
56,6180000000000,616,-1
57,6180000000000,62,86
58,6180000000000,187,-1
59,6180000000000,78,-1
60,6180000000000,382,406
61,6180000000000,579,554
62,6180000000000,418,-1
63,6180000000000,175,441
64,6180000000000,-1,181
65,6180000000000,126,415
66,6180000000000,253,252
67,6180000000000,182,133
68,6180000000000,354,-1
69,6180000000000,110,85
70,6180000000000,614,13
71,6180000000000,461,30
72,6180000000000,211,-1
73,6180000000000,406,211
74,6180000000000,452,-1
75,6180000000000,462,79
76,6180000000000,157,108
77,6180000000000,-1,110
78,6180000000000,157,35
79,6180000000000,404,163
80,6180000000000,37,-1
81,6180000000000,109,133
82,6180000000000,5,412
83,6180000000000,36,-1
84,6180000000000,162,-1
85,6180000000000,-1,606
86,6180000000000,439,103
87,6180000000000,208,159
88,6180000000000,330,329
89,6180000000000,167,550
90,6180000000000,138,137
91,6180000000000,234,209
92,6180000000000,-1,87
93,6180000000000,112,354
94,6180000000000,39,38
95,6180000000000,-1,330
96,6180000000000,134,183
97,6180000000000,136,-1
98,6180000000000,-1,429
99,6180000000000,405,404
0,6240000000000,54,413
1,6240000000000,-1,403
2,6240000000000,510,485
3,6240000000000,-1,403
4,6240000000000,393,392
5,6240000000000,276,590
6,6240000000000,29,-1
7,6240000000000,-1,143
8,6240000000000,405,-1
9,6240000000000,543,567
10,6240000000000,613,253
11,6240000000000,-1,306
12,6240000000000,236,430
13,6240000000000,435,-1
14,6240000000000,466,200
15,6240000000000,-1,36
16,6240000000000,104,463
17,6240000000000,103,-1
18,6240000000000,564,588
19,6240000000000,285,260
20,6240000000000,353,-1
21,6240000000000,108,83
22,6240000000000,-1,567
23,6240000000000,-1,464
24,6240000000000,-1,186
25,6240000000000,463,103
26,6240000000000,611,180
27,6240000000000,186,356
28,6240000000000,564,203
29,6240000000000,117,92
30,6240000000000,157,-1
31,6240000000000,150,416
32,6240000000000,-1,31
33,6240000000000,605,411
34,6240000000000,140,115
35,6240000000000,486,55
36,6240000000000,255,61
37,6240000000000,-1,489
38,6240000000000,412,5
39,6240000000000,159,-1
40,6240000000000,-1,23
41,6240000000000,88,353
42,6240000000000,62,37
43,6240000000000,490,201
44,6240000000000,137,-1
46,6240000000000,590,-1
47,6240000000000,184,233
48,6240000000000,-1,62
49,6240000000000,12,11
50,6240000000000,-1,114
51,6240000000000,326,14
52,6240000000000,-1,404
54,6240000000000,-1,510
55,6240000000000,150,417
56,6240000000000,-1,325
57,6240000000000,86,280
60,6240000000000,406,235
61,6240000000000,554,-1
62,6240000000000,-1,224
63,6240000000000,441,-1
64,6240000000000,181,10
65,6240000000000,415,126
66,6240000000000,252,589
67,6240000000000,133,-1
68,6240000000000,-1,378
69,6240000000000,85,-1
70,6240000000000,13,278
71,6240000000000,30,-1
72,6240000000000,-1,381
73,6240000000000,211,-1
74,6240000000000,-1,139
75,6240000000000,79,-1
76,6240000000000,108,-1
77,6240000000000,110,256
78,6240000000000,35,-1
79,6240000000000,163,187
80,6240000000000,-1,255
81,6240000000000,133,182
82,6240000000000,412,411
83,6240000000000,-1,206
84,6240000000000,-1,186
85,6240000000000,606,436
86,6240000000000,103,102
87,6240000000000,159,134
88,6240000000000,329,87
89,6240000000000,550,574
90,6240000000000,137,379
91,6240000000000,209,282
92,6240000000000,87,280
93,6240000000000,354,-1
94,6240000000000,38,303
95,6240000000000,330,112
96,6240000000000,183,207
97,6240000000000,-1,135
98,6240000000000,429,-1
99,6240000000000,404,187
0,6300000000000,413,437
1,6300000000000,403,-1
2,6300000000000,485,30
3,6300000000000,403,427
4,6300000000000,392,198
5,6300000000000,590,-1
6,6300000000000,-1,437
7,6300000000000,143,142
8,6300000000000,-1,186
9,6300000000000,567,-1
10,6300000000000,253,252
11,6300000000000,306,-1
12,6300000000000,430,-1
13,6300000000000,-1,581
14,6300000000000,200,224
15,6300000000000,36,60
16,6300000000000,463,487
17,6300000000000,-1,127
18,6300000000000,588,-1
19,6300000000000,260,406
20,6300000000000,-1,377
21,6300000000000,83,132
22,6300000000000,567,349
23,6300000000000,464,151
24,6300000000000,186,380
25,6300000000000,103,102
26,6300000000000,180,-1
27,6300000000000,356,380
28,6300000000000,203,202
29,6300000000000,92,523
30,6300000000000,-1,132
31,6300000000000,416,440
32,6300000000000,31,55
33,6300000000000,411,-1
34,6300000000000,115,-1
35,6300000000000,55,-1
36,6300000000000,61,-1
37,6300000000000,489,-1
38,6300000000000,5,29
39,6300000000000,-1,232
40,6300000000000,23,192
41,6300000000000,353,112
42,6300000000000,37,279
43,6300000000000,201,200
44,6300000000000,-1,112
45,6300000000000,-1,614
46,6300000000000,-1,614
47,6300000000000,233,257
48,6300000000000,62,-1
49,6300000000000,11,229
50,6300000000000,114,426
51,6300000000000,14,-1
52,6300000000000,404,403
53,6300000000000,-1,163
54,6300000000000,510,55
55,6300000000000,417,416
56,6300000000000,325,-1
57,6300000000000,280,255
58,6300000000000,-1,404
59,6300000000000,-1,438
60,6300000000000,235,-1
61,6300000000000,-1,337
62,6300000000000,224,223
63,6300000000000,-1,175
64,6300000000000,10,-1
65,6300000000000,126,-1
66,6300000000000,589,588
67,6300000000000,-1,157
68,6300000000000,378,112
69,6300000000000,-1,182
70,6300000000000,278,13
72,6300000000000,381,405
74,6300000000000,139,-1
75,6300000000000,-1,54
76,6300000000000,-1,59
77,6300000000000,256,110
79,6300000000000,187,404
80,6300000000000,255,254
81,6300000000000,182,157
82,6300000000000,411,605
83,6300000000000,206,205
84,6300000000000,186,379
85,6300000000000,436,435
86,6300000000000,102,439
87,6300000000000,134,158
88,6300000000000,87,111
89,6300000000000,574,167
90,6300000000000,379,378
91,6300000000000,282,-1
92,6300000000000,280,304
93,6300000000000,-1,329
94,6300000000000,303,-1
95,6300000000000,112,111
96,6300000000000,207,182
97,6300000000000,135,305
98,6300000000000,-1,404
99,6300000000000,187,186
0,6360000000000,437,412
1,6360000000000,-1,137
2,6360000000000,30,485
3,6360000000000,427,-1
4,6360000000000,198,392
5,6360000000000,-1,276
6,6360000000000,437,29
7,6360000000000,142,573
8,6360000000000,186,380
9,6360000000000,-1,542
10,6360000000000,252,588
11,6360000000000,-1,160
12,6360000000000,-1,454
13,6360000000000,581,459
14,6360000000000,224,466
15,6360000000000,60,230
16,6360000000000,487,462
17,6360000000000,127,-1
19,6360000000000,406,260
20,6360000000000,377,-1
21,6360000000000,132,58
22,6360000000000,349,591
23,6360000000000,151,-1
24,6360000000000,380,404
25,6360000000000,102,438
26,6360000000000,-1,179
27,6360000000000,380,-1
28,6360000000000,202,-1
29,6360000000000,523,92
30,6360000000000,132,83
31,6360000000000,440,150
32,6360000000000,55,485
33,6360000000000,-1,435
34,6360000000000,-1,450
35,6360000000000,-1,485
36,6360000000000,-1,255
37,6360000000000,-1,176
38,6360000000000,29,4
39,6360000000000,232,-1
40,6360000000000,192,623
41,6360000000000,112,-1
42,6360000000000,279,61
43,6360000000000,200,490
44,6360000000000,112,378
45,6360000000000,614,-1
46,6360000000000,614,276
47,6360000000000,257,232
48,6360000000000,-1,86
49,6360000000000,229,-1
50,6360000000000,426,114
51,6360000000000,-1,326
52,6360000000000,403,162
53,6360000000000,163,-1
54,6360000000000,55,510
55,6360000000000,416,199
56,6360000000000,-1,615
57,6360000000000,255,85
58,6360000000000,404,186
59,6360000000000,438,77
60,6360000000000,-1,405
61,6360000000000,337,312
62,6360000000000,223,417
63,6360000000000,175,465
64,6360000000000,-1,180
65,6360000000000,-1,415
66,6360000000000,588,252
67,6360000000000,157,181
68,6360000000000,112,353
69,6360000000000,182,109
70,6360000000000,13,613
71,6360000000000,-1,5
72,6360000000000,405,210
73,6360000000000,-1,405
74,6360000000000,-1,451
75,6360000000000,54,461
76,6360000000000,59,156
77,6360000000000,110,85
78,6360000000000,-1,156
79,6360000000000,404,403
80,6360000000000,254,36
81,6360000000000,157,108
82,6360000000000,605,4
83,6360000000000,205,35
84,6360000000000,379,161
85,6360000000000,435,-1
86,6360000000000,439,438
87,6360000000000,158,207
88,6360000000000,111,329
89,6360000000000,167,166
90,6360000000000,378,137
91,6360000000000,-1,233
92,6360000000000,304,-1
93,6360000000000,329,111
94,6360000000000,-1,38
95,6360000000000,111,-1
96,6360000000000,182,133
97,6360000000000,305,135
98,6360000000000,404,-1
99,6360000000000,186,404
0,6420000000000,412,53
1,6420000000000,137,-1
2,6420000000000,485,509
3,6420000000000,-1,138
4,6420000000000,392,-1
5,6420000000000,276,275
6,6420000000000,29,53
7,6420000000000,573,597
8,6420000000000,380,404
9,6420000000000,542,-1
10,6420000000000,588,612
11,6420000000000,160,330
12,6420000000000,454,235
13,6420000000000,459,434
14,6420000000000,466,465
15,6420000000000,230,-1
16,6420000000000,462,103
18,6420000000000,-1,563
19,6420000000000,260,430
20,6420000000000,-1,352
21,6420000000000,58,107
22,6420000000000,591,-1
24,6420000000000,404,-1
25,6420000000000,438,462
26,6420000000000,179,610
27,6420000000000,-1,185
28,6420000000000,-1,563
29,6420000000000,92,116
30,6420000000000,83,132
31,6420000000000,150,174
32,6420000000000,485,-1
33,6420000000000,435,604
34,6420000000000,450,139
35,6420000000000,485,-1
36,6420000000000,255,254
37,6420000000000,176,-1
38,6420000000000,4,435
39,6420000000000,-1,158
40,6420000000000,623,-1
41,6420000000000,-1,87
42,6420000000000,61,-1
43,6420000000000,490,489
44,6420000000000,378,353
46,6420000000000,276,614
47,6420000000000,232,183
48,6420000000000,86,-1
49,6420000000000,-1,11
50,6420000000000,114,-1
51,6420000000000,326,325
52,6420000000000,162,-1
54,6420000000000,510,534
55,6420000000000,199,198
56,6420000000000,615,-1
57,6420000000000,85,-1
58,6420000000000,186,-1
59,6420000000000,77,-1
60,6420000000000,405,-1
61,6420000000000,312,336
62,6420000000000,417,-1
63,6420000000000,465,-1
64,6420000000000,180,-1
65,6420000000000,415,414
66,6420000000000,252,251
67,6420000000000,181,132
68,6420000000000,353,377
69,6420000000000,109,84
70,6420000000000,613,12
71,6420000000000,5,29
72,6420000000000,210,-1
73,6420000000000,405,429
74,6420000000000,451,-1
75,6420000000000,461,78
76,6420000000000,156,107
77,6420000000000,85,109
78,6420000000000,156,-1
79,6420000000000,403,186
80,6420000000000,36,-1
81,6420000000000,108,-1
82,6420000000000,4,435
83,6420000000000,35,-1
84,6420000000000,161,-1
85,6420000000000,-1,605
86,6420000000000,438,102
87,6420000000000,207,158
88,6420000000000,329,328
89,6420000000000,166,574
90,6420000000000,137,136
91,6420000000000,233,208
93,6420000000000,111,353
94,6420000000000,38,37
96,6420000000000,133,-1
97,6420000000000,135,-1
98,6420000000000,-1,428
99,6420000000000,404,403
0,6480000000000,53,436
1,6480000000000,-1,402
2,6480000000000,509,484
3,6480000000000,138,402
4,6480000000000,-1,391
5,6480000000000,275,589
6,6480000000000,53,28
7,6480000000000,597,142
8,6480000000000,404,210
9,6480000000000,-1,348
10,6480000000000,612,252
11,6480000000000,330,305
12,6480000000000,235,429
13,6480000000000,434,-1
14,6480000000000,465,224
15,6480000000000,-1,35
16,6480000000000,103,462
17,6480000000000,-1,102
18,6480000000000,563,587
19,6480000000000,430,259
20,6480000000000,352,-1
21,6480000000000,107,82
22,6480000000000,-1,349
23,6480000000000,-1,463
24,6480000000000,-1,185
25,6480000000000,462,102
26,6480000000000,610,179
27,6480000000000,185,379
28,6480000000000,563,202
29,6480000000000,116,91
30,6480000000000,132,156
31,6480000000000,174,415
32,6480000000000,-1,30
33,6480000000000,604,410
34,6480000000000,139,114
35,6480000000000,-1,54
36,6480000000000,254,60
37,6480000000000,-1,488
38,6480000000000,435,4
39,6480000000000,158,231
40,6480000000000,-1,192
41,6480000000000,87,352
42,6480000000000,-1,36
43,6480000000000,489,-1
44,6480000000000,353,136
45,6480000000000,-1,300
46,6480000000000,614,589
47,6480000000000,183,256
48,6480000000000,-1,61
49,6480000000000,11,204
50,6480000000000,-1,113
51,6480000000000,325,13
52,6480000000000,-1,403
53,6480000000000,-1,452
54,6480000000000,534,509
55,6480000000000,198,416
56,6480000000000,-1,349
57,6480000000000,-1,279
58,6480000000000,-1,404
60,6480000000000,-1,259
61,6480000000000,336,577
62,6480000000000,-1,223
63,6480000000000,-1,440
64,6480000000000,-1,155
65,6480000000000,414,-1
66,6480000000000,251,588
67,6480000000000,132,-1
68,6480000000000,377,-1
69,6480000000000,84,-1
70,6480000000000,12,277
71,6480000000000,29,460
72,6480000000000,-1,380
73,6480000000000,429,210
74,6480000000000,-1,139
75,6480000000000,78,-1
76,6480000000000,107,-1
77,6480000000000,109,255
78,6480000000000,-1,34
79,6480000000000,186,-1
80,6480000000000,-1,254
81,6480000000000,-1,181
82,6480000000000,435,604
83,6480000000000,-1,229
85,6480000000000,605,4
86,6480000000000,102,101
87,6480000000000,158,133
88,6480000000000,328,86
89,6480000000000,574,573
90,6480000000000,136,378
91,6480000000000,208,232
92,6480000000000,-1,279
93,6480000000000,353,-1
94,6480000000000,37,302
95,6480000000000,-1,329
96,6480000000000,-1,206
97,6480000000000,-1,159
98,6480000000000,428,-1
99,6480000000000,403,186
0,6540000000000,436,-1
1,6540000000000,402,-1
2,6540000000000,484,29
3,6540000000000,402,426
4,6540000000000,391,197
5,6540000000000,589,-1
6,6540000000000,28,436
7,6540000000000,142,141
8,6540000000000,210,185
9,6540000000000,348,566
10,6540000000000,252,587
11,6540000000000,305,159
12,6540000000000,429,-1
13,6540000000000,-1,580
14,6540000000000,224,223
15,6540000000000,35,59
16,6540000000000,462,486
17,6540000000000,102,126
18,6540000000000,587,226
19,6540000000000,259,405
20,6540000000000,-1,376
21,6540000000000,82,131
22,6540000000000,349,348
23,6540000000000,463,-1
24,6540000000000,185,379
25,6540000000000,102,101
26,6540000000000,179,-1
27,6540000000000,379,-1
28,6540000000000,202,226
29,6540000000000,91,522
30,6540000000000,156,131
31,6540000000000,415,439
32,6540000000000,30,54
33,6540000000000,410,434
34,6540000000000,114,138
35,6540000000000,54,-1
36,6540000000000,60,-1
37,6540000000000,488,-1
38,6540000000000,4,28
39,6540000000000,231,-1
40,6540000000000,192,191
41,6540000000000,352,111
42,6540000000000,36,278
43,6540000000000,-1,224
44,6540000000000,136,111
45,6540000000000,300,613
46,6540000000000,589,613
47,6540000000000,256,-1
48,6540000000000,61,-1
49,6540000000000,204,228
50,6540000000000,113,425
51,6540000000000,13,-1
52,6540000000000,403,402
53,6540000000000,452,187
54,6540000000000,509,54
55,6540000000000,416,415
56,6540000000000,349,-1
57,6540000000000,279,278
58,6540000000000,404,403
59,6540000000000,-1,437
60,6540000000000,259,234
61,6540000000000,577,336
62,6540000000000,223,222
63,6540000000000,440,-1
64,6540000000000,155,9
65,6540000000000,-1,125
66,6540000000000,588,587
67,6540000000000,-1,156
68,6540000000000,-1,352
69,6540000000000,-1,181
70,6540000000000,277,276
71,6540000000000,460,-1
72,6540000000000,380,404
73,6540000000000,210,-1
74,6540000000000,139,138
75,6540000000000,-1,53
76,6540000000000,-1,58
77,6540000000000,255,230
78,6540000000000,34,58
79,6540000000000,-1,403
80,6540000000000,254,253
81,6540000000000,181,156
82,6540000000000,604,3
83,6540000000000,229,204
84,6540000000000,-1,378
85,6540000000000,4,604
86,6540000000000,101,438
87,6540000000000,133,157
88,6540000000000,86,110
89,6540000000000,573,190
90,6540000000000,378,377
91,6540000000000,232,281
92,6540000000000,279,303
94,6540000000000,302,-1
95,6540000000000,329,110
96,6540000000000,206,181
97,6540000000000,159,304
98,6540000000000,-1,403
99,6540000000000,186,185
1,6600000000000,-1,136
2,6600000000000,29,484
3,6600000000000,426,-1
4,6600000000000,197,391
5,6600000000000,-1,275
6,6600000000000,436,52
7,6600000000000,141,572
8,6600000000000,185,379
9,6600000000000,566,541
10,6600000000000,587,-1
11,6600000000000,159,-1
12,6600000000000,-1,259
13,6600000000000,580,458
14,6600000000000,223,465
15,6600000000000,59,229
16,6600000000000,486,-1
17,6600000000000,126,-1
18,6600000000000,226,587
19,6600000000000,405,259
20,6600000000000,376,-1
21,6600000000000,131,82
22,6600000000000,348,590
23,6600000000000,-1,150
24,6600000000000,379,185
25,6600000000000,101,462
26,6600000000000,-1,610
28,6600000000000,226,201
29,6600000000000,522,91
30,6600000000000,131,82
31,6600000000000,439,174
32,6600000000000,54,484
33,6600000000000,434,604
34,6600000000000,138,474
35,6600000000000,-1,484
36,6600000000000,-1,254
37,6600000000000,-1,175
38,6600000000000,28,-1
39,6600000000000,-1,206
40,6600000000000,191,622
41,6600000000000,111,-1
42,6600000000000,278,36
43,6600000000000,224,489
44,6600000000000,111,-1
45,6600000000000,613,-1
46,6600000000000,613,324
47,6600000000000,-1,231
49,6600000000000,228,10
50,6600000000000,425,113
51,6600000000000,-1,325
52,6600000000000,402,161
53,6600000000000,187,162
54,6600000000000,54,509
55,6600000000000,415,198
56,6600000000000,-1,614
57,6600000000000,278,84
58,6600000000000,403,185
59,6600000000000,437,76
60,6600000000000,234,404
61,6600000000000,336,311
62,6600000000000,222,416
63,6600000000000,-1,464
64,6600000000000,9,179
65,6600000000000,125,438
66,6600000000000,587,251
67,6600000000000,156,107
68,6600000000000,352,-1
69,6600000000000,181,108
70,6600000000000,276,11
71,6600000000000,-1,28
72,6600000000000,404,209
73,6600000000000,-1,404
74,6600000000000,138,450
75,6600000000000,53,77
76,6600000000000,58,155
77,6600000000000,230,84
78,6600000000000,58,155
79,6600000000000,403,185
80,6600000000000,253,35
81,6600000000000,156,107
82,6600000000000,3,410
83,6600000000000,204,34
84,6600000000000,378,160
85,6600000000000,604,434
86,6600000000000,438,125
87,6600000000000,157,206
88,6600000000000,110,328
89,6600000000000,190,165
90,6600000000000,377,136
91,6600000000000,281,232
92,6600000000000,303,-1
93,6600000000000,-1,110
94,6600000000000,-1,301
95,6600000000000,110,-1
96,6600000000000,181,132
97,6600000000000,304,134
98,6600000000000,403,185
99,6600000000000,185,403
0,6660000000000,-1,52
1,6660000000000,136,-1
2,6660000000000,484,508
3,6660000000000,-1,137
4,6660000000000,391,415
5,6660000000000,275,299
6,6660000000000,52,-1
7,6660000000000,572,596
8,6660000000000,379,403
9,6660000000000,541,565
10,6660000000000,-1,611
11,6660000000000,-1,329
12,6660000000000,259,234
13,6660000000000,458,433
14,6660000000000,465,464
15,6660000000000,229,-1
16,6660000000000,-1,102
18,6660000000000,587,250
19,6660000000000,259,283
21,6660000000000,82,106
22,6660000000000,590,-1
23,6660000000000,150,-1
24,6660000000000,185,209
25,6660000000000,462,461
26,6660000000000,610,609
27,6660000000000,-1,184
28,6660000000000,201,562
29,6660000000000,91,115
30,6660000000000,82,155
31,6660000000000,174,173
32,6660000000000,484,508
33,6660000000000,604,603
34,6660000000000,474,138
35,6660000000000,484,-1
36,6660000000000,254,59
37,6660000000000,175,-1
38,6660000000000,-1,434
39,6660000000000,206,157
40,6660000000000,622,-1
41,6660000000000,-1,110
42,6660000000000,36,60
43,6660000000000,489,488
44,6660000000000,-1,352
46,6660000000000,324,613
47,6660000000000,231,182
48,6660000000000,-1,85
49,6660000000000,10,34
50,6660000000000,113,137
51,6660000000000,325,349
52,6660000000000,161,-1
53,6660000000000,162,186
54,6660000000000,509,533
55,6660000000000,198,197
56,6660000000000,614,-1
57,6660000000000,84,-1
58,6660000000000,185,-1
59,6660000000000,76,-1
60,6660000000000,404,-1
61,6660000000000,311,577
62,6660000000000,416,-1
63,6660000000000,464,-1
64,6660000000000,179,-1
65,6660000000000,438,-1
66,6660000000000,251,250
67,6660000000000,107,-1
68,6660000000000,-1,376
69,6660000000000,108,83
70,6660000000000,11,-1
71,6660000000000,28,-1
72,6660000000000,209,-1
73,6660000000000,404,428
74,6660000000000,450,-1
75,6660000000000,77,-1
76,6660000000000,155,106
77,6660000000000,84,108
78,6660000000000,155,179
79,6660000000000,185,-1
80,6660000000000,35,-1
81,6660000000000,107,156
82,6660000000000,410,3
83,6660000000000,34,-1
84,6660000000000,160,-1
85,6660000000000,434,604
86,6660000000000,125,-1
87,6660000000000,206,157
88,6660000000000,328,327
89,6660000000000,165,573
90,6660000000000,136,135
91,6660000000000,232,207
93,6660000000000,110,352
94,6660000000000,301,36
96,6660000000000,132,181
97,6660000000000,134,-1
98,6660000000000,185,-1
99,6660000000000,403,402
0,6720000000000,52,435
1,6720000000000,-1,401
2,6720000000000,508,483
3,6720000000000,137,136
4,6720000000000,415,390
5,6720000000000,299,588
6,6720000000000,-1,27
7,6720000000000,596,141
8,6720000000000,403,-1
9,6720000000000,565,347
10,6720000000000,611,251
11,6720000000000,329,-1
12,6720000000000,234,428
13,6720000000000,433,-1
14,6720000000000,464,223
15,6720000000000,-1,34
16,6720000000000,102,485
17,6720000000000,-1,461
18,6720000000000,250,562
19,6720000000000,283,404
20,6720000000000,-1,375
21,6720000000000,106,81
22,6720000000000,-1,372
23,6720000000000,-1,462
24,6720000000000,209,184
25,6720000000000,461,101
26,6720000000000,609,178
27,6720000000000,184,378
28,6720000000000,562,201
29,6720000000000,115,90
30,6720000000000,155,-1
31,6720000000000,173,438
32,6720000000000,508,29
33,6720000000000,603,409
34,6720000000000,138,113
35,6720000000000,-1,53
36,6720000000000,59,-1
37,6720000000000,-1,487
38,6720000000000,434,3
39,6720000000000,157,230
40,6720000000000,-1,191
41,6720000000000,110,351
42,6720000000000,60,35
43,6720000000000,488,-1
44,6720000000000,352,135
45,6720000000000,-1,12
46,6720000000000,613,588
47,6720000000000,182,231
48,6720000000000,85,-1
49,6720000000000,34,203
50,6720000000000,137,-1
51,6720000000000,349,12
52,6720000000000,-1,402
53,6720000000000,186,450
54,6720000000000,533,29
55,6720000000000,197,415
56,6720000000000,-1,348
57,6720000000000,-1,278
58,6720000000000,-1,427
59,6720000000000,-1,436
60,6720000000000,-1,258
61,6720000000000,577,576
62,6720000000000,-1,222
63,6720000000000,-1,439
64,6720000000000,-1,8
65,6720000000000,-1,413
66,6720000000000,250,587
67,6720000000000,-1,131
68,6720000000000,376,-1
69,6720000000000,83,107
70,6720000000000,-1,276
72,6720000000000,-1,403
73,6720000000000,428,209
74,6720000000000,-1,138
76,6720000000000,106,-1
77,6720000000000,108,254
78,6720000000000,179,33
80,6720000000000,-1,253
81,6720000000000,156,180
82,6720000000000,3,603
83,6720000000000,-1,228
84,6720000000000,-1,402
85,6720000000000,604,3
86,6720000000000,-1,100
87,6720000000000,157,205
88,6720000000000,327,85
89,6720000000000,573,572
90,6720000000000,135,377
91,6720000000000,207,231
92,6720000000000,-1,302
93,6720000000000,352,110
94,6720000000000,36,301
95,6720000000000,-1,328
96,6720000000000,181,205
97,6720000000000,-1,158
98,6720000000000,-1,427
99,6720000000000,402,185
0,6780000000000,435,-1
1,6780000000000,401,-1
2,6780000000000,483,28
3,6780000000000,136,-1
4,6780000000000,390,196
5,6780000000000,588,-1
6,6780000000000,27,435
7,6780000000000,141,571
8,6780000000000,-1,208
9,6780000000000,347,540
10,6780000000000,251,611
11,6780000000000,-1,158
12,6780000000000,428,-1
13,6780000000000,-1,579
14,6780000000000,223,222
15,6780000000000,34,58
16,6780000000000,485,-1
17,6780000000000,461,125
18,6780000000000,562,225
19,6780000000000,404,428
20,6780000000000,375,-1
21,6780000000000,81,105
22,6780000000000,372,347
23,6780000000000,462,-1
24,6780000000000,184,378
25,6780000000000,101,100
26,6780000000000,178,-1
27,6780000000000,378,-1
28,6780000000000,201,225
29,6780000000000,90,521
30,6780000000000,-1,130
31,6780000000000,438,-1
32,6780000000000,29,508
33,6780000000000,409,433
34,6780000000000,113,137
35,6780000000000,53,-1
36,6780000000000,-1,83
37,6780000000000,487,-1
38,6780000000000,3,27
39,6780000000000,230,-1
40,6780000000000,191,621
41,6780000000000,351,110
42,6780000000000,35,-1
43,6780000000000,-1,223
44,6780000000000,135,352
45,6780000000000,12,612
46,6780000000000,588,612
47,6780000000000,231,255
48,6780000000000,-1,60
49,6780000000000,203,227
50,6780000000000,-1,112
51,6780000000000,12,-1
52,6780000000000,402,401
53,6780000000000,450,186
54,6780000000000,29,53
55,6780000000000,415,439
56,6780000000000,348,-1
57,6780000000000,278,-1
58,6780000000000,427,-1
59,6780000000000,436,-1
60,6780000000000,258,233
61,6780000000000,576,335
62,6780000000000,222,221
63,6780000000000,439,-1
64,6780000000000,8,-1
65,6780000000000,413,149
66,6780000000000,587,586
67,6780000000000,131,155
68,6780000000000,-1,351
69,6780000000000,107,229
70,6780000000000,276,11
72,6780000000000,403,-1
73,6780000000000,209,233
74,6780000000000,138,137
75,6780000000000,-1,484
76,6780000000000,-1,130
77,6780000000000,254,83
78,6780000000000,33,57
79,6780000000000,-1,426
80,6780000000000,253,277
81,6780000000000,180,155
82,6780000000000,603,2
83,6780000000000,228,203
84,6780000000000,402,377
85,6780000000000,3,603
86,6780000000000,100,437
87,6780000000000,205,156
88,6780000000000,85,109
89,6780000000000,572,189
90,6780000000000,377,376
91,6780000000000,231,280
92,6780000000000,302,-1
93,6780000000000,110,134
94,6780000000000,301,-1
95,6780000000000,328,109
96,6780000000000,205,180
97,6780000000000,158,303
98,6780000000000,427,426
99,6780000000000,185,184
1,6840000000000,-1,135
2,6840000000000,28,483
4,6840000000000,196,390
5,6840000000000,-1,299
6,6840000000000,435,51
7,6840000000000,571,-1
8,6840000000000,208,402
9,6840000000000,540,-1
10,6840000000000,611,610
11,6840000000000,158,182
12,6840000000000,-1,234
13,6840000000000,579,554
14,6840000000000,222,464
15,6840000000000,58,228
17,6840000000000,125,-1
18,6840000000000,225,-1
19,6840000000000,428,282
21,6840000000000,105,56
22,6840000000000,347,-1
23,6840000000000,-1,174
24,6840000000000,378,208
25,6840000000000,100,461
26,6840000000000,-1,202
27,6840000000000,-1,208
28,6840000000000,225,200
29,6840000000000,521,114
30,6840000000000,130,81
31,6840000000000,-1,173
32,6840000000000,508,483
33,6840000000000,433,408
34,6840000000000,137,473
35,6840000000000,-1,483
36,6840000000000,83,253
38,6840000000000,27,-1
39,6840000000000,-1,205
40,6840000000000,621,-1
41,6840000000000,110,-1
43,6840000000000,223,488
44,6840000000000,352,134
45,6840000000000,612,-1
46,6840000000000,612,323
47,6840000000000,255,206
48,6840000000000,60,-1
49,6840000000000,227,9
50,6840000000000,112,-1
51,6840000000000,-1,349
52,6840000000000,401,160
53,6840000000000,186,161
54,6840000000000,53,508
55,6840000000000,439,414
56,6840000000000,-1,613
57,6840000000000,-1,83
58,6840000000000,-1,184
59,6840000000000,-1,75
60,6840000000000,233,257
61,6840000000000,335,310
62,6840000000000,221,415
64,6840000000000,-1,178
65,6840000000000,149,437
66,6840000000000,586,250
67,6840000000000,155,179
68,6840000000000,351,375
69,6840000000000,229,107
70,6840000000000,11,10
71,6840000000000,-1,27
72,6840000000000,-1,208
73,6840000000000,233,427
74,6840000000000,137,474
75,6840000000000,484,459
76,6840000000000,130,154
77,6840000000000,83,-1
78,6840000000000,57,154
79,6840000000000,426,-1
80,6840000000000,277,59
81,6840000000000,155,106
82,6840000000000,2,409
83,6840000000000,203,33
84,6840000000000,377,159
85,6840000000000,603,433
86,6840000000000,437,149
87,6840000000000,156,205
88,6840000000000,109,327
89,6840000000000,189,-1
90,6840000000000,376,135
91,6840000000000,280,231
92,6840000000000,-1,84
93,6840000000000,134,327
94,6840000000000,-1,36
95,6840000000000,109,-1
96,6840000000000,180,131
97,6840000000000,303,133
98,6840000000000,426,184
99,6840000000000,184,402
0,6900000000000,-1,410
1,6900000000000,135,-1
2,6900000000000,483,507
3,6900000000000,-1,160
4,6900000000000,390,414
5,6900000000000,299,298
6,6900000000000,51,-1
7,6900000000000,-1,595
8,6900000000000,402,-1
9,6900000000000,-1,564
10,6900000000000,610,-1
11,6900000000000,182,328
12,6900000000000,234,427
13,6900000000000,554,578
14,6900000000000,464,463
15,6900000000000,228,252
16,6900000000000,-1,101
19,6900000000000,282,428
20,6900000000000,-1,110
21,6900000000000,56,105
22,6900000000000,-1,589
23,6900000000000,174,-1
24,6900000000000,208,-1
25,6900000000000,461,460
26,6900000000000,202,608
27,6900000000000,208,183
28,6900000000000,200,561
29,6900000000000,114,-1
30,6900000000000,81,154
31,6900000000000,173,172
32,6900000000000,483,507
33,6900000000000,408,602
34,6900000000000,473,137
35,6900000000000,483,-1
36,6900000000000,253,252
37,6900000000000,-1,199
38,6900000000000,-1,433
39,6900000000000,205,156
40,6900000000000,-1,20
41,6900000000000,-1,109
42,6900000000000,-1,59
43,6900000000000,488,512
44,6900000000000,134,351
46,6900000000000,323,612
47,6900000000000,206,181
48,6900000000000,-1,301
49,6900000000000,9,33
50,6900000000000,-1,136
51,6900000000000,349,348
52,6900000000000,160,-1
53,6900000000000,161,185
54,6900000000000,508,532
55,6900000000000,414,196
56,6900000000000,613,-1
57,6900000000000,83,-1
58,6900000000000,184,208
59,6900000000000,75,-1
60,6900000000000,257,403
61,6900000000000,310,576
62,6900000000000,415,-1
63,6900000000000,-1,463
64,6900000000000,178,-1
65,6900000000000,437,-1
66,6900000000000,250,274
67,6900000000000,179,130
68,6900000000000,375,-1
69,6900000000000,107,82
70,6900000000000,10,-1
71,6900000000000,27,-1
72,6900000000000,208,-1
73,6900000000000,427,-1
74,6900000000000,474,-1
75,6900000000000,459,-1
76,6900000000000,154,105
77,6900000000000,-1,107
78,6900000000000,154,-1
79,6900000000000,-1,401
80,6900000000000,59,58
81,6900000000000,106,-1
82,6900000000000,409,433
83,6900000000000,33,57
84,6900000000000,159,-1
85,6900000000000,433,-1
86,6900000000000,149,-1
87,6900000000000,205,229
88,6900000000000,327,326
89,6900000000000,-1,572
90,6900000000000,135,134
91,6900000000000,231,206
92,6900000000000,84,-1
93,6900000000000,327,109
94,6900000000000,36,35
95,6900000000000,-1,133
96,6900000000000,131,180
97,6900000000000,133,157
98,6900000000000,184,-1
99,6900000000000,402,401
0,6960000000000,410,434
1,6960000000000,-1,400
2,6960000000000,507,482
3,6960000000000,160,135
4,6960000000000,414,-1
5,6960000000000,298,-1
6,6960000000000,-1,26
7,6960000000000,595,140
8,6960000000000,-1,208
9,6960000000000,564,346
10,6960000000000,-1,250
11,6960000000000,328,-1
12,6960000000000,427,-1
13,6960000000000,578,456
14,6960000000000,463,222
15,6960000000000,252,33
16,6960000000000,101,484
17,6960000000000,-1,460
18,6960000000000,-1,274
19,6960000000000,428,257
20,6960000000000,110,399
21,6960000000000,105,80
22,6960000000000,589,371
23,6960000000000,-1,461
24,6960000000000,-1,183
25,6960000000000,460,100
26,6960000000000,608,177
27,6960000000000,183,377
28,6960000000000,561,249
30,6960000000000,154,-1
31,6960000000000,172,437
32,6960000000000,507,52
33,6960000000000,602,408
34,6960000000000,137,-1
35,6960000000000,-1,52
36,6960000000000,252,58
37,6960000000000,199,486
38,6960000000000,433,26
39,6960000000000,156,229
40,6960000000000,20,190
41,6960000000000,109,350
42,6960000000000,59,-1
43,6960000000000,512,487
44,6960000000000,351,-1
45,6960000000000,-1,11
46,6960000000000,612,611
47,6960000000000,181,205
48,6960000000000,301,84
49,6960000000000,33,-1
50,6960000000000,136,-1
51,6960000000000,348,11
52,6960000000000,-1,401
53,6960000000000,185,474
54,6960000000000,532,-1
55,6960000000000,196,414
56,6960000000000,-1,347
57,6960000000000,-1,277
58,6960000000000,208,426
59,6960000000000,-1,435
60,6960000000000,403,257
61,6960000000000,576,575
62,6960000000000,-1,220
63,6960000000000,463,438
64,6960000000000,-1,32
65,6960000000000,-1,412
66,6960000000000,274,586
67,6960000000000,130,-1
68,6960000000000,-1,110
69,6960000000000,82,106
70,6960000000000,-1,275
71,6960000000000,-1,458
72,6960000000000,-1,402
73,6960000000000,-1,208
74,6960000000000,-1,137
75,6960000000000,-1,76
76,6960000000000,105,-1
77,6960000000000,107,253
78,6960000000000,-1,32
79,6960000000000,401,184
80,6960000000000,58,276
81,6960000000000,-1,179
82,6960000000000,433,602
83,6960000000000,57,227
84,6960000000000,-1,401
85,6960000000000,-1,2
86,6960000000000,-1,124
87,6960000000000,229,131
88,6960000000000,326,109
89,6960000000000,572,164
90,6960000000000,134,376
91,6960000000000,206,279
92,6960000000000,-1,301
93,6960000000000,109,-1
94,6960000000000,35,300
95,6960000000000,133,327
96,6960000000000,180,204
97,6960000000000,157,132
98,6960000000000,-1,426
99,6960000000000,401,184
0,7020000000000,434,-1
1,7020000000000,400,-1
2,7020000000000,482,27
3,7020000000000,135,-1
4,7020000000000,-1,195
5,7020000000000,-1,587
6,7020000000000,26,50
7,7020000000000,140,139
8,7020000000000,208,207
9,7020000000000,346,370
10,7020000000000,250,610
11,7020000000000,-1,157
13,7020000000000,456,578
14,7020000000000,222,221
15,7020000000000,33,57
16,7020000000000,484,-1
17,7020000000000,460,-1
18,7020000000000,274,249
19,7020000000000,257,427
20,7020000000000,399,85
21,7020000000000,80,129
22,7020000000000,371,346
23,7020000000000,461,-1
24,7020000000000,183,401
25,7020000000000,100,124
26,7020000000000,177,201
27,7020000000000,377,-1
28,7020000000000,249,-1
29,7020000000000,-1,520
30,7020000000000,-1,129
31,7020000000000,437,-1
32,7020000000000,52,-1
33,7020000000000,408,432
34,7020000000000,-1,136
35,7020000000000,52,-1
36,7020000000000,58,82
37,7020000000000,486,-1
38,7020000000000,26,-1
39,7020000000000,229,-1
40,7020000000000,190,189
41,7020000000000,350,109
42,7020000000000,-1,34
43,7020000000000,487,222
45,7020000000000,11,611
46,7020000000000,611,323
47,7020000000000,205,254
48,7020000000000,84,59
49,7020000000000,-1,226
50,7020000000000,-1,111
51,7020000000000,11,-1
52,7020000000000,401,400
53,7020000000000,474,185
54,7020000000000,-1,52
55,7020000000000,414,438
56,7020000000000,347,-1
57,7020000000000,277,-1
58,7020000000000,426,-1
59,7020000000000,435,-1
60,7020000000000,257,232
61,7020000000000,575,334
62,7020000000000,220,-1
63,7020000000000,438,-1
64,7020000000000,32,177
65,7020000000000,412,-1
66,7020000000000,586,585
67,7020000000000,-1,154
68,7020000000000,110,350
69,7020000000000,106,228
70,7020000000000,275,299
71,7020000000000,458,-1
72,7020000000000,402,-1
73,7020000000000,208,232
74,7020000000000,137,136
75,7020000000000,76,483
76,7020000000000,-1,56
77,7020000000000,253,277
78,7020000000000,32,56
79,7020000000000,184,159
80,7020000000000,276,-1
81,7020000000000,179,154
82,7020000000000,602,1
83,7020000000000,227,32
84,7020000000000,401,-1
85,7020000000000,2,-1
86,7020000000000,124,460
87,7020000000000,131,155
88,7020000000000,109,108
89,7020000000000,164,188
90,7020000000000,376,375
91,7020000000000,279,-1
92,7020000000000,301,-1
93,7020000000000,-1,351
94,7020000000000,300,349
95,7020000000000,327,108
96,7020000000000,204,179
97,7020000000000,132,302
98,7020000000000,426,425
99,7020000000000,184,183
1,7080000000000,-1,134
2,7080000000000,27,482
4,7080000000000,195,389
5,7080000000000,587,322
6,7080000000000,50,-1
7,7080000000000,139,570
8,7080000000000,207,401
9,7080000000000,370,539
10,7080000000000,610,609
11,7080000000000,157,181
12,7080000000000,-1,257
13,7080000000000,578,456
14,7080000000000,221,463
15,7080000000000,57,227
18,7080000000000,249,-1
19,7080000000000,427,281
20,7080000000000,85,-1
21,7080000000000,129,55
22,7080000000000,346,-1
23,7080000000000,-1,173
24,7080000000000,401,207
25,7080000000000,124,460
26,7080000000000,201,608
27,7080000000000,-1,207
28,7080000000000,-1,224
29,7080000000000,520,113
30,7080000000000,129,80
31,7080000000000,-1,172
32,7080000000000,-1,482
33,7080000000000,432,602
34,7080000000000,136,472
35,7080000000000,-1,482
36,7080000000000,82,252
39,7080000000000,-1,204
40,7080000000000,189,620
41,7080000000000,109,-1
42,7080000000000,34,300
43,7080000000000,222,511
44,7080000000000,-1,133
45,7080000000000,611,-1
46,7080000000000,323,322
47,7080000000000,254,205
48,7080000000000,59,325
49,7080000000000,226,8
50,7080000000000,111,135
51,7080000000000,-1,348
52,7080000000000,400,159
53,7080000000000,185,160
54,7080000000000,52,507
55,7080000000000,438,413
56,7080000000000,-1,612
57,7080000000000,-1,82
58,7080000000000,-1,208
59,7080000000000,-1,99
60,7080000000000,232,402
61,7080000000000,334,-1
62,7080000000000,-1,414
64,7080000000000,177,-1
65,7080000000000,-1,147
66,7080000000000,585,274
67,7080000000000,154,105
68,7080000000000,350,399
69,7080000000000,228,106
70,7080000000000,299,9
71,7080000000000,-1,457
72,7080000000000,-1,232
73,7080000000000,232,426
74,7080000000000,136,-1
75,7080000000000,483,458
76,7080000000000,56,153
77,7080000000000,277,82
78,7080000000000,56,202
79,7080000000000,159,425
80,7080000000000,-1,58
81,7080000000000,154,105
82,7080000000000,1,408
83,7080000000000,32,-1
84,7080000000000,-1,183
85,7080000000000,-1,432
86,7080000000000,460,-1
87,7080000000000,155,204
88,7080000000000,108,326
89,7080000000000,188,-1
90,7080000000000,375,134
91,7080000000000,-1,230
92,7080000000000,-1,83
93,7080000000000,351,133
94,7080000000000,349,324
95,7080000000000,108,-1
96,7080000000000,179,130
97,7080000000000,302,132
98,7080000000000,425,183
99,7080000000000,183,401
0,7140000000000,-1,50
1,7140000000000,134,-1
2,7140000000000,482,506
3,7140000000000,-1,159
4,7140000000000,389,413
5,7140000000000,322,297
7,7140000000000,570,594
8,7140000000000,401,-1
9,7140000000000,539,563
10,7140000000000,609,-1
11,7140000000000,181,327
12,7140000000000,257,232
13,7140000000000,456,480
14,7140000000000,463,462
15,7140000000000,227,251
16,7140000000000,-1,100
17,7140000000000,-1,484
19,7140000000000,281,427
20,7140000000000,-1,399
21,7140000000000,55,104
22,7140000000000,-1,370
23,7140000000000,173,-1
24,7140000000000,207,401
25,7140000000000,460,459
26,7140000000000,608,607
27,7140000000000,207,206
28,7140000000000,224,248
29,7140000000000,113,-1
30,7140000000000,80,153
31,7140000000000,172,171
32,7140000000000,482,506
33,7140000000000,602,407
34,7140000000000,472,136
35,7140000000000,482,-1
36,7140000000000,252,57
38,7140000000000,-1,25
39,7140000000000,204,155
40,7140000000000,620,19
41,7140000000000,-1,108
42,7140000000000,300,275
43,7140000000000,511,-1
44,7140000000000,133,350
45,7140000000000,-1,10
46,7140000000000,322,611
47,7140000000000,205,180
48,7140000000000,325,300
49,7140000000000,8,32
50,7140000000000,135,-1
51,7140000000000,348,347
52,7140000000000,159,-1
53,7140000000000,160,184
54,7140000000000,507,531
55,7140000000000,413,195
56,7140000000000,612,-1
57,7140000000000,82,-1
58,7140000000000,208,425
59,7140000000000,99,434
60,7140000000000,402,-1
61,7140000000000,-1,575
62,7140000000000,414,-1
63,7140000000000,-1,196
65,7140000000000,147,436
66,7140000000000,274,273
67,7140000000000,105,129
68,7140000000000,399,-1
69,7140000000000,106,81
70,7140000000000,9,-1
71,7140000000000,457,-1
72,7140000000000,232,231
73,7140000000000,426,-1
74,7140000000000,-1,473
75,7140000000000,458,-1
76,7140000000000,153,104
77,7140000000000,82,106
78,7140000000000,202,31
79,7140000000000,425,400
80,7140000000000,58,57
81,7140000000000,105,129
82,7140000000000,408,1
83,7140000000000,-1,56
84,7140000000000,183,400
85,7140000000000,432,-1
86,7140000000000,-1,435
87,7140000000000,204,228
88,7140000000000,326,325
89,7140000000000,-1,595
90,7140000000000,134,133
91,7140000000000,230,205
92,7140000000000,83,107
93,7140000000000,133,108
94,7140000000000,324,34
95,7140000000000,-1,132
96,7140000000000,130,-1
97,7140000000000,132,156
98,7140000000000,183,-1
99,7140000000000,401,400
