0,628,600,3,2
0,629,24,2,1
0,630,25,1,0
0,634,24,2,1
0,637,24,2,1
0,642,25,1,0
0,643,24,2,1
0,647,24,2,1
0,648,25,1,0
0,651,24,2,1
0,658,600,3,2
0,660,24,2,1
0,661,25,1,0
0,662,25,1,0
0,663,24,2,1
0,674,24,2,1
0,677,24,2,1
0,680,25,1,0
0,681,24,2,1
0,682,24,2,1
0,683,24,2,1
0,687,24,2,1
0,691,25,1,0
0,693,600,3,2
0,696,600,3,2
0,698,600,3,2
0,699,600,3,2
0,705,24,2,1
0,707,24,2,1
0,709,24,2,1
0,714,600,3,2
0,719,24,2,1
0,720,24,2,1
0,724,600,3,2
1,628,601,3,3
1,629,0,0,0
1,630,26,2,0
1,634,0,0,0
1,642,26,2,0
1,643,0,0,0
1,647,0,0,0
1,648,26,2,0
1,662,26,2,0
1,677,0,0,0
1,680,26,2,0
1,681,0,0,0
1,687,0,0,0
1,691,26,2,0
1,693,601,3,3
1,699,601,3,3
1,714,601,3,3
1,719,0,0,0
1,724,601,3,3
2,628,602,3,3
2,630,27,2,0
2,642,27,2,0
2,643,1,0,1
2,647,1,0,1
2,648,27,2,0
2,662,27,2,0
2,681,1,0,1
2,691,27,2,0
2,693,602,3,3
2,699,602,3,3
2,719,1,0,1
3,628,603,3,3
3,630,28,2,0
3,642,28,2,0
3,643,4,1,0
3,648,28,2,0
3,662,28,2,0
3,681,2,0,1
3,691,28,2,0
3,699,603,3,3
4,628,604,3,3
4,642,29,2,0
4,643,5,1,0
4,670,3,0,1
4,691,29,2,0
5,628,605,3,3
5,630,30,2,0
5,642,30,2,0
5,643,6,1,0
5,648,30,2,0
5,662,30,2,0
5,681,6,1,0
5,691,30,2,0
5,693,605,3,3
5,699,605,3,3
5,719,6,1,0
6,628,606,3,3
6,630,31,2,0
6,642,31,2,0
6,643,7,1,0
6,647,7,1,0
6,648,31,2,0
6,662,31,2,0
6,677,7,1,0
6,681,7,1,0
6,691,31,2,0
6,693,606,3,3
6,699,606,3,3
6,719,7,1,0
6,724,606,3,3
7,628,607,3,3
7,629,8,1,0
7,630,32,2,0
7,634,8,1,0
7,637,8,1,0
7,642,32,2,0
7,643,8,1,0
7,647,8,1,0
7,648,32,2,0
7,651,8,1,0
7,658,607,3,3
7,660,8,1,0
7,661,32,2,0
7,662,32,2,0
7,663,8,1,0
7,674,8,1,0
7,677,8,1,0
7,680,32,2,0
7,681,8,1,0
7,682,8,1,0
7,683,8,1,0
7,687,8,1,0
7,691,32,2,0
7,693,607,3,3
7,696,607,3,3
7,698,607,3,3
7,699,607,3,3
7,705,8,1,0
7,707,8,1,0
7,709,8,1,0
7,714,607,3,3
7,719,8,1,0
7,720,8,1,0
7,724,607,3,3
8,628,608,3,3
8,629,9,1,0
8,630,33,2,0
8,634,9,1,0
8,637,9,1,0
8,642,33,2,0
8,643,9,1,0
8,644,9,1,0
8,647,9,1,0
8,648,33,2,0
8,651,9,1,0
8,652,9,1,0
8,657,9,1,0
8,658,608,3,3
8,660,9,1,0
8,661,33,2,0
8,662,33,2,0
8,663,9,1,0
8,674,9,1,0
8,677,9,1,0
8,680,33,2,0
8,681,9,1,0
8,682,9,1,0
8,683,9,1,0
8,685,608,3,3
8,687,9,1,0
8,691,33,2,0
8,693,608,3,3
8,696,608,3,3
8,697,9,1,0
8,698,608,3,3
8,699,608,3,3
8,705,9,1,0
8,707,9,1,0
8,709,9,1,0
8,714,608,3,3
8,719,9,1,0
8,720,9,1,0
8,724,608,3,3
9,628,609,3,3
9,629,10,1,0
9,630,34,2,0
9,634,10,1,0
9,637,10,1,0
9,642,34,2,0
9,643,10,1,0
9,644,10,1,0
9,647,10,1,0
9,648,34,2,0
9,651,10,1,0
9,652,10,1,0
9,655,10,1,0
9,657,10,1,0
9,658,609,3,3
9,660,10,1,0
9,661,34,2,0
9,662,34,2,0
9,663,10,1,0
9,672,34,2,0
9,674,10,1,0
9,677,10,1,0
9,680,34,2,0
9,681,10,1,0
9,682,10,1,0
9,683,10,1,0
9,685,609,3,3
9,687,10,1,0
9,691,34,2,0
9,693,609,3,3
9,696,609,3,3
9,697,10,1,0
9,698,609,3,3
9,699,609,3,3
9,705,10,1,0
9,707,10,1,0
9,709,10,1,0
9,714,609,3,3
9,719,10,1,0
9,720,10,1,0
9,724,609,3,3
10,628,610,3,3
10,629,610,3,3
10,630,35,2,0
10,634,610,3,3
10,637,35,2,0
10,642,35,2,0
10,643,610,3,3
10,644,35,2,0
10,646,35,2,0
10,647,610,3,3
10,648,35,2,0
10,651,610,3,3
10,660,610,3,3
10,661,35,2,0
10,662,35,2,0
10,674,610,3,3
10,677,35,2,0
10,680,35,2,0
10,681,610,3,3
10,683,35,2,0
10,685,610,3,3
10,687,610,3,3
10,691,35,2,0
10,693,610,3,3
10,697,35,2,0
10,698,610,3,3
10,699,610,3,3
10,701,11,1,0
10,705,11,1,0
10,709,35,2,0
10,714,610,3,3
10,719,610,3,3
10,724,610,3,3
11,628,10,0,1
11,629,611,3,3
11,630,10,0,1
11,634,611,3,3
11,637,36,2,0
11,642,10,0,1
11,643,611,3,3
11,644,36,2,0
11,646,10,0,1
11,647,611,3,3
11,648,10,0,1
11,651,611,3,3
11,652,36,2,0
11,657,611,3,3
11,658,10,0,1
11,660,611,3,3
11,661,10,0,1
11,662,10,0,1
11,663,611,3,3
11,674,611,3,3
11,677,36,2,0
11,680,10,0,1
11,681,611,3,3
11,682,36,2,0
11,683,36,2,0
11,685,10,0,1
11,687,611,3,3
11,691,10,0,1
11,692,36,2,0
11,693,10,0,1
11,696,10,0,1
11,697,36,2,0
11,698,10,0,1
11,699,10,0,1
11,701,701,80,0
11,705,12,1,0
11,707,611,3,3
11,709,36,2,0
11,714,10,0,1
11,719,611,3,3
11,720,36,2,0
11,724,10,0,1
12,628,11,0,1
12,629,612,3,3
12,630,11,0,1
12,634,612,3,3
12,637,37,2,0
12,642,11,0,1
12,643,612,3,3
12,644,37,2,0
12,647,612,3,3
12,648,11,0,1
12,651,612,3,3
12,652,37,2,0
12,657,612,3,3
12,658,11,0,1
12,660,612,3,3
12,661,11,0,1
12,662,11,0,1
12,663,612,3,3
12,674,612,3,3
12,677,37,2,0
12,680,11,0,1
12,681,612,3,3
12,682,37,2,0
12,683,37,2,0
12,685,11,0,1
12,687,612,3,3
12,691,11,0,1
12,693,11,0,1
12,696,11,0,1
12,697,37,2,0
12,698,11,0,1
12,699,11,0,1
12,705,13,1,0
12,707,612,3,3
12,709,37,2,0
12,714,11,0,1
12,719,612,3,3
12,720,37,2,0
12,724,11,0,1
13,628,12,0,1
13,629,613,3,3
13,630,12,0,1
13,634,613,3,3
13,637,38,2,0
13,642,12,0,1
13,643,613,3,3
13,647,613,3,3
13,648,12,0,1
13,651,613,3,3
13,658,12,0,1
13,660,613,3,3
13,661,12,0,1
13,662,12,0,1
13,663,613,3,3
13,674,613,3,3
13,677,38,2,0
13,680,12,0,1
13,681,613,3,3
13,682,38,2,0
13,683,38,2,0
13,687,613,3,3
13,691,12,0,1
13,693,12,0,1
13,696,12,0,1
13,698,12,0,1
13,699,12,0,1
13,705,705,84,0
13,707,613,3,3
13,709,38,2,0
13,714,12,0,1
13,719,613,3,3
13,720,38,2,0
13,724,12,0,1
14,628,13,0,1
14,630,13,0,1
14,642,13,0,1
14,643,614,3,3
14,647,614,3,3
14,648,13,0,1
14,662,13,0,1
14,677,39,2,0
14,681,614,3,3
14,691,13,0,1
14,693,13,0,1
14,699,13,0,1
14,719,614,3,3
14,724,13,0,1
15,628,14,0,1
15,630,14,0,1
15,642,14,0,1
15,643,615,3,3
15,648,14,0,1
15,662,14,0,1
15,681,615,3,3
15,691,14,0,1
15,693,14,0,1
15,699,14,0,1
15,719,615,3,3
16,670,17,1,0
16,691,15,0,1
17,628,18,1,0
17,630,18,1,0
17,642,18,1,0
17,643,16,0,1
17,648,18,1,0
17,662,18,1,0
17,681,617,3,3
17,691,18,1,0
17,699,18,1,0
18,628,19,1,0
18,630,19,1,0
18,642,19,1,0
18,643,618,3,3
18,647,618,3,3
18,648,19,1,0
18,662,19,1,0
18,681,618,3,3
18,691,19,1,0
18,693,19,1,0
18,699,19,1,0
18,719,618,3,3
19,628,20,1,0
19,629,619,3,3
19,630,20,1,0
19,634,619,3,3
19,642,20,1,0
19,643,619,3,3
19,647,619,3,3
19,648,20,1,0
19,662,20,1,0
19,677,44,2,0
19,680,20,1,0
19,681,619,3,3
19,687,619,3,3
19,691,20,1,0
19,693,20,1,0
19,699,20,1,0
19,714,20,1,0
19,719,619,3,3
19,724,20,1,0
20,628,21,1,0
20,629,620,3,3
20,630,21,1,0
20,634,620,3,3
20,637,45,2,0
20,642,21,1,0
20,643,620,3,3
20,647,620,3,3
20,648,21,1,0
20,651,620,3,3
20,658,21,1,0
20,660,620,3,3
20,661,21,1,0
20,662,21,1,0
20,663,620,3,3
20,674,620,3,3
20,677,45,2,0
20,680,21,1,0
20,681,620,3,3
20,682,45,2,0
20,683,45,2,0
20,687,620,3,3
20,691,21,1,0
20,693,21,1,0
20,696,21,1,0
20,698,21,1,0
20,699,21,1,0
20,705,19,0,1
20,707,620,3,3
20,709,45,2,0
20,714,21,1,0
20,719,620,3,3
20,720,45,2,0
20,724,21,1,0
21,628,22,1,0
21,629,621,3,3
21,630,22,1,0
21,634,621,3,3
21,637,46,2,0
21,642,22,1,0
21,643,621,3,3
21,644,46,2,0
21,647,621,3,3
21,648,22,1,0
21,651,621,3,3
21,652,46,2,0
21,657,621,3,3
21,658,22,1,0
21,660,621,3,3
21,661,22,1,0
21,662,22,1,0
21,663,621,3,3
21,674,621,3,3
21,677,46,2,0
21,680,22,1,0
21,681,621,3,3
21,682,46,2,0
21,683,46,2,0
21,685,22,1,0
21,687,621,3,3
21,691,22,1,0
21,693,22,1,0
21,696,22,1,0
21,697,46,2,0
21,698,22,1,0
21,699,22,1,0
21,705,20,0,1
21,707,621,3,3
21,709,46,2,0
21,714,22,1,0
21,719,621,3,3
21,720,46,2,0
21,724,22,1,0
22,628,622,3,3
22,629,622,3,3
22,630,47,2,0
22,632,622,3,3
22,633,622,3,3
22,634,622,3,3
22,637,47,2,0
22,638,622,3,3
22,640,47,2,0
22,641,47,2,0
22,642,47,2,0
22,643,622,3,3
22,644,47,2,0
22,647,622,3,3
22,648,47,2,0
22,651,622,3,3
22,652,47,2,0
22,654,622,3,3
22,655,21,0,1
22,656,47,2,0
22,657,622,3,3
22,659,622,3,3
22,660,622,3,3
22,661,47,2,0
22,662,47,2,0
22,663,622,3,3
22,665,622,3,3
22,667,47,2,0
22,668,47,2,0
22,670,47,2,0
22,671,47,2,0
22,672,47,2,0
22,673,47,2,0
22,674,622,3,3
22,675,622,3,3
22,676,47,2,0
22,677,47,2,0
22,680,47,2,0
22,681,622,3,3
22,682,47,2,0
22,683,47,2,0
22,684,47,2,0
22,685,622,3,3
22,687,622,3,3
22,688,47,2,0
22,689,47,2,0
22,690,47,2,0
22,691,47,2,0
22,692,47,2,0
22,693,622,3,3
22,694,47,2,0
22,697,47,2,0
22,698,622,3,3
22,699,622,3,3
22,703,47,2,0
22,704,622,3,3
22,705,21,0,1
22,707,622,3,3
22,709,47,2,0
22,713,47,2,0
22,714,622,3,3
22,718,47,2,0
22,719,622,3,3
22,720,47,2,0
22,724,622,3,3
23,626,22,0,1
23,627,22,0,1
23,628,623,3,3
23,629,22,0,1
23,630,48,2,0
23,631,22,0,1
23,634,22,0,1
23,635,22,0,1
23,636,22,0,1
23,637,22,0,1
23,639,22,0,1
23,642,48,2,0
23,643,22,0,1
23,644,22,0,1
23,645,22,0,1
23,646,24,1,0
23,647,22,0,1
23,648,48,2,0
23,649,22,0,1
23,650,22,0,1
23,651,22,0,1
23,652,22,0,1
23,653,22,0,1
23,655,24,1,0
23,657,22,0,1
23,660,22,0,1
23,661,48,2,0
23,662,48,2,0
23,663,22,0,1
23,666,22,0,1
23,669,22,0,1
23,672,48,2,0
23,674,22,0,1
23,677,22,0,1
23,678,22,0,1
23,679,22,0,1
23,680,48,2,0
23,681,22,0,1
23,682,22,0,1
23,683,22,0,1
23,685,623,3,3
23,686,22,0,1
23,687,22,0,1
23,691,48,2,0
23,692,22,0,1
23,693,623,3,3
23,695,22,0,1
23,697,22,0,1
23,698,623,3,3
23,699,623,3,3
23,700,22,0,1
23,701,22,0,1
23,702,22,0,1
23,705,22,0,1
23,707,22,0,1
23,709,22,0,1
23,710,22,0,1
23,711,22,0,1
23,714,623,3,3
23,715,22,0,1
23,717,22,0,1
23,719,22,0,1
23,720,22,0,1
23,722,22,0,1
23,723,22,0,1
23,724,623,3,3
24,628,624,3,3
24,629,23,0,1
24,630,49,2,0
24,634,23,0,1
24,637,23,0,1
24,642,49,2,0
24,643,23,0,1
24,644,23,0,1
24,647,23,0,1
24,648,49,2,0
24,651,23,0,1
24,652,23,0,1
24,657,23,0,1
24,658,624,3,3
24,660,23,0,1
24,661,49,2,0
24,662,49,2,0
24,663,23,0,1
24,674,23,0,1
24,677,23,0,1
24,680,49,2,0
24,681,23,0,1
24,682,23,0,1
24,683,23,0,1
24,685,624,3,3
24,687,23,0,1
24,691,49,2,0
24,693,624,3,3
24,696,624,3,3
24,697,23,0,1
24,698,624,3,3
24,699,624,3,3
24,705,23,0,1
24,707,23,0,1
24,709,23,0,1
24,714,624,3,3
24,719,23,0,1
24,720,23,0,1
24,724,624,3,3
25,628,0,0,1
25,629,49,3,2
25,630,50,2,0
25,634,49,3,2
25,637,49,3,2
25,642,50,2,0
25,643,49,3,2
25,647,49,3,2
25,648,50,2,0
25,651,49,3,2
25,658,0,0,1
25,660,49,3,2
25,661,50,2,0
25,662,50,2,0
25,663,49,3,2
25,674,49,3,2
25,677,49,3,2
25,680,50,2,0
25,681,49,3,2
25,682,49,3,2
25,683,49,3,2
25,687,49,3,2
25,691,50,2,0
25,693,50,2,0
25,696,0,0,1
25,698,0,0,1
25,699,0,0,1
25,705,49,3,2
25,707,49,3,2
25,709,49,3,2
25,714,0,0,1
25,719,49,3,2
25,720,49,3,2
25,724,0,0,1
26,628,1,0,2
26,629,25,1,1
26,630,51,3,0
26,634,25,1,1
26,642,51,3,0
26,643,25,1,1
26,647,25,1,1
26,648,51,3,0
26,662,51,3,0
26,677,25,1,1
26,680,51,3,0
26,681,25,1,1
26,687,25,1,1
26,691,51,3,0
26,693,51,3,0
26,699,1,0,2
26,714,1,0,2
26,719,25,1,1
26,724,1,0,2
27,628,2,0,2
27,630,52,3,0
27,642,52,3,0
27,643,26,1,2
27,647,26,1,2
27,648,52,3,0
27,662,52,3,0
27,681,26,1,2
27,691,52,3,0
27,693,52,3,0
27,699,2,0,2
27,719,26,1,2
28,628,3,0,2
28,630,53,3,0
28,642,53,3,0
28,643,29,2,1
28,648,53,3,0
28,662,53,3,0
28,681,27,1,2
28,691,53,3,0
28,699,3,0,2
29,628,4,0,2
29,642,54,3,0
29,643,30,2,1
29,670,28,1,2
29,691,54,3,0
30,628,5,0,2
30,630,55,3,0
30,642,55,3,0
30,643,31,2,1
30,648,55,3,0
30,662,55,3,0
30,681,31,2,1
30,691,55,3,0
30,693,55,3,0
30,699,5,0,2
30,719,31,2,1
31,628,6,0,2
31,630,56,3,0
31,642,56,3,0
31,643,32,2,1
31,647,32,2,1
31,648,56,3,0
31,662,56,3,0
31,677,32,2,1
31,681,32,2,1
31,691,56,3,0
31,693,56,3,0
31,699,6,0,2
31,719,32,2,1
31,724,6,0,2
32,628,7,0,2
32,629,33,2,1
32,630,57,3,0
32,634,33,2,1
32,637,33,2,1
32,642,57,3,0
32,643,33,2,1
32,647,33,2,1
32,648,57,3,0
32,651,33,2,1
32,658,7,0,2
32,660,33,2,1
32,661,57,3,0
32,662,57,3,0
32,663,33,2,1
32,674,33,2,1
32,677,33,2,1
32,680,57,3,0
32,681,33,2,1
32,682,33,2,1
32,683,33,2,1
32,687,33,2,1
32,691,57,3,0
32,693,57,3,0
32,696,7,0,2
32,698,7,0,2
32,699,7,0,2
32,705,33,2,1
32,707,33,2,1
32,709,33,2,1
32,714,7,0,2
32,719,33,2,1
32,720,33,2,1
32,724,7,0,2
33,628,8,0,2
33,629,34,2,1
33,630,58,3,0
33,634,34,2,1
33,637,34,2,1
33,642,58,3,0
33,643,34,2,1
33,644,34,2,1
33,647,34,2,1
33,648,58,3,0
33,651,34,2,1
33,652,34,2,1
33,657,34,2,1
33,658,8,0,2
33,660,34,2,1
33,661,58,3,0
33,662,58,3,0
33,663,34,2,1
33,674,34,2,1
33,677,34,2,1
33,680,58,3,0
33,681,34,2,1
33,682,34,2,1
33,683,34,2,1
33,685,58,3,0
33,687,34,2,1
33,691,58,3,0
33,693,58,3,0
33,696,8,0,2
33,697,34,2,1
33,698,8,0,2
33,699,8,0,2
33,705,34,2,1
33,707,34,2,1
33,709,34,2,1
33,714,8,0,2
33,719,34,2,1
33,720,34,2,1
33,724,8,0,2
34,628,9,0,2
34,629,35,2,1
34,630,59,3,0
34,634,35,2,1
34,637,35,2,1
34,642,59,3,0
34,643,35,2,1
34,644,35,2,1
34,647,35,2,1
34,648,59,3,0
34,651,35,2,1
34,652,35,2,1
34,655,35,2,1
34,657,35,2,1
34,658,9,0,2
34,660,35,2,1
34,661,59,3,0
34,662,59,3,0
34,663,35,2,1
34,672,59,3,0
34,674,35,2,1
34,677,35,2,1
34,680,59,3,0
34,681,35,2,1
34,682,35,2,1
34,683,35,2,1
34,685,59,3,0
34,687,35,2,1
34,691,59,3,0
34,693,59,3,0
34,696,9,0,2
34,697,35,2,1
34,698,9,0,2
34,699,9,0,2
34,705,35,2,1
34,707,35,2,1
34,709,35,2,1
34,714,9,0,2
34,719,35,2,1
34,720,35,2,1
34,724,9,0,2
35,628,10,0,2
35,629,10,0,2
35,630,60,3,0
35,634,10,0,2
35,637,60,3,0
35,642,60,3,0
35,643,10,0,2
35,644,60,3,0
35,645,36,2,1
35,646,646,25,0
35,647,10,0,2
35,648,60,3,0
35,651,10,0,2
35,661,60,3,0
35,662,60,3,0
35,674,10,0,2
35,677,60,3,0
35,680,60,3,0
35,681,10,0,2
35,682,36,2,1
35,683,60,3,0
35,687,10,0,2
35,691,60,3,0
35,692,36,2,1
35,698,10,0,2
35,699,10,0,2
35,701,10,0,2
35,705,10,0,2
35,714,10,0,2
35,719,10,0,2
35,724,10,0,2
36,628,35,1,2
36,629,11,0,2
36,630,35,1,2
36,634,11,0,2
36,637,61,3,0
36,642,35,1,2
36,643,11,0,2
36,644,61,3,0
36,645,37,2,1
36,646,35,1,2
36,647,11,0,2
36,648,35,1,2
36,651,11,0,2
36,652,61,3,0
36,657,11,0,2
36,658,35,1,2
36,660,11,0,2
36,661,35,1,2
36,662,35,1,2
36,663,11,0,2
36,674,11,0,2
36,677,61,3,0
36,680,35,1,2
36,681,11,0,2
36,682,37,2,1
36,683,61,3,0
36,685,35,1,2
36,687,11,0,2
36,691,35,1,2
36,692,692,71,0
36,693,35,1,2
36,696,35,1,2
36,697,61,3,0
36,698,35,1,2
36,699,35,1,2
36,701,11,0,2
36,705,11,0,2
36,707,11,0,2
36,709,61,3,0
36,714,35,1,2
36,719,11,0,2
36,720,61,3,0
36,724,35,1,2
37,628,36,1,2
37,629,12,0,2
37,630,36,1,2
37,634,12,0,2
37,637,62,3,0
37,642,36,1,2
37,643,12,0,2
37,644,62,3,0
37,645,38,2,1
37,647,12,0,2
37,648,36,1,2
37,651,12,0,2
37,652,62,3,0
37,657,12,0,2
37,658,36,1,2
37,660,12,0,2
37,661,36,1,2
37,662,36,1,2
37,663,12,0,2
37,674,12,0,2
37,677,62,3,0
37,680,36,1,2
37,681,12,0,2
37,682,38,2,1
37,683,62,3,0
37,685,36,1,2
37,687,12,0,2
37,691,36,1,2
37,693,36,1,2
37,696,36,1,2
37,697,62,3,0
37,698,36,1,2
37,699,36,1,2
37,705,12,0,2
37,707,12,0,2
37,709,62,3,0
37,714,36,1,2
37,719,12,0,2
37,720,62,3,0
37,724,36,1,2
38,628,37,1,2
38,629,13,0,2
38,630,37,1,2
38,634,13,0,2
38,637,63,3,0
38,642,37,1,2
38,643,13,0,2
38,645,39,2,1
38,647,13,0,2
38,648,37,1,2
38,651,13,0,2
38,658,37,1,2
38,660,13,0,2
38,661,37,1,2
38,662,37,1,2
38,663,13,0,2
38,674,13,0,2
38,677,63,3,0
38,680,37,1,2
38,681,13,0,2
38,682,682,61,0
38,683,63,3,0
38,687,13,0,2
38,691,37,1,2
38,693,37,1,2
38,696,37,1,2
38,698,37,1,2
38,699,37,1,2
38,705,13,0,2
38,707,13,0,2
38,709,63,3,0
38,714,37,1,2
38,719,13,0,2
38,720,63,3,0
38,724,37,1,2
39,628,38,1,2
39,630,38,1,2
39,642,38,1,2
39,643,14,0,2
39,645,40,2,1
39,647,14,0,2
39,648,38,1,2
39,662,38,1,2
39,677,64,3,0
39,681,14,0,2
39,691,38,1,2
39,693,38,1,2
39,699,38,1,2
39,719,14,0,2
39,724,38,1,2
40,628,39,1,2
40,630,39,1,2
40,642,39,1,2
40,643,15,0,2
40,645,645,24,0
40,648,39,1,2
40,662,39,1,2
40,681,15,0,2
40,691,39,1,2
40,693,39,1,2
40,699,39,1,2
40,719,15,0,2
41,670,42,2,1
41,691,40,1,2
42,628,43,2,1
42,630,43,2,1
42,642,43,2,1
42,643,41,1,2
42,648,43,2,1
42,662,43,2,1
42,681,17,0,2
42,691,43,2,1
42,699,43,2,1
43,628,44,2,1
43,630,44,2,1
43,642,44,2,1
43,643,18,0,2
43,645,42,1,2
43,647,18,0,2
43,648,44,2,1
43,662,44,2,1
43,681,18,0,2
43,691,44,2,1
43,693,44,2,1
43,699,44,2,1
43,719,18,0,2
44,628,45,2,1
44,629,19,0,2
44,630,45,2,1
44,634,19,0,2
44,642,45,2,1
44,643,19,0,2
44,645,43,1,2
44,647,19,0,2
44,648,45,2,1
44,662,45,2,1
44,677,69,3,0
44,680,45,2,1
44,681,19,0,2
44,687,19,0,2
44,691,45,2,1
44,693,45,2,1
44,699,45,2,1
44,714,45,2,1
44,719,19,0,2
44,724,45,2,1
45,628,46,2,1
45,629,20,0,2
45,630,46,2,1
45,634,20,0,2
45,637,70,3,0
45,642,46,2,1
45,643,20,0,2
45,645,44,1,2
45,647,20,0,2
45,648,46,2,1
45,651,20,0,2
45,658,46,2,1
45,660,20,0,2
45,661,46,2,1
45,662,46,2,1
45,663,20,0,2
45,674,20,0,2
45,677,70,3,0
45,680,46,2,1
45,681,20,0,2
45,682,44,1,2
45,683,70,3,0
45,687,20,0,2
45,691,46,2,1
45,693,46,2,1
45,696,46,2,1
45,698,46,2,1
45,699,46,2,1
45,705,20,0,2
45,707,20,0,2
45,709,70,3,0
45,714,46,2,1
45,719,20,0,2
45,720,70,3,0
45,724,46,2,1
46,628,47,2,1
46,629,21,0,2
46,630,47,2,1
46,634,21,0,2
46,637,71,3,0
46,642,47,2,1
46,643,21,0,2
46,644,71,3,0
46,645,45,1,2
46,647,21,0,2
46,648,47,2,1
46,651,21,0,2
46,652,71,3,0
46,657,21,0,2
46,658,47,2,1
46,660,21,0,2
46,661,47,2,1
46,662,47,2,1
46,663,21,0,2
46,674,21,0,2
46,677,71,3,0
46,680,47,2,1
46,681,21,0,2
46,682,45,1,2
46,683,71,3,0
46,685,47,2,1
46,687,21,0,2
46,691,47,2,1
46,693,47,2,1
46,696,47,2,1
46,697,71,3,0
46,698,47,2,1
46,699,47,2,1
46,705,21,0,2
46,707,21,0,2
46,709,71,3,0
46,714,47,2,1
46,719,21,0,2
46,720,71,3,0
46,724,47,2,1
47,625,22,0,2
47,628,22,0,2
47,629,22,0,2
47,630,72,3,0
47,632,22,0,2
47,633,22,0,2
47,634,22,0,2
47,637,72,3,0
47,638,22,0,2
47,640,72,3,0
47,641,72,3,0
47,642,72,3,0
47,643,22,0,2
47,644,72,3,0
47,645,46,1,2
47,646,46,1,2
47,647,22,0,2
47,648,72,3,0
47,651,22,0,2
47,652,72,3,0
47,654,22,0,2
47,655,46,1,2
47,656,72,3,0
47,657,22,0,2
47,659,22,0,2
47,660,22,0,2
47,661,72,3,0
47,662,72,3,0
47,663,22,0,2
47,665,22,0,2
47,667,72,3,0
47,668,72,3,0
47,670,72,3,0
47,671,72,3,0
47,672,72,3,0
47,673,72,3,0
47,674,22,0,2
47,675,22,0,2
47,676,72,3,0
47,677,72,3,0
47,680,72,3,0
47,681,22,0,2
47,682,46,1,2
47,683,72,3,0
47,687,22,0,2
47,688,72,3,0
47,689,72,3,0
47,690,72,3,0
47,691,72,3,0
47,694,72,3,0
47,697,72,3,0
47,698,22,0,2
47,699,22,0,2
47,701,22,0,2
47,703,72,3,0
47,704,22,0,2
47,705,22,0,2
47,707,22,0,2
47,709,72,3,0
47,713,72,3,0
47,714,22,0,2
47,718,72,3,0
47,719,22,0,2
47,720,72,3,0
47,724,22,0,2
48,626,47,1,2
48,627,47,1,2
48,628,23,0,2
48,629,47,1,2
48,630,73,3,0
48,631,47,1,2
48,634,47,1,2
48,635,47,1,2
48,636,47,1,2
48,637,47,1,2
48,639,47,1,2
48,642,73,3,0
48,643,47,1,2
48,644,47,1,2
48,645,47,1,2
48,646,49,2,1
48,647,47,1,2
48,648,73,3,0
48,649,47,1,2
48,650,47,1,2
48,651,47,1,2
48,652,47,1,2
48,653,47,1,2
48,655,49,2,1
48,657,47,1,2
48,660,47,1,2
48,661,73,3,0
48,662,73,3,0
48,663,47,1,2
48,666,47,1,2
48,669,47,1,2
48,672,73,3,0
48,674,47,1,2
48,677,47,1,2
48,678,47,1,2
48,679,47,1,2
48,680,73,3,0
48,681,47,1,2
48,682,47,1,2
48,683,47,1,2
48,686,47,1,2
48,687,47,1,2
48,691,73,3,0
48,692,47,1,2
48,695,47,1,2
48,697,47,1,2
48,698,23,0,2
48,699,23,0,2
48,700,47,1,2
48,701,47,1,2
48,702,47,1,2
48,705,47,1,2
48,707,47,1,2
48,708,47,1,2
48,709,47,1,2
48,710,47,1,2
48,711,47,1,2
48,714,23,0,2
48,715,47,1,2
48,719,47,1,2
48,720,47,1,2
48,722,47,1,2
48,723,47,1,2
48,724,23,0,2
49,628,24,0,2
49,629,48,1,2
49,630,74,3,0
49,634,48,1,2
49,637,48,1,2
49,642,74,3,0
49,643,48,1,2
49,644,48,1,2
49,647,48,1,2
49,648,74,3,0
49,651,48,1,2
49,652,48,1,2
49,657,48,1,2
49,658,24,0,2
49,660,48,1,2
49,661,74,3,0
49,662,74,3,0
49,663,48,1,2
49,674,48,1,2
49,677,48,1,2
49,680,74,3,0
49,681,48,1,2
49,682,48,1,2
49,683,48,1,2
49,685,74,3,0
49,687,48,1,2
49,691,74,3,0
49,693,74,3,0
49,696,24,0,2
49,697,48,1,2
49,698,24,0,2
49,699,24,0,2
49,705,48,1,2
49,707,48,1,2
49,709,48,1,2
49,714,24,0,2
49,719,48,1,2
49,720,48,1,2
49,724,24,0,2
50,628,25,0,2
50,629,74,3,2
50,630,75,2,0
50,634,74,3,2
50,637,74,3,2
50,642,75,2,0
50,643,74,3,2
50,647,74,3,2
50,648,75,2,0
50,651,74,3,2
50,658,25,0,2
50,660,74,3,2
50,661,75,2,0
50,662,75,2,0
50,663,74,3,2
50,674,74,3,2
50,677,74,3,2
50,680,75,2,0
50,681,74,3,2
50,682,74,3,2
50,683,74,3,2
50,687,74,3,2
50,691,75,2,0
50,693,75,2,0
50,696,25,0,2
50,698,75,2,0
50,699,25,0,2
50,705,74,3,2
50,707,74,3,2
50,709,74,3,2
50,714,25,0,2
50,719,74,3,2
50,720,74,3,2
50,724,75,2,0
51,628,26,0,3
51,629,50,1,1
51,630,76,3,0
51,634,50,1,1
51,642,76,3,0
51,643,50,1,1
51,647,50,1,1
51,648,76,3,0
51,662,76,3,0
51,677,50,1,1
51,680,76,3,0
51,681,50,1,1
51,687,50,1,1
51,691,76,3,0
51,693,76,3,0
51,699,26,0,3
51,714,26,0,3
51,719,50,1,1
51,724,76,3,0
52,628,27,0,3
52,630,77,3,0
52,642,77,3,0
52,643,51,1,2
52,647,51,1,2
52,648,77,3,0
52,662,77,3,0
52,681,51,1,2
52,691,77,3,0
52,693,77,3,0
52,699,27,0,3
52,719,51,1,2
53,628,28,0,3
53,630,78,3,0
53,642,78,3,0
53,643,54,2,1
53,648,78,3,0
53,662,78,3,0
53,681,52,1,2
53,691,78,3,0
53,699,28,0,3
54,628,29,0,3
54,642,79,3,0
54,643,55,2,1
54,670,53,1,2
54,691,79,3,0
55,628,30,0,3
55,630,80,3,0
55,642,80,3,0
55,643,56,2,1
55,648,80,3,0
55,662,80,3,0
55,681,56,2,1
55,691,80,3,0
55,693,80,3,0
55,699,30,0,3
55,719,56,2,1
56,628,31,0,3
56,630,81,3,0
56,642,81,3,0
56,643,57,2,1
56,647,57,2,1
56,648,81,3,0
56,662,81,3,0
56,677,57,2,1
56,681,57,2,1
56,691,81,3,0
56,693,81,3,0
56,699,31,0,3
56,719,57,2,1
56,724,81,3,0
57,628,32,0,3
57,629,58,2,1
57,630,82,3,0
57,634,58,2,1
57,637,58,2,1
57,642,82,3,0
57,643,58,2,1
57,647,58,2,1
57,648,82,3,0
57,651,58,2,1
57,658,32,0,3
57,660,58,2,1
57,661,82,3,0
57,662,82,3,0
57,663,58,2,1
57,674,58,2,1
57,677,58,2,1
57,680,82,3,0
57,681,58,2,1
57,682,58,2,1
57,683,58,2,1
57,687,58,2,1
57,691,82,3,0
57,693,82,3,0
57,696,32,0,3
57,698,82,3,0
57,699,32,0,3
57,705,58,2,1
57,707,58,2,1
57,709,58,2,1
57,714,32,0,3
57,719,58,2,1
57,720,58,2,1
57,724,82,3,0
58,628,33,0,3
58,629,59,2,1
58,630,83,3,0
58,634,59,2,1
58,637,59,2,1
58,642,83,3,0
58,643,59,2,1
58,644,59,2,1
58,647,59,2,1
58,648,83,3,0
58,651,59,2,1
58,652,59,2,1
58,657,59,2,1
58,658,33,0,3
58,660,59,2,1
58,661,83,3,0
58,662,83,3,0
58,663,59,2,1
58,674,59,2,1
58,677,59,2,1
58,680,83,3,0
58,681,59,2,1
58,682,59,2,1
58,683,59,2,1
58,685,83,3,0
58,687,59,2,1
58,691,83,3,0
58,693,83,3,0
58,696,33,0,3
58,697,59,2,1
58,698,83,3,0
58,699,33,0,3
58,705,59,2,1
58,707,59,2,1
58,709,59,2,1
58,714,33,0,3
58,719,59,2,1
58,720,59,2,1
58,724,83,3,0
59,628,34,0,3
59,629,60,2,1
59,630,84,3,0
59,634,60,2,1
59,637,60,2,1
59,642,84,3,0
59,643,60,2,1
59,644,60,2,1
59,647,60,2,1
59,648,84,3,0
59,651,60,2,1
59,652,60,2,1
59,655,60,2,1
59,657,60,2,1
59,658,34,0,3
59,660,60,2,1
59,661,84,3,0
59,662,84,3,0
59,663,60,2,1
59,672,84,3,0
59,674,60,2,1
59,677,60,2,1
59,680,84,3,0
59,681,60,2,1
59,682,60,2,1
59,683,60,2,1
59,685,84,3,0
59,687,60,2,1
59,691,84,3,0
59,693,84,3,0
59,696,34,0,3
59,697,60,2,1
59,698,84,3,0
59,699,34,0,3
59,705,60,2,1
59,707,60,2,1
59,709,60,2,1
59,714,34,0,3
59,719,60,2,1
59,720,60,2,1
59,724,84,3,0
60,628,35,0,3
60,630,85,3,0
60,634,35,0,3
60,637,85,3,0
60,642,85,3,0
60,643,35,0,3
60,645,35,0,3
60,647,35,0,3
60,648,85,3,0
60,651,35,0,3
60,655,655,34,0
60,658,35,0,3
60,661,85,3,0
60,662,85,3,0
60,674,35,0,3
60,681,35,0,3
60,682,35,0,3
60,691,85,3,0
60,692,35,0,3
60,693,85,3,0
60,699,35,0,3
60,701,35,0,3
60,705,35,0,3
60,707,85,3,0
60,714,35,0,3
60,719,35,0,3
61,628,60,1,2
61,629,86,3,0
61,630,60,1,2
61,634,36,0,3
61,637,86,3,0
61,642,60,1,2
61,643,36,0,3
61,644,86,3,0
61,645,36,0,3
61,646,60,1,2
61,647,36,0,3
61,648,60,1,2
61,651,36,0,3
61,652,86,3,0
61,657,36,0,3
61,658,60,1,2
61,660,36,0,3
61,661,60,1,2
61,662,60,1,2
61,663,36,0,3
61,674,36,0,3
61,677,86,3,0
61,680,60,1,2
61,681,36,0,3
61,682,36,0,3
61,683,86,3,0
61,685,60,1,2
61,687,86,3,0
61,691,60,1,2
61,692,36,0,3
61,693,60,1,2
61,696,60,1,2
61,697,86,3,0
61,698,60,1,2
61,699,60,1,2
61,701,36,0,3
61,705,36,0,3
61,707,86,3,0
61,709,86,3,0
61,714,60,1,2
61,719,36,0,3
61,720,86,3,0
61,724,60,1,2
62,628,61,1,2
62,629,87,3,0
62,630,61,1,2
62,634,37,0,3
62,637,87,3,0
62,642,61,1,2
62,643,37,0,3
62,644,87,3,0
62,645,37,0,3
62,647,37,0,3
62,648,61,1,2
62,651,37,0,3
62,652,87,3,0
62,657,37,0,3
62,658,61,1,2
62,660,37,0,3
62,661,61,1,2
62,662,61,1,2
62,663,37,0,3
62,674,37,0,3
62,677,87,3,0
62,680,61,1,2
62,681,37,0,3
62,682,37,0,3
62,683,87,3,0
62,685,61,1,2
62,687,87,3,0
62,691,61,1,2
62,693,61,1,2
62,696,61,1,2
62,697,87,3,0
62,698,61,1,2
62,699,61,1,2
62,705,37,0,3
62,707,87,3,0
62,709,87,3,0
62,714,61,1,2
62,719,37,0,3
62,720,87,3,0
62,724,61,1,2
63,628,62,1,2
63,629,88,3,0
63,630,62,1,2
63,634,38,0,3
63,637,88,3,0
63,642,62,1,2
63,643,38,0,3
63,645,38,0,3
63,647,38,0,3
63,648,62,1,2
63,651,38,0,3
63,658,62,1,2
63,660,38,0,3
63,661,62,1,2
63,662,62,1,2
63,663,38,0,3
63,674,38,0,3
63,677,88,3,0
63,680,62,1,2
63,681,38,0,3
63,682,38,0,3
63,683,88,3,0
63,687,88,3,0
63,691,62,1,2
63,693,62,1,2
63,696,62,1,2
63,698,62,1,2
63,699,62,1,2
63,705,38,0,3
63,707,88,3,0
63,709,88,3,0
63,714,62,1,2
63,719,38,0,3
63,720,88,3,0
63,724,62,1,2
64,628,63,1,2
64,630,63,1,2
64,642,63,1,2
64,643,39,0,3
64,645,39,0,3
64,647,39,0,3
64,648,63,1,2
64,662,63,1,2
64,677,89,3,0
64,681,39,0,3
64,691,63,1,2
64,693,63,1,2
64,699,63,1,2
64,719,39,0,3
64,724,63,1,2
65,628,64,1,2
65,630,64,1,2
65,642,64,1,2
65,643,40,0,3
65,645,40,0,3
65,648,64,1,2
65,662,64,1,2
65,681,40,0,3
65,691,64,1,2
65,693,64,1,2
65,699,64,1,2
65,719,40,0,3
66,670,67,2,1
66,691,65,1,2
67,628,68,2,1
67,630,68,2,1
67,642,68,2,1
67,643,66,1,2
67,648,68,2,1
67,662,68,2,1
67,681,42,0,3
67,691,68,2,1
67,699,68,2,1
68,628,69,2,1
68,630,69,2,1
68,642,69,2,1
68,643,43,0,3
68,645,43,0,3
68,647,43,0,3
68,648,69,2,1
68,662,69,2,1
68,681,43,0,3
68,691,69,2,1
68,693,69,2,1
68,699,69,2,1
68,719,43,0,3
69,628,70,2,1
69,629,94,3,0
69,630,70,2,1
69,634,44,0,3
69,642,70,2,1
69,643,44,0,3
69,645,44,0,3
69,647,44,0,3
69,648,70,2,1
69,662,70,2,1
69,677,94,3,0
69,680,70,2,1
69,681,44,0,3
69,687,94,3,0
69,691,70,2,1
69,693,70,2,1
69,699,70,2,1
69,714,70,2,1
69,719,44,0,3
69,724,70,2,1
70,628,71,2,1
70,629,95,3,0
70,630,71,2,1
70,634,45,0,3
70,637,95,3,0
70,642,71,2,1
70,643,45,0,3
70,645,45,0,3
70,647,45,0,3
70,648,71,2,1
70,651,45,0,3
70,658,71,2,1
70,660,45,0,3
70,661,71,2,1
70,662,71,2,1
70,663,45,0,3
70,674,45,0,3
70,677,95,3,0
70,680,71,2,1
70,681,45,0,3
70,682,45,0,3
70,683,95,3,0
70,687,95,3,0
70,691,71,2,1
70,693,71,2,1
70,696,71,2,1
70,698,71,2,1
70,699,71,2,1
70,705,45,0,3
70,707,95,3,0
70,709,95,3,0
70,714,71,2,1
70,719,45,0,3
70,720,95,3,0
70,724,71,2,1
71,628,72,2,1
71,629,96,3,0
71,630,72,2,1
71,634,46,0,3
71,637,96,3,0
71,642,72,2,1
71,643,46,0,3
71,644,96,3,0
71,645,46,0,3
71,647,46,0,3
71,648,72,2,1
71,651,46,0,3
71,652,96,3,0
71,657,46,0,3
71,658,72,2,1
71,660,46,0,3
71,661,72,2,1
71,662,72,2,1
71,663,46,0,3
71,674,46,0,3
71,677,96,3,0
71,680,72,2,1
71,681,46,0,3
71,682,46,0,3
71,683,96,3,0
71,685,72,2,1
71,687,96,3,0
71,691,72,2,1
71,693,72,2,1
71,696,72,2,1
71,697,96,3,0
71,698,72,2,1
71,699,72,2,1
71,705,46,0,3
71,707,96,3,0
71,709,96,3,0
71,714,72,2,1
71,719,46,0,3
71,720,96,3,0
71,724,72,2,1
72,625,47,0,3
72,628,47,0,3
72,629,97,3,0
72,630,97,3,0
72,632,47,0,3
72,633,97,3,0
72,634,47,0,3
72,637,97,3,0
72,638,47,0,3
72,640,97,3,0
72,642,97,3,0
72,643,47,0,3
72,644,97,3,0
72,645,47,0,3
72,646,71,1,2
72,647,47,0,3
72,648,97,3,0
72,651,47,0,3
72,652,97,3,0
72,654,47,0,3
72,655,71,1,2
72,656,97,3,0
72,657,47,0,3
72,658,47,0,3
72,659,47,0,3
72,660,47,0,3
72,661,97,3,0
72,662,97,3,0
72,663,47,0,3
72,665,47,0,3
72,667,97,3,0
72,668,97,3,0
72,670,97,3,0
72,671,97,3,0
72,672,97,3,0
72,673,97,3,0
72,674,47,0,3
72,675,47,0,3
72,676,97,3,0
72,677,97,3,0
72,681,47,0,3
72,682,47,0,3
72,683,97,3,0
72,684,47,0,3
72,687,97,3,0
72,688,97,3,0
72,689,97,3,0
72,690,97,3,0
72,691,97,3,0
72,692,47,0,3
72,693,97,3,0
72,694,97,3,0
72,697,97,3,0
72,699,47,0,3
72,701,47,0,3
72,703,97,3,0
72,704,97,3,0
72,705,47,0,3
72,707,97,3,0
72,709,97,3,0
72,713,97,3,0
72,714,47,0,3
72,718,97,3,0
72,719,47,0,3
72,720,97,3,0
73,626,72,1,2
73,627,72,1,2
73,628,48,0,3
73,629,72,1,2
73,630,98,3,0
73,631,72,1,2
73,634,72,1,2
73,635,72,1,2
73,636,72,1,2
73,637,72,1,2
73,639,72,1,2
73,642,98,3,0
73,643,72,1,2
73,644,72,1,2
73,646,74,2,1
73,647,72,1,2
73,648,98,3,0
73,649,72,1,2
73,650,72,1,2
73,651,72,1,2
73,652,72,1,2
73,653,72,1,2
73,655,74,2,1
73,657,72,1,2
73,658,48,0,3
73,660,72,1,2
73,661,98,3,0
73,662,98,3,0
73,663,72,1,2
73,669,72,1,2
73,672,98,3,0
73,674,72,1,2
73,677,72,1,2
73,678,72,1,2
73,679,72,1,2
73,681,72,1,2
73,682,72,1,2
73,683,72,1,2
73,686,72,1,2
73,687,72,1,2
73,691,98,3,0
73,692,72,1,2
73,693,98,3,0
73,695,72,1,2
73,697,72,1,2
73,699,48,0,3
73,700,72,1,2
73,701,72,1,2
73,705,72,1,2
73,707,72,1,2
73,708,72,1,2
73,709,72,1,2
73,710,72,1,2
73,711,72,1,2
73,714,48,0,3
73,715,72,1,2
73,717,72,1,2
73,719,72,1,2
73,720,72,1,2
73,722,72,1,2
73,723,72,1,2
74,628,49,0,3
74,629,73,1,2
74,630,99,3,0
74,634,73,1,2
74,637,73,1,2
74,642,99,3,0
74,643,73,1,2
74,644,73,1,2
74,647,73,1,2
74,648,99,3,0
74,651,73,1,2
74,652,73,1,2
74,657,73,1,2
74,658,49,0,3
74,660,73,1,2
74,661,99,3,0
74,662,99,3,0
74,663,73,1,2
74,674,73,1,2
74,677,73,1,2
74,680,99,3,0
74,681,73,1,2
74,682,73,1,2
74,683,73,1,2
74,685,99,3,0
74,687,73,1,2
74,691,99,3,0
74,693,99,3,0
74,696,49,0,3
74,697,73,1,2
74,698,99,3,0
74,699,49,0,3
74,705,73,1,2
74,707,73,1,2
74,709,73,1,2
74,714,49,0,3
74,719,73,1,2
74,720,73,1,2
74,724,99,3,0
75,628,100,2,0
75,629,99,3,2
75,630,100,2,0
75,634,99,3,2
75,637,99,3,2
75,642,76,1,1
75,643,99,3,2
75,647,99,3,2
75,648,100,2,0
75,651,99,3,2
75,658,50,0,2
75,660,99,3,2
75,661,100,2,0
75,662,100,2,0
75,663,99,3,2
75,674,99,3,2
75,677,99,3,2
75,680,100,2,0
75,681,99,3,2
75,682,99,3,2
75,683,99,3,2
75,687,99,3,2
75,691,100,2,0
75,693,100,2,0
75,696,50,0,2
75,698,100,2,0
75,699,50,0,2
75,705,99,3,2
75,707,99,3,2
75,709,99,3,2
75,714,50,0,2
75,719,99,3,2
75,720,99,3,2
75,724,100,2,0
76,628,101,3,0
76,629,75,1,1
76,630,101,3,0
76,634,75,1,1
76,642,77,2,1
76,643,75,1,1
76,647,75,1,1
76,648,101,3,0
76,662,101,3,0
76,677,75,1,1
76,680,101,3,0
76,681,75,1,1
76,687,75,1,1
76,691,101,3,0
76,693,101,3,0
76,699,51,0,3
76,714,51,0,3
76,719,75,1,1
76,724,101,3,0
77,628,102,3,0
77,630,102,3,0
77,642,78,2,1
77,643,76,1,2
77,647,76,1,2
77,648,102,3,0
77,662,102,3,0
77,681,76,1,2
77,691,102,3,0
77,693,102,3,0
77,699,52,0,3
77,719,76,1,2
78,628,103,3,0
78,630,103,3,0
78,643,79,2,1
78,648,103,3,0
78,662,103,3,0
78,681,77,1,2
78,691,103,3,0
78,699,53,0,3
79,628,104,3,0
79,642,642,21,0
79,643,80,2,1
79,670,78,1,2
79,691,104,3,0
80,628,105,3,0
80,630,105,3,0
80,642,79,1,2
80,643,81,2,1
80,648,105,3,0
80,662,105,3,0
80,681,81,2,1
80,691,105,3,0
80,693,105,3,0
80,699,55,0,3
80,719,81,2,1
81,628,106,3,0
81,630,106,3,0
81,642,80,1,2
81,643,82,2,1
81,647,82,2,1
81,648,106,3,0
81,662,106,3,0
81,677,82,2,1
81,681,82,2,1
81,691,106,3,0
81,693,106,3,0
81,699,56,0,3
81,719,82,2,1
81,724,106,3,0
82,628,107,3,0
82,629,83,2,1
82,630,107,3,0
82,634,83,2,1
82,637,83,2,1
82,642,81,1,2
82,643,83,2,1
82,647,83,2,1
82,648,107,3,0
82,651,83,2,1
82,658,57,0,3
82,660,83,2,1
82,661,107,3,0
82,662,107,3,0
82,663,83,2,1
82,674,83,2,1
82,677,83,2,1
82,680,107,3,0
82,681,83,2,1
82,682,83,2,1
82,683,83,2,1
82,687,83,2,1
82,691,107,3,0
82,693,107,3,0
82,696,57,0,3
82,698,107,3,0
82,699,57,0,3
82,705,83,2,1
82,707,83,2,1
82,709,83,2,1
82,714,57,0,3
82,719,83,2,1
82,720,83,2,1
82,724,107,3,0
83,628,108,3,0
83,629,84,2,1
83,630,108,3,0
83,634,84,2,1
83,637,84,2,1
83,642,82,1,2
83,643,84,2,1
83,644,84,2,1
83,647,84,2,1
83,648,108,3,0
83,651,84,2,1
83,652,84,2,1
83,657,84,2,1
83,658,58,0,3
83,660,84,2,1
83,661,108,3,0
83,662,108,3,0
83,663,84,2,1
83,674,84,2,1
83,677,84,2,1
83,680,108,3,0
83,681,84,2,1
83,682,84,2,1
83,683,84,2,1
83,685,108,3,0
83,687,84,2,1
83,691,108,3,0
83,693,108,3,0
83,696,58,0,3
83,697,84,2,1
83,698,108,3,0
83,699,58,0,3
83,705,84,2,1
83,707,84,2,1
83,709,84,2,1
83,714,58,0,3
83,719,84,2,1
83,720,84,2,1
83,724,108,3,0
84,628,109,3,0
84,629,85,2,1
84,630,109,3,0
84,634,85,2,1
84,637,85,2,1
84,642,83,1,2
84,643,85,2,1
84,644,85,2,1
84,647,85,2,1
84,648,109,3,0
84,651,85,2,1
84,652,85,2,1
84,655,85,2,1
84,657,85,2,1
84,658,59,0,3
84,660,85,2,1
84,661,109,3,0
84,662,109,3,0
84,663,85,2,1
84,672,109,3,0
84,674,85,2,1
84,677,85,2,1
84,680,109,3,0
84,681,85,2,1
84,682,85,2,1
84,683,85,2,1
84,685,109,3,0
84,687,85,2,1
84,691,109,3,0
84,693,109,3,0
84,696,59,0,3
84,697,85,2,1
84,698,109,3,0
84,699,59,0,3
84,705,85,2,1
84,707,85,2,1
84,709,85,2,1
84,714,59,0,3
84,719,85,2,1
84,720,85,2,1
84,724,109,3,0
85,630,110,3,0
85,634,60,0,3
85,642,84,1,2
85,643,60,0,3
85,647,60,0,3
85,648,110,3,0
85,651,60,0,3
85,655,60,0,3
85,658,60,0,3
85,661,110,3,0
85,662,110,3,0
85,663,110,3,0
85,674,60,0,3
85,681,60,0,3
85,682,60,0,3
85,691,110,3,0
85,692,60,0,3
85,693,110,3,0
85,699,60,0,3
85,705,60,0,3
85,707,110,3,0
85,714,60,0,3
85,719,60,0,3
85,720,86,2,1
85,722,86,2,1
86,628,85,1,2
86,629,111,3,0
86,630,85,1,2
86,634,61,0,3
86,637,111,3,0
86,642,85,1,2
86,643,61,0,3
86,644,111,3,0
86,646,85,1,2
86,647,61,0,3
86,648,85,1,2
86,651,61,0,3
86,652,111,3,0
86,657,61,0,3
86,658,85,1,2
86,660,61,0,3
86,661,85,1,2
86,662,85,1,2
86,663,111,3,0
86,674,61,0,3
86,677,111,3,0
86,680,85,1,2
86,681,61,0,3
86,682,61,0,3
86,683,111,3,0
86,685,85,1,2
86,687,111,3,0
86,691,85,1,2
86,692,61,0,3
86,693,85,1,2
86,696,85,1,2
86,697,111,3,0
86,698,85,1,2
86,699,85,1,2
86,701,61,0,3
86,705,61,0,3
86,707,111,3,0
86,709,111,3,0
86,714,85,1,2
86,719,61,0,3
86,720,87,2,1
86,722,87,2,1
86,724,85,1,2
87,628,86,1,2
87,629,112,3,0
87,630,86,1,2
87,634,62,0,3
87,637,112,3,0
87,642,86,1,2
87,643,62,0,3
87,644,112,3,0
87,647,62,0,3
87,648,86,1,2
87,651,62,0,3
87,652,112,3,0
87,657,62,0,3
87,658,86,1,2
87,660,62,0,3
87,661,86,1,2
87,662,86,1,2
87,663,112,3,0
87,674,62,0,3
87,677,112,3,0
87,680,86,1,2
87,681,62,0,3
87,682,62,0,3
87,683,112,3,0
87,685,86,1,2
87,687,112,3,0
87,691,86,1,2
87,693,86,1,2
87,696,86,1,2
87,697,112,3,0
87,698,86,1,2
87,699,86,1,2
87,705,62,0,3
87,707,112,3,0
87,709,112,3,0
87,714,86,1,2
87,719,62,0,3
87,720,88,2,1
87,722,722,101,0
87,724,86,1,2
88,628,87,1,2
88,629,113,3,0
88,630,87,1,2
88,634,63,0,3
88,637,113,3,0
88,642,87,1,2
88,643,63,0,3
88,647,63,0,3
88,648,87,1,2
88,651,63,0,3
88,658,87,1,2
88,660,63,0,3
88,661,87,1,2
88,662,87,1,2
88,663,113,3,0
88,674,63,0,3
88,677,113,3,0
88,680,87,1,2
88,681,63,0,3
88,682,63,0,3
88,683,113,3,0
88,687,113,3,0
88,691,87,1,2
88,693,87,1,2
88,696,87,1,2
88,698,87,1,2
88,699,87,1,2
88,705,63,0,3
88,707,113,3,0
88,709,113,3,0
88,714,87,1,2
88,719,63,0,3
88,720,720,99,0
88,724,87,1,2
89,628,88,1,2
89,630,88,1,2
89,642,88,1,2
89,643,64,0,3
89,647,64,0,3
89,648,88,1,2
89,662,88,1,2
89,677,114,3,0
89,681,64,0,3
89,691,88,1,2
89,693,88,1,2
89,699,88,1,2
89,719,64,0,3
89,724,88,1,2
90,628,89,1,2
90,630,89,1,2
90,642,89,1,2
90,643,65,0,3
90,648,89,1,2
90,662,89,1,2
90,681,65,0,3
90,691,89,1,2
90,693,89,1,2
90,699,89,1,2
90,719,65,0,3
91,670,92,2,1
91,691,90,1,2
92,628,93,2,1
92,630,93,2,1
92,642,93,2,1
92,643,91,1,2
92,648,93,2,1
92,662,93,2,1
92,681,67,0,3
92,691,93,2,1
92,699,93,2,1
93,628,94,2,1
93,630,94,2,1
93,642,94,2,1
93,643,68,0,3
93,647,68,0,3
93,648,94,2,1
93,662,94,2,1
93,681,68,0,3
93,691,94,2,1
93,693,94,2,1
93,699,94,2,1
93,719,68,0,3
94,628,95,2,1
94,629,119,3,0
94,630,95,2,1
94,634,69,0,3
94,642,95,2,1
94,643,69,0,3
94,647,69,0,3
94,648,95,2,1
94,662,95,2,1
94,677,119,3,0
94,680,95,2,1
94,681,69,0,3
94,687,119,3,0
94,691,95,2,1
94,693,95,2,1
94,699,95,2,1
94,714,95,2,1
94,719,69,0,3
94,724,95,2,1
95,628,96,2,1
95,629,120,3,0
95,630,96,2,1
95,634,70,0,3
95,637,120,3,0
95,642,96,2,1
95,643,70,0,3
95,647,70,0,3
95,648,96,2,1
95,651,70,0,3
95,658,96,2,1
95,660,70,0,3
95,661,96,2,1
95,662,96,2,1
95,663,120,3,0
95,674,70,0,3
95,677,120,3,0
95,680,96,2,1
95,681,70,0,3
95,682,70,0,3
95,683,120,3,0
95,687,120,3,0
95,691,96,2,1
95,693,96,2,1
95,696,96,2,1
95,698,96,2,1
95,699,96,2,1
95,705,70,0,3
95,707,120,3,0
95,709,120,3,0
95,714,96,2,1
95,719,70,0,3
95,720,94,1,2
95,724,96,2,1
96,628,97,2,1
96,629,121,3,0
96,630,97,2,1
96,634,71,0,3
96,637,121,3,0
96,642,97,2,1
96,643,71,0,3
96,644,121,3,0
96,647,71,0,3
96,648,97,2,1
96,651,71,0,3
96,652,121,3,0
96,657,71,0,3
96,658,97,2,1
96,660,71,0,3
96,661,97,2,1
96,662,97,2,1
96,663,121,3,0
96,674,71,0,3
96,677,121,3,0
96,680,97,2,1
96,681,71,0,3
96,682,71,0,3
96,683,121,3,0
96,685,97,2,1
96,687,121,3,0
96,691,97,2,1
96,693,97,2,1
96,696,97,2,1
96,697,121,3,0
96,698,97,2,1
96,699,97,2,1
96,705,71,0,3
96,707,121,3,0
96,709,121,3,0
96,714,97,2,1
96,719,71,0,3
96,720,95,1,2
96,722,95,1,2
96,724,97,2,1
97,625,72,0,3
97,629,122,3,0
97,630,122,3,0
97,632,72,0,3
97,633,122,3,0
97,634,72,0,3
97,637,122,3,0
97,638,72,0,3
97,640,122,3,0
97,641,72,0,3
97,642,98,2,1
97,643,72,0,3
97,644,122,3,0
97,646,96,1,2
97,647,72,0,3
97,648,122,3,0
97,651,72,0,3
97,652,122,3,0
97,654,72,0,3
97,655,96,1,2
97,656,122,3,0
97,657,72,0,3
97,658,72,0,3
97,659,72,0,3
97,660,72,0,3
97,661,122,3,0
97,662,122,3,0
97,663,122,3,0
97,665,72,0,3
97,667,122,3,0
97,668,122,3,0
97,670,122,3,0
97,671,122,3,0
97,672,122,3,0
97,673,122,3,0
97,674,72,0,3
97,675,122,3,0
97,676,122,3,0
97,677,122,3,0
97,681,72,0,3
97,682,72,0,3
97,683,122,3,0
97,684,72,0,3
97,687,122,3,0
97,688,122,3,0
97,689,122,3,0
97,691,122,3,0
97,692,72,0,3
97,693,122,3,0
97,694,122,3,0
97,697,122,3,0
97,699,72,0,3
97,701,72,0,3
97,703,122,3,0
97,704,122,3,0
97,705,72,0,3
97,707,122,3,0
97,709,122,3,0
97,713,122,3,0
97,714,72,0,3
97,718,122,3,0
97,719,72,0,3
97,720,96,1,2
97,722,96,1,2
98,627,97,1,2
98,629,97,1,2
98,630,123,3,0
98,631,97,1,2
98,634,97,1,2
98,635,97,1,2
98,636,97,1,2
98,637,97,1,2
98,639,97,1,2
98,642,99,2,1
98,643,97,1,2
98,644,97,1,2
98,645,97,1,2
98,646,99,2,1
98,647,97,1,2
98,648,123,3,0
98,649,97,1,2
98,650,97,1,2
98,651,97,1,2
98,652,97,1,2
98,653,97,1,2
98,655,99,2,1
98,657,97,1,2
98,658,73,0,3
98,660,97,1,2
98,661,123,3,0
98,662,123,3,0
98,663,97,1,2
98,666,97,1,2
98,672,123,3,0
98,674,97,1,2
98,677,97,1,2
98,678,97,1,2
98,679,97,1,2
98,681,97,1,2
98,682,97,1,2
98,683,97,1,2
98,686,97,1,2
98,687,97,1,2
98,691,123,3,0
98,692,97,1,2
98,693,123,3,0
98,695,97,1,2
98,697,97,1,2
98,699,73,0,3
98,700,97,1,2
98,701,97,1,2
98,702,97,1,2
98,705,97,1,2
98,707,97,1,2
98,708,97,1,2
98,709,97,1,2
98,710,97,1,2
98,711,97,1,2
98,714,73,0,3
98,717,97,1,2
98,719,97,1,2
98,720,97,1,2
98,722,97,1,2
98,723,97,1,2
99,628,124,3,0
99,629,98,1,2
99,630,124,3,0
99,634,98,1,2
99,637,98,1,2
99,642,75,2,3
99,643,98,1,2
99,644,98,1,2
99,647,98,1,2
99,648,124,3,0
99,651,98,1,2
99,652,98,1,2
99,657,98,1,2
99,658,74,0,3
99,660,98,1,2
99,661,124,3,0
99,662,124,3,0
99,663,98,1,2
99,674,98,1,2
99,677,98,1,2
99,680,124,3,0
99,681,98,1,2
99,682,98,1,2
99,683,98,1,2
99,685,124,3,0
99,687,98,1,2
99,691,124,3,0
99,693,124,3,0
99,696,74,0,3
99,697,98,1,2
99,698,124,3,0
99,699,74,0,3
99,705,98,1,2
99,707,98,1,2
99,709,98,1,2
99,714,74,0,3
99,719,98,1,2
99,720,98,1,2
99,724,124,3,0
100,628,125,2,0
100,629,124,3,2
100,630,125,2,0
100,634,124,3,2
100,637,124,3,2
100,642,75,0,2
100,643,124,3,2
100,647,124,3,2
100,648,101,1,1
100,651,124,3,2
100,658,75,0,2
100,660,124,3,2
100,661,125,2,0
100,662,125,2,0
100,663,124,3,2
100,674,124,3,2
100,677,124,3,2
100,680,125,2,0
100,681,124,3,2
100,682,124,3,2
100,683,124,3,2
100,687,124,3,2
100,691,125,2,0
100,693,125,2,0
100,696,75,0,2
100,698,125,2,0
100,699,125,2,0
100,705,124,3,2
100,707,124,3,2
100,709,124,3,2
100,714,75,0,2
100,719,124,3,2
100,720,124,3,2
100,724,125,2,0
101,628,126,3,0
101,629,100,1,1
101,630,126,3,0
101,634,100,1,1
101,642,76,0,3
101,643,100,1,1
101,647,100,1,1
101,648,102,2,1
101,662,126,3,0
101,677,100,1,1
101,680,126,3,0
101,681,100,1,1
101,687,100,1,1
101,691,126,3,0
101,693,126,3,0
101,699,126,3,0
101,714,76,0,3
101,719,100,1,1
101,724,126,3,0
102,628,127,3,0
102,630,127,3,0
102,642,77,0,3
102,643,101,1,2
102,647,101,1,2
102,648,103,2,1
102,662,127,3,0
102,681,101,1,2
102,691,127,3,0
102,693,127,3,0
102,699,127,3,0
102,719,101,1,2
103,628,128,3,0
103,630,128,3,0
103,642,78,0,3
103,643,104,2,1
103,648,648,27,0
103,662,128,3,0
103,681,102,1,2
103,691,128,3,0
103,699,128,3,0
104,628,129,3,0
104,642,79,0,3
104,643,105,2,1
104,670,103,1,2
104,691,129,3,0
105,628,130,3,0
105,630,130,3,0
105,642,80,0,3
105,643,106,2,1
105,648,104,1,2
105,662,130,3,0
105,681,106,2,1
105,691,130,3,0
105,693,130,3,0
105,699,130,3,0
105,719,106,2,1
106,628,131,3,0
106,630,131,3,0
106,642,81,0,3
106,643,107,2,1
106,647,107,2,1
106,648,105,1,2
106,662,131,3,0
106,677,107,2,1
106,681,107,2,1
106,691,131,3,0
106,693,131,3,0
106,699,131,3,0
106,719,107,2,1
106,724,131,3,0
107,628,132,3,0
107,629,108,2,1
107,630,132,3,0
107,634,108,2,1
107,637,108,2,1
107,642,82,0,3
107,643,108,2,1
107,647,108,2,1
107,648,106,1,2
107,651,108,2,1
107,658,82,0,3
107,660,108,2,1
107,661,132,3,0
107,662,132,3,0
107,663,108,2,1
107,674,108,2,1
107,677,108,2,1
107,680,132,3,0
107,681,108,2,1
107,682,108,2,1
107,683,108,2,1
107,687,108,2,1
107,691,132,3,0
107,693,132,3,0
107,696,82,0,3
107,698,132,3,0
107,699,132,3,0
107,705,108,2,1
107,707,108,2,1
107,709,108,2,1
107,714,82,0,3
107,719,108,2,1
107,720,108,2,1
107,724,132,3,0
108,628,133,3,0
108,629,109,2,1
108,630,133,3,0
108,634,109,2,1
108,637,109,2,1
108,642,83,0,3
108,643,109,2,1
108,644,109,2,1
108,647,109,2,1
108,648,107,1,2
108,651,109,2,1
108,652,109,2,1
108,657,109,2,1
108,658,83,0,3
108,660,109,2,1
108,661,133,3,0
108,662,133,3,0
108,663,109,2,1
108,674,109,2,1
108,677,109,2,1
108,680,133,3,0
108,681,109,2,1
108,682,109,2,1
108,683,109,2,1
108,685,133,3,0
108,687,109,2,1
108,691,133,3,0
108,693,133,3,0
108,696,83,0,3
108,697,109,2,1
108,698,133,3,0
108,699,133,3,0
108,705,109,2,1
108,707,109,2,1
108,709,109,2,1
108,714,83,0,3
108,719,109,2,1
108,720,109,2,1
108,724,133,3,0
109,628,134,3,0
109,629,110,2,1
109,630,134,3,0
109,634,110,2,1
109,637,110,2,1
109,642,84,0,3
109,643,110,2,1
109,644,110,2,1
109,647,110,2,1
109,648,108,1,2
109,651,110,2,1
109,652,110,2,1
109,655,110,2,1
109,657,110,2,1
109,658,84,0,3
109,660,110,2,1
109,661,134,3,0
109,662,134,3,0
109,663,110,2,1
109,672,134,3,0
109,674,110,2,1
109,677,110,2,1
109,680,134,3,0
109,681,110,2,1
109,682,110,2,1
109,683,110,2,1
109,685,134,3,0
109,687,110,2,1
109,691,134,3,0
109,693,134,3,0
109,696,84,0,3
109,697,110,2,1
109,698,134,3,0
109,699,134,3,0
109,705,110,2,1
109,707,110,2,1
109,709,110,2,1
109,714,84,0,3
109,719,110,2,1
109,720,110,2,1
109,724,134,3,0
110,628,135,3,0
110,630,135,3,0
110,634,85,0,3
110,643,85,0,3
110,647,85,0,3
110,648,109,1,2
110,651,85,0,3
110,655,85,0,3
110,658,85,0,3
110,661,135,3,0
110,662,135,3,0
110,663,135,3,0
110,674,85,0,3
110,677,111,2,1
110,681,85,0,3
110,682,85,0,3
110,691,135,3,0
110,693,135,3,0
110,696,85,0,3
110,699,135,3,0
110,705,85,0,3
110,707,135,3,0
110,714,85,0,3
110,719,85,0,3
110,720,85,0,3
110,722,85,0,3
111,628,110,1,2
111,629,136,3,0
111,630,110,1,2
111,634,86,0,3
111,637,136,3,0
111,642,110,1,2
111,643,86,0,3
111,644,136,3,0
111,646,110,1,2
111,647,86,0,3
111,648,110,1,2
111,651,86,0,3
111,652,136,3,0
111,657,86,0,3
111,658,110,1,2
111,660,86,0,3
111,661,110,1,2
111,662,110,1,2
111,663,136,3,0
111,674,86,0,3
111,677,112,2,1
111,680,110,1,2
111,681,86,0,3
111,682,86,0,3
111,683,136,3,0
111,685,110,1,2
111,687,136,3,0
111,691,110,1,2
111,692,86,0,3
111,693,110,1,2
111,696,110,1,2
111,697,136,3,0
111,698,110,1,2
111,699,110,1,2
111,701,86,0,3
111,705,86,0,3
111,707,136,3,0
111,709,136,3,0
111,714,110,1,2
111,719,86,0,3
111,720,86,0,3
111,722,86,0,3
111,724,110,1,2
112,628,111,1,2
112,629,137,3,0
112,630,111,1,2
112,634,87,0,3
112,637,137,3,0
112,642,111,1,2
112,643,87,0,3
112,644,137,3,0
112,647,87,0,3
112,648,111,1,2
112,651,87,0,3
112,652,137,3,0
112,657,87,0,3
112,658,111,1,2
112,660,87,0,3
112,661,111,1,2
112,662,111,1,2
112,663,137,3,0
112,674,87,0,3
112,677,113,2,1
112,680,111,1,2
112,681,87,0,3
112,682,87,0,3
112,683,137,3,0
112,685,111,1,2
112,687,137,3,0
112,691,111,1,2
112,693,111,1,2
112,696,111,1,2
112,697,137,3,0
112,698,111,1,2
112,699,111,1,2
112,705,87,0,3
112,707,137,3,0
112,709,137,3,0
112,714,111,1,2
112,719,87,0,3
112,720,87,0,3
112,722,87,0,3
112,724,111,1,2
113,628,112,1,2
113,629,138,3,0
113,630,112,1,2
113,634,88,0,3
113,637,138,3,0
113,642,112,1,2
113,643,88,0,3
113,647,88,0,3
113,648,112,1,2
113,651,88,0,3
113,658,112,1,2
113,660,88,0,3
113,661,112,1,2
113,662,112,1,2
113,663,138,3,0
113,674,88,0,3
113,677,114,2,1
113,680,112,1,2
113,681,88,0,3
113,682,88,0,3
113,683,138,3,0
113,687,138,3,0
113,691,112,1,2
113,693,112,1,2
113,696,112,1,2
113,698,112,1,2
113,699,112,1,2
113,705,88,0,3
113,707,138,3,0
113,709,138,3,0
113,714,112,1,2
113,719,88,0,3
113,720,88,0,3
113,724,112,1,2
114,628,113,1,2
114,630,113,1,2
114,642,113,1,2
114,643,89,0,3
114,647,89,0,3
114,648,113,1,2
114,662,113,1,2
114,677,677,56,0
114,681,89,0,3
114,691,113,1,2
114,693,113,1,2
114,699,113,1,2
114,719,89,0,3
114,724,113,1,2
115,628,114,1,2
115,630,114,1,2
115,642,114,1,2
115,643,90,0,3
115,648,114,1,2
115,662,114,1,2
115,681,90,0,3
115,691,114,1,2
115,693,114,1,2
115,699,114,1,2
115,719,90,0,3
116,670,117,2,1
116,691,115,1,2
117,628,118,2,1
117,630,118,2,1
117,642,118,2,1
117,643,116,1,2
117,648,118,2,1
117,662,118,2,1
117,681,92,0,3
117,691,118,2,1
117,699,118,2,1
118,628,119,2,1
118,630,119,2,1
118,642,119,2,1
118,643,93,0,3
118,647,93,0,3
118,648,119,2,1
118,662,119,2,1
118,681,93,0,3
118,691,119,2,1
118,693,119,2,1
118,699,119,2,1
118,719,93,0,3
119,628,120,2,1
119,629,144,3,0
119,630,120,2,1
119,634,94,0,3
119,642,120,2,1
119,643,94,0,3
119,647,94,0,3
119,648,120,2,1
119,662,120,2,1
119,677,118,1,2
119,680,120,2,1
119,681,94,0,3
119,687,144,3,0
119,691,120,2,1
119,693,120,2,1
119,699,120,2,1
119,714,120,2,1
119,719,94,0,3
119,724,120,2,1
120,628,121,2,1
120,629,145,3,0
120,630,121,2,1
120,634,95,0,3
120,637,145,3,0
120,642,121,2,1
120,643,95,0,3
120,647,95,0,3
120,648,121,2,1
120,651,95,0,3
120,658,121,2,1
120,660,95,0,3
120,661,121,2,1
120,662,121,2,1
120,663,145,3,0
120,674,95,0,3
120,677,119,1,2
120,680,121,2,1
120,681,95,0,3
120,682,95,0,3
120,683,145,3,0
120,687,145,3,0
120,691,121,2,1
120,693,121,2,1
120,696,121,2,1
120,698,121,2,1
120,699,121,2,1
120,705,95,0,3
120,707,145,3,0
120,709,145,3,0
120,714,121,2,1
120,719,95,0,3
120,720,95,0,3
120,724,121,2,1
121,628,122,2,1
121,629,146,3,0
121,630,122,2,1
121,634,96,0,3
121,637,146,3,0
121,642,122,2,1
121,643,96,0,3
121,644,146,3,0
121,647,96,0,3
121,648,122,2,1
121,651,96,0,3
121,652,146,3,0
121,657,96,0,3
121,658,122,2,1
121,660,96,0,3
121,661,122,2,1
121,662,122,2,1
121,663,146,3,0
121,674,96,0,3
121,677,120,1,2
121,680,122,2,1
121,681,96,0,3
121,682,96,0,3
121,683,146,3,0
121,685,122,2,1
121,687,146,3,0
121,691,122,2,1
121,693,122,2,1
121,696,122,2,1
121,697,146,3,0
121,698,122,2,1
121,699,122,2,1
121,705,96,0,3
121,707,146,3,0
121,709,146,3,0
121,714,122,2,1
121,719,96,0,3
121,720,96,0,3
121,722,96,0,3
121,724,122,2,1
122,625,97,0,3
122,628,147,3,0
122,629,147,3,0
122,630,147,3,0
122,632,97,0,3
122,633,147,3,0
122,634,97,0,3
122,637,147,3,0
122,638,97,0,3
122,640,147,3,0
122,641,97,0,3
122,643,97,0,3
122,644,147,3,0
122,646,121,1,2
122,647,97,0,3
122,648,123,2,1
122,651,97,0,3
122,652,147,3,0
122,654,97,0,3
122,655,121,1,2
122,657,97,0,3
122,658,97,0,3
122,659,147,3,0
122,660,97,0,3
122,661,147,3,0
122,662,147,3,0
122,663,147,3,0
122,665,97,0,3
122,667,147,3,0
122,668,147,3,0
122,670,147,3,0
122,671,147,3,0
122,672,147,3,0
122,673,147,3,0
122,674,97,0,3
122,675,147,3,0
122,676,147,3,0
122,677,121,1,2
122,681,97,0,3
122,682,97,0,3
122,683,147,3,0
122,684,97,0,3
122,687,147,3,0
122,688,147,3,0
122,689,147,3,0
122,690,97,0,3
122,691,147,3,0
122,692,97,0,3
122,693,147,3,0
122,694,147,3,0
122,696,97,0,3
122,697,147,3,0
122,699,147,3,0
122,701,97,0,3
122,703,147,3,0
122,704,147,3,0
122,705,97,0,3
122,707,147,3,0
122,709,147,3,0
122,713,147,3,0
122,714,97,0,3
122,718,147,3,0
122,719,97,0,3
122,720,97,0,3
122,722,97,0,3
123,626,122,1,2
123,627,122,1,2
123,628,148,3,0
123,629,122,1,2
123,630,148,3,0
123,631,122,1,2
123,634,122,1,2
123,635,122,1,2
123,636,122,1,2
123,637,122,1,2
123,639,122,1,2
123,643,122,1,2
123,644,122,1,2
123,645,122,1,2
123,646,124,2,1
123,647,122,1,2
123,648,124,2,1
123,649,122,1,2
123,650,122,1,2
123,651,122,1,2
123,652,122,1,2
123,653,122,1,2
123,657,122,1,2
123,658,98,0,3
123,660,122,1,2
123,661,148,3,0
123,662,148,3,0
123,663,122,1,2
123,666,122,1,2
123,669,122,1,2
123,672,148,3,0
123,674,122,1,2
123,677,122,1,2
123,678,122,1,2
123,679,122,1,2
123,681,122,1,2
123,682,122,1,2
123,683,122,1,2
123,686,122,1,2
123,687,122,1,2
123,691,148,3,0
123,692,122,1,2
123,693,148,3,0
123,695,122,1,2
123,696,98,0,3
123,697,122,1,2
123,699,148,3,0
123,700,122,1,2
123,701,122,1,2
123,702,122,1,2
123,705,122,1,2
123,707,122,1,2
123,708,122,1,2
123,709,122,1,2
123,710,122,1,2
123,711,122,1,2
123,714,98,0,3
123,715,122,1,2
123,717,122,1,2
123,719,122,1,2
123,720,122,1,2
123,723,122,1,2
124,628,149,3,0
124,629,123,1,2
124,630,149,3,0
124,634,123,1,2
124,637,123,1,2
124,642,99,0,3
124,643,123,1,2
124,644,123,1,2
124,647,123,1,2
124,648,100,2,3
124,651,123,1,2
124,652,123,1,2
124,657,123,1,2
124,658,99,0,3
124,660,123,1,2
124,661,149,3,0
124,662,149,3,0
124,663,123,1,2
124,674,123,1,2
124,677,123,1,2
124,680,149,3,0
124,681,123,1,2
124,682,123,1,2
124,683,123,1,2
124,685,149,3,0
124,687,123,1,2
124,691,149,3,0
124,693,149,3,0
124,696,99,0,3
124,697,123,1,2
124,698,149,3,0
124,699,149,3,0
124,705,123,1,2
124,707,123,1,2
124,709,123,1,2
124,714,99,0,3
124,719,123,1,2
124,720,123,1,2
124,724,149,3,0
125,628,150,2,0
125,629,149,3,2
125,630,150,2,0
125,634,149,3,2
125,637,149,3,2
125,642,100,0,2
125,643,149,3,2
125,647,149,3,2
125,648,100,0,2
125,651,149,3,2
125,658,100,0,2
125,660,149,3,2
125,661,150,2,0
125,662,126,1,1
125,663,149,3,2
125,674,149,3,2
125,677,149,3,2
125,680,126,1,1
125,681,149,3,2
125,682,149,3,2
125,683,149,3,2
125,687,149,3,2
125,689,126,1,1
125,691,150,2,0
125,693,150,2,0
125,696,100,0,2
125,698,150,2,0
125,699,150,2,0
125,705,149,3,2
125,707,149,3,2
125,709,149,3,2
125,714,100,0,2
125,719,149,3,2
125,720,149,3,2
125,724,150,2,0
126,628,151,3,0
126,629,125,1,1
126,630,151,3,0
126,634,125,1,1
126,642,101,0,3
126,643,125,1,1
126,647,125,1,1
126,648,101,0,3
126,662,127,2,1
126,677,125,1,1
126,680,680,59,0
126,681,125,1,1
126,687,125,1,1
126,691,151,3,0
126,693,151,3,0
126,699,151,3,0
126,714,101,0,3
126,719,125,1,1
126,724,151,3,0
127,628,152,3,0
127,630,152,3,0
127,642,102,0,3
127,643,126,1,2
127,647,126,1,2
127,648,102,0,3
127,662,128,2,1
127,681,126,1,2
127,691,152,3,0
127,693,152,3,0
127,699,152,3,0
127,719,126,1,2
128,628,153,3,0
128,630,153,3,0
128,642,103,0,3
128,643,129,2,1
128,648,103,0,3
128,662,662,41,0
128,681,127,1,2
128,691,153,3,0
128,699,153,3,0
129,628,154,3,0
129,642,104,0,3
129,643,130,2,1
129,670,128,1,2
129,691,154,3,0
130,628,155,3,0
130,630,155,3,0
130,642,105,0,3
130,643,131,2,1
130,648,105,0,3
130,662,129,1,2
130,681,131,2,1
130,691,155,3,0
130,693,155,3,0
130,699,155,3,0
130,719,131,2,1
131,628,156,3,0
131,630,156,3,0
131,642,106,0,3
131,643,132,2,1
131,647,132,2,1
131,648,106,0,3
131,662,130,1,2
131,677,132,2,1
131,681,132,2,1
131,691,156,3,0
131,693,156,3,0
131,699,156,3,0
131,719,132,2,1
131,724,156,3,0
132,628,157,3,0
132,629,133,2,1
132,630,157,3,0
132,634,133,2,1
132,637,133,2,1
132,642,107,0,3
132,643,133,2,1
132,647,133,2,1
132,648,107,0,3
132,651,133,2,1
132,658,107,0,3
132,660,133,2,1
132,661,157,3,0
132,662,131,1,2
132,663,133,2,1
132,674,133,2,1
132,677,133,2,1
132,680,131,1,2
132,681,133,2,1
132,682,133,2,1
132,683,133,2,1
132,687,133,2,1
132,689,689,68,0
132,691,157,3,0
132,693,157,3,0
132,696,107,0,3
132,698,157,3,0
132,699,157,3,0
132,705,133,2,1
132,707,133,2,1
132,709,133,2,1
132,714,107,0,3
132,719,133,2,1
132,720,133,2,1
132,724,157,3,0
133,628,158,3,0
133,629,134,2,1
133,630,158,3,0
133,634,134,2,1
133,637,134,2,1
133,642,108,0,3
133,643,134,2,1
133,644,134,2,1
133,647,134,2,1
133,648,108,0,3
133,651,134,2,1
133,652,134,2,1
133,657,134,2,1
133,658,108,0,3
133,660,134,2,1
133,661,158,3,0
133,662,132,1,2
133,663,134,2,1
133,674,134,2,1
133,677,134,2,1
133,680,132,1,2
133,681,134,2,1
133,682,134,2,1
133,683,134,2,1
133,685,158,3,0
133,687,134,2,1
133,689,132,1,2
133,691,158,3,0
133,693,158,3,0
133,696,108,0,3
133,697,134,2,1
133,698,158,3,0
133,699,158,3,0
133,705,134,2,1
133,707,134,2,1
133,709,134,2,1
133,714,108,0,3
133,719,134,2,1
133,720,134,2,1
133,724,158,3,0
134,628,159,3,0
134,629,135,2,1
134,630,159,3,0
134,634,135,2,1
134,637,135,2,1
134,642,109,0,3
134,643,135,2,1
134,644,135,2,1
134,647,135,2,1
134,648,109,0,3
134,651,135,2,1
134,652,135,2,1
134,655,135,2,1
134,657,135,2,1
134,658,109,0,3
134,660,135,2,1
134,661,159,3,0
134,662,133,1,2
134,663,135,2,1
134,672,159,3,0
134,674,135,2,1
134,677,135,2,1
134,680,133,1,2
134,681,135,2,1
134,682,135,2,1
134,683,135,2,1
134,685,159,3,0
134,687,135,2,1
134,689,133,1,2
134,691,159,3,0
134,693,159,3,0
134,696,109,0,3
134,697,135,2,1
134,698,159,3,0
134,699,159,3,0
134,705,135,2,1
134,707,135,2,1
134,709,135,2,1
134,714,109,0,3
134,719,135,2,1
134,720,135,2,1
134,724,159,3,0
135,627,160,3,0
135,628,160,3,0
135,629,160,3,0
135,630,160,3,0
135,634,110,0,3
135,642,110,0,3
135,643,110,0,3
135,647,110,0,3
135,648,110,0,3
135,651,110,0,3
135,658,110,0,3
135,660,160,3,0
135,661,160,3,0
135,662,134,1,2
135,663,160,3,0
135,664,664,43,0
135,674,110,0,3
135,677,110,0,3
135,680,134,1,2
135,681,110,0,3
135,682,110,0,3
135,689,134,1,2
135,691,160,3,0
135,693,160,3,0
135,696,110,0,3
135,699,160,3,0
135,705,110,0,3
135,707,160,3,0
135,709,136,2,1
135,719,110,0,3
135,720,110,0,3
135,724,160,3,0
136,627,161,3,0
136,628,135,1,2
136,629,161,3,0
136,630,135,1,2
136,634,111,0,3
136,637,161,3,0
136,642,135,1,2
136,643,111,0,3
136,644,161,3,0
136,646,135,1,2
136,647,111,0,3
136,648,135,1,2
136,651,111,0,3
136,652,161,3,0
136,657,111,0,3
136,658,135,1,2
136,660,161,3,0
136,661,135,1,2
136,662,135,1,2
136,663,161,3,0
136,674,111,0,3
136,677,111,0,3
136,680,135,1,2
136,681,111,0,3
136,682,111,0,3
136,683,161,3,0
136,685,135,1,2
136,687,161,3,0
136,691,135,1,2
136,692,111,0,3
136,693,135,1,2
136,696,135,1,2
136,697,161,3,0
136,698,135,1,2
136,699,135,1,2
136,701,111,0,3
136,705,111,0,3
136,707,161,3,0
136,709,137,2,1
136,714,135,1,2
136,719,111,0,3
136,720,111,0,3
136,724,135,1,2
137,627,162,3,0
137,628,136,1,2
137,629,162,3,0
137,630,136,1,2
137,634,112,0,3
137,637,162,3,0
137,642,136,1,2
137,643,112,0,3
137,644,162,3,0
137,647,112,0,3
137,648,136,1,2
137,651,112,0,3
137,652,162,3,0
137,657,112,0,3
137,658,136,1,2
137,660,162,3,0
137,661,136,1,2
137,662,136,1,2
137,663,162,3,0
137,674,112,0,3
137,677,112,0,3
137,680,136,1,2
137,681,112,0,3
137,682,112,0,3
137,683,162,3,0
137,685,136,1,2
137,687,162,3,0
137,691,136,1,2
137,693,136,1,2
137,696,136,1,2
137,697,162,3,0
137,698,136,1,2
137,699,136,1,2
137,705,112,0,3
137,707,162,3,0
137,709,138,2,1
137,714,136,1,2
137,719,112,0,3
137,720,112,0,3
137,724,136,1,2
138,628,137,1,2
138,629,163,3,0
138,630,137,1,2
138,634,113,0,3
138,637,163,3,0
138,642,137,1,2
138,643,113,0,3
138,647,113,0,3
138,648,137,1,2
138,651,113,0,3
138,658,137,1,2
138,660,163,3,0
138,661,137,1,2
138,662,137,1,2
138,663,163,3,0
138,674,113,0,3
138,677,113,0,3
138,680,137,1,2
138,681,113,0,3
138,682,113,0,3
138,683,163,3,0
138,687,163,3,0
138,691,137,1,2
138,693,137,1,2
138,696,137,1,2
138,698,137,1,2
138,699,137,1,2
138,705,113,0,3
138,707,163,3,0
138,709,709,88,0
138,714,137,1,2
138,719,113,0,3
138,720,113,0,3
138,724,137,1,2
139,628,138,1,2
139,630,138,1,2
139,642,138,1,2
139,643,114,0,3
139,647,114,0,3
139,648,138,1,2
139,662,138,1,2
139,677,114,0,3
139,681,114,0,3
139,691,138,1,2
139,693,138,1,2
139,699,138,1,2
139,719,114,0,3
139,724,138,1,2
140,628,139,1,2
140,630,139,1,2
140,642,139,1,2
140,643,115,0,3
140,648,139,1,2
140,662,139,1,2
140,681,115,0,3
140,691,139,1,2
140,693,139,1,2
140,699,139,1,2
140,719,115,0,3
141,670,142,2,1
141,691,140,1,2
142,628,143,2,1
142,630,143,2,1
142,642,143,2,1
142,643,141,1,2
142,648,143,2,1
142,662,143,2,1
142,681,117,0,3
142,691,143,2,1
142,699,143,2,1
143,628,144,2,1
143,630,144,2,1
143,642,144,2,1
143,643,118,0,3
143,647,118,0,3
143,648,144,2,1
143,662,144,2,1
143,681,118,0,3
143,691,144,2,1
143,693,144,2,1
143,699,144,2,1
143,719,118,0,3
144,628,145,2,1
144,629,169,3,0
144,630,145,2,1
144,634,119,0,3
144,642,145,2,1
144,643,119,0,3
144,647,119,0,3
144,648,145,2,1
144,662,145,2,1
144,677,119,0,3
144,680,145,2,1
144,681,119,0,3
144,687,169,3,0
144,691,145,2,1
144,693,145,2,1
144,699,145,2,1
144,714,145,2,1
144,719,119,0,3
144,724,145,2,1
145,628,146,2,1
145,629,170,3,0
145,630,146,2,1
145,634,120,0,3
145,637,170,3,0
145,642,146,2,1
145,643,120,0,3
145,647,120,0,3
145,648,146,2,1
145,651,120,0,3
145,658,146,2,1
145,660,170,3,0
145,661,146,2,1
145,662,146,2,1
145,663,170,3,0
145,674,120,0,3
145,677,120,0,3
145,680,146,2,1
145,681,120,0,3
145,682,120,0,3
145,683,170,3,0
145,687,170,3,0
145,691,146,2,1
145,693,146,2,1
145,696,146,2,1
145,698,146,2,1
145,699,146,2,1
145,705,120,0,3
145,707,170,3,0
145,709,144,1,2
145,714,146,2,1
145,719,120,0,3
145,720,120,0,3
145,724,146,2,1
146,627,171,3,0
146,628,147,2,1
146,629,171,3,0
146,630,147,2,1
146,634,121,0,3
146,637,171,3,0
146,642,147,2,1
146,643,121,0,3
146,644,171,3,0
146,647,121,0,3
146,648,147,2,1
146,651,121,0,3
146,652,171,3,0
146,657,121,0,3
146,658,147,2,1
146,660,171,3,0
146,661,147,2,1
146,662,147,2,1
146,663,171,3,0
146,674,121,0,3
146,677,121,0,3
146,680,147,2,1
146,681,121,0,3
146,682,121,0,3
146,683,171,3,0
146,685,147,2,1
146,687,171,3,0
146,691,147,2,1
146,693,147,2,1
146,696,147,2,1
146,697,171,3,0
146,698,147,2,1
146,699,147,2,1
146,705,121,0,3
146,707,171,3,0
146,709,145,1,2
146,714,147,2,1
146,719,121,0,3
146,720,121,0,3
146,724,147,2,1
147,625,122,0,3
147,627,172,3,0
147,628,172,3,0
147,629,172,3,0
147,630,172,3,0
147,632,122,0,3
147,633,172,3,0
147,634,122,0,3
147,637,172,3,0
147,638,122,0,3
147,640,172,3,0
147,641,122,0,3
147,642,122,0,3
147,643,122,0,3
147,644,172,3,0
147,646,146,1,2
147,647,122,0,3
147,648,122,0,3
147,651,122,0,3
147,652,172,3,0
147,654,122,0,3
147,655,146,1,2
147,656,122,0,3
147,657,122,0,3
147,658,122,0,3
147,659,172,3,0
147,660,172,3,0
147,661,172,3,0
147,662,148,2,1
147,663,172,3,0
147,665,122,0,3
147,667,172,3,0
147,668,172,3,0
147,670,172,3,0
147,671,172,3,0
147,672,172,3,0
147,673,172,3,0
147,674,122,0,3
147,675,172,3,0
147,676,172,3,0
147,677,122,0,3
147,680,148,2,1
147,681,122,0,3
147,682,122,0,3
147,683,172,3,0
147,684,122,0,3
147,687,172,3,0
147,690,122,0,3
147,691,172,3,0
147,692,122,0,3
147,693,172,3,0
147,694,172,3,0
147,696,122,0,3
147,697,172,3,0
147,699,172,3,0
147,701,122,0,3
147,704,172,3,0
147,705,122,0,3
147,707,172,3,0
147,709,146,1,2
147,713,172,3,0
147,718,172,3,0
147,719,122,0,3
147,720,122,0,3
147,724,172,3,0
148,626,147,1,2
148,627,147,1,2
148,628,173,3,0
148,629,147,1,2
148,630,173,3,0
148,631,147,1,2
148,634,147,1,2
148,635,147,1,2
148,637,147,1,2
148,639,147,1,2
148,642,123,0,3
148,643,147,1,2
148,644,147,1,2
148,645,147,1,2
148,646,149,2,1
148,647,147,1,2
148,648,123,0,3
148,650,147,1,2
148,651,147,1,2
148,652,147,1,2
148,653,147,1,2
148,655,149,2,1
148,657,147,1,2
148,658,123,0,3
148,660,147,1,2
148,661,173,3,0
148,662,149,2,1
148,663,147,1,2
148,666,147,1,2
148,669,147,1,2
148,672,173,3,0
148,674,147,1,2
148,677,147,1,2
148,679,147,1,2
148,680,149,2,1
148,681,147,1,2
148,682,147,1,2
148,683,147,1,2
148,686,147,1,2
148,687,147,1,2
148,689,149,2,1
148,691,173,3,0
148,692,147,1,2
148,693,173,3,0
148,695,147,1,2
148,696,123,0,3
148,697,147,1,2
148,699,173,3,0
148,700,147,1,2
148,701,147,1,2
148,702,147,1,2
148,705,147,1,2
148,707,147,1,2
148,708,147,1,2
148,709,147,1,2
148,710,147,1,2
148,711,147,1,2
148,715,147,1,2
148,717,147,1,2
148,719,147,1,2
148,720,147,1,2
148,722,147,1,2
148,724,173,3,0
149,628,174,3,0
149,629,148,1,2
149,630,174,3,0
149,634,148,1,2
149,637,148,1,2
149,642,124,0,3
149,643,148,1,2
149,644,148,1,2
149,647,148,1,2
149,648,124,0,3
149,651,148,1,2
149,652,148,1,2
149,657,148,1,2
149,658,124,0,3
149,660,148,1,2
149,661,174,3,0
149,662,125,2,3
149,663,148,1,2
149,674,148,1,2
149,677,148,1,2
149,680,125,2,3
149,681,148,1,2
149,682,148,1,2
149,683,148,1,2
149,685,174,3,0
149,687,148,1,2
149,689,125,2,3
149,691,174,3,0
149,693,174,3,0
149,696,124,0,3
149,697,148,1,2
149,698,174,3,0
149,699,174,3,0
149,705,148,1,2
149,707,148,1,2
149,709,148,1,2
149,714,124,0,3
149,719,148,1,2
149,720,148,1,2
149,724,174,3,0
150,628,175,2,0
150,629,174,3,2
150,630,175,2,0
150,634,174,3,2
150,637,174,3,2
150,642,125,0,2
150,643,174,3,2
150,647,174,3,2
150,648,125,0,2
150,651,174,3,2
150,658,125,0,2
150,660,174,3,2
150,661,175,2,0
150,662,125,0,2
150,663,174,3,2
150,674,174,3,2
150,677,174,3,2
150,680,125,0,2
150,681,174,3,2
150,682,174,3,2
150,683,174,3,2
150,687,174,3,2
150,689,125,0,2
150,691,175,2,0
150,693,175,2,0
150,696,125,0,2
150,698,175,2,0
150,699,175,2,0
150,705,174,3,2
150,707,174,3,2
150,709,174,3,2
150,714,125,0,2
150,719,174,3,2
150,720,174,3,2
150,724,175,2,0
151,628,176,3,0
151,629,150,1,1
151,630,176,3,0
151,634,150,1,1
151,642,126,0,3
151,643,150,1,1
151,647,150,1,1
151,648,126,0,3
151,662,126,0,3
151,677,150,1,1
151,680,126,0,3
151,681,150,1,1
151,687,150,1,1
151,691,176,3,0
151,693,176,3,0
151,699,176,3,0
151,714,126,0,3
151,719,150,1,1
151,724,176,3,0
152,628,177,3,0
152,630,177,3,0
152,642,127,0,3
152,643,151,1,2
152,647,151,1,2
152,648,127,0,3
152,662,127,0,3
152,681,151,1,2
152,691,177,3,0
152,693,177,3,0
152,699,177,3,0
152,719,151,1,2
153,628,178,3,0
153,630,178,3,0
153,642,128,0,3
153,643,154,2,1
153,648,128,0,3
153,662,128,0,3
153,681,152,1,2
153,691,178,3,0
153,699,178,3,0
154,628,179,3,0
154,642,129,0,3
154,643,155,2,1
154,670,153,1,2
154,691,179,3,0
155,628,180,3,0
155,630,180,3,0
155,642,130,0,3
155,643,156,2,1
155,648,130,0,3
155,662,130,0,3
155,681,156,2,1
155,691,180,3,0
155,693,180,3,0
155,699,180,3,0
155,719,156,2,1
156,628,181,3,0
156,630,181,3,0
156,642,131,0,3
156,643,157,2,1
156,647,157,2,1
156,648,131,0,3
156,662,131,0,3
156,677,157,2,1
156,681,157,2,1
156,691,181,3,0
156,693,181,3,0
156,699,181,3,0
156,719,157,2,1
156,724,181,3,0
157,628,182,3,0
157,629,158,2,1
157,630,182,3,0
157,634,158,2,1
157,637,158,2,1
157,642,132,0,3
157,643,158,2,1
157,647,158,2,1
157,648,132,0,3
157,651,158,2,1
157,658,132,0,3
157,660,158,2,1
157,661,182,3,0
157,662,132,0,3
157,663,158,2,1
157,674,158,2,1
157,677,158,2,1
157,680,132,0,3
157,681,158,2,1
157,682,158,2,1
157,683,158,2,1
157,687,158,2,1
157,689,132,0,3
157,691,182,3,0
157,693,182,3,0
157,696,132,0,3
157,698,182,3,0
157,699,182,3,0
157,705,158,2,1
157,707,158,2,1
157,709,158,2,1
157,714,132,0,3
157,719,158,2,1
157,720,158,2,1
157,724,182,3,0
158,628,183,3,0
158,629,159,2,1
158,630,183,3,0
158,634,159,2,1
158,637,159,2,1
158,642,133,0,3
158,643,159,2,1
158,644,159,2,1
158,647,159,2,1
158,648,133,0,3
158,651,159,2,1
158,652,159,2,1
158,657,159,2,1
158,658,133,0,3
158,660,159,2,1
158,661,183,3,0
158,662,133,0,3
158,663,159,2,1
158,674,159,2,1
158,677,159,2,1
158,680,133,0,3
158,681,159,2,1
158,682,159,2,1
158,683,159,2,1
158,685,183,3,0
158,687,159,2,1
158,689,133,0,3
158,691,183,3,0
158,693,183,3,0
158,696,133,0,3
158,697,159,2,1
158,698,183,3,0
158,699,183,3,0
158,705,159,2,1
158,707,159,2,1
158,709,159,2,1
158,714,133,0,3
158,719,159,2,1
158,720,159,2,1
158,724,183,3,0
159,628,184,3,0
159,629,160,2,1
159,630,184,3,0
159,634,160,2,1
159,637,160,2,1
159,642,134,0,3
159,643,160,2,1
159,644,160,2,1
159,647,160,2,1
159,648,134,0,3
159,651,160,2,1
159,652,160,2,1
159,655,160,2,1
159,657,160,2,1
159,658,134,0,3
159,660,160,2,1
159,661,184,3,0
159,662,134,0,3
159,663,160,2,1
159,672,184,3,0
159,674,160,2,1
159,677,160,2,1
159,680,134,0,3
159,681,160,2,1
159,682,160,2,1
159,683,160,2,1
159,685,184,3,0
159,687,160,2,1
159,689,134,0,3
159,691,184,3,0
159,693,184,3,0
159,696,134,0,3
159,697,160,2,1
159,698,184,3,0
159,699,184,3,0
159,705,160,2,1
159,707,160,2,1
159,709,160,2,1
159,714,134,0,3
159,719,160,2,1
159,720,160,2,1
159,724,184,3,0
160,628,185,3,0
160,629,185,3,0
160,630,185,3,0
160,634,135,0,3
160,642,135,0,3
160,643,135,0,3
160,647,135,0,3
160,648,135,0,3
160,652,161,2,1
160,657,185,3,0
160,658,135,0,3
160,660,185,3,0
160,661,185,3,0
160,662,135,0,3
160,663,185,3,0
160,664,135,0,3
160,674,135,0,3
160,677,135,0,3
160,679,185,3,0
160,680,135,0,3
160,681,135,0,3
160,682,135,0,3
160,683,161,2,1
160,687,185,3,0
160,689,135,0,3
160,691,185,3,0
160,693,185,3,0
160,696,135,0,3
160,699,185,3,0
160,705,135,0,3
160,707,185,3,0
160,709,135,0,3
160,719,135,0,3
160,720,135,0,3
160,724,185,3,0
161,628,160,1,2
161,629,186,3,0
161,630,160,1,2
161,634,136,0,3
161,637,186,3,0
161,642,160,1,2
161,643,136,0,3
161,644,186,3,0
161,646,160,1,2
161,647,136,0,3
161,648,160,1,2
161,651,136,0,3
161,652,162,2,1
161,657,186,3,0
161,658,160,1,2
161,660,186,3,0
161,661,160,1,2
161,662,160,1,2
161,663,186,3,0
161,674,136,0,3
161,677,136,0,3
161,679,186,3,0
161,680,160,1,2
161,681,136,0,3
161,682,136,0,3
161,683,162,2,1
161,685,160,1,2
161,687,186,3,0
161,691,160,1,2
161,692,136,0,3
161,693,160,1,2
161,696,160,1,2
161,697,186,3,0
161,698,160,1,2
161,699,160,1,2
161,701,136,0,3
161,705,136,0,3
161,707,186,3,0
161,709,136,0,3
161,714,160,1,2
161,719,136,0,3
161,720,136,0,3
161,724,160,1,2
162,628,161,1,2
162,629,187,3,0
162,630,161,1,2
162,634,137,0,3
162,637,187,3,0
162,642,161,1,2
162,643,137,0,3
162,644,187,3,0
162,647,137,0,3
162,648,161,1,2
162,651,137,0,3
162,652,652,31,0
162,657,187,3,0
162,658,161,1,2
162,660,187,3,0
162,661,161,1,2
162,662,161,1,2
162,663,187,3,0
162,674,137,0,3
162,677,137,0,3
162,679,187,3,0
162,680,161,1,2
162,681,137,0,3
162,682,137,0,3
162,683,163,2,1
162,685,161,1,2
162,687,187,3,0
162,691,161,1,2
162,693,161,1,2
162,696,161,1,2
162,697,187,3,0
162,698,161,1,2
162,699,161,1,2
162,705,137,0,3
162,707,187,3,0
162,709,137,0,3
162,714,161,1,2
162,719,137,0,3
162,720,137,0,3
162,724,161,1,2
163,628,162,1,2
163,629,188,3,0
163,630,162,1,2
163,634,138,0,3
163,637,188,3,0
163,642,162,1,2
163,643,138,0,3
163,647,138,0,3
163,648,162,1,2
163,651,138,0,3
163,658,162,1,2
163,660,188,3,0
163,661,162,1,2
163,662,162,1,2
163,663,188,3,0
163,674,138,0,3
163,677,138,0,3
163,680,162,1,2
163,681,138,0,3
163,682,138,0,3
163,683,683,62,0
163,687,188,3,0
163,691,162,1,2
163,693,162,1,2
163,696,162,1,2
163,698,162,1,2
163,699,162,1,2
163,705,138,0,3
163,707,188,3,0
163,709,138,0,3
163,714,162,1,2
163,719,138,0,3
163,720,138,0,3
163,724,162,1,2
164,628,163,1,2
164,630,163,1,2
164,642,163,1,2
164,643,139,0,3
164,647,139,0,3
164,648,163,1,2
164,662,163,1,2
164,677,139,0,3
164,681,139,0,3
164,691,163,1,2
164,693,163,1,2
164,699,163,1,2
164,719,139,0,3
164,724,163,1,2
165,628,164,1,2
165,630,164,1,2
165,642,164,1,2
165,643,140,0,3
165,648,164,1,2
165,662,164,1,2
165,681,140,0,3
165,691,164,1,2
165,693,164,1,2
165,699,164,1,2
165,719,140,0,3
166,670,167,2,1
166,691,165,1,2
167,628,168,2,1
167,630,168,2,1
167,642,168,2,1
167,643,166,1,2
167,648,168,2,1
167,662,168,2,1
167,681,142,0,3
167,691,168,2,1
167,699,168,2,1
168,628,169,2,1
168,630,169,2,1
168,642,169,2,1
168,643,143,0,3
168,647,143,0,3
168,648,169,2,1
168,662,169,2,1
168,681,143,0,3
168,691,169,2,1
168,693,169,2,1
168,699,169,2,1
168,719,143,0,3
169,628,170,2,1
169,629,194,3,0
169,630,170,2,1
169,634,144,0,3
169,642,170,2,1
169,643,144,0,3
169,647,144,0,3
169,648,170,2,1
169,662,170,2,1
169,677,144,0,3
169,680,170,2,1
169,681,144,0,3
169,687,194,3,0
169,691,170,2,1
169,693,170,2,1
169,699,170,2,1
169,714,170,2,1
169,719,144,0,3
169,724,170,2,1
170,628,171,2,1
170,629,195,3,0
170,630,171,2,1
170,634,145,0,3
170,637,195,3,0
170,642,171,2,1
170,643,145,0,3
170,647,145,0,3
170,648,171,2,1
170,651,145,0,3
170,658,171,2,1
170,660,195,3,0
170,661,171,2,1
170,662,171,2,1
170,663,195,3,0
170,674,145,0,3
170,677,145,0,3
170,680,171,2,1
170,681,145,0,3
170,682,145,0,3
170,683,169,1,2
170,687,195,3,0
170,691,171,2,1
170,693,171,2,1
170,696,171,2,1
170,698,171,2,1
170,699,171,2,1
170,705,145,0,3
170,707,195,3,0
170,709,145,0,3
170,714,171,2,1
170,719,145,0,3
170,720,145,0,3
170,724,171,2,1
171,628,172,2,1
171,629,196,3,0
171,630,172,2,1
171,634,146,0,3
171,637,196,3,0
171,642,172,2,1
171,643,146,0,3
171,644,196,3,0
171,647,146,0,3
171,648,172,2,1
171,651,146,0,3
171,652,170,1,2
171,657,196,3,0
171,658,172,2,1
171,660,196,3,0
171,661,172,2,1
171,662,172,2,1
171,663,196,3,0
171,674,146,0,3
171,677,146,0,3
171,679,196,3,0
171,680,172,2,1
171,681,146,0,3
171,682,146,0,3
171,683,170,1,2
171,685,172,2,1
171,687,196,3,0
171,691,172,2,1
171,693,172,2,1
171,696,172,2,1
171,697,196,3,0
171,698,172,2,1
171,699,172,2,1
171,705,146,0,3
171,707,196,3,0
171,709,146,0,3
171,714,172,2,1
171,719,146,0,3
171,720,146,0,3
171,724,172,2,1
172,625,147,0,3
172,628,197,3,0
172,629,197,3,0
172,630,197,3,0
172,632,147,0,3
172,633,197,3,0
172,634,147,0,3
172,637,197,3,0
172,638,147,0,3
172,640,197,3,0
172,641,147,0,3
172,642,147,0,3
172,643,147,0,3
172,644,197,3,0
172,646,171,1,2
172,647,147,0,3
172,648,147,0,3
172,651,147,0,3
172,652,171,1,2
172,654,197,3,0
172,655,171,1,2
172,656,147,0,3
172,657,197,3,0
172,658,147,0,3
172,659,197,3,0
172,660,197,3,0
172,661,197,3,0
172,662,147,0,3
172,663,197,3,0
172,665,147,0,3
172,667,197,3,0
172,670,197,3,0
172,671,197,3,0
172,672,197,3,0
172,673,197,3,0
172,674,147,0,3
172,675,197,3,0
172,676,197,3,0
172,677,147,0,3
172,679,197,3,0
172,680,147,0,3
172,681,147,0,3
172,682,147,0,3
172,683,171,1,2
172,684,147,0,3
172,687,197,3,0
172,688,147,0,3
172,689,147,0,3
172,690,147,0,3
172,691,197,3,0
172,692,147,0,3
172,693,197,3,0
172,694,197,3,0
172,696,147,0,3
172,697,197,3,0
172,699,197,3,0
172,701,147,0,3
172,703,147,0,3
172,704,197,3,0
172,705,147,0,3
172,707,197,3,0
172,709,147,0,3
172,713,197,3,0
172,718,197,3,0
172,719,147,0,3
172,720,147,0,3
172,724,197,3,0
173,626,172,1,2
173,627,172,1,2
173,628,198,3,0
173,629,172,1,2
173,630,198,3,0
173,631,172,1,2
173,634,172,1,2
173,635,172,1,2
173,636,172,1,2
173,637,172,1,2
173,639,172,1,2
173,642,148,0,3
173,643,172,1,2
173,644,172,1,2
173,645,172,1,2
173,646,174,2,1
173,647,172,1,2
173,648,148,0,3
173,649,172,1,2
173,650,172,1,2
173,651,172,1,2
173,652,172,1,2
173,653,172,1,2
173,655,174,2,1
173,657,172,1,2
173,658,148,0,3
173,660,172,1,2
173,661,198,3,0
173,662,148,0,3
173,663,172,1,2
173,666,172,1,2
173,669,172,1,2
173,672,198,3,0
173,674,172,1,2
173,677,172,1,2
173,678,172,1,2
173,679,172,1,2
173,680,148,0,3
173,681,172,1,2
173,682,172,1,2
173,683,172,1,2
173,686,172,1,2
173,687,172,1,2
173,689,148,0,3
173,691,198,3,0
173,692,172,1,2
173,693,198,3,0
173,695,172,1,2
173,696,148,0,3
173,697,172,1,2
173,699,198,3,0
173,700,172,1,2
173,701,172,1,2
173,702,172,1,2
173,705,172,1,2
173,707,172,1,2
173,708,172,1,2
173,709,172,1,2
173,710,172,1,2
173,711,172,1,2
173,715,172,1,2
173,717,172,1,2
173,719,172,1,2
173,720,172,1,2
173,722,172,1,2
173,723,172,1,2
173,724,198,3,0
174,628,199,3,0
174,629,173,1,2
174,630,199,3,0
174,634,173,1,2
174,637,173,1,2
174,642,149,0,3
174,643,173,1,2
174,644,173,1,2
174,647,173,1,2
174,648,149,0,3
174,651,173,1,2
174,652,173,1,2
174,657,173,1,2
174,658,149,0,3
174,660,173,1,2
174,661,199,3,0
174,662,149,0,3
174,663,173,1,2
174,674,173,1,2
174,677,173,1,2
174,680,149,0,3
174,681,173,1,2
174,682,173,1,2
174,683,173,1,2
174,685,199,3,0
174,687,173,1,2
174,689,149,0,3
174,691,199,3,0
174,693,199,3,0
174,696,149,0,3
174,697,173,1,2
174,698,199,3,0
174,699,199,3,0
174,705,173,1,2
174,707,173,1,2
174,709,173,1,2
174,714,149,0,3
174,719,173,1,2
174,720,173,1,2
174,724,199,3,0
175,628,200,2,0
175,629,199,3,2
175,630,200,2,0
175,634,199,3,2
175,637,199,3,2
175,640,176,1,1
175,642,150,0,2
175,643,199,3,2
175,647,199,3,2
175,648,150,0,2
175,651,199,3,2
175,658,150,0,2
175,660,199,3,2
175,661,200,2,0
175,662,150,0,2
175,663,199,3,2
175,674,199,3,2
175,677,199,3,2
175,680,150,0,2
175,681,199,3,2
175,682,199,3,2
175,683,199,3,2
175,687,199,3,2
175,691,200,2,0
175,693,200,2,0
175,696,150,0,2
175,698,200,2,0
175,699,200,2,0
175,705,199,3,2
175,707,199,3,2
175,709,199,3,2
175,714,150,0,2
175,719,199,3,2
175,720,199,3,2
175,724,200,2,0
176,628,201,3,0
176,629,175,1,1
176,630,201,3,0
176,634,175,1,1
176,642,151,0,3
176,643,175,1,1
176,647,175,1,1
176,648,151,0,3
176,662,151,0,3
176,677,175,1,1
176,680,151,0,3
176,681,175,1,1
176,687,175,1,1
176,691,201,3,0
176,693,201,3,0
176,699,201,3,0
176,714,151,0,3
176,719,175,1,1
176,724,201,3,0
177,628,202,3,0
177,630,202,3,0
177,642,152,0,3
177,643,176,1,2
177,647,176,1,2
177,648,152,0,3
177,662,152,0,3
177,681,176,1,2
177,691,202,3,0
177,693,202,3,0
177,699,202,3,0
177,719,176,1,2
178,628,203,3,0
178,630,203,3,0
178,642,153,0,3
178,643,179,2,1
178,648,153,0,3
178,662,153,0,3
178,681,177,1,2
178,691,203,3,0
178,699,203,3,0
179,628,204,3,0
179,642,154,0,3
179,643,180,2,1
179,670,178,1,2
179,691,204,3,0
180,628,205,3,0
180,630,205,3,0
180,642,155,0,3
180,643,181,2,1
180,648,155,0,3
180,662,155,0,3
180,681,181,2,1
180,691,205,3,0
180,693,205,3,0
180,699,205,3,0
180,719,181,2,1
181,628,206,3,0
181,630,206,3,0
181,642,156,0,3
181,643,182,2,1
181,647,182,2,1
181,648,156,0,3
181,662,156,0,3
181,677,182,2,1
181,681,182,2,1
181,691,206,3,0
181,693,206,3,0
181,699,206,3,0
181,719,182,2,1
181,724,206,3,0
182,628,207,3,0
182,629,183,2,1
182,630,207,3,0
182,634,183,2,1
182,637,183,2,1
182,640,640,19,0
182,642,157,0,3
182,643,183,2,1
182,647,183,2,1
182,648,157,0,3
182,651,183,2,1
182,658,157,0,3
182,660,183,2,1
182,661,207,3,0
182,662,157,0,3
182,663,183,2,1
182,674,183,2,1
182,677,183,2,1
182,680,157,0,3
182,681,183,2,1
182,682,183,2,1
182,683,183,2,1
182,687,183,2,1
182,691,207,3,0
182,693,207,3,0
182,696,157,0,3
182,698,207,3,0
182,699,207,3,0
182,705,183,2,1
182,707,183,2,1
182,709,183,2,1
182,714,157,0,3
182,719,183,2,1
182,720,183,2,1
182,724,207,3,0
183,628,208,3,0
183,629,184,2,1
183,630,208,3,0
183,634,184,2,1
183,637,184,2,1
183,640,182,1,2
183,642,158,0,3
183,643,184,2,1
183,644,184,2,1
183,647,184,2,1
183,648,158,0,3
183,651,184,2,1
183,652,184,2,1
183,657,184,2,1
183,658,158,0,3
183,660,184,2,1
183,661,208,3,0
183,662,158,0,3
183,663,184,2,1
183,674,184,2,1
183,677,184,2,1
183,680,158,0,3
183,681,184,2,1
183,682,184,2,1
183,683,184,2,1
183,685,208,3,0
183,687,184,2,1
183,691,208,3,0
183,693,208,3,0
183,696,158,0,3
183,697,184,2,1
183,698,208,3,0
183,699,208,3,0
183,705,184,2,1
183,707,184,2,1
183,709,184,2,1
183,714,158,0,3
183,719,184,2,1
183,720,184,2,1
183,724,208,3,0
184,628,209,3,0
184,629,185,2,1
184,630,209,3,0
184,634,185,2,1
184,637,185,2,1
184,640,183,1,2
184,642,159,0,3
184,643,185,2,1
184,644,185,2,1
184,647,185,2,1
184,648,159,0,3
184,651,185,2,1
184,652,185,2,1
184,655,185,2,1
184,657,185,2,1
184,658,159,0,3
184,660,185,2,1
184,661,209,3,0
184,662,159,0,3
184,663,185,2,1
184,672,209,3,0
184,674,185,2,1
184,677,185,2,1
184,680,159,0,3
184,681,185,2,1
184,682,185,2,1
184,683,185,2,1
184,685,209,3,0
184,687,185,2,1
184,691,209,3,0
184,693,209,3,0
184,696,159,0,3
184,697,185,2,1
184,698,209,3,0
184,699,209,3,0
184,705,185,2,1
184,707,185,2,1
184,709,185,2,1
184,714,159,0,3
184,719,185,2,1
184,720,185,2,1
184,724,209,3,0
185,628,210,3,0
185,629,210,3,0
185,630,210,3,0
185,634,160,0,3
185,637,186,2,1
185,640,184,1,2
185,642,160,0,3
185,643,160,0,3
185,647,160,0,3
185,648,160,0,3
185,652,160,0,3
185,657,210,3,0
185,658,160,0,3
185,660,210,3,0
185,661,210,3,0
185,662,160,0,3
185,663,210,3,0
185,672,210,3,0
185,674,160,0,3
185,677,160,0,3
185,680,160,0,3
185,681,160,0,3
185,682,160,0,3
185,683,160,0,3
185,687,210,3,0
185,691,210,3,0
185,693,210,3,0
185,696,160,0,3
185,697,186,2,1
185,698,210,3,0
185,699,210,3,0
185,705,160,0,3
185,707,210,3,0
185,709,160,0,3
185,716,716,95,0
185,719,160,0,3
185,720,160,0,3
185,724,210,3,0
186,628,185,1,2
186,629,211,3,0
186,630,185,1,2
186,634,161,0,3
186,637,187,2,1
186,642,185,1,2
186,643,161,0,3
186,644,211,3,0
186,646,185,1,2
186,647,161,0,3
186,648,185,1,2
186,651,161,0,3
186,652,161,0,3
186,657,211,3,0
186,658,185,1,2
186,660,211,3,0
186,661,185,1,2
186,662,185,1,2
186,663,211,3,0
186,674,161,0,3
186,677,161,0,3
186,680,185,1,2
186,681,161,0,3
186,682,161,0,3
186,683,161,0,3
186,685,185,1,2
186,687,211,3,0
186,691,185,1,2
186,692,161,0,3
186,693,185,1,2
186,696,185,1,2
186,697,187,2,1
186,698,185,1,2
186,699,185,1,2
186,701,161,0,3
186,705,161,0,3
186,707,211,3,0
186,709,161,0,3
186,714,185,1,2
186,719,161,0,3
186,720,161,0,3
186,724,185,1,2
187,628,186,1,2
187,629,212,3,0
187,630,186,1,2
187,634,162,0,3
187,637,188,2,1
187,642,186,1,2
187,643,162,0,3
187,644,212,3,0
187,647,162,0,3
187,648,186,1,2
187,651,162,0,3
187,652,162,0,3
187,657,212,3,0
187,658,186,1,2
187,660,212,3,0
187,661,186,1,2
187,662,186,1,2
187,663,212,3,0
187,674,162,0,3
187,677,162,0,3
187,680,186,1,2
187,681,162,0,3
187,682,162,0,3
187,683,162,0,3
187,685,186,1,2
187,687,212,3,0
187,691,186,1,2
187,693,186,1,2
187,696,186,1,2
187,697,697,76,0
187,698,186,1,2
187,699,186,1,2
187,705,162,0,3
187,707,212,3,0
187,709,162,0,3
187,714,186,1,2
187,719,162,0,3
187,720,162,0,3
187,724,186,1,2
188,628,187,1,2
188,629,213,3,0
188,630,187,1,2
188,634,163,0,3
188,637,637,16,0
188,642,187,1,2
188,643,163,0,3
188,647,163,0,3
188,648,187,1,2
188,651,163,0,3
188,658,187,1,2
188,660,213,3,0
188,661,187,1,2
188,662,187,1,2
188,663,213,3,0
188,674,163,0,3
188,677,163,0,3
188,680,187,1,2
188,681,163,0,3
188,682,163,0,3
188,683,163,0,3
188,687,213,3,0
188,691,187,1,2
188,693,187,1,2
188,696,187,1,2
188,698,187,1,2
188,699,187,1,2
188,705,163,0,3
188,707,213,3,0
188,709,163,0,3
188,714,187,1,2
188,719,163,0,3
188,720,163,0,3
188,724,187,1,2
189,628,188,1,2
189,630,188,1,2
189,642,188,1,2
189,643,164,0,3
189,647,164,0,3
189,648,188,1,2
189,662,188,1,2
189,677,164,0,3
189,681,164,0,3
189,691,188,1,2
189,693,188,1,2
189,699,188,1,2
189,719,164,0,3
189,724,188,1,2
190,628,189,1,2
190,630,189,1,2
190,642,189,1,2
190,643,165,0,3
190,648,189,1,2
190,662,189,1,2
190,681,165,0,3
190,691,189,1,2
190,693,189,1,2
190,699,189,1,2
190,719,165,0,3
191,670,192,2,1
191,691,190,1,2
192,628,193,2,1
192,630,193,2,1
192,642,193,2,1
192,643,191,1,2
192,648,193,2,1
192,662,193,2,1
192,681,167,0,3
192,691,193,2,1
192,699,193,2,1
193,628,194,2,1
193,630,194,2,1
193,642,194,2,1
193,643,168,0,3
193,647,168,0,3
193,648,194,2,1
193,662,194,2,1
193,681,168,0,3
193,691,194,2,1
193,693,194,2,1
193,699,194,2,1
193,719,168,0,3
194,628,195,2,1
194,629,219,3,0
194,630,195,2,1
194,634,169,0,3
194,642,195,2,1
194,643,169,0,3
194,647,169,0,3
194,648,195,2,1
194,662,195,2,1
194,677,169,0,3
194,680,195,2,1
194,681,169,0,3
194,687,219,3,0
194,691,195,2,1
194,693,195,2,1
194,699,195,2,1
194,714,195,2,1
194,719,169,0,3
194,724,195,2,1
195,628,196,2,1
195,629,220,3,0
195,630,196,2,1
195,634,170,0,3
195,637,194,1,2
195,642,196,2,1
195,643,170,0,3
195,647,170,0,3
195,648,196,2,1
195,651,170,0,3
195,658,196,2,1
195,660,220,3,0
195,661,196,2,1
195,662,196,2,1
195,663,220,3,0
195,674,170,0,3
195,677,170,0,3
195,680,196,2,1
195,681,170,0,3
195,682,170,0,3
195,683,170,0,3
195,687,220,3,0
195,691,196,2,1
195,693,196,2,1
195,696,196,2,1
195,698,196,2,1
195,699,196,2,1
195,705,170,0,3
195,707,220,3,0
195,709,170,0,3
195,714,196,2,1
195,719,170,0,3
195,720,170,0,3
195,724,196,2,1
196,628,197,2,1
196,629,221,3,0
196,630,197,2,1
196,634,171,0,3
196,637,195,1,2
196,642,197,2,1
196,643,171,0,3
196,644,221,3,0
196,647,171,0,3
196,648,197,2,1
196,651,171,0,3
196,652,171,0,3
196,657,221,3,0
196,658,197,2,1
196,660,221,3,0
196,661,197,2,1
196,662,197,2,1
196,663,221,3,0
196,674,171,0,3
196,677,171,0,3
196,680,197,2,1
196,681,171,0,3
196,682,171,0,3
196,683,171,0,3
196,685,197,2,1
196,687,221,3,0
196,691,197,2,1
196,693,197,2,1
196,696,197,2,1
196,697,195,1,2
196,698,197,2,1
196,699,197,2,1
196,705,171,0,3
196,707,221,3,0
196,709,171,0,3
196,714,197,2,1
196,719,171,0,3
196,720,171,0,3
196,724,197,2,1
197,625,172,0,3
197,628,222,3,0
197,629,222,3,0
197,630,222,3,0
197,632,172,0,3
197,633,222,3,0
197,634,172,0,3
197,637,196,1,2
197,638,172,0,3
197,641,172,0,3
197,642,172,0,3
197,643,172,0,3
197,644,222,3,0
197,646,196,1,2
197,647,172,0,3
197,648,172,0,3
197,651,172,0,3
197,652,172,0,3
197,654,222,3,0
197,655,196,1,2
197,656,172,0,3
197,657,222,3,0
197,658,172,0,3
197,659,222,3,0
197,660,222,3,0
197,661,222,3,0
197,662,172,0,3
197,663,222,3,0
197,665,172,0,3
197,667,222,3,0
197,668,172,0,3
197,670,222,3,0
197,671,222,3,0
197,672,222,3,0
197,673,222,3,0
197,674,172,0,3
197,675,222,3,0
197,676,222,3,0
197,677,172,0,3
197,680,172,0,3
197,681,172,0,3
197,682,172,0,3
197,683,172,0,3
197,684,172,0,3
197,687,222,3,0
197,688,172,0,3
197,689,172,0,3
197,690,172,0,3
197,691,222,3,0
197,692,172,0,3
197,693,222,3,0
197,696,172,0,3
197,697,196,1,2
197,698,222,3,0
197,699,222,3,0
197,701,172,0,3
197,703,172,0,3
197,704,222,3,0
197,705,172,0,3
197,707,222,3,0
197,709,172,0,3
197,713,222,3,0
197,718,222,3,0
197,719,172,0,3
197,720,172,0,3
197,724,222,3,0
198,626,197,1,2
198,627,197,1,2
198,628,223,3,0
198,629,197,1,2
198,630,223,3,0
198,631,197,1,2
198,634,197,1,2
198,635,197,1,2
198,636,197,1,2
198,637,197,1,2
198,639,197,1,2
198,640,199,2,1
198,642,173,0,3
198,643,197,1,2
198,644,197,1,2
198,645,197,1,2
198,646,199,2,1
198,647,197,1,2
198,648,173,0,3
198,649,197,1,2
198,650,197,1,2
198,651,197,1,2
198,652,197,1,2
198,653,197,1,2
198,655,199,2,1
198,657,197,1,2
198,658,173,0,3
198,660,197,1,2
198,661,223,3,0
198,662,173,0,3
198,663,197,1,2
198,666,197,1,2
198,669,197,1,2
198,672,223,3,0
198,674,197,1,2
198,677,197,1,2
198,678,197,1,2
198,679,197,1,2
198,680,173,0,3
198,681,197,1,2
198,682,197,1,2
198,683,197,1,2
198,686,197,1,2
198,687,197,1,2
198,691,223,3,0
198,692,197,1,2
198,693,223,3,0
198,695,197,1,2
198,696,173,0,3
198,697,197,1,2
198,698,223,3,0
198,699,223,3,0
198,700,197,1,2
198,701,197,1,2
198,702,197,1,2
198,705,197,1,2
198,707,197,1,2
198,708,197,1,2
198,709,197,1,2
198,710,197,1,2
198,711,197,1,2
198,715,197,1,2
198,717,197,1,2
198,719,197,1,2
198,720,197,1,2
198,722,197,1,2
198,723,197,1,2
198,724,223,3,0
199,628,224,3,0
199,629,198,1,2
199,630,224,3,0
199,634,198,1,2
199,637,198,1,2
199,640,175,2,3
199,642,174,0,3
199,643,198,1,2
199,644,198,1,2
199,647,198,1,2
199,648,174,0,3
199,651,198,1,2
199,652,198,1,2
199,657,198,1,2
199,658,174,0,3
199,660,198,1,2
199,661,224,3,0
199,662,174,0,3
199,663,198,1,2
199,674,198,1,2
199,677,198,1,2
199,680,174,0,3
199,681,198,1,2
199,682,198,1,2
199,683,198,1,2
199,685,224,3,0
199,687,198,1,2
199,691,224,3,0
199,693,224,3,0
199,696,174,0,3
199,697,198,1,2
199,698,224,3,0
199,699,224,3,0
199,705,198,1,2
199,707,198,1,2
199,709,198,1,2
199,714,174,0,3
199,719,198,1,2
199,720,198,1,2
199,724,224,3,0
200,628,225,2,0
200,629,224,3,2
200,630,225,2,0
200,632,225,2,0
200,634,224,3,2
200,637,224,3,2
200,640,175,0,2
200,642,175,0,2
200,643,224,3,2
200,647,224,3,2
200,648,175,0,2
200,651,224,3,2
200,658,175,0,2
200,660,224,3,2
200,661,201,1,1
200,662,175,0,2
200,663,224,3,2
200,674,224,3,2
200,677,224,3,2
200,680,175,0,2
200,681,224,3,2
200,682,224,3,2
200,683,224,3,2
200,687,224,3,2
200,691,201,1,1
200,693,225,2,0
200,696,175,0,2
200,698,225,2,0
200,699,225,2,0
200,705,224,3,2
200,707,224,3,2
200,709,224,3,2
200,714,225,2,0
200,719,224,3,2
200,720,224,3,2
200,724,225,2,0
201,628,226,3,0
201,629,200,1,1
201,630,226,3,0
201,634,200,1,1
201,642,176,0,3
201,643,200,1,1
201,647,200,1,1
201,648,176,0,3
201,662,176,0,3
201,677,200,1,1
201,680,176,0,3
201,681,200,1,1
201,687,200,1,1
201,691,202,2,1
201,693,226,3,0
201,699,226,3,0
201,714,226,3,0
201,719,200,1,1
201,724,226,3,0
202,628,227,3,0
202,630,227,3,0
202,642,177,0,3
202,643,201,1,2
202,647,201,1,2
202,648,177,0,3
202,662,177,0,3
202,681,201,1,2
202,691,203,2,1
202,693,227,3,0
202,699,227,3,0
202,719,201,1,2
203,628,228,3,0
203,630,228,3,0
203,642,178,0,3
203,648,178,0,3
203,662,178,0,3
203,681,202,1,2
203,691,204,2,1
203,699,228,3,0
204,628,229,3,0
204,642,179,0,3
204,643,205,2,1
204,670,203,1,2
204,691,691,70,0
205,628,230,3,0
205,630,230,3,0
205,642,180,0,3
205,643,206,2,1
205,648,180,0,3
205,662,180,0,3
205,681,206,2,1
205,691,204,1,2
205,693,230,3,0
205,699,230,3,0
205,719,206,2,1
206,628,231,3,0
206,630,231,3,0
206,642,181,0,3
206,643,207,2,1
206,647,207,2,1
206,648,181,0,3
206,662,181,0,3
206,677,207,2,1
206,681,207,2,1
206,691,205,1,2
206,693,231,3,0
206,699,231,3,0
206,719,207,2,1
206,724,231,3,0
207,628,232,3,0
207,629,208,2,1
207,630,232,3,0
207,634,208,2,1
207,637,208,2,1
207,640,182,0,3
207,642,182,0,3
207,643,208,2,1
207,647,208,2,1
207,648,182,0,3
207,651,208,2,1
207,658,182,0,3
207,660,208,2,1
207,661,661,40,0
207,662,182,0,3
207,663,208,2,1
207,674,208,2,1
207,677,208,2,1
207,680,182,0,3
207,681,208,2,1
207,682,208,2,1
207,683,208,2,1
207,687,208,2,1
207,691,206,1,2
207,693,232,3,0
207,696,182,0,3
207,698,232,3,0
207,699,232,3,0
207,705,208,2,1
207,707,208,2,1
207,709,208,2,1
207,714,232,3,0
207,719,208,2,1
207,720,208,2,1
207,724,232,3,0
208,628,233,3,0
208,629,209,2,1
208,630,233,3,0
208,632,233,3,0
208,634,209,2,1
208,637,209,2,1
208,640,183,0,3
208,642,183,0,3
208,643,209,2,1
208,644,209,2,1
208,647,209,2,1
208,648,183,0,3
208,651,209,2,1
208,652,209,2,1
208,657,209,2,1
208,658,183,0,3
208,660,209,2,1
208,661,207,1,2
208,662,183,0,3
208,663,209,2,1
208,674,209,2,1
208,677,209,2,1
208,680,183,0,3
208,681,209,2,1
208,682,209,2,1
208,683,209,2,1
208,685,233,3,0
208,687,209,2,1
208,691,207,1,2
208,693,233,3,0
208,696,183,0,3
208,697,209,2,1
208,698,233,3,0
208,699,233,3,0
208,705,209,2,1
208,707,209,2,1
208,709,209,2,1
208,714,233,3,0
208,719,209,2,1
208,720,209,2,1
208,724,233,3,0
209,628,234,3,0
209,629,210,2,1
209,630,234,3,0
209,632,234,3,0
209,634,210,2,1
209,637,210,2,1
209,640,184,0,3
209,642,184,0,3
209,643,210,2,1
209,644,210,2,1
209,647,210,2,1
209,648,184,0,3
209,651,210,2,1
209,652,210,2,1
209,655,210,2,1
209,657,210,2,1
209,658,184,0,3
209,660,210,2,1
209,661,208,1,2
209,662,184,0,3
209,663,210,2,1
209,672,672,51,0
209,674,210,2,1
209,677,210,2,1
209,680,184,0,3
209,681,210,2,1
209,682,210,2,1
209,683,210,2,1
209,685,234,3,0
209,687,210,2,1
209,691,208,1,2
209,693,234,3,0
209,696,184,0,3
209,697,210,2,1
209,698,234,3,0
209,699,234,3,0
209,705,210,2,1
209,707,210,2,1
209,709,210,2,1
209,714,234,3,0
209,719,210,2,1
209,720,210,2,1
209,724,234,3,0
210,628,235,3,0
210,629,235,3,0
210,630,235,3,0
210,632,235,3,0
210,637,185,0,3
210,640,185,0,3
210,642,185,0,3
210,643,185,0,3
210,644,211,2,1
210,647,185,0,3
210,648,185,0,3
210,652,185,0,3
210,657,235,3,0
210,658,185,0,3
210,660,235,3,0
210,661,209,1,2
210,662,185,0,3
210,663,235,3,0
210,672,209,1,2
210,677,185,0,3
210,680,185,0,3
210,681,185,0,3
210,682,185,0,3
210,683,185,0,3
210,685,235,3,0
210,687,235,3,0
210,691,209,1,2
210,693,235,3,0
210,696,185,0,3
210,697,185,0,3
210,698,235,3,0
210,699,235,3,0
210,705,185,0,3
210,707,235,3,0
210,709,185,0,3
210,714,235,3,0
210,716,185,0,3
210,719,185,0,3
210,720,185,0,3
210,724,235,3,0
211,628,210,1,2
211,629,236,3,0
211,630,210,1,2
211,634,236,3,0
211,637,186,0,3
211,642,210,1,2
211,643,186,0,3
211,644,212,2,1
211,646,210,1,2
211,647,186,0,3
211,648,210,1,2
211,651,186,0,3
211,652,186,0,3
211,657,236,3,0
211,658,210,1,2
211,660,236,3,0
211,661,210,1,2
211,662,210,1,2
211,663,236,3,0
211,674,186,0,3
211,677,186,0,3
211,680,210,1,2
211,681,186,0,3
211,682,186,0,3
211,683,186,0,3
211,685,210,1,2
211,687,236,3,0
211,691,210,1,2
211,692,186,0,3
211,693,210,1,2
211,696,210,1,2
211,697,186,0,3
211,698,210,1,2
211,699,210,1,2
211,701,186,0,3
211,705,186,0,3
211,707,236,3,0
211,709,186,0,3
211,714,210,1,2
211,719,186,0,3
211,720,186,0,3
211,724,210,1,2
212,628,211,1,2
212,629,237,3,0
212,630,211,1,2
212,634,237,3,0
212,637,187,0,3
212,642,211,1,2
212,643,187,0,3
212,644,644,23,0
212,647,187,0,3
212,648,211,1,2
212,651,187,0,3
212,652,187,0,3
212,657,237,3,0
212,658,211,1,2
212,660,237,3,0
212,661,211,1,2
212,662,211,1,2
212,663,237,3,0
212,674,187,0,3
212,677,187,0,3
212,680,211,1,2
212,681,187,0,3
212,682,187,0,3
212,683,187,0,3
212,685,211,1,2
212,687,237,3,0
212,691,211,1,2
212,693,211,1,2
212,696,211,1,2
212,697,187,0,3
212,698,211,1,2
212,699,211,1,2
212,705,187,0,3
212,707,237,3,0
212,709,187,0,3
212,714,211,1,2
212,719,187,0,3
212,720,187,0,3
212,724,211,1,2
213,628,212,1,2
213,629,238,3,0
213,630,212,1,2
213,634,238,3,0
213,637,188,0,3
213,642,212,1,2
213,643,188,0,3
213,647,188,0,3
213,648,212,1,2
213,651,188,0,3
213,658,212,1,2
213,660,238,3,0
213,661,212,1,2
213,662,212,1,2
213,663,238,3,0
213,674,188,0,3
213,677,188,0,3
213,680,212,1,2
213,681,188,0,3
213,682,188,0,3
213,683,188,0,3
213,687,238,3,0
213,691,212,1,2
213,693,212,1,2
213,696,212,1,2
213,698,212,1,2
213,699,212,1,2
213,705,188,0,3
213,707,238,3,0
213,709,188,0,3
213,714,212,1,2
213,719,188,0,3
213,720,188,0,3
213,724,212,1,2
214,628,213,1,2
214,630,213,1,2
214,642,213,1,2
214,643,189,0,3
214,647,189,0,3
214,648,213,1,2
214,662,213,1,2
214,677,189,0,3
214,681,189,0,3
214,691,213,1,2
214,693,213,1,2
214,699,213,1,2
214,719,189,0,3
214,724,213,1,2
215,628,214,1,2
215,630,214,1,2
215,642,214,1,2
215,643,190,0,3
215,648,214,1,2
215,662,214,1,2
215,681,190,0,3
215,691,214,1,2
215,693,214,1,2
215,699,214,1,2
215,719,190,0,3
216,670,217,2,1
216,691,215,1,2
217,628,218,2,1
217,630,218,2,1
217,642,218,2,1
217,643,216,1,2
217,648,218,2,1
217,662,218,2,1
217,681,192,0,3
217,691,218,2,1
217,699,218,2,1
218,628,219,2,1
218,630,219,2,1
218,642,219,2,1
218,643,193,0,3
218,647,193,0,3
218,648,219,2,1
218,662,219,2,1
218,681,193,0,3
218,691,219,2,1
218,693,219,2,1
218,699,219,2,1
218,719,193,0,3
219,628,220,2,1
219,629,244,3,0
219,630,220,2,1
219,634,244,3,0
219,642,220,2,1
219,643,194,0,3
219,647,194,0,3
219,648,220,2,1
219,662,220,2,1
219,677,194,0,3
219,680,220,2,1
219,681,194,0,3
219,687,244,3,0
219,691,220,2,1
219,693,220,2,1
219,699,220,2,1
219,714,220,2,1
219,719,194,0,3
219,724,220,2,1
220,628,221,2,1
220,629,245,3,0
220,630,221,2,1
220,634,245,3,0
220,637,195,0,3
220,642,221,2,1
220,643,195,0,3
220,647,195,0,3
220,648,221,2,1
220,651,195,0,3
220,658,221,2,1
220,660,245,3,0
220,661,221,2,1
220,662,221,2,1
220,663,245,3,0
220,674,195,0,3
220,677,195,0,3
220,680,221,2,1
220,681,195,0,3
220,682,195,0,3
220,683,195,0,3
220,687,245,3,0
220,691,221,2,1
220,693,221,2,1
220,696,221,2,1
220,698,221,2,1
220,699,221,2,1
220,705,195,0,3
220,707,245,3,0
220,709,195,0,3
220,714,221,2,1
220,719,195,0,3
220,720,195,0,3
220,724,221,2,1
221,628,222,2,1
221,629,246,3,0
221,630,222,2,1
221,634,246,3,0
221,637,196,0,3
221,642,222,2,1
221,643,196,0,3
221,644,220,1,2
221,647,196,0,3
221,648,222,2,1
221,651,196,0,3
221,652,196,0,3
221,657,246,3,0
221,658,222,2,1
221,660,246,3,0
221,661,222,2,1
221,662,222,2,1
221,663,246,3,0
221,674,196,0,3
221,677,196,0,3
221,680,222,2,1
221,681,196,0,3
221,682,196,0,3
221,683,196,0,3
221,685,222,2,1
221,687,246,3,0
221,691,222,2,1
221,693,222,2,1
221,696,222,2,1
221,697,196,0,3
221,698,222,2,1
221,699,222,2,1
221,705,196,0,3
221,707,246,3,0
221,709,196,0,3
221,714,222,2,1
221,719,196,0,3
221,720,196,0,3
221,724,222,2,1
222,625,197,0,3
222,628,247,3,0
222,629,247,3,0
222,630,247,3,0
222,632,247,3,0
222,633,247,3,0
222,634,247,3,0
222,637,197,0,3
222,638,197,0,3
222,640,197,0,3
222,641,197,0,3
222,642,197,0,3
222,643,197,0,3
222,644,221,1,2
222,646,221,1,2
222,647,197,0,3
222,648,197,0,3
222,651,197,0,3
222,652,197,0,3
222,654,247,3,0
222,655,221,1,2
222,656,197,0,3
222,657,247,3,0
222,658,197,0,3
222,659,247,3,0
222,660,247,3,0
222,661,223,2,1
222,662,197,0,3
222,663,247,3,0
222,665,197,0,3
222,667,247,3,0
222,668,197,0,3
222,670,247,3,0
222,671,247,3,0
222,672,223,2,1
222,673,247,3,0
222,674,197,0,3
222,675,247,3,0
222,676,247,3,0
222,677,197,0,3
222,680,197,0,3
222,681,197,0,3
222,682,197,0,3
222,683,197,0,3
222,684,197,0,3
222,685,247,3,0
222,687,247,3,0
222,688,197,0,3
222,689,197,0,3
222,690,197,0,3
222,691,223,2,1
222,692,197,0,3
222,693,247,3,0
222,694,197,0,3
222,696,197,0,3
222,697,197,0,3
222,698,247,3,0
222,699,247,3,0
222,701,197,0,3
222,703,197,0,3
222,704,247,3,0
222,705,197,0,3
222,707,247,3,0
222,709,197,0,3
222,713,247,3,0
222,714,247,3,0
222,718,247,3,0
222,719,197,0,3
222,720,197,0,3
222,724,247,3,0
223,626,222,1,2
223,627,222,1,2
223,628,248,3,0
223,629,222,1,2
223,630,248,3,0
223,631,222,1,2
223,632,248,3,0
223,634,222,1,2
223,635,222,1,2
223,636,222,1,2
223,637,222,1,2
223,639,222,1,2
223,640,198,0,3
223,642,198,0,3
223,643,222,1,2
223,644,222,1,2
223,645,222,1,2
223,646,224,2,1
223,647,222,1,2
223,648,198,0,3
223,649,222,1,2
223,650,222,1,2
223,651,222,1,2
223,652,222,1,2
223,653,222,1,2
223,655,224,2,1
223,657,222,1,2
223,658,198,0,3
223,660,222,1,2
223,661,224,2,1
223,662,198,0,3
223,663,222,1,2
223,666,222,1,2
223,669,222,1,2
223,674,222,1,2
223,677,222,1,2
223,678,222,1,2
223,679,222,1,2
223,680,198,0,3
223,681,222,1,2
223,682,222,1,2
223,683,222,1,2
223,685,248,3,0
223,686,222,1,2
223,687,222,1,2
223,691,224,2,1
223,692,222,1,2
223,693,248,3,0
223,695,222,1,2
223,696,198,0,3
223,697,222,1,2
223,698,248,3,0
223,699,248,3,0
223,700,222,1,2
223,701,222,1,2
223,702,222,1,2
223,705,222,1,2
223,707,222,1,2
223,708,222,1,2
223,709,222,1,2
223,710,222,1,2
223,711,222,1,2
223,714,248,3,0
223,715,222,1,2
223,717,222,1,2
223,719,222,1,2
223,720,222,1,2
223,722,222,1,2
223,723,222,1,2
223,724,248,3,0
224,628,249,3,0
224,629,223,1,2
224,630,249,3,0
224,632,249,3,0
224,634,223,1,2
224,637,223,1,2
224,640,199,0,3
224,642,199,0,3
224,643,223,1,2
224,644,223,1,2
224,647,223,1,2
224,648,199,0,3
224,651,223,1,2
224,652,223,1,2
224,657,223,1,2
224,658,199,0,3
224,660,223,1,2
224,661,200,2,3
224,662,199,0,3
224,663,223,1,2
224,674,223,1,2
224,677,223,1,2
224,680,199,0,3
224,681,223,1,2
224,682,223,1,2
224,683,223,1,2
224,685,249,3,0
224,687,223,1,2
224,691,200,2,3
224,693,249,3,0
224,696,199,0,3
224,697,223,1,2
224,698,249,3,0
224,699,249,3,0
224,705,223,1,2
224,707,223,1,2
224,709,223,1,2
224,714,249,3,0
224,719,223,1,2
224,720,223,1,2
224,724,249,3,0
225,628,250,2,0
225,629,249,3,2
225,630,226,1,1
225,634,249,3,2
225,637,249,3,2
225,642,200,0,2
225,643,249,3,2
225,647,249,3,2
225,648,200,0,2
225,651,249,3,2
225,658,200,0,2
225,660,249,3,2
225,661,200,0,2
225,662,200,0,2
225,663,249,3,2
225,674,249,3,2
225,677,249,3,2
225,680,200,0,2
225,681,249,3,2
225,682,249,3,2
225,683,249,3,2
225,687,249,3,2
225,691,200,0,2
225,693,250,2,0
225,696,200,0,2
225,698,250,2,0
225,699,250,2,0
225,705,249,3,2
225,707,249,3,2
225,709,249,3,2
225,714,250,2,0
225,719,249,3,2
225,720,249,3,2
225,724,250,2,0
226,628,251,3,0
226,629,225,1,1
226,630,227,2,1
226,634,225,1,1
226,642,201,0,3
226,643,225,1,1
226,647,225,1,1
226,648,201,0,3
226,662,201,0,3
226,677,225,1,1
226,680,201,0,3
226,681,225,1,1
226,687,225,1,1
226,691,201,0,3
226,693,251,3,0
226,699,251,3,0
226,714,251,3,0
226,719,225,1,1
226,724,251,3,0
227,628,252,3,0
227,630,228,2,1
227,642,202,0,3
227,643,226,1,2
227,647,226,1,2
227,648,202,0,3
227,662,202,0,3
227,681,226,1,2
227,691,202,0,3
227,693,252,3,0
227,699,252,3,0
227,719,226,1,2
228,628,253,3,0
228,630,630,9,0
228,642,203,0,3
228,643,229,2,1
228,648,203,0,3
228,662,203,0,3
228,681,227,1,2
228,691,203,0,3
228,699,253,3,0
229,628,254,3,0
229,642,204,0,3
229,643,230,2,1
229,670,228,1,2
229,691,204,0,3
230,628,255,3,0
230,630,229,1,2
230,642,205,0,3
230,643,231,2,1
230,648,205,0,3
230,662,205,0,3
230,681,231,2,1
230,691,205,0,3
230,693,255,3,0
230,699,255,3,0
230,719,231,2,1
231,628,256,3,0
231,630,230,1,2
231,642,206,0,3
231,643,232,2,1
231,647,232,2,1
231,648,206,0,3
231,662,206,0,3
231,677,232,2,1
231,681,232,2,1
231,691,206,0,3
231,693,256,3,0
231,699,256,3,0
231,719,232,2,1
231,724,256,3,0
232,628,257,3,0
232,629,233,2,1
232,630,231,1,2
232,634,233,2,1
232,637,233,2,1
232,642,207,0,3
232,643,233,2,1
232,647,233,2,1
232,648,207,0,3
232,651,233,2,1
232,658,207,0,3
232,660,233,2,1
232,661,207,0,3
232,662,207,0,3
232,663,233,2,1
232,674,233,2,1
232,677,233,2,1
232,680,207,0,3
232,681,233,2,1
232,682,233,2,1
232,683,233,2,1
232,687,233,2,1
232,691,207,0,3
232,693,257,3,0
232,696,207,0,3
232,698,257,3,0
232,699,257,3,0
232,705,233,2,1
232,707,233,2,1
232,709,233,2,1
232,714,257,3,0
232,719,233,2,1
232,720,233,2,1
232,724,257,3,0
233,628,258,3,0
233,629,234,2,1
233,630,232,1,2
233,634,234,2,1
233,637,234,2,1
233,642,208,0,3
233,643,234,2,1
233,644,234,2,1
233,647,234,2,1
233,648,208,0,3
233,651,234,2,1
233,652,234,2,1
233,657,234,2,1
233,658,208,0,3
233,660,234,2,1
233,661,208,0,3
233,662,208,0,3
233,663,234,2,1
233,674,234,2,1
233,677,234,2,1
233,680,208,0,3
233,681,234,2,1
233,682,234,2,1
233,683,234,2,1
233,685,258,3,0
233,687,234,2,1
233,691,208,0,3
233,693,258,3,0
233,696,208,0,3
233,697,234,2,1
233,698,258,3,0
233,699,258,3,0
233,705,234,2,1
233,707,234,2,1
233,709,234,2,1
233,714,258,3,0
233,719,234,2,1
233,720,234,2,1
233,724,258,3,0
234,628,259,3,0
234,629,235,2,1
234,630,233,1,2
234,634,235,2,1
234,637,235,2,1
234,642,209,0,3
234,643,235,2,1
234,644,235,2,1
234,647,235,2,1
234,648,209,0,3
234,651,235,2,1
234,652,235,2,1
234,655,235,2,1
234,657,235,2,1
234,658,209,0,3
234,660,235,2,1
234,661,209,0,3
234,662,209,0,3
234,663,235,2,1
234,672,209,0,3
234,674,235,2,1
234,677,235,2,1
234,680,209,0,3
234,681,235,2,1
234,682,235,2,1
234,683,235,2,1
234,685,259,3,0
234,687,235,2,1
234,691,209,0,3
234,693,259,3,0
234,696,209,0,3
234,697,235,2,1
234,698,259,3,0
234,699,259,3,0
234,705,235,2,1
234,707,235,2,1
234,709,235,2,1
234,714,259,3,0
234,719,235,2,1
234,720,235,2,1
234,724,259,3,0
235,628,260,3,0
235,629,260,3,0
235,630,234,1,2
235,637,210,0,3
235,642,210,0,3
235,643,260,3,0
235,644,210,0,3
235,648,210,0,3
235,652,210,0,3
235,657,260,3,0
235,658,210,0,3
235,660,260,3,0
235,662,210,0,3
235,663,260,3,0
235,677,210,0,3
235,680,210,0,3
235,681,210,0,3
235,682,210,0,3
235,683,210,0,3
235,685,260,3,0
235,687,260,3,0
235,691,210,0,3
235,693,260,3,0
235,696,210,0,3
235,697,210,0,3
235,698,260,3,0
235,699,260,3,0
235,707,260,3,0
235,709,210,0,3
235,714,260,3,0
235,719,210,0,3
235,720,210,0,3
235,724,260,3,0
236,628,235,1,2
236,629,261,3,0
236,630,235,1,2
236,634,261,3,0
236,637,211,0,3
236,642,235,1,2
236,643,261,3,0
236,644,211,0,3
236,646,235,1,2
236,647,261,3,0
236,648,235,1,2
236,651,211,0,3
236,652,211,0,3
236,657,261,3,0
236,658,235,1,2
236,660,261,3,0
236,661,235,1,2
236,662,235,1,2
236,663,261,3,0
236,674,211,0,3
236,677,211,0,3
236,680,235,1,2
236,681,211,0,3
236,682,211,0,3
236,683,211,0,3
236,685,235,1,2
236,687,261,3,0
236,691,235,1,2
236,692,211,0,3
236,693,235,1,2
236,696,235,1,2
236,697,211,0,3
236,698,235,1,2
236,699,235,1,2
236,701,211,0,3
236,705,211,0,3
236,707,261,3,0
236,709,211,0,3
236,714,235,1,2
236,719,211,0,3
236,720,211,0,3
236,724,235,1,2
237,628,236,1,2
237,629,262,3,0
237,630,236,1,2
237,634,262,3,0
237,637,212,0,3
237,642,236,1,2
237,643,262,3,0
237,644,212,0,3
237,647,262,3,0
237,648,236,1,2
237,651,212,0,3
237,652,212,0,3
237,657,262,3,0
237,658,236,1,2
237,660,262,3,0
237,661,236,1,2
237,662,236,1,2
237,663,262,3,0
237,674,212,0,3
237,677,212,0,3
237,680,236,1,2
237,681,212,0,3
237,682,212,0,3
237,683,212,0,3
237,685,236,1,2
237,687,262,3,0
237,691,236,1,2
237,693,236,1,2
237,696,236,1,2
237,697,212,0,3
237,698,236,1,2
237,699,236,1,2
237,705,212,0,3
237,707,262,3,0
237,709,212,0,3
237,714,236,1,2
237,719,212,0,3
237,720,212,0,3
237,724,236,1,2
238,628,237,1,2
238,629,263,3,0
238,630,237,1,2
238,634,263,3,0
238,637,213,0,3
238,642,237,1,2
238,643,263,3,0
238,647,263,3,0
238,648,237,1,2
238,651,213,0,3
238,658,237,1,2
238,660,263,3,0
238,661,237,1,2
238,662,237,1,2
238,663,263,3,0
238,674,213,0,3
238,677,213,0,3
238,680,237,1,2
238,681,213,0,3
238,682,213,0,3
238,683,213,0,3
238,687,263,3,0
238,691,237,1,2
238,693,237,1,2
238,696,237,1,2
238,698,237,1,2
238,699,237,1,2
238,705,213,0,3
238,707,263,3,0
238,709,213,0,3
238,714,237,1,2
238,719,213,0,3
238,720,213,0,3
238,724,237,1,2
239,628,238,1,2
239,630,238,1,2
239,642,238,1,2
239,643,264,3,0
239,647,264,3,0
239,648,238,1,2
239,662,238,1,2
239,677,214,0,3
239,681,214,0,3
239,691,238,1,2
239,693,238,1,2
239,699,238,1,2
239,719,214,0,3
239,724,238,1,2
240,628,239,1,2
240,630,239,1,2
240,642,239,1,2
240,643,265,3,0
240,648,239,1,2
240,662,239,1,2
240,681,215,0,3
240,691,239,1,2
240,693,239,1,2
240,699,239,1,2
240,719,215,0,3
241,670,242,2,1
241,691,240,1,2
242,628,243,2,1
242,630,243,2,1
242,642,243,2,1
242,643,241,1,2
242,648,243,2,1
242,662,243,2,1
242,681,217,0,3
242,691,243,2,1
242,699,243,2,1
243,628,244,2,1
243,630,244,2,1
243,642,244,2,1
243,643,268,3,0
243,647,268,3,0
243,648,244,2,1
243,662,244,2,1
243,681,218,0,3
243,691,244,2,1
243,693,244,2,1
243,699,244,2,1
243,719,218,0,3
244,628,245,2,1
244,629,269,3,0
244,630,245,2,1
244,634,269,3,0
244,642,245,2,1
244,643,269,3,0
244,647,269,3,0
244,648,245,2,1
244,662,245,2,1
244,677,219,0,3
244,680,245,2,1
244,681,219,0,3
244,687,269,3,0
244,691,245,2,1
244,693,245,2,1
244,699,245,2,1
244,714,245,2,1
244,719,219,0,3
244,724,245,2,1
245,628,246,2,1
245,629,270,3,0
245,630,246,2,1
245,634,270,3,0
245,637,220,0,3
245,642,246,2,1
245,643,270,3,0
245,647,270,3,0
245,648,246,2,1
245,651,220,0,3
245,658,246,2,1
245,660,270,3,0
245,661,246,2,1
245,662,246,2,1
245,663,270,3,0
245,674,220,0,3
245,677,220,0,3
245,680,246,2,1
245,681,220,0,3
245,682,220,0,3
245,683,220,0,3
245,687,270,3,0
245,691,246,2,1
245,693,246,2,1
245,696,246,2,1
245,698,246,2,1
245,699,246,2,1
245,705,220,0,3
245,707,270,3,0
245,709,220,0,3
245,714,246,2,1
245,719,220,0,3
245,720,220,0,3
245,724,246,2,1
246,628,247,2,1
246,629,271,3,0
246,630,247,2,1
246,634,271,3,0
246,637,221,0,3
246,642,247,2,1
246,643,271,3,0
246,644,221,0,3
246,647,271,3,0
246,648,247,2,1
246,651,221,0,3
246,652,221,0,3
246,657,271,3,0
246,658,247,2,1
246,660,271,3,0
246,661,247,2,1
246,662,247,2,1
246,663,271,3,0
246,674,221,0,3
246,677,221,0,3
246,680,247,2,1
246,681,221,0,3
246,682,221,0,3
246,683,221,0,3
246,685,247,2,1
246,687,271,3,0
246,691,247,2,1
246,693,247,2,1
246,696,247,2,1
246,697,221,0,3
246,698,247,2,1
246,699,247,2,1
246,705,221,0,3
246,707,271,3,0
246,709,221,0,3
246,714,247,2,1
246,719,221,0,3
246,720,221,0,3
246,724,247,2,1
247,625,222,0,3
247,628,272,3,0
247,629,272,3,0
247,630,248,2,1
247,632,272,3,0
247,633,272,3,0
247,634,272,3,0
247,637,222,0,3
247,638,272,3,0
247,640,222,0,3
247,641,222,0,3
247,642,222,0,3
247,643,272,3,0
247,644,222,0,3
247,646,246,1,2
247,647,272,3,0
247,648,222,0,3
247,651,222,0,3
247,652,222,0,3
247,654,272,3,0
247,655,246,1,2
247,656,222,0,3
247,657,272,3,0
247,658,222,0,3
247,659,272,3,0
247,660,272,3,0
247,662,222,0,3
247,663,272,3,0
247,665,222,0,3
247,668,222,0,3
247,670,272,3,0
247,671,272,3,0
247,672,222,0,3
247,673,272,3,0
247,674,222,0,3
247,675,272,3,0
247,676,272,3,0
247,677,222,0,3
247,680,222,0,3
247,681,222,0,3
247,682,222,0,3
247,683,222,0,3
247,684,222,0,3
247,685,272,3,0
247,687,272,3,0
247,688,222,0,3
247,689,222,0,3
247,690,222,0,3
247,691,222,0,3
247,692,222,0,3
247,693,272,3,0
247,694,222,0,3
247,696,222,0,3
247,697,222,0,3
247,698,272,3,0
247,699,272,3,0
247,701,222,0,3
247,703,222,0,3
247,704,272,3,0
247,705,222,0,3
247,707,272,3,0
247,709,222,0,3
247,713,272,3,0
247,714,272,3,0
247,718,272,3,0
247,719,222,0,3
247,720,222,0,3
247,724,272,3,0
248,626,247,1,2
248,627,247,1,2
248,628,273,3,0
248,629,247,1,2
248,630,249,2,1
248,631,247,1,2
248,634,247,1,2
248,635,247,1,2
248,636,247,1,2
248,637,247,1,2
248,639,247,1,2
248,642,223,0,3
248,643,247,1,2
248,644,247,1,2
248,645,247,1,2
248,646,249,2,1
248,647,247,1,2
248,648,223,0,3
248,649,247,1,2
248,650,247,1,2
248,651,247,1,2
248,652,247,1,2
248,653,247,1,2
248,655,249,2,1
248,657,247,1,2
248,658,223,0,3
248,660,247,1,2
248,662,223,0,3
248,663,247,1,2
248,666,247,1,2
248,669,247,1,2
248,672,223,0,3
248,674,247,1,2
248,677,247,1,2
248,678,247,1,2
248,679,247,1,2
248,680,223,0,3
248,681,247,1,2
248,682,247,1,2
248,683,247,1,2
248,685,273,3,0
248,686,247,1,2
248,687,247,1,2
248,691,223,0,3
248,692,247,1,2
248,693,273,3,0
248,695,247,1,2
248,696,223,0,3
248,697,247,1,2
248,698,273,3,0
248,699,273,3,0
248,700,247,1,2
248,701,247,1,2
248,702,247,1,2
248,705,247,1,2
248,707,247,1,2
248,708,247,1,2
248,709,247,1,2
248,710,247,1,2
248,711,247,1,2
248,714,273,3,0
248,715,247,1,2
248,717,247,1,2
248,719,247,1,2
248,720,247,1,2
248,722,247,1,2
248,723,247,1,2
248,724,273,3,0
249,628,274,3,0
249,629,248,1,2
249,630,225,2,3
249,634,248,1,2
249,637,248,1,2
249,642,224,0,3
249,643,248,1,2
249,644,248,1,2
249,647,248,1,2
249,648,224,0,3
249,651,248,1,2
249,652,248,1,2
249,657,248,1,2
249,658,224,0,3
249,660,248,1,2
249,661,224,0,3
249,662,224,0,3
249,663,248,1,2
249,674,248,1,2
249,677,248,1,2
249,680,224,0,3
249,681,248,1,2
249,682,248,1,2
249,683,248,1,2
249,685,274,3,0
249,687,248,1,2
249,691,224,0,3
249,693,274,3,0
249,696,224,0,3
249,697,248,1,2
249,698,274,3,0
249,699,274,3,0
249,705,248,1,2
249,707,248,1,2
249,709,248,1,2
249,714,274,3,0
249,719,248,1,2
249,720,248,1,2
249,724,274,3,0
250,628,275,2,0
250,629,274,3,2
250,630,225,0,2
250,634,274,3,2
250,637,274,3,2
250,642,225,0,2
250,643,274,3,2
250,647,274,3,2
250,648,225,0,2
250,651,274,3,2
250,658,275,2,0
250,660,274,3,2
250,661,225,0,2
250,662,225,0,2
250,663,274,3,2
250,674,274,3,2
250,677,274,3,2
250,680,225,0,2
250,681,274,3,2
250,682,274,3,2
250,683,274,3,2
250,687,274,3,2
250,691,225,0,2
250,693,275,2,0
250,696,225,0,2
250,698,275,2,0
250,699,275,2,0
250,705,274,3,2
250,707,274,3,2
250,709,274,3,2
250,714,275,2,0
250,719,274,3,2
250,720,274,3,2
250,724,275,2,0
251,628,276,3,0
251,629,250,1,1
251,630,226,0,3
251,634,250,1,1
251,642,226,0,3
251,643,250,1,1
251,647,250,1,1
251,648,226,0,3
251,662,226,0,3
251,677,250,1,1
251,680,226,0,3
251,681,250,1,1
251,687,250,1,1
251,691,226,0,3
251,693,276,3,0
251,699,276,3,0
251,714,276,3,0
251,719,250,1,1
251,724,276,3,0
252,628,277,3,0
252,630,227,0,3
252,642,227,0,3
252,643,251,1,2
252,647,251,1,2
252,648,227,0,3
252,662,227,0,3
252,681,251,1,2
252,691,227,0,3
252,693,277,3,0
252,699,277,3,0
252,719,251,1,2
253,628,278,3,0
253,630,228,0,3
253,642,228,0,3
253,643,254,2,1
253,648,228,0,3
253,662,228,0,3
253,670,670,49,0
253,681,252,1,2
253,691,228,0,3
253,699,278,3,0
254,628,279,3,0
254,642,229,0,3
254,643,255,2,1
254,670,253,1,2
254,691,229,0,3
255,628,280,3,0
255,630,230,0,3
255,642,230,0,3
255,643,256,2,1
255,648,230,0,3
255,662,230,0,3
255,681,256,2,1
255,691,230,0,3
255,693,280,3,0
255,699,280,3,0
255,719,256,2,1
256,628,281,3,0
256,630,231,0,3
256,642,231,0,3
256,643,257,2,1
256,647,257,2,1
256,648,231,0,3
256,662,231,0,3
256,677,257,2,1
256,681,257,2,1
256,691,231,0,3
256,693,281,3,0
256,699,281,3,0
256,719,257,2,1
256,724,281,3,0
257,628,282,3,0
257,629,258,2,1
257,630,232,0,3
257,634,258,2,1
257,637,258,2,1
257,642,232,0,3
257,643,258,2,1
257,647,258,2,1
257,648,232,0,3
257,651,258,2,1
257,658,282,3,0
257,660,258,2,1
257,661,232,0,3
257,662,232,0,3
257,663,258,2,1
257,674,258,2,1
257,677,258,2,1
257,680,232,0,3
257,681,258,2,1
257,682,258,2,1
257,683,258,2,1
257,687,258,2,1
257,691,232,0,3
257,693,282,3,0
257,696,232,0,3
257,698,282,3,0
257,699,282,3,0
257,705,258,2,1
257,707,258,2,1
257,709,258,2,1
257,714,282,3,0
257,719,258,2,1
257,720,258,2,1
257,724,282,3,0
258,628,283,3,0
258,629,259,2,1
258,630,233,0,3
258,634,259,2,1
258,637,259,2,1
258,642,233,0,3
258,643,259,2,1
258,644,259,2,1
258,647,259,2,1
258,648,233,0,3
258,651,259,2,1
258,652,259,2,1
258,657,259,2,1
258,658,283,3,0
258,660,259,2,1
258,661,233,0,3
258,662,233,0,3
258,663,259,2,1
258,674,259,2,1
258,677,259,2,1
258,680,233,0,3
258,681,259,2,1
258,682,259,2,1
258,683,259,2,1
258,685,283,3,0
258,687,259,2,1
258,691,233,0,3
258,693,283,3,0
258,696,233,0,3
258,697,259,2,1
258,698,283,3,0
258,699,283,3,0
258,705,259,2,1
258,707,259,2,1
258,709,259,2,1
258,714,283,3,0
258,719,259,2,1
258,720,259,2,1
258,724,283,3,0
259,628,284,3,0
259,629,260,2,1
259,630,234,0,3
259,634,260,2,1
259,637,260,2,1
259,642,234,0,3
259,643,260,2,1
259,644,260,2,1
259,647,260,2,1
259,648,234,0,3
259,651,260,2,1
259,652,260,2,1
259,655,260,2,1
259,657,260,2,1
259,658,284,3,0
259,660,260,2,1
259,661,234,0,3
259,662,234,0,3
259,663,260,2,1
259,672,234,0,3
259,674,260,2,1
259,677,260,2,1
259,680,234,0,3
259,681,260,2,1
259,682,260,2,1
259,683,260,2,1
259,685,284,3,0
259,687,260,2,1
259,691,234,0,3
259,693,284,3,0
259,696,234,0,3
259,697,260,2,1
259,698,284,3,0
259,699,284,3,0
259,705,260,2,1
259,707,260,2,1
259,709,260,2,1
259,714,284,3,0
259,719,260,2,1
259,720,260,2,1
259,724,284,3,0
260,628,285,3,0
260,629,285,3,0
260,630,235,0,3
260,637,235,0,3
260,642,235,0,3
260,643,285,3,0
260,644,235,0,3
260,648,235,0,3
260,651,285,3,0
260,652,235,0,3
260,657,285,3,0
260,660,285,3,0
260,662,235,0,3
260,663,285,3,0
260,677,235,0,3
260,680,235,0,3
260,683,235,0,3
260,685,285,3,0
260,687,285,3,0
260,691,235,0,3
260,693,285,3,0
260,696,235,0,3
260,697,235,0,3
260,698,285,3,0
260,699,285,3,0
260,707,285,3,0
260,709,235,0,3
260,714,285,3,0
260,719,235,0,3
260,720,235,0,3
260,724,285,3,0
261,628,260,1,2
261,629,286,3,0
261,630,260,1,2
261,634,286,3,0
261,637,236,0,3
261,642,260,1,2
261,643,286,3,0
261,644,236,0,3
261,646,260,1,2
261,647,286,3,0
261,648,260,1,2
261,651,286,3,0
261,652,236,0,3
261,657,286,3,0
261,658,260,1,2
261,660,286,3,0
261,661,260,1,2
261,662,260,1,2
261,663,286,3,0
261,674,236,0,3
261,677,236,0,3
261,680,260,1,2
261,681,286,3,0
261,682,236,0,3
261,683,236,0,3
261,685,260,1,2
261,687,286,3,0
261,691,260,1,2
261,692,236,0,3
261,693,260,1,2
261,696,260,1,2
261,697,236,0,3
261,698,260,1,2
261,699,260,1,2
261,701,236,0,3
261,705,236,0,3
261,707,286,3,0
261,709,236,0,3
261,714,260,1,2
261,719,236,0,3
261,720,236,0,3
261,724,260,1,2
262,628,261,1,2
262,629,287,3,0
262,630,261,1,2
262,634,287,3,0
262,637,237,0,3
262,642,261,1,2
262,643,287,3,0
262,644,237,0,3
262,647,287,3,0
262,648,261,1,2
262,651,287,3,0
262,652,237,0,3
262,657,287,3,0
262,658,261,1,2
262,660,287,3,0
262,661,261,1,2
262,662,261,1,2
262,663,287,3,0
262,674,237,0,3
262,677,237,0,3
262,680,261,1,2
262,681,287,3,0
262,682,237,0,3
262,683,237,0,3
262,685,261,1,2
262,687,287,3,0
262,691,261,1,2
262,693,261,1,2
262,696,261,1,2
262,697,237,0,3
262,698,261,1,2
262,699,261,1,2
262,705,237,0,3
262,707,287,3,0
262,709,237,0,3
262,714,261,1,2
262,719,237,0,3
262,720,237,0,3
262,724,261,1,2
263,628,262,1,2
263,629,288,3,0
263,630,262,1,2
263,634,288,3,0
263,637,238,0,3
263,642,262,1,2
263,643,288,3,0
263,647,288,3,0
263,648,262,1,2
263,651,288,3,0
263,658,262,1,2
263,660,288,3,0
263,661,262,1,2
263,662,262,1,2
263,663,288,3,0
263,674,238,0,3
263,677,238,0,3
263,680,262,1,2
263,681,288,3,0
263,682,238,0,3
263,683,238,0,3
263,687,288,3,0
263,691,262,1,2
263,693,262,1,2
263,696,262,1,2
263,698,262,1,2
263,699,262,1,2
263,705,238,0,3
263,707,288,3,0
263,709,238,0,3
263,714,262,1,2
263,719,238,0,3
263,720,238,0,3
263,724,262,1,2
264,628,263,1,2
264,630,263,1,2
264,642,263,1,2
264,643,289,3,0
264,647,289,3,0
264,648,263,1,2
264,662,263,1,2
264,677,239,0,3
264,681,289,3,0
264,691,263,1,2
264,693,263,1,2
264,699,263,1,2
264,719,239,0,3
264,724,263,1,2
265,628,264,1,2
265,630,264,1,2
265,642,264,1,2
265,643,290,3,0
265,648,264,1,2
265,662,264,1,2
265,681,290,3,0
265,691,264,1,2
265,693,264,1,2
265,699,264,1,2
265,719,240,0,3
266,670,267,2,1
266,691,265,1,2
267,628,268,2,1
267,630,268,2,1
267,642,268,2,1
267,643,266,1,2
267,648,268,2,1
267,662,268,2,1
267,681,292,3,0
267,691,268,2,1
267,699,268,2,1
268,628,269,2,1
268,630,269,2,1
268,642,269,2,1
268,643,293,3,0
268,647,293,3,0
268,648,269,2,1
268,662,269,2,1
268,681,293,3,0
268,691,269,2,1
268,693,269,2,1
268,699,269,2,1
268,719,243,0,3
269,628,270,2,1
269,629,294,3,0
269,630,270,2,1
269,634,294,3,0
269,642,270,2,1
269,643,294,3,0
269,647,294,3,0
269,648,270,2,1
269,662,270,2,1
269,677,244,0,3
269,680,270,2,1
269,681,294,3,0
269,687,294,3,0
269,691,270,2,1
269,693,270,2,1
269,699,270,2,1
269,714,270,2,1
269,719,244,0,3
269,724,270,2,1
270,628,271,2,1
270,629,295,3,0
270,630,271,2,1
270,634,295,3,0
270,637,245,0,3
270,642,271,2,1
270,643,295,3,0
270,647,295,3,0
270,648,271,2,1
270,651,295,3,0
270,658,271,2,1
270,660,295,3,0
270,661,271,2,1
270,662,271,2,1
270,663,295,3,0
270,674,245,0,3
270,677,245,0,3
270,680,271,2,1
270,681,295,3,0
270,682,245,0,3
270,683,245,0,3
270,687,295,3,0
270,691,271,2,1
270,693,271,2,1
270,696,271,2,1
270,698,271,2,1
270,699,271,2,1
270,705,245,0,3
270,707,295,3,0
270,709,245,0,3
270,714,271,2,1
270,719,245,0,3
270,720,245,0,3
270,724,271,2,1
271,628,272,2,1
271,629,296,3,0
271,630,272,2,1
271,634,296,3,0
271,637,246,0,3
271,642,272,2,1
271,643,296,3,0
271,644,246,0,3
271,647,296,3,0
271,648,272,2,1
271,651,296,3,0
271,652,246,0,3
271,657,296,3,0
271,658,272,2,1
271,660,296,3,0
271,661,272,2,1
271,662,272,2,1
271,663,296,3,0
271,674,246,0,3
271,677,246,0,3
271,680,272,2,1
271,681,296,3,0
271,682,246,0,3
271,683,246,0,3
271,685,272,2,1
271,687,296,3,0
271,691,272,2,1
271,693,272,2,1
271,696,272,2,1
271,697,246,0,3
271,698,272,2,1
271,699,272,2,1
271,705,246,0,3
271,707,296,3,0
271,709,246,0,3
271,714,272,2,1
271,719,246,0,3
271,720,246,0,3
271,724,272,2,1
272,625,247,0,3
272,628,297,3,0
272,629,297,3,0
272,630,247,0,3
272,632,297,3,0
272,633,297,3,0
272,634,297,3,0
272,637,247,0,3
272,638,297,3,0
272,640,247,0,3
272,641,247,0,3
272,642,247,0,3
272,643,297,3,0
272,644,247,0,3
272,646,271,1,2
272,647,297,3,0
272,648,247,0,3
272,651,297,3,0
272,652,247,0,3
272,654,297,3,0
272,655,271,1,2
272,656,247,0,3
272,657,297,3,0
272,659,297,3,0
272,660,297,3,0
272,662,247,0,3
272,663,297,3,0
272,665,247,0,3
272,667,247,0,3
272,668,247,0,3
272,672,247,0,3
272,674,247,0,3
272,675,297,3,0
272,676,297,3,0
272,677,247,0,3
272,680,247,0,3
272,681,297,3,0
272,682,247,0,3
272,683,247,0,3
272,684,247,0,3
272,685,297,3,0
272,687,297,3,0
272,688,247,0,3
272,689,247,0,3
272,690,247,0,3
272,691,247,0,3
272,692,247,0,3
272,693,297,3,0
272,694,247,0,3
272,696,247,0,3
272,697,247,0,3
272,698,297,3,0
272,699,297,3,0
272,701,247,0,3
272,703,247,0,3
272,704,297,3,0
272,705,247,0,3
272,707,297,3,0
272,709,247,0,3
272,713,297,3,0
272,714,297,3,0
272,718,297,3,0
272,719,247,0,3
272,720,247,0,3
272,724,297,3,0
273,626,272,1,2
273,627,272,1,2
273,628,298,3,0
273,629,272,1,2
273,630,248,0,3
273,631,272,1,2
273,634,272,1,2
273,635,272,1,2
273,636,272,1,2
273,637,272,1,2
273,639,272,1,2
273,642,248,0,3
273,643,272,1,2
273,644,272,1,2
273,645,272,1,2
273,646,274,2,1
273,647,272,1,2
273,648,248,0,3
273,649,272,1,2
273,650,272,1,2
273,651,272,1,2
273,652,272,1,2
273,653,272,1,2
273,655,274,2,1
273,657,272,1,2
273,660,272,1,2
273,662,248,0,3
273,663,272,1,2
273,666,272,1,2
273,669,272,1,2
273,672,248,0,3
273,674,272,1,2
273,677,272,1,2
273,678,272,1,2
273,679,272,1,2
273,680,248,0,3
273,681,272,1,2
273,682,272,1,2
273,683,272,1,2
273,685,298,3,0
273,686,272,1,2
273,687,272,1,2
273,691,248,0,3
273,692,272,1,2
273,693,298,3,0
273,695,272,1,2
273,696,248,0,3
273,697,272,1,2
273,698,298,3,0
273,699,298,3,0
273,700,272,1,2
273,701,272,1,2
273,702,272,1,2
273,705,272,1,2
273,707,272,1,2
273,708,272,1,2
273,709,272,1,2
273,710,272,1,2
273,711,272,1,2
273,714,298,3,0
273,715,272,1,2
273,717,272,1,2
273,719,272,1,2
273,720,272,1,2
273,722,272,1,2
273,723,272,1,2
273,724,298,3,0
274,628,299,3,0
274,629,273,1,2
274,630,249,0,3
274,634,273,1,2
274,637,273,1,2
274,642,249,0,3
274,643,273,1,2
274,644,273,1,2
274,647,273,1,2
274,648,249,0,3
274,651,273,1,2
274,652,273,1,2
274,657,273,1,2
274,658,299,3,0
274,660,273,1,2
274,661,249,0,3
274,662,249,0,3
274,663,273,1,2
274,674,273,1,2
274,677,273,1,2
274,680,249,0,3
274,681,273,1,2
274,682,273,1,2
274,683,273,1,2
274,685,299,3,0
274,687,273,1,2
274,691,249,0,3
274,693,299,3,0
274,696,249,0,3
274,697,273,1,2
274,698,299,3,0
274,699,299,3,0
274,705,273,1,2
274,707,273,1,2
274,709,273,1,2
274,714,299,3,0
274,719,273,1,2
274,720,273,1,2
274,724,299,3,0
275,628,300,2,0
275,629,299,3,2
275,630,250,0,2
275,634,299,3,2
275,637,299,3,2
275,642,250,0,2
275,643,299,3,2
275,647,299,3,2
275,648,250,0,2
275,651,299,3,2
275,658,300,2,0
275,660,299,3,2
275,661,250,0,2
275,662,250,0,2
275,663,299,3,2
275,674,299,3,2
275,677,299,3,2
275,680,250,0,2
275,681,299,3,2
275,682,299,3,2
275,683,299,3,2
275,687,299,3,2
275,691,250,0,2
275,693,300,2,0
275,696,250,0,2
275,698,300,2,0
275,699,300,2,0
275,705,299,3,2
275,707,299,3,2
275,709,299,3,2
275,714,300,2,0
275,719,299,3,2
275,720,299,3,2
275,724,300,2,0
276,628,301,3,0
276,629,275,1,1
276,630,251,0,3
276,634,275,1,1
276,642,251,0,3
276,643,275,1,1
276,647,275,1,1
276,648,251,0,3
276,662,251,0,3
276,677,275,1,1
276,680,251,0,3
276,681,275,1,1
276,687,275,1,1
276,691,251,0,3
276,693,301,3,0
276,699,301,3,0
276,714,301,3,0
276,719,275,1,1
276,724,301,3,0
277,628,302,3,0
277,630,252,0,3
277,642,252,0,3
277,643,276,1,2
277,647,276,1,2
277,648,252,0,3
277,662,252,0,3
277,681,276,1,2
277,691,252,0,3
277,693,302,3,0
277,699,302,3,0
277,719,276,1,2
278,628,303,3,0
278,630,253,0,3
278,642,253,0,3
278,643,279,2,1
278,648,253,0,3
278,662,253,0,3
278,681,277,1,2
278,691,253,0,3
278,699,303,3,0
279,628,304,3,0
279,642,254,0,3
279,643,280,2,1
279,670,278,1,2
279,691,254,0,3
280,628,305,3,0
280,630,255,0,3
280,642,255,0,3
280,643,281,2,1
280,648,255,0,3
280,662,255,0,3
280,681,281,2,1
280,691,255,0,3
280,693,305,3,0
280,699,305,3,0
280,719,281,2,1
281,628,306,3,0
281,630,256,0,3
281,642,256,0,3
281,643,282,2,1
281,647,282,2,1
281,648,256,0,3
281,662,256,0,3
281,677,282,2,1
281,681,282,2,1
281,691,256,0,3
281,693,306,3,0
281,699,306,3,0
281,719,282,2,1
281,724,306,3,0
282,628,307,3,0
282,629,283,2,1
282,630,257,0,3
282,634,283,2,1
282,637,283,2,1
282,642,257,0,3
282,643,283,2,1
282,647,283,2,1
282,648,257,0,3
282,651,283,2,1
282,658,307,3,0
282,660,283,2,1
282,661,257,0,3
282,662,257,0,3
282,663,283,2,1
282,674,283,2,1
282,677,283,2,1
282,680,257,0,3
282,681,283,2,1
282,682,283,2,1
282,683,283,2,1
282,687,283,2,1
282,691,257,0,3
282,693,307,3,0
282,696,257,0,3
282,698,307,3,0
282,699,307,3,0
282,705,283,2,1
282,707,283,2,1
282,709,283,2,1
282,714,307,3,0
282,719,283,2,1
282,720,283,2,1
282,724,307,3,0
283,628,308,3,0
283,629,284,2,1
283,630,258,0,3
283,634,284,2,1
283,637,284,2,1
283,642,258,0,3
283,643,284,2,1
283,644,284,2,1
283,647,284,2,1
283,648,258,0,3
283,651,284,2,1
283,652,284,2,1
283,657,284,2,1
283,658,308,3,0
283,660,284,2,1
283,661,258,0,3
283,662,258,0,3
283,663,284,2,1
283,674,284,2,1
283,677,284,2,1
283,680,258,0,3
283,681,284,2,1
283,682,284,2,1
283,683,284,2,1
283,685,308,3,0
283,687,284,2,1
283,691,258,0,3
283,693,308,3,0
283,696,258,0,3
283,697,284,2,1
283,698,308,3,0
283,699,308,3,0
283,705,284,2,1
283,707,284,2,1
283,709,284,2,1
283,714,308,3,0
283,719,284,2,1
283,720,284,2,1
283,724,308,3,0
284,628,309,3,0
284,629,285,2,1
284,630,259,0,3
284,634,285,2,1
284,637,285,2,1
284,642,259,0,3
284,643,285,2,1
284,644,285,2,1
284,647,285,2,1
284,648,259,0,3
284,651,285,2,1
284,652,285,2,1
284,655,285,2,1
284,657,285,2,1
284,658,309,3,0
284,660,285,2,1
284,661,259,0,3
284,662,259,0,3
284,663,285,2,1
284,672,259,0,3
284,674,285,2,1
284,677,285,2,1
284,680,259,0,3
284,681,285,2,1
284,682,285,2,1
284,683,285,2,1
284,685,309,3,0
284,687,285,2,1
284,691,259,0,3
284,693,309,3,0
284,696,259,0,3
284,697,285,2,1
284,698,309,3,0
284,699,309,3,0
284,705,285,2,1
284,707,285,2,1
284,709,285,2,1
284,714,309,3,0
284,719,285,2,1
284,720,285,2,1
284,724,309,3,0
285,628,310,3,0
285,629,310,3,0
285,630,260,0,3
285,634,310,3,0
285,637,260,0,3
285,642,260,0,3
285,643,310,3,0
285,644,260,0,3
285,647,310,3,0
285,648,260,0,3
285,651,310,3,0
285,652,260,0,3
285,657,310,3,0
285,660,310,3,0
285,662,260,0,3
285,674,310,3,0
285,677,260,0,3
285,680,260,0,3
285,681,310,3,0
285,683,260,0,3
285,685,310,3,0
285,687,310,3,0
285,691,260,0,3
285,693,310,3,0
285,696,260,0,3
285,697,260,0,3
285,698,310,3,0
285,699,310,3,0
285,709,260,0,3
285,714,310,3,0
285,720,260,0,3
285,724,310,3,0
286,628,285,1,2
286,629,311,3,0
286,630,285,1,2
286,634,311,3,0
286,637,261,0,3
286,642,285,1,2
286,643,311,3,0
286,644,261,0,3
286,646,285,1,2
286,647,311,3,0
286,648,285,1,2
286,651,311,3,0
286,652,261,0,3
286,657,311,3,0
286,658,285,1,2
286,660,311,3,0
286,661,285,1,2
286,662,285,1,2
286,663,311,3,0
286,674,311,3,0
286,677,261,0,3
286,680,285,1,2
286,681,311,3,0
286,682,261,0,3
286,683,261,0,3
286,685,285,1,2
286,687,311,3,0
286,691,285,1,2
286,692,261,0,3
286,693,285,1,2
286,696,285,1,2
286,697,261,0,3
286,698,285,1,2
286,699,285,1,2
286,701,261,0,3
286,705,261,0,3
286,707,311,3,0
286,709,261,0,3
286,714,285,1,2
286,719,261,0,3
286,720,261,0,3
286,724,285,1,2
287,628,286,1,2
287,629,312,3,0
287,630,286,1,2
287,634,312,3,0
287,637,262,0,3
287,642,286,1,2
287,643,312,3,0
287,644,262,0,3
287,647,312,3,0
287,648,286,1,2
287,651,312,3,0
287,652,262,0,3
287,657,312,3,0
287,658,286,1,2
287,660,312,3,0
287,661,286,1,2
287,662,286,1,2
287,663,312,3,0
287,674,312,3,0
287,677,262,0,3
287,680,286,1,2
287,681,312,3,0
287,682,262,0,3
287,683,262,0,3
287,685,286,1,2
287,687,312,3,0
287,691,286,1,2
287,693,286,1,2
287,696,286,1,2
287,697,262,0,3
287,698,286,1,2
287,699,286,1,2
287,705,262,0,3
287,707,312,3,0
287,709,262,0,3
287,714,286,1,2
287,719,262,0,3
287,720,262,0,3
287,724,286,1,2
288,628,287,1,2
288,629,313,3,0
288,630,287,1,2
288,634,313,3,0
288,637,263,0,3
288,642,287,1,2
288,643,313,3,0
288,647,313,3,0
288,648,287,1,2
288,651,313,3,0
288,658,287,1,2
288,660,313,3,0
288,661,287,1,2
288,662,287,1,2
288,663,313,3,0
288,674,313,3,0
288,677,263,0,3
288,680,287,1,2
288,681,313,3,0
288,682,263,0,3
288,683,263,0,3
288,687,313,3,0
288,691,287,1,2
288,693,287,1,2
288,696,287,1,2
288,698,287,1,2
288,699,287,1,2
288,705,263,0,3
288,707,313,3,0
288,709,263,0,3
288,714,287,1,2
288,719,263,0,3
288,720,263,0,3
288,724,287,1,2
289,628,288,1,2
289,630,288,1,2
289,642,288,1,2
289,643,314,3,0
289,647,314,3,0
289,648,288,1,2
289,662,288,1,2
289,677,264,0,3
289,681,314,3,0
289,691,288,1,2
289,693,288,1,2
289,699,288,1,2
289,719,264,0,3
289,724,288,1,2
290,628,289,1,2
290,630,289,1,2
290,642,289,1,2
290,643,315,3,0
290,648,289,1,2
290,662,289,1,2
290,681,315,3,0
290,691,289,1,2
290,693,289,1,2
290,699,289,1,2
290,719,265,0,3
291,670,292,2,1
291,691,290,1,2
292,628,293,2,1
292,630,293,2,1
292,642,293,2,1
292,643,291,1,2
292,648,293,2,1
292,662,293,2,1
292,681,317,3,0
292,691,293,2,1
292,699,293,2,1
293,628,294,2,1
293,630,294,2,1
293,642,294,2,1
293,643,318,3,0
293,647,318,3,0
293,648,294,2,1
293,662,294,2,1
293,681,318,3,0
293,691,294,2,1
293,693,294,2,1
293,699,294,2,1
293,719,268,0,3
294,628,295,2,1
294,629,319,3,0
294,630,295,2,1
294,634,319,3,0
294,642,295,2,1
294,643,319,3,0
294,647,319,3,0
294,648,295,2,1
294,662,295,2,1
294,677,269,0,3
294,680,295,2,1
294,681,319,3,0
294,687,319,3,0
294,691,295,2,1
294,693,295,2,1
294,699,295,2,1
294,714,295,2,1
294,719,269,0,3
294,724,295,2,1
295,628,296,2,1
295,629,320,3,0
295,630,296,2,1
295,634,320,3,0
295,637,270,0,3
295,642,296,2,1
295,643,320,3,0
295,647,320,3,0
295,648,296,2,1
295,651,320,3,0
295,658,296,2,1
295,660,320,3,0
295,661,296,2,1
295,662,296,2,1
295,663,320,3,0
295,674,320,3,0
295,677,270,0,3
295,680,296,2,1
295,681,320,3,0
295,682,270,0,3
295,683,270,0,3
295,687,320,3,0
295,691,296,2,1
295,693,296,2,1
295,696,296,2,1
295,698,296,2,1
295,699,296,2,1
295,705,270,0,3
295,707,320,3,0
295,709,270,0,3
295,714,296,2,1
295,719,270,0,3
295,720,270,0,3
295,724,296,2,1
296,628,297,2,1
296,629,321,3,0
296,630,297,2,1
296,634,321,3,0
296,637,271,0,3
296,642,297,2,1
296,643,321,3,0
296,644,271,0,3
296,647,321,3,0
296,648,297,2,1
296,651,321,3,0
296,652,271,0,3
296,657,321,3,0
296,658,297,2,1
296,660,321,3,0
296,661,297,2,1
296,662,297,2,1
296,663,321,3,0
296,674,321,3,0
296,677,271,0,3
296,680,297,2,1
296,681,321,3,0
296,682,271,0,3
296,683,271,0,3
296,685,297,2,1
296,687,321,3,0
296,691,297,2,1
296,693,297,2,1
296,696,297,2,1
296,697,271,0,3
296,698,297,2,1
296,699,297,2,1
296,705,271,0,3
296,707,321,3,0
296,709,271,0,3
296,714,297,2,1
296,719,271,0,3
296,720,271,0,3
296,724,297,2,1
297,625,272,0,3
297,628,322,3,0
297,629,322,3,0
297,630,272,0,3
297,632,322,3,0
297,633,322,3,0
297,634,322,3,0
297,637,272,0,3
297,638,322,3,0
297,640,272,0,3
297,641,272,0,3
297,642,272,0,3
297,643,322,3,0
297,644,272,0,3
297,646,296,1,2
297,647,322,3,0
297,648,272,0,3
297,651,322,3,0
297,652,272,0,3
297,654,322,3,0
297,655,296,1,2
297,656,272,0,3
297,657,322,3,0
297,659,322,3,0
297,660,322,3,0
297,662,272,0,3
297,663,322,3,0
297,665,322,3,0
297,667,272,0,3
297,668,272,0,3
297,670,272,0,3
297,671,272,0,3
297,672,272,0,3
297,673,272,0,3
297,674,322,3,0
297,675,322,3,0
297,677,272,0,3
297,680,272,0,3
297,681,322,3,0
297,682,272,0,3
297,683,272,0,3
297,684,272,0,3
297,685,322,3,0
297,687,322,3,0
297,688,272,0,3
297,689,272,0,3
297,690,272,0,3
297,691,272,0,3
297,692,272,0,3
297,693,322,3,0
297,694,272,0,3
297,696,272,0,3
297,697,272,0,3
297,698,322,3,0
297,699,322,3,0
297,701,272,0,3
297,703,272,0,3
297,704,322,3,0
297,705,272,0,3
297,707,322,3,0
297,709,272,0,3
297,714,322,3,0
297,718,322,3,0
297,719,272,0,3
297,720,272,0,3
297,724,322,3,0
298,626,297,1,2
298,627,297,1,2
298,628,323,3,0
298,629,297,1,2
298,630,273,0,3
298,631,297,1,2
298,634,297,1,2
298,635,297,1,2
298,636,297,1,2
298,637,297,1,2
298,639,297,1,2
298,642,273,0,3
298,643,297,1,2
298,644,297,1,2
298,645,297,1,2
298,646,299,2,1
298,647,297,1,2
298,648,273,0,3
298,649,297,1,2
298,650,297,1,2
298,651,297,1,2
298,652,297,1,2
298,653,297,1,2
298,655,299,2,1
298,657,297,1,2
298,660,297,1,2
298,662,273,0,3
298,663,297,1,2
298,666,297,1,2
298,669,297,1,2
298,672,273,0,3
298,674,297,1,2
298,677,297,1,2
298,678,297,1,2
298,679,297,1,2
298,680,273,0,3
298,681,297,1,2
298,682,297,1,2
298,683,297,1,2
298,685,323,3,0
298,687,297,1,2
298,691,273,0,3
298,692,297,1,2
298,693,323,3,0
298,695,297,1,2
298,696,273,0,3
298,697,297,1,2
298,698,323,3,0
298,699,323,3,0
298,700,297,1,2
298,701,297,1,2
298,702,297,1,2
298,705,297,1,2
298,707,297,1,2
298,708,297,1,2
298,709,297,1,2
298,710,297,1,2
298,711,297,1,2
298,714,323,3,0
298,715,297,1,2
298,717,297,1,2
298,719,297,1,2
298,720,297,1,2
298,722,297,1,2
298,723,297,1,2
298,724,323,3,0
299,628,324,3,0
299,629,298,1,2
299,630,274,0,3
299,634,298,1,2
299,637,298,1,2
299,642,274,0,3
299,643,298,1,2
299,644,298,1,2
299,647,298,1,2
299,648,274,0,3
299,651,298,1,2
299,652,298,1,2
299,657,298,1,2
299,658,324,3,0
299,660,298,1,2
299,661,274,0,3
299,662,274,0,3
299,663,298,1,2
299,674,298,1,2
299,677,298,1,2
299,680,274,0,3
299,681,298,1,2
299,682,298,1,2
299,683,298,1,2
299,685,324,3,0
299,687,298,1,2
299,691,274,0,3
299,693,324,3,0
299,696,274,0,3
299,697,298,1,2
299,698,324,3,0
299,699,324,3,0
299,705,298,1,2
299,707,298,1,2
299,709,298,1,2
299,714,324,3,0
299,719,298,1,2
299,720,298,1,2
299,724,324,3,0
300,628,325,2,0
300,629,324,3,2
300,630,275,0,2
300,634,324,3,2
300,637,324,3,2
300,642,275,0,2
300,643,324,3,2
300,647,324,3,2
300,648,275,0,2
300,651,324,3,2
300,658,325,2,0
300,660,324,3,2
300,661,275,0,2
300,662,275,0,2
300,663,324,3,2
300,674,324,3,2
300,677,324,3,2
300,680,275,0,2
300,681,324,3,2
300,682,324,3,2
300,683,324,3,2
300,687,324,3,2
300,691,275,0,2
300,693,325,2,0
300,696,325,2,0
300,698,325,2,0
300,699,325,2,0
300,705,324,3,2
300,707,324,3,2
300,709,324,3,2
300,714,325,2,0
300,719,324,3,2
300,720,324,3,2
300,724,325,2,0
301,628,326,3,0
301,629,300,1,1
301,630,276,0,3
301,634,300,1,1
301,642,276,0,3
301,643,300,1,1
301,647,300,1,1
301,648,276,0,3
301,662,276,0,3
301,677,300,1,1
301,680,276,0,3
301,681,300,1,1
301,687,300,1,1
301,691,276,0,3
301,693,326,3,0
301,699,326,3,0
301,714,326,3,0
301,719,300,1,1
301,724,326,3,0
302,628,327,3,0
302,630,277,0,3
302,642,277,0,3
302,643,301,1,2
302,647,301,1,2
302,648,277,0,3
302,662,277,0,3
302,681,301,1,2
302,691,277,0,3
302,693,327,3,0
302,699,327,3,0
302,719,301,1,2
303,628,328,3,0
303,630,278,0,3
303,642,278,0,3
303,643,304,2,1
303,648,278,0,3
303,662,278,0,3
303,681,302,1,2
303,691,278,0,3
303,699,328,3,0
304,628,329,3,0
304,642,279,0,3
304,643,305,2,1
304,670,303,1,2
304,691,279,0,3
305,628,330,3,0
305,630,280,0,3
305,642,280,0,3
305,643,306,2,1
305,648,280,0,3
305,662,280,0,3
305,681,306,2,1
305,691,280,0,3
305,693,330,3,0
305,699,330,3,0
305,719,306,2,1
306,628,331,3,0
306,630,281,0,3
306,642,281,0,3
306,643,307,2,1
306,647,307,2,1
306,648,281,0,3
306,662,281,0,3
306,677,307,2,1
306,681,307,2,1
306,691,281,0,3
306,693,331,3,0
306,699,331,3,0
306,719,307,2,1
306,724,331,3,0
307,628,332,3,0
307,629,308,2,1
307,630,282,0,3
307,634,308,2,1
307,637,308,2,1
307,642,282,0,3
307,643,308,2,1
307,647,308,2,1
307,648,282,0,3
307,651,308,2,1
307,658,332,3,0
307,660,308,2,1
307,661,282,0,3
307,662,282,0,3
307,663,308,2,1
307,674,308,2,1
307,677,308,2,1
307,680,282,0,3
307,681,308,2,1
307,682,308,2,1
307,683,308,2,1
307,687,308,2,1
307,691,282,0,3
307,693,332,3,0
307,696,332,3,0
307,698,332,3,0
307,699,332,3,0
307,705,308,2,1
307,707,308,2,1
307,709,308,2,1
307,714,332,3,0
307,719,308,2,1
307,720,308,2,1
307,724,332,3,0
308,628,333,3,0
308,629,309,2,1
308,630,283,0,3
308,634,309,2,1
308,637,309,2,1
308,642,283,0,3
308,643,309,2,1
308,644,309,2,1
308,647,309,2,1
308,648,283,0,3
308,651,309,2,1
308,652,309,2,1
308,657,309,2,1
308,658,333,3,0
308,660,309,2,1
308,661,283,0,3
308,662,283,0,3
308,663,309,2,1
308,674,309,2,1
308,677,309,2,1
308,680,283,0,3
308,681,309,2,1
308,682,309,2,1
308,683,309,2,1
308,685,333,3,0
308,687,309,2,1
308,691,283,0,3
308,693,333,3,0
308,696,333,3,0
308,697,309,2,1
308,698,333,3,0
308,699,333,3,0
308,705,309,2,1
308,707,309,2,1
308,709,309,2,1
308,714,333,3,0
308,719,309,2,1
308,720,309,2,1
308,724,333,3,0
309,628,334,3,0
309,629,310,2,1
309,630,284,0,3
309,634,310,2,1
309,637,310,2,1
309,642,284,0,3
309,643,310,2,1
309,644,310,2,1
309,647,310,2,1
309,648,284,0,3
309,651,310,2,1
309,652,310,2,1
309,655,310,2,1
309,657,310,2,1
309,658,334,3,0
309,660,310,2,1
309,661,284,0,3
309,662,284,0,3
309,663,310,2,1
309,672,284,0,3
309,674,310,2,1
309,677,310,2,1
309,680,284,0,3
309,681,310,2,1
309,682,310,2,1
309,683,310,2,1
309,685,334,3,0
309,687,310,2,1
309,691,284,0,3
309,693,334,3,0
309,696,334,3,0
309,697,310,2,1
309,698,334,3,0
309,699,334,3,0
309,705,310,2,1
309,707,310,2,1
309,709,310,2,1
309,714,334,3,0
309,719,310,2,1
309,720,310,2,1
309,724,334,3,0
310,628,335,3,0
310,629,335,3,0
310,630,285,0,3
310,634,335,3,0
310,637,285,0,3
310,642,285,0,3
310,643,335,3,0
310,644,285,0,3
310,647,335,3,0
310,648,285,0,3
310,651,335,3,0
310,652,285,0,3
310,660,335,3,0
310,662,285,0,3
310,674,335,3,0
310,677,285,0,3
310,680,285,0,3
310,681,335,3,0
310,683,285,0,3
310,685,335,3,0
310,687,335,3,0
310,691,285,0,3
310,693,335,3,0
310,697,285,0,3
310,698,335,3,0
310,699,335,3,0
310,709,285,0,3
310,714,335,3,0
310,719,335,3,0
310,724,335,3,0
311,628,310,1,2
311,629,336,3,0
311,630,310,1,2
311,634,336,3,0
311,637,286,0,3
311,642,310,1,2
311,643,336,3,0
311,644,286,0,3
311,646,310,1,2
311,647,336,3,0
311,648,310,1,2
311,651,336,3,0
311,652,286,0,3
311,657,336,3,0
311,658,310,1,2
311,660,336,3,0
311,661,310,1,2
311,662,310,1,2
311,663,336,3,0
311,674,336,3,0
311,677,286,0,3
311,680,310,1,2
311,681,336,3,0
311,682,286,0,3
311,683,286,0,3
311,685,310,1,2
311,687,336,3,0
311,691,310,1,2
311,692,286,0,3
311,693,310,1,2
311,696,310,1,2
311,697,286,0,3
311,698,310,1,2
311,699,310,1,2
311,701,286,0,3
311,705,286,0,3
311,707,336,3,0
311,709,286,0,3
311,714,310,1,2
311,719,336,3,0
311,720,286,0,3
311,724,310,1,2
312,628,311,1,2
312,629,337,3,0
312,630,311,1,2
312,634,337,3,0
312,637,287,0,3
312,642,311,1,2
312,643,337,3,0
312,644,287,0,3
312,647,337,3,0
312,648,311,1,2
312,651,337,3,0
312,652,287,0,3
312,657,337,3,0
312,658,311,1,2
312,660,337,3,0
312,661,311,1,2
312,662,311,1,2
312,663,337,3,0
312,674,337,3,0
312,677,287,0,3
312,680,311,1,2
312,681,337,3,0
312,682,287,0,3
312,683,287,0,3
312,685,311,1,2
312,687,337,3,0
312,691,311,1,2
312,693,311,1,2
312,696,311,1,2
312,697,287,0,3
312,698,311,1,2
312,699,311,1,2
312,705,287,0,3
312,707,337,3,0
312,709,287,0,3
312,714,311,1,2
312,719,337,3,0
312,720,287,0,3
312,724,311,1,2
313,628,312,1,2
313,629,338,3,0
313,630,312,1,2
313,634,338,3,0
313,637,288,0,3
313,642,312,1,2
313,643,338,3,0
313,647,338,3,0
313,648,312,1,2
313,651,338,3,0
313,658,312,1,2
313,660,338,3,0
313,661,312,1,2
313,662,312,1,2
313,663,338,3,0
313,674,338,3,0
313,677,288,0,3
313,680,312,1,2
313,681,338,3,0
313,682,288,0,3
313,683,288,0,3
313,687,338,3,0
313,691,312,1,2
313,693,312,1,2
313,696,312,1,2
313,698,312,1,2
313,699,312,1,2
313,705,288,0,3
313,707,338,3,0
313,709,288,0,3
313,714,312,1,2
313,719,338,3,0
313,720,288,0,3
313,724,312,1,2
314,628,313,1,2
314,630,313,1,2
314,642,313,1,2
314,643,339,3,0
314,647,339,3,0
314,648,313,1,2
314,662,313,1,2
314,677,289,0,3
314,681,339,3,0
314,691,313,1,2
314,693,313,1,2
314,699,313,1,2
314,719,339,3,0
314,724,313,1,2
315,628,314,1,2
315,630,314,1,2
315,642,314,1,2
315,643,340,3,0
315,648,314,1,2
315,662,314,1,2
315,681,340,3,0
315,691,314,1,2
315,693,314,1,2
315,699,314,1,2
315,719,340,3,0
316,670,317,2,1
316,691,315,1,2
317,628,318,2,1
317,630,318,2,1
317,642,318,2,1
317,643,316,1,2
317,648,318,2,1
317,662,318,2,1
317,681,342,3,0
317,691,318,2,1
317,699,318,2,1
318,628,319,2,1
318,630,319,2,1
318,642,319,2,1
318,643,343,3,0
318,647,343,3,0
318,648,319,2,1
318,662,319,2,1
318,681,343,3,0
318,691,319,2,1
318,693,319,2,1
318,699,319,2,1
318,719,343,3,0
319,628,320,2,1
319,629,344,3,0
319,630,320,2,1
319,634,344,3,0
319,642,320,2,1
319,643,344,3,0
319,647,344,3,0
319,648,320,2,1
319,662,320,2,1
319,677,294,0,3
319,680,320,2,1
319,681,344,3,0
319,687,344,3,0
319,691,320,2,1
319,693,320,2,1
319,699,320,2,1
319,714,320,2,1
319,719,344,3,0
319,724,320,2,1
320,628,321,2,1
320,629,345,3,0
320,630,321,2,1
320,634,345,3,0
320,637,295,0,3
320,642,321,2,1
320,643,345,3,0
320,647,345,3,0
320,648,321,2,1
320,651,345,3,0
320,658,321,2,1
320,660,345,3,0
320,661,321,2,1
320,662,321,2,1
320,663,345,3,0
320,674,345,3,0
320,677,295,0,3
320,680,321,2,1
320,681,345,3,0
320,682,295,0,3
320,683,295,0,3
320,687,345,3,0
320,691,321,2,1
320,693,321,2,1
320,696,321,2,1
320,698,321,2,1
320,699,321,2,1
320,705,295,0,3
320,707,345,3,0
320,709,295,0,3
320,714,321,2,1
320,719,345,3,0
320,720,295,0,3
320,724,321,2,1
321,628,322,2,1
321,629,346,3,0
321,630,322,2,1
321,634,346,3,0
321,637,296,0,3
321,642,322,2,1
321,643,346,3,0
321,644,296,0,3
321,647,346,3,0
321,648,322,2,1
321,651,346,3,0
321,652,296,0,3
321,657,346,3,0
321,658,322,2,1
321,660,346,3,0
321,661,322,2,1
321,662,322,2,1
321,663,346,3,0
321,674,346,3,0
321,677,296,0,3
321,680,322,2,1
321,681,346,3,0
321,682,296,0,3
321,683,296,0,3
321,685,322,2,1
321,687,346,3,0
321,691,322,2,1
321,693,322,2,1
321,696,322,2,1
321,697,296,0,3
321,698,322,2,1
321,699,322,2,1
321,705,296,0,3
321,707,346,3,0
321,709,296,0,3
321,714,322,2,1
321,719,346,3,0
321,720,296,0,3
321,724,322,2,1
322,625,297,0,3
322,628,347,3,0
322,629,347,3,0
322,630,297,0,3
322,632,347,3,0
322,633,347,3,0
322,634,347,3,0
322,637,297,0,3
322,638,347,3,0
322,640,297,0,3
322,641,297,0,3
322,642,297,0,3
322,643,347,3,0
322,644,297,0,3
322,646,321,1,2
322,647,347,3,0
322,648,297,0,3
322,651,347,3,0
322,652,297,0,3
322,654,347,3,0
322,655,321,1,2
322,656,297,0,3
322,657,347,3,0
322,659,347,3,0
322,660,347,3,0
322,662,297,0,3
322,663,347,3,0
322,665,347,3,0
322,667,297,0,3
322,668,297,0,3
322,670,297,0,3
322,671,297,0,3
322,672,297,0,3
322,673,297,0,3
322,674,347,3,0
322,675,347,3,0
322,676,297,0,3
322,677,297,0,3
322,680,297,0,3
322,681,347,3,0
322,682,297,0,3
322,683,297,0,3
322,684,297,0,3
322,685,347,3,0
322,687,347,3,0
322,688,297,0,3
322,689,297,0,3
322,690,297,0,3
322,691,297,0,3
322,692,297,0,3
322,693,347,3,0
322,694,297,0,3
322,697,297,0,3
322,698,347,3,0
322,699,347,3,0
322,701,297,0,3
322,703,297,0,3
322,704,347,3,0
322,705,297,0,3
322,707,347,3,0
322,709,297,0,3
322,713,297,0,3
322,714,347,3,0
322,719,347,3,0
322,720,297,0,3
322,724,347,3,0
323,626,322,1,2
323,627,322,1,2
323,628,348,3,0
323,629,322,1,2
323,630,298,0,3
323,631,322,1,2
323,634,322,1,2
323,635,322,1,2
323,636,322,1,2
323,637,322,1,2
323,639,322,1,2
323,642,298,0,3
323,643,322,1,2
323,644,322,1,2
323,645,322,1,2
323,646,324,2,1
323,647,322,1,2
323,648,298,0,3
323,649,322,1,2
323,650,322,1,2
323,651,322,1,2
323,652,322,1,2
323,653,322,1,2
323,655,324,2,1
323,657,322,1,2
323,660,322,1,2
323,662,298,0,3
323,663,322,1,2
323,666,322,1,2
323,669,322,1,2
323,672,298,0,3
323,674,322,1,2
323,677,322,1,2
323,678,322,1,2
323,679,322,1,2
323,680,298,0,3
323,681,322,1,2
323,682,322,1,2
323,683,322,1,2
323,685,348,3,0
323,686,322,1,2
323,687,322,1,2
323,691,298,0,3
323,692,322,1,2
323,693,348,3,0
323,695,322,1,2
323,697,322,1,2
323,698,348,3,0
323,699,348,3,0
323,700,322,1,2
323,701,322,1,2
323,702,322,1,2
323,705,322,1,2
323,707,322,1,2
323,708,322,1,2
323,709,322,1,2
323,710,322,1,2
323,711,322,1,2
323,714,348,3,0
323,715,322,1,2
323,717,322,1,2
323,719,322,1,2
323,720,322,1,2
323,722,322,1,2
323,723,322,1,2
323,724,348,3,0
324,628,349,3,0
324,629,323,1,2
324,630,299,0,3
324,634,323,1,2
324,637,323,1,2
324,642,299,0,3
324,643,323,1,2
324,644,323,1,2
324,647,323,1,2
324,648,299,0,3
324,651,323,1,2
324,652,323,1,2
324,657,323,1,2
324,658,349,3,0
324,660,323,1,2
324,661,299,0,3
324,662,299,0,3
324,663,323,1,2
324,674,323,1,2
324,677,323,1,2
324,680,299,0,3
324,681,323,1,2
324,682,323,1,2
324,683,323,1,2
324,685,349,3,0
324,687,323,1,2
324,691,299,0,3
324,693,349,3,0
324,696,349,3,0
324,697,323,1,2
324,698,349,3,0
324,699,349,3,0
324,705,323,1,2
324,707,323,1,2
324,709,323,1,2
324,714,349,3,0
324,719,323,1,2
324,720,323,1,2
324,724,349,3,0
325,628,350,2,0
325,629,349,3,2
325,630,300,0,2
325,634,349,3,2
325,637,349,3,2
325,642,300,0,2
325,643,349,3,2
325,647,349,3,2
325,648,300,0,2
325,651,349,3,2
325,658,350,2,0
325,660,349,3,2
325,661,300,0,2
325,662,300,0,2
325,663,349,3,2
325,674,349,3,2
325,677,349,3,2
325,680,300,0,2
325,681,349,3,2
325,682,349,3,2
325,683,349,3,2
325,687,349,3,2
325,691,300,0,2
325,693,326,1,1
325,696,350,2,0
325,698,350,2,0
325,699,350,2,0
325,705,349,3,2
325,707,349,3,2
325,709,349,3,2
325,714,350,2,0
325,719,349,3,2
325,720,349,3,2
325,724,350,2,0
326,628,351,3,0
326,629,325,1,1
326,630,301,0,3
326,634,325,1,1
326,642,301,0,3
326,643,325,1,1
326,647,325,1,1
326,648,301,0,3
326,662,301,0,3
326,677,325,1,1
326,680,301,0,3
326,681,325,1,1
326,687,325,1,1
326,691,301,0,3
326,693,327,2,1
326,699,351,3,0
326,714,351,3,0
326,719,325,1,1
326,724,351,3,0
327,628,352,3,0
327,630,302,0,3
327,642,302,0,3
327,643,326,1,2
327,647,326,1,2
327,648,302,0,3
327,662,302,0,3
327,681,326,1,2
327,691,302,0,3
327,693,328,2,1
327,699,352,3,0
327,719,326,1,2
328,628,353,3,0
328,630,303,0,3
328,642,303,0,3
328,643,329,2,1
328,648,303,0,3
328,662,303,0,3
328,681,327,1,2
328,691,303,0,3
328,699,353,3,0
329,628,354,3,0
329,642,304,0,3
329,643,330,2,1
329,670,328,1,2
329,691,304,0,3
330,628,355,3,0
330,630,305,0,3
330,642,305,0,3
330,643,331,2,1
330,648,305,0,3
330,662,305,0,3
330,681,331,2,1
330,691,305,0,3
330,693,693,72,0
330,699,355,3,0
330,719,331,2,1
331,628,356,3,0
331,630,306,0,3
331,642,306,0,3
331,643,332,2,1
331,647,332,2,1
331,648,306,0,3
331,662,306,0,3
331,677,332,2,1
331,681,332,2,1
331,691,306,0,3
331,693,330,1,2
331,699,356,3,0
331,719,332,2,1
331,724,356,3,0
332,628,357,3,0
332,629,333,2,1
332,630,307,0,3
332,634,333,2,1
332,637,333,2,1
332,642,307,0,3
332,643,333,2,1
332,647,333,2,1
332,648,307,0,3
332,651,333,2,1
332,658,357,3,0
332,660,333,2,1
332,661,307,0,3
332,662,307,0,3
332,663,333,2,1
332,674,333,2,1
332,677,333,2,1
332,680,307,0,3
332,681,333,2,1
332,682,333,2,1
332,683,333,2,1
332,687,333,2,1
332,691,307,0,3
332,693,331,1,2
332,696,357,3,0
332,698,357,3,0
332,699,357,3,0
332,705,333,2,1
332,707,333,2,1
332,709,333,2,1
332,714,357,3,0
332,719,333,2,1
332,720,333,2,1
332,724,357,3,0
333,628,358,3,0
333,629,334,2,1
333,630,308,0,3
333,634,334,2,1
333,637,334,2,1
333,642,308,0,3
333,643,334,2,1
333,644,334,2,1
333,647,334,2,1
333,648,308,0,3
333,651,334,2,1
333,652,334,2,1
333,657,334,2,1
333,658,358,3,0
333,660,334,2,1
333,661,308,0,3
333,662,308,0,3
333,663,334,2,1
333,674,334,2,1
333,677,334,2,1
333,680,308,0,3
333,681,334,2,1
333,682,334,2,1
333,683,334,2,1
333,685,685,64,0
333,687,334,2,1
333,691,308,0,3
333,693,332,1,2
333,696,358,3,0
333,697,334,2,1
333,698,358,3,0
333,699,358,3,0
333,705,334,2,1
333,707,334,2,1
333,709,334,2,1
333,714,358,3,0
333,719,334,2,1
333,720,334,2,1
333,724,358,3,0
334,628,359,3,0
334,629,335,2,1
334,630,309,0,3
334,634,335,2,1
334,637,335,2,1
334,642,309,0,3
334,643,335,2,1
334,644,335,2,1
334,647,335,2,1
334,648,309,0,3
334,651,335,2,1
334,652,335,2,1
334,655,335,2,1
334,657,335,2,1
334,658,359,3,0
334,660,335,2,1
334,661,309,0,3
334,662,309,0,3
334,663,335,2,1
334,672,309,0,3
334,674,335,2,1
334,677,335,2,1
334,680,309,0,3
334,681,335,2,1
334,682,335,2,1
334,683,335,2,1
334,685,333,1,2
334,687,335,2,1
334,691,309,0,3
334,693,333,1,2
334,696,359,3,0
334,697,335,2,1
334,698,359,3,0
334,699,359,3,0
334,705,335,2,1
334,707,335,2,1
334,709,335,2,1
334,714,359,3,0
334,719,335,2,1
334,720,335,2,1
334,724,359,3,0
335,628,360,3,0
335,629,360,3,0
335,630,310,0,3
335,634,360,3,0
335,637,310,0,3
335,642,310,0,3
335,643,360,3,0
335,644,310,0,3
335,646,310,0,3
335,647,360,3,0
335,648,310,0,3
335,651,360,3,0
335,661,310,0,3
335,662,310,0,3
335,674,360,3,0
335,677,310,0,3
335,680,310,0,3
335,681,360,3,0
335,683,310,0,3
335,685,334,1,2
335,687,360,3,0
335,691,310,0,3
335,693,334,1,2
335,697,310,0,3
335,698,360,3,0
335,699,360,3,0
335,701,360,3,0
335,705,360,3,0
335,709,310,0,3
335,714,360,3,0
335,719,360,3,0
335,724,360,3,0
336,628,335,1,2
336,629,361,3,0
336,630,335,1,2
336,634,361,3,0
336,637,311,0,3
336,642,335,1,2
336,643,361,3,0
336,644,311,0,3
336,646,335,1,2
336,647,361,3,0
336,648,335,1,2
336,651,361,3,0
336,652,311,0,3
336,657,361,3,0
336,658,335,1,2
336,660,361,3,0
336,661,335,1,2
336,662,335,1,2
336,663,361,3,0
336,674,361,3,0
336,677,311,0,3
336,680,335,1,2
336,681,361,3,0
336,682,311,0,3
336,683,311,0,3
336,685,335,1,2
336,687,361,3,0
336,691,335,1,2
336,692,311,0,3
336,693,335,1,2
336,696,335,1,2
336,697,311,0,3
336,698,335,1,2
336,699,335,1,2
336,701,361,3,0
336,705,361,3,0
336,707,361,3,0
336,709,311,0,3
336,714,335,1,2
336,719,361,3,0
336,720,311,0,3
336,724,335,1,2
337,628,336,1,2
337,629,362,3,0
337,630,336,1,2
337,634,362,3,0
337,637,312,0,3
337,642,336,1,2
337,643,362,3,0
337,644,312,0,3
337,647,362,3,0
337,648,336,1,2
337,651,362,3,0
337,652,312,0,3
337,657,362,3,0
337,658,336,1,2
337,660,362,3,0
337,661,336,1,2
337,662,336,1,2
337,663,362,3,0
337,674,362,3,0
337,677,312,0,3
337,680,336,1,2
337,681,362,3,0
337,682,312,0,3
337,683,312,0,3
337,685,336,1,2
337,687,362,3,0
337,691,336,1,2
337,693,336,1,2
337,696,336,1,2
337,697,312,0,3
337,698,336,1,2
337,699,336,1,2
337,705,362,3,0
337,707,362,3,0
337,709,312,0,3
337,714,336,1,2
337,719,362,3,0
337,720,312,0,3
337,724,336,1,2
338,628,337,1,2
338,629,363,3,0
338,630,337,1,2
338,634,363,3,0
338,637,313,0,3
338,642,337,1,2
338,643,363,3,0
338,647,363,3,0
338,648,337,1,2
338,651,363,3,0
338,658,337,1,2
338,660,363,3,0
338,661,337,1,2
338,662,337,1,2
338,663,363,3,0
338,674,363,3,0
338,677,313,0,3
338,680,337,1,2
338,681,363,3,0
338,682,313,0,3
338,683,313,0,3
338,687,363,3,0
338,691,337,1,2
338,693,337,1,2
338,696,337,1,2
338,698,337,1,2
338,699,337,1,2
338,705,363,3,0
338,707,363,3,0
338,709,313,0,3
338,714,337,1,2
338,719,363,3,0
338,720,313,0,3
338,724,337,1,2
339,628,338,1,2
339,630,338,1,2
339,642,338,1,2
339,643,364,3,0
339,647,364,3,0
339,648,338,1,2
339,662,338,1,2
339,677,314,0,3
339,681,364,3,0
339,691,338,1,2
339,693,338,1,2
339,699,338,1,2
339,719,364,3,0
339,724,338,1,2
340,628,339,1,2
340,630,339,1,2
340,642,339,1,2
340,643,365,3,0
340,648,339,1,2
340,662,339,1,2
340,681,365,3,0
340,691,339,1,2
340,693,339,1,2
340,699,339,1,2
340,719,365,3,0
341,670,342,2,1
341,691,340,1,2
342,628,343,2,1
342,630,343,2,1
342,642,343,2,1
342,643,341,1,2
342,648,343,2,1
342,662,343,2,1
342,681,367,3,0
342,691,343,2,1
342,699,343,2,1
343,628,344,2,1
343,630,344,2,1
343,642,344,2,1
343,643,368,3,0
343,647,368,3,0
343,648,344,2,1
343,662,344,2,1
343,681,368,3,0
343,691,344,2,1
343,693,344,2,1
343,699,344,2,1
343,719,368,3,0
344,628,345,2,1
344,629,369,3,0
344,630,345,2,1
344,634,369,3,0
344,642,345,2,1
344,643,369,3,0
344,647,369,3,0
344,648,345,2,1
344,662,345,2,1
344,677,319,0,3
344,680,345,2,1
344,681,369,3,0
344,687,369,3,0
344,691,345,2,1
344,693,345,2,1
344,699,345,2,1
344,714,345,2,1
344,719,369,3,0
344,724,345,2,1
345,628,346,2,1
345,629,370,3,0
345,630,346,2,1
345,634,370,3,0
345,637,320,0,3
345,642,346,2,1
345,643,370,3,0
345,647,370,3,0
345,648,346,2,1
345,651,370,3,0
345,658,346,2,1
345,660,370,3,0
345,661,346,2,1
345,662,346,2,1
345,663,370,3,0
345,674,370,3,0
345,677,320,0,3
345,680,346,2,1
345,681,370,3,0
345,682,320,0,3
345,683,320,0,3
345,687,370,3,0
345,691,346,2,1
345,693,346,2,1
345,696,346,2,1
345,698,346,2,1
345,699,346,2,1
345,705,370,3,0
345,707,370,3,0
345,709,320,0,3
345,714,346,2,1
345,719,370,3,0
345,720,320,0,3
345,724,346,2,1
346,628,347,2,1
346,629,371,3,0
346,630,347,2,1
346,634,371,3,0
346,637,321,0,3
346,642,347,2,1
346,643,371,3,0
346,644,321,0,3
346,647,371,3,0
346,648,347,2,1
346,651,371,3,0
346,652,321,0,3
346,657,371,3,0
346,658,347,2,1
346,660,371,3,0
346,661,347,2,1
346,662,347,2,1
346,663,371,3,0
346,674,371,3,0
346,677,321,0,3
346,680,347,2,1
346,681,371,3,0
346,682,321,0,3
346,683,321,0,3
346,685,347,2,1
346,687,371,3,0
346,691,347,2,1
346,693,347,2,1
346,696,347,2,1
346,697,321,0,3
346,698,347,2,1
346,699,347,2,1
346,705,371,3,0
346,707,371,3,0
346,709,321,0,3
346,714,347,2,1
346,719,371,3,0
346,720,321,0,3
346,724,347,2,1
347,625,372,3,0
347,628,372,3,0
347,629,372,3,0
347,630,322,0,3
347,632,372,3,0
347,633,372,3,0
347,634,372,3,0
347,637,322,0,3
347,638,372,3,0
347,640,322,0,3
347,641,322,0,3
347,642,322,0,3
347,643,372,3,0
347,644,322,0,3
347,646,346,1,2
347,647,372,3,0
347,648,322,0,3
347,651,372,3,0
347,652,322,0,3
347,654,372,3,0
347,655,346,1,2
347,656,322,0,3
347,657,372,3,0
347,659,372,3,0
347,660,372,3,0
347,661,322,0,3
347,662,322,0,3
347,663,372,3,0
347,665,372,3,0
347,667,322,0,3
347,668,322,0,3
347,670,322,0,3
347,671,322,0,3
347,672,322,0,3
347,673,322,0,3
347,674,372,3,0
347,675,372,3,0
347,676,322,0,3
347,677,322,0,3
347,680,322,0,3
347,681,372,3,0
347,682,322,0,3
347,683,322,0,3
347,684,322,0,3
347,685,348,2,1
347,687,372,3,0
347,688,322,0,3
347,689,322,0,3
347,690,322,0,3
347,691,322,0,3
347,692,322,0,3
347,693,348,2,1
347,694,322,0,3
347,697,322,0,3
347,698,372,3,0
347,699,372,3,0
347,701,372,3,0
347,703,322,0,3
347,704,372,3,0
347,705,372,3,0
347,707,372,3,0
347,709,322,0,3
347,713,322,0,3
347,714,372,3,0
347,718,322,0,3
347,719,372,3,0
347,720,322,0,3
347,724,372,3,0
348,626,347,1,2
348,627,347,1,2
348,628,373,3,0
348,629,347,1,2
348,630,323,0,3
348,631,347,1,2
348,634,347,1,2
348,635,347,1,2
348,636,347,1,2
348,637,347,1,2
348,639,347,1,2
348,642,323,0,3
348,643,347,1,2
348,644,347,1,2
348,645,347,1,2
348,646,349,2,1
348,647,347,1,2
348,648,323,0,3
348,649,347,1,2
348,650,347,1,2
348,651,347,1,2
348,652,347,1,2
348,653,347,1,2
348,655,349,2,1
348,657,347,1,2
348,660,347,1,2
348,661,323,0,3
348,662,323,0,3
348,663,347,1,2
348,666,347,1,2
348,669,347,1,2
348,672,323,0,3
348,674,347,1,2
348,677,347,1,2
348,678,347,1,2
348,679,347,1,2
348,680,323,0,3
348,681,347,1,2
348,682,347,1,2
348,683,347,1,2
348,685,349,2,1
348,686,347,1,2
348,687,347,1,2
348,691,323,0,3
348,692,347,1,2
348,693,349,2,1
348,695,347,1,2
348,697,347,1,2
348,698,373,3,0
348,699,373,3,0
348,700,347,1,2
348,701,347,1,2
348,702,347,1,2
348,705,347,1,2
348,707,347,1,2
348,708,347,1,2
348,709,347,1,2
348,710,347,1,2
348,711,347,1,2
348,714,373,3,0
348,715,347,1,2
348,717,347,1,2
348,719,347,1,2
348,720,347,1,2
348,722,347,1,2
348,723,347,1,2
348,724,373,3,0
349,628,374,3,0
349,629,348,1,2
349,630,324,0,3
349,634,348,1,2
349,637,348,1,2
349,642,324,0,3
349,643,348,1,2
349,644,348,1,2
349,647,348,1,2
349,648,324,0,3
349,651,348,1,2
349,652,348,1,2
349,657,348,1,2
349,658,374,3,0
349,660,348,1,2
349,661,324,0,3
349,662,324,0,3
349,663,348,1,2
349,674,348,1,2
349,677,348,1,2
349,680,324,0,3
349,681,348,1,2
349,682,348,1,2
349,683,348,1,2
349,685,325,2,3
349,687,348,1,2
349,691,324,0,3
349,693,325,2,3
349,696,374,3,0
349,697,348,1,2
349,698,374,3,0
349,699,374,3,0
349,705,348,1,2
349,707,348,1,2
349,709,348,1,2
349,714,374,3,0
349,719,348,1,2
349,720,348,1,2
349,724,374,3,0
350,628,375,2,0
350,629,374,3,2
350,630,325,0,2
350,634,374,3,2
350,637,374,3,2
350,642,325,0,2
350,643,374,3,2
350,647,374,3,2
350,648,325,0,2
350,651,374,3,2
350,658,375,2,0
350,660,374,3,2
350,661,325,0,2
350,662,325,0,2
350,663,374,3,2
350,674,374,3,2
350,677,374,3,2
350,680,325,0,2
350,681,374,3,2
350,682,374,3,2
350,683,374,3,2
350,687,374,3,2
350,691,325,0,2
350,693,325,0,2
350,696,375,2,0
350,698,351,1,1
350,699,375,2,0
350,705,374,3,2
350,707,374,3,2
350,709,374,3,2
350,714,375,2,0
350,719,374,3,2
350,720,374,3,2
350,724,351,1,1
351,628,376,3,0
351,629,350,1,1
351,630,326,0,3
351,634,350,1,1
351,642,326,0,3
351,643,350,1,1
351,647,350,1,1
351,648,326,0,3
351,662,326,0,3
351,677,350,1,1
351,680,326,0,3
351,681,350,1,1
351,687,350,1,1
351,691,326,0,3
351,693,326,0,3
351,699,376,3,0
351,714,376,3,0
351,719,350,1,1
351,724,352,2,1
352,628,377,3,0
352,630,327,0,3
352,642,327,0,3
352,643,351,1,2
352,647,351,1,2
352,648,327,0,3
352,662,327,0,3
352,681,351,1,2
352,691,327,0,3
352,693,327,0,3
352,699,377,3,0
352,719,351,1,2
353,628,378,3,0
353,630,328,0,3
353,642,328,0,3
353,643,354,2,1
353,648,328,0,3
353,662,328,0,3
353,681,352,1,2
353,691,328,0,3
353,699,378,3,0
354,628,379,3,0
354,642,329,0,3
354,643,355,2,1
354,670,353,1,2
354,691,329,0,3
355,628,380,3,0
355,630,330,0,3
355,642,330,0,3
355,643,356,2,1
355,648,330,0,3
355,662,330,0,3
355,681,356,2,1
355,691,330,0,3
355,693,330,0,3
355,699,380,3,0
355,719,356,2,1
356,628,381,3,0
356,630,331,0,3
356,642,331,0,3
356,643,357,2,1
356,647,357,2,1
356,648,331,0,3
356,662,331,0,3
356,677,357,2,1
356,681,357,2,1
356,691,331,0,3
356,693,331,0,3
356,699,381,3,0
356,719,357,2,1
356,724,724,103,0
357,628,382,3,0
357,629,358,2,1
357,630,332,0,3
357,634,358,2,1
357,637,358,2,1
357,642,332,0,3
357,643,358,2,1
357,647,358,2,1
357,648,332,0,3
357,651,358,2,1
357,658,382,3,0
357,660,358,2,1
357,661,332,0,3
357,662,332,0,3
357,663,358,2,1
357,674,358,2,1
357,677,358,2,1
357,680,332,0,3
357,681,358,2,1
357,682,358,2,1
357,683,358,2,1
357,687,358,2,1
357,691,332,0,3
357,693,332,0,3
357,696,382,3,0
357,698,698,77,0
357,699,382,3,0
357,705,358,2,1
357,707,358,2,1
357,709,358,2,1
357,714,382,3,0
357,719,358,2,1
357,720,358,2,1
357,724,356,1,2
358,628,383,3,0
358,629,359,2,1
358,630,333,0,3
358,634,359,2,1
358,637,359,2,1
358,642,333,0,3
358,643,359,2,1
358,644,359,2,1
358,647,359,2,1
358,648,333,0,3
358,651,359,2,1
358,652,359,2,1
358,657,359,2,1
358,658,383,3,0
358,660,359,2,1
358,661,333,0,3
358,662,333,0,3
358,663,359,2,1
358,674,359,2,1
358,677,359,2,1
358,680,333,0,3
358,681,359,2,1
358,682,359,2,1
358,683,359,2,1
358,685,333,0,3
358,687,359,2,1
358,691,333,0,3
358,693,333,0,3
358,696,383,3,0
358,697,359,2,1
358,698,357,1,2
358,699,383,3,0
358,705,359,2,1
358,707,359,2,1
358,709,359,2,1
358,714,383,3,0
358,719,359,2,1
358,720,359,2,1
358,724,357,1,2
359,628,384,3,0
359,629,360,2,1
359,630,334,0,3
359,634,360,2,1
359,637,360,2,1
359,642,334,0,3
359,643,360,2,1
359,644,360,2,1
359,647,360,2,1
359,648,334,0,3
359,651,360,2,1
359,652,360,2,1
359,655,360,2,1
359,657,360,2,1
359,658,384,3,0
359,660,360,2,1
359,661,334,0,3
359,662,334,0,3
359,663,360,2,1
359,672,334,0,3
359,674,360,2,1
359,677,360,2,1
359,680,334,0,3
359,681,360,2,1
359,682,360,2,1
359,683,360,2,1
359,685,334,0,3
359,687,360,2,1
359,691,334,0,3
359,693,334,0,3
359,696,384,3,0
359,697,360,2,1
359,698,358,1,2
359,699,384,3,0
359,705,360,2,1
359,707,360,2,1
359,709,360,2,1
359,714,384,3,0
359,719,360,2,1
359,720,360,2,1
359,724,358,1,2
360,628,385,3,0
360,629,361,2,1
360,630,335,0,3
360,634,385,3,0
360,637,335,0,3
360,642,335,0,3
360,643,385,3,0
360,644,335,0,3
360,645,385,3,0
360,647,385,3,0
360,648,335,0,3
360,651,385,3,0
360,658,385,3,0
360,661,335,0,3
360,662,335,0,3
360,674,385,3,0
360,677,335,0,3
360,680,335,0,3
360,681,385,3,0
360,682,385,3,0
360,683,335,0,3
360,687,361,2,1
360,691,335,0,3
360,692,385,3,0
360,698,359,1,2
360,699,385,3,0
360,701,385,3,0
360,705,385,3,0
360,707,361,2,1
360,714,385,3,0
360,719,385,3,0
360,724,359,1,2
361,628,360,1,2
361,629,362,2,1
361,630,360,1,2
361,634,386,3,0
361,637,336,0,3
361,642,360,1,2
361,643,386,3,0
361,644,336,0,3
361,645,386,3,0
361,646,360,1,2
361,647,386,3,0
361,648,360,1,2
361,651,386,3,0
361,652,336,0,3
361,657,386,3,0
361,658,360,1,2
361,660,386,3,0
361,661,360,1,2
361,662,360,1,2
361,663,386,3,0
361,674,386,3,0
361,677,336,0,3
361,680,360,1,2
361,681,386,3,0
361,682,386,3,0
361,683,336,0,3
361,685,360,1,2
361,687,362,2,1
361,691,360,1,2
361,692,386,3,0
361,693,360,1,2
361,696,360,1,2
361,697,336,0,3
361,698,360,1,2
361,699,360,1,2
361,701,386,3,0
361,705,386,3,0
361,707,362,2,1
361,709,336,0,3
361,714,360,1,2
361,719,386,3,0
361,720,336,0,3
361,724,360,1,2
362,628,361,1,2
362,629,363,2,1
362,630,361,1,2
362,634,387,3,0
362,637,337,0,3
362,642,361,1,2
362,643,387,3,0
362,644,337,0,3
362,645,387,3,0
362,647,387,3,0
362,648,361,1,2
362,651,387,3,0
362,652,337,0,3
362,657,387,3,0
362,658,361,1,2
362,660,387,3,0
362,661,361,1,2
362,662,361,1,2
362,663,387,3,0
362,674,387,3,0
362,677,337,0,3
362,680,361,1,2
362,681,387,3,0
362,682,387,3,0
362,683,337,0,3
362,685,361,1,2
362,687,363,2,1
362,691,361,1,2
362,693,361,1,2
362,696,361,1,2
362,697,337,0,3
362,698,361,1,2
362,699,361,1,2
362,705,387,3,0
362,707,363,2,1
362,709,337,0,3
362,714,361,1,2
362,719,387,3,0
362,720,337,0,3
362,724,361,1,2
363,628,362,1,2
363,629,364,2,1
363,630,362,1,2
363,634,388,3,0
363,637,338,0,3
363,642,362,1,2
363,643,388,3,0
363,645,388,3,0
363,647,388,3,0
363,648,362,1,2
363,651,388,3,0
363,658,362,1,2
363,660,388,3,0
363,661,362,1,2
363,662,362,1,2
363,663,388,3,0
363,674,388,3,0
363,677,338,0,3
363,680,362,1,2
363,681,388,3,0
363,682,388,3,0
363,683,338,0,3
363,687,364,2,1
363,691,362,1,2
363,693,362,1,2
363,696,362,1,2
363,698,362,1,2
363,699,362,1,2
363,705,388,3,0
363,707,707,86,0
363,709,338,0,3
363,714,362,1,2
363,719,388,3,0
363,720,338,0,3
363,724,362,1,2
364,628,363,1,2
364,630,363,1,2
364,642,363,1,2
364,643,389,3,0
364,645,389,3,0
364,647,389,3,0
364,648,363,1,2
364,662,363,1,2
364,677,339,0,3
364,681,389,3,0
364,691,363,1,2
364,693,363,1,2
364,699,363,1,2
364,719,389,3,0
364,724,363,1,2
365,628,364,1,2
365,630,364,1,2
365,642,364,1,2
365,643,390,3,0
365,645,390,3,0
365,648,364,1,2
365,662,364,1,2
365,681,390,3,0
365,691,364,1,2
365,693,364,1,2
365,699,364,1,2
365,719,390,3,0
366,670,367,2,1
366,691,365,1,2
367,628,368,2,1
367,630,368,2,1
367,642,368,2,1
367,643,366,1,2
367,648,368,2,1
367,662,368,2,1
367,681,392,3,0
367,691,368,2,1
367,699,368,2,1
368,628,369,2,1
368,630,369,2,1
368,642,369,2,1
368,643,393,3,0
368,645,393,3,0
368,647,393,3,0
368,648,369,2,1
368,662,369,2,1
368,681,393,3,0
368,691,369,2,1
368,693,369,2,1
368,699,369,2,1
368,719,393,3,0
369,628,370,2,1
369,629,629,8,0
369,630,370,2,1
369,634,394,3,0
369,642,370,2,1
369,643,394,3,0
369,645,394,3,0
369,647,394,3,0
369,648,370,2,1
369,662,370,2,1
369,677,344,0,3
369,680,370,2,1
369,681,394,3,0
369,687,687,66,0
369,691,370,2,1
369,693,370,2,1
369,699,370,2,1
369,714,370,2,1
369,719,394,3,0
369,724,370,2,1
370,628,371,2,1
370,629,369,1,2
370,630,371,2,1
370,634,395,3,0
370,637,345,0,3
370,642,371,2,1
370,643,395,3,0
370,645,395,3,0
370,647,395,3,0
370,648,371,2,1
370,651,395,3,0
370,658,371,2,1
370,660,395,3,0
370,661,371,2,1
370,662,371,2,1
370,663,395,3,0
370,674,395,3,0
370,677,345,0,3
370,680,371,2,1
370,681,395,3,0
370,682,395,3,0
370,683,345,0,3
370,687,369,1,2
370,691,371,2,1
370,693,371,2,1
370,696,371,2,1
370,698,371,2,1
370,699,371,2,1
370,705,395,3,0
370,707,369,1,2
370,709,345,0,3
370,714,371,2,1
370,719,395,3,0
370,720,345,0,3
370,724,371,2,1
371,628,372,2,1
371,629,370,1,2
371,630,372,2,1
371,634,396,3,0
371,637,346,0,3
371,642,372,2,1
371,643,396,3,0
371,644,346,0,3
371,645,396,3,0
371,647,396,3,0
371,648,372,2,1
371,651,396,3,0
371,652,346,0,3
371,657,396,3,0
371,658,372,2,1
371,660,396,3,0
371,661,372,2,1
371,662,372,2,1
371,663,396,3,0
371,674,396,3,0
371,677,346,0,3
371,680,372,2,1
371,681,396,3,0
371,682,396,3,0
371,683,346,0,3
371,685,372,2,1
371,687,370,1,2
371,691,372,2,1
371,693,372,2,1
371,696,372,2,1
371,697,346,0,3
371,698,372,2,1
371,699,372,2,1
371,705,396,3,0
371,707,370,1,2
371,709,346,0,3
371,714,372,2,1
371,719,396,3,0
371,720,346,0,3
371,724,372,2,1
372,625,397,3,0
372,628,397,3,0
372,629,371,1,2
372,630,347,0,3
372,632,397,3,0
372,634,397,3,0
372,637,347,0,3
372,638,397,3,0
372,640,347,0,3
372,641,347,0,3
372,642,347,0,3
372,643,397,3,0
372,644,347,0,3
372,645,397,3,0
372,646,371,1,2
372,647,397,3,0
372,648,347,0,3
372,651,397,3,0
372,652,347,0,3
372,654,397,3,0
372,655,371,1,2
372,656,347,0,3
372,657,397,3,0
372,658,397,3,0
372,659,397,3,0
372,660,397,3,0
372,661,347,0,3
372,662,347,0,3
372,663,397,3,0
372,665,397,3,0
372,667,347,0,3
372,668,347,0,3
372,670,347,0,3
372,671,347,0,3
372,672,347,0,3
372,673,347,0,3
372,674,397,3,0
372,675,397,3,0
372,676,347,0,3
372,677,347,0,3
372,680,347,0,3
372,681,397,3,0
372,682,397,3,0
372,683,347,0,3
372,684,397,3,0
372,687,371,1,2
372,688,347,0,3
372,689,347,0,3
372,690,347,0,3
372,691,347,0,3
372,692,397,3,0
372,694,347,0,3
372,697,347,0,3
372,698,373,2,1
372,699,397,3,0
372,701,397,3,0
372,703,347,0,3
372,705,397,3,0
372,707,371,1,2
372,709,347,0,3
372,713,347,0,3
372,714,397,3,0
372,718,347,0,3
372,719,397,3,0
372,720,347,0,3
372,724,373,2,1
373,626,372,1,2
373,627,372,1,2
373,628,398,3,0
373,629,372,1,2
373,630,348,0,3
373,631,372,1,2
373,634,372,1,2
373,635,372,1,2
373,636,372,1,2
373,637,372,1,2
373,639,372,1,2
373,642,348,0,3
373,643,372,1,2
373,644,372,1,2
373,645,372,1,2
373,646,374,2,1
373,647,372,1,2
373,648,348,0,3
373,649,372,1,2
373,650,372,1,2
373,651,372,1,2
373,652,372,1,2
373,653,372,1,2
373,655,374,2,1
373,657,372,1,2
373,658,398,3,0
373,660,372,1,2
373,661,348,0,3
373,662,348,0,3
373,663,372,1,2
373,666,372,1,2
373,669,372,1,2
373,672,348,0,3
373,674,372,1,2
373,677,372,1,2
373,678,372,1,2
373,679,372,1,2
373,680,348,0,3
373,681,372,1,2
373,682,372,1,2
373,683,372,1,2
373,686,372,1,2
373,687,372,1,2
373,691,348,0,3
373,692,372,1,2
373,695,372,1,2
373,697,372,1,2
373,698,374,2,1
373,699,398,3,0
373,700,372,1,2
373,701,372,1,2
373,702,372,1,2
373,705,372,1,2
373,707,372,1,2
373,708,372,1,2
373,709,372,1,2
373,710,372,1,2
373,711,372,1,2
373,714,398,3,0
373,715,372,1,2
373,717,372,1,2
373,719,372,1,2
373,720,372,1,2
373,722,372,1,2
373,723,372,1,2
373,724,374,2,1
374,628,399,3,0
374,629,373,1,2
374,630,349,0,3
374,634,373,1,2
374,637,373,1,2
374,642,349,0,3
374,643,373,1,2
374,644,373,1,2
374,647,373,1,2
374,648,349,0,3
374,651,373,1,2
374,652,373,1,2
374,657,373,1,2
374,658,399,3,0
374,660,373,1,2
374,661,349,0,3
374,662,349,0,3
374,663,373,1,2
374,674,373,1,2
374,677,373,1,2
374,680,349,0,3
374,681,373,1,2
374,682,373,1,2
374,683,373,1,2
374,685,349,0,3
374,687,373,1,2
374,691,349,0,3
374,693,349,0,3
374,696,399,3,0
374,697,373,1,2
374,698,350,2,3
374,699,399,3,0
374,705,373,1,2
374,707,373,1,2
374,709,373,1,2
374,714,399,3,0
374,719,373,1,2
374,720,373,1,2
374,724,350,2,3
375,628,376,1,1
375,629,399,3,2
375,630,350,0,2
375,634,399,3,2
375,637,399,3,2
375,642,350,0,2
375,643,399,3,2
375,647,399,3,2
375,648,350,0,2
375,651,399,3,2
375,658,400,2,0
375,660,399,3,2
375,661,350,0,2
375,662,350,0,2
375,663,399,3,2
375,674,399,3,2
375,677,399,3,2
375,680,350,0,2
375,681,399,3,2
375,682,399,3,2
375,683,399,3,2
375,687,399,3,2
375,691,350,0,2
375,693,350,0,2
375,696,400,2,0
375,698,350,0,2
375,699,400,2,0
375,705,399,3,2
375,707,399,3,2
375,709,399,3,2
375,714,400,2,0
375,719,399,3,2
375,720,399,3,2
375,724,350,0,2
376,628,377,2,1
376,629,375,1,1
376,630,351,0,3
376,634,375,1,1
376,642,351,0,3
376,643,375,1,1
376,647,375,1,1
376,648,351,0,3
376,662,351,0,3
376,677,375,1,1
376,680,351,0,3
376,681,375,1,1
376,687,375,1,1
376,691,351,0,3
376,693,351,0,3
376,699,401,3,0
376,714,401,3,0
376,719,375,1,1
376,724,351,0,3
377,628,378,2,1
377,630,352,0,3
377,642,352,0,3
377,643,376,1,2
377,647,376,1,2
377,648,352,0,3
377,662,352,0,3
377,681,376,1,2
377,691,352,0,3
377,693,352,0,3
377,699,402,3,0
377,719,376,1,2
378,630,353,0,3
378,642,353,0,3
378,643,379,2,1
378,648,353,0,3
378,662,353,0,3
378,681,377,1,2
378,691,353,0,3
378,699,403,3,0
379,628,628,7,0
379,642,354,0,3
379,643,380,2,1
379,670,378,1,2
379,691,354,0,3
380,628,379,1,2
380,630,355,0,3
380,642,355,0,3
380,643,381,2,1
380,648,355,0,3
380,662,355,0,3
380,681,381,2,1
380,691,355,0,3
380,693,355,0,3
380,699,405,3,0
380,719,381,2,1
381,628,380,1,2
381,630,356,0,3
381,642,356,0,3
381,643,382,2,1
381,647,382,2,1
381,648,356,0,3
381,662,356,0,3
381,677,382,2,1
381,681,382,2,1
381,691,356,0,3
381,693,356,0,3
381,699,406,3,0
381,719,382,2,1
381,724,356,0,3
382,628,381,1,2
382,629,383,2,1
382,630,357,0,3
382,634,383,2,1
382,637,383,2,1
382,642,357,0,3
382,643,383,2,1
382,647,383,2,1
382,648,357,0,3
382,651,383,2,1
382,658,407,3,0
382,660,383,2,1
382,661,357,0,3
382,662,357,0,3
382,663,383,2,1
382,674,383,2,1
382,677,383,2,1
382,680,357,0,3
382,681,383,2,1
382,682,383,2,1
382,683,383,2,1
382,687,383,2,1
382,691,357,0,3
382,693,357,0,3
382,696,407,3,0
382,698,357,0,3
382,699,407,3,0
382,705,383,2,1
382,707,383,2,1
382,709,383,2,1
382,714,407,3,0
382,719,383,2,1
382,720,383,2,1
382,724,357,0,3
383,628,382,1,2
383,629,384,2,1
383,630,358,0,3
383,634,384,2,1
383,637,384,2,1
383,642,358,0,3
383,643,384,2,1
383,644,384,2,1
383,647,384,2,1
383,648,358,0,3
383,651,384,2,1
383,652,384,2,1
383,657,384,2,1
383,658,408,3,0
383,660,384,2,1
383,661,358,0,3
383,662,358,0,3
383,663,384,2,1
383,674,384,2,1
383,677,384,2,1
383,680,358,0,3
383,681,384,2,1
383,682,384,2,1
383,683,384,2,1
383,685,358,0,3
383,687,384,2,1
383,691,358,0,3
383,693,358,0,3
383,696,408,3,0
383,697,384,2,1
383,698,358,0,3
383,699,408,3,0
383,705,384,2,1
383,707,384,2,1
383,709,384,2,1
383,714,408,3,0
383,719,384,2,1
383,720,384,2,1
383,724,358,0,3
384,628,383,1,2
384,629,385,2,1
384,630,359,0,3
384,634,385,2,1
384,637,385,2,1
384,642,359,0,3
384,643,385,2,1
384,644,385,2,1
384,647,385,2,1
384,648,359,0,3
384,651,385,2,1
384,652,385,2,1
384,655,385,2,1
384,657,385,2,1
384,658,409,3,0
384,660,385,2,1
384,661,359,0,3
384,662,359,0,3
384,663,385,2,1
384,672,359,0,3
384,674,385,2,1
384,677,385,2,1
384,680,359,0,3
384,681,385,2,1
384,682,385,2,1
384,683,385,2,1
384,685,359,0,3
384,687,385,2,1
384,691,359,0,3
384,693,359,0,3
384,696,409,3,0
384,697,385,2,1
384,698,359,0,3
384,699,409,3,0
384,705,385,2,1
384,707,385,2,1
384,709,385,2,1
384,714,409,3,0
384,719,385,2,1
384,720,385,2,1
384,724,359,0,3
385,628,384,1,2
385,630,360,0,3
385,634,410,3,0
385,637,360,0,3
385,642,360,0,3
385,643,410,3,0
385,647,410,3,0
385,648,360,0,3
385,651,410,3,0
385,655,410,3,0
385,658,410,3,0
385,661,360,0,3
385,662,360,0,3
385,663,386,2,1
385,674,410,3,0
385,681,410,3,0
385,682,410,3,0
385,691,360,0,3
385,692,410,3,0
385,693,360,0,3
385,699,410,3,0
385,705,410,3,0
385,707,360,0,3
385,714,410,3,0
385,719,410,3,0
386,628,385,1,2
386,629,361,0,3
386,630,385,1,2
386,634,411,3,0
386,637,361,0,3
386,642,385,1,2
386,643,411,3,0
386,644,361,0,3
386,646,385,1,2
386,647,411,3,0
386,648,385,1,2
386,651,411,3,0
386,652,361,0,3
386,657,411,3,0
386,658,385,1,2
386,660,411,3,0
386,661,385,1,2
386,662,385,1,2
386,663,387,2,1
386,674,411,3,0
386,677,361,0,3
386,680,385,1,2
386,681,411,3,0
386,682,411,3,0
386,683,361,0,3
386,685,385,1,2
386,687,361,0,3
386,691,385,1,2
386,692,411,3,0
386,693,385,1,2
386,696,385,1,2
386,697,361,0,3
386,698,385,1,2
386,699,385,1,2
386,701,411,3,0
386,705,411,3,0
386,707,361,0,3
386,709,361,0,3
386,714,385,1,2
386,719,411,3,0
386,720,361,0,3
386,724,385,1,2
387,628,386,1,2
387,629,362,0,3
387,630,386,1,2
387,634,412,3,0
387,637,362,0,3
387,642,386,1,2
387,643,412,3,0
387,644,362,0,3
387,647,412,3,0
387,648,386,1,2
387,651,412,3,0
387,652,362,0,3
387,657,412,3,0
387,658,386,1,2
387,660,412,3,0
387,661,386,1,2
387,662,386,1,2
387,663,388,2,1
387,674,412,3,0
387,677,362,0,3
387,680,386,1,2
387,681,412,3,0
387,682,412,3,0
387,683,362,0,3
387,685,386,1,2
387,687,362,0,3
387,691,386,1,2
387,693,386,1,2
387,696,386,1,2
387,697,362,0,3
387,698,386,1,2
387,699,386,1,2
387,705,412,3,0
387,707,362,0,3
387,709,362,0,3
387,714,386,1,2
387,719,412,3,0
387,720,362,0,3
387,724,386,1,2
388,628,387,1,2
388,629,363,0,3
388,630,387,1,2
388,634,413,3,0
388,637,363,0,3
388,642,387,1,2
388,643,413,3,0
388,647,413,3,0
388,648,387,1,2
388,651,413,3,0
388,658,387,1,2
388,660,413,3,0
388,661,387,1,2
388,662,387,1,2
388,663,663,42,0
388,674,413,3,0
388,677,363,0,3
388,680,387,1,2
388,681,413,3,0
388,682,413,3,0
388,683,363,0,3
388,687,363,0,3
388,691,387,1,2
388,693,387,1,2
388,696,387,1,2
388,698,387,1,2
388,699,387,1,2
388,705,413,3,0
388,707,363,0,3
388,709,363,0,3
388,714,387,1,2
388,719,413,3,0
388,720,363,0,3
388,724,387,1,2
389,628,388,1,2
389,630,388,1,2
389,642,388,1,2
389,643,414,3,0
389,647,414,3,0
389,648,388,1,2
389,662,388,1,2
389,677,364,0,3
389,681,414,3,0
389,691,388,1,2
389,693,388,1,2
389,699,388,1,2
389,719,414,3,0
389,724,388,1,2
390,628,389,1,2
390,630,389,1,2
390,642,389,1,2
390,643,415,3,0
390,648,389,1,2
390,662,389,1,2
390,681,415,3,0
390,691,389,1,2
390,693,389,1,2
390,699,389,1,2
390,719,415,3,0
391,670,392,2,1
391,691,390,1,2
392,628,393,2,1
392,630,393,2,1
392,642,393,2,1
392,643,391,1,2
392,648,393,2,1
392,662,393,2,1
392,681,417,3,0
392,691,393,2,1
392,699,393,2,1
393,628,394,2,1
393,630,394,2,1
393,642,394,2,1
393,643,418,3,0
393,647,418,3,0
393,648,394,2,1
393,662,394,2,1
393,681,418,3,0
393,691,394,2,1
393,693,394,2,1
393,699,394,2,1
393,719,418,3,0
394,628,395,2,1
394,629,369,0,3
394,630,395,2,1
394,634,419,3,0
394,642,395,2,1
394,643,419,3,0
394,647,419,3,0
394,648,395,2,1
394,662,395,2,1
394,677,369,0,3
394,680,395,2,1
394,681,419,3,0
394,687,369,0,3
394,691,395,2,1
394,693,395,2,1
394,699,395,2,1
394,714,395,2,1
394,719,419,3,0
394,724,395,2,1
395,628,396,2,1
395,629,370,0,3
395,630,396,2,1
395,634,420,3,0
395,637,370,0,3
395,642,396,2,1
395,643,420,3,0
395,647,420,3,0
395,648,396,2,1
395,651,420,3,0
395,658,396,2,1
395,660,420,3,0
395,661,396,2,1
395,662,396,2,1
395,663,394,1,2
395,674,420,3,0
395,677,370,0,3
395,680,396,2,1
395,681,420,3,0
395,682,420,3,0
395,683,370,0,3
395,687,370,0,3
395,691,396,2,1
395,693,396,2,1
395,696,396,2,1
395,698,396,2,1
395,699,396,2,1
395,705,420,3,0
395,707,370,0,3
395,709,370,0,3
395,714,396,2,1
395,719,420,3,0
395,720,370,0,3
395,724,396,2,1
396,628,397,2,1
396,629,371,0,3
396,630,397,2,1
396,634,421,3,0
396,637,371,0,3
396,642,397,2,1
396,643,421,3,0
396,644,371,0,3
396,647,421,3,0
396,648,397,2,1
396,651,421,3,0
396,652,371,0,3
396,657,421,3,0
396,658,397,2,1
396,660,421,3,0
396,661,397,2,1
396,662,397,2,1
396,663,395,1,2
396,674,421,3,0
396,677,371,0,3
396,680,397,2,1
396,681,421,3,0
396,682,421,3,0
396,683,371,0,3
396,685,397,2,1
396,687,371,0,3
396,691,397,2,1
396,693,397,2,1
396,696,397,2,1
396,697,371,0,3
396,698,397,2,1
396,699,397,2,1
396,705,421,3,0
396,707,371,0,3
396,709,371,0,3
396,714,397,2,1
396,719,421,3,0
396,720,371,0,3
396,724,397,2,1
397,625,422,3,0
397,628,398,2,1
397,629,372,0,3
397,630,372,0,3
397,632,422,3,0
397,633,372,0,3
397,634,422,3,0
397,637,372,0,3
397,638,422,3,0
397,640,372,0,3
397,641,422,3,0
397,642,372,0,3
397,643,422,3,0
397,644,372,0,3
397,646,396,1,2
397,647,422,3,0
397,648,372,0,3
397,651,422,3,0
397,652,372,0,3
397,654,422,3,0
397,655,396,1,2
397,656,372,0,3
397,657,422,3,0
397,658,422,3,0
397,659,422,3,0
397,660,422,3,0
397,661,372,0,3
397,662,372,0,3
397,663,396,1,2
397,665,422,3,0
397,667,372,0,3
397,668,372,0,3
397,670,372,0,3
397,671,372,0,3
397,672,372,0,3
397,673,372,0,3
397,674,422,3,0
397,676,372,0,3
397,677,372,0,3
397,681,422,3,0
397,682,422,3,0
397,683,372,0,3
397,684,422,3,0
397,687,372,0,3
397,688,372,0,3
397,689,372,0,3
397,690,372,0,3
397,691,372,0,3
397,692,422,3,0
397,693,372,0,3
397,694,372,0,3
397,697,372,0,3
397,699,422,3,0
397,701,422,3,0
397,703,372,0,3
397,704,372,0,3
397,705,422,3,0
397,707,372,0,3
397,709,372,0,3
397,713,372,0,3
397,714,422,3,0
397,718,372,0,3
397,719,422,3,0
397,720,372,0,3
398,626,397,1,2
398,627,397,1,2
398,628,399,2,1
398,629,397,1,2
398,630,373,0,3
398,634,397,1,2
398,635,397,1,2
398,636,397,1,2
398,637,397,1,2
398,639,397,1,2
398,642,373,0,3
398,643,397,1,2
398,644,397,1,2
398,645,397,1,2
398,646,399,2,1
398,647,397,1,2
398,648,373,0,3
398,649,397,1,2
398,650,397,1,2
398,651,397,1,2
398,652,397,1,2
398,653,397,1,2
398,655,399,2,1
398,657,397,1,2
398,658,423,3,0
398,660,397,1,2
398,661,373,0,3
398,662,373,0,3
398,663,397,1,2
398,666,397,1,2
398,669,397,1,2
398,672,373,0,3
398,674,397,1,2
398,677,397,1,2
398,678,397,1,2
398,679,397,1,2
398,681,397,1,2
398,682,397,1,2
398,683,397,1,2
398,686,397,1,2
398,687,397,1,2
398,691,373,0,3
398,692,397,1,2
398,693,373,0,3
398,695,397,1,2
398,697,397,1,2
398,699,423,3,0
398,700,397,1,2
398,701,397,1,2
398,702,397,1,2
398,705,397,1,2
398,707,397,1,2
398,708,397,1,2
398,709,397,1,2
398,710,397,1,2
398,714,423,3,0
398,715,397,1,2
398,717,397,1,2
398,719,397,1,2
398,720,397,1,2
398,722,397,1,2
398,723,397,1,2
399,628,375,2,3
399,629,398,1,2
399,630,374,0,3
399,634,398,1,2
399,637,398,1,2
399,642,374,0,3
399,643,398,1,2
399,644,398,1,2
399,647,398,1,2
399,648,374,0,3
399,651,398,1,2
399,652,398,1,2
399,657,398,1,2
399,658,424,3,0
399,660,398,1,2
399,661,374,0,3
399,662,374,0,3
399,663,398,1,2
399,674,398,1,2
399,677,398,1,2
399,680,374,0,3
399,681,398,1,2
399,682,398,1,2
399,683,398,1,2
399,685,374,0,3
399,687,398,1,2
399,691,374,0,3
399,693,374,0,3
399,696,424,3,0
399,697,398,1,2
399,698,374,0,3
399,699,424,3,0
399,705,398,1,2
399,707,398,1,2
399,709,398,1,2
399,714,424,3,0
399,719,398,1,2
399,720,398,1,2
399,724,374,0,3
400,628,375,0,2
400,629,424,3,2
400,630,375,0,2
400,634,424,3,2
400,637,424,3,2
400,642,425,2,0
400,643,424,3,2
400,647,424,3,2
400,648,375,0,2
400,651,424,3,2
400,658,425,2,0
400,660,424,3,2
400,661,375,0,2
400,662,375,0,2
400,663,424,3,2
400,674,424,3,2
400,677,424,3,2
400,680,375,0,2
400,681,424,3,2
400,682,424,3,2
400,683,424,3,2
400,687,424,3,2
400,691,375,0,2
400,693,375,0,2
400,696,425,2,0
400,698,375,0,2
400,699,401,1,1
400,705,424,3,2
400,707,424,3,2
400,709,424,3,2
400,714,425,2,0
400,719,424,3,2
400,720,424,3,2
400,724,375,0,2
401,628,376,0,3
401,629,400,1,1
401,630,376,0,3
401,634,400,1,1
401,642,426,3,0
401,643,400,1,1
401,647,400,1,1
401,648,376,0,3
401,662,376,0,3
401,677,400,1,1
401,680,376,0,3
401,681,400,1,1
401,687,400,1,1
401,691,376,0,3
401,693,376,0,3
401,699,402,2,1
401,714,426,3,0
401,719,400,1,1
401,724,376,0,3
402,628,377,0,3
402,630,377,0,3
402,642,427,3,0
402,643,401,1,2
402,647,401,1,2
402,648,377,0,3
402,662,377,0,3
402,681,401,1,2
402,691,377,0,3
402,693,377,0,3
402,699,403,2,1
402,719,401,1,2
403,628,378,0,3
403,630,378,0,3
403,642,428,3,0
403,643,404,2,1
403,648,378,0,3
403,662,378,0,3
403,681,402,1,2
403,691,378,0,3
403,699,699,78,0
404,628,379,0,3
404,642,429,3,0
404,643,405,2,1
404,670,403,1,2
404,691,379,0,3
405,628,380,0,3
405,630,380,0,3
405,642,430,3,0
405,643,406,2,1
405,648,380,0,3
405,662,380,0,3
405,681,406,2,1
405,691,380,0,3
405,693,380,0,3
405,699,404,1,2
405,719,406,2,1
406,628,381,0,3
406,630,381,0,3
406,642,431,3,0
406,643,407,2,1
406,647,407,2,1
406,648,381,0,3
406,662,381,0,3
406,677,407,2,1
406,681,407,2,1
406,691,381,0,3
406,693,381,0,3
406,699,405,1,2
406,719,407,2,1
406,724,381,0,3
407,628,382,0,3
407,629,408,2,1
407,630,382,0,3
407,634,408,2,1
407,637,408,2,1
407,642,432,3,0
407,643,408,2,1
407,647,408,2,1
407,648,382,0,3
407,651,408,2,1
407,658,432,3,0
407,660,408,2,1
407,661,382,0,3
407,662,382,0,3
407,663,408,2,1
407,674,408,2,1
407,677,408,2,1
407,680,382,0,3
407,681,408,2,1
407,682,408,2,1
407,683,408,2,1
407,687,408,2,1
407,691,382,0,3
407,693,382,0,3
407,696,432,3,0
407,698,382,0,3
407,699,406,1,2
407,705,408,2,1
407,707,408,2,1
407,709,408,2,1
407,714,432,3,0
407,719,408,2,1
407,720,408,2,1
407,724,382,0,3
408,628,383,0,3
408,629,409,2,1
408,630,383,0,3
408,634,409,2,1
408,637,409,2,1
408,642,433,3,0
408,643,409,2,1
408,644,409,2,1
408,647,409,2,1
408,648,383,0,3
408,651,409,2,1
408,652,409,2,1
408,657,409,2,1
408,658,433,3,0
408,660,409,2,1
408,661,383,0,3
408,662,383,0,3
408,663,409,2,1
408,674,409,2,1
408,677,409,2,1
408,680,383,0,3
408,681,409,2,1
408,682,409,2,1
408,683,409,2,1
408,685,383,0,3
408,687,409,2,1
408,691,383,0,3
408,693,383,0,3
408,696,433,3,0
408,697,409,2,1
408,698,383,0,3
408,699,407,1,2
408,705,409,2,1
408,707,409,2,1
408,709,409,2,1
408,714,433,3,0
408,719,409,2,1
408,720,409,2,1
408,724,383,0,3
409,628,384,0,3
409,629,410,2,1
409,630,384,0,3
409,634,410,2,1
409,637,410,2,1
409,642,434,3,0
409,643,410,2,1
409,644,410,2,1
409,647,410,2,1
409,648,384,0,3
409,651,410,2,1
409,652,410,2,1
409,655,410,2,1
409,657,410,2,1
409,658,434,3,0
409,660,410,2,1
409,661,384,0,3
409,662,384,0,3
409,663,410,2,1
409,672,384,0,3
409,674,410,2,1
409,677,410,2,1
409,680,384,0,3
409,681,410,2,1
409,682,410,2,1
409,683,410,2,1
409,685,384,0,3
409,687,410,2,1
409,691,384,0,3
409,693,384,0,3
409,696,434,3,0
409,697,410,2,1
409,698,384,0,3
409,699,408,1,2
409,705,410,2,1
409,707,410,2,1
409,709,410,2,1
409,714,434,3,0
409,719,410,2,1
409,720,410,2,1
409,724,384,0,3
410,630,385,0,3
410,634,435,3,0
410,643,435,3,0
410,647,435,3,0
410,648,385,0,3
410,651,435,3,0
410,655,435,3,0
410,658,435,3,0
410,661,385,0,3
410,662,385,0,3
410,663,385,0,3
410,674,435,3,0
410,681,435,3,0
410,682,435,3,0
410,691,385,0,3
410,693,385,0,3
410,696,435,3,0
410,699,409,1,2
410,705,435,3,0
410,707,385,0,3
410,714,435,3,0
410,719,435,3,0
410,720,435,3,0
410,722,435,3,0
411,628,410,1,2
411,629,386,0,3
411,630,410,1,2
411,634,436,3,0
411,637,386,0,3
411,642,410,1,2
411,643,436,3,0
411,644,386,0,3
411,646,410,1,2
411,647,436,3,0
411,648,410,1,2
411,651,436,3,0
411,652,386,0,3
411,657,436,3,0
411,658,410,1,2
411,660,436,3,0
411,661,410,1,2
411,662,410,1,2
411,663,386,0,3
411,674,436,3,0
411,677,386,0,3
411,680,410,1,2
411,681,436,3,0
411,682,436,3,0
411,683,386,0,3
411,685,410,1,2
411,687,386,0,3
411,691,410,1,2
411,692,436,3,0
411,693,410,1,2
411,696,410,1,2
411,697,386,0,3
411,698,410,1,2
411,699,410,1,2
411,701,436,3,0
411,705,436,3,0
411,707,386,0,3
411,709,386,0,3
411,714,410,1,2
411,719,436,3,0
411,720,436,3,0
411,722,436,3,0
411,724,410,1,2
412,628,411,1,2
412,629,387,0,3
412,630,411,1,2
412,634,437,3,0
412,637,387,0,3
412,642,411,1,2
412,643,437,3,0
412,644,387,0,3
412,647,437,3,0
412,648,411,1,2
412,651,437,3,0
412,652,387,0,3
412,657,437,3,0
412,658,411,1,2
412,660,437,3,0
412,661,411,1,2
412,662,411,1,2
412,663,387,0,3
412,674,437,3,0
412,677,387,0,3
412,680,411,1,2
412,681,437,3,0
412,682,437,3,0
412,683,387,0,3
412,685,411,1,2
412,687,387,0,3
412,691,411,1,2
412,693,411,1,2
412,696,411,1,2
412,697,387,0,3
412,698,411,1,2
412,699,411,1,2
412,705,437,3,0
412,707,387,0,3
412,709,387,0,3
412,714,411,1,2
412,719,437,3,0
412,720,437,3,0
412,722,437,3,0
412,724,411,1,2
413,628,412,1,2
413,629,388,0,3
413,630,412,1,2
413,634,438,3,0
413,637,388,0,3
413,642,412,1,2
413,643,438,3,0
413,647,438,3,0
413,648,412,1,2
413,651,438,3,0
413,658,412,1,2
413,660,438,3,0
413,661,412,1,2
413,662,412,1,2
413,663,388,0,3
413,674,438,3,0
413,677,388,0,3
413,680,412,1,2
413,681,438,3,0
413,682,438,3,0
413,683,388,0,3
413,687,388,0,3
413,691,412,1,2
413,693,412,1,2
413,696,412,1,2
413,698,412,1,2
413,699,412,1,2
413,705,438,3,0
413,707,388,0,3
413,709,388,0,3
413,714,412,1,2
413,719,438,3,0
413,720,438,3,0
413,724,412,1,2
414,628,413,1,2
414,630,413,1,2
414,642,413,1,2
414,643,439,3,0
414,647,439,3,0
414,648,413,1,2
414,662,413,1,2
414,677,389,0,3
414,681,439,3,0
414,691,413,1,2
414,693,413,1,2
414,699,413,1,2
414,719,439,3,0
414,724,413,1,2
415,628,414,1,2
415,630,414,1,2
415,642,414,1,2
415,643,440,3,0
415,648,414,1,2
415,662,414,1,2
415,681,440,3,0
415,691,414,1,2
415,693,414,1,2
415,699,414,1,2
415,719,440,3,0
416,670,417,2,1
416,691,415,1,2
417,628,418,2,1
417,630,418,2,1
417,642,418,2,1
417,643,416,1,2
417,648,418,2,1
417,662,418,2,1
417,681,442,3,0
417,691,418,2,1
417,699,418,2,1
418,628,419,2,1
418,630,419,2,1
418,642,419,2,1
418,643,443,3,0
418,647,443,3,0
418,648,419,2,1
418,662,419,2,1
418,681,443,3,0
418,691,419,2,1
418,693,419,2,1
418,699,419,2,1
418,719,443,3,0
419,628,420,2,1
419,629,394,0,3
419,630,420,2,1
419,634,444,3,0
419,642,420,2,1
419,643,444,3,0
419,647,444,3,0
419,648,420,2,1
419,662,420,2,1
419,677,394,0,3
419,680,420,2,1
419,681,444,3,0
419,687,394,0,3
419,691,420,2,1
419,693,420,2,1
419,699,420,2,1
419,714,420,2,1
419,719,444,3,0
419,724,420,2,1
420,628,421,2,1
420,629,395,0,3
420,630,421,2,1
420,634,445,3,0
420,637,395,0,3
420,642,421,2,1
420,643,445,3,0
420,647,445,3,0
420,648,421,2,1
420,651,445,3,0
420,658,421,2,1
420,660,445,3,0
420,661,421,2,1
420,662,421,2,1
420,663,395,0,3
420,674,445,3,0
420,677,395,0,3
420,680,421,2,1
420,681,445,3,0
420,682,445,3,0
420,683,395,0,3
420,687,395,0,3
420,691,421,2,1
420,693,421,2,1
420,696,421,2,1
420,698,421,2,1
420,699,421,2,1
420,705,445,3,0
420,707,395,0,3
420,709,395,0,3
420,714,421,2,1
420,719,445,3,0
420,720,445,3,0
420,724,421,2,1
421,628,422,2,1
421,629,396,0,3
421,630,422,2,1
421,634,446,3,0
421,637,396,0,3
421,642,422,2,1
421,643,446,3,0
421,644,396,0,3
421,647,446,3,0
421,648,422,2,1
421,651,446,3,0
421,652,396,0,3
421,657,446,3,0
421,658,422,2,1
421,660,446,3,0
421,661,422,2,1
421,662,422,2,1
421,663,396,0,3
421,674,446,3,0
421,677,396,0,3
421,680,422,2,1
421,681,446,3,0
421,682,446,3,0
421,683,396,0,3
421,685,422,2,1
421,687,396,0,3
421,691,422,2,1
421,693,422,2,1
421,696,422,2,1
421,697,396,0,3
421,698,422,2,1
421,699,422,2,1
421,705,446,3,0
421,707,396,0,3
421,709,396,0,3
421,714,422,2,1
421,719,446,3,0
421,720,446,3,0
421,722,446,3,0
421,724,422,2,1
422,625,447,3,0
422,629,397,0,3
422,630,397,0,3
422,632,447,3,0
422,633,397,0,3
422,634,447,3,0
422,637,397,0,3
422,638,447,3,0
422,640,397,0,3
422,641,447,3,0
422,643,447,3,0
422,644,397,0,3
422,646,421,1,2
422,647,447,3,0
422,648,397,0,3
422,651,447,3,0
422,652,397,0,3
422,654,447,3,0
422,655,421,1,2
422,656,397,0,3
422,657,447,3,0
422,658,447,3,0
422,660,447,3,0
422,661,397,0,3
422,662,397,0,3
422,663,397,0,3
422,665,447,3,0
422,667,397,0,3
422,668,397,0,3
422,670,397,0,3
422,671,397,0,3
422,672,397,0,3
422,673,397,0,3
422,674,447,3,0
422,675,397,0,3
422,676,397,0,3
422,677,397,0,3
422,681,447,3,0
422,682,447,3,0
422,683,397,0,3
422,684,447,3,0
422,687,397,0,3
422,688,397,0,3
422,689,397,0,3
422,690,447,3,0
422,691,397,0,3
422,692,447,3,0
422,693,397,0,3
422,694,397,0,3
422,696,447,3,0
422,697,397,0,3
422,699,423,2,1
422,701,447,3,0
422,703,397,0,3
422,704,397,0,3
422,705,447,3,0
422,707,397,0,3
422,709,397,0,3
422,713,397,0,3
422,714,447,3,0
422,718,397,0,3
422,719,447,3,0
422,720,447,3,0
422,722,447,3,0
423,626,422,1,2
423,627,422,1,2
423,629,422,1,2
423,630,398,0,3
423,631,422,1,2
423,634,422,1,2
423,635,422,1,2
423,636,422,1,2
423,637,422,1,2
423,643,422,1,2
423,644,422,1,2
423,645,422,1,2
423,646,424,2,1
423,647,422,1,2
423,648,398,0,3
423,649,422,1,2
423,651,422,1,2
423,652,422,1,2
423,653,422,1,2
423,655,424,2,1
423,657,422,1,2
423,658,448,3,0
423,660,422,1,2
423,661,398,0,3
423,662,398,0,3
423,663,422,1,2
423,666,422,1,2
423,669,422,1,2
423,672,398,0,3
423,674,422,1,2
423,677,422,1,2
423,678,422,1,2
423,679,422,1,2
423,681,422,1,2
423,682,422,1,2
423,683,422,1,2
423,686,422,1,2
423,687,422,1,2
423,691,398,0,3
423,692,422,1,2
423,693,398,0,3
423,695,422,1,2
423,696,448,3,0
423,697,422,1,2
423,699,424,2,1
423,701,422,1,2
423,702,422,1,2
423,705,422,1,2
423,707,422,1,2
423,708,422,1,2
423,709,422,1,2
423,711,422,1,2
423,714,448,3,0
423,715,422,1,2
423,717,422,1,2
423,719,422,1,2
423,720,422,1,2
423,722,422,1,2
423,723,422,1,2
424,628,399,0,3
424,629,423,1,2
424,630,399,0,3
424,634,423,1,2
424,637,423,1,2
424,642,449,3,0
424,643,423,1,2
424,644,423,1,2
424,647,423,1,2
424,648,399,0,3
424,651,423,1,2
424,652,423,1,2
424,657,423,1,2
424,658,449,3,0
424,660,423,1,2
424,661,399,0,3
424,662,399,0,3
424,663,423,1,2
424,674,423,1,2
424,677,423,1,2
424,680,399,0,3
424,681,423,1,2
424,682,423,1,2
424,683,423,1,2
424,685,399,0,3
424,687,423,1,2
424,691,399,0,3
424,693,399,0,3
424,696,449,3,0
424,697,423,1,2
424,698,399,0,3
424,699,400,2,3
424,705,423,1,2
424,707,423,1,2
424,709,423,1,2
424,714,449,3,0
424,719,423,1,2
424,720,423,1,2
424,724,399,0,3
425,628,400,0,2
425,629,449,3,2
425,630,400,0,2
425,634,449,3,2
425,637,449,3,2
425,642,450,2,0
425,643,449,3,2
425,647,449,3,2
425,648,450,2,0
425,651,449,3,2
425,658,450,2,0
425,660,449,3,2
425,661,400,0,2
425,662,400,0,2
425,663,449,3,2
425,674,449,3,2
425,677,449,3,2
425,680,400,0,2
425,681,449,3,2
425,682,449,3,2
425,683,449,3,2
425,687,449,3,2
425,691,400,0,2
425,693,400,0,2
425,696,450,2,0
425,698,400,0,2
425,699,400,0,2
425,705,449,3,2
425,707,449,3,2
425,709,449,3,2
425,714,450,2,0
425,719,449,3,2
425,720,449,3,2
425,724,400,0,2
426,628,401,0,3
426,629,425,1,1
426,630,401,0,3
426,634,425,1,1
426,642,451,3,0
426,643,425,1,1
426,647,425,1,1
426,648,451,3,0
426,662,401,0,3
426,677,425,1,1
426,680,401,0,3
426,681,425,1,1
426,687,425,1,1
426,691,401,0,3
426,693,401,0,3
426,699,401,0,3
426,714,451,3,0
426,719,425,1,1
426,724,401,0,3
427,628,402,0,3
427,630,402,0,3
427,642,452,3,0
427,643,426,1,2
427,647,426,1,2
427,648,452,3,0
427,662,402,0,3
427,681,426,1,2
427,691,402,0,3
427,693,402,0,3
427,699,402,0,3
427,719,426,1,2
428,628,403,0,3
428,630,403,0,3
428,642,453,3,0
428,643,429,2,1
428,648,453,3,0
428,662,403,0,3
428,681,427,1,2
428,691,403,0,3
428,699,403,0,3
429,628,404,0,3
429,642,454,3,0
429,643,430,2,1
429,670,428,1,2
429,691,404,0,3
430,628,405,0,3
430,630,405,0,3
430,642,455,3,0
430,643,431,2,1
430,648,455,3,0
430,662,405,0,3
430,681,431,2,1
430,691,405,0,3
430,693,405,0,3
430,699,405,0,3
430,719,431,2,1
431,628,406,0,3
431,630,406,0,3
431,642,456,3,0
431,643,432,2,1
431,647,432,2,1
431,648,456,3,0
431,662,406,0,3
431,677,432,2,1
431,681,432,2,1
431,691,406,0,3
431,693,406,0,3
431,699,406,0,3
431,719,432,2,1
431,724,406,0,3
432,628,407,0,3
432,629,433,2,1
432,630,407,0,3
432,634,433,2,1
432,637,433,2,1
432,642,457,3,0
432,643,433,2,1
432,647,433,2,1
432,648,457,3,0
432,651,433,2,1
432,658,457,3,0
432,660,433,2,1
432,661,407,0,3
432,662,407,0,3
432,663,433,2,1
432,674,433,2,1
432,677,433,2,1
432,680,407,0,3
432,681,433,2,1
432,682,433,2,1
432,683,433,2,1
432,687,433,2,1
432,691,407,0,3
432,693,407,0,3
432,696,457,3,0
432,698,407,0,3
432,699,407,0,3
432,705,433,2,1
432,707,433,2,1
432,709,433,2,1
432,714,457,3,0
432,719,433,2,1
432,720,433,2,1
432,724,407,0,3
433,628,408,0,3
433,629,434,2,1
433,630,408,0,3
433,634,434,2,1
433,637,434,2,1
433,642,458,3,0
433,643,434,2,1
433,644,434,2,1
433,647,434,2,1
433,648,458,3,0
433,651,434,2,1
433,652,434,2,1
433,657,434,2,1
433,658,458,3,0
433,660,434,2,1
433,661,408,0,3
433,662,408,0,3
433,663,434,2,1
433,674,434,2,1
433,677,434,2,1
433,680,408,0,3
433,681,434,2,1
433,682,434,2,1
433,683,434,2,1
433,685,408,0,3
433,687,434,2,1
433,691,408,0,3
433,693,408,0,3
433,696,458,3,0
433,697,434,2,1
433,698,408,0,3
433,699,408,0,3
433,705,434,2,1
433,707,434,2,1
433,709,434,2,1
433,714,458,3,0
433,719,434,2,1
433,720,434,2,1
433,724,408,0,3
434,628,409,0,3
434,629,435,2,1
434,630,409,0,3
434,634,435,2,1
434,637,435,2,1
434,642,459,3,0
434,643,435,2,1
434,644,435,2,1
434,647,435,2,1
434,648,459,3,0
434,651,435,2,1
434,652,435,2,1
434,655,435,2,1
434,657,435,2,1
434,658,459,3,0
434,660,435,2,1
434,661,409,0,3
434,662,409,0,3
434,663,435,2,1
434,672,409,0,3
434,674,435,2,1
434,677,435,2,1
434,680,409,0,3
434,681,435,2,1
434,682,435,2,1
434,683,435,2,1
434,685,409,0,3
434,687,435,2,1
434,691,409,0,3
434,693,409,0,3
434,696,459,3,0
434,697,435,2,1
434,698,409,0,3
434,699,409,0,3
434,705,435,2,1
434,707,435,2,1
434,709,435,2,1
434,714,459,3,0
434,719,435,2,1
434,720,435,2,1
434,724,409,0,3
435,627,436,2,1
435,628,410,0,3
435,630,410,0,3
435,634,460,3,0
435,642,460,3,0
435,643,460,3,0
435,647,460,3,0
435,648,460,3,0
435,651,460,3,0
435,658,460,3,0
435,660,436,2,1
435,661,410,0,3
435,662,410,0,3
435,663,410,0,3
435,674,460,3,0
435,677,460,3,0
435,681,460,3,0
435,682,460,3,0
435,691,410,0,3
435,693,410,0,3
435,696,460,3,0
435,699,410,0,3
435,705,460,3,0
435,707,410,0,3
435,719,460,3,0
435,720,460,3,0
436,627,437,2,1
436,628,435,1,2
436,629,411,0,3
436,630,435,1,2
436,634,461,3,0
436,637,411,0,3
436,642,435,1,2
436,643,461,3,0
436,644,411,0,3
436,646,435,1,2
436,647,461,3,0
436,648,435,1,2
436,651,461,3,0
436,652,411,0,3
436,657,461,3,0
436,658,435,1,2
436,660,437,2,1
436,661,435,1,2
436,662,435,1,2
436,663,411,0,3
436,674,461,3,0
436,677,461,3,0
436,680,435,1,2
436,681,461,3,0
436,682,461,3,0
436,683,411,0,3
436,685,435,1,2
436,687,411,0,3
436,691,435,1,2
436,692,461,3,0
436,693,435,1,2
436,696,435,1,2
436,697,411,0,3
436,698,435,1,2
436,699,435,1,2
436,701,461,3,0
436,705,461,3,0
436,707,411,0,3
436,709,411,0,3
436,714,435,1,2
436,719,461,3,0
436,720,461,3,0
436,724,435,1,2
437,627,627,6,0
437,628,436,1,2
437,629,412,0,3
437,630,436,1,2
437,634,462,3,0
437,637,412,0,3
437,642,436,1,2
437,643,462,3,0
437,644,412,0,3
437,647,462,3,0
437,648,436,1,2
437,651,462,3,0
437,652,412,0,3
437,657,462,3,0
437,658,436,1,2
437,660,438,2,1
437,661,436,1,2
437,662,436,1,2
437,663,412,0,3
437,674,462,3,0
437,677,462,3,0
437,680,436,1,2
437,681,462,3,0
437,682,462,3,0
437,683,412,0,3
437,685,436,1,2
437,687,412,0,3
437,691,436,1,2
437,693,436,1,2
437,696,436,1,2
437,697,412,0,3
437,698,436,1,2
437,699,436,1,2
437,705,462,3,0
437,707,412,0,3
437,709,412,0,3
437,714,436,1,2
437,719,462,3,0
437,720,462,3,0
437,724,436,1,2
438,628,437,1,2
438,629,413,0,3
438,630,437,1,2
438,634,463,3,0
438,637,413,0,3
438,642,437,1,2
438,643,463,3,0
438,647,463,3,0
438,648,437,1,2
438,651,463,3,0
438,658,437,1,2
438,660,660,39,0
438,661,437,1,2
438,662,437,1,2
438,663,413,0,3
438,674,463,3,0
438,677,463,3,0
438,680,437,1,2
438,681,463,3,0
438,682,463,3,0
438,683,413,0,3
438,687,413,0,3
438,691,437,1,2
438,693,437,1,2
438,696,437,1,2
438,698,437,1,2
438,699,437,1,2
438,705,463,3,0
438,707,413,0,3
438,709,413,0,3
438,714,437,1,2
438,719,463,3,0
438,720,463,3,0
438,724,437,1,2
439,628,438,1,2
439,630,438,1,2
439,642,438,1,2
439,643,464,3,0
439,647,464,3,0
439,648,438,1,2
439,662,438,1,2
439,677,464,3,0
439,681,464,3,0
439,691,438,1,2
439,693,438,1,2
439,699,438,1,2
439,719,464,3,0
439,724,438,1,2
440,628,439,1,2
440,630,439,1,2
440,642,439,1,2
440,643,465,3,0
440,648,439,1,2
440,662,439,1,2
440,681,465,3,0
440,691,439,1,2
440,693,439,1,2
440,699,439,1,2
440,719,465,3,0
441,670,442,2,1
441,691,440,1,2
442,628,443,2,1
442,630,443,2,1
442,642,443,2,1
442,643,441,1,2
442,648,443,2,1
442,662,443,2,1
442,681,467,3,0
442,691,443,2,1
442,699,443,2,1
443,628,444,2,1
443,630,444,2,1
443,642,444,2,1
443,643,468,3,0
443,647,468,3,0
443,648,444,2,1
443,662,444,2,1
443,681,468,3,0
443,691,444,2,1
443,693,444,2,1
443,699,444,2,1
443,719,468,3,0
444,628,445,2,1
444,629,419,0,3
444,630,445,2,1
444,634,469,3,0
444,642,445,2,1
444,643,469,3,0
444,647,469,3,0
444,648,445,2,1
444,662,445,2,1
444,677,469,3,0
444,680,445,2,1
444,681,469,3,0
444,687,419,0,3
444,691,445,2,1
444,693,445,2,1
444,699,445,2,1
444,714,445,2,1
444,719,469,3,0
444,724,445,2,1
445,628,446,2,1
445,629,420,0,3
445,630,446,2,1
445,634,470,3,0
445,637,420,0,3
445,642,446,2,1
445,643,470,3,0
445,647,470,3,0
445,648,446,2,1
445,651,470,3,0
445,658,446,2,1
445,660,444,1,2
445,661,446,2,1
445,662,446,2,1
445,663,420,0,3
445,674,470,3,0
445,677,470,3,0
445,680,446,2,1
445,681,470,3,0
445,682,470,3,0
445,683,420,0,3
445,687,420,0,3
445,691,446,2,1
445,693,446,2,1
445,696,446,2,1
445,698,446,2,1
445,699,446,2,1
445,705,470,3,0
445,707,420,0,3
445,709,420,0,3
445,714,446,2,1
445,719,470,3,0
445,720,470,3,0
445,724,446,2,1
446,627,445,1,2
446,628,447,2,1
446,629,421,0,3
446,630,447,2,1
446,634,471,3,0
446,637,421,0,3
446,642,447,2,1
446,643,471,3,0
446,644,421,0,3
446,647,471,3,0
446,648,447,2,1
446,651,471,3,0
446,652,421,0,3
446,657,471,3,0
446,658,447,2,1
446,660,445,1,2
446,661,447,2,1
446,662,447,2,1
446,663,421,0,3
446,674,471,3,0
446,677,471,3,0
446,680,447,2,1
446,681,471,3,0
446,682,471,3,0
446,683,421,0,3
446,685,447,2,1
446,687,421,0,3
446,691,447,2,1
446,693,447,2,1
446,696,447,2,1
446,697,421,0,3
446,698,447,2,1
446,699,447,2,1
446,705,471,3,0
446,707,421,0,3
446,709,421,0,3
446,714,447,2,1
446,719,471,3,0
446,720,471,3,0
446,724,447,2,1
447,625,472,3,0
447,627,446,1,2
447,628,422,0,3
447,629,422,0,3
447,630,422,0,3
447,632,472,3,0
447,633,422,0,3
447,634,472,3,0
447,637,422,0,3
447,638,472,3,0
447,640,422,0,3
447,641,472,3,0
447,642,472,3,0
447,643,472,3,0
447,644,422,0,3
447,646,446,1,2
447,647,472,3,0
447,648,472,3,0
447,651,472,3,0
447,652,422,0,3
447,654,472,3,0
447,655,446,1,2
447,656,472,3,0
447,657,472,3,0
447,658,472,3,0
447,659,422,0,3
447,660,446,1,2
447,661,422,0,3
447,662,422,0,3
447,663,422,0,3
447,665,472,3,0
447,667,422,0,3
447,668,422,0,3
447,670,422,0,3
447,671,422,0,3
447,672,422,0,3
447,673,422,0,3
447,674,472,3,0
447,675,422,0,3
447,676,422,0,3
447,677,472,3,0
447,681,472,3,0
447,682,472,3,0
447,683,422,0,3
447,684,472,3,0
447,687,422,0,3
447,688,422,0,3
447,689,422,0,3
447,690,472,3,0
447,691,422,0,3
447,692,472,3,0
447,693,422,0,3
447,694,422,0,3
447,696,472,3,0
447,697,422,0,3
447,699,422,0,3
447,701,472,3,0
447,703,422,0,3
447,704,422,0,3
447,705,472,3,0
447,707,422,0,3
447,709,422,0,3
447,713,422,0,3
447,718,422,0,3
447,719,472,3,0
447,720,472,3,0
448,626,447,1,2
448,627,447,1,2
448,628,423,0,3
448,629,447,1,2
448,630,423,0,3
448,631,447,1,2
448,634,447,1,2
448,635,447,1,2
448,636,447,1,2
448,637,447,1,2
448,639,447,1,2
448,642,473,3,0
448,643,447,1,2
448,644,447,1,2
448,645,447,1,2
448,646,449,2,1
448,647,447,1,2
448,648,473,3,0
448,649,447,1,2
448,650,447,1,2
448,651,447,1,2
448,652,447,1,2
448,653,447,1,2
448,655,449,2,1
448,657,447,1,2
448,658,473,3,0
448,660,447,1,2
448,661,423,0,3
448,662,423,0,3
448,663,447,1,2
448,666,447,1,2
448,669,447,1,2
448,672,423,0,3
448,674,447,1,2
448,677,447,1,2
448,678,447,1,2
448,679,447,1,2
448,681,447,1,2
448,682,447,1,2
448,683,447,1,2
448,686,447,1,2
448,687,447,1,2
448,691,423,0,3
448,692,447,1,2
448,693,423,0,3
448,695,447,1,2
448,696,473,3,0
448,697,447,1,2
448,699,423,0,3
448,700,447,1,2
448,701,447,1,2
448,702,447,1,2
448,705,447,1,2
448,707,447,1,2
448,708,447,1,2
448,709,447,1,2
448,710,447,1,2
448,711,447,1,2
448,715,447,1,2
448,717,447,1,2
448,719,447,1,2
448,720,447,1,2
448,722,447,1,2
448,723,447,1,2
449,628,424,0,3
449,629,448,1,2
449,630,424,0,3
449,634,448,1,2
449,637,448,1,2
449,642,474,3,0
449,643,448,1,2
449,644,448,1,2
449,647,448,1,2
449,648,474,3,0
449,651,448,1,2
449,652,448,1,2
449,657,448,1,2
449,658,474,3,0
449,660,448,1,2
449,661,424,0,3
449,662,424,0,3
449,663,448,1,2
449,674,448,1,2
449,677,448,1,2
449,680,424,0,3
449,681,448,1,2
449,682,448,1,2
449,683,448,1,2
449,685,424,0,3
449,687,448,1,2
449,691,424,0,3
449,693,424,0,3
449,696,474,3,0
449,697,448,1,2
449,698,424,0,3
449,699,424,0,3
449,705,448,1,2
449,707,448,1,2
449,709,448,1,2
449,714,474,3,0
449,719,448,1,2
449,720,448,1,2
449,724,424,0,3
450,628,425,0,2
450,629,474,3,2
450,630,425,0,2
450,634,474,3,2
450,637,474,3,2
450,642,475,2,0
450,643,474,3,2
450,647,474,3,2
450,648,475,2,0
450,651,474,3,2
450,658,475,2,0
450,660,474,3,2
450,661,425,0,2
450,662,475,2,0
450,663,474,3,2
450,674,474,3,2
450,677,474,3,2
450,680,475,2,0
450,681,474,3,2
450,682,474,3,2
450,683,474,3,2
450,687,474,3,2
450,689,475,2,0
450,691,425,0,2
450,693,425,0,2
450,696,475,2,0
450,698,425,0,2
450,699,425,0,2
450,705,474,3,2
450,707,474,3,2
450,709,474,3,2
450,714,475,2,0
450,719,474,3,2
450,720,474,3,2
450,724,425,0,2
451,628,426,0,3
451,629,450,1,1
451,630,426,0,3
451,634,450,1,1
451,642,476,3,0
451,643,450,1,1
451,647,450,1,1
451,648,476,3,0
451,662,476,3,0
451,677,450,1,1
451,680,476,3,0
451,681,450,1,1
451,687,450,1,1
451,691,426,0,3
451,693,426,0,3
451,699,426,0,3
451,714,476,3,0
451,719,450,1,1
451,724,426,0,3
452,628,427,0,3
452,630,427,0,3
452,642,477,3,0
452,643,451,1,2
452,647,451,1,2
452,648,477,3,0
452,662,477,3,0
452,681,451,1,2
452,691,427,0,3
452,693,427,0,3
452,699,427,0,3
452,719,451,1,2
453,628,428,0,3
453,630,428,0,3
453,642,478,3,0
453,643,454,2,1
453,648,478,3,0
453,662,478,3,0
453,681,452,1,2
453,691,428,0,3
453,699,428,0,3
454,628,429,0,3
454,642,479,3,0
454,643,455,2,1
454,670,453,1,2
454,691,429,0,3
455,628,430,0,3
455,630,430,0,3
455,642,480,3,0
455,643,456,2,1
455,648,480,3,0
455,662,480,3,0
455,681,456,2,1
455,691,430,0,3
455,693,430,0,3
455,699,430,0,3
455,719,456,2,1
456,628,431,0,3
456,630,431,0,3
456,642,481,3,0
456,643,457,2,1
456,647,457,2,1
456,648,481,3,0
456,662,481,3,0
456,677,457,2,1
456,681,457,2,1
456,691,431,0,3
456,693,431,0,3
456,699,431,0,3
456,719,457,2,1
456,724,431,0,3
457,628,432,0,3
457,629,458,2,1
457,630,432,0,3
457,634,458,2,1
457,637,458,2,1
457,642,482,3,0
457,643,458,2,1
457,647,458,2,1
457,648,482,3,0
457,651,458,2,1
457,658,482,3,0
457,660,458,2,1
457,661,432,0,3
457,662,482,3,0
457,663,458,2,1
457,674,458,2,1
457,677,458,2,1
457,680,482,3,0
457,681,458,2,1
457,682,458,2,1
457,683,458,2,1
457,687,458,2,1
457,689,482,3,0
457,691,432,0,3
457,693,432,0,3
457,696,482,3,0
457,698,432,0,3
457,699,432,0,3
457,705,458,2,1
457,707,458,2,1
457,709,458,2,1
457,714,482,3,0
457,719,458,2,1
457,720,458,2,1
457,724,432,0,3
458,628,433,0,3
458,629,459,2,1
458,630,433,0,3
458,634,459,2,1
458,637,459,2,1
458,642,483,3,0
458,643,459,2,1
458,644,459,2,1
458,647,459,2,1
458,648,483,3,0
458,651,459,2,1
458,652,459,2,1
458,657,459,2,1
458,658,483,3,0
458,660,459,2,1
458,661,433,0,3
458,662,483,3,0
458,663,459,2,1
458,674,459,2,1
458,677,459,2,1
458,680,483,3,0
458,681,459,2,1
458,682,459,2,1
458,683,459,2,1
458,685,433,0,3
458,687,459,2,1
458,689,483,3,0
458,691,433,0,3
458,693,433,0,3
458,696,483,3,0
458,697,459,2,1
458,698,433,0,3
458,699,433,0,3
458,705,459,2,1
458,707,459,2,1
458,709,459,2,1
458,714,483,3,0
458,719,459,2,1
458,720,459,2,1
458,724,433,0,3
459,628,434,0,3
459,629,460,2,1
459,630,434,0,3
459,634,460,2,1
459,637,460,2,1
459,642,484,3,0
459,643,460,2,1
459,644,460,2,1
459,647,460,2,1
459,648,484,3,0
459,651,460,2,1
459,652,460,2,1
459,655,460,2,1
459,657,460,2,1
459,658,484,3,0
459,660,460,2,1
459,661,434,0,3
459,662,484,3,0
459,663,460,2,1
459,672,434,0,3
459,674,460,2,1
459,677,460,2,1
459,680,484,3,0
459,681,460,2,1
459,682,460,2,1
459,683,460,2,1
459,685,434,0,3
459,687,460,2,1
459,689,484,3,0
459,691,434,0,3
459,693,434,0,3
459,696,484,3,0
459,697,460,2,1
459,698,434,0,3
459,699,434,0,3
459,705,460,2,1
459,707,460,2,1
459,709,460,2,1
459,714,484,3,0
459,719,460,2,1
459,720,460,2,1
459,724,434,0,3
460,627,435,0,3
460,628,435,0,3
460,629,435,0,3
460,630,435,0,3
460,634,485,3,0
460,642,485,3,0
460,643,485,3,0
460,647,485,3,0
460,648,485,3,0
460,657,461,2,1
460,658,485,3,0
460,660,435,0,3
460,661,435,0,3
460,662,485,3,0
460,663,435,0,3
460,664,485,3,0
460,674,485,3,0
460,677,485,3,0
460,679,461,2,1
460,680,485,3,0
460,681,485,3,0
460,682,485,3,0
460,689,485,3,0
460,691,435,0,3
460,693,435,0,3
460,696,485,3,0
460,699,435,0,3
460,705,485,3,0
460,707,435,0,3
460,709,485,3,0
460,719,485,3,0
460,720,485,3,0
460,724,435,0,3
461,627,436,0,3
461,628,460,1,2
461,629,436,0,3
461,630,460,1,2
461,634,486,3,0
461,637,436,0,3
461,642,460,1,2
461,643,486,3,0
461,644,436,0,3
461,646,460,1,2
461,647,486,3,0
461,648,460,1,2
461,651,486,3,0
461,652,436,0,3
461,657,462,2,1
461,658,460,1,2
461,660,436,0,3
461,661,460,1,2
461,662,460,1,2
461,663,436,0,3
461,674,486,3,0
461,677,486,3,0
461,679,462,2,1
461,680,460,1,2
461,681,486,3,0
461,682,486,3,0
461,683,436,0,3
461,685,460,1,2
461,687,436,0,3
461,691,460,1,2
461,692,486,3,0
461,693,460,1,2
461,696,460,1,2
461,697,436,0,3
461,698,460,1,2
461,699,460,1,2
461,701,486,3,0
461,705,486,3,0
461,707,436,0,3
461,709,486,3,0
461,714,460,1,2
461,719,486,3,0
461,720,486,3,0
461,724,460,1,2
462,627,437,0,3
462,628,461,1,2
462,629,437,0,3
462,630,461,1,2
462,634,487,3,0
462,637,437,0,3
462,642,461,1,2
462,643,487,3,0
462,644,437,0,3
462,647,487,3,0
462,648,461,1,2
462,651,487,3,0
462,652,437,0,3
462,657,657,36,0
462,658,461,1,2
462,660,437,0,3
462,661,461,1,2
462,662,461,1,2
462,663,437,0,3
462,674,487,3,0
462,677,487,3,0
462,679,679,58,0
462,680,461,1,2
462,681,487,3,0
462,682,487,3,0
462,683,437,0,3
462,685,461,1,2
462,687,437,0,3
462,691,461,1,2
462,693,461,1,2
462,696,461,1,2
462,697,437,0,3
462,698,461,1,2
462,699,461,1,2
462,705,487,3,0
462,707,437,0,3
462,709,487,3,0
462,714,461,1,2
462,719,487,3,0
462,720,487,3,0
462,724,461,1,2
463,628,462,1,2
463,629,438,0,3
463,630,462,1,2
463,634,488,3,0
463,637,438,0,3
463,642,462,1,2
463,643,488,3,0
463,647,488,3,0
463,648,462,1,2
463,651,488,3,0
463,658,462,1,2
463,660,438,0,3
463,661,462,1,2
463,662,462,1,2
463,663,438,0,3
463,674,488,3,0
463,677,488,3,0
463,680,462,1,2
463,681,488,3,0
463,682,488,3,0
463,683,438,0,3
463,687,438,0,3
463,691,462,1,2
463,693,462,1,2
463,696,462,1,2
463,698,462,1,2
463,699,462,1,2
463,705,488,3,0
463,707,438,0,3
463,709,488,3,0
463,714,462,1,2
463,719,488,3,0
463,720,488,3,0
463,724,462,1,2
464,628,463,1,2
464,630,463,1,2
464,642,463,1,2
464,643,489,3,0
464,647,489,3,0
464,648,463,1,2
464,662,463,1,2
464,677,489,3,0
464,681,489,3,0
464,691,463,1,2
464,693,463,1,2
464,699,463,1,2
464,719,489,3,0
464,724,463,1,2
465,628,464,1,2
465,630,464,1,2
465,642,464,1,2
465,643,490,3,0
465,648,464,1,2
465,662,464,1,2
465,681,490,3,0
465,691,464,1,2
465,693,464,1,2
465,699,464,1,2
465,719,490,3,0
466,670,467,2,1
466,691,465,1,2
467,628,468,2,1
467,630,468,2,1
467,642,468,2,1
467,643,466,1,2
467,648,468,2,1
467,662,468,2,1
467,681,492,3,0
467,691,468,2,1
467,699,468,2,1
468,628,469,2,1
468,630,469,2,1
468,642,469,2,1
468,643,493,3,0
468,647,493,3,0
468,648,469,2,1
468,662,469,2,1
468,681,493,3,0
468,691,469,2,1
468,693,469,2,1
468,699,469,2,1
468,719,493,3,0
469,628,470,2,1
469,629,444,0,3
469,630,470,2,1
469,634,494,3,0
469,642,470,2,1
469,643,494,3,0
469,647,494,3,0
469,648,470,2,1
469,662,470,2,1
469,677,494,3,0
469,680,470,2,1
469,681,494,3,0
469,687,444,0,3
469,691,470,2,1
469,693,470,2,1
469,699,470,2,1
469,714,470,2,1
469,719,494,3,0
469,724,470,2,1
470,628,471,2,1
470,629,445,0,3
470,630,471,2,1
470,634,495,3,0
470,637,445,0,3
470,642,471,2,1
470,643,495,3,0
470,647,495,3,0
470,648,471,2,1
470,651,495,3,0
470,658,471,2,1
470,660,445,0,3
470,661,471,2,1
470,662,471,2,1
470,663,445,0,3
470,674,495,3,0
470,677,495,3,0
470,680,471,2,1
470,681,495,3,0
470,682,495,3,0
470,683,445,0,3
470,687,445,0,3
470,691,471,2,1
470,693,471,2,1
470,696,471,2,1
470,698,471,2,1
470,699,471,2,1
470,705,495,3,0
470,707,445,0,3
470,709,495,3,0
470,714,471,2,1
470,719,495,3,0
470,720,495,3,0
470,724,471,2,1
471,627,446,0,3
471,628,472,2,1
471,629,446,0,3
471,630,472,2,1
471,634,496,3,0
471,637,446,0,3
471,642,472,2,1
471,643,496,3,0
471,644,446,0,3
471,647,496,3,0
471,648,472,2,1
471,651,496,3,0
471,652,446,0,3
471,657,470,1,2
471,658,472,2,1
471,660,446,0,3
471,661,472,2,1
471,662,472,2,1
471,663,446,0,3
471,674,496,3,0
471,677,496,3,0
471,679,470,1,2
471,680,472,2,1
471,681,496,3,0
471,682,496,3,0
471,683,446,0,3
471,685,472,2,1
471,687,446,0,3
471,691,472,2,1
471,693,472,2,1
471,696,472,2,1
471,697,446,0,3
471,698,472,2,1
471,699,472,2,1
471,705,496,3,0
471,707,446,0,3
471,709,496,3,0
471,714,472,2,1
471,719,496,3,0
471,720,496,3,0
471,724,472,2,1
472,625,497,3,0
472,627,447,0,3
472,628,447,0,3
472,629,447,0,3
472,630,447,0,3
472,632,497,3,0
472,633,447,0,3
472,634,497,3,0
472,637,447,0,3
472,638,497,3,0
472,640,447,0,3
472,641,497,3,0
472,642,497,3,0
472,643,497,3,0
472,644,447,0,3
472,646,471,1,2
472,647,497,3,0
472,648,497,3,0
472,651,497,3,0
472,652,447,0,3
472,655,471,1,2
472,656,497,3,0
472,657,471,1,2
472,658,497,3,0
472,659,447,0,3
472,660,447,0,3
472,661,447,0,3
472,662,497,3,0
472,663,447,0,3
472,665,497,3,0
472,667,447,0,3
472,668,447,0,3
472,670,447,0,3
472,671,447,0,3
472,672,447,0,3
472,673,447,0,3
472,674,497,3,0
472,675,447,0,3
472,676,447,0,3
472,677,497,3,0
472,679,471,1,2
472,680,497,3,0
472,681,497,3,0
472,682,497,3,0
472,683,447,0,3
472,684,497,3,0
472,687,447,0,3
472,688,497,3,0
472,689,497,3,0
472,690,497,3,0
472,691,447,0,3
472,692,497,3,0
472,693,447,0,3
472,694,447,0,3
472,696,497,3,0
472,697,447,0,3
472,699,447,0,3
472,701,497,3,0
472,703,497,3,0
472,704,447,0,3
472,705,497,3,0
472,707,447,0,3
472,709,497,3,0
472,713,447,0,3
472,718,447,0,3
472,719,497,3,0
472,720,497,3,0
472,724,447,0,3
473,626,472,1,2
473,628,448,0,3
473,629,472,1,2
473,630,448,0,3
473,631,472,1,2
473,634,472,1,2
473,635,472,1,2
473,636,472,1,2
473,637,472,1,2
473,639,472,1,2
473,642,498,3,0
473,643,472,1,2
473,644,472,1,2
473,645,472,1,2
473,646,474,2,1
473,647,472,1,2
473,648,498,3,0
473,649,472,1,2
473,650,472,1,2
473,651,472,1,2
473,652,472,1,2
473,653,472,1,2
473,655,474,2,1
473,657,472,1,2
473,658,498,3,0
473,660,472,1,2
473,661,448,0,3
473,662,498,3,0
473,663,472,1,2
473,666,472,1,2
473,669,472,1,2
473,672,448,0,3
473,674,472,1,2
473,677,472,1,2
473,678,472,1,2
473,679,472,1,2
473,680,498,3,0
473,681,472,1,2
473,682,472,1,2
473,683,472,1,2
473,686,472,1,2
473,687,472,1,2
473,689,498,3,0
473,691,448,0,3
473,692,472,1,2
473,693,448,0,3
473,695,472,1,2
473,696,498,3,0
473,697,472,1,2
473,699,448,0,3
473,700,472,1,2
473,701,472,1,2
473,702,472,1,2
473,705,472,1,2
473,707,472,1,2
473,708,472,1,2
473,709,472,1,2
473,710,472,1,2
473,711,472,1,2
473,715,472,1,2
473,717,472,1,2
473,719,472,1,2
473,720,472,1,2
473,722,472,1,2
473,723,472,1,2
473,724,448,0,3
474,628,449,0,3
474,629,473,1,2
474,630,449,0,3
474,634,473,1,2
474,637,473,1,2
474,642,499,3,0
474,643,473,1,2
474,644,473,1,2
474,647,473,1,2
474,648,499,3,0
474,651,473,1,2
474,652,473,1,2
474,657,473,1,2
474,658,499,3,0
474,660,473,1,2
474,661,449,0,3
474,662,499,3,0
474,663,473,1,2
474,674,473,1,2
474,677,473,1,2
474,680,499,3,0
474,681,473,1,2
474,682,473,1,2
474,683,473,1,2
474,685,449,0,3
474,687,473,1,2
474,689,499,3,0
474,691,449,0,3
474,693,449,0,3
474,696,499,3,0
474,697,473,1,2
474,698,449,0,3
474,699,449,0,3
474,705,473,1,2
474,707,473,1,2
474,709,473,1,2
474,714,499,3,0
474,719,473,1,2
474,720,473,1,2
474,724,449,0,3
475,628,450,0,2
475,629,499,3,2
475,630,450,0,2
475,634,499,3,2
475,637,499,3,2
475,642,500,2,0
475,643,499,3,2
475,647,499,3,2
475,648,500,2,0
475,651,499,3,2
475,658,500,2,0
475,660,499,3,2
475,661,450,0,2
475,662,500,2,0
475,663,499,3,2
475,674,499,3,2
475,677,499,3,2
475,680,500,2,0
475,681,499,3,2
475,682,499,3,2
475,683,499,3,2
475,687,499,3,2
475,691,450,0,2
475,693,450,0,2
475,696,500,2,0
475,698,450,0,2
475,699,450,0,2
475,705,499,3,2
475,707,499,3,2
475,709,499,3,2
475,714,500,2,0
475,719,499,3,2
475,720,499,3,2
475,724,450,0,2
476,628,451,0,3
476,629,475,1,1
476,630,451,0,3
476,634,475,1,1
476,642,501,3,0
476,643,475,1,1
476,647,475,1,1
476,648,501,3,0
476,662,501,3,0
476,677,475,1,1
476,680,501,3,0
476,681,475,1,1
476,687,475,1,1
476,691,451,0,3
476,693,451,0,3
476,699,451,0,3
476,714,501,3,0
476,719,475,1,1
476,724,451,0,3
477,628,452,0,3
477,630,452,0,3
477,642,502,3,0
477,643,476,1,2
477,647,476,1,2
477,648,502,3,0
477,662,502,3,0
477,681,476,1,2
477,691,452,0,3
477,693,452,0,3
477,699,452,0,3
477,719,476,1,2
478,628,453,0,3
478,630,453,0,3
478,642,503,3,0
478,643,479,2,1
478,648,503,3,0
478,662,503,3,0
478,681,477,1,2
478,691,453,0,3
478,699,453,0,3
479,628,454,0,3
479,642,504,3,0
479,643,480,2,1
479,670,478,1,2
479,691,454,0,3
480,628,455,0,3
480,630,455,0,3
480,642,505,3,0
480,643,481,2,1
480,648,505,3,0
480,662,505,3,0
480,681,481,2,1
480,691,455,0,3
480,693,455,0,3
480,699,455,0,3
480,719,481,2,1
481,628,456,0,3
481,630,456,0,3
481,642,506,3,0
481,643,482,2,1
481,647,482,2,1
481,648,506,3,0
481,662,506,3,0
481,677,482,2,1
481,681,482,2,1
481,691,456,0,3
481,693,456,0,3
481,699,456,0,3
481,719,482,2,1
481,724,456,0,3
482,628,457,0,3
482,629,483,2,1
482,630,457,0,3
482,634,483,2,1
482,637,483,2,1
482,642,507,3,0
482,643,483,2,1
482,647,483,2,1
482,648,507,3,0
482,651,483,2,1
482,658,507,3,0
482,660,483,2,1
482,661,457,0,3
482,662,507,3,0
482,663,483,2,1
482,674,483,2,1
482,677,483,2,1
482,680,507,3,0
482,681,483,2,1
482,682,483,2,1
482,683,483,2,1
482,687,483,2,1
482,691,457,0,3
482,693,457,0,3
482,696,507,3,0
482,698,457,0,3
482,699,457,0,3
482,705,483,2,1
482,707,483,2,1
482,709,483,2,1
482,714,507,3,0
482,719,483,2,1
482,720,483,2,1
482,724,457,0,3
483,628,458,0,3
483,629,484,2,1
483,630,458,0,3
483,634,484,2,1
483,637,484,2,1
483,642,508,3,0
483,643,484,2,1
483,644,484,2,1
483,647,484,2,1
483,648,508,3,0
483,651,484,2,1
483,652,484,2,1
483,657,484,2,1
483,658,508,3,0
483,660,484,2,1
483,661,458,0,3
483,662,508,3,0
483,663,484,2,1
483,674,484,2,1
483,677,484,2,1
483,680,508,3,0
483,681,484,2,1
483,682,484,2,1
483,683,484,2,1
483,685,458,0,3
483,687,484,2,1
483,691,458,0,3
483,693,458,0,3
483,696,508,3,0
483,697,484,2,1
483,698,458,0,3
483,699,458,0,3
483,705,484,2,1
483,707,484,2,1
483,709,484,2,1
483,714,508,3,0
483,719,484,2,1
483,720,484,2,1
483,724,458,0,3
484,628,459,0,3
484,629,485,2,1
484,630,459,0,3
484,634,485,2,1
484,637,485,2,1
484,642,509,3,0
484,643,485,2,1
484,644,485,2,1
484,647,485,2,1
484,648,509,3,0
484,651,485,2,1
484,652,485,2,1
484,655,485,2,1
484,657,485,2,1
484,658,509,3,0
484,660,485,2,1
484,661,459,0,3
484,662,509,3,0
484,663,485,2,1
484,672,459,0,3
484,674,485,2,1
484,677,485,2,1
484,680,509,3,0
484,681,485,2,1
484,682,485,2,1
484,683,485,2,1
484,685,459,0,3
484,687,485,2,1
484,691,459,0,3
484,693,459,0,3
484,696,509,3,0
484,697,485,2,1
484,698,459,0,3
484,699,459,0,3
484,705,485,2,1
484,707,485,2,1
484,709,485,2,1
484,714,509,3,0
484,719,485,2,1
484,720,485,2,1
484,724,459,0,3
485,628,460,0,3
485,629,460,0,3
485,630,460,0,3
485,634,510,3,0
485,642,510,3,0
485,643,510,3,0
485,647,510,3,0
485,648,510,3,0
485,652,510,3,0
485,657,460,0,3
485,658,510,3,0
485,660,460,0,3
485,661,460,0,3
485,662,510,3,0
485,663,460,0,3
485,674,510,3,0
485,677,510,3,0
485,679,460,0,3
485,680,510,3,0
485,681,510,3,0
485,682,510,3,0
485,683,510,3,0
485,687,460,0,3
485,691,460,0,3
485,693,460,0,3
485,696,510,3,0
485,699,460,0,3
485,705,510,3,0
485,707,460,0,3
485,709,510,3,0
485,719,510,3,0
485,720,510,3,0
485,724,460,0,3
486,628,485,1,2
486,629,461,0,3
486,630,485,1,2
486,634,511,3,0
486,637,461,0,3
486,642,485,1,2
486,643,511,3,0
486,644,461,0,3
486,646,485,1,2
486,647,511,3,0
486,648,485,1,2
486,651,511,3,0
486,652,511,3,0
486,657,461,0,3
486,658,485,1,2
486,660,461,0,3
486,661,485,1,2
486,662,485,1,2
486,663,461,0,3
486,674,511,3,0
486,677,511,3,0
486,679,461,0,3
486,680,485,1,2
486,681,511,3,0
486,682,511,3,0
486,683,511,3,0
486,685,485,1,2
486,687,461,0,3
486,691,485,1,2
486,692,511,3,0
486,693,485,1,2
486,696,485,1,2
486,697,461,0,3
486,698,485,1,2
486,699,485,1,2
486,701,511,3,0
486,705,511,3,0
486,707,461,0,3
486,709,511,3,0
486,714,485,1,2
486,719,511,3,0
486,720,511,3,0
486,724,485,1,2
487,628,486,1,2
487,629,462,0,3
487,630,486,1,2
487,634,512,3,0
487,637,462,0,3
487,642,486,1,2
487,643,512,3,0
487,644,462,0,3
487,647,512,3,0
487,648,486,1,2
487,651,512,3,0
487,652,512,3,0
487,657,462,0,3
487,658,486,1,2
487,660,462,0,3
487,661,486,1,2
487,662,486,1,2
487,663,462,0,3
487,674,512,3,0
487,677,512,3,0
487,679,462,0,3
487,680,486,1,2
487,681,512,3,0
487,682,512,3,0
487,683,512,3,0
487,685,486,1,2
487,687,462,0,3
487,691,486,1,2
487,693,486,1,2
487,696,486,1,2
487,697,462,0,3
487,698,486,1,2
487,699,486,1,2
487,705,512,3,0
487,707,462,0,3
487,709,512,3,0
487,714,486,1,2
487,719,512,3,0
487,720,512,3,0
487,724,486,1,2
488,628,487,1,2
488,629,463,0,3
488,630,487,1,2
488,634,513,3,0
488,637,463,0,3
488,642,487,1,2
488,643,513,3,0
488,647,513,3,0
488,648,487,1,2
488,651,513,3,0
488,658,487,1,2
488,660,463,0,3
488,661,487,1,2
488,662,487,1,2
488,663,463,0,3
488,674,513,3,0
488,677,513,3,0
488,680,487,1,2
488,681,513,3,0
488,682,513,3,0
488,683,513,3,0
488,687,463,0,3
488,691,487,1,2
488,693,487,1,2
488,696,487,1,2
488,698,487,1,2
488,699,487,1,2
488,705,513,3,0
488,707,463,0,3
488,709,513,3,0
488,714,487,1,2
488,719,513,3,0
488,720,513,3,0
488,724,487,1,2
489,628,488,1,2
489,630,488,1,2
489,642,488,1,2
489,643,514,3,0
489,647,514,3,0
489,648,488,1,2
489,662,488,1,2
489,677,514,3,0
489,681,514,3,0
489,691,488,1,2
489,693,488,1,2
489,699,488,1,2
489,719,514,3,0
489,724,488,1,2
490,628,489,1,2
490,630,489,1,2
490,642,489,1,2
490,643,515,3,0
490,648,489,1,2
490,662,489,1,2
490,681,515,3,0
490,691,489,1,2
490,693,489,1,2
490,699,489,1,2
490,719,515,3,0
491,670,492,2,1
491,691,490,1,2
492,628,493,2,1
492,630,493,2,1
492,642,493,2,1
492,643,491,1,2
492,648,493,2,1
492,662,493,2,1
492,681,517,3,0
492,691,493,2,1
492,699,493,2,1
493,628,494,2,1
493,630,494,2,1
493,642,494,2,1
493,643,518,3,0
493,647,518,3,0
493,648,494,2,1
493,662,494,2,1
493,681,518,3,0
493,691,494,2,1
493,693,494,2,1
493,699,494,2,1
493,719,518,3,0
494,628,495,2,1
494,629,469,0,3
494,630,495,2,1
494,634,519,3,0
494,642,495,2,1
494,643,519,3,0
494,647,519,3,0
494,648,495,2,1
494,662,495,2,1
494,677,519,3,0
494,680,495,2,1
494,681,519,3,0
494,687,469,0,3
494,691,495,2,1
494,693,495,2,1
494,699,495,2,1
494,714,495,2,1
494,719,519,3,0
494,724,495,2,1
495,628,496,2,1
495,629,470,0,3
495,630,496,2,1
495,634,520,3,0
495,637,470,0,3
495,642,496,2,1
495,643,520,3,0
495,647,520,3,0
495,648,496,2,1
495,651,520,3,0
495,658,496,2,1
495,660,470,0,3
495,661,496,2,1
495,662,496,2,1
495,663,470,0,3
495,674,520,3,0
495,677,520,3,0
495,680,496,2,1
495,681,520,3,0
495,682,520,3,0
495,683,520,3,0
495,687,470,0,3
495,691,496,2,1
495,693,496,2,1
495,696,496,2,1
495,698,496,2,1
495,699,496,2,1
495,705,520,3,0
495,707,470,0,3
495,709,520,3,0
495,714,496,2,1
495,719,520,3,0
495,720,520,3,0
495,724,496,2,1
496,628,497,2,1
496,629,471,0,3
496,630,497,2,1
496,634,521,3,0
496,637,471,0,3
496,642,497,2,1
496,643,521,3,0
496,644,471,0,3
496,647,521,3,0
496,648,497,2,1
496,651,521,3,0
496,652,521,3,0
496,657,471,0,3
496,658,497,2,1
496,660,471,0,3
496,661,497,2,1
496,662,497,2,1
496,663,471,0,3
496,674,521,3,0
496,677,521,3,0
496,679,471,0,3
496,680,497,2,1
496,681,521,3,0
496,682,521,3,0
496,683,521,3,0
496,685,497,2,1
496,687,471,0,3
496,691,497,2,1
496,693,497,2,1
496,696,497,2,1
496,697,471,0,3
496,698,497,2,1
496,699,497,2,1
496,705,521,3,0
496,707,471,0,3
496,709,521,3,0
496,714,497,2,1
496,719,521,3,0
496,720,521,3,0
496,724,497,2,1
497,625,522,3,0
497,628,472,0,3
497,629,472,0,3
497,630,472,0,3
497,632,522,3,0
497,633,472,0,3
497,634,522,3,0
497,637,472,0,3
497,638,522,3,0
497,640,472,0,3
497,641,522,3,0
497,642,522,3,0
497,643,522,3,0
497,644,472,0,3
497,646,496,1,2
497,647,522,3,0
497,648,522,3,0
497,651,522,3,0
497,652,522,3,0
497,654,472,0,3
497,655,496,1,2
497,656,522,3,0
497,657,472,0,3
497,658,522,3,0
497,659,472,0,3
497,660,472,0,3
497,661,472,0,3
497,662,522,3,0
497,663,472,0,3
497,665,522,3,0
497,667,472,0,3
497,668,522,3,0
497,670,472,0,3
497,671,472,0,3
497,672,472,0,3
497,673,472,0,3
497,674,522,3,0
497,675,472,0,3
497,676,472,0,3
497,677,522,3,0
497,679,472,0,3
497,680,522,3,0
497,681,522,3,0
497,682,522,3,0
497,683,522,3,0
497,684,522,3,0
497,687,472,0,3
497,688,522,3,0
497,689,522,3,0
497,690,522,3,0
497,691,472,0,3
497,692,522,3,0
497,693,472,0,3
497,694,472,0,3
497,696,522,3,0
497,697,472,0,3
497,699,472,0,3
497,701,522,3,0
497,703,522,3,0
497,704,472,0,3
497,705,522,3,0
497,707,472,0,3
497,709,522,3,0
497,713,472,0,3
497,718,472,0,3
497,719,522,3,0
497,720,522,3,0
497,724,472,0,3
498,626,497,1,2
498,627,497,1,2
498,628,473,0,3
498,629,497,1,2
498,630,473,0,3
498,631,497,1,2
498,634,497,1,2
498,635,497,1,2
498,636,497,1,2
498,637,497,1,2
498,639,497,1,2
498,642,523,3,0
498,643,497,1,2
498,644,497,1,2
498,645,497,1,2
498,646,499,2,1
498,647,497,1,2
498,648,523,3,0
498,649,497,1,2
498,650,497,1,2
498,651,497,1,2
498,652,497,1,2
498,653,497,1,2
498,655,499,2,1
498,657,497,1,2
498,658,523,3,0
498,660,497,1,2
498,661,473,0,3
498,662,523,3,0
498,663,497,1,2
498,666,497,1,2
498,669,497,1,2
498,672,473,0,3
498,674,497,1,2
498,677,497,1,2
498,678,497,1,2
498,680,523,3,0
498,681,497,1,2
498,682,497,1,2
498,683,497,1,2
498,686,497,1,2
498,687,497,1,2
498,691,473,0,3
498,692,497,1,2
498,693,473,0,3
498,695,497,1,2
498,696,523,3,0
498,697,497,1,2
498,699,473,0,3
498,700,497,1,2
498,701,497,1,2
498,702,497,1,2
498,705,497,1,2
498,707,497,1,2
498,708,497,1,2
498,709,497,1,2
498,710,497,1,2
498,711,497,1,2
498,715,497,1,2
498,717,497,1,2
498,719,497,1,2
498,720,497,1,2
498,722,497,1,2
498,723,497,1,2
498,724,473,0,3
499,628,474,0,3
499,629,498,1,2
499,630,474,0,3
499,634,498,1,2
499,637,498,1,2
499,642,524,3,0
499,643,498,1,2
499,644,498,1,2
499,647,498,1,2
499,648,524,3,0
499,651,498,1,2
499,652,498,1,2
499,657,498,1,2
499,658,524,3,0
499,660,498,1,2
499,661,474,0,3
499,662,524,3,0
499,663,498,1,2
499,674,498,1,2
499,677,498,1,2
499,680,524,3,0
499,681,498,1,2
499,682,498,1,2
499,683,498,1,2
499,685,474,0,3
499,687,498,1,2
499,691,474,0,3
499,693,474,0,3
499,696,524,3,0
499,697,498,1,2
499,698,474,0,3
499,699,474,0,3
499,705,498,1,2
499,707,498,1,2
499,709,498,1,2
499,714,524,3,0
499,719,498,1,2
499,720,498,1,2
499,724,474,0,3
500,628,475,0,2
500,629,524,3,2
500,630,475,0,2
500,632,632,11,0
500,634,524,3,2
500,637,524,3,2
500,640,525,2,0
500,642,525,2,0
500,643,524,3,2
500,647,524,3,2
500,648,525,2,0
500,651,524,3,2
500,658,525,2,0
500,660,524,3,2
500,661,475,0,2
500,662,525,2,0
500,663,524,3,2
500,674,524,3,2
500,677,524,3,2
500,680,525,2,0
500,681,524,3,2
500,682,524,3,2
500,683,524,3,2
500,687,524,3,2
500,691,475,0,2
500,693,475,0,2
500,696,525,2,0
500,698,475,0,2
500,699,475,0,2
500,705,524,3,2
500,707,524,3,2
500,709,524,3,2
500,714,501,1,1
500,719,524,3,2
500,720,524,3,2
500,724,475,0,2
501,628,476,0,3
501,629,500,1,1
501,630,476,0,3
501,634,500,1,1
501,642,526,3,0
501,643,500,1,1
501,647,500,1,1
501,648,526,3,0
501,662,526,3,0
501,677,500,1,1
501,680,526,3,0
501,681,500,1,1
501,687,500,1,1
501,691,476,0,3
501,693,476,0,3
501,699,476,0,3
501,714,714,93,0
501,719,500,1,1
501,724,476,0,3
502,628,477,0,3
502,630,477,0,3
502,642,527,3,0
502,643,501,1,2
502,647,501,1,2
502,648,527,3,0
502,662,527,3,0
502,681,501,1,2
502,691,477,0,3
502,693,477,0,3
502,699,477,0,3
502,719,501,1,2
503,628,478,0,3
503,630,478,0,3
503,642,528,3,0
503,643,504,2,1
503,648,528,3,0
503,662,528,3,0
503,681,502,1,2
503,691,478,0,3
503,699,478,0,3
504,628,479,0,3
504,642,529,3,0
504,643,505,2,1
504,670,503,1,2
504,691,479,0,3
505,628,480,0,3
505,630,480,0,3
505,642,530,3,0
505,643,506,2,1
505,648,530,3,0
505,662,530,3,0
505,681,506,2,1
505,691,480,0,3
505,693,480,0,3
505,699,480,0,3
505,719,506,2,1
506,628,481,0,3
506,630,481,0,3
506,642,531,3,0
506,643,507,2,1
506,647,507,2,1
506,648,531,3,0
506,662,531,3,0
506,677,507,2,1
506,681,507,2,1
506,691,481,0,3
506,693,481,0,3
506,699,481,0,3
506,719,507,2,1
506,724,481,0,3
507,628,482,0,3
507,629,508,2,1
507,630,482,0,3
507,634,508,2,1
507,637,508,2,1
507,640,532,3,0
507,642,532,3,0
507,643,508,2,1
507,647,508,2,1
507,648,532,3,0
507,651,508,2,1
507,658,532,3,0
507,660,508,2,1
507,661,482,0,3
507,662,532,3,0
507,663,508,2,1
507,674,508,2,1
507,677,508,2,1
507,680,532,3,0
507,681,508,2,1
507,682,508,2,1
507,683,508,2,1
507,687,508,2,1
507,691,482,0,3
507,693,482,0,3
507,696,532,3,0
507,698,482,0,3
507,699,482,0,3
507,705,508,2,1
507,707,508,2,1
507,709,508,2,1
507,714,506,1,2
507,719,508,2,1
507,720,508,2,1
507,724,482,0,3
508,628,483,0,3
508,629,509,2,1
508,630,483,0,3
508,632,507,1,2
508,634,509,2,1
508,637,509,2,1
508,640,533,3,0
508,642,533,3,0
508,643,509,2,1
508,644,509,2,1
508,647,509,2,1
508,648,533,3,0
508,651,509,2,1
508,652,509,2,1
508,657,509,2,1
508,658,533,3,0
508,660,509,2,1
508,661,483,0,3
508,662,533,3,0
508,663,509,2,1
508,674,509,2,1
508,677,509,2,1
508,680,533,3,0
508,681,509,2,1
508,682,509,2,1
508,683,509,2,1
508,685,483,0,3
508,687,509,2,1
508,691,483,0,3
508,693,483,0,3
508,696,533,3,0
508,697,509,2,1
508,698,483,0,3
508,699,483,0,3
508,705,509,2,1
508,707,509,2,1
508,709,509,2,1
508,714,507,1,2
508,719,509,2,1
508,720,509,2,1
508,724,483,0,3
509,628,484,0,3
509,629,510,2,1
509,630,484,0,3
509,632,508,1,2
509,634,510,2,1
509,637,510,2,1
509,640,534,3,0
509,642,534,3,0
509,643,510,2,1
509,644,510,2,1
509,647,510,2,1
509,648,534,3,0
509,651,510,2,1
509,652,510,2,1
509,655,510,2,1
509,657,510,2,1
509,658,534,3,0
509,660,510,2,1
509,661,484,0,3
509,662,534,3,0
509,663,510,2,1
509,672,484,0,3
509,674,510,2,1
509,677,510,2,1
509,680,534,3,0
509,681,510,2,1
509,682,510,2,1
509,683,510,2,1
509,685,484,0,3
509,687,510,2,1
509,691,484,0,3
509,693,484,0,3
509,696,534,3,0
509,697,510,2,1
509,698,484,0,3
509,699,484,0,3
509,705,510,2,1
509,707,510,2,1
509,709,510,2,1
509,714,508,1,2
509,719,510,2,1
509,720,510,2,1
509,724,484,0,3
510,628,485,0,3
510,629,485,0,3
510,630,485,0,3
510,632,509,1,2
510,634,511,2,1
510,637,535,3,0
510,640,535,3,0
510,642,535,3,0
510,643,535,3,0
510,647,535,3,0
510,648,535,3,0
510,652,535,3,0
510,657,485,0,3
510,658,535,3,0
510,660,485,0,3
510,661,485,0,3
510,662,535,3,0
510,663,485,0,3
510,672,485,0,3
510,677,535,3,0
510,680,535,3,0
510,681,535,3,0
510,682,535,3,0
510,683,535,3,0
510,687,485,0,3
510,691,485,0,3
510,693,485,0,3
510,696,535,3,0
510,697,535,3,0
510,698,485,0,3
510,699,485,0,3
510,705,535,3,0
510,707,485,0,3
510,709,535,3,0
510,714,509,1,2
510,716,535,3,0
510,719,535,3,0
510,720,535,3,0
510,724,485,0,3
511,628,510,1,2
511,629,486,0,3
511,630,510,1,2
511,634,512,2,1
511,637,536,3,0
511,642,510,1,2
511,643,536,3,0
511,644,486,0,3
511,646,510,1,2
511,647,536,3,0
511,648,510,1,2
511,651,536,3,0
511,652,536,3,0
511,657,486,0,3
511,658,510,1,2
511,660,486,0,3
511,661,510,1,2
511,662,510,1,2
511,663,486,0,3
511,674,536,3,0
511,677,536,3,0
511,680,510,1,2
511,681,536,3,0
511,682,536,3,0
511,683,536,3,0
511,685,510,1,2
511,687,486,0,3
511,691,510,1,2
511,692,536,3,0
511,693,510,1,2
511,696,510,1,2
511,697,536,3,0
511,698,510,1,2
511,699,510,1,2
511,701,536,3,0
511,705,536,3,0
511,707,486,0,3
511,709,536,3,0
511,714,510,1,2
511,719,536,3,0
511,720,536,3,0
511,724,510,1,2
512,628,511,1,2
512,629,487,0,3
512,630,511,1,2
512,634,513,2,1
512,637,537,3,0
512,642,511,1,2
512,643,537,3,0
512,644,487,0,3
512,647,537,3,0
512,648,511,1,2
512,651,537,3,0
512,652,537,3,0
512,657,487,0,3
512,658,511,1,2
512,660,487,0,3
512,661,511,1,2
512,662,511,1,2
512,663,487,0,3
512,674,537,3,0
512,677,537,3,0
512,680,511,1,2
512,681,537,3,0
512,682,537,3,0
512,683,537,3,0
512,685,511,1,2
512,687,487,0,3
512,691,511,1,2
512,693,511,1,2
512,696,511,1,2
512,697,537,3,0
512,698,511,1,2
512,699,511,1,2
512,705,537,3,0
512,707,487,0,3
512,709,537,3,0
512,714,511,1,2
512,719,537,3,0
512,720,537,3,0
512,724,511,1,2
513,628,512,1,2
513,629,488,0,3
513,630,512,1,2
513,634,514,2,1
513,637,538,3,0
513,642,512,1,2
513,643,538,3,0
513,647,538,3,0
513,648,512,1,2
513,651,538,3,0
513,658,512,1,2
513,660,488,0,3
513,661,512,1,2
513,662,512,1,2
513,663,488,0,3
513,674,538,3,0
513,677,538,3,0
513,680,512,1,2
513,681,538,3,0
513,682,538,3,0
513,683,538,3,0
513,687,488,0,3
513,691,512,1,2
513,693,512,1,2
513,696,512,1,2
513,698,512,1,2
513,699,512,1,2
513,705,538,3,0
513,707,488,0,3
513,709,538,3,0
513,714,512,1,2
513,719,538,3,0
513,720,538,3,0
513,724,512,1,2
514,628,513,1,2
514,630,513,1,2
514,642,513,1,2
514,643,539,3,0
514,647,539,3,0
514,648,513,1,2
514,662,513,1,2
514,677,539,3,0
514,681,539,3,0
514,691,513,1,2
514,693,513,1,2
514,699,513,1,2
514,719,539,3,0
514,724,513,1,2
515,628,514,1,2
515,630,514,1,2
515,642,514,1,2
515,643,540,3,0
515,648,514,1,2
515,662,514,1,2
515,681,540,3,0
515,691,514,1,2
515,693,514,1,2
515,699,514,1,2
515,719,540,3,0
516,670,517,2,1
516,691,515,1,2
517,628,518,2,1
517,630,518,2,1
517,642,518,2,1
517,643,516,1,2
517,648,518,2,1
517,662,518,2,1
517,681,542,3,0
517,691,518,2,1
517,699,518,2,1
518,628,519,2,1
518,630,519,2,1
518,642,519,2,1
518,643,543,3,0
518,647,543,3,0
518,648,519,2,1
518,662,519,2,1
518,681,543,3,0
518,691,519,2,1
518,693,519,2,1
518,699,519,2,1
518,719,543,3,0
519,628,520,2,1
519,629,494,0,3
519,630,520,2,1
519,634,634,13,0
519,642,520,2,1
519,643,544,3,0
519,647,544,3,0
519,648,520,2,1
519,662,520,2,1
519,677,544,3,0
519,680,520,2,1
519,681,544,3,0
519,687,494,0,3
519,691,520,2,1
519,693,520,2,1
519,699,520,2,1
519,714,520,2,1
519,719,544,3,0
519,724,520,2,1
520,628,521,2,1
520,629,495,0,3
520,630,521,2,1
520,634,519,1,2
520,637,545,3,0
520,642,521,2,1
520,643,545,3,0
520,647,545,3,0
520,648,521,2,1
520,651,545,3,0
520,658,521,2,1
520,660,495,0,3
520,661,521,2,1
520,662,521,2,1
520,663,495,0,3
520,674,545,3,0
520,677,545,3,0
520,680,521,2,1
520,681,545,3,0
520,682,545,3,0
520,683,545,3,0
520,687,495,0,3
520,691,521,2,1
520,693,521,2,1
520,696,521,2,1
520,698,521,2,1
520,699,521,2,1
520,705,545,3,0
520,707,495,0,3
520,709,545,3,0
520,714,521,2,1
520,719,545,3,0
520,720,545,3,0
520,724,521,2,1
521,628,522,2,1
521,629,496,0,3
521,630,522,2,1
521,634,520,1,2
521,637,546,3,0
521,642,522,2,1
521,643,546,3,0
521,644,496,0,3
521,647,546,3,0
521,648,522,2,1
521,651,546,3,0
521,652,546,3,0
521,657,496,0,3
521,658,522,2,1
521,660,496,0,3
521,661,522,2,1
521,662,522,2,1
521,663,496,0,3
521,674,546,3,0
521,677,546,3,0
521,680,522,2,1
521,681,546,3,0
521,682,546,3,0
521,683,546,3,0
521,685,522,2,1
521,687,496,0,3
521,691,522,2,1
521,693,522,2,1
521,696,522,2,1
521,697,546,3,0
521,698,522,2,1
521,699,522,2,1
521,705,546,3,0
521,707,496,0,3
521,709,546,3,0
521,714,522,2,1
521,719,546,3,0
521,720,546,3,0
521,724,522,2,1
522,625,547,3,0
522,628,497,0,3
522,629,497,0,3
522,630,497,0,3
522,633,497,0,3
522,634,521,1,2
522,637,547,3,0
522,638,547,3,0
522,640,547,3,0
522,641,547,3,0
522,642,547,3,0
522,643,547,3,0
522,644,497,0,3
522,646,521,1,2
522,647,547,3,0
522,648,547,3,0
522,651,547,3,0
522,652,547,3,0
522,654,497,0,3
522,655,521,1,2
522,656,547,3,0
522,657,497,0,3
522,658,547,3,0
522,659,497,0,3
522,660,497,0,3
522,661,497,0,3
522,662,547,3,0
522,663,497,0,3
522,665,547,3,0
522,667,497,0,3
522,668,547,3,0
522,670,497,0,3
522,671,497,0,3
522,672,497,0,3
522,673,497,0,3
522,674,547,3,0
522,675,497,0,3
522,676,497,0,3
522,677,547,3,0
522,680,547,3,0
522,681,547,3,0
522,682,547,3,0
522,683,547,3,0
522,684,547,3,0
522,687,497,0,3
522,688,547,3,0
522,689,547,3,0
522,690,547,3,0
522,691,497,0,3
522,692,547,3,0
522,693,497,0,3
522,694,547,3,0
522,696,547,3,0
522,697,547,3,0
522,698,497,0,3
522,699,497,0,3
522,701,547,3,0
522,703,547,3,0
522,704,497,0,3
522,705,547,3,0
522,707,497,0,3
522,709,547,3,0
522,713,497,0,3
522,714,523,2,1
522,718,497,0,3
522,719,547,3,0
522,720,547,3,0
522,724,497,0,3
523,626,522,1,2
523,627,522,1,2
523,628,498,0,3
523,629,522,1,2
523,630,498,0,3
523,631,522,1,2
523,632,524,2,1
523,634,522,1,2
523,635,522,1,2
523,636,522,1,2
523,637,522,1,2
523,639,522,1,2
523,640,548,3,0
523,642,548,3,0
523,643,522,1,2
523,644,522,1,2
523,645,522,1,2
523,646,524,2,1
523,647,522,1,2
523,648,548,3,0
523,649,522,1,2
523,650,522,1,2
523,651,522,1,2
523,652,522,1,2
523,655,524,2,1
523,657,522,1,2
523,658,548,3,0
523,660,522,1,2
523,661,498,0,3
523,662,548,3,0
523,663,522,1,2
523,666,522,1,2
523,669,522,1,2
523,672,498,0,3
523,674,522,1,2
523,677,522,1,2
523,678,522,1,2
523,679,522,1,2
523,680,548,3,0
523,681,522,1,2
523,682,522,1,2
523,683,522,1,2
523,686,522,1,2
523,687,522,1,2
523,691,498,0,3
523,692,522,1,2
523,693,498,0,3
523,695,522,1,2
523,696,548,3,0
523,697,522,1,2
523,698,498,0,3
523,699,498,0,3
523,700,522,1,2
523,701,522,1,2
523,702,522,1,2
523,705,522,1,2
523,707,522,1,2
523,708,522,1,2
523,709,522,1,2
523,710,522,1,2
523,711,522,1,2
523,714,524,2,1
523,715,522,1,2
523,717,522,1,2
523,719,522,1,2
523,720,522,1,2
523,722,522,1,2
523,723,522,1,2
523,724,498,0,3
524,628,499,0,3
524,629,523,1,2
524,630,499,0,3
524,632,500,2,3
524,634,523,1,2
524,637,523,1,2
524,640,549,3,0
524,642,549,3,0
524,643,523,1,2
524,644,523,1,2
524,647,523,1,2
524,648,549,3,0
524,651,523,1,2
524,652,523,1,2
524,657,523,1,2
524,658,549,3,0
524,660,523,1,2
524,661,499,0,3
524,662,549,3,0
524,663,523,1,2
524,674,523,1,2
524,677,523,1,2
524,680,549,3,0
524,681,523,1,2
524,682,523,1,2
524,683,523,1,2
524,685,499,0,3
524,687,523,1,2
524,691,499,0,3
524,693,499,0,3
524,696,549,3,0
524,697,523,1,2
524,698,499,0,3
524,699,499,0,3
524,705,523,1,2
524,707,523,1,2
524,709,523,1,2
524,714,500,2,3
524,719,523,1,2
524,720,523,1,2
524,724,499,0,3
525,628,500,0,2
525,629,549,3,2
525,630,500,0,2
525,632,500,0,2
525,634,549,3,2
525,637,549,3,2
525,642,550,2,0
525,643,549,3,2
525,647,549,3,2
525,648,550,2,0
525,651,549,3,2
525,658,550,2,0
525,660,549,3,2
525,661,550,2,0
525,662,550,2,0
525,663,549,3,2
525,674,549,3,2
525,677,549,3,2
525,680,550,2,0
525,681,549,3,2
525,682,549,3,2
525,683,549,3,2
525,687,549,3,2
525,691,550,2,0
525,693,500,0,2
525,696,550,2,0
525,698,500,0,2
525,699,500,0,2
525,705,549,3,2
525,707,549,3,2
525,709,549,3,2
525,714,500,0,2
525,719,549,3,2
525,720,549,3,2
525,724,500,0,2
526,628,501,0,3
526,629,525,1,1
526,630,501,0,3
526,634,525,1,1
526,642,551,3,0
526,643,525,1,1
526,647,525,1,1
526,648,551,3,0
526,662,551,3,0
526,677,525,1,1
526,680,551,3,0
526,681,525,1,1
526,687,525,1,1
526,691,551,3,0
526,693,501,0,3
526,699,501,0,3
526,714,501,0,3
526,719,525,1,1
526,724,501,0,3
527,628,502,0,3
527,630,502,0,3
527,642,552,3,0
527,643,526,1,2
527,647,526,1,2
527,648,552,3,0
527,662,552,3,0
527,681,526,1,2
527,691,552,3,0
527,693,502,0,3
527,699,502,0,3
527,719,526,1,2
528,628,503,0,3
528,630,503,0,3
528,642,553,3,0
528,643,529,2,1
528,648,553,3,0
528,662,553,3,0
528,681,527,1,2
528,691,553,3,0
528,699,503,0,3
529,628,504,0,3
529,642,554,3,0
529,643,530,2,1
529,670,528,1,2
529,691,554,3,0
530,628,505,0,3
530,630,505,0,3
530,642,555,3,0
530,643,531,2,1
530,648,555,3,0
530,662,555,3,0
530,681,531,2,1
530,691,555,3,0
530,693,505,0,3
530,699,505,0,3
530,719,531,2,1
531,628,506,0,3
531,630,506,0,3
531,642,556,3,0
531,643,532,2,1
531,647,532,2,1
531,648,556,3,0
531,662,556,3,0
531,677,532,2,1
531,681,532,2,1
531,691,556,3,0
531,693,506,0,3
531,699,506,0,3
531,719,532,2,1
531,724,506,0,3
532,628,507,0,3
532,629,533,2,1
532,630,507,0,3
532,634,533,2,1
532,637,533,2,1
532,642,557,3,0
532,643,533,2,1
532,647,533,2,1
532,648,557,3,0
532,651,533,2,1
532,658,557,3,0
532,660,533,2,1
532,661,557,3,0
532,662,557,3,0
532,663,533,2,1
532,674,533,2,1
532,677,533,2,1
532,680,557,3,0
532,681,533,2,1
532,682,533,2,1
532,683,533,2,1
532,687,533,2,1
532,691,557,3,0
532,693,507,0,3
532,696,557,3,0
532,698,507,0,3
532,699,507,0,3
532,705,533,2,1
532,707,533,2,1
532,709,533,2,1
532,714,507,0,3
532,719,533,2,1
532,720,533,2,1
532,724,507,0,3
533,628,508,0,3
533,629,534,2,1
533,630,508,0,3
533,632,508,0,3
533,634,534,2,1
533,637,534,2,1
533,642,558,3,0
533,643,534,2,1
533,644,534,2,1
533,647,534,2,1
533,648,558,3,0
533,651,534,2,1
533,652,534,2,1
533,657,534,2,1
533,658,558,3,0
533,660,534,2,1
533,661,558,3,0
533,662,558,3,0
533,663,534,2,1
533,674,534,2,1
533,677,534,2,1
533,680,558,3,0
533,681,534,2,1
533,682,534,2,1
533,683,534,2,1
533,685,508,0,3
533,687,534,2,1
533,691,558,3,0
533,693,508,0,3
533,696,558,3,0
533,697,534,2,1
533,698,508,0,3
533,699,508,0,3
533,705,534,2,1
533,707,534,2,1
533,709,534,2,1
533,714,508,0,3
533,719,534,2,1
533,720,534,2,1
533,724,508,0,3
534,628,509,0,3
534,629,535,2,1
534,630,509,0,3
534,632,509,0,3
534,634,535,2,1
534,637,535,2,1
534,642,559,3,0
534,643,535,2,1
534,644,535,2,1
534,647,535,2,1
534,648,559,3,0
534,651,535,2,1
534,652,535,2,1
534,655,535,2,1
534,657,535,2,1
534,658,559,3,0
534,660,535,2,1
534,661,559,3,0
534,662,559,3,0
534,663,535,2,1
534,672,559,3,0
534,674,535,2,1
534,677,535,2,1
534,680,559,3,0
534,681,535,2,1
534,682,535,2,1
534,683,535,2,1
534,685,509,0,3
534,687,535,2,1
534,691,559,3,0
534,693,509,0,3
534,696,559,3,0
534,697,535,2,1
534,698,509,0,3
534,699,509,0,3
534,705,535,2,1
534,707,535,2,1
534,709,535,2,1
534,714,509,0,3
534,719,535,2,1
534,720,535,2,1
534,724,509,0,3
535,628,510,0,3
535,629,510,0,3
535,630,510,0,3
535,632,510,0,3
535,637,560,3,0
535,642,560,3,0
535,643,536,2,1
535,644,560,3,0
535,647,536,2,1
535,648,560,3,0
535,652,560,3,0
535,657,510,0,3
535,658,560,3,0
535,660,510,0,3
535,662,560,3,0
535,663,510,0,3
535,677,560,3,0
535,680,560,3,0
535,681,560,3,0
535,682,560,3,0
535,683,560,3,0
535,685,510,0,3
535,687,510,0,3
535,691,560,3,0
535,693,510,0,3
535,696,560,3,0
535,697,560,3,0
535,698,510,0,3
535,699,510,0,3
535,707,510,0,3
535,709,560,3,0
535,714,510,0,3
535,719,560,3,0
535,720,560,3,0
535,724,510,0,3
536,628,535,1,2
536,629,511,0,3
536,630,535,1,2
536,634,511,0,3
536,637,561,3,0
536,642,535,1,2
536,643,537,2,1
536,644,561,3,0
536,646,535,1,2
536,647,537,2,1
536,648,535,1,2
536,651,561,3,0
536,652,561,3,0
536,657,511,0,3
536,658,535,1,2
536,660,511,0,3
536,661,535,1,2
536,662,535,1,2
536,663,511,0,3
536,674,561,3,0
536,677,561,3,0
536,680,535,1,2
536,681,561,3,0
536,682,561,3,0
536,683,561,3,0
536,685,535,1,2
536,687,511,0,3
536,691,535,1,2
536,692,561,3,0
536,693,535,1,2
536,696,535,1,2
536,697,561,3,0
536,698,535,1,2
536,699,535,1,2
536,701,561,3,0
536,705,561,3,0
536,707,511,0,3
536,709,561,3,0
536,714,535,1,2
536,719,561,3,0
536,720,561,3,0
536,724,535,1,2
537,628,536,1,2
537,629,512,0,3
537,630,536,1,2
537,634,512,0,3
537,637,562,3,0
537,642,536,1,2
537,643,538,2,1
537,644,562,3,0
537,647,538,2,1
537,648,536,1,2
537,651,562,3,0
537,652,562,3,0
537,657,512,0,3
537,658,536,1,2
537,660,512,0,3
537,661,536,1,2
537,662,536,1,2
537,663,512,0,3
537,674,562,3,0
537,677,562,3,0
537,680,536,1,2
537,681,562,3,0
537,682,562,3,0
537,683,562,3,0
537,685,536,1,2
537,687,512,0,3
537,691,536,1,2
537,693,536,1,2
537,696,536,1,2
537,697,562,3,0
537,698,536,1,2
537,699,536,1,2
537,705,562,3,0
537,707,512,0,3
537,709,562,3,0
537,714,536,1,2
537,719,562,3,0
537,720,562,3,0
537,724,536,1,2
538,628,537,1,2
538,629,513,0,3
538,630,537,1,2
538,634,513,0,3
538,637,563,3,0
538,642,537,1,2
538,643,539,2,1
538,647,539,2,1
538,648,537,1,2
538,651,563,3,0
538,658,537,1,2
538,660,513,0,3
538,661,537,1,2
538,662,537,1,2
538,663,513,0,3
538,674,563,3,0
538,677,563,3,0
538,680,537,1,2
538,681,563,3,0
538,682,563,3,0
538,683,563,3,0
538,687,513,0,3
538,691,537,1,2
538,693,537,1,2
538,696,537,1,2
538,698,537,1,2
538,699,537,1,2
538,705,563,3,0
538,707,513,0,3
538,709,563,3,0
538,714,537,1,2
538,719,563,3,0
538,720,563,3,0
538,724,537,1,2
539,628,538,1,2
539,630,538,1,2
539,642,538,1,2
539,643,540,2,1
539,647,540,2,1
539,648,538,1,2
539,662,538,1,2
539,677,564,3,0
539,681,564,3,0
539,691,538,1,2
539,693,538,1,2
539,699,538,1,2
539,719,564,3,0
539,724,538,1,2
540,628,539,1,2
540,630,539,1,2
540,642,539,1,2
540,643,643,22,0
540,648,539,1,2
540,662,539,1,2
540,681,565,3,0
540,691,539,1,2
540,693,539,1,2
540,699,539,1,2
540,719,565,3,0
541,670,542,2,1
541,691,540,1,2
542,628,543,2,1
542,630,543,2,1
542,642,543,2,1
542,643,541,1,2
542,648,543,2,1
542,662,543,2,1
542,681,567,3,0
542,691,543,2,1
542,699,543,2,1
543,628,544,2,1
543,630,544,2,1
543,642,544,2,1
543,643,542,1,2
543,647,647,26,0
543,648,544,2,1
543,662,544,2,1
543,681,568,3,0
543,691,544,2,1
543,693,544,2,1
543,699,544,2,1
543,719,568,3,0
544,628,545,2,1
544,629,519,0,3
544,630,545,2,1
544,634,519,0,3
544,642,545,2,1
544,643,543,1,2
544,647,543,1,2
544,648,545,2,1
544,662,545,2,1
544,677,569,3,0
544,680,545,2,1
544,681,569,3,0
544,687,519,0,3
544,691,545,2,1
544,693,545,2,1
544,699,545,2,1
544,714,545,2,1
544,719,569,3,0
544,724,545,2,1
545,628,546,2,1
545,629,520,0,3
545,630,546,2,1
545,634,520,0,3
545,637,570,3,0
545,642,546,2,1
545,643,544,1,2
545,647,544,1,2
545,648,546,2,1
545,651,570,3,0
545,658,546,2,1
545,660,520,0,3
545,661,546,2,1
545,662,546,2,1
545,663,520,0,3
545,674,570,3,0
545,677,570,3,0
545,680,546,2,1
545,681,570,3,0
545,682,570,3,0
545,683,570,3,0
545,687,520,0,3
545,691,546,2,1
545,693,546,2,1
545,696,546,2,1
545,698,546,2,1
545,699,546,2,1
545,705,570,3,0
545,707,520,0,3
545,709,570,3,0
545,714,546,2,1
545,719,570,3,0
545,720,570,3,0
545,724,546,2,1
546,628,547,2,1
546,629,521,0,3
546,630,547,2,1
546,634,521,0,3
546,637,571,3,0
546,642,547,2,1
546,643,545,1,2
546,644,571,3,0
546,647,545,1,2
546,648,547,2,1
546,651,571,3,0
546,652,571,3,0
546,657,521,0,3
546,658,547,2,1
546,660,521,0,3
546,661,547,2,1
546,662,547,2,1
546,663,521,0,3
546,674,571,3,0
546,677,571,3,0
546,680,547,2,1
546,681,571,3,0
546,682,571,3,0
546,683,571,3,0
546,685,547,2,1
546,687,521,0,3
546,691,547,2,1
546,693,547,2,1
546,696,547,2,1
546,697,571,3,0
546,698,547,2,1
546,699,547,2,1
546,705,571,3,0
546,707,521,0,3
546,709,571,3,0
546,714,547,2,1
546,719,571,3,0
546,720,571,3,0
546,724,547,2,1
547,625,572,3,0
547,628,522,0,3
547,629,522,0,3
547,630,522,0,3
547,632,522,0,3
547,633,522,0,3
547,634,522,0,3
547,637,572,3,0
547,640,572,3,0
547,641,572,3,0
547,642,572,3,0
547,643,546,1,2
547,644,572,3,0
547,646,546,1,2
547,647,546,1,2
547,648,572,3,0
547,651,572,3,0
547,652,572,3,0
547,654,522,0,3
547,655,546,1,2
547,656,572,3,0
547,657,522,0,3
547,658,572,3,0
547,659,522,0,3
547,660,522,0,3
547,662,572,3,0
547,663,522,0,3
547,665,572,3,0
547,667,522,0,3
547,668,572,3,0
547,670,522,0,3
547,671,522,0,3
547,672,572,3,0
547,673,522,0,3
547,674,572,3,0
547,675,522,0,3
547,676,522,0,3
547,677,572,3,0
547,680,572,3,0
547,681,572,3,0
547,682,572,3,0
547,683,572,3,0
547,684,572,3,0
547,685,522,0,3
547,687,522,0,3
547,688,572,3,0
547,689,572,3,0
547,690,572,3,0
547,691,572,3,0
547,692,572,3,0
547,693,522,0,3
547,694,572,3,0
547,696,572,3,0
547,697,572,3,0
547,698,522,0,3
547,699,522,0,3
547,701,572,3,0
547,703,572,3,0
547,704,522,0,3
547,705,572,3,0
547,707,522,0,3
547,709,572,3,0
547,713,522,0,3
547,714,522,0,3
547,718,522,0,3
547,719,572,3,0
547,720,572,3,0
547,724,522,0,3
548,626,547,1,2
548,627,547,1,2
548,628,523,0,3
548,629,547,1,2
548,630,523,0,3
548,631,547,1,2
548,632,523,0,3
548,634,547,1,2
548,635,547,1,2
548,636,547,1,2
548,637,547,1,2
548,639,547,1,2
548,642,573,3,0
548,643,547,1,2
548,644,547,1,2
548,645,547,1,2
548,646,549,2,1
548,647,547,1,2
548,648,573,3,0
548,649,547,1,2
548,650,547,1,2
548,651,547,1,2
548,652,547,1,2
548,653,547,1,2
548,655,549,2,1
548,657,547,1,2
548,658,573,3,0
548,660,547,1,2
548,662,573,3,0
548,663,547,1,2
548,666,547,1,2
548,669,547,1,2
548,672,573,3,0
548,674,547,1,2
548,677,547,1,2
548,678,547,1,2
548,679,547,1,2
548,680,573,3,0
548,681,547,1,2
548,682,547,1,2
548,683,547,1,2
548,685,523,0,3
548,686,547,1,2
548,687,547,1,2
548,691,573,3,0
548,692,547,1,2
548,693,523,0,3
548,695,547,1,2
548,696,573,3,0
548,697,547,1,2
548,698,523,0,3
548,699,523,0,3
548,700,547,1,2
548,701,547,1,2
548,702,547,1,2
548,705,547,1,2
548,707,547,1,2
548,708,547,1,2
548,709,547,1,2
548,710,547,1,2
548,711,547,1,2
548,714,523,0,3
548,715,547,1,2
548,717,547,1,2
548,719,547,1,2
548,720,547,1,2
548,722,547,1,2
548,723,547,1,2
548,724,523,0,3
549,628,524,0,3
549,629,548,1,2
549,630,524,0,3
549,632,524,0,3
549,634,548,1,2
549,637,548,1,2
549,642,574,3,0
549,643,548,1,2
549,644,548,1,2
549,647,548,1,2
549,648,574,3,0
549,651,548,1,2
549,652,548,1,2
549,657,548,1,2
549,658,574,3,0
549,660,548,1,2
549,661,574,3,0
549,662,574,3,0
549,663,548,1,2
549,674,548,1,2
549,677,548,1,2
549,680,574,3,0
549,681,548,1,2
549,682,548,1,2
549,683,548,1,2
549,685,524,0,3
549,687,548,1,2
549,691,574,3,0
549,693,524,0,3
549,696,574,3,0
549,697,548,1,2
549,698,524,0,3
549,699,524,0,3
549,705,548,1,2
549,707,548,1,2
549,709,548,1,2
549,714,524,0,3
549,719,548,1,2
549,720,548,1,2
549,724,524,0,3
550,628,525,0,2
550,629,574,3,2
550,630,575,2,0
550,634,574,3,2
550,637,574,3,2
550,642,575,2,0
550,643,574,3,2
550,647,574,3,2
550,648,575,2,0
550,651,574,3,2
550,658,551,1,1
550,660,574,3,2
550,661,575,2,0
550,662,575,2,0
550,663,574,3,2
550,674,574,3,2
550,677,574,3,2
550,680,575,2,0
550,681,574,3,2
550,682,574,3,2
550,683,574,3,2
550,687,574,3,2
550,691,575,2,0
550,693,525,0,2
550,696,575,2,0
550,698,525,0,2
550,699,525,0,2
550,705,574,3,2
550,707,574,3,2
550,709,574,3,2
550,714,525,0,2
550,719,574,3,2
550,720,574,3,2
550,724,525,0,2
551,628,526,0,3
551,629,550,1,1
551,630,576,3,0
551,634,550,1,1
551,642,576,3,0
551,643,550,1,1
551,647,550,1,1
551,648,576,3,0
551,662,576,3,0
551,677,550,1,1
551,680,576,3,0
551,681,550,1,1
551,687,550,1,1
551,691,576,3,0
551,693,526,0,3
551,699,526,0,3
551,714,526,0,3
551,719,550,1,1
551,724,526,0,3
552,628,527,0,3
552,630,577,3,0
552,642,577,3,0
552,643,551,1,2
552,647,551,1,2
552,648,577,3,0
552,662,577,3,0
552,681,551,1,2
552,691,577,3,0
552,693,527,0,3
552,699,527,0,3
552,719,551,1,2
553,628,528,0,3
553,630,578,3,0
553,642,578,3,0
553,643,554,2,1
553,648,578,3,0
553,662,578,3,0
553,681,552,1,2
553,691,578,3,0
553,699,528,0,3
554,628,529,0,3
554,642,579,3,0
554,643,555,2,1
554,670,553,1,2
554,691,579,3,0
555,628,530,0,3
555,630,580,3,0
555,642,580,3,0
555,643,556,2,1
555,648,580,3,0
555,662,580,3,0
555,681,556,2,1
555,691,580,3,0
555,693,530,0,3
555,699,530,0,3
555,719,556,2,1
556,628,531,0,3
556,630,581,3,0
556,642,581,3,0
556,643,557,2,1
556,647,557,2,1
556,648,581,3,0
556,662,581,3,0
556,677,557,2,1
556,681,557,2,1
556,691,581,3,0
556,693,531,0,3
556,699,531,0,3
556,719,557,2,1
556,724,531,0,3
557,628,532,0,3
557,629,558,2,1
557,630,582,3,0
557,634,558,2,1
557,637,558,2,1
557,642,582,3,0
557,643,558,2,1
557,647,558,2,1
557,648,582,3,0
557,651,558,2,1
557,658,658,37,0
557,660,558,2,1
557,661,582,3,0
557,662,582,3,0
557,663,558,2,1
557,674,558,2,1
557,677,558,2,1
557,680,582,3,0
557,681,558,2,1
557,682,558,2,1
557,683,558,2,1
557,687,558,2,1
557,691,582,3,0
557,693,532,0,3
557,696,582,3,0
557,698,532,0,3
557,699,532,0,3
557,705,558,2,1
557,707,558,2,1
557,709,558,2,1
557,714,532,0,3
557,719,558,2,1
557,720,558,2,1
557,724,532,0,3
558,628,533,0,3
558,629,559,2,1
558,630,583,3,0
558,634,559,2,1
558,637,559,2,1
558,642,583,3,0
558,643,559,2,1
558,644,559,2,1
558,647,559,2,1
558,648,583,3,0
558,651,559,2,1
558,652,559,2,1
558,657,559,2,1
558,658,557,1,2
558,660,559,2,1
558,661,583,3,0
558,662,583,3,0
558,663,559,2,1
558,674,559,2,1
558,677,559,2,1
558,680,583,3,0
558,681,559,2,1
558,682,559,2,1
558,683,559,2,1
558,685,533,0,3
558,687,559,2,1
558,691,583,3,0
558,693,533,0,3
558,696,583,3,0
558,697,559,2,1
558,698,533,0,3
558,699,533,0,3
558,705,559,2,1
558,707,559,2,1
558,709,559,2,1
558,714,533,0,3
558,719,559,2,1
558,720,559,2,1
558,724,533,0,3
559,628,534,0,3
559,629,560,2,1
559,630,584,3,0
559,634,560,2,1
559,637,560,2,1
559,642,584,3,0
559,643,560,2,1
559,644,560,2,1
559,647,560,2,1
559,648,584,3,0
559,651,560,2,1
559,652,560,2,1
559,655,560,2,1
559,657,560,2,1
559,658,558,1,2
559,660,560,2,1
559,661,584,3,0
559,662,584,3,0
559,663,560,2,1
559,672,584,3,0
559,674,560,2,1
559,677,560,2,1
559,680,584,3,0
559,681,560,2,1
559,682,560,2,1
559,683,560,2,1
559,685,534,0,3
559,687,560,2,1
559,691,584,3,0
559,693,534,0,3
559,696,584,3,0
559,697,560,2,1
559,698,534,0,3
559,699,534,0,3
559,705,560,2,1
559,707,560,2,1
559,709,560,2,1
559,714,534,0,3
559,719,560,2,1
559,720,560,2,1
559,724,534,0,3
560,628,535,0,3
560,629,535,0,3
560,630,585,3,0
560,637,585,3,0
560,642,585,3,0
560,643,535,0,3
560,644,585,3,0
560,648,585,3,0
560,651,561,2,1
560,652,585,3,0
560,657,535,0,3
560,658,559,1,2
560,660,535,0,3
560,662,585,3,0
560,663,535,0,3
560,677,585,3,0
560,680,585,3,0
560,681,561,2,1
560,683,585,3,0
560,685,535,0,3
560,687,535,0,3
560,691,585,3,0
560,693,535,0,3
560,696,585,3,0
560,697,585,3,0
560,698,535,0,3
560,699,535,0,3
560,707,535,0,3
560,709,585,3,0
560,714,535,0,3
560,719,585,3,0
560,720,585,3,0
560,724,535,0,3
561,628,560,1,2
561,629,536,0,3
561,630,560,1,2
561,634,536,0,3
561,637,586,3,0
561,642,560,1,2
561,643,536,0,3
561,644,586,3,0
561,646,560,1,2
561,647,536,0,3
561,648,560,1,2
561,651,562,2,1
561,652,586,3,0
561,657,536,0,3
561,658,560,1,2
561,660,536,0,3
561,661,560,1,2
561,662,560,1,2
561,663,536,0,3
561,674,586,3,0
561,677,586,3,0
561,680,560,1,2
561,681,562,2,1
561,682,586,3,0
561,683,586,3,0
561,685,560,1,2
561,687,536,0,3
561,691,560,1,2
561,692,586,3,0
561,693,560,1,2
561,696,560,1,2
561,697,586,3,0
561,698,560,1,2
561,699,560,1,2
561,701,586,3,0
561,705,586,3,0
561,707,536,0,3
561,709,586,3,0
561,714,560,1,2
561,719,586,3,0
561,720,586,3,0
561,724,560,1,2
562,628,561,1,2
562,629,537,0,3
562,630,561,1,2
562,634,537,0,3
562,637,587,3,0
562,642,561,1,2
562,643,537,0,3
562,644,587,3,0
562,647,537,0,3
562,648,561,1,2
562,651,563,2,1
562,652,587,3,0
562,657,537,0,3
562,658,561,1,2
562,660,537,0,3
562,661,561,1,2
562,662,561,1,2
562,663,537,0,3
562,674,587,3,0
562,677,587,3,0
562,680,561,1,2
562,681,563,2,1
562,682,587,3,0
562,683,587,3,0
562,685,561,1,2
562,687,537,0,3
562,691,561,1,2
562,693,561,1,2
562,696,561,1,2
562,697,587,3,0
562,698,561,1,2
562,699,561,1,2
562,705,587,3,0
562,707,537,0,3
562,709,587,3,0
562,714,561,1,2
562,719,587,3,0
562,720,587,3,0
562,724,561,1,2
563,628,562,1,2
563,629,538,0,3
563,630,562,1,2
563,634,538,0,3
563,637,588,3,0
563,642,562,1,2
563,643,538,0,3
563,647,538,0,3
563,648,562,1,2
563,651,651,30,0
563,658,562,1,2
563,660,538,0,3
563,661,562,1,2
563,662,562,1,2
563,663,538,0,3
563,674,588,3,0
563,677,588,3,0
563,680,562,1,2
563,681,564,2,1
563,682,588,3,0
563,683,588,3,0
563,687,538,0,3
563,691,562,1,2
563,693,562,1,2
563,696,562,1,2
563,698,562,1,2
563,699,562,1,2
563,705,588,3,0
563,707,538,0,3
563,709,588,3,0
563,714,562,1,2
563,719,588,3,0
563,720,588,3,0
563,724,562,1,2
564,628,563,1,2
564,630,563,1,2
564,642,563,1,2
564,643,539,0,3
564,647,539,0,3
564,648,563,1,2
564,662,563,1,2
564,677,589,3,0
564,681,565,2,1
564,691,563,1,2
564,693,563,1,2
564,699,563,1,2
564,719,589,3,0
564,724,563,1,2
565,628,564,1,2
565,630,564,1,2
565,642,564,1,2
565,643,540,0,3
565,648,564,1,2
565,662,564,1,2
565,681,566,2,1
565,691,564,1,2
565,693,564,1,2
565,699,564,1,2
565,719,590,3,0
566,670,567,2,1
566,691,565,1,2
567,628,568,2,1
567,630,568,2,1
567,642,568,2,1
567,643,566,1,2
567,648,568,2,1
567,662,568,2,1
567,681,681,60,0
567,691,568,2,1
567,699,568,2,1
568,628,569,2,1
568,630,569,2,1
568,642,569,2,1
568,643,543,0,3
568,647,543,0,3
568,648,569,2,1
568,662,569,2,1
568,681,567,1,2
568,691,569,2,1
568,693,569,2,1
568,699,569,2,1
568,719,593,3,0
569,628,570,2,1
569,629,544,0,3
569,630,570,2,1
569,634,544,0,3
569,642,570,2,1
569,643,544,0,3
569,647,544,0,3
569,648,570,2,1
569,662,570,2,1
569,677,594,3,0
569,680,570,2,1
569,681,568,1,2
569,687,544,0,3
569,691,570,2,1
569,693,570,2,1
569,699,570,2,1
569,714,570,2,1
569,719,594,3,0
569,724,570,2,1
570,628,571,2,1
570,629,545,0,3
570,630,571,2,1
570,634,545,0,3
570,637,595,3,0
570,642,571,2,1
570,643,545,0,3
570,647,545,0,3
570,648,571,2,1
570,651,569,1,2
570,658,571,2,1
570,660,545,0,3
570,661,571,2,1
570,662,571,2,1
570,663,545,0,3
570,674,595,3,0
570,677,595,3,0
570,680,571,2,1
570,681,569,1,2
570,682,595,3,0
570,683,595,3,0
570,687,545,0,3
570,691,571,2,1
570,693,571,2,1
570,696,571,2,1
570,698,571,2,1
570,699,571,2,1
570,705,595,3,0
570,707,545,0,3
570,709,595,3,0
570,714,571,2,1
570,719,595,3,0
570,720,595,3,0
570,724,571,2,1
571,628,572,2,1
571,629,546,0,3
571,630,572,2,1
571,634,546,0,3
571,637,596,3,0
571,642,572,2,1
571,643,546,0,3
571,644,596,3,0
571,647,546,0,3
571,648,572,2,1
571,651,570,1,2
571,652,596,3,0
571,657,546,0,3
571,658,572,2,1
571,660,546,0,3
571,661,572,2,1
571,662,572,2,1
571,663,546,0,3
571,674,596,3,0
571,677,596,3,0
571,680,572,2,1
571,681,570,1,2
571,682,596,3,0
571,683,596,3,0
571,685,572,2,1
571,687,546,0,3
571,691,572,2,1
571,693,572,2,1
571,696,572,2,1
571,697,596,3,0
571,698,572,2,1
571,699,572,2,1
571,705,596,3,0
571,707,546,0,3
571,709,596,3,0
571,714,572,2,1
571,719,596,3,0
571,720,596,3,0
571,724,572,2,1
572,625,597,3,0
572,628,547,0,3
572,629,547,0,3
572,630,597,3,0
572,632,547,0,3
572,633,547,0,3
572,634,547,0,3
572,637,597,3,0
572,638,547,0,3
572,640,597,3,0
572,641,597,3,0
572,642,597,3,0
572,643,547,0,3
572,644,597,3,0
572,646,571,1,2
572,647,547,0,3
572,648,597,3,0
572,651,571,1,2
572,652,597,3,0
572,654,547,0,3
572,655,571,1,2
572,656,597,3,0
572,657,547,0,3
572,658,573,2,1
572,659,547,0,3
572,660,547,0,3
572,662,597,3,0
572,663,547,0,3
572,665,597,3,0
572,667,597,3,0
572,668,597,3,0
572,670,547,0,3
572,671,547,0,3
572,672,597,3,0
572,673,547,0,3
572,674,597,3,0
572,675,547,0,3
572,676,547,0,3
572,677,597,3,0
572,680,597,3,0
572,681,571,1,2
572,682,597,3,0
572,683,597,3,0
572,684,597,3,0
572,685,547,0,3
572,687,547,0,3
572,688,597,3,0
572,689,597,3,0
572,690,597,3,0
572,691,597,3,0
572,692,597,3,0
572,693,547,0,3
572,694,597,3,0
572,696,597,3,0
572,697,597,3,0
572,698,547,0,3
572,699,547,0,3
572,701,597,3,0
572,703,597,3,0
572,704,547,0,3
572,705,597,3,0
572,707,547,0,3
572,709,597,3,0
572,713,547,0,3
572,714,547,0,3
572,718,547,0,3
572,719,597,3,0
572,720,597,3,0
572,724,547,0,3
573,626,572,1,2
573,627,572,1,2
573,628,548,0,3
573,629,572,1,2
573,630,598,3,0
573,631,572,1,2
573,634,572,1,2
573,636,572,1,2
573,637,572,1,2
573,639,572,1,2
573,642,598,3,0
573,643,572,1,2
573,644,572,1,2
573,645,572,1,2
573,646,574,2,1
573,647,572,1,2
573,648,598,3,0
573,649,572,1,2
573,650,572,1,2
573,651,572,1,2
573,652,572,1,2
573,653,572,1,2
573,655,574,2,1
573,657,572,1,2
573,658,574,2,1
573,660,572,1,2
573,662,598,3,0
573,663,572,1,2
573,666,572,1,2
573,669,572,1,2
573,672,598,3,0
573,674,572,1,2
573,677,572,1,2
573,678,572,1,2
573,679,572,1,2
573,680,598,3,0
573,681,572,1,2
573,682,572,1,2
573,683,572,1,2
573,685,548,0,3
573,686,572,1,2
573,687,572,1,2
573,691,598,3,0
573,692,572,1,2
573,693,548,0,3
573,695,572,1,2
573,696,598,3,0
573,697,572,1,2
573,698,548,0,3
573,699,548,0,3
573,700,572,1,2
573,701,572,1,2
573,702,572,1,2
573,705,572,1,2
573,707,572,1,2
573,708,572,1,2
573,709,572,1,2
573,710,572,1,2
573,711,572,1,2
573,714,548,0,3
573,715,572,1,2
573,717,572,1,2
573,719,572,1,2
573,720,572,1,2
573,722,572,1,2
573,723,572,1,2
573,724,548,0,3
574,628,549,0,3
574,629,573,1,2
574,630,599,3,0
574,634,573,1,2
574,637,573,1,2
574,642,599,3,0
574,643,573,1,2
574,644,573,1,2
574,647,573,1,2
574,648,599,3,0
574,651,573,1,2
574,652,573,1,2
574,657,573,1,2
574,658,550,2,3
574,660,573,1,2
574,661,599,3,0
574,662,599,3,0
574,663,573,1,2
574,674,573,1,2
574,677,573,1,2
574,680,599,3,0
574,681,573,1,2
574,682,573,1,2
574,683,573,1,2
574,685,549,0,3
574,687,573,1,2
574,691,599,3,0
574,693,549,0,3
574,696,599,3,0
574,697,573,1,2
574,698,549,0,3
574,699,549,0,3
574,705,573,1,2
574,707,573,1,2
574,709,573,1,2
574,714,549,0,3
574,719,573,1,2
574,720,573,1,2
574,724,549,0,3
575,628,550,0,2
575,629,599,3,2
575,630,600,2,0
575,634,599,3,2
575,637,599,3,2
575,642,600,2,0
575,643,599,3,2
575,647,599,3,2
575,648,600,2,0
575,651,599,3,2
575,658,550,0,2
575,660,599,3,2
575,661,600,2,0
575,662,600,2,0
575,663,599,3,2
575,674,599,3,2
575,677,599,3,2
575,680,600,2,0
575,681,599,3,2
575,682,599,3,2
575,683,599,3,2
575,687,599,3,2
575,691,600,2,0
575,693,550,0,2
575,696,600,2,0
575,698,550,0,2
575,699,550,0,2
575,705,599,3,2
575,707,599,3,2
575,709,599,3,2
575,714,550,0,2
575,719,599,3,2
575,720,599,3,2
575,724,550,0,2
576,628,551,0,3
576,629,575,1,1
576,630,601,3,0
576,634,575,1,1
576,642,601,3,0
576,643,575,1,1
576,647,575,1,1
576,648,601,3,0
576,662,601,3,0
576,677,575,1,1
576,680,601,3,0
576,681,575,1,1
576,687,575,1,1
576,691,601,3,0
576,693,551,0,3
576,699,551,0,3
576,714,551,0,3
576,719,575,1,1
576,724,551,0,3
577,628,552,0,3
577,630,602,3,0
577,642,602,3,0
577,643,576,1,2
577,647,576,1,2
577,648,602,3,0
577,662,602,3,0
577,681,576,1,2
577,691,602,3,0
577,693,552,0,3
577,699,552,0,3
577,719,576,1,2
578,628,553,0,3
578,630,603,3,0
578,642,603,3,0
578,643,579,2,1
578,648,603,3,0
578,662,603,3,0
578,681,577,1,2
578,691,603,3,0
578,699,553,0,3
579,628,554,0,3
579,642,604,3,0
579,643,580,2,1
579,670,578,1,2
579,691,604,3,0
580,628,555,0,3
580,630,605,3,0
580,642,605,3,0
580,643,581,2,1
580,648,605,3,0
580,662,605,3,0
580,681,581,2,1
580,691,605,3,0
580,693,555,0,3
580,699,555,0,3
580,719,581,2,1
581,628,556,0,3
581,630,606,3,0
581,642,606,3,0
581,643,582,2,1
581,647,582,2,1
581,648,606,3,0
581,662,606,3,0
581,677,582,2,1
581,681,582,2,1
581,691,606,3,0
581,693,556,0,3
581,699,556,0,3
581,719,582,2,1
581,724,556,0,3
582,628,557,0,3
582,629,583,2,1
582,630,607,3,0
582,634,583,2,1
582,637,583,2,1
582,642,607,3,0
582,643,583,2,1
582,647,583,2,1
582,648,607,3,0
582,651,583,2,1
582,658,557,0,3
582,660,583,2,1
582,661,607,3,0
582,662,607,3,0
582,663,583,2,1
582,674,583,2,1
582,677,583,2,1
582,680,607,3,0
582,681,583,2,1
582,682,583,2,1
582,683,583,2,1
582,687,583,2,1
582,691,607,3,0
582,693,557,0,3
582,696,607,3,0
582,698,557,0,3
582,699,557,0,3
582,705,583,2,1
582,707,583,2,1
582,709,583,2,1
582,714,557,0,3
582,719,583,2,1
582,720,583,2,1
582,724,557,0,3
583,628,558,0,3
583,629,584,2,1
583,630,608,3,0
583,634,584,2,1
583,637,584,2,1
583,642,608,3,0
583,643,584,2,1
583,644,584,2,1
583,647,584,2,1
583,648,608,3,0
583,651,584,2,1
583,652,584,2,1
583,657,584,2,1
583,658,558,0,3
583,660,584,2,1
583,661,608,3,0
583,662,608,3,0
583,663,584,2,1
583,674,584,2,1
583,677,584,2,1
583,680,608,3,0
583,681,584,2,1
583,682,584,2,1
583,683,584,2,1
583,685,558,0,3
583,687,584,2,1
583,691,608,3,0
583,693,558,0,3
583,696,608,3,0
583,697,584,2,1
583,698,558,0,3
583,699,558,0,3
583,705,584,2,1
583,707,584,2,1
583,709,584,2,1
583,714,558,0,3
583,719,584,2,1
583,720,584,2,1
583,724,558,0,3
584,628,559,0,3
584,629,585,2,1
584,630,609,3,0
584,634,585,2,1
584,637,585,2,1
584,642,609,3,0
584,643,585,2,1
584,644,585,2,1
584,647,585,2,1
584,648,609,3,0
584,651,585,2,1
584,652,585,2,1
584,655,585,2,1
584,657,585,2,1
584,658,559,0,3
584,660,585,2,1
584,661,609,3,0
584,662,609,3,0
584,663,585,2,1
584,672,609,3,0
584,674,585,2,1
584,677,585,2,1
584,680,609,3,0
584,681,585,2,1
584,682,585,2,1
584,683,585,2,1
584,685,559,0,3
584,687,585,2,1
584,691,609,3,0
584,693,559,0,3
584,696,609,3,0
584,697,585,2,1
584,698,559,0,3
584,699,559,0,3
584,705,585,2,1
584,707,585,2,1
584,709,585,2,1
584,714,559,0,3
584,719,585,2,1
584,720,585,2,1
584,724,559,0,3
585,628,560,0,3
585,629,560,0,3
585,630,610,3,0
585,637,610,3,0
585,642,610,3,0
585,643,560,0,3
585,644,610,3,0
585,648,610,3,0
585,651,560,0,3
585,652,610,3,0
585,657,560,0,3
585,660,560,0,3
585,662,610,3,0
585,663,560,0,3
585,674,586,2,1
585,677,610,3,0
585,680,610,3,0
585,683,610,3,0
585,685,560,0,3
585,687,560,0,3
585,691,610,3,0
585,693,560,0,3
585,696,610,3,0
585,697,610,3,0
585,698,560,0,3
585,699,560,0,3
585,707,560,0,3
585,709,610,3,0
585,714,560,0,3
585,720,610,3,0
585,724,560,0,3
586,628,585,1,2
586,629,561,0,3
586,630,585,1,2
586,634,561,0,3
586,637,611,3,0
586,642,585,1,2
586,643,561,0,3
586,644,611,3,0
586,646,585,1,2
586,647,561,0,3
586,648,585,1,2
586,651,561,0,3
586,652,611,3,0
586,657,561,0,3
586,658,585,1,2
586,660,561,0,3
586,661,585,1,2
586,662,585,1,2
586,663,561,0,3
586,674,587,2,1
586,677,611,3,0
586,680,585,1,2
586,681,561,0,3
586,682,611,3,0
586,683,611,3,0
586,685,585,1,2
586,687,561,0,3
586,691,585,1,2
586,692,611,3,0
586,693,585,1,2
586,696,585,1,2
586,697,611,3,0
586,698,585,1,2
586,699,585,1,2
586,701,611,3,0
586,705,611,3,0
586,707,561,0,3
586,709,611,3,0
586,714,585,1,2
586,719,611,3,0
586,720,611,3,0
586,724,585,1,2
587,628,586,1,2
587,629,562,0,3
587,630,586,1,2
587,634,562,0,3
587,637,612,3,0
587,642,586,1,2
587,643,562,0,3
587,644,612,3,0
587,647,562,0,3
587,648,586,1,2
587,651,562,0,3
587,652,612,3,0
587,657,562,0,3
587,658,586,1,2
587,660,562,0,3
587,661,586,1,2
587,662,586,1,2
587,663,562,0,3
587,674,588,2,1
587,677,612,3,0
587,680,586,1,2
587,681,562,0,3
587,682,612,3,0
587,683,612,3,0
587,685,586,1,2
587,687,562,0,3
587,691,586,1,2
587,693,586,1,2
587,696,586,1,2
587,697,612,3,0
587,698,586,1,2
587,699,586,1,2
587,705,612,3,0
587,707,562,0,3
587,709,612,3,0
587,714,586,1,2
587,719,612,3,0
587,720,612,3,0
587,724,586,1,2
588,628,587,1,2
588,629,563,0,3
588,630,587,1,2
588,634,563,0,3
588,637,613,3,0
588,642,587,1,2
588,643,563,0,3
588,647,563,0,3
588,648,587,1,2
588,651,563,0,3
588,658,587,1,2
588,660,563,0,3
588,661,587,1,2
588,662,587,1,2
588,663,563,0,3
588,674,674,53,0
588,677,613,3,0
588,680,587,1,2
588,681,563,0,3
588,682,613,3,0
588,683,613,3,0
588,687,563,0,3
588,691,587,1,2
588,693,587,1,2
588,696,587,1,2
588,698,587,1,2
588,699,587,1,2
588,705,613,3,0
588,707,563,0,3
588,709,613,3,0
588,714,587,1,2
588,719,613,3,0
588,720,613,3,0
588,724,587,1,2
589,628,588,1,2
589,630,588,1,2
589,642,588,1,2
589,643,564,0,3
589,647,564,0,3
589,648,588,1,2
589,662,588,1,2
589,677,614,3,0
589,681,564,0,3
589,691,588,1,2
589,693,588,1,2
589,699,588,1,2
589,719,614,3,0
589,724,588,1,2
590,628,589,1,2
590,630,589,1,2
590,642,589,1,2
590,643,565,0,3
590,648,589,1,2
590,662,589,1,2
590,681,565,0,3
590,691,589,1,2
590,693,589,1,2
590,699,589,1,2
590,719,615,3,0
591,670,592,2,1
591,691,590,1,2
592,628,593,2,1
592,630,593,2,1
592,642,593,2,1
592,643,591,1,2
592,648,593,2,1
592,662,593,2,1
592,681,567,0,3
592,691,593,2,1
592,699,593,2,1
593,628,594,2,1
593,630,594,2,1
593,642,594,2,1
593,643,568,0,3
593,647,568,0,3
593,648,594,2,1
593,662,594,2,1
593,681,568,0,3
593,691,594,2,1
593,693,594,2,1
593,699,594,2,1
593,719,618,3,0
594,628,595,2,1
594,629,569,0,3
594,630,595,2,1
594,634,569,0,3
594,642,595,2,1
594,643,569,0,3
594,647,569,0,3
594,648,595,2,1
594,662,595,2,1
594,677,619,3,0
594,680,595,2,1
594,681,569,0,3
594,687,569,0,3
594,691,595,2,1
594,693,595,2,1
594,699,595,2,1
594,714,595,2,1
594,719,619,3,0
594,724,595,2,1
595,628,596,2,1
595,629,570,0,3
595,630,596,2,1
595,634,570,0,3
595,637,620,3,0
595,642,596,2,1
595,643,570,0,3
595,647,570,0,3
595,648,596,2,1
595,651,570,0,3
595,658,596,2,1
595,660,570,0,3
595,661,596,2,1
595,662,596,2,1
595,663,570,0,3
595,674,594,1,2
595,677,620,3,0
595,680,596,2,1
595,681,570,0,3
595,682,620,3,0
595,683,620,3,0
595,687,570,0,3
595,691,596,2,1
595,693,596,2,1
595,696,596,2,1
595,698,596,2,1
595,699,596,2,1
595,705,620,3,0
595,707,570,0,3
595,709,620,3,0
595,714,596,2,1
595,719,620,3,0
595,720,620,3,0
595,724,596,2,1
596,628,597,2,1
596,629,571,0,3
596,630,597,2,1
596,634,571,0,3
596,637,621,3,0
596,642,597,2,1
596,643,571,0,3
596,644,621,3,0
596,647,571,0,3
596,648,597,2,1
596,651,571,0,3
596,652,621,3,0
596,657,571,0,3
596,658,597,2,1
596,660,571,0,3
596,661,597,2,1
596,662,597,2,1
596,663,571,0,3
596,674,595,1,2
596,677,621,3,0
596,680,597,2,1
596,681,571,0,3
596,682,621,3,0
596,683,621,3,0
596,685,597,2,1
596,687,571,0,3
596,691,597,2,1
596,693,597,2,1
596,696,597,2,1
596,697,621,3,0
596,698,597,2,1
596,699,597,2,1
596,705,621,3,0
596,707,571,0,3
596,709,621,3,0
596,714,597,2,1
596,719,621,3,0
596,720,621,3,0
596,724,597,2,1
597,625,622,3,0
597,628,572,0,3
597,629,572,0,3
597,630,622,3,0
597,632,572,0,3
597,633,572,0,3
597,634,572,0,3
597,637,622,3,0
597,638,572,0,3
597,640,622,3,0
597,641,622,3,0
597,642,622,3,0
597,643,572,0,3
597,644,622,3,0
597,646,596,1,2
597,647,572,0,3
597,648,622,3,0
597,651,572,0,3
597,652,622,3,0
597,654,572,0,3
597,655,596,1,2
597,656,622,3,0
597,657,572,0,3
597,659,572,0,3
597,660,572,0,3
597,662,622,3,0
597,663,572,0,3
597,667,622,3,0
597,668,622,3,0
597,670,622,3,0
597,671,622,3,0
597,672,622,3,0
597,673,622,3,0
597,674,596,1,2
597,675,572,0,3
597,676,572,0,3
597,677,622,3,0
597,680,622,3,0
597,681,572,0,3
597,682,622,3,0
597,683,622,3,0
597,684,622,3,0
597,685,572,0,3
597,687,572,0,3
597,688,622,3,0
597,689,622,3,0
597,690,622,3,0
597,691,622,3,0
597,692,622,3,0
597,693,572,0,3
597,694,622,3,0
597,696,622,3,0
597,697,622,3,0
597,698,572,0,3
597,699,572,0,3
597,701,622,3,0
597,703,622,3,0
597,704,572,0,3
597,705,622,3,0
597,707,572,0,3
597,709,622,3,0
597,713,572,0,3
597,714,572,0,3
597,718,572,0,3
597,719,622,3,0
597,720,622,3,0
597,724,572,0,3
598,626,597,1,2
598,627,597,1,2
598,628,573,0,3
598,629,597,1,2
598,630,623,3,0
598,631,597,1,2
598,634,597,1,2
598,635,597,1,2
598,636,597,1,2
598,637,597,1,2
598,639,597,1,2
598,642,623,3,0
598,643,597,1,2
598,644,597,1,2
598,645,597,1,2
598,646,599,2,1
598,647,597,1,2
598,648,623,3,0
598,649,597,1,2
598,650,597,1,2
598,651,597,1,2
598,652,597,1,2
598,653,597,1,2
598,655,599,2,1
598,657,597,1,2
598,660,597,1,2
598,662,623,3,0
598,663,597,1,2
598,666,597,1,2
598,669,597,1,2
598,672,623,3,0
598,674,597,1,2
598,677,597,1,2
598,678,597,1,2
598,679,597,1,2
598,680,623,3,0
598,681,597,1,2
598,682,597,1,2
598,683,597,1,2
598,685,573,0,3
598,686,597,1,2
598,687,597,1,2
598,691,623,3,0
598,692,597,1,2
598,693,573,0,3
598,696,623,3,0
598,697,597,1,2
598,698,573,0,3
598,699,573,0,3
598,700,597,1,2
598,701,597,1,2
598,702,597,1,2
598,705,597,1,2
598,707,597,1,2
598,708,597,1,2
598,709,597,1,2
598,710,597,1,2
598,711,597,1,2
598,714,573,0,3
598,715,597,1,2
598,717,597,1,2
598,719,597,1,2
598,720,597,1,2
598,722,597,1,2
598,723,597,1,2
598,724,573,0,3
599,628,574,0,3
599,629,598,1,2
599,630,624,3,0
599,634,598,1,2
599,637,598,1,2
599,642,624,3,0
599,643,598,1,2
599,644,598,1,2
599,647,598,1,2
599,648,624,3,0
599,651,598,1,2
599,652,598,1,2
599,657,598,1,2
599,658,574,0,3
599,660,598,1,2
599,661,624,3,0
599,662,624,3,0
599,663,598,1,2
599,674,598,1,2
599,677,598,1,2
599,680,624,3,0
599,681,598,1,2
599,682,598,1,2
599,683,598,1,2
599,685,574,0,3
599,687,598,1,2
599,691,624,3,0
599,693,574,0,3
599,696,624,3,0
599,697,598,1,2
599,698,574,0,3
599,699,574,0,3
599,705,598,1,2
599,707,598,1,2
599,709,598,1,2
599,714,574,0,3
599,719,598,1,2
599,720,598,1,2
599,724,574,0,3
600,628,575,0,2
600,629,624,3,2
600,630,0,2,3
600,634,624,3,2
600,637,624,3,2
600,642,0,2,3
600,643,624,3,2
600,647,624,3,2
600,648,0,2,3
600,651,624,3,2
600,658,575,0,2
600,660,624,3,2
600,661,0,2,3
600,662,0,2,3
600,663,624,3,2
600,674,624,3,2
600,677,624,3,2
600,680,0,2,3
600,681,624,3,2
600,682,624,3,2
600,683,624,3,2
600,687,624,3,2
600,691,0,2,3
600,693,575,0,2
600,696,601,1,1
600,698,575,0,2
600,699,575,0,2
600,705,624,3,2
600,707,624,3,2
600,709,624,3,2
600,714,575,0,2
600,719,624,3,2
600,720,624,3,2
600,724,575,0,2
601,628,576,0,3
601,629,600,1,1
601,630,1,3,3
601,634,600,1,1
601,642,1,3,3
601,643,600,1,1
601,647,600,1,1
601,648,1,3,3
601,662,1,3,3
601,677,600,1,1
601,680,1,3,3
601,681,600,1,1
601,687,600,1,1
601,691,1,3,3
601,693,576,0,3
601,699,576,0,3
601,714,576,0,3
601,719,600,1,1
601,724,576,0,3
602,628,577,0,3
602,630,2,3,3
602,642,2,3,3
602,643,601,1,2
602,647,601,1,2
602,648,2,3,3
602,662,2,3,3
602,681,601,1,2
602,691,2,3,3
602,693,577,0,3
602,699,577,0,3
602,719,601,1,2
603,628,578,0,3
603,630,3,3,3
603,642,3,3,3
603,643,604,2,1
603,648,3,3,3
603,662,3,3,3
603,681,602,1,2
603,691,3,3,3
603,699,578,0,3
604,628,579,0,3
604,642,4,3,3
604,643,605,2,1
604,670,603,1,2
604,691,4,3,3
605,628,580,0,3
605,630,5,3,3
605,642,5,3,3
605,643,606,2,1
605,648,5,3,3
605,662,5,3,3
605,681,606,2,1
605,691,5,3,3
605,693,580,0,3
605,699,580,0,3
605,719,606,2,1
606,628,581,0,3
606,630,6,3,3
606,642,6,3,3
606,643,607,2,1
606,647,607,2,1
606,648,6,3,3
606,662,6,3,3
606,677,607,2,1
606,681,607,2,1
606,691,6,3,3
606,693,581,0,3
606,699,581,0,3
606,719,607,2,1
606,724,581,0,3
607,628,582,0,3
607,629,608,2,1
607,630,7,3,3
607,634,608,2,1
607,637,608,2,1
607,642,7,3,3
607,643,608,2,1
607,647,608,2,1
607,648,7,3,3
607,651,608,2,1
607,658,582,0,3
607,660,608,2,1
607,661,7,3,3
607,662,7,3,3
607,663,608,2,1
607,674,608,2,1
607,677,608,2,1
607,680,7,3,3
607,681,608,2,1
607,682,608,2,1
607,683,608,2,1
607,687,608,2,1
607,691,7,3,3
607,693,582,0,3
607,696,696,75,0
607,698,582,0,3
607,699,582,0,3
607,705,608,2,1
607,707,608,2,1
607,709,608,2,1
607,714,582,0,3
607,719,608,2,1
607,720,608,2,1
607,724,582,0,3
608,628,583,0,3
608,629,609,2,1
608,630,8,3,3
608,634,609,2,1
608,637,609,2,1
608,642,8,3,3
608,643,609,2,1
608,644,609,2,1
608,647,609,2,1
608,648,8,3,3
608,651,609,2,1
608,652,609,2,1
608,657,609,2,1
608,658,583,0,3
608,660,609,2,1
608,661,8,3,3
608,662,8,3,3
608,663,609,2,1
608,674,609,2,1
608,677,609,2,1
608,680,8,3,3
608,681,609,2,1
608,682,609,2,1
608,683,609,2,1
608,685,583,0,3
608,687,609,2,1
608,691,8,3,3
608,693,583,0,3
608,696,607,1,2
608,697,609,2,1
608,698,583,0,3
608,699,583,0,3
608,705,609,2,1
608,707,609,2,1
608,709,609,2,1
608,714,583,0,3
608,719,609,2,1
608,720,609,2,1
608,724,583,0,3
609,628,584,0,3
609,629,610,2,1
609,630,9,3,3
609,634,610,2,1
609,637,610,2,1
609,642,9,3,3
609,643,610,2,1
609,644,610,2,1
609,647,610,2,1
609,648,9,3,3
609,651,610,2,1
609,652,610,2,1
609,655,610,2,1
609,657,610,2,1
609,658,584,0,3
609,660,610,2,1
609,661,9,3,3
609,662,9,3,3
609,663,610,2,1
609,672,9,3,3
609,674,610,2,1
609,677,610,2,1
609,680,9,3,3
609,681,610,2,1
609,682,610,2,1
609,683,610,2,1
609,685,584,0,3
609,687,610,2,1
609,691,9,3,3
609,693,584,0,3
609,696,608,1,2
609,697,610,2,1
609,698,584,0,3
609,699,584,0,3
609,705,610,2,1
609,707,610,2,1
609,709,610,2,1
609,714,584,0,3
609,719,610,2,1
609,720,610,2,1
609,724,584,0,3
610,628,585,0,3
610,629,585,0,3
610,630,10,3,3
610,634,585,0,3
610,637,10,3,3
610,642,10,3,3
610,643,585,0,3
610,644,10,3,3
610,647,585,0,3
610,648,10,3,3
610,651,585,0,3
610,652,10,3,3
610,657,585,0,3
610,660,585,0,3
610,662,10,3,3
610,674,585,0,3
610,677,10,3,3
610,680,10,3,3
610,681,585,0,3
610,683,10,3,3
610,685,585,0,3
610,687,585,0,3
610,691,10,3,3
610,693,585,0,3
610,696,609,1,2
610,697,10,3,3
610,698,585,0,3
610,699,585,0,3
610,709,10,3,3
610,714,585,0,3
610,719,611,2,1
610,724,585,0,3
611,628,610,1,2
611,629,586,0,3
611,630,610,1,2
611,634,586,0,3
611,637,11,3,3
611,642,610,1,2
611,643,586,0,3
611,644,11,3,3
611,646,610,1,2
611,647,586,0,3
611,648,610,1,2
611,651,586,0,3
611,652,11,3,3
611,657,586,0,3
611,658,610,1,2
611,660,586,0,3
611,661,610,1,2
611,662,610,1,2
611,663,586,0,3
611,674,586,0,3
611,677,11,3,3
611,680,610,1,2
611,681,586,0,3
611,682,11,3,3
611,683,11,3,3
611,685,610,1,2
611,687,586,0,3
611,691,610,1,2
611,692,11,3,3
611,693,610,1,2
611,696,610,1,2
611,697,11,3,3
611,698,610,1,2
611,699,610,1,2
611,701,11,3,3
611,705,11,3,3
611,707,586,0,3
611,709,11,3,3
611,714,610,1,2
611,719,612,2,1
611,720,11,3,3
611,724,610,1,2
612,628,611,1,2
612,629,587,0,3
612,630,611,1,2
612,634,587,0,3
612,637,12,3,3
612,642,611,1,2
612,643,587,0,3
612,644,12,3,3
612,647,587,0,3
612,648,611,1,2
612,651,587,0,3
612,652,12,3,3
612,657,587,0,3
612,658,611,1,2
612,660,587,0,3
612,661,611,1,2
612,662,611,1,2
612,663,587,0,3
612,674,587,0,3
612,677,12,3,3
612,680,611,1,2
612,681,587,0,3
612,682,12,3,3
612,683,12,3,3
612,685,611,1,2
612,687,587,0,3
612,691,611,1,2
612,693,611,1,2
612,696,611,1,2
612,697,12,3,3
612,698,611,1,2
612,699,611,1,2
612,705,12,3,3
612,707,587,0,3
612,709,12,3,3
612,714,611,1,2
612,719,613,2,1
612,720,12,3,3
612,724,611,1,2
613,628,612,1,2
613,629,588,0,3
613,630,612,1,2
613,634,588,0,3
613,637,13,3,3
613,642,612,1,2
613,643,588,0,3
613,647,588,0,3
613,648,612,1,2
613,651,588,0,3
613,658,612,1,2
613,660,588,0,3
613,661,612,1,2
613,662,612,1,2
613,663,588,0,3
613,674,588,0,3
613,677,13,3,3
613,680,612,1,2
613,681,588,0,3
613,682,13,3,3
613,683,13,3,3
613,687,588,0,3
613,691,612,1,2
613,693,612,1,2
613,696,612,1,2
613,698,612,1,2
613,699,612,1,2
613,705,13,3,3
613,707,588,0,3
613,709,13,3,3
613,714,612,1,2
613,719,614,2,1
613,720,13,3,3
613,724,612,1,2
614,628,613,1,2
614,630,613,1,2
614,642,613,1,2
614,643,589,0,3
614,647,589,0,3
614,648,613,1,2
614,662,613,1,2
614,677,14,3,3
614,681,589,0,3
614,691,613,1,2
614,693,613,1,2
614,699,613,1,2
614,719,615,2,1
614,724,613,1,2
615,628,614,1,2
615,630,614,1,2
615,642,614,1,2
615,643,590,0,3
615,648,614,1,2
615,662,614,1,2
615,681,590,0,3
615,691,614,1,2
615,693,614,1,2
615,699,614,1,2
615,719,719,98,0
616,670,617,2,1
616,691,615,1,2
617,628,618,2,1
617,630,618,2,1
617,642,618,2,1
617,643,616,1,2
617,648,618,2,1
617,662,618,2,1
617,681,592,0,3
617,691,618,2,1
617,699,618,2,1
618,628,619,2,1
618,630,619,2,1
618,642,619,2,1
618,643,593,0,3
618,647,593,0,3
618,648,619,2,1
618,662,619,2,1
618,681,593,0,3
618,691,619,2,1
618,693,619,2,1
618,699,619,2,1
618,719,617,1,2
619,628,620,2,1
619,629,594,0,3
619,630,620,2,1
619,634,594,0,3
619,642,620,2,1
619,643,594,0,3
619,647,594,0,3
619,648,620,2,1
619,662,620,2,1
619,677,19,3,3
619,680,620,2,1
619,681,594,0,3
619,687,594,0,3
619,691,620,2,1
619,693,620,2,1
619,699,620,2,1
619,714,620,2,1
619,719,618,1,2
619,724,620,2,1
620,628,621,2,1
620,629,595,0,3
620,630,621,2,1
620,634,595,0,3
620,637,20,3,3
620,642,621,2,1
620,643,595,0,3
620,647,595,0,3
620,648,621,2,1
620,651,595,0,3
620,658,621,2,1
620,660,595,0,3
620,661,621,2,1
620,662,621,2,1
620,663,595,0,3
620,674,595,0,3
620,677,20,3,3
620,680,621,2,1
620,681,595,0,3
620,682,20,3,3
620,683,20,3,3
620,687,595,0,3
620,691,621,2,1
620,693,621,2,1
620,696,621,2,1
620,698,621,2,1
620,699,621,2,1
620,705,20,3,3
620,707,595,0,3
620,709,20,3,3
620,714,621,2,1
620,719,619,1,2
620,720,20,3,3
620,724,621,2,1
621,628,622,2,1
621,629,596,0,3
621,630,622,2,1
621,634,596,0,3
621,637,21,3,3
621,642,622,2,1
621,643,596,0,3
621,644,21,3,3
621,647,596,0,3
621,648,622,2,1
621,651,596,0,3
621,652,21,3,3
621,657,596,0,3
621,658,622,2,1
621,660,596,0,3
621,661,622,2,1
621,662,622,2,1
621,663,596,0,3
621,674,596,0,3
621,677,21,3,3
621,680,622,2,1
621,681,596,0,3
621,682,21,3,3
621,683,21,3,3
621,685,622,2,1
621,687,596,0,3
621,691,622,2,1
621,693,622,2,1
621,696,622,2,1
621,697,21,3,3
621,698,622,2,1
621,699,622,2,1
621,705,21,3,3
621,707,596,0,3
621,709,21,3,3
621,714,622,2,1
621,719,620,1,2
621,720,21,3,3
621,724,622,2,1
622,625,22,3,3
622,628,597,0,3
622,629,597,0,3
622,630,22,3,3
622,632,597,0,3
622,633,597,0,3
622,634,597,0,3
622,637,22,3,3
622,638,597,0,3
622,640,22,3,3
622,641,22,3,3
622,642,22,3,3
622,643,597,0,3
622,644,22,3,3
622,646,621,1,2
622,647,597,0,3
622,648,22,3,3
622,651,597,0,3
622,652,22,3,3
622,654,597,0,3
622,655,621,1,2
622,656,22,3,3
622,657,597,0,3
622,659,597,0,3
622,660,597,0,3
622,662,22,3,3
622,663,597,0,3
622,665,597,0,3
622,667,22,3,3
622,668,22,3,3
622,670,22,3,3
622,671,22,3,3
622,672,22,3,3
622,673,22,3,3
622,674,597,0,3
622,675,597,0,3
622,676,22,3,3
622,677,22,3,3
622,680,22,3,3
622,681,597,0,3
622,682,22,3,3
622,683,22,3,3
622,684,22,3,3
622,685,597,0,3
622,687,597,0,3
622,688,22,3,3
622,689,22,3,3
622,690,22,3,3
622,691,22,3,3
622,692,22,3,3
622,693,597,0,3
622,694,22,3,3
622,696,623,2,1
622,697,22,3,3
622,698,597,0,3
622,699,597,0,3
622,701,22,3,3
622,703,22,3,3
622,704,597,0,3
622,705,22,3,3
622,707,597,0,3
622,709,22,3,3
622,713,22,3,3
622,714,597,0,3
622,718,597,0,3
622,719,621,1,2
622,720,22,3,3
622,724,597,0,3
623,626,622,1,2
623,627,622,1,2
623,628,598,0,3
623,629,622,1,2
623,630,23,3,3
623,631,622,1,2
623,634,622,1,2
623,635,622,1,2
623,636,622,1,2
623,637,622,1,2
623,639,622,1,2
623,642,23,3,3
623,643,622,1,2
623,644,622,1,2
623,645,622,1,2
623,646,624,2,1
623,647,622,1,2
623,648,23,3,3
623,649,622,1,2
623,650,622,1,2
623,651,622,1,2
623,652,622,1,2
623,653,622,1,2
623,655,624,2,1
623,657,622,1,2
623,660,622,1,2
623,662,23,3,3
623,663,622,1,2
623,666,622,1,2
623,669,622,1,2
623,672,23,3,3
623,674,622,1,2
623,677,622,1,2
623,678,622,1,2
623,679,622,1,2
623,680,23,3,3
623,681,622,1,2
623,682,622,1,2
623,683,622,1,2
623,685,598,0,3
623,686,622,1,2
623,687,622,1,2
623,691,23,3,3
623,692,622,1,2
623,693,598,0,3
623,695,622,1,2
623,696,624,2,1
623,697,622,1,2
623,698,598,0,3
623,699,598,0,3
623,700,622,1,2
623,701,622,1,2
623,702,622,1,2
623,705,622,1,2
623,707,622,1,2
623,708,622,1,2
623,709,622,1,2
623,710,622,1,2
623,711,622,1,2
623,714,598,0,3
623,715,622,1,2
623,717,622,1,2
623,719,622,1,2
623,720,622,1,2
623,722,622,1,2
623,723,622,1,2
623,724,598,0,3
624,628,599,0,3
624,629,623,1,2
624,630,24,3,3
624,634,623,1,2
624,637,623,1,2
624,642,24,3,3
624,643,623,1,2
624,644,623,1,2
624,647,623,1,2
624,648,24,3,3
624,651,623,1,2
624,652,623,1,2
624,657,623,1,2
624,658,599,0,3
624,660,623,1,2
624,661,24,3,3
624,662,24,3,3
624,663,623,1,2
624,674,623,1,2
624,677,623,1,2
624,680,24,3,3
624,681,623,1,2
624,682,623,1,2
624,683,623,1,2
624,685,599,0,3
624,687,623,1,2
624,691,24,3,3
624,693,599,0,3
624,696,600,2,3
624,697,623,1,2
624,698,599,0,3
624,699,599,0,3
624,705,623,1,2
624,707,623,1,2
624,709,623,1,2
624,714,599,0,3
624,719,623,1,2
624,720,623,1,2
624,724,599,0,3
627,625,437,0,6
627,626,437,0,6
627,628,437,0,6
627,629,437,0,6
627,630,437,0,6
627,631,437,0,6
627,632,437,0,6
627,633,437,0,6
627,634,437,0,6
627,635,437,0,6
627,636,437,0,6
627,637,437,0,6
627,638,437,0,6
627,639,437,0,6
627,640,437,0,6
627,641,437,0,6
627,642,437,0,6
627,643,437,0,6
627,644,437,0,6
627,645,437,0,6
627,646,437,0,6
627,647,437,0,6
627,648,437,0,6
627,649,437,0,6
627,650,437,0,6
627,651,437,0,6
627,652,437,0,6
627,653,437,0,6
627,654,437,0,6
627,655,437,0,6
627,656,437,0,6
627,657,437,0,6
627,658,437,0,6
627,659,437,0,6
627,660,437,0,6
627,661,437,0,6
627,662,437,0,6
627,663,437,0,6
627,664,437,0,6
627,665,437,0,6
627,666,437,0,6
627,667,437,0,6
627,668,437,0,6
627,669,437,0,6
627,670,437,0,6
627,671,437,0,6
627,672,437,0,6
627,673,437,0,6
627,674,437,0,6
627,675,437,0,6
627,676,437,0,6
627,677,437,0,6
627,678,437,0,6
627,679,437,0,6
627,680,437,0,6
627,681,437,0,6
627,682,437,0,6
627,683,437,0,6
627,684,437,0,6
627,685,437,0,6
627,686,437,0,6
627,687,437,0,6
627,688,437,0,6
627,689,437,0,6
627,690,437,0,6
627,691,437,0,6
627,692,437,0,6
627,693,437,0,6
627,694,437,0,6
627,695,437,0,6
627,696,437,0,6
627,697,437,0,6
627,698,437,0,6
627,699,437,0,6
627,700,437,0,6
627,701,437,0,6
627,702,437,0,6
627,703,437,0,6
627,704,437,0,6
627,705,437,0,6
627,706,437,0,6
627,707,437,0,6
627,708,437,0,6
627,709,437,0,6
627,710,437,0,6
627,711,437,0,6
627,712,437,0,6
627,713,437,0,6
627,714,437,0,6
627,715,437,0,6
627,716,437,0,6
627,717,437,0,6
627,718,437,0,6
627,719,437,0,6
627,720,437,0,6
627,721,437,0,6
627,722,437,0,6
627,723,437,0,6
627,724,437,0,6
628,625,379,0,7
628,626,379,0,7
628,627,379,0,7
628,629,379,0,7
628,630,379,0,7
628,631,379,0,7
628,632,379,0,7
628,633,379,0,7
628,634,379,0,7
628,635,379,0,7
628,636,379,0,7
628,637,379,0,7
628,638,379,0,7
628,639,379,0,7
628,640,379,0,7
628,641,379,0,7
628,642,379,0,7
628,643,379,0,7
628,644,379,0,7
628,645,379,0,7
628,646,379,0,7
628,647,379,0,7
628,648,379,0,7
628,649,379,0,7
628,650,379,0,7
628,651,379,0,7
628,652,379,0,7
628,653,379,0,7
628,654,379,0,7
628,655,379,0,7
628,656,379,0,7
628,657,379,0,7
628,658,379,0,7
628,659,379,0,7
628,660,379,0,7
628,661,379,0,7
628,662,379,0,7
628,663,379,0,7
628,664,379,0,7
628,665,379,0,7
628,666,379,0,7
628,667,379,0,7
628,668,379,0,7
628,669,379,0,7
628,670,379,0,7
628,671,379,0,7
628,672,379,0,7
628,673,379,0,7
628,674,379,0,7
628,675,379,0,7
628,676,379,0,7
628,677,379,0,7
628,678,379,0,7
628,679,379,0,7
628,680,379,0,7
628,681,379,0,7
628,682,379,0,7
628,683,379,0,7
628,684,379,0,7
628,685,379,0,7
628,686,379,0,7
628,687,379,0,7
628,688,379,0,7
628,689,379,0,7
628,690,379,0,7
628,691,379,0,7
628,692,379,0,7
628,693,379,0,7
628,694,379,0,7
628,695,379,0,7
628,696,379,0,7
628,697,379,0,7
628,698,379,0,7
628,699,379,0,7
628,700,379,0,7
628,701,379,0,7
628,702,379,0,7
628,703,379,0,7
628,704,379,0,7
628,705,379,0,7
628,706,379,0,7
628,707,379,0,7
628,708,379,0,7
628,709,379,0,7
628,710,379,0,7
628,711,379,0,7
628,712,379,0,7
628,713,379,0,7
628,714,379,0,7
628,715,379,0,7
628,716,379,0,7
628,717,379,0,7
628,718,379,0,7
628,719,379,0,7
628,720,379,0,7
628,721,379,0,7
628,722,379,0,7
628,723,379,0,7
628,724,379,0,7
629,625,369,0,8
629,626,369,0,8
629,627,369,0,8
629,628,369,0,8
629,630,369,0,8
629,631,369,0,8
629,632,369,0,8
629,633,369,0,8
629,634,369,0,8
629,635,369,0,8
629,636,369,0,8
629,637,369,0,8
629,638,369,0,8
629,639,369,0,8
629,640,369,0,8
629,641,369,0,8
629,642,369,0,8
629,643,369,0,8
629,644,369,0,8
629,645,369,0,8
629,646,369,0,8
629,647,369,0,8
629,648,369,0,8
629,649,369,0,8
629,650,369,0,8
629,651,369,0,8
629,652,369,0,8
629,653,369,0,8
629,654,369,0,8
629,655,369,0,8
629,656,369,0,8
629,657,369,0,8
629,658,369,0,8
629,659,369,0,8
629,660,369,0,8
629,661,369,0,8
629,662,369,0,8
629,663,369,0,8
629,664,369,0,8
629,665,369,0,8
629,666,369,0,8
629,667,369,0,8
629,668,369,0,8
629,669,369,0,8
629,670,369,0,8
629,671,369,0,8
629,672,369,0,8
629,673,369,0,8
629,674,369,0,8
629,675,369,0,8
629,676,369,0,8
629,677,369,0,8
629,678,369,0,8
629,679,369,0,8
629,680,369,0,8
629,681,369,0,8
629,682,369,0,8
629,683,369,0,8
629,684,369,0,8
629,685,369,0,8
629,686,369,0,8
629,687,369,0,8
629,688,369,0,8
629,689,369,0,8
629,690,369,0,8
629,691,369,0,8
629,692,369,0,8
629,693,369,0,8
629,694,369,0,8
629,695,369,0,8
629,696,369,0,8
629,697,369,0,8
629,698,369,0,8
629,699,369,0,8
629,700,369,0,8
629,701,369,0,8
629,702,369,0,8
629,703,369,0,8
629,704,369,0,8
629,705,369,0,8
629,706,369,0,8
629,707,369,0,8
629,708,369,0,8
629,709,369,0,8
629,710,369,0,8
629,711,369,0,8
629,712,369,0,8
629,713,369,0,8
629,714,369,0,8
629,715,369,0,8
629,716,369,0,8
629,717,369,0,8
629,718,369,0,8
629,719,369,0,8
629,720,369,0,8
629,721,369,0,8
629,722,369,0,8
629,723,369,0,8
629,724,369,0,8
630,625,228,0,9
630,626,228,0,9
630,627,228,0,9
630,628,228,0,9
630,629,228,0,9
630,631,228,0,9
630,632,228,0,9
630,633,228,0,9
630,634,228,0,9
630,635,228,0,9
630,636,228,0,9
630,637,228,0,9
630,638,228,0,9
630,639,228,0,9
630,640,228,0,9
630,641,228,0,9
630,642,228,0,9
630,643,228,0,9
630,644,228,0,9
630,645,228,0,9
630,646,228,0,9
630,647,228,0,9
630,648,228,0,9
630,649,228,0,9
630,650,228,0,9
630,651,228,0,9
630,652,228,0,9
630,653,228,0,9
630,654,228,0,9
630,655,228,0,9
630,656,228,0,9
630,657,228,0,9
630,658,228,0,9
630,659,228,0,9
630,660,228,0,9
630,661,228,0,9
630,662,228,0,9
630,663,228,0,9
630,664,228,0,9
630,665,228,0,9
630,666,228,0,9
630,667,228,0,9
630,668,228,0,9
630,669,228,0,9
630,670,228,0,9
630,671,228,0,9
630,672,228,0,9
630,673,228,0,9
630,674,228,0,9
630,675,228,0,9
630,676,228,0,9
630,677,228,0,9
630,678,228,0,9
630,679,228,0,9
630,680,228,0,9
630,681,228,0,9
630,682,228,0,9
630,683,228,0,9
630,684,228,0,9
630,685,228,0,9
630,686,228,0,9
630,687,228,0,9
630,688,228,0,9
630,689,228,0,9
630,690,228,0,9
630,691,228,0,9
630,692,228,0,9
630,693,228,0,9
630,694,228,0,9
630,695,228,0,9
630,696,228,0,9
630,697,228,0,9
630,698,228,0,9
630,699,228,0,9
630,700,228,0,9
630,701,228,0,9
630,702,228,0,9
630,703,228,0,9
630,704,228,0,9
630,705,228,0,9
630,706,228,0,9
630,707,228,0,9
630,708,228,0,9
630,709,228,0,9
630,710,228,0,9
630,711,228,0,9
630,712,228,0,9
630,713,228,0,9
630,714,228,0,9
630,715,228,0,9
630,716,228,0,9
630,717,228,0,9
630,718,228,0,9
630,719,228,0,9
630,720,228,0,9
630,721,228,0,9
630,722,228,0,9
630,723,228,0,9
630,724,228,0,9
632,625,500,0,11
632,626,500,0,11
632,627,500,0,11
632,628,500,0,11
632,629,500,0,11
632,630,500,0,11
632,631,500,0,11
632,633,500,0,11
632,634,500,0,11
632,635,500,0,11
632,636,500,0,11
632,637,500,0,11
632,638,500,0,11
632,639,500,0,11
632,640,500,0,11
632,641,500,0,11
632,642,500,0,11
632,643,500,0,11
632,644,500,0,11
632,645,500,0,11
632,646,500,0,11
632,647,500,0,11
632,648,500,0,11
632,649,500,0,11
632,650,500,0,11
632,651,500,0,11
632,652,500,0,11
632,653,500,0,11
632,654,500,0,11
632,655,500,0,11
632,656,500,0,11
632,657,500,0,11
632,658,500,0,11
632,659,500,0,11
632,660,500,0,11
632,661,500,0,11
632,662,500,0,11
632,663,500,0,11
632,664,500,0,11
632,665,500,0,11
632,666,500,0,11
632,667,500,0,11
632,668,500,0,11
632,669,500,0,11
632,670,500,0,11
632,671,500,0,11
632,672,500,0,11
632,673,500,0,11
632,674,500,0,11
632,675,500,0,11
632,676,500,0,11
632,677,500,0,11
632,678,500,0,11
632,679,500,0,11
632,680,500,0,11
632,681,500,0,11
632,682,500,0,11
632,683,500,0,11
632,684,500,0,11
632,685,500,0,11
632,686,500,0,11
632,687,500,0,11
632,688,500,0,11
632,689,500,0,11
632,690,500,0,11
632,691,500,0,11
632,692,500,0,11
632,693,500,0,11
632,694,500,0,11
632,695,500,0,11
632,696,500,0,11
632,697,500,0,11
632,698,500,0,11
632,699,500,0,11
632,700,500,0,11
632,701,500,0,11
632,702,500,0,11
632,703,500,0,11
632,704,500,0,11
632,705,500,0,11
632,706,500,0,11
632,707,500,0,11
632,708,500,0,11
632,709,500,0,11
632,710,500,0,11
632,711,500,0,11
632,712,500,0,11
632,713,500,0,11
632,714,500,0,11
632,715,500,0,11
632,716,500,0,11
632,717,500,0,11
632,718,500,0,11
632,719,500,0,11
632,720,500,0,11
632,721,500,0,11
632,722,500,0,11
632,723,500,0,11
632,724,500,0,11
634,625,519,0,13
634,626,519,0,13
634,627,519,0,13
634,628,519,0,13
634,629,519,0,13
634,630,519,0,13
634,631,519,0,13
634,632,519,0,13
634,633,519,0,13
634,635,519,0,13
634,636,519,0,13
634,637,519,0,13
634,638,519,0,13
634,639,519,0,13
634,640,519,0,13
634,641,519,0,13
634,642,519,0,13
634,643,519,0,13
634,644,519,0,13
634,645,519,0,13
634,646,519,0,13
634,647,519,0,13
634,648,519,0,13
634,649,519,0,13
634,650,519,0,13
634,651,519,0,13
634,652,519,0,13
634,653,519,0,13
634,654,519,0,13
634,655,519,0,13
634,656,519,0,13
634,657,519,0,13
634,658,519,0,13
634,659,519,0,13
634,660,519,0,13
634,661,519,0,13
634,662,519,0,13
634,663,519,0,13
634,664,519,0,13
634,665,519,0,13
634,666,519,0,13
634,667,519,0,13
634,668,519,0,13
634,669,519,0,13
634,670,519,0,13
634,671,519,0,13
634,672,519,0,13
634,673,519,0,13
634,674,519,0,13
634,675,519,0,13
634,676,519,0,13
634,677,519,0,13
634,678,519,0,13
634,679,519,0,13
634,680,519,0,13
634,681,519,0,13
634,682,519,0,13
634,683,519,0,13
634,684,519,0,13
634,685,519,0,13
634,686,519,0,13
634,687,519,0,13
634,688,519,0,13
634,689,519,0,13
634,690,519,0,13
634,691,519,0,13
634,692,519,0,13
634,693,519,0,13
634,694,519,0,13
634,695,519,0,13
634,696,519,0,13
634,697,519,0,13
634,698,519,0,13
634,699,519,0,13
634,700,519,0,13
634,701,519,0,13
634,702,519,0,13
634,703,519,0,13
634,704,519,0,13
634,705,519,0,13
634,706,519,0,13
634,707,519,0,13
634,708,519,0,13
634,709,519,0,13
634,710,519,0,13
634,711,519,0,13
634,712,519,0,13
634,713,519,0,13
634,714,519,0,13
634,715,519,0,13
634,716,519,0,13
634,717,519,0,13
634,718,519,0,13
634,719,519,0,13
634,720,519,0,13
634,721,519,0,13
634,722,519,0,13
634,723,519,0,13
634,724,519,0,13
637,625,188,0,16
637,626,188,0,16
637,627,188,0,16
637,628,188,0,16
637,629,188,0,16
637,630,188,0,16
637,631,188,0,16
637,632,188,0,16
637,633,188,0,16
637,634,188,0,16
637,635,188,0,16
637,636,188,0,16
637,638,188,0,16
637,639,188,0,16
637,640,188,0,16
637,641,188,0,16
637,642,188,0,16
637,643,188,0,16
637,644,188,0,16
637,645,188,0,16
637,646,188,0,16
637,647,188,0,16
637,648,188,0,16
637,649,188,0,16
637,650,188,0,16
637,651,188,0,16
637,652,188,0,16
637,653,188,0,16
637,654,188,0,16
637,655,188,0,16
637,656,188,0,16
637,657,188,0,16
637,658,188,0,16
637,659,188,0,16
637,660,188,0,16
637,661,188,0,16
637,662,188,0,16
637,663,188,0,16
637,664,188,0,16
637,665,188,0,16
637,666,188,0,16
637,667,188,0,16
637,668,188,0,16
637,669,188,0,16
637,670,188,0,16
637,671,188,0,16
637,672,188,0,16
637,673,188,0,16
637,674,188,0,16
637,675,188,0,16
637,676,188,0,16
637,677,188,0,16
637,678,188,0,16
637,679,188,0,16
637,680,188,0,16
637,681,188,0,16
637,682,188,0,16
637,683,188,0,16
637,684,188,0,16
637,685,188,0,16
637,686,188,0,16
637,687,188,0,16
637,688,188,0,16
637,689,188,0,16
637,690,188,0,16
637,691,188,0,16
637,692,188,0,16
637,693,188,0,16
637,694,188,0,16
637,695,188,0,16
637,696,188,0,16
637,697,188,0,16
637,698,188,0,16
637,699,188,0,16
637,700,188,0,16
637,701,188,0,16
637,702,188,0,16
637,703,188,0,16
637,704,188,0,16
637,705,188,0,16
637,706,188,0,16
637,707,188,0,16
637,708,188,0,16
637,709,188,0,16
637,710,188,0,16
637,711,188,0,16
637,712,188,0,16
637,713,188,0,16
637,714,188,0,16
637,715,188,0,16
637,716,188,0,16
637,717,188,0,16
637,718,188,0,16
637,719,188,0,16
637,720,188,0,16
637,721,188,0,16
637,722,188,0,16
637,723,188,0,16
637,724,188,0,16
640,625,182,0,19
640,626,182,0,19
640,627,182,0,19
640,628,182,0,19
640,629,182,0,19
640,630,182,0,19
640,631,182,0,19
640,632,182,0,19
640,633,182,0,19
640,634,182,0,19
640,635,182,0,19
640,636,182,0,19
640,637,182,0,19
640,638,182,0,19
640,639,182,0,19
640,641,182,0,19
640,642,182,0,19
640,643,182,0,19
640,644,182,0,19
640,645,182,0,19
640,646,182,0,19
640,647,182,0,19
640,648,182,0,19
640,649,182,0,19
640,650,182,0,19
640,651,182,0,19
640,652,182,0,19
640,653,182,0,19
640,654,182,0,19
640,655,182,0,19
640,656,182,0,19
640,657,182,0,19
640,658,182,0,19
640,659,182,0,19
640,660,182,0,19
640,661,182,0,19
640,662,182,0,19
640,663,182,0,19
640,664,182,0,19
640,665,182,0,19
640,666,182,0,19
640,667,182,0,19
640,668,182,0,19
640,669,182,0,19
640,670,182,0,19
640,671,182,0,19
640,672,182,0,19
640,673,182,0,19
640,674,182,0,19
640,675,182,0,19
640,676,182,0,19
640,677,182,0,19
640,678,182,0,19
640,679,182,0,19
640,680,182,0,19
640,681,182,0,19
640,682,182,0,19
640,683,182,0,19
640,684,182,0,19
640,685,182,0,19
640,686,182,0,19
640,687,182,0,19
640,688,182,0,19
640,689,182,0,19
640,690,182,0,19
640,691,182,0,19
640,692,182,0,19
640,693,182,0,19
640,694,182,0,19
640,695,182,0,19
640,696,182,0,19
640,697,182,0,19
640,698,182,0,19
640,699,182,0,19
640,700,182,0,19
640,701,182,0,19
640,702,182,0,19
640,703,182,0,19
640,704,182,0,19
640,705,182,0,19
640,706,182,0,19
640,707,182,0,19
640,708,182,0,19
640,709,182,0,19
640,710,182,0,19
640,711,182,0,19
640,712,182,0,19
640,713,182,0,19
640,714,182,0,19
640,715,182,0,19
640,716,182,0,19
640,717,182,0,19
640,718,182,0,19
640,719,182,0,19
640,720,182,0,19
640,721,182,0,19
640,722,182,0,19
640,723,182,0,19
640,724,182,0,19
642,625,79,0,21
642,626,79,0,21
642,627,79,0,21
642,628,79,0,21
642,629,79,0,21
642,630,79,0,21
642,631,79,0,21
642,632,79,0,21
642,633,79,0,21
642,634,79,0,21
642,635,79,0,21
642,636,79,0,21
642,637,79,0,21
642,638,79,0,21
642,639,79,0,21
642,640,79,0,21
642,641,79,0,21
642,643,79,0,21
642,644,79,0,21
642,645,79,0,21
642,646,79,0,21
642,647,79,0,21
642,648,79,0,21
642,649,79,0,21
642,650,79,0,21
642,651,79,0,21
642,652,79,0,21
642,653,79,0,21
642,654,79,0,21
642,655,79,0,21
642,656,79,0,21
642,657,79,0,21
642,658,79,0,21
642,659,79,0,21
642,660,79,0,21
642,661,79,0,21
642,662,79,0,21
642,663,79,0,21
642,664,79,0,21
642,665,79,0,21
642,666,79,0,21
642,667,79,0,21
642,668,79,0,21
642,669,79,0,21
642,670,79,0,21
642,671,79,0,21
642,672,79,0,21
642,673,79,0,21
642,674,79,0,21
642,675,79,0,21
642,676,79,0,21
642,677,79,0,21
642,678,79,0,21
642,679,79,0,21
642,680,79,0,21
642,681,79,0,21
642,682,79,0,21
642,683,79,0,21
642,684,79,0,21
642,685,79,0,21
642,686,79,0,21
642,687,79,0,21
642,688,79,0,21
642,689,79,0,21
642,690,79,0,21
642,691,79,0,21
642,692,79,0,21
642,693,79,0,21
642,694,79,0,21
642,695,79,0,21
642,696,79,0,21
642,697,79,0,21
642,698,79,0,21
642,699,79,0,21
642,700,79,0,21
642,701,79,0,21
642,702,79,0,21
642,703,79,0,21
642,704,79,0,21
642,705,79,0,21
642,706,79,0,21
642,707,79,0,21
642,708,79,0,21
642,709,79,0,21
642,710,79,0,21
642,711,79,0,21
642,712,79,0,21
642,713,79,0,21
642,714,79,0,21
642,715,79,0,21
642,716,79,0,21
642,717,79,0,21
642,718,79,0,21
642,719,79,0,21
642,720,79,0,21
642,721,79,0,21
642,722,79,0,21
642,723,79,0,21
642,724,79,0,21
643,625,540,0,22
643,626,540,0,22
643,627,540,0,22
643,628,540,0,22
643,629,540,0,22
643,630,540,0,22
643,631,540,0,22
643,632,540,0,22
643,633,540,0,22
643,634,540,0,22
643,635,540,0,22
643,636,540,0,22
643,637,540,0,22
643,638,540,0,22
643,639,540,0,22
643,640,540,0,22
643,641,540,0,22
643,642,540,0,22
643,644,540,0,22
643,645,540,0,22
643,646,540,0,22
643,647,540,0,22
643,648,540,0,22
643,649,540,0,22
643,650,540,0,22
643,651,540,0,22
643,652,540,0,22
643,653,540,0,22
643,654,540,0,22
643,655,540,0,22
643,656,540,0,22
643,657,540,0,22
643,658,540,0,22
643,659,540,0,22
643,660,540,0,22
643,661,540,0,22
643,662,540,0,22
643,663,540,0,22
643,664,540,0,22
643,665,540,0,22
643,666,540,0,22
643,667,540,0,22
643,668,540,0,22
643,669,540,0,22
643,670,540,0,22
643,671,540,0,22
643,672,540,0,22
643,673,540,0,22
643,674,540,0,22
643,675,540,0,22
643,676,540,0,22
643,677,540,0,22
643,678,540,0,22
643,679,540,0,22
643,680,540,0,22
643,681,540,0,22
643,682,540,0,22
643,683,540,0,22
643,684,540,0,22
643,685,540,0,22
643,686,540,0,22
643,687,540,0,22
643,688,540,0,22
643,689,540,0,22
643,690,540,0,22
643,691,540,0,22
643,692,540,0,22
643,693,540,0,22
643,694,540,0,22
643,695,540,0,22
643,696,540,0,22
643,697,540,0,22
643,698,540,0,22
643,699,540,0,22
643,700,540,0,22
643,701,540,0,22
643,702,540,0,22
643,703,540,0,22
643,704,540,0,22
643,705,540,0,22
643,706,540,0,22
643,707,540,0,22
643,708,540,0,22
643,709,540,0,22
643,710,540,0,22
643,711,540,0,22
643,712,540,0,22
643,713,540,0,22
643,714,540,0,22
643,715,540,0,22
643,716,540,0,22
643,717,540,0,22
643,718,540,0,22
643,719,540,0,22
643,720,540,0,22
643,721,540,0,22
643,722,540,0,22
643,723,540,0,22
643,724,540,0,22
644,625,212,0,23
644,626,212,0,23
644,627,212,0,23
644,628,212,0,23
644,629,212,0,23
644,630,212,0,23
644,631,212,0,23
644,632,212,0,23
644,633,212,0,23
644,634,212,0,23
644,635,212,0,23
644,636,212,0,23
644,637,212,0,23
644,638,212,0,23
644,639,212,0,23
644,640,212,0,23
644,641,212,0,23
644,642,212,0,23
644,643,212,0,23
644,645,212,0,23
644,646,212,0,23
644,647,212,0,23
644,648,212,0,23
644,649,212,0,23
644,650,212,0,23
644,651,212,0,23
644,652,212,0,23
644,653,212,0,23
644,654,212,0,23
644,655,212,0,23
644,656,212,0,23
644,657,212,0,23
644,658,212,0,23
644,659,212,0,23
644,660,212,0,23
644,661,212,0,23
644,662,212,0,23
644,663,212,0,23
644,664,212,0,23
644,665,212,0,23
644,666,212,0,23
644,667,212,0,23
644,668,212,0,23
644,669,212,0,23
644,670,212,0,23
644,671,212,0,23
644,672,212,0,23
644,673,212,0,23
644,674,212,0,23
644,675,212,0,23
644,676,212,0,23
644,677,212,0,23
644,678,212,0,23
644,679,212,0,23
644,680,212,0,23
644,681,212,0,23
644,682,212,0,23
644,683,212,0,23
644,684,212,0,23
644,685,212,0,23
644,686,212,0,23
644,687,212,0,23
644,688,212,0,23
644,689,212,0,23
644,690,212,0,23
644,691,212,0,23
644,692,212,0,23
644,693,212,0,23
644,694,212,0,23
644,695,212,0,23
644,696,212,0,23
644,697,212,0,23
644,698,212,0,23
644,699,212,0,23
644,700,212,0,23
644,701,212,0,23
644,702,212,0,23
644,703,212,0,23
644,704,212,0,23
644,705,212,0,23
644,706,212,0,23
644,707,212,0,23
644,708,212,0,23
644,709,212,0,23
644,710,212,0,23
644,711,212,0,23
644,712,212,0,23
644,713,212,0,23
644,714,212,0,23
644,715,212,0,23
644,716,212,0,23
644,717,212,0,23
644,718,212,0,23
644,719,212,0,23
644,720,212,0,23
644,721,212,0,23
644,722,212,0,23
644,723,212,0,23
644,724,212,0,23
645,625,40,0,24
645,626,40,0,24
645,627,40,0,24
645,628,40,0,24
645,629,40,0,24
645,630,40,0,24
645,631,40,0,24
645,632,40,0,24
645,633,40,0,24
645,634,40,0,24
645,635,40,0,24
645,636,40,0,24
645,637,40,0,24
645,638,40,0,24
645,639,40,0,24
645,640,40,0,24
645,641,40,0,24
645,642,40,0,24
645,643,40,0,24
645,644,40,0,24
645,646,40,0,24
645,647,40,0,24
645,648,40,0,24
645,649,40,0,24
645,650,40,0,24
645,651,40,0,24
645,652,40,0,24
645,653,40,0,24
645,654,40,0,24
645,655,40,0,24
645,656,40,0,24
645,657,40,0,24
645,658,40,0,24
645,659,40,0,24
645,660,40,0,24
645,661,40,0,24
645,662,40,0,24
645,663,40,0,24
645,664,40,0,24
645,665,40,0,24
645,666,40,0,24
645,667,40,0,24
645,668,40,0,24
645,669,40,0,24
645,670,40,0,24
645,671,40,0,24
645,672,40,0,24
645,673,40,0,24
645,674,40,0,24
645,675,40,0,24
645,676,40,0,24
645,677,40,0,24
645,678,40,0,24
645,679,40,0,24
645,680,40,0,24
645,681,40,0,24
645,682,40,0,24
645,683,40,0,24
645,684,40,0,24
645,685,40,0,24
645,686,40,0,24
645,687,40,0,24
645,688,40,0,24
645,689,40,0,24
645,690,40,0,24
645,691,40,0,24
645,692,40,0,24
645,693,40,0,24
645,694,40,0,24
645,695,40,0,24
645,696,40,0,24
645,697,40,0,24
645,698,40,0,24
645,699,40,0,24
645,700,40,0,24
645,701,40,0,24
645,702,40,0,24
645,703,40,0,24
645,704,40,0,24
645,705,40,0,24
645,706,40,0,24
645,707,40,0,24
645,708,40,0,24
645,709,40,0,24
645,710,40,0,24
645,711,40,0,24
645,712,40,0,24
645,713,40,0,24
645,714,40,0,24
645,715,40,0,24
645,716,40,0,24
645,717,40,0,24
645,718,40,0,24
645,719,40,0,24
645,720,40,0,24
645,721,40,0,24
645,722,40,0,24
645,723,40,0,24
645,724,40,0,24
646,625,35,0,25
646,626,35,0,25
646,627,35,0,25
646,628,35,0,25
646,629,35,0,25
646,630,35,0,25
646,631,35,0,25
646,632,35,0,25
646,633,35,0,25
646,634,35,0,25
646,635,35,0,25
646,636,35,0,25
646,637,35,0,25
646,638,35,0,25
646,639,35,0,25
646,640,35,0,25
646,641,35,0,25
646,642,35,0,25
646,643,35,0,25
646,644,35,0,25
646,645,35,0,25
646,647,35,0,25
646,648,35,0,25
646,649,35,0,25
646,650,35,0,25
646,651,35,0,25
646,652,35,0,25
646,653,35,0,25
646,654,35,0,25
646,655,35,0,25
646,656,35,0,25
646,657,35,0,25
646,658,35,0,25
646,659,35,0,25
646,660,35,0,25
646,661,35,0,25
646,662,35,0,25
646,663,35,0,25
646,664,35,0,25
646,665,35,0,25
646,666,35,0,25
646,667,35,0,25
646,668,35,0,25
646,669,35,0,25
646,670,35,0,25
646,671,35,0,25
646,672,35,0,25
646,673,35,0,25
646,674,35,0,25
646,675,35,0,25
646,676,35,0,25
646,677,35,0,25
646,678,35,0,25
646,679,35,0,25
646,680,35,0,25
646,681,35,0,25
646,682,35,0,25
646,683,35,0,25
646,684,35,0,25
646,685,35,0,25
646,686,35,0,25
646,687,35,0,25
646,688,35,0,25
646,689,35,0,25
646,690,35,0,25
646,691,35,0,25
646,692,35,0,25
646,693,35,0,25
646,694,35,0,25
646,695,35,0,25
646,696,35,0,25
646,697,35,0,25
646,698,35,0,25
646,699,35,0,25
646,700,35,0,25
646,701,35,0,25
646,702,35,0,25
646,703,35,0,25
646,704,35,0,25
646,705,35,0,25
646,706,35,0,25
646,707,35,0,25
646,708,35,0,25
646,709,35,0,25
646,710,35,0,25
646,711,35,0,25
646,712,35,0,25
646,713,35,0,25
646,714,35,0,25
646,715,35,0,25
646,716,35,0,25
646,717,35,0,25
646,718,35,0,25
646,719,35,0,25
646,720,35,0,25
646,721,35,0,25
646,722,35,0,25
646,723,35,0,25
646,724,35,0,25
647,625,543,0,26
647,626,543,0,26
647,627,543,0,26
647,628,543,0,26
647,629,543,0,26
647,630,543,0,26
647,631,543,0,26
647,632,543,0,26
647,633,543,0,26
647,634,543,0,26
647,635,543,0,26
647,636,543,0,26
647,637,543,0,26
647,638,543,0,26
647,639,543,0,26
647,640,543,0,26
647,641,543,0,26
647,642,543,0,26
647,643,543,0,26
647,644,543,0,26
647,645,543,0,26
647,646,543,0,26
647,648,543,0,26
647,649,543,0,26
647,650,543,0,26
647,651,543,0,26
647,652,543,0,26
647,653,543,0,26
647,654,543,0,26
647,655,543,0,26
647,656,543,0,26
647,657,543,0,26
647,658,543,0,26
647,659,543,0,26
647,660,543,0,26
647,661,543,0,26
647,662,543,0,26
647,663,543,0,26
647,664,543,0,26
647,665,543,0,26
647,666,543,0,26
647,667,543,0,26
647,668,543,0,26
647,669,543,0,26
647,670,543,0,26
647,671,543,0,26
647,672,543,0,26
647,673,543,0,26
647,674,543,0,26
647,675,543,0,26
647,676,543,0,26
647,677,543,0,26
647,678,543,0,26
647,679,543,0,26
647,680,543,0,26
647,681,543,0,26
647,682,543,0,26
647,683,543,0,26
647,684,543,0,26
647,685,543,0,26
647,686,543,0,26
647,687,543,0,26
647,688,543,0,26
647,689,543,0,26
647,690,543,0,26
647,691,543,0,26
647,692,543,0,26
647,693,543,0,26
647,694,543,0,26
647,695,543,0,26
647,696,543,0,26
647,697,543,0,26
647,698,543,0,26
647,699,543,0,26
647,700,543,0,26
647,701,543,0,26
647,702,543,0,26
647,703,543,0,26
647,704,543,0,26
647,705,543,0,26
647,706,543,0,26
647,707,543,0,26
647,708,543,0,26
647,709,543,0,26
647,710,543,0,26
647,711,543,0,26
647,712,543,0,26
647,713,543,0,26
647,714,543,0,26
647,715,543,0,26
647,716,543,0,26
647,717,543,0,26
647,718,543,0,26
647,719,543,0,26
647,720,543,0,26
647,721,543,0,26
647,722,543,0,26
647,723,543,0,26
647,724,543,0,26
648,625,103,0,27
648,626,103,0,27
648,627,103,0,27
648,628,103,0,27
648,629,103,0,27
648,630,103,0,27
648,631,103,0,27
648,632,103,0,27
648,633,103,0,27
648,634,103,0,27
648,635,103,0,27
648,636,103,0,27
648,637,103,0,27
648,638,103,0,27
648,639,103,0,27
648,640,103,0,27
648,641,103,0,27
648,642,103,0,27
648,643,103,0,27
648,644,103,0,27
648,645,103,0,27
648,646,103,0,27
648,647,103,0,27
648,649,103,0,27
648,650,103,0,27
648,651,103,0,27
648,652,103,0,27
648,653,103,0,27
648,654,103,0,27
648,655,103,0,27
648,656,103,0,27
648,657,103,0,27
648,658,103,0,27
648,659,103,0,27
648,660,103,0,27
648,661,103,0,27
648,662,103,0,27
648,663,103,0,27
648,664,103,0,27
648,665,103,0,27
648,666,103,0,27
648,667,103,0,27
648,668,103,0,27
648,669,103,0,27
648,670,103,0,27
648,671,103,0,27
648,672,103,0,27
648,673,103,0,27
648,674,103,0,27
648,675,103,0,27
648,676,103,0,27
648,677,103,0,27
648,678,103,0,27
648,679,103,0,27
648,680,103,0,27
648,681,103,0,27
648,682,103,0,27
648,683,103,0,27
648,684,103,0,27
648,685,103,0,27
648,686,103,0,27
648,687,103,0,27
648,688,103,0,27
648,689,103,0,27
648,690,103,0,27
648,691,103,0,27
648,692,103,0,27
648,693,103,0,27
648,694,103,0,27
648,695,103,0,27
648,696,103,0,27
648,697,103,0,27
648,698,103,0,27
648,699,103,0,27
648,700,103,0,27
648,701,103,0,27
648,702,103,0,27
648,703,103,0,27
648,704,103,0,27
648,705,103,0,27
648,706,103,0,27
648,707,103,0,27
648,708,103,0,27
648,709,103,0,27
648,710,103,0,27
648,711,103,0,27
648,712,103,0,27
648,713,103,0,27
648,714,103,0,27
648,715,103,0,27
648,716,103,0,27
648,717,103,0,27
648,718,103,0,27
648,719,103,0,27
648,720,103,0,27
648,721,103,0,27
648,722,103,0,27
648,723,103,0,27
648,724,103,0,27
651,625,563,0,30
651,626,563,0,30
651,627,563,0,30
651,628,563,0,30
651,629,563,0,30
651,630,563,0,30
651,631,563,0,30
651,632,563,0,30
651,633,563,0,30
651,634,563,0,30
651,635,563,0,30
651,636,563,0,30
651,637,563,0,30
651,638,563,0,30
651,639,563,0,30
651,640,563,0,30
651,641,563,0,30
651,642,563,0,30
651,643,563,0,30
651,644,563,0,30
651,645,563,0,30
651,646,563,0,30
651,647,563,0,30
651,648,563,0,30
651,649,563,0,30
651,650,563,0,30
651,652,563,0,30
651,653,563,0,30
651,654,563,0,30
651,655,563,0,30
651,656,563,0,30
651,657,563,0,30
651,658,563,0,30
651,659,563,0,30
651,660,563,0,30
651,661,563,0,30
651,662,563,0,30
651,663,563,0,30
651,664,563,0,30
651,665,563,0,30
651,666,563,0,30
651,667,563,0,30
651,668,563,0,30
651,669,563,0,30
651,670,563,0,30
651,671,563,0,30
651,672,563,0,30
651,673,563,0,30
651,674,563,0,30
651,675,563,0,30
651,676,563,0,30
651,677,563,0,30
651,678,563,0,30
651,679,563,0,30
651,680,563,0,30
651,681,563,0,30
651,682,563,0,30
651,683,563,0,30
651,684,563,0,30
651,685,563,0,30
651,686,563,0,30
651,687,563,0,30
651,688,563,0,30
651,689,563,0,30
651,690,563,0,30
651,691,563,0,30
651,692,563,0,30
651,693,563,0,30
651,694,563,0,30
651,695,563,0,30
651,696,563,0,30
651,697,563,0,30
651,698,563,0,30
651,699,563,0,30
651,700,563,0,30
651,701,563,0,30
651,702,563,0,30
651,703,563,0,30
651,704,563,0,30
651,705,563,0,30
651,706,563,0,30
651,707,563,0,30
651,708,563,0,30
651,709,563,0,30
651,710,563,0,30
651,711,563,0,30
651,712,563,0,30
651,713,563,0,30
651,714,563,0,30
651,715,563,0,30
651,716,563,0,30
651,717,563,0,30
651,718,563,0,30
651,719,563,0,30
651,720,563,0,30
651,721,563,0,30
651,722,563,0,30
651,723,563,0,30
651,724,563,0,30
652,625,162,0,31
652,626,162,0,31
652,627,162,0,31
652,628,162,0,31
652,629,162,0,31
652,630,162,0,31
652,631,162,0,31
652,632,162,0,31
652,633,162,0,31
652,634,162,0,31
652,635,162,0,31
652,636,162,0,31
652,637,162,0,31
652,638,162,0,31
652,639,162,0,31
652,640,162,0,31
652,641,162,0,31
652,642,162,0,31
652,643,162,0,31
652,644,162,0,31
652,645,162,0,31
652,646,162,0,31
652,647,162,0,31
652,648,162,0,31
652,649,162,0,31
652,650,162,0,31
652,651,162,0,31
652,653,162,0,31
652,654,162,0,31
652,655,162,0,31
652,656,162,0,31
652,657,162,0,31
652,658,162,0,31
652,659,162,0,31
652,660,162,0,31
652,661,162,0,31
652,662,162,0,31
652,663,162,0,31
652,664,162,0,31
652,665,162,0,31
652,666,162,0,31
652,667,162,0,31
652,668,162,0,31
652,669,162,0,31
652,670,162,0,31
652,671,162,0,31
652,672,162,0,31
652,673,162,0,31
652,674,162,0,31
652,675,162,0,31
652,676,162,0,31
652,677,162,0,31
652,678,162,0,31
652,679,162,0,31
652,680,162,0,31
652,681,162,0,31
652,682,162,0,31
652,683,162,0,31
652,684,162,0,31
652,685,162,0,31
652,686,162,0,31
652,687,162,0,31
652,688,162,0,31
652,689,162,0,31
652,690,162,0,31
652,691,162,0,31
652,692,162,0,31
652,693,162,0,31
652,694,162,0,31
652,695,162,0,31
652,696,162,0,31
652,697,162,0,31
652,698,162,0,31
652,699,162,0,31
652,700,162,0,31
652,701,162,0,31
652,702,162,0,31
652,703,162,0,31
652,704,162,0,31
652,705,162,0,31
652,706,162,0,31
652,707,162,0,31
652,708,162,0,31
652,709,162,0,31
652,710,162,0,31
652,711,162,0,31
652,712,162,0,31
652,713,162,0,31
652,714,162,0,31
652,715,162,0,31
652,716,162,0,31
652,717,162,0,31
652,718,162,0,31
652,719,162,0,31
652,720,162,0,31
652,721,162,0,31
652,722,162,0,31
652,723,162,0,31
652,724,162,0,31
655,625,60,0,34
655,626,60,0,34
655,627,60,0,34
655,628,60,0,34
655,629,60,0,34
655,630,60,0,34
655,631,60,0,34
655,632,60,0,34
655,633,60,0,34
655,634,60,0,34
655,635,60,0,34
655,636,60,0,34
655,637,60,0,34
655,638,60,0,34
655,639,60,0,34
655,640,60,0,34
655,641,60,0,34
655,642,60,0,34
655,643,60,0,34
655,644,60,0,34
655,645,60,0,34
655,646,60,0,34
655,647,60,0,34
655,648,60,0,34
655,649,60,0,34
655,650,60,0,34
655,651,60,0,34
655,652,60,0,34
655,653,60,0,34
655,654,60,0,34
655,656,60,0,34
655,657,60,0,34
655,658,60,0,34
655,659,60,0,34
655,660,60,0,34
655,661,60,0,34
655,662,60,0,34
655,663,60,0,34
655,664,60,0,34
655,665,60,0,34
655,666,60,0,34
655,667,60,0,34
655,668,60,0,34
655,669,60,0,34
655,670,60,0,34
655,671,60,0,34
655,672,60,0,34
655,673,60,0,34
655,674,60,0,34
655,675,60,0,34
655,676,60,0,34
655,677,60,0,34
655,678,60,0,34
655,679,60,0,34
655,680,60,0,34
655,681,60,0,34
655,682,60,0,34
655,683,60,0,34
655,684,60,0,34
655,685,60,0,34
655,686,60,0,34
655,687,60,0,34
655,688,60,0,34
655,689,60,0,34
655,690,60,0,34
655,691,60,0,34
655,692,60,0,34
655,693,60,0,34
655,694,60,0,34
655,695,60,0,34
655,696,60,0,34
655,697,60,0,34
655,698,60,0,34
655,699,60,0,34
655,700,60,0,34
655,701,60,0,34
655,702,60,0,34
655,703,60,0,34
655,704,60,0,34
655,705,60,0,34
655,706,60,0,34
655,707,60,0,34
655,708,60,0,34
655,709,60,0,34
655,710,60,0,34
655,711,60,0,34
655,712,60,0,34
655,713,60,0,34
655,714,60,0,34
655,715,60,0,34
655,716,60,0,34
655,717,60,0,34
655,718,60,0,34
655,719,60,0,34
655,720,60,0,34
655,721,60,0,34
655,722,60,0,34
655,723,60,0,34
655,724,60,0,34
657,625,462,0,36
657,626,462,0,36
657,627,462,0,36
657,628,462,0,36
657,629,462,0,36
657,630,462,0,36
657,631,462,0,36
657,632,462,0,36
657,633,462,0,36
657,634,462,0,36
657,635,462,0,36
657,636,462,0,36
657,637,462,0,36
657,638,462,0,36
657,639,462,0,36
657,640,462,0,36
657,641,462,0,36
657,642,462,0,36
657,643,462,0,36
657,644,462,0,36
657,645,462,0,36
657,646,462,0,36
657,647,462,0,36
657,648,462,0,36
657,649,462,0,36
657,650,462,0,36
657,651,462,0,36
657,652,462,0,36
657,653,462,0,36
657,654,462,0,36
657,655,462,0,36
657,656,462,0,36
657,658,462,0,36
657,659,462,0,36
657,660,462,0,36
657,661,462,0,36
657,662,462,0,36
657,663,462,0,36
657,664,462,0,36
657,665,462,0,36
657,666,462,0,36
657,667,462,0,36
657,668,462,0,36
657,669,462,0,36
657,670,462,0,36
657,671,462,0,36
657,672,462,0,36
657,673,462,0,36
657,674,462,0,36
657,675,462,0,36
657,676,462,0,36
657,677,462,0,36
657,678,462,0,36
657,679,462,0,36
657,680,462,0,36
657,681,462,0,36
657,682,462,0,36
657,683,462,0,36
657,684,462,0,36
657,685,462,0,36
657,686,462,0,36
657,687,462,0,36
657,688,462,0,36
657,689,462,0,36
657,690,462,0,36
657,691,462,0,36
657,692,462,0,36
657,693,462,0,36
657,694,462,0,36
657,695,462,0,36
657,696,462,0,36
657,697,462,0,36
657,698,462,0,36
657,699,462,0,36
657,700,462,0,36
657,701,462,0,36
657,702,462,0,36
657,703,462,0,36
657,704,462,0,36
657,705,462,0,36
657,706,462,0,36
657,707,462,0,36
657,708,462,0,36
657,709,462,0,36
657,710,462,0,36
657,711,462,0,36
657,712,462,0,36
657,713,462,0,36
657,714,462,0,36
657,715,462,0,36
657,716,462,0,36
657,717,462,0,36
657,718,462,0,36
657,719,462,0,36
657,720,462,0,36
657,721,462,0,36
657,722,462,0,36
657,723,462,0,36
657,724,462,0,36
658,625,557,0,37
658,626,557,0,37
658,627,557,0,37
658,628,557,0,37
658,629,557,0,37
658,630,557,0,37
658,631,557,0,37
658,632,557,0,37
658,633,557,0,37
658,634,557,0,37
658,635,557,0,37
658,636,557,0,37
658,637,557,0,37
658,638,557,0,37
658,639,557,0,37
658,640,557,0,37
658,641,557,0,37
658,642,557,0,37
658,643,557,0,37
658,644,557,0,37
658,645,557,0,37
658,646,557,0,37
658,647,557,0,37
658,648,557,0,37
658,649,557,0,37
658,650,557,0,37
658,651,557,0,37
658,652,557,0,37
658,653,557,0,37
658,654,557,0,37
658,655,557,0,37
658,656,557,0,37
658,657,557,0,37
658,659,557,0,37
658,660,557,0,37
658,661,557,0,37
658,662,557,0,37
658,663,557,0,37
658,664,557,0,37
658,665,557,0,37
658,666,557,0,37
658,667,557,0,37
658,668,557,0,37
658,669,557,0,37
658,670,557,0,37
658,671,557,0,37
658,672,557,0,37
658,673,557,0,37
658,674,557,0,37
658,675,557,0,37
658,676,557,0,37
658,677,557,0,37
658,678,557,0,37
658,679,557,0,37
658,680,557,0,37
658,681,557,0,37
658,682,557,0,37
658,683,557,0,37
658,684,557,0,37
658,685,557,0,37
658,686,557,0,37
658,687,557,0,37
658,688,557,0,37
658,689,557,0,37
658,690,557,0,37
658,691,557,0,37
658,692,557,0,37
658,693,557,0,37
658,694,557,0,37
658,695,557,0,37
658,696,557,0,37
658,697,557,0,37
658,698,557,0,37
658,699,557,0,37
658,700,557,0,37
658,701,557,0,37
658,702,557,0,37
658,703,557,0,37
658,704,557,0,37
658,705,557,0,37
658,706,557,0,37
658,707,557,0,37
658,708,557,0,37
658,709,557,0,37
658,710,557,0,37
658,711,557,0,37
658,712,557,0,37
658,713,557,0,37
658,714,557,0,37
658,715,557,0,37
658,716,557,0,37
658,717,557,0,37
658,718,557,0,37
658,719,557,0,37
658,720,557,0,37
658,721,557,0,37
658,722,557,0,37
658,723,557,0,37
658,724,557,0,37
660,625,438,0,39
660,626,438,0,39
660,627,438,0,39
660,628,438,0,39
660,629,438,0,39
660,630,438,0,39
660,631,438,0,39
660,632,438,0,39
660,633,438,0,39
660,634,438,0,39
660,635,438,0,39
660,636,438,0,39
660,637,438,0,39
660,638,438,0,39
660,639,438,0,39
660,640,438,0,39
660,641,438,0,39
660,642,438,0,39
660,643,438,0,39
660,644,438,0,39
660,645,438,0,39
660,646,438,0,39
660,647,438,0,39
660,648,438,0,39
660,649,438,0,39
660,650,438,0,39
660,651,438,0,39
660,652,438,0,39
660,653,438,0,39
660,654,438,0,39
660,655,438,0,39
660,656,438,0,39
660,657,438,0,39
660,658,438,0,39
660,659,438,0,39
660,661,438,0,39
660,662,438,0,39
660,663,438,0,39
660,664,438,0,39
660,665,438,0,39
660,666,438,0,39
660,667,438,0,39
660,668,438,0,39
660,669,438,0,39
660,670,438,0,39
660,671,438,0,39
660,672,438,0,39
660,673,438,0,39
660,674,438,0,39
660,675,438,0,39
660,676,438,0,39
660,677,438,0,39
660,678,438,0,39
660,679,438,0,39
660,680,438,0,39
660,681,438,0,39
660,682,438,0,39
660,683,438,0,39
660,684,438,0,39
660,685,438,0,39
660,686,438,0,39
660,687,438,0,39
660,688,438,0,39
660,689,438,0,39
660,690,438,0,39
660,691,438,0,39
660,692,438,0,39
660,693,438,0,39
660,694,438,0,39
660,695,438,0,39
660,696,438,0,39
660,697,438,0,39
660,698,438,0,39
660,699,438,0,39
660,700,438,0,39
660,701,438,0,39
660,702,438,0,39
660,703,438,0,39
660,704,438,0,39
660,705,438,0,39
660,706,438,0,39
660,707,438,0,39
660,708,438,0,39
660,709,438,0,39
660,710,438,0,39
660,711,438,0,39
660,712,438,0,39
660,713,438,0,39
660,714,438,0,39
660,715,438,0,39
660,716,438,0,39
660,717,438,0,39
660,718,438,0,39
660,719,438,0,39
660,720,438,0,39
660,721,438,0,39
660,722,438,0,39
660,723,438,0,39
660,724,438,0,39
661,625,207,0,40
661,626,207,0,40
661,627,207,0,40
661,628,207,0,40
661,629,207,0,40
661,630,207,0,40
661,631,207,0,40
661,632,207,0,40
661,633,207,0,40
661,634,207,0,40
661,635,207,0,40
661,636,207,0,40
661,637,207,0,40
661,638,207,0,40
661,639,207,0,40
661,640,207,0,40
661,641,207,0,40
661,642,207,0,40
661,643,207,0,40
661,644,207,0,40
661,645,207,0,40
661,646,207,0,40
661,647,207,0,40
661,648,207,0,40
661,649,207,0,40
661,650,207,0,40
661,651,207,0,40
661,652,207,0,40
661,653,207,0,40
661,654,207,0,40
661,655,207,0,40
661,656,207,0,40
661,657,207,0,40
661,658,207,0,40
661,659,207,0,40
661,660,207,0,40
661,662,207,0,40
661,663,207,0,40
661,664,207,0,40
661,665,207,0,40
661,666,207,0,40
661,667,207,0,40
661,668,207,0,40
661,669,207,0,40
661,670,207,0,40
661,671,207,0,40
661,672,207,0,40
661,673,207,0,40
661,674,207,0,40
661,675,207,0,40
661,676,207,0,40
661,677,207,0,40
661,678,207,0,40
661,679,207,0,40
661,680,207,0,40
661,681,207,0,40
661,682,207,0,40
661,683,207,0,40
661,684,207,0,40
661,685,207,0,40
661,686,207,0,40
661,687,207,0,40
661,688,207,0,40
661,689,207,0,40
661,690,207,0,40
661,691,207,0,40
661,692,207,0,40
661,693,207,0,40
661,694,207,0,40
661,695,207,0,40
661,696,207,0,40
661,697,207,0,40
661,698,207,0,40
661,699,207,0,40
661,700,207,0,40
661,701,207,0,40
661,702,207,0,40
661,703,207,0,40
661,704,207,0,40
661,705,207,0,40
661,706,207,0,40
661,707,207,0,40
661,708,207,0,40
661,709,207,0,40
661,710,207,0,40
661,711,207,0,40
661,712,207,0,40
661,713,207,0,40
661,714,207,0,40
661,715,207,0,40
661,716,207,0,40
661,717,207,0,40
661,718,207,0,40
661,719,207,0,40
661,720,207,0,40
661,721,207,0,40
661,722,207,0,40
661,723,207,0,40
661,724,207,0,40
662,625,128,0,41
662,626,128,0,41
662,627,128,0,41
662,628,128,0,41
662,629,128,0,41
662,630,128,0,41
662,631,128,0,41
662,632,128,0,41
662,633,128,0,41
662,634,128,0,41
662,635,128,0,41
662,636,128,0,41
662,637,128,0,41
662,638,128,0,41
662,639,128,0,41
662,640,128,0,41
662,641,128,0,41
662,642,128,0,41
662,643,128,0,41
662,644,128,0,41
662,645,128,0,41
662,646,128,0,41
662,647,128,0,41
662,648,128,0,41
662,649,128,0,41
662,650,128,0,41
662,651,128,0,41
662,652,128,0,41
662,653,128,0,41
662,654,128,0,41
662,655,128,0,41
662,656,128,0,41
662,657,128,0,41
662,658,128,0,41
662,659,128,0,41
662,660,128,0,41
662,661,128,0,41
662,663,128,0,41
662,664,128,0,41
662,665,128,0,41
662,666,128,0,41
662,667,128,0,41
662,668,128,0,41
662,669,128,0,41
662,670,128,0,41
662,671,128,0,41
662,672,128,0,41
662,673,128,0,41
662,674,128,0,41
662,675,128,0,41
662,676,128,0,41
662,677,128,0,41
662,678,128,0,41
662,679,128,0,41
662,680,128,0,41
662,681,128,0,41
662,682,128,0,41
662,683,128,0,41
662,684,128,0,41
662,685,128,0,41
662,686,128,0,41
662,687,128,0,41
662,688,128,0,41
662,689,128,0,41
662,690,128,0,41
662,691,128,0,41
662,692,128,0,41
662,693,128,0,41
662,694,128,0,41
662,695,128,0,41
662,696,128,0,41
662,697,128,0,41
662,698,128,0,41
662,699,128,0,41
662,700,128,0,41
662,701,128,0,41
662,702,128,0,41
662,703,128,0,41
662,704,128,0,41
662,705,128,0,41
662,706,128,0,41
662,707,128,0,41
662,708,128,0,41
662,709,128,0,41
662,710,128,0,41
662,711,128,0,41
662,712,128,0,41
662,713,128,0,41
662,714,128,0,41
662,715,128,0,41
662,716,128,0,41
662,717,128,0,41
662,718,128,0,41
662,719,128,0,41
662,720,128,0,41
662,721,128,0,41
662,722,128,0,41
662,723,128,0,41
662,724,128,0,41
663,625,388,0,42
663,626,388,0,42
663,627,388,0,42
663,628,388,0,42
663,629,388,0,42
663,630,388,0,42
663,631,388,0,42
663,632,388,0,42
663,633,388,0,42
663,634,388,0,42
663,635,388,0,42
663,636,388,0,42
663,637,388,0,42
663,638,388,0,42
663,639,388,0,42
663,640,388,0,42
663,641,388,0,42
663,642,388,0,42
663,643,388,0,42
663,644,388,0,42
663,645,388,0,42
663,646,388,0,42
663,647,388,0,42
663,648,388,0,42
663,649,388,0,42
663,650,388,0,42
663,651,388,0,42
663,652,388,0,42
663,653,388,0,42
663,654,388,0,42
663,655,388,0,42
663,656,388,0,42
663,657,388,0,42
663,658,388,0,42
663,659,388,0,42
663,660,388,0,42
663,661,388,0,42
663,662,388,0,42
663,664,388,0,42
663,665,388,0,42
663,666,388,0,42
663,667,388,0,42
663,668,388,0,42
663,669,388,0,42
663,670,388,0,42
663,671,388,0,42
663,672,388,0,42
663,673,388,0,42
663,674,388,0,42
663,675,388,0,42
663,676,388,0,42
663,677,388,0,42
663,678,388,0,42
663,679,388,0,42
663,680,388,0,42
663,681,388,0,42
663,682,388,0,42
663,683,388,0,42
663,684,388,0,42
663,685,388,0,42
663,686,388,0,42
663,687,388,0,42
663,688,388,0,42
663,689,388,0,42
663,690,388,0,42
663,691,388,0,42
663,692,388,0,42
663,693,388,0,42
663,694,388,0,42
663,695,388,0,42
663,696,388,0,42
663,697,388,0,42
663,698,388,0,42
663,699,388,0,42
663,700,388,0,42
663,701,388,0,42
663,702,388,0,42
663,703,388,0,42
663,704,388,0,42
663,705,388,0,42
663,706,388,0,42
663,707,388,0,42
663,708,388,0,42
663,709,388,0,42
663,710,388,0,42
663,711,388,0,42
663,712,388,0,42
663,713,388,0,42
663,714,388,0,42
663,715,388,0,42
663,716,388,0,42
663,717,388,0,42
663,718,388,0,42
663,719,388,0,42
663,720,388,0,42
663,721,388,0,42
663,722,388,0,42
663,723,388,0,42
663,724,388,0,42
664,625,135,0,43
664,626,135,0,43
664,627,135,0,43
664,628,135,0,43
664,629,135,0,43
664,630,135,0,43
664,631,135,0,43
664,632,135,0,43
664,633,135,0,43
664,634,135,0,43
664,635,135,0,43
664,636,135,0,43
664,637,135,0,43
664,638,135,0,43
664,639,135,0,43
664,640,135,0,43
664,641,135,0,43
664,642,135,0,43
664,643,135,0,43
664,644,135,0,43
664,645,135,0,43
664,646,135,0,43
664,647,135,0,43
664,648,135,0,43
664,649,135,0,43
664,650,135,0,43
664,651,135,0,43
664,652,135,0,43
664,653,135,0,43
664,654,135,0,43
664,655,135,0,43
664,656,135,0,43
664,657,135,0,43
664,658,135,0,43
664,659,135,0,43
664,660,135,0,43
664,661,135,0,43
664,662,135,0,43
664,663,135,0,43
664,665,135,0,43
664,666,135,0,43
664,667,135,0,43
664,668,135,0,43
664,669,135,0,43
664,670,135,0,43
664,671,135,0,43
664,672,135,0,43
664,673,135,0,43
664,674,135,0,43
664,675,135,0,43
664,676,135,0,43
664,677,135,0,43
664,678,135,0,43
664,679,135,0,43
664,680,135,0,43
664,681,135,0,43
664,682,135,0,43
664,683,135,0,43
664,684,135,0,43
664,685,135,0,43
664,686,135,0,43
664,687,135,0,43
664,688,135,0,43
664,689,135,0,43
664,690,135,0,43
664,691,135,0,43
664,692,135,0,43
664,693,135,0,43
664,694,135,0,43
664,695,135,0,43
664,696,135,0,43
664,697,135,0,43
664,698,135,0,43
664,699,135,0,43
664,700,135,0,43
664,701,135,0,43
664,702,135,0,43
664,703,135,0,43
664,704,135,0,43
664,705,135,0,43
664,706,135,0,43
664,707,135,0,43
664,708,135,0,43
664,709,135,0,43
664,710,135,0,43
664,711,135,0,43
664,712,135,0,43
664,713,135,0,43
664,714,135,0,43
664,715,135,0,43
664,716,135,0,43
664,717,135,0,43
664,718,135,0,43
664,719,135,0,43
664,720,135,0,43
664,721,135,0,43
664,722,135,0,43
664,723,135,0,43
664,724,135,0,43
670,625,253,0,49
670,626,253,0,49
670,627,253,0,49
670,628,253,0,49
670,629,253,0,49
670,630,253,0,49
670,631,253,0,49
670,632,253,0,49
670,633,253,0,49
670,634,253,0,49
670,635,253,0,49
670,636,253,0,49
670,637,253,0,49
670,638,253,0,49
670,639,253,0,49
670,640,253,0,49
670,641,253,0,49
670,642,253,0,49
670,643,253,0,49
670,644,253,0,49
670,645,253,0,49
670,646,253,0,49
670,647,253,0,49
670,648,253,0,49
670,649,253,0,49
670,650,253,0,49
670,651,253,0,49
670,652,253,0,49
670,653,253,0,49
670,654,253,0,49
670,655,253,0,49
670,656,253,0,49
670,657,253,0,49
670,658,253,0,49
670,659,253,0,49
670,660,253,0,49
670,661,253,0,49
670,662,253,0,49
670,663,253,0,49
670,664,253,0,49
670,665,253,0,49
670,666,253,0,49
670,667,253,0,49
670,668,253,0,49
670,669,253,0,49
670,671,253,0,49
670,672,253,0,49
670,673,253,0,49
670,674,253,0,49
670,675,253,0,49
670,676,253,0,49
670,677,253,0,49
670,678,253,0,49
670,679,253,0,49
670,680,253,0,49
670,681,253,0,49
670,682,253,0,49
670,683,253,0,49
670,684,253,0,49
670,685,253,0,49
670,686,253,0,49
670,687,253,0,49
670,688,253,0,49
670,689,253,0,49
670,690,253,0,49
670,691,253,0,49
670,692,253,0,49
670,693,253,0,49
670,694,253,0,49
670,695,253,0,49
670,696,253,0,49
670,697,253,0,49
670,698,253,0,49
670,699,253,0,49
670,700,253,0,49
670,701,253,0,49
670,702,253,0,49
670,703,253,0,49
670,704,253,0,49
670,705,253,0,49
670,706,253,0,49
670,707,253,0,49
670,708,253,0,49
670,709,253,0,49
670,710,253,0,49
670,711,253,0,49
670,712,253,0,49
670,713,253,0,49
670,714,253,0,49
670,715,253,0,49
670,716,253,0,49
670,717,253,0,49
670,718,253,0,49
670,719,253,0,49
670,720,253,0,49
670,721,253,0,49
670,722,253,0,49
670,723,253,0,49
670,724,253,0,49
672,625,209,0,51
672,626,209,0,51
672,627,209,0,51
672,628,209,0,51
672,629,209,0,51
672,630,209,0,51
672,631,209,0,51
672,632,209,0,51
672,633,209,0,51
672,634,209,0,51
672,635,209,0,51
672,636,209,0,51
672,637,209,0,51
672,638,209,0,51
672,639,209,0,51
672,640,209,0,51
672,641,209,0,51
672,642,209,0,51
672,643,209,0,51
672,644,209,0,51
672,645,209,0,51
672,646,209,0,51
672,647,209,0,51
672,648,209,0,51
672,649,209,0,51
672,650,209,0,51
672,651,209,0,51
672,652,209,0,51
672,653,209,0,51
672,654,209,0,51
672,655,209,0,51
672,656,209,0,51
672,657,209,0,51
672,658,209,0,51
672,659,209,0,51
672,660,209,0,51
672,661,209,0,51
672,662,209,0,51
672,663,209,0,51
672,664,209,0,51
672,665,209,0,51
672,666,209,0,51
672,667,209,0,51
672,668,209,0,51
672,669,209,0,51
672,670,209,0,51
672,671,209,0,51
672,673,209,0,51
672,674,209,0,51
672,675,209,0,51
672,676,209,0,51
672,677,209,0,51
672,678,209,0,51
672,679,209,0,51
672,680,209,0,51
672,681,209,0,51
672,682,209,0,51
672,683,209,0,51
672,684,209,0,51
672,685,209,0,51
672,686,209,0,51
672,687,209,0,51
672,688,209,0,51
672,689,209,0,51
672,690,209,0,51
672,691,209,0,51
672,692,209,0,51
672,693,209,0,51
672,694,209,0,51
672,695,209,0,51
672,696,209,0,51
672,697,209,0,51
672,698,209,0,51
672,699,209,0,51
672,700,209,0,51
672,701,209,0,51
672,702,209,0,51
672,703,209,0,51
672,704,209,0,51
672,705,209,0,51
672,706,209,0,51
672,707,209,0,51
672,708,209,0,51
672,709,209,0,51
672,710,209,0,51
672,711,209,0,51
672,712,209,0,51
672,713,209,0,51
672,714,209,0,51
672,715,209,0,51
672,716,209,0,51
672,717,209,0,51
672,718,209,0,51
672,719,209,0,51
672,720,209,0,51
672,721,209,0,51
672,722,209,0,51
672,723,209,0,51
672,724,209,0,51
674,625,588,0,53
674,626,588,0,53
674,627,588,0,53
674,628,588,0,53
674,629,588,0,53
674,630,588,0,53
674,631,588,0,53
674,632,588,0,53
674,633,588,0,53
674,634,588,0,53
674,635,588,0,53
674,636,588,0,53
674,637,588,0,53
674,638,588,0,53
674,639,588,0,53
674,640,588,0,53
674,641,588,0,53
674,642,588,0,53
674,643,588,0,53
674,644,588,0,53
674,645,588,0,53
674,646,588,0,53
674,647,588,0,53
674,648,588,0,53
674,649,588,0,53
674,650,588,0,53
674,651,588,0,53
674,652,588,0,53
674,653,588,0,53
674,654,588,0,53
674,655,588,0,53
674,656,588,0,53
674,657,588,0,53
674,658,588,0,53
674,659,588,0,53
674,660,588,0,53
674,661,588,0,53
674,662,588,0,53
674,663,588,0,53
674,664,588,0,53
674,665,588,0,53
674,666,588,0,53
674,667,588,0,53
674,668,588,0,53
674,669,588,0,53
674,670,588,0,53
674,671,588,0,53
674,672,588,0,53
674,673,588,0,53
674,675,588,0,53
674,676,588,0,53
674,677,588,0,53
674,678,588,0,53
674,679,588,0,53
674,680,588,0,53
674,681,588,0,53
674,682,588,0,53
674,683,588,0,53
674,684,588,0,53
674,685,588,0,53
674,686,588,0,53
674,687,588,0,53
674,688,588,0,53
674,689,588,0,53
674,690,588,0,53
674,691,588,0,53
674,692,588,0,53
674,693,588,0,53
674,694,588,0,53
674,695,588,0,53
674,696,588,0,53
674,697,588,0,53
674,698,588,0,53
674,699,588,0,53
674,700,588,0,53
674,701,588,0,53
674,702,588,0,53
674,703,588,0,53
674,704,588,0,53
674,705,588,0,53
674,706,588,0,53
674,707,588,0,53
674,708,588,0,53
674,709,588,0,53
674,710,588,0,53
674,711,588,0,53
674,712,588,0,53
674,713,588,0,53
674,714,588,0,53
674,715,588,0,53
674,716,588,0,53
674,717,588,0,53
674,718,588,0,53
674,719,588,0,53
674,720,588,0,53
674,721,588,0,53
674,722,588,0,53
674,723,588,0,53
674,724,588,0,53
677,625,114,0,56
677,626,114,0,56
677,627,114,0,56
677,628,114,0,56
677,629,114,0,56
677,630,114,0,56
677,631,114,0,56
677,632,114,0,56
677,633,114,0,56
677,634,114,0,56
677,635,114,0,56
677,636,114,0,56
677,637,114,0,56
677,638,114,0,56
677,639,114,0,56
677,640,114,0,56
677,641,114,0,56
677,642,114,0,56
677,643,114,0,56
677,644,114,0,56
677,645,114,0,56
677,646,114,0,56
677,647,114,0,56
677,648,114,0,56
677,649,114,0,56
677,650,114,0,56
677,651,114,0,56
677,652,114,0,56
677,653,114,0,56
677,654,114,0,56
677,655,114,0,56
677,656,114,0,56
677,657,114,0,56
677,658,114,0,56
677,659,114,0,56
677,660,114,0,56
677,661,114,0,56
677,662,114,0,56
677,663,114,0,56
677,664,114,0,56
677,665,114,0,56
677,666,114,0,56
677,667,114,0,56
677,668,114,0,56
677,669,114,0,56
677,670,114,0,56
677,671,114,0,56
677,672,114,0,56
677,673,114,0,56
677,674,114,0,56
677,675,114,0,56
677,676,114,0,56
677,678,114,0,56
677,679,114,0,56
677,680,114,0,56
677,681,114,0,56
677,682,114,0,56
677,683,114,0,56
677,684,114,0,56
677,685,114,0,56
677,686,114,0,56
677,687,114,0,56
677,688,114,0,56
677,689,114,0,56
677,690,114,0,56
677,691,114,0,56
677,692,114,0,56
677,693,114,0,56
677,694,114,0,56
677,695,114,0,56
677,696,114,0,56
677,697,114,0,56
677,698,114,0,56
677,699,114,0,56
677,700,114,0,56
677,701,114,0,56
677,702,114,0,56
677,703,114,0,56
677,704,114,0,56
677,705,114,0,56
677,706,114,0,56
677,707,114,0,56
677,708,114,0,56
677,709,114,0,56
677,710,114,0,56
677,711,114,0,56
677,712,114,0,56
677,713,114,0,56
677,714,114,0,56
677,715,114,0,56
677,716,114,0,56
677,717,114,0,56
677,718,114,0,56
677,719,114,0,56
677,720,114,0,56
677,721,114,0,56
677,722,114,0,56
677,723,114,0,56
677,724,114,0,56
679,625,462,0,58
679,626,462,0,58
679,627,462,0,58
679,628,462,0,58
679,629,462,0,58
679,630,462,0,58
679,631,462,0,58
679,632,462,0,58
679,633,462,0,58
679,634,462,0,58
679,635,462,0,58
679,636,462,0,58
679,637,462,0,58
679,638,462,0,58
679,639,462,0,58
679,640,462,0,58
679,641,462,0,58
679,642,462,0,58
679,643,462,0,58
679,644,462,0,58
679,645,462,0,58
679,646,462,0,58
679,647,462,0,58
679,648,462,0,58
679,649,462,0,58
679,650,462,0,58
679,651,462,0,58
679,652,462,0,58
679,653,462,0,58
679,654,462,0,58
679,655,462,0,58
679,656,462,0,58
679,657,462,0,58
679,658,462,0,58
679,659,462,0,58
679,660,462,0,58
679,661,462,0,58
679,662,462,0,58
679,663,462,0,58
679,664,462,0,58
679,665,462,0,58
679,666,462,0,58
679,667,462,0,58
679,668,462,0,58
679,669,462,0,58
679,670,462,0,58
679,671,462,0,58
679,672,462,0,58
679,673,462,0,58
679,674,462,0,58
679,675,462,0,58
679,676,462,0,58
679,677,462,0,58
679,678,462,0,58
679,680,462,0,58
679,681,462,0,58
679,682,462,0,58
679,683,462,0,58
679,684,462,0,58
679,685,462,0,58
679,686,462,0,58
679,687,462,0,58
679,688,462,0,58
679,689,462,0,58
679,690,462,0,58
679,691,462,0,58
679,692,462,0,58
679,693,462,0,58
679,694,462,0,58
679,695,462,0,58
679,696,462,0,58
679,697,462,0,58
679,698,462,0,58
679,699,462,0,58
679,700,462,0,58
679,701,462,0,58
679,702,462,0,58
679,703,462,0,58
679,704,462,0,58
679,705,462,0,58
679,706,462,0,58
679,707,462,0,58
679,708,462,0,58
679,709,462,0,58
679,710,462,0,58
679,711,462,0,58
679,712,462,0,58
679,713,462,0,58
679,714,462,0,58
679,715,462,0,58
679,716,462,0,58
679,717,462,0,58
679,718,462,0,58
679,719,462,0,58
679,720,462,0,58
679,721,462,0,58
679,722,462,0,58
679,723,462,0,58
679,724,462,0,58
680,625,126,0,59
680,626,126,0,59
680,627,126,0,59
680,628,126,0,59
680,629,126,0,59
680,630,126,0,59
680,631,126,0,59
680,632,126,0,59
680,633,126,0,59
680,634,126,0,59
680,635,126,0,59
680,636,126,0,59
680,637,126,0,59
680,638,126,0,59
680,639,126,0,59
680,640,126,0,59
680,641,126,0,59
680,642,126,0,59
680,643,126,0,59
680,644,126,0,59
680,645,126,0,59
680,646,126,0,59
680,647,126,0,59
680,648,126,0,59
680,649,126,0,59
680,650,126,0,59
680,651,126,0,59
680,652,126,0,59
680,653,126,0,59
680,654,126,0,59
680,655,126,0,59
680,656,126,0,59
680,657,126,0,59
680,658,126,0,59
680,659,126,0,59
680,660,126,0,59
680,661,126,0,59
680,662,126,0,59
680,663,126,0,59
680,664,126,0,59
680,665,126,0,59
680,666,126,0,59
680,667,126,0,59
680,668,126,0,59
680,669,126,0,59
680,670,126,0,59
680,671,126,0,59
680,672,126,0,59
680,673,126,0,59
680,674,126,0,59
680,675,126,0,59
680,676,126,0,59
680,677,126,0,59
680,678,126,0,59
680,679,126,0,59
680,681,126,0,59
680,682,126,0,59
680,683,126,0,59
680,684,126,0,59
680,685,126,0,59
680,686,126,0,59
680,687,126,0,59
680,688,126,0,59
680,689,126,0,59
680,690,126,0,59
680,691,126,0,59
680,692,126,0,59
680,693,126,0,59
680,694,126,0,59
680,695,126,0,59
680,696,126,0,59
680,697,126,0,59
680,698,126,0,59
680,699,126,0,59
680,700,126,0,59
680,701,126,0,59
680,702,126,0,59
680,703,126,0,59
680,704,126,0,59
680,705,126,0,59
680,706,126,0,59
680,707,126,0,59
680,708,126,0,59
680,709,126,0,59
680,710,126,0,59
680,711,126,0,59
680,712,126,0,59
680,713,126,0,59
680,714,126,0,59
680,715,126,0,59
680,716,126,0,59
680,717,126,0,59
680,718,126,0,59
680,719,126,0,59
680,720,126,0,59
680,721,126,0,59
680,722,126,0,59
680,723,126,0,59
680,724,126,0,59
681,625,567,0,60
681,626,567,0,60
681,627,567,0,60
681,628,567,0,60
681,629,567,0,60
681,630,567,0,60
681,631,567,0,60
681,632,567,0,60
681,633,567,0,60
681,634,567,0,60
681,635,567,0,60
681,636,567,0,60
681,637,567,0,60
681,638,567,0,60
681,639,567,0,60
681,640,567,0,60
681,641,567,0,60
681,642,567,0,60
681,643,567,0,60
681,644,567,0,60
681,645,567,0,60
681,646,567,0,60
681,647,567,0,60
681,648,567,0,60
681,649,567,0,60
681,650,567,0,60
681,651,567,0,60
681,652,567,0,60
681,653,567,0,60
681,654,567,0,60
681,655,567,0,60
681,656,567,0,60
681,657,567,0,60
681,658,567,0,60
681,659,567,0,60
681,660,567,0,60
681,661,567,0,60
681,662,567,0,60
681,663,567,0,60
681,664,567,0,60
681,665,567,0,60
681,666,567,0,60
681,667,567,0,60
681,668,567,0,60
681,669,567,0,60
681,670,567,0,60
681,671,567,0,60
681,672,567,0,60
681,673,567,0,60
681,674,567,0,60
681,675,567,0,60
681,676,567,0,60
681,677,567,0,60
681,678,567,0,60
681,679,567,0,60
681,680,567,0,60
681,682,567,0,60
681,683,567,0,60
681,684,567,0,60
681,685,567,0,60
681,686,567,0,60
681,687,567,0,60
681,688,567,0,60
681,689,567,0,60
681,690,567,0,60
681,691,567,0,60
681,692,567,0,60
681,693,567,0,60
681,694,567,0,60
681,695,567,0,60
681,696,567,0,60
681,697,567,0,60
681,698,567,0,60
681,699,567,0,60
681,700,567,0,60
681,701,567,0,60
681,702,567,0,60
681,703,567,0,60
681,704,567,0,60
681,705,567,0,60
681,706,567,0,60
681,707,567,0,60
681,708,567,0,60
681,709,567,0,60
681,710,567,0,60
681,711,567,0,60
681,712,567,0,60
681,713,567,0,60
681,714,567,0,60
681,715,567,0,60
681,716,567,0,60
681,717,567,0,60
681,718,567,0,60
681,719,567,0,60
681,720,567,0,60
681,721,567,0,60
681,722,567,0,60
681,723,567,0,60
681,724,567,0,60
682,625,38,0,61
682,626,38,0,61
682,627,38,0,61
682,628,38,0,61
682,629,38,0,61
682,630,38,0,61
682,631,38,0,61
682,632,38,0,61
682,633,38,0,61
682,634,38,0,61
682,635,38,0,61
682,636,38,0,61
682,637,38,0,61
682,638,38,0,61
682,639,38,0,61
682,640,38,0,61
682,641,38,0,61
682,642,38,0,61
682,643,38,0,61
682,644,38,0,61
682,645,38,0,61
682,646,38,0,61
682,647,38,0,61
682,648,38,0,61
682,649,38,0,61
682,650,38,0,61
682,651,38,0,61
682,652,38,0,61
682,653,38,0,61
682,654,38,0,61
682,655,38,0,61
682,656,38,0,61
682,657,38,0,61
682,658,38,0,61
682,659,38,0,61
682,660,38,0,61
682,661,38,0,61
682,662,38,0,61
682,663,38,0,61
682,664,38,0,61
682,665,38,0,61
682,666,38,0,61
682,667,38,0,61
682,668,38,0,61
682,669,38,0,61
682,670,38,0,61
682,671,38,0,61
682,672,38,0,61
682,673,38,0,61
682,674,38,0,61
682,675,38,0,61
682,676,38,0,61
682,677,38,0,61
682,678,38,0,61
682,679,38,0,61
682,680,38,0,61
682,681,38,0,61
682,683,38,0,61
682,684,38,0,61
682,685,38,0,61
682,686,38,0,61
682,687,38,0,61
682,688,38,0,61
682,689,38,0,61
682,690,38,0,61
682,691,38,0,61
682,692,38,0,61
682,693,38,0,61
682,694,38,0,61
682,695,38,0,61
682,696,38,0,61
682,697,38,0,61
682,698,38,0,61
682,699,38,0,61
682,700,38,0,61
682,701,38,0,61
682,702,38,0,61
682,703,38,0,61
682,704,38,0,61
682,705,38,0,61
682,706,38,0,61
682,707,38,0,61
682,708,38,0,61
682,709,38,0,61
682,710,38,0,61
682,711,38,0,61
682,712,38,0,61
682,713,38,0,61
682,714,38,0,61
682,715,38,0,61
682,716,38,0,61
682,717,38,0,61
682,718,38,0,61
682,719,38,0,61
682,720,38,0,61
682,721,38,0,61
682,722,38,0,61
682,723,38,0,61
682,724,38,0,61
683,625,163,0,62
683,626,163,0,62
683,627,163,0,62
683,628,163,0,62
683,629,163,0,62
683,630,163,0,62
683,631,163,0,62
683,632,163,0,62
683,633,163,0,62
683,634,163,0,62
683,635,163,0,62
683,636,163,0,62
683,637,163,0,62
683,638,163,0,62
683,639,163,0,62
683,640,163,0,62
683,641,163,0,62
683,642,163,0,62
683,643,163,0,62
683,644,163,0,62
683,645,163,0,62
683,646,163,0,62
683,647,163,0,62
683,648,163,0,62
683,649,163,0,62
683,650,163,0,62
683,651,163,0,62
683,652,163,0,62
683,653,163,0,62
683,654,163,0,62
683,655,163,0,62
683,656,163,0,62
683,657,163,0,62
683,658,163,0,62
683,659,163,0,62
683,660,163,0,62
683,661,163,0,62
683,662,163,0,62
683,663,163,0,62
683,664,163,0,62
683,665,163,0,62
683,666,163,0,62
683,667,163,0,62
683,668,163,0,62
683,669,163,0,62
683,670,163,0,62
683,671,163,0,62
683,672,163,0,62
683,673,163,0,62
683,674,163,0,62
683,675,163,0,62
683,676,163,0,62
683,677,163,0,62
683,678,163,0,62
683,679,163,0,62
683,680,163,0,62
683,681,163,0,62
683,682,163,0,62
683,684,163,0,62
683,685,163,0,62
683,686,163,0,62
683,687,163,0,62
683,688,163,0,62
683,689,163,0,62
683,690,163,0,62
683,691,163,0,62
683,692,163,0,62
683,693,163,0,62
683,694,163,0,62
683,695,163,0,62
683,696,163,0,62
683,697,163,0,62
683,698,163,0,62
683,699,163,0,62
683,700,163,0,62
683,701,163,0,62
683,702,163,0,62
683,703,163,0,62
683,704,163,0,62
683,705,163,0,62
683,706,163,0,62
683,707,163,0,62
683,708,163,0,62
683,709,163,0,62
683,710,163,0,62
683,711,163,0,62
683,712,163,0,62
683,713,163,0,62
683,714,163,0,62
683,715,163,0,62
683,716,163,0,62
683,717,163,0,62
683,718,163,0,62
683,719,163,0,62
683,720,163,0,62
683,721,163,0,62
683,722,163,0,62
683,723,163,0,62
683,724,163,0,62
685,625,333,0,64
685,626,333,0,64
685,627,333,0,64
685,628,333,0,64
685,629,333,0,64
685,630,333,0,64
685,631,333,0,64
685,632,333,0,64
685,633,333,0,64
685,634,333,0,64
685,635,333,0,64
685,636,333,0,64
685,637,333,0,64
685,638,333,0,64
685,639,333,0,64
685,640,333,0,64
685,641,333,0,64
685,642,333,0,64
685,643,333,0,64
685,644,333,0,64
685,645,333,0,64
685,646,333,0,64
685,647,333,0,64
685,648,333,0,64
685,649,333,0,64
685,650,333,0,64
685,651,333,0,64
685,652,333,0,64
685,653,333,0,64
685,654,333,0,64
685,655,333,0,64
685,656,333,0,64
685,657,333,0,64
685,658,333,0,64
685,659,333,0,64
685,660,333,0,64
685,661,333,0,64
685,662,333,0,64
685,663,333,0,64
685,664,333,0,64
685,665,333,0,64
685,666,333,0,64
685,667,333,0,64
685,668,333,0,64
685,669,333,0,64
685,670,333,0,64
685,671,333,0,64
685,672,333,0,64
685,673,333,0,64
685,674,333,0,64
685,675,333,0,64
685,676,333,0,64
685,677,333,0,64
685,678,333,0,64
685,679,333,0,64
685,680,333,0,64
685,681,333,0,64
685,682,333,0,64
685,683,333,0,64
685,684,333,0,64
685,686,333,0,64
685,687,333,0,64
685,688,333,0,64
685,689,333,0,64
685,690,333,0,64
685,691,333,0,64
685,692,333,0,64
685,693,333,0,64
685,694,333,0,64
685,695,333,0,64
685,696,333,0,64
685,697,333,0,64
685,698,333,0,64
685,699,333,0,64
685,700,333,0,64
685,701,333,0,64
685,702,333,0,64
685,703,333,0,64
685,704,333,0,64
685,705,333,0,64
685,706,333,0,64
685,707,333,0,64
685,708,333,0,64
685,709,333,0,64
685,710,333,0,64
685,711,333,0,64
685,712,333,0,64
685,713,333,0,64
685,714,333,0,64
685,715,333,0,64
685,716,333,0,64
685,717,333,0,64
685,718,333,0,64
685,719,333,0,64
685,720,333,0,64
685,721,333,0,64
685,722,333,0,64
685,723,333,0,64
685,724,333,0,64
687,625,369,0,66
687,626,369,0,66
687,627,369,0,66
687,628,369,0,66
687,629,369,0,66
687,630,369,0,66
687,631,369,0,66
687,632,369,0,66
687,633,369,0,66
687,634,369,0,66
687,635,369,0,66
687,636,369,0,66
687,637,369,0,66
687,638,369,0,66
687,639,369,0,66
687,640,369,0,66
687,641,369,0,66
687,642,369,0,66
687,643,369,0,66
687,644,369,0,66
687,645,369,0,66
687,646,369,0,66
687,647,369,0,66
687,648,369,0,66
687,649,369,0,66
687,650,369,0,66
687,651,369,0,66
687,652,369,0,66
687,653,369,0,66
687,654,369,0,66
687,655,369,0,66
687,656,369,0,66
687,657,369,0,66
687,658,369,0,66
687,659,369,0,66
687,660,369,0,66
687,661,369,0,66
687,662,369,0,66
687,663,369,0,66
687,664,369,0,66
687,665,369,0,66
687,666,369,0,66
687,667,369,0,66
687,668,369,0,66
687,669,369,0,66
687,670,369,0,66
687,671,369,0,66
687,672,369,0,66
687,673,369,0,66
687,674,369,0,66
687,675,369,0,66
687,676,369,0,66
687,677,369,0,66
687,678,369,0,66
687,679,369,0,66
687,680,369,0,66
687,681,369,0,66
687,682,369,0,66
687,683,369,0,66
687,684,369,0,66
687,685,369,0,66
687,686,369,0,66
687,688,369,0,66
687,689,369,0,66
687,690,369,0,66
687,691,369,0,66
687,692,369,0,66
687,693,369,0,66
687,694,369,0,66
687,695,369,0,66
687,696,369,0,66
687,697,369,0,66
687,698,369,0,66
687,699,369,0,66
687,700,369,0,66
687,701,369,0,66
687,702,369,0,66
687,703,369,0,66
687,704,369,0,66
687,705,369,0,66
687,706,369,0,66
687,707,369,0,66
687,708,369,0,66
687,709,369,0,66
687,710,369,0,66
687,711,369,0,66
687,712,369,0,66
687,713,369,0,66
687,714,369,0,66
687,715,369,0,66
687,716,369,0,66
687,717,369,0,66
687,718,369,0,66
687,719,369,0,66
687,720,369,0,66
687,721,369,0,66
687,722,369,0,66
687,723,369,0,66
687,724,369,0,66
689,625,132,0,68
689,626,132,0,68
689,627,132,0,68
689,628,132,0,68
689,629,132,0,68
689,630,132,0,68
689,631,132,0,68
689,632,132,0,68
689,633,132,0,68
689,634,132,0,68
689,635,132,0,68
689,636,132,0,68
689,637,132,0,68
689,638,132,0,68
689,639,132,0,68
689,640,132,0,68
689,641,132,0,68
689,642,132,0,68
689,643,132,0,68
689,644,132,0,68
689,645,132,0,68
689,646,132,0,68
689,647,132,0,68
689,648,132,0,68
689,649,132,0,68
689,650,132,0,68
689,651,132,0,68
689,652,132,0,68
689,653,132,0,68
689,654,132,0,68
689,655,132,0,68
689,656,132,0,68
689,657,132,0,68
689,658,132,0,68
689,659,132,0,68
689,660,132,0,68
689,661,132,0,68
689,662,132,0,68
689,663,132,0,68
689,664,132,0,68
689,665,132,0,68
689,666,132,0,68
689,667,132,0,68
689,668,132,0,68
689,669,132,0,68
689,670,132,0,68
689,671,132,0,68
689,672,132,0,68
689,673,132,0,68
689,674,132,0,68
689,675,132,0,68
689,676,132,0,68
689,677,132,0,68
689,678,132,0,68
689,679,132,0,68
689,680,132,0,68
689,681,132,0,68
689,682,132,0,68
689,683,132,0,68
689,684,132,0,68
689,685,132,0,68
689,686,132,0,68
689,687,132,0,68
689,688,132,0,68
689,690,132,0,68
689,691,132,0,68
689,692,132,0,68
689,693,132,0,68
689,694,132,0,68
689,695,132,0,68
689,696,132,0,68
689,697,132,0,68
689,698,132,0,68
689,699,132,0,68
689,700,132,0,68
689,701,132,0,68
689,702,132,0,68
689,703,132,0,68
689,704,132,0,68
689,705,132,0,68
689,706,132,0,68
689,707,132,0,68
689,708,132,0,68
689,709,132,0,68
689,710,132,0,68
689,711,132,0,68
689,712,132,0,68
689,713,132,0,68
689,714,132,0,68
689,715,132,0,68
689,716,132,0,68
689,717,132,0,68
689,718,132,0,68
689,719,132,0,68
689,720,132,0,68
689,721,132,0,68
689,722,132,0,68
689,723,132,0,68
689,724,132,0,68
691,625,204,0,70
691,626,204,0,70
691,627,204,0,70
691,628,204,0,70
691,629,204,0,70
691,630,204,0,70
691,631,204,0,70
691,632,204,0,70
691,633,204,0,70
691,634,204,0,70
691,635,204,0,70
691,636,204,0,70
691,637,204,0,70
691,638,204,0,70
691,639,204,0,70
691,640,204,0,70
691,641,204,0,70
691,642,204,0,70
691,643,204,0,70
691,644,204,0,70
691,645,204,0,70
691,646,204,0,70
691,647,204,0,70
691,648,204,0,70
691,649,204,0,70
691,650,204,0,70
691,651,204,0,70
691,652,204,0,70
691,653,204,0,70
691,654,204,0,70
691,655,204,0,70
691,656,204,0,70
691,657,204,0,70
691,658,204,0,70
691,659,204,0,70
691,660,204,0,70
691,661,204,0,70
691,662,204,0,70
691,663,204,0,70
691,664,204,0,70
691,665,204,0,70
691,666,204,0,70
691,667,204,0,70
691,668,204,0,70
691,669,204,0,70
691,670,204,0,70
691,671,204,0,70
691,672,204,0,70
691,673,204,0,70
691,674,204,0,70
691,675,204,0,70
691,676,204,0,70
691,677,204,0,70
691,678,204,0,70
691,679,204,0,70
691,680,204,0,70
691,681,204,0,70
691,682,204,0,70
691,683,204,0,70
691,684,204,0,70
691,685,204,0,70
691,686,204,0,70
691,687,204,0,70
691,688,204,0,70
691,689,204,0,70
691,690,204,0,70
691,692,204,0,70
691,693,204,0,70
691,694,204,0,70
691,695,204,0,70
691,696,204,0,70
691,697,204,0,70
691,698,204,0,70
691,699,204,0,70
691,700,204,0,70
691,701,204,0,70
691,702,204,0,70
691,703,204,0,70
691,704,204,0,70
691,705,204,0,70
691,706,204,0,70
691,707,204,0,70
691,708,204,0,70
691,709,204,0,70
691,710,204,0,70
691,711,204,0,70
691,712,204,0,70
691,713,204,0,70
691,714,204,0,70
691,715,204,0,70
691,716,204,0,70
691,717,204,0,70
691,718,204,0,70
691,719,204,0,70
691,720,204,0,70
691,721,204,0,70
691,722,204,0,70
691,723,204,0,70
691,724,204,0,70
692,625,36,0,71
692,626,36,0,71
692,627,36,0,71
692,628,36,0,71
692,629,36,0,71
692,630,36,0,71
692,631,36,0,71
692,632,36,0,71
692,633,36,0,71
692,634,36,0,71
692,635,36,0,71
692,636,36,0,71
692,637,36,0,71
692,638,36,0,71
692,639,36,0,71
692,640,36,0,71
692,641,36,0,71
692,642,36,0,71
692,643,36,0,71
692,644,36,0,71
692,645,36,0,71
692,646,36,0,71
692,647,36,0,71
692,648,36,0,71
692,649,36,0,71
692,650,36,0,71
692,651,36,0,71
692,652,36,0,71
692,653,36,0,71
692,654,36,0,71
692,655,36,0,71
692,656,36,0,71
692,657,36,0,71
692,658,36,0,71
692,659,36,0,71
692,660,36,0,71
692,661,36,0,71
692,662,36,0,71
692,663,36,0,71
692,664,36,0,71
692,665,36,0,71
692,666,36,0,71
692,667,36,0,71
692,668,36,0,71
692,669,36,0,71
692,670,36,0,71
692,671,36,0,71
692,672,36,0,71
692,673,36,0,71
692,674,36,0,71
692,675,36,0,71
692,676,36,0,71
692,677,36,0,71
692,678,36,0,71
692,679,36,0,71
692,680,36,0,71
692,681,36,0,71
692,682,36,0,71
692,683,36,0,71
692,684,36,0,71
692,685,36,0,71
692,686,36,0,71
692,687,36,0,71
692,688,36,0,71
692,689,36,0,71
692,690,36,0,71
692,691,36,0,71
692,693,36,0,71
692,694,36,0,71
692,695,36,0,71
692,696,36,0,71
692,697,36,0,71
692,698,36,0,71
692,699,36,0,71
692,700,36,0,71
692,701,36,0,71
692,702,36,0,71
692,703,36,0,71
692,704,36,0,71
692,705,36,0,71
692,706,36,0,71
692,707,36,0,71
692,708,36,0,71
692,709,36,0,71
692,710,36,0,71
692,711,36,0,71
692,712,36,0,71
692,713,36,0,71
692,714,36,0,71
692,715,36,0,71
692,716,36,0,71
692,717,36,0,71
692,718,36,0,71
692,719,36,0,71
692,720,36,0,71
692,721,36,0,71
692,722,36,0,71
692,723,36,0,71
692,724,36,0,71
693,625,330,0,72
693,626,330,0,72
693,627,330,0,72
693,628,330,0,72
693,629,330,0,72
693,630,330,0,72
693,631,330,0,72
693,632,330,0,72
693,633,330,0,72
693,634,330,0,72
693,635,330,0,72
693,636,330,0,72
693,637,330,0,72
693,638,330,0,72
693,639,330,0,72
693,640,330,0,72
693,641,330,0,72
693,642,330,0,72
693,643,330,0,72
693,644,330,0,72
693,645,330,0,72
693,646,330,0,72
693,647,330,0,72
693,648,330,0,72
693,649,330,0,72
693,650,330,0,72
693,651,330,0,72
693,652,330,0,72
693,653,330,0,72
693,654,330,0,72
693,655,330,0,72
693,656,330,0,72
693,657,330,0,72
693,658,330,0,72
693,659,330,0,72
693,660,330,0,72
693,661,330,0,72
693,662,330,0,72
693,663,330,0,72
693,664,330,0,72
693,665,330,0,72
693,666,330,0,72
693,667,330,0,72
693,668,330,0,72
693,669,330,0,72
693,670,330,0,72
693,671,330,0,72
693,672,330,0,72
693,673,330,0,72
693,674,330,0,72
693,675,330,0,72
693,676,330,0,72
693,677,330,0,72
693,678,330,0,72
693,679,330,0,72
693,680,330,0,72
693,681,330,0,72
693,682,330,0,72
693,683,330,0,72
693,684,330,0,72
693,685,330,0,72
693,686,330,0,72
693,687,330,0,72
693,688,330,0,72
693,689,330,0,72
693,690,330,0,72
693,691,330,0,72
693,692,330,0,72
693,694,330,0,72
693,695,330,0,72
693,696,330,0,72
693,697,330,0,72
693,698,330,0,72
693,699,330,0,72
693,700,330,0,72
693,701,330,0,72
693,702,330,0,72
693,703,330,0,72
693,704,330,0,72
693,705,330,0,72
693,706,330,0,72
693,707,330,0,72
693,708,330,0,72
693,709,330,0,72
693,710,330,0,72
693,711,330,0,72
693,712,330,0,72
693,713,330,0,72
693,714,330,0,72
693,715,330,0,72
693,716,330,0,72
693,717,330,0,72
693,718,330,0,72
693,719,330,0,72
693,720,330,0,72
693,721,330,0,72
693,722,330,0,72
693,723,330,0,72
693,724,330,0,72
696,625,607,0,75
696,626,607,0,75
696,627,607,0,75
696,628,607,0,75
696,629,607,0,75
696,630,607,0,75
696,631,607,0,75
696,632,607,0,75
696,633,607,0,75
696,634,607,0,75
696,635,607,0,75
696,636,607,0,75
696,637,607,0,75
696,638,607,0,75
696,639,607,0,75
696,640,607,0,75
696,641,607,0,75
696,642,607,0,75
696,643,607,0,75
696,644,607,0,75
696,645,607,0,75
696,646,607,0,75
696,647,607,0,75
696,648,607,0,75
696,649,607,0,75
696,650,607,0,75
696,651,607,0,75
696,652,607,0,75
696,653,607,0,75
696,654,607,0,75
696,655,607,0,75
696,656,607,0,75
696,657,607,0,75
696,658,607,0,75
696,659,607,0,75
696,660,607,0,75
696,661,607,0,75
696,662,607,0,75
696,663,607,0,75
696,664,607,0,75
696,665,607,0,75
696,666,607,0,75
696,667,607,0,75
696,668,607,0,75
696,669,607,0,75
696,670,607,0,75
696,671,607,0,75
696,672,607,0,75
696,673,607,0,75
696,674,607,0,75
696,675,607,0,75
696,676,607,0,75
696,677,607,0,75
696,678,607,0,75
696,679,607,0,75
696,680,607,0,75
696,681,607,0,75
696,682,607,0,75
696,683,607,0,75
696,684,607,0,75
696,685,607,0,75
696,686,607,0,75
696,687,607,0,75
696,688,607,0,75
696,689,607,0,75
696,690,607,0,75
696,691,607,0,75
696,692,607,0,75
696,693,607,0,75
696,694,607,0,75
696,695,607,0,75
696,697,607,0,75
696,698,607,0,75
696,699,607,0,75
696,700,607,0,75
696,701,607,0,75
696,702,607,0,75
696,703,607,0,75
696,704,607,0,75
696,705,607,0,75
696,706,607,0,75
696,707,607,0,75
696,708,607,0,75
696,709,607,0,75
696,710,607,0,75
696,711,607,0,75
696,712,607,0,75
696,713,607,0,75
696,714,607,0,75
696,715,607,0,75
696,716,607,0,75
696,717,607,0,75
696,718,607,0,75
696,719,607,0,75
696,720,607,0,75
696,721,607,0,75
696,722,607,0,75
696,723,607,0,75
696,724,607,0,75
697,625,187,0,76
697,626,187,0,76
697,627,187,0,76
697,628,187,0,76
697,629,187,0,76
697,630,187,0,76
697,631,187,0,76
697,632,187,0,76
697,633,187,0,76
697,634,187,0,76
697,635,187,0,76
697,636,187,0,76
697,637,187,0,76
697,638,187,0,76
697,639,187,0,76
697,640,187,0,76
697,641,187,0,76
697,642,187,0,76
697,643,187,0,76
697,644,187,0,76
697,645,187,0,76
697,646,187,0,76
697,647,187,0,76
697,648,187,0,76
697,649,187,0,76
697,650,187,0,76
697,651,187,0,76
697,652,187,0,76
697,653,187,0,76
697,654,187,0,76
697,655,187,0,76
697,656,187,0,76
697,657,187,0,76
697,658,187,0,76
697,659,187,0,76
697,660,187,0,76
697,661,187,0,76
697,662,187,0,76
697,663,187,0,76
697,664,187,0,76
697,665,187,0,76
697,666,187,0,76
697,667,187,0,76
697,668,187,0,76
697,669,187,0,76
697,670,187,0,76
697,671,187,0,76
697,672,187,0,76
697,673,187,0,76
697,674,187,0,76
697,675,187,0,76
697,676,187,0,76
697,677,187,0,76
697,678,187,0,76
697,679,187,0,76
697,680,187,0,76
697,681,187,0,76
697,682,187,0,76
697,683,187,0,76
697,684,187,0,76
697,685,187,0,76
697,686,187,0,76
697,687,187,0,76
697,688,187,0,76
697,689,187,0,76
697,690,187,0,76
697,691,187,0,76
697,692,187,0,76
697,693,187,0,76
697,694,187,0,76
697,695,187,0,76
697,696,187,0,76
697,698,187,0,76
697,699,187,0,76
697,700,187,0,76
697,701,187,0,76
697,702,187,0,76
697,703,187,0,76
697,704,187,0,76
697,705,187,0,76
697,706,187,0,76
697,707,187,0,76
697,708,187,0,76
697,709,187,0,76
697,710,187,0,76
697,711,187,0,76
697,712,187,0,76
697,713,187,0,76
697,714,187,0,76
697,715,187,0,76
697,716,187,0,76
697,717,187,0,76
697,718,187,0,76
697,719,187,0,76
697,720,187,0,76
697,721,187,0,76
697,722,187,0,76
697,723,187,0,76
697,724,187,0,76
698,625,357,0,77
698,626,357,0,77
698,627,357,0,77
698,628,357,0,77
698,629,357,0,77
698,630,357,0,77
698,631,357,0,77
698,632,357,0,77
698,633,357,0,77
698,634,357,0,77
698,635,357,0,77
698,636,357,0,77
698,637,357,0,77
698,638,357,0,77
698,639,357,0,77
698,640,357,0,77
698,641,357,0,77
698,642,357,0,77
698,643,357,0,77
698,644,357,0,77
698,645,357,0,77
698,646,357,0,77
698,647,357,0,77
698,648,357,0,77
698,649,357,0,77
698,650,357,0,77
698,651,357,0,77
698,652,357,0,77
698,653,357,0,77
698,654,357,0,77
698,655,357,0,77
698,656,357,0,77
698,657,357,0,77
698,658,357,0,77
698,659,357,0,77
698,660,357,0,77
698,661,357,0,77
698,662,357,0,77
698,663,357,0,77
698,664,357,0,77
698,665,357,0,77
698,666,357,0,77
698,667,357,0,77
698,668,357,0,77
698,669,357,0,77
698,670,357,0,77
698,671,357,0,77
698,672,357,0,77
698,673,357,0,77
698,674,357,0,77
698,675,357,0,77
698,676,357,0,77
698,677,357,0,77
698,678,357,0,77
698,679,357,0,77
698,680,357,0,77
698,681,357,0,77
698,682,357,0,77
698,683,357,0,77
698,684,357,0,77
698,685,357,0,77
698,686,357,0,77
698,687,357,0,77
698,688,357,0,77
698,689,357,0,77
698,690,357,0,77
698,691,357,0,77
698,692,357,0,77
698,693,357,0,77
698,694,357,0,77
698,695,357,0,77
698,696,357,0,77
698,697,357,0,77
698,699,357,0,77
698,700,357,0,77
698,701,357,0,77
698,702,357,0,77
698,703,357,0,77
698,704,357,0,77
698,705,357,0,77
698,706,357,0,77
698,707,357,0,77
698,708,357,0,77
698,709,357,0,77
698,710,357,0,77
698,711,357,0,77
698,712,357,0,77
698,713,357,0,77
698,714,357,0,77
698,715,357,0,77
698,716,357,0,77
698,717,357,0,77
698,718,357,0,77
698,719,357,0,77
698,720,357,0,77
698,721,357,0,77
698,722,357,0,77
698,723,357,0,77
698,724,357,0,77
699,625,403,0,78
699,626,403,0,78
699,627,403,0,78
699,628,403,0,78
699,629,403,0,78
699,630,403,0,78
699,631,403,0,78
699,632,403,0,78
699,633,403,0,78
699,634,403,0,78
699,635,403,0,78
699,636,403,0,78
699,637,403,0,78
699,638,403,0,78
699,639,403,0,78
699,640,403,0,78
699,641,403,0,78
699,642,403,0,78
699,643,403,0,78
699,644,403,0,78
699,645,403,0,78
699,646,403,0,78
699,647,403,0,78
699,648,403,0,78
699,649,403,0,78
699,650,403,0,78
699,651,403,0,78
699,652,403,0,78
699,653,403,0,78
699,654,403,0,78
699,655,403,0,78
699,656,403,0,78
699,657,403,0,78
699,658,403,0,78
699,659,403,0,78
699,660,403,0,78
699,661,403,0,78
699,662,403,0,78
699,663,403,0,78
699,664,403,0,78
699,665,403,0,78
699,666,403,0,78
699,667,403,0,78
699,668,403,0,78
699,669,403,0,78
699,670,403,0,78
699,671,403,0,78
699,672,403,0,78
699,673,403,0,78
699,674,403,0,78
699,675,403,0,78
699,676,403,0,78
699,677,403,0,78
699,678,403,0,78
699,679,403,0,78
699,680,403,0,78
699,681,403,0,78
699,682,403,0,78
699,683,403,0,78
699,684,403,0,78
699,685,403,0,78
699,686,403,0,78
699,687,403,0,78
699,688,403,0,78
699,689,403,0,78
699,690,403,0,78
699,691,403,0,78
699,692,403,0,78
699,693,403,0,78
699,694,403,0,78
699,695,403,0,78
699,696,403,0,78
699,697,403,0,78
699,698,403,0,78
699,700,403,0,78
699,701,403,0,78
699,702,403,0,78
699,703,403,0,78
699,704,403,0,78
699,705,403,0,78
699,706,403,0,78
699,707,403,0,78
699,708,403,0,78
699,709,403,0,78
699,710,403,0,78
699,711,403,0,78
699,712,403,0,78
699,713,403,0,78
699,714,403,0,78
699,715,403,0,78
699,716,403,0,78
699,717,403,0,78
699,718,403,0,78
699,719,403,0,78
699,720,403,0,78
699,721,403,0,78
699,722,403,0,78
699,723,403,0,78
699,724,403,0,78
701,625,11,0,80
701,626,11,0,80
701,627,11,0,80
701,628,11,0,80
701,629,11,0,80
701,630,11,0,80
701,631,11,0,80
701,632,11,0,80
701,633,11,0,80
701,634,11,0,80
701,635,11,0,80
701,636,11,0,80
701,637,11,0,80
701,638,11,0,80
701,639,11,0,80
701,640,11,0,80
701,641,11,0,80
701,642,11,0,80
701,643,11,0,80
701,644,11,0,80
701,645,11,0,80
701,646,11,0,80
701,647,11,0,80
701,648,11,0,80
701,649,11,0,80
701,650,11,0,80
701,651,11,0,80
701,652,11,0,80
701,653,11,0,80
701,654,11,0,80
701,655,11,0,80
701,656,11,0,80
701,657,11,0,80
701,658,11,0,80
701,659,11,0,80
701,660,11,0,80
701,661,11,0,80
701,662,11,0,80
701,663,11,0,80
701,664,11,0,80
701,665,11,0,80
701,666,11,0,80
701,667,11,0,80
701,668,11,0,80
701,669,11,0,80
701,670,11,0,80
701,671,11,0,80
701,672,11,0,80
701,673,11,0,80
701,674,11,0,80
701,675,11,0,80
701,676,11,0,80
701,677,11,0,80
701,678,11,0,80
701,679,11,0,80
701,680,11,0,80
701,681,11,0,80
701,682,11,0,80
701,683,11,0,80
701,684,11,0,80
701,685,11,0,80
701,686,11,0,80
701,687,11,0,80
701,688,11,0,80
701,689,11,0,80
701,690,11,0,80
701,691,11,0,80
701,692,11,0,80
701,693,11,0,80
701,694,11,0,80
701,695,11,0,80
701,696,11,0,80
701,697,11,0,80
701,698,11,0,80
701,699,11,0,80
701,700,11,0,80
701,702,11,0,80
701,703,11,0,80
701,704,11,0,80
701,705,11,0,80
701,706,11,0,80
701,707,11,0,80
701,708,11,0,80
701,709,11,0,80
701,710,11,0,80
701,711,11,0,80
701,712,11,0,80
701,713,11,0,80
701,714,11,0,80
701,715,11,0,80
701,716,11,0,80
701,717,11,0,80
701,718,11,0,80
701,719,11,0,80
701,720,11,0,80
701,721,11,0,80
701,722,11,0,80
701,723,11,0,80
701,724,11,0,80
705,625,13,0,84
705,626,13,0,84
705,627,13,0,84
705,628,13,0,84
705,629,13,0,84
705,630,13,0,84
705,631,13,0,84
705,632,13,0,84
705,633,13,0,84
705,634,13,0,84
705,635,13,0,84
705,636,13,0,84
705,637,13,0,84
705,638,13,0,84
705,639,13,0,84
705,640,13,0,84
705,641,13,0,84
705,642,13,0,84
705,643,13,0,84
705,644,13,0,84
705,645,13,0,84
705,646,13,0,84
705,647,13,0,84
705,648,13,0,84
705,649,13,0,84
705,650,13,0,84
705,651,13,0,84
705,652,13,0,84
705,653,13,0,84
705,654,13,0,84
705,655,13,0,84
705,656,13,0,84
705,657,13,0,84
705,658,13,0,84
705,659,13,0,84
705,660,13,0,84
705,661,13,0,84
705,662,13,0,84
705,663,13,0,84
705,664,13,0,84
705,665,13,0,84
705,666,13,0,84
705,667,13,0,84
705,668,13,0,84
705,669,13,0,84
705,670,13,0,84
705,671,13,0,84
705,672,13,0,84
705,673,13,0,84
705,674,13,0,84
705,675,13,0,84
705,676,13,0,84
705,677,13,0,84
705,678,13,0,84
705,679,13,0,84
705,680,13,0,84
705,681,13,0,84
705,682,13,0,84
705,683,13,0,84
705,684,13,0,84
705,685,13,0,84
705,686,13,0,84
705,687,13,0,84
705,688,13,0,84
705,689,13,0,84
705,690,13,0,84
705,691,13,0,84
705,692,13,0,84
705,693,13,0,84
705,694,13,0,84
705,695,13,0,84
705,696,13,0,84
705,697,13,0,84
705,698,13,0,84
705,699,13,0,84
705,700,13,0,84
705,701,13,0,84
705,702,13,0,84
705,703,13,0,84
705,704,13,0,84
705,706,13,0,84
705,707,13,0,84
705,708,13,0,84
705,709,13,0,84
705,710,13,0,84
705,711,13,0,84
705,712,13,0,84
705,713,13,0,84
705,714,13,0,84
705,715,13,0,84
705,716,13,0,84
705,717,13,0,84
705,718,13,0,84
705,719,13,0,84
705,720,13,0,84
705,721,13,0,84
705,722,13,0,84
705,723,13,0,84
705,724,13,0,84
707,625,363,0,86
707,626,363,0,86
707,627,363,0,86
707,628,363,0,86
707,629,363,0,86
707,630,363,0,86
707,631,363,0,86
707,632,363,0,86
707,633,363,0,86
707,634,363,0,86
707,635,363,0,86
707,636,363,0,86
707,637,363,0,86
707,638,363,0,86
707,639,363,0,86
707,640,363,0,86
707,641,363,0,86
707,642,363,0,86
707,643,363,0,86
707,644,363,0,86
707,645,363,0,86
707,646,363,0,86
707,647,363,0,86
707,648,363,0,86
707,649,363,0,86
707,650,363,0,86
707,651,363,0,86
707,652,363,0,86
707,653,363,0,86
707,654,363,0,86
707,655,363,0,86
707,656,363,0,86
707,657,363,0,86
707,658,363,0,86
707,659,363,0,86
707,660,363,0,86
707,661,363,0,86
707,662,363,0,86
707,663,363,0,86
707,664,363,0,86
707,665,363,0,86
707,666,363,0,86
707,667,363,0,86
707,668,363,0,86
707,669,363,0,86
707,670,363,0,86
707,671,363,0,86
707,672,363,0,86
707,673,363,0,86
707,674,363,0,86
707,675,363,0,86
707,676,363,0,86
707,677,363,0,86
707,678,363,0,86
707,679,363,0,86
707,680,363,0,86
707,681,363,0,86
707,682,363,0,86
707,683,363,0,86
707,684,363,0,86
707,685,363,0,86
707,686,363,0,86
707,687,363,0,86
707,688,363,0,86
707,689,363,0,86
707,690,363,0,86
707,691,363,0,86
707,692,363,0,86
707,693,363,0,86
707,694,363,0,86
707,695,363,0,86
707,696,363,0,86
707,697,363,0,86
707,698,363,0,86
707,699,363,0,86
707,700,363,0,86
707,701,363,0,86
707,702,363,0,86
707,703,363,0,86
707,704,363,0,86
707,705,363,0,86
707,706,363,0,86
707,708,363,0,86
707,709,363,0,86
707,710,363,0,86
707,711,363,0,86
707,712,363,0,86
707,713,363,0,86
707,714,363,0,86
707,715,363,0,86
707,716,363,0,86
707,717,363,0,86
707,718,363,0,86
707,719,363,0,86
707,720,363,0,86
707,721,363,0,86
707,722,363,0,86
707,723,363,0,86
707,724,363,0,86
709,625,138,0,88
709,626,138,0,88
709,627,138,0,88
709,628,138,0,88
709,629,138,0,88
709,630,138,0,88
709,631,138,0,88
709,632,138,0,88
709,633,138,0,88
709,634,138,0,88
709,635,138,0,88
709,636,138,0,88
709,637,138,0,88
709,638,138,0,88
709,639,138,0,88
709,640,138,0,88
709,641,138,0,88
709,642,138,0,88
709,643,138,0,88
709,644,138,0,88
709,645,138,0,88
709,646,138,0,88
709,647,138,0,88
709,648,138,0,88
709,649,138,0,88
709,650,138,0,88
709,651,138,0,88
709,652,138,0,88
709,653,138,0,88
709,654,138,0,88
709,655,138,0,88
709,656,138,0,88
709,657,138,0,88
709,658,138,0,88
709,659,138,0,88
709,660,138,0,88
709,661,138,0,88
709,662,138,0,88
709,663,138,0,88
709,664,138,0,88
709,665,138,0,88
709,666,138,0,88
709,667,138,0,88
709,668,138,0,88
709,669,138,0,88
709,670,138,0,88
709,671,138,0,88
709,672,138,0,88
709,673,138,0,88
709,674,138,0,88
709,675,138,0,88
709,676,138,0,88
709,677,138,0,88
709,678,138,0,88
709,679,138,0,88
709,680,138,0,88
709,681,138,0,88
709,682,138,0,88
709,683,138,0,88
709,684,138,0,88
709,685,138,0,88
709,686,138,0,88
709,687,138,0,88
709,688,138,0,88
709,689,138,0,88
709,690,138,0,88
709,691,138,0,88
709,692,138,0,88
709,693,138,0,88
709,694,138,0,88
709,695,138,0,88
709,696,138,0,88
709,697,138,0,88
709,698,138,0,88
709,699,138,0,88
709,700,138,0,88
709,701,138,0,88
709,702,138,0,88
709,703,138,0,88
709,704,138,0,88
709,705,138,0,88
709,706,138,0,88
709,707,138,0,88
709,708,138,0,88
709,710,138,0,88
709,711,138,0,88
709,712,138,0,88
709,713,138,0,88
709,714,138,0,88
709,715,138,0,88
709,716,138,0,88
709,717,138,0,88
709,718,138,0,88
709,719,138,0,88
709,720,138,0,88
709,721,138,0,88
709,722,138,0,88
709,723,138,0,88
709,724,138,0,88
714,625,501,0,93
714,626,501,0,93
714,627,501,0,93
714,628,501,0,93
714,629,501,0,93
714,630,501,0,93
714,631,501,0,93
714,632,501,0,93
714,633,501,0,93
714,634,501,0,93
714,635,501,0,93
714,636,501,0,93
714,637,501,0,93
714,638,501,0,93
714,639,501,0,93
714,640,501,0,93
714,641,501,0,93
714,642,501,0,93
714,643,501,0,93
714,644,501,0,93
714,645,501,0,93
714,646,501,0,93
714,647,501,0,93
714,648,501,0,93
714,649,501,0,93
714,650,501,0,93
714,651,501,0,93
714,652,501,0,93
714,653,501,0,93
714,654,501,0,93
714,655,501,0,93
714,656,501,0,93
714,657,501,0,93
714,658,501,0,93
714,659,501,0,93
714,660,501,0,93
714,661,501,0,93
714,662,501,0,93
714,663,501,0,93
714,664,501,0,93
714,665,501,0,93
714,666,501,0,93
714,667,501,0,93
714,668,501,0,93
714,669,501,0,93
714,670,501,0,93
714,671,501,0,93
714,672,501,0,93
714,673,501,0,93
714,674,501,0,93
714,675,501,0,93
714,676,501,0,93
714,677,501,0,93
714,678,501,0,93
714,679,501,0,93
714,680,501,0,93
714,681,501,0,93
714,682,501,0,93
714,683,501,0,93
714,684,501,0,93
714,685,501,0,93
714,686,501,0,93
714,687,501,0,93
714,688,501,0,93
714,689,501,0,93
714,690,501,0,93
714,691,501,0,93
714,692,501,0,93
714,693,501,0,93
714,694,501,0,93
714,695,501,0,93
714,696,501,0,93
714,697,501,0,93
714,698,501,0,93
714,699,501,0,93
714,700,501,0,93
714,701,501,0,93
714,702,501,0,93
714,703,501,0,93
714,704,501,0,93
714,705,501,0,93
714,706,501,0,93
714,707,501,0,93
714,708,501,0,93
714,709,501,0,93
714,710,501,0,93
714,711,501,0,93
714,712,501,0,93
714,713,501,0,93
714,715,501,0,93
714,716,501,0,93
714,717,501,0,93
714,718,501,0,93
714,719,501,0,93
714,720,501,0,93
714,721,501,0,93
714,722,501,0,93
714,723,501,0,93
714,724,501,0,93
716,625,185,0,95
716,626,185,0,95
716,627,185,0,95
716,628,185,0,95
716,629,185,0,95
716,630,185,0,95
716,631,185,0,95
716,632,185,0,95
716,633,185,0,95
716,634,185,0,95
716,635,185,0,95
716,636,185,0,95
716,637,185,0,95
716,638,185,0,95
716,639,185,0,95
716,640,185,0,95
716,641,185,0,95
716,642,185,0,95
716,643,185,0,95
716,644,185,0,95
716,645,185,0,95
716,646,185,0,95
716,647,185,0,95
716,648,185,0,95
716,649,185,0,95
716,650,185,0,95
716,651,185,0,95
716,652,185,0,95
716,653,185,0,95
716,654,185,0,95
716,655,185,0,95
716,656,185,0,95
716,657,185,0,95
716,658,185,0,95
716,659,185,0,95
716,660,185,0,95
716,661,185,0,95
716,662,185,0,95
716,663,185,0,95
716,664,185,0,95
716,665,185,0,95
716,666,185,0,95
716,667,185,0,95
716,668,185,0,95
716,669,185,0,95
716,670,185,0,95
716,671,185,0,95
716,672,185,0,95
716,673,185,0,95
716,674,185,0,95
716,675,185,0,95
716,676,185,0,95
716,677,185,0,95
716,678,185,0,95
716,679,185,0,95
716,680,185,0,95
716,681,185,0,95
716,682,185,0,95
716,683,185,0,95
716,684,185,0,95
716,685,185,0,95
716,686,185,0,95
716,687,185,0,95
716,688,185,0,95
716,689,185,0,95
716,690,185,0,95
716,691,185,0,95
716,692,185,0,95
716,693,185,0,95
716,694,185,0,95
716,695,185,0,95
716,696,185,0,95
716,697,185,0,95
716,698,185,0,95
716,699,185,0,95
716,700,185,0,95
716,701,185,0,95
716,702,185,0,95
716,703,185,0,95
716,704,185,0,95
716,705,185,0,95
716,706,185,0,95
716,707,185,0,95
716,708,185,0,95
716,709,185,0,95
716,710,185,0,95
716,711,185,0,95
716,712,185,0,95
716,713,185,0,95
716,714,185,0,95
716,715,185,0,95
716,717,185,0,95
716,718,185,0,95
716,719,185,0,95
716,720,185,0,95
716,721,185,0,95
716,722,185,0,95
716,723,185,0,95
716,724,185,0,95
719,625,615,0,98
719,626,615,0,98
719,627,615,0,98
719,628,615,0,98
719,629,615,0,98
719,630,615,0,98
719,631,615,0,98
719,632,615,0,98
719,633,615,0,98
719,634,615,0,98
719,635,615,0,98
719,636,615,0,98
719,637,615,0,98
719,638,615,0,98
719,639,615,0,98
719,640,615,0,98
719,641,615,0,98
719,642,615,0,98
719,643,615,0,98
719,644,615,0,98
719,645,615,0,98
719,646,615,0,98
719,647,615,0,98
719,648,615,0,98
719,649,615,0,98
719,650,615,0,98
719,651,615,0,98
719,652,615,0,98
719,653,615,0,98
719,654,615,0,98
719,655,615,0,98
719,656,615,0,98
719,657,615,0,98
719,658,615,0,98
719,659,615,0,98
719,660,615,0,98
719,661,615,0,98
719,662,615,0,98
719,663,615,0,98
719,664,615,0,98
719,665,615,0,98
719,666,615,0,98
719,667,615,0,98
719,668,615,0,98
719,669,615,0,98
719,670,615,0,98
719,671,615,0,98
719,672,615,0,98
719,673,615,0,98
719,674,615,0,98
719,675,615,0,98
719,676,615,0,98
719,677,615,0,98
719,678,615,0,98
719,679,615,0,98
719,680,615,0,98
719,681,615,0,98
719,682,615,0,98
719,683,615,0,98
719,684,615,0,98
719,685,615,0,98
719,686,615,0,98
719,687,615,0,98
719,688,615,0,98
719,689,615,0,98
719,690,615,0,98
719,691,615,0,98
719,692,615,0,98
719,693,615,0,98
719,694,615,0,98
719,695,615,0,98
719,696,615,0,98
719,697,615,0,98
719,698,615,0,98
719,699,615,0,98
719,700,615,0,98
719,701,615,0,98
719,702,615,0,98
719,703,615,0,98
719,704,615,0,98
719,705,615,0,98
719,706,615,0,98
719,707,615,0,98
719,708,615,0,98
719,709,615,0,98
719,710,615,0,98
719,711,615,0,98
719,712,615,0,98
719,713,615,0,98
719,714,615,0,98
719,715,615,0,98
719,716,615,0,98
719,717,615,0,98
719,718,615,0,98
719,720,615,0,98
719,721,615,0,98
719,722,615,0,98
719,723,615,0,98
719,724,615,0,98
720,625,88,0,99
720,626,88,0,99
720,627,88,0,99
720,628,88,0,99
720,629,88,0,99
720,630,88,0,99
720,631,88,0,99
720,632,88,0,99
720,633,88,0,99
720,634,88,0,99
720,635,88,0,99
720,636,88,0,99
720,637,88,0,99
720,638,88,0,99
720,639,88,0,99
720,640,88,0,99
720,641,88,0,99
720,642,88,0,99
720,643,88,0,99
720,644,88,0,99
720,645,88,0,99
720,646,88,0,99
720,647,88,0,99
720,648,88,0,99
720,649,88,0,99
720,650,88,0,99
720,651,88,0,99
720,652,88,0,99
720,653,88,0,99
720,654,88,0,99
720,655,88,0,99
720,656,88,0,99
720,657,88,0,99
720,658,88,0,99
720,659,88,0,99
720,660,88,0,99
720,661,88,0,99
720,662,88,0,99
720,663,88,0,99
720,664,88,0,99
720,665,88,0,99
720,666,88,0,99
720,667,88,0,99
720,668,88,0,99
720,669,88,0,99
720,670,88,0,99
720,671,88,0,99
720,672,88,0,99
720,673,88,0,99
720,674,88,0,99
720,675,88,0,99
720,676,88,0,99
720,677,88,0,99
720,678,88,0,99
720,679,88,0,99
720,680,88,0,99
720,681,88,0,99
720,682,88,0,99
720,683,88,0,99
720,684,88,0,99
720,685,88,0,99
720,686,88,0,99
720,687,88,0,99
720,688,88,0,99
720,689,88,0,99
720,690,88,0,99
720,691,88,0,99
720,692,88,0,99
720,693,88,0,99
720,694,88,0,99
720,695,88,0,99
720,696,88,0,99
720,697,88,0,99
720,698,88,0,99
720,699,88,0,99
720,700,88,0,99
720,701,88,0,99
720,702,88,0,99
720,703,88,0,99
720,704,88,0,99
720,705,88,0,99
720,706,88,0,99
720,707,88,0,99
720,708,88,0,99
720,709,88,0,99
720,710,88,0,99
720,711,88,0,99
720,712,88,0,99
720,713,88,0,99
720,714,88,0,99
720,715,88,0,99
720,716,88,0,99
720,717,88,0,99
720,718,88,0,99
720,719,88,0,99
720,721,88,0,99
720,722,88,0,99
720,723,88,0,99
720,724,88,0,99
722,625,87,0,101
722,626,87,0,101
722,627,87,0,101
722,628,87,0,101
722,629,87,0,101
722,630,87,0,101
722,631,87,0,101
722,632,87,0,101
722,633,87,0,101
722,634,87,0,101
722,635,87,0,101
722,636,87,0,101
722,637,87,0,101
722,638,87,0,101
722,639,87,0,101
722,640,87,0,101
722,641,87,0,101
722,642,87,0,101
722,643,87,0,101
722,644,87,0,101
722,645,87,0,101
722,646,87,0,101
722,647,87,0,101
722,648,87,0,101
722,649,87,0,101
722,650,87,0,101
722,651,87,0,101
722,652,87,0,101
722,653,87,0,101
722,654,87,0,101
722,655,87,0,101
722,656,87,0,101
722,657,87,0,101
722,658,87,0,101
722,659,87,0,101
722,660,87,0,101
722,661,87,0,101
722,662,87,0,101
722,663,87,0,101
722,664,87,0,101
722,665,87,0,101
722,666,87,0,101
722,667,87,0,101
722,668,87,0,101
722,669,87,0,101
722,670,87,0,101
722,671,87,0,101
722,672,87,0,101
722,673,87,0,101
722,674,87,0,101
722,675,87,0,101
722,676,87,0,101
722,677,87,0,101
722,678,87,0,101
722,679,87,0,101
722,680,87,0,101
722,681,87,0,101
722,682,87,0,101
722,683,87,0,101
722,684,87,0,101
722,685,87,0,101
722,686,87,0,101
722,687,87,0,101
722,688,87,0,101
722,689,87,0,101
722,690,87,0,101
722,691,87,0,101
722,692,87,0,101
722,693,87,0,101
722,694,87,0,101
722,695,87,0,101
722,696,87,0,101
722,697,87,0,101
722,698,87,0,101
722,699,87,0,101
722,700,87,0,101
722,701,87,0,101
722,702,87,0,101
722,703,87,0,101
722,704,87,0,101
722,705,87,0,101
722,706,87,0,101
722,707,87,0,101
722,708,87,0,101
722,709,87,0,101
722,710,87,0,101
722,711,87,0,101
722,712,87,0,101
722,713,87,0,101
722,714,87,0,101
722,715,87,0,101
722,716,87,0,101
722,717,87,0,101
722,718,87,0,101
722,719,87,0,101
722,720,87,0,101
722,721,87,0,101
722,723,87,0,101
722,724,87,0,101
724,625,356,0,103
724,626,356,0,103
724,627,356,0,103
724,628,356,0,103
724,629,356,0,103
724,630,356,0,103
724,631,356,0,103
724,632,356,0,103
724,633,356,0,103
724,634,356,0,103
724,635,356,0,103
724,636,356,0,103
724,637,356,0,103
724,638,356,0,103
724,639,356,0,103
724,640,356,0,103
724,641,356,0,103
724,642,356,0,103
724,643,356,0,103
724,644,356,0,103
724,645,356,0,103
724,646,356,0,103
724,647,356,0,103
724,648,356,0,103
724,649,356,0,103
724,650,356,0,103
724,651,356,0,103
724,652,356,0,103
724,653,356,0,103
724,654,356,0,103
724,655,356,0,103
724,656,356,0,103
724,657,356,0,103
724,658,356,0,103
724,659,356,0,103
724,660,356,0,103
724,661,356,0,103
724,662,356,0,103
724,663,356,0,103
724,664,356,0,103
724,665,356,0,103
724,666,356,0,103
724,667,356,0,103
724,668,356,0,103
724,669,356,0,103
724,670,356,0,103
724,671,356,0,103
724,672,356,0,103
724,673,356,0,103
724,674,356,0,103
724,675,356,0,103
724,676,356,0,103
724,677,356,0,103
724,678,356,0,103
724,679,356,0,103
724,680,356,0,103
724,681,356,0,103
724,682,356,0,103
724,683,356,0,103
724,684,356,0,103
724,685,356,0,103
724,686,356,0,103
724,687,356,0,103
724,688,356,0,103
724,689,356,0,103
724,690,356,0,103
724,691,356,0,103
724,692,356,0,103
724,693,356,0,103
724,694,356,0,103
724,695,356,0,103
724,696,356,0,103
724,697,356,0,103
724,698,356,0,103
724,699,356,0,103
724,700,356,0,103
724,701,356,0,103
724,702,356,0,103
724,703,356,0,103
724,704,356,0,103
724,705,356,0,103
724,706,356,0,103
724,707,356,0,103
724,708,356,0,103
724,709,356,0,103
724,710,356,0,103
724,711,356,0,103
724,712,356,0,103
724,713,356,0,103
724,714,356,0,103
724,715,356,0,103
724,716,356,0,103
724,717,356,0,103
724,718,356,0,103
724,719,356,0,103
724,720,356,0,103
724,721,356,0,103
724,722,356,0,103
724,723,356,0,103
