0,637,1,0,0
0,643,25,1,0
0,647,25,1,0
0,649,1,0,0
0,651,1,0,0
0,653,25,1,0
0,662,24,2,1
0,663,1,0,0
0,669,24,2,1
0,671,25,1,0
0,674,1,0,0
0,680,24,2,1
0,682,1,0,0
0,683,1,0,0
0,686,24,2,1
0,688,25,1,0
0,696,1,0,0
0,699,24,2,1
0,705,1,0,0
0,707,1,0,0
0,709,1,0,0
0,714,24,2,1
0,717,1,0,0
0,720,1,0,0
1,641,2,1,0
1,643,26,2,0
1,647,26,2,0
1,653,26,2,0
1,662,0,0,0
1,666,2,1,0
1,669,2,1,0
1,671,26,2,0
1,677,2,1,0
1,680,0,0,0
1,686,2,1,0
1,688,26,2,0
1,699,0,0,0
1,700,2,1,0
1,704,2,1,0
1,714,0,0,0
1,715,2,1,0
1,718,2,1,0
1,723,2,1,0
2,626,3,1,0
2,628,3,1,0
2,635,3,1,0
2,642,3,1,0
2,643,27,2,0
2,645,3,1,0
2,650,3,1,0
2,653,3,1,0
2,662,1,0,1
2,671,27,2,0
2,678,3,1,0
2,695,3,1,0
2,699,1,0,1
2,719,3,1,0
3,643,28,2,0
3,662,2,0,1
3,699,2,0,1
4,643,29,2,0
4,653,29,2,0
4,662,5,1,0
4,668,29,2,0
4,671,29,2,0
4,681,29,2,0
4,690,29,2,0
4,699,5,1,0
5,639,30,2,0
5,643,30,2,0
5,647,30,2,0
5,653,30,2,0
5,662,6,1,0
5,669,6,1,0
5,671,30,2,0
5,686,6,1,0
5,688,30,2,0
5,699,6,1,0
6,629,31,2,0
6,634,31,2,0
6,643,31,2,0
6,647,31,2,0
6,653,31,2,0
6,654,606,3,3
6,662,7,1,0
6,663,606,3,3
6,669,7,1,0
6,671,31,2,0
6,680,7,1,0
6,686,7,1,0
6,687,31,2,0
6,688,31,2,0
6,699,7,1,0
6,714,7,1,0
6,717,31,2,0
7,643,32,2,0
7,644,8,1,0
7,647,32,2,0
7,652,32,2,0
7,653,32,2,0
7,662,8,1,0
7,663,607,3,3
7,669,8,1,0
7,671,32,2,0
7,680,8,1,0
7,686,8,1,0
7,688,32,2,0
7,699,8,1,0
7,714,8,1,0
7,717,32,2,0
8,643,33,2,0
8,644,9,1,0
8,647,33,2,0
8,652,33,2,0
8,653,33,2,0
8,662,9,1,0
8,663,608,3,3
8,669,9,1,0
8,671,33,2,0
8,680,9,1,0
8,686,9,1,0
8,688,33,2,0
8,699,9,1,0
8,701,33,2,0
8,703,33,2,0
8,714,9,1,0
8,717,33,2,0
9,643,34,2,0
9,644,34,2,0
9,647,34,2,0
9,652,34,2,0
9,653,34,2,0
9,661,10,1,0
9,662,609,3,3
9,669,34,2,0
9,671,34,2,0
9,680,609,3,3
9,686,34,2,0
9,688,34,2,0
9,699,34,2,0
9,703,34,2,0
9,714,34,2,0
10,643,9,0,1
10,644,35,2,0
10,647,9,0,1
10,653,9,0,1
10,655,35,2,0
10,661,11,1,0
10,662,610,3,3
10,663,9,0,1
10,664,9,0,1
10,669,35,2,0
10,671,9,0,1
10,672,9,0,1
10,680,610,3,3
10,686,35,2,0
10,688,9,0,1
10,699,35,2,0
10,701,9,0,1
10,703,9,0,1
10,712,9,0,1
10,714,35,2,0
10,717,9,0,1
11,643,10,0,1
11,644,36,2,0
11,647,10,0,1
11,653,10,0,1
11,661,12,1,0
11,662,611,3,3
11,663,10,0,1
11,669,36,2,0
11,671,10,0,1
11,680,611,3,3
11,686,36,2,0
11,688,10,0,1
11,699,36,2,0
11,703,10,0,1
11,714,36,2,0
11,717,10,0,1
12,632,13,1,0
12,643,11,0,1
12,647,11,0,1
12,653,11,0,1
12,661,661,40,0
12,662,612,3,3
12,663,11,0,1
12,665,13,1,0
12,669,37,2,0
12,671,11,0,1
12,680,612,3,3
12,686,37,2,0
12,688,11,0,1
12,699,37,2,0
12,714,37,2,0
12,717,11,0,1
13,643,12,0,1
13,647,12,0,1
13,653,12,0,1
13,662,613,3,3
13,663,12,0,1
13,669,38,2,0
13,671,12,0,1
13,680,14,1,0
13,686,38,2,0
13,688,12,0,1
13,699,38,2,0
13,714,14,1,0
13,717,12,0,1
14,643,13,0,1
14,653,13,0,1
14,656,15,1,0
14,662,614,3,3
14,671,13,0,1
14,688,15,1,0
14,699,39,2,0
14,704,13,0,1
15,630,16,1,0
15,643,14,0,1
15,648,16,1,0
15,653,14,0,1
15,659,16,1,0
15,662,16,1,0
15,671,16,1,0
15,676,16,1,0
15,699,16,1,0
16,643,17,1,0
16,662,616,3,3
16,671,17,1,0
16,691,616,3,3
16,699,41,2,0
17,643,18,1,0
17,653,18,1,0
17,662,617,3,3
17,671,18,1,0
17,684,617,3,3
17,688,18,1,0
17,693,42,2,0
17,699,42,2,0
18,631,618,3,3
18,643,19,1,0
18,647,19,1,0
18,653,19,1,0
18,662,618,3,3
18,669,43,2,0
18,671,19,1,0
18,673,43,2,0
18,680,618,3,3
18,686,43,2,0
18,688,19,1,0
18,699,43,2,0
18,713,43,2,0
18,714,43,2,0
18,724,43,2,0
19,633,44,2,0
19,643,20,1,0
19,647,20,1,0
19,653,20,1,0
19,658,619,3,3
19,662,619,3,3
19,663,20,1,0
19,669,44,2,0
19,671,20,1,0
19,680,619,3,3
19,686,44,2,0
19,688,20,1,0
19,689,619,3,3
19,698,44,2,0
19,699,44,2,0
19,710,619,3,3
19,714,44,2,0
19,717,20,1,0
20,643,21,1,0
20,644,45,2,0
20,647,21,1,0
20,653,21,1,0
20,661,19,0,1
20,662,620,3,3
20,663,21,1,0
20,669,45,2,0
20,671,21,1,0
20,680,620,3,3
20,685,45,2,0
20,686,45,2,0
20,688,21,1,0
20,699,45,2,0
20,714,45,2,0
20,717,21,1,0
21,643,22,1,0
21,644,46,2,0
21,647,22,1,0
21,653,22,1,0
21,655,46,2,0
21,661,20,0,1
21,662,621,3,3
21,663,22,1,0
21,669,46,2,0
21,671,22,1,0
21,680,621,3,3
21,686,46,2,0
21,688,22,1,0
21,699,46,2,0
21,701,22,1,0
21,703,22,1,0
21,714,46,2,0
21,717,22,1,0
22,643,47,2,0
22,644,47,2,0
22,646,23,1,0
22,647,47,2,0
22,652,47,2,0
22,653,47,2,0
22,661,21,0,1
22,662,622,3,3
22,664,23,1,0
22,669,47,2,0
22,671,47,2,0
22,672,23,1,0
22,680,622,3,3
22,686,47,2,0
22,688,47,2,0
22,699,47,2,0
22,703,47,2,0
22,706,23,1,0
22,712,23,1,0
22,714,47,2,0
22,716,23,1,0
22,721,23,1,0
23,638,24,1,0
23,643,48,2,0
23,644,22,0,1
23,647,48,2,0
23,652,48,2,0
23,653,48,2,0
23,662,22,0,1
23,663,623,3,3
23,669,22,0,1
23,671,48,2,0
23,680,22,0,1
23,686,22,0,1
23,688,48,2,0
23,692,24,1,0
23,694,24,1,0
23,699,22,0,1
23,703,24,1,0
23,714,22,0,1
23,717,48,2,0
24,627,0,1,2
24,636,0,1,2
24,643,49,2,0
24,644,0,1,2
24,647,49,2,0
24,652,0,1,2
24,653,49,2,0
24,657,0,1,2
24,662,23,0,1
24,663,624,3,3
24,669,23,0,1
24,671,49,2,0
24,680,23,0,1
24,686,23,0,1
24,688,49,2,0
24,697,0,1,2
24,699,23,0,1
24,702,0,1,2
24,708,0,1,2
24,714,23,0,1
24,717,49,2,0
24,722,0,1,2
25,637,26,1,1
25,643,50,2,0
25,647,50,2,0
25,649,26,1,1
25,651,26,1,1
25,653,50,2,0
25,660,26,1,1
25,662,49,3,2
25,663,26,1,1
25,669,49,3,2
25,671,50,2,0
25,674,26,1,1
25,680,49,3,2
25,682,26,1,1
25,683,26,1,1
25,686,49,3,2
25,688,50,2,0
25,696,26,1,1
25,699,49,3,2
25,705,26,1,1
25,707,26,1,1
25,709,26,1,1
25,714,49,3,2
25,717,26,1,1
25,720,26,1,1
26,625,27,2,1
26,641,27,2,1
26,643,51,3,0
26,647,51,3,0
26,653,51,3,0
26,662,25,1,1
26,666,27,2,1
26,669,27,2,1
26,671,51,3,0
26,677,27,2,1
26,680,25,1,1
26,686,27,2,1
26,688,51,3,0
26,699,25,1,1
26,704,27,2,1
26,714,25,1,1
26,715,27,2,1
26,718,27,2,1
26,723,27,2,1
27,626,28,2,1
27,628,28,2,1
27,635,28,2,1
27,642,28,2,1
27,643,52,3,0
27,645,28,2,1
27,650,28,2,1
27,653,28,2,1
27,662,26,1,2
27,671,52,3,0
27,678,28,2,1
27,695,28,2,1
27,699,26,1,2
27,719,28,2,1
28,643,53,3,0
28,662,27,1,2
28,699,27,1,2
29,643,54,3,0
29,653,54,3,0
29,662,30,2,1
29,668,54,3,0
29,671,54,3,0
29,681,54,3,0
29,690,54,3,0
29,699,30,2,1
30,639,55,3,0
30,643,55,3,0
30,647,55,3,0
30,653,55,3,0
30,662,31,2,1
30,669,31,2,1
30,671,55,3,0
30,686,31,2,1
30,688,55,3,0
30,699,31,2,1
31,629,56,3,0
31,634,56,3,0
31,643,56,3,0
31,647,56,3,0
31,653,56,3,0
31,654,6,0,2
31,662,32,2,1
31,663,6,0,2
31,669,32,2,1
31,671,56,3,0
31,680,32,2,1
31,686,32,2,1
31,687,56,3,0
31,688,56,3,0
31,699,32,2,1
31,714,32,2,1
31,717,56,3,0
32,643,57,3,0
32,644,33,2,1
32,647,57,3,0
32,653,57,3,0
32,662,33,2,1
32,663,7,0,2
32,669,33,2,1
32,671,57,3,0
32,680,33,2,1
32,686,33,2,1
32,688,57,3,0
32,697,57,3,0
32,699,33,2,1
32,714,33,2,1
32,717,57,3,0
33,643,58,3,0
33,644,34,2,1
33,647,58,3,0
33,653,58,3,0
33,662,34,2,1
33,663,8,0,2
33,669,34,2,1
33,671,58,3,0
33,680,34,2,1
33,686,34,2,1
33,688,58,3,0
33,697,58,3,0
33,699,34,2,1
33,701,58,3,0
33,703,58,3,0
33,714,34,2,1
33,717,58,3,0
34,643,59,3,0
34,644,59,3,0
34,647,59,3,0
34,653,59,3,0
34,655,35,2,1
34,661,9,0,2
34,662,9,0,2
34,671,59,3,0
34,680,9,0,2
34,686,59,3,0
34,688,59,3,0
34,697,59,3,0
34,699,59,3,0
34,701,59,3,0
34,703,59,3,0
34,714,59,3,0
34,717,59,3,0
35,643,34,1,2
35,644,60,3,0
35,647,34,1,2
35,653,34,1,2
35,655,655,34,0
35,661,10,0,2
35,662,10,0,2
35,663,34,1,2
35,664,34,1,2
35,669,60,3,0
35,671,34,1,2
35,672,34,1,2
35,680,10,0,2
35,686,60,3,0
35,688,34,1,2
35,699,60,3,0
35,701,34,1,2
35,703,34,1,2
35,712,34,1,2
35,714,60,3,0
35,717,34,1,2
36,643,35,1,2
36,644,61,3,0
36,647,35,1,2
36,653,35,1,2
36,661,11,0,2
36,662,11,0,2
36,663,35,1,2
36,669,61,3,0
36,671,35,1,2
36,680,11,0,2
36,686,61,3,0
36,688,35,1,2
36,699,61,3,0
36,703,35,1,2
36,714,61,3,0
36,717,35,1,2
37,632,38,2,1
37,643,36,1,2
37,647,36,1,2
37,653,36,1,2
37,661,12,0,2
37,662,12,0,2
37,663,36,1,2
37,665,38,2,1
37,669,62,3,0
37,671,36,1,2
37,680,12,0,2
37,686,62,3,0
37,688,36,1,2
37,699,62,3,0
37,714,62,3,0
37,717,36,1,2
38,643,37,1,2
38,647,37,1,2
38,653,37,1,2
38,662,13,0,2
38,663,37,1,2
38,669,63,3,0
38,671,37,1,2
38,680,39,2,1
38,686,63,3,0
38,688,37,1,2
38,699,63,3,0
38,714,39,2,1
38,717,37,1,2
39,643,38,1,2
39,653,38,1,2
39,656,40,2,1
39,662,14,0,2
39,671,38,1,2
39,688,40,2,1
39,699,64,3,0
39,704,38,1,2
40,630,41,2,1
40,643,39,1,2
40,648,41,2,1
40,653,39,1,2
40,659,41,2,1
40,662,41,2,1
40,671,41,2,1
40,676,41,2,1
40,699,41,2,1
41,643,42,2,1
41,662,16,0,2
41,671,42,2,1
41,691,16,0,2
41,699,66,3,0
42,643,43,2,1
42,653,43,2,1
42,662,17,0,2
42,671,43,2,1
42,684,17,0,2
42,688,43,2,1
42,693,67,3,0
42,699,67,3,0
43,631,18,0,2
43,643,44,2,1
43,647,44,2,1
43,653,44,2,1
43,662,18,0,2
43,667,18,0,2
43,669,68,3,0
43,671,44,2,1
43,680,18,0,2
43,686,68,3,0
43,688,44,2,1
43,699,68,3,0
43,713,68,3,0
43,714,68,3,0
43,724,68,3,0
44,633,69,3,0
44,640,19,0,2
44,643,45,2,1
44,647,45,2,1
44,653,45,2,1
44,658,19,0,2
44,661,19,0,2
44,662,19,0,2
44,663,45,2,1
44,669,69,3,0
44,671,45,2,1
44,680,19,0,2
44,686,69,3,0
44,688,45,2,1
44,689,19,0,2
44,698,69,3,0
44,699,69,3,0
44,710,19,0,2
44,714,69,3,0
44,717,45,2,1
45,643,46,2,1
45,644,70,3,0
45,647,46,2,1
45,653,46,2,1
45,661,20,0,2
45,662,20,0,2
45,663,46,2,1
45,669,70,3,0
45,671,46,2,1
45,680,20,0,2
45,685,70,3,0
45,686,70,3,0
45,688,46,2,1
45,699,70,3,0
45,714,70,3,0
45,717,46,2,1
46,643,47,2,1
46,644,71,3,0
46,647,47,2,1
46,653,47,2,1
46,661,21,0,2
46,662,21,0,2
46,663,47,2,1
46,669,71,3,0
46,671,47,2,1
46,680,21,0,2
46,686,71,3,0
46,688,47,2,1
46,699,71,3,0
46,701,47,2,1
46,703,47,2,1
46,714,71,3,0
46,717,47,2,1
47,643,72,3,0
47,644,72,3,0
47,646,48,2,1
47,647,72,3,0
47,653,72,3,0
47,655,46,1,2
47,661,22,0,2
47,662,22,0,2
47,664,48,2,1
47,671,72,3,0
47,672,48,2,1
47,680,22,0,2
47,686,72,3,0
47,688,72,3,0
47,697,72,3,0
47,699,72,3,0
47,701,72,3,0
47,703,72,3,0
47,706,48,2,1
47,712,48,2,1
47,714,72,3,0
47,716,48,2,1
47,717,72,3,0
47,721,48,2,1
48,638,49,2,1
48,643,73,3,0
48,644,47,1,2
48,647,73,3,0
48,653,73,3,0
48,662,47,1,2
48,663,23,0,2
48,669,47,1,2
48,671,73,3,0
48,680,47,1,2
48,686,47,1,2
48,688,73,3,0
48,692,49,2,1
48,694,49,2,1
48,697,73,3,0
48,699,47,1,2
48,703,49,2,1
48,714,47,1,2
48,717,73,3,0
49,627,25,2,3
49,636,25,2,3
49,643,74,3,0
49,644,25,2,3
49,647,74,3,0
49,652,25,2,3
49,653,74,3,0
49,657,25,2,3
49,662,48,1,2
49,663,24,0,2
49,669,48,1,2
49,671,74,3,0
49,679,25,2,3
49,680,48,1,2
49,686,48,1,2
49,688,74,3,0
49,697,25,2,3
49,699,48,1,2
49,702,25,2,3
49,708,25,2,3
49,714,48,1,2
49,717,74,3,0
49,722,25,2,3
50,637,51,1,1
50,643,75,2,0
50,647,75,2,0
50,649,51,1,1
50,651,51,1,1
50,653,75,2,0
50,660,51,1,1
50,662,74,3,2
50,663,51,1,1
50,669,74,3,2
50,671,75,2,0
50,674,51,1,1
50,680,74,3,2
50,682,51,1,1
50,683,51,1,1
50,686,74,3,2
50,688,75,2,0
50,696,51,1,1
50,699,74,3,2
50,705,51,1,1
50,707,51,1,1
50,709,51,1,1
50,714,74,3,2
50,717,51,1,1
50,720,51,1,1
51,625,52,2,1
51,643,76,3,0
51,647,76,3,0
51,653,76,3,0
51,662,50,1,1
51,666,52,2,1
51,669,52,2,1
51,671,76,3,0
51,677,52,2,1
51,680,50,1,1
51,686,52,2,1
51,688,76,3,0
51,699,50,1,1
51,700,52,2,1
51,704,52,2,1
51,714,50,1,1
51,715,52,2,1
51,718,52,2,1
51,723,52,2,1
52,626,53,2,1
52,628,53,2,1
52,635,53,2,1
52,642,53,2,1
52,643,77,3,0
52,645,53,2,1
52,653,53,2,1
52,662,51,1,2
52,671,77,3,0
52,678,53,2,1
52,695,53,2,1
52,699,51,1,2
52,719,53,2,1
53,643,78,3,0
53,662,52,1,2
53,699,52,1,2
54,643,79,3,0
54,653,79,3,0
54,662,55,2,1
54,668,79,3,0
54,671,79,3,0
54,681,79,3,0
54,690,79,3,0
54,699,55,2,1
55,639,80,3,0
55,643,80,3,0
55,647,80,3,0
55,653,80,3,0
55,662,56,2,1
55,669,56,2,1
55,671,80,3,0
55,686,56,2,1
55,688,80,3,0
55,699,56,2,1
56,629,81,3,0
56,634,81,3,0
56,643,81,3,0
56,647,81,3,0
56,653,81,3,0
56,654,31,0,3
56,662,57,2,1
56,663,31,0,3
56,669,57,2,1
56,671,81,3,0
56,680,57,2,1
56,686,57,2,1
56,687,81,3,0
56,688,81,3,0
56,699,57,2,1
56,714,57,2,1
56,717,81,3,0
57,643,82,3,0
57,644,58,2,1
57,647,82,3,0
57,653,82,3,0
57,662,58,2,1
57,663,32,0,3
57,669,58,2,1
57,671,82,3,0
57,680,58,2,1
57,686,58,2,1
57,688,82,3,0
57,699,58,2,1
57,714,58,2,1
57,717,82,3,0
58,643,83,3,0
58,644,59,2,1
58,647,83,3,0
58,653,83,3,0
58,662,59,2,1
58,663,33,0,3
58,669,59,2,1
58,671,83,3,0
58,680,59,2,1
58,686,59,2,1
58,688,83,3,0
58,699,59,2,1
58,701,83,3,0
58,703,83,3,0
58,714,59,2,1
58,717,83,3,0
59,643,84,3,0
59,644,84,3,0
59,647,84,3,0
59,653,84,3,0
59,655,34,0,3
59,658,84,3,0
59,662,34,0,3
59,671,84,3,0
59,686,84,3,0
59,688,84,3,0
59,699,84,3,0
59,701,84,3,0
59,703,84,3,0
59,714,84,3,0
59,717,84,3,0
60,643,59,1,2
60,644,85,3,0
60,647,59,1,2
60,653,59,1,2
60,655,35,0,3
60,658,85,3,0
60,662,35,0,3
60,663,59,1,2
60,664,59,1,2
60,669,85,3,0
60,671,59,1,2
60,672,59,1,2
60,680,85,3,0
60,686,85,3,0
60,688,59,1,2
60,699,85,3,0
60,701,59,1,2
60,703,59,1,2
60,712,59,1,2
60,714,85,3,0
60,717,59,1,2
61,643,60,1,2
61,644,86,3,0
61,647,60,1,2
61,653,60,1,2
61,658,86,3,0
61,662,36,0,3
61,663,60,1,2
61,669,86,3,0
61,671,60,1,2
61,680,86,3,0
61,686,86,3,0
61,688,60,1,2
61,699,86,3,0
61,703,60,1,2
61,714,86,3,0
61,717,60,1,2
62,632,63,2,1
62,643,61,1,2
62,647,61,1,2
62,653,61,1,2
62,658,87,3,0
62,662,37,0,3
62,663,61,1,2
62,665,63,2,1
62,669,87,3,0
62,671,61,1,2
62,680,87,3,0
62,686,87,3,0
62,688,61,1,2
62,699,87,3,0
62,714,87,3,0
62,717,61,1,2
63,643,62,1,2
63,647,62,1,2
63,653,62,1,2
63,662,38,0,3
63,663,62,1,2
63,669,88,3,0
63,671,62,1,2
63,680,64,2,1
63,686,88,3,0
63,688,62,1,2
63,699,88,3,0
63,714,64,2,1
63,717,62,1,2
64,643,63,1,2
64,653,63,1,2
64,656,65,2,1
64,662,39,0,3
64,671,63,1,2
64,688,65,2,1
64,699,89,3,0
64,704,63,1,2
65,630,66,2,1
65,643,64,1,2
65,648,66,2,1
65,653,64,1,2
65,659,66,2,1
65,662,66,2,1
65,671,66,2,1
65,676,66,2,1
65,699,66,2,1
66,643,67,2,1
66,662,41,0,3
66,671,67,2,1
66,691,41,0,3
66,699,91,3,0
67,643,68,2,1
67,653,68,2,1
67,662,42,0,3
67,671,68,2,1
67,684,42,0,3
67,688,68,2,1
67,699,92,3,0
68,631,43,0,3
68,643,69,2,1
68,647,69,2,1
68,653,69,2,1
68,662,43,0,3
68,667,43,0,3
68,669,93,3,0
68,671,69,2,1
68,673,43,0,3
68,680,93,3,0
68,686,93,3,0
68,688,69,2,1
68,699,93,3,0
68,714,93,3,0
68,724,93,3,0
69,633,94,3,0
69,640,44,0,3
69,643,70,2,1
69,647,70,2,1
69,653,70,2,1
69,658,94,3,0
69,661,44,0,3
69,662,44,0,3
69,663,70,2,1
69,669,94,3,0
69,671,70,2,1
69,680,94,3,0
69,686,94,3,0
69,688,70,2,1
69,689,44,0,3
69,698,94,3,0
69,699,94,3,0
69,710,44,0,3
69,714,94,3,0
69,717,70,2,1
70,643,71,2,1
70,644,95,3,0
70,647,71,2,1
70,653,71,2,1
70,658,95,3,0
70,662,45,0,3
70,663,71,2,1
70,669,95,3,0
70,671,71,2,1
70,680,95,3,0
70,685,95,3,0
70,686,95,3,0
70,688,71,2,1
70,699,95,3,0
70,714,95,3,0
70,717,71,2,1
71,643,72,2,1
71,644,96,3,0
71,647,72,2,1
71,653,72,2,1
71,655,46,0,3
71,658,96,3,0
71,662,46,0,3
71,663,72,2,1
71,669,96,3,0
71,671,72,2,1
71,680,96,3,0
71,686,96,3,0
71,688,72,2,1
71,699,96,3,0
71,701,72,2,1
71,703,72,2,1
71,714,96,3,0
71,717,72,2,1
72,643,97,3,0
72,644,97,3,0
72,647,97,3,0
72,653,97,3,0
72,655,47,0,3
72,658,97,3,0
72,662,47,0,3
72,664,73,2,1
72,671,97,3,0
72,672,73,2,1
72,686,97,3,0
72,688,97,3,0
72,699,97,3,0
72,701,97,3,0
72,703,97,3,0
72,706,73,2,1
72,712,73,2,1
72,714,97,3,0
72,716,73,2,1
72,717,97,3,0
72,721,73,2,1
73,638,74,2,1
73,643,98,3,0
73,644,72,1,2
73,647,98,3,0
73,653,98,3,0
73,662,72,1,2
73,663,48,0,3
73,669,72,1,2
73,671,98,3,0
73,680,72,1,2
73,686,72,1,2
73,688,98,3,0
73,692,74,2,1
73,694,74,2,1
73,699,72,1,2
73,703,74,2,1
73,714,72,1,2
73,717,98,3,0
74,627,50,2,3
74,636,50,2,3
74,643,99,3,0
74,644,50,2,3
74,647,99,3,0
74,652,50,2,3
74,653,99,3,0
74,657,50,2,3
74,662,73,1,2
74,663,49,0,3
74,669,73,1,2
74,671,99,3,0
74,679,50,2,3
74,680,73,1,2
74,686,73,1,2
74,688,99,3,0
74,697,50,2,3
74,699,73,1,2
74,702,50,2,3
74,708,50,2,3
74,714,73,1,2
74,717,99,3,0
74,722,50,2,3
75,637,76,1,1
75,643,100,2,0
75,647,100,2,0
75,649,76,1,1
75,651,76,1,1
75,653,100,2,0
75,660,76,1,1
75,662,99,3,2
75,663,76,1,1
75,669,99,3,2
75,671,100,2,0
75,674,76,1,1
75,680,99,3,2
75,682,76,1,1
75,683,76,1,1
75,686,99,3,2
75,688,100,2,0
75,696,76,1,1
75,699,99,3,2
75,705,76,1,1
75,707,76,1,1
75,709,76,1,1
75,714,99,3,2
75,717,76,1,1
75,720,76,1,1
76,625,77,2,1
76,641,77,2,1
76,643,101,3,0
76,647,101,3,0
76,653,101,3,0
76,662,75,1,1
76,666,77,2,1
76,669,77,2,1
76,671,101,3,0
76,677,77,2,1
76,680,75,1,1
76,686,77,2,1
76,688,101,3,0
76,699,75,1,1
76,700,77,2,1
76,704,77,2,1
76,714,75,1,1
76,715,77,2,1
76,718,77,2,1
76,723,77,2,1
77,626,78,2,1
77,628,78,2,1
77,635,78,2,1
77,643,102,3,0
77,645,78,2,1
77,650,78,2,1
77,653,78,2,1
77,662,76,1,2
77,671,102,3,0
77,678,78,2,1
77,695,78,2,1
77,699,76,1,2
77,719,78,2,1
78,643,103,3,0
78,662,77,1,2
78,699,77,1,2
79,643,104,3,0
79,653,104,3,0
79,662,80,2,1
79,668,104,3,0
79,671,104,3,0
79,681,104,3,0
79,699,80,2,1
80,639,105,3,0
80,643,105,3,0
80,647,105,3,0
80,653,105,3,0
80,662,81,2,1
80,669,81,2,1
80,671,105,3,0
80,686,81,2,1
80,688,105,3,0
80,699,81,2,1
81,629,106,3,0
81,634,106,3,0
81,637,106,3,0
81,643,106,3,0
81,647,106,3,0
81,653,106,3,0
81,654,56,0,3
81,662,82,2,1
81,663,56,0,3
81,669,82,2,1
81,671,106,3,0
81,680,82,2,1
81,686,82,2,1
81,687,106,3,0
81,688,106,3,0
81,699,82,2,1
81,714,82,2,1
81,717,106,3,0
82,637,107,3,0
82,643,107,3,0
82,644,83,2,1
82,647,107,3,0
82,653,107,3,0
82,662,83,2,1
82,663,57,0,3
82,669,83,2,1
82,671,107,3,0
82,680,83,2,1
82,686,83,2,1
82,688,107,3,0
82,699,83,2,1
82,714,83,2,1
82,717,107,3,0
83,637,108,3,0
83,643,108,3,0
83,644,84,2,1
83,647,108,3,0
83,653,108,3,0
83,662,84,2,1
83,663,58,0,3
83,669,84,2,1
83,671,108,3,0
83,680,84,2,1
83,686,84,2,1
83,688,108,3,0
83,699,84,2,1
83,701,108,3,0
83,703,108,3,0
83,714,84,2,1
83,717,108,3,0
84,637,109,3,0
84,643,109,3,0
84,647,109,3,0
84,653,109,3,0
84,655,59,0,3
84,662,59,0,3
84,663,59,0,3
84,669,85,2,1
84,671,109,3,0
84,686,109,3,0
84,688,109,3,0
84,699,85,2,1
84,701,109,3,0
84,703,109,3,0
84,714,109,3,0
84,717,109,3,0
85,643,84,1,2
85,644,110,3,0
85,647,84,1,2
85,653,84,1,2
85,655,60,0,3
85,662,60,0,3
85,663,84,1,2
85,664,84,1,2
85,669,86,2,1
85,671,84,1,2
85,672,84,1,2
85,680,110,3,0
85,686,110,3,0
85,688,84,1,2
85,699,86,2,1
85,701,84,1,2
85,703,84,1,2
85,712,84,1,2
85,714,110,3,0
85,717,84,1,2
86,643,85,1,2
86,644,111,3,0
86,647,85,1,2
86,653,85,1,2
86,662,61,0,3
86,663,85,1,2
86,669,87,2,1
86,671,85,1,2
86,680,111,3,0
86,686,111,3,0
86,688,85,1,2
86,699,87,2,1
86,703,85,1,2
86,714,111,3,0
86,717,85,1,2
87,643,86,1,2
87,647,86,1,2
87,653,86,1,2
87,662,62,0,3
87,663,86,1,2
87,665,88,2,1
87,669,88,2,1
87,671,86,1,2
87,680,112,3,0
87,686,112,3,0
87,688,86,1,2
87,699,88,2,1
87,714,112,3,0
87,717,86,1,2
88,643,87,1,2
88,647,87,1,2
88,653,87,1,2
88,662,63,0,3
88,663,87,1,2
88,669,669,48,0
88,671,87,1,2
88,680,89,2,1
88,686,113,3,0
88,688,87,1,2
88,699,89,2,1
88,714,89,2,1
88,717,87,1,2
89,643,88,1,2
89,653,88,1,2
89,656,90,2,1
89,662,64,0,3
89,671,88,1,2
89,688,90,2,1
89,699,90,2,1
89,704,88,1,2
90,630,91,2,1
90,643,89,1,2
90,648,91,2,1
90,653,89,1,2
90,662,91,2,1
90,671,91,2,1
90,676,91,2,1
90,699,91,2,1
91,643,92,2,1
91,662,66,0,3
91,671,92,2,1
91,691,66,0,3
91,699,699,78,0
92,643,93,2,1
92,653,93,2,1
92,662,67,0,3
92,671,93,2,1
92,684,117,3,0
92,688,93,2,1
92,693,67,0,3
92,699,91,1,2
93,631,118,3,0
93,643,94,2,1
93,647,94,2,1
93,653,94,2,1
93,662,68,0,3
93,667,68,0,3
93,669,92,1,2
93,671,94,2,1
93,673,68,0,3
93,680,118,3,0
93,686,118,3,0
93,688,94,2,1
93,699,92,1,2
93,713,68,0,3
93,714,118,3,0
93,724,118,3,0
94,633,119,3,0
94,640,69,0,3
94,643,95,2,1
94,647,95,2,1
94,653,95,2,1
94,658,119,3,0
94,661,69,0,3
94,662,69,0,3
94,663,95,2,1
94,669,93,1,2
94,671,95,2,1
94,680,119,3,0
94,686,119,3,0
94,688,95,2,1
94,689,69,0,3
94,698,119,3,0
94,699,93,1,2
94,710,119,3,0
94,714,119,3,0
94,717,95,2,1
95,643,96,2,1
95,644,120,3,0
95,647,96,2,1
95,653,96,2,1
95,662,70,0,3
95,663,96,2,1
95,669,94,1,2
95,671,96,2,1
95,680,120,3,0
95,685,120,3,0
95,686,120,3,0
95,688,96,2,1
95,699,94,1,2
95,714,120,3,0
95,717,96,2,1
96,643,97,2,1
96,644,121,3,0
96,647,97,2,1
96,653,97,2,1
96,655,71,0,3
96,662,71,0,3
96,663,97,2,1
96,669,95,1,2
96,671,97,2,1
96,680,121,3,0
96,686,121,3,0
96,688,97,2,1
96,699,95,1,2
96,701,97,2,1
96,703,97,2,1
96,714,121,3,0
96,717,97,2,1
97,637,122,3,0
97,643,122,3,0
97,646,98,2,1
97,647,122,3,0
97,653,122,3,0
97,655,72,0,3
97,662,72,0,3
97,663,72,0,3
97,664,98,2,1
97,669,96,1,2
97,671,122,3,0
97,672,98,2,1
97,686,122,3,0
97,688,122,3,0
97,699,96,1,2
97,701,122,3,0
97,703,122,3,0
97,706,98,2,1
97,712,98,2,1
97,714,122,3,0
97,716,98,2,1
97,717,122,3,0
97,721,98,2,1
98,637,123,3,0
98,638,99,2,1
98,643,123,3,0
98,644,97,1,2
98,647,123,3,0
98,653,123,3,0
98,662,97,1,2
98,663,73,0,3
98,669,97,1,2
98,671,123,3,0
98,680,97,1,2
98,686,97,1,2
98,688,123,3,0
98,692,99,2,1
98,694,99,2,1
98,699,97,1,2
98,703,99,2,1
98,714,97,1,2
98,717,123,3,0
99,627,75,2,3
99,636,75,2,3
99,637,124,3,0
99,643,124,3,0
99,644,75,2,3
99,647,124,3,0
99,652,75,2,3
99,653,124,3,0
99,657,75,2,3
99,662,98,1,2
99,663,74,0,3
99,669,98,1,2
99,671,124,3,0
99,679,75,2,3
99,680,98,1,2
99,686,98,1,2
99,688,124,3,0
99,697,75,2,3
99,699,98,1,2
99,702,75,2,3
99,708,75,2,3
99,714,98,1,2
99,717,124,3,0
99,722,75,2,3
100,637,101,1,1
100,643,125,2,0
100,647,125,2,0
100,649,101,1,1
100,651,101,1,1
100,653,125,2,0
100,660,101,1,1
100,662,124,3,2
100,663,101,1,1
100,669,124,3,2
100,671,125,2,0
100,674,101,1,1
100,680,124,3,2
100,682,101,1,1
100,683,101,1,1
100,686,124,3,2
100,688,125,2,0
100,696,101,1,1
100,699,124,3,2
100,705,101,1,1
100,707,101,1,1
100,709,101,1,1
100,714,124,3,2
100,717,101,1,1
100,720,101,1,1
101,625,102,2,1
101,641,102,2,1
101,643,126,3,0
101,647,126,3,0
101,653,126,3,0
101,662,100,1,1
101,666,102,2,1
101,669,102,2,1
101,671,126,3,0
101,677,102,2,1
101,680,100,1,1
101,686,102,2,1
101,688,126,3,0
101,699,100,1,1
101,700,102,2,1
101,704,102,2,1
101,714,100,1,1
101,715,102,2,1
101,718,102,2,1
101,723,102,2,1
102,626,103,2,1
102,628,103,2,1
102,635,103,2,1
102,642,103,2,1
102,643,127,3,0
102,645,103,2,1
102,650,103,2,1
102,653,103,2,1
102,662,101,1,2
102,671,127,3,0
102,678,103,2,1
102,695,103,2,1
102,699,101,1,2
102,719,103,2,1
103,643,128,3,0
103,662,102,1,2
103,699,102,1,2
104,643,129,3,0
104,653,129,3,0
104,662,105,2,1
104,668,129,3,0
104,671,129,3,0
104,681,129,3,0
104,690,79,0,3
104,699,105,2,1
105,639,130,3,0
105,643,130,3,0
105,647,130,3,0
105,653,130,3,0
105,662,106,2,1
105,669,106,2,1
105,671,130,3,0
105,686,106,2,1
105,688,130,3,0
105,699,106,2,1
106,629,131,3,0
106,634,131,3,0
106,643,131,3,0
106,647,131,3,0
106,653,131,3,0
106,654,81,0,3
106,662,107,2,1
106,663,81,0,3
106,669,107,2,1
106,671,131,3,0
106,680,107,2,1
106,686,107,2,1
106,687,131,3,0
106,688,131,3,0
106,699,107,2,1
106,714,107,2,1
106,717,131,3,0
107,643,132,3,0
107,644,108,2,1
107,647,132,3,0
107,653,132,3,0
107,662,108,2,1
107,663,82,0,3
107,669,108,2,1
107,671,132,3,0
107,680,108,2,1
107,686,108,2,1
107,688,132,3,0
107,699,108,2,1
107,714,108,2,1
107,717,132,3,0
108,643,133,3,0
108,644,109,2,1
108,647,133,3,0
108,653,133,3,0
108,662,109,2,1
108,663,83,0,3
108,669,109,2,1
108,671,133,3,0
108,680,109,2,1
108,686,109,2,1
108,688,133,3,0
108,699,109,2,1
108,701,701,80,0
108,703,703,82,0
108,714,109,2,1
108,717,133,3,0
109,643,134,3,0
109,647,134,3,0
109,653,134,3,0
109,662,84,0,3
109,663,84,0,3
109,669,84,0,3
109,671,134,3,0
109,686,134,3,0
109,699,84,0,3
109,701,108,1,2
109,703,108,1,2
109,704,134,3,0
109,712,134,3,0
109,714,110,2,1
109,717,134,3,0
110,643,109,1,2
110,644,135,3,0
110,647,109,1,2
110,653,109,1,2
110,655,85,0,3
110,662,85,0,3
110,663,109,1,2
110,664,109,1,2
110,669,85,0,3
110,671,109,1,2
110,672,109,1,2
110,680,135,3,0
110,686,135,3,0
110,688,109,1,2
110,699,85,0,3
110,701,109,1,2
110,703,109,1,2
110,704,135,3,0
110,712,109,1,2
110,714,111,2,1
110,717,109,1,2
111,643,110,1,2
111,644,136,3,0
111,647,110,1,2
111,653,110,1,2
111,662,86,0,3
111,663,110,1,2
111,669,86,0,3
111,671,110,1,2
111,680,136,3,0
111,686,136,3,0
111,688,110,1,2
111,699,86,0,3
111,703,110,1,2
111,704,136,3,0
111,714,112,2,1
111,717,110,1,2
112,632,113,2,1
112,643,111,1,2
112,647,111,1,2
112,653,111,1,2
112,662,87,0,3
112,663,111,1,2
112,665,113,2,1
112,669,87,0,3
112,671,111,1,2
112,680,137,3,0
112,686,137,3,0
112,688,111,1,2
112,699,87,0,3
112,704,137,3,0
112,714,113,2,1
112,717,111,1,2
113,643,112,1,2
113,647,112,1,2
113,653,112,1,2
113,662,88,0,3
113,663,112,1,2
113,669,88,0,3
113,671,112,1,2
113,680,114,2,1
113,686,138,3,0
113,688,112,1,2
113,699,88,0,3
113,704,138,3,0
113,714,114,2,1
113,717,112,1,2
114,643,113,1,2
114,653,113,1,2
114,656,115,2,1
114,662,89,0,3
114,671,113,1,2
114,688,115,2,1
114,699,89,0,3
114,704,113,1,2
115,630,116,2,1
115,643,114,1,2
115,648,116,2,1
115,653,114,1,2
115,659,116,2,1
115,662,116,2,1
115,671,116,2,1
115,676,116,2,1
115,699,116,2,1
116,643,117,2,1
116,662,91,0,3
116,671,117,2,1
116,691,91,0,3
116,699,91,0,3
117,643,118,2,1
117,653,118,2,1
117,662,92,0,3
117,671,118,2,1
117,684,142,3,0
117,688,118,2,1
117,693,92,0,3
117,699,92,0,3
118,631,143,3,0
118,643,119,2,1
118,647,119,2,1
118,653,119,2,1
118,662,93,0,3
118,667,93,0,3
118,669,93,0,3
118,671,119,2,1
118,673,93,0,3
118,680,143,3,0
118,686,143,3,0
118,688,119,2,1
118,699,93,0,3
118,704,143,3,0
118,713,93,0,3
118,714,714,93,0
118,724,143,3,0
119,633,144,3,0
119,640,94,0,3
119,643,120,2,1
119,647,120,2,1
119,653,120,2,1
119,658,144,3,0
119,661,94,0,3
119,662,94,0,3
119,663,120,2,1
119,669,94,0,3
119,671,120,2,1
119,680,144,3,0
119,686,144,3,0
119,688,120,2,1
119,689,94,0,3
119,698,144,3,0
119,699,94,0,3
119,704,144,3,0
119,710,144,3,0
119,714,118,1,2
119,717,120,2,1
120,643,121,2,1
120,644,145,3,0
120,647,121,2,1
120,653,121,2,1
120,662,95,0,3
120,663,121,2,1
120,669,95,0,3
120,671,121,2,1
120,680,145,3,0
120,685,145,3,0
120,686,145,3,0
120,688,121,2,1
120,699,95,0,3
120,704,145,3,0
120,714,119,1,2
120,717,121,2,1
121,643,122,2,1
121,644,146,3,0
121,647,122,2,1
121,653,122,2,1
121,655,96,0,3
121,662,96,0,3
121,663,122,2,1
121,669,96,0,3
121,671,122,2,1
121,680,146,3,0
121,686,146,3,0
121,688,122,2,1
121,699,96,0,3
121,701,122,2,1
121,703,122,2,1
121,704,146,3,0
121,714,120,1,2
121,717,122,2,1
122,643,147,3,0
122,646,123,2,1
122,647,147,3,0
122,653,147,3,0
122,662,97,0,3
122,663,97,0,3
122,664,123,2,1
122,669,97,0,3
122,671,147,3,0
122,672,123,2,1
122,686,147,3,0
122,699,97,0,3
122,701,123,2,1
122,703,123,2,1
122,704,147,3,0
122,712,123,2,1
122,714,121,1,2
122,716,123,2,1
122,717,147,3,0
122,721,123,2,1
123,638,124,2,1
123,643,148,3,0
123,644,122,1,2
123,647,148,3,0
123,653,148,3,0
123,662,122,1,2
123,663,98,0,3
123,669,122,1,2
123,671,148,3,0
123,680,122,1,2
123,686,122,1,2
123,688,148,3,0
123,692,124,2,1
123,694,124,2,1
123,699,122,1,2
123,703,124,2,1
123,714,122,1,2
123,717,148,3,0
124,627,100,2,3
124,636,100,2,3
124,643,149,3,0
124,644,100,2,3
124,647,149,3,0
124,652,100,2,3
124,653,149,3,0
124,657,100,2,3
124,662,123,1,2
124,663,99,0,3
124,669,123,1,2
124,671,149,3,0
124,679,100,2,3
124,680,123,1,2
124,686,123,1,2
124,688,149,3,0
124,697,100,2,3
124,699,123,1,2
124,702,100,2,3
124,708,100,2,3
124,714,123,1,2
124,717,149,3,0
124,722,100,2,3
125,637,126,1,1
125,643,150,2,0
125,647,150,2,0
125,649,126,1,1
125,651,126,1,1
125,653,150,2,0
125,660,126,1,1
125,662,149,3,2
125,663,126,1,1
125,669,149,3,2
125,671,150,2,0
125,674,126,1,1
125,680,149,3,2
125,682,126,1,1
125,683,126,1,1
125,686,149,3,2
125,688,126,1,1
125,696,126,1,1
125,699,149,3,2
125,705,126,1,1
125,707,126,1,1
125,709,126,1,1
125,714,149,3,2
125,717,126,1,1
125,720,126,1,1
126,625,127,2,1
126,641,127,2,1
126,643,151,3,0
126,647,151,3,0
126,653,151,3,0
126,662,125,1,1
126,666,127,2,1
126,669,127,2,1
126,671,151,3,0
126,677,127,2,1
126,680,125,1,1
126,686,127,2,1
126,688,688,67,0
126,699,125,1,1
126,700,127,2,1
126,704,127,2,1
126,714,125,1,1
126,715,127,2,1
126,718,127,2,1
126,723,127,2,1
127,626,128,2,1
127,628,128,2,1
127,635,128,2,1
127,642,128,2,1
127,643,152,3,0
127,645,128,2,1
127,650,128,2,1
127,653,128,2,1
127,662,126,1,2
127,671,152,3,0
127,678,128,2,1
127,695,128,2,1
127,699,126,1,2
127,719,128,2,1
128,643,153,3,0
128,662,127,1,2
128,699,127,1,2
129,643,154,3,0
129,653,154,3,0
129,662,130,2,1
129,668,154,3,0
129,671,154,3,0
129,681,154,3,0
129,690,104,0,3
129,699,130,2,1
130,639,155,3,0
130,643,155,3,0
130,647,155,3,0
130,653,155,3,0
130,662,131,2,1
130,669,131,2,1
130,671,155,3,0
130,686,131,2,1
130,688,129,1,2
130,699,131,2,1
131,634,156,3,0
131,643,156,3,0
131,647,156,3,0
131,651,651,30,0
131,653,156,3,0
131,654,106,0,3
131,662,132,2,1
131,663,106,0,3
131,669,132,2,1
131,671,156,3,0
131,680,132,2,1
131,686,132,2,1
131,687,156,3,0
131,688,130,1,2
131,699,132,2,1
131,714,132,2,1
131,717,156,3,0
132,643,157,3,0
132,644,133,2,1
132,647,157,3,0
132,651,131,1,2
132,653,157,3,0
132,662,133,2,1
132,663,107,0,3
132,669,133,2,1
132,671,157,3,0
132,680,133,2,1
132,686,133,2,1
132,688,131,1,2
132,699,133,2,1
132,714,133,2,1
132,717,157,3,0
133,643,158,3,0
133,644,134,2,1
133,647,158,3,0
133,651,132,1,2
133,653,158,3,0
133,662,134,2,1
133,663,108,0,3
133,669,134,2,1
133,671,158,3,0
133,680,134,2,1
133,686,134,2,1
133,688,132,1,2
133,699,134,2,1
133,701,108,0,3
133,703,108,0,3
133,714,134,2,1
133,717,158,3,0
134,643,159,3,0
134,647,159,3,0
134,651,133,1,2
134,653,159,3,0
134,662,159,3,0
134,663,109,0,3
134,664,159,3,0
134,669,109,0,3
134,671,159,3,0
134,680,159,3,0
134,686,159,3,0
134,688,133,1,2
134,699,109,0,3
134,704,135,2,1
134,712,712,91,0
134,717,159,3,0
135,643,134,1,2
135,644,160,3,0
135,647,134,1,2
135,653,134,1,2
135,655,110,0,3
135,662,160,3,0
135,663,134,1,2
135,664,134,1,2
135,669,110,0,3
135,671,134,1,2
135,672,134,1,2
135,680,160,3,0
135,686,160,3,0
135,688,134,1,2
135,699,110,0,3
135,701,134,1,2
135,703,134,1,2
135,704,136,2,1
135,712,134,1,2
135,714,110,0,3
135,717,134,1,2
136,643,135,1,2
136,644,161,3,0
136,647,135,1,2
136,653,135,1,2
136,662,161,3,0
136,663,135,1,2
136,669,111,0,3
136,671,135,1,2
136,680,161,3,0
136,686,161,3,0
136,688,135,1,2
136,699,111,0,3
136,703,135,1,2
136,704,137,2,1
136,714,111,0,3
136,717,135,1,2
137,632,138,2,1
137,643,136,1,2
137,647,136,1,2
137,653,136,1,2
137,662,162,3,0
137,663,136,1,2
137,669,112,0,3
137,671,136,1,2
137,680,162,3,0
137,686,162,3,0
137,688,136,1,2
137,699,112,0,3
137,704,138,2,1
137,714,112,0,3
137,717,136,1,2
138,643,137,1,2
138,647,137,1,2
138,653,137,1,2
138,662,163,3,0
138,663,137,1,2
138,669,113,0,3
138,671,137,1,2
138,680,139,2,1
138,686,163,3,0
138,688,137,1,2
138,699,113,0,3
138,704,704,83,0
138,714,139,2,1
138,717,137,1,2
139,643,138,1,2
139,653,138,1,2
139,656,140,2,1
139,662,164,3,0
139,671,138,1,2
139,688,140,2,1
139,699,114,0,3
139,704,138,1,2
140,630,141,2,1
140,643,139,1,2
140,648,141,2,1
140,653,139,1,2
140,659,141,2,1
140,662,141,2,1
140,671,141,2,1
140,676,141,2,1
140,699,141,2,1
141,643,142,2,1
141,662,166,3,0
141,671,142,2,1
141,691,116,0,3
141,699,116,0,3
142,643,143,2,1
142,653,143,2,1
142,662,167,3,0
142,671,143,2,1
142,684,167,3,0
142,688,143,2,1
142,693,117,0,3
142,699,117,0,3
143,631,168,3,0
143,643,144,2,1
143,647,144,2,1
143,653,144,2,1
143,662,168,3,0
143,667,118,0,3
143,669,118,0,3
143,671,144,2,1
143,673,118,0,3
143,680,168,3,0
143,686,168,3,0
143,688,144,2,1
143,699,118,0,3
143,704,142,1,2
143,713,118,0,3
143,714,118,0,3
144,633,169,3,0
144,640,119,0,3
144,643,145,2,1
144,647,145,2,1
144,653,145,2,1
144,658,169,3,0
144,661,119,0,3
144,662,169,3,0
144,663,145,2,1
144,669,119,0,3
144,671,145,2,1
144,680,169,3,0
144,686,169,3,0
144,688,145,2,1
144,689,119,0,3
144,698,169,3,0
144,699,119,0,3
144,704,143,1,2
144,710,169,3,0
144,714,119,0,3
144,717,145,2,1
145,643,146,2,1
145,644,170,3,0
145,647,146,2,1
145,653,146,2,1
145,662,170,3,0
145,663,146,2,1
145,669,120,0,3
145,671,146,2,1
145,680,170,3,0
145,685,170,3,0
145,686,170,3,0
145,688,146,2,1
145,699,120,0,3
145,704,144,1,2
145,714,120,0,3
145,717,146,2,1
146,643,147,2,1
146,644,171,3,0
146,647,147,2,1
146,653,147,2,1
146,655,121,0,3
146,662,171,3,0
146,663,147,2,1
146,669,121,0,3
146,671,147,2,1
146,680,171,3,0
146,686,171,3,0
146,688,147,2,1
146,699,121,0,3
146,701,147,2,1
146,703,147,2,1
146,704,145,1,2
146,714,121,0,3
146,717,147,2,1
147,643,172,3,0
147,646,148,2,1
147,647,172,3,0
147,651,148,2,1
147,653,172,3,0
147,662,172,3,0
147,663,122,0,3
147,664,148,2,1
147,669,122,0,3
147,671,172,3,0
147,672,148,2,1
147,680,172,3,0
147,686,172,3,0
147,688,148,2,1
147,699,122,0,3
147,704,146,1,2
147,706,148,2,1
147,712,148,2,1
147,716,148,2,1
147,717,172,3,0
148,638,149,2,1
148,643,173,3,0
148,644,147,1,2
148,647,173,3,0
148,651,149,2,1
148,653,173,3,0
148,662,147,1,2
148,663,123,0,3
148,669,147,1,2
148,671,173,3,0
148,680,147,1,2
148,686,147,1,2
148,688,149,2,1
148,694,149,2,1
148,699,147,1,2
148,703,149,2,1
148,714,147,1,2
148,717,173,3,0
149,627,125,2,3
149,636,125,2,3
149,643,174,3,0
149,644,125,2,3
149,647,174,3,0
149,651,125,2,3
149,652,125,2,3
149,653,174,3,0
149,657,125,2,3
149,662,148,1,2
149,663,124,0,3
149,669,148,1,2
149,671,174,3,0
149,679,125,2,3
149,680,148,1,2
149,686,148,1,2
149,688,125,2,3
149,697,125,2,3
149,699,148,1,2
149,702,125,2,3
149,708,125,2,3
149,714,148,1,2
149,717,174,3,0
149,722,125,2,3
150,637,151,1,1
150,643,175,2,0
150,647,175,2,0
150,649,151,1,1
150,653,151,1,1
150,660,151,1,1
150,662,174,3,2
150,663,151,1,1
150,669,174,3,2
150,671,175,2,0
150,674,151,1,1
150,680,174,3,2
150,682,151,1,1
150,683,151,1,1
150,686,174,3,2
150,688,125,0,2
150,696,151,1,1
150,699,174,3,2
150,705,151,1,1
150,707,151,1,1
150,709,151,1,1
150,714,174,3,2
150,717,151,1,1
150,720,151,1,1
151,625,152,2,1
151,641,152,2,1
151,643,176,3,0
151,647,176,3,0
151,653,152,2,1
151,662,150,1,1
151,666,152,2,1
151,669,152,2,1
151,671,176,3,0
151,677,152,2,1
151,680,150,1,1
151,686,152,2,1
151,688,126,0,3
151,699,150,1,1
151,700,152,2,1
151,704,152,2,1
151,714,150,1,1
151,715,152,2,1
151,718,152,2,1
151,723,152,2,1
152,626,153,2,1
152,628,153,2,1
152,635,153,2,1
152,642,153,2,1
152,643,177,3,0
152,645,153,2,1
152,650,153,2,1
152,653,153,2,1
152,662,151,1,2
152,671,177,3,0
152,678,153,2,1
152,695,153,2,1
152,699,151,1,2
152,719,153,2,1
153,643,178,3,0
153,662,152,1,2
153,699,152,1,2
154,643,179,3,0
154,653,653,32,0
154,662,155,2,1
154,671,179,3,0
154,681,179,3,0
154,690,129,0,3
154,699,155,2,1
155,643,180,3,0
155,647,180,3,0
155,653,154,1,2
155,662,156,2,1
155,669,156,2,1
155,671,180,3,0
155,686,156,2,1
155,688,130,0,3
155,699,156,2,1
156,629,131,0,3
156,634,181,3,0
156,643,181,3,0
156,647,181,3,0
156,651,131,0,3
156,653,155,1,2
156,654,181,3,0
156,662,157,2,1
156,663,131,0,3
156,669,157,2,1
156,671,181,3,0
156,680,157,2,1
156,686,157,2,1
156,688,131,0,3
156,699,157,2,1
156,714,157,2,1
156,717,181,3,0
157,643,182,3,0
157,644,158,2,1
157,647,182,3,0
157,651,132,0,3
157,653,156,1,2
157,662,158,2,1
157,663,132,0,3
157,669,158,2,1
157,671,182,3,0
157,680,158,2,1
157,686,158,2,1
157,688,132,0,3
157,699,158,2,1
157,714,158,2,1
157,717,182,3,0
158,643,183,3,0
158,644,159,2,1
158,647,183,3,0
158,651,133,0,3
158,653,157,1,2
158,662,159,2,1
158,663,133,0,3
158,669,159,2,1
158,671,183,3,0
158,680,159,2,1
158,686,159,2,1
158,688,133,0,3
158,699,159,2,1
158,701,133,0,3
158,703,133,0,3
158,714,159,2,1
158,717,183,3,0
159,643,184,3,0
159,647,184,3,0
159,651,134,0,3
159,653,158,1,2
159,662,184,3,0
159,663,134,0,3
159,664,664,43,0
159,669,134,0,3
159,671,184,3,0
159,672,184,3,0
159,680,184,3,0
159,686,184,3,0
159,688,134,0,3
159,699,134,0,3
159,717,184,3,0
160,643,159,1,2
160,644,185,3,0
160,647,159,1,2
160,653,159,1,2
160,655,135,0,3
160,662,185,3,0
160,663,159,1,2
160,664,159,1,2
160,669,135,0,3
160,671,159,1,2
160,672,159,1,2
160,680,185,3,0
160,686,185,3,0
160,688,159,1,2
160,699,135,0,3
160,701,159,1,2
160,703,159,1,2
160,712,159,1,2
160,714,135,0,3
160,717,159,1,2
161,643,160,1,2
161,644,186,3,0
161,647,160,1,2
161,653,160,1,2
161,662,186,3,0
161,663,160,1,2
161,669,136,0,3
161,671,160,1,2
161,680,186,3,0
161,686,186,3,0
161,688,160,1,2
161,699,136,0,3
161,703,160,1,2
161,714,136,0,3
161,717,160,1,2
162,632,163,2,1
162,643,161,1,2
162,647,161,1,2
162,653,161,1,2
162,662,187,3,0
162,663,161,1,2
162,665,163,2,1
162,669,137,0,3
162,671,161,1,2
162,680,187,3,0
162,686,187,3,0
162,688,161,1,2
162,699,137,0,3
162,714,137,0,3
162,717,161,1,2
163,643,162,1,2
163,647,162,1,2
163,653,162,1,2
163,662,188,3,0
163,663,162,1,2
163,669,138,0,3
163,671,162,1,2
163,680,164,2,1
163,686,188,3,0
163,688,162,1,2
163,699,138,0,3
163,714,164,2,1
163,717,162,1,2
164,643,163,1,2
164,653,163,1,2
164,656,165,2,1
164,662,189,3,0
164,671,163,1,2
164,688,165,2,1
164,699,139,0,3
164,704,163,1,2
165,630,166,2,1
165,643,164,1,2
165,648,166,2,1
165,653,164,1,2
165,659,166,2,1
165,662,166,2,1
165,671,166,2,1
165,676,166,2,1
165,699,166,2,1
166,643,167,2,1
166,662,191,3,0
166,671,167,2,1
166,691,141,0,3
166,699,141,0,3
167,643,168,2,1
167,653,168,2,1
167,662,192,3,0
167,671,168,2,1
167,684,192,3,0
167,688,168,2,1
167,693,142,0,3
167,699,142,0,3
168,631,193,3,0
168,643,169,2,1
168,647,169,2,1
168,653,169,2,1
168,662,193,3,0
168,667,143,0,3
168,669,143,0,3
168,671,169,2,1
168,673,143,0,3
168,680,193,3,0
168,686,193,3,0
168,688,169,2,1
168,699,143,0,3
168,713,143,0,3
168,714,143,0,3
168,724,143,0,3
169,640,144,0,3
169,643,170,2,1
169,647,170,2,1
169,653,170,2,1
169,658,194,3,0
169,661,144,0,3
169,662,194,3,0
169,663,170,2,1
169,669,144,0,3
169,671,170,2,1
169,680,194,3,0
169,686,194,3,0
169,688,170,2,1
169,689,144,0,3
169,698,194,3,0
169,699,144,0,3
169,710,194,3,0
169,714,144,0,3
169,717,170,2,1
170,643,171,2,1
170,644,195,3,0
170,647,171,2,1
170,653,171,2,1
170,662,195,3,0
170,663,171,2,1
170,669,145,0,3
170,671,171,2,1
170,680,195,3,0
170,685,195,3,0
170,686,195,3,0
170,688,171,2,1
170,699,145,0,3
170,714,145,0,3
170,717,171,2,1
171,643,172,2,1
171,644,196,3,0
171,647,172,2,1
171,653,172,2,1
171,655,146,0,3
171,662,196,3,0
171,663,172,2,1
171,669,146,0,3
171,671,172,2,1
171,680,196,3,0
171,686,196,3,0
171,688,172,2,1
171,699,146,0,3
171,701,172,2,1
171,703,172,2,1
171,714,146,0,3
171,717,172,2,1
172,643,197,3,0
172,646,173,2,1
172,647,197,3,0
172,651,147,0,3
172,653,173,2,1
172,662,197,3,0
172,663,147,0,3
172,664,173,2,1
172,669,147,0,3
172,671,197,3,0
172,672,173,2,1
172,680,197,3,0
172,686,197,3,0
172,688,147,0,3
172,699,147,0,3
172,706,173,2,1
172,712,173,2,1
172,716,173,2,1
172,717,197,3,0
172,721,173,2,1
173,638,174,2,1
173,643,198,3,0
173,644,172,1,2
173,647,198,3,0
173,651,148,0,3
173,653,174,2,1
173,662,172,1,2
173,663,148,0,3
173,669,172,1,2
173,671,198,3,0
173,680,172,1,2
173,686,172,1,2
173,688,148,0,3
173,692,174,2,1
173,699,172,1,2
173,703,174,2,1
173,714,172,1,2
173,717,198,3,0
174,627,150,2,3
174,636,150,2,3
174,643,199,3,0
174,644,150,2,3
174,647,199,3,0
174,651,149,0,3
174,652,150,2,3
174,653,150,2,3
174,657,150,2,3
174,662,173,1,2
174,663,149,0,3
174,669,173,1,2
174,671,199,3,0
174,679,150,2,3
174,680,173,1,2
174,686,173,1,2
174,688,149,0,3
174,697,150,2,3
174,699,173,1,2
174,702,150,2,3
174,714,173,1,2
174,717,199,3,0
174,722,150,2,3
175,637,176,1,1
175,643,200,2,0
175,647,200,2,0
175,649,176,1,1
175,651,176,1,1
175,653,150,0,2
175,660,176,1,1
175,662,199,3,2
175,663,176,1,1
175,669,199,3,2
175,671,200,2,0
175,680,199,3,2
175,682,176,1,1
175,683,176,1,1
175,686,199,3,2
175,688,150,0,2
175,696,176,1,1
175,699,199,3,2
175,705,176,1,1
175,707,176,1,1
175,709,176,1,1
175,714,199,3,2
175,717,176,1,1
175,720,176,1,1
176,625,177,2,1
176,641,177,2,1
176,643,201,3,0
176,647,201,3,0
176,653,151,0,3
176,662,175,1,1
176,666,177,2,1
176,669,177,2,1
176,671,201,3,0
176,677,177,2,1
176,680,175,1,1
176,686,177,2,1
176,688,151,0,3
176,699,175,1,1
176,700,177,2,1
176,704,177,2,1
176,714,175,1,1
176,715,177,2,1
176,718,177,2,1
176,723,177,2,1
177,626,178,2,1
177,628,178,2,1
177,635,178,2,1
177,642,178,2,1
177,643,202,3,0
177,645,178,2,1
177,650,178,2,1
177,653,178,2,1
177,662,176,1,2
177,671,202,3,0
177,678,178,2,1
177,695,178,2,1
177,699,176,1,2
177,719,178,2,1
178,643,203,3,0
178,662,177,1,2
178,699,177,1,2
179,643,204,3,0
179,653,154,0,3
179,662,180,2,1
179,668,154,0,3
179,671,204,3,0
179,681,204,3,0
179,690,154,0,3
179,699,180,2,1
180,639,155,0,3
180,643,205,3,0
180,647,205,3,0
180,653,155,0,3
180,662,181,2,1
180,669,181,2,1
180,671,205,3,0
180,686,181,2,1
180,688,155,0,3
180,699,181,2,1
181,629,156,0,3
181,634,206,3,0
181,643,206,3,0
181,647,206,3,0
181,653,156,0,3
181,654,206,3,0
181,662,182,2,1
181,663,156,0,3
181,669,182,2,1
181,671,206,3,0
181,680,182,2,1
181,686,182,2,1
181,687,156,0,3
181,688,156,0,3
181,699,182,2,1
181,714,182,2,1
181,717,206,3,0
182,643,207,3,0
182,644,183,2,1
182,647,207,3,0
182,653,157,0,3
182,662,183,2,1
182,663,157,0,3
182,669,183,2,1
182,671,207,3,0
182,680,183,2,1
182,686,183,2,1
182,688,157,0,3
182,699,183,2,1
182,714,183,2,1
182,717,207,3,0
183,643,208,3,0
183,644,184,2,1
183,647,208,3,0
183,653,158,0,3
183,662,184,2,1
183,663,158,0,3
183,669,184,2,1
183,671,208,3,0
183,680,184,2,1
183,686,184,2,1
183,688,158,0,3
183,699,184,2,1
183,701,158,0,3
183,703,158,0,3
183,714,184,2,1
183,717,208,3,0
184,643,209,3,0
184,647,209,3,0
184,662,209,3,0
184,663,159,0,3
184,669,159,0,3
184,671,209,3,0
184,672,672,51,0
184,680,209,3,0
184,686,209,3,0
184,688,159,0,3
184,699,159,0,3
184,717,209,3,0
185,643,184,1,2
185,644,210,3,0
185,647,184,1,2
185,653,184,1,2
185,655,160,0,3
185,662,210,3,0
185,663,184,1,2
185,664,184,1,2
185,669,160,0,3
185,671,184,1,2
185,672,184,1,2
185,680,210,3,0
185,686,210,3,0
185,688,184,1,2
185,699,160,0,3
185,701,184,1,2
185,703,184,1,2
185,712,184,1,2
185,714,160,0,3
185,717,184,1,2
186,643,185,1,2
186,644,211,3,0
186,647,185,1,2
186,653,185,1,2
186,662,211,3,0
186,663,185,1,2
186,669,161,0,3
186,671,185,1,2
186,680,211,3,0
186,686,211,3,0
186,688,185,1,2
186,699,161,0,3
186,703,185,1,2
186,714,161,0,3
186,717,185,1,2
187,632,188,2,1
187,643,186,1,2
187,647,186,1,2
187,653,186,1,2
187,662,212,3,0
187,663,186,1,2
187,665,188,2,1
187,669,162,0,3
187,671,186,1,2
187,680,212,3,0
187,686,212,3,0
187,688,186,1,2
187,699,162,0,3
187,714,162,0,3
187,717,186,1,2
188,643,187,1,2
188,647,187,1,2
188,653,187,1,2
188,662,213,3,0
188,663,187,1,2
188,669,163,0,3
188,671,187,1,2
188,680,189,2,1
188,686,213,3,0
188,688,187,1,2
188,699,163,0,3
188,714,189,2,1
188,717,187,1,2
189,643,188,1,2
189,653,188,1,2
189,656,190,2,1
189,662,214,3,0
189,671,188,1,2
189,688,190,2,1
189,699,164,0,3
189,704,188,1,2
190,630,191,2,1
190,643,189,1,2
190,648,191,2,1
190,653,189,1,2
190,659,191,2,1
190,662,191,2,1
190,671,191,2,1
190,676,191,2,1
190,699,191,2,1
191,643,192,2,1
191,662,216,3,0
191,671,192,2,1
191,691,166,0,3
191,699,166,0,3
192,643,193,2,1
192,653,193,2,1
192,662,217,3,0
192,671,193,2,1
192,684,217,3,0
192,688,193,2,1
192,693,167,0,3
192,699,167,0,3
193,631,218,3,0
193,643,194,2,1
193,647,194,2,1
193,653,194,2,1
193,662,218,3,0
193,667,168,0,3
193,669,168,0,3
193,671,194,2,1
193,673,168,0,3
193,680,218,3,0
193,686,218,3,0
193,688,194,2,1
193,699,168,0,3
193,713,168,0,3
193,714,168,0,3
193,724,168,0,3
194,633,169,0,3
194,640,169,0,3
194,643,195,2,1
194,647,195,2,1
194,653,195,2,1
194,658,219,3,0
194,661,169,0,3
194,662,219,3,0
194,663,195,2,1
194,669,169,0,3
194,671,195,2,1
194,680,219,3,0
194,686,219,3,0
194,688,195,2,1
194,689,169,0,3
194,699,169,0,3
194,710,219,3,0
194,714,169,0,3
194,717,195,2,1
195,643,196,2,1
195,644,220,3,0
195,647,196,2,1
195,653,196,2,1
195,662,220,3,0
195,663,196,2,1
195,669,170,0,3
195,671,196,2,1
195,680,220,3,0
195,685,220,3,0
195,686,220,3,0
195,688,196,2,1
195,699,170,0,3
195,714,170,0,3
195,717,196,2,1
196,643,197,2,1
196,644,221,3,0
196,647,197,2,1
196,653,197,2,1
196,655,171,0,3
196,662,221,3,0
196,663,197,2,1
196,669,171,0,3
196,671,197,2,1
196,680,221,3,0
196,686,221,3,0
196,688,197,2,1
196,699,171,0,3
196,701,197,2,1
196,703,197,2,1
196,714,171,0,3
196,717,197,2,1
197,643,222,3,0
197,646,198,2,1
197,647,222,3,0
197,662,222,3,0
197,663,172,0,3
197,664,198,2,1
197,669,172,0,3
197,671,222,3,0
197,672,198,2,1
197,680,222,3,0
197,686,222,3,0
197,688,172,0,3
197,699,172,0,3
197,706,198,2,1
197,712,198,2,1
197,716,198,2,1
197,717,222,3,0
197,721,198,2,1
198,638,199,2,1
198,643,223,3,0
198,644,197,1,2
198,647,223,3,0
198,653,173,0,3
198,662,197,1,2
198,663,173,0,3
198,669,197,1,2
198,671,223,3,0
198,680,197,1,2
198,686,197,1,2
198,688,173,0,3
198,692,199,2,1
198,694,199,2,1
198,699,197,1,2
198,703,199,2,1
198,714,197,1,2
198,717,223,3,0
199,627,175,2,3
199,636,175,2,3
199,643,224,3,0
199,644,175,2,3
199,647,224,3,0
199,652,175,2,3
199,653,174,0,3
199,657,175,2,3
199,662,198,1,2
199,663,174,0,3
199,669,198,1,2
199,671,224,3,0
199,679,175,2,3
199,680,198,1,2
199,686,198,1,2
199,688,174,0,3
199,697,175,2,3
199,699,198,1,2
199,702,175,2,3
199,708,175,2,3
199,714,198,1,2
199,717,224,3,0
199,722,175,2,3
200,637,201,1,1
200,643,201,1,1
200,647,225,2,0
200,649,201,1,1
200,651,201,1,1
200,653,175,0,2
200,660,201,1,1
200,662,224,3,2
200,663,201,1,1
200,669,224,3,2
200,671,225,2,0
200,674,201,1,1
200,680,224,3,2
200,682,201,1,1
200,683,201,1,1
200,686,224,3,2
200,688,175,0,2
200,696,201,1,1
200,699,224,3,2
200,707,201,1,1
200,709,201,1,1
200,714,224,3,2
200,717,201,1,1
200,720,201,1,1
201,625,202,2,1
201,641,202,2,1
201,643,202,2,1
201,647,226,3,0
201,653,176,0,3
201,662,200,1,1
201,666,202,2,1
201,669,202,2,1
201,671,226,3,0
201,677,202,2,1
201,680,200,1,1
201,686,202,2,1
201,688,176,0,3
201,699,200,1,1
201,700,202,2,1
201,704,202,2,1
201,714,200,1,1
201,715,202,2,1
201,718,202,2,1
201,723,202,2,1
202,626,203,2,1
202,628,203,2,1
202,642,203,2,1
202,643,203,2,1
202,645,203,2,1
202,650,203,2,1
202,653,203,2,1
202,662,201,1,2
202,671,227,3,0
202,678,203,2,1
202,695,203,2,1
202,699,201,1,2
202,719,203,2,1
203,643,643,22,0
203,662,202,1,2
203,699,202,1,2
204,643,203,1,2
204,653,179,0,3
204,662,205,2,1
204,668,179,0,3
204,671,229,3,0
204,681,229,3,0
204,690,179,0,3
204,699,205,2,1
205,639,180,0,3
205,643,204,1,2
205,647,230,3,0
205,653,180,0,3
205,662,206,2,1
205,669,206,2,1
205,671,230,3,0
205,686,206,2,1
205,688,180,0,3
205,699,206,2,1
206,629,181,0,3
206,634,231,3,0
206,643,205,1,2
206,647,231,3,0
206,653,181,0,3
206,654,231,3,0
206,662,207,2,1
206,663,181,0,3
206,669,207,2,1
206,671,231,3,0
206,680,207,2,1
206,686,207,2,1
206,687,181,0,3
206,688,181,0,3
206,699,207,2,1
206,714,207,2,1
206,717,231,3,0
207,643,206,1,2
207,644,208,2,1
207,647,232,3,0
207,653,182,0,3
207,662,208,2,1
207,663,182,0,3
207,669,208,2,1
207,671,232,3,0
207,680,208,2,1
207,686,208,2,1
207,688,182,0,3
207,699,208,2,1
207,714,208,2,1
207,717,232,3,0
208,643,207,1,2
208,644,209,2,1
208,647,233,3,0
208,653,183,0,3
208,662,209,2,1
208,663,183,0,3
208,669,209,2,1
208,671,233,3,0
208,680,209,2,1
208,686,209,2,1
208,688,183,0,3
208,699,209,2,1
208,701,183,0,3
208,703,183,0,3
208,714,209,2,1
208,717,233,3,0
209,643,208,1,2
209,647,234,3,0
209,653,184,0,3
209,662,234,3,0
209,663,184,0,3
209,669,184,0,3
209,671,234,3,0
209,680,234,3,0
209,686,234,3,0
209,688,184,0,3
209,699,184,0,3
209,714,184,0,3
209,717,234,3,0
210,643,209,1,2
210,644,235,3,0
210,647,209,1,2
210,653,209,1,2
210,655,185,0,3
210,662,235,3,0
210,663,209,1,2
210,664,209,1,2
210,669,185,0,3
210,671,209,1,2
210,672,209,1,2
210,680,235,3,0
210,686,235,3,0
210,688,209,1,2
210,699,185,0,3
210,701,209,1,2
210,703,209,1,2
210,712,209,1,2
210,714,185,0,3
210,717,209,1,2
211,643,210,1,2
211,644,236,3,0
211,647,210,1,2
211,653,210,1,2
211,662,236,3,0
211,663,210,1,2
211,669,186,0,3
211,671,210,1,2
211,680,236,3,0
211,686,236,3,0
211,688,210,1,2
211,699,186,0,3
211,703,210,1,2
211,714,186,0,3
211,717,210,1,2
212,632,213,2,1
212,643,211,1,2
212,647,211,1,2
212,653,211,1,2
212,662,237,3,0
212,663,211,1,2
212,665,213,2,1
212,669,187,0,3
212,671,211,1,2
212,680,237,3,0
212,686,237,3,0
212,688,211,1,2
212,699,187,0,3
212,714,187,0,3
212,717,211,1,2
213,643,212,1,2
213,647,212,1,2
213,653,212,1,2
213,662,238,3,0
213,663,212,1,2
213,669,188,0,3
213,671,212,1,2
213,680,214,2,1
213,686,238,3,0
213,688,212,1,2
213,699,188,0,3
213,714,214,2,1
213,717,212,1,2
214,643,213,1,2
214,653,213,1,2
214,656,215,2,1
214,662,239,3,0
214,671,213,1,2
214,688,215,2,1
214,699,189,0,3
214,704,213,1,2
215,630,216,2,1
215,643,214,1,2
215,648,216,2,1
215,653,214,1,2
215,659,216,2,1
215,662,216,2,1
215,671,216,2,1
215,676,216,2,1
215,699,216,2,1
216,643,217,2,1
216,662,241,3,0
216,671,217,2,1
216,691,191,0,3
216,699,191,0,3
217,643,218,2,1
217,653,218,2,1
217,662,242,3,0
217,671,218,2,1
217,684,242,3,0
217,688,218,2,1
217,693,192,0,3
217,699,192,0,3
218,631,243,3,0
218,643,219,2,1
218,647,219,2,1
218,653,219,2,1
218,662,243,3,0
218,667,193,0,3
218,669,193,0,3
218,671,219,2,1
218,673,193,0,3
218,680,243,3,0
218,686,243,3,0
218,688,219,2,1
218,699,193,0,3
218,713,193,0,3
218,714,193,0,3
218,724,193,0,3
219,633,194,0,3
219,640,194,0,3
219,643,220,2,1
219,647,220,2,1
219,653,220,2,1
219,658,244,3,0
219,661,194,0,3
219,662,244,3,0
219,663,220,2,1
219,669,194,0,3
219,671,220,2,1
219,680,244,3,0
219,686,244,3,0
219,688,220,2,1
219,689,194,0,3
219,698,194,0,3
219,699,194,0,3
219,710,244,3,0
219,714,194,0,3
219,717,220,2,1
220,643,221,2,1
220,644,245,3,0
220,647,221,2,1
220,653,221,2,1
220,662,245,3,0
220,663,221,2,1
220,669,195,0,3
220,671,221,2,1
220,680,245,3,0
220,686,245,3,0
220,688,221,2,1
220,699,195,0,3
220,714,195,0,3
220,717,221,2,1
221,643,222,2,1
221,644,246,3,0
221,647,222,2,1
221,653,222,2,1
221,655,196,0,3
221,662,246,3,0
221,663,222,2,1
221,669,196,0,3
221,671,222,2,1
221,680,246,3,0
221,686,246,3,0
221,688,222,2,1
221,699,196,0,3
221,701,222,2,1
221,703,222,2,1
221,714,196,0,3
221,717,222,2,1
222,643,223,2,1
222,646,223,2,1
222,647,247,3,0
222,653,197,0,3
222,662,247,3,0
222,663,197,0,3
222,664,223,2,1
222,669,197,0,3
222,671,247,3,0
222,672,223,2,1
222,680,247,3,0
222,686,247,3,0
222,688,197,0,3
222,699,197,0,3
222,706,223,2,1
222,712,223,2,1
222,714,197,0,3
222,717,247,3,0
222,721,223,2,1
223,638,224,2,1
223,643,224,2,1
223,644,222,1,2
223,647,248,3,0
223,653,198,0,3
223,662,222,1,2
223,663,198,0,3
223,669,222,1,2
223,671,248,3,0
223,680,222,1,2
223,686,222,1,2
223,688,198,0,3
223,692,224,2,1
223,694,224,2,1
223,699,222,1,2
223,703,224,2,1
223,714,222,1,2
223,717,248,3,0
224,627,200,2,3
224,636,200,2,3
224,643,200,2,3
224,644,200,2,3
224,647,249,3,0
224,652,200,2,3
224,653,199,0,3
224,657,200,2,3
224,662,223,1,2
224,663,199,0,3
224,669,223,1,2
224,671,249,3,0
224,679,200,2,3
224,680,223,1,2
224,686,223,1,2
224,688,199,0,3
224,697,200,2,3
224,699,223,1,2
224,708,200,2,3
224,714,223,1,2
224,717,249,3,0
224,722,200,2,3
225,637,226,1,1
225,643,200,0,2
225,647,250,2,0
225,649,226,1,1
225,651,226,1,1
225,653,200,0,2
225,660,226,1,1
225,662,249,3,2
225,663,226,1,1
225,669,249,3,2
225,671,250,2,0
225,674,226,1,1
225,680,249,3,2
225,683,226,1,1
225,686,249,3,2
225,688,200,0,2
225,696,226,1,1
225,699,249,3,2
225,705,226,1,1
225,707,226,1,1
225,709,226,1,1
225,714,249,3,2
225,717,226,1,1
225,720,226,1,1
226,625,227,2,1
226,641,227,2,1
226,643,201,0,3
226,647,251,3,0
226,653,201,0,3
226,662,225,1,1
226,666,227,2,1
226,669,227,2,1
226,671,251,3,0
226,677,227,2,1
226,680,225,1,1
226,686,227,2,1
226,688,201,0,3
226,699,225,1,1
226,700,227,2,1
226,704,227,2,1
226,714,225,1,1
226,715,227,2,1
226,718,227,2,1
226,723,227,2,1
227,626,228,2,1
227,628,228,2,1
227,635,228,2,1
227,642,228,2,1
227,643,202,0,3
227,645,228,2,1
227,650,228,2,1
227,653,228,2,1
227,662,226,1,2
227,671,252,3,0
227,678,228,2,1
227,699,226,1,2
227,719,228,2,1
228,643,203,0,3
228,662,227,1,2
228,699,227,1,2
229,643,204,0,3
229,653,204,0,3
229,662,230,2,1
229,668,204,0,3
229,671,254,3,0
229,681,254,3,0
229,690,204,0,3
229,699,230,2,1
230,639,205,0,3
230,643,205,0,3
230,647,255,3,0
230,653,205,0,3
230,662,231,2,1
230,669,231,2,1
230,671,255,3,0
230,686,231,2,1
230,688,205,0,3
230,699,231,2,1
231,629,206,0,3
231,634,256,3,0
231,643,206,0,3
231,647,256,3,0
231,653,206,0,3
231,654,256,3,0
231,662,232,2,1
231,663,206,0,3
231,669,232,2,1
231,671,256,3,0
231,680,232,2,1
231,686,232,2,1
231,687,206,0,3
231,688,206,0,3
231,699,232,2,1
231,714,232,2,1
231,717,256,3,0
232,643,207,0,3
232,644,233,2,1
232,647,257,3,0
232,653,207,0,3
232,662,233,2,1
232,663,207,0,3
232,669,233,2,1
232,671,257,3,0
232,680,233,2,1
232,686,233,2,1
232,688,207,0,3
232,699,233,2,1
232,714,233,2,1
232,717,257,3,0
233,643,208,0,3
233,644,234,2,1
233,647,258,3,0
233,653,208,0,3
233,662,234,2,1
233,663,208,0,3
233,669,234,2,1
233,671,258,3,0
233,680,234,2,1
233,686,234,2,1
233,688,208,0,3
233,699,234,2,1
233,701,208,0,3
233,703,208,0,3
233,714,234,2,1
233,717,258,3,0
234,643,209,0,3
234,644,235,2,1
234,653,209,0,3
234,662,259,3,0
234,663,209,0,3
234,669,209,0,3
234,671,259,3,0
234,680,259,3,0
234,688,209,0,3
234,699,209,0,3
234,714,209,0,3
234,717,259,3,0
235,643,234,1,2
235,644,236,2,1
235,647,234,1,2
235,653,234,1,2
235,655,210,0,3
235,662,260,3,0
235,663,234,1,2
235,664,234,1,2
235,669,210,0,3
235,671,234,1,2
235,672,234,1,2
235,680,260,3,0
235,686,260,3,0
235,688,234,1,2
235,699,210,0,3
235,701,234,1,2
235,703,234,1,2
235,712,234,1,2
235,714,210,0,3
235,717,234,1,2
236,643,235,1,2
236,644,644,23,0
236,647,235,1,2
236,653,235,1,2
236,662,261,3,0
236,663,235,1,2
236,669,211,0,3
236,671,235,1,2
236,680,261,3,0
236,686,261,3,0
236,688,235,1,2
236,699,211,0,3
236,703,235,1,2
236,714,211,0,3
236,717,235,1,2
237,632,238,2,1
237,643,236,1,2
237,647,236,1,2
237,653,236,1,2
237,662,262,3,0
237,663,236,1,2
237,665,238,2,1
237,669,212,0,3
237,671,236,1,2
237,680,262,3,0
237,686,262,3,0
237,688,236,1,2
237,699,212,0,3
237,714,212,0,3
237,717,236,1,2
238,643,237,1,2
238,647,237,1,2
238,653,237,1,2
238,662,263,3,0
238,663,237,1,2
238,669,213,0,3
238,671,237,1,2
238,680,239,2,1
238,686,263,3,0
238,688,237,1,2
238,699,213,0,3
238,714,239,2,1
238,717,237,1,2
239,643,238,1,2
239,653,238,1,2
239,656,240,2,1
239,662,264,3,0
239,671,238,1,2
239,688,240,2,1
239,699,214,0,3
239,704,238,1,2
240,630,241,2,1
240,643,239,1,2
240,648,241,2,1
240,653,239,1,2
240,659,241,2,1
240,662,241,2,1
240,671,241,2,1
240,676,241,2,1
240,699,241,2,1
241,643,242,2,1
241,662,266,3,0
241,671,242,2,1
241,691,266,3,0
241,699,216,0,3
242,643,243,2,1
242,653,243,2,1
242,662,267,3,0
242,671,243,2,1
242,684,267,3,0
242,688,243,2,1
242,693,217,0,3
242,699,217,0,3
243,631,268,3,0
243,643,244,2,1
243,647,244,2,1
243,653,244,2,1
243,662,268,3,0
243,667,218,0,3
243,669,218,0,3
243,671,244,2,1
243,673,218,0,3
243,680,268,3,0
243,686,268,3,0
243,688,244,2,1
243,699,218,0,3
243,713,218,0,3
243,714,218,0,3
243,724,218,0,3
244,633,219,0,3
244,640,219,0,3
244,643,245,2,1
244,647,245,2,1
244,653,245,2,1
244,658,269,3,0
244,661,219,0,3
244,662,269,3,0
244,663,245,2,1
244,669,219,0,3
244,671,245,2,1
244,680,269,3,0
244,686,269,3,0
244,688,245,2,1
244,689,219,0,3
244,698,219,0,3
244,699,219,0,3
244,710,269,3,0
244,714,219,0,3
244,717,245,2,1
245,643,246,2,1
245,644,244,1,2
245,647,246,2,1
245,653,246,2,1
245,662,270,3,0
245,663,246,2,1
245,669,220,0,3
245,671,246,2,1
245,680,270,3,0
245,685,220,0,3
245,686,270,3,0
245,688,246,2,1
245,699,220,0,3
245,714,220,0,3
245,717,246,2,1
246,643,247,2,1
246,644,245,1,2
246,647,247,2,1
246,653,247,2,1
246,655,221,0,3
246,662,271,3,0
246,663,247,2,1
246,669,221,0,3
246,671,247,2,1
246,680,271,3,0
246,686,271,3,0
246,688,247,2,1
246,699,221,0,3
246,701,247,2,1
246,703,247,2,1
246,714,221,0,3
246,717,247,2,1
247,643,222,0,3
247,644,246,1,2
247,646,248,2,1
247,653,222,0,3
247,662,272,3,0
247,663,222,0,3
247,664,248,2,1
247,669,222,0,3
247,671,272,3,0
247,672,248,2,1
247,680,272,3,0
247,688,222,0,3
247,699,222,0,3
247,706,248,2,1
247,712,248,2,1
247,714,222,0,3
247,716,248,2,1
247,717,272,3,0
247,721,248,2,1
248,638,249,2,1
248,643,223,0,3
248,644,247,1,2
248,647,273,3,0
248,653,223,0,3
248,662,247,1,2
248,663,223,0,3
248,669,247,1,2
248,671,273,3,0
248,680,247,1,2
248,686,247,1,2
248,688,223,0,3
248,692,249,2,1
248,694,249,2,1
248,699,247,1,2
248,703,249,2,1
248,714,247,1,2
248,717,273,3,0
249,627,225,2,3
249,636,225,2,3
249,643,224,0,3
249,644,225,2,3
249,647,274,3,0
249,652,225,2,3
249,653,224,0,3
249,657,225,2,3
249,662,248,1,2
249,663,224,0,3
249,669,248,1,2
249,671,274,3,0
249,679,225,2,3
249,680,248,1,2
249,686,248,1,2
249,688,224,0,3
249,697,225,2,3
249,699,248,1,2
249,702,225,2,3
249,708,225,2,3
249,714,248,1,2
249,717,274,3,0
249,722,225,2,3
250,637,251,1,1
250,643,225,0,2
250,647,275,2,0
250,649,251,1,1
250,651,251,1,1
250,653,225,0,2
250,660,251,1,1
250,662,274,3,2
250,663,251,1,1
250,669,274,3,2
250,671,251,1,1
250,674,251,1,1
250,680,274,3,2
250,682,251,1,1
250,683,251,1,1
250,686,274,3,2
250,688,225,0,2
250,696,251,1,1
250,699,274,3,2
250,705,251,1,1
250,707,251,1,1
250,709,251,1,1
250,714,274,3,2
250,717,251,1,1
250,720,251,1,1
251,625,252,2,1
251,641,252,2,1
251,643,226,0,3
251,647,276,3,0
251,653,226,0,3
251,662,250,1,1
251,666,252,2,1
251,669,252,2,1
251,671,252,2,1
251,677,252,2,1
251,680,250,1,1
251,686,252,2,1
251,688,226,0,3
251,699,250,1,1
251,700,252,2,1
251,704,252,2,1
251,714,250,1,1
251,715,252,2,1
251,718,252,2,1
251,723,252,2,1
252,626,253,2,1
252,628,253,2,1
252,635,253,2,1
252,642,253,2,1
252,643,227,0,3
252,645,253,2,1
252,650,253,2,1
252,653,253,2,1
252,662,251,1,2
252,671,671,50,0
252,678,253,2,1
252,695,253,2,1
252,699,251,1,2
253,643,228,0,3
253,662,252,1,2
253,699,252,1,2
254,643,229,0,3
254,653,229,0,3
254,662,255,2,1
254,668,229,0,3
254,671,253,1,2
254,681,279,3,0
254,690,229,0,3
254,699,255,2,1
255,639,230,0,3
255,643,230,0,3
255,647,280,3,0
255,653,230,0,3
255,662,256,2,1
255,669,256,2,1
255,671,254,1,2
255,686,256,2,1
255,688,230,0,3
255,699,256,2,1
256,629,231,0,3
256,634,281,3,0
256,643,231,0,3
256,647,281,3,0
256,653,231,0,3
256,654,281,3,0
256,662,257,2,1
256,663,231,0,3
256,669,257,2,1
256,671,255,1,2
256,680,257,2,1
256,686,257,2,1
256,687,231,0,3
256,688,231,0,3
256,699,257,2,1
256,714,257,2,1
256,717,717,96,0
257,643,232,0,3
257,644,258,2,1
257,647,282,3,0
257,653,232,0,3
257,662,258,2,1
257,663,232,0,3
257,669,258,2,1
257,671,256,1,2
257,680,258,2,1
257,686,258,2,1
257,688,232,0,3
257,699,258,2,1
257,714,258,2,1
257,717,256,1,2
258,643,233,0,3
258,644,259,2,1
258,647,283,3,0
258,653,233,0,3
258,662,259,2,1
258,663,233,0,3
258,669,259,2,1
258,671,257,1,2
258,680,259,2,1
258,686,259,2,1
258,688,233,0,3
258,699,259,2,1
258,701,233,0,3
258,703,233,0,3
258,714,259,2,1
258,717,257,1,2
259,643,234,0,3
259,644,234,0,3
259,653,234,0,3
259,662,284,3,0
259,663,234,0,3
259,669,234,0,3
259,671,258,1,2
259,680,284,3,0
259,688,234,0,3
259,699,234,0,3
259,714,234,0,3
259,717,258,1,2
260,643,259,1,2
260,644,235,0,3
260,647,259,1,2
260,653,259,1,2
260,655,235,0,3
260,662,285,3,0
260,663,259,1,2
260,664,259,1,2
260,669,235,0,3
260,671,259,1,2
260,672,259,1,2
260,680,285,3,0
260,686,285,3,0
260,688,259,1,2
260,699,235,0,3
260,701,259,1,2
260,703,259,1,2
260,712,259,1,2
260,714,235,0,3
260,717,259,1,2
261,643,260,1,2
261,644,236,0,3
261,647,260,1,2
261,653,260,1,2
261,662,286,3,0
261,663,260,1,2
261,669,236,0,3
261,671,260,1,2
261,680,286,3,0
261,686,286,3,0
261,688,260,1,2
261,699,236,0,3
261,703,260,1,2
261,714,236,0,3
261,717,260,1,2
262,632,263,2,1
262,643,261,1,2
262,647,261,1,2
262,653,261,1,2
262,662,287,3,0
262,663,261,1,2
262,665,263,2,1
262,669,237,0,3
262,671,261,1,2
262,680,287,3,0
262,686,287,3,0
262,688,261,1,2
262,699,237,0,3
262,714,237,0,3
262,717,261,1,2
263,643,262,1,2
263,647,262,1,2
263,653,262,1,2
263,662,288,3,0
263,663,262,1,2
263,669,238,0,3
263,671,262,1,2
263,680,264,2,1
263,686,288,3,0
263,688,262,1,2
263,699,238,0,3
263,714,264,2,1
263,717,262,1,2
264,643,263,1,2
264,653,263,1,2
264,656,265,2,1
264,662,289,3,0
264,671,263,1,2
264,688,265,2,1
264,699,239,0,3
264,704,263,1,2
265,630,266,2,1
265,643,264,1,2
265,648,266,2,1
265,653,264,1,2
265,659,266,2,1
265,662,266,2,1
265,671,266,2,1
265,676,266,2,1
265,699,266,2,1
266,643,267,2,1
266,662,291,3,0
266,671,267,2,1
266,691,291,3,0
266,699,241,0,3
267,643,268,2,1
267,653,268,2,1
267,662,292,3,0
267,671,268,2,1
267,684,292,3,0
267,688,268,2,1
267,693,242,0,3
267,699,242,0,3
268,631,293,3,0
268,643,269,2,1
268,647,269,2,1
268,653,269,2,1
268,662,293,3,0
268,667,243,0,3
268,669,243,0,3
268,671,269,2,1
268,673,243,0,3
268,680,293,3,0
268,686,293,3,0
268,688,269,2,1
268,699,243,0,3
268,713,243,0,3
268,714,243,0,3
268,724,243,0,3
269,633,244,0,3
269,640,244,0,3
269,643,270,2,1
269,647,270,2,1
269,653,270,2,1
269,658,294,3,0
269,661,244,0,3
269,662,294,3,0
269,663,270,2,1
269,669,244,0,3
269,671,270,2,1
269,680,294,3,0
269,686,294,3,0
269,688,270,2,1
269,689,244,0,3
269,698,244,0,3
269,699,244,0,3
269,710,294,3,0
269,714,244,0,3
269,717,270,2,1
270,643,271,2,1
270,644,245,0,3
270,647,271,2,1
270,653,271,2,1
270,662,295,3,0
270,663,271,2,1
270,669,245,0,3
270,671,271,2,1
270,680,295,3,0
270,685,245,0,3
270,686,295,3,0
270,688,271,2,1
270,699,245,0,3
270,714,245,0,3
270,717,271,2,1
271,643,272,2,1
271,644,246,0,3
271,647,272,2,1
271,653,272,2,1
271,655,246,0,3
271,662,296,3,0
271,663,272,2,1
271,669,246,0,3
271,671,272,2,1
271,680,296,3,0
271,686,296,3,0
271,688,272,2,1
271,699,246,0,3
271,701,272,2,1
271,703,272,2,1
271,714,246,0,3
271,717,272,2,1
272,643,247,0,3
272,644,247,0,3
272,646,273,2,1
272,653,247,0,3
272,662,297,3,0
272,663,247,0,3
272,664,273,2,1
272,669,247,0,3
272,671,273,2,1
272,672,273,2,1
272,680,297,3,0
272,688,247,0,3
272,699,247,0,3
272,706,273,2,1
272,712,273,2,1
272,714,247,0,3
272,716,273,2,1
272,717,273,2,1
272,721,273,2,1
273,638,274,2,1
273,643,248,0,3
273,644,272,1,2
273,647,298,3,0
273,653,248,0,3
273,662,272,1,2
273,663,248,0,3
273,669,272,1,2
273,671,274,2,1
273,680,272,1,2
273,686,272,1,2
273,688,248,0,3
273,692,274,2,1
273,694,274,2,1
273,699,272,1,2
273,703,274,2,1
273,714,272,1,2
273,717,274,2,1
274,627,250,2,3
274,636,250,2,3
274,643,249,0,3
274,644,250,2,3
274,647,299,3,0
274,652,250,2,3
274,653,249,0,3
274,657,250,2,3
274,662,273,1,2
274,663,249,0,3
274,669,273,1,2
274,671,250,2,3
274,679,250,2,3
274,680,273,1,2
274,686,273,1,2
274,688,249,0,3
274,697,250,2,3
274,699,273,1,2
274,702,250,2,3
274,708,250,2,3
274,714,273,1,2
274,717,250,2,3
275,637,276,1,1
275,643,250,0,2
275,647,276,1,1
275,649,276,1,1
275,651,276,1,1
275,653,250,0,2
275,660,276,1,1
275,662,299,3,2
275,663,276,1,1
275,669,299,3,2
275,671,250,0,2
275,674,276,1,1
275,680,299,3,2
275,682,276,1,1
275,683,276,1,1
275,686,299,3,2
275,688,250,0,2
275,696,276,1,1
275,699,299,3,2
275,705,276,1,1
275,707,276,1,1
275,709,276,1,1
275,714,299,3,2
275,717,276,1,1
276,625,277,2,1
276,641,277,2,1
276,643,251,0,3
276,647,647,26,0
276,653,251,0,3
276,662,275,1,1
276,666,277,2,1
276,669,277,2,1
276,671,251,0,3
276,677,277,2,1
276,680,275,1,1
276,686,277,2,1
276,688,251,0,3
276,699,275,1,1
276,700,277,2,1
276,704,277,2,1
276,714,275,1,1
276,715,277,2,1
276,718,277,2,1
276,723,277,2,1
277,626,278,2,1
277,628,278,2,1
277,635,278,2,1
277,642,278,2,1
277,643,252,0,3
277,645,278,2,1
277,650,278,2,1
277,653,278,2,1
277,662,276,1,2
277,671,252,0,3
277,678,278,2,1
277,695,278,2,1
277,699,276,1,2
277,719,278,2,1
278,643,253,0,3
278,662,277,1,2
278,699,277,1,2
279,643,254,0,3
279,653,254,0,3
279,662,280,2,1
279,668,254,0,3
279,671,254,0,3
279,690,254,0,3
279,699,280,2,1
280,639,255,0,3
280,643,255,0,3
280,653,255,0,3
280,662,281,2,1
280,669,281,2,1
280,671,255,0,3
280,686,281,2,1
280,688,255,0,3
280,699,281,2,1
281,629,256,0,3
281,643,256,0,3
281,647,280,1,2
281,653,256,0,3
281,654,306,3,0
281,662,282,2,1
281,663,306,3,0
281,669,282,2,1
281,671,256,0,3
281,680,282,2,1
281,686,282,2,1
281,687,256,0,3
281,688,256,0,3
281,699,282,2,1
281,714,282,2,1
281,717,256,0,3
282,643,257,0,3
282,644,283,2,1
282,647,281,1,2
282,653,257,0,3
282,662,283,2,1
282,663,307,3,0
282,669,283,2,1
282,671,257,0,3
282,680,283,2,1
282,686,283,2,1
282,688,257,0,3
282,699,283,2,1
282,714,283,2,1
282,717,257,0,3
283,643,258,0,3
283,644,284,2,1
283,647,282,1,2
283,653,258,0,3
283,662,284,2,1
283,663,308,3,0
283,669,284,2,1
283,671,258,0,3
283,680,284,2,1
283,686,284,2,1
283,688,258,0,3
283,699,284,2,1
283,701,258,0,3
283,703,258,0,3
283,714,284,2,1
283,717,258,0,3
284,643,259,0,3
284,644,259,0,3
284,647,283,1,2
284,653,259,0,3
284,662,309,3,0
284,669,259,0,3
284,671,259,0,3
284,680,309,3,0
284,686,285,2,1
284,688,259,0,3
284,699,259,0,3
284,714,259,0,3
285,643,284,1,2
285,644,260,0,3
285,647,284,1,2
285,653,284,1,2
285,655,260,0,3
285,662,310,3,0
285,663,284,1,2
285,664,284,1,2
285,669,260,0,3
285,671,284,1,2
285,672,284,1,2
285,680,310,3,0
285,686,286,2,1
285,688,284,1,2
285,699,260,0,3
285,701,284,1,2
285,703,284,1,2
285,712,284,1,2
285,714,260,0,3
285,717,284,1,2
286,643,285,1,2
286,644,261,0,3
286,647,285,1,2
286,653,285,1,2
286,662,311,3,0
286,663,285,1,2
286,669,261,0,3
286,671,285,1,2
286,680,311,3,0
286,686,287,2,1
286,688,285,1,2
286,699,261,0,3
286,703,285,1,2
286,714,261,0,3
286,717,285,1,2
287,632,288,2,1
287,643,286,1,2
287,647,286,1,2
287,653,286,1,2
287,662,312,3,0
287,663,286,1,2
287,665,288,2,1
287,669,262,0,3
287,671,286,1,2
287,680,312,3,0
287,686,288,2,1
287,688,286,1,2
287,699,262,0,3
287,714,262,0,3
287,717,286,1,2
288,643,287,1,2
288,647,287,1,2
288,653,287,1,2
288,662,313,3,0
288,663,287,1,2
288,669,263,0,3
288,671,287,1,2
288,680,289,2,1
288,686,686,65,0
288,688,287,1,2
288,699,263,0,3
288,714,289,2,1
288,717,287,1,2
289,643,288,1,2
289,653,288,1,2
289,656,290,2,1
289,662,314,3,0
289,671,288,1,2
289,688,290,2,1
289,699,264,0,3
289,704,288,1,2
290,630,291,2,1
290,643,289,1,2
290,648,291,2,1
290,653,289,1,2
290,659,291,2,1
290,662,291,2,1
290,671,291,2,1
290,676,291,2,1
290,699,291,2,1
291,643,292,2,1
291,662,316,3,0
291,671,292,2,1
291,691,316,3,0
291,699,266,0,3
292,643,293,2,1
292,653,293,2,1
292,662,317,3,0
292,671,293,2,1
292,684,317,3,0
292,688,293,2,1
292,693,267,0,3
292,699,267,0,3
293,631,318,3,0
293,643,294,2,1
293,647,294,2,1
293,653,294,2,1
293,662,318,3,0
293,667,268,0,3
293,669,268,0,3
293,671,294,2,1
293,673,268,0,3
293,680,318,3,0
293,686,292,1,2
293,688,294,2,1
293,699,268,0,3
293,713,268,0,3
293,714,268,0,3
293,724,268,0,3
294,633,269,0,3
294,640,269,0,3
294,643,295,2,1
294,647,295,2,1
294,653,295,2,1
294,658,319,3,0
294,661,269,0,3
294,662,319,3,0
294,663,295,2,1
294,669,269,0,3
294,671,295,2,1
294,680,319,3,0
294,686,293,1,2
294,688,295,2,1
294,689,319,3,0
294,698,269,0,3
294,699,269,0,3
294,710,319,3,0
294,714,269,0,3
294,717,295,2,1
295,643,296,2,1
295,644,270,0,3
295,647,296,2,1
295,653,296,2,1
295,662,320,3,0
295,663,296,2,1
295,669,270,0,3
295,671,296,2,1
295,680,320,3,0
295,685,270,0,3
295,686,294,1,2
295,688,296,2,1
295,699,270,0,3
295,714,270,0,3
295,717,296,2,1
296,643,297,2,1
296,644,271,0,3
296,647,297,2,1
296,653,297,2,1
296,655,271,0,3
296,662,321,3,0
296,663,297,2,1
296,669,271,0,3
296,671,297,2,1
296,680,321,3,0
296,686,295,1,2
296,688,297,2,1
296,699,271,0,3
296,701,297,2,1
296,703,297,2,1
296,714,271,0,3
296,717,297,2,1
297,643,272,0,3
297,644,272,0,3
297,646,298,2,1
297,647,298,2,1
297,653,272,0,3
297,662,322,3,0
297,664,298,2,1
297,669,272,0,3
297,671,272,0,3
297,672,298,2,1
297,680,322,3,0
297,686,296,1,2
297,688,272,0,3
297,699,272,0,3
297,706,298,2,1
297,712,298,2,1
297,714,272,0,3
297,716,298,2,1
297,721,298,2,1
298,638,299,2,1
298,643,273,0,3
298,644,297,1,2
298,647,299,2,1
298,653,273,0,3
298,662,297,1,2
298,663,323,3,0
298,669,297,1,2
298,671,273,0,3
298,680,297,1,2
298,686,297,1,2
298,688,273,0,3
298,692,299,2,1
298,694,299,2,1
298,699,297,1,2
298,703,299,2,1
298,714,297,1,2
298,717,273,0,3
299,627,275,2,3
299,643,274,0,3
299,644,275,2,3
299,647,275,2,3
299,652,275,2,3
299,653,274,0,3
299,657,275,2,3
299,662,298,1,2
299,663,324,3,0
299,669,298,1,2
299,671,274,0,3
299,679,275,2,3
299,680,298,1,2
299,686,298,1,2
299,688,274,0,3
299,697,275,2,3
299,699,298,1,2
299,702,275,2,3
299,708,275,2,3
299,714,298,1,2
299,717,274,0,3
299,722,275,2,3
300,637,301,1,1
300,643,275,0,2
300,647,275,0,2
300,649,301,1,1
300,651,301,1,1
300,653,275,0,2
300,660,301,1,1
300,662,324,3,2
300,663,301,1,1
300,669,324,3,2
300,671,275,0,2
300,674,301,1,1
300,680,324,3,2
300,682,301,1,1
300,683,301,1,1
300,686,324,3,2
300,688,275,0,2
300,696,301,1,1
300,699,324,3,2
300,705,301,1,1
300,707,301,1,1
300,709,301,1,1
300,714,324,3,2
300,717,301,1,1
300,720,301,1,1
301,625,302,2,1
301,641,302,2,1
301,643,276,0,3
301,647,276,0,3
301,653,276,0,3
301,662,300,1,1
301,669,302,2,1
301,671,276,0,3
301,677,302,2,1
301,680,300,1,1
301,686,302,2,1
301,688,276,0,3
301,699,300,1,1
301,700,302,2,1
301,704,302,2,1
301,714,300,1,1
301,715,302,2,1
301,723,302,2,1
302,626,303,2,1
302,628,303,2,1
302,635,303,2,1
302,642,303,2,1
302,643,277,0,3
302,645,303,2,1
302,650,303,2,1
302,653,303,2,1
302,662,301,1,2
302,671,277,0,3
302,678,303,2,1
302,695,303,2,1
302,699,301,1,2
302,719,303,2,1
303,643,278,0,3
303,662,302,1,2
303,699,302,1,2
304,643,279,0,3
304,653,279,0,3
304,662,305,2,1
304,668,279,0,3
304,671,279,0,3
304,681,279,0,3
304,690,279,0,3
304,699,305,2,1
305,639,280,0,3
305,643,280,0,3
305,647,280,0,3
305,653,280,0,3
305,662,306,2,1
305,669,306,2,1
305,671,280,0,3
305,686,306,2,1
305,688,280,0,3
305,699,306,2,1
306,629,281,0,3
306,634,281,0,3
306,643,281,0,3
306,647,281,0,3
306,653,281,0,3
306,654,331,3,0
306,662,307,2,1
306,663,331,3,0
306,669,307,2,1
306,671,281,0,3
306,680,307,2,1
306,686,307,2,1
306,687,281,0,3
306,688,281,0,3
306,699,307,2,1
306,714,307,2,1
306,717,281,0,3
307,643,282,0,3
307,644,308,2,1
307,647,282,0,3
307,652,652,31,0
307,653,282,0,3
307,662,308,2,1
307,663,332,3,0
307,669,308,2,1
307,671,282,0,3
307,680,308,2,1
307,686,308,2,1
307,688,282,0,3
307,699,308,2,1
307,714,308,2,1
307,717,282,0,3
308,643,283,0,3
308,644,309,2,1
308,647,283,0,3
308,652,307,1,2
308,653,283,0,3
308,662,309,2,1
308,663,333,3,0
308,669,309,2,1
308,671,283,0,3
308,680,309,2,1
308,686,309,2,1
308,688,283,0,3
308,699,309,2,1
308,701,283,0,3
308,703,283,0,3
308,714,309,2,1
308,717,283,0,3
309,643,284,0,3
309,644,284,0,3
309,647,284,0,3
309,652,308,1,2
309,653,284,0,3
309,662,334,3,0
309,669,284,0,3
309,671,284,0,3
309,680,334,3,0
309,686,284,0,3
309,688,284,0,3
309,699,284,0,3
309,714,284,0,3
310,643,309,1,2
310,644,285,0,3
310,647,309,1,2
310,653,309,1,2
310,655,285,0,3
310,662,335,3,0
310,663,309,1,2
310,664,309,1,2
310,669,285,0,3
310,671,309,1,2
310,672,309,1,2
310,680,335,3,0
310,686,285,0,3
310,688,309,1,2
310,699,285,0,3
310,701,309,1,2
310,703,309,1,2
310,712,309,1,2
310,714,285,0,3
310,717,309,1,2
311,643,310,1,2
311,644,286,0,3
311,647,310,1,2
311,653,310,1,2
311,662,336,3,0
311,663,310,1,2
311,669,286,0,3
311,671,310,1,2
311,680,336,3,0
311,686,286,0,3
311,688,310,1,2
311,699,286,0,3
311,703,310,1,2
311,714,286,0,3
311,717,310,1,2
312,632,313,2,1
312,643,311,1,2
312,647,311,1,2
312,653,311,1,2
312,662,337,3,0
312,663,311,1,2
312,665,313,2,1
312,669,287,0,3
312,671,311,1,2
312,680,337,3,0
312,686,287,0,3
312,688,311,1,2
312,699,287,0,3
312,714,287,0,3
312,717,311,1,2
313,643,312,1,2
313,647,312,1,2
313,653,312,1,2
313,662,338,3,0
313,663,312,1,2
313,669,288,0,3
313,671,312,1,2
313,680,314,2,1
313,686,288,0,3
313,688,312,1,2
313,699,288,0,3
313,714,314,2,1
313,717,312,1,2
314,643,313,1,2
314,653,313,1,2
314,656,315,2,1
314,662,339,3,0
314,671,313,1,2
314,688,315,2,1
314,699,289,0,3
314,704,313,1,2
315,630,316,2,1
315,643,314,1,2
315,648,316,2,1
315,653,314,1,2
315,659,316,2,1
315,662,316,2,1
315,671,316,2,1
315,676,316,2,1
315,699,316,2,1
316,643,317,2,1
316,662,341,3,0
316,671,317,2,1
316,691,341,3,0
316,699,291,0,3
317,643,318,2,1
317,653,318,2,1
317,662,342,3,0
317,671,318,2,1
317,684,342,3,0
317,688,318,2,1
317,693,292,0,3
317,699,292,0,3
318,631,343,3,0
318,643,319,2,1
318,647,319,2,1
318,653,319,2,1
318,662,343,3,0
318,667,293,0,3
318,669,293,0,3
318,671,319,2,1
318,673,293,0,3
318,680,343,3,0
318,686,293,0,3
318,688,319,2,1
318,699,293,0,3
318,713,293,0,3
318,714,293,0,3
318,724,293,0,3
319,633,294,0,3
319,640,294,0,3
319,643,320,2,1
319,647,320,2,1
319,653,320,2,1
319,658,344,3,0
319,661,294,0,3
319,662,344,3,0
319,663,320,2,1
319,669,294,0,3
319,671,320,2,1
319,680,344,3,0
319,686,294,0,3
319,688,320,2,1
319,689,344,3,0
319,698,294,0,3
319,699,294,0,3
319,710,344,3,0
319,714,294,0,3
319,717,320,2,1
320,643,321,2,1
320,644,295,0,3
320,647,321,2,1
320,653,321,2,1
320,662,345,3,0
320,663,321,2,1
320,669,295,0,3
320,671,321,2,1
320,680,345,3,0
320,685,295,0,3
320,686,295,0,3
320,688,321,2,1
320,699,295,0,3
320,714,295,0,3
320,717,321,2,1
321,643,322,2,1
321,644,296,0,3
321,647,322,2,1
321,653,322,2,1
321,655,296,0,3
321,662,346,3,0
321,663,322,2,1
321,669,296,0,3
321,671,322,2,1
321,680,346,3,0
321,686,296,0,3
321,688,322,2,1
321,699,296,0,3
321,701,322,2,1
321,703,322,2,1
321,714,296,0,3
321,717,322,2,1
322,643,297,0,3
322,644,297,0,3
322,646,323,2,1
322,647,297,0,3
322,652,323,2,1
322,653,297,0,3
322,662,347,3,0
322,664,323,2,1
322,669,297,0,3
322,671,297,0,3
322,672,323,2,1
322,680,347,3,0
322,686,297,0,3
322,688,297,0,3
322,699,297,0,3
322,706,323,2,1
322,712,323,2,1
322,714,297,0,3
322,716,323,2,1
322,721,323,2,1
323,638,324,2,1
323,643,298,0,3
323,644,322,1,2
323,647,298,0,3
323,652,324,2,1
323,653,298,0,3
323,662,322,1,2
323,663,348,3,0
323,669,322,1,2
323,671,298,0,3
323,680,322,1,2
323,686,322,1,2
323,688,298,0,3
323,692,324,2,1
323,694,324,2,1
323,699,322,1,2
323,703,324,2,1
323,714,322,1,2
323,717,298,0,3
324,627,300,2,3
324,636,300,2,3
324,643,299,0,3
324,644,300,2,3
324,647,299,0,3
324,652,300,2,3
324,653,299,0,3
324,657,300,2,3
324,662,323,1,2
324,663,349,3,0
324,669,323,1,2
324,671,299,0,3
324,679,300,2,3
324,680,323,1,2
324,686,323,1,2
324,688,299,0,3
324,697,300,2,3
324,699,323,1,2
324,702,300,2,3
324,708,300,2,3
324,714,323,1,2
324,717,299,0,3
324,722,300,2,3
325,637,326,1,1
325,643,300,0,2
325,647,300,0,2
325,649,326,1,1
325,651,326,1,1
325,653,300,0,2
325,660,326,1,1
325,662,349,3,2
325,663,326,1,1
325,669,349,3,2
325,671,300,0,2
325,674,326,1,1
325,680,349,3,2
325,682,326,1,1
325,683,326,1,1
325,686,349,3,2
325,688,300,0,2
325,696,326,1,1
325,699,349,3,2
325,705,326,1,1
325,707,326,1,1
325,714,349,3,2
325,717,326,1,1
325,720,326,1,1
326,625,327,2,1
326,641,327,2,1
326,643,301,0,3
326,647,301,0,3
326,653,301,0,3
326,662,325,1,1
326,666,327,2,1
326,671,301,0,3
326,677,327,2,1
326,680,325,1,1
326,686,327,2,1
326,688,301,0,3
326,699,325,1,1
326,700,327,2,1
326,704,327,2,1
326,714,325,1,1
326,718,327,2,1
326,723,327,2,1
327,626,328,2,1
327,628,328,2,1
327,635,328,2,1
327,642,328,2,1
327,643,302,0,3
327,650,328,2,1
327,653,328,2,1
327,662,326,1,2
327,671,302,0,3
327,678,328,2,1
327,695,328,2,1
327,699,326,1,2
327,719,328,2,1
328,643,303,0,3
328,662,327,1,2
328,699,327,1,2
329,643,304,0,3
329,653,304,0,3
329,662,330,2,1
329,668,304,0,3
329,671,304,0,3
329,681,304,0,3
329,690,304,0,3
329,699,330,2,1
330,639,305,0,3
330,643,305,0,3
330,647,305,0,3
330,653,305,0,3
330,662,331,2,1
330,669,331,2,1
330,671,305,0,3
330,686,331,2,1
330,688,305,0,3
330,699,331,2,1
331,629,306,0,3
331,634,306,0,3
331,643,306,0,3
331,647,306,0,3
331,653,306,0,3
331,654,356,3,0
331,662,332,2,1
331,663,356,3,0
331,669,332,2,1
331,671,306,0,3
331,680,332,2,1
331,686,332,2,1
331,687,306,0,3
331,688,306,0,3
331,699,332,2,1
331,714,332,2,1
331,717,306,0,3
332,643,307,0,3
332,644,333,2,1
332,647,307,0,3
332,652,307,0,3
332,653,307,0,3
332,662,333,2,1
332,663,357,3,0
332,669,333,2,1
332,671,307,0,3
332,680,333,2,1
332,686,333,2,1
332,688,307,0,3
332,697,697,76,0
332,699,333,2,1
332,714,333,2,1
332,717,307,0,3
333,643,308,0,3
333,644,334,2,1
333,647,308,0,3
333,652,308,0,3
333,653,308,0,3
333,662,334,2,1
333,663,358,3,0
333,669,334,2,1
333,671,308,0,3
333,680,334,2,1
333,686,334,2,1
333,688,308,0,3
333,697,332,1,2
333,699,334,2,1
333,701,308,0,3
333,703,308,0,3
333,714,334,2,1
333,717,308,0,3
334,643,309,0,3
334,644,309,0,3
334,647,309,0,3
334,652,309,0,3
334,653,309,0,3
334,661,359,3,0
334,662,359,3,0
334,669,309,0,3
334,671,309,0,3
334,680,359,3,0
334,686,309,0,3
334,688,309,0,3
334,697,333,1,2
334,699,309,0,3
334,703,309,0,3
334,714,309,0,3
335,643,334,1,2
335,644,310,0,3
335,647,334,1,2
335,653,334,1,2
335,655,310,0,3
335,661,360,3,0
335,662,360,3,0
335,663,334,1,2
335,664,334,1,2
335,669,310,0,3
335,671,334,1,2
335,672,334,1,2
335,680,360,3,0
335,686,310,0,3
335,688,334,1,2
335,699,310,0,3
335,701,334,1,2
335,703,334,1,2
335,712,334,1,2
335,714,310,0,3
335,717,334,1,2
336,643,335,1,2
336,644,311,0,3
336,647,335,1,2
336,653,335,1,2
336,661,361,3,0
336,662,361,3,0
336,663,335,1,2
336,669,311,0,3
336,671,335,1,2
336,680,361,3,0
336,686,311,0,3
336,688,335,1,2
336,699,311,0,3
336,703,335,1,2
336,714,311,0,3
336,717,335,1,2
337,632,338,2,1
337,643,336,1,2
337,647,336,1,2
337,653,336,1,2
337,661,362,3,0
337,662,362,3,0
337,663,336,1,2
337,665,338,2,1
337,669,312,0,3
337,671,336,1,2
337,680,362,3,0
337,686,312,0,3
337,688,336,1,2
337,699,312,0,3
337,714,312,0,3
337,717,336,1,2
338,643,337,1,2
338,647,337,1,2
338,653,337,1,2
338,662,363,3,0
338,663,337,1,2
338,669,313,0,3
338,671,337,1,2
338,680,339,2,1
338,686,313,0,3
338,688,337,1,2
338,699,313,0,3
338,714,339,2,1
338,717,337,1,2
339,643,338,1,2
339,653,338,1,2
339,656,340,2,1
339,662,364,3,0
339,671,338,1,2
339,688,340,2,1
339,699,314,0,3
339,704,338,1,2
340,630,341,2,1
340,643,339,1,2
340,648,341,2,1
340,653,339,1,2
340,659,341,2,1
340,662,341,2,1
340,671,341,2,1
340,676,341,2,1
340,699,341,2,1
341,643,342,2,1
341,662,366,3,0
341,671,342,2,1
341,691,366,3,0
341,699,316,0,3
342,643,343,2,1
342,653,343,2,1
342,662,367,3,0
342,671,343,2,1
342,684,367,3,0
342,688,343,2,1
342,693,317,0,3
342,699,317,0,3
343,631,368,3,0
343,643,344,2,1
343,647,344,2,1
343,653,344,2,1
343,662,368,3,0
343,667,368,3,0
343,669,318,0,3
343,671,344,2,1
343,673,318,0,3
343,680,368,3,0
343,686,318,0,3
343,688,344,2,1
343,699,318,0,3
343,713,318,0,3
343,714,318,0,3
343,724,318,0,3
344,633,319,0,3
344,640,369,3,0
344,643,345,2,1
344,647,345,2,1
344,653,345,2,1
344,658,369,3,0
344,661,369,3,0
344,662,369,3,0
344,663,345,2,1
344,669,319,0,3
344,671,345,2,1
344,680,369,3,0
344,686,319,0,3
344,688,345,2,1
344,689,369,3,0
344,698,319,0,3
344,699,319,0,3
344,710,369,3,0
344,714,319,0,3
344,717,345,2,1
345,643,346,2,1
345,644,320,0,3
345,647,346,2,1
345,653,346,2,1
345,661,370,3,0
345,662,370,3,0
345,663,346,2,1
345,669,320,0,3
345,671,346,2,1
345,680,370,3,0
345,685,320,0,3
345,686,320,0,3
345,688,346,2,1
345,699,320,0,3
345,714,320,0,3
345,717,346,2,1
346,643,347,2,1
346,644,321,0,3
346,647,347,2,1
346,653,347,2,1
346,655,321,0,3
346,661,371,3,0
346,662,371,3,0
346,663,347,2,1
346,669,321,0,3
346,671,347,2,1
346,680,371,3,0
346,686,321,0,3
346,688,347,2,1
346,699,321,0,3
346,701,347,2,1
346,703,347,2,1
346,714,321,0,3
346,717,347,2,1
347,643,322,0,3
347,644,322,0,3
347,646,348,2,1
347,647,322,0,3
347,652,322,0,3
347,653,322,0,3
347,661,372,3,0
347,662,372,3,0
347,664,348,2,1
347,669,322,0,3
347,671,322,0,3
347,672,348,2,1
347,680,372,3,0
347,686,322,0,3
347,688,322,0,3
347,697,348,2,1
347,699,322,0,3
347,703,322,0,3
347,706,348,2,1
347,712,348,2,1
347,714,322,0,3
347,716,348,2,1
347,721,348,2,1
348,638,349,2,1
348,643,323,0,3
348,644,347,1,2
348,647,323,0,3
348,652,323,0,3
348,653,323,0,3
348,662,347,1,2
348,663,373,3,0
348,669,347,1,2
348,671,323,0,3
348,680,347,1,2
348,686,347,1,2
348,688,323,0,3
348,692,349,2,1
348,694,349,2,1
348,697,349,2,1
348,699,347,1,2
348,703,349,2,1
348,714,347,1,2
348,717,323,0,3
349,627,325,2,3
349,636,325,2,3
349,643,324,0,3
349,644,325,2,3
349,647,324,0,3
349,653,324,0,3
349,657,325,2,3
349,662,348,1,2
349,663,374,3,0
349,669,348,1,2
349,671,324,0,3
349,679,325,2,3
349,680,348,1,2
349,686,348,1,2
349,688,324,0,3
349,697,325,2,3
349,699,348,1,2
349,702,325,2,3
349,708,325,2,3
349,714,348,1,2
349,717,324,0,3
349,722,325,2,3
350,637,351,1,1
350,643,325,0,2
350,647,325,0,2
350,651,351,1,1
350,653,325,0,2
350,660,351,1,1
350,662,374,3,2
350,663,351,1,1
350,669,374,3,2
350,671,325,0,2
350,674,351,1,1
350,680,374,3,2
350,682,351,1,1
350,686,374,3,2
350,688,325,0,2
350,696,351,1,1
350,699,374,3,2
350,705,351,1,1
350,707,351,1,1
350,709,351,1,1
350,714,374,3,2
350,717,351,1,1
350,720,351,1,1
351,625,352,2,1
351,641,352,2,1
351,643,326,0,3
351,647,326,0,3
351,653,326,0,3
351,662,350,1,1
351,666,352,2,1
351,669,352,2,1
351,671,326,0,3
351,680,350,1,1
351,686,352,2,1
351,688,326,0,3
351,699,350,1,1
351,700,352,2,1
351,704,352,2,1
351,714,350,1,1
351,715,352,2,1
351,718,352,2,1
351,723,352,2,1
352,628,353,2,1
352,635,353,2,1
352,642,353,2,1
352,643,327,0,3
352,645,353,2,1
352,650,353,2,1
352,653,353,2,1
352,662,351,1,2
352,671,327,0,3
352,678,353,2,1
352,695,353,2,1
352,699,351,1,2
352,719,353,2,1
353,643,328,0,3
353,662,352,1,2
353,699,352,1,2
354,643,329,0,3
354,653,329,0,3
354,662,355,2,1
354,668,329,0,3
354,671,329,0,3
354,681,329,0,3
354,690,329,0,3
354,699,355,2,1
355,639,330,0,3
355,643,330,0,3
355,647,330,0,3
355,653,330,0,3
355,662,356,2,1
355,669,356,2,1
355,671,330,0,3
355,686,356,2,1
355,688,330,0,3
355,699,356,2,1
356,629,331,0,3
356,634,331,0,3
356,643,331,0,3
356,647,331,0,3
356,653,331,0,3
356,654,381,3,0
356,662,357,2,1
356,663,381,3,0
356,669,357,2,1
356,671,331,0,3
356,680,357,2,1
356,686,357,2,1
356,687,331,0,3
356,688,331,0,3
356,699,357,2,1
356,714,357,2,1
356,717,331,0,3
357,643,332,0,3
357,644,358,2,1
357,647,332,0,3
357,653,332,0,3
357,662,358,2,1
357,663,382,3,0
357,669,358,2,1
357,671,332,0,3
357,680,358,2,1
357,686,358,2,1
357,688,332,0,3
357,697,332,0,3
357,699,358,2,1
357,714,358,2,1
357,717,332,0,3
358,643,333,0,3
358,644,359,2,1
358,647,333,0,3
358,653,333,0,3
358,662,359,2,1
358,663,383,3,0
358,669,359,2,1
358,671,333,0,3
358,680,359,2,1
358,686,359,2,1
358,688,333,0,3
358,697,333,0,3
358,699,359,2,1
358,701,333,0,3
358,703,333,0,3
358,714,359,2,1
358,717,333,0,3
359,643,334,0,3
359,644,334,0,3
359,647,334,0,3
359,653,334,0,3
359,655,384,3,0
359,658,360,2,1
359,662,384,3,0
359,671,334,0,3
359,680,360,2,1
359,686,334,0,3
359,688,334,0,3
359,697,334,0,3
359,699,334,0,3
359,701,334,0,3
359,703,334,0,3
359,714,334,0,3
359,717,334,0,3
360,643,359,1,2
360,644,335,0,3
360,647,359,1,2
360,653,359,1,2
360,655,385,3,0
360,658,361,2,1
360,662,385,3,0
360,663,359,1,2
360,664,359,1,2
360,669,335,0,3
360,671,359,1,2
360,672,359,1,2
360,680,361,2,1
360,686,335,0,3
360,688,359,1,2
360,699,335,0,3
360,701,359,1,2
360,703,359,1,2
360,712,359,1,2
360,714,335,0,3
360,717,359,1,2
361,643,360,1,2
361,644,336,0,3
361,647,360,1,2
361,653,360,1,2
361,658,362,2,1
361,662,386,3,0
361,663,360,1,2
361,669,336,0,3
361,671,360,1,2
361,680,362,2,1
361,686,336,0,3
361,688,360,1,2
361,699,336,0,3
361,703,360,1,2
361,714,336,0,3
361,717,360,1,2
362,632,363,2,1
362,643,361,1,2
362,647,361,1,2
362,653,361,1,2
362,658,658,37,0
362,662,387,3,0
362,663,361,1,2
362,665,363,2,1
362,669,337,0,3
362,671,361,1,2
362,680,363,2,1
362,686,337,0,3
362,688,361,1,2
362,699,337,0,3
362,714,337,0,3
362,717,361,1,2
363,643,362,1,2
363,647,362,1,2
363,653,362,1,2
363,662,388,3,0
363,663,362,1,2
363,669,338,0,3
363,671,362,1,2
363,680,364,2,1
363,686,338,0,3
363,688,362,1,2
363,699,338,0,3
363,714,364,2,1
363,717,362,1,2
364,643,363,1,2
364,653,363,1,2
364,656,365,2,1
364,662,389,3,0
364,671,363,1,2
364,688,365,2,1
364,699,339,0,3
364,704,363,1,2
365,630,366,2,1
365,643,364,1,2
365,648,366,2,1
365,653,364,1,2
365,659,366,2,1
365,662,366,2,1
365,671,366,2,1
365,676,366,2,1
365,699,366,2,1
366,643,367,2,1
366,662,391,3,0
366,671,367,2,1
366,691,391,3,0
366,699,341,0,3
367,643,368,2,1
367,653,368,2,1
367,662,392,3,0
367,671,368,2,1
367,684,392,3,0
367,688,368,2,1
367,693,342,0,3
367,699,342,0,3
368,631,393,3,0
368,643,369,2,1
368,647,369,2,1
368,653,369,2,1
368,662,393,3,0
368,667,393,3,0
368,669,343,0,3
368,671,369,2,1
368,673,393,3,0
368,680,680,59,0
368,686,343,0,3
368,688,369,2,1
368,699,343,0,3
368,713,343,0,3
368,714,343,0,3
368,724,343,0,3
369,633,344,0,3
369,640,394,3,0
369,643,370,2,1
369,647,370,2,1
369,653,370,2,1
369,661,394,3,0
369,662,394,3,0
369,663,370,2,1
369,669,344,0,3
369,671,370,2,1
369,680,368,1,2
369,686,344,0,3
369,688,370,2,1
369,689,394,3,0
369,698,344,0,3
369,699,344,0,3
369,710,394,3,0
369,714,344,0,3
369,717,370,2,1
370,643,371,2,1
370,644,345,0,3
370,647,371,2,1
370,653,371,2,1
370,658,369,1,2
370,662,395,3,0
370,663,371,2,1
370,669,345,0,3
370,671,371,2,1
370,680,369,1,2
370,685,345,0,3
370,686,345,0,3
370,688,371,2,1
370,699,345,0,3
370,714,345,0,3
370,717,371,2,1
371,643,372,2,1
371,644,346,0,3
371,647,372,2,1
371,653,372,2,1
371,655,396,3,0
371,658,370,1,2
371,662,396,3,0
371,663,372,2,1
371,669,346,0,3
371,671,372,2,1
371,680,370,1,2
371,686,346,0,3
371,688,372,2,1
371,699,346,0,3
371,701,372,2,1
371,703,372,2,1
371,714,346,0,3
371,717,372,2,1
372,643,347,0,3
372,644,347,0,3
372,646,373,2,1
372,647,347,0,3
372,653,347,0,3
372,655,397,3,0
372,658,371,1,2
372,662,397,3,0
372,664,373,2,1
372,671,347,0,3
372,672,373,2,1
372,680,371,1,2
372,686,347,0,3
372,688,347,0,3
372,697,347,0,3
372,699,347,0,3
372,701,347,0,3
372,703,347,0,3
372,706,373,2,1
372,712,373,2,1
372,714,347,0,3
372,716,373,2,1
372,717,347,0,3
372,721,373,2,1
373,638,374,2,1
373,643,348,0,3
373,644,372,1,2
373,647,348,0,3
373,653,348,0,3
373,662,372,1,2
373,663,398,3,0
373,669,372,1,2
373,671,348,0,3
373,680,372,1,2
373,686,372,1,2
373,688,348,0,3
373,692,374,2,1
373,694,374,2,1
373,697,348,0,3
373,699,372,1,2
373,703,374,2,1
373,714,372,1,2
373,717,348,0,3
374,627,350,2,3
374,636,350,2,3
374,643,349,0,3
374,644,350,2,3
374,647,349,0,3
374,652,350,2,3
374,653,349,0,3
374,657,350,2,3
374,662,373,1,2
374,663,399,3,0
374,669,373,1,2
374,671,349,0,3
374,679,350,2,3
374,680,373,1,2
374,686,373,1,2
374,688,349,0,3
374,699,373,1,2
374,702,350,2,3
374,708,350,2,3
374,714,373,1,2
374,717,349,0,3
374,722,350,2,3
375,637,376,1,1
375,643,350,0,2
375,647,350,0,2
375,649,376,1,1
375,651,376,1,1
375,653,350,0,2
375,660,376,1,1
375,662,399,3,2
375,663,376,1,1
375,669,399,3,2
375,671,350,0,2
375,674,376,1,1
375,680,399,3,2
375,682,376,1,1
375,683,376,1,1
375,686,399,3,2
375,688,350,0,2
375,696,376,1,1
375,699,399,3,2
375,705,376,1,1
375,707,376,1,1
375,709,376,1,1
375,714,399,3,2
375,717,376,1,1
375,720,376,1,1
376,625,377,2,1
376,641,377,2,1
376,643,351,0,3
376,647,351,0,3
376,653,351,0,3
376,662,375,1,1
376,666,377,2,1
376,669,377,2,1
376,671,351,0,3
376,677,377,2,1
376,680,375,1,1
376,686,377,2,1
376,688,351,0,3
376,699,375,1,1
376,700,377,2,1
376,704,377,2,1
376,714,375,1,1
376,715,377,2,1
376,718,377,2,1
377,626,378,2,1
377,635,378,2,1
377,642,378,2,1
377,643,352,0,3
377,645,378,2,1
377,650,378,2,1
377,653,378,2,1
377,662,376,1,2
377,671,352,0,3
377,678,378,2,1
377,695,378,2,1
377,699,376,1,2
377,719,378,2,1
378,643,353,0,3
378,662,377,1,2
378,699,377,1,2
379,643,354,0,3
379,653,354,0,3
379,662,380,2,1
379,668,354,0,3
379,671,354,0,3
379,681,354,0,3
379,690,354,0,3
379,699,380,2,1
380,639,355,0,3
380,643,355,0,3
380,647,355,0,3
380,653,355,0,3
380,662,381,2,1
380,669,381,2,1
380,671,355,0,3
380,686,381,2,1
380,688,355,0,3
380,699,381,2,1
381,629,356,0,3
381,634,356,0,3
381,637,637,16,0
381,643,356,0,3
381,647,356,0,3
381,653,356,0,3
381,654,406,3,0
381,662,382,2,1
381,663,406,3,0
381,669,382,2,1
381,671,356,0,3
381,680,382,2,1
381,686,382,2,1
381,687,356,0,3
381,688,356,0,3
381,699,382,2,1
381,714,382,2,1
381,717,356,0,3
382,637,381,1,2
382,643,357,0,3
382,644,383,2,1
382,647,357,0,3
382,653,357,0,3
382,662,383,2,1
382,663,407,3,0
382,669,383,2,1
382,671,357,0,3
382,680,383,2,1
382,686,383,2,1
382,688,357,0,3
382,699,383,2,1
382,714,383,2,1
382,717,357,0,3
383,637,382,1,2
383,643,358,0,3
383,644,384,2,1
383,647,358,0,3
383,653,358,0,3
383,662,384,2,1
383,663,408,3,0
383,669,384,2,1
383,671,358,0,3
383,680,384,2,1
383,686,384,2,1
383,688,358,0,3
383,699,384,2,1
383,701,358,0,3
383,703,358,0,3
383,714,384,2,1
383,717,358,0,3
384,637,383,1,2
384,643,359,0,3
384,644,359,0,3
384,647,359,0,3
384,653,359,0,3
384,655,409,3,0
384,658,359,0,3
384,662,409,3,0
384,663,409,3,0
384,671,359,0,3
384,686,359,0,3
384,688,359,0,3
384,699,359,0,3
384,701,359,0,3
384,703,359,0,3
384,714,359,0,3
384,717,359,0,3
385,643,384,1,2
385,644,360,0,3
385,647,384,1,2
385,653,384,1,2
385,655,410,3,0
385,658,360,0,3
385,662,410,3,0
385,663,384,1,2
385,664,384,1,2
385,669,360,0,3
385,671,384,1,2
385,672,384,1,2
385,680,360,0,3
385,686,360,0,3
385,688,384,1,2
385,699,360,0,3
385,701,384,1,2
385,703,384,1,2
385,712,384,1,2
385,714,360,0,3
385,717,384,1,2
386,643,385,1,2
386,644,361,0,3
386,647,385,1,2
386,653,385,1,2
386,658,361,0,3
386,662,411,3,0
386,663,385,1,2
386,669,361,0,3
386,671,385,1,2
386,680,361,0,3
386,686,361,0,3
386,688,385,1,2
386,699,361,0,3
386,703,385,1,2
386,714,361,0,3
386,717,385,1,2
387,632,388,2,1
387,643,386,1,2
387,647,386,1,2
387,653,386,1,2
387,658,362,0,3
387,662,412,3,0
387,663,386,1,2
387,665,388,2,1
387,669,362,0,3
387,671,386,1,2
387,680,362,0,3
387,686,362,0,3
387,688,386,1,2
387,699,362,0,3
387,714,362,0,3
387,717,386,1,2
388,643,387,1,2
388,647,387,1,2
388,653,387,1,2
388,662,413,3,0
388,663,387,1,2
388,669,363,0,3
388,671,387,1,2
388,680,389,2,1
388,686,363,0,3
388,688,387,1,2
388,699,363,0,3
388,714,389,2,1
388,717,387,1,2
389,643,388,1,2
389,653,388,1,2
389,662,414,3,0
389,671,388,1,2
389,688,390,2,1
389,699,364,0,3
389,704,388,1,2
390,630,391,2,1
390,643,389,1,2
390,648,391,2,1
390,653,389,1,2
390,659,391,2,1
390,662,391,2,1
390,671,391,2,1
390,676,391,2,1
390,699,391,2,1
391,643,392,2,1
391,662,416,3,0
391,671,392,2,1
391,691,416,3,0
391,699,366,0,3
392,643,393,2,1
392,653,393,2,1
392,662,417,3,0
392,671,393,2,1
392,688,393,2,1
392,693,417,3,0
392,699,367,0,3
393,643,394,2,1
393,647,394,2,1
393,653,394,2,1
393,662,418,3,0
393,667,418,3,0
393,669,368,0,3
393,671,394,2,1
393,673,418,3,0
393,680,368,0,3
393,686,368,0,3
393,688,394,2,1
393,699,368,0,3
393,713,418,3,0
393,714,368,0,3
393,724,368,0,3
394,633,369,0,3
394,640,419,3,0
394,643,395,2,1
394,647,395,2,1
394,653,395,2,1
394,658,369,0,3
394,661,419,3,0
394,662,419,3,0
394,663,395,2,1
394,669,369,0,3
394,671,395,2,1
394,680,369,0,3
394,686,369,0,3
394,688,395,2,1
394,689,419,3,0
394,698,369,0,3
394,699,369,0,3
394,714,369,0,3
394,717,395,2,1
395,643,396,2,1
395,644,370,0,3
395,647,396,2,1
395,653,396,2,1
395,658,370,0,3
395,662,420,3,0
395,663,396,2,1
395,669,370,0,3
395,671,396,2,1
395,680,370,0,3
395,685,370,0,3
395,686,370,0,3
395,688,396,2,1
395,699,370,0,3
395,714,370,0,3
395,717,396,2,1
396,643,397,2,1
396,644,371,0,3
396,647,397,2,1
396,653,397,2,1
396,655,421,3,0
396,658,371,0,3
396,662,421,3,0
396,663,397,2,1
396,669,371,0,3
396,671,397,2,1
396,680,371,0,3
396,686,371,0,3
396,688,397,2,1
396,699,371,0,3
396,701,397,2,1
396,703,397,2,1
396,714,371,0,3
396,717,397,2,1
397,637,398,2,1
397,643,372,0,3
397,644,372,0,3
397,646,398,2,1
397,647,372,0,3
397,653,372,0,3
397,655,422,3,0
397,658,372,0,3
397,662,422,3,0
397,663,422,3,0
397,664,398,2,1
397,671,372,0,3
397,672,398,2,1
397,686,372,0,3
397,688,372,0,3
397,699,372,0,3
397,701,372,0,3
397,703,372,0,3
397,706,398,2,1
397,712,398,2,1
397,714,372,0,3
397,716,398,2,1
397,717,372,0,3
397,721,398,2,1
398,637,399,2,1
398,638,399,2,1
398,643,373,0,3
398,644,397,1,2
398,647,373,0,3
398,653,373,0,3
398,662,397,1,2
398,663,423,3,0
398,669,397,1,2
398,671,373,0,3
398,680,397,1,2
398,686,397,1,2
398,688,373,0,3
398,692,399,2,1
398,694,399,2,1
398,699,397,1,2
398,703,399,2,1
398,714,397,1,2
398,717,373,0,3
399,627,375,2,3
399,636,375,2,3
399,637,375,2,3
399,643,374,0,3
399,647,374,0,3
399,652,375,2,3
399,653,374,0,3
399,657,375,2,3
399,662,398,1,2
399,663,424,3,0
399,669,398,1,2
399,671,374,0,3
399,679,375,2,3
399,680,398,1,2
399,686,398,1,2
399,688,374,0,3
399,697,375,2,3
399,699,398,1,2
399,702,375,2,3
399,708,375,2,3
399,714,398,1,2
399,717,374,0,3
399,722,375,2,3
400,643,375,0,2
400,647,375,0,2
400,649,401,1,1
400,651,401,1,1
400,653,375,0,2
400,660,401,1,1
400,662,424,3,2
400,663,401,1,1
400,669,424,3,2
400,671,375,0,2
400,674,401,1,1
400,680,424,3,2
400,682,401,1,1
400,683,401,1,1
400,686,424,3,2
400,688,375,0,2
400,696,401,1,1
400,699,424,3,2
400,705,401,1,1
400,707,401,1,1
400,709,401,1,1
400,714,424,3,2
400,717,401,1,1
400,720,401,1,1
401,625,402,2,1
401,641,402,2,1
401,643,376,0,3
401,647,376,0,3
401,653,376,0,3
401,662,400,1,1
401,666,402,2,1
401,669,402,2,1
401,671,376,0,3
401,677,402,2,1
401,680,400,1,1
401,686,402,2,1
401,688,376,0,3
401,699,400,1,1
401,700,402,2,1
401,704,402,2,1
401,714,400,1,1
401,715,402,2,1
401,718,402,2,1
401,723,402,2,1
402,626,403,2,1
402,628,403,2,1
402,635,403,2,1
402,642,403,2,1
402,643,377,0,3
402,645,403,2,1
402,650,403,2,1
402,653,403,2,1
402,662,401,1,2
402,671,377,0,3
402,695,403,2,1
402,699,401,1,2
402,719,403,2,1
403,643,378,0,3
403,662,402,1,2
403,699,402,1,2
404,643,379,0,3
404,653,379,0,3
404,662,405,2,1
404,668,379,0,3
404,671,379,0,3
404,681,379,0,3
404,690,429,3,0
404,699,405,2,1
405,639,380,0,3
405,643,380,0,3
405,647,380,0,3
405,653,380,0,3
405,662,406,2,1
405,669,406,2,1
405,671,380,0,3
405,686,406,2,1
405,688,380,0,3
405,699,406,2,1
406,629,381,0,3
406,634,381,0,3
406,637,381,0,3
406,643,381,0,3
406,647,381,0,3
406,653,381,0,3
406,654,431,3,0
406,662,407,2,1
406,663,431,3,0
406,669,407,2,1
406,671,381,0,3
406,680,407,2,1
406,686,407,2,1
406,687,381,0,3
406,688,381,0,3
406,699,407,2,1
406,714,407,2,1
406,717,381,0,3
407,637,382,0,3
407,643,382,0,3
407,644,408,2,1
407,647,382,0,3
407,653,382,0,3
407,662,408,2,1
407,663,432,3,0
407,669,408,2,1
407,671,382,0,3
407,680,408,2,1
407,686,408,2,1
407,688,382,0,3
407,699,408,2,1
407,714,408,2,1
407,717,382,0,3
408,637,383,0,3
408,643,383,0,3
408,644,409,2,1
408,647,383,0,3
408,653,383,0,3
408,662,409,2,1
408,663,433,3,0
408,669,409,2,1
408,671,383,0,3
408,680,409,2,1
408,686,409,2,1
408,688,383,0,3
408,699,409,2,1
408,701,383,0,3
408,703,383,0,3
408,714,409,2,1
408,717,383,0,3
409,637,384,0,3
409,643,384,0,3
409,647,384,0,3
409,653,384,0,3
409,662,434,3,0
409,663,434,3,0
409,669,434,3,0
409,671,384,0,3
409,686,384,0,3
409,688,384,0,3
409,699,434,3,0
409,701,384,0,3
409,703,384,0,3
409,714,384,0,3
409,717,384,0,3
410,643,409,1,2
410,644,385,0,3
410,647,409,1,2
410,653,409,1,2
410,655,435,3,0
410,662,435,3,0
410,663,409,1,2
410,664,409,1,2
410,669,435,3,0
410,671,409,1,2
410,672,409,1,2
410,680,385,0,3
410,686,385,0,3
410,688,409,1,2
410,699,435,3,0
410,701,409,1,2
410,703,409,1,2
410,712,409,1,2
410,714,385,0,3
410,717,409,1,2
411,643,410,1,2
411,644,386,0,3
411,647,410,1,2
411,653,410,1,2
411,662,436,3,0
411,663,410,1,2
411,669,436,3,0
411,671,410,1,2
411,680,386,0,3
411,686,386,0,3
411,688,410,1,2
411,699,436,3,0
411,703,410,1,2
411,714,386,0,3
411,717,410,1,2
412,632,413,2,1
412,643,411,1,2
412,647,411,1,2
412,653,411,1,2
412,662,437,3,0
412,663,411,1,2
412,665,413,2,1
412,669,437,3,0
412,671,411,1,2
412,680,387,0,3
412,686,387,0,3
412,688,411,1,2
412,699,437,3,0
412,714,387,0,3
412,717,411,1,2
413,643,412,1,2
413,647,412,1,2
413,653,412,1,2
413,662,438,3,0
413,663,412,1,2
413,669,438,3,0
413,671,412,1,2
413,680,414,2,1
413,686,388,0,3
413,688,412,1,2
413,699,438,3,0
413,714,414,2,1
413,717,412,1,2
414,643,413,1,2
414,653,413,1,2
414,656,415,2,1
414,662,439,3,0
414,671,413,1,2
414,699,439,3,0
414,704,413,1,2
415,630,416,2,1
415,643,414,1,2
415,653,414,1,2
415,659,416,2,1
415,662,416,2,1
415,671,416,2,1
415,676,416,2,1
415,699,416,2,1
416,643,417,2,1
416,662,441,3,0
416,671,417,2,1
416,691,441,3,0
416,699,441,3,0
417,643,418,2,1
417,653,418,2,1
417,662,442,3,0
417,671,418,2,1
417,684,392,0,3
417,688,418,2,1
417,693,442,3,0
417,699,442,3,0
418,631,393,0,3
418,643,419,2,1
418,647,419,2,1
418,653,419,2,1
418,662,443,3,0
418,667,443,3,0
418,669,443,3,0
418,671,419,2,1
418,673,443,3,0
418,680,393,0,3
418,686,393,0,3
418,688,419,2,1
418,699,443,3,0
418,713,443,3,0
418,714,393,0,3
418,724,393,0,3
419,633,394,0,3
419,640,444,3,0
419,643,420,2,1
419,647,420,2,1
419,653,420,2,1
419,658,394,0,3
419,661,444,3,0
419,662,444,3,0
419,663,420,2,1
419,669,444,3,0
419,671,420,2,1
419,680,394,0,3
419,686,394,0,3
419,688,420,2,1
419,689,444,3,0
419,698,394,0,3
419,699,444,3,0
419,710,394,0,3
419,714,394,0,3
419,717,420,2,1
420,643,421,2,1
420,644,395,0,3
420,647,421,2,1
420,653,421,2,1
420,662,445,3,0
420,663,421,2,1
420,669,445,3,0
420,671,421,2,1
420,680,395,0,3
420,685,395,0,3
420,686,395,0,3
420,688,421,2,1
420,699,445,3,0
420,714,395,0,3
420,717,421,2,1
421,643,422,2,1
421,644,396,0,3
421,647,422,2,1
421,653,422,2,1
421,655,446,3,0
421,662,446,3,0
421,663,422,2,1
421,669,446,3,0
421,671,422,2,1
421,680,396,0,3
421,686,396,0,3
421,688,422,2,1
421,699,446,3,0
421,701,422,2,1
421,703,422,2,1
421,714,396,0,3
421,717,422,2,1
422,637,397,0,3
422,643,397,0,3
422,646,423,2,1
422,647,397,0,3
422,653,397,0,3
422,662,447,3,0
422,663,447,3,0
422,664,423,2,1
422,669,447,3,0
422,671,397,0,3
422,672,423,2,1
422,686,397,0,3
422,688,397,0,3
422,699,447,3,0
422,701,397,0,3
422,703,397,0,3
422,706,423,2,1
422,712,423,2,1
422,714,397,0,3
422,716,423,2,1
422,717,397,0,3
422,721,423,2,1
423,637,398,0,3
423,638,424,2,1
423,643,398,0,3
423,644,422,1,2
423,647,398,0,3
423,653,398,0,3
423,662,422,1,2
423,663,448,3,0
423,669,422,1,2
423,671,398,0,3
423,680,422,1,2
423,686,422,1,2
423,688,398,0,3
423,692,424,2,1
423,694,424,2,1
423,699,422,1,2
423,703,424,2,1
423,714,422,1,2
423,717,398,0,3
424,627,400,2,3
424,636,400,2,3
424,637,399,0,3
424,643,399,0,3
424,644,400,2,3
424,647,399,0,3
424,652,400,2,3
424,653,399,0,3
424,657,400,2,3
424,662,423,1,2
424,663,449,3,0
424,669,423,1,2
424,671,399,0,3
424,679,400,2,3
424,680,423,1,2
424,686,423,1,2
424,688,399,0,3
424,697,400,2,3
424,699,423,1,2
424,702,400,2,3
424,708,400,2,3
424,714,423,1,2
424,717,399,0,3
424,722,400,2,3
425,637,426,1,1
425,643,400,0,2
425,647,400,0,2
425,649,426,1,1
425,651,426,1,1
425,653,400,0,2
425,660,426,1,1
425,662,449,3,2
425,663,426,1,1
425,669,449,3,2
425,671,400,0,2
425,674,426,1,1
425,680,449,3,2
425,682,426,1,1
425,683,426,1,1
425,686,449,3,2
425,688,400,0,2
425,696,426,1,1
425,699,449,3,2
425,705,426,1,1
425,707,426,1,1
425,709,426,1,1
425,714,449,3,2
425,717,426,1,1
425,720,426,1,1
426,625,427,2,1
426,641,427,2,1
426,643,401,0,3
426,647,401,0,3
426,653,401,0,3
426,662,425,1,1
426,666,427,2,1
426,669,427,2,1
426,671,401,0,3
426,677,427,2,1
426,680,425,1,1
426,686,427,2,1
426,688,401,0,3
426,699,425,1,1
426,700,427,2,1
426,704,427,2,1
426,714,425,1,1
426,715,427,2,1
426,718,427,2,1
426,723,427,2,1
427,626,428,2,1
427,628,428,2,1
427,635,428,2,1
427,642,428,2,1
427,643,402,0,3
427,645,428,2,1
427,650,428,2,1
427,653,428,2,1
427,662,426,1,2
427,671,402,0,3
427,678,428,2,1
427,695,428,2,1
427,699,426,1,2
427,719,428,2,1
428,643,403,0,3
428,662,427,1,2
428,699,427,1,2
429,643,404,0,3
429,653,404,0,3
429,662,430,2,1
429,668,404,0,3
429,671,404,0,3
429,681,404,0,3
429,690,454,3,0
429,699,430,2,1
430,639,405,0,3
430,643,405,0,3
430,647,405,0,3
430,653,405,0,3
430,662,431,2,1
430,669,431,2,1
430,671,405,0,3
430,686,431,2,1
430,688,405,0,3
430,699,431,2,1
431,629,406,0,3
431,634,406,0,3
431,643,406,0,3
431,647,406,0,3
431,653,406,0,3
431,654,456,3,0
431,662,432,2,1
431,663,456,3,0
431,669,432,2,1
431,671,406,0,3
431,680,432,2,1
431,686,432,2,1
431,687,406,0,3
431,688,406,0,3
431,699,432,2,1
431,714,432,2,1
431,717,406,0,3
432,643,407,0,3
432,644,433,2,1
432,647,407,0,3
432,653,407,0,3
432,662,433,2,1
432,663,457,3,0
432,669,433,2,1
432,671,407,0,3
432,680,433,2,1
432,686,433,2,1
432,688,407,0,3
432,699,433,2,1
432,714,433,2,1
432,717,407,0,3
433,643,408,0,3
433,644,434,2,1
433,647,408,0,3
433,653,408,0,3
433,662,434,2,1
433,663,458,3,0
433,669,434,2,1
433,671,408,0,3
433,680,434,2,1
433,686,434,2,1
433,688,408,0,3
433,699,434,2,1
433,701,458,3,0
433,703,458,3,0
433,714,434,2,1
433,717,408,0,3
434,643,409,0,3
434,647,409,0,3
434,653,409,0,3
434,662,435,2,1
434,663,459,3,0
434,669,459,3,0
434,671,409,0,3
434,686,409,0,3
434,699,459,3,0
434,704,409,0,3
434,712,409,0,3
434,717,409,0,3
435,643,434,1,2
435,644,410,0,3
435,647,434,1,2
435,653,434,1,2
435,655,460,3,0
435,662,436,2,1
435,663,434,1,2
435,664,434,1,2
435,669,460,3,0
435,671,434,1,2
435,672,434,1,2
435,680,410,0,3
435,686,410,0,3
435,688,434,1,2
435,699,460,3,0
435,701,434,1,2
435,703,434,1,2
435,704,410,0,3
435,712,434,1,2
435,714,460,3,0
435,717,434,1,2
436,643,435,1,2
436,644,411,0,3
436,647,435,1,2
436,653,435,1,2
436,662,437,2,1
436,663,435,1,2
436,669,461,3,0
436,671,435,1,2
436,680,411,0,3
436,686,411,0,3
436,688,435,1,2
436,699,461,3,0
436,703,435,1,2
436,704,411,0,3
436,714,461,3,0
436,717,435,1,2
437,632,438,2,1
437,643,436,1,2
437,647,436,1,2
437,653,436,1,2
437,662,438,2,1
437,663,436,1,2
437,665,438,2,1
437,669,462,3,0
437,671,436,1,2
437,680,412,0,3
437,686,412,0,3
437,688,436,1,2
437,699,462,3,0
437,704,412,0,3
437,714,462,3,0
437,717,436,1,2
438,643,437,1,2
438,647,437,1,2
438,653,437,1,2
438,662,439,2,1
438,663,437,1,2
438,669,463,3,0
438,671,437,1,2
438,680,439,2,1
438,686,413,0,3
438,688,437,1,2
438,699,463,3,0
438,704,413,0,3
438,714,439,2,1
438,717,437,1,2
439,643,438,1,2
439,653,438,1,2
439,656,440,2,1
439,662,440,2,1
439,671,438,1,2
439,688,440,2,1
439,699,464,3,0
439,704,438,1,2
440,630,441,2,1
440,643,439,1,2
440,648,441,2,1
440,653,439,1,2
440,659,441,2,1
440,662,441,2,1
440,671,441,2,1
440,676,441,2,1
440,699,441,2,1
441,643,442,2,1
441,662,662,41,0
441,671,442,2,1
441,691,466,3,0
441,699,466,3,0
442,643,443,2,1
442,653,443,2,1
442,662,441,1,2
442,671,443,2,1
442,684,417,0,3
442,688,443,2,1
442,693,467,3,0
442,699,467,3,0
443,631,418,0,3
443,643,444,2,1
443,647,444,2,1
443,653,444,2,1
443,662,442,1,2
443,667,468,3,0
443,669,468,3,0
443,671,444,2,1
443,673,468,3,0
443,680,418,0,3
443,686,418,0,3
443,688,444,2,1
443,699,468,3,0
443,704,418,0,3
443,713,468,3,0
443,714,468,3,0
443,724,418,0,3
444,633,419,0,3
444,640,469,3,0
444,643,445,2,1
444,647,445,2,1
444,653,445,2,1
444,658,419,0,3
444,661,469,3,0
444,662,443,1,2
444,663,445,2,1
444,669,469,3,0
444,671,445,2,1
444,680,419,0,3
444,686,419,0,3
444,688,445,2,1
444,689,469,3,0
444,698,419,0,3
444,699,469,3,0
444,704,419,0,3
444,710,419,0,3
444,714,469,3,0
444,717,445,2,1
445,643,446,2,1
445,644,420,0,3
445,647,446,2,1
445,653,446,2,1
445,662,444,1,2
445,663,446,2,1
445,669,470,3,0
445,671,446,2,1
445,680,420,0,3
445,685,420,0,3
445,686,420,0,3
445,688,446,2,1
445,699,470,3,0
445,704,420,0,3
445,714,470,3,0
445,717,446,2,1
446,643,447,2,1
446,644,421,0,3
446,647,447,2,1
446,653,447,2,1
446,655,471,3,0
446,662,445,1,2
446,663,447,2,1
446,669,471,3,0
446,671,447,2,1
446,680,421,0,3
446,686,421,0,3
446,688,447,2,1
446,699,471,3,0
446,701,447,2,1
446,703,447,2,1
446,704,421,0,3
446,714,471,3,0
446,717,447,2,1
447,643,422,0,3
447,646,448,2,1
447,647,422,0,3
447,653,422,0,3
447,662,446,1,2
447,663,472,3,0
447,664,448,2,1
447,669,472,3,0
447,671,422,0,3
447,672,448,2,1
447,686,422,0,3
447,699,472,3,0
447,704,422,0,3
447,706,448,2,1
447,712,448,2,1
447,716,448,2,1
447,717,422,0,3
447,721,448,2,1
448,638,449,2,1
448,643,423,0,3
448,644,447,1,2
448,647,423,0,3
448,653,423,0,3
448,662,447,1,2
448,663,473,3,0
448,669,447,1,2
448,671,423,0,3
448,680,447,1,2
448,686,447,1,2
448,688,423,0,3
448,692,449,2,1
448,694,449,2,1
448,699,447,1,2
448,703,449,2,1
448,714,447,1,2
448,717,423,0,3
449,627,425,2,3
449,636,425,2,3
449,643,424,0,3
449,644,425,2,3
449,647,424,0,3
449,652,425,2,3
449,653,424,0,3
449,657,425,2,3
449,662,448,1,2
449,663,474,3,0
449,669,448,1,2
449,671,424,0,3
449,679,425,2,3
449,680,448,1,2
449,686,448,1,2
449,688,424,0,3
449,697,425,2,3
449,699,448,1,2
449,702,425,2,3
449,708,425,2,3
449,714,448,1,2
449,717,424,0,3
449,722,425,2,3
450,637,451,1,1
450,643,425,0,2
450,647,425,0,2
450,649,451,1,1
450,651,451,1,1
450,653,425,0,2
450,660,451,1,1
450,662,474,3,2
450,663,451,1,1
450,669,474,3,2
450,671,425,0,2
450,674,451,1,1
450,680,474,3,2
450,682,451,1,1
450,683,451,1,1
450,686,474,3,2
450,688,475,2,0
450,696,451,1,1
450,699,474,3,2
450,705,451,1,1
450,707,451,1,1
450,709,451,1,1
450,714,474,3,2
450,717,451,1,1
450,720,451,1,1
451,625,452,2,1
451,641,452,2,1
451,643,426,0,3
451,647,426,0,3
451,653,426,0,3
451,662,450,1,1
451,666,452,2,1
451,669,452,2,1
451,671,426,0,3
451,677,452,2,1
451,680,450,1,1
451,686,452,2,1
451,688,476,3,0
451,699,450,1,1
451,700,452,2,1
451,704,452,2,1
451,714,450,1,1
451,715,452,2,1
451,718,452,2,1
451,723,452,2,1
452,626,453,2,1
452,628,453,2,1
452,635,453,2,1
452,642,453,2,1
452,643,427,0,3
452,645,453,2,1
452,650,453,2,1
452,653,453,2,1
452,662,451,1,2
452,671,427,0,3
452,678,453,2,1
452,695,453,2,1
452,699,451,1,2
452,719,453,2,1
453,643,428,0,3
453,662,452,1,2
453,699,452,1,2
454,643,429,0,3
454,653,429,0,3
454,662,455,2,1
454,668,429,0,3
454,671,429,0,3
454,681,429,0,3
454,690,479,3,0
454,699,455,2,1
455,639,430,0,3
455,643,430,0,3
455,647,430,0,3
455,653,430,0,3
455,662,456,2,1
455,669,456,2,1
455,671,430,0,3
455,686,456,2,1
455,688,480,3,0
455,699,456,2,1
456,629,481,3,0
456,634,431,0,3
456,643,431,0,3
456,647,431,0,3
456,651,481,3,0
456,653,431,0,3
456,662,457,2,1
456,663,481,3,0
456,669,457,2,1
456,671,431,0,3
456,680,457,2,1
456,686,457,2,1
456,687,431,0,3
456,688,481,3,0
456,699,457,2,1
456,714,457,2,1
456,717,431,0,3
457,643,432,0,3
457,644,458,2,1
457,647,432,0,3
457,651,482,3,0
457,653,432,0,3
457,662,458,2,1
457,663,482,3,0
457,669,458,2,1
457,671,432,0,3
457,680,458,2,1
457,686,458,2,1
457,688,482,3,0
457,699,458,2,1
457,714,458,2,1
457,717,432,0,3
458,643,433,0,3
458,644,459,2,1
458,647,433,0,3
458,651,483,3,0
458,653,433,0,3
458,662,459,2,1
458,663,483,3,0
458,669,459,2,1
458,671,433,0,3
458,680,459,2,1
458,686,459,2,1
458,688,483,3,0
458,699,459,2,1
458,701,483,3,0
458,703,483,3,0
458,714,459,2,1
458,717,433,0,3
459,643,434,0,3
459,647,434,0,3
459,651,484,3,0
459,653,434,0,3
459,662,434,0,3
459,663,484,3,0
459,664,434,0,3
459,669,484,3,0
459,671,434,0,3
459,680,434,0,3
459,686,434,0,3
459,688,484,3,0
459,699,484,3,0
459,717,434,0,3
460,643,459,1,2
460,644,435,0,3
460,647,459,1,2
460,653,459,1,2
460,655,485,3,0
460,662,435,0,3
460,663,459,1,2
460,664,459,1,2
460,669,485,3,0
460,671,459,1,2
460,672,459,1,2
460,680,435,0,3
460,686,435,0,3
460,688,459,1,2
460,699,485,3,0
460,701,459,1,2
460,703,459,1,2
460,712,459,1,2
460,714,485,3,0
460,717,459,1,2
461,643,460,1,2
461,644,436,0,3
461,647,460,1,2
461,653,460,1,2
461,662,436,0,3
461,663,460,1,2
461,669,486,3,0
461,671,460,1,2
461,680,436,0,3
461,686,436,0,3
461,688,460,1,2
461,699,486,3,0
461,703,460,1,2
461,714,486,3,0
461,717,460,1,2
462,632,463,2,1
462,643,461,1,2
462,647,461,1,2
462,653,461,1,2
462,662,437,0,3
462,663,461,1,2
462,665,463,2,1
462,669,487,3,0
462,671,461,1,2
462,680,437,0,3
462,686,437,0,3
462,688,461,1,2
462,699,487,3,0
462,714,487,3,0
462,717,461,1,2
463,643,462,1,2
463,647,462,1,2
463,653,462,1,2
463,662,438,0,3
463,663,462,1,2
463,669,488,3,0
463,671,462,1,2
463,680,464,2,1
463,686,438,0,3
463,688,462,1,2
463,699,488,3,0
463,714,464,2,1
463,717,462,1,2
464,643,463,1,2
464,653,463,1,2
464,656,465,2,1
464,662,439,0,3
464,671,463,1,2
464,688,465,2,1
464,699,489,3,0
464,704,463,1,2
465,630,466,2,1
465,643,464,1,2
465,648,466,2,1
465,653,464,1,2
465,659,466,2,1
465,662,466,2,1
465,671,466,2,1
465,676,466,2,1
465,699,466,2,1
466,643,467,2,1
466,662,441,0,3
466,671,467,2,1
466,691,491,3,0
466,699,491,3,0
467,643,468,2,1
467,653,468,2,1
467,662,442,0,3
467,671,468,2,1
467,684,442,0,3
467,688,468,2,1
467,693,492,3,0
467,699,492,3,0
468,631,443,0,3
468,643,469,2,1
468,647,469,2,1
468,653,469,2,1
468,662,443,0,3
468,667,493,3,0
468,669,493,3,0
468,671,469,2,1
468,673,493,3,0
468,680,443,0,3
468,686,443,0,3
468,688,469,2,1
468,699,493,3,0
468,713,493,3,0
468,714,493,3,0
468,724,493,3,0
469,633,444,0,3
469,640,494,3,0
469,643,470,2,1
469,647,470,2,1
469,653,470,2,1
469,658,444,0,3
469,661,494,3,0
469,662,444,0,3
469,663,470,2,1
469,669,494,3,0
469,671,470,2,1
469,680,444,0,3
469,686,444,0,3
469,688,470,2,1
469,689,494,3,0
469,698,444,0,3
469,699,494,3,0
469,710,444,0,3
469,714,494,3,0
469,717,470,2,1
470,643,471,2,1
470,644,445,0,3
470,647,471,2,1
470,653,471,2,1
470,662,445,0,3
470,663,471,2,1
470,669,495,3,0
470,671,471,2,1
470,680,445,0,3
470,685,445,0,3
470,686,445,0,3
470,688,471,2,1
470,699,495,3,0
470,714,495,3,0
470,717,471,2,1
471,643,472,2,1
471,644,446,0,3
471,647,472,2,1
471,653,472,2,1
471,655,496,3,0
471,662,446,0,3
471,663,472,2,1
471,669,496,3,0
471,671,472,2,1
471,680,446,0,3
471,686,446,0,3
471,688,472,2,1
471,699,496,3,0
471,701,472,2,1
471,703,472,2,1
471,714,496,3,0
471,717,472,2,1
472,643,447,0,3
472,646,473,2,1
472,647,447,0,3
472,651,497,3,0
472,653,447,0,3
472,662,447,0,3
472,663,497,3,0
472,664,473,2,1
472,669,497,3,0
472,671,447,0,3
472,672,473,2,1
472,680,447,0,3
472,686,447,0,3
472,688,497,3,0
472,699,497,3,0
472,706,473,2,1
472,712,473,2,1
472,716,473,2,1
472,717,447,0,3
472,721,473,2,1
473,638,474,2,1
473,643,448,0,3
473,644,472,1,2
473,647,448,0,3
473,651,498,3,0
473,653,448,0,3
473,662,472,1,2
473,663,498,3,0
473,669,472,1,2
473,671,448,0,3
473,680,472,1,2
473,686,472,1,2
473,688,498,3,0
473,692,474,2,1
473,694,474,2,1
473,699,472,1,2
473,703,474,2,1
473,714,472,1,2
473,717,448,0,3
474,627,450,2,3
474,636,450,2,3
474,643,449,0,3
474,644,450,2,3
474,647,449,0,3
474,651,499,3,0
474,652,450,2,3
474,653,449,0,3
474,657,450,2,3
474,662,473,1,2
474,663,499,3,0
474,669,473,1,2
474,671,449,0,3
474,679,450,2,3
474,680,473,1,2
474,686,473,1,2
474,688,499,3,0
474,697,450,2,3
474,699,473,1,2
474,702,450,2,3
474,708,450,2,3
474,714,473,1,2
474,717,449,0,3
474,722,450,2,3
475,637,476,1,1
475,643,450,0,2
475,647,450,0,2
475,649,476,1,1
475,651,476,1,1
475,653,500,2,0
475,660,476,1,1
475,662,499,3,2
475,663,476,1,1
475,669,499,3,2
475,671,450,0,2
475,674,476,1,1
475,680,499,3,2
475,682,476,1,1
475,683,476,1,1
475,686,499,3,2
475,688,500,2,0
475,696,476,1,1
475,699,499,3,2
475,705,476,1,1
475,707,476,1,1
475,709,476,1,1
475,714,499,3,2
475,717,476,1,1
475,720,476,1,1
476,625,477,2,1
476,641,477,2,1
476,643,451,0,3
476,647,451,0,3
476,653,501,3,0
476,662,475,1,1
476,666,477,2,1
476,669,477,2,1
476,671,451,0,3
476,677,477,2,1
476,680,475,1,1
476,686,477,2,1
476,688,501,3,0
476,699,475,1,1
476,700,477,2,1
476,704,477,2,1
476,714,475,1,1
476,715,477,2,1
476,718,477,2,1
476,723,477,2,1
477,626,478,2,1
477,628,478,2,1
477,635,478,2,1
477,642,478,2,1
477,643,452,0,3
477,645,478,2,1
477,650,478,2,1
477,653,478,2,1
477,662,476,1,2
477,671,452,0,3
477,678,478,2,1
477,695,478,2,1
477,699,476,1,2
477,719,478,2,1
478,643,453,0,3
478,662,477,1,2
478,699,477,1,2
479,643,454,0,3
479,653,504,3,0
479,662,480,2,1
479,668,504,3,0
479,671,454,0,3
479,681,454,0,3
479,690,504,3,0
479,699,480,2,1
480,639,505,3,0
480,643,455,0,3
480,647,455,0,3
480,653,505,3,0
480,662,481,2,1
480,669,481,2,1
480,671,455,0,3
480,686,481,2,1
480,688,505,3,0
480,699,481,2,1
481,629,506,3,0
481,634,456,0,3
481,643,456,0,3
481,647,456,0,3
481,653,506,3,0
481,654,456,0,3
481,662,482,2,1
481,663,506,3,0
481,669,482,2,1
481,671,456,0,3
481,680,482,2,1
481,686,482,2,1
481,687,506,3,0
481,688,506,3,0
481,699,482,2,1
481,714,482,2,1
481,717,456,0,3
482,643,457,0,3
482,644,483,2,1
482,647,457,0,3
482,653,507,3,0
482,662,483,2,1
482,663,507,3,0
482,669,483,2,1
482,671,457,0,3
482,680,483,2,1
482,686,483,2,1
482,688,507,3,0
482,699,483,2,1
482,714,483,2,1
482,717,457,0,3
483,643,458,0,3
483,644,484,2,1
483,647,458,0,3
483,653,508,3,0
483,662,484,2,1
483,663,508,3,0
483,669,484,2,1
483,671,458,0,3
483,680,484,2,1
483,686,484,2,1
483,688,508,3,0
483,699,484,2,1
483,701,508,3,0
483,703,508,3,0
483,714,484,2,1
483,717,458,0,3
484,643,459,0,3
484,647,459,0,3
484,662,459,0,3
484,663,509,3,0
484,669,509,3,0
484,671,459,0,3
484,672,459,0,3
484,680,459,0,3
484,686,459,0,3
484,688,509,3,0
484,699,509,3,0
484,717,459,0,3
485,643,484,1,2
485,644,460,0,3
485,647,484,1,2
485,653,484,1,2
485,655,510,3,0
485,662,460,0,3
485,663,484,1,2
485,664,484,1,2
485,669,510,3,0
485,671,484,1,2
485,672,484,1,2
485,680,460,0,3
485,686,460,0,3
485,688,484,1,2
485,699,510,3,0
485,701,484,1,2
485,703,484,1,2
485,712,484,1,2
485,714,510,3,0
485,717,484,1,2
486,643,485,1,2
486,644,461,0,3
486,647,485,1,2
486,653,485,1,2
486,662,461,0,3
486,663,485,1,2
486,669,511,3,0
486,671,485,1,2
486,680,461,0,3
486,686,461,0,3
486,688,485,1,2
486,699,511,3,0
486,703,485,1,2
486,714,511,3,0
486,717,485,1,2
487,632,488,2,1
487,643,486,1,2
487,647,486,1,2
487,653,486,1,2
487,662,462,0,3
487,663,486,1,2
487,665,488,2,1
487,669,512,3,0
487,671,486,1,2
487,680,462,0,3
487,686,462,0,3
487,688,486,1,2
487,699,512,3,0
487,714,512,3,0
487,717,486,1,2
488,643,487,1,2
488,647,487,1,2
488,653,487,1,2
488,662,463,0,3
488,663,487,1,2
488,669,513,3,0
488,671,487,1,2
488,680,489,2,1
488,686,463,0,3
488,688,487,1,2
488,699,513,3,0
488,714,489,2,1
488,717,487,1,2
489,643,488,1,2
489,653,488,1,2
489,656,490,2,1
489,662,464,0,3
489,671,488,1,2
489,688,490,2,1
489,699,514,3,0
489,704,488,1,2
490,630,491,2,1
490,643,489,1,2
490,648,491,2,1
490,653,489,1,2
490,659,491,2,1
490,662,491,2,1
490,671,491,2,1
490,676,491,2,1
490,699,491,2,1
491,643,492,2,1
491,662,466,0,3
491,671,492,2,1
491,691,516,3,0
491,699,516,3,0
492,643,493,2,1
492,653,493,2,1
492,662,467,0,3
492,671,493,2,1
492,684,467,0,3
492,688,493,2,1
492,693,517,3,0
492,699,517,3,0
493,631,468,0,3
493,643,494,2,1
493,647,494,2,1
493,653,494,2,1
493,662,468,0,3
493,667,518,3,0
493,669,518,3,0
493,671,494,2,1
493,673,518,3,0
493,680,468,0,3
493,686,468,0,3
493,688,494,2,1
493,699,518,3,0
493,713,518,3,0
493,714,518,3,0
493,724,518,3,0
494,633,519,3,0
494,640,519,3,0
494,643,495,2,1
494,647,495,2,1
494,653,495,2,1
494,658,469,0,3
494,661,519,3,0
494,662,469,0,3
494,663,495,2,1
494,669,519,3,0
494,671,495,2,1
494,680,469,0,3
494,686,469,0,3
494,688,495,2,1
494,689,519,3,0
494,698,469,0,3
494,699,519,3,0
494,710,469,0,3
494,714,519,3,0
494,717,495,2,1
495,643,496,2,1
495,644,470,0,3
495,647,496,2,1
495,653,496,2,1
495,662,470,0,3
495,663,496,2,1
495,669,520,3,0
495,671,496,2,1
495,680,470,0,3
495,685,470,0,3
495,686,470,0,3
495,688,496,2,1
495,699,520,3,0
495,714,520,3,0
495,717,496,2,1
496,643,497,2,1
496,644,471,0,3
496,647,497,2,1
496,653,497,2,1
496,655,521,3,0
496,662,471,0,3
496,663,497,2,1
496,669,521,3,0
496,671,497,2,1
496,680,471,0,3
496,686,471,0,3
496,688,497,2,1
496,699,521,3,0
496,701,497,2,1
496,703,497,2,1
496,714,521,3,0
496,717,497,2,1
497,643,472,0,3
497,646,498,2,1
497,647,472,0,3
497,662,472,0,3
497,663,522,3,0
497,664,498,2,1
497,669,522,3,0
497,671,472,0,3
497,672,498,2,1
497,680,472,0,3
497,686,472,0,3
497,688,522,3,0
497,699,522,3,0
497,706,498,2,1
497,712,498,2,1
497,716,498,2,1
497,717,472,0,3
497,721,498,2,1
498,638,499,2,1
498,643,473,0,3
498,644,497,1,2
498,647,473,0,3
498,653,523,3,0
498,662,497,1,2
498,663,523,3,0
498,669,497,1,2
498,671,473,0,3
498,680,497,1,2
498,686,497,1,2
498,688,523,3,0
498,692,499,2,1
498,694,499,2,1
498,699,497,1,2
498,703,499,2,1
498,714,497,1,2
498,717,473,0,3
499,627,475,2,3
499,636,475,2,3
499,643,474,0,3
499,644,475,2,3
499,647,474,0,3
499,652,475,2,3
499,653,524,3,0
499,657,475,2,3
499,662,498,1,2
499,663,524,3,0
499,669,498,1,2
499,671,474,0,3
499,679,475,2,3
499,680,498,1,2
499,686,498,1,2
499,688,524,3,0
499,697,475,2,3
499,699,498,1,2
499,702,475,2,3
499,708,475,2,3
499,714,498,1,2
499,717,474,0,3
499,722,475,2,3
500,637,501,1,1
500,643,475,0,2
500,647,475,0,2
500,649,501,1,1
500,651,501,1,1
500,653,525,2,0
500,660,501,1,1
500,662,524,3,2
500,663,501,1,1
500,669,524,3,2
500,671,475,0,2
500,674,501,1,1
500,680,524,3,2
500,682,501,1,1
500,683,501,1,1
500,686,524,3,2
500,688,525,2,0
500,696,501,1,1
500,699,524,3,2
500,705,501,1,1
500,707,501,1,1
500,709,501,1,1
500,714,524,3,2
500,717,501,1,1
500,720,501,1,1
501,625,502,2,1
501,641,502,2,1
501,643,476,0,3
501,647,476,0,3
501,653,526,3,0
501,662,500,1,1
501,666,502,2,1
501,669,502,2,1
501,671,476,0,3
501,677,502,2,1
501,680,500,1,1
501,686,502,2,1
501,688,526,3,0
501,699,500,1,1
501,700,502,2,1
501,704,502,2,1
501,714,500,1,1
501,715,502,2,1
501,718,502,2,1
501,723,502,2,1
502,626,503,2,1
502,628,503,2,1
502,635,503,2,1
502,642,503,2,1
502,643,477,0,3
502,645,503,2,1
502,650,503,2,1
502,653,503,2,1
502,662,501,1,2
502,671,477,0,3
502,678,503,2,1
502,695,503,2,1
502,699,501,1,2
502,719,503,2,1
503,643,478,0,3
503,662,502,1,2
503,699,502,1,2
504,643,479,0,3
504,653,529,3,0
504,662,505,2,1
504,668,529,3,0
504,671,479,0,3
504,681,479,0,3
504,690,529,3,0
504,699,505,2,1
505,639,530,3,0
505,643,480,0,3
505,647,480,0,3
505,653,530,3,0
505,662,506,2,1
505,669,506,2,1
505,671,480,0,3
505,686,506,2,1
505,688,530,3,0
505,699,506,2,1
506,629,531,3,0
506,634,481,0,3
506,643,481,0,3
506,647,481,0,3
506,653,531,3,0
506,654,481,0,3
506,662,507,2,1
506,663,531,3,0
506,669,507,2,1
506,671,481,0,3
506,680,507,2,1
506,686,507,2,1
506,687,531,3,0
506,688,531,3,0
506,699,507,2,1
506,714,507,2,1
506,717,481,0,3
507,643,482,0,3
507,644,508,2,1
507,647,482,0,3
507,653,532,3,0
507,662,508,2,1
507,663,532,3,0
507,669,508,2,1
507,671,482,0,3
507,680,508,2,1
507,686,508,2,1
507,688,532,3,0
507,699,508,2,1
507,714,508,2,1
507,717,482,0,3
508,643,483,0,3
508,644,509,2,1
508,647,483,0,3
508,653,533,3,0
508,662,509,2,1
508,663,533,3,0
508,669,509,2,1
508,671,483,0,3
508,680,509,2,1
508,686,509,2,1
508,688,533,3,0
508,699,509,2,1
508,701,533,3,0
508,703,533,3,0
508,714,509,2,1
508,717,483,0,3
509,643,484,0,3
509,647,484,0,3
509,653,534,3,0
509,662,484,0,3
509,663,534,3,0
509,669,534,3,0
509,671,484,0,3
509,680,484,0,3
509,686,484,0,3
509,688,534,3,0
509,699,534,3,0
509,714,534,3,0
509,717,484,0,3
510,643,509,1,2
510,644,485,0,3
510,647,509,1,2
510,653,509,1,2
510,655,535,3,0
510,662,485,0,3
510,663,509,1,2
510,664,509,1,2
510,669,535,3,0
510,671,509,1,2
510,672,509,1,2
510,680,485,0,3
510,686,485,0,3
510,688,509,1,2
510,699,535,3,0
510,701,509,1,2
510,703,509,1,2
510,712,509,1,2
510,714,535,3,0
510,717,509,1,2
511,643,510,1,2
511,644,486,0,3
511,647,510,1,2
511,653,510,1,2
511,662,486,0,3
511,663,510,1,2
511,669,536,3,0
511,671,510,1,2
511,680,486,0,3
511,686,486,0,3
511,688,510,1,2
511,699,536,3,0
511,703,510,1,2
511,714,536,3,0
511,717,510,1,2
512,632,513,2,1
512,643,511,1,2
512,647,511,1,2
512,653,511,1,2
512,662,487,0,3
512,663,511,1,2
512,665,513,2,1
512,669,537,3,0
512,671,511,1,2
512,680,487,0,3
512,686,487,0,3
512,688,511,1,2
512,699,537,3,0
512,714,537,3,0
512,717,511,1,2
513,643,512,1,2
513,647,512,1,2
513,653,512,1,2
513,662,488,0,3
513,663,512,1,2
513,669,538,3,0
513,671,512,1,2
513,680,514,2,1
513,686,488,0,3
513,688,512,1,2
513,699,538,3,0
513,714,514,2,1
513,717,512,1,2
514,643,513,1,2
514,653,513,1,2
514,656,515,2,1
514,662,489,0,3
514,671,513,1,2
514,688,515,2,1
514,699,539,3,0
514,704,513,1,2
515,630,516,2,1
515,643,514,1,2
515,648,516,2,1
515,653,514,1,2
515,659,516,2,1
515,662,516,2,1
515,671,516,2,1
515,676,516,2,1
515,699,516,2,1
516,643,517,2,1
516,662,491,0,3
516,671,517,2,1
516,691,541,3,0
516,699,541,3,0
517,643,518,2,1
517,653,518,2,1
517,662,492,0,3
517,671,518,2,1
517,684,492,0,3
517,688,518,2,1
517,693,542,3,0
517,699,542,3,0
518,631,493,0,3
518,643,519,2,1
518,647,519,2,1
518,653,519,2,1
518,662,493,0,3
518,667,543,3,0
518,669,543,3,0
518,671,519,2,1
518,673,543,3,0
518,680,493,0,3
518,686,493,0,3
518,688,519,2,1
518,699,543,3,0
518,713,543,3,0
518,714,543,3,0
518,724,543,3,0
519,633,544,3,0
519,640,544,3,0
519,643,520,2,1
519,647,520,2,1
519,653,520,2,1
519,658,494,0,3
519,661,544,3,0
519,662,494,0,3
519,663,520,2,1
519,669,544,3,0
519,671,520,2,1
519,680,494,0,3
519,686,494,0,3
519,688,520,2,1
519,689,544,3,0
519,698,544,3,0
519,699,544,3,0
519,710,494,0,3
519,714,544,3,0
519,717,520,2,1
520,643,521,2,1
520,644,495,0,3
520,647,521,2,1
520,653,521,2,1
520,662,495,0,3
520,663,521,2,1
520,669,545,3,0
520,671,521,2,1
520,680,495,0,3
520,685,495,0,3
520,686,495,0,3
520,688,521,2,1
520,699,545,3,0
520,714,545,3,0
520,717,521,2,1
521,643,522,2,1
521,644,496,0,3
521,647,522,2,1
521,653,522,2,1
521,655,546,3,0
521,662,496,0,3
521,663,522,2,1
521,669,546,3,0
521,671,522,2,1
521,680,496,0,3
521,686,496,0,3
521,688,522,2,1
521,699,546,3,0
521,701,522,2,1
521,703,522,2,1
521,714,546,3,0
521,717,522,2,1
522,643,497,0,3
522,646,523,2,1
522,647,497,0,3
522,653,547,3,0
522,662,497,0,3
522,663,547,3,0
522,664,523,2,1
522,669,547,3,0
522,671,497,0,3
522,672,523,2,1
522,680,497,0,3
522,686,497,0,3
522,688,547,3,0
522,699,547,3,0
522,706,523,2,1
522,712,523,2,1
522,714,547,3,0
522,716,523,2,1
522,717,497,0,3
522,721,523,2,1
523,643,498,0,3
523,644,522,1,2
523,647,498,0,3
523,653,548,3,0
523,662,522,1,2
523,663,548,3,0
523,669,522,1,2
523,671,498,0,3
523,680,522,1,2
523,686,522,1,2
523,688,548,3,0
523,692,524,2,1
523,694,524,2,1
523,699,522,1,2
523,703,524,2,1
523,714,522,1,2
523,717,498,0,3
524,627,500,2,3
524,636,500,2,3
524,643,499,0,3
524,644,500,2,3
524,647,499,0,3
524,652,500,2,3
524,653,549,3,0
524,657,500,2,3
524,662,523,1,2
524,663,549,3,0
524,669,523,1,2
524,671,499,0,3
524,679,500,2,3
524,680,523,1,2
524,686,523,1,2
524,688,549,3,0
524,697,500,2,3
524,699,523,1,2
524,702,500,2,3
524,708,500,2,3
524,714,523,1,2
524,717,499,0,3
524,722,500,2,3
525,637,526,1,1
525,643,550,2,0
525,647,500,0,2
525,649,526,1,1
525,651,526,1,1
525,653,550,2,0
525,660,526,1,1
525,662,549,3,2
525,663,526,1,1
525,669,549,3,2
525,671,500,0,2
525,674,526,1,1
525,680,549,3,2
525,682,526,1,1
525,683,526,1,1
525,686,549,3,2
525,688,550,2,0
525,696,526,1,1
525,699,549,3,2
525,705,526,1,1
525,707,526,1,1
525,709,526,1,1
525,714,549,3,2
525,717,526,1,1
525,720,526,1,1
526,625,527,2,1
526,641,527,2,1
526,643,551,3,0
526,647,501,0,3
526,653,551,3,0
526,662,525,1,1
526,666,527,2,1
526,669,527,2,1
526,671,501,0,3
526,677,527,2,1
526,680,525,1,1
526,688,551,3,0
526,699,525,1,1
526,700,527,2,1
526,704,527,2,1
526,714,525,1,1
526,715,527,2,1
526,718,527,2,1
526,723,527,2,1
527,626,528,2,1
527,628,528,2,1
527,635,528,2,1
527,642,528,2,1
527,643,552,3,0
527,645,528,2,1
527,650,528,2,1
527,653,528,2,1
527,662,526,1,2
527,671,502,0,3
527,678,528,2,1
527,695,528,2,1
527,699,526,1,2
527,719,528,2,1
528,643,553,3,0
528,662,527,1,2
528,699,527,1,2
529,643,554,3,0
529,653,554,3,0
529,662,530,2,1
529,668,554,3,0
529,671,504,0,3
529,681,504,0,3
529,690,554,3,0
529,699,530,2,1
530,639,555,3,0
530,643,555,3,0
530,647,505,0,3
530,653,555,3,0
530,662,531,2,1
530,669,531,2,1
530,671,505,0,3
530,686,531,2,1
530,688,555,3,0
530,699,531,2,1
531,629,556,3,0
531,634,506,0,3
531,643,556,3,0
531,647,506,0,3
531,653,556,3,0
531,654,506,0,3
531,662,532,2,1
531,663,556,3,0
531,669,532,2,1
531,671,506,0,3
531,680,532,2,1
531,686,532,2,1
531,687,556,3,0
531,688,556,3,0
531,699,532,2,1
531,714,532,2,1
531,717,506,0,3
532,643,557,3,0
532,644,533,2,1
532,647,507,0,3
532,653,557,3,0
532,662,533,2,1
532,663,557,3,0
532,669,533,2,1
532,671,507,0,3
532,680,533,2,1
532,686,533,2,1
532,688,557,3,0
532,699,533,2,1
532,714,533,2,1
532,717,507,0,3
533,643,558,3,0
533,644,534,2,1
533,647,508,0,3
533,653,558,3,0
533,662,534,2,1
533,663,558,3,0
533,669,534,2,1
533,671,508,0,3
533,680,534,2,1
533,686,534,2,1
533,688,558,3,0
533,699,534,2,1
533,701,558,3,0
533,703,558,3,0
533,714,534,2,1
533,717,508,0,3
534,643,559,3,0
534,647,509,0,3
534,653,559,3,0
534,662,509,0,3
534,663,559,3,0
534,669,559,3,0
534,671,509,0,3
534,680,509,0,3
534,686,509,0,3
534,688,559,3,0
534,699,559,3,0
534,714,559,3,0
534,717,509,0,3
535,643,534,1,2
535,644,510,0,3
535,647,534,1,2
535,653,534,1,2
535,655,560,3,0
535,662,510,0,3
535,663,534,1,2
535,664,534,1,2
535,669,560,3,0
535,671,534,1,2
535,672,534,1,2
535,680,510,0,3
535,686,510,0,3
535,688,534,1,2
535,699,560,3,0
535,701,534,1,2
535,703,534,1,2
535,712,534,1,2
535,714,560,3,0
535,717,534,1,2
536,643,535,1,2
536,644,511,0,3
536,647,535,1,2
536,653,535,1,2
536,662,511,0,3
536,663,535,1,2
536,669,561,3,0
536,671,535,1,2
536,680,511,0,3
536,686,511,0,3
536,688,535,1,2
536,699,561,3,0
536,703,535,1,2
536,714,561,3,0
536,717,535,1,2
537,632,538,2,1
537,643,536,1,2
537,647,536,1,2
537,653,536,1,2
537,662,512,0,3
537,663,536,1,2
537,665,538,2,1
537,669,562,3,0
537,671,536,1,2
537,680,512,0,3
537,686,512,0,3
537,688,536,1,2
537,699,562,3,0
537,714,562,3,0
537,717,536,1,2
538,643,537,1,2
538,647,537,1,2
538,653,537,1,2
538,662,513,0,3
538,663,537,1,2
538,669,563,3,0
538,671,537,1,2
538,680,539,2,1
538,686,513,0,3
538,688,537,1,2
538,699,563,3,0
538,714,539,2,1
538,717,537,1,2
539,643,538,1,2
539,653,538,1,2
539,656,540,2,1
539,662,514,0,3
539,671,538,1,2
539,688,540,2,1
539,699,564,3,0
539,704,538,1,2
540,643,539,1,2
540,648,541,2,1
540,653,539,1,2
540,659,541,2,1
540,662,541,2,1
540,671,541,2,1
540,676,541,2,1
540,699,541,2,1
541,643,542,2,1
541,662,516,0,3
541,671,542,2,1
541,699,566,3,0
542,643,543,2,1
542,653,543,2,1
542,662,517,0,3
542,671,543,2,1
542,684,517,0,3
542,688,543,2,1
542,693,567,3,0
542,699,567,3,0
543,631,518,0,3
543,643,544,2,1
543,647,544,2,1
543,653,544,2,1
543,662,518,0,3
543,667,568,3,0
543,669,568,3,0
543,671,544,2,1
543,673,568,3,0
543,680,518,0,3
543,686,518,0,3
543,688,544,2,1
543,699,568,3,0
543,713,568,3,0
543,714,568,3,0
543,724,568,3,0
544,633,569,3,0
544,640,569,3,0
544,643,545,2,1
544,647,545,2,1
544,653,545,2,1
544,658,519,0,3
544,661,569,3,0
544,662,519,0,3
544,663,545,2,1
544,669,569,3,0
544,671,545,2,1
544,680,519,0,3
544,686,519,0,3
544,688,545,2,1
544,689,569,3,0
544,698,569,3,0
544,699,569,3,0
544,710,519,0,3
544,714,569,3,0
544,717,545,2,1
545,643,546,2,1
545,644,520,0,3
545,647,546,2,1
545,653,546,2,1
545,662,520,0,3
545,663,546,2,1
545,669,570,3,0
545,671,546,2,1
545,680,520,0,3
545,685,570,3,0
545,686,520,0,3
545,688,546,2,1
545,699,570,3,0
545,714,570,3,0
545,717,546,2,1
546,643,547,2,1
546,644,521,0,3
546,647,547,2,1
546,653,547,2,1
546,655,571,3,0
546,662,521,0,3
546,663,547,2,1
546,669,571,3,0
546,671,547,2,1
546,680,521,0,3
546,686,521,0,3
546,688,547,2,1
546,699,571,3,0
546,701,547,2,1
546,703,547,2,1
546,714,571,3,0
546,717,547,2,1
547,643,572,3,0
547,646,548,2,1
547,647,522,0,3
547,653,572,3,0
547,662,522,0,3
547,663,572,3,0
547,664,548,2,1
547,669,572,3,0
547,671,522,0,3
547,672,548,2,1
547,680,522,0,3
547,686,522,0,3
547,688,572,3,0
547,699,572,3,0
547,706,548,2,1
547,712,548,2,1
547,714,572,3,0
547,716,548,2,1
547,717,522,0,3
547,721,548,2,1
548,638,549,2,1
548,643,573,3,0
548,644,547,1,2
548,647,523,0,3
548,653,573,3,0
548,662,547,1,2
548,663,573,3,0
548,669,547,1,2
548,671,523,0,3
548,680,547,1,2
548,686,547,1,2
548,688,573,3,0
548,692,549,2,1
548,694,549,2,1
548,699,547,1,2
548,703,549,2,1
548,714,547,1,2
548,717,523,0,3
549,627,525,2,3
549,636,525,2,3
549,643,574,3,0
549,644,525,2,3
549,647,524,0,3
549,652,525,2,3
549,653,574,3,0
549,657,525,2,3
549,662,548,1,2
549,663,574,3,0
549,669,548,1,2
549,671,524,0,3
549,679,525,2,3
549,680,548,1,2
549,686,548,1,2
549,688,574,3,0
549,697,525,2,3
549,699,548,1,2
549,702,525,2,3
549,708,525,2,3
549,714,548,1,2
549,717,524,0,3
549,722,525,2,3
550,637,551,1,1
550,643,575,2,0
550,647,525,0,2
550,649,551,1,1
550,651,551,1,1
550,653,575,2,0
550,660,551,1,1
550,662,574,3,2
550,663,551,1,1
550,669,574,3,2
550,671,525,0,2
550,674,551,1,1
550,680,574,3,2
550,682,551,1,1
550,683,551,1,1
550,686,574,3,2
550,688,575,2,0
550,696,551,1,1
550,699,574,3,2
550,705,551,1,1
550,707,551,1,1
550,709,551,1,1
550,714,574,3,2
550,717,551,1,1
550,720,551,1,1
551,625,552,2,1
551,641,552,2,1
551,643,576,3,0
551,647,526,0,3
551,653,576,3,0
551,662,550,1,1
551,666,552,2,1
551,669,552,2,1
551,671,526,0,3
551,677,552,2,1
551,680,550,1,1
551,686,552,2,1
551,688,576,3,0
551,699,550,1,1
551,700,552,2,1
551,704,552,2,1
551,714,550,1,1
551,715,552,2,1
551,718,552,2,1
551,723,552,2,1
552,626,553,2,1
552,628,553,2,1
552,635,553,2,1
552,642,553,2,1
552,643,577,3,0
552,645,553,2,1
552,650,553,2,1
552,653,553,2,1
552,662,551,1,2
552,671,527,0,3
552,678,553,2,1
552,695,553,2,1
552,699,551,1,2
552,719,553,2,1
553,643,578,3,0
553,662,552,1,2
553,699,552,1,2
554,643,579,3,0
554,653,579,3,0
554,662,555,2,1
554,668,579,3,0
554,671,529,0,3
554,681,529,0,3
554,690,579,3,0
554,699,555,2,1
555,639,580,3,0
555,643,580,3,0
555,647,530,0,3
555,653,580,3,0
555,662,556,2,1
555,669,556,2,1
555,671,530,0,3
555,686,556,2,1
555,688,580,3,0
555,699,556,2,1
556,629,581,3,0
556,634,531,0,3
556,643,581,3,0
556,647,531,0,3
556,653,581,3,0
556,654,531,0,3
556,662,557,2,1
556,663,581,3,0
556,669,557,2,1
556,671,531,0,3
556,680,557,2,1
556,686,557,2,1
556,687,581,3,0
556,688,581,3,0
556,699,557,2,1
556,714,557,2,1
556,717,531,0,3
557,643,582,3,0
557,644,558,2,1
557,647,532,0,3
557,653,582,3,0
557,662,558,2,1
557,663,582,3,0
557,669,558,2,1
557,671,532,0,3
557,680,558,2,1
557,686,558,2,1
557,688,582,3,0
557,699,558,2,1
557,714,558,2,1
557,717,532,0,3
558,643,583,3,0
558,644,559,2,1
558,647,533,0,3
558,653,583,3,0
558,662,559,2,1
558,663,583,3,0
558,669,559,2,1
558,671,533,0,3
558,680,559,2,1
558,686,559,2,1
558,688,583,3,0
558,699,559,2,1
558,701,583,3,0
558,703,583,3,0
558,714,559,2,1
558,717,533,0,3
559,643,584,3,0
559,644,584,3,0
559,653,584,3,0
559,662,534,0,3
559,663,584,3,0
559,669,584,3,0
559,671,534,0,3
559,680,534,0,3
559,688,584,3,0
559,699,584,3,0
559,714,584,3,0
559,717,534,0,3
560,643,559,1,2
560,644,585,3,0
560,647,559,1,2
560,653,559,1,2
560,655,585,3,0
560,662,535,0,3
560,663,559,1,2
560,664,559,1,2
560,669,585,3,0
560,671,559,1,2
560,672,559,1,2
560,680,535,0,3
560,686,535,0,3
560,688,559,1,2
560,699,585,3,0
560,701,559,1,2
560,703,559,1,2
560,712,559,1,2
560,714,585,3,0
560,717,559,1,2
561,643,560,1,2
561,644,586,3,0
561,647,560,1,2
561,653,560,1,2
561,662,536,0,3
561,663,560,1,2
561,669,586,3,0
561,671,560,1,2
561,680,536,0,3
561,686,536,0,3
561,688,560,1,2
561,699,586,3,0
561,703,560,1,2
561,714,586,3,0
561,717,560,1,2
562,632,563,2,1
562,643,561,1,2
562,647,561,1,2
562,653,561,1,2
562,662,537,0,3
562,663,561,1,2
562,665,563,2,1
562,669,587,3,0
562,671,561,1,2
562,680,537,0,3
562,686,537,0,3
562,688,561,1,2
562,699,587,3,0
562,714,587,3,0
562,717,561,1,2
563,643,562,1,2
563,647,562,1,2
563,653,562,1,2
563,662,538,0,3
563,663,562,1,2
563,669,588,3,0
563,671,562,1,2
563,680,564,2,1
563,686,538,0,3
563,688,562,1,2
563,699,588,3,0
563,714,564,2,1
563,717,562,1,2
564,643,563,1,2
564,653,563,1,2
564,656,565,2,1
564,662,539,0,3
564,671,563,1,2
564,688,565,2,1
564,699,589,3,0
564,704,563,1,2
565,630,566,2,1
565,643,564,1,2
565,648,566,2,1
565,653,564,1,2
565,659,566,2,1
565,662,566,2,1
565,676,566,2,1
565,699,566,2,1
566,643,567,2,1
566,662,541,0,3
566,671,567,2,1
566,691,541,0,3
566,699,591,3,0
567,643,568,2,1
567,653,568,2,1
567,662,542,0,3
567,671,568,2,1
567,684,542,0,3
567,688,568,2,1
567,693,592,3,0
567,699,592,3,0
568,631,543,0,3
568,643,569,2,1
568,647,569,2,1
568,653,569,2,1
568,662,543,0,3
568,667,593,3,0
568,669,593,3,0
568,671,569,2,1
568,673,593,3,0
568,680,543,0,3
568,686,543,0,3
568,688,569,2,1
568,699,593,3,0
568,713,593,3,0
568,714,593,3,0
568,724,593,3,0
569,633,594,3,0
569,640,594,3,0
569,643,570,2,1
569,647,570,2,1
569,653,570,2,1
569,658,544,0,3
569,661,594,3,0
569,662,544,0,3
569,663,570,2,1
569,669,594,3,0
569,671,570,2,1
569,680,544,0,3
569,686,544,0,3
569,688,570,2,1
569,689,594,3,0
569,698,594,3,0
569,699,594,3,0
569,710,544,0,3
569,714,594,3,0
569,717,570,2,1
570,643,571,2,1
570,644,595,3,0
570,647,571,2,1
570,653,571,2,1
570,662,545,0,3
570,663,571,2,1
570,669,595,3,0
570,671,571,2,1
570,680,545,0,3
570,685,595,3,0
570,686,545,0,3
570,688,571,2,1
570,699,595,3,0
570,714,595,3,0
570,717,571,2,1
571,643,572,2,1
571,644,596,3,0
571,647,572,2,1
571,653,572,2,1
571,655,596,3,0
571,662,546,0,3
571,663,572,2,1
571,669,596,3,0
571,671,572,2,1
571,680,546,0,3
571,686,546,0,3
571,688,572,2,1
571,699,596,3,0
571,701,572,2,1
571,703,572,2,1
571,714,596,3,0
571,717,572,2,1
572,643,597,3,0
572,644,597,3,0
572,646,573,2,1
572,653,597,3,0
572,662,547,0,3
572,663,597,3,0
572,664,573,2,1
572,669,597,3,0
572,671,547,0,3
572,672,573,2,1
572,680,547,0,3
572,688,597,3,0
572,699,597,3,0
572,706,573,2,1
572,712,573,2,1
572,714,597,3,0
572,716,573,2,1
572,717,547,0,3
572,721,573,2,1
573,638,574,2,1
573,643,598,3,0
573,644,572,1,2
573,647,548,0,3
573,653,598,3,0
573,662,572,1,2
573,663,598,3,0
573,669,572,1,2
573,671,548,0,3
573,680,572,1,2
573,686,572,1,2
573,688,598,3,0
573,692,574,2,1
573,694,574,2,1
573,699,572,1,2
573,703,574,2,1
573,714,572,1,2
573,717,548,0,3
574,627,550,2,3
574,636,550,2,3
574,643,599,3,0
574,644,550,2,3
574,647,549,0,3
574,652,550,2,3
574,653,599,3,0
574,657,550,2,3
574,662,573,1,2
574,663,599,3,0
574,669,573,1,2
574,671,549,0,3
574,679,550,2,3
574,680,573,1,2
574,686,573,1,2
574,688,599,3,0
574,697,550,2,3
574,699,573,1,2
574,702,550,2,3
574,708,550,2,3
574,714,573,1,2
574,717,549,0,3
574,722,550,2,3
575,637,576,1,1
575,643,600,2,0
575,647,550,0,2
575,649,576,1,1
575,651,576,1,1
575,653,600,2,0
575,660,576,1,1
575,662,599,3,2
575,663,576,1,1
575,669,599,3,2
575,671,600,2,0
575,674,576,1,1
575,680,599,3,2
575,682,576,1,1
575,683,576,1,1
575,686,599,3,2
575,688,600,2,0
575,696,576,1,1
575,699,599,3,2
575,705,576,1,1
575,709,576,1,1
575,714,599,3,2
575,717,576,1,1
575,720,576,1,1
576,625,577,2,1
576,641,577,2,1
576,643,601,3,0
576,647,551,0,3
576,653,601,3,0
576,662,575,1,1
576,666,577,2,1
576,669,577,2,1
576,671,601,3,0
576,677,577,2,1
576,680,575,1,1
576,686,577,2,1
576,688,601,3,0
576,699,575,1,1
576,700,577,2,1
576,704,577,2,1
576,714,575,1,1
576,715,577,2,1
576,718,577,2,1
576,723,577,2,1
577,626,578,2,1
577,628,578,2,1
577,635,578,2,1
577,642,578,2,1
577,643,602,3,0
577,645,578,2,1
577,650,578,2,1
577,653,578,2,1
577,662,576,1,2
577,671,602,3,0
577,678,578,2,1
577,695,578,2,1
577,699,576,1,2
577,719,578,2,1
578,643,603,3,0
578,662,577,1,2
578,699,577,1,2
579,643,604,3,0
579,653,604,3,0
579,662,580,2,1
579,668,604,3,0
579,671,604,3,0
579,681,554,0,3
579,690,604,3,0
579,699,580,2,1
580,639,605,3,0
580,643,605,3,0
580,647,555,0,3
580,653,605,3,0
580,662,581,2,1
580,669,581,2,1
580,671,605,3,0
580,686,581,2,1
580,688,605,3,0
580,699,581,2,1
581,629,606,3,0
581,634,556,0,3
581,643,606,3,0
581,647,556,0,3
581,653,606,3,0
581,654,556,0,3
581,662,582,2,1
581,663,663,42,0
581,669,582,2,1
581,671,606,3,0
581,680,582,2,1
581,686,582,2,1
581,687,606,3,0
581,688,606,3,0
581,699,582,2,1
581,714,582,2,1
581,717,606,3,0
582,643,607,3,0
582,644,583,2,1
582,647,557,0,3
582,653,607,3,0
582,662,583,2,1
582,663,581,1,2
582,669,583,2,1
582,671,607,3,0
582,680,583,2,1
582,686,583,2,1
582,688,607,3,0
582,699,583,2,1
582,714,583,2,1
582,717,607,3,0
583,643,608,3,0
583,644,584,2,1
583,647,558,0,3
583,653,608,3,0
583,662,584,2,1
583,663,582,1,2
583,669,584,2,1
583,671,608,3,0
583,680,584,2,1
583,686,584,2,1
583,688,608,3,0
583,699,584,2,1
583,701,608,3,0
583,703,608,3,0
583,714,584,2,1
583,717,608,3,0
584,643,609,3,0
584,644,609,3,0
584,653,609,3,0
584,662,559,0,3
584,663,583,1,2
584,669,609,3,0
584,671,609,3,0
584,680,559,0,3
584,688,609,3,0
584,699,609,3,0
584,714,609,3,0
585,643,584,1,2
585,644,610,3,0
585,647,584,1,2
585,653,584,1,2
585,655,610,3,0
585,662,560,0,3
585,663,584,1,2
585,664,584,1,2
585,669,610,3,0
585,671,584,1,2
585,672,584,1,2
585,680,560,0,3
585,686,560,0,3
585,688,584,1,2
585,699,610,3,0
585,701,584,1,2
585,703,584,1,2
585,712,584,1,2
585,714,610,3,0
585,717,584,1,2
586,643,585,1,2
586,644,611,3,0
586,647,585,1,2
586,653,585,1,2
586,662,561,0,3
586,663,585,1,2
586,669,611,3,0
586,671,585,1,2
586,680,561,0,3
586,686,561,0,3
586,688,585,1,2
586,699,611,3,0
586,703,585,1,2
586,714,611,3,0
586,717,585,1,2
587,632,588,2,1
587,643,586,1,2
587,647,586,1,2
587,653,586,1,2
587,662,562,0,3
587,663,586,1,2
587,665,588,2,1
587,669,612,3,0
587,671,586,1,2
587,680,562,0,3
587,686,562,0,3
587,688,586,1,2
587,699,612,3,0
587,714,612,3,0
587,717,586,1,2
588,643,587,1,2
588,647,587,1,2
588,653,587,1,2
588,662,563,0,3
588,663,587,1,2
588,669,613,3,0
588,671,587,1,2
588,680,589,2,1
588,686,563,0,3
588,688,587,1,2
588,699,613,3,0
588,714,589,2,1
588,717,587,1,2
589,643,588,1,2
589,653,588,1,2
589,656,590,2,1
589,662,564,0,3
589,671,588,1,2
589,688,590,2,1
589,699,614,3,0
589,704,588,1,2
590,630,591,2,1
590,643,589,1,2
590,648,591,2,1
590,653,589,1,2
590,659,591,2,1
590,662,591,2,1
590,671,591,2,1
590,699,591,2,1
591,643,592,2,1
591,662,566,0,3
591,671,592,2,1
591,691,566,0,3
591,699,616,3,0
592,643,593,2,1
592,653,593,2,1
592,662,567,0,3
592,671,593,2,1
592,684,567,0,3
592,688,593,2,1
592,693,617,3,0
592,699,617,3,0
593,631,568,0,3
593,643,594,2,1
593,647,594,2,1
593,653,594,2,1
593,662,568,0,3
593,667,618,3,0
593,669,618,3,0
593,671,594,2,1
593,673,618,3,0
593,680,568,0,3
593,686,568,0,3
593,688,594,2,1
593,699,618,3,0
593,713,618,3,0
593,714,618,3,0
593,724,618,3,0
594,633,619,3,0
594,640,619,3,0
594,643,595,2,1
594,647,595,2,1
594,653,595,2,1
594,658,569,0,3
594,661,619,3,0
594,662,569,0,3
594,663,595,2,1
594,669,619,3,0
594,671,595,2,1
594,680,569,0,3
594,686,569,0,3
594,688,595,2,1
594,698,619,3,0
594,699,619,3,0
594,710,569,0,3
594,714,619,3,0
594,717,595,2,1
595,643,596,2,1
595,644,620,3,0
595,647,596,2,1
595,653,596,2,1
595,662,570,0,3
595,663,596,2,1
595,669,620,3,0
595,671,596,2,1
595,680,570,0,3
595,685,620,3,0
595,686,570,0,3
595,688,596,2,1
595,699,620,3,0
595,714,620,3,0
595,717,596,2,1
596,643,597,2,1
596,644,621,3,0
596,647,597,2,1
596,653,597,2,1
596,655,621,3,0
596,662,571,0,3
596,663,597,2,1
596,669,621,3,0
596,671,597,2,1
596,680,571,0,3
596,686,571,0,3
596,688,597,2,1
596,699,621,3,0
596,701,597,2,1
596,703,597,2,1
596,714,621,3,0
596,717,597,2,1
597,643,622,3,0
597,644,622,3,0
597,646,598,2,1
597,653,622,3,0
597,662,572,0,3
597,663,598,2,1
597,664,598,2,1
597,669,622,3,0
597,671,622,3,0
597,672,598,2,1
597,680,572,0,3
597,688,622,3,0
597,699,622,3,0
597,706,598,2,1
597,712,598,2,1
597,714,622,3,0
597,716,598,2,1
597,721,598,2,1
598,638,599,2,1
598,643,623,3,0
598,644,597,1,2
598,647,573,0,3
598,653,623,3,0
598,662,597,1,2
598,663,599,2,1
598,669,597,1,2
598,671,623,3,0
598,680,597,1,2
598,686,597,1,2
598,688,623,3,0
598,692,599,2,1
598,694,599,2,1
598,699,597,1,2
598,703,599,2,1
598,714,597,1,2
598,717,623,3,0
599,627,575,2,3
599,636,575,2,3
599,643,624,3,0
599,644,575,2,3
599,647,574,0,3
599,652,575,2,3
599,653,624,3,0
599,657,575,2,3
599,662,598,1,2
599,663,575,2,3
599,669,598,1,2
599,671,624,3,0
599,679,575,2,3
599,680,598,1,2
599,686,598,1,2
599,688,624,3,0
599,697,575,2,3
599,699,598,1,2
599,702,575,2,3
599,708,575,2,3
599,714,598,1,2
599,717,624,3,0
599,722,575,2,3
600,637,601,1,1
600,643,0,2,3
600,647,0,2,3
600,649,601,1,1
600,651,601,1,1
600,653,0,2,3
600,660,601,1,1
600,662,624,3,2
600,663,601,1,1
600,669,624,3,2
600,671,0,2,3
600,674,601,1,1
600,680,624,3,2
600,682,601,1,1
600,683,601,1,1
600,686,624,3,2
600,688,0,2,3
600,699,624,3,2
600,705,601,1,1
600,707,601,1,1
600,709,601,1,1
600,714,624,3,2
600,717,601,1,1
600,720,601,1,1
601,625,602,2,1
601,641,602,2,1
601,643,1,3,3
601,647,1,3,3
601,653,1,3,3
601,662,600,1,1
601,666,602,2,1
601,669,602,2,1
601,671,1,3,3
601,677,602,2,1
601,680,600,1,1
601,686,602,2,1
601,688,1,3,3
601,699,600,1,1
601,700,602,2,1
601,704,602,2,1
601,714,600,1,1
601,715,602,2,1
601,718,602,2,1
601,723,602,2,1
602,626,603,2,1
602,628,603,2,1
602,635,603,2,1
602,642,603,2,1
602,643,2,3,3
602,645,603,2,1
602,650,603,2,1
602,653,603,2,1
602,662,601,1,2
602,671,2,3,3
602,678,603,2,1
602,695,603,2,1
602,699,601,1,2
602,719,603,2,1
603,643,3,3,3
603,662,602,1,2
603,699,602,1,2
604,643,4,3,3
604,653,4,3,3
604,662,605,2,1
604,668,4,3,3
604,671,4,3,3
604,681,4,3,3
604,690,4,3,3
604,699,605,2,1
605,639,5,3,3
605,643,5,3,3
605,647,5,3,3
605,653,5,3,3
605,662,606,2,1
605,669,606,2,1
605,671,5,3,3
605,686,606,2,1
605,688,5,3,3
605,699,606,2,1
606,629,6,3,3
606,634,6,3,3
606,643,6,3,3
606,647,6,3,3
606,653,6,3,3
606,654,581,0,3
606,662,607,2,1
606,663,581,0,3
606,669,607,2,1
606,671,6,3,3
606,680,607,2,1
606,686,607,2,1
606,687,6,3,3
606,688,6,3,3
606,699,607,2,1
606,714,607,2,1
606,717,6,3,3
607,643,7,3,3
607,644,608,2,1
607,647,7,3,3
607,653,7,3,3
607,662,608,2,1
607,663,582,0,3
607,669,608,2,1
607,671,7,3,3
607,680,608,2,1
607,686,608,2,1
607,688,7,3,3
607,699,608,2,1
607,714,608,2,1
607,717,7,3,3
608,643,8,3,3
608,644,609,2,1
608,647,8,3,3
608,653,8,3,3
608,662,609,2,1
608,663,583,0,3
608,669,609,2,1
608,671,8,3,3
608,680,609,2,1
608,686,609,2,1
608,688,8,3,3
608,699,609,2,1
608,701,8,3,3
608,703,8,3,3
608,714,609,2,1
608,717,8,3,3
609,643,9,3,3
609,644,9,3,3
609,647,9,3,3
609,653,9,3,3
609,662,584,0,3
609,669,9,3,3
609,671,9,3,3
609,680,584,0,3
609,686,9,3,3
609,688,9,3,3
609,699,9,3,3
609,714,9,3,3
610,643,609,1,2
610,644,10,3,3
610,647,609,1,2
610,653,609,1,2
610,655,10,3,3
610,662,585,0,3
610,663,609,1,2
610,664,609,1,2
610,669,10,3,3
610,671,609,1,2
610,672,609,1,2
610,680,585,0,3
610,686,10,3,3
610,688,609,1,2
610,699,10,3,3
610,701,609,1,2
610,703,609,1,2
610,712,609,1,2
610,714,10,3,3
610,717,609,1,2
611,643,610,1,2
611,644,11,3,3
611,647,610,1,2
611,653,610,1,2
611,662,586,0,3
611,663,610,1,2
611,669,11,3,3
611,671,610,1,2
611,680,586,0,3
611,686,11,3,3
611,688,610,1,2
611,699,11,3,3
611,703,610,1,2
611,714,11,3,3
611,717,610,1,2
612,632,613,2,1
612,643,611,1,2
612,647,611,1,2
612,653,611,1,2
612,662,587,0,3
612,663,611,1,2
612,665,613,2,1
612,669,12,3,3
612,671,611,1,2
612,680,587,0,3
612,686,12,3,3
612,688,611,1,2
612,699,12,3,3
612,714,12,3,3
612,717,611,1,2
613,643,612,1,2
613,647,612,1,2
613,653,612,1,2
613,662,588,0,3
613,663,612,1,2
613,669,13,3,3
613,671,612,1,2
613,680,614,2,1
613,686,13,3,3
613,688,612,1,2
613,699,13,3,3
613,714,614,2,1
613,717,612,1,2
614,643,613,1,2
614,653,613,1,2
614,656,615,2,1
614,662,589,0,3
614,671,613,1,2
614,688,615,2,1
614,699,14,3,3
614,704,613,1,2
615,630,616,2,1
615,643,614,1,2
615,648,616,2,1
615,653,614,1,2
615,659,616,2,1
615,662,616,2,1
615,671,616,2,1
615,676,616,2,1
615,699,616,2,1
616,643,617,2,1
616,662,591,0,3
616,671,617,2,1
616,691,591,0,3
616,699,16,3,3
617,643,618,2,1
617,653,618,2,1
617,662,592,0,3
617,671,618,2,1
617,684,592,0,3
617,688,618,2,1
617,693,17,3,3
617,699,17,3,3
618,631,593,0,3
618,643,619,2,1
618,647,619,2,1
618,653,619,2,1
618,662,593,0,3
618,667,18,3,3
618,669,18,3,3
618,671,619,2,1
618,673,18,3,3
618,680,593,0,3
618,686,18,3,3
618,688,619,2,1
618,699,18,3,3
618,713,18,3,3
618,714,18,3,3
618,724,18,3,3
619,633,19,3,3
619,640,19,3,3
619,643,620,2,1
619,647,620,2,1
619,653,620,2,1
619,658,594,0,3
619,661,19,3,3
619,662,594,0,3
619,663,620,2,1
619,669,19,3,3
619,671,620,2,1
619,680,594,0,3
619,686,19,3,3
619,688,620,2,1
619,689,594,0,3
619,698,19,3,3
619,699,19,3,3
619,710,594,0,3
619,714,19,3,3
619,717,620,2,1
620,643,621,2,1
620,644,20,3,3
620,647,621,2,1
620,653,621,2,1
620,662,595,0,3
620,663,621,2,1
620,669,20,3,3
620,671,621,2,1
620,680,595,0,3
620,685,20,3,3
620,686,20,3,3
620,688,621,2,1
620,699,20,3,3
620,714,20,3,3
620,717,621,2,1
621,643,622,2,1
621,644,21,3,3
621,647,622,2,1
621,653,622,2,1
621,655,21,3,3
621,662,596,0,3
621,663,622,2,1
621,669,21,3,3
621,671,622,2,1
621,680,596,0,3
621,686,21,3,3
621,688,622,2,1
621,699,21,3,3
621,701,622,2,1
621,703,622,2,1
621,714,21,3,3
621,717,622,2,1
622,643,22,3,3
622,644,22,3,3
622,646,623,2,1
622,647,22,3,3
622,653,22,3,3
622,662,597,0,3
622,664,623,2,1
622,669,22,3,3
622,671,22,3,3
622,672,623,2,1
622,680,597,0,3
622,686,22,3,3
622,688,22,3,3
622,699,22,3,3
622,706,623,2,1
622,712,623,2,1
622,714,22,3,3
622,716,623,2,1
622,721,623,2,1
623,638,624,2,1
623,643,23,3,3
623,644,622,1,2
623,647,23,3,3
623,653,23,3,3
623,662,622,1,2
623,663,598,0,3
623,669,622,1,2
623,671,23,3,3
623,680,622,1,2
623,686,622,1,2
623,688,23,3,3
623,692,624,2,1
623,694,624,2,1
623,699,622,1,2
623,703,624,2,1
623,714,622,1,2
623,717,23,3,3
624,636,600,2,3
624,643,24,3,3
624,644,600,2,3
624,647,24,3,3
624,652,600,2,3
624,653,24,3,3
624,662,623,1,2
624,663,599,0,3
624,669,623,1,2
624,671,24,3,3
624,679,600,2,3
624,680,623,1,2
624,686,623,1,2
624,688,24,3,3
624,697,600,2,3
624,699,623,1,2
624,702,600,2,3
624,708,600,2,3
624,714,623,1,2
624,717,24,3,3
624,722,600,2,3
637,625,381,0,16
637,626,381,0,16
637,627,381,0,16
637,628,381,0,16
637,629,381,0,16
637,630,381,0,16
637,631,381,0,16
637,632,381,0,16
637,633,381,0,16
637,634,381,0,16
637,635,381,0,16
637,636,381,0,16
637,638,381,0,16
637,639,381,0,16
637,640,381,0,16
637,641,381,0,16
637,642,381,0,16
637,643,381,0,16
637,644,381,0,16
637,645,381,0,16
637,646,381,0,16
637,647,381,0,16
637,648,381,0,16
637,649,381,0,16
637,650,381,0,16
637,651,381,0,16
637,652,381,0,16
637,653,381,0,16
637,654,381,0,16
637,655,381,0,16
637,656,381,0,16
637,657,381,0,16
637,658,381,0,16
637,659,381,0,16
637,660,381,0,16
637,661,381,0,16
637,662,381,0,16
637,663,381,0,16
637,664,381,0,16
637,665,381,0,16
637,666,381,0,16
637,667,381,0,16
637,668,381,0,16
637,669,381,0,16
637,670,381,0,16
637,671,381,0,16
637,672,381,0,16
637,673,381,0,16
637,674,381,0,16
637,675,381,0,16
637,676,381,0,16
637,677,381,0,16
637,678,381,0,16
637,679,381,0,16
637,680,381,0,16
637,681,381,0,16
637,682,381,0,16
637,683,381,0,16
637,684,381,0,16
637,685,381,0,16
637,686,381,0,16
637,687,381,0,16
637,688,381,0,16
637,689,381,0,16
637,690,381,0,16
637,691,381,0,16
637,692,381,0,16
637,693,381,0,16
637,694,381,0,16
637,695,381,0,16
637,696,381,0,16
637,697,381,0,16
637,698,381,0,16
637,699,381,0,16
637,700,381,0,16
637,701,381,0,16
637,702,381,0,16
637,703,381,0,16
637,704,381,0,16
637,705,381,0,16
637,706,381,0,16
637,707,381,0,16
637,708,381,0,16
637,709,381,0,16
637,710,381,0,16
637,711,381,0,16
637,712,381,0,16
637,713,381,0,16
637,714,381,0,16
637,715,381,0,16
637,716,381,0,16
637,717,381,0,16
637,718,381,0,16
637,719,381,0,16
637,720,381,0,16
637,721,381,0,16
637,722,381,0,16
637,723,381,0,16
637,724,381,0,16
643,625,203,0,22
643,626,203,0,22
643,627,203,0,22
643,628,203,0,22
643,629,203,0,22
643,630,203,0,22
643,631,203,0,22
643,632,203,0,22
643,633,203,0,22
643,634,203,0,22
643,635,203,0,22
643,636,203,0,22
643,637,203,0,22
643,638,203,0,22
643,639,203,0,22
643,640,203,0,22
643,641,203,0,22
643,642,203,0,22
643,644,203,0,22
643,645,203,0,22
643,646,203,0,22
643,647,203,0,22
643,648,203,0,22
643,649,203,0,22
643,650,203,0,22
643,651,203,0,22
643,652,203,0,22
643,653,203,0,22
643,654,203,0,22
643,655,203,0,22
643,656,203,0,22
643,657,203,0,22
643,658,203,0,22
643,659,203,0,22
643,660,203,0,22
643,661,203,0,22
643,662,203,0,22
643,663,203,0,22
643,664,203,0,22
643,665,203,0,22
643,666,203,0,22
643,667,203,0,22
643,668,203,0,22
643,669,203,0,22
643,670,203,0,22
643,671,203,0,22
643,672,203,0,22
643,673,203,0,22
643,674,203,0,22
643,675,203,0,22
643,676,203,0,22
643,677,203,0,22
643,678,203,0,22
643,679,203,0,22
643,680,203,0,22
643,681,203,0,22
643,682,203,0,22
643,683,203,0,22
643,684,203,0,22
643,685,203,0,22
643,686,203,0,22
643,687,203,0,22
643,688,203,0,22
643,689,203,0,22
643,690,203,0,22
643,691,203,0,22
643,692,203,0,22
643,693,203,0,22
643,694,203,0,22
643,695,203,0,22
643,696,203,0,22
643,697,203,0,22
643,698,203,0,22
643,699,203,0,22
643,700,203,0,22
643,701,203,0,22
643,702,203,0,22
643,703,203,0,22
643,704,203,0,22
643,705,203,0,22
643,706,203,0,22
643,707,203,0,22
643,708,203,0,22
643,709,203,0,22
643,710,203,0,22
643,711,203,0,22
643,712,203,0,22
643,713,203,0,22
643,714,203,0,22
643,715,203,0,22
643,716,203,0,22
643,717,203,0,22
643,718,203,0,22
643,719,203,0,22
643,720,203,0,22
643,721,203,0,22
643,722,203,0,22
643,723,203,0,22
643,724,203,0,22
644,625,236,0,23
644,626,236,0,23
644,627,236,0,23
644,628,236,0,23
644,629,236,0,23
644,630,236,0,23
644,631,236,0,23
644,632,236,0,23
644,633,236,0,23
644,634,236,0,23
644,635,236,0,23
644,636,236,0,23
644,637,236,0,23
644,638,236,0,23
644,639,236,0,23
644,640,236,0,23
644,641,236,0,23
644,642,236,0,23
644,643,236,0,23
644,645,236,0,23
644,646,236,0,23
644,647,236,0,23
644,648,236,0,23
644,649,236,0,23
644,650,236,0,23
644,651,236,0,23
644,652,236,0,23
644,653,236,0,23
644,654,236,0,23
644,655,236,0,23
644,656,236,0,23
644,657,236,0,23
644,658,236,0,23
644,659,236,0,23
644,660,236,0,23
644,661,236,0,23
644,662,236,0,23
644,663,236,0,23
644,664,236,0,23
644,665,236,0,23
644,666,236,0,23
644,667,236,0,23
644,668,236,0,23
644,669,236,0,23
644,670,236,0,23
644,671,236,0,23
644,672,236,0,23
644,673,236,0,23
644,674,236,0,23
644,675,236,0,23
644,676,236,0,23
644,677,236,0,23
644,678,236,0,23
644,679,236,0,23
644,680,236,0,23
644,681,236,0,23
644,682,236,0,23
644,683,236,0,23
644,684,236,0,23
644,685,236,0,23
644,686,236,0,23
644,687,236,0,23
644,688,236,0,23
644,689,236,0,23
644,690,236,0,23
644,691,236,0,23
644,692,236,0,23
644,693,236,0,23
644,694,236,0,23
644,695,236,0,23
644,696,236,0,23
644,697,236,0,23
644,698,236,0,23
644,699,236,0,23
644,700,236,0,23
644,701,236,0,23
644,702,236,0,23
644,703,236,0,23
644,704,236,0,23
644,705,236,0,23
644,706,236,0,23
644,707,236,0,23
644,708,236,0,23
644,709,236,0,23
644,710,236,0,23
644,711,236,0,23
644,712,236,0,23
644,713,236,0,23
644,714,236,0,23
644,715,236,0,23
644,716,236,0,23
644,717,236,0,23
644,718,236,0,23
644,719,236,0,23
644,720,236,0,23
644,721,236,0,23
644,722,236,0,23
644,723,236,0,23
644,724,236,0,23
647,625,276,0,26
647,626,276,0,26
647,627,276,0,26
647,628,276,0,26
647,629,276,0,26
647,630,276,0,26
647,631,276,0,26
647,632,276,0,26
647,633,276,0,26
647,634,276,0,26
647,635,276,0,26
647,636,276,0,26
647,637,276,0,26
647,638,276,0,26
647,639,276,0,26
647,640,276,0,26
647,641,276,0,26
647,642,276,0,26
647,643,276,0,26
647,644,276,0,26
647,645,276,0,26
647,646,276,0,26
647,648,276,0,26
647,649,276,0,26
647,650,276,0,26
647,651,276,0,26
647,652,276,0,26
647,653,276,0,26
647,654,276,0,26
647,655,276,0,26
647,656,276,0,26
647,657,276,0,26
647,658,276,0,26
647,659,276,0,26
647,660,276,0,26
647,661,276,0,26
647,662,276,0,26
647,663,276,0,26
647,664,276,0,26
647,665,276,0,26
647,666,276,0,26
647,667,276,0,26
647,668,276,0,26
647,669,276,0,26
647,670,276,0,26
647,671,276,0,26
647,672,276,0,26
647,673,276,0,26
647,674,276,0,26
647,675,276,0,26
647,676,276,0,26
647,677,276,0,26
647,678,276,0,26
647,679,276,0,26
647,680,276,0,26
647,681,276,0,26
647,682,276,0,26
647,683,276,0,26
647,684,276,0,26
647,685,276,0,26
647,686,276,0,26
647,687,276,0,26
647,688,276,0,26
647,689,276,0,26
647,690,276,0,26
647,691,276,0,26
647,692,276,0,26
647,693,276,0,26
647,694,276,0,26
647,695,276,0,26
647,696,276,0,26
647,697,276,0,26
647,698,276,0,26
647,699,276,0,26
647,700,276,0,26
647,701,276,0,26
647,702,276,0,26
647,703,276,0,26
647,704,276,0,26
647,705,276,0,26
647,706,276,0,26
647,707,276,0,26
647,708,276,0,26
647,709,276,0,26
647,710,276,0,26
647,711,276,0,26
647,712,276,0,26
647,713,276,0,26
647,714,276,0,26
647,715,276,0,26
647,716,276,0,26
647,717,276,0,26
647,718,276,0,26
647,719,276,0,26
647,720,276,0,26
647,721,276,0,26
647,722,276,0,26
647,723,276,0,26
647,724,276,0,26
651,625,131,0,30
651,626,131,0,30
651,627,131,0,30
651,628,131,0,30
651,629,131,0,30
651,630,131,0,30
651,631,131,0,30
651,632,131,0,30
651,633,131,0,30
651,634,131,0,30
651,635,131,0,30
651,636,131,0,30
651,637,131,0,30
651,638,131,0,30
651,639,131,0,30
651,640,131,0,30
651,641,131,0,30
651,642,131,0,30
651,643,131,0,30
651,644,131,0,30
651,645,131,0,30
651,646,131,0,30
651,647,131,0,30
651,648,131,0,30
651,649,131,0,30
651,650,131,0,30
651,652,131,0,30
651,653,131,0,30
651,654,131,0,30
651,655,131,0,30
651,656,131,0,30
651,657,131,0,30
651,658,131,0,30
651,659,131,0,30
651,660,131,0,30
651,661,131,0,30
651,662,131,0,30
651,663,131,0,30
651,664,131,0,30
651,665,131,0,30
651,666,131,0,30
651,667,131,0,30
651,668,131,0,30
651,669,131,0,30
651,670,131,0,30
651,671,131,0,30
651,672,131,0,30
651,673,131,0,30
651,674,131,0,30
651,675,131,0,30
651,676,131,0,30
651,677,131,0,30
651,678,131,0,30
651,679,131,0,30
651,680,131,0,30
651,681,131,0,30
651,682,131,0,30
651,683,131,0,30
651,684,131,0,30
651,685,131,0,30
651,686,131,0,30
651,687,131,0,30
651,688,131,0,30
651,689,131,0,30
651,690,131,0,30
651,691,131,0,30
651,692,131,0,30
651,693,131,0,30
651,694,131,0,30
651,695,131,0,30
651,696,131,0,30
651,697,131,0,30
651,698,131,0,30
651,699,131,0,30
651,700,131,0,30
651,701,131,0,30
651,702,131,0,30
651,703,131,0,30
651,704,131,0,30
651,705,131,0,30
651,706,131,0,30
651,707,131,0,30
651,708,131,0,30
651,709,131,0,30
651,710,131,0,30
651,711,131,0,30
651,712,131,0,30
651,713,131,0,30
651,714,131,0,30
651,715,131,0,30
651,716,131,0,30
651,717,131,0,30
651,718,131,0,30
651,719,131,0,30
651,720,131,0,30
651,721,131,0,30
651,722,131,0,30
651,723,131,0,30
651,724,131,0,30
652,625,307,0,31
652,626,307,0,31
652,627,307,0,31
652,628,307,0,31
652,629,307,0,31
652,630,307,0,31
652,631,307,0,31
652,632,307,0,31
652,633,307,0,31
652,634,307,0,31
652,635,307,0,31
652,636,307,0,31
652,637,307,0,31
652,638,307,0,31
652,639,307,0,31
652,640,307,0,31
652,641,307,0,31
652,642,307,0,31
652,643,307,0,31
652,644,307,0,31
652,645,307,0,31
652,646,307,0,31
652,647,307,0,31
652,648,307,0,31
652,649,307,0,31
652,650,307,0,31
652,651,307,0,31
652,653,307,0,31
652,654,307,0,31
652,655,307,0,31
652,656,307,0,31
652,657,307,0,31
652,658,307,0,31
652,659,307,0,31
652,660,307,0,31
652,661,307,0,31
652,662,307,0,31
652,663,307,0,31
652,664,307,0,31
652,665,307,0,31
652,666,307,0,31
652,667,307,0,31
652,668,307,0,31
652,669,307,0,31
652,670,307,0,31
652,671,307,0,31
652,672,307,0,31
652,673,307,0,31
652,674,307,0,31
652,675,307,0,31
652,676,307,0,31
652,677,307,0,31
652,678,307,0,31
652,679,307,0,31
652,680,307,0,31
652,681,307,0,31
652,682,307,0,31
652,683,307,0,31
652,684,307,0,31
652,685,307,0,31
652,686,307,0,31
652,687,307,0,31
652,688,307,0,31
652,689,307,0,31
652,690,307,0,31
652,691,307,0,31
652,692,307,0,31
652,693,307,0,31
652,694,307,0,31
652,695,307,0,31
652,696,307,0,31
652,697,307,0,31
652,698,307,0,31
652,699,307,0,31
652,700,307,0,31
652,701,307,0,31
652,702,307,0,31
652,703,307,0,31
652,704,307,0,31
652,705,307,0,31
652,706,307,0,31
652,707,307,0,31
652,708,307,0,31
652,709,307,0,31
652,710,307,0,31
652,711,307,0,31
652,712,307,0,31
652,713,307,0,31
652,714,307,0,31
652,715,307,0,31
652,716,307,0,31
652,717,307,0,31
652,718,307,0,31
652,719,307,0,31
652,720,307,0,31
652,721,307,0,31
652,722,307,0,31
652,723,307,0,31
652,724,307,0,31
653,625,154,0,32
653,626,154,0,32
653,627,154,0,32
653,628,154,0,32
653,629,154,0,32
653,630,154,0,32
653,631,154,0,32
653,632,154,0,32
653,633,154,0,32
653,634,154,0,32
653,635,154,0,32
653,636,154,0,32
653,637,154,0,32
653,638,154,0,32
653,639,154,0,32
653,640,154,0,32
653,641,154,0,32
653,642,154,0,32
653,643,154,0,32
653,644,154,0,32
653,645,154,0,32
653,646,154,0,32
653,647,154,0,32
653,648,154,0,32
653,649,154,0,32
653,650,154,0,32
653,651,154,0,32
653,652,154,0,32
653,654,154,0,32
653,655,154,0,32
653,656,154,0,32
653,657,154,0,32
653,658,154,0,32
653,659,154,0,32
653,660,154,0,32
653,661,154,0,32
653,662,154,0,32
653,663,154,0,32
653,664,154,0,32
653,665,154,0,32
653,666,154,0,32
653,667,154,0,32
653,668,154,0,32
653,669,154,0,32
653,670,154,0,32
653,671,154,0,32
653,672,154,0,32
653,673,154,0,32
653,674,154,0,32
653,675,154,0,32
653,676,154,0,32
653,677,154,0,32
653,678,154,0,32
653,679,154,0,32
653,680,154,0,32
653,681,154,0,32
653,682,154,0,32
653,683,154,0,32
653,684,154,0,32
653,685,154,0,32
653,686,154,0,32
653,687,154,0,32
653,688,154,0,32
653,689,154,0,32
653,690,154,0,32
653,691,154,0,32
653,692,154,0,32
653,693,154,0,32
653,694,154,0,32
653,695,154,0,32
653,696,154,0,32
653,697,154,0,32
653,698,154,0,32
653,699,154,0,32
653,700,154,0,32
653,701,154,0,32
653,702,154,0,32
653,703,154,0,32
653,704,154,0,32
653,705,154,0,32
653,706,154,0,32
653,707,154,0,32
653,708,154,0,32
653,709,154,0,32
653,710,154,0,32
653,711,154,0,32
653,712,154,0,32
653,713,154,0,32
653,714,154,0,32
653,715,154,0,32
653,716,154,0,32
653,717,154,0,32
653,718,154,0,32
653,719,154,0,32
653,720,154,0,32
653,721,154,0,32
653,722,154,0,32
653,723,154,0,32
653,724,154,0,32
655,625,35,0,34
655,626,35,0,34
655,627,35,0,34
655,628,35,0,34
655,629,35,0,34
655,630,35,0,34
655,631,35,0,34
655,632,35,0,34
655,633,35,0,34
655,634,35,0,34
655,635,35,0,34
655,636,35,0,34
655,637,35,0,34
655,638,35,0,34
655,639,35,0,34
655,640,35,0,34
655,641,35,0,34
655,642,35,0,34
655,643,35,0,34
655,644,35,0,34
655,645,35,0,34
655,646,35,0,34
655,647,35,0,34
655,648,35,0,34
655,649,35,0,34
655,650,35,0,34
655,651,35,0,34
655,652,35,0,34
655,653,35,0,34
655,654,35,0,34
655,656,35,0,34
655,657,35,0,34
655,658,35,0,34
655,659,35,0,34
655,660,35,0,34
655,661,35,0,34
655,662,35,0,34
655,663,35,0,34
655,664,35,0,34
655,665,35,0,34
655,666,35,0,34
655,667,35,0,34
655,668,35,0,34
655,669,35,0,34
655,670,35,0,34
655,671,35,0,34
655,672,35,0,34
655,673,35,0,34
655,674,35,0,34
655,675,35,0,34
655,676,35,0,34
655,677,35,0,34
655,678,35,0,34
655,679,35,0,34
655,680,35,0,34
655,681,35,0,34
655,682,35,0,34
655,683,35,0,34
655,684,35,0,34
655,685,35,0,34
655,686,35,0,34
655,687,35,0,34
655,688,35,0,34
655,689,35,0,34
655,690,35,0,34
655,691,35,0,34
655,692,35,0,34
655,693,35,0,34
655,694,35,0,34
655,695,35,0,34
655,696,35,0,34
655,697,35,0,34
655,698,35,0,34
655,699,35,0,34
655,700,35,0,34
655,701,35,0,34
655,702,35,0,34
655,703,35,0,34
655,704,35,0,34
655,705,35,0,34
655,706,35,0,34
655,707,35,0,34
655,708,35,0,34
655,709,35,0,34
655,710,35,0,34
655,711,35,0,34
655,712,35,0,34
655,713,35,0,34
655,714,35,0,34
655,715,35,0,34
655,716,35,0,34
655,717,35,0,34
655,718,35,0,34
655,719,35,0,34
655,720,35,0,34
655,721,35,0,34
655,722,35,0,34
655,723,35,0,34
655,724,35,0,34
658,625,362,0,37
658,626,362,0,37
658,627,362,0,37
658,628,362,0,37
658,629,362,0,37
658,630,362,0,37
658,631,362,0,37
658,632,362,0,37
658,633,362,0,37
658,634,362,0,37
658,635,362,0,37
658,636,362,0,37
658,637,362,0,37
658,638,362,0,37
658,639,362,0,37
658,640,362,0,37
658,641,362,0,37
658,642,362,0,37
658,643,362,0,37
658,644,362,0,37
658,645,362,0,37
658,646,362,0,37
658,647,362,0,37
658,648,362,0,37
658,649,362,0,37
658,650,362,0,37
658,651,362,0,37
658,652,362,0,37
658,653,362,0,37
658,654,362,0,37
658,655,362,0,37
658,656,362,0,37
658,657,362,0,37
658,659,362,0,37
658,660,362,0,37
658,661,362,0,37
658,662,362,0,37
658,663,362,0,37
658,664,362,0,37
658,665,362,0,37
658,666,362,0,37
658,667,362,0,37
658,668,362,0,37
658,669,362,0,37
658,670,362,0,37
658,671,362,0,37
658,672,362,0,37
658,673,362,0,37
658,674,362,0,37
658,675,362,0,37
658,676,362,0,37
658,677,362,0,37
658,678,362,0,37
658,679,362,0,37
658,680,362,0,37
658,681,362,0,37
658,682,362,0,37
658,683,362,0,37
658,684,362,0,37
658,685,362,0,37
658,686,362,0,37
658,687,362,0,37
658,688,362,0,37
658,689,362,0,37
658,690,362,0,37
658,691,362,0,37
658,692,362,0,37
658,693,362,0,37
658,694,362,0,37
658,695,362,0,37
658,696,362,0,37
658,697,362,0,37
658,698,362,0,37
658,699,362,0,37
658,700,362,0,37
658,701,362,0,37
658,702,362,0,37
658,703,362,0,37
658,704,362,0,37
658,705,362,0,37
658,706,362,0,37
658,707,362,0,37
658,708,362,0,37
658,709,362,0,37
658,710,362,0,37
658,711,362,0,37
658,712,362,0,37
658,713,362,0,37
658,714,362,0,37
658,715,362,0,37
658,716,362,0,37
658,717,362,0,37
658,718,362,0,37
658,719,362,0,37
658,720,362,0,37
658,721,362,0,37
658,722,362,0,37
658,723,362,0,37
658,724,362,0,37
661,625,12,0,40
661,626,12,0,40
661,627,12,0,40
661,628,12,0,40
661,629,12,0,40
661,630,12,0,40
661,631,12,0,40
661,632,12,0,40
661,633,12,0,40
661,634,12,0,40
661,635,12,0,40
661,636,12,0,40
661,637,12,0,40
661,638,12,0,40
661,639,12,0,40
661,640,12,0,40
661,641,12,0,40
661,642,12,0,40
661,643,12,0,40
661,644,12,0,40
661,645,12,0,40
661,646,12,0,40
661,647,12,0,40
661,648,12,0,40
661,649,12,0,40
661,650,12,0,40
661,651,12,0,40
661,652,12,0,40
661,653,12,0,40
661,654,12,0,40
661,655,12,0,40
661,656,12,0,40
661,657,12,0,40
661,658,12,0,40
661,659,12,0,40
661,660,12,0,40
661,662,12,0,40
661,663,12,0,40
661,664,12,0,40
661,665,12,0,40
661,666,12,0,40
661,667,12,0,40
661,668,12,0,40
661,669,12,0,40
661,670,12,0,40
661,671,12,0,40
661,672,12,0,40
661,673,12,0,40
661,674,12,0,40
661,675,12,0,40
661,676,12,0,40
661,677,12,0,40
661,678,12,0,40
661,679,12,0,40
661,680,12,0,40
661,681,12,0,40
661,682,12,0,40
661,683,12,0,40
661,684,12,0,40
661,685,12,0,40
661,686,12,0,40
661,687,12,0,40
661,688,12,0,40
661,689,12,0,40
661,690,12,0,40
661,691,12,0,40
661,692,12,0,40
661,693,12,0,40
661,694,12,0,40
661,695,12,0,40
661,696,12,0,40
661,697,12,0,40
661,698,12,0,40
661,699,12,0,40
661,700,12,0,40
661,701,12,0,40
661,702,12,0,40
661,703,12,0,40
661,704,12,0,40
661,705,12,0,40
661,706,12,0,40
661,707,12,0,40
661,708,12,0,40
661,709,12,0,40
661,710,12,0,40
661,711,12,0,40
661,712,12,0,40
661,713,12,0,40
661,714,12,0,40
661,715,12,0,40
661,716,12,0,40
661,717,12,0,40
661,718,12,0,40
661,719,12,0,40
661,720,12,0,40
661,721,12,0,40
661,722,12,0,40
661,723,12,0,40
661,724,12,0,40
662,625,441,0,41
662,626,441,0,41
662,627,441,0,41
662,628,441,0,41
662,629,441,0,41
662,630,441,0,41
662,631,441,0,41
662,632,441,0,41
662,633,441,0,41
662,634,441,0,41
662,635,441,0,41
662,636,441,0,41
662,637,441,0,41
662,638,441,0,41
662,639,441,0,41
662,640,441,0,41
662,641,441,0,41
662,642,441,0,41
662,643,441,0,41
662,644,441,0,41
662,645,441,0,41
662,646,441,0,41
662,647,441,0,41
662,648,441,0,41
662,649,441,0,41
662,650,441,0,41
662,651,441,0,41
662,652,441,0,41
662,653,441,0,41
662,654,441,0,41
662,655,441,0,41
662,656,441,0,41
662,657,441,0,41
662,658,441,0,41
662,659,441,0,41
662,660,441,0,41
662,661,441,0,41
662,663,441,0,41
662,664,441,0,41
662,665,441,0,41
662,666,441,0,41
662,667,441,0,41
662,668,441,0,41
662,669,441,0,41
662,670,441,0,41
662,671,441,0,41
662,672,441,0,41
662,673,441,0,41
662,674,441,0,41
662,675,441,0,41
662,676,441,0,41
662,677,441,0,41
662,678,441,0,41
662,679,441,0,41
662,680,441,0,41
662,681,441,0,41
662,682,441,0,41
662,683,441,0,41
662,684,441,0,41
662,685,441,0,41
662,686,441,0,41
662,687,441,0,41
662,688,441,0,41
662,689,441,0,41
662,690,441,0,41
662,691,441,0,41
662,692,441,0,41
662,693,441,0,41
662,694,441,0,41
662,695,441,0,41
662,696,441,0,41
662,697,441,0,41
662,698,441,0,41
662,699,441,0,41
662,700,441,0,41
662,701,441,0,41
662,702,441,0,41
662,703,441,0,41
662,704,441,0,41
662,705,441,0,41
662,706,441,0,41
662,707,441,0,41
662,708,441,0,41
662,709,441,0,41
662,710,441,0,41
662,711,441,0,41
662,712,441,0,41
662,713,441,0,41
662,714,441,0,41
662,715,441,0,41
662,716,441,0,41
662,717,441,0,41
662,718,441,0,41
662,719,441,0,41
662,720,441,0,41
662,721,441,0,41
662,722,441,0,41
662,723,441,0,41
662,724,441,0,41
663,625,581,0,42
663,626,581,0,42
663,627,581,0,42
663,628,581,0,42
663,629,581,0,42
663,630,581,0,42
663,631,581,0,42
663,632,581,0,42
663,633,581,0,42
663,634,581,0,42
663,635,581,0,42
663,636,581,0,42
663,637,581,0,42
663,638,581,0,42
663,639,581,0,42
663,640,581,0,42
663,641,581,0,42
663,642,581,0,42
663,643,581,0,42
663,644,581,0,42
663,645,581,0,42
663,646,581,0,42
663,647,581,0,42
663,648,581,0,42
663,649,581,0,42
663,650,581,0,42
663,651,581,0,42
663,652,581,0,42
663,653,581,0,42
663,654,581,0,42
663,655,581,0,42
663,656,581,0,42
663,657,581,0,42
663,658,581,0,42
663,659,581,0,42
663,660,581,0,42
663,661,581,0,42
663,662,581,0,42
663,664,581,0,42
663,665,581,0,42
663,666,581,0,42
663,667,581,0,42
663,668,581,0,42
663,669,581,0,42
663,670,581,0,42
663,671,581,0,42
663,672,581,0,42
663,673,581,0,42
663,674,581,0,42
663,675,581,0,42
663,676,581,0,42
663,677,581,0,42
663,678,581,0,42
663,679,581,0,42
663,680,581,0,42
663,681,581,0,42
663,682,581,0,42
663,683,581,0,42
663,684,581,0,42
663,685,581,0,42
663,686,581,0,42
663,687,581,0,42
663,688,581,0,42
663,689,581,0,42
663,690,581,0,42
663,691,581,0,42
663,692,581,0,42
663,693,581,0,42
663,694,581,0,42
663,695,581,0,42
663,696,581,0,42
663,697,581,0,42
663,698,581,0,42
663,699,581,0,42
663,700,581,0,42
663,701,581,0,42
663,702,581,0,42
663,703,581,0,42
663,704,581,0,42
663,705,581,0,42
663,706,581,0,42
663,707,581,0,42
663,708,581,0,42
663,709,581,0,42
663,710,581,0,42
663,711,581,0,42
663,712,581,0,42
663,713,581,0,42
663,714,581,0,42
663,715,581,0,42
663,716,581,0,42
663,717,581,0,42
663,718,581,0,42
663,719,581,0,42
663,720,581,0,42
663,721,581,0,42
663,722,581,0,42
663,723,581,0,42
663,724,581,0,42
664,625,159,0,43
664,626,159,0,43
664,627,159,0,43
664,628,159,0,43
664,629,159,0,43
664,630,159,0,43
664,631,159,0,43
664,632,159,0,43
664,633,159,0,43
664,634,159,0,43
664,635,159,0,43
664,636,159,0,43
664,637,159,0,43
664,638,159,0,43
664,639,159,0,43
664,640,159,0,43
664,641,159,0,43
664,642,159,0,43
664,643,159,0,43
664,644,159,0,43
664,645,159,0,43
664,646,159,0,43
664,647,159,0,43
664,648,159,0,43
664,649,159,0,43
664,650,159,0,43
664,651,159,0,43
664,652,159,0,43
664,653,159,0,43
664,654,159,0,43
664,655,159,0,43
664,656,159,0,43
664,657,159,0,43
664,658,159,0,43
664,659,159,0,43
664,660,159,0,43
664,661,159,0,43
664,662,159,0,43
664,663,159,0,43
664,665,159,0,43
664,666,159,0,43
664,667,159,0,43
664,668,159,0,43
664,669,159,0,43
664,670,159,0,43
664,671,159,0,43
664,672,159,0,43
664,673,159,0,43
664,674,159,0,43
664,675,159,0,43
664,676,159,0,43
664,677,159,0,43
664,678,159,0,43
664,679,159,0,43
664,680,159,0,43
664,681,159,0,43
664,682,159,0,43
664,683,159,0,43
664,684,159,0,43
664,685,159,0,43
664,686,159,0,43
664,687,159,0,43
664,688,159,0,43
664,689,159,0,43
664,690,159,0,43
664,691,159,0,43
664,692,159,0,43
664,693,159,0,43
664,694,159,0,43
664,695,159,0,43
664,696,159,0,43
664,697,159,0,43
664,698,159,0,43
664,699,159,0,43
664,700,159,0,43
664,701,159,0,43
664,702,159,0,43
664,703,159,0,43
664,704,159,0,43
664,705,159,0,43
664,706,159,0,43
664,707,159,0,43
664,708,159,0,43
664,709,159,0,43
664,710,159,0,43
664,711,159,0,43
664,712,159,0,43
664,713,159,0,43
664,714,159,0,43
664,715,159,0,43
664,716,159,0,43
664,717,159,0,43
664,718,159,0,43
664,719,159,0,43
664,720,159,0,43
664,721,159,0,43
664,722,159,0,43
664,723,159,0,43
664,724,159,0,43
669,625,88,0,48
669,626,88,0,48
669,627,88,0,48
669,628,88,0,48
669,629,88,0,48
669,630,88,0,48
669,631,88,0,48
669,632,88,0,48
669,633,88,0,48
669,634,88,0,48
669,635,88,0,48
669,636,88,0,48
669,637,88,0,48
669,638,88,0,48
669,639,88,0,48
669,640,88,0,48
669,641,88,0,48
669,642,88,0,48
669,643,88,0,48
669,644,88,0,48
669,645,88,0,48
669,646,88,0,48
669,647,88,0,48
669,648,88,0,48
669,649,88,0,48
669,650,88,0,48
669,651,88,0,48
669,652,88,0,48
669,653,88,0,48
669,654,88,0,48
669,655,88,0,48
669,656,88,0,48
669,657,88,0,48
669,658,88,0,48
669,659,88,0,48
669,660,88,0,48
669,661,88,0,48
669,662,88,0,48
669,663,88,0,48
669,664,88,0,48
669,665,88,0,48
669,666,88,0,48
669,667,88,0,48
669,668,88,0,48
669,670,88,0,48
669,671,88,0,48
669,672,88,0,48
669,673,88,0,48
669,674,88,0,48
669,675,88,0,48
669,676,88,0,48
669,677,88,0,48
669,678,88,0,48
669,679,88,0,48
669,680,88,0,48
669,681,88,0,48
669,682,88,0,48
669,683,88,0,48
669,684,88,0,48
669,685,88,0,48
669,686,88,0,48
669,687,88,0,48
669,688,88,0,48
669,689,88,0,48
669,690,88,0,48
669,691,88,0,48
669,692,88,0,48
669,693,88,0,48
669,694,88,0,48
669,695,88,0,48
669,696,88,0,48
669,697,88,0,48
669,698,88,0,48
669,699,88,0,48
669,700,88,0,48
669,701,88,0,48
669,702,88,0,48
669,703,88,0,48
669,704,88,0,48
669,705,88,0,48
669,706,88,0,48
669,707,88,0,48
669,708,88,0,48
669,709,88,0,48
669,710,88,0,48
669,711,88,0,48
669,712,88,0,48
669,713,88,0,48
669,714,88,0,48
669,715,88,0,48
669,716,88,0,48
669,717,88,0,48
669,718,88,0,48
669,719,88,0,48
669,720,88,0,48
669,721,88,0,48
669,722,88,0,48
669,723,88,0,48
669,724,88,0,48
671,625,252,0,50
671,626,252,0,50
671,627,252,0,50
671,628,252,0,50
671,629,252,0,50
671,630,252,0,50
671,631,252,0,50
671,632,252,0,50
671,633,252,0,50
671,634,252,0,50
671,635,252,0,50
671,636,252,0,50
671,637,252,0,50
671,638,252,0,50
671,639,252,0,50
671,640,252,0,50
671,641,252,0,50
671,642,252,0,50
671,643,252,0,50
671,644,252,0,50
671,645,252,0,50
671,646,252,0,50
671,647,252,0,50
671,648,252,0,50
671,649,252,0,50
671,650,252,0,50
671,651,252,0,50
671,652,252,0,50
671,653,252,0,50
671,654,252,0,50
671,655,252,0,50
671,656,252,0,50
671,657,252,0,50
671,658,252,0,50
671,659,252,0,50
671,660,252,0,50
671,661,252,0,50
671,662,252,0,50
671,663,252,0,50
671,664,252,0,50
671,665,252,0,50
671,666,252,0,50
671,667,252,0,50
671,668,252,0,50
671,669,252,0,50
671,670,252,0,50
671,672,252,0,50
671,673,252,0,50
671,674,252,0,50
671,675,252,0,50
671,676,252,0,50
671,677,252,0,50
671,678,252,0,50
671,679,252,0,50
671,680,252,0,50
671,681,252,0,50
671,682,252,0,50
671,683,252,0,50
671,684,252,0,50
671,685,252,0,50
671,686,252,0,50
671,687,252,0,50
671,688,252,0,50
671,689,252,0,50
671,690,252,0,50
671,691,252,0,50
671,692,252,0,50
671,693,252,0,50
671,694,252,0,50
671,695,252,0,50
671,696,252,0,50
671,697,252,0,50
671,698,252,0,50
671,699,252,0,50
671,700,252,0,50
671,701,252,0,50
671,702,252,0,50
671,703,252,0,50
671,704,252,0,50
671,705,252,0,50
671,706,252,0,50
671,707,252,0,50
671,708,252,0,50
671,709,252,0,50
671,710,252,0,50
671,711,252,0,50
671,712,252,0,50
671,713,252,0,50
671,714,252,0,50
671,715,252,0,50
671,716,252,0,50
671,717,252,0,50
671,718,252,0,50
671,719,252,0,50
671,720,252,0,50
671,721,252,0,50
671,722,252,0,50
671,723,252,0,50
671,724,252,0,50
672,625,184,0,51
672,626,184,0,51
672,627,184,0,51
672,628,184,0,51
672,629,184,0,51
672,630,184,0,51
672,631,184,0,51
672,632,184,0,51
672,633,184,0,51
672,634,184,0,51
672,635,184,0,51
672,636,184,0,51
672,637,184,0,51
672,638,184,0,51
672,639,184,0,51
672,640,184,0,51
672,641,184,0,51
672,642,184,0,51
672,643,184,0,51
672,644,184,0,51
672,645,184,0,51
672,646,184,0,51
672,647,184,0,51
672,648,184,0,51
672,649,184,0,51
672,650,184,0,51
672,651,184,0,51
672,652,184,0,51
672,653,184,0,51
672,654,184,0,51
672,655,184,0,51
672,656,184,0,51
672,657,184,0,51
672,658,184,0,51
672,659,184,0,51
672,660,184,0,51
672,661,184,0,51
672,662,184,0,51
672,663,184,0,51
672,664,184,0,51
672,665,184,0,51
672,666,184,0,51
672,667,184,0,51
672,668,184,0,51
672,669,184,0,51
672,670,184,0,51
672,671,184,0,51
672,673,184,0,51
672,674,184,0,51
672,675,184,0,51
672,676,184,0,51
672,677,184,0,51
672,678,184,0,51
672,679,184,0,51
672,680,184,0,51
672,681,184,0,51
672,682,184,0,51
672,683,184,0,51
672,684,184,0,51
672,685,184,0,51
672,686,184,0,51
672,687,184,0,51
672,688,184,0,51
672,689,184,0,51
672,690,184,0,51
672,691,184,0,51
672,692,184,0,51
672,693,184,0,51
672,694,184,0,51
672,695,184,0,51
672,696,184,0,51
672,697,184,0,51
672,698,184,0,51
672,699,184,0,51
672,700,184,0,51
672,701,184,0,51
672,702,184,0,51
672,703,184,0,51
672,704,184,0,51
672,705,184,0,51
672,706,184,0,51
672,707,184,0,51
672,708,184,0,51
672,709,184,0,51
672,710,184,0,51
672,711,184,0,51
672,712,184,0,51
672,713,184,0,51
672,714,184,0,51
672,715,184,0,51
672,716,184,0,51
672,717,184,0,51
672,718,184,0,51
672,719,184,0,51
672,720,184,0,51
672,721,184,0,51
672,722,184,0,51
672,723,184,0,51
672,724,184,0,51
680,625,368,0,59
680,626,368,0,59
680,627,368,0,59
680,628,368,0,59
680,629,368,0,59
680,630,368,0,59
680,631,368,0,59
680,632,368,0,59
680,633,368,0,59
680,634,368,0,59
680,635,368,0,59
680,636,368,0,59
680,637,368,0,59
680,638,368,0,59
680,639,368,0,59
680,640,368,0,59
680,641,368,0,59
680,642,368,0,59
680,643,368,0,59
680,644,368,0,59
680,645,368,0,59
680,646,368,0,59
680,647,368,0,59
680,648,368,0,59
680,649,368,0,59
680,650,368,0,59
680,651,368,0,59
680,652,368,0,59
680,653,368,0,59
680,654,368,0,59
680,655,368,0,59
680,656,368,0,59
680,657,368,0,59
680,658,368,0,59
680,659,368,0,59
680,660,368,0,59
680,661,368,0,59
680,662,368,0,59
680,663,368,0,59
680,664,368,0,59
680,665,368,0,59
680,666,368,0,59
680,667,368,0,59
680,668,368,0,59
680,669,368,0,59
680,670,368,0,59
680,671,368,0,59
680,672,368,0,59
680,673,368,0,59
680,674,368,0,59
680,675,368,0,59
680,676,368,0,59
680,677,368,0,59
680,678,368,0,59
680,679,368,0,59
680,681,368,0,59
680,682,368,0,59
680,683,368,0,59
680,684,368,0,59
680,685,368,0,59
680,686,368,0,59
680,687,368,0,59
680,688,368,0,59
680,689,368,0,59
680,690,368,0,59
680,691,368,0,59
680,692,368,0,59
680,693,368,0,59
680,694,368,0,59
680,695,368,0,59
680,696,368,0,59
680,697,368,0,59
680,698,368,0,59
680,699,368,0,59
680,700,368,0,59
680,701,368,0,59
680,702,368,0,59
680,703,368,0,59
680,704,368,0,59
680,705,368,0,59
680,706,368,0,59
680,707,368,0,59
680,708,368,0,59
680,709,368,0,59
680,710,368,0,59
680,711,368,0,59
680,712,368,0,59
680,713,368,0,59
680,714,368,0,59
680,715,368,0,59
680,716,368,0,59
680,717,368,0,59
680,718,368,0,59
680,719,368,0,59
680,720,368,0,59
680,721,368,0,59
680,722,368,0,59
680,723,368,0,59
680,724,368,0,59
686,625,288,0,65
686,626,288,0,65
686,627,288,0,65
686,628,288,0,65
686,629,288,0,65
686,630,288,0,65
686,631,288,0,65
686,632,288,0,65
686,633,288,0,65
686,634,288,0,65
686,635,288,0,65
686,636,288,0,65
686,637,288,0,65
686,638,288,0,65
686,639,288,0,65
686,640,288,0,65
686,641,288,0,65
686,642,288,0,65
686,643,288,0,65
686,644,288,0,65
686,645,288,0,65
686,646,288,0,65
686,647,288,0,65
686,648,288,0,65
686,649,288,0,65
686,650,288,0,65
686,651,288,0,65
686,652,288,0,65
686,653,288,0,65
686,654,288,0,65
686,655,288,0,65
686,656,288,0,65
686,657,288,0,65
686,658,288,0,65
686,659,288,0,65
686,660,288,0,65
686,661,288,0,65
686,662,288,0,65
686,663,288,0,65
686,664,288,0,65
686,665,288,0,65
686,666,288,0,65
686,667,288,0,65
686,668,288,0,65
686,669,288,0,65
686,670,288,0,65
686,671,288,0,65
686,672,288,0,65
686,673,288,0,65
686,674,288,0,65
686,675,288,0,65
686,676,288,0,65
686,677,288,0,65
686,678,288,0,65
686,679,288,0,65
686,680,288,0,65
686,681,288,0,65
686,682,288,0,65
686,683,288,0,65
686,684,288,0,65
686,685,288,0,65
686,687,288,0,65
686,688,288,0,65
686,689,288,0,65
686,690,288,0,65
686,691,288,0,65
686,692,288,0,65
686,693,288,0,65
686,694,288,0,65
686,695,288,0,65
686,696,288,0,65
686,697,288,0,65
686,698,288,0,65
686,699,288,0,65
686,700,288,0,65
686,701,288,0,65
686,702,288,0,65
686,703,288,0,65
686,704,288,0,65
686,705,288,0,65
686,706,288,0,65
686,707,288,0,65
686,708,288,0,65
686,709,288,0,65
686,710,288,0,65
686,711,288,0,65
686,712,288,0,65
686,713,288,0,65
686,714,288,0,65
686,715,288,0,65
686,716,288,0,65
686,717,288,0,65
686,718,288,0,65
686,719,288,0,65
686,720,288,0,65
686,721,288,0,65
686,722,288,0,65
686,723,288,0,65
686,724,288,0,65
688,625,126,0,67
688,626,126,0,67
688,627,126,0,67
688,628,126,0,67
688,629,126,0,67
688,630,126,0,67
688,631,126,0,67
688,632,126,0,67
688,633,126,0,67
688,634,126,0,67
688,635,126,0,67
688,636,126,0,67
688,637,126,0,67
688,638,126,0,67
688,639,126,0,67
688,640,126,0,67
688,641,126,0,67
688,642,126,0,67
688,643,126,0,67
688,644,126,0,67
688,645,126,0,67
688,646,126,0,67
688,647,126,0,67
688,648,126,0,67
688,649,126,0,67
688,650,126,0,67
688,651,126,0,67
688,652,126,0,67
688,653,126,0,67
688,654,126,0,67
688,655,126,0,67
688,656,126,0,67
688,657,126,0,67
688,658,126,0,67
688,659,126,0,67
688,660,126,0,67
688,661,126,0,67
688,662,126,0,67
688,663,126,0,67
688,664,126,0,67
688,665,126,0,67
688,666,126,0,67
688,667,126,0,67
688,668,126,0,67
688,669,126,0,67
688,670,126,0,67
688,671,126,0,67
688,672,126,0,67
688,673,126,0,67
688,674,126,0,67
688,675,126,0,67
688,676,126,0,67
688,677,126,0,67
688,678,126,0,67
688,679,126,0,67
688,680,126,0,67
688,681,126,0,67
688,682,126,0,67
688,683,126,0,67
688,684,126,0,67
688,685,126,0,67
688,686,126,0,67
688,687,126,0,67
688,689,126,0,67
688,690,126,0,67
688,691,126,0,67
688,692,126,0,67
688,693,126,0,67
688,694,126,0,67
688,695,126,0,67
688,696,126,0,67
688,697,126,0,67
688,698,126,0,67
688,699,126,0,67
688,700,126,0,67
688,701,126,0,67
688,702,126,0,67
688,703,126,0,67
688,704,126,0,67
688,705,126,0,67
688,706,126,0,67
688,707,126,0,67
688,708,126,0,67
688,709,126,0,67
688,710,126,0,67
688,711,126,0,67
688,712,126,0,67
688,713,126,0,67
688,714,126,0,67
688,715,126,0,67
688,716,126,0,67
688,717,126,0,67
688,718,126,0,67
688,719,126,0,67
688,720,126,0,67
688,721,126,0,67
688,722,126,0,67
688,723,126,0,67
688,724,126,0,67
697,625,332,0,76
697,626,332,0,76
697,627,332,0,76
697,628,332,0,76
697,629,332,0,76
697,630,332,0,76
697,631,332,0,76
697,632,332,0,76
697,633,332,0,76
697,634,332,0,76
697,635,332,0,76
697,636,332,0,76
697,637,332,0,76
697,638,332,0,76
697,639,332,0,76
697,640,332,0,76
697,641,332,0,76
697,642,332,0,76
697,643,332,0,76
697,644,332,0,76
697,645,332,0,76
697,646,332,0,76
697,647,332,0,76
697,648,332,0,76
697,649,332,0,76
697,650,332,0,76
697,651,332,0,76
697,652,332,0,76
697,653,332,0,76
697,654,332,0,76
697,655,332,0,76
697,656,332,0,76
697,657,332,0,76
697,658,332,0,76
697,659,332,0,76
697,660,332,0,76
697,661,332,0,76
697,662,332,0,76
697,663,332,0,76
697,664,332,0,76
697,665,332,0,76
697,666,332,0,76
697,667,332,0,76
697,668,332,0,76
697,669,332,0,76
697,670,332,0,76
697,671,332,0,76
697,672,332,0,76
697,673,332,0,76
697,674,332,0,76
697,675,332,0,76
697,676,332,0,76
697,677,332,0,76
697,678,332,0,76
697,679,332,0,76
697,680,332,0,76
697,681,332,0,76
697,682,332,0,76
697,683,332,0,76
697,684,332,0,76
697,685,332,0,76
697,686,332,0,76
697,687,332,0,76
697,688,332,0,76
697,689,332,0,76
697,690,332,0,76
697,691,332,0,76
697,692,332,0,76
697,693,332,0,76
697,694,332,0,76
697,695,332,0,76
697,696,332,0,76
697,698,332,0,76
697,699,332,0,76
697,700,332,0,76
697,701,332,0,76
697,702,332,0,76
697,703,332,0,76
697,704,332,0,76
697,705,332,0,76
697,706,332,0,76
697,707,332,0,76
697,708,332,0,76
697,709,332,0,76
697,710,332,0,76
697,711,332,0,76
697,712,332,0,76
697,713,332,0,76
697,714,332,0,76
697,715,332,0,76
697,716,332,0,76
697,717,332,0,76
697,718,332,0,76
697,719,332,0,76
697,720,332,0,76
697,721,332,0,76
697,722,332,0,76
697,723,332,0,76
697,724,332,0,76
699,625,91,0,78
699,626,91,0,78
699,627,91,0,78
699,628,91,0,78
699,629,91,0,78
699,630,91,0,78
699,631,91,0,78
699,632,91,0,78
699,633,91,0,78
699,634,91,0,78
699,635,91,0,78
699,636,91,0,78
699,637,91,0,78
699,638,91,0,78
699,639,91,0,78
699,640,91,0,78
699,641,91,0,78
699,642,91,0,78
699,643,91,0,78
699,644,91,0,78
699,645,91,0,78
699,646,91,0,78
699,647,91,0,78
699,648,91,0,78
699,649,91,0,78
699,650,91,0,78
699,651,91,0,78
699,652,91,0,78
699,653,91,0,78
699,654,91,0,78
699,655,91,0,78
699,656,91,0,78
699,657,91,0,78
699,658,91,0,78
699,659,91,0,78
699,660,91,0,78
699,661,91,0,78
699,662,91,0,78
699,663,91,0,78
699,664,91,0,78
699,665,91,0,78
699,666,91,0,78
699,667,91,0,78
699,668,91,0,78
699,669,91,0,78
699,670,91,0,78
699,671,91,0,78
699,672,91,0,78
699,673,91,0,78
699,674,91,0,78
699,675,91,0,78
699,676,91,0,78
699,677,91,0,78
699,678,91,0,78
699,679,91,0,78
699,680,91,0,78
699,681,91,0,78
699,682,91,0,78
699,683,91,0,78
699,684,91,0,78
699,685,91,0,78
699,686,91,0,78
699,687,91,0,78
699,688,91,0,78
699,689,91,0,78
699,690,91,0,78
699,691,91,0,78
699,692,91,0,78
699,693,91,0,78
699,694,91,0,78
699,695,91,0,78
699,696,91,0,78
699,697,91,0,78
699,698,91,0,78
699,700,91,0,78
699,701,91,0,78
699,702,91,0,78
699,703,91,0,78
699,704,91,0,78
699,705,91,0,78
699,706,91,0,78
699,707,91,0,78
699,708,91,0,78
699,709,91,0,78
699,710,91,0,78
699,711,91,0,78
699,712,91,0,78
699,713,91,0,78
699,714,91,0,78
699,715,91,0,78
699,716,91,0,78
699,717,91,0,78
699,718,91,0,78
699,719,91,0,78
699,720,91,0,78
699,721,91,0,78
699,722,91,0,78
699,723,91,0,78
699,724,91,0,78
701,625,108,0,80
701,626,108,0,80
701,627,108,0,80
701,628,108,0,80
701,629,108,0,80
701,630,108,0,80
701,631,108,0,80
701,632,108,0,80
701,633,108,0,80
701,634,108,0,80
701,635,108,0,80
701,636,108,0,80
701,637,108,0,80
701,638,108,0,80
701,639,108,0,80
701,640,108,0,80
701,641,108,0,80
701,642,108,0,80
701,643,108,0,80
701,644,108,0,80
701,645,108,0,80
701,646,108,0,80
701,647,108,0,80
701,648,108,0,80
701,649,108,0,80
701,650,108,0,80
701,651,108,0,80
701,652,108,0,80
701,653,108,0,80
701,654,108,0,80
701,655,108,0,80
701,656,108,0,80
701,657,108,0,80
701,658,108,0,80
701,659,108,0,80
701,660,108,0,80
701,661,108,0,80
701,662,108,0,80
701,663,108,0,80
701,664,108,0,80
701,665,108,0,80
701,666,108,0,80
701,667,108,0,80
701,668,108,0,80
701,669,108,0,80
701,670,108,0,80
701,671,108,0,80
701,672,108,0,80
701,673,108,0,80
701,674,108,0,80
701,675,108,0,80
701,676,108,0,80
701,677,108,0,80
701,678,108,0,80
701,679,108,0,80
701,680,108,0,80
701,681,108,0,80
701,682,108,0,80
701,683,108,0,80
701,684,108,0,80
701,685,108,0,80
701,686,108,0,80
701,687,108,0,80
701,688,108,0,80
701,689,108,0,80
701,690,108,0,80
701,691,108,0,80
701,692,108,0,80
701,693,108,0,80
701,694,108,0,80
701,695,108,0,80
701,696,108,0,80
701,697,108,0,80
701,698,108,0,80
701,699,108,0,80
701,700,108,0,80
701,702,108,0,80
701,703,108,0,80
701,704,108,0,80
701,705,108,0,80
701,706,108,0,80
701,707,108,0,80
701,708,108,0,80
701,709,108,0,80
701,710,108,0,80
701,711,108,0,80
701,712,108,0,80
701,713,108,0,80
701,714,108,0,80
701,715,108,0,80
701,716,108,0,80
701,717,108,0,80
701,718,108,0,80
701,719,108,0,80
701,720,108,0,80
701,721,108,0,80
701,722,108,0,80
701,723,108,0,80
701,724,108,0,80
703,625,108,0,82
703,626,108,0,82
703,627,108,0,82
703,628,108,0,82
703,629,108,0,82
703,630,108,0,82
703,631,108,0,82
703,632,108,0,82
703,633,108,0,82
703,634,108,0,82
703,635,108,0,82
703,636,108,0,82
703,637,108,0,82
703,638,108,0,82
703,639,108,0,82
703,640,108,0,82
703,641,108,0,82
703,642,108,0,82
703,643,108,0,82
703,644,108,0,82
703,645,108,0,82
703,646,108,0,82
703,647,108,0,82
703,648,108,0,82
703,649,108,0,82
703,650,108,0,82
703,651,108,0,82
703,652,108,0,82
703,653,108,0,82
703,654,108,0,82
703,655,108,0,82
703,656,108,0,82
703,657,108,0,82
703,658,108,0,82
703,659,108,0,82
703,660,108,0,82
703,661,108,0,82
703,662,108,0,82
703,663,108,0,82
703,664,108,0,82
703,665,108,0,82
703,666,108,0,82
703,667,108,0,82
703,668,108,0,82
703,669,108,0,82
703,670,108,0,82
703,671,108,0,82
703,672,108,0,82
703,673,108,0,82
703,674,108,0,82
703,675,108,0,82
703,676,108,0,82
703,677,108,0,82
703,678,108,0,82
703,679,108,0,82
703,680,108,0,82
703,681,108,0,82
703,682,108,0,82
703,683,108,0,82
703,684,108,0,82
703,685,108,0,82
703,686,108,0,82
703,687,108,0,82
703,688,108,0,82
703,689,108,0,82
703,690,108,0,82
703,691,108,0,82
703,692,108,0,82
703,693,108,0,82
703,694,108,0,82
703,695,108,0,82
703,696,108,0,82
703,697,108,0,82
703,698,108,0,82
703,699,108,0,82
703,700,108,0,82
703,701,108,0,82
703,702,108,0,82
703,704,108,0,82
703,705,108,0,82
703,706,108,0,82
703,707,108,0,82
703,708,108,0,82
703,709,108,0,82
703,710,108,0,82
703,711,108,0,82
703,712,108,0,82
703,713,108,0,82
703,714,108,0,82
703,715,108,0,82
703,716,108,0,82
703,717,108,0,82
703,718,108,0,82
703,719,108,0,82
703,720,108,0,82
703,721,108,0,82
703,722,108,0,82
703,723,108,0,82
703,724,108,0,82
704,625,138,0,83
704,626,138,0,83
704,627,138,0,83
704,628,138,0,83
704,629,138,0,83
704,630,138,0,83
704,631,138,0,83
704,632,138,0,83
704,633,138,0,83
704,634,138,0,83
704,635,138,0,83
704,636,138,0,83
704,637,138,0,83
704,638,138,0,83
704,639,138,0,83
704,640,138,0,83
704,641,138,0,83
704,642,138,0,83
704,643,138,0,83
704,644,138,0,83
704,645,138,0,83
704,646,138,0,83
704,647,138,0,83
704,648,138,0,83
704,649,138,0,83
704,650,138,0,83
704,651,138,0,83
704,652,138,0,83
704,653,138,0,83
704,654,138,0,83
704,655,138,0,83
704,656,138,0,83
704,657,138,0,83
704,658,138,0,83
704,659,138,0,83
704,660,138,0,83
704,661,138,0,83
704,662,138,0,83
704,663,138,0,83
704,664,138,0,83
704,665,138,0,83
704,666,138,0,83
704,667,138,0,83
704,668,138,0,83
704,669,138,0,83
704,670,138,0,83
704,671,138,0,83
704,672,138,0,83
704,673,138,0,83
704,674,138,0,83
704,675,138,0,83
704,676,138,0,83
704,677,138,0,83
704,678,138,0,83
704,679,138,0,83
704,680,138,0,83
704,681,138,0,83
704,682,138,0,83
704,683,138,0,83
704,684,138,0,83
704,685,138,0,83
704,686,138,0,83
704,687,138,0,83
704,688,138,0,83
704,689,138,0,83
704,690,138,0,83
704,691,138,0,83
704,692,138,0,83
704,693,138,0,83
704,694,138,0,83
704,695,138,0,83
704,696,138,0,83
704,697,138,0,83
704,698,138,0,83
704,699,138,0,83
704,700,138,0,83
704,701,138,0,83
704,702,138,0,83
704,703,138,0,83
704,705,138,0,83
704,706,138,0,83
704,707,138,0,83
704,708,138,0,83
704,709,138,0,83
704,710,138,0,83
704,711,138,0,83
704,712,138,0,83
704,713,138,0,83
704,714,138,0,83
704,715,138,0,83
704,716,138,0,83
704,717,138,0,83
704,718,138,0,83
704,719,138,0,83
704,720,138,0,83
704,721,138,0,83
704,722,138,0,83
704,723,138,0,83
704,724,138,0,83
712,625,134,0,91
712,626,134,0,91
712,627,134,0,91
712,628,134,0,91
712,629,134,0,91
712,630,134,0,91
712,631,134,0,91
712,632,134,0,91
712,633,134,0,91
712,634,134,0,91
712,635,134,0,91
712,636,134,0,91
712,637,134,0,91
712,638,134,0,91
712,639,134,0,91
712,640,134,0,91
712,641,134,0,91
712,642,134,0,91
712,643,134,0,91
712,644,134,0,91
712,645,134,0,91
712,646,134,0,91
712,647,134,0,91
712,648,134,0,91
712,649,134,0,91
712,650,134,0,91
712,651,134,0,91
712,652,134,0,91
712,653,134,0,91
712,654,134,0,91
712,655,134,0,91
712,656,134,0,91
712,657,134,0,91
712,658,134,0,91
712,659,134,0,91
712,660,134,0,91
712,661,134,0,91
712,662,134,0,91
712,663,134,0,91
712,664,134,0,91
712,665,134,0,91
712,666,134,0,91
712,667,134,0,91
712,668,134,0,91
712,669,134,0,91
712,670,134,0,91
712,671,134,0,91
712,672,134,0,91
712,673,134,0,91
712,674,134,0,91
712,675,134,0,91
712,676,134,0,91
712,677,134,0,91
712,678,134,0,91
712,679,134,0,91
712,680,134,0,91
712,681,134,0,91
712,682,134,0,91
712,683,134,0,91
712,684,134,0,91
712,685,134,0,91
712,686,134,0,91
712,687,134,0,91
712,688,134,0,91
712,689,134,0,91
712,690,134,0,91
712,691,134,0,91
712,692,134,0,91
712,693,134,0,91
712,694,134,0,91
712,695,134,0,91
712,696,134,0,91
712,697,134,0,91
712,698,134,0,91
712,699,134,0,91
712,700,134,0,91
712,701,134,0,91
712,702,134,0,91
712,703,134,0,91
712,704,134,0,91
712,705,134,0,91
712,706,134,0,91
712,707,134,0,91
712,708,134,0,91
712,709,134,0,91
712,710,134,0,91
712,711,134,0,91
712,713,134,0,91
712,714,134,0,91
712,715,134,0,91
712,716,134,0,91
712,717,134,0,91
712,718,134,0,91
712,719,134,0,91
712,720,134,0,91
712,721,134,0,91
712,722,134,0,91
712,723,134,0,91
712,724,134,0,91
714,625,118,0,93
714,626,118,0,93
714,627,118,0,93
714,628,118,0,93
714,629,118,0,93
714,630,118,0,93
714,631,118,0,93
714,632,118,0,93
714,633,118,0,93
714,634,118,0,93
714,635,118,0,93
714,636,118,0,93
714,637,118,0,93
714,638,118,0,93
714,639,118,0,93
714,640,118,0,93
714,641,118,0,93
714,642,118,0,93
714,643,118,0,93
714,644,118,0,93
714,645,118,0,93
714,646,118,0,93
714,647,118,0,93
714,648,118,0,93
714,649,118,0,93
714,650,118,0,93
714,651,118,0,93
714,652,118,0,93
714,653,118,0,93
714,654,118,0,93
714,655,118,0,93
714,656,118,0,93
714,657,118,0,93
714,658,118,0,93
714,659,118,0,93
714,660,118,0,93
714,661,118,0,93
714,662,118,0,93
714,663,118,0,93
714,664,118,0,93
714,665,118,0,93
714,666,118,0,93
714,667,118,0,93
714,668,118,0,93
714,669,118,0,93
714,670,118,0,93
714,671,118,0,93
714,672,118,0,93
714,673,118,0,93
714,674,118,0,93
714,675,118,0,93
714,676,118,0,93
714,677,118,0,93
714,678,118,0,93
714,679,118,0,93
714,680,118,0,93
714,681,118,0,93
714,682,118,0,93
714,683,118,0,93
714,684,118,0,93
714,685,118,0,93
714,686,118,0,93
714,687,118,0,93
714,688,118,0,93
714,689,118,0,93
714,690,118,0,93
714,691,118,0,93
714,692,118,0,93
714,693,118,0,93
714,694,118,0,93
714,695,118,0,93
714,696,118,0,93
714,697,118,0,93
714,698,118,0,93
714,699,118,0,93
714,700,118,0,93
714,701,118,0,93
714,702,118,0,93
714,703,118,0,93
714,704,118,0,93
714,705,118,0,93
714,706,118,0,93
714,707,118,0,93
714,708,118,0,93
714,709,118,0,93
714,710,118,0,93
714,711,118,0,93
714,712,118,0,93
714,713,118,0,93
714,715,118,0,93
714,716,118,0,93
714,717,118,0,93
714,718,118,0,93
714,719,118,0,93
714,720,118,0,93
714,721,118,0,93
714,722,118,0,93
714,723,118,0,93
714,724,118,0,93
717,625,256,0,96
717,626,256,0,96
717,627,256,0,96
717,628,256,0,96
717,629,256,0,96
717,630,256,0,96
717,631,256,0,96
717,632,256,0,96
717,633,256,0,96
717,634,256,0,96
717,635,256,0,96
717,636,256,0,96
717,637,256,0,96
717,638,256,0,96
717,639,256,0,96
717,640,256,0,96
717,641,256,0,96
717,642,256,0,96
717,643,256,0,96
717,644,256,0,96
717,645,256,0,96
717,646,256,0,96
717,647,256,0,96
717,648,256,0,96
717,649,256,0,96
717,650,256,0,96
717,651,256,0,96
717,652,256,0,96
717,653,256,0,96
717,654,256,0,96
717,655,256,0,96
717,656,256,0,96
717,657,256,0,96
717,658,256,0,96
717,659,256,0,96
717,660,256,0,96
717,661,256,0,96
717,662,256,0,96
717,663,256,0,96
717,664,256,0,96
717,665,256,0,96
717,666,256,0,96
717,667,256,0,96
717,668,256,0,96
717,669,256,0,96
717,670,256,0,96
717,671,256,0,96
717,672,256,0,96
717,673,256,0,96
717,674,256,0,96
717,675,256,0,96
717,676,256,0,96
717,677,256,0,96
717,678,256,0,96
717,679,256,0,96
717,680,256,0,96
717,681,256,0,96
717,682,256,0,96
717,683,256,0,96
717,684,256,0,96
717,685,256,0,96
717,686,256,0,96
717,687,256,0,96
717,688,256,0,96
717,689,256,0,96
717,690,256,0,96
717,691,256,0,96
717,692,256,0,96
717,693,256,0,96
717,694,256,0,96
717,695,256,0,96
717,696,256,0,96
717,697,256,0,96
717,698,256,0,96
717,699,256,0,96
717,700,256,0,96
717,701,256,0,96
717,702,256,0,96
717,703,256,0,96
717,704,256,0,96
717,705,256,0,96
717,706,256,0,96
717,707,256,0,96
717,708,256,0,96
717,709,256,0,96
717,710,256,0,96
717,711,256,0,96
717,712,256,0,96
717,713,256,0,96
717,714,256,0,96
717,715,256,0,96
717,716,256,0,96
717,718,256,0,96
717,719,256,0,96
717,720,256,0,96
717,721,256,0,96
717,722,256,0,96
717,723,256,0,96
717,724,256,0,96
