0,625,1,0,0
0,628,600,3,2
0,630,25,1,0
0,642,25,1,0
0,643,24,2,1
0,645,600,3,2
0,647,24,2,1
0,654,24,2,1
0,667,1,0,0
0,670,25,1,0
0,673,1,0,0
0,699,600,3,2
0,700,24,2,1
0,704,600,3,2
0,713,1,0,0
0,714,600,3,2
0,717,1,0,0
0,718,1,0,0
0,724,1,0,0
1,628,601,3,3
1,630,26,2,0
1,641,2,1,0
1,642,26,2,0
1,643,0,0,0
1,645,601,3,3
1,670,26,2,0
1,684,2,1,0
1,693,2,1,0
1,699,601,3,3
2,630,27,2,0
2,643,3,1,0
2,670,27,2,0
2,691,3,1,0
2,699,602,3,3
3,628,603,3,3
3,630,28,2,0
3,642,28,2,0
3,643,4,1,0
3,645,603,3,3
3,648,28,2,0
3,659,603,3,3
3,662,28,2,0
3,668,28,2,0
3,670,28,2,0
3,671,28,2,0
3,676,28,2,0
3,690,28,2,0
3,699,603,3,3
4,625,625,4,0
4,628,604,3,3
4,630,29,2,0
4,642,29,2,0
4,643,5,1,0
4,645,604,3,3
4,656,29,2,0
4,670,29,2,0
4,688,29,2,0
4,699,604,3,3
4,704,604,3,3
5,625,4,0,1
5,628,605,3,3
5,630,30,2,0
5,642,30,2,0
5,643,6,1,0
5,645,605,3,3
5,647,6,1,0
5,670,30,2,0
5,674,30,2,0
5,680,30,2,0
5,699,605,3,3
5,700,6,1,0
5,704,605,3,3
5,714,605,3,3
6,625,5,0,1
6,628,606,3,3
6,630,31,2,0
6,632,606,3,3
6,637,7,1,0
6,642,31,2,0
6,643,7,1,0
6,645,606,3,3
6,647,7,1,0
6,649,7,1,0
6,651,7,1,0
6,654,7,1,0
6,665,606,3,3
6,670,31,2,0
6,674,31,2,0
6,687,7,1,0
6,698,606,3,3
6,699,606,3,3
6,700,7,1,0
6,704,606,3,3
6,714,606,3,3
7,625,6,0,1
7,628,607,3,3
7,630,32,2,0
7,636,32,2,0
7,637,8,1,0
7,642,32,2,0
7,643,8,1,0
7,644,8,1,0
7,645,607,3,3
7,647,8,1,0
7,649,8,1,0
7,651,8,1,0
7,654,8,1,0
7,670,32,2,0
7,674,32,2,0
7,685,607,3,3
7,687,8,1,0
7,694,8,1,0
7,698,607,3,3
7,699,607,3,3
7,700,8,1,0
7,704,607,3,3
7,714,607,3,3
8,625,7,0,1
8,628,608,3,3
8,630,33,2,0
8,636,33,2,0
8,637,9,1,0
8,642,33,2,0
8,643,9,1,0
8,644,9,1,0
8,645,608,3,3
8,646,9,1,0
8,647,9,1,0
8,649,9,1,0
8,651,9,1,0
8,654,9,1,0
8,655,9,1,0
8,664,33,2,0
8,670,33,2,0
8,672,33,2,0
8,674,33,2,0
8,685,608,3,3
8,687,9,1,0
8,694,9,1,0
8,698,608,3,3
8,699,608,3,3
8,700,9,1,0
8,704,608,3,3
8,712,33,2,0
8,714,608,3,3
8,721,9,1,0
9,625,8,0,1
9,628,609,3,3
9,630,34,2,0
9,637,34,2,0
9,642,34,2,0
9,643,609,3,3
9,644,34,2,0
9,645,609,3,3
9,647,609,3,3
9,649,34,2,0
9,651,609,3,3
9,654,34,2,0
9,670,34,2,0
9,674,34,2,0
9,685,609,3,3
9,687,609,3,3
9,698,609,3,3
9,699,609,3,3
9,700,609,3,3
9,701,10,1,0
9,704,609,3,3
9,714,609,3,3
10,625,9,0,1
10,628,9,0,1
10,630,9,0,1
10,636,9,0,1
10,637,35,2,0
10,642,9,0,1
10,643,610,3,3
10,644,35,2,0
10,645,9,0,1
10,647,610,3,3
10,649,35,2,0
10,651,610,3,3
10,654,35,2,0
10,670,9,0,1
10,674,9,0,1
10,685,9,0,1
10,687,610,3,3
10,692,35,2,0
10,694,35,2,0
10,698,9,0,1
10,699,9,0,1
10,700,610,3,3
10,701,701,80,0
10,704,9,0,1
10,714,9,0,1
11,625,10,0,1
11,628,10,0,1
11,630,10,0,1
11,636,10,0,1
11,637,36,2,0
11,642,10,0,1
11,643,611,3,3
11,644,36,2,0
11,645,10,0,1
11,647,611,3,3
11,649,36,2,0
11,651,611,3,3
11,654,36,2,0
11,670,10,0,1
11,674,10,0,1
11,685,10,0,1
11,687,611,3,3
11,698,10,0,1
11,699,10,0,1
11,700,611,3,3
11,704,10,0,1
11,714,10,0,1
12,625,11,0,1
12,628,11,0,1
12,629,13,1,0
12,630,11,0,1
12,634,13,1,0
12,637,37,2,0
12,642,11,0,1
12,643,612,3,3
12,645,11,0,1
12,647,612,3,3
12,649,37,2,0
12,651,612,3,3
12,654,13,1,0
12,670,11,0,1
12,674,11,0,1
12,698,11,0,1
12,699,11,0,1
12,700,612,3,3
12,704,11,0,1
12,714,11,0,1
13,625,12,0,1
13,628,12,0,1
13,630,12,0,1
13,639,14,1,0
13,642,12,0,1
13,643,613,3,3
13,645,12,0,1
13,670,12,0,1
13,699,12,0,1
13,700,613,3,3
13,704,12,0,1
14,628,13,0,1
14,630,13,0,1
14,642,13,0,1
14,643,614,3,3
14,645,13,0,1
14,670,13,0,1
14,681,15,1,0
14,699,13,0,1
15,670,16,1,0
15,675,16,1,0
16,626,41,2,0
16,628,17,1,0
16,630,17,1,0
16,635,616,3,3
16,642,17,1,0
16,643,616,3,3
16,645,17,1,0
16,650,616,3,3
16,653,616,3,3
16,670,17,1,0
16,678,41,2,0
16,695,616,3,3
16,699,17,1,0
16,719,616,3,3
17,625,18,1,0
17,628,18,1,0
17,630,18,1,0
17,631,617,3,3
17,642,18,1,0
17,643,617,3,3
17,645,18,1,0
17,647,617,3,3
17,666,42,2,0
17,669,42,2,0
17,670,18,1,0
17,677,42,2,0
17,686,42,2,0
17,699,18,1,0
17,700,617,3,3
17,704,18,1,0
17,715,42,2,0
17,723,42,2,0
18,625,19,1,0
18,628,19,1,0
18,630,19,1,0
18,637,43,2,0
18,642,19,1,0
18,643,618,3,3
18,645,19,1,0
18,647,618,3,3
18,649,43,2,0
18,651,618,3,3
18,654,43,2,0
18,660,618,3,3
18,663,618,3,3
18,670,19,1,0
18,674,19,1,0
18,682,43,2,0
18,683,43,2,0
18,687,618,3,3
18,699,19,1,0
18,700,618,3,3
18,704,19,1,0
18,707,618,3,3
18,709,43,2,0
18,714,19,1,0
18,720,43,2,0
19,625,20,1,0
19,627,619,3,3
19,628,20,1,0
19,630,20,1,0
19,637,44,2,0
19,642,20,1,0
19,643,619,3,3
19,644,44,2,0
19,645,20,1,0
19,647,619,3,3
19,649,44,2,0
19,651,619,3,3
19,652,44,2,0
19,654,44,2,0
19,657,619,3,3
19,670,20,1,0
19,674,20,1,0
19,679,619,3,3
19,687,619,3,3
19,697,44,2,0
19,698,20,1,0
19,699,20,1,0
19,700,619,3,3
19,702,44,2,0
19,704,20,1,0
19,710,619,3,3
19,714,20,1,0
19,722,44,2,0
20,625,21,1,0
20,628,21,1,0
20,630,21,1,0
20,636,21,1,0
20,637,45,2,0
20,642,21,1,0
20,643,620,3,3
20,644,45,2,0
20,645,21,1,0
20,647,620,3,3
20,649,45,2,0
20,651,620,3,3
20,654,45,2,0
20,670,21,1,0
20,674,21,1,0
20,685,21,1,0
20,687,620,3,3
20,692,45,2,0
20,694,45,2,0
20,698,21,1,0
20,699,21,1,0
20,700,620,3,3
20,704,21,1,0
20,714,21,1,0
21,625,22,1,0
21,628,621,3,3
21,630,46,2,0
21,637,46,2,0
21,642,46,2,0
21,643,621,3,3
21,644,46,2,0
21,645,621,3,3
21,647,621,3,3
21,649,46,2,0
21,651,621,3,3
21,654,46,2,0
21,664,46,2,0
21,670,46,2,0
21,672,46,2,0
21,674,46,2,0
21,685,621,3,3
21,687,621,3,3
21,692,46,2,0
21,698,621,3,3
21,699,621,3,3
21,700,621,3,3
21,704,621,3,3
21,706,46,2,0
21,712,46,2,0
21,714,621,3,3
21,716,46,2,0
22,625,23,1,0
22,628,622,3,3
22,630,47,2,0
22,636,47,2,0
22,637,21,0,1
22,642,47,2,0
22,643,21,0,1
22,644,21,0,1
22,645,622,3,3
22,646,23,1,0
22,647,21,0,1
22,649,21,0,1
22,651,21,0,1
22,654,21,0,1
22,655,23,1,0
22,670,47,2,0
22,674,47,2,0
22,685,622,3,3
22,687,21,0,1
22,692,21,0,1
22,694,21,0,1
22,698,622,3,3
22,699,622,3,3
22,700,21,0,1
22,701,21,0,1
22,704,622,3,3
22,714,622,3,3
22,721,23,1,0
23,625,24,1,0
23,628,623,3,3
23,630,48,2,0
23,636,24,1,0
23,637,22,0,1
23,638,24,1,0
23,642,48,2,0
23,643,22,0,1
23,644,22,0,1
23,645,623,3,3
23,647,22,0,1
23,649,22,0,1
23,651,22,0,1
23,654,22,0,1
23,670,48,2,0
23,674,48,2,0
23,685,24,1,0
23,687,22,0,1
23,694,24,1,0
23,698,623,3,3
23,699,623,3,3
23,700,22,0,1
23,703,24,1,0
23,704,623,3,3
23,714,623,3,3
24,625,0,1,2
24,628,624,3,3
24,630,49,2,0
24,633,0,1,2
24,637,23,0,1
24,640,0,1,2
24,642,49,2,0
24,643,23,0,1
24,645,624,3,3
24,647,23,0,1
24,649,23,0,1
24,651,23,0,1
24,654,23,0,1
24,658,0,1,2
24,661,0,1,2
24,670,49,2,0
24,674,49,2,0
24,687,23,0,1
24,689,0,1,2
24,696,0,1,2
24,698,0,1,2
24,699,624,3,3
24,700,23,0,1
24,704,624,3,3
24,714,624,3,3
25,625,0,0,1
25,628,0,0,1
25,630,50,2,0
25,642,50,2,0
25,643,49,3,2
25,645,50,2,0
25,647,49,3,2
25,654,49,3,2
25,667,26,1,1
25,670,50,2,0
25,673,26,1,1
25,699,0,0,1
25,700,49,3,2
25,704,0,0,1
25,713,26,1,1
25,714,0,0,1
25,717,26,1,1
25,718,26,1,1
25,724,26,1,1
26,628,1,0,2
26,630,51,3,0
26,641,27,2,1
26,642,51,3,0
26,643,25,1,1
26,645,51,3,0
26,670,51,3,0
26,693,27,2,1
26,699,1,0,2
27,630,52,3,0
27,643,28,2,1
27,670,52,3,0
27,691,28,2,1
27,699,2,0,2
28,628,3,0,2
28,630,53,3,0
28,642,53,3,0
28,643,29,2,1
28,645,53,3,0
28,648,53,3,0
28,659,3,0,2
28,662,53,3,0
28,668,53,3,0
28,670,53,3,0
28,671,53,3,0
28,676,53,3,0
28,690,53,3,0
28,699,3,0,2
29,625,4,0,2
29,628,4,0,2
29,630,54,3,0
29,642,54,3,0
29,643,30,2,1
29,645,54,3,0
29,656,54,3,0
29,670,54,3,0
29,688,54,3,0
29,699,4,0,2
29,704,4,0,2
30,625,5,0,2
30,628,5,0,2
30,630,55,3,0
30,642,55,3,0
30,643,31,2,1
30,645,55,3,0
30,647,31,2,1
30,670,55,3,0
30,674,55,3,0
30,680,55,3,0
30,699,5,0,2
30,700,31,2,1
30,704,5,0,2
30,714,5,0,2
31,625,6,0,2
31,628,6,0,2
31,630,56,3,0
31,632,6,0,2
31,637,32,2,1
31,642,56,3,0
31,643,32,2,1
31,645,56,3,0
31,647,32,2,1
31,649,32,2,1
31,651,32,2,1
31,654,32,2,1
31,665,6,0,2
31,670,56,3,0
31,674,56,3,0
31,687,32,2,1
31,698,6,0,2
31,699,6,0,2
31,700,32,2,1
31,704,6,0,2
31,714,6,0,2
32,625,7,0,2
32,628,7,0,2
32,630,57,3,0
32,636,57,3,0
32,637,33,2,1
32,642,57,3,0
32,643,33,2,1
32,644,33,2,1
32,645,57,3,0
32,647,33,2,1
32,649,33,2,1
32,651,33,2,1
32,654,33,2,1
32,670,57,3,0
32,674,57,3,0
32,685,57,3,0
32,687,33,2,1
32,694,33,2,1
32,698,7,0,2
32,699,7,0,2
32,700,33,2,1
32,704,7,0,2
32,714,7,0,2
33,625,8,0,2
33,628,8,0,2
33,630,58,3,0
33,636,58,3,0
33,637,34,2,1
33,642,58,3,0
33,643,34,2,1
33,644,34,2,1
33,645,58,3,0
33,646,34,2,1
33,647,34,2,1
33,649,34,2,1
33,651,34,2,1
33,654,34,2,1
33,655,34,2,1
33,664,58,3,0
33,670,58,3,0
33,672,58,3,0
33,674,58,3,0
33,685,58,3,0
33,687,34,2,1
33,694,34,2,1
33,698,8,0,2
33,699,8,0,2
33,700,34,2,1
33,704,8,0,2
33,712,58,3,0
33,714,8,0,2
33,721,34,2,1
34,628,9,0,2
34,629,59,3,0
34,630,59,3,0
34,637,59,3,0
34,642,59,3,0
34,643,9,0,2
34,644,59,3,0
34,646,646,25,0
34,647,9,0,2
34,651,9,0,2
34,654,35,2,1
34,670,59,3,0
34,674,59,3,0
34,687,9,0,2
34,692,35,2,1
34,698,9,0,2
34,699,9,0,2
34,700,9,0,2
34,701,9,0,2
34,704,9,0,2
34,714,9,0,2
35,625,34,1,2
35,628,34,1,2
35,629,60,3,0
35,630,34,1,2
35,636,34,1,2
35,637,60,3,0
35,642,34,1,2
35,643,10,0,2
35,644,60,3,0
35,645,34,1,2
35,647,10,0,2
35,649,60,3,0
35,651,10,0,2
35,654,36,2,1
35,670,34,1,2
35,674,34,1,2
35,685,34,1,2
35,687,10,0,2
35,692,692,71,0
35,694,60,3,0
35,698,34,1,2
35,699,34,1,2
35,700,10,0,2
35,701,10,0,2
35,704,34,1,2
35,714,34,1,2
36,625,35,1,2
36,628,35,1,2
36,629,61,3,0
36,630,35,1,2
36,636,35,1,2
36,637,61,3,0
36,642,35,1,2
36,643,11,0,2
36,644,61,3,0
36,645,35,1,2
36,647,11,0,2
36,649,61,3,0
36,651,11,0,2
36,654,37,2,1
36,670,35,1,2
36,674,35,1,2
36,685,35,1,2
36,687,11,0,2
36,698,35,1,2
36,699,35,1,2
36,700,11,0,2
36,704,35,1,2
36,714,35,1,2
37,625,36,1,2
37,628,36,1,2
37,629,38,2,1
37,630,36,1,2
37,634,38,2,1
37,637,62,3,0
37,642,36,1,2
37,643,12,0,2
37,645,36,1,2
37,647,12,0,2
37,649,62,3,0
37,651,12,0,2
37,654,38,2,1
37,670,36,1,2
37,674,36,1,2
37,698,36,1,2
37,699,36,1,2
37,700,12,0,2
37,704,36,1,2
37,714,36,1,2
38,625,37,1,2
38,628,37,1,2
38,630,37,1,2
38,639,39,2,1
38,642,37,1,2
38,643,13,0,2
38,645,37,1,2
38,670,37,1,2
38,699,37,1,2
38,700,13,0,2
38,704,37,1,2
39,628,38,1,2
39,630,38,1,2
39,642,38,1,2
39,643,14,0,2
39,645,38,1,2
39,670,38,1,2
39,681,40,2,1
39,699,38,1,2
40,670,41,2,1
40,675,41,2,1
41,626,66,3,0
41,628,42,2,1
41,630,42,2,1
41,635,16,0,2
41,642,42,2,1
41,643,16,0,2
41,645,42,2,1
41,650,16,0,2
41,653,16,0,2
41,670,42,2,1
41,678,66,3,0
41,695,16,0,2
41,699,42,2,1
41,719,16,0,2
42,625,43,2,1
42,628,43,2,1
42,630,43,2,1
42,631,17,0,2
42,642,43,2,1
42,643,17,0,2
42,645,43,2,1
42,647,17,0,2
42,666,67,3,0
42,669,67,3,0
42,670,43,2,1
42,677,67,3,0
42,686,67,3,0
42,699,43,2,1
42,700,17,0,2
42,704,43,2,1
42,715,67,3,0
42,723,67,3,0
43,625,44,2,1
43,628,44,2,1
43,629,68,3,0
43,630,44,2,1
43,637,68,3,0
43,642,44,2,1
43,643,18,0,2
43,645,44,2,1
43,647,18,0,2
43,649,68,3,0
43,651,18,0,2
43,654,654,33,0
43,660,18,0,2
43,663,18,0,2
43,670,44,2,1
43,674,44,2,1
43,683,68,3,0
43,687,18,0,2
43,699,44,2,1
43,700,18,0,2
43,704,44,2,1
43,705,18,0,2
43,707,18,0,2
43,709,68,3,0
43,714,44,2,1
43,720,68,3,0
44,625,45,2,1
44,627,19,0,2
44,628,45,2,1
44,629,69,3,0
44,630,45,2,1
44,637,69,3,0
44,642,45,2,1
44,643,19,0,2
44,644,69,3,0
44,645,45,2,1
44,647,19,0,2
44,649,69,3,0
44,651,19,0,2
44,652,69,3,0
44,654,43,1,2
44,657,19,0,2
44,670,45,2,1
44,674,45,2,1
44,679,19,0,2
44,687,19,0,2
44,697,69,3,0
44,698,45,2,1
44,699,45,2,1
44,700,19,0,2
44,702,69,3,0
44,704,45,2,1
44,708,19,0,2
44,710,19,0,2
44,714,45,2,1
44,722,69,3,0
45,625,46,2,1
45,628,46,2,1
45,629,70,3,0
45,630,46,2,1
45,636,46,2,1
45,637,70,3,0
45,642,46,2,1
45,643,20,0,2
45,644,70,3,0
45,645,46,2,1
45,647,20,0,2
45,649,70,3,0
45,651,20,0,2
45,654,44,1,2
45,670,46,2,1
45,674,46,2,1
45,685,46,2,1
45,687,20,0,2
45,694,70,3,0
45,698,46,2,1
45,699,46,2,1
45,700,20,0,2
45,701,20,0,2
45,704,46,2,1
45,714,46,2,1
46,628,21,0,2
46,629,71,3,0
46,630,71,3,0
46,637,71,3,0
46,642,71,3,0
46,643,21,0,2
46,644,71,3,0
46,646,45,1,2
46,647,21,0,2
46,651,21,0,2
46,654,45,1,2
46,664,71,3,0
46,670,71,3,0
46,672,71,3,0
46,674,71,3,0
46,687,21,0,2
46,698,21,0,2
46,699,21,0,2
46,700,21,0,2
46,701,21,0,2
46,704,21,0,2
46,706,71,3,0
46,712,71,3,0
46,714,21,0,2
46,716,71,3,0
47,625,22,0,2
47,628,22,0,2
47,630,72,3,0
47,636,72,3,0
47,637,46,1,2
47,642,72,3,0
47,643,46,1,2
47,644,46,1,2
47,645,72,3,0
47,646,48,2,1
47,647,46,1,2
47,649,46,1,2
47,651,46,1,2
47,654,46,1,2
47,655,48,2,1
47,670,72,3,0
47,674,72,3,0
47,685,72,3,0
47,687,46,1,2
47,692,46,1,2
47,694,46,1,2
47,698,22,0,2
47,699,22,0,2
47,700,46,1,2
47,701,46,1,2
47,704,22,0,2
47,714,22,0,2
47,721,48,2,1
48,625,23,0,2
48,628,23,0,2
48,630,73,3,0
48,636,49,2,1
48,637,47,1,2
48,638,49,2,1
48,642,73,3,0
48,643,47,1,2
48,644,47,1,2
48,645,73,3,0
48,647,47,1,2
48,649,47,1,2
48,651,47,1,2
48,654,47,1,2
48,670,73,3,0
48,674,73,3,0
48,685,49,2,1
48,687,47,1,2
48,694,49,2,1
48,698,23,0,2
48,699,23,0,2
48,700,47,1,2
48,703,49,2,1
48,704,23,0,2
48,714,23,0,2
49,625,24,0,2
49,628,24,0,2
49,630,74,3,0
49,633,25,2,3
49,637,48,1,2
49,640,25,2,3
49,642,74,3,0
49,643,48,1,2
49,645,74,3,0
49,647,48,1,2
49,649,48,1,2
49,651,48,1,2
49,654,48,1,2
49,658,25,2,3
49,661,25,2,3
49,670,74,3,0
49,674,74,3,0
49,687,48,1,2
49,689,25,2,3
49,696,25,2,3
49,698,25,2,3
49,699,24,0,2
49,700,48,1,2
49,704,24,0,2
49,714,24,0,2
50,625,25,0,2
50,628,25,0,2
50,630,75,2,0
50,642,75,2,0
50,643,74,3,2
50,645,75,2,0
50,647,74,3,2
50,654,74,3,2
50,667,51,1,1
50,670,75,2,0
50,673,51,1,1
50,699,25,0,2
50,700,74,3,2
50,704,25,0,2
50,713,51,1,1
50,714,25,0,2
50,717,51,1,1
50,718,51,1,1
50,724,51,1,1
51,628,26,0,3
51,630,76,3,0
51,642,76,3,0
51,643,50,1,1
51,645,76,3,0
51,670,76,3,0
51,684,52,2,1
51,693,52,2,1
51,699,26,0,3
52,630,77,3,0
52,643,53,2,1
52,670,77,3,0
52,691,53,2,1
52,699,27,0,3
53,628,28,0,3
53,630,78,3,0
53,642,78,3,0
53,643,54,2,1
53,645,78,3,0
53,648,78,3,0
53,659,28,0,3
53,662,78,3,0
53,668,78,3,0
53,670,78,3,0
53,671,78,3,0
53,676,78,3,0
53,690,78,3,0
53,699,28,0,3
54,625,29,0,3
54,628,29,0,3
54,630,79,3,0
54,642,79,3,0
54,643,55,2,1
54,645,79,3,0
54,656,79,3,0
54,670,79,3,0
54,688,79,3,0
54,699,29,0,3
54,704,29,0,3
55,625,30,0,3
55,628,30,0,3
55,630,80,3,0
55,642,80,3,0
55,643,56,2,1
55,645,80,3,0
55,647,56,2,1
55,670,80,3,0
55,674,80,3,0
55,680,80,3,0
55,699,30,0,3
55,700,56,2,1
55,704,30,0,3
55,714,30,0,3
56,625,31,0,3
56,628,31,0,3
56,630,81,3,0
56,632,31,0,3
56,637,57,2,1
56,642,81,3,0
56,643,57,2,1
56,645,81,3,0
56,647,57,2,1
56,649,57,2,1
56,651,57,2,1
56,654,57,2,1
56,665,31,0,3
56,670,81,3,0
56,674,81,3,0
56,687,57,2,1
56,698,81,3,0
56,699,31,0,3
56,700,57,2,1
56,704,31,0,3
56,714,31,0,3
57,625,32,0,3
57,628,32,0,3
57,630,82,3,0
57,636,82,3,0
57,637,58,2,1
57,642,82,3,0
57,643,58,2,1
57,644,58,2,1
57,645,82,3,0
57,647,58,2,1
57,649,58,2,1
57,651,58,2,1
57,654,58,2,1
57,670,82,3,0
57,674,82,3,0
57,685,82,3,0
57,687,58,2,1
57,694,58,2,1
57,698,82,3,0
57,699,32,0,3
57,700,58,2,1
57,704,32,0,3
57,714,32,0,3
58,625,33,0,3
58,628,33,0,3
58,630,83,3,0
58,636,83,3,0
58,637,59,2,1
58,642,83,3,0
58,643,59,2,1
58,644,59,2,1
58,645,83,3,0
58,646,59,2,1
58,647,59,2,1
58,649,59,2,1
58,651,59,2,1
58,654,59,2,1
58,655,59,2,1
58,664,83,3,0
58,670,83,3,0
58,672,83,3,0
58,674,83,3,0
58,685,83,3,0
58,687,59,2,1
58,694,59,2,1
58,698,83,3,0
58,699,33,0,3
58,700,59,2,1
58,704,33,0,3
58,712,83,3,0
58,714,33,0,3
58,721,59,2,1
59,628,34,0,3
59,630,84,3,0
59,637,84,3,0
59,642,84,3,0
59,643,34,0,3
59,645,84,3,0
59,646,34,0,3
59,647,34,0,3
59,651,34,0,3
59,655,655,34,0
59,670,84,3,0
59,674,84,3,0
59,692,34,0,3
59,694,60,2,1
59,699,34,0,3
59,701,34,0,3
59,704,34,0,3
59,707,84,3,0
59,714,34,0,3
60,625,59,1,2
60,628,59,1,2
60,630,59,1,2
60,636,59,1,2
60,637,85,3,0
60,642,59,1,2
60,643,35,0,3
60,644,85,3,0
60,645,59,1,2
60,647,35,0,3
60,649,85,3,0
60,651,35,0,3
60,654,35,0,3
60,670,59,1,2
60,674,59,1,2
60,685,59,1,2
60,687,85,3,0
60,692,35,0,3
60,694,694,73,0
60,698,59,1,2
60,699,59,1,2
60,700,35,0,3
60,701,35,0,3
60,704,59,1,2
60,707,85,3,0
60,714,59,1,2
61,625,60,1,2
61,628,60,1,2
61,630,60,1,2
61,636,60,1,2
61,637,86,3,0
61,642,60,1,2
61,643,36,0,3
61,644,86,3,0
61,645,60,1,2
61,647,36,0,3
61,649,86,3,0
61,651,36,0,3
61,654,36,0,3
61,670,60,1,2
61,674,60,1,2
61,685,60,1,2
61,687,86,3,0
61,698,60,1,2
61,699,60,1,2
61,700,36,0,3
61,704,60,1,2
61,707,86,3,0
61,714,60,1,2
62,625,61,1,2
62,628,61,1,2
62,629,63,2,1
62,630,61,1,2
62,634,63,2,1
62,637,87,3,0
62,642,61,1,2
62,643,37,0,3
62,645,61,1,2
62,647,37,0,3
62,649,87,3,0
62,651,37,0,3
62,654,63,2,1
62,670,61,1,2
62,674,61,1,2
62,698,61,1,2
62,699,61,1,2
62,700,37,0,3
62,704,61,1,2
62,707,87,3,0
62,714,61,1,2
63,625,62,1,2
63,628,62,1,2
63,630,62,1,2
63,639,64,2,1
63,642,62,1,2
63,643,38,0,3
63,645,62,1,2
63,670,62,1,2
63,699,62,1,2
63,700,38,0,3
63,704,62,1,2
64,628,63,1,2
64,630,63,1,2
64,642,63,1,2
64,643,39,0,3
64,645,63,1,2
64,670,63,1,2
64,681,65,2,1
64,699,63,1,2
65,670,66,2,1
65,675,66,2,1
66,626,91,3,0
66,628,67,2,1
66,630,67,2,1
66,635,41,0,3
66,642,67,2,1
66,643,41,0,3
66,645,67,2,1
66,650,41,0,3
66,653,41,0,3
66,670,67,2,1
66,678,91,3,0
66,695,41,0,3
66,699,67,2,1
66,719,41,0,3
67,625,68,2,1
67,628,68,2,1
67,630,68,2,1
67,631,42,0,3
67,642,68,2,1
67,643,42,0,3
67,645,68,2,1
67,647,42,0,3
67,669,92,3,0
67,670,68,2,1
67,677,92,3,0
67,686,92,3,0
67,699,68,2,1
67,700,42,0,3
67,704,68,2,1
67,715,92,3,0
67,723,92,3,0
68,625,69,2,1
68,628,69,2,1
68,630,69,2,1
68,637,93,3,0
68,642,69,2,1
68,643,43,0,3
68,645,69,2,1
68,647,43,0,3
68,649,93,3,0
68,651,43,0,3
68,654,43,0,3
68,660,43,0,3
68,663,43,0,3
68,670,69,2,1
68,674,69,2,1
68,682,43,0,3
68,683,93,3,0
68,687,93,3,0
68,699,69,2,1
68,700,43,0,3
68,704,69,2,1
68,705,43,0,3
68,707,93,3,0
68,709,93,3,0
68,714,69,2,1
68,720,93,3,0
69,625,70,2,1
69,627,44,0,3
69,628,70,2,1
69,630,70,2,1
69,637,94,3,0
69,642,70,2,1
69,643,44,0,3
69,644,94,3,0
69,645,70,2,1
69,647,44,0,3
69,649,94,3,0
69,651,44,0,3
69,652,94,3,0
69,654,44,0,3
69,657,44,0,3
69,670,70,2,1
69,674,70,2,1
69,679,44,0,3
69,687,94,3,0
69,697,94,3,0
69,698,70,2,1
69,699,70,2,1
69,700,44,0,3
69,704,70,2,1
69,707,94,3,0
69,708,44,0,3
69,710,44,0,3
69,714,70,2,1
69,722,94,3,0
70,625,71,2,1
70,628,71,2,1
70,630,71,2,1
70,636,71,2,1
70,637,95,3,0
70,642,71,2,1
70,643,45,0,3
70,644,95,3,0
70,645,71,2,1
70,647,45,0,3
70,649,95,3,0
70,651,45,0,3
70,654,45,0,3
70,670,71,2,1
70,674,71,2,1
70,685,71,2,1
70,687,95,3,0
70,692,45,0,3
70,694,69,1,2
70,698,71,2,1
70,699,71,2,1
70,700,45,0,3
70,701,45,0,3
70,704,71,2,1
70,707,95,3,0
70,714,71,2,1
71,628,46,0,3
71,630,96,3,0
71,637,96,3,0
71,642,96,3,0
71,643,46,0,3
71,645,96,3,0
71,646,46,0,3
71,647,46,0,3
71,651,46,0,3
71,655,70,1,2
71,664,96,3,0
71,670,96,3,0
71,672,96,3,0
71,674,96,3,0
71,692,46,0,3
71,694,70,1,2
71,699,46,0,3
71,701,46,0,3
71,704,46,0,3
71,706,96,3,0
71,707,96,3,0
71,712,96,3,0
71,714,46,0,3
71,716,96,3,0
72,625,47,0,3
72,628,47,0,3
72,630,97,3,0
72,636,97,3,0
72,637,71,1,2
72,642,97,3,0
72,643,71,1,2
72,644,71,1,2
72,645,97,3,0
72,646,73,2,1
72,647,71,1,2
72,649,71,1,2
72,651,71,1,2
72,654,71,1,2
72,655,73,2,1
72,670,97,3,0
72,674,97,3,0
72,685,97,3,0
72,687,71,1,2
72,692,71,1,2
72,694,71,1,2
72,698,97,3,0
72,699,47,0,3
72,700,71,1,2
72,701,71,1,2
72,704,47,0,3
72,714,47,0,3
72,721,73,2,1
73,625,48,0,3
73,628,48,0,3
73,630,98,3,0
73,636,74,2,1
73,637,72,1,2
73,638,74,2,1
73,642,98,3,0
73,643,72,1,2
73,644,72,1,2
73,645,98,3,0
73,647,72,1,2
73,649,72,1,2
73,651,72,1,2
73,654,72,1,2
73,670,98,3,0
73,674,98,3,0
73,685,74,2,1
73,687,72,1,2
73,694,74,2,1
73,698,98,3,0
73,699,48,0,3
73,700,72,1,2
73,703,74,2,1
73,704,48,0,3
73,714,48,0,3
74,625,49,0,3
74,628,49,0,3
74,630,99,3,0
74,633,50,2,3
74,637,73,1,2
74,640,50,2,3
74,642,99,3,0
74,643,73,1,2
74,645,99,3,0
74,647,73,1,2
74,649,73,1,2
74,651,73,1,2
74,654,73,1,2
74,658,50,2,3
74,661,50,2,3
74,670,99,3,0
74,674,99,3,0
74,687,73,1,2
74,689,50,2,3
74,696,50,2,3
74,698,50,2,3
74,699,49,0,3
74,700,73,1,2
74,704,49,0,3
74,714,49,0,3
75,625,50,0,2
75,628,100,2,0
75,630,100,2,0
75,642,76,1,1
75,643,99,3,2
75,645,100,2,0
75,647,99,3,2
75,654,99,3,2
75,667,76,1,1
75,670,100,2,0
75,673,76,1,1
75,699,50,0,2
75,700,99,3,2
75,704,100,2,0
75,713,76,1,1
75,714,50,0,2
75,717,76,1,1
75,718,76,1,1
75,724,76,1,1
76,628,101,3,0
76,630,101,3,0
76,641,77,2,1
76,642,77,2,1
76,643,75,1,1
76,645,101,3,0
76,670,101,3,0
76,684,77,2,1
76,693,77,2,1
76,699,51,0,3
77,630,102,3,0
77,643,78,2,1
77,670,102,3,0
77,691,78,2,1
77,699,52,0,3
78,628,103,3,0
78,630,103,3,0
78,642,642,21,0
78,643,79,2,1
78,645,103,3,0
78,648,103,3,0
78,659,53,0,3
78,662,103,3,0
78,668,103,3,0
78,670,103,3,0
78,671,103,3,0
78,676,103,3,0
78,699,53,0,3
79,625,54,0,3
79,628,104,3,0
79,630,104,3,0
79,642,78,1,2
79,643,80,2,1
79,645,104,3,0
79,656,104,3,0
79,670,104,3,0
79,688,104,3,0
79,699,54,0,3
79,704,104,3,0
80,625,55,0,3
80,628,105,3,0
80,630,105,3,0
80,642,79,1,2
80,643,81,2,1
80,645,105,3,0
80,647,81,2,1
80,670,105,3,0
80,674,105,3,0
80,680,105,3,0
80,699,55,0,3
80,700,81,2,1
80,704,105,3,0
80,714,55,0,3
81,625,56,0,3
81,628,106,3,0
81,630,106,3,0
81,632,56,0,3
81,637,82,2,1
81,642,80,1,2
81,643,82,2,1
81,645,106,3,0
81,647,82,2,1
81,649,82,2,1
81,651,82,2,1
81,654,82,2,1
81,665,56,0,3
81,670,106,3,0
81,674,106,3,0
81,687,82,2,1
81,698,106,3,0
81,699,56,0,3
81,700,82,2,1
81,704,106,3,0
81,714,56,0,3
82,625,57,0,3
82,628,107,3,0
82,630,107,3,0
82,636,107,3,0
82,637,83,2,1
82,642,81,1,2
82,643,83,2,1
82,644,83,2,1
82,645,107,3,0
82,647,83,2,1
82,649,83,2,1
82,651,83,2,1
82,654,83,2,1
82,670,107,3,0
82,674,107,3,0
82,685,107,3,0
82,687,83,2,1
82,694,83,2,1
82,698,107,3,0
82,699,57,0,3
82,700,83,2,1
82,704,107,3,0
82,714,57,0,3
83,625,58,0,3
83,628,108,3,0
83,630,108,3,0
83,636,108,3,0
83,637,84,2,1
83,642,82,1,2
83,643,84,2,1
83,644,84,2,1
83,645,108,3,0
83,646,84,2,1
83,647,84,2,1
83,649,84,2,1
83,651,84,2,1
83,654,84,2,1
83,655,84,2,1
83,664,108,3,0
83,670,108,3,0
83,672,108,3,0
83,674,108,3,0
83,685,108,3,0
83,687,84,2,1
83,694,84,2,1
83,698,108,3,0
83,699,58,0,3
83,700,84,2,1
83,704,108,3,0
83,712,108,3,0
83,714,58,0,3
83,721,84,2,1
84,625,59,0,3
84,630,109,3,0
84,642,83,1,2
84,643,59,0,3
84,645,109,3,0
84,646,59,0,3
84,647,59,0,3
84,651,59,0,3
84,655,59,0,3
84,670,109,3,0
84,674,109,3,0
84,692,59,0,3
84,694,59,0,3
84,699,59,0,3
84,714,59,0,3
84,722,85,2,1
85,625,84,1,2
85,628,84,1,2
85,630,84,1,2
85,636,84,1,2
85,637,110,3,0
85,642,84,1,2
85,643,60,0,3
85,644,110,3,0
85,645,84,1,2
85,647,60,0,3
85,649,110,3,0
85,651,60,0,3
85,654,60,0,3
85,670,84,1,2
85,674,84,1,2
85,685,84,1,2
85,687,110,3,0
85,692,60,0,3
85,694,60,0,3
85,698,84,1,2
85,699,84,1,2
85,700,60,0,3
85,701,60,0,3
85,704,84,1,2
85,714,84,1,2
85,722,86,2,1
86,625,85,1,2
86,628,85,1,2
86,630,85,1,2
86,636,85,1,2
86,637,111,3,0
86,642,85,1,2
86,643,61,0,3
86,644,111,3,0
86,645,85,1,2
86,647,61,0,3
86,649,111,3,0
86,651,61,0,3
86,654,61,0,3
86,670,85,1,2
86,674,85,1,2
86,685,85,1,2
86,687,111,3,0
86,698,85,1,2
86,699,85,1,2
86,700,61,0,3
86,704,85,1,2
86,714,85,1,2
86,722,722,101,0
87,625,86,1,2
87,628,86,1,2
87,629,88,2,1
87,630,86,1,2
87,634,88,2,1
87,637,112,3,0
87,642,86,1,2
87,643,62,0,3
87,645,86,1,2
87,647,62,0,3
87,649,112,3,0
87,651,62,0,3
87,654,88,2,1
87,670,86,1,2
87,674,86,1,2
87,698,86,1,2
87,699,86,1,2
87,700,62,0,3
87,704,86,1,2
87,714,86,1,2
88,625,87,1,2
88,628,87,1,2
88,630,87,1,2
88,639,89,2,1
88,642,87,1,2
88,643,63,0,3
88,645,87,1,2
88,670,87,1,2
88,699,87,1,2
88,700,63,0,3
88,704,87,1,2
89,628,88,1,2
89,630,88,1,2
89,642,88,1,2
89,643,64,0,3
89,645,88,1,2
89,670,88,1,2
89,681,90,2,1
89,699,88,1,2
90,670,91,2,1
90,675,91,2,1
91,628,92,2,1
91,630,92,2,1
91,635,66,0,3
91,642,92,2,1
91,643,66,0,3
91,645,92,2,1
91,650,66,0,3
91,653,66,0,3
91,670,92,2,1
91,678,116,3,0
91,695,66,0,3
91,699,92,2,1
91,719,66,0,3
92,625,93,2,1
92,628,93,2,1
92,630,93,2,1
92,631,117,3,0
92,642,93,2,1
92,643,67,0,3
92,645,93,2,1
92,647,67,0,3
92,666,67,0,3
92,670,93,2,1
92,677,117,3,0
92,686,117,3,0
92,699,93,2,1
92,700,67,0,3
92,704,93,2,1
92,723,117,3,0
93,625,94,2,1
93,628,94,2,1
93,630,94,2,1
93,637,118,3,0
93,642,94,2,1
93,643,68,0,3
93,645,94,2,1
93,647,68,0,3
93,649,118,3,0
93,651,68,0,3
93,654,68,0,3
93,660,68,0,3
93,663,118,3,0
93,670,94,2,1
93,674,94,2,1
93,682,68,0,3
93,683,118,3,0
93,687,118,3,0
93,699,94,2,1
93,700,68,0,3
93,704,94,2,1
93,705,68,0,3
93,707,118,3,0
93,709,118,3,0
93,714,94,2,1
94,625,95,2,1
94,627,69,0,3
94,628,95,2,1
94,630,95,2,1
94,637,119,3,0
94,642,95,2,1
94,643,69,0,3
94,644,119,3,0
94,645,95,2,1
94,647,69,0,3
94,649,119,3,0
94,651,69,0,3
94,652,119,3,0
94,654,69,0,3
94,657,69,0,3
94,670,95,2,1
94,674,95,2,1
94,679,69,0,3
94,687,119,3,0
94,697,119,3,0
94,698,95,2,1
94,699,95,2,1
94,700,69,0,3
94,702,69,0,3
94,704,95,2,1
94,708,69,0,3
94,710,69,0,3
94,714,95,2,1
95,625,96,2,1
95,628,96,2,1
95,630,96,2,1
95,636,96,2,1
95,637,120,3,0
95,642,96,2,1
95,643,70,0,3
95,644,120,3,0
95,645,96,2,1
95,647,70,0,3
95,649,120,3,0
95,651,70,0,3
95,654,70,0,3
95,670,96,2,1
95,674,96,2,1
95,685,96,2,1
95,687,120,3,0
95,692,70,0,3
95,694,70,0,3
95,698,96,2,1
95,699,96,2,1
95,700,70,0,3
95,701,70,0,3
95,704,96,2,1
95,714,96,2,1
95,722,94,1,2
96,625,71,0,3
96,630,121,3,0
96,642,97,2,1
96,643,71,0,3
96,645,121,3,0
96,646,71,0,3
96,647,71,0,3
96,651,71,0,3
96,655,71,0,3
96,664,121,3,0
96,670,121,3,0
96,672,121,3,0
96,674,121,3,0
96,692,71,0,3
96,694,71,0,3
96,699,71,0,3
96,701,71,0,3
96,712,121,3,0
96,714,71,0,3
96,716,121,3,0
96,722,95,1,2
97,625,72,0,3
97,628,122,3,0
97,630,122,3,0
97,636,122,3,0
97,637,96,1,2
97,642,98,2,1
97,643,96,1,2
97,644,96,1,2
97,645,122,3,0
97,647,96,1,2
97,649,96,1,2
97,651,96,1,2
97,654,96,1,2
97,655,98,2,1
97,670,122,3,0
97,674,122,3,0
97,685,122,3,0
97,687,96,1,2
97,692,96,1,2
97,694,96,1,2
97,698,122,3,0
97,699,72,0,3
97,700,96,1,2
97,701,96,1,2
97,704,122,3,0
97,714,72,0,3
97,721,98,2,1
98,625,73,0,3
98,628,123,3,0
98,630,123,3,0
98,636,99,2,1
98,637,97,1,2
98,638,99,2,1
98,642,99,2,1
98,643,97,1,2
98,644,97,1,2
98,645,123,3,0
98,647,97,1,2
98,649,97,1,2
98,651,97,1,2
98,654,97,1,2
98,670,123,3,0
98,674,123,3,0
98,685,99,2,1
98,687,97,1,2
98,694,99,2,1
98,698,123,3,0
98,699,73,0,3
98,700,97,1,2
98,703,99,2,1
98,704,123,3,0
98,714,73,0,3
99,625,74,0,3
99,628,124,3,0
99,630,124,3,0
99,633,75,2,3
99,637,98,1,2
99,640,75,2,3
99,642,75,2,3
99,643,98,1,2
99,645,124,3,0
99,647,98,1,2
99,649,98,1,2
99,651,98,1,2
99,654,98,1,2
99,658,75,2,3
99,661,75,2,3
99,670,124,3,0
99,674,124,3,0
99,687,98,1,2
99,689,75,2,3
99,696,75,2,3
99,698,75,2,3
99,699,74,0,3
99,700,98,1,2
99,704,124,3,0
99,714,74,0,3
100,625,75,0,2
100,628,125,2,0
100,630,125,2,0
100,642,75,0,2
100,643,124,3,2
100,645,125,2,0
100,647,124,3,2
100,654,124,3,2
100,667,101,1,1
100,670,125,2,0
100,673,101,1,1
100,699,125,2,0
100,700,124,3,2
100,704,125,2,0
100,713,101,1,1
100,714,75,0,2
100,717,101,1,1
100,718,101,1,1
100,724,101,1,1
101,628,126,3,0
101,630,126,3,0
101,641,102,2,1
101,642,76,0,3
101,643,100,1,1
101,645,126,3,0
101,670,126,3,0
101,684,102,2,1
101,693,102,2,1
101,699,126,3,0
102,630,127,3,0
102,643,103,2,1
102,670,127,3,0
102,691,103,2,1
102,699,127,3,0
103,628,128,3,0
103,630,128,3,0
103,642,78,0,3
103,643,104,2,1
103,645,128,3,0
103,659,128,3,0
103,662,128,3,0
103,668,128,3,0
103,670,128,3,0
103,671,128,3,0
103,676,128,3,0
103,690,78,0,3
103,699,128,3,0
104,625,79,0,3
104,628,129,3,0
104,630,129,3,0
104,642,79,0,3
104,643,105,2,1
104,645,129,3,0
104,670,129,3,0
104,688,129,3,0
104,699,129,3,0
104,704,129,3,0
105,625,80,0,3
105,628,130,3,0
105,630,130,3,0
105,642,80,0,3
105,643,106,2,1
105,645,130,3,0
105,647,106,2,1
105,670,130,3,0
105,674,130,3,0
105,680,130,3,0
105,699,130,3,0
105,700,106,2,1
105,704,130,3,0
105,714,80,0,3
106,625,81,0,3
106,628,131,3,0
106,630,131,3,0
106,632,81,0,3
106,637,107,2,1
106,642,81,0,3
106,643,107,2,1
106,645,131,3,0
106,647,107,2,1
106,649,107,2,1
106,651,107,2,1
106,654,107,2,1
106,665,81,0,3
106,670,131,3,0
106,674,131,3,0
106,687,107,2,1
106,698,131,3,0
106,699,131,3,0
106,700,107,2,1
106,704,131,3,0
106,714,81,0,3
107,625,82,0,3
107,628,132,3,0
107,630,132,3,0
107,636,132,3,0
107,637,108,2,1
107,642,82,0,3
107,643,108,2,1
107,644,108,2,1
107,645,132,3,0
107,647,108,2,1
107,649,108,2,1
107,651,108,2,1
107,654,108,2,1
107,670,132,3,0
107,674,132,3,0
107,685,132,3,0
107,687,108,2,1
107,694,108,2,1
107,698,132,3,0
107,699,132,3,0
107,700,108,2,1
107,704,132,3,0
107,714,82,0,3
108,625,83,0,3
108,628,133,3,0
108,630,133,3,0
108,636,133,3,0
108,637,109,2,1
108,642,83,0,3
108,643,109,2,1
108,644,109,2,1
108,645,133,3,0
108,646,109,2,1
108,647,109,2,1
108,649,109,2,1
108,651,109,2,1
108,654,109,2,1
108,655,109,2,1
108,664,133,3,0
108,670,133,3,0
108,672,133,3,0
108,674,133,3,0
108,685,133,3,0
108,687,109,2,1
108,694,109,2,1
108,698,133,3,0
108,699,133,3,0
108,700,109,2,1
108,704,133,3,0
108,712,133,3,0
108,714,83,0,3
108,721,109,2,1
109,625,84,0,3
109,628,134,3,0
109,630,134,3,0
109,643,84,0,3
109,645,134,3,0
109,647,84,0,3
109,651,84,0,3
109,655,84,0,3
109,670,134,3,0
109,674,134,3,0
109,694,84,0,3
109,699,134,3,0
109,700,134,3,0
109,714,84,0,3
109,721,721,100,0
109,722,84,0,3
110,625,109,1,2
110,628,109,1,2
110,630,109,1,2
110,636,109,1,2
110,637,135,3,0
110,642,109,1,2
110,643,85,0,3
110,644,135,3,0
110,645,109,1,2
110,647,85,0,3
110,649,135,3,0
110,651,85,0,3
110,654,85,0,3
110,670,109,1,2
110,674,109,1,2
110,685,109,1,2
110,687,135,3,0
110,692,85,0,3
110,694,85,0,3
110,698,109,1,2
110,699,109,1,2
110,700,135,3,0
110,701,85,0,3
110,704,109,1,2
110,714,109,1,2
110,722,85,0,3
111,625,110,1,2
111,628,110,1,2
111,630,110,1,2
111,636,110,1,2
111,637,136,3,0
111,642,110,1,2
111,643,86,0,3
111,644,136,3,0
111,645,110,1,2
111,647,86,0,3
111,649,136,3,0
111,651,86,0,3
111,654,86,0,3
111,670,110,1,2
111,674,110,1,2
111,685,110,1,2
111,687,136,3,0
111,698,110,1,2
111,699,110,1,2
111,700,136,3,0
111,704,110,1,2
111,714,110,1,2
111,722,86,0,3
112,625,111,1,2
112,628,111,1,2
112,629,113,2,1
112,630,111,1,2
112,634,113,2,1
112,637,137,3,0
112,642,111,1,2
112,643,87,0,3
112,645,111,1,2
112,647,87,0,3
112,649,137,3,0
112,651,87,0,3
112,654,113,2,1
112,670,111,1,2
112,674,111,1,2
112,698,111,1,2
112,699,111,1,2
112,700,137,3,0
112,704,111,1,2
112,714,111,1,2
113,625,112,1,2
113,628,112,1,2
113,630,112,1,2
113,639,114,2,1
113,642,112,1,2
113,643,88,0,3
113,645,112,1,2
113,670,112,1,2
113,699,112,1,2
113,700,138,3,0
113,704,112,1,2
114,628,113,1,2
114,630,113,1,2
114,642,113,1,2
114,643,89,0,3
114,645,113,1,2
114,670,113,1,2
114,681,115,2,1
114,699,113,1,2
115,670,116,2,1
115,675,116,2,1
116,626,91,0,3
116,628,117,2,1
116,630,117,2,1
116,635,91,0,3
116,642,117,2,1
116,643,91,0,3
116,645,117,2,1
116,650,141,3,0
116,653,91,0,3
116,670,117,2,1
116,678,141,3,0
116,695,91,0,3
116,699,117,2,1
116,719,91,0,3
117,625,118,2,1
117,628,118,2,1
117,630,118,2,1
117,631,142,3,0
117,642,118,2,1
117,643,92,0,3
117,645,118,2,1
117,647,92,0,3
117,666,92,0,3
117,669,92,0,3
117,670,118,2,1
117,686,142,3,0
117,699,118,2,1
117,700,142,3,0
117,704,118,2,1
117,715,92,0,3
117,723,142,3,0
118,625,119,2,1
118,628,119,2,1
118,630,119,2,1
118,637,143,3,0
118,642,119,2,1
118,643,93,0,3
118,645,119,2,1
118,647,93,0,3
118,649,143,3,0
118,651,93,0,3
118,654,93,0,3
118,660,93,0,3
118,663,143,3,0
118,670,119,2,1
118,674,119,2,1
118,682,93,0,3
118,683,143,3,0
118,687,143,3,0
118,699,119,2,1
118,700,143,3,0
118,704,119,2,1
118,705,93,0,3
118,707,143,3,0
118,709,143,3,0
118,714,119,2,1
118,720,93,0,3
119,625,120,2,1
119,627,94,0,3
119,628,120,2,1
119,630,120,2,1
119,637,144,3,0
119,642,120,2,1
119,643,94,0,3
119,644,144,3,0
119,645,120,2,1
119,647,94,0,3
119,649,144,3,0
119,651,94,0,3
119,652,144,3,0
119,654,94,0,3
119,657,94,0,3
119,670,120,2,1
119,674,120,2,1
119,679,94,0,3
119,687,144,3,0
119,697,144,3,0
119,698,120,2,1
119,699,120,2,1
119,700,144,3,0
119,702,94,0,3
119,704,120,2,1
119,708,94,0,3
119,710,144,3,0
119,714,120,2,1
119,722,94,0,3
120,625,121,2,1
120,628,121,2,1
120,630,121,2,1
120,636,121,2,1
120,637,145,3,0
120,642,121,2,1
120,643,95,0,3
120,644,145,3,0
120,645,121,2,1
120,647,95,0,3
120,649,145,3,0
120,651,95,0,3
120,654,95,0,3
120,670,121,2,1
120,674,121,2,1
120,685,121,2,1
120,687,145,3,0
120,692,95,0,3
120,694,95,0,3
120,698,121,2,1
120,699,121,2,1
120,700,145,3,0
120,701,95,0,3
120,704,121,2,1
120,714,121,2,1
120,722,95,0,3
121,625,96,0,3
121,628,146,3,0
121,630,146,3,0
121,643,96,0,3
121,645,146,3,0
121,647,96,0,3
121,651,96,0,3
121,655,96,0,3
121,664,146,3,0
121,670,146,3,0
121,672,146,3,0
121,674,146,3,0
121,692,96,0,3
121,694,96,0,3
121,699,146,3,0
121,700,146,3,0
121,701,96,0,3
121,706,96,0,3
121,712,146,3,0
121,714,96,0,3
121,716,146,3,0
121,721,120,1,2
121,722,96,0,3
122,625,97,0,3
122,628,147,3,0
122,630,147,3,0
122,636,147,3,0
122,637,121,1,2
122,642,97,0,3
122,643,121,1,2
122,644,121,1,2
122,645,147,3,0
122,646,123,2,1
122,647,121,1,2
122,649,121,1,2
122,651,121,1,2
122,654,121,1,2
122,670,147,3,0
122,674,147,3,0
122,685,147,3,0
122,687,121,1,2
122,692,121,1,2
122,694,121,1,2
122,698,147,3,0
122,699,147,3,0
122,700,121,1,2
122,701,121,1,2
122,704,147,3,0
122,714,97,0,3
122,721,123,2,1
123,625,98,0,3
123,628,148,3,0
123,630,148,3,0
123,636,124,2,1
123,637,122,1,2
123,638,124,2,1
123,642,98,0,3
123,643,122,1,2
123,644,122,1,2
123,645,148,3,0
123,647,122,1,2
123,649,122,1,2
123,651,122,1,2
123,654,122,1,2
123,670,148,3,0
123,674,148,3,0
123,685,124,2,1
123,687,122,1,2
123,694,124,2,1
123,698,148,3,0
123,699,148,3,0
123,700,122,1,2
123,703,124,2,1
123,704,148,3,0
123,714,98,0,3
124,625,99,0,3
124,628,149,3,0
124,630,149,3,0
124,633,100,2,3
124,637,123,1,2
124,640,100,2,3
124,642,99,0,3
124,643,123,1,2
124,645,149,3,0
124,647,123,1,2
124,649,123,1,2
124,651,123,1,2
124,654,123,1,2
124,658,100,2,3
124,661,100,2,3
124,670,149,3,0
124,674,149,3,0
124,687,123,1,2
124,689,100,2,3
124,696,100,2,3
124,698,100,2,3
124,699,149,3,0
124,700,123,1,2
124,704,149,3,0
124,714,99,0,3
125,625,100,0,2
125,628,150,2,0
125,630,150,2,0
125,642,100,0,2
125,643,149,3,2
125,645,150,2,0
125,647,149,3,2
125,654,149,3,2
125,667,126,1,1
125,670,150,2,0
125,673,126,1,1
125,699,150,2,0
125,700,149,3,2
125,704,150,2,0
125,713,126,1,1
125,714,100,0,2
125,717,126,1,1
125,718,126,1,1
125,724,126,1,1
126,628,151,3,0
126,630,151,3,0
126,641,127,2,1
126,642,101,0,3
126,643,125,1,1
126,645,151,3,0
126,670,151,3,0
126,684,127,2,1
126,693,127,2,1
126,699,151,3,0
127,630,152,3,0
127,643,128,2,1
127,670,152,3,0
127,691,128,2,1
127,699,152,3,0
128,628,153,3,0
128,630,153,3,0
128,642,103,0,3
128,643,129,2,1
128,645,153,3,0
128,648,103,0,3
128,659,153,3,0
128,668,153,3,0
128,670,153,3,0
128,671,153,3,0
128,676,153,3,0
128,690,103,0,3
128,699,153,3,0
129,625,104,0,3
129,628,154,3,0
129,630,154,3,0
129,642,104,0,3
129,643,130,2,1
129,645,154,3,0
129,656,104,0,3
129,670,154,3,0
129,699,154,3,0
129,704,154,3,0
130,625,105,0,3
130,628,155,3,0
130,630,155,3,0
130,642,105,0,3
130,643,131,2,1
130,645,155,3,0
130,647,131,2,1
130,670,155,3,0
130,674,155,3,0
130,699,155,3,0
130,700,131,2,1
130,704,155,3,0
130,714,105,0,3
131,625,106,0,3
131,628,156,3,0
131,630,156,3,0
131,632,106,0,3
131,637,132,2,1
131,642,106,0,3
131,643,132,2,1
131,645,156,3,0
131,647,132,2,1
131,649,132,2,1
131,651,132,2,1
131,654,132,2,1
131,665,106,0,3
131,670,156,3,0
131,674,156,3,0
131,687,132,2,1
131,689,689,68,0
131,698,156,3,0
131,699,156,3,0
131,700,132,2,1
131,704,156,3,0
131,714,106,0,3
132,625,107,0,3
132,628,157,3,0
132,630,157,3,0
132,636,157,3,0
132,637,133,2,1
132,642,107,0,3
132,643,133,2,1
132,644,133,2,1
132,645,157,3,0
132,647,133,2,1
132,649,133,2,1
132,651,133,2,1
132,654,133,2,1
132,670,157,3,0
132,674,157,3,0
132,685,157,3,0
132,687,133,2,1
132,689,131,1,2
132,694,133,2,1
132,698,157,3,0
132,699,157,3,0
132,700,133,2,1
132,704,157,3,0
132,714,107,0,3
133,625,108,0,3
133,628,158,3,0
133,630,158,3,0
133,636,158,3,0
133,637,134,2,1
133,642,108,0,3
133,643,134,2,1
133,644,134,2,1
133,645,158,3,0
133,646,134,2,1
133,647,134,2,1
133,649,134,2,1
133,651,134,2,1
133,654,134,2,1
133,655,134,2,1
133,664,158,3,0
133,670,158,3,0
133,672,158,3,0
133,674,158,3,0
133,685,158,3,0
133,687,134,2,1
133,689,132,1,2
133,694,134,2,1
133,698,158,3,0
133,699,158,3,0
133,700,134,2,1
133,704,158,3,0
133,712,158,3,0
133,714,108,0,3
133,721,134,2,1
134,625,109,0,3
134,627,159,3,0
134,628,159,3,0
134,630,159,3,0
134,636,159,3,0
134,642,109,0,3
134,643,109,0,3
134,645,159,3,0
134,647,109,0,3
134,649,135,2,1
134,651,109,0,3
134,670,159,3,0
134,674,159,3,0
134,689,133,1,2
134,694,109,0,3
134,699,159,3,0
134,700,159,3,0
134,704,159,3,0
134,712,159,3,0
134,721,109,0,3
135,625,134,1,2
135,627,160,3,0
135,628,134,1,2
135,630,134,1,2
135,636,134,1,2
135,637,160,3,0
135,642,134,1,2
135,643,110,0,3
135,644,160,3,0
135,645,134,1,2
135,647,110,0,3
135,649,136,2,1
135,651,110,0,3
135,654,110,0,3
135,670,134,1,2
135,674,134,1,2
135,685,134,1,2
135,687,160,3,0
135,692,110,0,3
135,694,110,0,3
135,698,134,1,2
135,699,134,1,2
135,700,160,3,0
135,701,110,0,3
135,704,134,1,2
135,714,134,1,2
136,625,135,1,2
136,627,161,3,0
136,628,135,1,2
136,630,135,1,2
136,636,135,1,2
136,637,161,3,0
136,642,135,1,2
136,643,111,0,3
136,644,161,3,0
136,645,135,1,2
136,647,111,0,3
136,649,137,2,1
136,651,111,0,3
136,654,111,0,3
136,670,135,1,2
136,674,135,1,2
136,685,135,1,2
136,687,161,3,0
136,698,135,1,2
136,699,135,1,2
136,700,161,3,0
136,704,135,1,2
136,714,135,1,2
137,625,136,1,2
137,628,136,1,2
137,629,138,2,1
137,630,136,1,2
137,634,138,2,1
137,637,162,3,0
137,642,136,1,2
137,643,112,0,3
137,645,136,1,2
137,647,112,0,3
137,649,649,28,0
137,651,112,0,3
137,654,138,2,1
137,670,136,1,2
137,674,136,1,2
137,698,136,1,2
137,699,136,1,2
137,700,162,3,0
137,704,136,1,2
137,714,136,1,2
138,625,137,1,2
138,628,137,1,2
138,630,137,1,2
138,639,139,2,1
138,642,137,1,2
138,643,113,0,3
138,645,137,1,2
138,670,137,1,2
138,699,137,1,2
138,700,163,3,0
138,704,137,1,2
139,628,138,1,2
139,630,138,1,2
139,642,138,1,2
139,643,114,0,3
139,645,138,1,2
139,670,138,1,2
139,681,140,2,1
139,699,138,1,2
140,670,141,2,1
140,675,141,2,1
141,626,116,0,3
141,628,142,2,1
141,630,142,2,1
141,635,116,0,3
141,642,142,2,1
141,643,116,0,3
141,645,142,2,1
141,650,166,3,0
141,653,116,0,3
141,670,142,2,1
141,695,116,0,3
141,699,142,2,1
141,719,116,0,3
142,625,143,2,1
142,628,143,2,1
142,630,143,2,1
142,631,167,3,0
142,642,143,2,1
142,643,117,0,3
142,645,143,2,1
142,647,117,0,3
142,666,117,0,3
142,669,117,0,3
142,670,143,2,1
142,677,117,0,3
142,686,167,3,0
142,699,143,2,1
142,700,167,3,0
142,704,143,2,1
142,715,117,0,3
143,625,144,2,1
143,628,144,2,1
143,630,144,2,1
143,637,168,3,0
143,642,144,2,1
143,643,118,0,3
143,645,144,2,1
143,647,118,0,3
143,651,118,0,3
143,654,118,0,3
143,660,168,3,0
143,663,168,3,0
143,670,144,2,1
143,674,144,2,1
143,682,118,0,3
143,683,168,3,0
143,687,168,3,0
143,699,144,2,1
143,700,168,3,0
143,704,144,2,1
143,705,118,0,3
143,707,168,3,0
143,714,144,2,1
143,720,118,0,3
144,625,145,2,1
144,627,169,3,0
144,628,145,2,1
144,630,145,2,1
144,637,169,3,0
144,642,145,2,1
144,643,119,0,3
144,644,169,3,0
144,645,145,2,1
144,647,119,0,3
144,649,143,1,2
144,651,119,0,3
144,652,169,3,0
144,654,119,0,3
144,657,119,0,3
144,670,145,2,1
144,674,145,2,1
144,679,119,0,3
144,687,169,3,0
144,697,169,3,0
144,698,145,2,1
144,699,145,2,1
144,700,169,3,0
144,702,119,0,3
144,704,145,2,1
144,708,119,0,3
144,710,169,3,0
144,714,145,2,1
144,722,119,0,3
145,625,146,2,1
145,627,170,3,0
145,628,146,2,1
145,630,146,2,1
145,636,146,2,1
145,637,170,3,0
145,642,146,2,1
145,643,120,0,3
145,644,170,3,0
145,645,146,2,1
145,647,120,0,3
145,649,144,1,2
145,651,120,0,3
145,654,120,0,3
145,670,146,2,1
145,674,146,2,1
145,685,146,2,1
145,687,170,3,0
145,692,120,0,3
145,694,120,0,3
145,698,146,2,1
145,699,146,2,1
145,700,170,3,0
145,701,120,0,3
145,704,146,2,1
145,714,146,2,1
146,625,121,0,3
146,627,171,3,0
146,628,171,3,0
146,630,171,3,0
146,636,171,3,0
146,642,121,0,3
146,643,121,0,3
146,645,171,3,0
146,647,121,0,3
146,649,145,1,2
146,651,121,0,3
146,664,171,3,0
146,670,171,3,0
146,672,171,3,0
146,674,171,3,0
146,689,147,2,1
146,692,121,0,3
146,694,121,0,3
146,699,171,3,0
146,700,171,3,0
146,701,121,0,3
146,704,171,3,0
146,706,121,0,3
146,712,171,3,0
146,716,171,3,0
146,721,121,0,3
147,625,122,0,3
147,628,172,3,0
147,630,172,3,0
147,636,172,3,0
147,637,146,1,2
147,642,122,0,3
147,643,146,1,2
147,644,146,1,2
147,645,172,3,0
147,646,148,2,1
147,647,146,1,2
147,649,146,1,2
147,651,146,1,2
147,654,146,1,2
147,655,148,2,1
147,670,172,3,0
147,674,172,3,0
147,685,172,3,0
147,687,146,1,2
147,689,148,2,1
147,692,146,1,2
147,694,146,1,2
147,698,172,3,0
147,699,172,3,0
147,700,146,1,2
147,701,146,1,2
147,704,172,3,0
147,714,122,0,3
147,721,148,2,1
148,625,123,0,3
148,628,173,3,0
148,630,173,3,0
148,636,149,2,1
148,637,147,1,2
148,638,149,2,1
148,642,123,0,3
148,643,147,1,2
148,644,147,1,2
148,645,173,3,0
148,647,147,1,2
148,649,147,1,2
148,651,147,1,2
148,654,147,1,2
148,670,173,3,0
148,674,173,3,0
148,685,149,2,1
148,687,147,1,2
148,689,149,2,1
148,694,149,2,1
148,698,173,3,0
148,699,173,3,0
148,700,147,1,2
148,704,173,3,0
148,714,123,0,3
149,625,124,0,3
149,628,174,3,0
149,630,174,3,0
149,633,125,2,3
149,637,148,1,2
149,640,125,2,3
149,642,124,0,3
149,643,148,1,2
149,645,174,3,0
149,647,148,1,2
149,649,148,1,2
149,651,148,1,2
149,654,148,1,2
149,658,125,2,3
149,661,125,2,3
149,670,174,3,0
149,674,174,3,0
149,687,148,1,2
149,689,125,2,3
149,696,125,2,3
149,698,125,2,3
149,699,174,3,0
149,700,148,1,2
149,704,174,3,0
149,714,124,0,3
150,625,125,0,2
150,628,175,2,0
150,630,175,2,0
150,642,125,0,2
150,643,174,3,2
150,645,175,2,0
150,647,174,3,2
150,654,174,3,2
150,667,151,1,1
150,670,175,2,0
150,673,151,1,1
150,699,175,2,0
150,700,174,3,2
150,704,175,2,0
150,713,151,1,1
150,714,125,0,2
150,717,151,1,1
150,718,151,1,1
150,724,151,1,1
151,628,176,3,0
151,630,176,3,0
151,641,152,2,1
151,642,126,0,3
151,643,150,1,1
151,645,176,3,0
151,670,176,3,0
151,684,152,2,1
151,693,152,2,1
151,699,176,3,0
152,630,177,3,0
152,643,153,2,1
152,670,177,3,0
152,691,153,2,1
152,699,177,3,0
153,628,178,3,0
153,630,178,3,0
153,642,128,0,3
153,643,154,2,1
153,645,178,3,0
153,648,128,0,3
153,659,178,3,0
153,662,128,0,3
153,670,178,3,0
153,671,178,3,0
153,676,178,3,0
153,690,128,0,3
153,699,178,3,0
154,625,129,0,3
154,628,179,3,0
154,630,179,3,0
154,642,129,0,3
154,643,155,2,1
154,645,179,3,0
154,656,129,0,3
154,670,179,3,0
154,688,129,0,3
154,699,179,3,0
154,704,179,3,0
155,625,130,0,3
155,628,180,3,0
155,630,180,3,0
155,642,130,0,3
155,643,156,2,1
155,645,180,3,0
155,647,156,2,1
155,670,180,3,0
155,674,180,3,0
155,680,130,0,3
155,699,180,3,0
155,700,156,2,1
155,704,180,3,0
155,714,130,0,3
156,625,131,0,3
156,628,181,3,0
156,630,181,3,0
156,632,131,0,3
156,637,157,2,1
156,642,131,0,3
156,643,157,2,1
156,645,181,3,0
156,647,157,2,1
156,649,157,2,1
156,651,157,2,1
156,654,157,2,1
156,665,131,0,3
156,670,181,3,0
156,674,181,3,0
156,687,157,2,1
156,689,131,0,3
156,698,181,3,0
156,699,181,3,0
156,700,157,2,1
156,704,181,3,0
156,714,131,0,3
157,625,132,0,3
157,628,182,3,0
157,630,182,3,0
157,636,182,3,0
157,637,158,2,1
157,642,132,0,3
157,643,158,2,1
157,644,158,2,1
157,645,182,3,0
157,647,158,2,1
157,649,158,2,1
157,651,158,2,1
157,654,158,2,1
157,670,182,3,0
157,674,182,3,0
157,685,182,3,0
157,687,158,2,1
157,689,132,0,3
157,694,158,2,1
157,698,182,3,0
157,699,182,3,0
157,700,158,2,1
157,704,182,3,0
157,714,132,0,3
158,625,133,0,3
158,628,183,3,0
158,630,183,3,0
158,636,183,3,0
158,637,159,2,1
158,642,133,0,3
158,643,159,2,1
158,644,159,2,1
158,645,183,3,0
158,646,159,2,1
158,647,159,2,1
158,649,159,2,1
158,651,159,2,1
158,654,159,2,1
158,655,159,2,1
158,664,183,3,0
158,670,183,3,0
158,672,183,3,0
158,674,183,3,0
158,685,183,3,0
158,687,159,2,1
158,689,133,0,3
158,694,159,2,1
158,698,183,3,0
158,699,183,3,0
158,700,159,2,1
158,704,183,3,0
158,712,712,91,0
158,714,133,0,3
158,721,159,2,1
159,625,134,0,3
159,628,184,3,0
159,630,184,3,0
159,636,184,3,0
159,642,134,0,3
159,643,134,0,3
159,645,184,3,0
159,647,134,0,3
159,649,134,0,3
159,654,134,0,3
159,664,184,3,0
159,670,184,3,0
159,674,184,3,0
159,679,184,3,0
159,689,134,0,3
159,694,134,0,3
159,699,184,3,0
159,700,184,3,0
159,704,184,3,0
159,712,158,1,2
159,721,134,0,3
160,625,159,1,2
160,628,159,1,2
160,630,159,1,2
160,636,159,1,2
160,637,185,3,0
160,642,159,1,2
160,643,135,0,3
160,644,185,3,0
160,645,159,1,2
160,647,135,0,3
160,649,135,0,3
160,651,135,0,3
160,654,135,0,3
160,670,159,1,2
160,674,159,1,2
160,679,185,3,0
160,685,159,1,2
160,687,185,3,0
160,692,135,0,3
160,694,135,0,3
160,698,159,1,2
160,699,159,1,2
160,700,185,3,0
160,701,135,0,3
160,704,159,1,2
160,714,159,1,2
161,625,160,1,2
161,628,160,1,2
161,630,160,1,2
161,636,160,1,2
161,637,186,3,0
161,642,160,1,2
161,643,136,0,3
161,644,186,3,0
161,645,160,1,2
161,647,136,0,3
161,649,136,0,3
161,651,136,0,3
161,654,136,0,3
161,670,160,1,2
161,674,160,1,2
161,679,186,3,0
161,685,160,1,2
161,687,186,3,0
161,698,160,1,2
161,699,160,1,2
161,700,186,3,0
161,704,160,1,2
161,714,160,1,2
162,625,161,1,2
162,628,161,1,2
162,629,163,2,1
162,630,161,1,2
162,634,163,2,1
162,637,187,3,0
162,642,161,1,2
162,643,137,0,3
162,645,161,1,2
162,647,137,0,3
162,649,137,0,3
162,651,137,0,3
162,654,163,2,1
162,670,161,1,2
162,674,161,1,2
162,698,161,1,2
162,699,161,1,2
162,700,187,3,0
162,704,161,1,2
162,714,161,1,2
163,625,162,1,2
163,628,162,1,2
163,630,162,1,2
163,639,164,2,1
163,642,162,1,2
163,643,138,0,3
163,645,162,1,2
163,670,162,1,2
163,699,162,1,2
163,700,188,3,0
163,704,162,1,2
164,628,163,1,2
164,630,163,1,2
164,642,163,1,2
164,643,139,0,3
164,645,163,1,2
164,670,163,1,2
164,681,165,2,1
164,699,163,1,2
165,670,166,2,1
165,675,166,2,1
166,626,141,0,3
166,628,167,2,1
166,630,167,2,1
166,635,141,0,3
166,642,167,2,1
166,643,141,0,3
166,645,167,2,1
166,650,191,3,0
166,653,141,0,3
166,670,167,2,1
166,678,141,0,3
166,695,141,0,3
166,699,167,2,1
166,719,141,0,3
167,625,168,2,1
167,628,168,2,1
167,630,168,2,1
167,631,192,3,0
167,642,168,2,1
167,643,142,0,3
167,645,168,2,1
167,647,142,0,3
167,666,142,0,3
167,669,142,0,3
167,670,168,2,1
167,677,142,0,3
167,686,192,3,0
167,699,168,2,1
167,700,192,3,0
167,704,168,2,1
167,715,142,0,3
167,723,142,0,3
168,625,169,2,1
168,628,169,2,1
168,630,169,2,1
168,637,193,3,0
168,642,169,2,1
168,643,143,0,3
168,645,169,2,1
168,647,143,0,3
168,649,143,0,3
168,651,143,0,3
168,654,143,0,3
168,660,193,3,0
168,663,193,3,0
168,670,169,2,1
168,674,169,2,1
168,682,143,0,3
168,687,193,3,0
168,699,169,2,1
168,700,193,3,0
168,704,169,2,1
168,705,143,0,3
168,707,193,3,0
168,709,143,0,3
168,714,169,2,1
168,720,143,0,3
169,625,170,2,1
169,627,194,3,0
169,628,170,2,1
169,630,170,2,1
169,637,194,3,0
169,642,170,2,1
169,643,144,0,3
169,644,194,3,0
169,645,170,2,1
169,647,144,0,3
169,649,144,0,3
169,651,144,0,3
169,654,144,0,3
169,657,194,3,0
169,670,170,2,1
169,674,170,2,1
169,679,194,3,0
169,687,194,3,0
169,697,194,3,0
169,698,170,2,1
169,699,170,2,1
169,700,194,3,0
169,702,144,0,3
169,704,170,2,1
169,708,144,0,3
169,710,194,3,0
169,714,170,2,1
169,722,144,0,3
170,625,171,2,1
170,628,171,2,1
170,630,171,2,1
170,636,171,2,1
170,637,195,3,0
170,642,171,2,1
170,643,145,0,3
170,644,195,3,0
170,645,171,2,1
170,647,145,0,3
170,649,145,0,3
170,651,145,0,3
170,654,145,0,3
170,670,171,2,1
170,674,171,2,1
170,679,195,3,0
170,685,171,2,1
170,687,195,3,0
170,692,145,0,3
170,694,145,0,3
170,698,171,2,1
170,699,171,2,1
170,700,195,3,0
170,701,145,0,3
170,704,171,2,1
170,714,171,2,1
171,625,146,0,3
171,628,196,3,0
171,630,196,3,0
171,636,196,3,0
171,642,146,0,3
171,643,146,0,3
171,645,196,3,0
171,647,146,0,3
171,649,146,0,3
171,654,146,0,3
171,664,196,3,0
171,670,196,3,0
171,672,196,3,0
171,674,196,3,0
171,679,196,3,0
171,689,146,0,3
171,692,146,0,3
171,694,146,0,3
171,699,196,3,0
171,700,196,3,0
171,701,146,0,3
171,704,196,3,0
171,706,146,0,3
171,712,172,2,1
171,716,196,3,0
171,721,146,0,3
172,625,147,0,3
172,628,197,3,0
172,630,197,3,0
172,636,197,3,0
172,637,171,1,2
172,642,147,0,3
172,643,171,1,2
172,644,171,1,2
172,645,197,3,0
172,646,173,2,1
172,647,171,1,2
172,649,171,1,2
172,651,171,1,2
172,654,171,1,2
172,655,173,2,1
172,670,197,3,0
172,674,197,3,0
172,685,197,3,0
172,687,171,1,2
172,689,147,0,3
172,692,171,1,2
172,694,171,1,2
172,698,197,3,0
172,699,197,3,0
172,700,171,1,2
172,701,171,1,2
172,704,197,3,0
172,714,147,0,3
173,625,148,0,3
173,628,198,3,0
173,630,198,3,0
173,636,174,2,1
173,637,172,1,2
173,638,174,2,1
173,642,148,0,3
173,643,172,1,2
173,644,172,1,2
173,645,198,3,0
173,647,172,1,2
173,649,172,1,2
173,651,172,1,2
173,654,172,1,2
173,670,198,3,0
173,674,198,3,0
173,685,174,2,1
173,687,172,1,2
173,689,148,0,3
173,694,174,2,1
173,698,198,3,0
173,699,198,3,0
173,700,172,1,2
173,703,174,2,1
173,704,198,3,0
173,714,148,0,3
174,625,149,0,3
174,628,199,3,0
174,630,199,3,0
174,633,150,2,3
174,637,173,1,2
174,640,150,2,3
174,642,149,0,3
174,643,173,1,2
174,645,199,3,0
174,647,173,1,2
174,649,173,1,2
174,651,173,1,2
174,654,173,1,2
174,658,150,2,3
174,661,150,2,3
174,670,199,3,0
174,674,199,3,0
174,687,173,1,2
174,696,150,2,3
174,698,150,2,3
174,699,199,3,0
174,700,173,1,2
174,704,199,3,0
174,714,149,0,3
175,625,150,0,2
175,628,200,2,0
175,630,200,2,0
175,642,150,0,2
175,643,199,3,2
175,645,200,2,0
175,647,199,3,2
175,654,199,3,2
175,667,176,1,1
175,670,200,2,0
175,673,176,1,1
175,699,200,2,0
175,700,199,3,2
175,704,200,2,0
175,713,176,1,1
175,714,150,0,2
175,717,176,1,1
175,718,176,1,1
175,724,176,1,1
176,628,201,3,0
176,630,201,3,0
176,641,177,2,1
176,642,151,0,3
176,643,175,1,1
176,645,201,3,0
176,670,201,3,0
176,684,177,2,1
176,693,177,2,1
176,699,201,3,0
177,630,202,3,0
177,643,178,2,1
177,670,202,3,0
177,691,178,2,1
177,699,202,3,0
178,628,203,3,0
178,630,203,3,0
178,642,153,0,3
178,643,179,2,1
178,645,203,3,0
178,648,153,0,3
178,659,203,3,0
178,662,153,0,3
178,668,153,0,3
178,670,203,3,0
178,671,203,3,0
178,676,203,3,0
178,690,153,0,3
178,699,203,3,0
179,625,154,0,3
179,628,204,3,0
179,630,204,3,0
179,642,154,0,3
179,643,180,2,1
179,645,204,3,0
179,656,154,0,3
179,670,204,3,0
179,688,154,0,3
179,699,204,3,0
179,704,204,3,0
180,625,155,0,3
180,628,205,3,0
180,630,205,3,0
180,642,155,0,3
180,643,181,2,1
180,645,205,3,0
180,647,181,2,1
180,670,205,3,0
180,674,674,53,0
180,680,155,0,3
180,699,205,3,0
180,700,181,2,1
180,704,205,3,0
180,714,155,0,3
181,625,156,0,3
181,628,206,3,0
181,630,206,3,0
181,632,156,0,3
181,637,182,2,1
181,640,640,19,0
181,642,156,0,3
181,643,182,2,1
181,645,206,3,0
181,647,182,2,1
181,649,182,2,1
181,651,182,2,1
181,654,182,2,1
181,665,156,0,3
181,670,206,3,0
181,674,180,1,2
181,687,182,2,1
181,698,206,3,0
181,699,206,3,0
181,700,182,2,1
181,704,206,3,0
181,714,156,0,3
182,625,157,0,3
182,628,207,3,0
182,630,207,3,0
182,636,207,3,0
182,637,183,2,1
182,640,181,1,2
182,642,157,0,3
182,643,183,2,1
182,644,183,2,1
182,645,207,3,0
182,647,183,2,1
182,649,183,2,1
182,651,183,2,1
182,654,183,2,1
182,670,207,3,0
182,674,181,1,2
182,685,207,3,0
182,687,183,2,1
182,694,183,2,1
182,698,207,3,0
182,699,207,3,0
182,700,183,2,1
182,704,207,3,0
182,714,157,0,3
183,625,158,0,3
183,628,208,3,0
183,630,208,3,0
183,636,208,3,0
183,637,184,2,1
183,640,182,1,2
183,642,158,0,3
183,643,184,2,1
183,644,184,2,1
183,645,208,3,0
183,646,184,2,1
183,647,184,2,1
183,649,184,2,1
183,651,184,2,1
183,654,184,2,1
183,655,184,2,1
183,664,664,43,0
183,670,208,3,0
183,672,208,3,0
183,674,182,1,2
183,685,208,3,0
183,687,184,2,1
183,694,184,2,1
183,698,208,3,0
183,699,208,3,0
183,700,184,2,1
183,704,208,3,0
183,712,158,0,3
183,714,158,0,3
183,721,184,2,1
184,625,159,0,3
184,628,209,3,0
184,630,209,3,0
184,636,209,3,0
184,637,185,2,1
184,640,183,1,2
184,642,159,0,3
184,643,159,0,3
184,645,209,3,0
184,647,159,0,3
184,649,159,0,3
184,654,159,0,3
184,664,183,1,2
184,670,209,3,0
184,672,209,3,0
184,674,183,1,2
184,687,209,3,0
184,694,159,0,3
184,698,209,3,0
184,699,209,3,0
184,700,209,3,0
184,704,209,3,0
184,716,716,95,0
185,625,184,1,2
185,628,184,1,2
185,630,184,1,2
185,636,184,1,2
185,637,186,2,1
185,642,184,1,2
185,643,160,0,3
185,644,210,3,0
185,645,184,1,2
185,647,160,0,3
185,649,160,0,3
185,651,160,0,3
185,654,160,0,3
185,670,184,1,2
185,674,184,1,2
185,685,184,1,2
185,687,210,3,0
185,692,160,0,3
185,694,160,0,3
185,698,184,1,2
185,699,184,1,2
185,700,210,3,0
185,701,160,0,3
185,704,184,1,2
185,714,184,1,2
186,625,185,1,2
186,628,185,1,2
186,630,185,1,2
186,636,185,1,2
186,637,187,2,1
186,642,185,1,2
186,643,161,0,3
186,644,211,3,0
186,645,185,1,2
186,647,161,0,3
186,649,161,0,3
186,651,161,0,3
186,654,161,0,3
186,670,185,1,2
186,674,185,1,2
186,685,185,1,2
186,687,211,3,0
186,698,185,1,2
186,699,185,1,2
186,700,211,3,0
186,704,185,1,2
186,714,185,1,2
187,625,186,1,2
187,628,186,1,2
187,629,188,2,1
187,630,186,1,2
187,634,188,2,1
187,637,637,16,0
187,642,186,1,2
187,643,162,0,3
187,645,186,1,2
187,647,162,0,3
187,649,162,0,3
187,651,162,0,3
187,654,188,2,1
187,670,186,1,2
187,674,186,1,2
187,698,186,1,2
187,699,186,1,2
187,700,212,3,0
187,704,186,1,2
187,714,186,1,2
188,625,187,1,2
188,628,187,1,2
188,630,187,1,2
188,639,189,2,1
188,642,187,1,2
188,643,163,0,3
188,645,187,1,2
188,670,187,1,2
188,699,187,1,2
188,700,213,3,0
188,704,187,1,2
189,628,188,1,2
189,630,188,1,2
189,642,188,1,2
189,643,164,0,3
189,645,188,1,2
189,670,188,1,2
189,681,190,2,1
189,699,188,1,2
190,670,191,2,1
190,675,191,2,1
191,626,166,0,3
191,628,192,2,1
191,630,192,2,1
191,635,166,0,3
191,642,192,2,1
191,643,166,0,3
191,645,192,2,1
191,650,216,3,0
191,653,166,0,3
191,670,192,2,1
191,678,166,0,3
191,695,166,0,3
191,699,192,2,1
191,719,166,0,3
192,625,193,2,1
192,628,193,2,1
192,630,193,2,1
192,631,217,3,0
192,642,193,2,1
192,643,167,0,3
192,645,193,2,1
192,647,167,0,3
192,666,167,0,3
192,669,167,0,3
192,670,193,2,1
192,677,167,0,3
192,686,217,3,0
192,699,193,2,1
192,700,217,3,0
192,704,193,2,1
192,715,167,0,3
192,723,167,0,3
193,625,194,2,1
193,628,194,2,1
193,630,194,2,1
193,642,194,2,1
193,643,168,0,3
193,645,194,2,1
193,647,168,0,3
193,649,168,0,3
193,651,168,0,3
193,654,168,0,3
193,660,218,3,0
193,663,218,3,0
193,670,194,2,1
193,674,194,2,1
193,682,168,0,3
193,683,168,0,3
193,687,218,3,0
193,699,194,2,1
193,700,218,3,0
193,704,194,2,1
193,705,168,0,3
193,707,218,3,0
193,709,168,0,3
193,714,194,2,1
193,720,168,0,3
194,625,195,2,1
194,627,219,3,0
194,628,195,2,1
194,630,195,2,1
194,637,193,1,2
194,642,195,2,1
194,643,169,0,3
194,644,219,3,0
194,645,195,2,1
194,647,169,0,3
194,649,169,0,3
194,651,169,0,3
194,652,169,0,3
194,654,169,0,3
194,657,219,3,0
194,670,195,2,1
194,674,195,2,1
194,679,219,3,0
194,687,219,3,0
194,698,195,2,1
194,699,195,2,1
194,700,219,3,0
194,702,169,0,3
194,704,195,2,1
194,708,169,0,3
194,710,219,3,0
194,714,195,2,1
194,722,169,0,3
195,625,196,2,1
195,628,196,2,1
195,630,196,2,1
195,636,196,2,1
195,637,194,1,2
195,642,196,2,1
195,643,170,0,3
195,644,220,3,0
195,645,196,2,1
195,647,170,0,3
195,649,170,0,3
195,651,170,0,3
195,654,170,0,3
195,670,196,2,1
195,674,196,2,1
195,685,196,2,1
195,687,220,3,0
195,692,170,0,3
195,694,170,0,3
195,698,196,2,1
195,699,196,2,1
195,700,220,3,0
195,701,170,0,3
195,704,196,2,1
195,714,196,2,1
196,625,171,0,3
196,628,221,3,0
196,630,221,3,0
196,636,221,3,0
196,637,195,1,2
196,640,197,2,1
196,642,171,0,3
196,643,171,0,3
196,645,221,3,0
196,647,171,0,3
196,649,171,0,3
196,654,171,0,3
196,664,197,2,1
196,670,221,3,0
196,672,221,3,0
196,674,197,2,1
196,687,221,3,0
196,692,171,0,3
196,694,171,0,3
196,698,221,3,0
196,699,221,3,0
196,700,221,3,0
196,701,171,0,3
196,704,221,3,0
196,706,171,0,3
196,712,171,0,3
197,625,172,0,3
197,628,222,3,0
197,630,222,3,0
197,636,222,3,0
197,637,196,1,2
197,640,198,2,1
197,642,172,0,3
197,643,196,1,2
197,644,196,1,2
197,645,222,3,0
197,646,198,2,1
197,647,196,1,2
197,649,196,1,2
197,651,196,1,2
197,654,196,1,2
197,655,198,2,1
197,670,222,3,0
197,674,198,2,1
197,685,222,3,0
197,687,196,1,2
197,692,196,1,2
197,694,196,1,2
197,698,222,3,0
197,699,222,3,0
197,700,196,1,2
197,701,196,1,2
197,704,222,3,0
197,714,172,0,3
197,721,198,2,1
198,625,173,0,3
198,628,223,3,0
198,630,223,3,0
198,636,199,2,1
198,637,197,1,2
198,638,199,2,1
198,640,199,2,1
198,642,173,0,3
198,643,197,1,2
198,644,197,1,2
198,645,223,3,0
198,647,197,1,2
198,649,197,1,2
198,651,197,1,2
198,654,197,1,2
198,670,223,3,0
198,674,199,2,1
198,685,199,2,1
198,687,197,1,2
198,698,223,3,0
198,699,223,3,0
198,700,197,1,2
198,703,199,2,1
198,704,223,3,0
198,714,173,0,3
199,625,174,0,3
199,628,224,3,0
199,630,224,3,0
199,633,175,2,3
199,637,198,1,2
199,640,175,2,3
199,642,174,0,3
199,643,198,1,2
199,645,224,3,0
199,647,198,1,2
199,649,198,1,2
199,651,198,1,2
199,654,198,1,2
199,658,175,2,3
199,661,175,2,3
199,670,224,3,0
199,674,175,2,3
199,687,198,1,2
199,689,175,2,3
199,696,175,2,3
199,698,175,2,3
199,699,224,3,0
199,700,198,1,2
199,704,224,3,0
199,714,174,0,3
200,625,175,0,2
200,628,225,2,0
200,630,225,2,0
200,642,175,0,2
200,643,224,3,2
200,645,225,2,0
200,647,224,3,2
200,654,224,3,2
200,667,201,1,1
200,670,225,2,0
200,673,201,1,1
200,699,225,2,0
200,700,224,3,2
200,704,225,2,0
200,713,201,1,1
200,714,225,2,0
200,717,201,1,1
200,718,201,1,1
200,724,201,1,1
201,628,226,3,0
201,630,226,3,0
201,641,202,2,1
201,642,176,0,3
201,643,200,1,1
201,645,226,3,0
201,670,226,3,0
201,684,202,2,1
201,693,202,2,1
201,699,226,3,0
202,630,227,3,0
202,670,227,3,0
202,699,227,3,0
203,628,228,3,0
203,630,228,3,0
203,642,178,0,3
203,643,204,2,1
203,645,228,3,0
203,648,178,0,3
203,659,228,3,0
203,662,178,0,3
203,668,178,0,3
203,670,228,3,0
203,671,228,3,0
203,676,228,3,0
203,690,178,0,3
203,699,228,3,0
204,625,179,0,3
204,628,229,3,0
204,630,229,3,0
204,642,179,0,3
204,643,205,2,1
204,645,229,3,0
204,656,179,0,3
204,670,229,3,0
204,688,179,0,3
204,699,229,3,0
204,704,229,3,0
205,625,180,0,3
205,628,230,3,0
205,630,230,3,0
205,642,180,0,3
205,643,206,2,1
205,645,230,3,0
205,647,206,2,1
205,670,230,3,0
205,674,180,0,3
205,680,180,0,3
205,699,230,3,0
205,700,206,2,1
205,704,230,3,0
205,714,230,3,0
206,625,181,0,3
206,628,231,3,0
206,630,231,3,0
206,632,181,0,3
206,637,207,2,1
206,640,181,0,3
206,642,181,0,3
206,643,207,2,1
206,645,231,3,0
206,647,207,2,1
206,649,207,2,1
206,651,207,2,1
206,654,207,2,1
206,665,181,0,3
206,670,231,3,0
206,674,181,0,3
206,687,207,2,1
206,698,231,3,0
206,699,231,3,0
206,700,207,2,1
206,704,231,3,0
206,714,231,3,0
207,625,182,0,3
207,628,232,3,0
207,630,232,3,0
207,636,232,3,0
207,637,208,2,1
207,640,182,0,3
207,642,182,0,3
207,643,208,2,1
207,644,208,2,1
207,645,232,3,0
207,647,208,2,1
207,649,208,2,1
207,651,208,2,1
207,654,208,2,1
207,670,232,3,0
207,674,182,0,3
207,685,232,3,0
207,687,208,2,1
207,694,208,2,1
207,698,232,3,0
207,699,232,3,0
207,700,208,2,1
207,704,232,3,0
207,714,232,3,0
208,625,183,0,3
208,628,233,3,0
208,630,233,3,0
208,636,233,3,0
208,637,209,2,1
208,640,183,0,3
208,642,183,0,3
208,643,209,2,1
208,644,209,2,1
208,645,233,3,0
208,646,209,2,1
208,647,209,2,1
208,649,209,2,1
208,651,209,2,1
208,654,209,2,1
208,655,209,2,1
208,664,183,0,3
208,670,233,3,0
208,672,672,51,0
208,674,183,0,3
208,685,233,3,0
208,687,209,2,1
208,694,209,2,1
208,698,233,3,0
208,699,233,3,0
208,700,209,2,1
208,704,233,3,0
208,712,183,0,3
208,714,233,3,0
208,721,209,2,1
209,625,184,0,3
209,628,234,3,0
209,630,234,3,0
209,636,234,3,0
209,637,184,0,3
209,640,184,0,3
209,642,184,0,3
209,643,184,0,3
209,644,210,2,1
209,645,234,3,0
209,647,184,0,3
209,649,184,0,3
209,654,184,0,3
209,670,234,3,0
209,672,208,1,2
209,685,234,3,0
209,687,234,3,0
209,698,234,3,0
209,699,234,3,0
209,700,234,3,0
209,704,234,3,0
209,714,234,3,0
209,716,184,0,3
210,625,209,1,2
210,628,209,1,2
210,630,209,1,2
210,636,209,1,2
210,637,185,0,3
210,642,209,1,2
210,643,185,0,3
210,644,211,2,1
210,645,209,1,2
210,647,185,0,3
210,649,185,0,3
210,651,185,0,3
210,654,185,0,3
210,670,209,1,2
210,674,209,1,2
210,685,209,1,2
210,687,235,3,0
210,692,185,0,3
210,694,185,0,3
210,698,209,1,2
210,699,209,1,2
210,700,235,3,0
210,701,185,0,3
210,704,209,1,2
210,714,209,1,2
211,625,210,1,2
211,628,210,1,2
211,630,210,1,2
211,636,210,1,2
211,637,186,0,3
211,642,210,1,2
211,643,186,0,3
211,644,644,23,0
211,645,210,1,2
211,647,186,0,3
211,649,186,0,3
211,651,186,0,3
211,654,186,0,3
211,670,210,1,2
211,674,210,1,2
211,685,210,1,2
211,687,236,3,0
211,698,210,1,2
211,699,210,1,2
211,700,236,3,0
211,704,210,1,2
211,714,210,1,2
212,625,211,1,2
212,628,211,1,2
212,629,213,2,1
212,630,211,1,2
212,634,213,2,1
212,637,187,0,3
212,642,211,1,2
212,643,187,0,3
212,645,211,1,2
212,647,187,0,3
212,649,187,0,3
212,651,187,0,3
212,654,213,2,1
212,670,211,1,2
212,674,211,1,2
212,698,211,1,2
212,699,211,1,2
212,700,237,3,0
212,704,211,1,2
212,714,211,1,2
213,625,212,1,2
213,628,212,1,2
213,630,212,1,2
213,639,214,2,1
213,642,212,1,2
213,643,188,0,3
213,645,212,1,2
213,670,212,1,2
213,699,212,1,2
213,700,238,3,0
213,704,212,1,2
214,628,213,1,2
214,630,213,1,2
214,642,213,1,2
214,643,189,0,3
214,645,213,1,2
214,670,213,1,2
214,681,215,2,1
214,699,213,1,2
215,670,216,2,1
215,675,216,2,1
216,626,191,0,3
216,628,217,2,1
216,630,217,2,1
216,635,191,0,3
216,642,217,2,1
216,643,191,0,3
216,645,217,2,1
216,650,241,3,0
216,653,241,3,0
216,670,217,2,1
216,678,191,0,3
216,695,191,0,3
216,699,217,2,1
216,719,191,0,3
217,625,218,2,1
217,628,218,2,1
217,630,218,2,1
217,631,242,3,0
217,642,218,2,1
217,643,192,0,3
217,645,218,2,1
217,647,192,0,3
217,666,192,0,3
217,669,192,0,3
217,670,218,2,1
217,677,192,0,3
217,686,242,3,0
217,699,218,2,1
217,700,242,3,0
217,704,218,2,1
217,715,192,0,3
217,723,192,0,3
218,625,219,2,1
218,628,219,2,1
218,630,219,2,1
218,637,193,0,3
218,642,219,2,1
218,643,193,0,3
218,645,219,2,1
218,647,193,0,3
218,649,193,0,3
218,651,193,0,3
218,654,193,0,3
218,660,243,3,0
218,663,243,3,0
218,670,219,2,1
218,674,219,2,1
218,682,193,0,3
218,683,193,0,3
218,687,243,3,0
218,699,219,2,1
218,700,243,3,0
218,704,219,2,1
218,705,193,0,3
218,707,243,3,0
218,709,193,0,3
218,714,219,2,1
218,720,193,0,3
219,625,220,2,1
219,627,244,3,0
219,628,220,2,1
219,630,220,2,1
219,637,194,0,3
219,642,220,2,1
219,643,194,0,3
219,645,220,2,1
219,647,194,0,3
219,649,194,0,3
219,651,194,0,3
219,652,194,0,3
219,654,194,0,3
219,657,244,3,0
219,670,220,2,1
219,674,220,2,1
219,679,244,3,0
219,687,244,3,0
219,697,194,0,3
219,698,220,2,1
219,699,220,2,1
219,700,244,3,0
219,702,194,0,3
219,704,220,2,1
219,708,194,0,3
219,710,244,3,0
219,714,220,2,1
219,722,194,0,3
220,625,221,2,1
220,628,221,2,1
220,630,221,2,1
220,636,221,2,1
220,637,195,0,3
220,642,221,2,1
220,643,195,0,3
220,644,219,1,2
220,645,221,2,1
220,647,195,0,3
220,649,195,0,3
220,651,195,0,3
220,654,195,0,3
220,670,221,2,1
220,674,221,2,1
220,685,221,2,1
220,687,245,3,0
220,692,195,0,3
220,694,195,0,3
220,698,221,2,1
220,699,221,2,1
220,700,245,3,0
220,701,195,0,3
220,704,221,2,1
220,714,221,2,1
221,625,196,0,3
221,628,246,3,0
221,630,246,3,0
221,636,246,3,0
221,637,196,0,3
221,640,196,0,3
221,642,196,0,3
221,643,196,0,3
221,644,220,1,2
221,645,246,3,0
221,647,196,0,3
221,649,196,0,3
221,654,196,0,3
221,664,196,0,3
221,670,246,3,0
221,672,222,2,1
221,685,246,3,0
221,687,246,3,0
221,692,196,0,3
221,698,246,3,0
221,699,246,3,0
221,700,246,3,0
221,701,196,0,3
221,704,246,3,0
221,706,196,0,3
221,712,196,0,3
221,714,246,3,0
221,716,196,0,3
222,625,197,0,3
222,628,247,3,0
222,630,247,3,0
222,636,247,3,0
222,637,221,1,2
222,640,197,0,3
222,642,197,0,3
222,643,221,1,2
222,644,221,1,2
222,645,247,3,0
222,646,223,2,1
222,647,221,1,2
222,649,221,1,2
222,651,221,1,2
222,654,221,1,2
222,655,223,2,1
222,670,247,3,0
222,674,197,0,3
222,685,247,3,0
222,687,221,1,2
222,692,221,1,2
222,694,221,1,2
222,698,247,3,0
222,699,247,3,0
222,700,221,1,2
222,701,221,1,2
222,704,247,3,0
222,714,247,3,0
222,721,223,2,1
223,625,198,0,3
223,628,248,3,0
223,630,248,3,0
223,636,224,2,1
223,637,222,1,2
223,638,224,2,1
223,640,198,0,3
223,642,198,0,3
223,643,222,1,2
223,644,222,1,2
223,645,248,3,0
223,647,222,1,2
223,649,222,1,2
223,651,222,1,2
223,654,222,1,2
223,670,248,3,0
223,674,198,0,3
223,685,224,2,1
223,687,222,1,2
223,694,224,2,1
223,698,248,3,0
223,699,248,3,0
223,700,222,1,2
223,703,224,2,1
223,704,248,3,0
223,714,248,3,0
224,625,199,0,3
224,628,249,3,0
224,630,249,3,0
224,633,200,2,3
224,637,223,1,2
224,642,199,0,3
224,643,223,1,2
224,645,249,3,0
224,647,223,1,2
224,649,223,1,2
224,651,223,1,2
224,654,223,1,2
224,658,200,2,3
224,670,249,3,0
224,674,199,0,3
224,687,223,1,2
224,689,200,2,3
224,696,200,2,3
224,698,200,2,3
224,699,249,3,0
224,700,223,1,2
224,704,249,3,0
224,714,249,3,0
225,625,200,0,2
225,628,250,2,0
225,630,226,1,1
225,642,200,0,2
225,643,249,3,2
225,645,250,2,0
225,647,249,3,2
225,654,249,3,2
225,670,250,2,0
225,673,226,1,1
225,699,250,2,0
225,700,249,3,2
225,704,250,2,0
225,713,226,1,1
225,714,250,2,0
225,717,226,1,1
225,718,226,1,1
225,724,226,1,1
226,628,251,3,0
226,630,227,2,1
226,641,227,2,1
226,642,201,0,3
226,643,225,1,1
226,645,251,3,0
226,670,251,3,0
226,684,227,2,1
226,693,227,2,1
226,699,251,3,0
227,630,630,9,0
227,643,228,2,1
227,670,252,3,0
227,691,228,2,1
227,699,252,3,0
228,628,253,3,0
228,642,203,0,3
228,643,229,2,1
228,645,253,3,0
228,648,203,0,3
228,659,253,3,0
228,662,203,0,3
228,668,203,0,3
228,670,253,3,0
228,671,253,3,0
228,676,253,3,0
228,690,203,0,3
228,699,253,3,0
229,625,204,0,3
229,628,254,3,0
229,630,228,1,2
229,642,204,0,3
229,643,230,2,1
229,645,254,3,0
229,656,204,0,3
229,670,254,3,0
229,688,204,0,3
229,699,254,3,0
229,704,254,3,0
230,625,205,0,3
230,628,255,3,0
230,630,229,1,2
230,642,205,0,3
230,643,231,2,1
230,645,255,3,0
230,647,231,2,1
230,670,255,3,0
230,674,205,0,3
230,680,205,0,3
230,699,255,3,0
230,700,231,2,1
230,704,255,3,0
230,714,255,3,0
231,625,206,0,3
231,628,256,3,0
231,630,230,1,2
231,632,256,3,0
231,637,232,2,1
231,642,206,0,3
231,643,232,2,1
231,645,256,3,0
231,647,232,2,1
231,649,232,2,1
231,651,232,2,1
231,654,232,2,1
231,665,206,0,3
231,670,256,3,0
231,674,206,0,3
231,687,232,2,1
231,698,256,3,0
231,699,256,3,0
231,700,232,2,1
231,704,256,3,0
231,714,256,3,0
232,625,207,0,3
232,628,257,3,0
232,630,231,1,2
232,636,257,3,0
232,637,233,2,1
232,642,207,0,3
232,643,233,2,1
232,644,233,2,1
232,645,257,3,0
232,647,233,2,1
232,649,233,2,1
232,651,233,2,1
232,654,233,2,1
232,670,257,3,0
232,674,207,0,3
232,685,257,3,0
232,687,233,2,1
232,694,233,2,1
232,698,257,3,0
232,699,257,3,0
232,700,233,2,1
232,704,257,3,0
232,714,257,3,0
233,625,208,0,3
233,628,258,3,0
233,630,232,1,2
233,636,258,3,0
233,637,234,2,1
233,642,208,0,3
233,643,234,2,1
233,644,234,2,1
233,645,258,3,0
233,646,234,2,1
233,647,234,2,1
233,649,234,2,1
233,651,234,2,1
233,654,234,2,1
233,655,234,2,1
233,664,208,0,3
233,670,258,3,0
233,672,208,0,3
233,674,208,0,3
233,685,258,3,0
233,687,234,2,1
233,694,234,2,1
233,698,258,3,0
233,699,258,3,0
233,700,234,2,1
233,704,258,3,0
233,712,208,0,3
233,714,258,3,0
233,721,234,2,1
234,625,209,0,3
234,628,259,3,0
234,630,233,1,2
234,636,259,3,0
234,637,209,0,3
234,642,209,0,3
234,643,259,3,0
234,644,209,0,3
234,645,259,3,0
234,649,209,0,3
234,654,209,0,3
234,670,259,3,0
234,685,259,3,0
234,687,259,3,0
234,698,259,3,0
234,699,259,3,0
234,700,259,3,0
234,704,259,3,0
234,714,259,3,0
235,625,234,1,2
235,628,234,1,2
235,630,234,1,2
235,636,234,1,2
235,637,210,0,3
235,642,234,1,2
235,643,260,3,0
235,644,210,0,3
235,645,234,1,2
235,647,260,3,0
235,649,210,0,3
235,651,210,0,3
235,654,210,0,3
235,670,234,1,2
235,674,234,1,2
235,685,234,1,2
235,687,260,3,0
235,692,210,0,3
235,694,210,0,3
235,698,234,1,2
235,699,234,1,2
235,700,260,3,0
235,701,210,0,3
235,704,234,1,2
235,714,234,1,2
236,625,235,1,2
236,628,235,1,2
236,630,235,1,2
236,636,235,1,2
236,637,211,0,3
236,642,235,1,2
236,643,261,3,0
236,644,211,0,3
236,645,235,1,2
236,647,261,3,0
236,649,211,0,3
236,651,211,0,3
236,654,211,0,3
236,670,235,1,2
236,674,235,1,2
236,685,235,1,2
236,687,261,3,0
236,698,235,1,2
236,699,235,1,2
236,700,261,3,0
236,704,235,1,2
236,714,235,1,2
237,625,236,1,2
237,628,236,1,2
237,629,238,2,1
237,630,236,1,2
237,634,238,2,1
237,637,212,0,3
237,642,236,1,2
237,643,262,3,0
237,645,236,1,2
237,647,262,3,0
237,649,212,0,3
237,651,212,0,3
237,654,238,2,1
237,670,236,1,2
237,674,236,1,2
237,698,236,1,2
237,699,236,1,2
237,700,262,3,0
237,704,236,1,2
237,714,236,1,2
238,625,237,1,2
238,628,237,1,2
238,630,237,1,2
238,639,239,2,1
238,642,237,1,2
238,643,263,3,0
238,645,237,1,2
238,670,237,1,2
238,699,237,1,2
238,700,263,3,0
238,704,237,1,2
239,628,238,1,2
239,630,238,1,2
239,642,238,1,2
239,643,264,3,0
239,645,238,1,2
239,670,238,1,2
239,681,240,2,1
239,699,238,1,2
240,670,241,2,1
240,675,241,2,1
241,626,216,0,3
241,628,242,2,1
241,630,242,2,1
241,635,216,0,3
241,642,242,2,1
241,643,266,3,0
241,645,242,2,1
241,650,266,3,0
241,653,266,3,0
241,670,242,2,1
241,678,216,0,3
241,695,216,0,3
241,699,242,2,1
241,719,216,0,3
242,625,243,2,1
242,628,243,2,1
242,630,243,2,1
242,631,267,3,0
242,642,243,2,1
242,643,267,3,0
242,645,243,2,1
242,647,267,3,0
242,666,217,0,3
242,669,217,0,3
242,670,243,2,1
242,677,217,0,3
242,686,267,3,0
242,699,243,2,1
242,700,267,3,0
242,704,243,2,1
242,715,217,0,3
242,723,217,0,3
243,625,244,2,1
243,628,244,2,1
243,630,244,2,1
243,637,218,0,3
243,642,244,2,1
243,643,268,3,0
243,645,244,2,1
243,647,268,3,0
243,649,218,0,3
243,651,218,0,3
243,654,218,0,3
243,660,268,3,0
243,663,268,3,0
243,670,244,2,1
243,674,244,2,1
243,682,218,0,3
243,683,218,0,3
243,687,268,3,0
243,699,244,2,1
243,700,268,3,0
243,704,244,2,1
243,705,218,0,3
243,707,268,3,0
243,709,218,0,3
243,714,244,2,1
243,720,218,0,3
244,625,245,2,1
244,627,269,3,0
244,628,245,2,1
244,630,245,2,1
244,637,219,0,3
244,642,245,2,1
244,643,269,3,0
244,644,219,0,3
244,645,245,2,1
244,647,269,3,0
244,649,219,0,3
244,651,219,0,3
244,652,219,0,3
244,654,219,0,3
244,657,269,3,0
244,670,245,2,1
244,674,245,2,1
244,679,269,3,0
244,687,269,3,0
244,697,219,0,3
244,698,245,2,1
244,699,245,2,1
244,700,269,3,0
244,702,219,0,3
244,704,245,2,1
244,708,219,0,3
244,710,269,3,0
244,714,245,2,1
244,722,219,0,3
245,625,246,2,1
245,628,246,2,1
245,630,246,2,1
245,636,246,2,1
245,637,220,0,3
245,642,246,2,1
245,643,270,3,0
245,644,220,0,3
245,645,246,2,1
245,647,270,3,0
245,649,220,0,3
245,651,220,0,3
245,654,220,0,3
245,670,246,2,1
245,674,246,2,1
245,685,246,2,1
245,687,270,3,0
245,692,220,0,3
245,694,220,0,3
245,698,246,2,1
245,699,246,2,1
245,700,270,3,0
245,701,220,0,3
245,704,246,2,1
245,714,246,2,1
246,625,221,0,3
246,628,271,3,0
246,630,247,2,1
246,636,271,3,0
246,637,221,0,3
246,642,221,0,3
246,643,271,3,0
246,644,221,0,3
246,645,271,3,0
246,649,221,0,3
246,654,221,0,3
246,664,221,0,3
246,670,271,3,0
246,672,221,0,3
246,685,271,3,0
246,687,271,3,0
246,692,221,0,3
246,698,271,3,0
246,699,271,3,0
246,700,271,3,0
246,701,221,0,3
246,704,271,3,0
246,706,221,0,3
246,712,221,0,3
246,714,271,3,0
246,716,221,0,3
247,625,222,0,3
247,628,272,3,0
247,630,248,2,1
247,636,272,3,0
247,637,246,1,2
247,642,222,0,3
247,643,246,1,2
247,644,246,1,2
247,645,272,3,0
247,646,248,2,1
247,647,246,1,2
247,649,246,1,2
247,651,246,1,2
247,654,246,1,2
247,655,248,2,1
247,670,272,3,0
247,674,222,0,3
247,685,272,3,0
247,687,246,1,2
247,692,246,1,2
247,694,246,1,2
247,698,272,3,0
247,699,272,3,0
247,700,246,1,2
247,701,246,1,2
247,704,272,3,0
247,714,272,3,0
247,721,248,2,1
248,625,223,0,3
248,628,273,3,0
248,630,249,2,1
248,636,249,2,1
248,637,247,1,2
248,638,249,2,1
248,642,223,0,3
248,643,247,1,2
248,644,247,1,2
248,645,273,3,0
248,647,247,1,2
248,649,247,1,2
248,651,247,1,2
248,654,247,1,2
248,670,273,3,0
248,674,223,0,3
248,685,249,2,1
248,687,247,1,2
248,694,249,2,1
248,698,273,3,0
248,699,273,3,0
248,700,247,1,2
248,703,249,2,1
248,704,273,3,0
248,714,273,3,0
249,625,224,0,3
249,628,274,3,0
249,630,225,2,3
249,633,225,2,3
249,637,248,1,2
249,640,225,2,3
249,642,224,0,3
249,643,248,1,2
249,645,274,3,0
249,647,248,1,2
249,649,248,1,2
249,651,248,1,2
249,654,248,1,2
249,658,225,2,3
249,661,225,2,3
249,670,274,3,0
249,674,224,0,3
249,687,248,1,2
249,689,225,2,3
249,696,225,2,3
249,698,225,2,3
249,699,274,3,0
249,700,248,1,2
249,704,274,3,0
249,714,274,3,0
250,625,225,0,2
250,628,275,2,0
250,630,225,0,2
250,642,225,0,2
250,643,274,3,2
250,645,275,2,0
250,647,274,3,2
250,654,274,3,2
250,667,251,1,1
250,670,251,1,1
250,699,275,2,0
250,700,274,3,2
250,704,275,2,0
250,713,251,1,1
250,714,275,2,0
250,718,251,1,1
250,724,251,1,1
251,628,276,3,0
251,630,226,0,3
251,641,252,2,1
251,642,226,0,3
251,643,250,1,1
251,645,276,3,0
251,670,252,2,1
251,684,252,2,1
251,693,252,2,1
251,699,276,3,0
252,630,227,0,3
252,643,253,2,1
252,670,670,49,0
252,691,253,2,1
252,699,277,3,0
253,628,278,3,0
253,630,228,0,3
253,642,228,0,3
253,643,254,2,1
253,645,278,3,0
253,648,228,0,3
253,659,278,3,0
253,662,228,0,3
253,668,228,0,3
253,670,252,1,2
253,676,278,3,0
253,690,228,0,3
253,699,278,3,0
254,625,229,0,3
254,628,279,3,0
254,630,229,0,3
254,642,229,0,3
254,643,255,2,1
254,645,279,3,0
254,656,229,0,3
254,670,253,1,2
254,688,229,0,3
254,699,279,3,0
254,704,279,3,0
255,625,230,0,3
255,628,280,3,0
255,630,230,0,3
255,642,230,0,3
255,643,256,2,1
255,645,280,3,0
255,647,256,2,1
255,670,254,1,2
255,674,230,0,3
255,680,230,0,3
255,699,280,3,0
255,700,256,2,1
255,704,280,3,0
255,714,280,3,0
256,625,231,0,3
256,628,281,3,0
256,630,231,0,3
256,632,281,3,0
256,637,257,2,1
256,642,231,0,3
256,643,257,2,1
256,645,281,3,0
256,647,257,2,1
256,649,257,2,1
256,651,257,2,1
256,654,257,2,1
256,665,231,0,3
256,670,255,1,2
256,674,231,0,3
256,687,257,2,1
256,698,281,3,0
256,699,281,3,0
256,700,257,2,1
256,704,281,3,0
256,714,281,3,0
257,625,232,0,3
257,628,282,3,0
257,630,232,0,3
257,636,636,15,0
257,637,258,2,1
257,642,232,0,3
257,643,258,2,1
257,644,258,2,1
257,645,282,3,0
257,647,258,2,1
257,649,258,2,1
257,651,258,2,1
257,654,258,2,1
257,670,256,1,2
257,674,232,0,3
257,685,282,3,0
257,687,258,2,1
257,694,258,2,1
257,698,282,3,0
257,699,282,3,0
257,700,258,2,1
257,704,282,3,0
257,714,282,3,0
258,625,233,0,3
258,628,283,3,0
258,630,233,0,3
258,636,257,1,2
258,637,259,2,1
258,642,233,0,3
258,643,259,2,1
258,644,259,2,1
258,645,283,3,0
258,646,259,2,1
258,647,259,2,1
258,649,259,2,1
258,651,259,2,1
258,654,259,2,1
258,655,259,2,1
258,664,233,0,3
258,670,257,1,2
258,672,233,0,3
258,674,233,0,3
258,685,283,3,0
258,687,259,2,1
258,694,259,2,1
258,698,283,3,0
258,699,283,3,0
258,700,259,2,1
258,704,283,3,0
258,712,233,0,3
258,714,283,3,0
258,721,259,2,1
259,625,234,0,3
259,628,284,3,0
259,630,234,0,3
259,636,258,1,2
259,637,234,0,3
259,642,234,0,3
259,643,284,3,0
259,644,234,0,3
259,645,284,3,0
259,649,234,0,3
259,651,284,3,0
259,654,234,0,3
259,670,258,1,2
259,685,284,3,0
259,687,284,3,0
259,698,284,3,0
259,699,284,3,0
259,700,284,3,0
259,704,284,3,0
259,714,284,3,0
260,625,259,1,2
260,628,259,1,2
260,630,259,1,2
260,636,259,1,2
260,637,235,0,3
260,642,259,1,2
260,643,285,3,0
260,644,235,0,3
260,645,259,1,2
260,647,285,3,0
260,649,235,0,3
260,651,285,3,0
260,654,235,0,3
260,670,259,1,2
260,674,259,1,2
260,685,259,1,2
260,687,285,3,0
260,692,235,0,3
260,694,235,0,3
260,698,259,1,2
260,699,259,1,2
260,700,285,3,0
260,701,235,0,3
260,704,259,1,2
260,714,259,1,2
261,625,260,1,2
261,628,260,1,2
261,630,260,1,2
261,636,260,1,2
261,637,236,0,3
261,642,260,1,2
261,643,286,3,0
261,644,236,0,3
261,645,260,1,2
261,647,286,3,0
261,649,236,0,3
261,651,286,3,0
261,654,236,0,3
261,670,260,1,2
261,674,260,1,2
261,685,260,1,2
261,687,286,3,0
261,698,260,1,2
261,699,260,1,2
261,700,286,3,0
261,704,260,1,2
261,714,260,1,2
262,625,261,1,2
262,628,261,1,2
262,629,263,2,1
262,630,261,1,2
262,634,263,2,1
262,637,237,0,3
262,642,261,1,2
262,643,287,3,0
262,645,261,1,2
262,647,287,3,0
262,649,237,0,3
262,651,287,3,0
262,654,263,2,1
262,670,261,1,2
262,674,261,1,2
262,698,261,1,2
262,699,261,1,2
262,700,287,3,0
262,704,261,1,2
262,714,261,1,2
263,625,262,1,2
263,628,262,1,2
263,630,262,1,2
263,639,264,2,1
263,642,262,1,2
263,643,288,3,0
263,645,262,1,2
263,670,262,1,2
263,699,262,1,2
263,700,288,3,0
263,704,262,1,2
264,628,263,1,2
264,630,263,1,2
264,642,263,1,2
264,643,289,3,0
264,645,263,1,2
264,670,263,1,2
264,681,265,2,1
264,699,263,1,2
265,670,266,2,1
265,675,266,2,1
266,626,241,0,3
266,628,267,2,1
266,630,267,2,1
266,635,291,3,0
266,642,267,2,1
266,643,291,3,0
266,645,267,2,1
266,650,291,3,0
266,653,291,3,0
266,670,267,2,1
266,678,241,0,3
266,695,241,0,3
266,699,267,2,1
266,719,241,0,3
267,625,268,2,1
267,628,268,2,1
267,630,268,2,1
267,631,292,3,0
267,642,268,2,1
267,643,292,3,0
267,645,268,2,1
267,647,292,3,0
267,666,242,0,3
267,669,242,0,3
267,670,268,2,1
267,677,242,0,3
267,686,292,3,0
267,699,268,2,1
267,700,292,3,0
267,704,268,2,1
267,715,242,0,3
267,723,242,0,3
268,625,269,2,1
268,628,269,2,1
268,630,269,2,1
268,637,243,0,3
268,642,269,2,1
268,643,293,3,0
268,645,269,2,1
268,647,293,3,0
268,649,243,0,3
268,651,293,3,0
268,654,243,0,3
268,660,293,3,0
268,663,293,3,0
268,670,269,2,1
268,674,269,2,1
268,682,243,0,3
268,683,243,0,3
268,687,293,3,0
268,699,269,2,1
268,700,293,3,0
268,704,269,2,1
268,705,243,0,3
268,707,293,3,0
268,709,243,0,3
268,714,269,2,1
268,720,243,0,3
269,625,270,2,1
269,627,294,3,0
269,628,270,2,1
269,630,270,2,1
269,637,244,0,3
269,642,270,2,1
269,643,294,3,0
269,644,244,0,3
269,645,270,2,1
269,647,294,3,0
269,649,244,0,3
269,651,294,3,0
269,652,244,0,3
269,654,244,0,3
269,657,294,3,0
269,670,270,2,1
269,674,270,2,1
269,679,294,3,0
269,687,294,3,0
269,697,244,0,3
269,698,270,2,1
269,699,270,2,1
269,700,294,3,0
269,702,244,0,3
269,704,270,2,1
269,708,244,0,3
269,710,294,3,0
269,714,270,2,1
269,722,244,0,3
270,625,271,2,1
270,628,271,2,1
270,630,271,2,1
270,636,271,2,1
270,637,245,0,3
270,642,271,2,1
270,643,295,3,0
270,644,245,0,3
270,645,271,2,1
270,647,295,3,0
270,649,245,0,3
270,651,295,3,0
270,654,245,0,3
270,670,271,2,1
270,674,271,2,1
270,685,271,2,1
270,687,295,3,0
270,692,245,0,3
270,694,245,0,3
270,698,271,2,1
270,699,271,2,1
270,700,295,3,0
270,701,245,0,3
270,704,271,2,1
270,714,271,2,1
271,625,246,0,3
271,628,296,3,0
271,630,246,0,3
271,636,272,2,1
271,637,246,0,3
271,642,246,0,3
271,643,296,3,0
271,644,246,0,3
271,645,296,3,0
271,649,246,0,3
271,651,296,3,0
271,654,246,0,3
271,664,246,0,3
271,670,272,2,1
271,672,246,0,3
271,685,296,3,0
271,687,296,3,0
271,692,246,0,3
271,698,296,3,0
271,699,296,3,0
271,700,296,3,0
271,701,246,0,3
271,704,296,3,0
271,706,246,0,3
271,712,246,0,3
271,714,296,3,0
271,716,246,0,3
272,625,247,0,3
272,628,297,3,0
272,630,247,0,3
272,636,273,2,1
272,637,271,1,2
272,642,247,0,3
272,643,271,1,2
272,644,271,1,2
272,645,297,3,0
272,646,273,2,1
272,647,271,1,2
272,649,271,1,2
272,651,271,1,2
272,654,271,1,2
272,655,273,2,1
272,670,273,2,1
272,674,247,0,3
272,685,297,3,0
272,687,271,1,2
272,692,271,1,2
272,694,271,1,2
272,698,297,3,0
272,699,297,3,0
272,700,271,1,2
272,701,271,1,2
272,704,297,3,0
272,714,297,3,0
272,721,273,2,1
273,625,248,0,3
273,628,298,3,0
273,630,248,0,3
273,636,274,2,1
273,637,272,1,2
273,638,274,2,1
273,642,248,0,3
273,643,272,1,2
273,644,272,1,2
273,645,298,3,0
273,647,272,1,2
273,649,272,1,2
273,651,272,1,2
273,654,272,1,2
273,670,274,2,1
273,674,248,0,3
273,685,274,2,1
273,687,272,1,2
273,694,274,2,1
273,698,298,3,0
273,699,298,3,0
273,700,272,1,2
273,703,274,2,1
273,704,298,3,0
273,714,298,3,0
274,625,249,0,3
274,628,299,3,0
274,630,249,0,3
274,633,250,2,3
274,637,273,1,2
274,640,250,2,3
274,642,249,0,3
274,643,273,1,2
274,645,299,3,0
274,647,273,1,2
274,649,273,1,2
274,651,273,1,2
274,654,273,1,2
274,658,250,2,3
274,661,250,2,3
274,670,250,2,3
274,674,249,0,3
274,687,273,1,2
274,689,250,2,3
274,696,250,2,3
274,698,250,2,3
274,699,299,3,0
274,700,273,1,2
274,704,299,3,0
274,714,299,3,0
275,625,250,0,2
275,628,300,2,0
275,630,250,0,2
275,642,250,0,2
275,643,299,3,2
275,645,300,2,0
275,647,299,3,2
275,654,299,3,2
275,667,276,1,1
275,670,250,0,2
275,673,276,1,1
275,699,300,2,0
275,700,299,3,2
275,704,300,2,0
275,714,300,2,0
275,717,276,1,1
275,718,276,1,1
275,724,276,1,1
276,628,301,3,0
276,630,251,0,3
276,641,277,2,1
276,642,251,0,3
276,643,275,1,1
276,645,301,3,0
276,670,251,0,3
276,684,277,2,1
276,693,277,2,1
276,699,301,3,0
277,630,252,0,3
277,643,278,2,1
277,670,252,0,3
277,691,278,2,1
277,699,302,3,0
278,628,303,3,0
278,630,253,0,3
278,642,253,0,3
278,643,279,2,1
278,645,303,3,0
278,648,253,0,3
278,659,303,3,0
278,662,253,0,3
278,668,253,0,3
278,670,253,0,3
278,671,253,0,3
278,690,253,0,3
278,699,303,3,0
279,625,254,0,3
279,628,304,3,0
279,630,254,0,3
279,642,254,0,3
279,643,280,2,1
279,645,304,3,0
279,656,254,0,3
279,670,254,0,3
279,688,254,0,3
279,699,304,3,0
279,704,304,3,0
280,625,255,0,3
280,628,305,3,0
280,630,255,0,3
280,642,255,0,3
280,643,281,2,1
280,645,305,3,0
280,647,281,2,1
280,670,255,0,3
280,674,255,0,3
280,680,255,0,3
280,699,305,3,0
280,700,281,2,1
280,704,305,3,0
280,714,305,3,0
281,625,256,0,3
281,628,306,3,0
281,630,256,0,3
281,632,306,3,0
281,637,282,2,1
281,642,256,0,3
281,643,282,2,1
281,645,306,3,0
281,647,282,2,1
281,649,282,2,1
281,651,282,2,1
281,654,282,2,1
281,665,306,3,0
281,670,256,0,3
281,674,256,0,3
281,687,282,2,1
281,698,306,3,0
281,699,306,3,0
281,700,282,2,1
281,704,306,3,0
281,714,306,3,0
282,625,257,0,3
282,628,307,3,0
282,630,257,0,3
282,636,257,0,3
282,637,283,2,1
282,642,257,0,3
282,643,283,2,1
282,644,283,2,1
282,645,307,3,0
282,647,283,2,1
282,649,283,2,1
282,651,283,2,1
282,654,283,2,1
282,670,257,0,3
282,674,257,0,3
282,685,307,3,0
282,687,283,2,1
282,694,283,2,1
282,698,307,3,0
282,699,307,3,0
282,700,283,2,1
282,704,307,3,0
282,714,307,3,0
283,625,258,0,3
283,628,308,3,0
283,630,258,0,3
283,636,258,0,3
283,637,284,2,1
283,642,258,0,3
283,643,284,2,1
283,644,284,2,1
283,645,308,3,0
283,646,284,2,1
283,647,284,2,1
283,649,284,2,1
283,651,284,2,1
283,654,284,2,1
283,655,284,2,1
283,664,258,0,3
283,670,258,0,3
283,672,258,0,3
283,674,258,0,3
283,685,308,3,0
283,687,284,2,1
283,694,284,2,1
283,698,308,3,0
283,699,308,3,0
283,700,284,2,1
283,704,308,3,0
283,712,258,0,3
283,714,308,3,0
283,721,284,2,1
284,625,259,0,3
284,628,309,3,0
284,630,259,0,3
284,637,259,0,3
284,642,259,0,3
284,643,309,3,0
284,644,259,0,3
284,645,309,3,0
284,649,259,0,3
284,651,309,3,0
284,654,259,0,3
284,670,259,0,3
284,685,309,3,0
284,687,309,3,0
284,698,309,3,0
284,699,309,3,0
284,700,309,3,0
284,704,309,3,0
284,714,309,3,0
285,625,284,1,2
285,628,284,1,2
285,630,284,1,2
285,636,284,1,2
285,637,260,0,3
285,642,284,1,2
285,643,310,3,0
285,644,260,0,3
285,645,284,1,2
285,647,310,3,0
285,649,260,0,3
285,651,310,3,0
285,654,260,0,3
285,670,284,1,2
285,674,284,1,2
285,685,284,1,2
285,687,310,3,0
285,692,260,0,3
285,694,260,0,3
285,698,284,1,2
285,699,284,1,2
285,700,310,3,0
285,701,260,0,3
285,704,284,1,2
285,714,284,1,2
286,625,285,1,2
286,628,285,1,2
286,630,285,1,2
286,636,285,1,2
286,637,261,0,3
286,642,285,1,2
286,643,311,3,0
286,644,261,0,3
286,645,285,1,2
286,647,311,3,0
286,649,261,0,3
286,651,311,3,0
286,654,261,0,3
286,670,285,1,2
286,674,285,1,2
286,685,285,1,2
286,687,311,3,0
286,698,285,1,2
286,699,285,1,2
286,700,311,3,0
286,704,285,1,2
286,714,285,1,2
287,625,286,1,2
287,628,286,1,2
287,629,288,2,1
287,630,286,1,2
287,634,288,2,1
287,637,262,0,3
287,642,286,1,2
287,643,312,3,0
287,645,286,1,2
287,647,312,3,0
287,649,262,0,3
287,651,312,3,0
287,654,288,2,1
287,670,286,1,2
287,674,286,1,2
287,698,286,1,2
287,699,286,1,2
287,700,312,3,0
287,704,286,1,2
287,714,286,1,2
288,625,287,1,2
288,628,287,1,2
288,630,287,1,2
288,639,289,2,1
288,642,287,1,2
288,643,313,3,0
288,645,287,1,2
288,670,287,1,2
288,699,287,1,2
288,700,313,3,0
288,704,287,1,2
289,628,288,1,2
289,630,288,1,2
289,642,288,1,2
289,643,314,3,0
289,645,288,1,2
289,670,288,1,2
289,681,290,2,1
289,699,288,1,2
290,670,291,2,1
290,675,291,2,1
291,626,266,0,3
291,628,292,2,1
291,630,292,2,1
291,635,316,3,0
291,642,292,2,1
291,643,316,3,0
291,645,292,2,1
291,650,316,3,0
291,653,316,3,0
291,670,292,2,1
291,678,266,0,3
291,695,316,3,0
291,699,292,2,1
291,719,266,0,3
292,625,293,2,1
292,628,293,2,1
292,630,293,2,1
292,631,317,3,0
292,642,293,2,1
292,643,317,3,0
292,645,293,2,1
292,647,317,3,0
292,666,267,0,3
292,669,267,0,3
292,670,293,2,1
292,677,267,0,3
292,699,293,2,1
292,700,317,3,0
292,704,293,2,1
292,715,267,0,3
292,723,267,0,3
293,625,294,2,1
293,628,294,2,1
293,630,294,2,1
293,637,268,0,3
293,642,294,2,1
293,643,318,3,0
293,645,294,2,1
293,647,318,3,0
293,649,268,0,3
293,651,318,3,0
293,654,268,0,3
293,660,318,3,0
293,663,318,3,0
293,670,294,2,1
293,674,294,2,1
293,682,268,0,3
293,683,268,0,3
293,687,318,3,0
293,699,294,2,1
293,700,318,3,0
293,704,294,2,1
293,705,268,0,3
293,707,318,3,0
293,709,268,0,3
293,714,294,2,1
293,720,268,0,3
294,625,295,2,1
294,627,319,3,0
294,628,295,2,1
294,630,295,2,1
294,637,269,0,3
294,642,295,2,1
294,643,319,3,0
294,644,269,0,3
294,645,295,2,1
294,647,319,3,0
294,649,269,0,3
294,651,319,3,0
294,652,269,0,3
294,654,269,0,3
294,657,319,3,0
294,670,295,2,1
294,674,295,2,1
294,679,319,3,0
294,687,319,3,0
294,697,269,0,3
294,698,295,2,1
294,699,295,2,1
294,700,319,3,0
294,702,269,0,3
294,704,295,2,1
294,708,269,0,3
294,710,319,3,0
294,714,295,2,1
294,722,269,0,3
295,625,296,2,1
295,628,296,2,1
295,630,296,2,1
295,636,296,2,1
295,637,270,0,3
295,642,296,2,1
295,643,320,3,0
295,644,270,0,3
295,645,296,2,1
295,647,320,3,0
295,649,270,0,3
295,651,320,3,0
295,654,270,0,3
295,670,296,2,1
295,674,296,2,1
295,685,296,2,1
295,687,320,3,0
295,692,270,0,3
295,694,270,0,3
295,698,296,2,1
295,699,296,2,1
295,700,320,3,0
295,701,270,0,3
295,704,296,2,1
295,714,296,2,1
296,625,271,0,3
296,628,321,3,0
296,630,271,0,3
296,637,271,0,3
296,642,271,0,3
296,643,321,3,0
296,644,271,0,3
296,645,321,3,0
296,649,271,0,3
296,651,321,3,0
296,654,271,0,3
296,664,271,0,3
296,670,271,0,3
296,672,271,0,3
296,685,321,3,0
296,687,321,3,0
296,692,271,0,3
296,698,321,3,0
296,699,321,3,0
296,700,321,3,0
296,701,271,0,3
296,704,321,3,0
296,706,271,0,3
296,712,271,0,3
296,714,321,3,0
296,716,271,0,3
297,625,272,0,3
297,628,322,3,0
297,630,272,0,3
297,636,272,0,3
297,637,296,1,2
297,642,272,0,3
297,643,296,1,2
297,644,296,1,2
297,645,322,3,0
297,646,298,2,1
297,647,296,1,2
297,649,296,1,2
297,651,296,1,2
297,654,296,1,2
297,655,298,2,1
297,670,272,0,3
297,674,272,0,3
297,685,322,3,0
297,687,296,1,2
297,692,296,1,2
297,694,296,1,2
297,698,322,3,0
297,699,322,3,0
297,700,296,1,2
297,701,296,1,2
297,704,322,3,0
297,714,322,3,0
297,721,298,2,1
298,625,273,0,3
298,628,323,3,0
298,630,273,0,3
298,636,299,2,1
298,637,297,1,2
298,638,299,2,1
298,642,273,0,3
298,643,297,1,2
298,644,297,1,2
298,645,323,3,0
298,647,297,1,2
298,649,297,1,2
298,651,297,1,2
298,654,297,1,2
298,670,273,0,3
298,674,273,0,3
298,685,299,2,1
298,687,297,1,2
298,694,299,2,1
298,698,323,3,0
298,699,323,3,0
298,700,297,1,2
298,703,299,2,1
298,704,323,3,0
298,714,323,3,0
299,625,274,0,3
299,628,324,3,0
299,630,274,0,3
299,633,275,2,3
299,637,298,1,2
299,640,275,2,3
299,642,274,0,3
299,643,298,1,2
299,645,324,3,0
299,647,298,1,2
299,649,298,1,2
299,651,298,1,2
299,654,298,1,2
299,658,275,2,3
299,661,275,2,3
299,670,274,0,3
299,674,274,0,3
299,687,298,1,2
299,689,275,2,3
299,696,275,2,3
299,698,275,2,3
299,699,324,3,0
299,700,298,1,2
299,704,324,3,0
299,714,324,3,0
300,625,275,0,2
300,628,325,2,0
300,630,275,0,2
300,642,275,0,2
300,643,324,3,2
300,645,325,2,0
300,647,324,3,2
300,654,324,3,2
300,667,301,1,1
300,670,275,0,2
300,673,301,1,1
300,699,325,2,0
300,700,324,3,2
300,704,325,2,0
300,713,301,1,1
300,714,325,2,0
300,717,301,1,1
300,724,301,1,1
301,628,326,3,0
301,630,276,0,3
301,641,302,2,1
301,642,276,0,3
301,643,300,1,1
301,645,326,3,0
301,670,276,0,3
301,684,302,2,1
301,693,302,2,1
301,699,326,3,0
302,630,277,0,3
302,643,303,2,1
302,670,277,0,3
302,691,303,2,1
302,699,327,3,0
303,628,328,3,0
303,630,278,0,3
303,642,278,0,3
303,643,304,2,1
303,645,328,3,0
303,648,278,0,3
303,659,328,3,0
303,662,278,0,3
303,668,278,0,3
303,670,278,0,3
303,671,278,0,3
303,676,278,0,3
303,690,278,0,3
303,699,328,3,0
304,625,279,0,3
304,628,329,3,0
304,630,279,0,3
304,642,279,0,3
304,643,305,2,1
304,645,329,3,0
304,656,279,0,3
304,670,279,0,3
304,688,279,0,3
304,699,329,3,0
304,704,329,3,0
305,625,280,0,3
305,628,330,3,0
305,630,280,0,3
305,642,280,0,3
305,643,306,2,1
305,645,330,3,0
305,647,306,2,1
305,670,280,0,3
305,674,280,0,3
305,680,280,0,3
305,699,330,3,0
305,700,306,2,1
305,704,330,3,0
305,714,330,3,0
306,625,281,0,3
306,628,331,3,0
306,630,281,0,3
306,632,331,3,0
306,637,307,2,1
306,642,281,0,3
306,643,307,2,1
306,645,331,3,0
306,647,307,2,1
306,649,307,2,1
306,651,307,2,1
306,654,307,2,1
306,665,331,3,0
306,670,281,0,3
306,674,281,0,3
306,687,307,2,1
306,698,331,3,0
306,699,331,3,0
306,700,307,2,1
306,704,331,3,0
306,714,331,3,0
307,625,282,0,3
307,628,332,3,0
307,630,282,0,3
307,636,282,0,3
307,637,308,2,1
307,642,282,0,3
307,643,308,2,1
307,644,308,2,1
307,645,332,3,0
307,647,308,2,1
307,649,308,2,1
307,651,308,2,1
307,654,308,2,1
307,670,282,0,3
307,674,282,0,3
307,685,332,3,0
307,687,308,2,1
307,694,308,2,1
307,698,332,3,0
307,699,332,3,0
307,700,308,2,1
307,704,332,3,0
307,714,332,3,0
308,625,283,0,3
308,628,333,3,0
308,630,283,0,3
308,636,283,0,3
308,637,309,2,1
308,642,283,0,3
308,643,309,2,1
308,644,309,2,1
308,645,333,3,0
308,646,309,2,1
308,647,309,2,1
308,649,309,2,1
308,651,309,2,1
308,654,309,2,1
308,655,309,2,1
308,664,283,0,3
308,670,283,0,3
308,672,283,0,3
308,674,283,0,3
308,685,333,3,0
308,687,309,2,1
308,694,309,2,1
308,698,333,3,0
308,699,333,3,0
308,700,309,2,1
308,704,333,3,0
308,712,283,0,3
308,714,333,3,0
308,721,309,2,1
309,625,284,0,3
309,628,334,3,0
309,630,284,0,3
309,637,284,0,3
309,642,284,0,3
309,643,334,3,0
309,644,284,0,3
309,645,334,3,0
309,647,334,3,0
309,649,284,0,3
309,651,334,3,0
309,654,284,0,3
309,670,284,0,3
309,674,284,0,3
309,685,334,3,0
309,687,334,3,0
309,698,334,3,0
309,699,334,3,0
309,700,334,3,0
309,704,334,3,0
309,714,334,3,0
310,625,309,1,2
310,628,309,1,2
310,630,309,1,2
310,636,309,1,2
310,637,285,0,3
310,642,309,1,2
310,643,335,3,0
310,644,285,0,3
310,645,309,1,2
310,647,335,3,0
310,649,285,0,3
310,651,335,3,0
310,654,285,0,3
310,670,309,1,2
310,674,309,1,2
310,685,309,1,2
310,687,335,3,0
310,692,285,0,3
310,694,285,0,3
310,698,309,1,2
310,699,309,1,2
310,700,335,3,0
310,701,285,0,3
310,704,309,1,2
310,714,309,1,2
311,625,310,1,2
311,628,310,1,2
311,630,310,1,2
311,636,310,1,2
311,637,286,0,3
311,642,310,1,2
311,643,336,3,0
311,644,286,0,3
311,645,310,1,2
311,647,336,3,0
311,649,286,0,3
311,651,336,3,0
311,654,286,0,3
311,670,310,1,2
311,674,310,1,2
311,685,310,1,2
311,687,336,3,0
311,698,310,1,2
311,699,310,1,2
311,700,336,3,0
311,704,310,1,2
311,714,310,1,2
312,625,311,1,2
312,628,311,1,2
312,629,313,2,1
312,630,311,1,2
312,634,313,2,1
312,637,287,0,3
312,642,311,1,2
312,643,337,3,0
312,645,311,1,2
312,647,337,3,0
312,649,287,0,3
312,651,337,3,0
312,654,313,2,1
312,670,311,1,2
312,674,311,1,2
312,698,311,1,2
312,699,311,1,2
312,700,337,3,0
312,704,311,1,2
312,714,311,1,2
313,625,312,1,2
313,628,312,1,2
313,630,312,1,2
313,639,314,2,1
313,642,312,1,2
313,643,338,3,0
313,645,312,1,2
313,670,312,1,2
313,699,312,1,2
313,700,338,3,0
313,704,312,1,2
314,628,313,1,2
314,630,313,1,2
314,642,313,1,2
314,643,339,3,0
314,645,313,1,2
314,670,313,1,2
314,681,315,2,1
314,699,313,1,2
315,670,316,2,1
315,675,316,2,1
316,626,291,0,3
316,628,317,2,1
316,630,317,2,1
316,635,341,3,0
316,642,317,2,1
316,643,341,3,0
316,645,317,2,1
316,650,341,3,0
316,653,341,3,0
316,670,317,2,1
316,678,291,0,3
316,695,341,3,0
316,699,317,2,1
316,719,341,3,0
317,625,318,2,1
317,628,318,2,1
317,630,318,2,1
317,631,342,3,0
317,642,318,2,1
317,643,342,3,0
317,645,318,2,1
317,647,342,3,0
317,666,292,0,3
317,669,292,0,3
317,670,318,2,1
317,677,292,0,3
317,686,292,0,3
317,699,318,2,1
317,700,342,3,0
317,704,318,2,1
317,715,292,0,3
317,723,292,0,3
318,625,319,2,1
318,628,319,2,1
318,630,319,2,1
318,637,293,0,3
318,642,319,2,1
318,643,343,3,0
318,645,319,2,1
318,647,343,3,0
318,649,293,0,3
318,651,343,3,0
318,654,293,0,3
318,660,343,3,0
318,663,343,3,0
318,670,319,2,1
318,674,319,2,1
318,682,293,0,3
318,683,293,0,3
318,687,343,3,0
318,699,319,2,1
318,700,343,3,0
318,704,319,2,1
318,705,293,0,3
318,707,343,3,0
318,709,293,0,3
318,714,319,2,1
318,720,293,0,3
319,625,320,2,1
319,627,344,3,0
319,628,320,2,1
319,630,320,2,1
319,637,294,0,3
319,642,320,2,1
319,643,344,3,0
319,644,294,0,3
319,645,320,2,1
319,647,344,3,0
319,649,294,0,3
319,651,344,3,0
319,652,294,0,3
319,654,294,0,3
319,657,344,3,0
319,670,320,2,1
319,674,320,2,1
319,679,344,3,0
319,687,344,3,0
319,697,294,0,3
319,698,320,2,1
319,699,320,2,1
319,700,344,3,0
319,702,294,0,3
319,704,320,2,1
319,708,294,0,3
319,710,344,3,0
319,714,320,2,1
319,722,294,0,3
320,625,321,2,1
320,628,321,2,1
320,630,321,2,1
320,636,321,2,1
320,637,295,0,3
320,642,321,2,1
320,643,345,3,0
320,644,295,0,3
320,645,321,2,1
320,647,345,3,0
320,649,295,0,3
320,651,345,3,0
320,654,295,0,3
320,670,321,2,1
320,674,321,2,1
320,685,321,2,1
320,687,345,3,0
320,692,295,0,3
320,694,295,0,3
320,698,321,2,1
320,699,321,2,1
320,700,345,3,0
320,701,295,0,3
320,704,321,2,1
320,714,321,2,1
321,625,296,0,3
321,628,346,3,0
321,630,296,0,3
321,637,296,0,3
321,642,296,0,3
321,643,346,3,0
321,644,296,0,3
321,645,346,3,0
321,647,346,3,0
321,649,296,0,3
321,651,346,3,0
321,654,296,0,3
321,664,296,0,3
321,670,296,0,3
321,672,296,0,3
321,674,296,0,3
321,685,346,3,0
321,687,346,3,0
321,692,296,0,3
321,698,346,3,0
321,699,346,3,0
321,700,346,3,0
321,701,296,0,3
321,704,346,3,0
321,706,296,0,3
321,712,296,0,3
321,714,346,3,0
321,716,296,0,3
322,625,297,0,3
322,628,347,3,0
322,630,297,0,3
322,636,297,0,3
322,637,321,1,2
322,642,297,0,3
322,643,321,1,2
322,644,321,1,2
322,645,347,3,0
322,646,323,2,1
322,647,321,1,2
322,649,321,1,2
322,651,321,1,2
322,654,321,1,2
322,655,323,2,1
322,670,297,0,3
322,674,297,0,3
322,685,347,3,0
322,687,321,1,2
322,692,321,1,2
322,694,321,1,2
322,698,347,3,0
322,699,347,3,0
322,700,321,1,2
322,701,321,1,2
322,704,347,3,0
322,714,347,3,0
322,721,323,2,1
323,625,298,0,3
323,628,348,3,0
323,630,298,0,3
323,636,324,2,1
323,637,322,1,2
323,638,324,2,1
323,642,298,0,3
323,643,322,1,2
323,644,322,1,2
323,645,348,3,0
323,647,322,1,2
323,649,322,1,2
323,651,322,1,2
323,654,322,1,2
323,670,298,0,3
323,674,298,0,3
323,685,324,2,1
323,687,322,1,2
323,694,324,2,1
323,698,348,3,0
323,699,348,3,0
323,700,322,1,2
323,703,324,2,1
323,704,348,3,0
323,714,348,3,0
324,625,299,0,3
324,628,349,3,0
324,630,299,0,3
324,633,300,2,3
324,637,323,1,2
324,640,300,2,3
324,642,299,0,3
324,643,323,1,2
324,645,349,3,0
324,647,323,1,2
324,649,323,1,2
324,651,323,1,2
324,654,323,1,2
324,658,300,2,3
324,661,300,2,3
324,670,299,0,3
324,674,299,0,3
324,687,323,1,2
324,689,300,2,3
324,696,300,2,3
324,698,300,2,3
324,699,349,3,0
324,700,323,1,2
324,704,349,3,0
324,714,349,3,0
325,625,350,2,0
325,628,350,2,0
325,630,300,0,2
325,642,300,0,2
325,643,349,3,2
325,645,326,1,1
325,647,349,3,2
325,654,349,3,2
325,667,326,1,1
325,670,300,0,2
325,673,326,1,1
325,699,350,2,0
325,700,349,3,2
325,704,350,2,0
325,713,326,1,1
325,714,350,2,0
325,717,326,1,1
325,718,326,1,1
325,724,326,1,1
326,628,351,3,0
326,630,301,0,3
326,641,327,2,1
326,642,301,0,3
326,643,325,1,1
326,645,327,2,1
326,670,301,0,3
326,684,327,2,1
326,699,351,3,0
327,630,302,0,3
327,643,328,2,1
327,670,302,0,3
327,691,328,2,1
327,699,352,3,0
328,628,353,3,0
328,630,303,0,3
328,642,303,0,3
328,643,329,2,1
328,645,645,24,0
328,648,303,0,3
328,659,353,3,0
328,662,303,0,3
328,668,303,0,3
328,670,303,0,3
328,671,303,0,3
328,676,303,0,3
328,690,303,0,3
328,699,353,3,0
329,625,354,3,0
329,628,354,3,0
329,630,304,0,3
329,642,304,0,3
329,643,330,2,1
329,645,328,1,2
329,656,304,0,3
329,670,304,0,3
329,688,304,0,3
329,699,354,3,0
329,704,354,3,0
330,625,355,3,0
330,628,355,3,0
330,630,305,0,3
330,642,305,0,3
330,643,331,2,1
330,645,329,1,2
330,647,331,2,1
330,670,305,0,3
330,674,305,0,3
330,680,305,0,3
330,699,355,3,0
330,700,331,2,1
330,704,355,3,0
330,714,355,3,0
331,625,356,3,0
331,628,356,3,0
331,630,306,0,3
331,632,356,3,0
331,637,332,2,1
331,642,306,0,3
331,643,332,2,1
331,645,330,1,2
331,647,332,2,1
331,649,332,2,1
331,651,332,2,1
331,654,332,2,1
331,665,356,3,0
331,670,306,0,3
331,674,306,0,3
331,687,332,2,1
331,698,356,3,0
331,699,356,3,0
331,700,332,2,1
331,704,356,3,0
331,714,356,3,0
332,625,357,3,0
332,628,357,3,0
332,630,307,0,3
332,636,307,0,3
332,637,333,2,1
332,642,307,0,3
332,643,333,2,1
332,644,333,2,1
332,645,331,1,2
332,647,333,2,1
332,649,333,2,1
332,651,333,2,1
332,654,333,2,1
332,670,307,0,3
332,674,307,0,3
332,685,685,64,0
332,687,333,2,1
332,694,333,2,1
332,698,357,3,0
332,699,357,3,0
332,700,333,2,1
332,704,357,3,0
332,714,357,3,0
333,625,358,3,0
333,628,358,3,0
333,630,308,0,3
333,636,308,0,3
333,637,334,2,1
333,642,308,0,3
333,643,334,2,1
333,644,334,2,1
333,645,332,1,2
333,646,334,2,1
333,647,334,2,1
333,649,334,2,1
333,651,334,2,1
333,654,334,2,1
333,655,334,2,1
333,664,308,0,3
333,670,308,0,3
333,672,308,0,3
333,674,308,0,3
333,685,332,1,2
333,687,334,2,1
333,694,334,2,1
333,698,358,3,0
333,699,358,3,0
333,700,334,2,1
333,704,358,3,0
333,712,308,0,3
333,714,358,3,0
333,721,334,2,1
334,628,359,3,0
334,629,335,2,1
334,630,309,0,3
334,637,309,0,3
334,642,309,0,3
334,643,359,3,0
334,644,309,0,3
334,645,333,1,2
334,647,359,3,0
334,649,309,0,3
334,651,359,3,0
334,654,309,0,3
334,670,309,0,3
334,674,309,0,3
334,685,333,1,2
334,687,359,3,0
334,698,359,3,0
334,699,359,3,0
334,700,359,3,0
334,701,359,3,0
334,704,359,3,0
334,714,359,3,0
335,625,334,1,2
335,628,334,1,2
335,629,336,2,1
335,630,334,1,2
335,636,334,1,2
335,637,310,0,3
335,642,334,1,2
335,643,360,3,0
335,644,310,0,3
335,645,334,1,2
335,647,360,3,0
335,649,310,0,3
335,651,360,3,0
335,654,310,0,3
335,670,334,1,2
335,674,334,1,2
335,685,334,1,2
335,687,360,3,0
335,692,310,0,3
335,694,310,0,3
335,698,334,1,2
335,699,334,1,2
335,700,360,3,0
335,701,360,3,0
335,704,334,1,2
335,714,334,1,2
336,625,335,1,2
336,628,335,1,2
336,629,337,2,1
336,630,335,1,2
336,636,335,1,2
336,637,311,0,3
336,642,335,1,2
336,643,361,3,0
336,644,311,0,3
336,645,335,1,2
336,647,361,3,0
336,649,311,0,3
336,651,361,3,0
336,654,311,0,3
336,670,335,1,2
336,674,335,1,2
336,685,335,1,2
336,687,361,3,0
336,698,335,1,2
336,699,335,1,2
336,700,361,3,0
336,704,335,1,2
336,714,335,1,2
337,625,336,1,2
337,628,336,1,2
337,629,338,2,1
337,630,336,1,2
337,634,338,2,1
337,637,312,0,3
337,642,336,1,2
337,643,362,3,0
337,645,336,1,2
337,647,362,3,0
337,649,312,0,3
337,651,362,3,0
337,654,338,2,1
337,670,336,1,2
337,674,336,1,2
337,698,336,1,2
337,699,336,1,2
337,700,362,3,0
337,704,336,1,2
337,714,336,1,2
338,625,337,1,2
338,628,337,1,2
338,630,337,1,2
338,639,339,2,1
338,642,337,1,2
338,643,363,3,0
338,645,337,1,2
338,670,337,1,2
338,699,337,1,2
338,700,363,3,0
338,704,337,1,2
339,628,338,1,2
339,630,338,1,2
339,642,338,1,2
339,643,364,3,0
339,645,338,1,2
339,670,338,1,2
339,681,340,2,1
339,699,338,1,2
340,670,341,2,1
340,675,341,2,1
341,626,316,0,3
341,628,342,2,1
341,630,342,2,1
341,635,366,3,0
341,642,342,2,1
341,643,366,3,0
341,645,342,2,1
341,650,366,3,0
341,653,366,3,0
341,670,342,2,1
341,678,316,0,3
341,695,366,3,0
341,699,342,2,1
341,719,366,3,0
342,625,343,2,1
342,628,343,2,1
342,630,343,2,1
342,631,367,3,0
342,642,343,2,1
342,643,367,3,0
342,645,343,2,1
342,647,367,3,0
342,666,317,0,3
342,669,317,0,3
342,670,343,2,1
342,677,317,0,3
342,686,317,0,3
342,699,343,2,1
342,700,367,3,0
342,704,343,2,1
342,715,317,0,3
342,723,317,0,3
343,625,344,2,1
343,628,344,2,1
343,629,629,8,0
343,630,344,2,1
343,637,318,0,3
343,642,344,2,1
343,643,368,3,0
343,645,344,2,1
343,647,368,3,0
343,649,318,0,3
343,651,368,3,0
343,654,318,0,3
343,660,368,3,0
343,663,368,3,0
343,670,344,2,1
343,674,344,2,1
343,682,318,0,3
343,683,318,0,3
343,687,368,3,0
343,699,344,2,1
343,700,368,3,0
343,704,344,2,1
343,705,368,3,0
343,707,368,3,0
343,709,318,0,3
343,714,344,2,1
343,720,318,0,3
344,625,345,2,1
344,627,369,3,0
344,628,345,2,1
344,629,343,1,2
344,630,345,2,1
344,637,319,0,3
344,642,345,2,1
344,643,369,3,0
344,644,319,0,3
344,645,345,2,1
344,647,369,3,0
344,649,319,0,3
344,651,369,3,0
344,652,319,0,3
344,654,319,0,3
344,657,369,3,0
344,670,345,2,1
344,674,345,2,1
344,679,369,3,0
344,687,369,3,0
344,697,319,0,3
344,698,345,2,1
344,699,345,2,1
344,700,369,3,0
344,702,319,0,3
344,704,345,2,1
344,708,369,3,0
344,710,369,3,0
344,714,345,2,1
344,722,319,0,3
345,625,346,2,1
345,628,346,2,1
345,629,344,1,2
345,630,346,2,1
345,636,346,2,1
345,637,320,0,3
345,642,346,2,1
345,643,370,3,0
345,644,320,0,3
345,645,346,2,1
345,647,370,3,0
345,649,320,0,3
345,651,370,3,0
345,654,320,0,3
345,670,346,2,1
345,674,346,2,1
345,685,346,2,1
345,687,370,3,0
345,692,320,0,3
345,694,320,0,3
345,698,346,2,1
345,699,346,2,1
345,700,370,3,0
345,701,370,3,0
345,704,346,2,1
345,714,346,2,1
346,628,371,3,0
346,629,345,1,2
346,630,321,0,3
346,637,321,0,3
346,642,321,0,3
346,643,371,3,0
346,644,321,0,3
346,645,347,2,1
346,647,371,3,0
346,649,321,0,3
346,651,371,3,0
346,654,321,0,3
346,664,321,0,3
346,670,321,0,3
346,672,321,0,3
346,674,321,0,3
346,685,347,2,1
346,687,371,3,0
346,692,321,0,3
346,698,371,3,0
346,699,371,3,0
346,700,371,3,0
346,701,371,3,0
346,704,371,3,0
346,706,321,0,3
346,712,321,0,3
346,714,371,3,0
346,716,321,0,3
347,625,372,3,0
347,628,372,3,0
347,630,322,0,3
347,636,322,0,3
347,637,346,1,2
347,642,322,0,3
347,643,346,1,2
347,644,346,1,2
347,645,348,2,1
347,646,348,2,1
347,647,346,1,2
347,649,346,1,2
347,651,346,1,2
347,654,346,1,2
347,655,348,2,1
347,670,322,0,3
347,674,322,0,3
347,685,348,2,1
347,687,346,1,2
347,692,346,1,2
347,694,346,1,2
347,698,372,3,0
347,699,372,3,0
347,700,346,1,2
347,701,346,1,2
347,704,372,3,0
347,714,372,3,0
347,721,348,2,1
348,625,373,3,0
348,628,373,3,0
348,630,323,0,3
348,636,349,2,1
348,637,347,1,2
348,638,349,2,1
348,642,323,0,3
348,643,347,1,2
348,644,347,1,2
348,645,349,2,1
348,647,347,1,2
348,649,347,1,2
348,651,347,1,2
348,654,347,1,2
348,670,323,0,3
348,674,323,0,3
348,685,349,2,1
348,687,347,1,2
348,694,349,2,1
348,698,373,3,0
348,699,373,3,0
348,700,347,1,2
348,703,349,2,1
348,704,373,3,0
348,714,373,3,0
349,625,374,3,0
349,628,374,3,0
349,630,324,0,3
349,633,325,2,3
349,637,348,1,2
349,640,325,2,3
349,642,324,0,3
349,643,348,1,2
349,645,325,2,3
349,647,348,1,2
349,649,348,1,2
349,651,348,1,2
349,654,348,1,2
349,658,325,2,3
349,661,325,2,3
349,670,324,0,3
349,674,324,0,3
349,687,348,1,2
349,689,325,2,3
349,696,325,2,3
349,698,325,2,3
349,699,374,3,0
349,700,348,1,2
349,704,374,3,0
349,714,374,3,0
350,625,375,2,0
350,628,375,2,0
350,630,325,0,2
350,642,325,0,2
350,643,374,3,2
350,645,325,0,2
350,647,374,3,2
350,654,374,3,2
350,667,351,1,1
350,670,325,0,2
350,673,351,1,1
350,699,375,2,0
350,700,374,3,2
350,704,375,2,0
350,713,351,1,1
350,714,375,2,0
350,717,351,1,1
350,718,351,1,1
351,628,376,3,0
351,630,326,0,3
351,641,352,2,1
351,642,326,0,3
351,643,350,1,1
351,645,326,0,3
351,670,326,0,3
351,684,352,2,1
351,693,352,2,1
351,699,376,3,0
352,630,327,0,3
352,643,353,2,1
352,670,327,0,3
352,691,353,2,1
352,699,377,3,0
353,628,378,3,0
353,630,328,0,3
353,642,328,0,3
353,643,354,2,1
353,645,328,0,3
353,648,328,0,3
353,659,378,3,0
353,662,328,0,3
353,668,328,0,3
353,670,328,0,3
353,671,328,0,3
353,676,328,0,3
353,690,328,0,3
353,699,378,3,0
354,625,379,3,0
354,628,379,3,0
354,630,329,0,3
354,642,329,0,3
354,643,355,2,1
354,645,329,0,3
354,656,329,0,3
354,670,329,0,3
354,688,329,0,3
354,699,379,3,0
354,704,379,3,0
355,625,380,3,0
355,628,380,3,0
355,630,330,0,3
355,642,330,0,3
355,643,356,2,1
355,645,330,0,3
355,647,356,2,1
355,670,330,0,3
355,674,330,0,3
355,680,330,0,3
355,699,380,3,0
355,700,356,2,1
355,704,380,3,0
355,714,380,3,0
356,625,381,3,0
356,628,381,3,0
356,630,331,0,3
356,632,381,3,0
356,637,357,2,1
356,642,331,0,3
356,643,357,2,1
356,645,331,0,3
356,647,357,2,1
356,649,357,2,1
356,651,357,2,1
356,654,357,2,1
356,665,381,3,0
356,670,331,0,3
356,674,331,0,3
356,687,357,2,1
356,698,698,77,0
356,699,381,3,0
356,700,357,2,1
356,704,381,3,0
356,714,381,3,0
357,625,382,3,0
357,628,382,3,0
357,630,332,0,3
357,636,332,0,3
357,637,358,2,1
357,642,332,0,3
357,643,358,2,1
357,644,358,2,1
357,645,332,0,3
357,647,358,2,1
357,649,358,2,1
357,651,358,2,1
357,654,358,2,1
357,670,332,0,3
357,674,332,0,3
357,685,332,0,3
357,687,358,2,1
357,694,358,2,1
357,698,356,1,2
357,699,382,3,0
357,700,358,2,1
357,704,382,3,0
357,714,382,3,0
358,625,383,3,0
358,628,383,3,0
358,630,333,0,3
358,636,333,0,3
358,637,359,2,1
358,642,333,0,3
358,643,359,2,1
358,644,359,2,1
358,645,333,0,3
358,646,359,2,1
358,647,359,2,1
358,649,359,2,1
358,651,359,2,1
358,654,359,2,1
358,655,359,2,1
358,664,333,0,3
358,670,333,0,3
358,672,333,0,3
358,674,333,0,3
358,685,333,0,3
358,687,359,2,1
358,694,359,2,1
358,698,357,1,2
358,699,383,3,0
358,700,359,2,1
358,704,383,3,0
358,712,333,0,3
358,714,383,3,0
358,721,359,2,1
359,628,384,3,0
359,629,334,0,3
359,630,334,0,3
359,637,334,0,3
359,642,334,0,3
359,643,384,3,0
359,644,334,0,3
359,646,384,3,0
359,647,384,3,0
359,651,384,3,0
359,670,334,0,3
359,674,334,0,3
359,687,360,2,1
359,692,384,3,0
359,698,358,1,2
359,699,384,3,0
359,701,384,3,0
359,704,384,3,0
359,707,360,2,1
359,714,384,3,0
360,625,359,1,2
360,628,359,1,2
360,629,335,0,3
360,630,359,1,2
360,636,359,1,2
360,637,335,0,3
360,642,359,1,2
360,643,385,3,0
360,644,335,0,3
360,645,359,1,2
360,647,385,3,0
360,649,335,0,3
360,651,385,3,0
360,654,385,3,0
360,670,359,1,2
360,674,359,1,2
360,685,359,1,2
360,687,361,2,1
360,692,385,3,0
360,694,335,0,3
360,698,359,1,2
360,699,359,1,2
360,700,385,3,0
360,701,385,3,0
360,704,359,1,2
360,707,361,2,1
360,714,359,1,2
361,625,360,1,2
361,628,360,1,2
361,629,336,0,3
361,630,360,1,2
361,636,360,1,2
361,637,336,0,3
361,642,360,1,2
361,643,386,3,0
361,644,336,0,3
361,645,360,1,2
361,647,386,3,0
361,649,336,0,3
361,651,386,3,0
361,654,386,3,0
361,670,360,1,2
361,674,360,1,2
361,685,360,1,2
361,687,362,2,1
361,698,360,1,2
361,699,360,1,2
361,700,386,3,0
361,704,360,1,2
361,707,362,2,1
361,714,360,1,2
362,625,361,1,2
362,628,361,1,2
362,630,361,1,2
362,634,363,2,1
362,637,337,0,3
362,642,361,1,2
362,643,387,3,0
362,645,361,1,2
362,647,387,3,0
362,649,337,0,3
362,651,387,3,0
362,654,363,2,1
362,670,361,1,2
362,674,361,1,2
362,698,361,1,2
362,699,361,1,2
362,700,387,3,0
362,704,361,1,2
362,707,707,86,0
362,714,361,1,2
363,625,362,1,2
363,628,362,1,2
363,630,362,1,2
363,639,364,2,1
363,642,362,1,2
363,643,388,3,0
363,645,362,1,2
363,670,362,1,2
363,699,362,1,2
363,700,388,3,0
363,704,362,1,2
364,628,363,1,2
364,630,363,1,2
364,642,363,1,2
364,643,389,3,0
364,645,363,1,2
364,670,363,1,2
364,681,365,2,1
364,699,363,1,2
365,670,366,2,1
365,675,366,2,1
366,626,341,0,3
366,628,367,2,1
366,630,367,2,1
366,635,391,3,0
366,642,367,2,1
366,643,391,3,0
366,645,367,2,1
366,650,391,3,0
366,653,391,3,0
366,670,367,2,1
366,678,341,0,3
366,695,391,3,0
366,699,367,2,1
366,719,391,3,0
367,625,368,2,1
367,628,368,2,1
367,630,368,2,1
367,631,392,3,0
367,642,368,2,1
367,643,392,3,0
367,645,368,2,1
367,647,392,3,0
367,666,342,0,3
367,669,342,0,3
367,670,368,2,1
367,677,342,0,3
367,686,342,0,3
367,699,368,2,1
367,700,392,3,0
367,704,368,2,1
367,715,342,0,3
367,723,342,0,3
368,625,369,2,1
368,628,369,2,1
368,629,343,0,3
368,630,369,2,1
368,637,343,0,3
368,642,369,2,1
368,643,393,3,0
368,645,369,2,1
368,647,393,3,0
368,649,343,0,3
368,651,393,3,0
368,654,393,3,0
368,660,393,3,0
368,663,393,3,0
368,670,369,2,1
368,674,369,2,1
368,682,393,3,0
368,683,343,0,3
368,687,687,66,0
368,699,369,2,1
368,700,393,3,0
368,704,369,2,1
368,705,393,3,0
368,709,343,0,3
368,714,369,2,1
368,720,343,0,3
369,625,370,2,1
369,627,394,3,0
369,628,370,2,1
369,629,344,0,3
369,630,370,2,1
369,637,344,0,3
369,642,370,2,1
369,643,394,3,0
369,644,344,0,3
369,645,370,2,1
369,647,394,3,0
369,649,344,0,3
369,651,394,3,0
369,652,344,0,3
369,654,394,3,0
369,657,394,3,0
369,670,370,2,1
369,674,370,2,1
369,679,394,3,0
369,687,368,1,2
369,697,344,0,3
369,698,370,2,1
369,699,370,2,1
369,700,394,3,0
369,702,344,0,3
369,704,370,2,1
369,707,368,1,2
369,708,394,3,0
369,710,394,3,0
369,714,370,2,1
369,722,344,0,3
370,625,371,2,1
370,628,371,2,1
370,629,345,0,3
370,630,371,2,1
370,636,371,2,1
370,637,345,0,3
370,642,371,2,1
370,643,395,3,0
370,644,345,0,3
370,645,371,2,1
370,647,395,3,0
370,649,345,0,3
370,651,395,3,0
370,654,395,3,0
370,670,371,2,1
370,674,371,2,1
370,685,371,2,1
370,687,369,1,2
370,692,395,3,0
370,694,345,0,3
370,698,371,2,1
370,699,371,2,1
370,700,395,3,0
370,701,395,3,0
370,704,371,2,1
370,707,369,1,2
370,714,371,2,1
371,628,396,3,0
371,629,346,0,3
371,630,346,0,3
371,637,346,0,3
371,642,346,0,3
371,643,396,3,0
371,644,346,0,3
371,646,396,3,0
371,647,396,3,0
371,651,396,3,0
371,664,346,0,3
371,670,346,0,3
371,672,346,0,3
371,674,346,0,3
371,687,370,1,2
371,692,396,3,0
371,698,372,2,1
371,699,396,3,0
371,701,396,3,0
371,704,396,3,0
371,706,346,0,3
371,707,370,1,2
371,712,346,0,3
371,714,396,3,0
371,716,346,0,3
372,625,397,3,0
372,628,397,3,0
372,630,347,0,3
372,636,347,0,3
372,637,371,1,2
372,642,347,0,3
372,643,371,1,2
372,644,371,1,2
372,645,347,0,3
372,646,373,2,1
372,647,371,1,2
372,649,371,1,2
372,651,371,1,2
372,654,371,1,2
372,655,373,2,1
372,670,347,0,3
372,674,347,0,3
372,685,347,0,3
372,687,371,1,2
372,692,371,1,2
372,694,371,1,2
372,698,373,2,1
372,699,397,3,0
372,700,371,1,2
372,701,371,1,2
372,704,397,3,0
372,714,397,3,0
372,721,373,2,1
373,625,398,3,0
373,628,398,3,0
373,630,348,0,3
373,636,374,2,1
373,637,372,1,2
373,638,374,2,1
373,642,348,0,3
373,643,372,1,2
373,644,372,1,2
373,645,348,0,3
373,647,372,1,2
373,649,372,1,2
373,651,372,1,2
373,654,372,1,2
373,670,348,0,3
373,674,348,0,3
373,685,374,2,1
373,687,372,1,2
373,694,374,2,1
373,698,374,2,1
373,699,398,3,0
373,700,372,1,2
373,703,374,2,1
373,704,398,3,0
373,714,398,3,0
374,625,399,3,0
374,628,399,3,0
374,630,349,0,3
374,637,373,1,2
374,640,350,2,3
374,642,349,0,3
374,643,373,1,2
374,645,349,0,3
374,647,373,1,2
374,649,373,1,2
374,651,373,1,2
374,654,373,1,2
374,658,350,2,3
374,661,350,2,3
374,670,349,0,3
374,674,349,0,3
374,687,373,1,2
374,689,350,2,3
374,696,350,2,3
374,698,350,2,3
374,699,399,3,0
374,700,373,1,2
374,704,399,3,0
374,714,399,3,0
375,625,400,2,0
375,628,376,1,1
375,630,350,0,2
375,642,350,0,2
375,643,399,3,2
375,645,350,0,2
375,647,399,3,2
375,654,399,3,2
375,667,376,1,1
375,670,350,0,2
375,673,376,1,1
375,699,400,2,0
375,700,399,3,2
375,704,376,1,1
375,713,376,1,1
375,714,400,2,0
375,717,376,1,1
375,718,376,1,1
375,724,376,1,1
376,628,377,2,1
376,630,351,0,3
376,641,377,2,1
376,642,351,0,3
376,643,375,1,1
376,645,351,0,3
376,670,351,0,3
376,684,377,2,1
376,693,377,2,1
376,699,401,3,0
377,630,352,0,3
377,643,378,2,1
377,670,352,0,3
377,675,675,54,0
377,691,378,2,1
377,699,402,3,0
378,628,628,7,0
378,630,353,0,3
378,642,353,0,3
378,643,379,2,1
378,645,353,0,3
378,648,353,0,3
378,659,403,3,0
378,662,353,0,3
378,668,353,0,3
378,670,353,0,3
378,671,353,0,3
378,675,377,1,2
378,676,353,0,3
378,690,353,0,3
378,699,403,3,0
379,625,404,3,0
379,628,378,1,2
379,630,354,0,3
379,642,354,0,3
379,643,380,2,1
379,645,354,0,3
379,656,354,0,3
379,670,354,0,3
379,688,354,0,3
379,699,404,3,0
379,704,704,83,0
380,625,405,3,0
380,628,379,1,2
380,630,355,0,3
380,642,355,0,3
380,643,381,2,1
380,645,355,0,3
380,647,381,2,1
380,670,355,0,3
380,674,355,0,3
380,680,355,0,3
380,699,405,3,0
380,700,381,2,1
380,704,379,1,2
380,714,405,3,0
381,625,406,3,0
381,628,380,1,2
381,630,356,0,3
381,632,406,3,0
381,637,382,2,1
381,642,356,0,3
381,643,382,2,1
381,645,356,0,3
381,647,382,2,1
381,649,382,2,1
381,651,382,2,1
381,654,382,2,1
381,665,406,3,0
381,670,356,0,3
381,674,356,0,3
381,687,382,2,1
381,698,356,0,3
381,699,406,3,0
381,700,382,2,1
381,704,380,1,2
381,714,406,3,0
382,625,407,3,0
382,628,381,1,2
382,630,357,0,3
382,636,357,0,3
382,637,383,2,1
382,642,357,0,3
382,643,383,2,1
382,644,383,2,1
382,645,357,0,3
382,647,383,2,1
382,649,383,2,1
382,651,383,2,1
382,654,383,2,1
382,670,357,0,3
382,674,357,0,3
382,685,357,0,3
382,687,383,2,1
382,694,383,2,1
382,698,357,0,3
382,699,407,3,0
382,700,383,2,1
382,704,381,1,2
382,714,407,3,0
383,625,408,3,0
383,628,382,1,2
383,630,358,0,3
383,636,358,0,3
383,637,384,2,1
383,642,358,0,3
383,643,384,2,1
383,644,384,2,1
383,645,358,0,3
383,646,384,2,1
383,647,384,2,1
383,649,384,2,1
383,651,384,2,1
383,654,384,2,1
383,655,384,2,1
383,664,358,0,3
383,670,358,0,3
383,672,358,0,3
383,674,358,0,3
383,685,358,0,3
383,687,384,2,1
383,694,384,2,1
383,698,358,0,3
383,699,408,3,0
383,700,384,2,1
383,704,382,1,2
383,712,358,0,3
383,714,408,3,0
383,721,384,2,1
384,625,409,3,0
384,628,383,1,2
384,630,359,0,3
384,637,359,0,3
384,642,359,0,3
384,643,409,3,0
384,645,359,0,3
384,646,409,3,0
384,647,409,3,0
384,651,409,3,0
384,655,409,3,0
384,670,359,0,3
384,674,359,0,3
384,692,409,3,0
384,694,409,3,0
384,699,409,3,0
384,704,383,1,2
384,707,359,0,3
384,714,409,3,0
385,625,384,1,2
385,628,384,1,2
385,630,384,1,2
385,636,384,1,2
385,637,360,0,3
385,642,384,1,2
385,643,410,3,0
385,644,360,0,3
385,645,384,1,2
385,647,410,3,0
385,649,360,0,3
385,651,410,3,0
385,654,410,3,0
385,670,384,1,2
385,674,384,1,2
385,685,384,1,2
385,687,360,0,3
385,692,410,3,0
385,694,410,3,0
385,698,384,1,2
385,699,384,1,2
385,700,410,3,0
385,701,410,3,0
385,704,384,1,2
385,707,360,0,3
385,714,384,1,2
386,625,385,1,2
386,628,385,1,2
386,630,385,1,2
386,636,385,1,2
386,637,361,0,3
386,642,385,1,2
386,643,411,3,0
386,644,361,0,3
386,645,385,1,2
386,647,411,3,0
386,649,361,0,3
386,651,411,3,0
386,654,411,3,0
386,670,385,1,2
386,674,385,1,2
386,685,385,1,2
386,687,361,0,3
386,698,385,1,2
386,699,385,1,2
386,700,411,3,0
386,704,385,1,2
386,707,361,0,3
386,714,385,1,2
387,625,386,1,2
387,628,386,1,2
387,629,388,2,1
387,630,386,1,2
387,634,388,2,1
387,637,362,0,3
387,642,386,1,2
387,643,412,3,0
387,645,386,1,2
387,647,412,3,0
387,649,362,0,3
387,651,412,3,0
387,654,388,2,1
387,670,386,1,2
387,674,386,1,2
387,698,386,1,2
387,699,386,1,2
387,700,412,3,0
387,704,386,1,2
387,707,362,0,3
387,714,386,1,2
388,625,387,1,2
388,628,387,1,2
388,630,387,1,2
388,639,389,2,1
388,642,387,1,2
388,643,413,3,0
388,645,387,1,2
388,670,387,1,2
388,699,387,1,2
388,700,413,3,0
388,704,387,1,2
389,628,388,1,2
389,630,388,1,2
389,642,388,1,2
389,643,414,3,0
389,645,388,1,2
389,670,388,1,2
389,681,390,2,1
389,699,388,1,2
390,670,391,2,1
390,675,391,2,1
391,626,366,0,3
391,628,392,2,1
391,630,392,2,1
391,635,416,3,0
391,642,392,2,1
391,643,416,3,0
391,645,392,2,1
391,650,416,3,0
391,653,416,3,0
391,670,392,2,1
391,678,366,0,3
391,695,416,3,0
391,699,392,2,1
391,719,416,3,0
392,625,393,2,1
392,628,393,2,1
392,630,393,2,1
392,642,393,2,1
392,643,417,3,0
392,645,393,2,1
392,647,417,3,0
392,666,417,3,0
392,669,367,0,3
392,670,393,2,1
392,677,367,0,3
392,686,367,0,3
392,699,393,2,1
392,700,417,3,0
392,704,393,2,1
392,715,367,0,3
392,723,367,0,3
393,625,394,2,1
393,628,394,2,1
393,630,394,2,1
393,637,368,0,3
393,642,394,2,1
393,643,418,3,0
393,645,394,2,1
393,647,418,3,0
393,649,368,0,3
393,651,418,3,0
393,654,418,3,0
393,660,418,3,0
393,670,394,2,1
393,674,394,2,1
393,682,418,3,0
393,683,368,0,3
393,687,368,0,3
393,699,394,2,1
393,700,418,3,0
393,704,394,2,1
393,705,418,3,0
393,707,368,0,3
393,709,368,0,3
393,714,394,2,1
393,720,368,0,3
394,625,395,2,1
394,627,419,3,0
394,628,395,2,1
394,630,395,2,1
394,637,369,0,3
394,642,395,2,1
394,643,419,3,0
394,644,369,0,3
394,645,395,2,1
394,647,419,3,0
394,649,369,0,3
394,651,419,3,0
394,652,369,0,3
394,654,419,3,0
394,657,419,3,0
394,670,395,2,1
394,674,395,2,1
394,679,419,3,0
394,687,369,0,3
394,697,369,0,3
394,698,395,2,1
394,699,395,2,1
394,700,419,3,0
394,702,419,3,0
394,704,395,2,1
394,707,369,0,3
394,708,419,3,0
394,710,419,3,0
394,714,395,2,1
394,722,369,0,3
395,625,396,2,1
395,628,396,2,1
395,630,396,2,1
395,636,396,2,1
395,637,370,0,3
395,642,396,2,1
395,643,420,3,0
395,644,370,0,3
395,645,396,2,1
395,647,420,3,0
395,649,370,0,3
395,651,420,3,0
395,654,420,3,0
395,670,396,2,1
395,674,396,2,1
395,685,396,2,1
395,687,370,0,3
395,692,420,3,0
395,694,420,3,0
395,698,396,2,1
395,699,396,2,1
395,700,420,3,0
395,701,420,3,0
395,704,396,2,1
395,707,370,0,3
395,714,396,2,1
396,625,421,3,0
396,628,397,2,1
396,630,371,0,3
396,637,371,0,3
396,642,371,0,3
396,643,421,3,0
396,645,371,0,3
396,646,421,3,0
396,647,421,3,0
396,651,421,3,0
396,655,421,3,0
396,664,371,0,3
396,670,371,0,3
396,672,371,0,3
396,674,371,0,3
396,692,421,3,0
396,694,421,3,0
396,699,421,3,0
396,701,421,3,0
396,704,397,2,1
396,706,371,0,3
396,707,371,0,3
396,712,371,0,3
396,714,421,3,0
396,716,371,0,3
397,625,422,3,0
397,628,398,2,1
397,630,372,0,3
397,636,372,0,3
397,637,396,1,2
397,642,372,0,3
397,643,396,1,2
397,644,396,1,2
397,645,372,0,3
397,646,398,2,1
397,647,396,1,2
397,649,396,1,2
397,651,396,1,2
397,654,396,1,2
397,655,398,2,1
397,670,372,0,3
397,674,372,0,3
397,685,372,0,3
397,687,396,1,2
397,692,396,1,2
397,694,396,1,2
397,698,372,0,3
397,699,422,3,0
397,700,396,1,2
397,701,396,1,2
397,704,398,2,1
397,714,422,3,0
397,721,398,2,1
398,625,423,3,0
398,628,399,2,1
398,630,373,0,3
398,636,399,2,1
398,637,397,1,2
398,638,399,2,1
398,642,373,0,3
398,643,397,1,2
398,644,397,1,2
398,645,373,0,3
398,647,397,1,2
398,649,397,1,2
398,651,397,1,2
398,654,397,1,2
398,670,373,0,3
398,674,373,0,3
398,685,399,2,1
398,687,397,1,2
398,694,399,2,1
398,698,373,0,3
398,699,423,3,0
398,700,397,1,2
398,703,399,2,1
398,704,399,2,1
398,714,423,3,0
399,625,424,3,0
399,628,375,2,3
399,630,374,0,3
399,633,375,2,3
399,637,398,1,2
399,640,375,2,3
399,642,374,0,3
399,643,398,1,2
399,645,374,0,3
399,647,398,1,2
399,649,398,1,2
399,651,398,1,2
399,654,398,1,2
399,658,375,2,3
399,661,375,2,3
399,670,374,0,3
399,674,374,0,3
399,687,398,1,2
399,689,375,2,3
399,696,375,2,3
399,698,375,2,3
399,699,424,3,0
399,700,398,1,2
399,704,375,2,3
399,714,424,3,0
400,625,425,2,0
400,628,375,0,2
400,630,375,0,2
400,642,425,2,0
400,643,424,3,2
400,645,375,0,2
400,647,424,3,2
400,654,424,3,2
400,667,401,1,1
400,670,375,0,2
400,673,401,1,1
400,699,401,1,1
400,700,424,3,2
400,704,375,0,2
400,713,401,1,1
400,714,425,2,0
400,717,401,1,1
400,718,401,1,1
400,724,401,1,1
401,628,376,0,3
401,630,376,0,3
401,641,402,2,1
401,642,426,3,0
401,643,400,1,1
401,645,376,0,3
401,670,376,0,3
401,684,402,2,1
401,693,402,2,1
401,699,402,2,1
402,630,377,0,3
402,643,403,2,1
402,670,377,0,3
402,691,403,2,1
402,699,699,78,0
403,628,378,0,3
403,630,378,0,3
403,642,428,3,0
403,643,404,2,1
403,645,378,0,3
403,648,378,0,3
403,662,378,0,3
403,668,378,0,3
403,670,378,0,3
403,671,378,0,3
403,676,378,0,3
403,690,428,3,0
404,625,429,3,0
404,628,379,0,3
404,630,379,0,3
404,642,429,3,0
404,643,405,2,1
404,645,379,0,3
404,656,379,0,3
404,670,379,0,3
404,688,379,0,3
404,699,403,1,2
404,704,379,0,3
405,625,430,3,0
405,628,380,0,3
405,630,380,0,3
405,642,430,3,0
405,643,406,2,1
405,645,380,0,3
405,647,406,2,1
405,670,380,0,3
405,674,380,0,3
405,680,380,0,3
405,699,404,1,2
405,700,406,2,1
405,704,380,0,3
405,714,430,3,0
406,625,431,3,0
406,628,381,0,3
406,630,381,0,3
406,632,431,3,0
406,637,407,2,1
406,642,431,3,0
406,643,407,2,1
406,645,381,0,3
406,647,407,2,1
406,649,407,2,1
406,651,407,2,1
406,654,407,2,1
406,665,431,3,0
406,670,381,0,3
406,674,381,0,3
406,687,407,2,1
406,698,381,0,3
406,699,405,1,2
406,700,407,2,1
406,704,381,0,3
406,714,431,3,0
407,625,432,3,0
407,628,382,0,3
407,630,382,0,3
407,636,382,0,3
407,637,408,2,1
407,642,432,3,0
407,643,408,2,1
407,644,408,2,1
407,645,382,0,3
407,647,408,2,1
407,649,408,2,1
407,651,408,2,1
407,654,408,2,1
407,670,382,0,3
407,674,382,0,3
407,685,382,0,3
407,687,408,2,1
407,694,408,2,1
407,698,382,0,3
407,699,406,1,2
407,700,408,2,1
407,704,382,0,3
407,714,432,3,0
408,625,433,3,0
408,628,383,0,3
408,630,383,0,3
408,636,383,0,3
408,637,409,2,1
408,642,433,3,0
408,643,409,2,1
408,644,409,2,1
408,645,383,0,3
408,646,409,2,1
408,647,409,2,1
408,649,409,2,1
408,651,409,2,1
408,654,409,2,1
408,655,409,2,1
408,664,383,0,3
408,670,383,0,3
408,672,383,0,3
408,674,383,0,3
408,685,383,0,3
408,687,409,2,1
408,694,409,2,1
408,698,383,0,3
408,699,407,1,2
408,700,409,2,1
408,704,383,0,3
408,712,383,0,3
408,714,433,3,0
408,721,409,2,1
409,625,434,3,0
409,630,384,0,3
409,643,434,3,0
409,645,384,0,3
409,647,434,3,0
409,651,434,3,0
409,655,434,3,0
409,670,384,0,3
409,674,384,0,3
409,694,434,3,0
409,699,408,1,2
409,700,410,2,1
409,714,434,3,0
409,722,434,3,0
410,625,409,1,2
410,628,409,1,2
410,630,409,1,2
410,636,409,1,2
410,637,385,0,3
410,642,409,1,2
410,643,435,3,0
410,644,385,0,3
410,645,409,1,2
410,647,435,3,0
410,649,385,0,3
410,651,435,3,0
410,654,435,3,0
410,670,409,1,2
410,674,409,1,2
410,685,409,1,2
410,687,385,0,3
410,692,435,3,0
410,694,435,3,0
410,698,409,1,2
410,699,409,1,2
410,700,411,2,1
410,701,435,3,0
410,704,409,1,2
410,714,409,1,2
410,722,435,3,0
411,625,410,1,2
411,628,410,1,2
411,630,410,1,2
411,636,410,1,2
411,637,386,0,3
411,642,410,1,2
411,643,436,3,0
411,644,386,0,3
411,645,410,1,2
411,647,436,3,0
411,649,386,0,3
411,651,436,3,0
411,654,436,3,0
411,670,410,1,2
411,674,410,1,2
411,685,410,1,2
411,687,386,0,3
411,698,410,1,2
411,699,410,1,2
411,700,412,2,1
411,704,410,1,2
411,714,410,1,2
411,722,436,3,0
412,625,411,1,2
412,628,411,1,2
412,629,413,2,1
412,630,411,1,2
412,634,413,2,1
412,637,387,0,3
412,642,411,1,2
412,643,437,3,0
412,645,411,1,2
412,647,437,3,0
412,649,387,0,3
412,651,437,3,0
412,654,413,2,1
412,670,411,1,2
412,674,411,1,2
412,698,411,1,2
412,699,411,1,2
412,700,413,2,1
412,704,411,1,2
412,714,411,1,2
413,625,412,1,2
413,628,412,1,2
413,630,412,1,2
413,642,412,1,2
413,643,438,3,0
413,645,412,1,2
413,670,412,1,2
413,699,412,1,2
413,700,700,79,0
413,704,412,1,2
414,628,413,1,2
414,630,413,1,2
414,642,413,1,2
414,643,439,3,0
414,645,413,1,2
414,670,413,1,2
414,681,415,2,1
414,699,413,1,2
415,670,416,2,1
415,675,416,2,1
416,626,441,3,0
416,628,417,2,1
416,630,417,2,1
416,635,441,3,0
416,642,417,2,1
416,643,441,3,0
416,645,417,2,1
416,653,441,3,0
416,670,417,2,1
416,678,391,0,3
416,695,441,3,0
416,699,417,2,1
416,719,441,3,0
417,625,418,2,1
417,628,418,2,1
417,630,418,2,1
417,631,392,0,3
417,642,418,2,1
417,643,442,3,0
417,645,418,2,1
417,647,442,3,0
417,666,442,3,0
417,669,442,3,0
417,670,418,2,1
417,677,392,0,3
417,686,392,0,3
417,699,418,2,1
417,704,418,2,1
417,715,442,3,0
417,723,392,0,3
418,625,419,2,1
418,628,419,2,1
418,630,419,2,1
418,637,393,0,3
418,642,419,2,1
418,643,443,3,0
418,645,419,2,1
418,647,443,3,0
418,649,393,0,3
418,651,443,3,0
418,654,443,3,0
418,660,443,3,0
418,663,393,0,3
418,670,419,2,1
418,674,419,2,1
418,682,443,3,0
418,683,393,0,3
418,687,393,0,3
418,699,419,2,1
418,700,417,1,2
418,704,419,2,1
418,705,443,3,0
418,707,393,0,3
418,709,393,0,3
418,714,419,2,1
418,720,443,3,0
419,625,420,2,1
419,627,444,3,0
419,628,420,2,1
419,630,420,2,1
419,637,394,0,3
419,642,420,2,1
419,643,444,3,0
419,644,394,0,3
419,645,420,2,1
419,647,444,3,0
419,649,394,0,3
419,651,444,3,0
419,652,394,0,3
419,654,444,3,0
419,657,444,3,0
419,670,420,2,1
419,674,420,2,1
419,679,444,3,0
419,687,394,0,3
419,697,394,0,3
419,698,420,2,1
419,699,420,2,1
419,700,418,1,2
419,702,444,3,0
419,704,420,2,1
419,708,444,3,0
419,714,420,2,1
419,722,444,3,0
420,625,421,2,1
420,628,421,2,1
420,630,421,2,1
420,636,421,2,1
420,637,395,0,3
420,642,421,2,1
420,643,445,3,0
420,644,395,0,3
420,645,421,2,1
420,647,445,3,0
420,649,395,0,3
420,651,445,3,0
420,654,445,3,0
420,670,421,2,1
420,674,421,2,1
420,685,421,2,1
420,687,395,0,3
420,692,445,3,0
420,694,445,3,0
420,698,421,2,1
420,699,421,2,1
420,700,419,1,2
420,701,445,3,0
420,704,421,2,1
420,714,421,2,1
420,722,445,3,0
421,625,446,3,0
421,630,396,0,3
421,643,446,3,0
421,645,396,0,3
421,647,446,3,0
421,651,446,3,0
421,655,446,3,0
421,664,396,0,3
421,670,396,0,3
421,672,396,0,3
421,674,396,0,3
421,692,446,3,0
421,694,446,3,0
421,699,422,2,1
421,700,420,1,2
421,701,446,3,0
421,706,446,3,0
421,712,396,0,3
421,714,446,3,0
421,716,396,0,3
421,722,446,3,0
422,625,447,3,0
422,628,397,0,3
422,630,397,0,3
422,636,397,0,3
422,637,421,1,2
422,642,447,3,0
422,643,421,1,2
422,644,421,1,2
422,645,397,0,3
422,646,423,2,1
422,647,421,1,2
422,649,421,1,2
422,651,421,1,2
422,654,421,1,2
422,655,423,2,1
422,670,397,0,3
422,674,397,0,3
422,685,397,0,3
422,687,421,1,2
422,692,421,1,2
422,694,421,1,2
422,698,397,0,3
422,699,423,2,1
422,700,421,1,2
422,701,421,1,2
422,704,397,0,3
422,714,447,3,0
422,721,423,2,1
423,625,448,3,0
423,628,398,0,3
423,630,398,0,3
423,636,424,2,1
423,637,422,1,2
423,638,424,2,1
423,642,448,3,0
423,643,422,1,2
423,644,422,1,2
423,645,398,0,3
423,647,422,1,2
423,649,422,1,2
423,651,422,1,2
423,654,422,1,2
423,670,398,0,3
423,674,398,0,3
423,685,424,2,1
423,687,422,1,2
423,694,424,2,1
423,698,398,0,3
423,699,424,2,1
423,700,422,1,2
423,703,424,2,1
423,704,398,0,3
423,714,448,3,0
424,625,449,3,0
424,628,399,0,3
424,630,399,0,3
424,633,400,2,3
424,637,423,1,2
424,640,400,2,3
424,642,449,3,0
424,643,423,1,2
424,645,399,0,3
424,647,423,1,2
424,649,423,1,2
424,651,423,1,2
424,654,423,1,2
424,658,400,2,3
424,661,400,2,3
424,670,399,0,3
424,674,399,0,3
424,687,423,1,2
424,689,400,2,3
424,696,400,2,3
424,698,400,2,3
424,699,400,2,3
424,700,423,1,2
424,704,399,0,3
424,714,449,3,0
425,625,450,2,0
425,628,400,0,2
425,630,400,0,2
425,642,450,2,0
425,643,449,3,2
425,645,400,0,2
425,647,449,3,2
425,654,449,3,2
425,667,426,1,1
425,670,400,0,2
425,673,426,1,1
425,699,400,0,2
425,700,449,3,2
425,704,400,0,2
425,713,426,1,1
425,714,450,2,0
425,717,426,1,1
425,718,426,1,1
425,724,426,1,1
426,628,401,0,3
426,630,401,0,3
426,641,427,2,1
426,642,451,3,0
426,643,425,1,1
426,645,401,0,3
426,670,401,0,3
426,684,427,2,1
426,693,427,2,1
426,699,401,0,3
427,630,402,0,3
427,643,428,2,1
427,670,402,0,3
427,691,428,2,1
427,699,402,0,3
428,628,403,0,3
428,630,403,0,3
428,642,453,3,0
428,643,429,2,1
428,645,403,0,3
428,648,453,3,0
428,659,403,0,3
428,662,403,0,3
428,668,403,0,3
428,670,403,0,3
428,671,403,0,3
428,676,403,0,3
428,690,453,3,0
428,699,403,0,3
429,625,454,3,0
429,628,404,0,3
429,630,404,0,3
429,642,454,3,0
429,643,430,2,1
429,645,404,0,3
429,656,454,3,0
429,670,404,0,3
429,688,404,0,3
429,699,404,0,3
429,704,404,0,3
430,625,455,3,0
430,628,405,0,3
430,630,405,0,3
430,642,455,3,0
430,643,431,2,1
430,645,405,0,3
430,647,431,2,1
430,670,405,0,3
430,674,405,0,3
430,680,405,0,3
430,699,405,0,3
430,700,431,2,1
430,704,405,0,3
430,714,455,3,0
431,625,456,3,0
431,628,406,0,3
431,630,406,0,3
431,632,456,3,0
431,637,432,2,1
431,642,456,3,0
431,643,432,2,1
431,645,406,0,3
431,647,432,2,1
431,649,432,2,1
431,651,432,2,1
431,654,432,2,1
431,665,456,3,0
431,670,406,0,3
431,674,406,0,3
431,687,432,2,1
431,698,406,0,3
431,699,406,0,3
431,700,432,2,1
431,704,406,0,3
431,714,456,3,0
432,625,457,3,0
432,628,407,0,3
432,630,407,0,3
432,636,407,0,3
432,637,433,2,1
432,642,457,3,0
432,643,433,2,1
432,644,433,2,1
432,645,407,0,3
432,647,433,2,1
432,649,433,2,1
432,651,433,2,1
432,654,433,2,1
432,670,407,0,3
432,674,407,0,3
432,685,407,0,3
432,687,433,2,1
432,694,433,2,1
432,698,407,0,3
432,699,407,0,3
432,700,433,2,1
432,704,407,0,3
432,714,457,3,0
433,625,458,3,0
433,628,408,0,3
433,630,408,0,3
433,636,408,0,3
433,637,434,2,1
433,642,458,3,0
433,643,434,2,1
433,644,434,2,1
433,645,408,0,3
433,646,434,2,1
433,647,434,2,1
433,649,434,2,1
433,651,434,2,1
433,654,434,2,1
433,655,434,2,1
433,664,408,0,3
433,670,408,0,3
433,672,408,0,3
433,674,408,0,3
433,685,408,0,3
433,687,434,2,1
433,694,434,2,1
433,698,408,0,3
433,699,408,0,3
433,700,434,2,1
433,704,408,0,3
433,712,408,0,3
433,714,458,3,0
433,721,434,2,1
434,625,459,3,0
434,627,435,2,1
434,628,409,0,3
434,630,409,0,3
434,642,459,3,0
434,643,459,3,0
434,645,409,0,3
434,647,459,3,0
434,651,459,3,0
434,670,409,0,3
434,674,409,0,3
434,694,459,3,0
434,699,409,0,3
434,700,409,0,3
434,721,459,3,0
435,625,434,1,2
435,627,436,2,1
435,628,434,1,2
435,630,434,1,2
435,636,434,1,2
435,637,410,0,3
435,642,434,1,2
435,643,460,3,0
435,644,410,0,3
435,645,434,1,2
435,647,460,3,0
435,649,410,0,3
435,651,460,3,0
435,654,460,3,0
435,670,434,1,2
435,674,434,1,2
435,685,434,1,2
435,687,410,0,3
435,692,460,3,0
435,694,460,3,0
435,698,434,1,2
435,699,434,1,2
435,700,410,0,3
435,701,460,3,0
435,704,434,1,2
435,714,434,1,2
436,625,435,1,2
436,627,627,6,0
436,628,435,1,2
436,630,435,1,2
436,636,435,1,2
436,637,411,0,3
436,642,435,1,2
436,643,461,3,0
436,644,411,0,3
436,645,435,1,2
436,647,461,3,0
436,649,411,0,3
436,651,461,3,0
436,654,461,3,0
436,670,435,1,2
436,674,435,1,2
436,685,435,1,2
436,687,411,0,3
436,698,435,1,2
436,699,435,1,2
436,700,411,0,3
436,704,435,1,2
436,714,435,1,2
437,625,436,1,2
437,628,436,1,2
437,629,438,2,1
437,630,436,1,2
437,634,438,2,1
437,637,412,0,3
437,642,436,1,2
437,643,462,3,0
437,645,436,1,2
437,647,462,3,0
437,649,412,0,3
437,651,462,3,0
437,654,438,2,1
437,670,436,1,2
437,674,436,1,2
437,698,436,1,2
437,699,436,1,2
437,700,412,0,3
437,704,436,1,2
437,714,436,1,2
438,625,437,1,2
438,628,437,1,2
438,630,437,1,2
438,639,439,2,1
438,642,437,1,2
438,643,463,3,0
438,645,437,1,2
438,670,437,1,2
438,699,437,1,2
438,700,413,0,3
438,704,437,1,2
439,628,438,1,2
439,630,438,1,2
439,642,438,1,2
439,643,464,3,0
439,645,438,1,2
439,670,438,1,2
439,681,440,2,1
439,699,438,1,2
440,670,441,2,1
440,675,441,2,1
441,626,466,3,0
441,628,442,2,1
441,630,442,2,1
441,635,466,3,0
441,642,442,2,1
441,643,466,3,0
441,645,442,2,1
441,650,416,0,3
441,653,466,3,0
441,670,442,2,1
441,678,416,0,3
441,695,466,3,0
441,699,442,2,1
441,719,466,3,0
442,625,443,2,1
442,628,443,2,1
442,630,443,2,1
442,631,417,0,3
442,642,443,2,1
442,643,467,3,0
442,645,443,2,1
442,647,467,3,0
442,666,467,3,0
442,669,467,3,0
442,670,443,2,1
442,677,467,3,0
442,686,417,0,3
442,699,443,2,1
442,700,417,0,3
442,704,443,2,1
442,715,467,3,0
442,723,417,0,3
443,625,444,2,1
443,628,444,2,1
443,630,444,2,1
443,637,418,0,3
443,642,444,2,1
443,643,468,3,0
443,645,444,2,1
443,647,468,3,0
443,649,418,0,3
443,651,468,3,0
443,654,468,3,0
443,663,418,0,3
443,670,444,2,1
443,674,444,2,1
443,682,468,3,0
443,683,418,0,3
443,687,418,0,3
443,699,444,2,1
443,700,418,0,3
443,704,444,2,1
443,705,468,3,0
443,707,418,0,3
443,709,418,0,3
443,714,444,2,1
443,720,468,3,0
444,625,445,2,1
444,628,445,2,1
444,630,445,2,1
444,637,419,0,3
444,642,445,2,1
444,643,469,3,0
444,644,419,0,3
444,645,445,2,1
444,647,469,3,0
444,649,419,0,3
444,651,469,3,0
444,652,419,0,3
444,654,469,3,0
444,657,469,3,0
444,670,445,2,1
444,674,445,2,1
444,679,469,3,0
444,687,419,0,3
444,697,419,0,3
444,698,445,2,1
444,699,445,2,1
444,700,419,0,3
444,702,469,3,0
444,704,445,2,1
444,708,469,3,0
444,710,419,0,3
444,714,445,2,1
444,722,469,3,0
445,625,446,2,1
445,627,444,1,2
445,628,446,2,1
445,630,446,2,1
445,636,446,2,1
445,637,420,0,3
445,642,446,2,1
445,643,470,3,0
445,644,420,0,3
445,645,446,2,1
445,647,470,3,0
445,649,420,0,3
445,651,470,3,0
445,654,470,3,0
445,670,446,2,1
445,674,446,2,1
445,685,446,2,1
445,687,420,0,3
445,692,470,3,0
445,694,470,3,0
445,698,446,2,1
445,699,446,2,1
445,700,420,0,3
445,701,470,3,0
445,704,446,2,1
445,714,446,2,1
446,625,471,3,0
446,627,445,1,2
446,628,421,0,3
446,630,421,0,3
446,642,471,3,0
446,643,471,3,0
446,645,421,0,3
446,647,471,3,0
446,651,471,3,0
446,664,421,0,3
446,670,421,0,3
446,672,421,0,3
446,674,421,0,3
446,692,471,3,0
446,694,471,3,0
446,699,421,0,3
446,700,421,0,3
446,701,471,3,0
446,706,471,3,0
446,712,421,0,3
446,716,421,0,3
446,721,471,3,0
447,625,472,3,0
447,628,422,0,3
447,630,422,0,3
447,636,422,0,3
447,637,446,1,2
447,642,472,3,0
447,643,446,1,2
447,644,446,1,2
447,645,422,0,3
447,646,448,2,1
447,647,446,1,2
447,649,446,1,2
447,651,446,1,2
447,654,446,1,2
447,655,448,2,1
447,670,422,0,3
447,674,422,0,3
447,685,422,0,3
447,687,446,1,2
447,692,446,1,2
447,694,446,1,2
447,698,422,0,3
447,699,422,0,3
447,700,446,1,2
447,701,446,1,2
447,704,422,0,3
447,714,472,3,0
447,721,448,2,1
448,625,473,3,0
448,628,423,0,3
448,630,423,0,3
448,636,449,2,1
448,637,447,1,2
448,638,449,2,1
448,642,473,3,0
448,643,447,1,2
448,644,447,1,2
448,645,423,0,3
448,647,447,1,2
448,649,447,1,2
448,651,447,1,2
448,654,447,1,2
448,670,423,0,3
448,674,423,0,3
448,685,449,2,1
448,687,447,1,2
448,694,449,2,1
448,698,423,0,3
448,699,423,0,3
448,700,447,1,2
448,703,449,2,1
448,704,423,0,3
448,714,473,3,0
449,625,474,3,0
449,628,424,0,3
449,630,424,0,3
449,633,425,2,3
449,637,448,1,2
449,640,425,2,3
449,642,474,3,0
449,643,448,1,2
449,645,424,0,3
449,647,448,1,2
449,649,448,1,2
449,651,448,1,2
449,654,448,1,2
449,658,425,2,3
449,661,425,2,3
449,670,424,0,3
449,674,424,0,3
449,687,448,1,2
449,689,425,2,3
449,696,425,2,3
449,698,425,2,3
449,699,424,0,3
449,700,448,1,2
449,704,424,0,3
449,714,474,3,0
450,625,475,2,0
450,628,425,0,2
450,630,425,0,2
450,642,475,2,0
450,643,474,3,2
450,645,425,0,2
450,647,474,3,2
450,654,474,3,2
450,667,451,1,1
450,670,425,0,2
450,673,451,1,1
450,699,425,0,2
450,700,474,3,2
450,704,425,0,2
450,713,451,1,1
450,714,475,2,0
450,717,451,1,1
450,718,451,1,1
450,724,451,1,1
451,628,426,0,3
451,630,426,0,3
451,641,452,2,1
451,642,476,3,0
451,643,450,1,1
451,645,426,0,3
451,670,426,0,3
451,684,452,2,1
451,693,452,2,1
451,699,426,0,3
452,630,427,0,3
452,643,453,2,1
452,670,427,0,3
452,691,453,2,1
452,699,427,0,3
453,628,428,0,3
453,630,428,0,3
453,642,478,3,0
453,643,454,2,1
453,645,428,0,3
453,648,478,3,0
453,659,428,0,3
453,662,478,3,0
453,668,428,0,3
453,670,428,0,3
453,671,428,0,3
453,676,428,0,3
453,690,478,3,0
453,699,428,0,3
454,625,479,3,0
454,628,429,0,3
454,630,429,0,3
454,642,479,3,0
454,643,455,2,1
454,645,429,0,3
454,656,479,3,0
454,670,429,0,3
454,688,479,3,0
454,699,429,0,3
454,704,429,0,3
455,625,480,3,0
455,628,430,0,3
455,630,430,0,3
455,642,480,3,0
455,643,456,2,1
455,645,430,0,3
455,647,456,2,1
455,670,430,0,3
455,674,430,0,3
455,680,480,3,0
455,699,430,0,3
455,700,456,2,1
455,704,430,0,3
455,714,480,3,0
456,625,481,3,0
456,628,431,0,3
456,630,431,0,3
456,632,481,3,0
456,637,457,2,1
456,642,481,3,0
456,643,457,2,1
456,645,431,0,3
456,647,457,2,1
456,649,457,2,1
456,651,457,2,1
456,654,457,2,1
456,665,481,3,0
456,670,431,0,3
456,674,431,0,3
456,687,457,2,1
456,689,481,3,0
456,698,431,0,3
456,699,431,0,3
456,700,457,2,1
456,704,431,0,3
456,714,481,3,0
457,625,482,3,0
457,628,432,0,3
457,630,432,0,3
457,636,432,0,3
457,637,458,2,1
457,642,482,3,0
457,643,458,2,1
457,644,458,2,1
457,645,432,0,3
457,647,458,2,1
457,649,458,2,1
457,651,458,2,1
457,654,458,2,1
457,670,432,0,3
457,674,432,0,3
457,685,432,0,3
457,687,458,2,1
457,689,482,3,0
457,694,458,2,1
457,698,432,0,3
457,699,432,0,3
457,700,458,2,1
457,704,432,0,3
457,714,482,3,0
458,625,483,3,0
458,628,433,0,3
458,630,433,0,3
458,636,433,0,3
458,637,459,2,1
458,642,483,3,0
458,643,459,2,1
458,644,459,2,1
458,645,433,0,3
458,646,459,2,1
458,647,459,2,1
458,649,459,2,1
458,651,459,2,1
458,654,459,2,1
458,655,459,2,1
458,664,433,0,3
458,670,433,0,3
458,672,433,0,3
458,674,433,0,3
458,685,433,0,3
458,687,459,2,1
458,689,483,3,0
458,694,459,2,1
458,698,433,0,3
458,699,433,0,3
458,700,459,2,1
458,704,433,0,3
458,712,433,0,3
458,714,483,3,0
458,721,459,2,1
459,625,484,3,0
459,627,434,0,3
459,628,434,0,3
459,630,434,0,3
459,636,434,0,3
459,642,484,3,0
459,643,484,3,0
459,645,434,0,3
459,647,484,3,0
459,649,484,3,0
459,654,484,3,0
459,670,434,0,3
459,674,434,0,3
459,679,460,2,1
459,689,484,3,0
459,694,484,3,0
459,699,434,0,3
459,700,434,0,3
459,704,434,0,3
459,712,434,0,3
459,721,484,3,0
460,625,459,1,2
460,627,435,0,3
460,628,459,1,2
460,630,459,1,2
460,636,459,1,2
460,637,435,0,3
460,642,459,1,2
460,643,485,3,0
460,644,435,0,3
460,645,459,1,2
460,647,485,3,0
460,649,485,3,0
460,651,485,3,0
460,654,485,3,0
460,670,459,1,2
460,674,459,1,2
460,679,461,2,1
460,685,459,1,2
460,687,435,0,3
460,692,485,3,0
460,694,485,3,0
460,698,459,1,2
460,699,459,1,2
460,700,435,0,3
460,701,485,3,0
460,704,459,1,2
460,714,459,1,2
461,625,460,1,2
461,627,436,0,3
461,628,460,1,2
461,630,460,1,2
461,636,460,1,2
461,637,436,0,3
461,642,460,1,2
461,643,486,3,0
461,644,436,0,3
461,645,460,1,2
461,647,486,3,0
461,649,486,3,0
461,651,486,3,0
461,654,486,3,0
461,670,460,1,2
461,674,460,1,2
461,679,679,58,0
461,685,460,1,2
461,687,436,0,3
461,698,460,1,2
461,699,460,1,2
461,700,436,0,3
461,704,460,1,2
461,714,460,1,2
462,625,461,1,2
462,628,461,1,2
462,629,463,2,1
462,630,461,1,2
462,634,463,2,1
462,637,437,0,3
462,642,461,1,2
462,643,487,3,0
462,645,461,1,2
462,647,487,3,0
462,649,487,3,0
462,651,487,3,0
462,654,463,2,1
462,670,461,1,2
462,674,461,1,2
462,698,461,1,2
462,699,461,1,2
462,700,437,0,3
462,704,461,1,2
462,714,461,1,2
463,625,462,1,2
463,628,462,1,2
463,630,462,1,2
463,639,464,2,1
463,642,462,1,2
463,643,488,3,0
463,645,462,1,2
463,670,462,1,2
463,699,462,1,2
463,700,438,0,3
463,704,462,1,2
464,628,463,1,2
464,630,463,1,2
464,642,463,1,2
464,643,489,3,0
464,645,463,1,2
464,670,463,1,2
464,681,465,2,1
464,699,463,1,2
465,670,466,2,1
465,675,466,2,1
466,626,491,3,0
466,628,467,2,1
466,630,467,2,1
466,635,491,3,0
466,642,467,2,1
466,643,491,3,0
466,645,467,2,1
466,650,441,0,3
466,653,491,3,0
466,670,467,2,1
466,678,491,3,0
466,695,491,3,0
466,699,467,2,1
466,719,491,3,0
467,625,468,2,1
467,628,468,2,1
467,630,468,2,1
467,631,442,0,3
467,642,468,2,1
467,643,492,3,0
467,645,468,2,1
467,647,492,3,0
467,666,492,3,0
467,669,492,3,0
467,670,468,2,1
467,677,492,3,0
467,686,442,0,3
467,699,468,2,1
467,700,442,0,3
467,704,468,2,1
467,715,492,3,0
467,723,492,3,0
468,625,469,2,1
468,628,469,2,1
468,630,469,2,1
468,637,443,0,3
468,642,469,2,1
468,643,493,3,0
468,645,469,2,1
468,647,493,3,0
468,649,493,3,0
468,651,493,3,0
468,654,493,3,0
468,660,443,0,3
468,663,443,0,3
468,670,469,2,1
468,674,469,2,1
468,682,493,3,0
468,683,443,0,3
468,687,443,0,3
468,699,469,2,1
468,700,443,0,3
468,704,469,2,1
468,705,493,3,0
468,707,443,0,3
468,709,493,3,0
468,714,469,2,1
468,720,493,3,0
469,625,470,2,1
469,627,444,0,3
469,628,470,2,1
469,630,470,2,1
469,637,444,0,3
469,642,470,2,1
469,643,494,3,0
469,644,444,0,3
469,645,470,2,1
469,647,494,3,0
469,649,494,3,0
469,651,494,3,0
469,652,444,0,3
469,654,494,3,0
469,670,470,2,1
469,674,470,2,1
469,687,444,0,3
469,697,444,0,3
469,698,470,2,1
469,699,470,2,1
469,700,444,0,3
469,702,494,3,0
469,704,470,2,1
469,708,494,3,0
469,710,444,0,3
469,714,470,2,1
469,722,494,3,0
470,625,471,2,1
470,627,445,0,3
470,628,471,2,1
470,630,471,2,1
470,636,471,2,1
470,637,445,0,3
470,642,471,2,1
470,643,495,3,0
470,644,445,0,3
470,645,471,2,1
470,647,495,3,0
470,649,495,3,0
470,651,495,3,0
470,654,495,3,0
470,670,471,2,1
470,674,471,2,1
470,679,469,1,2
470,685,471,2,1
470,687,445,0,3
470,692,495,3,0
470,694,495,3,0
470,698,471,2,1
470,699,471,2,1
470,700,445,0,3
470,701,495,3,0
470,704,471,2,1
470,714,471,2,1
471,625,496,3,0
471,627,446,0,3
471,628,446,0,3
471,630,446,0,3
471,636,446,0,3
471,642,496,3,0
471,643,496,3,0
471,645,446,0,3
471,647,496,3,0
471,649,496,3,0
471,654,496,3,0
471,664,446,0,3
471,670,446,0,3
471,672,446,0,3
471,674,446,0,3
471,679,470,1,2
471,689,496,3,0
471,692,496,3,0
471,694,496,3,0
471,699,446,0,3
471,700,446,0,3
471,701,496,3,0
471,704,446,0,3
471,706,496,3,0
471,712,446,0,3
471,716,446,0,3
471,721,496,3,0
472,625,497,3,0
472,628,447,0,3
472,630,447,0,3
472,636,447,0,3
472,637,471,1,2
472,642,497,3,0
472,643,471,1,2
472,644,471,1,2
472,645,447,0,3
472,646,473,2,1
472,647,471,1,2
472,649,471,1,2
472,651,471,1,2
472,654,471,1,2
472,655,473,2,1
472,670,447,0,3
472,674,447,0,3
472,685,447,0,3
472,687,471,1,2
472,689,497,3,0
472,692,471,1,2
472,694,471,1,2
472,698,447,0,3
472,699,447,0,3
472,700,471,1,2
472,701,471,1,2
472,704,447,0,3
472,714,497,3,0
472,721,473,2,1
473,625,498,3,0
473,628,448,0,3
473,630,448,0,3
473,636,474,2,1
473,637,472,1,2
473,638,474,2,1
473,642,498,3,0
473,643,472,1,2
473,644,472,1,2
473,645,448,0,3
473,647,472,1,2
473,649,472,1,2
473,651,472,1,2
473,654,472,1,2
473,670,448,0,3
473,674,448,0,3
473,685,474,2,1
473,687,472,1,2
473,689,498,3,0
473,694,474,2,1
473,698,448,0,3
473,699,448,0,3
473,700,472,1,2
473,703,474,2,1
473,704,448,0,3
473,714,498,3,0
474,625,499,3,0
474,628,449,0,3
474,630,449,0,3
474,633,450,2,3
474,637,473,1,2
474,640,450,2,3
474,642,499,3,0
474,643,473,1,2
474,645,449,0,3
474,647,473,1,2
474,649,473,1,2
474,651,473,1,2
474,654,473,1,2
474,658,450,2,3
474,661,450,2,3
474,670,449,0,3
474,674,449,0,3
474,687,473,1,2
474,689,450,2,3
474,696,450,2,3
474,698,450,2,3
474,699,449,0,3
474,700,473,1,2
474,704,449,0,3
474,714,499,3,0
475,625,500,2,0
475,628,450,0,2
475,630,450,0,2
475,642,500,2,0
475,643,499,3,2
475,645,450,0,2
475,647,499,3,2
475,654,499,3,2
475,667,476,1,1
475,670,450,0,2
475,673,476,1,1
475,699,450,0,2
475,700,499,3,2
475,704,450,0,2
475,713,476,1,1
475,714,500,2,0
475,717,476,1,1
475,718,476,1,1
475,724,476,1,1
476,628,451,0,3
476,630,451,0,3
476,641,477,2,1
476,642,501,3,0
476,643,475,1,1
476,645,451,0,3
476,670,451,0,3
476,684,477,2,1
476,693,477,2,1
476,699,451,0,3
477,630,452,0,3
477,643,478,2,1
477,670,452,0,3
477,691,478,2,1
477,699,452,0,3
478,628,453,0,3
478,630,453,0,3
478,642,503,3,0
478,643,479,2,1
478,645,453,0,3
478,648,503,3,0
478,659,453,0,3
478,662,503,3,0
478,668,503,3,0
478,670,453,0,3
478,671,453,0,3
478,676,453,0,3
478,690,503,3,0
478,699,453,0,3
479,625,504,3,0
479,628,454,0,3
479,630,454,0,3
479,642,504,3,0
479,643,480,2,1
479,645,454,0,3
479,656,504,3,0
479,670,454,0,3
479,688,504,3,0
479,699,454,0,3
479,704,454,0,3
480,625,505,3,0
480,628,455,0,3
480,630,455,0,3
480,642,505,3,0
480,643,481,2,1
480,645,455,0,3
480,647,481,2,1
480,670,455,0,3
480,674,455,0,3
480,680,505,3,0
480,699,455,0,3
480,700,481,2,1
480,704,455,0,3
480,714,505,3,0
481,625,506,3,0
481,628,456,0,3
481,630,456,0,3
481,632,506,3,0
481,637,482,2,1
481,642,506,3,0
481,643,482,2,1
481,645,456,0,3
481,647,482,2,1
481,649,482,2,1
481,651,482,2,1
481,654,482,2,1
481,665,506,3,0
481,670,456,0,3
481,674,456,0,3
481,687,482,2,1
481,698,456,0,3
481,699,456,0,3
481,700,482,2,1
481,704,456,0,3
481,714,506,3,0
482,625,507,3,0
482,628,457,0,3
482,630,457,0,3
482,636,457,0,3
482,637,483,2,1
482,642,507,3,0
482,643,483,2,1
482,644,483,2,1
482,645,457,0,3
482,647,483,2,1
482,649,483,2,1
482,651,483,2,1
482,654,483,2,1
482,670,457,0,3
482,674,457,0,3
482,685,457,0,3
482,687,483,2,1
482,694,483,2,1
482,698,457,0,3
482,699,457,0,3
482,700,483,2,1
482,704,457,0,3
482,714,507,3,0
483,625,508,3,0
483,628,458,0,3
483,630,458,0,3
483,636,458,0,3
483,637,484,2,1
483,642,508,3,0
483,643,484,2,1
483,644,484,2,1
483,645,458,0,3
483,646,484,2,1
483,647,484,2,1
483,649,484,2,1
483,651,484,2,1
483,654,484,2,1
483,655,484,2,1
483,664,458,0,3
483,670,458,0,3
483,672,458,0,3
483,674,458,0,3
483,685,458,0,3
483,687,484,2,1
483,694,484,2,1
483,698,458,0,3
483,699,458,0,3
483,700,484,2,1
483,704,458,0,3
483,712,508,3,0
483,714,508,3,0
483,721,484,2,1
484,625,509,3,0
484,628,459,0,3
484,630,459,0,3
484,636,459,0,3
484,642,509,3,0
484,643,509,3,0
484,645,459,0,3
484,647,509,3,0
484,649,509,3,0
484,654,509,3,0
484,664,459,0,3
484,670,459,0,3
484,674,459,0,3
484,679,459,0,3
484,694,509,3,0
484,699,459,0,3
484,700,459,0,3
484,704,459,0,3
485,625,484,1,2
485,628,484,1,2
485,630,484,1,2
485,636,484,1,2
485,637,460,0,3
485,642,484,1,2
485,643,510,3,0
485,644,460,0,3
485,645,484,1,2
485,647,510,3,0
485,649,510,3,0
485,651,510,3,0
485,654,510,3,0
485,670,484,1,2
485,674,484,1,2
485,679,460,0,3
485,685,484,1,2
485,687,460,0,3
485,692,510,3,0
485,694,510,3,0
485,698,484,1,2
485,699,484,1,2
485,700,460,0,3
485,701,510,3,0
485,704,484,1,2
485,714,484,1,2
486,625,485,1,2
486,628,485,1,2
486,630,485,1,2
486,636,485,1,2
486,637,461,0,3
486,642,485,1,2
486,643,511,3,0
486,644,461,0,3
486,645,485,1,2
486,647,511,3,0
486,649,511,3,0
486,651,511,3,0
486,654,511,3,0
486,670,485,1,2
486,674,485,1,2
486,679,461,0,3
486,685,485,1,2
486,687,461,0,3
486,698,485,1,2
486,699,485,1,2
486,700,461,0,3
486,704,485,1,2
486,714,485,1,2
487,625,486,1,2
487,628,486,1,2
487,629,488,2,1
487,630,486,1,2
487,634,488,2,1
487,637,462,0,3
487,642,486,1,2
487,643,512,3,0
487,645,486,1,2
487,647,512,3,0
487,649,512,3,0
487,651,512,3,0
487,654,488,2,1
487,670,486,1,2
487,674,486,1,2
487,698,486,1,2
487,699,486,1,2
487,700,462,0,3
487,704,486,1,2
487,714,486,1,2
488,625,487,1,2
488,628,487,1,2
488,630,487,1,2
488,639,489,2,1
488,642,487,1,2
488,643,513,3,0
488,645,487,1,2
488,670,487,1,2
488,699,487,1,2
488,700,463,0,3
488,704,487,1,2
489,628,488,1,2
489,630,488,1,2
489,642,488,1,2
489,643,514,3,0
489,645,488,1,2
489,670,488,1,2
489,681,490,2,1
489,699,488,1,2
490,670,491,2,1
490,675,491,2,1
491,626,516,3,0
491,628,492,2,1
491,630,492,2,1
491,635,516,3,0
491,642,492,2,1
491,643,516,3,0
491,645,492,2,1
491,650,466,0,3
491,653,516,3,0
491,670,492,2,1
491,678,516,3,0
491,695,516,3,0
491,699,492,2,1
491,719,516,3,0
492,625,493,2,1
492,628,493,2,1
492,630,493,2,1
492,631,467,0,3
492,642,493,2,1
492,643,517,3,0
492,645,493,2,1
492,647,517,3,0
492,666,517,3,0
492,669,517,3,0
492,670,493,2,1
492,677,517,3,0
492,686,467,0,3
492,699,493,2,1
492,700,467,0,3
492,704,493,2,1
492,715,517,3,0
492,723,517,3,0
493,625,494,2,1
493,628,494,2,1
493,630,494,2,1
493,637,468,0,3
493,642,494,2,1
493,643,518,3,0
493,645,494,2,1
493,647,518,3,0
493,649,518,3,0
493,651,518,3,0
493,654,518,3,0
493,660,468,0,3
493,663,468,0,3
493,670,494,2,1
493,674,494,2,1
493,682,518,3,0
493,683,518,3,0
493,687,468,0,3
493,699,494,2,1
493,700,468,0,3
493,704,494,2,1
493,705,518,3,0
493,707,468,0,3
493,709,518,3,0
493,714,494,2,1
493,720,518,3,0
494,625,495,2,1
494,627,469,0,3
494,628,495,2,1
494,630,495,2,1
494,637,469,0,3
494,642,495,2,1
494,643,519,3,0
494,644,469,0,3
494,645,495,2,1
494,647,519,3,0
494,649,519,3,0
494,651,519,3,0
494,652,519,3,0
494,654,519,3,0
494,657,469,0,3
494,670,495,2,1
494,674,495,2,1
494,679,469,0,3
494,687,469,0,3
494,697,469,0,3
494,698,495,2,1
494,699,495,2,1
494,700,469,0,3
494,702,519,3,0
494,704,495,2,1
494,708,519,3,0
494,710,469,0,3
494,714,495,2,1
494,722,519,3,0
495,625,496,2,1
495,628,496,2,1
495,630,496,2,1
495,636,496,2,1
495,637,470,0,3
495,642,496,2,1
495,643,520,3,0
495,644,470,0,3
495,645,496,2,1
495,647,520,3,0
495,649,520,3,0
495,651,520,3,0
495,654,520,3,0
495,670,496,2,1
495,674,496,2,1
495,679,470,0,3
495,685,496,2,1
495,687,470,0,3
495,692,520,3,0
495,694,520,3,0
495,698,496,2,1
495,699,496,2,1
495,700,470,0,3
495,701,520,3,0
495,704,496,2,1
495,714,496,2,1
496,625,521,3,0
496,628,471,0,3
496,630,471,0,3
496,636,471,0,3
496,642,521,3,0
496,643,521,3,0
496,645,471,0,3
496,647,521,3,0
496,649,521,3,0
496,654,521,3,0
496,664,471,0,3
496,670,471,0,3
496,672,471,0,3
496,674,471,0,3
496,679,471,0,3
496,692,521,3,0
496,694,521,3,0
496,699,471,0,3
496,700,471,0,3
496,701,521,3,0
496,704,471,0,3
496,706,521,3,0
496,712,521,3,0
496,716,471,0,3
497,625,522,3,0
497,628,472,0,3
497,630,472,0,3
497,636,472,0,3
497,637,496,1,2
497,642,522,3,0
497,643,496,1,2
497,644,496,1,2
497,645,472,0,3
497,646,498,2,1
497,647,496,1,2
497,649,496,1,2
497,651,496,1,2
497,654,496,1,2
497,655,498,2,1
497,670,472,0,3
497,674,472,0,3
497,685,472,0,3
497,687,496,1,2
497,692,496,1,2
497,694,496,1,2
497,698,472,0,3
497,699,472,0,3
497,700,496,1,2
497,701,496,1,2
497,704,472,0,3
497,714,522,3,0
497,721,498,2,1
498,625,523,3,0
498,628,473,0,3
498,630,473,0,3
498,636,499,2,1
498,637,497,1,2
498,638,499,2,1
498,642,523,3,0
498,643,497,1,2
498,644,497,1,2
498,645,473,0,3
498,647,497,1,2
498,649,497,1,2
498,651,497,1,2
498,654,497,1,2
498,670,473,0,3
498,674,473,0,3
498,685,499,2,1
498,687,497,1,2
498,694,499,2,1
498,698,473,0,3
498,699,473,0,3
498,700,497,1,2
498,703,499,2,1
498,704,473,0,3
498,714,523,3,0
499,625,524,3,0
499,628,474,0,3
499,630,474,0,3
499,633,475,2,3
499,637,498,1,2
499,640,475,2,3
499,642,524,3,0
499,643,498,1,2
499,645,474,0,3
499,647,498,1,2
499,649,498,1,2
499,651,498,1,2
499,654,498,1,2
499,658,475,2,3
499,661,475,2,3
499,670,474,0,3
499,674,474,0,3
499,687,498,1,2
499,689,475,2,3
499,696,475,2,3
499,698,475,2,3
499,699,474,0,3
499,700,498,1,2
499,704,474,0,3
499,714,524,3,0
500,625,525,2,0
500,628,475,0,2
500,630,475,0,2
500,642,525,2,0
500,643,524,3,2
500,645,475,0,2
500,647,524,3,2
500,654,524,3,2
500,667,501,1,1
500,670,475,0,2
500,673,501,1,1
500,699,475,0,2
500,700,524,3,2
500,704,475,0,2
500,713,501,1,1
500,714,714,93,0
500,717,501,1,1
500,718,501,1,1
500,724,501,1,1
501,628,476,0,3
501,630,476,0,3
501,641,502,2,1
501,642,526,3,0
501,643,500,1,1
501,645,476,0,3
501,670,476,0,3
501,684,502,2,1
501,693,502,2,1
501,699,476,0,3
502,630,477,0,3
502,643,503,2,1
502,670,477,0,3
502,691,503,2,1
502,699,477,0,3
503,628,478,0,3
503,630,478,0,3
503,642,528,3,0
503,643,504,2,1
503,645,478,0,3
503,648,528,3,0
503,659,478,0,3
503,662,528,3,0
503,668,528,3,0
503,670,478,0,3
503,671,478,0,3
503,676,478,0,3
503,690,528,3,0
503,699,478,0,3
504,625,529,3,0
504,628,479,0,3
504,630,479,0,3
504,642,529,3,0
504,643,505,2,1
504,645,479,0,3
504,656,529,3,0
504,670,479,0,3
504,688,529,3,0
504,699,479,0,3
504,704,479,0,3
505,625,530,3,0
505,628,480,0,3
505,630,480,0,3
505,642,530,3,0
505,643,506,2,1
505,645,480,0,3
505,647,506,2,1
505,670,480,0,3
505,674,530,3,0
505,680,530,3,0
505,699,480,0,3
505,700,506,2,1
505,704,480,0,3
506,625,531,3,0
506,628,481,0,3
506,630,481,0,3
506,632,531,3,0
506,637,507,2,1
506,640,531,3,0
506,642,531,3,0
506,643,507,2,1
506,645,481,0,3
506,647,507,2,1
506,649,507,2,1
506,651,507,2,1
506,654,507,2,1
506,665,531,3,0
506,670,481,0,3
506,674,531,3,0
506,687,507,2,1
506,698,481,0,3
506,699,481,0,3
506,700,507,2,1
506,704,481,0,3
506,714,505,1,2
507,625,532,3,0
507,628,482,0,3
507,630,482,0,3
507,636,482,0,3
507,637,508,2,1
507,640,532,3,0
507,642,532,3,0
507,643,508,2,1
507,644,508,2,1
507,645,482,0,3
507,647,508,2,1
507,649,508,2,1
507,651,508,2,1
507,654,508,2,1
507,670,482,0,3
507,674,532,3,0
507,685,482,0,3
507,687,508,2,1
507,694,508,2,1
507,698,482,0,3
507,699,482,0,3
507,700,508,2,1
507,704,482,0,3
507,714,506,1,2
508,625,533,3,0
508,628,483,0,3
508,630,483,0,3
508,636,483,0,3
508,637,509,2,1
508,640,533,3,0
508,642,533,3,0
508,643,509,2,1
508,644,509,2,1
508,645,483,0,3
508,646,509,2,1
508,647,509,2,1
508,649,509,2,1
508,651,509,2,1
508,654,509,2,1
508,655,509,2,1
508,664,533,3,0
508,670,483,0,3
508,672,483,0,3
508,674,533,3,0
508,685,483,0,3
508,687,509,2,1
508,694,509,2,1
508,698,483,0,3
508,699,483,0,3
508,700,509,2,1
508,704,483,0,3
508,712,533,3,0
508,714,507,1,2
508,721,509,2,1
509,625,534,3,0
509,628,484,0,3
509,630,484,0,3
509,636,484,0,3
509,637,534,3,0
509,640,534,3,0
509,642,534,3,0
509,643,534,3,0
509,645,484,0,3
509,647,534,3,0
509,649,534,3,0
509,654,534,3,0
509,670,484,0,3
509,672,484,0,3
509,687,484,0,3
509,698,484,0,3
509,699,484,0,3
509,700,484,0,3
509,704,484,0,3
509,714,508,1,2
509,716,534,3,0
510,625,509,1,2
510,628,509,1,2
510,630,509,1,2
510,636,509,1,2
510,637,535,3,0
510,642,509,1,2
510,643,535,3,0
510,644,485,0,3
510,645,509,1,2
510,647,535,3,0
510,649,535,3,0
510,651,535,3,0
510,654,535,3,0
510,670,509,1,2
510,674,509,1,2
510,685,509,1,2
510,687,485,0,3
510,692,535,3,0
510,694,535,3,0
510,698,509,1,2
510,699,509,1,2
510,700,485,0,3
510,701,535,3,0
510,704,509,1,2
510,714,509,1,2
511,625,510,1,2
511,628,510,1,2
511,630,510,1,2
511,636,510,1,2
511,637,536,3,0
511,642,510,1,2
511,643,536,3,0
511,644,486,0,3
511,645,510,1,2
511,647,536,3,0
511,649,536,3,0
511,651,536,3,0
511,654,536,3,0
511,670,510,1,2
511,674,510,1,2
511,685,510,1,2
511,687,486,0,3
511,698,510,1,2
511,699,510,1,2
511,700,486,0,3
511,704,510,1,2
511,714,510,1,2
512,625,511,1,2
512,628,511,1,2
512,629,513,2,1
512,630,511,1,2
512,637,537,3,0
512,642,511,1,2
512,643,537,3,0
512,645,511,1,2
512,647,537,3,0
512,649,537,3,0
512,651,537,3,0
512,654,513,2,1
512,670,511,1,2
512,674,511,1,2
512,698,511,1,2
512,699,511,1,2
512,700,487,0,3
512,704,511,1,2
512,714,511,1,2
513,625,512,1,2
513,628,512,1,2
513,630,512,1,2
513,639,514,2,1
513,642,512,1,2
513,643,538,3,0
513,645,512,1,2
513,670,512,1,2
513,699,512,1,2
513,700,488,0,3
513,704,512,1,2
514,628,513,1,2
514,630,513,1,2
514,642,513,1,2
514,643,539,3,0
514,645,513,1,2
514,670,513,1,2
514,681,515,2,1
514,699,513,1,2
515,670,516,2,1
515,675,516,2,1
516,626,541,3,0
516,628,517,2,1
516,630,517,2,1
516,635,541,3,0
516,642,517,2,1
516,643,541,3,0
516,645,517,2,1
516,650,491,0,3
516,670,517,2,1
516,678,541,3,0
516,695,541,3,0
516,699,517,2,1
516,719,541,3,0
517,625,518,2,1
517,628,518,2,1
517,630,518,2,1
517,631,492,0,3
517,642,518,2,1
517,643,542,3,0
517,645,518,2,1
517,647,542,3,0
517,666,542,3,0
517,669,542,3,0
517,670,518,2,1
517,677,542,3,0
517,686,492,0,3
517,699,518,2,1
517,700,492,0,3
517,704,518,2,1
517,715,542,3,0
517,723,542,3,0
518,625,519,2,1
518,628,519,2,1
518,630,519,2,1
518,637,543,3,0
518,642,519,2,1
518,643,543,3,0
518,645,519,2,1
518,647,543,3,0
518,649,543,3,0
518,651,543,3,0
518,654,543,3,0
518,660,493,0,3
518,663,493,0,3
518,670,519,2,1
518,674,519,2,1
518,682,543,3,0
518,683,543,3,0
518,687,493,0,3
518,699,519,2,1
518,700,493,0,3
518,704,519,2,1
518,705,543,3,0
518,707,493,0,3
518,709,543,3,0
518,714,519,2,1
518,720,543,3,0
519,625,520,2,1
519,627,494,0,3
519,628,520,2,1
519,630,520,2,1
519,637,544,3,0
519,642,520,2,1
519,643,544,3,0
519,644,494,0,3
519,645,520,2,1
519,647,544,3,0
519,649,544,3,0
519,651,544,3,0
519,652,544,3,0
519,654,544,3,0
519,657,494,0,3
519,670,520,2,1
519,674,520,2,1
519,679,494,0,3
519,687,494,0,3
519,697,544,3,0
519,698,520,2,1
519,699,520,2,1
519,700,494,0,3
519,702,544,3,0
519,704,520,2,1
519,708,544,3,0
519,710,494,0,3
519,714,520,2,1
519,722,544,3,0
520,625,521,2,1
520,628,521,2,1
520,630,521,2,1
520,636,521,2,1
520,637,545,3,0
520,642,521,2,1
520,643,545,3,0
520,644,495,0,3
520,645,521,2,1
520,647,545,3,0
520,649,545,3,0
520,651,545,3,0
520,654,545,3,0
520,670,521,2,1
520,674,521,2,1
520,685,521,2,1
520,687,495,0,3
520,692,545,3,0
520,694,545,3,0
520,698,521,2,1
520,699,521,2,1
520,700,495,0,3
520,701,545,3,0
520,704,521,2,1
520,714,521,2,1
521,625,546,3,0
521,628,496,0,3
521,630,496,0,3
521,636,496,0,3
521,637,546,3,0
521,640,546,3,0
521,642,546,3,0
521,643,546,3,0
521,645,496,0,3
521,647,546,3,0
521,649,546,3,0
521,654,546,3,0
521,664,546,3,0
521,670,496,0,3
521,672,496,0,3
521,687,496,0,3
521,692,546,3,0
521,698,496,0,3
521,699,496,0,3
521,700,496,0,3
521,701,546,3,0
521,704,496,0,3
521,706,546,3,0
521,712,546,3,0
521,714,522,2,1
521,716,546,3,0
522,625,547,3,0
522,628,497,0,3
522,630,497,0,3
522,636,497,0,3
522,637,521,1,2
522,640,547,3,0
522,642,547,3,0
522,643,521,1,2
522,644,521,1,2
522,645,497,0,3
522,646,523,2,1
522,647,521,1,2
522,649,521,1,2
522,651,521,1,2
522,654,521,1,2
522,655,523,2,1
522,670,497,0,3
522,674,547,3,0
522,685,497,0,3
522,687,521,1,2
522,692,521,1,2
522,694,521,1,2
522,698,497,0,3
522,699,497,0,3
522,700,521,1,2
522,701,521,1,2
522,704,497,0,3
522,714,523,2,1
522,721,523,2,1
523,625,548,3,0
523,628,498,0,3
523,630,498,0,3
523,636,524,2,1
523,637,522,1,2
523,638,524,2,1
523,640,548,3,0
523,642,548,3,0
523,643,522,1,2
523,644,522,1,2
523,645,498,0,3
523,647,522,1,2
523,649,522,1,2
523,651,522,1,2
523,654,522,1,2
523,670,498,0,3
523,674,548,3,0
523,685,524,2,1
523,687,522,1,2
523,694,524,2,1
523,698,498,0,3
523,699,498,0,3
523,700,522,1,2
523,703,524,2,1
523,704,498,0,3
523,714,524,2,1
524,625,549,3,0
524,628,499,0,3
524,630,499,0,3
524,633,500,2,3
524,637,523,1,2
524,640,500,2,3
524,642,549,3,0
524,643,523,1,2
524,645,499,0,3
524,647,523,1,2
524,649,523,1,2
524,651,523,1,2
524,654,523,1,2
524,658,500,2,3
524,661,500,2,3
524,670,499,0,3
524,674,549,3,0
524,687,523,1,2
524,689,500,2,3
524,696,500,2,3
524,698,500,2,3
524,699,499,0,3
524,700,523,1,2
524,704,499,0,3
524,714,500,2,3
525,625,550,2,0
525,628,500,0,2
525,630,500,0,2
525,642,550,2,0
525,643,549,3,2
525,645,500,0,2
525,647,549,3,2
525,654,549,3,2
525,667,526,1,1
525,670,500,0,2
525,673,526,1,1
525,699,500,0,2
525,700,549,3,2
525,704,500,0,2
525,713,526,1,1
525,714,500,0,2
525,717,526,1,1
525,718,526,1,1
525,724,526,1,1
526,628,501,0,3
526,630,501,0,3
526,641,527,2,1
526,642,551,3,0
526,643,525,1,1
526,645,501,0,3
526,670,501,0,3
526,684,527,2,1
526,693,527,2,1
526,699,501,0,3
527,630,502,0,3
527,643,528,2,1
527,670,502,0,3
527,691,528,2,1
527,699,502,0,3
528,628,503,0,3
528,630,503,0,3
528,642,553,3,0
528,643,529,2,1
528,645,503,0,3
528,648,553,3,0
528,659,503,0,3
528,662,553,3,0
528,668,553,3,0
528,670,503,0,3
528,671,503,0,3
528,676,503,0,3
528,690,553,3,0
528,699,503,0,3
529,625,554,3,0
529,628,504,0,3
529,630,504,0,3
529,642,554,3,0
529,643,530,2,1
529,645,504,0,3
529,656,554,3,0
529,670,504,0,3
529,688,554,3,0
529,699,504,0,3
529,704,504,0,3
530,625,555,3,0
530,628,505,0,3
530,630,505,0,3
530,642,555,3,0
530,643,531,2,1
530,645,505,0,3
530,647,531,2,1
530,670,505,0,3
530,674,555,3,0
530,680,555,3,0
530,699,505,0,3
530,700,531,2,1
530,704,505,0,3
530,714,505,0,3
531,625,556,3,0
531,628,506,0,3
531,630,506,0,3
531,637,532,2,1
531,642,556,3,0
531,643,532,2,1
531,645,506,0,3
531,647,532,2,1
531,649,532,2,1
531,651,532,2,1
531,654,532,2,1
531,665,556,3,0
531,670,506,0,3
531,674,556,3,0
531,687,532,2,1
531,698,506,0,3
531,699,506,0,3
531,700,532,2,1
531,704,506,0,3
531,714,506,0,3
532,625,557,3,0
532,628,507,0,3
532,630,507,0,3
532,636,507,0,3
532,637,533,2,1
532,642,557,3,0
532,643,533,2,1
532,644,533,2,1
532,645,507,0,3
532,647,533,2,1
532,649,533,2,1
532,651,533,2,1
532,654,533,2,1
532,670,507,0,3
532,674,557,3,0
532,685,507,0,3
532,687,533,2,1
532,694,533,2,1
532,698,507,0,3
532,699,507,0,3
532,700,533,2,1
532,704,507,0,3
532,714,507,0,3
533,625,558,3,0
533,628,508,0,3
533,630,508,0,3
533,636,508,0,3
533,637,534,2,1
533,642,558,3,0
533,643,534,2,1
533,644,534,2,1
533,645,508,0,3
533,646,534,2,1
533,647,534,2,1
533,649,534,2,1
533,651,534,2,1
533,654,534,2,1
533,655,534,2,1
533,664,558,3,0
533,670,508,0,3
533,672,558,3,0
533,674,558,3,0
533,685,508,0,3
533,687,534,2,1
533,694,534,2,1
533,698,508,0,3
533,699,508,0,3
533,700,534,2,1
533,704,508,0,3
533,712,558,3,0
533,714,508,0,3
533,721,534,2,1
534,625,559,3,0
534,628,509,0,3
534,630,509,0,3
534,636,509,0,3
534,637,559,3,0
534,642,559,3,0
534,643,535,2,1
534,644,559,3,0
534,645,509,0,3
534,647,535,2,1
534,649,559,3,0
534,654,559,3,0
534,670,509,0,3
534,685,509,0,3
534,687,509,0,3
534,698,509,0,3
534,699,509,0,3
534,700,509,0,3
534,704,509,0,3
534,714,509,0,3
535,625,534,1,2
535,628,534,1,2
535,630,534,1,2
535,636,534,1,2
535,637,560,3,0
535,642,534,1,2
535,643,536,2,1
535,644,560,3,0
535,645,534,1,2
535,647,536,2,1
535,649,560,3,0
535,651,560,3,0
535,654,560,3,0
535,670,534,1,2
535,674,534,1,2
535,685,534,1,2
535,687,510,0,3
535,692,560,3,0
535,694,560,3,0
535,698,534,1,2
535,699,534,1,2
535,700,510,0,3
535,701,560,3,0
535,704,534,1,2
535,714,534,1,2
536,625,535,1,2
536,628,535,1,2
536,630,535,1,2
536,636,535,1,2
536,637,561,3,0
536,642,535,1,2
536,643,537,2,1
536,644,561,3,0
536,645,535,1,2
536,647,537,2,1
536,649,561,3,0
536,651,561,3,0
536,654,561,3,0
536,670,535,1,2
536,674,535,1,2
536,685,535,1,2
536,687,511,0,3
536,698,535,1,2
536,699,535,1,2
536,700,511,0,3
536,704,535,1,2
536,714,535,1,2
537,625,536,1,2
537,628,536,1,2
537,629,538,2,1
537,630,536,1,2
537,634,538,2,1
537,637,562,3,0
537,642,536,1,2
537,643,538,2,1
537,645,536,1,2
537,647,538,2,1
537,649,562,3,0
537,651,562,3,0
537,654,538,2,1
537,670,536,1,2
537,674,536,1,2
537,698,536,1,2
537,699,536,1,2
537,700,512,0,3
537,704,536,1,2
537,714,536,1,2
538,625,537,1,2
538,628,537,1,2
538,630,537,1,2
538,639,539,2,1
538,642,537,1,2
538,643,539,2,1
538,645,537,1,2
538,670,537,1,2
538,699,537,1,2
538,700,513,0,3
538,704,537,1,2
539,628,538,1,2
539,630,538,1,2
539,642,538,1,2
539,643,643,22,0
539,645,538,1,2
539,670,538,1,2
539,681,540,2,1
539,699,538,1,2
540,670,541,2,1
540,675,541,2,1
541,626,566,3,0
541,628,542,2,1
541,630,542,2,1
541,635,566,3,0
541,642,542,2,1
541,643,540,1,2
541,645,542,2,1
541,650,516,0,3
541,653,516,0,3
541,670,542,2,1
541,678,566,3,0
541,695,566,3,0
541,699,542,2,1
541,719,566,3,0
542,625,543,2,1
542,628,543,2,1
542,630,543,2,1
542,631,517,0,3
542,642,543,2,1
542,643,541,1,2
542,645,543,2,1
542,647,647,26,0
542,666,567,3,0
542,669,567,3,0
542,670,543,2,1
542,677,567,3,0
542,686,517,0,3
542,699,543,2,1
542,700,517,0,3
542,704,543,2,1
542,715,567,3,0
542,723,567,3,0
543,625,544,2,1
543,628,544,2,1
543,630,544,2,1
543,637,568,3,0
543,642,544,2,1
543,643,542,1,2
543,645,544,2,1
543,647,542,1,2
543,649,568,3,0
543,651,568,3,0
543,654,568,3,0
543,660,518,0,3
543,663,518,0,3
543,670,544,2,1
543,674,544,2,1
543,682,568,3,0
543,683,568,3,0
543,687,518,0,3
543,699,544,2,1
543,700,518,0,3
543,704,544,2,1
543,705,568,3,0
543,707,518,0,3
543,709,568,3,0
543,714,544,2,1
543,720,568,3,0
544,625,545,2,1
544,627,519,0,3
544,628,545,2,1
544,630,545,2,1
544,637,569,3,0
544,642,545,2,1
544,643,543,1,2
544,644,569,3,0
544,645,545,2,1
544,647,543,1,2
544,649,569,3,0
544,651,569,3,0
544,652,569,3,0
544,654,569,3,0
544,657,519,0,3
544,670,545,2,1
544,674,545,2,1
544,679,519,0,3
544,687,519,0,3
544,697,569,3,0
544,698,545,2,1
544,699,545,2,1
544,700,519,0,3
544,702,569,3,0
544,704,545,2,1
544,708,569,3,0
544,710,519,0,3
544,714,545,2,1
544,722,569,3,0
545,625,546,2,1
545,628,546,2,1
545,630,546,2,1
545,636,546,2,1
545,637,570,3,0
545,642,546,2,1
545,643,544,1,2
545,644,570,3,0
545,645,546,2,1
545,647,544,1,2
545,649,570,3,0
545,651,570,3,0
545,654,570,3,0
545,670,546,2,1
545,674,546,2,1
545,685,546,2,1
545,687,520,0,3
545,692,570,3,0
545,694,570,3,0
545,698,546,2,1
545,699,546,2,1
545,700,520,0,3
545,701,570,3,0
545,704,546,2,1
545,714,546,2,1
546,625,571,3,0
546,628,521,0,3
546,630,521,0,3
546,636,521,0,3
546,637,571,3,0
546,642,571,3,0
546,643,545,1,2
546,644,571,3,0
546,645,521,0,3
546,647,545,1,2
546,649,571,3,0
546,654,571,3,0
546,664,571,3,0
546,670,521,0,3
546,672,571,3,0
546,685,521,0,3
546,687,521,0,3
546,692,571,3,0
546,698,521,0,3
546,699,521,0,3
546,700,521,0,3
546,701,571,3,0
546,704,521,0,3
546,706,571,3,0
546,712,571,3,0
546,714,521,0,3
546,716,571,3,0
547,625,572,3,0
547,628,522,0,3
547,630,522,0,3
547,636,522,0,3
547,637,546,1,2
547,642,572,3,0
547,643,546,1,2
547,644,546,1,2
547,645,522,0,3
547,646,548,2,1
547,647,546,1,2
547,649,546,1,2
547,651,546,1,2
547,654,546,1,2
547,655,548,2,1
547,670,522,0,3
547,674,572,3,0
547,685,522,0,3
547,687,546,1,2
547,692,546,1,2
547,694,546,1,2
547,698,522,0,3
547,699,522,0,3
547,700,546,1,2
547,701,546,1,2
547,704,522,0,3
547,714,522,0,3
547,721,548,2,1
548,625,573,3,0
548,628,523,0,3
548,630,523,0,3
548,636,549,2,1
548,637,547,1,2
548,642,573,3,0
548,643,547,1,2
548,644,547,1,2
548,645,523,0,3
548,647,547,1,2
548,649,547,1,2
548,651,547,1,2
548,654,547,1,2
548,670,523,0,3
548,674,573,3,0
548,685,549,2,1
548,687,547,1,2
548,694,549,2,1
548,698,523,0,3
548,699,523,0,3
548,700,547,1,2
548,703,549,2,1
548,704,523,0,3
548,714,523,0,3
549,625,574,3,0
549,628,524,0,3
549,630,524,0,3
549,633,525,2,3
549,637,548,1,2
549,640,525,2,3
549,642,574,3,0
549,643,548,1,2
549,645,524,0,3
549,647,548,1,2
549,649,548,1,2
549,651,548,1,2
549,654,548,1,2
549,658,525,2,3
549,661,525,2,3
549,670,524,0,3
549,674,574,3,0
549,687,548,1,2
549,689,525,2,3
549,696,525,2,3
549,698,525,2,3
549,699,524,0,3
549,700,548,1,2
549,704,524,0,3
549,714,524,0,3
550,625,575,2,0
550,628,525,0,2
550,630,575,2,0
550,642,575,2,0
550,643,574,3,2
550,645,525,0,2
550,647,574,3,2
550,654,574,3,2
550,667,551,1,1
550,670,525,0,2
550,673,551,1,1
550,699,525,0,2
550,700,574,3,2
550,704,525,0,2
550,713,551,1,1
550,714,525,0,2
550,717,551,1,1
550,718,551,1,1
550,724,551,1,1
551,628,526,0,3
551,630,576,3,0
551,641,552,2,1
551,642,576,3,0
551,643,550,1,1
551,645,526,0,3
551,670,526,0,3
551,684,552,2,1
551,693,552,2,1
551,699,526,0,3
552,630,577,3,0
552,643,553,2,1
552,670,527,0,3
552,691,553,2,1
552,699,527,0,3
553,628,528,0,3
553,630,578,3,0
553,642,578,3,0
553,643,554,2,1
553,645,528,0,3
553,648,578,3,0
553,659,528,0,3
553,662,578,3,0
553,668,578,3,0
553,670,528,0,3
553,671,528,0,3
553,676,528,0,3
553,690,578,3,0
553,699,528,0,3
554,625,579,3,0
554,628,529,0,3
554,630,579,3,0
554,642,579,3,0
554,643,555,2,1
554,645,529,0,3
554,656,579,3,0
554,670,529,0,3
554,688,579,3,0
554,699,529,0,3
554,704,529,0,3
555,625,580,3,0
555,628,530,0,3
555,630,580,3,0
555,642,580,3,0
555,643,556,2,1
555,645,530,0,3
555,647,556,2,1
555,670,530,0,3
555,674,580,3,0
555,680,580,3,0
555,699,530,0,3
555,700,556,2,1
555,704,530,0,3
555,714,530,0,3
556,625,581,3,0
556,628,531,0,3
556,630,581,3,0
556,632,531,0,3
556,637,557,2,1
556,642,581,3,0
556,643,557,2,1
556,645,531,0,3
556,647,557,2,1
556,649,557,2,1
556,651,557,2,1
556,654,557,2,1
556,665,581,3,0
556,670,531,0,3
556,674,581,3,0
556,687,557,2,1
556,698,531,0,3
556,699,531,0,3
556,700,557,2,1
556,704,531,0,3
556,714,531,0,3
557,625,582,3,0
557,628,532,0,3
557,630,582,3,0
557,636,532,0,3
557,637,558,2,1
557,642,582,3,0
557,643,558,2,1
557,644,558,2,1
557,645,532,0,3
557,647,558,2,1
557,649,558,2,1
557,651,558,2,1
557,654,558,2,1
557,670,532,0,3
557,674,582,3,0
557,685,532,0,3
557,687,558,2,1
557,694,558,2,1
557,698,532,0,3
557,699,532,0,3
557,700,558,2,1
557,704,532,0,3
557,714,532,0,3
558,625,583,3,0
558,628,533,0,3
558,630,583,3,0
558,636,533,0,3
558,637,559,2,1
558,642,583,3,0
558,643,559,2,1
558,644,559,2,1
558,645,533,0,3
558,646,559,2,1
558,647,559,2,1
558,649,559,2,1
558,651,559,2,1
558,654,559,2,1
558,655,559,2,1
558,664,583,3,0
558,670,533,0,3
558,672,583,3,0
558,674,583,3,0
558,685,533,0,3
558,687,559,2,1
558,694,559,2,1
558,698,533,0,3
558,699,533,0,3
558,700,559,2,1
558,704,533,0,3
558,712,583,3,0
558,714,533,0,3
558,721,559,2,1
559,625,584,3,0
559,628,534,0,3
559,630,584,3,0
559,636,534,0,3
559,637,584,3,0
559,642,584,3,0
559,643,534,0,3
559,644,584,3,0
559,645,534,0,3
559,649,584,3,0
559,651,560,2,1
559,654,584,3,0
559,670,534,0,3
559,685,534,0,3
559,687,534,0,3
559,698,534,0,3
559,699,534,0,3
559,700,534,0,3
559,704,534,0,3
559,714,534,0,3
560,625,559,1,2
560,628,559,1,2
560,630,559,1,2
560,636,559,1,2
560,637,585,3,0
560,642,559,1,2
560,643,535,0,3
560,644,585,3,0
560,645,559,1,2
560,647,535,0,3
560,649,585,3,0
560,651,561,2,1
560,654,585,3,0
560,670,559,1,2
560,674,559,1,2
560,685,559,1,2
560,687,535,0,3
560,692,585,3,0
560,694,585,3,0
560,698,559,1,2
560,699,559,1,2
560,700,535,0,3
560,701,585,3,0
560,704,559,1,2
560,714,559,1,2
561,625,560,1,2
561,628,560,1,2
561,630,560,1,2
561,636,560,1,2
561,637,586,3,0
561,642,560,1,2
561,643,536,0,3
561,644,586,3,0
561,645,560,1,2
561,647,536,0,3
561,649,586,3,0
561,651,562,2,1
561,654,586,3,0
561,670,560,1,2
561,674,560,1,2
561,685,560,1,2
561,687,536,0,3
561,698,560,1,2
561,699,560,1,2
561,700,536,0,3
561,704,560,1,2
561,714,560,1,2
562,625,561,1,2
562,628,561,1,2
562,629,563,2,1
562,630,561,1,2
562,634,563,2,1
562,637,587,3,0
562,642,561,1,2
562,643,537,0,3
562,645,561,1,2
562,647,537,0,3
562,649,587,3,0
562,651,651,30,0
562,654,563,2,1
562,670,561,1,2
562,674,561,1,2
562,698,561,1,2
562,699,561,1,2
562,700,537,0,3
562,704,561,1,2
562,714,561,1,2
563,625,562,1,2
563,628,562,1,2
563,630,562,1,2
563,639,564,2,1
563,642,562,1,2
563,643,538,0,3
563,645,562,1,2
563,670,562,1,2
563,699,562,1,2
563,700,538,0,3
563,704,562,1,2
564,628,563,1,2
564,630,563,1,2
564,642,563,1,2
564,643,539,0,3
564,645,563,1,2
564,670,563,1,2
564,699,563,1,2
565,670,566,2,1
565,675,566,2,1
566,626,591,3,0
566,628,567,2,1
566,630,567,2,1
566,642,567,2,1
566,643,541,0,3
566,645,567,2,1
566,650,541,0,3
566,653,541,0,3
566,670,567,2,1
566,678,591,3,0
566,695,591,3,0
566,699,567,2,1
566,719,591,3,0
567,625,568,2,1
567,628,568,2,1
567,630,568,2,1
567,631,542,0,3
567,642,568,2,1
567,643,542,0,3
567,645,568,2,1
567,647,542,0,3
567,666,592,3,0
567,669,592,3,0
567,670,568,2,1
567,677,592,3,0
567,686,542,0,3
567,699,568,2,1
567,700,542,0,3
567,704,568,2,1
567,715,592,3,0
567,723,592,3,0
568,625,569,2,1
568,628,569,2,1
568,630,569,2,1
568,637,593,3,0
568,642,569,2,1
568,643,543,0,3
568,645,569,2,1
568,647,543,0,3
568,649,593,3,0
568,654,593,3,0
568,660,543,0,3
568,663,543,0,3
568,670,569,2,1
568,674,569,2,1
568,682,593,3,0
568,683,593,3,0
568,687,543,0,3
568,699,569,2,1
568,700,543,0,3
568,704,569,2,1
568,705,593,3,0
568,707,543,0,3
568,709,593,3,0
568,714,569,2,1
568,720,593,3,0
569,625,570,2,1
569,627,544,0,3
569,628,570,2,1
569,630,570,2,1
569,637,594,3,0
569,642,570,2,1
569,643,544,0,3
569,644,594,3,0
569,645,570,2,1
569,647,544,0,3
569,649,594,3,0
569,651,568,1,2
569,652,594,3,0
569,654,594,3,0
569,657,544,0,3
569,670,570,2,1
569,674,570,2,1
569,679,544,0,3
569,687,544,0,3
569,697,594,3,0
569,698,570,2,1
569,699,570,2,1
569,700,544,0,3
569,702,594,3,0
569,704,570,2,1
569,708,594,3,0
569,710,544,0,3
569,714,570,2,1
569,722,594,3,0
570,625,571,2,1
570,628,571,2,1
570,630,571,2,1
570,636,571,2,1
570,637,595,3,0
570,642,571,2,1
570,643,545,0,3
570,644,595,3,0
570,645,571,2,1
570,647,545,0,3
570,649,595,3,0
570,651,569,1,2
570,654,595,3,0
570,670,571,2,1
570,674,571,2,1
570,685,571,2,1
570,687,545,0,3
570,692,595,3,0
570,694,595,3,0
570,698,571,2,1
570,699,571,2,1
570,700,545,0,3
570,701,595,3,0
570,704,571,2,1
570,714,571,2,1
571,625,596,3,0
571,628,546,0,3
571,630,596,3,0
571,636,546,0,3
571,637,596,3,0
571,642,596,3,0
571,643,546,0,3
571,644,596,3,0
571,645,546,0,3
571,649,596,3,0
571,651,570,1,2
571,654,596,3,0
571,664,596,3,0
571,670,546,0,3
571,672,596,3,0
571,685,546,0,3
571,687,546,0,3
571,692,596,3,0
571,698,546,0,3
571,699,546,0,3
571,700,546,0,3
571,701,596,3,0
571,704,546,0,3
571,706,596,3,0
571,712,596,3,0
571,714,546,0,3
571,716,596,3,0
572,625,597,3,0
572,628,547,0,3
572,630,597,3,0
572,636,547,0,3
572,637,571,1,2
572,642,597,3,0
572,643,571,1,2
572,644,571,1,2
572,645,547,0,3
572,646,573,2,1
572,647,571,1,2
572,649,571,1,2
572,651,571,1,2
572,654,571,1,2
572,655,573,2,1
572,670,547,0,3
572,674,597,3,0
572,685,547,0,3
572,687,571,1,2
572,692,571,1,2
572,694,571,1,2
572,698,547,0,3
572,699,547,0,3
572,700,571,1,2
572,701,571,1,2
572,704,547,0,3
572,714,547,0,3
572,721,573,2,1
573,625,598,3,0
573,628,548,0,3
573,630,598,3,0
573,636,574,2,1
573,637,572,1,2
573,638,574,2,1
573,642,598,3,0
573,643,572,1,2
573,644,572,1,2
573,645,548,0,3
573,647,572,1,2
573,649,572,1,2
573,651,572,1,2
573,654,572,1,2
573,670,548,0,3
573,674,598,3,0
573,685,574,2,1
573,687,572,1,2
573,694,574,2,1
573,698,548,0,3
573,699,548,0,3
573,700,572,1,2
573,703,574,2,1
573,704,548,0,3
573,714,548,0,3
574,625,599,3,0
574,628,549,0,3
574,630,599,3,0
574,633,550,2,3
574,637,573,1,2
574,640,550,2,3
574,642,599,3,0
574,643,573,1,2
574,645,549,0,3
574,647,573,1,2
574,649,573,1,2
574,651,573,1,2
574,654,573,1,2
574,661,550,2,3
574,670,549,0,3
574,674,599,3,0
574,687,573,1,2
574,689,550,2,3
574,696,550,2,3
574,698,550,2,3
574,699,549,0,3
574,700,573,1,2
574,704,549,0,3
574,714,549,0,3
575,625,600,2,0
575,628,550,0,2
575,630,600,2,0
575,642,600,2,0
575,643,599,3,2
575,645,550,0,2
575,647,599,3,2
575,654,599,3,2
575,667,576,1,1
575,670,600,2,0
575,673,576,1,1
575,699,550,0,2
575,700,599,3,2
575,704,550,0,2
575,713,576,1,1
575,714,550,0,2
575,717,576,1,1
575,718,576,1,1
575,724,576,1,1
576,628,551,0,3
576,630,601,3,0
576,641,577,2,1
576,642,601,3,0
576,643,575,1,1
576,645,551,0,3
576,670,601,3,0
576,684,577,2,1
576,693,577,2,1
576,699,551,0,3
577,630,602,3,0
577,643,578,2,1
577,670,602,3,0
577,691,578,2,1
577,699,552,0,3
578,628,553,0,3
578,630,603,3,0
578,642,603,3,0
578,643,579,2,1
578,645,553,0,3
578,648,603,3,0
578,659,553,0,3
578,662,603,3,0
578,668,603,3,0
578,670,603,3,0
578,671,603,3,0
578,676,553,0,3
578,690,603,3,0
578,699,553,0,3
579,625,604,3,0
579,628,554,0,3
579,630,604,3,0
579,642,604,3,0
579,643,580,2,1
579,645,554,0,3
579,656,604,3,0
579,670,604,3,0
579,688,604,3,0
579,699,554,0,3
579,704,554,0,3
580,625,605,3,0
580,628,555,0,3
580,630,605,3,0
580,642,605,3,0
580,643,581,2,1
580,645,555,0,3
580,647,581,2,1
580,670,605,3,0
580,674,605,3,0
580,680,605,3,0
580,699,555,0,3
580,700,581,2,1
580,704,555,0,3
580,714,555,0,3
581,625,606,3,0
581,628,556,0,3
581,630,606,3,0
581,632,556,0,3
581,637,582,2,1
581,642,606,3,0
581,643,582,2,1
581,645,556,0,3
581,647,582,2,1
581,649,582,2,1
581,651,582,2,1
581,654,582,2,1
581,670,606,3,0
581,674,606,3,0
581,687,582,2,1
581,698,556,0,3
581,699,556,0,3
581,700,582,2,1
581,704,556,0,3
581,714,556,0,3
582,625,607,3,0
582,628,557,0,3
582,630,607,3,0
582,636,607,3,0
582,637,583,2,1
582,642,607,3,0
582,643,583,2,1
582,644,583,2,1
582,645,557,0,3
582,647,583,2,1
582,649,583,2,1
582,651,583,2,1
582,654,583,2,1
582,670,607,3,0
582,674,607,3,0
582,685,557,0,3
582,687,583,2,1
582,694,583,2,1
582,698,557,0,3
582,699,557,0,3
582,700,583,2,1
582,704,557,0,3
582,714,557,0,3
583,625,608,3,0
583,628,558,0,3
583,630,608,3,0
583,636,608,3,0
583,637,584,2,1
583,642,608,3,0
583,643,584,2,1
583,644,584,2,1
583,645,558,0,3
583,646,584,2,1
583,647,584,2,1
583,649,584,2,1
583,651,584,2,1
583,654,584,2,1
583,655,584,2,1
583,664,608,3,0
583,670,608,3,0
583,672,608,3,0
583,674,608,3,0
583,685,558,0,3
583,687,584,2,1
583,694,584,2,1
583,698,558,0,3
583,699,558,0,3
583,700,584,2,1
583,704,558,0,3
583,712,608,3,0
583,714,558,0,3
583,721,584,2,1
584,625,609,3,0
584,628,559,0,3
584,630,609,3,0
584,637,609,3,0
584,642,609,3,0
584,643,559,0,3
584,644,609,3,0
584,645,559,0,3
584,649,609,3,0
584,651,559,0,3
584,654,609,3,0
584,670,609,3,0
584,685,559,0,3
584,687,559,0,3
584,698,559,0,3
584,699,559,0,3
584,700,559,0,3
584,704,559,0,3
584,714,559,0,3
585,625,584,1,2
585,628,584,1,2
585,630,584,1,2
585,636,584,1,2
585,637,610,3,0
585,642,584,1,2
585,643,560,0,3
585,644,610,3,0
585,645,584,1,2
585,647,560,0,3
585,649,610,3,0
585,651,560,0,3
585,654,610,3,0
585,670,584,1,2
585,674,584,1,2
585,685,584,1,2
585,687,560,0,3
585,692,610,3,0
585,694,610,3,0
585,698,584,1,2
585,699,584,1,2
585,700,560,0,3
585,701,610,3,0
585,704,584,1,2
585,714,584,1,2
586,625,585,1,2
586,628,585,1,2
586,630,585,1,2
586,636,585,1,2
586,637,611,3,0
586,642,585,1,2
586,643,561,0,3
586,644,611,3,0
586,645,585,1,2
586,647,561,0,3
586,649,611,3,0
586,651,561,0,3
586,654,611,3,0
586,670,585,1,2
586,674,585,1,2
586,685,585,1,2
586,687,561,0,3
586,698,585,1,2
586,699,585,1,2
586,700,561,0,3
586,704,585,1,2
586,714,585,1,2
587,625,586,1,2
587,628,586,1,2
587,629,588,2,1
587,630,586,1,2
587,634,588,2,1
587,637,612,3,0
587,642,586,1,2
587,643,562,0,3
587,645,586,1,2
587,647,562,0,3
587,649,612,3,0
587,651,562,0,3
587,654,588,2,1
587,670,586,1,2
587,674,586,1,2
587,698,586,1,2
587,699,586,1,2
587,700,562,0,3
587,704,586,1,2
587,714,586,1,2
588,625,587,1,2
588,628,587,1,2
588,630,587,1,2
588,639,589,2,1
588,642,587,1,2
588,643,563,0,3
588,645,587,1,2
588,670,587,1,2
588,699,587,1,2
588,700,563,0,3
588,704,587,1,2
589,628,588,1,2
589,630,588,1,2
589,642,588,1,2
589,643,564,0,3
589,645,588,1,2
589,670,588,1,2
589,681,590,2,1
589,699,588,1,2
590,670,591,2,1
590,675,591,2,1
591,626,616,3,0
591,628,592,2,1
591,630,592,2,1
591,635,566,0,3
591,642,592,2,1
591,643,566,0,3
591,645,592,2,1
591,650,566,0,3
591,653,566,0,3
591,670,592,2,1
591,678,616,3,0
591,699,592,2,1
591,719,616,3,0
592,625,593,2,1
592,628,593,2,1
592,630,593,2,1
592,631,567,0,3
592,642,593,2,1
592,643,567,0,3
592,645,593,2,1
592,647,567,0,3
592,666,617,3,0
592,669,617,3,0
592,670,593,2,1
592,677,617,3,0
592,686,567,0,3
592,699,593,2,1
592,700,567,0,3
592,704,593,2,1
592,715,617,3,0
592,723,617,3,0
593,625,594,2,1
593,628,594,2,1
593,630,594,2,1
593,637,618,3,0
593,642,594,2,1
593,643,568,0,3
593,645,594,2,1
593,647,568,0,3
593,649,618,3,0
593,651,568,0,3
593,654,618,3,0
593,660,568,0,3
593,663,568,0,3
593,670,594,2,1
593,674,594,2,1
593,682,618,3,0
593,683,618,3,0
593,687,568,0,3
593,699,594,2,1
593,700,568,0,3
593,704,594,2,1
593,705,618,3,0
593,707,568,0,3
593,709,618,3,0
593,714,594,2,1
593,720,618,3,0
594,625,595,2,1
594,627,569,0,3
594,628,595,2,1
594,630,595,2,1
594,637,619,3,0
594,642,595,2,1
594,643,569,0,3
594,644,619,3,0
594,645,595,2,1
594,647,569,0,3
594,649,619,3,0
594,651,569,0,3
594,652,619,3,0
594,654,619,3,0
594,657,569,0,3
594,670,595,2,1
594,674,595,2,1
594,679,569,0,3
594,687,569,0,3
594,697,619,3,0
594,698,595,2,1
594,699,595,2,1
594,700,569,0,3
594,702,619,3,0
594,704,595,2,1
594,708,619,3,0
594,710,569,0,3
594,714,595,2,1
594,722,619,3,0
595,625,596,2,1
595,628,596,2,1
595,630,596,2,1
595,636,596,2,1
595,637,620,3,0
595,642,596,2,1
595,643,570,0,3
595,644,620,3,0
595,645,596,2,1
595,647,570,0,3
595,649,620,3,0
595,651,570,0,3
595,654,620,3,0
595,670,596,2,1
595,674,596,2,1
595,685,596,2,1
595,687,570,0,3
595,692,620,3,0
595,694,620,3,0
595,698,596,2,1
595,699,596,2,1
595,700,570,0,3
595,701,620,3,0
595,704,596,2,1
595,714,596,2,1
596,625,621,3,0
596,628,571,0,3
596,630,621,3,0
596,637,621,3,0
596,642,621,3,0
596,643,571,0,3
596,644,621,3,0
596,645,571,0,3
596,649,621,3,0
596,651,571,0,3
596,654,621,3,0
596,664,621,3,0
596,670,621,3,0
596,672,621,3,0
596,685,571,0,3
596,687,571,0,3
596,692,621,3,0
596,698,571,0,3
596,699,571,0,3
596,700,571,0,3
596,701,621,3,0
596,704,571,0,3
596,706,621,3,0
596,712,621,3,0
596,714,571,0,3
596,716,621,3,0
597,625,622,3,0
597,628,572,0,3
597,630,622,3,0
597,636,622,3,0
597,637,596,1,2
597,642,622,3,0
597,643,596,1,2
597,644,596,1,2
597,645,572,0,3
597,646,598,2,1
597,647,596,1,2
597,649,596,1,2
597,651,596,1,2
597,654,596,1,2
597,655,598,2,1
597,670,622,3,0
597,674,622,3,0
597,685,572,0,3
597,687,596,1,2
597,692,596,1,2
597,694,596,1,2
597,698,572,0,3
597,699,572,0,3
597,700,596,1,2
597,701,596,1,2
597,704,572,0,3
597,714,572,0,3
597,721,598,2,1
598,625,623,3,0
598,628,573,0,3
598,630,623,3,0
598,636,599,2,1
598,637,597,1,2
598,638,599,2,1
598,642,623,3,0
598,643,597,1,2
598,644,597,1,2
598,645,573,0,3
598,647,597,1,2
598,649,597,1,2
598,651,597,1,2
598,654,597,1,2
598,670,623,3,0
598,674,623,3,0
598,685,599,2,1
598,687,597,1,2
598,694,599,2,1
598,698,573,0,3
598,699,573,0,3
598,700,597,1,2
598,703,599,2,1
598,704,573,0,3
598,714,573,0,3
599,625,624,3,0
599,628,574,0,3
599,630,624,3,0
599,633,575,2,3
599,637,598,1,2
599,640,575,2,3
599,642,624,3,0
599,643,598,1,2
599,645,574,0,3
599,647,598,1,2
599,649,598,1,2
599,651,598,1,2
599,654,598,1,2
599,658,575,2,3
599,661,575,2,3
599,670,624,3,0
599,674,624,3,0
599,687,598,1,2
599,689,575,2,3
599,696,575,2,3
599,698,575,2,3
599,699,574,0,3
599,700,598,1,2
599,704,574,0,3
599,714,574,0,3
600,625,0,2,3
600,628,575,0,2
600,630,0,2,3
600,642,0,2,3
600,643,624,3,2
600,645,575,0,2
600,647,624,3,2
600,654,624,3,2
600,667,601,1,1
600,670,0,2,3
600,673,601,1,1
600,699,575,0,2
600,700,624,3,2
600,704,575,0,2
600,713,601,1,1
600,714,575,0,2
600,717,601,1,1
600,718,601,1,1
600,724,601,1,1
601,628,576,0,3
601,630,1,3,3
601,641,602,2,1
601,642,1,3,3
601,643,600,1,1
601,645,576,0,3
601,670,1,3,3
601,684,602,2,1
601,693,602,2,1
601,699,576,0,3
602,630,2,3,3
602,643,603,2,1
602,670,2,3,3
602,691,603,2,1
602,699,577,0,3
603,628,578,0,3
603,630,3,3,3
603,642,3,3,3
603,643,604,2,1
603,645,578,0,3
603,648,3,3,3
603,659,578,0,3
603,662,3,3,3
603,668,3,3,3
603,670,3,3,3
603,671,3,3,3
603,676,3,3,3
603,690,3,3,3
603,699,578,0,3
604,625,4,3,3
604,628,579,0,3
604,630,4,3,3
604,642,4,3,3
604,643,605,2,1
604,645,579,0,3
604,656,4,3,3
604,670,4,3,3
604,688,4,3,3
604,699,579,0,3
604,704,579,0,3
605,625,5,3,3
605,628,580,0,3
605,630,5,3,3
605,642,5,3,3
605,643,606,2,1
605,645,580,0,3
605,647,606,2,1
605,670,5,3,3
605,674,5,3,3
605,680,5,3,3
605,699,580,0,3
605,700,606,2,1
605,704,580,0,3
605,714,580,0,3
606,625,6,3,3
606,628,581,0,3
606,630,6,3,3
606,632,581,0,3
606,637,607,2,1
606,642,6,3,3
606,643,607,2,1
606,645,581,0,3
606,647,607,2,1
606,649,607,2,1
606,651,607,2,1
606,654,607,2,1
606,665,581,0,3
606,670,6,3,3
606,674,6,3,3
606,687,607,2,1
606,698,581,0,3
606,699,581,0,3
606,700,607,2,1
606,704,581,0,3
606,714,581,0,3
607,625,7,3,3
607,628,582,0,3
607,630,7,3,3
607,636,7,3,3
607,637,608,2,1
607,642,7,3,3
607,643,608,2,1
607,644,608,2,1
607,645,582,0,3
607,647,608,2,1
607,649,608,2,1
607,651,608,2,1
607,654,608,2,1
607,670,7,3,3
607,674,7,3,3
607,685,582,0,3
607,687,608,2,1
607,694,608,2,1
607,698,582,0,3
607,699,582,0,3
607,700,608,2,1
607,704,582,0,3
607,714,582,0,3
608,625,8,3,3
608,628,583,0,3
608,630,8,3,3
608,636,8,3,3
608,637,609,2,1
608,642,8,3,3
608,643,609,2,1
608,644,609,2,1
608,645,583,0,3
608,646,609,2,1
608,647,609,2,1
608,649,609,2,1
608,651,609,2,1
608,654,609,2,1
608,655,609,2,1
608,664,8,3,3
608,670,8,3,3
608,672,8,3,3
608,674,8,3,3
608,685,583,0,3
608,687,609,2,1
608,694,609,2,1
608,698,583,0,3
608,699,583,0,3
608,700,609,2,1
608,704,583,0,3
608,712,8,3,3
608,714,583,0,3
608,721,609,2,1
609,625,9,3,3
609,628,584,0,3
609,630,9,3,3
609,637,9,3,3
609,642,9,3,3
609,643,584,0,3
609,644,9,3,3
609,645,584,0,3
609,649,9,3,3
609,651,584,0,3
609,654,9,3,3
609,670,9,3,3
609,674,9,3,3
609,685,584,0,3
609,687,584,0,3
609,698,584,0,3
609,699,584,0,3
609,700,584,0,3
609,704,584,0,3
609,714,584,0,3
610,625,609,1,2
610,628,609,1,2
610,630,609,1,2
610,636,609,1,2
610,637,10,3,3
610,642,609,1,2
610,643,585,0,3
610,644,10,3,3
610,645,609,1,2
610,647,585,0,3
610,649,10,3,3
610,651,585,0,3
610,654,10,3,3
610,670,609,1,2
610,674,609,1,2
610,685,609,1,2
610,687,585,0,3
610,692,10,3,3
610,694,10,3,3
610,698,609,1,2
610,699,609,1,2
610,700,585,0,3
610,701,10,3,3
610,704,609,1,2
610,714,609,1,2
611,625,610,1,2
611,628,610,1,2
611,630,610,1,2
611,636,610,1,2
611,637,11,3,3
611,642,610,1,2
611,643,586,0,3
611,644,11,3,3
611,645,610,1,2
611,647,586,0,3
611,649,11,3,3
611,651,586,0,3
611,654,11,3,3
611,670,610,1,2
611,674,610,1,2
611,685,610,1,2
611,687,586,0,3
611,698,610,1,2
611,699,610,1,2
611,700,586,0,3
611,704,610,1,2
611,714,610,1,2
612,625,611,1,2
612,628,611,1,2
612,629,613,2,1
612,630,611,1,2
612,634,613,2,1
612,637,12,3,3
612,642,611,1,2
612,643,587,0,3
612,645,611,1,2
612,647,587,0,3
612,649,12,3,3
612,651,587,0,3
612,654,613,2,1
612,670,611,1,2
612,674,611,1,2
612,698,611,1,2
612,699,611,1,2
612,700,587,0,3
612,704,611,1,2
612,714,611,1,2
613,625,612,1,2
613,628,612,1,2
613,630,612,1,2
613,639,614,2,1
613,642,612,1,2
613,643,588,0,3
613,645,612,1,2
613,670,612,1,2
613,699,612,1,2
613,700,588,0,3
613,704,612,1,2
614,628,613,1,2
614,630,613,1,2
614,642,613,1,2
614,643,589,0,3
614,645,613,1,2
614,670,613,1,2
614,681,615,2,1
614,699,613,1,2
615,670,616,2,1
615,675,616,2,1
616,626,16,3,3
616,628,617,2,1
616,630,617,2,1
616,635,591,0,3
616,642,617,2,1
616,643,591,0,3
616,645,617,2,1
616,650,591,0,3
616,653,591,0,3
616,670,617,2,1
616,678,16,3,3
616,695,591,0,3
616,699,617,2,1
617,625,618,2,1
617,628,618,2,1
617,630,618,2,1
617,631,592,0,3
617,642,618,2,1
617,643,592,0,3
617,645,618,2,1
617,647,592,0,3
617,666,17,3,3
617,669,17,3,3
617,670,618,2,1
617,677,17,3,3
617,686,17,3,3
617,699,618,2,1
617,700,592,0,3
617,704,618,2,1
617,715,17,3,3
617,723,17,3,3
618,625,619,2,1
618,628,619,2,1
618,630,619,2,1
618,637,18,3,3
618,642,619,2,1
618,643,593,0,3
618,645,619,2,1
618,647,593,0,3
618,649,18,3,3
618,651,593,0,3
618,654,18,3,3
618,660,593,0,3
618,663,593,0,3
618,670,619,2,1
618,674,619,2,1
618,682,18,3,3
618,683,18,3,3
618,687,593,0,3
618,699,619,2,1
618,700,593,0,3
618,704,619,2,1
618,705,18,3,3
618,707,593,0,3
618,709,18,3,3
618,714,619,2,1
618,720,18,3,3
619,625,620,2,1
619,627,594,0,3
619,628,620,2,1
619,630,620,2,1
619,637,19,3,3
619,642,620,2,1
619,643,594,0,3
619,644,19,3,3
619,645,620,2,1
619,647,594,0,3
619,649,19,3,3
619,651,594,0,3
619,652,19,3,3
619,654,19,3,3
619,657,594,0,3
619,670,620,2,1
619,674,620,2,1
619,679,594,0,3
619,687,594,0,3
619,697,19,3,3
619,698,620,2,1
619,699,620,2,1
619,700,594,0,3
619,702,19,3,3
619,704,620,2,1
619,708,19,3,3
619,710,594,0,3
619,714,620,2,1
619,722,19,3,3
620,625,621,2,1
620,628,621,2,1
620,630,621,2,1
620,636,621,2,1
620,637,20,3,3
620,642,621,2,1
620,643,595,0,3
620,644,20,3,3
620,645,621,2,1
620,647,595,0,3
620,649,20,3,3
620,651,595,0,3
620,654,20,3,3
620,670,621,2,1
620,674,621,2,1
620,685,621,2,1
620,687,595,0,3
620,692,20,3,3
620,694,20,3,3
620,698,621,2,1
620,699,621,2,1
620,700,595,0,3
620,701,20,3,3
620,704,621,2,1
620,714,621,2,1
621,625,21,3,3
621,628,596,0,3
621,630,21,3,3
621,637,21,3,3
621,642,21,3,3
621,643,596,0,3
621,644,21,3,3
621,645,596,0,3
621,649,21,3,3
621,651,596,0,3
621,654,21,3,3
621,664,21,3,3
621,670,21,3,3
621,672,21,3,3
621,674,21,3,3
621,685,596,0,3
621,687,596,0,3
621,692,21,3,3
621,698,596,0,3
621,699,596,0,3
621,700,596,0,3
621,701,21,3,3
621,704,596,0,3
621,706,21,3,3
621,712,21,3,3
621,714,596,0,3
621,716,21,3,3
622,625,22,3,3
622,628,597,0,3
622,630,22,3,3
622,636,22,3,3
622,637,621,1,2
622,642,22,3,3
622,643,621,1,2
622,644,621,1,2
622,645,597,0,3
622,646,623,2,1
622,647,621,1,2
622,649,621,1,2
622,651,621,1,2
622,654,621,1,2
622,655,623,2,1
622,670,22,3,3
622,674,22,3,3
622,685,597,0,3
622,687,621,1,2
622,692,621,1,2
622,694,621,1,2
622,698,597,0,3
622,699,597,0,3
622,700,621,1,2
622,701,621,1,2
622,704,597,0,3
622,714,597,0,3
622,721,623,2,1
623,625,23,3,3
623,628,598,0,3
623,630,23,3,3
623,636,624,2,1
623,637,622,1,2
623,638,624,2,1
623,642,23,3,3
623,643,622,1,2
623,644,622,1,2
623,645,598,0,3
623,647,622,1,2
623,649,622,1,2
623,651,622,1,2
623,654,622,1,2
623,670,23,3,3
623,674,23,3,3
623,685,624,2,1
623,687,622,1,2
623,694,624,2,1
623,698,598,0,3
623,699,598,0,3
623,700,622,1,2
623,703,624,2,1
623,704,598,0,3
623,714,598,0,3
624,625,24,3,3
624,628,599,0,3
624,630,24,3,3
624,633,600,2,3
624,637,623,1,2
624,640,600,2,3
624,642,24,3,3
624,643,623,1,2
624,645,599,0,3
624,647,623,1,2
624,649,623,1,2
624,651,623,1,2
624,654,623,1,2
624,658,600,2,3
624,661,600,2,3
624,670,24,3,3
624,674,24,3,3
624,687,623,1,2
624,689,600,2,3
624,698,600,2,3
624,699,599,0,3
624,700,623,1,2
624,704,599,0,3
624,714,599,0,3
625,626,4,0,4
625,627,4,0,4
625,628,4,0,4
625,629,4,0,4
625,630,4,0,4
625,631,4,0,4
625,632,4,0,4
625,633,4,0,4
625,634,4,0,4
625,635,4,0,4
625,636,4,0,4
625,637,4,0,4
625,638,4,0,4
625,639,4,0,4
625,640,4,0,4
625,641,4,0,4
625,642,4,0,4
625,643,4,0,4
625,644,4,0,4
625,645,4,0,4
625,646,4,0,4
625,647,4,0,4
625,648,4,0,4
625,649,4,0,4
625,650,4,0,4
625,651,4,0,4
625,652,4,0,4
625,653,4,0,4
625,654,4,0,4
625,655,4,0,4
625,656,4,0,4
625,657,4,0,4
625,658,4,0,4
625,659,4,0,4
625,660,4,0,4
625,661,4,0,4
625,662,4,0,4
625,663,4,0,4
625,664,4,0,4
625,665,4,0,4
625,666,4,0,4
625,667,4,0,4
625,668,4,0,4
625,669,4,0,4
625,670,4,0,4
625,671,4,0,4
625,672,4,0,4
625,673,4,0,4
625,674,4,0,4
625,675,4,0,4
625,676,4,0,4
625,677,4,0,4
625,678,4,0,4
625,679,4,0,4
625,680,4,0,4
625,681,4,0,4
625,682,4,0,4
625,683,4,0,4
625,684,4,0,4
625,685,4,0,4
625,686,4,0,4
625,687,4,0,4
625,688,4,0,4
625,689,4,0,4
625,690,4,0,4
625,691,4,0,4
625,692,4,0,4
625,693,4,0,4
625,694,4,0,4
625,695,4,0,4
625,696,4,0,4
625,697,4,0,4
625,698,4,0,4
625,699,4,0,4
625,700,4,0,4
625,701,4,0,4
625,702,4,0,4
625,703,4,0,4
625,704,4,0,4
625,705,4,0,4
625,706,4,0,4
625,707,4,0,4
625,708,4,0,4
625,709,4,0,4
625,710,4,0,4
625,711,4,0,4
625,712,4,0,4
625,713,4,0,4
625,714,4,0,4
625,715,4,0,4
625,716,4,0,4
625,717,4,0,4
625,718,4,0,4
625,719,4,0,4
625,720,4,0,4
625,721,4,0,4
625,722,4,0,4
625,723,4,0,4
625,724,4,0,4
627,625,436,0,6
627,626,436,0,6
627,628,436,0,6
627,629,436,0,6
627,630,436,0,6
627,631,436,0,6
627,632,436,0,6
627,633,436,0,6
627,634,436,0,6
627,635,436,0,6
627,636,436,0,6
627,637,436,0,6
627,638,436,0,6
627,639,436,0,6
627,640,436,0,6
627,641,436,0,6
627,642,436,0,6
627,643,436,0,6
627,644,436,0,6
627,645,436,0,6
627,646,436,0,6
627,647,436,0,6
627,648,436,0,6
627,649,436,0,6
627,650,436,0,6
627,651,436,0,6
627,652,436,0,6
627,653,436,0,6
627,654,436,0,6
627,655,436,0,6
627,656,436,0,6
627,657,436,0,6
627,658,436,0,6
627,659,436,0,6
627,660,436,0,6
627,661,436,0,6
627,662,436,0,6
627,663,436,0,6
627,664,436,0,6
627,665,436,0,6
627,666,436,0,6
627,667,436,0,6
627,668,436,0,6
627,669,436,0,6
627,670,436,0,6
627,671,436,0,6
627,672,436,0,6
627,673,436,0,6
627,674,436,0,6
627,675,436,0,6
627,676,436,0,6
627,677,436,0,6
627,678,436,0,6
627,679,436,0,6
627,680,436,0,6
627,681,436,0,6
627,682,436,0,6
627,683,436,0,6
627,684,436,0,6
627,685,436,0,6
627,686,436,0,6
627,687,436,0,6
627,688,436,0,6
627,689,436,0,6
627,690,436,0,6
627,691,436,0,6
627,692,436,0,6
627,693,436,0,6
627,694,436,0,6
627,695,436,0,6
627,696,436,0,6
627,697,436,0,6
627,698,436,0,6
627,699,436,0,6
627,700,436,0,6
627,701,436,0,6
627,702,436,0,6
627,703,436,0,6
627,704,436,0,6
627,705,436,0,6
627,706,436,0,6
627,707,436,0,6
627,708,436,0,6
627,709,436,0,6
627,710,436,0,6
627,711,436,0,6
627,712,436,0,6
627,713,436,0,6
627,714,436,0,6
627,715,436,0,6
627,716,436,0,6
627,717,436,0,6
627,718,436,0,6
627,719,436,0,6
627,720,436,0,6
627,721,436,0,6
627,722,436,0,6
627,723,436,0,6
627,724,436,0,6
628,625,378,0,7
628,626,378,0,7
628,627,378,0,7
628,629,378,0,7
628,630,378,0,7
628,631,378,0,7
628,632,378,0,7
628,633,378,0,7
628,634,378,0,7
628,635,378,0,7
628,636,378,0,7
628,637,378,0,7
628,638,378,0,7
628,639,378,0,7
628,640,378,0,7
628,641,378,0,7
628,642,378,0,7
628,643,378,0,7
628,644,378,0,7
628,645,378,0,7
628,646,378,0,7
628,647,378,0,7
628,648,378,0,7
628,649,378,0,7
628,650,378,0,7
628,651,378,0,7
628,652,378,0,7
628,653,378,0,7
628,654,378,0,7
628,655,378,0,7
628,656,378,0,7
628,657,378,0,7
628,658,378,0,7
628,659,378,0,7
628,660,378,0,7
628,661,378,0,7
628,662,378,0,7
628,663,378,0,7
628,664,378,0,7
628,665,378,0,7
628,666,378,0,7
628,667,378,0,7
628,668,378,0,7
628,669,378,0,7
628,670,378,0,7
628,671,378,0,7
628,672,378,0,7
628,673,378,0,7
628,674,378,0,7
628,675,378,0,7
628,676,378,0,7
628,677,378,0,7
628,678,378,0,7
628,679,378,0,7
628,680,378,0,7
628,681,378,0,7
628,682,378,0,7
628,683,378,0,7
628,684,378,0,7
628,685,378,0,7
628,686,378,0,7
628,687,378,0,7
628,688,378,0,7
628,689,378,0,7
628,690,378,0,7
628,691,378,0,7
628,692,378,0,7
628,693,378,0,7
628,694,378,0,7
628,695,378,0,7
628,696,378,0,7
628,697,378,0,7
628,698,378,0,7
628,699,378,0,7
628,700,378,0,7
628,701,378,0,7
628,702,378,0,7
628,703,378,0,7
628,704,378,0,7
628,705,378,0,7
628,706,378,0,7
628,707,378,0,7
628,708,378,0,7
628,709,378,0,7
628,710,378,0,7
628,711,378,0,7
628,712,378,0,7
628,713,378,0,7
628,714,378,0,7
628,715,378,0,7
628,716,378,0,7
628,717,378,0,7
628,718,378,0,7
628,719,378,0,7
628,720,378,0,7
628,721,378,0,7
628,722,378,0,7
628,723,378,0,7
628,724,378,0,7
629,625,343,0,8
629,626,343,0,8
629,627,343,0,8
629,628,343,0,8
629,630,343,0,8
629,631,343,0,8
629,632,343,0,8
629,633,343,0,8
629,634,343,0,8
629,635,343,0,8
629,636,343,0,8
629,637,343,0,8
629,638,343,0,8
629,639,343,0,8
629,640,343,0,8
629,641,343,0,8
629,642,343,0,8
629,643,343,0,8
629,644,343,0,8
629,645,343,0,8
629,646,343,0,8
629,647,343,0,8
629,648,343,0,8
629,649,343,0,8
629,650,343,0,8
629,651,343,0,8
629,652,343,0,8
629,653,343,0,8
629,654,343,0,8
629,655,343,0,8
629,656,343,0,8
629,657,343,0,8
629,658,343,0,8
629,659,343,0,8
629,660,343,0,8
629,661,343,0,8
629,662,343,0,8
629,663,343,0,8
629,664,343,0,8
629,665,343,0,8
629,666,343,0,8
629,667,343,0,8
629,668,343,0,8
629,669,343,0,8
629,670,343,0,8
629,671,343,0,8
629,672,343,0,8
629,673,343,0,8
629,674,343,0,8
629,675,343,0,8
629,676,343,0,8
629,677,343,0,8
629,678,343,0,8
629,679,343,0,8
629,680,343,0,8
629,681,343,0,8
629,682,343,0,8
629,683,343,0,8
629,684,343,0,8
629,685,343,0,8
629,686,343,0,8
629,687,343,0,8
629,688,343,0,8
629,689,343,0,8
629,690,343,0,8
629,691,343,0,8
629,692,343,0,8
629,693,343,0,8
629,694,343,0,8
629,695,343,0,8
629,696,343,0,8
629,697,343,0,8
629,698,343,0,8
629,699,343,0,8
629,700,343,0,8
629,701,343,0,8
629,702,343,0,8
629,703,343,0,8
629,704,343,0,8
629,705,343,0,8
629,706,343,0,8
629,707,343,0,8
629,708,343,0,8
629,709,343,0,8
629,710,343,0,8
629,711,343,0,8
629,712,343,0,8
629,713,343,0,8
629,714,343,0,8
629,715,343,0,8
629,716,343,0,8
629,717,343,0,8
629,718,343,0,8
629,719,343,0,8
629,720,343,0,8
629,721,343,0,8
629,722,343,0,8
629,723,343,0,8
629,724,343,0,8
630,625,227,0,9
630,626,227,0,9
630,627,227,0,9
630,628,227,0,9
630,629,227,0,9
630,631,227,0,9
630,632,227,0,9
630,633,227,0,9
630,634,227,0,9
630,635,227,0,9
630,636,227,0,9
630,637,227,0,9
630,638,227,0,9
630,639,227,0,9
630,640,227,0,9
630,641,227,0,9
630,642,227,0,9
630,643,227,0,9
630,644,227,0,9
630,645,227,0,9
630,646,227,0,9
630,647,227,0,9
630,648,227,0,9
630,649,227,0,9
630,650,227,0,9
630,651,227,0,9
630,652,227,0,9
630,653,227,0,9
630,654,227,0,9
630,655,227,0,9
630,656,227,0,9
630,657,227,0,9
630,658,227,0,9
630,659,227,0,9
630,660,227,0,9
630,661,227,0,9
630,662,227,0,9
630,663,227,0,9
630,664,227,0,9
630,665,227,0,9
630,666,227,0,9
630,667,227,0,9
630,668,227,0,9
630,669,227,0,9
630,670,227,0,9
630,671,227,0,9
630,672,227,0,9
630,673,227,0,9
630,674,227,0,9
630,675,227,0,9
630,676,227,0,9
630,677,227,0,9
630,678,227,0,9
630,679,227,0,9
630,680,227,0,9
630,681,227,0,9
630,682,227,0,9
630,683,227,0,9
630,684,227,0,9
630,685,227,0,9
630,686,227,0,9
630,687,227,0,9
630,688,227,0,9
630,689,227,0,9
630,690,227,0,9
630,691,227,0,9
630,692,227,0,9
630,693,227,0,9
630,694,227,0,9
630,695,227,0,9
630,696,227,0,9
630,697,227,0,9
630,698,227,0,9
630,699,227,0,9
630,700,227,0,9
630,701,227,0,9
630,702,227,0,9
630,703,227,0,9
630,704,227,0,9
630,705,227,0,9
630,706,227,0,9
630,707,227,0,9
630,708,227,0,9
630,709,227,0,9
630,710,227,0,9
630,711,227,0,9
630,712,227,0,9
630,713,227,0,9
630,714,227,0,9
630,715,227,0,9
630,716,227,0,9
630,717,227,0,9
630,718,227,0,9
630,719,227,0,9
630,720,227,0,9
630,721,227,0,9
630,722,227,0,9
630,723,227,0,9
630,724,227,0,9
636,625,257,0,15
636,626,257,0,15
636,627,257,0,15
636,628,257,0,15
636,629,257,0,15
636,630,257,0,15
636,631,257,0,15
636,632,257,0,15
636,633,257,0,15
636,634,257,0,15
636,635,257,0,15
636,637,257,0,15
636,638,257,0,15
636,639,257,0,15
636,640,257,0,15
636,641,257,0,15
636,642,257,0,15
636,643,257,0,15
636,644,257,0,15
636,645,257,0,15
636,646,257,0,15
636,647,257,0,15
636,648,257,0,15
636,649,257,0,15
636,650,257,0,15
636,651,257,0,15
636,652,257,0,15
636,653,257,0,15
636,654,257,0,15
636,655,257,0,15
636,656,257,0,15
636,657,257,0,15
636,658,257,0,15
636,659,257,0,15
636,660,257,0,15
636,661,257,0,15
636,662,257,0,15
636,663,257,0,15
636,664,257,0,15
636,665,257,0,15
636,666,257,0,15
636,667,257,0,15
636,668,257,0,15
636,669,257,0,15
636,670,257,0,15
636,671,257,0,15
636,672,257,0,15
636,673,257,0,15
636,674,257,0,15
636,675,257,0,15
636,676,257,0,15
636,677,257,0,15
636,678,257,0,15
636,679,257,0,15
636,680,257,0,15
636,681,257,0,15
636,682,257,0,15
636,683,257,0,15
636,684,257,0,15
636,685,257,0,15
636,686,257,0,15
636,687,257,0,15
636,688,257,0,15
636,689,257,0,15
636,690,257,0,15
636,691,257,0,15
636,692,257,0,15
636,693,257,0,15
636,694,257,0,15
636,695,257,0,15
636,696,257,0,15
636,697,257,0,15
636,698,257,0,15
636,699,257,0,15
636,700,257,0,15
636,701,257,0,15
636,702,257,0,15
636,703,257,0,15
636,704,257,0,15
636,705,257,0,15
636,706,257,0,15
636,707,257,0,15
636,708,257,0,15
636,709,257,0,15
636,710,257,0,15
636,711,257,0,15
636,712,257,0,15
636,713,257,0,15
636,714,257,0,15
636,715,257,0,15
636,716,257,0,15
636,717,257,0,15
636,718,257,0,15
636,719,257,0,15
636,720,257,0,15
636,721,257,0,15
636,722,257,0,15
636,723,257,0,15
636,724,257,0,15
637,625,187,0,16
637,626,187,0,16
637,627,187,0,16
637,628,187,0,16
637,629,187,0,16
637,630,187,0,16
637,631,187,0,16
637,632,187,0,16
637,633,187,0,16
637,634,187,0,16
637,635,187,0,16
637,636,187,0,16
637,638,187,0,16
637,639,187,0,16
637,640,187,0,16
637,641,187,0,16
637,642,187,0,16
637,643,187,0,16
637,644,187,0,16
637,645,187,0,16
637,646,187,0,16
637,647,187,0,16
637,648,187,0,16
637,649,187,0,16
637,650,187,0,16
637,651,187,0,16
637,652,187,0,16
637,653,187,0,16
637,654,187,0,16
637,655,187,0,16
637,656,187,0,16
637,657,187,0,16
637,658,187,0,16
637,659,187,0,16
637,660,187,0,16
637,661,187,0,16
637,662,187,0,16
637,663,187,0,16
637,664,187,0,16
637,665,187,0,16
637,666,187,0,16
637,667,187,0,16
637,668,187,0,16
637,669,187,0,16
637,670,187,0,16
637,671,187,0,16
637,672,187,0,16
637,673,187,0,16
637,674,187,0,16
637,675,187,0,16
637,676,187,0,16
637,677,187,0,16
637,678,187,0,16
637,679,187,0,16
637,680,187,0,16
637,681,187,0,16
637,682,187,0,16
637,683,187,0,16
637,684,187,0,16
637,685,187,0,16
637,686,187,0,16
637,687,187,0,16
637,688,187,0,16
637,689,187,0,16
637,690,187,0,16
637,691,187,0,16
637,692,187,0,16
637,693,187,0,16
637,694,187,0,16
637,695,187,0,16
637,696,187,0,16
637,697,187,0,16
637,698,187,0,16
637,699,187,0,16
637,700,187,0,16
637,701,187,0,16
637,702,187,0,16
637,703,187,0,16
637,704,187,0,16
637,705,187,0,16
637,706,187,0,16
637,707,187,0,16
637,708,187,0,16
637,709,187,0,16
637,710,187,0,16
637,711,187,0,16
637,712,187,0,16
637,713,187,0,16
637,714,187,0,16
637,715,187,0,16
637,716,187,0,16
637,717,187,0,16
637,718,187,0,16
637,719,187,0,16
637,720,187,0,16
637,721,187,0,16
637,722,187,0,16
637,723,187,0,16
637,724,187,0,16
640,625,181,0,19
640,626,181,0,19
640,627,181,0,19
640,628,181,0,19
640,629,181,0,19
640,630,181,0,19
640,631,181,0,19
640,632,181,0,19
640,633,181,0,19
640,634,181,0,19
640,635,181,0,19
640,636,181,0,19
640,637,181,0,19
640,638,181,0,19
640,639,181,0,19
640,641,181,0,19
640,642,181,0,19
640,643,181,0,19
640,644,181,0,19
640,645,181,0,19
640,646,181,0,19
640,647,181,0,19
640,648,181,0,19
640,649,181,0,19
640,650,181,0,19
640,651,181,0,19
640,652,181,0,19
640,653,181,0,19
640,654,181,0,19
640,655,181,0,19
640,656,181,0,19
640,657,181,0,19
640,658,181,0,19
640,659,181,0,19
640,660,181,0,19
640,661,181,0,19
640,662,181,0,19
640,663,181,0,19
640,664,181,0,19
640,665,181,0,19
640,666,181,0,19
640,667,181,0,19
640,668,181,0,19
640,669,181,0,19
640,670,181,0,19
640,671,181,0,19
640,672,181,0,19
640,673,181,0,19
640,674,181,0,19
640,675,181,0,19
640,676,181,0,19
640,677,181,0,19
640,678,181,0,19
640,679,181,0,19
640,680,181,0,19
640,681,181,0,19
640,682,181,0,19
640,683,181,0,19
640,684,181,0,19
640,685,181,0,19
640,686,181,0,19
640,687,181,0,19
640,688,181,0,19
640,689,181,0,19
640,690,181,0,19
640,691,181,0,19
640,692,181,0,19
640,693,181,0,19
640,694,181,0,19
640,695,181,0,19
640,696,181,0,19
640,697,181,0,19
640,698,181,0,19
640,699,181,0,19
640,700,181,0,19
640,701,181,0,19
640,702,181,0,19
640,703,181,0,19
640,704,181,0,19
640,705,181,0,19
640,706,181,0,19
640,707,181,0,19
640,708,181,0,19
640,709,181,0,19
640,710,181,0,19
640,711,181,0,19
640,712,181,0,19
640,713,181,0,19
640,714,181,0,19
640,715,181,0,19
640,716,181,0,19
640,717,181,0,19
640,718,181,0,19
640,719,181,0,19
640,720,181,0,19
640,721,181,0,19
640,722,181,0,19
640,723,181,0,19
640,724,181,0,19
642,625,78,0,21
642,626,78,0,21
642,627,78,0,21
642,628,78,0,21
642,629,78,0,21
642,630,78,0,21
642,631,78,0,21
642,632,78,0,21
642,633,78,0,21
642,634,78,0,21
642,635,78,0,21
642,636,78,0,21
642,637,78,0,21
642,638,78,0,21
642,639,78,0,21
642,640,78,0,21
642,641,78,0,21
642,643,78,0,21
642,644,78,0,21
642,645,78,0,21
642,646,78,0,21
642,647,78,0,21
642,648,78,0,21
642,649,78,0,21
642,650,78,0,21
642,651,78,0,21
642,652,78,0,21
642,653,78,0,21
642,654,78,0,21
642,655,78,0,21
642,656,78,0,21
642,657,78,0,21
642,658,78,0,21
642,659,78,0,21
642,660,78,0,21
642,661,78,0,21
642,662,78,0,21
642,663,78,0,21
642,664,78,0,21
642,665,78,0,21
642,666,78,0,21
642,667,78,0,21
642,668,78,0,21
642,669,78,0,21
642,670,78,0,21
642,671,78,0,21
642,672,78,0,21
642,673,78,0,21
642,674,78,0,21
642,675,78,0,21
642,676,78,0,21
642,677,78,0,21
642,678,78,0,21
642,679,78,0,21
642,680,78,0,21
642,681,78,0,21
642,682,78,0,21
642,683,78,0,21
642,684,78,0,21
642,685,78,0,21
642,686,78,0,21
642,687,78,0,21
642,688,78,0,21
642,689,78,0,21
642,690,78,0,21
642,691,78,0,21
642,692,78,0,21
642,693,78,0,21
642,694,78,0,21
642,695,78,0,21
642,696,78,0,21
642,697,78,0,21
642,698,78,0,21
642,699,78,0,21
642,700,78,0,21
642,701,78,0,21
642,702,78,0,21
642,703,78,0,21
642,704,78,0,21
642,705,78,0,21
642,706,78,0,21
642,707,78,0,21
642,708,78,0,21
642,709,78,0,21
642,710,78,0,21
642,711,78,0,21
642,712,78,0,21
642,713,78,0,21
642,714,78,0,21
642,715,78,0,21
642,716,78,0,21
642,717,78,0,21
642,718,78,0,21
642,719,78,0,21
642,720,78,0,21
642,721,78,0,21
642,722,78,0,21
642,723,78,0,21
642,724,78,0,21
643,625,539,0,22
643,626,539,0,22
643,627,539,0,22
643,628,539,0,22
643,629,539,0,22
643,630,539,0,22
643,631,539,0,22
643,632,539,0,22
643,633,539,0,22
643,634,539,0,22
643,635,539,0,22
643,636,539,0,22
643,637,539,0,22
643,638,539,0,22
643,639,539,0,22
643,640,539,0,22
643,641,539,0,22
643,642,539,0,22
643,644,539,0,22
643,645,539,0,22
643,646,539,0,22
643,647,539,0,22
643,648,539,0,22
643,649,539,0,22
643,650,539,0,22
643,651,539,0,22
643,652,539,0,22
643,653,539,0,22
643,654,539,0,22
643,655,539,0,22
643,656,539,0,22
643,657,539,0,22
643,658,539,0,22
643,659,539,0,22
643,660,539,0,22
643,661,539,0,22
643,662,539,0,22
643,663,539,0,22
643,664,539,0,22
643,665,539,0,22
643,666,539,0,22
643,667,539,0,22
643,668,539,0,22
643,669,539,0,22
643,670,539,0,22
643,671,539,0,22
643,672,539,0,22
643,673,539,0,22
643,674,539,0,22
643,675,539,0,22
643,676,539,0,22
643,677,539,0,22
643,678,539,0,22
643,679,539,0,22
643,680,539,0,22
643,681,539,0,22
643,682,539,0,22
643,683,539,0,22
643,684,539,0,22
643,685,539,0,22
643,686,539,0,22
643,687,539,0,22
643,688,539,0,22
643,689,539,0,22
643,690,539,0,22
643,691,539,0,22
643,692,539,0,22
643,693,539,0,22
643,694,539,0,22
643,695,539,0,22
643,696,539,0,22
643,697,539,0,22
643,698,539,0,22
643,699,539,0,22
643,700,539,0,22
643,701,539,0,22
643,702,539,0,22
643,703,539,0,22
643,704,539,0,22
643,705,539,0,22
643,706,539,0,22
643,707,539,0,22
643,708,539,0,22
643,709,539,0,22
643,710,539,0,22
643,711,539,0,22
643,712,539,0,22
643,713,539,0,22
643,714,539,0,22
643,715,539,0,22
643,716,539,0,22
643,717,539,0,22
643,718,539,0,22
643,719,539,0,22
643,720,539,0,22
643,721,539,0,22
643,722,539,0,22
643,723,539,0,22
643,724,539,0,22
644,625,211,0,23
644,626,211,0,23
644,627,211,0,23
644,628,211,0,23
644,629,211,0,23
644,630,211,0,23
644,631,211,0,23
644,632,211,0,23
644,633,211,0,23
644,634,211,0,23
644,635,211,0,23
644,636,211,0,23
644,637,211,0,23
644,638,211,0,23
644,639,211,0,23
644,640,211,0,23
644,641,211,0,23
644,642,211,0,23
644,643,211,0,23
644,645,211,0,23
644,646,211,0,23
644,647,211,0,23
644,648,211,0,23
644,649,211,0,23
644,650,211,0,23
644,651,211,0,23
644,652,211,0,23
644,653,211,0,23
644,654,211,0,23
644,655,211,0,23
644,656,211,0,23
644,657,211,0,23
644,658,211,0,23
644,659,211,0,23
644,660,211,0,23
644,661,211,0,23
644,662,211,0,23
644,663,211,0,23
644,664,211,0,23
644,665,211,0,23
644,666,211,0,23
644,667,211,0,23
644,668,211,0,23
644,669,211,0,23
644,670,211,0,23
644,671,211,0,23
644,672,211,0,23
644,673,211,0,23
644,674,211,0,23
644,675,211,0,23
644,676,211,0,23
644,677,211,0,23
644,678,211,0,23
644,679,211,0,23
644,680,211,0,23
644,681,211,0,23
644,682,211,0,23
644,683,211,0,23
644,684,211,0,23
644,685,211,0,23
644,686,211,0,23
644,687,211,0,23
644,688,211,0,23
644,689,211,0,23
644,690,211,0,23
644,691,211,0,23
644,692,211,0,23
644,693,211,0,23
644,694,211,0,23
644,695,211,0,23
644,696,211,0,23
644,697,211,0,23
644,698,211,0,23
644,699,211,0,23
644,700,211,0,23
644,701,211,0,23
644,702,211,0,23
644,703,211,0,23
644,704,211,0,23
644,705,211,0,23
644,706,211,0,23
644,707,211,0,23
644,708,211,0,23
644,709,211,0,23
644,710,211,0,23
644,711,211,0,23
644,712,211,0,23
644,713,211,0,23
644,714,211,0,23
644,715,211,0,23
644,716,211,0,23
644,717,211,0,23
644,718,211,0,23
644,719,211,0,23
644,720,211,0,23
644,721,211,0,23
644,722,211,0,23
644,723,211,0,23
644,724,211,0,23
645,625,328,0,24
645,626,328,0,24
645,627,328,0,24
645,628,328,0,24
645,629,328,0,24
645,630,328,0,24
645,631,328,0,24
645,632,328,0,24
645,633,328,0,24
645,634,328,0,24
645,635,328,0,24
645,636,328,0,24
645,637,328,0,24
645,638,328,0,24
645,639,328,0,24
645,640,328,0,24
645,641,328,0,24
645,642,328,0,24
645,643,328,0,24
645,644,328,0,24
645,646,328,0,24
645,647,328,0,24
645,648,328,0,24
645,649,328,0,24
645,650,328,0,24
645,651,328,0,24
645,652,328,0,24
645,653,328,0,24
645,654,328,0,24
645,655,328,0,24
645,656,328,0,24
645,657,328,0,24
645,658,328,0,24
645,659,328,0,24
645,660,328,0,24
645,661,328,0,24
645,662,328,0,24
645,663,328,0,24
645,664,328,0,24
645,665,328,0,24
645,666,328,0,24
645,667,328,0,24
645,668,328,0,24
645,669,328,0,24
645,670,328,0,24
645,671,328,0,24
645,672,328,0,24
645,673,328,0,24
645,674,328,0,24
645,675,328,0,24
645,676,328,0,24
645,677,328,0,24
645,678,328,0,24
645,679,328,0,24
645,680,328,0,24
645,681,328,0,24
645,682,328,0,24
645,683,328,0,24
645,684,328,0,24
645,685,328,0,24
645,686,328,0,24
645,687,328,0,24
645,688,328,0,24
645,689,328,0,24
645,690,328,0,24
645,691,328,0,24
645,692,328,0,24
645,693,328,0,24
645,694,328,0,24
645,695,328,0,24
645,696,328,0,24
645,697,328,0,24
645,698,328,0,24
645,699,328,0,24
645,700,328,0,24
645,701,328,0,24
645,702,328,0,24
645,703,328,0,24
645,704,328,0,24
645,705,328,0,24
645,706,328,0,24
645,707,328,0,24
645,708,328,0,24
645,709,328,0,24
645,710,328,0,24
645,711,328,0,24
645,712,328,0,24
645,713,328,0,24
645,714,328,0,24
645,715,328,0,24
645,716,328,0,24
645,717,328,0,24
645,718,328,0,24
645,719,328,0,24
645,720,328,0,24
645,721,328,0,24
645,722,328,0,24
645,723,328,0,24
645,724,328,0,24
646,625,34,0,25
646,626,34,0,25
646,627,34,0,25
646,628,34,0,25
646,629,34,0,25
646,630,34,0,25
646,631,34,0,25
646,632,34,0,25
646,633,34,0,25
646,634,34,0,25
646,635,34,0,25
646,636,34,0,25
646,637,34,0,25
646,638,34,0,25
646,639,34,0,25
646,640,34,0,25
646,641,34,0,25
646,642,34,0,25
646,643,34,0,25
646,644,34,0,25
646,645,34,0,25
646,647,34,0,25
646,648,34,0,25
646,649,34,0,25
646,650,34,0,25
646,651,34,0,25
646,652,34,0,25
646,653,34,0,25
646,654,34,0,25
646,655,34,0,25
646,656,34,0,25
646,657,34,0,25
646,658,34,0,25
646,659,34,0,25
646,660,34,0,25
646,661,34,0,25
646,662,34,0,25
646,663,34,0,25
646,664,34,0,25
646,665,34,0,25
646,666,34,0,25
646,667,34,0,25
646,668,34,0,25
646,669,34,0,25
646,670,34,0,25
646,671,34,0,25
646,672,34,0,25
646,673,34,0,25
646,674,34,0,25
646,675,34,0,25
646,676,34,0,25
646,677,34,0,25
646,678,34,0,25
646,679,34,0,25
646,680,34,0,25
646,681,34,0,25
646,682,34,0,25
646,683,34,0,25
646,684,34,0,25
646,685,34,0,25
646,686,34,0,25
646,687,34,0,25
646,688,34,0,25
646,689,34,0,25
646,690,34,0,25
646,691,34,0,25
646,692,34,0,25
646,693,34,0,25
646,694,34,0,25
646,695,34,0,25
646,696,34,0,25
646,697,34,0,25
646,698,34,0,25
646,699,34,0,25
646,700,34,0,25
646,701,34,0,25
646,702,34,0,25
646,703,34,0,25
646,704,34,0,25
646,705,34,0,25
646,706,34,0,25
646,707,34,0,25
646,708,34,0,25
646,709,34,0,25
646,710,34,0,25
646,711,34,0,25
646,712,34,0,25
646,713,34,0,25
646,714,34,0,25
646,715,34,0,25
646,716,34,0,25
646,717,34,0,25
646,718,34,0,25
646,719,34,0,25
646,720,34,0,25
646,721,34,0,25
646,722,34,0,25
646,723,34,0,25
646,724,34,0,25
647,625,542,0,26
647,626,542,0,26
647,627,542,0,26
647,628,542,0,26
647,629,542,0,26
647,630,542,0,26
647,631,542,0,26
647,632,542,0,26
647,633,542,0,26
647,634,542,0,26
647,635,542,0,26
647,636,542,0,26
647,637,542,0,26
647,638,542,0,26
647,639,542,0,26
647,640,542,0,26
647,641,542,0,26
647,642,542,0,26
647,643,542,0,26
647,644,542,0,26
647,645,542,0,26
647,646,542,0,26
647,648,542,0,26
647,649,542,0,26
647,650,542,0,26
647,651,542,0,26
647,652,542,0,26
647,653,542,0,26
647,654,542,0,26
647,655,542,0,26
647,656,542,0,26
647,657,542,0,26
647,658,542,0,26
647,659,542,0,26
647,660,542,0,26
647,661,542,0,26
647,662,542,0,26
647,663,542,0,26
647,664,542,0,26
647,665,542,0,26
647,666,542,0,26
647,667,542,0,26
647,668,542,0,26
647,669,542,0,26
647,670,542,0,26
647,671,542,0,26
647,672,542,0,26
647,673,542,0,26
647,674,542,0,26
647,675,542,0,26
647,676,542,0,26
647,677,542,0,26
647,678,542,0,26
647,679,542,0,26
647,680,542,0,26
647,681,542,0,26
647,682,542,0,26
647,683,542,0,26
647,684,542,0,26
647,685,542,0,26
647,686,542,0,26
647,687,542,0,26
647,688,542,0,26
647,689,542,0,26
647,690,542,0,26
647,691,542,0,26
647,692,542,0,26
647,693,542,0,26
647,694,542,0,26
647,695,542,0,26
647,696,542,0,26
647,697,542,0,26
647,698,542,0,26
647,699,542,0,26
647,700,542,0,26
647,701,542,0,26
647,702,542,0,26
647,703,542,0,26
647,704,542,0,26
647,705,542,0,26
647,706,542,0,26
647,707,542,0,26
647,708,542,0,26
647,709,542,0,26
647,710,542,0,26
647,711,542,0,26
647,712,542,0,26
647,713,542,0,26
647,714,542,0,26
647,715,542,0,26
647,716,542,0,26
647,717,542,0,26
647,718,542,0,26
647,719,542,0,26
647,720,542,0,26
647,721,542,0,26
647,722,542,0,26
647,723,542,0,26
647,724,542,0,26
649,625,137,0,28
649,626,137,0,28
649,627,137,0,28
649,628,137,0,28
649,629,137,0,28
649,630,137,0,28
649,631,137,0,28
649,632,137,0,28
649,633,137,0,28
649,634,137,0,28
649,635,137,0,28
649,636,137,0,28
649,637,137,0,28
649,638,137,0,28
649,639,137,0,28
649,640,137,0,28
649,641,137,0,28
649,642,137,0,28
649,643,137,0,28
649,644,137,0,28
649,645,137,0,28
649,646,137,0,28
649,647,137,0,28
649,648,137,0,28
649,650,137,0,28
649,651,137,0,28
649,652,137,0,28
649,653,137,0,28
649,654,137,0,28
649,655,137,0,28
649,656,137,0,28
649,657,137,0,28
649,658,137,0,28
649,659,137,0,28
649,660,137,0,28
649,661,137,0,28
649,662,137,0,28
649,663,137,0,28
649,664,137,0,28
649,665,137,0,28
649,666,137,0,28
649,667,137,0,28
649,668,137,0,28
649,669,137,0,28
649,670,137,0,28
649,671,137,0,28
649,672,137,0,28
649,673,137,0,28
649,674,137,0,28
649,675,137,0,28
649,676,137,0,28
649,677,137,0,28
649,678,137,0,28
649,679,137,0,28
649,680,137,0,28
649,681,137,0,28
649,682,137,0,28
649,683,137,0,28
649,684,137,0,28
649,685,137,0,28
649,686,137,0,28
649,687,137,0,28
649,688,137,0,28
649,689,137,0,28
649,690,137,0,28
649,691,137,0,28
649,692,137,0,28
649,693,137,0,28
649,694,137,0,28
649,695,137,0,28
649,696,137,0,28
649,697,137,0,28
649,698,137,0,28
649,699,137,0,28
649,700,137,0,28
649,701,137,0,28
649,702,137,0,28
649,703,137,0,28
649,704,137,0,28
649,705,137,0,28
649,706,137,0,28
649,707,137,0,28
649,708,137,0,28
649,709,137,0,28
649,710,137,0,28
649,711,137,0,28
649,712,137,0,28
649,713,137,0,28
649,714,137,0,28
649,715,137,0,28
649,716,137,0,28
649,717,137,0,28
649,718,137,0,28
649,719,137,0,28
649,720,137,0,28
649,721,137,0,28
649,722,137,0,28
649,723,137,0,28
649,724,137,0,28
651,625,562,0,30
651,626,562,0,30
651,627,562,0,30
651,628,562,0,30
651,629,562,0,30
651,630,562,0,30
651,631,562,0,30
651,632,562,0,30
651,633,562,0,30
651,634,562,0,30
651,635,562,0,30
651,636,562,0,30
651,637,562,0,30
651,638,562,0,30
651,639,562,0,30
651,640,562,0,30
651,641,562,0,30
651,642,562,0,30
651,643,562,0,30
651,644,562,0,30
651,645,562,0,30
651,646,562,0,30
651,647,562,0,30
651,648,562,0,30
651,649,562,0,30
651,650,562,0,30
651,652,562,0,30
651,653,562,0,30
651,654,562,0,30
651,655,562,0,30
651,656,562,0,30
651,657,562,0,30
651,658,562,0,30
651,659,562,0,30
651,660,562,0,30
651,661,562,0,30
651,662,562,0,30
651,663,562,0,30
651,664,562,0,30
651,665,562,0,30
651,666,562,0,30
651,667,562,0,30
651,668,562,0,30
651,669,562,0,30
651,670,562,0,30
651,671,562,0,30
651,672,562,0,30
651,673,562,0,30
651,674,562,0,30
651,675,562,0,30
651,676,562,0,30
651,677,562,0,30
651,678,562,0,30
651,679,562,0,30
651,680,562,0,30
651,681,562,0,30
651,682,562,0,30
651,683,562,0,30
651,684,562,0,30
651,685,562,0,30
651,686,562,0,30
651,687,562,0,30
651,688,562,0,30
651,689,562,0,30
651,690,562,0,30
651,691,562,0,30
651,692,562,0,30
651,693,562,0,30
651,694,562,0,30
651,695,562,0,30
651,696,562,0,30
651,697,562,0,30
651,698,562,0,30
651,699,562,0,30
651,700,562,0,30
651,701,562,0,30
651,702,562,0,30
651,703,562,0,30
651,704,562,0,30
651,705,562,0,30
651,706,562,0,30
651,707,562,0,30
651,708,562,0,30
651,709,562,0,30
651,710,562,0,30
651,711,562,0,30
651,712,562,0,30
651,713,562,0,30
651,714,562,0,30
651,715,562,0,30
651,716,562,0,30
651,717,562,0,30
651,718,562,0,30
651,719,562,0,30
651,720,562,0,30
651,721,562,0,30
651,722,562,0,30
651,723,562,0,30
651,724,562,0,30
654,625,43,0,33
654,626,43,0,33
654,627,43,0,33
654,628,43,0,33
654,629,43,0,33
654,630,43,0,33
654,631,43,0,33
654,632,43,0,33
654,633,43,0,33
654,634,43,0,33
654,635,43,0,33
654,636,43,0,33
654,637,43,0,33
654,638,43,0,33
654,639,43,0,33
654,640,43,0,33
654,641,43,0,33
654,642,43,0,33
654,643,43,0,33
654,644,43,0,33
654,645,43,0,33
654,646,43,0,33
654,647,43,0,33
654,648,43,0,33
654,649,43,0,33
654,650,43,0,33
654,651,43,0,33
654,652,43,0,33
654,653,43,0,33
654,655,43,0,33
654,656,43,0,33
654,657,43,0,33
654,658,43,0,33
654,659,43,0,33
654,660,43,0,33
654,661,43,0,33
654,662,43,0,33
654,663,43,0,33
654,664,43,0,33
654,665,43,0,33
654,666,43,0,33
654,667,43,0,33
654,668,43,0,33
654,669,43,0,33
654,670,43,0,33
654,671,43,0,33
654,672,43,0,33
654,673,43,0,33
654,674,43,0,33
654,675,43,0,33
654,676,43,0,33
654,677,43,0,33
654,678,43,0,33
654,679,43,0,33
654,680,43,0,33
654,681,43,0,33
654,682,43,0,33
654,683,43,0,33
654,684,43,0,33
654,685,43,0,33
654,686,43,0,33
654,687,43,0,33
654,688,43,0,33
654,689,43,0,33
654,690,43,0,33
654,691,43,0,33
654,692,43,0,33
654,693,43,0,33
654,694,43,0,33
654,695,43,0,33
654,696,43,0,33
654,697,43,0,33
654,698,43,0,33
654,699,43,0,33
654,700,43,0,33
654,701,43,0,33
654,702,43,0,33
654,703,43,0,33
654,704,43,0,33
654,705,43,0,33
654,706,43,0,33
654,707,43,0,33
654,708,43,0,33
654,709,43,0,33
654,710,43,0,33
654,711,43,0,33
654,712,43,0,33
654,713,43,0,33
654,714,43,0,33
654,715,43,0,33
654,716,43,0,33
654,717,43,0,33
654,718,43,0,33
654,719,43,0,33
654,720,43,0,33
654,721,43,0,33
654,722,43,0,33
654,723,43,0,33
654,724,43,0,33
655,625,59,0,34
655,626,59,0,34
655,627,59,0,34
655,628,59,0,34
655,629,59,0,34
655,630,59,0,34
655,631,59,0,34
655,632,59,0,34
655,633,59,0,34
655,634,59,0,34
655,635,59,0,34
655,636,59,0,34
655,637,59,0,34
655,638,59,0,34
655,639,59,0,34
655,640,59,0,34
655,641,59,0,34
655,642,59,0,34
655,643,59,0,34
655,644,59,0,34
655,645,59,0,34
655,646,59,0,34
655,647,59,0,34
655,648,59,0,34
655,649,59,0,34
655,650,59,0,34
655,651,59,0,34
655,652,59,0,34
655,653,59,0,34
655,654,59,0,34
655,656,59,0,34
655,657,59,0,34
655,658,59,0,34
655,659,59,0,34
655,660,59,0,34
655,661,59,0,34
655,662,59,0,34
655,663,59,0,34
655,664,59,0,34
655,665,59,0,34
655,666,59,0,34
655,667,59,0,34
655,668,59,0,34
655,669,59,0,34
655,670,59,0,34
655,671,59,0,34
655,672,59,0,34
655,673,59,0,34
655,674,59,0,34
655,675,59,0,34
655,676,59,0,34
655,677,59,0,34
655,678,59,0,34
655,679,59,0,34
655,680,59,0,34
655,681,59,0,34
655,682,59,0,34
655,683,59,0,34
655,684,59,0,34
655,685,59,0,34
655,686,59,0,34
655,687,59,0,34
655,688,59,0,34
655,689,59,0,34
655,690,59,0,34
655,691,59,0,34
655,692,59,0,34
655,693,59,0,34
655,694,59,0,34
655,695,59,0,34
655,696,59,0,34
655,697,59,0,34
655,698,59,0,34
655,699,59,0,34
655,700,59,0,34
655,701,59,0,34
655,702,59,0,34
655,703,59,0,34
655,704,59,0,34
655,705,59,0,34
655,706,59,0,34
655,707,59,0,34
655,708,59,0,34
655,709,59,0,34
655,710,59,0,34
655,711,59,0,34
655,712,59,0,34
655,713,59,0,34
655,714,59,0,34
655,715,59,0,34
655,716,59,0,34
655,717,59,0,34
655,718,59,0,34
655,719,59,0,34
655,720,59,0,34
655,721,59,0,34
655,722,59,0,34
655,723,59,0,34
655,724,59,0,34
664,625,183,0,43
664,626,183,0,43
664,627,183,0,43
664,628,183,0,43
664,629,183,0,43
664,630,183,0,43
664,631,183,0,43
664,632,183,0,43
664,633,183,0,43
664,634,183,0,43
664,635,183,0,43
664,636,183,0,43
664,637,183,0,43
664,638,183,0,43
664,639,183,0,43
664,640,183,0,43
664,641,183,0,43
664,642,183,0,43
664,643,183,0,43
664,644,183,0,43
664,645,183,0,43
664,646,183,0,43
664,647,183,0,43
664,648,183,0,43
664,649,183,0,43
664,650,183,0,43
664,651,183,0,43
664,652,183,0,43
664,653,183,0,43
664,654,183,0,43
664,655,183,0,43
664,656,183,0,43
664,657,183,0,43
664,658,183,0,43
664,659,183,0,43
664,660,183,0,43
664,661,183,0,43
664,662,183,0,43
664,663,183,0,43
664,665,183,0,43
664,666,183,0,43
664,667,183,0,43
664,668,183,0,43
664,669,183,0,43
664,670,183,0,43
664,671,183,0,43
664,672,183,0,43
664,673,183,0,43
664,674,183,0,43
664,675,183,0,43
664,676,183,0,43
664,677,183,0,43
664,678,183,0,43
664,679,183,0,43
664,680,183,0,43
664,681,183,0,43
664,682,183,0,43
664,683,183,0,43
664,684,183,0,43
664,685,183,0,43
664,686,183,0,43
664,687,183,0,43
664,688,183,0,43
664,689,183,0,43
664,690,183,0,43
664,691,183,0,43
664,692,183,0,43
664,693,183,0,43
664,694,183,0,43
664,695,183,0,43
664,696,183,0,43
664,697,183,0,43
664,698,183,0,43
664,699,183,0,43
664,700,183,0,43
664,701,183,0,43
664,702,183,0,43
664,703,183,0,43
664,704,183,0,43
664,705,183,0,43
664,706,183,0,43
664,707,183,0,43
664,708,183,0,43
664,709,183,0,43
664,710,183,0,43
664,711,183,0,43
664,712,183,0,43
664,713,183,0,43
664,714,183,0,43
664,715,183,0,43
664,716,183,0,43
664,717,183,0,43
664,718,183,0,43
664,719,183,0,43
664,720,183,0,43
664,721,183,0,43
664,722,183,0,43
664,723,183,0,43
664,724,183,0,43
670,625,252,0,49
670,626,252,0,49
670,627,252,0,49
670,628,252,0,49
670,629,252,0,49
670,630,252,0,49
670,631,252,0,49
670,632,252,0,49
670,633,252,0,49
670,634,252,0,49
670,635,252,0,49
670,636,252,0,49
670,637,252,0,49
670,638,252,0,49
670,639,252,0,49
670,640,252,0,49
670,641,252,0,49
670,642,252,0,49
670,643,252,0,49
670,644,252,0,49
670,645,252,0,49
670,646,252,0,49
670,647,252,0,49
670,648,252,0,49
670,649,252,0,49
670,650,252,0,49
670,651,252,0,49
670,652,252,0,49
670,653,252,0,49
670,654,252,0,49
670,655,252,0,49
670,656,252,0,49
670,657,252,0,49
670,658,252,0,49
670,659,252,0,49
670,660,252,0,49
670,661,252,0,49
670,662,252,0,49
670,663,252,0,49
670,664,252,0,49
670,665,252,0,49
670,666,252,0,49
670,667,252,0,49
670,668,252,0,49
670,669,252,0,49
670,671,252,0,49
670,672,252,0,49
670,673,252,0,49
670,674,252,0,49
670,675,252,0,49
670,676,252,0,49
670,677,252,0,49
670,678,252,0,49
670,679,252,0,49
670,680,252,0,49
670,681,252,0,49
670,682,252,0,49
670,683,252,0,49
670,684,252,0,49
670,685,252,0,49
670,686,252,0,49
670,687,252,0,49
670,688,252,0,49
670,689,252,0,49
670,690,252,0,49
670,691,252,0,49
670,692,252,0,49
670,693,252,0,49
670,694,252,0,49
670,695,252,0,49
670,696,252,0,49
670,697,252,0,49
670,698,252,0,49
670,699,252,0,49
670,700,252,0,49
670,701,252,0,49
670,702,252,0,49
670,703,252,0,49
670,704,252,0,49
670,705,252,0,49
670,706,252,0,49
670,707,252,0,49
670,708,252,0,49
670,709,252,0,49
670,710,252,0,49
670,711,252,0,49
670,712,252,0,49
670,713,252,0,49
670,714,252,0,49
670,715,252,0,49
670,716,252,0,49
670,717,252,0,49
670,718,252,0,49
670,719,252,0,49
670,720,252,0,49
670,721,252,0,49
670,722,252,0,49
670,723,252,0,49
670,724,252,0,49
672,625,208,0,51
672,626,208,0,51
672,627,208,0,51
672,628,208,0,51
672,629,208,0,51
672,630,208,0,51
672,631,208,0,51
672,632,208,0,51
672,633,208,0,51
672,634,208,0,51
672,635,208,0,51
672,636,208,0,51
672,637,208,0,51
672,638,208,0,51
672,639,208,0,51
672,640,208,0,51
672,641,208,0,51
672,642,208,0,51
672,643,208,0,51
672,644,208,0,51
672,645,208,0,51
672,646,208,0,51
672,647,208,0,51
672,648,208,0,51
672,649,208,0,51
672,650,208,0,51
672,651,208,0,51
672,652,208,0,51
672,653,208,0,51
672,654,208,0,51
672,655,208,0,51
672,656,208,0,51
672,657,208,0,51
672,658,208,0,51
672,659,208,0,51
672,660,208,0,51
672,661,208,0,51
672,662,208,0,51
672,663,208,0,51
672,664,208,0,51
672,665,208,0,51
672,666,208,0,51
672,667,208,0,51
672,668,208,0,51
672,669,208,0,51
672,670,208,0,51
672,671,208,0,51
672,673,208,0,51
672,674,208,0,51
672,675,208,0,51
672,676,208,0,51
672,677,208,0,51
672,678,208,0,51
672,679,208,0,51
672,680,208,0,51
672,681,208,0,51
672,682,208,0,51
672,683,208,0,51
672,684,208,0,51
672,685,208,0,51
672,686,208,0,51
672,687,208,0,51
672,688,208,0,51
672,689,208,0,51
672,690,208,0,51
672,691,208,0,51
672,692,208,0,51
672,693,208,0,51
672,694,208,0,51
672,695,208,0,51
672,696,208,0,51
672,697,208,0,51
672,698,208,0,51
672,699,208,0,51
672,700,208,0,51
672,701,208,0,51
672,702,208,0,51
672,703,208,0,51
672,704,208,0,51
672,705,208,0,51
672,706,208,0,51
672,707,208,0,51
672,708,208,0,51
672,709,208,0,51
672,710,208,0,51
672,711,208,0,51
672,712,208,0,51
672,713,208,0,51
672,714,208,0,51
672,715,208,0,51
672,716,208,0,51
672,717,208,0,51
672,718,208,0,51
672,719,208,0,51
672,720,208,0,51
672,721,208,0,51
672,722,208,0,51
672,723,208,0,51
672,724,208,0,51
674,625,180,0,53
674,626,180,0,53
674,627,180,0,53
674,628,180,0,53
674,629,180,0,53
674,630,180,0,53
674,631,180,0,53
674,632,180,0,53
674,633,180,0,53
674,634,180,0,53
674,635,180,0,53
674,636,180,0,53
674,637,180,0,53
674,638,180,0,53
674,639,180,0,53
674,640,180,0,53
674,641,180,0,53
674,642,180,0,53
674,643,180,0,53
674,644,180,0,53
674,645,180,0,53
674,646,180,0,53
674,647,180,0,53
674,648,180,0,53
674,649,180,0,53
674,650,180,0,53
674,651,180,0,53
674,652,180,0,53
674,653,180,0,53
674,654,180,0,53
674,655,180,0,53
674,656,180,0,53
674,657,180,0,53
674,658,180,0,53
674,659,180,0,53
674,660,180,0,53
674,661,180,0,53
674,662,180,0,53
674,663,180,0,53
674,664,180,0,53
674,665,180,0,53
674,666,180,0,53
674,667,180,0,53
674,668,180,0,53
674,669,180,0,53
674,670,180,0,53
674,671,180,0,53
674,672,180,0,53
674,673,180,0,53
674,675,180,0,53
674,676,180,0,53
674,677,180,0,53
674,678,180,0,53
674,679,180,0,53
674,680,180,0,53
674,681,180,0,53
674,682,180,0,53
674,683,180,0,53
674,684,180,0,53
674,685,180,0,53
674,686,180,0,53
674,687,180,0,53
674,688,180,0,53
674,689,180,0,53
674,690,180,0,53
674,691,180,0,53
674,692,180,0,53
674,693,180,0,53
674,694,180,0,53
674,695,180,0,53
674,696,180,0,53
674,697,180,0,53
674,698,180,0,53
674,699,180,0,53
674,700,180,0,53
674,701,180,0,53
674,702,180,0,53
674,703,180,0,53
674,704,180,0,53
674,705,180,0,53
674,706,180,0,53
674,707,180,0,53
674,708,180,0,53
674,709,180,0,53
674,710,180,0,53
674,711,180,0,53
674,712,180,0,53
674,713,180,0,53
674,714,180,0,53
674,715,180,0,53
674,716,180,0,53
674,717,180,0,53
674,718,180,0,53
674,719,180,0,53
674,720,180,0,53
674,721,180,0,53
674,722,180,0,53
674,723,180,0,53
674,724,180,0,53
675,625,377,0,54
675,626,377,0,54
675,627,377,0,54
675,628,377,0,54
675,629,377,0,54
675,630,377,0,54
675,631,377,0,54
675,632,377,0,54
675,633,377,0,54
675,634,377,0,54
675,635,377,0,54
675,636,377,0,54
675,637,377,0,54
675,638,377,0,54
675,639,377,0,54
675,640,377,0,54
675,641,377,0,54
675,642,377,0,54
675,643,377,0,54
675,644,377,0,54
675,645,377,0,54
675,646,377,0,54
675,647,377,0,54
675,648,377,0,54
675,649,377,0,54
675,650,377,0,54
675,651,377,0,54
675,652,377,0,54
675,653,377,0,54
675,654,377,0,54
675,655,377,0,54
675,656,377,0,54
675,657,377,0,54
675,658,377,0,54
675,659,377,0,54
675,660,377,0,54
675,661,377,0,54
675,662,377,0,54
675,663,377,0,54
675,664,377,0,54
675,665,377,0,54
675,666,377,0,54
675,667,377,0,54
675,668,377,0,54
675,669,377,0,54
675,670,377,0,54
675,671,377,0,54
675,672,377,0,54
675,673,377,0,54
675,674,377,0,54
675,676,377,0,54
675,677,377,0,54
675,678,377,0,54
675,679,377,0,54
675,680,377,0,54
675,681,377,0,54
675,682,377,0,54
675,683,377,0,54
675,684,377,0,54
675,685,377,0,54
675,686,377,0,54
675,687,377,0,54
675,688,377,0,54
675,689,377,0,54
675,690,377,0,54
675,691,377,0,54
675,692,377,0,54
675,693,377,0,54
675,694,377,0,54
675,695,377,0,54
675,696,377,0,54
675,697,377,0,54
675,698,377,0,54
675,699,377,0,54
675,700,377,0,54
675,701,377,0,54
675,702,377,0,54
675,703,377,0,54
675,704,377,0,54
675,705,377,0,54
675,706,377,0,54
675,707,377,0,54
675,708,377,0,54
675,709,377,0,54
675,710,377,0,54
675,711,377,0,54
675,712,377,0,54
675,713,377,0,54
675,714,377,0,54
675,715,377,0,54
675,716,377,0,54
675,717,377,0,54
675,718,377,0,54
675,719,377,0,54
675,720,377,0,54
675,721,377,0,54
675,722,377,0,54
675,723,377,0,54
675,724,377,0,54
679,625,461,0,58
679,626,461,0,58
679,627,461,0,58
679,628,461,0,58
679,629,461,0,58
679,630,461,0,58
679,631,461,0,58
679,632,461,0,58
679,633,461,0,58
679,634,461,0,58
679,635,461,0,58
679,636,461,0,58
679,637,461,0,58
679,638,461,0,58
679,639,461,0,58
679,640,461,0,58
679,641,461,0,58
679,642,461,0,58
679,643,461,0,58
679,644,461,0,58
679,645,461,0,58
679,646,461,0,58
679,647,461,0,58
679,648,461,0,58
679,649,461,0,58
679,650,461,0,58
679,651,461,0,58
679,652,461,0,58
679,653,461,0,58
679,654,461,0,58
679,655,461,0,58
679,656,461,0,58
679,657,461,0,58
679,658,461,0,58
679,659,461,0,58
679,660,461,0,58
679,661,461,0,58
679,662,461,0,58
679,663,461,0,58
679,664,461,0,58
679,665,461,0,58
679,666,461,0,58
679,667,461,0,58
679,668,461,0,58
679,669,461,0,58
679,670,461,0,58
679,671,461,0,58
679,672,461,0,58
679,673,461,0,58
679,674,461,0,58
679,675,461,0,58
679,676,461,0,58
679,677,461,0,58
679,678,461,0,58
679,680,461,0,58
679,681,461,0,58
679,682,461,0,58
679,683,461,0,58
679,684,461,0,58
679,685,461,0,58
679,686,461,0,58
679,687,461,0,58
679,688,461,0,58
679,689,461,0,58
679,690,461,0,58
679,691,461,0,58
679,692,461,0,58
679,693,461,0,58
679,694,461,0,58
679,695,461,0,58
679,696,461,0,58
679,697,461,0,58
679,698,461,0,58
679,699,461,0,58
679,700,461,0,58
679,701,461,0,58
679,702,461,0,58
679,703,461,0,58
679,704,461,0,58
679,705,461,0,58
679,706,461,0,58
679,707,461,0,58
679,708,461,0,58
679,709,461,0,58
679,710,461,0,58
679,711,461,0,58
679,712,461,0,58
679,713,461,0,58
679,714,461,0,58
679,715,461,0,58
679,716,461,0,58
679,717,461,0,58
679,718,461,0,58
679,719,461,0,58
679,720,461,0,58
679,721,461,0,58
679,722,461,0,58
679,723,461,0,58
679,724,461,0,58
685,625,332,0,64
685,626,332,0,64
685,627,332,0,64
685,628,332,0,64
685,629,332,0,64
685,630,332,0,64
685,631,332,0,64
685,632,332,0,64
685,633,332,0,64
685,634,332,0,64
685,635,332,0,64
685,636,332,0,64
685,637,332,0,64
685,638,332,0,64
685,639,332,0,64
685,640,332,0,64
685,641,332,0,64
685,642,332,0,64
685,643,332,0,64
685,644,332,0,64
685,645,332,0,64
685,646,332,0,64
685,647,332,0,64
685,648,332,0,64
685,649,332,0,64
685,650,332,0,64
685,651,332,0,64
685,652,332,0,64
685,653,332,0,64
685,654,332,0,64
685,655,332,0,64
685,656,332,0,64
685,657,332,0,64
685,658,332,0,64
685,659,332,0,64
685,660,332,0,64
685,661,332,0,64
685,662,332,0,64
685,663,332,0,64
685,664,332,0,64
685,665,332,0,64
685,666,332,0,64
685,667,332,0,64
685,668,332,0,64
685,669,332,0,64
685,670,332,0,64
685,671,332,0,64
685,672,332,0,64
685,673,332,0,64
685,674,332,0,64
685,675,332,0,64
685,676,332,0,64
685,677,332,0,64
685,678,332,0,64
685,679,332,0,64
685,680,332,0,64
685,681,332,0,64
685,682,332,0,64
685,683,332,0,64
685,684,332,0,64
685,686,332,0,64
685,687,332,0,64
685,688,332,0,64
685,689,332,0,64
685,690,332,0,64
685,691,332,0,64
685,692,332,0,64
685,693,332,0,64
685,694,332,0,64
685,695,332,0,64
685,696,332,0,64
685,697,332,0,64
685,698,332,0,64
685,699,332,0,64
685,700,332,0,64
685,701,332,0,64
685,702,332,0,64
685,703,332,0,64
685,704,332,0,64
685,705,332,0,64
685,706,332,0,64
685,707,332,0,64
685,708,332,0,64
685,709,332,0,64
685,710,332,0,64
685,711,332,0,64
685,712,332,0,64
685,713,332,0,64
685,714,332,0,64
685,715,332,0,64
685,716,332,0,64
685,717,332,0,64
685,718,332,0,64
685,719,332,0,64
685,720,332,0,64
685,721,332,0,64
685,722,332,0,64
685,723,332,0,64
685,724,332,0,64
687,625,368,0,66
687,626,368,0,66
687,627,368,0,66
687,628,368,0,66
687,629,368,0,66
687,630,368,0,66
687,631,368,0,66
687,632,368,0,66
687,633,368,0,66
687,634,368,0,66
687,635,368,0,66
687,636,368,0,66
687,637,368,0,66
687,638,368,0,66
687,639,368,0,66
687,640,368,0,66
687,641,368,0,66
687,642,368,0,66
687,643,368,0,66
687,644,368,0,66
687,645,368,0,66
687,646,368,0,66
687,647,368,0,66
687,648,368,0,66
687,649,368,0,66
687,650,368,0,66
687,651,368,0,66
687,652,368,0,66
687,653,368,0,66
687,654,368,0,66
687,655,368,0,66
687,656,368,0,66
687,657,368,0,66
687,658,368,0,66
687,659,368,0,66
687,660,368,0,66
687,661,368,0,66
687,662,368,0,66
687,663,368,0,66
687,664,368,0,66
687,665,368,0,66
687,666,368,0,66
687,667,368,0,66
687,668,368,0,66
687,669,368,0,66
687,670,368,0,66
687,671,368,0,66
687,672,368,0,66
687,673,368,0,66
687,674,368,0,66
687,675,368,0,66
687,676,368,0,66
687,677,368,0,66
687,678,368,0,66
687,679,368,0,66
687,680,368,0,66
687,681,368,0,66
687,682,368,0,66
687,683,368,0,66
687,684,368,0,66
687,685,368,0,66
687,686,368,0,66
687,688,368,0,66
687,689,368,0,66
687,690,368,0,66
687,691,368,0,66
687,692,368,0,66
687,693,368,0,66
687,694,368,0,66
687,695,368,0,66
687,696,368,0,66
687,697,368,0,66
687,698,368,0,66
687,699,368,0,66
687,700,368,0,66
687,701,368,0,66
687,702,368,0,66
687,703,368,0,66
687,704,368,0,66
687,705,368,0,66
687,706,368,0,66
687,707,368,0,66
687,708,368,0,66
687,709,368,0,66
687,710,368,0,66
687,711,368,0,66
687,712,368,0,66
687,713,368,0,66
687,714,368,0,66
687,715,368,0,66
687,716,368,0,66
687,717,368,0,66
687,718,368,0,66
687,719,368,0,66
687,720,368,0,66
687,721,368,0,66
687,722,368,0,66
687,723,368,0,66
687,724,368,0,66
689,625,131,0,68
689,626,131,0,68
689,627,131,0,68
689,628,131,0,68
689,629,131,0,68
689,630,131,0,68
689,631,131,0,68
689,632,131,0,68
689,633,131,0,68
689,634,131,0,68
689,635,131,0,68
689,636,131,0,68
689,637,131,0,68
689,638,131,0,68
689,639,131,0,68
689,640,131,0,68
689,641,131,0,68
689,642,131,0,68
689,643,131,0,68
689,644,131,0,68
689,645,131,0,68
689,646,131,0,68
689,647,131,0,68
689,648,131,0,68
689,649,131,0,68
689,650,131,0,68
689,651,131,0,68
689,652,131,0,68
689,653,131,0,68
689,654,131,0,68
689,655,131,0,68
689,656,131,0,68
689,657,131,0,68
689,658,131,0,68
689,659,131,0,68
689,660,131,0,68
689,661,131,0,68
689,662,131,0,68
689,663,131,0,68
689,664,131,0,68
689,665,131,0,68
689,666,131,0,68
689,667,131,0,68
689,668,131,0,68
689,669,131,0,68
689,670,131,0,68
689,671,131,0,68
689,672,131,0,68
689,673,131,0,68
689,674,131,0,68
689,675,131,0,68
689,676,131,0,68
689,677,131,0,68
689,678,131,0,68
689,679,131,0,68
689,680,131,0,68
689,681,131,0,68
689,682,131,0,68
689,683,131,0,68
689,684,131,0,68
689,685,131,0,68
689,686,131,0,68
689,687,131,0,68
689,688,131,0,68
689,690,131,0,68
689,691,131,0,68
689,692,131,0,68
689,693,131,0,68
689,694,131,0,68
689,695,131,0,68
689,696,131,0,68
689,697,131,0,68
689,698,131,0,68
689,699,131,0,68
689,700,131,0,68
689,701,131,0,68
689,702,131,0,68
689,703,131,0,68
689,704,131,0,68
689,705,131,0,68
689,706,131,0,68
689,707,131,0,68
689,708,131,0,68
689,709,131,0,68
689,710,131,0,68
689,711,131,0,68
689,712,131,0,68
689,713,131,0,68
689,714,131,0,68
689,715,131,0,68
689,716,131,0,68
689,717,131,0,68
689,718,131,0,68
689,719,131,0,68
689,720,131,0,68
689,721,131,0,68
689,722,131,0,68
689,723,131,0,68
689,724,131,0,68
692,625,35,0,71
692,626,35,0,71
692,627,35,0,71
692,628,35,0,71
692,629,35,0,71
692,630,35,0,71
692,631,35,0,71
692,632,35,0,71
692,633,35,0,71
692,634,35,0,71
692,635,35,0,71
692,636,35,0,71
692,637,35,0,71
692,638,35,0,71
692,639,35,0,71
692,640,35,0,71
692,641,35,0,71
692,642,35,0,71
692,643,35,0,71
692,644,35,0,71
692,645,35,0,71
692,646,35,0,71
692,647,35,0,71
692,648,35,0,71
692,649,35,0,71
692,650,35,0,71
692,651,35,0,71
692,652,35,0,71
692,653,35,0,71
692,654,35,0,71
692,655,35,0,71
692,656,35,0,71
692,657,35,0,71
692,658,35,0,71
692,659,35,0,71
692,660,35,0,71
692,661,35,0,71
692,662,35,0,71
692,663,35,0,71
692,664,35,0,71
692,665,35,0,71
692,666,35,0,71
692,667,35,0,71
692,668,35,0,71
692,669,35,0,71
692,670,35,0,71
692,671,35,0,71
692,672,35,0,71
692,673,35,0,71
692,674,35,0,71
692,675,35,0,71
692,676,35,0,71
692,677,35,0,71
692,678,35,0,71
692,679,35,0,71
692,680,35,0,71
692,681,35,0,71
692,682,35,0,71
692,683,35,0,71
692,684,35,0,71
692,685,35,0,71
692,686,35,0,71
692,687,35,0,71
692,688,35,0,71
692,689,35,0,71
692,690,35,0,71
692,691,35,0,71
692,693,35,0,71
692,694,35,0,71
692,695,35,0,71
692,696,35,0,71
692,697,35,0,71
692,698,35,0,71
692,699,35,0,71
692,700,35,0,71
692,701,35,0,71
692,702,35,0,71
692,703,35,0,71
692,704,35,0,71
692,705,35,0,71
692,706,35,0,71
692,707,35,0,71
692,708,35,0,71
692,709,35,0,71
692,710,35,0,71
692,711,35,0,71
692,712,35,0,71
692,713,35,0,71
692,714,35,0,71
692,715,35,0,71
692,716,35,0,71
692,717,35,0,71
692,718,35,0,71
692,719,35,0,71
692,720,35,0,71
692,721,35,0,71
692,722,35,0,71
692,723,35,0,71
692,724,35,0,71
694,625,60,0,73
694,626,60,0,73
694,627,60,0,73
694,628,60,0,73
694,629,60,0,73
694,630,60,0,73
694,631,60,0,73
694,632,60,0,73
694,633,60,0,73
694,634,60,0,73
694,635,60,0,73
694,636,60,0,73
694,637,60,0,73
694,638,60,0,73
694,639,60,0,73
694,640,60,0,73
694,641,60,0,73
694,642,60,0,73
694,643,60,0,73
694,644,60,0,73
694,645,60,0,73
694,646,60,0,73
694,647,60,0,73
694,648,60,0,73
694,649,60,0,73
694,650,60,0,73
694,651,60,0,73
694,652,60,0,73
694,653,60,0,73
694,654,60,0,73
694,655,60,0,73
694,656,60,0,73
694,657,60,0,73
694,658,60,0,73
694,659,60,0,73
694,660,60,0,73
694,661,60,0,73
694,662,60,0,73
694,663,60,0,73
694,664,60,0,73
694,665,60,0,73
694,666,60,0,73
694,667,60,0,73
694,668,60,0,73
694,669,60,0,73
694,670,60,0,73
694,671,60,0,73
694,672,60,0,73
694,673,60,0,73
694,674,60,0,73
694,675,60,0,73
694,676,60,0,73
694,677,60,0,73
694,678,60,0,73
694,679,60,0,73
694,680,60,0,73
694,681,60,0,73
694,682,60,0,73
694,683,60,0,73
694,684,60,0,73
694,685,60,0,73
694,686,60,0,73
694,687,60,0,73
694,688,60,0,73
694,689,60,0,73
694,690,60,0,73
694,691,60,0,73
694,692,60,0,73
694,693,60,0,73
694,695,60,0,73
694,696,60,0,73
694,697,60,0,73
694,698,60,0,73
694,699,60,0,73
694,700,60,0,73
694,701,60,0,73
694,702,60,0,73
694,703,60,0,73
694,704,60,0,73
694,705,60,0,73
694,706,60,0,73
694,707,60,0,73
694,708,60,0,73
694,709,60,0,73
694,710,60,0,73
694,711,60,0,73
694,712,60,0,73
694,713,60,0,73
694,714,60,0,73
694,715,60,0,73
694,716,60,0,73
694,717,60,0,73
694,718,60,0,73
694,719,60,0,73
694,720,60,0,73
694,721,60,0,73
694,722,60,0,73
694,723,60,0,73
694,724,60,0,73
698,625,356,0,77
698,626,356,0,77
698,627,356,0,77
698,628,356,0,77
698,629,356,0,77
698,630,356,0,77
698,631,356,0,77
698,632,356,0,77
698,633,356,0,77
698,634,356,0,77
698,635,356,0,77
698,636,356,0,77
698,637,356,0,77
698,638,356,0,77
698,639,356,0,77
698,640,356,0,77
698,641,356,0,77
698,642,356,0,77
698,643,356,0,77
698,644,356,0,77
698,645,356,0,77
698,646,356,0,77
698,647,356,0,77
698,648,356,0,77
698,649,356,0,77
698,650,356,0,77
698,651,356,0,77
698,652,356,0,77
698,653,356,0,77
698,654,356,0,77
698,655,356,0,77
698,656,356,0,77
698,657,356,0,77
698,658,356,0,77
698,659,356,0,77
698,660,356,0,77
698,661,356,0,77
698,662,356,0,77
698,663,356,0,77
698,664,356,0,77
698,665,356,0,77
698,666,356,0,77
698,667,356,0,77
698,668,356,0,77
698,669,356,0,77
698,670,356,0,77
698,671,356,0,77
698,672,356,0,77
698,673,356,0,77
698,674,356,0,77
698,675,356,0,77
698,676,356,0,77
698,677,356,0,77
698,678,356,0,77
698,679,356,0,77
698,680,356,0,77
698,681,356,0,77
698,682,356,0,77
698,683,356,0,77
698,684,356,0,77
698,685,356,0,77
698,686,356,0,77
698,687,356,0,77
698,688,356,0,77
698,689,356,0,77
698,690,356,0,77
698,691,356,0,77
698,692,356,0,77
698,693,356,0,77
698,694,356,0,77
698,695,356,0,77
698,696,356,0,77
698,697,356,0,77
698,699,356,0,77
698,700,356,0,77
698,701,356,0,77
698,702,356,0,77
698,703,356,0,77
698,704,356,0,77
698,705,356,0,77
698,706,356,0,77
698,707,356,0,77
698,708,356,0,77
698,709,356,0,77
698,710,356,0,77
698,711,356,0,77
698,712,356,0,77
698,713,356,0,77
698,714,356,0,77
698,715,356,0,77
698,716,356,0,77
698,717,356,0,77
698,718,356,0,77
698,719,356,0,77
698,720,356,0,77
698,721,356,0,77
698,722,356,0,77
698,723,356,0,77
698,724,356,0,77
699,625,402,0,78
699,626,402,0,78
699,627,402,0,78
699,628,402,0,78
699,629,402,0,78
699,630,402,0,78
699,631,402,0,78
699,632,402,0,78
699,633,402,0,78
699,634,402,0,78
699,635,402,0,78
699,636,402,0,78
699,637,402,0,78
699,638,402,0,78
699,639,402,0,78
699,640,402,0,78
699,641,402,0,78
699,642,402,0,78
699,643,402,0,78
699,644,402,0,78
699,645,402,0,78
699,646,402,0,78
699,647,402,0,78
699,648,402,0,78
699,649,402,0,78
699,650,402,0,78
699,651,402,0,78
699,652,402,0,78
699,653,402,0,78
699,654,402,0,78
699,655,402,0,78
699,656,402,0,78
699,657,402,0,78
699,658,402,0,78
699,659,402,0,78
699,660,402,0,78
699,661,402,0,78
699,662,402,0,78
699,663,402,0,78
699,664,402,0,78
699,665,402,0,78
699,666,402,0,78
699,667,402,0,78
699,668,402,0,78
699,669,402,0,78
699,670,402,0,78
699,671,402,0,78
699,672,402,0,78
699,673,402,0,78
699,674,402,0,78
699,675,402,0,78
699,676,402,0,78
699,677,402,0,78
699,678,402,0,78
699,679,402,0,78
699,680,402,0,78
699,681,402,0,78
699,682,402,0,78
699,683,402,0,78
699,684,402,0,78
699,685,402,0,78
699,686,402,0,78
699,687,402,0,78
699,688,402,0,78
699,689,402,0,78
699,690,402,0,78
699,691,402,0,78
699,692,402,0,78
699,693,402,0,78
699,694,402,0,78
699,695,402,0,78
699,696,402,0,78
699,697,402,0,78
699,698,402,0,78
699,700,402,0,78
699,701,402,0,78
699,702,402,0,78
699,703,402,0,78
699,704,402,0,78
699,705,402,0,78
699,706,402,0,78
699,707,402,0,78
699,708,402,0,78
699,709,402,0,78
699,710,402,0,78
699,711,402,0,78
699,712,402,0,78
699,713,402,0,78
699,714,402,0,78
699,715,402,0,78
699,716,402,0,78
699,717,402,0,78
699,718,402,0,78
699,719,402,0,78
699,720,402,0,78
699,721,402,0,78
699,722,402,0,78
699,723,402,0,78
699,724,402,0,78
700,625,413,0,79
700,626,413,0,79
700,627,413,0,79
700,628,413,0,79
700,629,413,0,79
700,630,413,0,79
700,631,413,0,79
700,632,413,0,79
700,633,413,0,79
700,634,413,0,79
700,635,413,0,79
700,636,413,0,79
700,637,413,0,79
700,638,413,0,79
700,639,413,0,79
700,640,413,0,79
700,641,413,0,79
700,642,413,0,79
700,643,413,0,79
700,644,413,0,79
700,645,413,0,79
700,646,413,0,79
700,647,413,0,79
700,648,413,0,79
700,649,413,0,79
700,650,413,0,79
700,651,413,0,79
700,652,413,0,79
700,653,413,0,79
700,654,413,0,79
700,655,413,0,79
700,656,413,0,79
700,657,413,0,79
700,658,413,0,79
700,659,413,0,79
700,660,413,0,79
700,661,413,0,79
700,662,413,0,79
700,663,413,0,79
700,664,413,0,79
700,665,413,0,79
700,666,413,0,79
700,667,413,0,79
700,668,413,0,79
700,669,413,0,79
700,670,413,0,79
700,671,413,0,79
700,672,413,0,79
700,673,413,0,79
700,674,413,0,79
700,675,413,0,79
700,676,413,0,79
700,677,413,0,79
700,678,413,0,79
700,679,413,0,79
700,680,413,0,79
700,681,413,0,79
700,682,413,0,79
700,683,413,0,79
700,684,413,0,79
700,685,413,0,79
700,686,413,0,79
700,687,413,0,79
700,688,413,0,79
700,689,413,0,79
700,690,413,0,79
700,691,413,0,79
700,692,413,0,79
700,693,413,0,79
700,694,413,0,79
700,695,413,0,79
700,696,413,0,79
700,697,413,0,79
700,698,413,0,79
700,699,413,0,79
700,701,413,0,79
700,702,413,0,79
700,703,413,0,79
700,704,413,0,79
700,705,413,0,79
700,706,413,0,79
700,707,413,0,79
700,708,413,0,79
700,709,413,0,79
700,710,413,0,79
700,711,413,0,79
700,712,413,0,79
700,713,413,0,79
700,714,413,0,79
700,715,413,0,79
700,716,413,0,79
700,717,413,0,79
700,718,413,0,79
700,719,413,0,79
700,720,413,0,79
700,721,413,0,79
700,722,413,0,79
700,723,413,0,79
700,724,413,0,79
701,625,10,0,80
701,626,10,0,80
701,627,10,0,80
701,628,10,0,80
701,629,10,0,80
701,630,10,0,80
701,631,10,0,80
701,632,10,0,80
701,633,10,0,80
701,634,10,0,80
701,635,10,0,80
701,636,10,0,80
701,637,10,0,80
701,638,10,0,80
701,639,10,0,80
701,640,10,0,80
701,641,10,0,80
701,642,10,0,80
701,643,10,0,80
701,644,10,0,80
701,645,10,0,80
701,646,10,0,80
701,647,10,0,80
701,648,10,0,80
701,649,10,0,80
701,650,10,0,80
701,651,10,0,80
701,652,10,0,80
701,653,10,0,80
701,654,10,0,80
701,655,10,0,80
701,656,10,0,80
701,657,10,0,80
701,658,10,0,80
701,659,10,0,80
701,660,10,0,80
701,661,10,0,80
701,662,10,0,80
701,663,10,0,80
701,664,10,0,80
701,665,10,0,80
701,666,10,0,80
701,667,10,0,80
701,668,10,0,80
701,669,10,0,80
701,670,10,0,80
701,671,10,0,80
701,672,10,0,80
701,673,10,0,80
701,674,10,0,80
701,675,10,0,80
701,676,10,0,80
701,677,10,0,80
701,678,10,0,80
701,679,10,0,80
701,680,10,0,80
701,681,10,0,80
701,682,10,0,80
701,683,10,0,80
701,684,10,0,80
701,685,10,0,80
701,686,10,0,80
701,687,10,0,80
701,688,10,0,80
701,689,10,0,80
701,690,10,0,80
701,691,10,0,80
701,692,10,0,80
701,693,10,0,80
701,694,10,0,80
701,695,10,0,80
701,696,10,0,80
701,697,10,0,80
701,698,10,0,80
701,699,10,0,80
701,700,10,0,80
701,702,10,0,80
701,703,10,0,80
701,704,10,0,80
701,705,10,0,80
701,706,10,0,80
701,707,10,0,80
701,708,10,0,80
701,709,10,0,80
701,710,10,0,80
701,711,10,0,80
701,712,10,0,80
701,713,10,0,80
701,714,10,0,80
701,715,10,0,80
701,716,10,0,80
701,717,10,0,80
701,718,10,0,80
701,719,10,0,80
701,720,10,0,80
701,721,10,0,80
701,722,10,0,80
701,723,10,0,80
701,724,10,0,80
704,625,379,0,83
704,626,379,0,83
704,627,379,0,83
704,628,379,0,83
704,629,379,0,83
704,630,379,0,83
704,631,379,0,83
704,632,379,0,83
704,633,379,0,83
704,634,379,0,83
704,635,379,0,83
704,636,379,0,83
704,637,379,0,83
704,638,379,0,83
704,639,379,0,83
704,640,379,0,83
704,641,379,0,83
704,642,379,0,83
704,643,379,0,83
704,644,379,0,83
704,645,379,0,83
704,646,379,0,83
704,647,379,0,83
704,648,379,0,83
704,649,379,0,83
704,650,379,0,83
704,651,379,0,83
704,652,379,0,83
704,653,379,0,83
704,654,379,0,83
704,655,379,0,83
704,656,379,0,83
704,657,379,0,83
704,658,379,0,83
704,659,379,0,83
704,660,379,0,83
704,661,379,0,83
704,662,379,0,83
704,663,379,0,83
704,664,379,0,83
704,665,379,0,83
704,666,379,0,83
704,667,379,0,83
704,668,379,0,83
704,669,379,0,83
704,670,379,0,83
704,671,379,0,83
704,672,379,0,83
704,673,379,0,83
704,674,379,0,83
704,675,379,0,83
704,676,379,0,83
704,677,379,0,83
704,678,379,0,83
704,679,379,0,83
704,680,379,0,83
704,681,379,0,83
704,682,379,0,83
704,683,379,0,83
704,684,379,0,83
704,685,379,0,83
704,686,379,0,83
704,687,379,0,83
704,688,379,0,83
704,689,379,0,83
704,690,379,0,83
704,691,379,0,83
704,692,379,0,83
704,693,379,0,83
704,694,379,0,83
704,695,379,0,83
704,696,379,0,83
704,697,379,0,83
704,698,379,0,83
704,699,379,0,83
704,700,379,0,83
704,701,379,0,83
704,702,379,0,83
704,703,379,0,83
704,705,379,0,83
704,706,379,0,83
704,707,379,0,83
704,708,379,0,83
704,709,379,0,83
704,710,379,0,83
704,711,379,0,83
704,712,379,0,83
704,713,379,0,83
704,714,379,0,83
704,715,379,0,83
704,716,379,0,83
704,717,379,0,83
704,718,379,0,83
704,719,379,0,83
704,720,379,0,83
704,721,379,0,83
704,722,379,0,83
704,723,379,0,83
704,724,379,0,83
707,625,362,0,86
707,626,362,0,86
707,627,362,0,86
707,628,362,0,86
707,629,362,0,86
707,630,362,0,86
707,631,362,0,86
707,632,362,0,86
707,633,362,0,86
707,634,362,0,86
707,635,362,0,86
707,636,362,0,86
707,637,362,0,86
707,638,362,0,86
707,639,362,0,86
707,640,362,0,86
707,641,362,0,86
707,642,362,0,86
707,643,362,0,86
707,644,362,0,86
707,645,362,0,86
707,646,362,0,86
707,647,362,0,86
707,648,362,0,86
707,649,362,0,86
707,650,362,0,86
707,651,362,0,86
707,652,362,0,86
707,653,362,0,86
707,654,362,0,86
707,655,362,0,86
707,656,362,0,86
707,657,362,0,86
707,658,362,0,86
707,659,362,0,86
707,660,362,0,86
707,661,362,0,86
707,662,362,0,86
707,663,362,0,86
707,664,362,0,86
707,665,362,0,86
707,666,362,0,86
707,667,362,0,86
707,668,362,0,86
707,669,362,0,86
707,670,362,0,86
707,671,362,0,86
707,672,362,0,86
707,673,362,0,86
707,674,362,0,86
707,675,362,0,86
707,676,362,0,86
707,677,362,0,86
707,678,362,0,86
707,679,362,0,86
707,680,362,0,86
707,681,362,0,86
707,682,362,0,86
707,683,362,0,86
707,684,362,0,86
707,685,362,0,86
707,686,362,0,86
707,687,362,0,86
707,688,362,0,86
707,689,362,0,86
707,690,362,0,86
707,691,362,0,86
707,692,362,0,86
707,693,362,0,86
707,694,362,0,86
707,695,362,0,86
707,696,362,0,86
707,697,362,0,86
707,698,362,0,86
707,699,362,0,86
707,700,362,0,86
707,701,362,0,86
707,702,362,0,86
707,703,362,0,86
707,704,362,0,86
707,705,362,0,86
707,706,362,0,86
707,708,362,0,86
707,709,362,0,86
707,710,362,0,86
707,711,362,0,86
707,712,362,0,86
707,713,362,0,86
707,714,362,0,86
707,715,362,0,86
707,716,362,0,86
707,717,362,0,86
707,718,362,0,86
707,719,362,0,86
707,720,362,0,86
707,721,362,0,86
707,722,362,0,86
707,723,362,0,86
707,724,362,0,86
712,625,158,0,91
712,626,158,0,91
712,627,158,0,91
712,628,158,0,91
712,629,158,0,91
712,630,158,0,91
712,631,158,0,91
712,632,158,0,91
712,633,158,0,91
712,634,158,0,91
712,635,158,0,91
712,636,158,0,91
712,637,158,0,91
712,638,158,0,91
712,639,158,0,91
712,640,158,0,91
712,641,158,0,91
712,642,158,0,91
712,643,158,0,91
712,644,158,0,91
712,645,158,0,91
712,646,158,0,91
712,647,158,0,91
712,648,158,0,91
712,649,158,0,91
712,650,158,0,91
712,651,158,0,91
712,652,158,0,91
712,653,158,0,91
712,654,158,0,91
712,655,158,0,91
712,656,158,0,91
712,657,158,0,91
712,658,158,0,91
712,659,158,0,91
712,660,158,0,91
712,661,158,0,91
712,662,158,0,91
712,663,158,0,91
712,664,158,0,91
712,665,158,0,91
712,666,158,0,91
712,667,158,0,91
712,668,158,0,91
712,669,158,0,91
712,670,158,0,91
712,671,158,0,91
712,672,158,0,91
712,673,158,0,91
712,674,158,0,91
712,675,158,0,91
712,676,158,0,91
712,677,158,0,91
712,678,158,0,91
712,679,158,0,91
712,680,158,0,91
712,681,158,0,91
712,682,158,0,91
712,683,158,0,91
712,684,158,0,91
712,685,158,0,91
712,686,158,0,91
712,687,158,0,91
712,688,158,0,91
712,689,158,0,91
712,690,158,0,91
712,691,158,0,91
712,692,158,0,91
712,693,158,0,91
712,694,158,0,91
712,695,158,0,91
712,696,158,0,91
712,697,158,0,91
712,698,158,0,91
712,699,158,0,91
712,700,158,0,91
712,701,158,0,91
712,702,158,0,91
712,703,158,0,91
712,704,158,0,91
712,705,158,0,91
712,706,158,0,91
712,707,158,0,91
712,708,158,0,91
712,709,158,0,91
712,710,158,0,91
712,711,158,0,91
712,713,158,0,91
712,714,158,0,91
712,715,158,0,91
712,716,158,0,91
712,717,158,0,91
712,718,158,0,91
712,719,158,0,91
712,720,158,0,91
712,721,158,0,91
712,722,158,0,91
712,723,158,0,91
712,724,158,0,91
714,625,500,0,93
714,626,500,0,93
714,627,500,0,93
714,628,500,0,93
714,629,500,0,93
714,630,500,0,93
714,631,500,0,93
714,632,500,0,93
714,633,500,0,93
714,634,500,0,93
714,635,500,0,93
714,636,500,0,93
714,637,500,0,93
714,638,500,0,93
714,639,500,0,93
714,640,500,0,93
714,641,500,0,93
714,642,500,0,93
714,643,500,0,93
714,644,500,0,93
714,645,500,0,93
714,646,500,0,93
714,647,500,0,93
714,648,500,0,93
714,649,500,0,93
714,650,500,0,93
714,651,500,0,93
714,652,500,0,93
714,653,500,0,93
714,654,500,0,93
714,655,500,0,93
714,656,500,0,93
714,657,500,0,93
714,658,500,0,93
714,659,500,0,93
714,660,500,0,93
714,661,500,0,93
714,662,500,0,93
714,663,500,0,93
714,664,500,0,93
714,665,500,0,93
714,666,500,0,93
714,667,500,0,93
714,668,500,0,93
714,669,500,0,93
714,670,500,0,93
714,671,500,0,93
714,672,500,0,93
714,673,500,0,93
714,674,500,0,93
714,675,500,0,93
714,676,500,0,93
714,677,500,0,93
714,678,500,0,93
714,679,500,0,93
714,680,500,0,93
714,681,500,0,93
714,682,500,0,93
714,683,500,0,93
714,684,500,0,93
714,685,500,0,93
714,686,500,0,93
714,687,500,0,93
714,688,500,0,93
714,689,500,0,93
714,690,500,0,93
714,691,500,0,93
714,692,500,0,93
714,693,500,0,93
714,694,500,0,93
714,695,500,0,93
714,696,500,0,93
714,697,500,0,93
714,698,500,0,93
714,699,500,0,93
714,700,500,0,93
714,701,500,0,93
714,702,500,0,93
714,703,500,0,93
714,704,500,0,93
714,705,500,0,93
714,706,500,0,93
714,707,500,0,93
714,708,500,0,93
714,709,500,0,93
714,710,500,0,93
714,711,500,0,93
714,712,500,0,93
714,713,500,0,93
714,715,500,0,93
714,716,500,0,93
714,717,500,0,93
714,718,500,0,93
714,719,500,0,93
714,720,500,0,93
714,721,500,0,93
714,722,500,0,93
714,723,500,0,93
714,724,500,0,93
716,625,184,0,95
716,626,184,0,95
716,627,184,0,95
716,628,184,0,95
716,629,184,0,95
716,630,184,0,95
716,631,184,0,95
716,632,184,0,95
716,633,184,0,95
716,634,184,0,95
716,635,184,0,95
716,636,184,0,95
716,637,184,0,95
716,638,184,0,95
716,639,184,0,95
716,640,184,0,95
716,641,184,0,95
716,642,184,0,95
716,643,184,0,95
716,644,184,0,95
716,645,184,0,95
716,646,184,0,95
716,647,184,0,95
716,648,184,0,95
716,649,184,0,95
716,650,184,0,95
716,651,184,0,95
716,652,184,0,95
716,653,184,0,95
716,654,184,0,95
716,655,184,0,95
716,656,184,0,95
716,657,184,0,95
716,658,184,0,95
716,659,184,0,95
716,660,184,0,95
716,661,184,0,95
716,662,184,0,95
716,663,184,0,95
716,664,184,0,95
716,665,184,0,95
716,666,184,0,95
716,667,184,0,95
716,668,184,0,95
716,669,184,0,95
716,670,184,0,95
716,671,184,0,95
716,672,184,0,95
716,673,184,0,95
716,674,184,0,95
716,675,184,0,95
716,676,184,0,95
716,677,184,0,95
716,678,184,0,95
716,679,184,0,95
716,680,184,0,95
716,681,184,0,95
716,682,184,0,95
716,683,184,0,95
716,684,184,0,95
716,685,184,0,95
716,686,184,0,95
716,687,184,0,95
716,688,184,0,95
716,689,184,0,95
716,690,184,0,95
716,691,184,0,95
716,692,184,0,95
716,693,184,0,95
716,694,184,0,95
716,695,184,0,95
716,696,184,0,95
716,697,184,0,95
716,698,184,0,95
716,699,184,0,95
716,700,184,0,95
716,701,184,0,95
716,702,184,0,95
716,703,184,0,95
716,704,184,0,95
716,705,184,0,95
716,706,184,0,95
716,707,184,0,95
716,708,184,0,95
716,709,184,0,95
716,710,184,0,95
716,711,184,0,95
716,712,184,0,95
716,713,184,0,95
716,714,184,0,95
716,715,184,0,95
716,717,184,0,95
716,718,184,0,95
716,719,184,0,95
716,720,184,0,95
716,721,184,0,95
716,722,184,0,95
716,723,184,0,95
716,724,184,0,95
721,625,109,0,100
721,626,109,0,100
721,627,109,0,100
721,628,109,0,100
721,629,109,0,100
721,630,109,0,100
721,631,109,0,100
721,632,109,0,100
721,633,109,0,100
721,634,109,0,100
721,635,109,0,100
721,636,109,0,100
721,637,109,0,100
721,638,109,0,100
721,639,109,0,100
721,640,109,0,100
721,641,109,0,100
721,642,109,0,100
721,643,109,0,100
721,644,109,0,100
721,645,109,0,100
721,646,109,0,100
721,647,109,0,100
721,648,109,0,100
721,649,109,0,100
721,650,109,0,100
721,651,109,0,100
721,652,109,0,100
721,653,109,0,100
721,654,109,0,100
721,655,109,0,100
721,656,109,0,100
721,657,109,0,100
721,658,109,0,100
721,659,109,0,100
721,660,109,0,100
721,661,109,0,100
721,662,109,0,100
721,663,109,0,100
721,664,109,0,100
721,665,109,0,100
721,666,109,0,100
721,667,109,0,100
721,668,109,0,100
721,669,109,0,100
721,670,109,0,100
721,671,109,0,100
721,672,109,0,100
721,673,109,0,100
721,674,109,0,100
721,675,109,0,100
721,676,109,0,100
721,677,109,0,100
721,678,109,0,100
721,679,109,0,100
721,680,109,0,100
721,681,109,0,100
721,682,109,0,100
721,683,109,0,100
721,684,109,0,100
721,685,109,0,100
721,686,109,0,100
721,687,109,0,100
721,688,109,0,100
721,689,109,0,100
721,690,109,0,100
721,691,109,0,100
721,692,109,0,100
721,693,109,0,100
721,694,109,0,100
721,695,109,0,100
721,696,109,0,100
721,697,109,0,100
721,698,109,0,100
721,699,109,0,100
721,700,109,0,100
721,701,109,0,100
721,702,109,0,100
721,703,109,0,100
721,704,109,0,100
721,705,109,0,100
721,706,109,0,100
721,707,109,0,100
721,708,109,0,100
721,709,109,0,100
721,710,109,0,100
721,711,109,0,100
721,712,109,0,100
721,713,109,0,100
721,714,109,0,100
721,715,109,0,100
721,716,109,0,100
721,717,109,0,100
721,718,109,0,100
721,719,109,0,100
721,720,109,0,100
721,722,109,0,100
721,723,109,0,100
721,724,109,0,100
722,625,86,0,101
722,626,86,0,101
722,627,86,0,101
722,628,86,0,101
722,629,86,0,101
722,630,86,0,101
722,631,86,0,101
722,632,86,0,101
722,633,86,0,101
722,634,86,0,101
722,635,86,0,101
722,636,86,0,101
722,637,86,0,101
722,638,86,0,101
722,639,86,0,101
722,640,86,0,101
722,641,86,0,101
722,642,86,0,101
722,643,86,0,101
722,644,86,0,101
722,645,86,0,101
722,646,86,0,101
722,647,86,0,101
722,648,86,0,101
722,649,86,0,101
722,650,86,0,101
722,651,86,0,101
722,652,86,0,101
722,653,86,0,101
722,654,86,0,101
722,655,86,0,101
722,656,86,0,101
722,657,86,0,101
722,658,86,0,101
722,659,86,0,101
722,660,86,0,101
722,661,86,0,101
722,662,86,0,101
722,663,86,0,101
722,664,86,0,101
722,665,86,0,101
722,666,86,0,101
722,667,86,0,101
722,668,86,0,101
722,669,86,0,101
722,670,86,0,101
722,671,86,0,101
722,672,86,0,101
722,673,86,0,101
722,674,86,0,101
722,675,86,0,101
722,676,86,0,101
722,677,86,0,101
722,678,86,0,101
722,679,86,0,101
722,680,86,0,101
722,681,86,0,101
722,682,86,0,101
722,683,86,0,101
722,684,86,0,101
722,685,86,0,101
722,686,86,0,101
722,687,86,0,101
722,688,86,0,101
722,689,86,0,101
722,690,86,0,101
722,691,86,0,101
722,692,86,0,101
722,693,86,0,101
722,694,86,0,101
722,695,86,0,101
722,696,86,0,101
722,697,86,0,101
722,698,86,0,101
722,699,86,0,101
722,700,86,0,101
722,701,86,0,101
722,702,86,0,101
722,703,86,0,101
722,704,86,0,101
722,705,86,0,101
722,706,86,0,101
722,707,86,0,101
722,708,86,0,101
722,709,86,0,101
722,710,86,0,101
722,711,86,0,101
722,712,86,0,101
722,713,86,0,101
722,714,86,0,101
722,715,86,0,101
722,716,86,0,101
722,717,86,0,101
722,718,86,0,101
722,719,86,0,101
722,720,86,0,101
722,721,86,0,101
722,723,86,0,101
722,724,86,0,101
