0,628,24,2,1
0,641,1,0,0
0,642,24,2,1
0,643,25,1,0
0,645,24,2,1
0,648,24,2,1
0,653,25,1,0
0,659,600,3,2
0,666,1,0,0
0,669,1,0,0
0,671,25,1,0
0,677,1,0,0
0,686,1,0,0
0,699,24,2,1
0,700,1,0,0
0,714,24,2,1
0,715,1,0,0
0,723,1,0,0
1,626,2,1,0
1,628,2,1,0
1,635,2,1,0
1,642,2,1,0
1,643,26,2,0
1,645,2,1,0
1,648,0,0,0
1,650,2,1,0
1,653,2,1,0
1,659,601,3,3
1,671,26,2,0
1,678,2,1,0
1,695,2,1,0
1,699,0,0,0
1,719,2,1,0
2,643,27,2,0
2,648,1,0,1
2,699,1,0,1
3,628,4,1,0
3,642,4,1,0
3,643,28,2,0
3,645,4,1,0
3,648,4,1,0
3,653,28,2,0
3,659,603,3,3
3,668,28,2,0
3,671,28,2,0
3,681,28,2,0
3,690,28,2,0
3,699,4,1,0
4,628,5,1,0
4,639,29,2,0
4,642,5,1,0
4,643,29,2,0
4,645,5,1,0
4,648,5,1,0
4,653,29,2,0
4,659,604,3,3
4,669,5,1,0
4,671,29,2,0
4,686,5,1,0
4,699,5,1,0
4,718,29,2,0
5,628,6,1,0
5,629,30,2,0
5,634,30,2,0
5,642,6,1,0
5,643,30,2,0
5,645,6,1,0
5,648,6,1,0
5,649,6,1,0
5,653,30,2,0
5,654,605,3,3
5,658,605,3,3
5,659,605,3,3
5,661,30,2,0
5,663,605,3,3
5,669,6,1,0
5,671,30,2,0
5,686,6,1,0
5,687,30,2,0
5,699,6,1,0
5,707,6,1,0
5,714,6,1,0
5,718,30,2,0
6,627,7,1,0
6,628,7,1,0
6,636,7,1,0
6,642,7,1,0
6,643,31,2,0
6,644,7,1,0
6,645,7,1,0
6,648,7,1,0
6,649,7,1,0
6,652,31,2,0
6,653,31,2,0
6,658,606,3,3
6,659,606,3,3
6,661,31,2,0
6,663,606,3,3
6,669,7,1,0
6,671,31,2,0
6,679,7,1,0
6,686,7,1,0
6,699,7,1,0
6,703,31,2,0
6,707,7,1,0
6,710,606,3,3
6,714,7,1,0
6,718,31,2,0
6,722,7,1,0
7,627,8,1,0
7,628,8,1,0
7,636,8,1,0
7,642,8,1,0
7,643,32,2,0
7,644,8,1,0
7,645,8,1,0
7,648,8,1,0
7,649,8,1,0
7,652,32,2,0
7,653,32,2,0
7,658,607,3,3
7,659,607,3,3
7,661,32,2,0
7,663,607,3,3
7,669,8,1,0
7,671,32,2,0
7,679,8,1,0
7,686,8,1,0
7,699,8,1,0
7,701,32,2,0
7,703,32,2,0
7,707,8,1,0
7,710,607,3,3
7,714,8,1,0
7,718,32,2,0
7,722,8,1,0
8,628,33,2,0
8,642,608,3,3
8,643,33,2,0
8,644,33,2,0
8,645,33,2,0
8,646,9,1,0
8,648,608,3,3
8,649,33,2,0
8,652,33,2,0
8,653,33,2,0
8,659,608,3,3
8,669,33,2,0
8,671,33,2,0
8,679,608,3,3
8,686,33,2,0
8,699,33,2,0
8,703,33,2,0
8,714,33,2,0
9,627,609,3,3
9,628,34,2,0
9,636,34,2,0
9,642,609,3,3
9,643,8,0,1
9,644,34,2,0
9,645,34,2,0
9,646,646,25,0
9,648,609,3,3
9,649,34,2,0
9,653,8,0,1
9,655,34,2,0
9,658,8,0,1
9,659,8,0,1
9,661,8,0,1
9,663,8,0,1
9,669,34,2,0
9,671,8,0,1
9,679,609,3,3
9,686,34,2,0
9,699,34,2,0
9,701,8,0,1
9,703,8,0,1
9,707,609,3,3
9,710,8,0,1
9,712,8,0,1
9,714,34,2,0
9,718,8,0,1
9,721,34,2,0
9,722,34,2,0
10,627,610,3,3
10,628,35,2,0
10,636,35,2,0
10,642,610,3,3
10,643,9,0,1
10,644,35,2,0
10,645,35,2,0
10,648,610,3,3
10,649,35,2,0
10,653,9,0,1
10,658,9,0,1
10,659,9,0,1
10,661,9,0,1
10,663,9,0,1
10,669,35,2,0
10,671,9,0,1
10,679,610,3,3
10,686,35,2,0
10,699,35,2,0
10,703,9,0,1
10,707,610,3,3
10,710,9,0,1
10,714,35,2,0
10,718,9,0,1
10,722,35,2,0
11,628,36,2,0
11,632,12,1,0
11,642,611,3,3
11,643,10,0,1
11,645,36,2,0
11,648,611,3,3
11,649,36,2,0
11,653,10,0,1
11,658,10,0,1
11,659,10,0,1
11,661,10,0,1
11,663,10,0,1
11,665,12,1,0
11,669,36,2,0
11,671,10,0,1
11,686,36,2,0
11,699,36,2,0
11,707,611,3,3
11,710,10,0,1
11,714,36,2,0
11,718,10,0,1
12,628,37,2,0
12,642,612,3,3
12,643,11,0,1
12,645,37,2,0
12,647,13,1,0
12,648,612,3,3
12,653,11,0,1
12,659,11,0,1
12,663,11,0,1
12,669,37,2,0
12,671,11,0,1
12,680,13,1,0
12,686,37,2,0
12,699,37,2,0
12,714,13,1,0
12,717,11,0,1
12,718,11,0,1
13,628,38,2,0
13,642,613,3,3
13,643,12,0,1
13,645,38,2,0
13,648,613,3,3
13,653,12,0,1
13,656,14,1,0
13,659,12,0,1
13,671,12,0,1
13,688,14,1,0
13,699,38,2,0
14,630,15,1,0
14,643,13,0,1
14,648,15,1,0
14,653,13,0,1
14,659,15,1,0
14,671,15,1,0
14,676,15,1,0
14,699,15,1,0
15,643,16,1,0
15,648,615,3,3
15,659,16,1,0
15,671,16,1,0
15,691,615,3,3
15,699,40,2,0
16,628,41,2,0
16,642,616,3,3
16,643,17,1,0
16,645,41,2,0
16,648,616,3,3
16,653,17,1,0
16,659,17,1,0
16,671,17,1,0
16,684,616,3,3
16,693,41,2,0
16,699,41,2,0
17,628,42,2,0
17,631,617,3,3
17,642,617,3,3
17,643,18,1,0
17,645,42,2,0
17,648,617,3,3
17,653,18,1,0
17,659,18,1,0
17,669,42,2,0
17,671,18,1,0
17,673,42,2,0
17,686,42,2,0
17,699,42,2,0
17,704,42,2,0
17,713,42,2,0
17,714,42,2,0
17,718,18,1,0
17,724,42,2,0
18,628,43,2,0
18,633,43,2,0
18,642,618,3,3
18,643,19,1,0
18,645,43,2,0
18,648,618,3,3
18,649,43,2,0
18,653,19,1,0
18,658,19,1,0
18,659,19,1,0
18,661,19,1,0
18,663,19,1,0
18,669,43,2,0
18,671,19,1,0
18,686,43,2,0
18,689,618,3,3
18,698,43,2,0
18,699,43,2,0
18,707,618,3,3
18,714,43,2,0
18,718,19,1,0
19,627,619,3,3
19,628,44,2,0
19,636,44,2,0
19,642,619,3,3
19,643,20,1,0
19,644,44,2,0
19,645,44,2,0
19,648,619,3,3
19,649,44,2,0
19,653,20,1,0
19,658,20,1,0
19,659,20,1,0
19,661,20,1,0
19,663,20,1,0
19,669,44,2,0
19,671,20,1,0
19,679,619,3,3
19,685,44,2,0
19,686,44,2,0
19,699,44,2,0
19,703,20,1,0
19,707,619,3,3
19,710,20,1,0
19,714,44,2,0
19,718,20,1,0
19,722,44,2,0
20,627,620,3,3
20,628,45,2,0
20,636,45,2,0
20,642,620,3,3
20,643,21,1,0
20,644,45,2,0
20,645,45,2,0
20,648,620,3,3
20,649,45,2,0
20,653,21,1,0
20,655,45,2,0
20,658,21,1,0
20,659,21,1,0
20,661,21,1,0
20,663,21,1,0
20,669,45,2,0
20,671,21,1,0
20,679,620,3,3
20,686,45,2,0
20,699,45,2,0
20,701,21,1,0
20,703,21,1,0
20,707,620,3,3
20,710,21,1,0
20,714,45,2,0
20,718,21,1,0
20,721,45,2,0
20,722,45,2,0
21,628,46,2,0
21,642,621,3,3
21,643,46,2,0
21,644,46,2,0
21,645,46,2,0
21,646,20,0,1
21,648,621,3,3
21,649,46,2,0
21,652,46,2,0
21,653,46,2,0
21,655,46,2,0
21,659,621,3,3
21,669,46,2,0
21,671,46,2,0
21,679,621,3,3
21,686,46,2,0
21,699,46,2,0
21,703,46,2,0
21,712,22,1,0
21,714,46,2,0
21,721,46,2,0
22,627,21,0,1
22,628,21,0,1
22,636,21,0,1
22,638,23,1,0
22,642,21,0,1
22,643,47,2,0
22,644,21,0,1
22,645,21,0,1
22,648,21,0,1
22,649,21,0,1
22,652,47,2,0
22,653,47,2,0
22,658,622,3,3
22,659,622,3,3
22,661,47,2,0
22,663,622,3,3
22,669,21,0,1
22,671,47,2,0
22,679,21,0,1
22,686,21,0,1
22,692,23,1,0
22,694,23,1,0
22,699,21,0,1
22,703,47,2,0
22,707,21,0,1
22,710,622,3,3
22,714,21,0,1
22,718,47,2,0
22,722,21,0,1
23,627,24,1,0
23,628,22,0,1
23,636,24,1,0
23,642,22,0,1
23,643,48,2,0
23,644,24,1,0
23,645,22,0,1
23,648,22,0,1
23,649,22,0,1
23,652,24,1,0
23,653,48,2,0
23,657,24,1,0
23,658,623,3,3
23,659,623,3,3
23,661,48,2,0
23,663,623,3,3
23,669,22,0,1
23,671,48,2,0
23,686,22,0,1
23,697,24,1,0
23,699,22,0,1
23,702,24,1,0
23,707,22,0,1
23,708,24,1,0
23,710,24,1,0
23,714,22,0,1
23,718,48,2,0
23,722,24,1,0
24,628,23,0,1
24,637,0,1,2
24,642,23,0,1
24,643,49,2,0
24,645,23,0,1
24,648,23,0,1
24,649,0,1,2
24,651,0,1,2
24,653,49,2,0
24,659,624,3,3
24,663,0,1,2
24,669,23,0,1
24,671,49,2,0
24,674,0,1,2
24,682,0,1,2
24,683,0,1,2
24,686,23,0,1
24,696,0,1,2
24,699,23,0,1
24,705,0,1,2
24,707,0,1,2
24,709,0,1,2
24,714,23,0,1
24,717,0,1,2
24,718,49,2,0
24,720,0,1,2
25,625,26,1,1
25,628,49,3,2
25,641,26,1,1
25,642,49,3,2
25,643,50,2,0
25,645,49,3,2
25,648,49,3,2
25,653,50,2,0
25,659,0,0,1
25,666,26,1,1
25,669,26,1,1
25,671,50,2,0
25,677,26,1,1
25,686,26,1,1
25,699,49,3,2
25,714,49,3,2
25,715,26,1,1
25,723,26,1,1
26,626,27,2,1
26,628,27,2,1
26,635,27,2,1
26,642,27,2,1
26,643,51,3,0
26,645,27,2,1
26,648,25,1,1
26,650,27,2,1
26,653,27,2,1
26,659,1,0,2
26,671,51,3,0
26,678,27,2,1
26,695,27,2,1
26,699,25,1,1
26,719,27,2,1
27,643,52,3,0
27,648,26,1,2
27,699,26,1,2
28,628,29,2,1
28,642,29,2,1
28,643,53,3,0
28,645,29,2,1
28,648,29,2,1
28,653,53,3,0
28,659,3,0,2
28,668,53,3,0
28,671,53,3,0
28,681,53,3,0
28,690,53,3,0
28,699,29,2,1
29,628,30,2,1
29,639,54,3,0
29,642,30,2,1
29,643,54,3,0
29,645,30,2,1
29,648,30,2,1
29,653,54,3,0
29,659,4,0,2
29,669,30,2,1
29,671,54,3,0
29,686,30,2,1
29,699,30,2,1
29,718,54,3,0
30,628,31,2,1
30,629,55,3,0
30,634,55,3,0
30,642,31,2,1
30,643,55,3,0
30,645,31,2,1
30,648,31,2,1
30,649,31,2,1
30,653,55,3,0
30,654,5,0,2
30,658,5,0,2
30,659,5,0,2
30,661,55,3,0
30,663,5,0,2
30,669,31,2,1
30,671,55,3,0
30,686,31,2,1
30,687,55,3,0
30,699,31,2,1
30,707,31,2,1
30,714,31,2,1
30,718,55,3,0
31,627,32,2,1
31,628,32,2,1
31,636,32,2,1
31,642,32,2,1
31,643,56,3,0
31,644,32,2,1
31,645,32,2,1
31,648,32,2,1
31,649,32,2,1
31,653,56,3,0
31,658,6,0,2
31,659,6,0,2
31,661,56,3,0
31,663,6,0,2
31,669,32,2,1
31,671,56,3,0
31,679,32,2,1
31,686,32,2,1
31,699,32,2,1
31,703,56,3,0
31,707,32,2,1
31,710,6,0,2
31,714,32,2,1
31,718,56,3,0
31,722,32,2,1
32,627,33,2,1
32,628,33,2,1
32,636,33,2,1
32,642,33,2,1
32,643,57,3,0
32,644,33,2,1
32,645,33,2,1
32,648,33,2,1
32,649,33,2,1
32,653,57,3,0
32,658,7,0,2
32,659,7,0,2
32,661,57,3,0
32,663,7,0,2
32,669,33,2,1
32,671,57,3,0
32,679,33,2,1
32,686,33,2,1
32,699,33,2,1
32,701,57,3,0
32,703,57,3,0
32,707,33,2,1
32,710,7,0,2
32,714,33,2,1
32,718,57,3,0
32,722,33,2,1
33,628,58,3,0
33,642,8,0,2
33,643,58,3,0
33,644,58,3,0
33,646,8,0,2
33,648,8,0,2
33,649,58,3,0
33,653,58,3,0
33,655,34,2,1
33,659,8,0,2
33,661,58,3,0
33,671,58,3,0
33,686,58,3,0
33,699,58,3,0
33,701,58,3,0
33,703,58,3,0
33,714,58,3,0
33,717,58,3,0
34,627,9,0,2
34,628,59,3,0
34,636,59,3,0
34,642,9,0,2
34,643,33,1,2
34,644,59,3,0
34,645,59,3,0
34,646,9,0,2
34,648,9,0,2
34,649,59,3,0
34,653,33,1,2
34,655,655,34,0
34,658,33,1,2
34,659,33,1,2
34,661,33,1,2
34,663,33,1,2
34,669,59,3,0
34,671,33,1,2
34,679,9,0,2
34,686,59,3,0
34,699,59,3,0
34,701,33,1,2
34,703,33,1,2
34,707,9,0,2
34,710,33,1,2
34,712,33,1,2
34,714,59,3,0
34,717,59,3,0
34,718,33,1,2
34,721,59,3,0
34,722,59,3,0
35,627,10,0,2
35,628,60,3,0
35,636,60,3,0
35,642,10,0,2
35,643,34,1,2
35,644,60,3,0
35,645,60,3,0
35,648,10,0,2
35,649,60,3,0
35,653,34,1,2
35,658,34,1,2
35,659,34,1,2
35,661,34,1,2
35,663,34,1,2
35,669,60,3,0
35,671,34,1,2
35,679,10,0,2
35,686,60,3,0
35,699,60,3,0
35,703,34,1,2
35,707,10,0,2
35,710,34,1,2
35,714,60,3,0
35,717,60,3,0
35,718,34,1,2
35,722,60,3,0
36,628,61,3,0
36,632,37,2,1
36,642,11,0,2
36,643,35,1,2
36,645,61,3,0
36,648,11,0,2
36,649,61,3,0
36,653,35,1,2
36,658,35,1,2
36,659,35,1,2
36,661,35,1,2
36,663,35,1,2
36,665,37,2,1
36,669,61,3,0
36,671,35,1,2
36,686,61,3,0
36,699,61,3,0
36,707,11,0,2
36,710,35,1,2
36,714,61,3,0
36,717,61,3,0
36,718,35,1,2
37,628,62,3,0
37,642,12,0,2
37,643,36,1,2
37,645,62,3,0
37,647,38,2,1
37,648,12,0,2
37,653,36,1,2
37,659,36,1,2
37,663,36,1,2
37,669,62,3,0
37,671,36,1,2
37,680,38,2,1
37,686,62,3,0
37,699,62,3,0
37,714,38,2,1
37,717,36,1,2
37,718,36,1,2
38,628,63,3,0
38,642,13,0,2
38,643,37,1,2
38,645,63,3,0
38,648,13,0,2
38,653,37,1,2
38,656,39,2,1
38,659,37,1,2
38,671,37,1,2
38,688,39,2,1
38,699,63,3,0
39,630,40,2,1
39,643,38,1,2
39,648,40,2,1
39,653,38,1,2
39,659,40,2,1
39,671,40,2,1
39,676,40,2,1
39,699,40,2,1
40,643,41,2,1
40,648,15,0,2
40,659,41,2,1
40,671,41,2,1
40,691,15,0,2
40,699,65,3,0
41,628,66,3,0
41,642,16,0,2
41,643,42,2,1
41,645,66,3,0
41,648,16,0,2
41,653,42,2,1
41,659,42,2,1
41,671,42,2,1
41,684,16,0,2
41,693,66,3,0
41,699,66,3,0
42,628,67,3,0
42,631,17,0,2
42,642,17,0,2
42,643,43,2,1
42,645,67,3,0
42,648,17,0,2
42,653,43,2,1
42,659,43,2,1
42,667,17,0,2
42,669,67,3,0
42,671,43,2,1
42,686,67,3,0
42,699,67,3,0
42,704,67,3,0
42,713,67,3,0
42,714,67,3,0
42,718,43,2,1
42,724,67,3,0
43,628,68,3,0
43,633,68,3,0
43,640,18,0,2
43,642,18,0,2
43,643,44,2,1
43,645,68,3,0
43,648,18,0,2
43,649,68,3,0
43,653,44,2,1
43,658,44,2,1
43,659,44,2,1
43,661,44,2,1
43,663,44,2,1
43,669,68,3,0
43,671,44,2,1
43,686,68,3,0
43,689,18,0,2
43,698,68,3,0
43,699,68,3,0
43,707,18,0,2
43,714,68,3,0
43,717,68,3,0
43,718,44,2,1
44,627,19,0,2
44,628,69,3,0
44,636,69,3,0
44,642,19,0,2
44,643,45,2,1
44,644,69,3,0
44,645,69,3,0
44,648,19,0,2
44,649,69,3,0
44,653,45,2,1
44,658,45,2,1
44,659,45,2,1
44,661,45,2,1
44,663,45,2,1
44,669,69,3,0
44,671,45,2,1
44,679,19,0,2
44,685,69,3,0
44,686,69,3,0
44,699,69,3,0
44,703,45,2,1
44,707,19,0,2
44,710,45,2,1
44,714,69,3,0
44,717,69,3,0
44,718,45,2,1
44,722,69,3,0
45,627,20,0,2
45,628,70,3,0
45,636,70,3,0
45,642,20,0,2
45,643,46,2,1
45,644,70,3,0
45,645,70,3,0
45,646,20,0,2
45,648,20,0,2
45,649,70,3,0
45,653,46,2,1
45,658,46,2,1
45,659,46,2,1
45,661,46,2,1
45,663,46,2,1
45,669,70,3,0
45,671,46,2,1
45,679,20,0,2
45,686,70,3,0
45,699,70,3,0
45,701,46,2,1
45,703,46,2,1
45,707,20,0,2
45,710,46,2,1
45,714,70,3,0
45,717,70,3,0
45,718,46,2,1
45,721,70,3,0
45,722,70,3,0
46,628,71,3,0
46,642,21,0,2
46,643,71,3,0
46,644,71,3,0
46,646,21,0,2
46,648,21,0,2
46,649,71,3,0
46,653,71,3,0
46,655,45,1,2
46,659,21,0,2
46,661,71,3,0
46,671,71,3,0
46,686,71,3,0
46,699,71,3,0
46,701,71,3,0
46,703,71,3,0
46,712,47,2,1
46,714,71,3,0
46,717,71,3,0
46,721,71,3,0
47,627,46,1,2
47,628,46,1,2
47,636,46,1,2
47,638,48,2,1
47,642,46,1,2
47,643,72,3,0
47,644,46,1,2
47,645,46,1,2
47,648,46,1,2
47,649,46,1,2
47,653,72,3,0
47,658,22,0,2
47,659,22,0,2
47,661,72,3,0
47,663,22,0,2
47,669,46,1,2
47,671,72,3,0
47,679,46,1,2
47,686,46,1,2
47,692,48,2,1
47,694,48,2,1
47,699,46,1,2
47,703,72,3,0
47,707,46,1,2
47,710,22,0,2
47,714,46,1,2
47,718,72,3,0
47,722,46,1,2
48,627,49,2,1
48,628,47,1,2
48,636,49,2,1
48,642,47,1,2
48,643,73,3,0
48,644,49,2,1
48,645,47,1,2
48,648,47,1,2
48,649,47,1,2
48,652,49,2,1
48,653,73,3,0
48,657,49,2,1
48,658,23,0,2
48,659,23,0,2
48,661,73,3,0
48,663,23,0,2
48,669,47,1,2
48,671,73,3,0
48,679,49,2,1
48,686,47,1,2
48,697,49,2,1
48,699,47,1,2
48,702,49,2,1
48,707,47,1,2
48,708,49,2,1
48,710,49,2,1
48,714,47,1,2
48,718,73,3,0
48,722,49,2,1
49,628,48,1,2
49,637,25,2,3
49,642,48,1,2
49,643,74,3,0
49,645,48,1,2
49,648,48,1,2
49,649,25,2,3
49,651,25,2,3
49,653,74,3,0
49,659,24,0,2
49,660,25,2,3
49,663,25,2,3
49,669,48,1,2
49,671,74,3,0
49,674,25,2,3
49,682,25,2,3
49,683,25,2,3
49,686,48,1,2
49,696,25,2,3
49,699,48,1,2
49,705,25,2,3
49,707,25,2,3
49,709,25,2,3
49,714,48,1,2
49,717,25,2,3
49,718,74,3,0
49,720,25,2,3
50,625,51,1,1
50,628,74,3,2
50,642,74,3,2
50,643,75,2,0
50,645,74,3,2
50,648,74,3,2
50,653,75,2,0
50,659,25,0,2
50,666,51,1,1
50,669,51,1,1
50,671,75,2,0
50,677,51,1,1
50,686,51,1,1
50,699,74,3,2
50,700,51,1,1
50,714,74,3,2
50,715,51,1,1
50,723,51,1,1
51,626,52,2,1
51,628,52,2,1
51,635,52,2,1
51,642,52,2,1
51,643,76,3,0
51,645,52,2,1
51,648,50,1,1
51,653,52,2,1
51,659,26,0,3
51,671,76,3,0
51,678,52,2,1
51,695,52,2,1
51,699,50,1,1
51,719,52,2,1
52,643,77,3,0
52,648,51,1,2
52,699,51,1,2
53,628,54,2,1
53,642,54,2,1
53,643,78,3,0
53,645,54,2,1
53,648,54,2,1
53,653,78,3,0
53,659,28,0,3
53,668,78,3,0
53,671,78,3,0
53,681,78,3,0
53,690,78,3,0
53,699,54,2,1
54,628,55,2,1
54,639,79,3,0
54,642,55,2,1
54,643,79,3,0
54,645,55,2,1
54,648,55,2,1
54,653,79,3,0
54,659,29,0,3
54,669,55,2,1
54,671,79,3,0
54,686,55,2,1
54,699,55,2,1
54,718,79,3,0
55,628,56,2,1
55,629,80,3,0
55,634,80,3,0
55,642,56,2,1
55,643,80,3,0
55,645,56,2,1
55,648,56,2,1
55,649,56,2,1
55,653,80,3,0
55,654,30,0,3
55,658,30,0,3
55,659,30,0,3
55,661,80,3,0
55,663,30,0,3
55,669,56,2,1
55,671,80,3,0
55,686,56,2,1
55,687,80,3,0
55,699,56,2,1
55,707,56,2,1
55,714,56,2,1
55,718,80,3,0
56,627,57,2,1
56,628,57,2,1
56,636,57,2,1
56,642,57,2,1
56,643,81,3,0
56,644,57,2,1
56,645,57,2,1
56,648,57,2,1
56,649,57,2,1
56,653,81,3,0
56,658,31,0,3
56,659,31,0,3
56,661,81,3,0
56,663,31,0,3
56,669,57,2,1
56,671,81,3,0
56,679,57,2,1
56,686,57,2,1
56,699,57,2,1
56,703,81,3,0
56,707,57,2,1
56,710,31,0,3
56,714,57,2,1
56,718,81,3,0
56,722,57,2,1
57,627,58,2,1
57,628,58,2,1
57,636,58,2,1
57,642,58,2,1
57,643,82,3,0
57,644,58,2,1
57,645,58,2,1
57,648,58,2,1
57,649,58,2,1
57,653,82,3,0
57,658,32,0,3
57,659,32,0,3
57,661,82,3,0
57,663,32,0,3
57,669,58,2,1
57,671,82,3,0
57,679,58,2,1
57,686,58,2,1
57,699,58,2,1
57,701,82,3,0
57,703,82,3,0
57,707,58,2,1
57,710,32,0,3
57,714,58,2,1
57,718,82,3,0
57,722,58,2,1
58,628,83,3,0
58,642,33,0,3
58,643,83,3,0
58,644,83,3,0
58,645,59,2,1
58,646,33,0,3
58,648,33,0,3
58,653,83,3,0
58,655,33,0,3
58,659,33,0,3
58,661,83,3,0
58,671,83,3,0
58,686,83,3,0
58,699,83,3,0
58,701,83,3,0
58,703,83,3,0
58,714,83,3,0
58,717,59,2,1
59,627,34,0,3
59,628,84,3,0
59,636,84,3,0
59,642,34,0,3
59,643,58,1,2
59,644,84,3,0
59,645,60,2,1
59,646,34,0,3
59,648,34,0,3
59,649,84,3,0
59,653,58,1,2
59,655,34,0,3
59,658,58,1,2
59,659,58,1,2
59,661,58,1,2
59,663,58,1,2
59,669,84,3,0
59,671,58,1,2
59,679,34,0,3
59,686,84,3,0
59,699,84,3,0
59,701,58,1,2
59,703,58,1,2
59,707,34,0,3
59,710,58,1,2
59,712,58,1,2
59,714,84,3,0
59,717,60,2,1
59,718,58,1,2
59,721,84,3,0
59,722,84,3,0
60,627,35,0,3
60,628,85,3,0
60,636,85,3,0
60,642,35,0,3
60,643,59,1,2
60,644,85,3,0
60,645,61,2,1
60,648,35,0,3
60,649,85,3,0
60,653,59,1,2
60,658,59,1,2
60,659,59,1,2
60,661,59,1,2
60,663,59,1,2
60,669,85,3,0
60,671,59,1,2
60,679,35,0,3
60,686,85,3,0
60,699,85,3,0
60,703,59,1,2
60,707,35,0,3
60,710,59,1,2
60,714,85,3,0
60,717,61,2,1
60,718,59,1,2
60,722,85,3,0
61,628,86,3,0
61,632,62,2,1
61,642,36,0,3
61,643,60,1,2
61,645,62,2,1
61,648,36,0,3
61,649,86,3,0
61,653,60,1,2
61,658,60,1,2
61,659,60,1,2
61,661,60,1,2
61,663,60,1,2
61,665,62,2,1
61,669,86,3,0
61,671,60,1,2
61,686,86,3,0
61,699,86,3,0
61,707,36,0,3
61,710,60,1,2
61,714,86,3,0
61,717,717,96,0
61,718,60,1,2
62,628,87,3,0
62,642,37,0,3
62,643,61,1,2
62,645,63,2,1
62,647,63,2,1
62,648,37,0,3
62,653,61,1,2
62,659,61,1,2
62,663,61,1,2
62,669,87,3,0
62,671,61,1,2
62,680,63,2,1
62,686,87,3,0
62,699,87,3,0
62,714,63,2,1
62,717,61,1,2
62,718,61,1,2
63,628,88,3,0
63,642,38,0,3
63,643,62,1,2
63,645,645,24,0
63,648,38,0,3
63,653,62,1,2
63,656,64,2,1
63,659,62,1,2
63,671,62,1,2
63,688,64,2,1
63,699,88,3,0
64,630,65,2,1
64,643,63,1,2
64,648,65,2,1
64,653,63,1,2
64,659,65,2,1
64,671,65,2,1
64,676,65,2,1
64,699,65,2,1
65,643,66,2,1
65,648,40,0,3
65,659,66,2,1
65,671,66,2,1
65,691,40,0,3
65,699,90,3,0
66,628,91,3,0
66,642,41,0,3
66,643,67,2,1
66,645,65,1,2
66,648,41,0,3
66,653,67,2,1
66,659,67,2,1
66,671,67,2,1
66,684,41,0,3
66,699,91,3,0
67,628,92,3,0
67,631,42,0,3
67,642,42,0,3
67,643,68,2,1
67,645,66,1,2
67,648,42,0,3
67,653,68,2,1
67,659,68,2,1
67,667,42,0,3
67,669,92,3,0
67,671,68,2,1
67,673,42,0,3
67,686,92,3,0
67,699,92,3,0
67,704,92,3,0
67,714,92,3,0
67,718,68,2,1
67,724,92,3,0
68,628,93,3,0
68,633,93,3,0
68,640,43,0,3
68,642,43,0,3
68,643,69,2,1
68,645,67,1,2
68,648,43,0,3
68,649,93,3,0
68,653,69,2,1
68,658,69,2,1
68,659,69,2,1
68,661,69,2,1
68,663,69,2,1
68,669,93,3,0
68,671,69,2,1
68,686,93,3,0
68,689,43,0,3
68,698,93,3,0
68,699,93,3,0
68,707,43,0,3
68,714,93,3,0
68,717,67,1,2
68,718,69,2,1
69,627,44,0,3
69,628,94,3,0
69,636,94,3,0
69,642,44,0,3
69,643,70,2,1
69,644,94,3,0
69,645,68,1,2
69,648,44,0,3
69,649,94,3,0
69,653,70,2,1
69,658,70,2,1
69,659,70,2,1
69,661,70,2,1
69,663,70,2,1
69,669,94,3,0
69,671,70,2,1
69,679,44,0,3
69,685,94,3,0
69,686,94,3,0
69,699,94,3,0
69,703,70,2,1
69,707,44,0,3
69,710,70,2,1
69,714,94,3,0
69,717,68,1,2
69,718,70,2,1
69,722,94,3,0
70,627,45,0,3
70,628,95,3,0
70,636,95,3,0
70,642,45,0,3
70,643,71,2,1
70,644,95,3,0
70,645,69,1,2
70,646,45,0,3
70,648,45,0,3
70,649,95,3,0
70,653,71,2,1
70,655,45,0,3
70,658,71,2,1
70,659,71,2,1
70,661,71,2,1
70,663,71,2,1
70,669,95,3,0
70,671,71,2,1
70,679,45,0,3
70,686,95,3,0
70,699,95,3,0
70,701,71,2,1
70,703,71,2,1
70,707,45,0,3
70,710,71,2,1
70,714,95,3,0
70,717,69,1,2
70,718,71,2,1
70,721,95,3,0
70,722,95,3,0
71,628,96,3,0
71,642,46,0,3
71,643,96,3,0
71,644,96,3,0
71,645,70,1,2
71,646,46,0,3
71,648,46,0,3
71,653,96,3,0
71,655,46,0,3
71,659,46,0,3
71,661,96,3,0
71,671,96,3,0
71,686,96,3,0
71,699,96,3,0
71,701,96,3,0
71,703,96,3,0
71,712,72,2,1
71,714,96,3,0
71,717,70,1,2
71,721,96,3,0
72,627,71,1,2
72,628,71,1,2
72,636,71,1,2
72,638,73,2,1
72,642,71,1,2
72,643,97,3,0
72,644,71,1,2
72,645,71,1,2
72,648,71,1,2
72,649,71,1,2
72,653,97,3,0
72,658,47,0,3
72,659,47,0,3
72,661,97,3,0
72,663,47,0,3
72,669,71,1,2
72,671,97,3,0
72,679,71,1,2
72,686,71,1,2
72,692,73,2,1
72,694,73,2,1
72,699,71,1,2
72,703,97,3,0
72,707,71,1,2
72,710,47,0,3
72,714,71,1,2
72,718,97,3,0
72,722,71,1,2
73,627,74,2,1
73,628,72,1,2
73,636,74,2,1
73,642,72,1,2
73,643,98,3,0
73,644,74,2,1
73,645,72,1,2
73,648,72,1,2
73,649,72,1,2
73,652,74,2,1
73,653,98,3,0
73,657,74,2,1
73,658,48,0,3
73,659,48,0,3
73,661,98,3,0
73,663,48,0,3
73,669,72,1,2
73,671,98,3,0
73,679,74,2,1
73,686,72,1,2
73,697,74,2,1
73,699,72,1,2
73,702,74,2,1
73,707,72,1,2
73,708,74,2,1
73,710,74,2,1
73,714,72,1,2
73,718,98,3,0
73,722,74,2,1
74,628,73,1,2
74,637,50,2,3
74,642,73,1,2
74,643,99,3,0
74,645,73,1,2
74,648,73,1,2
74,649,50,2,3
74,651,50,2,3
74,653,99,3,0
74,659,49,0,3
74,660,50,2,3
74,663,50,2,3
74,669,73,1,2
74,671,99,3,0
74,674,50,2,3
74,682,50,2,3
74,683,50,2,3
74,686,73,1,2
74,696,50,2,3
74,699,73,1,2
74,705,50,2,3
74,707,50,2,3
74,709,50,2,3
74,714,73,1,2
74,717,50,2,3
74,718,99,3,0
74,720,50,2,3
75,625,76,1,1
75,628,99,3,2
75,641,76,1,1
75,642,99,3,2
75,643,100,2,0
75,645,99,3,2
75,648,99,3,2
75,653,100,2,0
75,659,50,0,2
75,666,76,1,1
75,669,76,1,1
75,671,100,2,0
75,677,76,1,1
75,686,76,1,1
75,699,99,3,2
75,700,76,1,1
75,714,99,3,2
75,715,76,1,1
75,723,76,1,1
76,626,77,2,1
76,628,77,2,1
76,635,77,2,1
76,643,101,3,0
76,645,77,2,1
76,648,75,1,1
76,650,77,2,1
76,653,77,2,1
76,659,51,0,3
76,671,101,3,0
76,678,77,2,1
76,695,77,2,1
76,699,75,1,1
76,719,77,2,1
77,643,102,3,0
77,648,76,1,2
77,699,76,1,2
78,628,79,2,1
78,642,79,2,1
78,643,103,3,0
78,645,79,2,1
78,648,79,2,1
78,653,103,3,0
78,659,53,0,3
78,668,103,3,0
78,671,103,3,0
78,681,103,3,0
78,699,79,2,1
79,628,80,2,1
79,639,104,3,0
79,642,80,2,1
79,643,104,3,0
79,645,80,2,1
79,648,80,2,1
79,653,104,3,0
79,659,54,0,3
79,669,80,2,1
79,671,104,3,0
79,686,80,2,1
79,699,80,2,1
79,718,104,3,0
80,628,81,2,1
80,629,105,3,0
80,634,105,3,0
80,637,105,3,0
80,642,81,2,1
80,643,105,3,0
80,645,81,2,1
80,648,81,2,1
80,649,81,2,1
80,653,105,3,0
80,654,55,0,3
80,658,55,0,3
80,659,55,0,3
80,661,105,3,0
80,663,55,0,3
80,669,81,2,1
80,671,105,3,0
80,686,81,2,1
80,687,105,3,0
80,699,81,2,1
80,707,81,2,1
80,714,81,2,1
80,718,105,3,0
81,627,82,2,1
81,628,82,2,1
81,636,82,2,1
81,637,106,3,0
81,642,82,2,1
81,643,106,3,0
81,644,82,2,1
81,645,82,2,1
81,648,82,2,1
81,649,82,2,1
81,653,106,3,0
81,658,56,0,3
81,659,56,0,3
81,661,106,3,0
81,663,56,0,3
81,669,82,2,1
81,671,106,3,0
81,679,82,2,1
81,686,82,2,1
81,699,82,2,1
81,703,106,3,0
81,707,82,2,1
81,710,56,0,3
81,714,82,2,1
81,718,106,3,0
81,722,82,2,1
82,627,83,2,1
82,628,83,2,1
82,636,83,2,1
82,637,107,3,0
82,642,83,2,1
82,643,107,3,0
82,644,83,2,1
82,645,83,2,1
82,648,83,2,1
82,649,83,2,1
82,653,107,3,0
82,658,57,0,3
82,659,57,0,3
82,661,107,3,0
82,663,57,0,3
82,669,83,2,1
82,671,107,3,0
82,679,83,2,1
82,686,83,2,1
82,699,83,2,1
82,701,107,3,0
82,703,107,3,0
82,707,83,2,1
82,710,57,0,3
82,714,83,2,1
82,718,107,3,0
82,722,83,2,1
83,637,108,3,0
83,642,58,0,3
83,643,108,3,0
83,645,58,0,3
83,648,58,0,3
83,653,108,3,0
83,655,58,0,3
83,658,58,0,3
83,659,58,0,3
83,661,108,3,0
83,663,58,0,3
83,669,84,2,1
83,671,108,3,0
83,686,108,3,0
83,699,84,2,1
83,701,108,3,0
83,703,108,3,0
83,707,108,3,0
83,710,58,0,3
83,714,108,3,0
83,718,108,3,0
83,721,84,2,1
84,627,59,0,3
84,628,109,3,0
84,636,109,3,0
84,642,59,0,3
84,643,83,1,2
84,644,109,3,0
84,645,59,0,3
84,646,59,0,3
84,648,59,0,3
84,649,109,3,0
84,653,83,1,2
84,655,59,0,3
84,658,83,1,2
84,659,83,1,2
84,661,83,1,2
84,663,83,1,2
84,669,85,2,1
84,671,83,1,2
84,679,59,0,3
84,686,109,3,0
84,699,85,2,1
84,701,83,1,2
84,703,83,1,2
84,707,109,3,0
84,710,83,1,2
84,712,83,1,2
84,714,109,3,0
84,718,83,1,2
84,721,721,100,0
84,722,109,3,0
85,627,60,0,3
85,628,110,3,0
85,636,110,3,0
85,642,60,0,3
85,643,84,1,2
85,644,110,3,0
85,645,60,0,3
85,648,60,0,3
85,649,110,3,0
85,653,84,1,2
85,658,84,1,2
85,659,84,1,2
85,661,84,1,2
85,663,84,1,2
85,669,86,2,1
85,671,84,1,2
85,679,60,0,3
85,686,110,3,0
85,699,86,2,1
85,703,84,1,2
85,707,110,3,0
85,710,84,1,2
85,714,110,3,0
85,718,84,1,2
85,722,110,3,0
86,628,111,3,0
86,642,61,0,3
86,643,85,1,2
86,645,61,0,3
86,648,61,0,3
86,649,111,3,0
86,653,85,1,2
86,658,85,1,2
86,659,85,1,2
86,661,85,1,2
86,663,85,1,2
86,665,87,2,1
86,669,87,2,1
86,671,85,1,2
86,686,111,3,0
86,699,87,2,1
86,707,111,3,0
86,710,85,1,2
86,714,111,3,0
86,718,85,1,2
87,628,112,3,0
87,642,62,0,3
87,643,86,1,2
87,645,62,0,3
87,647,88,2,1
87,648,62,0,3
87,653,86,1,2
87,659,86,1,2
87,663,86,1,2
87,669,669,48,0
87,671,86,1,2
87,680,88,2,1
87,686,112,3,0
87,699,88,2,1
87,714,88,2,1
87,717,86,1,2
87,718,86,1,2
88,628,113,3,0
88,642,63,0,3
88,643,87,1,2
88,645,63,0,3
88,648,63,0,3
88,653,87,1,2
88,656,89,2,1
88,659,87,1,2
88,671,87,1,2
88,688,89,2,1
88,699,89,2,1
89,630,90,2,1
89,643,88,1,2
89,648,90,2,1
89,653,88,1,2
89,671,90,2,1
89,676,90,2,1
89,699,90,2,1
90,643,91,2,1
90,648,65,0,3
90,659,91,2,1
90,671,91,2,1
90,691,65,0,3
90,699,699,78,0
91,628,116,3,0
91,642,66,0,3
91,643,92,2,1
91,645,66,0,3
91,648,66,0,3
91,653,92,2,1
91,659,92,2,1
91,671,92,2,1
91,684,116,3,0
91,693,66,0,3
91,699,90,1,2
92,628,117,3,0
92,631,117,3,0
92,642,67,0,3
92,643,93,2,1
92,645,67,0,3
92,648,67,0,3
92,653,93,2,1
92,659,93,2,1
92,667,67,0,3
92,669,91,1,2
92,671,93,2,1
92,673,67,0,3
92,686,117,3,0
92,699,91,1,2
92,704,117,3,0
92,713,67,0,3
92,714,117,3,0
92,718,93,2,1
92,724,117,3,0
93,628,118,3,0
93,633,118,3,0
93,640,68,0,3
93,642,68,0,3
93,643,94,2,1
93,645,68,0,3
93,648,68,0,3
93,649,118,3,0
93,653,94,2,1
93,658,94,2,1
93,659,94,2,1
93,661,94,2,1
93,663,94,2,1
93,669,92,1,2
93,671,94,2,1
93,686,118,3,0
93,689,68,0,3
93,698,118,3,0
93,699,92,1,2
93,707,118,3,0
93,714,118,3,0
93,718,94,2,1
94,627,69,0,3
94,628,119,3,0
94,636,119,3,0
94,642,69,0,3
94,643,95,2,1
94,644,119,3,0
94,645,69,0,3
94,648,69,0,3
94,649,119,3,0
94,653,95,2,1
94,658,95,2,1
94,659,95,2,1
94,661,95,2,1
94,663,95,2,1
94,669,93,1,2
94,671,95,2,1
94,679,69,0,3
94,685,119,3,0
94,686,119,3,0
94,699,93,1,2
94,703,95,2,1
94,707,119,3,0
94,710,95,2,1
94,714,119,3,0
94,718,95,2,1
94,722,119,3,0
95,627,70,0,3
95,628,120,3,0
95,636,120,3,0
95,642,70,0,3
95,643,96,2,1
95,644,120,3,0
95,645,70,0,3
95,646,70,0,3
95,648,70,0,3
95,649,120,3,0
95,653,96,2,1
95,655,70,0,3
95,658,96,2,1
95,659,96,2,1
95,661,96,2,1
95,663,96,2,1
95,669,94,1,2
95,671,96,2,1
95,679,70,0,3
95,686,120,3,0
95,699,94,1,2
95,701,96,2,1
95,703,96,2,1
95,707,120,3,0
95,710,96,2,1
95,714,120,3,0
95,718,96,2,1
95,722,120,3,0
96,637,121,3,0
96,642,71,0,3
96,643,121,3,0
96,645,71,0,3
96,646,71,0,3
96,648,71,0,3
96,653,121,3,0
96,655,71,0,3
96,658,71,0,3
96,659,71,0,3
96,661,121,3,0
96,663,71,0,3
96,669,95,1,2
96,671,121,3,0
96,686,121,3,0
96,699,95,1,2
96,701,121,3,0
96,703,121,3,0
96,707,121,3,0
96,710,71,0,3
96,712,97,2,1
96,714,121,3,0
96,718,121,3,0
96,721,95,1,2
97,627,96,1,2
97,628,96,1,2
97,636,96,1,2
97,637,122,3,0
97,638,98,2,1
97,642,96,1,2
97,643,122,3,0
97,644,96,1,2
97,645,96,1,2
97,648,96,1,2
97,649,96,1,2
97,653,122,3,0
97,658,72,0,3
97,659,72,0,3
97,661,122,3,0
97,663,72,0,3
97,669,96,1,2
97,671,122,3,0
97,679,96,1,2
97,686,96,1,2
97,692,98,2,1
97,694,98,2,1
97,699,96,1,2
97,703,122,3,0
97,707,96,1,2
97,710,72,0,3
97,714,96,1,2
97,718,122,3,0
97,722,96,1,2
98,627,99,2,1
98,628,97,1,2
98,636,99,2,1
98,637,123,3,0
98,642,97,1,2
98,643,123,3,0
98,644,99,2,1
98,645,97,1,2
98,648,97,1,2
98,649,97,1,2
98,652,99,2,1
98,653,123,3,0
98,657,99,2,1
98,658,73,0,3
98,659,73,0,3
98,661,123,3,0
98,663,73,0,3
98,669,97,1,2
98,671,123,3,0
98,679,99,2,1
98,686,97,1,2
98,697,99,2,1
98,699,97,1,2
98,702,99,2,1
98,707,97,1,2
98,708,99,2,1
98,710,99,2,1
98,714,97,1,2
98,718,123,3,0
98,722,99,2,1
99,628,98,1,2
99,637,75,2,3
99,642,98,1,2
99,643,124,3,0
99,645,98,1,2
99,648,98,1,2
99,649,75,2,3
99,651,75,2,3
99,653,124,3,0
99,659,74,0,3
99,660,75,2,3
99,663,75,2,3
99,669,98,1,2
99,671,124,3,0
99,674,75,2,3
99,682,75,2,3
99,683,75,2,3
99,686,98,1,2
99,696,75,2,3
99,699,98,1,2
99,705,75,2,3
99,707,75,2,3
99,709,75,2,3
99,714,98,1,2
99,717,75,2,3
99,718,124,3,0
99,720,75,2,3
100,625,101,1,1
100,628,124,3,2
100,641,101,1,1
100,642,124,3,2
100,643,125,2,0
100,645,124,3,2
100,648,124,3,2
100,653,125,2,0
100,659,125,2,0
100,666,101,1,1
100,669,101,1,1
100,671,125,2,0
100,677,101,1,1
100,686,101,1,1
100,699,124,3,2
100,700,101,1,1
100,714,124,3,2
100,715,101,1,1
100,723,101,1,1
101,626,102,2,1
101,628,102,2,1
101,635,102,2,1
101,642,102,2,1
101,643,126,3,0
101,645,102,2,1
101,648,100,1,1
101,650,102,2,1
101,653,102,2,1
101,659,126,3,0
101,671,126,3,0
101,678,102,2,1
101,695,102,2,1
101,699,100,1,1
101,719,102,2,1
102,643,127,3,0
102,648,101,1,2
102,699,101,1,2
103,628,104,2,1
103,642,104,2,1
103,643,128,3,0
103,645,104,2,1
103,648,104,2,1
103,653,128,3,0
103,659,128,3,0
103,668,128,3,0
103,671,128,3,0
103,681,128,3,0
103,690,78,0,3
103,699,104,2,1
104,628,105,2,1
104,639,129,3,0
104,642,105,2,1
104,643,129,3,0
104,645,105,2,1
104,648,105,2,1
104,653,129,3,0
104,659,129,3,0
104,669,105,2,1
104,671,129,3,0
104,686,105,2,1
104,699,105,2,1
104,718,129,3,0
105,628,106,2,1
105,629,130,3,0
105,634,130,3,0
105,642,106,2,1
105,643,130,3,0
105,645,106,2,1
105,648,106,2,1
105,649,106,2,1
105,653,130,3,0
105,654,80,0,3
105,658,80,0,3
105,659,130,3,0
105,661,130,3,0
105,663,80,0,3
105,669,106,2,1
105,671,130,3,0
105,686,106,2,1
105,687,130,3,0
105,699,106,2,1
105,707,106,2,1
105,714,106,2,1
105,718,130,3,0
106,627,107,2,1
106,628,107,2,1
106,636,107,2,1
106,642,107,2,1
106,643,131,3,0
106,644,107,2,1
106,645,107,2,1
106,648,107,2,1
106,649,107,2,1
106,653,131,3,0
106,658,81,0,3
106,659,131,3,0
106,661,131,3,0
106,663,81,0,3
106,669,107,2,1
106,671,131,3,0
106,679,107,2,1
106,686,107,2,1
106,699,107,2,1
106,703,131,3,0
106,707,107,2,1
106,710,81,0,3
106,714,107,2,1
106,718,131,3,0
106,722,107,2,1
107,627,108,2,1
107,628,108,2,1
107,636,108,2,1
107,642,108,2,1
107,643,132,3,0
107,644,108,2,1
107,645,108,2,1
107,648,108,2,1
107,649,108,2,1
107,653,132,3,0
107,658,82,0,3
107,659,132,3,0
107,661,132,3,0
107,663,82,0,3
107,669,108,2,1
107,671,132,3,0
107,679,108,2,1
107,686,108,2,1
107,699,108,2,1
107,701,701,80,0
107,703,132,3,0
107,707,108,2,1
107,710,82,0,3
107,714,108,2,1
107,718,132,3,0
107,722,108,2,1
108,628,109,2,1
108,643,133,3,0
108,645,83,0,3
108,648,133,3,0
108,653,133,3,0
108,658,83,0,3
108,659,133,3,0
108,661,133,3,0
108,663,83,0,3
108,669,83,0,3
108,671,133,3,0
108,686,133,3,0
108,699,83,0,3
108,701,107,1,2
108,703,133,3,0
108,707,133,3,0
108,710,83,0,3
108,712,133,3,0
108,714,109,2,1
108,718,133,3,0
108,721,83,0,3
108,722,109,2,1
109,627,84,0,3
109,628,110,2,1
109,636,134,3,0
109,642,84,0,3
109,643,108,1,2
109,644,134,3,0
109,645,84,0,3
109,646,84,0,3
109,648,134,3,0
109,649,134,3,0
109,653,108,1,2
109,655,84,0,3
109,658,108,1,2
109,659,108,1,2
109,661,108,1,2
109,663,108,1,2
109,669,84,0,3
109,671,108,1,2
109,679,84,0,3
109,686,134,3,0
109,699,84,0,3
109,701,108,1,2
109,703,108,1,2
109,707,134,3,0
109,710,108,1,2
109,712,108,1,2
109,714,110,2,1
109,718,108,1,2
109,721,84,0,3
109,722,110,2,1
110,627,85,0,3
110,628,111,2,1
110,636,135,3,0
110,642,85,0,3
110,643,109,1,2
110,644,135,3,0
110,645,85,0,3
110,648,135,3,0
110,649,135,3,0
110,653,109,1,2
110,658,109,1,2
110,659,109,1,2
110,661,109,1,2
110,663,109,1,2
110,669,85,0,3
110,671,109,1,2
110,679,85,0,3
110,686,135,3,0
110,699,85,0,3
110,703,109,1,2
110,707,135,3,0
110,710,109,1,2
110,714,111,2,1
110,718,109,1,2
110,722,722,101,0
111,628,112,2,1
111,632,112,2,1
111,642,86,0,3
111,643,110,1,2
111,645,86,0,3
111,648,136,3,0
111,649,136,3,0
111,653,110,1,2
111,658,110,1,2
111,659,110,1,2
111,661,110,1,2
111,663,110,1,2
111,665,112,2,1
111,669,86,0,3
111,671,110,1,2
111,686,136,3,0
111,699,86,0,3
111,707,136,3,0
111,710,110,1,2
111,714,112,2,1
111,718,110,1,2
112,628,113,2,1
112,642,87,0,3
112,643,111,1,2
112,645,87,0,3
112,647,113,2,1
112,648,137,3,0
112,653,111,1,2
112,659,111,1,2
112,663,111,1,2
112,669,87,0,3
112,671,111,1,2
112,680,113,2,1
112,686,137,3,0
112,699,87,0,3
112,714,113,2,1
112,717,111,1,2
112,718,111,1,2
113,628,628,7,0
113,642,88,0,3
113,643,112,1,2
113,645,88,0,3
113,648,138,3,0
113,653,112,1,2
113,656,114,2,1
113,659,112,1,2
113,671,112,1,2
113,688,114,2,1
113,699,88,0,3
114,630,115,2,1
114,643,113,1,2
114,648,115,2,1
114,653,113,1,2
114,659,115,2,1
114,671,115,2,1
114,676,115,2,1
114,699,115,2,1
115,643,116,2,1
115,648,140,3,0
115,659,116,2,1
115,671,116,2,1
115,691,90,0,3
115,699,90,0,3
116,628,115,1,2
116,642,91,0,3
116,643,117,2,1
116,645,91,0,3
116,648,141,3,0
116,653,117,2,1
116,659,117,2,1
116,671,117,2,1
116,684,141,3,0
116,693,91,0,3
116,699,91,0,3
117,628,116,1,2
117,631,142,3,0
117,642,92,0,3
117,643,118,2,1
117,645,92,0,3
117,648,142,3,0
117,653,118,2,1
117,659,118,2,1
117,667,92,0,3
117,669,92,0,3
117,671,118,2,1
117,673,92,0,3
117,686,142,3,0
117,699,92,0,3
117,704,142,3,0
117,713,92,0,3
117,714,714,93,0
117,718,118,2,1
117,724,142,3,0
118,628,117,1,2
118,633,143,3,0
118,640,93,0,3
118,642,93,0,3
118,643,119,2,1
118,645,93,0,3
118,648,143,3,0
118,649,143,3,0
118,653,119,2,1
118,658,119,2,1
118,659,119,2,1
118,661,119,2,1
118,663,119,2,1
118,669,93,0,3
118,671,119,2,1
118,686,143,3,0
118,689,93,0,3
118,698,143,3,0
118,699,93,0,3
118,707,143,3,0
118,714,117,1,2
118,718,119,2,1
119,627,94,0,3
119,628,118,1,2
119,636,144,3,0
119,642,94,0,3
119,643,120,2,1
119,644,144,3,0
119,645,94,0,3
119,648,144,3,0
119,649,144,3,0
119,653,120,2,1
119,658,120,2,1
119,659,120,2,1
119,661,120,2,1
119,663,120,2,1
119,669,94,0,3
119,671,120,2,1
119,679,94,0,3
119,685,144,3,0
119,686,144,3,0
119,699,94,0,3
119,703,120,2,1
119,707,144,3,0
119,710,120,2,1
119,714,118,1,2
119,718,120,2,1
119,722,118,1,2
120,627,95,0,3
120,628,119,1,2
120,636,145,3,0
120,642,95,0,3
120,643,121,2,1
120,644,145,3,0
120,645,95,0,3
120,646,95,0,3
120,648,145,3,0
120,649,145,3,0
120,653,121,2,1
120,655,95,0,3
120,658,121,2,1
120,659,121,2,1
120,661,121,2,1
120,663,121,2,1
120,669,95,0,3
120,671,121,2,1
120,679,95,0,3
120,686,145,3,0
120,699,95,0,3
120,701,121,2,1
120,703,121,2,1
120,707,145,3,0
120,710,121,2,1
120,714,119,1,2
120,718,121,2,1
120,721,95,0,3
120,722,119,1,2
121,628,120,1,2
121,643,146,3,0
121,645,96,0,3
121,646,96,0,3
121,648,146,3,0
121,653,146,3,0
121,655,96,0,3
121,658,96,0,3
121,659,146,3,0
121,661,146,3,0
121,663,96,0,3
121,669,96,0,3
121,671,146,3,0
121,686,146,3,0
121,699,96,0,3
121,701,122,2,1
121,703,146,3,0
121,707,146,3,0
121,710,96,0,3
121,712,122,2,1
121,714,120,1,2
121,718,146,3,0
121,721,96,0,3
121,722,120,1,2
122,627,121,1,2
122,628,121,1,2
122,636,121,1,2
122,638,123,2,1
122,642,121,1,2
122,643,147,3,0
122,644,121,1,2
122,645,121,1,2
122,648,121,1,2
122,649,121,1,2
122,653,147,3,0
122,658,97,0,3
122,659,147,3,0
122,661,147,3,0
122,663,97,0,3
122,669,121,1,2
122,671,147,3,0
122,679,121,1,2
122,686,121,1,2
122,692,123,2,1
122,694,123,2,1
122,699,121,1,2
122,703,147,3,0
122,707,121,1,2
122,710,97,0,3
122,714,121,1,2
122,718,147,3,0
122,722,121,1,2
123,627,124,2,1
123,628,122,1,2
123,636,124,2,1
123,642,122,1,2
123,643,148,3,0
123,644,124,2,1
123,645,122,1,2
123,648,122,1,2
123,649,122,1,2
123,652,124,2,1
123,653,148,3,0
123,657,124,2,1
123,658,98,0,3
123,659,148,3,0
123,661,148,3,0
123,663,98,0,3
123,669,122,1,2
123,671,148,3,0
123,679,124,2,1
123,686,122,1,2
123,697,124,2,1
123,699,122,1,2
123,702,124,2,1
123,707,122,1,2
123,708,124,2,1
123,710,124,2,1
123,714,122,1,2
123,718,148,3,0
123,722,124,2,1
124,628,123,1,2
124,637,100,2,3
124,642,123,1,2
124,643,149,3,0
124,645,123,1,2
124,648,123,1,2
124,649,100,2,3
124,651,100,2,3
124,653,149,3,0
124,659,149,3,0
124,660,100,2,3
124,663,100,2,3
124,669,123,1,2
124,671,149,3,0
124,674,100,2,3
124,682,100,2,3
124,683,100,2,3
124,686,123,1,2
124,696,100,2,3
124,699,123,1,2
124,705,100,2,3
124,707,100,2,3
124,709,100,2,3
124,714,123,1,2
124,717,100,2,3
124,718,149,3,0
124,720,100,2,3
125,625,126,1,1
125,628,149,3,2
125,641,126,1,1
125,642,149,3,2
125,643,150,2,0
125,645,149,3,2
125,648,149,3,2
125,653,150,2,0
125,659,150,2,0
125,666,126,1,1
125,669,126,1,1
125,671,150,2,0
125,677,126,1,1
125,686,126,1,1
125,699,149,3,2
125,700,126,1,1
125,714,149,3,2
125,715,126,1,1
125,723,126,1,1
126,626,127,2,1
126,628,127,2,1
126,635,127,2,1
126,642,127,2,1
126,643,151,3,0
126,645,127,2,1
126,648,125,1,1
126,650,127,2,1
126,653,127,2,1
126,659,151,3,0
126,671,151,3,0
126,678,127,2,1
126,695,127,2,1
126,699,125,1,1
126,719,127,2,1
127,643,152,3,0
127,648,126,1,2
127,699,126,1,2
128,628,129,2,1
128,642,129,2,1
128,643,153,3,0
128,645,129,2,1
128,648,129,2,1
128,653,153,3,0
128,659,153,3,0
128,668,153,3,0
128,671,153,3,0
128,681,153,3,0
128,690,103,0,3
128,699,129,2,1
129,628,130,2,1
129,639,154,3,0
129,642,130,2,1
129,643,154,3,0
129,645,130,2,1
129,648,130,2,1
129,653,154,3,0
129,659,154,3,0
129,669,130,2,1
129,671,154,3,0
129,686,130,2,1
129,699,130,2,1
129,718,154,3,0
130,628,131,2,1
130,634,155,3,0
130,642,131,2,1
130,643,155,3,0
130,645,131,2,1
130,648,131,2,1
130,649,131,2,1
130,653,155,3,0
130,654,105,0,3
130,658,105,0,3
130,659,155,3,0
130,661,155,3,0
130,663,105,0,3
130,669,131,2,1
130,671,155,3,0
130,686,131,2,1
130,687,155,3,0
130,699,131,2,1
130,707,131,2,1
130,714,131,2,1
130,718,155,3,0
131,627,132,2,1
131,628,132,2,1
131,636,132,2,1
131,642,132,2,1
131,643,156,3,0
131,644,132,2,1
131,645,132,2,1
131,648,132,2,1
131,649,132,2,1
131,653,156,3,0
131,658,106,0,3
131,659,156,3,0
131,661,156,3,0
131,663,106,0,3
131,669,132,2,1
131,671,156,3,0
131,679,132,2,1
131,686,132,2,1
131,699,132,2,1
131,703,703,82,0
131,707,132,2,1
131,710,106,0,3
131,714,132,2,1
131,718,156,3,0
131,722,132,2,1
132,627,133,2,1
132,628,133,2,1
132,636,133,2,1
132,642,133,2,1
132,643,157,3,0
132,644,133,2,1
132,645,133,2,1
132,648,133,2,1
132,649,133,2,1
132,653,157,3,0
132,658,107,0,3
132,659,157,3,0
132,661,157,3,0
132,663,107,0,3
132,669,133,2,1
132,671,157,3,0
132,679,133,2,1
132,686,133,2,1
132,699,133,2,1
132,701,107,0,3
132,703,131,1,2
132,707,133,2,1
132,710,107,0,3
132,714,133,2,1
132,718,157,3,0
132,722,133,2,1
133,628,108,0,3
133,636,134,2,1
133,642,158,3,0
133,643,158,3,0
133,645,108,0,3
133,648,158,3,0
133,653,158,3,0
133,658,108,0,3
133,659,158,3,0
133,661,158,3,0
133,663,108,0,3
133,669,108,0,3
133,671,158,3,0
133,686,158,3,0
133,699,108,0,3
133,703,132,1,2
133,707,158,3,0
133,710,108,0,3
133,712,712,91,0
133,718,158,3,0
133,721,108,0,3
133,722,108,0,3
134,627,109,0,3
134,628,109,0,3
134,636,135,2,1
134,642,159,3,0
134,643,133,1,2
134,644,159,3,0
134,645,109,0,3
134,646,109,0,3
134,648,159,3,0
134,649,159,3,0
134,653,133,1,2
134,655,109,0,3
134,658,133,1,2
134,659,133,1,2
134,661,133,1,2
134,663,133,1,2
134,669,109,0,3
134,671,133,1,2
134,679,109,0,3
134,686,159,3,0
134,699,109,0,3
134,701,133,1,2
134,703,133,1,2
134,707,159,3,0
134,710,133,1,2
134,712,133,1,2
134,714,109,0,3
134,718,133,1,2
134,721,109,0,3
134,722,109,0,3
135,627,110,0,3
135,628,110,0,3
135,636,636,15,0
135,642,160,3,0
135,643,134,1,2
135,644,160,3,0
135,645,110,0,3
135,648,160,3,0
135,649,160,3,0
135,653,134,1,2
135,658,134,1,2
135,659,134,1,2
135,661,134,1,2
135,663,134,1,2
135,669,110,0,3
135,671,134,1,2
135,679,110,0,3
135,686,160,3,0
135,699,110,0,3
135,703,134,1,2
135,707,160,3,0
135,710,134,1,2
135,714,110,0,3
135,718,134,1,2
135,722,110,0,3
136,628,111,0,3
136,632,137,2,1
136,642,161,3,0
136,643,135,1,2
136,645,111,0,3
136,648,161,3,0
136,649,161,3,0
136,653,135,1,2
136,658,135,1,2
136,659,135,1,2
136,661,135,1,2
136,663,135,1,2
136,669,111,0,3
136,671,135,1,2
136,686,161,3,0
136,699,111,0,3
136,707,161,3,0
136,710,135,1,2
136,714,111,0,3
136,718,135,1,2
137,628,112,0,3
137,642,162,3,0
137,643,136,1,2
137,645,112,0,3
137,647,138,2,1
137,648,162,3,0
137,653,136,1,2
137,659,136,1,2
137,663,136,1,2
137,669,112,0,3
137,671,136,1,2
137,680,138,2,1
137,686,162,3,0
137,699,112,0,3
137,714,138,2,1
137,717,136,1,2
137,718,136,1,2
138,628,113,0,3
138,642,163,3,0
138,643,137,1,2
138,645,113,0,3
138,648,163,3,0
138,653,137,1,2
138,656,139,2,1
138,659,137,1,2
138,671,137,1,2
138,688,139,2,1
138,699,113,0,3
139,630,140,2,1
139,643,138,1,2
139,648,140,2,1
139,653,138,1,2
139,659,140,2,1
139,671,140,2,1
139,676,140,2,1
139,699,140,2,1
140,643,141,2,1
140,648,165,3,0
140,659,141,2,1
140,671,141,2,1
140,691,115,0,3
140,699,115,0,3
141,628,116,0,3
141,642,166,3,0
141,643,142,2,1
141,645,116,0,3
141,648,166,3,0
141,653,142,2,1
141,659,142,2,1
141,671,142,2,1
141,684,166,3,0
141,693,116,0,3
141,699,116,0,3
142,628,117,0,3
142,631,167,3,0
142,642,167,3,0
142,643,143,2,1
142,645,117,0,3
142,648,167,3,0
142,653,143,2,1
142,659,143,2,1
142,667,117,0,3
142,669,117,0,3
142,671,143,2,1
142,673,117,0,3
142,686,167,3,0
142,699,117,0,3
142,713,117,0,3
142,714,117,0,3
142,718,143,2,1
143,628,118,0,3
143,633,168,3,0
143,640,118,0,3
143,642,168,3,0
143,643,144,2,1
143,645,118,0,3
143,648,168,3,0
143,649,168,3,0
143,653,144,2,1
143,658,144,2,1
143,659,144,2,1
143,661,144,2,1
143,663,144,2,1
143,669,118,0,3
143,671,144,2,1
143,686,168,3,0
143,689,118,0,3
143,698,168,3,0
143,699,118,0,3
143,707,168,3,0
143,714,118,0,3
143,718,144,2,1
144,627,119,0,3
144,628,119,0,3
144,636,143,1,2
144,642,169,3,0
144,643,145,2,1
144,644,169,3,0
144,645,119,0,3
144,648,169,3,0
144,649,169,3,0
144,653,145,2,1
144,658,145,2,1
144,659,145,2,1
144,661,145,2,1
144,663,145,2,1
144,669,119,0,3
144,671,145,2,1
144,679,119,0,3
144,685,169,3,0
144,686,169,3,0
144,699,119,0,3
144,703,145,2,1
144,707,169,3,0
144,710,145,2,1
144,714,119,0,3
144,718,145,2,1
144,722,119,0,3
145,627,120,0,3
145,628,120,0,3
145,636,144,1,2
145,642,170,3,0
145,643,146,2,1
145,644,170,3,0
145,645,120,0,3
145,646,120,0,3
145,648,170,3,0
145,649,170,3,0
145,653,146,2,1
145,655,120,0,3
145,658,146,2,1
145,659,146,2,1
145,661,146,2,1
145,663,146,2,1
145,669,120,0,3
145,671,146,2,1
145,679,120,0,3
145,686,170,3,0
145,699,120,0,3
145,701,146,2,1
145,703,146,2,1
145,707,170,3,0
145,710,146,2,1
145,714,120,0,3
145,718,146,2,1
145,721,120,0,3
145,722,120,0,3
146,628,121,0,3
146,636,145,1,2
146,642,171,3,0
146,643,171,3,0
146,645,121,0,3
146,646,121,0,3
146,648,171,3,0
146,653,171,3,0
146,655,121,0,3
146,658,121,0,3
146,659,171,3,0
146,661,171,3,0
146,663,121,0,3
146,669,121,0,3
146,671,171,3,0
146,686,171,3,0
146,699,121,0,3
146,703,147,2,1
146,707,171,3,0
146,710,121,0,3
146,712,147,2,1
146,718,171,3,0
146,721,121,0,3
146,722,121,0,3
147,627,146,1,2
147,628,146,1,2
147,636,146,1,2
147,638,148,2,1
147,642,146,1,2
147,643,172,3,0
147,644,146,1,2
147,645,146,1,2
147,648,146,1,2
147,649,146,1,2
147,653,172,3,0
147,658,122,0,3
147,659,172,3,0
147,661,172,3,0
147,663,122,0,3
147,669,146,1,2
147,671,172,3,0
147,679,146,1,2
147,686,146,1,2
147,694,148,2,1
147,699,146,1,2
147,703,148,2,1
147,707,146,1,2
147,710,122,0,3
147,714,146,1,2
147,718,172,3,0
147,722,146,1,2
148,627,149,2,1
148,628,147,1,2
148,636,149,2,1
148,642,147,1,2
148,643,173,3,0
148,644,149,2,1
148,645,147,1,2
148,648,147,1,2
148,649,147,1,2
148,652,149,2,1
148,653,173,3,0
148,657,149,2,1
148,658,123,0,3
148,659,173,3,0
148,661,173,3,0
148,663,123,0,3
148,669,147,1,2
148,671,173,3,0
148,679,149,2,1
148,686,147,1,2
148,697,149,2,1
148,699,147,1,2
148,702,149,2,1
148,707,147,1,2
148,708,149,2,1
148,710,149,2,1
148,714,147,1,2
148,718,173,3,0
148,722,149,2,1
149,628,148,1,2
149,637,125,2,3
149,642,148,1,2
149,643,174,3,0
149,645,148,1,2
149,648,148,1,2
149,649,125,2,3
149,653,174,3,0
149,659,174,3,0
149,660,125,2,3
149,663,125,2,3
149,669,148,1,2
149,671,174,3,0
149,674,125,2,3
149,682,125,2,3
149,683,125,2,3
149,686,148,1,2
149,696,125,2,3
149,699,148,1,2
149,705,125,2,3
149,707,125,2,3
149,709,125,2,3
149,714,148,1,2
149,717,125,2,3
149,718,174,3,0
149,720,125,2,3
150,625,151,1,1
150,628,174,3,2
150,641,151,1,1
150,642,174,3,2
150,643,175,2,0
150,645,174,3,2
150,648,174,3,2
150,653,151,1,1
150,659,175,2,0
150,666,151,1,1
150,669,151,1,1
150,671,175,2,0
150,677,151,1,1
150,686,151,1,1
150,699,174,3,2
150,700,151,1,1
150,714,174,3,2
150,715,151,1,1
150,723,151,1,1
151,626,152,2,1
151,628,152,2,1
151,635,152,2,1
151,642,152,2,1
151,643,176,3,0
151,645,152,2,1
151,648,150,1,1
151,650,152,2,1
151,653,152,2,1
151,659,176,3,0
151,671,176,3,0
151,678,152,2,1
151,695,152,2,1
151,699,150,1,1
151,719,152,2,1
152,643,177,3,0
152,648,151,1,2
152,699,151,1,2
153,628,154,2,1
153,642,154,2,1
153,643,178,3,0
153,645,154,2,1
153,648,154,2,1
153,653,653,32,0
153,659,178,3,0
153,671,178,3,0
153,681,178,3,0
153,690,128,0,3
153,699,154,2,1
154,628,155,2,1
154,642,155,2,1
154,643,179,3,0
154,645,155,2,1
154,648,155,2,1
154,653,153,1,2
154,659,179,3,0
154,669,155,2,1
154,671,179,3,0
154,686,155,2,1
154,699,155,2,1
154,718,179,3,0
155,628,156,2,1
155,629,130,0,3
155,634,180,3,0
155,642,156,2,1
155,643,180,3,0
155,645,156,2,1
155,648,156,2,1
155,649,156,2,1
155,653,154,1,2
155,654,180,3,0
155,658,130,0,3
155,659,180,3,0
155,661,180,3,0
155,663,130,0,3
155,669,156,2,1
155,671,180,3,0
155,686,156,2,1
155,699,156,2,1
155,707,156,2,1
155,714,156,2,1
155,718,180,3,0
156,627,157,2,1
156,628,157,2,1
156,636,157,2,1
156,642,157,2,1
156,643,181,3,0
156,644,157,2,1
156,645,157,2,1
156,648,157,2,1
156,649,157,2,1
156,653,155,1,2
156,658,131,0,3
156,659,181,3,0
156,661,181,3,0
156,663,131,0,3
156,669,157,2,1
156,671,181,3,0
156,679,157,2,1
156,686,157,2,1
156,699,157,2,1
156,703,131,0,3
156,707,157,2,1
156,710,131,0,3
156,714,157,2,1
156,718,181,3,0
156,722,157,2,1
157,627,158,2,1
157,628,158,2,1
157,636,158,2,1
157,642,158,2,1
157,643,182,3,0
157,644,158,2,1
157,645,158,2,1
157,648,158,2,1
157,649,158,2,1
157,653,156,1,2
157,658,132,0,3
157,659,182,3,0
157,661,182,3,0
157,663,132,0,3
157,669,158,2,1
157,671,182,3,0
157,679,158,2,1
157,686,158,2,1
157,699,158,2,1
157,701,132,0,3
157,703,132,0,3
157,707,158,2,1
157,710,132,0,3
157,714,158,2,1
157,718,182,3,0
157,722,158,2,1
158,627,183,3,0
158,628,133,0,3
158,636,133,0,3
158,642,183,3,0
158,643,183,3,0
158,645,133,0,3
158,648,183,3,0
158,649,159,2,1
158,653,157,1,2
158,658,133,0,3
158,659,183,3,0
158,661,183,3,0
158,663,133,0,3
158,669,133,0,3
158,671,183,3,0
158,686,183,3,0
158,699,133,0,3
158,707,183,3,0
158,710,133,0,3
158,718,183,3,0
158,722,133,0,3
159,627,184,3,0
159,628,134,0,3
159,636,134,0,3
159,642,184,3,0
159,643,158,1,2
159,644,184,3,0
159,645,134,0,3
159,646,134,0,3
159,648,184,3,0
159,649,160,2,1
159,653,158,1,2
159,655,134,0,3
159,658,158,1,2
159,659,158,1,2
159,661,158,1,2
159,663,158,1,2
159,669,134,0,3
159,671,158,1,2
159,679,134,0,3
159,686,184,3,0
159,699,134,0,3
159,701,158,1,2
159,703,158,1,2
159,707,184,3,0
159,710,158,1,2
159,712,158,1,2
159,714,134,0,3
159,718,158,1,2
159,721,134,0,3
159,722,134,0,3
160,627,185,3,0
160,628,135,0,3
160,636,135,0,3
160,642,185,3,0
160,643,159,1,2
160,644,185,3,0
160,645,135,0,3
160,648,185,3,0
160,649,161,2,1
160,653,159,1,2
160,658,159,1,2
160,659,159,1,2
160,661,159,1,2
160,663,159,1,2
160,669,135,0,3
160,671,159,1,2
160,679,135,0,3
160,686,185,3,0
160,699,135,0,3
160,703,159,1,2
160,707,185,3,0
160,710,159,1,2
160,714,135,0,3
160,718,159,1,2
160,722,135,0,3
161,628,136,0,3
161,632,162,2,1
161,642,186,3,0
161,643,160,1,2
161,645,136,0,3
161,648,186,3,0
161,649,649,28,0
161,653,160,1,2
161,658,160,1,2
161,659,160,1,2
161,661,160,1,2
161,663,160,1,2
161,665,162,2,1
161,669,136,0,3
161,671,160,1,2
161,686,186,3,0
161,699,136,0,3
161,707,186,3,0
161,710,160,1,2
161,714,136,0,3
161,718,160,1,2
162,628,137,0,3
162,642,187,3,0
162,643,161,1,2
162,645,137,0,3
162,647,163,2,1
162,648,187,3,0
162,653,161,1,2
162,659,161,1,2
162,663,161,1,2
162,669,137,0,3
162,671,161,1,2
162,680,163,2,1
162,686,187,3,0
162,699,137,0,3
162,714,163,2,1
162,717,161,1,2
162,718,161,1,2
163,628,138,0,3
163,642,188,3,0
163,643,162,1,2
163,645,138,0,3
163,648,188,3,0
163,653,162,1,2
163,656,164,2,1
163,659,162,1,2
163,671,162,1,2
163,688,164,2,1
163,699,138,0,3
164,630,165,2,1
164,643,163,1,2
164,648,165,2,1
164,653,163,1,2
164,659,165,2,1
164,671,165,2,1
164,676,165,2,1
164,699,165,2,1
165,643,166,2,1
165,648,190,3,0
165,659,166,2,1
165,671,166,2,1
165,691,140,0,3
165,699,140,0,3
166,628,141,0,3
166,642,191,3,0
166,643,167,2,1
166,645,141,0,3
166,648,191,3,0
166,653,167,2,1
166,659,167,2,1
166,671,167,2,1
166,684,191,3,0
166,693,141,0,3
166,699,141,0,3
167,628,142,0,3
167,631,192,3,0
167,642,192,3,0
167,643,168,2,1
167,645,142,0,3
167,648,192,3,0
167,653,168,2,1
167,659,168,2,1
167,667,142,0,3
167,669,142,0,3
167,671,168,2,1
167,673,142,0,3
167,686,192,3,0
167,699,142,0,3
167,704,142,0,3
167,713,142,0,3
167,714,142,0,3
167,718,168,2,1
167,724,142,0,3
168,628,143,0,3
168,640,143,0,3
168,642,193,3,0
168,643,169,2,1
168,645,143,0,3
168,648,193,3,0
168,649,167,1,2
168,653,169,2,1
168,658,169,2,1
168,659,169,2,1
168,661,169,2,1
168,663,169,2,1
168,669,143,0,3
168,671,169,2,1
168,686,193,3,0
168,689,143,0,3
168,698,193,3,0
168,699,143,0,3
168,707,193,3,0
168,714,143,0,3
168,718,169,2,1
169,627,194,3,0
169,628,144,0,3
169,636,144,0,3
169,642,194,3,0
169,643,170,2,1
169,644,194,3,0
169,645,144,0,3
169,648,194,3,0
169,649,168,1,2
169,653,170,2,1
169,658,170,2,1
169,659,170,2,1
169,661,170,2,1
169,663,170,2,1
169,669,144,0,3
169,671,170,2,1
169,679,144,0,3
169,685,194,3,0
169,686,194,3,0
169,699,144,0,3
169,703,170,2,1
169,707,194,3,0
169,710,170,2,1
169,714,144,0,3
169,718,170,2,1
169,722,144,0,3
170,627,195,3,0
170,628,145,0,3
170,636,145,0,3
170,642,195,3,0
170,643,171,2,1
170,644,195,3,0
170,645,145,0,3
170,646,145,0,3
170,648,195,3,0
170,649,169,1,2
170,653,171,2,1
170,655,145,0,3
170,658,171,2,1
170,659,171,2,1
170,661,171,2,1
170,663,171,2,1
170,669,145,0,3
170,671,171,2,1
170,679,145,0,3
170,686,195,3,0
170,699,145,0,3
170,701,171,2,1
170,703,171,2,1
170,707,195,3,0
170,710,171,2,1
170,714,145,0,3
170,718,171,2,1
170,721,145,0,3
170,722,145,0,3
171,627,196,3,0
171,628,146,0,3
171,636,146,0,3
171,642,196,3,0
171,643,196,3,0
171,645,146,0,3
171,646,146,0,3
171,648,196,3,0
171,649,170,1,2
171,653,172,2,1
171,655,146,0,3
171,658,146,0,3
171,659,196,3,0
171,661,196,3,0
171,663,146,0,3
171,669,146,0,3
171,671,196,3,0
171,686,196,3,0
171,699,146,0,3
171,707,196,3,0
171,710,146,0,3
171,712,172,2,1
171,718,196,3,0
171,721,146,0,3
171,722,146,0,3
172,627,171,1,2
172,628,171,1,2
172,636,171,1,2
172,638,173,2,1
172,642,171,1,2
172,643,197,3,0
172,644,171,1,2
172,645,171,1,2
172,648,171,1,2
172,649,171,1,2
172,653,173,2,1
172,658,147,0,3
172,659,197,3,0
172,661,197,3,0
172,663,147,0,3
172,669,171,1,2
172,671,197,3,0
172,679,171,1,2
172,686,171,1,2
172,692,173,2,1
172,699,171,1,2
172,703,147,0,3
172,707,171,1,2
172,710,147,0,3
172,714,171,1,2
172,718,197,3,0
172,722,171,1,2
173,627,174,2,1
173,628,172,1,2
173,636,174,2,1
173,642,172,1,2
173,643,198,3,0
173,644,174,2,1
173,645,172,1,2
173,648,172,1,2
173,649,172,1,2
173,652,174,2,1
173,653,174,2,1
173,657,174,2,1
173,658,148,0,3
173,659,198,3,0
173,661,198,3,0
173,663,148,0,3
173,669,172,1,2
173,671,198,3,0
173,679,174,2,1
173,686,172,1,2
173,697,174,2,1
173,699,172,1,2
173,702,174,2,1
173,707,172,1,2
173,710,174,2,1
173,714,172,1,2
173,718,198,3,0
173,722,174,2,1
174,628,173,1,2
174,637,150,2,3
174,642,173,1,2
174,643,199,3,0
174,645,173,1,2
174,648,173,1,2
174,649,150,2,3
174,651,150,2,3
174,653,150,2,3
174,659,199,3,0
174,660,150,2,3
174,663,150,2,3
174,669,173,1,2
174,671,199,3,0
174,674,150,2,3
174,682,150,2,3
174,683,150,2,3
174,686,173,1,2
174,696,150,2,3
174,699,173,1,2
174,705,150,2,3
174,707,150,2,3
174,709,150,2,3
174,714,173,1,2
174,717,150,2,3
174,718,199,3,0
174,720,150,2,3
175,625,176,1,1
175,628,199,3,2
175,641,176,1,1
175,642,199,3,2
175,643,200,2,0
175,645,199,3,2
175,648,199,3,2
175,653,150,0,2
175,659,200,2,0
175,666,176,1,1
175,669,176,1,1
175,671,200,2,0
175,677,176,1,1
175,686,176,1,1
175,699,199,3,2
175,700,176,1,1
175,714,199,3,2
175,715,176,1,1
175,723,176,1,1
176,626,177,2,1
176,628,177,2,1
176,635,177,2,1
176,642,177,2,1
176,643,201,3,0
176,645,177,2,1
176,648,175,1,1
176,650,177,2,1
176,653,177,2,1
176,659,201,3,0
176,671,201,3,0
176,678,177,2,1
176,695,177,2,1
176,699,175,1,1
176,719,177,2,1
177,643,202,3,0
177,648,176,1,2
177,699,176,1,2
178,628,179,2,1
178,642,179,2,1
178,643,203,3,0
178,645,179,2,1
178,648,179,2,1
178,653,153,0,3
178,659,203,3,0
178,668,153,0,3
178,671,203,3,0
178,681,203,3,0
178,690,153,0,3
178,699,179,2,1
179,628,180,2,1
179,639,154,0,3
179,642,180,2,1
179,643,204,3,0
179,645,180,2,1
179,648,180,2,1
179,653,154,0,3
179,659,204,3,0
179,669,180,2,1
179,671,204,3,0
179,686,180,2,1
179,699,180,2,1
179,718,204,3,0
180,628,181,2,1
180,629,155,0,3
180,634,205,3,0
180,642,181,2,1
180,643,205,3,0
180,645,181,2,1
180,648,181,2,1
180,649,181,2,1
180,653,155,0,3
180,654,205,3,0
180,658,155,0,3
180,659,205,3,0
180,661,205,3,0
180,663,155,0,3
180,669,181,2,1
180,671,205,3,0
180,686,181,2,1
180,687,155,0,3
180,699,181,2,1
180,707,181,2,1
180,714,181,2,1
180,718,205,3,0
181,627,182,2,1
181,628,182,2,1
181,636,182,2,1
181,642,182,2,1
181,643,206,3,0
181,644,182,2,1
181,645,182,2,1
181,648,182,2,1
181,649,182,2,1
181,653,156,0,3
181,658,156,0,3
181,659,206,3,0
181,661,206,3,0
181,663,156,0,3
181,669,182,2,1
181,671,206,3,0
181,679,182,2,1
181,686,182,2,1
181,699,182,2,1
181,703,156,0,3
181,707,182,2,1
181,710,156,0,3
181,714,182,2,1
181,718,206,3,0
181,722,182,2,1
182,627,183,2,1
182,628,183,2,1
182,636,183,2,1
182,642,183,2,1
182,643,207,3,0
182,644,183,2,1
182,645,183,2,1
182,648,183,2,1
182,649,183,2,1
182,653,157,0,3
182,658,157,0,3
182,659,207,3,0
182,661,207,3,0
182,663,157,0,3
182,669,183,2,1
182,671,207,3,0
182,679,183,2,1
182,686,183,2,1
182,699,183,2,1
182,701,157,0,3
182,703,157,0,3
182,707,183,2,1
182,710,157,0,3
182,714,183,2,1
182,718,207,3,0
182,722,183,2,1
183,627,208,3,0
183,628,158,0,3
183,636,158,0,3
183,642,208,3,0
183,643,208,3,0
183,645,158,0,3
183,648,208,3,0
183,649,158,0,3
183,658,158,0,3
183,659,208,3,0
183,661,208,3,0
183,663,158,0,3
183,669,158,0,3
183,671,208,3,0
183,679,208,3,0
183,686,208,3,0
183,699,158,0,3
183,707,208,3,0
183,710,158,0,3
183,718,208,3,0
183,722,158,0,3
184,627,209,3,0
184,628,159,0,3
184,636,159,0,3
184,642,209,3,0
184,643,183,1,2
184,644,209,3,0
184,645,159,0,3
184,646,159,0,3
184,648,209,3,0
184,649,159,0,3
184,653,183,1,2
184,655,159,0,3
184,658,183,1,2
184,659,183,1,2
184,661,183,1,2
184,663,183,1,2
184,669,159,0,3
184,671,183,1,2
184,679,209,3,0
184,686,209,3,0
184,699,159,0,3
184,701,183,1,2
184,703,183,1,2
184,707,209,3,0
184,710,183,1,2
184,712,183,1,2
184,714,159,0,3
184,718,183,1,2
184,721,159,0,3
184,722,159,0,3
185,627,210,3,0
185,628,160,0,3
185,636,160,0,3
185,642,210,3,0
185,643,184,1,2
185,644,210,3,0
185,645,160,0,3
185,648,210,3,0
185,649,160,0,3
185,653,184,1,2
185,658,184,1,2
185,659,184,1,2
185,661,184,1,2
185,663,184,1,2
185,669,160,0,3
185,671,184,1,2
185,679,210,3,0
185,686,210,3,0
185,699,160,0,3
185,703,184,1,2
185,707,210,3,0
185,710,184,1,2
185,714,160,0,3
185,718,184,1,2
185,722,160,0,3
186,628,161,0,3
186,632,187,2,1
186,642,211,3,0
186,643,185,1,2
186,645,161,0,3
186,648,211,3,0
186,649,161,0,3
186,653,185,1,2
186,658,185,1,2
186,659,185,1,2
186,661,185,1,2
186,663,185,1,2
186,665,187,2,1
186,669,161,0,3
186,671,185,1,2
186,686,211,3,0
186,699,161,0,3
186,707,211,3,0
186,710,185,1,2
186,714,161,0,3
186,718,185,1,2
187,628,162,0,3
187,642,212,3,0
187,643,186,1,2
187,645,162,0,3
187,647,188,2,1
187,648,212,3,0
187,653,186,1,2
187,659,186,1,2
187,663,186,1,2
187,669,162,0,3
187,671,186,1,2
187,680,188,2,1
187,686,212,3,0
187,699,162,0,3
187,714,188,2,1
187,717,186,1,2
187,718,186,1,2
188,628,163,0,3
188,642,213,3,0
188,643,187,1,2
188,645,163,0,3
188,648,213,3,0
188,653,187,1,2
188,656,189,2,1
188,659,187,1,2
188,671,187,1,2
188,688,189,2,1
188,699,163,0,3
189,630,190,2,1
189,643,188,1,2
189,648,190,2,1
189,653,188,1,2
189,659,190,2,1
189,671,190,2,1
189,676,190,2,1
189,699,190,2,1
190,643,191,2,1
190,648,215,3,0
190,659,191,2,1
190,671,191,2,1
190,691,165,0,3
190,699,165,0,3
191,628,166,0,3
191,642,216,3,0
191,643,192,2,1
191,645,166,0,3
191,648,216,3,0
191,653,192,2,1
191,659,192,2,1
191,671,192,2,1
191,684,216,3,0
191,693,166,0,3
191,699,166,0,3
192,628,167,0,3
192,631,217,3,0
192,642,217,3,0
192,643,193,2,1
192,645,167,0,3
192,648,217,3,0
192,653,193,2,1
192,659,193,2,1
192,667,167,0,3
192,669,167,0,3
192,671,193,2,1
192,673,167,0,3
192,686,217,3,0
192,699,167,0,3
192,704,167,0,3
192,713,167,0,3
192,714,167,0,3
192,718,193,2,1
192,724,167,0,3
193,628,168,0,3
193,633,168,0,3
193,640,168,0,3
193,642,218,3,0
193,643,194,2,1
193,645,168,0,3
193,648,218,3,0
193,649,168,0,3
193,653,194,2,1
193,658,194,2,1
193,659,194,2,1
193,661,194,2,1
193,663,194,2,1
193,669,168,0,3
193,671,194,2,1
193,686,218,3,0
193,689,168,0,3
193,699,168,0,3
193,707,218,3,0
193,714,168,0,3
193,718,194,2,1
194,627,219,3,0
194,628,169,0,3
194,636,169,0,3
194,642,219,3,0
194,643,195,2,1
194,644,219,3,0
194,645,169,0,3
194,648,219,3,0
194,649,169,0,3
194,653,195,2,1
194,658,195,2,1
194,659,195,2,1
194,661,195,2,1
194,663,195,2,1
194,669,169,0,3
194,671,195,2,1
194,679,219,3,0
194,685,219,3,0
194,686,219,3,0
194,699,169,0,3
194,703,195,2,1
194,707,219,3,0
194,710,195,2,1
194,714,169,0,3
194,718,195,2,1
194,722,169,0,3
195,627,220,3,0
195,628,170,0,3
195,636,170,0,3
195,642,220,3,0
195,643,196,2,1
195,644,220,3,0
195,645,170,0,3
195,646,170,0,3
195,648,220,3,0
195,649,170,0,3
195,653,196,2,1
195,655,170,0,3
195,658,196,2,1
195,659,196,2,1
195,661,196,2,1
195,663,196,2,1
195,669,170,0,3
195,671,196,2,1
195,679,220,3,0
195,686,220,3,0
195,699,170,0,3
195,701,196,2,1
195,703,196,2,1
195,707,220,3,0
195,710,196,2,1
195,714,170,0,3
195,718,196,2,1
195,721,170,0,3
195,722,170,0,3
196,627,221,3,0
196,628,171,0,3
196,636,171,0,3
196,642,221,3,0
196,643,221,3,0
196,645,171,0,3
196,646,171,0,3
196,648,221,3,0
196,649,171,0,3
196,655,171,0,3
196,658,171,0,3
196,659,221,3,0
196,661,221,3,0
196,663,171,0,3
196,669,171,0,3
196,671,221,3,0
196,679,221,3,0
196,686,221,3,0
196,699,171,0,3
196,707,221,3,0
196,710,171,0,3
196,712,197,2,1
196,718,221,3,0
196,721,171,0,3
196,722,171,0,3
197,627,196,1,2
197,628,196,1,2
197,636,196,1,2
197,638,198,2,1
197,642,196,1,2
197,643,222,3,0
197,644,196,1,2
197,645,196,1,2
197,648,196,1,2
197,649,196,1,2
197,653,172,0,3
197,658,172,0,3
197,659,222,3,0
197,661,222,3,0
197,663,172,0,3
197,669,196,1,2
197,671,222,3,0
197,679,196,1,2
197,686,196,1,2
197,692,198,2,1
197,694,198,2,1
197,699,196,1,2
197,703,172,0,3
197,707,196,1,2
197,710,172,0,3
197,714,196,1,2
197,718,222,3,0
197,722,196,1,2
198,627,199,2,1
198,628,197,1,2
198,636,199,2,1
198,642,197,1,2
198,643,223,3,0
198,644,199,2,1
198,645,197,1,2
198,648,197,1,2
198,649,197,1,2
198,652,199,2,1
198,653,173,0,3
198,657,199,2,1
198,658,173,0,3
198,659,223,3,0
198,661,223,3,0
198,663,173,0,3
198,669,197,1,2
198,671,223,3,0
198,679,199,2,1
198,686,197,1,2
198,697,199,2,1
198,699,197,1,2
198,702,199,2,1
198,707,197,1,2
198,708,199,2,1
198,710,199,2,1
198,714,197,1,2
198,718,223,3,0
198,722,199,2,1
199,628,198,1,2
199,637,175,2,3
199,642,198,1,2
199,643,224,3,0
199,645,198,1,2
199,648,198,1,2
199,649,175,2,3
199,651,175,2,3
199,653,174,0,3
199,659,224,3,0
199,660,175,2,3
199,663,175,2,3
199,669,198,1,2
199,671,224,3,0
199,682,175,2,3
199,683,175,2,3
199,686,198,1,2
199,696,175,2,3
199,699,198,1,2
199,705,175,2,3
199,707,175,2,3
199,709,175,2,3
199,714,198,1,2
199,717,175,2,3
199,718,224,3,0
199,720,175,2,3
200,625,201,1,1
200,628,224,3,2
200,641,201,1,1
200,642,224,3,2
200,643,201,1,1
200,645,224,3,2
200,648,224,3,2
200,653,175,0,2
200,659,225,2,0
200,666,201,1,1
200,669,201,1,1
200,671,225,2,0
200,677,201,1,1
200,686,201,1,1
200,699,224,3,2
200,700,201,1,1
200,714,224,3,2
200,715,201,1,1
200,723,201,1,1
201,626,202,2,1
201,628,202,2,1
201,642,202,2,1
201,643,202,2,1
201,645,202,2,1
201,648,200,1,1
201,650,202,2,1
201,653,202,2,1
201,659,226,3,0
201,671,226,3,0
201,678,202,2,1
201,695,202,2,1
201,699,200,1,1
201,719,202,2,1
202,643,643,22,0
202,648,201,1,2
202,699,201,1,2
203,628,204,2,1
203,642,204,2,1
203,643,202,1,2
203,645,204,2,1
203,648,204,2,1
203,653,178,0,3
203,659,228,3,0
203,668,178,0,3
203,671,228,3,0
203,681,228,3,0
203,690,178,0,3
203,699,204,2,1
204,628,205,2,1
204,639,179,0,3
204,642,205,2,1
204,643,203,1,2
204,645,205,2,1
204,648,205,2,1
204,653,179,0,3
204,659,229,3,0
204,669,205,2,1
204,671,229,3,0
204,686,205,2,1
204,699,205,2,1
204,718,229,3,0
205,628,206,2,1
205,629,180,0,3
205,634,230,3,0
205,642,206,2,1
205,643,204,1,2
205,645,206,2,1
205,648,206,2,1
205,649,206,2,1
205,653,180,0,3
205,654,230,3,0
205,658,180,0,3
205,659,230,3,0
205,661,661,40,0
205,663,180,0,3
205,669,206,2,1
205,671,230,3,0
205,686,206,2,1
205,687,180,0,3
205,699,206,2,1
205,707,206,2,1
205,714,206,2,1
205,718,230,3,0
206,627,207,2,1
206,628,207,2,1
206,636,207,2,1
206,642,207,2,1
206,643,205,1,2
206,644,207,2,1
206,645,207,2,1
206,648,207,2,1
206,649,207,2,1
206,653,181,0,3
206,658,181,0,3
206,659,231,3,0
206,661,205,1,2
206,663,181,0,3
206,669,207,2,1
206,671,231,3,0
206,679,207,2,1
206,686,207,2,1
206,699,207,2,1
206,703,181,0,3
206,707,207,2,1
206,710,181,0,3
206,714,207,2,1
206,718,231,3,0
206,722,207,2,1
207,627,208,2,1
207,628,208,2,1
207,636,208,2,1
207,642,208,2,1
207,643,206,1,2
207,644,208,2,1
207,645,208,2,1
207,648,208,2,1
207,649,208,2,1
207,653,182,0,3
207,658,182,0,3
207,659,232,3,0
207,661,206,1,2
207,663,182,0,3
207,669,208,2,1
207,671,232,3,0
207,679,208,2,1
207,686,208,2,1
207,699,208,2,1
207,701,182,0,3
207,703,182,0,3
207,707,208,2,1
207,710,182,0,3
207,714,208,2,1
207,718,232,3,0
207,722,208,2,1
208,627,233,3,0
208,628,183,0,3
208,636,183,0,3
208,642,233,3,0
208,643,207,1,2
208,645,183,0,3
208,648,233,3,0
208,649,183,0,3
208,653,183,0,3
208,658,183,0,3
208,659,233,3,0
208,661,207,1,2
208,663,183,0,3
208,669,183,0,3
208,671,233,3,0
208,679,233,3,0
208,686,233,3,0
208,699,183,0,3
208,707,233,3,0
208,710,183,0,3
208,714,183,0,3
208,718,233,3,0
208,722,183,0,3
209,627,234,3,0
209,628,184,0,3
209,636,184,0,3
209,642,234,3,0
209,643,208,1,2
209,644,234,3,0
209,645,184,0,3
209,646,184,0,3
209,648,234,3,0
209,649,184,0,3
209,653,208,1,2
209,655,184,0,3
209,658,208,1,2
209,659,208,1,2
209,661,208,1,2
209,663,208,1,2
209,669,184,0,3
209,671,208,1,2
209,679,234,3,0
209,686,234,3,0
209,699,184,0,3
209,701,208,1,2
209,703,208,1,2
209,707,234,3,0
209,710,208,1,2
209,712,208,1,2
209,714,184,0,3
209,718,208,1,2
209,721,184,0,3
209,722,184,0,3
210,627,235,3,0
210,628,185,0,3
210,636,185,0,3
210,642,235,3,0
210,643,209,1,2
210,644,235,3,0
210,645,185,0,3
210,648,235,3,0
210,649,185,0,3
210,653,209,1,2
210,658,209,1,2
210,659,209,1,2
210,661,209,1,2
210,663,209,1,2
210,669,185,0,3
210,671,209,1,2
210,679,235,3,0
210,686,235,3,0
210,699,185,0,3
210,703,209,1,2
210,707,235,3,0
210,710,209,1,2
210,714,185,0,3
210,718,209,1,2
210,722,185,0,3
211,628,186,0,3
211,632,212,2,1
211,642,236,3,0
211,643,210,1,2
211,645,186,0,3
211,648,236,3,0
211,649,186,0,3
211,653,210,1,2
211,658,210,1,2
211,659,210,1,2
211,661,210,1,2
211,663,210,1,2
211,665,212,2,1
211,669,186,0,3
211,671,210,1,2
211,686,236,3,0
211,699,186,0,3
211,707,236,3,0
211,710,210,1,2
211,714,186,0,3
211,718,210,1,2
212,628,187,0,3
212,642,237,3,0
212,643,211,1,2
212,645,187,0,3
212,647,213,2,1
212,648,237,3,0
212,653,211,1,2
212,659,211,1,2
212,663,211,1,2
212,669,187,0,3
212,671,211,1,2
212,680,213,2,1
212,686,237,3,0
212,699,187,0,3
212,714,213,2,1
212,717,211,1,2
212,718,211,1,2
213,628,188,0,3
213,642,238,3,0
213,643,212,1,2
213,645,188,0,3
213,648,238,3,0
213,653,212,1,2
213,656,214,2,1
213,659,212,1,2
213,671,212,1,2
213,688,214,2,1
213,699,188,0,3
214,630,215,2,1
214,643,213,1,2
214,648,215,2,1
214,653,213,1,2
214,659,215,2,1
214,671,215,2,1
214,676,215,2,1
214,699,215,2,1
215,643,216,2,1
215,648,240,3,0
215,659,216,2,1
215,671,216,2,1
215,691,190,0,3
215,699,190,0,3
216,628,191,0,3
216,642,241,3,0
216,643,217,2,1
216,645,191,0,3
216,648,241,3,0
216,653,217,2,1
216,659,217,2,1
216,671,217,2,1
216,684,241,3,0
216,693,191,0,3
216,699,191,0,3
217,628,192,0,3
217,631,242,3,0
217,642,242,3,0
217,643,218,2,1
217,645,192,0,3
217,648,242,3,0
217,653,218,2,1
217,659,218,2,1
217,667,192,0,3
217,669,192,0,3
217,671,218,2,1
217,673,192,0,3
217,686,242,3,0
217,699,192,0,3
217,704,192,0,3
217,713,192,0,3
217,714,192,0,3
217,718,218,2,1
217,724,192,0,3
218,628,193,0,3
218,633,193,0,3
218,640,193,0,3
218,642,243,3,0
218,643,219,2,1
218,645,193,0,3
218,648,243,3,0
218,649,193,0,3
218,653,219,2,1
218,658,219,2,1
218,659,219,2,1
218,661,219,2,1
218,663,219,2,1
218,669,193,0,3
218,671,219,2,1
218,686,243,3,0
218,689,193,0,3
218,698,193,0,3
218,699,193,0,3
218,707,243,3,0
218,714,193,0,3
218,718,219,2,1
219,627,244,3,0
219,628,194,0,3
219,636,194,0,3
219,642,244,3,0
219,643,220,2,1
219,644,244,3,0
219,645,194,0,3
219,648,244,3,0
219,649,194,0,3
219,653,220,2,1
219,658,220,2,1
219,659,220,2,1
219,661,220,2,1
219,663,220,2,1
219,669,194,0,3
219,671,220,2,1
219,679,244,3,0
219,686,244,3,0
219,699,194,0,3
219,703,220,2,1
219,707,244,3,0
219,710,220,2,1
219,714,194,0,3
219,718,220,2,1
219,722,194,0,3
220,627,245,3,0
220,628,195,0,3
220,636,195,0,3
220,642,245,3,0
220,643,221,2,1
220,644,245,3,0
220,645,195,0,3
220,646,195,0,3
220,648,245,3,0
220,649,195,0,3
220,653,221,2,1
220,655,195,0,3
220,658,221,2,1
220,659,221,2,1
220,661,221,2,1
220,663,221,2,1
220,669,195,0,3
220,671,221,2,1
220,679,245,3,0
220,686,245,3,0
220,699,195,0,3
220,701,221,2,1
220,703,221,2,1
220,707,245,3,0
220,710,221,2,1
220,714,195,0,3
220,718,221,2,1
220,721,195,0,3
220,722,195,0,3
221,627,246,3,0
221,628,196,0,3
221,636,196,0,3
221,642,246,3,0
221,643,222,2,1
221,645,196,0,3
221,646,196,0,3
221,648,246,3,0
221,649,196,0,3
221,653,196,0,3
221,655,196,0,3
221,658,196,0,3
221,659,246,3,0
221,661,222,2,1
221,663,196,0,3
221,669,196,0,3
221,671,246,3,0
221,679,246,3,0
221,686,246,3,0
221,699,196,0,3
221,707,246,3,0
221,710,196,0,3
221,712,222,2,1
221,714,196,0,3
221,718,246,3,0
221,721,196,0,3
221,722,196,0,3
222,627,221,1,2
222,628,221,1,2
222,636,221,1,2
222,638,223,2,1
222,642,221,1,2
222,643,223,2,1
222,644,221,1,2
222,645,221,1,2
222,648,221,1,2
222,649,221,1,2
222,653,197,0,3
222,658,197,0,3
222,659,247,3,0
222,661,223,2,1
222,663,197,0,3
222,669,221,1,2
222,671,247,3,0
222,679,221,1,2
222,686,221,1,2
222,692,223,2,1
222,694,223,2,1
222,699,221,1,2
222,703,197,0,3
222,707,221,1,2
222,710,197,0,3
222,714,221,1,2
222,718,247,3,0
222,722,221,1,2
223,627,224,2,1
223,628,222,1,2
223,636,224,2,1
223,642,222,1,2
223,643,224,2,1
223,644,224,2,1
223,645,222,1,2
223,648,222,1,2
223,649,222,1,2
223,652,224,2,1
223,653,198,0,3
223,657,224,2,1
223,658,198,0,3
223,659,248,3,0
223,661,224,2,1
223,663,198,0,3
223,669,222,1,2
223,671,248,3,0
223,679,224,2,1
223,686,222,1,2
223,697,224,2,1
223,699,222,1,2
223,707,222,1,2
223,708,224,2,1
223,710,224,2,1
223,714,222,1,2
223,718,248,3,0
223,722,224,2,1
224,628,223,1,2
224,637,200,2,3
224,642,223,1,2
224,643,200,2,3
224,645,223,1,2
224,648,223,1,2
224,649,200,2,3
224,651,200,2,3
224,653,199,0,3
224,659,249,3,0
224,660,200,2,3
224,663,200,2,3
224,669,223,1,2
224,671,249,3,0
224,674,200,2,3
224,682,200,2,3
224,683,200,2,3
224,686,223,1,2
224,696,200,2,3
224,699,223,1,2
224,707,200,2,3
224,709,200,2,3
224,714,223,1,2
224,717,200,2,3
224,718,249,3,0
224,720,200,2,3
225,625,226,1,1
225,628,249,3,2
225,641,226,1,1
225,642,249,3,2
225,643,200,0,2
225,645,249,3,2
225,648,249,3,2
225,653,200,0,2
225,659,250,2,0
225,666,226,1,1
225,669,226,1,1
225,671,250,2,0
225,677,226,1,1
225,686,226,1,1
225,699,249,3,2
225,700,226,1,1
225,714,249,3,2
225,715,226,1,1
225,723,226,1,1
226,626,227,2,1
226,628,227,2,1
226,635,227,2,1
226,642,227,2,1
226,643,201,0,3
226,645,227,2,1
226,648,225,1,1
226,650,227,2,1
226,653,227,2,1
226,659,251,3,0
226,671,251,3,0
226,678,227,2,1
226,699,225,1,1
226,719,227,2,1
227,643,202,0,3
227,648,226,1,2
227,699,226,1,2
228,628,229,2,1
228,642,229,2,1
228,643,203,0,3
228,645,229,2,1
228,648,229,2,1
228,653,203,0,3
228,659,253,3,0
228,668,203,0,3
228,671,253,3,0
228,681,253,3,0
228,690,203,0,3
228,699,229,2,1
229,628,230,2,1
229,639,204,0,3
229,642,230,2,1
229,643,204,0,3
229,645,230,2,1
229,648,230,2,1
229,653,204,0,3
229,659,254,3,0
229,669,230,2,1
229,671,254,3,0
229,686,230,2,1
229,699,230,2,1
229,718,254,3,0
230,628,231,2,1
230,629,205,0,3
230,634,255,3,0
230,642,231,2,1
230,643,205,0,3
230,645,231,2,1
230,648,231,2,1
230,649,231,2,1
230,653,205,0,3
230,654,255,3,0
230,658,205,0,3
230,659,255,3,0
230,661,205,0,3
230,663,205,0,3
230,669,231,2,1
230,671,255,3,0
230,686,231,2,1
230,687,205,0,3
230,699,231,2,1
230,707,231,2,1
230,714,231,2,1
230,718,255,3,0
231,627,232,2,1
231,628,232,2,1
231,636,232,2,1
231,642,232,2,1
231,643,206,0,3
231,644,232,2,1
231,645,232,2,1
231,648,232,2,1
231,649,232,2,1
231,653,206,0,3
231,658,206,0,3
231,659,256,3,0
231,661,206,0,3
231,663,206,0,3
231,669,232,2,1
231,671,256,3,0
231,679,232,2,1
231,686,232,2,1
231,699,232,2,1
231,703,206,0,3
231,707,232,2,1
231,710,206,0,3
231,714,232,2,1
231,718,256,3,0
231,722,232,2,1
232,627,233,2,1
232,628,233,2,1
232,636,233,2,1
232,642,233,2,1
232,643,207,0,3
232,644,233,2,1
232,645,233,2,1
232,648,233,2,1
232,649,233,2,1
232,653,207,0,3
232,658,207,0,3
232,659,257,3,0
232,661,207,0,3
232,663,207,0,3
232,669,233,2,1
232,671,257,3,0
232,679,233,2,1
232,686,233,2,1
232,699,233,2,1
232,701,207,0,3
232,703,207,0,3
232,707,233,2,1
232,710,207,0,3
232,714,233,2,1
232,718,257,3,0
232,722,233,2,1
233,627,258,3,0
233,628,208,0,3
233,636,208,0,3
233,642,258,3,0
233,643,208,0,3
233,644,234,2,1
233,645,208,0,3
233,648,258,3,0
233,649,208,0,3
233,653,208,0,3
233,658,208,0,3
233,659,258,3,0
233,663,208,0,3
233,669,208,0,3
233,671,258,3,0
233,679,258,3,0
233,699,208,0,3
233,707,258,3,0
233,710,208,0,3
233,714,208,0,3
233,718,258,3,0
233,722,208,0,3
234,627,259,3,0
234,628,209,0,3
234,636,209,0,3
234,642,259,3,0
234,643,233,1,2
234,644,235,2,1
234,645,209,0,3
234,646,209,0,3
234,648,259,3,0
234,649,209,0,3
234,653,233,1,2
234,655,209,0,3
234,658,233,1,2
234,659,233,1,2
234,661,233,1,2
234,663,233,1,2
234,669,209,0,3
234,671,233,1,2
234,679,259,3,0
234,686,259,3,0
234,699,209,0,3
234,701,233,1,2
234,703,233,1,2
234,707,259,3,0
234,710,233,1,2
234,712,233,1,2
234,714,209,0,3
234,718,233,1,2
234,721,209,0,3
234,722,209,0,3
235,627,260,3,0
235,628,210,0,3
235,636,210,0,3
235,642,260,3,0
235,643,234,1,2
235,644,644,23,0
235,645,210,0,3
235,648,260,3,0
235,649,210,0,3
235,653,234,1,2
235,658,234,1,2
235,659,234,1,2
235,661,234,1,2
235,663,234,1,2
235,669,210,0,3
235,671,234,1,2
235,679,260,3,0
235,686,260,3,0
235,699,210,0,3
235,703,234,1,2
235,707,260,3,0
235,710,234,1,2
235,714,210,0,3
235,718,234,1,2
235,722,210,0,3
236,628,211,0,3
236,632,237,2,1
236,642,261,3,0
236,643,235,1,2
236,645,211,0,3
236,648,261,3,0
236,649,211,0,3
236,653,235,1,2
236,658,235,1,2
236,659,235,1,2
236,661,235,1,2
236,663,235,1,2
236,665,237,2,1
236,669,211,0,3
236,671,235,1,2
236,686,261,3,0
236,699,211,0,3
236,707,261,3,0
236,710,235,1,2
236,714,211,0,3
236,718,235,1,2
237,628,212,0,3
237,642,262,3,0
237,643,236,1,2
237,645,212,0,3
237,647,238,2,1
237,648,262,3,0
237,653,236,1,2
237,659,236,1,2
237,663,236,1,2
237,669,212,0,3
237,671,236,1,2
237,680,238,2,1
237,686,262,3,0
237,699,212,0,3
237,714,238,2,1
237,717,236,1,2
237,718,236,1,2
238,628,213,0,3
238,642,263,3,0
238,643,237,1,2
238,645,213,0,3
238,648,263,3,0
238,653,237,1,2
238,656,239,2,1
238,659,237,1,2
238,671,237,1,2
238,688,239,2,1
238,699,213,0,3
239,630,240,2,1
239,643,238,1,2
239,648,240,2,1
239,653,238,1,2
239,659,240,2,1
239,671,240,2,1
239,676,240,2,1
239,699,240,2,1
240,643,241,2,1
240,648,265,3,0
240,659,241,2,1
240,671,241,2,1
240,691,265,3,0
240,699,215,0,3
241,628,216,0,3
241,642,266,3,0
241,643,242,2,1
241,645,216,0,3
241,648,266,3,0
241,653,242,2,1
241,659,242,2,1
241,671,242,2,1
241,684,266,3,0
241,693,216,0,3
241,699,216,0,3
242,628,217,0,3
242,631,267,3,0
242,642,267,3,0
242,643,243,2,1
242,645,217,0,3
242,648,267,3,0
242,653,243,2,1
242,659,243,2,1
242,667,217,0,3
242,669,217,0,3
242,671,243,2,1
242,673,217,0,3
242,686,267,3,0
242,699,217,0,3
242,704,217,0,3
242,713,217,0,3
242,714,217,0,3
242,718,243,2,1
242,724,217,0,3
243,628,218,0,3
243,633,218,0,3
243,640,218,0,3
243,642,268,3,0
243,643,244,2,1
243,645,218,0,3
243,648,268,3,0
243,649,218,0,3
243,653,244,2,1
243,658,244,2,1
243,659,244,2,1
243,661,244,2,1
243,663,244,2,1
243,669,218,0,3
243,671,244,2,1
243,686,268,3,0
243,689,218,0,3
243,698,218,0,3
243,699,218,0,3
243,707,268,3,0
243,714,218,0,3
243,718,244,2,1
244,627,269,3,0
244,628,219,0,3
244,636,219,0,3
244,642,269,3,0
244,643,245,2,1
244,644,243,1,2
244,645,219,0,3
244,648,269,3,0
244,649,219,0,3
244,653,245,2,1
244,658,245,2,1
244,659,245,2,1
244,661,245,2,1
244,663,245,2,1
244,669,219,0,3
244,671,245,2,1
244,679,269,3,0
244,685,219,0,3
244,686,269,3,0
244,699,219,0,3
244,703,245,2,1
244,707,269,3,0
244,710,245,2,1
244,714,219,0,3
244,718,245,2,1
244,722,219,0,3
245,627,270,3,0
245,628,220,0,3
245,636,220,0,3
245,642,270,3,0
245,643,246,2,1
245,644,244,1,2
245,645,220,0,3
245,646,220,0,3
245,648,270,3,0
245,649,220,0,3
245,653,246,2,1
245,655,220,0,3
245,658,246,2,1
245,659,246,2,1
245,661,246,2,1
245,663,246,2,1
245,669,220,0,3
245,671,246,2,1
245,679,270,3,0
245,686,270,3,0
245,699,220,0,3
245,701,246,2,1
245,703,246,2,1
245,707,270,3,0
245,710,246,2,1
245,714,220,0,3
245,718,246,2,1
245,721,220,0,3
245,722,220,0,3
246,627,271,3,0
246,628,221,0,3
246,636,221,0,3
246,642,271,3,0
246,643,221,0,3
246,644,245,1,2
246,645,221,0,3
246,646,221,0,3
246,648,271,3,0
246,649,221,0,3
246,653,221,0,3
246,655,221,0,3
246,658,221,0,3
246,659,271,3,0
246,663,221,0,3
246,669,221,0,3
246,671,271,3,0
246,679,271,3,0
246,699,221,0,3
246,707,271,3,0
246,710,221,0,3
246,712,247,2,1
246,714,221,0,3
246,718,271,3,0
246,721,221,0,3
246,722,221,0,3
247,627,246,1,2
247,628,246,1,2
247,636,246,1,2
247,638,248,2,1
247,642,246,1,2
247,643,222,0,3
247,644,246,1,2
247,645,246,1,2
247,648,246,1,2
247,649,246,1,2
247,653,222,0,3
247,658,222,0,3
247,659,272,3,0
247,661,222,0,3
247,663,222,0,3
247,669,246,1,2
247,671,272,3,0
247,679,246,1,2
247,686,246,1,2
247,692,248,2,1
247,694,248,2,1
247,699,246,1,2
247,703,222,0,3
247,707,246,1,2
247,710,222,0,3
247,714,246,1,2
247,718,272,3,0
247,722,246,1,2
248,627,249,2,1
248,628,247,1,2
248,636,249,2,1
248,642,247,1,2
248,643,223,0,3
248,644,249,2,1
248,645,247,1,2
248,648,247,1,2
248,649,247,1,2
248,652,249,2,1
248,653,223,0,3
248,657,249,2,1
248,658,223,0,3
248,659,273,3,0
248,661,223,0,3
248,663,223,0,3
248,669,247,1,2
248,671,273,3,0
248,679,249,2,1
248,686,247,1,2
248,697,249,2,1
248,699,247,1,2
248,702,249,2,1
248,707,247,1,2
248,708,249,2,1
248,710,249,2,1
248,714,247,1,2
248,718,273,3,0
248,722,249,2,1
249,628,248,1,2
249,637,225,2,3
249,642,248,1,2
249,643,224,0,3
249,645,248,1,2
249,648,248,1,2
249,649,225,2,3
249,651,225,2,3
249,653,224,0,3
249,659,274,3,0
249,660,225,2,3
249,663,225,2,3
249,669,248,1,2
249,671,274,3,0
249,674,225,2,3
249,683,225,2,3
249,686,248,1,2
249,696,225,2,3
249,699,248,1,2
249,705,225,2,3
249,707,225,2,3
249,709,225,2,3
249,714,248,1,2
249,717,225,2,3
249,718,274,3,0
249,720,225,2,3
250,625,251,1,1
250,628,274,3,2
250,641,251,1,1
250,642,274,3,2
250,643,225,0,2
250,645,274,3,2
250,648,274,3,2
250,653,225,0,2
250,659,275,2,0
250,666,251,1,1
250,669,251,1,1
250,671,251,1,1
250,677,251,1,1
250,686,251,1,1
250,699,274,3,2
250,700,251,1,1
250,714,274,3,2
250,715,251,1,1
250,723,251,1,1
251,626,252,2,1
251,628,252,2,1
251,635,252,2,1
251,642,252,2,1
251,643,226,0,3
251,645,252,2,1
251,648,250,1,1
251,650,252,2,1
251,653,252,2,1
251,659,276,3,0
251,671,671,50,0
251,678,252,2,1
251,695,252,2,1
251,699,250,1,1
252,643,227,0,3
252,648,251,1,2
252,699,251,1,2
253,628,254,2,1
253,642,254,2,1
253,643,228,0,3
253,645,254,2,1
253,648,254,2,1
253,653,228,0,3
253,659,278,3,0
253,668,228,0,3
253,671,252,1,2
253,681,278,3,0
253,690,228,0,3
253,699,254,2,1
254,628,255,2,1
254,639,229,0,3
254,642,255,2,1
254,643,229,0,3
254,645,255,2,1
254,648,255,2,1
254,653,229,0,3
254,659,279,3,0
254,669,255,2,1
254,671,253,1,2
254,686,255,2,1
254,699,255,2,1
254,718,279,3,0
255,628,256,2,1
255,629,230,0,3
255,634,280,3,0
255,642,256,2,1
255,643,230,0,3
255,645,256,2,1
255,648,256,2,1
255,649,256,2,1
255,653,230,0,3
255,654,280,3,0
255,658,280,3,0
255,659,280,3,0
255,661,230,0,3
255,663,230,0,3
255,669,256,2,1
255,671,254,1,2
255,686,256,2,1
255,687,230,0,3
255,699,256,2,1
255,707,256,2,1
255,714,256,2,1
255,718,280,3,0
256,627,257,2,1
256,628,257,2,1
256,636,257,2,1
256,642,257,2,1
256,643,231,0,3
256,644,257,2,1
256,645,257,2,1
256,648,257,2,1
256,649,257,2,1
256,653,231,0,3
256,658,281,3,0
256,659,281,3,0
256,661,231,0,3
256,663,231,0,3
256,669,257,2,1
256,671,255,1,2
256,679,257,2,1
256,686,257,2,1
256,699,257,2,1
256,703,231,0,3
256,707,257,2,1
256,710,281,3,0
256,714,257,2,1
256,718,281,3,0
256,722,257,2,1
257,627,258,2,1
257,628,258,2,1
257,636,258,2,1
257,642,258,2,1
257,643,232,0,3
257,644,258,2,1
257,645,258,2,1
257,648,258,2,1
257,649,258,2,1
257,653,232,0,3
257,658,282,3,0
257,659,282,3,0
257,661,232,0,3
257,663,232,0,3
257,669,258,2,1
257,671,256,1,2
257,679,258,2,1
257,686,258,2,1
257,699,258,2,1
257,701,232,0,3
257,703,232,0,3
257,707,258,2,1
257,710,282,3,0
257,714,258,2,1
257,718,282,3,0
257,722,258,2,1
258,627,283,3,0
258,628,233,0,3
258,636,233,0,3
258,642,283,3,0
258,643,233,0,3
258,644,233,0,3
258,645,233,0,3
258,648,283,3,0
258,649,233,0,3
258,653,233,0,3
258,659,283,3,0
258,663,233,0,3
258,669,233,0,3
258,671,257,1,2
258,679,283,3,0
258,699,233,0,3
258,707,283,3,0
258,714,233,0,3
258,718,283,3,0
258,722,233,0,3
259,627,284,3,0
259,628,234,0,3
259,636,234,0,3
259,642,284,3,0
259,643,258,1,2
259,644,234,0,3
259,645,234,0,3
259,646,234,0,3
259,648,284,3,0
259,649,234,0,3
259,653,258,1,2
259,655,234,0,3
259,658,258,1,2
259,659,258,1,2
259,661,258,1,2
259,663,258,1,2
259,669,234,0,3
259,671,258,1,2
259,679,284,3,0
259,686,284,3,0
259,699,234,0,3
259,701,258,1,2
259,703,258,1,2
259,707,284,3,0
259,710,258,1,2
259,712,258,1,2
259,714,234,0,3
259,718,258,1,2
259,721,234,0,3
259,722,234,0,3
260,627,285,3,0
260,628,235,0,3
260,636,235,0,3
260,642,285,3,0
260,643,259,1,2
260,644,235,0,3
260,645,235,0,3
260,648,285,3,0
260,649,235,0,3
260,653,259,1,2
260,658,259,1,2
260,659,259,1,2
260,661,259,1,2
260,663,259,1,2
260,669,235,0,3
260,671,259,1,2
260,679,285,3,0
260,686,285,3,0
260,699,235,0,3
260,703,259,1,2
260,707,285,3,0
260,710,259,1,2
260,714,235,0,3
260,718,259,1,2
260,722,235,0,3
261,628,236,0,3
261,632,262,2,1
261,642,286,3,0
261,643,260,1,2
261,645,236,0,3
261,648,286,3,0
261,649,236,0,3
261,653,260,1,2
261,658,260,1,2
261,659,260,1,2
261,661,260,1,2
261,663,260,1,2
261,665,262,2,1
261,669,236,0,3
261,671,260,1,2
261,686,286,3,0
261,699,236,0,3
261,707,286,3,0
261,710,260,1,2
261,714,236,0,3
261,718,260,1,2
262,628,237,0,3
262,642,287,3,0
262,643,261,1,2
262,645,237,0,3
262,647,263,2,1
262,648,287,3,0
262,653,261,1,2
262,659,261,1,2
262,663,261,1,2
262,669,237,0,3
262,671,261,1,2
262,680,263,2,1
262,686,287,3,0
262,699,237,0,3
262,714,263,2,1
262,717,261,1,2
262,718,261,1,2
263,628,238,0,3
263,642,288,3,0
263,643,262,1,2
263,645,238,0,3
263,648,288,3,0
263,653,262,1,2
263,656,264,2,1
263,659,262,1,2
263,671,262,1,2
263,688,264,2,1
263,699,238,0,3
264,630,265,2,1
264,643,263,1,2
264,648,265,2,1
264,653,263,1,2
264,659,265,2,1
264,671,265,2,1
264,676,265,2,1
264,699,265,2,1
265,643,266,2,1
265,648,290,3,0
265,659,266,2,1
265,671,266,2,1
265,691,290,3,0
265,699,240,0,3
266,628,241,0,3
266,642,291,3,0
266,643,267,2,1
266,645,241,0,3
266,648,291,3,0
266,653,267,2,1
266,659,267,2,1
266,671,267,2,1
266,684,291,3,0
266,693,241,0,3
266,699,241,0,3
267,628,242,0,3
267,631,292,3,0
267,642,292,3,0
267,643,268,2,1
267,645,242,0,3
267,648,292,3,0
267,653,268,2,1
267,659,268,2,1
267,667,242,0,3
267,669,242,0,3
267,671,268,2,1
267,673,242,0,3
267,686,292,3,0
267,699,242,0,3
267,704,242,0,3
267,713,242,0,3
267,714,242,0,3
267,718,268,2,1
267,724,242,0,3
268,628,243,0,3
268,633,243,0,3
268,640,243,0,3
268,642,293,3,0
268,643,269,2,1
268,645,243,0,3
268,648,293,3,0
268,649,243,0,3
268,653,269,2,1
268,658,269,2,1
268,659,269,2,1
268,661,269,2,1
268,663,269,2,1
268,669,243,0,3
268,671,269,2,1
268,686,293,3,0
268,689,243,0,3
268,698,243,0,3
268,699,243,0,3
268,707,293,3,0
268,714,243,0,3
268,718,269,2,1
269,627,294,3,0
269,628,244,0,3
269,636,244,0,3
269,642,294,3,0
269,643,270,2,1
269,644,244,0,3
269,645,244,0,3
269,648,294,3,0
269,649,244,0,3
269,653,270,2,1
269,658,270,2,1
269,659,270,2,1
269,661,270,2,1
269,663,270,2,1
269,669,244,0,3
269,671,270,2,1
269,679,294,3,0
269,685,244,0,3
269,686,294,3,0
269,699,244,0,3
269,703,270,2,1
269,707,294,3,0
269,710,270,2,1
269,714,244,0,3
269,718,270,2,1
269,722,244,0,3
270,627,295,3,0
270,628,245,0,3
270,636,245,0,3
270,642,295,3,0
270,643,271,2,1
270,644,245,0,3
270,645,245,0,3
270,646,245,0,3
270,648,295,3,0
270,649,245,0,3
270,653,271,2,1
270,655,245,0,3
270,658,271,2,1
270,659,271,2,1
270,661,271,2,1
270,663,271,2,1
270,669,245,0,3
270,671,271,2,1
270,679,295,3,0
270,686,295,3,0
270,699,245,0,3
270,701,271,2,1
270,703,271,2,1
270,707,295,3,0
270,710,271,2,1
270,714,245,0,3
270,718,271,2,1
270,721,245,0,3
270,722,245,0,3
271,627,296,3,0
271,628,246,0,3
271,636,246,0,3
271,642,296,3,0
271,643,246,0,3
271,644,246,0,3
271,645,246,0,3
271,646,246,0,3
271,648,296,3,0
271,649,246,0,3
271,653,246,0,3
271,655,246,0,3
271,659,296,3,0
271,663,246,0,3
271,669,246,0,3
271,671,272,2,1
271,679,296,3,0
271,699,246,0,3
271,707,296,3,0
271,712,272,2,1
271,714,246,0,3
271,718,296,3,0
271,721,246,0,3
271,722,246,0,3
272,627,271,1,2
272,628,271,1,2
272,636,271,1,2
272,638,273,2,1
272,642,271,1,2
272,643,247,0,3
272,644,271,1,2
272,645,271,1,2
272,648,271,1,2
272,649,271,1,2
272,653,247,0,3
272,658,297,3,0
272,659,297,3,0
272,661,247,0,3
272,663,247,0,3
272,669,271,1,2
272,671,273,2,1
272,679,271,1,2
272,686,271,1,2
272,692,273,2,1
272,694,273,2,1
272,699,271,1,2
272,703,247,0,3
272,707,271,1,2
272,710,297,3,0
272,714,271,1,2
272,718,297,3,0
272,722,271,1,2
273,627,274,2,1
273,628,272,1,2
273,636,274,2,1
273,642,272,1,2
273,643,248,0,3
273,644,274,2,1
273,645,272,1,2
273,648,272,1,2
273,649,272,1,2
273,652,274,2,1
273,653,248,0,3
273,657,274,2,1
273,658,298,3,0
273,659,298,3,0
273,661,248,0,3
273,663,248,0,3
273,669,272,1,2
273,671,274,2,1
273,679,274,2,1
273,686,272,1,2
273,697,274,2,1
273,699,272,1,2
273,702,274,2,1
273,707,272,1,2
273,708,274,2,1
273,710,274,2,1
273,714,272,1,2
273,718,298,3,0
274,628,273,1,2
274,637,250,2,3
274,642,273,1,2
274,643,249,0,3
274,645,273,1,2
274,648,273,1,2
274,649,250,2,3
274,651,250,2,3
274,653,249,0,3
274,659,299,3,0
274,660,250,2,3
274,663,250,2,3
274,669,273,1,2
274,671,250,2,3
274,674,250,2,3
274,682,250,2,3
274,683,250,2,3
274,686,273,1,2
274,696,250,2,3
274,699,273,1,2
274,705,250,2,3
274,707,250,2,3
274,709,250,2,3
274,714,273,1,2
274,717,250,2,3
274,718,299,3,0
274,720,250,2,3
275,625,276,1,1
275,628,299,3,2
275,641,276,1,1
275,642,299,3,2
275,643,250,0,2
275,645,299,3,2
275,648,299,3,2
275,653,250,0,2
275,659,300,2,0
275,666,276,1,1
275,669,276,1,1
275,671,250,0,2
275,677,276,1,1
275,686,276,1,1
275,699,299,3,2
275,700,276,1,1
275,714,299,3,2
275,715,276,1,1
275,723,276,1,1
276,626,277,2,1
276,628,277,2,1
276,635,277,2,1
276,642,277,2,1
276,643,251,0,3
276,645,277,2,1
276,648,275,1,1
276,650,277,2,1
276,653,277,2,1
276,659,301,3,0
276,671,251,0,3
276,678,277,2,1
276,695,277,2,1
276,699,275,1,1
276,719,277,2,1
277,643,252,0,3
277,648,276,1,2
277,699,276,1,2
278,628,279,2,1
278,642,279,2,1
278,643,253,0,3
278,645,279,2,1
278,648,279,2,1
278,653,253,0,3
278,659,303,3,0
278,668,253,0,3
278,671,253,0,3
278,690,253,0,3
278,699,279,2,1
279,628,280,2,1
279,639,254,0,3
279,642,280,2,1
279,643,254,0,3
279,645,280,2,1
279,648,280,2,1
279,653,254,0,3
279,659,304,3,0
279,669,280,2,1
279,671,254,0,3
279,686,280,2,1
279,699,280,2,1
279,718,304,3,0
280,628,281,2,1
280,629,255,0,3
280,642,281,2,1
280,643,255,0,3
280,645,281,2,1
280,648,281,2,1
280,649,281,2,1
280,653,255,0,3
280,654,305,3,0
280,658,305,3,0
280,659,305,3,0
280,661,255,0,3
280,663,305,3,0
280,669,281,2,1
280,671,255,0,3
280,686,281,2,1
280,687,255,0,3
280,699,281,2,1
280,707,281,2,1
280,714,281,2,1
280,718,305,3,0
281,627,282,2,1
281,628,282,2,1
281,636,282,2,1
281,642,282,2,1
281,643,256,0,3
281,644,282,2,1
281,645,282,2,1
281,648,282,2,1
281,649,282,2,1
281,653,256,0,3
281,658,306,3,0
281,659,306,3,0
281,661,256,0,3
281,663,306,3,0
281,669,282,2,1
281,671,256,0,3
281,679,282,2,1
281,686,282,2,1
281,699,282,2,1
281,703,256,0,3
281,707,282,2,1
281,710,306,3,0
281,714,282,2,1
281,718,306,3,0
281,722,282,2,1
282,627,283,2,1
282,628,283,2,1
282,636,283,2,1
282,642,283,2,1
282,643,257,0,3
282,644,283,2,1
282,645,283,2,1
282,648,283,2,1
282,649,283,2,1
282,653,257,0,3
282,658,307,3,0
282,659,307,3,0
282,661,257,0,3
282,663,307,3,0
282,669,283,2,1
282,671,257,0,3
282,679,283,2,1
282,686,283,2,1
282,699,283,2,1
282,701,257,0,3
282,703,257,0,3
282,707,283,2,1
282,710,307,3,0
282,714,283,2,1
282,718,307,3,0
282,722,283,2,1
283,627,308,3,0
283,628,258,0,3
283,636,258,0,3
283,642,308,3,0
283,643,258,0,3
283,644,258,0,3
283,645,258,0,3
283,648,308,3,0
283,649,258,0,3
283,653,258,0,3
283,659,308,3,0
283,669,258,0,3
283,671,258,0,3
283,679,308,3,0
283,686,284,2,1
283,699,258,0,3
283,714,258,0,3
283,718,308,3,0
284,627,309,3,0
284,628,259,0,3
284,636,259,0,3
284,642,309,3,0
284,643,283,1,2
284,644,259,0,3
284,645,259,0,3
284,646,259,0,3
284,648,309,3,0
284,649,259,0,3
284,653,283,1,2
284,655,259,0,3
284,658,283,1,2
284,659,283,1,2
284,661,283,1,2
284,663,283,1,2
284,669,259,0,3
284,671,283,1,2
284,679,309,3,0
284,686,285,2,1
284,699,259,0,3
284,701,283,1,2
284,703,283,1,2
284,707,309,3,0
284,710,283,1,2
284,712,283,1,2
284,714,259,0,3
284,718,283,1,2
284,721,259,0,3
284,722,259,0,3
285,627,310,3,0
285,628,260,0,3
285,636,260,0,3
285,642,310,3,0
285,643,284,1,2
285,644,260,0,3
285,645,260,0,3
285,648,310,3,0
285,649,260,0,3
285,653,284,1,2
285,658,284,1,2
285,659,284,1,2
285,661,284,1,2
285,663,284,1,2
285,669,260,0,3
285,671,284,1,2
285,679,310,3,0
285,686,286,2,1
285,699,260,0,3
285,703,284,1,2
285,707,310,3,0
285,710,284,1,2
285,714,260,0,3
285,718,284,1,2
285,722,260,0,3
286,628,261,0,3
286,632,287,2,1
286,642,311,3,0
286,643,285,1,2
286,645,261,0,3
286,648,311,3,0
286,649,261,0,3
286,653,285,1,2
286,658,285,1,2
286,659,285,1,2
286,661,285,1,2
286,663,285,1,2
286,665,287,2,1
286,669,261,0,3
286,671,285,1,2
286,686,287,2,1
286,699,261,0,3
286,707,311,3,0
286,710,285,1,2
286,714,261,0,3
286,718,285,1,2
287,628,262,0,3
287,642,312,3,0
287,643,286,1,2
287,645,262,0,3
287,647,288,2,1
287,648,312,3,0
287,653,286,1,2
287,659,286,1,2
287,663,286,1,2
287,669,262,0,3
287,671,286,1,2
287,680,288,2,1
287,686,686,65,0
287,699,262,0,3
287,714,288,2,1
287,717,286,1,2
287,718,286,1,2
288,628,263,0,3
288,642,313,3,0
288,643,287,1,2
288,645,263,0,3
288,648,313,3,0
288,653,287,1,2
288,656,289,2,1
288,659,287,1,2
288,671,287,1,2
288,688,289,2,1
288,699,263,0,3
289,630,290,2,1
289,643,288,1,2
289,648,290,2,1
289,653,288,1,2
289,659,290,2,1
289,671,290,2,1
289,676,290,2,1
289,699,290,2,1
290,643,291,2,1
290,648,315,3,0
290,659,291,2,1
290,671,291,2,1
290,691,315,3,0
290,699,265,0,3
291,628,266,0,3
291,642,316,3,0
291,643,292,2,1
291,645,266,0,3
291,648,316,3,0
291,653,292,2,1
291,659,292,2,1
291,671,292,2,1
291,684,316,3,0
291,693,266,0,3
291,699,266,0,3
292,628,267,0,3
292,631,317,3,0
292,642,317,3,0
292,643,293,2,1
292,645,267,0,3
292,648,317,3,0
292,653,293,2,1
292,659,293,2,1
292,667,267,0,3
292,669,267,0,3
292,671,293,2,1
292,673,267,0,3
292,686,291,1,2
292,699,267,0,3
292,704,267,0,3
292,713,267,0,3
292,714,267,0,3
292,718,293,2,1
292,724,267,0,3
293,628,268,0,3
293,633,268,0,3
293,640,268,0,3
293,642,318,3,0
293,643,294,2,1
293,645,268,0,3
293,648,318,3,0
293,649,268,0,3
293,653,294,2,1
293,658,294,2,1
293,659,294,2,1
293,661,294,2,1
293,663,294,2,1
293,669,268,0,3
293,671,294,2,1
293,686,292,1,2
293,689,318,3,0
293,698,268,0,3
293,699,268,0,3
293,707,318,3,0
293,714,268,0,3
293,718,294,2,1
294,627,319,3,0
294,628,269,0,3
294,636,269,0,3
294,642,319,3,0
294,643,295,2,1
294,644,269,0,3
294,645,269,0,3
294,648,319,3,0
294,649,269,0,3
294,653,295,2,1
294,658,295,2,1
294,659,295,2,1
294,661,295,2,1
294,663,295,2,1
294,669,269,0,3
294,671,295,2,1
294,679,319,3,0
294,685,269,0,3
294,686,293,1,2
294,699,269,0,3
294,703,295,2,1
294,707,319,3,0
294,710,295,2,1
294,714,269,0,3
294,718,295,2,1
294,722,269,0,3
295,627,320,3,0
295,628,270,0,3
295,636,270,0,3
295,642,320,3,0
295,643,296,2,1
295,644,270,0,3
295,645,270,0,3
295,646,270,0,3
295,648,320,3,0
295,649,270,0,3
295,653,296,2,1
295,655,270,0,3
295,658,296,2,1
295,659,296,2,1
295,661,296,2,1
295,663,296,2,1
295,669,270,0,3
295,671,296,2,1
295,679,320,3,0
295,686,294,1,2
295,699,270,0,3
295,701,296,2,1
295,703,296,2,1
295,707,320,3,0
295,710,296,2,1
295,714,270,0,3
295,718,296,2,1
295,721,270,0,3
295,722,270,0,3
296,627,321,3,0
296,628,271,0,3
296,636,271,0,3
296,642,321,3,0
296,643,271,0,3
296,644,271,0,3
296,645,271,0,3
296,646,271,0,3
296,648,321,3,0
296,649,271,0,3
296,653,271,0,3
296,655,271,0,3
296,659,321,3,0
296,669,271,0,3
296,671,271,0,3
296,679,321,3,0
296,686,295,1,2
296,699,271,0,3
296,712,297,2,1
296,714,271,0,3
296,718,321,3,0
296,721,271,0,3
297,627,296,1,2
297,628,296,1,2
297,636,296,1,2
297,638,298,2,1
297,642,296,1,2
297,643,272,0,3
297,644,296,1,2
297,645,296,1,2
297,648,296,1,2
297,649,296,1,2
297,653,272,0,3
297,658,322,3,0
297,659,322,3,0
297,661,272,0,3
297,663,322,3,0
297,669,296,1,2
297,671,272,0,3
297,679,296,1,2
297,686,296,1,2
297,692,298,2,1
297,694,298,2,1
297,699,296,1,2
297,703,272,0,3
297,707,296,1,2
297,710,322,3,0
297,714,296,1,2
297,718,322,3,0
297,722,296,1,2
298,627,299,2,1
298,628,297,1,2
298,642,297,1,2
298,643,273,0,3
298,644,299,2,1
298,645,297,1,2
298,648,297,1,2
298,649,297,1,2
298,652,299,2,1
298,653,273,0,3
298,657,299,2,1
298,658,323,3,0
298,659,323,3,0
298,661,273,0,3
298,663,323,3,0
298,669,297,1,2
298,671,273,0,3
298,679,299,2,1
298,686,297,1,2
298,697,299,2,1
298,699,297,1,2
298,702,299,2,1
298,707,297,1,2
298,708,299,2,1
298,710,299,2,1
298,714,297,1,2
298,718,323,3,0
298,722,299,2,1
299,628,298,1,2
299,637,275,2,3
299,642,298,1,2
299,643,274,0,3
299,645,298,1,2
299,648,298,1,2
299,649,275,2,3
299,651,275,2,3
299,653,274,0,3
299,659,324,3,0
299,660,275,2,3
299,663,275,2,3
299,669,298,1,2
299,671,274,0,3
299,674,275,2,3
299,682,275,2,3
299,683,275,2,3
299,686,298,1,2
299,696,275,2,3
299,699,298,1,2
299,705,275,2,3
299,707,275,2,3
299,709,275,2,3
299,714,298,1,2
299,717,275,2,3
299,718,324,3,0
300,625,301,1,1
300,628,324,3,2
300,641,301,1,1
300,642,324,3,2
300,643,275,0,2
300,645,324,3,2
300,648,324,3,2
300,653,275,0,2
300,659,325,2,0
300,669,301,1,1
300,671,275,0,2
300,677,301,1,1
300,686,301,1,1
300,699,324,3,2
300,700,301,1,1
300,714,324,3,2
300,715,301,1,1
300,723,301,1,1
301,626,302,2,1
301,628,302,2,1
301,635,302,2,1
301,642,302,2,1
301,643,276,0,3
301,645,302,2,1
301,648,300,1,1
301,650,302,2,1
301,653,302,2,1
301,659,326,3,0
301,671,276,0,3
301,678,302,2,1
301,695,302,2,1
301,699,300,1,1
301,719,302,2,1
302,643,277,0,3
302,648,301,1,2
302,699,301,1,2
303,628,304,2,1
303,642,304,2,1
303,643,278,0,3
303,645,304,2,1
303,648,304,2,1
303,653,278,0,3
303,659,328,3,0
303,668,278,0,3
303,671,278,0,3
303,681,278,0,3
303,690,278,0,3
303,699,304,2,1
304,628,305,2,1
304,639,279,0,3
304,642,305,2,1
304,643,279,0,3
304,645,305,2,1
304,648,305,2,1
304,653,279,0,3
304,659,329,3,0
304,669,305,2,1
304,671,279,0,3
304,686,305,2,1
304,699,305,2,1
304,718,718,97,0
305,628,306,2,1
305,629,280,0,3
305,634,280,0,3
305,642,306,2,1
305,643,280,0,3
305,645,306,2,1
305,648,306,2,1
305,649,306,2,1
305,653,280,0,3
305,654,330,3,0
305,658,330,3,0
305,659,330,3,0
305,661,280,0,3
305,663,330,3,0
305,669,306,2,1
305,671,280,0,3
305,686,306,2,1
305,687,280,0,3
305,699,306,2,1
305,707,306,2,1
305,714,306,2,1
305,718,304,1,2
306,627,307,2,1
306,628,307,2,1
306,636,307,2,1
306,642,307,2,1
306,643,281,0,3
306,644,307,2,1
306,645,307,2,1
306,648,307,2,1
306,649,307,2,1
306,652,652,31,0
306,653,281,0,3
306,658,331,3,0
306,659,331,3,0
306,661,281,0,3
306,663,331,3,0
306,669,307,2,1
306,671,281,0,3
306,679,307,2,1
306,686,307,2,1
306,699,307,2,1
306,703,281,0,3
306,707,307,2,1
306,710,331,3,0
306,714,307,2,1
306,718,305,1,2
306,722,307,2,1
307,627,308,2,1
307,628,308,2,1
307,636,308,2,1
307,642,308,2,1
307,643,282,0,3
307,644,308,2,1
307,645,308,2,1
307,648,308,2,1
307,649,308,2,1
307,652,306,1,2
307,653,282,0,3
307,658,332,3,0
307,659,332,3,0
307,661,282,0,3
307,663,332,3,0
307,669,308,2,1
307,671,282,0,3
307,679,308,2,1
307,686,308,2,1
307,699,308,2,1
307,701,282,0,3
307,703,282,0,3
307,707,308,2,1
307,710,332,3,0
307,714,308,2,1
307,718,306,1,2
307,722,308,2,1
308,628,283,0,3
308,642,333,3,0
308,643,283,0,3
308,644,283,0,3
308,645,283,0,3
308,648,333,3,0
308,649,283,0,3
308,652,307,1,2
308,653,283,0,3
308,659,333,3,0
308,669,283,0,3
308,671,283,0,3
308,679,333,3,0
308,686,283,0,3
308,699,283,0,3
308,714,283,0,3
308,718,307,1,2
309,627,334,3,0
309,628,284,0,3
309,636,284,0,3
309,642,334,3,0
309,643,308,1,2
309,644,284,0,3
309,645,284,0,3
309,646,284,0,3
309,648,334,3,0
309,649,284,0,3
309,653,308,1,2
309,655,284,0,3
309,658,308,1,2
309,659,308,1,2
309,661,308,1,2
309,663,308,1,2
309,669,284,0,3
309,671,308,1,2
309,679,334,3,0
309,686,284,0,3
309,699,284,0,3
309,701,308,1,2
309,703,308,1,2
309,707,334,3,0
309,710,308,1,2
309,712,308,1,2
309,714,284,0,3
309,718,308,1,2
309,721,284,0,3
309,722,284,0,3
310,627,335,3,0
310,628,285,0,3
310,636,285,0,3
310,642,335,3,0
310,643,309,1,2
310,644,285,0,3
310,645,285,0,3
310,648,335,3,0
310,649,285,0,3
310,653,309,1,2
310,658,309,1,2
310,659,309,1,2
310,661,309,1,2
310,663,309,1,2
310,669,285,0,3
310,671,309,1,2
310,679,335,3,0
310,686,285,0,3
310,699,285,0,3
310,703,309,1,2
310,707,335,3,0
310,710,309,1,2
310,714,285,0,3
310,718,309,1,2
310,722,285,0,3
311,628,286,0,3
311,632,312,2,1
311,642,336,3,0
311,643,310,1,2
311,645,286,0,3
311,648,336,3,0
311,649,286,0,3
311,653,310,1,2
311,658,310,1,2
311,659,310,1,2
311,661,310,1,2
311,663,310,1,2
311,665,312,2,1
311,669,286,0,3
311,671,310,1,2
311,686,286,0,3
311,699,286,0,3
311,707,336,3,0
311,710,310,1,2
311,714,286,0,3
311,718,310,1,2
312,628,287,0,3
312,642,337,3,0
312,643,311,1,2
312,645,287,0,3
312,647,313,2,1
312,648,337,3,0
312,653,311,1,2
312,659,311,1,2
312,663,311,1,2
312,669,287,0,3
312,671,311,1,2
312,680,313,2,1
312,686,287,0,3
312,699,287,0,3
312,714,313,2,1
312,717,311,1,2
312,718,311,1,2
313,628,288,0,3
313,642,338,3,0
313,643,312,1,2
313,645,288,0,3
313,648,338,3,0
313,653,312,1,2
313,656,314,2,1
313,659,312,1,2
313,671,312,1,2
313,688,314,2,1
313,699,288,0,3
314,630,315,2,1
314,643,313,1,2
314,648,315,2,1
314,653,313,1,2
314,659,315,2,1
314,671,315,2,1
314,676,315,2,1
314,699,315,2,1
315,643,316,2,1
315,648,340,3,0
315,659,316,2,1
315,671,316,2,1
315,691,340,3,0
315,699,290,0,3
316,628,291,0,3
316,642,341,3,0
316,643,317,2,1
316,645,291,0,3
316,648,341,3,0
316,653,317,2,1
316,659,317,2,1
316,671,317,2,1
316,684,341,3,0
316,693,291,0,3
316,699,291,0,3
317,628,292,0,3
317,631,342,3,0
317,642,342,3,0
317,643,318,2,1
317,645,292,0,3
317,648,342,3,0
317,653,318,2,1
317,659,318,2,1
317,667,292,0,3
317,669,292,0,3
317,671,318,2,1
317,673,292,0,3
317,686,292,0,3
317,699,292,0,3
317,704,292,0,3
317,713,292,0,3
317,714,292,0,3
317,718,318,2,1
317,724,292,0,3
318,628,293,0,3
318,633,293,0,3
318,640,293,0,3
318,642,343,3,0
318,643,319,2,1
318,645,293,0,3
318,648,343,3,0
318,649,293,0,3
318,653,319,2,1
318,658,319,2,1
318,659,319,2,1
318,661,319,2,1
318,663,319,2,1
318,669,293,0,3
318,671,319,2,1
318,686,293,0,3
318,689,343,3,0
318,698,293,0,3
318,699,293,0,3
318,707,343,3,0
318,714,293,0,3
318,718,319,2,1
319,627,344,3,0
319,628,294,0,3
319,636,294,0,3
319,642,344,3,0
319,643,320,2,1
319,644,294,0,3
319,645,294,0,3
319,648,344,3,0
319,649,294,0,3
319,653,320,2,1
319,658,320,2,1
319,659,320,2,1
319,661,320,2,1
319,663,320,2,1
319,669,294,0,3
319,671,320,2,1
319,679,344,3,0
319,685,294,0,3
319,686,294,0,3
319,699,294,0,3
319,703,320,2,1
319,707,344,3,0
319,710,320,2,1
319,714,294,0,3
319,718,320,2,1
319,722,294,0,3
320,627,345,3,0
320,628,295,0,3
320,636,295,0,3
320,642,345,3,0
320,643,321,2,1
320,644,295,0,3
320,645,295,0,3
320,646,295,0,3
320,648,345,3,0
320,649,295,0,3
320,653,321,2,1
320,655,295,0,3
320,658,321,2,1
320,659,321,2,1
320,661,321,2,1
320,663,321,2,1
320,669,295,0,3
320,671,321,2,1
320,679,345,3,0
320,686,295,0,3
320,699,295,0,3
320,701,321,2,1
320,703,321,2,1
320,707,345,3,0
320,710,321,2,1
320,714,295,0,3
320,718,321,2,1
320,721,295,0,3
320,722,295,0,3
321,628,296,0,3
321,642,346,3,0
321,643,296,0,3
321,644,296,0,3
321,645,296,0,3
321,646,296,0,3
321,648,346,3,0
321,649,296,0,3
321,652,322,2,1
321,653,296,0,3
321,655,296,0,3
321,659,346,3,0
321,669,296,0,3
321,671,296,0,3
321,679,346,3,0
321,686,296,0,3
321,699,296,0,3
321,712,322,2,1
321,714,296,0,3
321,718,322,2,1
321,721,296,0,3
322,627,321,1,2
322,628,321,1,2
322,636,321,1,2
322,638,323,2,1
322,642,321,1,2
322,643,297,0,3
322,644,321,1,2
322,645,321,1,2
322,648,321,1,2
322,649,321,1,2
322,652,323,2,1
322,653,297,0,3
322,658,347,3,0
322,659,347,3,0
322,661,297,0,3
322,663,347,3,0
322,669,321,1,2
322,671,297,0,3
322,679,321,1,2
322,686,321,1,2
322,692,323,2,1
322,694,323,2,1
322,699,321,1,2
322,703,297,0,3
322,707,321,1,2
322,710,347,3,0
322,714,321,1,2
322,718,323,2,1
322,722,321,1,2
323,627,324,2,1
323,628,322,1,2
323,636,324,2,1
323,642,322,1,2
323,643,298,0,3
323,644,324,2,1
323,645,322,1,2
323,648,322,1,2
323,649,322,1,2
323,652,324,2,1
323,653,298,0,3
323,657,324,2,1
323,658,348,3,0
323,659,348,3,0
323,661,298,0,3
323,663,348,3,0
323,669,322,1,2
323,671,298,0,3
323,679,324,2,1
323,686,322,1,2
323,697,324,2,1
323,699,322,1,2
323,702,324,2,1
323,707,322,1,2
323,708,324,2,1
323,710,324,2,1
323,714,322,1,2
323,718,324,2,1
323,722,324,2,1
324,628,323,1,2
324,637,300,2,3
324,642,323,1,2
324,643,299,0,3
324,645,323,1,2
324,648,323,1,2
324,649,300,2,3
324,651,300,2,3
324,653,299,0,3
324,659,349,3,0
324,660,300,2,3
324,663,300,2,3
324,669,323,1,2
324,671,299,0,3
324,674,300,2,3
324,682,300,2,3
324,683,300,2,3
324,686,323,1,2
324,696,300,2,3
324,699,323,1,2
324,705,300,2,3
324,707,300,2,3
324,709,300,2,3
324,714,323,1,2
324,717,300,2,3
324,718,300,2,3
324,720,300,2,3
325,625,326,1,1
325,628,349,3,2
325,641,326,1,1
325,642,349,3,2
325,643,300,0,2
325,645,349,3,2
325,648,349,3,2
325,653,300,0,2
325,659,350,2,0
325,666,326,1,1
325,671,300,0,2
325,677,326,1,1
325,686,326,1,1
325,699,349,3,2
325,700,326,1,1
325,714,349,3,2
325,723,326,1,1
326,626,327,2,1
326,628,327,2,1
326,635,327,2,1
326,642,327,2,1
326,643,301,0,3
326,648,325,1,1
326,650,327,2,1
326,653,327,2,1
326,659,351,3,0
326,671,301,0,3
326,678,327,2,1
326,695,327,2,1
326,699,325,1,1
326,719,327,2,1
327,643,302,0,3
327,648,326,1,2
327,699,326,1,2
328,628,329,2,1
328,642,329,2,1
328,643,303,0,3
328,645,329,2,1
328,648,329,2,1
328,653,303,0,3
328,659,353,3,0
328,668,303,0,3
328,671,303,0,3
328,681,303,0,3
328,690,303,0,3
328,699,329,2,1
329,628,330,2,1
329,639,304,0,3
329,642,330,2,1
329,643,304,0,3
329,645,330,2,1
329,648,330,2,1
329,653,304,0,3
329,659,354,3,0
329,669,330,2,1
329,671,304,0,3
329,686,330,2,1
329,699,330,2,1
329,718,304,0,3
330,628,331,2,1
330,629,305,0,3
330,634,305,0,3
330,642,331,2,1
330,643,305,0,3
330,645,331,2,1
330,648,331,2,1
330,649,331,2,1
330,653,305,0,3
330,654,355,3,0
330,658,355,3,0
330,659,355,3,0
330,661,305,0,3
330,663,355,3,0
330,669,331,2,1
330,671,305,0,3
330,686,331,2,1
330,687,305,0,3
330,699,331,2,1
330,707,331,2,1
330,714,331,2,1
330,718,305,0,3
331,627,332,2,1
331,628,332,2,1
331,636,332,2,1
331,642,332,2,1
331,643,306,0,3
331,644,332,2,1
331,645,332,2,1
331,648,332,2,1
331,649,332,2,1
331,652,306,0,3
331,653,306,0,3
331,658,356,3,0
331,659,356,3,0
331,661,306,0,3
331,663,356,3,0
331,669,332,2,1
331,671,306,0,3
331,679,332,2,1
331,686,332,2,1
331,699,332,2,1
331,703,306,0,3
331,707,332,2,1
331,710,356,3,0
331,714,332,2,1
331,718,306,0,3
331,722,332,2,1
332,627,333,2,1
332,628,333,2,1
332,636,333,2,1
332,642,333,2,1
332,643,307,0,3
332,644,333,2,1
332,645,333,2,1
332,648,333,2,1
332,649,333,2,1
332,652,307,0,3
332,653,307,0,3
332,658,357,3,0
332,659,357,3,0
332,661,307,0,3
332,663,357,3,0
332,669,333,2,1
332,671,307,0,3
332,679,333,2,1
332,686,333,2,1
332,699,333,2,1
332,701,307,0,3
332,703,307,0,3
332,707,333,2,1
332,710,357,3,0
332,714,333,2,1
332,718,307,0,3
332,722,333,2,1
333,628,308,0,3
333,642,358,3,0
333,643,308,0,3
333,644,308,0,3
333,645,308,0,3
333,646,358,3,0
333,648,358,3,0
333,649,308,0,3
333,652,308,0,3
333,653,308,0,3
333,659,358,3,0
333,669,308,0,3
333,671,308,0,3
333,686,308,0,3
333,699,308,0,3
333,703,308,0,3
333,714,308,0,3
334,627,359,3,0
334,628,309,0,3
334,636,309,0,3
334,642,359,3,0
334,643,333,1,2
334,644,309,0,3
334,645,309,0,3
334,646,359,3,0
334,648,359,3,0
334,649,309,0,3
334,653,333,1,2
334,655,309,0,3
334,658,333,1,2
334,659,333,1,2
334,661,333,1,2
334,663,333,1,2
334,669,309,0,3
334,671,333,1,2
334,679,359,3,0
334,686,309,0,3
334,699,309,0,3
334,701,333,1,2
334,703,333,1,2
334,707,359,3,0
334,710,333,1,2
334,712,333,1,2
334,714,309,0,3
334,718,333,1,2
334,721,309,0,3
334,722,309,0,3
335,627,360,3,0
335,628,310,0,3
335,636,310,0,3
335,642,360,3,0
335,643,334,1,2
335,644,310,0,3
335,645,310,0,3
335,648,360,3,0
335,649,310,0,3
335,653,334,1,2
335,658,334,1,2
335,659,334,1,2
335,661,334,1,2
335,663,334,1,2
335,669,310,0,3
335,671,334,1,2
335,679,360,3,0
335,686,310,0,3
335,699,310,0,3
335,703,334,1,2
335,707,360,3,0
335,710,334,1,2
335,714,310,0,3
335,718,334,1,2
335,722,310,0,3
336,628,311,0,3
336,632,337,2,1
336,642,361,3,0
336,643,335,1,2
336,645,311,0,3
336,648,361,3,0
336,649,311,0,3
336,653,335,1,2
336,658,335,1,2
336,659,335,1,2
336,661,335,1,2
336,663,335,1,2
336,665,337,2,1
336,669,311,0,3
336,671,335,1,2
336,686,311,0,3
336,699,311,0,3
336,707,361,3,0
336,710,335,1,2
336,714,311,0,3
336,718,335,1,2
337,628,312,0,3
337,642,362,3,0
337,643,336,1,2
337,645,312,0,3
337,647,338,2,1
337,648,362,3,0
337,653,336,1,2
337,659,336,1,2
337,663,336,1,2
337,669,312,0,3
337,671,336,1,2
337,680,338,2,1
337,686,312,0,3
337,699,312,0,3
337,714,338,2,1
337,717,336,1,2
337,718,336,1,2
338,628,313,0,3
338,642,363,3,0
338,643,337,1,2
338,645,313,0,3
338,648,363,3,0
338,653,337,1,2
338,656,339,2,1
338,659,337,1,2
338,671,337,1,2
338,688,339,2,1
338,699,313,0,3
339,630,340,2,1
339,643,338,1,2
339,648,340,2,1
339,653,338,1,2
339,659,340,2,1
339,671,340,2,1
339,676,340,2,1
339,699,340,2,1
340,643,341,2,1
340,648,365,3,0
340,659,341,2,1
340,671,341,2,1
340,691,365,3,0
340,699,315,0,3
341,628,316,0,3
341,642,366,3,0
341,643,342,2,1
341,645,316,0,3
341,648,366,3,0
341,653,342,2,1
341,659,342,2,1
341,671,342,2,1
341,684,366,3,0
341,693,316,0,3
341,699,316,0,3
342,628,317,0,3
342,631,367,3,0
342,642,367,3,0
342,643,343,2,1
342,645,317,0,3
342,648,367,3,0
342,653,343,2,1
342,659,343,2,1
342,667,367,3,0
342,669,317,0,3
342,671,343,2,1
342,673,317,0,3
342,686,317,0,3
342,699,317,0,3
342,704,317,0,3
342,713,317,0,3
342,714,317,0,3
342,718,343,2,1
342,724,317,0,3
343,628,318,0,3
343,633,318,0,3
343,640,368,3,0
343,642,368,3,0
343,643,344,2,1
343,645,318,0,3
343,648,368,3,0
343,649,318,0,3
343,653,344,2,1
343,658,344,2,1
343,659,344,2,1
343,661,344,2,1
343,663,344,2,1
343,669,318,0,3
343,671,344,2,1
343,686,318,0,3
343,689,368,3,0
343,698,318,0,3
343,699,318,0,3
343,707,368,3,0
343,714,318,0,3
343,718,344,2,1
344,627,369,3,0
344,628,319,0,3
344,636,319,0,3
344,642,369,3,0
344,643,345,2,1
344,644,319,0,3
344,645,319,0,3
344,648,369,3,0
344,649,319,0,3
344,653,345,2,1
344,658,345,2,1
344,659,345,2,1
344,661,345,2,1
344,663,345,2,1
344,669,319,0,3
344,671,345,2,1
344,679,369,3,0
344,685,319,0,3
344,686,319,0,3
344,699,319,0,3
344,703,345,2,1
344,707,369,3,0
344,710,345,2,1
344,714,319,0,3
344,718,345,2,1
344,722,319,0,3
345,627,370,3,0
345,628,320,0,3
345,636,320,0,3
345,642,370,3,0
345,643,346,2,1
345,644,320,0,3
345,645,320,0,3
345,646,370,3,0
345,648,370,3,0
345,649,320,0,3
345,653,346,2,1
345,655,320,0,3
345,658,346,2,1
345,659,346,2,1
345,661,346,2,1
345,663,346,2,1
345,669,320,0,3
345,671,346,2,1
345,679,370,3,0
345,686,320,0,3
345,699,320,0,3
345,701,346,2,1
345,703,346,2,1
345,707,370,3,0
345,710,346,2,1
345,714,320,0,3
345,718,346,2,1
345,721,320,0,3
345,722,320,0,3
346,628,321,0,3
346,642,371,3,0
346,643,321,0,3
346,644,321,0,3
346,645,321,0,3
346,646,371,3,0
346,648,371,3,0
346,649,321,0,3
346,652,321,0,3
346,653,321,0,3
346,655,321,0,3
346,659,371,3,0
346,669,321,0,3
346,671,321,0,3
346,686,321,0,3
346,699,321,0,3
346,703,321,0,3
346,712,347,2,1
346,714,321,0,3
346,721,321,0,3
347,627,346,1,2
347,628,346,1,2
347,636,346,1,2
347,638,348,2,1
347,642,346,1,2
347,643,322,0,3
347,644,346,1,2
347,645,346,1,2
347,648,346,1,2
347,649,346,1,2
347,652,322,0,3
347,653,322,0,3
347,658,372,3,0
347,659,372,3,0
347,661,322,0,3
347,663,372,3,0
347,669,346,1,2
347,671,322,0,3
347,679,346,1,2
347,686,346,1,2
347,692,348,2,1
347,694,348,2,1
347,699,346,1,2
347,703,322,0,3
347,707,346,1,2
347,710,372,3,0
347,714,346,1,2
347,718,322,0,3
347,722,346,1,2
348,627,349,2,1
348,628,347,1,2
348,636,349,2,1
348,642,347,1,2
348,643,323,0,3
348,644,349,2,1
348,645,347,1,2
348,648,347,1,2
348,649,347,1,2
348,653,323,0,3
348,657,349,2,1
348,658,373,3,0
348,659,373,3,0
348,661,323,0,3
348,663,373,3,0
348,669,347,1,2
348,671,323,0,3
348,679,349,2,1
348,686,347,1,2
348,699,347,1,2
348,702,349,2,1
348,707,347,1,2
348,708,349,2,1
348,710,349,2,1
348,714,347,1,2
348,718,323,0,3
348,722,349,2,1
349,628,348,1,2
349,637,325,2,3
349,642,348,1,2
349,643,324,0,3
349,645,348,1,2
349,648,348,1,2
349,649,325,2,3
349,651,325,2,3
349,653,324,0,3
349,659,374,3,0
349,660,325,2,3
349,663,325,2,3
349,669,348,1,2
349,671,324,0,3
349,674,325,2,3
349,682,325,2,3
349,683,325,2,3
349,686,348,1,2
349,696,325,2,3
349,699,348,1,2
349,705,325,2,3
349,707,325,2,3
349,714,348,1,2
349,717,325,2,3
349,718,324,0,3
349,720,325,2,3
350,625,351,1,1
350,628,374,3,2
350,641,351,1,1
350,642,374,3,2
350,643,325,0,2
350,645,374,3,2
350,648,374,3,2
350,653,325,0,2
350,659,375,2,0
350,666,351,1,1
350,669,351,1,1
350,671,325,0,2
350,686,351,1,1
350,699,374,3,2
350,700,351,1,1
350,714,374,3,2
350,715,351,1,1
350,723,351,1,1
351,628,352,2,1
351,635,352,2,1
351,642,352,2,1
351,643,326,0,3
351,645,352,2,1
351,648,350,1,1
351,650,352,2,1
351,653,352,2,1
351,659,376,3,0
351,671,326,0,3
351,678,352,2,1
351,695,352,2,1
351,699,350,1,1
351,719,352,2,1
352,643,327,0,3
352,648,351,1,2
352,699,351,1,2
353,628,354,2,1
353,642,354,2,1
353,643,328,0,3
353,645,354,2,1
353,648,354,2,1
353,653,328,0,3
353,659,378,3,0
353,668,328,0,3
353,671,328,0,3
353,681,328,0,3
353,690,328,0,3
353,699,354,2,1
354,628,355,2,1
354,639,329,0,3
354,642,355,2,1
354,643,329,0,3
354,645,355,2,1
354,648,355,2,1
354,653,329,0,3
354,659,379,3,0
354,669,355,2,1
354,671,329,0,3
354,686,355,2,1
354,699,355,2,1
354,718,329,0,3
355,628,356,2,1
355,629,330,0,3
355,634,330,0,3
355,642,356,2,1
355,643,330,0,3
355,645,356,2,1
355,648,356,2,1
355,649,356,2,1
355,653,330,0,3
355,654,380,3,0
355,658,380,3,0
355,659,380,3,0
355,661,330,0,3
355,663,380,3,0
355,669,356,2,1
355,671,330,0,3
355,686,356,2,1
355,687,330,0,3
355,699,356,2,1
355,707,356,2,1
355,714,356,2,1
355,718,330,0,3
356,627,357,2,1
356,628,357,2,1
356,636,357,2,1
356,642,357,2,1
356,643,331,0,3
356,644,357,2,1
356,645,357,2,1
356,648,357,2,1
356,649,357,2,1
356,653,331,0,3
356,658,381,3,0
356,659,381,3,0
356,661,331,0,3
356,663,381,3,0
356,669,357,2,1
356,671,331,0,3
356,679,357,2,1
356,686,357,2,1
356,699,357,2,1
356,703,331,0,3
356,707,357,2,1
356,710,381,3,0
356,714,357,2,1
356,718,331,0,3
356,722,357,2,1
357,627,358,2,1
357,628,358,2,1
357,636,358,2,1
357,642,358,2,1
357,643,332,0,3
357,644,358,2,1
357,645,358,2,1
357,648,358,2,1
357,649,358,2,1
357,653,332,0,3
357,658,382,3,0
357,659,382,3,0
357,661,332,0,3
357,663,382,3,0
357,669,358,2,1
357,671,332,0,3
357,679,358,2,1
357,686,358,2,1
357,699,358,2,1
357,701,332,0,3
357,703,332,0,3
357,707,358,2,1
357,710,382,3,0
357,714,358,2,1
357,718,332,0,3
357,722,358,2,1
358,628,333,0,3
358,642,383,3,0
358,643,333,0,3
358,644,333,0,3
358,646,383,3,0
358,648,383,3,0
358,649,333,0,3
358,653,333,0,3
358,655,383,3,0
358,659,383,3,0
358,661,333,0,3
358,671,333,0,3
358,686,333,0,3
358,699,333,0,3
358,701,333,0,3
358,703,333,0,3
358,714,333,0,3
358,717,333,0,3
359,627,384,3,0
359,628,334,0,3
359,636,334,0,3
359,642,384,3,0
359,643,358,1,2
359,644,334,0,3
359,645,334,0,3
359,646,384,3,0
359,648,384,3,0
359,649,334,0,3
359,653,358,1,2
359,655,384,3,0
359,658,358,1,2
359,659,358,1,2
359,661,358,1,2
359,663,358,1,2
359,669,334,0,3
359,671,358,1,2
359,679,384,3,0
359,686,334,0,3
359,699,334,0,3
359,701,358,1,2
359,703,358,1,2
359,707,384,3,0
359,710,358,1,2
359,712,358,1,2
359,714,334,0,3
359,717,334,0,3
359,718,358,1,2
359,721,334,0,3
359,722,334,0,3
360,627,385,3,0
360,628,335,0,3
360,636,335,0,3
360,642,385,3,0
360,643,359,1,2
360,644,335,0,3
360,645,335,0,3
360,648,385,3,0
360,649,335,0,3
360,653,359,1,2
360,658,359,1,2
360,659,359,1,2
360,661,359,1,2
360,663,359,1,2
360,669,335,0,3
360,671,359,1,2
360,679,385,3,0
360,686,335,0,3
360,699,335,0,3
360,703,359,1,2
360,707,385,3,0
360,710,359,1,2
360,714,335,0,3
360,717,335,0,3
360,718,359,1,2
360,722,335,0,3
361,628,336,0,3
361,632,362,2,1
361,642,386,3,0
361,643,360,1,2
361,645,336,0,3
361,648,386,3,0
361,649,336,0,3
361,653,360,1,2
361,658,360,1,2
361,659,360,1,2
361,661,360,1,2
361,663,360,1,2
361,665,362,2,1
361,669,336,0,3
361,671,360,1,2
361,686,336,0,3
361,699,336,0,3
361,707,386,3,0
361,710,360,1,2
361,714,336,0,3
361,717,336,0,3
361,718,360,1,2
362,628,337,0,3
362,642,387,3,0
362,643,361,1,2
362,645,337,0,3
362,647,363,2,1
362,648,387,3,0
362,653,361,1,2
362,659,361,1,2
362,663,361,1,2
362,669,337,0,3
362,671,361,1,2
362,686,337,0,3
362,699,337,0,3
362,714,363,2,1
362,717,361,1,2
362,718,361,1,2
363,628,338,0,3
363,642,388,3,0
363,643,362,1,2
363,645,338,0,3
363,648,388,3,0
363,653,362,1,2
363,656,364,2,1
363,659,362,1,2
363,671,362,1,2
363,688,364,2,1
363,699,338,0,3
364,630,365,2,1
364,643,363,1,2
364,648,365,2,1
364,653,363,1,2
364,659,365,2,1
364,671,365,2,1
364,676,365,2,1
364,699,365,2,1
365,643,366,2,1
365,648,390,3,0
365,659,366,2,1
365,671,366,2,1
365,691,390,3,0
365,699,340,0,3
366,628,341,0,3
366,642,391,3,0
366,643,367,2,1
366,645,341,0,3
366,648,391,3,0
366,653,367,2,1
366,659,367,2,1
366,671,367,2,1
366,684,391,3,0
366,693,341,0,3
366,699,341,0,3
367,628,342,0,3
367,631,392,3,0
367,642,392,3,0
367,643,368,2,1
367,645,342,0,3
367,648,392,3,0
367,653,368,2,1
367,659,368,2,1
367,667,392,3,0
367,669,342,0,3
367,671,368,2,1
367,673,392,3,0
367,686,342,0,3
367,699,342,0,3
367,704,342,0,3
367,713,342,0,3
367,714,342,0,3
367,718,368,2,1
367,724,342,0,3
368,628,343,0,3
368,633,343,0,3
368,640,393,3,0
368,642,393,3,0
368,643,369,2,1
368,645,343,0,3
368,648,393,3,0
368,649,343,0,3
368,653,369,2,1
368,658,369,2,1
368,659,369,2,1
368,661,369,2,1
368,663,369,2,1
368,669,343,0,3
368,671,369,2,1
368,686,343,0,3
368,689,393,3,0
368,698,343,0,3
368,699,343,0,3
368,707,393,3,0
368,714,343,0,3
368,717,343,0,3
368,718,369,2,1
369,627,394,3,0
369,628,344,0,3
369,636,344,0,3
369,642,394,3,0
369,643,370,2,1
369,644,344,0,3
369,645,344,0,3
369,648,394,3,0
369,649,344,0,3
369,653,370,2,1
369,658,370,2,1
369,659,370,2,1
369,661,370,2,1
369,663,370,2,1
369,669,344,0,3
369,671,370,2,1
369,679,394,3,0
369,685,344,0,3
369,686,344,0,3
369,699,344,0,3
369,703,370,2,1
369,707,394,3,0
369,710,370,2,1
369,714,344,0,3
369,717,344,0,3
369,718,370,2,1
369,722,344,0,3
370,627,395,3,0
370,628,345,0,3
370,636,345,0,3
370,642,395,3,0
370,643,371,2,1
370,644,345,0,3
370,645,345,0,3
370,646,395,3,0
370,648,395,3,0
370,649,345,0,3
370,653,371,2,1
370,655,395,3,0
370,658,371,2,1
370,659,371,2,1
370,661,371,2,1
370,663,371,2,1
370,669,345,0,3
370,671,371,2,1
370,679,395,3,0
370,686,345,0,3
370,699,345,0,3
370,701,371,2,1
370,703,371,2,1
370,707,395,3,0
370,710,371,2,1
370,714,345,0,3
370,717,345,0,3
370,718,371,2,1
370,721,345,0,3
370,722,345,0,3
371,628,346,0,3
371,642,396,3,0
371,643,346,0,3
371,644,346,0,3
371,646,396,3,0
371,648,396,3,0
371,649,346,0,3
371,653,346,0,3
371,655,396,3,0
371,659,396,3,0
371,661,346,0,3
371,671,346,0,3
371,686,346,0,3
371,699,346,0,3
371,701,346,0,3
371,703,346,0,3
371,712,372,2,1
371,714,346,0,3
371,717,346,0,3
371,721,346,0,3
372,627,371,1,2
372,628,371,1,2
372,636,371,1,2
372,638,373,2,1
372,642,371,1,2
372,643,347,0,3
372,644,371,1,2
372,645,371,1,2
372,648,371,1,2
372,649,371,1,2
372,653,347,0,3
372,658,397,3,0
372,659,397,3,0
372,661,347,0,3
372,663,397,3,0
372,669,371,1,2
372,671,347,0,3
372,679,371,1,2
372,686,371,1,2
372,692,373,2,1
372,694,373,2,1
372,699,371,1,2
372,703,347,0,3
372,707,371,1,2
372,710,397,3,0
372,714,371,1,2
372,718,347,0,3
372,722,371,1,2
373,627,374,2,1
373,628,372,1,2
373,636,374,2,1
373,642,372,1,2
373,643,348,0,3
373,644,374,2,1
373,645,372,1,2
373,648,372,1,2
373,649,372,1,2
373,652,374,2,1
373,653,348,0,3
373,657,374,2,1
373,658,398,3,0
373,659,398,3,0
373,661,348,0,3
373,663,398,3,0
373,669,372,1,2
373,671,348,0,3
373,679,374,2,1
373,686,372,1,2
373,697,374,2,1
373,699,372,1,2
373,702,374,2,1
373,707,372,1,2
373,708,374,2,1
373,710,374,2,1
373,714,372,1,2
373,718,348,0,3
373,722,374,2,1
374,628,373,1,2
374,637,350,2,3
374,642,373,1,2
374,643,349,0,3
374,645,373,1,2
374,648,373,1,2
374,651,350,2,3
374,653,349,0,3
374,659,399,3,0
374,660,350,2,3
374,663,350,2,3
374,669,373,1,2
374,671,349,0,3
374,674,350,2,3
374,682,350,2,3
374,686,373,1,2
374,696,350,2,3
374,699,373,1,2
374,705,350,2,3
374,707,350,2,3
374,709,350,2,3
374,714,373,1,2
374,717,350,2,3
374,718,349,0,3
374,720,350,2,3
375,625,376,1,1
375,628,399,3,2
375,641,376,1,1
375,642,399,3,2
375,643,350,0,2
375,645,399,3,2
375,648,399,3,2
375,653,350,0,2
375,659,400,2,0
375,666,376,1,1
375,669,376,1,1
375,671,350,0,2
375,677,376,1,1
375,686,376,1,1
375,699,399,3,2
375,700,376,1,1
375,714,399,3,2
375,715,376,1,1
376,626,377,2,1
376,635,377,2,1
376,642,377,2,1
376,643,351,0,3
376,645,377,2,1
376,648,375,1,1
376,650,377,2,1
376,653,377,2,1
376,659,401,3,0
376,671,351,0,3
376,678,377,2,1
376,695,377,2,1
376,699,375,1,1
376,719,377,2,1
377,643,352,0,3
377,648,376,1,2
377,699,376,1,2
378,628,379,2,1
378,642,379,2,1
378,643,353,0,3
378,645,379,2,1
378,648,379,2,1
378,653,353,0,3
378,659,403,3,0
378,668,353,0,3
378,671,353,0,3
378,681,353,0,3
378,690,353,0,3
378,699,379,2,1
379,628,380,2,1
379,639,354,0,3
379,642,380,2,1
379,643,354,0,3
379,645,380,2,1
379,648,380,2,1
379,653,354,0,3
379,659,404,3,0
379,669,380,2,1
379,671,354,0,3
379,686,380,2,1
379,699,380,2,1
379,718,354,0,3
380,628,381,2,1
380,629,355,0,3
380,634,355,0,3
380,637,637,16,0
380,642,381,2,1
380,643,355,0,3
380,645,381,2,1
380,648,381,2,1
380,649,381,2,1
380,653,355,0,3
380,654,405,3,0
380,658,405,3,0
380,659,405,3,0
380,661,355,0,3
380,663,405,3,0
380,669,381,2,1
380,671,355,0,3
380,686,381,2,1
380,687,355,0,3
380,699,381,2,1
380,707,381,2,1
380,714,381,2,1
380,718,355,0,3
381,627,382,2,1
381,628,382,2,1
381,636,382,2,1
381,637,380,1,2
381,642,382,2,1
381,643,356,0,3
381,644,382,2,1
381,645,382,2,1
381,648,382,2,1
381,649,382,2,1
381,653,356,0,3
381,658,406,3,0
381,659,406,3,0
381,661,356,0,3
381,663,406,3,0
381,669,382,2,1
381,671,356,0,3
381,679,382,2,1
381,686,382,2,1
381,699,382,2,1
381,703,356,0,3
381,707,382,2,1
381,710,406,3,0
381,714,382,2,1
381,718,356,0,3
381,722,382,2,1
382,627,383,2,1
382,628,383,2,1
382,636,383,2,1
382,637,381,1,2
382,642,383,2,1
382,643,357,0,3
382,644,383,2,1
382,645,383,2,1
382,648,383,2,1
382,649,383,2,1
382,653,357,0,3
382,658,407,3,0
382,659,407,3,0
382,661,357,0,3
382,663,407,3,0
382,669,383,2,1
382,671,357,0,3
382,679,383,2,1
382,686,383,2,1
382,699,383,2,1
382,701,357,0,3
382,703,357,0,3
382,707,383,2,1
382,710,407,3,0
382,714,383,2,1
382,718,357,0,3
382,722,383,2,1
383,628,358,0,3
383,637,382,1,2
383,642,408,3,0
383,643,358,0,3
383,644,358,0,3
383,645,408,3,0
383,648,408,3,0
383,653,358,0,3
383,655,408,3,0
383,658,408,3,0
383,659,408,3,0
383,661,358,0,3
383,663,408,3,0
383,671,358,0,3
383,686,358,0,3
383,699,358,0,3
383,701,358,0,3
383,703,358,0,3
383,707,384,2,1
383,710,408,3,0
383,714,358,0,3
384,627,409,3,0
384,628,359,0,3
384,636,359,0,3
384,642,409,3,0
384,643,383,1,2
384,644,359,0,3
384,645,409,3,0
384,646,409,3,0
384,648,409,3,0
384,649,359,0,3
384,653,383,1,2
384,655,409,3,0
384,658,383,1,2
384,659,383,1,2
384,661,383,1,2
384,663,383,1,2
384,669,359,0,3
384,671,383,1,2
384,679,409,3,0
384,686,359,0,3
384,699,359,0,3
384,701,383,1,2
384,703,383,1,2
384,707,385,2,1
384,710,383,1,2
384,712,383,1,2
384,714,359,0,3
384,718,383,1,2
384,721,359,0,3
384,722,359,0,3
385,627,410,3,0
385,628,360,0,3
385,636,360,0,3
385,642,410,3,0
385,643,384,1,2
385,644,360,0,3
385,645,410,3,0
385,648,410,3,0
385,649,360,0,3
385,653,384,1,2
385,658,384,1,2
385,659,384,1,2
385,661,384,1,2
385,663,384,1,2
385,669,360,0,3
385,671,384,1,2
385,679,410,3,0
385,686,360,0,3
385,699,360,0,3
385,703,384,1,2
385,707,386,2,1
385,710,384,1,2
385,714,360,0,3
385,718,384,1,2
385,722,360,0,3
386,628,361,0,3
386,632,387,2,1
386,642,411,3,0
386,643,385,1,2
386,645,411,3,0
386,648,411,3,0
386,649,361,0,3
386,653,385,1,2
386,658,385,1,2
386,659,385,1,2
386,661,385,1,2
386,663,385,1,2
386,665,387,2,1
386,669,361,0,3
386,671,385,1,2
386,686,361,0,3
386,699,361,0,3
386,707,707,86,0
386,710,385,1,2
386,714,361,0,3
386,718,385,1,2
387,628,362,0,3
387,642,412,3,0
387,643,386,1,2
387,645,412,3,0
387,647,388,2,1
387,648,412,3,0
387,653,386,1,2
387,659,386,1,2
387,663,386,1,2
387,669,362,0,3
387,671,386,1,2
387,680,388,2,1
387,686,362,0,3
387,699,362,0,3
387,714,388,2,1
387,717,386,1,2
387,718,386,1,2
388,628,363,0,3
388,642,413,3,0
388,643,387,1,2
388,645,413,3,0
388,648,413,3,0
388,653,387,1,2
388,659,387,1,2
388,671,387,1,2
388,688,389,2,1
388,699,363,0,3
389,630,390,2,1
389,643,388,1,2
389,648,390,2,1
389,653,388,1,2
389,659,390,2,1
389,671,390,2,1
389,676,390,2,1
389,699,390,2,1
390,643,391,2,1
390,648,415,3,0
390,659,391,2,1
390,671,391,2,1
390,691,415,3,0
390,699,365,0,3
391,628,366,0,3
391,642,416,3,0
391,643,392,2,1
391,645,416,3,0
391,648,416,3,0
391,653,392,2,1
391,659,392,2,1
391,671,392,2,1
391,693,416,3,0
391,699,366,0,3
392,628,367,0,3
392,642,417,3,0
392,643,393,2,1
392,645,417,3,0
392,648,417,3,0
392,653,393,2,1
392,659,393,2,1
392,667,417,3,0
392,669,367,0,3
392,671,393,2,1
392,673,417,3,0
392,686,367,0,3
392,699,367,0,3
392,704,367,0,3
392,713,417,3,0
392,714,367,0,3
392,718,393,2,1
392,724,367,0,3
393,628,368,0,3
393,633,368,0,3
393,640,418,3,0
393,642,418,3,0
393,643,394,2,1
393,645,418,3,0
393,648,418,3,0
393,649,368,0,3
393,653,394,2,1
393,658,394,2,1
393,659,394,2,1
393,661,394,2,1
393,663,394,2,1
393,669,368,0,3
393,671,394,2,1
393,686,368,0,3
393,689,418,3,0
393,698,368,0,3
393,699,368,0,3
393,707,392,1,2
393,714,368,0,3
393,718,394,2,1
394,627,419,3,0
394,628,369,0,3
394,636,369,0,3
394,642,419,3,0
394,643,395,2,1
394,644,369,0,3
394,645,419,3,0
394,648,419,3,0
394,649,369,0,3
394,653,395,2,1
394,658,395,2,1
394,659,395,2,1
394,661,395,2,1
394,663,395,2,1
394,669,369,0,3
394,671,395,2,1
394,679,419,3,0
394,685,369,0,3
394,686,369,0,3
394,699,369,0,3
394,703,395,2,1
394,707,393,1,2
394,710,395,2,1
394,714,369,0,3
394,718,395,2,1
394,722,369,0,3
395,627,420,3,0
395,628,370,0,3
395,636,370,0,3
395,642,420,3,0
395,643,396,2,1
395,644,370,0,3
395,645,420,3,0
395,646,420,3,0
395,648,420,3,0
395,649,370,0,3
395,653,396,2,1
395,655,420,3,0
395,658,396,2,1
395,659,396,2,1
395,661,396,2,1
395,663,396,2,1
395,669,370,0,3
395,671,396,2,1
395,679,420,3,0
395,686,370,0,3
395,699,370,0,3
395,701,396,2,1
395,703,396,2,1
395,707,394,1,2
395,710,396,2,1
395,714,370,0,3
395,718,396,2,1
395,721,370,0,3
395,722,370,0,3
396,628,371,0,3
396,637,397,2,1
396,642,421,3,0
396,643,371,0,3
396,644,371,0,3
396,645,421,3,0
396,646,421,3,0
396,648,421,3,0
396,653,371,0,3
396,655,421,3,0
396,658,421,3,0
396,659,421,3,0
396,661,371,0,3
396,663,421,3,0
396,671,371,0,3
396,686,371,0,3
396,699,371,0,3
396,701,371,0,3
396,703,371,0,3
396,707,395,1,2
396,710,421,3,0
396,712,397,2,1
396,714,371,0,3
396,721,371,0,3
397,627,396,1,2
397,628,396,1,2
397,636,396,1,2
397,637,398,2,1
397,638,398,2,1
397,642,396,1,2
397,643,372,0,3
397,644,396,1,2
397,645,396,1,2
397,648,396,1,2
397,649,396,1,2
397,653,372,0,3
397,658,422,3,0
397,659,422,3,0
397,661,372,0,3
397,663,422,3,0
397,669,396,1,2
397,671,372,0,3
397,679,396,1,2
397,686,396,1,2
397,692,398,2,1
397,694,398,2,1
397,699,396,1,2
397,703,372,0,3
397,707,396,1,2
397,710,422,3,0
397,714,396,1,2
397,718,372,0,3
397,722,396,1,2
398,627,399,2,1
398,628,397,1,2
398,636,399,2,1
398,637,399,2,1
398,642,397,1,2
398,643,373,0,3
398,645,397,1,2
398,648,397,1,2
398,649,397,1,2
398,652,399,2,1
398,653,373,0,3
398,657,399,2,1
398,658,423,3,0
398,659,423,3,0
398,661,373,0,3
398,663,423,3,0
398,669,397,1,2
398,671,373,0,3
398,679,399,2,1
398,686,397,1,2
398,697,399,2,1
398,699,397,1,2
398,702,399,2,1
398,707,397,1,2
398,708,399,2,1
398,710,399,2,1
398,714,397,1,2
398,718,373,0,3
398,722,399,2,1
399,628,398,1,2
399,637,375,2,3
399,642,398,1,2
399,643,374,0,3
399,645,398,1,2
399,648,398,1,2
399,649,375,2,3
399,651,375,2,3
399,653,374,0,3
399,659,424,3,0
399,660,375,2,3
399,663,375,2,3
399,669,398,1,2
399,671,374,0,3
399,674,375,2,3
399,682,375,2,3
399,683,375,2,3
399,686,398,1,2
399,696,375,2,3
399,699,398,1,2
399,705,375,2,3
399,707,375,2,3
399,709,375,2,3
399,714,398,1,2
399,717,375,2,3
399,718,374,0,3
399,720,375,2,3
400,625,401,1,1
400,628,424,3,2
400,641,401,1,1
400,642,424,3,2
400,643,375,0,2
400,645,424,3,2
400,648,424,3,2
400,653,375,0,2
400,659,401,1,1
400,666,401,1,1
400,669,401,1,1
400,671,375,0,2
400,677,401,1,1
400,686,401,1,1
400,699,424,3,2
400,700,401,1,1
400,714,424,3,2
400,715,401,1,1
400,723,401,1,1
401,626,402,2,1
401,628,402,2,1
401,635,402,2,1
401,642,402,2,1
401,643,376,0,3
401,645,402,2,1
401,648,400,1,1
401,650,402,2,1
401,653,402,2,1
401,659,659,38,0
401,671,376,0,3
401,695,402,2,1
401,699,400,1,1
401,719,402,2,1
402,643,377,0,3
402,648,401,1,2
402,699,401,1,2
403,628,404,2,1
403,642,404,2,1
403,643,378,0,3
403,645,404,2,1
403,648,404,2,1
403,653,378,0,3
403,659,402,1,2
403,668,378,0,3
403,671,378,0,3
403,681,378,0,3
403,690,428,3,0
403,699,404,2,1
404,628,405,2,1
404,639,379,0,3
404,642,405,2,1
404,643,379,0,3
404,645,405,2,1
404,648,405,2,1
404,653,379,0,3
404,659,403,1,2
404,669,405,2,1
404,671,379,0,3
404,686,405,2,1
404,699,405,2,1
404,718,379,0,3
405,628,406,2,1
405,629,380,0,3
405,634,380,0,3
405,637,380,0,3
405,642,406,2,1
405,643,380,0,3
405,645,406,2,1
405,648,406,2,1
405,649,406,2,1
405,653,380,0,3
405,654,430,3,0
405,658,430,3,0
405,659,404,1,2
405,661,380,0,3
405,663,430,3,0
405,669,406,2,1
405,671,380,0,3
405,686,406,2,1
405,687,380,0,3
405,699,406,2,1
405,707,406,2,1
405,714,406,2,1
405,718,380,0,3
406,627,407,2,1
406,628,407,2,1
406,636,407,2,1
406,637,381,0,3
406,642,407,2,1
406,643,381,0,3
406,644,407,2,1
406,645,407,2,1
406,648,407,2,1
406,649,407,2,1
406,653,381,0,3
406,658,431,3,0
406,659,405,1,2
406,661,381,0,3
406,663,431,3,0
406,669,407,2,1
406,671,381,0,3
406,679,407,2,1
406,686,407,2,1
406,699,407,2,1
406,703,381,0,3
406,707,407,2,1
406,710,431,3,0
406,714,407,2,1
406,718,381,0,3
406,722,407,2,1
407,627,408,2,1
407,628,408,2,1
407,636,408,2,1
407,637,382,0,3
407,642,408,2,1
407,643,382,0,3
407,644,408,2,1
407,645,408,2,1
407,648,408,2,1
407,649,408,2,1
407,653,382,0,3
407,658,432,3,0
407,659,406,1,2
407,661,382,0,3
407,663,432,3,0
407,669,408,2,1
407,671,382,0,3
407,679,408,2,1
407,686,408,2,1
407,699,408,2,1
407,701,382,0,3
407,703,382,0,3
407,707,408,2,1
407,710,432,3,0
407,714,408,2,1
407,718,382,0,3
407,722,408,2,1
408,637,383,0,3
408,643,383,0,3
408,645,433,3,0
408,648,409,2,1
408,653,383,0,3
408,658,433,3,0
408,659,407,1,2
408,661,383,0,3
408,663,433,3,0
408,669,433,3,0
408,671,383,0,3
408,686,383,0,3
408,699,433,3,0
408,701,383,0,3
408,703,383,0,3
408,707,383,0,3
408,710,433,3,0
408,714,383,0,3
408,718,383,0,3
408,721,433,3,0
409,627,434,3,0
409,628,384,0,3
409,636,384,0,3
409,642,434,3,0
409,643,408,1,2
409,644,384,0,3
409,645,434,3,0
409,646,434,3,0
409,648,410,2,1
409,649,384,0,3
409,653,408,1,2
409,655,434,3,0
409,658,408,1,2
409,659,408,1,2
409,661,408,1,2
409,663,408,1,2
409,669,434,3,0
409,671,408,1,2
409,679,434,3,0
409,686,384,0,3
409,699,434,3,0
409,701,408,1,2
409,703,408,1,2
409,707,384,0,3
409,710,408,1,2
409,712,408,1,2
409,714,384,0,3
409,718,408,1,2
409,721,434,3,0
409,722,384,0,3
410,627,435,3,0
410,628,385,0,3
410,636,385,0,3
410,642,435,3,0
410,643,409,1,2
410,644,385,0,3
410,645,435,3,0
410,648,411,2,1
410,649,385,0,3
410,653,409,1,2
410,658,409,1,2
410,659,409,1,2
410,661,409,1,2
410,663,409,1,2
410,669,435,3,0
410,671,409,1,2
410,679,435,3,0
410,686,385,0,3
410,699,435,3,0
410,703,409,1,2
410,707,385,0,3
410,710,409,1,2
410,714,385,0,3
410,718,409,1,2
410,722,385,0,3
411,628,386,0,3
411,632,412,2,1
411,642,436,3,0
411,643,410,1,2
411,645,436,3,0
411,648,412,2,1
411,649,386,0,3
411,653,410,1,2
411,658,410,1,2
411,659,410,1,2
411,661,410,1,2
411,663,410,1,2
411,665,412,2,1
411,669,436,3,0
411,671,410,1,2
411,686,386,0,3
411,699,436,3,0
411,707,386,0,3
411,710,410,1,2
411,714,386,0,3
411,718,410,1,2
412,628,387,0,3
412,642,437,3,0
412,643,411,1,2
412,645,437,3,0
412,647,413,2,1
412,648,413,2,1
412,653,411,1,2
412,659,411,1,2
412,663,411,1,2
412,669,437,3,0
412,671,411,1,2
412,680,413,2,1
412,686,387,0,3
412,699,437,3,0
412,714,413,2,1
412,717,411,1,2
412,718,411,1,2
413,628,388,0,3
413,642,438,3,0
413,643,412,1,2
413,645,438,3,0
413,648,414,2,1
413,653,412,1,2
413,656,414,2,1
413,659,412,1,2
413,671,412,1,2
413,699,438,3,0
414,630,415,2,1
414,643,413,1,2
414,648,415,2,1
414,653,413,1,2
414,659,415,2,1
414,671,415,2,1
414,676,415,2,1
414,699,415,2,1
415,643,416,2,1
415,648,648,27,0
415,659,416,2,1
415,671,416,2,1
415,691,440,3,0
415,699,440,3,0
416,628,391,0,3
416,642,441,3,0
416,643,417,2,1
416,645,441,3,0
416,648,415,1,2
416,653,417,2,1
416,659,417,2,1
416,671,417,2,1
416,684,391,0,3
416,693,441,3,0
416,699,441,3,0
417,628,392,0,3
417,631,392,0,3
417,642,442,3,0
417,643,418,2,1
417,645,442,3,0
417,648,416,1,2
417,653,418,2,1
417,659,418,2,1
417,667,442,3,0
417,669,442,3,0
417,671,418,2,1
417,673,442,3,0
417,686,392,0,3
417,699,442,3,0
417,704,392,0,3
417,713,442,3,0
417,714,392,0,3
417,718,418,2,1
417,724,392,0,3
418,628,393,0,3
418,633,393,0,3
418,640,443,3,0
418,642,443,3,0
418,643,419,2,1
418,645,443,3,0
418,648,417,1,2
418,649,393,0,3
418,653,419,2,1
418,658,419,2,1
418,659,419,2,1
418,661,419,2,1
418,663,419,2,1
418,669,443,3,0
418,671,419,2,1
418,686,393,0,3
418,689,443,3,0
418,698,393,0,3
418,699,443,3,0
418,707,393,0,3
418,714,393,0,3
418,718,419,2,1
419,627,444,3,0
419,628,394,0,3
419,636,394,0,3
419,642,444,3,0
419,643,420,2,1
419,644,394,0,3
419,645,444,3,0
419,648,418,1,2
419,649,394,0,3
419,653,420,2,1
419,658,420,2,1
419,659,420,2,1
419,661,420,2,1
419,663,420,2,1
419,669,444,3,0
419,671,420,2,1
419,679,444,3,0
419,685,394,0,3
419,686,394,0,3
419,699,444,3,0
419,703,420,2,1
419,707,394,0,3
419,710,420,2,1
419,714,394,0,3
419,718,420,2,1
419,722,394,0,3
420,627,445,3,0
420,628,395,0,3
420,636,395,0,3
420,642,445,3,0
420,643,421,2,1
420,644,395,0,3
420,645,445,3,0
420,646,445,3,0
420,648,419,1,2
420,649,395,0,3
420,653,421,2,1
420,655,445,3,0
420,658,421,2,1
420,659,421,2,1
420,661,421,2,1
420,663,421,2,1
420,669,445,3,0
420,671,421,2,1
420,679,445,3,0
420,686,395,0,3
420,699,445,3,0
420,701,421,2,1
420,703,421,2,1
420,707,395,0,3
420,710,421,2,1
420,714,395,0,3
420,718,421,2,1
420,721,445,3,0
420,722,395,0,3
421,637,396,0,3
421,643,396,0,3
421,645,446,3,0
421,646,446,3,0
421,648,420,1,2
421,653,396,0,3
421,655,446,3,0
421,658,446,3,0
421,659,422,2,1
421,661,396,0,3
421,663,446,3,0
421,669,446,3,0
421,671,396,0,3
421,686,396,0,3
421,699,446,3,0
421,701,396,0,3
421,703,396,0,3
421,707,396,0,3
421,710,446,3,0
421,712,422,2,1
421,714,396,0,3
421,718,396,0,3
421,721,446,3,0
422,627,421,1,2
422,628,421,1,2
422,636,421,1,2
422,637,397,0,3
422,638,423,2,1
422,642,421,1,2
422,643,397,0,3
422,644,421,1,2
422,645,421,1,2
422,648,421,1,2
422,649,421,1,2
422,653,397,0,3
422,658,447,3,0
422,659,423,2,1
422,661,397,0,3
422,663,447,3,0
422,669,421,1,2
422,671,397,0,3
422,679,421,1,2
422,686,421,1,2
422,692,423,2,1
422,694,423,2,1
422,699,421,1,2
422,703,397,0,3
422,707,421,1,2
422,710,447,3,0
422,714,421,1,2
422,718,397,0,3
422,722,421,1,2
423,627,424,2,1
423,628,422,1,2
423,636,424,2,1
423,637,398,0,3
423,642,422,1,2
423,643,398,0,3
423,644,424,2,1
423,645,422,1,2
423,648,422,1,2
423,649,422,1,2
423,652,424,2,1
423,653,398,0,3
423,657,424,2,1
423,658,448,3,0
423,659,424,2,1
423,661,398,0,3
423,663,448,3,0
423,669,422,1,2
423,671,398,0,3
423,679,424,2,1
423,686,422,1,2
423,697,424,2,1
423,699,422,1,2
423,702,424,2,1
423,707,422,1,2
423,708,424,2,1
423,710,424,2,1
423,714,422,1,2
423,718,398,0,3
423,722,424,2,1
424,628,423,1,2
424,642,423,1,2
424,643,399,0,3
424,645,423,1,2
424,648,423,1,2
424,649,400,2,3
424,651,400,2,3
424,653,399,0,3
424,659,400,2,3
424,660,400,2,3
424,663,400,2,3
424,669,423,1,2
424,671,399,0,3
424,674,400,2,3
424,682,400,2,3
424,683,400,2,3
424,686,423,1,2
424,696,400,2,3
424,699,423,1,2
424,705,400,2,3
424,707,400,2,3
424,709,400,2,3
424,714,423,1,2
424,717,400,2,3
424,718,399,0,3
424,720,400,2,3
425,625,426,1,1
425,628,449,3,2
425,641,426,1,1
425,642,449,3,2
425,643,400,0,2
425,645,449,3,2
425,648,449,3,2
425,653,400,0,2
425,659,400,0,2
425,666,426,1,1
425,669,426,1,1
425,671,400,0,2
425,677,426,1,1
425,686,426,1,1
425,699,449,3,2
425,700,426,1,1
425,714,449,3,2
425,715,426,1,1
425,723,426,1,1
426,626,427,2,1
426,628,427,2,1
426,635,427,2,1
426,642,427,2,1
426,643,401,0,3
426,645,427,2,1
426,648,425,1,1
426,650,427,2,1
426,653,427,2,1
426,659,401,0,3
426,671,401,0,3
426,678,427,2,1
426,695,427,2,1
426,699,425,1,1
426,719,427,2,1
427,643,402,0,3
427,648,426,1,2
427,699,426,1,2
428,628,429,2,1
428,642,429,2,1
428,643,403,0,3
428,645,429,2,1
428,648,429,2,1
428,653,403,0,3
428,659,403,0,3
428,668,403,0,3
428,671,403,0,3
428,681,403,0,3
428,690,453,3,0
428,699,429,2,1
429,628,430,2,1
429,639,404,0,3
429,642,430,2,1
429,643,404,0,3
429,645,430,2,1
429,648,430,2,1
429,653,404,0,3
429,659,404,0,3
429,669,430,2,1
429,671,404,0,3
429,686,430,2,1
429,699,430,2,1
429,718,404,0,3
430,628,431,2,1
430,629,405,0,3
430,634,405,0,3
430,642,431,2,1
430,643,405,0,3
430,645,431,2,1
430,648,431,2,1
430,649,431,2,1
430,653,405,0,3
430,654,455,3,0
430,658,455,3,0
430,659,405,0,3
430,661,405,0,3
430,663,455,3,0
430,669,431,2,1
430,671,405,0,3
430,686,431,2,1
430,687,405,0,3
430,699,431,2,1
430,707,431,2,1
430,714,431,2,1
430,718,405,0,3
431,627,432,2,1
431,628,432,2,1
431,636,432,2,1
431,642,432,2,1
431,643,406,0,3
431,644,432,2,1
431,645,432,2,1
431,648,432,2,1
431,649,432,2,1
431,653,406,0,3
431,658,456,3,0
431,659,406,0,3
431,661,406,0,3
431,663,456,3,0
431,669,432,2,1
431,671,406,0,3
431,679,432,2,1
431,686,432,2,1
431,699,432,2,1
431,703,406,0,3
431,707,432,2,1
431,710,456,3,0
431,714,432,2,1
431,718,406,0,3
431,722,432,2,1
432,627,433,2,1
432,628,433,2,1
432,636,433,2,1
432,642,433,2,1
432,643,407,0,3
432,644,433,2,1
432,645,433,2,1
432,648,433,2,1
432,649,433,2,1
432,653,407,0,3
432,658,457,3,0
432,659,407,0,3
432,661,407,0,3
432,663,457,3,0
432,669,433,2,1
432,671,407,0,3
432,679,433,2,1
432,686,433,2,1
432,699,433,2,1
432,701,457,3,0
432,703,407,0,3
432,707,433,2,1
432,710,457,3,0
432,714,433,2,1
432,718,407,0,3
432,722,433,2,1
433,628,458,3,0
433,642,434,2,1
433,643,408,0,3
433,645,458,3,0
433,648,408,0,3
433,653,408,0,3
433,658,458,3,0
433,659,408,0,3
433,661,408,0,3
433,663,458,3,0
433,669,458,3,0
433,671,408,0,3
433,686,408,0,3
433,699,458,3,0
433,703,408,0,3
433,707,408,0,3
433,710,458,3,0
433,712,408,0,3
433,718,408,0,3
433,721,458,3,0
433,722,458,3,0
434,627,459,3,0
434,628,459,3,0
434,636,409,0,3
434,642,435,2,1
434,643,433,1,2
434,644,409,0,3
434,645,459,3,0
434,646,459,3,0
434,648,409,0,3
434,649,409,0,3
434,653,433,1,2
434,655,459,3,0
434,658,433,1,2
434,659,433,1,2
434,661,433,1,2
434,663,433,1,2
434,669,459,3,0
434,671,433,1,2
434,679,459,3,0
434,686,409,0,3
434,699,459,3,0
434,701,433,1,2
434,703,433,1,2
434,707,409,0,3
434,710,433,1,2
434,712,433,1,2
434,714,459,3,0
434,718,433,1,2
434,721,459,3,0
434,722,459,3,0
435,627,460,3,0
435,628,460,3,0
435,636,410,0,3
435,642,436,2,1
435,643,434,1,2
435,644,410,0,3
435,645,460,3,0
435,648,410,0,3
435,649,410,0,3
435,653,434,1,2
435,658,434,1,2
435,659,434,1,2
435,661,434,1,2
435,663,434,1,2
435,669,460,3,0
435,671,434,1,2
435,679,460,3,0
435,686,410,0,3
435,699,460,3,0
435,703,434,1,2
435,707,410,0,3
435,710,434,1,2
435,714,460,3,0
435,718,434,1,2
435,722,460,3,0
436,628,461,3,0
436,632,437,2,1
436,642,437,2,1
436,643,435,1,2
436,645,461,3,0
436,648,411,0,3
436,649,411,0,3
436,653,435,1,2
436,658,435,1,2
436,659,435,1,2
436,661,435,1,2
436,663,435,1,2
436,665,437,2,1
436,669,461,3,0
436,671,435,1,2
436,686,411,0,3
436,699,461,3,0
436,707,411,0,3
436,710,435,1,2
436,714,461,3,0
436,718,435,1,2
437,628,462,3,0
437,642,438,2,1
437,643,436,1,2
437,645,462,3,0
437,647,438,2,1
437,648,412,0,3
437,653,436,1,2
437,659,436,1,2
437,663,436,1,2
437,669,462,3,0
437,671,436,1,2
437,680,438,2,1
437,686,412,0,3
437,699,462,3,0
437,714,438,2,1
437,717,436,1,2
437,718,436,1,2
438,628,463,3,0
438,642,642,21,0
438,643,437,1,2
438,645,463,3,0
438,648,413,0,3
438,653,437,1,2
438,656,439,2,1
438,659,437,1,2
438,671,437,1,2
438,688,439,2,1
438,699,463,3,0
439,630,440,2,1
439,643,438,1,2
439,648,440,2,1
439,653,438,1,2
439,659,440,2,1
439,671,440,2,1
439,676,440,2,1
439,699,440,2,1
440,643,441,2,1
440,648,415,0,3
440,659,441,2,1
440,671,441,2,1
440,691,465,3,0
440,699,465,3,0
441,628,466,3,0
441,642,440,1,2
441,643,442,2,1
441,645,466,3,0
441,648,416,0,3
441,653,442,2,1
441,659,442,2,1
441,671,442,2,1
441,684,416,0,3
441,693,466,3,0
441,699,466,3,0
442,628,467,3,0
442,631,417,0,3
442,642,441,1,2
442,643,443,2,1
442,645,467,3,0
442,648,417,0,3
442,653,443,2,1
442,659,443,2,1
442,667,467,3,0
442,669,467,3,0
442,671,443,2,1
442,673,467,3,0
442,686,417,0,3
442,699,467,3,0
442,704,417,0,3
442,713,467,3,0
442,714,467,3,0
442,718,443,2,1
442,724,417,0,3
443,628,468,3,0
443,633,418,0,3
443,640,468,3,0
443,642,442,1,2
443,643,444,2,1
443,645,468,3,0
443,648,418,0,3
443,649,418,0,3
443,653,444,2,1
443,658,444,2,1
443,659,444,2,1
443,661,444,2,1
443,663,444,2,1
443,669,468,3,0
443,671,444,2,1
443,686,418,0,3
443,689,468,3,0
443,698,418,0,3
443,699,468,3,0
443,707,418,0,3
443,714,468,3,0
443,718,444,2,1
444,627,469,3,0
444,628,469,3,0
444,636,419,0,3
444,642,443,1,2
444,643,445,2,1
444,644,419,0,3
444,645,469,3,0
444,648,419,0,3
444,649,419,0,3
444,653,445,2,1
444,658,445,2,1
444,659,445,2,1
444,661,445,2,1
444,663,445,2,1
444,669,469,3,0
444,671,445,2,1
444,679,469,3,0
444,685,419,0,3
444,686,419,0,3
444,699,469,3,0
444,703,445,2,1
444,707,419,0,3
444,710,445,2,1
444,714,469,3,0
444,718,445,2,1
444,722,469,3,0
445,627,470,3,0
445,628,470,3,0
445,636,420,0,3
445,642,444,1,2
445,643,446,2,1
445,644,420,0,3
445,645,470,3,0
445,646,470,3,0
445,648,420,0,3
445,649,420,0,3
445,653,446,2,1
445,655,470,3,0
445,658,446,2,1
445,659,446,2,1
445,661,446,2,1
445,663,446,2,1
445,669,470,3,0
445,671,446,2,1
445,679,470,3,0
445,686,420,0,3
445,699,470,3,0
445,701,446,2,1
445,703,446,2,1
445,707,420,0,3
445,710,446,2,1
445,714,470,3,0
445,718,446,2,1
445,721,470,3,0
445,722,470,3,0
446,628,471,3,0
446,642,445,1,2
446,643,421,0,3
446,645,471,3,0
446,646,471,3,0
446,648,421,0,3
446,653,421,0,3
446,655,471,3,0
446,658,471,3,0
446,659,421,0,3
446,661,421,0,3
446,663,471,3,0
446,669,471,3,0
446,671,421,0,3
446,686,421,0,3
446,699,471,3,0
446,703,421,0,3
446,707,421,0,3
446,710,471,3,0
446,712,447,2,1
446,718,421,0,3
446,721,471,3,0
446,722,471,3,0
447,627,446,1,2
447,628,446,1,2
447,636,446,1,2
447,638,448,2,1
447,642,446,1,2
447,643,422,0,3
447,644,446,1,2
447,645,446,1,2
447,648,446,1,2
447,649,446,1,2
447,653,422,0,3
447,658,472,3,0
447,659,422,0,3
447,661,422,0,3
447,663,472,3,0
447,669,446,1,2
447,671,422,0,3
447,679,446,1,2
447,686,446,1,2
447,692,448,2,1
447,694,448,2,1
447,699,446,1,2
447,703,422,0,3
447,707,446,1,2
447,710,472,3,0
447,714,446,1,2
447,718,422,0,3
447,722,446,1,2
448,627,449,2,1
448,628,447,1,2
448,636,449,2,1
448,642,447,1,2
448,643,423,0,3
448,644,449,2,1
448,645,447,1,2
448,648,447,1,2
448,649,447,1,2
448,652,449,2,1
448,653,423,0,3
448,657,449,2,1
448,658,473,3,0
448,659,423,0,3
448,661,423,0,3
448,663,473,3,0
448,669,447,1,2
448,671,423,0,3
448,679,449,2,1
448,686,447,1,2
448,697,449,2,1
448,699,447,1,2
448,702,449,2,1
448,707,447,1,2
448,708,449,2,1
448,710,449,2,1
448,714,447,1,2
448,718,423,0,3
448,722,449,2,1
449,628,448,1,2
449,637,425,2,3
449,642,448,1,2
449,643,424,0,3
449,645,448,1,2
449,648,448,1,2
449,649,425,2,3
449,651,425,2,3
449,653,424,0,3
449,659,424,0,3
449,660,425,2,3
449,663,425,2,3
449,669,448,1,2
449,671,424,0,3
449,674,425,2,3
449,682,425,2,3
449,683,425,2,3
449,686,448,1,2
449,696,425,2,3
449,699,448,1,2
449,705,425,2,3
449,707,425,2,3
449,709,425,2,3
449,714,448,1,2
449,717,425,2,3
449,718,424,0,3
449,720,425,2,3
450,625,451,1,1
450,628,474,3,2
450,641,451,1,1
450,642,474,3,2
450,643,425,0,2
450,645,474,3,2
450,648,474,3,2
450,653,425,0,2
450,659,425,0,2
450,666,451,1,1
450,669,451,1,1
450,671,425,0,2
450,677,451,1,1
450,686,451,1,1
450,699,474,3,2
450,700,451,1,1
450,714,474,3,2
450,715,451,1,1
450,723,451,1,1
451,626,452,2,1
451,628,452,2,1
451,635,452,2,1
451,642,452,2,1
451,643,426,0,3
451,645,452,2,1
451,648,450,1,1
451,650,452,2,1
451,653,452,2,1
451,659,426,0,3
451,671,426,0,3
451,678,452,2,1
451,695,452,2,1
451,699,450,1,1
451,719,452,2,1
452,643,427,0,3
452,648,451,1,2
452,699,451,1,2
453,628,454,2,1
453,642,454,2,1
453,643,428,0,3
453,645,454,2,1
453,648,454,2,1
453,653,428,0,3
453,659,428,0,3
453,668,428,0,3
453,671,428,0,3
453,681,428,0,3
453,690,478,3,0
453,699,454,2,1
454,628,455,2,1
454,639,429,0,3
454,642,455,2,1
454,643,429,0,3
454,645,455,2,1
454,648,455,2,1
454,653,429,0,3
454,659,429,0,3
454,669,455,2,1
454,671,429,0,3
454,686,455,2,1
454,699,455,2,1
454,718,429,0,3
455,628,456,2,1
455,629,480,3,0
455,634,430,0,3
455,642,456,2,1
455,643,430,0,3
455,645,456,2,1
455,648,456,2,1
455,649,456,2,1
455,653,430,0,3
455,658,480,3,0
455,659,430,0,3
455,661,430,0,3
455,663,480,3,0
455,669,456,2,1
455,671,430,0,3
455,686,456,2,1
455,687,430,0,3
455,699,456,2,1
455,707,456,2,1
455,714,456,2,1
455,718,430,0,3
456,627,457,2,1
456,628,457,2,1
456,636,457,2,1
456,642,457,2,1
456,643,431,0,3
456,644,457,2,1
456,645,457,2,1
456,648,457,2,1
456,649,457,2,1
456,653,431,0,3
456,658,481,3,0
456,659,431,0,3
456,661,431,0,3
456,663,481,3,0
456,669,457,2,1
456,671,431,0,3
456,679,457,2,1
456,686,457,2,1
456,699,457,2,1
456,703,481,3,0
456,707,457,2,1
456,710,481,3,0
456,714,457,2,1
456,718,431,0,3
456,722,457,2,1
457,627,458,2,1
457,628,458,2,1
457,636,458,2,1
457,642,458,2,1
457,643,432,0,3
457,644,458,2,1
457,645,458,2,1
457,648,458,2,1
457,649,458,2,1
457,653,432,0,3
457,658,482,3,0
457,659,432,0,3
457,661,432,0,3
457,663,482,3,0
457,669,458,2,1
457,671,432,0,3
457,679,458,2,1
457,686,458,2,1
457,699,458,2,1
457,701,482,3,0
457,703,482,3,0
457,707,458,2,1
457,710,482,3,0
457,714,458,2,1
457,718,432,0,3
457,722,458,2,1
458,627,459,2,1
458,628,483,3,0
458,636,483,3,0
458,642,433,0,3
458,643,433,0,3
458,645,483,3,0
458,648,433,0,3
458,653,433,0,3
458,658,483,3,0
458,659,433,0,3
458,661,433,0,3
458,663,483,3,0
458,669,483,3,0
458,671,433,0,3
458,686,433,0,3
458,699,483,3,0
458,707,433,0,3
458,710,483,3,0
458,718,433,0,3
458,722,483,3,0
459,627,460,2,1
459,628,484,3,0
459,636,484,3,0
459,642,434,0,3
459,643,458,1,2
459,644,434,0,3
459,645,484,3,0
459,646,484,3,0
459,648,434,0,3
459,649,434,0,3
459,653,458,1,2
459,655,484,3,0
459,658,458,1,2
459,659,458,1,2
459,661,458,1,2
459,663,458,1,2
459,669,484,3,0
459,671,458,1,2
459,679,484,3,0
459,686,434,0,3
459,699,484,3,0
459,701,458,1,2
459,703,458,1,2
459,707,434,0,3
459,710,458,1,2
459,712,458,1,2
459,714,484,3,0
459,718,458,1,2
459,721,484,3,0
459,722,484,3,0
460,627,627,6,0
460,628,485,3,0
460,636,485,3,0
460,642,435,0,3
460,643,459,1,2
460,644,435,0,3
460,645,485,3,0
460,648,435,0,3
460,649,435,0,3
460,653,459,1,2
460,658,459,1,2
460,659,459,1,2
460,661,459,1,2
460,663,459,1,2
460,669,485,3,0
460,671,459,1,2
460,679,485,3,0
460,686,435,0,3
460,699,485,3,0
460,703,459,1,2
460,707,435,0,3
460,710,459,1,2
460,714,485,3,0
460,718,459,1,2
460,722,485,3,0
461,628,486,3,0
461,632,462,2,1
461,642,436,0,3
461,643,460,1,2
461,645,486,3,0
461,648,436,0,3
461,649,436,0,3
461,653,460,1,2
461,658,460,1,2
461,659,460,1,2
461,661,460,1,2
461,663,460,1,2
461,665,462,2,1
461,669,486,3,0
461,671,460,1,2
461,686,436,0,3
461,699,486,3,0
461,707,436,0,3
461,710,460,1,2
461,714,486,3,0
461,718,460,1,2
462,628,487,3,0
462,642,437,0,3
462,643,461,1,2
462,645,487,3,0
462,647,463,2,1
462,648,437,0,3
462,653,461,1,2
462,659,461,1,2
462,663,461,1,2
462,669,487,3,0
462,671,461,1,2
462,680,463,2,1
462,686,437,0,3
462,699,487,3,0
462,714,463,2,1
462,717,461,1,2
462,718,461,1,2
463,628,488,3,0
463,642,438,0,3
463,643,462,1,2
463,645,488,3,0
463,648,438,0,3
463,653,462,1,2
463,656,464,2,1
463,659,462,1,2
463,671,462,1,2
463,688,464,2,1
463,699,488,3,0
464,630,465,2,1
464,643,463,1,2
464,648,465,2,1
464,653,463,1,2
464,659,465,2,1
464,671,465,2,1
464,676,465,2,1
464,699,465,2,1
465,643,466,2,1
465,648,440,0,3
465,659,466,2,1
465,671,466,2,1
465,691,490,3,0
465,699,490,3,0
466,628,491,3,0
466,642,441,0,3
466,643,467,2,1
466,645,491,3,0
466,648,441,0,3
466,653,467,2,1
466,659,467,2,1
466,671,467,2,1
466,684,441,0,3
466,693,491,3,0
466,699,491,3,0
467,628,492,3,0
467,631,442,0,3
467,642,442,0,3
467,643,468,2,1
467,645,492,3,0
467,648,442,0,3
467,653,468,2,1
467,659,468,2,1
467,667,492,3,0
467,669,492,3,0
467,671,468,2,1
467,673,492,3,0
467,686,442,0,3
467,699,492,3,0
467,704,492,3,0
467,713,492,3,0
467,714,492,3,0
467,718,468,2,1
467,724,492,3,0
468,628,493,3,0
468,633,443,0,3
468,640,493,3,0
468,642,443,0,3
468,643,469,2,1
468,645,493,3,0
468,648,443,0,3
468,649,443,0,3
468,653,469,2,1
468,658,469,2,1
468,659,469,2,1
468,661,469,2,1
468,663,469,2,1
468,669,493,3,0
468,671,469,2,1
468,686,443,0,3
468,689,493,3,0
468,698,443,0,3
468,699,493,3,0
468,707,443,0,3
468,714,493,3,0
468,718,469,2,1
469,627,468,1,2
469,628,494,3,0
469,636,494,3,0
469,642,444,0,3
469,643,470,2,1
469,644,444,0,3
469,645,494,3,0
469,648,444,0,3
469,649,444,0,3
469,653,470,2,1
469,658,470,2,1
469,659,470,2,1
469,661,470,2,1
469,663,470,2,1
469,669,494,3,0
469,671,470,2,1
469,679,494,3,0
469,685,444,0,3
469,686,444,0,3
469,699,494,3,0
469,703,470,2,1
469,707,444,0,3
469,710,470,2,1
469,714,494,3,0
469,718,470,2,1
469,722,494,3,0
470,627,469,1,2
470,628,495,3,0
470,636,495,3,0
470,642,445,0,3
470,643,471,2,1
470,644,445,0,3
470,645,495,3,0
470,646,495,3,0
470,648,445,0,3
470,649,445,0,3
470,653,471,2,1
470,655,495,3,0
470,658,471,2,1
470,659,471,2,1
470,661,471,2,1
470,663,471,2,1
470,669,495,3,0
470,671,471,2,1
470,679,495,3,0
470,686,445,0,3
470,699,495,3,0
470,701,471,2,1
470,703,471,2,1
470,707,445,0,3
470,710,471,2,1
470,714,495,3,0
470,718,471,2,1
470,721,495,3,0
470,722,495,3,0
471,627,470,1,2
471,628,496,3,0
471,636,496,3,0
471,642,446,0,3
471,643,446,0,3
471,645,496,3,0
471,646,496,3,0
471,648,446,0,3
471,653,446,0,3
471,655,496,3,0
471,658,496,3,0
471,659,446,0,3
471,661,446,0,3
471,663,496,3,0
471,669,496,3,0
471,671,446,0,3
471,686,446,0,3
471,699,496,3,0
471,707,446,0,3
471,710,496,3,0
471,712,472,2,1
471,718,446,0,3
471,721,496,3,0
471,722,496,3,0
472,627,471,1,2
472,628,471,1,2
472,636,471,1,2
472,638,473,2,1
472,642,471,1,2
472,643,447,0,3
472,644,471,1,2
472,645,471,1,2
472,648,471,1,2
472,649,471,1,2
472,653,447,0,3
472,658,497,3,0
472,659,447,0,3
472,661,447,0,3
472,663,497,3,0
472,669,471,1,2
472,671,447,0,3
472,679,471,1,2
472,686,471,1,2
472,692,473,2,1
472,694,473,2,1
472,699,471,1,2
472,703,497,3,0
472,707,471,1,2
472,710,497,3,0
472,714,471,1,2
472,718,447,0,3
472,722,471,1,2
473,627,474,2,1
473,628,472,1,2
473,636,474,2,1
473,642,472,1,2
473,643,448,0,3
473,644,474,2,1
473,645,472,1,2
473,648,472,1,2
473,649,472,1,2
473,652,474,2,1
473,653,448,0,3
473,657,474,2,1
473,658,498,3,0
473,659,448,0,3
473,661,448,0,3
473,663,498,3,0
473,669,472,1,2
473,671,448,0,3
473,679,474,2,1
473,686,472,1,2
473,697,474,2,1
473,699,472,1,2
473,702,474,2,1
473,707,472,1,2
473,708,474,2,1
473,710,474,2,1
473,714,472,1,2
473,718,448,0,3
473,722,474,2,1
474,628,473,1,2
474,637,450,2,3
474,642,473,1,2
474,643,449,0,3
474,645,473,1,2
474,648,473,1,2
474,649,450,2,3
474,651,450,2,3
474,653,449,0,3
474,659,449,0,3
474,660,450,2,3
474,663,450,2,3
474,669,473,1,2
474,671,449,0,3
474,674,450,2,3
474,682,450,2,3
474,683,450,2,3
474,686,473,1,2
474,696,450,2,3
474,699,473,1,2
474,705,450,2,3
474,707,450,2,3
474,709,450,2,3
474,714,473,1,2
474,717,450,2,3
474,718,449,0,3
474,720,450,2,3
475,625,476,1,1
475,628,499,3,2
475,641,476,1,1
475,642,499,3,2
475,643,450,0,2
475,645,499,3,2
475,648,499,3,2
475,653,500,2,0
475,659,450,0,2
475,666,476,1,1
475,669,476,1,1
475,671,450,0,2
475,677,476,1,1
475,686,476,1,1
475,699,499,3,2
475,700,476,1,1
475,714,499,3,2
475,715,476,1,1
475,723,476,1,1
476,626,477,2,1
476,628,477,2,1
476,635,477,2,1
476,642,477,2,1
476,643,451,0,3
476,645,477,2,1
476,648,475,1,1
476,650,477,2,1
476,653,477,2,1
476,659,451,0,3
476,671,451,0,3
476,678,477,2,1
476,695,477,2,1
476,699,475,1,1
476,719,477,2,1
477,643,452,0,3
477,648,476,1,2
477,699,476,1,2
478,628,479,2,1
478,642,479,2,1
478,643,453,0,3
478,645,479,2,1
478,648,479,2,1
478,653,503,3,0
478,659,453,0,3
478,668,503,3,0
478,671,453,0,3
478,681,453,0,3
478,690,503,3,0
478,699,479,2,1
479,628,480,2,1
479,639,504,3,0
479,642,480,2,1
479,643,454,0,3
479,645,480,2,1
479,648,480,2,1
479,653,504,3,0
479,659,454,0,3
479,669,480,2,1
479,671,454,0,3
479,686,480,2,1
479,699,480,2,1
479,718,454,0,3
480,628,481,2,1
480,629,505,3,0
480,634,455,0,3
480,642,481,2,1
480,643,455,0,3
480,645,481,2,1
480,648,481,2,1
480,649,481,2,1
480,653,505,3,0
480,654,455,0,3
480,658,505,3,0
480,659,455,0,3
480,661,455,0,3
480,663,505,3,0
480,669,481,2,1
480,671,455,0,3
480,686,481,2,1
480,687,505,3,0
480,699,481,2,1
480,707,481,2,1
480,714,481,2,1
480,718,455,0,3
481,627,482,2,1
481,628,482,2,1
481,636,482,2,1
481,642,482,2,1
481,643,456,0,3
481,644,482,2,1
481,645,482,2,1
481,648,482,2,1
481,649,482,2,1
481,653,506,3,0
481,658,506,3,0
481,659,456,0,3
481,661,456,0,3
481,663,506,3,0
481,669,482,2,1
481,671,456,0,3
481,679,482,2,1
481,686,482,2,1
481,699,482,2,1
481,703,506,3,0
481,707,482,2,1
481,710,506,3,0
481,714,482,2,1
481,718,456,0,3
481,722,482,2,1
482,627,483,2,1
482,628,483,2,1
482,636,483,2,1
482,642,483,2,1
482,643,457,0,3
482,644,483,2,1
482,645,483,2,1
482,648,483,2,1
482,649,483,2,1
482,653,507,3,0
482,658,507,3,0
482,659,457,0,3
482,661,457,0,3
482,663,507,3,0
482,669,483,2,1
482,671,457,0,3
482,679,483,2,1
482,686,483,2,1
482,699,483,2,1
482,701,507,3,0
482,703,507,3,0
482,707,483,2,1
482,710,507,3,0
482,714,483,2,1
482,718,457,0,3
482,722,483,2,1
483,627,458,0,3
483,628,508,3,0
483,636,508,3,0
483,642,458,0,3
483,643,458,0,3
483,645,508,3,0
483,648,458,0,3
483,649,508,3,0
483,658,508,3,0
483,659,458,0,3
483,661,458,0,3
483,663,508,3,0
483,669,508,3,0
483,671,458,0,3
483,679,484,2,1
483,686,458,0,3
483,699,508,3,0
483,707,458,0,3
483,710,508,3,0
483,718,458,0,3
483,722,508,3,0
484,627,459,0,3
484,628,509,3,0
484,636,509,3,0
484,642,459,0,3
484,643,483,1,2
484,644,459,0,3
484,645,509,3,0
484,646,509,3,0
484,648,459,0,3
484,649,509,3,0
484,653,483,1,2
484,655,509,3,0
484,658,483,1,2
484,659,483,1,2
484,661,483,1,2
484,663,483,1,2
484,669,509,3,0
484,671,483,1,2
484,679,485,2,1
484,686,459,0,3
484,699,509,3,0
484,701,483,1,2
484,703,483,1,2
484,707,459,0,3
484,710,483,1,2
484,712,483,1,2
484,714,509,3,0
484,718,483,1,2
484,721,509,3,0
484,722,509,3,0
485,627,460,0,3
485,628,510,3,0
485,636,510,3,0
485,642,460,0,3
485,643,484,1,2
485,644,460,0,3
485,645,510,3,0
485,648,460,0,3
485,649,510,3,0
485,653,484,1,2
485,658,484,1,2
485,659,484,1,2
485,661,484,1,2
485,663,484,1,2
485,669,510,3,0
485,671,484,1,2
485,679,679,58,0
485,686,460,0,3
485,699,510,3,0
485,703,484,1,2
485,707,460,0,3
485,710,484,1,2
485,714,510,3,0
485,718,484,1,2
485,722,510,3,0
486,628,511,3,0
486,632,487,2,1
486,642,461,0,3
486,643,485,1,2
486,645,511,3,0
486,648,461,0,3
486,649,511,3,0
486,653,485,1,2
486,658,485,1,2
486,659,485,1,2
486,661,485,1,2
486,663,485,1,2
486,665,487,2,1
486,669,511,3,0
486,671,485,1,2
486,686,461,0,3
486,699,511,3,0
486,707,461,0,3
486,710,485,1,2
486,714,511,3,0
486,718,485,1,2
487,628,512,3,0
487,642,462,0,3
487,643,486,1,2
487,645,512,3,0
487,647,488,2,1
487,648,462,0,3
487,653,486,1,2
487,659,486,1,2
487,663,486,1,2
487,669,512,3,0
487,671,486,1,2
487,680,488,2,1
487,686,462,0,3
487,699,512,3,0
487,714,488,2,1
487,717,486,1,2
487,718,486,1,2
488,628,513,3,0
488,642,463,0,3
488,643,487,1,2
488,645,513,3,0
488,648,463,0,3
488,653,487,1,2
488,656,489,2,1
488,659,487,1,2
488,671,487,1,2
488,688,489,2,1
488,699,513,3,0
489,630,490,2,1
489,643,488,1,2
489,648,490,2,1
489,653,488,1,2
489,659,490,2,1
489,671,490,2,1
489,676,490,2,1
489,699,490,2,1
490,643,491,2,1
490,648,465,0,3
490,659,491,2,1
490,671,491,2,1
490,691,515,3,0
490,699,515,3,0
491,628,516,3,0
491,642,466,0,3
491,643,492,2,1
491,645,516,3,0
491,648,466,0,3
491,653,492,2,1
491,659,492,2,1
491,671,492,2,1
491,684,466,0,3
491,693,516,3,0
491,699,516,3,0
492,628,517,3,0
492,631,467,0,3
492,642,467,0,3
492,643,493,2,1
492,645,517,3,0
492,648,467,0,3
492,653,493,2,1
492,659,493,2,1
492,667,517,3,0
492,669,517,3,0
492,671,493,2,1
492,673,517,3,0
492,686,467,0,3
492,699,517,3,0
492,704,517,3,0
492,713,517,3,0
492,714,517,3,0
492,718,493,2,1
492,724,517,3,0
493,628,518,3,0
493,633,518,3,0
493,640,518,3,0
493,642,468,0,3
493,643,494,2,1
493,645,518,3,0
493,648,468,0,3
493,649,518,3,0
493,653,494,2,1
493,658,494,2,1
493,659,494,2,1
493,661,494,2,1
493,663,494,2,1
493,669,518,3,0
493,671,494,2,1
493,686,468,0,3
493,689,518,3,0
493,698,468,0,3
493,699,518,3,0
493,707,468,0,3
493,714,518,3,0
493,718,494,2,1
494,627,469,0,3
494,628,519,3,0
494,636,519,3,0
494,642,469,0,3
494,643,495,2,1
494,644,469,0,3
494,645,519,3,0
494,648,469,0,3
494,649,519,3,0
494,653,495,2,1
494,658,495,2,1
494,659,495,2,1
494,661,495,2,1
494,663,495,2,1
494,669,519,3,0
494,671,495,2,1
494,679,493,1,2
494,685,469,0,3
494,686,469,0,3
494,699,519,3,0
494,703,495,2,1
494,707,469,0,3
494,710,495,2,1
494,714,519,3,0
494,718,495,2,1
494,722,519,3,0
495,627,470,0,3
495,628,520,3,0
495,636,520,3,0
495,642,470,0,3
495,643,496,2,1
495,644,470,0,3
495,645,520,3,0
495,646,520,3,0
495,648,470,0,3
495,649,520,3,0
495,653,496,2,1
495,655,520,3,0
495,658,496,2,1
495,659,496,2,1
495,661,496,2,1
495,663,496,2,1
495,669,520,3,0
495,671,496,2,1
495,679,494,1,2
495,686,470,0,3
495,699,520,3,0
495,701,496,2,1
495,703,496,2,1
495,707,470,0,3
495,710,496,2,1
495,714,520,3,0
495,718,496,2,1
495,721,520,3,0
495,722,520,3,0
496,627,471,0,3
496,628,521,3,0
496,636,521,3,0
496,642,471,0,3
496,643,471,0,3
496,645,521,3,0
496,646,521,3,0
496,648,471,0,3
496,649,521,3,0
496,655,521,3,0
496,658,521,3,0
496,659,471,0,3
496,661,471,0,3
496,663,521,3,0
496,669,521,3,0
496,671,471,0,3
496,679,495,1,2
496,686,471,0,3
496,699,521,3,0
496,707,471,0,3
496,710,521,3,0
496,712,497,2,1
496,718,471,0,3
496,721,521,3,0
496,722,521,3,0
497,627,496,1,2
497,628,496,1,2
497,636,496,1,2
497,638,498,2,1
497,642,496,1,2
497,643,472,0,3
497,644,496,1,2
497,645,496,1,2
497,648,496,1,2
497,649,496,1,2
497,653,522,3,0
497,658,522,3,0
497,659,472,0,3
497,661,472,0,3
497,663,522,3,0
497,669,496,1,2
497,671,472,0,3
497,679,496,1,2
497,686,496,1,2
497,692,498,2,1
497,694,498,2,1
497,699,496,1,2
497,703,522,3,0
497,707,496,1,2
497,710,522,3,0
497,714,496,1,2
497,718,472,0,3
497,722,496,1,2
498,627,499,2,1
498,628,497,1,2
498,636,499,2,1
498,642,497,1,2
498,643,473,0,3
498,644,499,2,1
498,645,497,1,2
498,648,497,1,2
498,649,497,1,2
498,652,499,2,1
498,653,523,3,0
498,657,499,2,1
498,658,523,3,0
498,659,473,0,3
498,661,473,0,3
498,663,523,3,0
498,669,497,1,2
498,671,473,0,3
498,679,499,2,1
498,686,497,1,2
498,697,499,2,1
498,699,497,1,2
498,702,499,2,1
498,707,497,1,2
498,708,499,2,1
498,710,499,2,1
498,714,497,1,2
498,718,473,0,3
498,722,499,2,1
499,628,498,1,2
499,637,475,2,3
499,642,498,1,2
499,643,474,0,3
499,645,498,1,2
499,648,498,1,2
499,649,475,2,3
499,651,475,2,3
499,653,524,3,0
499,659,474,0,3
499,660,475,2,3
499,663,475,2,3
499,669,498,1,2
499,671,474,0,3
499,674,475,2,3
499,682,475,2,3
499,683,475,2,3
499,686,498,1,2
499,696,475,2,3
499,699,498,1,2
499,705,475,2,3
499,707,475,2,3
499,709,475,2,3
499,714,498,1,2
499,717,475,2,3
499,718,474,0,3
499,720,475,2,3
500,625,501,1,1
500,628,524,3,2
500,641,501,1,1
500,642,524,3,2
500,643,475,0,2
500,645,524,3,2
500,648,524,3,2
500,653,525,2,0
500,659,475,0,2
500,666,501,1,1
500,669,501,1,1
500,671,475,0,2
500,677,501,1,1
500,686,501,1,1
500,699,524,3,2
500,700,501,1,1
500,714,524,3,2
500,715,501,1,1
500,723,501,1,1
501,626,502,2,1
501,628,502,2,1
501,635,502,2,1
501,642,502,2,1
501,643,476,0,3
501,645,502,2,1
501,648,500,1,1
501,650,502,2,1
501,653,502,2,1
501,659,476,0,3
501,671,476,0,3
501,678,502,2,1
501,695,502,2,1
501,699,500,1,1
501,719,502,2,1
502,643,477,0,3
502,648,501,1,2
502,699,501,1,2
503,628,504,2,1
503,642,504,2,1
503,643,478,0,3
503,645,504,2,1
503,648,504,2,1
503,653,528,3,0
503,659,478,0,3
503,668,528,3,0
503,671,478,0,3
503,681,478,0,3
503,690,528,3,0
503,699,504,2,1
504,628,505,2,1
504,639,529,3,0
504,642,505,2,1
504,643,479,0,3
504,645,505,2,1
504,648,505,2,1
504,653,529,3,0
504,659,479,0,3
504,669,505,2,1
504,671,479,0,3
504,686,505,2,1
504,699,505,2,1
504,718,479,0,3
505,628,506,2,1
505,629,530,3,0
505,634,480,0,3
505,642,506,2,1
505,643,480,0,3
505,645,506,2,1
505,648,506,2,1
505,649,506,2,1
505,653,530,3,0
505,654,480,0,3
505,658,530,3,0
505,659,480,0,3
505,661,480,0,3
505,663,530,3,0
505,669,506,2,1
505,671,480,0,3
505,686,506,2,1
505,687,530,3,0
505,699,506,2,1
505,707,506,2,1
505,714,506,2,1
505,718,480,0,3
506,627,507,2,1
506,628,507,2,1
506,636,507,2,1
506,642,507,2,1
506,643,481,0,3
506,644,507,2,1
506,645,507,2,1
506,648,507,2,1
506,649,507,2,1
506,653,531,3,0
506,658,531,3,0
506,659,481,0,3
506,661,481,0,3
506,663,531,3,0
506,669,507,2,1
506,671,481,0,3
506,679,507,2,1
506,686,507,2,1
506,699,507,2,1
506,703,531,3,0
506,707,507,2,1
506,710,531,3,0
506,714,507,2,1
506,718,481,0,3
506,722,507,2,1
507,627,508,2,1
507,628,508,2,1
507,636,508,2,1
507,642,508,2,1
507,643,482,0,3
507,644,508,2,1
507,645,508,2,1
507,648,508,2,1
507,649,508,2,1
507,653,532,3,0
507,658,532,3,0
507,659,482,0,3
507,661,482,0,3
507,663,532,3,0
507,669,508,2,1
507,671,482,0,3
507,679,508,2,1
507,686,508,2,1
507,699,508,2,1
507,701,532,3,0
507,703,532,3,0
507,707,508,2,1
507,710,532,3,0
507,714,508,2,1
507,718,482,0,3
507,722,508,2,1
508,627,483,0,3
508,628,533,3,0
508,636,533,3,0
508,642,483,0,3
508,643,483,0,3
508,645,533,3,0
508,648,483,0,3
508,649,533,3,0
508,653,533,3,0
508,658,533,3,0
508,659,483,0,3
508,661,483,0,3
508,663,533,3,0
508,669,533,3,0
508,671,483,0,3
508,679,483,0,3
508,686,483,0,3
508,699,533,3,0
508,707,483,0,3
508,710,533,3,0
508,714,533,3,0
508,718,483,0,3
508,722,533,3,0
509,627,484,0,3
509,628,534,3,0
509,636,534,3,0
509,642,484,0,3
509,643,508,1,2
509,644,484,0,3
509,645,534,3,0
509,646,534,3,0
509,648,484,0,3
509,649,534,3,0
509,653,508,1,2
509,655,534,3,0
509,658,508,1,2
509,659,508,1,2
509,661,508,1,2
509,663,508,1,2
509,669,534,3,0
509,671,508,1,2
509,679,484,0,3
509,686,484,0,3
509,699,534,3,0
509,701,508,1,2
509,703,508,1,2
509,707,484,0,3
509,710,508,1,2
509,712,508,1,2
509,714,534,3,0
509,718,508,1,2
509,721,534,3,0
509,722,534,3,0
510,627,485,0,3
510,628,535,3,0
510,636,535,3,0
510,642,485,0,3
510,643,509,1,2
510,644,485,0,3
510,645,535,3,0
510,648,485,0,3
510,649,535,3,0
510,653,509,1,2
510,658,509,1,2
510,659,509,1,2
510,661,509,1,2
510,663,509,1,2
510,669,535,3,0
510,671,509,1,2
510,679,485,0,3
510,686,485,0,3
510,699,535,3,0
510,703,509,1,2
510,707,485,0,3
510,710,509,1,2
510,714,535,3,0
510,718,509,1,2
510,722,535,3,0
511,628,536,3,0
511,632,512,2,1
511,642,486,0,3
511,643,510,1,2
511,645,536,3,0
511,648,486,0,3
511,649,536,3,0
511,653,510,1,2
511,658,510,1,2
511,659,510,1,2
511,661,510,1,2
511,663,510,1,2
511,665,512,2,1
511,669,536,3,0
511,671,510,1,2
511,686,486,0,3
511,699,536,3,0
511,707,486,0,3
511,710,510,1,2
511,714,536,3,0
511,718,510,1,2
512,628,537,3,0
512,642,487,0,3
512,643,511,1,2
512,645,537,3,0
512,647,513,2,1
512,648,487,0,3
512,653,511,1,2
512,659,511,1,2
512,663,511,1,2
512,669,537,3,0
512,671,511,1,2
512,680,513,2,1
512,686,487,0,3
512,699,537,3,0
512,714,513,2,1
512,717,511,1,2
512,718,511,1,2
513,628,538,3,0
513,642,488,0,3
513,643,512,1,2
513,645,538,3,0
513,648,488,0,3
513,653,512,1,2
513,656,514,2,1
513,659,512,1,2
513,671,512,1,2
513,688,514,2,1
513,699,538,3,0
514,630,515,2,1
514,643,513,1,2
514,648,515,2,1
514,653,513,1,2
514,659,515,2,1
514,671,515,2,1
514,676,515,2,1
514,699,515,2,1
515,643,516,2,1
515,648,490,0,3
515,659,516,2,1
515,671,516,2,1
515,691,540,3,0
515,699,540,3,0
516,628,541,3,0
516,642,491,0,3
516,643,517,2,1
516,645,541,3,0
516,648,491,0,3
516,653,517,2,1
516,659,517,2,1
516,671,517,2,1
516,684,491,0,3
516,693,541,3,0
516,699,541,3,0
517,628,542,3,0
517,631,492,0,3
517,642,492,0,3
517,643,518,2,1
517,645,542,3,0
517,648,492,0,3
517,653,518,2,1
517,659,518,2,1
517,667,542,3,0
517,669,542,3,0
517,671,518,2,1
517,673,542,3,0
517,686,492,0,3
517,699,542,3,0
517,704,542,3,0
517,713,542,3,0
517,714,542,3,0
517,718,518,2,1
517,724,542,3,0
518,628,543,3,0
518,633,543,3,0
518,640,543,3,0
518,642,493,0,3
518,643,519,2,1
518,645,543,3,0
518,648,493,0,3
518,649,543,3,0
518,653,519,2,1
518,658,519,2,1
518,659,519,2,1
518,661,519,2,1
518,663,519,2,1
518,669,543,3,0
518,671,519,2,1
518,686,493,0,3
518,689,543,3,0
518,698,543,3,0
518,699,543,3,0
518,707,493,0,3
518,714,543,3,0
518,718,519,2,1
519,627,494,0,3
519,628,544,3,0
519,636,544,3,0
519,642,494,0,3
519,643,520,2,1
519,644,494,0,3
519,645,544,3,0
519,648,494,0,3
519,649,544,3,0
519,653,520,2,1
519,658,520,2,1
519,659,520,2,1
519,661,520,2,1
519,663,520,2,1
519,669,544,3,0
519,671,520,2,1
519,679,494,0,3
519,685,494,0,3
519,686,494,0,3
519,699,544,3,0
519,703,520,2,1
519,707,494,0,3
519,710,520,2,1
519,714,544,3,0
519,718,520,2,1
519,722,544,3,0
520,627,495,0,3
520,628,545,3,0
520,636,545,3,0
520,642,495,0,3
520,643,521,2,1
520,644,495,0,3
520,645,545,3,0
520,646,545,3,0
520,648,495,0,3
520,649,545,3,0
520,653,521,2,1
520,655,545,3,0
520,658,521,2,1
520,659,521,2,1
520,661,521,2,1
520,663,521,2,1
520,669,545,3,0
520,671,521,2,1
520,679,495,0,3
520,686,495,0,3
520,699,545,3,0
520,701,521,2,1
520,703,521,2,1
520,707,495,0,3
520,710,521,2,1
520,714,545,3,0
520,718,521,2,1
520,721,545,3,0
520,722,545,3,0
521,627,496,0,3
521,628,546,3,0
521,636,546,3,0
521,642,496,0,3
521,643,496,0,3
521,645,546,3,0
521,646,546,3,0
521,648,496,0,3
521,649,546,3,0
521,653,546,3,0
521,655,546,3,0
521,658,546,3,0
521,659,496,0,3
521,661,496,0,3
521,663,546,3,0
521,669,546,3,0
521,671,496,0,3
521,679,496,0,3
521,686,496,0,3
521,699,546,3,0
521,707,496,0,3
521,710,546,3,0
521,712,522,2,1
521,714,546,3,0
521,718,496,0,3
521,721,546,3,0
521,722,546,3,0
522,627,521,1,2
522,628,521,1,2
522,636,521,1,2
522,642,521,1,2
522,643,497,0,3
522,644,521,1,2
522,645,521,1,2
522,648,521,1,2
522,649,521,1,2
522,653,547,3,0
522,658,547,3,0
522,659,497,0,3
522,661,497,0,3
522,663,547,3,0
522,669,521,1,2
522,671,497,0,3
522,679,521,1,2
522,686,521,1,2
522,692,523,2,1
522,694,523,2,1
522,699,521,1,2
522,703,547,3,0
522,707,521,1,2
522,710,547,3,0
522,714,521,1,2
522,718,497,0,3
522,722,521,1,2
523,627,524,2,1
523,628,522,1,2
523,636,524,2,1
523,642,522,1,2
523,643,498,0,3
523,644,524,2,1
523,645,522,1,2
523,648,522,1,2
523,649,522,1,2
523,652,524,2,1
523,653,548,3,0
523,657,524,2,1
523,658,548,3,0
523,659,498,0,3
523,661,498,0,3
523,663,548,3,0
523,669,522,1,2
523,671,498,0,3
523,679,524,2,1
523,686,522,1,2
523,697,524,2,1
523,699,522,1,2
523,702,524,2,1
523,707,522,1,2
523,708,524,2,1
523,710,524,2,1
523,714,522,1,2
523,718,498,0,3
523,722,524,2,1
524,628,523,1,2
524,637,500,2,3
524,642,523,1,2
524,643,499,0,3
524,645,523,1,2
524,648,523,1,2
524,649,500,2,3
524,651,500,2,3
524,653,549,3,0
524,659,499,0,3
524,660,500,2,3
524,663,500,2,3
524,669,523,1,2
524,671,499,0,3
524,674,500,2,3
524,682,500,2,3
524,683,500,2,3
524,686,523,1,2
524,696,500,2,3
524,699,523,1,2
524,705,500,2,3
524,707,500,2,3
524,709,500,2,3
524,714,523,1,2
524,717,500,2,3
524,718,499,0,3
524,720,500,2,3
525,625,526,1,1
525,628,549,3,2
525,641,526,1,1
525,642,549,3,2
525,643,550,2,0
525,645,549,3,2
525,648,549,3,2
525,653,550,2,0
525,659,500,0,2
525,666,526,1,1
525,669,526,1,1
525,671,500,0,2
525,677,526,1,1
525,699,549,3,2
525,700,526,1,1
525,714,549,3,2
525,715,526,1,1
525,723,526,1,1
526,626,527,2,1
526,628,527,2,1
526,635,527,2,1
526,642,527,2,1
526,643,551,3,0
526,645,527,2,1
526,648,525,1,1
526,650,527,2,1
526,653,527,2,1
526,659,501,0,3
526,671,501,0,3
526,678,527,2,1
526,695,527,2,1
526,699,525,1,1
526,719,527,2,1
527,643,552,3,0
527,648,526,1,2
527,699,526,1,2
528,628,529,2,1
528,642,529,2,1
528,643,553,3,0
528,645,529,2,1
528,648,529,2,1
528,653,553,3,0
528,659,503,0,3
528,668,553,3,0
528,671,503,0,3
528,681,503,0,3
528,690,553,3,0
528,699,529,2,1
529,628,530,2,1
529,639,554,3,0
529,642,530,2,1
529,643,554,3,0
529,645,530,2,1
529,648,530,2,1
529,653,554,3,0
529,659,504,0,3
529,669,530,2,1
529,671,504,0,3
529,686,530,2,1
529,699,530,2,1
529,718,504,0,3
530,628,531,2,1
530,629,555,3,0
530,634,505,0,3
530,642,531,2,1
530,643,555,3,0
530,645,531,2,1
530,648,531,2,1
530,649,531,2,1
530,653,555,3,0
530,654,505,0,3
530,658,555,3,0
530,659,505,0,3
530,661,555,3,0
530,663,555,3,0
530,669,531,2,1
530,671,505,0,3
530,686,531,2,1
530,687,555,3,0
530,699,531,2,1
530,707,531,2,1
530,714,531,2,1
530,718,505,0,3
531,627,532,2,1
531,628,532,2,1
531,636,532,2,1
531,642,532,2,1
531,643,556,3,0
531,644,532,2,1
531,645,532,2,1
531,648,532,2,1
531,649,532,2,1
531,653,556,3,0
531,658,556,3,0
531,659,506,0,3
531,661,556,3,0
531,663,556,3,0
531,669,532,2,1
531,671,506,0,3
531,679,532,2,1
531,686,532,2,1
531,699,532,2,1
531,703,556,3,0
531,707,532,2,1
531,710,556,3,0
531,714,532,2,1
531,718,506,0,3
531,722,532,2,1
532,627,533,2,1
532,628,533,2,1
532,636,533,2,1
532,642,533,2,1
532,643,557,3,0
532,644,533,2,1
532,645,533,2,1
532,648,533,2,1
532,649,533,2,1
532,653,557,3,0
532,658,557,3,0
532,659,507,0,3
532,661,557,3,0
532,663,557,3,0
532,669,533,2,1
532,671,507,0,3
532,679,533,2,1
532,686,533,2,1
532,699,533,2,1
532,701,557,3,0
532,703,557,3,0
532,707,533,2,1
532,710,557,3,0
532,714,533,2,1
532,718,507,0,3
532,722,533,2,1
533,627,508,0,3
533,628,558,3,0
533,636,558,3,0
533,642,508,0,3
533,643,558,3,0
533,645,558,3,0
533,648,508,0,3
533,649,558,3,0
533,653,558,3,0
533,658,558,3,0
533,659,508,0,3
533,663,558,3,0
533,669,558,3,0
533,671,508,0,3
533,679,508,0,3
533,686,508,0,3
533,699,558,3,0
533,707,508,0,3
533,710,558,3,0
533,714,558,3,0
533,718,508,0,3
533,722,558,3,0
534,627,509,0,3
534,628,559,3,0
534,636,559,3,0
534,642,509,0,3
534,643,533,1,2
534,644,509,0,3
534,645,559,3,0
534,646,559,3,0
534,648,509,0,3
534,649,559,3,0
534,653,533,1,2
534,655,559,3,0
534,658,533,1,2
534,659,533,1,2
534,661,533,1,2
534,663,533,1,2
534,669,559,3,0
534,671,533,1,2
534,679,509,0,3
534,686,509,0,3
534,699,559,3,0
534,701,533,1,2
534,703,533,1,2
534,707,509,0,3
534,710,533,1,2
534,712,533,1,2
534,714,559,3,0
534,718,533,1,2
534,721,559,3,0
534,722,559,3,0
535,627,510,0,3
535,628,560,3,0
535,636,560,3,0
535,642,510,0,3
535,643,534,1,2
535,644,510,0,3
535,645,560,3,0
535,648,510,0,3
535,649,560,3,0
535,653,534,1,2
535,658,534,1,2
535,659,534,1,2
535,661,534,1,2
535,663,534,1,2
535,669,560,3,0
535,671,534,1,2
535,679,510,0,3
535,686,510,0,3
535,699,560,3,0
535,703,534,1,2
535,707,510,0,3
535,710,534,1,2
535,714,560,3,0
535,718,534,1,2
535,722,560,3,0
536,628,561,3,0
536,632,537,2,1
536,642,511,0,3
536,643,535,1,2
536,645,561,3,0
536,648,511,0,3
536,649,561,3,0
536,653,535,1,2
536,658,535,1,2
536,659,535,1,2
536,661,535,1,2
536,663,535,1,2
536,665,537,2,1
536,669,561,3,0
536,671,535,1,2
536,686,511,0,3
536,699,561,3,0
536,707,511,0,3
536,710,535,1,2
536,714,561,3,0
536,718,535,1,2
537,628,562,3,0
537,642,512,0,3
537,643,536,1,2
537,645,562,3,0
537,648,512,0,3
537,653,536,1,2
537,659,536,1,2
537,663,536,1,2
537,669,562,3,0
537,671,536,1,2
537,680,538,2,1
537,686,512,0,3
537,699,562,3,0
537,714,538,2,1
537,717,536,1,2
537,718,536,1,2
538,628,563,3,0
538,642,513,0,3
538,643,537,1,2
538,645,563,3,0
538,648,513,0,3
538,653,537,1,2
538,656,539,2,1
538,659,537,1,2
538,671,537,1,2
538,688,539,2,1
538,699,563,3,0
539,643,538,1,2
539,648,540,2,1
539,653,538,1,2
539,659,540,2,1
539,671,540,2,1
539,676,540,2,1
539,699,540,2,1
540,643,541,2,1
540,648,515,0,3
540,659,541,2,1
540,671,541,2,1
540,699,565,3,0
541,628,566,3,0
541,642,516,0,3
541,643,542,2,1
541,645,566,3,0
541,648,516,0,3
541,653,542,2,1
541,659,542,2,1
541,671,542,2,1
541,684,516,0,3
541,693,566,3,0
541,699,566,3,0
542,628,567,3,0
542,631,517,0,3
542,642,517,0,3
542,643,543,2,1
542,645,567,3,0
542,648,517,0,3
542,653,543,2,1
542,659,543,2,1
542,667,567,3,0
542,669,567,3,0
542,671,543,2,1
542,673,567,3,0
542,686,517,0,3
542,699,567,3,0
542,704,567,3,0
542,713,567,3,0
542,714,567,3,0
542,718,543,2,1
542,724,567,3,0
543,628,568,3,0
543,633,568,3,0
543,640,568,3,0
543,642,518,0,3
543,643,544,2,1
543,645,568,3,0
543,648,518,0,3
543,649,568,3,0
543,653,544,2,1
543,658,544,2,1
543,659,544,2,1
543,661,544,2,1
543,663,544,2,1
543,669,568,3,0
543,671,544,2,1
543,686,518,0,3
543,689,568,3,0
543,698,568,3,0
543,699,568,3,0
543,707,518,0,3
543,714,568,3,0
543,718,544,2,1
544,627,519,0,3
544,628,569,3,0
544,636,569,3,0
544,642,519,0,3
544,643,545,2,1
544,644,519,0,3
544,645,569,3,0
544,648,519,0,3
544,649,569,3,0
544,653,545,2,1
544,658,545,2,1
544,659,545,2,1
544,661,545,2,1
544,663,545,2,1
544,669,569,3,0
544,671,545,2,1
544,679,519,0,3
544,685,569,3,0
544,686,519,0,3
544,699,569,3,0
544,703,545,2,1
544,707,519,0,3
544,710,545,2,1
544,714,569,3,0
544,718,545,2,1
544,722,569,3,0
545,627,520,0,3
545,628,570,3,0
545,636,570,3,0
545,642,520,0,3
545,643,546,2,1
545,644,520,0,3
545,645,570,3,0
545,646,570,3,0
545,648,520,0,3
545,649,570,3,0
545,653,546,2,1
545,655,570,3,0
545,658,546,2,1
545,659,546,2,1
545,661,546,2,1
545,663,546,2,1
545,669,570,3,0
545,671,546,2,1
545,679,520,0,3
545,686,520,0,3
545,699,570,3,0
545,701,546,2,1
545,703,546,2,1
545,707,520,0,3
545,710,546,2,1
545,714,570,3,0
545,718,546,2,1
545,721,570,3,0
545,722,570,3,0
546,627,521,0,3
546,628,571,3,0
546,636,571,3,0
546,642,521,0,3
546,643,571,3,0
546,645,571,3,0
546,646,571,3,0
546,648,521,0,3
546,649,571,3,0
546,653,571,3,0
546,655,571,3,0
546,658,571,3,0
546,659,521,0,3
546,663,571,3,0
546,669,571,3,0
546,671,521,0,3
546,679,521,0,3
546,686,521,0,3
546,699,571,3,0
546,707,521,0,3
546,710,571,3,0
546,712,547,2,1
546,714,571,3,0
546,718,521,0,3
546,721,571,3,0
546,722,571,3,0
547,627,546,1,2
547,628,546,1,2
547,636,546,1,2
547,638,548,2,1
547,642,546,1,2
547,643,572,3,0
547,644,546,1,2
547,645,546,1,2
547,648,546,1,2
547,649,546,1,2
547,653,572,3,0
547,658,572,3,0
547,659,522,0,3
547,661,572,3,0
547,663,572,3,0
547,669,546,1,2
547,671,522,0,3
547,679,546,1,2
547,686,546,1,2
547,692,548,2,1
547,694,548,2,1
547,699,546,1,2
547,703,572,3,0
547,707,546,1,2
547,710,572,3,0
547,714,546,1,2
547,718,522,0,3
547,722,546,1,2
548,627,549,2,1
548,628,547,1,2
548,636,549,2,1
548,642,547,1,2
548,643,573,3,0
548,644,549,2,1
548,645,547,1,2
548,648,547,1,2
548,649,547,1,2
548,652,549,2,1
548,653,573,3,0
548,657,549,2,1
548,658,573,3,0
548,659,523,0,3
548,661,573,3,0
548,663,573,3,0
548,669,547,1,2
548,671,523,0,3
548,679,549,2,1
548,686,547,1,2
548,697,549,2,1
548,699,547,1,2
548,702,549,2,1
548,707,547,1,2
548,708,549,2,1
548,710,549,2,1
548,714,547,1,2
548,718,523,0,3
548,722,549,2,1
549,628,548,1,2
549,637,525,2,3
549,642,548,1,2
549,643,574,3,0
549,645,548,1,2
549,648,548,1,2
549,649,525,2,3
549,651,525,2,3
549,653,574,3,0
549,659,524,0,3
549,660,525,2,3
549,663,525,2,3
549,669,548,1,2
549,671,524,0,3
549,674,525,2,3
549,682,525,2,3
549,683,525,2,3
549,686,548,1,2
549,696,525,2,3
549,699,548,1,2
549,705,525,2,3
549,707,525,2,3
549,709,525,2,3
549,714,548,1,2
549,717,525,2,3
549,718,524,0,3
549,720,525,2,3
550,625,551,1,1
550,628,574,3,2
550,641,551,1,1
550,642,574,3,2
550,643,575,2,0
550,645,574,3,2
550,648,574,3,2
550,653,575,2,0
550,659,525,0,2
550,666,551,1,1
550,669,551,1,1
550,671,525,0,2
550,677,551,1,1
550,686,551,1,1
550,699,574,3,2
550,700,551,1,1
550,714,574,3,2
550,715,551,1,1
550,723,551,1,1
551,626,552,2,1
551,628,552,2,1
551,635,552,2,1
551,642,552,2,1
551,643,576,3,0
551,645,552,2,1
551,648,550,1,1
551,650,552,2,1
551,653,552,2,1
551,659,526,0,3
551,671,526,0,3
551,678,552,2,1
551,695,552,2,1
551,699,550,1,1
551,719,552,2,1
552,643,577,3,0
552,648,551,1,2
552,699,551,1,2
553,628,554,2,1
553,642,554,2,1
553,643,578,3,0
553,645,554,2,1
553,648,554,2,1
553,653,578,3,0
553,659,528,0,3
553,668,578,3,0
553,671,528,0,3
553,681,528,0,3
553,690,578,3,0
553,699,554,2,1
554,628,555,2,1
554,639,579,3,0
554,642,555,2,1
554,643,579,3,0
554,645,555,2,1
554,648,555,2,1
554,653,579,3,0
554,659,529,0,3
554,669,555,2,1
554,671,529,0,3
554,686,555,2,1
554,699,555,2,1
554,718,529,0,3
555,628,556,2,1
555,629,580,3,0
555,634,530,0,3
555,642,556,2,1
555,643,580,3,0
555,645,556,2,1
555,648,556,2,1
555,649,556,2,1
555,653,580,3,0
555,654,530,0,3
555,658,658,37,0
555,659,530,0,3
555,661,580,3,0
555,663,580,3,0
555,669,556,2,1
555,671,530,0,3
555,686,556,2,1
555,687,580,3,0
555,699,556,2,1
555,707,556,2,1
555,714,556,2,1
555,718,530,0,3
556,627,557,2,1
556,628,557,2,1
556,636,557,2,1
556,642,557,2,1
556,643,581,3,0
556,644,557,2,1
556,645,557,2,1
556,648,557,2,1
556,649,557,2,1
556,653,581,3,0
556,658,555,1,2
556,659,531,0,3
556,661,581,3,0
556,663,581,3,0
556,669,557,2,1
556,671,531,0,3
556,679,557,2,1
556,686,557,2,1
556,699,557,2,1
556,703,581,3,0
556,707,557,2,1
556,710,710,89,0
556,714,557,2,1
556,718,531,0,3
556,722,557,2,1
557,627,558,2,1
557,628,558,2,1
557,636,558,2,1
557,642,558,2,1
557,643,582,3,0
557,644,558,2,1
557,645,558,2,1
557,648,558,2,1
557,649,558,2,1
557,653,582,3,0
557,658,556,1,2
557,659,532,0,3
557,661,582,3,0
557,663,582,3,0
557,669,558,2,1
557,671,532,0,3
557,679,558,2,1
557,686,558,2,1
557,699,558,2,1
557,701,582,3,0
557,703,582,3,0
557,707,558,2,1
557,710,556,1,2
557,714,558,2,1
557,718,532,0,3
557,722,558,2,1
558,627,533,0,3
558,628,583,3,0
558,636,583,3,0
558,642,533,0,3
558,643,583,3,0
558,644,583,3,0
558,645,583,3,0
558,648,533,0,3
558,649,583,3,0
558,653,583,3,0
558,658,557,1,2
558,659,533,0,3
558,663,583,3,0
558,669,583,3,0
558,671,533,0,3
558,679,533,0,3
558,699,583,3,0
558,707,533,0,3
558,710,557,1,2
558,714,583,3,0
558,718,533,0,3
558,722,583,3,0
559,627,534,0,3
559,628,584,3,0
559,636,584,3,0
559,642,534,0,3
559,643,558,1,2
559,644,584,3,0
559,645,584,3,0
559,646,584,3,0
559,648,534,0,3
559,649,584,3,0
559,653,558,1,2
559,655,584,3,0
559,658,558,1,2
559,659,558,1,2
559,661,558,1,2
559,663,558,1,2
559,669,584,3,0
559,671,558,1,2
559,679,534,0,3
559,686,534,0,3
559,699,584,3,0
559,701,558,1,2
559,703,558,1,2
559,707,534,0,3
559,710,558,1,2
559,712,558,1,2
559,714,584,3,0
559,718,558,1,2
559,721,584,3,0
559,722,584,3,0
560,627,535,0,3
560,628,585,3,0
560,636,585,3,0
560,642,535,0,3
560,643,559,1,2
560,644,585,3,0
560,645,585,3,0
560,648,535,0,3
560,649,585,3,0
560,653,559,1,2
560,658,559,1,2
560,659,559,1,2
560,661,559,1,2
560,663,559,1,2
560,669,585,3,0
560,671,559,1,2
560,679,535,0,3
560,686,535,0,3
560,699,585,3,0
560,703,559,1,2
560,707,535,0,3
560,710,559,1,2
560,714,585,3,0
560,718,559,1,2
560,722,585,3,0
561,628,586,3,0
561,632,562,2,1
561,642,536,0,3
561,643,560,1,2
561,645,586,3,0
561,648,536,0,3
561,649,586,3,0
561,653,560,1,2
561,658,560,1,2
561,659,560,1,2
561,661,560,1,2
561,663,560,1,2
561,665,562,2,1
561,669,586,3,0
561,671,560,1,2
561,686,536,0,3
561,699,586,3,0
561,707,536,0,3
561,710,560,1,2
561,714,586,3,0
561,718,560,1,2
562,628,587,3,0
562,642,537,0,3
562,643,561,1,2
562,645,587,3,0
562,647,563,2,1
562,648,537,0,3
562,653,561,1,2
562,659,561,1,2
562,663,561,1,2
562,669,587,3,0
562,671,561,1,2
562,680,563,2,1
562,686,537,0,3
562,699,587,3,0
562,714,563,2,1
562,717,561,1,2
562,718,561,1,2
563,628,588,3,0
563,642,538,0,3
563,643,562,1,2
563,645,588,3,0
563,648,538,0,3
563,653,562,1,2
563,656,564,2,1
563,659,562,1,2
563,671,562,1,2
563,688,564,2,1
563,699,588,3,0
564,630,565,2,1
564,643,563,1,2
564,648,565,2,1
564,653,563,1,2
564,659,565,2,1
564,676,565,2,1
564,699,565,2,1
565,643,566,2,1
565,648,540,0,3
565,659,566,2,1
565,671,566,2,1
565,691,540,0,3
565,699,590,3,0
566,628,591,3,0
566,642,541,0,3
566,643,567,2,1
566,645,591,3,0
566,648,541,0,3
566,653,567,2,1
566,659,567,2,1
566,671,567,2,1
566,684,541,0,3
566,693,591,3,0
566,699,591,3,0
567,628,592,3,0
567,631,542,0,3
567,642,542,0,3
567,643,568,2,1
567,645,592,3,0
567,648,542,0,3
567,653,568,2,1
567,659,568,2,1
567,667,592,3,0
567,669,592,3,0
567,671,568,2,1
567,673,592,3,0
567,686,542,0,3
567,699,592,3,0
567,704,592,3,0
567,713,592,3,0
567,714,592,3,0
567,718,568,2,1
567,724,592,3,0
568,628,593,3,0
568,633,593,3,0
568,640,593,3,0
568,642,543,0,3
568,643,569,2,1
568,645,593,3,0
568,648,543,0,3
568,649,593,3,0
568,653,569,2,1
568,658,569,2,1
568,659,569,2,1
568,661,569,2,1
568,663,569,2,1
568,669,593,3,0
568,671,569,2,1
568,686,543,0,3
568,689,593,3,0
568,698,593,3,0
568,699,593,3,0
568,707,543,0,3
568,714,593,3,0
568,718,569,2,1
569,627,544,0,3
569,628,594,3,0
569,636,594,3,0
569,642,544,0,3
569,643,570,2,1
569,644,594,3,0
569,645,594,3,0
569,648,544,0,3
569,649,594,3,0
569,653,570,2,1
569,658,570,2,1
569,659,570,2,1
569,661,570,2,1
569,663,570,2,1
569,669,594,3,0
569,671,570,2,1
569,679,544,0,3
569,685,594,3,0
569,686,544,0,3
569,699,594,3,0
569,703,570,2,1
569,707,544,0,3
569,710,570,2,1
569,714,594,3,0
569,718,570,2,1
569,722,594,3,0
570,627,545,0,3
570,628,595,3,0
570,636,595,3,0
570,642,545,0,3
570,643,571,2,1
570,644,595,3,0
570,645,595,3,0
570,646,595,3,0
570,648,545,0,3
570,649,595,3,0
570,653,571,2,1
570,655,595,3,0
570,658,571,2,1
570,659,571,2,1
570,661,571,2,1
570,663,571,2,1
570,669,595,3,0
570,671,571,2,1
570,679,545,0,3
570,686,545,0,3
570,699,595,3,0
570,701,571,2,1
570,703,571,2,1
570,707,545,0,3
570,710,571,2,1
570,714,595,3,0
570,718,571,2,1
570,721,595,3,0
570,722,595,3,0
571,627,546,0,3
571,628,596,3,0
571,636,596,3,0
571,642,546,0,3
571,643,596,3,0
571,644,596,3,0
571,645,596,3,0
571,646,596,3,0
571,648,546,0,3
571,649,596,3,0
571,653,596,3,0
571,655,596,3,0
571,658,572,2,1
571,659,546,0,3
571,663,596,3,0
571,669,596,3,0
571,671,546,0,3
571,679,546,0,3
571,699,596,3,0
571,707,546,0,3
571,710,572,2,1
571,712,572,2,1
571,714,596,3,0
571,718,546,0,3
571,721,596,3,0
571,722,596,3,0
572,627,571,1,2
572,628,571,1,2
572,636,571,1,2
572,638,573,2,1
572,642,571,1,2
572,643,597,3,0
572,644,571,1,2
572,645,571,1,2
572,648,571,1,2
572,649,571,1,2
572,653,597,3,0
572,658,573,2,1
572,659,547,0,3
572,661,597,3,0
572,663,597,3,0
572,669,571,1,2
572,671,547,0,3
572,679,571,1,2
572,686,571,1,2
572,692,573,2,1
572,694,573,2,1
572,699,571,1,2
572,703,597,3,0
572,707,571,1,2
572,710,573,2,1
572,714,571,1,2
572,718,547,0,3
572,722,571,1,2
573,627,574,2,1
573,628,572,1,2
573,636,574,2,1
573,642,572,1,2
573,643,598,3,0
573,644,574,2,1
573,645,572,1,2
573,648,572,1,2
573,649,572,1,2
573,652,574,2,1
573,653,598,3,0
573,657,574,2,1
573,658,574,2,1
573,659,548,0,3
573,661,598,3,0
573,663,598,3,0
573,669,572,1,2
573,671,548,0,3
573,679,574,2,1
573,686,572,1,2
573,697,574,2,1
573,699,572,1,2
573,702,574,2,1
573,707,572,1,2
573,708,574,2,1
573,710,574,2,1
573,714,572,1,2
573,718,548,0,3
573,722,574,2,1
574,628,573,1,2
574,637,550,2,3
574,642,573,1,2
574,643,599,3,0
574,645,573,1,2
574,648,573,1,2
574,649,550,2,3
574,651,550,2,3
574,653,599,3,0
574,659,549,0,3
574,660,550,2,3
574,663,550,2,3
574,669,573,1,2
574,671,549,0,3
574,674,550,2,3
574,682,550,2,3
574,683,550,2,3
574,686,573,1,2
574,696,550,2,3
574,699,573,1,2
574,705,550,2,3
574,707,550,2,3
574,709,550,2,3
574,714,573,1,2
574,717,550,2,3
574,718,549,0,3
574,720,550,2,3
575,625,576,1,1
575,628,599,3,2
575,641,576,1,1
575,642,599,3,2
575,643,600,2,0
575,645,599,3,2
575,648,599,3,2
575,653,600,2,0
575,659,550,0,2
575,666,576,1,1
575,669,576,1,1
575,671,600,2,0
575,677,576,1,1
575,686,576,1,1
575,699,599,3,2
575,700,576,1,1
575,714,599,3,2
575,715,576,1,1
575,723,576,1,1
576,626,577,2,1
576,628,577,2,1
576,635,577,2,1
576,642,577,2,1
576,643,601,3,0
576,645,577,2,1
576,648,575,1,1
576,650,577,2,1
576,653,577,2,1
576,659,551,0,3
576,671,601,3,0
576,678,577,2,1
576,695,577,2,1
576,699,575,1,1
576,719,577,2,1
577,643,602,3,0
577,648,576,1,2
577,699,576,1,2
578,628,579,2,1
578,642,579,2,1
578,643,603,3,0
578,645,579,2,1
578,648,579,2,1
578,653,603,3,0
578,659,553,0,3
578,668,603,3,0
578,671,603,3,0
578,681,553,0,3
578,690,603,3,0
578,699,579,2,1
579,628,580,2,1
579,639,604,3,0
579,642,580,2,1
579,643,604,3,0
579,645,580,2,1
579,648,580,2,1
579,653,604,3,0
579,659,554,0,3
579,669,580,2,1
579,671,604,3,0
579,686,580,2,1
579,699,580,2,1
579,718,554,0,3
580,628,581,2,1
580,629,605,3,0
580,634,555,0,3
580,642,581,2,1
580,643,605,3,0
580,645,581,2,1
580,648,581,2,1
580,649,581,2,1
580,653,605,3,0
580,654,555,0,3
580,658,555,0,3
580,659,555,0,3
580,661,605,3,0
580,663,663,42,0
580,669,581,2,1
580,671,605,3,0
580,686,581,2,1
580,687,605,3,0
580,699,581,2,1
580,707,581,2,1
580,714,581,2,1
580,718,555,0,3
581,627,582,2,1
581,628,582,2,1
581,636,582,2,1
581,642,582,2,1
581,643,606,3,0
581,644,582,2,1
581,645,582,2,1
581,648,582,2,1
581,649,582,2,1
581,653,606,3,0
581,658,556,0,3
581,659,556,0,3
581,661,606,3,0
581,663,580,1,2
581,669,582,2,1
581,671,606,3,0
581,679,582,2,1
581,686,582,2,1
581,699,582,2,1
581,703,606,3,0
581,707,582,2,1
581,710,556,0,3
581,714,582,2,1
581,718,556,0,3
581,722,582,2,1
582,627,583,2,1
582,628,583,2,1
582,636,583,2,1
582,642,583,2,1
582,643,607,3,0
582,644,583,2,1
582,645,583,2,1
582,648,583,2,1
582,649,583,2,1
582,653,607,3,0
582,658,557,0,3
582,659,557,0,3
582,661,607,3,0
582,663,581,1,2
582,669,583,2,1
582,671,607,3,0
582,679,583,2,1
582,686,583,2,1
582,699,583,2,1
582,701,607,3,0
582,703,607,3,0
582,707,583,2,1
582,710,557,0,3
582,714,583,2,1
582,718,557,0,3
582,722,583,2,1
583,627,558,0,3
583,628,608,3,0
583,636,608,3,0
583,642,558,0,3
583,643,608,3,0
583,644,608,3,0
583,645,608,3,0
583,648,558,0,3
583,649,608,3,0
583,653,608,3,0
583,659,558,0,3
583,663,582,1,2
583,669,608,3,0
583,671,608,3,0
583,679,558,0,3
583,699,608,3,0
583,707,558,0,3
583,714,608,3,0
583,718,558,0,3
584,627,559,0,3
584,628,609,3,0
584,636,609,3,0
584,642,559,0,3
584,643,583,1,2
584,644,609,3,0
584,645,609,3,0
584,646,609,3,0
584,648,559,0,3
584,649,609,3,0
584,653,583,1,2
584,655,609,3,0
584,658,583,1,2
584,659,583,1,2
584,661,583,1,2
584,663,583,1,2
584,669,609,3,0
584,671,583,1,2
584,679,559,0,3
584,686,559,0,3
584,699,609,3,0
584,701,583,1,2
584,703,583,1,2
584,707,559,0,3
584,710,583,1,2
584,712,583,1,2
584,714,609,3,0
584,718,583,1,2
584,721,609,3,0
584,722,609,3,0
585,627,560,0,3
585,628,610,3,0
585,636,610,3,0
585,642,560,0,3
585,643,584,1,2
585,644,610,3,0
585,645,610,3,0
585,648,560,0,3
585,649,610,3,0
585,653,584,1,2
585,658,584,1,2
585,659,584,1,2
585,661,584,1,2
585,663,584,1,2
585,669,610,3,0
585,671,584,1,2
585,679,560,0,3
585,686,560,0,3
585,699,610,3,0
585,703,584,1,2
585,707,560,0,3
585,710,584,1,2
585,714,610,3,0
585,718,584,1,2
585,722,610,3,0
586,628,611,3,0
586,632,587,2,1
586,642,561,0,3
586,643,585,1,2
586,645,611,3,0
586,648,561,0,3
586,649,611,3,0
586,653,585,1,2
586,658,585,1,2
586,659,585,1,2
586,661,585,1,2
586,663,585,1,2
586,665,587,2,1
586,669,611,3,0
586,671,585,1,2
586,686,561,0,3
586,699,611,3,0
586,707,561,0,3
586,710,585,1,2
586,714,611,3,0
586,718,585,1,2
587,628,612,3,0
587,642,562,0,3
587,643,586,1,2
587,645,612,3,0
587,647,588,2,1
587,648,562,0,3
587,653,586,1,2
587,659,586,1,2
587,663,586,1,2
587,669,612,3,0
587,671,586,1,2
587,680,588,2,1
587,686,562,0,3
587,699,612,3,0
587,714,588,2,1
587,717,586,1,2
587,718,586,1,2
588,628,613,3,0
588,642,563,0,3
588,643,587,1,2
588,645,613,3,0
588,648,563,0,3
588,653,587,1,2
588,656,589,2,1
588,659,587,1,2
588,671,587,1,2
588,688,589,2,1
588,699,613,3,0
589,630,590,2,1
589,643,588,1,2
589,648,590,2,1
589,653,588,1,2
589,659,590,2,1
589,671,590,2,1
589,699,590,2,1
590,643,591,2,1
590,648,565,0,3
590,659,591,2,1
590,671,591,2,1
590,691,565,0,3
590,699,615,3,0
591,628,616,3,0
591,642,566,0,3
591,643,592,2,1
591,645,616,3,0
591,648,566,0,3
591,653,592,2,1
591,659,592,2,1
591,671,592,2,1
591,684,566,0,3
591,693,616,3,0
591,699,616,3,0
592,628,617,3,0
592,631,567,0,3
592,642,567,0,3
592,643,593,2,1
592,645,617,3,0
592,648,567,0,3
592,653,593,2,1
592,659,593,2,1
592,667,617,3,0
592,669,617,3,0
592,671,593,2,1
592,673,617,3,0
592,686,567,0,3
592,699,617,3,0
592,704,617,3,0
592,713,617,3,0
592,714,617,3,0
592,718,593,2,1
592,724,617,3,0
593,628,618,3,0
593,633,618,3,0
593,640,618,3,0
593,642,568,0,3
593,643,594,2,1
593,645,618,3,0
593,648,568,0,3
593,649,618,3,0
593,653,594,2,1
593,658,594,2,1
593,659,594,2,1
593,661,594,2,1
593,663,594,2,1
593,669,618,3,0
593,671,594,2,1
593,686,568,0,3
593,698,618,3,0
593,699,618,3,0
593,707,568,0,3
593,714,618,3,0
593,718,594,2,1
594,627,569,0,3
594,628,619,3,0
594,636,619,3,0
594,642,569,0,3
594,643,595,2,1
594,644,619,3,0
594,645,619,3,0
594,648,569,0,3
594,649,619,3,0
594,653,595,2,1
594,658,595,2,1
594,659,595,2,1
594,661,595,2,1
594,663,595,2,1
594,669,619,3,0
594,671,595,2,1
594,679,569,0,3
594,685,619,3,0
594,686,569,0,3
594,699,619,3,0
594,703,595,2,1
594,707,569,0,3
594,710,595,2,1
594,714,619,3,0
594,718,595,2,1
594,722,619,3,0
595,627,570,0,3
595,628,620,3,0
595,636,620,3,0
595,642,570,0,3
595,643,596,2,1
595,644,620,3,0
595,645,620,3,0
595,646,620,3,0
595,648,570,0,3
595,649,620,3,0
595,653,596,2,1
595,655,620,3,0
595,658,596,2,1
595,659,596,2,1
595,661,596,2,1
595,663,596,2,1
595,669,620,3,0
595,671,596,2,1
595,679,570,0,3
595,686,570,0,3
595,699,620,3,0
595,701,596,2,1
595,703,596,2,1
595,707,570,0,3
595,710,596,2,1
595,714,620,3,0
595,718,596,2,1
595,721,620,3,0
595,722,620,3,0
596,627,571,0,3
596,628,621,3,0
596,636,621,3,0
596,642,571,0,3
596,643,621,3,0
596,644,621,3,0
596,645,621,3,0
596,646,621,3,0
596,648,571,0,3
596,649,621,3,0
596,653,621,3,0
596,655,621,3,0
596,659,571,0,3
596,663,597,2,1
596,669,621,3,0
596,671,621,3,0
596,679,571,0,3
596,699,621,3,0
596,707,571,0,3
596,712,597,2,1
596,714,621,3,0
596,718,571,0,3
596,721,621,3,0
597,627,596,1,2
597,628,596,1,2
597,636,596,1,2
597,638,598,2,1
597,642,596,1,2
597,643,622,3,0
597,644,596,1,2
597,645,596,1,2
597,648,596,1,2
597,649,596,1,2
597,653,622,3,0
597,658,572,0,3
597,659,572,0,3
597,661,622,3,0
597,663,598,2,1
597,669,596,1,2
597,671,622,3,0
597,679,596,1,2
597,686,596,1,2
597,692,598,2,1
597,694,598,2,1
597,699,596,1,2
597,703,622,3,0
597,707,596,1,2
597,710,572,0,3
597,714,596,1,2
597,718,572,0,3
597,722,596,1,2
598,627,599,2,1
598,628,597,1,2
598,636,599,2,1
598,642,597,1,2
598,643,623,3,0
598,644,599,2,1
598,645,597,1,2
598,648,597,1,2
598,649,597,1,2
598,652,599,2,1
598,653,623,3,0
598,657,599,2,1
598,658,573,0,3
598,659,573,0,3
598,661,623,3,0
598,663,599,2,1
598,669,597,1,2
598,671,623,3,0
598,679,599,2,1
598,686,597,1,2
598,697,599,2,1
598,699,597,1,2
598,702,599,2,1
598,707,597,1,2
598,708,599,2,1
598,710,599,2,1
598,714,597,1,2
598,718,573,0,3
598,722,599,2,1
599,628,598,1,2
599,637,575,2,3
599,642,598,1,2
599,643,624,3,0
599,645,598,1,2
599,648,598,1,2
599,649,575,2,3
599,651,575,2,3
599,653,624,3,0
599,659,574,0,3
599,660,575,2,3
599,663,575,2,3
599,669,598,1,2
599,671,624,3,0
599,674,575,2,3
599,682,575,2,3
599,683,575,2,3
599,686,598,1,2
599,696,575,2,3
599,699,598,1,2
599,705,575,2,3
599,709,575,2,3
599,714,598,1,2
599,717,575,2,3
599,718,574,0,3
599,720,575,2,3
600,625,601,1,1
600,628,624,3,2
600,641,601,1,1
600,642,624,3,2
600,643,0,2,3
600,645,624,3,2
600,648,624,3,2
600,653,0,2,3
600,659,575,0,2
600,666,601,1,1
600,669,601,1,1
600,671,0,2,3
600,677,601,1,1
600,686,601,1,1
600,699,624,3,2
600,700,601,1,1
600,714,624,3,2
600,715,601,1,1
600,723,601,1,1
601,626,602,2,1
601,628,602,2,1
601,635,602,2,1
601,642,602,2,1
601,643,1,3,3
601,645,602,2,1
601,648,600,1,1
601,650,602,2,1
601,653,602,2,1
601,659,576,0,3
601,671,1,3,3
601,678,602,2,1
601,695,602,2,1
601,699,600,1,1
601,719,602,2,1
602,643,2,3,3
602,648,601,1,2
602,699,601,1,2
603,628,604,2,1
603,642,604,2,1
603,643,3,3,3
603,645,604,2,1
603,648,604,2,1
603,653,3,3,3
603,659,578,0,3
603,668,3,3,3
603,671,3,3,3
603,681,3,3,3
603,690,3,3,3
603,699,604,2,1
604,628,605,2,1
604,639,4,3,3
604,642,605,2,1
604,643,4,3,3
604,645,605,2,1
604,648,605,2,1
604,653,4,3,3
604,659,579,0,3
604,669,605,2,1
604,671,4,3,3
604,686,605,2,1
604,699,605,2,1
604,718,579,0,3
605,628,606,2,1
605,629,5,3,3
605,634,5,3,3
605,642,606,2,1
605,643,5,3,3
605,645,606,2,1
605,648,606,2,1
605,649,606,2,1
605,653,5,3,3
605,654,580,0,3
605,658,580,0,3
605,659,580,0,3
605,661,5,3,3
605,663,580,0,3
605,669,606,2,1
605,671,5,3,3
605,686,606,2,1
605,687,5,3,3
605,699,606,2,1
605,707,606,2,1
605,714,606,2,1
605,718,580,0,3
606,627,607,2,1
606,628,607,2,1
606,636,607,2,1
606,642,607,2,1
606,643,6,3,3
606,644,607,2,1
606,645,607,2,1
606,648,607,2,1
606,649,607,2,1
606,653,6,3,3
606,658,581,0,3
606,659,581,0,3
606,661,6,3,3
606,663,581,0,3
606,669,607,2,1
606,671,6,3,3
606,679,607,2,1
606,686,607,2,1
606,699,607,2,1
606,703,6,3,3
606,707,607,2,1
606,710,581,0,3
606,714,607,2,1
606,718,581,0,3
606,722,607,2,1
607,627,608,2,1
607,628,608,2,1
607,636,608,2,1
607,642,608,2,1
607,643,7,3,3
607,644,608,2,1
607,645,608,2,1
607,648,608,2,1
607,649,608,2,1
607,653,7,3,3
607,658,582,0,3
607,659,582,0,3
607,661,7,3,3
607,663,582,0,3
607,669,608,2,1
607,671,7,3,3
607,679,608,2,1
607,686,608,2,1
607,699,608,2,1
607,701,7,3,3
607,703,7,3,3
607,707,608,2,1
607,710,582,0,3
607,714,608,2,1
607,718,582,0,3
607,722,608,2,1
608,627,583,0,3
608,628,8,3,3
608,642,583,0,3
608,643,8,3,3
608,644,8,3,3
608,645,8,3,3
608,648,583,0,3
608,649,8,3,3
608,653,8,3,3
608,659,583,0,3
608,669,8,3,3
608,671,8,3,3
608,679,583,0,3
608,686,8,3,3
608,699,8,3,3
608,714,8,3,3
608,718,583,0,3
609,627,584,0,3
609,628,9,3,3
609,636,9,3,3
609,642,584,0,3
609,643,608,1,2
609,644,9,3,3
609,645,9,3,3
609,646,9,3,3
609,648,584,0,3
609,649,9,3,3
609,653,608,1,2
609,655,9,3,3
609,658,608,1,2
609,659,608,1,2
609,661,608,1,2
609,663,608,1,2
609,669,9,3,3
609,671,608,1,2
609,679,584,0,3
609,686,9,3,3
609,699,9,3,3
609,701,608,1,2
609,703,608,1,2
609,707,584,0,3
609,710,608,1,2
609,712,608,1,2
609,714,9,3,3
609,718,608,1,2
609,721,9,3,3
609,722,9,3,3
610,627,585,0,3
610,628,10,3,3
610,636,10,3,3
610,642,585,0,3
610,643,609,1,2
610,644,10,3,3
610,645,10,3,3
610,648,585,0,3
610,649,10,3,3
610,653,609,1,2
610,658,609,1,2
610,659,609,1,2
610,661,609,1,2
610,663,609,1,2
610,669,10,3,3
610,671,609,1,2
610,679,585,0,3
610,686,10,3,3
610,699,10,3,3
610,703,609,1,2
610,707,585,0,3
610,710,609,1,2
610,714,10,3,3
610,718,609,1,2
610,722,10,3,3
611,628,11,3,3
611,632,612,2,1
611,642,586,0,3
611,643,610,1,2
611,645,11,3,3
611,648,586,0,3
611,649,11,3,3
611,653,610,1,2
611,658,610,1,2
611,659,610,1,2
611,661,610,1,2
611,663,610,1,2
611,665,612,2,1
611,669,11,3,3
611,671,610,1,2
611,686,11,3,3
611,699,11,3,3
611,707,586,0,3
611,710,610,1,2
611,714,11,3,3
611,718,610,1,2
612,628,12,3,3
612,642,587,0,3
612,643,611,1,2
612,645,12,3,3
612,647,613,2,1
612,648,587,0,3
612,653,611,1,2
612,659,611,1,2
612,663,611,1,2
612,669,12,3,3
612,671,611,1,2
612,680,613,2,1
612,686,12,3,3
612,699,12,3,3
612,714,613,2,1
612,717,611,1,2
612,718,611,1,2
613,628,13,3,3
613,642,588,0,3
613,643,612,1,2
613,645,13,3,3
613,648,588,0,3
613,653,612,1,2
613,656,614,2,1
613,659,612,1,2
613,671,612,1,2
613,688,614,2,1
613,699,13,3,3
614,630,615,2,1
614,643,613,1,2
614,648,615,2,1
614,653,613,1,2
614,659,615,2,1
614,671,615,2,1
614,676,615,2,1
614,699,615,2,1
615,643,616,2,1
615,648,590,0,3
615,659,616,2,1
615,671,616,2,1
615,691,590,0,3
615,699,15,3,3
616,628,16,3,3
616,642,591,0,3
616,643,617,2,1
616,645,16,3,3
616,648,591,0,3
616,653,617,2,1
616,659,617,2,1
616,671,617,2,1
616,684,591,0,3
616,693,16,3,3
616,699,16,3,3
617,628,17,3,3
617,631,592,0,3
617,642,592,0,3
617,643,618,2,1
617,645,17,3,3
617,648,592,0,3
617,653,618,2,1
617,659,618,2,1
617,667,17,3,3
617,669,17,3,3
617,671,618,2,1
617,673,17,3,3
617,686,17,3,3
617,699,17,3,3
617,704,17,3,3
617,713,17,3,3
617,714,17,3,3
617,718,618,2,1
617,724,17,3,3
618,628,18,3,3
618,633,18,3,3
618,640,18,3,3
618,642,593,0,3
618,643,619,2,1
618,645,18,3,3
618,648,593,0,3
618,649,18,3,3
618,653,619,2,1
618,658,619,2,1
618,659,619,2,1
618,661,619,2,1
618,663,619,2,1
618,669,18,3,3
618,671,619,2,1
618,686,18,3,3
618,689,593,0,3
618,698,18,3,3
618,699,18,3,3
618,707,593,0,3
618,714,18,3,3
618,718,619,2,1
619,627,594,0,3
619,628,19,3,3
619,636,19,3,3
619,642,594,0,3
619,643,620,2,1
619,644,19,3,3
619,645,19,3,3
619,648,594,0,3
619,649,19,3,3
619,653,620,2,1
619,658,620,2,1
619,659,620,2,1
619,661,620,2,1
619,663,620,2,1
619,669,19,3,3
619,671,620,2,1
619,679,594,0,3
619,685,19,3,3
619,686,19,3,3
619,699,19,3,3
619,703,620,2,1
619,707,594,0,3
619,710,620,2,1
619,714,19,3,3
619,718,620,2,1
619,722,19,3,3
620,627,595,0,3
620,628,20,3,3
620,636,20,3,3
620,642,595,0,3
620,643,621,2,1
620,644,20,3,3
620,645,20,3,3
620,646,20,3,3
620,648,595,0,3
620,649,20,3,3
620,653,621,2,1
620,655,20,3,3
620,658,621,2,1
620,659,621,2,1
620,661,621,2,1
620,663,621,2,1
620,669,20,3,3
620,671,621,2,1
620,679,595,0,3
620,686,20,3,3
620,699,20,3,3
620,701,621,2,1
620,703,621,2,1
620,707,595,0,3
620,710,621,2,1
620,714,20,3,3
620,718,621,2,1
620,721,20,3,3
620,722,20,3,3
621,627,596,0,3
621,628,21,3,3
621,642,596,0,3
621,643,21,3,3
621,644,21,3,3
621,645,21,3,3
621,646,21,3,3
621,648,596,0,3
621,649,21,3,3
621,653,21,3,3
621,655,21,3,3
621,659,596,0,3
621,669,21,3,3
621,671,21,3,3
621,679,596,0,3
621,686,21,3,3
621,699,21,3,3
621,712,622,2,1
621,714,21,3,3
621,718,596,0,3
621,721,21,3,3
622,627,621,1,2
622,628,621,1,2
622,636,621,1,2
622,638,623,2,1
622,642,621,1,2
622,643,22,3,3
622,644,621,1,2
622,645,621,1,2
622,648,621,1,2
622,649,621,1,2
622,653,22,3,3
622,658,597,0,3
622,659,597,0,3
622,661,22,3,3
622,663,597,0,3
622,669,621,1,2
622,671,22,3,3
622,679,621,1,2
622,686,621,1,2
622,692,623,2,1
622,694,623,2,1
622,699,621,1,2
622,703,22,3,3
622,707,621,1,2
622,710,597,0,3
622,714,621,1,2
622,718,597,0,3
622,722,621,1,2
623,628,622,1,2
623,636,624,2,1
623,642,622,1,2
623,643,23,3,3
623,644,624,2,1
623,645,622,1,2
623,648,622,1,2
623,649,622,1,2
623,652,624,2,1
623,653,23,3,3
623,658,598,0,3
623,659,598,0,3
623,661,23,3,3
623,663,598,0,3
623,669,622,1,2
623,671,23,3,3
623,679,624,2,1
623,686,622,1,2
623,697,624,2,1
623,699,622,1,2
623,702,624,2,1
623,707,622,1,2
623,708,624,2,1
623,710,624,2,1
623,714,622,1,2
623,718,598,0,3
623,722,624,2,1
624,628,623,1,2
624,637,600,2,3
624,642,623,1,2
624,643,24,3,3
624,645,623,1,2
624,648,623,1,2
624,649,600,2,3
624,651,600,2,3
624,653,24,3,3
624,659,599,0,3
624,660,600,2,3
624,663,600,2,3
624,669,623,1,2
624,671,24,3,3
624,674,600,2,3
624,682,600,2,3
624,683,600,2,3
624,686,623,1,2
624,699,623,1,2
624,705,600,2,3
624,707,600,2,3
624,709,600,2,3
624,714,623,1,2
624,717,600,2,3
624,718,599,0,3
624,720,600,2,3
627,625,460,0,6
627,626,460,0,6
627,628,460,0,6
627,629,460,0,6
627,630,460,0,6
627,631,460,0,6
627,632,460,0,6
627,633,460,0,6
627,634,460,0,6
627,635,460,0,6
627,636,460,0,6
627,637,460,0,6
627,638,460,0,6
627,639,460,0,6
627,640,460,0,6
627,641,460,0,6
627,642,460,0,6
627,643,460,0,6
627,644,460,0,6
627,645,460,0,6
627,646,460,0,6
627,647,460,0,6
627,648,460,0,6
627,649,460,0,6
627,650,460,0,6
627,651,460,0,6
627,652,460,0,6
627,653,460,0,6
627,654,460,0,6
627,655,460,0,6
627,656,460,0,6
627,657,460,0,6
627,658,460,0,6
627,659,460,0,6
627,660,460,0,6
627,661,460,0,6
627,662,460,0,6
627,663,460,0,6
627,664,460,0,6
627,665,460,0,6
627,666,460,0,6
627,667,460,0,6
627,668,460,0,6
627,669,460,0,6
627,670,460,0,6
627,671,460,0,6
627,672,460,0,6
627,673,460,0,6
627,674,460,0,6
627,675,460,0,6
627,676,460,0,6
627,677,460,0,6
627,678,460,0,6
627,679,460,0,6
627,680,460,0,6
627,681,460,0,6
627,682,460,0,6
627,683,460,0,6
627,684,460,0,6
627,685,460,0,6
627,686,460,0,6
627,687,460,0,6
627,688,460,0,6
627,689,460,0,6
627,690,460,0,6
627,691,460,0,6
627,692,460,0,6
627,693,460,0,6
627,694,460,0,6
627,695,460,0,6
627,696,460,0,6
627,697,460,0,6
627,698,460,0,6
627,699,460,0,6
627,700,460,0,6
627,701,460,0,6
627,702,460,0,6
627,703,460,0,6
627,704,460,0,6
627,705,460,0,6
627,706,460,0,6
627,707,460,0,6
627,708,460,0,6
627,709,460,0,6
627,710,460,0,6
627,711,460,0,6
627,712,460,0,6
627,713,460,0,6
627,714,460,0,6
627,715,460,0,6
627,716,460,0,6
627,717,460,0,6
627,718,460,0,6
627,719,460,0,6
627,720,460,0,6
627,721,460,0,6
627,722,460,0,6
627,723,460,0,6
627,724,460,0,6
628,625,113,0,7
628,626,113,0,7
628,627,113,0,7
628,629,113,0,7
628,630,113,0,7
628,631,113,0,7
628,632,113,0,7
628,633,113,0,7
628,634,113,0,7
628,635,113,0,7
628,636,113,0,7
628,637,113,0,7
628,638,113,0,7
628,639,113,0,7
628,640,113,0,7
628,641,113,0,7
628,642,113,0,7
628,643,113,0,7
628,644,113,0,7
628,645,113,0,7
628,646,113,0,7
628,647,113,0,7
628,648,113,0,7
628,649,113,0,7
628,650,113,0,7
628,651,113,0,7
628,652,113,0,7
628,653,113,0,7
628,654,113,0,7
628,655,113,0,7
628,656,113,0,7
628,657,113,0,7
628,658,113,0,7
628,659,113,0,7
628,660,113,0,7
628,661,113,0,7
628,662,113,0,7
628,663,113,0,7
628,664,113,0,7
628,665,113,0,7
628,666,113,0,7
628,667,113,0,7
628,668,113,0,7
628,669,113,0,7
628,670,113,0,7
628,671,113,0,7
628,672,113,0,7
628,673,113,0,7
628,674,113,0,7
628,675,113,0,7
628,676,113,0,7
628,677,113,0,7
628,678,113,0,7
628,679,113,0,7
628,680,113,0,7
628,681,113,0,7
628,682,113,0,7
628,683,113,0,7
628,684,113,0,7
628,685,113,0,7
628,686,113,0,7
628,687,113,0,7
628,688,113,0,7
628,689,113,0,7
628,690,113,0,7
628,691,113,0,7
628,692,113,0,7
628,693,113,0,7
628,694,113,0,7
628,695,113,0,7
628,696,113,0,7
628,697,113,0,7
628,698,113,0,7
628,699,113,0,7
628,700,113,0,7
628,701,113,0,7
628,702,113,0,7
628,703,113,0,7
628,704,113,0,7
628,705,113,0,7
628,706,113,0,7
628,707,113,0,7
628,708,113,0,7
628,709,113,0,7
628,710,113,0,7
628,711,113,0,7
628,712,113,0,7
628,713,113,0,7
628,714,113,0,7
628,715,113,0,7
628,716,113,0,7
628,717,113,0,7
628,718,113,0,7
628,719,113,0,7
628,720,113,0,7
628,721,113,0,7
628,722,113,0,7
628,723,113,0,7
628,724,113,0,7
636,625,135,0,15
636,626,135,0,15
636,627,135,0,15
636,628,135,0,15
636,629,135,0,15
636,630,135,0,15
636,631,135,0,15
636,632,135,0,15
636,633,135,0,15
636,634,135,0,15
636,635,135,0,15
636,637,135,0,15
636,638,135,0,15
636,639,135,0,15
636,640,135,0,15
636,641,135,0,15
636,642,135,0,15
636,643,135,0,15
636,644,135,0,15
636,645,135,0,15
636,646,135,0,15
636,647,135,0,15
636,648,135,0,15
636,649,135,0,15
636,650,135,0,15
636,651,135,0,15
636,652,135,0,15
636,653,135,0,15
636,654,135,0,15
636,655,135,0,15
636,656,135,0,15
636,657,135,0,15
636,658,135,0,15
636,659,135,0,15
636,660,135,0,15
636,661,135,0,15
636,662,135,0,15
636,663,135,0,15
636,664,135,0,15
636,665,135,0,15
636,666,135,0,15
636,667,135,0,15
636,668,135,0,15
636,669,135,0,15
636,670,135,0,15
636,671,135,0,15
636,672,135,0,15
636,673,135,0,15
636,674,135,0,15
636,675,135,0,15
636,676,135,0,15
636,677,135,0,15
636,678,135,0,15
636,679,135,0,15
636,680,135,0,15
636,681,135,0,15
636,682,135,0,15
636,683,135,0,15
636,684,135,0,15
636,685,135,0,15
636,686,135,0,15
636,687,135,0,15
636,688,135,0,15
636,689,135,0,15
636,690,135,0,15
636,691,135,0,15
636,692,135,0,15
636,693,135,0,15
636,694,135,0,15
636,695,135,0,15
636,696,135,0,15
636,697,135,0,15
636,698,135,0,15
636,699,135,0,15
636,700,135,0,15
636,701,135,0,15
636,702,135,0,15
636,703,135,0,15
636,704,135,0,15
636,705,135,0,15
636,706,135,0,15
636,707,135,0,15
636,708,135,0,15
636,709,135,0,15
636,710,135,0,15
636,711,135,0,15
636,712,135,0,15
636,713,135,0,15
636,714,135,0,15
636,715,135,0,15
636,716,135,0,15
636,717,135,0,15
636,718,135,0,15
636,719,135,0,15
636,720,135,0,15
636,721,135,0,15
636,722,135,0,15
636,723,135,0,15
636,724,135,0,15
637,625,380,0,16
637,626,380,0,16
637,627,380,0,16
637,628,380,0,16
637,629,380,0,16
637,630,380,0,16
637,631,380,0,16
637,632,380,0,16
637,633,380,0,16
637,634,380,0,16
637,635,380,0,16
637,636,380,0,16
637,638,380,0,16
637,639,380,0,16
637,640,380,0,16
637,641,380,0,16
637,642,380,0,16
637,643,380,0,16
637,644,380,0,16
637,645,380,0,16
637,646,380,0,16
637,647,380,0,16
637,648,380,0,16
637,649,380,0,16
637,650,380,0,16
637,651,380,0,16
637,652,380,0,16
637,653,380,0,16
637,654,380,0,16
637,655,380,0,16
637,656,380,0,16
637,657,380,0,16
637,658,380,0,16
637,659,380,0,16
637,660,380,0,16
637,661,380,0,16
637,662,380,0,16
637,663,380,0,16
637,664,380,0,16
637,665,380,0,16
637,666,380,0,16
637,667,380,0,16
637,668,380,0,16
637,669,380,0,16
637,670,380,0,16
637,671,380,0,16
637,672,380,0,16
637,673,380,0,16
637,674,380,0,16
637,675,380,0,16
637,676,380,0,16
637,677,380,0,16
637,678,380,0,16
637,679,380,0,16
637,680,380,0,16
637,681,380,0,16
637,682,380,0,16
637,683,380,0,16
637,684,380,0,16
637,685,380,0,16
637,686,380,0,16
637,687,380,0,16
637,688,380,0,16
637,689,380,0,16
637,690,380,0,16
637,691,380,0,16
637,692,380,0,16
637,693,380,0,16
637,694,380,0,16
637,695,380,0,16
637,696,380,0,16
637,697,380,0,16
637,698,380,0,16
637,699,380,0,16
637,700,380,0,16
637,701,380,0,16
637,702,380,0,16
637,703,380,0,16
637,704,380,0,16
637,705,380,0,16
637,706,380,0,16
637,707,380,0,16
637,708,380,0,16
637,709,380,0,16
637,710,380,0,16
637,711,380,0,16
637,712,380,0,16
637,713,380,0,16
637,714,380,0,16
637,715,380,0,16
637,716,380,0,16
637,717,380,0,16
637,718,380,0,16
637,719,380,0,16
637,720,380,0,16
637,721,380,0,16
637,722,380,0,16
637,723,380,0,16
637,724,380,0,16
642,625,438,0,21
642,626,438,0,21
642,627,438,0,21
642,628,438,0,21
642,629,438,0,21
642,630,438,0,21
642,631,438,0,21
642,632,438,0,21
642,633,438,0,21
642,634,438,0,21
642,635,438,0,21
642,636,438,0,21
642,637,438,0,21
642,638,438,0,21
642,639,438,0,21
642,640,438,0,21
642,641,438,0,21
642,643,438,0,21
642,644,438,0,21
642,645,438,0,21
642,646,438,0,21
642,647,438,0,21
642,648,438,0,21
642,649,438,0,21
642,650,438,0,21
642,651,438,0,21
642,652,438,0,21
642,653,438,0,21
642,654,438,0,21
642,655,438,0,21
642,656,438,0,21
642,657,438,0,21
642,658,438,0,21
642,659,438,0,21
642,660,438,0,21
642,661,438,0,21
642,662,438,0,21
642,663,438,0,21
642,664,438,0,21
642,665,438,0,21
642,666,438,0,21
642,667,438,0,21
642,668,438,0,21
642,669,438,0,21
642,670,438,0,21
642,671,438,0,21
642,672,438,0,21
642,673,438,0,21
642,674,438,0,21
642,675,438,0,21
642,676,438,0,21
642,677,438,0,21
642,678,438,0,21
642,679,438,0,21
642,680,438,0,21
642,681,438,0,21
642,682,438,0,21
642,683,438,0,21
642,684,438,0,21
642,685,438,0,21
642,686,438,0,21
642,687,438,0,21
642,688,438,0,21
642,689,438,0,21
642,690,438,0,21
642,691,438,0,21
642,692,438,0,21
642,693,438,0,21
642,694,438,0,21
642,695,438,0,21
642,696,438,0,21
642,697,438,0,21
642,698,438,0,21
642,699,438,0,21
642,700,438,0,21
642,701,438,0,21
642,702,438,0,21
642,703,438,0,21
642,704,438,0,21
642,705,438,0,21
642,706,438,0,21
642,707,438,0,21
642,708,438,0,21
642,709,438,0,21
642,710,438,0,21
642,711,438,0,21
642,712,438,0,21
642,713,438,0,21
642,714,438,0,21
642,715,438,0,21
642,716,438,0,21
642,717,438,0,21
642,718,438,0,21
642,719,438,0,21
642,720,438,0,21
642,721,438,0,21
642,722,438,0,21
642,723,438,0,21
642,724,438,0,21
643,625,202,0,22
643,626,202,0,22
643,627,202,0,22
643,628,202,0,22
643,629,202,0,22
643,630,202,0,22
643,631,202,0,22
643,632,202,0,22
643,633,202,0,22
643,634,202,0,22
643,635,202,0,22
643,636,202,0,22
643,637,202,0,22
643,638,202,0,22
643,639,202,0,22
643,640,202,0,22
643,641,202,0,22
643,642,202,0,22
643,644,202,0,22
643,645,202,0,22
643,646,202,0,22
643,647,202,0,22
643,648,202,0,22
643,649,202,0,22
643,650,202,0,22
643,651,202,0,22
643,652,202,0,22
643,653,202,0,22
643,654,202,0,22
643,655,202,0,22
643,656,202,0,22
643,657,202,0,22
643,658,202,0,22
643,659,202,0,22
643,660,202,0,22
643,661,202,0,22
643,662,202,0,22
643,663,202,0,22
643,664,202,0,22
643,665,202,0,22
643,666,202,0,22
643,667,202,0,22
643,668,202,0,22
643,669,202,0,22
643,670,202,0,22
643,671,202,0,22
643,672,202,0,22
643,673,202,0,22
643,674,202,0,22
643,675,202,0,22
643,676,202,0,22
643,677,202,0,22
643,678,202,0,22
643,679,202,0,22
643,680,202,0,22
643,681,202,0,22
643,682,202,0,22
643,683,202,0,22
643,684,202,0,22
643,685,202,0,22
643,686,202,0,22
643,687,202,0,22
643,688,202,0,22
643,689,202,0,22
643,690,202,0,22
643,691,202,0,22
643,692,202,0,22
643,693,202,0,22
643,694,202,0,22
643,695,202,0,22
643,696,202,0,22
643,697,202,0,22
643,698,202,0,22
643,699,202,0,22
643,700,202,0,22
643,701,202,0,22
643,702,202,0,22
643,703,202,0,22
643,704,202,0,22
643,705,202,0,22
643,706,202,0,22
643,707,202,0,22
643,708,202,0,22
643,709,202,0,22
643,710,202,0,22
643,711,202,0,22
643,712,202,0,22
643,713,202,0,22
643,714,202,0,22
643,715,202,0,22
643,716,202,0,22
643,717,202,0,22
643,718,202,0,22
643,719,202,0,22
643,720,202,0,22
643,721,202,0,22
643,722,202,0,22
643,723,202,0,22
643,724,202,0,22
644,625,235,0,23
644,626,235,0,23
644,627,235,0,23
644,628,235,0,23
644,629,235,0,23
644,630,235,0,23
644,631,235,0,23
644,632,235,0,23
644,633,235,0,23
644,634,235,0,23
644,635,235,0,23
644,636,235,0,23
644,637,235,0,23
644,638,235,0,23
644,639,235,0,23
644,640,235,0,23
644,641,235,0,23
644,642,235,0,23
644,643,235,0,23
644,645,235,0,23
644,646,235,0,23
644,647,235,0,23
644,648,235,0,23
644,649,235,0,23
644,650,235,0,23
644,651,235,0,23
644,652,235,0,23
644,653,235,0,23
644,654,235,0,23
644,655,235,0,23
644,656,235,0,23
644,657,235,0,23
644,658,235,0,23
644,659,235,0,23
644,660,235,0,23
644,661,235,0,23
644,662,235,0,23
644,663,235,0,23
644,664,235,0,23
644,665,235,0,23
644,666,235,0,23
644,667,235,0,23
644,668,235,0,23
644,669,235,0,23
644,670,235,0,23
644,671,235,0,23
644,672,235,0,23
644,673,235,0,23
644,674,235,0,23
644,675,235,0,23
644,676,235,0,23
644,677,235,0,23
644,678,235,0,23
644,679,235,0,23
644,680,235,0,23
644,681,235,0,23
644,682,235,0,23
644,683,235,0,23
644,684,235,0,23
644,685,235,0,23
644,686,235,0,23
644,687,235,0,23
644,688,235,0,23
644,689,235,0,23
644,690,235,0,23
644,691,235,0,23
644,692,235,0,23
644,693,235,0,23
644,694,235,0,23
644,695,235,0,23
644,696,235,0,23
644,697,235,0,23
644,698,235,0,23
644,699,235,0,23
644,700,235,0,23
644,701,235,0,23
644,702,235,0,23
644,703,235,0,23
644,704,235,0,23
644,705,235,0,23
644,706,235,0,23
644,707,235,0,23
644,708,235,0,23
644,709,235,0,23
644,710,235,0,23
644,711,235,0,23
644,712,235,0,23
644,713,235,0,23
644,714,235,0,23
644,715,235,0,23
644,716,235,0,23
644,717,235,0,23
644,718,235,0,23
644,719,235,0,23
644,720,235,0,23
644,721,235,0,23
644,722,235,0,23
644,723,235,0,23
644,724,235,0,23
645,625,63,0,24
645,626,63,0,24
645,627,63,0,24
645,628,63,0,24
645,629,63,0,24
645,630,63,0,24
645,631,63,0,24
645,632,63,0,24
645,633,63,0,24
645,634,63,0,24
645,635,63,0,24
645,636,63,0,24
645,637,63,0,24
645,638,63,0,24
645,639,63,0,24
645,640,63,0,24
645,641,63,0,24
645,642,63,0,24
645,643,63,0,24
645,644,63,0,24
645,646,63,0,24
645,647,63,0,24
645,648,63,0,24
645,649,63,0,24
645,650,63,0,24
645,651,63,0,24
645,652,63,0,24
645,653,63,0,24
645,654,63,0,24
645,655,63,0,24
645,656,63,0,24
645,657,63,0,24
645,658,63,0,24
645,659,63,0,24
645,660,63,0,24
645,661,63,0,24
645,662,63,0,24
645,663,63,0,24
645,664,63,0,24
645,665,63,0,24
645,666,63,0,24
645,667,63,0,24
645,668,63,0,24
645,669,63,0,24
645,670,63,0,24
645,671,63,0,24
645,672,63,0,24
645,673,63,0,24
645,674,63,0,24
645,675,63,0,24
645,676,63,0,24
645,677,63,0,24
645,678,63,0,24
645,679,63,0,24
645,680,63,0,24
645,681,63,0,24
645,682,63,0,24
645,683,63,0,24
645,684,63,0,24
645,685,63,0,24
645,686,63,0,24
645,687,63,0,24
645,688,63,0,24
645,689,63,0,24
645,690,63,0,24
645,691,63,0,24
645,692,63,0,24
645,693,63,0,24
645,694,63,0,24
645,695,63,0,24
645,696,63,0,24
645,697,63,0,24
645,698,63,0,24
645,699,63,0,24
645,700,63,0,24
645,701,63,0,24
645,702,63,0,24
645,703,63,0,24
645,704,63,0,24
645,705,63,0,24
645,706,63,0,24
645,707,63,0,24
645,708,63,0,24
645,709,63,0,24
645,710,63,0,24
645,711,63,0,24
645,712,63,0,24
645,713,63,0,24
645,714,63,0,24
645,715,63,0,24
645,716,63,0,24
645,717,63,0,24
645,718,63,0,24
645,719,63,0,24
645,720,63,0,24
645,721,63,0,24
645,722,63,0,24
645,723,63,0,24
645,724,63,0,24
646,625,9,0,25
646,626,9,0,25
646,627,9,0,25
646,628,9,0,25
646,629,9,0,25
646,630,9,0,25
646,631,9,0,25
646,632,9,0,25
646,633,9,0,25
646,634,9,0,25
646,635,9,0,25
646,636,9,0,25
646,637,9,0,25
646,638,9,0,25
646,639,9,0,25
646,640,9,0,25
646,641,9,0,25
646,642,9,0,25
646,643,9,0,25
646,644,9,0,25
646,645,9,0,25
646,647,9,0,25
646,648,9,0,25
646,649,9,0,25
646,650,9,0,25
646,651,9,0,25
646,652,9,0,25
646,653,9,0,25
646,654,9,0,25
646,655,9,0,25
646,656,9,0,25
646,657,9,0,25
646,658,9,0,25
646,659,9,0,25
646,660,9,0,25
646,661,9,0,25
646,662,9,0,25
646,663,9,0,25
646,664,9,0,25
646,665,9,0,25
646,666,9,0,25
646,667,9,0,25
646,668,9,0,25
646,669,9,0,25
646,670,9,0,25
646,671,9,0,25
646,672,9,0,25
646,673,9,0,25
646,674,9,0,25
646,675,9,0,25
646,676,9,0,25
646,677,9,0,25
646,678,9,0,25
646,679,9,0,25
646,680,9,0,25
646,681,9,0,25
646,682,9,0,25
646,683,9,0,25
646,684,9,0,25
646,685,9,0,25
646,686,9,0,25
646,687,9,0,25
646,688,9,0,25
646,689,9,0,25
646,690,9,0,25
646,691,9,0,25
646,692,9,0,25
646,693,9,0,25
646,694,9,0,25
646,695,9,0,25
646,696,9,0,25
646,697,9,0,25
646,698,9,0,25
646,699,9,0,25
646,700,9,0,25
646,701,9,0,25
646,702,9,0,25
646,703,9,0,25
646,704,9,0,25
646,705,9,0,25
646,706,9,0,25
646,707,9,0,25
646,708,9,0,25
646,709,9,0,25
646,710,9,0,25
646,711,9,0,25
646,712,9,0,25
646,713,9,0,25
646,714,9,0,25
646,715,9,0,25
646,716,9,0,25
646,717,9,0,25
646,718,9,0,25
646,719,9,0,25
646,720,9,0,25
646,721,9,0,25
646,722,9,0,25
646,723,9,0,25
646,724,9,0,25
648,625,415,0,27
648,626,415,0,27
648,627,415,0,27
648,628,415,0,27
648,629,415,0,27
648,630,415,0,27
648,631,415,0,27
648,632,415,0,27
648,633,415,0,27
648,634,415,0,27
648,635,415,0,27
648,636,415,0,27
648,637,415,0,27
648,638,415,0,27
648,639,415,0,27
648,640,415,0,27
648,641,415,0,27
648,642,415,0,27
648,643,415,0,27
648,644,415,0,27
648,645,415,0,27
648,646,415,0,27
648,647,415,0,27
648,649,415,0,27
648,650,415,0,27
648,651,415,0,27
648,652,415,0,27
648,653,415,0,27
648,654,415,0,27
648,655,415,0,27
648,656,415,0,27
648,657,415,0,27
648,658,415,0,27
648,659,415,0,27
648,660,415,0,27
648,661,415,0,27
648,662,415,0,27
648,663,415,0,27
648,664,415,0,27
648,665,415,0,27
648,666,415,0,27
648,667,415,0,27
648,668,415,0,27
648,669,415,0,27
648,670,415,0,27
648,671,415,0,27
648,672,415,0,27
648,673,415,0,27
648,674,415,0,27
648,675,415,0,27
648,676,415,0,27
648,677,415,0,27
648,678,415,0,27
648,679,415,0,27
648,680,415,0,27
648,681,415,0,27
648,682,415,0,27
648,683,415,0,27
648,684,415,0,27
648,685,415,0,27
648,686,415,0,27
648,687,415,0,27
648,688,415,0,27
648,689,415,0,27
648,690,415,0,27
648,691,415,0,27
648,692,415,0,27
648,693,415,0,27
648,694,415,0,27
648,695,415,0,27
648,696,415,0,27
648,697,415,0,27
648,698,415,0,27
648,699,415,0,27
648,700,415,0,27
648,701,415,0,27
648,702,415,0,27
648,703,415,0,27
648,704,415,0,27
648,705,415,0,27
648,706,415,0,27
648,707,415,0,27
648,708,415,0,27
648,709,415,0,27
648,710,415,0,27
648,711,415,0,27
648,712,415,0,27
648,713,415,0,27
648,714,415,0,27
648,715,415,0,27
648,716,415,0,27
648,717,415,0,27
648,718,415,0,27
648,719,415,0,27
648,720,415,0,27
648,721,415,0,27
648,722,415,0,27
648,723,415,0,27
648,724,415,0,27
649,625,161,0,28
649,626,161,0,28
649,627,161,0,28
649,628,161,0,28
649,629,161,0,28
649,630,161,0,28
649,631,161,0,28
649,632,161,0,28
649,633,161,0,28
649,634,161,0,28
649,635,161,0,28
649,636,161,0,28
649,637,161,0,28
649,638,161,0,28
649,639,161,0,28
649,640,161,0,28
649,641,161,0,28
649,642,161,0,28
649,643,161,0,28
649,644,161,0,28
649,645,161,0,28
649,646,161,0,28
649,647,161,0,28
649,648,161,0,28
649,650,161,0,28
649,651,161,0,28
649,652,161,0,28
649,653,161,0,28
649,654,161,0,28
649,655,161,0,28
649,656,161,0,28
649,657,161,0,28
649,658,161,0,28
649,659,161,0,28
649,660,161,0,28
649,661,161,0,28
649,662,161,0,28
649,663,161,0,28
649,664,161,0,28
649,665,161,0,28
649,666,161,0,28
649,667,161,0,28
649,668,161,0,28
649,669,161,0,28
649,670,161,0,28
649,671,161,0,28
649,672,161,0,28
649,673,161,0,28
649,674,161,0,28
649,675,161,0,28
649,676,161,0,28
649,677,161,0,28
649,678,161,0,28
649,679,161,0,28
649,680,161,0,28
649,681,161,0,28
649,682,161,0,28
649,683,161,0,28
649,684,161,0,28
649,685,161,0,28
649,686,161,0,28
649,687,161,0,28
649,688,161,0,28
649,689,161,0,28
649,690,161,0,28
649,691,161,0,28
649,692,161,0,28
649,693,161,0,28
649,694,161,0,28
649,695,161,0,28
649,696,161,0,28
649,697,161,0,28
649,698,161,0,28
649,699,161,0,28
649,700,161,0,28
649,701,161,0,28
649,702,161,0,28
649,703,161,0,28
649,704,161,0,28
649,705,161,0,28
649,706,161,0,28
649,707,161,0,28
649,708,161,0,28
649,709,161,0,28
649,710,161,0,28
649,711,161,0,28
649,712,161,0,28
649,713,161,0,28
649,714,161,0,28
649,715,161,0,28
649,716,161,0,28
649,717,161,0,28
649,718,161,0,28
649,719,161,0,28
649,720,161,0,28
649,721,161,0,28
649,722,161,0,28
649,723,161,0,28
649,724,161,0,28
652,625,306,0,31
652,626,306,0,31
652,627,306,0,31
652,628,306,0,31
652,629,306,0,31
652,630,306,0,31
652,631,306,0,31
652,632,306,0,31
652,633,306,0,31
652,634,306,0,31
652,635,306,0,31
652,636,306,0,31
652,637,306,0,31
652,638,306,0,31
652,639,306,0,31
652,640,306,0,31
652,641,306,0,31
652,642,306,0,31
652,643,306,0,31
652,644,306,0,31
652,645,306,0,31
652,646,306,0,31
652,647,306,0,31
652,648,306,0,31
652,649,306,0,31
652,650,306,0,31
652,651,306,0,31
652,653,306,0,31
652,654,306,0,31
652,655,306,0,31
652,656,306,0,31
652,657,306,0,31
652,658,306,0,31
652,659,306,0,31
652,660,306,0,31
652,661,306,0,31
652,662,306,0,31
652,663,306,0,31
652,664,306,0,31
652,665,306,0,31
652,666,306,0,31
652,667,306,0,31
652,668,306,0,31
652,669,306,0,31
652,670,306,0,31
652,671,306,0,31
652,672,306,0,31
652,673,306,0,31
652,674,306,0,31
652,675,306,0,31
652,676,306,0,31
652,677,306,0,31
652,678,306,0,31
652,679,306,0,31
652,680,306,0,31
652,681,306,0,31
652,682,306,0,31
652,683,306,0,31
652,684,306,0,31
652,685,306,0,31
652,686,306,0,31
652,687,306,0,31
652,688,306,0,31
652,689,306,0,31
652,690,306,0,31
652,691,306,0,31
652,692,306,0,31
652,693,306,0,31
652,694,306,0,31
652,695,306,0,31
652,696,306,0,31
652,697,306,0,31
652,698,306,0,31
652,699,306,0,31
652,700,306,0,31
652,701,306,0,31
652,702,306,0,31
652,703,306,0,31
652,704,306,0,31
652,705,306,0,31
652,706,306,0,31
652,707,306,0,31
652,708,306,0,31
652,709,306,0,31
652,710,306,0,31
652,711,306,0,31
652,712,306,0,31
652,713,306,0,31
652,714,306,0,31
652,715,306,0,31
652,716,306,0,31
652,717,306,0,31
652,718,306,0,31
652,719,306,0,31
652,720,306,0,31
652,721,306,0,31
652,722,306,0,31
652,723,306,0,31
652,724,306,0,31
653,625,153,0,32
653,626,153,0,32
653,627,153,0,32
653,628,153,0,32
653,629,153,0,32
653,630,153,0,32
653,631,153,0,32
653,632,153,0,32
653,633,153,0,32
653,634,153,0,32
653,635,153,0,32
653,636,153,0,32
653,637,153,0,32
653,638,153,0,32
653,639,153,0,32
653,640,153,0,32
653,641,153,0,32
653,642,153,0,32
653,643,153,0,32
653,644,153,0,32
653,645,153,0,32
653,646,153,0,32
653,647,153,0,32
653,648,153,0,32
653,649,153,0,32
653,650,153,0,32
653,651,153,0,32
653,652,153,0,32
653,654,153,0,32
653,655,153,0,32
653,656,153,0,32
653,657,153,0,32
653,658,153,0,32
653,659,153,0,32
653,660,153,0,32
653,661,153,0,32
653,662,153,0,32
653,663,153,0,32
653,664,153,0,32
653,665,153,0,32
653,666,153,0,32
653,667,153,0,32
653,668,153,0,32
653,669,153,0,32
653,670,153,0,32
653,671,153,0,32
653,672,153,0,32
653,673,153,0,32
653,674,153,0,32
653,675,153,0,32
653,676,153,0,32
653,677,153,0,32
653,678,153,0,32
653,679,153,0,32
653,680,153,0,32
653,681,153,0,32
653,682,153,0,32
653,683,153,0,32
653,684,153,0,32
653,685,153,0,32
653,686,153,0,32
653,687,153,0,32
653,688,153,0,32
653,689,153,0,32
653,690,153,0,32
653,691,153,0,32
653,692,153,0,32
653,693,153,0,32
653,694,153,0,32
653,695,153,0,32
653,696,153,0,32
653,697,153,0,32
653,698,153,0,32
653,699,153,0,32
653,700,153,0,32
653,701,153,0,32
653,702,153,0,32
653,703,153,0,32
653,704,153,0,32
653,705,153,0,32
653,706,153,0,32
653,707,153,0,32
653,708,153,0,32
653,709,153,0,32
653,710,153,0,32
653,711,153,0,32
653,712,153,0,32
653,713,153,0,32
653,714,153,0,32
653,715,153,0,32
653,716,153,0,32
653,717,153,0,32
653,718,153,0,32
653,719,153,0,32
653,720,153,0,32
653,721,153,0,32
653,722,153,0,32
653,723,153,0,32
653,724,153,0,32
655,625,34,0,34
655,626,34,0,34
655,627,34,0,34
655,628,34,0,34
655,629,34,0,34
655,630,34,0,34
655,631,34,0,34
655,632,34,0,34
655,633,34,0,34
655,634,34,0,34
655,635,34,0,34
655,636,34,0,34
655,637,34,0,34
655,638,34,0,34
655,639,34,0,34
655,640,34,0,34
655,641,34,0,34
655,642,34,0,34
655,643,34,0,34
655,644,34,0,34
655,645,34,0,34
655,646,34,0,34
655,647,34,0,34
655,648,34,0,34
655,649,34,0,34
655,650,34,0,34
655,651,34,0,34
655,652,34,0,34
655,653,34,0,34
655,654,34,0,34
655,656,34,0,34
655,657,34,0,34
655,658,34,0,34
655,659,34,0,34
655,660,34,0,34
655,661,34,0,34
655,662,34,0,34
655,663,34,0,34
655,664,34,0,34
655,665,34,0,34
655,666,34,0,34
655,667,34,0,34
655,668,34,0,34
655,669,34,0,34
655,670,34,0,34
655,671,34,0,34
655,672,34,0,34
655,673,34,0,34
655,674,34,0,34
655,675,34,0,34
655,676,34,0,34
655,677,34,0,34
655,678,34,0,34
655,679,34,0,34
655,680,34,0,34
655,681,34,0,34
655,682,34,0,34
655,683,34,0,34
655,684,34,0,34
655,685,34,0,34
655,686,34,0,34
655,687,34,0,34
655,688,34,0,34
655,689,34,0,34
655,690,34,0,34
655,691,34,0,34
655,692,34,0,34
655,693,34,0,34
655,694,34,0,34
655,695,34,0,34
655,696,34,0,34
655,697,34,0,34
655,698,34,0,34
655,699,34,0,34
655,700,34,0,34
655,701,34,0,34
655,702,34,0,34
655,703,34,0,34
655,704,34,0,34
655,705,34,0,34
655,706,34,0,34
655,707,34,0,34
655,708,34,0,34
655,709,34,0,34
655,710,34,0,34
655,711,34,0,34
655,712,34,0,34
655,713,34,0,34
655,714,34,0,34
655,715,34,0,34
655,716,34,0,34
655,717,34,0,34
655,718,34,0,34
655,719,34,0,34
655,720,34,0,34
655,721,34,0,34
655,722,34,0,34
655,723,34,0,34
655,724,34,0,34
658,625,555,0,37
658,626,555,0,37
658,627,555,0,37
658,628,555,0,37
658,629,555,0,37
658,630,555,0,37
658,631,555,0,37
658,632,555,0,37
658,633,555,0,37
658,634,555,0,37
658,635,555,0,37
658,636,555,0,37
658,637,555,0,37
658,638,555,0,37
658,639,555,0,37
658,640,555,0,37
658,641,555,0,37
658,642,555,0,37
658,643,555,0,37
658,644,555,0,37
658,645,555,0,37
658,646,555,0,37
658,647,555,0,37
658,648,555,0,37
658,649,555,0,37
658,650,555,0,37
658,651,555,0,37
658,652,555,0,37
658,653,555,0,37
658,654,555,0,37
658,655,555,0,37
658,656,555,0,37
658,657,555,0,37
658,659,555,0,37
658,660,555,0,37
658,661,555,0,37
658,662,555,0,37
658,663,555,0,37
658,664,555,0,37
658,665,555,0,37
658,666,555,0,37
658,667,555,0,37
658,668,555,0,37
658,669,555,0,37
658,670,555,0,37
658,671,555,0,37
658,672,555,0,37
658,673,555,0,37
658,674,555,0,37
658,675,555,0,37
658,676,555,0,37
658,677,555,0,37
658,678,555,0,37
658,679,555,0,37
658,680,555,0,37
658,681,555,0,37
658,682,555,0,37
658,683,555,0,37
658,684,555,0,37
658,685,555,0,37
658,686,555,0,37
658,687,555,0,37
658,688,555,0,37
658,689,555,0,37
658,690,555,0,37
658,691,555,0,37
658,692,555,0,37
658,693,555,0,37
658,694,555,0,37
658,695,555,0,37
658,696,555,0,37
658,697,555,0,37
658,698,555,0,37
658,699,555,0,37
658,700,555,0,37
658,701,555,0,37
658,702,555,0,37
658,703,555,0,37
658,704,555,0,37
658,705,555,0,37
658,706,555,0,37
658,707,555,0,37
658,708,555,0,37
658,709,555,0,37
658,710,555,0,37
658,711,555,0,37
658,712,555,0,37
658,713,555,0,37
658,714,555,0,37
658,715,555,0,37
658,716,555,0,37
658,717,555,0,37
658,718,555,0,37
658,719,555,0,37
658,720,555,0,37
658,721,555,0,37
658,722,555,0,37
658,723,555,0,37
658,724,555,0,37
659,625,401,0,38
659,626,401,0,38
659,627,401,0,38
659,628,401,0,38
659,629,401,0,38
659,630,401,0,38
659,631,401,0,38
659,632,401,0,38
659,633,401,0,38
659,634,401,0,38
659,635,401,0,38
659,636,401,0,38
659,637,401,0,38
659,638,401,0,38
659,639,401,0,38
659,640,401,0,38
659,641,401,0,38
659,642,401,0,38
659,643,401,0,38
659,644,401,0,38
659,645,401,0,38
659,646,401,0,38
659,647,401,0,38
659,648,401,0,38
659,649,401,0,38
659,650,401,0,38
659,651,401,0,38
659,652,401,0,38
659,653,401,0,38
659,654,401,0,38
659,655,401,0,38
659,656,401,0,38
659,657,401,0,38
659,658,401,0,38
659,660,401,0,38
659,661,401,0,38
659,662,401,0,38
659,663,401,0,38
659,664,401,0,38
659,665,401,0,38
659,666,401,0,38
659,667,401,0,38
659,668,401,0,38
659,669,401,0,38
659,670,401,0,38
659,671,401,0,38
659,672,401,0,38
659,673,401,0,38
659,674,401,0,38
659,675,401,0,38
659,676,401,0,38
659,677,401,0,38
659,678,401,0,38
659,679,401,0,38
659,680,401,0,38
659,681,401,0,38
659,682,401,0,38
659,683,401,0,38
659,684,401,0,38
659,685,401,0,38
659,686,401,0,38
659,687,401,0,38
659,688,401,0,38
659,689,401,0,38
659,690,401,0,38
659,691,401,0,38
659,692,401,0,38
659,693,401,0,38
659,694,401,0,38
659,695,401,0,38
659,696,401,0,38
659,697,401,0,38
659,698,401,0,38
659,699,401,0,38
659,700,401,0,38
659,701,401,0,38
659,702,401,0,38
659,703,401,0,38
659,704,401,0,38
659,705,401,0,38
659,706,401,0,38
659,707,401,0,38
659,708,401,0,38
659,709,401,0,38
659,710,401,0,38
659,711,401,0,38
659,712,401,0,38
659,713,401,0,38
659,714,401,0,38
659,715,401,0,38
659,716,401,0,38
659,717,401,0,38
659,718,401,0,38
659,719,401,0,38
659,720,401,0,38
659,721,401,0,38
659,722,401,0,38
659,723,401,0,38
659,724,401,0,38
661,625,205,0,40
661,626,205,0,40
661,627,205,0,40
661,628,205,0,40
661,629,205,0,40
661,630,205,0,40
661,631,205,0,40
661,632,205,0,40
661,633,205,0,40
661,634,205,0,40
661,635,205,0,40
661,636,205,0,40
661,637,205,0,40
661,638,205,0,40
661,639,205,0,40
661,640,205,0,40
661,641,205,0,40
661,642,205,0,40
661,643,205,0,40
661,644,205,0,40
661,645,205,0,40
661,646,205,0,40
661,647,205,0,40
661,648,205,0,40
661,649,205,0,40
661,650,205,0,40
661,651,205,0,40
661,652,205,0,40
661,653,205,0,40
661,654,205,0,40
661,655,205,0,40
661,656,205,0,40
661,657,205,0,40
661,658,205,0,40
661,659,205,0,40
661,660,205,0,40
661,662,205,0,40
661,663,205,0,40
661,664,205,0,40
661,665,205,0,40
661,666,205,0,40
661,667,205,0,40
661,668,205,0,40
661,669,205,0,40
661,670,205,0,40
661,671,205,0,40
661,672,205,0,40
661,673,205,0,40
661,674,205,0,40
661,675,205,0,40
661,676,205,0,40
661,677,205,0,40
661,678,205,0,40
661,679,205,0,40
661,680,205,0,40
661,681,205,0,40
661,682,205,0,40
661,683,205,0,40
661,684,205,0,40
661,685,205,0,40
661,686,205,0,40
661,687,205,0,40
661,688,205,0,40
661,689,205,0,40
661,690,205,0,40
661,691,205,0,40
661,692,205,0,40
661,693,205,0,40
661,694,205,0,40
661,695,205,0,40
661,696,205,0,40
661,697,205,0,40
661,698,205,0,40
661,699,205,0,40
661,700,205,0,40
661,701,205,0,40
661,702,205,0,40
661,703,205,0,40
661,704,205,0,40
661,705,205,0,40
661,706,205,0,40
661,707,205,0,40
661,708,205,0,40
661,709,205,0,40
661,710,205,0,40
661,711,205,0,40
661,712,205,0,40
661,713,205,0,40
661,714,205,0,40
661,715,205,0,40
661,716,205,0,40
661,717,205,0,40
661,718,205,0,40
661,719,205,0,40
661,720,205,0,40
661,721,205,0,40
661,722,205,0,40
661,723,205,0,40
661,724,205,0,40
663,625,580,0,42
663,626,580,0,42
663,627,580,0,42
663,628,580,0,42
663,629,580,0,42
663,630,580,0,42
663,631,580,0,42
663,632,580,0,42
663,633,580,0,42
663,634,580,0,42
663,635,580,0,42
663,636,580,0,42
663,637,580,0,42
663,638,580,0,42
663,639,580,0,42
663,640,580,0,42
663,641,580,0,42
663,642,580,0,42
663,643,580,0,42
663,644,580,0,42
663,645,580,0,42
663,646,580,0,42
663,647,580,0,42
663,648,580,0,42
663,649,580,0,42
663,650,580,0,42
663,651,580,0,42
663,652,580,0,42
663,653,580,0,42
663,654,580,0,42
663,655,580,0,42
663,656,580,0,42
663,657,580,0,42
663,658,580,0,42
663,659,580,0,42
663,660,580,0,42
663,661,580,0,42
663,662,580,0,42
663,664,580,0,42
663,665,580,0,42
663,666,580,0,42
663,667,580,0,42
663,668,580,0,42
663,669,580,0,42
663,670,580,0,42
663,671,580,0,42
663,672,580,0,42
663,673,580,0,42
663,674,580,0,42
663,675,580,0,42
663,676,580,0,42
663,677,580,0,42
663,678,580,0,42
663,679,580,0,42
663,680,580,0,42
663,681,580,0,42
663,682,580,0,42
663,683,580,0,42
663,684,580,0,42
663,685,580,0,42
663,686,580,0,42
663,687,580,0,42
663,688,580,0,42
663,689,580,0,42
663,690,580,0,42
663,691,580,0,42
663,692,580,0,42
663,693,580,0,42
663,694,580,0,42
663,695,580,0,42
663,696,580,0,42
663,697,580,0,42
663,698,580,0,42
663,699,580,0,42
663,700,580,0,42
663,701,580,0,42
663,702,580,0,42
663,703,580,0,42
663,704,580,0,42
663,705,580,0,42
663,706,580,0,42
663,707,580,0,42
663,708,580,0,42
663,709,580,0,42
663,710,580,0,42
663,711,580,0,42
663,712,580,0,42
663,713,580,0,42
663,714,580,0,42
663,715,580,0,42
663,716,580,0,42
663,717,580,0,42
663,718,580,0,42
663,719,580,0,42
663,720,580,0,42
663,721,580,0,42
663,722,580,0,42
663,723,580,0,42
663,724,580,0,42
669,625,87,0,48
669,626,87,0,48
669,627,87,0,48
669,628,87,0,48
669,629,87,0,48
669,630,87,0,48
669,631,87,0,48
669,632,87,0,48
669,633,87,0,48
669,634,87,0,48
669,635,87,0,48
669,636,87,0,48
669,637,87,0,48
669,638,87,0,48
669,639,87,0,48
669,640,87,0,48
669,641,87,0,48
669,642,87,0,48
669,643,87,0,48
669,644,87,0,48
669,645,87,0,48
669,646,87,0,48
669,647,87,0,48
669,648,87,0,48
669,649,87,0,48
669,650,87,0,48
669,651,87,0,48
669,652,87,0,48
669,653,87,0,48
669,654,87,0,48
669,655,87,0,48
669,656,87,0,48
669,657,87,0,48
669,658,87,0,48
669,659,87,0,48
669,660,87,0,48
669,661,87,0,48
669,662,87,0,48
669,663,87,0,48
669,664,87,0,48
669,665,87,0,48
669,666,87,0,48
669,667,87,0,48
669,668,87,0,48
669,670,87,0,48
669,671,87,0,48
669,672,87,0,48
669,673,87,0,48
669,674,87,0,48
669,675,87,0,48
669,676,87,0,48
669,677,87,0,48
669,678,87,0,48
669,679,87,0,48
669,680,87,0,48
669,681,87,0,48
669,682,87,0,48
669,683,87,0,48
669,684,87,0,48
669,685,87,0,48
669,686,87,0,48
669,687,87,0,48
669,688,87,0,48
669,689,87,0,48
669,690,87,0,48
669,691,87,0,48
669,692,87,0,48
669,693,87,0,48
669,694,87,0,48
669,695,87,0,48
669,696,87,0,48
669,697,87,0,48
669,698,87,0,48
669,699,87,0,48
669,700,87,0,48
669,701,87,0,48
669,702,87,0,48
669,703,87,0,48
669,704,87,0,48
669,705,87,0,48
669,706,87,0,48
669,707,87,0,48
669,708,87,0,48
669,709,87,0,48
669,710,87,0,48
669,711,87,0,48
669,712,87,0,48
669,713,87,0,48
669,714,87,0,48
669,715,87,0,48
669,716,87,0,48
669,717,87,0,48
669,718,87,0,48
669,719,87,0,48
669,720,87,0,48
669,721,87,0,48
669,722,87,0,48
669,723,87,0,48
669,724,87,0,48
671,625,251,0,50
671,626,251,0,50
671,627,251,0,50
671,628,251,0,50
671,629,251,0,50
671,630,251,0,50
671,631,251,0,50
671,632,251,0,50
671,633,251,0,50
671,634,251,0,50
671,635,251,0,50
671,636,251,0,50
671,637,251,0,50
671,638,251,0,50
671,639,251,0,50
671,640,251,0,50
671,641,251,0,50
671,642,251,0,50
671,643,251,0,50
671,644,251,0,50
671,645,251,0,50
671,646,251,0,50
671,647,251,0,50
671,648,251,0,50
671,649,251,0,50
671,650,251,0,50
671,651,251,0,50
671,652,251,0,50
671,653,251,0,50
671,654,251,0,50
671,655,251,0,50
671,656,251,0,50
671,657,251,0,50
671,658,251,0,50
671,659,251,0,50
671,660,251,0,50
671,661,251,0,50
671,662,251,0,50
671,663,251,0,50
671,664,251,0,50
671,665,251,0,50
671,666,251,0,50
671,667,251,0,50
671,668,251,0,50
671,669,251,0,50
671,670,251,0,50
671,672,251,0,50
671,673,251,0,50
671,674,251,0,50
671,675,251,0,50
671,676,251,0,50
671,677,251,0,50
671,678,251,0,50
671,679,251,0,50
671,680,251,0,50
671,681,251,0,50
671,682,251,0,50
671,683,251,0,50
671,684,251,0,50
671,685,251,0,50
671,686,251,0,50
671,687,251,0,50
671,688,251,0,50
671,689,251,0,50
671,690,251,0,50
671,691,251,0,50
671,692,251,0,50
671,693,251,0,50
671,694,251,0,50
671,695,251,0,50
671,696,251,0,50
671,697,251,0,50
671,698,251,0,50
671,699,251,0,50
671,700,251,0,50
671,701,251,0,50
671,702,251,0,50
671,703,251,0,50
671,704,251,0,50
671,705,251,0,50
671,706,251,0,50
671,707,251,0,50
671,708,251,0,50
671,709,251,0,50
671,710,251,0,50
671,711,251,0,50
671,712,251,0,50
671,713,251,0,50
671,714,251,0,50
671,715,251,0,50
671,716,251,0,50
671,717,251,0,50
671,718,251,0,50
671,719,251,0,50
671,720,251,0,50
671,721,251,0,50
671,722,251,0,50
671,723,251,0,50
671,724,251,0,50
679,625,485,0,58
679,626,485,0,58
679,627,485,0,58
679,628,485,0,58
679,629,485,0,58
679,630,485,0,58
679,631,485,0,58
679,632,485,0,58
679,633,485,0,58
679,634,485,0,58
679,635,485,0,58
679,636,485,0,58
679,637,485,0,58
679,638,485,0,58
679,639,485,0,58
679,640,485,0,58
679,641,485,0,58
679,642,485,0,58
679,643,485,0,58
679,644,485,0,58
679,645,485,0,58
679,646,485,0,58
679,647,485,0,58
679,648,485,0,58
679,649,485,0,58
679,650,485,0,58
679,651,485,0,58
679,652,485,0,58
679,653,485,0,58
679,654,485,0,58
679,655,485,0,58
679,656,485,0,58
679,657,485,0,58
679,658,485,0,58
679,659,485,0,58
679,660,485,0,58
679,661,485,0,58
679,662,485,0,58
679,663,485,0,58
679,664,485,0,58
679,665,485,0,58
679,666,485,0,58
679,667,485,0,58
679,668,485,0,58
679,669,485,0,58
679,670,485,0,58
679,671,485,0,58
679,672,485,0,58
679,673,485,0,58
679,674,485,0,58
679,675,485,0,58
679,676,485,0,58
679,677,485,0,58
679,678,485,0,58
679,680,485,0,58
679,681,485,0,58
679,682,485,0,58
679,683,485,0,58
679,684,485,0,58
679,685,485,0,58
679,686,485,0,58
679,687,485,0,58
679,688,485,0,58
679,689,485,0,58
679,690,485,0,58
679,691,485,0,58
679,692,485,0,58
679,693,485,0,58
679,694,485,0,58
679,695,485,0,58
679,696,485,0,58
679,697,485,0,58
679,698,485,0,58
679,699,485,0,58
679,700,485,0,58
679,701,485,0,58
679,702,485,0,58
679,703,485,0,58
679,704,485,0,58
679,705,485,0,58
679,706,485,0,58
679,707,485,0,58
679,708,485,0,58
679,709,485,0,58
679,710,485,0,58
679,711,485,0,58
679,712,485,0,58
679,713,485,0,58
679,714,485,0,58
679,715,485,0,58
679,716,485,0,58
679,717,485,0,58
679,718,485,0,58
679,719,485,0,58
679,720,485,0,58
679,721,485,0,58
679,722,485,0,58
679,723,485,0,58
679,724,485,0,58
686,625,287,0,65
686,626,287,0,65
686,627,287,0,65
686,628,287,0,65
686,629,287,0,65
686,630,287,0,65
686,631,287,0,65
686,632,287,0,65
686,633,287,0,65
686,634,287,0,65
686,635,287,0,65
686,636,287,0,65
686,637,287,0,65
686,638,287,0,65
686,639,287,0,65
686,640,287,0,65
686,641,287,0,65
686,642,287,0,65
686,643,287,0,65
686,644,287,0,65
686,645,287,0,65
686,646,287,0,65
686,647,287,0,65
686,648,287,0,65
686,649,287,0,65
686,650,287,0,65
686,651,287,0,65
686,652,287,0,65
686,653,287,0,65
686,654,287,0,65
686,655,287,0,65
686,656,287,0,65
686,657,287,0,65
686,658,287,0,65
686,659,287,0,65
686,660,287,0,65
686,661,287,0,65
686,662,287,0,65
686,663,287,0,65
686,664,287,0,65
686,665,287,0,65
686,666,287,0,65
686,667,287,0,65
686,668,287,0,65
686,669,287,0,65
686,670,287,0,65
686,671,287,0,65
686,672,287,0,65
686,673,287,0,65
686,674,287,0,65
686,675,287,0,65
686,676,287,0,65
686,677,287,0,65
686,678,287,0,65
686,679,287,0,65
686,680,287,0,65
686,681,287,0,65
686,682,287,0,65
686,683,287,0,65
686,684,287,0,65
686,685,287,0,65
686,687,287,0,65
686,688,287,0,65
686,689,287,0,65
686,690,287,0,65
686,691,287,0,65
686,692,287,0,65
686,693,287,0,65
686,694,287,0,65
686,695,287,0,65
686,696,287,0,65
686,697,287,0,65
686,698,287,0,65
686,699,287,0,65
686,700,287,0,65
686,701,287,0,65
686,702,287,0,65
686,703,287,0,65
686,704,287,0,65
686,705,287,0,65
686,706,287,0,65
686,707,287,0,65
686,708,287,0,65
686,709,287,0,65
686,710,287,0,65
686,711,287,0,65
686,712,287,0,65
686,713,287,0,65
686,714,287,0,65
686,715,287,0,65
686,716,287,0,65
686,717,287,0,65
686,718,287,0,65
686,719,287,0,65
686,720,287,0,65
686,721,287,0,65
686,722,287,0,65
686,723,287,0,65
686,724,287,0,65
699,625,90,0,78
699,626,90,0,78
699,627,90,0,78
699,628,90,0,78
699,629,90,0,78
699,630,90,0,78
699,631,90,0,78
699,632,90,0,78
699,633,90,0,78
699,634,90,0,78
699,635,90,0,78
699,636,90,0,78
699,637,90,0,78
699,638,90,0,78
699,639,90,0,78
699,640,90,0,78
699,641,90,0,78
699,642,90,0,78
699,643,90,0,78
699,644,90,0,78
699,645,90,0,78
699,646,90,0,78
699,647,90,0,78
699,648,90,0,78
699,649,90,0,78
699,650,90,0,78
699,651,90,0,78
699,652,90,0,78
699,653,90,0,78
699,654,90,0,78
699,655,90,0,78
699,656,90,0,78
699,657,90,0,78
699,658,90,0,78
699,659,90,0,78
699,660,90,0,78
699,661,90,0,78
699,662,90,0,78
699,663,90,0,78
699,664,90,0,78
699,665,90,0,78
699,666,90,0,78
699,667,90,0,78
699,668,90,0,78
699,669,90,0,78
699,670,90,0,78
699,671,90,0,78
699,672,90,0,78
699,673,90,0,78
699,674,90,0,78
699,675,90,0,78
699,676,90,0,78
699,677,90,0,78
699,678,90,0,78
699,679,90,0,78
699,680,90,0,78
699,681,90,0,78
699,682,90,0,78
699,683,90,0,78
699,684,90,0,78
699,685,90,0,78
699,686,90,0,78
699,687,90,0,78
699,688,90,0,78
699,689,90,0,78
699,690,90,0,78
699,691,90,0,78
699,692,90,0,78
699,693,90,0,78
699,694,90,0,78
699,695,90,0,78
699,696,90,0,78
699,697,90,0,78
699,698,90,0,78
699,700,90,0,78
699,701,90,0,78
699,702,90,0,78
699,703,90,0,78
699,704,90,0,78
699,705,90,0,78
699,706,90,0,78
699,707,90,0,78
699,708,90,0,78
699,709,90,0,78
699,710,90,0,78
699,711,90,0,78
699,712,90,0,78
699,713,90,0,78
699,714,90,0,78
699,715,90,0,78
699,716,90,0,78
699,717,90,0,78
699,718,90,0,78
699,719,90,0,78
699,720,90,0,78
699,721,90,0,78
699,722,90,0,78
699,723,90,0,78
699,724,90,0,78
701,625,107,0,80
701,626,107,0,80
701,627,107,0,80
701,628,107,0,80
701,629,107,0,80
701,630,107,0,80
701,631,107,0,80
701,632,107,0,80
701,633,107,0,80
701,634,107,0,80
701,635,107,0,80
701,636,107,0,80
701,637,107,0,80
701,638,107,0,80
701,639,107,0,80
701,640,107,0,80
701,641,107,0,80
701,642,107,0,80
701,643,107,0,80
701,644,107,0,80
701,645,107,0,80
701,646,107,0,80
701,647,107,0,80
701,648,107,0,80
701,649,107,0,80
701,650,107,0,80
701,651,107,0,80
701,652,107,0,80
701,653,107,0,80
701,654,107,0,80
701,655,107,0,80
701,656,107,0,80
701,657,107,0,80
701,658,107,0,80
701,659,107,0,80
701,660,107,0,80
701,661,107,0,80
701,662,107,0,80
701,663,107,0,80
701,664,107,0,80
701,665,107,0,80
701,666,107,0,80
701,667,107,0,80
701,668,107,0,80
701,669,107,0,80
701,670,107,0,80
701,671,107,0,80
701,672,107,0,80
701,673,107,0,80
701,674,107,0,80
701,675,107,0,80
701,676,107,0,80
701,677,107,0,80
701,678,107,0,80
701,679,107,0,80
701,680,107,0,80
701,681,107,0,80
701,682,107,0,80
701,683,107,0,80
701,684,107,0,80
701,685,107,0,80
701,686,107,0,80
701,687,107,0,80
701,688,107,0,80
701,689,107,0,80
701,690,107,0,80
701,691,107,0,80
701,692,107,0,80
701,693,107,0,80
701,694,107,0,80
701,695,107,0,80
701,696,107,0,80
701,697,107,0,80
701,698,107,0,80
701,699,107,0,80
701,700,107,0,80
701,702,107,0,80
701,703,107,0,80
701,704,107,0,80
701,705,107,0,80
701,706,107,0,80
701,707,107,0,80
701,708,107,0,80
701,709,107,0,80
701,710,107,0,80
701,711,107,0,80
701,712,107,0,80
701,713,107,0,80
701,714,107,0,80
701,715,107,0,80
701,716,107,0,80
701,717,107,0,80
701,718,107,0,80
701,719,107,0,80
701,720,107,0,80
701,721,107,0,80
701,722,107,0,80
701,723,107,0,80
701,724,107,0,80
703,625,131,0,82
703,626,131,0,82
703,627,131,0,82
703,628,131,0,82
703,629,131,0,82
703,630,131,0,82
703,631,131,0,82
703,632,131,0,82
703,633,131,0,82
703,634,131,0,82
703,635,131,0,82
703,636,131,0,82
703,637,131,0,82
703,638,131,0,82
703,639,131,0,82
703,640,131,0,82
703,641,131,0,82
703,642,131,0,82
703,643,131,0,82
703,644,131,0,82
703,645,131,0,82
703,646,131,0,82
703,647,131,0,82
703,648,131,0,82
703,649,131,0,82
703,650,131,0,82
703,651,131,0,82
703,652,131,0,82
703,653,131,0,82
703,654,131,0,82
703,655,131,0,82
703,656,131,0,82
703,657,131,0,82
703,658,131,0,82
703,659,131,0,82
703,660,131,0,82
703,661,131,0,82
703,662,131,0,82
703,663,131,0,82
703,664,131,0,82
703,665,131,0,82
703,666,131,0,82
703,667,131,0,82
703,668,131,0,82
703,669,131,0,82
703,670,131,0,82
703,671,131,0,82
703,672,131,0,82
703,673,131,0,82
703,674,131,0,82
703,675,131,0,82
703,676,131,0,82
703,677,131,0,82
703,678,131,0,82
703,679,131,0,82
703,680,131,0,82
703,681,131,0,82
703,682,131,0,82
703,683,131,0,82
703,684,131,0,82
703,685,131,0,82
703,686,131,0,82
703,687,131,0,82
703,688,131,0,82
703,689,131,0,82
703,690,131,0,82
703,691,131,0,82
703,692,131,0,82
703,693,131,0,82
703,694,131,0,82
703,695,131,0,82
703,696,131,0,82
703,697,131,0,82
703,698,131,0,82
703,699,131,0,82
703,700,131,0,82
703,701,131,0,82
703,702,131,0,82
703,704,131,0,82
703,705,131,0,82
703,706,131,0,82
703,707,131,0,82
703,708,131,0,82
703,709,131,0,82
703,710,131,0,82
703,711,131,0,82
703,712,131,0,82
703,713,131,0,82
703,714,131,0,82
703,715,131,0,82
703,716,131,0,82
703,717,131,0,82
703,718,131,0,82
703,719,131,0,82
703,720,131,0,82
703,721,131,0,82
703,722,131,0,82
703,723,131,0,82
703,724,131,0,82
707,625,386,0,86
707,626,386,0,86
707,627,386,0,86
707,628,386,0,86
707,629,386,0,86
707,630,386,0,86
707,631,386,0,86
707,632,386,0,86
707,633,386,0,86
707,634,386,0,86
707,635,386,0,86
707,636,386,0,86
707,637,386,0,86
707,638,386,0,86
707,639,386,0,86
707,640,386,0,86
707,641,386,0,86
707,642,386,0,86
707,643,386,0,86
707,644,386,0,86
707,645,386,0,86
707,646,386,0,86
707,647,386,0,86
707,648,386,0,86
707,649,386,0,86
707,650,386,0,86
707,651,386,0,86
707,652,386,0,86
707,653,386,0,86
707,654,386,0,86
707,655,386,0,86
707,656,386,0,86
707,657,386,0,86
707,658,386,0,86
707,659,386,0,86
707,660,386,0,86
707,661,386,0,86
707,662,386,0,86
707,663,386,0,86
707,664,386,0,86
707,665,386,0,86
707,666,386,0,86
707,667,386,0,86
707,668,386,0,86
707,669,386,0,86
707,670,386,0,86
707,671,386,0,86
707,672,386,0,86
707,673,386,0,86
707,674,386,0,86
707,675,386,0,86
707,676,386,0,86
707,677,386,0,86
707,678,386,0,86
707,679,386,0,86
707,680,386,0,86
707,681,386,0,86
707,682,386,0,86
707,683,386,0,86
707,684,386,0,86
707,685,386,0,86
707,686,386,0,86
707,687,386,0,86
707,688,386,0,86
707,689,386,0,86
707,690,386,0,86
707,691,386,0,86
707,692,386,0,86
707,693,386,0,86
707,694,386,0,86
707,695,386,0,86
707,696,386,0,86
707,697,386,0,86
707,698,386,0,86
707,699,386,0,86
707,700,386,0,86
707,701,386,0,86
707,702,386,0,86
707,703,386,0,86
707,704,386,0,86
707,705,386,0,86
707,706,386,0,86
707,708,386,0,86
707,709,386,0,86
707,710,386,0,86
707,711,386,0,86
707,712,386,0,86
707,713,386,0,86
707,714,386,0,86
707,715,386,0,86
707,716,386,0,86
707,717,386,0,86
707,718,386,0,86
707,719,386,0,86
707,720,386,0,86
707,721,386,0,86
707,722,386,0,86
707,723,386,0,86
707,724,386,0,86
710,625,556,0,89
710,626,556,0,89
710,627,556,0,89
710,628,556,0,89
710,629,556,0,89
710,630,556,0,89
710,631,556,0,89
710,632,556,0,89
710,633,556,0,89
710,634,556,0,89
710,635,556,0,89
710,636,556,0,89
710,637,556,0,89
710,638,556,0,89
710,639,556,0,89
710,640,556,0,89
710,641,556,0,89
710,642,556,0,89
710,643,556,0,89
710,644,556,0,89
710,645,556,0,89
710,646,556,0,89
710,647,556,0,89
710,648,556,0,89
710,649,556,0,89
710,650,556,0,89
710,651,556,0,89
710,652,556,0,89
710,653,556,0,89
710,654,556,0,89
710,655,556,0,89
710,656,556,0,89
710,657,556,0,89
710,658,556,0,89
710,659,556,0,89
710,660,556,0,89
710,661,556,0,89
710,662,556,0,89
710,663,556,0,89
710,664,556,0,89
710,665,556,0,89
710,666,556,0,89
710,667,556,0,89
710,668,556,0,89
710,669,556,0,89
710,670,556,0,89
710,671,556,0,89
710,672,556,0,89
710,673,556,0,89
710,674,556,0,89
710,675,556,0,89
710,676,556,0,89
710,677,556,0,89
710,678,556,0,89
710,679,556,0,89
710,680,556,0,89
710,681,556,0,89
710,682,556,0,89
710,683,556,0,89
710,684,556,0,89
710,685,556,0,89
710,686,556,0,89
710,687,556,0,89
710,688,556,0,89
710,689,556,0,89
710,690,556,0,89
710,691,556,0,89
710,692,556,0,89
710,693,556,0,89
710,694,556,0,89
710,695,556,0,89
710,696,556,0,89
710,697,556,0,89
710,698,556,0,89
710,699,556,0,89
710,700,556,0,89
710,701,556,0,89
710,702,556,0,89
710,703,556,0,89
710,704,556,0,89
710,705,556,0,89
710,706,556,0,89
710,707,556,0,89
710,708,556,0,89
710,709,556,0,89
710,711,556,0,89
710,712,556,0,89
710,713,556,0,89
710,714,556,0,89
710,715,556,0,89
710,716,556,0,89
710,717,556,0,89
710,718,556,0,89
710,719,556,0,89
710,720,556,0,89
710,721,556,0,89
710,722,556,0,89
710,723,556,0,89
710,724,556,0,89
712,625,133,0,91
712,626,133,0,91
712,627,133,0,91
712,628,133,0,91
712,629,133,0,91
712,630,133,0,91
712,631,133,0,91
712,632,133,0,91
712,633,133,0,91
712,634,133,0,91
712,635,133,0,91
712,636,133,0,91
712,637,133,0,91
712,638,133,0,91
712,639,133,0,91
712,640,133,0,91
712,641,133,0,91
712,642,133,0,91
712,643,133,0,91
712,644,133,0,91
712,645,133,0,91
712,646,133,0,91
712,647,133,0,91
712,648,133,0,91
712,649,133,0,91
712,650,133,0,91
712,651,133,0,91
712,652,133,0,91
712,653,133,0,91
712,654,133,0,91
712,655,133,0,91
712,656,133,0,91
712,657,133,0,91
712,658,133,0,91
712,659,133,0,91
712,660,133,0,91
712,661,133,0,91
712,662,133,0,91
712,663,133,0,91
712,664,133,0,91
712,665,133,0,91
712,666,133,0,91
712,667,133,0,91
712,668,133,0,91
712,669,133,0,91
712,670,133,0,91
712,671,133,0,91
712,672,133,0,91
712,673,133,0,91
712,674,133,0,91
712,675,133,0,91
712,676,133,0,91
712,677,133,0,91
712,678,133,0,91
712,679,133,0,91
712,680,133,0,91
712,681,133,0,91
712,682,133,0,91
712,683,133,0,91
712,684,133,0,91
712,685,133,0,91
712,686,133,0,91
712,687,133,0,91
712,688,133,0,91
712,689,133,0,91
712,690,133,0,91
712,691,133,0,91
712,692,133,0,91
712,693,133,0,91
712,694,133,0,91
712,695,133,0,91
712,696,133,0,91
712,697,133,0,91
712,698,133,0,91
712,699,133,0,91
712,700,133,0,91
712,701,133,0,91
712,702,133,0,91
712,703,133,0,91
712,704,133,0,91
712,705,133,0,91
712,706,133,0,91
712,707,133,0,91
712,708,133,0,91
712,709,133,0,91
712,710,133,0,91
712,711,133,0,91
712,713,133,0,91
712,714,133,0,91
712,715,133,0,91
712,716,133,0,91
712,717,133,0,91
712,718,133,0,91
712,719,133,0,91
712,720,133,0,91
712,721,133,0,91
712,722,133,0,91
712,723,133,0,91
712,724,133,0,91
714,625,117,0,93
714,626,117,0,93
714,627,117,0,93
714,628,117,0,93
714,629,117,0,93
714,630,117,0,93
714,631,117,0,93
714,632,117,0,93
714,633,117,0,93
714,634,117,0,93
714,635,117,0,93
714,636,117,0,93
714,637,117,0,93
714,638,117,0,93
714,639,117,0,93
714,640,117,0,93
714,641,117,0,93
714,642,117,0,93
714,643,117,0,93
714,644,117,0,93
714,645,117,0,93
714,646,117,0,93
714,647,117,0,93
714,648,117,0,93
714,649,117,0,93
714,650,117,0,93
714,651,117,0,93
714,652,117,0,93
714,653,117,0,93
714,654,117,0,93
714,655,117,0,93
714,656,117,0,93
714,657,117,0,93
714,658,117,0,93
714,659,117,0,93
714,660,117,0,93
714,661,117,0,93
714,662,117,0,93
714,663,117,0,93
714,664,117,0,93
714,665,117,0,93
714,666,117,0,93
714,667,117,0,93
714,668,117,0,93
714,669,117,0,93
714,670,117,0,93
714,671,117,0,93
714,672,117,0,93
714,673,117,0,93
714,674,117,0,93
714,675,117,0,93
714,676,117,0,93
714,677,117,0,93
714,678,117,0,93
714,679,117,0,93
714,680,117,0,93
714,681,117,0,93
714,682,117,0,93
714,683,117,0,93
714,684,117,0,93
714,685,117,0,93
714,686,117,0,93
714,687,117,0,93
714,688,117,0,93
714,689,117,0,93
714,690,117,0,93
714,691,117,0,93
714,692,117,0,93
714,693,117,0,93
714,694,117,0,93
714,695,117,0,93
714,696,117,0,93
714,697,117,0,93
714,698,117,0,93
714,699,117,0,93
714,700,117,0,93
714,701,117,0,93
714,702,117,0,93
714,703,117,0,93
714,704,117,0,93
714,705,117,0,93
714,706,117,0,93
714,707,117,0,93
714,708,117,0,93
714,709,117,0,93
714,710,117,0,93
714,711,117,0,93
714,712,117,0,93
714,713,117,0,93
714,715,117,0,93
714,716,117,0,93
714,717,117,0,93
714,718,117,0,93
714,719,117,0,93
714,720,117,0,93
714,721,117,0,93
714,722,117,0,93
714,723,117,0,93
714,724,117,0,93
717,625,61,0,96
717,626,61,0,96
717,627,61,0,96
717,628,61,0,96
717,629,61,0,96
717,630,61,0,96
717,631,61,0,96
717,632,61,0,96
717,633,61,0,96
717,634,61,0,96
717,635,61,0,96
717,636,61,0,96
717,637,61,0,96
717,638,61,0,96
717,639,61,0,96
717,640,61,0,96
717,641,61,0,96
717,642,61,0,96
717,643,61,0,96
717,644,61,0,96
717,645,61,0,96
717,646,61,0,96
717,647,61,0,96
717,648,61,0,96
717,649,61,0,96
717,650,61,0,96
717,651,61,0,96
717,652,61,0,96
717,653,61,0,96
717,654,61,0,96
717,655,61,0,96
717,656,61,0,96
717,657,61,0,96
717,658,61,0,96
717,659,61,0,96
717,660,61,0,96
717,661,61,0,96
717,662,61,0,96
717,663,61,0,96
717,664,61,0,96
717,665,61,0,96
717,666,61,0,96
717,667,61,0,96
717,668,61,0,96
717,669,61,0,96
717,670,61,0,96
717,671,61,0,96
717,672,61,0,96
717,673,61,0,96
717,674,61,0,96
717,675,61,0,96
717,676,61,0,96
717,677,61,0,96
717,678,61,0,96
717,679,61,0,96
717,680,61,0,96
717,681,61,0,96
717,682,61,0,96
717,683,61,0,96
717,684,61,0,96
717,685,61,0,96
717,686,61,0,96
717,687,61,0,96
717,688,61,0,96
717,689,61,0,96
717,690,61,0,96
717,691,61,0,96
717,692,61,0,96
717,693,61,0,96
717,694,61,0,96
717,695,61,0,96
717,696,61,0,96
717,697,61,0,96
717,698,61,0,96
717,699,61,0,96
717,700,61,0,96
717,701,61,0,96
717,702,61,0,96
717,703,61,0,96
717,704,61,0,96
717,705,61,0,96
717,706,61,0,96
717,707,61,0,96
717,708,61,0,96
717,709,61,0,96
717,710,61,0,96
717,711,61,0,96
717,712,61,0,96
717,713,61,0,96
717,714,61,0,96
717,715,61,0,96
717,716,61,0,96
717,718,61,0,96
717,719,61,0,96
717,720,61,0,96
717,721,61,0,96
717,722,61,0,96
717,723,61,0,96
717,724,61,0,96
718,625,304,0,97
718,626,304,0,97
718,627,304,0,97
718,628,304,0,97
718,629,304,0,97
718,630,304,0,97
718,631,304,0,97
718,632,304,0,97
718,633,304,0,97
718,634,304,0,97
718,635,304,0,97
718,636,304,0,97
718,637,304,0,97
718,638,304,0,97
718,639,304,0,97
718,640,304,0,97
718,641,304,0,97
718,642,304,0,97
718,643,304,0,97
718,644,304,0,97
718,645,304,0,97
718,646,304,0,97
718,647,304,0,97
718,648,304,0,97
718,649,304,0,97
718,650,304,0,97
718,651,304,0,97
718,652,304,0,97
718,653,304,0,97
718,654,304,0,97
718,655,304,0,97
718,656,304,0,97
718,657,304,0,97
718,658,304,0,97
718,659,304,0,97
718,660,304,0,97
718,661,304,0,97
718,662,304,0,97
718,663,304,0,97
718,664,304,0,97
718,665,304,0,97
718,666,304,0,97
718,667,304,0,97
718,668,304,0,97
718,669,304,0,97
718,670,304,0,97
718,671,304,0,97
718,672,304,0,97
718,673,304,0,97
718,674,304,0,97
718,675,304,0,97
718,676,304,0,97
718,677,304,0,97
718,678,304,0,97
718,679,304,0,97
718,680,304,0,97
718,681,304,0,97
718,682,304,0,97
718,683,304,0,97
718,684,304,0,97
718,685,304,0,97
718,686,304,0,97
718,687,304,0,97
718,688,304,0,97
718,689,304,0,97
718,690,304,0,97
718,691,304,0,97
718,692,304,0,97
718,693,304,0,97
718,694,304,0,97
718,695,304,0,97
718,696,304,0,97
718,697,304,0,97
718,698,304,0,97
718,699,304,0,97
718,700,304,0,97
718,701,304,0,97
718,702,304,0,97
718,703,304,0,97
718,704,304,0,97
718,705,304,0,97
718,706,304,0,97
718,707,304,0,97
718,708,304,0,97
718,709,304,0,97
718,710,304,0,97
718,711,304,0,97
718,712,304,0,97
718,713,304,0,97
718,714,304,0,97
718,715,304,0,97
718,716,304,0,97
718,717,304,0,97
718,719,304,0,97
718,720,304,0,97
718,721,304,0,97
718,722,304,0,97
718,723,304,0,97
718,724,304,0,97
721,625,84,0,100
721,626,84,0,100
721,627,84,0,100
721,628,84,0,100
721,629,84,0,100
721,630,84,0,100
721,631,84,0,100
721,632,84,0,100
721,633,84,0,100
721,634,84,0,100
721,635,84,0,100
721,636,84,0,100
721,637,84,0,100
721,638,84,0,100
721,639,84,0,100
721,640,84,0,100
721,641,84,0,100
721,642,84,0,100
721,643,84,0,100
721,644,84,0,100
721,645,84,0,100
721,646,84,0,100
721,647,84,0,100
721,648,84,0,100
721,649,84,0,100
721,650,84,0,100
721,651,84,0,100
721,652,84,0,100
721,653,84,0,100
721,654,84,0,100
721,655,84,0,100
721,656,84,0,100
721,657,84,0,100
721,658,84,0,100
721,659,84,0,100
721,660,84,0,100
721,661,84,0,100
721,662,84,0,100
721,663,84,0,100
721,664,84,0,100
721,665,84,0,100
721,666,84,0,100
721,667,84,0,100
721,668,84,0,100
721,669,84,0,100
721,670,84,0,100
721,671,84,0,100
721,672,84,0,100
721,673,84,0,100
721,674,84,0,100
721,675,84,0,100
721,676,84,0,100
721,677,84,0,100
721,678,84,0,100
721,679,84,0,100
721,680,84,0,100
721,681,84,0,100
721,682,84,0,100
721,683,84,0,100
721,684,84,0,100
721,685,84,0,100
721,686,84,0,100
721,687,84,0,100
721,688,84,0,100
721,689,84,0,100
721,690,84,0,100
721,691,84,0,100
721,692,84,0,100
721,693,84,0,100
721,694,84,0,100
721,695,84,0,100
721,696,84,0,100
721,697,84,0,100
721,698,84,0,100
721,699,84,0,100
721,700,84,0,100
721,701,84,0,100
721,702,84,0,100
721,703,84,0,100
721,704,84,0,100
721,705,84,0,100
721,706,84,0,100
721,707,84,0,100
721,708,84,0,100
721,709,84,0,100
721,710,84,0,100
721,711,84,0,100
721,712,84,0,100
721,713,84,0,100
721,714,84,0,100
721,715,84,0,100
721,716,84,0,100
721,717,84,0,100
721,718,84,0,100
721,719,84,0,100
721,720,84,0,100
721,722,84,0,100
721,723,84,0,100
721,724,84,0,100
722,625,110,0,101
722,626,110,0,101
722,627,110,0,101
722,628,110,0,101
722,629,110,0,101
722,630,110,0,101
722,631,110,0,101
722,632,110,0,101
722,633,110,0,101
722,634,110,0,101
722,635,110,0,101
722,636,110,0,101
722,637,110,0,101
722,638,110,0,101
722,639,110,0,101
722,640,110,0,101
722,641,110,0,101
722,642,110,0,101
722,643,110,0,101
722,644,110,0,101
722,645,110,0,101
722,646,110,0,101
722,647,110,0,101
722,648,110,0,101
722,649,110,0,101
722,650,110,0,101
722,651,110,0,101
722,652,110,0,101
722,653,110,0,101
722,654,110,0,101
722,655,110,0,101
722,656,110,0,101
722,657,110,0,101
722,658,110,0,101
722,659,110,0,101
722,660,110,0,101
722,661,110,0,101
722,662,110,0,101
722,663,110,0,101
722,664,110,0,101
722,665,110,0,101
722,666,110,0,101
722,667,110,0,101
722,668,110,0,101
722,669,110,0,101
722,670,110,0,101
722,671,110,0,101
722,672,110,0,101
722,673,110,0,101
722,674,110,0,101
722,675,110,0,101
722,676,110,0,101
722,677,110,0,101
722,678,110,0,101
722,679,110,0,101
722,680,110,0,101
722,681,110,0,101
722,682,110,0,101
722,683,110,0,101
722,684,110,0,101
722,685,110,0,101
722,686,110,0,101
722,687,110,0,101
722,688,110,0,101
722,689,110,0,101
722,690,110,0,101
722,691,110,0,101
722,692,110,0,101
722,693,110,0,101
722,694,110,0,101
722,695,110,0,101
722,696,110,0,101
722,697,110,0,101
722,698,110,0,101
722,699,110,0,101
722,700,110,0,101
722,701,110,0,101
722,702,110,0,101
722,703,110,0,101
722,704,110,0,101
722,705,110,0,101
722,706,110,0,101
722,707,110,0,101
722,708,110,0,101
722,709,110,0,101
722,710,110,0,101
722,711,110,0,101
722,712,110,0,101
722,713,110,0,101
722,714,110,0,101
722,715,110,0,101
722,716,110,0,101
722,717,110,0,101
722,718,110,0,101
722,719,110,0,101
722,720,110,0,101
722,721,110,0,101
722,723,110,0,101
722,724,110,0,101
