0,631,1,0,0
0,635,25,1,0
0,639,25,1,0
0,656,24,2,1
0,659,24,2,1
0,669,600,3,2
0,671,24,2,1
0,673,25,1,0
0,676,24,2,1
0,678,600,3,2
0,686,600,3,2
0,688,24,2,1
0,690,24,2,1
0,693,24,2,1
0,695,25,1,0
0,700,1,0,0
0,723,600,3,2
1,635,26,2,0
1,656,0,0,0
1,659,0,0,0
1,671,0,0,0
1,676,0,0,0
1,678,601,3,3
1,688,0,0,0
1,690,0,0,0
1,695,26,2,0
2,659,1,0,1
2,668,1,0,1
2,671,1,0,1
2,676,1,0,1
2,690,1,0,1
2,711,3,1,0
3,635,28,2,0
3,659,4,1,0
3,668,2,0,1
3,671,4,1,0
3,676,4,1,0
3,678,603,3,3
3,690,4,1,0
3,695,28,2,0
4,631,631,10,0
4,635,29,2,0
4,656,5,1,0
4,659,5,1,0
4,669,604,3,3
4,671,5,1,0
4,673,29,2,0
4,676,5,1,0
4,678,604,3,3
4,686,604,3,3
4,688,5,1,0
4,690,5,1,0
4,693,5,1,0
4,695,29,2,0
4,723,604,3,3
5,631,4,0,1
5,635,30,2,0
5,639,30,2,0
5,649,605,3,3
5,656,6,1,0
5,659,6,1,0
5,667,6,1,0
5,669,605,3,3
5,671,6,1,0
5,676,6,1,0
5,678,605,3,3
5,686,605,3,3
5,688,6,1,0
5,690,6,1,0
5,693,6,1,0
5,695,30,2,0
5,707,605,3,3
5,713,6,1,0
5,718,6,1,0
5,720,30,2,0
5,723,605,3,3
6,627,606,3,3
6,631,5,0,1
6,632,7,1,0
6,633,7,1,0
6,634,31,2,0
6,635,31,2,0
6,639,31,2,0
6,640,7,1,0
6,644,606,3,3
6,649,606,3,3
6,656,7,1,0
6,659,7,1,0
6,661,7,1,0
6,665,7,1,0
6,667,7,1,0
6,669,606,3,3
6,671,7,1,0
6,676,7,1,0
6,678,606,3,3
6,679,679,58,0
6,686,606,3,3
6,688,7,1,0
6,690,7,1,0
6,693,7,1,0
6,695,31,2,0
6,696,7,1,0
6,698,7,1,0
6,702,31,2,0
6,707,606,3,3
6,708,31,2,0
6,713,7,1,0
6,718,7,1,0
6,720,31,2,0
6,722,31,2,0
6,723,606,3,3
7,627,607,3,3
7,631,6,0,1
7,632,8,1,0
7,633,8,1,0
7,634,32,2,0
7,635,32,2,0
7,638,8,1,0
7,639,32,2,0
7,640,8,1,0
7,644,607,3,3
7,649,607,3,3
7,656,8,1,0
7,659,8,1,0
7,661,8,1,0
7,665,8,1,0
7,667,8,1,0
7,669,607,3,3
7,671,8,1,0
7,676,8,1,0
7,678,607,3,3
7,679,6,0,1
7,686,607,3,3
7,688,8,1,0
7,690,8,1,0
7,693,8,1,0
7,695,32,2,0
7,696,8,1,0
7,698,8,1,0
7,702,32,2,0
7,703,8,1,0
7,707,607,3,3
7,708,32,2,0
7,713,8,1,0
7,718,8,1,0
7,720,32,2,0
7,722,32,2,0
7,723,607,3,3
8,626,33,2,0
8,627,608,3,3
8,629,608,3,3
8,631,7,0,1
8,632,33,2,0
8,633,33,2,0
8,634,33,2,0
8,635,33,2,0
8,637,33,2,0
8,639,33,2,0
8,640,9,1,0
8,643,608,3,3
8,644,608,3,3
8,646,33,2,0
8,647,608,3,3
8,649,608,3,3
8,650,608,3,3
8,651,608,3,3
8,652,33,2,0
8,653,608,3,3
8,654,33,2,0
8,655,33,2,0
8,656,608,3,3
8,657,608,3,3
8,659,33,2,0
8,660,608,3,3
8,663,608,3,3
8,665,33,2,0
8,666,33,2,0
8,667,9,1,0
8,669,608,3,3
8,671,608,3,3
8,676,608,3,3
8,677,33,2,0
8,678,608,3,3
8,679,7,0,1
8,681,608,3,3
8,682,33,2,0
8,683,33,2,0
8,686,608,3,3
8,687,608,3,3
8,688,608,3,3
8,690,608,3,3
8,692,33,2,0
8,693,33,2,0
8,694,33,2,0
8,695,33,2,0
8,697,33,2,0
8,698,33,2,0
8,700,608,3,3
8,701,33,2,0
8,702,33,2,0
8,703,9,1,0
8,706,33,2,0
8,707,608,3,3
8,708,33,2,0
8,709,33,2,0
8,710,608,3,3
8,711,608,3,3
8,715,33,2,0
8,716,33,2,0
8,719,608,3,3
8,720,33,2,0
8,721,33,2,0
8,722,33,2,0
8,723,608,3,3
9,627,8,0,1
9,628,8,0,1
9,630,8,0,1
9,631,8,0,1
9,632,34,2,0
9,633,34,2,0
9,634,8,0,1
9,635,8,0,1
9,636,8,0,1
9,639,8,0,1
9,640,10,1,0
9,641,8,0,1
9,642,8,0,1
9,644,8,0,1
9,645,8,0,1
9,648,8,0,1
9,649,8,0,1
9,655,8,0,1
9,656,609,3,3
9,658,8,0,1
9,659,34,2,0
9,662,8,0,1
9,665,34,2,0
9,667,10,1,0
9,668,8,0,1
9,669,8,0,1
9,670,8,0,1
9,671,609,3,3
9,673,8,0,1
9,674,8,0,1
9,675,8,0,1
9,676,609,3,3
9,678,8,0,1
9,679,8,0,1
9,680,8,0,1
9,684,8,0,1
9,685,8,0,1
9,686,8,0,1
9,688,609,3,3
9,689,8,0,1
9,690,609,3,3
9,691,8,0,1
9,692,8,0,1
9,693,34,2,0
9,695,8,0,1
9,698,34,2,0
9,699,8,0,1
9,701,8,0,1
9,702,8,0,1
9,703,10,1,0
9,704,8,0,1
9,706,8,0,1
9,707,8,0,1
9,708,8,0,1
9,712,8,0,1
9,714,8,0,1
9,717,8,0,1
9,720,8,0,1
9,721,8,0,1
9,722,8,0,1
9,723,8,0,1
9,724,8,0,1
10,627,9,0,1
10,631,9,0,1
10,632,35,2,0
10,633,35,2,0
10,634,9,0,1
10,635,9,0,1
10,638,610,3,3
10,639,9,0,1
10,640,11,1,0
10,644,9,0,1
10,649,9,0,1
10,656,610,3,3
10,659,35,2,0
10,661,35,2,0
10,665,35,2,0
10,667,11,1,0
10,669,9,0,1
10,671,610,3,3
10,676,610,3,3
10,678,9,0,1
10,679,9,0,1
10,686,9,0,1
10,688,610,3,3
10,690,610,3,3
10,692,9,0,1
10,693,35,2,0
10,695,9,0,1
10,696,610,3,3
10,698,35,2,0
10,701,9,0,1
10,702,9,0,1
10,703,703,82,0
10,707,9,0,1
10,708,9,0,1
10,713,35,2,0
10,718,35,2,0
10,720,9,0,1
10,722,9,0,1
10,723,9,0,1
11,627,10,0,1
11,631,10,0,1
11,632,36,2,0
11,633,36,2,0
11,634,10,0,1
11,635,10,0,1
11,639,10,0,1
11,640,640,19,0
11,644,10,0,1
11,649,10,0,1
11,656,611,3,3
11,659,36,2,0
11,661,36,2,0
11,665,36,2,0
11,667,12,1,0
11,669,10,0,1
11,671,611,3,3
11,676,611,3,3
11,678,10,0,1
11,679,10,0,1
11,686,10,0,1
11,688,611,3,3
11,690,611,3,3
11,693,36,2,0
11,695,10,0,1
11,696,611,3,3
11,698,36,2,0
11,702,10,0,1
11,707,10,0,1
11,708,10,0,1
11,713,36,2,0
11,718,36,2,0
11,720,10,0,1
11,722,10,0,1
11,723,10,0,1
12,631,11,0,1
12,635,11,0,1
12,639,11,0,1
12,649,11,0,1
12,656,612,3,3
12,659,37,2,0
12,667,667,46,0
12,669,11,0,1
12,671,612,3,3
12,676,612,3,3
12,678,11,0,1
12,686,11,0,1
12,688,612,3,3
12,690,612,3,3
12,693,37,2,0
12,695,11,0,1
12,707,11,0,1
12,713,37,2,0
12,718,37,2,0
12,720,11,0,1
12,723,11,0,1
13,631,12,0,1
13,635,12,0,1
13,656,613,3,3
13,659,38,2,0
13,669,12,0,1
13,671,613,3,3
13,676,613,3,3
13,678,12,0,1
13,686,12,0,1
13,688,613,3,3
13,690,613,3,3
13,693,38,2,0
13,695,12,0,1
13,700,12,0,1
13,723,12,0,1
14,635,13,0,1
14,659,39,2,0
14,668,15,1,0
14,671,614,3,3
14,676,614,3,3
14,678,13,0,1
14,690,614,3,3
14,695,13,0,1
15,659,40,2,0
15,671,615,3,3
15,676,615,3,3
15,690,615,3,3
15,711,14,0,1
16,635,17,1,0
16,656,616,3,3
16,659,41,2,0
16,671,616,3,3
16,676,616,3,3
16,678,17,1,0
16,688,616,3,3
16,690,616,3,3
16,695,17,1,0
17,631,18,1,0
17,635,18,1,0
17,639,18,1,0
17,656,617,3,3
17,659,42,2,0
17,669,18,1,0
17,671,617,3,3
17,673,18,1,0
17,676,617,3,3
17,678,18,1,0
17,686,18,1,0
17,688,617,3,3
17,690,617,3,3
17,693,42,2,0
17,695,18,1,0
17,700,16,0,1
17,723,18,1,0
18,631,19,1,0
18,632,43,2,0
18,634,19,1,0
18,635,19,1,0
18,639,19,1,0
18,649,19,1,0
18,656,618,3,3
18,659,43,2,0
18,665,43,2,0
18,667,17,0,1
18,669,19,1,0
18,671,618,3,3
18,676,618,3,3
18,678,19,1,0
18,686,19,1,0
18,688,618,3,3
18,690,618,3,3
18,693,43,2,0
18,695,19,1,0
18,707,19,1,0
18,713,43,2,0
18,718,43,2,0
18,720,19,1,0
18,723,19,1,0
19,627,20,1,0
19,631,20,1,0
19,632,44,2,0
19,633,44,2,0
19,634,20,1,0
19,635,20,1,0
19,639,20,1,0
19,640,18,0,1
19,644,20,1,0
19,649,20,1,0
19,656,619,3,3
19,659,44,2,0
19,661,44,2,0
19,665,44,2,0
19,667,18,0,1
19,669,20,1,0
19,671,619,3,3
19,676,619,3,3
19,678,20,1,0
19,679,20,1,0
19,686,20,1,0
19,688,619,3,3
19,690,619,3,3
19,693,44,2,0
19,695,20,1,0
19,696,619,3,3
19,698,44,2,0
19,702,20,1,0
19,707,20,1,0
19,708,20,1,0
19,713,44,2,0
19,718,44,2,0
19,720,20,1,0
19,722,20,1,0
19,723,20,1,0
20,627,21,1,0
20,631,21,1,0
20,632,45,2,0
20,633,45,2,0
20,634,21,1,0
20,635,21,1,0
20,638,620,3,3
20,639,21,1,0
20,640,19,0,1
20,644,21,1,0
20,649,21,1,0
20,656,620,3,3
20,659,45,2,0
20,661,45,2,0
20,665,45,2,0
20,667,19,0,1
20,669,21,1,0
20,671,620,3,3
20,676,620,3,3
20,678,21,1,0
20,679,21,1,0
20,686,21,1,0
20,688,620,3,3
20,690,620,3,3
20,692,19,0,1
20,693,45,2,0
20,695,21,1,0
20,696,620,3,3
20,698,45,2,0
20,702,21,1,0
20,703,19,0,1
20,707,21,1,0
20,708,21,1,0
20,713,45,2,0
20,718,45,2,0
20,720,21,1,0
20,722,21,1,0
20,723,21,1,0
21,631,22,1,0
21,632,46,2,0
21,633,46,2,0
21,634,46,2,0
21,635,46,2,0
21,639,46,2,0
21,640,20,0,1
21,644,621,3,3
21,649,621,3,3
21,656,621,3,3
21,659,46,2,0
21,665,46,2,0
21,667,20,0,1
21,669,621,3,3
21,671,621,3,3
21,676,621,3,3
21,678,621,3,3
21,679,22,1,0
21,686,621,3,3
21,688,621,3,3
21,690,621,3,3
21,693,46,2,0
21,695,46,2,0
21,698,46,2,0
21,701,46,2,0
21,703,20,0,1
21,708,46,2,0
21,723,621,3,3
22,627,622,3,3
22,631,23,1,0
22,632,21,0,1
22,633,21,0,1
22,634,47,2,0
22,635,47,2,0
22,638,21,0,1
22,639,47,2,0
22,640,21,0,1
22,644,622,3,3
22,649,622,3,3
22,656,21,0,1
22,659,21,0,1
22,661,21,0,1
22,665,21,0,1
22,667,21,0,1
22,669,622,3,3
22,671,21,0,1
22,676,21,0,1
22,678,622,3,3
22,679,23,1,0
22,686,622,3,3
22,688,21,0,1
22,690,21,0,1
22,692,23,1,0
22,693,21,0,1
22,695,47,2,0
22,696,21,0,1
22,698,21,0,1
22,701,23,1,0
22,702,47,2,0
22,703,21,0,1
22,707,622,3,3
22,708,47,2,0
22,713,21,0,1
22,718,21,0,1
22,720,47,2,0
22,722,47,2,0
22,723,622,3,3
23,627,623,3,3
23,631,24,1,0
23,632,22,0,1
23,633,22,0,1
23,634,48,2,0
23,635,48,2,0
23,639,48,2,0
23,640,22,0,1
23,644,623,3,3
23,649,623,3,3
23,656,22,0,1
23,659,22,0,1
23,661,22,0,1
23,665,22,0,1
23,667,22,0,1
23,669,623,3,3
23,671,22,0,1
23,676,22,0,1
23,678,623,3,3
23,679,24,1,0
23,686,623,3,3
23,688,22,0,1
23,690,22,0,1
23,693,22,0,1
23,695,48,2,0
23,696,22,0,1
23,698,22,0,1
23,702,48,2,0
23,707,623,3,3
23,708,48,2,0
23,713,22,0,1
23,718,22,0,1
23,720,48,2,0
23,722,48,2,0
23,723,623,3,3
24,631,0,1,2
24,632,23,0,1
24,634,49,2,0
24,635,49,2,0
24,639,49,2,0
24,649,624,3,3
24,656,23,0,1
24,659,23,0,1
24,665,23,0,1
24,667,23,0,1
24,669,624,3,3
24,671,23,0,1
24,676,23,0,1
24,678,624,3,3
24,686,624,3,3
24,688,23,0,1
24,690,23,0,1
24,693,23,0,1
24,695,49,2,0
24,707,624,3,3
24,713,23,0,1
24,718,23,0,1
24,720,49,2,0
24,723,624,3,3
25,631,0,0,1
25,635,50,2,0
25,639,50,2,0
25,656,49,3,2
25,659,49,3,2
25,669,50,2,0
25,671,49,3,2
25,673,50,2,0
25,676,49,3,2
25,678,0,0,1
25,686,0,0,1
25,688,49,3,2
25,690,49,3,2
25,693,49,3,2
25,695,50,2,0
25,700,26,1,1
25,723,0,0,1
26,635,51,3,0
26,656,25,1,1
26,659,25,1,1
26,671,25,1,1
26,676,25,1,1
26,678,1,0,2
26,688,25,1,1
26,690,25,1,1
26,695,51,3,0
27,659,26,1,2
27,668,26,1,2
27,671,26,1,2
27,676,26,1,2
27,690,26,1,2
27,711,28,2,1
28,635,53,3,0
28,659,29,2,1
28,668,27,1,2
28,671,29,2,1
28,676,29,2,1
28,678,3,0,2
28,690,29,2,1
28,695,53,3,0
29,631,4,0,2
29,635,54,3,0
29,656,30,2,1
29,659,30,2,1
29,669,54,3,0
29,671,30,2,1
29,673,54,3,0
29,676,30,2,1
29,678,4,0,2
29,686,4,0,2
29,688,30,2,1
29,690,30,2,1
29,693,30,2,1
29,695,54,3,0
29,723,4,0,2
30,631,5,0,2
30,635,55,3,0
30,639,55,3,0
30,649,5,0,2
30,656,31,2,1
30,659,31,2,1
30,667,31,2,1
30,669,55,3,0
30,671,31,2,1
30,676,31,2,1
30,678,5,0,2
30,686,5,0,2
30,688,31,2,1
30,690,31,2,1
30,693,31,2,1
30,695,55,3,0
30,707,5,0,2
30,713,31,2,1
30,718,31,2,1
30,720,55,3,0
30,723,5,0,2
31,627,6,0,2
31,631,6,0,2
31,632,32,2,1
31,633,32,2,1
31,634,56,3,0
31,635,56,3,0
31,639,56,3,0
31,640,32,2,1
31,644,6,0,2
31,649,6,0,2
31,656,32,2,1
31,659,32,2,1
31,661,32,2,1
31,665,32,2,1
31,667,32,2,1
31,669,56,3,0
31,671,32,2,1
31,676,32,2,1
31,678,6,0,2
31,679,6,0,2
31,686,6,0,2
31,688,32,2,1
31,690,32,2,1
31,693,32,2,1
31,695,56,3,0
31,696,32,2,1
31,698,32,2,1
31,702,56,3,0
31,707,6,0,2
31,708,56,3,0
31,713,32,2,1
31,718,32,2,1
31,720,56,3,0
31,722,56,3,0
31,723,6,0,2
32,627,7,0,2
32,631,7,0,2
32,632,33,2,1
32,633,33,2,1
32,634,57,3,0
32,635,57,3,0
32,638,33,2,1
32,639,57,3,0
32,640,33,2,1
32,644,7,0,2
32,649,7,0,2
32,656,33,2,1
32,659,33,2,1
32,661,33,2,1
32,665,33,2,1
32,667,33,2,1
32,669,57,3,0
32,671,33,2,1
32,676,33,2,1
32,678,7,0,2
32,679,7,0,2
32,686,7,0,2
32,688,33,2,1
32,690,33,2,1
32,693,33,2,1
32,695,57,3,0
32,696,33,2,1
32,698,33,2,1
32,702,57,3,0
32,703,33,2,1
32,707,7,0,2
32,708,57,3,0
32,713,33,2,1
32,718,33,2,1
32,720,57,3,0
32,722,57,3,0
32,723,7,0,2
33,626,58,3,0
33,627,8,0,2
33,629,58,3,0
33,631,8,0,2
33,632,58,3,0
33,633,58,3,0
33,634,58,3,0
33,635,58,3,0
33,637,58,3,0
33,639,58,3,0
33,640,8,0,2
33,643,8,0,2
33,644,8,0,2
33,647,8,0,2
33,649,8,0,2
33,650,8,0,2
33,651,8,0,2
33,652,58,3,0
33,653,8,0,2
33,655,58,3,0
33,656,8,0,2
33,657,8,0,2
33,659,58,3,0
33,660,8,0,2
33,661,34,2,1
33,663,8,0,2
33,665,58,3,0
33,666,58,3,0
33,667,8,0,2
33,669,58,3,0
33,671,8,0,2
33,676,8,0,2
33,677,58,3,0
33,678,8,0,2
33,679,8,0,2
33,681,8,0,2
33,683,58,3,0
33,686,8,0,2
33,687,8,0,2
33,688,8,0,2
33,690,8,0,2
33,692,58,3,0
33,694,58,3,0
33,695,58,3,0
33,697,58,3,0
33,698,58,3,0
33,700,8,0,2
33,701,58,3,0
33,702,58,3,0
33,703,8,0,2
33,705,8,0,2
33,706,58,3,0
33,707,8,0,2
33,708,58,3,0
33,709,58,3,0
33,710,8,0,2
33,711,8,0,2
33,715,58,3,0
33,716,58,3,0
33,719,8,0,2
33,720,58,3,0
33,721,58,3,0
33,722,58,3,0
33,723,8,0,2
34,625,33,1,2
34,627,33,1,2
34,628,33,1,2
34,630,33,1,2
34,631,33,1,2
34,632,59,3,0
34,633,59,3,0
34,634,33,1,2
34,635,33,1,2
34,636,33,1,2
34,639,33,1,2
34,640,9,0,2
34,641,33,1,2
34,642,33,1,2
34,644,33,1,2
34,645,33,1,2
34,648,33,1,2
34,649,33,1,2
34,655,33,1,2
34,656,9,0,2
34,658,33,1,2
34,659,59,3,0
34,661,35,2,1
34,662,33,1,2
34,665,59,3,0
34,667,9,0,2
34,668,33,1,2
34,669,33,1,2
34,670,33,1,2
34,671,9,0,2
34,673,33,1,2
34,674,33,1,2
34,675,33,1,2
34,676,9,0,2
34,678,33,1,2
34,679,33,1,2
34,680,33,1,2
34,685,33,1,2
34,686,33,1,2
34,688,9,0,2
34,689,33,1,2
34,690,9,0,2
34,691,33,1,2
34,692,33,1,2
34,695,33,1,2
34,698,59,3,0
34,699,33,1,2
34,701,33,1,2
34,702,33,1,2
34,703,9,0,2
34,704,33,1,2
34,706,33,1,2
34,707,33,1,2
34,708,33,1,2
34,712,33,1,2
34,714,33,1,2
34,717,33,1,2
34,720,33,1,2
34,721,33,1,2
34,722,33,1,2
34,723,33,1,2
34,724,33,1,2
35,627,34,1,2
35,631,34,1,2
35,632,60,3,0
35,633,60,3,0
35,634,34,1,2
35,635,34,1,2
35,638,10,0,2
35,639,34,1,2
35,640,10,0,2
35,644,34,1,2
35,649,34,1,2
35,656,10,0,2
35,659,60,3,0
35,661,36,2,1
35,665,60,3,0
35,667,10,0,2
35,669,34,1,2
35,671,10,0,2
35,676,10,0,2
35,678,34,1,2
35,679,34,1,2
35,686,34,1,2
35,688,10,0,2
35,690,10,0,2
35,692,34,1,2
35,693,60,3,0
35,695,34,1,2
35,696,10,0,2
35,698,60,3,0
35,701,34,1,2
35,702,34,1,2
35,703,10,0,2
35,707,34,1,2
35,708,34,1,2
35,713,60,3,0
35,718,60,3,0
35,720,34,1,2
35,722,34,1,2
35,723,34,1,2
36,627,35,1,2
36,631,35,1,2
36,632,61,3,0
36,633,61,3,0
36,634,35,1,2
36,635,35,1,2
36,639,35,1,2
36,640,11,0,2
36,644,35,1,2
36,649,35,1,2
36,656,11,0,2
36,659,61,3,0
36,661,661,40,0
36,665,61,3,0
36,667,11,0,2
36,669,35,1,2
36,671,11,0,2
36,676,11,0,2
36,678,35,1,2
36,679,35,1,2
36,686,35,1,2
36,688,11,0,2
36,690,11,0,2
36,693,61,3,0
36,695,35,1,2
36,696,11,0,2
36,698,61,3,0
36,702,35,1,2
36,707,35,1,2
36,708,35,1,2
36,713,61,3,0
36,718,61,3,0
36,720,35,1,2
36,722,35,1,2
36,723,35,1,2
37,631,36,1,2
37,635,36,1,2
37,639,36,1,2
37,649,36,1,2
37,656,12,0,2
37,659,62,3,0
37,667,12,0,2
37,669,36,1,2
37,671,12,0,2
37,676,12,0,2
37,678,36,1,2
37,686,36,1,2
37,688,12,0,2
37,690,12,0,2
37,693,62,3,0
37,695,36,1,2
37,707,36,1,2
37,713,62,3,0
37,718,62,3,0
37,720,36,1,2
37,723,36,1,2
38,631,37,1,2
38,635,37,1,2
38,656,13,0,2
38,659,63,3,0
38,669,37,1,2
38,671,13,0,2
38,676,13,0,2
38,678,37,1,2
38,686,37,1,2
38,688,13,0,2
38,690,13,0,2
38,693,63,3,0
38,695,37,1,2
38,700,37,1,2
38,723,37,1,2
39,635,38,1,2
39,659,64,3,0
39,668,40,2,1
39,671,14,0,2
39,676,14,0,2
39,678,38,1,2
39,690,14,0,2
39,695,38,1,2
40,659,65,3,0
40,671,15,0,2
40,676,15,0,2
40,690,15,0,2
40,711,39,1,2
41,635,42,2,1
41,656,16,0,2
41,659,66,3,0
41,671,16,0,2
41,676,16,0,2
41,678,42,2,1
41,688,16,0,2
41,690,16,0,2
41,695,42,2,1
42,631,43,2,1
42,635,43,2,1
42,639,43,2,1
42,656,17,0,2
42,659,67,3,0
42,669,43,2,1
42,671,17,0,2
42,673,43,2,1
42,676,17,0,2
42,678,43,2,1
42,686,43,2,1
42,688,17,0,2
42,690,17,0,2
42,693,67,3,0
42,695,43,2,1
42,700,41,1,2
42,723,43,2,1
43,631,44,2,1
43,632,68,3,0
43,634,44,2,1
43,635,44,2,1
43,639,44,2,1
43,649,44,2,1
43,656,18,0,2
43,659,68,3,0
43,665,68,3,0
43,667,18,0,2
43,669,44,2,1
43,671,18,0,2
43,676,18,0,2
43,678,44,2,1
43,686,44,2,1
43,688,18,0,2
43,690,18,0,2
43,693,68,3,0
43,695,44,2,1
43,707,44,2,1
43,713,68,3,0
43,718,68,3,0
43,720,44,2,1
43,723,44,2,1
44,627,45,2,1
44,631,45,2,1
44,632,69,3,0
44,633,69,3,0
44,634,45,2,1
44,635,45,2,1
44,639,45,2,1
44,640,19,0,2
44,644,45,2,1
44,649,45,2,1
44,656,19,0,2
44,659,69,3,0
44,661,43,1,2
44,665,69,3,0
44,667,19,0,2
44,669,45,2,1
44,671,19,0,2
44,676,19,0,2
44,678,45,2,1
44,679,45,2,1
44,686,45,2,1
44,688,19,0,2
44,690,19,0,2
44,693,69,3,0
44,695,45,2,1
44,696,19,0,2
44,698,69,3,0
44,702,45,2,1
44,707,45,2,1
44,708,45,2,1
44,713,69,3,0
44,718,69,3,0
44,720,45,2,1
44,722,45,2,1
44,723,45,2,1
45,627,46,2,1
45,631,46,2,1
45,632,70,3,0
45,633,70,3,0
45,634,46,2,1
45,635,46,2,1
45,638,20,0,2
45,639,46,2,1
45,640,20,0,2
45,644,46,2,1
45,649,46,2,1
45,656,20,0,2
45,659,70,3,0
45,661,44,1,2
45,665,70,3,0
45,667,20,0,2
45,669,46,2,1
45,671,20,0,2
45,676,20,0,2
45,678,46,2,1
45,679,46,2,1
45,686,46,2,1
45,688,20,0,2
45,690,20,0,2
45,693,70,3,0
45,695,46,2,1
45,696,20,0,2
45,698,70,3,0
45,701,44,1,2
45,702,46,2,1
45,703,20,0,2
45,707,46,2,1
45,708,46,2,1
45,713,70,3,0
45,718,70,3,0
45,720,46,2,1
45,722,46,2,1
45,723,46,2,1
46,632,71,3,0
46,633,71,3,0
46,634,71,3,0
46,635,71,3,0
46,639,71,3,0
46,640,21,0,2
46,644,21,0,2
46,649,21,0,2
46,656,21,0,2
46,659,71,3,0
46,661,45,1,2
46,665,71,3,0
46,667,21,0,2
46,671,21,0,2
46,676,21,0,2
46,678,21,0,2
46,686,21,0,2
46,688,21,0,2
46,690,21,0,2
46,692,71,3,0
46,695,71,3,0
46,698,71,3,0
46,701,71,3,0
46,703,21,0,2
46,708,71,3,0
46,723,21,0,2
47,627,22,0,2
47,631,22,0,2
47,632,46,1,2
47,633,46,1,2
47,634,72,3,0
47,635,72,3,0
47,638,46,1,2
47,639,72,3,0
47,640,46,1,2
47,644,22,0,2
47,649,22,0,2
47,656,46,1,2
47,659,46,1,2
47,661,46,1,2
47,665,46,1,2
47,667,46,1,2
47,669,72,3,0
47,671,46,1,2
47,676,46,1,2
47,678,22,0,2
47,679,22,0,2
47,686,22,0,2
47,688,46,1,2
47,690,46,1,2
47,692,48,2,1
47,693,46,1,2
47,695,72,3,0
47,696,46,1,2
47,698,46,1,2
47,701,48,2,1
47,702,72,3,0
47,703,46,1,2
47,707,22,0,2
47,708,72,3,0
47,713,46,1,2
47,718,46,1,2
47,720,72,3,0
47,722,72,3,0
47,723,22,0,2
48,627,23,0,2
48,631,23,0,2
48,632,47,1,2
48,633,47,1,2
48,634,73,3,0
48,635,73,3,0
48,639,73,3,0
48,640,47,1,2
48,644,23,0,2
48,649,23,0,2
48,656,47,1,2
48,659,47,1,2
48,661,47,1,2
48,665,47,1,2
48,667,47,1,2
48,669,73,3,0
48,671,47,1,2
48,676,47,1,2
48,678,23,0,2
48,679,23,0,2
48,686,23,0,2
48,688,47,1,2
48,690,47,1,2
48,693,47,1,2
48,695,73,3,0
48,696,47,1,2
48,698,47,1,2
48,702,73,3,0
48,707,23,0,2
48,708,73,3,0
48,713,47,1,2
48,718,47,1,2
48,720,73,3,0
48,722,73,3,0
48,723,23,0,2
49,631,24,0,2
49,632,48,1,2
49,634,74,3,0
49,635,74,3,0
49,639,74,3,0
49,649,24,0,2
49,656,48,1,2
49,659,48,1,2
49,665,48,1,2
49,667,48,1,2
49,669,74,3,0
49,671,48,1,2
49,676,48,1,2
49,678,24,0,2
49,686,24,0,2
49,688,48,1,2
49,690,48,1,2
49,693,48,1,2
49,695,74,3,0
49,707,24,0,2
49,713,48,1,2
49,718,48,1,2
49,720,74,3,0
49,723,24,0,2
50,631,25,0,2
50,635,75,2,0
50,639,75,2,0
50,656,74,3,2
50,659,74,3,2
50,669,75,2,0
50,671,74,3,2
50,673,75,2,0
50,676,74,3,2
50,678,25,0,2
50,686,25,0,2
50,688,74,3,2
50,690,74,3,2
50,693,74,3,2
50,695,75,2,0
50,700,51,1,1
50,723,25,0,2
51,635,76,3,0
51,656,50,1,1
51,659,50,1,1
51,671,50,1,1
51,676,50,1,1
51,678,26,0,3
51,688,50,1,1
51,690,50,1,1
51,695,76,3,0
52,659,51,1,2
52,668,51,1,2
52,671,51,1,2
52,676,51,1,2
52,690,51,1,2
52,711,53,2,1
53,635,78,3,0
53,659,54,2,1
53,668,52,1,2
53,671,54,2,1
53,676,54,2,1
53,678,28,0,3
53,690,54,2,1
53,695,78,3,0
54,631,29,0,3
54,635,79,3,0
54,656,55,2,1
54,659,55,2,1
54,669,79,3,0
54,671,55,2,1
54,673,79,3,0
54,676,55,2,1
54,678,29,0,3
54,686,29,0,3
54,688,55,2,1
54,690,55,2,1
54,693,55,2,1
54,695,79,3,0
54,723,29,0,3
55,631,30,0,3
55,635,80,3,0
55,639,80,3,0
55,649,80,3,0
55,656,56,2,1
55,659,56,2,1
55,667,56,2,1
55,669,80,3,0
55,671,56,2,1
55,676,56,2,1
55,678,30,0,3
55,686,30,0,3
55,688,56,2,1
55,690,56,2,1
55,693,56,2,1
55,695,80,3,0
55,707,30,0,3
55,713,56,2,1
55,718,56,2,1
55,720,80,3,0
55,723,30,0,3
56,627,31,0,3
56,631,31,0,3
56,632,57,2,1
56,633,57,2,1
56,634,81,3,0
56,635,81,3,0
56,639,81,3,0
56,640,57,2,1
56,644,31,0,3
56,649,81,3,0
56,656,57,2,1
56,659,57,2,1
56,661,57,2,1
56,665,57,2,1
56,667,57,2,1
56,669,81,3,0
56,671,57,2,1
56,676,57,2,1
56,678,31,0,3
56,679,31,0,3
56,686,31,0,3
56,688,57,2,1
56,690,57,2,1
56,693,57,2,1
56,695,81,3,0
56,696,57,2,1
56,698,57,2,1
56,702,81,3,0
56,707,31,0,3
56,708,81,3,0
56,713,57,2,1
56,718,57,2,1
56,720,81,3,0
56,722,81,3,0
56,723,31,0,3
57,627,32,0,3
57,631,32,0,3
57,632,58,2,1
57,633,58,2,1
57,634,82,3,0
57,635,82,3,0
57,638,58,2,1
57,639,82,3,0
57,640,58,2,1
57,644,32,0,3
57,649,82,3,0
57,656,58,2,1
57,659,58,2,1
57,661,58,2,1
57,665,58,2,1
57,667,58,2,1
57,669,82,3,0
57,671,58,2,1
57,676,58,2,1
57,678,32,0,3
57,679,32,0,3
57,686,32,0,3
57,688,58,2,1
57,690,58,2,1
57,693,58,2,1
57,695,82,3,0
57,696,58,2,1
57,698,58,2,1
57,702,82,3,0
57,703,58,2,1
57,707,32,0,3
57,708,82,3,0
57,713,58,2,1
57,718,58,2,1
57,720,82,3,0
57,722,82,3,0
57,723,32,0,3
58,626,83,3,0
58,627,33,0,3
58,629,83,3,0
58,631,33,0,3
58,632,83,3,0
58,634,83,3,0
58,635,83,3,0
58,637,83,3,0
58,639,83,3,0
58,640,33,0,3
58,643,33,0,3
58,644,33,0,3
58,646,33,0,3
58,647,33,0,3
58,649,83,3,0
58,650,33,0,3
58,651,33,0,3
58,652,83,3,0
58,653,33,0,3
58,654,33,0,3
58,655,83,3,0
58,656,33,0,3
58,657,33,0,3
58,659,83,3,0
58,660,33,0,3
58,661,33,0,3
58,663,33,0,3
58,665,83,3,0
58,667,33,0,3
58,669,83,3,0
58,671,33,0,3
58,676,33,0,3
58,677,83,3,0
58,678,33,0,3
58,679,33,0,3
58,681,33,0,3
58,682,33,0,3
58,683,83,3,0
58,686,33,0,3
58,687,83,3,0
58,688,33,0,3
58,690,33,0,3
58,692,83,3,0
58,693,59,2,1
58,695,83,3,0
58,697,83,3,0
58,700,33,0,3
58,701,83,3,0
58,702,83,3,0
58,703,33,0,3
58,705,33,0,3
58,706,83,3,0
58,707,33,0,3
58,708,83,3,0
58,709,83,3,0
58,710,33,0,3
58,711,33,0,3
58,713,59,2,1
58,715,83,3,0
58,716,83,3,0
58,719,33,0,3
58,720,83,3,0
58,721,83,3,0
58,722,83,3,0
58,723,33,0,3
59,625,58,1,2
59,627,58,1,2
59,628,58,1,2
59,630,58,1,2
59,631,58,1,2
59,632,84,3,0
59,634,58,1,2
59,635,58,1,2
59,636,58,1,2
59,639,58,1,2
59,640,34,0,3
59,642,58,1,2
59,644,58,1,2
59,645,58,1,2
59,648,58,1,2
59,649,58,1,2
59,655,58,1,2
59,656,34,0,3
59,658,58,1,2
59,659,84,3,0
59,661,34,0,3
59,662,58,1,2
59,665,84,3,0
59,667,34,0,3
59,668,58,1,2
59,669,58,1,2
59,670,58,1,2
59,671,34,0,3
59,673,58,1,2
59,674,58,1,2
59,675,58,1,2
59,676,34,0,3
59,678,58,1,2
59,679,58,1,2
59,680,58,1,2
59,684,58,1,2
59,685,58,1,2
59,686,58,1,2
59,688,34,0,3
59,689,58,1,2
59,690,34,0,3
59,691,58,1,2
59,692,58,1,2
59,693,60,2,1
59,695,58,1,2
59,699,58,1,2
59,701,58,1,2
59,702,58,1,2
59,703,34,0,3
59,704,58,1,2
59,706,58,1,2
59,707,58,1,2
59,708,58,1,2
59,712,58,1,2
59,713,60,2,1
59,714,58,1,2
59,717,58,1,2
59,720,58,1,2
59,721,58,1,2
59,722,58,1,2
59,723,58,1,2
59,724,58,1,2
60,627,59,1,2
60,631,59,1,2
60,632,85,3,0
60,633,85,3,0
60,634,59,1,2
60,635,59,1,2
60,638,35,0,3
60,639,59,1,2
60,640,35,0,3
60,644,59,1,2
60,649,59,1,2
60,656,35,0,3
60,659,85,3,0
60,661,35,0,3
60,665,85,3,0
60,667,35,0,3
60,669,59,1,2
60,671,35,0,3
60,676,35,0,3
60,678,59,1,2
60,679,59,1,2
60,686,59,1,2
60,688,35,0,3
60,690,35,0,3
60,692,59,1,2
60,693,61,2,1
60,695,59,1,2
60,696,35,0,3
60,698,85,3,0
60,701,59,1,2
60,702,59,1,2
60,703,35,0,3
60,707,59,1,2
60,708,59,1,2
60,713,61,2,1
60,718,85,3,0
60,720,59,1,2
60,722,59,1,2
60,723,59,1,2
61,627,60,1,2
61,631,60,1,2
61,632,86,3,0
61,633,86,3,0
61,634,60,1,2
61,635,60,1,2
61,639,60,1,2
61,640,36,0,3
61,644,60,1,2
61,649,60,1,2
61,656,36,0,3
61,659,86,3,0
61,661,36,0,3
61,665,86,3,0
61,667,36,0,3
61,669,60,1,2
61,671,36,0,3
61,676,36,0,3
61,678,60,1,2
61,679,60,1,2
61,686,60,1,2
61,688,36,0,3
61,690,36,0,3
61,693,62,2,1
61,695,60,1,2
61,696,36,0,3
61,698,86,3,0
61,702,60,1,2
61,707,60,1,2
61,708,60,1,2
61,713,62,2,1
61,718,86,3,0
61,720,60,1,2
61,722,60,1,2
61,723,60,1,2
62,631,61,1,2
62,635,61,1,2
62,639,61,1,2
62,649,61,1,2
62,656,37,0,3
62,659,87,3,0
62,667,37,0,3
62,669,61,1,2
62,671,37,0,3
62,676,37,0,3
62,678,61,1,2
62,686,61,1,2
62,688,37,0,3
62,690,37,0,3
62,693,63,2,1
62,695,61,1,2
62,707,61,1,2
62,713,713,92,0
62,718,87,3,0
62,720,61,1,2
62,723,61,1,2
63,631,62,1,2
63,635,62,1,2
63,656,38,0,3
63,659,88,3,0
63,669,62,1,2
63,671,38,0,3
63,676,38,0,3
63,678,62,1,2
63,686,62,1,2
63,688,38,0,3
63,690,38,0,3
63,693,693,72,0
63,695,62,1,2
63,700,62,1,2
63,723,62,1,2
64,635,63,1,2
64,659,89,3,0
64,668,65,2,1
64,671,39,0,3
64,676,39,0,3
64,678,63,1,2
64,690,39,0,3
64,695,63,1,2
65,659,90,3,0
65,671,40,0,3
65,676,40,0,3
65,690,40,0,3
65,711,64,1,2
66,635,67,2,1
66,656,41,0,3
66,659,91,3,0
66,671,41,0,3
66,676,41,0,3
66,678,67,2,1
66,688,41,0,3
66,690,41,0,3
66,695,67,2,1
67,631,68,2,1
67,635,68,2,1
67,639,68,2,1
67,656,42,0,3
67,659,92,3,0
67,669,68,2,1
67,671,42,0,3
67,673,68,2,1
67,676,42,0,3
67,678,68,2,1
67,686,68,2,1
67,688,42,0,3
67,690,42,0,3
67,693,66,1,2
67,695,68,2,1
67,700,66,1,2
67,723,68,2,1
68,631,69,2,1
68,632,93,3,0
68,634,69,2,1
68,635,69,2,1
68,639,69,2,1
68,649,69,2,1
68,656,43,0,3
68,659,93,3,0
68,665,93,3,0
68,667,43,0,3
68,669,69,2,1
68,671,43,0,3
68,676,43,0,3
68,678,69,2,1
68,686,69,2,1
68,688,43,0,3
68,690,43,0,3
68,693,67,1,2
68,695,69,2,1
68,707,69,2,1
68,713,67,1,2
68,718,93,3,0
68,720,69,2,1
68,723,69,2,1
69,627,70,2,1
69,631,70,2,1
69,632,94,3,0
69,633,94,3,0
69,634,70,2,1
69,635,70,2,1
69,639,70,2,1
69,640,44,0,3
69,644,70,2,1
69,649,70,2,1
69,656,44,0,3
69,659,94,3,0
69,661,44,0,3
69,665,94,3,0
69,667,44,0,3
69,669,70,2,1
69,671,44,0,3
69,676,44,0,3
69,678,70,2,1
69,679,70,2,1
69,686,70,2,1
69,688,44,0,3
69,690,44,0,3
69,693,68,1,2
69,695,70,2,1
69,696,44,0,3
69,698,94,3,0
69,702,70,2,1
69,707,70,2,1
69,708,70,2,1
69,713,68,1,2
69,718,94,3,0
69,720,70,2,1
69,722,70,2,1
69,723,70,2,1
70,627,71,2,1
70,631,71,2,1
70,632,95,3,0
70,633,95,3,0
70,634,71,2,1
70,635,71,2,1
70,638,45,0,3
70,639,71,2,1
70,640,45,0,3
70,644,71,2,1
70,649,71,2,1
70,656,45,0,3
70,659,95,3,0
70,661,45,0,3
70,665,95,3,0
70,667,45,0,3
70,669,71,2,1
70,671,45,0,3
70,676,45,0,3
70,678,71,2,1
70,679,71,2,1
70,686,71,2,1
70,688,45,0,3
70,690,45,0,3
70,692,69,1,2
70,693,69,1,2
70,695,71,2,1
70,696,45,0,3
70,698,95,3,0
70,701,69,1,2
70,702,71,2,1
70,703,45,0,3
70,707,71,2,1
70,708,71,2,1
70,713,69,1,2
70,718,95,3,0
70,720,71,2,1
70,722,71,2,1
70,723,71,2,1
71,632,96,3,0
71,634,96,3,0
71,635,96,3,0
71,639,96,3,0
71,640,46,0,3
71,644,46,0,3
71,655,96,3,0
71,656,46,0,3
71,659,96,3,0
71,661,46,0,3
71,665,96,3,0
71,667,46,0,3
71,671,46,0,3
71,676,46,0,3
71,678,46,0,3
71,686,46,0,3
71,688,46,0,3
71,690,46,0,3
71,692,96,3,0
71,693,70,1,2
71,695,96,3,0
71,701,96,3,0
71,702,96,3,0
71,703,46,0,3
71,707,46,0,3
71,708,96,3,0
71,713,70,1,2
71,723,46,0,3
72,627,47,0,3
72,631,47,0,3
72,632,71,1,2
72,633,71,1,2
72,634,97,3,0
72,635,97,3,0
72,638,71,1,2
72,639,97,3,0
72,640,71,1,2
72,644,47,0,3
72,649,97,3,0
72,656,71,1,2
72,659,71,1,2
72,661,71,1,2
72,665,71,1,2
72,667,71,1,2
72,669,97,3,0
72,671,71,1,2
72,676,71,1,2
72,678,47,0,3
72,679,47,0,3
72,686,47,0,3
72,688,71,1,2
72,690,71,1,2
72,692,73,2,1
72,693,71,1,2
72,695,97,3,0
72,696,71,1,2
72,698,71,1,2
72,701,73,2,1
72,702,97,3,0
72,703,71,1,2
72,707,47,0,3
72,708,97,3,0
72,713,71,1,2
72,718,71,1,2
72,720,97,3,0
72,722,97,3,0
72,723,47,0,3
73,627,48,0,3
73,631,48,0,3
73,632,72,1,2
73,633,72,1,2
73,634,98,3,0
73,635,98,3,0
73,639,98,3,0
73,640,72,1,2
73,644,48,0,3
73,649,98,3,0
73,656,72,1,2
73,659,72,1,2
73,661,72,1,2
73,665,72,1,2
73,667,72,1,2
73,669,98,3,0
73,671,72,1,2
73,676,72,1,2
73,678,48,0,3
73,679,48,0,3
73,686,48,0,3
73,688,72,1,2
73,690,72,1,2
73,693,72,1,2
73,695,98,3,0
73,696,72,1,2
73,698,72,1,2
73,702,98,3,0
73,707,48,0,3
73,708,98,3,0
73,713,72,1,2
73,718,72,1,2
73,720,98,3,0
73,722,98,3,0
73,723,48,0,3
74,631,49,0,3
74,632,73,1,2
74,634,99,3,0
74,635,99,3,0
74,639,99,3,0
74,649,99,3,0
74,656,73,1,2
74,659,73,1,2
74,665,73,1,2
74,667,73,1,2
74,669,99,3,0
74,671,73,1,2
74,676,73,1,2
74,678,49,0,3
74,686,49,0,3
74,688,73,1,2
74,690,73,1,2
74,693,73,1,2
74,695,99,3,0
74,707,49,0,3
74,713,73,1,2
74,718,73,1,2
74,720,99,3,0
74,723,49,0,3
75,631,50,0,2
75,635,100,2,0
75,639,100,2,0
75,656,99,3,2
75,659,99,3,2
75,669,100,2,0
75,671,99,3,2
75,673,100,2,0
75,676,99,3,2
75,678,50,0,2
75,686,50,0,2
75,688,99,3,2
75,690,99,3,2
75,693,99,3,2
75,695,100,2,0
75,700,76,1,1
75,723,100,2,0
76,635,101,3,0
76,656,75,1,1
76,659,75,1,1
76,671,75,1,1
76,676,75,1,1
76,678,51,0,3
76,688,75,1,1
76,690,75,1,1
76,695,101,3,0
77,659,76,1,2
77,668,76,1,2
77,671,76,1,2
77,676,76,1,2
77,690,76,1,2
77,711,78,2,1
78,635,103,3,0
78,659,79,2,1
78,668,77,1,2
78,671,79,2,1
78,676,79,2,1
78,678,53,0,3
78,690,79,2,1
78,695,103,3,0
79,631,54,0,3
79,635,104,3,0
79,656,80,2,1
79,659,80,2,1
79,669,104,3,0
79,671,80,2,1
79,673,104,3,0
79,676,80,2,1
79,678,54,0,3
79,686,54,0,3
79,688,80,2,1
79,690,80,2,1
79,693,80,2,1
79,695,104,3,0
79,723,104,3,0
80,631,55,0,3
80,635,105,3,0
80,639,105,3,0
80,649,105,3,0
80,656,81,2,1
80,659,81,2,1
80,667,81,2,1
80,669,105,3,0
80,671,81,2,1
80,676,81,2,1
80,678,55,0,3
80,686,55,0,3
80,688,81,2,1
80,690,81,2,1
80,693,81,2,1
80,695,105,3,0
80,707,55,0,3
80,713,81,2,1
80,718,81,2,1
80,720,105,3,0
80,723,105,3,0
81,627,56,0,3
81,631,56,0,3
81,632,82,2,1
81,633,82,2,1
81,634,106,3,0
81,635,106,3,0
81,639,106,3,0
81,640,82,2,1
81,644,106,3,0
81,649,106,3,0
81,656,82,2,1
81,659,82,2,1
81,661,82,2,1
81,665,82,2,1
81,667,82,2,1
81,669,106,3,0
81,671,82,2,1
81,676,82,2,1
81,678,56,0,3
81,679,56,0,3
81,686,56,0,3
81,688,82,2,1
81,690,82,2,1
81,693,82,2,1
81,695,106,3,0
81,696,82,2,1
81,698,82,2,1
81,702,106,3,0
81,707,56,0,3
81,708,106,3,0
81,713,82,2,1
81,718,82,2,1
81,720,106,3,0
81,722,106,3,0
81,723,106,3,0
82,627,57,0,3
82,631,57,0,3
82,632,83,2,1
82,633,83,2,1
82,634,107,3,0
82,635,107,3,0
82,638,83,2,1
82,639,107,3,0
82,640,83,2,1
82,644,107,3,0
82,649,107,3,0
82,656,83,2,1
82,659,83,2,1
82,661,83,2,1
82,665,83,2,1
82,667,83,2,1
82,669,107,3,0
82,671,83,2,1
82,676,83,2,1
82,678,57,0,3
82,679,57,0,3
82,686,57,0,3
82,688,83,2,1
82,690,83,2,1
82,693,83,2,1
82,695,107,3,0
82,696,83,2,1
82,698,83,2,1
82,702,107,3,0
82,703,83,2,1
82,707,57,0,3
82,708,107,3,0
82,713,83,2,1
82,718,83,2,1
82,720,107,3,0
82,722,107,3,0
82,723,107,3,0
83,627,58,0,3
83,629,108,3,0
83,631,58,0,3
83,632,84,2,1
83,634,108,3,0
83,635,108,3,0
83,637,108,3,0
83,639,108,3,0
83,640,58,0,3
83,643,58,0,3
83,644,108,3,0
83,646,58,0,3
83,647,58,0,3
83,649,108,3,0
83,650,58,0,3
83,651,58,0,3
83,652,108,3,0
83,653,58,0,3
83,654,58,0,3
83,655,655,34,0
83,657,58,0,3
83,659,84,2,1
83,660,58,0,3
83,661,58,0,3
83,663,108,3,0
83,665,108,3,0
83,666,58,0,3
83,667,58,0,3
83,669,108,3,0
83,671,58,0,3
83,676,58,0,3
83,677,108,3,0
83,678,58,0,3
83,679,58,0,3
83,681,58,0,3
83,682,58,0,3
83,683,108,3,0
83,686,58,0,3
83,687,108,3,0
83,688,58,0,3
83,690,108,3,0
83,692,108,3,0
83,693,58,0,3
83,694,58,0,3
83,695,108,3,0
83,697,108,3,0
83,700,58,0,3
83,701,701,80,0
83,702,108,3,0
83,703,58,0,3
83,705,58,0,3
83,706,108,3,0
83,707,58,0,3
83,708,108,3,0
83,709,108,3,0
83,710,108,3,0
83,711,58,0,3
83,713,58,0,3
83,716,108,3,0
83,718,84,2,1
83,719,58,0,3
83,720,108,3,0
83,721,108,3,0
83,722,108,3,0
83,723,108,3,0
84,625,83,1,2
84,627,83,1,2
84,628,83,1,2
84,630,83,1,2
84,631,83,1,2
84,632,85,2,1
84,634,83,1,2
84,635,83,1,2
84,636,83,1,2
84,639,83,1,2
84,640,59,0,3
84,641,83,1,2
84,644,83,1,2
84,645,83,1,2
84,648,83,1,2
84,649,83,1,2
84,655,83,1,2
84,658,83,1,2
84,659,85,2,1
84,661,59,0,3
84,662,83,1,2
84,665,109,3,0
84,667,59,0,3
84,668,83,1,2
84,669,83,1,2
84,670,83,1,2
84,671,59,0,3
84,673,83,1,2
84,674,83,1,2
84,675,83,1,2
84,676,59,0,3
84,678,83,1,2
84,679,83,1,2
84,680,83,1,2
84,684,83,1,2
84,685,83,1,2
84,686,83,1,2
84,688,59,0,3
84,689,83,1,2
84,690,109,3,0
84,691,83,1,2
84,692,83,1,2
84,693,59,0,3
84,695,83,1,2
84,699,83,1,2
84,701,83,1,2
84,702,83,1,2
84,703,59,0,3
84,704,83,1,2
84,706,83,1,2
84,707,83,1,2
84,708,83,1,2
84,710,109,3,0
84,711,59,0,3
84,712,83,1,2
84,713,59,0,3
84,714,83,1,2
84,717,83,1,2
84,718,85,2,1
84,720,83,1,2
84,721,83,1,2
84,722,83,1,2
84,723,83,1,2
84,724,83,1,2
85,627,84,1,2
85,631,84,1,2
85,632,86,2,1
85,633,110,3,0
85,634,84,1,2
85,635,84,1,2
85,638,60,0,3
85,639,84,1,2
85,640,60,0,3
85,644,84,1,2
85,649,84,1,2
85,656,110,3,0
85,659,86,2,1
85,661,60,0,3
85,665,110,3,0
85,667,60,0,3
85,669,84,1,2
85,671,60,0,3
85,676,60,0,3
85,678,84,1,2
85,679,84,1,2
85,686,84,1,2
85,688,60,0,3
85,690,110,3,0
85,692,84,1,2
85,693,60,0,3
85,695,84,1,2
85,696,60,0,3
85,698,110,3,0
85,701,84,1,2
85,702,84,1,2
85,703,60,0,3
85,707,84,1,2
85,708,84,1,2
85,710,110,3,0
85,711,60,0,3
85,713,60,0,3
85,718,86,2,1
85,720,84,1,2
85,722,84,1,2
85,723,84,1,2
86,627,85,1,2
86,631,85,1,2
86,632,87,2,1
86,633,111,3,0
86,634,85,1,2
86,635,85,1,2
86,639,85,1,2
86,640,61,0,3
86,644,85,1,2
86,649,85,1,2
86,656,111,3,0
86,659,87,2,1
86,661,61,0,3
86,665,111,3,0
86,667,61,0,3
86,669,85,1,2
86,671,61,0,3
86,676,61,0,3
86,678,85,1,2
86,679,85,1,2
86,686,85,1,2
86,688,61,0,3
86,690,111,3,0
86,693,61,0,3
86,695,85,1,2
86,696,61,0,3
86,698,111,3,0
86,702,85,1,2
86,707,85,1,2
86,708,85,1,2
86,710,111,3,0
86,711,61,0,3
86,713,61,0,3
86,718,87,2,1
86,720,85,1,2
86,722,85,1,2
86,723,85,1,2
87,631,86,1,2
87,635,86,1,2
87,639,86,1,2
87,649,86,1,2
87,656,112,3,0
87,659,88,2,1
87,667,62,0,3
87,669,86,1,2
87,671,62,0,3
87,676,62,0,3
87,678,86,1,2
87,686,86,1,2
87,688,62,0,3
87,690,112,3,0
87,693,62,0,3
87,695,86,1,2
87,707,86,1,2
87,711,62,0,3
87,713,62,0,3
87,718,718,97,0
87,720,86,1,2
87,723,86,1,2
88,631,87,1,2
88,635,87,1,2
88,656,113,3,0
88,659,89,2,1
88,669,87,1,2
88,671,63,0,3
88,676,63,0,3
88,678,87,1,2
88,686,87,1,2
88,688,63,0,3
88,690,113,3,0
88,693,63,0,3
88,695,87,1,2
88,700,87,1,2
88,711,63,0,3
88,723,87,1,2
89,635,88,1,2
89,659,90,2,1
89,668,90,2,1
89,671,64,0,3
89,676,64,0,3
89,678,88,1,2
89,690,114,3,0
89,695,88,1,2
89,711,64,0,3
90,659,659,38,0
90,671,65,0,3
90,676,65,0,3
90,690,115,3,0
90,711,89,1,2
91,635,92,2,1
91,656,116,3,0
91,659,90,1,2
91,671,66,0,3
91,676,66,0,3
91,678,92,2,1
91,688,66,0,3
91,690,116,3,0
91,695,92,2,1
91,711,66,0,3
92,631,93,2,1
92,635,93,2,1
92,639,93,2,1
92,656,117,3,0
92,659,91,1,2
92,669,93,2,1
92,671,67,0,3
92,673,93,2,1
92,676,67,0,3
92,678,93,2,1
92,686,93,2,1
92,688,67,0,3
92,690,117,3,0
92,693,67,0,3
92,695,93,2,1
92,700,91,1,2
92,711,67,0,3
92,723,93,2,1
93,631,94,2,1
93,632,632,11,0
93,634,94,2,1
93,635,94,2,1
93,639,94,2,1
93,649,94,2,1
93,656,118,3,0
93,659,92,1,2
93,665,118,3,0
93,667,68,0,3
93,669,94,2,1
93,671,68,0,3
93,676,68,0,3
93,678,94,2,1
93,686,94,2,1
93,688,68,0,3
93,690,118,3,0
93,693,68,0,3
93,695,94,2,1
93,707,94,2,1
93,711,68,0,3
93,713,68,0,3
93,718,92,1,2
93,720,94,2,1
93,723,94,2,1
94,627,95,2,1
94,631,95,2,1
94,632,93,1,2
94,633,119,3,0
94,634,95,2,1
94,635,95,2,1
94,639,95,2,1
94,640,69,0,3
94,644,95,2,1
94,649,95,2,1
94,656,119,3,0
94,659,93,1,2
94,661,69,0,3
94,665,119,3,0
94,667,69,0,3
94,669,95,2,1
94,671,69,0,3
94,676,69,0,3
94,678,95,2,1
94,679,95,2,1
94,686,95,2,1
94,688,69,0,3
94,690,119,3,0
94,693,69,0,3
94,695,95,2,1
94,696,69,0,3
94,698,119,3,0
94,702,95,2,1
94,707,95,2,1
94,708,95,2,1
94,710,119,3,0
94,711,69,0,3
94,713,69,0,3
94,718,93,1,2
94,720,95,2,1
94,722,95,2,1
94,723,95,2,1
95,627,96,2,1
95,631,96,2,1
95,632,94,1,2
95,633,120,3,0
95,634,96,2,1
95,635,96,2,1
95,638,70,0,3
95,639,96,2,1
95,640,70,0,3
95,644,96,2,1
95,649,96,2,1
95,656,120,3,0
95,659,94,1,2
95,661,70,0,3
95,665,120,3,0
95,667,70,0,3
95,669,96,2,1
95,671,70,0,3
95,676,70,0,3
95,678,96,2,1
95,679,96,2,1
95,686,96,2,1
95,688,70,0,3
95,690,120,3,0
95,692,94,1,2
95,693,70,0,3
95,695,96,2,1
95,696,70,0,3
95,698,120,3,0
95,701,94,1,2
95,702,96,2,1
95,703,70,0,3
95,707,96,2,1
95,708,96,2,1
95,710,120,3,0
95,711,70,0,3
95,713,70,0,3
95,718,94,1,2
95,720,96,2,1
95,722,96,2,1
95,723,96,2,1
96,631,71,0,3
96,632,95,1,2
96,634,121,3,0
96,635,121,3,0
96,639,121,3,0
96,640,71,0,3
96,655,97,2,1
96,659,95,1,2
96,661,71,0,3
96,665,121,3,0
96,667,71,0,3
96,669,121,3,0
96,671,71,0,3
96,676,71,0,3
96,678,71,0,3
96,686,71,0,3
96,688,71,0,3
96,690,121,3,0
96,692,121,3,0
96,693,71,0,3
96,695,121,3,0
96,701,97,2,1
96,702,121,3,0
96,703,71,0,3
96,706,121,3,0
96,707,71,0,3
96,708,121,3,0
96,710,121,3,0
96,711,71,0,3
96,713,71,0,3
96,718,95,1,2
96,720,121,3,0
96,722,121,3,0
97,627,72,0,3
97,631,72,0,3
97,632,96,1,2
97,633,96,1,2
97,634,122,3,0
97,635,122,3,0
97,638,96,1,2
97,639,122,3,0
97,640,96,1,2
97,644,122,3,0
97,649,122,3,0
97,656,96,1,2
97,659,96,1,2
97,661,96,1,2
97,665,96,1,2
97,667,96,1,2
97,669,122,3,0
97,671,96,1,2
97,676,96,1,2
97,678,72,0,3
97,679,72,0,3
97,686,72,0,3
97,688,96,1,2
97,690,96,1,2
97,692,98,2,1
97,693,96,1,2
97,695,122,3,0
97,696,96,1,2
97,698,96,1,2
97,701,98,2,1
97,702,122,3,0
97,703,96,1,2
97,707,72,0,3
97,708,122,3,0
97,713,96,1,2
97,718,96,1,2
97,720,122,3,0
97,722,122,3,0
97,723,122,3,0
98,627,73,0,3
98,631,73,0,3
98,632,97,1,2
98,633,97,1,2
98,634,123,3,0
98,635,123,3,0
98,639,123,3,0
98,640,97,1,2
98,644,123,3,0
98,649,123,3,0
98,656,97,1,2
98,659,97,1,2
98,661,97,1,2
98,665,97,1,2
98,667,97,1,2
98,669,123,3,0
98,671,97,1,2
98,676,97,1,2
98,678,73,0,3
98,679,73,0,3
98,686,73,0,3
98,688,97,1,2
98,690,97,1,2
98,693,97,1,2
98,695,123,3,0
98,696,97,1,2
98,698,97,1,2
98,702,123,3,0
98,707,73,0,3
98,708,123,3,0
98,713,97,1,2
98,718,97,1,2
98,720,123,3,0
98,722,123,3,0
98,723,123,3,0
99,631,74,0,3
99,632,98,1,2
99,634,124,3,0
99,635,124,3,0
99,639,124,3,0
99,649,124,3,0
99,656,98,1,2
99,659,98,1,2
99,665,98,1,2
99,667,98,1,2
99,669,124,3,0
99,671,98,1,2
99,676,98,1,2
99,678,74,0,3
99,686,74,0,3
99,688,98,1,2
99,690,98,1,2
99,693,98,1,2
99,695,124,3,0
99,707,74,0,3
99,713,98,1,2
99,718,98,1,2
99,720,124,3,0
99,723,124,3,0
100,631,75,0,2
100,635,125,2,0
100,639,125,2,0
100,656,124,3,2
100,659,124,3,2
100,669,125,2,0
100,671,124,3,2
100,673,125,2,0
100,676,124,3,2
100,678,125,2,0
100,686,75,0,2
100,688,124,3,2
100,690,124,3,2
100,693,124,3,2
100,695,125,2,0
100,700,101,1,1
100,723,125,2,0
101,635,126,3,0
101,656,100,1,1
101,659,100,1,1
101,671,100,1,1
101,676,100,1,1
101,678,126,3,0
101,688,100,1,1
101,690,100,1,1
101,695,126,3,0
102,659,101,1,2
102,668,101,1,2
102,671,101,1,2
102,676,101,1,2
102,690,101,1,2
102,711,103,2,1
103,635,128,3,0
103,659,104,2,1
103,668,102,1,2
103,671,104,2,1
103,676,104,2,1
103,678,128,3,0
103,690,104,2,1
103,695,128,3,0
104,631,79,0,3
104,635,129,3,0
104,656,105,2,1
104,659,105,2,1
104,669,129,3,0
104,671,105,2,1
104,673,129,3,0
104,676,105,2,1
104,678,129,3,0
104,686,79,0,3
104,688,105,2,1
104,690,105,2,1
104,693,105,2,1
104,695,129,3,0
104,723,129,3,0
105,631,80,0,3
105,635,130,3,0
105,639,130,3,0
105,649,130,3,0
105,656,106,2,1
105,659,106,2,1
105,667,106,2,1
105,669,130,3,0
105,671,106,2,1
105,676,106,2,1
105,678,130,3,0
105,686,80,0,3
105,688,106,2,1
105,690,106,2,1
105,693,106,2,1
105,695,130,3,0
105,707,80,0,3
105,713,106,2,1
105,718,106,2,1
105,720,130,3,0
105,723,130,3,0
106,627,81,0,3
106,631,81,0,3
106,632,107,2,1
106,633,107,2,1
106,634,131,3,0
106,635,131,3,0
106,639,131,3,0
106,640,107,2,1
106,644,131,3,0
106,649,131,3,0
106,656,107,2,1
106,659,107,2,1
106,661,107,2,1
106,665,107,2,1
106,667,107,2,1
106,669,131,3,0
106,671,107,2,1
106,676,107,2,1
106,678,131,3,0
106,679,81,0,3
106,686,81,0,3
106,688,107,2,1
106,690,107,2,1
106,693,107,2,1
106,695,131,3,0
106,696,107,2,1
106,698,107,2,1
106,702,131,3,0
106,707,81,0,3
106,708,131,3,0
106,713,107,2,1
106,718,107,2,1
106,720,131,3,0
106,722,131,3,0
106,723,131,3,0
107,627,82,0,3
107,631,82,0,3
107,632,108,2,1
107,633,108,2,1
107,634,132,3,0
107,635,132,3,0
107,638,108,2,1
107,639,132,3,0
107,640,108,2,1
107,644,132,3,0
107,649,132,3,0
107,656,108,2,1
107,659,108,2,1
107,661,108,2,1
107,665,108,2,1
107,667,108,2,1
107,669,132,3,0
107,671,108,2,1
107,676,108,2,1
107,678,132,3,0
107,679,82,0,3
107,686,82,0,3
107,688,108,2,1
107,690,108,2,1
107,693,108,2,1
107,695,132,3,0
107,696,108,2,1
107,698,108,2,1
107,702,132,3,0
107,703,108,2,1
107,707,82,0,3
107,708,132,3,0
107,713,108,2,1
107,718,108,2,1
107,720,132,3,0
107,722,132,3,0
107,723,132,3,0
108,626,83,0,3
108,627,83,0,3
108,629,133,3,0
108,631,83,0,3
108,634,133,3,0
108,635,133,3,0
108,637,133,3,0
108,638,133,3,0
108,639,133,3,0
108,640,83,0,3
108,643,83,0,3
108,644,133,3,0
108,646,83,0,3
108,647,83,0,3
108,649,133,3,0
108,650,133,3,0
108,651,83,0,3
108,652,133,3,0
108,653,83,0,3
108,654,83,0,3
108,655,83,0,3
108,656,133,3,0
108,657,83,0,3
108,659,83,0,3
108,660,83,0,3
108,661,83,0,3
108,663,133,3,0
108,665,133,3,0
108,666,83,0,3
108,667,83,0,3
108,669,133,3,0
108,671,83,0,3
108,676,83,0,3
108,678,133,3,0
108,679,83,0,3
108,681,83,0,3
108,682,83,0,3
108,683,133,3,0
108,686,83,0,3
108,687,133,3,0
108,690,133,3,0
108,692,692,71,0
108,693,83,0,3
108,694,83,0,3
108,695,133,3,0
108,697,133,3,0
108,700,83,0,3
108,701,83,0,3
108,702,133,3,0
108,703,83,0,3
108,705,83,0,3
108,706,706,85,0
108,707,83,0,3
108,708,133,3,0
108,709,133,3,0
108,710,133,3,0
108,711,133,3,0
108,713,83,0,3
108,715,83,0,3
108,716,133,3,0
108,718,83,0,3
108,719,83,0,3
108,720,133,3,0
108,721,133,3,0
108,722,133,3,0
108,723,133,3,0
109,625,108,1,2
109,627,108,1,2
109,628,108,1,2
109,630,108,1,2
109,631,108,1,2
109,634,108,1,2
109,635,108,1,2
109,636,108,1,2
109,638,134,3,0
109,639,108,1,2
109,640,84,0,3
109,641,108,1,2
109,642,108,1,2
109,644,108,1,2
109,645,108,1,2
109,649,108,1,2
109,655,108,1,2
109,656,134,3,0
109,658,108,1,2
109,659,84,0,3
109,661,84,0,3
109,662,108,1,2
109,665,134,3,0
109,667,84,0,3
109,668,108,1,2
109,669,108,1,2
109,670,108,1,2
109,671,84,0,3
109,673,108,1,2
109,674,108,1,2
109,675,108,1,2
109,676,84,0,3
109,678,108,1,2
109,679,108,1,2
109,680,108,1,2
109,684,108,1,2
109,685,108,1,2
109,686,108,1,2
109,689,108,1,2
109,690,134,3,0
109,691,108,1,2
109,692,108,1,2
109,693,84,0,3
109,695,108,1,2
109,699,108,1,2
109,700,84,0,3
109,701,108,1,2
109,702,108,1,2
109,703,84,0,3
109,704,108,1,2
109,706,108,1,2
109,707,108,1,2
109,708,108,1,2
109,712,108,1,2
109,713,84,0,3
109,714,108,1,2
109,717,108,1,2
109,718,84,0,3
109,720,108,1,2
109,721,108,1,2
109,722,108,1,2
109,723,108,1,2
109,724,108,1,2
110,627,109,1,2
110,631,109,1,2
110,632,85,0,3
110,633,135,3,0
110,634,109,1,2
110,635,109,1,2
110,638,135,3,0
110,639,109,1,2
110,640,85,0,3
110,644,109,1,2
110,649,109,1,2
110,656,135,3,0
110,659,85,0,3
110,661,85,0,3
110,665,135,3,0
110,667,85,0,3
110,669,109,1,2
110,671,85,0,3
110,676,85,0,3
110,678,109,1,2
110,679,109,1,2
110,686,109,1,2
110,688,135,3,0
110,690,135,3,0
110,692,109,1,2
110,693,85,0,3
110,695,109,1,2
110,696,85,0,3
110,698,135,3,0
110,700,85,0,3
110,701,109,1,2
110,702,109,1,2
110,703,85,0,3
110,707,109,1,2
110,708,109,1,2
110,713,85,0,3
110,718,85,0,3
110,720,109,1,2
110,722,109,1,2
110,723,109,1,2
111,627,110,1,2
111,631,110,1,2
111,632,86,0,3
111,633,136,3,0
111,634,110,1,2
111,635,110,1,2
111,639,110,1,2
111,640,86,0,3
111,644,110,1,2
111,649,110,1,2
111,656,136,3,0
111,659,86,0,3
111,661,86,0,3
111,665,136,3,0
111,667,86,0,3
111,669,110,1,2
111,671,86,0,3
111,676,86,0,3
111,678,110,1,2
111,679,110,1,2
111,686,110,1,2
111,688,136,3,0
111,690,136,3,0
111,693,86,0,3
111,695,110,1,2
111,696,86,0,3
111,698,136,3,0
111,700,86,0,3
111,702,110,1,2
111,707,110,1,2
111,708,110,1,2
111,713,86,0,3
111,718,86,0,3
111,720,110,1,2
111,722,110,1,2
111,723,110,1,2
112,631,111,1,2
112,635,111,1,2
112,639,111,1,2
112,649,111,1,2
112,656,137,3,0
112,659,87,0,3
112,667,87,0,3
112,669,111,1,2
112,671,87,0,3
112,676,87,0,3
112,678,111,1,2
112,686,111,1,2
112,688,137,3,0
112,690,137,3,0
112,693,87,0,3
112,695,111,1,2
112,700,87,0,3
112,707,111,1,2
112,713,87,0,3
112,718,87,0,3
112,720,111,1,2
112,723,111,1,2
113,631,112,1,2
113,635,112,1,2
113,656,138,3,0
113,659,88,0,3
113,669,112,1,2
113,671,88,0,3
113,676,88,0,3
113,678,112,1,2
113,686,112,1,2
113,688,138,3,0
113,690,138,3,0
113,693,88,0,3
113,695,112,1,2
113,700,112,1,2
113,723,112,1,2
114,635,113,1,2
114,659,89,0,3
114,668,115,2,1
114,671,89,0,3
114,676,89,0,3
114,678,113,1,2
114,690,139,3,0
114,695,113,1,2
115,659,90,0,3
115,671,90,0,3
115,676,90,0,3
115,690,140,3,0
115,711,114,1,2
116,635,117,2,1
116,656,141,3,0
116,659,91,0,3
116,671,91,0,3
116,676,91,0,3
116,678,117,2,1
116,688,141,3,0
116,690,141,3,0
116,695,117,2,1
117,631,118,2,1
117,635,118,2,1
117,639,118,2,1
117,656,142,3,0
117,659,92,0,3
117,669,118,2,1
117,671,92,0,3
117,673,118,2,1
117,676,92,0,3
117,678,118,2,1
117,686,118,2,1
117,688,142,3,0
117,690,142,3,0
117,693,92,0,3
117,695,118,2,1
117,700,116,1,2
117,723,118,2,1
118,631,119,2,1
118,632,93,0,3
118,634,119,2,1
118,635,119,2,1
118,639,119,2,1
118,649,119,2,1
118,656,143,3,0
118,659,93,0,3
118,665,143,3,0
118,667,93,0,3
118,669,119,2,1
118,671,93,0,3
118,676,93,0,3
118,678,119,2,1
118,686,119,2,1
118,688,143,3,0
118,690,143,3,0
118,693,93,0,3
118,695,119,2,1
118,700,93,0,3
118,707,119,2,1
118,713,93,0,3
118,718,93,0,3
118,720,119,2,1
118,723,119,2,1
119,627,120,2,1
119,631,120,2,1
119,632,94,0,3
119,633,144,3,0
119,634,120,2,1
119,635,120,2,1
119,639,120,2,1
119,640,94,0,3
119,644,120,2,1
119,649,120,2,1
119,656,144,3,0
119,659,94,0,3
119,661,94,0,3
119,665,144,3,0
119,667,94,0,3
119,669,120,2,1
119,671,94,0,3
119,676,94,0,3
119,678,120,2,1
119,679,120,2,1
119,686,120,2,1
119,688,144,3,0
119,690,144,3,0
119,693,94,0,3
119,695,120,2,1
119,696,94,0,3
119,698,144,3,0
119,700,94,0,3
119,702,120,2,1
119,707,120,2,1
119,708,120,2,1
119,713,94,0,3
119,718,94,0,3
119,720,120,2,1
119,722,120,2,1
119,723,120,2,1
120,627,121,2,1
120,631,121,2,1
120,632,95,0,3
120,633,145,3,0
120,634,121,2,1
120,635,121,2,1
120,638,145,3,0
120,639,121,2,1
120,640,95,0,3
120,644,121,2,1
120,649,121,2,1
120,656,145,3,0
120,659,95,0,3
120,661,95,0,3
120,665,145,3,0
120,667,95,0,3
120,669,121,2,1
120,671,95,0,3
120,676,95,0,3
120,678,121,2,1
120,679,121,2,1
120,686,121,2,1
120,688,145,3,0
120,690,145,3,0
120,692,119,1,2
120,693,95,0,3
120,695,121,2,1
120,696,95,0,3
120,698,145,3,0
120,700,95,0,3
120,701,119,1,2
120,702,121,2,1
120,703,95,0,3
120,707,121,2,1
120,708,121,2,1
120,713,95,0,3
120,718,95,0,3
120,720,121,2,1
120,722,121,2,1
120,723,121,2,1
121,631,96,0,3
121,634,146,3,0
121,635,146,3,0
121,638,146,3,0
121,640,96,0,3
121,656,146,3,0
121,659,96,0,3
121,661,96,0,3
121,665,146,3,0
121,667,96,0,3
121,669,146,3,0
121,671,96,0,3
121,676,96,0,3
121,686,96,0,3
121,690,146,3,0
121,692,122,2,1
121,693,96,0,3
121,695,146,3,0
121,700,96,0,3
121,702,146,3,0
121,703,96,0,3
121,706,122,2,1
121,707,96,0,3
121,708,146,3,0
121,713,96,0,3
121,718,96,0,3
121,720,146,3,0
121,721,146,3,0
121,722,146,3,0
122,627,97,0,3
122,631,97,0,3
122,632,121,1,2
122,633,121,1,2
122,634,147,3,0
122,635,147,3,0
122,638,121,1,2
122,639,147,3,0
122,640,121,1,2
122,644,147,3,0
122,649,147,3,0
122,656,121,1,2
122,659,121,1,2
122,661,121,1,2
122,665,121,1,2
122,667,121,1,2
122,669,147,3,0
122,671,121,1,2
122,676,121,1,2
122,678,147,3,0
122,679,97,0,3
122,686,97,0,3
122,688,121,1,2
122,690,121,1,2
122,692,123,2,1
122,693,121,1,2
122,695,147,3,0
122,696,121,1,2
122,698,121,1,2
122,701,123,2,1
122,702,147,3,0
122,703,121,1,2
122,707,97,0,3
122,708,147,3,0
122,713,121,1,2
122,718,121,1,2
122,720,147,3,0
122,722,147,3,0
122,723,147,3,0
123,627,98,0,3
123,631,98,0,3
123,632,122,1,2
123,633,122,1,2
123,634,148,3,0
123,635,148,3,0
123,639,148,3,0
123,640,122,1,2
123,644,148,3,0
123,649,148,3,0
123,656,122,1,2
123,659,122,1,2
123,661,122,1,2
123,665,122,1,2
123,667,122,1,2
123,669,148,3,0
123,671,122,1,2
123,676,122,1,2
123,678,148,3,0
123,679,98,0,3
123,686,98,0,3
123,688,122,1,2
123,690,122,1,2
123,693,122,1,2
123,695,148,3,0
123,696,122,1,2
123,698,122,1,2
123,702,148,3,0
123,707,98,0,3
123,708,148,3,0
123,713,122,1,2
123,718,122,1,2
123,720,148,3,0
123,722,148,3,0
123,723,148,3,0
124,631,99,0,3
124,632,123,1,2
124,634,149,3,0
124,635,149,3,0
124,639,149,3,0
124,649,149,3,0
124,656,123,1,2
124,659,123,1,2
124,665,123,1,2
124,667,123,1,2
124,669,149,3,0
124,671,123,1,2
124,676,123,1,2
124,678,149,3,0
124,686,99,0,3
124,688,123,1,2
124,690,123,1,2
124,693,123,1,2
124,695,149,3,0
124,707,99,0,3
124,713,123,1,2
124,718,123,1,2
124,720,149,3,0
124,723,149,3,0
125,631,100,0,2
125,635,150,2,0
125,639,150,2,0
125,656,149,3,2
125,659,149,3,2
125,669,150,2,0
125,671,149,3,2
125,673,150,2,0
125,676,149,3,2
125,678,150,2,0
125,686,100,0,2
125,688,149,3,2
125,690,149,3,2
125,693,149,3,2
125,695,150,2,0
125,700,126,1,1
125,723,150,2,0
126,635,151,3,0
126,656,125,1,1
126,659,125,1,1
126,671,125,1,1
126,676,125,1,1
126,678,151,3,0
126,688,125,1,1
126,690,125,1,1
126,695,151,3,0
127,659,126,1,2
127,668,126,1,2
127,671,126,1,2
127,676,126,1,2
127,690,126,1,2
127,711,128,2,1
128,635,153,3,0
128,659,129,2,1
128,668,127,1,2
128,671,129,2,1
128,676,129,2,1
128,678,153,3,0
128,690,129,2,1
128,695,153,3,0
129,631,104,0,3
129,635,154,3,0
129,656,130,2,1
129,659,130,2,1
129,669,154,3,0
129,671,130,2,1
129,673,154,3,0
129,676,130,2,1
129,678,154,3,0
129,686,104,0,3
129,688,130,2,1
129,690,130,2,1
129,693,130,2,1
129,695,154,3,0
129,723,154,3,0
130,631,105,0,3
130,635,155,3,0
130,639,155,3,0
130,649,155,3,0
130,656,131,2,1
130,659,131,2,1
130,667,131,2,1
130,669,155,3,0
130,671,131,2,1
130,676,131,2,1
130,678,155,3,0
130,686,105,0,3
130,688,131,2,1
130,690,131,2,1
130,693,131,2,1
130,695,155,3,0
130,707,105,0,3
130,713,131,2,1
130,718,131,2,1
130,720,155,3,0
130,723,155,3,0
131,627,106,0,3
131,631,106,0,3
131,632,132,2,1
131,633,132,2,1
131,634,156,3,0
131,635,156,3,0
131,639,156,3,0
131,640,132,2,1
131,644,156,3,0
131,649,156,3,0
131,656,132,2,1
131,659,132,2,1
131,661,132,2,1
131,665,132,2,1
131,667,132,2,1
131,669,156,3,0
131,671,132,2,1
131,676,132,2,1
131,678,156,3,0
131,679,106,0,3
131,686,106,0,3
131,688,132,2,1
131,690,132,2,1
131,693,132,2,1
131,695,156,3,0
131,696,132,2,1
131,698,132,2,1
131,702,156,3,0
131,707,106,0,3
131,708,156,3,0
131,713,132,2,1
131,718,132,2,1
131,720,156,3,0
131,722,156,3,0
131,723,156,3,0
132,627,107,0,3
132,631,107,0,3
132,632,133,2,1
132,633,133,2,1
132,634,157,3,0
132,635,157,3,0
132,638,133,2,1
132,639,157,3,0
132,640,133,2,1
132,644,157,3,0
132,649,157,3,0
132,656,133,2,1
132,659,133,2,1
132,661,133,2,1
132,665,133,2,1
132,667,133,2,1
132,669,157,3,0
132,671,133,2,1
132,676,133,2,1
132,678,157,3,0
132,679,107,0,3
132,686,107,0,3
132,688,133,2,1
132,690,133,2,1
132,693,133,2,1
132,695,157,3,0
132,696,133,2,1
132,698,133,2,1
132,702,157,3,0
132,703,133,2,1
132,707,107,0,3
132,708,157,3,0
132,713,133,2,1
132,718,133,2,1
132,720,157,3,0
132,722,157,3,0
132,723,157,3,0
133,626,108,0,3
133,627,108,0,3
133,629,158,3,0
133,631,108,0,3
133,634,158,3,0
133,635,158,3,0
133,637,158,3,0
133,638,158,3,0
133,639,158,3,0
133,640,108,0,3
133,643,108,0,3
133,644,158,3,0
133,646,108,0,3
133,647,108,0,3
133,649,158,3,0
133,650,158,3,0
133,651,108,0,3
133,652,158,3,0
133,653,108,0,3
133,654,108,0,3
133,655,108,0,3
133,656,158,3,0
133,657,108,0,3
133,659,108,0,3
133,660,158,3,0
133,661,108,0,3
133,663,158,3,0
133,664,134,2,1
133,665,134,2,1
133,666,108,0,3
133,667,108,0,3
133,669,158,3,0
133,671,108,0,3
133,676,108,0,3
133,677,108,0,3
133,678,158,3,0
133,679,108,0,3
133,681,108,0,3
133,682,108,0,3
133,683,158,3,0
133,686,108,0,3
133,687,158,3,0
133,688,158,3,0
133,690,158,3,0
133,692,108,0,3
133,693,108,0,3
133,694,108,0,3
133,695,158,3,0
133,696,158,3,0
133,697,158,3,0
133,700,158,3,0
133,701,108,0,3
133,702,158,3,0
133,703,108,0,3
133,705,108,0,3
133,706,108,0,3
133,707,108,0,3
133,708,158,3,0
133,710,158,3,0
133,711,158,3,0
133,713,108,0,3
133,715,108,0,3
133,716,158,3,0
133,718,108,0,3
133,719,108,0,3
133,720,158,3,0
133,721,721,100,0
133,722,158,3,0
133,723,158,3,0
134,625,133,1,2
134,627,133,1,2
134,628,133,1,2
134,630,133,1,2
134,631,133,1,2
134,634,133,1,2
134,635,133,1,2
134,636,133,1,2
134,638,159,3,0
134,639,133,1,2
134,640,109,0,3
134,641,133,1,2
134,642,133,1,2
134,644,133,1,2
134,645,133,1,2
134,648,133,1,2
134,649,133,1,2
134,655,133,1,2
134,656,159,3,0
134,658,133,1,2
134,659,109,0,3
134,661,109,0,3
134,664,664,43,0
134,665,135,2,1
134,667,109,0,3
134,668,133,1,2
134,669,133,1,2
134,670,133,1,2
134,671,109,0,3
134,673,133,1,2
134,674,133,1,2
134,675,133,1,2
134,676,109,0,3
134,678,133,1,2
134,679,133,1,2
134,684,133,1,2
134,685,133,1,2
134,686,133,1,2
134,688,159,3,0
134,690,159,3,0
134,691,133,1,2
134,692,133,1,2
134,693,109,0,3
134,695,133,1,2
134,696,159,3,0
134,699,133,1,2
134,701,133,1,2
134,702,133,1,2
134,703,109,0,3
134,704,133,1,2
134,706,133,1,2
134,707,133,1,2
134,708,133,1,2
134,712,133,1,2
134,713,109,0,3
134,714,133,1,2
134,717,133,1,2
134,718,109,0,3
134,720,133,1,2
134,721,133,1,2
134,722,133,1,2
134,723,133,1,2
134,724,133,1,2
135,627,134,1,2
135,631,134,1,2
135,632,110,0,3
135,633,160,3,0
135,634,134,1,2
135,635,134,1,2
135,638,160,3,0
135,639,134,1,2
135,640,110,0,3
135,644,134,1,2
135,649,134,1,2
135,656,160,3,0
135,659,110,0,3
135,661,110,0,3
135,665,136,2,1
135,667,110,0,3
135,669,134,1,2
135,671,110,0,3
135,676,110,0,3
135,678,134,1,2
135,679,134,1,2
135,686,134,1,2
135,688,160,3,0
135,690,160,3,0
135,692,134,1,2
135,693,110,0,3
135,695,134,1,2
135,696,160,3,0
135,698,160,3,0
135,701,134,1,2
135,702,134,1,2
135,703,110,0,3
135,707,134,1,2
135,708,134,1,2
135,713,110,0,3
135,718,110,0,3
135,720,134,1,2
135,722,134,1,2
135,723,134,1,2
136,627,135,1,2
136,631,135,1,2
136,632,111,0,3
136,633,161,3,0
136,634,135,1,2
136,635,135,1,2
136,639,135,1,2
136,640,111,0,3
136,644,135,1,2
136,649,135,1,2
136,656,161,3,0
136,659,111,0,3
136,661,111,0,3
136,665,137,2,1
136,667,111,0,3
136,669,135,1,2
136,671,111,0,3
136,676,111,0,3
136,678,135,1,2
136,679,135,1,2
136,686,135,1,2
136,688,161,3,0
136,690,161,3,0
136,693,111,0,3
136,695,135,1,2
136,696,161,3,0
136,698,161,3,0
136,702,135,1,2
136,707,135,1,2
136,708,135,1,2
136,713,111,0,3
136,718,111,0,3
136,720,135,1,2
136,722,135,1,2
136,723,135,1,2
137,631,136,1,2
137,635,136,1,2
137,639,136,1,2
137,649,136,1,2
137,656,162,3,0
137,659,112,0,3
137,667,112,0,3
137,669,136,1,2
137,671,112,0,3
137,676,112,0,3
137,678,136,1,2
137,686,136,1,2
137,688,162,3,0
137,690,162,3,0
137,693,112,0,3
137,695,136,1,2
137,707,136,1,2
137,713,112,0,3
137,718,112,0,3
137,720,136,1,2
137,723,136,1,2
138,631,137,1,2
138,635,137,1,2
138,656,163,3,0
138,659,113,0,3
138,669,137,1,2
138,671,113,0,3
138,676,113,0,3
138,678,137,1,2
138,686,137,1,2
138,688,163,3,0
138,690,163,3,0
138,693,113,0,3
138,695,137,1,2
138,700,137,1,2
138,723,137,1,2
139,635,138,1,2
139,659,114,0,3
139,668,140,2,1
139,671,114,0,3
139,676,114,0,3
139,678,138,1,2
139,690,164,3,0
139,695,138,1,2
140,659,115,0,3
140,671,115,0,3
140,676,115,0,3
140,690,165,3,0
140,711,139,1,2
141,635,142,2,1
141,656,166,3,0
141,659,116,0,3
141,671,116,0,3
141,676,116,0,3
141,678,142,2,1
141,688,166,3,0
141,690,166,3,0
141,695,142,2,1
142,631,143,2,1
142,635,143,2,1
142,639,143,2,1
142,656,167,3,0
142,659,117,0,3
142,669,143,2,1
142,671,117,0,3
142,673,143,2,1
142,676,117,0,3
142,678,143,2,1
142,686,143,2,1
142,688,167,3,0
142,690,167,3,0
142,693,117,0,3
142,695,143,2,1
142,700,141,1,2
142,723,143,2,1
143,631,144,2,1
143,632,118,0,3
143,634,144,2,1
143,635,144,2,1
143,639,144,2,1
143,649,144,2,1
143,656,168,3,0
143,659,118,0,3
143,665,665,44,0
143,667,118,0,3
143,669,144,2,1
143,671,118,0,3
143,676,118,0,3
143,678,144,2,1
143,686,144,2,1
143,688,168,3,0
143,690,168,3,0
143,693,118,0,3
143,695,144,2,1
143,707,144,2,1
143,713,118,0,3
143,718,118,0,3
143,720,144,2,1
143,723,144,2,1
144,627,145,2,1
144,631,145,2,1
144,632,119,0,3
144,633,169,3,0
144,634,145,2,1
144,635,145,2,1
144,639,145,2,1
144,640,119,0,3
144,644,145,2,1
144,649,145,2,1
144,656,169,3,0
144,659,119,0,3
144,661,119,0,3
144,665,143,1,2
144,667,119,0,3
144,669,145,2,1
144,671,119,0,3
144,676,119,0,3
144,678,145,2,1
144,679,145,2,1
144,686,145,2,1
144,688,169,3,0
144,690,169,3,0
144,693,119,0,3
144,695,145,2,1
144,696,169,3,0
144,698,169,3,0
144,702,145,2,1
144,707,145,2,1
144,708,145,2,1
144,713,119,0,3
144,718,119,0,3
144,720,145,2,1
144,722,145,2,1
144,723,145,2,1
145,627,146,2,1
145,631,146,2,1
145,632,120,0,3
145,633,170,3,0
145,634,146,2,1
145,635,146,2,1
145,638,170,3,0
145,639,146,2,1
145,640,120,0,3
145,644,146,2,1
145,649,146,2,1
145,656,170,3,0
145,659,120,0,3
145,661,120,0,3
145,665,144,1,2
145,667,120,0,3
145,669,146,2,1
145,671,120,0,3
145,676,120,0,3
145,678,146,2,1
145,679,146,2,1
145,686,146,2,1
145,688,170,3,0
145,690,170,3,0
145,692,144,1,2
145,693,120,0,3
145,695,146,2,1
145,696,170,3,0
145,698,170,3,0
145,701,144,1,2
145,702,146,2,1
145,703,120,0,3
145,707,146,2,1
145,708,146,2,1
145,713,120,0,3
145,718,120,0,3
145,720,146,2,1
145,722,146,2,1
145,723,146,2,1
146,627,121,0,3
146,631,121,0,3
146,634,171,3,0
146,635,171,3,0
146,638,171,3,0
146,640,121,0,3
146,649,171,3,0
146,656,171,3,0
146,659,121,0,3
146,661,121,0,3
146,664,145,1,2
146,665,145,1,2
146,667,121,0,3
146,669,171,3,0
146,671,121,0,3
146,676,121,0,3
146,678,171,3,0
146,686,121,0,3
146,688,171,3,0
146,690,171,3,0
146,693,121,0,3
146,695,171,3,0
146,696,171,3,0
146,702,171,3,0
146,703,121,0,3
146,707,121,0,3
146,708,171,3,0
146,713,121,0,3
146,718,121,0,3
146,720,171,3,0
146,721,147,2,1
146,722,171,3,0
146,723,171,3,0
147,627,122,0,3
147,631,122,0,3
147,632,146,1,2
147,633,146,1,2
147,634,172,3,0
147,635,172,3,0
147,638,146,1,2
147,639,172,3,0
147,640,146,1,2
147,644,172,3,0
147,649,172,3,0
147,656,146,1,2
147,659,146,1,2
147,661,146,1,2
147,665,146,1,2
147,667,146,1,2
147,669,172,3,0
147,671,146,1,2
147,676,146,1,2
147,678,172,3,0
147,679,122,0,3
147,686,122,0,3
147,688,146,1,2
147,690,146,1,2
147,692,148,2,1
147,693,146,1,2
147,695,172,3,0
147,696,146,1,2
147,698,146,1,2
147,701,148,2,1
147,702,172,3,0
147,703,146,1,2
147,707,122,0,3
147,708,172,3,0
147,713,146,1,2
147,718,146,1,2
147,720,172,3,0
147,722,172,3,0
147,723,172,3,0
148,627,123,0,3
148,631,123,0,3
148,632,147,1,2
148,633,147,1,2
148,634,173,3,0
148,635,173,3,0
148,639,173,3,0
148,640,147,1,2
148,644,173,3,0
148,649,173,3,0
148,656,147,1,2
148,659,147,1,2
148,661,147,1,2
148,665,147,1,2
148,667,147,1,2
148,669,173,3,0
148,671,147,1,2
148,676,147,1,2
148,678,173,3,0
148,679,123,0,3
148,686,123,0,3
148,688,147,1,2
148,690,147,1,2
148,693,147,1,2
148,695,173,3,0
148,696,147,1,2
148,698,147,1,2
148,702,173,3,0
148,707,123,0,3
148,708,173,3,0
148,713,147,1,2
148,718,147,1,2
148,720,173,3,0
148,722,173,3,0
148,723,173,3,0
149,631,124,0,3
149,632,148,1,2
149,634,174,3,0
149,635,174,3,0
149,639,174,3,0
149,649,174,3,0
149,656,148,1,2
149,659,148,1,2
149,665,148,1,2
149,667,148,1,2
149,669,174,3,0
149,671,148,1,2
149,676,148,1,2
149,678,174,3,0
149,686,124,0,3
149,688,148,1,2
149,690,148,1,2
149,693,148,1,2
149,695,174,3,0
149,707,124,0,3
149,713,148,1,2
149,718,148,1,2
149,720,174,3,0
149,723,174,3,0
150,631,125,0,2
150,635,175,2,0
150,639,639,18,0
150,656,174,3,2
150,659,174,3,2
150,669,175,2,0
150,671,174,3,2
150,673,175,2,0
150,676,174,3,2
150,678,175,2,0
150,686,125,0,2
150,688,174,3,2
150,690,174,3,2
150,693,174,3,2
150,695,175,2,0
150,700,151,1,1
150,723,175,2,0
151,635,176,3,0
151,656,150,1,1
151,659,150,1,1
151,668,668,47,0
151,671,150,1,1
151,676,150,1,1
151,678,176,3,0
151,688,150,1,1
151,690,150,1,1
151,695,176,3,0
152,659,151,1,2
152,668,151,1,2
152,671,151,1,2
152,676,151,1,2
152,690,151,1,2
152,711,153,2,1
153,635,178,3,0
153,659,154,2,1
153,671,154,2,1
153,676,154,2,1
153,678,178,3,0
153,690,154,2,1
153,695,178,3,0
154,631,129,0,3
154,635,179,3,0
154,656,155,2,1
154,659,155,2,1
154,669,179,3,0
154,671,155,2,1
154,673,179,3,0
154,676,155,2,1
154,678,179,3,0
154,686,129,0,3
154,688,155,2,1
154,690,155,2,1
154,693,155,2,1
154,695,179,3,0
154,723,179,3,0
155,631,130,0,3
155,635,180,3,0
155,639,154,1,2
155,649,180,3,0
155,656,156,2,1
155,659,156,2,1
155,667,156,2,1
155,669,180,3,0
155,671,156,2,1
155,676,156,2,1
155,678,180,3,0
155,686,130,0,3
155,688,156,2,1
155,690,156,2,1
155,693,156,2,1
155,695,180,3,0
155,707,130,0,3
155,713,156,2,1
155,718,156,2,1
155,720,180,3,0
155,723,180,3,0
156,627,131,0,3
156,631,131,0,3
156,632,157,2,1
156,633,157,2,1
156,634,181,3,0
156,635,181,3,0
156,639,155,1,2
156,640,157,2,1
156,644,181,3,0
156,649,181,3,0
156,656,157,2,1
156,659,157,2,1
156,661,157,2,1
156,665,157,2,1
156,667,157,2,1
156,669,181,3,0
156,671,157,2,1
156,676,157,2,1
156,678,181,3,0
156,679,131,0,3
156,686,131,0,3
156,688,157,2,1
156,690,157,2,1
156,693,157,2,1
156,695,181,3,0
156,696,157,2,1
156,698,157,2,1
156,702,181,3,0
156,707,131,0,3
156,708,708,87,0
156,713,157,2,1
156,718,157,2,1
156,720,181,3,0
156,722,181,3,0
156,723,181,3,0
157,627,132,0,3
157,631,132,0,3
157,632,158,2,1
157,633,158,2,1
157,634,182,3,0
157,635,182,3,0
157,638,158,2,1
157,639,156,1,2
157,640,158,2,1
157,644,182,3,0
157,649,182,3,0
157,656,158,2,1
157,659,158,2,1
157,661,158,2,1
157,665,158,2,1
157,667,158,2,1
157,669,182,3,0
157,671,158,2,1
157,676,158,2,1
157,678,182,3,0
157,679,132,0,3
157,686,132,0,3
157,688,158,2,1
157,690,158,2,1
157,693,158,2,1
157,695,182,3,0
157,696,158,2,1
157,698,158,2,1
157,702,182,3,0
157,703,158,2,1
157,707,132,0,3
157,708,156,1,2
157,713,158,2,1
157,718,158,2,1
157,720,182,3,0
157,722,182,3,0
157,723,182,3,0
158,626,133,0,3
158,627,133,0,3
158,629,183,3,0
158,631,133,0,3
158,633,159,2,1
158,634,183,3,0
158,635,183,3,0
158,637,183,3,0
158,638,183,3,0
158,639,157,1,2
158,640,133,0,3
158,643,133,0,3
158,644,183,3,0
158,646,133,0,3
158,647,133,0,3
158,649,183,3,0
158,650,183,3,0
158,651,133,0,3
158,653,133,0,3
158,654,133,0,3
158,655,133,0,3
158,656,183,3,0
158,657,183,3,0
158,659,133,0,3
158,660,183,3,0
158,661,133,0,3
158,663,183,3,0
158,664,133,0,3
158,666,133,0,3
158,667,133,0,3
158,669,183,3,0
158,671,133,0,3
158,672,159,2,1
158,676,133,0,3
158,677,133,0,3
158,678,183,3,0
158,679,133,0,3
158,681,133,0,3
158,682,133,0,3
158,686,133,0,3
158,687,183,3,0
158,688,183,3,0
158,690,183,3,0
158,692,133,0,3
158,693,133,0,3
158,694,133,0,3
158,695,183,3,0
158,696,183,3,0
158,697,183,3,0
158,700,183,3,0
158,701,133,0,3
158,702,183,3,0
158,705,133,0,3
158,706,133,0,3
158,707,133,0,3
158,708,157,1,2
158,709,133,0,3
158,710,183,3,0
158,711,183,3,0
158,713,133,0,3
158,715,133,0,3
158,716,183,3,0
158,718,133,0,3
158,719,133,0,3
158,720,183,3,0
158,721,133,0,3
158,722,183,3,0
158,723,183,3,0
159,625,158,1,2
159,627,158,1,2
159,628,158,1,2
159,630,158,1,2
159,631,158,1,2
159,633,160,2,1
159,634,158,1,2
159,635,158,1,2
159,636,158,1,2
159,638,184,3,0
159,639,158,1,2
159,640,134,0,3
159,641,158,1,2
159,642,158,1,2
159,644,158,1,2
159,645,158,1,2
159,648,158,1,2
159,649,158,1,2
159,655,158,1,2
159,656,184,3,0
159,658,158,1,2
159,659,134,0,3
159,661,134,0,3
159,662,158,1,2
159,664,134,0,3
159,667,134,0,3
159,669,158,1,2
159,670,158,1,2
159,671,134,0,3
159,672,672,51,0
159,673,158,1,2
159,674,158,1,2
159,675,158,1,2
159,676,134,0,3
159,678,158,1,2
159,679,158,1,2
159,680,158,1,2
159,684,158,1,2
159,685,158,1,2
159,686,158,1,2
159,688,184,3,0
159,689,158,1,2
159,690,184,3,0
159,691,158,1,2
159,692,158,1,2
159,693,134,0,3
159,695,158,1,2
159,696,184,3,0
159,699,158,1,2
159,701,158,1,2
159,702,158,1,2
159,704,158,1,2
159,706,158,1,2
159,707,158,1,2
159,708,158,1,2
159,713,134,0,3
159,714,158,1,2
159,717,158,1,2
159,718,134,0,3
159,720,158,1,2
159,721,158,1,2
159,722,158,1,2
159,723,158,1,2
159,724,158,1,2
160,627,159,1,2
160,631,159,1,2
160,632,135,0,3
160,633,161,2,1
160,634,159,1,2
160,635,159,1,2
160,638,185,3,0
160,639,159,1,2
160,640,135,0,3
160,644,159,1,2
160,649,159,1,2
160,656,185,3,0
160,659,135,0,3
160,661,135,0,3
160,665,135,0,3
160,667,135,0,3
160,669,159,1,2
160,671,135,0,3
160,676,135,0,3
160,678,159,1,2
160,679,159,1,2
160,686,159,1,2
160,688,185,3,0
160,690,185,3,0
160,692,159,1,2
160,693,135,0,3
160,695,159,1,2
160,696,185,3,0
160,698,185,3,0
160,701,159,1,2
160,702,159,1,2
160,703,135,0,3
160,707,159,1,2
160,708,159,1,2
160,713,135,0,3
160,718,135,0,3
160,720,159,1,2
160,722,159,1,2
160,723,159,1,2
161,627,160,1,2
161,631,160,1,2
161,632,136,0,3
161,633,633,12,0
161,634,160,1,2
161,635,160,1,2
161,639,160,1,2
161,640,136,0,3
161,644,160,1,2
161,649,160,1,2
161,656,186,3,0
161,659,136,0,3
161,661,136,0,3
161,665,136,0,3
161,667,136,0,3
161,669,160,1,2
161,671,136,0,3
161,676,136,0,3
161,678,160,1,2
161,679,160,1,2
161,686,160,1,2
161,688,186,3,0
161,690,186,3,0
161,693,136,0,3
161,695,160,1,2
161,696,186,3,0
161,698,186,3,0
161,702,160,1,2
161,707,160,1,2
161,708,160,1,2
161,713,136,0,3
161,718,136,0,3
161,720,160,1,2
161,722,160,1,2
161,723,160,1,2
162,631,161,1,2
162,635,161,1,2
162,639,161,1,2
162,649,161,1,2
162,656,187,3,0
162,659,137,0,3
162,667,137,0,3
162,669,161,1,2
162,671,137,0,3
162,676,137,0,3
162,678,161,1,2
162,686,161,1,2
162,688,187,3,0
162,690,187,3,0
162,693,137,0,3
162,695,161,1,2
162,707,161,1,2
162,713,137,0,3
162,718,137,0,3
162,720,161,1,2
162,723,161,1,2
163,631,162,1,2
163,635,162,1,2
163,656,188,3,0
163,659,138,0,3
163,669,162,1,2
163,671,138,0,3
163,676,138,0,3
163,678,162,1,2
163,686,162,1,2
163,688,188,3,0
163,690,188,3,0
163,693,138,0,3
163,695,162,1,2
163,700,162,1,2
163,723,162,1,2
164,635,163,1,2
164,659,139,0,3
164,668,165,2,1
164,671,139,0,3
164,676,139,0,3
164,678,163,1,2
164,690,189,3,0
164,695,163,1,2
165,659,140,0,3
165,671,140,0,3
165,676,140,0,3
165,690,190,3,0
165,711,164,1,2
166,635,167,2,1
166,656,191,3,0
166,659,141,0,3
166,671,141,0,3
166,676,141,0,3
166,678,167,2,1
166,688,191,3,0
166,690,191,3,0
166,695,167,2,1
167,631,168,2,1
167,635,168,2,1
167,639,168,2,1
167,656,192,3,0
167,659,142,0,3
167,669,168,2,1
167,671,142,0,3
167,673,168,2,1
167,676,142,0,3
167,678,168,2,1
167,686,168,2,1
167,688,192,3,0
167,690,192,3,0
167,693,142,0,3
167,695,168,2,1
167,700,166,1,2
167,723,168,2,1
168,631,169,2,1
168,632,143,0,3
168,634,169,2,1
168,635,169,2,1
168,639,169,2,1
168,649,169,2,1
168,656,193,3,0
168,659,143,0,3
168,665,143,0,3
168,667,143,0,3
168,669,169,2,1
168,671,143,0,3
168,676,143,0,3
168,678,169,2,1
168,686,169,2,1
168,688,193,3,0
168,690,193,3,0
168,693,143,0,3
168,695,169,2,1
168,707,169,2,1
168,713,143,0,3
168,718,143,0,3
168,720,169,2,1
168,723,169,2,1
169,627,170,2,1
169,631,170,2,1
169,632,144,0,3
169,633,168,1,2
169,634,170,2,1
169,635,170,2,1
169,639,170,2,1
169,640,144,0,3
169,644,170,2,1
169,649,170,2,1
169,656,194,3,0
169,659,144,0,3
169,661,144,0,3
169,665,144,0,3
169,667,144,0,3
169,669,170,2,1
169,671,144,0,3
169,676,144,0,3
169,678,170,2,1
169,679,170,2,1
169,686,170,2,1
169,688,194,3,0
169,690,194,3,0
169,693,144,0,3
169,695,170,2,1
169,696,194,3,0
169,698,194,3,0
169,702,170,2,1
169,707,170,2,1
169,708,170,2,1
169,713,144,0,3
169,718,144,0,3
169,720,170,2,1
169,722,170,2,1
169,723,170,2,1
170,627,171,2,1
170,631,171,2,1
170,632,145,0,3
170,633,169,1,2
170,634,171,2,1
170,635,171,2,1
170,638,195,3,0
170,639,171,2,1
170,640,145,0,3
170,644,171,2,1
170,649,171,2,1
170,656,195,3,0
170,659,145,0,3
170,661,145,0,3
170,665,145,0,3
170,667,145,0,3
170,669,171,2,1
170,671,145,0,3
170,676,145,0,3
170,678,171,2,1
170,679,171,2,1
170,686,171,2,1
170,688,195,3,0
170,690,195,3,0
170,692,169,1,2
170,693,145,0,3
170,695,171,2,1
170,696,195,3,0
170,698,195,3,0
170,701,169,1,2
170,702,171,2,1
170,703,145,0,3
170,707,171,2,1
170,708,171,2,1
170,713,145,0,3
170,718,145,0,3
170,720,171,2,1
170,722,171,2,1
170,723,171,2,1
171,627,146,0,3
171,631,146,0,3
171,633,170,1,2
171,634,196,3,0
171,635,196,3,0
171,638,196,3,0
171,639,172,2,1
171,640,146,0,3
171,649,196,3,0
171,656,196,3,0
171,659,146,0,3
171,661,146,0,3
171,664,146,0,3
171,667,146,0,3
171,669,196,3,0
171,671,146,0,3
171,672,170,1,2
171,676,146,0,3
171,678,196,3,0
171,679,146,0,3
171,686,146,0,3
171,688,196,3,0
171,690,196,3,0
171,693,146,0,3
171,695,196,3,0
171,696,196,3,0
171,702,196,3,0
171,707,146,0,3
171,708,172,2,1
171,713,146,0,3
171,718,146,0,3
171,720,196,3,0
171,722,196,3,0
171,723,196,3,0
172,627,147,0,3
172,631,147,0,3
172,632,171,1,2
172,633,171,1,2
172,634,197,3,0
172,635,197,3,0
172,638,171,1,2
172,639,173,2,1
172,640,171,1,2
172,644,197,3,0
172,649,197,3,0
172,656,171,1,2
172,659,171,1,2
172,661,171,1,2
172,665,171,1,2
172,667,171,1,2
172,669,197,3,0
172,671,171,1,2
172,676,171,1,2
172,678,197,3,0
172,679,147,0,3
172,686,147,0,3
172,688,171,1,2
172,690,171,1,2
172,692,173,2,1
172,693,171,1,2
172,695,197,3,0
172,696,171,1,2
172,698,171,1,2
172,701,173,2,1
172,702,197,3,0
172,703,171,1,2
172,707,147,0,3
172,708,173,2,1
172,713,171,1,2
172,718,171,1,2
172,720,197,3,0
172,722,197,3,0
172,723,197,3,0
173,627,148,0,3
173,631,148,0,3
173,632,172,1,2
173,633,172,1,2
173,634,198,3,0
173,635,198,3,0
173,639,174,2,1
173,640,172,1,2
173,644,198,3,0
173,649,198,3,0
173,656,172,1,2
173,659,172,1,2
173,661,172,1,2
173,665,172,1,2
173,667,172,1,2
173,669,198,3,0
173,671,172,1,2
173,676,172,1,2
173,678,198,3,0
173,679,148,0,3
173,686,148,0,3
173,688,172,1,2
173,690,172,1,2
173,693,172,1,2
173,695,198,3,0
173,696,172,1,2
173,698,172,1,2
173,702,198,3,0
173,707,148,0,3
173,708,174,2,1
173,713,172,1,2
173,718,172,1,2
173,720,198,3,0
173,722,198,3,0
173,723,198,3,0
174,631,149,0,3
174,632,173,1,2
174,634,199,3,0
174,635,199,3,0
174,639,150,2,3
174,649,199,3,0
174,656,173,1,2
174,659,173,1,2
174,665,173,1,2
174,667,173,1,2
174,669,199,3,0
174,671,173,1,2
174,676,173,1,2
174,678,199,3,0
174,686,149,0,3
174,688,173,1,2
174,690,173,1,2
174,693,173,1,2
174,695,199,3,0
174,707,149,0,3
174,713,173,1,2
174,718,173,1,2
174,720,199,3,0
174,723,199,3,0
175,631,150,0,2
175,635,200,2,0
175,639,150,0,2
175,656,199,3,2
175,659,199,3,2
175,669,200,2,0
175,671,199,3,2
175,673,200,2,0
175,676,199,3,2
175,678,200,2,0
175,686,150,0,2
175,688,199,3,2
175,690,199,3,2
175,693,199,3,2
175,695,200,2,0
175,700,176,1,1
175,723,200,2,0
176,635,201,3,0
176,656,175,1,1
176,659,175,1,1
176,671,175,1,1
176,676,175,1,1
176,678,201,3,0
176,688,175,1,1
176,690,175,1,1
176,695,201,3,0
177,659,176,1,2
177,668,176,1,2
177,671,176,1,2
177,676,176,1,2
177,690,176,1,2
177,711,178,2,1
178,635,203,3,0
178,659,179,2,1
178,668,177,1,2
178,671,179,2,1
178,676,179,2,1
178,678,203,3,0
178,690,179,2,1
178,695,203,3,0
179,631,154,0,3
179,635,204,3,0
179,656,180,2,1
179,659,180,2,1
179,669,204,3,0
179,671,180,2,1
179,673,204,3,0
179,676,180,2,1
179,678,204,3,0
179,686,154,0,3
179,688,180,2,1
179,690,180,2,1
179,693,180,2,1
179,695,204,3,0
179,723,204,3,0
180,631,155,0,3
180,635,205,3,0
180,639,155,0,3
180,649,205,3,0
180,656,181,2,1
180,659,181,2,1
180,667,181,2,1
180,669,205,3,0
180,671,181,2,1
180,676,181,2,1
180,678,205,3,0
180,686,155,0,3
180,688,181,2,1
180,690,181,2,1
180,693,181,2,1
180,695,205,3,0
180,707,155,0,3
180,713,181,2,1
180,718,181,2,1
180,720,205,3,0
180,723,205,3,0
181,627,156,0,3
181,631,156,0,3
181,632,182,2,1
181,633,182,2,1
181,634,206,3,0
181,635,206,3,0
181,639,156,0,3
181,640,182,2,1
181,644,206,3,0
181,649,206,3,0
181,656,182,2,1
181,659,182,2,1
181,661,182,2,1
181,665,182,2,1
181,667,182,2,1
181,669,206,3,0
181,671,182,2,1
181,676,182,2,1
181,678,206,3,0
181,679,156,0,3
181,686,156,0,3
181,688,182,2,1
181,690,182,2,1
181,693,182,2,1
181,695,206,3,0
181,696,182,2,1
181,698,182,2,1
181,702,206,3,0
181,707,156,0,3
181,708,156,0,3
181,713,182,2,1
181,718,182,2,1
181,720,206,3,0
181,722,206,3,0
181,723,206,3,0
182,627,157,0,3
182,631,157,0,3
182,632,183,2,1
182,633,183,2,1
182,634,207,3,0
182,635,207,3,0
182,638,183,2,1
182,639,157,0,3
182,640,183,2,1
182,644,207,3,0
182,649,207,3,0
182,656,183,2,1
182,659,183,2,1
182,661,183,2,1
182,665,183,2,1
182,667,183,2,1
182,669,207,3,0
182,671,183,2,1
182,676,183,2,1
182,678,207,3,0
182,679,157,0,3
182,686,157,0,3
182,688,183,2,1
182,690,183,2,1
182,693,183,2,1
182,695,207,3,0
182,696,183,2,1
182,698,183,2,1
182,702,207,3,0
182,703,183,2,1
182,707,157,0,3
182,708,157,0,3
182,713,183,2,1
182,718,183,2,1
182,720,207,3,0
182,722,207,3,0
182,723,207,3,0
183,626,158,0,3
183,627,158,0,3
183,629,208,3,0
183,631,158,0,3
183,633,158,0,3
183,634,208,3,0
183,635,208,3,0
183,638,208,3,0
183,639,158,0,3
183,640,158,0,3
183,643,158,0,3
183,644,208,3,0
183,646,158,0,3
183,647,158,0,3
183,649,208,3,0
183,650,208,3,0
183,651,158,0,3
183,652,158,0,3
183,653,158,0,3
183,654,158,0,3
183,655,158,0,3
183,656,208,3,0
183,657,208,3,0
183,659,158,0,3
183,660,208,3,0
183,661,158,0,3
183,663,208,3,0
183,664,158,0,3
183,666,158,0,3
183,667,158,0,3
183,669,208,3,0
183,671,158,0,3
183,672,158,0,3
183,676,158,0,3
183,677,158,0,3
183,678,208,3,0
183,679,158,0,3
183,681,158,0,3
183,682,158,0,3
183,683,158,0,3
183,686,158,0,3
183,687,208,3,0
183,688,208,3,0
183,690,208,3,0
183,692,158,0,3
183,693,158,0,3
183,694,158,0,3
183,695,208,3,0
183,696,208,3,0
183,698,184,2,1
183,700,208,3,0
183,701,158,0,3
183,702,208,3,0
183,705,158,0,3
183,706,158,0,3
183,707,158,0,3
183,708,158,0,3
183,709,158,0,3
183,710,208,3,0
183,711,208,3,0
183,713,158,0,3
183,715,158,0,3
183,718,158,0,3
183,719,158,0,3
183,720,208,3,0
183,721,158,0,3
183,722,208,3,0
183,723,208,3,0
184,625,183,1,2
184,627,183,1,2
184,628,183,1,2
184,630,183,1,2
184,631,183,1,2
184,633,159,0,3
184,634,183,1,2
184,635,183,1,2
184,636,183,1,2
184,638,209,3,0
184,639,183,1,2
184,640,159,0,3
184,641,183,1,2
184,642,183,1,2
184,644,183,1,2
184,645,183,1,2
184,648,183,1,2
184,649,183,1,2
184,655,183,1,2
184,656,209,3,0
184,658,183,1,2
184,659,159,0,3
184,661,159,0,3
184,662,183,1,2
184,664,159,0,3
184,667,159,0,3
184,668,183,1,2
184,669,183,1,2
184,670,183,1,2
184,671,159,0,3
184,672,159,0,3
184,673,183,1,2
184,675,183,1,2
184,676,159,0,3
184,678,183,1,2
184,679,183,1,2
184,680,183,1,2
184,684,183,1,2
184,685,183,1,2
184,686,183,1,2
184,688,209,3,0
184,689,183,1,2
184,690,209,3,0
184,691,183,1,2
184,692,183,1,2
184,693,159,0,3
184,695,183,1,2
184,696,209,3,0
184,698,185,2,1
184,699,183,1,2
184,701,183,1,2
184,702,183,1,2
184,704,183,1,2
184,706,183,1,2
184,707,183,1,2
184,708,183,1,2
184,712,183,1,2
184,713,159,0,3
184,714,183,1,2
184,717,183,1,2
184,718,159,0,3
184,720,183,1,2
184,721,183,1,2
184,722,183,1,2
184,723,183,1,2
184,724,183,1,2
185,627,184,1,2
185,631,184,1,2
185,632,160,0,3
185,633,160,0,3
185,634,184,1,2
185,635,184,1,2
185,638,210,3,0
185,639,184,1,2
185,640,160,0,3
185,644,184,1,2
185,649,184,1,2
185,656,210,3,0
185,659,160,0,3
185,661,160,0,3
185,665,160,0,3
185,667,160,0,3
185,669,184,1,2
185,671,160,0,3
185,676,160,0,3
185,678,184,1,2
185,679,184,1,2
185,686,184,1,2
185,688,210,3,0
185,690,210,3,0
185,692,184,1,2
185,693,160,0,3
185,695,184,1,2
185,696,210,3,0
185,698,186,2,1
185,701,184,1,2
185,702,184,1,2
185,703,160,0,3
185,707,184,1,2
185,708,184,1,2
185,713,160,0,3
185,718,160,0,3
185,720,184,1,2
185,722,184,1,2
185,723,184,1,2
186,627,185,1,2
186,631,185,1,2
186,632,161,0,3
186,633,161,0,3
186,634,185,1,2
186,635,185,1,2
186,639,185,1,2
186,640,161,0,3
186,644,185,1,2
186,649,185,1,2
186,656,211,3,0
186,659,161,0,3
186,661,161,0,3
186,665,161,0,3
186,667,161,0,3
186,669,185,1,2
186,671,161,0,3
186,676,161,0,3
186,678,185,1,2
186,679,185,1,2
186,686,185,1,2
186,688,211,3,0
186,690,211,3,0
186,693,161,0,3
186,695,185,1,2
186,696,211,3,0
186,698,698,77,0
186,702,185,1,2
186,707,185,1,2
186,708,185,1,2
186,713,161,0,3
186,718,161,0,3
186,720,185,1,2
186,722,185,1,2
186,723,185,1,2
187,631,186,1,2
187,635,186,1,2
187,639,186,1,2
187,649,186,1,2
187,656,212,3,0
187,659,162,0,3
187,667,162,0,3
187,669,186,1,2
187,671,162,0,3
187,676,162,0,3
187,678,186,1,2
187,686,186,1,2
187,688,212,3,0
187,690,212,3,0
187,693,162,0,3
187,695,186,1,2
187,707,186,1,2
187,713,162,0,3
187,718,162,0,3
187,720,186,1,2
187,723,186,1,2
188,631,187,1,2
188,635,187,1,2
188,656,213,3,0
188,659,163,0,3
188,669,187,1,2
188,671,163,0,3
188,676,163,0,3
188,678,187,1,2
188,686,187,1,2
188,688,213,3,0
188,690,213,3,0
188,693,163,0,3
188,695,187,1,2
188,700,187,1,2
188,723,187,1,2
189,635,188,1,2
189,659,164,0,3
189,668,190,2,1
189,671,164,0,3
189,676,164,0,3
189,678,188,1,2
189,690,214,3,0
189,695,188,1,2
190,659,165,0,3
190,671,165,0,3
190,676,165,0,3
190,690,215,3,0
190,711,189,1,2
191,635,192,2,1
191,656,216,3,0
191,659,166,0,3
191,671,166,0,3
191,676,166,0,3
191,678,192,2,1
191,688,216,3,0
191,690,216,3,0
191,695,192,2,1
192,631,193,2,1
192,635,193,2,1
192,639,193,2,1
192,656,217,3,0
192,659,167,0,3
192,669,193,2,1
192,671,167,0,3
192,673,193,2,1
192,676,167,0,3
192,678,193,2,1
192,686,193,2,1
192,688,217,3,0
192,690,217,3,0
192,693,167,0,3
192,695,193,2,1
192,700,191,1,2
192,723,193,2,1
193,631,194,2,1
193,632,168,0,3
193,634,194,2,1
193,635,194,2,1
193,639,194,2,1
193,649,194,2,1
193,656,218,3,0
193,659,168,0,3
193,665,168,0,3
193,667,168,0,3
193,669,194,2,1
193,671,168,0,3
193,676,168,0,3
193,678,194,2,1
193,686,194,2,1
193,688,218,3,0
193,690,218,3,0
193,693,168,0,3
193,695,194,2,1
193,707,194,2,1
193,713,168,0,3
193,718,168,0,3
193,720,194,2,1
193,723,194,2,1
194,627,195,2,1
194,631,195,2,1
194,632,169,0,3
194,633,169,0,3
194,634,195,2,1
194,635,195,2,1
194,639,195,2,1
194,640,169,0,3
194,644,195,2,1
194,649,195,2,1
194,656,219,3,0
194,659,169,0,3
194,661,169,0,3
194,665,169,0,3
194,667,169,0,3
194,669,195,2,1
194,671,169,0,3
194,676,169,0,3
194,678,195,2,1
194,679,195,2,1
194,686,195,2,1
194,688,219,3,0
194,690,219,3,0
194,693,169,0,3
194,695,195,2,1
194,696,219,3,0
194,698,193,1,2
194,702,195,2,1
194,707,195,2,1
194,708,195,2,1
194,713,169,0,3
194,718,169,0,3
194,720,195,2,1
194,722,195,2,1
194,723,195,2,1
195,627,196,2,1
195,631,196,2,1
195,632,170,0,3
195,633,170,0,3
195,634,196,2,1
195,635,196,2,1
195,638,220,3,0
195,639,196,2,1
195,640,170,0,3
195,644,196,2,1
195,649,196,2,1
195,656,220,3,0
195,659,170,0,3
195,661,170,0,3
195,665,170,0,3
195,667,170,0,3
195,669,196,2,1
195,671,170,0,3
195,676,170,0,3
195,678,196,2,1
195,679,196,2,1
195,686,196,2,1
195,688,220,3,0
195,690,220,3,0
195,692,194,1,2
195,693,170,0,3
195,695,196,2,1
195,696,220,3,0
195,698,194,1,2
195,701,194,1,2
195,702,196,2,1
195,703,170,0,3
195,707,196,2,1
195,708,196,2,1
195,713,170,0,3
195,718,170,0,3
195,720,196,2,1
195,722,196,2,1
195,723,196,2,1
196,627,171,0,3
196,631,171,0,3
196,633,171,0,3
196,634,221,3,0
196,635,221,3,0
196,638,221,3,0
196,639,171,0,3
196,640,171,0,3
196,649,221,3,0
196,656,221,3,0
196,659,171,0,3
196,661,171,0,3
196,664,171,0,3
196,667,171,0,3
196,669,221,3,0
196,671,171,0,3
196,672,171,0,3
196,676,171,0,3
196,678,221,3,0
196,679,171,0,3
196,686,171,0,3
196,688,221,3,0
196,690,221,3,0
196,693,171,0,3
196,695,221,3,0
196,696,221,3,0
196,698,195,1,2
196,702,221,3,0
196,707,171,0,3
196,713,171,0,3
196,718,171,0,3
196,720,221,3,0
196,722,221,3,0
196,723,221,3,0
197,627,172,0,3
197,631,172,0,3
197,632,196,1,2
197,633,196,1,2
197,634,222,3,0
197,635,222,3,0
197,638,196,1,2
197,639,172,0,3
197,640,196,1,2
197,644,222,3,0
197,649,222,3,0
197,656,196,1,2
197,659,196,1,2
197,661,196,1,2
197,665,196,1,2
197,667,196,1,2
197,669,222,3,0
197,671,196,1,2
197,676,196,1,2
197,678,222,3,0
197,679,172,0,3
197,686,172,0,3
197,688,196,1,2
197,690,196,1,2
197,692,198,2,1
197,693,196,1,2
197,695,222,3,0
197,696,196,1,2
197,698,196,1,2
197,701,198,2,1
197,702,222,3,0
197,703,196,1,2
197,707,172,0,3
197,708,172,0,3
197,713,196,1,2
197,718,196,1,2
197,720,222,3,0
197,722,222,3,0
197,723,222,3,0
198,627,173,0,3
198,631,173,0,3
198,632,197,1,2
198,633,197,1,2
198,634,223,3,0
198,635,223,3,0
198,639,173,0,3
198,640,197,1,2
198,644,223,3,0
198,649,223,3,0
198,656,197,1,2
198,659,197,1,2
198,661,197,1,2
198,665,197,1,2
198,667,197,1,2
198,669,223,3,0
198,671,197,1,2
198,676,197,1,2
198,678,223,3,0
198,679,173,0,3
198,686,173,0,3
198,688,197,1,2
198,690,197,1,2
198,693,197,1,2
198,695,223,3,0
198,696,197,1,2
198,698,197,1,2
198,702,223,3,0
198,707,173,0,3
198,708,173,0,3
198,713,197,1,2
198,718,197,1,2
198,720,223,3,0
198,722,223,3,0
198,723,223,3,0
199,631,174,0,3
199,632,198,1,2
199,634,224,3,0
199,635,224,3,0
199,639,174,0,3
199,649,224,3,0
199,656,198,1,2
199,659,198,1,2
199,665,198,1,2
199,667,198,1,2
199,669,224,3,0
199,671,198,1,2
199,676,198,1,2
199,678,224,3,0
199,686,174,0,3
199,688,198,1,2
199,690,198,1,2
199,693,198,1,2
199,695,224,3,0
199,707,174,0,3
199,713,198,1,2
199,718,198,1,2
199,720,224,3,0
199,723,224,3,0
200,631,175,0,2
200,635,201,1,1
200,639,175,0,2
200,656,224,3,2
200,659,224,3,2
200,669,225,2,0
200,671,224,3,2
200,673,225,2,0
200,676,224,3,2
200,678,225,2,0
200,686,175,0,2
200,688,224,3,2
200,690,224,3,2
200,693,224,3,2
200,695,225,2,0
200,700,201,1,1
200,723,225,2,0
201,635,202,2,1
201,656,200,1,1
201,659,200,1,1
201,671,200,1,1
201,676,200,1,1
201,678,226,3,0
201,688,200,1,1
201,690,200,1,1
201,695,226,3,0
202,659,201,1,2
202,668,201,1,2
202,671,201,1,2
202,676,201,1,2
202,690,201,1,2
202,711,203,2,1
203,635,635,14,0
203,659,204,2,1
203,668,202,1,2
203,671,204,2,1
203,676,204,2,1
203,678,228,3,0
203,690,204,2,1
203,695,228,3,0
204,631,179,0,3
204,635,203,1,2
204,656,205,2,1
204,659,205,2,1
204,669,229,3,0
204,671,205,2,1
204,673,229,3,0
204,676,205,2,1
204,678,229,3,0
204,686,179,0,3
204,688,205,2,1
204,690,205,2,1
204,693,205,2,1
204,695,229,3,0
204,723,229,3,0
205,631,180,0,3
205,635,204,1,2
205,639,180,0,3
205,649,230,3,0
205,656,206,2,1
205,659,206,2,1
205,667,206,2,1
205,669,230,3,0
205,671,206,2,1
205,676,206,2,1
205,678,230,3,0
205,686,180,0,3
205,688,206,2,1
205,690,206,2,1
205,693,206,2,1
205,695,230,3,0
205,707,180,0,3
205,713,206,2,1
205,718,206,2,1
205,720,230,3,0
205,723,230,3,0
206,627,181,0,3
206,631,181,0,3
206,632,207,2,1
206,633,207,2,1
206,634,231,3,0
206,635,205,1,2
206,639,181,0,3
206,640,207,2,1
206,644,231,3,0
206,649,231,3,0
206,656,207,2,1
206,659,207,2,1
206,661,207,2,1
206,665,207,2,1
206,667,207,2,1
206,669,231,3,0
206,671,207,2,1
206,676,207,2,1
206,678,231,3,0
206,679,181,0,3
206,686,181,0,3
206,688,207,2,1
206,690,207,2,1
206,693,207,2,1
206,695,231,3,0
206,696,207,2,1
206,698,207,2,1
206,702,231,3,0
206,707,181,0,3
206,708,181,0,3
206,713,207,2,1
206,718,207,2,1
206,720,231,3,0
206,722,231,3,0
206,723,231,3,0
207,627,182,0,3
207,631,182,0,3
207,632,208,2,1
207,633,208,2,1
207,634,232,3,0
207,635,206,1,2
207,638,208,2,1
207,639,182,0,3
207,640,208,2,1
207,644,232,3,0
207,649,232,3,0
207,656,208,2,1
207,659,208,2,1
207,661,208,2,1
207,665,208,2,1
207,667,208,2,1
207,669,232,3,0
207,671,208,2,1
207,676,208,2,1
207,678,232,3,0
207,679,182,0,3
207,686,182,0,3
207,688,208,2,1
207,690,208,2,1
207,693,208,2,1
207,695,232,3,0
207,696,208,2,1
207,698,208,2,1
207,702,232,3,0
207,703,208,2,1
207,707,182,0,3
207,708,182,0,3
207,713,208,2,1
207,718,208,2,1
207,720,232,3,0
207,722,232,3,0
207,723,232,3,0
208,626,183,0,3
208,627,183,0,3
208,629,233,3,0
208,631,183,0,3
208,633,183,0,3
208,634,233,3,0
208,635,207,1,2
208,637,183,0,3
208,638,233,3,0
208,639,183,0,3
208,643,183,0,3
208,644,233,3,0
208,646,183,0,3
208,647,183,0,3
208,649,233,3,0
208,650,233,3,0
208,651,183,0,3
208,652,183,0,3
208,653,233,3,0
208,654,183,0,3
208,655,183,0,3
208,656,233,3,0
208,657,233,3,0
208,659,183,0,3
208,660,233,3,0
208,661,183,0,3
208,663,233,3,0
208,666,183,0,3
208,667,183,0,3
208,669,233,3,0
208,671,183,0,3
208,672,183,0,3
208,676,183,0,3
208,677,183,0,3
208,678,233,3,0
208,679,183,0,3
208,681,183,0,3
208,682,183,0,3
208,683,183,0,3
208,686,183,0,3
208,687,233,3,0
208,688,233,3,0
208,690,233,3,0
208,692,183,0,3
208,693,183,0,3
208,694,183,0,3
208,695,233,3,0
208,696,233,3,0
208,697,183,0,3
208,698,183,0,3
208,700,233,3,0
208,701,183,0,3
208,702,233,3,0
208,705,183,0,3
208,706,183,0,3
208,707,183,0,3
208,708,183,0,3
208,709,183,0,3
208,710,233,3,0
208,711,233,3,0
208,713,183,0,3
208,715,183,0,3
208,716,183,0,3
208,718,183,0,3
208,719,183,0,3
208,720,233,3,0
208,721,183,0,3
208,722,233,3,0
208,723,233,3,0
209,625,208,1,2
209,627,208,1,2
209,628,208,1,2
209,630,208,1,2
209,631,208,1,2
209,633,184,0,3
209,634,208,1,2
209,635,208,1,2
209,636,208,1,2
209,638,234,3,0
209,639,208,1,2
209,641,208,1,2
209,642,208,1,2
209,644,208,1,2
209,645,208,1,2
209,648,208,1,2
209,649,208,1,2
209,655,208,1,2
209,656,234,3,0
209,658,208,1,2
209,659,184,0,3
209,661,184,0,3
209,662,208,1,2
209,667,184,0,3
209,668,208,1,2
209,669,208,1,2
209,670,208,1,2
209,671,184,0,3
209,672,184,0,3
209,673,208,1,2
209,674,208,1,2
209,675,208,1,2
209,676,184,0,3
209,678,208,1,2
209,679,208,1,2
209,680,208,1,2
209,684,208,1,2
209,685,208,1,2
209,686,208,1,2
209,688,234,3,0
209,689,208,1,2
209,690,234,3,0
209,692,208,1,2
209,693,184,0,3
209,695,208,1,2
209,696,234,3,0
209,698,184,0,3
209,699,208,1,2
209,701,208,1,2
209,702,208,1,2
209,704,208,1,2
209,706,208,1,2
209,707,208,1,2
209,708,208,1,2
209,712,208,1,2
209,713,184,0,3
209,714,208,1,2
209,717,208,1,2
209,718,184,0,3
209,720,208,1,2
209,721,208,1,2
209,722,208,1,2
209,723,208,1,2
209,724,208,1,2
210,627,209,1,2
210,631,209,1,2
210,632,185,0,3
210,633,185,0,3
210,634,209,1,2
210,635,209,1,2
210,638,235,3,0
210,639,209,1,2
210,640,185,0,3
210,644,209,1,2
210,649,209,1,2
210,656,235,3,0
210,659,185,0,3
210,661,185,0,3
210,665,185,0,3
210,667,185,0,3
210,669,209,1,2
210,671,185,0,3
210,676,185,0,3
210,678,209,1,2
210,679,209,1,2
210,686,209,1,2
210,688,235,3,0
210,690,235,3,0
210,692,209,1,2
210,693,185,0,3
210,695,209,1,2
210,696,235,3,0
210,698,185,0,3
210,701,209,1,2
210,702,209,1,2
210,703,185,0,3
210,707,209,1,2
210,708,209,1,2
210,713,185,0,3
210,718,185,0,3
210,720,209,1,2
210,722,209,1,2
210,723,209,1,2
211,627,210,1,2
211,631,210,1,2
211,632,186,0,3
211,633,186,0,3
211,634,210,1,2
211,635,210,1,2
211,639,210,1,2
211,640,186,0,3
211,644,210,1,2
211,649,210,1,2
211,656,236,3,0
211,659,186,0,3
211,661,186,0,3
211,665,186,0,3
211,667,186,0,3
211,669,210,1,2
211,671,186,0,3
211,676,186,0,3
211,678,210,1,2
211,679,210,1,2
211,686,210,1,2
211,688,236,3,0
211,690,236,3,0
211,693,186,0,3
211,695,210,1,2
211,696,236,3,0
211,698,186,0,3
211,702,210,1,2
211,707,210,1,2
211,708,210,1,2
211,713,186,0,3
211,718,186,0,3
211,720,210,1,2
211,722,210,1,2
211,723,210,1,2
212,631,211,1,2
212,635,211,1,2
212,639,211,1,2
212,649,211,1,2
212,656,237,3,0
212,659,187,0,3
212,667,187,0,3
212,669,211,1,2
212,671,187,0,3
212,676,187,0,3
212,678,211,1,2
212,686,211,1,2
212,688,237,3,0
212,690,237,3,0
212,693,187,0,3
212,695,211,1,2
212,707,211,1,2
212,713,187,0,3
212,718,187,0,3
212,720,211,1,2
212,723,211,1,2
213,631,212,1,2
213,635,212,1,2
213,656,238,3,0
213,659,188,0,3
213,669,212,1,2
213,671,188,0,3
213,676,188,0,3
213,678,212,1,2
213,686,212,1,2
213,688,238,3,0
213,690,238,3,0
213,693,188,0,3
213,695,212,1,2
213,700,212,1,2
213,723,212,1,2
214,635,213,1,2
214,659,189,0,3
214,668,215,2,1
214,671,189,0,3
214,676,189,0,3
214,678,213,1,2
214,690,239,3,0
214,695,213,1,2
215,659,190,0,3
215,671,190,0,3
215,676,190,0,3
215,690,240,3,0
215,711,214,1,2
216,635,217,2,1
216,656,241,3,0
216,659,191,0,3
216,671,191,0,3
216,676,191,0,3
216,678,217,2,1
216,688,241,3,0
216,690,241,3,0
216,695,217,2,1
217,631,218,2,1
217,635,218,2,1
217,639,218,2,1
217,656,242,3,0
217,659,192,0,3
217,669,218,2,1
217,671,192,0,3
217,673,218,2,1
217,676,192,0,3
217,678,218,2,1
217,686,218,2,1
217,688,242,3,0
217,690,242,3,0
217,693,192,0,3
217,695,218,2,1
217,700,216,1,2
217,723,218,2,1
218,631,219,2,1
218,632,193,0,3
218,634,219,2,1
218,635,219,2,1
218,639,219,2,1
218,649,219,2,1
218,656,243,3,0
218,659,193,0,3
218,665,193,0,3
218,667,193,0,3
218,669,219,2,1
218,671,193,0,3
218,676,193,0,3
218,678,219,2,1
218,686,219,2,1
218,688,243,3,0
218,690,243,3,0
218,693,193,0,3
218,695,219,2,1
218,707,219,2,1
218,713,193,0,3
218,718,193,0,3
218,720,219,2,1
218,723,219,2,1
219,627,220,2,1
219,631,220,2,1
219,632,194,0,3
219,633,194,0,3
219,634,220,2,1
219,635,220,2,1
219,639,220,2,1
219,640,194,0,3
219,644,220,2,1
219,649,220,2,1
219,656,244,3,0
219,659,194,0,3
219,661,194,0,3
219,665,194,0,3
219,667,194,0,3
219,669,220,2,1
219,671,194,0,3
219,676,194,0,3
219,678,220,2,1
219,679,220,2,1
219,686,220,2,1
219,688,244,3,0
219,690,244,3,0
219,693,194,0,3
219,695,220,2,1
219,696,244,3,0
219,698,194,0,3
219,702,220,2,1
219,707,220,2,1
219,708,220,2,1
219,713,194,0,3
219,718,194,0,3
219,720,220,2,1
219,722,220,2,1
219,723,220,2,1
220,627,221,2,1
220,631,221,2,1
220,632,195,0,3
220,633,195,0,3
220,634,221,2,1
220,635,221,2,1
220,638,245,3,0
220,639,221,2,1
220,640,195,0,3
220,644,221,2,1
220,649,221,2,1
220,656,245,3,0
220,659,195,0,3
220,661,195,0,3
220,665,195,0,3
220,667,195,0,3
220,669,221,2,1
220,671,195,0,3
220,676,195,0,3
220,678,221,2,1
220,679,221,2,1
220,686,221,2,1
220,688,245,3,0
220,690,245,3,0
220,692,219,1,2
220,693,195,0,3
220,695,221,2,1
220,696,245,3,0
220,698,195,0,3
220,701,219,1,2
220,702,221,2,1
220,703,195,0,3
220,707,221,2,1
220,708,221,2,1
220,713,195,0,3
220,718,195,0,3
220,720,221,2,1
220,722,221,2,1
220,723,221,2,1
221,627,196,0,3
221,631,196,0,3
221,633,196,0,3
221,635,222,2,1
221,638,246,3,0
221,639,196,0,3
221,644,246,3,0
221,649,246,3,0
221,656,246,3,0
221,659,196,0,3
221,661,196,0,3
221,667,196,0,3
221,669,246,3,0
221,671,196,0,3
221,672,196,0,3
221,676,196,0,3
221,678,246,3,0
221,679,196,0,3
221,686,196,0,3
221,688,246,3,0
221,690,246,3,0
221,693,196,0,3
221,695,246,3,0
221,696,246,3,0
221,698,196,0,3
221,702,246,3,0
221,707,196,0,3
221,713,196,0,3
221,718,196,0,3
221,720,246,3,0
221,722,246,3,0
221,723,246,3,0
222,627,197,0,3
222,631,197,0,3
222,632,221,1,2
222,633,221,1,2
222,634,247,3,0
222,635,223,2,1
222,638,221,1,2
222,639,197,0,3
222,640,221,1,2
222,644,247,3,0
222,649,247,3,0
222,656,221,1,2
222,659,221,1,2
222,661,221,1,2
222,665,221,1,2
222,667,221,1,2
222,669,247,3,0
222,671,221,1,2
222,676,221,1,2
222,678,247,3,0
222,679,197,0,3
222,686,197,0,3
222,688,221,1,2
222,690,221,1,2
222,692,223,2,1
222,693,221,1,2
222,695,247,3,0
222,696,221,1,2
222,698,221,1,2
222,701,223,2,1
222,702,247,3,0
222,703,221,1,2
222,707,197,0,3
222,708,197,0,3
222,713,221,1,2
222,718,221,1,2
222,720,247,3,0
222,722,247,3,0
222,723,247,3,0
223,627,198,0,3
223,631,198,0,3
223,632,222,1,2
223,633,222,1,2
223,634,248,3,0
223,635,224,2,1
223,639,198,0,3
223,640,222,1,2
223,644,248,3,0
223,649,248,3,0
223,656,222,1,2
223,659,222,1,2
223,661,222,1,2
223,665,222,1,2
223,667,222,1,2
223,669,248,3,0
223,671,222,1,2
223,676,222,1,2
223,678,248,3,0
223,679,198,0,3
223,686,198,0,3
223,688,222,1,2
223,690,222,1,2
223,693,222,1,2
223,695,248,3,0
223,696,222,1,2
223,698,222,1,2
223,702,248,3,0
223,707,198,0,3
223,708,198,0,3
223,713,222,1,2
223,718,222,1,2
223,720,248,3,0
223,722,248,3,0
223,723,248,3,0
224,631,199,0,3
224,632,223,1,2
224,634,249,3,0
224,635,200,2,3
224,639,199,0,3
224,649,249,3,0
224,656,223,1,2
224,659,223,1,2
224,665,223,1,2
224,667,223,1,2
224,669,249,3,0
224,671,223,1,2
224,676,223,1,2
224,678,249,3,0
224,686,199,0,3
224,688,223,1,2
224,690,223,1,2
224,693,223,1,2
224,695,249,3,0
224,707,199,0,3
224,713,223,1,2
224,718,223,1,2
224,720,249,3,0
224,723,249,3,0
225,631,200,0,2
225,635,200,0,2
225,639,200,0,2
225,656,249,3,2
225,659,249,3,2
225,669,250,2,0
225,671,249,3,2
225,673,250,2,0
225,676,249,3,2
225,678,250,2,0
225,686,250,2,0
225,688,249,3,2
225,690,249,3,2
225,693,249,3,2
225,695,226,1,1
225,700,226,1,1
225,723,250,2,0
226,635,201,0,3
226,656,225,1,1
226,659,225,1,1
226,671,225,1,1
226,676,225,1,1
226,678,251,3,0
226,688,225,1,1
226,690,225,1,1
226,695,227,2,1
227,659,226,1,2
227,668,226,1,2
227,671,226,1,2
227,676,226,1,2
227,690,226,1,2
227,711,228,2,1
228,635,203,0,3
228,659,229,2,1
228,668,227,1,2
228,671,229,2,1
228,676,229,2,1
228,678,253,3,0
228,690,229,2,1
228,695,695,74,0
229,631,204,0,3
229,635,204,0,3
229,656,230,2,1
229,659,230,2,1
229,669,254,3,0
229,671,230,2,1
229,673,254,3,0
229,676,230,2,1
229,678,254,3,0
229,686,254,3,0
229,688,230,2,1
229,690,230,2,1
229,693,230,2,1
229,695,228,1,2
229,723,254,3,0
230,631,205,0,3
230,635,205,0,3
230,639,205,0,3
230,649,255,3,0
230,656,231,2,1
230,659,231,2,1
230,667,231,2,1
230,669,255,3,0
230,671,231,2,1
230,676,231,2,1
230,678,255,3,0
230,686,255,3,0
230,688,231,2,1
230,690,231,2,1
230,693,231,2,1
230,695,229,1,2
230,707,205,0,3
230,713,231,2,1
230,718,231,2,1
230,720,255,3,0
230,723,255,3,0
231,627,206,0,3
231,631,206,0,3
231,632,232,2,1
231,633,232,2,1
231,634,256,3,0
231,635,206,0,3
231,639,206,0,3
231,640,232,2,1
231,644,256,3,0
231,649,256,3,0
231,656,232,2,1
231,659,232,2,1
231,661,232,2,1
231,665,232,2,1
231,667,232,2,1
231,669,256,3,0
231,671,232,2,1
231,676,232,2,1
231,678,256,3,0
231,679,206,0,3
231,686,256,3,0
231,688,232,2,1
231,690,232,2,1
231,693,232,2,1
231,695,230,1,2
231,696,232,2,1
231,698,232,2,1
231,702,702,81,0
231,707,206,0,3
231,708,206,0,3
231,713,232,2,1
231,718,232,2,1
231,720,256,3,0
231,722,256,3,0
231,723,256,3,0
232,627,207,0,3
232,631,207,0,3
232,632,233,2,1
232,633,233,2,1
232,634,257,3,0
232,635,207,0,3
232,638,233,2,1
232,639,207,0,3
232,640,233,2,1
232,644,257,3,0
232,649,257,3,0
232,656,233,2,1
232,659,233,2,1
232,661,233,2,1
232,665,233,2,1
232,667,233,2,1
232,669,257,3,0
232,671,233,2,1
232,676,233,2,1
232,678,257,3,0
232,679,207,0,3
232,686,257,3,0
232,688,233,2,1
232,690,233,2,1
232,693,233,2,1
232,695,231,1,2
232,696,233,2,1
232,698,233,2,1
232,702,231,1,2
232,703,233,2,1
232,707,207,0,3
232,708,207,0,3
232,713,233,2,1
232,718,233,2,1
232,720,257,3,0
232,722,257,3,0
232,723,257,3,0
233,626,208,0,3
233,627,208,0,3
233,629,258,3,0
233,631,208,0,3
233,632,208,0,3
233,633,208,0,3
233,634,258,3,0
233,635,208,0,3
233,637,208,0,3
233,639,208,0,3
233,643,258,3,0
233,644,258,3,0
233,646,208,0,3
233,647,258,3,0
233,649,258,3,0
233,650,258,3,0
233,651,208,0,3
233,652,208,0,3
233,653,258,3,0
233,654,208,0,3
233,655,208,0,3
233,656,258,3,0
233,657,258,3,0
233,659,208,0,3
233,660,258,3,0
233,663,258,3,0
233,666,208,0,3
233,667,208,0,3
233,669,258,3,0
233,671,208,0,3
233,676,208,0,3
233,677,208,0,3
233,678,258,3,0
233,679,208,0,3
233,681,208,0,3
233,682,208,0,3
233,683,208,0,3
233,686,258,3,0
233,687,258,3,0
233,688,258,3,0
233,690,258,3,0
233,692,208,0,3
233,693,208,0,3
233,694,208,0,3
233,695,232,1,2
233,696,258,3,0
233,697,208,0,3
233,698,208,0,3
233,700,258,3,0
233,701,208,0,3
233,702,232,1,2
233,705,208,0,3
233,706,208,0,3
233,707,208,0,3
233,708,208,0,3
233,709,208,0,3
233,710,258,3,0
233,711,258,3,0
233,713,208,0,3
233,715,208,0,3
233,716,208,0,3
233,718,208,0,3
233,719,208,0,3
233,720,258,3,0
233,721,208,0,3
233,722,258,3,0
233,723,258,3,0
234,625,233,1,2
234,627,233,1,2
234,628,233,1,2
234,631,233,1,2
234,632,209,0,3
234,633,209,0,3
234,634,233,1,2
234,635,233,1,2
234,636,233,1,2
234,639,233,1,2
234,641,233,1,2
234,642,233,1,2
234,644,233,1,2
234,645,233,1,2
234,648,233,1,2
234,649,233,1,2
234,655,233,1,2
234,656,259,3,0
234,658,233,1,2
234,659,209,0,3
234,662,233,1,2
234,667,209,0,3
234,668,233,1,2
234,669,233,1,2
234,670,233,1,2
234,671,209,0,3
234,673,233,1,2
234,674,233,1,2
234,675,233,1,2
234,676,209,0,3
234,678,233,1,2
234,679,233,1,2
234,680,233,1,2
234,684,233,1,2
234,685,233,1,2
234,686,233,1,2
234,688,259,3,0
234,689,233,1,2
234,690,259,3,0
234,691,233,1,2
234,692,233,1,2
234,693,209,0,3
234,695,233,1,2
234,696,259,3,0
234,698,209,0,3
234,699,233,1,2
234,701,233,1,2
234,702,233,1,2
234,704,233,1,2
234,706,233,1,2
234,707,233,1,2
234,708,233,1,2
234,712,233,1,2
234,713,209,0,3
234,714,233,1,2
234,717,233,1,2
234,718,209,0,3
234,720,233,1,2
234,721,233,1,2
234,722,233,1,2
234,723,233,1,2
234,724,233,1,2
235,627,234,1,2
235,631,234,1,2
235,632,210,0,3
235,633,210,0,3
235,634,234,1,2
235,635,234,1,2
235,638,260,3,0
235,639,234,1,2
235,640,210,0,3
235,644,234,1,2
235,649,234,1,2
235,656,260,3,0
235,659,210,0,3
235,661,210,0,3
235,665,210,0,3
235,667,210,0,3
235,669,234,1,2
235,671,210,0,3
235,676,210,0,3
235,678,234,1,2
235,679,234,1,2
235,686,234,1,2
235,688,260,3,0
235,690,260,3,0
235,692,234,1,2
235,693,210,0,3
235,695,234,1,2
235,696,260,3,0
235,698,210,0,3
235,701,234,1,2
235,702,234,1,2
235,703,210,0,3
235,707,234,1,2
235,708,234,1,2
235,713,210,0,3
235,718,210,0,3
235,720,234,1,2
235,722,234,1,2
235,723,234,1,2
236,627,235,1,2
236,631,235,1,2
236,632,211,0,3
236,633,211,0,3
236,634,235,1,2
236,635,235,1,2
236,639,235,1,2
236,640,211,0,3
236,644,235,1,2
236,649,235,1,2
236,656,261,3,0
236,659,211,0,3
236,661,211,0,3
236,665,211,0,3
236,667,211,0,3
236,669,235,1,2
236,671,211,0,3
236,676,211,0,3
236,678,235,1,2
236,679,235,1,2
236,686,235,1,2
236,688,261,3,0
236,690,261,3,0
236,693,211,0,3
236,695,235,1,2
236,696,261,3,0
236,698,211,0,3
236,702,235,1,2
236,707,235,1,2
236,708,235,1,2
236,713,211,0,3
236,718,211,0,3
236,720,235,1,2
236,722,235,1,2
236,723,235,1,2
237,631,236,1,2
237,635,236,1,2
237,639,236,1,2
237,649,236,1,2
237,656,262,3,0
237,659,212,0,3
237,667,212,0,3
237,669,236,1,2
237,671,212,0,3
237,676,212,0,3
237,678,236,1,2
237,686,236,1,2
237,688,262,3,0
237,690,262,3,0
237,693,212,0,3
237,695,236,1,2
237,707,236,1,2
237,713,212,0,3
237,718,212,0,3
237,720,236,1,2
237,723,236,1,2
238,631,237,1,2
238,635,237,1,2
238,656,263,3,0
238,659,213,0,3
238,669,237,1,2
238,671,213,0,3
238,676,213,0,3
238,678,237,1,2
238,686,237,1,2
238,688,263,3,0
238,690,263,3,0
238,693,213,0,3
238,695,237,1,2
238,700,237,1,2
238,723,237,1,2
239,635,238,1,2
239,659,214,0,3
239,668,240,2,1
239,671,214,0,3
239,676,214,0,3
239,678,238,1,2
239,690,264,3,0
239,695,238,1,2
240,659,215,0,3
240,671,215,0,3
240,676,215,0,3
240,690,265,3,0
240,711,239,1,2
241,635,242,2,1
241,656,266,3,0
241,659,216,0,3
241,671,216,0,3
241,676,216,0,3
241,678,242,2,1
241,688,266,3,0
241,690,266,3,0
241,695,242,2,1
242,631,243,2,1
242,635,243,2,1
242,639,243,2,1
242,656,267,3,0
242,659,217,0,3
242,669,243,2,1
242,671,217,0,3
242,673,243,2,1
242,676,217,0,3
242,678,243,2,1
242,686,243,2,1
242,688,267,3,0
242,690,267,3,0
242,693,217,0,3
242,695,243,2,1
242,700,241,1,2
242,723,243,2,1
243,631,244,2,1
243,632,218,0,3
243,634,244,2,1
243,635,244,2,1
243,639,244,2,1
243,649,244,2,1
243,656,268,3,0
243,659,218,0,3
243,665,218,0,3
243,667,218,0,3
243,669,244,2,1
243,671,218,0,3
243,676,218,0,3
243,678,244,2,1
243,686,244,2,1
243,688,268,3,0
243,690,268,3,0
243,693,218,0,3
243,695,244,2,1
243,707,244,2,1
243,713,218,0,3
243,718,218,0,3
243,720,244,2,1
243,723,244,2,1
244,627,245,2,1
244,631,245,2,1
244,632,219,0,3
244,633,219,0,3
244,634,245,2,1
244,635,245,2,1
244,639,245,2,1
244,640,219,0,3
244,644,245,2,1
244,649,245,2,1
244,656,269,3,0
244,659,219,0,3
244,661,219,0,3
244,665,219,0,3
244,667,219,0,3
244,669,245,2,1
244,671,219,0,3
244,676,219,0,3
244,678,245,2,1
244,679,245,2,1
244,686,245,2,1
244,688,269,3,0
244,690,269,3,0
244,693,219,0,3
244,695,245,2,1
244,696,269,3,0
244,698,219,0,3
244,702,245,2,1
244,707,245,2,1
244,708,245,2,1
244,713,219,0,3
244,718,219,0,3
244,720,245,2,1
244,722,245,2,1
244,723,245,2,1
245,627,246,2,1
245,631,246,2,1
245,632,220,0,3
245,633,220,0,3
245,634,246,2,1
245,635,246,2,1
245,638,270,3,0
245,639,246,2,1
245,640,220,0,3
245,644,246,2,1
245,649,246,2,1
245,656,270,3,0
245,659,220,0,3
245,661,220,0,3
245,665,220,0,3
245,667,220,0,3
245,669,246,2,1
245,671,220,0,3
245,676,220,0,3
245,678,246,2,1
245,679,246,2,1
245,686,246,2,1
245,688,270,3,0
245,690,270,3,0
245,692,244,1,2
245,693,220,0,3
245,695,246,2,1
245,696,270,3,0
245,698,220,0,3
245,701,244,1,2
245,702,246,2,1
245,703,220,0,3
245,707,246,2,1
245,708,246,2,1
245,713,220,0,3
245,718,220,0,3
245,720,246,2,1
245,722,246,2,1
245,723,246,2,1
246,627,221,0,3
246,631,221,0,3
246,632,221,0,3
246,633,221,0,3
246,639,221,0,3
246,644,271,3,0
246,649,271,3,0
246,656,271,3,0
246,659,221,0,3
246,667,221,0,3
246,669,271,3,0
246,671,221,0,3
246,676,221,0,3
246,678,271,3,0
246,679,221,0,3
246,688,271,3,0
246,690,271,3,0
246,693,221,0,3
246,695,247,2,1
246,696,271,3,0
246,698,221,0,3
246,702,247,2,1
246,707,221,0,3
246,713,221,0,3
246,718,221,0,3
246,720,271,3,0
246,722,271,3,0
246,723,271,3,0
247,627,222,0,3
247,631,222,0,3
247,632,246,1,2
247,633,246,1,2
247,634,272,3,0
247,635,222,0,3
247,638,246,1,2
247,639,222,0,3
247,640,246,1,2
247,644,272,3,0
247,649,272,3,0
247,656,246,1,2
247,659,246,1,2
247,661,246,1,2
247,665,246,1,2
247,667,246,1,2
247,669,272,3,0
247,671,246,1,2
247,676,246,1,2
247,678,272,3,0
247,679,222,0,3
247,686,272,3,0
247,688,246,1,2
247,690,246,1,2
247,692,248,2,1
247,693,246,1,2
247,695,248,2,1
247,696,246,1,2
247,698,246,1,2
247,701,248,2,1
247,702,248,2,1
247,703,246,1,2
247,707,222,0,3
247,708,222,0,3
247,713,246,1,2
247,718,246,1,2
247,720,272,3,0
247,722,272,3,0
247,723,272,3,0
248,627,223,0,3
248,631,223,0,3
248,632,247,1,2
248,633,247,1,2
248,634,273,3,0
248,635,223,0,3
248,639,223,0,3
248,640,247,1,2
248,644,273,3,0
248,649,273,3,0
248,656,247,1,2
248,659,247,1,2
248,661,247,1,2
248,665,247,1,2
248,667,247,1,2
248,669,273,3,0
248,671,247,1,2
248,676,247,1,2
248,678,273,3,0
248,679,223,0,3
248,686,273,3,0
248,688,247,1,2
248,690,247,1,2
248,693,247,1,2
248,695,249,2,1
248,696,247,1,2
248,698,247,1,2
248,702,249,2,1
248,707,223,0,3
248,708,223,0,3
248,713,247,1,2
248,718,247,1,2
248,720,273,3,0
248,722,273,3,0
248,723,273,3,0
249,631,224,0,3
249,632,248,1,2
249,634,274,3,0
249,635,224,0,3
249,639,224,0,3
249,649,274,3,0
249,656,248,1,2
249,659,248,1,2
249,665,248,1,2
249,667,248,1,2
249,669,274,3,0
249,671,248,1,2
249,676,248,1,2
249,678,274,3,0
249,686,274,3,0
249,688,248,1,2
249,690,248,1,2
249,693,248,1,2
249,695,225,2,3
249,707,224,0,3
249,713,248,1,2
249,718,248,1,2
249,720,274,3,0
249,723,274,3,0
250,631,225,0,2
250,635,225,0,2
250,639,225,0,2
250,656,274,3,2
250,659,274,3,2
250,669,275,2,0
250,671,274,3,2
250,673,275,2,0
250,676,274,3,2
250,678,275,2,0
250,686,275,2,0
250,688,274,3,2
250,690,274,3,2
250,693,274,3,2
250,695,225,0,2
250,700,251,1,1
250,723,275,2,0
251,635,226,0,3
251,656,250,1,1
251,659,250,1,1
251,671,250,1,1
251,676,250,1,1
251,678,276,3,0
251,688,250,1,1
251,690,250,1,1
251,695,226,0,3
252,659,251,1,2
252,668,251,1,2
252,671,251,1,2
252,676,251,1,2
252,690,251,1,2
252,711,253,2,1
253,635,228,0,3
253,659,254,2,1
253,668,252,1,2
253,671,254,2,1
253,676,254,2,1
253,678,278,3,0
253,690,254,2,1
253,695,228,0,3
254,631,229,0,3
254,635,229,0,3
254,656,255,2,1
254,659,255,2,1
254,669,279,3,0
254,671,255,2,1
254,673,279,3,0
254,676,255,2,1
254,678,279,3,0
254,686,279,3,0
254,688,255,2,1
254,690,255,2,1
254,693,255,2,1
254,695,229,0,3
254,723,279,3,0
255,631,230,0,3
255,635,230,0,3
255,639,230,0,3
255,649,280,3,0
255,656,256,2,1
255,659,256,2,1
255,667,256,2,1
255,669,280,3,0
255,671,256,2,1
255,673,280,3,0
255,676,256,2,1
255,678,280,3,0
255,686,280,3,0
255,688,256,2,1
255,690,256,2,1
255,693,256,2,1
255,695,230,0,3
255,707,230,0,3
255,713,256,2,1
255,718,256,2,1
255,720,280,3,0
255,723,280,3,0
256,627,231,0,3
256,631,231,0,3
256,632,257,2,1
256,633,257,2,1
256,634,281,3,0
256,635,231,0,3
256,639,231,0,3
256,640,257,2,1
256,644,281,3,0
256,649,281,3,0
256,656,257,2,1
256,659,257,2,1
256,661,257,2,1
256,665,257,2,1
256,667,257,2,1
256,669,281,3,0
256,671,257,2,1
256,673,281,3,0
256,676,257,2,1
256,678,281,3,0
256,679,231,0,3
256,686,281,3,0
256,688,257,2,1
256,690,257,2,1
256,693,257,2,1
256,695,231,0,3
256,696,257,2,1
256,698,257,2,1
256,702,231,0,3
256,707,231,0,3
256,708,231,0,3
256,713,257,2,1
256,718,257,2,1
256,720,281,3,0
256,722,722,101,0
256,723,281,3,0
257,627,232,0,3
257,631,232,0,3
257,632,258,2,1
257,633,258,2,1
257,634,282,3,0
257,635,232,0,3
257,638,258,2,1
257,639,232,0,3
257,640,258,2,1
257,644,282,3,0
257,649,282,3,0
257,656,258,2,1
257,659,258,2,1
257,661,258,2,1
257,665,258,2,1
257,667,258,2,1
257,669,282,3,0
257,671,258,2,1
257,673,282,3,0
257,676,258,2,1
257,678,282,3,0
257,679,232,0,3
257,686,282,3,0
257,688,258,2,1
257,690,258,2,1
257,693,258,2,1
257,695,232,0,3
257,696,258,2,1
257,698,258,2,1
257,702,232,0,3
257,703,258,2,1
257,707,232,0,3
257,708,232,0,3
257,713,258,2,1
257,718,258,2,1
257,720,282,3,0
257,722,256,1,2
257,723,282,3,0
258,626,233,0,3
258,627,233,0,3
258,629,283,3,0
258,631,233,0,3
258,632,233,0,3
258,633,233,0,3
258,634,283,3,0
258,635,233,0,3
258,637,233,0,3
258,639,233,0,3
258,643,283,3,0
258,644,283,3,0
258,646,233,0,3
258,647,283,3,0
258,649,283,3,0
258,650,283,3,0
258,651,283,3,0
258,652,233,0,3
258,653,283,3,0
258,654,233,0,3
258,655,233,0,3
258,656,283,3,0
258,657,283,3,0
258,659,233,0,3
258,660,283,3,0
258,663,283,3,0
258,666,233,0,3
258,669,283,3,0
258,671,283,3,0
258,673,283,3,0
258,676,233,0,3
258,677,233,0,3
258,678,283,3,0
258,679,233,0,3
258,681,283,3,0
258,682,233,0,3
258,683,233,0,3
258,686,283,3,0
258,687,283,3,0
258,688,283,3,0
258,690,283,3,0
258,692,233,0,3
258,693,233,0,3
258,694,233,0,3
258,695,233,0,3
258,696,283,3,0
258,697,233,0,3
258,698,233,0,3
258,700,283,3,0
258,701,233,0,3
258,702,233,0,3
258,705,233,0,3
258,706,233,0,3
258,707,233,0,3
258,708,233,0,3
258,709,233,0,3
258,710,283,3,0
258,711,283,3,0
258,713,233,0,3
258,715,233,0,3
258,716,233,0,3
258,718,233,0,3
258,719,233,0,3
258,720,283,3,0
258,721,233,0,3
258,722,257,1,2
258,723,283,3,0
259,625,258,1,2
259,627,258,1,2
259,628,258,1,2
259,630,258,1,2
259,631,258,1,2
259,632,234,0,3
259,633,234,0,3
259,634,258,1,2
259,635,258,1,2
259,639,258,1,2
259,641,258,1,2
259,642,258,1,2
259,644,258,1,2
259,645,258,1,2
259,648,258,1,2
259,649,258,1,2
259,655,258,1,2
259,656,284,3,0
259,658,258,1,2
259,659,234,0,3
259,662,258,1,2
259,668,258,1,2
259,669,258,1,2
259,671,284,3,0
259,674,258,1,2
259,675,258,1,2
259,676,234,0,3
259,678,258,1,2
259,679,258,1,2
259,680,258,1,2
259,684,258,1,2
259,685,258,1,2
259,686,258,1,2
259,688,284,3,0
259,689,258,1,2
259,690,284,3,0
259,691,258,1,2
259,692,258,1,2
259,693,234,0,3
259,695,258,1,2
259,696,284,3,0
259,698,234,0,3
259,699,258,1,2
259,701,258,1,2
259,702,258,1,2
259,704,258,1,2
259,706,258,1,2
259,707,258,1,2
259,708,258,1,2
259,712,258,1,2
259,713,234,0,3
259,714,258,1,2
259,718,234,0,3
259,720,258,1,2
259,721,258,1,2
259,722,258,1,2
259,723,258,1,2
259,724,258,1,2
260,627,259,1,2
260,631,259,1,2
260,632,235,0,3
260,633,235,0,3
260,634,259,1,2
260,635,259,1,2
260,638,285,3,0
260,639,259,1,2
260,640,235,0,3
260,644,259,1,2
260,649,259,1,2
260,656,285,3,0
260,659,235,0,3
260,661,235,0,3
260,665,235,0,3
260,667,235,0,3
260,669,259,1,2
260,671,285,3,0
260,676,235,0,3
260,678,259,1,2
260,679,259,1,2
260,686,259,1,2
260,688,285,3,0
260,690,285,3,0
260,692,259,1,2
260,693,235,0,3
260,695,259,1,2
260,696,285,3,0
260,698,235,0,3
260,701,259,1,2
260,702,259,1,2
260,703,235,0,3
260,707,259,1,2
260,708,259,1,2
260,713,235,0,3
260,718,235,0,3
260,720,259,1,2
260,722,259,1,2
260,723,259,1,2
261,627,260,1,2
261,631,260,1,2
261,632,236,0,3
261,633,236,0,3
261,634,260,1,2
261,635,260,1,2
261,639,260,1,2
261,640,236,0,3
261,644,260,1,2
261,649,260,1,2
261,656,286,3,0
261,659,236,0,3
261,661,236,0,3
261,665,236,0,3
261,667,236,0,3
261,669,260,1,2
261,671,286,3,0
261,676,236,0,3
261,678,260,1,2
261,679,260,1,2
261,686,260,1,2
261,688,286,3,0
261,690,286,3,0
261,693,236,0,3
261,695,260,1,2
261,696,286,3,0
261,698,236,0,3
261,702,260,1,2
261,707,260,1,2
261,708,260,1,2
261,713,236,0,3
261,718,236,0,3
261,720,260,1,2
261,722,260,1,2
261,723,260,1,2
262,631,261,1,2
262,635,261,1,2
262,639,261,1,2
262,649,261,1,2
262,656,287,3,0
262,659,237,0,3
262,667,237,0,3
262,669,261,1,2
262,671,287,3,0
262,676,237,0,3
262,678,261,1,2
262,686,261,1,2
262,688,287,3,0
262,690,287,3,0
262,693,237,0,3
262,695,261,1,2
262,707,261,1,2
262,713,237,0,3
262,718,237,0,3
262,720,261,1,2
262,723,261,1,2
263,631,262,1,2
263,635,262,1,2
263,656,288,3,0
263,659,238,0,3
263,669,262,1,2
263,671,288,3,0
263,676,238,0,3
263,678,262,1,2
263,686,262,1,2
263,688,288,3,0
263,690,288,3,0
263,693,238,0,3
263,695,262,1,2
263,700,262,1,2
263,723,262,1,2
264,635,263,1,2
264,659,239,0,3
264,668,265,2,1
264,671,289,3,0
264,676,239,0,3
264,678,263,1,2
264,690,289,3,0
264,695,263,1,2
265,659,240,0,3
265,671,290,3,0
265,676,240,0,3
265,690,290,3,0
265,711,264,1,2
266,635,267,2,1
266,656,291,3,0
266,659,241,0,3
266,671,291,3,0
266,676,241,0,3
266,678,267,2,1
266,688,291,3,0
266,690,291,3,0
266,695,267,2,1
267,631,268,2,1
267,635,268,2,1
267,639,268,2,1
267,656,292,3,0
267,659,242,0,3
267,669,268,2,1
267,671,292,3,0
267,673,268,2,1
267,676,242,0,3
267,678,268,2,1
267,686,268,2,1
267,688,292,3,0
267,690,292,3,0
267,693,242,0,3
267,695,268,2,1
267,700,266,1,2
267,723,268,2,1
268,631,269,2,1
268,632,243,0,3
268,634,269,2,1
268,635,269,2,1
268,639,269,2,1
268,649,269,2,1
268,656,293,3,0
268,659,243,0,3
268,665,243,0,3
268,667,243,0,3
268,669,269,2,1
268,671,293,3,0
268,676,243,0,3
268,678,269,2,1
268,686,269,2,1
268,688,293,3,0
268,690,293,3,0
268,693,243,0,3
268,695,269,2,1
268,707,269,2,1
268,713,243,0,3
268,718,243,0,3
268,720,269,2,1
268,723,269,2,1
269,627,270,2,1
269,631,270,2,1
269,632,244,0,3
269,633,244,0,3
269,634,270,2,1
269,635,270,2,1
269,639,270,2,1
269,640,244,0,3
269,644,270,2,1
269,649,270,2,1
269,656,294,3,0
269,659,244,0,3
269,661,244,0,3
269,665,244,0,3
269,667,244,0,3
269,669,270,2,1
269,671,294,3,0
269,676,244,0,3
269,678,270,2,1
269,679,270,2,1
269,686,270,2,1
269,688,294,3,0
269,690,294,3,0
269,693,244,0,3
269,695,270,2,1
269,696,294,3,0
269,698,244,0,3
269,702,270,2,1
269,707,270,2,1
269,708,270,2,1
269,713,244,0,3
269,718,244,0,3
269,720,270,2,1
269,722,270,2,1
269,723,270,2,1
270,627,271,2,1
270,631,271,2,1
270,632,245,0,3
270,633,245,0,3
270,634,271,2,1
270,635,271,2,1
270,638,295,3,0
270,639,271,2,1
270,640,245,0,3
270,644,271,2,1
270,649,271,2,1
270,656,295,3,0
270,659,245,0,3
270,661,245,0,3
270,665,245,0,3
270,667,245,0,3
270,669,271,2,1
270,671,295,3,0
270,676,245,0,3
270,678,271,2,1
270,679,271,2,1
270,686,271,2,1
270,688,295,3,0
270,690,295,3,0
270,692,269,1,2
270,693,245,0,3
270,695,271,2,1
270,696,295,3,0
270,698,245,0,3
270,701,269,1,2
270,702,271,2,1
270,703,245,0,3
270,707,271,2,1
270,708,271,2,1
270,713,245,0,3
270,718,245,0,3
270,720,271,2,1
270,722,271,2,1
270,723,271,2,1
271,627,246,0,3
271,631,246,0,3
271,632,246,0,3
271,633,246,0,3
271,635,246,0,3
271,639,246,0,3
271,644,296,3,0
271,649,296,3,0
271,656,296,3,0
271,659,246,0,3
271,669,296,3,0
271,671,296,3,0
271,673,296,3,0
271,676,246,0,3
271,678,296,3,0
271,679,246,0,3
271,688,296,3,0
271,690,296,3,0
271,693,246,0,3
271,696,296,3,0
271,698,246,0,3
271,707,246,0,3
271,713,246,0,3
271,718,246,0,3
271,720,296,3,0
271,722,272,2,1
271,723,296,3,0
272,627,247,0,3
272,631,247,0,3
272,632,271,1,2
272,633,271,1,2
272,634,297,3,0
272,635,247,0,3
272,638,271,1,2
272,639,247,0,3
272,640,271,1,2
272,644,297,3,0
272,649,297,3,0
272,656,271,1,2
272,659,271,1,2
272,661,271,1,2
272,665,271,1,2
272,667,271,1,2
272,669,297,3,0
272,671,271,1,2
272,673,297,3,0
272,676,271,1,2
272,678,297,3,0
272,679,247,0,3
272,686,297,3,0
272,688,271,1,2
272,690,271,1,2
272,692,273,2,1
272,693,271,1,2
272,695,247,0,3
272,696,271,1,2
272,698,271,1,2
272,701,273,2,1
272,702,247,0,3
272,703,271,1,2
272,707,247,0,3
272,708,247,0,3
272,713,271,1,2
272,718,271,1,2
272,720,297,3,0
272,722,273,2,1
272,723,297,3,0
273,627,248,0,3
273,631,248,0,3
273,632,272,1,2
273,633,272,1,2
273,634,298,3,0
273,635,248,0,3
273,639,248,0,3
273,640,272,1,2
273,644,298,3,0
273,649,298,3,0
273,656,272,1,2
273,659,272,1,2
273,661,272,1,2
273,665,272,1,2
273,667,272,1,2
273,669,298,3,0
273,671,272,1,2
273,673,298,3,0
273,676,272,1,2
273,678,298,3,0
273,679,248,0,3
273,686,298,3,0
273,688,272,1,2
273,690,272,1,2
273,693,272,1,2
273,695,248,0,3
273,696,272,1,2
273,698,272,1,2
273,702,248,0,3
273,707,248,0,3
273,708,248,0,3
273,713,272,1,2
273,718,272,1,2
273,720,298,3,0
273,722,274,2,1
273,723,298,3,0
274,631,249,0,3
274,632,273,1,2
274,634,299,3,0
274,635,249,0,3
274,639,249,0,3
274,649,299,3,0
274,656,273,1,2
274,659,273,1,2
274,665,273,1,2
274,667,273,1,2
274,669,299,3,0
274,671,273,1,2
274,673,299,3,0
274,676,273,1,2
274,678,299,3,0
274,686,299,3,0
274,688,273,1,2
274,690,273,1,2
274,693,273,1,2
274,695,249,0,3
274,707,249,0,3
274,713,273,1,2
274,718,273,1,2
274,720,299,3,0
274,723,299,3,0
275,631,250,0,2
275,635,250,0,2
275,639,250,0,2
275,656,299,3,2
275,659,299,3,2
275,669,300,2,0
275,671,299,3,2
275,676,299,3,2
275,678,300,2,0
275,686,300,2,0
275,688,299,3,2
275,690,299,3,2
275,693,299,3,2
275,695,250,0,2
275,700,276,1,1
275,723,300,2,0
276,635,251,0,3
276,656,275,1,1
276,659,275,1,1
276,671,275,1,1
276,676,275,1,1
276,678,301,3,0
276,688,275,1,1
276,690,275,1,1
276,695,251,0,3
277,659,276,1,2
277,668,276,1,2
277,671,276,1,2
277,676,276,1,2
277,690,276,1,2
277,711,278,2,1
278,635,253,0,3
278,659,279,2,1
278,668,277,1,2
278,671,279,2,1
278,676,279,2,1
278,678,303,3,0
278,690,279,2,1
278,695,253,0,3
279,631,254,0,3
279,635,254,0,3
279,656,280,2,1
279,659,280,2,1
279,669,304,3,0
279,671,280,2,1
279,673,673,52,0
279,676,280,2,1
279,678,304,3,0
279,686,304,3,0
279,688,280,2,1
279,690,280,2,1
279,693,280,2,1
279,695,254,0,3
279,723,304,3,0
280,631,255,0,3
280,635,255,0,3
280,639,255,0,3
280,649,305,3,0
280,656,281,2,1
280,659,281,2,1
280,667,281,2,1
280,669,305,3,0
280,671,281,2,1
280,673,279,1,2
280,676,281,2,1
280,678,305,3,0
280,686,305,3,0
280,688,281,2,1
280,690,281,2,1
280,693,281,2,1
280,695,255,0,3
280,707,305,3,0
280,713,281,2,1
280,718,281,2,1
280,720,720,99,0
280,723,305,3,0
281,627,256,0,3
281,631,256,0,3
281,632,282,2,1
281,633,282,2,1
281,634,306,3,0
281,635,256,0,3
281,639,256,0,3
281,640,282,2,1
281,644,306,3,0
281,649,306,3,0
281,656,282,2,1
281,659,282,2,1
281,661,282,2,1
281,665,282,2,1
281,667,282,2,1
281,669,306,3,0
281,671,282,2,1
281,673,280,1,2
281,676,282,2,1
281,678,306,3,0
281,679,256,0,3
281,686,306,3,0
281,688,282,2,1
281,690,282,2,1
281,693,282,2,1
281,695,256,0,3
281,696,282,2,1
281,698,282,2,1
281,702,256,0,3
281,707,306,3,0
281,708,256,0,3
281,713,282,2,1
281,718,282,2,1
281,720,280,1,2
281,722,256,0,3
281,723,306,3,0
282,627,257,0,3
282,631,257,0,3
282,632,283,2,1
282,633,283,2,1
282,634,307,3,0
282,635,257,0,3
282,638,283,2,1
282,639,257,0,3
282,640,283,2,1
282,644,307,3,0
282,649,307,3,0
282,656,283,2,1
282,659,283,2,1
282,661,283,2,1
282,665,283,2,1
282,667,283,2,1
282,669,307,3,0
282,671,283,2,1
282,673,281,1,2
282,676,283,2,1
282,678,307,3,0
282,679,257,0,3
282,686,307,3,0
282,688,283,2,1
282,690,283,2,1
282,693,283,2,1
282,695,257,0,3
282,696,283,2,1
282,698,283,2,1
282,702,257,0,3
282,703,283,2,1
282,707,307,3,0
282,708,257,0,3
282,713,283,2,1
282,718,283,2,1
282,720,281,1,2
282,722,257,0,3
282,723,307,3,0
283,626,258,0,3
283,627,258,0,3
283,629,308,3,0
283,631,258,0,3
283,632,258,0,3
283,633,258,0,3
283,634,308,3,0
283,635,258,0,3
283,637,258,0,3
283,639,258,0,3
283,643,308,3,0
283,644,308,3,0
283,646,258,0,3
283,647,308,3,0
283,649,308,3,0
283,650,308,3,0
283,651,308,3,0
283,652,258,0,3
283,653,308,3,0
283,654,258,0,3
283,655,258,0,3
283,656,308,3,0
283,657,308,3,0
283,659,258,0,3
283,660,308,3,0
283,663,308,3,0
283,665,258,0,3
283,666,258,0,3
283,669,308,3,0
283,671,308,3,0
283,673,282,1,2
283,676,308,3,0
283,677,258,0,3
283,678,308,3,0
283,679,258,0,3
283,681,308,3,0
283,682,258,0,3
283,683,258,0,3
283,686,308,3,0
283,687,308,3,0
283,688,308,3,0
283,690,308,3,0
283,692,258,0,3
283,693,258,0,3
283,694,258,0,3
283,695,258,0,3
283,696,308,3,0
283,697,258,0,3
283,698,258,0,3
283,700,308,3,0
283,701,258,0,3
283,702,258,0,3
283,705,258,0,3
283,706,258,0,3
283,707,308,3,0
283,708,258,0,3
283,709,258,0,3
283,710,308,3,0
283,711,308,3,0
283,713,258,0,3
283,715,258,0,3
283,716,258,0,3
283,718,258,0,3
283,719,258,0,3
283,720,282,1,2
283,721,258,0,3
283,722,258,0,3
283,723,308,3,0
284,625,283,1,2
284,627,283,1,2
284,628,283,1,2
284,630,283,1,2
284,631,283,1,2
284,632,259,0,3
284,633,259,0,3
284,634,283,1,2
284,635,283,1,2
284,636,283,1,2
284,639,283,1,2
284,641,283,1,2
284,642,283,1,2
284,644,283,1,2
284,645,283,1,2
284,648,283,1,2
284,649,283,1,2
284,655,283,1,2
284,656,309,3,0
284,658,283,1,2
284,659,259,0,3
284,662,283,1,2
284,665,259,0,3
284,668,283,1,2
284,669,283,1,2
284,670,283,1,2
284,671,309,3,0
284,673,283,1,2
284,674,283,1,2
284,675,283,1,2
284,676,309,3,0
284,678,283,1,2
284,679,283,1,2
284,680,283,1,2
284,684,283,1,2
284,685,283,1,2
284,686,283,1,2
284,688,309,3,0
284,689,283,1,2
284,690,309,3,0
284,691,283,1,2
284,692,283,1,2
284,693,259,0,3
284,695,283,1,2
284,696,309,3,0
284,698,259,0,3
284,699,283,1,2
284,701,283,1,2
284,702,283,1,2
284,704,283,1,2
284,706,283,1,2
284,707,283,1,2
284,708,283,1,2
284,712,283,1,2
284,713,259,0,3
284,714,283,1,2
284,717,283,1,2
284,718,259,0,3
284,720,283,1,2
284,721,283,1,2
284,722,283,1,2
284,723,283,1,2
284,724,283,1,2
285,627,284,1,2
285,631,284,1,2
285,632,260,0,3
285,633,260,0,3
285,634,284,1,2
285,635,284,1,2
285,638,310,3,0
285,639,284,1,2
285,640,260,0,3
285,644,284,1,2
285,649,284,1,2
285,656,310,3,0
285,659,260,0,3
285,661,260,0,3
285,665,260,0,3
285,667,260,0,3
285,669,284,1,2
285,671,310,3,0
285,676,310,3,0
285,678,284,1,2
285,679,284,1,2
285,686,284,1,2
285,688,310,3,0
285,690,310,3,0
285,692,284,1,2
285,693,260,0,3
285,695,284,1,2
285,696,310,3,0
285,698,260,0,3
285,701,284,1,2
285,702,284,1,2
285,703,260,0,3
285,707,284,1,2
285,708,284,1,2
285,713,260,0,3
285,718,260,0,3
285,720,284,1,2
285,722,284,1,2
285,723,284,1,2
286,627,285,1,2
286,631,285,1,2
286,632,261,0,3
286,633,261,0,3
286,634,285,1,2
286,635,285,1,2
286,639,285,1,2
286,640,261,0,3
286,644,285,1,2
286,649,285,1,2
286,656,311,3,0
286,659,261,0,3
286,661,261,0,3
286,665,261,0,3
286,667,261,0,3
286,669,285,1,2
286,671,311,3,0
286,676,311,3,0
286,678,285,1,2
286,679,285,1,2
286,686,285,1,2
286,688,311,3,0
286,690,311,3,0
286,693,261,0,3
286,695,285,1,2
286,696,311,3,0
286,698,261,0,3
286,702,285,1,2
286,707,285,1,2
286,708,285,1,2
286,713,261,0,3
286,718,261,0,3
286,720,285,1,2
286,722,285,1,2
286,723,285,1,2
287,631,286,1,2
287,635,286,1,2
287,639,286,1,2
287,649,286,1,2
287,656,312,3,0
287,659,262,0,3
287,667,262,0,3
287,669,286,1,2
287,671,312,3,0
287,676,312,3,0
287,678,286,1,2
287,686,286,1,2
287,688,312,3,0
287,690,312,3,0
287,693,262,0,3
287,695,286,1,2
287,707,286,1,2
287,713,262,0,3
287,718,262,0,3
287,720,286,1,2
287,723,286,1,2
288,631,287,1,2
288,635,287,1,2
288,656,313,3,0
288,659,263,0,3
288,669,287,1,2
288,671,313,3,0
288,676,313,3,0
288,678,287,1,2
288,686,287,1,2
288,688,313,3,0
288,690,313,3,0
288,693,263,0,3
288,695,287,1,2
288,700,287,1,2
288,723,287,1,2
289,635,288,1,2
289,659,264,0,3
289,668,290,2,1
289,671,314,3,0
289,676,314,3,0
289,678,288,1,2
289,690,314,3,0
289,695,288,1,2
290,659,265,0,3
290,671,315,3,0
290,676,315,3,0
290,690,315,3,0
290,711,289,1,2
291,635,292,2,1
291,656,316,3,0
291,659,266,0,3
291,671,316,3,0
291,676,316,3,0
291,678,292,2,1
291,688,316,3,0
291,690,316,3,0
291,695,292,2,1
292,631,293,2,1
292,635,293,2,1
292,639,293,2,1
292,656,317,3,0
292,659,267,0,3
292,669,293,2,1
292,671,317,3,0
292,673,293,2,1
292,676,317,3,0
292,678,293,2,1
292,686,293,2,1
292,688,317,3,0
292,690,317,3,0
292,693,267,0,3
292,695,293,2,1
292,700,291,1,2
292,723,293,2,1
293,631,294,2,1
293,632,268,0,3
293,634,294,2,1
293,635,294,2,1
293,639,294,2,1
293,649,294,2,1
293,656,318,3,0
293,659,268,0,3
293,665,268,0,3
293,667,268,0,3
293,669,294,2,1
293,671,318,3,0
293,676,318,3,0
293,678,294,2,1
293,686,294,2,1
293,688,318,3,0
293,690,318,3,0
293,693,268,0,3
293,695,294,2,1
293,707,294,2,1
293,713,268,0,3
293,718,268,0,3
293,720,294,2,1
293,723,294,2,1
294,627,295,2,1
294,631,295,2,1
294,632,269,0,3
294,633,269,0,3
294,634,295,2,1
294,635,295,2,1
294,639,295,2,1
294,640,269,0,3
294,644,295,2,1
294,649,295,2,1
294,656,319,3,0
294,659,269,0,3
294,661,269,0,3
294,665,269,0,3
294,667,269,0,3
294,669,295,2,1
294,671,319,3,0
294,676,319,3,0
294,678,295,2,1
294,679,295,2,1
294,686,295,2,1
294,688,319,3,0
294,690,319,3,0
294,693,269,0,3
294,695,295,2,1
294,696,319,3,0
294,698,269,0,3
294,702,295,2,1
294,707,295,2,1
294,708,295,2,1
294,713,269,0,3
294,718,269,0,3
294,720,295,2,1
294,722,295,2,1
294,723,295,2,1
295,627,296,2,1
295,631,296,2,1
295,632,270,0,3
295,633,270,0,3
295,634,296,2,1
295,635,296,2,1
295,638,320,3,0
295,639,296,2,1
295,640,270,0,3
295,644,296,2,1
295,649,296,2,1
295,656,320,3,0
295,659,270,0,3
295,661,270,0,3
295,665,270,0,3
295,667,270,0,3
295,669,296,2,1
295,671,320,3,0
295,676,320,3,0
295,678,296,2,1
295,679,296,2,1
295,686,296,2,1
295,688,320,3,0
295,690,320,3,0
295,692,294,1,2
295,693,270,0,3
295,695,296,2,1
295,696,320,3,0
295,698,270,0,3
295,701,294,1,2
295,702,296,2,1
295,703,270,0,3
295,707,296,2,1
295,708,296,2,1
295,713,270,0,3
295,718,270,0,3
295,720,296,2,1
295,722,296,2,1
295,723,296,2,1
296,627,271,0,3
296,631,271,0,3
296,632,271,0,3
296,633,271,0,3
296,635,271,0,3
296,639,271,0,3
296,644,321,3,0
296,649,321,3,0
296,656,321,3,0
296,659,271,0,3
296,665,271,0,3
296,669,321,3,0
296,671,321,3,0
296,673,297,2,1
296,676,321,3,0
296,678,321,3,0
296,679,271,0,3
296,686,321,3,0
296,688,321,3,0
296,690,321,3,0
296,693,271,0,3
296,695,271,0,3
296,696,321,3,0
296,698,271,0,3
296,713,271,0,3
296,718,271,0,3
296,720,297,2,1
296,723,321,3,0
297,627,272,0,3
297,631,272,0,3
297,632,296,1,2
297,633,296,1,2
297,634,322,3,0
297,635,272,0,3
297,638,296,1,2
297,639,272,0,3
297,640,296,1,2
297,644,322,3,0
297,649,322,3,0
297,656,296,1,2
297,659,296,1,2
297,661,296,1,2
297,665,296,1,2
297,667,296,1,2
297,669,322,3,0
297,671,296,1,2
297,673,298,2,1
297,676,296,1,2
297,678,322,3,0
297,679,272,0,3
297,686,322,3,0
297,688,296,1,2
297,690,296,1,2
297,692,298,2,1
297,693,296,1,2
297,695,272,0,3
297,696,296,1,2
297,698,296,1,2
297,701,298,2,1
297,702,272,0,3
297,703,296,1,2
297,707,322,3,0
297,708,272,0,3
297,713,296,1,2
297,718,296,1,2
297,720,298,2,1
297,722,272,0,3
297,723,322,3,0
298,627,273,0,3
298,631,273,0,3
298,632,297,1,2
298,633,297,1,2
298,634,323,3,0
298,635,273,0,3
298,639,273,0,3
298,640,297,1,2
298,644,323,3,0
298,649,323,3,0
298,656,297,1,2
298,659,297,1,2
298,661,297,1,2
298,665,297,1,2
298,667,297,1,2
298,669,323,3,0
298,671,297,1,2
298,673,299,2,1
298,676,297,1,2
298,678,323,3,0
298,679,273,0,3
298,686,323,3,0
298,688,297,1,2
298,690,297,1,2
298,693,297,1,2
298,695,273,0,3
298,696,297,1,2
298,698,297,1,2
298,702,273,0,3
298,707,323,3,0
298,708,273,0,3
298,713,297,1,2
298,718,297,1,2
298,720,299,2,1
298,722,273,0,3
298,723,323,3,0
299,631,274,0,3
299,632,298,1,2
299,634,324,3,0
299,635,274,0,3
299,639,274,0,3
299,649,324,3,0
299,656,298,1,2
299,659,298,1,2
299,665,298,1,2
299,667,298,1,2
299,669,324,3,0
299,671,298,1,2
299,673,275,2,3
299,676,298,1,2
299,678,324,3,0
299,686,324,3,0
299,688,298,1,2
299,690,298,1,2
299,693,298,1,2
299,695,274,0,3
299,707,324,3,0
299,713,298,1,2
299,718,298,1,2
299,720,275,2,3
299,723,324,3,0
300,631,275,0,2
300,635,275,0,2
300,639,275,0,2
300,656,324,3,2
300,659,324,3,2
300,669,325,2,0
300,671,324,3,2
300,673,275,0,2
300,676,324,3,2
300,678,325,2,0
300,686,325,2,0
300,688,324,3,2
300,690,324,3,2
300,693,324,3,2
300,695,275,0,2
300,700,301,1,1
300,723,325,2,0
301,635,276,0,3
301,656,300,1,1
301,659,300,1,1
301,671,300,1,1
301,676,300,1,1
301,678,326,3,0
301,688,300,1,1
301,690,300,1,1
301,695,276,0,3
302,659,301,1,2
302,668,301,1,2
302,671,301,1,2
302,676,301,1,2
302,690,301,1,2
302,711,303,2,1
303,635,278,0,3
303,659,304,2,1
303,668,302,1,2
303,671,304,2,1
303,676,304,2,1
303,678,328,3,0
303,690,304,2,1
303,695,278,0,3
304,631,279,0,3
304,635,279,0,3
304,656,305,2,1
304,659,305,2,1
304,669,329,3,0
304,671,305,2,1
304,673,279,0,3
304,676,305,2,1
304,678,329,3,0
304,686,329,3,0
304,688,305,2,1
304,690,305,2,1
304,693,305,2,1
304,695,279,0,3
304,723,329,3,0
305,631,280,0,3
305,635,280,0,3
305,639,280,0,3
305,649,330,3,0
305,656,306,2,1
305,659,306,2,1
305,667,306,2,1
305,669,330,3,0
305,671,306,2,1
305,676,306,2,1
305,678,330,3,0
305,686,330,3,0
305,688,306,2,1
305,690,306,2,1
305,693,306,2,1
305,695,280,0,3
305,707,330,3,0
305,713,306,2,1
305,718,306,2,1
305,720,280,0,3
305,723,330,3,0
306,627,331,3,0
306,631,281,0,3
306,632,307,2,1
306,633,307,2,1
306,634,305,1,2
306,635,281,0,3
306,639,281,0,3
306,640,307,2,1
306,644,331,3,0
306,649,331,3,0
306,656,307,2,1
306,659,307,2,1
306,661,307,2,1
306,665,307,2,1
306,667,307,2,1
306,669,331,3,0
306,671,307,2,1
306,676,307,2,1
306,678,331,3,0
306,679,281,0,3
306,686,331,3,0
306,688,307,2,1
306,690,307,2,1
306,693,307,2,1
306,695,281,0,3
306,696,307,2,1
306,698,307,2,1
306,702,281,0,3
306,707,331,3,0
306,708,281,0,3
306,713,307,2,1
306,718,307,2,1
306,720,281,0,3
306,722,281,0,3
306,723,331,3,0
307,627,332,3,0
307,631,282,0,3
307,632,308,2,1
307,633,308,2,1
307,634,306,1,2
307,635,282,0,3
307,638,308,2,1
307,639,282,0,3
307,640,308,2,1
307,644,332,3,0
307,649,332,3,0
307,656,308,2,1
307,659,308,2,1
307,661,308,2,1
307,665,308,2,1
307,667,308,2,1
307,669,332,3,0
307,671,308,2,1
307,676,308,2,1
307,678,332,3,0
307,679,282,0,3
307,686,332,3,0
307,688,308,2,1
307,690,308,2,1
307,693,308,2,1
307,695,282,0,3
307,696,308,2,1
307,698,308,2,1
307,702,282,0,3
307,703,308,2,1
307,707,332,3,0
307,708,282,0,3
307,713,308,2,1
307,718,308,2,1
307,720,282,0,3
307,722,282,0,3
307,723,332,3,0
308,626,283,0,3
308,627,333,3,0
308,629,333,3,0
308,631,283,0,3
308,632,283,0,3
308,633,283,0,3
308,634,307,1,2
308,635,283,0,3
308,637,283,0,3
308,639,283,0,3
308,643,333,3,0
308,644,333,3,0
308,646,283,0,3
308,647,333,3,0
308,649,333,3,0
308,650,333,3,0
308,651,333,3,0
308,652,283,0,3
308,653,333,3,0
308,654,283,0,3
308,655,283,0,3
308,656,333,3,0
308,657,333,3,0
308,659,283,0,3
308,660,333,3,0
308,663,333,3,0
308,665,283,0,3
308,666,283,0,3
308,669,333,3,0
308,671,333,3,0
308,676,333,3,0
308,677,283,0,3
308,678,333,3,0
308,679,283,0,3
308,681,333,3,0
308,682,283,0,3
308,683,283,0,3
308,686,333,3,0
308,687,333,3,0
308,688,333,3,0
308,690,333,3,0
308,692,283,0,3
308,693,283,0,3
308,694,283,0,3
308,695,283,0,3
308,697,283,0,3
308,698,283,0,3
308,700,333,3,0
308,701,283,0,3
308,702,283,0,3
308,705,283,0,3
308,706,283,0,3
308,707,333,3,0
308,708,283,0,3
308,709,283,0,3
308,710,333,3,0
308,711,333,3,0
308,715,283,0,3
308,716,283,0,3
308,718,283,0,3
308,719,333,3,0
308,720,283,0,3
308,721,283,0,3
308,722,283,0,3
308,723,333,3,0
309,625,308,1,2
309,627,308,1,2
309,628,308,1,2
309,630,308,1,2
309,631,308,1,2
309,632,284,0,3
309,633,284,0,3
309,634,308,1,2
309,635,308,1,2
309,636,308,1,2
309,639,308,1,2
309,641,308,1,2
309,642,308,1,2
309,644,308,1,2
309,645,308,1,2
309,648,308,1,2
309,649,308,1,2
309,655,308,1,2
309,656,334,3,0
309,658,308,1,2
309,659,284,0,3
309,662,308,1,2
309,665,284,0,3
309,668,308,1,2
309,669,308,1,2
309,670,308,1,2
309,671,334,3,0
309,673,308,1,2
309,674,308,1,2
309,675,308,1,2
309,676,334,3,0
309,678,308,1,2
309,679,308,1,2
309,680,308,1,2
309,684,308,1,2
309,685,308,1,2
309,686,308,1,2
309,688,334,3,0
309,689,308,1,2
309,690,334,3,0
309,691,308,1,2
309,692,308,1,2
309,693,284,0,3
309,695,308,1,2
309,698,284,0,3
309,699,308,1,2
309,701,308,1,2
309,702,308,1,2
309,704,308,1,2
309,706,308,1,2
309,707,308,1,2
309,708,308,1,2
309,712,308,1,2
309,714,308,1,2
309,717,308,1,2
309,718,284,0,3
309,720,308,1,2
309,721,308,1,2
309,722,308,1,2
309,723,308,1,2
309,724,308,1,2
310,627,309,1,2
310,631,309,1,2
310,632,285,0,3
310,633,285,0,3
310,634,309,1,2
310,635,309,1,2
310,638,335,3,0
310,639,309,1,2
310,640,285,0,3
310,644,309,1,2
310,649,309,1,2
310,656,335,3,0
310,659,285,0,3
310,661,285,0,3
310,665,285,0,3
310,667,285,0,3
310,669,309,1,2
310,671,335,3,0
310,676,335,3,0
310,678,309,1,2
310,679,309,1,2
310,686,309,1,2
310,688,335,3,0
310,690,335,3,0
310,692,309,1,2
310,693,285,0,3
310,695,309,1,2
310,696,335,3,0
310,698,285,0,3
310,701,309,1,2
310,702,309,1,2
310,703,285,0,3
310,707,309,1,2
310,708,309,1,2
310,713,285,0,3
310,718,285,0,3
310,720,309,1,2
310,722,309,1,2
310,723,309,1,2
311,627,310,1,2
311,631,310,1,2
311,632,286,0,3
311,633,286,0,3
311,634,310,1,2
311,635,310,1,2
311,639,310,1,2
311,640,286,0,3
311,644,310,1,2
311,649,310,1,2
311,656,336,3,0
311,659,286,0,3
311,661,286,0,3
311,665,286,0,3
311,667,286,0,3
311,669,310,1,2
311,671,336,3,0
311,676,336,3,0
311,678,310,1,2
311,679,310,1,2
311,686,310,1,2
311,688,336,3,0
311,690,336,3,0
311,693,286,0,3
311,695,310,1,2
311,696,336,3,0
311,698,286,0,3
311,702,310,1,2
311,707,310,1,2
311,708,310,1,2
311,713,286,0,3
311,718,286,0,3
311,720,310,1,2
311,722,310,1,2
311,723,310,1,2
312,631,311,1,2
312,635,311,1,2
312,639,311,1,2
312,649,311,1,2
312,656,337,3,0
312,659,287,0,3
312,667,287,0,3
312,669,311,1,2
312,671,337,3,0
312,676,337,3,0
312,678,311,1,2
312,686,311,1,2
312,688,337,3,0
312,690,337,3,0
312,693,287,0,3
312,695,311,1,2
312,707,311,1,2
312,713,287,0,3
312,718,287,0,3
312,720,311,1,2
312,723,311,1,2
313,631,312,1,2
313,635,312,1,2
313,656,338,3,0
313,659,288,0,3
313,669,312,1,2
313,671,338,3,0
313,676,338,3,0
313,678,312,1,2
313,686,312,1,2
313,688,338,3,0
313,690,338,3,0
313,693,288,0,3
313,695,312,1,2
313,700,312,1,2
313,723,312,1,2
314,635,313,1,2
314,659,289,0,3
314,668,315,2,1
314,671,339,3,0
314,676,339,3,0
314,678,313,1,2
314,690,339,3,0
314,695,313,1,2
315,659,290,0,3
315,671,340,3,0
315,676,340,3,0
315,690,340,3,0
315,711,314,1,2
316,635,317,2,1
316,656,341,3,0
316,659,291,0,3
316,671,341,3,0
316,676,341,3,0
316,678,317,2,1
316,688,341,3,0
316,690,341,3,0
316,695,317,2,1
317,631,318,2,1
317,635,318,2,1
317,639,318,2,1
317,656,342,3,0
317,659,292,0,3
317,669,318,2,1
317,671,342,3,0
317,673,318,2,1
317,676,342,3,0
317,678,318,2,1
317,686,318,2,1
317,688,342,3,0
317,690,342,3,0
317,693,292,0,3
317,695,318,2,1
317,700,316,1,2
317,723,318,2,1
318,631,319,2,1
318,632,293,0,3
318,634,319,2,1
318,635,319,2,1
318,639,319,2,1
318,649,319,2,1
318,656,343,3,0
318,659,293,0,3
318,665,293,0,3
318,667,293,0,3
318,669,319,2,1
318,671,343,3,0
318,676,343,3,0
318,678,319,2,1
318,686,319,2,1
318,688,343,3,0
318,690,343,3,0
318,693,293,0,3
318,695,319,2,1
318,707,319,2,1
318,713,293,0,3
318,718,293,0,3
318,720,319,2,1
318,723,319,2,1
319,627,320,2,1
319,631,320,2,1
319,632,294,0,3
319,633,294,0,3
319,634,320,2,1
319,635,320,2,1
319,639,320,2,1
319,640,294,0,3
319,644,320,2,1
319,649,320,2,1
319,656,344,3,0
319,659,294,0,3
319,661,294,0,3
319,665,294,0,3
319,667,294,0,3
319,669,320,2,1
319,671,344,3,0
319,676,344,3,0
319,678,320,2,1
319,679,320,2,1
319,686,320,2,1
319,688,344,3,0
319,690,344,3,0
319,693,294,0,3
319,695,320,2,1
319,696,344,3,0
319,698,294,0,3
319,702,320,2,1
319,707,320,2,1
319,708,320,2,1
319,713,294,0,3
319,718,294,0,3
319,720,320,2,1
319,722,320,2,1
319,723,320,2,1
320,627,321,2,1
320,631,321,2,1
320,632,295,0,3
320,633,295,0,3
320,634,321,2,1
320,635,321,2,1
320,638,345,3,0
320,639,321,2,1
320,640,295,0,3
320,644,321,2,1
320,649,321,2,1
320,656,345,3,0
320,659,295,0,3
320,661,295,0,3
320,665,295,0,3
320,667,295,0,3
320,669,321,2,1
320,671,345,3,0
320,676,345,3,0
320,678,321,2,1
320,679,321,2,1
320,686,321,2,1
320,688,345,3,0
320,690,345,3,0
320,692,319,1,2
320,693,295,0,3
320,695,321,2,1
320,696,345,3,0
320,698,295,0,3
320,701,319,1,2
320,702,321,2,1
320,703,295,0,3
320,707,321,2,1
320,708,321,2,1
320,713,295,0,3
320,718,295,0,3
320,720,321,2,1
320,722,321,2,1
320,723,321,2,1
321,631,296,0,3
321,632,296,0,3
321,633,296,0,3
321,634,322,2,1
321,635,296,0,3
321,639,296,0,3
321,644,346,3,0
321,649,346,3,0
321,656,346,3,0
321,659,296,0,3
321,665,296,0,3
321,669,346,3,0
321,671,346,3,0
321,676,346,3,0
321,678,346,3,0
321,679,296,0,3
321,686,346,3,0
321,688,346,3,0
321,690,346,3,0
321,693,296,0,3
321,695,296,0,3
321,698,296,0,3
321,718,296,0,3
321,723,346,3,0
322,627,347,3,0
322,631,297,0,3
322,632,321,1,2
322,633,321,1,2
322,634,323,2,1
322,635,297,0,3
322,638,321,1,2
322,639,297,0,3
322,640,321,1,2
322,644,347,3,0
322,649,347,3,0
322,656,321,1,2
322,659,321,1,2
322,661,321,1,2
322,665,321,1,2
322,667,321,1,2
322,669,347,3,0
322,671,321,1,2
322,676,321,1,2
322,678,347,3,0
322,679,297,0,3
322,686,347,3,0
322,688,321,1,2
322,690,321,1,2
322,692,323,2,1
322,693,321,1,2
322,695,297,0,3
322,696,321,1,2
322,698,321,1,2
322,701,323,2,1
322,702,297,0,3
322,703,321,1,2
322,707,347,3,0
322,708,297,0,3
322,713,321,1,2
322,718,321,1,2
322,720,297,0,3
322,722,297,0,3
322,723,347,3,0
323,627,348,3,0
323,631,298,0,3
323,632,322,1,2
323,633,322,1,2
323,634,324,2,1
323,635,298,0,3
323,639,298,0,3
323,640,322,1,2
323,644,348,3,0
323,649,348,3,0
323,656,322,1,2
323,659,322,1,2
323,661,322,1,2
323,665,322,1,2
323,667,322,1,2
323,669,348,3,0
323,671,322,1,2
323,676,322,1,2
323,678,348,3,0
323,679,298,0,3
323,686,348,3,0
323,688,322,1,2
323,690,322,1,2
323,693,322,1,2
323,695,298,0,3
323,696,322,1,2
323,698,322,1,2
323,702,298,0,3
323,707,348,3,0
323,708,298,0,3
323,713,322,1,2
323,718,322,1,2
323,720,298,0,3
323,722,298,0,3
323,723,348,3,0
324,631,299,0,3
324,632,323,1,2
324,634,634,13,0
324,635,299,0,3
324,639,299,0,3
324,649,349,3,0
324,656,323,1,2
324,659,323,1,2
324,665,323,1,2
324,667,323,1,2
324,669,349,3,0
324,671,323,1,2
324,676,323,1,2
324,678,349,3,0
324,686,349,3,0
324,688,323,1,2
324,690,323,1,2
324,693,323,1,2
324,695,299,0,3
324,707,349,3,0
324,713,323,1,2
324,718,323,1,2
324,720,299,0,3
324,723,349,3,0
325,631,350,2,0
325,635,300,0,2
325,639,300,0,2
325,656,349,3,2
325,659,349,3,2
325,669,326,1,1
325,671,349,3,2
325,673,300,0,2
325,676,349,3,2
325,678,350,2,0
325,686,350,2,0
325,688,349,3,2
325,690,349,3,2
325,693,349,3,2
325,695,300,0,2
325,700,326,1,1
325,723,350,2,0
326,635,301,0,3
326,656,325,1,1
326,659,325,1,1
326,671,325,1,1
326,676,325,1,1
326,678,351,3,0
326,688,325,1,1
326,690,325,1,1
326,695,301,0,3
327,659,326,1,2
327,668,326,1,2
327,671,326,1,2
327,676,326,1,2
327,690,326,1,2
327,711,328,2,1
328,635,303,0,3
328,659,329,2,1
328,668,327,1,2
328,671,329,2,1
328,676,329,2,1
328,678,353,3,0
328,690,329,2,1
328,695,303,0,3
329,631,354,3,0
329,635,304,0,3
329,656,330,2,1
329,659,330,2,1
329,669,669,48,0
329,671,330,2,1
329,673,304,0,3
329,676,330,2,1
329,678,354,3,0
329,686,354,3,0
329,688,330,2,1
329,690,330,2,1
329,693,330,2,1
329,695,304,0,3
329,723,354,3,0
330,631,355,3,0
330,635,305,0,3
330,639,305,0,3
330,649,355,3,0
330,656,331,2,1
330,659,331,2,1
330,667,331,2,1
330,669,329,1,2
330,671,331,2,1
330,676,331,2,1
330,678,355,3,0
330,686,355,3,0
330,688,331,2,1
330,690,331,2,1
330,693,331,2,1
330,695,305,0,3
330,707,355,3,0
330,713,331,2,1
330,718,331,2,1
330,720,305,0,3
330,723,355,3,0
331,627,356,3,0
331,631,356,3,0
331,632,332,2,1
331,633,332,2,1
331,634,306,0,3
331,635,306,0,3
331,639,306,0,3
331,640,332,2,1
331,644,356,3,0
331,649,356,3,0
331,656,332,2,1
331,659,332,2,1
331,661,332,2,1
331,665,332,2,1
331,667,332,2,1
331,669,330,1,2
331,671,332,2,1
331,676,332,2,1
331,678,356,3,0
331,679,356,3,0
331,686,356,3,0
331,688,332,2,1
331,690,332,2,1
331,693,332,2,1
331,695,306,0,3
331,696,332,2,1
331,698,332,2,1
331,702,306,0,3
331,707,356,3,0
331,708,306,0,3
331,713,332,2,1
331,718,332,2,1
331,720,306,0,3
331,722,306,0,3
331,723,356,3,0
332,627,357,3,0
332,631,357,3,0
332,632,333,2,1
332,633,333,2,1
332,634,307,0,3
332,635,307,0,3
332,638,333,2,1
332,639,307,0,3
332,640,333,2,1
332,644,357,3,0
332,649,357,3,0
332,656,333,2,1
332,659,333,2,1
332,661,333,2,1
332,665,333,2,1
332,667,333,2,1
332,669,331,1,2
332,671,333,2,1
332,676,333,2,1
332,678,357,3,0
332,679,357,3,0
332,686,357,3,0
332,688,333,2,1
332,690,333,2,1
332,693,333,2,1
332,695,307,0,3
332,696,333,2,1
332,698,333,2,1
332,702,307,0,3
332,703,333,2,1
332,707,357,3,0
332,708,307,0,3
332,713,333,2,1
332,718,333,2,1
332,720,307,0,3
332,722,307,0,3
332,723,357,3,0
333,626,308,0,3
333,627,358,3,0
333,631,358,3,0
333,632,308,0,3
333,633,308,0,3
333,634,308,0,3
333,635,308,0,3
333,637,308,0,3
333,639,308,0,3
333,640,358,3,0
333,643,358,3,0
333,644,358,3,0
333,646,308,0,3
333,647,358,3,0
333,649,358,3,0
333,650,358,3,0
333,651,358,3,0
333,652,308,0,3
333,653,358,3,0
333,654,308,0,3
333,655,308,0,3
333,656,358,3,0
333,657,358,3,0
333,659,308,0,3
333,660,358,3,0
333,663,358,3,0
333,665,308,0,3
333,666,308,0,3
333,667,358,3,0
333,669,332,1,2
333,671,358,3,0
333,676,358,3,0
333,677,308,0,3
333,678,358,3,0
333,679,358,3,0
333,681,358,3,0
333,682,308,0,3
333,683,308,0,3
333,686,358,3,0
333,687,358,3,0
333,688,358,3,0
333,690,358,3,0
333,692,308,0,3
333,693,308,0,3
333,694,308,0,3
333,695,308,0,3
333,697,308,0,3
333,698,308,0,3
333,700,358,3,0
333,701,308,0,3
333,702,308,0,3
333,703,358,3,0
333,705,358,3,0
333,706,308,0,3
333,707,358,3,0
333,708,308,0,3
333,709,308,0,3
333,710,358,3,0
333,711,358,3,0
333,715,308,0,3
333,716,308,0,3
333,719,358,3,0
333,720,308,0,3
333,721,308,0,3
333,722,308,0,3
333,723,358,3,0
334,625,333,1,2
334,627,333,1,2
334,628,333,1,2
334,630,333,1,2
334,631,333,1,2
334,632,309,0,3
334,633,309,0,3
334,634,333,1,2
334,635,333,1,2
334,636,333,1,2
334,639,333,1,2
334,640,359,3,0
334,641,333,1,2
334,642,333,1,2
334,644,333,1,2
334,648,333,1,2
334,649,333,1,2
334,655,333,1,2
334,656,359,3,0
334,658,333,1,2
334,659,309,0,3
334,662,333,1,2
334,665,309,0,3
334,667,359,3,0
334,668,333,1,2
334,669,333,1,2
334,670,333,1,2
334,671,359,3,0
334,673,333,1,2
334,674,333,1,2
334,675,333,1,2
334,676,359,3,0
334,678,333,1,2
334,679,333,1,2
334,680,333,1,2
334,684,333,1,2
334,686,333,1,2
334,688,359,3,0
334,689,333,1,2
334,690,359,3,0
334,691,333,1,2
334,692,333,1,2
334,693,309,0,3
334,695,333,1,2
334,698,309,0,3
334,699,333,1,2
334,701,333,1,2
334,702,333,1,2
334,703,359,3,0
334,704,333,1,2
334,706,333,1,2
334,707,333,1,2
334,708,333,1,2
334,712,333,1,2
334,714,333,1,2
334,717,333,1,2
334,720,333,1,2
334,721,333,1,2
334,722,333,1,2
334,723,333,1,2
334,724,333,1,2
335,627,334,1,2
335,631,334,1,2
335,632,310,0,3
335,633,310,0,3
335,634,334,1,2
335,635,334,1,2
335,638,360,3,0
335,639,334,1,2
335,640,360,3,0
335,644,334,1,2
335,649,334,1,2
335,656,360,3,0
335,659,310,0,3
335,661,310,0,3
335,665,310,0,3
335,667,360,3,0
335,669,334,1,2
335,671,360,3,0
335,676,360,3,0
335,678,334,1,2
335,679,334,1,2
335,686,334,1,2
335,688,360,3,0
335,690,360,3,0
335,692,334,1,2
335,693,310,0,3
335,695,334,1,2
335,696,360,3,0
335,698,310,0,3
335,701,334,1,2
335,702,334,1,2
335,703,360,3,0
335,707,334,1,2
335,708,334,1,2
335,713,310,0,3
335,718,310,0,3
335,720,334,1,2
335,722,334,1,2
335,723,334,1,2
336,627,335,1,2
336,631,335,1,2
336,632,311,0,3
336,633,311,0,3
336,634,335,1,2
336,635,335,1,2
336,639,335,1,2
336,640,361,3,0
336,644,335,1,2
336,649,335,1,2
336,656,361,3,0
336,659,311,0,3
336,661,311,0,3
336,665,311,0,3
336,667,361,3,0
336,669,335,1,2
336,671,361,3,0
336,676,361,3,0
336,678,335,1,2
336,679,335,1,2
336,686,335,1,2
336,688,361,3,0
336,690,361,3,0
336,693,311,0,3
336,695,335,1,2
336,696,361,3,0
336,698,311,0,3
336,702,335,1,2
336,707,335,1,2
336,708,335,1,2
336,713,311,0,3
336,718,311,0,3
336,720,335,1,2
336,722,335,1,2
336,723,335,1,2
337,631,336,1,2
337,635,336,1,2
337,639,336,1,2
337,649,336,1,2
337,656,362,3,0
337,659,312,0,3
337,667,362,3,0
337,669,336,1,2
337,671,362,3,0
337,676,362,3,0
337,678,336,1,2
337,686,336,1,2
337,688,362,3,0
337,690,362,3,0
337,693,312,0,3
337,695,336,1,2
337,707,336,1,2
337,713,312,0,3
337,718,312,0,3
337,720,336,1,2
337,723,336,1,2
338,631,337,1,2
338,635,337,1,2
338,656,363,3,0
338,659,313,0,3
338,669,337,1,2
338,671,363,3,0
338,676,363,3,0
338,678,337,1,2
338,686,337,1,2
338,688,363,3,0
338,690,363,3,0
338,693,313,0,3
338,695,337,1,2
338,700,337,1,2
338,723,337,1,2
339,635,338,1,2
339,659,314,0,3
339,668,340,2,1
339,671,364,3,0
339,676,364,3,0
339,678,338,1,2
339,690,364,3,0
339,695,338,1,2
340,659,315,0,3
340,671,365,3,0
340,676,365,3,0
340,690,365,3,0
340,711,339,1,2
341,635,342,2,1
341,656,366,3,0
341,659,316,0,3
341,671,366,3,0
341,676,366,3,0
341,678,342,2,1
341,688,366,3,0
341,690,366,3,0
341,695,342,2,1
342,631,343,2,1
342,635,343,2,1
342,639,343,2,1
342,656,367,3,0
342,659,317,0,3
342,669,343,2,1
342,671,367,3,0
342,673,343,2,1
342,676,367,3,0
342,678,343,2,1
342,686,343,2,1
342,688,367,3,0
342,690,367,3,0
342,693,317,0,3
342,695,343,2,1
342,700,341,1,2
342,723,343,2,1
343,631,344,2,1
343,632,318,0,3
343,634,344,2,1
343,635,344,2,1
343,639,344,2,1
343,649,344,2,1
343,656,368,3,0
343,659,318,0,3
343,665,318,0,3
343,667,368,3,0
343,669,344,2,1
343,671,368,3,0
343,676,368,3,0
343,678,344,2,1
343,686,344,2,1
343,688,368,3,0
343,690,368,3,0
343,693,318,0,3
343,695,344,2,1
343,707,344,2,1
343,713,318,0,3
343,718,318,0,3
343,720,344,2,1
343,723,344,2,1
344,627,345,2,1
344,631,345,2,1
344,632,319,0,3
344,633,319,0,3
344,634,345,2,1
344,635,345,2,1
344,639,345,2,1
344,640,369,3,0
344,644,345,2,1
344,649,345,2,1
344,656,369,3,0
344,659,319,0,3
344,661,319,0,3
344,665,319,0,3
344,667,369,3,0
344,669,345,2,1
344,671,369,3,0
344,676,369,3,0
344,678,345,2,1
344,679,345,2,1
344,686,345,2,1
344,688,369,3,0
344,690,369,3,0
344,693,319,0,3
344,695,345,2,1
344,696,369,3,0
344,698,319,0,3
344,702,345,2,1
344,707,345,2,1
344,708,345,2,1
344,713,319,0,3
344,718,319,0,3
344,720,345,2,1
344,722,345,2,1
344,723,345,2,1
345,627,346,2,1
345,631,346,2,1
345,632,320,0,3
345,633,320,0,3
345,634,346,2,1
345,635,346,2,1
345,638,370,3,0
345,639,346,2,1
345,640,370,3,0
345,644,346,2,1
345,649,346,2,1
345,656,370,3,0
345,659,320,0,3
345,661,320,0,3
345,665,320,0,3
345,667,370,3,0
345,669,346,2,1
345,671,370,3,0
345,676,370,3,0
345,678,346,2,1
345,679,346,2,1
345,686,346,2,1
345,688,370,3,0
345,690,370,3,0
345,692,344,1,2
345,693,320,0,3
345,695,346,2,1
345,696,370,3,0
345,698,320,0,3
345,701,344,1,2
345,702,346,2,1
345,703,370,3,0
345,707,346,2,1
345,708,346,2,1
345,713,320,0,3
345,718,320,0,3
345,720,346,2,1
345,722,346,2,1
345,723,346,2,1
346,632,321,0,3
346,633,321,0,3
346,634,321,0,3
346,635,321,0,3
346,639,321,0,3
346,640,371,3,0
346,644,371,3,0
346,649,371,3,0
346,656,371,3,0
346,659,321,0,3
346,665,321,0,3
346,667,371,3,0
346,669,347,2,1
346,671,371,3,0
346,676,371,3,0
346,678,371,3,0
346,686,371,3,0
346,688,371,3,0
346,690,371,3,0
346,693,321,0,3
346,695,321,0,3
346,698,321,0,3
346,701,321,0,3
346,703,371,3,0
346,708,321,0,3
346,723,371,3,0
347,627,372,3,0
347,631,372,3,0
347,632,346,1,2
347,633,346,1,2
347,634,322,0,3
347,635,322,0,3
347,638,346,1,2
347,639,322,0,3
347,640,346,1,2
347,644,372,3,0
347,649,372,3,0
347,656,346,1,2
347,659,346,1,2
347,661,346,1,2
347,665,346,1,2
347,667,346,1,2
347,669,348,2,1
347,671,346,1,2
347,676,346,1,2
347,678,372,3,0
347,679,372,3,0
347,686,372,3,0
347,688,346,1,2
347,690,346,1,2
347,692,348,2,1
347,693,346,1,2
347,695,322,0,3
347,696,346,1,2
347,698,346,1,2
347,701,348,2,1
347,702,322,0,3
347,703,346,1,2
347,707,372,3,0
347,708,322,0,3
347,713,346,1,2
347,718,346,1,2
347,720,322,0,3
347,722,322,0,3
347,723,372,3,0
348,627,373,3,0
348,631,373,3,0
348,632,347,1,2
348,633,347,1,2
348,634,323,0,3
348,635,323,0,3
348,639,323,0,3
348,640,347,1,2
348,644,373,3,0
348,649,373,3,0
348,656,347,1,2
348,659,347,1,2
348,661,347,1,2
348,665,347,1,2
348,667,347,1,2
348,669,349,2,1
348,671,347,1,2
348,676,347,1,2
348,678,373,3,0
348,679,373,3,0
348,686,373,3,0
348,688,347,1,2
348,690,347,1,2
348,693,347,1,2
348,695,323,0,3
348,696,347,1,2
348,698,347,1,2
348,702,323,0,3
348,707,373,3,0
348,708,323,0,3
348,713,347,1,2
348,718,347,1,2
348,720,323,0,3
348,722,323,0,3
348,723,373,3,0
349,631,374,3,0
349,632,348,1,2
349,634,324,0,3
349,635,324,0,3
349,639,324,0,3
349,649,374,3,0
349,656,348,1,2
349,659,348,1,2
349,665,348,1,2
349,667,348,1,2
349,669,325,2,3
349,671,348,1,2
349,676,348,1,2
349,678,374,3,0
349,686,374,3,0
349,688,348,1,2
349,690,348,1,2
349,693,348,1,2
349,695,324,0,3
349,707,374,3,0
349,713,348,1,2
349,718,348,1,2
349,720,324,0,3
349,723,374,3,0
350,631,375,2,0
350,635,325,0,2
350,639,325,0,2
350,656,374,3,2
350,659,374,3,2
350,669,325,0,2
350,671,374,3,2
350,673,325,0,2
350,676,374,3,2
350,678,375,2,0
350,686,375,2,0
350,688,374,3,2
350,690,374,3,2
350,693,374,3,2
350,695,325,0,2
350,700,351,1,1
350,723,375,2,0
351,635,326,0,3
351,656,350,1,1
351,659,350,1,1
351,671,350,1,1
351,676,350,1,1
351,678,376,3,0
351,688,350,1,1
351,690,350,1,1
351,695,326,0,3
352,659,351,1,2
352,668,351,1,2
352,671,351,1,2
352,676,351,1,2
352,690,351,1,2
352,711,353,2,1
353,635,328,0,3
353,659,354,2,1
353,668,352,1,2
353,671,354,2,1
353,676,354,2,1
353,678,378,3,0
353,690,354,2,1
353,695,328,0,3
354,631,379,3,0
354,635,329,0,3
354,656,355,2,1
354,659,355,2,1
354,669,329,0,3
354,671,355,2,1
354,673,329,0,3
354,676,355,2,1
354,678,379,3,0
354,686,379,3,0
354,688,355,2,1
354,690,355,2,1
354,693,355,2,1
354,695,329,0,3
354,723,379,3,0
355,631,380,3,0
355,635,330,0,3
355,639,330,0,3
355,649,649,28,0
355,656,356,2,1
355,659,356,2,1
355,667,356,2,1
355,669,330,0,3
355,671,356,2,1
355,676,356,2,1
355,678,380,3,0
355,686,380,3,0
355,688,356,2,1
355,690,356,2,1
355,693,356,2,1
355,695,330,0,3
355,707,380,3,0
355,713,356,2,1
355,718,356,2,1
355,720,330,0,3
355,723,380,3,0
356,627,381,3,0
356,631,381,3,0
356,632,357,2,1
356,633,357,2,1
356,634,331,0,3
356,635,331,0,3
356,639,331,0,3
356,640,357,2,1
356,644,381,3,0
356,649,355,1,2
356,656,357,2,1
356,659,357,2,1
356,661,357,2,1
356,665,357,2,1
356,667,357,2,1
356,669,331,0,3
356,671,357,2,1
356,676,357,2,1
356,678,381,3,0
356,679,381,3,0
356,686,381,3,0
356,688,357,2,1
356,690,357,2,1
356,693,357,2,1
356,695,331,0,3
356,696,357,2,1
356,698,357,2,1
356,702,331,0,3
356,707,381,3,0
356,708,331,0,3
356,713,357,2,1
356,718,357,2,1
356,720,331,0,3
356,722,331,0,3
356,723,381,3,0
357,627,382,3,0
357,631,382,3,0
357,632,358,2,1
357,633,358,2,1
357,634,332,0,3
357,635,332,0,3
357,638,358,2,1
357,639,332,0,3
357,640,358,2,1
357,644,382,3,0
357,649,356,1,2
357,656,358,2,1
357,659,358,2,1
357,661,358,2,1
357,665,358,2,1
357,667,358,2,1
357,669,332,0,3
357,671,358,2,1
357,676,358,2,1
357,678,382,3,0
357,679,382,3,0
357,686,382,3,0
357,688,358,2,1
357,690,358,2,1
357,693,358,2,1
357,695,332,0,3
357,696,358,2,1
357,698,358,2,1
357,702,332,0,3
357,703,358,2,1
357,707,382,3,0
357,708,332,0,3
357,713,358,2,1
357,718,358,2,1
357,720,332,0,3
357,722,332,0,3
357,723,382,3,0
358,626,333,0,3
358,627,383,3,0
358,629,333,0,3
358,631,383,3,0
358,632,333,0,3
358,633,333,0,3
358,634,333,0,3
358,635,333,0,3
358,637,333,0,3
358,639,333,0,3
358,640,383,3,0
358,643,383,3,0
358,644,383,3,0
358,646,383,3,0
358,647,383,3,0
358,649,357,1,2
358,650,383,3,0
358,651,383,3,0
358,652,333,0,3
358,653,383,3,0
358,654,383,3,0
358,655,333,0,3
358,656,383,3,0
358,657,383,3,0
358,659,333,0,3
358,660,383,3,0
358,661,383,3,0
358,663,383,3,0
358,665,333,0,3
358,666,333,0,3
358,667,383,3,0
358,669,333,0,3
358,671,383,3,0
358,676,383,3,0
358,677,333,0,3
358,678,383,3,0
358,679,383,3,0
358,681,383,3,0
358,682,383,3,0
358,683,333,0,3
358,686,383,3,0
358,688,383,3,0
358,690,383,3,0
358,692,333,0,3
358,694,333,0,3
358,695,333,0,3
358,697,333,0,3
358,698,333,0,3
358,700,383,3,0
358,701,333,0,3
358,702,333,0,3
358,703,383,3,0
358,705,383,3,0
358,706,333,0,3
358,707,383,3,0
358,708,333,0,3
358,709,333,0,3
358,710,383,3,0
358,711,383,3,0
358,715,333,0,3
358,716,333,0,3
358,719,383,3,0
358,720,333,0,3
358,721,333,0,3
358,722,333,0,3
358,723,383,3,0
359,625,358,1,2
359,627,358,1,2
359,628,358,1,2
359,630,358,1,2
359,631,358,1,2
359,632,334,0,3
359,633,334,0,3
359,634,358,1,2
359,635,358,1,2
359,636,358,1,2
359,639,358,1,2
359,640,384,3,0
359,641,358,1,2
359,642,358,1,2
359,644,358,1,2
359,645,358,1,2
359,648,358,1,2
359,649,358,1,2
359,655,358,1,2
359,656,384,3,0
359,658,358,1,2
359,659,334,0,3
359,661,384,3,0
359,662,358,1,2
359,665,334,0,3
359,667,384,3,0
359,668,358,1,2
359,669,358,1,2
359,670,358,1,2
359,671,384,3,0
359,673,358,1,2
359,674,358,1,2
359,675,358,1,2
359,676,384,3,0
359,678,358,1,2
359,679,358,1,2
359,680,358,1,2
359,684,358,1,2
359,685,358,1,2
359,686,358,1,2
359,688,384,3,0
359,689,358,1,2
359,690,384,3,0
359,691,358,1,2
359,692,358,1,2
359,695,358,1,2
359,698,334,0,3
359,699,358,1,2
359,701,358,1,2
359,702,358,1,2
359,703,384,3,0
359,704,358,1,2
359,706,358,1,2
359,707,358,1,2
359,708,358,1,2
359,712,358,1,2
359,714,358,1,2
359,717,358,1,2
359,720,358,1,2
359,721,358,1,2
359,722,358,1,2
359,723,358,1,2
360,627,359,1,2
360,631,359,1,2
360,632,335,0,3
360,633,335,0,3
360,634,359,1,2
360,635,359,1,2
360,638,385,3,0
360,639,359,1,2
360,640,385,3,0
360,644,359,1,2
360,649,359,1,2
360,656,385,3,0
360,659,335,0,3
360,661,385,3,0
360,665,335,0,3
360,667,385,3,0
360,669,359,1,2
360,671,385,3,0
360,676,385,3,0
360,678,359,1,2
360,679,359,1,2
360,686,359,1,2
360,688,385,3,0
360,690,385,3,0
360,692,359,1,2
360,693,335,0,3
360,695,359,1,2
360,696,385,3,0
360,698,335,0,3
360,701,359,1,2
360,702,359,1,2
360,703,385,3,0
360,707,359,1,2
360,708,359,1,2
360,713,335,0,3
360,718,335,0,3
360,720,359,1,2
360,722,359,1,2
360,723,359,1,2
361,627,360,1,2
361,631,360,1,2
361,632,336,0,3
361,633,336,0,3
361,634,360,1,2
361,635,360,1,2
361,639,360,1,2
361,640,386,3,0
361,644,360,1,2
361,649,360,1,2
361,656,386,3,0
361,659,336,0,3
361,661,386,3,0
361,665,336,0,3
361,667,386,3,0
361,669,360,1,2
361,671,386,3,0
361,676,386,3,0
361,678,360,1,2
361,679,360,1,2
361,686,360,1,2
361,688,386,3,0
361,690,386,3,0
361,693,336,0,3
361,695,360,1,2
361,696,386,3,0
361,698,336,0,3
361,702,360,1,2
361,707,360,1,2
361,708,360,1,2
361,713,336,0,3
361,718,336,0,3
361,720,360,1,2
361,722,360,1,2
361,723,360,1,2
362,631,361,1,2
362,635,361,1,2
362,639,361,1,2
362,649,361,1,2
362,656,387,3,0
362,659,337,0,3
362,667,387,3,0
362,669,361,1,2
362,671,387,3,0
362,676,387,3,0
362,678,361,1,2
362,686,361,1,2
362,688,387,3,0
362,690,387,3,0
362,693,337,0,3
362,695,361,1,2
362,707,361,1,2
362,713,337,0,3
362,718,337,0,3
362,720,361,1,2
362,723,361,1,2
363,631,362,1,2
363,635,362,1,2
363,656,388,3,0
363,659,338,0,3
363,669,362,1,2
363,671,388,3,0
363,676,388,3,0
363,678,362,1,2
363,686,362,1,2
363,688,388,3,0
363,690,388,3,0
363,693,338,0,3
363,695,362,1,2
363,700,362,1,2
363,723,362,1,2
364,635,363,1,2
364,659,339,0,3
364,668,365,2,1
364,671,389,3,0
364,676,389,3,0
364,678,363,1,2
364,690,389,3,0
364,695,363,1,2
365,659,340,0,3
365,671,390,3,0
365,676,390,3,0
365,690,390,3,0
365,711,364,1,2
366,635,367,2,1
366,656,391,3,0
366,659,341,0,3
366,671,391,3,0
366,676,391,3,0
366,678,367,2,1
366,688,391,3,0
366,690,391,3,0
366,695,367,2,1
367,631,368,2,1
367,635,368,2,1
367,639,368,2,1
367,656,392,3,0
367,659,342,0,3
367,669,368,2,1
367,671,392,3,0
367,673,368,2,1
367,676,392,3,0
367,678,368,2,1
367,686,368,2,1
367,688,392,3,0
367,690,392,3,0
367,693,342,0,3
367,695,368,2,1
367,700,366,1,2
367,723,368,2,1
368,631,369,2,1
368,632,343,0,3
368,634,369,2,1
368,635,369,2,1
368,639,369,2,1
368,649,369,2,1
368,656,393,3,0
368,659,343,0,3
368,665,343,0,3
368,667,393,3,0
368,669,369,2,1
368,671,393,3,0
368,676,393,3,0
368,678,369,2,1
368,686,369,2,1
368,688,393,3,0
368,690,393,3,0
368,693,343,0,3
368,695,369,2,1
368,707,369,2,1
368,713,343,0,3
368,718,343,0,3
368,720,369,2,1
368,723,369,2,1
369,627,370,2,1
369,631,370,2,1
369,632,344,0,3
369,633,344,0,3
369,634,370,2,1
369,635,370,2,1
369,639,370,2,1
369,640,394,3,0
369,644,370,2,1
369,649,370,2,1
369,656,394,3,0
369,659,344,0,3
369,661,394,3,0
369,665,344,0,3
369,667,394,3,0
369,669,370,2,1
369,671,394,3,0
369,676,394,3,0
369,678,370,2,1
369,679,370,2,1
369,686,370,2,1
369,688,394,3,0
369,690,394,3,0
369,693,344,0,3
369,695,370,2,1
369,696,394,3,0
369,698,344,0,3
369,702,370,2,1
369,707,370,2,1
369,708,370,2,1
369,713,344,0,3
369,718,344,0,3
369,720,370,2,1
369,722,370,2,1
369,723,370,2,1
370,627,371,2,1
370,631,371,2,1
370,632,345,0,3
370,633,345,0,3
370,634,371,2,1
370,635,371,2,1
370,638,395,3,0
370,639,371,2,1
370,640,395,3,0
370,644,371,2,1
370,649,371,2,1
370,656,395,3,0
370,659,345,0,3
370,661,395,3,0
370,665,345,0,3
370,667,395,3,0
370,669,371,2,1
370,671,395,3,0
370,676,395,3,0
370,678,371,2,1
370,679,371,2,1
370,686,371,2,1
370,688,395,3,0
370,690,395,3,0
370,692,369,1,2
370,693,345,0,3
370,695,371,2,1
370,696,395,3,0
370,698,345,0,3
370,701,369,1,2
370,702,371,2,1
370,703,395,3,0
370,707,371,2,1
370,708,371,2,1
370,713,345,0,3
370,718,345,0,3
370,720,371,2,1
370,722,371,2,1
370,723,371,2,1
371,632,346,0,3
371,633,346,0,3
371,634,346,0,3
371,635,346,0,3
371,639,346,0,3
371,640,396,3,0
371,644,396,3,0
371,649,372,2,1
371,656,396,3,0
371,659,346,0,3
371,661,396,3,0
371,665,346,0,3
371,667,396,3,0
371,671,396,3,0
371,676,396,3,0
371,678,396,3,0
371,686,396,3,0
371,688,396,3,0
371,690,396,3,0
371,692,346,0,3
371,695,346,0,3
371,698,346,0,3
371,701,346,0,3
371,703,396,3,0
371,707,396,3,0
371,708,346,0,3
371,723,396,3,0
372,627,397,3,0
372,631,397,3,0
372,632,371,1,2
372,633,371,1,2
372,634,347,0,3
372,635,347,0,3
372,638,371,1,2
372,639,347,0,3
372,640,371,1,2
372,644,397,3,0
372,649,373,2,1
372,656,371,1,2
372,659,371,1,2
372,661,371,1,2
372,665,371,1,2
372,667,371,1,2
372,669,347,0,3
372,671,371,1,2
372,676,371,1,2
372,678,397,3,0
372,679,397,3,0
372,686,397,3,0
372,688,371,1,2
372,690,371,1,2
372,692,373,2,1
372,693,371,1,2
372,695,347,0,3
372,696,371,1,2
372,698,371,1,2
372,701,373,2,1
372,702,347,0,3
372,703,371,1,2
372,707,397,3,0
372,708,347,0,3
372,713,371,1,2
372,718,371,1,2
372,720,347,0,3
372,722,347,0,3
372,723,397,3,0
373,627,398,3,0
373,631,398,3,0
373,632,372,1,2
373,633,372,1,2
373,634,348,0,3
373,635,348,0,3
373,639,348,0,3
373,640,372,1,2
373,644,398,3,0
373,649,374,2,1
373,656,372,1,2
373,659,372,1,2
373,661,372,1,2
373,665,372,1,2
373,667,372,1,2
373,669,348,0,3
373,671,372,1,2
373,676,372,1,2
373,678,398,3,0
373,679,398,3,0
373,686,398,3,0
373,688,372,1,2
373,690,372,1,2
373,693,372,1,2
373,695,348,0,3
373,696,372,1,2
373,698,372,1,2
373,702,348,0,3
373,707,398,3,0
373,708,348,0,3
373,713,372,1,2
373,718,372,1,2
373,720,348,0,3
373,722,348,0,3
373,723,398,3,0
374,631,399,3,0
374,632,373,1,2
374,634,349,0,3
374,635,349,0,3
374,639,349,0,3
374,649,350,2,3
374,656,373,1,2
374,659,373,1,2
374,665,373,1,2
374,667,373,1,2
374,669,349,0,3
374,671,373,1,2
374,676,373,1,2
374,678,399,3,0
374,686,399,3,0
374,688,373,1,2
374,690,373,1,2
374,693,373,1,2
374,695,349,0,3
374,707,399,3,0
374,713,373,1,2
374,718,373,1,2
374,720,349,0,3
374,723,399,3,0
375,631,400,2,0
375,635,350,0,2
375,639,350,0,2
375,656,399,3,2
375,659,399,3,2
375,669,350,0,2
375,671,399,3,2
375,673,350,0,2
375,676,399,3,2
375,678,400,2,0
375,686,400,2,0
375,688,399,3,2
375,690,399,3,2
375,693,399,3,2
375,695,350,0,2
375,700,376,1,1
375,723,376,1,1
376,635,351,0,3
376,656,375,1,1
376,659,375,1,1
376,671,375,1,1
376,676,375,1,1
376,678,401,3,0
376,688,375,1,1
376,690,375,1,1
376,695,351,0,3
377,659,376,1,2
377,668,376,1,2
377,671,376,1,2
377,676,376,1,2
377,690,376,1,2
377,711,378,2,1
378,635,353,0,3
378,659,379,2,1
378,668,377,1,2
378,671,379,2,1
378,676,379,2,1
378,678,403,3,0
378,690,379,2,1
378,695,353,0,3
379,631,404,3,0
379,635,354,0,3
379,656,380,2,1
379,659,380,2,1
379,669,354,0,3
379,671,380,2,1
379,673,354,0,3
379,676,380,2,1
379,678,404,3,0
379,686,404,3,0
379,688,380,2,1
379,690,380,2,1
379,693,380,2,1
379,695,354,0,3
379,723,723,102,0
380,631,405,3,0
380,635,355,0,3
380,639,355,0,3
380,649,355,0,3
380,656,381,2,1
380,659,381,2,1
380,667,381,2,1
380,669,355,0,3
380,671,381,2,1
380,676,381,2,1
380,678,405,3,0
380,686,405,3,0
380,688,381,2,1
380,690,381,2,1
380,693,381,2,1
380,695,355,0,3
380,707,405,3,0
380,713,381,2,1
380,718,381,2,1
380,720,355,0,3
380,723,379,1,2
381,627,406,3,0
381,631,406,3,0
381,632,382,2,1
381,633,382,2,1
381,634,356,0,3
381,635,356,0,3
381,639,356,0,3
381,640,382,2,1
381,644,644,23,0
381,649,356,0,3
381,656,382,2,1
381,659,382,2,1
381,661,382,2,1
381,665,382,2,1
381,667,382,2,1
381,669,356,0,3
381,671,382,2,1
381,676,382,2,1
381,678,406,3,0
381,679,406,3,0
381,686,406,3,0
381,688,382,2,1
381,690,382,2,1
381,693,382,2,1
381,695,356,0,3
381,696,382,2,1
381,698,382,2,1
381,702,356,0,3
381,707,406,3,0
381,708,356,0,3
381,713,382,2,1
381,718,382,2,1
381,720,356,0,3
381,722,356,0,3
381,723,380,1,2
382,627,407,3,0
382,631,407,3,0
382,632,383,2,1
382,633,383,2,1
382,634,357,0,3
382,635,357,0,3
382,638,383,2,1
382,639,357,0,3
382,640,383,2,1
382,644,381,1,2
382,649,357,0,3
382,656,383,2,1
382,659,383,2,1
382,661,383,2,1
382,665,383,2,1
382,667,383,2,1
382,669,357,0,3
382,671,383,2,1
382,676,383,2,1
382,678,407,3,0
382,679,407,3,0
382,686,407,3,0
382,688,383,2,1
382,690,383,2,1
382,693,383,2,1
382,695,357,0,3
382,696,383,2,1
382,698,383,2,1
382,702,357,0,3
382,703,383,2,1
382,707,407,3,0
382,708,357,0,3
382,713,383,2,1
382,718,383,2,1
382,720,357,0,3
382,722,357,0,3
382,723,381,1,2
383,626,358,0,3
383,627,408,3,0
383,629,358,0,3
383,631,408,3,0
383,632,358,0,3
383,634,358,0,3
383,635,358,0,3
383,637,358,0,3
383,639,358,0,3
383,640,408,3,0
383,643,408,3,0
383,644,382,1,2
383,646,408,3,0
383,647,408,3,0
383,649,358,0,3
383,650,408,3,0
383,651,408,3,0
383,652,358,0,3
383,653,408,3,0
383,654,408,3,0
383,655,358,0,3
383,656,384,2,1
383,657,408,3,0
383,659,358,0,3
383,660,408,3,0
383,661,408,3,0
383,665,358,0,3
383,666,408,3,0
383,667,408,3,0
383,669,358,0,3
383,671,408,3,0
383,676,408,3,0
383,677,358,0,3
383,678,408,3,0
383,679,408,3,0
383,681,408,3,0
383,682,408,3,0
383,683,358,0,3
383,686,408,3,0
383,687,358,0,3
383,688,408,3,0
383,690,384,2,1
383,692,358,0,3
383,693,408,3,0
383,694,408,3,0
383,695,358,0,3
383,697,358,0,3
383,700,408,3,0
383,701,358,0,3
383,702,358,0,3
383,703,408,3,0
383,705,408,3,0
383,706,358,0,3
383,707,408,3,0
383,708,358,0,3
383,709,358,0,3
383,711,408,3,0
383,713,408,3,0
383,715,358,0,3
383,716,358,0,3
383,719,408,3,0
383,720,358,0,3
383,721,358,0,3
383,722,358,0,3
383,723,382,1,2
384,625,383,1,2
384,627,383,1,2
384,630,383,1,2
384,631,383,1,2
384,632,359,0,3
384,634,383,1,2
384,635,383,1,2
384,636,383,1,2
384,639,383,1,2
384,640,409,3,0
384,641,383,1,2
384,642,383,1,2
384,644,383,1,2
384,645,383,1,2
384,648,383,1,2
384,649,383,1,2
384,655,383,1,2
384,656,385,2,1
384,658,383,1,2
384,659,359,0,3
384,661,409,3,0
384,662,383,1,2
384,665,359,0,3
384,667,409,3,0
384,668,383,1,2
384,669,383,1,2
384,670,383,1,2
384,671,409,3,0
384,673,383,1,2
384,674,383,1,2
384,676,409,3,0
384,678,383,1,2
384,679,383,1,2
384,680,383,1,2
384,684,383,1,2
384,685,383,1,2
384,686,383,1,2
384,688,409,3,0
384,689,383,1,2
384,690,385,2,1
384,691,383,1,2
384,692,383,1,2
384,693,409,3,0
384,695,383,1,2
384,699,383,1,2
384,701,383,1,2
384,702,383,1,2
384,703,409,3,0
384,706,383,1,2
384,707,383,1,2
384,708,383,1,2
384,710,385,2,1
384,711,409,3,0
384,712,383,1,2
384,713,409,3,0
384,714,383,1,2
384,717,383,1,2
384,720,383,1,2
384,721,383,1,2
384,722,383,1,2
384,723,383,1,2
384,724,383,1,2
385,627,384,1,2
385,631,384,1,2
385,632,360,0,3
385,633,360,0,3
385,634,384,1,2
385,635,384,1,2
385,638,410,3,0
385,639,384,1,2
385,640,410,3,0
385,644,384,1,2
385,649,384,1,2
385,656,386,2,1
385,659,360,0,3
385,661,410,3,0
385,665,360,0,3
385,667,410,3,0
385,669,384,1,2
385,671,410,3,0
385,676,410,3,0
385,678,384,1,2
385,679,384,1,2
385,686,384,1,2
385,688,410,3,0
385,690,386,2,1
385,692,384,1,2
385,693,410,3,0
385,695,384,1,2
385,696,410,3,0
385,698,360,0,3
385,701,384,1,2
385,702,384,1,2
385,703,410,3,0
385,707,384,1,2
385,708,384,1,2
385,710,386,2,1
385,711,410,3,0
385,713,410,3,0
385,718,360,0,3
385,720,384,1,2
385,722,384,1,2
385,723,384,1,2
386,627,385,1,2
386,631,385,1,2
386,632,361,0,3
386,633,361,0,3
386,634,385,1,2
386,635,385,1,2
386,639,385,1,2
386,640,411,3,0
386,644,385,1,2
386,649,385,1,2
386,656,387,2,1
386,659,361,0,3
386,661,411,3,0
386,665,361,0,3
386,667,411,3,0
386,669,385,1,2
386,671,411,3,0
386,676,411,3,0
386,678,385,1,2
386,679,385,1,2
386,686,385,1,2
386,688,411,3,0
386,690,387,2,1
386,693,411,3,0
386,695,385,1,2
386,696,411,3,0
386,698,361,0,3
386,702,385,1,2
386,707,385,1,2
386,708,385,1,2
386,710,710,89,0
386,711,411,3,0
386,713,411,3,0
386,718,361,0,3
386,720,385,1,2
386,722,385,1,2
386,723,385,1,2
387,631,386,1,2
387,635,386,1,2
387,639,386,1,2
387,649,386,1,2
387,656,388,2,1
387,659,362,0,3
387,667,412,3,0
387,669,386,1,2
387,671,412,3,0
387,676,412,3,0
387,678,386,1,2
387,686,386,1,2
387,688,412,3,0
387,690,388,2,1
387,693,412,3,0
387,695,386,1,2
387,707,386,1,2
387,711,412,3,0
387,713,412,3,0
387,718,362,0,3
387,720,386,1,2
387,723,386,1,2
388,631,387,1,2
388,635,387,1,2
388,656,389,2,1
388,659,363,0,3
388,669,387,1,2
388,671,413,3,0
388,676,413,3,0
388,678,387,1,2
388,686,387,1,2
388,688,413,3,0
388,690,389,2,1
388,693,413,3,0
388,695,387,1,2
388,700,387,1,2
388,711,413,3,0
388,723,387,1,2
389,635,388,1,2
389,659,364,0,3
389,668,390,2,1
389,671,414,3,0
389,676,414,3,0
389,678,388,1,2
389,690,390,2,1
389,695,388,1,2
389,711,414,3,0
390,659,365,0,3
390,671,415,3,0
390,676,415,3,0
390,690,690,69,0
390,711,389,1,2
391,635,392,2,1
391,656,656,35,0
391,659,366,0,3
391,671,416,3,0
391,676,416,3,0
391,678,392,2,1
391,688,416,3,0
391,690,390,1,2
391,695,392,2,1
391,711,416,3,0
392,631,393,2,1
392,635,393,2,1
392,639,393,2,1
392,656,391,1,2
392,659,367,0,3
392,669,393,2,1
392,671,417,3,0
392,673,393,2,1
392,676,417,3,0
392,678,393,2,1
392,686,393,2,1
392,688,417,3,0
392,690,391,1,2
392,693,417,3,0
392,695,393,2,1
392,700,391,1,2
392,711,417,3,0
392,723,393,2,1
393,631,394,2,1
393,632,368,0,3
393,634,394,2,1
393,635,394,2,1
393,639,394,2,1
393,649,394,2,1
393,656,392,1,2
393,659,368,0,3
393,665,368,0,3
393,667,418,3,0
393,669,394,2,1
393,671,418,3,0
393,676,418,3,0
393,678,394,2,1
393,686,394,2,1
393,688,418,3,0
393,690,392,1,2
393,693,418,3,0
393,695,394,2,1
393,707,394,2,1
393,711,418,3,0
393,713,418,3,0
393,718,368,0,3
393,720,394,2,1
393,723,394,2,1
394,627,395,2,1
394,631,395,2,1
394,632,369,0,3
394,633,369,0,3
394,634,395,2,1
394,635,395,2,1
394,639,395,2,1
394,640,419,3,0
394,644,395,2,1
394,649,395,2,1
394,656,393,1,2
394,659,369,0,3
394,661,419,3,0
394,665,369,0,3
394,667,419,3,0
394,669,395,2,1
394,671,419,3,0
394,676,419,3,0
394,678,395,2,1
394,679,395,2,1
394,686,395,2,1
394,688,419,3,0
394,690,393,1,2
394,693,419,3,0
394,695,395,2,1
394,696,419,3,0
394,698,369,0,3
394,702,395,2,1
394,707,395,2,1
394,708,395,2,1
394,710,393,1,2
394,711,419,3,0
394,713,419,3,0
394,718,369,0,3
394,720,395,2,1
394,722,395,2,1
394,723,395,2,1
395,627,396,2,1
395,631,396,2,1
395,632,370,0,3
395,633,370,0,3
395,634,396,2,1
395,635,396,2,1
395,638,420,3,0
395,639,396,2,1
395,640,420,3,0
395,644,396,2,1
395,649,396,2,1
395,656,394,1,2
395,659,370,0,3
395,661,420,3,0
395,665,370,0,3
395,667,420,3,0
395,669,396,2,1
395,671,420,3,0
395,676,420,3,0
395,678,396,2,1
395,679,396,2,1
395,686,396,2,1
395,688,420,3,0
395,690,394,1,2
395,692,394,1,2
395,693,420,3,0
395,695,396,2,1
395,696,420,3,0
395,698,370,0,3
395,701,394,1,2
395,702,396,2,1
395,703,420,3,0
395,707,396,2,1
395,708,396,2,1
395,710,394,1,2
395,711,420,3,0
395,713,420,3,0
395,718,370,0,3
395,720,396,2,1
395,722,396,2,1
395,723,396,2,1
396,631,421,3,0
396,632,371,0,3
396,634,371,0,3
396,635,371,0,3
396,639,371,0,3
396,640,421,3,0
396,644,397,2,1
396,655,371,0,3
396,656,395,1,2
396,659,371,0,3
396,661,421,3,0
396,665,371,0,3
396,667,421,3,0
396,671,421,3,0
396,676,421,3,0
396,678,421,3,0
396,686,421,3,0
396,688,421,3,0
396,690,395,1,2
396,692,371,0,3
396,693,421,3,0
396,695,371,0,3
396,701,371,0,3
396,702,371,0,3
396,703,421,3,0
396,707,421,3,0
396,708,371,0,3
396,710,395,1,2
396,711,421,3,0
396,713,421,3,0
396,723,397,2,1
397,627,422,3,0
397,631,422,3,0
397,632,396,1,2
397,633,396,1,2
397,634,372,0,3
397,635,372,0,3
397,638,396,1,2
397,639,372,0,3
397,640,396,1,2
397,644,398,2,1
397,649,372,0,3
397,656,396,1,2
397,659,396,1,2
397,661,396,1,2
397,665,396,1,2
397,667,396,1,2
397,669,372,0,3
397,671,396,1,2
397,676,396,1,2
397,678,422,3,0
397,679,422,3,0
397,686,422,3,0
397,688,396,1,2
397,690,396,1,2
397,692,398,2,1
397,693,396,1,2
397,695,372,0,3
397,696,396,1,2
397,698,396,1,2
397,701,398,2,1
397,702,372,0,3
397,703,396,1,2
397,707,422,3,0
397,708,372,0,3
397,713,396,1,2
397,718,396,1,2
397,720,372,0,3
397,722,372,0,3
397,723,398,2,1
398,627,423,3,0
398,631,423,3,0
398,632,397,1,2
398,633,397,1,2
398,634,373,0,3
398,635,373,0,3
398,639,373,0,3
398,640,397,1,2
398,644,399,2,1
398,649,373,0,3
398,656,397,1,2
398,659,397,1,2
398,661,397,1,2
398,665,397,1,2
398,667,397,1,2
398,669,373,0,3
398,671,397,1,2
398,676,397,1,2
398,678,423,3,0
398,679,423,3,0
398,686,423,3,0
398,688,397,1,2
398,690,397,1,2
398,693,397,1,2
398,695,373,0,3
398,696,397,1,2
398,698,397,1,2
398,702,373,0,3
398,707,423,3,0
398,708,373,0,3
398,713,397,1,2
398,718,397,1,2
398,720,373,0,3
398,722,373,0,3
398,723,399,2,1
399,631,424,3,0
399,632,398,1,2
399,634,374,0,3
399,635,374,0,3
399,639,374,0,3
399,649,374,0,3
399,656,398,1,2
399,659,398,1,2
399,665,398,1,2
399,667,398,1,2
399,669,374,0,3
399,671,398,1,2
399,676,398,1,2
399,678,424,3,0
399,686,424,3,0
399,688,398,1,2
399,690,398,1,2
399,693,398,1,2
399,695,374,0,3
399,707,424,3,0
399,713,398,1,2
399,718,398,1,2
399,720,374,0,3
399,723,375,2,3
400,631,425,2,0
400,635,375,0,2
400,639,375,0,2
400,656,424,3,2
400,659,424,3,2
400,669,375,0,2
400,671,424,3,2
400,673,375,0,2
400,676,424,3,2
400,678,401,1,1
400,686,425,2,0
400,688,424,3,2
400,690,424,3,2
400,693,424,3,2
400,695,375,0,2
400,700,401,1,1
400,723,375,0,2
401,635,376,0,3
401,656,400,1,1
401,659,400,1,1
401,671,400,1,1
401,676,400,1,1
401,678,402,2,1
401,688,400,1,1
401,690,400,1,1
401,695,376,0,3
402,659,401,1,2
402,668,401,1,2
402,671,401,1,2
402,676,401,1,2
402,690,401,1,2
402,711,403,2,1
403,635,378,0,3
403,659,404,2,1
403,668,402,1,2
403,671,404,2,1
403,676,404,2,1
403,678,678,57,0
403,690,404,2,1
403,695,378,0,3
404,631,429,3,0
404,635,379,0,3
404,656,405,2,1
404,659,405,2,1
404,669,379,0,3
404,671,405,2,1
404,673,379,0,3
404,676,405,2,1
404,678,403,1,2
404,686,429,3,0
404,688,405,2,1
404,690,405,2,1
404,693,405,2,1
404,695,379,0,3
404,723,379,0,3
405,631,430,3,0
405,635,380,0,3
405,639,380,0,3
405,649,380,0,3
405,656,406,2,1
405,659,406,2,1
405,667,406,2,1
405,669,380,0,3
405,671,406,2,1
405,676,406,2,1
405,678,404,1,2
405,686,430,3,0
405,688,406,2,1
405,690,406,2,1
405,693,406,2,1
405,695,380,0,3
405,707,430,3,0
405,713,406,2,1
405,718,406,2,1
405,720,380,0,3
405,723,380,0,3
406,627,431,3,0
406,631,431,3,0
406,632,407,2,1
406,633,407,2,1
406,634,381,0,3
406,635,381,0,3
406,639,381,0,3
406,640,407,2,1
406,644,381,0,3
406,649,381,0,3
406,656,407,2,1
406,659,407,2,1
406,661,407,2,1
406,665,407,2,1
406,667,407,2,1
406,669,381,0,3
406,671,407,2,1
406,676,407,2,1
406,678,405,1,2
406,679,431,3,0
406,686,431,3,0
406,688,407,2,1
406,690,407,2,1
406,693,407,2,1
406,695,381,0,3
406,696,407,2,1
406,698,407,2,1
406,702,381,0,3
406,707,431,3,0
406,708,381,0,3
406,713,407,2,1
406,718,407,2,1
406,720,381,0,3
406,722,381,0,3
406,723,381,0,3
407,627,432,3,0
407,631,432,3,0
407,632,408,2,1
407,633,408,2,1
407,634,382,0,3
407,635,382,0,3
407,638,408,2,1
407,639,382,0,3
407,640,408,2,1
407,644,382,0,3
407,649,382,0,3
407,656,408,2,1
407,659,408,2,1
407,661,408,2,1
407,665,408,2,1
407,667,408,2,1
407,669,382,0,3
407,671,408,2,1
407,676,408,2,1
407,678,406,1,2
407,679,432,3,0
407,686,432,3,0
407,688,408,2,1
407,690,408,2,1
407,693,408,2,1
407,695,382,0,3
407,696,408,2,1
407,698,408,2,1
407,702,382,0,3
407,703,408,2,1
407,707,432,3,0
407,708,382,0,3
407,713,408,2,1
407,718,408,2,1
407,720,382,0,3
407,722,382,0,3
407,723,382,0,3
408,626,433,3,0
408,627,433,3,0
408,629,383,0,3
408,631,433,3,0
408,634,383,0,3
408,635,383,0,3
408,637,383,0,3
408,638,409,2,1
408,639,383,0,3
408,640,433,3,0
408,643,433,3,0
408,644,383,0,3
408,646,433,3,0
408,647,433,3,0
408,649,383,0,3
408,651,433,3,0
408,652,383,0,3
408,653,433,3,0
408,654,433,3,0
408,655,433,3,0
408,657,433,3,0
408,659,433,3,0
408,660,433,3,0
408,661,433,3,0
408,663,383,0,3
408,665,383,0,3
408,666,433,3,0
408,667,433,3,0
408,669,383,0,3
408,671,433,3,0
408,676,433,3,0
408,677,383,0,3
408,678,407,1,2
408,679,433,3,0
408,681,433,3,0
408,682,433,3,0
408,683,383,0,3
408,686,433,3,0
408,687,383,0,3
408,688,409,2,1
408,690,383,0,3
408,692,383,0,3
408,693,433,3,0
408,694,433,3,0
408,695,383,0,3
408,697,383,0,3
408,700,433,3,0
408,701,433,3,0
408,702,383,0,3
408,703,433,3,0
408,705,433,3,0
408,706,383,0,3
408,707,433,3,0
408,708,383,0,3
408,709,383,0,3
408,710,383,0,3
408,713,433,3,0
408,715,433,3,0
408,716,383,0,3
408,718,433,3,0
408,719,433,3,0
408,720,383,0,3
408,721,383,0,3
408,722,383,0,3
408,723,383,0,3
409,625,408,1,2
409,627,408,1,2
409,628,408,1,2
409,630,408,1,2
409,631,408,1,2
409,634,408,1,2
409,635,408,1,2
409,636,408,1,2
409,638,410,2,1
409,639,408,1,2
409,640,434,3,0
409,641,408,1,2
409,642,408,1,2
409,644,408,1,2
409,645,408,1,2
409,648,408,1,2
409,649,408,1,2
409,655,408,1,2
409,658,408,1,2
409,659,434,3,0
409,661,434,3,0
409,662,408,1,2
409,665,384,0,3
409,667,434,3,0
409,668,408,1,2
409,669,408,1,2
409,670,408,1,2
409,671,434,3,0
409,673,408,1,2
409,674,408,1,2
409,675,408,1,2
409,676,434,3,0
409,678,408,1,2
409,679,408,1,2
409,680,408,1,2
409,684,408,1,2
409,685,408,1,2
409,686,408,1,2
409,688,410,2,1
409,689,408,1,2
409,690,384,0,3
409,691,408,1,2
409,692,408,1,2
409,693,434,3,0
409,695,408,1,2
409,700,434,3,0
409,701,408,1,2
409,702,408,1,2
409,703,434,3,0
409,704,408,1,2
409,706,408,1,2
409,707,408,1,2
409,708,408,1,2
409,710,384,0,3
409,711,410,2,1
409,712,408,1,2
409,713,434,3,0
409,714,408,1,2
409,717,408,1,2
409,718,434,3,0
409,720,408,1,2
409,721,408,1,2
409,722,408,1,2
409,723,408,1,2
409,724,408,1,2
410,627,409,1,2
410,631,409,1,2
410,632,435,3,0
410,633,385,0,3
410,634,409,1,2
410,635,409,1,2
410,638,638,17,0
410,639,409,1,2
410,640,435,3,0
410,644,409,1,2
410,649,409,1,2
410,656,385,0,3
410,659,435,3,0
410,661,435,3,0
410,665,385,0,3
410,667,435,3,0
410,669,409,1,2
410,671,435,3,0
410,676,435,3,0
410,678,409,1,2
410,679,409,1,2
410,686,409,1,2
410,688,411,2,1
410,690,385,0,3
410,692,409,1,2
410,693,435,3,0
410,695,409,1,2
410,696,435,3,0
410,698,385,0,3
410,700,435,3,0
410,701,409,1,2
410,702,409,1,2
410,703,435,3,0
410,707,409,1,2
410,708,409,1,2
410,710,385,0,3
410,711,411,2,1
410,713,435,3,0
410,718,435,3,0
410,720,409,1,2
410,722,409,1,2
410,723,409,1,2
411,627,410,1,2
411,631,410,1,2
411,632,436,3,0
411,633,386,0,3
411,634,410,1,2
411,635,410,1,2
411,639,410,1,2
411,640,436,3,0
411,644,410,1,2
411,649,410,1,2
411,656,386,0,3
411,659,436,3,0
411,661,436,3,0
411,665,386,0,3
411,667,436,3,0
411,669,410,1,2
411,671,436,3,0
411,676,436,3,0
411,678,410,1,2
411,679,410,1,2
411,686,410,1,2
411,688,412,2,1
411,690,386,0,3
411,693,436,3,0
411,695,410,1,2
411,696,436,3,0
411,698,386,0,3
411,700,436,3,0
411,702,410,1,2
411,707,410,1,2
411,708,410,1,2
411,710,386,0,3
411,711,412,2,1
411,713,436,3,0
411,718,436,3,0
411,720,410,1,2
411,722,410,1,2
411,723,410,1,2
412,631,411,1,2
412,635,411,1,2
412,639,411,1,2
412,649,411,1,2
412,656,387,0,3
412,659,437,3,0
412,667,437,3,0
412,669,411,1,2
412,671,437,3,0
412,676,437,3,0
412,678,411,1,2
412,686,411,1,2
412,688,413,2,1
412,690,387,0,3
412,693,437,3,0
412,695,411,1,2
412,700,437,3,0
412,707,411,1,2
412,711,413,2,1
412,713,437,3,0
412,718,437,3,0
412,720,411,1,2
412,723,411,1,2
413,631,412,1,2
413,635,412,1,2
413,656,388,0,3
413,659,438,3,0
413,669,412,1,2
413,671,438,3,0
413,676,438,3,0
413,678,412,1,2
413,686,412,1,2
413,688,414,2,1
413,690,388,0,3
413,693,438,3,0
413,695,412,1,2
413,700,412,1,2
413,711,414,2,1
413,723,412,1,2
414,635,413,1,2
414,659,439,3,0
414,668,415,2,1
414,671,439,3,0
414,676,439,3,0
414,678,413,1,2
414,690,389,0,3
414,695,413,1,2
414,711,711,90,0
415,659,440,3,0
415,671,440,3,0
415,676,440,3,0
415,690,390,0,3
415,711,414,1,2
416,635,417,2,1
416,656,391,0,3
416,659,441,3,0
416,671,441,3,0
416,676,441,3,0
416,678,417,2,1
416,688,688,67,0
416,690,391,0,3
416,695,417,2,1
416,711,415,1,2
417,631,418,2,1
417,635,418,2,1
417,639,418,2,1
417,656,392,0,3
417,659,442,3,0
417,669,418,2,1
417,671,442,3,0
417,673,418,2,1
417,676,442,3,0
417,678,418,2,1
417,686,418,2,1
417,688,416,1,2
417,690,392,0,3
417,693,442,3,0
417,695,418,2,1
417,711,416,1,2
417,723,418,2,1
418,631,419,2,1
418,632,443,3,0
418,634,419,2,1
418,635,419,2,1
418,639,419,2,1
418,649,419,2,1
418,656,393,0,3
418,659,443,3,0
418,665,393,0,3
418,667,443,3,0
418,669,419,2,1
418,671,443,3,0
418,676,443,3,0
418,678,419,2,1
418,686,419,2,1
418,688,417,1,2
418,690,393,0,3
418,693,443,3,0
418,695,419,2,1
418,700,443,3,0
418,707,419,2,1
418,711,417,1,2
418,713,443,3,0
418,718,443,3,0
418,720,419,2,1
418,723,419,2,1
419,627,420,2,1
419,631,420,2,1
419,632,444,3,0
419,633,394,0,3
419,634,420,2,1
419,635,420,2,1
419,639,420,2,1
419,640,444,3,0
419,644,420,2,1
419,649,420,2,1
419,656,394,0,3
419,659,444,3,0
419,661,444,3,0
419,665,394,0,3
419,667,444,3,0
419,669,420,2,1
419,671,444,3,0
419,676,444,3,0
419,678,420,2,1
419,679,420,2,1
419,686,420,2,1
419,688,418,1,2
419,690,394,0,3
419,693,444,3,0
419,695,420,2,1
419,696,444,3,0
419,698,394,0,3
419,700,444,3,0
419,702,420,2,1
419,707,420,2,1
419,708,420,2,1
419,710,394,0,3
419,711,418,1,2
419,713,444,3,0
419,718,444,3,0
419,720,420,2,1
419,722,420,2,1
419,723,420,2,1
420,627,421,2,1
420,631,421,2,1
420,632,445,3,0
420,633,395,0,3
420,634,421,2,1
420,635,421,2,1
420,638,419,1,2
420,639,421,2,1
420,640,445,3,0
420,644,421,2,1
420,649,421,2,1
420,656,395,0,3
420,659,445,3,0
420,661,445,3,0
420,665,395,0,3
420,667,445,3,0
420,669,421,2,1
420,671,445,3,0
420,676,445,3,0
420,678,421,2,1
420,679,421,2,1
420,686,421,2,1
420,688,419,1,2
420,690,395,0,3
420,692,419,1,2
420,693,445,3,0
420,695,421,2,1
420,696,445,3,0
420,698,395,0,3
420,700,445,3,0
420,701,419,1,2
420,702,421,2,1
420,703,445,3,0
420,707,421,2,1
420,708,421,2,1
420,710,395,0,3
420,711,419,1,2
420,713,445,3,0
420,718,445,3,0
420,720,421,2,1
420,722,421,2,1
420,723,421,2,1
421,631,446,3,0
421,634,396,0,3
421,635,396,0,3
421,638,420,1,2
421,639,396,0,3
421,640,446,3,0
421,659,446,3,0
421,661,446,3,0
421,665,396,0,3
421,667,446,3,0
421,669,396,0,3
421,671,446,3,0
421,676,446,3,0
421,678,422,2,1
421,686,446,3,0
421,688,420,1,2
421,690,396,0,3
421,692,396,0,3
421,693,446,3,0
421,695,396,0,3
421,700,446,3,0
421,702,396,0,3
421,703,446,3,0
421,706,396,0,3
421,707,446,3,0
421,708,396,0,3
421,710,396,0,3
421,711,420,1,2
421,713,446,3,0
421,718,446,3,0
421,720,396,0,3
421,722,396,0,3
422,627,447,3,0
422,631,447,3,0
422,632,421,1,2
422,633,421,1,2
422,634,397,0,3
422,635,397,0,3
422,638,421,1,2
422,639,397,0,3
422,640,421,1,2
422,644,397,0,3
422,649,397,0,3
422,656,421,1,2
422,659,421,1,2
422,661,421,1,2
422,665,421,1,2
422,667,421,1,2
422,669,397,0,3
422,671,421,1,2
422,676,421,1,2
422,678,423,2,1
422,679,447,3,0
422,686,447,3,0
422,688,421,1,2
422,690,421,1,2
422,692,423,2,1
422,693,421,1,2
422,695,397,0,3
422,696,421,1,2
422,698,421,1,2
422,701,423,2,1
422,702,397,0,3
422,703,421,1,2
422,707,447,3,0
422,708,397,0,3
422,713,421,1,2
422,718,421,1,2
422,720,397,0,3
422,722,397,0,3
422,723,397,0,3
423,627,448,3,0
423,631,448,3,0
423,632,422,1,2
423,633,422,1,2
423,634,398,0,3
423,635,398,0,3
423,639,398,0,3
423,640,422,1,2
423,644,398,0,3
423,649,398,0,3
423,656,422,1,2
423,659,422,1,2
423,661,422,1,2
423,665,422,1,2
423,667,422,1,2
423,669,398,0,3
423,671,422,1,2
423,676,422,1,2
423,678,424,2,1
423,679,448,3,0
423,686,448,3,0
423,688,422,1,2
423,690,422,1,2
423,693,422,1,2
423,695,398,0,3
423,696,422,1,2
423,698,422,1,2
423,702,398,0,3
423,707,448,3,0
423,708,398,0,3
423,713,422,1,2
423,718,422,1,2
423,720,398,0,3
423,722,398,0,3
423,723,398,0,3
424,631,449,3,0
424,632,423,1,2
424,634,399,0,3
424,635,399,0,3
424,639,399,0,3
424,649,399,0,3
424,656,423,1,2
424,659,423,1,2
424,665,423,1,2
424,667,423,1,2
424,669,399,0,3
424,671,423,1,2
424,676,423,1,2
424,678,400,2,3
424,686,449,3,0
424,688,423,1,2
424,690,423,1,2
424,693,423,1,2
424,695,399,0,3
424,707,449,3,0
424,713,423,1,2
424,718,423,1,2
424,720,399,0,3
424,723,399,0,3
425,631,450,2,0
425,635,400,0,2
425,639,400,0,2
425,656,449,3,2
425,659,449,3,2
425,669,400,0,2
425,671,449,3,2
425,673,400,0,2
425,676,449,3,2
425,678,400,0,2
425,686,450,2,0
425,688,449,3,2
425,690,449,3,2
425,693,449,3,2
425,695,400,0,2
425,700,426,1,1
425,723,400,0,2
426,635,401,0,3
426,656,425,1,1
426,659,425,1,1
426,671,425,1,1
426,676,425,1,1
426,678,401,0,3
426,688,425,1,1
426,690,425,1,1
426,695,401,0,3
427,659,426,1,2
427,668,426,1,2
427,671,426,1,2
427,676,426,1,2
427,690,426,1,2
427,711,428,2,1
428,635,403,0,3
428,659,429,2,1
428,668,427,1,2
428,671,429,2,1
428,676,429,2,1
428,678,403,0,3
428,690,429,2,1
428,695,403,0,3
429,631,454,3,0
429,635,404,0,3
429,656,430,2,1
429,659,430,2,1
429,669,404,0,3
429,671,430,2,1
429,673,404,0,3
429,676,430,2,1
429,678,404,0,3
429,686,454,3,0
429,688,430,2,1
429,690,430,2,1
429,693,430,2,1
429,695,404,0,3
429,723,404,0,3
430,631,455,3,0
430,635,405,0,3
430,639,405,0,3
430,649,405,0,3
430,656,431,2,1
430,659,431,2,1
430,667,431,2,1
430,669,405,0,3
430,671,431,2,1
430,676,431,2,1
430,678,405,0,3
430,686,455,3,0
430,688,431,2,1
430,690,431,2,1
430,693,431,2,1
430,695,405,0,3
430,707,455,3,0
430,713,431,2,1
430,718,431,2,1
430,720,405,0,3
430,723,405,0,3
431,627,456,3,0
431,631,456,3,0
431,632,432,2,1
431,633,432,2,1
431,634,406,0,3
431,635,406,0,3
431,639,406,0,3
431,640,432,2,1
431,644,406,0,3
431,649,406,0,3
431,656,432,2,1
431,659,432,2,1
431,661,432,2,1
431,665,432,2,1
431,667,432,2,1
431,669,406,0,3
431,671,432,2,1
431,676,432,2,1
431,678,406,0,3
431,679,456,3,0
431,686,456,3,0
431,688,432,2,1
431,690,432,2,1
431,693,432,2,1
431,695,406,0,3
431,696,432,2,1
431,698,432,2,1
431,702,406,0,3
431,707,456,3,0
431,708,406,0,3
431,713,432,2,1
431,718,432,2,1
431,720,406,0,3
431,722,406,0,3
431,723,406,0,3
432,627,457,3,0
432,631,457,3,0
432,632,433,2,1
432,633,433,2,1
432,634,407,0,3
432,635,407,0,3
432,638,433,2,1
432,639,407,0,3
432,640,433,2,1
432,644,407,0,3
432,649,407,0,3
432,656,433,2,1
432,659,433,2,1
432,661,433,2,1
432,665,433,2,1
432,667,433,2,1
432,669,407,0,3
432,671,433,2,1
432,676,433,2,1
432,678,407,0,3
432,679,457,3,0
432,686,457,3,0
432,688,433,2,1
432,690,433,2,1
432,693,433,2,1
432,695,407,0,3
432,696,433,2,1
432,698,433,2,1
432,702,407,0,3
432,703,433,2,1
432,707,457,3,0
432,708,407,0,3
432,713,433,2,1
432,718,433,2,1
432,720,407,0,3
432,722,407,0,3
432,723,407,0,3
433,626,458,3,0
433,627,458,3,0
433,629,408,0,3
433,631,458,3,0
433,634,408,0,3
433,635,408,0,3
433,637,408,0,3
433,638,408,0,3
433,639,408,0,3
433,640,458,3,0
433,643,458,3,0
433,644,408,0,3
433,646,458,3,0
433,647,458,3,0
433,649,408,0,3
433,650,408,0,3
433,651,458,3,0
433,652,408,0,3
433,653,458,3,0
433,654,458,3,0
433,655,458,3,0
433,656,408,0,3
433,657,458,3,0
433,659,458,3,0
433,661,458,3,0
433,663,408,0,3
433,665,408,0,3
433,666,458,3,0
433,667,458,3,0
433,669,408,0,3
433,671,458,3,0
433,676,458,3,0
433,677,458,3,0
433,678,408,0,3
433,679,458,3,0
433,681,458,3,0
433,682,458,3,0
433,683,408,0,3
433,686,458,3,0
433,687,408,0,3
433,690,408,0,3
433,692,458,3,0
433,693,458,3,0
433,694,458,3,0
433,695,408,0,3
433,696,434,2,1
433,697,408,0,3
433,701,458,3,0
433,702,408,0,3
433,703,458,3,0
433,705,458,3,0
433,706,458,3,0
433,707,458,3,0
433,708,408,0,3
433,709,408,0,3
433,710,408,0,3
433,711,408,0,3
433,713,458,3,0
433,715,458,3,0
433,716,408,0,3
433,718,458,3,0
433,719,458,3,0
433,720,408,0,3
433,721,408,0,3
433,722,408,0,3
433,723,408,0,3
434,625,433,1,2
434,627,433,1,2
434,628,433,1,2
434,630,433,1,2
434,631,433,1,2
434,634,433,1,2
434,635,433,1,2
434,636,433,1,2
434,638,409,0,3
434,639,433,1,2
434,640,459,3,0
434,641,433,1,2
434,642,433,1,2
434,644,433,1,2
434,645,433,1,2
434,648,433,1,2
434,649,433,1,2
434,655,433,1,2
434,656,409,0,3
434,658,433,1,2
434,659,459,3,0
434,661,459,3,0
434,662,433,1,2
434,665,409,0,3
434,667,459,3,0
434,668,433,1,2
434,669,433,1,2
434,670,433,1,2
434,671,459,3,0
434,673,433,1,2
434,674,433,1,2
434,675,433,1,2
434,676,459,3,0
434,678,433,1,2
434,679,433,1,2
434,680,433,1,2
434,684,433,1,2
434,685,433,1,2
434,686,433,1,2
434,689,433,1,2
434,690,409,0,3
434,691,433,1,2
434,692,433,1,2
434,693,459,3,0
434,695,433,1,2
434,696,435,2,1
434,699,433,1,2
434,700,435,2,1
434,701,433,1,2
434,702,433,1,2
434,703,459,3,0
434,704,433,1,2
434,706,433,1,2
434,707,433,1,2
434,708,433,1,2
434,712,433,1,2
434,713,459,3,0
434,714,433,1,2
434,717,433,1,2
434,718,459,3,0
434,720,433,1,2
434,721,433,1,2
434,722,433,1,2
434,723,433,1,2
434,724,433,1,2
435,627,434,1,2
435,631,434,1,2
435,632,460,3,0
435,633,410,0,3
435,634,434,1,2
435,635,434,1,2
435,638,410,0,3
435,639,434,1,2
435,640,460,3,0
435,644,434,1,2
435,649,434,1,2
435,656,410,0,3
435,659,460,3,0
435,661,460,3,0
435,665,410,0,3
435,667,460,3,0
435,669,434,1,2
435,671,460,3,0
435,676,460,3,0
435,678,434,1,2
435,679,434,1,2
435,686,434,1,2
435,688,410,0,3
435,690,410,0,3
435,692,434,1,2
435,693,460,3,0
435,695,434,1,2
435,696,436,2,1
435,698,410,0,3
435,700,436,2,1
435,701,434,1,2
435,702,434,1,2
435,703,460,3,0
435,707,434,1,2
435,708,434,1,2
435,713,460,3,0
435,718,460,3,0
435,720,434,1,2
435,722,434,1,2
435,723,434,1,2
436,627,435,1,2
436,631,435,1,2
436,632,461,3,0
436,633,411,0,3
436,634,435,1,2
436,635,435,1,2
436,639,435,1,2
436,640,461,3,0
436,644,435,1,2
436,649,435,1,2
436,656,411,0,3
436,659,461,3,0
436,661,461,3,0
436,665,411,0,3
436,667,461,3,0
436,669,435,1,2
436,671,461,3,0
436,676,461,3,0
436,678,435,1,2
436,679,435,1,2
436,686,435,1,2
436,688,411,0,3
436,690,411,0,3
436,693,461,3,0
436,695,435,1,2
436,696,696,75,0
436,698,411,0,3
436,700,437,2,1
436,702,435,1,2
436,707,435,1,2
436,708,435,1,2
436,713,461,3,0
436,718,461,3,0
436,720,435,1,2
436,722,435,1,2
436,723,435,1,2
437,631,436,1,2
437,635,436,1,2
437,639,436,1,2
437,649,436,1,2
437,656,412,0,3
437,659,462,3,0
437,667,462,3,0
437,669,436,1,2
437,671,462,3,0
437,676,462,3,0
437,678,436,1,2
437,686,436,1,2
437,688,412,0,3
437,690,412,0,3
437,693,462,3,0
437,695,436,1,2
437,700,700,79,0
437,707,436,1,2
437,713,462,3,0
437,718,462,3,0
437,720,436,1,2
437,723,436,1,2
438,631,437,1,2
438,635,437,1,2
438,656,413,0,3
438,659,463,3,0
438,669,437,1,2
438,671,463,3,0
438,676,463,3,0
438,678,437,1,2
438,686,437,1,2
438,688,413,0,3
438,690,413,0,3
438,693,463,3,0
438,695,437,1,2
438,700,437,1,2
438,723,437,1,2
439,635,438,1,2
439,659,464,3,0
439,668,440,2,1
439,671,464,3,0
439,676,464,3,0
439,678,438,1,2
439,690,414,0,3
439,695,438,1,2
440,659,465,3,0
440,671,465,3,0
440,676,465,3,0
440,690,415,0,3
440,711,439,1,2
441,635,442,2,1
441,656,416,0,3
441,659,466,3,0
441,671,466,3,0
441,676,466,3,0
441,678,442,2,1
441,688,416,0,3
441,690,416,0,3
441,695,442,2,1
442,631,443,2,1
442,635,443,2,1
442,639,443,2,1
442,656,417,0,3
442,659,467,3,0
442,669,443,2,1
442,671,467,3,0
442,673,443,2,1
442,676,467,3,0
442,678,443,2,1
442,686,443,2,1
442,688,417,0,3
442,690,417,0,3
442,693,467,3,0
442,695,443,2,1
442,700,441,1,2
442,723,443,2,1
443,631,444,2,1
443,632,468,3,0
443,634,444,2,1
443,635,444,2,1
443,639,444,2,1
443,649,444,2,1
443,656,418,0,3
443,659,468,3,0
443,665,418,0,3
443,667,468,3,0
443,669,444,2,1
443,671,468,3,0
443,676,468,3,0
443,678,444,2,1
443,686,444,2,1
443,688,418,0,3
443,690,418,0,3
443,693,468,3,0
443,695,444,2,1
443,700,442,1,2
443,707,444,2,1
443,713,468,3,0
443,718,468,3,0
443,720,444,2,1
443,723,444,2,1
444,627,445,2,1
444,631,445,2,1
444,632,469,3,0
444,633,419,0,3
444,634,445,2,1
444,635,445,2,1
444,639,445,2,1
444,640,469,3,0
444,644,445,2,1
444,649,445,2,1
444,656,419,0,3
444,659,469,3,0
444,661,469,3,0
444,665,419,0,3
444,667,469,3,0
444,669,445,2,1
444,671,469,3,0
444,676,469,3,0
444,678,445,2,1
444,679,445,2,1
444,686,445,2,1
444,688,419,0,3
444,690,419,0,3
444,693,469,3,0
444,695,445,2,1
444,696,443,1,2
444,698,419,0,3
444,700,443,1,2
444,702,445,2,1
444,707,445,2,1
444,708,445,2,1
444,713,469,3,0
444,718,469,3,0
444,720,445,2,1
444,722,445,2,1
444,723,445,2,1
445,627,446,2,1
445,631,446,2,1
445,632,470,3,0
445,633,420,0,3
445,634,446,2,1
445,635,446,2,1
445,638,420,0,3
445,639,446,2,1
445,640,470,3,0
445,644,446,2,1
445,649,446,2,1
445,656,420,0,3
445,659,470,3,0
445,661,470,3,0
445,665,420,0,3
445,667,470,3,0
445,669,446,2,1
445,671,470,3,0
445,676,470,3,0
445,678,446,2,1
445,679,446,2,1
445,686,446,2,1
445,688,420,0,3
445,690,420,0,3
445,692,444,1,2
445,693,470,3,0
445,695,446,2,1
445,696,444,1,2
445,698,420,0,3
445,700,444,1,2
445,701,444,1,2
445,702,446,2,1
445,703,470,3,0
445,707,446,2,1
445,708,446,2,1
445,713,470,3,0
445,718,470,3,0
445,720,446,2,1
445,722,446,2,1
445,723,446,2,1
446,627,471,3,0
446,631,471,3,0
446,634,421,0,3
446,635,421,0,3
446,638,421,0,3
446,640,471,3,0
446,656,421,0,3
446,659,471,3,0
446,661,471,3,0
446,665,421,0,3
446,667,471,3,0
446,669,421,0,3
446,671,471,3,0
446,676,471,3,0
446,686,471,3,0
446,690,421,0,3
446,693,471,3,0
446,695,421,0,3
446,696,445,1,2
446,700,445,1,2
446,702,421,0,3
446,703,471,3,0
446,707,471,3,0
446,708,421,0,3
446,713,471,3,0
446,718,471,3,0
446,720,421,0,3
446,721,421,0,3
446,722,421,0,3
447,627,472,3,0
447,631,472,3,0
447,632,446,1,2
447,633,446,1,2
447,634,422,0,3
447,635,422,0,3
447,638,446,1,2
447,639,422,0,3
447,640,446,1,2
447,644,422,0,3
447,649,422,0,3
447,656,446,1,2
447,659,446,1,2
447,661,446,1,2
447,665,446,1,2
447,667,446,1,2
447,669,422,0,3
447,671,446,1,2
447,676,446,1,2
447,678,422,0,3
447,679,472,3,0
447,686,472,3,0
447,688,446,1,2
447,690,446,1,2
447,692,448,2,1
447,693,446,1,2
447,695,422,0,3
447,696,446,1,2
447,698,446,1,2
447,701,448,2,1
447,702,422,0,3
447,703,446,1,2
447,707,472,3,0
447,708,422,0,3
447,713,446,1,2
447,718,446,1,2
447,720,422,0,3
447,722,422,0,3
447,723,422,0,3
448,627,473,3,0
448,631,473,3,0
448,632,447,1,2
448,633,447,1,2
448,634,423,0,3
448,635,423,0,3
448,639,423,0,3
448,640,447,1,2
448,644,423,0,3
448,649,423,0,3
448,656,447,1,2
448,659,447,1,2
448,661,447,1,2
448,665,447,1,2
448,667,447,1,2
448,669,423,0,3
448,671,447,1,2
448,676,447,1,2
448,678,423,0,3
448,679,473,3,0
448,686,473,3,0
448,688,447,1,2
448,690,447,1,2
448,693,447,1,2
448,695,423,0,3
448,696,447,1,2
448,698,447,1,2
448,702,423,0,3
448,707,473,3,0
448,708,423,0,3
448,713,447,1,2
448,718,447,1,2
448,720,423,0,3
448,722,423,0,3
448,723,423,0,3
449,631,474,3,0
449,632,448,1,2
449,634,424,0,3
449,635,424,0,3
449,639,424,0,3
449,649,424,0,3
449,656,448,1,2
449,659,448,1,2
449,665,448,1,2
449,667,448,1,2
449,669,424,0,3
449,671,448,1,2
449,676,448,1,2
449,678,424,0,3
449,686,474,3,0
449,688,448,1,2
449,690,448,1,2
449,693,448,1,2
449,695,424,0,3
449,707,474,3,0
449,713,448,1,2
449,718,448,1,2
449,720,424,0,3
449,723,424,0,3
450,631,475,2,0
450,635,425,0,2
450,639,425,0,2
450,656,474,3,2
450,659,474,3,2
450,669,425,0,2
450,671,474,3,2
450,673,425,0,2
450,676,474,3,2
450,678,425,0,2
450,686,475,2,0
450,688,474,3,2
450,690,474,3,2
450,693,474,3,2
450,695,425,0,2
450,700,451,1,1
450,723,425,0,2
451,635,426,0,3
451,656,450,1,1
451,659,450,1,1
451,671,450,1,1
451,676,450,1,1
451,678,426,0,3
451,688,450,1,1
451,690,450,1,1
451,695,426,0,3
452,659,451,1,2
452,668,451,1,2
452,671,451,1,2
452,676,451,1,2
452,690,451,1,2
452,711,453,2,1
453,635,428,0,3
453,659,454,2,1
453,668,452,1,2
453,671,454,2,1
453,676,454,2,1
453,678,428,0,3
453,690,454,2,1
453,695,428,0,3
454,631,479,3,0
454,635,429,0,3
454,656,455,2,1
454,659,455,2,1
454,669,429,0,3
454,671,455,2,1
454,673,429,0,3
454,676,455,2,1
454,678,429,0,3
454,686,479,3,0
454,688,455,2,1
454,690,455,2,1
454,693,455,2,1
454,695,429,0,3
454,723,429,0,3
455,631,480,3,0
455,635,430,0,3
455,639,430,0,3
455,649,430,0,3
455,656,456,2,1
455,659,456,2,1
455,667,456,2,1
455,669,430,0,3
455,671,456,2,1
455,676,456,2,1
455,678,430,0,3
455,686,480,3,0
455,688,456,2,1
455,690,456,2,1
455,693,456,2,1
455,695,430,0,3
455,707,480,3,0
455,713,456,2,1
455,718,456,2,1
455,720,430,0,3
455,723,430,0,3
456,627,481,3,0
456,631,481,3,0
456,632,457,2,1
456,633,457,2,1
456,634,431,0,3
456,635,431,0,3
456,639,431,0,3
456,640,457,2,1
456,644,431,0,3
456,649,431,0,3
456,656,457,2,1
456,659,457,2,1
456,661,457,2,1
456,665,457,2,1
456,667,457,2,1
456,669,431,0,3
456,671,457,2,1
456,676,457,2,1
456,678,431,0,3
456,679,481,3,0
456,686,481,3,0
456,688,457,2,1
456,690,457,2,1
456,693,457,2,1
456,695,431,0,3
456,696,457,2,1
456,698,457,2,1
456,702,431,0,3
456,707,481,3,0
456,708,431,0,3
456,713,457,2,1
456,718,457,2,1
456,720,431,0,3
456,722,431,0,3
456,723,431,0,3
457,627,482,3,0
457,631,482,3,0
457,632,458,2,1
457,633,458,2,1
457,634,432,0,3
457,635,432,0,3
457,638,458,2,1
457,639,432,0,3
457,640,458,2,1
457,644,432,0,3
457,649,432,0,3
457,656,458,2,1
457,659,458,2,1
457,661,458,2,1
457,665,458,2,1
457,667,458,2,1
457,669,432,0,3
457,671,458,2,1
457,676,458,2,1
457,678,432,0,3
457,679,482,3,0
457,686,482,3,0
457,688,458,2,1
457,690,458,2,1
457,693,458,2,1
457,695,432,0,3
457,696,458,2,1
457,698,458,2,1
457,702,432,0,3
457,703,458,2,1
457,707,482,3,0
457,708,432,0,3
457,713,458,2,1
457,718,458,2,1
457,720,432,0,3
457,722,432,0,3
457,723,432,0,3
458,626,483,3,0
458,627,483,3,0
458,629,433,0,3
458,631,483,3,0
458,634,433,0,3
458,635,433,0,3
458,637,433,0,3
458,638,433,0,3
458,639,433,0,3
458,640,483,3,0
458,643,483,3,0
458,644,433,0,3
458,646,483,3,0
458,647,483,3,0
458,649,433,0,3
458,650,433,0,3
458,651,483,3,0
458,652,433,0,3
458,653,483,3,0
458,654,483,3,0
458,655,483,3,0
458,656,433,0,3
458,659,483,3,0
458,660,433,0,3
458,661,483,3,0
458,663,433,0,3
458,664,483,3,0
458,666,483,3,0
458,667,483,3,0
458,669,433,0,3
458,671,483,3,0
458,676,483,3,0
458,677,483,3,0
458,678,433,0,3
458,679,483,3,0
458,681,483,3,0
458,682,483,3,0
458,683,433,0,3
458,686,483,3,0
458,687,433,0,3
458,688,433,0,3
458,690,433,0,3
458,692,483,3,0
458,693,483,3,0
458,694,483,3,0
458,695,433,0,3
458,696,433,0,3
458,697,433,0,3
458,700,433,0,3
458,701,483,3,0
458,702,433,0,3
458,705,483,3,0
458,706,483,3,0
458,707,483,3,0
458,708,433,0,3
458,709,483,3,0
458,710,433,0,3
458,711,433,0,3
458,713,483,3,0
458,715,483,3,0
458,716,433,0,3
458,718,483,3,0
458,719,483,3,0
458,720,433,0,3
458,721,483,3,0
458,722,433,0,3
458,723,433,0,3
459,625,458,1,2
459,627,458,1,2
459,628,458,1,2
459,630,458,1,2
459,631,458,1,2
459,634,458,1,2
459,635,458,1,2
459,636,458,1,2
459,638,434,0,3
459,639,458,1,2
459,640,484,3,0
459,641,458,1,2
459,642,458,1,2
459,644,458,1,2
459,645,458,1,2
459,648,458,1,2
459,649,458,1,2
459,655,458,1,2
459,656,434,0,3
459,658,458,1,2
459,659,484,3,0
459,661,484,3,0
459,662,458,1,2
459,664,484,3,0
459,667,484,3,0
459,668,458,1,2
459,669,458,1,2
459,670,458,1,2
459,671,484,3,0
459,673,458,1,2
459,674,458,1,2
459,675,458,1,2
459,676,484,3,0
459,678,458,1,2
459,679,458,1,2
459,680,458,1,2
459,684,458,1,2
459,685,458,1,2
459,686,458,1,2
459,688,434,0,3
459,689,458,1,2
459,690,434,0,3
459,691,458,1,2
459,692,458,1,2
459,693,484,3,0
459,695,458,1,2
459,696,434,0,3
459,699,458,1,2
459,701,458,1,2
459,702,458,1,2
459,704,458,1,2
459,706,458,1,2
459,707,458,1,2
459,708,458,1,2
459,712,458,1,2
459,713,484,3,0
459,714,458,1,2
459,717,458,1,2
459,718,484,3,0
459,720,458,1,2
459,721,458,1,2
459,722,458,1,2
459,723,458,1,2
459,724,458,1,2
460,627,459,1,2
460,631,459,1,2
460,632,485,3,0
460,633,435,0,3
460,634,459,1,2
460,635,459,1,2
460,638,435,0,3
460,639,459,1,2
460,640,485,3,0
460,644,459,1,2
460,649,459,1,2
460,656,435,0,3
460,659,485,3,0
460,661,485,3,0
460,665,485,3,0
460,667,485,3,0
460,669,459,1,2
460,671,485,3,0
460,676,485,3,0
460,678,459,1,2
460,679,459,1,2
460,686,459,1,2
460,688,435,0,3
460,690,435,0,3
460,692,459,1,2
460,693,485,3,0
460,695,459,1,2
460,696,435,0,3
460,698,435,0,3
460,701,459,1,2
460,702,459,1,2
460,703,485,3,0
460,707,459,1,2
460,708,459,1,2
460,713,485,3,0
460,718,485,3,0
460,720,459,1,2
460,722,459,1,2
460,723,459,1,2
461,627,460,1,2
461,631,460,1,2
461,632,486,3,0
461,633,436,0,3
461,634,460,1,2
461,635,460,1,2
461,639,460,1,2
461,640,486,3,0
461,644,460,1,2
461,649,460,1,2
461,656,436,0,3
461,659,486,3,0
461,661,486,3,0
461,665,486,3,0
461,667,486,3,0
461,669,460,1,2
461,671,486,3,0
461,676,486,3,0
461,678,460,1,2
461,679,460,1,2
461,686,460,1,2
461,688,436,0,3
461,690,436,0,3
461,693,486,3,0
461,695,460,1,2
461,696,436,0,3
461,698,436,0,3
461,702,460,1,2
461,707,460,1,2
461,708,460,1,2
461,713,486,3,0
461,718,486,3,0
461,720,460,1,2
461,722,460,1,2
461,723,460,1,2
462,631,461,1,2
462,635,461,1,2
462,639,461,1,2
462,649,461,1,2
462,656,437,0,3
462,659,487,3,0
462,667,487,3,0
462,669,461,1,2
462,671,487,3,0
462,676,487,3,0
462,678,461,1,2
462,686,461,1,2
462,688,437,0,3
462,690,437,0,3
462,693,487,3,0
462,695,461,1,2
462,707,461,1,2
462,713,487,3,0
462,718,487,3,0
462,720,461,1,2
462,723,461,1,2
463,631,462,1,2
463,635,462,1,2
463,656,438,0,3
463,659,488,3,0
463,669,462,1,2
463,671,488,3,0
463,676,488,3,0
463,678,462,1,2
463,686,462,1,2
463,688,438,0,3
463,690,438,0,3
463,693,488,3,0
463,695,462,1,2
463,700,462,1,2
463,723,462,1,2
464,635,463,1,2
464,659,489,3,0
464,668,465,2,1
464,671,489,3,0
464,676,489,3,0
464,678,463,1,2
464,690,439,0,3
464,695,463,1,2
465,659,490,3,0
465,671,490,3,0
465,676,490,3,0
465,690,440,0,3
465,711,464,1,2
466,635,467,2,1
466,656,441,0,3
466,659,491,3,0
466,671,491,3,0
466,676,491,3,0
466,678,467,2,1
466,688,441,0,3
466,690,441,0,3
466,695,467,2,1
467,631,468,2,1
467,635,468,2,1
467,639,468,2,1
467,656,442,0,3
467,659,492,3,0
467,669,468,2,1
467,671,492,3,0
467,673,468,2,1
467,676,492,3,0
467,678,468,2,1
467,686,468,2,1
467,688,442,0,3
467,690,442,0,3
467,693,492,3,0
467,695,468,2,1
467,700,466,1,2
467,723,468,2,1
468,631,469,2,1
468,632,493,3,0
468,634,469,2,1
468,635,469,2,1
468,639,469,2,1
468,649,469,2,1
468,656,443,0,3
468,659,493,3,0
468,665,493,3,0
468,667,493,3,0
468,669,469,2,1
468,671,493,3,0
468,676,493,3,0
468,678,469,2,1
468,686,469,2,1
468,688,443,0,3
468,690,443,0,3
468,693,493,3,0
468,695,469,2,1
468,707,469,2,1
468,713,493,3,0
468,718,493,3,0
468,720,469,2,1
468,723,469,2,1
469,627,470,2,1
469,631,470,2,1
469,632,494,3,0
469,633,444,0,3
469,634,470,2,1
469,635,470,2,1
469,639,470,2,1
469,640,494,3,0
469,644,470,2,1
469,649,470,2,1
469,656,444,0,3
469,659,494,3,0
469,661,494,3,0
469,665,494,3,0
469,667,494,3,0
469,669,470,2,1
469,671,494,3,0
469,676,494,3,0
469,678,470,2,1
469,679,470,2,1
469,686,470,2,1
469,688,444,0,3
469,690,444,0,3
469,693,494,3,0
469,695,470,2,1
469,696,444,0,3
469,698,444,0,3
469,702,470,2,1
469,707,470,2,1
469,708,470,2,1
469,713,494,3,0
469,718,494,3,0
469,720,470,2,1
469,722,470,2,1
469,723,470,2,1
470,627,471,2,1
470,631,471,2,1
470,632,495,3,0
470,633,445,0,3
470,634,471,2,1
470,635,471,2,1
470,638,445,0,3
470,639,471,2,1
470,640,495,3,0
470,644,471,2,1
470,649,471,2,1
470,656,445,0,3
470,659,495,3,0
470,661,495,3,0
470,665,495,3,0
470,667,495,3,0
470,669,471,2,1
470,671,495,3,0
470,676,495,3,0
470,678,471,2,1
470,679,471,2,1
470,686,471,2,1
470,688,445,0,3
470,690,445,0,3
470,692,469,1,2
470,693,495,3,0
470,695,471,2,1
470,696,445,0,3
470,698,445,0,3
470,701,469,1,2
470,702,471,2,1
470,703,495,3,0
470,707,471,2,1
470,708,471,2,1
470,713,495,3,0
470,718,495,3,0
470,720,471,2,1
470,722,471,2,1
470,723,471,2,1
471,627,496,3,0
471,631,496,3,0
471,634,446,0,3
471,635,446,0,3
471,638,446,0,3
471,640,496,3,0
471,649,446,0,3
471,656,446,0,3
471,659,496,3,0
471,661,496,3,0
471,664,496,3,0
471,667,496,3,0
471,669,446,0,3
471,671,496,3,0
471,676,496,3,0
471,678,446,0,3
471,679,496,3,0
471,686,496,3,0
471,688,446,0,3
471,690,446,0,3
471,693,496,3,0
471,695,446,0,3
471,696,446,0,3
471,702,446,0,3
471,707,496,3,0
471,708,446,0,3
471,713,496,3,0
471,718,496,3,0
471,720,446,0,3
471,722,446,0,3
471,723,446,0,3
472,627,497,3,0
472,631,497,3,0
472,632,471,1,2
472,633,471,1,2
472,634,447,0,3
472,635,447,0,3
472,638,471,1,2
472,639,447,0,3
472,640,471,1,2
472,644,447,0,3
472,649,447,0,3
472,656,471,1,2
472,659,471,1,2
472,661,471,1,2
472,665,471,1,2
472,667,471,1,2
472,669,447,0,3
472,671,471,1,2
472,676,471,1,2
472,678,447,0,3
472,679,497,3,0
472,686,497,3,0
472,688,471,1,2
472,690,471,1,2
472,692,473,2,1
472,693,471,1,2
472,695,447,0,3
472,696,471,1,2
472,698,471,1,2
472,701,473,2,1
472,702,447,0,3
472,703,471,1,2
472,707,497,3,0
472,708,447,0,3
472,713,471,1,2
472,718,471,1,2
472,720,447,0,3
472,722,447,0,3
472,723,447,0,3
473,627,498,3,0
473,631,498,3,0
473,632,472,1,2
473,633,472,1,2
473,634,448,0,3
473,635,448,0,3
473,639,448,0,3
473,640,472,1,2
473,644,448,0,3
473,649,448,0,3
473,656,472,1,2
473,659,472,1,2
473,661,472,1,2
473,665,472,1,2
473,667,472,1,2
473,669,448,0,3
473,671,472,1,2
473,676,472,1,2
473,678,448,0,3
473,679,498,3,0
473,686,498,3,0
473,688,472,1,2
473,690,472,1,2
473,693,472,1,2
473,695,448,0,3
473,696,472,1,2
473,698,472,1,2
473,702,448,0,3
473,707,498,3,0
473,708,448,0,3
473,713,472,1,2
473,718,472,1,2
473,720,448,0,3
473,722,448,0,3
473,723,448,0,3
474,631,499,3,0
474,632,473,1,2
474,634,449,0,3
474,635,449,0,3
474,639,449,0,3
474,649,449,0,3
474,656,473,1,2
474,659,473,1,2
474,665,473,1,2
474,667,473,1,2
474,669,449,0,3
474,671,473,1,2
474,676,473,1,2
474,678,449,0,3
474,686,499,3,0
474,688,473,1,2
474,690,473,1,2
474,693,473,1,2
474,695,449,0,3
474,707,499,3,0
474,713,473,1,2
474,718,473,1,2
474,720,449,0,3
474,723,449,0,3
475,631,500,2,0
475,635,450,0,2
475,639,500,2,0
475,656,499,3,2
475,659,499,3,2
475,669,450,0,2
475,671,499,3,2
475,673,450,0,2
475,676,499,3,2
475,678,450,0,2
475,686,500,2,0
475,688,499,3,2
475,690,499,3,2
475,693,499,3,2
475,695,450,0,2
475,700,476,1,1
475,723,450,0,2
476,635,451,0,3
476,656,475,1,1
476,659,475,1,1
476,671,475,1,1
476,676,475,1,1
476,678,451,0,3
476,688,475,1,1
476,690,475,1,1
476,695,451,0,3
477,659,476,1,2
477,668,476,1,2
477,671,476,1,2
477,676,476,1,2
477,690,476,1,2
477,711,478,2,1
478,635,453,0,3
478,659,479,2,1
478,668,477,1,2
478,671,479,2,1
478,676,479,2,1
478,678,453,0,3
478,690,479,2,1
478,695,453,0,3
479,631,504,3,0
479,635,454,0,3
479,656,480,2,1
479,659,480,2,1
479,669,454,0,3
479,671,480,2,1
479,673,454,0,3
479,676,480,2,1
479,678,454,0,3
479,686,504,3,0
479,688,480,2,1
479,690,480,2,1
479,693,480,2,1
479,695,454,0,3
479,723,454,0,3
480,631,505,3,0
480,635,455,0,3
480,639,505,3,0
480,649,455,0,3
480,656,481,2,1
480,659,481,2,1
480,667,481,2,1
480,669,455,0,3
480,671,481,2,1
480,676,481,2,1
480,678,455,0,3
480,686,505,3,0
480,688,481,2,1
480,690,481,2,1
480,693,481,2,1
480,695,455,0,3
480,707,505,3,0
480,713,481,2,1
480,718,481,2,1
480,720,455,0,3
480,723,455,0,3
481,627,506,3,0
481,631,506,3,0
481,632,482,2,1
481,633,482,2,1
481,634,456,0,3
481,635,456,0,3
481,639,506,3,0
481,640,482,2,1
481,644,456,0,3
481,649,456,0,3
481,656,482,2,1
481,659,482,2,1
481,661,482,2,1
481,665,482,2,1
481,667,482,2,1
481,669,456,0,3
481,671,482,2,1
481,676,482,2,1
481,678,456,0,3
481,679,506,3,0
481,686,506,3,0
481,688,482,2,1
481,690,482,2,1
481,693,482,2,1
481,695,456,0,3
481,696,482,2,1
481,698,482,2,1
481,702,456,0,3
481,707,506,3,0
481,708,506,3,0
481,713,482,2,1
481,718,482,2,1
481,720,456,0,3
481,722,456,0,3
481,723,456,0,3
482,627,507,3,0
482,631,507,3,0
482,632,483,2,1
482,633,483,2,1
482,634,457,0,3
482,635,457,0,3
482,638,483,2,1
482,639,507,3,0
482,640,483,2,1
482,644,457,0,3
482,649,457,0,3
482,656,483,2,1
482,659,483,2,1
482,661,483,2,1
482,665,483,2,1
482,667,483,2,1
482,669,457,0,3
482,671,483,2,1
482,676,483,2,1
482,678,457,0,3
482,679,507,3,0
482,686,507,3,0
482,688,483,2,1
482,690,483,2,1
482,693,483,2,1
482,695,457,0,3
482,696,483,2,1
482,698,483,2,1
482,702,457,0,3
482,703,483,2,1
482,707,507,3,0
482,708,507,3,0
482,713,483,2,1
482,718,483,2,1
482,720,457,0,3
482,722,457,0,3
482,723,457,0,3
483,626,508,3,0
483,627,508,3,0
483,629,458,0,3
483,631,508,3,0
483,633,508,3,0
483,634,458,0,3
483,635,458,0,3
483,637,458,0,3
483,638,458,0,3
483,639,508,3,0
483,640,508,3,0
483,643,508,3,0
483,644,458,0,3
483,646,508,3,0
483,647,508,3,0
483,649,458,0,3
483,650,458,0,3
483,651,508,3,0
483,652,508,3,0
483,653,508,3,0
483,654,508,3,0
483,655,508,3,0
483,656,458,0,3
483,657,458,0,3
483,659,508,3,0
483,660,458,0,3
483,661,508,3,0
483,663,458,0,3
483,664,508,3,0
483,666,508,3,0
483,667,508,3,0
483,669,458,0,3
483,671,508,3,0
483,672,508,3,0
483,676,508,3,0
483,677,508,3,0
483,678,458,0,3
483,679,508,3,0
483,681,508,3,0
483,682,508,3,0
483,683,508,3,0
483,686,508,3,0
483,687,458,0,3
483,688,458,0,3
483,690,458,0,3
483,692,508,3,0
483,693,508,3,0
483,694,508,3,0
483,695,458,0,3
483,696,458,0,3
483,697,458,0,3
483,700,458,0,3
483,701,508,3,0
483,702,458,0,3
483,705,508,3,0
483,706,508,3,0
483,707,508,3,0
483,708,508,3,0
483,709,508,3,0
483,710,458,0,3
483,711,458,0,3
483,713,508,3,0
483,715,508,3,0
483,716,458,0,3
483,718,508,3,0
483,719,508,3,0
483,720,458,0,3
483,721,508,3,0
483,722,458,0,3
483,723,458,0,3
484,625,483,1,2
484,627,483,1,2
484,628,483,1,2
484,630,483,1,2
484,631,483,1,2
484,633,509,3,0
484,634,483,1,2
484,635,483,1,2
484,636,483,1,2
484,638,459,0,3
484,639,483,1,2
484,640,509,3,0
484,641,483,1,2
484,642,483,1,2
484,644,483,1,2
484,645,483,1,2
484,648,483,1,2
484,649,483,1,2
484,655,483,1,2
484,656,459,0,3
484,658,483,1,2
484,659,509,3,0
484,661,509,3,0
484,662,483,1,2
484,664,509,3,0
484,667,509,3,0
484,668,483,1,2
484,669,483,1,2
484,670,483,1,2
484,671,509,3,0
484,672,509,3,0
484,673,483,1,2
484,674,483,1,2
484,675,483,1,2
484,676,509,3,0
484,678,483,1,2
484,679,483,1,2
484,680,483,1,2
484,684,483,1,2
484,685,483,1,2
484,686,483,1,2
484,688,459,0,3
484,689,483,1,2
484,690,459,0,3
484,691,483,1,2
484,692,483,1,2
484,693,509,3,0
484,695,483,1,2
484,696,459,0,3
484,699,483,1,2
484,701,483,1,2
484,702,483,1,2
484,704,483,1,2
484,706,483,1,2
484,707,483,1,2
484,708,483,1,2
484,712,483,1,2
484,713,509,3,0
484,714,483,1,2
484,717,483,1,2
484,718,509,3,0
484,720,483,1,2
484,721,483,1,2
484,722,483,1,2
484,723,483,1,2
484,724,483,1,2
485,627,484,1,2
485,631,484,1,2
485,632,510,3,0
485,633,510,3,0
485,634,484,1,2
485,635,484,1,2
485,638,460,0,3
485,639,484,1,2
485,640,510,3,0
485,644,484,1,2
485,649,484,1,2
485,656,460,0,3
485,659,510,3,0
485,661,510,3,0
485,665,510,3,0
485,667,510,3,0
485,669,484,1,2
485,671,510,3,0
485,676,510,3,0
485,678,484,1,2
485,679,484,1,2
485,686,484,1,2
485,688,460,0,3
485,690,460,0,3
485,692,484,1,2
485,693,510,3,0
485,695,484,1,2
485,696,460,0,3
485,698,460,0,3
485,701,484,1,2
485,702,484,1,2
485,703,510,3,0
485,707,484,1,2
485,708,484,1,2
485,713,510,3,0
485,718,510,3,0
485,720,484,1,2
485,722,484,1,2
485,723,484,1,2
486,627,485,1,2
486,631,485,1,2
486,632,511,3,0
486,633,511,3,0
486,634,485,1,2
486,635,485,1,2
486,639,485,1,2
486,640,511,3,0
486,644,485,1,2
486,649,485,1,2
486,656,461,0,3
486,659,511,3,0
486,661,511,3,0
486,665,511,3,0
486,667,511,3,0
486,669,485,1,2
486,671,511,3,0
486,676,511,3,0
486,678,485,1,2
486,679,485,1,2
486,686,485,1,2
486,688,461,0,3
486,690,461,0,3
486,693,511,3,0
486,695,485,1,2
486,696,461,0,3
486,698,461,0,3
486,702,485,1,2
486,707,485,1,2
486,708,485,1,2
486,713,511,3,0
486,718,511,3,0
486,720,485,1,2
486,722,485,1,2
486,723,485,1,2
487,631,486,1,2
487,635,486,1,2
487,639,486,1,2
487,649,486,1,2
487,656,462,0,3
487,659,512,3,0
487,667,512,3,0
487,669,486,1,2
487,671,512,3,0
487,676,512,3,0
487,678,486,1,2
487,686,486,1,2
487,688,462,0,3
487,690,462,0,3
487,693,512,3,0
487,695,486,1,2
487,707,486,1,2
487,713,512,3,0
487,718,512,3,0
487,720,486,1,2
487,723,486,1,2
488,631,487,1,2
488,635,487,1,2
488,656,463,0,3
488,659,513,3,0
488,669,487,1,2
488,671,513,3,0
488,676,513,3,0
488,678,487,1,2
488,686,487,1,2
488,688,463,0,3
488,690,463,0,3
488,693,513,3,0
488,695,487,1,2
488,700,487,1,2
488,723,487,1,2
489,635,488,1,2
489,659,514,3,0
489,668,490,2,1
489,671,514,3,0
489,676,514,3,0
489,678,488,1,2
489,690,464,0,3
489,695,488,1,2
490,659,515,3,0
490,671,515,3,0
490,676,515,3,0
490,690,465,0,3
490,711,489,1,2
491,635,492,2,1
491,656,466,0,3
491,659,516,3,0
491,671,516,3,0
491,676,516,3,0
491,678,492,2,1
491,688,466,0,3
491,690,466,0,3
491,695,492,2,1
492,631,493,2,1
492,635,493,2,1
492,639,493,2,1
492,656,467,0,3
492,659,517,3,0
492,669,493,2,1
492,671,517,3,0
492,673,493,2,1
492,676,517,3,0
492,678,493,2,1
492,686,493,2,1
492,688,467,0,3
492,690,467,0,3
492,693,517,3,0
492,695,493,2,1
492,700,491,1,2
492,723,493,2,1
493,631,494,2,1
493,632,518,3,0
493,634,494,2,1
493,635,494,2,1
493,639,494,2,1
493,649,494,2,1
493,656,468,0,3
493,659,518,3,0
493,665,518,3,0
493,667,518,3,0
493,669,494,2,1
493,671,518,3,0
493,676,518,3,0
493,678,494,2,1
493,686,494,2,1
493,688,468,0,3
493,690,468,0,3
493,693,518,3,0
493,695,494,2,1
493,707,494,2,1
493,713,518,3,0
493,718,518,3,0
493,720,494,2,1
493,723,494,2,1
494,627,495,2,1
494,631,495,2,1
494,632,519,3,0
494,633,519,3,0
494,634,495,2,1
494,635,495,2,1
494,639,495,2,1
494,640,519,3,0
494,644,495,2,1
494,649,495,2,1
494,656,469,0,3
494,659,519,3,0
494,661,519,3,0
494,665,519,3,0
494,667,519,3,0
494,669,495,2,1
494,671,519,3,0
494,676,519,3,0
494,678,495,2,1
494,679,495,2,1
494,686,495,2,1
494,688,469,0,3
494,690,469,0,3
494,693,519,3,0
494,695,495,2,1
494,696,469,0,3
494,698,469,0,3
494,702,495,2,1
494,707,495,2,1
494,708,495,2,1
494,713,519,3,0
494,718,519,3,0
494,720,495,2,1
494,722,495,2,1
494,723,495,2,1
495,627,496,2,1
495,631,496,2,1
495,632,520,3,0
495,633,520,3,0
495,634,496,2,1
495,635,496,2,1
495,638,470,0,3
495,639,496,2,1
495,640,520,3,0
495,644,496,2,1
495,649,496,2,1
495,656,470,0,3
495,659,520,3,0
495,661,520,3,0
495,665,520,3,0
495,667,520,3,0
495,669,496,2,1
495,671,520,3,0
495,676,520,3,0
495,678,496,2,1
495,679,496,2,1
495,686,496,2,1
495,688,470,0,3
495,690,470,0,3
495,692,494,1,2
495,693,520,3,0
495,695,496,2,1
495,696,470,0,3
495,698,470,0,3
495,701,494,1,2
495,702,496,2,1
495,703,520,3,0
495,707,496,2,1
495,708,496,2,1
495,713,520,3,0
495,718,520,3,0
495,720,496,2,1
495,722,496,2,1
495,723,496,2,1
496,627,521,3,0
496,631,521,3,0
496,633,521,3,0
496,634,471,0,3
496,635,471,0,3
496,638,471,0,3
496,639,521,3,0
496,640,521,3,0
496,649,471,0,3
496,656,471,0,3
496,659,521,3,0
496,661,521,3,0
496,664,521,3,0
496,667,521,3,0
496,669,471,0,3
496,671,521,3,0
496,672,521,3,0
496,676,521,3,0
496,678,471,0,3
496,679,521,3,0
496,686,521,3,0
496,688,471,0,3
496,690,471,0,3
496,693,521,3,0
496,695,471,0,3
496,696,471,0,3
496,702,471,0,3
496,707,521,3,0
496,713,521,3,0
496,718,521,3,0
496,720,471,0,3
496,722,471,0,3
496,723,471,0,3
497,627,522,3,0
497,631,522,3,0
497,632,496,1,2
497,633,496,1,2
497,634,472,0,3
497,635,472,0,3
497,638,496,1,2
497,639,522,3,0
497,640,496,1,2
497,644,472,0,3
497,649,472,0,3
497,656,496,1,2
497,659,496,1,2
497,661,496,1,2
497,665,496,1,2
497,667,496,1,2
497,669,472,0,3
497,671,496,1,2
497,676,496,1,2
497,678,472,0,3
497,679,522,3,0
497,686,522,3,0
497,688,496,1,2
497,690,496,1,2
497,692,498,2,1
497,693,496,1,2
497,695,472,0,3
497,696,496,1,2
497,698,496,1,2
497,701,498,2,1
497,702,472,0,3
497,703,496,1,2
497,707,522,3,0
497,708,522,3,0
497,713,496,1,2
497,718,496,1,2
497,720,472,0,3
497,722,472,0,3
497,723,472,0,3
498,627,523,3,0
498,631,523,3,0
498,632,497,1,2
498,633,497,1,2
498,634,473,0,3
498,635,473,0,3
498,639,523,3,0
498,640,497,1,2
498,644,473,0,3
498,649,473,0,3
498,656,497,1,2
498,659,497,1,2
498,661,497,1,2
498,665,497,1,2
498,667,497,1,2
498,669,473,0,3
498,671,497,1,2
498,676,497,1,2
498,678,473,0,3
498,679,523,3,0
498,686,523,3,0
498,688,497,1,2
498,690,497,1,2
498,693,497,1,2
498,695,473,0,3
498,696,497,1,2
498,698,497,1,2
498,702,473,0,3
498,707,523,3,0
498,708,523,3,0
498,713,497,1,2
498,718,497,1,2
498,720,473,0,3
498,722,473,0,3
498,723,473,0,3
499,631,524,3,0
499,632,498,1,2
499,634,474,0,3
499,635,474,0,3
499,639,524,3,0
499,649,474,0,3
499,656,498,1,2
499,659,498,1,2
499,665,498,1,2
499,667,498,1,2
499,669,474,0,3
499,671,498,1,2
499,676,498,1,2
499,678,474,0,3
499,686,524,3,0
499,688,498,1,2
499,690,498,1,2
499,693,498,1,2
499,695,474,0,3
499,707,524,3,0
499,713,498,1,2
499,718,498,1,2
499,720,474,0,3
499,723,474,0,3
500,631,525,2,0
500,635,475,0,2
500,639,525,2,0
500,656,524,3,2
500,659,524,3,2
500,669,475,0,2
500,671,524,3,2
500,673,475,0,2
500,676,524,3,2
500,678,475,0,2
500,686,525,2,0
500,688,524,3,2
500,690,524,3,2
500,693,524,3,2
500,695,475,0,2
500,700,501,1,1
500,723,475,0,2
501,635,476,0,3
501,656,500,1,1
501,659,500,1,1
501,671,500,1,1
501,676,500,1,1
501,678,476,0,3
501,688,500,1,1
501,690,500,1,1
501,695,476,0,3
502,659,501,1,2
502,668,501,1,2
502,671,501,1,2
502,676,501,1,2
502,690,501,1,2
502,711,503,2,1
503,635,478,0,3
503,659,504,2,1
503,668,502,1,2
503,671,504,2,1
503,676,504,2,1
503,678,478,0,3
503,690,504,2,1
503,695,478,0,3
504,631,529,3,0
504,635,479,0,3
504,656,505,2,1
504,659,505,2,1
504,669,479,0,3
504,671,505,2,1
504,673,479,0,3
504,676,505,2,1
504,678,479,0,3
504,686,529,3,0
504,688,505,2,1
504,690,505,2,1
504,693,505,2,1
504,695,479,0,3
504,723,479,0,3
505,631,530,3,0
505,635,480,0,3
505,639,530,3,0
505,649,480,0,3
505,656,506,2,1
505,659,506,2,1
505,667,506,2,1
505,669,480,0,3
505,671,506,2,1
505,676,506,2,1
505,678,480,0,3
505,686,530,3,0
505,688,506,2,1
505,690,506,2,1
505,693,506,2,1
505,695,480,0,3
505,707,530,3,0
505,713,506,2,1
505,718,506,2,1
505,720,480,0,3
505,723,480,0,3
506,627,531,3,0
506,631,531,3,0
506,632,507,2,1
506,633,507,2,1
506,634,481,0,3
506,635,481,0,3
506,639,531,3,0
506,640,507,2,1
506,644,481,0,3
506,649,481,0,3
506,656,507,2,1
506,659,507,2,1
506,661,507,2,1
506,665,507,2,1
506,667,507,2,1
506,669,481,0,3
506,671,507,2,1
506,676,507,2,1
506,678,481,0,3
506,679,531,3,0
506,686,531,3,0
506,688,507,2,1
506,690,507,2,1
506,693,507,2,1
506,695,481,0,3
506,696,507,2,1
506,698,507,2,1
506,702,481,0,3
506,707,531,3,0
506,708,531,3,0
506,713,507,2,1
506,718,507,2,1
506,720,481,0,3
506,722,481,0,3
506,723,481,0,3
507,627,532,3,0
507,631,532,3,0
507,632,508,2,1
507,633,508,2,1
507,634,482,0,3
507,635,482,0,3
507,638,508,2,1
507,639,532,3,0
507,640,508,2,1
507,644,482,0,3
507,649,482,0,3
507,656,508,2,1
507,659,508,2,1
507,661,508,2,1
507,665,508,2,1
507,667,508,2,1
507,669,482,0,3
507,671,508,2,1
507,676,508,2,1
507,678,482,0,3
507,679,532,3,0
507,686,532,3,0
507,688,508,2,1
507,690,508,2,1
507,693,508,2,1
507,695,482,0,3
507,696,508,2,1
507,698,508,2,1
507,702,482,0,3
507,703,508,2,1
507,707,532,3,0
507,708,532,3,0
507,713,508,2,1
507,718,508,2,1
507,720,482,0,3
507,722,482,0,3
507,723,482,0,3
508,626,533,3,0
508,627,533,3,0
508,629,483,0,3
508,631,533,3,0
508,633,533,3,0
508,634,483,0,3
508,635,483,0,3
508,637,533,3,0
508,638,483,0,3
508,639,533,3,0
508,643,533,3,0
508,644,483,0,3
508,646,533,3,0
508,647,533,3,0
508,649,483,0,3
508,650,483,0,3
508,651,533,3,0
508,652,533,3,0
508,654,533,3,0
508,655,533,3,0
508,656,483,0,3
508,657,483,0,3
508,659,533,3,0
508,660,483,0,3
508,661,533,3,0
508,663,483,0,3
508,666,533,3,0
508,667,533,3,0
508,669,483,0,3
508,671,533,3,0
508,672,533,3,0
508,676,533,3,0
508,677,533,3,0
508,678,483,0,3
508,679,533,3,0
508,681,533,3,0
508,682,533,3,0
508,683,533,3,0
508,686,533,3,0
508,687,483,0,3
508,688,483,0,3
508,690,483,0,3
508,692,533,3,0
508,693,533,3,0
508,694,533,3,0
508,695,483,0,3
508,696,483,0,3
508,697,533,3,0
508,698,533,3,0
508,700,483,0,3
508,701,533,3,0
508,702,483,0,3
508,705,533,3,0
508,706,533,3,0
508,707,533,3,0
508,708,533,3,0
508,709,533,3,0
508,710,483,0,3
508,711,483,0,3
508,713,533,3,0
508,715,533,3,0
508,716,533,3,0
508,718,533,3,0
508,719,533,3,0
508,720,483,0,3
508,721,533,3,0
508,722,483,0,3
508,723,483,0,3
509,625,508,1,2
509,627,508,1,2
509,628,508,1,2
509,630,508,1,2
509,631,508,1,2
509,633,534,3,0
509,634,508,1,2
509,635,508,1,2
509,636,508,1,2
509,638,484,0,3
509,639,508,1,2
509,641,508,1,2
509,642,508,1,2
509,644,508,1,2
509,645,508,1,2
509,648,508,1,2
509,649,508,1,2
509,655,508,1,2
509,656,484,0,3
509,658,508,1,2
509,659,534,3,0
509,661,534,3,0
509,662,508,1,2
509,667,534,3,0
509,668,508,1,2
509,669,508,1,2
509,670,508,1,2
509,671,534,3,0
509,672,534,3,0
509,673,508,1,2
509,674,508,1,2
509,675,508,1,2
509,676,534,3,0
509,678,508,1,2
509,679,508,1,2
509,680,508,1,2
509,684,508,1,2
509,685,508,1,2
509,686,508,1,2
509,688,484,0,3
509,689,508,1,2
509,690,484,0,3
509,691,508,1,2
509,692,508,1,2
509,693,534,3,0
509,695,508,1,2
509,696,484,0,3
509,698,534,3,0
509,699,508,1,2
509,701,508,1,2
509,702,508,1,2
509,704,508,1,2
509,706,508,1,2
509,707,508,1,2
509,708,508,1,2
509,712,508,1,2
509,713,534,3,0
509,717,508,1,2
509,718,534,3,0
509,720,508,1,2
509,721,508,1,2
509,722,508,1,2
509,723,508,1,2
509,724,508,1,2
510,627,509,1,2
510,631,509,1,2
510,632,535,3,0
510,633,535,3,0
510,634,509,1,2
510,635,509,1,2
510,638,485,0,3
510,639,509,1,2
510,640,535,3,0
510,644,509,1,2
510,649,509,1,2
510,656,485,0,3
510,659,535,3,0
510,661,535,3,0
510,665,535,3,0
510,667,535,3,0
510,669,509,1,2
510,671,535,3,0
510,676,535,3,0
510,678,509,1,2
510,679,509,1,2
510,686,509,1,2
510,688,485,0,3
510,690,485,0,3
510,692,509,1,2
510,693,535,3,0
510,695,509,1,2
510,696,485,0,3
510,698,535,3,0
510,701,509,1,2
510,702,509,1,2
510,703,535,3,0
510,707,509,1,2
510,708,509,1,2
510,713,535,3,0
510,718,535,3,0
510,720,509,1,2
510,722,509,1,2
510,723,509,1,2
511,627,510,1,2
511,631,510,1,2
511,632,536,3,0
511,633,536,3,0
511,634,510,1,2
511,635,510,1,2
511,639,510,1,2
511,640,536,3,0
511,644,510,1,2
511,649,510,1,2
511,656,486,0,3
511,659,536,3,0
511,661,536,3,0
511,665,536,3,0
511,667,536,3,0
511,669,510,1,2
511,671,536,3,0
511,676,536,3,0
511,678,510,1,2
511,679,510,1,2
511,686,510,1,2
511,688,486,0,3
511,690,486,0,3
511,693,536,3,0
511,695,510,1,2
511,696,486,0,3
511,698,536,3,0
511,702,510,1,2
511,707,510,1,2
511,708,510,1,2
511,713,536,3,0
511,718,536,3,0
511,720,510,1,2
511,722,510,1,2
511,723,510,1,2
512,631,511,1,2
512,635,511,1,2
512,639,511,1,2
512,649,511,1,2
512,656,487,0,3
512,659,537,3,0
512,667,537,3,0
512,669,511,1,2
512,671,537,3,0
512,676,537,3,0
512,678,511,1,2
512,686,511,1,2
512,688,487,0,3
512,690,487,0,3
512,693,537,3,0
512,695,511,1,2
512,707,511,1,2
512,713,537,3,0
512,718,537,3,0
512,720,511,1,2
512,723,511,1,2
513,631,512,1,2
513,635,512,1,2
513,656,488,0,3
513,659,538,3,0
513,669,512,1,2
513,671,538,3,0
513,676,538,3,0
513,678,512,1,2
513,686,512,1,2
513,688,488,0,3
513,690,488,0,3
513,693,538,3,0
513,695,512,1,2
513,700,512,1,2
513,723,512,1,2
514,635,513,1,2
514,659,539,3,0
514,668,515,2,1
514,671,539,3,0
514,676,539,3,0
514,678,513,1,2
514,690,489,0,3
514,695,513,1,2
515,659,540,3,0
515,671,540,3,0
515,676,540,3,0
515,690,490,0,3
515,711,514,1,2
516,635,517,2,1
516,656,491,0,3
516,659,541,3,0
516,671,541,3,0
516,676,541,3,0
516,678,517,2,1
516,688,491,0,3
516,690,491,0,3
516,695,517,2,1
517,631,518,2,1
517,635,518,2,1
517,639,518,2,1
517,656,492,0,3
517,659,542,3,0
517,669,518,2,1
517,671,542,3,0
517,673,518,2,1
517,676,542,3,0
517,678,518,2,1
517,686,518,2,1
517,688,492,0,3
517,690,492,0,3
517,693,542,3,0
517,695,518,2,1
517,700,516,1,2
517,723,518,2,1
518,631,519,2,1
518,632,543,3,0
518,634,519,2,1
518,635,519,2,1
518,639,519,2,1
518,649,519,2,1
518,656,493,0,3
518,659,543,3,0
518,665,543,3,0
518,667,543,3,0
518,669,519,2,1
518,671,543,3,0
518,676,543,3,0
518,678,519,2,1
518,686,519,2,1
518,688,493,0,3
518,690,493,0,3
518,693,543,3,0
518,695,519,2,1
518,707,519,2,1
518,713,543,3,0
518,718,543,3,0
518,720,519,2,1
518,723,519,2,1
519,627,520,2,1
519,631,520,2,1
519,632,544,3,0
519,633,544,3,0
519,634,520,2,1
519,635,520,2,1
519,639,520,2,1
519,640,544,3,0
519,644,520,2,1
519,649,520,2,1
519,656,494,0,3
519,659,544,3,0
519,661,544,3,0
519,665,544,3,0
519,667,544,3,0
519,669,520,2,1
519,671,544,3,0
519,676,544,3,0
519,678,520,2,1
519,679,520,2,1
519,686,520,2,1
519,688,494,0,3
519,690,494,0,3
519,693,544,3,0
519,695,520,2,1
519,696,494,0,3
519,698,544,3,0
519,702,520,2,1
519,707,520,2,1
519,708,520,2,1
519,713,544,3,0
519,718,544,3,0
519,720,520,2,1
519,722,520,2,1
519,723,520,2,1
520,627,521,2,1
520,631,521,2,1
520,632,545,3,0
520,633,545,3,0
520,634,521,2,1
520,635,521,2,1
520,638,495,0,3
520,639,521,2,1
520,640,545,3,0
520,644,521,2,1
520,649,521,2,1
520,656,495,0,3
520,659,545,3,0
520,661,545,3,0
520,665,545,3,0
520,667,545,3,0
520,669,521,2,1
520,671,545,3,0
520,676,545,3,0
520,678,521,2,1
520,679,521,2,1
520,686,521,2,1
520,688,495,0,3
520,690,495,0,3
520,692,519,1,2
520,693,545,3,0
520,695,521,2,1
520,696,495,0,3
520,698,545,3,0
520,701,519,1,2
520,702,521,2,1
520,703,545,3,0
520,707,521,2,1
520,708,521,2,1
520,713,545,3,0
520,718,545,3,0
520,720,521,2,1
520,722,521,2,1
520,723,521,2,1
521,627,546,3,0
521,631,546,3,0
521,633,546,3,0
521,634,496,0,3
521,635,496,0,3
521,638,496,0,3
521,639,546,3,0
521,649,496,0,3
521,656,496,0,3
521,659,546,3,0
521,661,546,3,0
521,667,546,3,0
521,669,496,0,3
521,671,546,3,0
521,672,546,3,0
521,676,546,3,0
521,678,496,0,3
521,679,546,3,0
521,686,546,3,0
521,688,496,0,3
521,690,496,0,3
521,693,546,3,0
521,695,496,0,3
521,696,496,0,3
521,698,546,3,0
521,702,496,0,3
521,707,546,3,0
521,713,546,3,0
521,718,546,3,0
521,720,496,0,3
521,722,496,0,3
521,723,496,0,3
522,627,547,3,0
522,631,547,3,0
522,632,521,1,2
522,633,521,1,2
522,634,497,0,3
522,635,497,0,3
522,638,521,1,2
522,639,547,3,0
522,640,521,1,2
522,644,497,0,3
522,649,497,0,3
522,656,521,1,2
522,659,521,1,2
522,661,521,1,2
522,665,521,1,2
522,667,521,1,2
522,669,497,0,3
522,671,521,1,2
522,676,521,1,2
522,678,497,0,3
522,679,547,3,0
522,686,547,3,0
522,688,521,1,2
522,690,521,1,2
522,692,523,2,1
522,693,521,1,2
522,695,497,0,3
522,696,521,1,2
522,698,521,1,2
522,701,523,2,1
522,702,497,0,3
522,703,521,1,2
522,707,547,3,0
522,708,547,3,0
522,713,521,1,2
522,718,521,1,2
522,720,497,0,3
522,722,497,0,3
522,723,497,0,3
523,627,548,3,0
523,631,548,3,0
523,632,522,1,2
523,633,522,1,2
523,634,498,0,3
523,635,498,0,3
523,639,548,3,0
523,640,522,1,2
523,644,498,0,3
523,649,498,0,3
523,656,522,1,2
523,659,522,1,2
523,661,522,1,2
523,665,522,1,2
523,667,522,1,2
523,669,498,0,3
523,671,522,1,2
523,676,522,1,2
523,678,498,0,3
523,679,548,3,0
523,686,548,3,0
523,688,522,1,2
523,690,522,1,2
523,693,522,1,2
523,695,498,0,3
523,696,522,1,2
523,698,522,1,2
523,702,498,0,3
523,707,548,3,0
523,708,548,3,0
523,713,522,1,2
523,718,522,1,2
523,720,498,0,3
523,722,498,0,3
523,723,498,0,3
524,631,549,3,0
524,632,523,1,2
524,634,499,0,3
524,635,499,0,3
524,639,549,3,0
524,649,499,0,3
524,656,523,1,2
524,659,523,1,2
524,665,523,1,2
524,667,523,1,2
524,669,499,0,3
524,671,523,1,2
524,676,523,1,2
524,678,499,0,3
524,686,549,3,0
524,688,523,1,2
524,690,523,1,2
524,693,523,1,2
524,695,499,0,3
524,707,549,3,0
524,713,523,1,2
524,718,523,1,2
524,720,499,0,3
524,723,499,0,3
525,631,550,2,0
525,635,550,2,0
525,639,550,2,0
525,656,549,3,2
525,659,549,3,2
525,669,500,0,2
525,671,549,3,2
525,673,500,0,2
525,676,549,3,2
525,678,500,0,2
525,686,526,1,1
525,688,549,3,2
525,690,549,3,2
525,693,549,3,2
525,695,500,0,2
525,700,526,1,1
525,723,500,0,2
526,635,551,3,0
526,656,525,1,1
526,659,525,1,1
526,671,525,1,1
526,676,525,1,1
526,678,501,0,3
526,688,525,1,1
526,690,525,1,1
526,695,501,0,3
527,659,526,1,2
527,668,526,1,2
527,671,526,1,2
527,676,526,1,2
527,690,526,1,2
527,711,528,2,1
528,635,553,3,0
528,659,529,2,1
528,668,527,1,2
528,671,529,2,1
528,676,529,2,1
528,678,503,0,3
528,690,529,2,1
528,695,503,0,3
529,631,554,3,0
529,635,554,3,0
529,656,530,2,1
529,659,530,2,1
529,669,504,0,3
529,671,530,2,1
529,673,504,0,3
529,676,530,2,1
529,678,504,0,3
529,686,686,65,0
529,688,530,2,1
529,690,530,2,1
529,693,530,2,1
529,695,504,0,3
529,723,504,0,3
530,631,555,3,0
530,635,555,3,0
530,639,555,3,0
530,649,505,0,3
530,656,531,2,1
530,659,531,2,1
530,667,531,2,1
530,669,505,0,3
530,671,531,2,1
530,676,531,2,1
530,678,505,0,3
530,686,529,1,2
530,688,531,2,1
530,690,531,2,1
530,693,531,2,1
530,695,505,0,3
530,707,555,3,0
530,713,531,2,1
530,718,531,2,1
530,720,505,0,3
530,723,505,0,3
531,627,556,3,0
531,631,556,3,0
531,632,532,2,1
531,633,532,2,1
531,634,506,0,3
531,635,556,3,0
531,639,556,3,0
531,640,532,2,1
531,644,506,0,3
531,649,506,0,3
531,656,532,2,1
531,659,532,2,1
531,661,532,2,1
531,665,532,2,1
531,667,532,2,1
531,669,506,0,3
531,671,532,2,1
531,676,532,2,1
531,678,506,0,3
531,679,556,3,0
531,686,530,1,2
531,688,532,2,1
531,690,532,2,1
531,693,532,2,1
531,695,506,0,3
531,696,532,2,1
531,698,532,2,1
531,702,506,0,3
531,707,556,3,0
531,708,556,3,0
531,713,532,2,1
531,718,532,2,1
531,720,506,0,3
531,722,506,0,3
531,723,506,0,3
532,627,557,3,0
532,631,557,3,0
532,632,533,2,1
532,633,533,2,1
532,634,507,0,3
532,635,557,3,0
532,638,533,2,1
532,639,557,3,0
532,640,533,2,1
532,644,507,0,3
532,649,507,0,3
532,656,533,2,1
532,659,533,2,1
532,661,533,2,1
532,665,533,2,1
532,667,533,2,1
532,669,507,0,3
532,671,533,2,1
532,676,533,2,1
532,678,507,0,3
532,679,557,3,0
532,686,531,1,2
532,688,533,2,1
532,690,533,2,1
532,693,533,2,1
532,695,507,0,3
532,696,533,2,1
532,698,533,2,1
532,702,507,0,3
532,703,533,2,1
532,707,557,3,0
532,708,557,3,0
532,713,533,2,1
532,718,533,2,1
532,720,507,0,3
532,722,507,0,3
532,723,507,0,3
533,626,558,3,0
533,627,558,3,0
533,629,508,0,3
533,631,558,3,0
533,632,558,3,0
533,633,558,3,0
533,634,508,0,3
533,635,558,3,0
533,637,558,3,0
533,638,508,0,3
533,639,558,3,0
533,644,508,0,3
533,646,558,3,0
533,649,508,0,3
533,650,508,0,3
533,651,558,3,0
533,652,558,3,0
533,653,508,0,3
533,654,558,3,0
533,655,558,3,0
533,656,508,0,3
533,657,508,0,3
533,659,558,3,0
533,660,508,0,3
533,663,508,0,3
533,666,558,3,0
533,667,558,3,0
533,669,508,0,3
533,671,558,3,0
533,676,558,3,0
533,677,558,3,0
533,678,508,0,3
533,679,558,3,0
533,681,558,3,0
533,682,558,3,0
533,683,558,3,0
533,686,532,1,2
533,687,508,0,3
533,688,508,0,3
533,690,508,0,3
533,692,558,3,0
533,693,558,3,0
533,694,558,3,0
533,695,508,0,3
533,696,508,0,3
533,697,558,3,0
533,698,558,3,0
533,700,508,0,3
533,701,558,3,0
533,702,508,0,3
533,705,558,3,0
533,706,558,3,0
533,707,558,3,0
533,708,558,3,0
533,709,558,3,0
533,710,508,0,3
533,711,508,0,3
533,713,558,3,0
533,715,558,3,0
533,716,558,3,0
533,718,558,3,0
533,719,558,3,0
533,720,508,0,3
533,721,558,3,0
533,722,508,0,3
533,723,508,0,3
534,625,533,1,2
534,627,533,1,2
534,628,533,1,2
534,630,533,1,2
534,631,533,1,2
534,632,559,3,0
534,633,559,3,0
534,634,533,1,2
534,635,533,1,2
534,636,533,1,2
534,638,509,0,3
534,639,533,1,2
534,641,533,1,2
534,642,533,1,2
534,644,533,1,2
534,645,533,1,2
534,648,533,1,2
534,649,533,1,2
534,655,533,1,2
534,656,509,0,3
534,658,533,1,2
534,659,559,3,0
534,662,533,1,2
534,667,559,3,0
534,668,533,1,2
534,669,533,1,2
534,670,533,1,2
534,671,559,3,0
534,673,533,1,2
534,674,533,1,2
534,675,533,1,2
534,676,559,3,0
534,678,533,1,2
534,679,533,1,2
534,680,533,1,2
534,684,533,1,2
534,685,533,1,2
534,686,533,1,2
534,688,509,0,3
534,689,533,1,2
534,690,509,0,3
534,691,533,1,2
534,692,533,1,2
534,693,559,3,0
534,695,533,1,2
534,696,509,0,3
534,698,559,3,0
534,699,533,1,2
534,701,533,1,2
534,702,533,1,2
534,704,533,1,2
534,706,533,1,2
534,707,533,1,2
534,708,533,1,2
534,712,533,1,2
534,713,559,3,0
534,714,533,1,2
534,717,533,1,2
534,718,559,3,0
534,720,533,1,2
534,721,533,1,2
534,722,533,1,2
534,723,533,1,2
534,724,533,1,2
535,627,534,1,2
535,631,534,1,2
535,632,560,3,0
535,633,560,3,0
535,634,534,1,2
535,635,534,1,2
535,638,510,0,3
535,639,534,1,2
535,640,560,3,0
535,644,534,1,2
535,649,534,1,2
535,656,510,0,3
535,659,560,3,0
535,661,560,3,0
535,665,560,3,0
535,667,560,3,0
535,669,534,1,2
535,671,560,3,0
535,676,560,3,0
535,678,534,1,2
535,679,534,1,2
535,686,534,1,2
535,688,510,0,3
535,690,510,0,3
535,692,534,1,2
535,693,560,3,0
535,695,534,1,2
535,696,510,0,3
535,698,560,3,0
535,701,534,1,2
535,702,534,1,2
535,703,560,3,0
535,707,534,1,2
535,708,534,1,2
535,713,560,3,0
535,718,560,3,0
535,720,534,1,2
535,722,534,1,2
535,723,534,1,2
536,627,535,1,2
536,631,535,1,2
536,632,561,3,0
536,633,561,3,0
536,634,535,1,2
536,635,535,1,2
536,639,535,1,2
536,640,561,3,0
536,644,535,1,2
536,649,535,1,2
536,656,511,0,3
536,659,561,3,0
536,661,561,3,0
536,665,561,3,0
536,667,561,3,0
536,669,535,1,2
536,671,561,3,0
536,676,561,3,0
536,678,535,1,2
536,679,535,1,2
536,686,535,1,2
536,688,511,0,3
536,690,511,0,3
536,693,561,3,0
536,695,535,1,2
536,696,511,0,3
536,698,561,3,0
536,702,535,1,2
536,707,535,1,2
536,708,535,1,2
536,713,561,3,0
536,718,561,3,0
536,720,535,1,2
536,722,535,1,2
536,723,535,1,2
537,631,536,1,2
537,635,536,1,2
537,639,536,1,2
537,649,536,1,2
537,656,512,0,3
537,659,562,3,0
537,667,562,3,0
537,669,536,1,2
537,671,562,3,0
537,676,562,3,0
537,678,536,1,2
537,686,536,1,2
537,688,512,0,3
537,690,512,0,3
537,693,562,3,0
537,695,536,1,2
537,707,536,1,2
537,713,562,3,0
537,718,562,3,0
537,720,536,1,2
537,723,536,1,2
538,631,537,1,2
538,635,537,1,2
538,656,513,0,3
538,659,563,3,0
538,669,537,1,2
538,671,563,3,0
538,676,563,3,0
538,678,537,1,2
538,686,537,1,2
538,688,513,0,3
538,690,513,0,3
538,693,563,3,0
538,695,537,1,2
538,700,537,1,2
538,723,537,1,2
539,635,538,1,2
539,659,564,3,0
539,668,540,2,1
539,671,564,3,0
539,676,564,3,0
539,678,538,1,2
539,690,514,0,3
539,695,538,1,2
540,659,565,3,0
540,671,565,3,0
540,676,565,3,0
540,690,515,0,3
540,711,539,1,2
541,635,542,2,1
541,656,516,0,3
541,659,566,3,0
541,671,566,3,0
541,676,566,3,0
541,678,542,2,1
541,688,516,0,3
541,690,516,0,3
541,695,542,2,1
542,631,543,2,1
542,635,543,2,1
542,639,543,2,1
542,656,517,0,3
542,659,567,3,0
542,669,543,2,1
542,671,567,3,0
542,673,543,2,1
542,676,567,3,0
542,678,543,2,1
542,686,543,2,1
542,688,517,0,3
542,690,517,0,3
542,693,567,3,0
542,695,543,2,1
542,700,541,1,2
542,723,543,2,1
543,631,544,2,1
543,632,568,3,0
543,634,544,2,1
543,635,544,2,1
543,639,544,2,1
543,649,544,2,1
543,656,518,0,3
543,659,568,3,0
543,665,568,3,0
543,667,568,3,0
543,669,544,2,1
543,671,568,3,0
543,676,568,3,0
543,678,544,2,1
543,686,544,2,1
543,688,518,0,3
543,690,518,0,3
543,693,568,3,0
543,695,544,2,1
543,707,544,2,1
543,713,568,3,0
543,718,568,3,0
543,720,544,2,1
543,723,544,2,1
544,627,545,2,1
544,631,545,2,1
544,632,569,3,0
544,633,569,3,0
544,634,545,2,1
544,635,545,2,1
544,639,545,2,1
544,640,569,3,0
544,644,545,2,1
544,649,545,2,1
544,656,519,0,3
544,659,569,3,0
544,661,569,3,0
544,665,569,3,0
544,667,569,3,0
544,669,545,2,1
544,671,569,3,0
544,676,569,3,0
544,678,545,2,1
544,679,545,2,1
544,686,545,2,1
544,688,519,0,3
544,690,519,0,3
544,693,569,3,0
544,695,545,2,1
544,696,519,0,3
544,698,569,3,0
544,702,545,2,1
544,707,545,2,1
544,708,545,2,1
544,713,569,3,0
544,718,569,3,0
544,720,545,2,1
544,722,545,2,1
544,723,545,2,1
545,627,546,2,1
545,631,546,2,1
545,632,570,3,0
545,633,570,3,0
545,634,546,2,1
545,635,546,2,1
545,638,520,0,3
545,639,546,2,1
545,640,570,3,0
545,644,546,2,1
545,649,546,2,1
545,656,520,0,3
545,659,570,3,0
545,661,570,3,0
545,665,570,3,0
545,667,570,3,0
545,669,546,2,1
545,671,570,3,0
545,676,570,3,0
545,678,546,2,1
545,679,546,2,1
545,686,546,2,1
545,688,520,0,3
545,690,520,0,3
545,692,544,1,2
545,693,570,3,0
545,695,546,2,1
545,696,520,0,3
545,698,570,3,0
545,701,544,1,2
545,702,546,2,1
545,703,570,3,0
545,707,546,2,1
545,708,546,2,1
545,713,570,3,0
545,718,570,3,0
545,720,546,2,1
545,722,546,2,1
545,723,546,2,1
546,627,571,3,0
546,631,571,3,0
546,632,571,3,0
546,633,571,3,0
546,638,521,0,3
546,639,571,3,0
546,644,521,0,3
546,649,521,0,3
546,656,521,0,3
546,659,571,3,0
546,667,571,3,0
546,669,521,0,3
546,671,571,3,0
546,676,571,3,0
546,678,521,0,3
546,679,571,3,0
546,686,547,2,1
546,688,521,0,3
546,690,521,0,3
546,693,571,3,0
546,695,521,0,3
546,696,521,0,3
546,698,571,3,0
546,702,521,0,3
546,707,571,3,0
546,713,571,3,0
546,718,571,3,0
546,720,521,0,3
546,722,521,0,3
546,723,521,0,3
547,627,572,3,0
547,631,572,3,0
547,632,546,1,2
547,633,546,1,2
547,634,522,0,3
547,635,572,3,0
547,638,546,1,2
547,639,572,3,0
547,640,546,1,2
547,644,522,0,3
547,649,522,0,3
547,656,546,1,2
547,659,546,1,2
547,661,546,1,2
547,665,546,1,2
547,667,546,1,2
547,669,522,0,3
547,671,546,1,2
547,676,546,1,2
547,678,522,0,3
547,679,572,3,0
547,686,548,2,1
547,688,546,1,2
547,690,546,1,2
547,692,548,2,1
547,693,546,1,2
547,695,522,0,3
547,696,546,1,2
547,698,546,1,2
547,701,548,2,1
547,702,522,0,3
547,703,546,1,2
547,707,572,3,0
547,708,572,3,0
547,713,546,1,2
547,718,546,1,2
547,720,522,0,3
547,722,522,0,3
547,723,522,0,3
548,627,573,3,0
548,631,573,3,0
548,632,547,1,2
548,633,547,1,2
548,634,523,0,3
548,635,573,3,0
548,639,573,3,0
548,640,547,1,2
548,644,523,0,3
548,649,523,0,3
548,656,547,1,2
548,659,547,1,2
548,661,547,1,2
548,665,547,1,2
548,667,547,1,2
548,669,523,0,3
548,671,547,1,2
548,676,547,1,2
548,678,523,0,3
548,679,573,3,0
548,686,549,2,1
548,688,547,1,2
548,690,547,1,2
548,693,547,1,2
548,695,523,0,3
548,696,547,1,2
548,698,547,1,2
548,702,523,0,3
548,707,573,3,0
548,708,573,3,0
548,713,547,1,2
548,718,547,1,2
548,720,523,0,3
548,722,523,0,3
548,723,523,0,3
549,631,574,3,0
549,632,548,1,2
549,634,524,0,3
549,635,574,3,0
549,639,574,3,0
549,649,524,0,3
549,656,548,1,2
549,659,548,1,2
549,665,548,1,2
549,667,548,1,2
549,669,524,0,3
549,671,548,1,2
549,676,548,1,2
549,678,524,0,3
549,686,525,2,3
549,688,548,1,2
549,690,548,1,2
549,693,548,1,2
549,695,524,0,3
549,707,574,3,0
549,713,548,1,2
549,718,548,1,2
549,720,524,0,3
549,723,524,0,3
550,631,575,2,0
550,635,575,2,0
550,639,575,2,0
550,656,574,3,2
550,659,574,3,2
550,669,525,0,2
550,671,574,3,2
550,673,525,0,2
550,676,574,3,2
550,678,525,0,2
550,686,525,0,2
550,688,574,3,2
550,690,574,3,2
550,693,574,3,2
550,695,575,2,0
550,700,551,1,1
550,723,525,0,2
551,635,576,3,0
551,656,550,1,1
551,659,550,1,1
551,671,550,1,1
551,676,550,1,1
551,678,526,0,3
551,688,550,1,1
551,690,550,1,1
551,695,576,3,0
552,659,551,1,2
552,668,551,1,2
552,671,551,1,2
552,676,551,1,2
552,690,551,1,2
552,711,553,2,1
553,635,578,3,0
553,659,554,2,1
553,668,552,1,2
553,671,554,2,1
553,676,554,2,1
553,678,528,0,3
553,690,554,2,1
553,695,578,3,0
554,631,579,3,0
554,635,579,3,0
554,656,555,2,1
554,659,555,2,1
554,669,529,0,3
554,671,555,2,1
554,673,529,0,3
554,676,555,2,1
554,678,529,0,3
554,686,529,0,3
554,688,555,2,1
554,690,555,2,1
554,693,555,2,1
554,695,579,3,0
554,723,529,0,3
555,631,580,3,0
555,635,580,3,0
555,639,580,3,0
555,649,530,0,3
555,656,556,2,1
555,659,556,2,1
555,667,556,2,1
555,669,530,0,3
555,671,556,2,1
555,676,556,2,1
555,678,530,0,3
555,686,530,0,3
555,688,556,2,1
555,690,556,2,1
555,693,556,2,1
555,695,580,3,0
555,707,580,3,0
555,713,556,2,1
555,718,556,2,1
555,720,530,0,3
555,723,530,0,3
556,627,581,3,0
556,631,581,3,0
556,632,557,2,1
556,633,557,2,1
556,634,531,0,3
556,635,581,3,0
556,639,581,3,0
556,640,557,2,1
556,644,531,0,3
556,649,531,0,3
556,656,557,2,1
556,659,557,2,1
556,661,557,2,1
556,665,557,2,1
556,667,557,2,1
556,669,531,0,3
556,671,557,2,1
556,676,557,2,1
556,678,531,0,3
556,679,581,3,0
556,686,531,0,3
556,688,557,2,1
556,690,557,2,1
556,693,557,2,1
556,695,581,3,0
556,696,557,2,1
556,698,557,2,1
556,702,581,3,0
556,707,581,3,0
556,708,581,3,0
556,713,557,2,1
556,718,557,2,1
556,720,531,0,3
556,722,531,0,3
556,723,531,0,3
557,627,582,3,0
557,631,582,3,0
557,632,558,2,1
557,633,558,2,1
557,634,532,0,3
557,635,582,3,0
557,638,558,2,1
557,639,582,3,0
557,640,558,2,1
557,644,532,0,3
557,649,532,0,3
557,656,558,2,1
557,659,558,2,1
557,661,558,2,1
557,665,558,2,1
557,667,558,2,1
557,669,532,0,3
557,671,558,2,1
557,676,558,2,1
557,678,532,0,3
557,679,582,3,0
557,686,532,0,3
557,688,558,2,1
557,690,558,2,1
557,693,558,2,1
557,695,582,3,0
557,696,558,2,1
557,698,558,2,1
557,702,582,3,0
557,703,558,2,1
557,707,582,3,0
557,708,582,3,0
557,713,558,2,1
557,718,558,2,1
557,720,532,0,3
557,722,532,0,3
557,723,532,0,3
558,626,583,3,0
558,627,583,3,0
558,629,533,0,3
558,631,583,3,0
558,632,583,3,0
558,633,583,3,0
558,634,533,0,3
558,635,583,3,0
558,637,583,3,0
558,639,583,3,0
558,643,533,0,3
558,644,533,0,3
558,646,583,3,0
558,647,533,0,3
558,649,533,0,3
558,650,533,0,3
558,652,583,3,0
558,653,533,0,3
558,654,583,3,0
558,655,583,3,0
558,656,533,0,3
558,657,533,0,3
558,659,583,3,0
558,660,533,0,3
558,663,533,0,3
558,666,583,3,0
558,669,533,0,3
558,671,559,2,1
558,676,583,3,0
558,677,583,3,0
558,678,533,0,3
558,679,583,3,0
558,682,583,3,0
558,683,583,3,0
558,686,533,0,3
558,687,533,0,3
558,688,533,0,3
558,690,533,0,3
558,692,583,3,0
558,693,583,3,0
558,694,583,3,0
558,695,583,3,0
558,696,533,0,3
558,697,583,3,0
558,698,583,3,0
558,700,533,0,3
558,701,583,3,0
558,702,583,3,0
558,705,583,3,0
558,706,583,3,0
558,707,583,3,0
558,708,583,3,0
558,709,583,3,0
558,710,533,0,3
558,711,533,0,3
558,713,583,3,0
558,715,583,3,0
558,716,583,3,0
558,718,583,3,0
558,719,583,3,0
558,720,533,0,3
558,721,583,3,0
558,722,533,0,3
558,723,533,0,3
559,625,558,1,2
559,627,558,1,2
559,628,558,1,2
559,630,558,1,2
559,631,558,1,2
559,632,584,3,0
559,633,584,3,0
559,634,558,1,2
559,635,558,1,2
559,636,558,1,2
559,639,558,1,2
559,641,558,1,2
559,642,558,1,2
559,644,558,1,2
559,645,558,1,2
559,648,558,1,2
559,649,558,1,2
559,655,558,1,2
559,656,534,0,3
559,659,584,3,0
559,662,558,1,2
559,668,558,1,2
559,669,558,1,2
559,670,558,1,2
559,671,560,2,1
559,673,558,1,2
559,674,558,1,2
559,675,558,1,2
559,676,584,3,0
559,678,558,1,2
559,679,558,1,2
559,680,558,1,2
559,684,558,1,2
559,685,558,1,2
559,686,558,1,2
559,688,534,0,3
559,689,558,1,2
559,690,534,0,3
559,691,558,1,2
559,692,558,1,2
559,693,584,3,0
559,695,558,1,2
559,696,534,0,3
559,698,584,3,0
559,699,558,1,2
559,701,558,1,2
559,702,558,1,2
559,704,558,1,2
559,706,558,1,2
559,707,558,1,2
559,708,558,1,2
559,712,558,1,2
559,713,584,3,0
559,714,558,1,2
559,717,558,1,2
559,718,584,3,0
559,720,558,1,2
559,721,558,1,2
559,722,558,1,2
559,723,558,1,2
559,724,558,1,2
560,627,559,1,2
560,631,559,1,2
560,632,585,3,0
560,633,585,3,0
560,634,559,1,2
560,635,559,1,2
560,638,535,0,3
560,639,559,1,2
560,640,585,3,0
560,644,559,1,2
560,649,559,1,2
560,656,535,0,3
560,659,585,3,0
560,661,585,3,0
560,665,585,3,0
560,667,585,3,0
560,669,559,1,2
560,671,561,2,1
560,676,585,3,0
560,678,559,1,2
560,679,559,1,2
560,686,559,1,2
560,688,535,0,3
560,690,535,0,3
560,692,559,1,2
560,693,585,3,0
560,695,559,1,2
560,696,535,0,3
560,698,585,3,0
560,701,559,1,2
560,702,559,1,2
560,703,585,3,0
560,707,559,1,2
560,708,559,1,2
560,713,585,3,0
560,718,585,3,0
560,720,559,1,2
560,722,559,1,2
560,723,559,1,2
561,627,560,1,2
561,631,560,1,2
561,632,586,3,0
561,633,586,3,0
561,634,560,1,2
561,635,560,1,2
561,639,560,1,2
561,640,586,3,0
561,644,560,1,2
561,649,560,1,2
561,656,536,0,3
561,659,586,3,0
561,661,586,3,0
561,665,586,3,0
561,667,586,3,0
561,669,560,1,2
561,671,562,2,1
561,676,586,3,0
561,678,560,1,2
561,679,560,1,2
561,686,560,1,2
561,688,536,0,3
561,690,536,0,3
561,693,586,3,0
561,695,560,1,2
561,696,536,0,3
561,698,586,3,0
561,702,560,1,2
561,707,560,1,2
561,708,560,1,2
561,713,586,3,0
561,718,586,3,0
561,720,560,1,2
561,722,560,1,2
561,723,560,1,2
562,631,561,1,2
562,635,561,1,2
562,639,561,1,2
562,649,561,1,2
562,656,537,0,3
562,659,587,3,0
562,667,587,3,0
562,669,561,1,2
562,671,563,2,1
562,676,587,3,0
562,678,561,1,2
562,686,561,1,2
562,688,537,0,3
562,690,537,0,3
562,693,587,3,0
562,695,561,1,2
562,707,561,1,2
562,713,587,3,0
562,718,587,3,0
562,720,561,1,2
562,723,561,1,2
563,631,562,1,2
563,635,562,1,2
563,656,538,0,3
563,659,588,3,0
563,669,562,1,2
563,671,564,2,1
563,676,588,3,0
563,678,562,1,2
563,686,562,1,2
563,688,538,0,3
563,690,538,0,3
563,693,588,3,0
563,695,562,1,2
563,700,562,1,2
563,723,562,1,2
564,635,563,1,2
564,659,589,3,0
564,668,565,2,1
564,671,565,2,1
564,676,589,3,0
564,678,563,1,2
564,690,539,0,3
564,695,563,1,2
565,659,590,3,0
565,671,671,50,0
565,676,590,3,0
565,690,540,0,3
565,711,564,1,2
566,635,567,2,1
566,656,541,0,3
566,659,591,3,0
566,671,565,1,2
566,676,591,3,0
566,678,567,2,1
566,688,541,0,3
566,690,541,0,3
566,695,567,2,1
567,631,568,2,1
567,635,568,2,1
567,639,568,2,1
567,656,542,0,3
567,659,592,3,0
567,669,568,2,1
567,671,566,1,2
567,673,568,2,1
567,676,592,3,0
567,678,568,2,1
567,686,568,2,1
567,688,542,0,3
567,690,542,0,3
567,693,592,3,0
567,695,568,2,1
567,700,566,1,2
567,723,568,2,1
568,631,569,2,1
568,632,593,3,0
568,634,569,2,1
568,635,569,2,1
568,639,569,2,1
568,649,569,2,1
568,656,543,0,3
568,659,593,3,0
568,665,593,3,0
568,667,593,3,0
568,669,569,2,1
568,671,567,1,2
568,676,593,3,0
568,678,569,2,1
568,686,569,2,1
568,688,543,0,3
568,690,543,0,3
568,693,593,3,0
568,695,569,2,1
568,707,569,2,1
568,713,593,3,0
568,718,593,3,0
568,720,569,2,1
568,723,569,2,1
569,627,570,2,1
569,631,570,2,1
569,632,594,3,0
569,633,594,3,0
569,634,570,2,1
569,635,570,2,1
569,639,570,2,1
569,640,594,3,0
569,644,570,2,1
569,649,570,2,1
569,656,544,0,3
569,659,594,3,0
569,661,594,3,0
569,665,594,3,0
569,667,594,3,0
569,669,570,2,1
569,671,568,1,2
569,676,594,3,0
569,678,570,2,1
569,679,570,2,1
569,686,570,2,1
569,688,544,0,3
569,690,544,0,3
569,693,594,3,0
569,695,570,2,1
569,696,544,0,3
569,698,594,3,0
569,702,570,2,1
569,707,570,2,1
569,708,570,2,1
569,713,594,3,0
569,718,594,3,0
569,720,570,2,1
569,722,570,2,1
569,723,570,2,1
570,627,571,2,1
570,631,571,2,1
570,632,595,3,0
570,633,595,3,0
570,634,571,2,1
570,635,571,2,1
570,638,545,0,3
570,639,571,2,1
570,640,595,3,0
570,644,571,2,1
570,649,571,2,1
570,656,545,0,3
570,659,595,3,0
570,661,595,3,0
570,665,595,3,0
570,667,595,3,0
570,669,571,2,1
570,671,569,1,2
570,676,595,3,0
570,678,571,2,1
570,679,571,2,1
570,686,571,2,1
570,688,545,0,3
570,690,545,0,3
570,692,569,1,2
570,693,595,3,0
570,695,571,2,1
570,696,545,0,3
570,698,595,3,0
570,701,569,1,2
570,702,571,2,1
570,703,595,3,0
570,707,571,2,1
570,708,571,2,1
570,713,595,3,0
570,718,595,3,0
570,720,571,2,1
570,722,571,2,1
570,723,571,2,1
571,627,596,3,0
571,631,596,3,0
571,632,596,3,0
571,633,596,3,0
571,635,596,3,0
571,639,596,3,0
571,644,546,0,3
571,649,546,0,3
571,656,546,0,3
571,659,596,3,0
571,669,546,0,3
571,671,570,1,2
571,676,596,3,0
571,678,546,0,3
571,679,596,3,0
571,688,546,0,3
571,690,546,0,3
571,693,596,3,0
571,696,546,0,3
571,698,596,3,0
571,707,596,3,0
571,713,596,3,0
571,718,596,3,0
571,720,546,0,3
571,722,546,0,3
571,723,546,0,3
572,627,597,3,0
572,631,597,3,0
572,632,571,1,2
572,633,571,1,2
572,634,547,0,3
572,635,597,3,0
572,638,571,1,2
572,639,597,3,0
572,640,571,1,2
572,644,547,0,3
572,649,547,0,3
572,656,571,1,2
572,659,571,1,2
572,661,571,1,2
572,665,571,1,2
572,667,571,1,2
572,669,547,0,3
572,671,571,1,2
572,676,571,1,2
572,678,547,0,3
572,679,597,3,0
572,686,547,0,3
572,688,571,1,2
572,690,571,1,2
572,692,573,2,1
572,693,571,1,2
572,695,597,3,0
572,696,571,1,2
572,698,571,1,2
572,701,573,2,1
572,702,597,3,0
572,703,571,1,2
572,707,597,3,0
572,708,597,3,0
572,713,571,1,2
572,718,571,1,2
572,720,547,0,3
572,722,547,0,3
572,723,547,0,3
573,627,598,3,0
573,631,598,3,0
573,632,572,1,2
573,633,572,1,2
573,634,548,0,3
573,635,598,3,0
573,639,598,3,0
573,640,572,1,2
573,644,548,0,3
573,649,548,0,3
573,656,572,1,2
573,659,572,1,2
573,661,572,1,2
573,665,572,1,2
573,667,572,1,2
573,669,548,0,3
573,671,572,1,2
573,676,572,1,2
573,678,548,0,3
573,679,598,3,0
573,686,548,0,3
573,688,572,1,2
573,690,572,1,2
573,693,572,1,2
573,695,598,3,0
573,696,572,1,2
573,698,572,1,2
573,702,598,3,0
573,707,598,3,0
573,708,598,3,0
573,713,572,1,2
573,718,572,1,2
573,720,548,0,3
573,722,548,0,3
573,723,548,0,3
574,631,599,3,0
574,632,573,1,2
574,634,549,0,3
574,635,599,3,0
574,639,599,3,0
574,649,549,0,3
574,656,573,1,2
574,659,573,1,2
574,665,573,1,2
574,667,573,1,2
574,669,549,0,3
574,671,573,1,2
574,676,573,1,2
574,678,549,0,3
574,686,549,0,3
574,688,573,1,2
574,690,573,1,2
574,693,573,1,2
574,695,599,3,0
574,707,599,3,0
574,713,573,1,2
574,718,573,1,2
574,720,549,0,3
574,723,549,0,3
575,631,600,2,0
575,635,600,2,0
575,639,600,2,0
575,656,599,3,2
575,659,599,3,2
575,669,550,0,2
575,671,599,3,2
575,673,550,0,2
575,676,599,3,2
575,678,550,0,2
575,686,550,0,2
575,688,599,3,2
575,690,599,3,2
575,693,599,3,2
575,695,600,2,0
575,700,576,1,1
575,723,550,0,2
576,635,601,3,0
576,656,575,1,1
576,659,575,1,1
576,671,575,1,1
576,676,575,1,1
576,678,551,0,3
576,688,575,1,1
576,690,575,1,1
576,695,601,3,0
577,659,576,1,2
577,668,576,1,2
577,671,576,1,2
577,676,576,1,2
577,690,576,1,2
577,711,578,2,1
578,635,603,3,0
578,659,579,2,1
578,668,577,1,2
578,671,579,2,1
578,676,579,2,1
578,678,553,0,3
578,690,579,2,1
578,695,603,3,0
579,631,604,3,0
579,635,604,3,0
579,656,580,2,1
579,659,580,2,1
579,669,554,0,3
579,671,580,2,1
579,673,554,0,3
579,676,580,2,1
579,678,554,0,3
579,686,554,0,3
579,688,580,2,1
579,690,580,2,1
579,693,580,2,1
579,695,604,3,0
579,723,554,0,3
580,631,605,3,0
580,635,605,3,0
580,639,605,3,0
580,649,555,0,3
580,656,581,2,1
580,659,581,2,1
580,667,581,2,1
580,669,555,0,3
580,671,581,2,1
580,673,555,0,3
580,676,581,2,1
580,678,555,0,3
580,686,555,0,3
580,688,581,2,1
580,690,581,2,1
580,693,581,2,1
580,695,605,3,0
580,707,707,86,0
580,713,581,2,1
580,718,581,2,1
580,720,555,0,3
580,723,555,0,3
581,627,606,3,0
581,631,606,3,0
581,632,582,2,1
581,633,582,2,1
581,634,556,0,3
581,635,606,3,0
581,639,606,3,0
581,640,582,2,1
581,644,556,0,3
581,649,556,0,3
581,656,582,2,1
581,659,582,2,1
581,661,582,2,1
581,665,582,2,1
581,667,582,2,1
581,669,556,0,3
581,671,582,2,1
581,673,556,0,3
581,676,582,2,1
581,678,556,0,3
581,679,606,3,0
581,686,556,0,3
581,688,582,2,1
581,690,582,2,1
581,693,582,2,1
581,695,606,3,0
581,696,582,2,1
581,698,582,2,1
581,702,606,3,0
581,707,580,1,2
581,708,606,3,0
581,713,582,2,1
581,718,582,2,1
581,720,556,0,3
581,722,606,3,0
581,723,556,0,3
582,627,607,3,0
582,631,607,3,0
582,632,583,2,1
582,633,583,2,1
582,634,557,0,3
582,635,607,3,0
582,638,583,2,1
582,639,607,3,0
582,640,583,2,1
582,644,557,0,3
582,649,557,0,3
582,656,583,2,1
582,659,583,2,1
582,661,583,2,1
582,665,583,2,1
582,667,583,2,1
582,669,557,0,3
582,671,583,2,1
582,673,557,0,3
582,676,583,2,1
582,678,557,0,3
582,679,607,3,0
582,686,557,0,3
582,688,583,2,1
582,690,583,2,1
582,693,583,2,1
582,695,607,3,0
582,696,583,2,1
582,698,583,2,1
582,702,607,3,0
582,703,583,2,1
582,707,581,1,2
582,708,607,3,0
582,713,583,2,1
582,718,583,2,1
582,720,557,0,3
582,722,607,3,0
582,723,557,0,3
583,626,608,3,0
583,627,608,3,0
583,629,558,0,3
583,631,608,3,0
583,632,608,3,0
583,633,608,3,0
583,634,558,0,3
583,635,608,3,0
583,637,608,3,0
583,639,608,3,0
583,643,558,0,3
583,644,558,0,3
583,646,608,3,0
583,647,558,0,3
583,649,558,0,3
583,650,558,0,3
583,651,558,0,3
583,652,608,3,0
583,653,558,0,3
583,654,608,3,0
583,655,608,3,0
583,656,558,0,3
583,657,558,0,3
583,659,608,3,0
583,660,558,0,3
583,663,558,0,3
583,665,608,3,0
583,666,608,3,0
583,669,558,0,3
583,671,558,0,3
583,673,558,0,3
583,676,584,2,1
583,677,608,3,0
583,678,558,0,3
583,679,608,3,0
583,681,558,0,3
583,682,608,3,0
583,683,608,3,0
583,686,558,0,3
583,687,558,0,3
583,688,558,0,3
583,690,558,0,3
583,692,608,3,0
583,693,608,3,0
583,694,608,3,0
583,695,608,3,0
583,696,558,0,3
583,697,608,3,0
583,698,608,3,0
583,700,558,0,3
583,701,608,3,0
583,702,608,3,0
583,705,608,3,0
583,706,608,3,0
583,707,582,1,2
583,708,608,3,0
583,709,608,3,0
583,710,558,0,3
583,711,558,0,3
583,713,608,3,0
583,715,608,3,0
583,716,608,3,0
583,718,608,3,0
583,719,608,3,0
583,720,558,0,3
583,721,608,3,0
583,722,608,3,0
583,723,558,0,3
584,625,583,1,2
584,627,583,1,2
584,628,583,1,2
584,630,583,1,2
584,631,583,1,2
584,632,609,3,0
584,633,609,3,0
584,634,583,1,2
584,635,583,1,2
584,636,583,1,2
584,639,583,1,2
584,641,583,1,2
584,642,583,1,2
584,644,583,1,2
584,645,583,1,2
584,648,583,1,2
584,649,583,1,2
584,655,583,1,2
584,656,559,0,3
584,658,583,1,2
584,659,609,3,0
584,662,583,1,2
584,665,609,3,0
584,668,583,1,2
584,669,583,1,2
584,670,583,1,2
584,671,559,0,3
584,673,583,1,2
584,674,583,1,2
584,675,583,1,2
584,676,585,2,1
584,678,583,1,2
584,679,583,1,2
584,680,583,1,2
584,684,583,1,2
584,685,583,1,2
584,686,583,1,2
584,688,559,0,3
584,689,583,1,2
584,690,559,0,3
584,691,583,1,2
584,692,583,1,2
584,693,609,3,0
584,695,583,1,2
584,696,559,0,3
584,698,609,3,0
584,699,583,1,2
584,701,583,1,2
584,702,583,1,2
584,704,583,1,2
584,706,583,1,2
584,707,583,1,2
584,708,583,1,2
584,712,583,1,2
584,713,609,3,0
584,714,583,1,2
584,717,583,1,2
584,718,609,3,0
584,720,583,1,2
584,721,583,1,2
584,722,583,1,2
584,723,583,1,2
584,724,583,1,2
585,627,584,1,2
585,631,584,1,2
585,632,610,3,0
585,633,610,3,0
585,634,584,1,2
585,635,584,1,2
585,638,560,0,3
585,639,584,1,2
585,640,610,3,0
585,644,584,1,2
585,649,584,1,2
585,656,560,0,3
585,659,610,3,0
585,661,610,3,0
585,665,610,3,0
585,667,610,3,0
585,669,584,1,2
585,671,560,0,3
585,676,586,2,1
585,678,584,1,2
585,679,584,1,2
585,686,584,1,2
585,688,560,0,3
585,690,560,0,3
585,692,584,1,2
585,693,610,3,0
585,695,584,1,2
585,696,560,0,3
585,698,610,3,0
585,701,584,1,2
585,702,584,1,2
585,703,610,3,0
585,707,584,1,2
585,708,584,1,2
585,713,610,3,0
585,718,610,3,0
585,720,584,1,2
585,722,584,1,2
585,723,584,1,2
586,627,585,1,2
586,631,585,1,2
586,632,611,3,0
586,633,611,3,0
586,634,585,1,2
586,635,585,1,2
586,639,585,1,2
586,640,611,3,0
586,644,585,1,2
586,649,585,1,2
586,656,561,0,3
586,659,611,3,0
586,661,611,3,0
586,665,611,3,0
586,667,611,3,0
586,669,585,1,2
586,671,561,0,3
586,676,587,2,1
586,678,585,1,2
586,679,585,1,2
586,686,585,1,2
586,688,561,0,3
586,690,561,0,3
586,693,611,3,0
586,695,585,1,2
586,696,561,0,3
586,698,611,3,0
586,702,585,1,2
586,707,585,1,2
586,708,585,1,2
586,713,611,3,0
586,718,611,3,0
586,720,585,1,2
586,722,585,1,2
586,723,585,1,2
587,631,586,1,2
587,635,586,1,2
587,639,586,1,2
587,649,586,1,2
587,656,562,0,3
587,659,612,3,0
587,667,612,3,0
587,669,586,1,2
587,671,562,0,3
587,676,588,2,1
587,678,586,1,2
587,686,586,1,2
587,688,562,0,3
587,690,562,0,3
587,693,612,3,0
587,695,586,1,2
587,707,586,1,2
587,713,612,3,0
587,718,612,3,0
587,720,586,1,2
587,723,586,1,2
588,631,587,1,2
588,635,587,1,2
588,656,563,0,3
588,659,613,3,0
588,669,587,1,2
588,671,563,0,3
588,676,589,2,1
588,678,587,1,2
588,686,587,1,2
588,688,563,0,3
588,690,563,0,3
588,693,613,3,0
588,695,587,1,2
588,700,587,1,2
588,723,587,1,2
589,635,588,1,2
589,659,614,3,0
589,668,590,2,1
589,671,564,0,3
589,676,590,2,1
589,678,588,1,2
589,690,564,0,3
589,695,588,1,2
590,659,615,3,0
590,671,565,0,3
590,676,676,55,0
590,690,565,0,3
590,711,589,1,2
591,635,592,2,1
591,656,566,0,3
591,659,616,3,0
591,671,566,0,3
591,676,590,1,2
591,678,592,2,1
591,688,566,0,3
591,690,566,0,3
591,695,592,2,1
592,631,593,2,1
592,635,593,2,1
592,639,593,2,1
592,656,567,0,3
592,659,617,3,0
592,669,593,2,1
592,671,567,0,3
592,673,593,2,1
592,676,591,1,2
592,678,593,2,1
592,686,593,2,1
592,688,567,0,3
592,690,567,0,3
592,693,617,3,0
592,695,593,2,1
592,700,591,1,2
592,723,593,2,1
593,631,594,2,1
593,632,618,3,0
593,634,594,2,1
593,635,594,2,1
593,639,594,2,1
593,649,594,2,1
593,656,568,0,3
593,659,618,3,0
593,665,618,3,0
593,667,618,3,0
593,669,594,2,1
593,671,568,0,3
593,676,592,1,2
593,678,594,2,1
593,686,594,2,1
593,688,568,0,3
593,690,568,0,3
593,693,618,3,0
593,695,594,2,1
593,707,594,2,1
593,713,618,3,0
593,718,618,3,0
593,720,594,2,1
593,723,594,2,1
594,627,595,2,1
594,631,595,2,1
594,632,619,3,0
594,633,619,3,0
594,634,595,2,1
594,635,595,2,1
594,639,595,2,1
594,640,619,3,0
594,644,595,2,1
594,649,595,2,1
594,656,569,0,3
594,659,619,3,0
594,661,619,3,0
594,665,619,3,0
594,667,619,3,0
594,669,595,2,1
594,671,569,0,3
594,676,593,1,2
594,678,595,2,1
594,679,595,2,1
594,686,595,2,1
594,688,569,0,3
594,690,569,0,3
594,693,619,3,0
594,695,595,2,1
594,696,569,0,3
594,698,619,3,0
594,702,595,2,1
594,707,595,2,1
594,708,595,2,1
594,713,619,3,0
594,718,619,3,0
594,720,595,2,1
594,722,595,2,1
594,723,595,2,1
595,627,596,2,1
595,631,596,2,1
595,632,620,3,0
595,633,620,3,0
595,634,596,2,1
595,635,596,2,1
595,638,570,0,3
595,639,596,2,1
595,640,620,3,0
595,644,596,2,1
595,649,596,2,1
595,656,570,0,3
595,659,620,3,0
595,661,620,3,0
595,665,620,3,0
595,667,620,3,0
595,669,596,2,1
595,671,570,0,3
595,676,594,1,2
595,678,596,2,1
595,679,596,2,1
595,686,596,2,1
595,688,570,0,3
595,690,570,0,3
595,692,594,1,2
595,693,620,3,0
595,695,596,2,1
595,696,570,0,3
595,698,620,3,0
595,701,594,1,2
595,702,596,2,1
595,703,620,3,0
595,707,596,2,1
595,708,596,2,1
595,713,620,3,0
595,718,620,3,0
595,720,596,2,1
595,722,596,2,1
595,723,596,2,1
596,627,621,3,0
596,631,621,3,0
596,632,621,3,0
596,633,621,3,0
596,635,621,3,0
596,639,621,3,0
596,644,571,0,3
596,649,571,0,3
596,656,571,0,3
596,659,621,3,0
596,665,621,3,0
596,669,571,0,3
596,671,571,0,3
596,673,571,0,3
596,676,595,1,2
596,678,571,0,3
596,679,621,3,0
596,688,571,0,3
596,690,571,0,3
596,693,621,3,0
596,695,621,3,0
596,696,571,0,3
596,698,621,3,0
596,707,597,2,1
596,713,621,3,0
596,718,621,3,0
596,720,571,0,3
596,723,571,0,3
597,627,622,3,0
597,631,622,3,0
597,632,596,1,2
597,633,596,1,2
597,634,572,0,3
597,635,622,3,0
597,638,596,1,2
597,639,622,3,0
597,640,596,1,2
597,644,572,0,3
597,649,572,0,3
597,656,596,1,2
597,659,596,1,2
597,661,596,1,2
597,665,596,1,2
597,667,596,1,2
597,669,572,0,3
597,671,596,1,2
597,673,572,0,3
597,676,596,1,2
597,678,572,0,3
597,679,622,3,0
597,686,572,0,3
597,688,596,1,2
597,690,596,1,2
597,692,598,2,1
597,693,596,1,2
597,695,622,3,0
597,696,596,1,2
597,698,596,1,2
597,701,598,2,1
597,702,622,3,0
597,703,596,1,2
597,707,598,2,1
597,708,622,3,0
597,713,596,1,2
597,718,596,1,2
597,720,572,0,3
597,722,622,3,0
597,723,572,0,3
598,627,623,3,0
598,631,623,3,0
598,632,597,1,2
598,633,597,1,2
598,634,573,0,3
598,635,623,3,0
598,639,623,3,0
598,640,597,1,2
598,644,573,0,3
598,649,573,0,3
598,656,597,1,2
598,659,597,1,2
598,661,597,1,2
598,665,597,1,2
598,667,597,1,2
598,669,573,0,3
598,671,597,1,2
598,673,573,0,3
598,676,597,1,2
598,678,573,0,3
598,679,623,3,0
598,686,573,0,3
598,688,597,1,2
598,690,597,1,2
598,693,597,1,2
598,695,623,3,0
598,696,597,1,2
598,698,597,1,2
598,702,623,3,0
598,707,599,2,1
598,708,623,3,0
598,713,597,1,2
598,718,597,1,2
598,720,573,0,3
598,722,623,3,0
598,723,573,0,3
599,631,624,3,0
599,632,598,1,2
599,634,574,0,3
599,635,624,3,0
599,639,624,3,0
599,649,574,0,3
599,656,598,1,2
599,659,598,1,2
599,665,598,1,2
599,667,598,1,2
599,669,574,0,3
599,671,598,1,2
599,673,574,0,3
599,676,598,1,2
599,678,574,0,3
599,686,574,0,3
599,688,598,1,2
599,690,598,1,2
599,693,598,1,2
599,695,624,3,0
599,707,575,2,3
599,713,598,1,2
599,718,598,1,2
599,720,574,0,3
599,723,574,0,3
600,631,0,2,3
600,635,0,2,3
600,639,0,2,3
600,656,624,3,2
600,659,624,3,2
600,669,575,0,2
600,671,624,3,2
600,673,0,2,3
600,676,624,3,2
600,678,575,0,2
600,686,575,0,2
600,688,624,3,2
600,690,624,3,2
600,693,624,3,2
600,695,0,2,3
600,700,601,1,1
600,723,575,0,2
601,635,1,3,3
601,656,600,1,1
601,659,600,1,1
601,671,600,1,1
601,676,600,1,1
601,678,576,0,3
601,688,600,1,1
601,690,600,1,1
601,695,1,3,3
602,659,601,1,2
602,668,601,1,2
602,671,601,1,2
602,676,601,1,2
602,690,601,1,2
602,711,603,2,1
603,635,3,3,3
603,659,604,2,1
603,668,602,1,2
603,671,604,2,1
603,676,604,2,1
603,678,578,0,3
603,690,604,2,1
603,695,3,3,3
604,631,4,3,3
604,635,4,3,3
604,656,605,2,1
604,659,605,2,1
604,669,579,0,3
604,671,605,2,1
604,673,4,3,3
604,676,605,2,1
604,678,579,0,3
604,686,579,0,3
604,688,605,2,1
604,690,605,2,1
604,693,605,2,1
604,695,4,3,3
604,723,579,0,3
605,631,5,3,3
605,635,5,3,3
605,639,5,3,3
605,649,580,0,3
605,656,606,2,1
605,659,606,2,1
605,667,606,2,1
605,669,580,0,3
605,671,606,2,1
605,676,606,2,1
605,678,580,0,3
605,686,580,0,3
605,688,606,2,1
605,690,606,2,1
605,693,606,2,1
605,695,5,3,3
605,707,580,0,3
605,713,606,2,1
605,718,606,2,1
605,720,5,3,3
605,723,580,0,3
606,627,627,6,0
606,631,6,3,3
606,632,607,2,1
606,633,607,2,1
606,634,581,0,3
606,635,6,3,3
606,639,6,3,3
606,640,607,2,1
606,644,581,0,3
606,649,581,0,3
606,656,607,2,1
606,659,607,2,1
606,661,607,2,1
606,665,607,2,1
606,667,607,2,1
606,669,581,0,3
606,671,607,2,1
606,676,607,2,1
606,678,581,0,3
606,679,6,3,3
606,686,581,0,3
606,688,607,2,1
606,690,607,2,1
606,693,607,2,1
606,695,6,3,3
606,696,607,2,1
606,698,607,2,1
606,702,6,3,3
606,707,581,0,3
606,708,6,3,3
606,713,607,2,1
606,718,607,2,1
606,720,6,3,3
606,722,6,3,3
606,723,581,0,3
607,627,606,1,2
607,631,7,3,3
607,632,608,2,1
607,633,608,2,1
607,634,582,0,3
607,635,7,3,3
607,638,608,2,1
607,639,7,3,3
607,640,608,2,1
607,644,582,0,3
607,649,582,0,3
607,656,608,2,1
607,659,608,2,1
607,661,608,2,1
607,665,608,2,1
607,667,608,2,1
607,669,582,0,3
607,671,608,2,1
607,676,608,2,1
607,678,582,0,3
607,679,7,3,3
607,686,582,0,3
607,688,608,2,1
607,690,608,2,1
607,693,608,2,1
607,695,7,3,3
607,696,608,2,1
607,698,608,2,1
607,702,7,3,3
607,703,608,2,1
607,707,582,0,3
607,708,7,3,3
607,713,608,2,1
607,718,608,2,1
607,720,7,3,3
607,722,7,3,3
607,723,582,0,3
608,626,8,3,3
608,627,607,1,2
608,629,583,0,3
608,631,8,3,3
608,632,8,3,3
608,633,8,3,3
608,634,583,0,3
608,635,8,3,3
608,637,8,3,3
608,639,8,3,3
608,643,583,0,3
608,644,583,0,3
608,646,8,3,3
608,647,583,0,3
608,649,583,0,3
608,650,583,0,3
608,651,583,0,3
608,652,8,3,3
608,653,583,0,3
608,654,8,3,3
608,655,8,3,3
608,656,583,0,3
608,657,583,0,3
608,659,8,3,3
608,660,583,0,3
608,663,583,0,3
608,665,8,3,3
608,666,8,3,3
608,669,583,0,3
608,671,583,0,3
608,676,583,0,3
608,677,8,3,3
608,678,583,0,3
608,679,8,3,3
608,681,583,0,3
608,682,8,3,3
608,683,8,3,3
608,686,583,0,3
608,687,583,0,3
608,688,583,0,3
608,690,583,0,3
608,692,8,3,3
608,693,8,3,3
608,694,8,3,3
608,695,8,3,3
608,696,583,0,3
608,697,8,3,3
608,698,8,3,3
608,700,583,0,3
608,701,8,3,3
608,702,8,3,3
608,705,8,3,3
608,706,8,3,3
608,707,583,0,3
608,708,8,3,3
608,709,8,3,3
608,710,583,0,3
608,711,583,0,3
608,715,8,3,3
608,716,8,3,3
608,718,8,3,3
608,720,8,3,3
608,721,8,3,3
608,722,8,3,3
608,723,583,0,3
609,625,608,1,2
609,627,608,1,2
609,628,608,1,2
609,630,608,1,2
609,631,608,1,2
609,632,9,3,3
609,633,9,3,3
609,634,608,1,2
609,635,608,1,2
609,636,608,1,2
609,639,608,1,2
609,641,608,1,2
609,642,608,1,2
609,644,608,1,2
609,645,608,1,2
609,648,608,1,2
609,649,608,1,2
609,655,608,1,2
609,656,584,0,3
609,658,608,1,2
609,659,9,3,3
609,662,608,1,2
609,665,9,3,3
609,668,608,1,2
609,669,608,1,2
609,670,608,1,2
609,671,584,0,3
609,673,608,1,2
609,674,608,1,2
609,675,608,1,2
609,676,584,0,3
609,678,608,1,2
609,679,608,1,2
609,680,608,1,2
609,684,608,1,2
609,685,608,1,2
609,686,608,1,2
609,688,584,0,3
609,689,608,1,2
609,690,584,0,3
609,691,608,1,2
609,692,608,1,2
609,693,9,3,3
609,695,608,1,2
609,696,584,0,3
609,698,9,3,3
609,699,608,1,2
609,701,608,1,2
609,702,608,1,2
609,704,608,1,2
609,706,608,1,2
609,707,608,1,2
609,708,608,1,2
609,712,608,1,2
609,714,608,1,2
609,717,608,1,2
609,718,9,3,3
609,720,608,1,2
609,721,608,1,2
609,722,608,1,2
609,723,608,1,2
609,724,608,1,2
610,627,609,1,2
610,631,609,1,2
610,632,10,3,3
610,633,10,3,3
610,634,609,1,2
610,635,609,1,2
610,638,585,0,3
610,639,609,1,2
610,640,10,3,3
610,644,609,1,2
610,649,609,1,2
610,656,585,0,3
610,659,10,3,3
610,661,10,3,3
610,665,10,3,3
610,667,10,3,3
610,669,609,1,2
610,671,585,0,3
610,676,585,0,3
610,678,609,1,2
610,679,609,1,2
610,686,609,1,2
610,688,585,0,3
610,690,585,0,3
610,692,609,1,2
610,693,10,3,3
610,695,609,1,2
610,696,585,0,3
610,698,10,3,3
610,701,609,1,2
610,702,609,1,2
610,703,10,3,3
610,707,609,1,2
610,708,609,1,2
610,713,10,3,3
610,718,10,3,3
610,720,609,1,2
610,722,609,1,2
610,723,609,1,2
611,627,610,1,2
611,631,610,1,2
611,632,11,3,3
611,633,11,3,3
611,634,610,1,2
611,635,610,1,2
611,639,610,1,2
611,640,11,3,3
611,644,610,1,2
611,649,610,1,2
611,656,586,0,3
611,659,11,3,3
611,661,11,3,3
611,665,11,3,3
611,667,11,3,3
611,669,610,1,2
611,671,586,0,3
611,676,586,0,3
611,678,610,1,2
611,679,610,1,2
611,686,610,1,2
611,688,586,0,3
611,690,586,0,3
611,693,11,3,3
611,695,610,1,2
611,696,586,0,3
611,698,11,3,3
611,702,610,1,2
611,707,610,1,2
611,708,610,1,2
611,713,11,3,3
611,718,11,3,3
611,720,610,1,2
611,722,610,1,2
611,723,610,1,2
612,631,611,1,2
612,635,611,1,2
612,639,611,1,2
612,649,611,1,2
612,656,587,0,3
612,659,12,3,3
612,667,12,3,3
612,669,611,1,2
612,671,587,0,3
612,676,587,0,3
612,678,611,1,2
612,686,611,1,2
612,688,587,0,3
612,690,587,0,3
612,693,12,3,3
612,695,611,1,2
612,707,611,1,2
612,713,12,3,3
612,718,12,3,3
612,720,611,1,2
612,723,611,1,2
613,631,612,1,2
613,635,612,1,2
613,656,588,0,3
613,659,13,3,3
613,669,612,1,2
613,671,588,0,3
613,676,588,0,3
613,678,612,1,2
613,686,612,1,2
613,688,588,0,3
613,690,588,0,3
613,693,13,3,3
613,695,612,1,2
613,700,612,1,2
613,723,612,1,2
614,635,613,1,2
614,659,14,3,3
614,668,615,2,1
614,671,589,0,3
614,676,589,0,3
614,678,613,1,2
614,690,589,0,3
614,695,613,1,2
615,659,15,3,3
615,671,590,0,3
615,676,590,0,3
615,690,590,0,3
615,711,614,1,2
616,635,617,2,1
616,656,591,0,3
616,659,16,3,3
616,671,591,0,3
616,676,591,0,3
616,678,617,2,1
616,688,591,0,3
616,690,591,0,3
616,695,617,2,1
617,631,618,2,1
617,635,618,2,1
617,639,618,2,1
617,656,592,0,3
617,659,17,3,3
617,669,618,2,1
617,671,592,0,3
617,673,618,2,1
617,676,592,0,3
617,678,618,2,1
617,686,618,2,1
617,688,592,0,3
617,690,592,0,3
617,693,17,3,3
617,695,618,2,1
617,700,616,1,2
617,723,618,2,1
618,631,619,2,1
618,632,18,3,3
618,634,619,2,1
618,635,619,2,1
618,639,619,2,1
618,649,619,2,1
618,656,593,0,3
618,659,18,3,3
618,665,18,3,3
618,667,18,3,3
618,669,619,2,1
618,671,593,0,3
618,676,593,0,3
618,678,619,2,1
618,686,619,2,1
618,688,593,0,3
618,690,593,0,3
618,693,18,3,3
618,695,619,2,1
618,707,619,2,1
618,713,18,3,3
618,718,18,3,3
618,720,619,2,1
618,723,619,2,1
619,627,620,2,1
619,631,620,2,1
619,632,19,3,3
619,633,19,3,3
619,634,620,2,1
619,635,620,2,1
619,639,620,2,1
619,640,19,3,3
619,644,620,2,1
619,649,620,2,1
619,656,594,0,3
619,659,19,3,3
619,661,19,3,3
619,665,19,3,3
619,667,19,3,3
619,669,620,2,1
619,671,594,0,3
619,676,594,0,3
619,678,620,2,1
619,679,620,2,1
619,686,620,2,1
619,688,594,0,3
619,690,594,0,3
619,693,19,3,3
619,695,620,2,1
619,696,594,0,3
619,698,19,3,3
619,702,620,2,1
619,707,620,2,1
619,708,620,2,1
619,713,19,3,3
619,718,19,3,3
619,720,620,2,1
619,722,620,2,1
619,723,620,2,1
620,627,621,2,1
620,631,621,2,1
620,632,20,3,3
620,633,20,3,3
620,634,621,2,1
620,635,621,2,1
620,638,595,0,3
620,639,621,2,1
620,640,20,3,3
620,644,621,2,1
620,649,621,2,1
620,656,595,0,3
620,659,20,3,3
620,661,20,3,3
620,665,20,3,3
620,667,20,3,3
620,669,621,2,1
620,671,595,0,3
620,676,595,0,3
620,678,621,2,1
620,679,621,2,1
620,686,621,2,1
620,688,595,0,3
620,690,595,0,3
620,692,619,1,2
620,693,20,3,3
620,695,621,2,1
620,696,595,0,3
620,698,20,3,3
620,701,619,1,2
620,702,621,2,1
620,703,20,3,3
620,707,621,2,1
620,708,621,2,1
620,713,20,3,3
620,718,20,3,3
620,720,621,2,1
620,722,621,2,1
620,723,621,2,1
621,627,622,2,1
621,631,21,3,3
621,632,21,3,3
621,633,21,3,3
621,635,21,3,3
621,639,21,3,3
621,644,596,0,3
621,649,596,0,3
621,656,596,0,3
621,659,21,3,3
621,665,21,3,3
621,669,596,0,3
621,671,596,0,3
621,676,596,0,3
621,678,596,0,3
621,679,21,3,3
621,686,596,0,3
621,688,596,0,3
621,690,596,0,3
621,693,21,3,3
621,695,21,3,3
621,696,596,0,3
621,698,21,3,3
621,718,21,3,3
621,723,596,0,3
622,627,623,2,1
622,631,22,3,3
622,632,621,1,2
622,633,621,1,2
622,634,597,0,3
622,635,22,3,3
622,638,621,1,2
622,639,22,3,3
622,640,621,1,2
622,644,597,0,3
622,649,597,0,3
622,656,621,1,2
622,659,621,1,2
622,661,621,1,2
622,665,621,1,2
622,667,621,1,2
622,669,597,0,3
622,671,621,1,2
622,676,621,1,2
622,678,597,0,3
622,679,22,3,3
622,686,597,0,3
622,688,621,1,2
622,690,621,1,2
622,692,623,2,1
622,693,621,1,2
622,695,22,3,3
622,696,621,1,2
622,698,621,1,2
622,701,623,2,1
622,702,22,3,3
622,703,621,1,2
622,707,597,0,3
622,708,22,3,3
622,713,621,1,2
622,718,621,1,2
622,720,22,3,3
622,722,22,3,3
622,723,597,0,3
623,627,624,2,1
623,631,23,3,3
623,632,622,1,2
623,633,622,1,2
623,634,598,0,3
623,635,23,3,3
623,639,23,3,3
623,640,622,1,2
623,644,598,0,3
623,649,598,0,3
623,656,622,1,2
623,659,622,1,2
623,661,622,1,2
623,665,622,1,2
623,667,622,1,2
623,669,598,0,3
623,671,622,1,2
623,676,622,1,2
623,678,598,0,3
623,679,23,3,3
623,686,598,0,3
623,688,622,1,2
623,690,622,1,2
623,693,622,1,2
623,695,23,3,3
623,696,622,1,2
623,698,622,1,2
623,702,23,3,3
623,707,598,0,3
623,708,23,3,3
623,713,622,1,2
623,718,622,1,2
623,720,23,3,3
623,722,23,3,3
623,723,598,0,3
624,631,24,3,3
624,632,623,1,2
624,634,599,0,3
624,635,24,3,3
624,639,24,3,3
624,649,599,0,3
624,656,623,1,2
624,659,623,1,2
624,665,623,1,2
624,667,623,1,2
624,669,599,0,3
624,671,623,1,2
624,676,623,1,2
624,678,599,0,3
624,686,599,0,3
624,688,623,1,2
624,690,623,1,2
624,693,623,1,2
624,695,24,3,3
624,707,599,0,3
624,713,623,1,2
624,718,623,1,2
624,720,24,3,3
624,723,599,0,3
627,625,606,0,6
627,626,606,0,6
627,628,606,0,6
627,629,606,0,6
627,630,606,0,6
627,631,606,0,6
627,632,606,0,6
627,633,606,0,6
627,634,606,0,6
627,635,606,0,6
627,636,606,0,6
627,637,606,0,6
627,638,606,0,6
627,639,606,0,6
627,640,606,0,6
627,641,606,0,6
627,642,606,0,6
627,643,606,0,6
627,644,606,0,6
627,645,606,0,6
627,646,606,0,6
627,647,606,0,6
627,648,606,0,6
627,649,606,0,6
627,650,606,0,6
627,651,606,0,6
627,652,606,0,6
627,653,606,0,6
627,654,606,0,6
627,655,606,0,6
627,656,606,0,6
627,657,606,0,6
627,658,606,0,6
627,659,606,0,6
627,660,606,0,6
627,661,606,0,6
627,662,606,0,6
627,663,606,0,6
627,664,606,0,6
627,665,606,0,6
627,666,606,0,6
627,667,606,0,6
627,668,606,0,6
627,669,606,0,6
627,670,606,0,6
627,671,606,0,6
627,672,606,0,6
627,673,606,0,6
627,674,606,0,6
627,675,606,0,6
627,676,606,0,6
627,677,606,0,6
627,678,606,0,6
627,679,606,0,6
627,680,606,0,6
627,681,606,0,6
627,682,606,0,6
627,683,606,0,6
627,684,606,0,6
627,685,606,0,6
627,686,606,0,6
627,687,606,0,6
627,688,606,0,6
627,689,606,0,6
627,690,606,0,6
627,691,606,0,6
627,692,606,0,6
627,693,606,0,6
627,694,606,0,6
627,695,606,0,6
627,696,606,0,6
627,697,606,0,6
627,698,606,0,6
627,699,606,0,6
627,700,606,0,6
627,701,606,0,6
627,702,606,0,6
627,703,606,0,6
627,704,606,0,6
627,705,606,0,6
627,706,606,0,6
627,707,606,0,6
627,708,606,0,6
627,709,606,0,6
627,710,606,0,6
627,711,606,0,6
627,712,606,0,6
627,713,606,0,6
627,714,606,0,6
627,715,606,0,6
627,716,606,0,6
627,717,606,0,6
627,718,606,0,6
627,719,606,0,6
627,720,606,0,6
627,721,606,0,6
627,722,606,0,6
627,723,606,0,6
627,724,606,0,6
631,625,4,0,10
631,626,4,0,10
631,627,4,0,10
631,628,4,0,10
631,629,4,0,10
631,630,4,0,10
631,632,4,0,10
631,633,4,0,10
631,634,4,0,10
631,635,4,0,10
631,636,4,0,10
631,637,4,0,10
631,638,4,0,10
631,639,4,0,10
631,640,4,0,10
631,641,4,0,10
631,642,4,0,10
631,643,4,0,10
631,644,4,0,10
631,645,4,0,10
631,646,4,0,10
631,647,4,0,10
631,648,4,0,10
631,649,4,0,10
631,650,4,0,10
631,651,4,0,10
631,652,4,0,10
631,653,4,0,10
631,654,4,0,10
631,655,4,0,10
631,656,4,0,10
631,657,4,0,10
631,658,4,0,10
631,659,4,0,10
631,660,4,0,10
631,661,4,0,10
631,662,4,0,10
631,663,4,0,10
631,664,4,0,10
631,665,4,0,10
631,666,4,0,10
631,667,4,0,10
631,668,4,0,10
631,669,4,0,10
631,670,4,0,10
631,671,4,0,10
631,672,4,0,10
631,673,4,0,10
631,674,4,0,10
631,675,4,0,10
631,676,4,0,10
631,677,4,0,10
631,678,4,0,10
631,679,4,0,10
631,680,4,0,10
631,681,4,0,10
631,682,4,0,10
631,683,4,0,10
631,684,4,0,10
631,685,4,0,10
631,686,4,0,10
631,687,4,0,10
631,688,4,0,10
631,689,4,0,10
631,690,4,0,10
631,691,4,0,10
631,692,4,0,10
631,693,4,0,10
631,694,4,0,10
631,695,4,0,10
631,696,4,0,10
631,697,4,0,10
631,698,4,0,10
631,699,4,0,10
631,700,4,0,10
631,701,4,0,10
631,702,4,0,10
631,703,4,0,10
631,704,4,0,10
631,705,4,0,10
631,706,4,0,10
631,707,4,0,10
631,708,4,0,10
631,709,4,0,10
631,710,4,0,10
631,711,4,0,10
631,712,4,0,10
631,713,4,0,10
631,714,4,0,10
631,715,4,0,10
631,716,4,0,10
631,717,4,0,10
631,718,4,0,10
631,719,4,0,10
631,720,4,0,10
631,721,4,0,10
631,722,4,0,10
631,723,4,0,10
631,724,4,0,10
632,625,93,0,11
632,626,93,0,11
632,627,93,0,11
632,628,93,0,11
632,629,93,0,11
632,630,93,0,11
632,631,93,0,11
632,633,93,0,11
632,634,93,0,11
632,635,93,0,11
632,636,93,0,11
632,637,93,0,11
632,638,93,0,11
632,639,93,0,11
632,640,93,0,11
632,641,93,0,11
632,642,93,0,11
632,643,93,0,11
632,644,93,0,11
632,645,93,0,11
632,646,93,0,11
632,647,93,0,11
632,648,93,0,11
632,649,93,0,11
632,650,93,0,11
632,651,93,0,11
632,652,93,0,11
632,653,93,0,11
632,654,93,0,11
632,655,93,0,11
632,656,93,0,11
632,657,93,0,11
632,658,93,0,11
632,659,93,0,11
632,660,93,0,11
632,661,93,0,11
632,662,93,0,11
632,663,93,0,11
632,664,93,0,11
632,665,93,0,11
632,666,93,0,11
632,667,93,0,11
632,668,93,0,11
632,669,93,0,11
632,670,93,0,11
632,671,93,0,11
632,672,93,0,11
632,673,93,0,11
632,674,93,0,11
632,675,93,0,11
632,676,93,0,11
632,677,93,0,11
632,678,93,0,11
632,679,93,0,11
632,680,93,0,11
632,681,93,0,11
632,682,93,0,11
632,683,93,0,11
632,684,93,0,11
632,685,93,0,11
632,686,93,0,11
632,687,93,0,11
632,688,93,0,11
632,689,93,0,11
632,690,93,0,11
632,691,93,0,11
632,692,93,0,11
632,693,93,0,11
632,694,93,0,11
632,695,93,0,11
632,696,93,0,11
632,697,93,0,11
632,698,93,0,11
632,699,93,0,11
632,700,93,0,11
632,701,93,0,11
632,702,93,0,11
632,703,93,0,11
632,704,93,0,11
632,705,93,0,11
632,706,93,0,11
632,707,93,0,11
632,708,93,0,11
632,709,93,0,11
632,710,93,0,11
632,711,93,0,11
632,712,93,0,11
632,713,93,0,11
632,714,93,0,11
632,715,93,0,11
632,716,93,0,11
632,717,93,0,11
632,718,93,0,11
632,719,93,0,11
632,720,93,0,11
632,721,93,0,11
632,722,93,0,11
632,723,93,0,11
632,724,93,0,11
633,625,161,0,12
633,626,161,0,12
633,627,161,0,12
633,628,161,0,12
633,629,161,0,12
633,630,161,0,12
633,631,161,0,12
633,632,161,0,12
633,634,161,0,12
633,635,161,0,12
633,636,161,0,12
633,637,161,0,12
633,638,161,0,12
633,639,161,0,12
633,640,161,0,12
633,641,161,0,12
633,642,161,0,12
633,643,161,0,12
633,644,161,0,12
633,645,161,0,12
633,646,161,0,12
633,647,161,0,12
633,648,161,0,12
633,649,161,0,12
633,650,161,0,12
633,651,161,0,12
633,652,161,0,12
633,653,161,0,12
633,654,161,0,12
633,655,161,0,12
633,656,161,0,12
633,657,161,0,12
633,658,161,0,12
633,659,161,0,12
633,660,161,0,12
633,661,161,0,12
633,662,161,0,12
633,663,161,0,12
633,664,161,0,12
633,665,161,0,12
633,666,161,0,12
633,667,161,0,12
633,668,161,0,12
633,669,161,0,12
633,670,161,0,12
633,671,161,0,12
633,672,161,0,12
633,673,161,0,12
633,674,161,0,12
633,675,161,0,12
633,676,161,0,12
633,677,161,0,12
633,678,161,0,12
633,679,161,0,12
633,680,161,0,12
633,681,161,0,12
633,682,161,0,12
633,683,161,0,12
633,684,161,0,12
633,685,161,0,12
633,686,161,0,12
633,687,161,0,12
633,688,161,0,12
633,689,161,0,12
633,690,161,0,12
633,691,161,0,12
633,692,161,0,12
633,693,161,0,12
633,694,161,0,12
633,695,161,0,12
633,696,161,0,12
633,697,161,0,12
633,698,161,0,12
633,699,161,0,12
633,700,161,0,12
633,701,161,0,12
633,702,161,0,12
633,703,161,0,12
633,704,161,0,12
633,705,161,0,12
633,706,161,0,12
633,707,161,0,12
633,708,161,0,12
633,709,161,0,12
633,710,161,0,12
633,711,161,0,12
633,712,161,0,12
633,713,161,0,12
633,714,161,0,12
633,715,161,0,12
633,716,161,0,12
633,717,161,0,12
633,718,161,0,12
633,719,161,0,12
633,720,161,0,12
633,721,161,0,12
633,722,161,0,12
633,723,161,0,12
633,724,161,0,12
634,625,324,0,13
634,626,324,0,13
634,627,324,0,13
634,628,324,0,13
634,629,324,0,13
634,630,324,0,13
634,631,324,0,13
634,632,324,0,13
634,633,324,0,13
634,635,324,0,13
634,636,324,0,13
634,637,324,0,13
634,638,324,0,13
634,639,324,0,13
634,640,324,0,13
634,641,324,0,13
634,642,324,0,13
634,643,324,0,13
634,644,324,0,13
634,645,324,0,13
634,646,324,0,13
634,647,324,0,13
634,648,324,0,13
634,649,324,0,13
634,650,324,0,13
634,651,324,0,13
634,652,324,0,13
634,653,324,0,13
634,654,324,0,13
634,655,324,0,13
634,656,324,0,13
634,657,324,0,13
634,658,324,0,13
634,659,324,0,13
634,660,324,0,13
634,661,324,0,13
634,662,324,0,13
634,663,324,0,13
634,664,324,0,13
634,665,324,0,13
634,666,324,0,13
634,667,324,0,13
634,668,324,0,13
634,669,324,0,13
634,670,324,0,13
634,671,324,0,13
634,672,324,0,13
634,673,324,0,13
634,674,324,0,13
634,675,324,0,13
634,676,324,0,13
634,677,324,0,13
634,678,324,0,13
634,679,324,0,13
634,680,324,0,13
634,681,324,0,13
634,682,324,0,13
634,683,324,0,13
634,684,324,0,13
634,685,324,0,13
634,686,324,0,13
634,687,324,0,13
634,688,324,0,13
634,689,324,0,13
634,690,324,0,13
634,691,324,0,13
634,692,324,0,13
634,693,324,0,13
634,694,324,0,13
634,695,324,0,13
634,696,324,0,13
634,697,324,0,13
634,698,324,0,13
634,699,324,0,13
634,700,324,0,13
634,701,324,0,13
634,702,324,0,13
634,703,324,0,13
634,704,324,0,13
634,705,324,0,13
634,706,324,0,13
634,707,324,0,13
634,708,324,0,13
634,709,324,0,13
634,710,324,0,13
634,711,324,0,13
634,712,324,0,13
634,713,324,0,13
634,714,324,0,13
634,715,324,0,13
634,716,324,0,13
634,717,324,0,13
634,718,324,0,13
634,719,324,0,13
634,720,324,0,13
634,721,324,0,13
634,722,324,0,13
634,723,324,0,13
634,724,324,0,13
635,625,203,0,14
635,626,203,0,14
635,627,203,0,14
635,628,203,0,14
635,629,203,0,14
635,630,203,0,14
635,631,203,0,14
635,632,203,0,14
635,633,203,0,14
635,634,203,0,14
635,636,203,0,14
635,637,203,0,14
635,638,203,0,14
635,639,203,0,14
635,640,203,0,14
635,641,203,0,14
635,642,203,0,14
635,643,203,0,14
635,644,203,0,14
635,645,203,0,14
635,646,203,0,14
635,647,203,0,14
635,648,203,0,14
635,649,203,0,14
635,650,203,0,14
635,651,203,0,14
635,652,203,0,14
635,653,203,0,14
635,654,203,0,14
635,655,203,0,14
635,656,203,0,14
635,657,203,0,14
635,658,203,0,14
635,659,203,0,14
635,660,203,0,14
635,661,203,0,14
635,662,203,0,14
635,663,203,0,14
635,664,203,0,14
635,665,203,0,14
635,666,203,0,14
635,667,203,0,14
635,668,203,0,14
635,669,203,0,14
635,670,203,0,14
635,671,203,0,14
635,672,203,0,14
635,673,203,0,14
635,674,203,0,14
635,675,203,0,14
635,676,203,0,14
635,677,203,0,14
635,678,203,0,14
635,679,203,0,14
635,680,203,0,14
635,681,203,0,14
635,682,203,0,14
635,683,203,0,14
635,684,203,0,14
635,685,203,0,14
635,686,203,0,14
635,687,203,0,14
635,688,203,0,14
635,689,203,0,14
635,690,203,0,14
635,691,203,0,14
635,692,203,0,14
635,693,203,0,14
635,694,203,0,14
635,695,203,0,14
635,696,203,0,14
635,697,203,0,14
635,698,203,0,14
635,699,203,0,14
635,700,203,0,14
635,701,203,0,14
635,702,203,0,14
635,703,203,0,14
635,704,203,0,14
635,705,203,0,14
635,706,203,0,14
635,707,203,0,14
635,708,203,0,14
635,709,203,0,14
635,710,203,0,14
635,711,203,0,14
635,712,203,0,14
635,713,203,0,14
635,714,203,0,14
635,715,203,0,14
635,716,203,0,14
635,717,203,0,14
635,718,203,0,14
635,719,203,0,14
635,720,203,0,14
635,721,203,0,14
635,722,203,0,14
635,723,203,0,14
635,724,203,0,14
638,625,410,0,17
638,626,410,0,17
638,627,410,0,17
638,628,410,0,17
638,629,410,0,17
638,630,410,0,17
638,631,410,0,17
638,632,410,0,17
638,633,410,0,17
638,634,410,0,17
638,635,410,0,17
638,636,410,0,17
638,637,410,0,17
638,639,410,0,17
638,640,410,0,17
638,641,410,0,17
638,642,410,0,17
638,643,410,0,17
638,644,410,0,17
638,645,410,0,17
638,646,410,0,17
638,647,410,0,17
638,648,410,0,17
638,649,410,0,17
638,650,410,0,17
638,651,410,0,17
638,652,410,0,17
638,653,410,0,17
638,654,410,0,17
638,655,410,0,17
638,656,410,0,17
638,657,410,0,17
638,658,410,0,17
638,659,410,0,17
638,660,410,0,17
638,661,410,0,17
638,662,410,0,17
638,663,410,0,17
638,664,410,0,17
638,665,410,0,17
638,666,410,0,17
638,667,410,0,17
638,668,410,0,17
638,669,410,0,17
638,670,410,0,17
638,671,410,0,17
638,672,410,0,17
638,673,410,0,17
638,674,410,0,17
638,675,410,0,17
638,676,410,0,17
638,677,410,0,17
638,678,410,0,17
638,679,410,0,17
638,680,410,0,17
638,681,410,0,17
638,682,410,0,17
638,683,410,0,17
638,684,410,0,17
638,685,410,0,17
638,686,410,0,17
638,687,410,0,17
638,688,410,0,17
638,689,410,0,17
638,690,410,0,17
638,691,410,0,17
638,692,410,0,17
638,693,410,0,17
638,694,410,0,17
638,695,410,0,17
638,696,410,0,17
638,697,410,0,17
638,698,410,0,17
638,699,410,0,17
638,700,410,0,17
638,701,410,0,17
638,702,410,0,17
638,703,410,0,17
638,704,410,0,17
638,705,410,0,17
638,706,410,0,17
638,707,410,0,17
638,708,410,0,17
638,709,410,0,17
638,710,410,0,17
638,711,410,0,17
638,712,410,0,17
638,713,410,0,17
638,714,410,0,17
638,715,410,0,17
638,716,410,0,17
638,717,410,0,17
638,718,410,0,17
638,719,410,0,17
638,720,410,0,17
638,721,410,0,17
638,722,410,0,17
638,723,410,0,17
638,724,410,0,17
639,625,150,0,18
639,626,150,0,18
639,627,150,0,18
639,628,150,0,18
639,629,150,0,18
639,630,150,0,18
639,631,150,0,18
639,632,150,0,18
639,633,150,0,18
639,634,150,0,18
639,635,150,0,18
639,636,150,0,18
639,637,150,0,18
639,638,150,0,18
639,640,150,0,18
639,641,150,0,18
639,642,150,0,18
639,643,150,0,18
639,644,150,0,18
639,645,150,0,18
639,646,150,0,18
639,647,150,0,18
639,648,150,0,18
639,649,150,0,18
639,650,150,0,18
639,651,150,0,18
639,652,150,0,18
639,653,150,0,18
639,654,150,0,18
639,655,150,0,18
639,656,150,0,18
639,657,150,0,18
639,658,150,0,18
639,659,150,0,18
639,660,150,0,18
639,661,150,0,18
639,662,150,0,18
639,663,150,0,18
639,664,150,0,18
639,665,150,0,18
639,666,150,0,18
639,667,150,0,18
639,668,150,0,18
639,669,150,0,18
639,670,150,0,18
639,671,150,0,18
639,672,150,0,18
639,673,150,0,18
639,674,150,0,18
639,675,150,0,18
639,676,150,0,18
639,677,150,0,18
639,678,150,0,18
639,679,150,0,18
639,680,150,0,18
639,681,150,0,18
639,682,150,0,18
639,683,150,0,18
639,684,150,0,18
639,685,150,0,18
639,686,150,0,18
639,687,150,0,18
639,688,150,0,18
639,689,150,0,18
639,690,150,0,18
639,691,150,0,18
639,692,150,0,18
639,693,150,0,18
639,694,150,0,18
639,695,150,0,18
639,696,150,0,18
639,697,150,0,18
639,698,150,0,18
639,699,150,0,18
639,700,150,0,18
639,701,150,0,18
639,702,150,0,18
639,703,150,0,18
639,704,150,0,18
639,705,150,0,18
639,706,150,0,18
639,707,150,0,18
639,708,150,0,18
639,709,150,0,18
639,710,150,0,18
639,711,150,0,18
639,712,150,0,18
639,713,150,0,18
639,714,150,0,18
639,715,150,0,18
639,716,150,0,18
639,717,150,0,18
639,718,150,0,18
639,719,150,0,18
639,720,150,0,18
639,721,150,0,18
639,722,150,0,18
639,723,150,0,18
639,724,150,0,18
640,625,11,0,19
640,626,11,0,19
640,627,11,0,19
640,628,11,0,19
640,629,11,0,19
640,630,11,0,19
640,631,11,0,19
640,632,11,0,19
640,633,11,0,19
640,634,11,0,19
640,635,11,0,19
640,636,11,0,19
640,637,11,0,19
640,638,11,0,19
640,639,11,0,19
640,641,11,0,19
640,642,11,0,19
640,643,11,0,19
640,644,11,0,19
640,645,11,0,19
640,646,11,0,19
640,647,11,0,19
640,648,11,0,19
640,649,11,0,19
640,650,11,0,19
640,651,11,0,19
640,652,11,0,19
640,653,11,0,19
640,654,11,0,19
640,655,11,0,19
640,656,11,0,19
640,657,11,0,19
640,658,11,0,19
640,659,11,0,19
640,660,11,0,19
640,661,11,0,19
640,662,11,0,19
640,663,11,0,19
640,664,11,0,19
640,665,11,0,19
640,666,11,0,19
640,667,11,0,19
640,668,11,0,19
640,669,11,0,19
640,670,11,0,19
640,671,11,0,19
640,672,11,0,19
640,673,11,0,19
640,674,11,0,19
640,675,11,0,19
640,676,11,0,19
640,677,11,0,19
640,678,11,0,19
640,679,11,0,19
640,680,11,0,19
640,681,11,0,19
640,682,11,0,19
640,683,11,0,19
640,684,11,0,19
640,685,11,0,19
640,686,11,0,19
640,687,11,0,19
640,688,11,0,19
640,689,11,0,19
640,690,11,0,19
640,691,11,0,19
640,692,11,0,19
640,693,11,0,19
640,694,11,0,19
640,695,11,0,19
640,696,11,0,19
640,697,11,0,19
640,698,11,0,19
640,699,11,0,19
640,700,11,0,19
640,701,11,0,19
640,702,11,0,19
640,703,11,0,19
640,704,11,0,19
640,705,11,0,19
640,706,11,0,19
640,707,11,0,19
640,708,11,0,19
640,709,11,0,19
640,710,11,0,19
640,711,11,0,19
640,712,11,0,19
640,713,11,0,19
640,714,11,0,19
640,715,11,0,19
640,716,11,0,19
640,717,11,0,19
640,718,11,0,19
640,719,11,0,19
640,720,11,0,19
640,721,11,0,19
640,722,11,0,19
640,723,11,0,19
640,724,11,0,19
644,625,381,0,23
644,626,381,0,23
644,627,381,0,23
644,628,381,0,23
644,629,381,0,23
644,630,381,0,23
644,631,381,0,23
644,632,381,0,23
644,633,381,0,23
644,634,381,0,23
644,635,381,0,23
644,636,381,0,23
644,637,381,0,23
644,638,381,0,23
644,639,381,0,23
644,640,381,0,23
644,641,381,0,23
644,642,381,0,23
644,643,381,0,23
644,645,381,0,23
644,646,381,0,23
644,647,381,0,23
644,648,381,0,23
644,649,381,0,23
644,650,381,0,23
644,651,381,0,23
644,652,381,0,23
644,653,381,0,23
644,654,381,0,23
644,655,381,0,23
644,656,381,0,23
644,657,381,0,23
644,658,381,0,23
644,659,381,0,23
644,660,381,0,23
644,661,381,0,23
644,662,381,0,23
644,663,381,0,23
644,664,381,0,23
644,665,381,0,23
644,666,381,0,23
644,667,381,0,23
644,668,381,0,23
644,669,381,0,23
644,670,381,0,23
644,671,381,0,23
644,672,381,0,23
644,673,381,0,23
644,674,381,0,23
644,675,381,0,23
644,676,381,0,23
644,677,381,0,23
644,678,381,0,23
644,679,381,0,23
644,680,381,0,23
644,681,381,0,23
644,682,381,0,23
644,683,381,0,23
644,684,381,0,23
644,685,381,0,23
644,686,381,0,23
644,687,381,0,23
644,688,381,0,23
644,689,381,0,23
644,690,381,0,23
644,691,381,0,23
644,692,381,0,23
644,693,381,0,23
644,694,381,0,23
644,695,381,0,23
644,696,381,0,23
644,697,381,0,23
644,698,381,0,23
644,699,381,0,23
644,700,381,0,23
644,701,381,0,23
644,702,381,0,23
644,703,381,0,23
644,704,381,0,23
644,705,381,0,23
644,706,381,0,23
644,707,381,0,23
644,708,381,0,23
644,709,381,0,23
644,710,381,0,23
644,711,381,0,23
644,712,381,0,23
644,713,381,0,23
644,714,381,0,23
644,715,381,0,23
644,716,381,0,23
644,717,381,0,23
644,718,381,0,23
644,719,381,0,23
644,720,381,0,23
644,721,381,0,23
644,722,381,0,23
644,723,381,0,23
644,724,381,0,23
649,625,355,0,28
649,626,355,0,28
649,627,355,0,28
649,628,355,0,28
649,629,355,0,28
649,630,355,0,28
649,631,355,0,28
649,632,355,0,28
649,633,355,0,28
649,634,355,0,28
649,635,355,0,28
649,636,355,0,28
649,637,355,0,28
649,638,355,0,28
649,639,355,0,28
649,640,355,0,28
649,641,355,0,28
649,642,355,0,28
649,643,355,0,28
649,644,355,0,28
649,645,355,0,28
649,646,355,0,28
649,647,355,0,28
649,648,355,0,28
649,650,355,0,28
649,651,355,0,28
649,652,355,0,28
649,653,355,0,28
649,654,355,0,28
649,655,355,0,28
649,656,355,0,28
649,657,355,0,28
649,658,355,0,28
649,659,355,0,28
649,660,355,0,28
649,661,355,0,28
649,662,355,0,28
649,663,355,0,28
649,664,355,0,28
649,665,355,0,28
649,666,355,0,28
649,667,355,0,28
649,668,355,0,28
649,669,355,0,28
649,670,355,0,28
649,671,355,0,28
649,672,355,0,28
649,673,355,0,28
649,674,355,0,28
649,675,355,0,28
649,676,355,0,28
649,677,355,0,28
649,678,355,0,28
649,679,355,0,28
649,680,355,0,28
649,681,355,0,28
649,682,355,0,28
649,683,355,0,28
649,684,355,0,28
649,685,355,0,28
649,686,355,0,28
649,687,355,0,28
649,688,355,0,28
649,689,355,0,28
649,690,355,0,28
649,691,355,0,28
649,692,355,0,28
649,693,355,0,28
649,694,355,0,28
649,695,355,0,28
649,696,355,0,28
649,697,355,0,28
649,698,355,0,28
649,699,355,0,28
649,700,355,0,28
649,701,355,0,28
649,702,355,0,28
649,703,355,0,28
649,704,355,0,28
649,705,355,0,28
649,706,355,0,28
649,707,355,0,28
649,708,355,0,28
649,709,355,0,28
649,710,355,0,28
649,711,355,0,28
649,712,355,0,28
649,713,355,0,28
649,714,355,0,28
649,715,355,0,28
649,716,355,0,28
649,717,355,0,28
649,718,355,0,28
649,719,355,0,28
649,720,355,0,28
649,721,355,0,28
649,722,355,0,28
649,723,355,0,28
649,724,355,0,28
655,625,83,0,34
655,626,83,0,34
655,627,83,0,34
655,628,83,0,34
655,629,83,0,34
655,630,83,0,34
655,631,83,0,34
655,632,83,0,34
655,633,83,0,34
655,634,83,0,34
655,635,83,0,34
655,636,83,0,34
655,637,83,0,34
655,638,83,0,34
655,639,83,0,34
655,640,83,0,34
655,641,83,0,34
655,642,83,0,34
655,643,83,0,34
655,644,83,0,34
655,645,83,0,34
655,646,83,0,34
655,647,83,0,34
655,648,83,0,34
655,649,83,0,34
655,650,83,0,34
655,651,83,0,34
655,652,83,0,34
655,653,83,0,34
655,654,83,0,34
655,656,83,0,34
655,657,83,0,34
655,658,83,0,34
655,659,83,0,34
655,660,83,0,34
655,661,83,0,34
655,662,83,0,34
655,663,83,0,34
655,664,83,0,34
655,665,83,0,34
655,666,83,0,34
655,667,83,0,34
655,668,83,0,34
655,669,83,0,34
655,670,83,0,34
655,671,83,0,34
655,672,83,0,34
655,673,83,0,34
655,674,83,0,34
655,675,83,0,34
655,676,83,0,34
655,677,83,0,34
655,678,83,0,34
655,679,83,0,34
655,680,83,0,34
655,681,83,0,34
655,682,83,0,34
655,683,83,0,34
655,684,83,0,34
655,685,83,0,34
655,686,83,0,34
655,687,83,0,34
655,688,83,0,34
655,689,83,0,34
655,690,83,0,34
655,691,83,0,34
655,692,83,0,34
655,693,83,0,34
655,694,83,0,34
655,695,83,0,34
655,696,83,0,34
655,697,83,0,34
655,698,83,0,34
655,699,83,0,34
655,700,83,0,34
655,701,83,0,34
655,702,83,0,34
655,703,83,0,34
655,704,83,0,34
655,705,83,0,34
655,706,83,0,34
655,707,83,0,34
655,708,83,0,34
655,709,83,0,34
655,710,83,0,34
655,711,83,0,34
655,712,83,0,34
655,713,83,0,34
655,714,83,0,34
655,715,83,0,34
655,716,83,0,34
655,717,83,0,34
655,718,83,0,34
655,719,83,0,34
655,720,83,0,34
655,721,83,0,34
655,722,83,0,34
655,723,83,0,34
655,724,83,0,34
656,625,391,0,35
656,626,391,0,35
656,627,391,0,35
656,628,391,0,35
656,629,391,0,35
656,630,391,0,35
656,631,391,0,35
656,632,391,0,35
656,633,391,0,35
656,634,391,0,35
656,635,391,0,35
656,636,391,0,35
656,637,391,0,35
656,638,391,0,35
656,639,391,0,35
656,640,391,0,35
656,641,391,0,35
656,642,391,0,35
656,643,391,0,35
656,644,391,0,35
656,645,391,0,35
656,646,391,0,35
656,647,391,0,35
656,648,391,0,35
656,649,391,0,35
656,650,391,0,35
656,651,391,0,35
656,652,391,0,35
656,653,391,0,35
656,654,391,0,35
656,655,391,0,35
656,657,391,0,35
656,658,391,0,35
656,659,391,0,35
656,660,391,0,35
656,661,391,0,35
656,662,391,0,35
656,663,391,0,35
656,664,391,0,35
656,665,391,0,35
656,666,391,0,35
656,667,391,0,35
656,668,391,0,35
656,669,391,0,35
656,670,391,0,35
656,671,391,0,35
656,672,391,0,35
656,673,391,0,35
656,674,391,0,35
656,675,391,0,35
656,676,391,0,35
656,677,391,0,35
656,678,391,0,35
656,679,391,0,35
656,680,391,0,35
656,681,391,0,35
656,682,391,0,35
656,683,391,0,35
656,684,391,0,35
656,685,391,0,35
656,686,391,0,35
656,687,391,0,35
656,688,391,0,35
656,689,391,0,35
656,690,391,0,35
656,691,391,0,35
656,692,391,0,35
656,693,391,0,35
656,694,391,0,35
656,695,391,0,35
656,696,391,0,35
656,697,391,0,35
656,698,391,0,35
656,699,391,0,35
656,700,391,0,35
656,701,391,0,35
656,702,391,0,35
656,703,391,0,35
656,704,391,0,35
656,705,391,0,35
656,706,391,0,35
656,707,391,0,35
656,708,391,0,35
656,709,391,0,35
656,710,391,0,35
656,711,391,0,35
656,712,391,0,35
656,713,391,0,35
656,714,391,0,35
656,715,391,0,35
656,716,391,0,35
656,717,391,0,35
656,718,391,0,35
656,719,391,0,35
656,720,391,0,35
656,721,391,0,35
656,722,391,0,35
656,723,391,0,35
656,724,391,0,35
659,625,90,0,38
659,626,90,0,38
659,627,90,0,38
659,628,90,0,38
659,629,90,0,38
659,630,90,0,38
659,631,90,0,38
659,632,90,0,38
659,633,90,0,38
659,634,90,0,38
659,635,90,0,38
659,636,90,0,38
659,637,90,0,38
659,638,90,0,38
659,639,90,0,38
659,640,90,0,38
659,641,90,0,38
659,642,90,0,38
659,643,90,0,38
659,644,90,0,38
659,645,90,0,38
659,646,90,0,38
659,647,90,0,38
659,648,90,0,38
659,649,90,0,38
659,650,90,0,38
659,651,90,0,38
659,652,90,0,38
659,653,90,0,38
659,654,90,0,38
659,655,90,0,38
659,656,90,0,38
659,657,90,0,38
659,658,90,0,38
659,660,90,0,38
659,661,90,0,38
659,662,90,0,38
659,663,90,0,38
659,664,90,0,38
659,665,90,0,38
659,666,90,0,38
659,667,90,0,38
659,668,90,0,38
659,669,90,0,38
659,670,90,0,38
659,671,90,0,38
659,672,90,0,38
659,673,90,0,38
659,674,90,0,38
659,675,90,0,38
659,676,90,0,38
659,677,90,0,38
659,678,90,0,38
659,679,90,0,38
659,680,90,0,38
659,681,90,0,38
659,682,90,0,38
659,683,90,0,38
659,684,90,0,38
659,685,90,0,38
659,686,90,0,38
659,687,90,0,38
659,688,90,0,38
659,689,90,0,38
659,690,90,0,38
659,691,90,0,38
659,692,90,0,38
659,693,90,0,38
659,694,90,0,38
659,695,90,0,38
659,696,90,0,38
659,697,90,0,38
659,698,90,0,38
659,699,90,0,38
659,700,90,0,38
659,701,90,0,38
659,702,90,0,38
659,703,90,0,38
659,704,90,0,38
659,705,90,0,38
659,706,90,0,38
659,707,90,0,38
659,708,90,0,38
659,709,90,0,38
659,710,90,0,38
659,711,90,0,38
659,712,90,0,38
659,713,90,0,38
659,714,90,0,38
659,715,90,0,38
659,716,90,0,38
659,717,90,0,38
659,718,90,0,38
659,719,90,0,38
659,720,90,0,38
659,721,90,0,38
659,722,90,0,38
659,723,90,0,38
659,724,90,0,38
661,625,36,0,40
661,626,36,0,40
661,627,36,0,40
661,628,36,0,40
661,629,36,0,40
661,630,36,0,40
661,631,36,0,40
661,632,36,0,40
661,633,36,0,40
661,634,36,0,40
661,635,36,0,40
661,636,36,0,40
661,637,36,0,40
661,638,36,0,40
661,639,36,0,40
661,640,36,0,40
661,641,36,0,40
661,642,36,0,40
661,643,36,0,40
661,644,36,0,40
661,645,36,0,40
661,646,36,0,40
661,647,36,0,40
661,648,36,0,40
661,649,36,0,40
661,650,36,0,40
661,651,36,0,40
661,652,36,0,40
661,653,36,0,40
661,654,36,0,40
661,655,36,0,40
661,656,36,0,40
661,657,36,0,40
661,658,36,0,40
661,659,36,0,40
661,660,36,0,40
661,662,36,0,40
661,663,36,0,40
661,664,36,0,40
661,665,36,0,40
661,666,36,0,40
661,667,36,0,40
661,668,36,0,40
661,669,36,0,40
661,670,36,0,40
661,671,36,0,40
661,672,36,0,40
661,673,36,0,40
661,674,36,0,40
661,675,36,0,40
661,676,36,0,40
661,677,36,0,40
661,678,36,0,40
661,679,36,0,40
661,680,36,0,40
661,681,36,0,40
661,682,36,0,40
661,683,36,0,40
661,684,36,0,40
661,685,36,0,40
661,686,36,0,40
661,687,36,0,40
661,688,36,0,40
661,689,36,0,40
661,690,36,0,40
661,691,36,0,40
661,692,36,0,40
661,693,36,0,40
661,694,36,0,40
661,695,36,0,40
661,696,36,0,40
661,697,36,0,40
661,698,36,0,40
661,699,36,0,40
661,700,36,0,40
661,701,36,0,40
661,702,36,0,40
661,703,36,0,40
661,704,36,0,40
661,705,36,0,40
661,706,36,0,40
661,707,36,0,40
661,708,36,0,40
661,709,36,0,40
661,710,36,0,40
661,711,36,0,40
661,712,36,0,40
661,713,36,0,40
661,714,36,0,40
661,715,36,0,40
661,716,36,0,40
661,717,36,0,40
661,718,36,0,40
661,719,36,0,40
661,720,36,0,40
661,721,36,0,40
661,722,36,0,40
661,723,36,0,40
661,724,36,0,40
664,625,134,0,43
664,626,134,0,43
664,627,134,0,43
664,628,134,0,43
664,629,134,0,43
664,630,134,0,43
664,631,134,0,43
664,632,134,0,43
664,633,134,0,43
664,634,134,0,43
664,635,134,0,43
664,636,134,0,43
664,637,134,0,43
664,638,134,0,43
664,639,134,0,43
664,640,134,0,43
664,641,134,0,43
664,642,134,0,43
664,643,134,0,43
664,644,134,0,43
664,645,134,0,43
664,646,134,0,43
664,647,134,0,43
664,648,134,0,43
664,649,134,0,43
664,650,134,0,43
664,651,134,0,43
664,652,134,0,43
664,653,134,0,43
664,654,134,0,43
664,655,134,0,43
664,656,134,0,43
664,657,134,0,43
664,658,134,0,43
664,659,134,0,43
664,660,134,0,43
664,661,134,0,43
664,662,134,0,43
664,663,134,0,43
664,665,134,0,43
664,666,134,0,43
664,667,134,0,43
664,668,134,0,43
664,669,134,0,43
664,670,134,0,43
664,671,134,0,43
664,672,134,0,43
664,673,134,0,43
664,674,134,0,43
664,675,134,0,43
664,676,134,0,43
664,677,134,0,43
664,678,134,0,43
664,679,134,0,43
664,680,134,0,43
664,681,134,0,43
664,682,134,0,43
664,683,134,0,43
664,684,134,0,43
664,685,134,0,43
664,686,134,0,43
664,687,134,0,43
664,688,134,0,43
664,689,134,0,43
664,690,134,0,43
664,691,134,0,43
664,692,134,0,43
664,693,134,0,43
664,694,134,0,43
664,695,134,0,43
664,696,134,0,43
664,697,134,0,43
664,698,134,0,43
664,699,134,0,43
664,700,134,0,43
664,701,134,0,43
664,702,134,0,43
664,703,134,0,43
664,704,134,0,43
664,705,134,0,43
664,706,134,0,43
664,707,134,0,43
664,708,134,0,43
664,709,134,0,43
664,710,134,0,43
664,711,134,0,43
664,712,134,0,43
664,713,134,0,43
664,714,134,0,43
664,715,134,0,43
664,716,134,0,43
664,717,134,0,43
664,718,134,0,43
664,719,134,0,43
664,720,134,0,43
664,721,134,0,43
664,722,134,0,43
664,723,134,0,43
664,724,134,0,43
665,625,143,0,44
665,626,143,0,44
665,627,143,0,44
665,628,143,0,44
665,629,143,0,44
665,630,143,0,44
665,631,143,0,44
665,632,143,0,44
665,633,143,0,44
665,634,143,0,44
665,635,143,0,44
665,636,143,0,44
665,637,143,0,44
665,638,143,0,44
665,639,143,0,44
665,640,143,0,44
665,641,143,0,44
665,642,143,0,44
665,643,143,0,44
665,644,143,0,44
665,645,143,0,44
665,646,143,0,44
665,647,143,0,44
665,648,143,0,44
665,649,143,0,44
665,650,143,0,44
665,651,143,0,44
665,652,143,0,44
665,653,143,0,44
665,654,143,0,44
665,655,143,0,44
665,656,143,0,44
665,657,143,0,44
665,658,143,0,44
665,659,143,0,44
665,660,143,0,44
665,661,143,0,44
665,662,143,0,44
665,663,143,0,44
665,664,143,0,44
665,666,143,0,44
665,667,143,0,44
665,668,143,0,44
665,669,143,0,44
665,670,143,0,44
665,671,143,0,44
665,672,143,0,44
665,673,143,0,44
665,674,143,0,44
665,675,143,0,44
665,676,143,0,44
665,677,143,0,44
665,678,143,0,44
665,679,143,0,44
665,680,143,0,44
665,681,143,0,44
665,682,143,0,44
665,683,143,0,44
665,684,143,0,44
665,685,143,0,44
665,686,143,0,44
665,687,143,0,44
665,688,143,0,44
665,689,143,0,44
665,690,143,0,44
665,691,143,0,44
665,692,143,0,44
665,693,143,0,44
665,694,143,0,44
665,695,143,0,44
665,696,143,0,44
665,697,143,0,44
665,698,143,0,44
665,699,143,0,44
665,700,143,0,44
665,701,143,0,44
665,702,143,0,44
665,703,143,0,44
665,704,143,0,44
665,705,143,0,44
665,706,143,0,44
665,707,143,0,44
665,708,143,0,44
665,709,143,0,44
665,710,143,0,44
665,711,143,0,44
665,712,143,0,44
665,713,143,0,44
665,714,143,0,44
665,715,143,0,44
665,716,143,0,44
665,717,143,0,44
665,718,143,0,44
665,719,143,0,44
665,720,143,0,44
665,721,143,0,44
665,722,143,0,44
665,723,143,0,44
665,724,143,0,44
667,625,12,0,46
667,626,12,0,46
667,627,12,0,46
667,628,12,0,46
667,629,12,0,46
667,630,12,0,46
667,631,12,0,46
667,632,12,0,46
667,633,12,0,46
667,634,12,0,46
667,635,12,0,46
667,636,12,0,46
667,637,12,0,46
667,638,12,0,46
667,639,12,0,46
667,640,12,0,46
667,641,12,0,46
667,642,12,0,46
667,643,12,0,46
667,644,12,0,46
667,645,12,0,46
667,646,12,0,46
667,647,12,0,46
667,648,12,0,46
667,649,12,0,46
667,650,12,0,46
667,651,12,0,46
667,652,12,0,46
667,653,12,0,46
667,654,12,0,46
667,655,12,0,46
667,656,12,0,46
667,657,12,0,46
667,658,12,0,46
667,659,12,0,46
667,660,12,0,46
667,661,12,0,46
667,662,12,0,46
667,663,12,0,46
667,664,12,0,46
667,665,12,0,46
667,666,12,0,46
667,668,12,0,46
667,669,12,0,46
667,670,12,0,46
667,671,12,0,46
667,672,12,0,46
667,673,12,0,46
667,674,12,0,46
667,675,12,0,46
667,676,12,0,46
667,677,12,0,46
667,678,12,0,46
667,679,12,0,46
667,680,12,0,46
667,681,12,0,46
667,682,12,0,46
667,683,12,0,46
667,684,12,0,46
667,685,12,0,46
667,686,12,0,46
667,687,12,0,46
667,688,12,0,46
667,689,12,0,46
667,690,12,0,46
667,691,12,0,46
667,692,12,0,46
667,693,12,0,46
667,694,12,0,46
667,695,12,0,46
667,696,12,0,46
667,697,12,0,46
667,698,12,0,46
667,699,12,0,46
667,700,12,0,46
667,701,12,0,46
667,702,12,0,46
667,703,12,0,46
667,704,12,0,46
667,705,12,0,46
667,706,12,0,46
667,707,12,0,46
667,708,12,0,46
667,709,12,0,46
667,710,12,0,46
667,711,12,0,46
667,712,12,0,46
667,713,12,0,46
667,714,12,0,46
667,715,12,0,46
667,716,12,0,46
667,717,12,0,46
667,718,12,0,46
667,719,12,0,46
667,720,12,0,46
667,721,12,0,46
667,722,12,0,46
667,723,12,0,46
667,724,12,0,46
668,625,151,0,47
668,626,151,0,47
668,627,151,0,47
668,628,151,0,47
668,629,151,0,47
668,630,151,0,47
668,631,151,0,47
668,632,151,0,47
668,633,151,0,47
668,634,151,0,47
668,635,151,0,47
668,636,151,0,47
668,637,151,0,47
668,638,151,0,47
668,639,151,0,47
668,640,151,0,47
668,641,151,0,47
668,642,151,0,47
668,643,151,0,47
668,644,151,0,47
668,645,151,0,47
668,646,151,0,47
668,647,151,0,47
668,648,151,0,47
668,649,151,0,47
668,650,151,0,47
668,651,151,0,47
668,652,151,0,47
668,653,151,0,47
668,654,151,0,47
668,655,151,0,47
668,656,151,0,47
668,657,151,0,47
668,658,151,0,47
668,659,151,0,47
668,660,151,0,47
668,661,151,0,47
668,662,151,0,47
668,663,151,0,47
668,664,151,0,47
668,665,151,0,47
668,666,151,0,47
668,667,151,0,47
668,669,151,0,47
668,670,151,0,47
668,671,151,0,47
668,672,151,0,47
668,673,151,0,47
668,674,151,0,47
668,675,151,0,47
668,676,151,0,47
668,677,151,0,47
668,678,151,0,47
668,679,151,0,47
668,680,151,0,47
668,681,151,0,47
668,682,151,0,47
668,683,151,0,47
668,684,151,0,47
668,685,151,0,47
668,686,151,0,47
668,687,151,0,47
668,688,151,0,47
668,689,151,0,47
668,690,151,0,47
668,691,151,0,47
668,692,151,0,47
668,693,151,0,47
668,694,151,0,47
668,695,151,0,47
668,696,151,0,47
668,697,151,0,47
668,698,151,0,47
668,699,151,0,47
668,700,151,0,47
668,701,151,0,47
668,702,151,0,47
668,703,151,0,47
668,704,151,0,47
668,705,151,0,47
668,706,151,0,47
668,707,151,0,47
668,708,151,0,47
668,709,151,0,47
668,710,151,0,47
668,711,151,0,47
668,712,151,0,47
668,713,151,0,47
668,714,151,0,47
668,715,151,0,47
668,716,151,0,47
668,717,151,0,47
668,718,151,0,47
668,719,151,0,47
668,720,151,0,47
668,721,151,0,47
668,722,151,0,47
668,723,151,0,47
668,724,151,0,47
669,625,329,0,48
669,626,329,0,48
669,627,329,0,48
669,628,329,0,48
669,629,329,0,48
669,630,329,0,48
669,631,329,0,48
669,632,329,0,48
669,633,329,0,48
669,634,329,0,48
669,635,329,0,48
669,636,329,0,48
669,637,329,0,48
669,638,329,0,48
669,639,329,0,48
669,640,329,0,48
669,641,329,0,48
669,642,329,0,48
669,643,329,0,48
669,644,329,0,48
669,645,329,0,48
669,646,329,0,48
669,647,329,0,48
669,648,329,0,48
669,649,329,0,48
669,650,329,0,48
669,651,329,0,48
669,652,329,0,48
669,653,329,0,48
669,654,329,0,48
669,655,329,0,48
669,656,329,0,48
669,657,329,0,48
669,658,329,0,48
669,659,329,0,48
669,660,329,0,48
669,661,329,0,48
669,662,329,0,48
669,663,329,0,48
669,664,329,0,48
669,665,329,0,48
669,666,329,0,48
669,667,329,0,48
669,668,329,0,48
669,670,329,0,48
669,671,329,0,48
669,672,329,0,48
669,673,329,0,48
669,674,329,0,48
669,675,329,0,48
669,676,329,0,48
669,677,329,0,48
669,678,329,0,48
669,679,329,0,48
669,680,329,0,48
669,681,329,0,48
669,682,329,0,48
669,683,329,0,48
669,684,329,0,48
669,685,329,0,48
669,686,329,0,48
669,687,329,0,48
669,688,329,0,48
669,689,329,0,48
669,690,329,0,48
669,691,329,0,48
669,692,329,0,48
669,693,329,0,48
669,694,329,0,48
669,695,329,0,48
669,696,329,0,48
669,697,329,0,48
669,698,329,0,48
669,699,329,0,48
669,700,329,0,48
669,701,329,0,48
669,702,329,0,48
669,703,329,0,48
669,704,329,0,48
669,705,329,0,48
669,706,329,0,48
669,707,329,0,48
669,708,329,0,48
669,709,329,0,48
669,710,329,0,48
669,711,329,0,48
669,712,329,0,48
669,713,329,0,48
669,714,329,0,48
669,715,329,0,48
669,716,329,0,48
669,717,329,0,48
669,718,329,0,48
669,719,329,0,48
669,720,329,0,48
669,721,329,0,48
669,722,329,0,48
669,723,329,0,48
669,724,329,0,48
671,625,565,0,50
671,626,565,0,50
671,627,565,0,50
671,628,565,0,50
671,629,565,0,50
671,630,565,0,50
671,631,565,0,50
671,632,565,0,50
671,633,565,0,50
671,634,565,0,50
671,635,565,0,50
671,636,565,0,50
671,637,565,0,50
671,638,565,0,50
671,639,565,0,50
671,640,565,0,50
671,641,565,0,50
671,642,565,0,50
671,643,565,0,50
671,644,565,0,50
671,645,565,0,50
671,646,565,0,50
671,647,565,0,50
671,648,565,0,50
671,649,565,0,50
671,650,565,0,50
671,651,565,0,50
671,652,565,0,50
671,653,565,0,50
671,654,565,0,50
671,655,565,0,50
671,656,565,0,50
671,657,565,0,50
671,658,565,0,50
671,659,565,0,50
671,660,565,0,50
671,661,565,0,50
671,662,565,0,50
671,663,565,0,50
671,664,565,0,50
671,665,565,0,50
671,666,565,0,50
671,667,565,0,50
671,668,565,0,50
671,669,565,0,50
671,670,565,0,50
671,672,565,0,50
671,673,565,0,50
671,674,565,0,50
671,675,565,0,50
671,676,565,0,50
671,677,565,0,50
671,678,565,0,50
671,679,565,0,50
671,680,565,0,50
671,681,565,0,50
671,682,565,0,50
671,683,565,0,50
671,684,565,0,50
671,685,565,0,50
671,686,565,0,50
671,687,565,0,50
671,688,565,0,50
671,689,565,0,50
671,690,565,0,50
671,691,565,0,50
671,692,565,0,50
671,693,565,0,50
671,694,565,0,50
671,695,565,0,50
671,696,565,0,50
671,697,565,0,50
671,698,565,0,50
671,699,565,0,50
671,700,565,0,50
671,701,565,0,50
671,702,565,0,50
671,703,565,0,50
671,704,565,0,50
671,705,565,0,50
671,706,565,0,50
671,707,565,0,50
671,708,565,0,50
671,709,565,0,50
671,710,565,0,50
671,711,565,0,50
671,712,565,0,50
671,713,565,0,50
671,714,565,0,50
671,715,565,0,50
671,716,565,0,50
671,717,565,0,50
671,718,565,0,50
671,719,565,0,50
671,720,565,0,50
671,721,565,0,50
671,722,565,0,50
671,723,565,0,50
671,724,565,0,50
672,625,159,0,51
672,626,159,0,51
672,627,159,0,51
672,628,159,0,51
672,629,159,0,51
672,630,159,0,51
672,631,159,0,51
672,632,159,0,51
672,633,159,0,51
672,634,159,0,51
672,635,159,0,51
672,636,159,0,51
672,637,159,0,51
672,638,159,0,51
672,639,159,0,51
672,640,159,0,51
672,641,159,0,51
672,642,159,0,51
672,643,159,0,51
672,644,159,0,51
672,645,159,0,51
672,646,159,0,51
672,647,159,0,51
672,648,159,0,51
672,649,159,0,51
672,650,159,0,51
672,651,159,0,51
672,652,159,0,51
672,653,159,0,51
672,654,159,0,51
672,655,159,0,51
672,656,159,0,51
672,657,159,0,51
672,658,159,0,51
672,659,159,0,51
672,660,159,0,51
672,661,159,0,51
672,662,159,0,51
672,663,159,0,51
672,664,159,0,51
672,665,159,0,51
672,666,159,0,51
672,667,159,0,51
672,668,159,0,51
672,669,159,0,51
672,670,159,0,51
672,671,159,0,51
672,673,159,0,51
672,674,159,0,51
672,675,159,0,51
672,676,159,0,51
672,677,159,0,51
672,678,159,0,51
672,679,159,0,51
672,680,159,0,51
672,681,159,0,51
672,682,159,0,51
672,683,159,0,51
672,684,159,0,51
672,685,159,0,51
672,686,159,0,51
672,687,159,0,51
672,688,159,0,51
672,689,159,0,51
672,690,159,0,51
672,691,159,0,51
672,692,159,0,51
672,693,159,0,51
672,694,159,0,51
672,695,159,0,51
672,696,159,0,51
672,697,159,0,51
672,698,159,0,51
672,699,159,0,51
672,700,159,0,51
672,701,159,0,51
672,702,159,0,51
672,703,159,0,51
672,704,159,0,51
672,705,159,0,51
672,706,159,0,51
672,707,159,0,51
672,708,159,0,51
672,709,159,0,51
672,710,159,0,51
672,711,159,0,51
672,712,159,0,51
672,713,159,0,51
672,714,159,0,51
672,715,159,0,51
672,716,159,0,51
672,717,159,0,51
672,718,159,0,51
672,719,159,0,51
672,720,159,0,51
672,721,159,0,51
672,722,159,0,51
672,723,159,0,51
672,724,159,0,51
673,625,279,0,52
673,626,279,0,52
673,627,279,0,52
673,628,279,0,52
673,629,279,0,52
673,630,279,0,52
673,631,279,0,52
673,632,279,0,52
673,633,279,0,52
673,634,279,0,52
673,635,279,0,52
673,636,279,0,52
673,637,279,0,52
673,638,279,0,52
673,639,279,0,52
673,640,279,0,52
673,641,279,0,52
673,642,279,0,52
673,643,279,0,52
673,644,279,0,52
673,645,279,0,52
673,646,279,0,52
673,647,279,0,52
673,648,279,0,52
673,649,279,0,52
673,650,279,0,52
673,651,279,0,52
673,652,279,0,52
673,653,279,0,52
673,654,279,0,52
673,655,279,0,52
673,656,279,0,52
673,657,279,0,52
673,658,279,0,52
673,659,279,0,52
673,660,279,0,52
673,661,279,0,52
673,662,279,0,52
673,663,279,0,52
673,664,279,0,52
673,665,279,0,52
673,666,279,0,52
673,667,279,0,52
673,668,279,0,52
673,669,279,0,52
673,670,279,0,52
673,671,279,0,52
673,672,279,0,52
673,674,279,0,52
673,675,279,0,52
673,676,279,0,52
673,677,279,0,52
673,678,279,0,52
673,679,279,0,52
673,680,279,0,52
673,681,279,0,52
673,682,279,0,52
673,683,279,0,52
673,684,279,0,52
673,685,279,0,52
673,686,279,0,52
673,687,279,0,52
673,688,279,0,52
673,689,279,0,52
673,690,279,0,52
673,691,279,0,52
673,692,279,0,52
673,693,279,0,52
673,694,279,0,52
673,695,279,0,52
673,696,279,0,52
673,697,279,0,52
673,698,279,0,52
673,699,279,0,52
673,700,279,0,52
673,701,279,0,52
673,702,279,0,52
673,703,279,0,52
673,704,279,0,52
673,705,279,0,52
673,706,279,0,52
673,707,279,0,52
673,708,279,0,52
673,709,279,0,52
673,710,279,0,52
673,711,279,0,52
673,712,279,0,52
673,713,279,0,52
673,714,279,0,52
673,715,279,0,52
673,716,279,0,52
673,717,279,0,52
673,718,279,0,52
673,719,279,0,52
673,720,279,0,52
673,721,279,0,52
673,722,279,0,52
673,723,279,0,52
673,724,279,0,52
676,625,590,0,55
676,626,590,0,55
676,627,590,0,55
676,628,590,0,55
676,629,590,0,55
676,630,590,0,55
676,631,590,0,55
676,632,590,0,55
676,633,590,0,55
676,634,590,0,55
676,635,590,0,55
676,636,590,0,55
676,637,590,0,55
676,638,590,0,55
676,639,590,0,55
676,640,590,0,55
676,641,590,0,55
676,642,590,0,55
676,643,590,0,55
676,644,590,0,55
676,645,590,0,55
676,646,590,0,55
676,647,590,0,55
676,648,590,0,55
676,649,590,0,55
676,650,590,0,55
676,651,590,0,55
676,652,590,0,55
676,653,590,0,55
676,654,590,0,55
676,655,590,0,55
676,656,590,0,55
676,657,590,0,55
676,658,590,0,55
676,659,590,0,55
676,660,590,0,55
676,661,590,0,55
676,662,590,0,55
676,663,590,0,55
676,664,590,0,55
676,665,590,0,55
676,666,590,0,55
676,667,590,0,55
676,668,590,0,55
676,669,590,0,55
676,670,590,0,55
676,671,590,0,55
676,672,590,0,55
676,673,590,0,55
676,674,590,0,55
676,675,590,0,55
676,677,590,0,55
676,678,590,0,55
676,679,590,0,55
676,680,590,0,55
676,681,590,0,55
676,682,590,0,55
676,683,590,0,55
676,684,590,0,55
676,685,590,0,55
676,686,590,0,55
676,687,590,0,55
676,688,590,0,55
676,689,590,0,55
676,690,590,0,55
676,691,590,0,55
676,692,590,0,55
676,693,590,0,55
676,694,590,0,55
676,695,590,0,55
676,696,590,0,55
676,697,590,0,55
676,698,590,0,55
676,699,590,0,55
676,700,590,0,55
676,701,590,0,55
676,702,590,0,55
676,703,590,0,55
676,704,590,0,55
676,705,590,0,55
676,706,590,0,55
676,707,590,0,55
676,708,590,0,55
676,709,590,0,55
676,710,590,0,55
676,711,590,0,55
676,712,590,0,55
676,713,590,0,55
676,714,590,0,55
676,715,590,0,55
676,716,590,0,55
676,717,590,0,55
676,718,590,0,55
676,719,590,0,55
676,720,590,0,55
676,721,590,0,55
676,722,590,0,55
676,723,590,0,55
676,724,590,0,55
678,625,403,0,57
678,626,403,0,57
678,627,403,0,57
678,628,403,0,57
678,629,403,0,57
678,630,403,0,57
678,631,403,0,57
678,632,403,0,57
678,633,403,0,57
678,634,403,0,57
678,635,403,0,57
678,636,403,0,57
678,637,403,0,57
678,638,403,0,57
678,639,403,0,57
678,640,403,0,57
678,641,403,0,57
678,642,403,0,57
678,643,403,0,57
678,644,403,0,57
678,645,403,0,57
678,646,403,0,57
678,647,403,0,57
678,648,403,0,57
678,649,403,0,57
678,650,403,0,57
678,651,403,0,57
678,652,403,0,57
678,653,403,0,57
678,654,403,0,57
678,655,403,0,57
678,656,403,0,57
678,657,403,0,57
678,658,403,0,57
678,659,403,0,57
678,660,403,0,57
678,661,403,0,57
678,662,403,0,57
678,663,403,0,57
678,664,403,0,57
678,665,403,0,57
678,666,403,0,57
678,667,403,0,57
678,668,403,0,57
678,669,403,0,57
678,670,403,0,57
678,671,403,0,57
678,672,403,0,57
678,673,403,0,57
678,674,403,0,57
678,675,403,0,57
678,676,403,0,57
678,677,403,0,57
678,679,403,0,57
678,680,403,0,57
678,681,403,0,57
678,682,403,0,57
678,683,403,0,57
678,684,403,0,57
678,685,403,0,57
678,686,403,0,57
678,687,403,0,57
678,688,403,0,57
678,689,403,0,57
678,690,403,0,57
678,691,403,0,57
678,692,403,0,57
678,693,403,0,57
678,694,403,0,57
678,695,403,0,57
678,696,403,0,57
678,697,403,0,57
678,698,403,0,57
678,699,403,0,57
678,700,403,0,57
678,701,403,0,57
678,702,403,0,57
678,703,403,0,57
678,704,403,0,57
678,705,403,0,57
678,706,403,0,57
678,707,403,0,57
678,708,403,0,57
678,709,403,0,57
678,710,403,0,57
678,711,403,0,57
678,712,403,0,57
678,713,403,0,57
678,714,403,0,57
678,715,403,0,57
678,716,403,0,57
678,717,403,0,57
678,718,403,0,57
678,719,403,0,57
678,720,403,0,57
678,721,403,0,57
678,722,403,0,57
678,723,403,0,57
678,724,403,0,57
679,625,6,0,58
679,626,6,0,58
679,627,6,0,58
679,628,6,0,58
679,629,6,0,58
679,630,6,0,58
679,631,6,0,58
679,632,6,0,58
679,633,6,0,58
679,634,6,0,58
679,635,6,0,58
679,636,6,0,58
679,637,6,0,58
679,638,6,0,58
679,639,6,0,58
679,640,6,0,58
679,641,6,0,58
679,642,6,0,58
679,643,6,0,58
679,644,6,0,58
679,645,6,0,58
679,646,6,0,58
679,647,6,0,58
679,648,6,0,58
679,649,6,0,58
679,650,6,0,58
679,651,6,0,58
679,652,6,0,58
679,653,6,0,58
679,654,6,0,58
679,655,6,0,58
679,656,6,0,58
679,657,6,0,58
679,658,6,0,58
679,659,6,0,58
679,660,6,0,58
679,661,6,0,58
679,662,6,0,58
679,663,6,0,58
679,664,6,0,58
679,665,6,0,58
679,666,6,0,58
679,667,6,0,58
679,668,6,0,58
679,669,6,0,58
679,670,6,0,58
679,671,6,0,58
679,672,6,0,58
679,673,6,0,58
679,674,6,0,58
679,675,6,0,58
679,676,6,0,58
679,677,6,0,58
679,678,6,0,58
679,680,6,0,58
679,681,6,0,58
679,682,6,0,58
679,683,6,0,58
679,684,6,0,58
679,685,6,0,58
679,686,6,0,58
679,687,6,0,58
679,688,6,0,58
679,689,6,0,58
679,690,6,0,58
679,691,6,0,58
679,692,6,0,58
679,693,6,0,58
679,694,6,0,58
679,695,6,0,58
679,696,6,0,58
679,697,6,0,58
679,698,6,0,58
679,699,6,0,58
679,700,6,0,58
679,701,6,0,58
679,702,6,0,58
679,703,6,0,58
679,704,6,0,58
679,705,6,0,58
679,706,6,0,58
679,707,6,0,58
679,708,6,0,58
679,709,6,0,58
679,710,6,0,58
679,711,6,0,58
679,712,6,0,58
679,713,6,0,58
679,714,6,0,58
679,715,6,0,58
679,716,6,0,58
679,717,6,0,58
679,718,6,0,58
679,719,6,0,58
679,720,6,0,58
679,721,6,0,58
679,722,6,0,58
679,723,6,0,58
679,724,6,0,58
686,625,529,0,65
686,626,529,0,65
686,627,529,0,65
686,628,529,0,65
686,629,529,0,65
686,630,529,0,65
686,631,529,0,65
686,632,529,0,65
686,633,529,0,65
686,634,529,0,65
686,635,529,0,65
686,636,529,0,65
686,637,529,0,65
686,638,529,0,65
686,639,529,0,65
686,640,529,0,65
686,641,529,0,65
686,642,529,0,65
686,643,529,0,65
686,644,529,0,65
686,645,529,0,65
686,646,529,0,65
686,647,529,0,65
686,648,529,0,65
686,649,529,0,65
686,650,529,0,65
686,651,529,0,65
686,652,529,0,65
686,653,529,0,65
686,654,529,0,65
686,655,529,0,65
686,656,529,0,65
686,657,529,0,65
686,658,529,0,65
686,659,529,0,65
686,660,529,0,65
686,661,529,0,65
686,662,529,0,65
686,663,529,0,65
686,664,529,0,65
686,665,529,0,65
686,666,529,0,65
686,667,529,0,65
686,668,529,0,65
686,669,529,0,65
686,670,529,0,65
686,671,529,0,65
686,672,529,0,65
686,673,529,0,65
686,674,529,0,65
686,675,529,0,65
686,676,529,0,65
686,677,529,0,65
686,678,529,0,65
686,679,529,0,65
686,680,529,0,65
686,681,529,0,65
686,682,529,0,65
686,683,529,0,65
686,684,529,0,65
686,685,529,0,65
686,687,529,0,65
686,688,529,0,65
686,689,529,0,65
686,690,529,0,65
686,691,529,0,65
686,692,529,0,65
686,693,529,0,65
686,694,529,0,65
686,695,529,0,65
686,696,529,0,65
686,697,529,0,65
686,698,529,0,65
686,699,529,0,65
686,700,529,0,65
686,701,529,0,65
686,702,529,0,65
686,703,529,0,65
686,704,529,0,65
686,705,529,0,65
686,706,529,0,65
686,707,529,0,65
686,708,529,0,65
686,709,529,0,65
686,710,529,0,65
686,711,529,0,65
686,712,529,0,65
686,713,529,0,65
686,714,529,0,65
686,715,529,0,65
686,716,529,0,65
686,717,529,0,65
686,718,529,0,65
686,719,529,0,65
686,720,529,0,65
686,721,529,0,65
686,722,529,0,65
686,723,529,0,65
686,724,529,0,65
688,625,416,0,67
688,626,416,0,67
688,627,416,0,67
688,628,416,0,67
688,629,416,0,67
688,630,416,0,67
688,631,416,0,67
688,632,416,0,67
688,633,416,0,67
688,634,416,0,67
688,635,416,0,67
688,636,416,0,67
688,637,416,0,67
688,638,416,0,67
688,639,416,0,67
688,640,416,0,67
688,641,416,0,67
688,642,416,0,67
688,643,416,0,67
688,644,416,0,67
688,645,416,0,67
688,646,416,0,67
688,647,416,0,67
688,648,416,0,67
688,649,416,0,67
688,650,416,0,67
688,651,416,0,67
688,652,416,0,67
688,653,416,0,67
688,654,416,0,67
688,655,416,0,67
688,656,416,0,67
688,657,416,0,67
688,658,416,0,67
688,659,416,0,67
688,660,416,0,67
688,661,416,0,67
688,662,416,0,67
688,663,416,0,67
688,664,416,0,67
688,665,416,0,67
688,666,416,0,67
688,667,416,0,67
688,668,416,0,67
688,669,416,0,67
688,670,416,0,67
688,671,416,0,67
688,672,416,0,67
688,673,416,0,67
688,674,416,0,67
688,675,416,0,67
688,676,416,0,67
688,677,416,0,67
688,678,416,0,67
688,679,416,0,67
688,680,416,0,67
688,681,416,0,67
688,682,416,0,67
688,683,416,0,67
688,684,416,0,67
688,685,416,0,67
688,686,416,0,67
688,687,416,0,67
688,689,416,0,67
688,690,416,0,67
688,691,416,0,67
688,692,416,0,67
688,693,416,0,67
688,694,416,0,67
688,695,416,0,67
688,696,416,0,67
688,697,416,0,67
688,698,416,0,67
688,699,416,0,67
688,700,416,0,67
688,701,416,0,67
688,702,416,0,67
688,703,416,0,67
688,704,416,0,67
688,705,416,0,67
688,706,416,0,67
688,707,416,0,67
688,708,416,0,67
688,709,416,0,67
688,710,416,0,67
688,711,416,0,67
688,712,416,0,67
688,713,416,0,67
688,714,416,0,67
688,715,416,0,67
688,716,416,0,67
688,717,416,0,67
688,718,416,0,67
688,719,416,0,67
688,720,416,0,67
688,721,416,0,67
688,722,416,0,67
688,723,416,0,67
688,724,416,0,67
690,625,390,0,69
690,626,390,0,69
690,627,390,0,69
690,628,390,0,69
690,629,390,0,69
690,630,390,0,69
690,631,390,0,69
690,632,390,0,69
690,633,390,0,69
690,634,390,0,69
690,635,390,0,69
690,636,390,0,69
690,637,390,0,69
690,638,390,0,69
690,639,390,0,69
690,640,390,0,69
690,641,390,0,69
690,642,390,0,69
690,643,390,0,69
690,644,390,0,69
690,645,390,0,69
690,646,390,0,69
690,647,390,0,69
690,648,390,0,69
690,649,390,0,69
690,650,390,0,69
690,651,390,0,69
690,652,390,0,69
690,653,390,0,69
690,654,390,0,69
690,655,390,0,69
690,656,390,0,69
690,657,390,0,69
690,658,390,0,69
690,659,390,0,69
690,660,390,0,69
690,661,390,0,69
690,662,390,0,69
690,663,390,0,69
690,664,390,0,69
690,665,390,0,69
690,666,390,0,69
690,667,390,0,69
690,668,390,0,69
690,669,390,0,69
690,670,390,0,69
690,671,390,0,69
690,672,390,0,69
690,673,390,0,69
690,674,390,0,69
690,675,390,0,69
690,676,390,0,69
690,677,390,0,69
690,678,390,0,69
690,679,390,0,69
690,680,390,0,69
690,681,390,0,69
690,682,390,0,69
690,683,390,0,69
690,684,390,0,69
690,685,390,0,69
690,686,390,0,69
690,687,390,0,69
690,688,390,0,69
690,689,390,0,69
690,691,390,0,69
690,692,390,0,69
690,693,390,0,69
690,694,390,0,69
690,695,390,0,69
690,696,390,0,69
690,697,390,0,69
690,698,390,0,69
690,699,390,0,69
690,700,390,0,69
690,701,390,0,69
690,702,390,0,69
690,703,390,0,69
690,704,390,0,69
690,705,390,0,69
690,706,390,0,69
690,707,390,0,69
690,708,390,0,69
690,709,390,0,69
690,710,390,0,69
690,711,390,0,69
690,712,390,0,69
690,713,390,0,69
690,714,390,0,69
690,715,390,0,69
690,716,390,0,69
690,717,390,0,69
690,718,390,0,69
690,719,390,0,69
690,720,390,0,69
690,721,390,0,69
690,722,390,0,69
690,723,390,0,69
690,724,390,0,69
692,625,108,0,71
692,626,108,0,71
692,627,108,0,71
692,628,108,0,71
692,629,108,0,71
692,630,108,0,71
692,631,108,0,71
692,632,108,0,71
692,633,108,0,71
692,634,108,0,71
692,635,108,0,71
692,636,108,0,71
692,637,108,0,71
692,638,108,0,71
692,639,108,0,71
692,640,108,0,71
692,641,108,0,71
692,642,108,0,71
692,643,108,0,71
692,644,108,0,71
692,645,108,0,71
692,646,108,0,71
692,647,108,0,71
692,648,108,0,71
692,649,108,0,71
692,650,108,0,71
692,651,108,0,71
692,652,108,0,71
692,653,108,0,71
692,654,108,0,71
692,655,108,0,71
692,656,108,0,71
692,657,108,0,71
692,658,108,0,71
692,659,108,0,71
692,660,108,0,71
692,661,108,0,71
692,662,108,0,71
692,663,108,0,71
692,664,108,0,71
692,665,108,0,71
692,666,108,0,71
692,667,108,0,71
692,668,108,0,71
692,669,108,0,71
692,670,108,0,71
692,671,108,0,71
692,672,108,0,71
692,673,108,0,71
692,674,108,0,71
692,675,108,0,71
692,676,108,0,71
692,677,108,0,71
692,678,108,0,71
692,679,108,0,71
692,680,108,0,71
692,681,108,0,71
692,682,108,0,71
692,683,108,0,71
692,684,108,0,71
692,685,108,0,71
692,686,108,0,71
692,687,108,0,71
692,688,108,0,71
692,689,108,0,71
692,690,108,0,71
692,691,108,0,71
692,693,108,0,71
692,694,108,0,71
692,695,108,0,71
692,696,108,0,71
692,697,108,0,71
692,698,108,0,71
692,699,108,0,71
692,700,108,0,71
692,701,108,0,71
692,702,108,0,71
692,703,108,0,71
692,704,108,0,71
692,705,108,0,71
692,706,108,0,71
692,707,108,0,71
692,708,108,0,71
692,709,108,0,71
692,710,108,0,71
692,711,108,0,71
692,712,108,0,71
692,713,108,0,71
692,714,108,0,71
692,715,108,0,71
692,716,108,0,71
692,717,108,0,71
692,718,108,0,71
692,719,108,0,71
692,720,108,0,71
692,721,108,0,71
692,722,108,0,71
692,723,108,0,71
692,724,108,0,71
693,625,63,0,72
693,626,63,0,72
693,627,63,0,72
693,628,63,0,72
693,629,63,0,72
693,630,63,0,72
693,631,63,0,72
693,632,63,0,72
693,633,63,0,72
693,634,63,0,72
693,635,63,0,72
693,636,63,0,72
693,637,63,0,72
693,638,63,0,72
693,639,63,0,72
693,640,63,0,72
693,641,63,0,72
693,642,63,0,72
693,643,63,0,72
693,644,63,0,72
693,645,63,0,72
693,646,63,0,72
693,647,63,0,72
693,648,63,0,72
693,649,63,0,72
693,650,63,0,72
693,651,63,0,72
693,652,63,0,72
693,653,63,0,72
693,654,63,0,72
693,655,63,0,72
693,656,63,0,72
693,657,63,0,72
693,658,63,0,72
693,659,63,0,72
693,660,63,0,72
693,661,63,0,72
693,662,63,0,72
693,663,63,0,72
693,664,63,0,72
693,665,63,0,72
693,666,63,0,72
693,667,63,0,72
693,668,63,0,72
693,669,63,0,72
693,670,63,0,72
693,671,63,0,72
693,672,63,0,72
693,673,63,0,72
693,674,63,0,72
693,675,63,0,72
693,676,63,0,72
693,677,63,0,72
693,678,63,0,72
693,679,63,0,72
693,680,63,0,72
693,681,63,0,72
693,682,63,0,72
693,683,63,0,72
693,684,63,0,72
693,685,63,0,72
693,686,63,0,72
693,687,63,0,72
693,688,63,0,72
693,689,63,0,72
693,690,63,0,72
693,691,63,0,72
693,692,63,0,72
693,694,63,0,72
693,695,63,0,72
693,696,63,0,72
693,697,63,0,72
693,698,63,0,72
693,699,63,0,72
693,700,63,0,72
693,701,63,0,72
693,702,63,0,72
693,703,63,0,72
693,704,63,0,72
693,705,63,0,72
693,706,63,0,72
693,707,63,0,72
693,708,63,0,72
693,709,63,0,72
693,710,63,0,72
693,711,63,0,72
693,712,63,0,72
693,713,63,0,72
693,714,63,0,72
693,715,63,0,72
693,716,63,0,72
693,717,63,0,72
693,718,63,0,72
693,719,63,0,72
693,720,63,0,72
693,721,63,0,72
693,722,63,0,72
693,723,63,0,72
693,724,63,0,72
695,625,228,0,74
695,626,228,0,74
695,627,228,0,74
695,628,228,0,74
695,629,228,0,74
695,630,228,0,74
695,631,228,0,74
695,632,228,0,74
695,633,228,0,74
695,634,228,0,74
695,635,228,0,74
695,636,228,0,74
695,637,228,0,74
695,638,228,0,74
695,639,228,0,74
695,640,228,0,74
695,641,228,0,74
695,642,228,0,74
695,643,228,0,74
695,644,228,0,74
695,645,228,0,74
695,646,228,0,74
695,647,228,0,74
695,648,228,0,74
695,649,228,0,74
695,650,228,0,74
695,651,228,0,74
695,652,228,0,74
695,653,228,0,74
695,654,228,0,74
695,655,228,0,74
695,656,228,0,74
695,657,228,0,74
695,658,228,0,74
695,659,228,0,74
695,660,228,0,74
695,661,228,0,74
695,662,228,0,74
695,663,228,0,74
695,664,228,0,74
695,665,228,0,74
695,666,228,0,74
695,667,228,0,74
695,668,228,0,74
695,669,228,0,74
695,670,228,0,74
695,671,228,0,74
695,672,228,0,74
695,673,228,0,74
695,674,228,0,74
695,675,228,0,74
695,676,228,0,74
695,677,228,0,74
695,678,228,0,74
695,679,228,0,74
695,680,228,0,74
695,681,228,0,74
695,682,228,0,74
695,683,228,0,74
695,684,228,0,74
695,685,228,0,74
695,686,228,0,74
695,687,228,0,74
695,688,228,0,74
695,689,228,0,74
695,690,228,0,74
695,691,228,0,74
695,692,228,0,74
695,693,228,0,74
695,694,228,0,74
695,696,228,0,74
695,697,228,0,74
695,698,228,0,74
695,699,228,0,74
695,700,228,0,74
695,701,228,0,74
695,702,228,0,74
695,703,228,0,74
695,704,228,0,74
695,705,228,0,74
695,706,228,0,74
695,707,228,0,74
695,708,228,0,74
695,709,228,0,74
695,710,228,0,74
695,711,228,0,74
695,712,228,0,74
695,713,228,0,74
695,714,228,0,74
695,715,228,0,74
695,716,228,0,74
695,717,228,0,74
695,718,228,0,74
695,719,228,0,74
695,720,228,0,74
695,721,228,0,74
695,722,228,0,74
695,723,228,0,74
695,724,228,0,74
696,625,436,0,75
696,626,436,0,75
696,627,436,0,75
696,628,436,0,75
696,629,436,0,75
696,630,436,0,75
696,631,436,0,75
696,632,436,0,75
696,633,436,0,75
696,634,436,0,75
696,635,436,0,75
696,636,436,0,75
696,637,436,0,75
696,638,436,0,75
696,639,436,0,75
696,640,436,0,75
696,641,436,0,75
696,642,436,0,75
696,643,436,0,75
696,644,436,0,75
696,645,436,0,75
696,646,436,0,75
696,647,436,0,75
696,648,436,0,75
696,649,436,0,75
696,650,436,0,75
696,651,436,0,75
696,652,436,0,75
696,653,436,0,75
696,654,436,0,75
696,655,436,0,75
696,656,436,0,75
696,657,436,0,75
696,658,436,0,75
696,659,436,0,75
696,660,436,0,75
696,661,436,0,75
696,662,436,0,75
696,663,436,0,75
696,664,436,0,75
696,665,436,0,75
696,666,436,0,75
696,667,436,0,75
696,668,436,0,75
696,669,436,0,75
696,670,436,0,75
696,671,436,0,75
696,672,436,0,75
696,673,436,0,75
696,674,436,0,75
696,675,436,0,75
696,676,436,0,75
696,677,436,0,75
696,678,436,0,75
696,679,436,0,75
696,680,436,0,75
696,681,436,0,75
696,682,436,0,75
696,683,436,0,75
696,684,436,0,75
696,685,436,0,75
696,686,436,0,75
696,687,436,0,75
696,688,436,0,75
696,689,436,0,75
696,690,436,0,75
696,691,436,0,75
696,692,436,0,75
696,693,436,0,75
696,694,436,0,75
696,695,436,0,75
696,697,436,0,75
696,698,436,0,75
696,699,436,0,75
696,700,436,0,75
696,701,436,0,75
696,702,436,0,75
696,703,436,0,75
696,704,436,0,75
696,705,436,0,75
696,706,436,0,75
696,707,436,0,75
696,708,436,0,75
696,709,436,0,75
696,710,436,0,75
696,711,436,0,75
696,712,436,0,75
696,713,436,0,75
696,714,436,0,75
696,715,436,0,75
696,716,436,0,75
696,717,436,0,75
696,718,436,0,75
696,719,436,0,75
696,720,436,0,75
696,721,436,0,75
696,722,436,0,75
696,723,436,0,75
696,724,436,0,75
698,625,186,0,77
698,626,186,0,77
698,627,186,0,77
698,628,186,0,77
698,629,186,0,77
698,630,186,0,77
698,631,186,0,77
698,632,186,0,77
698,633,186,0,77
698,634,186,0,77
698,635,186,0,77
698,636,186,0,77
698,637,186,0,77
698,638,186,0,77
698,639,186,0,77
698,640,186,0,77
698,641,186,0,77
698,642,186,0,77
698,643,186,0,77
698,644,186,0,77
698,645,186,0,77
698,646,186,0,77
698,647,186,0,77
698,648,186,0,77
698,649,186,0,77
698,650,186,0,77
698,651,186,0,77
698,652,186,0,77
698,653,186,0,77
698,654,186,0,77
698,655,186,0,77
698,656,186,0,77
698,657,186,0,77
698,658,186,0,77
698,659,186,0,77
698,660,186,0,77
698,661,186,0,77
698,662,186,0,77
698,663,186,0,77
698,664,186,0,77
698,665,186,0,77
698,666,186,0,77
698,667,186,0,77
698,668,186,0,77
698,669,186,0,77
698,670,186,0,77
698,671,186,0,77
698,672,186,0,77
698,673,186,0,77
698,674,186,0,77
698,675,186,0,77
698,676,186,0,77
698,677,186,0,77
698,678,186,0,77
698,679,186,0,77
698,680,186,0,77
698,681,186,0,77
698,682,186,0,77
698,683,186,0,77
698,684,186,0,77
698,685,186,0,77
698,686,186,0,77
698,687,186,0,77
698,688,186,0,77
698,689,186,0,77
698,690,186,0,77
698,691,186,0,77
698,692,186,0,77
698,693,186,0,77
698,694,186,0,77
698,695,186,0,77
698,696,186,0,77
698,697,186,0,77
698,699,186,0,77
698,700,186,0,77
698,701,186,0,77
698,702,186,0,77
698,703,186,0,77
698,704,186,0,77
698,705,186,0,77
698,706,186,0,77
698,707,186,0,77
698,708,186,0,77
698,709,186,0,77
698,710,186,0,77
698,711,186,0,77
698,712,186,0,77
698,713,186,0,77
698,714,186,0,77
698,715,186,0,77
698,716,186,0,77
698,717,186,0,77
698,718,186,0,77
698,719,186,0,77
698,720,186,0,77
698,721,186,0,77
698,722,186,0,77
698,723,186,0,77
698,724,186,0,77
700,625,437,0,79
700,626,437,0,79
700,627,437,0,79
700,628,437,0,79
700,629,437,0,79
700,630,437,0,79
700,631,437,0,79
700,632,437,0,79
700,633,437,0,79
700,634,437,0,79
700,635,437,0,79
700,636,437,0,79
700,637,437,0,79
700,638,437,0,79
700,639,437,0,79
700,640,437,0,79
700,641,437,0,79
700,642,437,0,79
700,643,437,0,79
700,644,437,0,79
700,645,437,0,79
700,646,437,0,79
700,647,437,0,79
700,648,437,0,79
700,649,437,0,79
700,650,437,0,79
700,651,437,0,79
700,652,437,0,79
700,653,437,0,79
700,654,437,0,79
700,655,437,0,79
700,656,437,0,79
700,657,437,0,79
700,658,437,0,79
700,659,437,0,79
700,660,437,0,79
700,661,437,0,79
700,662,437,0,79
700,663,437,0,79
700,664,437,0,79
700,665,437,0,79
700,666,437,0,79
700,667,437,0,79
700,668,437,0,79
700,669,437,0,79
700,670,437,0,79
700,671,437,0,79
700,672,437,0,79
700,673,437,0,79
700,674,437,0,79
700,675,437,0,79
700,676,437,0,79
700,677,437,0,79
700,678,437,0,79
700,679,437,0,79
700,680,437,0,79
700,681,437,0,79
700,682,437,0,79
700,683,437,0,79
700,684,437,0,79
700,685,437,0,79
700,686,437,0,79
700,687,437,0,79
700,688,437,0,79
700,689,437,0,79
700,690,437,0,79
700,691,437,0,79
700,692,437,0,79
700,693,437,0,79
700,694,437,0,79
700,695,437,0,79
700,696,437,0,79
700,697,437,0,79
700,698,437,0,79
700,699,437,0,79
700,701,437,0,79
700,702,437,0,79
700,703,437,0,79
700,704,437,0,79
700,705,437,0,79
700,706,437,0,79
700,707,437,0,79
700,708,437,0,79
700,709,437,0,79
700,710,437,0,79
700,711,437,0,79
700,712,437,0,79
700,713,437,0,79
700,714,437,0,79
700,715,437,0,79
700,716,437,0,79
700,717,437,0,79
700,718,437,0,79
700,719,437,0,79
700,720,437,0,79
700,721,437,0,79
700,722,437,0,79
700,723,437,0,79
700,724,437,0,79
701,625,83,0,80
701,626,83,0,80
701,627,83,0,80
701,628,83,0,80
701,629,83,0,80
701,630,83,0,80
701,631,83,0,80
701,632,83,0,80
701,633,83,0,80
701,634,83,0,80
701,635,83,0,80
701,636,83,0,80
701,637,83,0,80
701,638,83,0,80
701,639,83,0,80
701,640,83,0,80
701,641,83,0,80
701,642,83,0,80
701,643,83,0,80
701,644,83,0,80
701,645,83,0,80
701,646,83,0,80
701,647,83,0,80
701,648,83,0,80
701,649,83,0,80
701,650,83,0,80
701,651,83,0,80
701,652,83,0,80
701,653,83,0,80
701,654,83,0,80
701,655,83,0,80
701,656,83,0,80
701,657,83,0,80
701,658,83,0,80
701,659,83,0,80
701,660,83,0,80
701,661,83,0,80
701,662,83,0,80
701,663,83,0,80
701,664,83,0,80
701,665,83,0,80
701,666,83,0,80
701,667,83,0,80
701,668,83,0,80
701,669,83,0,80
701,670,83,0,80
701,671,83,0,80
701,672,83,0,80
701,673,83,0,80
701,674,83,0,80
701,675,83,0,80
701,676,83,0,80
701,677,83,0,80
701,678,83,0,80
701,679,83,0,80
701,680,83,0,80
701,681,83,0,80
701,682,83,0,80
701,683,83,0,80
701,684,83,0,80
701,685,83,0,80
701,686,83,0,80
701,687,83,0,80
701,688,83,0,80
701,689,83,0,80
701,690,83,0,80
701,691,83,0,80
701,692,83,0,80
701,693,83,0,80
701,694,83,0,80
701,695,83,0,80
701,696,83,0,80
701,697,83,0,80
701,698,83,0,80
701,699,83,0,80
701,700,83,0,80
701,702,83,0,80
701,703,83,0,80
701,704,83,0,80
701,705,83,0,80
701,706,83,0,80
701,707,83,0,80
701,708,83,0,80
701,709,83,0,80
701,710,83,0,80
701,711,83,0,80
701,712,83,0,80
701,713,83,0,80
701,714,83,0,80
701,715,83,0,80
701,716,83,0,80
701,717,83,0,80
701,718,83,0,80
701,719,83,0,80
701,720,83,0,80
701,721,83,0,80
701,722,83,0,80
701,723,83,0,80
701,724,83,0,80
702,625,231,0,81
702,626,231,0,81
702,627,231,0,81
702,628,231,0,81
702,629,231,0,81
702,630,231,0,81
702,631,231,0,81
702,632,231,0,81
702,633,231,0,81
702,634,231,0,81
702,635,231,0,81
702,636,231,0,81
702,637,231,0,81
702,638,231,0,81
702,639,231,0,81
702,640,231,0,81
702,641,231,0,81
702,642,231,0,81
702,643,231,0,81
702,644,231,0,81
702,645,231,0,81
702,646,231,0,81
702,647,231,0,81
702,648,231,0,81
702,649,231,0,81
702,650,231,0,81
702,651,231,0,81
702,652,231,0,81
702,653,231,0,81
702,654,231,0,81
702,655,231,0,81
702,656,231,0,81
702,657,231,0,81
702,658,231,0,81
702,659,231,0,81
702,660,231,0,81
702,661,231,0,81
702,662,231,0,81
702,663,231,0,81
702,664,231,0,81
702,665,231,0,81
702,666,231,0,81
702,667,231,0,81
702,668,231,0,81
702,669,231,0,81
702,670,231,0,81
702,671,231,0,81
702,672,231,0,81
702,673,231,0,81
702,674,231,0,81
702,675,231,0,81
702,676,231,0,81
702,677,231,0,81
702,678,231,0,81
702,679,231,0,81
702,680,231,0,81
702,681,231,0,81
702,682,231,0,81
702,683,231,0,81
702,684,231,0,81
702,685,231,0,81
702,686,231,0,81
702,687,231,0,81
702,688,231,0,81
702,689,231,0,81
702,690,231,0,81
702,691,231,0,81
702,692,231,0,81
702,693,231,0,81
702,694,231,0,81
702,695,231,0,81
702,696,231,0,81
702,697,231,0,81
702,698,231,0,81
702,699,231,0,81
702,700,231,0,81
702,701,231,0,81
702,703,231,0,81
702,704,231,0,81
702,705,231,0,81
702,706,231,0,81
702,707,231,0,81
702,708,231,0,81
702,709,231,0,81
702,710,231,0,81
702,711,231,0,81
702,712,231,0,81
702,713,231,0,81
702,714,231,0,81
702,715,231,0,81
702,716,231,0,81
702,717,231,0,81
702,718,231,0,81
702,719,231,0,81
702,720,231,0,81
702,721,231,0,81
702,722,231,0,81
702,723,231,0,81
702,724,231,0,81
703,625,10,0,82
703,626,10,0,82
703,627,10,0,82
703,628,10,0,82
703,629,10,0,82
703,630,10,0,82
703,631,10,0,82
703,632,10,0,82
703,633,10,0,82
703,634,10,0,82
703,635,10,0,82
703,636,10,0,82
703,637,10,0,82
703,638,10,0,82
703,639,10,0,82
703,640,10,0,82
703,641,10,0,82
703,642,10,0,82
703,643,10,0,82
703,644,10,0,82
703,645,10,0,82
703,646,10,0,82
703,647,10,0,82
703,648,10,0,82
703,649,10,0,82
703,650,10,0,82
703,651,10,0,82
703,652,10,0,82
703,653,10,0,82
703,654,10,0,82
703,655,10,0,82
703,656,10,0,82
703,657,10,0,82
703,658,10,0,82
703,659,10,0,82
703,660,10,0,82
703,661,10,0,82
703,662,10,0,82
703,663,10,0,82
703,664,10,0,82
703,665,10,0,82
703,666,10,0,82
703,667,10,0,82
703,668,10,0,82
703,669,10,0,82
703,670,10,0,82
703,671,10,0,82
703,672,10,0,82
703,673,10,0,82
703,674,10,0,82
703,675,10,0,82
703,676,10,0,82
703,677,10,0,82
703,678,10,0,82
703,679,10,0,82
703,680,10,0,82
703,681,10,0,82
703,682,10,0,82
703,683,10,0,82
703,684,10,0,82
703,685,10,0,82
703,686,10,0,82
703,687,10,0,82
703,688,10,0,82
703,689,10,0,82
703,690,10,0,82
703,691,10,0,82
703,692,10,0,82
703,693,10,0,82
703,694,10,0,82
703,695,10,0,82
703,696,10,0,82
703,697,10,0,82
703,698,10,0,82
703,699,10,0,82
703,700,10,0,82
703,701,10,0,82
703,702,10,0,82
703,704,10,0,82
703,705,10,0,82
703,706,10,0,82
703,707,10,0,82
703,708,10,0,82
703,709,10,0,82
703,710,10,0,82
703,711,10,0,82
703,712,10,0,82
703,713,10,0,82
703,714,10,0,82
703,715,10,0,82
703,716,10,0,82
703,717,10,0,82
703,718,10,0,82
703,719,10,0,82
703,720,10,0,82
703,721,10,0,82
703,722,10,0,82
703,723,10,0,82
703,724,10,0,82
706,625,108,0,85
706,626,108,0,85
706,627,108,0,85
706,628,108,0,85
706,629,108,0,85
706,630,108,0,85
706,631,108,0,85
706,632,108,0,85
706,633,108,0,85
706,634,108,0,85
706,635,108,0,85
706,636,108,0,85
706,637,108,0,85
706,638,108,0,85
706,639,108,0,85
706,640,108,0,85
706,641,108,0,85
706,642,108,0,85
706,643,108,0,85
706,644,108,0,85
706,645,108,0,85
706,646,108,0,85
706,647,108,0,85
706,648,108,0,85
706,649,108,0,85
706,650,108,0,85
706,651,108,0,85
706,652,108,0,85
706,653,108,0,85
706,654,108,0,85
706,655,108,0,85
706,656,108,0,85
706,657,108,0,85
706,658,108,0,85
706,659,108,0,85
706,660,108,0,85
706,661,108,0,85
706,662,108,0,85
706,663,108,0,85
706,664,108,0,85
706,665,108,0,85
706,666,108,0,85
706,667,108,0,85
706,668,108,0,85
706,669,108,0,85
706,670,108,0,85
706,671,108,0,85
706,672,108,0,85
706,673,108,0,85
706,674,108,0,85
706,675,108,0,85
706,676,108,0,85
706,677,108,0,85
706,678,108,0,85
706,679,108,0,85
706,680,108,0,85
706,681,108,0,85
706,682,108,0,85
706,683,108,0,85
706,684,108,0,85
706,685,108,0,85
706,686,108,0,85
706,687,108,0,85
706,688,108,0,85
706,689,108,0,85
706,690,108,0,85
706,691,108,0,85
706,692,108,0,85
706,693,108,0,85
706,694,108,0,85
706,695,108,0,85
706,696,108,0,85
706,697,108,0,85
706,698,108,0,85
706,699,108,0,85
706,700,108,0,85
706,701,108,0,85
706,702,108,0,85
706,703,108,0,85
706,704,108,0,85
706,705,108,0,85
706,707,108,0,85
706,708,108,0,85
706,709,108,0,85
706,710,108,0,85
706,711,108,0,85
706,712,108,0,85
706,713,108,0,85
706,714,108,0,85
706,715,108,0,85
706,716,108,0,85
706,717,108,0,85
706,718,108,0,85
706,719,108,0,85
706,720,108,0,85
706,721,108,0,85
706,722,108,0,85
706,723,108,0,85
706,724,108,0,85
707,625,580,0,86
707,626,580,0,86
707,627,580,0,86
707,628,580,0,86
707,629,580,0,86
707,630,580,0,86
707,631,580,0,86
707,632,580,0,86
707,633,580,0,86
707,634,580,0,86
707,635,580,0,86
707,636,580,0,86
707,637,580,0,86
707,638,580,0,86
707,639,580,0,86
707,640,580,0,86
707,641,580,0,86
707,642,580,0,86
707,643,580,0,86
707,644,580,0,86
707,645,580,0,86
707,646,580,0,86
707,647,580,0,86
707,648,580,0,86
707,649,580,0,86
707,650,580,0,86
707,651,580,0,86
707,652,580,0,86
707,653,580,0,86
707,654,580,0,86
707,655,580,0,86
707,656,580,0,86
707,657,580,0,86
707,658,580,0,86
707,659,580,0,86
707,660,580,0,86
707,661,580,0,86
707,662,580,0,86
707,663,580,0,86
707,664,580,0,86
707,665,580,0,86
707,666,580,0,86
707,667,580,0,86
707,668,580,0,86
707,669,580,0,86
707,670,580,0,86
707,671,580,0,86
707,672,580,0,86
707,673,580,0,86
707,674,580,0,86
707,675,580,0,86
707,676,580,0,86
707,677,580,0,86
707,678,580,0,86
707,679,580,0,86
707,680,580,0,86
707,681,580,0,86
707,682,580,0,86
707,683,580,0,86
707,684,580,0,86
707,685,580,0,86
707,686,580,0,86
707,687,580,0,86
707,688,580,0,86
707,689,580,0,86
707,690,580,0,86
707,691,580,0,86
707,692,580,0,86
707,693,580,0,86
707,694,580,0,86
707,695,580,0,86
707,696,580,0,86
707,697,580,0,86
707,698,580,0,86
707,699,580,0,86
707,700,580,0,86
707,701,580,0,86
707,702,580,0,86
707,703,580,0,86
707,704,580,0,86
707,705,580,0,86
707,706,580,0,86
707,708,580,0,86
707,709,580,0,86
707,710,580,0,86
707,711,580,0,86
707,712,580,0,86
707,713,580,0,86
707,714,580,0,86
707,715,580,0,86
707,716,580,0,86
707,717,580,0,86
707,718,580,0,86
707,719,580,0,86
707,720,580,0,86
707,721,580,0,86
707,722,580,0,86
707,723,580,0,86
707,724,580,0,86
708,625,156,0,87
708,626,156,0,87
708,627,156,0,87
708,628,156,0,87
708,629,156,0,87
708,630,156,0,87
708,631,156,0,87
708,632,156,0,87
708,633,156,0,87
708,634,156,0,87
708,635,156,0,87
708,636,156,0,87
708,637,156,0,87
708,638,156,0,87
708,639,156,0,87
708,640,156,0,87
708,641,156,0,87
708,642,156,0,87
708,643,156,0,87
708,644,156,0,87
708,645,156,0,87
708,646,156,0,87
708,647,156,0,87
708,648,156,0,87
708,649,156,0,87
708,650,156,0,87
708,651,156,0,87
708,652,156,0,87
708,653,156,0,87
708,654,156,0,87
708,655,156,0,87
708,656,156,0,87
708,657,156,0,87
708,658,156,0,87
708,659,156,0,87
708,660,156,0,87
708,661,156,0,87
708,662,156,0,87
708,663,156,0,87
708,664,156,0,87
708,665,156,0,87
708,666,156,0,87
708,667,156,0,87
708,668,156,0,87
708,669,156,0,87
708,670,156,0,87
708,671,156,0,87
708,672,156,0,87
708,673,156,0,87
708,674,156,0,87
708,675,156,0,87
708,676,156,0,87
708,677,156,0,87
708,678,156,0,87
708,679,156,0,87
708,680,156,0,87
708,681,156,0,87
708,682,156,0,87
708,683,156,0,87
708,684,156,0,87
708,685,156,0,87
708,686,156,0,87
708,687,156,0,87
708,688,156,0,87
708,689,156,0,87
708,690,156,0,87
708,691,156,0,87
708,692,156,0,87
708,693,156,0,87
708,694,156,0,87
708,695,156,0,87
708,696,156,0,87
708,697,156,0,87
708,698,156,0,87
708,699,156,0,87
708,700,156,0,87
708,701,156,0,87
708,702,156,0,87
708,703,156,0,87
708,704,156,0,87
708,705,156,0,87
708,706,156,0,87
708,707,156,0,87
708,709,156,0,87
708,710,156,0,87
708,711,156,0,87
708,712,156,0,87
708,713,156,0,87
708,714,156,0,87
708,715,156,0,87
708,716,156,0,87
708,717,156,0,87
708,718,156,0,87
708,719,156,0,87
708,720,156,0,87
708,721,156,0,87
708,722,156,0,87
708,723,156,0,87
708,724,156,0,87
710,625,386,0,89
710,626,386,0,89
710,627,386,0,89
710,628,386,0,89
710,629,386,0,89
710,630,386,0,89
710,631,386,0,89
710,632,386,0,89
710,633,386,0,89
710,634,386,0,89
710,635,386,0,89
710,636,386,0,89
710,637,386,0,89
710,638,386,0,89
710,639,386,0,89
710,640,386,0,89
710,641,386,0,89
710,642,386,0,89
710,643,386,0,89
710,644,386,0,89
710,645,386,0,89
710,646,386,0,89
710,647,386,0,89
710,648,386,0,89
710,649,386,0,89
710,650,386,0,89
710,651,386,0,89
710,652,386,0,89
710,653,386,0,89
710,654,386,0,89
710,655,386,0,89
710,656,386,0,89
710,657,386,0,89
710,658,386,0,89
710,659,386,0,89
710,660,386,0,89
710,661,386,0,89
710,662,386,0,89
710,663,386,0,89
710,664,386,0,89
710,665,386,0,89
710,666,386,0,89
710,667,386,0,89
710,668,386,0,89
710,669,386,0,89
710,670,386,0,89
710,671,386,0,89
710,672,386,0,89
710,673,386,0,89
710,674,386,0,89
710,675,386,0,89
710,676,386,0,89
710,677,386,0,89
710,678,386,0,89
710,679,386,0,89
710,680,386,0,89
710,681,386,0,89
710,682,386,0,89
710,683,386,0,89
710,684,386,0,89
710,685,386,0,89
710,686,386,0,89
710,687,386,0,89
710,688,386,0,89
710,689,386,0,89
710,690,386,0,89
710,691,386,0,89
710,692,386,0,89
710,693,386,0,89
710,694,386,0,89
710,695,386,0,89
710,696,386,0,89
710,697,386,0,89
710,698,386,0,89
710,699,386,0,89
710,700,386,0,89
710,701,386,0,89
710,702,386,0,89
710,703,386,0,89
710,704,386,0,89
710,705,386,0,89
710,706,386,0,89
710,707,386,0,89
710,708,386,0,89
710,709,386,0,89
710,711,386,0,89
710,712,386,0,89
710,713,386,0,89
710,714,386,0,89
710,715,386,0,89
710,716,386,0,89
710,717,386,0,89
710,718,386,0,89
710,719,386,0,89
710,720,386,0,89
710,721,386,0,89
710,722,386,0,89
710,723,386,0,89
710,724,386,0,89
711,625,414,0,90
711,626,414,0,90
711,627,414,0,90
711,628,414,0,90
711,629,414,0,90
711,630,414,0,90
711,631,414,0,90
711,632,414,0,90
711,633,414,0,90
711,634,414,0,90
711,635,414,0,90
711,636,414,0,90
711,637,414,0,90
711,638,414,0,90
711,639,414,0,90
711,640,414,0,90
711,641,414,0,90
711,642,414,0,90
711,643,414,0,90
711,644,414,0,90
711,645,414,0,90
711,646,414,0,90
711,647,414,0,90
711,648,414,0,90
711,649,414,0,90
711,650,414,0,90
711,651,414,0,90
711,652,414,0,90
711,653,414,0,90
711,654,414,0,90
711,655,414,0,90
711,656,414,0,90
711,657,414,0,90
711,658,414,0,90
711,659,414,0,90
711,660,414,0,90
711,661,414,0,90
711,662,414,0,90
711,663,414,0,90
711,664,414,0,90
711,665,414,0,90
711,666,414,0,90
711,667,414,0,90
711,668,414,0,90
711,669,414,0,90
711,670,414,0,90
711,671,414,0,90
711,672,414,0,90
711,673,414,0,90
711,674,414,0,90
711,675,414,0,90
711,676,414,0,90
711,677,414,0,90
711,678,414,0,90
711,679,414,0,90
711,680,414,0,90
711,681,414,0,90
711,682,414,0,90
711,683,414,0,90
711,684,414,0,90
711,685,414,0,90
711,686,414,0,90
711,687,414,0,90
711,688,414,0,90
711,689,414,0,90
711,690,414,0,90
711,691,414,0,90
711,692,414,0,90
711,693,414,0,90
711,694,414,0,90
711,695,414,0,90
711,696,414,0,90
711,697,414,0,90
711,698,414,0,90
711,699,414,0,90
711,700,414,0,90
711,701,414,0,90
711,702,414,0,90
711,703,414,0,90
711,704,414,0,90
711,705,414,0,90
711,706,414,0,90
711,707,414,0,90
711,708,414,0,90
711,709,414,0,90
711,710,414,0,90
711,712,414,0,90
711,713,414,0,90
711,714,414,0,90
711,715,414,0,90
711,716,414,0,90
711,717,414,0,90
711,718,414,0,90
711,719,414,0,90
711,720,414,0,90
711,721,414,0,90
711,722,414,0,90
711,723,414,0,90
711,724,414,0,90
713,625,62,0,92
713,626,62,0,92
713,627,62,0,92
713,628,62,0,92
713,629,62,0,92
713,630,62,0,92
713,631,62,0,92
713,632,62,0,92
713,633,62,0,92
713,634,62,0,92
713,635,62,0,92
713,636,62,0,92
713,637,62,0,92
713,638,62,0,92
713,639,62,0,92
713,640,62,0,92
713,641,62,0,92
713,642,62,0,92
713,643,62,0,92
713,644,62,0,92
713,645,62,0,92
713,646,62,0,92
713,647,62,0,92
713,648,62,0,92
713,649,62,0,92
713,650,62,0,92
713,651,62,0,92
713,652,62,0,92
713,653,62,0,92
713,654,62,0,92
713,655,62,0,92
713,656,62,0,92
713,657,62,0,92
713,658,62,0,92
713,659,62,0,92
713,660,62,0,92
713,661,62,0,92
713,662,62,0,92
713,663,62,0,92
713,664,62,0,92
713,665,62,0,92
713,666,62,0,92
713,667,62,0,92
713,668,62,0,92
713,669,62,0,92
713,670,62,0,92
713,671,62,0,92
713,672,62,0,92
713,673,62,0,92
713,674,62,0,92
713,675,62,0,92
713,676,62,0,92
713,677,62,0,92
713,678,62,0,92
713,679,62,0,92
713,680,62,0,92
713,681,62,0,92
713,682,62,0,92
713,683,62,0,92
713,684,62,0,92
713,685,62,0,92
713,686,62,0,92
713,687,62,0,92
713,688,62,0,92
713,689,62,0,92
713,690,62,0,92
713,691,62,0,92
713,692,62,0,92
713,693,62,0,92
713,694,62,0,92
713,695,62,0,92
713,696,62,0,92
713,697,62,0,92
713,698,62,0,92
713,699,62,0,92
713,700,62,0,92
713,701,62,0,92
713,702,62,0,92
713,703,62,0,92
713,704,62,0,92
713,705,62,0,92
713,706,62,0,92
713,707,62,0,92
713,708,62,0,92
713,709,62,0,92
713,710,62,0,92
713,711,62,0,92
713,712,62,0,92
713,714,62,0,92
713,715,62,0,92
713,716,62,0,92
713,717,62,0,92
713,718,62,0,92
713,719,62,0,92
713,720,62,0,92
713,721,62,0,92
713,722,62,0,92
713,723,62,0,92
713,724,62,0,92
718,625,87,0,97
718,626,87,0,97
718,627,87,0,97
718,628,87,0,97
718,629,87,0,97
718,630,87,0,97
718,631,87,0,97
718,632,87,0,97
718,633,87,0,97
718,634,87,0,97
718,635,87,0,97
718,636,87,0,97
718,637,87,0,97
718,638,87,0,97
718,639,87,0,97
718,640,87,0,97
718,641,87,0,97
718,642,87,0,97
718,643,87,0,97
718,644,87,0,97
718,645,87,0,97
718,646,87,0,97
718,647,87,0,97
718,648,87,0,97
718,649,87,0,97
718,650,87,0,97
718,651,87,0,97
718,652,87,0,97
718,653,87,0,97
718,654,87,0,97
718,655,87,0,97
718,656,87,0,97
718,657,87,0,97
718,658,87,0,97
718,659,87,0,97
718,660,87,0,97
718,661,87,0,97
718,662,87,0,97
718,663,87,0,97
718,664,87,0,97
718,665,87,0,97
718,666,87,0,97
718,667,87,0,97
718,668,87,0,97
718,669,87,0,97
718,670,87,0,97
718,671,87,0,97
718,672,87,0,97
718,673,87,0,97
718,674,87,0,97
718,675,87,0,97
718,676,87,0,97
718,677,87,0,97
718,678,87,0,97
718,679,87,0,97
718,680,87,0,97
718,681,87,0,97
718,682,87,0,97
718,683,87,0,97
718,684,87,0,97
718,685,87,0,97
718,686,87,0,97
718,687,87,0,97
718,688,87,0,97
718,689,87,0,97
718,690,87,0,97
718,691,87,0,97
718,692,87,0,97
718,693,87,0,97
718,694,87,0,97
718,695,87,0,97
718,696,87,0,97
718,697,87,0,97
718,698,87,0,97
718,699,87,0,97
718,700,87,0,97
718,701,87,0,97
718,702,87,0,97
718,703,87,0,97
718,704,87,0,97
718,705,87,0,97
718,706,87,0,97
718,707,87,0,97
718,708,87,0,97
718,709,87,0,97
718,710,87,0,97
718,711,87,0,97
718,712,87,0,97
718,713,87,0,97
718,714,87,0,97
718,715,87,0,97
718,716,87,0,97
718,717,87,0,97
718,719,87,0,97
718,720,87,0,97
718,721,87,0,97
718,722,87,0,97
718,723,87,0,97
718,724,87,0,97
720,625,280,0,99
720,626,280,0,99
720,627,280,0,99
720,628,280,0,99
720,629,280,0,99
720,630,280,0,99
720,631,280,0,99
720,632,280,0,99
720,633,280,0,99
720,634,280,0,99
720,635,280,0,99
720,636,280,0,99
720,637,280,0,99
720,638,280,0,99
720,639,280,0,99
720,640,280,0,99
720,641,280,0,99
720,642,280,0,99
720,643,280,0,99
720,644,280,0,99
720,645,280,0,99
720,646,280,0,99
720,647,280,0,99
720,648,280,0,99
720,649,280,0,99
720,650,280,0,99
720,651,280,0,99
720,652,280,0,99
720,653,280,0,99
720,654,280,0,99
720,655,280,0,99
720,656,280,0,99
720,657,280,0,99
720,658,280,0,99
720,659,280,0,99
720,660,280,0,99
720,661,280,0,99
720,662,280,0,99
720,663,280,0,99
720,664,280,0,99
720,665,280,0,99
720,666,280,0,99
720,667,280,0,99
720,668,280,0,99
720,669,280,0,99
720,670,280,0,99
720,671,280,0,99
720,672,280,0,99
720,673,280,0,99
720,674,280,0,99
720,675,280,0,99
720,676,280,0,99
720,677,280,0,99
720,678,280,0,99
720,679,280,0,99
720,680,280,0,99
720,681,280,0,99
720,682,280,0,99
720,683,280,0,99
720,684,280,0,99
720,685,280,0,99
720,686,280,0,99
720,687,280,0,99
720,688,280,0,99
720,689,280,0,99
720,690,280,0,99
720,691,280,0,99
720,692,280,0,99
720,693,280,0,99
720,694,280,0,99
720,695,280,0,99
720,696,280,0,99
720,697,280,0,99
720,698,280,0,99
720,699,280,0,99
720,700,280,0,99
720,701,280,0,99
720,702,280,0,99
720,703,280,0,99
720,704,280,0,99
720,705,280,0,99
720,706,280,0,99
720,707,280,0,99
720,708,280,0,99
720,709,280,0,99
720,710,280,0,99
720,711,280,0,99
720,712,280,0,99
720,713,280,0,99
720,714,280,0,99
720,715,280,0,99
720,716,280,0,99
720,717,280,0,99
720,718,280,0,99
720,719,280,0,99
720,721,280,0,99
720,722,280,0,99
720,723,280,0,99
720,724,280,0,99
721,625,133,0,100
721,626,133,0,100
721,627,133,0,100
721,628,133,0,100
721,629,133,0,100
721,630,133,0,100
721,631,133,0,100
721,632,133,0,100
721,633,133,0,100
721,634,133,0,100
721,635,133,0,100
721,636,133,0,100
721,637,133,0,100
721,638,133,0,100
721,639,133,0,100
721,640,133,0,100
721,641,133,0,100
721,642,133,0,100
721,643,133,0,100
721,644,133,0,100
721,645,133,0,100
721,646,133,0,100
721,647,133,0,100
721,648,133,0,100
721,649,133,0,100
721,650,133,0,100
721,651,133,0,100
721,652,133,0,100
721,653,133,0,100
721,654,133,0,100
721,655,133,0,100
721,656,133,0,100
721,657,133,0,100
721,658,133,0,100
721,659,133,0,100
721,660,133,0,100
721,661,133,0,100
721,662,133,0,100
721,663,133,0,100
721,664,133,0,100
721,665,133,0,100
721,666,133,0,100
721,667,133,0,100
721,668,133,0,100
721,669,133,0,100
721,670,133,0,100
721,671,133,0,100
721,672,133,0,100
721,673,133,0,100
721,674,133,0,100
721,675,133,0,100
721,676,133,0,100
721,677,133,0,100
721,678,133,0,100
721,679,133,0,100
721,680,133,0,100
721,681,133,0,100
721,682,133,0,100
721,683,133,0,100
721,684,133,0,100
721,685,133,0,100
721,686,133,0,100
721,687,133,0,100
721,688,133,0,100
721,689,133,0,100
721,690,133,0,100
721,691,133,0,100
721,692,133,0,100
721,693,133,0,100
721,694,133,0,100
721,695,133,0,100
721,696,133,0,100
721,697,133,0,100
721,698,133,0,100
721,699,133,0,100
721,700,133,0,100
721,701,133,0,100
721,702,133,0,100
721,703,133,0,100
721,704,133,0,100
721,705,133,0,100
721,706,133,0,100
721,707,133,0,100
721,708,133,0,100
721,709,133,0,100
721,710,133,0,100
721,711,133,0,100
721,712,133,0,100
721,713,133,0,100
721,714,133,0,100
721,715,133,0,100
721,716,133,0,100
721,717,133,0,100
721,718,133,0,100
721,719,133,0,100
721,720,133,0,100
721,722,133,0,100
721,723,133,0,100
721,724,133,0,100
722,625,256,0,101
722,626,256,0,101
722,627,256,0,101
722,628,256,0,101
722,629,256,0,101
722,630,256,0,101
722,631,256,0,101
722,632,256,0,101
722,633,256,0,101
722,634,256,0,101
722,635,256,0,101
722,636,256,0,101
722,637,256,0,101
722,638,256,0,101
722,639,256,0,101
722,640,256,0,101
722,641,256,0,101
722,642,256,0,101
722,643,256,0,101
722,644,256,0,101
722,645,256,0,101
722,646,256,0,101
722,647,256,0,101
722,648,256,0,101
722,649,256,0,101
722,650,256,0,101
722,651,256,0,101
722,652,256,0,101
722,653,256,0,101
722,654,256,0,101
722,655,256,0,101
722,656,256,0,101
722,657,256,0,101
722,658,256,0,101
722,659,256,0,101
722,660,256,0,101
722,661,256,0,101
722,662,256,0,101
722,663,256,0,101
722,664,256,0,101
722,665,256,0,101
722,666,256,0,101
722,667,256,0,101
722,668,256,0,101
722,669,256,0,101
722,670,256,0,101
722,671,256,0,101
722,672,256,0,101
722,673,256,0,101
722,674,256,0,101
722,675,256,0,101
722,676,256,0,101
722,677,256,0,101
722,678,256,0,101
722,679,256,0,101
722,680,256,0,101
722,681,256,0,101
722,682,256,0,101
722,683,256,0,101
722,684,256,0,101
722,685,256,0,101
722,686,256,0,101
722,687,256,0,101
722,688,256,0,101
722,689,256,0,101
722,690,256,0,101
722,691,256,0,101
722,692,256,0,101
722,693,256,0,101
722,694,256,0,101
722,695,256,0,101
722,696,256,0,101
722,697,256,0,101
722,698,256,0,101
722,699,256,0,101
722,700,256,0,101
722,701,256,0,101
722,702,256,0,101
722,703,256,0,101
722,704,256,0,101
722,705,256,0,101
722,706,256,0,101
722,707,256,0,101
722,708,256,0,101
722,709,256,0,101
722,710,256,0,101
722,711,256,0,101
722,712,256,0,101
722,713,256,0,101
722,714,256,0,101
722,715,256,0,101
722,716,256,0,101
722,717,256,0,101
722,718,256,0,101
722,719,256,0,101
722,720,256,0,101
722,721,256,0,101
722,723,256,0,101
722,724,256,0,101
723,625,379,0,102
723,626,379,0,102
723,627,379,0,102
723,628,379,0,102
723,629,379,0,102
723,630,379,0,102
723,631,379,0,102
723,632,379,0,102
723,633,379,0,102
723,634,379,0,102
723,635,379,0,102
723,636,379,0,102
723,637,379,0,102
723,638,379,0,102
723,639,379,0,102
723,640,379,0,102
723,641,379,0,102
723,642,379,0,102
723,643,379,0,102
723,644,379,0,102
723,645,379,0,102
723,646,379,0,102
723,647,379,0,102
723,648,379,0,102
723,649,379,0,102
723,650,379,0,102
723,651,379,0,102
723,652,379,0,102
723,653,379,0,102
723,654,379,0,102
723,655,379,0,102
723,656,379,0,102
723,657,379,0,102
723,658,379,0,102
723,659,379,0,102
723,660,379,0,102
723,661,379,0,102
723,662,379,0,102
723,663,379,0,102
723,664,379,0,102
723,665,379,0,102
723,666,379,0,102
723,667,379,0,102
723,668,379,0,102
723,669,379,0,102
723,670,379,0,102
723,671,379,0,102
723,672,379,0,102
723,673,379,0,102
723,674,379,0,102
723,675,379,0,102
723,676,379,0,102
723,677,379,0,102
723,678,379,0,102
723,679,379,0,102
723,680,379,0,102
723,681,379,0,102
723,682,379,0,102
723,683,379,0,102
723,684,379,0,102
723,685,379,0,102
723,686,379,0,102
723,687,379,0,102
723,688,379,0,102
723,689,379,0,102
723,690,379,0,102
723,691,379,0,102
723,692,379,0,102
723,693,379,0,102
723,694,379,0,102
723,695,379,0,102
723,696,379,0,102
723,697,379,0,102
723,698,379,0,102
723,699,379,0,102
723,700,379,0,102
723,701,379,0,102
723,702,379,0,102
723,703,379,0,102
723,704,379,0,102
723,705,379,0,102
723,706,379,0,102
723,707,379,0,102
723,708,379,0,102
723,709,379,0,102
723,710,379,0,102
723,711,379,0,102
723,712,379,0,102
723,713,379,0,102
723,714,379,0,102
723,715,379,0,102
723,716,379,0,102
723,717,379,0,102
723,718,379,0,102
723,719,379,0,102
723,720,379,0,102
723,721,379,0,102
723,722,379,0,102
723,724,379,0,102
