0,626,600,3,2
0,630,24,2,1
0,650,25,1,0
0,666,25,1,0
0,673,1,0,0
0,677,600,3,2
0,680,24,2,1
0,681,25,1,0
0,684,24,2,1
0,690,25,1,0
0,691,24,2,1
0,700,25,1,0
0,704,1,0,0
0,711,25,1,0
0,715,600,3,2
0,719,25,1,0
1,626,601,3,3
1,630,0,0,0
1,650,26,2,0
1,681,26,2,0
1,690,26,2,0
1,691,0,0,0
1,711,26,2,0
1,719,26,2,0
2,630,1,0,1
2,711,27,2,0
3,626,603,3,3
3,630,4,1,0
3,650,28,2,0
3,690,2,0,1
3,691,4,1,0
3,711,28,2,0
3,719,28,2,0
4,626,604,3,3
4,630,5,1,0
4,631,5,1,0
4,650,29,2,0
4,666,29,2,0
4,673,5,1,0
4,677,604,3,3
4,681,29,2,0
4,684,5,1,0
4,690,29,2,0
4,691,5,1,0
4,700,29,2,0
4,704,5,1,0
4,711,29,2,0
4,715,604,3,3
4,719,29,2,0
5,626,605,3,3
5,630,6,1,0
5,631,6,1,0
5,637,605,3,3
5,650,30,2,0
5,651,30,2,0
5,660,660,39,0
5,666,30,2,0
5,673,6,1,0
5,677,605,3,3
5,680,6,1,0
5,681,30,2,0
5,682,30,2,0
5,683,605,3,3
5,684,6,1,0
5,690,30,2,0
5,691,6,1,0
5,696,605,3,3
5,700,30,2,0
5,704,6,1,0
5,705,30,2,0
5,709,605,3,3
5,711,30,2,0
5,715,605,3,3
5,717,6,1,0
5,719,30,2,0
5,724,6,1,0
6,626,606,3,3
6,629,31,2,0
6,630,7,1,0
6,631,7,1,0
6,636,31,2,0
6,637,606,3,3
6,650,31,2,0
6,651,31,2,0
6,652,606,3,3
6,654,606,3,3
6,657,606,3,3
6,658,7,1,0
6,660,5,0,1
6,666,31,2,0
6,673,7,1,0
6,677,606,3,3
6,680,7,1,0
6,681,31,2,0
6,682,31,2,0
6,683,606,3,3
6,684,7,1,0
6,687,31,2,0
6,689,7,1,0
6,690,31,2,0
6,691,7,1,0
6,696,606,3,3
6,697,606,3,3
6,700,31,2,0
6,704,7,1,0
6,705,31,2,0
6,709,606,3,3
6,711,31,2,0
6,715,606,3,3
6,717,7,1,0
6,719,31,2,0
6,724,7,1,0
7,626,607,3,3
7,629,32,2,0
7,630,8,1,0
7,631,8,1,0
7,637,607,3,3
7,638,607,3,3
7,650,32,2,0
7,651,32,2,0
7,652,607,3,3
7,654,607,3,3
7,657,607,3,3
7,658,8,1,0
7,660,6,0,1
7,666,32,2,0
7,673,8,1,0
7,677,607,3,3
7,680,8,1,0
7,681,32,2,0
7,682,32,2,0
7,683,607,3,3
7,684,8,1,0
7,685,8,1,0
7,687,32,2,0
7,689,8,1,0
7,690,32,2,0
7,691,8,1,0
7,692,32,2,0
7,694,32,2,0
7,696,607,3,3
7,697,607,3,3
7,700,32,2,0
7,704,8,1,0
7,705,32,2,0
7,709,607,3,3
7,711,32,2,0
7,715,607,3,3
7,717,8,1,0
7,719,32,2,0
7,724,8,1,0
8,626,608,3,3
8,629,33,2,0
8,630,608,3,3
8,631,608,3,3
8,637,608,3,3
8,650,33,2,0
8,651,33,2,0
8,652,608,3,3
8,654,608,3,3
8,660,7,0,1
8,677,608,3,3
8,680,608,3,3
8,681,33,2,0
8,683,608,3,3
8,684,608,3,3
8,685,33,2,0
8,687,33,2,0
8,689,608,3,3
8,690,33,2,0
8,691,608,3,3
8,697,608,3,3
8,700,33,2,0
8,704,33,2,0
8,705,33,2,0
8,709,608,3,3
8,711,33,2,0
8,715,608,3,3
8,719,33,2,0
8,724,33,2,0
9,626,8,0,1
9,629,8,0,1
9,630,609,3,3
9,631,609,3,3
9,637,8,0,1
9,638,8,0,1
9,646,8,0,1
9,650,8,0,1
9,651,8,0,1
9,652,8,0,1
9,654,8,0,1
9,657,8,0,1
9,658,609,3,3
9,660,8,0,1
9,664,8,0,1
9,666,8,0,1
9,672,8,0,1
9,673,34,2,0
9,677,8,0,1
9,680,609,3,3
9,681,8,0,1
9,682,8,0,1
9,683,8,0,1
9,684,609,3,3
9,685,34,2,0
9,687,8,0,1
9,689,609,3,3
9,690,8,0,1
9,691,609,3,3
9,694,8,0,1
9,696,8,0,1
9,697,8,0,1
9,700,8,0,1
9,701,34,2,0
9,704,34,2,0
9,705,8,0,1
9,709,8,0,1
9,711,8,0,1
9,712,34,2,0
9,715,8,0,1
9,716,8,0,1
9,717,34,2,0
9,719,8,0,1
9,724,34,2,0
10,626,9,0,1
10,629,9,0,1
10,630,610,3,3
10,631,610,3,3
10,637,9,0,1
10,638,9,0,1
10,650,9,0,1
10,651,9,0,1
10,652,9,0,1
10,654,9,0,1
10,657,9,0,1
10,658,610,3,3
10,660,9,0,1
10,666,9,0,1
10,673,35,2,0
10,677,9,0,1
10,680,610,3,3
10,681,9,0,1
10,682,9,0,1
10,683,9,0,1
10,684,610,3,3
10,685,35,2,0
10,687,9,0,1
10,689,610,3,3
10,690,9,0,1
10,691,610,3,3
10,694,9,0,1
10,696,9,0,1
10,697,9,0,1
10,700,9,0,1
10,704,35,2,0
10,705,9,0,1
10,709,9,0,1
10,711,9,0,1
10,715,9,0,1
10,717,35,2,0
10,719,9,0,1
10,724,35,2,0
11,626,10,0,1
11,629,10,0,1
11,630,611,3,3
11,631,611,3,3
11,637,10,0,1
11,650,10,0,1
11,651,10,0,1
11,652,10,0,1
11,654,10,0,1
11,657,10,0,1
11,658,611,3,3
11,660,10,0,1
11,666,10,0,1
11,673,36,2,0
11,677,10,0,1
11,680,611,3,3
11,681,10,0,1
11,682,10,0,1
11,683,10,0,1
11,684,611,3,3
11,687,10,0,1
11,689,611,3,3
11,690,10,0,1
11,691,611,3,3
11,696,10,0,1
11,697,10,0,1
11,700,10,0,1
11,704,36,2,0
11,705,10,0,1
11,709,10,0,1
11,711,10,0,1
11,715,10,0,1
11,717,36,2,0
11,719,10,0,1
11,724,36,2,0
12,626,11,0,1
12,630,612,3,3
12,631,612,3,3
12,637,11,0,1
12,650,11,0,1
12,651,11,0,1
12,660,11,0,1
12,666,11,0,1
12,673,37,2,0
12,677,11,0,1
12,680,612,3,3
12,681,11,0,1
12,682,11,0,1
12,683,11,0,1
12,684,612,3,3
12,690,11,0,1
12,691,612,3,3
12,700,11,0,1
12,704,37,2,0
12,705,11,0,1
12,709,11,0,1
12,711,11,0,1
12,715,11,0,1
12,717,37,2,0
12,719,11,0,1
12,724,37,2,0
13,626,12,0,1
13,630,613,3,3
13,650,12,0,1
13,666,12,0,1
13,677,12,0,1
13,681,12,0,1
13,684,613,3,3
13,690,12,0,1
13,691,613,3,3
13,711,12,0,1
13,715,12,0,1
13,719,12,0,1
14,626,13,0,1
14,630,614,3,3
14,650,13,0,1
14,690,15,1,0
14,691,614,3,3
14,711,13,0,1
14,719,13,0,1
15,630,615,3,3
15,690,16,1,0
15,711,16,1,0
16,626,17,1,0
16,630,616,3,3
16,650,17,1,0
16,681,17,1,0
16,690,17,1,0
16,691,616,3,3
16,711,17,1,0
16,719,17,1,0
17,626,18,1,0
17,630,617,3,3
17,631,16,0,1
17,650,18,1,0
17,666,18,1,0
17,673,16,0,1
17,677,18,1,0
17,680,617,3,3
17,681,18,1,0
17,684,617,3,3
17,690,18,1,0
17,691,617,3,3
17,700,18,1,0
17,704,16,0,1
17,711,18,1,0
17,715,18,1,0
17,719,18,1,0
18,626,19,1,0
18,629,19,1,0
18,630,618,3,3
18,631,618,3,3
18,637,19,1,0
18,650,19,1,0
18,651,19,1,0
18,654,19,1,0
18,660,19,1,0
18,666,19,1,0
18,673,43,2,0
18,677,19,1,0
18,680,618,3,3
18,681,19,1,0
18,682,19,1,0
18,683,19,1,0
18,684,618,3,3
18,687,19,1,0
18,690,19,1,0
18,691,618,3,3
18,696,19,1,0
18,700,19,1,0
18,704,43,2,0
18,705,19,1,0
18,709,19,1,0
18,711,19,1,0
18,715,19,1,0
18,717,43,2,0
18,719,19,1,0
18,724,43,2,0
19,626,20,1,0
19,629,20,1,0
19,630,619,3,3
19,631,619,3,3
19,636,20,1,0
19,637,20,1,0
19,650,20,1,0
19,651,20,1,0
19,652,20,1,0
19,654,20,1,0
19,657,20,1,0
19,658,619,3,3
19,660,20,1,0
19,666,20,1,0
19,673,44,2,0
19,677,20,1,0
19,680,619,3,3
19,681,20,1,0
19,682,20,1,0
19,683,20,1,0
19,684,619,3,3
19,687,20,1,0
19,689,619,3,3
19,690,20,1,0
19,691,619,3,3
19,696,20,1,0
19,697,20,1,0
19,700,20,1,0
19,704,44,2,0
19,705,20,1,0
19,709,20,1,0
19,711,20,1,0
19,715,20,1,0
19,717,44,2,0
19,719,20,1,0
19,724,44,2,0
20,626,21,1,0
20,629,21,1,0
20,630,620,3,3
20,631,620,3,3
20,637,21,1,0
20,638,21,1,0
20,650,21,1,0
20,651,21,1,0
20,652,21,1,0
20,654,21,1,0
20,657,21,1,0
20,658,620,3,3
20,660,21,1,0
20,666,21,1,0
20,673,45,2,0
20,677,21,1,0
20,680,620,3,3
20,681,21,1,0
20,682,21,1,0
20,683,21,1,0
20,684,620,3,3
20,685,45,2,0
20,687,21,1,0
20,689,620,3,3
20,690,21,1,0
20,691,620,3,3
20,692,21,1,0
20,694,21,1,0
20,696,21,1,0
20,697,21,1,0
20,700,21,1,0
20,704,45,2,0
20,705,21,1,0
20,709,21,1,0
20,711,21,1,0
20,715,21,1,0
20,717,45,2,0
20,719,21,1,0
20,724,45,2,0
21,626,621,3,3
21,629,46,2,0
21,630,621,3,3
21,631,621,3,3
21,637,621,3,3
21,646,22,1,0
21,650,46,2,0
21,651,46,2,0
21,652,621,3,3
21,654,621,3,3
21,655,22,1,0
21,660,22,1,0
21,664,22,1,0
21,672,22,1,0
21,677,621,3,3
21,680,621,3,3
21,681,46,2,0
21,683,621,3,3
21,684,621,3,3
21,685,46,2,0
21,687,46,2,0
21,689,621,3,3
21,690,46,2,0
21,691,621,3,3
21,697,621,3,3
21,700,46,2,0
21,704,46,2,0
21,705,46,2,0
21,706,22,1,0
21,709,621,3,3
21,711,46,2,0
21,715,621,3,3
21,716,22,1,0
21,719,46,2,0
21,721,22,1,0
21,724,46,2,0
22,626,622,3,3
22,629,47,2,0
22,630,21,0,1
22,631,21,0,1
22,637,622,3,3
22,638,622,3,3
22,650,47,2,0
22,651,47,2,0
22,652,622,3,3
22,654,622,3,3
22,657,622,3,3
22,658,21,0,1
22,660,23,1,0
22,666,47,2,0
22,673,21,0,1
22,677,622,3,3
22,680,21,0,1
22,681,47,2,0
22,682,47,2,0
22,683,622,3,3
22,684,21,0,1
22,685,21,0,1
22,687,47,2,0
22,689,21,0,1
22,690,47,2,0
22,691,21,0,1
22,692,47,2,0
22,694,47,2,0
22,696,622,3,3
22,697,622,3,3
22,700,47,2,0
22,704,21,0,1
22,705,47,2,0
22,709,622,3,3
22,711,47,2,0
22,715,622,3,3
22,717,21,0,1
22,719,47,2,0
22,724,21,0,1
23,626,623,3,3
23,629,48,2,0
23,630,22,0,1
23,631,22,0,1
23,636,48,2,0
23,637,623,3,3
23,650,48,2,0
23,651,48,2,0
23,652,623,3,3
23,654,623,3,3
23,657,623,3,3
23,658,22,0,1
23,660,24,1,0
23,666,48,2,0
23,673,22,0,1
23,677,623,3,3
23,680,22,0,1
23,681,48,2,0
23,682,48,2,0
23,683,623,3,3
23,684,22,0,1
23,687,48,2,0
23,689,22,0,1
23,690,48,2,0
23,691,22,0,1
23,696,623,3,3
23,697,623,3,3
23,700,48,2,0
23,704,22,0,1
23,705,48,2,0
23,709,623,3,3
23,711,48,2,0
23,715,623,3,3
23,717,22,0,1
23,719,48,2,0
23,724,22,0,1
24,626,624,3,3
24,629,49,2,0
24,630,23,0,1
24,631,23,0,1
24,637,624,3,3
24,650,49,2,0
24,651,49,2,0
24,654,624,3,3
24,660,0,1,2
24,666,49,2,0
24,673,23,0,1
24,677,624,3,3
24,680,23,0,1
24,681,49,2,0
24,682,49,2,0
24,683,624,3,3
24,684,23,0,1
24,687,49,2,0
24,690,49,2,0
24,691,23,0,1
24,696,624,3,3
24,700,49,2,0
24,704,23,0,1
24,705,49,2,0
24,709,624,3,3
24,711,49,2,0
24,715,624,3,3
24,717,23,0,1
24,719,49,2,0
24,724,23,0,1
25,626,0,0,1
25,630,49,3,2
25,631,26,1,1
25,650,50,2,0
25,666,50,2,0
25,673,26,1,1
25,677,0,0,1
25,680,49,3,2
25,681,50,2,0
25,684,49,3,2
25,690,50,2,0
25,691,49,3,2
25,704,26,1,1
25,711,50,2,0
25,715,50,2,0
25,719,50,2,0
26,626,1,0,2
26,630,25,1,1
26,650,51,3,0
26,681,51,3,0
26,690,51,3,0
26,691,25,1,1
26,711,51,3,0
26,719,51,3,0
27,630,26,1,2
27,711,52,3,0
28,626,3,0,2
28,630,29,2,1
28,650,53,3,0
28,690,27,1,2
28,691,29,2,1
28,711,53,3,0
28,719,53,3,0
29,626,4,0,2
29,630,30,2,1
29,631,30,2,1
29,650,54,3,0
29,666,54,3,0
29,673,30,2,1
29,677,4,0,2
29,681,54,3,0
29,684,30,2,1
29,690,54,3,0
29,691,30,2,1
29,700,700,79,0
29,704,30,2,1
29,711,54,3,0
29,715,54,3,0
29,719,54,3,0
30,626,5,0,2
30,630,31,2,1
30,631,31,2,1
30,637,5,0,2
30,650,55,3,0
30,651,55,3,0
30,660,5,0,2
30,666,55,3,0
30,673,31,2,1
30,677,5,0,2
30,680,31,2,1
30,681,55,3,0
30,682,55,3,0
30,683,5,0,2
30,684,31,2,1
30,690,55,3,0
30,691,31,2,1
30,696,5,0,2
30,700,29,1,2
30,704,31,2,1
30,705,55,3,0
30,709,55,3,0
30,711,55,3,0
30,715,55,3,0
30,717,31,2,1
30,719,55,3,0
30,724,31,2,1
31,626,6,0,2
31,629,56,3,0
31,630,32,2,1
31,631,32,2,1
31,636,56,3,0
31,637,6,0,2
31,650,56,3,0
31,651,56,3,0
31,652,56,3,0
31,654,6,0,2
31,657,6,0,2
31,658,32,2,1
31,660,6,0,2
31,666,56,3,0
31,673,32,2,1
31,677,6,0,2
31,680,32,2,1
31,681,56,3,0
31,682,56,3,0
31,683,6,0,2
31,684,32,2,1
31,687,56,3,0
31,689,32,2,1
31,690,56,3,0
31,691,32,2,1
31,696,6,0,2
31,697,56,3,0
31,700,30,1,2
31,704,32,2,1
31,705,56,3,0
31,709,56,3,0
31,711,56,3,0
31,715,56,3,0
31,717,32,2,1
31,719,56,3,0
31,724,32,2,1
32,626,7,0,2
32,629,57,3,0
32,630,33,2,1
32,631,33,2,1
32,637,7,0,2
32,638,7,0,2
32,650,57,3,0
32,651,57,3,0
32,652,57,3,0
32,654,7,0,2
32,657,7,0,2
32,658,33,2,1
32,660,7,0,2
32,666,57,3,0
32,673,33,2,1
32,677,7,0,2
32,680,33,2,1
32,681,57,3,0
32,682,57,3,0
32,683,7,0,2
32,684,33,2,1
32,685,33,2,1
32,687,57,3,0
32,689,33,2,1
32,690,57,3,0
32,691,33,2,1
32,692,57,3,0
32,694,57,3,0
32,696,7,0,2
32,697,57,3,0
32,700,31,1,2
32,704,33,2,1
32,705,57,3,0
32,709,57,3,0
32,711,57,3,0
32,715,57,3,0
32,717,33,2,1
32,719,57,3,0
32,724,33,2,1
33,626,8,0,2
33,630,8,0,2
33,637,8,0,2
33,646,58,3,0
33,650,58,3,0
33,651,58,3,0
33,654,8,0,2
33,673,34,2,1
33,677,8,0,2
33,680,8,0,2
33,681,58,3,0
33,682,58,3,0
33,683,8,0,2
33,684,8,0,2
33,687,58,3,0
33,689,8,0,2
33,690,58,3,0
33,691,8,0,2
33,700,32,1,2
33,701,34,2,1
33,704,58,3,0
33,705,58,3,0
33,711,58,3,0
33,717,34,2,1
33,719,58,3,0
33,724,58,3,0
34,626,33,1,2
34,629,33,1,2
34,630,9,0,2
34,631,9,0,2
34,637,33,1,2
34,638,33,1,2
34,646,33,1,2
34,650,33,1,2
34,651,33,1,2
34,652,33,1,2
34,654,33,1,2
34,657,33,1,2
34,658,9,0,2
34,660,33,1,2
34,664,33,1,2
34,666,33,1,2
34,672,33,1,2
34,673,35,2,1
34,677,33,1,2
34,680,9,0,2
34,681,33,1,2
34,682,33,1,2
34,683,33,1,2
34,684,9,0,2
34,685,59,3,0
34,687,33,1,2
34,689,9,0,2
34,690,33,1,2
34,691,9,0,2
34,694,33,1,2
34,696,33,1,2
34,697,33,1,2
34,700,33,1,2
34,701,701,80,0
34,704,59,3,0
34,705,33,1,2
34,709,33,1,2
34,711,33,1,2
34,712,59,3,0
34,715,33,1,2
34,716,33,1,2
34,717,35,2,1
34,719,33,1,2
34,724,59,3,0
35,626,34,1,2
35,629,34,1,2
35,630,10,0,2
35,631,10,0,2
35,637,34,1,2
35,638,34,1,2
35,650,34,1,2
35,651,34,1,2
35,652,34,1,2
35,654,34,1,2
35,657,34,1,2
35,658,10,0,2
35,660,34,1,2
35,666,34,1,2
35,673,36,2,1
35,677,34,1,2
35,680,10,0,2
35,681,34,1,2
35,682,34,1,2
35,683,34,1,2
35,684,10,0,2
35,685,60,3,0
35,687,34,1,2
35,689,10,0,2
35,690,34,1,2
35,691,10,0,2
35,694,34,1,2
35,696,34,1,2
35,697,34,1,2
35,700,34,1,2
35,704,60,3,0
35,705,34,1,2
35,709,34,1,2
35,711,34,1,2
35,715,34,1,2
35,717,36,2,1
35,719,34,1,2
35,724,60,3,0
36,626,35,1,2
36,629,35,1,2
36,630,11,0,2
36,631,11,0,2
36,637,35,1,2
36,650,35,1,2
36,651,35,1,2
36,652,35,1,2
36,654,35,1,2
36,657,35,1,2
36,658,11,0,2
36,660,35,1,2
36,666,35,1,2
36,673,37,2,1
36,677,35,1,2
36,680,11,0,2
36,681,35,1,2
36,682,35,1,2
36,683,35,1,2
36,684,11,0,2
36,687,35,1,2
36,689,11,0,2
36,690,35,1,2
36,691,11,0,2
36,696,35,1,2
36,697,35,1,2
36,700,35,1,2
36,704,61,3,0
36,705,35,1,2
36,709,35,1,2
36,711,35,1,2
36,715,35,1,2
36,717,37,2,1
36,719,35,1,2
36,724,61,3,0
37,626,36,1,2
37,630,12,0,2
37,631,12,0,2
37,637,36,1,2
37,650,36,1,2
37,651,36,1,2
37,660,36,1,2
37,666,36,1,2
37,673,673,52,0
37,677,36,1,2
37,680,12,0,2
37,681,36,1,2
37,682,36,1,2
37,683,36,1,2
37,684,12,0,2
37,690,36,1,2
37,691,12,0,2
37,700,36,1,2
37,704,62,3,0
37,705,36,1,2
37,709,36,1,2
37,711,36,1,2
37,715,36,1,2
37,717,717,96,0
37,719,36,1,2
37,724,62,3,0
38,626,37,1,2
38,630,13,0,2
38,650,37,1,2
38,666,37,1,2
38,677,37,1,2
38,681,37,1,2
38,684,13,0,2
38,690,37,1,2
38,691,13,0,2
38,711,37,1,2
38,715,37,1,2
38,719,37,1,2
39,626,38,1,2
39,630,14,0,2
39,650,38,1,2
39,690,40,2,1
39,691,14,0,2
39,711,38,1,2
39,719,38,1,2
40,630,15,0,2
40,690,41,2,1
40,711,41,2,1
41,626,42,2,1
41,630,16,0,2
41,650,42,2,1
41,681,42,2,1
41,690,42,2,1
41,691,16,0,2
41,711,42,2,1
41,719,42,2,1
42,626,43,2,1
42,630,17,0,2
42,631,41,1,2
42,650,43,2,1
42,666,43,2,1
42,673,41,1,2
42,677,43,2,1
42,680,17,0,2
42,681,43,2,1
42,684,17,0,2
42,690,43,2,1
42,691,17,0,2
42,700,43,2,1
42,704,41,1,2
42,711,43,2,1
42,715,43,2,1
42,719,43,2,1
43,626,44,2,1
43,629,44,2,1
43,630,18,0,2
43,631,18,0,2
43,637,44,2,1
43,650,44,2,1
43,651,44,2,1
43,654,44,2,1
43,660,44,2,1
43,666,44,2,1
43,673,42,1,2
43,677,44,2,1
43,680,18,0,2
43,681,44,2,1
43,682,44,2,1
43,683,44,2,1
43,684,18,0,2
43,687,44,2,1
43,690,44,2,1
43,691,18,0,2
43,696,44,2,1
43,700,44,2,1
43,704,68,3,0
43,705,44,2,1
43,709,44,2,1
43,711,44,2,1
43,715,44,2,1
43,717,42,1,2
43,719,44,2,1
43,724,68,3,0
44,626,45,2,1
44,629,45,2,1
44,630,19,0,2
44,631,19,0,2
44,636,45,2,1
44,637,45,2,1
44,650,45,2,1
44,651,45,2,1
44,652,45,2,1
44,654,45,2,1
44,657,45,2,1
44,658,19,0,2
44,660,45,2,1
44,666,45,2,1
44,673,43,1,2
44,677,45,2,1
44,680,19,0,2
44,681,45,2,1
44,682,45,2,1
44,683,45,2,1
44,684,19,0,2
44,687,45,2,1
44,689,19,0,2
44,690,45,2,1
44,691,19,0,2
44,696,45,2,1
44,697,45,2,1
44,700,45,2,1
44,704,69,3,0
44,705,45,2,1
44,709,45,2,1
44,711,45,2,1
44,715,45,2,1
44,717,43,1,2
44,719,45,2,1
44,724,69,3,0
45,626,46,2,1
45,629,46,2,1
45,630,20,0,2
45,631,20,0,2
45,637,46,2,1
45,638,46,2,1
45,650,46,2,1
45,651,46,2,1
45,652,46,2,1
45,654,46,2,1
45,657,46,2,1
45,658,20,0,2
45,660,46,2,1
45,666,46,2,1
45,673,44,1,2
45,677,46,2,1
45,680,20,0,2
45,681,46,2,1
45,682,46,2,1
45,683,46,2,1
45,684,20,0,2
45,685,70,3,0
45,687,46,2,1
45,689,20,0,2
45,690,46,2,1
45,691,20,0,2
45,692,46,2,1
45,694,46,2,1
45,696,46,2,1
45,697,46,2,1
45,700,46,2,1
45,704,70,3,0
45,705,46,2,1
45,709,46,2,1
45,711,46,2,1
45,715,46,2,1
45,717,44,1,2
45,719,46,2,1
45,724,70,3,0
46,626,21,0,2
46,630,21,0,2
46,637,21,0,2
46,646,47,2,1
46,650,71,3,0
46,651,71,3,0
46,654,21,0,2
46,655,47,2,1
46,664,47,2,1
46,672,47,2,1
46,673,45,1,2
46,677,21,0,2
46,680,21,0,2
46,681,71,3,0
46,682,71,3,0
46,683,21,0,2
46,684,21,0,2
46,687,71,3,0
46,689,21,0,2
46,690,71,3,0
46,691,21,0,2
46,700,47,2,1
46,701,45,1,2
46,704,71,3,0
46,705,71,3,0
46,706,47,2,1
46,711,71,3,0
46,716,47,2,1
46,717,45,1,2
46,719,71,3,0
46,721,47,2,1
46,724,71,3,0
47,626,22,0,2
47,629,72,3,0
47,630,46,1,2
47,631,46,1,2
47,637,22,0,2
47,638,22,0,2
47,650,72,3,0
47,651,72,3,0
47,652,72,3,0
47,654,22,0,2
47,657,22,0,2
47,658,46,1,2
47,660,22,0,2
47,666,72,3,0
47,673,46,1,2
47,677,22,0,2
47,680,46,1,2
47,681,72,3,0
47,682,72,3,0
47,683,22,0,2
47,684,46,1,2
47,685,46,1,2
47,687,72,3,0
47,689,46,1,2
47,690,72,3,0
47,691,46,1,2
47,692,72,3,0
47,694,72,3,0
47,696,22,0,2
47,697,72,3,0
47,700,48,2,1
47,704,46,1,2
47,705,72,3,0
47,709,72,3,0
47,711,72,3,0
47,715,72,3,0
47,717,46,1,2
47,719,72,3,0
47,724,46,1,2
48,626,23,0,2
48,629,73,3,0
48,630,47,1,2
48,631,47,1,2
48,636,73,3,0
48,637,23,0,2
48,650,73,3,0
48,651,73,3,0
48,652,73,3,0
48,654,23,0,2
48,657,23,0,2
48,658,47,1,2
48,660,23,0,2
48,666,73,3,0
48,673,47,1,2
48,677,23,0,2
48,680,47,1,2
48,681,73,3,0
48,682,73,3,0
48,683,23,0,2
48,684,47,1,2
48,687,73,3,0
48,689,47,1,2
48,690,73,3,0
48,691,47,1,2
48,696,23,0,2
48,697,73,3,0
48,700,49,2,1
48,704,47,1,2
48,705,73,3,0
48,709,73,3,0
48,711,73,3,0
48,715,73,3,0
48,717,47,1,2
48,719,73,3,0
48,724,47,1,2
49,626,24,0,2
49,629,74,3,0
49,630,48,1,2
49,631,48,1,2
49,637,24,0,2
49,650,74,3,0
49,651,74,3,0
49,654,24,0,2
49,660,24,0,2
49,666,74,3,0
49,673,48,1,2
49,677,24,0,2
49,680,48,1,2
49,681,74,3,0
49,682,74,3,0
49,683,24,0,2
49,684,48,1,2
49,687,74,3,0
49,690,74,3,0
49,691,48,1,2
49,696,24,0,2
49,700,25,2,3
49,704,48,1,2
49,705,74,3,0
49,709,74,3,0
49,711,74,3,0
49,715,74,3,0
49,717,48,1,2
49,719,74,3,0
49,724,48,1,2
50,626,75,2,0
50,630,74,3,2
50,631,51,1,1
50,650,51,1,1
50,666,75,2,0
50,673,51,1,1
50,677,75,2,0
50,680,74,3,2
50,681,75,2,0
50,684,74,3,2
50,690,75,2,0
50,691,74,3,2
50,700,25,0,2
50,704,51,1,1
50,711,75,2,0
50,715,75,2,0
50,719,75,2,0
51,626,76,3,0
51,630,50,1,1
51,650,52,2,1
51,681,76,3,0
51,690,76,3,0
51,691,50,1,1
51,711,76,3,0
51,719,76,3,0
52,630,51,1,2
52,711,77,3,0
53,626,78,3,0
53,630,54,2,1
53,650,650,29,0
53,690,52,1,2
53,691,54,2,1
53,711,78,3,0
53,719,78,3,0
54,626,79,3,0
54,630,55,2,1
54,631,55,2,1
54,650,53,1,2
54,666,79,3,0
54,673,55,2,1
54,677,79,3,0
54,681,79,3,0
54,684,55,2,1
54,690,79,3,0
54,691,55,2,1
54,700,29,0,3
54,704,55,2,1
54,711,79,3,0
54,715,79,3,0
54,719,79,3,0
55,626,80,3,0
55,630,56,2,1
55,631,56,2,1
55,637,30,0,3
55,650,54,1,2
55,651,80,3,0
55,660,30,0,3
55,666,80,3,0
55,673,56,2,1
55,677,80,3,0
55,680,56,2,1
55,681,80,3,0
55,682,80,3,0
55,683,80,3,0
55,684,56,2,1
55,690,80,3,0
55,691,56,2,1
55,696,30,0,3
55,700,30,0,3
55,704,56,2,1
55,705,80,3,0
55,709,80,3,0
55,711,80,3,0
55,715,80,3,0
55,717,56,2,1
55,719,80,3,0
55,724,56,2,1
56,626,81,3,0
56,629,81,3,0
56,630,57,2,1
56,631,57,2,1
56,636,81,3,0
56,637,31,0,3
56,650,55,1,2
56,651,81,3,0
56,652,81,3,0
56,654,31,0,3
56,657,31,0,3
56,658,57,2,1
56,660,31,0,3
56,666,81,3,0
56,673,57,2,1
56,677,81,3,0
56,680,57,2,1
56,681,81,3,0
56,682,81,3,0
56,683,81,3,0
56,684,57,2,1
56,687,81,3,0
56,689,57,2,1
56,690,81,3,0
56,691,57,2,1
56,696,31,0,3
56,697,81,3,0
56,700,31,0,3
56,704,57,2,1
56,705,81,3,0
56,709,81,3,0
56,711,81,3,0
56,715,81,3,0
56,717,57,2,1
56,719,81,3,0
56,724,57,2,1
57,626,82,3,0
57,629,82,3,0
57,630,58,2,1
57,631,58,2,1
57,637,32,0,3
57,638,32,0,3
57,650,56,1,2
57,651,82,3,0
57,652,82,3,0
57,654,32,0,3
57,657,32,0,3
57,658,58,2,1
57,660,32,0,3
57,666,82,3,0
57,673,58,2,1
57,677,82,3,0
57,680,58,2,1
57,681,82,3,0
57,682,82,3,0
57,683,82,3,0
57,684,58,2,1
57,685,58,2,1
57,687,82,3,0
57,689,58,2,1
57,690,82,3,0
57,691,58,2,1
57,692,82,3,0
57,694,82,3,0
57,696,32,0,3
57,697,82,3,0
57,700,32,0,3
57,704,58,2,1
57,705,82,3,0
57,709,82,3,0
57,711,82,3,0
57,715,82,3,0
57,717,58,2,1
57,719,82,3,0
57,724,58,2,1
58,630,33,0,3
58,637,33,0,3
58,646,646,25,0
58,650,57,1,2
58,651,83,3,0
58,666,83,3,0
58,673,33,0,3
58,681,83,3,0
58,682,83,3,0
58,689,33,0,3
58,690,83,3,0
58,691,33,0,3
58,694,83,3,0
58,701,33,0,3
58,704,83,3,0
58,705,83,3,0
58,711,83,3,0
58,717,33,0,3
58,719,83,3,0
59,626,58,1,2
59,629,58,1,2
59,630,34,0,3
59,631,34,0,3
59,637,58,1,2
59,638,58,1,2
59,646,58,1,2
59,650,58,1,2
59,651,58,1,2
59,652,58,1,2
59,654,58,1,2
59,657,58,1,2
59,658,34,0,3
59,660,58,1,2
59,664,58,1,2
59,666,58,1,2
59,672,58,1,2
59,673,34,0,3
59,677,58,1,2
59,680,84,3,0
59,681,58,1,2
59,682,58,1,2
59,683,58,1,2
59,684,34,0,3
59,685,84,3,0
59,687,58,1,2
59,689,34,0,3
59,690,58,1,2
59,691,34,0,3
59,694,58,1,2
59,696,58,1,2
59,697,58,1,2
59,700,58,1,2
59,701,34,0,3
59,704,84,3,0
59,705,58,1,2
59,709,58,1,2
59,711,58,1,2
59,712,84,3,0
59,715,58,1,2
59,716,58,1,2
59,717,34,0,3
59,719,58,1,2
59,724,84,3,0
60,626,59,1,2
60,629,59,1,2
60,630,35,0,3
60,631,35,0,3
60,637,59,1,2
60,638,59,1,2
60,650,59,1,2
60,651,59,1,2
60,652,59,1,2
60,654,59,1,2
60,657,59,1,2
60,658,35,0,3
60,660,59,1,2
60,666,59,1,2
60,673,35,0,3
60,677,59,1,2
60,680,85,3,0
60,681,59,1,2
60,682,59,1,2
60,683,59,1,2
60,684,35,0,3
60,685,85,3,0
60,687,59,1,2
60,689,35,0,3
60,690,59,1,2
60,691,35,0,3
60,694,59,1,2
60,696,59,1,2
60,697,59,1,2
60,700,59,1,2
60,704,85,3,0
60,705,59,1,2
60,709,59,1,2
60,711,59,1,2
60,715,59,1,2
60,717,35,0,3
60,719,59,1,2
60,724,85,3,0
61,626,60,1,2
61,629,60,1,2
61,630,36,0,3
61,631,36,0,3
61,637,60,1,2
61,650,60,1,2
61,651,60,1,2
61,652,60,1,2
61,654,60,1,2
61,657,60,1,2
61,658,36,0,3
61,660,60,1,2
61,666,60,1,2
61,673,36,0,3
61,677,60,1,2
61,680,86,3,0
61,681,60,1,2
61,682,60,1,2
61,683,60,1,2
61,684,36,0,3
61,687,60,1,2
61,689,36,0,3
61,690,60,1,2
61,691,36,0,3
61,696,60,1,2
61,697,60,1,2
61,700,60,1,2
61,704,86,3,0
61,705,60,1,2
61,709,60,1,2
61,711,60,1,2
61,715,60,1,2
61,717,36,0,3
61,719,60,1,2
61,724,86,3,0
62,626,61,1,2
62,630,37,0,3
62,631,37,0,3
62,637,61,1,2
62,650,61,1,2
62,651,61,1,2
62,660,61,1,2
62,666,61,1,2
62,673,37,0,3
62,677,61,1,2
62,680,87,3,0
62,681,61,1,2
62,682,61,1,2
62,683,61,1,2
62,684,37,0,3
62,690,61,1,2
62,691,37,0,3
62,700,61,1,2
62,704,87,3,0
62,705,61,1,2
62,709,61,1,2
62,711,61,1,2
62,715,61,1,2
62,717,37,0,3
62,719,61,1,2
62,724,87,3,0
63,626,62,1,2
63,630,38,0,3
63,650,62,1,2
63,666,62,1,2
63,677,62,1,2
63,681,62,1,2
63,684,38,0,3
63,690,62,1,2
63,691,38,0,3
63,711,62,1,2
63,715,62,1,2
63,719,62,1,2
64,626,63,1,2
64,630,39,0,3
64,650,63,1,2
64,690,65,2,1
64,691,39,0,3
64,711,63,1,2
64,719,63,1,2
65,630,40,0,3
65,690,66,2,1
65,711,66,2,1
66,626,67,2,1
66,630,41,0,3
66,650,67,2,1
66,681,67,2,1
66,690,67,2,1
66,691,41,0,3
66,711,67,2,1
66,719,67,2,1
67,626,68,2,1
67,630,42,0,3
67,631,66,1,2
67,650,68,2,1
67,666,68,2,1
67,673,66,1,2
67,677,68,2,1
67,680,92,3,0
67,681,68,2,1
67,684,42,0,3
67,690,68,2,1
67,691,42,0,3
67,700,68,2,1
67,704,66,1,2
67,711,68,2,1
67,715,68,2,1
67,719,68,2,1
68,626,69,2,1
68,629,69,2,1
68,630,43,0,3
68,631,43,0,3
68,637,69,2,1
68,650,69,2,1
68,651,69,2,1
68,654,69,2,1
68,660,69,2,1
68,666,69,2,1
68,673,43,0,3
68,677,69,2,1
68,680,93,3,0
68,681,69,2,1
68,682,69,2,1
68,683,69,2,1
68,684,43,0,3
68,687,69,2,1
68,690,69,2,1
68,691,43,0,3
68,696,69,2,1
68,700,69,2,1
68,704,93,3,0
68,705,69,2,1
68,709,69,2,1
68,711,69,2,1
68,715,69,2,1
68,717,43,0,3
68,719,69,2,1
68,724,93,3,0
69,626,70,2,1
69,629,70,2,1
69,630,44,0,3
69,631,44,0,3
69,636,70,2,1
69,637,70,2,1
69,650,70,2,1
69,651,70,2,1
69,652,70,2,1
69,654,70,2,1
69,657,70,2,1
69,658,44,0,3
69,660,70,2,1
69,666,70,2,1
69,673,44,0,3
69,677,70,2,1
69,680,94,3,0
69,681,70,2,1
69,682,70,2,1
69,683,70,2,1
69,684,44,0,3
69,687,70,2,1
69,689,44,0,3
69,690,70,2,1
69,691,44,0,3
69,696,70,2,1
69,697,70,2,1
69,700,70,2,1
69,704,94,3,0
69,705,70,2,1
69,709,70,2,1
69,711,70,2,1
69,715,70,2,1
69,717,44,0,3
69,719,70,2,1
69,724,94,3,0
70,626,71,2,1
70,629,71,2,1
70,630,45,0,3
70,631,45,0,3
70,637,71,2,1
70,638,71,2,1
70,650,71,2,1
70,651,71,2,1
70,652,71,2,1
70,654,71,2,1
70,657,71,2,1
70,658,45,0,3
70,660,71,2,1
70,666,71,2,1
70,673,45,0,3
70,677,71,2,1
70,680,95,3,0
70,681,71,2,1
70,682,71,2,1
70,683,71,2,1
70,684,45,0,3
70,685,95,3,0
70,687,71,2,1
70,689,45,0,3
70,690,71,2,1
70,691,45,0,3
70,692,71,2,1
70,694,71,2,1
70,696,71,2,1
70,697,71,2,1
70,700,71,2,1
70,704,95,3,0
70,705,71,2,1
70,709,71,2,1
70,711,71,2,1
70,715,71,2,1
70,717,45,0,3
70,719,71,2,1
70,724,95,3,0
71,630,46,0,3
71,637,46,0,3
71,646,72,2,1
71,650,72,2,1
71,651,96,3,0
71,655,72,2,1
71,664,72,2,1
71,666,96,3,0
71,672,72,2,1
71,673,46,0,3
71,681,96,3,0
71,682,96,3,0
71,689,46,0,3
71,690,96,3,0
71,691,46,0,3
71,694,96,3,0
71,701,46,0,3
71,704,96,3,0
71,705,96,3,0
71,706,72,2,1
71,711,96,3,0
71,716,72,2,1
71,717,46,0,3
71,719,96,3,0
71,721,72,2,1
72,626,97,3,0
72,629,97,3,0
72,630,71,1,2
72,631,71,1,2
72,637,47,0,3
72,638,47,0,3
72,650,73,2,1
72,651,97,3,0
72,652,97,3,0
72,654,47,0,3
72,657,47,0,3
72,658,71,1,2
72,660,47,0,3
72,666,97,3,0
72,673,71,1,2
72,677,97,3,0
72,680,71,1,2
72,681,97,3,0
72,682,97,3,0
72,683,97,3,0
72,684,71,1,2
72,685,71,1,2
72,687,97,3,0
72,689,71,1,2
72,690,97,3,0
72,691,71,1,2
72,692,97,3,0
72,694,97,3,0
72,696,47,0,3
72,697,97,3,0
72,700,47,0,3
72,704,71,1,2
72,705,97,3,0
72,709,97,3,0
72,711,97,3,0
72,715,97,3,0
72,717,71,1,2
72,719,97,3,0
72,724,71,1,2
73,626,98,3,0
73,629,98,3,0
73,630,72,1,2
73,631,72,1,2
73,636,98,3,0
73,637,48,0,3
73,650,74,2,1
73,651,98,3,0
73,652,98,3,0
73,654,48,0,3
73,657,48,0,3
73,658,72,1,2
73,660,48,0,3
73,666,98,3,0
73,673,72,1,2
73,677,98,3,0
73,680,72,1,2
73,681,98,3,0
73,682,98,3,0
73,683,98,3,0
73,684,72,1,2
73,687,98,3,0
73,689,72,1,2
73,690,98,3,0
73,691,72,1,2
73,696,48,0,3
73,697,98,3,0
73,700,48,0,3
73,704,72,1,2
73,705,98,3,0
73,709,98,3,0
73,711,98,3,0
73,715,98,3,0
73,717,72,1,2
73,719,98,3,0
73,724,72,1,2
74,626,99,3,0
74,629,99,3,0
74,630,73,1,2
74,631,73,1,2
74,637,49,0,3
74,650,50,2,3
74,651,99,3,0
74,654,49,0,3
74,660,49,0,3
74,666,99,3,0
74,673,73,1,2
74,677,99,3,0
74,680,73,1,2
74,681,99,3,0
74,682,99,3,0
74,683,99,3,0
74,684,73,1,2
74,687,99,3,0
74,690,99,3,0
74,691,73,1,2
74,696,49,0,3
74,700,49,0,3
74,704,73,1,2
74,705,99,3,0
74,709,99,3,0
74,711,99,3,0
74,715,99,3,0
74,717,73,1,2
74,719,99,3,0
74,724,73,1,2
75,626,100,2,0
75,630,99,3,2
75,631,76,1,1
75,650,50,0,2
75,666,100,2,0
75,673,76,1,1
75,677,100,2,0
75,680,99,3,2
75,681,100,2,0
75,684,99,3,2
75,690,76,1,1
75,691,99,3,2
75,700,50,0,2
75,704,76,1,1
75,711,76,1,1
75,715,100,2,0
75,719,100,2,0
76,626,101,3,0
76,630,75,1,1
76,650,51,0,3
76,681,101,3,0
76,690,690,69,0
76,691,75,1,1
76,711,77,2,1
76,719,101,3,0
77,630,76,1,2
77,711,711,90,0
78,626,103,3,0
78,630,79,2,1
78,650,53,0,3
78,690,77,1,2
78,691,79,2,1
78,711,77,1,2
78,719,103,3,0
79,626,104,3,0
79,630,80,2,1
79,631,80,2,1
79,650,54,0,3
79,666,104,3,0
79,673,80,2,1
79,677,104,3,0
79,681,104,3,0
79,684,80,2,1
79,690,78,1,2
79,691,80,2,1
79,700,54,0,3
79,704,80,2,1
79,711,78,1,2
79,715,104,3,0
79,719,104,3,0
80,626,105,3,0
80,630,81,2,1
80,631,81,2,1
80,637,55,0,3
80,650,55,0,3
80,651,105,3,0
80,660,55,0,3
80,666,105,3,0
80,673,81,2,1
80,677,105,3,0
80,680,81,2,1
80,681,105,3,0
80,682,105,3,0
80,683,105,3,0
80,684,81,2,1
80,690,79,1,2
80,691,81,2,1
80,696,55,0,3
80,700,55,0,3
80,704,81,2,1
80,705,105,3,0
80,709,105,3,0
80,711,79,1,2
80,715,105,3,0
80,717,81,2,1
80,719,105,3,0
80,724,81,2,1
81,626,106,3,0
81,629,106,3,0
81,630,82,2,1
81,631,82,2,1
81,636,106,3,0
81,637,56,0,3
81,650,56,0,3
81,651,106,3,0
81,652,106,3,0
81,654,56,0,3
81,657,56,0,3
81,658,82,2,1
81,660,56,0,3
81,666,106,3,0
81,673,82,2,1
81,677,106,3,0
81,680,82,2,1
81,681,106,3,0
81,682,106,3,0
81,683,106,3,0
81,684,82,2,1
81,687,106,3,0
81,689,82,2,1
81,690,80,1,2
81,691,82,2,1
81,696,56,0,3
81,697,106,3,0
81,700,56,0,3
81,704,82,2,1
81,705,106,3,0
81,709,106,3,0
81,711,80,1,2
81,715,106,3,0
81,717,82,2,1
81,719,106,3,0
81,724,82,2,1
82,626,107,3,0
82,629,107,3,0
82,630,83,2,1
82,631,83,2,1
82,637,57,0,3
82,638,57,0,3
82,650,57,0,3
82,651,107,3,0
82,652,107,3,0
82,654,57,0,3
82,657,57,0,3
82,658,83,2,1
82,660,57,0,3
82,666,107,3,0
82,673,83,2,1
82,677,107,3,0
82,680,83,2,1
82,681,107,3,0
82,682,107,3,0
82,683,107,3,0
82,684,83,2,1
82,685,83,2,1
82,687,107,3,0
82,689,83,2,1
82,690,81,1,2
82,691,83,2,1
82,692,107,3,0
82,694,107,3,0
82,696,57,0,3
82,697,107,3,0
82,700,57,0,3
82,704,83,2,1
82,705,107,3,0
82,709,107,3,0
82,711,81,1,2
82,715,107,3,0
82,717,83,2,1
82,719,107,3,0
82,724,83,2,1
83,626,108,3,0
83,630,58,0,3
83,631,108,3,0
83,637,58,0,3
83,651,108,3,0
83,658,108,3,0
83,666,108,3,0
83,673,58,0,3
83,681,108,3,0
83,682,108,3,0
83,684,108,3,0
83,689,58,0,3
83,690,82,1,2
83,691,58,0,3
83,694,108,3,0
83,701,58,0,3
83,705,108,3,0
83,711,82,1,2
83,715,108,3,0
83,717,58,0,3
83,719,108,3,0
84,626,83,1,2
84,629,83,1,2
84,630,59,0,3
84,631,109,3,0
84,637,83,1,2
84,638,83,1,2
84,646,83,1,2
84,650,83,1,2
84,651,83,1,2
84,652,83,1,2
84,654,83,1,2
84,657,83,1,2
84,658,109,3,0
84,660,83,1,2
84,664,83,1,2
84,666,83,1,2
84,672,83,1,2
84,673,59,0,3
84,677,83,1,2
84,680,109,3,0
84,681,83,1,2
84,682,83,1,2
84,683,83,1,2
84,684,109,3,0
84,685,109,3,0
84,687,83,1,2
84,689,59,0,3
84,690,83,1,2
84,691,59,0,3
84,694,83,1,2
84,696,83,1,2
84,697,83,1,2
84,700,83,1,2
84,701,59,0,3
84,704,109,3,0
84,705,83,1,2
84,709,83,1,2
84,711,83,1,2
84,712,109,3,0
84,715,83,1,2
84,716,83,1,2
84,717,59,0,3
84,719,83,1,2
84,724,109,3,0
85,626,84,1,2
85,629,84,1,2
85,630,60,0,3
85,631,110,3,0
85,637,84,1,2
85,638,84,1,2
85,650,84,1,2
85,651,84,1,2
85,652,84,1,2
85,654,84,1,2
85,657,84,1,2
85,658,110,3,0
85,660,84,1,2
85,666,84,1,2
85,673,60,0,3
85,677,84,1,2
85,680,110,3,0
85,681,84,1,2
85,682,84,1,2
85,683,84,1,2
85,684,110,3,0
85,685,110,3,0
85,687,84,1,2
85,689,60,0,3
85,690,84,1,2
85,691,60,0,3
85,694,84,1,2
85,696,84,1,2
85,697,84,1,2
85,700,84,1,2
85,704,110,3,0
85,705,84,1,2
85,709,84,1,2
85,711,84,1,2
85,715,84,1,2
85,717,60,0,3
85,719,84,1,2
85,724,110,3,0
86,626,85,1,2
86,629,85,1,2
86,630,61,0,3
86,631,111,3,0
86,637,85,1,2
86,650,85,1,2
86,651,85,1,2
86,652,85,1,2
86,654,85,1,2
86,657,85,1,2
86,658,111,3,0
86,660,85,1,2
86,666,85,1,2
86,673,61,0,3
86,677,85,1,2
86,680,111,3,0
86,681,85,1,2
86,682,85,1,2
86,683,85,1,2
86,684,111,3,0
86,687,85,1,2
86,689,61,0,3
86,690,85,1,2
86,691,61,0,3
86,696,85,1,2
86,697,85,1,2
86,700,85,1,2
86,704,111,3,0
86,705,85,1,2
86,709,85,1,2
86,711,85,1,2
86,715,85,1,2
86,717,61,0,3
86,719,85,1,2
86,724,111,3,0
87,626,86,1,2
87,630,62,0,3
87,631,112,3,0
87,637,86,1,2
87,650,86,1,2
87,651,86,1,2
87,660,86,1,2
87,666,86,1,2
87,673,62,0,3
87,677,86,1,2
87,680,112,3,0
87,681,86,1,2
87,682,86,1,2
87,683,86,1,2
87,684,112,3,0
87,690,86,1,2
87,691,62,0,3
87,700,86,1,2
87,704,112,3,0
87,705,86,1,2
87,709,86,1,2
87,711,86,1,2
87,715,86,1,2
87,717,62,0,3
87,719,86,1,2
87,724,112,3,0
88,626,87,1,2
88,630,63,0,3
88,650,87,1,2
88,666,87,1,2
88,677,87,1,2
88,681,87,1,2
88,684,113,3,0
88,690,87,1,2
88,691,63,0,3
88,711,87,1,2
88,715,87,1,2
88,719,87,1,2
89,626,88,1,2
89,630,64,0,3
89,650,88,1,2
89,690,90,2,1
89,691,64,0,3
89,711,88,1,2
89,719,88,1,2
90,630,65,0,3
90,690,91,2,1
90,711,91,2,1
91,626,92,2,1
91,630,66,0,3
91,650,92,2,1
91,681,92,2,1
91,690,92,2,1
91,691,66,0,3
91,711,92,2,1
91,719,92,2,1
92,626,93,2,1
92,630,67,0,3
92,631,91,1,2
92,650,93,2,1
92,666,93,2,1
92,673,91,1,2
92,677,93,2,1
92,680,117,3,0
92,681,93,2,1
92,684,117,3,0
92,690,93,2,1
92,691,67,0,3
92,700,93,2,1
92,704,91,1,2
92,711,93,2,1
92,715,93,2,1
92,719,93,2,1
93,626,94,2,1
93,629,94,2,1
93,630,68,0,3
93,631,118,3,0
93,637,94,2,1
93,650,94,2,1
93,651,94,2,1
93,654,94,2,1
93,660,94,2,1
93,666,94,2,1
93,673,68,0,3
93,677,94,2,1
93,680,118,3,0
93,681,94,2,1
93,682,94,2,1
93,683,94,2,1
93,684,118,3,0
93,687,94,2,1
93,690,94,2,1
93,691,68,0,3
93,696,94,2,1
93,700,94,2,1
93,704,118,3,0
93,705,94,2,1
93,709,94,2,1
93,711,94,2,1
93,715,94,2,1
93,717,68,0,3
93,719,94,2,1
93,724,118,3,0
94,626,95,2,1
94,629,95,2,1
94,630,69,0,3
94,631,119,3,0
94,636,95,2,1
94,637,95,2,1
94,650,95,2,1
94,651,95,2,1
94,652,95,2,1
94,654,95,2,1
94,657,95,2,1
94,658,119,3,0
94,660,95,2,1
94,666,95,2,1
94,673,69,0,3
94,677,95,2,1
94,680,119,3,0
94,681,95,2,1
94,682,95,2,1
94,683,95,2,1
94,684,119,3,0
94,687,95,2,1
94,689,69,0,3
94,690,95,2,1
94,691,69,0,3
94,696,95,2,1
94,697,95,2,1
94,700,95,2,1
94,704,119,3,0
94,705,95,2,1
94,709,95,2,1
94,711,95,2,1
94,715,95,2,1
94,717,69,0,3
94,719,95,2,1
94,724,119,3,0
95,626,96,2,1
95,629,96,2,1
95,630,70,0,3
95,631,120,3,0
95,637,96,2,1
95,638,96,2,1
95,650,96,2,1
95,651,96,2,1
95,652,96,2,1
95,654,96,2,1
95,657,96,2,1
95,658,120,3,0
95,660,96,2,1
95,666,96,2,1
95,673,70,0,3
95,677,96,2,1
95,680,120,3,0
95,681,96,2,1
95,682,96,2,1
95,683,96,2,1
95,684,120,3,0
95,685,120,3,0
95,687,96,2,1
95,689,70,0,3
95,690,96,2,1
95,691,70,0,3
95,692,96,2,1
95,694,96,2,1
95,696,96,2,1
95,697,96,2,1
95,700,96,2,1
95,704,120,3,0
95,705,96,2,1
95,709,96,2,1
95,711,96,2,1
95,715,96,2,1
95,717,70,0,3
95,719,96,2,1
95,724,120,3,0
96,626,121,3,0
96,630,71,0,3
96,631,121,3,0
96,637,71,0,3
96,646,97,2,1
96,651,121,3,0
96,658,121,3,0
96,664,97,2,1
96,666,121,3,0
96,672,97,2,1
96,673,71,0,3
96,681,121,3,0
96,682,121,3,0
96,684,121,3,0
96,689,71,0,3
96,690,97,2,1
96,691,71,0,3
96,694,121,3,0
96,701,71,0,3
96,705,121,3,0
96,706,97,2,1
96,711,97,2,1
96,715,121,3,0
96,716,97,2,1
96,717,71,0,3
96,719,121,3,0
96,721,97,2,1
97,626,122,3,0
97,629,122,3,0
97,630,96,1,2
97,631,96,1,2
97,637,72,0,3
97,638,72,0,3
97,650,72,0,3
97,651,122,3,0
97,652,122,3,0
97,654,72,0,3
97,657,72,0,3
97,658,96,1,2
97,660,72,0,3
97,666,122,3,0
97,673,96,1,2
97,677,122,3,0
97,680,96,1,2
97,681,122,3,0
97,682,122,3,0
97,683,122,3,0
97,684,96,1,2
97,685,96,1,2
97,687,122,3,0
97,689,96,1,2
97,690,98,2,1
97,691,96,1,2
97,692,122,3,0
97,694,122,3,0
97,696,72,0,3
97,697,122,3,0
97,700,72,0,3
97,704,96,1,2
97,705,122,3,0
97,709,122,3,0
97,711,98,2,1
97,715,122,3,0
97,717,96,1,2
97,719,122,3,0
97,724,96,1,2
98,626,123,3,0
98,629,123,3,0
98,630,97,1,2
98,631,97,1,2
98,636,123,3,0
98,637,73,0,3
98,650,73,0,3
98,651,123,3,0
98,652,123,3,0
98,654,73,0,3
98,657,73,0,3
98,658,97,1,2
98,660,73,0,3
98,666,123,3,0
98,673,97,1,2
98,677,123,3,0
98,680,97,1,2
98,681,123,3,0
98,682,123,3,0
98,683,123,3,0
98,684,97,1,2
98,687,123,3,0
98,689,97,1,2
98,690,99,2,1
98,691,97,1,2
98,696,73,0,3
98,697,123,3,0
98,700,73,0,3
98,704,97,1,2
98,705,123,3,0
98,709,123,3,0
98,711,99,2,1
98,715,123,3,0
98,717,97,1,2
98,719,123,3,0
98,724,97,1,2
99,626,124,3,0
99,629,124,3,0
99,630,98,1,2
99,631,98,1,2
99,637,74,0,3
99,650,74,0,3
99,651,124,3,0
99,654,74,0,3
99,660,74,0,3
99,666,124,3,0
99,673,98,1,2
99,677,124,3,0
99,680,98,1,2
99,681,124,3,0
99,682,124,3,0
99,683,124,3,0
99,684,98,1,2
99,687,124,3,0
99,690,75,2,3
99,691,98,1,2
99,696,74,0,3
99,700,74,0,3
99,704,98,1,2
99,705,124,3,0
99,709,124,3,0
99,711,75,2,3
99,715,124,3,0
99,717,98,1,2
99,719,124,3,0
99,724,98,1,2
100,626,125,2,0
100,630,124,3,2
100,631,101,1,1
100,650,75,0,2
100,666,125,2,0
100,673,101,1,1
100,677,125,2,0
100,680,124,3,2
100,681,125,2,0
100,684,124,3,2
100,690,75,0,2
100,691,124,3,2
100,700,75,0,2
100,704,101,1,1
100,711,75,0,2
100,715,125,2,0
100,719,125,2,0
101,626,126,3,0
101,630,100,1,1
101,650,76,0,3
101,681,126,3,0
101,690,76,0,3
101,691,100,1,1
101,711,76,0,3
101,719,126,3,0
102,630,101,1,2
102,711,77,0,3
103,626,128,3,0
103,630,104,2,1
103,650,78,0,3
103,690,102,1,2
103,691,104,2,1
103,711,78,0,3
103,719,128,3,0
104,626,129,3,0
104,630,105,2,1
104,631,105,2,1
104,650,79,0,3
104,666,129,3,0
104,673,105,2,1
104,677,129,3,0
104,681,129,3,0
104,684,105,2,1
104,690,79,0,3
104,691,105,2,1
104,700,79,0,3
104,704,105,2,1
104,711,79,0,3
104,715,129,3,0
104,719,129,3,0
105,626,130,3,0
105,630,106,2,1
105,631,106,2,1
105,637,130,3,0
105,650,80,0,3
105,651,130,3,0
105,660,80,0,3
105,666,130,3,0
105,673,106,2,1
105,677,130,3,0
105,680,106,2,1
105,681,130,3,0
105,682,130,3,0
105,683,130,3,0
105,684,106,2,1
105,690,80,0,3
105,691,106,2,1
105,696,80,0,3
105,700,80,0,3
105,704,106,2,1
105,705,130,3,0
105,709,130,3,0
105,711,80,0,3
105,715,130,3,0
105,717,106,2,1
105,719,130,3,0
105,724,106,2,1
106,626,131,3,0
106,629,131,3,0
106,630,107,2,1
106,631,107,2,1
106,636,131,3,0
106,637,131,3,0
106,650,81,0,3
106,651,131,3,0
106,652,131,3,0
106,654,81,0,3
106,657,81,0,3
106,658,107,2,1
106,660,81,0,3
106,666,131,3,0
106,673,107,2,1
106,677,131,3,0
106,680,107,2,1
106,681,131,3,0
106,682,131,3,0
106,683,131,3,0
106,684,107,2,1
106,687,131,3,0
106,689,107,2,1
106,690,81,0,3
106,691,107,2,1
106,696,81,0,3
106,697,131,3,0
106,700,81,0,3
106,704,107,2,1
106,705,131,3,0
106,709,131,3,0
106,711,81,0,3
106,715,131,3,0
106,717,107,2,1
106,719,131,3,0
106,724,107,2,1
107,626,132,3,0
107,629,132,3,0
107,630,108,2,1
107,631,108,2,1
107,637,132,3,0
107,638,82,0,3
107,650,82,0,3
107,651,132,3,0
107,652,132,3,0
107,654,82,0,3
107,657,82,0,3
107,658,108,2,1
107,660,82,0,3
107,666,132,3,0
107,673,108,2,1
107,677,132,3,0
107,680,108,2,1
107,681,132,3,0
107,682,132,3,0
107,683,132,3,0
107,684,108,2,1
107,685,108,2,1
107,687,132,3,0
107,689,108,2,1
107,690,82,0,3
107,691,108,2,1
107,692,132,3,0
107,694,132,3,0
107,696,82,0,3
107,697,132,3,0
107,700,82,0,3
107,704,108,2,1
107,705,132,3,0
107,709,132,3,0
107,711,82,0,3
107,715,132,3,0
107,717,108,2,1
107,719,132,3,0
107,724,108,2,1
108,626,133,3,0
108,630,83,0,3
108,631,133,3,0
108,638,83,0,3
108,650,83,0,3
108,651,133,3,0
108,658,133,3,0
108,666,133,3,0
108,673,83,0,3
108,677,133,3,0
108,681,133,3,0
108,682,133,3,0
108,684,133,3,0
108,689,83,0,3
108,690,83,0,3
108,691,83,0,3
108,692,133,3,0
108,694,133,3,0
108,705,133,3,0
108,711,83,0,3
108,712,109,2,1
108,715,133,3,0
108,717,83,0,3
108,719,133,3,0
109,626,108,1,2
109,629,108,1,2
109,630,84,0,3
109,631,134,3,0
109,637,108,1,2
109,638,108,1,2
109,646,108,1,2
109,650,108,1,2
109,651,108,1,2
109,652,108,1,2
109,654,108,1,2
109,657,108,1,2
109,658,134,3,0
109,660,108,1,2
109,664,108,1,2
109,666,108,1,2
109,672,108,1,2
109,673,84,0,3
109,677,108,1,2
109,680,134,3,0
109,681,108,1,2
109,682,108,1,2
109,683,108,1,2
109,684,134,3,0
109,685,134,3,0
109,687,108,1,2
109,689,84,0,3
109,690,108,1,2
109,691,84,0,3
109,694,108,1,2
109,696,108,1,2
109,697,108,1,2
109,700,108,1,2
109,701,84,0,3
109,704,134,3,0
109,705,108,1,2
109,709,108,1,2
109,711,108,1,2
109,712,712,91,0
109,715,108,1,2
109,716,108,1,2
109,717,84,0,3
109,719,108,1,2
109,724,134,3,0
110,626,109,1,2
110,629,109,1,2
110,630,85,0,3
110,631,135,3,0
110,637,109,1,2
110,638,109,1,2
110,650,109,1,2
110,651,109,1,2
110,652,109,1,2
110,654,109,1,2
110,657,109,1,2
110,658,135,3,0
110,660,109,1,2
110,666,109,1,2
110,673,85,0,3
110,677,109,1,2
110,680,135,3,0
110,681,109,1,2
110,682,109,1,2
110,683,109,1,2
110,684,135,3,0
110,685,135,3,0
110,687,109,1,2
110,689,85,0,3
110,690,109,1,2
110,691,85,0,3
110,694,109,1,2
110,696,109,1,2
110,697,109,1,2
110,700,109,1,2
110,704,135,3,0
110,705,109,1,2
110,709,109,1,2
110,711,109,1,2
110,715,109,1,2
110,717,85,0,3
110,719,109,1,2
110,724,135,3,0
111,626,110,1,2
111,629,110,1,2
111,630,86,0,3
111,631,136,3,0
111,637,110,1,2
111,650,110,1,2
111,651,110,1,2
111,652,110,1,2
111,654,110,1,2
111,657,110,1,2
111,658,136,3,0
111,660,110,1,2
111,666,110,1,2
111,673,86,0,3
111,677,110,1,2
111,680,136,3,0
111,681,110,1,2
111,682,110,1,2
111,683,110,1,2
111,684,136,3,0
111,687,110,1,2
111,689,86,0,3
111,690,110,1,2
111,691,86,0,3
111,696,110,1,2
111,697,110,1,2
111,700,110,1,2
111,704,136,3,0
111,705,110,1,2
111,709,110,1,2
111,711,110,1,2
111,715,110,1,2
111,717,86,0,3
111,719,110,1,2
111,724,136,3,0
112,626,111,1,2
112,630,87,0,3
112,631,137,3,0
112,637,111,1,2
112,650,111,1,2
112,651,111,1,2
112,660,111,1,2
112,666,111,1,2
112,673,87,0,3
112,677,111,1,2
112,680,137,3,0
112,681,111,1,2
112,682,111,1,2
112,683,111,1,2
112,684,137,3,0
112,690,111,1,2
112,691,87,0,3
112,700,111,1,2
112,704,137,3,0
112,705,111,1,2
112,709,111,1,2
112,711,111,1,2
112,715,111,1,2
112,717,87,0,3
112,719,111,1,2
112,724,137,3,0
113,626,112,1,2
113,630,88,0,3
113,650,112,1,2
113,666,112,1,2
113,677,112,1,2
113,681,112,1,2
113,684,138,3,0
113,690,112,1,2
113,691,88,0,3
113,711,112,1,2
113,715,112,1,2
113,719,112,1,2
114,626,113,1,2
114,630,89,0,3
114,650,113,1,2
114,690,115,2,1
114,691,89,0,3
114,711,113,1,2
114,719,113,1,2
115,630,90,0,3
115,690,116,2,1
115,711,116,2,1
116,626,117,2,1
116,630,91,0,3
116,650,117,2,1
116,681,117,2,1
116,690,117,2,1
116,691,91,0,3
116,711,117,2,1
116,719,117,2,1
117,626,118,2,1
117,630,92,0,3
117,631,116,1,2
117,650,118,2,1
117,666,118,2,1
117,673,116,1,2
117,677,118,2,1
117,680,142,3,0
117,681,118,2,1
117,684,142,3,0
117,690,118,2,1
117,691,92,0,3
117,700,118,2,1
117,704,116,1,2
117,711,118,2,1
117,715,118,2,1
117,719,118,2,1
118,626,119,2,1
118,629,119,2,1
118,630,93,0,3
118,631,143,3,0
118,637,119,2,1
118,650,119,2,1
118,651,119,2,1
118,654,119,2,1
118,660,119,2,1
118,666,119,2,1
118,673,93,0,3
118,677,119,2,1
118,680,143,3,0
118,681,119,2,1
118,682,119,2,1
118,683,119,2,1
118,684,143,3,0
118,687,119,2,1
118,690,119,2,1
118,691,93,0,3
118,696,119,2,1
118,700,119,2,1
118,704,143,3,0
118,705,119,2,1
118,709,119,2,1
118,711,119,2,1
118,715,119,2,1
118,717,93,0,3
118,719,119,2,1
118,724,143,3,0
119,626,120,2,1
119,629,120,2,1
119,630,94,0,3
119,631,144,3,0
119,636,120,2,1
119,637,120,2,1
119,650,120,2,1
119,651,120,2,1
119,652,120,2,1
119,654,120,2,1
119,657,120,2,1
119,658,144,3,0
119,660,120,2,1
119,666,120,2,1
119,673,94,0,3
119,677,120,2,1
119,680,144,3,0
119,681,120,2,1
119,682,120,2,1
119,683,120,2,1
119,684,144,3,0
119,687,120,2,1
119,689,94,0,3
119,690,120,2,1
119,691,94,0,3
119,696,120,2,1
119,697,120,2,1
119,700,120,2,1
119,704,144,3,0
119,705,120,2,1
119,709,120,2,1
119,711,120,2,1
119,715,120,2,1
119,717,94,0,3
119,719,120,2,1
119,724,144,3,0
120,626,121,2,1
120,629,121,2,1
120,630,95,0,3
120,631,145,3,0
120,637,121,2,1
120,638,121,2,1
120,650,121,2,1
120,651,121,2,1
120,652,121,2,1
120,654,121,2,1
120,657,121,2,1
120,658,145,3,0
120,660,121,2,1
120,666,121,2,1
120,673,95,0,3
120,677,121,2,1
120,680,145,3,0
120,681,121,2,1
120,682,121,2,1
120,683,121,2,1
120,684,145,3,0
120,685,145,3,0
120,687,121,2,1
120,689,95,0,3
120,690,121,2,1
120,691,95,0,3
120,692,121,2,1
120,694,121,2,1
120,696,121,2,1
120,697,121,2,1
120,700,121,2,1
120,704,145,3,0
120,705,121,2,1
120,709,121,2,1
120,711,121,2,1
120,715,121,2,1
120,717,95,0,3
120,719,121,2,1
120,724,145,3,0
121,626,146,3,0
121,630,96,0,3
121,631,146,3,0
121,638,96,0,3
121,646,122,2,1
121,650,96,0,3
121,651,146,3,0
121,655,122,2,1
121,658,146,3,0
121,664,122,2,1
121,666,146,3,0
121,672,122,2,1
121,673,96,0,3
121,677,146,3,0
121,681,146,3,0
121,682,146,3,0
121,684,146,3,0
121,689,96,0,3
121,690,96,0,3
121,691,96,0,3
121,692,146,3,0
121,694,146,3,0
121,705,146,3,0
121,711,96,0,3
121,712,120,1,2
121,715,146,3,0
121,716,122,2,1
121,717,96,0,3
121,719,146,3,0
121,721,122,2,1
122,626,147,3,0
122,629,147,3,0
122,630,121,1,2
122,631,121,1,2
122,637,147,3,0
122,638,97,0,3
122,650,97,0,3
122,651,147,3,0
122,652,147,3,0
122,654,97,0,3
122,657,97,0,3
122,658,121,1,2
122,660,97,0,3
122,666,147,3,0
122,673,121,1,2
122,677,147,3,0
122,680,121,1,2
122,681,147,3,0
122,682,147,3,0
122,683,147,3,0
122,684,121,1,2
122,685,121,1,2
122,687,147,3,0
122,689,121,1,2
122,690,97,0,3
122,691,121,1,2
122,692,147,3,0
122,694,147,3,0
122,696,97,0,3
122,697,147,3,0
122,700,97,0,3
122,704,121,1,2
122,705,147,3,0
122,709,147,3,0
122,711,97,0,3
122,715,147,3,0
122,717,121,1,2
122,719,147,3,0
122,724,121,1,2
123,626,148,3,0
123,629,148,3,0
123,630,122,1,2
123,631,122,1,2
123,636,148,3,0
123,637,148,3,0
123,650,98,0,3
123,651,148,3,0
123,652,148,3,0
123,654,98,0,3
123,657,98,0,3
123,658,122,1,2
123,660,98,0,3
123,666,148,3,0
123,673,122,1,2
123,677,148,3,0
123,680,122,1,2
123,681,148,3,0
123,682,148,3,0
123,683,148,3,0
123,684,122,1,2
123,687,148,3,0
123,689,122,1,2
123,690,98,0,3
123,691,122,1,2
123,696,98,0,3
123,697,148,3,0
123,700,98,0,3
123,704,122,1,2
123,705,148,3,0
123,709,148,3,0
123,711,98,0,3
123,715,148,3,0
123,717,122,1,2
123,719,148,3,0
123,724,122,1,2
124,626,149,3,0
124,629,149,3,0
124,630,123,1,2
124,631,123,1,2
124,637,149,3,0
124,650,99,0,3
124,651,149,3,0
124,654,99,0,3
124,660,99,0,3
124,666,149,3,0
124,673,123,1,2
124,677,149,3,0
124,680,123,1,2
124,681,149,3,0
124,682,149,3,0
124,683,149,3,0
124,684,123,1,2
124,687,149,3,0
124,690,99,0,3
124,691,123,1,2
124,696,99,0,3
124,700,99,0,3
124,704,123,1,2
124,705,149,3,0
124,709,149,3,0
124,711,99,0,3
124,715,149,3,0
124,717,123,1,2
124,719,149,3,0
124,724,123,1,2
125,626,150,2,0
125,630,149,3,2
125,631,126,1,1
125,650,100,0,2
125,666,150,2,0
125,673,126,1,1
125,677,150,2,0
125,680,149,3,2
125,681,150,2,0
125,684,149,3,2
125,690,100,0,2
125,691,149,3,2
125,700,100,0,2
125,704,126,1,1
125,711,100,0,2
125,715,150,2,0
125,719,150,2,0
126,626,151,3,0
126,630,125,1,1
126,650,101,0,3
126,681,151,3,0
126,690,101,0,3
126,691,125,1,1
126,711,101,0,3
126,719,151,3,0
127,630,126,1,2
127,711,102,0,3
128,626,153,3,0
128,630,129,2,1
128,650,103,0,3
128,690,127,1,2
128,691,129,2,1
128,711,103,0,3
128,719,153,3,0
129,626,154,3,0
129,630,130,2,1
129,631,130,2,1
129,650,104,0,3
129,666,154,3,0
129,673,130,2,1
129,677,154,3,0
129,681,154,3,0
129,684,130,2,1
129,690,104,0,3
129,691,130,2,1
129,700,104,0,3
129,704,130,2,1
129,711,104,0,3
129,715,154,3,0
129,719,154,3,0
130,626,155,3,0
130,630,131,2,1
130,631,131,2,1
130,637,155,3,0
130,650,105,0,3
130,651,651,30,0
130,660,105,0,3
130,666,155,3,0
130,673,131,2,1
130,677,155,3,0
130,680,131,2,1
130,681,155,3,0
130,682,155,3,0
130,683,155,3,0
130,684,131,2,1
130,690,105,0,3
130,691,131,2,1
130,696,105,0,3
130,700,105,0,3
130,704,131,2,1
130,705,155,3,0
130,709,155,3,0
130,711,105,0,3
130,715,155,3,0
130,717,131,2,1
130,719,155,3,0
130,724,131,2,1
131,626,156,3,0
131,629,130,1,2
131,630,132,2,1
131,631,132,2,1
131,636,156,3,0
131,637,156,3,0
131,650,106,0,3
131,651,130,1,2
131,652,156,3,0
131,654,106,0,3
131,657,106,0,3
131,658,132,2,1
131,660,106,0,3
131,666,156,3,0
131,673,132,2,1
131,677,156,3,0
131,680,132,2,1
131,681,156,3,0
131,682,156,3,0
131,683,156,3,0
131,684,132,2,1
131,687,156,3,0
131,689,132,2,1
131,690,106,0,3
131,691,132,2,1
131,696,106,0,3
131,697,156,3,0
131,700,106,0,3
131,704,132,2,1
131,705,156,3,0
131,709,156,3,0
131,711,106,0,3
131,715,156,3,0
131,717,132,2,1
131,719,156,3,0
131,724,132,2,1
132,626,157,3,0
132,629,131,1,2
132,630,133,2,1
132,631,133,2,1
132,637,157,3,0
132,638,107,0,3
132,650,107,0,3
132,651,131,1,2
132,652,157,3,0
132,654,107,0,3
132,657,107,0,3
132,658,133,2,1
132,660,107,0,3
132,666,157,3,0
132,673,133,2,1
132,677,157,3,0
132,680,133,2,1
132,681,157,3,0
132,682,157,3,0
132,683,157,3,0
132,684,133,2,1
132,685,133,2,1
132,687,157,3,0
132,689,133,2,1
132,690,107,0,3
132,691,133,2,1
132,692,692,71,0
132,694,157,3,0
132,696,107,0,3
132,697,157,3,0
132,700,107,0,3
132,704,133,2,1
132,705,157,3,0
132,709,157,3,0
132,711,107,0,3
132,715,157,3,0
132,717,133,2,1
132,719,157,3,0
132,724,133,2,1
133,626,158,3,0
133,629,132,1,2
133,630,108,0,3
133,631,158,3,0
133,638,108,0,3
133,650,108,0,3
133,651,132,1,2
133,658,158,3,0
133,660,108,0,3
133,664,158,3,0
133,666,158,3,0
133,673,108,0,3
133,677,158,3,0
133,680,158,3,0
133,681,158,3,0
133,682,158,3,0
133,684,158,3,0
133,689,108,0,3
133,690,108,0,3
133,691,108,0,3
133,692,132,1,2
133,694,158,3,0
133,696,108,0,3
133,700,108,0,3
133,704,134,2,1
133,705,158,3,0
133,709,158,3,0
133,711,108,0,3
133,712,108,0,3
133,715,158,3,0
133,717,108,0,3
133,719,158,3,0
133,724,134,2,1
134,626,133,1,2
134,629,133,1,2
134,630,109,0,3
134,631,159,3,0
134,637,133,1,2
134,638,133,1,2
134,646,133,1,2
134,650,133,1,2
134,651,133,1,2
134,652,133,1,2
134,654,133,1,2
134,657,133,1,2
134,658,159,3,0
134,660,133,1,2
134,664,133,1,2
134,666,133,1,2
134,672,133,1,2
134,673,109,0,3
134,677,133,1,2
134,680,159,3,0
134,681,133,1,2
134,682,133,1,2
134,683,133,1,2
134,684,159,3,0
134,685,159,3,0
134,687,133,1,2
134,689,109,0,3
134,690,133,1,2
134,691,109,0,3
134,694,133,1,2
134,696,133,1,2
134,697,133,1,2
134,700,133,1,2
134,701,109,0,3
134,704,135,2,1
134,705,133,1,2
134,709,133,1,2
134,711,133,1,2
134,712,109,0,3
134,715,133,1,2
134,716,133,1,2
134,717,109,0,3
134,719,133,1,2
134,724,135,2,1
135,626,134,1,2
135,629,134,1,2
135,630,110,0,3
135,631,160,3,0
135,637,134,1,2
135,638,134,1,2
135,650,134,1,2
135,651,134,1,2
135,652,134,1,2
135,654,134,1,2
135,657,134,1,2
135,658,160,3,0
135,660,134,1,2
135,666,134,1,2
135,673,110,0,3
135,677,134,1,2
135,680,160,3,0
135,681,134,1,2
135,682,134,1,2
135,683,134,1,2
135,684,160,3,0
135,685,160,3,0
135,687,134,1,2
135,689,110,0,3
135,690,134,1,2
135,691,110,0,3
135,694,134,1,2
135,696,134,1,2
135,697,134,1,2
135,700,134,1,2
135,704,136,2,1
135,705,134,1,2
135,709,134,1,2
135,711,134,1,2
135,715,134,1,2
135,717,110,0,3
135,719,134,1,2
135,724,136,2,1
136,626,135,1,2
136,629,135,1,2
136,630,111,0,3
136,631,161,3,0
136,637,135,1,2
136,650,135,1,2
136,651,135,1,2
136,652,135,1,2
136,654,135,1,2
136,657,135,1,2
136,658,161,3,0
136,660,135,1,2
136,666,135,1,2
136,673,111,0,3
136,677,135,1,2
136,680,161,3,0
136,681,135,1,2
136,682,135,1,2
136,683,135,1,2
136,684,161,3,0
136,687,135,1,2
136,689,111,0,3
136,690,135,1,2
136,691,111,0,3
136,696,135,1,2
136,697,135,1,2
136,700,135,1,2
136,704,137,2,1
136,705,135,1,2
136,709,135,1,2
136,711,135,1,2
136,715,135,1,2
136,717,111,0,3
136,719,135,1,2
136,724,137,2,1
137,626,136,1,2
137,630,112,0,3
137,631,162,3,0
137,637,136,1,2
137,650,136,1,2
137,651,136,1,2
137,660,136,1,2
137,666,136,1,2
137,673,112,0,3
137,677,136,1,2
137,680,162,3,0
137,681,136,1,2
137,682,136,1,2
137,683,136,1,2
137,684,162,3,0
137,690,136,1,2
137,691,112,0,3
137,700,136,1,2
137,704,704,83,0
137,705,136,1,2
137,709,136,1,2
137,711,136,1,2
137,715,136,1,2
137,717,112,0,3
137,719,136,1,2
137,724,724,103,0
138,626,137,1,2
138,630,113,0,3
138,650,137,1,2
138,666,137,1,2
138,677,137,1,2
138,681,137,1,2
138,684,163,3,0
138,690,137,1,2
138,691,113,0,3
138,711,137,1,2
138,715,137,1,2
138,719,137,1,2
139,626,138,1,2
139,630,114,0,3
139,650,138,1,2
139,690,140,2,1
139,691,114,0,3
139,711,138,1,2
139,719,138,1,2
140,630,115,0,3
140,690,141,2,1
140,711,141,2,1
141,626,142,2,1
141,630,116,0,3
141,650,142,2,1
141,681,142,2,1
141,690,142,2,1
141,691,116,0,3
141,711,142,2,1
141,719,142,2,1
142,626,143,2,1
142,630,117,0,3
142,631,141,1,2
142,650,143,2,1
142,666,143,2,1
142,673,141,1,2
142,677,143,2,1
142,680,167,3,0
142,681,143,2,1
142,684,167,3,0
142,690,143,2,1
142,691,117,0,3
142,700,143,2,1
142,704,141,1,2
142,711,143,2,1
142,715,143,2,1
142,719,143,2,1
143,626,144,2,1
143,629,144,2,1
143,630,118,0,3
143,631,168,3,0
143,637,144,2,1
143,650,144,2,1
143,651,144,2,1
143,654,144,2,1
143,660,144,2,1
143,666,144,2,1
143,673,118,0,3
143,677,144,2,1
143,680,168,3,0
143,681,144,2,1
143,682,144,2,1
143,683,144,2,1
143,684,168,3,0
143,687,144,2,1
143,690,144,2,1
143,691,118,0,3
143,696,144,2,1
143,700,144,2,1
143,704,142,1,2
143,705,144,2,1
143,709,144,2,1
143,711,144,2,1
143,715,144,2,1
143,717,118,0,3
143,719,144,2,1
143,724,142,1,2
144,626,145,2,1
144,629,145,2,1
144,630,119,0,3
144,631,169,3,0
144,636,145,2,1
144,637,145,2,1
144,650,145,2,1
144,651,145,2,1
144,652,145,2,1
144,654,145,2,1
144,657,145,2,1
144,658,169,3,0
144,660,145,2,1
144,666,145,2,1
144,673,119,0,3
144,677,145,2,1
144,680,169,3,0
144,681,145,2,1
144,682,145,2,1
144,683,145,2,1
144,684,169,3,0
144,687,145,2,1
144,689,119,0,3
144,690,145,2,1
144,691,119,0,3
144,696,145,2,1
144,697,145,2,1
144,700,145,2,1
144,704,143,1,2
144,705,145,2,1
144,709,145,2,1
144,711,145,2,1
144,715,145,2,1
144,717,119,0,3
144,719,145,2,1
144,724,143,1,2
145,626,146,2,1
145,629,146,2,1
145,630,120,0,3
145,631,170,3,0
145,637,146,2,1
145,638,146,2,1
145,650,146,2,1
145,651,146,2,1
145,652,146,2,1
145,654,146,2,1
145,657,146,2,1
145,658,170,3,0
145,660,146,2,1
145,666,146,2,1
145,673,120,0,3
145,677,146,2,1
145,680,170,3,0
145,681,146,2,1
145,682,146,2,1
145,683,146,2,1
145,684,170,3,0
145,685,170,3,0
145,687,146,2,1
145,689,120,0,3
145,690,146,2,1
145,691,120,0,3
145,692,146,2,1
145,694,146,2,1
145,696,146,2,1
145,697,146,2,1
145,700,146,2,1
145,704,144,1,2
145,705,146,2,1
145,709,146,2,1
145,711,146,2,1
145,715,146,2,1
145,717,120,0,3
145,719,146,2,1
145,724,144,1,2
146,626,171,3,0
146,629,147,2,1
146,630,121,0,3
146,631,171,3,0
146,638,121,0,3
146,646,147,2,1
146,650,121,0,3
146,651,147,2,1
146,655,147,2,1
146,658,171,3,0
146,660,121,0,3
146,664,147,2,1
146,666,171,3,0
146,672,147,2,1
146,673,121,0,3
146,677,171,3,0
146,680,171,3,0
146,681,171,3,0
146,682,171,3,0
146,684,171,3,0
146,689,121,0,3
146,690,121,0,3
146,691,121,0,3
146,692,147,2,1
146,694,171,3,0
146,696,121,0,3
146,700,121,0,3
146,704,145,1,2
146,705,171,3,0
146,706,147,2,1
146,709,171,3,0
146,711,121,0,3
146,712,121,0,3
146,715,171,3,0
146,716,147,2,1
146,717,121,0,3
146,719,171,3,0
146,724,145,1,2
147,626,172,3,0
147,629,148,2,1
147,630,146,1,2
147,631,146,1,2
147,637,172,3,0
147,638,122,0,3
147,650,122,0,3
147,651,148,2,1
147,652,172,3,0
147,654,122,0,3
147,657,122,0,3
147,658,146,1,2
147,660,122,0,3
147,666,172,3,0
147,673,146,1,2
147,677,172,3,0
147,680,146,1,2
147,681,172,3,0
147,682,172,3,0
147,683,172,3,0
147,684,146,1,2
147,685,146,1,2
147,687,172,3,0
147,689,146,1,2
147,690,122,0,3
147,691,146,1,2
147,694,172,3,0
147,696,122,0,3
147,697,172,3,0
147,700,122,0,3
147,704,146,1,2
147,705,172,3,0
147,709,172,3,0
147,711,122,0,3
147,715,172,3,0
147,717,146,1,2
147,719,172,3,0
147,724,146,1,2
148,626,173,3,0
148,629,149,2,1
148,630,147,1,2
148,631,147,1,2
148,636,173,3,0
148,637,173,3,0
148,650,123,0,3
148,651,149,2,1
148,652,173,3,0
148,654,123,0,3
148,657,123,0,3
148,658,147,1,2
148,660,123,0,3
148,666,173,3,0
148,673,147,1,2
148,677,173,3,0
148,680,147,1,2
148,681,173,3,0
148,682,173,3,0
148,683,173,3,0
148,684,147,1,2
148,687,173,3,0
148,689,147,1,2
148,690,123,0,3
148,691,147,1,2
148,696,123,0,3
148,697,173,3,0
148,700,123,0,3
148,704,147,1,2
148,705,173,3,0
148,709,173,3,0
148,711,123,0,3
148,715,173,3,0
148,717,147,1,2
148,719,173,3,0
148,724,147,1,2
149,626,174,3,0
149,629,629,8,0
149,630,148,1,2
149,631,148,1,2
149,637,174,3,0
149,650,124,0,3
149,651,125,2,3
149,654,124,0,3
149,660,124,0,3
149,666,174,3,0
149,673,148,1,2
149,677,174,3,0
149,680,148,1,2
149,681,174,3,0
149,682,174,3,0
149,683,174,3,0
149,684,148,1,2
149,687,174,3,0
149,690,124,0,3
149,691,148,1,2
149,696,124,0,3
149,700,124,0,3
149,704,148,1,2
149,705,174,3,0
149,709,174,3,0
149,711,124,0,3
149,715,174,3,0
149,717,148,1,2
149,719,174,3,0
149,724,148,1,2
150,626,175,2,0
150,630,174,3,2
150,631,151,1,1
150,650,125,0,2
150,666,175,2,0
150,673,151,1,1
150,677,175,2,0
150,680,174,3,2
150,681,175,2,0
150,684,174,3,2
150,690,125,0,2
150,691,174,3,2
150,700,125,0,2
150,704,151,1,1
150,711,125,0,2
150,715,175,2,0
150,719,175,2,0
151,626,176,3,0
151,630,150,1,1
151,650,126,0,3
151,681,176,3,0
151,690,126,0,3
151,691,150,1,1
151,711,126,0,3
151,719,176,3,0
152,630,151,1,2
152,711,127,0,3
153,626,178,3,0
153,630,154,2,1
153,650,128,0,3
153,690,152,1,2
153,691,154,2,1
153,711,128,0,3
153,719,178,3,0
154,626,179,3,0
154,630,155,2,1
154,631,155,2,1
154,650,129,0,3
154,666,179,3,0
154,673,155,2,1
154,677,179,3,0
154,681,179,3,0
154,684,155,2,1
154,690,129,0,3
154,691,155,2,1
154,700,129,0,3
154,704,155,2,1
154,711,129,0,3
154,715,179,3,0
154,719,179,3,0
155,626,180,3,0
155,630,156,2,1
155,631,156,2,1
155,637,180,3,0
155,650,130,0,3
155,651,130,0,3
155,660,130,0,3
155,666,180,3,0
155,673,156,2,1
155,677,180,3,0
155,680,156,2,1
155,681,180,3,0
155,682,180,3,0
155,683,180,3,0
155,684,156,2,1
155,690,130,0,3
155,691,156,2,1
155,696,130,0,3
155,700,130,0,3
155,704,156,2,1
155,705,180,3,0
155,709,180,3,0
155,711,130,0,3
155,715,180,3,0
155,717,156,2,1
155,719,180,3,0
155,724,156,2,1
156,626,181,3,0
156,629,131,0,3
156,630,157,2,1
156,631,157,2,1
156,636,181,3,0
156,637,181,3,0
156,650,131,0,3
156,651,131,0,3
156,652,181,3,0
156,654,181,3,0
156,657,131,0,3
156,658,157,2,1
156,660,131,0,3
156,666,181,3,0
156,673,157,2,1
156,677,181,3,0
156,680,157,2,1
156,681,181,3,0
156,682,181,3,0
156,683,181,3,0
156,684,157,2,1
156,687,155,1,2
156,689,157,2,1
156,690,131,0,3
156,691,157,2,1
156,696,131,0,3
156,697,181,3,0
156,700,131,0,3
156,704,157,2,1
156,705,181,3,0
156,709,181,3,0
156,711,131,0,3
156,715,181,3,0
156,717,157,2,1
156,719,181,3,0
156,724,157,2,1
157,626,182,3,0
157,629,132,0,3
157,630,158,2,1
157,631,158,2,1
157,637,182,3,0
157,638,132,0,3
157,650,132,0,3
157,651,132,0,3
157,652,182,3,0
157,654,182,3,0
157,657,132,0,3
157,658,158,2,1
157,660,132,0,3
157,666,182,3,0
157,673,158,2,1
157,677,182,3,0
157,680,158,2,1
157,681,182,3,0
157,682,182,3,0
157,683,182,3,0
157,684,158,2,1
157,685,158,2,1
157,687,156,1,2
157,689,158,2,1
157,690,132,0,3
157,691,158,2,1
157,692,132,0,3
157,694,694,73,0
157,696,132,0,3
157,697,182,3,0
157,700,132,0,3
157,704,158,2,1
157,705,182,3,0
157,709,182,3,0
157,711,132,0,3
157,715,182,3,0
157,717,158,2,1
157,719,182,3,0
157,724,158,2,1
158,626,183,3,0
158,629,133,0,3
158,630,133,0,3
158,631,183,3,0
158,638,133,0,3
158,650,133,0,3
158,652,183,3,0
158,654,183,3,0
158,657,133,0,3
158,658,183,3,0
158,660,133,0,3
158,664,664,43,0
158,666,183,3,0
158,672,183,3,0
158,673,133,0,3
158,677,183,3,0
158,680,183,3,0
158,681,183,3,0
158,682,183,3,0
158,683,183,3,0
158,684,183,3,0
158,687,157,1,2
158,690,133,0,3
158,691,133,0,3
158,694,157,1,2
158,696,133,0,3
158,700,133,0,3
158,704,133,0,3
158,705,183,3,0
158,709,183,3,0
158,711,133,0,3
158,712,133,0,3
158,715,183,3,0
158,717,133,0,3
158,719,183,3,0
158,724,133,0,3
159,626,158,1,2
159,629,158,1,2
159,630,134,0,3
159,631,184,3,0
159,637,158,1,2
159,638,158,1,2
159,646,158,1,2
159,650,158,1,2
159,651,158,1,2
159,652,158,1,2
159,654,158,1,2
159,657,158,1,2
159,658,184,3,0
159,660,158,1,2
159,664,158,1,2
159,666,158,1,2
159,672,158,1,2
159,673,134,0,3
159,677,158,1,2
159,680,184,3,0
159,681,158,1,2
159,682,158,1,2
159,683,158,1,2
159,684,184,3,0
159,685,184,3,0
159,687,158,1,2
159,689,134,0,3
159,690,158,1,2
159,691,134,0,3
159,694,158,1,2
159,696,158,1,2
159,697,158,1,2
159,700,158,1,2
159,701,134,0,3
159,704,134,0,3
159,705,158,1,2
159,709,158,1,2
159,711,158,1,2
159,712,134,0,3
159,715,158,1,2
159,716,158,1,2
159,717,134,0,3
159,719,158,1,2
159,724,134,0,3
160,626,159,1,2
160,629,159,1,2
160,630,135,0,3
160,631,185,3,0
160,637,159,1,2
160,638,159,1,2
160,650,159,1,2
160,651,159,1,2
160,652,159,1,2
160,654,159,1,2
160,657,159,1,2
160,658,185,3,0
160,660,159,1,2
160,666,159,1,2
160,673,135,0,3
160,677,159,1,2
160,680,185,3,0
160,681,159,1,2
160,682,159,1,2
160,683,159,1,2
160,684,185,3,0
160,685,185,3,0
160,687,159,1,2
160,689,135,0,3
160,690,159,1,2
160,691,135,0,3
160,694,159,1,2
160,696,159,1,2
160,697,159,1,2
160,700,159,1,2
160,704,135,0,3
160,705,159,1,2
160,709,159,1,2
160,711,159,1,2
160,715,159,1,2
160,717,135,0,3
160,719,159,1,2
160,724,135,0,3
161,626,160,1,2
161,629,160,1,2
161,630,136,0,3
161,631,186,3,0
161,637,160,1,2
161,650,160,1,2
161,651,160,1,2
161,652,160,1,2
161,654,160,1,2
161,657,160,1,2
161,658,186,3,0
161,660,160,1,2
161,666,160,1,2
161,673,136,0,3
161,677,160,1,2
161,680,186,3,0
161,681,160,1,2
161,682,160,1,2
161,683,160,1,2
161,684,186,3,0
161,687,160,1,2
161,689,136,0,3
161,690,160,1,2
161,691,136,0,3
161,696,160,1,2
161,697,160,1,2
161,700,160,1,2
161,704,136,0,3
161,705,160,1,2
161,709,160,1,2
161,711,160,1,2
161,715,160,1,2
161,717,136,0,3
161,719,160,1,2
161,724,136,0,3
162,626,161,1,2
162,630,137,0,3
162,631,187,3,0
162,637,161,1,2
162,650,161,1,2
162,651,161,1,2
162,660,161,1,2
162,666,161,1,2
162,673,137,0,3
162,677,161,1,2
162,680,187,3,0
162,681,161,1,2
162,682,161,1,2
162,683,161,1,2
162,684,187,3,0
162,690,161,1,2
162,691,137,0,3
162,700,161,1,2
162,704,137,0,3
162,705,161,1,2
162,709,161,1,2
162,711,161,1,2
162,715,161,1,2
162,717,137,0,3
162,719,161,1,2
162,724,137,0,3
163,626,162,1,2
163,630,138,0,3
163,650,162,1,2
163,666,162,1,2
163,677,162,1,2
163,681,162,1,2
163,684,188,3,0
163,690,162,1,2
163,691,138,0,3
163,711,162,1,2
163,715,162,1,2
163,719,162,1,2
164,626,163,1,2
164,630,139,0,3
164,650,163,1,2
164,690,165,2,1
164,691,139,0,3
164,711,163,1,2
164,719,163,1,2
165,630,140,0,3
165,690,166,2,1
165,711,166,2,1
166,626,167,2,1
166,630,141,0,3
166,650,167,2,1
166,681,167,2,1
166,690,167,2,1
166,691,141,0,3
166,711,167,2,1
166,719,167,2,1
167,626,168,2,1
167,630,142,0,3
167,631,166,1,2
167,650,168,2,1
167,666,168,2,1
167,673,166,1,2
167,677,168,2,1
167,680,192,3,0
167,681,168,2,1
167,684,192,3,0
167,690,168,2,1
167,691,142,0,3
167,700,168,2,1
167,704,166,1,2
167,711,168,2,1
167,715,168,2,1
167,719,168,2,1
168,626,169,2,1
168,629,169,2,1
168,630,143,0,3
168,631,193,3,0
168,637,169,2,1
168,650,169,2,1
168,651,169,2,1
168,654,169,2,1
168,660,169,2,1
168,666,169,2,1
168,673,143,0,3
168,677,169,2,1
168,680,193,3,0
168,681,169,2,1
168,682,169,2,1
168,683,169,2,1
168,684,193,3,0
168,687,169,2,1
168,690,169,2,1
168,691,143,0,3
168,696,169,2,1
168,700,169,2,1
168,704,143,0,3
168,705,169,2,1
168,709,169,2,1
168,711,169,2,1
168,715,169,2,1
168,717,143,0,3
168,719,169,2,1
168,724,143,0,3
169,626,170,2,1
169,629,170,2,1
169,630,144,0,3
169,631,194,3,0
169,636,170,2,1
169,637,170,2,1
169,650,170,2,1
169,651,170,2,1
169,652,170,2,1
169,654,170,2,1
169,657,170,2,1
169,658,194,3,0
169,660,170,2,1
169,666,170,2,1
169,673,144,0,3
169,677,170,2,1
169,680,194,3,0
169,681,170,2,1
169,682,170,2,1
169,683,170,2,1
169,684,194,3,0
169,687,170,2,1
169,689,144,0,3
169,690,170,2,1
169,691,144,0,3
169,696,170,2,1
169,697,170,2,1
169,700,170,2,1
169,704,144,0,3
169,705,170,2,1
169,709,170,2,1
169,711,170,2,1
169,715,170,2,1
169,717,144,0,3
169,719,170,2,1
169,724,144,0,3
170,626,171,2,1
170,629,171,2,1
170,630,145,0,3
170,631,195,3,0
170,637,171,2,1
170,638,171,2,1
170,650,171,2,1
170,651,171,2,1
170,652,171,2,1
170,654,171,2,1
170,657,171,2,1
170,658,195,3,0
170,660,171,2,1
170,666,171,2,1
170,673,145,0,3
170,677,171,2,1
170,680,195,3,0
170,681,171,2,1
170,682,171,2,1
170,683,171,2,1
170,684,195,3,0
170,685,195,3,0
170,687,171,2,1
170,689,145,0,3
170,690,171,2,1
170,691,145,0,3
170,692,171,2,1
170,694,171,2,1
170,696,171,2,1
170,697,171,2,1
170,700,171,2,1
170,704,145,0,3
170,705,171,2,1
170,709,171,2,1
170,711,171,2,1
170,715,171,2,1
170,717,145,0,3
170,719,171,2,1
170,724,145,0,3
171,626,196,3,0
171,629,146,0,3
171,630,146,0,3
171,631,196,3,0
171,638,146,0,3
171,646,172,2,1
171,650,146,0,3
171,652,196,3,0
171,654,196,3,0
171,655,172,2,1
171,657,146,0,3
171,658,196,3,0
171,660,146,0,3
171,664,172,2,1
171,666,196,3,0
171,672,172,2,1
171,673,146,0,3
171,677,196,3,0
171,680,196,3,0
171,681,196,3,0
171,682,196,3,0
171,683,196,3,0
171,684,196,3,0
171,687,172,2,1
171,690,146,0,3
171,691,146,0,3
171,694,172,2,1
171,696,146,0,3
171,700,146,0,3
171,704,146,0,3
171,705,196,3,0
171,706,172,2,1
171,709,196,3,0
171,711,146,0,3
171,712,146,0,3
171,715,196,3,0
171,716,172,2,1
171,717,146,0,3
171,719,196,3,0
171,721,172,2,1
171,724,146,0,3
172,626,197,3,0
172,629,147,0,3
172,630,171,1,2
172,631,171,1,2
172,637,197,3,0
172,638,147,0,3
172,650,147,0,3
172,651,147,0,3
172,652,197,3,0
172,654,197,3,0
172,657,147,0,3
172,658,171,1,2
172,660,147,0,3
172,666,197,3,0
172,673,171,1,2
172,677,197,3,0
172,680,171,1,2
172,681,197,3,0
172,682,197,3,0
172,683,197,3,0
172,684,171,1,2
172,685,171,1,2
172,687,173,2,1
172,689,171,1,2
172,690,147,0,3
172,691,171,1,2
172,692,147,0,3
172,694,173,2,1
172,696,147,0,3
172,697,197,3,0
172,700,147,0,3
172,704,171,1,2
172,705,197,3,0
172,709,197,3,0
172,711,147,0,3
172,715,197,3,0
172,717,171,1,2
172,719,197,3,0
172,724,171,1,2
173,626,198,3,0
173,629,148,0,3
173,630,172,1,2
173,631,172,1,2
173,636,198,3,0
173,637,198,3,0
173,650,148,0,3
173,651,148,0,3
173,652,198,3,0
173,654,198,3,0
173,657,148,0,3
173,658,172,1,2
173,660,148,0,3
173,666,198,3,0
173,673,172,1,2
173,677,198,3,0
173,680,172,1,2
173,681,198,3,0
173,682,198,3,0
173,683,198,3,0
173,684,172,1,2
173,687,174,2,1
173,689,172,1,2
173,690,148,0,3
173,691,172,1,2
173,696,148,0,3
173,697,198,3,0
173,700,148,0,3
173,704,172,1,2
173,705,198,3,0
173,709,198,3,0
173,711,148,0,3
173,715,198,3,0
173,717,172,1,2
173,719,198,3,0
173,724,172,1,2
174,626,199,3,0
174,629,149,0,3
174,630,173,1,2
174,631,173,1,2
174,637,199,3,0
174,650,149,0,3
174,651,149,0,3
174,654,199,3,0
174,660,149,0,3
174,666,199,3,0
174,673,173,1,2
174,677,199,3,0
174,680,173,1,2
174,681,199,3,0
174,682,199,3,0
174,683,199,3,0
174,684,173,1,2
174,687,687,66,0
174,690,149,0,3
174,691,173,1,2
174,696,149,0,3
174,700,149,0,3
174,704,173,1,2
174,705,199,3,0
174,709,199,3,0
174,711,149,0,3
174,715,199,3,0
174,717,173,1,2
174,719,199,3,0
174,724,173,1,2
175,626,200,2,0
175,630,199,3,2
175,631,176,1,1
175,650,150,0,2
175,666,200,2,0
175,673,176,1,1
175,677,200,2,0
175,680,199,3,2
175,681,200,2,0
175,684,199,3,2
175,690,150,0,2
175,691,199,3,2
175,700,150,0,2
175,704,176,1,1
175,711,150,0,2
175,715,200,2,0
175,719,200,2,0
176,626,201,3,0
176,630,175,1,1
176,650,151,0,3
176,681,201,3,0
176,690,151,0,3
176,691,175,1,1
176,711,151,0,3
176,719,201,3,0
177,630,176,1,2
177,711,152,0,3
178,626,203,3,0
178,630,179,2,1
178,650,153,0,3
178,690,177,1,2
178,691,179,2,1
178,711,153,0,3
178,719,203,3,0
179,626,204,3,0
179,630,180,2,1
179,631,180,2,1
179,650,154,0,3
179,666,204,3,0
179,673,180,2,1
179,677,204,3,0
179,681,204,3,0
179,684,180,2,1
179,690,154,0,3
179,691,180,2,1
179,700,154,0,3
179,704,180,2,1
179,711,154,0,3
179,715,204,3,0
179,719,204,3,0
180,626,205,3,0
180,630,181,2,1
180,631,181,2,1
180,637,205,3,0
180,650,155,0,3
180,651,155,0,3
180,660,155,0,3
180,666,205,3,0
180,673,181,2,1
180,677,205,3,0
180,680,181,2,1
180,681,205,3,0
180,682,205,3,0
180,683,205,3,0
180,684,181,2,1
180,690,155,0,3
180,691,181,2,1
180,696,155,0,3
180,700,155,0,3
180,704,181,2,1
180,705,205,3,0
180,709,205,3,0
180,711,155,0,3
180,715,205,3,0
180,717,181,2,1
180,719,205,3,0
180,724,181,2,1
181,626,206,3,0
181,629,156,0,3
181,630,182,2,1
181,631,182,2,1
181,636,206,3,0
181,637,206,3,0
181,650,156,0,3
181,651,156,0,3
181,652,206,3,0
181,654,206,3,0
181,657,156,0,3
181,658,182,2,1
181,660,156,0,3
181,666,206,3,0
181,673,182,2,1
181,677,206,3,0
181,680,182,2,1
181,681,206,3,0
181,682,206,3,0
181,683,206,3,0
181,684,182,2,1
181,687,156,0,3
181,689,182,2,1
181,690,156,0,3
181,691,182,2,1
181,696,156,0,3
181,697,206,3,0
181,700,156,0,3
181,704,182,2,1
181,705,206,3,0
181,709,206,3,0
181,711,156,0,3
181,715,206,3,0
181,717,182,2,1
181,719,206,3,0
181,724,182,2,1
182,626,207,3,0
182,629,157,0,3
182,630,183,2,1
182,631,183,2,1
182,637,207,3,0
182,638,157,0,3
182,650,157,0,3
182,651,157,0,3
182,652,207,3,0
182,654,207,3,0
182,657,157,0,3
182,658,183,2,1
182,660,157,0,3
182,666,207,3,0
182,673,183,2,1
182,677,207,3,0
182,680,183,2,1
182,681,207,3,0
182,682,207,3,0
182,683,207,3,0
182,684,183,2,1
182,685,183,2,1
182,687,157,0,3
182,689,183,2,1
182,690,157,0,3
182,691,183,2,1
182,692,157,0,3
182,694,157,0,3
182,696,157,0,3
182,697,207,3,0
182,700,157,0,3
182,704,183,2,1
182,705,207,3,0
182,709,207,3,0
182,711,157,0,3
182,715,207,3,0
182,717,183,2,1
182,719,207,3,0
182,724,183,2,1
183,626,208,3,0
183,629,158,0,3
183,630,158,0,3
183,631,208,3,0
183,637,208,3,0
183,638,158,0,3
183,650,158,0,3
183,652,208,3,0
183,654,208,3,0
183,657,158,0,3
183,658,208,3,0
183,660,158,0,3
183,666,208,3,0
183,672,672,51,0
183,673,158,0,3
183,677,208,3,0
183,680,208,3,0
183,681,208,3,0
183,682,208,3,0
183,683,208,3,0
183,684,208,3,0
183,687,158,0,3
183,690,158,0,3
183,691,158,0,3
183,696,158,0,3
183,697,208,3,0
183,700,158,0,3
183,704,158,0,3
183,705,208,3,0
183,709,208,3,0
183,711,158,0,3
183,715,208,3,0
183,716,208,3,0
183,717,158,0,3
183,719,208,3,0
183,724,158,0,3
184,626,183,1,2
184,629,183,1,2
184,630,159,0,3
184,631,209,3,0
184,637,183,1,2
184,638,183,1,2
184,646,183,1,2
184,650,183,1,2
184,651,183,1,2
184,652,183,1,2
184,654,183,1,2
184,657,183,1,2
184,658,209,3,0
184,660,183,1,2
184,664,183,1,2
184,666,183,1,2
184,672,183,1,2
184,673,159,0,3
184,677,183,1,2
184,680,209,3,0
184,681,183,1,2
184,682,183,1,2
184,683,183,1,2
184,684,209,3,0
184,685,209,3,0
184,687,183,1,2
184,689,159,0,3
184,690,183,1,2
184,691,159,0,3
184,694,183,1,2
184,696,183,1,2
184,697,183,1,2
184,700,183,1,2
184,701,159,0,3
184,704,159,0,3
184,705,183,1,2
184,709,183,1,2
184,711,183,1,2
184,712,159,0,3
184,715,183,1,2
184,716,183,1,2
184,717,159,0,3
184,719,183,1,2
184,724,159,0,3
185,626,184,1,2
185,629,184,1,2
185,630,160,0,3
185,631,210,3,0
185,637,184,1,2
185,638,184,1,2
185,650,184,1,2
185,651,184,1,2
185,652,184,1,2
185,654,184,1,2
185,657,184,1,2
185,658,210,3,0
185,660,184,1,2
185,666,184,1,2
185,673,160,0,3
185,677,184,1,2
185,680,210,3,0
185,681,184,1,2
185,682,184,1,2
185,683,184,1,2
185,684,210,3,0
185,685,210,3,0
185,687,184,1,2
185,689,160,0,3
185,690,184,1,2
185,691,160,0,3
185,694,184,1,2
185,696,184,1,2
185,697,184,1,2
185,700,184,1,2
185,704,160,0,3
185,705,184,1,2
185,709,184,1,2
185,711,184,1,2
185,715,184,1,2
185,717,160,0,3
185,719,184,1,2
185,724,160,0,3
186,626,185,1,2
186,629,185,1,2
186,630,161,0,3
186,631,211,3,0
186,637,185,1,2
186,650,185,1,2
186,651,185,1,2
186,652,185,1,2
186,654,185,1,2
186,657,185,1,2
186,658,211,3,0
186,660,185,1,2
186,666,185,1,2
186,673,161,0,3
186,677,185,1,2
186,680,211,3,0
186,681,185,1,2
186,682,185,1,2
186,683,185,1,2
186,684,211,3,0
186,687,185,1,2
186,689,161,0,3
186,690,185,1,2
186,691,161,0,3
186,696,185,1,2
186,697,185,1,2
186,700,185,1,2
186,704,161,0,3
186,705,185,1,2
186,709,185,1,2
186,711,185,1,2
186,715,185,1,2
186,717,161,0,3
186,719,185,1,2
186,724,161,0,3
187,626,186,1,2
187,630,162,0,3
187,631,212,3,0
187,637,186,1,2
187,650,186,1,2
187,651,186,1,2
187,660,186,1,2
187,666,186,1,2
187,673,162,0,3
187,677,186,1,2
187,680,212,3,0
187,681,186,1,2
187,682,186,1,2
187,683,186,1,2
187,684,212,3,0
187,690,186,1,2
187,691,162,0,3
187,700,186,1,2
187,704,162,0,3
187,705,186,1,2
187,709,186,1,2
187,711,186,1,2
187,715,186,1,2
187,717,162,0,3
187,719,186,1,2
187,724,162,0,3
188,626,187,1,2
188,630,163,0,3
188,650,187,1,2
188,666,187,1,2
188,677,187,1,2
188,681,187,1,2
188,684,213,3,0
188,690,187,1,2
188,691,163,0,3
188,711,187,1,2
188,715,187,1,2
188,719,187,1,2
189,626,188,1,2
189,630,164,0,3
189,650,188,1,2
189,690,190,2,1
189,691,164,0,3
189,711,188,1,2
189,719,188,1,2
190,630,165,0,3
190,690,191,2,1
190,711,191,2,1
191,626,192,2,1
191,630,166,0,3
191,650,192,2,1
191,681,192,2,1
191,690,192,2,1
191,691,166,0,3
191,711,192,2,1
191,719,192,2,1
192,626,193,2,1
192,630,167,0,3
192,631,191,1,2
192,650,193,2,1
192,666,193,2,1
192,673,191,1,2
192,677,193,2,1
192,680,217,3,0
192,681,193,2,1
192,684,217,3,0
192,690,193,2,1
192,691,167,0,3
192,700,193,2,1
192,704,191,1,2
192,711,193,2,1
192,715,193,2,1
192,719,193,2,1
193,626,194,2,1
193,629,194,2,1
193,630,168,0,3
193,631,218,3,0
193,637,194,2,1
193,650,194,2,1
193,651,194,2,1
193,654,194,2,1
193,660,194,2,1
193,666,194,2,1
193,673,168,0,3
193,677,194,2,1
193,680,218,3,0
193,681,194,2,1
193,682,194,2,1
193,683,194,2,1
193,684,218,3,0
193,687,194,2,1
193,690,194,2,1
193,691,168,0,3
193,696,194,2,1
193,700,194,2,1
193,704,168,0,3
193,705,194,2,1
193,709,194,2,1
193,711,194,2,1
193,715,194,2,1
193,717,168,0,3
193,719,194,2,1
193,724,168,0,3
194,626,195,2,1
194,629,195,2,1
194,630,169,0,3
194,631,219,3,0
194,636,195,2,1
194,637,195,2,1
194,650,195,2,1
194,651,195,2,1
194,652,195,2,1
194,654,195,2,1
194,657,195,2,1
194,658,219,3,0
194,660,195,2,1
194,666,195,2,1
194,673,169,0,3
194,677,195,2,1
194,680,219,3,0
194,681,195,2,1
194,682,195,2,1
194,683,195,2,1
194,684,219,3,0
194,687,195,2,1
194,689,169,0,3
194,690,195,2,1
194,691,169,0,3
194,696,195,2,1
194,697,195,2,1
194,700,195,2,1
194,704,169,0,3
194,705,195,2,1
194,709,195,2,1
194,711,195,2,1
194,715,195,2,1
194,717,169,0,3
194,719,195,2,1
194,724,169,0,3
195,626,196,2,1
195,629,196,2,1
195,630,170,0,3
195,631,220,3,0
195,637,196,2,1
195,638,196,2,1
195,650,196,2,1
195,651,196,2,1
195,652,196,2,1
195,654,196,2,1
195,657,196,2,1
195,658,220,3,0
195,660,196,2,1
195,666,196,2,1
195,673,170,0,3
195,677,196,2,1
195,680,220,3,0
195,681,196,2,1
195,682,196,2,1
195,683,196,2,1
195,684,220,3,0
195,685,220,3,0
195,687,196,2,1
195,689,170,0,3
195,690,196,2,1
195,691,170,0,3
195,692,196,2,1
195,694,196,2,1
195,696,196,2,1
195,697,196,2,1
195,700,196,2,1
195,704,170,0,3
195,705,196,2,1
195,709,196,2,1
195,711,196,2,1
195,715,196,2,1
195,717,170,0,3
195,719,196,2,1
195,724,170,0,3
196,626,221,3,0
196,629,171,0,3
196,630,171,0,3
196,631,221,3,0
196,637,221,3,0
196,638,171,0,3
196,646,197,2,1
196,650,171,0,3
196,652,221,3,0
196,654,221,3,0
196,655,197,2,1
196,657,171,0,3
196,658,221,3,0
196,660,171,0,3
196,664,197,2,1
196,666,221,3,0
196,672,197,2,1
196,673,171,0,3
196,677,221,3,0
196,680,221,3,0
196,681,221,3,0
196,682,221,3,0
196,683,221,3,0
196,684,221,3,0
196,687,171,0,3
196,690,171,0,3
196,691,171,0,3
196,696,171,0,3
196,697,221,3,0
196,700,171,0,3
196,704,171,0,3
196,705,221,3,0
196,706,197,2,1
196,709,221,3,0
196,711,171,0,3
196,715,221,3,0
196,716,197,2,1
196,717,171,0,3
196,719,221,3,0
196,721,197,2,1
196,724,171,0,3
197,626,222,3,0
197,629,172,0,3
197,630,196,1,2
197,631,196,1,2
197,637,222,3,0
197,638,172,0,3
197,650,172,0,3
197,651,172,0,3
197,652,222,3,0
197,654,222,3,0
197,657,172,0,3
197,658,196,1,2
197,660,172,0,3
197,666,222,3,0
197,673,196,1,2
197,677,222,3,0
197,680,196,1,2
197,681,222,3,0
197,682,222,3,0
197,683,222,3,0
197,684,196,1,2
197,685,196,1,2
197,687,172,0,3
197,689,196,1,2
197,690,172,0,3
197,691,196,1,2
197,692,172,0,3
197,694,172,0,3
197,696,172,0,3
197,697,222,3,0
197,700,172,0,3
197,704,196,1,2
197,705,222,3,0
197,709,222,3,0
197,711,172,0,3
197,715,222,3,0
197,717,196,1,2
197,719,222,3,0
197,724,196,1,2
198,626,223,3,0
198,629,173,0,3
198,630,197,1,2
198,631,197,1,2
198,636,223,3,0
198,637,223,3,0
198,650,173,0,3
198,651,173,0,3
198,652,223,3,0
198,654,223,3,0
198,657,173,0,3
198,658,197,1,2
198,660,173,0,3
198,666,223,3,0
198,673,197,1,2
198,677,223,3,0
198,680,197,1,2
198,681,223,3,0
198,682,223,3,0
198,683,223,3,0
198,684,197,1,2
198,687,173,0,3
198,689,197,1,2
198,690,173,0,3
198,691,197,1,2
198,696,173,0,3
198,697,223,3,0
198,700,173,0,3
198,704,197,1,2
198,705,223,3,0
198,709,223,3,0
198,711,173,0,3
198,715,223,3,0
198,717,197,1,2
198,719,223,3,0
198,724,197,1,2
199,626,224,3,0
199,629,174,0,3
199,630,198,1,2
199,631,198,1,2
199,637,224,3,0
199,650,174,0,3
199,651,174,0,3
199,654,224,3,0
199,660,174,0,3
199,666,224,3,0
199,673,198,1,2
199,677,224,3,0
199,680,198,1,2
199,681,224,3,0
199,682,224,3,0
199,683,224,3,0
199,684,198,1,2
199,687,174,0,3
199,690,174,0,3
199,691,198,1,2
199,696,174,0,3
199,700,174,0,3
199,704,198,1,2
199,705,224,3,0
199,709,224,3,0
199,711,174,0,3
199,715,224,3,0
199,717,198,1,2
199,719,224,3,0
199,724,198,1,2
200,626,225,2,0
200,630,224,3,2
200,631,201,1,1
200,650,175,0,2
200,666,225,2,0
200,673,201,1,1
200,677,225,2,0
200,680,224,3,2
200,681,225,2,0
200,684,224,3,2
200,690,175,0,2
200,691,224,3,2
200,700,175,0,2
200,704,201,1,1
200,711,175,0,2
200,715,225,2,0
200,719,225,2,0
201,626,226,3,0
201,630,200,1,1
201,650,176,0,3
201,681,226,3,0
201,690,176,0,3
201,691,200,1,1
201,711,176,0,3
201,719,226,3,0
202,630,201,1,2
202,711,177,0,3
203,626,228,3,0
203,630,204,2,1
203,650,178,0,3
203,690,202,1,2
203,691,204,2,1
203,711,178,0,3
203,719,228,3,0
204,626,229,3,0
204,630,205,2,1
204,631,205,2,1
204,650,179,0,3
204,666,229,3,0
204,673,205,2,1
204,677,229,3,0
204,681,229,3,0
204,684,205,2,1
204,690,179,0,3
204,691,205,2,1
204,700,179,0,3
204,704,205,2,1
204,711,179,0,3
204,715,229,3,0
204,719,229,3,0
205,626,230,3,0
205,630,206,2,1
205,631,206,2,1
205,637,230,3,0
205,650,180,0,3
205,651,180,0,3
205,660,180,0,3
205,666,230,3,0
205,673,206,2,1
205,677,230,3,0
205,680,206,2,1
205,681,230,3,0
205,682,230,3,0
205,683,230,3,0
205,684,206,2,1
205,690,180,0,3
205,691,206,2,1
205,696,180,0,3
205,700,180,0,3
205,704,206,2,1
205,705,705,84,0
205,709,230,3,0
205,711,180,0,3
205,715,230,3,0
205,717,206,2,1
205,719,230,3,0
205,724,206,2,1
206,626,231,3,0
206,629,181,0,3
206,630,207,2,1
206,631,207,2,1
206,636,231,3,0
206,637,231,3,0
206,650,181,0,3
206,651,181,0,3
206,652,231,3,0
206,654,231,3,0
206,657,181,0,3
206,658,207,2,1
206,660,181,0,3
206,666,231,3,0
206,673,207,2,1
206,677,231,3,0
206,680,207,2,1
206,681,231,3,0
206,682,231,3,0
206,683,231,3,0
206,684,207,2,1
206,687,181,0,3
206,689,207,2,1
206,690,181,0,3
206,691,207,2,1
206,696,181,0,3
206,697,231,3,0
206,700,181,0,3
206,702,702,81,0
206,704,207,2,1
206,705,205,1,2
206,709,231,3,0
206,711,181,0,3
206,715,231,3,0
206,717,207,2,1
206,719,231,3,0
206,724,207,2,1
207,626,232,3,0
207,629,182,0,3
207,630,208,2,1
207,631,208,2,1
207,637,232,3,0
207,638,232,3,0
207,650,182,0,3
207,651,182,0,3
207,652,232,3,0
207,654,232,3,0
207,657,182,0,3
207,658,208,2,1
207,660,182,0,3
207,666,232,3,0
207,673,208,2,1
207,677,232,3,0
207,680,208,2,1
207,681,232,3,0
207,682,232,3,0
207,683,232,3,0
207,684,208,2,1
207,685,208,2,1
207,687,182,0,3
207,689,208,2,1
207,690,182,0,3
207,691,208,2,1
207,692,182,0,3
207,694,182,0,3
207,696,182,0,3
207,697,232,3,0
207,700,182,0,3
207,702,206,1,2
207,704,208,2,1
207,705,206,1,2
207,709,232,3,0
207,711,182,0,3
207,715,232,3,0
207,717,208,2,1
207,719,232,3,0
207,724,208,2,1
208,626,233,3,0
208,629,183,0,3
208,630,183,0,3
208,631,233,3,0
208,637,233,3,0
208,650,183,0,3
208,652,233,3,0
208,654,233,3,0
208,657,183,0,3
208,658,233,3,0
208,660,183,0,3
208,666,233,3,0
208,673,183,0,3
208,677,233,3,0
208,680,233,3,0
208,681,233,3,0
208,682,233,3,0
208,683,233,3,0
208,684,233,3,0
208,685,209,2,1
208,687,183,0,3
208,690,183,0,3
208,691,183,0,3
208,696,183,0,3
208,697,233,3,0
208,700,183,0,3
208,702,207,1,2
208,704,183,0,3
208,705,207,1,2
208,709,233,3,0
208,711,183,0,3
208,715,233,3,0
208,716,716,95,0
208,717,183,0,3
208,719,233,3,0
208,724,183,0,3
209,626,208,1,2
209,629,208,1,2
209,630,184,0,3
209,631,234,3,0
209,637,208,1,2
209,638,208,1,2
209,646,208,1,2
209,650,208,1,2
209,651,208,1,2
209,652,208,1,2
209,654,208,1,2
209,657,208,1,2
209,658,234,3,0
209,660,208,1,2
209,664,208,1,2
209,666,208,1,2
209,672,208,1,2
209,673,184,0,3
209,677,208,1,2
209,680,234,3,0
209,681,208,1,2
209,682,208,1,2
209,683,208,1,2
209,684,234,3,0
209,685,210,2,1
209,687,208,1,2
209,689,184,0,3
209,690,208,1,2
209,691,184,0,3
209,694,208,1,2
209,696,208,1,2
209,697,208,1,2
209,700,208,1,2
209,701,184,0,3
209,704,184,0,3
209,705,208,1,2
209,709,208,1,2
209,711,208,1,2
209,712,184,0,3
209,715,208,1,2
209,716,208,1,2
209,717,184,0,3
209,719,208,1,2
209,724,184,0,3
210,626,209,1,2
210,629,209,1,2
210,630,185,0,3
210,631,235,3,0
210,637,209,1,2
210,638,209,1,2
210,650,209,1,2
210,651,209,1,2
210,652,209,1,2
210,654,209,1,2
210,657,209,1,2
210,658,235,3,0
210,660,209,1,2
210,666,209,1,2
210,673,185,0,3
210,677,209,1,2
210,680,235,3,0
210,681,209,1,2
210,682,209,1,2
210,683,209,1,2
210,684,235,3,0
210,685,685,64,0
210,687,209,1,2
210,689,185,0,3
210,690,209,1,2
210,691,185,0,3
210,694,209,1,2
210,696,209,1,2
210,697,209,1,2
210,700,209,1,2
210,704,185,0,3
210,705,209,1,2
210,709,209,1,2
210,711,209,1,2
210,715,209,1,2
210,717,185,0,3
210,719,209,1,2
210,724,185,0,3
211,626,210,1,2
211,629,210,1,2
211,630,186,0,3
211,631,236,3,0
211,637,210,1,2
211,650,210,1,2
211,651,210,1,2
211,652,210,1,2
211,654,210,1,2
211,657,210,1,2
211,658,236,3,0
211,660,210,1,2
211,666,210,1,2
211,673,186,0,3
211,677,210,1,2
211,680,236,3,0
211,681,210,1,2
211,682,210,1,2
211,683,210,1,2
211,684,236,3,0
211,687,210,1,2
211,689,186,0,3
211,690,210,1,2
211,691,186,0,3
211,696,210,1,2
211,697,210,1,2
211,700,210,1,2
211,704,186,0,3
211,705,210,1,2
211,709,210,1,2
211,711,210,1,2
211,715,210,1,2
211,717,186,0,3
211,719,210,1,2
211,724,186,0,3
212,626,211,1,2
212,630,187,0,3
212,631,237,3,0
212,637,211,1,2
212,650,211,1,2
212,651,211,1,2
212,660,211,1,2
212,666,211,1,2
212,673,187,0,3
212,677,211,1,2
212,680,237,3,0
212,681,211,1,2
212,682,211,1,2
212,683,211,1,2
212,684,237,3,0
212,690,211,1,2
212,691,187,0,3
212,700,211,1,2
212,704,187,0,3
212,705,211,1,2
212,709,211,1,2
212,711,211,1,2
212,715,211,1,2
212,717,187,0,3
212,719,211,1,2
212,724,187,0,3
213,626,212,1,2
213,630,188,0,3
213,650,212,1,2
213,666,212,1,2
213,677,212,1,2
213,681,212,1,2
213,684,238,3,0
213,690,212,1,2
213,691,188,0,3
213,711,212,1,2
213,715,212,1,2
213,719,212,1,2
214,626,213,1,2
214,630,189,0,3
214,650,213,1,2
214,690,215,2,1
214,691,189,0,3
214,711,213,1,2
214,719,213,1,2
215,630,190,0,3
215,690,216,2,1
215,711,216,2,1
216,626,217,2,1
216,630,191,0,3
216,650,217,2,1
216,681,217,2,1
216,690,217,2,1
216,691,191,0,3
216,711,217,2,1
216,719,217,2,1
217,626,218,2,1
217,630,192,0,3
217,631,216,1,2
217,650,218,2,1
217,666,218,2,1
217,673,216,1,2
217,677,218,2,1
217,680,242,3,0
217,681,218,2,1
217,684,242,3,0
217,690,218,2,1
217,691,192,0,3
217,700,218,2,1
217,704,216,1,2
217,711,218,2,1
217,715,218,2,1
217,719,218,2,1
218,626,219,2,1
218,629,219,2,1
218,630,193,0,3
218,631,243,3,0
218,637,219,2,1
218,650,219,2,1
218,651,219,2,1
218,654,219,2,1
218,660,219,2,1
218,666,219,2,1
218,673,193,0,3
218,677,219,2,1
218,680,243,3,0
218,681,219,2,1
218,682,219,2,1
218,683,219,2,1
218,684,243,3,0
218,687,219,2,1
218,690,219,2,1
218,691,193,0,3
218,696,219,2,1
218,700,219,2,1
218,704,193,0,3
218,705,219,2,1
218,709,219,2,1
218,711,219,2,1
218,715,219,2,1
218,717,193,0,3
218,719,219,2,1
218,724,193,0,3
219,626,220,2,1
219,629,220,2,1
219,630,194,0,3
219,631,244,3,0
219,636,220,2,1
219,637,220,2,1
219,650,220,2,1
219,651,220,2,1
219,652,220,2,1
219,654,220,2,1
219,657,220,2,1
219,658,244,3,0
219,660,220,2,1
219,666,220,2,1
219,673,194,0,3
219,677,220,2,1
219,680,244,3,0
219,681,220,2,1
219,682,220,2,1
219,683,220,2,1
219,684,244,3,0
219,687,220,2,1
219,689,194,0,3
219,690,220,2,1
219,691,194,0,3
219,696,220,2,1
219,697,220,2,1
219,700,220,2,1
219,704,194,0,3
219,705,220,2,1
219,709,220,2,1
219,711,220,2,1
219,715,220,2,1
219,717,194,0,3
219,719,220,2,1
219,724,194,0,3
220,626,221,2,1
220,629,221,2,1
220,630,195,0,3
220,631,245,3,0
220,637,221,2,1
220,638,221,2,1
220,650,221,2,1
220,651,221,2,1
220,652,221,2,1
220,654,221,2,1
220,657,221,2,1
220,658,245,3,0
220,660,221,2,1
220,666,221,2,1
220,673,195,0,3
220,677,221,2,1
220,680,245,3,0
220,681,221,2,1
220,682,221,2,1
220,683,221,2,1
220,684,245,3,0
220,685,219,1,2
220,687,221,2,1
220,689,195,0,3
220,690,221,2,1
220,691,195,0,3
220,692,221,2,1
220,694,221,2,1
220,696,221,2,1
220,697,221,2,1
220,700,221,2,1
220,704,195,0,3
220,705,221,2,1
220,709,221,2,1
220,711,221,2,1
220,715,221,2,1
220,717,195,0,3
220,719,221,2,1
220,724,195,0,3
221,626,246,3,0
221,629,196,0,3
221,630,196,0,3
221,631,246,3,0
221,637,246,3,0
221,646,222,2,1
221,650,196,0,3
221,652,246,3,0
221,654,246,3,0
221,655,222,2,1
221,657,196,0,3
221,658,246,3,0
221,660,196,0,3
221,664,222,2,1
221,666,246,3,0
221,672,222,2,1
221,673,196,0,3
221,677,246,3,0
221,680,246,3,0
221,681,246,3,0
221,682,246,3,0
221,683,246,3,0
221,684,246,3,0
221,685,220,1,2
221,687,196,0,3
221,690,196,0,3
221,691,196,0,3
221,696,196,0,3
221,697,246,3,0
221,700,196,0,3
221,702,222,2,1
221,704,196,0,3
221,705,222,2,1
221,706,222,2,1
221,709,246,3,0
221,711,196,0,3
221,715,246,3,0
221,716,222,2,1
221,717,196,0,3
221,719,246,3,0
221,721,222,2,1
221,724,196,0,3
222,626,247,3,0
222,629,197,0,3
222,630,221,1,2
222,631,221,1,2
222,637,247,3,0
222,638,247,3,0
222,650,197,0,3
222,651,197,0,3
222,652,247,3,0
222,654,247,3,0
222,657,197,0,3
222,658,221,1,2
222,660,197,0,3
222,666,247,3,0
222,673,221,1,2
222,677,247,3,0
222,680,221,1,2
222,681,247,3,0
222,682,247,3,0
222,683,247,3,0
222,684,221,1,2
222,685,221,1,2
222,687,197,0,3
222,689,221,1,2
222,690,197,0,3
222,691,221,1,2
222,692,197,0,3
222,694,197,0,3
222,696,197,0,3
222,697,247,3,0
222,700,197,0,3
222,702,223,2,1
222,704,221,1,2
222,705,223,2,1
222,709,247,3,0
222,711,197,0,3
222,715,247,3,0
222,717,221,1,2
222,719,247,3,0
222,724,221,1,2
223,626,248,3,0
223,629,198,0,3
223,630,222,1,2
223,631,222,1,2
223,636,248,3,0
223,637,248,3,0
223,650,198,0,3
223,651,198,0,3
223,652,248,3,0
223,654,248,3,0
223,657,198,0,3
223,658,222,1,2
223,660,198,0,3
223,666,248,3,0
223,673,222,1,2
223,677,248,3,0
223,680,222,1,2
223,681,248,3,0
223,682,248,3,0
223,683,248,3,0
223,684,222,1,2
223,687,198,0,3
223,689,222,1,2
223,690,198,0,3
223,691,222,1,2
223,696,198,0,3
223,697,248,3,0
223,700,198,0,3
223,702,224,2,1
223,704,222,1,2
223,705,224,2,1
223,709,248,3,0
223,711,198,0,3
223,715,248,3,0
223,717,222,1,2
223,719,248,3,0
223,724,222,1,2
224,626,249,3,0
224,629,199,0,3
224,630,223,1,2
224,631,223,1,2
224,637,249,3,0
224,650,199,0,3
224,651,199,0,3
224,654,249,3,0
224,660,199,0,3
224,666,249,3,0
224,673,223,1,2
224,677,249,3,0
224,680,223,1,2
224,681,249,3,0
224,682,249,3,0
224,683,249,3,0
224,684,223,1,2
224,687,199,0,3
224,690,199,0,3
224,691,223,1,2
224,696,199,0,3
224,700,199,0,3
224,704,223,1,2
224,705,200,2,3
224,709,249,3,0
224,711,199,0,3
224,715,249,3,0
224,717,223,1,2
224,719,249,3,0
224,724,223,1,2
225,626,250,2,0
225,630,249,3,2
225,631,226,1,1
225,650,200,0,2
225,666,250,2,0
225,673,226,1,1
225,677,250,2,0
225,680,249,3,2
225,681,250,2,0
225,684,249,3,2
225,690,200,0,2
225,691,249,3,2
225,700,200,0,2
225,704,226,1,1
225,711,200,0,2
225,715,250,2,0
225,719,250,2,0
226,626,251,3,0
226,630,225,1,1
226,650,201,0,3
226,681,251,3,0
226,690,201,0,3
226,691,225,1,1
226,711,201,0,3
226,719,251,3,0
227,630,226,1,2
227,711,202,0,3
228,626,253,3,0
228,630,229,2,1
228,650,203,0,3
228,690,227,1,2
228,691,229,2,1
228,711,203,0,3
228,719,253,3,0
229,626,254,3,0
229,630,230,2,1
229,631,230,2,1
229,650,204,0,3
229,666,254,3,0
229,673,230,2,1
229,677,254,3,0
229,681,254,3,0
229,684,230,2,1
229,690,204,0,3
229,691,230,2,1
229,700,204,0,3
229,704,230,2,1
229,711,204,0,3
229,715,254,3,0
229,719,254,3,0
230,626,255,3,0
230,630,231,2,1
230,631,231,2,1
230,637,255,3,0
230,650,205,0,3
230,651,205,0,3
230,660,205,0,3
230,666,255,3,0
230,673,231,2,1
230,677,255,3,0
230,680,231,2,1
230,681,255,3,0
230,682,682,61,0
230,683,255,3,0
230,684,231,2,1
230,690,205,0,3
230,691,231,2,1
230,696,205,0,3
230,700,205,0,3
230,704,231,2,1
230,705,205,0,3
230,709,255,3,0
230,711,205,0,3
230,715,255,3,0
230,717,231,2,1
230,719,255,3,0
230,724,231,2,1
231,626,256,3,0
231,629,206,0,3
231,630,232,2,1
231,631,232,2,1
231,636,256,3,0
231,637,256,3,0
231,650,206,0,3
231,651,206,0,3
231,652,256,3,0
231,654,256,3,0
231,657,206,0,3
231,658,232,2,1
231,660,206,0,3
231,666,256,3,0
231,673,232,2,1
231,677,256,3,0
231,680,232,2,1
231,681,256,3,0
231,682,230,1,2
231,683,256,3,0
231,684,232,2,1
231,687,206,0,3
231,689,232,2,1
231,690,206,0,3
231,691,232,2,1
231,696,206,0,3
231,697,256,3,0
231,700,206,0,3
231,702,206,0,3
231,704,232,2,1
231,705,206,0,3
231,709,256,3,0
231,711,206,0,3
231,715,256,3,0
231,717,232,2,1
231,719,256,3,0
231,724,232,2,1
232,626,257,3,0
232,629,207,0,3
232,630,233,2,1
232,631,233,2,1
232,637,257,3,0
232,638,257,3,0
232,650,207,0,3
232,651,207,0,3
232,652,257,3,0
232,654,257,3,0
232,657,207,0,3
232,658,233,2,1
232,660,207,0,3
232,666,257,3,0
232,673,233,2,1
232,677,257,3,0
232,680,233,2,1
232,681,257,3,0
232,682,231,1,2
232,683,257,3,0
232,684,233,2,1
232,685,233,2,1
232,687,207,0,3
232,689,233,2,1
232,690,207,0,3
232,691,233,2,1
232,692,207,0,3
232,694,207,0,3
232,696,207,0,3
232,697,257,3,0
232,700,207,0,3
232,702,207,0,3
232,704,233,2,1
232,705,207,0,3
232,709,257,3,0
232,711,207,0,3
232,715,257,3,0
232,717,233,2,1
232,719,257,3,0
232,724,233,2,1
233,626,258,3,0
233,629,208,0,3
233,630,258,3,0
233,631,258,3,0
233,637,258,3,0
233,650,208,0,3
233,652,258,3,0
233,654,258,3,0
233,657,208,0,3
233,658,258,3,0
233,660,208,0,3
233,666,258,3,0
233,673,208,0,3
233,677,258,3,0
233,680,258,3,0
233,681,258,3,0
233,682,232,1,2
233,683,258,3,0
233,684,258,3,0
233,685,208,0,3
233,687,208,0,3
233,690,208,0,3
233,691,258,3,0
233,696,208,0,3
233,697,258,3,0
233,700,208,0,3
233,702,208,0,3
233,704,208,0,3
233,709,258,3,0
233,711,208,0,3
233,715,258,3,0
233,717,208,0,3
233,719,258,3,0
233,724,208,0,3
234,626,233,1,2
234,629,233,1,2
234,630,259,3,0
234,631,259,3,0
234,637,233,1,2
234,638,233,1,2
234,646,233,1,2
234,650,233,1,2
234,651,233,1,2
234,652,233,1,2
234,654,233,1,2
234,657,233,1,2
234,658,259,3,0
234,660,233,1,2
234,664,233,1,2
234,666,233,1,2
234,672,233,1,2
234,673,209,0,3
234,677,233,1,2
234,680,259,3,0
234,681,233,1,2
234,682,233,1,2
234,683,233,1,2
234,684,259,3,0
234,685,209,0,3
234,687,233,1,2
234,689,209,0,3
234,690,233,1,2
234,691,259,3,0
234,694,233,1,2
234,696,233,1,2
234,697,233,1,2
234,700,233,1,2
234,701,209,0,3
234,704,209,0,3
234,705,233,1,2
234,709,233,1,2
234,711,233,1,2
234,712,209,0,3
234,715,233,1,2
234,716,233,1,2
234,717,209,0,3
234,719,233,1,2
234,724,209,0,3
235,626,234,1,2
235,629,234,1,2
235,630,260,3,0
235,631,260,3,0
235,637,234,1,2
235,638,234,1,2
235,650,234,1,2
235,651,234,1,2
235,652,234,1,2
235,654,234,1,2
235,657,234,1,2
235,658,260,3,0
235,660,234,1,2
235,666,234,1,2
235,673,210,0,3
235,677,234,1,2
235,680,260,3,0
235,681,234,1,2
235,682,234,1,2
235,683,234,1,2
235,684,260,3,0
235,685,210,0,3
235,687,234,1,2
235,689,210,0,3
235,690,234,1,2
235,691,260,3,0
235,694,234,1,2
235,696,234,1,2
235,697,234,1,2
235,700,234,1,2
235,704,210,0,3
235,705,234,1,2
235,709,234,1,2
235,711,234,1,2
235,715,234,1,2
235,717,210,0,3
235,719,234,1,2
235,724,210,0,3
236,626,235,1,2
236,629,235,1,2
236,630,261,3,0
236,631,261,3,0
236,637,235,1,2
236,650,235,1,2
236,651,235,1,2
236,652,235,1,2
236,654,235,1,2
236,657,235,1,2
236,658,261,3,0
236,660,235,1,2
236,666,235,1,2
236,673,211,0,3
236,677,235,1,2
236,680,261,3,0
236,681,235,1,2
236,682,235,1,2
236,683,235,1,2
236,684,261,3,0
236,687,235,1,2
236,689,211,0,3
236,690,235,1,2
236,691,261,3,0
236,696,235,1,2
236,697,235,1,2
236,700,235,1,2
236,704,211,0,3
236,705,235,1,2
236,709,235,1,2
236,711,235,1,2
236,715,235,1,2
236,717,211,0,3
236,719,235,1,2
236,724,211,0,3
237,626,236,1,2
237,630,262,3,0
237,631,262,3,0
237,637,236,1,2
237,650,236,1,2
237,651,236,1,2
237,660,236,1,2
237,666,236,1,2
237,673,212,0,3
237,677,236,1,2
237,680,262,3,0
237,681,236,1,2
237,682,236,1,2
237,683,236,1,2
237,684,262,3,0
237,690,236,1,2
237,691,262,3,0
237,700,236,1,2
237,704,212,0,3
237,705,236,1,2
237,709,236,1,2
237,711,236,1,2
237,715,236,1,2
237,717,212,0,3
237,719,236,1,2
237,724,212,0,3
238,626,237,1,2
238,630,263,3,0
238,650,237,1,2
238,666,237,1,2
238,677,237,1,2
238,681,237,1,2
238,684,263,3,0
238,690,237,1,2
238,691,263,3,0
238,711,237,1,2
238,715,237,1,2
238,719,237,1,2
239,626,238,1,2
239,630,264,3,0
239,650,238,1,2
239,690,240,2,1
239,691,264,3,0
239,711,238,1,2
239,719,238,1,2
240,630,265,3,0
240,690,241,2,1
240,711,241,2,1
241,626,242,2,1
241,630,266,3,0
241,650,242,2,1
241,681,242,2,1
241,690,242,2,1
241,691,266,3,0
241,711,242,2,1
241,719,242,2,1
242,626,243,2,1
242,630,267,3,0
242,631,241,1,2
242,650,243,2,1
242,666,243,2,1
242,673,241,1,2
242,677,243,2,1
242,680,267,3,0
242,681,243,2,1
242,684,267,3,0
242,690,243,2,1
242,691,267,3,0
242,700,243,2,1
242,704,241,1,2
242,711,243,2,1
242,715,243,2,1
242,719,243,2,1
243,626,244,2,1
243,629,244,2,1
243,630,268,3,0
243,631,268,3,0
243,637,244,2,1
243,650,244,2,1
243,651,244,2,1
243,654,244,2,1
243,660,244,2,1
243,666,244,2,1
243,673,218,0,3
243,677,244,2,1
243,680,268,3,0
243,681,244,2,1
243,682,244,2,1
243,683,244,2,1
243,684,268,3,0
243,687,244,2,1
243,690,244,2,1
243,691,268,3,0
243,696,244,2,1
243,700,244,2,1
243,704,218,0,3
243,705,244,2,1
243,709,244,2,1
243,711,244,2,1
243,715,244,2,1
243,717,218,0,3
243,719,244,2,1
243,724,218,0,3
244,626,245,2,1
244,629,245,2,1
244,630,269,3,0
244,631,269,3,0
244,636,245,2,1
244,637,245,2,1
244,650,245,2,1
244,651,245,2,1
244,652,245,2,1
244,654,245,2,1
244,657,245,2,1
244,658,269,3,0
244,660,245,2,1
244,666,245,2,1
244,673,219,0,3
244,677,245,2,1
244,680,269,3,0
244,681,245,2,1
244,682,245,2,1
244,683,245,2,1
244,684,269,3,0
244,687,245,2,1
244,689,219,0,3
244,690,245,2,1
244,691,269,3,0
244,696,245,2,1
244,697,245,2,1
244,700,245,2,1
244,704,219,0,3
244,705,245,2,1
244,709,245,2,1
244,711,245,2,1
244,715,245,2,1
244,717,219,0,3
244,719,245,2,1
244,724,219,0,3
245,626,246,2,1
245,629,246,2,1
245,630,270,3,0
245,631,270,3,0
245,637,246,2,1
245,638,246,2,1
245,650,246,2,1
245,651,246,2,1
245,652,246,2,1
245,654,246,2,1
245,657,246,2,1
245,658,270,3,0
245,660,246,2,1
245,666,246,2,1
245,673,220,0,3
245,677,246,2,1
245,680,270,3,0
245,681,246,2,1
245,682,246,2,1
245,683,246,2,1
245,684,270,3,0
245,685,220,0,3
245,687,246,2,1
245,689,220,0,3
245,690,246,2,1
245,691,270,3,0
245,692,246,2,1
245,694,246,2,1
245,696,246,2,1
245,697,246,2,1
245,700,246,2,1
245,704,220,0,3
245,705,246,2,1
245,709,246,2,1
245,711,246,2,1
245,715,246,2,1
245,717,220,0,3
245,719,246,2,1
245,724,220,0,3
246,626,271,3,0
246,629,221,0,3
246,630,271,3,0
246,631,271,3,0
246,637,271,3,0
246,646,247,2,1
246,650,221,0,3
246,652,271,3,0
246,654,271,3,0
246,655,247,2,1
246,657,221,0,3
246,658,271,3,0
246,660,221,0,3
246,664,247,2,1
246,666,271,3,0
246,672,247,2,1
246,673,221,0,3
246,677,271,3,0
246,680,271,3,0
246,681,271,3,0
246,682,247,2,1
246,683,271,3,0
246,684,271,3,0
246,685,221,0,3
246,687,221,0,3
246,690,221,0,3
246,691,271,3,0
246,696,221,0,3
246,697,271,3,0
246,700,221,0,3
246,702,221,0,3
246,704,221,0,3
246,706,247,2,1
246,709,271,3,0
246,711,221,0,3
246,715,271,3,0
246,716,247,2,1
246,717,221,0,3
246,719,271,3,0
246,721,247,2,1
246,724,221,0,3
247,626,272,3,0
247,629,222,0,3
247,630,246,1,2
247,631,246,1,2
247,637,272,3,0
247,638,272,3,0
247,650,222,0,3
247,651,222,0,3
247,652,272,3,0
247,654,272,3,0
247,657,222,0,3
247,658,246,1,2
247,660,222,0,3
247,666,272,3,0
247,673,246,1,2
247,677,272,3,0
247,680,246,1,2
247,681,272,3,0
247,682,248,2,1
247,683,272,3,0
247,684,246,1,2
247,685,246,1,2
247,687,222,0,3
247,689,246,1,2
247,690,222,0,3
247,691,246,1,2
247,692,222,0,3
247,694,222,0,3
247,696,222,0,3
247,697,272,3,0
247,700,222,0,3
247,702,222,0,3
247,704,246,1,2
247,705,222,0,3
247,709,272,3,0
247,711,222,0,3
247,715,272,3,0
247,717,246,1,2
247,719,272,3,0
247,724,246,1,2
248,626,273,3,0
248,629,223,0,3
248,630,247,1,2
248,631,247,1,2
248,636,273,3,0
248,637,273,3,0
248,650,223,0,3
248,651,223,0,3
248,652,273,3,0
248,654,273,3,0
248,657,223,0,3
248,658,247,1,2
248,660,223,0,3
248,666,273,3,0
248,673,247,1,2
248,677,273,3,0
248,680,247,1,2
248,681,273,3,0
248,682,249,2,1
248,683,273,3,0
248,684,247,1,2
248,687,223,0,3
248,689,247,1,2
248,690,223,0,3
248,691,247,1,2
248,696,223,0,3
248,697,273,3,0
248,700,223,0,3
248,702,223,0,3
248,704,247,1,2
248,705,223,0,3
248,709,273,3,0
248,711,223,0,3
248,715,273,3,0
248,717,247,1,2
248,719,273,3,0
248,724,247,1,2
249,626,274,3,0
249,629,224,0,3
249,630,248,1,2
249,631,248,1,2
249,637,274,3,0
249,650,224,0,3
249,651,224,0,3
249,654,274,3,0
249,660,224,0,3
249,666,274,3,0
249,673,248,1,2
249,677,274,3,0
249,680,248,1,2
249,681,274,3,0
249,682,225,2,3
249,683,274,3,0
249,684,248,1,2
249,687,224,0,3
249,690,224,0,3
249,691,248,1,2
249,696,224,0,3
249,700,224,0,3
249,704,248,1,2
249,705,224,0,3
249,709,274,3,0
249,711,224,0,3
249,715,274,3,0
249,717,248,1,2
249,719,274,3,0
249,724,248,1,2
250,626,275,2,0
250,630,274,3,2
250,631,251,1,1
250,650,225,0,2
250,666,275,2,0
250,673,251,1,1
250,677,275,2,0
250,680,274,3,2
250,681,275,2,0
250,684,274,3,2
250,690,225,0,2
250,691,274,3,2
250,700,225,0,2
250,704,251,1,1
250,711,225,0,2
250,715,275,2,0
250,719,251,1,1
251,626,276,3,0
251,630,250,1,1
251,650,226,0,3
251,681,276,3,0
251,690,226,0,3
251,691,250,1,1
251,711,226,0,3
251,719,252,2,1
252,630,251,1,2
252,711,227,0,3
253,626,278,3,0
253,630,254,2,1
253,650,228,0,3
253,690,252,1,2
253,691,254,2,1
253,711,228,0,3
253,719,719,98,0
254,626,279,3,0
254,630,255,2,1
254,631,255,2,1
254,650,229,0,3
254,666,279,3,0
254,673,255,2,1
254,677,279,3,0
254,681,279,3,0
254,684,255,2,1
254,690,229,0,3
254,691,255,2,1
254,700,229,0,3
254,704,255,2,1
254,711,229,0,3
254,715,279,3,0
254,719,253,1,2
255,626,280,3,0
255,630,256,2,1
255,631,256,2,1
255,637,280,3,0
255,650,230,0,3
255,651,230,0,3
255,660,230,0,3
255,666,280,3,0
255,673,256,2,1
255,677,280,3,0
255,680,256,2,1
255,681,280,3,0
255,682,230,0,3
255,683,280,3,0
255,684,256,2,1
255,690,230,0,3
255,691,256,2,1
255,696,230,0,3
255,700,230,0,3
255,704,256,2,1
255,705,230,0,3
255,709,280,3,0
255,711,230,0,3
255,715,280,3,0
255,717,256,2,1
255,719,254,1,2
255,724,256,2,1
256,626,281,3,0
256,629,231,0,3
256,630,257,2,1
256,631,257,2,1
256,636,281,3,0
256,637,281,3,0
256,650,231,0,3
256,651,231,0,3
256,652,281,3,0
256,654,281,3,0
256,657,231,0,3
256,658,257,2,1
256,660,231,0,3
256,666,281,3,0
256,673,257,2,1
256,677,281,3,0
256,680,257,2,1
256,681,281,3,0
256,682,231,0,3
256,683,281,3,0
256,684,257,2,1
256,687,231,0,3
256,689,257,2,1
256,690,231,0,3
256,691,257,2,1
256,696,231,0,3
256,697,281,3,0
256,700,231,0,3
256,704,257,2,1
256,705,231,0,3
256,709,281,3,0
256,711,231,0,3
256,715,281,3,0
256,717,257,2,1
256,719,255,1,2
256,724,257,2,1
257,626,282,3,0
257,629,232,0,3
257,630,258,2,1
257,631,258,2,1
257,636,282,3,0
257,637,282,3,0
257,638,282,3,0
257,650,232,0,3
257,651,232,0,3
257,652,282,3,0
257,654,282,3,0
257,657,232,0,3
257,658,258,2,1
257,660,232,0,3
257,666,282,3,0
257,673,258,2,1
257,677,282,3,0
257,680,258,2,1
257,681,282,3,0
257,682,232,0,3
257,683,282,3,0
257,684,258,2,1
257,685,258,2,1
257,687,232,0,3
257,689,258,2,1
257,690,232,0,3
257,691,258,2,1
257,692,232,0,3
257,694,232,0,3
257,696,232,0,3
257,697,282,3,0
257,700,232,0,3
257,704,258,2,1
257,705,232,0,3
257,709,282,3,0
257,711,232,0,3
257,715,282,3,0
257,717,258,2,1
257,719,256,1,2
257,724,258,2,1
258,626,283,3,0
258,629,233,0,3
258,630,283,3,0
258,631,283,3,0
258,636,283,3,0
258,637,283,3,0
258,650,233,0,3
258,651,233,0,3
258,652,283,3,0
258,654,283,3,0
258,657,233,0,3
258,660,233,0,3
258,666,283,3,0
258,673,233,0,3
258,677,283,3,0
258,680,283,3,0
258,683,283,3,0
258,684,283,3,0
258,685,233,0,3
258,687,233,0,3
258,690,233,0,3
258,691,283,3,0
258,696,233,0,3
258,697,283,3,0
258,700,233,0,3
258,704,233,0,3
258,709,283,3,0
258,711,233,0,3
258,715,283,3,0
258,717,233,0,3
258,719,257,1,2
258,724,233,0,3
259,626,258,1,2
259,629,258,1,2
259,630,284,3,0
259,631,284,3,0
259,637,258,1,2
259,638,258,1,2
259,646,258,1,2
259,650,258,1,2
259,651,258,1,2
259,652,258,1,2
259,654,258,1,2
259,657,258,1,2
259,658,284,3,0
259,660,258,1,2
259,664,258,1,2
259,666,258,1,2
259,672,258,1,2
259,673,234,0,3
259,677,258,1,2
259,680,284,3,0
259,681,258,1,2
259,682,258,1,2
259,683,258,1,2
259,684,284,3,0
259,685,234,0,3
259,687,258,1,2
259,689,234,0,3
259,690,258,1,2
259,691,284,3,0
259,694,258,1,2
259,696,258,1,2
259,697,258,1,2
259,700,258,1,2
259,701,234,0,3
259,704,234,0,3
259,705,258,1,2
259,709,258,1,2
259,711,258,1,2
259,712,234,0,3
259,715,258,1,2
259,716,258,1,2
259,717,234,0,3
259,719,258,1,2
259,724,234,0,3
260,626,259,1,2
260,629,259,1,2
260,630,285,3,0
260,631,285,3,0
260,637,259,1,2
260,638,259,1,2
260,650,259,1,2
260,651,259,1,2
260,652,259,1,2
260,654,259,1,2
260,657,259,1,2
260,658,285,3,0
260,660,259,1,2
260,666,259,1,2
260,673,235,0,3
260,677,259,1,2
260,680,285,3,0
260,681,259,1,2
260,682,259,1,2
260,683,259,1,2
260,684,285,3,0
260,685,235,0,3
260,687,259,1,2
260,689,235,0,3
260,690,259,1,2
260,691,285,3,0
260,694,259,1,2
260,696,259,1,2
260,697,259,1,2
260,700,259,1,2
260,704,235,0,3
260,705,259,1,2
260,709,259,1,2
260,711,259,1,2
260,715,259,1,2
260,717,235,0,3
260,719,259,1,2
260,724,235,0,3
261,626,260,1,2
261,629,260,1,2
261,630,286,3,0
261,631,286,3,0
261,637,260,1,2
261,650,260,1,2
261,651,260,1,2
261,652,260,1,2
261,654,260,1,2
261,657,260,1,2
261,658,286,3,0
261,660,260,1,2
261,666,260,1,2
261,673,236,0,3
261,677,260,1,2
261,680,286,3,0
261,681,260,1,2
261,682,260,1,2
261,683,260,1,2
261,684,286,3,0
261,687,260,1,2
261,689,236,0,3
261,690,260,1,2
261,691,286,3,0
261,696,260,1,2
261,697,260,1,2
261,700,260,1,2
261,704,236,0,3
261,705,260,1,2
261,709,260,1,2
261,711,260,1,2
261,715,260,1,2
261,717,236,0,3
261,719,260,1,2
261,724,236,0,3
262,626,261,1,2
262,630,287,3,0
262,631,287,3,0
262,637,261,1,2
262,650,261,1,2
262,651,261,1,2
262,660,261,1,2
262,666,261,1,2
262,673,237,0,3
262,677,261,1,2
262,680,287,3,0
262,681,261,1,2
262,682,261,1,2
262,683,261,1,2
262,684,287,3,0
262,690,261,1,2
262,691,287,3,0
262,700,261,1,2
262,704,237,0,3
262,705,261,1,2
262,709,261,1,2
262,711,261,1,2
262,715,261,1,2
262,717,237,0,3
262,719,261,1,2
262,724,237,0,3
263,626,262,1,2
263,630,288,3,0
263,650,262,1,2
263,666,262,1,2
263,677,262,1,2
263,681,262,1,2
263,684,288,3,0
263,690,262,1,2
263,691,288,3,0
263,711,262,1,2
263,715,262,1,2
263,719,262,1,2
264,626,263,1,2
264,630,289,3,0
264,650,263,1,2
264,690,265,2,1
264,691,289,3,0
264,711,263,1,2
264,719,263,1,2
265,630,290,3,0
265,690,266,2,1
265,711,266,2,1
266,626,267,2,1
266,630,291,3,0
266,650,267,2,1
266,681,267,2,1
266,690,267,2,1
266,691,291,3,0
266,711,267,2,1
266,719,267,2,1
267,626,268,2,1
267,630,292,3,0
267,631,266,1,2
267,650,268,2,1
267,666,268,2,1
267,673,266,1,2
267,677,268,2,1
267,680,292,3,0
267,681,268,2,1
267,684,292,3,0
267,690,268,2,1
267,691,292,3,0
267,700,268,2,1
267,704,266,1,2
267,711,268,2,1
267,715,268,2,1
267,719,268,2,1
268,626,269,2,1
268,629,269,2,1
268,630,293,3,0
268,631,293,3,0
268,637,269,2,1
268,650,269,2,1
268,651,269,2,1
268,654,269,2,1
268,660,269,2,1
268,666,269,2,1
268,673,243,0,3
268,677,269,2,1
268,680,293,3,0
268,681,269,2,1
268,682,269,2,1
268,683,269,2,1
268,684,293,3,0
268,687,269,2,1
268,690,269,2,1
268,691,293,3,0
268,696,269,2,1
268,700,269,2,1
268,704,243,0,3
268,705,269,2,1
268,709,269,2,1
268,711,269,2,1
268,715,269,2,1
268,717,243,0,3
268,719,269,2,1
268,724,243,0,3
269,626,270,2,1
269,629,270,2,1
269,630,294,3,0
269,631,294,3,0
269,636,270,2,1
269,637,270,2,1
269,650,270,2,1
269,651,270,2,1
269,652,270,2,1
269,654,270,2,1
269,657,270,2,1
269,658,294,3,0
269,660,270,2,1
269,666,270,2,1
269,673,244,0,3
269,677,270,2,1
269,680,294,3,0
269,681,270,2,1
269,682,270,2,1
269,683,270,2,1
269,684,294,3,0
269,687,270,2,1
269,689,244,0,3
269,690,270,2,1
269,691,294,3,0
269,696,270,2,1
269,697,270,2,1
269,700,270,2,1
269,704,244,0,3
269,705,270,2,1
269,709,270,2,1
269,711,270,2,1
269,715,270,2,1
269,717,244,0,3
269,719,270,2,1
269,724,244,0,3
270,626,271,2,1
270,629,271,2,1
270,630,295,3,0
270,631,295,3,0
270,637,271,2,1
270,638,271,2,1
270,650,271,2,1
270,651,271,2,1
270,652,271,2,1
270,654,271,2,1
270,657,271,2,1
270,658,295,3,0
270,660,271,2,1
270,666,271,2,1
270,673,245,0,3
270,677,271,2,1
270,680,295,3,0
270,681,271,2,1
270,682,271,2,1
270,683,271,2,1
270,684,295,3,0
270,685,245,0,3
270,687,271,2,1
270,689,245,0,3
270,690,271,2,1
270,691,295,3,0
270,692,271,2,1
270,694,271,2,1
270,696,271,2,1
270,697,271,2,1
270,700,271,2,1
270,704,245,0,3
270,705,271,2,1
270,709,271,2,1
270,711,271,2,1
270,715,271,2,1
270,717,245,0,3
270,719,271,2,1
270,724,245,0,3
271,626,296,3,0
271,629,246,0,3
271,630,296,3,0
271,631,296,3,0
271,636,296,3,0
271,637,296,3,0
271,646,272,2,1
271,650,246,0,3
271,651,246,0,3
271,652,296,3,0
271,654,296,3,0
271,655,272,2,1
271,657,246,0,3
271,660,246,0,3
271,664,272,2,1
271,666,296,3,0
271,672,272,2,1
271,673,246,0,3
271,677,296,3,0
271,680,296,3,0
271,683,296,3,0
271,684,296,3,0
271,685,246,0,3
271,687,246,0,3
271,690,246,0,3
271,691,296,3,0
271,696,246,0,3
271,697,296,3,0
271,700,246,0,3
271,704,246,0,3
271,706,272,2,1
271,709,296,3,0
271,711,246,0,3
271,715,296,3,0
271,716,272,2,1
271,717,246,0,3
271,719,272,2,1
271,721,272,2,1
271,724,246,0,3
272,626,297,3,0
272,629,247,0,3
272,630,271,1,2
272,631,271,1,2
272,636,297,3,0
272,637,297,3,0
272,638,297,3,0
272,650,247,0,3
272,651,247,0,3
272,652,297,3,0
272,654,297,3,0
272,657,247,0,3
272,658,271,1,2
272,660,247,0,3
272,666,297,3,0
272,673,271,1,2
272,677,297,3,0
272,680,271,1,2
272,681,297,3,0
272,682,247,0,3
272,683,297,3,0
272,684,271,1,2
272,685,271,1,2
272,687,247,0,3
272,689,271,1,2
272,690,247,0,3
272,691,271,1,2
272,692,247,0,3
272,694,247,0,3
272,696,247,0,3
272,697,297,3,0
272,700,247,0,3
272,704,271,1,2
272,705,247,0,3
272,709,297,3,0
272,711,247,0,3
272,715,297,3,0
272,717,271,1,2
272,719,273,2,1
272,724,271,1,2
273,626,298,3,0
273,629,248,0,3
273,630,272,1,2
273,631,272,1,2
273,636,298,3,0
273,637,298,3,0
273,650,248,0,3
273,651,248,0,3
273,652,298,3,0
273,654,298,3,0
273,657,248,0,3
273,658,272,1,2
273,660,248,0,3
273,666,298,3,0
273,673,272,1,2
273,677,298,3,0
273,680,272,1,2
273,681,298,3,0
273,682,248,0,3
273,683,298,3,0
273,684,272,1,2
273,687,248,0,3
273,689,272,1,2
273,690,248,0,3
273,691,272,1,2
273,696,248,0,3
273,697,298,3,0
273,700,248,0,3
273,704,272,1,2
273,705,248,0,3
273,709,298,3,0
273,711,248,0,3
273,715,298,3,0
273,717,272,1,2
273,719,274,2,1
273,724,272,1,2
274,626,299,3,0
274,629,249,0,3
274,630,273,1,2
274,631,273,1,2
274,637,299,3,0
274,650,249,0,3
274,651,249,0,3
274,654,299,3,0
274,660,249,0,3
274,666,299,3,0
274,673,273,1,2
274,677,299,3,0
274,680,273,1,2
274,681,299,3,0
274,682,249,0,3
274,683,299,3,0
274,684,273,1,2
274,687,249,0,3
274,690,249,0,3
274,691,273,1,2
274,696,249,0,3
274,700,249,0,3
274,704,273,1,2
274,705,249,0,3
274,709,299,3,0
274,711,249,0,3
274,715,299,3,0
274,717,273,1,2
274,719,250,2,3
274,724,273,1,2
275,626,300,2,0
275,630,299,3,2
275,631,276,1,1
275,650,250,0,2
275,666,300,2,0
275,677,300,2,0
275,680,299,3,2
275,681,276,1,1
275,684,299,3,2
275,690,250,0,2
275,691,299,3,2
275,700,250,0,2
275,704,276,1,1
275,711,250,0,2
275,715,300,2,0
275,719,250,0,2
276,626,301,3,0
276,630,275,1,1
276,650,251,0,3
276,681,681,60,0
276,690,251,0,3
276,691,275,1,1
276,711,251,0,3
276,719,251,0,3
277,630,276,1,2
277,711,252,0,3
278,626,303,3,0
278,630,279,2,1
278,650,253,0,3
278,690,277,1,2
278,691,279,2,1
278,711,253,0,3
278,719,253,0,3
279,626,304,3,0
279,630,280,2,1
279,631,280,2,1
279,650,254,0,3
279,666,304,3,0
279,673,280,2,1
279,677,304,3,0
279,681,278,1,2
279,684,280,2,1
279,690,254,0,3
279,691,280,2,1
279,700,254,0,3
279,704,280,2,1
279,711,254,0,3
279,715,304,3,0
279,719,254,0,3
280,626,305,3,0
280,630,281,2,1
280,631,281,2,1
280,637,305,3,0
280,650,255,0,3
280,651,255,0,3
280,660,255,0,3
280,666,305,3,0
280,673,281,2,1
280,677,305,3,0
280,680,281,2,1
280,681,279,1,2
280,682,255,0,3
280,683,305,3,0
280,684,281,2,1
280,690,255,0,3
280,691,281,2,1
280,696,255,0,3
280,700,255,0,3
280,704,281,2,1
280,705,255,0,3
280,709,305,3,0
280,711,255,0,3
280,715,305,3,0
280,717,281,2,1
280,719,255,0,3
280,724,281,2,1
281,626,306,3,0
281,629,256,0,3
281,630,282,2,1
281,631,282,2,1
281,634,280,1,2
281,636,636,15,0
281,637,306,3,0
281,650,256,0,3
281,651,256,0,3
281,652,306,3,0
281,654,306,3,0
281,657,256,0,3
281,658,282,2,1
281,660,256,0,3
281,666,306,3,0
281,673,282,2,1
281,677,306,3,0
281,680,282,2,1
281,681,280,1,2
281,682,256,0,3
281,683,306,3,0
281,684,282,2,1
281,687,256,0,3
281,689,282,2,1
281,690,256,0,3
281,691,282,2,1
281,696,256,0,3
281,697,306,3,0
281,700,256,0,3
281,704,282,2,1
281,705,256,0,3
281,709,306,3,0
281,711,256,0,3
281,715,306,3,0
281,717,282,2,1
281,719,256,0,3
281,724,282,2,1
282,626,307,3,0
282,629,257,0,3
282,630,283,2,1
282,631,283,2,1
282,634,281,1,2
282,636,281,1,2
282,637,307,3,0
282,638,307,3,0
282,650,257,0,3
282,651,257,0,3
282,652,307,3,0
282,654,307,3,0
282,657,257,0,3
282,658,283,2,1
282,660,257,0,3
282,666,307,3,0
282,673,283,2,1
282,677,307,3,0
282,680,283,2,1
282,681,281,1,2
282,682,257,0,3
282,683,307,3,0
282,684,283,2,1
282,685,283,2,1
282,687,257,0,3
282,689,283,2,1
282,690,257,0,3
282,691,283,2,1
282,692,257,0,3
282,694,257,0,3
282,696,257,0,3
282,697,307,3,0
282,700,257,0,3
282,704,283,2,1
282,705,257,0,3
282,709,307,3,0
282,711,257,0,3
282,715,307,3,0
282,717,283,2,1
282,719,257,0,3
282,724,283,2,1
283,626,308,3,0
283,629,258,0,3
283,630,308,3,0
283,631,308,3,0
283,634,282,1,2
283,636,282,1,2
283,637,308,3,0
283,650,258,0,3
283,651,258,0,3
283,652,308,3,0
283,654,308,3,0
283,657,258,0,3
283,660,258,0,3
283,666,308,3,0
283,673,258,0,3
283,677,308,3,0
283,680,308,3,0
283,681,282,1,2
283,683,308,3,0
283,684,308,3,0
283,685,258,0,3
283,687,258,0,3
283,689,308,3,0
283,690,258,0,3
283,691,308,3,0
283,696,258,0,3
283,697,308,3,0
283,700,258,0,3
283,704,258,0,3
283,709,308,3,0
283,711,258,0,3
283,715,308,3,0
283,724,258,0,3
284,626,283,1,2
284,629,283,1,2
284,630,309,3,0
284,631,309,3,0
284,637,283,1,2
284,638,283,1,2
284,646,283,1,2
284,650,283,1,2
284,651,283,1,2
284,652,283,1,2
284,654,283,1,2
284,657,283,1,2
284,658,309,3,0
284,660,283,1,2
284,664,283,1,2
284,666,283,1,2
284,672,283,1,2
284,673,259,0,3
284,677,283,1,2
284,680,309,3,0
284,681,283,1,2
284,682,283,1,2
284,683,283,1,2
284,684,309,3,0
284,685,259,0,3
284,687,283,1,2
284,689,309,3,0
284,690,283,1,2
284,691,309,3,0
284,694,283,1,2
284,696,283,1,2
284,697,283,1,2
284,700,283,1,2
284,701,259,0,3
284,704,259,0,3
284,705,283,1,2
284,709,283,1,2
284,711,283,1,2
284,712,259,0,3
284,715,283,1,2
284,716,283,1,2
284,717,259,0,3
284,719,283,1,2
284,724,259,0,3
285,626,284,1,2
285,629,284,1,2
285,630,310,3,0
285,631,310,3,0
285,637,284,1,2
285,638,284,1,2
285,650,284,1,2
285,651,284,1,2
285,652,284,1,2
285,654,284,1,2
285,657,284,1,2
285,658,310,3,0
285,660,284,1,2
285,666,284,1,2
285,673,260,0,3
285,677,284,1,2
285,680,310,3,0
285,681,284,1,2
285,682,284,1,2
285,683,284,1,2
285,684,310,3,0
285,685,260,0,3
285,687,284,1,2
285,689,310,3,0
285,690,284,1,2
285,691,310,3,0
285,694,284,1,2
285,696,284,1,2
285,697,284,1,2
285,700,284,1,2
285,704,260,0,3
285,705,284,1,2
285,709,284,1,2
285,711,284,1,2
285,715,284,1,2
285,717,260,0,3
285,719,284,1,2
285,724,260,0,3
286,626,285,1,2
286,629,285,1,2
286,630,311,3,0
286,631,311,3,0
286,637,285,1,2
286,650,285,1,2
286,651,285,1,2
286,652,285,1,2
286,654,285,1,2
286,657,285,1,2
286,658,311,3,0
286,660,285,1,2
286,666,285,1,2
286,673,261,0,3
286,677,285,1,2
286,680,311,3,0
286,681,285,1,2
286,682,285,1,2
286,683,285,1,2
286,684,311,3,0
286,687,285,1,2
286,689,311,3,0
286,690,285,1,2
286,691,311,3,0
286,696,285,1,2
286,697,285,1,2
286,700,285,1,2
286,704,261,0,3
286,705,285,1,2
286,709,285,1,2
286,711,285,1,2
286,715,285,1,2
286,717,261,0,3
286,719,285,1,2
286,724,261,0,3
287,626,286,1,2
287,630,312,3,0
287,631,312,3,0
287,637,286,1,2
287,650,286,1,2
287,651,286,1,2
287,660,286,1,2
287,666,286,1,2
287,673,262,0,3
287,677,286,1,2
287,680,312,3,0
287,681,286,1,2
287,682,286,1,2
287,683,286,1,2
287,684,312,3,0
287,690,286,1,2
287,691,312,3,0
287,700,286,1,2
287,704,262,0,3
287,705,286,1,2
287,709,286,1,2
287,711,286,1,2
287,715,286,1,2
287,717,262,0,3
287,719,286,1,2
287,724,262,0,3
288,626,287,1,2
288,630,313,3,0
288,650,287,1,2
288,666,287,1,2
288,677,287,1,2
288,681,287,1,2
288,684,313,3,0
288,690,287,1,2
288,691,313,3,0
288,711,287,1,2
288,715,287,1,2
288,719,287,1,2
289,626,288,1,2
289,630,314,3,0
289,650,288,1,2
289,690,290,2,1
289,691,314,3,0
289,711,288,1,2
289,719,288,1,2
290,630,315,3,0
290,690,291,2,1
290,711,291,2,1
291,626,292,2,1
291,630,316,3,0
291,650,292,2,1
291,681,292,2,1
291,690,292,2,1
291,691,316,3,0
291,711,292,2,1
291,719,292,2,1
292,626,293,2,1
292,630,317,3,0
292,631,291,1,2
292,650,293,2,1
292,666,293,2,1
292,673,291,1,2
292,677,293,2,1
292,680,317,3,0
292,681,293,2,1
292,684,317,3,0
292,690,293,2,1
292,691,317,3,0
292,700,293,2,1
292,704,291,1,2
292,711,293,2,1
292,715,293,2,1
292,719,293,2,1
293,626,294,2,1
293,629,294,2,1
293,630,318,3,0
293,631,318,3,0
293,637,294,2,1
293,650,294,2,1
293,651,294,2,1
293,654,294,2,1
293,660,294,2,1
293,666,294,2,1
293,673,268,0,3
293,677,294,2,1
293,680,318,3,0
293,681,294,2,1
293,682,294,2,1
293,683,294,2,1
293,684,318,3,0
293,687,294,2,1
293,690,294,2,1
293,691,318,3,0
293,696,294,2,1
293,700,294,2,1
293,704,268,0,3
293,705,294,2,1
293,709,294,2,1
293,711,294,2,1
293,715,294,2,1
293,717,268,0,3
293,719,294,2,1
293,724,268,0,3
294,626,295,2,1
294,629,295,2,1
294,630,319,3,0
294,631,319,3,0
294,636,295,2,1
294,637,295,2,1
294,650,295,2,1
294,651,295,2,1
294,652,295,2,1
294,654,295,2,1
294,657,295,2,1
294,658,319,3,0
294,660,295,2,1
294,666,295,2,1
294,673,269,0,3
294,677,295,2,1
294,680,319,3,0
294,681,295,2,1
294,682,295,2,1
294,683,295,2,1
294,684,319,3,0
294,687,295,2,1
294,689,319,3,0
294,690,295,2,1
294,691,319,3,0
294,696,295,2,1
294,697,295,2,1
294,700,295,2,1
294,704,269,0,3
294,705,295,2,1
294,709,295,2,1
294,711,295,2,1
294,715,295,2,1
294,717,269,0,3
294,719,295,2,1
294,724,269,0,3
295,626,296,2,1
295,629,296,2,1
295,630,320,3,0
295,631,320,3,0
295,637,296,2,1
295,638,296,2,1
295,650,296,2,1
295,651,296,2,1
295,652,296,2,1
295,654,296,2,1
295,657,296,2,1
295,658,320,3,0
295,660,296,2,1
295,666,296,2,1
295,673,270,0,3
295,677,296,2,1
295,680,320,3,0
295,681,296,2,1
295,682,296,2,1
295,683,296,2,1
295,684,320,3,0
295,685,270,0,3
295,687,296,2,1
295,689,320,3,0
295,690,296,2,1
295,691,320,3,0
295,692,296,2,1
295,694,296,2,1
295,696,296,2,1
295,697,296,2,1
295,700,296,2,1
295,704,270,0,3
295,705,296,2,1
295,709,296,2,1
295,711,296,2,1
295,715,296,2,1
295,717,270,0,3
295,719,296,2,1
295,724,270,0,3
296,626,321,3,0
296,629,271,0,3
296,630,321,3,0
296,631,321,3,0
296,634,297,2,1
296,636,297,2,1
296,637,321,3,0
296,646,297,2,1
296,650,271,0,3
296,651,271,0,3
296,652,321,3,0
296,654,321,3,0
296,655,297,2,1
296,657,271,0,3
296,660,271,0,3
296,664,297,2,1
296,666,321,3,0
296,672,297,2,1
296,673,271,0,3
296,677,321,3,0
296,680,321,3,0
296,681,297,2,1
296,683,321,3,0
296,684,321,3,0
296,685,271,0,3
296,687,271,0,3
296,689,321,3,0
296,690,271,0,3
296,691,321,3,0
296,696,271,0,3
296,697,321,3,0
296,700,271,0,3
296,704,271,0,3
296,706,297,2,1
296,709,321,3,0
296,711,271,0,3
296,715,321,3,0
296,716,297,2,1
296,721,297,2,1
296,724,271,0,3
297,626,322,3,0
297,629,272,0,3
297,630,296,1,2
297,631,296,1,2
297,634,298,2,1
297,636,298,2,1
297,637,322,3,0
297,638,322,3,0
297,650,272,0,3
297,651,272,0,3
297,652,322,3,0
297,654,322,3,0
297,657,272,0,3
297,658,296,1,2
297,660,272,0,3
297,666,322,3,0
297,673,296,1,2
297,677,322,3,0
297,680,296,1,2
297,681,298,2,1
297,682,272,0,3
297,683,322,3,0
297,684,296,1,2
297,685,296,1,2
297,687,272,0,3
297,689,296,1,2
297,690,272,0,3
297,691,296,1,2
297,692,272,0,3
297,694,272,0,3
297,696,272,0,3
297,697,322,3,0
297,700,272,0,3
297,704,296,1,2
297,705,272,0,3
297,709,322,3,0
297,711,272,0,3
297,715,322,3,0
297,717,296,1,2
297,719,272,0,3
297,724,296,1,2
298,626,323,3,0
298,629,273,0,3
298,630,297,1,2
298,631,297,1,2
298,634,299,2,1
298,637,323,3,0
298,650,273,0,3
298,651,273,0,3
298,652,323,3,0
298,654,323,3,0
298,657,273,0,3
298,658,297,1,2
298,660,273,0,3
298,666,323,3,0
298,673,297,1,2
298,677,323,3,0
298,680,297,1,2
298,681,299,2,1
298,682,273,0,3
298,683,323,3,0
298,684,297,1,2
298,687,273,0,3
298,689,297,1,2
298,690,273,0,3
298,691,297,1,2
298,696,273,0,3
298,697,323,3,0
298,700,273,0,3
298,704,297,1,2
298,705,273,0,3
298,709,323,3,0
298,711,273,0,3
298,715,323,3,0
298,717,297,1,2
298,719,273,0,3
298,724,297,1,2
299,626,324,3,0
299,629,274,0,3
299,630,298,1,2
299,631,298,1,2
299,634,634,13,0
299,637,324,3,0
299,650,274,0,3
299,651,274,0,3
299,654,324,3,0
299,660,274,0,3
299,666,324,3,0
299,673,298,1,2
299,677,324,3,0
299,680,298,1,2
299,681,275,2,3
299,682,274,0,3
299,683,324,3,0
299,684,298,1,2
299,687,274,0,3
299,690,274,0,3
299,691,298,1,2
299,696,274,0,3
299,700,274,0,3
299,704,298,1,2
299,705,274,0,3
299,709,324,3,0
299,711,274,0,3
299,715,324,3,0
299,717,298,1,2
299,719,274,0,3
299,724,298,1,2
300,626,325,2,0
300,630,324,3,2
300,631,301,1,1
300,650,275,0,2
300,666,301,1,1
300,673,301,1,1
300,677,325,2,0
300,680,324,3,2
300,681,275,0,2
300,684,324,3,2
300,690,275,0,2
300,691,324,3,2
300,700,275,0,2
300,704,301,1,1
300,711,275,0,2
300,715,325,2,0
300,719,275,0,2
301,626,326,3,0
301,630,300,1,1
301,650,276,0,3
301,681,276,0,3
301,690,276,0,3
301,691,300,1,1
301,711,276,0,3
301,719,276,0,3
302,630,301,1,2
302,711,277,0,3
303,626,328,3,0
303,630,304,2,1
303,650,278,0,3
303,690,302,1,2
303,691,304,2,1
303,711,278,0,3
303,719,278,0,3
304,626,329,3,0
304,630,305,2,1
304,631,305,2,1
304,650,279,0,3
304,666,666,45,0
304,673,305,2,1
304,677,329,3,0
304,681,279,0,3
304,684,305,2,1
304,690,279,0,3
304,691,305,2,1
304,700,279,0,3
304,704,305,2,1
304,711,279,0,3
304,715,329,3,0
304,719,279,0,3
305,626,330,3,0
305,630,306,2,1
305,631,306,2,1
305,637,330,3,0
305,650,280,0,3
305,651,280,0,3
305,660,280,0,3
305,666,304,1,2
305,673,306,2,1
305,677,330,3,0
305,680,306,2,1
305,681,280,0,3
305,682,280,0,3
305,683,330,3,0
305,684,306,2,1
305,690,280,0,3
305,691,306,2,1
305,696,330,3,0
305,700,280,0,3
305,704,306,2,1
305,705,280,0,3
305,709,330,3,0
305,711,280,0,3
305,715,330,3,0
305,717,306,2,1
305,719,280,0,3
305,724,306,2,1
306,626,331,3,0
306,629,281,0,3
306,630,307,2,1
306,631,307,2,1
306,634,281,0,3
306,636,281,0,3
306,637,331,3,0
306,650,281,0,3
306,651,281,0,3
306,652,331,3,0
306,654,331,3,0
306,657,331,3,0
306,658,307,2,1
306,660,281,0,3
306,666,305,1,2
306,673,307,2,1
306,677,331,3,0
306,680,307,2,1
306,681,281,0,3
306,682,281,0,3
306,683,331,3,0
306,684,307,2,1
306,687,281,0,3
306,689,307,2,1
306,690,281,0,3
306,691,307,2,1
306,696,331,3,0
306,697,331,3,0
306,700,281,0,3
306,704,307,2,1
306,705,281,0,3
306,709,331,3,0
306,711,281,0,3
306,715,331,3,0
306,717,307,2,1
306,719,281,0,3
306,724,307,2,1
307,626,332,3,0
307,629,282,0,3
307,630,308,2,1
307,631,308,2,1
307,634,282,0,3
307,637,332,3,0
307,638,332,3,0
307,650,282,0,3
307,651,282,0,3
307,652,332,3,0
307,654,332,3,0
307,657,332,3,0
307,658,308,2,1
307,660,282,0,3
307,666,306,1,2
307,673,308,2,1
307,677,332,3,0
307,680,308,2,1
307,681,282,0,3
307,682,282,0,3
307,683,332,3,0
307,684,308,2,1
307,685,308,2,1
307,687,282,0,3
307,689,308,2,1
307,690,282,0,3
307,691,308,2,1
307,692,282,0,3
307,694,282,0,3
307,696,332,3,0
307,697,332,3,0
307,700,282,0,3
307,704,308,2,1
307,705,282,0,3
307,709,332,3,0
307,711,282,0,3
307,715,332,3,0
307,717,308,2,1
307,719,282,0,3
307,724,308,2,1
308,626,333,3,0
308,629,283,0,3
308,630,333,3,0
308,631,333,3,0
308,634,283,0,3
308,637,333,3,0
308,650,283,0,3
308,651,283,0,3
308,652,333,3,0
308,654,333,3,0
308,660,283,0,3
308,666,307,1,2
308,677,333,3,0
308,680,333,3,0
308,681,283,0,3
308,683,333,3,0
308,684,333,3,0
308,685,283,0,3
308,687,283,0,3
308,689,333,3,0
308,690,283,0,3
308,691,333,3,0
308,697,333,3,0
308,700,283,0,3
308,704,283,0,3
308,709,333,3,0
308,711,283,0,3
308,715,333,3,0
308,719,283,0,3
308,724,283,0,3
309,626,308,1,2
309,629,308,1,2
309,630,334,3,0
309,631,334,3,0
309,637,308,1,2
309,638,308,1,2
309,646,308,1,2
309,650,308,1,2
309,651,308,1,2
309,652,308,1,2
309,654,308,1,2
309,657,308,1,2
309,658,334,3,0
309,660,308,1,2
309,664,308,1,2
309,666,308,1,2
309,672,308,1,2
309,673,284,0,3
309,677,308,1,2
309,680,334,3,0
309,681,308,1,2
309,682,308,1,2
309,683,308,1,2
309,684,334,3,0
309,685,284,0,3
309,687,308,1,2
309,689,334,3,0
309,690,308,1,2
309,691,334,3,0
309,694,308,1,2
309,696,308,1,2
309,697,308,1,2
309,700,308,1,2
309,701,284,0,3
309,704,284,0,3
309,705,308,1,2
309,709,308,1,2
309,711,308,1,2
309,712,284,0,3
309,715,308,1,2
309,716,308,1,2
309,717,284,0,3
309,719,308,1,2
309,724,284,0,3
310,626,309,1,2
310,629,309,1,2
310,630,335,3,0
310,631,335,3,0
310,637,309,1,2
310,638,309,1,2
310,650,309,1,2
310,651,309,1,2
310,652,309,1,2
310,654,309,1,2
310,657,309,1,2
310,658,335,3,0
310,660,309,1,2
310,666,309,1,2
310,673,285,0,3
310,677,309,1,2
310,680,335,3,0
310,681,309,1,2
310,682,309,1,2
310,683,309,1,2
310,684,335,3,0
310,685,285,0,3
310,687,309,1,2
310,689,335,3,0
310,690,309,1,2
310,691,335,3,0
310,694,309,1,2
310,696,309,1,2
310,697,309,1,2
310,700,309,1,2
310,704,285,0,3
310,705,309,1,2
310,709,309,1,2
310,711,309,1,2
310,715,309,1,2
310,717,285,0,3
310,719,309,1,2
310,724,285,0,3
311,626,310,1,2
311,629,310,1,2
311,630,336,3,0
311,631,336,3,0
311,637,310,1,2
311,650,310,1,2
311,651,310,1,2
311,652,310,1,2
311,654,310,1,2
311,657,310,1,2
311,658,336,3,0
311,660,310,1,2
311,666,310,1,2
311,673,286,0,3
311,677,310,1,2
311,680,336,3,0
311,681,310,1,2
311,682,310,1,2
311,683,310,1,2
311,684,336,3,0
311,687,310,1,2
311,689,336,3,0
311,690,310,1,2
311,691,336,3,0
311,696,310,1,2
311,697,310,1,2
311,700,310,1,2
311,704,286,0,3
311,705,310,1,2
311,709,310,1,2
311,711,310,1,2
311,715,310,1,2
311,717,286,0,3
311,719,310,1,2
311,724,286,0,3
312,626,311,1,2
312,630,337,3,0
312,631,337,3,0
312,637,311,1,2
312,650,311,1,2
312,651,311,1,2
312,660,311,1,2
312,666,311,1,2
312,673,287,0,3
312,677,311,1,2
312,680,337,3,0
312,681,311,1,2
312,682,311,1,2
312,683,311,1,2
312,684,337,3,0
312,690,311,1,2
312,691,337,3,0
312,700,311,1,2
312,704,287,0,3
312,705,311,1,2
312,709,311,1,2
312,711,311,1,2
312,715,311,1,2
312,717,287,0,3
312,719,311,1,2
312,724,287,0,3
313,626,312,1,2
313,630,338,3,0
313,650,312,1,2
313,666,312,1,2
313,677,312,1,2
313,681,312,1,2
313,684,338,3,0
313,690,312,1,2
313,691,338,3,0
313,711,312,1,2
313,715,312,1,2
313,719,312,1,2
314,626,313,1,2
314,630,339,3,0
314,650,313,1,2
314,690,315,2,1
314,691,339,3,0
314,711,313,1,2
314,719,313,1,2
315,630,340,3,0
315,690,316,2,1
315,711,316,2,1
316,626,317,2,1
316,630,341,3,0
316,650,317,2,1
316,681,317,2,1
316,690,317,2,1
316,691,341,3,0
316,711,317,2,1
316,719,317,2,1
317,626,318,2,1
317,630,342,3,0
317,631,316,1,2
317,650,318,2,1
317,666,318,2,1
317,673,316,1,2
317,677,318,2,1
317,680,342,3,0
317,681,318,2,1
317,684,342,3,0
317,690,318,2,1
317,691,342,3,0
317,700,318,2,1
317,704,316,1,2
317,711,318,2,1
317,715,318,2,1
317,719,318,2,1
318,626,319,2,1
318,629,319,2,1
318,630,343,3,0
318,631,343,3,0
318,637,319,2,1
318,650,319,2,1
318,651,319,2,1
318,654,319,2,1
318,660,319,2,1
318,666,319,2,1
318,673,293,0,3
318,677,319,2,1
318,680,343,3,0
318,681,319,2,1
318,682,319,2,1
318,683,319,2,1
318,684,343,3,0
318,687,319,2,1
318,690,319,2,1
318,691,343,3,0
318,696,319,2,1
318,700,319,2,1
318,704,293,0,3
318,705,319,2,1
318,709,319,2,1
318,711,319,2,1
318,715,319,2,1
318,717,293,0,3
318,719,319,2,1
318,724,293,0,3
319,626,320,2,1
319,629,320,2,1
319,630,344,3,0
319,631,344,3,0
319,636,320,2,1
319,637,320,2,1
319,650,320,2,1
319,651,320,2,1
319,652,320,2,1
319,654,320,2,1
319,657,320,2,1
319,658,344,3,0
319,660,320,2,1
319,666,320,2,1
319,673,294,0,3
319,677,320,2,1
319,680,344,3,0
319,681,320,2,1
319,682,320,2,1
319,683,320,2,1
319,684,344,3,0
319,687,320,2,1
319,689,344,3,0
319,690,320,2,1
319,691,344,3,0
319,696,320,2,1
319,697,320,2,1
319,700,320,2,1
319,704,294,0,3
319,705,320,2,1
319,709,320,2,1
319,711,320,2,1
319,715,320,2,1
319,717,294,0,3
319,719,320,2,1
319,724,294,0,3
320,626,321,2,1
320,629,321,2,1
320,630,345,3,0
320,631,345,3,0
320,637,321,2,1
320,638,321,2,1
320,650,321,2,1
320,651,321,2,1
320,652,321,2,1
320,654,321,2,1
320,657,321,2,1
320,658,345,3,0
320,660,321,2,1
320,666,321,2,1
320,673,295,0,3
320,677,321,2,1
320,680,345,3,0
320,681,321,2,1
320,682,321,2,1
320,683,321,2,1
320,684,345,3,0
320,685,295,0,3
320,687,321,2,1
320,689,345,3,0
320,690,321,2,1
320,691,345,3,0
320,692,321,2,1
320,694,321,2,1
320,696,321,2,1
320,697,321,2,1
320,700,321,2,1
320,704,295,0,3
320,705,321,2,1
320,709,321,2,1
320,711,321,2,1
320,715,321,2,1
320,717,295,0,3
320,719,321,2,1
320,724,295,0,3
321,626,346,3,0
321,629,296,0,3
321,630,346,3,0
321,631,346,3,0
321,634,296,0,3
321,637,346,3,0
321,646,322,2,1
321,650,296,0,3
321,651,296,0,3
321,652,346,3,0
321,654,346,3,0
321,655,322,2,1
321,660,296,0,3
321,664,322,2,1
321,666,322,2,1
321,672,322,2,1
321,677,346,3,0
321,680,346,3,0
321,681,296,0,3
321,683,346,3,0
321,684,346,3,0
321,685,296,0,3
321,687,296,0,3
321,689,346,3,0
321,690,296,0,3
321,691,346,3,0
321,697,346,3,0
321,700,296,0,3
321,704,296,0,3
321,706,322,2,1
321,709,346,3,0
321,711,296,0,3
321,715,346,3,0
321,716,322,2,1
321,719,296,0,3
321,721,322,2,1
321,724,296,0,3
322,626,347,3,0
322,629,297,0,3
322,630,321,1,2
322,631,321,1,2
322,634,297,0,3
322,637,347,3,0
322,638,347,3,0
322,650,297,0,3
322,651,297,0,3
322,652,347,3,0
322,654,347,3,0
322,657,347,3,0
322,658,321,1,2
322,660,297,0,3
322,666,323,2,1
322,673,321,1,2
322,677,347,3,0
322,680,321,1,2
322,681,297,0,3
322,682,297,0,3
322,683,347,3,0
322,684,321,1,2
322,685,321,1,2
322,687,297,0,3
322,689,321,1,2
322,690,297,0,3
322,691,321,1,2
322,692,297,0,3
322,694,297,0,3
322,696,347,3,0
322,697,347,3,0
322,700,297,0,3
322,704,321,1,2
322,705,297,0,3
322,709,347,3,0
322,711,297,0,3
322,715,347,3,0
322,717,321,1,2
322,719,297,0,3
322,724,321,1,2
323,626,348,3,0
323,629,298,0,3
323,630,322,1,2
323,631,322,1,2
323,634,298,0,3
323,636,298,0,3
323,637,348,3,0
323,650,298,0,3
323,651,298,0,3
323,652,348,3,0
323,654,348,3,0
323,657,348,3,0
323,658,322,1,2
323,660,298,0,3
323,666,324,2,1
323,673,322,1,2
323,677,348,3,0
323,680,322,1,2
323,681,298,0,3
323,682,298,0,3
323,683,348,3,0
323,684,322,1,2
323,687,298,0,3
323,689,322,1,2
323,690,298,0,3
323,691,322,1,2
323,696,348,3,0
323,697,348,3,0
323,700,298,0,3
323,704,322,1,2
323,705,298,0,3
323,709,348,3,0
323,711,298,0,3
323,715,348,3,0
323,717,322,1,2
323,719,298,0,3
323,724,322,1,2
324,626,349,3,0
324,629,299,0,3
324,630,323,1,2
324,631,323,1,2
324,634,299,0,3
324,637,349,3,0
324,650,299,0,3
324,651,299,0,3
324,654,349,3,0
324,660,299,0,3
324,666,300,2,3
324,673,323,1,2
324,677,349,3,0
324,680,323,1,2
324,681,299,0,3
324,682,299,0,3
324,683,349,3,0
324,684,323,1,2
324,687,299,0,3
324,690,299,0,3
324,691,323,1,2
324,696,349,3,0
324,700,299,0,3
324,704,323,1,2
324,705,299,0,3
324,709,349,3,0
324,711,299,0,3
324,715,349,3,0
324,717,323,1,2
324,719,299,0,3
324,724,323,1,2
325,626,350,2,0
325,630,349,3,2
325,631,326,1,1
325,650,300,0,2
325,666,300,0,2
325,673,326,1,1
325,677,350,2,0
325,680,349,3,2
325,681,300,0,2
325,684,349,3,2
325,690,300,0,2
325,691,349,3,2
325,700,300,0,2
325,704,326,1,1
325,711,300,0,2
325,715,326,1,1
325,719,300,0,2
326,626,351,3,0
326,630,325,1,1
326,650,301,0,3
326,681,301,0,3
326,690,301,0,3
326,691,325,1,1
326,711,301,0,3
326,719,301,0,3
327,630,326,1,2
327,711,302,0,3
328,626,353,3,0
328,630,329,2,1
328,650,303,0,3
328,690,327,1,2
328,691,329,2,1
328,711,303,0,3
328,719,303,0,3
329,626,354,3,0
329,630,330,2,1
329,631,330,2,1
329,650,304,0,3
329,666,304,0,3
329,673,330,2,1
329,677,354,3,0
329,681,304,0,3
329,684,330,2,1
329,690,304,0,3
329,691,330,2,1
329,700,304,0,3
329,704,330,2,1
329,711,304,0,3
329,715,715,94,0
329,719,304,0,3
330,626,355,3,0
330,630,331,2,1
330,631,331,2,1
330,637,355,3,0
330,650,305,0,3
330,651,305,0,3
330,660,355,3,0
330,666,305,0,3
330,673,331,2,1
330,677,355,3,0
330,680,331,2,1
330,681,305,0,3
330,682,305,0,3
330,683,355,3,0
330,684,331,2,1
330,690,305,0,3
330,691,331,2,1
330,696,355,3,0
330,700,305,0,3
330,704,331,2,1
330,705,305,0,3
330,709,709,88,0
330,711,305,0,3
330,715,329,1,2
330,717,331,2,1
330,719,305,0,3
330,724,331,2,1
331,626,356,3,0
331,629,306,0,3
331,630,332,2,1
331,631,332,2,1
331,636,306,0,3
331,637,356,3,0
331,650,306,0,3
331,651,306,0,3
331,652,652,31,0
331,654,356,3,0
331,657,356,3,0
331,658,332,2,1
331,660,356,3,0
331,666,306,0,3
331,673,332,2,1
331,677,356,3,0
331,680,332,2,1
331,681,306,0,3
331,682,306,0,3
331,683,356,3,0
331,684,332,2,1
331,687,306,0,3
331,689,332,2,1
331,690,306,0,3
331,691,332,2,1
331,696,356,3,0
331,697,697,76,0
331,700,306,0,3
331,704,332,2,1
331,705,306,0,3
331,709,330,1,2
331,711,306,0,3
331,715,330,1,2
331,717,332,2,1
331,719,306,0,3
331,724,332,2,1
332,626,357,3,0
332,629,307,0,3
332,630,333,2,1
332,631,333,2,1
332,637,357,3,0
332,638,357,3,0
332,650,307,0,3
332,651,307,0,3
332,652,331,1,2
332,654,357,3,0
332,657,357,3,0
332,658,333,2,1
332,660,357,3,0
332,666,307,0,3
332,673,333,2,1
332,677,357,3,0
332,680,333,2,1
332,681,307,0,3
332,682,307,0,3
332,683,357,3,0
332,684,333,2,1
332,685,333,2,1
332,687,307,0,3
332,689,333,2,1
332,690,307,0,3
332,691,333,2,1
332,692,307,0,3
332,694,307,0,3
332,696,357,3,0
332,697,331,1,2
332,700,307,0,3
332,704,333,2,1
332,705,307,0,3
332,709,331,1,2
332,711,307,0,3
332,715,331,1,2
332,717,333,2,1
332,719,307,0,3
332,724,333,2,1
333,626,358,3,0
333,629,308,0,3
333,630,358,3,0
333,637,358,3,0
333,650,308,0,3
333,651,308,0,3
333,652,332,1,2
333,654,358,3,0
333,677,358,3,0
333,680,358,3,0
333,681,308,0,3
333,683,358,3,0
333,684,358,3,0
333,685,308,0,3
333,687,308,0,3
333,689,358,3,0
333,690,308,0,3
333,691,358,3,0
333,697,332,1,2
333,700,308,0,3
333,704,308,0,3
333,705,308,0,3
333,709,332,1,2
333,711,308,0,3
333,715,332,1,2
333,719,308,0,3
333,724,308,0,3
334,626,333,1,2
334,629,333,1,2
334,630,359,3,0
334,631,359,3,0
334,637,333,1,2
334,638,333,1,2
334,646,333,1,2
334,650,333,1,2
334,651,333,1,2
334,652,333,1,2
334,654,333,1,2
334,657,333,1,2
334,658,359,3,0
334,660,333,1,2
334,664,333,1,2
334,666,333,1,2
334,672,333,1,2
334,673,309,0,3
334,677,333,1,2
334,680,359,3,0
334,681,333,1,2
334,682,333,1,2
334,683,333,1,2
334,684,359,3,0
334,685,309,0,3
334,687,333,1,2
334,689,359,3,0
334,690,333,1,2
334,691,359,3,0
334,694,333,1,2
334,696,333,1,2
334,697,333,1,2
334,700,333,1,2
334,701,309,0,3
334,704,309,0,3
334,705,333,1,2
334,709,333,1,2
334,711,333,1,2
334,712,309,0,3
334,715,333,1,2
334,716,333,1,2
334,717,309,0,3
334,719,333,1,2
334,724,309,0,3
335,626,334,1,2
335,629,334,1,2
335,630,360,3,0
335,631,360,3,0
335,637,334,1,2
335,638,334,1,2
335,650,334,1,2
335,651,334,1,2
335,652,334,1,2
335,654,334,1,2
335,657,334,1,2
335,658,360,3,0
335,660,334,1,2
335,666,334,1,2
335,673,310,0,3
335,677,334,1,2
335,680,360,3,0
335,681,334,1,2
335,682,334,1,2
335,683,334,1,2
335,684,360,3,0
335,685,310,0,3
335,687,334,1,2
335,689,360,3,0
335,690,334,1,2
335,691,360,3,0
335,694,334,1,2
335,696,334,1,2
335,697,334,1,2
335,700,334,1,2
335,704,310,0,3
335,705,334,1,2
335,709,334,1,2
335,711,334,1,2
335,715,334,1,2
335,717,310,0,3
335,719,334,1,2
335,724,310,0,3
336,626,335,1,2
336,629,335,1,2
336,630,361,3,0
336,631,361,3,0
336,637,335,1,2
336,650,335,1,2
336,651,335,1,2
336,652,335,1,2
336,654,335,1,2
336,657,335,1,2
336,658,361,3,0
336,660,335,1,2
336,666,335,1,2
336,673,311,0,3
336,677,335,1,2
336,680,361,3,0
336,681,335,1,2
336,682,335,1,2
336,683,335,1,2
336,684,361,3,0
336,687,335,1,2
336,689,361,3,0
336,690,335,1,2
336,691,361,3,0
336,696,335,1,2
336,697,335,1,2
336,700,335,1,2
336,704,311,0,3
336,705,335,1,2
336,709,335,1,2
336,711,335,1,2
336,715,335,1,2
336,717,311,0,3
336,719,335,1,2
336,724,311,0,3
337,626,336,1,2
337,630,362,3,0
337,631,362,3,0
337,637,336,1,2
337,650,336,1,2
337,651,336,1,2
337,660,336,1,2
337,666,336,1,2
337,673,312,0,3
337,677,336,1,2
337,680,362,3,0
337,681,336,1,2
337,682,336,1,2
337,683,336,1,2
337,684,362,3,0
337,690,336,1,2
337,691,362,3,0
337,700,336,1,2
337,704,312,0,3
337,705,336,1,2
337,709,336,1,2
337,711,336,1,2
337,715,336,1,2
337,717,312,0,3
337,719,336,1,2
337,724,312,0,3
338,626,337,1,2
338,630,363,3,0
338,650,337,1,2
338,666,337,1,2
338,677,337,1,2
338,681,337,1,2
338,684,363,3,0
338,690,337,1,2
338,691,363,3,0
338,711,337,1,2
338,715,337,1,2
338,719,337,1,2
339,626,338,1,2
339,630,364,3,0
339,650,338,1,2
339,690,340,2,1
339,691,364,3,0
339,711,338,1,2
339,719,338,1,2
340,630,365,3,0
340,690,341,2,1
340,711,341,2,1
341,626,342,2,1
341,630,366,3,0
341,650,342,2,1
341,681,342,2,1
341,690,342,2,1
341,691,366,3,0
341,711,342,2,1
341,719,342,2,1
342,626,343,2,1
342,630,367,3,0
342,631,341,1,2
342,650,343,2,1
342,666,343,2,1
342,673,341,1,2
342,677,343,2,1
342,680,367,3,0
342,681,343,2,1
342,684,367,3,0
342,690,343,2,1
342,691,367,3,0
342,700,343,2,1
342,704,341,1,2
342,711,343,2,1
342,715,343,2,1
342,719,343,2,1
343,626,344,2,1
343,629,344,2,1
343,630,368,3,0
343,631,368,3,0
343,637,344,2,1
343,650,344,2,1
343,651,344,2,1
343,654,344,2,1
343,660,344,2,1
343,666,344,2,1
343,673,318,0,3
343,677,344,2,1
343,680,368,3,0
343,681,344,2,1
343,682,344,2,1
343,683,344,2,1
343,684,368,3,0
343,687,344,2,1
343,690,344,2,1
343,691,368,3,0
343,696,344,2,1
343,700,344,2,1
343,704,318,0,3
343,705,344,2,1
343,709,344,2,1
343,711,344,2,1
343,715,344,2,1
343,717,318,0,3
343,719,344,2,1
343,724,318,0,3
344,626,345,2,1
344,629,345,2,1
344,630,369,3,0
344,631,369,3,0
344,636,345,2,1
344,637,345,2,1
344,650,345,2,1
344,651,345,2,1
344,652,345,2,1
344,654,345,2,1
344,657,345,2,1
344,658,369,3,0
344,660,345,2,1
344,666,345,2,1
344,673,319,0,3
344,677,345,2,1
344,680,369,3,0
344,681,345,2,1
344,682,345,2,1
344,683,345,2,1
344,684,369,3,0
344,687,345,2,1
344,689,369,3,0
344,690,345,2,1
344,691,369,3,0
344,696,345,2,1
344,697,345,2,1
344,700,345,2,1
344,704,319,0,3
344,705,345,2,1
344,709,345,2,1
344,711,345,2,1
344,715,345,2,1
344,717,319,0,3
344,719,345,2,1
344,724,319,0,3
345,626,346,2,1
345,629,346,2,1
345,630,370,3,0
345,631,370,3,0
345,637,346,2,1
345,638,346,2,1
345,650,346,2,1
345,651,346,2,1
345,652,346,2,1
345,654,346,2,1
345,657,346,2,1
345,658,370,3,0
345,660,346,2,1
345,666,346,2,1
345,673,320,0,3
345,677,346,2,1
345,680,370,3,0
345,681,346,2,1
345,682,346,2,1
345,683,346,2,1
345,684,370,3,0
345,685,320,0,3
345,687,346,2,1
345,689,370,3,0
345,690,346,2,1
345,691,370,3,0
345,692,346,2,1
345,694,346,2,1
345,696,346,2,1
345,697,346,2,1
345,700,346,2,1
345,704,320,0,3
345,705,346,2,1
345,709,346,2,1
345,711,346,2,1
345,715,346,2,1
345,717,320,0,3
345,719,346,2,1
345,724,320,0,3
346,626,371,3,0
346,629,321,0,3
346,630,371,3,0
346,637,371,3,0
346,646,347,2,1
346,650,321,0,3
346,651,321,0,3
346,652,347,2,1
346,654,371,3,0
346,655,347,2,1
346,664,347,2,1
346,672,347,2,1
346,677,371,3,0
346,680,371,3,0
346,681,321,0,3
346,683,371,3,0
346,684,371,3,0
346,685,321,0,3
346,687,321,0,3
346,689,371,3,0
346,690,321,0,3
346,691,371,3,0
346,697,347,2,1
346,700,321,0,3
346,704,321,0,3
346,705,321,0,3
346,706,347,2,1
346,709,347,2,1
346,711,321,0,3
346,715,347,2,1
346,716,347,2,1
346,719,321,0,3
346,721,347,2,1
346,724,321,0,3
347,626,372,3,0
347,629,322,0,3
347,630,346,1,2
347,631,346,1,2
347,637,372,3,0
347,638,372,3,0
347,650,322,0,3
347,651,322,0,3
347,652,348,2,1
347,654,372,3,0
347,657,372,3,0
347,658,346,1,2
347,660,372,3,0
347,666,322,0,3
347,673,346,1,2
347,677,372,3,0
347,680,346,1,2
347,681,322,0,3
347,682,322,0,3
347,683,372,3,0
347,684,346,1,2
347,685,346,1,2
347,687,322,0,3
347,689,346,1,2
347,690,322,0,3
347,691,346,1,2
347,692,322,0,3
347,694,322,0,3
347,696,372,3,0
347,697,348,2,1
347,700,322,0,3
347,704,346,1,2
347,705,322,0,3
347,709,348,2,1
347,711,322,0,3
347,715,348,2,1
347,717,346,1,2
347,719,322,0,3
347,724,346,1,2
348,626,373,3,0
348,629,323,0,3
348,630,347,1,2
348,631,347,1,2
348,636,323,0,3
348,637,373,3,0
348,650,323,0,3
348,651,323,0,3
348,652,349,2,1
348,654,373,3,0
348,657,373,3,0
348,658,347,1,2
348,660,373,3,0
348,666,323,0,3
348,673,347,1,2
348,677,373,3,0
348,680,347,1,2
348,681,323,0,3
348,682,323,0,3
348,683,373,3,0
348,684,347,1,2
348,687,323,0,3
348,689,347,1,2
348,690,323,0,3
348,691,347,1,2
348,696,373,3,0
348,697,349,2,1
348,700,323,0,3
348,704,347,1,2
348,705,323,0,3
348,709,349,2,1
348,711,323,0,3
348,715,349,2,1
348,717,347,1,2
348,719,323,0,3
348,724,347,1,2
349,626,374,3,0
349,629,324,0,3
349,630,348,1,2
349,631,348,1,2
349,637,374,3,0
349,650,324,0,3
349,651,324,0,3
349,654,374,3,0
349,660,374,3,0
349,666,324,0,3
349,673,348,1,2
349,677,374,3,0
349,680,348,1,2
349,681,324,0,3
349,682,324,0,3
349,683,374,3,0
349,684,348,1,2
349,687,324,0,3
349,690,324,0,3
349,691,348,1,2
349,696,374,3,0
349,700,324,0,3
349,704,348,1,2
349,705,324,0,3
349,709,325,2,3
349,711,324,0,3
349,715,325,2,3
349,717,348,1,2
349,719,324,0,3
349,724,348,1,2
350,626,351,1,1
350,630,374,3,2
350,631,351,1,1
350,650,325,0,2
350,666,325,0,2
350,673,351,1,1
350,677,351,1,1
350,680,374,3,2
350,681,325,0,2
350,684,374,3,2
350,690,325,0,2
350,691,374,3,2
350,700,375,2,0
350,704,351,1,1
350,711,325,0,2
350,715,325,0,2
350,719,325,0,2
351,626,352,2,1
351,630,350,1,1
351,650,326,0,3
351,681,326,0,3
351,690,326,0,3
351,691,350,1,1
351,711,326,0,3
351,719,326,0,3
352,630,351,1,2
352,711,327,0,3
353,626,626,5,0
353,630,354,2,1
353,650,328,0,3
353,690,352,1,2
353,691,354,2,1
353,711,328,0,3
353,719,328,0,3
354,626,353,1,2
354,630,355,2,1
354,631,355,2,1
354,650,329,0,3
354,666,329,0,3
354,673,355,2,1
354,677,677,56,0
354,681,329,0,3
354,684,355,2,1
354,690,329,0,3
354,691,355,2,1
354,700,379,3,0
354,704,355,2,1
354,711,329,0,3
354,715,329,0,3
354,719,329,0,3
355,626,354,1,2
355,630,356,2,1
355,631,356,2,1
355,637,380,3,0
355,650,330,0,3
355,651,330,0,3
355,660,380,3,0
355,666,330,0,3
355,673,356,2,1
355,677,354,1,2
355,680,356,2,1
355,681,330,0,3
355,682,330,0,3
355,683,683,62,0
355,684,356,2,1
355,690,330,0,3
355,691,356,2,1
355,696,380,3,0
355,700,380,3,0
355,704,356,2,1
355,705,330,0,3
355,709,330,0,3
355,711,330,0,3
355,715,330,0,3
355,717,356,2,1
355,719,330,0,3
355,724,356,2,1
356,626,355,1,2
356,629,331,0,3
356,630,357,2,1
356,631,357,2,1
356,636,331,0,3
356,637,381,3,0
356,650,331,0,3
356,651,331,0,3
356,652,331,0,3
356,654,381,3,0
356,657,381,3,0
356,658,357,2,1
356,660,381,3,0
356,666,331,0,3
356,673,357,2,1
356,677,355,1,2
356,680,357,2,1
356,681,331,0,3
356,682,331,0,3
356,683,355,1,2
356,684,357,2,1
356,687,331,0,3
356,689,357,2,1
356,690,331,0,3
356,691,357,2,1
356,696,381,3,0
356,697,331,0,3
356,700,381,3,0
356,704,357,2,1
356,705,331,0,3
356,709,331,0,3
356,711,331,0,3
356,715,331,0,3
356,717,357,2,1
356,719,331,0,3
356,724,357,2,1
357,626,356,1,2
357,629,332,0,3
357,630,358,2,1
357,631,358,2,1
357,637,382,3,0
357,638,382,3,0
357,650,332,0,3
357,651,332,0,3
357,652,332,0,3
357,654,382,3,0
357,657,382,3,0
357,658,358,2,1
357,660,382,3,0
357,666,332,0,3
357,673,358,2,1
357,677,356,1,2
357,680,358,2,1
357,681,332,0,3
357,682,332,0,3
357,683,356,1,2
357,684,358,2,1
357,685,358,2,1
357,687,332,0,3
357,689,358,2,1
357,690,332,0,3
357,691,358,2,1
357,692,332,0,3
357,694,332,0,3
357,696,382,3,0
357,697,332,0,3
357,700,382,3,0
357,704,358,2,1
357,705,332,0,3
357,709,332,0,3
357,711,332,0,3
357,715,332,0,3
357,717,358,2,1
357,719,332,0,3
357,724,358,2,1
358,626,357,1,2
358,630,383,3,0
358,637,383,3,0
358,646,333,0,3
358,650,333,0,3
358,651,333,0,3
358,673,383,3,0
358,677,357,1,2
358,680,359,2,1
358,681,333,0,3
358,682,333,0,3
358,683,357,1,2
358,687,333,0,3
358,689,383,3,0
358,690,333,0,3
358,691,383,3,0
358,701,383,3,0
358,704,333,0,3
358,705,333,0,3
358,711,333,0,3
358,717,383,3,0
358,719,333,0,3
358,724,333,0,3
359,626,358,1,2
359,629,358,1,2
359,630,384,3,0
359,631,384,3,0
359,637,358,1,2
359,638,358,1,2
359,646,358,1,2
359,650,358,1,2
359,651,358,1,2
359,652,358,1,2
359,654,358,1,2
359,657,358,1,2
359,658,384,3,0
359,660,358,1,2
359,664,358,1,2
359,666,358,1,2
359,672,358,1,2
359,673,384,3,0
359,677,358,1,2
359,680,360,2,1
359,681,358,1,2
359,682,358,1,2
359,683,358,1,2
359,684,384,3,0
359,685,334,0,3
359,687,358,1,2
359,689,384,3,0
359,690,358,1,2
359,691,384,3,0
359,694,358,1,2
359,696,358,1,2
359,697,358,1,2
359,700,358,1,2
359,701,384,3,0
359,704,334,0,3
359,705,358,1,2
359,709,358,1,2
359,711,358,1,2
359,712,334,0,3
359,715,358,1,2
359,716,358,1,2
359,717,384,3,0
359,719,358,1,2
359,724,334,0,3
360,626,359,1,2
360,629,359,1,2
360,630,385,3,0
360,631,385,3,0
360,637,359,1,2
360,638,359,1,2
360,650,359,1,2
360,651,359,1,2
360,652,359,1,2
360,654,359,1,2
360,657,359,1,2
360,658,385,3,0
360,660,359,1,2
360,666,359,1,2
360,673,385,3,0
360,677,359,1,2
360,680,361,2,1
360,681,359,1,2
360,682,359,1,2
360,683,359,1,2
360,684,385,3,0
360,685,335,0,3
360,687,359,1,2
360,689,385,3,0
360,690,359,1,2
360,691,385,3,0
360,694,359,1,2
360,696,359,1,2
360,697,359,1,2
360,700,359,1,2
360,704,335,0,3
360,705,359,1,2
360,709,359,1,2
360,711,359,1,2
360,715,359,1,2
360,717,385,3,0
360,719,359,1,2
360,724,335,0,3
361,626,360,1,2
361,629,360,1,2
361,630,386,3,0
361,631,386,3,0
361,637,360,1,2
361,650,360,1,2
361,651,360,1,2
361,652,360,1,2
361,654,360,1,2
361,657,360,1,2
361,658,386,3,0
361,660,360,1,2
361,666,360,1,2
361,673,386,3,0
361,677,360,1,2
361,680,362,2,1
361,681,360,1,2
361,682,360,1,2
361,683,360,1,2
361,684,386,3,0
361,687,360,1,2
361,689,386,3,0
361,690,360,1,2
361,691,386,3,0
361,696,360,1,2
361,697,360,1,2
361,700,360,1,2
361,704,336,0,3
361,705,360,1,2
361,709,360,1,2
361,711,360,1,2
361,715,360,1,2
361,717,386,3,0
361,719,360,1,2
361,724,336,0,3
362,626,361,1,2
362,630,387,3,0
362,631,387,3,0
362,637,361,1,2
362,650,361,1,2
362,651,361,1,2
362,660,361,1,2
362,666,361,1,2
362,673,387,3,0
362,677,361,1,2
362,680,363,2,1
362,681,361,1,2
362,682,361,1,2
362,683,361,1,2
362,684,387,3,0
362,690,361,1,2
362,691,387,3,0
362,700,361,1,2
362,704,337,0,3
362,705,361,1,2
362,709,361,1,2
362,711,361,1,2
362,715,361,1,2
362,717,387,3,0
362,719,361,1,2
362,724,337,0,3
363,626,362,1,2
363,630,388,3,0
363,650,362,1,2
363,666,362,1,2
363,677,362,1,2
363,681,362,1,2
363,684,388,3,0
363,690,362,1,2
363,691,388,3,0
363,711,362,1,2
363,715,362,1,2
363,719,362,1,2
364,626,363,1,2
364,630,389,3,0
364,650,363,1,2
364,690,365,2,1
364,691,389,3,0
364,711,363,1,2
364,719,363,1,2
365,630,390,3,0
365,690,366,2,1
365,711,366,2,1
366,626,367,2,1
366,630,391,3,0
366,650,367,2,1
366,681,367,2,1
366,690,367,2,1
366,691,391,3,0
366,711,367,2,1
366,719,367,2,1
367,626,368,2,1
367,630,392,3,0
367,631,366,1,2
367,650,368,2,1
367,666,368,2,1
367,673,366,1,2
367,677,368,2,1
367,680,680,59,0
367,681,368,2,1
367,684,392,3,0
367,690,368,2,1
367,691,392,3,0
367,700,368,2,1
367,704,366,1,2
367,711,368,2,1
367,715,368,2,1
367,719,368,2,1
368,626,369,2,1
368,629,369,2,1
368,630,393,3,0
368,631,393,3,0
368,637,369,2,1
368,650,369,2,1
368,651,369,2,1
368,654,369,2,1
368,660,369,2,1
368,666,369,2,1
368,673,393,3,0
368,677,369,2,1
368,680,367,1,2
368,681,369,2,1
368,682,369,2,1
368,683,369,2,1
368,684,393,3,0
368,687,369,2,1
368,690,369,2,1
368,691,393,3,0
368,696,369,2,1
368,700,369,2,1
368,704,343,0,3
368,705,369,2,1
368,709,369,2,1
368,711,369,2,1
368,715,369,2,1
368,717,393,3,0
368,719,369,2,1
368,724,343,0,3
369,626,370,2,1
369,629,370,2,1
369,630,394,3,0
369,631,394,3,0
369,636,370,2,1
369,637,370,2,1
369,650,370,2,1
369,651,370,2,1
369,652,370,2,1
369,654,370,2,1
369,657,370,2,1
369,658,394,3,0
369,660,370,2,1
369,666,370,2,1
369,673,394,3,0
369,677,370,2,1
369,680,368,1,2
369,681,370,2,1
369,682,370,2,1
369,683,370,2,1
369,684,394,3,0
369,687,370,2,1
369,689,394,3,0
369,690,370,2,1
369,691,394,3,0
369,696,370,2,1
369,697,370,2,1
369,700,370,2,1
369,704,344,0,3
369,705,370,2,1
369,709,370,2,1
369,711,370,2,1
369,715,370,2,1
369,717,394,3,0
369,719,370,2,1
369,724,344,0,3
370,626,371,2,1
370,629,371,2,1
370,630,395,3,0
370,631,395,3,0
370,637,371,2,1
370,638,371,2,1
370,650,371,2,1
370,651,371,2,1
370,652,371,2,1
370,654,371,2,1
370,657,371,2,1
370,658,395,3,0
370,660,371,2,1
370,666,371,2,1
370,673,395,3,0
370,677,371,2,1
370,680,369,1,2
370,681,371,2,1
370,682,371,2,1
370,683,371,2,1
370,684,395,3,0
370,685,345,0,3
370,687,371,2,1
370,689,395,3,0
370,690,371,2,1
370,691,395,3,0
370,692,371,2,1
370,694,371,2,1
370,696,371,2,1
370,697,371,2,1
370,700,371,2,1
370,704,345,0,3
370,705,371,2,1
370,709,371,2,1
370,711,371,2,1
370,715,371,2,1
370,717,395,3,0
370,719,371,2,1
370,724,345,0,3
371,626,372,2,1
371,630,396,3,0
371,637,396,3,0
371,646,372,2,1
371,650,346,0,3
371,651,346,0,3
371,655,372,2,1
371,664,372,2,1
371,672,372,2,1
371,673,396,3,0
371,677,372,2,1
371,680,370,1,2
371,681,346,0,3
371,682,346,0,3
371,683,372,2,1
371,687,346,0,3
371,689,396,3,0
371,690,346,0,3
371,691,396,3,0
371,701,396,3,0
371,704,346,0,3
371,705,346,0,3
371,706,372,2,1
371,711,346,0,3
371,716,372,2,1
371,717,396,3,0
371,719,346,0,3
371,721,372,2,1
371,724,346,0,3
372,626,373,2,1
372,629,347,0,3
372,630,371,1,2
372,631,371,1,2
372,637,397,3,0
372,638,397,3,0
372,650,347,0,3
372,651,347,0,3
372,652,347,0,3
372,654,397,3,0
372,657,397,3,0
372,658,371,1,2
372,660,397,3,0
372,666,347,0,3
372,673,371,1,2
372,677,373,2,1
372,680,371,1,2
372,681,347,0,3
372,682,347,0,3
372,683,373,2,1
372,684,371,1,2
372,685,371,1,2
372,687,347,0,3
372,689,371,1,2
372,690,347,0,3
372,691,371,1,2
372,692,347,0,3
372,694,347,0,3
372,696,397,3,0
372,697,347,0,3
372,700,397,3,0
372,704,371,1,2
372,705,347,0,3
372,709,347,0,3
372,711,347,0,3
372,715,347,0,3
372,717,371,1,2
372,719,347,0,3
372,724,371,1,2
373,626,374,2,1
373,629,348,0,3
373,630,372,1,2
373,631,372,1,2
373,636,348,0,3
373,637,398,3,0
373,650,348,0,3
373,651,348,0,3
373,652,348,0,3
373,654,398,3,0
373,657,398,3,0
373,658,372,1,2
373,660,398,3,0
373,666,348,0,3
373,673,372,1,2
373,677,374,2,1
373,680,372,1,2
373,681,348,0,3
373,682,348,0,3
373,683,374,2,1
373,684,372,1,2
373,687,348,0,3
373,689,372,1,2
373,690,348,0,3
373,691,372,1,2
373,696,398,3,0
373,697,348,0,3
373,700,398,3,0
373,704,372,1,2
373,705,348,0,3
373,709,348,0,3
373,711,348,0,3
373,715,348,0,3
373,717,372,1,2
373,719,348,0,3
373,724,372,1,2
374,626,350,2,3
374,629,349,0,3
374,630,373,1,2
374,631,373,1,2
374,637,399,3,0
374,650,349,0,3
374,651,349,0,3
374,654,399,3,0
374,660,399,3,0
374,666,349,0,3
374,673,373,1,2
374,677,350,2,3
374,680,373,1,2
374,681,349,0,3
374,682,349,0,3
374,683,350,2,3
374,684,373,1,2
374,687,349,0,3
374,690,349,0,3
374,691,373,1,2
374,696,399,3,0
374,700,399,3,0
374,704,373,1,2
374,705,349,0,3
374,709,349,0,3
374,711,349,0,3
374,715,349,0,3
374,717,373,1,2
374,719,349,0,3
374,724,373,1,2
375,626,350,0,2
375,630,399,3,2
375,631,376,1,1
375,650,400,2,0
375,666,350,0,2
375,673,376,1,1
375,677,350,0,2
375,680,399,3,2
375,681,350,0,2
375,684,399,3,2
375,690,350,0,2
375,691,399,3,2
375,700,400,2,0
375,711,350,0,2
375,715,350,0,2
375,719,350,0,2
376,626,351,0,3
376,630,375,1,1
376,650,401,3,0
376,681,351,0,3
376,690,351,0,3
376,691,375,1,1
376,711,351,0,3
376,719,351,0,3
377,630,376,1,2
377,711,352,0,3
378,626,353,0,3
378,630,379,2,1
378,650,403,3,0
378,690,377,1,2
378,691,379,2,1
378,711,353,0,3
378,719,353,0,3
379,626,354,0,3
379,630,380,2,1
379,631,380,2,1
379,650,404,3,0
379,666,354,0,3
379,673,380,2,1
379,677,354,0,3
379,681,354,0,3
379,684,380,2,1
379,690,354,0,3
379,691,380,2,1
379,700,404,3,0
379,704,380,2,1
379,711,354,0,3
379,715,354,0,3
379,719,354,0,3
380,626,355,0,3
380,630,381,2,1
380,631,381,2,1
380,637,405,3,0
380,650,405,3,0
380,651,355,0,3
380,660,405,3,0
380,666,355,0,3
380,673,381,2,1
380,677,355,0,3
380,680,381,2,1
380,681,355,0,3
380,682,355,0,3
380,683,355,0,3
380,684,381,2,1
380,690,355,0,3
380,691,381,2,1
380,696,405,3,0
380,700,405,3,0
380,704,381,2,1
380,705,355,0,3
380,709,355,0,3
380,711,355,0,3
380,715,355,0,3
380,717,381,2,1
380,719,355,0,3
380,724,381,2,1
381,626,356,0,3
381,629,356,0,3
381,630,382,2,1
381,631,382,2,1
381,636,356,0,3
381,637,406,3,0
381,650,406,3,0
381,651,356,0,3
381,652,356,0,3
381,654,406,3,0
381,657,406,3,0
381,658,382,2,1
381,660,406,3,0
381,666,356,0,3
381,673,382,2,1
381,677,356,0,3
381,680,382,2,1
381,681,356,0,3
381,682,356,0,3
381,683,356,0,3
381,684,382,2,1
381,687,356,0,3
381,689,382,2,1
381,690,356,0,3
381,691,382,2,1
381,696,406,3,0
381,697,356,0,3
381,700,406,3,0
381,704,382,2,1
381,705,356,0,3
381,709,356,0,3
381,711,356,0,3
381,715,356,0,3
381,717,382,2,1
381,719,356,0,3
381,724,382,2,1
382,626,357,0,3
382,629,357,0,3
382,630,383,2,1
382,631,383,2,1
382,637,407,3,0
382,638,407,3,0
382,650,407,3,0
382,651,357,0,3
382,652,357,0,3
382,654,407,3,0
382,657,407,3,0
382,658,383,2,1
382,660,407,3,0
382,666,357,0,3
382,673,383,2,1
382,677,357,0,3
382,680,383,2,1
382,681,357,0,3
382,682,357,0,3
382,683,357,0,3
382,684,383,2,1
382,685,383,2,1
382,687,357,0,3
382,689,383,2,1
382,690,357,0,3
382,691,383,2,1
382,692,357,0,3
382,694,357,0,3
382,696,407,3,0
382,697,357,0,3
382,700,407,3,0
382,704,383,2,1
382,705,357,0,3
382,709,357,0,3
382,711,357,0,3
382,715,357,0,3
382,717,383,2,1
382,719,357,0,3
382,724,383,2,1
383,630,408,3,0
383,631,384,2,1
383,637,408,3,0
383,651,358,0,3
383,658,384,2,1
383,666,358,0,3
383,673,408,3,0
383,681,358,0,3
383,682,358,0,3
383,684,384,2,1
383,689,408,3,0
383,690,358,0,3
383,691,408,3,0
383,694,358,0,3
383,701,408,3,0
383,704,358,0,3
383,705,358,0,3
383,711,358,0,3
383,717,408,3,0
383,719,358,0,3
384,626,383,1,2
384,629,383,1,2
384,630,409,3,0
384,631,385,2,1
384,637,383,1,2
384,638,383,1,2
384,646,383,1,2
384,650,383,1,2
384,651,383,1,2
384,652,383,1,2
384,654,383,1,2
384,657,383,1,2
384,658,385,2,1
384,660,383,1,2
384,664,383,1,2
384,666,383,1,2
384,672,383,1,2
384,673,409,3,0
384,677,383,1,2
384,680,359,0,3
384,681,383,1,2
384,682,383,1,2
384,683,383,1,2
384,684,385,2,1
384,685,359,0,3
384,687,383,1,2
384,689,409,3,0
384,690,383,1,2
384,691,409,3,0
384,694,383,1,2
384,696,383,1,2
384,697,383,1,2
384,700,383,1,2
384,701,409,3,0
384,704,359,0,3
384,705,383,1,2
384,709,383,1,2
384,711,383,1,2
384,712,359,0,3
384,715,383,1,2
384,716,383,1,2
384,717,409,3,0
384,719,383,1,2
384,724,359,0,3
385,626,384,1,2
385,629,384,1,2
385,630,410,3,0
385,631,386,2,1
385,637,384,1,2
385,638,384,1,2
385,650,384,1,2
385,651,384,1,2
385,652,384,1,2
385,654,384,1,2
385,657,384,1,2
385,658,386,2,1
385,660,384,1,2
385,666,384,1,2
385,673,410,3,0
385,677,384,1,2
385,680,360,0,3
385,681,384,1,2
385,682,384,1,2
385,683,384,1,2
385,684,386,2,1
385,685,360,0,3
385,687,384,1,2
385,689,410,3,0
385,690,384,1,2
385,691,410,3,0
385,694,384,1,2
385,696,384,1,2
385,697,384,1,2
385,700,384,1,2
385,704,360,0,3
385,705,384,1,2
385,709,384,1,2
385,711,384,1,2
385,715,384,1,2
385,717,410,3,0
385,719,384,1,2
385,724,360,0,3
386,626,385,1,2
386,629,385,1,2
386,630,411,3,0
386,631,387,2,1
386,637,385,1,2
386,650,385,1,2
386,651,385,1,2
386,652,385,1,2
386,654,385,1,2
386,657,385,1,2
386,658,658,37,0
386,660,385,1,2
386,666,385,1,2
386,673,411,3,0
386,677,385,1,2
386,680,361,0,3
386,681,385,1,2
386,682,385,1,2
386,683,385,1,2
386,684,387,2,1
386,687,385,1,2
386,689,411,3,0
386,690,385,1,2
386,691,411,3,0
386,696,385,1,2
386,697,385,1,2
386,700,385,1,2
386,704,361,0,3
386,705,385,1,2
386,709,385,1,2
386,711,385,1,2
386,715,385,1,2
386,717,411,3,0
386,719,385,1,2
386,724,361,0,3
387,626,386,1,2
387,630,412,3,0
387,631,631,10,0
387,637,386,1,2
387,650,386,1,2
387,651,386,1,2
387,660,386,1,2
387,666,386,1,2
387,673,412,3,0
387,677,386,1,2
387,680,362,0,3
387,681,386,1,2
387,682,386,1,2
387,683,386,1,2
387,684,388,2,1
387,690,386,1,2
387,691,412,3,0
387,700,386,1,2
387,704,362,0,3
387,705,386,1,2
387,709,386,1,2
387,711,386,1,2
387,715,386,1,2
387,717,412,3,0
387,719,386,1,2
387,724,362,0,3
388,626,387,1,2
388,630,413,3,0
388,650,387,1,2
388,666,387,1,2
388,677,387,1,2
388,681,387,1,2
388,684,684,63,0
388,690,387,1,2
388,691,413,3,0
388,711,387,1,2
388,715,387,1,2
388,719,387,1,2
389,626,388,1,2
389,630,414,3,0
389,650,388,1,2
389,691,414,3,0
389,711,388,1,2
389,719,388,1,2
390,630,415,3,0
390,690,391,2,1
390,711,391,2,1
391,626,392,2,1
391,630,416,3,0
391,650,392,2,1
391,681,392,2,1
391,690,392,2,1
391,691,416,3,0
391,711,392,2,1
391,719,392,2,1
392,626,393,2,1
392,630,417,3,0
392,631,391,1,2
392,650,393,2,1
392,666,393,2,1
392,673,391,1,2
392,677,393,2,1
392,680,367,0,3
392,681,393,2,1
392,684,391,1,2
392,690,393,2,1
392,691,417,3,0
392,700,393,2,1
392,704,391,1,2
392,711,393,2,1
392,715,393,2,1
392,719,393,2,1
393,626,394,2,1
393,629,394,2,1
393,630,418,3,0
393,631,392,1,2
393,637,394,2,1
393,650,394,2,1
393,651,394,2,1
393,654,394,2,1
393,660,394,2,1
393,666,394,2,1
393,673,418,3,0
393,677,394,2,1
393,680,368,0,3
393,681,394,2,1
393,682,394,2,1
393,683,394,2,1
393,684,392,1,2
393,687,394,2,1
393,690,394,2,1
393,691,418,3,0
393,696,394,2,1
393,700,394,2,1
393,704,368,0,3
393,705,394,2,1
393,709,394,2,1
393,711,394,2,1
393,715,394,2,1
393,717,418,3,0
393,719,394,2,1
393,724,368,0,3
394,626,395,2,1
394,629,395,2,1
394,630,419,3,0
394,631,393,1,2
394,636,395,2,1
394,637,395,2,1
394,650,395,2,1
394,651,395,2,1
394,652,395,2,1
394,654,395,2,1
394,657,395,2,1
394,658,393,1,2
394,660,395,2,1
394,666,395,2,1
394,673,419,3,0
394,677,395,2,1
394,680,369,0,3
394,681,395,2,1
394,682,395,2,1
394,683,395,2,1
394,684,393,1,2
394,687,395,2,1
394,689,419,3,0
394,690,395,2,1
394,691,419,3,0
394,696,395,2,1
394,697,395,2,1
394,700,395,2,1
394,704,369,0,3
394,705,395,2,1
394,709,395,2,1
394,711,395,2,1
394,715,395,2,1
394,717,419,3,0
394,719,395,2,1
394,724,369,0,3
395,626,396,2,1
395,629,396,2,1
395,630,420,3,0
395,631,394,1,2
395,637,396,2,1
395,638,396,2,1
395,650,396,2,1
395,651,396,2,1
395,652,396,2,1
395,654,396,2,1
395,657,396,2,1
395,658,394,1,2
395,660,396,2,1
395,666,396,2,1
395,673,420,3,0
395,677,396,2,1
395,680,370,0,3
395,681,396,2,1
395,682,396,2,1
395,683,396,2,1
395,684,394,1,2
395,685,370,0,3
395,687,396,2,1
395,689,420,3,0
395,690,396,2,1
395,691,420,3,0
395,692,396,2,1
395,694,396,2,1
395,696,396,2,1
395,697,396,2,1
395,700,396,2,1
395,704,370,0,3
395,705,396,2,1
395,709,396,2,1
395,711,396,2,1
395,715,396,2,1
395,717,420,3,0
395,719,396,2,1
395,724,370,0,3
396,630,421,3,0
396,631,395,1,2
396,637,421,3,0
396,646,397,2,1
396,651,371,0,3
396,655,397,2,1
396,658,395,1,2
396,664,397,2,1
396,666,371,0,3
396,672,397,2,1
396,673,421,3,0
396,681,371,0,3
396,682,371,0,3
396,684,395,1,2
396,689,421,3,0
396,690,371,0,3
396,691,421,3,0
396,694,371,0,3
396,701,421,3,0
396,704,371,0,3
396,705,371,0,3
396,706,397,2,1
396,711,371,0,3
396,716,397,2,1
396,717,421,3,0
396,719,371,0,3
396,721,397,2,1
397,626,372,0,3
397,629,372,0,3
397,630,396,1,2
397,631,396,1,2
397,637,422,3,0
397,638,422,3,0
397,650,422,3,0
397,651,372,0,3
397,652,372,0,3
397,654,422,3,0
397,657,422,3,0
397,658,396,1,2
397,660,422,3,0
397,666,372,0,3
397,673,396,1,2
397,677,372,0,3
397,680,396,1,2
397,681,372,0,3
397,682,372,0,3
397,683,372,0,3
397,684,396,1,2
397,685,396,1,2
397,687,372,0,3
397,689,396,1,2
397,690,372,0,3
397,691,396,1,2
397,692,372,0,3
397,694,372,0,3
397,696,422,3,0
397,697,372,0,3
397,700,422,3,0
397,704,396,1,2
397,705,372,0,3
397,709,372,0,3
397,711,372,0,3
397,715,372,0,3
397,717,396,1,2
397,719,372,0,3
397,724,396,1,2
398,626,373,0,3
398,629,373,0,3
398,630,397,1,2
398,631,397,1,2
398,636,373,0,3
398,637,423,3,0
398,650,423,3,0
398,651,373,0,3
398,652,373,0,3
398,654,423,3,0
398,657,423,3,0
398,658,397,1,2
398,660,423,3,0
398,666,373,0,3
398,673,397,1,2
398,677,373,0,3
398,680,397,1,2
398,681,373,0,3
398,682,373,0,3
398,683,373,0,3
398,684,397,1,2
398,687,373,0,3
398,689,397,1,2
398,690,373,0,3
398,691,397,1,2
398,696,423,3,0
398,697,373,0,3
398,700,423,3,0
398,704,397,1,2
398,705,373,0,3
398,709,373,0,3
398,711,373,0,3
398,715,373,0,3
398,717,397,1,2
398,719,373,0,3
398,724,397,1,2
399,626,374,0,3
399,629,374,0,3
399,630,398,1,2
399,631,398,1,2
399,637,424,3,0
399,650,424,3,0
399,651,374,0,3
399,654,424,3,0
399,660,424,3,0
399,666,374,0,3
399,673,398,1,2
399,677,374,0,3
399,680,398,1,2
399,681,374,0,3
399,682,374,0,3
399,683,374,0,3
399,684,398,1,2
399,687,374,0,3
399,690,374,0,3
399,691,398,1,2
399,696,424,3,0
399,700,424,3,0
399,704,398,1,2
399,705,374,0,3
399,709,374,0,3
399,711,374,0,3
399,715,374,0,3
399,717,398,1,2
399,719,374,0,3
399,724,398,1,2
400,626,375,0,2
400,630,424,3,2
400,631,401,1,1
400,650,425,2,0
400,666,375,0,2
400,673,401,1,1
400,677,375,0,2
400,680,424,3,2
400,681,375,0,2
400,684,424,3,2
400,690,425,2,0
400,691,424,3,2
400,700,425,2,0
400,704,401,1,1
400,711,425,2,0
400,715,375,0,2
400,719,375,0,2
401,626,376,0,3
401,630,400,1,1
401,650,426,3,0
401,681,376,0,3
401,690,426,3,0
401,691,400,1,1
401,711,426,3,0
401,719,376,0,3
402,630,401,1,2
402,711,427,3,0
403,626,378,0,3
403,630,404,2,1
403,650,428,3,0
403,690,402,1,2
403,691,404,2,1
403,711,428,3,0
403,719,378,0,3
404,626,379,0,3
404,630,405,2,1
404,631,405,2,1
404,650,429,3,0
404,666,379,0,3
404,673,405,2,1
404,677,379,0,3
404,681,379,0,3
404,684,405,2,1
404,690,429,3,0
404,691,405,2,1
404,700,429,3,0
404,704,405,2,1
404,711,429,3,0
404,715,379,0,3
404,719,379,0,3
405,626,380,0,3
405,630,406,2,1
405,631,406,2,1
405,637,637,16,0
405,650,430,3,0
405,651,380,0,3
405,660,430,3,0
405,666,380,0,3
405,673,406,2,1
405,677,380,0,3
405,680,406,2,1
405,681,380,0,3
405,682,380,0,3
405,683,380,0,3
405,684,406,2,1
405,690,430,3,0
405,691,406,2,1
405,696,430,3,0
405,700,430,3,0
405,704,406,2,1
405,705,380,0,3
405,709,380,0,3
405,711,430,3,0
405,715,380,0,3
405,717,406,2,1
405,719,380,0,3
405,724,406,2,1
406,626,381,0,3
406,629,381,0,3
406,630,407,2,1
406,631,407,2,1
406,636,381,0,3
406,637,405,1,2
406,650,431,3,0
406,651,381,0,3
406,652,381,0,3
406,654,431,3,0
406,657,431,3,0
406,658,407,2,1
406,660,431,3,0
406,666,381,0,3
406,673,407,2,1
406,677,381,0,3
406,680,407,2,1
406,681,381,0,3
406,682,381,0,3
406,683,381,0,3
406,684,407,2,1
406,687,381,0,3
406,689,407,2,1
406,690,431,3,0
406,691,407,2,1
406,696,431,3,0
406,697,381,0,3
406,700,431,3,0
406,704,407,2,1
406,705,381,0,3
406,709,381,0,3
406,711,431,3,0
406,715,381,0,3
406,717,407,2,1
406,719,381,0,3
406,724,407,2,1
407,626,382,0,3
407,629,382,0,3
407,630,408,2,1
407,631,408,2,1
407,637,406,1,2
407,638,432,3,0
407,650,432,3,0
407,651,382,0,3
407,652,382,0,3
407,654,432,3,0
407,657,432,3,0
407,658,408,2,1
407,660,432,3,0
407,666,382,0,3
407,673,408,2,1
407,677,382,0,3
407,680,408,2,1
407,681,382,0,3
407,682,382,0,3
407,683,382,0,3
407,684,408,2,1
407,685,408,2,1
407,687,382,0,3
407,689,408,2,1
407,690,432,3,0
407,691,408,2,1
407,692,382,0,3
407,694,382,0,3
407,696,432,3,0
407,697,382,0,3
407,700,432,3,0
407,704,408,2,1
407,705,382,0,3
407,709,382,0,3
407,711,432,3,0
407,715,382,0,3
407,717,408,2,1
407,719,382,0,3
407,724,408,2,1
408,626,383,0,3
408,630,433,3,0
408,631,383,0,3
408,637,407,1,2
408,638,433,3,0
408,650,433,3,0
408,651,383,0,3
408,658,383,0,3
408,666,383,0,3
408,673,433,3,0
408,681,383,0,3
408,682,383,0,3
408,684,383,0,3
408,689,433,3,0
408,690,433,3,0
408,691,433,3,0
408,694,383,0,3
408,705,383,0,3
408,711,433,3,0
408,715,383,0,3
408,717,433,3,0
408,719,383,0,3
409,626,408,1,2
409,629,408,1,2
409,630,434,3,0
409,631,384,0,3
409,637,408,1,2
409,638,408,1,2
409,646,408,1,2
409,650,408,1,2
409,651,408,1,2
409,652,408,1,2
409,654,408,1,2
409,657,408,1,2
409,658,384,0,3
409,660,408,1,2
409,664,408,1,2
409,666,408,1,2
409,672,408,1,2
409,673,434,3,0
409,677,408,1,2
409,680,384,0,3
409,681,408,1,2
409,682,408,1,2
409,683,408,1,2
409,684,384,0,3
409,685,384,0,3
409,687,408,1,2
409,689,434,3,0
409,690,408,1,2
409,691,434,3,0
409,694,408,1,2
409,696,408,1,2
409,697,408,1,2
409,700,408,1,2
409,701,434,3,0
409,704,384,0,3
409,705,408,1,2
409,709,408,1,2
409,711,408,1,2
409,712,384,0,3
409,715,408,1,2
409,716,408,1,2
409,717,434,3,0
409,719,408,1,2
409,724,384,0,3
410,626,409,1,2
410,629,409,1,2
410,630,435,3,0
410,631,385,0,3
410,637,409,1,2
410,638,409,1,2
410,650,409,1,2
410,651,409,1,2
410,652,409,1,2
410,654,409,1,2
410,657,409,1,2
410,658,385,0,3
410,660,409,1,2
410,666,409,1,2
410,673,435,3,0
410,677,409,1,2
410,680,385,0,3
410,681,409,1,2
410,682,409,1,2
410,683,409,1,2
410,684,385,0,3
410,685,385,0,3
410,687,409,1,2
410,689,435,3,0
410,690,409,1,2
410,691,435,3,0
410,694,409,1,2
410,696,409,1,2
410,697,409,1,2
410,700,409,1,2
410,704,385,0,3
410,705,409,1,2
410,709,409,1,2
410,711,409,1,2
410,715,409,1,2
410,717,435,3,0
410,719,409,1,2
410,724,385,0,3
411,626,410,1,2
411,629,410,1,2
411,630,436,3,0
411,631,386,0,3
411,637,410,1,2
411,650,410,1,2
411,651,410,1,2
411,652,410,1,2
411,654,410,1,2
411,657,410,1,2
411,658,386,0,3
411,660,410,1,2
411,666,410,1,2
411,673,436,3,0
411,677,410,1,2
411,680,386,0,3
411,681,410,1,2
411,682,410,1,2
411,683,410,1,2
411,684,386,0,3
411,687,410,1,2
411,689,436,3,0
411,690,410,1,2
411,691,436,3,0
411,696,410,1,2
411,697,410,1,2
411,700,410,1,2
411,704,386,0,3
411,705,410,1,2
411,709,410,1,2
411,711,410,1,2
411,715,410,1,2
411,717,436,3,0
411,719,410,1,2
411,724,386,0,3
412,626,411,1,2
412,630,437,3,0
412,631,387,0,3
412,637,411,1,2
412,650,411,1,2
412,651,411,1,2
412,660,411,1,2
412,666,411,1,2
412,673,437,3,0
412,677,411,1,2
412,680,387,0,3
412,681,411,1,2
412,682,411,1,2
412,683,411,1,2
412,684,387,0,3
412,690,411,1,2
412,691,437,3,0
412,700,411,1,2
412,704,387,0,3
412,705,411,1,2
412,709,411,1,2
412,711,411,1,2
412,715,411,1,2
412,717,437,3,0
412,719,411,1,2
412,724,387,0,3
413,626,412,1,2
413,630,438,3,0
413,650,412,1,2
413,666,412,1,2
413,677,412,1,2
413,681,412,1,2
413,684,388,0,3
413,690,412,1,2
413,691,438,3,0
413,711,412,1,2
413,715,412,1,2
413,719,412,1,2
414,626,413,1,2
414,630,439,3,0
414,650,413,1,2
414,690,415,2,1
414,691,439,3,0
414,711,413,1,2
414,719,413,1,2
415,630,440,3,0
415,690,416,2,1
415,711,416,2,1
416,626,417,2,1
416,630,441,3,0
416,650,417,2,1
416,681,417,2,1
416,690,417,2,1
416,691,441,3,0
416,711,417,2,1
416,719,417,2,1
417,626,418,2,1
417,630,442,3,0
417,631,416,1,2
417,650,418,2,1
417,666,418,2,1
417,673,416,1,2
417,677,418,2,1
417,680,392,0,3
417,681,418,2,1
417,684,392,0,3
417,690,418,2,1
417,691,442,3,0
417,700,418,2,1
417,704,416,1,2
417,711,418,2,1
417,715,418,2,1
417,719,418,2,1
418,626,419,2,1
418,629,419,2,1
418,630,443,3,0
418,631,393,0,3
418,637,419,2,1
418,650,419,2,1
418,651,419,2,1
418,654,419,2,1
418,660,419,2,1
418,666,419,2,1
418,673,443,3,0
418,677,419,2,1
418,680,393,0,3
418,681,419,2,1
418,682,419,2,1
418,683,419,2,1
418,684,393,0,3
418,687,419,2,1
418,690,419,2,1
418,691,443,3,0
418,696,419,2,1
418,700,419,2,1
418,704,393,0,3
418,705,419,2,1
418,709,419,2,1
418,711,419,2,1
418,715,419,2,1
418,717,443,3,0
418,719,419,2,1
418,724,393,0,3
419,626,420,2,1
419,629,420,2,1
419,630,444,3,0
419,631,394,0,3
419,636,420,2,1
419,637,420,2,1
419,650,420,2,1
419,651,420,2,1
419,652,420,2,1
419,654,420,2,1
419,657,420,2,1
419,658,394,0,3
419,660,420,2,1
419,666,420,2,1
419,673,444,3,0
419,677,420,2,1
419,680,394,0,3
419,681,420,2,1
419,682,420,2,1
419,683,420,2,1
419,684,394,0,3
419,687,420,2,1
419,689,444,3,0
419,690,420,2,1
419,691,444,3,0
419,696,420,2,1
419,697,420,2,1
419,700,420,2,1
419,704,394,0,3
419,705,420,2,1
419,709,420,2,1
419,711,420,2,1
419,715,420,2,1
419,717,444,3,0
419,719,420,2,1
419,724,394,0,3
420,626,421,2,1
420,629,421,2,1
420,630,445,3,0
420,631,395,0,3
420,637,421,2,1
420,638,421,2,1
420,650,421,2,1
420,651,421,2,1
420,652,421,2,1
420,654,421,2,1
420,657,421,2,1
420,658,395,0,3
420,660,421,2,1
420,666,421,2,1
420,673,445,3,0
420,677,421,2,1
420,680,395,0,3
420,681,421,2,1
420,682,421,2,1
420,683,421,2,1
420,684,395,0,3
420,685,395,0,3
420,687,421,2,1
420,689,445,3,0
420,690,421,2,1
420,691,445,3,0
420,692,421,2,1
420,694,421,2,1
420,696,421,2,1
420,697,421,2,1
420,700,421,2,1
420,704,395,0,3
420,705,421,2,1
420,709,421,2,1
420,711,421,2,1
420,715,421,2,1
420,717,445,3,0
420,719,421,2,1
420,724,395,0,3
421,626,396,0,3
421,630,446,3,0
421,631,396,0,3
421,637,422,2,1
421,638,446,3,0
421,646,422,2,1
421,650,446,3,0
421,651,396,0,3
421,655,422,2,1
421,658,396,0,3
421,664,422,2,1
421,666,396,0,3
421,672,422,2,1
421,673,446,3,0
421,681,396,0,3
421,682,396,0,3
421,684,396,0,3
421,689,446,3,0
421,690,446,3,0
421,691,446,3,0
421,694,396,0,3
421,705,396,0,3
421,706,422,2,1
421,711,446,3,0
421,715,396,0,3
421,716,422,2,1
421,717,446,3,0
421,719,396,0,3
421,721,422,2,1
422,626,397,0,3
422,629,397,0,3
422,630,421,1,2
422,631,421,1,2
422,637,423,2,1
422,638,447,3,0
422,650,447,3,0
422,651,397,0,3
422,652,397,0,3
422,654,447,3,0
422,657,447,3,0
422,658,421,1,2
422,660,447,3,0
422,666,397,0,3
422,673,421,1,2
422,677,397,0,3
422,680,421,1,2
422,681,397,0,3
422,682,397,0,3
422,683,397,0,3
422,684,421,1,2
422,685,421,1,2
422,687,397,0,3
422,689,421,1,2
422,690,447,3,0
422,691,421,1,2
422,692,397,0,3
422,694,397,0,3
422,696,447,3,0
422,697,397,0,3
422,700,447,3,0
422,704,421,1,2
422,705,397,0,3
422,709,397,0,3
422,711,447,3,0
422,715,397,0,3
422,717,421,1,2
422,719,397,0,3
422,724,421,1,2
423,626,398,0,3
423,629,398,0,3
423,630,422,1,2
423,631,422,1,2
423,636,398,0,3
423,637,424,2,1
423,650,448,3,0
423,651,398,0,3
423,652,398,0,3
423,654,448,3,0
423,657,448,3,0
423,658,422,1,2
423,660,448,3,0
423,666,398,0,3
423,673,422,1,2
423,677,398,0,3
423,680,422,1,2
423,681,398,0,3
423,682,398,0,3
423,683,398,0,3
423,684,422,1,2
423,687,398,0,3
423,689,422,1,2
423,690,448,3,0
423,691,422,1,2
423,696,448,3,0
423,697,398,0,3
423,700,448,3,0
423,704,422,1,2
423,705,398,0,3
423,709,398,0,3
423,711,448,3,0
423,715,398,0,3
423,717,422,1,2
423,719,398,0,3
423,724,422,1,2
424,626,399,0,3
424,629,399,0,3
424,630,423,1,2
424,631,423,1,2
424,637,400,2,3
424,650,449,3,0
424,651,399,0,3
424,654,449,3,0
424,660,449,3,0
424,666,399,0,3
424,673,423,1,2
424,677,399,0,3
424,680,423,1,2
424,681,399,0,3
424,682,399,0,3
424,683,399,0,3
424,684,423,1,2
424,687,399,0,3
424,690,449,3,0
424,691,423,1,2
424,696,449,3,0
424,700,449,3,0
424,704,423,1,2
424,705,399,0,3
424,709,399,0,3
424,711,449,3,0
424,715,399,0,3
424,717,423,1,2
424,719,399,0,3
424,724,423,1,2
425,626,400,0,2
425,630,449,3,2
425,631,426,1,1
425,650,450,2,0
425,666,400,0,2
425,673,426,1,1
425,677,400,0,2
425,680,449,3,2
425,681,400,0,2
425,684,449,3,2
425,690,450,2,0
425,691,449,3,2
425,700,450,2,0
425,704,426,1,1
425,711,450,2,0
425,715,400,0,2
425,719,400,0,2
426,626,401,0,3
426,630,425,1,1
426,650,451,3,0
426,681,401,0,3
426,690,451,3,0
426,691,425,1,1
426,711,451,3,0
426,719,401,0,3
427,630,426,1,2
427,711,452,3,0
428,626,403,0,3
428,630,429,2,1
428,650,453,3,0
428,690,427,1,2
428,691,429,2,1
428,711,453,3,0
428,719,403,0,3
429,626,404,0,3
429,630,430,2,1
429,631,430,2,1
429,650,454,3,0
429,666,404,0,3
429,673,430,2,1
429,677,404,0,3
429,681,404,0,3
429,684,430,2,1
429,690,454,3,0
429,691,430,2,1
429,700,454,3,0
429,704,430,2,1
429,711,454,3,0
429,715,404,0,3
429,719,404,0,3
430,626,405,0,3
430,630,431,2,1
430,631,431,2,1
430,637,405,0,3
430,650,455,3,0
430,651,405,0,3
430,660,455,3,0
430,666,405,0,3
430,673,431,2,1
430,677,405,0,3
430,680,431,2,1
430,681,405,0,3
430,682,405,0,3
430,683,405,0,3
430,684,431,2,1
430,690,455,3,0
430,691,431,2,1
430,696,455,3,0
430,700,455,3,0
430,704,431,2,1
430,705,405,0,3
430,709,405,0,3
430,711,455,3,0
430,715,405,0,3
430,717,431,2,1
430,719,405,0,3
430,724,431,2,1
431,626,406,0,3
431,629,406,0,3
431,630,432,2,1
431,631,432,2,1
431,636,406,0,3
431,637,406,0,3
431,650,456,3,0
431,651,406,0,3
431,652,406,0,3
431,654,456,3,0
431,657,456,3,0
431,658,432,2,1
431,660,456,3,0
431,666,406,0,3
431,673,432,2,1
431,677,406,0,3
431,680,432,2,1
431,681,406,0,3
431,682,406,0,3
431,683,406,0,3
431,684,432,2,1
431,687,406,0,3
431,689,432,2,1
431,690,456,3,0
431,691,432,2,1
431,696,456,3,0
431,697,406,0,3
431,700,456,3,0
431,704,432,2,1
431,705,406,0,3
431,709,406,0,3
431,711,456,3,0
431,715,406,0,3
431,717,432,2,1
431,719,406,0,3
431,724,432,2,1
432,626,407,0,3
432,629,407,0,3
432,630,433,2,1
432,631,433,2,1
432,637,407,0,3
432,638,457,3,0
432,650,457,3,0
432,651,407,0,3
432,652,407,0,3
432,654,457,3,0
432,657,457,3,0
432,658,433,2,1
432,660,457,3,0
432,666,407,0,3
432,673,433,2,1
432,677,407,0,3
432,680,433,2,1
432,681,407,0,3
432,682,407,0,3
432,683,407,0,3
432,684,433,2,1
432,685,433,2,1
432,687,407,0,3
432,689,433,2,1
432,690,457,3,0
432,691,433,2,1
432,692,407,0,3
432,694,407,0,3
432,696,457,3,0
432,697,407,0,3
432,700,457,3,0
432,704,433,2,1
432,705,407,0,3
432,709,407,0,3
432,711,457,3,0
432,715,407,0,3
432,717,433,2,1
432,719,407,0,3
432,724,433,2,1
433,626,408,0,3
433,630,458,3,0
433,631,408,0,3
433,638,458,3,0
433,650,458,3,0
433,651,408,0,3
433,658,408,0,3
433,660,458,3,0
433,666,408,0,3
433,673,458,3,0
433,677,408,0,3
433,681,408,0,3
433,682,408,0,3
433,684,408,0,3
433,689,458,3,0
433,690,458,3,0
433,691,458,3,0
433,692,408,0,3
433,694,408,0,3
433,696,458,3,0
433,700,458,3,0
433,705,408,0,3
433,711,458,3,0
433,712,458,3,0
433,715,408,0,3
433,717,458,3,0
433,719,408,0,3
434,626,433,1,2
434,629,433,1,2
434,630,459,3,0
434,631,409,0,3
434,637,433,1,2
434,638,433,1,2
434,646,433,1,2
434,650,433,1,2
434,651,433,1,2
434,652,433,1,2
434,654,433,1,2
434,657,433,1,2
434,658,409,0,3
434,660,433,1,2
434,664,433,1,2
434,666,433,1,2
434,672,433,1,2
434,673,459,3,0
434,677,433,1,2
434,680,409,0,3
434,681,433,1,2
434,682,433,1,2
434,683,433,1,2
434,684,409,0,3
434,685,409,0,3
434,687,433,1,2
434,689,459,3,0
434,690,433,1,2
434,691,459,3,0
434,694,433,1,2
434,696,433,1,2
434,697,433,1,2
434,700,433,1,2
434,701,459,3,0
434,704,409,0,3
434,705,433,1,2
434,709,433,1,2
434,711,433,1,2
434,712,459,3,0
434,715,433,1,2
434,716,433,1,2
434,717,459,3,0
434,719,433,1,2
434,724,409,0,3
435,626,434,1,2
435,629,434,1,2
435,630,460,3,0
435,631,410,0,3
435,637,434,1,2
435,638,434,1,2
435,650,434,1,2
435,651,434,1,2
435,652,434,1,2
435,654,434,1,2
435,657,434,1,2
435,658,410,0,3
435,660,434,1,2
435,666,434,1,2
435,673,460,3,0
435,677,434,1,2
435,680,410,0,3
435,681,434,1,2
435,682,434,1,2
435,683,434,1,2
435,684,410,0,3
435,685,410,0,3
435,687,434,1,2
435,689,460,3,0
435,690,434,1,2
435,691,460,3,0
435,694,434,1,2
435,696,434,1,2
435,697,434,1,2
435,700,434,1,2
435,704,410,0,3
435,705,434,1,2
435,709,434,1,2
435,711,434,1,2
435,715,434,1,2
435,717,460,3,0
435,719,434,1,2
435,724,410,0,3
436,626,435,1,2
436,629,435,1,2
436,630,461,3,0
436,631,411,0,3
436,637,435,1,2
436,650,435,1,2
436,651,435,1,2
436,652,435,1,2
436,654,435,1,2
436,657,435,1,2
436,658,411,0,3
436,660,435,1,2
436,666,435,1,2
436,673,461,3,0
436,677,435,1,2
436,680,411,0,3
436,681,435,1,2
436,682,435,1,2
436,683,435,1,2
436,684,411,0,3
436,687,435,1,2
436,689,461,3,0
436,690,435,1,2
436,691,461,3,0
436,696,435,1,2
436,697,435,1,2
436,700,435,1,2
436,704,411,0,3
436,705,435,1,2
436,709,435,1,2
436,711,435,1,2
436,715,435,1,2
436,717,461,3,0
436,719,435,1,2
436,724,411,0,3
437,626,436,1,2
437,630,462,3,0
437,631,412,0,3
437,637,436,1,2
437,650,436,1,2
437,651,436,1,2
437,660,436,1,2
437,666,436,1,2
437,673,462,3,0
437,677,436,1,2
437,680,412,0,3
437,681,436,1,2
437,682,436,1,2
437,683,436,1,2
437,684,412,0,3
437,690,436,1,2
437,691,462,3,0
437,700,436,1,2
437,704,412,0,3
437,705,436,1,2
437,709,436,1,2
437,711,436,1,2
437,715,436,1,2
437,717,462,3,0
437,719,436,1,2
437,724,412,0,3
438,626,437,1,2
438,630,463,3,0
438,650,437,1,2
438,666,437,1,2
438,677,437,1,2
438,681,437,1,2
438,684,413,0,3
438,690,437,1,2
438,691,463,3,0
438,711,437,1,2
438,715,437,1,2
438,719,437,1,2
439,626,438,1,2
439,630,464,3,0
439,650,438,1,2
439,690,440,2,1
439,691,464,3,0
439,711,438,1,2
439,719,438,1,2
440,630,465,3,0
440,690,441,2,1
440,711,441,2,1
441,626,442,2,1
441,630,466,3,0
441,650,442,2,1
441,681,442,2,1
441,690,442,2,1
441,691,466,3,0
441,711,442,2,1
441,719,442,2,1
442,626,443,2,1
442,630,467,3,0
442,631,441,1,2
442,650,443,2,1
442,666,443,2,1
442,673,441,1,2
442,677,443,2,1
442,680,417,0,3
442,681,443,2,1
442,684,417,0,3
442,690,443,2,1
442,691,467,3,0
442,700,443,2,1
442,704,441,1,2
442,711,443,2,1
442,715,443,2,1
442,719,443,2,1
443,626,444,2,1
443,629,444,2,1
443,630,468,3,0
443,631,418,0,3
443,637,444,2,1
443,650,444,2,1
443,651,444,2,1
443,654,444,2,1
443,660,444,2,1
443,666,444,2,1
443,673,468,3,0
443,677,444,2,1
443,680,418,0,3
443,681,444,2,1
443,682,444,2,1
443,683,444,2,1
443,684,418,0,3
443,687,444,2,1
443,690,444,2,1
443,691,468,3,0
443,696,444,2,1
443,700,444,2,1
443,704,418,0,3
443,705,444,2,1
443,709,444,2,1
443,711,444,2,1
443,715,444,2,1
443,717,468,3,0
443,719,444,2,1
443,724,418,0,3
444,626,445,2,1
444,629,445,2,1
444,630,469,3,0
444,631,419,0,3
444,636,445,2,1
444,637,445,2,1
444,650,445,2,1
444,651,445,2,1
444,652,445,2,1
444,654,445,2,1
444,657,445,2,1
444,658,419,0,3
444,660,445,2,1
444,666,445,2,1
444,673,469,3,0
444,677,445,2,1
444,680,419,0,3
444,681,445,2,1
444,682,445,2,1
444,683,445,2,1
444,684,419,0,3
444,687,445,2,1
444,689,469,3,0
444,690,445,2,1
444,691,469,3,0
444,696,445,2,1
444,697,445,2,1
444,700,445,2,1
444,704,419,0,3
444,705,445,2,1
444,709,445,2,1
444,711,445,2,1
444,715,445,2,1
444,717,469,3,0
444,719,445,2,1
444,724,419,0,3
445,626,446,2,1
445,629,446,2,1
445,630,470,3,0
445,631,420,0,3
445,637,446,2,1
445,638,446,2,1
445,650,446,2,1
445,651,446,2,1
445,652,446,2,1
445,654,446,2,1
445,657,446,2,1
445,658,420,0,3
445,660,446,2,1
445,666,446,2,1
445,673,470,3,0
445,677,446,2,1
445,680,420,0,3
445,681,446,2,1
445,682,446,2,1
445,683,446,2,1
445,684,420,0,3
445,685,420,0,3
445,687,446,2,1
445,689,470,3,0
445,690,446,2,1
445,691,470,3,0
445,692,446,2,1
445,694,446,2,1
445,696,446,2,1
445,697,446,2,1
445,700,446,2,1
445,704,420,0,3
445,705,446,2,1
445,709,446,2,1
445,711,446,2,1
445,715,446,2,1
445,717,470,3,0
445,719,446,2,1
445,724,420,0,3
446,626,421,0,3
446,630,471,3,0
446,631,421,0,3
446,638,471,3,0
446,646,447,2,1
446,650,471,3,0
446,651,421,0,3
446,655,447,2,1
446,658,421,0,3
446,660,471,3,0
446,664,447,2,1
446,666,421,0,3
446,672,447,2,1
446,673,471,3,0
446,677,421,0,3
446,681,421,0,3
446,682,421,0,3
446,684,421,0,3
446,689,471,3,0
446,690,471,3,0
446,691,471,3,0
446,692,421,0,3
446,694,421,0,3
446,696,471,3,0
446,700,471,3,0
446,705,421,0,3
446,706,447,2,1
446,711,471,3,0
446,712,471,3,0
446,715,421,0,3
446,716,447,2,1
446,717,471,3,0
446,719,421,0,3
446,721,447,2,1
447,626,422,0,3
447,629,422,0,3
447,630,446,1,2
447,631,446,1,2
447,637,422,0,3
447,638,472,3,0
447,650,472,3,0
447,651,422,0,3
447,652,422,0,3
447,654,472,3,0
447,657,472,3,0
447,658,446,1,2
447,660,472,3,0
447,666,422,0,3
447,673,446,1,2
447,677,422,0,3
447,680,446,1,2
447,681,422,0,3
447,682,422,0,3
447,683,422,0,3
447,684,446,1,2
447,685,446,1,2
447,687,422,0,3
447,689,446,1,2
447,690,472,3,0
447,691,446,1,2
447,692,422,0,3
447,694,422,0,3
447,696,472,3,0
447,697,422,0,3
447,700,472,3,0
447,704,446,1,2
447,705,422,0,3
447,709,422,0,3
447,711,472,3,0
447,715,422,0,3
447,717,446,1,2
447,719,422,0,3
447,724,446,1,2
448,626,423,0,3
448,629,423,0,3
448,630,447,1,2
448,631,447,1,2
448,636,423,0,3
448,637,423,0,3
448,650,473,3,0
448,651,423,0,3
448,652,423,0,3
448,654,473,3,0
448,657,473,3,0
448,658,447,1,2
448,660,473,3,0
448,666,423,0,3
448,673,447,1,2
448,677,423,0,3
448,680,447,1,2
448,681,423,0,3
448,682,423,0,3
448,683,423,0,3
448,684,447,1,2
448,687,423,0,3
448,689,447,1,2
448,690,473,3,0
448,691,447,1,2
448,696,473,3,0
448,697,423,0,3
448,700,473,3,0
448,704,447,1,2
448,705,423,0,3
448,709,423,0,3
448,711,473,3,0
448,715,423,0,3
448,717,447,1,2
448,719,423,0,3
448,724,447,1,2
449,626,424,0,3
449,629,424,0,3
449,630,448,1,2
449,631,448,1,2
449,637,424,0,3
449,650,474,3,0
449,651,424,0,3
449,654,474,3,0
449,660,474,3,0
449,666,424,0,3
449,673,448,1,2
449,677,424,0,3
449,680,448,1,2
449,681,424,0,3
449,682,424,0,3
449,683,424,0,3
449,684,448,1,2
449,687,424,0,3
449,690,474,3,0
449,691,448,1,2
449,696,474,3,0
449,700,474,3,0
449,704,448,1,2
449,705,424,0,3
449,709,424,0,3
449,711,474,3,0
449,715,424,0,3
449,717,448,1,2
449,719,424,0,3
449,724,448,1,2
450,626,425,0,2
450,630,474,3,2
450,631,451,1,1
450,650,475,2,0
450,666,425,0,2
450,673,451,1,1
450,677,425,0,2
450,680,474,3,2
450,681,425,0,2
450,684,474,3,2
450,690,475,2,0
450,691,474,3,2
450,700,475,2,0
450,704,451,1,1
450,711,475,2,0
450,715,425,0,2
450,719,425,0,2
451,626,426,0,3
451,630,450,1,1
451,650,476,3,0
451,681,426,0,3
451,690,476,3,0
451,691,450,1,1
451,711,476,3,0
451,719,426,0,3
452,630,451,1,2
452,711,477,3,0
453,626,428,0,3
453,630,454,2,1
453,650,478,3,0
453,690,452,1,2
453,691,454,2,1
453,711,478,3,0
453,719,428,0,3
454,626,429,0,3
454,630,455,2,1
454,631,455,2,1
454,650,479,3,0
454,666,429,0,3
454,673,455,2,1
454,677,429,0,3
454,681,429,0,3
454,684,455,2,1
454,690,479,3,0
454,691,455,2,1
454,700,479,3,0
454,704,455,2,1
454,711,479,3,0
454,715,429,0,3
454,719,429,0,3
455,626,430,0,3
455,630,456,2,1
455,631,456,2,1
455,637,430,0,3
455,650,480,3,0
455,651,480,3,0
455,660,480,3,0
455,666,430,0,3
455,673,456,2,1
455,677,430,0,3
455,680,456,2,1
455,681,430,0,3
455,682,430,0,3
455,683,430,0,3
455,684,456,2,1
455,690,480,3,0
455,691,456,2,1
455,696,480,3,0
455,700,480,3,0
455,704,456,2,1
455,705,430,0,3
455,709,430,0,3
455,711,480,3,0
455,715,430,0,3
455,717,456,2,1
455,719,430,0,3
455,724,456,2,1
456,626,431,0,3
456,629,481,3,0
456,630,457,2,1
456,631,457,2,1
456,636,431,0,3
456,637,431,0,3
456,650,481,3,0
456,651,481,3,0
456,652,431,0,3
456,654,455,1,2
456,657,481,3,0
456,658,457,2,1
456,660,481,3,0
456,666,431,0,3
456,673,457,2,1
456,677,431,0,3
456,680,457,2,1
456,681,431,0,3
456,682,431,0,3
456,683,431,0,3
456,684,457,2,1
456,687,431,0,3
456,689,457,2,1
456,690,481,3,0
456,691,457,2,1
456,696,481,3,0
456,697,431,0,3
456,700,481,3,0
456,704,457,2,1
456,705,431,0,3
456,709,431,0,3
456,711,481,3,0
456,715,431,0,3
456,717,457,2,1
456,719,431,0,3
456,724,457,2,1
457,626,432,0,3
457,629,482,3,0
457,630,458,2,1
457,631,458,2,1
457,637,432,0,3
457,638,482,3,0
457,650,482,3,0
457,651,482,3,0
457,652,432,0,3
457,654,456,1,2
457,657,482,3,0
457,658,458,2,1
457,660,482,3,0
457,666,432,0,3
457,673,458,2,1
457,677,432,0,3
457,680,458,2,1
457,681,432,0,3
457,682,432,0,3
457,683,432,0,3
457,684,458,2,1
457,685,458,2,1
457,687,432,0,3
457,689,458,2,1
457,690,482,3,0
457,691,458,2,1
457,692,482,3,0
457,694,432,0,3
457,696,482,3,0
457,697,432,0,3
457,700,482,3,0
457,704,458,2,1
457,705,432,0,3
457,709,432,0,3
457,711,482,3,0
457,715,432,0,3
457,717,458,2,1
457,719,432,0,3
457,724,458,2,1
458,626,433,0,3
458,629,483,3,0
458,630,483,3,0
458,631,433,0,3
458,638,483,3,0
458,650,483,3,0
458,654,457,1,2
458,657,483,3,0
458,658,433,0,3
458,660,483,3,0
458,664,433,0,3
458,666,433,0,3
458,673,483,3,0
458,677,433,0,3
458,680,433,0,3
458,681,433,0,3
458,682,433,0,3
458,684,433,0,3
458,690,483,3,0
458,691,483,3,0
458,694,433,0,3
458,696,483,3,0
458,700,483,3,0
458,704,483,3,0
458,705,433,0,3
458,709,433,0,3
458,711,483,3,0
458,712,483,3,0
458,715,433,0,3
458,717,483,3,0
458,719,433,0,3
458,724,483,3,0
459,626,458,1,2
459,629,458,1,2
459,630,484,3,0
459,631,434,0,3
459,637,458,1,2
459,638,458,1,2
459,646,458,1,2
459,650,458,1,2
459,651,458,1,2
459,652,458,1,2
459,654,458,1,2
459,657,458,1,2
459,658,434,0,3
459,660,458,1,2
459,664,458,1,2
459,666,458,1,2
459,672,458,1,2
459,673,484,3,0
459,677,458,1,2
459,680,434,0,3
459,681,458,1,2
459,682,458,1,2
459,683,458,1,2
459,684,434,0,3
459,685,434,0,3
459,687,458,1,2
459,689,484,3,0
459,690,458,1,2
459,691,484,3,0
459,694,458,1,2
459,696,458,1,2
459,697,458,1,2
459,700,458,1,2
459,701,484,3,0
459,704,484,3,0
459,705,458,1,2
459,709,458,1,2
459,711,458,1,2
459,712,484,3,0
459,715,458,1,2
459,716,458,1,2
459,717,484,3,0
459,719,458,1,2
459,724,484,3,0
460,626,459,1,2
460,629,459,1,2
460,630,485,3,0
460,631,435,0,3
460,637,459,1,2
460,638,459,1,2
460,650,459,1,2
460,651,459,1,2
460,652,459,1,2
460,654,459,1,2
460,657,459,1,2
460,658,435,0,3
460,660,459,1,2
460,666,459,1,2
460,673,485,3,0
460,677,459,1,2
460,680,435,0,3
460,681,459,1,2
460,682,459,1,2
460,683,459,1,2
460,684,435,0,3
460,685,435,0,3
460,687,459,1,2
460,689,485,3,0
460,690,459,1,2
460,691,485,3,0
460,694,459,1,2
460,696,459,1,2
460,697,459,1,2
460,700,459,1,2
460,704,485,3,0
460,705,459,1,2
460,709,459,1,2
460,711,459,1,2
460,715,459,1,2
460,717,485,3,0
460,719,459,1,2
460,724,485,3,0
461,626,460,1,2
461,629,460,1,2
461,630,486,3,0
461,631,436,0,3
461,637,460,1,2
461,650,460,1,2
461,651,460,1,2
461,652,460,1,2
461,654,460,1,2
461,657,460,1,2
461,658,436,0,3
461,660,460,1,2
461,666,460,1,2
461,673,486,3,0
461,677,460,1,2
461,680,436,0,3
461,681,460,1,2
461,682,460,1,2
461,683,460,1,2
461,684,436,0,3
461,687,460,1,2
461,689,486,3,0
461,690,460,1,2
461,691,486,3,0
461,696,460,1,2
461,697,460,1,2
461,700,460,1,2
461,704,486,3,0
461,705,460,1,2
461,709,460,1,2
461,711,460,1,2
461,715,460,1,2
461,717,486,3,0
461,719,460,1,2
461,724,486,3,0
462,626,461,1,2
462,630,487,3,0
462,631,437,0,3
462,637,461,1,2
462,650,461,1,2
462,651,461,1,2
462,660,461,1,2
462,666,461,1,2
462,673,487,3,0
462,677,461,1,2
462,680,437,0,3
462,681,461,1,2
462,682,461,1,2
462,683,461,1,2
462,684,437,0,3
462,690,461,1,2
462,691,487,3,0
462,700,461,1,2
462,704,487,3,0
462,705,461,1,2
462,709,461,1,2
462,711,461,1,2
462,715,461,1,2
462,717,487,3,0
462,719,461,1,2
462,724,487,3,0
463,626,462,1,2
463,630,488,3,0
463,650,462,1,2
463,666,462,1,2
463,677,462,1,2
463,681,462,1,2
463,684,438,0,3
463,690,462,1,2
463,691,488,3,0
463,711,462,1,2
463,715,462,1,2
463,719,462,1,2
464,626,463,1,2
464,630,489,3,0
464,650,463,1,2
464,690,465,2,1
464,691,489,3,0
464,711,463,1,2
464,719,463,1,2
465,630,490,3,0
465,690,466,2,1
465,711,466,2,1
466,626,467,2,1
466,630,491,3,0
466,650,467,2,1
466,681,467,2,1
466,690,467,2,1
466,691,491,3,0
466,711,467,2,1
466,719,467,2,1
467,626,468,2,1
467,630,492,3,0
467,631,466,1,2
467,650,468,2,1
467,666,468,2,1
467,673,466,1,2
467,677,468,2,1
467,680,442,0,3
467,681,468,2,1
467,684,442,0,3
467,690,468,2,1
467,691,492,3,0
467,700,468,2,1
467,704,466,1,2
467,711,468,2,1
467,715,468,2,1
467,719,468,2,1
468,626,469,2,1
468,629,469,2,1
468,630,493,3,0
468,631,443,0,3
468,637,469,2,1
468,650,469,2,1
468,651,469,2,1
468,654,469,2,1
468,660,469,2,1
468,666,469,2,1
468,673,493,3,0
468,677,469,2,1
468,680,443,0,3
468,681,469,2,1
468,682,469,2,1
468,683,469,2,1
468,684,443,0,3
468,687,469,2,1
468,690,469,2,1
468,691,493,3,0
468,696,469,2,1
468,700,469,2,1
468,704,493,3,0
468,705,469,2,1
468,709,469,2,1
468,711,469,2,1
468,715,469,2,1
468,717,493,3,0
468,719,469,2,1
468,724,493,3,0
469,626,470,2,1
469,629,470,2,1
469,630,494,3,0
469,631,444,0,3
469,636,470,2,1
469,637,470,2,1
469,650,470,2,1
469,651,470,2,1
469,652,470,2,1
469,654,470,2,1
469,657,470,2,1
469,658,444,0,3
469,660,470,2,1
469,666,470,2,1
469,673,494,3,0
469,677,470,2,1
469,680,444,0,3
469,681,470,2,1
469,682,470,2,1
469,683,470,2,1
469,684,444,0,3
469,687,470,2,1
469,689,494,3,0
469,690,470,2,1
469,691,494,3,0
469,696,470,2,1
469,697,470,2,1
469,700,470,2,1
469,704,494,3,0
469,705,470,2,1
469,709,470,2,1
469,711,470,2,1
469,715,470,2,1
469,717,494,3,0
469,719,470,2,1
469,724,494,3,0
470,626,471,2,1
470,629,471,2,1
470,630,495,3,0
470,631,445,0,3
470,637,471,2,1
470,638,471,2,1
470,650,471,2,1
470,651,471,2,1
470,652,471,2,1
470,654,471,2,1
470,657,471,2,1
470,658,445,0,3
470,660,471,2,1
470,666,471,2,1
470,673,495,3,0
470,677,471,2,1
470,680,445,0,3
470,681,471,2,1
470,682,471,2,1
470,683,471,2,1
470,684,445,0,3
470,685,445,0,3
470,687,471,2,1
470,689,495,3,0
470,690,471,2,1
470,691,495,3,0
470,692,471,2,1
470,694,471,2,1
470,696,471,2,1
470,697,471,2,1
470,700,471,2,1
470,704,495,3,0
470,705,471,2,1
470,709,471,2,1
470,711,471,2,1
470,715,471,2,1
470,717,495,3,0
470,719,471,2,1
470,724,495,3,0
471,626,446,0,3
471,629,496,3,0
471,630,496,3,0
471,631,446,0,3
471,638,496,3,0
471,646,472,2,1
471,650,496,3,0
471,654,472,2,1
471,655,472,2,1
471,657,496,3,0
471,658,446,0,3
471,660,496,3,0
471,664,472,2,1
471,666,446,0,3
471,672,472,2,1
471,673,496,3,0
471,677,446,0,3
471,680,446,0,3
471,681,446,0,3
471,682,446,0,3
471,684,446,0,3
471,690,496,3,0
471,691,496,3,0
471,694,446,0,3
471,696,496,3,0
471,700,496,3,0
471,704,496,3,0
471,705,446,0,3
471,706,472,2,1
471,709,446,0,3
471,711,496,3,0
471,712,496,3,0
471,715,446,0,3
471,716,472,2,1
471,717,496,3,0
471,719,446,0,3
471,721,472,2,1
471,724,496,3,0
472,626,447,0,3
472,629,497,3,0
472,630,471,1,2
472,631,471,1,2
472,637,447,0,3
472,638,497,3,0
472,650,497,3,0
472,651,497,3,0
472,652,447,0,3
472,654,473,2,1
472,657,497,3,0
472,658,471,1,2
472,660,497,3,0
472,666,447,0,3
472,673,471,1,2
472,677,447,0,3
472,680,471,1,2
472,681,447,0,3
472,682,447,0,3
472,683,447,0,3
472,684,471,1,2
472,685,471,1,2
472,687,447,0,3
472,689,471,1,2
472,690,497,3,0
472,691,471,1,2
472,692,497,3,0
472,694,447,0,3
472,696,497,3,0
472,697,447,0,3
472,700,497,3,0
472,704,471,1,2
472,705,447,0,3
472,709,447,0,3
472,711,497,3,0
472,715,447,0,3
472,717,471,1,2
472,719,447,0,3
472,724,471,1,2
473,626,448,0,3
473,629,498,3,0
473,630,472,1,2
473,631,472,1,2
473,636,448,0,3
473,637,448,0,3
473,650,498,3,0
473,651,498,3,0
473,652,448,0,3
473,654,474,2,1
473,657,498,3,0
473,658,472,1,2
473,660,498,3,0
473,666,448,0,3
473,673,472,1,2
473,677,448,0,3
473,680,472,1,2
473,681,448,0,3
473,682,448,0,3
473,683,448,0,3
473,684,472,1,2
473,687,448,0,3
473,689,472,1,2
473,690,498,3,0
473,691,472,1,2
473,696,498,3,0
473,697,448,0,3
473,700,498,3,0
473,704,472,1,2
473,705,448,0,3
473,709,448,0,3
473,711,498,3,0
473,715,448,0,3
473,717,472,1,2
473,719,448,0,3
473,724,472,1,2
474,626,449,0,3
474,629,499,3,0
474,630,473,1,2
474,631,473,1,2
474,637,449,0,3
474,650,499,3,0
474,651,499,3,0
474,654,654,33,0
474,660,499,3,0
474,666,449,0,3
474,673,473,1,2
474,677,449,0,3
474,680,473,1,2
474,681,449,0,3
474,682,449,0,3
474,683,449,0,3
474,684,473,1,2
474,687,449,0,3
474,690,499,3,0
474,691,473,1,2
474,696,499,3,0
474,700,499,3,0
474,704,473,1,2
474,705,449,0,3
474,709,449,0,3
474,711,499,3,0
474,715,449,0,3
474,717,473,1,2
474,719,449,0,3
474,724,473,1,2
475,626,450,0,2
475,630,499,3,2
475,631,476,1,1
475,650,500,2,0
475,666,450,0,2
475,673,476,1,1
475,677,450,0,2
475,680,499,3,2
475,681,450,0,2
475,684,499,3,2
475,690,500,2,0
475,691,499,3,2
475,700,500,2,0
475,704,476,1,1
475,711,500,2,0
475,715,450,0,2
475,719,450,0,2
476,626,451,0,3
476,630,475,1,1
476,650,501,3,0
476,681,451,0,3
476,690,501,3,0
476,691,475,1,1
476,711,501,3,0
476,719,451,0,3
477,630,476,1,2
477,711,502,3,0
478,626,453,0,3
478,630,479,2,1
478,650,503,3,0
478,690,477,1,2
478,691,479,2,1
478,711,503,3,0
478,719,453,0,3
479,626,454,0,3
479,630,480,2,1
479,631,480,2,1
479,650,504,3,0
479,666,454,0,3
479,673,480,2,1
479,677,454,0,3
479,681,454,0,3
479,684,480,2,1
479,690,504,3,0
479,691,480,2,1
479,700,504,3,0
479,704,480,2,1
479,711,504,3,0
479,715,454,0,3
479,719,454,0,3
480,626,455,0,3
480,630,481,2,1
480,631,481,2,1
480,637,455,0,3
480,650,505,3,0
480,651,505,3,0
480,660,505,3,0
480,666,455,0,3
480,673,481,2,1
480,677,455,0,3
480,680,481,2,1
480,681,455,0,3
480,682,455,0,3
480,683,455,0,3
480,684,481,2,1
480,690,505,3,0
480,691,481,2,1
480,696,505,3,0
480,700,505,3,0
480,704,481,2,1
480,705,455,0,3
480,709,455,0,3
480,711,505,3,0
480,715,455,0,3
480,717,481,2,1
480,719,455,0,3
480,724,481,2,1
481,626,456,0,3
481,629,506,3,0
481,630,482,2,1
481,631,482,2,1
481,636,456,0,3
481,637,456,0,3
481,650,506,3,0
481,651,506,3,0
481,652,456,0,3
481,654,456,0,3
481,657,506,3,0
481,658,482,2,1
481,660,506,3,0
481,666,456,0,3
481,673,482,2,1
481,677,456,0,3
481,680,482,2,1
481,681,456,0,3
481,682,456,0,3
481,683,456,0,3
481,684,482,2,1
481,687,506,3,0
481,689,482,2,1
481,690,506,3,0
481,691,482,2,1
481,696,506,3,0
481,697,456,0,3
481,700,506,3,0
481,704,482,2,1
481,705,456,0,3
481,709,456,0,3
481,711,506,3,0
481,715,456,0,3
481,717,482,2,1
481,719,456,0,3
481,724,482,2,1
482,626,457,0,3
482,629,507,3,0
482,630,483,2,1
482,631,483,2,1
482,637,457,0,3
482,638,507,3,0
482,650,507,3,0
482,651,507,3,0
482,652,457,0,3
482,654,457,0,3
482,657,507,3,0
482,658,483,2,1
482,660,507,3,0
482,666,457,0,3
482,673,483,2,1
482,677,457,0,3
482,680,483,2,1
482,681,457,0,3
482,682,457,0,3
482,683,457,0,3
482,684,483,2,1
482,685,483,2,1
482,687,507,3,0
482,689,483,2,1
482,690,507,3,0
482,691,483,2,1
482,692,507,3,0
482,694,507,3,0
482,696,507,3,0
482,697,457,0,3
482,700,507,3,0
482,704,483,2,1
482,705,457,0,3
482,709,457,0,3
482,711,507,3,0
482,715,457,0,3
482,717,483,2,1
482,719,457,0,3
482,724,483,2,1
483,626,458,0,3
483,629,508,3,0
483,630,508,3,0
483,631,458,0,3
483,638,508,3,0
483,650,508,3,0
483,652,458,0,3
483,654,458,0,3
483,657,508,3,0
483,658,458,0,3
483,660,508,3,0
483,666,458,0,3
483,672,458,0,3
483,673,508,3,0
483,677,458,0,3
483,680,458,0,3
483,681,458,0,3
483,682,458,0,3
483,683,458,0,3
483,684,458,0,3
483,687,508,3,0
483,690,508,3,0
483,691,508,3,0
483,696,508,3,0
483,700,508,3,0
483,704,508,3,0
483,705,458,0,3
483,709,458,0,3
483,711,508,3,0
483,715,458,0,3
483,717,508,3,0
483,719,458,0,3
483,724,508,3,0
484,626,483,1,2
484,629,483,1,2
484,630,509,3,0
484,631,459,0,3
484,637,483,1,2
484,638,483,1,2
484,646,483,1,2
484,650,483,1,2
484,651,483,1,2
484,652,483,1,2
484,654,483,1,2
484,657,483,1,2
484,658,459,0,3
484,660,483,1,2
484,664,483,1,2
484,666,483,1,2
484,672,483,1,2
484,673,509,3,0
484,677,483,1,2
484,680,459,0,3
484,681,483,1,2
484,682,483,1,2
484,683,483,1,2
484,684,459,0,3
484,685,459,0,3
484,687,483,1,2
484,689,509,3,0
484,690,483,1,2
484,691,509,3,0
484,694,483,1,2
484,696,483,1,2
484,697,483,1,2
484,700,483,1,2
484,701,509,3,0
484,704,509,3,0
484,705,483,1,2
484,709,483,1,2
484,711,483,1,2
484,712,509,3,0
484,715,483,1,2
484,716,483,1,2
484,717,509,3,0
484,719,483,1,2
484,724,509,3,0
485,626,484,1,2
485,629,484,1,2
485,630,510,3,0
485,631,460,0,3
485,637,484,1,2
485,638,484,1,2
485,650,484,1,2
485,651,484,1,2
485,652,484,1,2
485,654,484,1,2
485,657,484,1,2
485,658,460,0,3
485,660,484,1,2
485,666,484,1,2
485,673,510,3,0
485,677,484,1,2
485,680,460,0,3
485,681,484,1,2
485,682,484,1,2
485,683,484,1,2
485,684,460,0,3
485,685,460,0,3
485,687,484,1,2
485,689,510,3,0
485,690,484,1,2
485,691,510,3,0
485,694,484,1,2
485,696,484,1,2
485,697,484,1,2
485,700,484,1,2
485,704,510,3,0
485,705,484,1,2
485,709,484,1,2
485,711,484,1,2
485,715,484,1,2
485,717,510,3,0
485,719,484,1,2
485,724,510,3,0
486,626,485,1,2
486,629,485,1,2
486,630,511,3,0
486,631,461,0,3
486,637,485,1,2
486,650,485,1,2
486,651,485,1,2
486,652,485,1,2
486,654,485,1,2
486,657,485,1,2
486,658,461,0,3
486,660,485,1,2
486,666,485,1,2
486,673,511,3,0
486,677,485,1,2
486,680,461,0,3
486,681,485,1,2
486,682,485,1,2
486,683,485,1,2
486,684,461,0,3
486,687,485,1,2
486,689,511,3,0
486,690,485,1,2
486,691,511,3,0
486,696,485,1,2
486,697,485,1,2
486,700,485,1,2
486,704,511,3,0
486,705,485,1,2
486,709,485,1,2
486,711,485,1,2
486,715,485,1,2
486,717,511,3,0
486,719,485,1,2
486,724,511,3,0
487,626,486,1,2
487,630,512,3,0
487,631,462,0,3
487,637,486,1,2
487,650,486,1,2
487,651,486,1,2
487,660,486,1,2
487,666,486,1,2
487,673,512,3,0
487,677,486,1,2
487,680,462,0,3
487,681,486,1,2
487,682,486,1,2
487,683,486,1,2
487,684,462,0,3
487,690,486,1,2
487,691,512,3,0
487,700,486,1,2
487,704,512,3,0
487,705,486,1,2
487,709,486,1,2
487,711,486,1,2
487,715,486,1,2
487,717,512,3,0
487,719,486,1,2
487,724,512,3,0
488,626,487,1,2
488,630,513,3,0
488,650,487,1,2
488,666,487,1,2
488,677,487,1,2
488,681,487,1,2
488,684,463,0,3
488,690,487,1,2
488,691,513,3,0
488,711,487,1,2
488,715,487,1,2
488,719,487,1,2
489,626,488,1,2
489,630,514,3,0
489,650,488,1,2
489,690,490,2,1
489,691,514,3,0
489,711,488,1,2
489,719,488,1,2
490,630,515,3,0
490,690,491,2,1
490,711,491,2,1
491,626,492,2,1
491,630,516,3,0
491,650,492,2,1
491,681,492,2,1
491,690,492,2,1
491,691,516,3,0
491,711,492,2,1
491,719,492,2,1
492,626,493,2,1
492,630,517,3,0
492,631,491,1,2
492,650,493,2,1
492,666,493,2,1
492,673,491,1,2
492,677,493,2,1
492,680,467,0,3
492,681,493,2,1
492,684,467,0,3
492,690,493,2,1
492,691,517,3,0
492,700,493,2,1
492,704,491,1,2
492,711,493,2,1
492,715,493,2,1
492,719,493,2,1
493,626,494,2,1
493,629,494,2,1
493,630,518,3,0
493,631,468,0,3
493,637,494,2,1
493,650,494,2,1
493,651,494,2,1
493,654,494,2,1
493,660,494,2,1
493,666,494,2,1
493,673,518,3,0
493,677,494,2,1
493,680,468,0,3
493,681,494,2,1
493,682,494,2,1
493,683,494,2,1
493,684,468,0,3
493,687,494,2,1
493,690,494,2,1
493,691,518,3,0
493,696,494,2,1
493,700,494,2,1
493,704,518,3,0
493,705,494,2,1
493,709,494,2,1
493,711,494,2,1
493,715,494,2,1
493,717,518,3,0
493,719,494,2,1
493,724,518,3,0
494,626,495,2,1
494,629,495,2,1
494,630,519,3,0
494,631,469,0,3
494,636,495,2,1
494,637,495,2,1
494,650,495,2,1
494,651,495,2,1
494,652,495,2,1
494,654,495,2,1
494,657,495,2,1
494,658,469,0,3
494,660,495,2,1
494,666,495,2,1
494,673,519,3,0
494,677,495,2,1
494,680,469,0,3
494,681,495,2,1
494,682,495,2,1
494,683,495,2,1
494,684,469,0,3
494,687,495,2,1
494,689,519,3,0
494,690,495,2,1
494,691,519,3,0
494,696,495,2,1
494,697,495,2,1
494,700,495,2,1
494,704,519,3,0
494,705,495,2,1
494,709,495,2,1
494,711,495,2,1
494,715,495,2,1
494,717,519,3,0
494,719,495,2,1
494,724,519,3,0
495,626,496,2,1
495,629,496,2,1
495,630,520,3,0
495,631,470,0,3
495,637,496,2,1
495,638,496,2,1
495,650,496,2,1
495,651,496,2,1
495,652,496,2,1
495,654,496,2,1
495,657,496,2,1
495,658,470,0,3
495,660,496,2,1
495,666,496,2,1
495,673,520,3,0
495,677,496,2,1
495,680,470,0,3
495,681,496,2,1
495,682,496,2,1
495,683,496,2,1
495,684,470,0,3
495,685,470,0,3
495,687,496,2,1
495,689,520,3,0
495,690,496,2,1
495,691,520,3,0
495,692,496,2,1
495,694,496,2,1
495,696,496,2,1
495,697,496,2,1
495,700,496,2,1
495,704,520,3,0
495,705,496,2,1
495,709,496,2,1
495,711,496,2,1
495,715,496,2,1
495,717,520,3,0
495,719,496,2,1
495,724,520,3,0
496,626,471,0,3
496,629,521,3,0
496,630,521,3,0
496,631,471,0,3
496,638,521,3,0
496,646,497,2,1
496,650,521,3,0
496,652,471,0,3
496,654,471,0,3
496,655,497,2,1
496,657,521,3,0
496,658,471,0,3
496,660,521,3,0
496,664,497,2,1
496,666,471,0,3
496,672,497,2,1
496,673,521,3,0
496,677,471,0,3
496,680,471,0,3
496,681,471,0,3
496,682,471,0,3
496,683,471,0,3
496,684,471,0,3
496,687,521,3,0
496,690,521,3,0
496,691,521,3,0
496,696,521,3,0
496,700,521,3,0
496,704,521,3,0
496,705,471,0,3
496,706,497,2,1
496,709,471,0,3
496,711,521,3,0
496,715,471,0,3
496,716,497,2,1
496,717,521,3,0
496,719,471,0,3
496,721,497,2,1
496,724,521,3,0
497,626,472,0,3
497,629,522,3,0
497,630,496,1,2
497,631,496,1,2
497,637,472,0,3
497,638,522,3,0
497,650,522,3,0
497,651,522,3,0
497,652,472,0,3
497,654,472,0,3
497,657,522,3,0
497,658,496,1,2
497,660,522,3,0
497,666,472,0,3
497,673,496,1,2
497,677,472,0,3
497,680,496,1,2
497,681,472,0,3
497,682,472,0,3
497,683,472,0,3
497,684,496,1,2
497,685,496,1,2
497,687,522,3,0
497,689,496,1,2
497,690,522,3,0
497,691,496,1,2
497,692,522,3,0
497,694,522,3,0
497,696,522,3,0
497,697,472,0,3
497,700,522,3,0
497,704,496,1,2
497,705,472,0,3
497,709,472,0,3
497,711,522,3,0
497,715,472,0,3
497,717,496,1,2
497,719,472,0,3
497,724,496,1,2
498,626,473,0,3
498,629,523,3,0
498,630,497,1,2
498,631,497,1,2
498,636,473,0,3
498,637,473,0,3
498,650,523,3,0
498,651,523,3,0
498,652,473,0,3
498,654,473,0,3
498,657,523,3,0
498,658,497,1,2
498,660,523,3,0
498,666,473,0,3
498,673,497,1,2
498,677,473,0,3
498,680,497,1,2
498,681,473,0,3
498,682,473,0,3
498,683,473,0,3
498,684,497,1,2
498,687,523,3,0
498,689,497,1,2
498,690,523,3,0
498,691,497,1,2
498,696,523,3,0
498,697,473,0,3
498,700,523,3,0
498,704,497,1,2
498,705,473,0,3
498,709,473,0,3
498,711,523,3,0
498,715,473,0,3
498,717,497,1,2
498,719,473,0,3
498,724,497,1,2
499,626,474,0,3
499,629,524,3,0
499,630,498,1,2
499,631,498,1,2
499,637,474,0,3
499,650,524,3,0
499,651,524,3,0
499,654,474,0,3
499,660,524,3,0
499,666,474,0,3
499,673,498,1,2
499,677,474,0,3
499,680,498,1,2
499,681,474,0,3
499,682,474,0,3
499,683,474,0,3
499,684,498,1,2
499,687,524,3,0
499,690,524,3,0
499,691,498,1,2
499,696,524,3,0
499,700,524,3,0
499,704,498,1,2
499,705,474,0,3
499,709,474,0,3
499,711,524,3,0
499,715,474,0,3
499,717,498,1,2
499,719,474,0,3
499,724,498,1,2
500,626,475,0,2
500,630,524,3,2
500,631,501,1,1
500,650,525,2,0
500,666,475,0,2
500,673,501,1,1
500,677,475,0,2
500,680,524,3,2
500,681,475,0,2
500,684,524,3,2
500,690,525,2,0
500,691,524,3,2
500,700,525,2,0
500,704,501,1,1
500,711,525,2,0
500,715,475,0,2
500,719,475,0,2
501,626,476,0,3
501,630,500,1,1
501,650,526,3,0
501,681,476,0,3
501,690,526,3,0
501,691,500,1,1
501,711,526,3,0
501,719,476,0,3
502,630,501,1,2
502,711,527,3,0
503,626,478,0,3
503,630,504,2,1
503,650,528,3,0
503,690,502,1,2
503,691,504,2,1
503,711,528,3,0
503,719,478,0,3
504,626,479,0,3
504,630,505,2,1
504,631,505,2,1
504,650,529,3,0
504,666,479,0,3
504,673,505,2,1
504,677,479,0,3
504,681,479,0,3
504,684,505,2,1
504,690,529,3,0
504,691,505,2,1
504,700,529,3,0
504,704,505,2,1
504,711,529,3,0
504,715,479,0,3
504,719,479,0,3
505,626,480,0,3
505,630,506,2,1
505,631,506,2,1
505,637,480,0,3
505,650,530,3,0
505,651,530,3,0
505,660,530,3,0
505,666,480,0,3
505,673,506,2,1
505,677,480,0,3
505,680,506,2,1
505,681,480,0,3
505,682,480,0,3
505,683,480,0,3
505,684,506,2,1
505,690,530,3,0
505,691,506,2,1
505,696,530,3,0
505,700,530,3,0
505,704,506,2,1
505,705,480,0,3
505,709,480,0,3
505,711,530,3,0
505,715,480,0,3
505,717,506,2,1
505,719,480,0,3
505,724,506,2,1
506,626,481,0,3
506,629,531,3,0
506,630,507,2,1
506,631,507,2,1
506,636,481,0,3
506,637,481,0,3
506,650,531,3,0
506,651,531,3,0
506,652,481,0,3
506,654,481,0,3
506,657,531,3,0
506,658,507,2,1
506,660,531,3,0
506,666,481,0,3
506,673,507,2,1
506,677,481,0,3
506,680,507,2,1
506,681,481,0,3
506,682,481,0,3
506,683,481,0,3
506,684,507,2,1
506,687,531,3,0
506,689,507,2,1
506,690,531,3,0
506,691,507,2,1
506,696,531,3,0
506,697,481,0,3
506,700,531,3,0
506,704,507,2,1
506,705,481,0,3
506,709,481,0,3
506,711,531,3,0
506,715,481,0,3
506,717,507,2,1
506,719,481,0,3
506,724,507,2,1
507,626,482,0,3
507,629,532,3,0
507,630,508,2,1
507,631,508,2,1
507,637,482,0,3
507,638,638,17,0
507,650,532,3,0
507,651,532,3,0
507,652,482,0,3
507,654,482,0,3
507,657,532,3,0
507,658,508,2,1
507,660,532,3,0
507,666,482,0,3
507,673,508,2,1
507,677,482,0,3
507,680,508,2,1
507,681,482,0,3
507,682,482,0,3
507,683,482,0,3
507,684,508,2,1
507,685,508,2,1
507,687,532,3,0
507,689,508,2,1
507,690,532,3,0
507,691,508,2,1
507,692,532,3,0
507,694,532,3,0
507,696,532,3,0
507,697,482,0,3
507,700,532,3,0
507,704,508,2,1
507,705,482,0,3
507,709,482,0,3
507,711,532,3,0
507,715,482,0,3
507,717,508,2,1
507,719,482,0,3
507,724,508,2,1
508,626,483,0,3
508,629,533,3,0
508,630,533,3,0
508,631,483,0,3
508,637,483,0,3
508,638,507,1,2
508,650,533,3,0
508,652,483,0,3
508,654,483,0,3
508,657,533,3,0
508,658,483,0,3
508,660,533,3,0
508,666,483,0,3
508,673,533,3,0
508,677,483,0,3
508,680,483,0,3
508,681,483,0,3
508,682,483,0,3
508,683,483,0,3
508,684,483,0,3
508,687,533,3,0
508,690,533,3,0
508,691,533,3,0
508,696,533,3,0
508,697,483,0,3
508,700,533,3,0
508,704,533,3,0
508,705,483,0,3
508,709,483,0,3
508,711,533,3,0
508,715,483,0,3
508,716,483,0,3
508,717,533,3,0
508,719,483,0,3
508,724,533,3,0
509,626,508,1,2
509,629,508,1,2
509,630,534,3,0
509,631,484,0,3
509,637,508,1,2
509,638,508,1,2
509,646,508,1,2
509,650,508,1,2
509,651,508,1,2
509,652,508,1,2
509,654,508,1,2
509,657,508,1,2
509,658,484,0,3
509,660,508,1,2
509,664,508,1,2
509,666,508,1,2
509,672,508,1,2
509,673,534,3,0
509,677,508,1,2
509,680,484,0,3
509,681,508,1,2
509,682,508,1,2
509,683,508,1,2
509,684,484,0,3
509,685,484,0,3
509,687,508,1,2
509,689,534,3,0
509,690,508,1,2
509,691,534,3,0
509,694,508,1,2
509,696,508,1,2
509,697,508,1,2
509,700,508,1,2
509,701,534,3,0
509,704,534,3,0
509,705,508,1,2
509,709,508,1,2
509,711,508,1,2
509,712,534,3,0
509,715,508,1,2
509,716,508,1,2
509,717,534,3,0
509,719,508,1,2
509,724,534,3,0
510,626,509,1,2
510,629,509,1,2
510,630,535,3,0
510,631,485,0,3
510,637,509,1,2
510,638,509,1,2
510,650,509,1,2
510,651,509,1,2
510,652,509,1,2
510,654,509,1,2
510,657,509,1,2
510,658,485,0,3
510,660,509,1,2
510,666,509,1,2
510,673,535,3,0
510,677,509,1,2
510,680,485,0,3
510,681,509,1,2
510,682,509,1,2
510,683,509,1,2
510,684,485,0,3
510,685,485,0,3
510,687,509,1,2
510,689,535,3,0
510,690,509,1,2
510,691,535,3,0
510,694,509,1,2
510,696,509,1,2
510,697,509,1,2
510,700,509,1,2
510,704,535,3,0
510,705,509,1,2
510,709,509,1,2
510,711,509,1,2
510,715,509,1,2
510,717,535,3,0
510,719,509,1,2
510,724,535,3,0
511,626,510,1,2
511,629,510,1,2
511,630,536,3,0
511,631,486,0,3
511,637,510,1,2
511,650,510,1,2
511,651,510,1,2
511,652,510,1,2
511,654,510,1,2
511,657,510,1,2
511,658,486,0,3
511,660,510,1,2
511,666,510,1,2
511,673,536,3,0
511,677,510,1,2
511,680,486,0,3
511,681,510,1,2
511,682,510,1,2
511,683,510,1,2
511,684,486,0,3
511,687,510,1,2
511,689,536,3,0
511,690,510,1,2
511,691,536,3,0
511,696,510,1,2
511,697,510,1,2
511,700,510,1,2
511,704,536,3,0
511,705,510,1,2
511,709,510,1,2
511,711,510,1,2
511,715,510,1,2
511,717,536,3,0
511,719,510,1,2
511,724,536,3,0
512,626,511,1,2
512,630,537,3,0
512,631,487,0,3
512,637,511,1,2
512,650,511,1,2
512,651,511,1,2
512,660,511,1,2
512,666,511,1,2
512,673,537,3,0
512,677,511,1,2
512,680,487,0,3
512,681,511,1,2
512,682,511,1,2
512,683,511,1,2
512,684,487,0,3
512,690,511,1,2
512,691,537,3,0
512,700,511,1,2
512,704,537,3,0
512,705,511,1,2
512,709,511,1,2
512,711,511,1,2
512,715,511,1,2
512,717,537,3,0
512,719,511,1,2
512,724,537,3,0
513,626,512,1,2
513,630,538,3,0
513,650,512,1,2
513,666,512,1,2
513,677,512,1,2
513,681,512,1,2
513,684,488,0,3
513,690,512,1,2
513,691,538,3,0
513,711,512,1,2
513,715,512,1,2
513,719,512,1,2
514,626,513,1,2
514,630,539,3,0
514,650,513,1,2
514,690,515,2,1
514,691,539,3,0
514,711,513,1,2
514,719,513,1,2
515,630,540,3,0
515,690,516,2,1
515,711,516,2,1
516,626,517,2,1
516,630,541,3,0
516,650,517,2,1
516,681,517,2,1
516,690,517,2,1
516,691,541,3,0
516,711,517,2,1
516,719,517,2,1
517,626,518,2,1
517,630,542,3,0
517,631,516,1,2
517,650,518,2,1
517,666,518,2,1
517,673,516,1,2
517,677,518,2,1
517,680,492,0,3
517,681,518,2,1
517,684,492,0,3
517,690,518,2,1
517,691,542,3,0
517,700,518,2,1
517,704,516,1,2
517,711,518,2,1
517,715,518,2,1
517,719,518,2,1
518,626,519,2,1
518,629,519,2,1
518,630,543,3,0
518,631,493,0,3
518,637,519,2,1
518,650,519,2,1
518,651,519,2,1
518,654,519,2,1
518,660,519,2,1
518,666,519,2,1
518,673,543,3,0
518,677,519,2,1
518,680,493,0,3
518,681,519,2,1
518,682,519,2,1
518,683,519,2,1
518,684,493,0,3
518,687,519,2,1
518,690,519,2,1
518,691,543,3,0
518,696,519,2,1
518,700,519,2,1
518,704,543,3,0
518,705,519,2,1
518,709,519,2,1
518,711,519,2,1
518,715,519,2,1
518,717,543,3,0
518,719,519,2,1
518,724,543,3,0
519,626,520,2,1
519,629,520,2,1
519,630,544,3,0
519,631,494,0,3
519,636,520,2,1
519,637,520,2,1
519,650,520,2,1
519,651,520,2,1
519,652,520,2,1
519,654,520,2,1
519,657,520,2,1
519,658,494,0,3
519,660,520,2,1
519,666,520,2,1
519,673,544,3,0
519,677,520,2,1
519,680,494,0,3
519,681,520,2,1
519,682,520,2,1
519,683,520,2,1
519,684,494,0,3
519,687,520,2,1
519,689,544,3,0
519,690,520,2,1
519,691,544,3,0
519,696,520,2,1
519,697,520,2,1
519,700,520,2,1
519,704,544,3,0
519,705,520,2,1
519,709,520,2,1
519,711,520,2,1
519,715,520,2,1
519,717,544,3,0
519,719,520,2,1
519,724,544,3,0
520,626,521,2,1
520,629,521,2,1
520,630,545,3,0
520,631,495,0,3
520,637,521,2,1
520,638,521,2,1
520,650,521,2,1
520,651,521,2,1
520,652,521,2,1
520,654,521,2,1
520,657,521,2,1
520,658,495,0,3
520,660,521,2,1
520,666,521,2,1
520,673,545,3,0
520,677,521,2,1
520,680,495,0,3
520,681,521,2,1
520,682,521,2,1
520,683,521,2,1
520,684,495,0,3
520,685,495,0,3
520,687,521,2,1
520,689,545,3,0
520,690,521,2,1
520,691,545,3,0
520,692,521,2,1
520,694,521,2,1
520,696,521,2,1
520,697,521,2,1
520,700,521,2,1
520,704,545,3,0
520,705,521,2,1
520,709,521,2,1
520,711,521,2,1
520,715,521,2,1
520,717,545,3,0
520,719,521,2,1
520,724,545,3,0
521,626,496,0,3
521,629,546,3,0
521,630,546,3,0
521,631,496,0,3
521,637,496,0,3
521,638,522,2,1
521,646,522,2,1
521,650,546,3,0
521,652,496,0,3
521,654,496,0,3
521,655,522,2,1
521,657,546,3,0
521,658,496,0,3
521,660,546,3,0
521,664,522,2,1
521,666,496,0,3
521,672,522,2,1
521,673,546,3,0
521,677,496,0,3
521,680,496,0,3
521,681,496,0,3
521,682,496,0,3
521,683,496,0,3
521,684,496,0,3
521,687,546,3,0
521,690,546,3,0
521,691,546,3,0
521,696,546,3,0
521,697,496,0,3
521,700,546,3,0
521,704,546,3,0
521,705,496,0,3
521,706,522,2,1
521,709,496,0,3
521,711,546,3,0
521,715,496,0,3
521,716,522,2,1
521,717,546,3,0
521,719,496,0,3
521,721,522,2,1
521,724,546,3,0
522,626,497,0,3
522,629,547,3,0
522,630,521,1,2
522,631,521,1,2
522,637,497,0,3
522,638,523,2,1
522,650,547,3,0
522,651,547,3,0
522,652,497,0,3
522,654,497,0,3
522,657,547,3,0
522,658,521,1,2
522,660,547,3,0
522,666,497,0,3
522,673,521,1,2
522,677,497,0,3
522,680,521,1,2
522,681,497,0,3
522,682,497,0,3
522,683,497,0,3
522,684,521,1,2
522,685,521,1,2
522,687,547,3,0
522,689,521,1,2
522,690,547,3,0
522,691,521,1,2
522,692,547,3,0
522,694,547,3,0
522,696,547,3,0
522,697,497,0,3
522,700,547,3,0
522,704,521,1,2
522,705,497,0,3
522,709,497,0,3
522,711,547,3,0
522,715,497,0,3
522,717,521,1,2
522,719,497,0,3
522,724,521,1,2
523,626,498,0,3
523,629,548,3,0
523,630,522,1,2
523,631,522,1,2
523,636,498,0,3
523,637,498,0,3
523,650,548,3,0
523,651,548,3,0
523,652,498,0,3
523,654,498,0,3
523,657,548,3,0
523,658,522,1,2
523,660,548,3,0
523,666,498,0,3
523,673,522,1,2
523,677,498,0,3
523,680,522,1,2
523,681,498,0,3
523,682,498,0,3
523,683,498,0,3
523,684,522,1,2
523,687,548,3,0
523,689,522,1,2
523,690,548,3,0
523,691,522,1,2
523,696,548,3,0
523,697,498,0,3
523,700,548,3,0
523,704,522,1,2
523,705,498,0,3
523,709,498,0,3
523,711,548,3,0
523,715,498,0,3
523,717,522,1,2
523,719,498,0,3
523,724,522,1,2
524,626,499,0,3
524,629,549,3,0
524,630,523,1,2
524,631,523,1,2
524,637,499,0,3
524,650,549,3,0
524,651,549,3,0
524,654,499,0,3
524,660,549,3,0
524,666,499,0,3
524,673,523,1,2
524,677,499,0,3
524,680,523,1,2
524,681,499,0,3
524,682,499,0,3
524,683,499,0,3
524,684,523,1,2
524,687,549,3,0
524,690,549,3,0
524,691,523,1,2
524,696,549,3,0
524,700,549,3,0
524,704,523,1,2
524,705,499,0,3
524,709,499,0,3
524,711,549,3,0
524,715,499,0,3
524,717,523,1,2
524,719,499,0,3
524,724,523,1,2
525,626,500,0,2
525,630,549,3,2
525,631,526,1,1
525,650,550,2,0
525,666,500,0,2
525,673,526,1,1
525,677,500,0,2
525,680,549,3,2
525,681,500,0,2
525,684,549,3,2
525,690,550,2,0
525,691,549,3,2
525,700,550,2,0
525,704,526,1,1
525,711,550,2,0
525,715,500,0,2
525,719,500,0,2
526,626,501,0,3
526,630,525,1,1
526,650,551,3,0
526,681,501,0,3
526,690,551,3,0
526,691,525,1,1
526,711,551,3,0
526,719,501,0,3
527,630,526,1,2
527,711,552,3,0
528,626,503,0,3
528,630,529,2,1
528,650,553,3,0
528,690,527,1,2
528,691,529,2,1
528,711,553,3,0
528,719,503,0,3
529,626,504,0,3
529,630,530,2,1
529,631,530,2,1
529,650,554,3,0
529,666,504,0,3
529,673,530,2,1
529,677,504,0,3
529,681,504,0,3
529,684,530,2,1
529,690,554,3,0
529,691,530,2,1
529,700,554,3,0
529,704,530,2,1
529,711,554,3,0
529,715,504,0,3
529,719,504,0,3
530,626,505,0,3
530,630,531,2,1
530,631,531,2,1
530,637,505,0,3
530,650,555,3,0
530,651,555,3,0
530,660,555,3,0
530,666,505,0,3
530,673,531,2,1
530,677,505,0,3
530,680,531,2,1
530,681,505,0,3
530,682,505,0,3
530,683,505,0,3
530,684,531,2,1
530,690,555,3,0
530,691,531,2,1
530,696,555,3,0
530,700,555,3,0
530,704,531,2,1
530,705,555,3,0
530,709,505,0,3
530,711,555,3,0
530,715,505,0,3
530,717,531,2,1
530,719,505,0,3
530,724,531,2,1
531,626,506,0,3
531,629,556,3,0
531,630,532,2,1
531,631,532,2,1
531,636,506,0,3
531,637,506,0,3
531,650,556,3,0
531,651,556,3,0
531,652,506,0,3
531,654,506,0,3
531,657,556,3,0
531,658,532,2,1
531,660,556,3,0
531,666,506,0,3
531,673,532,2,1
531,677,506,0,3
531,680,532,2,1
531,681,506,0,3
531,682,506,0,3
531,683,506,0,3
531,684,532,2,1
531,687,556,3,0
531,689,532,2,1
531,690,556,3,0
531,691,532,2,1
531,696,556,3,0
531,697,506,0,3
531,700,556,3,0
531,702,556,3,0
531,704,532,2,1
531,705,556,3,0
531,709,506,0,3
531,711,556,3,0
531,715,506,0,3
531,717,532,2,1
531,719,506,0,3
531,724,532,2,1
532,626,507,0,3
532,629,557,3,0
532,630,533,2,1
532,631,533,2,1
532,637,507,0,3
532,638,507,0,3
532,650,557,3,0
532,651,557,3,0
532,652,507,0,3
532,654,507,0,3
532,657,557,3,0
532,658,533,2,1
532,660,557,3,0
532,666,507,0,3
532,673,533,2,1
532,677,507,0,3
532,680,533,2,1
532,681,507,0,3
532,682,507,0,3
532,683,507,0,3
532,684,533,2,1
532,685,533,2,1
532,687,557,3,0
532,689,533,2,1
532,690,557,3,0
532,691,533,2,1
532,692,557,3,0
532,694,557,3,0
532,696,557,3,0
532,697,507,0,3
532,700,557,3,0
532,702,557,3,0
532,704,533,2,1
532,705,557,3,0
532,709,507,0,3
532,711,557,3,0
532,715,507,0,3
532,717,533,2,1
532,719,507,0,3
532,724,533,2,1
533,626,508,0,3
533,629,558,3,0
533,630,534,2,1
533,631,508,0,3
533,637,508,0,3
533,650,558,3,0
533,652,508,0,3
533,654,508,0,3
533,657,558,3,0
533,658,508,0,3
533,660,558,3,0
533,666,508,0,3
533,673,558,3,0
533,677,508,0,3
533,680,508,0,3
533,681,508,0,3
533,682,508,0,3
533,683,508,0,3
533,684,508,0,3
533,685,558,3,0
533,687,558,3,0
533,690,558,3,0
533,691,534,2,1
533,696,558,3,0
533,697,508,0,3
533,700,558,3,0
533,702,558,3,0
533,704,558,3,0
533,709,508,0,3
533,711,558,3,0
533,715,508,0,3
533,717,558,3,0
533,719,508,0,3
533,724,558,3,0
534,626,533,1,2
534,629,533,1,2
534,630,535,2,1
534,631,509,0,3
534,637,533,1,2
534,638,533,1,2
534,646,533,1,2
534,650,533,1,2
534,651,533,1,2
534,652,533,1,2
534,654,533,1,2
534,657,533,1,2
534,658,509,0,3
534,660,533,1,2
534,664,533,1,2
534,666,533,1,2
534,672,533,1,2
534,673,559,3,0
534,677,533,1,2
534,680,509,0,3
534,681,533,1,2
534,682,533,1,2
534,683,533,1,2
534,684,509,0,3
534,685,559,3,0
534,687,533,1,2
534,689,559,3,0
534,690,533,1,2
534,691,535,2,1
534,694,533,1,2
534,696,533,1,2
534,697,533,1,2
534,700,533,1,2
534,701,559,3,0
534,704,559,3,0
534,705,533,1,2
534,709,533,1,2
534,711,533,1,2
534,712,559,3,0
534,715,533,1,2
534,716,533,1,2
534,717,559,3,0
534,719,533,1,2
534,724,559,3,0
535,626,534,1,2
535,629,534,1,2
535,630,536,2,1
535,631,510,0,3
535,637,534,1,2
535,638,534,1,2
535,650,534,1,2
535,651,534,1,2
535,652,534,1,2
535,654,534,1,2
535,657,534,1,2
535,658,510,0,3
535,660,534,1,2
535,666,534,1,2
535,673,560,3,0
535,677,534,1,2
535,680,510,0,3
535,681,534,1,2
535,682,534,1,2
535,683,534,1,2
535,684,510,0,3
535,685,560,3,0
535,687,534,1,2
535,689,560,3,0
535,690,534,1,2
535,691,536,2,1
535,694,534,1,2
535,696,534,1,2
535,697,534,1,2
535,700,534,1,2
535,704,560,3,0
535,705,534,1,2
535,709,534,1,2
535,711,534,1,2
535,715,534,1,2
535,717,560,3,0
535,719,534,1,2
535,724,560,3,0
536,626,535,1,2
536,629,535,1,2
536,630,537,2,1
536,631,511,0,3
536,637,535,1,2
536,650,535,1,2
536,651,535,1,2
536,652,535,1,2
536,654,535,1,2
536,657,535,1,2
536,658,511,0,3
536,660,535,1,2
536,666,535,1,2
536,673,561,3,0
536,677,535,1,2
536,680,511,0,3
536,681,535,1,2
536,682,535,1,2
536,683,535,1,2
536,684,511,0,3
536,687,535,1,2
536,689,561,3,0
536,690,535,1,2
536,691,537,2,1
536,696,535,1,2
536,697,535,1,2
536,700,535,1,2
536,704,561,3,0
536,705,535,1,2
536,709,535,1,2
536,711,535,1,2
536,715,535,1,2
536,717,561,3,0
536,719,535,1,2
536,724,561,3,0
537,626,536,1,2
537,630,538,2,1
537,631,512,0,3
537,637,536,1,2
537,650,536,1,2
537,651,536,1,2
537,660,536,1,2
537,666,536,1,2
537,673,562,3,0
537,677,536,1,2
537,680,512,0,3
537,681,536,1,2
537,682,536,1,2
537,683,536,1,2
537,684,512,0,3
537,690,536,1,2
537,691,538,2,1
537,700,536,1,2
537,704,562,3,0
537,705,536,1,2
537,709,536,1,2
537,711,536,1,2
537,715,536,1,2
537,717,562,3,0
537,719,536,1,2
537,724,562,3,0
538,626,537,1,2
538,630,539,2,1
538,650,537,1,2
538,666,537,1,2
538,677,537,1,2
538,681,537,1,2
538,684,513,0,3
538,690,537,1,2
538,691,539,2,1
538,711,537,1,2
538,715,537,1,2
538,719,537,1,2
539,626,538,1,2
539,630,540,2,1
539,650,538,1,2
539,690,540,2,1
539,691,691,70,0
539,711,538,1,2
539,719,538,1,2
540,630,630,9,0
540,690,541,2,1
540,711,541,2,1
541,626,542,2,1
541,630,540,1,2
541,650,542,2,1
541,681,542,2,1
541,690,542,2,1
541,691,540,1,2
541,711,542,2,1
541,719,542,2,1
542,626,543,2,1
542,630,541,1,2
542,631,541,1,2
542,650,543,2,1
542,666,543,2,1
542,673,541,1,2
542,677,543,2,1
542,680,517,0,3
542,681,543,2,1
542,684,517,0,3
542,690,543,2,1
542,691,541,1,2
542,700,543,2,1
542,704,541,1,2
542,711,543,2,1
542,715,543,2,1
542,719,543,2,1
543,626,544,2,1
543,629,544,2,1
543,630,542,1,2
543,631,518,0,3
543,637,544,2,1
543,650,544,2,1
543,651,544,2,1
543,654,544,2,1
543,660,544,2,1
543,666,544,2,1
543,673,568,3,0
543,677,544,2,1
543,680,518,0,3
543,681,544,2,1
543,682,544,2,1
543,683,544,2,1
543,684,518,0,3
543,687,544,2,1
543,690,544,2,1
543,691,542,1,2
543,696,544,2,1
543,700,544,2,1
543,704,568,3,0
543,705,544,2,1
543,709,544,2,1
543,711,544,2,1
543,715,544,2,1
543,717,568,3,0
543,719,544,2,1
543,724,568,3,0
544,626,545,2,1
544,629,545,2,1
544,630,543,1,2
544,631,519,0,3
544,636,545,2,1
544,637,545,2,1
544,650,545,2,1
544,651,545,2,1
544,652,545,2,1
544,654,545,2,1
544,657,545,2,1
544,658,519,0,3
544,660,545,2,1
544,666,545,2,1
544,673,569,3,0
544,677,545,2,1
544,680,519,0,3
544,681,545,2,1
544,682,545,2,1
544,683,545,2,1
544,684,519,0,3
544,687,545,2,1
544,689,569,3,0
544,690,545,2,1
544,691,543,1,2
544,696,545,2,1
544,697,545,2,1
544,700,545,2,1
544,704,569,3,0
544,705,545,2,1
544,709,545,2,1
544,711,545,2,1
544,715,545,2,1
544,717,569,3,0
544,719,545,2,1
544,724,569,3,0
545,626,546,2,1
545,629,546,2,1
545,630,544,1,2
545,631,520,0,3
545,637,546,2,1
545,638,546,2,1
545,650,546,2,1
545,651,546,2,1
545,652,546,2,1
545,654,546,2,1
545,657,546,2,1
545,658,520,0,3
545,660,546,2,1
545,666,546,2,1
545,673,570,3,0
545,677,546,2,1
545,680,520,0,3
545,681,546,2,1
545,682,546,2,1
545,683,546,2,1
545,684,520,0,3
545,685,570,3,0
545,687,546,2,1
545,689,570,3,0
545,690,546,2,1
545,691,544,1,2
545,692,546,2,1
545,694,546,2,1
545,696,546,2,1
545,697,546,2,1
545,700,546,2,1
545,704,570,3,0
545,705,546,2,1
545,709,546,2,1
545,711,546,2,1
545,715,546,2,1
545,717,570,3,0
545,719,546,2,1
545,724,570,3,0
546,626,521,0,3
546,629,571,3,0
546,630,545,1,2
546,631,521,0,3
546,637,521,0,3
546,646,547,2,1
546,650,571,3,0
546,652,521,0,3
546,654,521,0,3
546,655,547,2,1
546,657,571,3,0
546,658,521,0,3
546,660,571,3,0
546,664,547,2,1
546,666,521,0,3
546,672,547,2,1
546,673,571,3,0
546,677,521,0,3
546,680,521,0,3
546,681,521,0,3
546,682,521,0,3
546,683,521,0,3
546,684,521,0,3
546,685,571,3,0
546,687,571,3,0
546,690,571,3,0
546,691,545,1,2
546,696,571,3,0
546,697,521,0,3
546,700,571,3,0
546,702,571,3,0
546,704,571,3,0
546,706,547,2,1
546,709,521,0,3
546,711,571,3,0
546,715,521,0,3
546,716,547,2,1
546,717,571,3,0
546,719,521,0,3
546,721,547,2,1
546,724,571,3,0
547,626,522,0,3
547,629,572,3,0
547,630,546,1,2
547,631,546,1,2
547,637,522,0,3
547,638,522,0,3
547,650,572,3,0
547,651,572,3,0
547,652,522,0,3
547,654,522,0,3
547,657,572,3,0
547,658,546,1,2
547,660,572,3,0
547,666,522,0,3
547,673,546,1,2
547,677,522,0,3
547,680,546,1,2
547,681,522,0,3
547,682,522,0,3
547,683,522,0,3
547,684,546,1,2
547,685,546,1,2
547,687,572,3,0
547,689,546,1,2
547,690,572,3,0
547,691,546,1,2
547,692,572,3,0
547,694,572,3,0
547,696,572,3,0
547,697,522,0,3
547,700,572,3,0
547,702,572,3,0
547,704,546,1,2
547,705,572,3,0
547,709,522,0,3
547,711,572,3,0
547,715,522,0,3
547,717,546,1,2
547,719,522,0,3
547,724,546,1,2
548,626,523,0,3
548,629,573,3,0
548,630,547,1,2
548,631,547,1,2
548,636,523,0,3
548,637,523,0,3
548,650,573,3,0
548,651,573,3,0
548,652,523,0,3
548,654,523,0,3
548,657,573,3,0
548,658,547,1,2
548,660,573,3,0
548,666,523,0,3
548,673,547,1,2
548,677,523,0,3
548,680,547,1,2
548,681,523,0,3
548,682,523,0,3
548,683,523,0,3
548,684,547,1,2
548,687,573,3,0
548,689,547,1,2
548,690,573,3,0
548,691,547,1,2
548,696,573,3,0
548,697,523,0,3
548,700,573,3,0
548,702,573,3,0
548,704,547,1,2
548,705,573,3,0
548,709,523,0,3
548,711,573,3,0
548,715,523,0,3
548,717,547,1,2
548,719,523,0,3
548,724,547,1,2
549,626,524,0,3
549,629,574,3,0
549,630,548,1,2
549,631,548,1,2
549,637,524,0,3
549,650,574,3,0
549,651,574,3,0
549,654,524,0,3
549,660,574,3,0
549,666,524,0,3
549,673,548,1,2
549,677,524,0,3
549,680,548,1,2
549,681,524,0,3
549,682,524,0,3
549,683,524,0,3
549,684,548,1,2
549,687,574,3,0
549,690,574,3,0
549,691,548,1,2
549,696,574,3,0
549,700,574,3,0
549,704,548,1,2
549,705,574,3,0
549,709,524,0,3
549,711,574,3,0
549,715,524,0,3
549,717,548,1,2
549,719,524,0,3
549,724,548,1,2
550,626,525,0,2
550,630,574,3,2
550,631,551,1,1
550,650,575,2,0
550,666,525,0,2
550,673,551,1,1
550,677,525,0,2
550,680,574,3,2
550,681,525,0,2
550,684,574,3,2
550,690,575,2,0
550,691,574,3,2
550,700,575,2,0
550,704,551,1,1
550,711,575,2,0
550,715,525,0,2
550,719,525,0,2
551,626,526,0,3
551,630,550,1,1
551,650,576,3,0
551,681,526,0,3
551,690,576,3,0
551,691,550,1,1
551,711,576,3,0
551,719,526,0,3
552,630,551,1,2
552,711,577,3,0
553,626,528,0,3
553,630,554,2,1
553,650,578,3,0
553,690,552,1,2
553,691,554,2,1
553,711,578,3,0
553,719,528,0,3
554,626,529,0,3
554,630,555,2,1
554,631,555,2,1
554,650,579,3,0
554,666,529,0,3
554,673,555,2,1
554,677,529,0,3
554,681,529,0,3
554,684,555,2,1
554,690,579,3,0
554,691,555,2,1
554,700,579,3,0
554,704,555,2,1
554,711,579,3,0
554,715,529,0,3
554,719,529,0,3
555,626,530,0,3
555,630,556,2,1
555,631,556,2,1
555,637,530,0,3
555,650,580,3,0
555,651,580,3,0
555,660,580,3,0
555,666,530,0,3
555,673,556,2,1
555,677,530,0,3
555,680,556,2,1
555,681,530,0,3
555,682,580,3,0
555,683,530,0,3
555,684,556,2,1
555,690,580,3,0
555,691,556,2,1
555,696,580,3,0
555,700,580,3,0
555,704,556,2,1
555,705,580,3,0
555,709,530,0,3
555,711,580,3,0
555,715,530,0,3
555,717,556,2,1
555,719,530,0,3
555,724,556,2,1
556,626,531,0,3
556,629,581,3,0
556,630,557,2,1
556,631,557,2,1
556,636,531,0,3
556,637,531,0,3
556,650,581,3,0
556,651,581,3,0
556,652,531,0,3
556,654,531,0,3
556,657,581,3,0
556,658,557,2,1
556,660,581,3,0
556,666,531,0,3
556,673,557,2,1
556,677,531,0,3
556,680,557,2,1
556,681,531,0,3
556,682,581,3,0
556,683,531,0,3
556,684,557,2,1
556,687,581,3,0
556,689,557,2,1
556,690,581,3,0
556,691,557,2,1
556,696,581,3,0
556,697,531,0,3
556,700,581,3,0
556,704,557,2,1
556,705,581,3,0
556,709,531,0,3
556,711,581,3,0
556,715,531,0,3
556,717,557,2,1
556,719,531,0,3
556,724,557,2,1
557,626,532,0,3
557,629,582,3,0
557,630,558,2,1
557,631,558,2,1
557,637,532,0,3
557,638,532,0,3
557,650,582,3,0
557,651,582,3,0
557,652,532,0,3
557,654,532,0,3
557,657,582,3,0
557,658,558,2,1
557,660,582,3,0
557,666,532,0,3
557,673,558,2,1
557,677,532,0,3
557,680,558,2,1
557,681,532,0,3
557,682,582,3,0
557,683,532,0,3
557,684,558,2,1
557,685,558,2,1
557,687,582,3,0
557,689,558,2,1
557,690,582,3,0
557,691,558,2,1
557,692,582,3,0
557,694,582,3,0
557,696,582,3,0
557,697,532,0,3
557,700,582,3,0
557,704,558,2,1
557,705,582,3,0
557,709,532,0,3
557,711,582,3,0
557,715,532,0,3
557,717,558,2,1
557,719,532,0,3
557,724,558,2,1
558,626,533,0,3
558,629,583,3,0
558,630,533,0,3
558,631,533,0,3
558,637,533,0,3
558,650,583,3,0
558,651,583,3,0
558,652,533,0,3
558,654,533,0,3
558,657,583,3,0
558,658,533,0,3
558,660,583,3,0
558,666,533,0,3
558,673,583,3,0
558,677,533,0,3
558,680,533,0,3
558,681,533,0,3
558,683,533,0,3
558,684,533,0,3
558,685,583,3,0
558,687,583,3,0
558,690,583,3,0
558,691,533,0,3
558,696,583,3,0
558,697,533,0,3
558,700,583,3,0
558,704,583,3,0
558,709,533,0,3
558,711,583,3,0
558,715,533,0,3
558,717,583,3,0
558,719,533,0,3
558,724,583,3,0
559,626,558,1,2
559,629,558,1,2
559,630,534,0,3
559,631,534,0,3
559,637,558,1,2
559,638,558,1,2
559,646,558,1,2
559,650,558,1,2
559,651,558,1,2
559,652,558,1,2
559,654,558,1,2
559,657,558,1,2
559,658,534,0,3
559,660,558,1,2
559,664,558,1,2
559,666,558,1,2
559,672,558,1,2
559,673,584,3,0
559,677,558,1,2
559,680,534,0,3
559,681,558,1,2
559,682,558,1,2
559,683,558,1,2
559,684,534,0,3
559,685,584,3,0
559,687,558,1,2
559,689,584,3,0
559,690,558,1,2
559,691,534,0,3
559,694,558,1,2
559,696,558,1,2
559,697,558,1,2
559,700,558,1,2
559,701,584,3,0
559,704,584,3,0
559,705,558,1,2
559,709,558,1,2
559,711,558,1,2
559,712,584,3,0
559,715,558,1,2
559,716,558,1,2
559,717,584,3,0
559,719,558,1,2
559,724,584,3,0
560,626,559,1,2
560,629,559,1,2
560,630,535,0,3
560,631,535,0,3
560,637,559,1,2
560,638,559,1,2
560,650,559,1,2
560,651,559,1,2
560,652,559,1,2
560,654,559,1,2
560,657,559,1,2
560,658,535,0,3
560,660,559,1,2
560,666,559,1,2
560,673,585,3,0
560,677,559,1,2
560,680,535,0,3
560,681,559,1,2
560,682,559,1,2
560,683,559,1,2
560,684,535,0,3
560,685,585,3,0
560,687,559,1,2
560,689,585,3,0
560,690,559,1,2
560,691,535,0,3
560,694,559,1,2
560,696,559,1,2
560,697,559,1,2
560,700,559,1,2
560,704,585,3,0
560,705,559,1,2
560,709,559,1,2
560,711,559,1,2
560,715,559,1,2
560,717,585,3,0
560,719,559,1,2
560,724,585,3,0
561,626,560,1,2
561,629,560,1,2
561,630,536,0,3
561,631,536,0,3
561,637,560,1,2
561,650,560,1,2
561,651,560,1,2
561,652,560,1,2
561,654,560,1,2
561,657,560,1,2
561,658,536,0,3
561,660,560,1,2
561,666,560,1,2
561,673,586,3,0
561,677,560,1,2
561,680,536,0,3
561,681,560,1,2
561,682,560,1,2
561,683,560,1,2
561,684,536,0,3
561,687,560,1,2
561,689,586,3,0
561,690,560,1,2
561,691,536,0,3
561,696,560,1,2
561,697,560,1,2
561,700,560,1,2
561,704,586,3,0
561,705,560,1,2
561,709,560,1,2
561,711,560,1,2
561,715,560,1,2
561,717,586,3,0
561,719,560,1,2
561,724,586,3,0
562,626,561,1,2
562,630,537,0,3
562,631,537,0,3
562,637,561,1,2
562,650,561,1,2
562,651,561,1,2
562,660,561,1,2
562,666,561,1,2
562,673,587,3,0
562,677,561,1,2
562,680,537,0,3
562,681,561,1,2
562,682,561,1,2
562,683,561,1,2
562,684,537,0,3
562,690,561,1,2
562,691,537,0,3
562,700,561,1,2
562,704,587,3,0
562,705,561,1,2
562,709,561,1,2
562,711,561,1,2
562,715,561,1,2
562,717,587,3,0
562,719,561,1,2
562,724,587,3,0
563,626,562,1,2
563,630,538,0,3
563,650,562,1,2
563,666,562,1,2
563,677,562,1,2
563,681,562,1,2
563,684,538,0,3
563,690,562,1,2
563,691,538,0,3
563,711,562,1,2
563,715,562,1,2
563,719,562,1,2
564,626,563,1,2
564,630,539,0,3
564,650,563,1,2
564,690,565,2,1
564,691,539,0,3
564,711,563,1,2
564,719,563,1,2
565,630,540,0,3
565,690,566,2,1
565,711,566,2,1
566,626,567,2,1
566,630,541,0,3
566,650,567,2,1
566,681,567,2,1
566,690,567,2,1
566,691,541,0,3
566,711,567,2,1
566,719,567,2,1
567,626,568,2,1
567,630,542,0,3
567,631,566,1,2
567,650,568,2,1
567,666,568,2,1
567,673,566,1,2
567,677,568,2,1
567,680,542,0,3
567,681,568,2,1
567,684,542,0,3
567,690,568,2,1
567,691,542,0,3
567,700,568,2,1
567,704,566,1,2
567,711,568,2,1
567,715,568,2,1
567,719,568,2,1
568,626,569,2,1
568,629,569,2,1
568,630,543,0,3
568,631,543,0,3
568,637,569,2,1
568,650,569,2,1
568,651,569,2,1
568,654,569,2,1
568,660,569,2,1
568,666,569,2,1
568,673,593,3,0
568,677,569,2,1
568,680,543,0,3
568,681,569,2,1
568,682,569,2,1
568,683,569,2,1
568,684,543,0,3
568,687,569,2,1
568,690,569,2,1
568,691,543,0,3
568,696,569,2,1
568,700,569,2,1
568,704,593,3,0
568,705,569,2,1
568,709,569,2,1
568,711,569,2,1
568,715,569,2,1
568,717,593,3,0
568,719,569,2,1
568,724,593,3,0
569,626,570,2,1
569,629,570,2,1
569,630,544,0,3
569,631,544,0,3
569,636,570,2,1
569,637,570,2,1
569,650,570,2,1
569,651,570,2,1
569,652,570,2,1
569,654,570,2,1
569,657,570,2,1
569,658,544,0,3
569,660,570,2,1
569,666,570,2,1
569,673,594,3,0
569,677,570,2,1
569,680,544,0,3
569,681,570,2,1
569,682,570,2,1
569,683,570,2,1
569,684,544,0,3
569,687,570,2,1
569,689,594,3,0
569,690,570,2,1
569,691,544,0,3
569,696,570,2,1
569,697,570,2,1
569,700,570,2,1
569,704,594,3,0
569,705,570,2,1
569,709,570,2,1
569,711,570,2,1
569,715,570,2,1
569,717,594,3,0
569,719,570,2,1
569,724,594,3,0
570,626,571,2,1
570,629,571,2,1
570,630,545,0,3
570,631,545,0,3
570,637,571,2,1
570,638,571,2,1
570,650,571,2,1
570,651,571,2,1
570,652,571,2,1
570,654,571,2,1
570,657,571,2,1
570,658,545,0,3
570,660,571,2,1
570,666,571,2,1
570,673,595,3,0
570,677,571,2,1
570,680,545,0,3
570,681,571,2,1
570,682,571,2,1
570,683,571,2,1
570,684,545,0,3
570,685,595,3,0
570,687,571,2,1
570,689,595,3,0
570,690,571,2,1
570,691,545,0,3
570,692,571,2,1
570,694,571,2,1
570,696,571,2,1
570,697,571,2,1
570,700,571,2,1
570,704,595,3,0
570,705,571,2,1
570,709,571,2,1
570,711,571,2,1
570,715,571,2,1
570,717,595,3,0
570,719,571,2,1
570,724,595,3,0
571,626,546,0,3
571,629,596,3,0
571,630,546,0,3
571,631,546,0,3
571,637,546,0,3
571,646,572,2,1
571,650,596,3,0
571,651,596,3,0
571,652,546,0,3
571,654,546,0,3
571,655,572,2,1
571,657,596,3,0
571,658,546,0,3
571,660,596,3,0
571,664,572,2,1
571,666,546,0,3
571,672,572,2,1
571,673,596,3,0
571,677,546,0,3
571,680,546,0,3
571,681,546,0,3
571,683,546,0,3
571,684,546,0,3
571,685,596,3,0
571,687,596,3,0
571,690,596,3,0
571,691,546,0,3
571,696,596,3,0
571,697,546,0,3
571,700,596,3,0
571,704,596,3,0
571,706,572,2,1
571,709,546,0,3
571,711,596,3,0
571,715,546,0,3
571,716,572,2,1
571,717,596,3,0
571,719,546,0,3
571,721,572,2,1
571,724,596,3,0
572,626,547,0,3
572,629,597,3,0
572,630,571,1,2
572,631,571,1,2
572,637,547,0,3
572,638,547,0,3
572,650,597,3,0
572,651,597,3,0
572,652,547,0,3
572,654,547,0,3
572,657,597,3,0
572,658,571,1,2
572,660,597,3,0
572,666,547,0,3
572,673,571,1,2
572,677,547,0,3
572,680,571,1,2
572,681,547,0,3
572,682,597,3,0
572,683,547,0,3
572,684,571,1,2
572,685,571,1,2
572,687,597,3,0
572,689,571,1,2
572,690,597,3,0
572,691,571,1,2
572,692,597,3,0
572,694,597,3,0
572,696,597,3,0
572,697,547,0,3
572,700,597,3,0
572,704,571,1,2
572,705,597,3,0
572,709,547,0,3
572,711,597,3,0
572,715,547,0,3
572,717,571,1,2
572,719,547,0,3
572,724,571,1,2
573,626,548,0,3
573,629,598,3,0
573,630,572,1,2
573,631,572,1,2
573,636,548,0,3
573,637,548,0,3
573,650,598,3,0
573,651,598,3,0
573,652,548,0,3
573,654,548,0,3
573,657,598,3,0
573,658,572,1,2
573,660,598,3,0
573,666,548,0,3
573,673,572,1,2
573,677,548,0,3
573,680,572,1,2
573,681,548,0,3
573,682,598,3,0
573,683,548,0,3
573,684,572,1,2
573,687,598,3,0
573,689,572,1,2
573,690,598,3,0
573,691,572,1,2
573,696,598,3,0
573,697,548,0,3
573,700,598,3,0
573,704,572,1,2
573,705,598,3,0
573,709,548,0,3
573,711,598,3,0
573,715,548,0,3
573,717,572,1,2
573,719,548,0,3
573,724,572,1,2
574,626,549,0,3
574,629,599,3,0
574,630,573,1,2
574,631,573,1,2
574,637,549,0,3
574,650,599,3,0
574,651,599,3,0
574,654,549,0,3
574,660,599,3,0
574,666,549,0,3
574,673,573,1,2
574,677,549,0,3
574,680,573,1,2
574,681,549,0,3
574,682,599,3,0
574,683,549,0,3
574,684,573,1,2
574,687,599,3,0
574,690,599,3,0
574,691,573,1,2
574,696,599,3,0
574,700,599,3,0
574,704,573,1,2
574,705,599,3,0
574,709,549,0,3
574,711,599,3,0
574,715,549,0,3
574,717,573,1,2
574,719,549,0,3
574,724,573,1,2
575,626,550,0,2
575,630,599,3,2
575,631,576,1,1
575,650,600,2,0
575,666,550,0,2
575,673,576,1,1
575,677,550,0,2
575,680,599,3,2
575,681,550,0,2
575,684,599,3,2
575,690,600,2,0
575,691,599,3,2
575,700,600,2,0
575,704,576,1,1
575,711,600,2,0
575,715,550,0,2
575,719,600,2,0
576,626,551,0,3
576,630,575,1,1
576,650,601,3,0
576,681,551,0,3
576,690,601,3,0
576,691,575,1,1
576,711,601,3,0
576,719,601,3,0
577,630,576,1,2
577,711,602,3,0
578,626,553,0,3
578,630,579,2,1
578,650,603,3,0
578,690,577,1,2
578,691,579,2,1
578,711,603,3,0
578,719,603,3,0
579,626,554,0,3
579,630,580,2,1
579,631,580,2,1
579,650,604,3,0
579,666,554,0,3
579,673,580,2,1
579,677,554,0,3
579,681,554,0,3
579,684,580,2,1
579,690,604,3,0
579,691,580,2,1
579,700,604,3,0
579,704,580,2,1
579,711,604,3,0
579,715,554,0,3
579,719,604,3,0
580,626,555,0,3
580,630,581,2,1
580,631,581,2,1
580,637,555,0,3
580,650,605,3,0
580,651,605,3,0
580,660,605,3,0
580,666,555,0,3
580,673,581,2,1
580,677,555,0,3
580,680,581,2,1
580,681,555,0,3
580,682,605,3,0
580,683,555,0,3
580,684,581,2,1
580,690,605,3,0
580,691,581,2,1
580,696,605,3,0
580,700,605,3,0
580,704,581,2,1
580,705,605,3,0
580,709,555,0,3
580,711,605,3,0
580,715,555,0,3
580,717,581,2,1
580,719,605,3,0
580,724,581,2,1
581,626,556,0,3
581,629,606,3,0
581,630,582,2,1
581,631,582,2,1
581,636,556,0,3
581,637,556,0,3
581,650,606,3,0
581,651,606,3,0
581,652,556,0,3
581,654,556,0,3
581,657,606,3,0
581,658,582,2,1
581,660,606,3,0
581,666,556,0,3
581,673,582,2,1
581,677,556,0,3
581,680,582,2,1
581,681,556,0,3
581,682,606,3,0
581,683,556,0,3
581,684,582,2,1
581,687,606,3,0
581,689,582,2,1
581,690,606,3,0
581,691,582,2,1
581,696,606,3,0
581,697,556,0,3
581,700,606,3,0
581,704,582,2,1
581,705,606,3,0
581,709,556,0,3
581,711,606,3,0
581,715,556,0,3
581,717,582,2,1
581,719,606,3,0
581,724,582,2,1
582,626,557,0,3
582,629,607,3,0
582,630,583,2,1
582,631,583,2,1
582,636,557,0,3
582,637,557,0,3
582,638,557,0,3
582,650,607,3,0
582,651,607,3,0
582,652,557,0,3
582,654,557,0,3
582,657,607,3,0
582,658,583,2,1
582,660,607,3,0
582,666,557,0,3
582,673,583,2,1
582,677,557,0,3
582,680,583,2,1
582,681,557,0,3
582,682,607,3,0
582,683,557,0,3
582,684,583,2,1
582,685,583,2,1
582,687,607,3,0
582,689,583,2,1
582,690,607,3,0
582,691,583,2,1
582,692,607,3,0
582,694,607,3,0
582,696,607,3,0
582,697,557,0,3
582,700,607,3,0
582,704,583,2,1
582,705,607,3,0
582,709,557,0,3
582,711,607,3,0
582,715,557,0,3
582,717,583,2,1
582,719,607,3,0
582,724,583,2,1
583,626,558,0,3
583,629,608,3,0
583,630,558,0,3
583,631,558,0,3
583,636,558,0,3
583,637,558,0,3
583,650,608,3,0
583,651,608,3,0
583,652,558,0,3
583,654,558,0,3
583,657,608,3,0
583,660,608,3,0
583,666,558,0,3
583,673,608,3,0
583,677,558,0,3
583,680,558,0,3
583,683,558,0,3
583,684,558,0,3
583,685,608,3,0
583,687,608,3,0
583,689,584,2,1
583,690,608,3,0
583,691,558,0,3
583,696,608,3,0
583,697,558,0,3
583,700,608,3,0
583,704,608,3,0
583,709,558,0,3
583,711,608,3,0
583,715,558,0,3
583,724,608,3,0
584,626,583,1,2
584,629,583,1,2
584,630,559,0,3
584,631,559,0,3
584,637,583,1,2
584,638,583,1,2
584,646,583,1,2
584,650,583,1,2
584,651,583,1,2
584,652,583,1,2
584,654,583,1,2
584,657,583,1,2
584,658,559,0,3
584,660,583,1,2
584,664,583,1,2
584,666,583,1,2
584,672,583,1,2
584,673,609,3,0
584,677,583,1,2
584,680,559,0,3
584,681,583,1,2
584,682,583,1,2
584,683,583,1,2
584,684,559,0,3
584,685,609,3,0
584,687,583,1,2
584,689,585,2,1
584,690,583,1,2
584,691,559,0,3
584,694,583,1,2
584,696,583,1,2
584,697,583,1,2
584,700,583,1,2
584,701,609,3,0
584,704,609,3,0
584,705,583,1,2
584,709,583,1,2
584,711,583,1,2
584,712,609,3,0
584,715,583,1,2
584,716,583,1,2
584,717,609,3,0
584,719,583,1,2
584,724,609,3,0
585,626,584,1,2
585,629,584,1,2
585,630,560,0,3
585,631,560,0,3
585,637,584,1,2
585,638,584,1,2
585,650,584,1,2
585,651,584,1,2
585,652,584,1,2
585,654,584,1,2
585,657,584,1,2
585,658,560,0,3
585,660,584,1,2
585,666,584,1,2
585,673,610,3,0
585,677,584,1,2
585,680,560,0,3
585,681,584,1,2
585,682,584,1,2
585,683,584,1,2
585,684,560,0,3
585,685,610,3,0
585,687,584,1,2
585,689,586,2,1
585,690,584,1,2
585,691,560,0,3
585,694,584,1,2
585,696,584,1,2
585,697,584,1,2
585,700,584,1,2
585,704,610,3,0
585,705,584,1,2
585,709,584,1,2
585,711,584,1,2
585,715,584,1,2
585,717,610,3,0
585,719,584,1,2
585,724,610,3,0
586,626,585,1,2
586,629,585,1,2
586,630,561,0,3
586,631,561,0,3
586,637,585,1,2
586,650,585,1,2
586,651,585,1,2
586,652,585,1,2
586,654,585,1,2
586,657,585,1,2
586,658,561,0,3
586,660,585,1,2
586,666,585,1,2
586,673,611,3,0
586,677,585,1,2
586,680,561,0,3
586,681,585,1,2
586,682,585,1,2
586,683,585,1,2
586,684,561,0,3
586,687,585,1,2
586,689,689,68,0
586,690,585,1,2
586,691,561,0,3
586,696,585,1,2
586,697,585,1,2
586,700,585,1,2
586,704,611,3,0
586,705,585,1,2
586,709,585,1,2
586,711,585,1,2
586,715,585,1,2
586,717,611,3,0
586,719,585,1,2
586,724,611,3,0
587,626,586,1,2
587,630,562,0,3
587,631,562,0,3
587,637,586,1,2
587,650,586,1,2
587,651,586,1,2
587,660,586,1,2
587,666,586,1,2
587,673,612,3,0
587,677,586,1,2
587,680,562,0,3
587,681,586,1,2
587,682,586,1,2
587,683,586,1,2
587,684,562,0,3
587,690,586,1,2
587,691,562,0,3
587,700,586,1,2
587,704,612,3,0
587,705,586,1,2
587,709,586,1,2
587,711,586,1,2
587,715,586,1,2
587,717,612,3,0
587,719,586,1,2
587,724,612,3,0
588,626,587,1,2
588,630,563,0,3
588,650,587,1,2
588,666,587,1,2
588,677,587,1,2
588,681,587,1,2
588,684,563,0,3
588,690,587,1,2
588,691,563,0,3
588,711,587,1,2
588,715,587,1,2
588,719,587,1,2
589,626,588,1,2
589,630,564,0,3
589,650,588,1,2
589,690,590,2,1
589,691,564,0,3
589,711,588,1,2
589,719,588,1,2
590,630,565,0,3
590,690,591,2,1
590,711,591,2,1
591,626,592,2,1
591,630,566,0,3
591,650,592,2,1
591,681,592,2,1
591,690,592,2,1
591,691,566,0,3
591,711,592,2,1
591,719,592,2,1
592,626,593,2,1
592,630,567,0,3
592,631,591,1,2
592,650,593,2,1
592,666,593,2,1
592,673,591,1,2
592,677,593,2,1
592,680,567,0,3
592,681,593,2,1
592,684,567,0,3
592,690,593,2,1
592,691,567,0,3
592,700,593,2,1
592,704,591,1,2
592,711,593,2,1
592,715,593,2,1
592,719,593,2,1
593,626,594,2,1
593,629,594,2,1
593,630,568,0,3
593,631,568,0,3
593,637,594,2,1
593,650,594,2,1
593,651,594,2,1
593,654,594,2,1
593,660,594,2,1
593,666,594,2,1
593,673,618,3,0
593,677,594,2,1
593,680,568,0,3
593,681,594,2,1
593,682,594,2,1
593,683,594,2,1
593,684,568,0,3
593,687,594,2,1
593,690,594,2,1
593,691,568,0,3
593,696,594,2,1
593,700,594,2,1
593,704,618,3,0
593,705,594,2,1
593,709,594,2,1
593,711,594,2,1
593,715,594,2,1
593,717,618,3,0
593,719,594,2,1
593,724,618,3,0
594,626,595,2,1
594,629,595,2,1
594,630,569,0,3
594,631,569,0,3
594,636,595,2,1
594,637,595,2,1
594,650,595,2,1
594,651,595,2,1
594,652,595,2,1
594,654,595,2,1
594,657,595,2,1
594,658,569,0,3
594,660,595,2,1
594,666,595,2,1
594,673,619,3,0
594,677,595,2,1
594,680,569,0,3
594,681,595,2,1
594,682,595,2,1
594,683,595,2,1
594,684,569,0,3
594,687,595,2,1
594,689,593,1,2
594,690,595,2,1
594,691,569,0,3
594,696,595,2,1
594,697,595,2,1
594,700,595,2,1
594,704,619,3,0
594,705,595,2,1
594,709,595,2,1
594,711,595,2,1
594,715,595,2,1
594,717,619,3,0
594,719,595,2,1
594,724,619,3,0
595,626,596,2,1
595,629,596,2,1
595,630,570,0,3
595,631,570,0,3
595,637,596,2,1
595,638,596,2,1
595,650,596,2,1
595,651,596,2,1
595,652,596,2,1
595,654,596,2,1
595,657,596,2,1
595,658,570,0,3
595,660,596,2,1
595,666,596,2,1
595,673,620,3,0
595,677,596,2,1
595,680,570,0,3
595,681,596,2,1
595,682,596,2,1
595,683,596,2,1
595,684,570,0,3
595,685,620,3,0
595,687,596,2,1
595,689,594,1,2
595,690,596,2,1
595,691,570,0,3
595,692,596,2,1
595,694,596,2,1
595,696,596,2,1
595,697,596,2,1
595,700,596,2,1
595,704,620,3,0
595,705,596,2,1
595,709,596,2,1
595,711,596,2,1
595,715,596,2,1
595,717,620,3,0
595,719,596,2,1
595,724,620,3,0
596,626,571,0,3
596,629,621,3,0
596,630,571,0,3
596,631,571,0,3
596,636,571,0,3
596,637,571,0,3
596,646,597,2,1
596,650,621,3,0
596,651,621,3,0
596,652,571,0,3
596,654,571,0,3
596,655,597,2,1
596,657,621,3,0
596,660,621,3,0
596,664,597,2,1
596,666,571,0,3
596,672,597,2,1
596,673,621,3,0
596,677,571,0,3
596,680,571,0,3
596,683,571,0,3
596,684,571,0,3
596,685,621,3,0
596,687,621,3,0
596,689,595,1,2
596,690,621,3,0
596,691,571,0,3
596,696,621,3,0
596,697,571,0,3
596,700,621,3,0
596,704,621,3,0
596,706,597,2,1
596,709,571,0,3
596,711,621,3,0
596,715,571,0,3
596,716,597,2,1
596,721,597,2,1
596,724,621,3,0
597,626,572,0,3
597,629,622,3,0
597,630,596,1,2
597,631,596,1,2
597,636,572,0,3
597,637,572,0,3
597,638,572,0,3
597,650,622,3,0
597,651,622,3,0
597,652,572,0,3
597,654,572,0,3
597,657,622,3,0
597,658,596,1,2
597,660,622,3,0
597,666,572,0,3
597,673,596,1,2
597,677,572,0,3
597,680,596,1,2
597,681,572,0,3
597,682,622,3,0
597,683,572,0,3
597,684,596,1,2
597,685,596,1,2
597,687,622,3,0
597,689,596,1,2
597,690,622,3,0
597,691,596,1,2
597,692,622,3,0
597,694,622,3,0
597,696,622,3,0
597,697,572,0,3
597,700,622,3,0
597,704,596,1,2
597,705,622,3,0
597,709,572,0,3
597,711,622,3,0
597,715,572,0,3
597,717,596,1,2
597,719,622,3,0
597,724,596,1,2
598,626,573,0,3
598,629,623,3,0
598,630,597,1,2
598,631,597,1,2
598,636,573,0,3
598,637,573,0,3
598,650,623,3,0
598,651,623,3,0
598,652,573,0,3
598,654,573,0,3
598,657,623,3,0
598,658,597,1,2
598,660,623,3,0
598,666,573,0,3
598,673,597,1,2
598,677,573,0,3
598,680,597,1,2
598,681,573,0,3
598,682,623,3,0
598,683,573,0,3
598,684,597,1,2
598,687,623,3,0
598,689,597,1,2
598,690,623,3,0
598,691,597,1,2
598,696,623,3,0
598,697,573,0,3
598,700,623,3,0
598,704,597,1,2
598,705,623,3,0
598,709,573,0,3
598,711,623,3,0
598,715,573,0,3
598,717,597,1,2
598,719,623,3,0
598,724,597,1,2
599,626,574,0,3
599,629,624,3,0
599,630,598,1,2
599,631,598,1,2
599,637,574,0,3
599,650,624,3,0
599,651,624,3,0
599,654,574,0,3
599,660,624,3,0
599,666,574,0,3
599,673,598,1,2
599,677,574,0,3
599,680,598,1,2
599,681,574,0,3
599,682,624,3,0
599,683,574,0,3
599,684,598,1,2
599,687,624,3,0
599,690,624,3,0
599,691,598,1,2
599,696,624,3,0
599,700,624,3,0
599,704,598,1,2
599,705,624,3,0
599,709,574,0,3
599,711,624,3,0
599,715,574,0,3
599,717,598,1,2
599,719,624,3,0
599,724,598,1,2
600,626,575,0,2
600,630,624,3,2
600,631,601,1,1
600,650,0,2,3
600,666,575,0,2
600,673,601,1,1
600,677,575,0,2
600,680,624,3,2
600,681,0,2,3
600,684,624,3,2
600,690,0,2,3
600,691,624,3,2
600,700,0,2,3
600,704,601,1,1
600,711,0,2,3
600,715,575,0,2
600,719,0,2,3
601,626,576,0,3
601,630,600,1,1
601,650,1,3,3
601,681,1,3,3
601,690,1,3,3
601,691,600,1,1
601,711,1,3,3
601,719,1,3,3
602,630,601,1,2
602,711,2,3,3
603,626,578,0,3
603,630,604,2,1
603,650,3,3,3
603,690,602,1,2
603,691,604,2,1
603,711,3,3,3
603,719,3,3,3
604,626,579,0,3
604,630,605,2,1
604,631,605,2,1
604,650,4,3,3
604,666,579,0,3
604,673,605,2,1
604,677,579,0,3
604,681,4,3,3
604,684,605,2,1
604,690,4,3,3
604,691,605,2,1
604,700,4,3,3
604,704,605,2,1
604,711,4,3,3
604,715,579,0,3
604,719,4,3,3
605,626,580,0,3
605,630,606,2,1
605,631,606,2,1
605,637,580,0,3
605,650,5,3,3
605,651,5,3,3
605,660,5,3,3
605,666,580,0,3
605,673,606,2,1
605,677,580,0,3
605,680,606,2,1
605,681,5,3,3
605,682,5,3,3
605,683,580,0,3
605,684,606,2,1
605,690,5,3,3
605,691,606,2,1
605,696,696,75,0
605,700,5,3,3
605,704,606,2,1
605,705,5,3,3
605,709,580,0,3
605,711,5,3,3
605,715,580,0,3
605,717,606,2,1
605,719,5,3,3
605,724,606,2,1
606,626,581,0,3
606,629,6,3,3
606,630,607,2,1
606,631,607,2,1
606,634,6,3,3
606,636,6,3,3
606,637,581,0,3
606,650,6,3,3
606,651,6,3,3
606,652,581,0,3
606,654,581,0,3
606,657,657,36,0
606,658,607,2,1
606,660,6,3,3
606,666,581,0,3
606,673,607,2,1
606,677,581,0,3
606,680,607,2,1
606,681,6,3,3
606,682,6,3,3
606,683,581,0,3
606,684,607,2,1
606,687,6,3,3
606,689,607,2,1
606,690,6,3,3
606,691,607,2,1
606,696,605,1,2
606,697,581,0,3
606,700,6,3,3
606,704,607,2,1
606,705,6,3,3
606,709,581,0,3
606,711,6,3,3
606,715,581,0,3
606,717,607,2,1
606,719,6,3,3
606,724,607,2,1
607,626,582,0,3
607,629,7,3,3
607,630,608,2,1
607,631,608,2,1
607,634,7,3,3
607,637,582,0,3
607,638,582,0,3
607,650,7,3,3
607,651,7,3,3
607,652,582,0,3
607,654,582,0,3
607,657,606,1,2
607,658,608,2,1
607,660,7,3,3
607,666,582,0,3
607,673,608,2,1
607,677,582,0,3
607,680,608,2,1
607,681,7,3,3
607,682,7,3,3
607,683,582,0,3
607,684,608,2,1
607,685,608,2,1
607,687,7,3,3
607,689,608,2,1
607,690,7,3,3
607,691,608,2,1
607,692,7,3,3
607,694,7,3,3
607,696,606,1,2
607,697,582,0,3
607,700,7,3,3
607,704,608,2,1
607,705,7,3,3
607,709,582,0,3
607,711,7,3,3
607,715,582,0,3
607,717,608,2,1
607,719,7,3,3
607,724,608,2,1
608,626,583,0,3
608,629,8,3,3
608,630,583,0,3
608,631,583,0,3
608,634,8,3,3
608,637,583,0,3
608,650,8,3,3
608,651,8,3,3
608,652,583,0,3
608,654,583,0,3
608,657,607,1,2
608,660,8,3,3
608,666,583,0,3
608,677,583,0,3
608,680,583,0,3
608,681,8,3,3
608,683,583,0,3
608,684,583,0,3
608,685,8,3,3
608,687,8,3,3
608,689,583,0,3
608,690,8,3,3
608,691,583,0,3
608,696,607,1,2
608,697,583,0,3
608,700,8,3,3
608,704,8,3,3
608,709,583,0,3
608,711,8,3,3
608,715,583,0,3
608,719,8,3,3
608,724,8,3,3
609,626,608,1,2
609,629,608,1,2
609,630,584,0,3
609,631,584,0,3
609,637,608,1,2
609,638,608,1,2
609,646,608,1,2
609,650,608,1,2
609,651,608,1,2
609,652,608,1,2
609,654,608,1,2
609,657,608,1,2
609,658,584,0,3
609,660,608,1,2
609,664,608,1,2
609,666,608,1,2
609,672,608,1,2
609,673,9,3,3
609,677,608,1,2
609,680,584,0,3
609,681,608,1,2
609,682,608,1,2
609,683,608,1,2
609,684,584,0,3
609,685,9,3,3
609,687,608,1,2
609,689,584,0,3
609,690,608,1,2
609,691,584,0,3
609,694,608,1,2
609,696,608,1,2
609,697,608,1,2
609,700,608,1,2
609,701,9,3,3
609,704,9,3,3
609,705,608,1,2
609,709,608,1,2
609,711,608,1,2
609,712,9,3,3
609,715,608,1,2
609,716,608,1,2
609,717,9,3,3
609,719,608,1,2
609,724,9,3,3
610,626,609,1,2
610,629,609,1,2
610,630,585,0,3
610,631,585,0,3
610,637,609,1,2
610,638,609,1,2
610,650,609,1,2
610,651,609,1,2
610,652,609,1,2
610,654,609,1,2
610,657,609,1,2
610,658,585,0,3
610,660,609,1,2
610,666,609,1,2
610,673,10,3,3
610,677,609,1,2
610,680,585,0,3
610,681,609,1,2
610,682,609,1,2
610,683,609,1,2
610,684,585,0,3
610,685,10,3,3
610,687,609,1,2
610,689,585,0,3
610,690,609,1,2
610,691,585,0,3
610,694,609,1,2
610,696,609,1,2
610,697,609,1,2
610,700,609,1,2
610,704,10,3,3
610,705,609,1,2
610,709,609,1,2
610,711,609,1,2
610,715,609,1,2
610,717,10,3,3
610,719,609,1,2
610,724,10,3,3
611,626,610,1,2
611,629,610,1,2
611,630,586,0,3
611,631,586,0,3
611,637,610,1,2
611,650,610,1,2
611,651,610,1,2
611,652,610,1,2
611,654,610,1,2
611,657,610,1,2
611,658,586,0,3
611,660,610,1,2
611,666,610,1,2
611,673,11,3,3
611,677,610,1,2
611,680,586,0,3
611,681,610,1,2
611,682,610,1,2
611,683,610,1,2
611,684,586,0,3
611,687,610,1,2
611,689,586,0,3
611,690,610,1,2
611,691,586,0,3
611,696,610,1,2
611,697,610,1,2
611,700,610,1,2
611,704,11,3,3
611,705,610,1,2
611,709,610,1,2
611,711,610,1,2
611,715,610,1,2
611,717,11,3,3
611,719,610,1,2
611,724,11,3,3
612,626,611,1,2
612,630,587,0,3
612,631,587,0,3
612,637,611,1,2
612,650,611,1,2
612,651,611,1,2
612,660,611,1,2
612,666,611,1,2
612,673,12,3,3
612,677,611,1,2
612,680,587,0,3
612,681,611,1,2
612,682,611,1,2
612,683,611,1,2
612,684,587,0,3
612,690,611,1,2
612,691,587,0,3
612,700,611,1,2
612,704,12,3,3
612,705,611,1,2
612,709,611,1,2
612,711,611,1,2
612,715,611,1,2
612,717,12,3,3
612,719,611,1,2
612,724,12,3,3
613,626,612,1,2
613,630,588,0,3
613,650,612,1,2
613,666,612,1,2
613,677,612,1,2
613,681,612,1,2
613,684,588,0,3
613,690,612,1,2
613,691,588,0,3
613,711,612,1,2
613,715,612,1,2
613,719,612,1,2
614,626,613,1,2
614,630,589,0,3
614,650,613,1,2
614,690,615,2,1
614,691,589,0,3
614,711,613,1,2
614,719,613,1,2
615,630,590,0,3
615,690,616,2,1
615,711,616,2,1
616,626,617,2,1
616,630,591,0,3
616,650,617,2,1
616,681,617,2,1
616,690,617,2,1
616,691,591,0,3
616,711,617,2,1
616,719,617,2,1
617,626,618,2,1
617,630,592,0,3
617,631,616,1,2
617,650,618,2,1
617,666,618,2,1
617,673,616,1,2
617,677,618,2,1
617,680,592,0,3
617,681,618,2,1
617,684,592,0,3
617,690,618,2,1
617,691,592,0,3
617,700,618,2,1
617,704,616,1,2
617,711,618,2,1
617,715,618,2,1
617,719,618,2,1
618,626,619,2,1
618,629,619,2,1
618,630,593,0,3
618,631,593,0,3
618,637,619,2,1
618,650,619,2,1
618,651,619,2,1
618,654,619,2,1
618,660,619,2,1
618,666,619,2,1
618,673,18,3,3
618,677,619,2,1
618,680,593,0,3
618,681,619,2,1
618,682,619,2,1
618,683,619,2,1
618,684,593,0,3
618,687,619,2,1
618,690,619,2,1
618,691,593,0,3
618,696,619,2,1
618,700,619,2,1
618,704,18,3,3
618,705,619,2,1
618,709,619,2,1
618,711,619,2,1
618,715,619,2,1
618,717,18,3,3
618,719,619,2,1
618,724,18,3,3
619,626,620,2,1
619,629,620,2,1
619,630,594,0,3
619,631,594,0,3
619,636,620,2,1
619,637,620,2,1
619,650,620,2,1
619,651,620,2,1
619,652,620,2,1
619,654,620,2,1
619,657,620,2,1
619,658,594,0,3
619,660,620,2,1
619,666,620,2,1
619,673,19,3,3
619,677,620,2,1
619,680,594,0,3
619,681,620,2,1
619,682,620,2,1
619,683,620,2,1
619,684,594,0,3
619,687,620,2,1
619,689,594,0,3
619,690,620,2,1
619,691,594,0,3
619,696,620,2,1
619,697,620,2,1
619,700,620,2,1
619,704,19,3,3
619,705,620,2,1
619,709,620,2,1
619,711,620,2,1
619,715,620,2,1
619,717,19,3,3
619,719,620,2,1
619,724,19,3,3
620,626,621,2,1
620,629,621,2,1
620,630,595,0,3
620,631,595,0,3
620,637,621,2,1
620,638,621,2,1
620,650,621,2,1
620,651,621,2,1
620,652,621,2,1
620,654,621,2,1
620,657,621,2,1
620,658,595,0,3
620,660,621,2,1
620,666,621,2,1
620,673,20,3,3
620,677,621,2,1
620,680,595,0,3
620,681,621,2,1
620,682,621,2,1
620,683,621,2,1
620,684,595,0,3
620,685,20,3,3
620,687,621,2,1
620,689,595,0,3
620,690,621,2,1
620,691,595,0,3
620,692,621,2,1
620,694,621,2,1
620,696,621,2,1
620,697,621,2,1
620,700,621,2,1
620,704,20,3,3
620,705,621,2,1
620,709,621,2,1
620,711,621,2,1
620,715,621,2,1
620,717,20,3,3
620,719,621,2,1
620,724,20,3,3
621,626,596,0,3
621,629,21,3,3
621,630,596,0,3
621,631,596,0,3
621,634,21,3,3
621,637,596,0,3
621,646,622,2,1
621,650,21,3,3
621,651,21,3,3
621,652,596,0,3
621,654,596,0,3
621,655,622,2,1
621,657,622,2,1
621,660,21,3,3
621,664,622,2,1
621,666,596,0,3
621,672,622,2,1
621,677,596,0,3
621,680,596,0,3
621,681,21,3,3
621,683,596,0,3
621,684,596,0,3
621,685,21,3,3
621,687,21,3,3
621,689,596,0,3
621,690,21,3,3
621,691,596,0,3
621,696,622,2,1
621,697,596,0,3
621,700,21,3,3
621,704,21,3,3
621,706,622,2,1
621,709,596,0,3
621,711,21,3,3
621,715,596,0,3
621,716,622,2,1
621,719,21,3,3
621,721,622,2,1
621,724,21,3,3
622,626,597,0,3
622,629,22,3,3
622,630,621,1,2
622,631,621,1,2
622,634,22,3,3
622,637,597,0,3
622,638,597,0,3
622,650,22,3,3
622,651,22,3,3
622,652,597,0,3
622,654,597,0,3
622,657,623,2,1
622,658,621,1,2
622,660,22,3,3
622,666,597,0,3
622,673,621,1,2
622,677,597,0,3
622,680,621,1,2
622,681,22,3,3
622,682,22,3,3
622,683,597,0,3
622,684,621,1,2
622,685,621,1,2
622,687,22,3,3
622,689,621,1,2
622,690,22,3,3
622,691,621,1,2
622,692,22,3,3
622,694,22,3,3
622,696,623,2,1
622,697,597,0,3
622,700,22,3,3
622,704,621,1,2
622,705,22,3,3
622,709,597,0,3
622,711,22,3,3
622,715,597,0,3
622,717,621,1,2
622,719,22,3,3
622,724,621,1,2
623,626,598,0,3
623,629,23,3,3
623,630,622,1,2
623,631,622,1,2
623,634,23,3,3
623,636,23,3,3
623,637,598,0,3
623,650,23,3,3
623,651,23,3,3
623,652,598,0,3
623,654,598,0,3
623,657,624,2,1
623,658,622,1,2
623,660,23,3,3
623,666,598,0,3
623,673,622,1,2
623,677,598,0,3
623,680,622,1,2
623,681,23,3,3
623,682,23,3,3
623,683,598,0,3
623,684,622,1,2
623,687,23,3,3
623,689,622,1,2
623,690,23,3,3
623,691,622,1,2
623,696,624,2,1
623,697,598,0,3
623,700,23,3,3
623,704,622,1,2
623,705,23,3,3
623,709,598,0,3
623,711,23,3,3
623,715,598,0,3
623,717,622,1,2
623,719,23,3,3
623,724,622,1,2
624,626,599,0,3
624,629,24,3,3
624,630,623,1,2
624,631,623,1,2
624,634,24,3,3
624,637,599,0,3
624,650,24,3,3
624,651,24,3,3
624,654,599,0,3
624,660,24,3,3
624,666,599,0,3
624,673,623,1,2
624,677,599,0,3
624,680,623,1,2
624,681,24,3,3
624,682,24,3,3
624,683,599,0,3
624,684,623,1,2
624,687,24,3,3
624,690,24,3,3
624,691,623,1,2
624,700,24,3,3
624,704,623,1,2
624,705,24,3,3
624,709,599,0,3
624,711,24,3,3
624,715,599,0,3
624,717,623,1,2
624,719,24,3,3
624,724,623,1,2
626,625,353,0,5
626,627,353,0,5
626,628,353,0,5
626,629,353,0,5
626,630,353,0,5
626,631,353,0,5
626,632,353,0,5
626,633,353,0,5
626,634,353,0,5
626,635,353,0,5
626,636,353,0,5
626,637,353,0,5
626,638,353,0,5
626,639,353,0,5
626,640,353,0,5
626,641,353,0,5
626,642,353,0,5
626,643,353,0,5
626,644,353,0,5
626,645,353,0,5
626,646,353,0,5
626,647,353,0,5
626,648,353,0,5
626,649,353,0,5
626,650,353,0,5
626,651,353,0,5
626,652,353,0,5
626,653,353,0,5
626,654,353,0,5
626,655,353,0,5
626,656,353,0,5
626,657,353,0,5
626,658,353,0,5
626,659,353,0,5
626,660,353,0,5
626,661,353,0,5
626,662,353,0,5
626,663,353,0,5
626,664,353,0,5
626,665,353,0,5
626,666,353,0,5
626,667,353,0,5
626,668,353,0,5
626,669,353,0,5
626,670,353,0,5
626,671,353,0,5
626,672,353,0,5
626,673,353,0,5
626,674,353,0,5
626,675,353,0,5
626,676,353,0,5
626,677,353,0,5
626,678,353,0,5
626,679,353,0,5
626,680,353,0,5
626,681,353,0,5
626,682,353,0,5
626,683,353,0,5
626,684,353,0,5
626,685,353,0,5
626,686,353,0,5
626,687,353,0,5
626,688,353,0,5
626,689,353,0,5
626,690,353,0,5
626,691,353,0,5
626,692,353,0,5
626,693,353,0,5
626,694,353,0,5
626,695,353,0,5
626,696,353,0,5
626,697,353,0,5
626,698,353,0,5
626,699,353,0,5
626,700,353,0,5
626,701,353,0,5
626,702,353,0,5
626,703,353,0,5
626,704,353,0,5
626,705,353,0,5
626,706,353,0,5
626,707,353,0,5
626,708,353,0,5
626,709,353,0,5
626,710,353,0,5
626,711,353,0,5
626,712,353,0,5
626,713,353,0,5
626,714,353,0,5
626,715,353,0,5
626,716,353,0,5
626,717,353,0,5
626,718,353,0,5
626,719,353,0,5
626,720,353,0,5
626,721,353,0,5
626,722,353,0,5
626,723,353,0,5
626,724,353,0,5
629,625,149,0,8
629,626,149,0,8
629,627,149,0,8
629,628,149,0,8
629,630,149,0,8
629,631,149,0,8
629,632,149,0,8
629,633,149,0,8
629,634,149,0,8
629,635,149,0,8
629,636,149,0,8
629,637,149,0,8
629,638,149,0,8
629,639,149,0,8
629,640,149,0,8
629,641,149,0,8
629,642,149,0,8
629,643,149,0,8
629,644,149,0,8
629,645,149,0,8
629,646,149,0,8
629,647,149,0,8
629,648,149,0,8
629,649,149,0,8
629,650,149,0,8
629,651,149,0,8
629,652,149,0,8
629,653,149,0,8
629,654,149,0,8
629,655,149,0,8
629,656,149,0,8
629,657,149,0,8
629,658,149,0,8
629,659,149,0,8
629,660,149,0,8
629,661,149,0,8
629,662,149,0,8
629,663,149,0,8
629,664,149,0,8
629,665,149,0,8
629,666,149,0,8
629,667,149,0,8
629,668,149,0,8
629,669,149,0,8
629,670,149,0,8
629,671,149,0,8
629,672,149,0,8
629,673,149,0,8
629,674,149,0,8
629,675,149,0,8
629,676,149,0,8
629,677,149,0,8
629,678,149,0,8
629,679,149,0,8
629,680,149,0,8
629,681,149,0,8
629,682,149,0,8
629,683,149,0,8
629,684,149,0,8
629,685,149,0,8
629,686,149,0,8
629,687,149,0,8
629,688,149,0,8
629,689,149,0,8
629,690,149,0,8
629,691,149,0,8
629,692,149,0,8
629,693,149,0,8
629,694,149,0,8
629,695,149,0,8
629,696,149,0,8
629,697,149,0,8
629,698,149,0,8
629,699,149,0,8
629,700,149,0,8
629,701,149,0,8
629,702,149,0,8
629,703,149,0,8
629,704,149,0,8
629,705,149,0,8
629,706,149,0,8
629,707,149,0,8
629,708,149,0,8
629,709,149,0,8
629,710,149,0,8
629,711,149,0,8
629,712,149,0,8
629,713,149,0,8
629,714,149,0,8
629,715,149,0,8
629,716,149,0,8
629,717,149,0,8
629,718,149,0,8
629,719,149,0,8
629,720,149,0,8
629,721,149,0,8
629,722,149,0,8
629,723,149,0,8
629,724,149,0,8
630,625,540,0,9
630,626,540,0,9
630,627,540,0,9
630,628,540,0,9
630,629,540,0,9
630,631,540,0,9
630,632,540,0,9
630,633,540,0,9
630,634,540,0,9
630,635,540,0,9
630,636,540,0,9
630,637,540,0,9
630,638,540,0,9
630,639,540,0,9
630,640,540,0,9
630,641,540,0,9
630,642,540,0,9
630,643,540,0,9
630,644,540,0,9
630,645,540,0,9
630,646,540,0,9
630,647,540,0,9
630,648,540,0,9
630,649,540,0,9
630,650,540,0,9
630,651,540,0,9
630,652,540,0,9
630,653,540,0,9
630,654,540,0,9
630,655,540,0,9
630,656,540,0,9
630,657,540,0,9
630,658,540,0,9
630,659,540,0,9
630,660,540,0,9
630,661,540,0,9
630,662,540,0,9
630,663,540,0,9
630,664,540,0,9
630,665,540,0,9
630,666,540,0,9
630,667,540,0,9
630,668,540,0,9
630,669,540,0,9
630,670,540,0,9
630,671,540,0,9
630,672,540,0,9
630,673,540,0,9
630,674,540,0,9
630,675,540,0,9
630,676,540,0,9
630,677,540,0,9
630,678,540,0,9
630,679,540,0,9
630,680,540,0,9
630,681,540,0,9
630,682,540,0,9
630,683,540,0,9
630,684,540,0,9
630,685,540,0,9
630,686,540,0,9
630,687,540,0,9
630,688,540,0,9
630,689,540,0,9
630,690,540,0,9
630,691,540,0,9
630,692,540,0,9
630,693,540,0,9
630,694,540,0,9
630,695,540,0,9
630,696,540,0,9
630,697,540,0,9
630,698,540,0,9
630,699,540,0,9
630,700,540,0,9
630,701,540,0,9
630,702,540,0,9
630,703,540,0,9
630,704,540,0,9
630,705,540,0,9
630,706,540,0,9
630,707,540,0,9
630,708,540,0,9
630,709,540,0,9
630,710,540,0,9
630,711,540,0,9
630,712,540,0,9
630,713,540,0,9
630,714,540,0,9
630,715,540,0,9
630,716,540,0,9
630,717,540,0,9
630,718,540,0,9
630,719,540,0,9
630,720,540,0,9
630,721,540,0,9
630,722,540,0,9
630,723,540,0,9
630,724,540,0,9
631,625,387,0,10
631,626,387,0,10
631,627,387,0,10
631,628,387,0,10
631,629,387,0,10
631,630,387,0,10
631,632,387,0,10
631,633,387,0,10
631,634,387,0,10
631,635,387,0,10
631,636,387,0,10
631,637,387,0,10
631,638,387,0,10
631,639,387,0,10
631,640,387,0,10
631,641,387,0,10
631,642,387,0,10
631,643,387,0,10
631,644,387,0,10
631,645,387,0,10
631,646,387,0,10
631,647,387,0,10
631,648,387,0,10
631,649,387,0,10
631,650,387,0,10
631,651,387,0,10
631,652,387,0,10
631,653,387,0,10
631,654,387,0,10
631,655,387,0,10
631,656,387,0,10
631,657,387,0,10
631,658,387,0,10
631,659,387,0,10
631,660,387,0,10
631,661,387,0,10
631,662,387,0,10
631,663,387,0,10
631,664,387,0,10
631,665,387,0,10
631,666,387,0,10
631,667,387,0,10
631,668,387,0,10
631,669,387,0,10
631,670,387,0,10
631,671,387,0,10
631,672,387,0,10
631,673,387,0,10
631,674,387,0,10
631,675,387,0,10
631,676,387,0,10
631,677,387,0,10
631,678,387,0,10
631,679,387,0,10
631,680,387,0,10
631,681,387,0,10
631,682,387,0,10
631,683,387,0,10
631,684,387,0,10
631,685,387,0,10
631,686,387,0,10
631,687,387,0,10
631,688,387,0,10
631,689,387,0,10
631,690,387,0,10
631,691,387,0,10
631,692,387,0,10
631,693,387,0,10
631,694,387,0,10
631,695,387,0,10
631,696,387,0,10
631,697,387,0,10
631,698,387,0,10
631,699,387,0,10
631,700,387,0,10
631,701,387,0,10
631,702,387,0,10
631,703,387,0,10
631,704,387,0,10
631,705,387,0,10
631,706,387,0,10
631,707,387,0,10
631,708,387,0,10
631,709,387,0,10
631,710,387,0,10
631,711,387,0,10
631,712,387,0,10
631,713,387,0,10
631,714,387,0,10
631,715,387,0,10
631,716,387,0,10
631,717,387,0,10
631,718,387,0,10
631,719,387,0,10
631,720,387,0,10
631,721,387,0,10
631,722,387,0,10
631,723,387,0,10
631,724,387,0,10
634,625,299,0,13
634,626,299,0,13
634,627,299,0,13
634,628,299,0,13
634,629,299,0,13
634,630,299,0,13
634,631,299,0,13
634,632,299,0,13
634,633,299,0,13
634,635,299,0,13
634,636,299,0,13
634,637,299,0,13
634,638,299,0,13
634,639,299,0,13
634,640,299,0,13
634,641,299,0,13
634,642,299,0,13
634,643,299,0,13
634,644,299,0,13
634,645,299,0,13
634,646,299,0,13
634,647,299,0,13
634,648,299,0,13
634,649,299,0,13
634,650,299,0,13
634,651,299,0,13
634,652,299,0,13
634,653,299,0,13
634,654,299,0,13
634,655,299,0,13
634,656,299,0,13
634,657,299,0,13
634,658,299,0,13
634,659,299,0,13
634,660,299,0,13
634,661,299,0,13
634,662,299,0,13
634,663,299,0,13
634,664,299,0,13
634,665,299,0,13
634,666,299,0,13
634,667,299,0,13
634,668,299,0,13
634,669,299,0,13
634,670,299,0,13
634,671,299,0,13
634,672,299,0,13
634,673,299,0,13
634,674,299,0,13
634,675,299,0,13
634,676,299,0,13
634,677,299,0,13
634,678,299,0,13
634,679,299,0,13
634,680,299,0,13
634,681,299,0,13
634,682,299,0,13
634,683,299,0,13
634,684,299,0,13
634,685,299,0,13
634,686,299,0,13
634,687,299,0,13
634,688,299,0,13
634,689,299,0,13
634,690,299,0,13
634,691,299,0,13
634,692,299,0,13
634,693,299,0,13
634,694,299,0,13
634,695,299,0,13
634,696,299,0,13
634,697,299,0,13
634,698,299,0,13
634,699,299,0,13
634,700,299,0,13
634,701,299,0,13
634,702,299,0,13
634,703,299,0,13
634,704,299,0,13
634,705,299,0,13
634,706,299,0,13
634,707,299,0,13
634,708,299,0,13
634,709,299,0,13
634,710,299,0,13
634,711,299,0,13
634,712,299,0,13
634,713,299,0,13
634,714,299,0,13
634,715,299,0,13
634,716,299,0,13
634,717,299,0,13
634,718,299,0,13
634,719,299,0,13
634,720,299,0,13
634,721,299,0,13
634,722,299,0,13
634,723,299,0,13
634,724,299,0,13
636,625,281,0,15
636,626,281,0,15
636,627,281,0,15
636,628,281,0,15
636,629,281,0,15
636,630,281,0,15
636,631,281,0,15
636,632,281,0,15
636,633,281,0,15
636,634,281,0,15
636,635,281,0,15
636,637,281,0,15
636,638,281,0,15
636,639,281,0,15
636,640,281,0,15
636,641,281,0,15
636,642,281,0,15
636,643,281,0,15
636,644,281,0,15
636,645,281,0,15
636,646,281,0,15
636,647,281,0,15
636,648,281,0,15
636,649,281,0,15
636,650,281,0,15
636,651,281,0,15
636,652,281,0,15
636,653,281,0,15
636,654,281,0,15
636,655,281,0,15
636,656,281,0,15
636,657,281,0,15
636,658,281,0,15
636,659,281,0,15
636,660,281,0,15
636,661,281,0,15
636,662,281,0,15
636,663,281,0,15
636,664,281,0,15
636,665,281,0,15
636,666,281,0,15
636,667,281,0,15
636,668,281,0,15
636,669,281,0,15
636,670,281,0,15
636,671,281,0,15
636,672,281,0,15
636,673,281,0,15
636,674,281,0,15
636,675,281,0,15
636,676,281,0,15
636,677,281,0,15
636,678,281,0,15
636,679,281,0,15
636,680,281,0,15
636,681,281,0,15
636,682,281,0,15
636,683,281,0,15
636,684,281,0,15
636,685,281,0,15
636,686,281,0,15
636,687,281,0,15
636,688,281,0,15
636,689,281,0,15
636,690,281,0,15
636,691,281,0,15
636,692,281,0,15
636,693,281,0,15
636,694,281,0,15
636,695,281,0,15
636,696,281,0,15
636,697,281,0,15
636,698,281,0,15
636,699,281,0,15
636,700,281,0,15
636,701,281,0,15
636,702,281,0,15
636,703,281,0,15
636,704,281,0,15
636,705,281,0,15
636,706,281,0,15
636,707,281,0,15
636,708,281,0,15
636,709,281,0,15
636,710,281,0,15
636,711,281,0,15
636,712,281,0,15
636,713,281,0,15
636,714,281,0,15
636,715,281,0,15
636,716,281,0,15
636,717,281,0,15
636,718,281,0,15
636,719,281,0,15
636,720,281,0,15
636,721,281,0,15
636,722,281,0,15
636,723,281,0,15
636,724,281,0,15
637,625,405,0,16
637,626,405,0,16
637,627,405,0,16
637,628,405,0,16
637,629,405,0,16
637,630,405,0,16
637,631,405,0,16
637,632,405,0,16
637,633,405,0,16
637,634,405,0,16
637,635,405,0,16
637,636,405,0,16
637,638,405,0,16
637,639,405,0,16
637,640,405,0,16
637,641,405,0,16
637,642,405,0,16
637,643,405,0,16
637,644,405,0,16
637,645,405,0,16
637,646,405,0,16
637,647,405,0,16
637,648,405,0,16
637,649,405,0,16
637,650,405,0,16
637,651,405,0,16
637,652,405,0,16
637,653,405,0,16
637,654,405,0,16
637,655,405,0,16
637,656,405,0,16
637,657,405,0,16
637,658,405,0,16
637,659,405,0,16
637,660,405,0,16
637,661,405,0,16
637,662,405,0,16
637,663,405,0,16
637,664,405,0,16
637,665,405,0,16
637,666,405,0,16
637,667,405,0,16
637,668,405,0,16
637,669,405,0,16
637,670,405,0,16
637,671,405,0,16
637,672,405,0,16
637,673,405,0,16
637,674,405,0,16
637,675,405,0,16
637,676,405,0,16
637,677,405,0,16
637,678,405,0,16
637,679,405,0,16
637,680,405,0,16
637,681,405,0,16
637,682,405,0,16
637,683,405,0,16
637,684,405,0,16
637,685,405,0,16
637,686,405,0,16
637,687,405,0,16
637,688,405,0,16
637,689,405,0,16
637,690,405,0,16
637,691,405,0,16
637,692,405,0,16
637,693,405,0,16
637,694,405,0,16
637,695,405,0,16
637,696,405,0,16
637,697,405,0,16
637,698,405,0,16
637,699,405,0,16
637,700,405,0,16
637,701,405,0,16
637,702,405,0,16
637,703,405,0,16
637,704,405,0,16
637,705,405,0,16
637,706,405,0,16
637,707,405,0,16
637,708,405,0,16
637,709,405,0,16
637,710,405,0,16
637,711,405,0,16
637,712,405,0,16
637,713,405,0,16
637,714,405,0,16
637,715,405,0,16
637,716,405,0,16
637,717,405,0,16
637,718,405,0,16
637,719,405,0,16
637,720,405,0,16
637,721,405,0,16
637,722,405,0,16
637,723,405,0,16
637,724,405,0,16
638,625,507,0,17
638,626,507,0,17
638,627,507,0,17
638,628,507,0,17
638,629,507,0,17
638,630,507,0,17
638,631,507,0,17
638,632,507,0,17
638,633,507,0,17
638,634,507,0,17
638,635,507,0,17
638,636,507,0,17
638,637,507,0,17
638,639,507,0,17
638,640,507,0,17
638,641,507,0,17
638,642,507,0,17
638,643,507,0,17
638,644,507,0,17
638,645,507,0,17
638,646,507,0,17
638,647,507,0,17
638,648,507,0,17
638,649,507,0,17
638,650,507,0,17
638,651,507,0,17
638,652,507,0,17
638,653,507,0,17
638,654,507,0,17
638,655,507,0,17
638,656,507,0,17
638,657,507,0,17
638,658,507,0,17
638,659,507,0,17
638,660,507,0,17
638,661,507,0,17
638,662,507,0,17
638,663,507,0,17
638,664,507,0,17
638,665,507,0,17
638,666,507,0,17
638,667,507,0,17
638,668,507,0,17
638,669,507,0,17
638,670,507,0,17
638,671,507,0,17
638,672,507,0,17
638,673,507,0,17
638,674,507,0,17
638,675,507,0,17
638,676,507,0,17
638,677,507,0,17
638,678,507,0,17
638,679,507,0,17
638,680,507,0,17
638,681,507,0,17
638,682,507,0,17
638,683,507,0,17
638,684,507,0,17
638,685,507,0,17
638,686,507,0,17
638,687,507,0,17
638,688,507,0,17
638,689,507,0,17
638,690,507,0,17
638,691,507,0,17
638,692,507,0,17
638,693,507,0,17
638,694,507,0,17
638,695,507,0,17
638,696,507,0,17
638,697,507,0,17
638,698,507,0,17
638,699,507,0,17
638,700,507,0,17
638,701,507,0,17
638,702,507,0,17
638,703,507,0,17
638,704,507,0,17
638,705,507,0,17
638,706,507,0,17
638,707,507,0,17
638,708,507,0,17
638,709,507,0,17
638,710,507,0,17
638,711,507,0,17
638,712,507,0,17
638,713,507,0,17
638,714,507,0,17
638,715,507,0,17
638,716,507,0,17
638,717,507,0,17
638,718,507,0,17
638,719,507,0,17
638,720,507,0,17
638,721,507,0,17
638,722,507,0,17
638,723,507,0,17
638,724,507,0,17
646,625,58,0,25
646,626,58,0,25
646,627,58,0,25
646,628,58,0,25
646,629,58,0,25
646,630,58,0,25
646,631,58,0,25
646,632,58,0,25
646,633,58,0,25
646,634,58,0,25
646,635,58,0,25
646,636,58,0,25
646,637,58,0,25
646,638,58,0,25
646,639,58,0,25
646,640,58,0,25
646,641,58,0,25
646,642,58,0,25
646,643,58,0,25
646,644,58,0,25
646,645,58,0,25
646,647,58,0,25
646,648,58,0,25
646,649,58,0,25
646,650,58,0,25
646,651,58,0,25
646,652,58,0,25
646,653,58,0,25
646,654,58,0,25
646,655,58,0,25
646,656,58,0,25
646,657,58,0,25
646,658,58,0,25
646,659,58,0,25
646,660,58,0,25
646,661,58,0,25
646,662,58,0,25
646,663,58,0,25
646,664,58,0,25
646,665,58,0,25
646,666,58,0,25
646,667,58,0,25
646,668,58,0,25
646,669,58,0,25
646,670,58,0,25
646,671,58,0,25
646,672,58,0,25
646,673,58,0,25
646,674,58,0,25
646,675,58,0,25
646,676,58,0,25
646,677,58,0,25
646,678,58,0,25
646,679,58,0,25
646,680,58,0,25
646,681,58,0,25
646,682,58,0,25
646,683,58,0,25
646,684,58,0,25
646,685,58,0,25
646,686,58,0,25
646,687,58,0,25
646,688,58,0,25
646,689,58,0,25
646,690,58,0,25
646,691,58,0,25
646,692,58,0,25
646,693,58,0,25
646,694,58,0,25
646,695,58,0,25
646,696,58,0,25
646,697,58,0,25
646,698,58,0,25
646,699,58,0,25
646,700,58,0,25
646,701,58,0,25
646,702,58,0,25
646,703,58,0,25
646,704,58,0,25
646,705,58,0,25
646,706,58,0,25
646,707,58,0,25
646,708,58,0,25
646,709,58,0,25
646,710,58,0,25
646,711,58,0,25
646,712,58,0,25
646,713,58,0,25
646,714,58,0,25
646,715,58,0,25
646,716,58,0,25
646,717,58,0,25
646,718,58,0,25
646,719,58,0,25
646,720,58,0,25
646,721,58,0,25
646,722,58,0,25
646,723,58,0,25
646,724,58,0,25
650,625,53,0,29
650,626,53,0,29
650,627,53,0,29
650,628,53,0,29
650,629,53,0,29
650,630,53,0,29
650,631,53,0,29
650,632,53,0,29
650,633,53,0,29
650,634,53,0,29
650,635,53,0,29
650,636,53,0,29
650,637,53,0,29
650,638,53,0,29
650,639,53,0,29
650,640,53,0,29
650,641,53,0,29
650,642,53,0,29
650,643,53,0,29
650,644,53,0,29
650,645,53,0,29
650,646,53,0,29
650,647,53,0,29
650,648,53,0,29
650,649,53,0,29
650,651,53,0,29
650,652,53,0,29
650,653,53,0,29
650,654,53,0,29
650,655,53,0,29
650,656,53,0,29
650,657,53,0,29
650,658,53,0,29
650,659,53,0,29
650,660,53,0,29
650,661,53,0,29
650,662,53,0,29
650,663,53,0,29
650,664,53,0,29
650,665,53,0,29
650,666,53,0,29
650,667,53,0,29
650,668,53,0,29
650,669,53,0,29
650,670,53,0,29
650,671,53,0,29
650,672,53,0,29
650,673,53,0,29
650,674,53,0,29
650,675,53,0,29
650,676,53,0,29
650,677,53,0,29
650,678,53,0,29
650,679,53,0,29
650,680,53,0,29
650,681,53,0,29
650,682,53,0,29
650,683,53,0,29
650,684,53,0,29
650,685,53,0,29
650,686,53,0,29
650,687,53,0,29
650,688,53,0,29
650,689,53,0,29
650,690,53,0,29
650,691,53,0,29
650,692,53,0,29
650,693,53,0,29
650,694,53,0,29
650,695,53,0,29
650,696,53,0,29
650,697,53,0,29
650,698,53,0,29
650,699,53,0,29
650,700,53,0,29
650,701,53,0,29
650,702,53,0,29
650,703,53,0,29
650,704,53,0,29
650,705,53,0,29
650,706,53,0,29
650,707,53,0,29
650,708,53,0,29
650,709,53,0,29
650,710,53,0,29
650,711,53,0,29
650,712,53,0,29
650,713,53,0,29
650,714,53,0,29
650,715,53,0,29
650,716,53,0,29
650,717,53,0,29
650,718,53,0,29
650,719,53,0,29
650,720,53,0,29
650,721,53,0,29
650,722,53,0,29
650,723,53,0,29
650,724,53,0,29
651,625,130,0,30
651,626,130,0,30
651,627,130,0,30
651,628,130,0,30
651,629,130,0,30
651,630,130,0,30
651,631,130,0,30
651,632,130,0,30
651,633,130,0,30
651,634,130,0,30
651,635,130,0,30
651,636,130,0,30
651,637,130,0,30
651,638,130,0,30
651,639,130,0,30
651,640,130,0,30
651,641,130,0,30
651,642,130,0,30
651,643,130,0,30
651,644,130,0,30
651,645,130,0,30
651,646,130,0,30
651,647,130,0,30
651,648,130,0,30
651,649,130,0,30
651,650,130,0,30
651,652,130,0,30
651,653,130,0,30
651,654,130,0,30
651,655,130,0,30
651,656,130,0,30
651,657,130,0,30
651,658,130,0,30
651,659,130,0,30
651,660,130,0,30
651,661,130,0,30
651,662,130,0,30
651,663,130,0,30
651,664,130,0,30
651,665,130,0,30
651,666,130,0,30
651,667,130,0,30
651,668,130,0,30
651,669,130,0,30
651,670,130,0,30
651,671,130,0,30
651,672,130,0,30
651,673,130,0,30
651,674,130,0,30
651,675,130,0,30
651,676,130,0,30
651,677,130,0,30
651,678,130,0,30
651,679,130,0,30
651,680,130,0,30
651,681,130,0,30
651,682,130,0,30
651,683,130,0,30
651,684,130,0,30
651,685,130,0,30
651,686,130,0,30
651,687,130,0,30
651,688,130,0,30
651,689,130,0,30
651,690,130,0,30
651,691,130,0,30
651,692,130,0,30
651,693,130,0,30
651,694,130,0,30
651,695,130,0,30
651,696,130,0,30
651,697,130,0,30
651,698,130,0,30
651,699,130,0,30
651,700,130,0,30
651,701,130,0,30
651,702,130,0,30
651,703,130,0,30
651,704,130,0,30
651,705,130,0,30
651,706,130,0,30
651,707,130,0,30
651,708,130,0,30
651,709,130,0,30
651,710,130,0,30
651,711,130,0,30
651,712,130,0,30
651,713,130,0,30
651,714,130,0,30
651,715,130,0,30
651,716,130,0,30
651,717,130,0,30
651,718,130,0,30
651,719,130,0,30
651,720,130,0,30
651,721,130,0,30
651,722,130,0,30
651,723,130,0,30
651,724,130,0,30
652,625,331,0,31
652,626,331,0,31
652,627,331,0,31
652,628,331,0,31
652,629,331,0,31
652,630,331,0,31
652,631,331,0,31
652,632,331,0,31
652,633,331,0,31
652,634,331,0,31
652,635,331,0,31
652,636,331,0,31
652,637,331,0,31
652,638,331,0,31
652,639,331,0,31
652,640,331,0,31
652,641,331,0,31
652,642,331,0,31
652,643,331,0,31
652,644,331,0,31
652,645,331,0,31
652,646,331,0,31
652,647,331,0,31
652,648,331,0,31
652,649,331,0,31
652,650,331,0,31
652,651,331,0,31
652,653,331,0,31
652,654,331,0,31
652,655,331,0,31
652,656,331,0,31
652,657,331,0,31
652,658,331,0,31
652,659,331,0,31
652,660,331,0,31
652,661,331,0,31
652,662,331,0,31
652,663,331,0,31
652,664,331,0,31
652,665,331,0,31
652,666,331,0,31
652,667,331,0,31
652,668,331,0,31
652,669,331,0,31
652,670,331,0,31
652,671,331,0,31
652,672,331,0,31
652,673,331,0,31
652,674,331,0,31
652,675,331,0,31
652,676,331,0,31
652,677,331,0,31
652,678,331,0,31
652,679,331,0,31
652,680,331,0,31
652,681,331,0,31
652,682,331,0,31
652,683,331,0,31
652,684,331,0,31
652,685,331,0,31
652,686,331,0,31
652,687,331,0,31
652,688,331,0,31
652,689,331,0,31
652,690,331,0,31
652,691,331,0,31
652,692,331,0,31
652,693,331,0,31
652,694,331,0,31
652,695,331,0,31
652,696,331,0,31
652,697,331,0,31
652,698,331,0,31
652,699,331,0,31
652,700,331,0,31
652,701,331,0,31
652,702,331,0,31
652,703,331,0,31
652,704,331,0,31
652,705,331,0,31
652,706,331,0,31
652,707,331,0,31
652,708,331,0,31
652,709,331,0,31
652,710,331,0,31
652,711,331,0,31
652,712,331,0,31
652,713,331,0,31
652,714,331,0,31
652,715,331,0,31
652,716,331,0,31
652,717,331,0,31
652,718,331,0,31
652,719,331,0,31
652,720,331,0,31
652,721,331,0,31
652,722,331,0,31
652,723,331,0,31
652,724,331,0,31
654,625,474,0,33
654,626,474,0,33
654,627,474,0,33
654,628,474,0,33
654,629,474,0,33
654,630,474,0,33
654,631,474,0,33
654,632,474,0,33
654,633,474,0,33
654,634,474,0,33
654,635,474,0,33
654,636,474,0,33
654,637,474,0,33
654,638,474,0,33
654,639,474,0,33
654,640,474,0,33
654,641,474,0,33
654,642,474,0,33
654,643,474,0,33
654,644,474,0,33
654,645,474,0,33
654,646,474,0,33
654,647,474,0,33
654,648,474,0,33
654,649,474,0,33
654,650,474,0,33
654,651,474,0,33
654,652,474,0,33
654,653,474,0,33
654,655,474,0,33
654,656,474,0,33
654,657,474,0,33
654,658,474,0,33
654,659,474,0,33
654,660,474,0,33
654,661,474,0,33
654,662,474,0,33
654,663,474,0,33
654,664,474,0,33
654,665,474,0,33
654,666,474,0,33
654,667,474,0,33
654,668,474,0,33
654,669,474,0,33
654,670,474,0,33
654,671,474,0,33
654,672,474,0,33
654,673,474,0,33
654,674,474,0,33
654,675,474,0,33
654,676,474,0,33
654,677,474,0,33
654,678,474,0,33
654,679,474,0,33
654,680,474,0,33
654,681,474,0,33
654,682,474,0,33
654,683,474,0,33
654,684,474,0,33
654,685,474,0,33
654,686,474,0,33
654,687,474,0,33
654,688,474,0,33
654,689,474,0,33
654,690,474,0,33
654,691,474,0,33
654,692,474,0,33
654,693,474,0,33
654,694,474,0,33
654,695,474,0,33
654,696,474,0,33
654,697,474,0,33
654,698,474,0,33
654,699,474,0,33
654,700,474,0,33
654,701,474,0,33
654,702,474,0,33
654,703,474,0,33
654,704,474,0,33
654,705,474,0,33
654,706,474,0,33
654,707,474,0,33
654,708,474,0,33
654,709,474,0,33
654,710,474,0,33
654,711,474,0,33
654,712,474,0,33
654,713,474,0,33
654,714,474,0,33
654,715,474,0,33
654,716,474,0,33
654,717,474,0,33
654,718,474,0,33
654,719,474,0,33
654,720,474,0,33
654,721,474,0,33
654,722,474,0,33
654,723,474,0,33
654,724,474,0,33
657,625,606,0,36
657,626,606,0,36
657,627,606,0,36
657,628,606,0,36
657,629,606,0,36
657,630,606,0,36
657,631,606,0,36
657,632,606,0,36
657,633,606,0,36
657,634,606,0,36
657,635,606,0,36
657,636,606,0,36
657,637,606,0,36
657,638,606,0,36
657,639,606,0,36
657,640,606,0,36
657,641,606,0,36
657,642,606,0,36
657,643,606,0,36
657,644,606,0,36
657,645,606,0,36
657,646,606,0,36
657,647,606,0,36
657,648,606,0,36
657,649,606,0,36
657,650,606,0,36
657,651,606,0,36
657,652,606,0,36
657,653,606,0,36
657,654,606,0,36
657,655,606,0,36
657,656,606,0,36
657,658,606,0,36
657,659,606,0,36
657,660,606,0,36
657,661,606,0,36
657,662,606,0,36
657,663,606,0,36
657,664,606,0,36
657,665,606,0,36
657,666,606,0,36
657,667,606,0,36
657,668,606,0,36
657,669,606,0,36
657,670,606,0,36
657,671,606,0,36
657,672,606,0,36
657,673,606,0,36
657,674,606,0,36
657,675,606,0,36
657,676,606,0,36
657,677,606,0,36
657,678,606,0,36
657,679,606,0,36
657,680,606,0,36
657,681,606,0,36
657,682,606,0,36
657,683,606,0,36
657,684,606,0,36
657,685,606,0,36
657,686,606,0,36
657,687,606,0,36
657,688,606,0,36
657,689,606,0,36
657,690,606,0,36
657,691,606,0,36
657,692,606,0,36
657,693,606,0,36
657,694,606,0,36
657,695,606,0,36
657,696,606,0,36
657,697,606,0,36
657,698,606,0,36
657,699,606,0,36
657,700,606,0,36
657,701,606,0,36
657,702,606,0,36
657,703,606,0,36
657,704,606,0,36
657,705,606,0,36
657,706,606,0,36
657,707,606,0,36
657,708,606,0,36
657,709,606,0,36
657,710,606,0,36
657,711,606,0,36
657,712,606,0,36
657,713,606,0,36
657,714,606,0,36
657,715,606,0,36
657,716,606,0,36
657,717,606,0,36
657,718,606,0,36
657,719,606,0,36
657,720,606,0,36
657,721,606,0,36
657,722,606,0,36
657,723,606,0,36
657,724,606,0,36
658,625,386,0,37
658,626,386,0,37
658,627,386,0,37
658,628,386,0,37
658,629,386,0,37
658,630,386,0,37
658,631,386,0,37
658,632,386,0,37
658,633,386,0,37
658,634,386,0,37
658,635,386,0,37
658,636,386,0,37
658,637,386,0,37
658,638,386,0,37
658,639,386,0,37
658,640,386,0,37
658,641,386,0,37
658,642,386,0,37
658,643,386,0,37
658,644,386,0,37
658,645,386,0,37
658,646,386,0,37
658,647,386,0,37
658,648,386,0,37
658,649,386,0,37
658,650,386,0,37
658,651,386,0,37
658,652,386,0,37
658,653,386,0,37
658,654,386,0,37
658,655,386,0,37
658,656,386,0,37
658,657,386,0,37
658,659,386,0,37
658,660,386,0,37
658,661,386,0,37
658,662,386,0,37
658,663,386,0,37
658,664,386,0,37
658,665,386,0,37
658,666,386,0,37
658,667,386,0,37
658,668,386,0,37
658,669,386,0,37
658,670,386,0,37
658,671,386,0,37
658,672,386,0,37
658,673,386,0,37
658,674,386,0,37
658,675,386,0,37
658,676,386,0,37
658,677,386,0,37
658,678,386,0,37
658,679,386,0,37
658,680,386,0,37
658,681,386,0,37
658,682,386,0,37
658,683,386,0,37
658,684,386,0,37
658,685,386,0,37
658,686,386,0,37
658,687,386,0,37
658,688,386,0,37
658,689,386,0,37
658,690,386,0,37
658,691,386,0,37
658,692,386,0,37
658,693,386,0,37
658,694,386,0,37
658,695,386,0,37
658,696,386,0,37
658,697,386,0,37
658,698,386,0,37
658,699,386,0,37
658,700,386,0,37
658,701,386,0,37
658,702,386,0,37
658,703,386,0,37
658,704,386,0,37
658,705,386,0,37
658,706,386,0,37
658,707,386,0,37
658,708,386,0,37
658,709,386,0,37
658,710,386,0,37
658,711,386,0,37
658,712,386,0,37
658,713,386,0,37
658,714,386,0,37
658,715,386,0,37
658,716,386,0,37
658,717,386,0,37
658,718,386,0,37
658,719,386,0,37
658,720,386,0,37
658,721,386,0,37
658,722,386,0,37
658,723,386,0,37
658,724,386,0,37
660,625,5,0,39
660,626,5,0,39
660,627,5,0,39
660,628,5,0,39
660,629,5,0,39
660,630,5,0,39
660,631,5,0,39
660,632,5,0,39
660,633,5,0,39
660,634,5,0,39
660,635,5,0,39
660,636,5,0,39
660,637,5,0,39
660,638,5,0,39
660,639,5,0,39
660,640,5,0,39
660,641,5,0,39
660,642,5,0,39
660,643,5,0,39
660,644,5,0,39
660,645,5,0,39
660,646,5,0,39
660,647,5,0,39
660,648,5,0,39
660,649,5,0,39
660,650,5,0,39
660,651,5,0,39
660,652,5,0,39
660,653,5,0,39
660,654,5,0,39
660,655,5,0,39
660,656,5,0,39
660,657,5,0,39
660,658,5,0,39
660,659,5,0,39
660,661,5,0,39
660,662,5,0,39
660,663,5,0,39
660,664,5,0,39
660,665,5,0,39
660,666,5,0,39
660,667,5,0,39
660,668,5,0,39
660,669,5,0,39
660,670,5,0,39
660,671,5,0,39
660,672,5,0,39
660,673,5,0,39
660,674,5,0,39
660,675,5,0,39
660,676,5,0,39
660,677,5,0,39
660,678,5,0,39
660,679,5,0,39
660,680,5,0,39
660,681,5,0,39
660,682,5,0,39
660,683,5,0,39
660,684,5,0,39
660,685,5,0,39
660,686,5,0,39
660,687,5,0,39
660,688,5,0,39
660,689,5,0,39
660,690,5,0,39
660,691,5,0,39
660,692,5,0,39
660,693,5,0,39
660,694,5,0,39
660,695,5,0,39
660,696,5,0,39
660,697,5,0,39
660,698,5,0,39
660,699,5,0,39
660,700,5,0,39
660,701,5,0,39
660,702,5,0,39
660,703,5,0,39
660,704,5,0,39
660,705,5,0,39
660,706,5,0,39
660,707,5,0,39
660,708,5,0,39
660,709,5,0,39
660,710,5,0,39
660,711,5,0,39
660,712,5,0,39
660,713,5,0,39
660,714,5,0,39
660,715,5,0,39
660,716,5,0,39
660,717,5,0,39
660,718,5,0,39
660,719,5,0,39
660,720,5,0,39
660,721,5,0,39
660,722,5,0,39
660,723,5,0,39
660,724,5,0,39
664,625,158,0,43
664,626,158,0,43
664,627,158,0,43
664,628,158,0,43
664,629,158,0,43
664,630,158,0,43
664,631,158,0,43
664,632,158,0,43
664,633,158,0,43
664,634,158,0,43
664,635,158,0,43
664,636,158,0,43
664,637,158,0,43
664,638,158,0,43
664,639,158,0,43
664,640,158,0,43
664,641,158,0,43
664,642,158,0,43
664,643,158,0,43
664,644,158,0,43
664,645,158,0,43
664,646,158,0,43
664,647,158,0,43
664,648,158,0,43
664,649,158,0,43
664,650,158,0,43
664,651,158,0,43
664,652,158,0,43
664,653,158,0,43
664,654,158,0,43
664,655,158,0,43
664,656,158,0,43
664,657,158,0,43
664,658,158,0,43
664,659,158,0,43
664,660,158,0,43
664,661,158,0,43
664,662,158,0,43
664,663,158,0,43
664,665,158,0,43
664,666,158,0,43
664,667,158,0,43
664,668,158,0,43
664,669,158,0,43
664,670,158,0,43
664,671,158,0,43
664,672,158,0,43
664,673,158,0,43
664,674,158,0,43
664,675,158,0,43
664,676,158,0,43
664,677,158,0,43
664,678,158,0,43
664,679,158,0,43
664,680,158,0,43
664,681,158,0,43
664,682,158,0,43
664,683,158,0,43
664,684,158,0,43
664,685,158,0,43
664,686,158,0,43
664,687,158,0,43
664,688,158,0,43
664,689,158,0,43
664,690,158,0,43
664,691,158,0,43
664,692,158,0,43
664,693,158,0,43
664,694,158,0,43
664,695,158,0,43
664,696,158,0,43
664,697,158,0,43
664,698,158,0,43
664,699,158,0,43
664,700,158,0,43
664,701,158,0,43
664,702,158,0,43
664,703,158,0,43
664,704,158,0,43
664,705,158,0,43
664,706,158,0,43
664,707,158,0,43
664,708,158,0,43
664,709,158,0,43
664,710,158,0,43
664,711,158,0,43
664,712,158,0,43
664,713,158,0,43
664,714,158,0,43
664,715,158,0,43
664,716,158,0,43
664,717,158,0,43
664,718,158,0,43
664,719,158,0,43
664,720,158,0,43
664,721,158,0,43
664,722,158,0,43
664,723,158,0,43
664,724,158,0,43
666,625,304,0,45
666,626,304,0,45
666,627,304,0,45
666,628,304,0,45
666,629,304,0,45
666,630,304,0,45
666,631,304,0,45
666,632,304,0,45
666,633,304,0,45
666,634,304,0,45
666,635,304,0,45
666,636,304,0,45
666,637,304,0,45
666,638,304,0,45
666,639,304,0,45
666,640,304,0,45
666,641,304,0,45
666,642,304,0,45
666,643,304,0,45
666,644,304,0,45
666,645,304,0,45
666,646,304,0,45
666,647,304,0,45
666,648,304,0,45
666,649,304,0,45
666,650,304,0,45
666,651,304,0,45
666,652,304,0,45
666,653,304,0,45
666,654,304,0,45
666,655,304,0,45
666,656,304,0,45
666,657,304,0,45
666,658,304,0,45
666,659,304,0,45
666,660,304,0,45
666,661,304,0,45
666,662,304,0,45
666,663,304,0,45
666,664,304,0,45
666,665,304,0,45
666,667,304,0,45
666,668,304,0,45
666,669,304,0,45
666,670,304,0,45
666,671,304,0,45
666,672,304,0,45
666,673,304,0,45
666,674,304,0,45
666,675,304,0,45
666,676,304,0,45
666,677,304,0,45
666,678,304,0,45
666,679,304,0,45
666,680,304,0,45
666,681,304,0,45
666,682,304,0,45
666,683,304,0,45
666,684,304,0,45
666,685,304,0,45
666,686,304,0,45
666,687,304,0,45
666,688,304,0,45
666,689,304,0,45
666,690,304,0,45
666,691,304,0,45
666,692,304,0,45
666,693,304,0,45
666,694,304,0,45
666,695,304,0,45
666,696,304,0,45
666,697,304,0,45
666,698,304,0,45
666,699,304,0,45
666,700,304,0,45
666,701,304,0,45
666,702,304,0,45
666,703,304,0,45
666,704,304,0,45
666,705,304,0,45
666,706,304,0,45
666,707,304,0,45
666,708,304,0,45
666,709,304,0,45
666,710,304,0,45
666,711,304,0,45
666,712,304,0,45
666,713,304,0,45
666,714,304,0,45
666,715,304,0,45
666,716,304,0,45
666,717,304,0,45
666,718,304,0,45
666,719,304,0,45
666,720,304,0,45
666,721,304,0,45
666,722,304,0,45
666,723,304,0,45
666,724,304,0,45
672,625,183,0,51
672,626,183,0,51
672,627,183,0,51
672,628,183,0,51
672,629,183,0,51
672,630,183,0,51
672,631,183,0,51
672,632,183,0,51
672,633,183,0,51
672,634,183,0,51
672,635,183,0,51
672,636,183,0,51
672,637,183,0,51
672,638,183,0,51
672,639,183,0,51
672,640,183,0,51
672,641,183,0,51
672,642,183,0,51
672,643,183,0,51
672,644,183,0,51
672,645,183,0,51
672,646,183,0,51
672,647,183,0,51
672,648,183,0,51
672,649,183,0,51
672,650,183,0,51
672,651,183,0,51
672,652,183,0,51
672,653,183,0,51
672,654,183,0,51
672,655,183,0,51
672,656,183,0,51
672,657,183,0,51
672,658,183,0,51
672,659,183,0,51
672,660,183,0,51
672,661,183,0,51
672,662,183,0,51
672,663,183,0,51
672,664,183,0,51
672,665,183,0,51
672,666,183,0,51
672,667,183,0,51
672,668,183,0,51
672,669,183,0,51
672,670,183,0,51
672,671,183,0,51
672,673,183,0,51
672,674,183,0,51
672,675,183,0,51
672,676,183,0,51
672,677,183,0,51
672,678,183,0,51
672,679,183,0,51
672,680,183,0,51
672,681,183,0,51
672,682,183,0,51
672,683,183,0,51
672,684,183,0,51
672,685,183,0,51
672,686,183,0,51
672,687,183,0,51
672,688,183,0,51
672,689,183,0,51
672,690,183,0,51
672,691,183,0,51
672,692,183,0,51
672,693,183,0,51
672,694,183,0,51
672,695,183,0,51
672,696,183,0,51
672,697,183,0,51
672,698,183,0,51
672,699,183,0,51
672,700,183,0,51
672,701,183,0,51
672,702,183,0,51
672,703,183,0,51
672,704,183,0,51
672,705,183,0,51
672,706,183,0,51
672,707,183,0,51
672,708,183,0,51
672,709,183,0,51
672,710,183,0,51
672,711,183,0,51
672,712,183,0,51
672,713,183,0,51
672,714,183,0,51
672,715,183,0,51
672,716,183,0,51
672,717,183,0,51
672,718,183,0,51
672,719,183,0,51
672,720,183,0,51
672,721,183,0,51
672,722,183,0,51
672,723,183,0,51
672,724,183,0,51
673,625,37,0,52
673,626,37,0,52
673,627,37,0,52
673,628,37,0,52
673,629,37,0,52
673,630,37,0,52
673,631,37,0,52
673,632,37,0,52
673,633,37,0,52
673,634,37,0,52
673,635,37,0,52
673,636,37,0,52
673,637,37,0,52
673,638,37,0,52
673,639,37,0,52
673,640,37,0,52
673,641,37,0,52
673,642,37,0,52
673,643,37,0,52
673,644,37,0,52
673,645,37,0,52
673,646,37,0,52
673,647,37,0,52
673,648,37,0,52
673,649,37,0,52
673,650,37,0,52
673,651,37,0,52
673,652,37,0,52
673,653,37,0,52
673,654,37,0,52
673,655,37,0,52
673,656,37,0,52
673,657,37,0,52
673,658,37,0,52
673,659,37,0,52
673,660,37,0,52
673,661,37,0,52
673,662,37,0,52
673,663,37,0,52
673,664,37,0,52
673,665,37,0,52
673,666,37,0,52
673,667,37,0,52
673,668,37,0,52
673,669,37,0,52
673,670,37,0,52
673,671,37,0,52
673,672,37,0,52
673,674,37,0,52
673,675,37,0,52
673,676,37,0,52
673,677,37,0,52
673,678,37,0,52
673,679,37,0,52
673,680,37,0,52
673,681,37,0,52
673,682,37,0,52
673,683,37,0,52
673,684,37,0,52
673,685,37,0,52
673,686,37,0,52
673,687,37,0,52
673,688,37,0,52
673,689,37,0,52
673,690,37,0,52
673,691,37,0,52
673,692,37,0,52
673,693,37,0,52
673,694,37,0,52
673,695,37,0,52
673,696,37,0,52
673,697,37,0,52
673,698,37,0,52
673,699,37,0,52
673,700,37,0,52
673,701,37,0,52
673,702,37,0,52
673,703,37,0,52
673,704,37,0,52
673,705,37,0,52
673,706,37,0,52
673,707,37,0,52
673,708,37,0,52
673,709,37,0,52
673,710,37,0,52
673,711,37,0,52
673,712,37,0,52
673,713,37,0,52
673,714,37,0,52
673,715,37,0,52
673,716,37,0,52
673,717,37,0,52
673,718,37,0,52
673,719,37,0,52
673,720,37,0,52
673,721,37,0,52
673,722,37,0,52
673,723,37,0,52
673,724,37,0,52
677,625,354,0,56
677,626,354,0,56
677,627,354,0,56
677,628,354,0,56
677,629,354,0,56
677,630,354,0,56
677,631,354,0,56
677,632,354,0,56
677,633,354,0,56
677,634,354,0,56
677,635,354,0,56
677,636,354,0,56
677,637,354,0,56
677,638,354,0,56
677,639,354,0,56
677,640,354,0,56
677,641,354,0,56
677,642,354,0,56
677,643,354,0,56
677,644,354,0,56
677,645,354,0,56
677,646,354,0,56
677,647,354,0,56
677,648,354,0,56
677,649,354,0,56
677,650,354,0,56
677,651,354,0,56
677,652,354,0,56
677,653,354,0,56
677,654,354,0,56
677,655,354,0,56
677,656,354,0,56
677,657,354,0,56
677,658,354,0,56
677,659,354,0,56
677,660,354,0,56
677,661,354,0,56
677,662,354,0,56
677,663,354,0,56
677,664,354,0,56
677,665,354,0,56
677,666,354,0,56
677,667,354,0,56
677,668,354,0,56
677,669,354,0,56
677,670,354,0,56
677,671,354,0,56
677,672,354,0,56
677,673,354,0,56
677,674,354,0,56
677,675,354,0,56
677,676,354,0,56
677,678,354,0,56
677,679,354,0,56
677,680,354,0,56
677,681,354,0,56
677,682,354,0,56
677,683,354,0,56
677,684,354,0,56
677,685,354,0,56
677,686,354,0,56
677,687,354,0,56
677,688,354,0,56
677,689,354,0,56
677,690,354,0,56
677,691,354,0,56
677,692,354,0,56
677,693,354,0,56
677,694,354,0,56
677,695,354,0,56
677,696,354,0,56
677,697,354,0,56
677,698,354,0,56
677,699,354,0,56
677,700,354,0,56
677,701,354,0,56
677,702,354,0,56
677,703,354,0,56
677,704,354,0,56
677,705,354,0,56
677,706,354,0,56
677,707,354,0,56
677,708,354,0,56
677,709,354,0,56
677,710,354,0,56
677,711,354,0,56
677,712,354,0,56
677,713,354,0,56
677,714,354,0,56
677,715,354,0,56
677,716,354,0,56
677,717,354,0,56
677,718,354,0,56
677,719,354,0,56
677,720,354,0,56
677,721,354,0,56
677,722,354,0,56
677,723,354,0,56
677,724,354,0,56
680,625,367,0,59
680,626,367,0,59
680,627,367,0,59
680,628,367,0,59
680,629,367,0,59
680,630,367,0,59
680,631,367,0,59
680,632,367,0,59
680,633,367,0,59
680,634,367,0,59
680,635,367,0,59
680,636,367,0,59
680,637,367,0,59
680,638,367,0,59
680,639,367,0,59
680,640,367,0,59
680,641,367,0,59
680,642,367,0,59
680,643,367,0,59
680,644,367,0,59
680,645,367,0,59
680,646,367,0,59
680,647,367,0,59
680,648,367,0,59
680,649,367,0,59
680,650,367,0,59
680,651,367,0,59
680,652,367,0,59
680,653,367,0,59
680,654,367,0,59
680,655,367,0,59
680,656,367,0,59
680,657,367,0,59
680,658,367,0,59
680,659,367,0,59
680,660,367,0,59
680,661,367,0,59
680,662,367,0,59
680,663,367,0,59
680,664,367,0,59
680,665,367,0,59
680,666,367,0,59
680,667,367,0,59
680,668,367,0,59
680,669,367,0,59
680,670,367,0,59
680,671,367,0,59
680,672,367,0,59
680,673,367,0,59
680,674,367,0,59
680,675,367,0,59
680,676,367,0,59
680,677,367,0,59
680,678,367,0,59
680,679,367,0,59
680,681,367,0,59
680,682,367,0,59
680,683,367,0,59
680,684,367,0,59
680,685,367,0,59
680,686,367,0,59
680,687,367,0,59
680,688,367,0,59
680,689,367,0,59
680,690,367,0,59
680,691,367,0,59
680,692,367,0,59
680,693,367,0,59
680,694,367,0,59
680,695,367,0,59
680,696,367,0,59
680,697,367,0,59
680,698,367,0,59
680,699,367,0,59
680,700,367,0,59
680,701,367,0,59
680,702,367,0,59
680,703,367,0,59
680,704,367,0,59
680,705,367,0,59
680,706,367,0,59
680,707,367,0,59
680,708,367,0,59
680,709,367,0,59
680,710,367,0,59
680,711,367,0,59
680,712,367,0,59
680,713,367,0,59
680,714,367,0,59
680,715,367,0,59
680,716,367,0,59
680,717,367,0,59
680,718,367,0,59
680,719,367,0,59
680,720,367,0,59
680,721,367,0,59
680,722,367,0,59
680,723,367,0,59
680,724,367,0,59
681,625,276,0,60
681,626,276,0,60
681,627,276,0,60
681,628,276,0,60
681,629,276,0,60
681,630,276,0,60
681,631,276,0,60
681,632,276,0,60
681,633,276,0,60
681,634,276,0,60
681,635,276,0,60
681,636,276,0,60
681,637,276,0,60
681,638,276,0,60
681,639,276,0,60
681,640,276,0,60
681,641,276,0,60
681,642,276,0,60
681,643,276,0,60
681,644,276,0,60
681,645,276,0,60
681,646,276,0,60
681,647,276,0,60
681,648,276,0,60
681,649,276,0,60
681,650,276,0,60
681,651,276,0,60
681,652,276,0,60
681,653,276,0,60
681,654,276,0,60
681,655,276,0,60
681,656,276,0,60
681,657,276,0,60
681,658,276,0,60
681,659,276,0,60
681,660,276,0,60
681,661,276,0,60
681,662,276,0,60
681,663,276,0,60
681,664,276,0,60
681,665,276,0,60
681,666,276,0,60
681,667,276,0,60
681,668,276,0,60
681,669,276,0,60
681,670,276,0,60
681,671,276,0,60
681,672,276,0,60
681,673,276,0,60
681,674,276,0,60
681,675,276,0,60
681,676,276,0,60
681,677,276,0,60
681,678,276,0,60
681,679,276,0,60
681,680,276,0,60
681,682,276,0,60
681,683,276,0,60
681,684,276,0,60
681,685,276,0,60
681,686,276,0,60
681,687,276,0,60
681,688,276,0,60
681,689,276,0,60
681,690,276,0,60
681,691,276,0,60
681,692,276,0,60
681,693,276,0,60
681,694,276,0,60
681,695,276,0,60
681,696,276,0,60
681,697,276,0,60
681,698,276,0,60
681,699,276,0,60
681,700,276,0,60
681,701,276,0,60
681,702,276,0,60
681,703,276,0,60
681,704,276,0,60
681,705,276,0,60
681,706,276,0,60
681,707,276,0,60
681,708,276,0,60
681,709,276,0,60
681,710,276,0,60
681,711,276,0,60
681,712,276,0,60
681,713,276,0,60
681,714,276,0,60
681,715,276,0,60
681,716,276,0,60
681,717,276,0,60
681,718,276,0,60
681,719,276,0,60
681,720,276,0,60
681,721,276,0,60
681,722,276,0,60
681,723,276,0,60
681,724,276,0,60
682,625,230,0,61
682,626,230,0,61
682,627,230,0,61
682,628,230,0,61
682,629,230,0,61
682,630,230,0,61
682,631,230,0,61
682,632,230,0,61
682,633,230,0,61
682,634,230,0,61
682,635,230,0,61
682,636,230,0,61
682,637,230,0,61
682,638,230,0,61
682,639,230,0,61
682,640,230,0,61
682,641,230,0,61
682,642,230,0,61
682,643,230,0,61
682,644,230,0,61
682,645,230,0,61
682,646,230,0,61
682,647,230,0,61
682,648,230,0,61
682,649,230,0,61
682,650,230,0,61
682,651,230,0,61
682,652,230,0,61
682,653,230,0,61
682,654,230,0,61
682,655,230,0,61
682,656,230,0,61
682,657,230,0,61
682,658,230,0,61
682,659,230,0,61
682,660,230,0,61
682,661,230,0,61
682,662,230,0,61
682,663,230,0,61
682,664,230,0,61
682,665,230,0,61
682,666,230,0,61
682,667,230,0,61
682,668,230,0,61
682,669,230,0,61
682,670,230,0,61
682,671,230,0,61
682,672,230,0,61
682,673,230,0,61
682,674,230,0,61
682,675,230,0,61
682,676,230,0,61
682,677,230,0,61
682,678,230,0,61
682,679,230,0,61
682,680,230,0,61
682,681,230,0,61
682,683,230,0,61
682,684,230,0,61
682,685,230,0,61
682,686,230,0,61
682,687,230,0,61
682,688,230,0,61
682,689,230,0,61
682,690,230,0,61
682,691,230,0,61
682,692,230,0,61
682,693,230,0,61
682,694,230,0,61
682,695,230,0,61
682,696,230,0,61
682,697,230,0,61
682,698,230,0,61
682,699,230,0,61
682,700,230,0,61
682,701,230,0,61
682,702,230,0,61
682,703,230,0,61
682,704,230,0,61
682,705,230,0,61
682,706,230,0,61
682,707,230,0,61
682,708,230,0,61
682,709,230,0,61
682,710,230,0,61
682,711,230,0,61
682,712,230,0,61
682,713,230,0,61
682,714,230,0,61
682,715,230,0,61
682,716,230,0,61
682,717,230,0,61
682,718,230,0,61
682,719,230,0,61
682,720,230,0,61
682,721,230,0,61
682,722,230,0,61
682,723,230,0,61
682,724,230,0,61
683,625,355,0,62
683,626,355,0,62
683,627,355,0,62
683,628,355,0,62
683,629,355,0,62
683,630,355,0,62
683,631,355,0,62
683,632,355,0,62
683,633,355,0,62
683,634,355,0,62
683,635,355,0,62
683,636,355,0,62
683,637,355,0,62
683,638,355,0,62
683,639,355,0,62
683,640,355,0,62
683,641,355,0,62
683,642,355,0,62
683,643,355,0,62
683,644,355,0,62
683,645,355,0,62
683,646,355,0,62
683,647,355,0,62
683,648,355,0,62
683,649,355,0,62
683,650,355,0,62
683,651,355,0,62
683,652,355,0,62
683,653,355,0,62
683,654,355,0,62
683,655,355,0,62
683,656,355,0,62
683,657,355,0,62
683,658,355,0,62
683,659,355,0,62
683,660,355,0,62
683,661,355,0,62
683,662,355,0,62
683,663,355,0,62
683,664,355,0,62
683,665,355,0,62
683,666,355,0,62
683,667,355,0,62
683,668,355,0,62
683,669,355,0,62
683,670,355,0,62
683,671,355,0,62
683,672,355,0,62
683,673,355,0,62
683,674,355,0,62
683,675,355,0,62
683,676,355,0,62
683,677,355,0,62
683,678,355,0,62
683,679,355,0,62
683,680,355,0,62
683,681,355,0,62
683,682,355,0,62
683,684,355,0,62
683,685,355,0,62
683,686,355,0,62
683,687,355,0,62
683,688,355,0,62
683,689,355,0,62
683,690,355,0,62
683,691,355,0,62
683,692,355,0,62
683,693,355,0,62
683,694,355,0,62
683,695,355,0,62
683,696,355,0,62
683,697,355,0,62
683,698,355,0,62
683,699,355,0,62
683,700,355,0,62
683,701,355,0,62
683,702,355,0,62
683,703,355,0,62
683,704,355,0,62
683,705,355,0,62
683,706,355,0,62
683,707,355,0,62
683,708,355,0,62
683,709,355,0,62
683,710,355,0,62
683,711,355,0,62
683,712,355,0,62
683,713,355,0,62
683,714,355,0,62
683,715,355,0,62
683,716,355,0,62
683,717,355,0,62
683,718,355,0,62
683,719,355,0,62
683,720,355,0,62
683,721,355,0,62
683,722,355,0,62
683,723,355,0,62
683,724,355,0,62
684,625,388,0,63
684,626,388,0,63
684,627,388,0,63
684,628,388,0,63
684,629,388,0,63
684,630,388,0,63
684,631,388,0,63
684,632,388,0,63
684,633,388,0,63
684,634,388,0,63
684,635,388,0,63
684,636,388,0,63
684,637,388,0,63
684,638,388,0,63
684,639,388,0,63
684,640,388,0,63
684,641,388,0,63
684,642,388,0,63
684,643,388,0,63
684,644,388,0,63
684,645,388,0,63
684,646,388,0,63
684,647,388,0,63
684,648,388,0,63
684,649,388,0,63
684,650,388,0,63
684,651,388,0,63
684,652,388,0,63
684,653,388,0,63
684,654,388,0,63
684,655,388,0,63
684,656,388,0,63
684,657,388,0,63
684,658,388,0,63
684,659,388,0,63
684,660,388,0,63
684,661,388,0,63
684,662,388,0,63
684,663,388,0,63
684,664,388,0,63
684,665,388,0,63
684,666,388,0,63
684,667,388,0,63
684,668,388,0,63
684,669,388,0,63
684,670,388,0,63
684,671,388,0,63
684,672,388,0,63
684,673,388,0,63
684,674,388,0,63
684,675,388,0,63
684,676,388,0,63
684,677,388,0,63
684,678,388,0,63
684,679,388,0,63
684,680,388,0,63
684,681,388,0,63
684,682,388,0,63
684,683,388,0,63
684,685,388,0,63
684,686,388,0,63
684,687,388,0,63
684,688,388,0,63
684,689,388,0,63
684,690,388,0,63
684,691,388,0,63
684,692,388,0,63
684,693,388,0,63
684,694,388,0,63
684,695,388,0,63
684,696,388,0,63
684,697,388,0,63
684,698,388,0,63
684,699,388,0,63
684,700,388,0,63
684,701,388,0,63
684,702,388,0,63
684,703,388,0,63
684,704,388,0,63
684,705,388,0,63
684,706,388,0,63
684,707,388,0,63
684,708,388,0,63
684,709,388,0,63
684,710,388,0,63
684,711,388,0,63
684,712,388,0,63
684,713,388,0,63
684,714,388,0,63
684,715,388,0,63
684,716,388,0,63
684,717,388,0,63
684,718,388,0,63
684,719,388,0,63
684,720,388,0,63
684,721,388,0,63
684,722,388,0,63
684,723,388,0,63
684,724,388,0,63
685,625,210,0,64
685,626,210,0,64
685,627,210,0,64
685,628,210,0,64
685,629,210,0,64
685,630,210,0,64
685,631,210,0,64
685,632,210,0,64
685,633,210,0,64
685,634,210,0,64
685,635,210,0,64
685,636,210,0,64
685,637,210,0,64
685,638,210,0,64
685,639,210,0,64
685,640,210,0,64
685,641,210,0,64
685,642,210,0,64
685,643,210,0,64
685,644,210,0,64
685,645,210,0,64
685,646,210,0,64
685,647,210,0,64
685,648,210,0,64
685,649,210,0,64
685,650,210,0,64
685,651,210,0,64
685,652,210,0,64
685,653,210,0,64
685,654,210,0,64
685,655,210,0,64
685,656,210,0,64
685,657,210,0,64
685,658,210,0,64
685,659,210,0,64
685,660,210,0,64
685,661,210,0,64
685,662,210,0,64
685,663,210,0,64
685,664,210,0,64
685,665,210,0,64
685,666,210,0,64
685,667,210,0,64
685,668,210,0,64
685,669,210,0,64
685,670,210,0,64
685,671,210,0,64
685,672,210,0,64
685,673,210,0,64
685,674,210,0,64
685,675,210,0,64
685,676,210,0,64
685,677,210,0,64
685,678,210,0,64
685,679,210,0,64
685,680,210,0,64
685,681,210,0,64
685,682,210,0,64
685,683,210,0,64
685,684,210,0,64
685,686,210,0,64
685,687,210,0,64
685,688,210,0,64
685,689,210,0,64
685,690,210,0,64
685,691,210,0,64
685,692,210,0,64
685,693,210,0,64
685,694,210,0,64
685,695,210,0,64
685,696,210,0,64
685,697,210,0,64
685,698,210,0,64
685,699,210,0,64
685,700,210,0,64
685,701,210,0,64
685,702,210,0,64
685,703,210,0,64
685,704,210,0,64
685,705,210,0,64
685,706,210,0,64
685,707,210,0,64
685,708,210,0,64
685,709,210,0,64
685,710,210,0,64
685,711,210,0,64
685,712,210,0,64
685,713,210,0,64
685,714,210,0,64
685,715,210,0,64
685,716,210,0,64
685,717,210,0,64
685,718,210,0,64
685,719,210,0,64
685,720,210,0,64
685,721,210,0,64
685,722,210,0,64
685,723,210,0,64
685,724,210,0,64
687,625,174,0,66
687,626,174,0,66
687,627,174,0,66
687,628,174,0,66
687,629,174,0,66
687,630,174,0,66
687,631,174,0,66
687,632,174,0,66
687,633,174,0,66
687,634,174,0,66
687,635,174,0,66
687,636,174,0,66
687,637,174,0,66
687,638,174,0,66
687,639,174,0,66
687,640,174,0,66
687,641,174,0,66
687,642,174,0,66
687,643,174,0,66
687,644,174,0,66
687,645,174,0,66
687,646,174,0,66
687,647,174,0,66
687,648,174,0,66
687,649,174,0,66
687,650,174,0,66
687,651,174,0,66
687,652,174,0,66
687,653,174,0,66
687,654,174,0,66
687,655,174,0,66
687,656,174,0,66
687,657,174,0,66
687,658,174,0,66
687,659,174,0,66
687,660,174,0,66
687,661,174,0,66
687,662,174,0,66
687,663,174,0,66
687,664,174,0,66
687,665,174,0,66
687,666,174,0,66
687,667,174,0,66
687,668,174,0,66
687,669,174,0,66
687,670,174,0,66
687,671,174,0,66
687,672,174,0,66
687,673,174,0,66
687,674,174,0,66
687,675,174,0,66
687,676,174,0,66
687,677,174,0,66
687,678,174,0,66
687,679,174,0,66
687,680,174,0,66
687,681,174,0,66
687,682,174,0,66
687,683,174,0,66
687,684,174,0,66
687,685,174,0,66
687,686,174,0,66
687,688,174,0,66
687,689,174,0,66
687,690,174,0,66
687,691,174,0,66
687,692,174,0,66
687,693,174,0,66
687,694,174,0,66
687,695,174,0,66
687,696,174,0,66
687,697,174,0,66
687,698,174,0,66
687,699,174,0,66
687,700,174,0,66
687,701,174,0,66
687,702,174,0,66
687,703,174,0,66
687,704,174,0,66
687,705,174,0,66
687,706,174,0,66
687,707,174,0,66
687,708,174,0,66
687,709,174,0,66
687,710,174,0,66
687,711,174,0,66
687,712,174,0,66
687,713,174,0,66
687,714,174,0,66
687,715,174,0,66
687,716,174,0,66
687,717,174,0,66
687,718,174,0,66
687,719,174,0,66
687,720,174,0,66
687,721,174,0,66
687,722,174,0,66
687,723,174,0,66
687,724,174,0,66
689,625,586,0,68
689,626,586,0,68
689,627,586,0,68
689,628,586,0,68
689,629,586,0,68
689,630,586,0,68
689,631,586,0,68
689,632,586,0,68
689,633,586,0,68
689,634,586,0,68
689,635,586,0,68
689,636,586,0,68
689,637,586,0,68
689,638,586,0,68
689,639,586,0,68
689,640,586,0,68
689,641,586,0,68
689,642,586,0,68
689,643,586,0,68
689,644,586,0,68
689,645,586,0,68
689,646,586,0,68
689,647,586,0,68
689,648,586,0,68
689,649,586,0,68
689,650,586,0,68
689,651,586,0,68
689,652,586,0,68
689,653,586,0,68
689,654,586,0,68
689,655,586,0,68
689,656,586,0,68
689,657,586,0,68
689,658,586,0,68
689,659,586,0,68
689,660,586,0,68
689,661,586,0,68
689,662,586,0,68
689,663,586,0,68
689,664,586,0,68
689,665,586,0,68
689,666,586,0,68
689,667,586,0,68
689,668,586,0,68
689,669,586,0,68
689,670,586,0,68
689,671,586,0,68
689,672,586,0,68
689,673,586,0,68
689,674,586,0,68
689,675,586,0,68
689,676,586,0,68
689,677,586,0,68
689,678,586,0,68
689,679,586,0,68
689,680,586,0,68
689,681,586,0,68
689,682,586,0,68
689,683,586,0,68
689,684,586,0,68
689,685,586,0,68
689,686,586,0,68
689,687,586,0,68
689,688,586,0,68
689,690,586,0,68
689,691,586,0,68
689,692,586,0,68
689,693,586,0,68
689,694,586,0,68
689,695,586,0,68
689,696,586,0,68
689,697,586,0,68
689,698,586,0,68
689,699,586,0,68
689,700,586,0,68
689,701,586,0,68
689,702,586,0,68
689,703,586,0,68
689,704,586,0,68
689,705,586,0,68
689,706,586,0,68
689,707,586,0,68
689,708,586,0,68
689,709,586,0,68
689,710,586,0,68
689,711,586,0,68
689,712,586,0,68
689,713,586,0,68
689,714,586,0,68
689,715,586,0,68
689,716,586,0,68
689,717,586,0,68
689,718,586,0,68
689,719,586,0,68
689,720,586,0,68
689,721,586,0,68
689,722,586,0,68
689,723,586,0,68
689,724,586,0,68
690,625,76,0,69
690,626,76,0,69
690,627,76,0,69
690,628,76,0,69
690,629,76,0,69
690,630,76,0,69
690,631,76,0,69
690,632,76,0,69
690,633,76,0,69
690,634,76,0,69
690,635,76,0,69
690,636,76,0,69
690,637,76,0,69
690,638,76,0,69
690,639,76,0,69
690,640,76,0,69
690,641,76,0,69
690,642,76,0,69
690,643,76,0,69
690,644,76,0,69
690,645,76,0,69
690,646,76,0,69
690,647,76,0,69
690,648,76,0,69
690,649,76,0,69
690,650,76,0,69
690,651,76,0,69
690,652,76,0,69
690,653,76,0,69
690,654,76,0,69
690,655,76,0,69
690,656,76,0,69
690,657,76,0,69
690,658,76,0,69
690,659,76,0,69
690,660,76,0,69
690,661,76,0,69
690,662,76,0,69
690,663,76,0,69
690,664,76,0,69
690,665,76,0,69
690,666,76,0,69
690,667,76,0,69
690,668,76,0,69
690,669,76,0,69
690,670,76,0,69
690,671,76,0,69
690,672,76,0,69
690,673,76,0,69
690,674,76,0,69
690,675,76,0,69
690,676,76,0,69
690,677,76,0,69
690,678,76,0,69
690,679,76,0,69
690,680,76,0,69
690,681,76,0,69
690,682,76,0,69
690,683,76,0,69
690,684,76,0,69
690,685,76,0,69
690,686,76,0,69
690,687,76,0,69
690,688,76,0,69
690,689,76,0,69
690,691,76,0,69
690,692,76,0,69
690,693,76,0,69
690,694,76,0,69
690,695,76,0,69
690,696,76,0,69
690,697,76,0,69
690,698,76,0,69
690,699,76,0,69
690,700,76,0,69
690,701,76,0,69
690,702,76,0,69
690,703,76,0,69
690,704,76,0,69
690,705,76,0,69
690,706,76,0,69
690,707,76,0,69
690,708,76,0,69
690,709,76,0,69
690,710,76,0,69
690,711,76,0,69
690,712,76,0,69
690,713,76,0,69
690,714,76,0,69
690,715,76,0,69
690,716,76,0,69
690,717,76,0,69
690,718,76,0,69
690,719,76,0,69
690,720,76,0,69
690,721,76,0,69
690,722,76,0,69
690,723,76,0,69
690,724,76,0,69
691,625,539,0,70
691,626,539,0,70
691,627,539,0,70
691,628,539,0,70
691,629,539,0,70
691,630,539,0,70
691,631,539,0,70
691,632,539,0,70
691,633,539,0,70
691,634,539,0,70
691,635,539,0,70
691,636,539,0,70
691,637,539,0,70
691,638,539,0,70
691,639,539,0,70
691,640,539,0,70
691,641,539,0,70
691,642,539,0,70
691,643,539,0,70
691,644,539,0,70
691,645,539,0,70
691,646,539,0,70
691,647,539,0,70
691,648,539,0,70
691,649,539,0,70
691,650,539,0,70
691,651,539,0,70
691,652,539,0,70
691,653,539,0,70
691,654,539,0,70
691,655,539,0,70
691,656,539,0,70
691,657,539,0,70
691,658,539,0,70
691,659,539,0,70
691,660,539,0,70
691,661,539,0,70
691,662,539,0,70
691,663,539,0,70
691,664,539,0,70
691,665,539,0,70
691,666,539,0,70
691,667,539,0,70
691,668,539,0,70
691,669,539,0,70
691,670,539,0,70
691,671,539,0,70
691,672,539,0,70
691,673,539,0,70
691,674,539,0,70
691,675,539,0,70
691,676,539,0,70
691,677,539,0,70
691,678,539,0,70
691,679,539,0,70
691,680,539,0,70
691,681,539,0,70
691,682,539,0,70
691,683,539,0,70
691,684,539,0,70
691,685,539,0,70
691,686,539,0,70
691,687,539,0,70
691,688,539,0,70
691,689,539,0,70
691,690,539,0,70
691,692,539,0,70
691,693,539,0,70
691,694,539,0,70
691,695,539,0,70
691,696,539,0,70
691,697,539,0,70
691,698,539,0,70
691,699,539,0,70
691,700,539,0,70
691,701,539,0,70
691,702,539,0,70
691,703,539,0,70
691,704,539,0,70
691,705,539,0,70
691,706,539,0,70
691,707,539,0,70
691,708,539,0,70
691,709,539,0,70
691,710,539,0,70
691,711,539,0,70
691,712,539,0,70
691,713,539,0,70
691,714,539,0,70
691,715,539,0,70
691,716,539,0,70
691,717,539,0,70
691,718,539,0,70
691,719,539,0,70
691,720,539,0,70
691,721,539,0,70
691,722,539,0,70
691,723,539,0,70
691,724,539,0,70
692,625,132,0,71
692,626,132,0,71
692,627,132,0,71
692,628,132,0,71
692,629,132,0,71
692,630,132,0,71
692,631,132,0,71
692,632,132,0,71
692,633,132,0,71
692,634,132,0,71
692,635,132,0,71
692,636,132,0,71
692,637,132,0,71
692,638,132,0,71
692,639,132,0,71
692,640,132,0,71
692,641,132,0,71
692,642,132,0,71
692,643,132,0,71
692,644,132,0,71
692,645,132,0,71
692,646,132,0,71
692,647,132,0,71
692,648,132,0,71
692,649,132,0,71
692,650,132,0,71
692,651,132,0,71
692,652,132,0,71
692,653,132,0,71
692,654,132,0,71
692,655,132,0,71
692,656,132,0,71
692,657,132,0,71
692,658,132,0,71
692,659,132,0,71
692,660,132,0,71
692,661,132,0,71
692,662,132,0,71
692,663,132,0,71
692,664,132,0,71
692,665,132,0,71
692,666,132,0,71
692,667,132,0,71
692,668,132,0,71
692,669,132,0,71
692,670,132,0,71
692,671,132,0,71
692,672,132,0,71
692,673,132,0,71
692,674,132,0,71
692,675,132,0,71
692,676,132,0,71
692,677,132,0,71
692,678,132,0,71
692,679,132,0,71
692,680,132,0,71
692,681,132,0,71
692,682,132,0,71
692,683,132,0,71
692,684,132,0,71
692,685,132,0,71
692,686,132,0,71
692,687,132,0,71
692,688,132,0,71
692,689,132,0,71
692,690,132,0,71
692,691,132,0,71
692,693,132,0,71
692,694,132,0,71
692,695,132,0,71
692,696,132,0,71
692,697,132,0,71
692,698,132,0,71
692,699,132,0,71
692,700,132,0,71
692,701,132,0,71
692,702,132,0,71
692,703,132,0,71
692,704,132,0,71
692,705,132,0,71
692,706,132,0,71
692,707,132,0,71
692,708,132,0,71
692,709,132,0,71
692,710,132,0,71
692,711,132,0,71
692,712,132,0,71
692,713,132,0,71
692,714,132,0,71
692,715,132,0,71
692,716,132,0,71
692,717,132,0,71
692,718,132,0,71
692,719,132,0,71
692,720,132,0,71
692,721,132,0,71
692,722,132,0,71
692,723,132,0,71
692,724,132,0,71
694,625,157,0,73
694,626,157,0,73
694,627,157,0,73
694,628,157,0,73
694,629,157,0,73
694,630,157,0,73
694,631,157,0,73
694,632,157,0,73
694,633,157,0,73
694,634,157,0,73
694,635,157,0,73
694,636,157,0,73
694,637,157,0,73
694,638,157,0,73
694,639,157,0,73
694,640,157,0,73
694,641,157,0,73
694,642,157,0,73
694,643,157,0,73
694,644,157,0,73
694,645,157,0,73
694,646,157,0,73
694,647,157,0,73
694,648,157,0,73
694,649,157,0,73
694,650,157,0,73
694,651,157,0,73
694,652,157,0,73
694,653,157,0,73
694,654,157,0,73
694,655,157,0,73
694,656,157,0,73
694,657,157,0,73
694,658,157,0,73
694,659,157,0,73
694,660,157,0,73
694,661,157,0,73
694,662,157,0,73
694,663,157,0,73
694,664,157,0,73
694,665,157,0,73
694,666,157,0,73
694,667,157,0,73
694,668,157,0,73
694,669,157,0,73
694,670,157,0,73
694,671,157,0,73
694,672,157,0,73
694,673,157,0,73
694,674,157,0,73
694,675,157,0,73
694,676,157,0,73
694,677,157,0,73
694,678,157,0,73
694,679,157,0,73
694,680,157,0,73
694,681,157,0,73
694,682,157,0,73
694,683,157,0,73
694,684,157,0,73
694,685,157,0,73
694,686,157,0,73
694,687,157,0,73
694,688,157,0,73
694,689,157,0,73
694,690,157,0,73
694,691,157,0,73
694,692,157,0,73
694,693,157,0,73
694,695,157,0,73
694,696,157,0,73
694,697,157,0,73
694,698,157,0,73
694,699,157,0,73
694,700,157,0,73
694,701,157,0,73
694,702,157,0,73
694,703,157,0,73
694,704,157,0,73
694,705,157,0,73
694,706,157,0,73
694,707,157,0,73
694,708,157,0,73
694,709,157,0,73
694,710,157,0,73
694,711,157,0,73
694,712,157,0,73
694,713,157,0,73
694,714,157,0,73
694,715,157,0,73
694,716,157,0,73
694,717,157,0,73
694,718,157,0,73
694,719,157,0,73
694,720,157,0,73
694,721,157,0,73
694,722,157,0,73
694,723,157,0,73
694,724,157,0,73
696,625,605,0,75
696,626,605,0,75
696,627,605,0,75
696,628,605,0,75
696,629,605,0,75
696,630,605,0,75
696,631,605,0,75
696,632,605,0,75
696,633,605,0,75
696,634,605,0,75
696,635,605,0,75
696,636,605,0,75
696,637,605,0,75
696,638,605,0,75
696,639,605,0,75
696,640,605,0,75
696,641,605,0,75
696,642,605,0,75
696,643,605,0,75
696,644,605,0,75
696,645,605,0,75
696,646,605,0,75
696,647,605,0,75
696,648,605,0,75
696,649,605,0,75
696,650,605,0,75
696,651,605,0,75
696,652,605,0,75
696,653,605,0,75
696,654,605,0,75
696,655,605,0,75
696,656,605,0,75
696,657,605,0,75
696,658,605,0,75
696,659,605,0,75
696,660,605,0,75
696,661,605,0,75
696,662,605,0,75
696,663,605,0,75
696,664,605,0,75
696,665,605,0,75
696,666,605,0,75
696,667,605,0,75
696,668,605,0,75
696,669,605,0,75
696,670,605,0,75
696,671,605,0,75
696,672,605,0,75
696,673,605,0,75
696,674,605,0,75
696,675,605,0,75
696,676,605,0,75
696,677,605,0,75
696,678,605,0,75
696,679,605,0,75
696,680,605,0,75
696,681,605,0,75
696,682,605,0,75
696,683,605,0,75
696,684,605,0,75
696,685,605,0,75
696,686,605,0,75
696,687,605,0,75
696,688,605,0,75
696,689,605,0,75
696,690,605,0,75
696,691,605,0,75
696,692,605,0,75
696,693,605,0,75
696,694,605,0,75
696,695,605,0,75
696,697,605,0,75
696,698,605,0,75
696,699,605,0,75
696,700,605,0,75
696,701,605,0,75
696,702,605,0,75
696,703,605,0,75
696,704,605,0,75
696,705,605,0,75
696,706,605,0,75
696,707,605,0,75
696,708,605,0,75
696,709,605,0,75
696,710,605,0,75
696,711,605,0,75
696,712,605,0,75
696,713,605,0,75
696,714,605,0,75
696,715,605,0,75
696,716,605,0,75
696,717,605,0,75
696,718,605,0,75
696,719,605,0,75
696,720,605,0,75
696,721,605,0,75
696,722,605,0,75
696,723,605,0,75
696,724,605,0,75
697,625,331,0,76
697,626,331,0,76
697,627,331,0,76
697,628,331,0,76
697,629,331,0,76
697,630,331,0,76
697,631,331,0,76
697,632,331,0,76
697,633,331,0,76
697,634,331,0,76
697,635,331,0,76
697,636,331,0,76
697,637,331,0,76
697,638,331,0,76
697,639,331,0,76
697,640,331,0,76
697,641,331,0,76
697,642,331,0,76
697,643,331,0,76
697,644,331,0,76
697,645,331,0,76
697,646,331,0,76
697,647,331,0,76
697,648,331,0,76
697,649,331,0,76
697,650,331,0,76
697,651,331,0,76
697,652,331,0,76
697,653,331,0,76
697,654,331,0,76
697,655,331,0,76
697,656,331,0,76
697,657,331,0,76
697,658,331,0,76
697,659,331,0,76
697,660,331,0,76
697,661,331,0,76
697,662,331,0,76
697,663,331,0,76
697,664,331,0,76
697,665,331,0,76
697,666,331,0,76
697,667,331,0,76
697,668,331,0,76
697,669,331,0,76
697,670,331,0,76
697,671,331,0,76
697,672,331,0,76
697,673,331,0,76
697,674,331,0,76
697,675,331,0,76
697,676,331,0,76
697,677,331,0,76
697,678,331,0,76
697,679,331,0,76
697,680,331,0,76
697,681,331,0,76
697,682,331,0,76
697,683,331,0,76
697,684,331,0,76
697,685,331,0,76
697,686,331,0,76
697,687,331,0,76
697,688,331,0,76
697,689,331,0,76
697,690,331,0,76
697,691,331,0,76
697,692,331,0,76
697,693,331,0,76
697,694,331,0,76
697,695,331,0,76
697,696,331,0,76
697,698,331,0,76
697,699,331,0,76
697,700,331,0,76
697,701,331,0,76
697,702,331,0,76
697,703,331,0,76
697,704,331,0,76
697,705,331,0,76
697,706,331,0,76
697,707,331,0,76
697,708,331,0,76
697,709,331,0,76
697,710,331,0,76
697,711,331,0,76
697,712,331,0,76
697,713,331,0,76
697,714,331,0,76
697,715,331,0,76
697,716,331,0,76
697,717,331,0,76
697,718,331,0,76
697,719,331,0,76
697,720,331,0,76
697,721,331,0,76
697,722,331,0,76
697,723,331,0,76
697,724,331,0,76
700,625,29,0,79
700,626,29,0,79
700,627,29,0,79
700,628,29,0,79
700,629,29,0,79
700,630,29,0,79
700,631,29,0,79
700,632,29,0,79
700,633,29,0,79
700,634,29,0,79
700,635,29,0,79
700,636,29,0,79
700,637,29,0,79
700,638,29,0,79
700,639,29,0,79
700,640,29,0,79
700,641,29,0,79
700,642,29,0,79
700,643,29,0,79
700,644,29,0,79
700,645,29,0,79
700,646,29,0,79
700,647,29,0,79
700,648,29,0,79
700,649,29,0,79
700,650,29,0,79
700,651,29,0,79
700,652,29,0,79
700,653,29,0,79
700,654,29,0,79
700,655,29,0,79
700,656,29,0,79
700,657,29,0,79
700,658,29,0,79
700,659,29,0,79
700,660,29,0,79
700,661,29,0,79
700,662,29,0,79
700,663,29,0,79
700,664,29,0,79
700,665,29,0,79
700,666,29,0,79
700,667,29,0,79
700,668,29,0,79
700,669,29,0,79
700,670,29,0,79
700,671,29,0,79
700,672,29,0,79
700,673,29,0,79
700,674,29,0,79
700,675,29,0,79
700,676,29,0,79
700,677,29,0,79
700,678,29,0,79
700,679,29,0,79
700,680,29,0,79
700,681,29,0,79
700,682,29,0,79
700,683,29,0,79
700,684,29,0,79
700,685,29,0,79
700,686,29,0,79
700,687,29,0,79
700,688,29,0,79
700,689,29,0,79
700,690,29,0,79
700,691,29,0,79
700,692,29,0,79
700,693,29,0,79
700,694,29,0,79
700,695,29,0,79
700,696,29,0,79
700,697,29,0,79
700,698,29,0,79
700,699,29,0,79
700,701,29,0,79
700,702,29,0,79
700,703,29,0,79
700,704,29,0,79
700,705,29,0,79
700,706,29,0,79
700,707,29,0,79
700,708,29,0,79
700,709,29,0,79
700,710,29,0,79
700,711,29,0,79
700,712,29,0,79
700,713,29,0,79
700,714,29,0,79
700,715,29,0,79
700,716,29,0,79
700,717,29,0,79
700,718,29,0,79
700,719,29,0,79
700,720,29,0,79
700,721,29,0,79
700,722,29,0,79
700,723,29,0,79
700,724,29,0,79
701,625,34,0,80
701,626,34,0,80
701,627,34,0,80
701,628,34,0,80
701,629,34,0,80
701,630,34,0,80
701,631,34,0,80
701,632,34,0,80
701,633,34,0,80
701,634,34,0,80
701,635,34,0,80
701,636,34,0,80
701,637,34,0,80
701,638,34,0,80
701,639,34,0,80
701,640,34,0,80
701,641,34,0,80
701,642,34,0,80
701,643,34,0,80
701,644,34,0,80
701,645,34,0,80
701,646,34,0,80
701,647,34,0,80
701,648,34,0,80
701,649,34,0,80
701,650,34,0,80
701,651,34,0,80
701,652,34,0,80
701,653,34,0,80
701,654,34,0,80
701,655,34,0,80
701,656,34,0,80
701,657,34,0,80
701,658,34,0,80
701,659,34,0,80
701,660,34,0,80
701,661,34,0,80
701,662,34,0,80
701,663,34,0,80
701,664,34,0,80
701,665,34,0,80
701,666,34,0,80
701,667,34,0,80
701,668,34,0,80
701,669,34,0,80
701,670,34,0,80
701,671,34,0,80
701,672,34,0,80
701,673,34,0,80
701,674,34,0,80
701,675,34,0,80
701,676,34,0,80
701,677,34,0,80
701,678,34,0,80
701,679,34,0,80
701,680,34,0,80
701,681,34,0,80
701,682,34,0,80
701,683,34,0,80
701,684,34,0,80
701,685,34,0,80
701,686,34,0,80
701,687,34,0,80
701,688,34,0,80
701,689,34,0,80
701,690,34,0,80
701,691,34,0,80
701,692,34,0,80
701,693,34,0,80
701,694,34,0,80
701,695,34,0,80
701,696,34,0,80
701,697,34,0,80
701,698,34,0,80
701,699,34,0,80
701,700,34,0,80
701,702,34,0,80
701,703,34,0,80
701,704,34,0,80
701,705,34,0,80
701,706,34,0,80
701,707,34,0,80
701,708,34,0,80
701,709,34,0,80
701,710,34,0,80
701,711,34,0,80
701,712,34,0,80
701,713,34,0,80
701,714,34,0,80
701,715,34,0,80
701,716,34,0,80
701,717,34,0,80
701,718,34,0,80
701,719,34,0,80
701,720,34,0,80
701,721,34,0,80
701,722,34,0,80
701,723,34,0,80
701,724,34,0,80
702,625,206,0,81
702,626,206,0,81
702,627,206,0,81
702,628,206,0,81
702,629,206,0,81
702,630,206,0,81
702,631,206,0,81
702,632,206,0,81
702,633,206,0,81
702,634,206,0,81
702,635,206,0,81
702,636,206,0,81
702,637,206,0,81
702,638,206,0,81
702,639,206,0,81
702,640,206,0,81
702,641,206,0,81
702,642,206,0,81
702,643,206,0,81
702,644,206,0,81
702,645,206,0,81
702,646,206,0,81
702,647,206,0,81
702,648,206,0,81
702,649,206,0,81
702,650,206,0,81
702,651,206,0,81
702,652,206,0,81
702,653,206,0,81
702,654,206,0,81
702,655,206,0,81
702,656,206,0,81
702,657,206,0,81
702,658,206,0,81
702,659,206,0,81
702,660,206,0,81
702,661,206,0,81
702,662,206,0,81
702,663,206,0,81
702,664,206,0,81
702,665,206,0,81
702,666,206,0,81
702,667,206,0,81
702,668,206,0,81
702,669,206,0,81
702,670,206,0,81
702,671,206,0,81
702,672,206,0,81
702,673,206,0,81
702,674,206,0,81
702,675,206,0,81
702,676,206,0,81
702,677,206,0,81
702,678,206,0,81
702,679,206,0,81
702,680,206,0,81
702,681,206,0,81
702,682,206,0,81
702,683,206,0,81
702,684,206,0,81
702,685,206,0,81
702,686,206,0,81
702,687,206,0,81
702,688,206,0,81
702,689,206,0,81
702,690,206,0,81
702,691,206,0,81
702,692,206,0,81
702,693,206,0,81
702,694,206,0,81
702,695,206,0,81
702,696,206,0,81
702,697,206,0,81
702,698,206,0,81
702,699,206,0,81
702,700,206,0,81
702,701,206,0,81
702,703,206,0,81
702,704,206,0,81
702,705,206,0,81
702,706,206,0,81
702,707,206,0,81
702,708,206,0,81
702,709,206,0,81
702,710,206,0,81
702,711,206,0,81
702,712,206,0,81
702,713,206,0,81
702,714,206,0,81
702,715,206,0,81
702,716,206,0,81
702,717,206,0,81
702,718,206,0,81
702,719,206,0,81
702,720,206,0,81
702,721,206,0,81
702,722,206,0,81
702,723,206,0,81
702,724,206,0,81
704,625,137,0,83
704,626,137,0,83
704,627,137,0,83
704,628,137,0,83
704,629,137,0,83
704,630,137,0,83
704,631,137,0,83
704,632,137,0,83
704,633,137,0,83
704,634,137,0,83
704,635,137,0,83
704,636,137,0,83
704,637,137,0,83
704,638,137,0,83
704,639,137,0,83
704,640,137,0,83
704,641,137,0,83
704,642,137,0,83
704,643,137,0,83
704,644,137,0,83
704,645,137,0,83
704,646,137,0,83
704,647,137,0,83
704,648,137,0,83
704,649,137,0,83
704,650,137,0,83
704,651,137,0,83
704,652,137,0,83
704,653,137,0,83
704,654,137,0,83
704,655,137,0,83
704,656,137,0,83
704,657,137,0,83
704,658,137,0,83
704,659,137,0,83
704,660,137,0,83
704,661,137,0,83
704,662,137,0,83
704,663,137,0,83
704,664,137,0,83
704,665,137,0,83
704,666,137,0,83
704,667,137,0,83
704,668,137,0,83
704,669,137,0,83
704,670,137,0,83
704,671,137,0,83
704,672,137,0,83
704,673,137,0,83
704,674,137,0,83
704,675,137,0,83
704,676,137,0,83
704,677,137,0,83
704,678,137,0,83
704,679,137,0,83
704,680,137,0,83
704,681,137,0,83
704,682,137,0,83
704,683,137,0,83
704,684,137,0,83
704,685,137,0,83
704,686,137,0,83
704,687,137,0,83
704,688,137,0,83
704,689,137,0,83
704,690,137,0,83
704,691,137,0,83
704,692,137,0,83
704,693,137,0,83
704,694,137,0,83
704,695,137,0,83
704,696,137,0,83
704,697,137,0,83
704,698,137,0,83
704,699,137,0,83
704,700,137,0,83
704,701,137,0,83
704,702,137,0,83
704,703,137,0,83
704,705,137,0,83
704,706,137,0,83
704,707,137,0,83
704,708,137,0,83
704,709,137,0,83
704,710,137,0,83
704,711,137,0,83
704,712,137,0,83
704,713,137,0,83
704,714,137,0,83
704,715,137,0,83
704,716,137,0,83
704,717,137,0,83
704,718,137,0,83
704,719,137,0,83
704,720,137,0,83
704,721,137,0,83
704,722,137,0,83
704,723,137,0,83
704,724,137,0,83
705,625,205,0,84
705,626,205,0,84
705,627,205,0,84
705,628,205,0,84
705,629,205,0,84
705,630,205,0,84
705,631,205,0,84
705,632,205,0,84
705,633,205,0,84
705,634,205,0,84
705,635,205,0,84
705,636,205,0,84
705,637,205,0,84
705,638,205,0,84
705,639,205,0,84
705,640,205,0,84
705,641,205,0,84
705,642,205,0,84
705,643,205,0,84
705,644,205,0,84
705,645,205,0,84
705,646,205,0,84
705,647,205,0,84
705,648,205,0,84
705,649,205,0,84
705,650,205,0,84
705,651,205,0,84
705,652,205,0,84
705,653,205,0,84
705,654,205,0,84
705,655,205,0,84
705,656,205,0,84
705,657,205,0,84
705,658,205,0,84
705,659,205,0,84
705,660,205,0,84
705,661,205,0,84
705,662,205,0,84
705,663,205,0,84
705,664,205,0,84
705,665,205,0,84
705,666,205,0,84
705,667,205,0,84
705,668,205,0,84
705,669,205,0,84
705,670,205,0,84
705,671,205,0,84
705,672,205,0,84
705,673,205,0,84
705,674,205,0,84
705,675,205,0,84
705,676,205,0,84
705,677,205,0,84
705,678,205,0,84
705,679,205,0,84
705,680,205,0,84
705,681,205,0,84
705,682,205,0,84
705,683,205,0,84
705,684,205,0,84
705,685,205,0,84
705,686,205,0,84
705,687,205,0,84
705,688,205,0,84
705,689,205,0,84
705,690,205,0,84
705,691,205,0,84
705,692,205,0,84
705,693,205,0,84
705,694,205,0,84
705,695,205,0,84
705,696,205,0,84
705,697,205,0,84
705,698,205,0,84
705,699,205,0,84
705,700,205,0,84
705,701,205,0,84
705,702,205,0,84
705,703,205,0,84
705,704,205,0,84
705,706,205,0,84
705,707,205,0,84
705,708,205,0,84
705,709,205,0,84
705,710,205,0,84
705,711,205,0,84
705,712,205,0,84
705,713,205,0,84
705,714,205,0,84
705,715,205,0,84
705,716,205,0,84
705,717,205,0,84
705,718,205,0,84
705,719,205,0,84
705,720,205,0,84
705,721,205,0,84
705,722,205,0,84
705,723,205,0,84
705,724,205,0,84
709,625,330,0,88
709,626,330,0,88
709,627,330,0,88
709,628,330,0,88
709,629,330,0,88
709,630,330,0,88
709,631,330,0,88
709,632,330,0,88
709,633,330,0,88
709,634,330,0,88
709,635,330,0,88
709,636,330,0,88
709,637,330,0,88
709,638,330,0,88
709,639,330,0,88
709,640,330,0,88
709,641,330,0,88
709,642,330,0,88
709,643,330,0,88
709,644,330,0,88
709,645,330,0,88
709,646,330,0,88
709,647,330,0,88
709,648,330,0,88
709,649,330,0,88
709,650,330,0,88
709,651,330,0,88
709,652,330,0,88
709,653,330,0,88
709,654,330,0,88
709,655,330,0,88
709,656,330,0,88
709,657,330,0,88
709,658,330,0,88
709,659,330,0,88
709,660,330,0,88
709,661,330,0,88
709,662,330,0,88
709,663,330,0,88
709,664,330,0,88
709,665,330,0,88
709,666,330,0,88
709,667,330,0,88
709,668,330,0,88
709,669,330,0,88
709,670,330,0,88
709,671,330,0,88
709,672,330,0,88
709,673,330,0,88
709,674,330,0,88
709,675,330,0,88
709,676,330,0,88
709,677,330,0,88
709,678,330,0,88
709,679,330,0,88
709,680,330,0,88
709,681,330,0,88
709,682,330,0,88
709,683,330,0,88
709,684,330,0,88
709,685,330,0,88
709,686,330,0,88
709,687,330,0,88
709,688,330,0,88
709,689,330,0,88
709,690,330,0,88
709,691,330,0,88
709,692,330,0,88
709,693,330,0,88
709,694,330,0,88
709,695,330,0,88
709,696,330,0,88
709,697,330,0,88
709,698,330,0,88
709,699,330,0,88
709,700,330,0,88
709,701,330,0,88
709,702,330,0,88
709,703,330,0,88
709,704,330,0,88
709,705,330,0,88
709,706,330,0,88
709,707,330,0,88
709,708,330,0,88
709,710,330,0,88
709,711,330,0,88
709,712,330,0,88
709,713,330,0,88
709,714,330,0,88
709,715,330,0,88
709,716,330,0,88
709,717,330,0,88
709,718,330,0,88
709,719,330,0,88
709,720,330,0,88
709,721,330,0,88
709,722,330,0,88
709,723,330,0,88
709,724,330,0,88
711,625,77,0,90
711,626,77,0,90
711,627,77,0,90
711,628,77,0,90
711,629,77,0,90
711,630,77,0,90
711,631,77,0,90
711,632,77,0,90
711,633,77,0,90
711,634,77,0,90
711,635,77,0,90
711,636,77,0,90
711,637,77,0,90
711,638,77,0,90
711,639,77,0,90
711,640,77,0,90
711,641,77,0,90
711,642,77,0,90
711,643,77,0,90
711,644,77,0,90
711,645,77,0,90
711,646,77,0,90
711,647,77,0,90
711,648,77,0,90
711,649,77,0,90
711,650,77,0,90
711,651,77,0,90
711,652,77,0,90
711,653,77,0,90
711,654,77,0,90
711,655,77,0,90
711,656,77,0,90
711,657,77,0,90
711,658,77,0,90
711,659,77,0,90
711,660,77,0,90
711,661,77,0,90
711,662,77,0,90
711,663,77,0,90
711,664,77,0,90
711,665,77,0,90
711,666,77,0,90
711,667,77,0,90
711,668,77,0,90
711,669,77,0,90
711,670,77,0,90
711,671,77,0,90
711,672,77,0,90
711,673,77,0,90
711,674,77,0,90
711,675,77,0,90
711,676,77,0,90
711,677,77,0,90
711,678,77,0,90
711,679,77,0,90
711,680,77,0,90
711,681,77,0,90
711,682,77,0,90
711,683,77,0,90
711,684,77,0,90
711,685,77,0,90
711,686,77,0,90
711,687,77,0,90
711,688,77,0,90
711,689,77,0,90
711,690,77,0,90
711,691,77,0,90
711,692,77,0,90
711,693,77,0,90
711,694,77,0,90
711,695,77,0,90
711,696,77,0,90
711,697,77,0,90
711,698,77,0,90
711,699,77,0,90
711,700,77,0,90
711,701,77,0,90
711,702,77,0,90
711,703,77,0,90
711,704,77,0,90
711,705,77,0,90
711,706,77,0,90
711,707,77,0,90
711,708,77,0,90
711,709,77,0,90
711,710,77,0,90
711,712,77,0,90
711,713,77,0,90
711,714,77,0,90
711,715,77,0,90
711,716,77,0,90
711,717,77,0,90
711,718,77,0,90
711,719,77,0,90
711,720,77,0,90
711,721,77,0,90
711,722,77,0,90
711,723,77,0,90
711,724,77,0,90
712,625,109,0,91
712,626,109,0,91
712,627,109,0,91
712,628,109,0,91
712,629,109,0,91
712,630,109,0,91
712,631,109,0,91
712,632,109,0,91
712,633,109,0,91
712,634,109,0,91
712,635,109,0,91
712,636,109,0,91
712,637,109,0,91
712,638,109,0,91
712,639,109,0,91
712,640,109,0,91
712,641,109,0,91
712,642,109,0,91
712,643,109,0,91
712,644,109,0,91
712,645,109,0,91
712,646,109,0,91
712,647,109,0,91
712,648,109,0,91
712,649,109,0,91
712,650,109,0,91
712,651,109,0,91
712,652,109,0,91
712,653,109,0,91
712,654,109,0,91
712,655,109,0,91
712,656,109,0,91
712,657,109,0,91
712,658,109,0,91
712,659,109,0,91
712,660,109,0,91
712,661,109,0,91
712,662,109,0,91
712,663,109,0,91
712,664,109,0,91
712,665,109,0,91
712,666,109,0,91
712,667,109,0,91
712,668,109,0,91
712,669,109,0,91
712,670,109,0,91
712,671,109,0,91
712,672,109,0,91
712,673,109,0,91
712,674,109,0,91
712,675,109,0,91
712,676,109,0,91
712,677,109,0,91
712,678,109,0,91
712,679,109,0,91
712,680,109,0,91
712,681,109,0,91
712,682,109,0,91
712,683,109,0,91
712,684,109,0,91
712,685,109,0,91
712,686,109,0,91
712,687,109,0,91
712,688,109,0,91
712,689,109,0,91
712,690,109,0,91
712,691,109,0,91
712,692,109,0,91
712,693,109,0,91
712,694,109,0,91
712,695,109,0,91
712,696,109,0,91
712,697,109,0,91
712,698,109,0,91
712,699,109,0,91
712,700,109,0,91
712,701,109,0,91
712,702,109,0,91
712,703,109,0,91
712,704,109,0,91
712,705,109,0,91
712,706,109,0,91
712,707,109,0,91
712,708,109,0,91
712,709,109,0,91
712,710,109,0,91
712,711,109,0,91
712,713,109,0,91
712,714,109,0,91
712,715,109,0,91
712,716,109,0,91
712,717,109,0,91
712,718,109,0,91
712,719,109,0,91
712,720,109,0,91
712,721,109,0,91
712,722,109,0,91
712,723,109,0,91
712,724,109,0,91
715,625,329,0,94
715,626,329,0,94
715,627,329,0,94
715,628,329,0,94
715,629,329,0,94
715,630,329,0,94
715,631,329,0,94
715,632,329,0,94
715,633,329,0,94
715,634,329,0,94
715,635,329,0,94
715,636,329,0,94
715,637,329,0,94
715,638,329,0,94
715,639,329,0,94
715,640,329,0,94
715,641,329,0,94
715,642,329,0,94
715,643,329,0,94
715,644,329,0,94
715,645,329,0,94
715,646,329,0,94
715,647,329,0,94
715,648,329,0,94
715,649,329,0,94
715,650,329,0,94
715,651,329,0,94
715,652,329,0,94
715,653,329,0,94
715,654,329,0,94
715,655,329,0,94
715,656,329,0,94
715,657,329,0,94
715,658,329,0,94
715,659,329,0,94
715,660,329,0,94
715,661,329,0,94
715,662,329,0,94
715,663,329,0,94
715,664,329,0,94
715,665,329,0,94
715,666,329,0,94
715,667,329,0,94
715,668,329,0,94
715,669,329,0,94
715,670,329,0,94
715,671,329,0,94
715,672,329,0,94
715,673,329,0,94
715,674,329,0,94
715,675,329,0,94
715,676,329,0,94
715,677,329,0,94
715,678,329,0,94
715,679,329,0,94
715,680,329,0,94
715,681,329,0,94
715,682,329,0,94
715,683,329,0,94
715,684,329,0,94
715,685,329,0,94
715,686,329,0,94
715,687,329,0,94
715,688,329,0,94
715,689,329,0,94
715,690,329,0,94
715,691,329,0,94
715,692,329,0,94
715,693,329,0,94
715,694,329,0,94
715,695,329,0,94
715,696,329,0,94
715,697,329,0,94
715,698,329,0,94
715,699,329,0,94
715,700,329,0,94
715,701,329,0,94
715,702,329,0,94
715,703,329,0,94
715,704,329,0,94
715,705,329,0,94
715,706,329,0,94
715,707,329,0,94
715,708,329,0,94
715,709,329,0,94
715,710,329,0,94
715,711,329,0,94
715,712,329,0,94
715,713,329,0,94
715,714,329,0,94
715,716,329,0,94
715,717,329,0,94
715,718,329,0,94
715,719,329,0,94
715,720,329,0,94
715,721,329,0,94
715,722,329,0,94
715,723,329,0,94
715,724,329,0,94
716,625,208,0,95
716,626,208,0,95
716,627,208,0,95
716,628,208,0,95
716,629,208,0,95
716,630,208,0,95
716,631,208,0,95
716,632,208,0,95
716,633,208,0,95
716,634,208,0,95
716,635,208,0,95
716,636,208,0,95
716,637,208,0,95
716,638,208,0,95
716,639,208,0,95
716,640,208,0,95
716,641,208,0,95
716,642,208,0,95
716,643,208,0,95
716,644,208,0,95
716,645,208,0,95
716,646,208,0,95
716,647,208,0,95
716,648,208,0,95
716,649,208,0,95
716,650,208,0,95
716,651,208,0,95
716,652,208,0,95
716,653,208,0,95
716,654,208,0,95
716,655,208,0,95
716,656,208,0,95
716,657,208,0,95
716,658,208,0,95
716,659,208,0,95
716,660,208,0,95
716,661,208,0,95
716,662,208,0,95
716,663,208,0,95
716,664,208,0,95
716,665,208,0,95
716,666,208,0,95
716,667,208,0,95
716,668,208,0,95
716,669,208,0,95
716,670,208,0,95
716,671,208,0,95
716,672,208,0,95
716,673,208,0,95
716,674,208,0,95
716,675,208,0,95
716,676,208,0,95
716,677,208,0,95
716,678,208,0,95
716,679,208,0,95
716,680,208,0,95
716,681,208,0,95
716,682,208,0,95
716,683,208,0,95
716,684,208,0,95
716,685,208,0,95
716,686,208,0,95
716,687,208,0,95
716,688,208,0,95
716,689,208,0,95
716,690,208,0,95
716,691,208,0,95
716,692,208,0,95
716,693,208,0,95
716,694,208,0,95
716,695,208,0,95
716,696,208,0,95
716,697,208,0,95
716,698,208,0,95
716,699,208,0,95
716,700,208,0,95
716,701,208,0,95
716,702,208,0,95
716,703,208,0,95
716,704,208,0,95
716,705,208,0,95
716,706,208,0,95
716,707,208,0,95
716,708,208,0,95
716,709,208,0,95
716,710,208,0,95
716,711,208,0,95
716,712,208,0,95
716,713,208,0,95
716,714,208,0,95
716,715,208,0,95
716,717,208,0,95
716,718,208,0,95
716,719,208,0,95
716,720,208,0,95
716,721,208,0,95
716,722,208,0,95
716,723,208,0,95
716,724,208,0,95
717,625,37,0,96
717,626,37,0,96
717,627,37,0,96
717,628,37,0,96
717,629,37,0,96
717,630,37,0,96
717,631,37,0,96
717,632,37,0,96
717,633,37,0,96
717,634,37,0,96
717,635,37,0,96
717,636,37,0,96
717,637,37,0,96
717,638,37,0,96
717,639,37,0,96
717,640,37,0,96
717,641,37,0,96
717,642,37,0,96
717,643,37,0,96
717,644,37,0,96
717,645,37,0,96
717,646,37,0,96
717,647,37,0,96
717,648,37,0,96
717,649,37,0,96
717,650,37,0,96
717,651,37,0,96
717,652,37,0,96
717,653,37,0,96
717,654,37,0,96
717,655,37,0,96
717,656,37,0,96
717,657,37,0,96
717,658,37,0,96
717,659,37,0,96
717,660,37,0,96
717,661,37,0,96
717,662,37,0,96
717,663,37,0,96
717,664,37,0,96
717,665,37,0,96
717,666,37,0,96
717,667,37,0,96
717,668,37,0,96
717,669,37,0,96
717,670,37,0,96
717,671,37,0,96
717,672,37,0,96
717,673,37,0,96
717,674,37,0,96
717,675,37,0,96
717,676,37,0,96
717,677,37,0,96
717,678,37,0,96
717,679,37,0,96
717,680,37,0,96
717,681,37,0,96
717,682,37,0,96
717,683,37,0,96
717,684,37,0,96
717,685,37,0,96
717,686,37,0,96
717,687,37,0,96
717,688,37,0,96
717,689,37,0,96
717,690,37,0,96
717,691,37,0,96
717,692,37,0,96
717,693,37,0,96
717,694,37,0,96
717,695,37,0,96
717,696,37,0,96
717,697,37,0,96
717,698,37,0,96
717,699,37,0,96
717,700,37,0,96
717,701,37,0,96
717,702,37,0,96
717,703,37,0,96
717,704,37,0,96
717,705,37,0,96
717,706,37,0,96
717,707,37,0,96
717,708,37,0,96
717,709,37,0,96
717,710,37,0,96
717,711,37,0,96
717,712,37,0,96
717,713,37,0,96
717,714,37,0,96
717,715,37,0,96
717,716,37,0,96
717,718,37,0,96
717,719,37,0,96
717,720,37,0,96
717,721,37,0,96
717,722,37,0,96
717,723,37,0,96
717,724,37,0,96
719,625,253,0,98
719,626,253,0,98
719,627,253,0,98
719,628,253,0,98
719,629,253,0,98
719,630,253,0,98
719,631,253,0,98
719,632,253,0,98
719,633,253,0,98
719,634,253,0,98
719,635,253,0,98
719,636,253,0,98
719,637,253,0,98
719,638,253,0,98
719,639,253,0,98
719,640,253,0,98
719,641,253,0,98
719,642,253,0,98
719,643,253,0,98
719,644,253,0,98
719,645,253,0,98
719,646,253,0,98
719,647,253,0,98
719,648,253,0,98
719,649,253,0,98
719,650,253,0,98
719,651,253,0,98
719,652,253,0,98
719,653,253,0,98
719,654,253,0,98
719,655,253,0,98
719,656,253,0,98
719,657,253,0,98
719,658,253,0,98
719,659,253,0,98
719,660,253,0,98
719,661,253,0,98
719,662,253,0,98
719,663,253,0,98
719,664,253,0,98
719,665,253,0,98
719,666,253,0,98
719,667,253,0,98
719,668,253,0,98
719,669,253,0,98
719,670,253,0,98
719,671,253,0,98
719,672,253,0,98
719,673,253,0,98
719,674,253,0,98
719,675,253,0,98
719,676,253,0,98
719,677,253,0,98
719,678,253,0,98
719,679,253,0,98
719,680,253,0,98
719,681,253,0,98
719,682,253,0,98
719,683,253,0,98
719,684,253,0,98
719,685,253,0,98
719,686,253,0,98
719,687,253,0,98
719,688,253,0,98
719,689,253,0,98
719,690,253,0,98
719,691,253,0,98
719,692,253,0,98
719,693,253,0,98
719,694,253,0,98
719,695,253,0,98
719,696,253,0,98
719,697,253,0,98
719,698,253,0,98
719,699,253,0,98
719,700,253,0,98
719,701,253,0,98
719,702,253,0,98
719,703,253,0,98
719,704,253,0,98
719,705,253,0,98
719,706,253,0,98
719,707,253,0,98
719,708,253,0,98
719,709,253,0,98
719,710,253,0,98
719,711,253,0,98
719,712,253,0,98
719,713,253,0,98
719,714,253,0,98
719,715,253,0,98
719,716,253,0,98
719,717,253,0,98
719,718,253,0,98
719,720,253,0,98
719,721,253,0,98
719,722,253,0,98
719,723,253,0,98
719,724,253,0,98
724,625,137,0,103
724,626,137,0,103
724,627,137,0,103
724,628,137,0,103
724,629,137,0,103
724,630,137,0,103
724,631,137,0,103
724,632,137,0,103
724,633,137,0,103
724,634,137,0,103
724,635,137,0,103
724,636,137,0,103
724,637,137,0,103
724,638,137,0,103
724,639,137,0,103
724,640,137,0,103
724,641,137,0,103
724,642,137,0,103
724,643,137,0,103
724,644,137,0,103
724,645,137,0,103
724,646,137,0,103
724,647,137,0,103
724,648,137,0,103
724,649,137,0,103
724,650,137,0,103
724,651,137,0,103
724,652,137,0,103
724,653,137,0,103
724,654,137,0,103
724,655,137,0,103
724,656,137,0,103
724,657,137,0,103
724,658,137,0,103
724,659,137,0,103
724,660,137,0,103
724,661,137,0,103
724,662,137,0,103
724,663,137,0,103
724,664,137,0,103
724,665,137,0,103
724,666,137,0,103
724,667,137,0,103
724,668,137,0,103
724,669,137,0,103
724,670,137,0,103
724,671,137,0,103
724,672,137,0,103
724,673,137,0,103
724,674,137,0,103
724,675,137,0,103
724,676,137,0,103
724,677,137,0,103
724,678,137,0,103
724,679,137,0,103
724,680,137,0,103
724,681,137,0,103
724,682,137,0,103
724,683,137,0,103
724,684,137,0,103
724,685,137,0,103
724,686,137,0,103
724,687,137,0,103
724,688,137,0,103
724,689,137,0,103
724,690,137,0,103
724,691,137,0,103
724,692,137,0,103
724,693,137,0,103
724,694,137,0,103
724,695,137,0,103
724,696,137,0,103
724,697,137,0,103
724,698,137,0,103
724,699,137,0,103
724,700,137,0,103
724,701,137,0,103
724,702,137,0,103
724,703,137,0,103
724,704,137,0,103
724,705,137,0,103
724,706,137,0,103
724,707,137,0,103
724,708,137,0,103
724,709,137,0,103
724,710,137,0,103
724,711,137,0,103
724,712,137,0,103
724,713,137,0,103
724,714,137,0,103
724,715,137,0,103
724,716,137,0,103
724,717,137,0,103
724,718,137,0,103
724,719,137,0,103
724,720,137,0,103
724,721,137,0,103
724,722,137,0,103
724,723,137,0,103
