0,653,25,1,0
0,670,1,0,0
1,650,2,1,0
1,653,26,2,0
1,670,2,1,0
1,671,26,2,0
1,678,2,1,0
1,684,26,2,0
1,693,601,3,3
1,695,2,1,0
2,641,27,2,0
2,650,3,1,0
2,653,27,2,0
2,670,3,1,0
2,671,27,2,0
2,678,3,1,0
2,683,602,3,3
2,684,27,2,0
2,686,3,1,0
2,693,602,3,3
2,695,3,1,0
3,629,4,1,0
3,641,28,2,0
3,650,4,1,0
3,653,28,2,0
3,670,4,1,0
3,671,28,2,0
3,674,4,1,0
3,678,4,1,0
3,684,28,2,0
3,686,4,1,0
3,693,603,3,3
3,695,4,1,0
3,710,603,3,3
3,720,4,1,0
4,629,5,1,0
4,632,604,3,3
4,636,5,1,0
4,641,29,2,0
4,650,5,1,0
4,653,29,2,0
4,665,604,3,3
4,670,5,1,0
4,671,29,2,0
4,674,5,1,0
4,678,5,1,0
4,684,29,2,0
4,686,5,1,0
4,693,604,3,3
4,695,5,1,0
4,720,5,1,0
5,629,6,1,0
5,632,605,3,3
5,636,6,1,0
5,641,30,2,0
5,650,6,1,0
5,653,30,2,0
5,665,605,3,3
5,670,6,1,0
5,671,30,2,0
5,674,6,1,0
5,678,6,1,0
5,684,30,2,0
5,686,6,1,0
5,693,605,3,3
5,695,6,1,0
5,720,6,1,0
6,629,606,3,3
6,632,606,3,3
6,641,31,2,0
6,650,606,3,3
6,653,31,2,0
6,665,606,3,3
6,670,606,3,3
6,671,31,2,0
6,674,606,3,3
6,678,31,2,0
6,684,31,2,0
6,686,31,2,0
6,693,606,3,3
6,695,606,3,3
7,629,607,3,3
7,632,6,0,1
7,636,32,2,0
7,641,6,0,1
7,650,607,3,3
7,653,6,0,1
7,665,6,0,1
7,670,607,3,3
7,671,6,0,1
7,674,607,3,3
7,678,32,2,0
7,684,6,0,1
7,686,32,2,0
7,693,6,0,1
7,695,607,3,3
7,720,32,2,0
8,629,608,3,3
8,632,7,0,1
8,636,33,2,0
8,641,7,0,1
8,650,608,3,3
8,653,7,0,1
8,665,7,0,1
8,670,608,3,3
8,671,7,0,1
8,674,608,3,3
8,678,33,2,0
8,684,7,0,1
8,686,33,2,0
8,693,7,0,1
8,695,608,3,3
8,720,33,2,0
9,629,609,3,3
9,641,8,0,1
9,650,609,3,3
9,653,8,0,1
9,670,609,3,3
9,671,8,0,1
9,674,609,3,3
9,678,34,2,0
9,684,8,0,1
9,686,34,2,0
9,693,8,0,1
9,695,609,3,3
9,720,34,2,0
10,641,9,0,1
10,650,610,3,3
10,653,9,0,1
10,670,610,3,3
10,671,9,0,1
10,678,35,2,0
10,684,9,0,1
10,686,35,2,0
10,693,9,0,1
10,695,610,3,3
11,641,10,0,1
11,650,611,3,3
11,653,10,0,1
11,670,611,3,3
11,671,10,0,1
11,678,36,2,0
11,684,10,0,1
11,693,10,0,1
11,695,611,3,3
12,653,11,0,1
12,670,612,3,3
13,653,14,1,0
13,670,613,3,3
13,671,14,1,0
14,641,13,0,1
14,650,614,3,3
14,653,15,1,0
14,670,614,3,3
14,671,15,1,0
14,678,39,2,0
14,684,15,1,0
14,693,15,1,0
14,695,614,3,3
15,629,615,3,3
15,641,16,1,0
15,650,615,3,3
15,653,16,1,0
15,670,615,3,3
15,671,16,1,0
15,678,40,2,0
15,683,16,1,0
15,684,16,1,0
15,686,40,2,0
15,693,16,1,0
15,695,615,3,3
16,629,616,3,3
16,632,17,1,0
16,641,17,1,0
16,650,616,3,3
16,653,17,1,0
16,665,17,1,0
16,670,616,3,3
16,671,17,1,0
16,674,616,3,3
16,678,41,2,0
16,684,17,1,0
16,686,41,2,0
16,693,17,1,0
16,695,616,3,3
16,710,17,1,0
16,720,41,2,0
17,629,617,3,3
17,632,18,1,0
17,636,42,2,0
17,641,18,1,0
17,650,617,3,3
17,653,18,1,0
17,665,18,1,0
17,670,617,3,3
17,671,18,1,0
17,674,617,3,3
17,678,42,2,0
17,684,18,1,0
17,686,42,2,0
17,693,18,1,0
17,695,617,3,3
17,720,42,2,0
18,626,618,3,3
18,629,618,3,3
18,632,618,3,3
18,633,618,3,3
18,635,43,2,0
18,636,43,2,0
18,638,618,3,3
18,639,43,2,0
18,641,43,2,0
18,643,43,2,0
18,647,43,2,0
18,650,618,3,3
18,651,43,2,0
18,653,43,2,0
18,654,618,3,3
18,657,618,3,3
18,658,618,3,3
18,662,43,2,0
18,665,618,3,3
18,666,43,2,0
18,668,43,2,0
18,670,618,3,3
18,671,43,2,0
18,674,618,3,3
18,675,618,3,3
18,677,618,3,3
18,678,43,2,0
18,681,43,2,0
18,682,43,2,0
18,683,618,3,3
18,684,43,2,0
18,686,43,2,0
18,687,43,2,0
18,690,43,2,0
18,692,43,2,0
18,693,618,3,3
18,694,43,2,0
18,695,618,3,3
18,696,618,3,3
18,697,618,3,3
18,700,43,2,0
18,701,43,2,0
18,702,43,2,0
18,705,43,2,0
18,708,43,2,0
18,709,618,3,3
18,710,618,3,3
18,711,43,2,0
18,714,618,3,3
18,715,618,3,3
18,718,43,2,0
18,719,43,2,0
18,720,43,2,0
18,723,618,3,3
19,627,18,0,1
19,628,18,0,1
19,629,18,0,1
19,630,18,0,1
19,631,18,0,1
19,632,619,3,3
19,634,18,0,1
19,636,18,0,1
19,637,18,0,1
19,641,44,2,0
19,642,18,0,1
19,644,18,0,1
19,645,18,0,1
19,648,18,0,1
19,649,18,0,1
19,650,18,0,1
19,652,18,0,1
19,653,44,2,0
19,655,18,0,1
19,656,18,0,1
19,659,18,0,1
19,661,18,0,1
19,663,18,0,1
19,665,619,3,3
19,669,18,0,1
19,670,18,0,1
19,671,44,2,0
19,673,18,0,1
19,674,18,0,1
19,676,18,0,1
19,678,18,0,1
19,679,18,0,1
19,680,18,0,1
19,684,44,2,0
19,685,18,0,1
19,686,18,0,1
19,688,18,0,1
19,689,18,0,1
19,691,18,0,1
19,693,619,3,3
19,695,18,0,1
19,698,18,0,1
19,699,18,0,1
19,704,18,0,1
19,707,18,0,1
19,713,18,0,1
19,717,18,0,1
19,720,18,0,1
19,722,18,0,1
19,724,18,0,1
20,629,19,0,1
20,632,620,3,3
20,636,19,0,1
20,641,45,2,0
20,650,19,0,1
20,653,45,2,0
20,665,620,3,3
20,670,19,0,1
20,671,45,2,0
20,674,19,0,1
20,678,19,0,1
20,684,45,2,0
20,686,19,0,1
20,693,620,3,3
20,695,19,0,1
20,720,19,0,1
21,629,20,0,1
21,632,621,3,3
21,641,46,2,0
21,650,20,0,1
21,653,46,2,0
21,665,621,3,3
21,670,20,0,1
21,671,46,2,0
21,674,20,0,1
21,678,20,0,1
21,684,46,2,0
21,686,20,0,1
21,693,621,3,3
21,695,20,0,1
21,710,621,3,3
21,720,20,0,1
22,629,21,0,1
22,641,47,2,0
22,650,21,0,1
22,653,47,2,0
22,670,21,0,1
22,671,47,2,0
22,678,21,0,1
22,683,622,3,3
22,684,47,2,0
22,686,21,0,1
22,693,622,3,3
22,695,21,0,1
23,641,24,1,0
23,650,22,0,1
23,653,48,2,0
23,670,22,0,1
23,671,48,2,0
23,678,22,0,1
23,684,48,2,0
23,693,623,3,3
23,695,22,0,1
24,653,49,2,0
24,670,23,0,1
24,671,49,2,0
25,653,50,2,0
25,670,26,1,1
26,650,27,2,1
26,653,51,3,0
26,670,27,2,1
26,671,51,3,0
26,678,27,2,1
26,684,684,63,0
26,693,51,3,0
26,695,27,2,1
27,641,52,3,0
27,650,28,2,1
27,653,52,3,0
27,670,28,2,1
27,671,52,3,0
27,678,28,2,1
27,683,2,0,2
27,684,26,1,2
27,686,28,2,1
27,693,52,3,0
27,695,28,2,1
28,629,29,2,1
28,641,53,3,0
28,650,29,2,1
28,653,53,3,0
28,670,29,2,1
28,671,53,3,0
28,674,29,2,1
28,678,29,2,1
28,684,27,1,2
28,686,29,2,1
28,693,53,3,0
28,695,29,2,1
28,710,3,0,2
28,720,29,2,1
29,629,30,2,1
29,632,4,0,2
29,636,30,2,1
29,641,54,3,0
29,650,30,2,1
29,653,54,3,0
29,665,4,0,2
29,670,30,2,1
29,671,54,3,0
29,674,30,2,1
29,678,30,2,1
29,684,28,1,2
29,686,30,2,1
29,693,54,3,0
29,695,30,2,1
29,720,30,2,1
30,629,31,2,1
30,632,5,0,2
30,636,31,2,1
30,641,55,3,0
30,650,31,2,1
30,653,55,3,0
30,665,5,0,2
30,670,31,2,1
30,671,55,3,0
30,674,31,2,1
30,678,31,2,1
30,684,29,1,2
30,686,31,2,1
30,693,55,3,0
30,695,31,2,1
30,720,31,2,1
31,629,6,0,2
31,632,6,0,2
31,641,56,3,0
31,650,6,0,2
31,653,56,3,0
31,665,6,0,2
31,670,6,0,2
31,671,56,3,0
31,674,6,0,2
31,678,56,3,0
31,684,30,1,2
31,686,56,3,0
31,695,6,0,2
32,629,7,0,2
32,632,31,1,2
32,636,57,3,0
32,641,31,1,2
32,650,7,0,2
32,653,31,1,2
32,665,31,1,2
32,670,7,0,2
32,671,31,1,2
32,674,7,0,2
32,678,57,3,0
32,684,31,1,2
32,686,57,3,0
32,693,31,1,2
32,695,7,0,2
32,720,57,3,0
33,629,8,0,2
33,632,32,1,2
33,636,58,3,0
33,641,32,1,2
33,650,8,0,2
33,653,32,1,2
33,665,32,1,2
33,670,8,0,2
33,671,32,1,2
33,674,8,0,2
33,678,58,3,0
33,684,32,1,2
33,686,58,3,0
33,693,32,1,2
33,695,8,0,2
33,720,58,3,0
34,629,9,0,2
34,641,33,1,2
34,650,9,0,2
34,653,33,1,2
34,670,9,0,2
34,671,33,1,2
34,674,9,0,2
34,678,59,3,0
34,684,33,1,2
34,686,59,3,0
34,693,33,1,2
34,695,9,0,2
34,720,59,3,0
35,641,34,1,2
35,650,10,0,2
35,653,34,1,2
35,670,10,0,2
35,671,34,1,2
35,678,60,3,0
35,684,34,1,2
35,686,60,3,0
35,693,34,1,2
35,695,10,0,2
36,641,35,1,2
36,650,11,0,2
36,653,35,1,2
36,670,11,0,2
36,671,35,1,2
36,678,61,3,0
36,684,35,1,2
36,693,35,1,2
36,695,11,0,2
37,653,36,1,2
37,670,12,0,2
38,653,39,2,1
38,670,13,0,2
38,671,39,2,1
39,641,38,1,2
39,650,14,0,2
39,653,40,2,1
39,670,14,0,2
39,671,40,2,1
39,678,64,3,0
39,684,40,2,1
39,693,40,2,1
39,695,14,0,2
40,629,15,0,2
40,641,41,2,1
40,650,15,0,2
40,653,41,2,1
40,670,15,0,2
40,671,41,2,1
40,678,65,3,0
40,683,41,2,1
40,684,41,2,1
40,686,65,3,0
40,693,41,2,1
40,695,15,0,2
41,629,16,0,2
41,632,42,2,1
41,641,42,2,1
41,650,16,0,2
41,653,42,2,1
41,665,42,2,1
41,670,16,0,2
41,671,42,2,1
41,674,16,0,2
41,678,66,3,0
41,684,42,2,1
41,686,66,3,0
41,693,42,2,1
41,695,16,0,2
41,710,42,2,1
41,720,66,3,0
42,629,17,0,2
42,632,43,2,1
42,636,67,3,0
42,641,43,2,1
42,650,17,0,2
42,653,43,2,1
42,665,43,2,1
42,670,17,0,2
42,671,43,2,1
42,674,17,0,2
42,678,67,3,0
42,684,43,2,1
42,686,67,3,0
42,693,43,2,1
42,695,17,0,2
42,720,67,3,0
43,625,18,0,2
43,626,18,0,2
43,629,18,0,2
43,632,18,0,2
43,633,18,0,2
43,635,68,3,0
43,636,68,3,0
43,638,18,0,2
43,639,68,3,0
43,641,68,3,0
43,643,68,3,0
43,647,68,3,0
43,650,18,0,2
43,651,68,3,0
43,653,68,3,0
43,654,18,0,2
43,657,18,0,2
43,658,18,0,2
43,660,18,0,2
43,662,68,3,0
43,665,18,0,2
43,666,68,3,0
43,668,68,3,0
43,670,18,0,2
43,671,68,3,0
43,674,18,0,2
43,675,18,0,2
43,677,18,0,2
43,678,68,3,0
43,681,68,3,0
43,682,68,3,0
43,683,18,0,2
43,684,44,2,1
43,686,68,3,0
43,687,68,3,0
43,690,68,3,0
43,692,68,3,0
43,694,68,3,0
43,695,18,0,2
43,696,18,0,2
43,697,68,3,0
43,701,68,3,0
43,702,68,3,0
43,705,68,3,0
43,708,68,3,0
43,709,18,0,2
43,710,18,0,2
43,711,68,3,0
43,714,18,0,2
43,715,68,3,0
43,718,68,3,0
43,719,68,3,0
43,720,68,3,0
43,723,18,0,2
44,627,43,1,2
44,628,43,1,2
44,629,43,1,2
44,630,43,1,2
44,631,43,1,2
44,632,19,0,2
44,634,43,1,2
44,636,43,1,2
44,637,43,1,2
44,640,43,1,2
44,641,69,3,0
44,642,43,1,2
44,644,43,1,2
44,645,43,1,2
44,648,43,1,2
44,649,43,1,2
44,650,43,1,2
44,652,43,1,2
44,653,69,3,0
44,656,43,1,2
44,659,43,1,2
44,663,43,1,2
44,665,19,0,2
44,667,43,1,2
44,669,43,1,2
44,670,43,1,2
44,671,69,3,0
44,674,43,1,2
44,676,43,1,2
44,678,43,1,2
44,679,43,1,2
44,680,43,1,2
44,684,45,2,1
44,685,43,1,2
44,686,43,1,2
44,688,43,1,2
44,689,43,1,2
44,691,43,1,2
44,695,43,1,2
44,698,43,1,2
44,699,43,1,2
44,703,43,1,2
44,704,43,1,2
44,707,43,1,2
44,713,43,1,2
44,717,43,1,2
44,720,43,1,2
44,722,43,1,2
44,724,43,1,2
45,629,44,1,2
45,632,20,0,2
45,636,44,1,2
45,641,70,3,0
45,650,44,1,2
45,653,70,3,0
45,665,20,0,2
45,670,44,1,2
45,671,70,3,0
45,674,44,1,2
45,678,44,1,2
45,684,46,2,1
45,686,44,1,2
45,693,70,3,0
45,695,44,1,2
45,720,44,1,2
46,629,45,1,2
46,632,21,0,2
46,641,71,3,0
46,650,45,1,2
46,653,71,3,0
46,665,21,0,2
46,670,45,1,2
46,671,71,3,0
46,674,45,1,2
46,678,45,1,2
46,684,47,2,1
46,686,45,1,2
46,693,71,3,0
46,695,45,1,2
46,710,21,0,2
46,720,45,1,2
47,629,46,1,2
47,641,72,3,0
47,650,46,1,2
47,653,72,3,0
47,670,46,1,2
47,671,72,3,0
47,678,46,1,2
47,683,22,0,2
47,684,48,2,1
47,686,46,1,2
47,693,72,3,0
47,695,46,1,2
48,641,49,2,1
48,650,47,1,2
48,653,73,3,0
48,670,47,1,2
48,671,73,3,0
48,678,47,1,2
48,684,49,2,1
48,693,73,3,0
48,695,47,1,2
49,653,74,3,0
49,670,48,1,2
49,671,74,3,0
50,653,75,2,0
50,670,51,1,1
51,650,52,2,1
51,653,76,3,0
51,670,52,2,1
51,671,76,3,0
51,678,52,2,1
51,684,26,0,3
51,693,76,3,0
51,695,52,2,1
52,641,641,20,0
52,650,53,2,1
52,653,77,3,0
52,670,53,2,1
52,671,77,3,0
52,678,53,2,1
52,683,27,0,3
52,684,27,0,3
52,686,53,2,1
52,693,77,3,0
52,695,53,2,1
53,629,54,2,1
53,641,52,1,2
53,650,54,2,1
53,653,78,3,0
53,670,54,2,1
53,671,78,3,0
53,674,54,2,1
53,678,54,2,1
53,683,28,0,3
53,684,28,0,3
53,686,54,2,1
53,693,78,3,0
53,695,54,2,1
53,710,28,0,3
53,720,54,2,1
54,629,55,2,1
54,632,29,0,3
54,636,55,2,1
54,641,53,1,2
54,650,55,2,1
54,653,79,3,0
54,665,29,0,3
54,670,55,2,1
54,671,79,3,0
54,674,55,2,1
54,678,55,2,1
54,683,29,0,3
54,684,29,0,3
54,686,55,2,1
54,693,79,3,0
54,695,55,2,1
54,720,55,2,1
55,629,56,2,1
55,632,30,0,3
55,636,56,2,1
55,641,54,1,2
55,650,56,2,1
55,653,80,3,0
55,665,30,0,3
55,670,56,2,1
55,671,80,3,0
55,674,56,2,1
55,678,56,2,1
55,683,30,0,3
55,684,30,0,3
55,686,56,2,1
55,693,80,3,0
55,695,56,2,1
55,720,56,2,1
56,632,31,0,3
56,641,55,1,2
56,650,31,0,3
56,653,81,3,0
56,665,31,0,3
56,670,31,0,3
56,671,81,3,0
56,674,31,0,3
56,678,81,3,0
56,683,31,0,3
56,686,81,3,0
56,693,81,3,0
56,695,31,0,3
57,629,82,3,0
57,632,56,1,2
57,636,82,3,0
57,641,56,1,2
57,650,32,0,3
57,653,56,1,2
57,665,56,1,2
57,670,32,0,3
57,671,56,1,2
57,674,32,0,3
57,678,82,3,0
57,684,56,1,2
57,686,82,3,0
57,693,56,1,2
57,695,32,0,3
57,720,82,3,0
58,629,83,3,0
58,632,57,1,2
58,636,83,3,0
58,641,57,1,2
58,650,33,0,3
58,653,57,1,2
58,665,57,1,2
58,670,33,0,3
58,671,57,1,2
58,674,33,0,3
58,678,83,3,0
58,684,57,1,2
58,686,83,3,0
58,693,57,1,2
58,695,33,0,3
58,720,83,3,0
59,629,84,3,0
59,641,58,1,2
59,650,34,0,3
59,653,58,1,2
59,670,34,0,3
59,671,58,1,2
59,674,34,0,3
59,678,84,3,0
59,684,58,1,2
59,686,84,3,0
59,693,58,1,2
59,695,34,0,3
59,720,84,3,0
60,641,59,1,2
60,650,35,0,3
60,653,59,1,2
60,670,35,0,3
60,671,59,1,2
60,678,85,3,0
60,684,59,1,2
60,686,85,3,0
60,693,59,1,2
60,695,35,0,3
61,641,60,1,2
61,650,36,0,3
61,653,60,1,2
61,670,36,0,3
61,671,60,1,2
61,678,86,3,0
61,684,60,1,2
61,693,60,1,2
61,695,36,0,3
62,653,61,1,2
62,670,37,0,3
63,653,64,2,1
63,670,38,0,3
63,671,64,2,1
64,641,63,1,2
64,650,39,0,3
64,653,65,2,1
64,670,39,0,3
64,671,65,2,1
64,678,89,3,0
64,684,65,2,1
64,693,65,2,1
64,695,39,0,3
65,629,90,3,0
65,641,66,2,1
65,650,40,0,3
65,653,66,2,1
65,670,40,0,3
65,671,66,2,1
65,678,90,3,0
65,683,66,2,1
65,684,66,2,1
65,686,90,3,0
65,693,66,2,1
65,695,40,0,3
66,629,91,3,0
66,632,67,2,1
66,641,67,2,1
66,650,41,0,3
66,653,67,2,1
66,665,67,2,1
66,670,41,0,3
66,671,67,2,1
66,674,41,0,3
66,678,91,3,0
66,684,67,2,1
66,686,91,3,0
66,693,67,2,1
66,695,41,0,3
66,710,67,2,1
66,720,91,3,0
67,629,92,3,0
67,632,68,2,1
67,636,92,3,0
67,641,68,2,1
67,650,42,0,3
67,653,68,2,1
67,665,68,2,1
67,670,42,0,3
67,671,68,2,1
67,674,42,0,3
67,678,92,3,0
67,684,68,2,1
67,686,92,3,0
67,693,68,2,1
67,695,42,0,3
67,720,92,3,0
68,625,43,0,3
68,626,93,3,0
68,629,93,3,0
68,632,43,0,3
68,633,93,3,0
68,635,93,3,0
68,636,93,3,0
68,638,43,0,3
68,639,93,3,0
68,641,69,2,1
68,643,93,3,0
68,647,93,3,0
68,650,43,0,3
68,651,93,3,0
68,653,93,3,0
68,654,43,0,3
68,657,43,0,3
68,658,43,0,3
68,660,43,0,3
68,662,93,3,0
68,665,43,0,3
68,666,93,3,0
68,668,93,3,0
68,670,43,0,3
68,671,93,3,0
68,674,43,0,3
68,675,43,0,3
68,677,93,3,0
68,678,93,3,0
68,681,93,3,0
68,682,93,3,0
68,683,43,0,3
68,686,93,3,0
68,687,93,3,0
68,690,93,3,0
68,692,93,3,0
68,693,93,3,0
68,694,93,3,0
68,695,43,0,3
68,696,43,0,3
68,697,93,3,0
68,700,43,0,3
68,701,93,3,0
68,702,93,3,0
68,705,93,3,0
68,708,93,3,0
68,709,93,3,0
68,710,43,0,3
68,711,93,3,0
68,714,43,0,3
68,715,93,3,0
68,718,93,3,0
68,719,93,3,0
68,720,93,3,0
68,723,43,0,3
69,627,68,1,2
69,628,68,1,2
69,629,68,1,2
69,630,68,1,2
69,631,68,1,2
69,632,44,0,3
69,634,68,1,2
69,636,68,1,2
69,637,68,1,2
69,640,68,1,2
69,641,70,2,1
69,642,68,1,2
69,644,68,1,2
69,648,68,1,2
69,649,68,1,2
69,650,68,1,2
69,652,68,1,2
69,653,94,3,0
69,655,68,1,2
69,656,68,1,2
69,659,68,1,2
69,661,68,1,2
69,663,68,1,2
69,665,44,0,3
69,667,68,1,2
69,669,68,1,2
69,670,68,1,2
69,671,94,3,0
69,673,68,1,2
69,674,68,1,2
69,676,68,1,2
69,678,68,1,2
69,679,68,1,2
69,680,68,1,2
69,683,44,0,3
69,685,68,1,2
69,686,68,1,2
69,688,68,1,2
69,689,68,1,2
69,691,68,1,2
69,693,94,3,0
69,695,68,1,2
69,698,68,1,2
69,699,68,1,2
69,703,68,1,2
69,704,68,1,2
69,707,68,1,2
69,720,68,1,2
69,722,68,1,2
69,724,68,1,2
70,629,69,1,2
70,632,45,0,3
70,636,69,1,2
70,641,71,2,1
70,650,69,1,2
70,653,95,3,0
70,665,45,0,3
70,670,69,1,2
70,671,95,3,0
70,674,69,1,2
70,678,69,1,2
70,683,45,0,3
70,684,45,0,3
70,686,69,1,2
70,693,95,3,0
70,695,69,1,2
70,720,69,1,2
71,629,70,1,2
71,632,46,0,3
71,641,72,2,1
71,650,70,1,2
71,653,96,3,0
71,665,46,0,3
71,670,70,1,2
71,671,96,3,0
71,674,70,1,2
71,678,70,1,2
71,683,46,0,3
71,684,46,0,3
71,686,70,1,2
71,693,96,3,0
71,695,70,1,2
71,710,46,0,3
71,720,70,1,2
72,629,71,1,2
72,641,73,2,1
72,650,71,1,2
72,653,97,3,0
72,670,71,1,2
72,671,97,3,0
72,678,71,1,2
72,683,47,0,3
72,684,47,0,3
72,686,71,1,2
72,693,97,3,0
72,695,71,1,2
73,641,74,2,1
73,650,72,1,2
73,653,98,3,0
73,670,72,1,2
73,671,98,3,0
73,678,72,1,2
73,684,48,0,3
73,693,98,3,0
73,695,72,1,2
74,653,99,3,0
74,670,73,1,2
74,671,99,3,0
75,653,100,2,0
75,670,76,1,1
76,650,77,2,1
76,653,101,3,0
76,670,77,2,1
76,671,101,3,0
76,678,77,2,1
76,684,51,0,3
76,693,101,3,0
76,695,77,2,1
77,641,52,0,3
77,650,78,2,1
77,653,102,3,0
77,670,78,2,1
77,671,102,3,0
77,678,78,2,1
77,683,102,3,0
77,684,52,0,3
77,686,78,2,1
77,693,102,3,0
77,695,78,2,1
78,629,79,2,1
78,641,53,0,3
78,650,79,2,1
78,653,103,3,0
78,670,79,2,1
78,671,103,3,0
78,674,79,2,1
78,678,79,2,1
78,684,53,0,3
78,686,79,2,1
78,693,103,3,0
78,695,79,2,1
78,710,53,0,3
78,720,79,2,1
79,629,80,2,1
79,632,54,0,3
79,636,80,2,1
79,641,54,0,3
79,650,80,2,1
79,653,104,3,0
79,665,54,0,3
79,670,80,2,1
79,671,104,3,0
79,674,80,2,1
79,678,80,2,1
79,684,54,0,3
79,686,80,2,1
79,693,104,3,0
79,695,80,2,1
79,720,80,2,1
80,629,81,2,1
80,632,55,0,3
80,636,81,2,1
80,641,55,0,3
80,650,81,2,1
80,653,105,3,0
80,665,55,0,3
80,670,81,2,1
80,671,105,3,0
80,674,81,2,1
80,678,81,2,1
80,684,55,0,3
80,686,81,2,1
80,693,105,3,0
80,695,81,2,1
80,720,81,2,1
81,632,56,0,3
81,653,106,3,0
81,665,56,0,3
81,670,56,0,3
81,671,106,3,0
81,674,56,0,3
81,678,106,3,0
81,684,56,0,3
81,686,106,3,0
81,693,106,3,0
81,695,56,0,3
81,720,82,2,1
82,629,107,3,0
82,632,81,1,2
82,636,107,3,0
82,641,81,1,2
82,650,57,0,3
82,653,81,1,2
82,665,81,1,2
82,670,57,0,3
82,671,81,1,2
82,674,57,0,3
82,678,107,3,0
82,684,81,1,2
82,686,107,3,0
82,693,81,1,2
82,695,57,0,3
82,720,83,2,1
83,629,108,3,0
83,632,82,1,2
83,636,108,3,0
83,641,82,1,2
83,650,58,0,3
83,653,82,1,2
83,665,82,1,2
83,670,58,0,3
83,671,82,1,2
83,674,58,0,3
83,678,108,3,0
83,684,82,1,2
83,686,108,3,0
83,693,82,1,2
83,695,58,0,3
83,720,84,2,1
84,629,109,3,0
84,641,83,1,2
84,650,59,0,3
84,653,83,1,2
84,670,59,0,3
84,671,83,1,2
84,674,59,0,3
84,678,109,3,0
84,684,83,1,2
84,686,109,3,0
84,693,83,1,2
84,695,59,0,3
84,720,720,99,0
85,641,84,1,2
85,650,60,0,3
85,653,84,1,2
85,670,60,0,3
85,671,84,1,2
85,678,110,3,0
85,684,84,1,2
85,686,110,3,0
85,693,84,1,2
85,695,60,0,3
86,641,85,1,2
86,650,61,0,3
86,653,85,1,2
86,670,61,0,3
86,671,85,1,2
86,678,111,3,0
86,684,85,1,2
86,693,85,1,2
86,695,61,0,3
87,653,86,1,2
87,670,62,0,3
88,653,89,2,1
88,670,63,0,3
88,671,89,2,1
89,641,88,1,2
89,650,64,0,3
89,653,90,2,1
89,670,64,0,3
89,671,90,2,1
89,678,114,3,0
89,684,90,2,1
89,693,90,2,1
89,695,64,0,3
90,629,115,3,0
90,641,91,2,1
90,650,65,0,3
90,653,91,2,1
90,670,65,0,3
90,671,91,2,1
90,678,115,3,0
90,683,91,2,1
90,684,91,2,1
90,686,115,3,0
90,693,91,2,1
90,695,65,0,3
91,629,116,3,0
91,632,92,2,1
91,641,92,2,1
91,650,66,0,3
91,653,92,2,1
91,665,92,2,1
91,670,66,0,3
91,671,92,2,1
91,674,66,0,3
91,678,116,3,0
91,684,92,2,1
91,686,116,3,0
91,693,92,2,1
91,695,66,0,3
91,710,92,2,1
91,720,90,1,2
92,629,117,3,0
92,632,93,2,1
92,636,117,3,0
92,641,93,2,1
92,650,67,0,3
92,653,93,2,1
92,665,93,2,1
92,670,67,0,3
92,671,93,2,1
92,674,67,0,3
92,678,117,3,0
92,684,93,2,1
92,686,117,3,0
92,693,93,2,1
92,695,67,0,3
92,720,91,1,2
93,625,68,0,3
93,626,118,3,0
93,629,118,3,0
93,632,68,0,3
93,633,118,3,0
93,635,118,3,0
93,636,118,3,0
93,638,68,0,3
93,639,118,3,0
93,643,118,3,0
93,647,118,3,0
93,650,68,0,3
93,651,118,3,0
93,653,118,3,0
93,654,68,0,3
93,657,68,0,3
93,658,68,0,3
93,660,68,0,3
93,662,118,3,0
93,665,68,0,3
93,666,118,3,0
93,668,118,3,0
93,670,68,0,3
93,671,118,3,0
93,674,68,0,3
93,675,118,3,0
93,677,118,3,0
93,678,118,3,0
93,681,118,3,0
93,682,118,3,0
93,683,118,3,0
93,684,68,0,3
93,686,118,3,0
93,687,118,3,0
93,692,118,3,0
93,693,118,3,0
93,694,118,3,0
93,695,68,0,3
93,696,68,0,3
93,697,118,3,0
93,700,68,0,3
93,701,118,3,0
93,702,118,3,0
93,705,118,3,0
93,708,118,3,0
93,709,118,3,0
93,710,68,0,3
93,714,68,0,3
93,715,118,3,0
93,718,118,3,0
93,719,118,3,0
93,720,92,1,2
93,723,118,3,0
94,627,93,1,2
94,628,93,1,2
94,629,93,1,2
94,630,93,1,2
94,631,93,1,2
94,632,69,0,3
94,634,93,1,2
94,636,93,1,2
94,637,93,1,2
94,640,93,1,2
94,642,93,1,2
94,644,93,1,2
94,645,93,1,2
94,648,93,1,2
94,649,93,1,2
94,650,93,1,2
94,652,93,1,2
94,653,119,3,0
94,655,93,1,2
94,656,93,1,2
94,661,93,1,2
94,663,93,1,2
94,665,69,0,3
94,667,93,1,2
94,670,93,1,2
94,671,119,3,0
94,673,93,1,2
94,674,93,1,2
94,676,93,1,2
94,678,93,1,2
94,679,93,1,2
94,680,93,1,2
94,684,69,0,3
94,685,93,1,2
94,686,93,1,2
94,688,93,1,2
94,689,93,1,2
94,691,93,1,2
94,693,119,3,0
94,695,93,1,2
94,698,93,1,2
94,703,93,1,2
94,704,93,1,2
94,707,93,1,2
94,713,93,1,2
94,717,93,1,2
94,720,93,1,2
94,722,93,1,2
94,724,93,1,2
95,629,94,1,2
95,632,70,0,3
95,636,94,1,2
95,641,70,0,3
95,650,94,1,2
95,653,120,3,0
95,665,70,0,3
95,670,94,1,2
95,671,120,3,0
95,674,94,1,2
95,678,94,1,2
95,684,70,0,3
95,686,94,1,2
95,693,120,3,0
95,695,94,1,2
95,720,94,1,2
96,629,95,1,2
96,632,71,0,3
96,641,71,0,3
96,650,95,1,2
96,653,121,3,0
96,665,71,0,3
96,670,95,1,2
96,671,121,3,0
96,674,95,1,2
96,678,95,1,2
96,684,71,0,3
96,686,95,1,2
96,693,121,3,0
96,695,95,1,2
96,710,71,0,3
96,720,95,1,2
97,629,96,1,2
97,641,72,0,3
97,650,96,1,2
97,653,122,3,0
97,670,96,1,2
97,671,122,3,0
97,678,96,1,2
97,683,122,3,0
97,684,72,0,3
97,686,96,1,2
97,693,122,3,0
97,695,96,1,2
98,641,99,2,1
98,650,97,1,2
98,653,123,3,0
98,670,97,1,2
98,671,123,3,0
98,678,97,1,2
98,684,73,0,3
98,693,123,3,0
98,695,97,1,2
99,653,124,3,0
99,670,98,1,2
99,671,124,3,0
100,653,125,2,0
100,670,101,1,1
101,650,102,2,1
101,653,126,3,0
101,670,102,2,1
101,671,126,3,0
101,678,102,2,1
101,684,76,0,3
101,693,126,3,0
101,695,102,2,1
102,641,77,0,3
102,650,103,2,1
102,653,127,3,0
102,670,103,2,1
102,671,127,3,0
102,678,103,2,1
102,683,127,3,0
102,684,77,0,3
102,686,103,2,1
102,693,127,3,0
102,695,103,2,1
103,629,104,2,1
103,641,78,0,3
103,650,104,2,1
103,653,128,3,0
103,670,104,2,1
103,671,128,3,0
103,674,104,2,1
103,678,104,2,1
103,684,78,0,3
103,686,104,2,1
103,693,128,3,0
103,695,104,2,1
103,710,78,0,3
103,720,104,2,1
104,629,105,2,1
104,632,79,0,3
104,636,105,2,1
104,641,79,0,3
104,650,105,2,1
104,653,129,3,0
104,665,79,0,3
104,670,105,2,1
104,671,129,3,0
104,674,105,2,1
104,678,105,2,1
104,684,79,0,3
104,686,105,2,1
104,693,129,3,0
104,695,105,2,1
104,720,105,2,1
105,629,106,2,1
105,632,80,0,3
105,636,106,2,1
105,641,80,0,3
105,650,106,2,1
105,653,130,3,0
105,665,80,0,3
105,670,106,2,1
105,671,130,3,0
105,674,106,2,1
105,678,106,2,1
105,684,80,0,3
105,686,106,2,1
105,693,130,3,0
105,695,106,2,1
105,720,106,2,1
106,650,131,3,0
106,653,131,3,0
106,665,81,0,3
106,670,81,0,3
106,671,131,3,0
106,674,81,0,3
106,684,81,0,3
106,686,131,3,0
106,693,131,3,0
106,695,81,0,3
106,720,81,0,3
107,629,132,3,0
107,632,106,1,2
107,636,132,3,0
107,641,106,1,2
107,650,132,3,0
107,653,106,1,2
107,665,106,1,2
107,670,82,0,3
107,671,106,1,2
107,674,82,0,3
107,678,132,3,0
107,684,106,1,2
107,686,132,3,0
107,693,106,1,2
107,695,82,0,3
107,720,82,0,3
108,629,133,3,0
108,632,107,1,2
108,636,133,3,0
108,641,107,1,2
108,650,133,3,0
108,653,107,1,2
108,665,107,1,2
108,670,83,0,3
108,671,107,1,2
108,674,83,0,3
108,678,133,3,0
108,684,107,1,2
108,686,133,3,0
108,693,107,1,2
108,695,83,0,3
108,720,83,0,3
109,629,134,3,0
109,641,108,1,2
109,650,134,3,0
109,653,108,1,2
109,670,84,0,3
109,671,108,1,2
109,674,84,0,3
109,678,134,3,0
109,684,108,1,2
109,686,134,3,0
109,693,108,1,2
109,695,84,0,3
109,720,84,0,3
110,641,109,1,2
110,650,135,3,0
110,653,109,1,2
110,670,85,0,3
110,671,109,1,2
110,678,135,3,0
110,684,109,1,2
110,686,135,3,0
110,693,109,1,2
110,695,85,0,3
111,641,110,1,2
111,650,136,3,0
111,653,110,1,2
111,670,86,0,3
111,671,110,1,2
111,678,136,3,0
111,684,110,1,2
111,693,110,1,2
111,695,86,0,3
112,653,111,1,2
112,670,87,0,3
113,653,114,2,1
113,670,88,0,3
113,671,114,2,1
114,641,113,1,2
114,650,139,3,0
114,653,115,2,1
114,670,89,0,3
114,671,115,2,1
114,678,139,3,0
114,684,115,2,1
114,693,115,2,1
114,695,89,0,3
115,629,140,3,0
115,641,116,2,1
115,650,140,3,0
115,653,116,2,1
115,670,90,0,3
115,671,116,2,1
115,678,140,3,0
115,683,116,2,1
115,684,116,2,1
115,686,140,3,0
115,693,116,2,1
115,695,90,0,3
116,629,141,3,0
116,632,117,2,1
116,641,117,2,1
116,650,141,3,0
116,653,117,2,1
116,665,117,2,1
116,670,91,0,3
116,671,117,2,1
116,674,91,0,3
116,678,141,3,0
116,684,117,2,1
116,686,141,3,0
116,693,117,2,1
116,695,91,0,3
116,710,117,2,1
116,720,91,0,3
117,629,142,3,0
117,632,118,2,1
117,636,142,3,0
117,641,118,2,1
117,650,142,3,0
117,653,118,2,1
117,665,118,2,1
117,670,92,0,3
117,671,118,2,1
117,674,92,0,3
117,678,142,3,0
117,684,118,2,1
117,686,142,3,0
117,693,118,2,1
117,695,92,0,3
117,720,92,0,3
118,625,93,0,3
118,626,143,3,0
118,629,143,3,0
118,633,143,3,0
118,635,143,3,0
118,636,143,3,0
118,638,93,0,3
118,639,143,3,0
118,643,143,3,0
118,647,143,3,0
118,650,143,3,0
118,651,143,3,0
118,653,143,3,0
118,654,93,0,3
118,657,93,0,3
118,658,93,0,3
118,660,93,0,3
118,662,143,3,0
118,665,93,0,3
118,666,143,3,0
118,668,143,3,0
118,670,93,0,3
118,671,143,3,0
118,674,93,0,3
118,675,143,3,0
118,677,143,3,0
118,678,143,3,0
118,681,143,3,0
118,682,143,3,0
118,683,143,3,0
118,684,93,0,3
118,686,143,3,0
118,687,143,3,0
118,690,93,0,3
118,692,143,3,0
118,693,143,3,0
118,694,143,3,0
118,695,93,0,3
118,696,93,0,3
118,697,143,3,0
118,700,93,0,3
118,702,143,3,0
118,705,143,3,0
118,708,143,3,0
118,709,143,3,0
118,710,93,0,3
118,711,93,0,3
118,714,93,0,3
118,715,143,3,0
118,718,143,3,0
118,719,143,3,0
118,720,93,0,3
118,723,143,3,0
119,627,118,1,2
119,629,118,1,2
119,630,118,1,2
119,631,118,1,2
119,634,118,1,2
119,636,118,1,2
119,637,118,1,2
119,640,118,1,2
119,642,118,1,2
119,644,118,1,2
119,645,118,1,2
119,648,118,1,2
119,649,118,1,2
119,650,118,1,2
119,652,118,1,2
119,653,144,3,0
119,655,118,1,2
119,656,118,1,2
119,659,118,1,2
119,661,118,1,2
119,663,118,1,2
119,665,94,0,3
119,667,118,1,2
119,669,118,1,2
119,670,118,1,2
119,671,144,3,0
119,673,118,1,2
119,674,118,1,2
119,676,118,1,2
119,678,118,1,2
119,679,118,1,2
119,680,118,1,2
119,684,94,0,3
119,685,118,1,2
119,686,118,1,2
119,688,118,1,2
119,689,118,1,2
119,691,118,1,2
119,693,144,3,0
119,695,118,1,2
119,698,118,1,2
119,699,118,1,2
119,703,118,1,2
119,704,118,1,2
119,707,118,1,2
119,713,118,1,2
119,717,118,1,2
119,720,118,1,2
119,724,118,1,2
120,629,119,1,2
120,632,95,0,3
120,636,119,1,2
120,641,95,0,3
120,650,119,1,2
120,653,145,3,0
120,665,95,0,3
120,670,119,1,2
120,671,145,3,0
120,674,119,1,2
120,678,119,1,2
120,684,95,0,3
120,686,119,1,2
120,693,145,3,0
120,695,119,1,2
120,720,119,1,2
121,629,120,1,2
121,632,96,0,3
121,641,96,0,3
121,650,120,1,2
121,653,146,3,0
121,665,96,0,3
121,670,120,1,2
121,671,146,3,0
121,674,120,1,2
121,678,120,1,2
121,684,96,0,3
121,686,120,1,2
121,693,146,3,0
121,695,120,1,2
121,710,96,0,3
121,720,120,1,2
122,629,121,1,2
122,641,97,0,3
122,650,121,1,2
122,653,147,3,0
122,670,121,1,2
122,671,147,3,0
122,678,121,1,2
122,683,147,3,0
122,684,97,0,3
122,686,121,1,2
122,693,147,3,0
122,695,121,1,2
123,641,124,2,1
123,650,122,1,2
123,653,148,3,0
123,670,122,1,2
123,671,148,3,0
123,678,122,1,2
123,684,98,0,3
123,693,148,3,0
123,695,122,1,2
124,653,149,3,0
124,670,123,1,2
124,671,149,3,0
125,653,150,2,0
125,670,126,1,1
126,650,127,2,1
126,653,151,3,0
126,670,127,2,1
126,671,151,3,0
126,678,127,2,1
126,684,101,0,3
126,693,151,3,0
126,695,127,2,1
127,641,102,0,3
127,650,128,2,1
127,653,152,3,0
127,670,128,2,1
127,671,152,3,0
127,678,128,2,1
127,683,152,3,0
127,684,102,0,3
127,686,128,2,1
127,693,152,3,0
127,695,128,2,1
128,629,129,2,1
128,641,103,0,3
128,650,129,2,1
128,653,153,3,0
128,670,129,2,1
128,671,153,3,0
128,674,129,2,1
128,678,129,2,1
128,684,103,0,3
128,686,129,2,1
128,693,153,3,0
128,695,129,2,1
128,710,103,0,3
128,720,129,2,1
129,629,130,2,1
129,632,104,0,3
129,636,130,2,1
129,641,104,0,3
129,650,130,2,1
129,653,154,3,0
129,665,104,0,3
129,670,130,2,1
129,671,154,3,0
129,674,130,2,1
129,678,130,2,1
129,684,104,0,3
129,686,130,2,1
129,693,154,3,0
129,695,130,2,1
129,720,130,2,1
130,629,131,2,1
130,632,105,0,3
130,636,131,2,1
130,641,105,0,3
130,650,131,2,1
130,653,155,3,0
130,665,105,0,3
130,670,131,2,1
130,671,155,3,0
130,674,131,2,1
130,678,131,2,1
130,684,105,0,3
130,686,131,2,1
130,693,155,3,0
130,695,131,2,1
130,720,131,2,1
131,629,156,3,0
131,636,132,2,1
131,641,106,0,3
131,650,156,3,0
131,653,156,3,0
131,665,106,0,3
131,670,106,0,3
131,671,156,3,0
131,674,106,0,3
131,678,132,2,1
131,684,106,0,3
131,686,156,3,0
131,693,156,3,0
131,695,106,0,3
131,720,106,0,3
132,629,157,3,0
132,632,131,1,2
132,636,133,2,1
132,641,131,1,2
132,650,157,3,0
132,653,131,1,2
132,665,131,1,2
132,670,107,0,3
132,671,131,1,2
132,674,107,0,3
132,678,133,2,1
132,684,131,1,2
132,686,157,3,0
132,693,131,1,2
132,695,107,0,3
132,720,107,0,3
133,629,158,3,0
133,632,132,1,2
133,636,636,15,0
133,641,132,1,2
133,650,158,3,0
133,653,132,1,2
133,665,132,1,2
133,670,108,0,3
133,671,132,1,2
133,674,108,0,3
133,678,134,2,1
133,684,132,1,2
133,686,158,3,0
133,693,132,1,2
133,695,108,0,3
133,720,108,0,3
134,629,159,3,0
134,641,133,1,2
134,650,159,3,0
134,653,133,1,2
134,670,109,0,3
134,671,133,1,2
134,674,109,0,3
134,678,135,2,1
134,684,133,1,2
134,686,159,3,0
134,693,133,1,2
134,695,109,0,3
134,720,109,0,3
135,641,134,1,2
135,650,160,3,0
135,653,134,1,2
135,670,110,0,3
135,671,134,1,2
135,678,136,2,1
135,684,134,1,2
135,686,160,3,0
135,693,134,1,2
135,695,110,0,3
136,641,135,1,2
136,650,161,3,0
136,653,135,1,2
136,670,111,0,3
136,671,135,1,2
136,678,678,57,0
136,684,135,1,2
136,693,135,1,2
136,695,111,0,3
137,653,136,1,2
137,670,112,0,3
138,653,139,2,1
138,670,113,0,3
138,671,139,2,1
139,641,138,1,2
139,650,164,3,0
139,653,140,2,1
139,670,114,0,3
139,671,140,2,1
139,678,138,1,2
139,684,140,2,1
139,693,140,2,1
139,695,114,0,3
140,629,165,3,0
140,641,141,2,1
140,650,165,3,0
140,653,141,2,1
140,670,115,0,3
140,671,141,2,1
140,678,139,1,2
140,683,141,2,1
140,684,141,2,1
140,686,165,3,0
140,693,141,2,1
140,695,115,0,3
141,629,166,3,0
141,632,142,2,1
141,641,142,2,1
141,650,166,3,0
141,653,142,2,1
141,665,142,2,1
141,670,116,0,3
141,671,142,2,1
141,674,116,0,3
141,678,140,1,2
141,684,142,2,1
141,686,166,3,0
141,693,142,2,1
141,695,116,0,3
141,710,142,2,1
141,720,116,0,3
142,629,167,3,0
142,632,143,2,1
142,636,141,1,2
142,641,143,2,1
142,650,167,3,0
142,653,143,2,1
142,665,143,2,1
142,670,117,0,3
142,671,143,2,1
142,674,117,0,3
142,678,141,1,2
142,684,143,2,1
142,686,167,3,0
142,693,143,2,1
142,695,117,0,3
142,720,117,0,3
143,625,118,0,3
143,626,168,3,0
143,629,168,3,0
143,633,168,3,0
143,635,168,3,0
143,636,142,1,2
143,638,118,0,3
143,639,168,3,0
143,641,118,0,3
143,643,168,3,0
143,647,168,3,0
143,650,168,3,0
143,653,168,3,0
143,654,118,0,3
143,657,118,0,3
143,658,118,0,3
143,660,118,0,3
143,665,118,0,3
143,666,168,3,0
143,668,168,3,0
143,670,118,0,3
143,671,168,3,0
143,674,118,0,3
143,675,168,3,0
143,677,168,3,0
143,678,142,1,2
143,681,168,3,0
143,682,168,3,0
143,683,168,3,0
143,684,118,0,3
143,686,168,3,0
143,687,168,3,0
143,690,118,0,3
143,693,168,3,0
143,694,168,3,0
143,695,118,0,3
143,696,118,0,3
143,697,168,3,0
143,700,118,0,3
143,701,118,0,3
143,702,168,3,0
143,705,168,3,0
143,708,168,3,0
143,709,168,3,0
143,710,118,0,3
143,711,118,0,3
143,714,118,0,3
143,715,168,3,0
143,718,168,3,0
143,719,168,3,0
143,720,118,0,3
143,723,168,3,0
144,627,143,1,2
144,628,143,1,2
144,629,143,1,2
144,630,143,1,2
144,631,143,1,2
144,634,143,1,2
144,636,143,1,2
144,637,143,1,2
144,640,143,1,2
144,641,119,0,3
144,642,143,1,2
144,644,143,1,2
144,645,143,1,2
144,648,143,1,2
144,649,143,1,2
144,650,143,1,2
144,652,143,1,2
144,653,169,3,0
144,655,143,1,2
144,656,143,1,2
144,659,143,1,2
144,661,143,1,2
144,663,143,1,2
144,665,119,0,3
144,667,143,1,2
144,669,143,1,2
144,670,143,1,2
144,671,169,3,0
144,673,143,1,2
144,674,143,1,2
144,676,143,1,2
144,678,143,1,2
144,679,143,1,2
144,680,143,1,2
144,684,119,0,3
144,685,143,1,2
144,686,143,1,2
144,688,143,1,2
144,689,143,1,2
144,691,143,1,2
144,693,169,3,0
144,695,143,1,2
144,698,143,1,2
144,699,143,1,2
144,703,143,1,2
144,707,143,1,2
144,713,143,1,2
144,717,143,1,2
144,720,143,1,2
144,722,143,1,2
145,629,144,1,2
145,632,120,0,3
145,636,144,1,2
145,641,120,0,3
145,650,144,1,2
145,653,170,3,0
145,665,120,0,3
145,670,144,1,2
145,671,170,3,0
145,674,144,1,2
145,678,144,1,2
145,684,120,0,3
145,686,144,1,2
145,693,170,3,0
145,695,144,1,2
145,720,144,1,2
146,629,145,1,2
146,632,121,0,3
146,641,121,0,3
146,650,145,1,2
146,653,171,3,0
146,665,121,0,3
146,670,145,1,2
146,671,171,3,0
146,674,145,1,2
146,678,145,1,2
146,684,121,0,3
146,686,145,1,2
146,693,171,3,0
146,695,145,1,2
146,710,121,0,3
146,720,145,1,2
147,629,146,1,2
147,641,122,0,3
147,650,146,1,2
147,653,172,3,0
147,670,146,1,2
147,671,172,3,0
147,678,146,1,2
147,683,172,3,0
147,684,122,0,3
147,686,146,1,2
147,693,172,3,0
147,695,146,1,2
148,641,149,2,1
148,650,147,1,2
148,653,173,3,0
148,670,147,1,2
148,671,173,3,0
148,678,147,1,2
148,684,123,0,3
148,693,173,3,0
148,695,147,1,2
149,653,174,3,0
149,670,148,1,2
149,671,174,3,0
150,653,175,2,0
150,670,151,1,1
151,650,152,2,1
151,653,176,3,0
151,670,152,2,1
151,671,176,3,0
151,678,152,2,1
151,684,126,0,3
151,693,176,3,0
151,695,152,2,1
152,641,127,0,3
152,650,153,2,1
152,653,177,3,0
152,670,153,2,1
152,671,177,3,0
152,678,153,2,1
152,683,177,3,0
152,684,127,0,3
152,686,153,2,1
152,693,177,3,0
152,695,153,2,1
153,629,154,2,1
153,641,128,0,3
153,650,154,2,1
153,653,178,3,0
153,670,154,2,1
153,671,178,3,0
153,674,154,2,1
153,678,154,2,1
153,684,128,0,3
153,686,154,2,1
153,693,178,3,0
153,695,154,2,1
153,710,128,0,3
153,720,154,2,1
154,629,155,2,1
154,632,129,0,3
154,636,155,2,1
154,641,129,0,3
154,650,155,2,1
154,653,179,3,0
154,665,129,0,3
154,670,155,2,1
154,671,179,3,0
154,674,155,2,1
154,678,155,2,1
154,684,129,0,3
154,686,155,2,1
154,693,179,3,0
154,695,155,2,1
154,720,155,2,1
155,629,156,2,1
155,632,130,0,3
155,636,156,2,1
155,641,130,0,3
155,650,156,2,1
155,653,180,3,0
155,665,130,0,3
155,670,156,2,1
155,671,180,3,0
155,674,156,2,1
155,678,156,2,1
155,684,130,0,3
155,686,156,2,1
155,693,180,3,0
155,695,156,2,1
155,720,156,2,1
156,629,181,3,0
156,636,131,0,3
156,641,131,0,3
156,650,181,3,0
156,653,181,3,0
156,670,131,0,3
156,671,181,3,0
156,674,131,0,3
156,678,131,0,3
156,684,131,0,3
156,686,181,3,0
156,693,181,3,0
156,695,131,0,3
156,720,131,0,3
157,629,182,3,0
157,632,156,1,2
157,636,132,0,3
157,641,156,1,2
157,650,182,3,0
157,653,156,1,2
157,665,156,1,2
157,670,132,0,3
157,671,156,1,2
157,674,132,0,3
157,678,132,0,3
157,684,156,1,2
157,686,182,3,0
157,693,156,1,2
157,695,132,0,3
157,720,132,0,3
158,629,183,3,0
158,632,157,1,2
158,636,133,0,3
158,641,157,1,2
158,650,183,3,0
158,653,157,1,2
158,665,157,1,2
158,670,133,0,3
158,671,157,1,2
158,674,133,0,3
158,678,133,0,3
158,684,157,1,2
158,686,183,3,0
158,693,157,1,2
158,695,133,0,3
158,720,133,0,3
159,629,184,3,0
159,641,158,1,2
159,650,184,3,0
159,653,158,1,2
159,670,134,0,3
159,671,158,1,2
159,674,134,0,3
159,678,134,0,3
159,684,158,1,2
159,686,184,3,0
159,693,158,1,2
159,695,134,0,3
159,720,134,0,3
160,641,159,1,2
160,650,185,3,0
160,653,159,1,2
160,670,135,0,3
160,671,159,1,2
160,678,135,0,3
160,684,159,1,2
160,686,185,3,0
160,693,159,1,2
160,695,135,0,3
161,641,160,1,2
161,650,186,3,0
161,653,160,1,2
161,670,136,0,3
161,671,160,1,2
161,678,136,0,3
161,684,160,1,2
161,693,160,1,2
161,695,136,0,3
162,653,161,1,2
162,670,137,0,3
163,653,164,2,1
163,670,138,0,3
163,671,164,2,1
164,641,163,1,2
164,650,189,3,0
164,653,165,2,1
164,670,139,0,3
164,671,165,2,1
164,678,139,0,3
164,684,165,2,1
164,693,165,2,1
164,695,139,0,3
165,629,190,3,0
165,641,166,2,1
165,650,190,3,0
165,653,166,2,1
165,670,140,0,3
165,671,166,2,1
165,678,140,0,3
165,683,166,2,1
165,684,166,2,1
165,686,190,3,0
165,693,166,2,1
165,695,140,0,3
166,629,191,3,0
166,632,167,2,1
166,641,167,2,1
166,650,191,3,0
166,653,167,2,1
166,665,167,2,1
166,670,141,0,3
166,671,167,2,1
166,674,141,0,3
166,678,141,0,3
166,684,167,2,1
166,686,191,3,0
166,693,167,2,1
166,695,141,0,3
166,710,167,2,1
166,720,141,0,3
167,629,192,3,0
167,632,168,2,1
167,636,142,0,3
167,641,168,2,1
167,650,192,3,0
167,653,168,2,1
167,665,168,2,1
167,670,142,0,3
167,671,168,2,1
167,674,142,0,3
167,678,142,0,3
167,684,168,2,1
167,686,192,3,0
167,693,168,2,1
167,695,142,0,3
167,720,142,0,3
168,625,143,0,3
168,626,193,3,0
168,629,193,3,0
168,633,193,3,0
168,635,193,3,0
168,636,143,0,3
168,638,143,0,3
168,641,143,0,3
168,643,193,3,0
168,647,193,3,0
168,650,193,3,0
168,651,143,0,3
168,653,193,3,0
168,654,193,3,0
168,657,143,0,3
168,658,143,0,3
168,660,143,0,3
168,662,143,0,3
168,666,193,3,0
168,670,143,0,3
168,671,193,3,0
168,674,143,0,3
168,675,193,3,0
168,677,193,3,0
168,678,143,0,3
168,681,193,3,0
168,682,193,3,0
168,683,193,3,0
168,684,143,0,3
168,686,193,3,0
168,690,143,0,3
168,692,143,0,3
168,693,193,3,0
168,695,143,0,3
168,696,143,0,3
168,697,193,3,0
168,700,143,0,3
168,701,143,0,3
168,702,193,3,0
168,705,193,3,0
168,709,193,3,0
168,710,143,0,3
168,711,143,0,3
168,714,143,0,3
168,715,193,3,0
168,718,193,3,0
168,719,193,3,0
168,720,143,0,3
168,723,193,3,0
169,627,168,1,2
169,628,168,1,2
169,629,168,1,2
169,630,168,1,2
169,631,168,1,2
169,634,168,1,2
169,636,168,1,2
169,637,168,1,2
169,640,168,1,2
169,641,144,0,3
169,642,168,1,2
169,644,168,1,2
169,645,168,1,2
169,648,168,1,2
169,650,168,1,2
169,652,168,1,2
169,653,194,3,0
169,655,168,1,2
169,656,168,1,2
169,659,168,1,2
169,661,168,1,2
169,663,168,1,2
169,667,168,1,2
169,669,168,1,2
169,670,168,1,2
169,671,194,3,0
169,673,168,1,2
169,674,168,1,2
169,676,168,1,2
169,678,168,1,2
169,679,168,1,2
169,680,168,1,2
169,684,144,0,3
169,685,168,1,2
169,686,168,1,2
169,688,168,1,2
169,689,168,1,2
169,691,168,1,2
169,693,194,3,0
169,695,168,1,2
169,698,168,1,2
169,699,168,1,2
169,703,168,1,2
169,704,168,1,2
169,707,168,1,2
169,713,168,1,2
169,717,168,1,2
169,720,168,1,2
169,722,168,1,2
169,724,168,1,2
170,629,169,1,2
170,632,145,0,3
170,636,169,1,2
170,641,145,0,3
170,650,169,1,2
170,653,195,3,0
170,665,145,0,3
170,670,169,1,2
170,671,195,3,0
170,674,169,1,2
170,678,169,1,2
170,684,145,0,3
170,686,169,1,2
170,693,195,3,0
170,695,169,1,2
170,720,169,1,2
171,629,170,1,2
171,632,146,0,3
171,641,146,0,3
171,650,170,1,2
171,653,196,3,0
171,665,146,0,3
171,670,170,1,2
171,671,196,3,0
171,674,170,1,2
171,678,170,1,2
171,684,146,0,3
171,686,170,1,2
171,693,196,3,0
171,695,170,1,2
171,710,146,0,3
171,720,170,1,2
172,629,171,1,2
172,641,147,0,3
172,650,171,1,2
172,653,197,3,0
172,670,171,1,2
172,671,197,3,0
172,678,171,1,2
172,683,197,3,0
172,684,147,0,3
172,686,171,1,2
172,693,197,3,0
172,695,171,1,2
173,641,174,2,1
173,650,172,1,2
173,653,198,3,0
173,670,172,1,2
173,671,198,3,0
173,678,172,1,2
173,684,148,0,3
173,693,198,3,0
173,695,172,1,2
174,653,199,3,0
174,670,173,1,2
174,671,199,3,0
175,653,653,32,0
175,670,176,1,1
176,650,177,2,1
176,653,175,1,1
176,670,177,2,1
176,671,201,3,0
176,678,177,2,1
176,684,151,0,3
176,693,201,3,0
176,695,177,2,1
177,641,152,0,3
177,650,178,2,1
177,653,176,1,2
177,670,178,2,1
177,671,202,3,0
177,678,178,2,1
177,683,202,3,0
177,684,152,0,3
177,686,178,2,1
177,693,202,3,0
177,695,178,2,1
178,629,179,2,1
178,641,153,0,3
178,650,179,2,1
178,653,177,1,2
178,670,179,2,1
178,671,203,3,0
178,674,179,2,1
178,678,179,2,1
178,684,153,0,3
178,686,179,2,1
178,693,203,3,0
178,695,179,2,1
178,710,153,0,3
178,720,179,2,1
179,629,180,2,1
179,632,154,0,3
179,636,180,2,1
179,641,154,0,3
179,650,180,2,1
179,653,178,1,2
179,665,154,0,3
179,670,180,2,1
179,671,204,3,0
179,674,180,2,1
179,678,180,2,1
179,684,154,0,3
179,686,180,2,1
179,693,204,3,0
179,695,180,2,1
179,720,180,2,1
180,629,181,2,1
180,632,155,0,3
180,636,181,2,1
180,641,155,0,3
180,650,181,2,1
180,653,179,1,2
180,665,155,0,3
180,670,181,2,1
180,671,205,3,0
180,674,181,2,1
180,678,181,2,1
180,684,155,0,3
180,686,181,2,1
180,693,205,3,0
180,695,181,2,1
180,720,181,2,1
181,629,206,3,0
181,636,156,0,3
181,641,156,0,3
181,650,206,3,0
181,653,180,1,2
181,670,156,0,3
181,671,206,3,0
181,674,156,0,3
181,678,156,0,3
181,684,156,0,3
181,686,206,3,0
181,693,206,3,0
181,695,156,0,3
181,720,156,0,3
182,629,207,3,0
182,632,181,1,2
182,636,157,0,3
182,641,181,1,2
182,650,207,3,0
182,653,181,1,2
182,665,181,1,2
182,670,157,0,3
182,671,181,1,2
182,674,157,0,3
182,678,157,0,3
182,684,181,1,2
182,686,207,3,0
182,693,181,1,2
182,695,157,0,3
182,720,157,0,3
183,629,208,3,0
183,632,182,1,2
183,636,158,0,3
183,641,182,1,2
183,650,208,3,0
183,653,182,1,2
183,665,182,1,2
183,670,158,0,3
183,671,182,1,2
183,674,158,0,3
183,678,158,0,3
183,684,182,1,2
183,686,208,3,0
183,693,182,1,2
183,695,158,0,3
183,720,158,0,3
184,629,209,3,0
184,641,183,1,2
184,650,209,3,0
184,653,183,1,2
184,670,159,0,3
184,671,183,1,2
184,674,159,0,3
184,678,159,0,3
184,684,183,1,2
184,686,209,3,0
184,693,183,1,2
184,695,159,0,3
184,720,159,0,3
185,641,184,1,2
185,650,210,3,0
185,653,184,1,2
185,670,160,0,3
185,671,184,1,2
185,678,160,0,3
185,684,184,1,2
185,686,210,3,0
185,693,184,1,2
185,695,160,0,3
186,641,185,1,2
186,650,211,3,0
186,653,185,1,2
186,670,161,0,3
186,671,185,1,2
186,678,161,0,3
186,684,185,1,2
186,693,185,1,2
186,695,161,0,3
187,653,186,1,2
187,670,162,0,3
188,653,189,2,1
188,670,163,0,3
188,671,189,2,1
189,641,188,1,2
189,650,214,3,0
189,653,190,2,1
189,670,164,0,3
189,671,190,2,1
189,678,164,0,3
189,684,190,2,1
189,693,190,2,1
189,695,164,0,3
190,629,215,3,0
190,641,191,2,1
190,650,215,3,0
190,653,191,2,1
190,670,165,0,3
190,671,191,2,1
190,678,165,0,3
190,683,191,2,1
190,684,191,2,1
190,686,215,3,0
190,693,191,2,1
190,695,165,0,3
191,629,216,3,0
191,632,192,2,1
191,641,192,2,1
191,650,216,3,0
191,653,192,2,1
191,665,192,2,1
191,670,166,0,3
191,671,192,2,1
191,674,166,0,3
191,678,166,0,3
191,684,192,2,1
191,686,216,3,0
191,693,192,2,1
191,695,166,0,3
191,710,192,2,1
191,720,166,0,3
192,629,217,3,0
192,632,193,2,1
192,636,167,0,3
192,641,193,2,1
192,650,217,3,0
192,653,193,2,1
192,665,193,2,1
192,670,167,0,3
192,671,193,2,1
192,674,167,0,3
192,678,167,0,3
192,684,193,2,1
192,686,217,3,0
192,693,193,2,1
192,695,167,0,3
192,720,167,0,3
193,625,168,0,3
193,626,218,3,0
193,629,218,3,0
193,633,218,3,0
193,635,218,3,0
193,636,168,0,3
193,638,168,0,3
193,639,168,0,3
193,641,168,0,3
193,643,218,3,0
193,647,218,3,0
193,650,218,3,0
193,651,168,0,3
193,653,194,2,1
193,654,218,3,0
193,657,168,0,3
193,658,168,0,3
193,660,168,0,3
193,662,168,0,3
193,666,218,3,0
193,668,168,0,3
193,670,168,0,3
193,671,218,3,0
193,674,168,0,3
193,675,218,3,0
193,677,218,3,0
193,678,168,0,3
193,681,218,3,0
193,682,218,3,0
193,683,218,3,0
193,684,168,0,3
193,686,218,3,0
193,687,168,0,3
193,690,168,0,3
193,692,168,0,3
193,693,218,3,0
193,694,168,0,3
193,695,168,0,3
193,696,168,0,3
193,697,218,3,0
193,700,168,0,3
193,701,168,0,3
193,702,218,3,0
193,705,218,3,0
193,708,168,0,3
193,709,218,3,0
193,710,168,0,3
193,711,168,0,3
193,714,168,0,3
193,715,218,3,0
193,718,218,3,0
193,719,218,3,0
193,720,168,0,3
193,723,218,3,0
194,627,193,1,2
194,628,193,1,2
194,629,193,1,2
194,630,193,1,2
194,631,193,1,2
194,634,193,1,2
194,636,193,1,2
194,637,193,1,2
194,640,193,1,2
194,641,169,0,3
194,642,193,1,2
194,644,193,1,2
194,645,193,1,2
194,648,193,1,2
194,649,193,1,2
194,650,193,1,2
194,653,195,2,1
194,655,193,1,2
194,656,193,1,2
194,659,193,1,2
194,661,193,1,2
194,663,193,1,2
194,667,193,1,2
194,669,193,1,2
194,670,193,1,2
194,671,219,3,0
194,673,193,1,2
194,674,193,1,2
194,676,193,1,2
194,678,193,1,2
194,679,193,1,2
194,680,193,1,2
194,684,169,0,3
194,685,193,1,2
194,686,193,1,2
194,688,193,1,2
194,689,193,1,2
194,691,193,1,2
194,693,219,3,0
194,695,193,1,2
194,699,193,1,2
194,703,193,1,2
194,704,193,1,2
194,707,193,1,2
194,713,193,1,2
194,717,193,1,2
194,720,193,1,2
194,722,193,1,2
194,724,193,1,2
195,629,194,1,2
195,632,170,0,3
195,636,194,1,2
195,641,170,0,3
195,650,194,1,2
195,653,196,2,1
195,665,170,0,3
195,670,194,1,2
195,671,220,3,0
195,674,194,1,2
195,678,194,1,2
195,684,170,0,3
195,686,194,1,2
195,693,220,3,0
195,695,194,1,2
195,720,194,1,2
196,629,195,1,2
196,632,171,0,3
196,641,171,0,3
196,650,195,1,2
196,653,197,2,1
196,665,171,0,3
196,670,195,1,2
196,671,221,3,0
196,674,195,1,2
196,678,195,1,2
196,684,171,0,3
196,686,195,1,2
196,693,221,3,0
196,695,195,1,2
196,710,171,0,3
196,720,195,1,2
197,629,196,1,2
197,641,172,0,3
197,650,196,1,2
197,653,198,2,1
197,670,196,1,2
197,671,222,3,0
197,678,196,1,2
197,683,222,3,0
197,684,172,0,3
197,686,196,1,2
197,693,222,3,0
197,695,196,1,2
198,641,199,2,1
198,650,197,1,2
198,653,199,2,1
198,670,197,1,2
198,671,223,3,0
198,678,197,1,2
198,684,173,0,3
198,693,223,3,0
198,695,197,1,2
199,653,175,2,3
199,670,198,1,2
199,671,224,3,0
200,653,175,0,2
200,670,201,1,1
201,650,202,2,1
201,653,176,0,3
201,670,202,2,1
201,671,226,3,0
201,678,202,2,1
201,684,176,0,3
201,693,226,3,0
201,695,202,2,1
202,641,177,0,3
202,650,203,2,1
202,653,177,0,3
202,670,203,2,1
202,671,227,3,0
202,678,203,2,1
202,683,227,3,0
202,684,177,0,3
202,686,203,2,1
202,693,227,3,0
202,695,203,2,1
203,629,204,2,1
203,641,178,0,3
203,650,204,2,1
203,653,178,0,3
203,670,204,2,1
203,671,228,3,0
203,674,204,2,1
203,678,204,2,1
203,684,178,0,3
203,686,204,2,1
203,693,228,3,0
203,695,204,2,1
203,710,178,0,3
203,720,204,2,1
204,629,205,2,1
204,632,179,0,3
204,636,205,2,1
204,641,179,0,3
204,650,205,2,1
204,653,179,0,3
204,665,179,0,3
204,670,205,2,1
204,671,229,3,0
204,674,205,2,1
204,678,205,2,1
204,684,179,0,3
204,686,205,2,1
204,693,229,3,0
204,695,205,2,1
204,720,205,2,1
205,629,206,2,1
205,632,180,0,3
205,636,206,2,1
205,641,180,0,3
205,650,206,2,1
205,653,180,0,3
205,665,180,0,3
205,670,206,2,1
205,671,230,3,0
205,674,206,2,1
205,678,206,2,1
205,684,180,0,3
205,686,206,2,1
205,693,230,3,0
205,695,206,2,1
205,720,206,2,1
206,629,231,3,0
206,636,181,0,3
206,641,181,0,3
206,650,231,3,0
206,653,181,0,3
206,670,181,0,3
206,671,231,3,0
206,678,181,0,3
206,684,181,0,3
206,686,231,3,0
206,693,231,3,0
206,695,181,0,3
206,720,181,0,3
207,629,232,3,0
207,632,206,1,2
207,636,182,0,3
207,641,206,1,2
207,650,232,3,0
207,653,206,1,2
207,665,206,1,2
207,670,182,0,3
207,671,206,1,2
207,674,182,0,3
207,678,182,0,3
207,684,206,1,2
207,686,232,3,0
207,693,206,1,2
207,695,182,0,3
207,720,182,0,3
208,629,233,3,0
208,632,207,1,2
208,636,183,0,3
208,641,207,1,2
208,650,233,3,0
208,653,207,1,2
208,665,207,1,2
208,670,183,0,3
208,671,207,1,2
208,674,183,0,3
208,678,183,0,3
208,684,207,1,2
208,686,233,3,0
208,693,207,1,2
208,695,183,0,3
208,720,183,0,3
209,629,234,3,0
209,641,208,1,2
209,650,234,3,0
209,653,208,1,2
209,670,184,0,3
209,671,208,1,2
209,674,184,0,3
209,678,184,0,3
209,684,208,1,2
209,686,234,3,0
209,693,208,1,2
209,695,184,0,3
209,720,184,0,3
210,641,209,1,2
210,650,235,3,0
210,653,209,1,2
210,670,185,0,3
210,671,209,1,2
210,678,185,0,3
210,684,209,1,2
210,686,235,3,0
210,693,209,1,2
210,695,185,0,3
211,641,210,1,2
211,650,236,3,0
211,653,210,1,2
211,670,186,0,3
211,671,210,1,2
211,678,186,0,3
211,684,210,1,2
211,693,210,1,2
211,695,186,0,3
212,653,211,1,2
212,670,187,0,3
213,653,214,2,1
213,670,188,0,3
213,671,214,2,1
214,641,213,1,2
214,650,239,3,0
214,653,215,2,1
214,670,189,0,3
214,671,215,2,1
214,678,189,0,3
214,684,215,2,1
214,693,215,2,1
214,695,189,0,3
215,629,240,3,0
215,641,216,2,1
215,650,240,3,0
215,653,216,2,1
215,670,190,0,3
215,671,216,2,1
215,678,190,0,3
215,683,216,2,1
215,684,216,2,1
215,686,240,3,0
215,693,216,2,1
215,695,190,0,3
216,629,241,3,0
216,632,217,2,1
216,641,217,2,1
216,650,241,3,0
216,653,217,2,1
216,665,217,2,1
216,670,191,0,3
216,671,217,2,1
216,674,191,0,3
216,678,191,0,3
216,684,217,2,1
216,686,241,3,0
216,693,217,2,1
216,695,191,0,3
216,710,217,2,1
216,720,191,0,3
217,629,242,3,0
217,632,218,2,1
217,636,192,0,3
217,641,218,2,1
217,650,242,3,0
217,653,218,2,1
217,665,218,2,1
217,670,192,0,3
217,671,218,2,1
217,674,192,0,3
217,678,192,0,3
217,684,218,2,1
217,686,242,3,0
217,693,218,2,1
217,695,192,0,3
217,720,192,0,3
218,625,193,0,3
218,626,243,3,0
218,629,243,3,0
218,633,243,3,0
218,636,193,0,3
218,638,243,3,0
218,639,193,0,3
218,641,193,0,3
218,647,243,3,0
218,650,243,3,0
218,651,193,0,3
218,653,193,0,3
218,654,243,3,0
218,657,193,0,3
218,658,193,0,3
218,660,193,0,3
218,662,193,0,3
218,666,243,3,0
218,668,193,0,3
218,670,193,0,3
218,671,243,3,0
218,674,193,0,3
218,675,243,3,0
218,677,243,3,0
218,678,193,0,3
218,681,243,3,0
218,682,243,3,0
218,683,243,3,0
218,684,193,0,3
218,686,243,3,0
218,687,193,0,3
218,690,193,0,3
218,692,193,0,3
218,693,243,3,0
218,694,193,0,3
218,695,193,0,3
218,696,193,0,3
218,697,243,3,0
218,700,193,0,3
218,701,193,0,3
218,708,193,0,3
218,709,243,3,0
218,710,193,0,3
218,711,193,0,3
218,714,193,0,3
218,715,243,3,0
218,718,243,3,0
218,719,243,3,0
218,720,193,0,3
218,723,243,3,0
219,627,218,1,2
219,628,218,1,2
219,629,218,1,2
219,630,218,1,2
219,631,218,1,2
219,634,218,1,2
219,636,218,1,2
219,640,218,1,2
219,641,194,0,3
219,642,218,1,2
219,644,218,1,2
219,645,218,1,2
219,648,218,1,2
219,649,218,1,2
219,650,218,1,2
219,652,218,1,2
219,653,194,0,3
219,655,218,1,2
219,656,218,1,2
219,659,218,1,2
219,661,218,1,2
219,663,218,1,2
219,667,218,1,2
219,669,218,1,2
219,670,218,1,2
219,671,244,3,0
219,673,218,1,2
219,674,218,1,2
219,676,218,1,2
219,678,218,1,2
219,679,218,1,2
219,680,218,1,2
219,684,194,0,3
219,686,218,1,2
219,688,218,1,2
219,689,218,1,2
219,691,218,1,2
219,693,244,3,0
219,695,218,1,2
219,698,218,1,2
219,699,218,1,2
219,703,218,1,2
219,704,218,1,2
219,707,218,1,2
219,713,218,1,2
219,717,218,1,2
219,720,218,1,2
219,722,218,1,2
219,724,218,1,2
220,629,219,1,2
220,632,195,0,3
220,636,219,1,2
220,641,195,0,3
220,650,219,1,2
220,653,195,0,3
220,665,195,0,3
220,670,219,1,2
220,671,245,3,0
220,674,219,1,2
220,678,219,1,2
220,684,195,0,3
220,686,219,1,2
220,693,245,3,0
220,695,219,1,2
220,720,219,1,2
221,629,220,1,2
221,632,196,0,3
221,641,196,0,3
221,650,220,1,2
221,653,196,0,3
221,665,196,0,3
221,670,220,1,2
221,671,246,3,0
221,674,220,1,2
221,678,220,1,2
221,684,196,0,3
221,686,220,1,2
221,693,246,3,0
221,695,220,1,2
221,710,196,0,3
221,720,220,1,2
222,629,221,1,2
222,641,197,0,3
222,650,221,1,2
222,653,197,0,3
222,670,221,1,2
222,671,247,3,0
222,678,221,1,2
222,683,247,3,0
222,684,197,0,3
222,686,221,1,2
222,693,247,3,0
222,695,221,1,2
223,641,224,2,1
223,650,222,1,2
223,653,198,0,3
223,670,222,1,2
223,671,248,3,0
223,678,222,1,2
223,684,198,0,3
223,693,248,3,0
223,695,222,1,2
224,653,199,0,3
224,670,223,1,2
224,671,249,3,0
225,653,200,0,2
225,670,226,1,1
226,650,227,2,1
226,653,201,0,3
226,670,227,2,1
226,671,251,3,0
226,678,227,2,1
226,684,201,0,3
226,693,251,3,0
226,695,227,2,1
227,641,202,0,3
227,650,228,2,1
227,653,202,0,3
227,670,228,2,1
227,671,252,3,0
227,678,228,2,1
227,683,252,3,0
227,684,202,0,3
227,686,228,2,1
227,693,252,3,0
227,695,228,2,1
228,629,229,2,1
228,641,203,0,3
228,650,229,2,1
228,653,203,0,3
228,670,229,2,1
228,671,253,3,0
228,674,229,2,1
228,678,229,2,1
228,684,203,0,3
228,686,229,2,1
228,693,253,3,0
228,695,229,2,1
228,710,203,0,3
228,720,229,2,1
229,629,230,2,1
229,632,254,3,0
229,636,230,2,1
229,641,204,0,3
229,650,230,2,1
229,653,204,0,3
229,665,204,0,3
229,670,230,2,1
229,671,254,3,0
229,674,230,2,1
229,678,230,2,1
229,684,204,0,3
229,686,230,2,1
229,693,254,3,0
229,695,230,2,1
229,720,230,2,1
230,629,231,2,1
230,632,255,3,0
230,636,231,2,1
230,641,205,0,3
230,650,231,2,1
230,653,205,0,3
230,665,205,0,3
230,670,231,2,1
230,671,255,3,0
230,674,231,2,1
230,678,231,2,1
230,684,205,0,3
230,686,231,2,1
230,693,255,3,0
230,695,231,2,1
230,720,231,2,1
231,629,256,3,0
231,632,256,3,0
231,636,206,0,3
231,641,206,0,3
231,650,256,3,0
231,653,206,0,3
231,670,206,0,3
231,671,256,3,0
231,678,206,0,3
231,684,206,0,3
231,693,256,3,0
231,695,206,0,3
231,720,206,0,3
232,629,257,3,0
232,632,231,1,2
232,636,207,0,3
232,641,231,1,2
232,650,257,3,0
232,653,231,1,2
232,665,231,1,2
232,670,207,0,3
232,671,231,1,2
232,674,207,0,3
232,678,207,0,3
232,684,231,1,2
232,686,257,3,0
232,693,231,1,2
232,695,207,0,3
232,720,207,0,3
233,629,258,3,0
233,632,232,1,2
233,636,208,0,3
233,641,232,1,2
233,650,258,3,0
233,653,232,1,2
233,665,232,1,2
233,670,208,0,3
233,671,232,1,2
233,674,208,0,3
233,678,208,0,3
233,684,232,1,2
233,686,258,3,0
233,693,232,1,2
233,695,208,0,3
233,720,208,0,3
234,629,259,3,0
234,641,233,1,2
234,650,259,3,0
234,653,233,1,2
234,670,209,0,3
234,671,233,1,2
234,674,209,0,3
234,678,209,0,3
234,684,233,1,2
234,686,259,3,0
234,693,233,1,2
234,695,209,0,3
234,720,209,0,3
235,641,234,1,2
235,650,260,3,0
235,653,234,1,2
235,670,210,0,3
235,671,234,1,2
235,678,210,0,3
235,684,234,1,2
235,686,260,3,0
235,693,234,1,2
235,695,210,0,3
236,641,235,1,2
236,650,261,3,0
236,653,235,1,2
236,670,211,0,3
236,671,235,1,2
236,678,211,0,3
236,684,235,1,2
236,693,235,1,2
236,695,211,0,3
237,653,236,1,2
237,670,212,0,3
238,653,239,2,1
238,670,213,0,3
238,671,239,2,1
239,641,238,1,2
239,650,264,3,0
239,653,240,2,1
239,670,214,0,3
239,671,240,2,1
239,678,214,0,3
239,684,240,2,1
239,693,240,2,1
239,695,214,0,3
240,629,265,3,0
240,641,241,2,1
240,650,265,3,0
240,653,241,2,1
240,670,215,0,3
240,671,241,2,1
240,678,215,0,3
240,683,241,2,1
240,684,241,2,1
240,686,265,3,0
240,693,241,2,1
240,695,215,0,3
241,629,266,3,0
241,632,242,2,1
241,641,242,2,1
241,650,266,3,0
241,653,242,2,1
241,665,242,2,1
241,670,216,0,3
241,671,242,2,1
241,674,216,0,3
241,678,216,0,3
241,684,242,2,1
241,686,266,3,0
241,693,242,2,1
241,695,216,0,3
241,710,242,2,1
241,720,216,0,3
242,629,267,3,0
242,632,243,2,1
242,636,217,0,3
242,641,243,2,1
242,650,267,3,0
242,653,243,2,1
242,665,243,2,1
242,670,217,0,3
242,671,243,2,1
242,674,217,0,3
242,678,217,0,3
242,684,243,2,1
242,686,267,3,0
242,693,243,2,1
242,695,217,0,3
242,720,217,0,3
243,625,218,0,3
243,626,268,3,0
243,629,268,3,0
243,632,268,3,0
243,633,268,3,0
243,635,218,0,3
243,636,218,0,3
243,638,268,3,0
243,639,218,0,3
243,641,218,0,3
243,643,218,0,3
243,647,268,3,0
243,650,268,3,0
243,651,218,0,3
243,653,218,0,3
243,654,268,3,0
243,657,218,0,3
243,658,218,0,3
243,660,218,0,3
243,662,218,0,3
243,666,268,3,0
243,668,218,0,3
243,670,218,0,3
243,671,268,3,0
243,674,218,0,3
243,675,268,3,0
243,677,268,3,0
243,678,218,0,3
243,681,268,3,0
243,683,268,3,0
243,684,218,0,3
243,686,268,3,0
243,687,218,0,3
243,690,218,0,3
243,692,218,0,3
243,693,268,3,0
243,694,218,0,3
243,695,218,0,3
243,696,218,0,3
243,697,268,3,0
243,700,218,0,3
243,701,218,0,3
243,702,218,0,3
243,705,218,0,3
243,708,218,0,3
243,709,268,3,0
243,710,218,0,3
243,711,218,0,3
243,714,268,3,0
243,715,268,3,0
243,718,268,3,0
243,719,268,3,0
243,720,218,0,3
243,723,268,3,0
244,627,243,1,2
244,628,243,1,2
244,629,243,1,2
244,630,243,1,2
244,631,243,1,2
244,632,269,3,0
244,634,243,1,2
244,636,243,1,2
244,637,243,1,2
244,640,243,1,2
244,641,219,0,3
244,642,243,1,2
244,645,243,1,2
244,648,243,1,2
244,649,243,1,2
244,650,243,1,2
244,652,243,1,2
244,653,219,0,3
244,655,243,1,2
244,656,243,1,2
244,659,243,1,2
244,661,243,1,2
244,663,243,1,2
244,667,243,1,2
244,669,243,1,2
244,670,243,1,2
244,671,269,3,0
244,673,243,1,2
244,674,243,1,2
244,676,243,1,2
244,678,243,1,2
244,679,243,1,2
244,680,243,1,2
244,684,219,0,3
244,685,243,1,2
244,686,243,1,2
244,688,243,1,2
244,689,243,1,2
244,691,243,1,2
244,693,269,3,0
244,695,243,1,2
244,698,243,1,2
244,699,243,1,2
244,703,243,1,2
244,704,243,1,2
244,707,243,1,2
244,713,243,1,2
244,717,243,1,2
244,720,243,1,2
244,722,243,1,2
244,724,243,1,2
245,629,244,1,2
245,632,270,3,0
245,636,244,1,2
245,641,220,0,3
245,650,244,1,2
245,653,220,0,3
245,665,220,0,3
245,670,244,1,2
245,671,270,3,0
245,674,244,1,2
245,678,244,1,2
245,684,220,0,3
245,686,244,1,2
245,693,270,3,0
245,695,244,1,2
245,720,244,1,2
246,629,245,1,2
246,632,271,3,0
246,641,221,0,3
246,650,245,1,2
246,653,221,0,3
246,665,221,0,3
246,670,245,1,2
246,671,271,3,0
246,674,245,1,2
246,678,245,1,2
246,684,221,0,3
246,686,245,1,2
246,693,271,3,0
246,695,245,1,2
246,710,221,0,3
246,720,245,1,2
247,629,246,1,2
247,641,222,0,3
247,650,246,1,2
247,653,222,0,3
247,670,246,1,2
247,671,272,3,0
247,678,246,1,2
247,683,272,3,0
247,684,222,0,3
247,686,246,1,2
247,693,272,3,0
247,695,246,1,2
248,641,249,2,1
248,650,247,1,2
248,653,223,0,3
248,670,247,1,2
248,671,273,3,0
248,678,247,1,2
248,684,223,0,3
248,693,273,3,0
248,695,247,1,2
249,653,224,0,3
249,670,248,1,2
249,671,274,3,0
250,653,225,0,2
250,670,251,1,1
251,650,252,2,1
251,653,226,0,3
251,670,252,2,1
251,671,250,1,1
251,678,252,2,1
251,684,226,0,3
251,693,276,3,0
251,695,252,2,1
252,641,227,0,3
252,650,253,2,1
252,653,227,0,3
252,670,253,2,1
252,671,251,1,2
252,678,253,2,1
252,683,277,3,0
252,684,227,0,3
252,686,253,2,1
252,693,277,3,0
252,695,253,2,1
253,629,254,2,1
253,641,228,0,3
253,650,254,2,1
253,653,228,0,3
253,670,254,2,1
253,671,252,1,2
253,674,254,2,1
253,678,254,2,1
253,684,228,0,3
253,686,254,2,1
253,693,278,3,0
253,695,254,2,1
253,710,228,0,3
253,720,254,2,1
254,629,255,2,1
254,632,279,3,0
254,636,255,2,1
254,641,229,0,3
254,650,255,2,1
254,653,229,0,3
254,665,229,0,3
254,670,255,2,1
254,671,253,1,2
254,674,255,2,1
254,678,255,2,1
254,684,229,0,3
254,686,255,2,1
254,693,279,3,0
254,695,255,2,1
254,710,229,0,3
254,720,255,2,1
255,629,256,2,1
255,632,280,3,0
255,636,256,2,1
255,641,230,0,3
255,650,256,2,1
255,653,230,0,3
255,665,230,0,3
255,670,256,2,1
255,671,254,1,2
255,674,256,2,1
255,678,256,2,1
255,684,230,0,3
255,686,256,2,1
255,693,280,3,0
255,695,256,2,1
255,710,230,0,3
255,720,256,2,1
256,629,281,3,0
256,632,281,3,0
256,636,231,0,3
256,641,231,0,3
256,650,281,3,0
256,653,231,0,3
256,670,231,0,3
256,671,255,1,2
256,678,231,0,3
256,684,231,0,3
256,693,281,3,0
256,710,231,0,3
256,720,231,0,3
257,629,282,3,0
257,632,256,1,2
257,636,232,0,3
257,641,256,1,2
257,650,282,3,0
257,653,256,1,2
257,665,256,1,2
257,670,232,0,3
257,671,256,1,2
257,674,232,0,3
257,678,232,0,3
257,684,256,1,2
257,686,282,3,0
257,693,256,1,2
257,695,232,0,3
257,720,232,0,3
258,629,283,3,0
258,632,257,1,2
258,636,233,0,3
258,641,257,1,2
258,650,283,3,0
258,653,257,1,2
258,665,257,1,2
258,670,233,0,3
258,671,257,1,2
258,674,233,0,3
258,678,233,0,3
258,684,257,1,2
258,686,283,3,0
258,693,257,1,2
258,695,233,0,3
258,720,233,0,3
259,629,284,3,0
259,641,258,1,2
259,650,284,3,0
259,653,258,1,2
259,670,234,0,3
259,671,258,1,2
259,674,234,0,3
259,678,234,0,3
259,684,258,1,2
259,686,284,3,0
259,693,258,1,2
259,695,234,0,3
259,720,234,0,3
260,641,259,1,2
260,650,285,3,0
260,653,259,1,2
260,670,235,0,3
260,671,259,1,2
260,678,235,0,3
260,684,259,1,2
260,686,285,3,0
260,693,259,1,2
260,695,235,0,3
261,641,260,1,2
261,650,286,3,0
261,653,260,1,2
261,670,236,0,3
261,671,260,1,2
261,678,236,0,3
261,684,260,1,2
261,693,260,1,2
261,695,236,0,3
262,653,261,1,2
262,670,237,0,3
263,653,264,2,1
263,670,238,0,3
263,671,264,2,1
264,641,263,1,2
264,650,289,3,0
264,653,265,2,1
264,670,239,0,3
264,671,265,2,1
264,678,239,0,3
264,684,265,2,1
264,693,265,2,1
264,695,239,0,3
265,629,290,3,0
265,641,266,2,1
265,650,290,3,0
265,653,266,2,1
265,670,240,0,3
265,671,266,2,1
265,678,240,0,3
265,683,266,2,1
265,684,266,2,1
265,686,290,3,0
265,693,266,2,1
265,695,240,0,3
266,629,291,3,0
266,632,267,2,1
266,641,267,2,1
266,650,291,3,0
266,653,267,2,1
266,665,267,2,1
266,670,241,0,3
266,671,267,2,1
266,674,241,0,3
266,678,241,0,3
266,684,267,2,1
266,686,291,3,0
266,693,267,2,1
266,695,241,0,3
266,710,267,2,1
266,720,241,0,3
267,629,292,3,0
267,632,268,2,1
267,636,242,0,3
267,641,268,2,1
267,650,292,3,0
267,653,268,2,1
267,665,268,2,1
267,670,242,0,3
267,671,268,2,1
267,674,242,0,3
267,678,242,0,3
267,684,268,2,1
267,686,292,3,0
267,693,268,2,1
267,695,242,0,3
267,720,242,0,3
268,625,243,0,3
268,626,293,3,0
268,629,293,3,0
268,632,293,3,0
268,633,293,3,0
268,635,243,0,3
268,636,243,0,3
268,638,293,3,0
268,639,243,0,3
268,641,243,0,3
268,643,243,0,3
268,647,293,3,0
268,650,293,3,0
268,651,243,0,3
268,653,243,0,3
268,654,293,3,0
268,657,243,0,3
268,658,293,3,0
268,660,243,0,3
268,662,243,0,3
268,666,293,3,0
268,668,243,0,3
268,670,243,0,3
268,671,269,2,1
268,674,243,0,3
268,675,293,3,0
268,677,293,3,0
268,678,243,0,3
268,681,293,3,0
268,682,243,0,3
268,683,293,3,0
268,684,243,0,3
268,686,293,3,0
268,687,243,0,3
268,690,243,0,3
268,692,243,0,3
268,693,293,3,0
268,694,243,0,3
268,695,243,0,3
268,696,243,0,3
268,697,293,3,0
268,700,243,0,3
268,701,243,0,3
268,702,243,0,3
268,705,243,0,3
268,708,243,0,3
268,709,293,3,0
268,710,243,0,3
268,711,243,0,3
268,714,293,3,0
268,715,293,3,0
268,718,293,3,0
268,720,243,0,3
268,723,293,3,0
269,627,268,1,2
269,628,268,1,2
269,629,268,1,2
269,630,268,1,2
269,631,268,1,2
269,632,294,3,0
269,634,268,1,2
269,636,268,1,2
269,637,268,1,2
269,640,268,1,2
269,641,244,0,3
269,642,268,1,2
269,644,268,1,2
269,645,268,1,2
269,648,268,1,2
269,649,268,1,2
269,650,268,1,2
269,652,268,1,2
269,653,244,0,3
269,655,268,1,2
269,656,268,1,2
269,659,268,1,2
269,661,268,1,2
269,663,268,1,2
269,667,268,1,2
269,669,268,1,2
269,670,268,1,2
269,671,270,2,1
269,673,268,1,2
269,674,268,1,2
269,676,268,1,2
269,678,268,1,2
269,679,268,1,2
269,680,268,1,2
269,684,244,0,3
269,685,268,1,2
269,686,268,1,2
269,688,268,1,2
269,689,268,1,2
269,691,268,1,2
269,693,294,3,0
269,695,268,1,2
269,698,268,1,2
269,699,268,1,2
269,703,268,1,2
269,704,268,1,2
269,707,268,1,2
269,710,244,0,3
269,713,268,1,2
269,717,268,1,2
269,720,268,1,2
269,722,268,1,2
269,724,268,1,2
270,629,269,1,2
270,632,295,3,0
270,636,269,1,2
270,641,245,0,3
270,650,269,1,2
270,653,245,0,3
270,665,245,0,3
270,670,269,1,2
270,671,271,2,1
270,674,269,1,2
270,678,269,1,2
270,684,245,0,3
270,686,269,1,2
270,693,295,3,0
270,695,269,1,2
270,710,245,0,3
270,720,269,1,2
271,629,270,1,2
271,632,296,3,0
271,641,246,0,3
271,650,270,1,2
271,653,246,0,3
271,665,246,0,3
271,670,270,1,2
271,671,272,2,1
271,674,270,1,2
271,678,270,1,2
271,684,246,0,3
271,686,270,1,2
271,693,296,3,0
271,695,270,1,2
271,710,246,0,3
271,720,270,1,2
272,629,271,1,2
272,641,247,0,3
272,650,271,1,2
272,653,247,0,3
272,670,271,1,2
272,671,273,2,1
272,678,271,1,2
272,683,297,3,0
272,684,247,0,3
272,686,271,1,2
272,693,297,3,0
272,695,271,1,2
273,641,274,2,1
273,650,272,1,2
273,653,248,0,3
273,670,272,1,2
273,671,274,2,1
273,678,272,1,2
273,684,248,0,3
273,693,298,3,0
273,695,272,1,2
274,653,249,0,3
274,670,273,1,2
274,671,671,50,0
275,653,250,0,2
275,670,276,1,1
276,650,277,2,1
276,653,251,0,3
276,670,277,2,1
276,671,251,0,3
276,678,277,2,1
276,684,251,0,3
276,693,301,3,0
276,695,277,2,1
277,641,252,0,3
277,650,278,2,1
277,653,252,0,3
277,670,278,2,1
277,671,252,0,3
277,678,278,2,1
277,683,302,3,0
277,684,252,0,3
277,686,278,2,1
277,693,302,3,0
277,695,278,2,1
278,629,279,2,1
278,641,253,0,3
278,650,279,2,1
278,653,253,0,3
278,670,279,2,1
278,671,253,0,3
278,674,279,2,1
278,678,279,2,1
278,684,253,0,3
278,686,279,2,1
278,693,303,3,0
278,695,279,2,1
278,710,303,3,0
278,720,279,2,1
279,629,280,2,1
279,632,304,3,0
279,636,280,2,1
279,641,254,0,3
279,650,280,2,1
279,653,254,0,3
279,665,304,3,0
279,670,280,2,1
279,671,254,0,3
279,674,280,2,1
279,678,280,2,1
279,684,254,0,3
279,686,280,2,1
279,693,304,3,0
279,695,280,2,1
279,720,280,2,1
280,629,281,2,1
280,632,305,3,0
280,636,281,2,1
280,641,255,0,3
280,650,281,2,1
280,653,255,0,3
280,665,305,3,0
280,670,281,2,1
280,671,255,0,3
280,674,281,2,1
280,678,281,2,1
280,684,255,0,3
280,686,281,2,1
280,693,305,3,0
280,695,281,2,1
280,720,281,2,1
281,629,306,3,0
281,632,306,3,0
281,636,256,0,3
281,641,256,0,3
281,650,306,3,0
281,653,256,0,3
281,665,306,3,0
281,670,306,3,0
281,671,256,0,3
281,678,256,0,3
281,684,256,0,3
281,686,282,2,1
281,693,306,3,0
281,695,306,3,0
281,720,256,0,3
282,629,307,3,0
282,632,281,1,2
282,636,257,0,3
282,641,281,1,2
282,650,307,3,0
282,653,281,1,2
282,665,281,1,2
282,670,307,3,0
282,671,281,1,2
282,674,257,0,3
282,678,257,0,3
282,684,281,1,2
282,686,283,2,1
282,693,281,1,2
282,695,307,3,0
282,720,257,0,3
283,629,308,3,0
283,632,282,1,2
283,636,258,0,3
283,641,282,1,2
283,650,308,3,0
283,653,282,1,2
283,665,282,1,2
283,670,308,3,0
283,671,282,1,2
283,674,258,0,3
283,678,258,0,3
283,684,282,1,2
283,686,284,2,1
283,693,282,1,2
283,695,308,3,0
283,720,258,0,3
284,629,309,3,0
284,641,283,1,2
284,650,309,3,0
284,653,283,1,2
284,670,309,3,0
284,671,283,1,2
284,674,259,0,3
284,678,259,0,3
284,684,283,1,2
284,686,285,2,1
284,693,283,1,2
284,695,309,3,0
284,720,259,0,3
285,641,284,1,2
285,650,310,3,0
285,653,284,1,2
285,670,310,3,0
285,671,284,1,2
285,678,260,0,3
285,684,284,1,2
285,686,686,65,0
285,693,284,1,2
285,695,310,3,0
286,641,285,1,2
286,650,311,3,0
286,653,285,1,2
286,670,311,3,0
286,671,285,1,2
286,678,261,0,3
286,684,285,1,2
286,693,285,1,2
286,695,311,3,0
287,653,286,1,2
287,670,312,3,0
288,653,289,2,1
288,670,313,3,0
288,671,289,2,1
289,641,288,1,2
289,650,314,3,0
289,653,290,2,1
289,670,314,3,0
289,671,290,2,1
289,678,264,0,3
289,684,290,2,1
289,693,290,2,1
289,695,314,3,0
290,629,315,3,0
290,641,291,2,1
290,650,315,3,0
290,653,291,2,1
290,670,315,3,0
290,671,291,2,1
290,678,265,0,3
290,683,291,2,1
290,684,291,2,1
290,686,289,1,2
290,693,291,2,1
290,695,315,3,0
291,629,316,3,0
291,632,292,2,1
291,641,292,2,1
291,650,316,3,0
291,653,292,2,1
291,665,292,2,1
291,670,316,3,0
291,671,292,2,1
291,674,266,0,3
291,678,266,0,3
291,684,292,2,1
291,686,290,1,2
291,693,292,2,1
291,695,316,3,0
291,710,292,2,1
291,720,266,0,3
292,629,317,3,0
292,632,293,2,1
292,636,267,0,3
292,641,293,2,1
292,650,317,3,0
292,653,293,2,1
292,665,293,2,1
292,670,317,3,0
292,671,293,2,1
292,674,267,0,3
292,678,267,0,3
292,684,293,2,1
292,686,291,1,2
292,693,293,2,1
292,695,317,3,0
292,720,267,0,3
293,625,268,0,3
293,626,318,3,0
293,629,318,3,0
293,632,318,3,0
293,633,318,3,0
293,635,268,0,3
293,636,268,0,3
293,638,318,3,0
293,639,268,0,3
293,641,268,0,3
293,643,268,0,3
293,647,318,3,0
293,650,318,3,0
293,651,268,0,3
293,653,268,0,3
293,654,318,3,0
293,657,268,0,3
293,658,318,3,0
293,660,268,0,3
293,662,268,0,3
293,665,318,3,0
293,666,318,3,0
293,668,268,0,3
293,670,318,3,0
293,671,268,0,3
293,674,268,0,3
293,675,318,3,0
293,677,318,3,0
293,678,268,0,3
293,682,268,0,3
293,683,318,3,0
293,684,268,0,3
293,686,292,1,2
293,687,268,0,3
293,690,268,0,3
293,692,268,0,3
293,693,318,3,0
293,694,268,0,3
293,695,318,3,0
293,696,268,0,3
293,697,318,3,0
293,700,268,0,3
293,701,268,0,3
293,702,268,0,3
293,705,268,0,3
293,708,268,0,3
293,709,318,3,0
293,710,318,3,0
293,711,268,0,3
293,714,318,3,0
293,715,318,3,0
293,718,318,3,0
293,719,268,0,3
293,720,268,0,3
293,723,318,3,0
294,627,293,1,2
294,628,293,1,2
294,629,293,1,2
294,630,293,1,2
294,631,293,1,2
294,632,319,3,0
294,634,293,1,2
294,636,293,1,2
294,637,293,1,2
294,640,293,1,2
294,641,269,0,3
294,642,293,1,2
294,644,293,1,2
294,645,293,1,2
294,648,293,1,2
294,649,293,1,2
294,650,293,1,2
294,652,293,1,2
294,653,269,0,3
294,655,293,1,2
294,656,293,1,2
294,659,293,1,2
294,661,293,1,2
294,663,293,1,2
294,665,319,3,0
294,667,293,1,2
294,669,293,1,2
294,670,293,1,2
294,671,269,0,3
294,673,293,1,2
294,674,293,1,2
294,676,293,1,2
294,678,293,1,2
294,679,293,1,2
294,680,293,1,2
294,684,269,0,3
294,685,293,1,2
294,686,293,1,2
294,688,293,1,2
294,689,293,1,2
294,691,293,1,2
294,693,319,3,0
294,695,293,1,2
294,698,293,1,2
294,699,293,1,2
294,703,293,1,2
294,704,293,1,2
294,707,293,1,2
294,713,293,1,2
294,717,293,1,2
294,720,293,1,2
294,722,293,1,2
294,724,293,1,2
295,629,294,1,2
295,632,320,3,0
295,636,294,1,2
295,641,270,0,3
295,650,294,1,2
295,653,270,0,3
295,665,320,3,0
295,670,294,1,2
295,671,270,0,3
295,674,294,1,2
295,678,294,1,2
295,684,270,0,3
295,686,294,1,2
295,693,320,3,0
295,695,294,1,2
295,720,294,1,2
296,629,295,1,2
296,632,321,3,0
296,641,271,0,3
296,650,295,1,2
296,653,271,0,3
296,665,321,3,0
296,670,295,1,2
296,671,271,0,3
296,674,295,1,2
296,678,295,1,2
296,684,271,0,3
296,686,295,1,2
296,693,321,3,0
296,695,295,1,2
296,710,321,3,0
296,720,295,1,2
297,629,296,1,2
297,641,272,0,3
297,650,296,1,2
297,653,272,0,3
297,670,296,1,2
297,671,272,0,3
297,678,296,1,2
297,683,322,3,0
297,684,272,0,3
297,686,296,1,2
297,693,322,3,0
297,695,296,1,2
298,641,299,2,1
298,650,297,1,2
298,653,273,0,3
298,670,297,1,2
298,671,273,0,3
298,678,297,1,2
298,684,273,0,3
298,693,323,3,0
298,695,297,1,2
299,653,274,0,3
299,670,298,1,2
299,671,274,0,3
300,653,275,0,2
300,670,301,1,1
301,650,302,2,1
301,653,276,0,3
301,670,302,2,1
301,671,276,0,3
301,678,302,2,1
301,684,276,0,3
301,693,326,3,0
301,695,302,2,1
302,641,277,0,3
302,650,303,2,1
302,653,277,0,3
302,670,303,2,1
302,671,277,0,3
302,678,303,2,1
302,683,327,3,0
302,684,277,0,3
302,686,303,2,1
302,693,327,3,0
302,695,303,2,1
303,629,304,2,1
303,641,278,0,3
303,650,304,2,1
303,653,278,0,3
303,670,304,2,1
303,671,278,0,3
303,674,304,2,1
303,678,304,2,1
303,684,278,0,3
303,686,304,2,1
303,693,328,3,0
303,695,304,2,1
303,710,328,3,0
303,720,304,2,1
304,629,305,2,1
304,632,329,3,0
304,636,305,2,1
304,641,279,0,3
304,650,305,2,1
304,653,279,0,3
304,665,329,3,0
304,670,305,2,1
304,671,279,0,3
304,674,305,2,1
304,678,305,2,1
304,684,279,0,3
304,686,305,2,1
304,693,329,3,0
304,695,305,2,1
304,720,305,2,1
305,629,306,2,1
305,632,330,3,0
305,636,306,2,1
305,641,280,0,3
305,650,306,2,1
305,653,280,0,3
305,665,330,3,0
305,670,306,2,1
305,671,280,0,3
305,674,306,2,1
305,678,306,2,1
305,684,280,0,3
305,686,306,2,1
305,693,330,3,0
305,695,306,2,1
305,720,306,2,1
306,629,331,3,0
306,632,331,3,0
306,641,281,0,3
306,650,331,3,0
306,653,281,0,3
306,665,331,3,0
306,670,331,3,0
306,671,281,0,3
306,674,331,3,0
306,678,281,0,3
306,684,281,0,3
306,686,281,0,3
306,693,331,3,0
306,695,331,3,0
307,629,332,3,0
307,632,306,1,2
307,636,282,0,3
307,641,306,1,2
307,650,332,3,0
307,653,306,1,2
307,665,306,1,2
307,670,332,3,0
307,671,306,1,2
307,674,332,3,0
307,678,282,0,3
307,684,306,1,2
307,686,282,0,3
307,693,306,1,2
307,695,332,3,0
307,720,282,0,3
308,629,333,3,0
308,632,307,1,2
308,636,283,0,3
308,641,307,1,2
308,650,333,3,0
308,653,307,1,2
308,665,307,1,2
308,670,333,3,0
308,671,307,1,2
308,674,333,3,0
308,678,283,0,3
308,684,307,1,2
308,686,283,0,3
308,693,307,1,2
308,695,333,3,0
308,720,283,0,3
309,629,334,3,0
309,641,308,1,2
309,650,334,3,0
309,653,308,1,2
309,670,334,3,0
309,671,308,1,2
309,674,334,3,0
309,678,284,0,3
309,684,308,1,2
309,686,284,0,3
309,693,308,1,2
309,695,334,3,0
309,720,284,0,3
310,641,309,1,2
310,650,335,3,0
310,653,309,1,2
310,670,335,3,0
310,671,309,1,2
310,678,285,0,3
310,684,309,1,2
310,686,285,0,3
310,693,309,1,2
310,695,335,3,0
311,641,310,1,2
311,650,336,3,0
311,653,310,1,2
311,670,336,3,0
311,671,310,1,2
311,678,286,0,3
311,684,310,1,2
311,693,310,1,2
311,695,336,3,0
312,653,311,1,2
312,670,337,3,0
313,653,314,2,1
313,670,338,3,0
313,671,314,2,1
314,641,313,1,2
314,650,339,3,0
314,653,315,2,1
314,670,339,3,0
314,671,315,2,1
314,678,289,0,3
314,684,315,2,1
314,693,315,2,1
314,695,339,3,0
315,629,340,3,0
315,641,316,2,1
315,650,340,3,0
315,653,316,2,1
315,670,340,3,0
315,671,316,2,1
315,678,290,0,3
315,683,316,2,1
315,684,316,2,1
315,686,290,0,3
315,693,316,2,1
315,695,340,3,0
316,629,341,3,0
316,632,317,2,1
316,641,317,2,1
316,650,341,3,0
316,653,317,2,1
316,665,317,2,1
316,670,341,3,0
316,671,317,2,1
316,674,341,3,0
316,678,291,0,3
316,684,317,2,1
316,686,291,0,3
316,693,317,2,1
316,695,341,3,0
316,710,317,2,1
316,720,291,0,3
317,629,342,3,0
317,632,318,2,1
317,636,292,0,3
317,641,318,2,1
317,650,342,3,0
317,653,318,2,1
317,665,318,2,1
317,670,342,3,0
317,671,318,2,1
317,674,342,3,0
317,678,292,0,3
317,684,318,2,1
317,686,292,0,3
317,693,318,2,1
317,695,342,3,0
317,720,292,0,3
318,625,293,0,3
318,626,343,3,0
318,629,343,3,0
318,632,343,3,0
318,633,343,3,0
318,635,293,0,3
318,636,293,0,3
318,638,343,3,0
318,639,293,0,3
318,641,293,0,3
318,643,293,0,3
318,650,343,3,0
318,651,293,0,3
318,653,293,0,3
318,654,343,3,0
318,657,343,3,0
318,658,343,3,0
318,660,293,0,3
318,662,293,0,3
318,665,343,3,0
318,668,293,0,3
318,670,343,3,0
318,671,293,0,3
318,674,343,3,0
318,675,343,3,0
318,677,343,3,0
318,678,293,0,3
318,681,293,0,3
318,682,293,0,3
318,683,343,3,0
318,684,293,0,3
318,686,293,0,3
318,687,293,0,3
318,690,293,0,3
318,692,293,0,3
318,693,343,3,0
318,694,293,0,3
318,695,343,3,0
318,696,343,3,0
318,697,343,3,0
318,700,293,0,3
318,701,293,0,3
318,702,293,0,3
318,705,293,0,3
318,708,293,0,3
318,709,343,3,0
318,710,343,3,0
318,711,293,0,3
318,714,343,3,0
318,715,343,3,0
318,719,293,0,3
318,720,293,0,3
318,723,343,3,0
319,627,318,1,2
319,628,318,1,2
319,629,318,1,2
319,630,318,1,2
319,631,318,1,2
319,632,344,3,0
319,634,318,1,2
319,636,318,1,2
319,637,318,1,2
319,640,318,1,2
319,641,294,0,3
319,642,318,1,2
319,644,318,1,2
319,645,318,1,2
319,648,318,1,2
319,649,318,1,2
319,650,318,1,2
319,652,318,1,2
319,653,294,0,3
319,655,318,1,2
319,656,318,1,2
319,659,318,1,2
319,661,318,1,2
319,663,318,1,2
319,665,344,3,0
319,667,318,1,2
319,669,318,1,2
319,670,318,1,2
319,671,294,0,3
319,673,318,1,2
319,674,318,1,2
319,676,318,1,2
319,678,318,1,2
319,679,318,1,2
319,680,318,1,2
319,684,294,0,3
319,685,318,1,2
319,686,318,1,2
319,688,318,1,2
319,689,318,1,2
319,691,318,1,2
319,693,344,3,0
319,695,318,1,2
319,698,318,1,2
319,699,318,1,2
319,703,318,1,2
319,704,318,1,2
319,707,318,1,2
319,713,318,1,2
319,717,318,1,2
319,720,318,1,2
319,722,318,1,2
319,724,318,1,2
320,629,319,1,2
320,632,345,3,0
320,636,319,1,2
320,641,295,0,3
320,650,319,1,2
320,653,295,0,3
320,665,345,3,0
320,670,319,1,2
320,671,295,0,3
320,674,319,1,2
320,678,319,1,2
320,684,295,0,3
320,686,319,1,2
320,693,345,3,0
320,695,319,1,2
320,720,319,1,2
321,629,320,1,2
321,632,346,3,0
321,641,296,0,3
321,650,320,1,2
321,653,296,0,3
321,665,346,3,0
321,670,320,1,2
321,671,296,0,3
321,674,320,1,2
321,678,320,1,2
321,684,296,0,3
321,686,320,1,2
321,693,346,3,0
321,695,320,1,2
321,710,346,3,0
321,720,320,1,2
322,629,321,1,2
322,641,297,0,3
322,650,321,1,2
322,653,297,0,3
322,670,321,1,2
322,671,297,0,3
322,678,321,1,2
322,683,347,3,0
322,684,297,0,3
322,686,321,1,2
322,693,347,3,0
322,695,321,1,2
323,641,324,2,1
323,650,322,1,2
323,653,298,0,3
323,670,322,1,2
323,671,298,0,3
323,678,322,1,2
323,684,298,0,3
323,693,348,3,0
323,695,322,1,2
324,653,299,0,3
324,670,323,1,2
324,671,299,0,3
325,653,300,0,2
325,670,326,1,1
326,650,327,2,1
326,653,301,0,3
326,670,327,2,1
326,671,301,0,3
326,678,327,2,1
326,684,301,0,3
326,693,693,72,0
326,695,327,2,1
327,641,302,0,3
327,650,328,2,1
327,653,302,0,3
327,670,328,2,1
327,671,302,0,3
327,678,328,2,1
327,683,352,3,0
327,684,302,0,3
327,686,328,2,1
327,693,326,1,2
327,695,328,2,1
328,629,329,2,1
328,641,303,0,3
328,650,329,2,1
328,653,303,0,3
328,670,329,2,1
328,671,303,0,3
328,674,329,2,1
328,678,329,2,1
328,684,303,0,3
328,686,329,2,1
328,693,327,1,2
328,695,329,2,1
328,710,353,3,0
328,720,329,2,1
329,629,330,2,1
329,632,354,3,0
329,636,330,2,1
329,641,304,0,3
329,650,330,2,1
329,653,304,0,3
329,665,354,3,0
329,670,330,2,1
329,671,304,0,3
329,674,330,2,1
329,678,330,2,1
329,684,304,0,3
329,686,330,2,1
329,693,328,1,2
329,695,330,2,1
329,720,330,2,1
330,629,331,2,1
330,632,355,3,0
330,636,331,2,1
330,641,305,0,3
330,650,331,2,1
330,653,305,0,3
330,665,355,3,0
330,670,331,2,1
330,671,305,0,3
330,674,331,2,1
330,678,331,2,1
330,684,305,0,3
330,686,331,2,1
330,693,329,1,2
330,695,331,2,1
330,720,331,2,1
331,629,356,3,0
331,632,356,3,0
331,641,306,0,3
331,650,356,3,0
331,653,306,0,3
331,665,356,3,0
331,670,356,3,0
331,671,306,0,3
331,674,356,3,0
331,678,306,0,3
331,684,306,0,3
331,686,306,0,3
331,693,330,1,2
331,695,356,3,0
332,629,357,3,0
332,632,331,1,2
332,636,307,0,3
332,641,331,1,2
332,650,357,3,0
332,653,331,1,2
332,665,331,1,2
332,670,357,3,0
332,671,331,1,2
332,674,357,3,0
332,678,307,0,3
332,684,331,1,2
332,686,307,0,3
332,693,331,1,2
332,695,357,3,0
332,720,307,0,3
333,629,358,3,0
333,632,332,1,2
333,636,308,0,3
333,641,332,1,2
333,650,358,3,0
333,653,332,1,2
333,665,332,1,2
333,670,358,3,0
333,671,332,1,2
333,674,358,3,0
333,678,308,0,3
333,684,332,1,2
333,686,308,0,3
333,693,332,1,2
333,695,358,3,0
333,720,308,0,3
334,629,359,3,0
334,641,333,1,2
334,650,359,3,0
334,653,333,1,2
334,670,359,3,0
334,671,333,1,2
334,674,359,3,0
334,678,309,0,3
334,684,333,1,2
334,686,309,0,3
334,693,333,1,2
334,695,359,3,0
334,720,309,0,3
335,641,334,1,2
335,650,360,3,0
335,653,334,1,2
335,670,360,3,0
335,671,334,1,2
335,678,310,0,3
335,684,334,1,2
335,686,310,0,3
335,693,334,1,2
335,695,360,3,0
336,641,335,1,2
336,650,361,3,0
336,653,335,1,2
336,670,361,3,0
336,671,335,1,2
336,678,311,0,3
336,684,335,1,2
336,693,335,1,2
336,695,361,3,0
337,653,336,1,2
337,670,362,3,0
338,653,339,2,1
338,670,363,3,0
338,671,339,2,1
339,641,338,1,2
339,650,364,3,0
339,653,340,2,1
339,670,364,3,0
339,671,340,2,1
339,678,314,0,3
339,684,340,2,1
339,693,340,2,1
339,695,364,3,0
340,629,365,3,0
340,641,341,2,1
340,650,365,3,0
340,653,341,2,1
340,670,365,3,0
340,671,341,2,1
340,678,315,0,3
340,683,341,2,1
340,684,341,2,1
340,686,315,0,3
340,693,341,2,1
340,695,365,3,0
341,629,366,3,0
341,632,342,2,1
341,641,342,2,1
341,650,366,3,0
341,653,342,2,1
341,665,342,2,1
341,670,366,3,0
341,671,342,2,1
341,674,366,3,0
341,678,316,0,3
341,684,342,2,1
341,686,316,0,3
341,693,342,2,1
341,695,366,3,0
341,710,342,2,1
341,720,316,0,3
342,629,367,3,0
342,632,343,2,1
342,636,317,0,3
342,641,343,2,1
342,650,367,3,0
342,653,343,2,1
342,665,343,2,1
342,670,367,3,0
342,671,343,2,1
342,674,367,3,0
342,678,317,0,3
342,684,343,2,1
342,686,317,0,3
342,693,343,2,1
342,695,367,3,0
342,720,317,0,3
343,625,368,3,0
343,626,368,3,0
343,629,368,3,0
343,632,368,3,0
343,633,368,3,0
343,635,318,0,3
343,636,318,0,3
343,638,368,3,0
343,639,318,0,3
343,641,318,0,3
343,643,318,0,3
343,647,318,0,3
343,650,368,3,0
343,651,318,0,3
343,653,318,0,3
343,654,368,3,0
343,657,368,3,0
343,658,368,3,0
343,660,368,3,0
343,662,318,0,3
343,665,368,3,0
343,666,318,0,3
343,668,318,0,3
343,670,368,3,0
343,671,318,0,3
343,674,368,3,0
343,675,368,3,0
343,677,368,3,0
343,678,318,0,3
343,681,318,0,3
343,682,318,0,3
343,683,368,3,0
343,684,318,0,3
343,686,318,0,3
343,687,318,0,3
343,690,318,0,3
343,692,318,0,3
343,693,344,2,1
343,694,318,0,3
343,695,368,3,0
343,696,368,3,0
343,700,318,0,3
343,701,318,0,3
343,702,318,0,3
343,705,318,0,3
343,708,318,0,3
343,709,368,3,0
343,710,368,3,0
343,711,318,0,3
343,714,368,3,0
343,718,318,0,3
343,719,318,0,3
343,720,318,0,3
343,723,368,3,0
344,627,343,1,2
344,628,343,1,2
344,629,343,1,2
344,630,343,1,2
344,631,343,1,2
344,632,369,3,0
344,634,343,1,2
344,636,343,1,2
344,637,343,1,2
344,640,343,1,2
344,641,319,0,3
344,642,343,1,2
344,644,343,1,2
344,645,343,1,2
344,648,343,1,2
344,649,343,1,2
344,650,343,1,2
344,652,343,1,2
344,653,319,0,3
344,655,343,1,2
344,656,343,1,2
344,659,343,1,2
344,661,343,1,2
344,663,343,1,2
344,665,369,3,0
344,667,343,1,2
344,669,343,1,2
344,670,343,1,2
344,671,319,0,3
344,673,343,1,2
344,674,343,1,2
344,676,343,1,2
344,678,343,1,2
344,679,343,1,2
344,680,343,1,2
344,684,319,0,3
344,685,343,1,2
344,686,343,1,2
344,688,343,1,2
344,689,343,1,2
344,691,343,1,2
344,693,345,2,1
344,695,343,1,2
344,698,343,1,2
344,699,343,1,2
344,703,343,1,2
344,704,343,1,2
344,707,343,1,2
344,713,343,1,2
344,717,343,1,2
344,720,343,1,2
344,722,343,1,2
344,724,343,1,2
345,629,344,1,2
345,632,370,3,0
345,636,344,1,2
345,641,320,0,3
345,650,344,1,2
345,653,320,0,3
345,665,370,3,0
345,670,344,1,2
345,671,320,0,3
345,674,344,1,2
345,678,344,1,2
345,684,320,0,3
345,686,344,1,2
345,693,346,2,1
345,695,344,1,2
345,720,344,1,2
346,629,345,1,2
346,632,371,3,0
346,641,321,0,3
346,650,345,1,2
346,653,321,0,3
346,665,371,3,0
346,670,345,1,2
346,671,321,0,3
346,674,345,1,2
346,678,345,1,2
346,684,321,0,3
346,686,345,1,2
346,693,347,2,1
346,695,345,1,2
346,710,371,3,0
346,720,345,1,2
347,629,346,1,2
347,641,322,0,3
347,650,346,1,2
347,653,322,0,3
347,670,346,1,2
347,671,322,0,3
347,678,346,1,2
347,683,372,3,0
347,684,322,0,3
347,686,346,1,2
347,693,348,2,1
347,695,346,1,2
348,641,349,2,1
348,650,347,1,2
348,653,323,0,3
348,670,347,1,2
348,671,323,0,3
348,678,347,1,2
348,684,323,0,3
348,693,349,2,1
348,695,347,1,2
349,653,324,0,3
349,670,348,1,2
349,671,324,0,3
350,653,325,0,2
350,670,351,1,1
351,650,352,2,1
351,653,326,0,3
351,670,352,2,1
351,671,326,0,3
351,678,352,2,1
351,684,376,3,0
351,693,326,0,3
351,695,352,2,1
352,641,327,0,3
352,650,353,2,1
352,653,327,0,3
352,670,353,2,1
352,671,327,0,3
352,678,353,2,1
352,683,377,3,0
352,684,377,3,0
352,686,353,2,1
352,693,327,0,3
352,695,353,2,1
353,629,354,2,1
353,641,328,0,3
353,650,354,2,1
353,653,328,0,3
353,670,354,2,1
353,671,328,0,3
353,674,354,2,1
353,678,354,2,1
353,683,378,3,0
353,684,378,3,0
353,686,354,2,1
353,693,328,0,3
353,695,354,2,1
353,710,378,3,0
353,720,354,2,1
354,629,355,2,1
354,632,379,3,0
354,636,355,2,1
354,641,329,0,3
354,650,355,2,1
354,653,329,0,3
354,665,379,3,0
354,670,355,2,1
354,671,329,0,3
354,674,355,2,1
354,678,355,2,1
354,683,379,3,0
354,684,379,3,0
354,686,355,2,1
354,693,329,0,3
354,695,355,2,1
354,720,355,2,1
355,629,356,2,1
355,632,380,3,0
355,636,356,2,1
355,641,330,0,3
355,650,356,2,1
355,653,330,0,3
355,665,380,3,0
355,670,356,2,1
355,671,330,0,3
355,674,356,2,1
355,678,356,2,1
355,683,380,3,0
355,684,380,3,0
355,686,356,2,1
355,693,330,0,3
355,695,356,2,1
355,720,356,2,1
356,629,357,2,1
356,632,381,3,0
356,641,331,0,3
356,650,381,3,0
356,653,331,0,3
356,665,381,3,0
356,670,381,3,0
356,671,331,0,3
356,674,381,3,0
356,678,331,0,3
356,683,381,3,0
356,686,331,0,3
356,695,381,3,0
357,629,358,2,1
357,632,356,1,2
357,636,332,0,3
357,641,356,1,2
357,650,382,3,0
357,653,356,1,2
357,665,356,1,2
357,670,382,3,0
357,671,356,1,2
357,674,382,3,0
357,678,332,0,3
357,684,356,1,2
357,686,332,0,3
357,693,356,1,2
357,695,382,3,0
357,720,332,0,3
358,629,359,2,1
358,632,357,1,2
358,636,333,0,3
358,641,357,1,2
358,650,383,3,0
358,653,357,1,2
358,665,357,1,2
358,670,383,3,0
358,671,357,1,2
358,674,383,3,0
358,678,333,0,3
358,684,357,1,2
358,686,333,0,3
358,693,357,1,2
358,695,383,3,0
358,720,333,0,3
359,629,360,2,1
359,641,358,1,2
359,650,384,3,0
359,653,358,1,2
359,670,384,3,0
359,671,358,1,2
359,674,384,3,0
359,678,334,0,3
359,684,358,1,2
359,686,334,0,3
359,693,358,1,2
359,695,384,3,0
359,720,334,0,3
360,641,359,1,2
360,650,385,3,0
360,653,359,1,2
360,670,385,3,0
360,671,359,1,2
360,678,335,0,3
360,684,359,1,2
360,686,335,0,3
360,693,359,1,2
360,695,385,3,0
361,641,360,1,2
361,650,386,3,0
361,653,360,1,2
361,670,386,3,0
361,671,360,1,2
361,678,336,0,3
361,684,360,1,2
361,693,360,1,2
361,695,386,3,0
362,653,361,1,2
362,670,387,3,0
363,653,364,2,1
363,670,388,3,0
363,671,364,2,1
364,641,363,1,2
364,650,389,3,0
364,653,365,2,1
364,670,389,3,0
364,671,365,2,1
364,678,339,0,3
364,684,365,2,1
364,693,365,2,1
364,695,389,3,0
365,629,629,8,0
365,641,366,2,1
365,650,390,3,0
365,653,366,2,1
365,670,390,3,0
365,671,366,2,1
365,678,340,0,3
365,683,366,2,1
365,684,366,2,1
365,686,340,0,3
365,693,366,2,1
365,695,390,3,0
366,629,365,1,2
366,632,367,2,1
366,641,367,2,1
366,650,391,3,0
366,653,367,2,1
366,665,367,2,1
366,670,391,3,0
366,671,367,2,1
366,674,391,3,0
366,678,341,0,3
366,684,367,2,1
366,686,341,0,3
366,693,367,2,1
366,695,391,3,0
366,710,367,2,1
366,720,341,0,3
367,629,366,1,2
367,632,368,2,1
367,636,342,0,3
367,641,368,2,1
367,650,392,3,0
367,653,368,2,1
367,665,368,2,1
367,670,392,3,0
367,671,368,2,1
367,674,392,3,0
367,678,342,0,3
367,684,368,2,1
367,686,342,0,3
367,693,368,2,1
367,695,392,3,0
367,720,342,0,3
368,625,393,3,0
368,629,367,1,2
368,632,393,3,0
368,635,343,0,3
368,636,343,0,3
368,638,393,3,0
368,639,343,0,3
368,641,343,0,3
368,643,343,0,3
368,647,343,0,3
368,650,393,3,0
368,651,343,0,3
368,653,343,0,3
368,654,393,3,0
368,657,393,3,0
368,658,393,3,0
368,660,393,3,0
368,662,343,0,3
368,665,393,3,0
368,666,343,0,3
368,668,343,0,3
368,670,393,3,0
368,671,343,0,3
368,674,393,3,0
368,675,393,3,0
368,678,343,0,3
368,681,343,0,3
368,682,343,0,3
368,683,393,3,0
368,686,343,0,3
368,687,343,0,3
368,690,343,0,3
368,692,343,0,3
368,694,343,0,3
368,695,393,3,0
368,696,393,3,0
368,697,343,0,3
368,700,393,3,0
368,701,343,0,3
368,702,343,0,3
368,705,343,0,3
368,708,343,0,3
368,710,393,3,0
368,711,343,0,3
368,714,393,3,0
368,715,343,0,3
368,718,343,0,3
368,719,343,0,3
368,720,343,0,3
368,723,393,3,0
369,627,368,1,2
369,628,368,1,2
369,629,368,1,2
369,630,368,1,2
369,631,368,1,2
369,632,394,3,0
369,634,368,1,2
369,636,368,1,2
369,637,368,1,2
369,640,368,1,2
369,641,344,0,3
369,642,368,1,2
369,644,368,1,2
369,645,368,1,2
369,648,368,1,2
369,649,368,1,2
369,650,368,1,2
369,652,368,1,2
369,653,344,0,3
369,655,368,1,2
369,656,368,1,2
369,659,368,1,2
369,661,368,1,2
369,663,368,1,2
369,665,394,3,0
369,667,368,1,2
369,669,368,1,2
369,670,368,1,2
369,671,344,0,3
369,673,368,1,2
369,674,368,1,2
369,676,368,1,2
369,678,368,1,2
369,679,368,1,2
369,683,394,3,0
369,685,368,1,2
369,686,368,1,2
369,688,368,1,2
369,689,368,1,2
369,691,368,1,2
369,695,368,1,2
369,698,368,1,2
369,699,368,1,2
369,703,368,1,2
369,704,368,1,2
369,707,368,1,2
369,713,368,1,2
369,717,368,1,2
369,720,368,1,2
369,722,368,1,2
369,724,368,1,2
370,629,369,1,2
370,632,395,3,0
370,636,369,1,2
370,641,345,0,3
370,650,369,1,2
370,653,345,0,3
370,665,395,3,0
370,670,369,1,2
370,671,345,0,3
370,674,369,1,2
370,678,369,1,2
370,683,395,3,0
370,684,395,3,0
370,686,369,1,2
370,693,345,0,3
370,695,369,1,2
370,720,369,1,2
371,629,370,1,2
371,632,396,3,0
371,641,346,0,3
371,650,370,1,2
371,653,346,0,3
371,665,396,3,0
371,670,370,1,2
371,671,346,0,3
371,674,370,1,2
371,678,370,1,2
371,683,396,3,0
371,684,396,3,0
371,686,370,1,2
371,693,346,0,3
371,695,370,1,2
371,710,396,3,0
371,720,370,1,2
372,629,371,1,2
372,641,347,0,3
372,650,371,1,2
372,653,347,0,3
372,670,371,1,2
372,671,347,0,3
372,678,371,1,2
372,683,397,3,0
372,684,397,3,0
372,686,371,1,2
372,693,347,0,3
372,695,371,1,2
373,641,374,2,1
373,650,372,1,2
373,653,348,0,3
373,670,372,1,2
373,671,348,0,3
373,678,372,1,2
373,684,398,3,0
373,693,348,0,3
373,695,372,1,2
374,653,349,0,3
374,670,373,1,2
374,671,349,0,3
375,653,350,0,2
375,670,376,1,1
376,650,377,2,1
376,653,351,0,3
376,670,377,2,1
376,671,351,0,3
376,678,377,2,1
376,684,401,3,0
376,693,351,0,3
376,695,377,2,1
377,641,402,3,0
377,650,378,2,1
377,653,352,0,3
377,670,378,2,1
377,671,352,0,3
377,678,378,2,1
377,683,683,62,0
377,684,402,3,0
377,686,378,2,1
377,693,352,0,3
377,695,378,2,1
378,629,379,2,1
378,641,403,3,0
378,650,379,2,1
378,653,353,0,3
378,670,379,2,1
378,671,353,0,3
378,674,379,2,1
378,678,379,2,1
378,683,377,1,2
378,684,403,3,0
378,686,379,2,1
378,693,353,0,3
378,695,379,2,1
378,710,403,3,0
378,720,379,2,1
379,629,380,2,1
379,632,404,3,0
379,636,380,2,1
379,641,404,3,0
379,650,380,2,1
379,653,354,0,3
379,665,404,3,0
379,670,380,2,1
379,671,354,0,3
379,674,380,2,1
379,678,380,2,1
379,683,378,1,2
379,684,404,3,0
379,686,380,2,1
379,693,354,0,3
379,695,380,2,1
379,720,380,2,1
380,629,381,2,1
380,632,405,3,0
380,636,381,2,1
380,641,405,3,0
380,650,381,2,1
380,653,355,0,3
380,665,405,3,0
380,670,381,2,1
380,671,355,0,3
380,674,381,2,1
380,678,381,2,1
380,683,379,1,2
380,684,405,3,0
380,686,381,2,1
380,693,355,0,3
380,695,381,2,1
380,720,381,2,1
381,632,406,3,0
381,653,356,0,3
381,665,406,3,0
381,670,406,3,0
381,671,356,0,3
381,674,406,3,0
381,678,356,0,3
381,683,380,1,2
381,684,406,3,0
381,686,356,0,3
381,693,356,0,3
381,695,406,3,0
382,629,357,0,3
382,632,381,1,2
382,636,357,0,3
382,641,381,1,2
382,650,407,3,0
382,653,381,1,2
382,665,381,1,2
382,670,407,3,0
382,671,381,1,2
382,674,407,3,0
382,678,357,0,3
382,684,381,1,2
382,686,357,0,3
382,693,381,1,2
382,695,407,3,0
382,720,357,0,3
383,629,358,0,3
383,632,382,1,2
383,636,358,0,3
383,641,382,1,2
383,650,408,3,0
383,653,382,1,2
383,665,382,1,2
383,670,408,3,0
383,671,382,1,2
383,674,408,3,0
383,678,358,0,3
383,684,382,1,2
383,686,358,0,3
383,693,382,1,2
383,695,408,3,0
383,720,358,0,3
384,629,359,0,3
384,641,383,1,2
384,650,409,3,0
384,653,383,1,2
384,670,409,3,0
384,671,383,1,2
384,674,409,3,0
384,678,359,0,3
384,684,383,1,2
384,686,359,0,3
384,693,383,1,2
384,695,409,3,0
384,720,359,0,3
385,641,384,1,2
385,650,410,3,0
385,653,384,1,2
385,670,410,3,0
385,671,384,1,2
385,678,360,0,3
385,684,384,1,2
385,686,360,0,3
385,693,384,1,2
385,695,410,3,0
386,641,385,1,2
386,650,411,3,0
386,653,385,1,2
386,670,411,3,0
386,671,385,1,2
386,678,361,0,3
386,684,385,1,2
386,693,385,1,2
386,695,411,3,0
387,653,386,1,2
387,670,412,3,0
388,653,389,2,1
388,670,413,3,0
388,671,389,2,1
389,641,388,1,2
389,650,414,3,0
389,653,390,2,1
389,670,414,3,0
389,671,390,2,1
389,678,364,0,3
389,684,390,2,1
389,693,390,2,1
389,695,414,3,0
390,629,365,0,3
390,641,391,2,1
390,650,415,3,0
390,653,391,2,1
390,670,415,3,0
390,671,391,2,1
390,678,365,0,3
390,683,391,2,1
390,684,391,2,1
390,686,365,0,3
390,693,391,2,1
390,695,415,3,0
391,629,366,0,3
391,632,392,2,1
391,641,392,2,1
391,650,416,3,0
391,653,392,2,1
391,665,392,2,1
391,670,416,3,0
391,671,392,2,1
391,674,416,3,0
391,678,366,0,3
391,684,392,2,1
391,686,366,0,3
391,693,392,2,1
391,695,416,3,0
391,710,392,2,1
391,720,366,0,3
392,629,367,0,3
392,632,393,2,1
392,636,367,0,3
392,641,393,2,1
392,650,417,3,0
392,653,393,2,1
392,665,393,2,1
392,670,417,3,0
392,671,393,2,1
392,674,417,3,0
392,678,367,0,3
392,684,393,2,1
392,686,367,0,3
392,693,393,2,1
392,695,417,3,0
392,720,367,0,3
393,625,418,3,0
393,626,368,0,3
393,629,368,0,3
393,632,418,3,0
393,633,368,0,3
393,635,368,0,3
393,636,368,0,3
393,638,418,3,0
393,639,368,0,3
393,643,368,0,3
393,647,368,0,3
393,650,418,3,0
393,651,368,0,3
393,653,368,0,3
393,654,418,3,0
393,657,418,3,0
393,658,418,3,0
393,660,418,3,0
393,662,368,0,3
393,665,418,3,0
393,666,368,0,3
393,668,368,0,3
393,670,418,3,0
393,671,368,0,3
393,674,418,3,0
393,677,368,0,3
393,678,368,0,3
393,681,368,0,3
393,682,368,0,3
393,684,418,3,0
393,686,368,0,3
393,687,368,0,3
393,690,368,0,3
393,692,368,0,3
393,693,368,0,3
393,694,368,0,3
393,695,418,3,0
393,696,418,3,0
393,697,368,0,3
393,700,418,3,0
393,701,368,0,3
393,702,368,0,3
393,705,368,0,3
393,708,368,0,3
393,709,368,0,3
393,710,418,3,0
393,711,368,0,3
393,714,418,3,0
393,715,368,0,3
393,718,368,0,3
393,719,368,0,3
393,720,368,0,3
394,627,393,1,2
394,628,393,1,2
394,629,393,1,2
394,630,393,1,2
394,632,419,3,0
394,634,393,1,2
394,636,393,1,2
394,637,393,1,2
394,640,393,1,2
394,642,393,1,2
394,644,393,1,2
394,645,393,1,2
394,648,393,1,2
394,649,393,1,2
394,650,393,1,2
394,652,393,1,2
394,653,369,0,3
394,655,393,1,2
394,659,393,1,2
394,661,393,1,2
394,663,393,1,2
394,665,419,3,0
394,667,393,1,2
394,669,393,1,2
394,670,393,1,2
394,671,369,0,3
394,673,393,1,2
394,674,393,1,2
394,676,393,1,2
394,678,393,1,2
394,679,393,1,2
394,680,393,1,2
394,683,395,2,1
394,684,419,3,0
394,685,393,1,2
394,686,393,1,2
394,688,393,1,2
394,689,393,1,2
394,691,393,1,2
394,693,369,0,3
394,695,393,1,2
394,698,393,1,2
394,699,393,1,2
394,703,393,1,2
394,704,393,1,2
394,713,393,1,2
394,717,393,1,2
394,720,393,1,2
394,722,393,1,2
394,724,393,1,2
395,629,394,1,2
395,632,420,3,0
395,636,394,1,2
395,641,420,3,0
395,650,394,1,2
395,653,370,0,3
395,665,420,3,0
395,670,394,1,2
395,671,370,0,3
395,674,394,1,2
395,678,394,1,2
395,683,396,2,1
395,684,420,3,0
395,686,394,1,2
395,693,370,0,3
395,695,394,1,2
395,720,394,1,2
396,629,395,1,2
396,632,421,3,0
396,641,421,3,0
396,650,395,1,2
396,653,371,0,3
396,665,421,3,0
396,670,395,1,2
396,671,371,0,3
396,674,395,1,2
396,678,395,1,2
396,683,397,2,1
396,684,421,3,0
396,686,395,1,2
396,693,371,0,3
396,695,395,1,2
396,710,421,3,0
396,720,395,1,2
397,629,396,1,2
397,641,422,3,0
397,650,396,1,2
397,653,372,0,3
397,670,396,1,2
397,671,372,0,3
397,678,396,1,2
397,684,422,3,0
397,686,396,1,2
397,693,372,0,3
397,695,396,1,2
398,641,399,2,1
398,650,397,1,2
398,653,373,0,3
398,670,397,1,2
398,671,373,0,3
398,678,397,1,2
398,684,423,3,0
398,693,373,0,3
398,695,397,1,2
399,653,374,0,3
399,670,398,1,2
399,671,374,0,3
400,653,375,0,2
400,670,401,1,1
401,650,402,2,1
401,653,376,0,3
401,670,402,2,1
401,671,376,0,3
401,678,402,2,1
401,684,426,3,0
401,693,376,0,3
401,695,402,2,1
402,641,427,3,0
402,650,403,2,1
402,653,377,0,3
402,670,403,2,1
402,671,377,0,3
402,678,403,2,1
402,683,377,0,3
402,684,427,3,0
402,686,403,2,1
402,693,377,0,3
402,695,403,2,1
403,629,404,2,1
403,641,428,3,0
403,650,404,2,1
403,653,378,0,3
403,670,404,2,1
403,671,378,0,3
403,674,404,2,1
403,678,404,2,1
403,684,428,3,0
403,686,404,2,1
403,693,378,0,3
403,695,404,2,1
403,710,428,3,0
403,720,404,2,1
404,629,405,2,1
404,632,429,3,0
404,636,405,2,1
404,641,429,3,0
404,650,405,2,1
404,653,379,0,3
404,665,429,3,0
404,670,405,2,1
404,671,379,0,3
404,674,405,2,1
404,678,405,2,1
404,684,429,3,0
404,686,405,2,1
404,693,379,0,3
404,695,405,2,1
404,720,405,2,1
405,629,406,2,1
405,632,430,3,0
405,636,406,2,1
405,641,430,3,0
405,650,406,2,1
405,653,380,0,3
405,665,430,3,0
405,670,406,2,1
405,671,380,0,3
405,674,406,2,1
405,678,406,2,1
405,684,430,3,0
405,686,406,2,1
405,693,380,0,3
405,695,406,2,1
405,720,406,2,1
406,650,407,2,1
406,653,381,0,3
406,665,431,3,0
406,670,431,3,0
406,671,381,0,3
406,674,431,3,0
406,678,381,0,3
406,684,431,3,0
406,686,381,0,3
406,693,381,0,3
406,695,431,3,0
406,720,431,3,0
407,629,382,0,3
407,632,406,1,2
407,636,382,0,3
407,641,406,1,2
407,650,408,2,1
407,653,406,1,2
407,665,406,1,2
407,670,432,3,0
407,671,406,1,2
407,674,432,3,0
407,678,382,0,3
407,684,406,1,2
407,686,382,0,3
407,693,406,1,2
407,695,432,3,0
407,720,432,3,0
408,629,383,0,3
408,632,407,1,2
408,636,383,0,3
408,641,407,1,2
408,650,409,2,1
408,653,407,1,2
408,665,407,1,2
408,670,433,3,0
408,671,407,1,2
408,674,433,3,0
408,678,383,0,3
408,684,407,1,2
408,686,383,0,3
408,693,407,1,2
408,695,433,3,0
408,720,433,3,0
409,629,384,0,3
409,641,408,1,2
409,650,410,2,1
409,653,408,1,2
409,670,434,3,0
409,671,408,1,2
409,674,434,3,0
409,678,384,0,3
409,684,408,1,2
409,686,384,0,3
409,693,408,1,2
409,695,434,3,0
409,720,434,3,0
410,641,409,1,2
410,650,411,2,1
410,653,409,1,2
410,670,435,3,0
410,671,409,1,2
410,678,385,0,3
410,684,409,1,2
410,686,385,0,3
410,693,409,1,2
410,695,435,3,0
411,641,410,1,2
411,650,650,29,0
411,653,410,1,2
411,670,436,3,0
411,671,410,1,2
411,678,386,0,3
411,684,410,1,2
411,693,410,1,2
411,695,436,3,0
412,653,411,1,2
412,670,437,3,0
413,653,414,2,1
413,670,438,3,0
413,671,414,2,1
414,641,413,1,2
414,650,413,1,2
414,653,415,2,1
414,670,439,3,0
414,671,415,2,1
414,678,389,0,3
414,684,415,2,1
414,693,415,2,1
414,695,439,3,0
415,629,390,0,3
415,641,416,2,1
415,650,414,1,2
415,653,416,2,1
415,670,440,3,0
415,671,416,2,1
415,678,390,0,3
415,683,416,2,1
415,684,416,2,1
415,686,390,0,3
415,693,416,2,1
415,695,440,3,0
416,629,391,0,3
416,632,417,2,1
416,641,417,2,1
416,650,415,1,2
416,653,417,2,1
416,665,417,2,1
416,670,441,3,0
416,671,417,2,1
416,674,441,3,0
416,678,391,0,3
416,684,417,2,1
416,686,391,0,3
416,693,417,2,1
416,695,441,3,0
416,710,417,2,1
416,720,441,3,0
417,629,392,0,3
417,632,418,2,1
417,636,392,0,3
417,641,418,2,1
417,650,416,1,2
417,653,418,2,1
417,665,418,2,1
417,670,442,3,0
417,671,418,2,1
417,674,442,3,0
417,678,392,0,3
417,684,418,2,1
417,686,392,0,3
417,693,418,2,1
417,695,442,3,0
417,720,442,3,0
418,625,443,3,0
418,626,393,0,3
418,629,393,0,3
418,633,393,0,3
418,635,393,0,3
418,636,393,0,3
418,638,443,3,0
418,639,393,0,3
418,643,393,0,3
418,647,393,0,3
418,650,417,1,2
418,651,393,0,3
418,653,393,0,3
418,654,443,3,0
418,657,443,3,0
418,658,443,3,0
418,660,443,3,0
418,662,393,0,3
418,665,443,3,0
418,666,393,0,3
418,668,393,0,3
418,670,443,3,0
418,671,393,0,3
418,674,443,3,0
418,675,393,0,3
418,677,393,0,3
418,678,393,0,3
418,681,393,0,3
418,682,393,0,3
418,683,393,0,3
418,684,443,3,0
418,686,393,0,3
418,687,393,0,3
418,690,443,3,0
418,692,393,0,3
418,693,393,0,3
418,694,393,0,3
418,695,443,3,0
418,696,443,3,0
418,697,393,0,3
418,700,443,3,0
418,701,393,0,3
418,702,393,0,3
418,705,393,0,3
418,708,393,0,3
418,709,393,0,3
418,710,443,3,0
418,711,443,3,0
418,714,443,3,0
418,715,393,0,3
418,718,393,0,3
418,719,393,0,3
418,720,443,3,0
418,723,393,0,3
419,627,418,1,2
419,628,418,1,2
419,629,418,1,2
419,630,418,1,2
419,631,418,1,2
419,634,418,1,2
419,636,418,1,2
419,637,418,1,2
419,640,418,1,2
419,642,418,1,2
419,644,418,1,2
419,645,418,1,2
419,649,418,1,2
419,650,418,1,2
419,652,418,1,2
419,653,394,0,3
419,655,418,1,2
419,656,418,1,2
419,659,418,1,2
419,661,418,1,2
419,665,444,3,0
419,667,418,1,2
419,669,418,1,2
419,670,418,1,2
419,671,394,0,3
419,673,418,1,2
419,674,418,1,2
419,676,418,1,2
419,678,418,1,2
419,679,418,1,2
419,680,418,1,2
419,684,444,3,0
419,685,418,1,2
419,686,418,1,2
419,689,418,1,2
419,691,418,1,2
419,693,394,0,3
419,695,418,1,2
419,698,418,1,2
419,699,418,1,2
419,703,418,1,2
419,704,418,1,2
419,707,418,1,2
419,713,418,1,2
419,717,418,1,2
419,720,418,1,2
419,722,418,1,2
419,724,418,1,2
420,629,419,1,2
420,632,445,3,0
420,636,419,1,2
420,641,445,3,0
420,650,419,1,2
420,653,395,0,3
420,665,445,3,0
420,670,419,1,2
420,671,395,0,3
420,674,419,1,2
420,678,419,1,2
420,684,445,3,0
420,686,419,1,2
420,693,395,0,3
420,695,419,1,2
420,720,419,1,2
421,629,420,1,2
421,632,446,3,0
421,641,446,3,0
421,650,420,1,2
421,653,396,0,3
421,665,446,3,0
421,670,420,1,2
421,671,396,0,3
421,674,420,1,2
421,678,420,1,2
421,684,446,3,0
421,686,420,1,2
421,693,396,0,3
421,695,420,1,2
421,710,446,3,0
421,720,420,1,2
422,629,421,1,2
422,641,447,3,0
422,650,421,1,2
422,653,397,0,3
422,670,421,1,2
422,671,397,0,3
422,678,421,1,2
422,683,397,0,3
422,684,447,3,0
422,686,421,1,2
422,693,397,0,3
422,695,421,1,2
423,641,424,2,1
423,650,422,1,2
423,653,398,0,3
423,670,422,1,2
423,671,398,0,3
423,678,422,1,2
423,684,448,3,0
423,693,398,0,3
423,695,422,1,2
424,653,399,0,3
424,670,423,1,2
424,671,399,0,3
425,653,400,0,2
425,670,426,1,1
426,650,427,2,1
426,653,401,0,3
426,670,427,2,1
426,671,401,0,3
426,678,427,2,1
426,684,451,3,0
426,693,401,0,3
426,695,427,2,1
427,641,452,3,0
427,650,428,2,1
427,653,402,0,3
427,670,428,2,1
427,671,402,0,3
427,678,428,2,1
427,683,402,0,3
427,684,452,3,0
427,686,428,2,1
427,693,402,0,3
427,695,428,2,1
428,629,429,2,1
428,641,453,3,0
428,650,429,2,1
428,653,403,0,3
428,670,429,2,1
428,671,403,0,3
428,674,429,2,1
428,678,429,2,1
428,684,453,3,0
428,686,429,2,1
428,693,403,0,3
428,695,429,2,1
428,710,453,3,0
428,720,429,2,1
429,629,430,2,1
429,632,454,3,0
429,636,430,2,1
429,641,454,3,0
429,650,430,2,1
429,653,404,0,3
429,665,454,3,0
429,670,430,2,1
429,671,404,0,3
429,674,430,2,1
429,678,430,2,1
429,684,454,3,0
429,686,430,2,1
429,693,404,0,3
429,695,430,2,1
429,720,430,2,1
430,629,431,2,1
430,632,455,3,0
430,636,431,2,1
430,641,455,3,0
430,650,431,2,1
430,653,405,0,3
430,665,455,3,0
430,670,431,2,1
430,671,405,0,3
430,674,431,2,1
430,678,431,2,1
430,684,455,3,0
430,686,431,2,1
430,693,405,0,3
430,695,431,2,1
430,720,431,2,1
431,641,456,3,0
431,650,406,0,3
431,653,406,0,3
431,665,456,3,0
431,670,456,3,0
431,671,406,0,3
431,674,456,3,0
431,684,456,3,0
431,686,406,0,3
431,693,406,0,3
431,695,456,3,0
431,720,456,3,0
432,629,407,0,3
432,632,431,1,2
432,636,407,0,3
432,641,431,1,2
432,650,407,0,3
432,653,431,1,2
432,665,431,1,2
432,670,457,3,0
432,671,431,1,2
432,674,457,3,0
432,678,407,0,3
432,684,431,1,2
432,686,407,0,3
432,693,431,1,2
432,695,457,3,0
432,720,457,3,0
433,629,408,0,3
433,632,432,1,2
433,636,408,0,3
433,641,432,1,2
433,650,408,0,3
433,653,432,1,2
433,665,432,1,2
433,670,458,3,0
433,671,432,1,2
433,674,458,3,0
433,678,408,0,3
433,684,432,1,2
433,686,408,0,3
433,693,432,1,2
433,695,458,3,0
433,720,458,3,0
434,629,409,0,3
434,641,433,1,2
434,650,409,0,3
434,653,433,1,2
434,670,459,3,0
434,671,433,1,2
434,674,459,3,0
434,678,409,0,3
434,684,433,1,2
434,686,409,0,3
434,693,433,1,2
434,695,459,3,0
434,720,459,3,0
435,641,434,1,2
435,650,410,0,3
435,653,434,1,2
435,670,460,3,0
435,671,434,1,2
435,678,410,0,3
435,684,434,1,2
435,686,410,0,3
435,693,434,1,2
435,695,460,3,0
436,641,435,1,2
436,650,411,0,3
436,653,435,1,2
436,670,461,3,0
436,671,435,1,2
436,678,411,0,3
436,684,435,1,2
436,693,435,1,2
436,695,461,3,0
437,653,436,1,2
437,670,462,3,0
438,653,439,2,1
438,670,463,3,0
438,671,439,2,1
439,650,414,0,3
439,653,440,2,1
439,670,464,3,0
439,671,440,2,1
439,678,414,0,3
439,684,440,2,1
439,693,440,2,1
439,695,464,3,0
440,629,415,0,3
440,641,441,2,1
440,650,415,0,3
440,653,441,2,1
440,670,465,3,0
440,671,441,2,1
440,678,415,0,3
440,683,441,2,1
440,684,441,2,1
440,686,415,0,3
440,693,441,2,1
440,695,465,3,0
441,629,416,0,3
441,632,442,2,1
441,641,442,2,1
441,650,416,0,3
441,653,442,2,1
441,665,442,2,1
441,670,466,3,0
441,671,442,2,1
441,674,466,3,0
441,678,416,0,3
441,684,442,2,1
441,686,416,0,3
441,693,442,2,1
441,695,466,3,0
441,710,442,2,1
441,720,466,3,0
442,629,417,0,3
442,632,443,2,1
442,636,417,0,3
442,641,443,2,1
442,650,417,0,3
442,653,443,2,1
442,665,443,2,1
442,670,467,3,0
442,671,443,2,1
442,674,467,3,0
442,678,417,0,3
442,684,443,2,1
442,686,417,0,3
442,693,443,2,1
442,695,467,3,0
442,720,467,3,0
443,625,468,3,0
443,626,418,0,3
443,629,418,0,3
443,633,418,0,3
443,635,418,0,3
443,636,418,0,3
443,638,468,3,0
443,639,418,0,3
443,641,468,3,0
443,643,418,0,3
443,647,418,0,3
443,650,418,0,3
443,651,418,0,3
443,653,418,0,3
443,654,468,3,0
443,657,468,3,0
443,658,468,3,0
443,660,468,3,0
443,662,418,0,3
443,665,468,3,0
443,666,418,0,3
443,668,418,0,3
443,670,468,3,0
443,671,418,0,3
443,674,468,3,0
443,675,418,0,3
443,677,418,0,3
443,678,418,0,3
443,681,418,0,3
443,682,418,0,3
443,683,418,0,3
443,684,468,3,0
443,686,418,0,3
443,687,418,0,3
443,690,468,3,0
443,692,418,0,3
443,693,418,0,3
443,694,418,0,3
443,695,468,3,0
443,696,468,3,0
443,697,418,0,3
443,700,468,3,0
443,701,468,3,0
443,702,418,0,3
443,705,418,0,3
443,708,418,0,3
443,709,418,0,3
443,710,468,3,0
443,711,468,3,0
443,714,468,3,0
443,715,418,0,3
443,718,418,0,3
443,719,418,0,3
443,720,468,3,0
443,723,418,0,3
444,627,443,1,2
444,628,443,1,2
444,629,443,1,2
444,630,443,1,2
444,631,443,1,2
444,634,443,1,2
444,636,443,1,2
444,637,443,1,2
444,640,443,1,2
444,641,469,3,0
444,644,443,1,2
444,645,443,1,2
444,648,443,1,2
444,649,443,1,2
444,650,443,1,2
444,652,443,1,2
444,653,419,0,3
444,655,443,1,2
444,656,443,1,2
444,659,443,1,2
444,661,443,1,2
444,663,443,1,2
444,665,469,3,0
444,667,443,1,2
444,669,443,1,2
444,670,443,1,2
444,671,419,0,3
444,673,443,1,2
444,674,443,1,2
444,676,443,1,2
444,678,443,1,2
444,679,443,1,2
444,680,443,1,2
444,684,469,3,0
444,685,443,1,2
444,686,443,1,2
444,688,443,1,2
444,689,443,1,2
444,691,443,1,2
444,693,419,0,3
444,695,443,1,2
444,698,443,1,2
444,699,443,1,2
444,703,443,1,2
444,704,443,1,2
444,707,443,1,2
444,713,443,1,2
444,717,443,1,2
444,720,443,1,2
444,722,443,1,2
444,724,443,1,2
445,629,444,1,2
445,632,470,3,0
445,636,444,1,2
445,641,470,3,0
445,650,444,1,2
445,653,420,0,3
445,665,470,3,0
445,670,444,1,2
445,671,420,0,3
445,674,444,1,2
445,678,444,1,2
445,684,470,3,0
445,686,444,1,2
445,693,420,0,3
445,695,444,1,2
445,720,444,1,2
446,629,445,1,2
446,632,471,3,0
446,641,471,3,0
446,650,445,1,2
446,653,421,0,3
446,665,471,3,0
446,670,445,1,2
446,671,421,0,3
446,674,445,1,2
446,678,445,1,2
446,684,471,3,0
446,686,445,1,2
446,693,421,0,3
446,695,445,1,2
446,710,471,3,0
446,720,445,1,2
447,629,446,1,2
447,641,472,3,0
447,650,446,1,2
447,653,422,0,3
447,670,446,1,2
447,671,422,0,3
447,678,446,1,2
447,683,422,0,3
447,684,472,3,0
447,686,446,1,2
447,693,422,0,3
447,695,446,1,2
448,641,449,2,1
448,650,447,1,2
448,653,423,0,3
448,670,447,1,2
448,671,423,0,3
448,678,447,1,2
448,684,473,3,0
448,693,423,0,3
448,695,447,1,2
449,653,424,0,3
449,670,448,1,2
449,671,424,0,3
450,653,425,0,2
450,670,451,1,1
451,650,452,2,1
451,653,426,0,3
451,670,452,2,1
451,671,426,0,3
451,678,452,2,1
451,684,476,3,0
451,693,426,0,3
451,695,452,2,1
452,641,477,3,0
452,650,453,2,1
452,653,427,0,3
452,670,453,2,1
452,671,427,0,3
452,678,453,2,1
452,683,427,0,3
452,684,477,3,0
452,686,453,2,1
452,693,427,0,3
452,695,453,2,1
453,629,454,2,1
453,641,478,3,0
453,650,454,2,1
453,653,428,0,3
453,670,454,2,1
453,671,428,0,3
453,674,454,2,1
453,678,454,2,1
453,684,478,3,0
453,686,454,2,1
453,693,428,0,3
453,695,454,2,1
453,710,478,3,0
453,720,454,2,1
454,629,455,2,1
454,632,479,3,0
454,636,455,2,1
454,641,479,3,0
454,650,455,2,1
454,653,429,0,3
454,665,479,3,0
454,670,455,2,1
454,671,429,0,3
454,674,455,2,1
454,678,455,2,1
454,684,479,3,0
454,686,455,2,1
454,693,429,0,3
454,695,455,2,1
454,720,455,2,1
455,629,456,2,1
455,632,480,3,0
455,636,456,2,1
455,641,480,3,0
455,650,456,2,1
455,653,430,0,3
455,665,480,3,0
455,670,456,2,1
455,671,430,0,3
455,674,456,2,1
455,678,456,2,1
455,684,480,3,0
455,686,456,2,1
455,693,430,0,3
455,695,456,2,1
455,720,456,2,1
456,629,431,0,3
456,636,481,3,0
456,641,481,3,0
456,650,431,0,3
456,653,431,0,3
456,670,481,3,0
456,671,431,0,3
456,674,481,3,0
456,678,481,3,0
456,684,481,3,0
456,686,431,0,3
456,693,431,0,3
456,695,481,3,0
456,720,481,3,0
457,629,432,0,3
457,632,456,1,2
457,636,482,3,0
457,641,456,1,2
457,650,432,0,3
457,653,456,1,2
457,665,456,1,2
457,670,482,3,0
457,671,456,1,2
457,674,482,3,0
457,678,482,3,0
457,684,456,1,2
457,686,432,0,3
457,693,456,1,2
457,695,482,3,0
457,720,482,3,0
458,629,433,0,3
458,632,457,1,2
458,636,483,3,0
458,641,457,1,2
458,650,433,0,3
458,653,457,1,2
458,665,457,1,2
458,670,483,3,0
458,671,457,1,2
458,674,483,3,0
458,678,483,3,0
458,684,457,1,2
458,686,433,0,3
458,693,457,1,2
458,695,483,3,0
458,720,483,3,0
459,629,434,0,3
459,641,458,1,2
459,650,434,0,3
459,653,458,1,2
459,670,484,3,0
459,671,458,1,2
459,674,484,3,0
459,678,484,3,0
459,684,458,1,2
459,686,434,0,3
459,693,458,1,2
459,695,484,3,0
459,720,484,3,0
460,641,459,1,2
460,650,435,0,3
460,653,459,1,2
460,670,485,3,0
460,671,459,1,2
460,678,485,3,0
460,684,459,1,2
460,686,435,0,3
460,693,459,1,2
460,695,485,3,0
461,641,460,1,2
461,650,436,0,3
461,653,460,1,2
461,670,486,3,0
461,671,460,1,2
461,678,486,3,0
461,684,460,1,2
461,693,460,1,2
461,695,486,3,0
462,653,461,1,2
462,670,487,3,0
463,653,464,2,1
463,670,488,3,0
463,671,464,2,1
464,641,463,1,2
464,650,439,0,3
464,653,465,2,1
464,670,489,3,0
464,671,465,2,1
464,678,489,3,0
464,684,465,2,1
464,693,465,2,1
464,695,489,3,0
465,629,440,0,3
465,641,466,2,1
465,650,440,0,3
465,653,466,2,1
465,670,490,3,0
465,671,466,2,1
465,678,490,3,0
465,683,466,2,1
465,684,466,2,1
465,686,440,0,3
465,693,466,2,1
465,695,490,3,0
466,629,441,0,3
466,632,467,2,1
466,641,467,2,1
466,650,441,0,3
466,653,467,2,1
466,665,467,2,1
466,670,491,3,0
466,671,467,2,1
466,674,491,3,0
466,678,491,3,0
466,684,467,2,1
466,686,441,0,3
466,693,467,2,1
466,695,491,3,0
466,710,467,2,1
466,720,491,3,0
467,629,442,0,3
467,632,468,2,1
467,636,492,3,0
467,641,468,2,1
467,650,442,0,3
467,653,468,2,1
467,665,468,2,1
467,670,492,3,0
467,671,468,2,1
467,674,492,3,0
467,678,492,3,0
467,684,468,2,1
467,686,442,0,3
467,693,468,2,1
467,695,492,3,0
467,720,492,3,0
468,625,493,3,0
468,626,443,0,3
468,629,443,0,3
468,633,443,0,3
468,635,443,0,3
468,636,493,3,0
468,638,493,3,0
468,639,443,0,3
468,641,493,3,0
468,643,443,0,3
468,647,443,0,3
468,650,443,0,3
468,651,493,3,0
468,653,443,0,3
468,657,493,3,0
468,658,493,3,0
468,660,493,3,0
468,662,493,3,0
468,666,443,0,3
468,668,443,0,3
468,670,493,3,0
468,671,443,0,3
468,674,493,3,0
468,675,443,0,3
468,677,443,0,3
468,678,493,3,0
468,681,443,0,3
468,682,443,0,3
468,683,443,0,3
468,684,493,3,0
468,686,443,0,3
468,687,443,0,3
468,690,493,3,0
468,692,493,3,0
468,693,443,0,3
468,694,443,0,3
468,695,493,3,0
468,696,493,3,0
468,697,443,0,3
468,700,493,3,0
468,701,493,3,0
468,702,443,0,3
468,705,443,0,3
468,708,443,0,3
468,709,443,0,3
468,710,493,3,0
468,711,493,3,0
468,714,493,3,0
468,715,443,0,3
468,718,443,0,3
468,719,443,0,3
468,720,493,3,0
468,723,443,0,3
469,628,468,1,2
469,629,468,1,2
469,630,468,1,2
469,631,468,1,2
469,634,468,1,2
469,636,468,1,2
469,637,468,1,2
469,640,468,1,2
469,641,494,3,0
469,642,468,1,2
469,644,468,1,2
469,645,468,1,2
469,648,468,1,2
469,649,468,1,2
469,650,468,1,2
469,652,468,1,2
469,653,444,0,3
469,655,468,1,2
469,656,468,1,2
469,659,468,1,2
469,661,468,1,2
469,663,468,1,2
469,667,468,1,2
469,669,468,1,2
469,670,468,1,2
469,671,444,0,3
469,673,468,1,2
469,674,468,1,2
469,676,468,1,2
469,678,468,1,2
469,679,468,1,2
469,680,468,1,2
469,684,494,3,0
469,685,468,1,2
469,686,468,1,2
469,688,468,1,2
469,689,468,1,2
469,691,468,1,2
469,693,444,0,3
469,695,468,1,2
469,698,468,1,2
469,699,468,1,2
469,703,468,1,2
469,704,468,1,2
469,707,468,1,2
469,713,468,1,2
469,717,468,1,2
469,720,468,1,2
469,722,468,1,2
469,724,468,1,2
470,629,469,1,2
470,632,495,3,0
470,636,469,1,2
470,641,495,3,0
470,650,469,1,2
470,653,445,0,3
470,665,495,3,0
470,670,469,1,2
470,671,445,0,3
470,674,469,1,2
470,678,469,1,2
470,684,495,3,0
470,686,469,1,2
470,693,445,0,3
470,695,469,1,2
470,720,469,1,2
471,629,470,1,2
471,632,496,3,0
471,641,496,3,0
471,650,470,1,2
471,653,446,0,3
471,665,496,3,0
471,670,470,1,2
471,671,446,0,3
471,674,470,1,2
471,678,470,1,2
471,684,496,3,0
471,686,470,1,2
471,693,446,0,3
471,695,470,1,2
471,710,496,3,0
471,720,470,1,2
472,629,471,1,2
472,641,497,3,0
472,650,471,1,2
472,653,447,0,3
472,670,471,1,2
472,671,447,0,3
472,678,471,1,2
472,683,447,0,3
472,684,497,3,0
472,686,471,1,2
472,693,447,0,3
472,695,471,1,2
473,641,474,2,1
473,650,472,1,2
473,653,448,0,3
473,670,472,1,2
473,671,448,0,3
473,678,472,1,2
473,684,498,3,0
473,693,448,0,3
473,695,472,1,2
474,653,449,0,3
474,670,473,1,2
474,671,449,0,3
475,653,450,0,2
475,670,476,1,1
476,650,477,2,1
476,653,451,0,3
476,670,477,2,1
476,671,451,0,3
476,678,477,2,1
476,684,501,3,0
476,693,451,0,3
476,695,477,2,1
477,641,502,3,0
477,650,478,2,1
477,653,452,0,3
477,670,478,2,1
477,671,452,0,3
477,678,478,2,1
477,683,452,0,3
477,684,502,3,0
477,686,478,2,1
477,693,452,0,3
477,695,478,2,1
478,629,479,2,1
478,641,503,3,0
478,650,479,2,1
478,653,453,0,3
478,670,479,2,1
478,671,453,0,3
478,674,479,2,1
478,678,479,2,1
478,684,503,3,0
478,686,479,2,1
478,693,453,0,3
478,695,479,2,1
478,710,503,3,0
478,720,479,2,1
479,629,480,2,1
479,632,504,3,0
479,636,480,2,1
479,641,504,3,0
479,650,480,2,1
479,653,454,0,3
479,665,504,3,0
479,670,480,2,1
479,671,454,0,3
479,674,480,2,1
479,678,480,2,1
479,684,504,3,0
479,686,480,2,1
479,693,454,0,3
479,695,480,2,1
479,720,480,2,1
480,629,481,2,1
480,632,505,3,0
480,636,481,2,1
480,641,505,3,0
480,650,481,2,1
480,653,455,0,3
480,665,505,3,0
480,670,481,2,1
480,671,455,0,3
480,674,481,2,1
480,678,481,2,1
480,684,505,3,0
480,686,481,2,1
480,693,455,0,3
480,695,481,2,1
480,720,481,2,1
481,629,456,0,3
481,636,506,3,0
481,641,506,3,0
481,650,456,0,3
481,653,456,0,3
481,670,506,3,0
481,671,456,0,3
481,674,506,3,0
481,678,506,3,0
481,684,506,3,0
481,686,456,0,3
481,693,456,0,3
481,695,506,3,0
481,720,506,3,0
482,629,457,0,3
482,632,481,1,2
482,636,507,3,0
482,641,481,1,2
482,650,457,0,3
482,653,481,1,2
482,665,481,1,2
482,670,507,3,0
482,671,481,1,2
482,674,507,3,0
482,678,507,3,0
482,684,481,1,2
482,686,457,0,3
482,693,481,1,2
482,695,507,3,0
482,720,507,3,0
483,629,458,0,3
483,632,482,1,2
483,636,508,3,0
483,641,482,1,2
483,650,458,0,3
483,653,482,1,2
483,665,482,1,2
483,670,508,3,0
483,671,482,1,2
483,674,508,3,0
483,678,508,3,0
483,684,482,1,2
483,686,458,0,3
483,693,482,1,2
483,695,508,3,0
483,720,508,3,0
484,629,459,0,3
484,641,483,1,2
484,650,459,0,3
484,653,483,1,2
484,670,509,3,0
484,671,483,1,2
484,674,509,3,0
484,678,509,3,0
484,684,483,1,2
484,686,459,0,3
484,693,483,1,2
484,695,509,3,0
484,720,509,3,0
485,641,484,1,2
485,650,460,0,3
485,653,484,1,2
485,670,510,3,0
485,671,484,1,2
485,678,510,3,0
485,684,484,1,2
485,686,460,0,3
485,693,484,1,2
485,695,510,3,0
486,641,485,1,2
486,650,461,0,3
486,653,485,1,2
486,670,511,3,0
486,671,485,1,2
486,678,511,3,0
486,684,485,1,2
486,693,485,1,2
486,695,511,3,0
487,653,486,1,2
487,670,512,3,0
488,653,489,2,1
488,670,513,3,0
488,671,489,2,1
489,641,488,1,2
489,650,464,0,3
489,653,490,2,1
489,670,514,3,0
489,671,490,2,1
489,678,514,3,0
489,684,490,2,1
489,693,490,2,1
489,695,514,3,0
490,629,465,0,3
490,641,491,2,1
490,650,465,0,3
490,653,491,2,1
490,670,515,3,0
490,671,491,2,1
490,678,515,3,0
490,683,491,2,1
490,684,491,2,1
490,686,465,0,3
490,693,491,2,1
490,695,515,3,0
491,629,466,0,3
491,632,492,2,1
491,641,492,2,1
491,650,466,0,3
491,653,492,2,1
491,665,492,2,1
491,670,516,3,0
491,671,492,2,1
491,674,516,3,0
491,678,516,3,0
491,684,492,2,1
491,686,466,0,3
491,693,492,2,1
491,695,516,3,0
491,710,492,2,1
491,720,516,3,0
492,629,467,0,3
492,632,493,2,1
492,636,517,3,0
492,641,493,2,1
492,650,467,0,3
492,653,493,2,1
492,665,493,2,1
492,670,517,3,0
492,671,493,2,1
492,674,517,3,0
492,678,517,3,0
492,684,493,2,1
492,686,467,0,3
492,693,493,2,1
492,695,517,3,0
492,720,517,3,0
493,625,518,3,0
493,626,468,0,3
493,629,468,0,3
493,633,468,0,3
493,635,468,0,3
493,636,518,3,0
493,638,518,3,0
493,639,518,3,0
493,641,518,3,0
493,643,468,0,3
493,647,468,0,3
493,650,468,0,3
493,651,518,3,0
493,653,468,0,3
493,654,468,0,3
493,657,518,3,0
493,658,518,3,0
493,660,518,3,0
493,662,518,3,0
493,666,468,0,3
493,668,518,3,0
493,670,518,3,0
493,671,468,0,3
493,674,518,3,0
493,675,468,0,3
493,677,468,0,3
493,678,518,3,0
493,681,468,0,3
493,682,468,0,3
493,683,468,0,3
493,684,518,3,0
493,686,468,0,3
493,687,518,3,0
493,690,518,3,0
493,692,518,3,0
493,693,468,0,3
493,694,518,3,0
493,695,518,3,0
493,696,518,3,0
493,697,468,0,3
493,700,518,3,0
493,701,518,3,0
493,702,468,0,3
493,705,468,0,3
493,708,518,3,0
493,709,468,0,3
493,710,518,3,0
493,711,518,3,0
493,714,518,3,0
493,715,468,0,3
493,718,468,0,3
493,719,468,0,3
493,720,518,3,0
493,723,468,0,3
494,627,493,1,2
494,628,493,1,2
494,629,493,1,2
494,630,493,1,2
494,631,493,1,2
494,634,493,1,2
494,636,493,1,2
494,637,493,1,2
494,640,493,1,2
494,641,519,3,0
494,642,493,1,2
494,644,493,1,2
494,645,493,1,2
494,648,493,1,2
494,649,493,1,2
494,650,493,1,2
494,652,493,1,2
494,653,469,0,3
494,655,493,1,2
494,656,493,1,2
494,659,493,1,2
494,661,493,1,2
494,663,493,1,2
494,667,493,1,2
494,669,493,1,2
494,670,493,1,2
494,671,469,0,3
494,673,493,1,2
494,674,493,1,2
494,676,493,1,2
494,678,493,1,2
494,680,493,1,2
494,684,519,3,0
494,685,493,1,2
494,686,493,1,2
494,688,493,1,2
494,689,493,1,2
494,691,493,1,2
494,693,469,0,3
494,695,493,1,2
494,698,493,1,2
494,699,493,1,2
494,703,493,1,2
494,704,493,1,2
494,707,493,1,2
494,713,493,1,2
494,717,493,1,2
494,720,493,1,2
494,722,493,1,2
494,724,493,1,2
495,629,494,1,2
495,632,520,3,0
495,636,494,1,2
495,641,520,3,0
495,650,494,1,2
495,653,470,0,3
495,665,520,3,0
495,670,494,1,2
495,671,470,0,3
495,674,494,1,2
495,678,494,1,2
495,684,520,3,0
495,686,494,1,2
495,693,470,0,3
495,695,494,1,2
495,720,494,1,2
496,629,495,1,2
496,632,521,3,0
496,641,521,3,0
496,650,495,1,2
496,653,471,0,3
496,665,521,3,0
496,670,495,1,2
496,671,471,0,3
496,674,495,1,2
496,678,495,1,2
496,684,521,3,0
496,686,495,1,2
496,693,471,0,3
496,695,495,1,2
496,710,521,3,0
496,720,495,1,2
497,629,496,1,2
497,641,522,3,0
497,650,496,1,2
497,653,472,0,3
497,670,496,1,2
497,671,472,0,3
497,678,496,1,2
497,683,472,0,3
497,684,522,3,0
497,686,496,1,2
497,693,472,0,3
497,695,496,1,2
498,641,499,2,1
498,650,497,1,2
498,653,473,0,3
498,670,497,1,2
498,671,473,0,3
498,678,497,1,2
498,684,523,3,0
498,693,473,0,3
498,695,497,1,2
499,653,474,0,3
499,670,498,1,2
499,671,474,0,3
500,653,525,2,0
500,670,501,1,1
501,650,502,2,1
501,653,526,3,0
501,670,502,2,1
501,671,476,0,3
501,678,502,2,1
501,684,526,3,0
501,693,476,0,3
501,695,502,2,1
502,641,527,3,0
502,650,503,2,1
502,653,527,3,0
502,670,503,2,1
502,671,477,0,3
502,678,503,2,1
502,683,477,0,3
502,684,527,3,0
502,686,503,2,1
502,693,477,0,3
502,695,503,2,1
503,629,504,2,1
503,641,528,3,0
503,650,504,2,1
503,653,528,3,0
503,670,504,2,1
503,671,478,0,3
503,674,504,2,1
503,678,504,2,1
503,684,528,3,0
503,686,504,2,1
503,693,478,0,3
503,695,504,2,1
503,710,528,3,0
503,720,504,2,1
504,629,505,2,1
504,632,529,3,0
504,636,505,2,1
504,641,529,3,0
504,650,505,2,1
504,653,529,3,0
504,665,529,3,0
504,670,505,2,1
504,671,479,0,3
504,674,505,2,1
504,678,505,2,1
504,684,529,3,0
504,686,505,2,1
504,693,479,0,3
504,695,505,2,1
504,720,505,2,1
505,629,506,2,1
505,632,530,3,0
505,636,506,2,1
505,641,530,3,0
505,650,506,2,1
505,653,530,3,0
505,665,530,3,0
505,670,506,2,1
505,671,480,0,3
505,674,506,2,1
505,678,506,2,1
505,684,530,3,0
505,686,506,2,1
505,693,480,0,3
505,695,506,2,1
505,720,506,2,1
506,629,481,0,3
506,636,531,3,0
506,641,531,3,0
506,650,481,0,3
506,653,531,3,0
506,670,531,3,0
506,671,481,0,3
506,678,531,3,0
506,684,531,3,0
506,686,481,0,3
506,693,481,0,3
506,695,531,3,0
506,720,531,3,0
507,629,482,0,3
507,632,506,1,2
507,636,532,3,0
507,641,506,1,2
507,650,482,0,3
507,653,506,1,2
507,665,506,1,2
507,670,532,3,0
507,671,506,1,2
507,674,532,3,0
507,678,532,3,0
507,684,506,1,2
507,686,482,0,3
507,693,506,1,2
507,695,532,3,0
507,720,532,3,0
508,629,483,0,3
508,632,507,1,2
508,636,533,3,0
508,641,507,1,2
508,650,483,0,3
508,653,507,1,2
508,665,507,1,2
508,670,533,3,0
508,671,507,1,2
508,674,533,3,0
508,678,533,3,0
508,684,507,1,2
508,686,483,0,3
508,693,507,1,2
508,695,533,3,0
508,720,533,3,0
509,629,484,0,3
509,641,508,1,2
509,650,484,0,3
509,653,508,1,2
509,670,534,3,0
509,671,508,1,2
509,674,534,3,0
509,678,534,3,0
509,684,508,1,2
509,686,484,0,3
509,693,508,1,2
509,695,534,3,0
509,720,534,3,0
510,641,509,1,2
510,650,485,0,3
510,653,509,1,2
510,670,535,3,0
510,671,509,1,2
510,678,535,3,0
510,684,509,1,2
510,686,485,0,3
510,693,509,1,2
510,695,535,3,0
511,641,510,1,2
511,650,486,0,3
511,653,510,1,2
511,670,536,3,0
511,671,510,1,2
511,678,536,3,0
511,684,510,1,2
511,693,510,1,2
511,695,536,3,0
512,653,511,1,2
512,670,537,3,0
513,653,514,2,1
513,670,538,3,0
513,671,514,2,1
514,641,513,1,2
514,650,489,0,3
514,653,515,2,1
514,670,539,3,0
514,671,515,2,1
514,678,539,3,0
514,684,515,2,1
514,693,515,2,1
514,695,539,3,0
515,629,490,0,3
515,641,516,2,1
515,650,490,0,3
515,653,516,2,1
515,670,540,3,0
515,671,516,2,1
515,678,540,3,0
515,683,516,2,1
515,684,516,2,1
515,686,490,0,3
515,693,516,2,1
515,695,540,3,0
516,629,491,0,3
516,632,517,2,1
516,641,517,2,1
516,650,491,0,3
516,653,517,2,1
516,665,517,2,1
516,670,541,3,0
516,671,517,2,1
516,674,541,3,0
516,678,541,3,0
516,684,517,2,1
516,686,491,0,3
516,693,517,2,1
516,695,541,3,0
516,710,517,2,1
516,720,541,3,0
517,629,492,0,3
517,632,518,2,1
517,636,542,3,0
517,641,518,2,1
517,650,492,0,3
517,653,518,2,1
517,665,518,2,1
517,670,542,3,0
517,671,518,2,1
517,674,542,3,0
517,678,542,3,0
517,684,518,2,1
517,686,492,0,3
517,693,518,2,1
517,695,542,3,0
517,720,542,3,0
518,625,543,3,0
518,626,493,0,3
518,629,493,0,3
518,633,493,0,3
518,635,493,0,3
518,636,543,3,0
518,639,543,3,0
518,641,543,3,0
518,643,493,0,3
518,647,493,0,3
518,650,493,0,3
518,651,543,3,0
518,653,543,3,0
518,654,493,0,3
518,657,543,3,0
518,658,543,3,0
518,660,543,3,0
518,662,543,3,0
518,666,493,0,3
518,668,543,3,0
518,670,543,3,0
518,671,493,0,3
518,674,543,3,0
518,675,493,0,3
518,677,493,0,3
518,678,543,3,0
518,681,493,0,3
518,682,493,0,3
518,683,493,0,3
518,684,543,3,0
518,686,493,0,3
518,687,543,3,0
518,690,543,3,0
518,692,543,3,0
518,693,493,0,3
518,694,543,3,0
518,695,543,3,0
518,696,543,3,0
518,697,493,0,3
518,700,543,3,0
518,701,543,3,0
518,702,493,0,3
518,705,493,0,3
518,708,543,3,0
518,709,493,0,3
518,710,543,3,0
518,711,543,3,0
518,714,543,3,0
518,715,493,0,3
518,718,493,0,3
518,719,493,0,3
518,720,543,3,0
518,723,493,0,3
519,627,518,1,2
519,628,518,1,2
519,629,518,1,2
519,630,518,1,2
519,631,518,1,2
519,636,518,1,2
519,637,518,1,2
519,640,518,1,2
519,641,544,3,0
519,642,518,1,2
519,644,518,1,2
519,645,518,1,2
519,648,518,1,2
519,649,518,1,2
519,650,518,1,2
519,652,518,1,2
519,653,544,3,0
519,655,518,1,2
519,656,518,1,2
519,659,518,1,2
519,661,518,1,2
519,663,518,1,2
519,667,518,1,2
519,669,518,1,2
519,670,518,1,2
519,671,494,0,3
519,673,518,1,2
519,674,518,1,2
519,676,518,1,2
519,678,518,1,2
519,679,518,1,2
519,680,518,1,2
519,684,544,3,0
519,685,518,1,2
519,686,518,1,2
519,688,518,1,2
519,689,518,1,2
519,691,518,1,2
519,693,494,0,3
519,695,518,1,2
519,698,518,1,2
519,699,518,1,2
519,703,518,1,2
519,704,518,1,2
519,707,518,1,2
519,713,518,1,2
519,717,518,1,2
519,720,518,1,2
519,722,518,1,2
519,724,518,1,2
520,629,519,1,2
520,632,545,3,0
520,636,519,1,2
520,641,545,3,0
520,650,519,1,2
520,653,545,3,0
520,665,545,3,0
520,670,519,1,2
520,671,495,0,3
520,674,519,1,2
520,678,519,1,2
520,684,545,3,0
520,686,519,1,2
520,693,495,0,3
520,695,519,1,2
520,720,519,1,2
521,629,520,1,2
521,632,546,3,0
521,641,546,3,0
521,650,520,1,2
521,653,546,3,0
521,665,546,3,0
521,670,520,1,2
521,671,496,0,3
521,674,520,1,2
521,678,520,1,2
521,684,546,3,0
521,686,520,1,2
521,693,496,0,3
521,695,520,1,2
521,710,546,3,0
521,720,520,1,2
522,629,521,1,2
522,641,547,3,0
522,650,521,1,2
522,653,547,3,0
522,670,521,1,2
522,671,497,0,3
522,678,521,1,2
522,683,497,0,3
522,684,547,3,0
522,686,521,1,2
522,693,497,0,3
522,695,521,1,2
523,641,524,2,1
523,650,522,1,2
523,653,548,3,0
523,670,522,1,2
523,671,498,0,3
523,678,522,1,2
523,684,548,3,0
523,693,498,0,3
523,695,522,1,2
524,653,549,3,0
524,670,523,1,2
524,671,499,0,3
525,653,550,2,0
525,670,526,1,1
526,650,527,2,1
526,653,551,3,0
526,670,527,2,1
526,671,501,0,3
526,678,527,2,1
526,684,551,3,0
526,693,501,0,3
526,695,527,2,1
527,641,552,3,0
527,650,528,2,1
527,653,552,3,0
527,670,528,2,1
527,671,502,0,3
527,678,528,2,1
527,683,502,0,3
527,684,552,3,0
527,686,528,2,1
527,693,502,0,3
527,695,528,2,1
528,629,529,2,1
528,641,553,3,0
528,650,529,2,1
528,653,553,3,0
528,670,529,2,1
528,671,503,0,3
528,674,529,2,1
528,678,529,2,1
528,684,553,3,0
528,686,529,2,1
528,693,503,0,3
528,695,529,2,1
528,710,553,3,0
528,720,529,2,1
529,629,530,2,1
529,632,528,1,2
529,636,530,2,1
529,641,554,3,0
529,650,530,2,1
529,653,554,3,0
529,665,554,3,0
529,670,530,2,1
529,671,504,0,3
529,674,530,2,1
529,678,530,2,1
529,684,554,3,0
529,686,530,2,1
529,693,504,0,3
529,695,530,2,1
529,720,530,2,1
530,629,531,2,1
530,632,529,1,2
530,636,531,2,1
530,641,555,3,0
530,650,531,2,1
530,653,555,3,0
530,665,555,3,0
530,670,531,2,1
530,671,505,0,3
530,674,531,2,1
530,678,531,2,1
530,684,555,3,0
530,686,531,2,1
530,693,505,0,3
530,695,531,2,1
530,720,531,2,1
531,629,506,0,3
531,632,530,1,2
531,636,556,3,0
531,641,556,3,0
531,650,506,0,3
531,653,556,3,0
531,670,556,3,0
531,671,506,0,3
531,678,556,3,0
531,684,556,3,0
531,686,506,0,3
531,693,506,0,3
531,695,556,3,0
531,720,556,3,0
532,629,507,0,3
532,632,531,1,2
532,636,557,3,0
532,641,531,1,2
532,650,507,0,3
532,653,531,1,2
532,665,531,1,2
532,670,557,3,0
532,671,531,1,2
532,674,557,3,0
532,678,557,3,0
532,684,531,1,2
532,686,507,0,3
532,693,531,1,2
532,695,557,3,0
532,720,557,3,0
533,629,508,0,3
533,632,532,1,2
533,636,558,3,0
533,641,532,1,2
533,650,508,0,3
533,653,532,1,2
533,665,532,1,2
533,670,558,3,0
533,671,532,1,2
533,674,558,3,0
533,678,558,3,0
533,684,532,1,2
533,686,508,0,3
533,693,532,1,2
533,695,558,3,0
533,720,558,3,0
534,629,509,0,3
534,641,533,1,2
534,650,509,0,3
534,653,533,1,2
534,670,559,3,0
534,671,533,1,2
534,674,559,3,0
534,678,559,3,0
534,684,533,1,2
534,686,509,0,3
534,693,533,1,2
534,695,559,3,0
534,720,559,3,0
535,641,534,1,2
535,650,510,0,3
535,653,534,1,2
535,670,560,3,0
535,671,534,1,2
535,678,560,3,0
535,684,534,1,2
535,686,510,0,3
535,693,534,1,2
535,695,560,3,0
536,641,535,1,2
536,650,511,0,3
536,653,535,1,2
536,670,561,3,0
536,671,535,1,2
536,678,561,3,0
536,684,535,1,2
536,693,535,1,2
536,695,561,3,0
537,653,536,1,2
537,670,562,3,0
538,653,539,2,1
538,670,563,3,0
538,671,539,2,1
539,641,538,1,2
539,650,514,0,3
539,653,540,2,1
539,670,564,3,0
539,671,540,2,1
539,678,564,3,0
539,684,540,2,1
539,693,540,2,1
539,695,564,3,0
540,629,515,0,3
540,641,541,2,1
540,650,515,0,3
540,653,541,2,1
540,670,565,3,0
540,671,541,2,1
540,678,565,3,0
540,683,541,2,1
540,684,541,2,1
540,686,515,0,3
540,693,541,2,1
540,695,565,3,0
541,629,516,0,3
541,632,542,2,1
541,641,542,2,1
541,650,516,0,3
541,653,542,2,1
541,665,542,2,1
541,670,566,3,0
541,671,542,2,1
541,674,566,3,0
541,678,566,3,0
541,684,542,2,1
541,686,516,0,3
541,693,542,2,1
541,695,566,3,0
541,710,542,2,1
541,720,566,3,0
542,629,517,0,3
542,632,543,2,1
542,636,567,3,0
542,641,543,2,1
542,650,517,0,3
542,653,543,2,1
542,665,543,2,1
542,670,567,3,0
542,671,543,2,1
542,674,567,3,0
542,678,567,3,0
542,684,543,2,1
542,686,517,0,3
542,693,543,2,1
542,695,567,3,0
542,720,567,3,0
543,625,568,3,0
543,626,518,0,3
543,629,518,0,3
543,632,544,2,1
543,633,518,0,3
543,635,568,3,0
543,636,568,3,0
543,638,518,0,3
543,639,568,3,0
543,641,568,3,0
543,643,568,3,0
543,647,518,0,3
543,650,518,0,3
543,651,568,3,0
543,653,568,3,0
543,654,518,0,3
543,657,568,3,0
543,658,568,3,0
543,660,568,3,0
543,662,568,3,0
543,666,518,0,3
543,668,568,3,0
543,670,568,3,0
543,671,518,0,3
543,674,568,3,0
543,675,518,0,3
543,677,518,0,3
543,678,568,3,0
543,681,518,0,3
543,682,518,0,3
543,683,518,0,3
543,684,568,3,0
543,686,518,0,3
543,687,568,3,0
543,690,568,3,0
543,692,568,3,0
543,693,518,0,3
543,694,568,3,0
543,695,568,3,0
543,696,568,3,0
543,697,518,0,3
543,700,568,3,0
543,701,568,3,0
543,702,568,3,0
543,705,568,3,0
543,708,568,3,0
543,709,518,0,3
543,710,568,3,0
543,711,568,3,0
543,715,518,0,3
543,718,518,0,3
543,719,518,0,3
543,720,568,3,0
543,723,518,0,3
544,627,543,1,2
544,628,543,1,2
544,629,543,1,2
544,631,543,1,2
544,632,545,2,1
544,634,543,1,2
544,636,543,1,2
544,637,543,1,2
544,640,543,1,2
544,641,569,3,0
544,642,543,1,2
544,644,543,1,2
544,645,543,1,2
544,648,543,1,2
544,649,543,1,2
544,650,543,1,2
544,652,543,1,2
544,653,569,3,0
544,655,543,1,2
544,656,543,1,2
544,659,543,1,2
544,661,543,1,2
544,663,543,1,2
544,667,543,1,2
544,669,543,1,2
544,670,543,1,2
544,671,519,0,3
544,673,543,1,2
544,674,543,1,2
544,676,543,1,2
544,678,543,1,2
544,679,543,1,2
544,680,543,1,2
544,684,569,3,0
544,685,543,1,2
544,686,543,1,2
544,688,543,1,2
544,689,543,1,2
544,693,519,0,3
544,695,543,1,2
544,698,543,1,2
544,699,543,1,2
544,703,543,1,2
544,704,543,1,2
544,707,543,1,2
544,713,543,1,2
544,717,543,1,2
544,720,543,1,2
544,722,543,1,2
544,724,543,1,2
545,629,544,1,2
545,632,546,2,1
545,636,544,1,2
545,641,570,3,0
545,650,544,1,2
545,653,570,3,0
545,665,570,3,0
545,670,544,1,2
545,671,520,0,3
545,674,544,1,2
545,678,544,1,2
545,684,570,3,0
545,686,544,1,2
545,693,520,0,3
545,695,544,1,2
545,720,544,1,2
546,629,545,1,2
546,632,632,11,0
546,641,571,3,0
546,650,545,1,2
546,653,571,3,0
546,665,571,3,0
546,670,545,1,2
546,671,521,0,3
546,674,545,1,2
546,678,545,1,2
546,684,571,3,0
546,686,545,1,2
546,693,521,0,3
546,695,545,1,2
546,710,571,3,0
546,720,545,1,2
547,629,546,1,2
547,641,572,3,0
547,650,546,1,2
547,653,572,3,0
547,670,546,1,2
547,671,522,0,3
547,678,546,1,2
547,683,522,0,3
547,684,572,3,0
547,686,546,1,2
547,693,522,0,3
547,695,546,1,2
548,641,549,2,1
548,650,547,1,2
548,653,573,3,0
548,670,547,1,2
548,671,523,0,3
548,678,547,1,2
548,684,573,3,0
548,693,523,0,3
548,695,547,1,2
549,653,574,3,0
549,670,548,1,2
549,671,524,0,3
550,653,575,2,0
550,670,551,1,1
551,650,552,2,1
551,653,576,3,0
551,670,552,2,1
551,671,526,0,3
551,678,552,2,1
551,684,576,3,0
551,693,526,0,3
551,695,552,2,1
552,641,577,3,0
552,650,553,2,1
552,653,577,3,0
552,670,553,2,1
552,671,527,0,3
552,678,553,2,1
552,683,527,0,3
552,684,577,3,0
552,686,553,2,1
552,693,527,0,3
552,695,553,2,1
553,629,554,2,1
553,641,578,3,0
553,650,554,2,1
553,653,578,3,0
553,670,554,2,1
553,671,528,0,3
553,674,554,2,1
553,678,554,2,1
553,684,578,3,0
553,686,554,2,1
553,693,528,0,3
553,695,554,2,1
553,710,578,3,0
553,720,554,2,1
554,629,555,2,1
554,632,529,0,3
554,636,555,2,1
554,641,579,3,0
554,650,555,2,1
554,653,579,3,0
554,665,579,3,0
554,670,555,2,1
554,671,529,0,3
554,674,555,2,1
554,678,555,2,1
554,684,579,3,0
554,686,555,2,1
554,693,529,0,3
554,695,555,2,1
554,710,579,3,0
554,720,555,2,1
555,629,556,2,1
555,632,530,0,3
555,636,556,2,1
555,641,580,3,0
555,650,556,2,1
555,653,580,3,0
555,665,580,3,0
555,670,556,2,1
555,671,530,0,3
555,674,556,2,1
555,678,556,2,1
555,684,580,3,0
555,686,556,2,1
555,693,530,0,3
555,695,556,2,1
555,710,580,3,0
555,720,556,2,1
556,629,531,0,3
556,632,531,0,3
556,636,581,3,0
556,641,581,3,0
556,650,531,0,3
556,653,581,3,0
556,670,581,3,0
556,671,531,0,3
556,678,581,3,0
556,684,581,3,0
556,693,531,0,3
556,710,581,3,0
556,720,581,3,0
557,629,532,0,3
557,632,556,1,2
557,636,582,3,0
557,641,556,1,2
557,650,532,0,3
557,653,556,1,2
557,665,556,1,2
557,670,582,3,0
557,671,556,1,2
557,674,582,3,0
557,678,582,3,0
557,684,556,1,2
557,686,532,0,3
557,693,556,1,2
557,695,582,3,0
557,720,582,3,0
558,629,533,0,3
558,632,557,1,2
558,636,583,3,0
558,641,557,1,2
558,650,533,0,3
558,653,557,1,2
558,665,557,1,2
558,670,583,3,0
558,671,557,1,2
558,674,583,3,0
558,678,583,3,0
558,684,557,1,2
558,686,533,0,3
558,693,557,1,2
558,695,583,3,0
558,720,583,3,0
559,629,534,0,3
559,641,558,1,2
559,650,534,0,3
559,653,558,1,2
559,670,584,3,0
559,671,558,1,2
559,674,584,3,0
559,678,584,3,0
559,684,558,1,2
559,686,534,0,3
559,693,558,1,2
559,695,584,3,0
559,720,584,3,0
560,641,559,1,2
560,650,535,0,3
560,653,559,1,2
560,670,585,3,0
560,671,559,1,2
560,678,585,3,0
560,684,559,1,2
560,686,535,0,3
560,693,559,1,2
560,695,585,3,0
561,641,560,1,2
561,650,536,0,3
561,653,560,1,2
561,670,586,3,0
561,671,560,1,2
561,678,586,3,0
561,684,560,1,2
561,693,560,1,2
561,695,586,3,0
562,653,561,1,2
562,670,587,3,0
563,653,564,2,1
563,670,588,3,0
563,671,564,2,1
564,641,563,1,2
564,650,539,0,3
564,653,565,2,1
564,670,589,3,0
564,671,565,2,1
564,678,589,3,0
564,684,565,2,1
564,693,565,2,1
564,695,589,3,0
565,629,540,0,3
565,641,566,2,1
565,650,540,0,3
565,653,566,2,1
565,670,590,3,0
565,671,566,2,1
565,678,590,3,0
565,683,566,2,1
565,684,566,2,1
565,686,540,0,3
565,693,566,2,1
565,695,590,3,0
566,629,541,0,3
566,632,567,2,1
566,641,567,2,1
566,650,541,0,3
566,653,567,2,1
566,665,567,2,1
566,670,591,3,0
566,671,567,2,1
566,674,591,3,0
566,678,591,3,0
566,684,567,2,1
566,686,541,0,3
566,693,567,2,1
566,695,591,3,0
566,710,567,2,1
566,720,591,3,0
567,629,542,0,3
567,632,568,2,1
567,636,592,3,0
567,641,568,2,1
567,650,542,0,3
567,653,568,2,1
567,665,568,2,1
567,670,592,3,0
567,671,568,2,1
567,674,592,3,0
567,678,592,3,0
567,684,568,2,1
567,686,542,0,3
567,693,568,2,1
567,695,592,3,0
567,720,592,3,0
568,625,593,3,0
568,626,543,0,3
568,629,543,0,3
568,632,543,0,3
568,633,543,0,3
568,635,593,3,0
568,636,593,3,0
568,638,543,0,3
568,639,593,3,0
568,641,593,3,0
568,643,593,3,0
568,647,543,0,3
568,650,543,0,3
568,651,593,3,0
568,653,593,3,0
568,654,543,0,3
568,657,593,3,0
568,660,593,3,0
568,662,593,3,0
568,666,543,0,3
568,668,593,3,0
568,670,593,3,0
568,671,543,0,3
568,674,593,3,0
568,675,543,0,3
568,677,543,0,3
568,678,593,3,0
568,681,543,0,3
568,682,593,3,0
568,683,543,0,3
568,684,593,3,0
568,686,543,0,3
568,687,593,3,0
568,690,593,3,0
568,692,593,3,0
568,693,543,0,3
568,694,593,3,0
568,695,593,3,0
568,696,593,3,0
568,697,543,0,3
568,700,593,3,0
568,701,593,3,0
568,702,593,3,0
568,705,593,3,0
568,708,593,3,0
568,709,543,0,3
568,710,593,3,0
568,711,593,3,0
568,714,543,0,3
568,715,543,0,3
568,718,543,0,3
568,719,543,0,3
568,720,593,3,0
568,723,543,0,3
569,627,568,1,2
569,628,568,1,2
569,629,568,1,2
569,630,568,1,2
569,631,568,1,2
569,632,544,0,3
569,634,568,1,2
569,636,568,1,2
569,637,568,1,2
569,640,568,1,2
569,641,594,3,0
569,642,568,1,2
569,644,568,1,2
569,645,568,1,2
569,648,568,1,2
569,649,568,1,2
569,650,568,1,2
569,652,568,1,2
569,653,594,3,0
569,655,568,1,2
569,656,568,1,2
569,659,568,1,2
569,661,568,1,2
569,663,568,1,2
569,667,568,1,2
569,669,568,1,2
569,670,568,1,2
569,671,544,0,3
569,673,568,1,2
569,674,568,1,2
569,676,568,1,2
569,678,568,1,2
569,679,568,1,2
569,680,568,1,2
569,684,594,3,0
569,685,568,1,2
569,686,568,1,2
569,688,568,1,2
569,689,568,1,2
569,691,568,1,2
569,693,544,0,3
569,695,568,1,2
569,698,568,1,2
569,699,568,1,2
569,703,568,1,2
569,704,568,1,2
569,707,568,1,2
569,710,594,3,0
569,713,568,1,2
569,717,568,1,2
569,720,568,1,2
569,722,568,1,2
569,724,568,1,2
570,629,569,1,2
570,632,545,0,3
570,636,569,1,2
570,641,595,3,0
570,650,569,1,2
570,653,595,3,0
570,665,595,3,0
570,670,569,1,2
570,671,545,0,3
570,674,569,1,2
570,678,569,1,2
570,684,595,3,0
570,686,569,1,2
570,693,545,0,3
570,695,569,1,2
570,710,595,3,0
570,720,569,1,2
571,629,570,1,2
571,632,546,0,3
571,641,596,3,0
571,650,570,1,2
571,653,596,3,0
571,665,596,3,0
571,670,570,1,2
571,671,546,0,3
571,674,570,1,2
571,678,570,1,2
571,684,596,3,0
571,686,570,1,2
571,693,546,0,3
571,695,570,1,2
571,710,596,3,0
571,720,570,1,2
572,629,571,1,2
572,641,597,3,0
572,650,571,1,2
572,653,597,3,0
572,670,571,1,2
572,671,547,0,3
572,678,571,1,2
572,683,547,0,3
572,684,597,3,0
572,686,571,1,2
572,693,547,0,3
572,695,571,1,2
573,641,574,2,1
573,650,572,1,2
573,653,598,3,0
573,670,572,1,2
573,671,548,0,3
573,678,572,1,2
573,684,598,3,0
573,693,548,0,3
573,695,572,1,2
574,653,599,3,0
574,670,573,1,2
574,671,549,0,3
575,653,600,2,0
575,670,576,1,1
576,650,577,2,1
576,653,601,3,0
576,670,577,2,1
576,671,601,3,0
576,678,577,2,1
576,684,601,3,0
576,693,551,0,3
576,695,577,2,1
577,641,602,3,0
577,650,578,2,1
577,653,602,3,0
577,670,578,2,1
577,671,602,3,0
577,678,578,2,1
577,683,552,0,3
577,684,602,3,0
577,686,578,2,1
577,693,552,0,3
577,695,578,2,1
578,629,579,2,1
578,641,603,3,0
578,650,579,2,1
578,653,603,3,0
578,670,579,2,1
578,671,603,3,0
578,674,579,2,1
578,678,579,2,1
578,684,603,3,0
578,686,579,2,1
578,693,553,0,3
578,695,579,2,1
578,710,710,89,0
578,720,579,2,1
579,629,580,2,1
579,632,554,0,3
579,636,580,2,1
579,641,604,3,0
579,650,580,2,1
579,653,604,3,0
579,665,578,1,2
579,670,580,2,1
579,671,604,3,0
579,674,580,2,1
579,678,580,2,1
579,684,604,3,0
579,686,580,2,1
579,693,554,0,3
579,695,580,2,1
579,710,578,1,2
579,720,580,2,1
580,629,581,2,1
580,632,555,0,3
580,636,581,2,1
580,641,605,3,0
580,650,581,2,1
580,653,605,3,0
580,665,579,1,2
580,670,581,2,1
580,671,605,3,0
580,674,581,2,1
580,678,581,2,1
580,684,605,3,0
580,686,581,2,1
580,693,555,0,3
580,695,581,2,1
580,710,579,1,2
580,720,581,2,1
581,629,556,0,3
581,632,556,0,3
581,636,606,3,0
581,641,606,3,0
581,650,556,0,3
581,653,606,3,0
581,665,580,1,2
581,670,582,2,1
581,671,606,3,0
581,678,606,3,0
581,684,606,3,0
581,693,556,0,3
581,695,582,2,1
581,710,580,1,2
581,720,606,3,0
582,629,557,0,3
582,632,581,1,2
582,636,607,3,0
582,641,581,1,2
582,650,557,0,3
582,653,581,1,2
582,665,581,1,2
582,670,583,2,1
582,671,581,1,2
582,674,607,3,0
582,678,607,3,0
582,684,581,1,2
582,686,557,0,3
582,693,581,1,2
582,695,583,2,1
582,720,607,3,0
583,629,558,0,3
583,632,582,1,2
583,636,608,3,0
583,641,582,1,2
583,650,558,0,3
583,653,582,1,2
583,665,582,1,2
583,670,584,2,1
583,671,582,1,2
583,674,608,3,0
583,678,608,3,0
583,684,582,1,2
583,686,558,0,3
583,693,582,1,2
583,695,584,2,1
583,720,608,3,0
584,629,559,0,3
584,641,583,1,2
584,650,559,0,3
584,653,583,1,2
584,670,585,2,1
584,671,583,1,2
584,674,609,3,0
584,678,609,3,0
584,684,583,1,2
584,686,559,0,3
584,693,583,1,2
584,695,585,2,1
584,720,609,3,0
585,641,584,1,2
585,650,560,0,3
585,653,584,1,2
585,670,586,2,1
585,671,584,1,2
585,678,610,3,0
585,684,584,1,2
585,686,560,0,3
585,693,584,1,2
585,695,586,2,1
586,641,585,1,2
586,650,561,0,3
586,653,585,1,2
586,670,587,2,1
586,671,585,1,2
586,678,611,3,0
586,684,585,1,2
586,693,585,1,2
586,695,695,74,0
587,653,586,1,2
587,670,670,49,0
588,653,589,2,1
588,670,587,1,2
588,671,589,2,1
589,641,588,1,2
589,650,564,0,3
589,653,590,2,1
589,670,588,1,2
589,671,590,2,1
589,678,614,3,0
589,684,590,2,1
589,693,590,2,1
589,695,588,1,2
590,629,565,0,3
590,641,591,2,1
590,650,565,0,3
590,653,591,2,1
590,670,589,1,2
590,671,591,2,1
590,678,615,3,0
590,683,591,2,1
590,684,591,2,1
590,686,565,0,3
590,693,591,2,1
590,695,589,1,2
591,629,566,0,3
591,632,592,2,1
591,641,592,2,1
591,650,566,0,3
591,653,592,2,1
591,665,592,2,1
591,670,590,1,2
591,671,592,2,1
591,674,616,3,0
591,678,616,3,0
591,684,592,2,1
591,686,566,0,3
591,693,592,2,1
591,695,590,1,2
591,710,592,2,1
591,720,616,3,0
592,629,567,0,3
592,632,593,2,1
592,636,617,3,0
592,641,593,2,1
592,650,567,0,3
592,653,593,2,1
592,665,593,2,1
592,670,591,1,2
592,671,593,2,1
592,674,617,3,0
592,678,617,3,0
592,684,593,2,1
592,686,567,0,3
592,693,593,2,1
592,695,591,1,2
592,720,617,3,0
593,625,618,3,0
593,626,568,0,3
593,629,568,0,3
593,632,568,0,3
593,633,568,0,3
593,635,618,3,0
593,636,618,3,0
593,638,568,0,3
593,639,618,3,0
593,641,618,3,0
593,643,618,3,0
593,647,568,0,3
593,650,568,0,3
593,651,618,3,0
593,653,618,3,0
593,654,568,0,3
593,657,618,3,0
593,658,568,0,3
593,660,618,3,0
593,662,618,3,0
593,665,594,2,1
593,666,568,0,3
593,668,618,3,0
593,670,592,1,2
593,671,618,3,0
593,674,618,3,0
593,675,568,0,3
593,677,568,0,3
593,678,618,3,0
593,681,568,0,3
593,682,618,3,0
593,683,568,0,3
593,684,618,3,0
593,686,568,0,3
593,687,618,3,0
593,690,618,3,0
593,692,618,3,0
593,693,568,0,3
593,694,618,3,0
593,695,592,1,2
593,696,618,3,0
593,697,568,0,3
593,700,618,3,0
593,701,618,3,0
593,702,618,3,0
593,705,618,3,0
593,708,618,3,0
593,709,568,0,3
593,711,618,3,0
593,714,568,0,3
593,715,568,0,3
593,718,568,0,3
593,719,618,3,0
593,720,618,3,0
593,723,568,0,3
594,627,593,1,2
594,628,593,1,2
594,629,593,1,2
594,630,593,1,2
594,631,593,1,2
594,632,569,0,3
594,634,593,1,2
594,636,593,1,2
594,637,593,1,2
594,640,593,1,2
594,641,619,3,0
594,642,593,1,2
594,644,593,1,2
594,645,593,1,2
594,648,593,1,2
594,649,593,1,2
594,650,593,1,2
594,652,593,1,2
594,653,619,3,0
594,655,593,1,2
594,656,593,1,2
594,659,593,1,2
594,661,593,1,2
594,663,593,1,2
594,665,595,2,1
594,667,593,1,2
594,669,593,1,2
594,670,593,1,2
594,671,619,3,0
594,673,593,1,2
594,674,593,1,2
594,678,593,1,2
594,679,593,1,2
594,680,593,1,2
594,684,619,3,0
594,685,593,1,2
594,686,593,1,2
594,688,593,1,2
594,691,593,1,2
594,693,569,0,3
594,695,593,1,2
594,698,593,1,2
594,699,593,1,2
594,703,593,1,2
594,704,593,1,2
594,707,593,1,2
594,710,595,2,1
594,713,593,1,2
594,717,593,1,2
594,720,593,1,2
594,722,593,1,2
594,724,593,1,2
595,629,594,1,2
595,632,570,0,3
595,636,594,1,2
595,641,620,3,0
595,650,594,1,2
595,653,620,3,0
595,665,596,2,1
595,670,594,1,2
595,671,620,3,0
595,674,594,1,2
595,678,594,1,2
595,684,620,3,0
595,686,594,1,2
595,693,570,0,3
595,695,594,1,2
595,710,596,2,1
595,720,594,1,2
596,629,595,1,2
596,632,571,0,3
596,641,621,3,0
596,650,595,1,2
596,653,621,3,0
596,665,665,44,0
596,670,595,1,2
596,671,621,3,0
596,674,595,1,2
596,678,595,1,2
596,684,621,3,0
596,686,595,1,2
596,693,571,0,3
596,695,595,1,2
596,720,595,1,2
597,629,596,1,2
597,641,622,3,0
597,650,596,1,2
597,653,622,3,0
597,670,596,1,2
597,671,622,3,0
597,678,596,1,2
597,683,572,0,3
597,684,622,3,0
597,686,596,1,2
597,693,572,0,3
597,695,596,1,2
598,641,599,2,1
598,650,597,1,2
598,653,623,3,0
598,670,597,1,2
598,671,623,3,0
598,678,597,1,2
598,684,623,3,0
598,693,573,0,3
598,695,597,1,2
599,653,624,3,0
599,670,598,1,2
599,671,624,3,0
600,653,0,2,3
600,670,601,1,1
601,650,602,2,1
601,653,1,3,3
601,670,602,2,1
601,671,1,3,3
601,678,602,2,1
601,684,1,3,3
601,693,576,0,3
601,695,602,2,1
602,641,2,3,3
602,650,603,2,1
602,653,2,3,3
602,670,603,2,1
602,671,2,3,3
602,678,603,2,1
602,683,577,0,3
602,684,2,3,3
602,686,603,2,1
602,693,577,0,3
602,695,603,2,1
603,629,604,2,1
603,641,3,3,3
603,650,604,2,1
603,653,3,3,3
603,670,604,2,1
603,671,3,3,3
603,674,604,2,1
603,678,604,2,1
603,684,3,3,3
603,686,604,2,1
603,693,578,0,3
603,695,604,2,1
603,710,578,0,3
603,720,604,2,1
604,629,605,2,1
604,632,579,0,3
604,636,605,2,1
604,641,4,3,3
604,650,605,2,1
604,653,4,3,3
604,665,579,0,3
604,670,605,2,1
604,671,4,3,3
604,674,605,2,1
604,678,605,2,1
604,684,4,3,3
604,686,605,2,1
604,693,579,0,3
604,695,605,2,1
604,720,605,2,1
605,629,606,2,1
605,632,580,0,3
605,636,606,2,1
605,641,5,3,3
605,650,606,2,1
605,653,5,3,3
605,665,580,0,3
605,670,606,2,1
605,671,5,3,3
605,674,606,2,1
605,678,606,2,1
605,684,5,3,3
605,686,606,2,1
605,693,580,0,3
605,695,606,2,1
605,720,606,2,1
606,629,581,0,3
606,632,581,0,3
606,641,6,3,3
606,650,581,0,3
606,653,6,3,3
606,665,581,0,3
606,670,581,0,3
606,671,6,3,3
606,674,607,2,1
606,678,6,3,3
606,684,6,3,3
606,686,6,3,3
606,693,581,0,3
606,695,581,0,3
607,629,582,0,3
607,632,606,1,2
607,636,7,3,3
607,641,606,1,2
607,650,582,0,3
607,653,606,1,2
607,665,606,1,2
607,670,582,0,3
607,671,606,1,2
607,674,608,2,1
607,678,7,3,3
607,684,606,1,2
607,686,7,3,3
607,693,606,1,2
607,695,582,0,3
607,720,7,3,3
608,629,583,0,3
608,632,607,1,2
608,636,8,3,3
608,641,607,1,2
608,650,583,0,3
608,653,607,1,2
608,665,607,1,2
608,670,583,0,3
608,671,607,1,2
608,674,609,2,1
608,678,8,3,3
608,684,607,1,2
608,686,8,3,3
608,693,607,1,2
608,695,583,0,3
608,720,8,3,3
609,629,584,0,3
609,641,608,1,2
609,650,584,0,3
609,653,608,1,2
609,670,584,0,3
609,671,608,1,2
609,674,674,53,0
609,678,9,3,3
609,684,608,1,2
609,686,9,3,3
609,693,608,1,2
609,695,584,0,3
609,720,9,3,3
610,641,609,1,2
610,650,585,0,3
610,653,609,1,2
610,670,585,0,3
610,671,609,1,2
610,678,10,3,3
610,684,609,1,2
610,686,10,3,3
610,693,609,1,2
610,695,585,0,3
611,641,610,1,2
611,650,586,0,3
611,653,610,1,2
611,670,586,0,3
611,671,610,1,2
611,678,11,3,3
611,684,610,1,2
611,693,610,1,2
611,695,586,0,3
612,653,611,1,2
612,670,587,0,3
613,653,614,2,1
613,670,588,0,3
613,671,614,2,1
614,641,613,1,2
614,650,589,0,3
614,653,615,2,1
614,670,589,0,3
614,671,615,2,1
614,678,14,3,3
614,684,615,2,1
614,693,615,2,1
614,695,589,0,3
615,629,590,0,3
615,641,616,2,1
615,650,590,0,3
615,653,616,2,1
615,670,590,0,3
615,671,616,2,1
615,678,15,3,3
615,683,616,2,1
615,684,616,2,1
615,686,15,3,3
615,693,616,2,1
615,695,590,0,3
616,629,591,0,3
616,632,617,2,1
616,641,617,2,1
616,650,591,0,3
616,653,617,2,1
616,665,617,2,1
616,670,591,0,3
616,671,617,2,1
616,674,615,1,2
616,678,16,3,3
616,684,617,2,1
616,686,16,3,3
616,693,617,2,1
616,695,591,0,3
616,710,617,2,1
616,720,16,3,3
617,629,592,0,3
617,632,618,2,1
617,636,17,3,3
617,641,618,2,1
617,650,592,0,3
617,653,618,2,1
617,665,618,2,1
617,670,592,0,3
617,671,618,2,1
617,674,616,1,2
617,678,17,3,3
617,684,618,2,1
617,686,17,3,3
617,693,618,2,1
617,695,592,0,3
617,720,17,3,3
618,625,18,3,3
618,626,593,0,3
618,629,593,0,3
618,632,593,0,3
618,633,593,0,3
618,635,18,3,3
618,636,18,3,3
618,638,593,0,3
618,639,18,3,3
618,641,18,3,3
618,643,18,3,3
618,647,593,0,3
618,650,593,0,3
618,651,18,3,3
618,653,18,3,3
618,654,593,0,3
618,658,593,0,3
618,660,18,3,3
618,662,18,3,3
618,665,593,0,3
618,666,593,0,3
618,668,18,3,3
618,670,593,0,3
618,671,18,3,3
618,674,617,1,2
618,675,593,0,3
618,677,593,0,3
618,678,18,3,3
618,681,18,3,3
618,682,18,3,3
618,683,593,0,3
618,684,18,3,3
618,686,18,3,3
618,687,18,3,3
618,690,18,3,3
618,692,18,3,3
618,693,593,0,3
618,694,18,3,3
618,695,593,0,3
618,697,593,0,3
618,700,18,3,3
618,701,18,3,3
618,702,18,3,3
618,705,18,3,3
618,708,18,3,3
618,709,593,0,3
618,710,593,0,3
618,711,18,3,3
618,714,593,0,3
618,715,593,0,3
618,718,593,0,3
618,719,18,3,3
618,720,18,3,3
618,723,593,0,3
619,627,618,1,2
619,628,618,1,2
619,629,618,1,2
619,630,618,1,2
619,631,618,1,2
619,632,594,0,3
619,634,618,1,2
619,636,618,1,2
619,637,618,1,2
619,640,618,1,2
619,641,19,3,3
619,642,618,1,2
619,644,618,1,2
619,645,618,1,2
619,648,618,1,2
619,649,618,1,2
619,650,618,1,2
619,652,618,1,2
619,653,19,3,3
619,655,618,1,2
619,656,618,1,2
619,659,618,1,2
619,661,618,1,2
619,663,618,1,2
619,665,594,0,3
619,667,618,1,2
619,669,618,1,2
619,670,618,1,2
619,671,19,3,3
619,673,618,1,2
619,674,618,1,2
619,676,618,1,2
619,678,618,1,2
619,679,618,1,2
619,680,618,1,2
619,684,19,3,3
619,685,618,1,2
619,686,618,1,2
619,688,618,1,2
619,689,618,1,2
619,691,618,1,2
619,693,594,0,3
619,695,618,1,2
619,698,618,1,2
619,699,618,1,2
619,703,618,1,2
619,704,618,1,2
619,707,618,1,2
619,713,618,1,2
619,717,618,1,2
619,720,618,1,2
619,722,618,1,2
619,724,618,1,2
620,629,619,1,2
620,632,595,0,3
620,636,619,1,2
620,641,20,3,3
620,650,619,1,2
620,653,20,3,3
620,665,595,0,3
620,670,619,1,2
620,671,20,3,3
620,674,619,1,2
620,678,619,1,2
620,684,20,3,3
620,686,619,1,2
620,693,595,0,3
620,695,619,1,2
620,720,619,1,2
621,629,620,1,2
621,632,596,0,3
621,641,21,3,3
621,650,620,1,2
621,653,21,3,3
621,665,596,0,3
621,670,620,1,2
621,671,21,3,3
621,674,620,1,2
621,678,620,1,2
621,684,21,3,3
621,686,620,1,2
621,693,596,0,3
621,695,620,1,2
621,710,596,0,3
621,720,620,1,2
622,629,621,1,2
622,641,22,3,3
622,650,621,1,2
622,653,22,3,3
622,670,621,1,2
622,671,22,3,3
622,678,621,1,2
622,683,597,0,3
622,684,22,3,3
622,686,621,1,2
622,693,597,0,3
622,695,621,1,2
623,641,624,2,1
623,650,622,1,2
623,653,23,3,3
623,670,622,1,2
623,671,23,3,3
623,678,622,1,2
623,684,23,3,3
623,693,598,0,3
623,695,622,1,2
624,653,24,3,3
624,670,623,1,2
624,671,24,3,3
629,625,365,0,8
629,626,365,0,8
629,627,365,0,8
629,628,365,0,8
629,630,365,0,8
629,631,365,0,8
629,632,365,0,8
629,633,365,0,8
629,634,365,0,8
629,635,365,0,8
629,636,365,0,8
629,637,365,0,8
629,638,365,0,8
629,639,365,0,8
629,640,365,0,8
629,641,365,0,8
629,642,365,0,8
629,643,365,0,8
629,644,365,0,8
629,645,365,0,8
629,646,365,0,8
629,647,365,0,8
629,648,365,0,8
629,649,365,0,8
629,650,365,0,8
629,651,365,0,8
629,652,365,0,8
629,653,365,0,8
629,654,365,0,8
629,655,365,0,8
629,656,365,0,8
629,657,365,0,8
629,658,365,0,8
629,659,365,0,8
629,660,365,0,8
629,661,365,0,8
629,662,365,0,8
629,663,365,0,8
629,664,365,0,8
629,665,365,0,8
629,666,365,0,8
629,667,365,0,8
629,668,365,0,8
629,669,365,0,8
629,670,365,0,8
629,671,365,0,8
629,672,365,0,8
629,673,365,0,8
629,674,365,0,8
629,675,365,0,8
629,676,365,0,8
629,677,365,0,8
629,678,365,0,8
629,679,365,0,8
629,680,365,0,8
629,681,365,0,8
629,682,365,0,8
629,683,365,0,8
629,684,365,0,8
629,685,365,0,8
629,686,365,0,8
629,687,365,0,8
629,688,365,0,8
629,689,365,0,8
629,690,365,0,8
629,691,365,0,8
629,692,365,0,8
629,693,365,0,8
629,694,365,0,8
629,695,365,0,8
629,696,365,0,8
629,697,365,0,8
629,698,365,0,8
629,699,365,0,8
629,700,365,0,8
629,701,365,0,8
629,702,365,0,8
629,703,365,0,8
629,704,365,0,8
629,705,365,0,8
629,706,365,0,8
629,707,365,0,8
629,708,365,0,8
629,709,365,0,8
629,710,365,0,8
629,711,365,0,8
629,712,365,0,8
629,713,365,0,8
629,714,365,0,8
629,715,365,0,8
629,716,365,0,8
629,717,365,0,8
629,718,365,0,8
629,719,365,0,8
629,720,365,0,8
629,721,365,0,8
629,722,365,0,8
629,723,365,0,8
629,724,365,0,8
632,625,546,0,11
632,626,546,0,11
632,627,546,0,11
632,628,546,0,11
632,629,546,0,11
632,630,546,0,11
632,631,546,0,11
632,633,546,0,11
632,634,546,0,11
632,635,546,0,11
632,636,546,0,11
632,637,546,0,11
632,638,546,0,11
632,639,546,0,11
632,640,546,0,11
632,641,546,0,11
632,642,546,0,11
632,643,546,0,11
632,644,546,0,11
632,645,546,0,11
632,646,546,0,11
632,647,546,0,11
632,648,546,0,11
632,649,546,0,11
632,650,546,0,11
632,651,546,0,11
632,652,546,0,11
632,653,546,0,11
632,654,546,0,11
632,655,546,0,11
632,656,546,0,11
632,657,546,0,11
632,658,546,0,11
632,659,546,0,11
632,660,546,0,11
632,661,546,0,11
632,662,546,0,11
632,663,546,0,11
632,664,546,0,11
632,665,546,0,11
632,666,546,0,11
632,667,546,0,11
632,668,546,0,11
632,669,546,0,11
632,670,546,0,11
632,671,546,0,11
632,672,546,0,11
632,673,546,0,11
632,674,546,0,11
632,675,546,0,11
632,676,546,0,11
632,677,546,0,11
632,678,546,0,11
632,679,546,0,11
632,680,546,0,11
632,681,546,0,11
632,682,546,0,11
632,683,546,0,11
632,684,546,0,11
632,685,546,0,11
632,686,546,0,11
632,687,546,0,11
632,688,546,0,11
632,689,546,0,11
632,690,546,0,11
632,691,546,0,11
632,692,546,0,11
632,693,546,0,11
632,694,546,0,11
632,695,546,0,11
632,696,546,0,11
632,697,546,0,11
632,698,546,0,11
632,699,546,0,11
632,700,546,0,11
632,701,546,0,11
632,702,546,0,11
632,703,546,0,11
632,704,546,0,11
632,705,546,0,11
632,706,546,0,11
632,707,546,0,11
632,708,546,0,11
632,709,546,0,11
632,710,546,0,11
632,711,546,0,11
632,712,546,0,11
632,713,546,0,11
632,714,546,0,11
632,715,546,0,11
632,716,546,0,11
632,717,546,0,11
632,718,546,0,11
632,719,546,0,11
632,720,546,0,11
632,721,546,0,11
632,722,546,0,11
632,723,546,0,11
632,724,546,0,11
636,625,133,0,15
636,626,133,0,15
636,627,133,0,15
636,628,133,0,15
636,629,133,0,15
636,630,133,0,15
636,631,133,0,15
636,632,133,0,15
636,633,133,0,15
636,634,133,0,15
636,635,133,0,15
636,637,133,0,15
636,638,133,0,15
636,639,133,0,15
636,640,133,0,15
636,641,133,0,15
636,642,133,0,15
636,643,133,0,15
636,644,133,0,15
636,645,133,0,15
636,646,133,0,15
636,647,133,0,15
636,648,133,0,15
636,649,133,0,15
636,650,133,0,15
636,651,133,0,15
636,652,133,0,15
636,653,133,0,15
636,654,133,0,15
636,655,133,0,15
636,656,133,0,15
636,657,133,0,15
636,658,133,0,15
636,659,133,0,15
636,660,133,0,15
636,661,133,0,15
636,662,133,0,15
636,663,133,0,15
636,664,133,0,15
636,665,133,0,15
636,666,133,0,15
636,667,133,0,15
636,668,133,0,15
636,669,133,0,15
636,670,133,0,15
636,671,133,0,15
636,672,133,0,15
636,673,133,0,15
636,674,133,0,15
636,675,133,0,15
636,676,133,0,15
636,677,133,0,15
636,678,133,0,15
636,679,133,0,15
636,680,133,0,15
636,681,133,0,15
636,682,133,0,15
636,683,133,0,15
636,684,133,0,15
636,685,133,0,15
636,686,133,0,15
636,687,133,0,15
636,688,133,0,15
636,689,133,0,15
636,690,133,0,15
636,691,133,0,15
636,692,133,0,15
636,693,133,0,15
636,694,133,0,15
636,695,133,0,15
636,696,133,0,15
636,697,133,0,15
636,698,133,0,15
636,699,133,0,15
636,700,133,0,15
636,701,133,0,15
636,702,133,0,15
636,703,133,0,15
636,704,133,0,15
636,705,133,0,15
636,706,133,0,15
636,707,133,0,15
636,708,133,0,15
636,709,133,0,15
636,710,133,0,15
636,711,133,0,15
636,712,133,0,15
636,713,133,0,15
636,714,133,0,15
636,715,133,0,15
636,716,133,0,15
636,717,133,0,15
636,718,133,0,15
636,719,133,0,15
636,720,133,0,15
636,721,133,0,15
636,722,133,0,15
636,723,133,0,15
636,724,133,0,15
641,625,52,0,20
641,626,52,0,20
641,627,52,0,20
641,628,52,0,20
641,629,52,0,20
641,630,52,0,20
641,631,52,0,20
641,632,52,0,20
641,633,52,0,20
641,634,52,0,20
641,635,52,0,20
641,636,52,0,20
641,637,52,0,20
641,638,52,0,20
641,639,52,0,20
641,640,52,0,20
641,642,52,0,20
641,643,52,0,20
641,644,52,0,20
641,645,52,0,20
641,646,52,0,20
641,647,52,0,20
641,648,52,0,20
641,649,52,0,20
641,650,52,0,20
641,651,52,0,20
641,652,52,0,20
641,653,52,0,20
641,654,52,0,20
641,655,52,0,20
641,656,52,0,20
641,657,52,0,20
641,658,52,0,20
641,659,52,0,20
641,660,52,0,20
641,661,52,0,20
641,662,52,0,20
641,663,52,0,20
641,664,52,0,20
641,665,52,0,20
641,666,52,0,20
641,667,52,0,20
641,668,52,0,20
641,669,52,0,20
641,670,52,0,20
641,671,52,0,20
641,672,52,0,20
641,673,52,0,20
641,674,52,0,20
641,675,52,0,20
641,676,52,0,20
641,677,52,0,20
641,678,52,0,20
641,679,52,0,20
641,680,52,0,20
641,681,52,0,20
641,682,52,0,20
641,683,52,0,20
641,684,52,0,20
641,685,52,0,20
641,686,52,0,20
641,687,52,0,20
641,688,52,0,20
641,689,52,0,20
641,690,52,0,20
641,691,52,0,20
641,692,52,0,20
641,693,52,0,20
641,694,52,0,20
641,695,52,0,20
641,696,52,0,20
641,697,52,0,20
641,698,52,0,20
641,699,52,0,20
641,700,52,0,20
641,701,52,0,20
641,702,52,0,20
641,703,52,0,20
641,704,52,0,20
641,705,52,0,20
641,706,52,0,20
641,707,52,0,20
641,708,52,0,20
641,709,52,0,20
641,710,52,0,20
641,711,52,0,20
641,712,52,0,20
641,713,52,0,20
641,714,52,0,20
641,715,52,0,20
641,716,52,0,20
641,717,52,0,20
641,718,52,0,20
641,719,52,0,20
641,720,52,0,20
641,721,52,0,20
641,722,52,0,20
641,723,52,0,20
641,724,52,0,20
650,625,411,0,29
650,626,411,0,29
650,627,411,0,29
650,628,411,0,29
650,629,411,0,29
650,630,411,0,29
650,631,411,0,29
650,632,411,0,29
650,633,411,0,29
650,634,411,0,29
650,635,411,0,29
650,636,411,0,29
650,637,411,0,29
650,638,411,0,29
650,639,411,0,29
650,640,411,0,29
650,641,411,0,29
650,642,411,0,29
650,643,411,0,29
650,644,411,0,29
650,645,411,0,29
650,646,411,0,29
650,647,411,0,29
650,648,411,0,29
650,649,411,0,29
650,651,411,0,29
650,652,411,0,29
650,653,411,0,29
650,654,411,0,29
650,655,411,0,29
650,656,411,0,29
650,657,411,0,29
650,658,411,0,29
650,659,411,0,29
650,660,411,0,29
650,661,411,0,29
650,662,411,0,29
650,663,411,0,29
650,664,411,0,29
650,665,411,0,29
650,666,411,0,29
650,667,411,0,29
650,668,411,0,29
650,669,411,0,29
650,670,411,0,29
650,671,411,0,29
650,672,411,0,29
650,673,411,0,29
650,674,411,0,29
650,675,411,0,29
650,676,411,0,29
650,677,411,0,29
650,678,411,0,29
650,679,411,0,29
650,680,411,0,29
650,681,411,0,29
650,682,411,0,29
650,683,411,0,29
650,684,411,0,29
650,685,411,0,29
650,686,411,0,29
650,687,411,0,29
650,688,411,0,29
650,689,411,0,29
650,690,411,0,29
650,691,411,0,29
650,692,411,0,29
650,693,411,0,29
650,694,411,0,29
650,695,411,0,29
650,696,411,0,29
650,697,411,0,29
650,698,411,0,29
650,699,411,0,29
650,700,411,0,29
650,701,411,0,29
650,702,411,0,29
650,703,411,0,29
650,704,411,0,29
650,705,411,0,29
650,706,411,0,29
650,707,411,0,29
650,708,411,0,29
650,709,411,0,29
650,710,411,0,29
650,711,411,0,29
650,712,411,0,29
650,713,411,0,29
650,714,411,0,29
650,715,411,0,29
650,716,411,0,29
650,717,411,0,29
650,718,411,0,29
650,719,411,0,29
650,720,411,0,29
650,721,411,0,29
650,722,411,0,29
650,723,411,0,29
650,724,411,0,29
653,625,175,0,32
653,626,175,0,32
653,627,175,0,32
653,628,175,0,32
653,629,175,0,32
653,630,175,0,32
653,631,175,0,32
653,632,175,0,32
653,633,175,0,32
653,634,175,0,32
653,635,175,0,32
653,636,175,0,32
653,637,175,0,32
653,638,175,0,32
653,639,175,0,32
653,640,175,0,32
653,641,175,0,32
653,642,175,0,32
653,643,175,0,32
653,644,175,0,32
653,645,175,0,32
653,646,175,0,32
653,647,175,0,32
653,648,175,0,32
653,649,175,0,32
653,650,175,0,32
653,651,175,0,32
653,652,175,0,32
653,654,175,0,32
653,655,175,0,32
653,656,175,0,32
653,657,175,0,32
653,658,175,0,32
653,659,175,0,32
653,660,175,0,32
653,661,175,0,32
653,662,175,0,32
653,663,175,0,32
653,664,175,0,32
653,665,175,0,32
653,666,175,0,32
653,667,175,0,32
653,668,175,0,32
653,669,175,0,32
653,670,175,0,32
653,671,175,0,32
653,672,175,0,32
653,673,175,0,32
653,674,175,0,32
653,675,175,0,32
653,676,175,0,32
653,677,175,0,32
653,678,175,0,32
653,679,175,0,32
653,680,175,0,32
653,681,175,0,32
653,682,175,0,32
653,683,175,0,32
653,684,175,0,32
653,685,175,0,32
653,686,175,0,32
653,687,175,0,32
653,688,175,0,32
653,689,175,0,32
653,690,175,0,32
653,691,175,0,32
653,692,175,0,32
653,693,175,0,32
653,694,175,0,32
653,695,175,0,32
653,696,175,0,32
653,697,175,0,32
653,698,175,0,32
653,699,175,0,32
653,700,175,0,32
653,701,175,0,32
653,702,175,0,32
653,703,175,0,32
653,704,175,0,32
653,705,175,0,32
653,706,175,0,32
653,707,175,0,32
653,708,175,0,32
653,709,175,0,32
653,710,175,0,32
653,711,175,0,32
653,712,175,0,32
653,713,175,0,32
653,714,175,0,32
653,715,175,0,32
653,716,175,0,32
653,717,175,0,32
653,718,175,0,32
653,719,175,0,32
653,720,175,0,32
653,721,175,0,32
653,722,175,0,32
653,723,175,0,32
653,724,175,0,32
665,625,596,0,44
665,626,596,0,44
665,627,596,0,44
665,628,596,0,44
665,629,596,0,44
665,630,596,0,44
665,631,596,0,44
665,632,596,0,44
665,633,596,0,44
665,634,596,0,44
665,635,596,0,44
665,636,596,0,44
665,637,596,0,44
665,638,596,0,44
665,639,596,0,44
665,640,596,0,44
665,641,596,0,44
665,642,596,0,44
665,643,596,0,44
665,644,596,0,44
665,645,596,0,44
665,646,596,0,44
665,647,596,0,44
665,648,596,0,44
665,649,596,0,44
665,650,596,0,44
665,651,596,0,44
665,652,596,0,44
665,653,596,0,44
665,654,596,0,44
665,655,596,0,44
665,656,596,0,44
665,657,596,0,44
665,658,596,0,44
665,659,596,0,44
665,660,596,0,44
665,661,596,0,44
665,662,596,0,44
665,663,596,0,44
665,664,596,0,44
665,666,596,0,44
665,667,596,0,44
665,668,596,0,44
665,669,596,0,44
665,670,596,0,44
665,671,596,0,44
665,672,596,0,44
665,673,596,0,44
665,674,596,0,44
665,675,596,0,44
665,676,596,0,44
665,677,596,0,44
665,678,596,0,44
665,679,596,0,44
665,680,596,0,44
665,681,596,0,44
665,682,596,0,44
665,683,596,0,44
665,684,596,0,44
665,685,596,0,44
665,686,596,0,44
665,687,596,0,44
665,688,596,0,44
665,689,596,0,44
665,690,596,0,44
665,691,596,0,44
665,692,596,0,44
665,693,596,0,44
665,694,596,0,44
665,695,596,0,44
665,696,596,0,44
665,697,596,0,44
665,698,596,0,44
665,699,596,0,44
665,700,596,0,44
665,701,596,0,44
665,702,596,0,44
665,703,596,0,44
665,704,596,0,44
665,705,596,0,44
665,706,596,0,44
665,707,596,0,44
665,708,596,0,44
665,709,596,0,44
665,710,596,0,44
665,711,596,0,44
665,712,596,0,44
665,713,596,0,44
665,714,596,0,44
665,715,596,0,44
665,716,596,0,44
665,717,596,0,44
665,718,596,0,44
665,719,596,0,44
665,720,596,0,44
665,721,596,0,44
665,722,596,0,44
665,723,596,0,44
665,724,596,0,44
670,625,587,0,49
670,626,587,0,49
670,627,587,0,49
670,628,587,0,49
670,629,587,0,49
670,630,587,0,49
670,631,587,0,49
670,632,587,0,49
670,633,587,0,49
670,634,587,0,49
670,635,587,0,49
670,636,587,0,49
670,637,587,0,49
670,638,587,0,49
670,639,587,0,49
670,640,587,0,49
670,641,587,0,49
670,642,587,0,49
670,643,587,0,49
670,644,587,0,49
670,645,587,0,49
670,646,587,0,49
670,647,587,0,49
670,648,587,0,49
670,649,587,0,49
670,650,587,0,49
670,651,587,0,49
670,652,587,0,49
670,653,587,0,49
670,654,587,0,49
670,655,587,0,49
670,656,587,0,49
670,657,587,0,49
670,658,587,0,49
670,659,587,0,49
670,660,587,0,49
670,661,587,0,49
670,662,587,0,49
670,663,587,0,49
670,664,587,0,49
670,665,587,0,49
670,666,587,0,49
670,667,587,0,49
670,668,587,0,49
670,669,587,0,49
670,671,587,0,49
670,672,587,0,49
670,673,587,0,49
670,674,587,0,49
670,675,587,0,49
670,676,587,0,49
670,677,587,0,49
670,678,587,0,49
670,679,587,0,49
670,680,587,0,49
670,681,587,0,49
670,682,587,0,49
670,683,587,0,49
670,684,587,0,49
670,685,587,0,49
670,686,587,0,49
670,687,587,0,49
670,688,587,0,49
670,689,587,0,49
670,690,587,0,49
670,691,587,0,49
670,692,587,0,49
670,693,587,0,49
670,694,587,0,49
670,695,587,0,49
670,696,587,0,49
670,697,587,0,49
670,698,587,0,49
670,699,587,0,49
670,700,587,0,49
670,701,587,0,49
670,702,587,0,49
670,703,587,0,49
670,704,587,0,49
670,705,587,0,49
670,706,587,0,49
670,707,587,0,49
670,708,587,0,49
670,709,587,0,49
670,710,587,0,49
670,711,587,0,49
670,712,587,0,49
670,713,587,0,49
670,714,587,0,49
670,715,587,0,49
670,716,587,0,49
670,717,587,0,49
670,718,587,0,49
670,719,587,0,49
670,720,587,0,49
670,721,587,0,49
670,722,587,0,49
670,723,587,0,49
670,724,587,0,49
671,625,274,0,50
671,626,274,0,50
671,627,274,0,50
671,628,274,0,50
671,629,274,0,50
671,630,274,0,50
671,631,274,0,50
671,632,274,0,50
671,633,274,0,50
671,634,274,0,50
671,635,274,0,50
671,636,274,0,50
671,637,274,0,50
671,638,274,0,50
671,639,274,0,50
671,640,274,0,50
671,641,274,0,50
671,642,274,0,50
671,643,274,0,50
671,644,274,0,50
671,645,274,0,50
671,646,274,0,50
671,647,274,0,50
671,648,274,0,50
671,649,274,0,50
671,650,274,0,50
671,651,274,0,50
671,652,274,0,50
671,653,274,0,50
671,654,274,0,50
671,655,274,0,50
671,656,274,0,50
671,657,274,0,50
671,658,274,0,50
671,659,274,0,50
671,660,274,0,50
671,661,274,0,50
671,662,274,0,50
671,663,274,0,50
671,664,274,0,50
671,665,274,0,50
671,666,274,0,50
671,667,274,0,50
671,668,274,0,50
671,669,274,0,50
671,670,274,0,50
671,672,274,0,50
671,673,274,0,50
671,674,274,0,50
671,675,274,0,50
671,676,274,0,50
671,677,274,0,50
671,678,274,0,50
671,679,274,0,50
671,680,274,0,50
671,681,274,0,50
671,682,274,0,50
671,683,274,0,50
671,684,274,0,50
671,685,274,0,50
671,686,274,0,50
671,687,274,0,50
671,688,274,0,50
671,689,274,0,50
671,690,274,0,50
671,691,274,0,50
671,692,274,0,50
671,693,274,0,50
671,694,274,0,50
671,695,274,0,50
671,696,274,0,50
671,697,274,0,50
671,698,274,0,50
671,699,274,0,50
671,700,274,0,50
671,701,274,0,50
671,702,274,0,50
671,703,274,0,50
671,704,274,0,50
671,705,274,0,50
671,706,274,0,50
671,707,274,0,50
671,708,274,0,50
671,709,274,0,50
671,710,274,0,50
671,711,274,0,50
671,712,274,0,50
671,713,274,0,50
671,714,274,0,50
671,715,274,0,50
671,716,274,0,50
671,717,274,0,50
671,718,274,0,50
671,719,274,0,50
671,720,274,0,50
671,721,274,0,50
671,722,274,0,50
671,723,274,0,50
671,724,274,0,50
674,625,609,0,53
674,626,609,0,53
674,627,609,0,53
674,628,609,0,53
674,629,609,0,53
674,630,609,0,53
674,631,609,0,53
674,632,609,0,53
674,633,609,0,53
674,634,609,0,53
674,635,609,0,53
674,636,609,0,53
674,637,609,0,53
674,638,609,0,53
674,639,609,0,53
674,640,609,0,53
674,641,609,0,53
674,642,609,0,53
674,643,609,0,53
674,644,609,0,53
674,645,609,0,53
674,646,609,0,53
674,647,609,0,53
674,648,609,0,53
674,649,609,0,53
674,650,609,0,53
674,651,609,0,53
674,652,609,0,53
674,653,609,0,53
674,654,609,0,53
674,655,609,0,53
674,656,609,0,53
674,657,609,0,53
674,658,609,0,53
674,659,609,0,53
674,660,609,0,53
674,661,609,0,53
674,662,609,0,53
674,663,609,0,53
674,664,609,0,53
674,665,609,0,53
674,666,609,0,53
674,667,609,0,53
674,668,609,0,53
674,669,609,0,53
674,670,609,0,53
674,671,609,0,53
674,672,609,0,53
674,673,609,0,53
674,675,609,0,53
674,676,609,0,53
674,677,609,0,53
674,678,609,0,53
674,679,609,0,53
674,680,609,0,53
674,681,609,0,53
674,682,609,0,53
674,683,609,0,53
674,684,609,0,53
674,685,609,0,53
674,686,609,0,53
674,687,609,0,53
674,688,609,0,53
674,689,609,0,53
674,690,609,0,53
674,691,609,0,53
674,692,609,0,53
674,693,609,0,53
674,694,609,0,53
674,695,609,0,53
674,696,609,0,53
674,697,609,0,53
674,698,609,0,53
674,699,609,0,53
674,700,609,0,53
674,701,609,0,53
674,702,609,0,53
674,703,609,0,53
674,704,609,0,53
674,705,609,0,53
674,706,609,0,53
674,707,609,0,53
674,708,609,0,53
674,709,609,0,53
674,710,609,0,53
674,711,609,0,53
674,712,609,0,53
674,713,609,0,53
674,714,609,0,53
674,715,609,0,53
674,716,609,0,53
674,717,609,0,53
674,718,609,0,53
674,719,609,0,53
674,720,609,0,53
674,721,609,0,53
674,722,609,0,53
674,723,609,0,53
674,724,609,0,53
678,625,136,0,57
678,626,136,0,57
678,627,136,0,57
678,628,136,0,57
678,629,136,0,57
678,630,136,0,57
678,631,136,0,57
678,632,136,0,57
678,633,136,0,57
678,634,136,0,57
678,635,136,0,57
678,636,136,0,57
678,637,136,0,57
678,638,136,0,57
678,639,136,0,57
678,640,136,0,57
678,641,136,0,57
678,642,136,0,57
678,643,136,0,57
678,644,136,0,57
678,645,136,0,57
678,646,136,0,57
678,647,136,0,57
678,648,136,0,57
678,649,136,0,57
678,650,136,0,57
678,651,136,0,57
678,652,136,0,57
678,653,136,0,57
678,654,136,0,57
678,655,136,0,57
678,656,136,0,57
678,657,136,0,57
678,658,136,0,57
678,659,136,0,57
678,660,136,0,57
678,661,136,0,57
678,662,136,0,57
678,663,136,0,57
678,664,136,0,57
678,665,136,0,57
678,666,136,0,57
678,667,136,0,57
678,668,136,0,57
678,669,136,0,57
678,670,136,0,57
678,671,136,0,57
678,672,136,0,57
678,673,136,0,57
678,674,136,0,57
678,675,136,0,57
678,676,136,0,57
678,677,136,0,57
678,679,136,0,57
678,680,136,0,57
678,681,136,0,57
678,682,136,0,57
678,683,136,0,57
678,684,136,0,57
678,685,136,0,57
678,686,136,0,57
678,687,136,0,57
678,688,136,0,57
678,689,136,0,57
678,690,136,0,57
678,691,136,0,57
678,692,136,0,57
678,693,136,0,57
678,694,136,0,57
678,695,136,0,57
678,696,136,0,57
678,697,136,0,57
678,698,136,0,57
678,699,136,0,57
678,700,136,0,57
678,701,136,0,57
678,702,136,0,57
678,703,136,0,57
678,704,136,0,57
678,705,136,0,57
678,706,136,0,57
678,707,136,0,57
678,708,136,0,57
678,709,136,0,57
678,710,136,0,57
678,711,136,0,57
678,712,136,0,57
678,713,136,0,57
678,714,136,0,57
678,715,136,0,57
678,716,136,0,57
678,717,136,0,57
678,718,136,0,57
678,719,136,0,57
678,720,136,0,57
678,721,136,0,57
678,722,136,0,57
678,723,136,0,57
678,724,136,0,57
683,625,377,0,62
683,626,377,0,62
683,627,377,0,62
683,628,377,0,62
683,629,377,0,62
683,630,377,0,62
683,631,377,0,62
683,632,377,0,62
683,633,377,0,62
683,634,377,0,62
683,635,377,0,62
683,636,377,0,62
683,637,377,0,62
683,638,377,0,62
683,639,377,0,62
683,640,377,0,62
683,641,377,0,62
683,642,377,0,62
683,643,377,0,62
683,644,377,0,62
683,645,377,0,62
683,646,377,0,62
683,647,377,0,62
683,648,377,0,62
683,649,377,0,62
683,650,377,0,62
683,651,377,0,62
683,652,377,0,62
683,653,377,0,62
683,654,377,0,62
683,655,377,0,62
683,656,377,0,62
683,657,377,0,62
683,658,377,0,62
683,659,377,0,62
683,660,377,0,62
683,661,377,0,62
683,662,377,0,62
683,663,377,0,62
683,664,377,0,62
683,665,377,0,62
683,666,377,0,62
683,667,377,0,62
683,668,377,0,62
683,669,377,0,62
683,670,377,0,62
683,671,377,0,62
683,672,377,0,62
683,673,377,0,62
683,674,377,0,62
683,675,377,0,62
683,676,377,0,62
683,677,377,0,62
683,678,377,0,62
683,679,377,0,62
683,680,377,0,62
683,681,377,0,62
683,682,377,0,62
683,684,377,0,62
683,685,377,0,62
683,686,377,0,62
683,687,377,0,62
683,688,377,0,62
683,689,377,0,62
683,690,377,0,62
683,691,377,0,62
683,692,377,0,62
683,693,377,0,62
683,694,377,0,62
683,695,377,0,62
683,696,377,0,62
683,697,377,0,62
683,698,377,0,62
683,699,377,0,62
683,700,377,0,62
683,701,377,0,62
683,702,377,0,62
683,703,377,0,62
683,704,377,0,62
683,705,377,0,62
683,706,377,0,62
683,707,377,0,62
683,708,377,0,62
683,709,377,0,62
683,710,377,0,62
683,711,377,0,62
683,712,377,0,62
683,713,377,0,62
683,714,377,0,62
683,715,377,0,62
683,716,377,0,62
683,717,377,0,62
683,718,377,0,62
683,719,377,0,62
683,720,377,0,62
683,721,377,0,62
683,722,377,0,62
683,723,377,0,62
683,724,377,0,62
684,625,26,0,63
684,626,26,0,63
684,627,26,0,63
684,628,26,0,63
684,629,26,0,63
684,630,26,0,63
684,631,26,0,63
684,632,26,0,63
684,633,26,0,63
684,634,26,0,63
684,635,26,0,63
684,636,26,0,63
684,637,26,0,63
684,638,26,0,63
684,639,26,0,63
684,640,26,0,63
684,641,26,0,63
684,642,26,0,63
684,643,26,0,63
684,644,26,0,63
684,645,26,0,63
684,646,26,0,63
684,647,26,0,63
684,648,26,0,63
684,649,26,0,63
684,650,26,0,63
684,651,26,0,63
684,652,26,0,63
684,653,26,0,63
684,654,26,0,63
684,655,26,0,63
684,656,26,0,63
684,657,26,0,63
684,658,26,0,63
684,659,26,0,63
684,660,26,0,63
684,661,26,0,63
684,662,26,0,63
684,663,26,0,63
684,664,26,0,63
684,665,26,0,63
684,666,26,0,63
684,667,26,0,63
684,668,26,0,63
684,669,26,0,63
684,670,26,0,63
684,671,26,0,63
684,672,26,0,63
684,673,26,0,63
684,674,26,0,63
684,675,26,0,63
684,676,26,0,63
684,677,26,0,63
684,678,26,0,63
684,679,26,0,63
684,680,26,0,63
684,681,26,0,63
684,682,26,0,63
684,683,26,0,63
684,685,26,0,63
684,686,26,0,63
684,687,26,0,63
684,688,26,0,63
684,689,26,0,63
684,690,26,0,63
684,691,26,0,63
684,692,26,0,63
684,693,26,0,63
684,694,26,0,63
684,695,26,0,63
684,696,26,0,63
684,697,26,0,63
684,698,26,0,63
684,699,26,0,63
684,700,26,0,63
684,701,26,0,63
684,702,26,0,63
684,703,26,0,63
684,704,26,0,63
684,705,26,0,63
684,706,26,0,63
684,707,26,0,63
684,708,26,0,63
684,709,26,0,63
684,710,26,0,63
684,711,26,0,63
684,712,26,0,63
684,713,26,0,63
684,714,26,0,63
684,715,26,0,63
684,716,26,0,63
684,717,26,0,63
684,718,26,0,63
684,719,26,0,63
684,720,26,0,63
684,721,26,0,63
684,722,26,0,63
684,723,26,0,63
684,724,26,0,63
686,625,285,0,65
686,626,285,0,65
686,627,285,0,65
686,628,285,0,65
686,629,285,0,65
686,630,285,0,65
686,631,285,0,65
686,632,285,0,65
686,633,285,0,65
686,634,285,0,65
686,635,285,0,65
686,636,285,0,65
686,637,285,0,65
686,638,285,0,65
686,639,285,0,65
686,640,285,0,65
686,641,285,0,65
686,642,285,0,65
686,643,285,0,65
686,644,285,0,65
686,645,285,0,65
686,646,285,0,65
686,647,285,0,65
686,648,285,0,65
686,649,285,0,65
686,650,285,0,65
686,651,285,0,65
686,652,285,0,65
686,653,285,0,65
686,654,285,0,65
686,655,285,0,65
686,656,285,0,65
686,657,285,0,65
686,658,285,0,65
686,659,285,0,65
686,660,285,0,65
686,661,285,0,65
686,662,285,0,65
686,663,285,0,65
686,664,285,0,65
686,665,285,0,65
686,666,285,0,65
686,667,285,0,65
686,668,285,0,65
686,669,285,0,65
686,670,285,0,65
686,671,285,0,65
686,672,285,0,65
686,673,285,0,65
686,674,285,0,65
686,675,285,0,65
686,676,285,0,65
686,677,285,0,65
686,678,285,0,65
686,679,285,0,65
686,680,285,0,65
686,681,285,0,65
686,682,285,0,65
686,683,285,0,65
686,684,285,0,65
686,685,285,0,65
686,687,285,0,65
686,688,285,0,65
686,689,285,0,65
686,690,285,0,65
686,691,285,0,65
686,692,285,0,65
686,693,285,0,65
686,694,285,0,65
686,695,285,0,65
686,696,285,0,65
686,697,285,0,65
686,698,285,0,65
686,699,285,0,65
686,700,285,0,65
686,701,285,0,65
686,702,285,0,65
686,703,285,0,65
686,704,285,0,65
686,705,285,0,65
686,706,285,0,65
686,707,285,0,65
686,708,285,0,65
686,709,285,0,65
686,710,285,0,65
686,711,285,0,65
686,712,285,0,65
686,713,285,0,65
686,714,285,0,65
686,715,285,0,65
686,716,285,0,65
686,717,285,0,65
686,718,285,0,65
686,719,285,0,65
686,720,285,0,65
686,721,285,0,65
686,722,285,0,65
686,723,285,0,65
686,724,285,0,65
693,625,326,0,72
693,626,326,0,72
693,627,326,0,72
693,628,326,0,72
693,629,326,0,72
693,630,326,0,72
693,631,326,0,72
693,632,326,0,72
693,633,326,0,72
693,634,326,0,72
693,635,326,0,72
693,636,326,0,72
693,637,326,0,72
693,638,326,0,72
693,639,326,0,72
693,640,326,0,72
693,641,326,0,72
693,642,326,0,72
693,643,326,0,72
693,644,326,0,72
693,645,326,0,72
693,646,326,0,72
693,647,326,0,72
693,648,326,0,72
693,649,326,0,72
693,650,326,0,72
693,651,326,0,72
693,652,326,0,72
693,653,326,0,72
693,654,326,0,72
693,655,326,0,72
693,656,326,0,72
693,657,326,0,72
693,658,326,0,72
693,659,326,0,72
693,660,326,0,72
693,661,326,0,72
693,662,326,0,72
693,663,326,0,72
693,664,326,0,72
693,665,326,0,72
693,666,326,0,72
693,667,326,0,72
693,668,326,0,72
693,669,326,0,72
693,670,326,0,72
693,671,326,0,72
693,672,326,0,72
693,673,326,0,72
693,674,326,0,72
693,675,326,0,72
693,676,326,0,72
693,677,326,0,72
693,678,326,0,72
693,679,326,0,72
693,680,326,0,72
693,681,326,0,72
693,682,326,0,72
693,683,326,0,72
693,684,326,0,72
693,685,326,0,72
693,686,326,0,72
693,687,326,0,72
693,688,326,0,72
693,689,326,0,72
693,690,326,0,72
693,691,326,0,72
693,692,326,0,72
693,694,326,0,72
693,695,326,0,72
693,696,326,0,72
693,697,326,0,72
693,698,326,0,72
693,699,326,0,72
693,700,326,0,72
693,701,326,0,72
693,702,326,0,72
693,703,326,0,72
693,704,326,0,72
693,705,326,0,72
693,706,326,0,72
693,707,326,0,72
693,708,326,0,72
693,709,326,0,72
693,710,326,0,72
693,711,326,0,72
693,712,326,0,72
693,713,326,0,72
693,714,326,0,72
693,715,326,0,72
693,716,326,0,72
693,717,326,0,72
693,718,326,0,72
693,719,326,0,72
693,720,326,0,72
693,721,326,0,72
693,722,326,0,72
693,723,326,0,72
693,724,326,0,72
695,625,586,0,74
695,626,586,0,74
695,627,586,0,74
695,628,586,0,74
695,629,586,0,74
695,630,586,0,74
695,631,586,0,74
695,632,586,0,74
695,633,586,0,74
695,634,586,0,74
695,635,586,0,74
695,636,586,0,74
695,637,586,0,74
695,638,586,0,74
695,639,586,0,74
695,640,586,0,74
695,641,586,0,74
695,642,586,0,74
695,643,586,0,74
695,644,586,0,74
695,645,586,0,74
695,646,586,0,74
695,647,586,0,74
695,648,586,0,74
695,649,586,0,74
695,650,586,0,74
695,651,586,0,74
695,652,586,0,74
695,653,586,0,74
695,654,586,0,74
695,655,586,0,74
695,656,586,0,74
695,657,586,0,74
695,658,586,0,74
695,659,586,0,74
695,660,586,0,74
695,661,586,0,74
695,662,586,0,74
695,663,586,0,74
695,664,586,0,74
695,665,586,0,74
695,666,586,0,74
695,667,586,0,74
695,668,586,0,74
695,669,586,0,74
695,670,586,0,74
695,671,586,0,74
695,672,586,0,74
695,673,586,0,74
695,674,586,0,74
695,675,586,0,74
695,676,586,0,74
695,677,586,0,74
695,678,586,0,74
695,679,586,0,74
695,680,586,0,74
695,681,586,0,74
695,682,586,0,74
695,683,586,0,74
695,684,586,0,74
695,685,586,0,74
695,686,586,0,74
695,687,586,0,74
695,688,586,0,74
695,689,586,0,74
695,690,586,0,74
695,691,586,0,74
695,692,586,0,74
695,693,586,0,74
695,694,586,0,74
695,696,586,0,74
695,697,586,0,74
695,698,586,0,74
695,699,586,0,74
695,700,586,0,74
695,701,586,0,74
695,702,586,0,74
695,703,586,0,74
695,704,586,0,74
695,705,586,0,74
695,706,586,0,74
695,707,586,0,74
695,708,586,0,74
695,709,586,0,74
695,710,586,0,74
695,711,586,0,74
695,712,586,0,74
695,713,586,0,74
695,714,586,0,74
695,715,586,0,74
695,716,586,0,74
695,717,586,0,74
695,718,586,0,74
695,719,586,0,74
695,720,586,0,74
695,721,586,0,74
695,722,586,0,74
695,723,586,0,74
695,724,586,0,74
710,625,578,0,89
710,626,578,0,89
710,627,578,0,89
710,628,578,0,89
710,629,578,0,89
710,630,578,0,89
710,631,578,0,89
710,632,578,0,89
710,633,578,0,89
710,634,578,0,89
710,635,578,0,89
710,636,578,0,89
710,637,578,0,89
710,638,578,0,89
710,639,578,0,89
710,640,578,0,89
710,641,578,0,89
710,642,578,0,89
710,643,578,0,89
710,644,578,0,89
710,645,578,0,89
710,646,578,0,89
710,647,578,0,89
710,648,578,0,89
710,649,578,0,89
710,650,578,0,89
710,651,578,0,89
710,652,578,0,89
710,653,578,0,89
710,654,578,0,89
710,655,578,0,89
710,656,578,0,89
710,657,578,0,89
710,658,578,0,89
710,659,578,0,89
710,660,578,0,89
710,661,578,0,89
710,662,578,0,89
710,663,578,0,89
710,664,578,0,89
710,665,578,0,89
710,666,578,0,89
710,667,578,0,89
710,668,578,0,89
710,669,578,0,89
710,670,578,0,89
710,671,578,0,89
710,672,578,0,89
710,673,578,0,89
710,674,578,0,89
710,675,578,0,89
710,676,578,0,89
710,677,578,0,89
710,678,578,0,89
710,679,578,0,89
710,680,578,0,89
710,681,578,0,89
710,682,578,0,89
710,683,578,0,89
710,684,578,0,89
710,685,578,0,89
710,686,578,0,89
710,687,578,0,89
710,688,578,0,89
710,689,578,0,89
710,690,578,0,89
710,691,578,0,89
710,692,578,0,89
710,693,578,0,89
710,694,578,0,89
710,695,578,0,89
710,696,578,0,89
710,697,578,0,89
710,698,578,0,89
710,699,578,0,89
710,700,578,0,89
710,701,578,0,89
710,702,578,0,89
710,703,578,0,89
710,704,578,0,89
710,705,578,0,89
710,706,578,0,89
710,707,578,0,89
710,708,578,0,89
710,709,578,0,89
710,711,578,0,89
710,712,578,0,89
710,713,578,0,89
710,714,578,0,89
710,715,578,0,89
710,716,578,0,89
710,717,578,0,89
710,718,578,0,89
710,719,578,0,89
710,720,578,0,89
710,721,578,0,89
710,722,578,0,89
710,723,578,0,89
710,724,578,0,89
720,625,84,0,99
720,626,84,0,99
720,627,84,0,99
720,628,84,0,99
720,629,84,0,99
720,630,84,0,99
720,631,84,0,99
720,632,84,0,99
720,633,84,0,99
720,634,84,0,99
720,635,84,0,99
720,636,84,0,99
720,637,84,0,99
720,638,84,0,99
720,639,84,0,99
720,640,84,0,99
720,641,84,0,99
720,642,84,0,99
720,643,84,0,99
720,644,84,0,99
720,645,84,0,99
720,646,84,0,99
720,647,84,0,99
720,648,84,0,99
720,649,84,0,99
720,650,84,0,99
720,651,84,0,99
720,652,84,0,99
720,653,84,0,99
720,654,84,0,99
720,655,84,0,99
720,656,84,0,99
720,657,84,0,99
720,658,84,0,99
720,659,84,0,99
720,660,84,0,99
720,661,84,0,99
720,662,84,0,99
720,663,84,0,99
720,664,84,0,99
720,665,84,0,99
720,666,84,0,99
720,667,84,0,99
720,668,84,0,99
720,669,84,0,99
720,670,84,0,99
720,671,84,0,99
720,672,84,0,99
720,673,84,0,99
720,674,84,0,99
720,675,84,0,99
720,676,84,0,99
720,677,84,0,99
720,678,84,0,99
720,679,84,0,99
720,680,84,0,99
720,681,84,0,99
720,682,84,0,99
720,683,84,0,99
720,684,84,0,99
720,685,84,0,99
720,686,84,0,99
720,687,84,0,99
720,688,84,0,99
720,689,84,0,99
720,690,84,0,99
720,691,84,0,99
720,692,84,0,99
720,693,84,0,99
720,694,84,0,99
720,695,84,0,99
720,696,84,0,99
720,697,84,0,99
720,698,84,0,99
720,699,84,0,99
720,700,84,0,99
720,701,84,0,99
720,702,84,0,99
720,703,84,0,99
720,704,84,0,99
720,705,84,0,99
720,706,84,0,99
720,707,84,0,99
720,708,84,0,99
720,709,84,0,99
720,710,84,0,99
720,711,84,0,99
720,712,84,0,99
720,713,84,0,99
720,714,84,0,99
720,715,84,0,99
720,716,84,0,99
720,717,84,0,99
720,718,84,0,99
720,719,84,0,99
720,721,84,0,99
720,722,84,0,99
720,723,84,0,99
720,724,84,0,99
