0,648,25,1,0
0,663,24,2,1
0,682,24,2,1
0,683,24,2,1
0,696,600,3,2
0,705,24,2,1
0,709,24,2,1
0,719,24,2,1
0,720,24,2,1
0,724,600,3,2
1,648,26,2,0
1,719,0,0,0
1,724,601,3,3
2,648,27,2,0
2,719,1,0,1
3,648,28,2,0
5,648,30,2,0
5,719,6,1,0
6,648,31,2,0
6,719,7,1,0
6,724,606,3,3
7,648,32,2,0
7,663,8,1,0
7,682,8,1,0
7,683,8,1,0
7,696,607,3,3
7,705,8,1,0
7,709,8,1,0
7,719,8,1,0
7,720,8,1,0
7,724,607,3,3
8,648,33,2,0
8,657,9,1,0
8,663,9,1,0
8,682,9,1,0
8,683,9,1,0
8,696,608,3,3
8,705,9,1,0
8,709,9,1,0
8,719,9,1,0
8,720,9,1,0
8,724,608,3,3
9,646,34,2,0
9,648,34,2,0
9,655,10,1,0
9,657,10,1,0
9,663,10,1,0
9,682,10,1,0
9,683,10,1,0
9,696,609,3,3
9,705,10,1,0
9,709,10,1,0
9,719,10,1,0
9,720,10,1,0
9,724,609,3,3
10,646,35,2,0
10,648,35,2,0
10,683,35,2,0
10,705,11,1,0
10,709,35,2,0
10,719,610,3,3
10,724,610,3,3
11,646,10,0,1
11,648,10,0,1
11,657,611,3,3
11,663,611,3,3
11,682,36,2,0
11,683,36,2,0
11,696,10,0,1
11,705,12,1,0
11,709,36,2,0
11,719,611,3,3
11,720,36,2,0
11,724,10,0,1
12,648,11,0,1
12,657,612,3,3
12,663,612,3,3
12,682,37,2,0
12,683,37,2,0
12,696,11,0,1
12,705,13,1,0
12,709,37,2,0
12,719,612,3,3
12,720,37,2,0
12,724,11,0,1
13,648,12,0,1
13,663,613,3,3
13,682,38,2,0
13,683,38,2,0
13,696,12,0,1
13,705,705,84,0
13,709,38,2,0
13,719,613,3,3
13,720,38,2,0
13,724,12,0,1
14,648,13,0,1
14,719,614,3,3
14,724,13,0,1
15,648,14,0,1
15,719,615,3,3
17,648,18,1,0
18,648,19,1,0
18,719,618,3,3
19,648,20,1,0
19,719,619,3,3
19,724,20,1,0
20,648,21,1,0
20,663,620,3,3
20,682,45,2,0
20,683,45,2,0
20,696,21,1,0
20,705,19,0,1
20,709,45,2,0
20,719,620,3,3
20,720,45,2,0
20,724,21,1,0
21,648,22,1,0
21,657,621,3,3
21,663,621,3,3
21,682,46,2,0
21,683,46,2,0
21,696,22,1,0
21,705,20,0,1
21,709,46,2,0
21,719,621,3,3
21,720,46,2,0
21,724,22,1,0
22,629,47,2,0
22,632,622,3,3
22,633,622,3,3
22,634,47,2,0
22,637,622,3,3
22,638,622,3,3
22,640,47,2,0
22,641,47,2,0
22,643,47,2,0
22,644,622,3,3
22,646,47,2,0
22,647,47,2,0
22,648,47,2,0
22,651,47,2,0
22,652,47,2,0
22,654,622,3,3
22,655,21,0,1
22,656,47,2,0
22,657,622,3,3
22,659,622,3,3
22,663,622,3,3
22,665,622,3,3
22,667,47,2,0
22,668,47,2,0
22,670,47,2,0
22,671,47,2,0
22,673,47,2,0
22,674,47,2,0
22,675,622,3,3
22,676,47,2,0
22,677,622,3,3
22,681,47,2,0
22,682,47,2,0
22,683,47,2,0
22,684,47,2,0
22,687,47,2,0
22,688,47,2,0
22,689,47,2,0
22,690,47,2,0
22,694,47,2,0
22,697,622,3,3
22,703,47,2,0
22,704,622,3,3
22,705,21,0,1
22,707,622,3,3
22,709,47,2,0
22,713,47,2,0
22,718,47,2,0
22,719,622,3,3
22,720,47,2,0
22,724,622,3,3
23,626,22,0,1
23,627,22,0,1
23,628,22,0,1
23,630,22,0,1
23,631,22,0,1
23,635,22,0,1
23,636,22,0,1
23,639,22,0,1
23,642,22,0,1
23,645,22,0,1
23,646,48,2,0
23,648,48,2,0
23,649,22,0,1
23,650,22,0,1
23,653,22,0,1
23,655,24,1,0
23,657,22,0,1
23,658,22,0,1
23,662,22,0,1
23,663,22,0,1
23,666,22,0,1
23,669,22,0,1
23,678,22,0,1
23,679,22,0,1
23,680,22,0,1
23,682,22,0,1
23,683,22,0,1
23,685,22,0,1
23,686,22,0,1
23,691,22,0,1
23,693,22,0,1
23,695,22,0,1
23,698,22,0,1
23,699,22,0,1
23,700,22,0,1
23,702,22,0,1
23,705,22,0,1
23,709,22,0,1
23,710,22,0,1
23,711,22,0,1
23,714,22,0,1
23,715,22,0,1
23,717,22,0,1
23,719,22,0,1
23,720,22,0,1
23,722,22,0,1
23,723,22,0,1
23,724,623,3,3
24,648,49,2,0
24,657,23,0,1
24,663,23,0,1
24,682,23,0,1
24,683,23,0,1
24,696,624,3,3
24,705,23,0,1
24,709,23,0,1
24,719,23,0,1
24,720,23,0,1
24,724,624,3,3
25,648,50,2,0
25,663,49,3,2
25,682,49,3,2
25,683,49,3,2
25,696,0,0,1
25,705,49,3,2
25,709,49,3,2
25,719,49,3,2
25,720,49,3,2
25,724,0,0,1
26,648,51,3,0
26,719,25,1,1
26,724,1,0,2
27,648,52,3,0
27,719,26,1,2
28,648,53,3,0
30,648,55,3,0
30,719,31,2,1
31,648,56,3,0
31,719,32,2,1
31,724,6,0,2
32,648,57,3,0
32,663,33,2,1
32,682,33,2,1
32,683,33,2,1
32,696,7,0,2
32,705,33,2,1
32,709,33,2,1
32,719,33,2,1
32,720,33,2,1
32,724,7,0,2
33,648,58,3,0
33,657,34,2,1
33,663,34,2,1
33,682,34,2,1
33,683,34,2,1
33,696,8,0,2
33,705,34,2,1
33,709,34,2,1
33,719,34,2,1
33,720,34,2,1
33,724,8,0,2
34,646,59,3,0
34,648,59,3,0
34,655,35,2,1
34,657,35,2,1
34,663,35,2,1
34,682,35,2,1
34,683,35,2,1
34,696,9,0,2
34,705,35,2,1
34,709,35,2,1
34,719,35,2,1
34,720,35,2,1
34,724,9,0,2
35,646,60,3,0
35,648,60,3,0
35,682,36,2,1
35,683,60,3,0
35,705,10,0,2
35,719,10,0,2
35,724,10,0,2
36,646,35,1,2
36,648,35,1,2
36,657,11,0,2
36,663,11,0,2
36,682,37,2,1
36,683,61,3,0
36,696,35,1,2
36,705,11,0,2
36,709,61,3,0
36,719,11,0,2
36,720,61,3,0
36,724,35,1,2
37,648,36,1,2
37,657,12,0,2
37,663,12,0,2
37,682,38,2,1
37,683,62,3,0
37,696,36,1,2
37,705,12,0,2
37,709,62,3,0
37,719,12,0,2
37,720,62,3,0
37,724,36,1,2
38,648,37,1,2
38,663,13,0,2
38,682,682,61,0
38,683,63,3,0
38,696,37,1,2
38,705,13,0,2
38,709,63,3,0
38,719,13,0,2
38,720,63,3,0
38,724,37,1,2
39,648,38,1,2
39,719,14,0,2
39,724,38,1,2
40,648,39,1,2
40,719,15,0,2
42,648,43,2,1
43,648,44,2,1
43,719,18,0,2
44,648,45,2,1
44,719,19,0,2
44,724,45,2,1
45,648,46,2,1
45,663,20,0,2
45,682,44,1,2
45,683,70,3,0
45,696,46,2,1
45,705,20,0,2
45,709,70,3,0
45,719,20,0,2
45,720,70,3,0
45,724,46,2,1
46,648,47,2,1
46,657,21,0,2
46,663,21,0,2
46,682,45,1,2
46,683,71,3,0
46,696,47,2,1
46,705,21,0,2
46,709,71,3,0
46,719,21,0,2
46,720,71,3,0
46,724,47,2,1
47,625,22,0,2
47,629,72,3,0
47,632,22,0,2
47,633,22,0,2
47,634,72,3,0
47,637,22,0,2
47,638,22,0,2
47,640,72,3,0
47,641,72,3,0
47,643,72,3,0
47,644,22,0,2
47,646,72,3,0
47,647,72,3,0
47,648,72,3,0
47,651,72,3,0
47,652,72,3,0
47,654,22,0,2
47,655,46,1,2
47,656,72,3,0
47,657,22,0,2
47,659,22,0,2
47,660,22,0,2
47,663,22,0,2
47,665,22,0,2
47,667,72,3,0
47,668,72,3,0
47,670,72,3,0
47,671,72,3,0
47,673,72,3,0
47,674,72,3,0
47,675,22,0,2
47,676,72,3,0
47,677,22,0,2
47,681,72,3,0
47,682,46,1,2
47,683,72,3,0
47,687,72,3,0
47,688,72,3,0
47,689,72,3,0
47,690,72,3,0
47,694,72,3,0
47,697,72,3,0
47,703,72,3,0
47,704,22,0,2
47,705,22,0,2
47,707,22,0,2
47,709,72,3,0
47,713,72,3,0
47,718,72,3,0
47,719,22,0,2
47,720,72,3,0
47,724,22,0,2
48,626,47,1,2
48,627,47,1,2
48,628,47,1,2
48,630,47,1,2
48,631,47,1,2
48,635,47,1,2
48,636,47,1,2
48,639,47,1,2
48,642,47,1,2
48,645,47,1,2
48,646,73,3,0
48,648,73,3,0
48,649,47,1,2
48,650,47,1,2
48,653,47,1,2
48,655,49,2,1
48,657,47,1,2
48,658,47,1,2
48,661,47,1,2
48,662,47,1,2
48,663,47,1,2
48,666,47,1,2
48,669,47,1,2
48,678,47,1,2
48,679,47,1,2
48,680,47,1,2
48,682,47,1,2
48,683,47,1,2
48,685,47,1,2
48,686,47,1,2
48,691,47,1,2
48,693,47,1,2
48,695,47,1,2
48,698,47,1,2
48,699,47,1,2
48,700,47,1,2
48,702,47,1,2
48,705,47,1,2
48,708,47,1,2
48,709,47,1,2
48,710,47,1,2
48,711,47,1,2
48,714,47,1,2
48,715,47,1,2
48,719,47,1,2
48,720,47,1,2
48,722,47,1,2
48,723,47,1,2
48,724,23,0,2
49,648,74,3,0
49,657,48,1,2
49,663,48,1,2
49,682,48,1,2
49,683,48,1,2
49,696,24,0,2
49,705,48,1,2
49,709,48,1,2
49,719,48,1,2
49,720,48,1,2
49,724,24,0,2
50,648,75,2,0
50,663,74,3,2
50,682,74,3,2
50,683,74,3,2
50,696,25,0,2
50,705,74,3,2
50,709,74,3,2
50,719,74,3,2
50,720,74,3,2
50,724,75,2,0
51,648,76,3,0
51,719,50,1,1
51,724,76,3,0
52,648,77,3,0
52,719,51,1,2
53,648,78,3,0
55,648,80,3,0
55,719,56,2,1
56,648,81,3,0
56,719,57,2,1
56,724,81,3,0
57,648,82,3,0
57,663,58,2,1
57,682,58,2,1
57,683,58,2,1
57,696,32,0,3
57,705,58,2,1
57,709,58,2,1
57,719,58,2,1
57,720,58,2,1
57,724,82,3,0
58,648,83,3,0
58,657,59,2,1
58,663,59,2,1
58,682,59,2,1
58,683,59,2,1
58,696,33,0,3
58,705,59,2,1
58,709,59,2,1
58,719,59,2,1
58,720,59,2,1
58,724,83,3,0
59,646,84,3,0
59,648,84,3,0
59,655,60,2,1
59,657,60,2,1
59,663,60,2,1
59,682,60,2,1
59,683,60,2,1
59,696,34,0,3
59,705,60,2,1
59,709,60,2,1
59,719,60,2,1
59,720,60,2,1
59,724,84,3,0
60,646,85,3,0
60,648,85,3,0
60,655,655,34,0
60,682,35,0,3
60,705,35,0,3
60,719,35,0,3
61,646,60,1,2
61,648,60,1,2
61,657,36,0,3
61,663,36,0,3
61,682,36,0,3
61,683,86,3,0
61,696,60,1,2
61,705,36,0,3
61,709,86,3,0
61,719,36,0,3
61,720,86,3,0
61,724,60,1,2
62,648,61,1,2
62,657,37,0,3
62,663,37,0,3
62,682,37,0,3
62,683,87,3,0
62,696,61,1,2
62,705,37,0,3
62,709,87,3,0
62,719,37,0,3
62,720,87,3,0
62,724,61,1,2
63,648,62,1,2
63,663,38,0,3
63,682,38,0,3
63,683,88,3,0
63,696,62,1,2
63,705,38,0,3
63,709,88,3,0
63,719,38,0,3
63,720,88,3,0
63,724,62,1,2
64,648,63,1,2
64,719,39,0,3
64,724,63,1,2
65,648,64,1,2
65,719,40,0,3
67,648,68,2,1
68,648,69,2,1
68,719,43,0,3
69,648,70,2,1
69,719,44,0,3
69,724,70,2,1
70,648,71,2,1
70,663,45,0,3
70,682,45,0,3
70,683,95,3,0
70,696,71,2,1
70,705,45,0,3
70,709,95,3,0
70,719,45,0,3
70,720,95,3,0
70,724,71,2,1
71,648,72,2,1
71,657,46,0,3
71,663,46,0,3
71,682,46,0,3
71,683,96,3,0
71,696,72,2,1
71,705,46,0,3
71,709,96,3,0
71,719,46,0,3
71,720,96,3,0
71,724,72,2,1
72,625,47,0,3
72,629,97,3,0
72,632,47,0,3
72,633,97,3,0
72,634,97,3,0
72,637,47,0,3
72,638,47,0,3
72,640,97,3,0
72,643,97,3,0
72,644,97,3,0
72,646,97,3,0
72,647,97,3,0
72,648,97,3,0
72,651,97,3,0
72,652,97,3,0
72,654,47,0,3
72,655,71,1,2
72,656,97,3,0
72,657,47,0,3
72,659,47,0,3
72,660,47,0,3
72,663,47,0,3
72,665,47,0,3
72,667,97,3,0
72,668,97,3,0
72,670,97,3,0
72,671,97,3,0
72,673,97,3,0
72,674,97,3,0
72,675,47,0,3
72,676,97,3,0
72,677,97,3,0
72,681,97,3,0
72,682,47,0,3
72,683,97,3,0
72,684,47,0,3
72,687,97,3,0
72,688,97,3,0
72,689,97,3,0
72,690,97,3,0
72,694,97,3,0
72,697,97,3,0
72,703,97,3,0
72,704,97,3,0
72,705,47,0,3
72,707,47,0,3
72,709,97,3,0
72,713,97,3,0
72,718,97,3,0
72,719,47,0,3
72,720,97,3,0
73,626,72,1,2
73,627,72,1,2
73,628,72,1,2
73,630,72,1,2
73,631,72,1,2
73,635,72,1,2
73,636,72,1,2
73,639,72,1,2
73,642,72,1,2
73,646,98,3,0
73,648,98,3,0
73,649,72,1,2
73,650,72,1,2
73,653,72,1,2
73,655,74,2,1
73,657,72,1,2
73,658,72,1,2
73,661,72,1,2
73,662,72,1,2
73,663,72,1,2
73,669,72,1,2
73,678,72,1,2
73,679,72,1,2
73,680,72,1,2
73,682,72,1,2
73,683,72,1,2
73,685,72,1,2
73,686,72,1,2
73,691,72,1,2
73,695,72,1,2
73,698,72,1,2
73,699,72,1,2
73,700,72,1,2
73,705,72,1,2
73,708,72,1,2
73,709,72,1,2
73,710,72,1,2
73,711,72,1,2
73,714,72,1,2
73,715,72,1,2
73,717,72,1,2
73,719,72,1,2
73,720,72,1,2
73,722,72,1,2
73,723,72,1,2
74,648,99,3,0
74,657,73,1,2
74,663,73,1,2
74,682,73,1,2
74,683,73,1,2
74,696,49,0,3
74,705,73,1,2
74,709,73,1,2
74,719,73,1,2
74,720,73,1,2
74,724,99,3,0
75,648,100,2,0
75,663,99,3,2
75,682,99,3,2
75,683,99,3,2
75,696,50,0,2
75,705,99,3,2
75,709,99,3,2
75,719,99,3,2
75,720,99,3,2
75,724,100,2,0
76,648,101,3,0
76,719,75,1,1
76,724,101,3,0
77,648,102,3,0
77,719,76,1,2
78,648,103,3,0
80,648,105,3,0
80,719,81,2,1
81,648,106,3,0
81,719,82,2,1
81,724,106,3,0
82,648,107,3,0
82,663,83,2,1
82,682,83,2,1
82,683,83,2,1
82,696,57,0,3
82,705,83,2,1
82,709,83,2,1
82,719,83,2,1
82,720,83,2,1
82,724,107,3,0
83,648,108,3,0
83,657,84,2,1
83,663,84,2,1
83,682,84,2,1
83,683,84,2,1
83,696,58,0,3
83,705,84,2,1
83,709,84,2,1
83,719,84,2,1
83,720,84,2,1
83,724,108,3,0
84,646,646,25,0
84,648,109,3,0
84,655,85,2,1
84,657,85,2,1
84,663,85,2,1
84,682,85,2,1
84,683,85,2,1
84,696,59,0,3
84,705,85,2,1
84,709,85,2,1
84,719,85,2,1
84,720,85,2,1
84,724,109,3,0
85,646,84,1,2
85,648,110,3,0
85,655,60,0,3
85,663,110,3,0
85,682,60,0,3
85,705,60,0,3
85,719,60,0,3
85,720,86,2,1
86,646,85,1,2
86,648,85,1,2
86,657,61,0,3
86,663,111,3,0
86,682,61,0,3
86,683,111,3,0
86,696,85,1,2
86,705,61,0,3
86,709,111,3,0
86,719,61,0,3
86,720,87,2,1
86,724,85,1,2
87,648,86,1,2
87,657,62,0,3
87,663,112,3,0
87,682,62,0,3
87,683,112,3,0
87,696,86,1,2
87,705,62,0,3
87,709,112,3,0
87,719,62,0,3
87,720,88,2,1
87,724,86,1,2
88,648,87,1,2
88,663,113,3,0
88,682,63,0,3
88,683,113,3,0
88,696,87,1,2
88,705,63,0,3
88,709,113,3,0
88,719,63,0,3
88,720,720,99,0
88,724,87,1,2
89,648,88,1,2
89,719,64,0,3
89,724,88,1,2
90,648,89,1,2
90,719,65,0,3
92,648,93,2,1
93,648,94,2,1
93,719,68,0,3
94,648,95,2,1
94,719,69,0,3
94,724,95,2,1
95,648,96,2,1
95,663,120,3,0
95,682,70,0,3
95,683,120,3,0
95,696,96,2,1
95,705,70,0,3
95,709,120,3,0
95,719,70,0,3
95,720,94,1,2
95,724,96,2,1
96,648,97,2,1
96,657,71,0,3
96,663,121,3,0
96,682,71,0,3
96,683,121,3,0
96,696,97,2,1
96,705,71,0,3
96,709,121,3,0
96,719,71,0,3
96,720,95,1,2
96,724,97,2,1
97,625,72,0,3
97,629,122,3,0
97,632,72,0,3
97,633,122,3,0
97,634,122,3,0
97,637,122,3,0
97,638,72,0,3
97,640,122,3,0
97,641,72,0,3
97,643,122,3,0
97,644,122,3,0
97,646,98,2,1
97,647,122,3,0
97,648,122,3,0
97,651,122,3,0
97,652,122,3,0
97,654,72,0,3
97,655,96,1,2
97,656,122,3,0
97,657,72,0,3
97,659,72,0,3
97,660,72,0,3
97,663,122,3,0
97,665,72,0,3
97,667,122,3,0
97,668,122,3,0
97,670,122,3,0
97,671,122,3,0
97,673,122,3,0
97,674,122,3,0
97,675,122,3,0
97,676,122,3,0
97,677,122,3,0
97,681,122,3,0
97,682,72,0,3
97,683,122,3,0
97,684,72,0,3
97,687,122,3,0
97,688,122,3,0
97,689,122,3,0
97,694,122,3,0
97,697,122,3,0
97,703,122,3,0
97,704,122,3,0
97,705,72,0,3
97,707,72,0,3
97,709,122,3,0
97,713,122,3,0
97,718,122,3,0
97,719,72,0,3
97,720,96,1,2
98,627,97,1,2
98,628,97,1,2
98,630,97,1,2
98,631,97,1,2
98,635,97,1,2
98,636,97,1,2
98,639,97,1,2
98,642,97,1,2
98,645,97,1,2
98,646,99,2,1
98,648,123,3,0
98,649,97,1,2
98,650,97,1,2
98,653,97,1,2
98,655,99,2,1
98,657,97,1,2
98,658,97,1,2
98,661,97,1,2
98,662,97,1,2
98,663,97,1,2
98,666,97,1,2
98,678,97,1,2
98,679,97,1,2
98,680,97,1,2
98,682,97,1,2
98,683,97,1,2
98,685,97,1,2
98,686,97,1,2
98,691,97,1,2
98,693,97,1,2
98,695,97,1,2
98,698,97,1,2
98,700,97,1,2
98,702,97,1,2
98,705,97,1,2
98,708,97,1,2
98,709,97,1,2
98,710,97,1,2
98,711,97,1,2
98,714,97,1,2
98,717,97,1,2
98,719,97,1,2
98,720,97,1,2
98,722,97,1,2
98,723,97,1,2
99,648,124,3,0
99,657,98,1,2
99,663,98,1,2
99,682,98,1,2
99,683,98,1,2
99,696,74,0,3
99,705,98,1,2
99,709,98,1,2
99,719,98,1,2
99,720,98,1,2
99,724,124,3,0
100,648,101,1,1
100,663,124,3,2
100,682,124,3,2
100,683,124,3,2
100,696,75,0,2
100,705,124,3,2
100,709,124,3,2
100,719,124,3,2
100,720,124,3,2
100,724,125,2,0
101,648,102,2,1
101,719,100,1,1
101,724,126,3,0
102,648,103,2,1
102,719,101,1,2
103,648,648,27,0
105,648,104,1,2
105,719,106,2,1
106,648,105,1,2
106,719,107,2,1
106,724,131,3,0
107,648,106,1,2
107,663,108,2,1
107,682,108,2,1
107,683,108,2,1
107,696,82,0,3
107,705,108,2,1
107,709,108,2,1
107,719,108,2,1
107,720,108,2,1
107,724,132,3,0
108,648,107,1,2
108,657,109,2,1
108,663,109,2,1
108,682,109,2,1
108,683,109,2,1
108,696,83,0,3
108,705,109,2,1
108,709,109,2,1
108,719,109,2,1
108,720,109,2,1
108,724,133,3,0
109,646,84,0,3
109,648,108,1,2
109,655,110,2,1
109,657,110,2,1
109,663,110,2,1
109,682,110,2,1
109,683,110,2,1
109,696,84,0,3
109,705,110,2,1
109,709,110,2,1
109,719,110,2,1
109,720,110,2,1
109,724,134,3,0
110,648,109,1,2
110,655,85,0,3
110,663,135,3,0
110,682,85,0,3
110,696,85,0,3
110,705,85,0,3
110,719,85,0,3
110,720,85,0,3
111,646,110,1,2
111,648,110,1,2
111,657,86,0,3
111,663,136,3,0
111,682,86,0,3
111,683,136,3,0
111,696,110,1,2
111,705,86,0,3
111,709,136,3,0
111,719,86,0,3
111,720,86,0,3
111,724,110,1,2
112,648,111,1,2
112,657,87,0,3
112,663,137,3,0
112,682,87,0,3
112,683,137,3,0
112,696,111,1,2
112,705,87,0,3
112,709,137,3,0
112,719,87,0,3
112,720,87,0,3
112,724,111,1,2
113,648,112,1,2
113,663,138,3,0
113,682,88,0,3
113,683,138,3,0
113,696,112,1,2
113,705,88,0,3
113,709,138,3,0
113,719,88,0,3
113,720,88,0,3
113,724,112,1,2
114,648,113,1,2
114,719,89,0,3
114,724,113,1,2
115,648,114,1,2
115,719,90,0,3
117,648,118,2,1
118,648,119,2,1
118,719,93,0,3
119,648,120,2,1
119,719,94,0,3
119,724,120,2,1
120,648,121,2,1
120,663,145,3,0
120,682,95,0,3
120,683,145,3,0
120,696,121,2,1
120,705,95,0,3
120,709,145,3,0
120,719,95,0,3
120,720,95,0,3
120,724,121,2,1
121,648,122,2,1
121,657,96,0,3
121,663,146,3,0
121,682,96,0,3
121,683,146,3,0
121,696,122,2,1
121,705,96,0,3
121,709,146,3,0
121,719,96,0,3
121,720,96,0,3
121,724,122,2,1
122,625,97,0,3
122,629,147,3,0
122,632,97,0,3
122,633,147,3,0
122,634,147,3,0
122,637,147,3,0
122,638,97,0,3
122,640,147,3,0
122,641,97,0,3
122,643,147,3,0
122,644,147,3,0
122,647,147,3,0
122,648,123,2,1
122,651,147,3,0
122,652,147,3,0
122,654,97,0,3
122,655,121,1,2
122,657,97,0,3
122,659,147,3,0
122,660,97,0,3
122,663,147,3,0
122,665,97,0,3
122,667,147,3,0
122,668,147,3,0
122,670,147,3,0
122,671,147,3,0
122,673,147,3,0
122,674,147,3,0
122,675,147,3,0
122,676,147,3,0
122,677,147,3,0
122,681,147,3,0
122,682,97,0,3
122,683,147,3,0
122,684,97,0,3
122,687,147,3,0
122,688,147,3,0
122,689,147,3,0
122,690,97,0,3
122,694,147,3,0
122,696,97,0,3
122,697,147,3,0
122,703,147,3,0
122,704,147,3,0
122,705,97,0,3
122,707,97,0,3
122,709,147,3,0
122,713,147,3,0
122,718,147,3,0
122,719,97,0,3
122,720,97,0,3
123,626,122,1,2
123,627,122,1,2
123,630,122,1,2
123,631,122,1,2
123,635,122,1,2
123,636,122,1,2
123,639,122,1,2
123,642,122,1,2
123,645,122,1,2
123,648,124,2,1
123,649,122,1,2
123,650,122,1,2
123,653,122,1,2
123,657,122,1,2
123,658,122,1,2
123,661,122,1,2
123,662,122,1,2
123,663,122,1,2
123,666,122,1,2
123,669,122,1,2
123,678,122,1,2
123,679,122,1,2
123,680,122,1,2
123,682,122,1,2
123,683,122,1,2
123,685,122,1,2
123,686,122,1,2
123,691,122,1,2
123,693,122,1,2
123,695,122,1,2
123,696,98,0,3
123,698,122,1,2
123,699,122,1,2
123,700,122,1,2
123,702,122,1,2
123,705,122,1,2
123,708,122,1,2
123,709,122,1,2
123,710,122,1,2
123,711,122,1,2
123,715,122,1,2
123,717,122,1,2
123,719,122,1,2
123,720,122,1,2
123,723,122,1,2
124,648,100,2,3
124,657,123,1,2
124,663,123,1,2
124,682,123,1,2
124,683,123,1,2
124,696,99,0,3
124,705,123,1,2
124,709,123,1,2
124,719,123,1,2
124,720,123,1,2
124,724,149,3,0
125,648,100,0,2
125,663,149,3,2
125,682,149,3,2
125,683,149,3,2
125,696,100,0,2
125,705,149,3,2
125,709,149,3,2
125,719,149,3,2
125,720,149,3,2
125,724,150,2,0
126,648,101,0,3
126,719,125,1,1
126,724,151,3,0
127,648,102,0,3
127,719,126,1,2
128,648,103,0,3
130,648,105,0,3
130,719,131,2,1
131,648,106,0,3
131,719,132,2,1
131,724,156,3,0
132,648,107,0,3
132,663,133,2,1
132,682,133,2,1
132,683,133,2,1
132,696,107,0,3
132,705,133,2,1
132,709,133,2,1
132,719,133,2,1
132,720,133,2,1
132,724,157,3,0
133,648,108,0,3
133,657,134,2,1
133,663,134,2,1
133,682,134,2,1
133,683,134,2,1
133,696,108,0,3
133,705,134,2,1
133,709,134,2,1
133,719,134,2,1
133,720,134,2,1
133,724,158,3,0
134,646,109,0,3
134,648,109,0,3
134,655,135,2,1
134,657,135,2,1
134,663,135,2,1
134,682,135,2,1
134,683,135,2,1
134,696,109,0,3
134,705,135,2,1
134,709,135,2,1
134,719,135,2,1
134,720,135,2,1
134,724,159,3,0
135,648,110,0,3
135,663,160,3,0
135,682,110,0,3
135,696,110,0,3
135,705,110,0,3
135,709,136,2,1
135,719,110,0,3
135,720,110,0,3
135,724,160,3,0
136,646,135,1,2
136,648,135,1,2
136,657,111,0,3
136,663,161,3,0
136,682,111,0,3
136,683,161,3,0
136,696,135,1,2
136,705,111,0,3
136,709,137,2,1
136,719,111,0,3
136,720,111,0,3
136,724,135,1,2
137,648,136,1,2
137,657,112,0,3
137,663,162,3,0
137,682,112,0,3
137,683,162,3,0
137,696,136,1,2
137,705,112,0,3
137,709,138,2,1
137,719,112,0,3
137,720,112,0,3
137,724,136,1,2
138,648,137,1,2
138,663,163,3,0
138,682,113,0,3
138,683,163,3,0
138,696,137,1,2
138,705,113,0,3
138,709,709,88,0
138,719,113,0,3
138,720,113,0,3
138,724,137,1,2
139,648,138,1,2
139,719,114,0,3
139,724,138,1,2
140,648,139,1,2
140,719,115,0,3
142,648,143,2,1
143,648,144,2,1
143,719,118,0,3
144,648,145,2,1
144,719,119,0,3
144,724,145,2,1
145,648,146,2,1
145,663,170,3,0
145,682,120,0,3
145,683,170,3,0
145,696,146,2,1
145,705,120,0,3
145,709,144,1,2
145,719,120,0,3
145,720,120,0,3
145,724,146,2,1
146,648,147,2,1
146,657,121,0,3
146,663,171,3,0
146,682,121,0,3
146,683,171,3,0
146,696,147,2,1
146,705,121,0,3
146,709,145,1,2
146,719,121,0,3
146,720,121,0,3
146,724,147,2,1
147,625,122,0,3
147,632,122,0,3
147,633,172,3,0
147,634,172,3,0
147,637,172,3,0
147,638,122,0,3
147,640,172,3,0
147,641,122,0,3
147,643,172,3,0
147,644,172,3,0
147,647,172,3,0
147,648,122,0,3
147,652,172,3,0
147,654,122,0,3
147,655,146,1,2
147,656,122,0,3
147,657,122,0,3
147,659,172,3,0
147,660,122,0,3
147,663,172,3,0
147,665,122,0,3
147,667,172,3,0
147,668,172,3,0
147,670,172,3,0
147,671,172,3,0
147,673,172,3,0
147,674,172,3,0
147,675,172,3,0
147,676,172,3,0
147,677,172,3,0
147,681,172,3,0
147,682,122,0,3
147,683,172,3,0
147,684,122,0,3
147,687,172,3,0
147,689,172,3,0
147,690,122,0,3
147,694,172,3,0
147,696,122,0,3
147,697,172,3,0
147,704,172,3,0
147,705,122,0,3
147,707,122,0,3
147,709,146,1,2
147,713,172,3,0
147,718,172,3,0
147,719,122,0,3
147,720,122,0,3
147,724,172,3,0
148,626,147,1,2
148,627,147,1,2
148,628,147,1,2
148,630,147,1,2
148,631,147,1,2
148,635,147,1,2
148,639,147,1,2
148,642,147,1,2
148,645,147,1,2
148,648,123,0,3
148,650,147,1,2
148,653,147,1,2
148,655,149,2,1
148,657,147,1,2
148,658,147,1,2
148,661,147,1,2
148,662,147,1,2
148,663,147,1,2
148,666,147,1,2
148,669,147,1,2
148,679,147,1,2
148,680,147,1,2
148,682,147,1,2
148,683,147,1,2
148,685,147,1,2
148,686,147,1,2
148,691,147,1,2
148,693,147,1,2
148,695,147,1,2
148,696,123,0,3
148,698,147,1,2
148,699,147,1,2
148,700,147,1,2
148,702,147,1,2
148,705,147,1,2
148,708,147,1,2
148,709,147,1,2
148,710,147,1,2
148,711,147,1,2
148,714,147,1,2
148,715,147,1,2
148,717,147,1,2
148,719,147,1,2
148,720,147,1,2
148,722,147,1,2
148,724,173,3,0
149,648,124,0,3
149,657,148,1,2
149,663,148,1,2
149,682,148,1,2
149,683,148,1,2
149,696,124,0,3
149,705,148,1,2
149,709,148,1,2
149,719,148,1,2
149,720,148,1,2
149,724,174,3,0
150,648,125,0,2
150,663,174,3,2
150,682,174,3,2
150,683,174,3,2
150,696,125,0,2
150,705,174,3,2
150,709,174,3,2
150,719,174,3,2
150,720,174,3,2
150,724,175,2,0
151,648,126,0,3
151,719,150,1,1
151,724,176,3,0
152,648,127,0,3
152,719,151,1,2
153,648,128,0,3
155,648,130,0,3
155,719,156,2,1
156,648,131,0,3
156,719,157,2,1
156,724,181,3,0
157,648,132,0,3
157,663,158,2,1
157,682,158,2,1
157,683,158,2,1
157,696,132,0,3
157,705,158,2,1
157,709,158,2,1
157,719,158,2,1
157,720,158,2,1
157,724,182,3,0
158,648,133,0,3
158,657,159,2,1
158,663,159,2,1
158,682,159,2,1
158,683,159,2,1
158,696,133,0,3
158,705,159,2,1
158,709,159,2,1
158,719,159,2,1
158,720,159,2,1
158,724,183,3,0
159,646,134,0,3
159,648,134,0,3
159,655,160,2,1
159,657,160,2,1
159,663,160,2,1
159,682,160,2,1
159,683,160,2,1
159,696,134,0,3
159,705,160,2,1
159,709,160,2,1
159,719,160,2,1
159,720,160,2,1
159,724,184,3,0
160,648,135,0,3
160,657,185,3,0
160,663,185,3,0
160,682,135,0,3
160,683,161,2,1
160,696,135,0,3
160,705,135,0,3
160,709,135,0,3
160,719,135,0,3
160,720,135,0,3
160,724,185,3,0
161,646,160,1,2
161,648,160,1,2
161,657,186,3,0
161,663,186,3,0
161,682,136,0,3
161,683,162,2,1
161,696,160,1,2
161,705,136,0,3
161,709,136,0,3
161,719,136,0,3
161,720,136,0,3
161,724,160,1,2
162,648,161,1,2
162,657,187,3,0
162,663,187,3,0
162,682,137,0,3
162,683,163,2,1
162,696,161,1,2
162,705,137,0,3
162,709,137,0,3
162,719,137,0,3
162,720,137,0,3
162,724,161,1,2
163,648,162,1,2
163,663,188,3,0
163,682,138,0,3
163,683,683,62,0
163,696,162,1,2
163,705,138,0,3
163,709,138,0,3
163,719,138,0,3
163,720,138,0,3
163,724,162,1,2
164,648,163,1,2
164,719,139,0,3
164,724,163,1,2
165,648,164,1,2
165,719,140,0,3
167,648,168,2,1
168,648,169,2,1
168,719,143,0,3
169,648,170,2,1
169,719,144,0,3
169,724,170,2,1
170,648,171,2,1
170,663,195,3,0
170,682,145,0,3
170,683,169,1,2
170,696,171,2,1
170,705,145,0,3
170,709,145,0,3
170,719,145,0,3
170,720,145,0,3
170,724,171,2,1
171,648,172,2,1
171,657,196,3,0
171,663,196,3,0
171,682,146,0,3
171,683,170,1,2
171,696,172,2,1
171,705,146,0,3
171,709,146,0,3
171,719,146,0,3
171,720,146,0,3
171,724,172,2,1
172,625,147,0,3
172,629,147,0,3
172,632,147,0,3
172,633,197,3,0
172,634,197,3,0
172,637,197,3,0
172,638,147,0,3
172,640,197,3,0
172,641,147,0,3
172,643,197,3,0
172,644,197,3,0
172,647,197,3,0
172,648,147,0,3
172,651,147,0,3
172,652,197,3,0
172,654,197,3,0
172,655,171,1,2
172,656,147,0,3
172,657,197,3,0
172,659,197,3,0
172,660,147,0,3
172,663,197,3,0
172,665,147,0,3
172,667,197,3,0
172,670,197,3,0
172,671,197,3,0
172,673,197,3,0
172,674,197,3,0
172,675,197,3,0
172,676,197,3,0
172,677,197,3,0
172,681,197,3,0
172,682,147,0,3
172,683,171,1,2
172,684,147,0,3
172,688,147,0,3
172,690,147,0,3
172,694,197,3,0
172,696,147,0,3
172,697,197,3,0
172,703,147,0,3
172,704,197,3,0
172,705,147,0,3
172,707,147,0,3
172,709,147,0,3
172,713,197,3,0
172,718,197,3,0
172,719,147,0,3
172,720,147,0,3
172,724,197,3,0
173,626,172,1,2
173,627,172,1,2
173,628,172,1,2
173,630,172,1,2
173,631,172,1,2
173,635,172,1,2
173,636,172,1,2
173,639,172,1,2
173,642,172,1,2
173,645,172,1,2
173,648,148,0,3
173,649,172,1,2
173,650,172,1,2
173,653,172,1,2
173,655,174,2,1
173,657,172,1,2
173,658,172,1,2
173,661,172,1,2
173,662,172,1,2
173,663,172,1,2
173,666,172,1,2
173,669,172,1,2
173,678,172,1,2
173,679,172,1,2
173,680,172,1,2
173,682,172,1,2
173,683,172,1,2
173,685,172,1,2
173,686,172,1,2
173,691,172,1,2
173,693,172,1,2
173,695,172,1,2
173,696,148,0,3
173,698,172,1,2
173,699,172,1,2
173,700,172,1,2
173,702,172,1,2
173,705,172,1,2
173,708,172,1,2
173,709,172,1,2
173,710,172,1,2
173,711,172,1,2
173,714,172,1,2
173,715,172,1,2
173,717,172,1,2
173,719,172,1,2
173,720,172,1,2
173,722,172,1,2
173,723,172,1,2
173,724,198,3,0
174,648,149,0,3
174,657,173,1,2
174,663,173,1,2
174,682,173,1,2
174,683,173,1,2
174,696,149,0,3
174,705,173,1,2
174,709,173,1,2
174,719,173,1,2
174,720,173,1,2
174,724,199,3,0
175,648,150,0,2
175,663,199,3,2
175,682,199,3,2
175,683,199,3,2
175,696,150,0,2
175,705,199,3,2
175,709,199,3,2
175,719,199,3,2
175,720,199,3,2
175,724,200,2,0
176,648,151,0,3
176,719,175,1,1
176,724,201,3,0
177,648,152,0,3
177,719,176,1,2
178,648,153,0,3
180,648,155,0,3
180,719,181,2,1
181,648,156,0,3
181,719,182,2,1
181,724,206,3,0
182,648,157,0,3
182,663,183,2,1
182,682,183,2,1
182,683,183,2,1
182,696,157,0,3
182,705,183,2,1
182,709,183,2,1
182,719,183,2,1
182,720,183,2,1
182,724,207,3,0
183,648,158,0,3
183,657,184,2,1
183,663,184,2,1
183,682,184,2,1
183,683,184,2,1
183,696,158,0,3
183,705,184,2,1
183,709,184,2,1
183,719,184,2,1
183,720,184,2,1
183,724,208,3,0
184,646,159,0,3
184,648,159,0,3
184,655,185,2,1
184,657,185,2,1
184,663,185,2,1
184,682,185,2,1
184,683,185,2,1
184,696,159,0,3
184,705,185,2,1
184,709,185,2,1
184,719,185,2,1
184,720,185,2,1
184,724,209,3,0
185,648,160,0,3
185,657,210,3,0
185,663,210,3,0
185,682,160,0,3
185,683,160,0,3
185,696,160,0,3
185,705,160,0,3
185,709,160,0,3
185,719,160,0,3
185,720,160,0,3
185,724,210,3,0
186,646,185,1,2
186,648,185,1,2
186,657,211,3,0
186,663,211,3,0
186,682,161,0,3
186,683,161,0,3
186,696,185,1,2
186,705,161,0,3
186,709,161,0,3
186,719,161,0,3
186,720,161,0,3
186,724,185,1,2
187,648,186,1,2
187,657,212,3,0
187,663,212,3,0
187,682,162,0,3
187,683,162,0,3
187,696,186,1,2
187,705,162,0,3
187,709,162,0,3
187,719,162,0,3
187,720,162,0,3
187,724,186,1,2
188,648,187,1,2
188,663,213,3,0
188,682,163,0,3
188,683,163,0,3
188,696,187,1,2
188,705,163,0,3
188,709,163,0,3
188,719,163,0,3
188,720,163,0,3
188,724,187,1,2
189,648,188,1,2
189,719,164,0,3
189,724,188,1,2
190,648,189,1,2
190,719,165,0,3
192,648,193,2,1
193,648,194,2,1
193,719,168,0,3
194,648,195,2,1
194,719,169,0,3
194,724,195,2,1
195,648,196,2,1
195,663,220,3,0
195,682,170,0,3
195,683,170,0,3
195,696,196,2,1
195,705,170,0,3
195,709,170,0,3
195,719,170,0,3
195,720,170,0,3
195,724,196,2,1
196,648,197,2,1
196,657,221,3,0
196,663,221,3,0
196,682,171,0,3
196,683,171,0,3
196,696,197,2,1
196,705,171,0,3
196,709,171,0,3
196,719,171,0,3
196,720,171,0,3
196,724,197,2,1
197,625,172,0,3
197,629,172,0,3
197,632,172,0,3
197,633,222,3,0
197,634,222,3,0
197,637,222,3,0
197,638,172,0,3
197,640,222,3,0
197,641,172,0,3
197,643,222,3,0
197,644,222,3,0
197,647,222,3,0
197,648,172,0,3
197,651,172,0,3
197,652,222,3,0
197,654,222,3,0
197,655,196,1,2
197,656,172,0,3
197,657,222,3,0
197,659,222,3,0
197,660,172,0,3
197,663,222,3,0
197,665,172,0,3
197,667,222,3,0
197,668,172,0,3
197,670,222,3,0
197,671,222,3,0
197,673,222,3,0
197,675,222,3,0
197,676,222,3,0
197,677,222,3,0
197,681,222,3,0
197,682,172,0,3
197,683,172,0,3
197,684,172,0,3
197,687,172,0,3
197,688,172,0,3
197,689,172,0,3
197,690,172,0,3
197,696,172,0,3
197,697,222,3,0
197,703,172,0,3
197,704,222,3,0
197,705,172,0,3
197,707,172,0,3
197,709,172,0,3
197,713,222,3,0
197,718,222,3,0
197,719,172,0,3
197,720,172,0,3
197,724,222,3,0
198,626,197,1,2
198,627,197,1,2
198,628,197,1,2
198,630,197,1,2
198,631,197,1,2
198,635,197,1,2
198,636,197,1,2
198,639,197,1,2
198,642,197,1,2
198,645,197,1,2
198,648,173,0,3
198,649,197,1,2
198,650,197,1,2
198,653,197,1,2
198,655,199,2,1
198,657,197,1,2
198,658,197,1,2
198,661,197,1,2
198,662,197,1,2
198,663,197,1,2
198,666,197,1,2
198,669,197,1,2
198,678,197,1,2
198,679,197,1,2
198,680,197,1,2
198,682,197,1,2
198,683,197,1,2
198,685,197,1,2
198,686,197,1,2
198,691,197,1,2
198,693,197,1,2
198,695,197,1,2
198,696,173,0,3
198,699,197,1,2
198,700,197,1,2
198,702,197,1,2
198,705,197,1,2
198,708,197,1,2
198,709,197,1,2
198,710,197,1,2
198,711,197,1,2
198,714,197,1,2
198,715,197,1,2
198,717,197,1,2
198,719,197,1,2
198,720,197,1,2
198,722,197,1,2
198,723,197,1,2
198,724,223,3,0
199,648,174,0,3
199,657,198,1,2
199,663,198,1,2
199,682,198,1,2
199,683,198,1,2
199,696,174,0,3
199,705,198,1,2
199,709,198,1,2
199,719,198,1,2
199,720,198,1,2
199,724,224,3,0
200,648,175,0,2
200,663,224,3,2
200,682,224,3,2
200,683,224,3,2
200,696,175,0,2
200,705,224,3,2
200,709,224,3,2
200,719,224,3,2
200,720,224,3,2
200,724,225,2,0
201,648,176,0,3
201,719,200,1,1
201,724,226,3,0
202,648,177,0,3
202,719,201,1,2
203,648,178,0,3
205,648,180,0,3
205,719,206,2,1
206,648,181,0,3
206,719,207,2,1
206,724,231,3,0
207,648,182,0,3
207,663,208,2,1
207,682,208,2,1
207,683,208,2,1
207,696,182,0,3
207,705,208,2,1
207,709,208,2,1
207,719,208,2,1
207,720,208,2,1
207,724,232,3,0
208,648,183,0,3
208,657,209,2,1
208,663,209,2,1
208,682,209,2,1
208,683,209,2,1
208,696,183,0,3
208,705,209,2,1
208,709,209,2,1
208,719,209,2,1
208,720,209,2,1
208,724,233,3,0
209,646,184,0,3
209,648,184,0,3
209,655,210,2,1
209,657,210,2,1
209,663,210,2,1
209,682,210,2,1
209,683,210,2,1
209,696,184,0,3
209,705,210,2,1
209,709,210,2,1
209,719,210,2,1
209,720,210,2,1
209,724,234,3,0
210,648,185,0,3
210,657,235,3,0
210,663,235,3,0
210,682,185,0,3
210,683,185,0,3
210,696,185,0,3
210,705,185,0,3
210,709,185,0,3
210,719,185,0,3
210,720,185,0,3
210,724,235,3,0
211,646,210,1,2
211,648,210,1,2
211,657,236,3,0
211,663,236,3,0
211,682,186,0,3
211,683,186,0,3
211,696,210,1,2
211,705,186,0,3
211,709,186,0,3
211,719,186,0,3
211,720,186,0,3
211,724,210,1,2
212,648,211,1,2
212,657,237,3,0
212,663,237,3,0
212,682,187,0,3
212,683,187,0,3
212,696,211,1,2
212,705,187,0,3
212,709,187,0,3
212,719,187,0,3
212,720,187,0,3
212,724,211,1,2
213,648,212,1,2
213,663,238,3,0
213,682,188,0,3
213,683,188,0,3
213,696,212,1,2
213,705,188,0,3
213,709,188,0,3
213,719,188,0,3
213,720,188,0,3
213,724,212,1,2
214,648,213,1,2
214,719,189,0,3
214,724,213,1,2
215,648,214,1,2
215,719,190,0,3
217,648,218,2,1
218,648,219,2,1
218,719,193,0,3
219,648,220,2,1
219,719,194,0,3
219,724,220,2,1
220,648,221,2,1
220,663,245,3,0
220,682,195,0,3
220,683,195,0,3
220,696,221,2,1
220,705,195,0,3
220,709,195,0,3
220,719,195,0,3
220,720,195,0,3
220,724,221,2,1
221,648,222,2,1
221,657,246,3,0
221,663,246,3,0
221,682,196,0,3
221,683,196,0,3
221,696,222,2,1
221,705,196,0,3
221,709,196,0,3
221,719,196,0,3
221,720,196,0,3
221,724,222,2,1
222,625,197,0,3
222,629,197,0,3
222,632,197,0,3
222,633,247,3,0
222,634,247,3,0
222,637,247,3,0
222,638,197,0,3
222,641,197,0,3
222,644,247,3,0
222,647,247,3,0
222,648,197,0,3
222,651,197,0,3
222,652,247,3,0
222,654,247,3,0
222,655,221,1,2
222,656,197,0,3
222,657,247,3,0
222,659,247,3,0
222,660,197,0,3
222,663,247,3,0
222,665,197,0,3
222,667,247,3,0
222,668,197,0,3
222,670,247,3,0
222,671,247,3,0
222,673,247,3,0
222,674,197,0,3
222,675,247,3,0
222,676,247,3,0
222,677,247,3,0
222,681,247,3,0
222,682,197,0,3
222,683,197,0,3
222,684,197,0,3
222,687,197,0,3
222,688,197,0,3
222,689,197,0,3
222,690,197,0,3
222,694,197,0,3
222,696,197,0,3
222,697,247,3,0
222,703,197,0,3
222,704,247,3,0
222,705,197,0,3
222,707,197,0,3
222,709,197,0,3
222,713,247,3,0
222,718,247,3,0
222,719,197,0,3
222,720,197,0,3
222,724,247,3,0
223,626,222,1,2
223,627,222,1,2
223,628,222,1,2
223,630,222,1,2
223,631,222,1,2
223,635,222,1,2
223,636,222,1,2
223,639,222,1,2
223,642,222,1,2
223,645,222,1,2
223,648,198,0,3
223,649,222,1,2
223,650,222,1,2
223,653,222,1,2
223,655,224,2,1
223,657,222,1,2
223,658,222,1,2
223,661,222,1,2
223,662,222,1,2
223,663,222,1,2
223,666,222,1,2
223,669,222,1,2
223,678,222,1,2
223,679,222,1,2
223,680,222,1,2
223,682,222,1,2
223,683,222,1,2
223,686,222,1,2
223,691,222,1,2
223,693,222,1,2
223,695,222,1,2
223,696,198,0,3
223,698,222,1,2
223,699,222,1,2
223,700,222,1,2
223,702,222,1,2
223,705,222,1,2
223,708,222,1,2
223,709,222,1,2
223,710,222,1,2
223,711,222,1,2
223,714,222,1,2
223,715,222,1,2
223,717,222,1,2
223,719,222,1,2
223,720,222,1,2
223,722,222,1,2
223,723,222,1,2
223,724,248,3,0
224,648,199,0,3
224,657,223,1,2
224,663,223,1,2
224,682,223,1,2
224,683,223,1,2
224,696,199,0,3
224,705,223,1,2
224,709,223,1,2
224,719,223,1,2
224,720,223,1,2
224,724,249,3,0
225,648,200,0,2
225,663,249,3,2
225,682,249,3,2
225,683,249,3,2
225,696,200,0,2
225,705,249,3,2
225,709,249,3,2
225,719,249,3,2
225,720,249,3,2
225,724,250,2,0
226,648,201,0,3
226,719,225,1,1
226,724,251,3,0
227,648,202,0,3
227,719,226,1,2
228,648,203,0,3
230,648,205,0,3
230,719,231,2,1
231,648,206,0,3
231,719,232,2,1
231,724,256,3,0
232,648,207,0,3
232,663,233,2,1
232,682,233,2,1
232,683,233,2,1
232,696,207,0,3
232,705,233,2,1
232,709,233,2,1
232,719,233,2,1
232,720,233,2,1
232,724,257,3,0
233,648,208,0,3
233,657,234,2,1
233,663,234,2,1
233,682,234,2,1
233,683,234,2,1
233,696,208,0,3
233,705,234,2,1
233,709,234,2,1
233,719,234,2,1
233,720,234,2,1
233,724,258,3,0
234,646,209,0,3
234,648,209,0,3
234,655,235,2,1
234,657,235,2,1
234,663,235,2,1
234,682,235,2,1
234,683,235,2,1
234,696,209,0,3
234,705,235,2,1
234,709,235,2,1
234,719,235,2,1
234,720,235,2,1
234,724,259,3,0
235,648,210,0,3
235,657,260,3,0
235,663,260,3,0
235,682,210,0,3
235,683,210,0,3
235,696,210,0,3
235,709,210,0,3
235,719,210,0,3
235,720,210,0,3
235,724,260,3,0
236,646,235,1,2
236,648,235,1,2
236,657,261,3,0
236,663,261,3,0
236,682,211,0,3
236,683,211,0,3
236,696,235,1,2
236,705,211,0,3
236,709,211,0,3
236,719,211,0,3
236,720,211,0,3
236,724,235,1,2
237,648,236,1,2
237,657,262,3,0
237,663,262,3,0
237,682,212,0,3
237,683,212,0,3
237,696,236,1,2
237,705,212,0,3
237,709,212,0,3
237,719,212,0,3
237,720,212,0,3
237,724,236,1,2
238,648,237,1,2
238,663,263,3,0
238,682,213,0,3
238,683,213,0,3
238,696,237,1,2
238,705,213,0,3
238,709,213,0,3
238,719,213,0,3
238,720,213,0,3
238,724,237,1,2
239,648,238,1,2
239,719,214,0,3
239,724,238,1,2
240,648,239,1,2
240,719,215,0,3
242,648,243,2,1
243,648,244,2,1
243,719,218,0,3
244,648,245,2,1
244,719,219,0,3
244,724,245,2,1
245,648,246,2,1
245,663,270,3,0
245,682,220,0,3
245,683,220,0,3
245,696,246,2,1
245,705,220,0,3
245,709,220,0,3
245,719,220,0,3
245,720,220,0,3
245,724,246,2,1
246,648,247,2,1
246,657,271,3,0
246,663,271,3,0
246,682,221,0,3
246,683,221,0,3
246,696,247,2,1
246,705,221,0,3
246,709,221,0,3
246,719,221,0,3
246,720,221,0,3
246,724,247,2,1
247,625,222,0,3
247,629,222,0,3
247,632,272,3,0
247,633,272,3,0
247,634,272,3,0
247,637,272,3,0
247,638,272,3,0
247,640,222,0,3
247,641,222,0,3
247,643,222,0,3
247,644,272,3,0
247,647,272,3,0
247,648,222,0,3
247,651,222,0,3
247,652,272,3,0
247,654,272,3,0
247,655,246,1,2
247,656,222,0,3
247,657,272,3,0
247,659,272,3,0
247,660,222,0,3
247,663,272,3,0
247,665,222,0,3
247,668,222,0,3
247,670,272,3,0
247,671,272,3,0
247,673,272,3,0
247,674,222,0,3
247,675,272,3,0
247,676,272,3,0
247,677,272,3,0
247,681,272,3,0
247,682,222,0,3
247,683,222,0,3
247,684,222,0,3
247,687,222,0,3
247,688,222,0,3
247,689,222,0,3
247,690,222,0,3
247,694,222,0,3
247,696,222,0,3
247,697,272,3,0
247,703,222,0,3
247,704,272,3,0
247,705,222,0,3
247,707,222,0,3
247,709,222,0,3
247,713,272,3,0
247,718,272,3,0
247,719,222,0,3
247,720,222,0,3
247,724,272,3,0
248,626,247,1,2
248,627,247,1,2
248,628,247,1,2
248,630,247,1,2
248,631,247,1,2
248,635,247,1,2
248,636,247,1,2
248,639,247,1,2
248,642,247,1,2
248,645,247,1,2
248,648,223,0,3
248,649,247,1,2
248,650,247,1,2
248,653,247,1,2
248,655,249,2,1
248,657,247,1,2
248,658,247,1,2
248,661,247,1,2
248,662,247,1,2
248,663,247,1,2
248,666,247,1,2
248,669,247,1,2
248,678,247,1,2
248,679,247,1,2
248,680,247,1,2
248,682,247,1,2
248,683,247,1,2
248,685,247,1,2
248,686,247,1,2
248,691,247,1,2
248,693,247,1,2
248,695,247,1,2
248,696,223,0,3
248,698,247,1,2
248,699,247,1,2
248,700,247,1,2
248,702,247,1,2
248,705,247,1,2
248,708,247,1,2
248,709,247,1,2
248,710,247,1,2
248,711,247,1,2
248,714,247,1,2
248,715,247,1,2
248,717,247,1,2
248,719,247,1,2
248,720,247,1,2
248,722,247,1,2
248,723,247,1,2
248,724,273,3,0
249,648,224,0,3
249,657,248,1,2
249,663,248,1,2
249,682,248,1,2
249,683,248,1,2
249,696,224,0,3
249,705,248,1,2
249,709,248,1,2
249,719,248,1,2
249,720,248,1,2
249,724,274,3,0
250,648,225,0,2
250,663,274,3,2
250,682,274,3,2
250,683,274,3,2
250,696,225,0,2
250,705,274,3,2
250,709,274,3,2
250,719,274,3,2
250,720,274,3,2
250,724,275,2,0
251,648,226,0,3
251,719,250,1,1
251,724,276,3,0
252,648,227,0,3
252,719,251,1,2
253,648,228,0,3
255,648,230,0,3
255,719,256,2,1
256,648,231,0,3
256,719,257,2,1
256,724,281,3,0
257,648,232,0,3
257,663,258,2,1
257,682,258,2,1
257,683,258,2,1
257,696,232,0,3
257,705,258,2,1
257,709,258,2,1
257,719,258,2,1
257,720,258,2,1
257,724,282,3,0
258,648,233,0,3
258,657,259,2,1
258,663,259,2,1
258,682,259,2,1
258,683,259,2,1
258,696,233,0,3
258,705,259,2,1
258,709,259,2,1
258,719,259,2,1
258,720,259,2,1
258,724,283,3,0
259,646,234,0,3
259,648,234,0,3
259,655,260,2,1
259,657,260,2,1
259,663,260,2,1
259,682,260,2,1
259,683,260,2,1
259,696,234,0,3
259,705,260,2,1
259,709,260,2,1
259,719,260,2,1
259,720,260,2,1
259,724,284,3,0
260,648,235,0,3
260,657,285,3,0
260,663,285,3,0
260,683,235,0,3
260,696,235,0,3
260,709,235,0,3
260,719,235,0,3
260,720,235,0,3
260,724,285,3,0
261,646,260,1,2
261,648,260,1,2
261,657,286,3,0
261,663,286,3,0
261,682,236,0,3
261,683,236,0,3
261,696,260,1,2
261,705,236,0,3
261,709,236,0,3
261,719,236,0,3
261,720,236,0,3
261,724,260,1,2
262,648,261,1,2
262,657,287,3,0
262,663,287,3,0
262,682,237,0,3
262,683,237,0,3
262,696,261,1,2
262,705,237,0,3
262,709,237,0,3
262,719,237,0,3
262,720,237,0,3
262,724,261,1,2
263,648,262,1,2
263,663,288,3,0
263,682,238,0,3
263,683,238,0,3
263,696,262,1,2
263,705,238,0,3
263,709,238,0,3
263,719,238,0,3
263,720,238,0,3
263,724,262,1,2
264,648,263,1,2
264,719,239,0,3
264,724,263,1,2
265,648,264,1,2
265,719,240,0,3
267,648,268,2,1
268,648,269,2,1
268,719,243,0,3
269,648,270,2,1
269,719,244,0,3
269,724,270,2,1
270,648,271,2,1
270,663,295,3,0
270,682,245,0,3
270,683,245,0,3
270,696,271,2,1
270,705,245,0,3
270,709,245,0,3
270,719,245,0,3
270,720,245,0,3
270,724,271,2,1
271,648,272,2,1
271,657,296,3,0
271,663,296,3,0
271,682,246,0,3
271,683,246,0,3
271,696,272,2,1
271,705,246,0,3
271,709,246,0,3
271,719,246,0,3
271,720,246,0,3
271,724,272,2,1
272,625,247,0,3
272,629,247,0,3
272,632,297,3,0
272,633,297,3,0
272,634,297,3,0
272,637,297,3,0
272,638,297,3,0
272,640,247,0,3
272,641,247,0,3
272,643,247,0,3
272,644,297,3,0
272,647,297,3,0
272,648,247,0,3
272,651,247,0,3
272,652,297,3,0
272,654,297,3,0
272,655,271,1,2
272,656,247,0,3
272,657,297,3,0
272,659,297,3,0
272,660,247,0,3
272,663,297,3,0
272,665,247,0,3
272,667,247,0,3
272,668,247,0,3
272,674,247,0,3
272,675,297,3,0
272,676,297,3,0
272,677,297,3,0
272,681,297,3,0
272,682,247,0,3
272,683,247,0,3
272,684,247,0,3
272,687,247,0,3
272,688,247,0,3
272,689,247,0,3
272,690,247,0,3
272,694,247,0,3
272,696,247,0,3
272,697,297,3,0
272,703,247,0,3
272,704,297,3,0
272,705,247,0,3
272,707,247,0,3
272,709,247,0,3
272,713,297,3,0
272,718,297,3,0
272,719,247,0,3
272,720,247,0,3
272,724,297,3,0
273,626,272,1,2
273,627,272,1,2
273,628,272,1,2
273,630,272,1,2
273,631,272,1,2
273,635,272,1,2
273,636,272,1,2
273,639,272,1,2
273,642,272,1,2
273,645,272,1,2
273,648,248,0,3
273,649,272,1,2
273,650,272,1,2
273,653,272,1,2
273,655,274,2,1
273,657,272,1,2
273,658,272,1,2
273,661,272,1,2
273,662,272,1,2
273,663,272,1,2
273,666,272,1,2
273,669,272,1,2
273,678,272,1,2
273,679,272,1,2
273,680,272,1,2
273,682,272,1,2
273,683,272,1,2
273,685,272,1,2
273,686,272,1,2
273,691,272,1,2
273,693,272,1,2
273,695,272,1,2
273,696,248,0,3
273,698,272,1,2
273,699,272,1,2
273,700,272,1,2
273,702,272,1,2
273,705,272,1,2
273,708,272,1,2
273,709,272,1,2
273,710,272,1,2
273,711,272,1,2
273,714,272,1,2
273,715,272,1,2
273,717,272,1,2
273,719,272,1,2
273,720,272,1,2
273,722,272,1,2
273,723,272,1,2
273,724,298,3,0
274,648,249,0,3
274,657,273,1,2
274,663,273,1,2
274,682,273,1,2
274,683,273,1,2
274,696,249,0,3
274,705,273,1,2
274,709,273,1,2
274,719,273,1,2
274,720,273,1,2
274,724,299,3,0
275,648,250,0,2
275,663,299,3,2
275,682,299,3,2
275,683,299,3,2
275,696,250,0,2
275,705,299,3,2
275,709,299,3,2
275,719,299,3,2
275,720,299,3,2
275,724,300,2,0
276,648,251,0,3
276,719,275,1,1
276,724,301,3,0
277,648,252,0,3
277,719,276,1,2
278,648,253,0,3
280,648,255,0,3
280,719,281,2,1
281,648,256,0,3
281,719,282,2,1
281,724,306,3,0
282,648,257,0,3
282,663,283,2,1
282,682,283,2,1
282,683,283,2,1
282,696,257,0,3
282,705,283,2,1
282,709,283,2,1
282,719,283,2,1
282,720,283,2,1
282,724,307,3,0
283,648,258,0,3
283,657,284,2,1
283,663,284,2,1
283,682,284,2,1
283,683,284,2,1
283,696,258,0,3
283,705,284,2,1
283,709,284,2,1
283,719,284,2,1
283,720,284,2,1
283,724,308,3,0
284,646,259,0,3
284,648,259,0,3
284,655,285,2,1
284,657,285,2,1
284,663,285,2,1
284,682,285,2,1
284,683,285,2,1
284,696,259,0,3
284,705,285,2,1
284,709,285,2,1
284,719,285,2,1
284,720,285,2,1
284,724,309,3,0
285,648,260,0,3
285,657,310,3,0
285,683,260,0,3
285,696,260,0,3
285,709,260,0,3
285,720,260,0,3
285,724,310,3,0
286,646,285,1,2
286,648,285,1,2
286,657,311,3,0
286,663,311,3,0
286,682,261,0,3
286,683,261,0,3
286,696,285,1,2
286,705,261,0,3
286,709,261,0,3
286,719,261,0,3
286,720,261,0,3
286,724,285,1,2
287,648,286,1,2
287,657,312,3,0
287,663,312,3,0
287,682,262,0,3
287,683,262,0,3
287,696,286,1,2
287,705,262,0,3
287,709,262,0,3
287,719,262,0,3
287,720,262,0,3
287,724,286,1,2
288,648,287,1,2
288,663,313,3,0
288,682,263,0,3
288,683,263,0,3
288,696,287,1,2
288,705,263,0,3
288,709,263,0,3
288,719,263,0,3
288,720,263,0,3
288,724,287,1,2
289,648,288,1,2
289,719,264,0,3
289,724,288,1,2
290,648,289,1,2
290,719,265,0,3
292,648,293,2,1
293,648,294,2,1
293,719,268,0,3
294,648,295,2,1
294,719,269,0,3
294,724,295,2,1
295,648,296,2,1
295,663,320,3,0
295,682,270,0,3
295,683,270,0,3
295,696,296,2,1
295,705,270,0,3
295,709,270,0,3
295,719,270,0,3
295,720,270,0,3
295,724,296,2,1
296,648,297,2,1
296,657,321,3,0
296,663,321,3,0
296,682,271,0,3
296,683,271,0,3
296,696,297,2,1
296,705,271,0,3
296,709,271,0,3
296,719,271,0,3
296,720,271,0,3
296,724,297,2,1
297,625,272,0,3
297,629,272,0,3
297,632,322,3,0
297,633,322,3,0
297,637,322,3,0
297,638,322,3,0
297,640,272,0,3
297,641,272,0,3
297,643,272,0,3
297,644,322,3,0
297,648,272,0,3
297,651,272,0,3
297,652,322,3,0
297,654,322,3,0
297,655,296,1,2
297,656,272,0,3
297,657,322,3,0
297,659,322,3,0
297,660,272,0,3
297,663,322,3,0
297,665,322,3,0
297,667,272,0,3
297,668,272,0,3
297,670,272,0,3
297,671,272,0,3
297,673,272,0,3
297,674,272,0,3
297,675,322,3,0
297,677,322,3,0
297,682,272,0,3
297,683,272,0,3
297,684,272,0,3
297,687,272,0,3
297,688,272,0,3
297,689,272,0,3
297,690,272,0,3
297,694,272,0,3
297,696,272,0,3
297,697,322,3,0
297,703,272,0,3
297,704,322,3,0
297,705,272,0,3
297,707,322,3,0
297,709,272,0,3
297,718,322,3,0
297,719,272,0,3
297,720,272,0,3
297,724,322,3,0
298,626,297,1,2
298,627,297,1,2
298,628,297,1,2
298,630,297,1,2
298,631,297,1,2
298,635,297,1,2
298,636,297,1,2
298,639,297,1,2
298,642,297,1,2
298,645,297,1,2
298,648,273,0,3
298,649,297,1,2
298,650,297,1,2
298,653,297,1,2
298,655,299,2,1
298,657,297,1,2
298,658,297,1,2
298,661,297,1,2
298,662,297,1,2
298,663,297,1,2
298,666,297,1,2
298,669,297,1,2
298,678,297,1,2
298,679,297,1,2
298,680,297,1,2
298,682,297,1,2
298,683,297,1,2
298,685,297,1,2
298,691,297,1,2
298,693,297,1,2
298,695,297,1,2
298,696,273,0,3
298,698,297,1,2
298,699,297,1,2
298,700,297,1,2
298,702,297,1,2
298,705,297,1,2
298,708,297,1,2
298,709,297,1,2
298,710,297,1,2
298,711,297,1,2
298,714,297,1,2
298,715,297,1,2
298,717,297,1,2
298,719,297,1,2
298,720,297,1,2
298,722,297,1,2
298,723,297,1,2
298,724,323,3,0
299,648,274,0,3
299,657,298,1,2
299,663,298,1,2
299,682,298,1,2
299,683,298,1,2
299,696,274,0,3
299,705,298,1,2
299,709,298,1,2
299,719,298,1,2
299,720,298,1,2
299,724,324,3,0
300,648,275,0,2
300,663,324,3,2
300,682,324,3,2
300,683,324,3,2
300,696,325,2,0
300,705,324,3,2
300,709,324,3,2
300,719,324,3,2
300,720,324,3,2
300,724,325,2,0
301,648,276,0,3
301,719,300,1,1
301,724,326,3,0
302,648,277,0,3
302,719,301,1,2
303,648,278,0,3
305,648,280,0,3
305,719,306,2,1
306,648,281,0,3
306,719,307,2,1
306,724,331,3,0
307,648,282,0,3
307,663,308,2,1
307,682,308,2,1
307,683,308,2,1
307,696,332,3,0
307,705,308,2,1
307,709,308,2,1
307,719,308,2,1
307,720,308,2,1
307,724,332,3,0
308,648,283,0,3
308,657,309,2,1
308,663,309,2,1
308,682,309,2,1
308,683,309,2,1
308,696,333,3,0
308,705,309,2,1
308,709,309,2,1
308,719,309,2,1
308,720,309,2,1
308,724,333,3,0
309,646,284,0,3
309,648,284,0,3
309,655,310,2,1
309,657,310,2,1
309,663,310,2,1
309,682,310,2,1
309,683,310,2,1
309,696,334,3,0
309,705,310,2,1
309,709,310,2,1
309,719,310,2,1
309,720,310,2,1
309,724,334,3,0
310,648,285,0,3
310,683,285,0,3
310,709,285,0,3
310,719,335,3,0
310,724,335,3,0
311,646,310,1,2
311,648,310,1,2
311,657,336,3,0
311,663,336,3,0
311,682,286,0,3
311,683,286,0,3
311,696,310,1,2
311,705,286,0,3
311,709,286,0,3
311,719,336,3,0
311,720,286,0,3
311,724,310,1,2
312,648,311,1,2
312,657,337,3,0
312,663,337,3,0
312,682,287,0,3
312,683,287,0,3
312,696,311,1,2
312,705,287,0,3
312,709,287,0,3
312,719,337,3,0
312,720,287,0,3
312,724,311,1,2
313,648,312,1,2
313,663,338,3,0
313,682,288,0,3
313,683,288,0,3
313,696,312,1,2
313,705,288,0,3
313,709,288,0,3
313,719,338,3,0
313,720,288,0,3
313,724,312,1,2
314,648,313,1,2
314,719,339,3,0
314,724,313,1,2
315,648,314,1,2
315,719,340,3,0
317,648,318,2,1
318,648,319,2,1
318,719,343,3,0
319,648,320,2,1
319,719,344,3,0
319,724,320,2,1
320,648,321,2,1
320,663,345,3,0
320,682,295,0,3
320,683,295,0,3
320,696,321,2,1
320,705,295,0,3
320,709,295,0,3
320,719,345,3,0
320,720,295,0,3
320,724,321,2,1
321,648,322,2,1
321,657,346,3,0
321,663,346,3,0
321,682,296,0,3
321,683,296,0,3
321,696,322,2,1
321,705,296,0,3
321,709,296,0,3
321,719,346,3,0
321,720,296,0,3
321,724,322,2,1
322,625,297,0,3
322,629,297,0,3
322,632,347,3,0
322,633,347,3,0
322,634,297,0,3
322,637,347,3,0
322,638,347,3,0
322,640,297,0,3
322,641,297,0,3
322,643,297,0,3
322,644,347,3,0
322,647,297,0,3
322,648,297,0,3
322,651,297,0,3
322,654,347,3,0
322,655,321,1,2
322,656,297,0,3
322,657,347,3,0
322,659,347,3,0
322,660,297,0,3
322,663,347,3,0
322,665,347,3,0
322,667,297,0,3
322,668,297,0,3
322,670,297,0,3
322,671,297,0,3
322,673,297,0,3
322,674,297,0,3
322,675,347,3,0
322,676,297,0,3
322,677,347,3,0
322,681,297,0,3
322,682,297,0,3
322,683,297,0,3
322,684,297,0,3
322,687,297,0,3
322,688,297,0,3
322,689,297,0,3
322,690,297,0,3
322,694,297,0,3
322,697,347,3,0
322,703,297,0,3
322,704,347,3,0
322,705,297,0,3
322,707,347,3,0
322,709,297,0,3
322,713,297,0,3
322,719,347,3,0
322,720,297,0,3
322,724,347,3,0
323,626,322,1,2
323,627,322,1,2
323,628,322,1,2
323,630,322,1,2
323,631,322,1,2
323,635,322,1,2
323,636,322,1,2
323,639,322,1,2
323,642,322,1,2
323,645,322,1,2
323,648,298,0,3
323,649,322,1,2
323,650,322,1,2
323,653,322,1,2
323,655,324,2,1
323,657,322,1,2
323,658,322,1,2
323,661,322,1,2
323,662,322,1,2
323,663,322,1,2
323,666,322,1,2
323,669,322,1,2
323,678,322,1,2
323,679,322,1,2
323,680,322,1,2
323,682,322,1,2
323,683,322,1,2
323,685,322,1,2
323,686,322,1,2
323,691,322,1,2
323,693,322,1,2
323,695,322,1,2
323,698,322,1,2
323,699,322,1,2
323,700,322,1,2
323,702,322,1,2
323,705,322,1,2
323,708,322,1,2
323,709,322,1,2
323,710,322,1,2
323,711,322,1,2
323,714,322,1,2
323,715,322,1,2
323,717,322,1,2
323,719,322,1,2
323,720,322,1,2
323,722,322,1,2
323,723,322,1,2
323,724,348,3,0
324,648,299,0,3
324,657,323,1,2
324,663,323,1,2
324,682,323,1,2
324,683,323,1,2
324,696,349,3,0
324,705,323,1,2
324,709,323,1,2
324,719,323,1,2
324,720,323,1,2
324,724,349,3,0
325,648,300,0,2
325,663,349,3,2
325,682,349,3,2
325,683,349,3,2
325,696,350,2,0
325,705,349,3,2
325,709,349,3,2
325,719,349,3,2
325,720,349,3,2
325,724,350,2,0
326,648,301,0,3
326,719,325,1,1
326,724,351,3,0
327,648,302,0,3
327,719,326,1,2
328,648,303,0,3
330,648,305,0,3
330,719,331,2,1
331,648,306,0,3
331,719,332,2,1
331,724,356,3,0
332,648,307,0,3
332,663,333,2,1
332,682,333,2,1
332,683,333,2,1
332,696,357,3,0
332,705,333,2,1
332,709,333,2,1
332,719,333,2,1
332,720,333,2,1
332,724,357,3,0
333,648,308,0,3
333,657,334,2,1
333,663,334,2,1
333,682,334,2,1
333,683,334,2,1
333,696,358,3,0
333,705,334,2,1
333,709,334,2,1
333,719,334,2,1
333,720,334,2,1
333,724,358,3,0
334,646,309,0,3
334,648,309,0,3
334,655,335,2,1
334,657,335,2,1
334,663,335,2,1
334,682,335,2,1
334,683,335,2,1
334,696,359,3,0
334,705,335,2,1
334,709,335,2,1
334,719,335,2,1
334,720,335,2,1
334,724,359,3,0
335,646,310,0,3
335,648,310,0,3
335,683,310,0,3
335,705,360,3,0
335,709,310,0,3
335,719,360,3,0
335,724,360,3,0
336,646,335,1,2
336,648,335,1,2
336,657,361,3,0
336,663,361,3,0
336,682,311,0,3
336,683,311,0,3
336,696,335,1,2
336,705,361,3,0
336,709,311,0,3
336,719,361,3,0
336,720,311,0,3
336,724,335,1,2
337,648,336,1,2
337,657,362,3,0
337,663,362,3,0
337,682,312,0,3
337,683,312,0,3
337,696,336,1,2
337,705,362,3,0
337,709,312,0,3
337,719,362,3,0
337,720,312,0,3
337,724,336,1,2
338,648,337,1,2
338,663,363,3,0
338,682,313,0,3
338,683,313,0,3
338,696,337,1,2
338,705,363,3,0
338,709,313,0,3
338,719,363,3,0
338,720,313,0,3
338,724,337,1,2
339,648,338,1,2
339,719,364,3,0
339,724,338,1,2
340,648,339,1,2
340,719,365,3,0
342,648,343,2,1
343,648,344,2,1
343,719,368,3,0
344,648,345,2,1
344,719,369,3,0
344,724,345,2,1
345,648,346,2,1
345,663,370,3,0
345,682,320,0,3
345,683,320,0,3
345,696,346,2,1
345,705,370,3,0
345,709,320,0,3
345,719,370,3,0
345,720,320,0,3
345,724,346,2,1
346,648,347,2,1
346,657,371,3,0
346,663,371,3,0
346,682,321,0,3
346,683,321,0,3
346,696,347,2,1
346,705,371,3,0
346,709,321,0,3
346,719,371,3,0
346,720,321,0,3
346,724,347,2,1
347,625,372,3,0
347,629,322,0,3
347,632,372,3,0
347,633,372,3,0
347,634,322,0,3
347,637,372,3,0
347,638,372,3,0
347,640,322,0,3
347,641,322,0,3
347,643,322,0,3
347,644,372,3,0
347,646,322,0,3
347,647,322,0,3
347,648,322,0,3
347,651,322,0,3
347,652,322,0,3
347,654,372,3,0
347,655,346,1,2
347,656,322,0,3
347,657,372,3,0
347,659,372,3,0
347,660,372,3,0
347,663,372,3,0
347,665,372,3,0
347,667,322,0,3
347,668,322,0,3
347,670,322,0,3
347,671,322,0,3
347,673,322,0,3
347,674,322,0,3
347,675,372,3,0
347,676,322,0,3
347,677,372,3,0
347,681,322,0,3
347,682,322,0,3
347,683,322,0,3
347,684,322,0,3
347,687,322,0,3
347,688,322,0,3
347,689,322,0,3
347,690,322,0,3
347,694,322,0,3
347,703,322,0,3
347,704,372,3,0
347,705,372,3,0
347,707,372,3,0
347,709,322,0,3
347,713,322,0,3
347,718,322,0,3
347,719,372,3,0
347,720,322,0,3
347,724,372,3,0
348,626,347,1,2
348,627,347,1,2
348,628,347,1,2
348,630,347,1,2
348,631,347,1,2
348,635,347,1,2
348,636,347,1,2
348,639,347,1,2
348,642,347,1,2
348,645,347,1,2
348,646,323,0,3
348,648,323,0,3
348,649,347,1,2
348,650,347,1,2
348,653,347,1,2
348,655,349,2,1
348,657,347,1,2
348,658,347,1,2
348,661,347,1,2
348,662,347,1,2
348,663,347,1,2
348,666,347,1,2
348,669,347,1,2
348,678,347,1,2
348,679,347,1,2
348,680,347,1,2
348,682,347,1,2
348,683,347,1,2
348,685,347,1,2
348,686,347,1,2
348,691,347,1,2
348,693,347,1,2
348,695,347,1,2
348,698,347,1,2
348,699,347,1,2
348,700,347,1,2
348,702,347,1,2
348,705,347,1,2
348,708,347,1,2
348,709,347,1,2
348,710,347,1,2
348,711,347,1,2
348,714,347,1,2
348,715,347,1,2
348,717,347,1,2
348,719,347,1,2
348,720,347,1,2
348,722,347,1,2
348,723,347,1,2
348,724,373,3,0
349,648,324,0,3
349,657,348,1,2
349,663,348,1,2
349,682,348,1,2
349,683,348,1,2
349,696,374,3,0
349,705,348,1,2
349,709,348,1,2
349,719,348,1,2
349,720,348,1,2
349,724,374,3,0
350,648,325,0,2
350,663,374,3,2
350,682,374,3,2
350,683,374,3,2
350,696,375,2,0
350,705,374,3,2
350,709,374,3,2
350,719,374,3,2
350,720,374,3,2
350,724,351,1,1
351,648,326,0,3
351,719,350,1,1
351,724,352,2,1
352,648,327,0,3
352,719,351,1,2
353,648,328,0,3
355,648,330,0,3
355,719,356,2,1
356,648,331,0,3
356,719,357,2,1
356,724,724,103,0
357,648,332,0,3
357,663,358,2,1
357,682,358,2,1
357,683,358,2,1
357,696,382,3,0
357,705,358,2,1
357,709,358,2,1
357,719,358,2,1
357,720,358,2,1
357,724,356,1,2
358,648,333,0,3
358,657,359,2,1
358,663,359,2,1
358,682,359,2,1
358,683,359,2,1
358,696,383,3,0
358,705,359,2,1
358,709,359,2,1
358,719,359,2,1
358,720,359,2,1
358,724,357,1,2
359,646,334,0,3
359,648,334,0,3
359,655,360,2,1
359,657,360,2,1
359,663,360,2,1
359,682,360,2,1
359,683,360,2,1
359,696,384,3,0
359,705,360,2,1
359,709,360,2,1
359,719,360,2,1
359,720,360,2,1
359,724,358,1,2
360,646,335,0,3
360,648,335,0,3
360,682,385,3,0
360,683,335,0,3
360,705,385,3,0
360,719,385,3,0
360,724,359,1,2
361,646,360,1,2
361,648,360,1,2
361,657,386,3,0
361,663,386,3,0
361,682,386,3,0
361,683,336,0,3
361,696,360,1,2
361,705,386,3,0
361,709,336,0,3
361,719,386,3,0
361,720,336,0,3
361,724,360,1,2
362,648,361,1,2
362,657,387,3,0
362,663,387,3,0
362,682,387,3,0
362,683,337,0,3
362,696,361,1,2
362,705,387,3,0
362,709,337,0,3
362,719,387,3,0
362,720,337,0,3
362,724,361,1,2
363,648,362,1,2
363,663,388,3,0
363,682,388,3,0
363,683,338,0,3
363,696,362,1,2
363,705,388,3,0
363,709,338,0,3
363,719,388,3,0
363,720,338,0,3
363,724,362,1,2
364,648,363,1,2
364,719,389,3,0
364,724,363,1,2
365,648,364,1,2
365,719,390,3,0
367,648,368,2,1
368,648,369,2,1
368,719,393,3,0
369,648,370,2,1
369,719,394,3,0
369,724,370,2,1
370,648,371,2,1
370,663,395,3,0
370,682,395,3,0
370,683,345,0,3
370,696,371,2,1
370,705,395,3,0
370,709,345,0,3
370,719,395,3,0
370,720,345,0,3
370,724,371,2,1
371,648,372,2,1
371,657,396,3,0
371,663,396,3,0
371,682,396,3,0
371,683,346,0,3
371,696,372,2,1
371,705,396,3,0
371,709,346,0,3
371,719,396,3,0
371,720,346,0,3
371,724,372,2,1
372,625,397,3,0
372,629,347,0,3
372,632,397,3,0
372,634,347,0,3
372,637,397,3,0
372,638,397,3,0
372,640,347,0,3
372,641,347,0,3
372,643,347,0,3
372,646,347,0,3
372,647,347,0,3
372,648,347,0,3
372,651,347,0,3
372,652,347,0,3
372,654,397,3,0
372,655,371,1,2
372,656,347,0,3
372,657,397,3,0
372,659,397,3,0
372,660,397,3,0
372,663,397,3,0
372,665,397,3,0
372,667,347,0,3
372,668,347,0,3
372,670,347,0,3
372,671,347,0,3
372,673,347,0,3
372,674,347,0,3
372,675,397,3,0
372,676,347,0,3
372,681,347,0,3
372,682,397,3,0
372,683,347,0,3
372,684,397,3,0
372,687,347,0,3
372,688,347,0,3
372,689,347,0,3
372,690,347,0,3
372,694,347,0,3
372,697,347,0,3
372,703,347,0,3
372,705,397,3,0
372,707,397,3,0
372,709,347,0,3
372,713,347,0,3
372,718,347,0,3
372,719,397,3,0
372,720,347,0,3
372,724,373,2,1
373,626,372,1,2
373,627,372,1,2
373,628,372,1,2
373,630,372,1,2
373,631,372,1,2
373,635,372,1,2
373,636,372,1,2
373,639,372,1,2
373,642,372,1,2
373,645,372,1,2
373,646,348,0,3
373,648,348,0,3
373,649,372,1,2
373,650,372,1,2
373,653,372,1,2
373,655,374,2,1
373,657,372,1,2
373,661,372,1,2
373,662,372,1,2
373,663,372,1,2
373,666,372,1,2
373,669,372,1,2
373,678,372,1,2
373,679,372,1,2
373,682,372,1,2
373,683,372,1,2
373,685,372,1,2
373,686,372,1,2
373,691,372,1,2
373,693,372,1,2
373,695,372,1,2
373,698,372,1,2
373,699,372,1,2
373,700,372,1,2
373,702,372,1,2
373,705,372,1,2
373,708,372,1,2
373,709,372,1,2
373,710,372,1,2
373,711,372,1,2
373,714,372,1,2
373,715,372,1,2
373,717,372,1,2
373,719,372,1,2
373,720,372,1,2
373,722,372,1,2
373,723,372,1,2
373,724,374,2,1
374,648,349,0,3
374,657,373,1,2
374,663,373,1,2
374,682,373,1,2
374,683,373,1,2
374,696,399,3,0
374,705,373,1,2
374,709,373,1,2
374,719,373,1,2
374,720,373,1,2
374,724,350,2,3
375,648,350,0,2
375,663,399,3,2
375,682,399,3,2
375,683,399,3,2
375,696,400,2,0
375,705,399,3,2
375,709,399,3,2
375,719,399,3,2
375,720,399,3,2
375,724,350,0,2
376,648,351,0,3
376,719,375,1,1
376,724,351,0,3
377,648,352,0,3
377,719,376,1,2
378,648,353,0,3
380,648,355,0,3
380,719,381,2,1
381,648,356,0,3
381,719,382,2,1
381,724,356,0,3
382,648,357,0,3
382,663,383,2,1
382,682,383,2,1
382,683,383,2,1
382,696,407,3,0
382,705,383,2,1
382,709,383,2,1
382,719,383,2,1
382,720,383,2,1
382,724,357,0,3
383,648,358,0,3
383,657,384,2,1
383,663,384,2,1
383,682,384,2,1
383,683,384,2,1
383,696,408,3,0
383,705,384,2,1
383,709,384,2,1
383,719,384,2,1
383,720,384,2,1
383,724,358,0,3
384,646,359,0,3
384,648,359,0,3
384,655,385,2,1
384,657,385,2,1
384,663,385,2,1
384,682,385,2,1
384,683,385,2,1
384,696,409,3,0
384,705,385,2,1
384,709,385,2,1
384,719,385,2,1
384,720,385,2,1
384,724,359,0,3
385,646,360,0,3
385,648,360,0,3
385,655,410,3,0
385,663,386,2,1
385,682,410,3,0
385,705,410,3,0
385,719,410,3,0
386,646,385,1,2
386,648,385,1,2
386,657,411,3,0
386,663,387,2,1
386,682,411,3,0
386,683,361,0,3
386,696,385,1,2
386,705,411,3,0
386,709,361,0,3
386,719,411,3,0
386,720,361,0,3
386,724,385,1,2
387,648,386,1,2
387,657,412,3,0
387,663,388,2,1
387,682,412,3,0
387,683,362,0,3
387,696,386,1,2
387,705,412,3,0
387,709,362,0,3
387,719,412,3,0
387,720,362,0,3
387,724,386,1,2
388,648,387,1,2
388,663,663,42,0
388,682,413,3,0
388,683,363,0,3
388,696,387,1,2
388,705,413,3,0
388,709,363,0,3
388,719,413,3,0
388,720,363,0,3
388,724,387,1,2
389,648,388,1,2
389,719,414,3,0
389,724,388,1,2
390,648,389,1,2
390,719,415,3,0
392,648,393,2,1
393,648,394,2,1
393,719,418,3,0
394,648,395,2,1
394,719,419,3,0
394,724,395,2,1
395,648,396,2,1
395,663,394,1,2
395,682,420,3,0
395,683,370,0,3
395,696,396,2,1
395,705,420,3,0
395,709,370,0,3
395,719,420,3,0
395,720,370,0,3
395,724,396,2,1
396,648,397,2,1
396,657,421,3,0
396,663,395,1,2
396,682,421,3,0
396,683,371,0,3
396,696,397,2,1
396,705,421,3,0
396,709,371,0,3
396,719,421,3,0
396,720,371,0,3
396,724,397,2,1
397,625,422,3,0
397,629,372,0,3
397,632,422,3,0
397,633,372,0,3
397,634,372,0,3
397,638,422,3,0
397,640,372,0,3
397,641,422,3,0
397,643,372,0,3
397,644,372,0,3
397,646,372,0,3
397,647,372,0,3
397,648,372,0,3
397,651,372,0,3
397,652,372,0,3
397,654,422,3,0
397,655,396,1,2
397,656,372,0,3
397,657,422,3,0
397,659,422,3,0
397,660,422,3,0
397,663,396,1,2
397,665,422,3,0
397,667,372,0,3
397,668,372,0,3
397,670,372,0,3
397,671,372,0,3
397,673,372,0,3
397,674,372,0,3
397,676,372,0,3
397,677,372,0,3
397,681,372,0,3
397,682,422,3,0
397,683,372,0,3
397,684,422,3,0
397,687,372,0,3
397,688,372,0,3
397,689,372,0,3
397,690,372,0,3
397,694,372,0,3
397,697,372,0,3
397,703,372,0,3
397,704,372,0,3
397,705,422,3,0
397,707,422,3,0
397,709,372,0,3
397,713,372,0,3
397,718,372,0,3
397,719,422,3,0
397,720,372,0,3
398,626,397,1,2
398,627,397,1,2
398,628,397,1,2
398,630,397,1,2
398,635,397,1,2
398,636,397,1,2
398,639,397,1,2
398,642,397,1,2
398,645,397,1,2
398,646,373,0,3
398,648,373,0,3
398,649,397,1,2
398,650,397,1,2
398,653,397,1,2
398,655,399,2,1
398,657,397,1,2
398,658,397,1,2
398,661,397,1,2
398,662,397,1,2
398,663,397,1,2
398,666,397,1,2
398,669,397,1,2
398,678,397,1,2
398,679,397,1,2
398,680,397,1,2
398,682,397,1,2
398,683,397,1,2
398,685,397,1,2
398,686,397,1,2
398,691,397,1,2
398,693,397,1,2
398,695,397,1,2
398,698,397,1,2
398,699,397,1,2
398,700,397,1,2
398,702,397,1,2
398,705,397,1,2
398,708,397,1,2
398,709,397,1,2
398,710,397,1,2
398,714,397,1,2
398,715,397,1,2
398,717,397,1,2
398,719,397,1,2
398,720,397,1,2
398,722,397,1,2
398,723,397,1,2
399,648,374,0,3
399,657,398,1,2
399,663,398,1,2
399,682,398,1,2
399,683,398,1,2
399,696,424,3,0
399,705,398,1,2
399,709,398,1,2
399,719,398,1,2
399,720,398,1,2
399,724,374,0,3
400,648,375,0,2
400,663,424,3,2
400,682,424,3,2
400,683,424,3,2
400,696,425,2,0
400,705,424,3,2
400,709,424,3,2
400,719,424,3,2
400,720,424,3,2
400,724,375,0,2
401,648,376,0,3
401,719,400,1,1
401,724,376,0,3
402,648,377,0,3
402,719,401,1,2
403,648,378,0,3
405,648,380,0,3
405,719,406,2,1
406,648,381,0,3
406,719,407,2,1
406,724,381,0,3
407,648,382,0,3
407,663,408,2,1
407,682,408,2,1
407,683,408,2,1
407,696,432,3,0
407,705,408,2,1
407,709,408,2,1
407,719,408,2,1
407,720,408,2,1
407,724,382,0,3
408,648,383,0,3
408,657,409,2,1
408,663,409,2,1
408,682,409,2,1
408,683,409,2,1
408,696,433,3,0
408,705,409,2,1
408,709,409,2,1
408,719,409,2,1
408,720,409,2,1
408,724,383,0,3
409,646,434,3,0
409,648,384,0,3
409,655,410,2,1
409,657,410,2,1
409,663,410,2,1
409,682,410,2,1
409,683,410,2,1
409,696,434,3,0
409,705,410,2,1
409,709,410,2,1
409,719,410,2,1
409,720,410,2,1
409,724,384,0,3
410,648,385,0,3
410,655,435,3,0
410,663,385,0,3
410,682,435,3,0
410,696,435,3,0
410,705,435,3,0
410,719,435,3,0
410,720,435,3,0
411,646,410,1,2
411,648,410,1,2
411,657,436,3,0
411,663,386,0,3
411,682,436,3,0
411,683,386,0,3
411,696,410,1,2
411,705,436,3,0
411,709,386,0,3
411,719,436,3,0
411,720,436,3,0
411,724,410,1,2
412,648,411,1,2
412,657,437,3,0
412,663,387,0,3
412,682,437,3,0
412,683,387,0,3
412,696,411,1,2
412,705,437,3,0
412,709,387,0,3
412,719,437,3,0
412,720,437,3,0
412,724,411,1,2
413,648,412,1,2
413,663,388,0,3
413,682,438,3,0
413,683,388,0,3
413,696,412,1,2
413,705,438,3,0
413,709,388,0,3
413,719,438,3,0
413,720,438,3,0
413,724,412,1,2
414,648,413,1,2
414,719,439,3,0
414,724,413,1,2
415,648,414,1,2
415,719,440,3,0
417,648,418,2,1
418,648,419,2,1
418,719,443,3,0
419,648,420,2,1
419,719,444,3,0
419,724,420,2,1
420,648,421,2,1
420,663,395,0,3
420,682,445,3,0
420,683,395,0,3
420,696,421,2,1
420,705,445,3,0
420,709,395,0,3
420,719,445,3,0
420,720,445,3,0
420,724,421,2,1
421,648,422,2,1
421,657,446,3,0
421,663,396,0,3
421,682,446,3,0
421,683,396,0,3
421,696,422,2,1
421,705,446,3,0
421,709,396,0,3
421,719,446,3,0
421,720,446,3,0
421,724,422,2,1
422,625,447,3,0
422,629,397,0,3
422,632,447,3,0
422,633,397,0,3
422,634,397,0,3
422,637,397,0,3
422,638,447,3,0
422,640,397,0,3
422,641,447,3,0
422,643,397,0,3
422,644,397,0,3
422,647,397,0,3
422,648,397,0,3
422,651,397,0,3
422,652,397,0,3
422,654,447,3,0
422,655,421,1,2
422,656,397,0,3
422,657,447,3,0
422,660,447,3,0
422,663,397,0,3
422,665,447,3,0
422,667,397,0,3
422,668,397,0,3
422,670,397,0,3
422,671,397,0,3
422,673,397,0,3
422,674,397,0,3
422,675,397,0,3
422,676,397,0,3
422,677,397,0,3
422,681,397,0,3
422,682,447,3,0
422,683,397,0,3
422,684,447,3,0
422,687,397,0,3
422,688,397,0,3
422,689,397,0,3
422,690,447,3,0
422,694,397,0,3
422,696,447,3,0
422,697,397,0,3
422,703,397,0,3
422,704,397,0,3
422,705,447,3,0
422,707,447,3,0
422,709,397,0,3
422,713,397,0,3
422,718,397,0,3
422,719,447,3,0
422,720,447,3,0
423,626,422,1,2
423,627,422,1,2
423,628,422,1,2
423,630,422,1,2
423,631,422,1,2
423,635,422,1,2
423,636,422,1,2
423,642,422,1,2
423,645,422,1,2
423,648,398,0,3
423,649,422,1,2
423,653,422,1,2
423,655,424,2,1
423,657,422,1,2
423,658,422,1,2
423,661,422,1,2
423,662,422,1,2
423,663,422,1,2
423,666,422,1,2
423,669,422,1,2
423,678,422,1,2
423,679,422,1,2
423,680,422,1,2
423,682,422,1,2
423,683,422,1,2
423,685,422,1,2
423,686,422,1,2
423,691,422,1,2
423,693,422,1,2
423,695,422,1,2
423,696,448,3,0
423,698,422,1,2
423,699,422,1,2
423,702,422,1,2
423,705,422,1,2
423,708,422,1,2
423,709,422,1,2
423,711,422,1,2
423,714,422,1,2
423,715,422,1,2
423,717,422,1,2
423,719,422,1,2
423,720,422,1,2
423,722,422,1,2
423,723,422,1,2
424,648,399,0,3
424,657,423,1,2
424,663,423,1,2
424,682,423,1,2
424,683,423,1,2
424,696,449,3,0
424,705,423,1,2
424,709,423,1,2
424,719,423,1,2
424,720,423,1,2
424,724,399,0,3
425,648,450,2,0
425,663,449,3,2
425,682,449,3,2
425,683,449,3,2
425,696,450,2,0
425,705,449,3,2
425,709,449,3,2
425,719,449,3,2
425,720,449,3,2
425,724,400,0,2
426,648,451,3,0
426,719,425,1,1
426,724,401,0,3
427,648,452,3,0
427,719,426,1,2
428,648,453,3,0
430,648,455,3,0
430,719,431,2,1
431,648,456,3,0
431,719,432,2,1
431,724,406,0,3
432,648,457,3,0
432,663,433,2,1
432,682,433,2,1
432,683,433,2,1
432,696,457,3,0
432,705,433,2,1
432,709,433,2,1
432,719,433,2,1
432,720,433,2,1
432,724,407,0,3
433,648,458,3,0
433,657,434,2,1
433,663,434,2,1
433,682,434,2,1
433,683,434,2,1
433,696,458,3,0
433,705,434,2,1
433,709,434,2,1
433,719,434,2,1
433,720,434,2,1
433,724,408,0,3
434,646,459,3,0
434,648,459,3,0
434,655,435,2,1
434,657,435,2,1
434,663,435,2,1
434,682,435,2,1
434,683,435,2,1
434,696,459,3,0
434,705,435,2,1
434,709,435,2,1
434,719,435,2,1
434,720,435,2,1
434,724,409,0,3
435,648,460,3,0
435,663,410,0,3
435,682,460,3,0
435,696,460,3,0
435,705,460,3,0
435,719,460,3,0
435,720,460,3,0
436,646,435,1,2
436,648,435,1,2
436,657,461,3,0
436,663,411,0,3
436,682,461,3,0
436,683,411,0,3
436,696,435,1,2
436,705,461,3,0
436,709,411,0,3
436,719,461,3,0
436,720,461,3,0
436,724,435,1,2
437,648,436,1,2
437,657,462,3,0
437,663,412,0,3
437,682,462,3,0
437,683,412,0,3
437,696,436,1,2
437,705,462,3,0
437,709,412,0,3
437,719,462,3,0
437,720,462,3,0
437,724,436,1,2
438,648,437,1,2
438,663,413,0,3
438,682,463,3,0
438,683,413,0,3
438,696,437,1,2
438,705,463,3,0
438,709,413,0,3
438,719,463,3,0
438,720,463,3,0
438,724,437,1,2
439,648,438,1,2
439,719,464,3,0
439,724,438,1,2
440,648,439,1,2
440,719,465,3,0
442,648,443,2,1
443,648,444,2,1
443,719,468,3,0
444,648,445,2,1
444,719,469,3,0
444,724,445,2,1
445,648,446,2,1
445,663,420,0,3
445,682,470,3,0
445,683,420,0,3
445,696,446,2,1
445,705,470,3,0
445,709,420,0,3
445,719,470,3,0
445,720,470,3,0
445,724,446,2,1
446,648,447,2,1
446,657,471,3,0
446,663,421,0,3
446,682,471,3,0
446,683,421,0,3
446,696,447,2,1
446,705,471,3,0
446,709,421,0,3
446,719,471,3,0
446,720,471,3,0
446,724,447,2,1
447,625,472,3,0
447,629,422,0,3
447,632,472,3,0
447,633,422,0,3
447,634,422,0,3
447,637,422,0,3
447,638,472,3,0
447,640,422,0,3
447,641,472,3,0
447,643,422,0,3
447,644,422,0,3
447,647,422,0,3
447,648,472,3,0
447,651,422,0,3
447,652,422,0,3
447,654,472,3,0
447,655,446,1,2
447,656,472,3,0
447,657,472,3,0
447,659,422,0,3
447,660,472,3,0
447,663,422,0,3
447,665,472,3,0
447,667,422,0,3
447,668,422,0,3
447,670,422,0,3
447,671,422,0,3
447,673,422,0,3
447,674,422,0,3
447,675,422,0,3
447,676,422,0,3
447,677,422,0,3
447,681,422,0,3
447,682,472,3,0
447,683,422,0,3
447,684,472,3,0
447,687,422,0,3
447,688,422,0,3
447,689,422,0,3
447,690,472,3,0
447,694,422,0,3
447,696,472,3,0
447,697,422,0,3
447,703,422,0,3
447,704,422,0,3
447,705,472,3,0
447,707,472,3,0
447,709,422,0,3
447,713,422,0,3
447,718,422,0,3
447,719,472,3,0
447,720,472,3,0
448,626,447,1,2
448,627,447,1,2
448,628,447,1,2
448,630,447,1,2
448,631,447,1,2
448,635,447,1,2
448,636,447,1,2
448,639,447,1,2
448,645,447,1,2
448,648,473,3,0
448,649,447,1,2
448,650,447,1,2
448,653,447,1,2
448,655,449,2,1
448,657,447,1,2
448,658,447,1,2
448,661,447,1,2
448,663,447,1,2
448,666,447,1,2
448,669,447,1,2
448,678,447,1,2
448,679,447,1,2
448,680,447,1,2
448,682,447,1,2
448,683,447,1,2
448,685,447,1,2
448,686,447,1,2
448,691,447,1,2
448,693,447,1,2
448,695,447,1,2
448,696,473,3,0
448,698,447,1,2
448,699,447,1,2
448,700,447,1,2
448,702,447,1,2
448,705,447,1,2
448,708,447,1,2
448,709,447,1,2
448,710,447,1,2
448,711,447,1,2
448,714,447,1,2
448,715,447,1,2
448,717,447,1,2
448,719,447,1,2
448,720,447,1,2
448,722,447,1,2
448,723,447,1,2
449,648,474,3,0
449,657,448,1,2
449,663,448,1,2
449,682,448,1,2
449,683,448,1,2
449,696,474,3,0
449,705,448,1,2
449,709,448,1,2
449,719,448,1,2
449,720,448,1,2
449,724,424,0,3
450,648,475,2,0
450,663,474,3,2
450,682,474,3,2
450,683,474,3,2
450,696,475,2,0
450,705,474,3,2
450,709,474,3,2
450,719,474,3,2
450,720,474,3,2
450,724,425,0,2
451,648,476,3,0
451,719,450,1,1
451,724,426,0,3
452,648,477,3,0
452,719,451,1,2
453,648,478,3,0
455,648,480,3,0
455,719,456,2,1
456,648,481,3,0
456,719,457,2,1
456,724,431,0,3
457,648,482,3,0
457,663,458,2,1
457,682,458,2,1
457,683,458,2,1
457,696,482,3,0
457,705,458,2,1
457,709,458,2,1
457,719,458,2,1
457,720,458,2,1
457,724,432,0,3
458,648,483,3,0
458,657,459,2,1
458,663,459,2,1
458,682,459,2,1
458,683,459,2,1
458,696,483,3,0
458,705,459,2,1
458,709,459,2,1
458,719,459,2,1
458,720,459,2,1
458,724,433,0,3
459,646,484,3,0
459,648,484,3,0
459,655,460,2,1
459,657,460,2,1
459,663,460,2,1
459,682,460,2,1
459,683,460,2,1
459,696,484,3,0
459,705,460,2,1
459,709,460,2,1
459,719,460,2,1
459,720,460,2,1
459,724,434,0,3
460,648,485,3,0
460,657,461,2,1
460,663,435,0,3
460,682,485,3,0
460,696,485,3,0
460,705,485,3,0
460,709,485,3,0
460,719,485,3,0
460,720,485,3,0
460,724,435,0,3
461,646,460,1,2
461,648,460,1,2
461,657,462,2,1
461,663,436,0,3
461,682,486,3,0
461,683,436,0,3
461,696,460,1,2
461,705,486,3,0
461,709,486,3,0
461,719,486,3,0
461,720,486,3,0
461,724,460,1,2
462,648,461,1,2
462,657,657,36,0
462,663,437,0,3
462,682,487,3,0
462,683,437,0,3
462,696,461,1,2
462,705,487,3,0
462,709,487,3,0
462,719,487,3,0
462,720,487,3,0
462,724,461,1,2
463,648,462,1,2
463,663,438,0,3
463,682,488,3,0
463,683,438,0,3
463,696,462,1,2
463,705,488,3,0
463,709,488,3,0
463,719,488,3,0
463,720,488,3,0
463,724,462,1,2
464,648,463,1,2
464,719,489,3,0
464,724,463,1,2
465,648,464,1,2
465,719,490,3,0
467,648,468,2,1
468,648,469,2,1
468,719,493,3,0
469,648,470,2,1
469,719,494,3,0
469,724,470,2,1
470,648,471,2,1
470,663,445,0,3
470,682,495,3,0
470,683,445,0,3
470,696,471,2,1
470,705,495,3,0
470,709,495,3,0
470,719,495,3,0
470,720,495,3,0
470,724,471,2,1
471,648,472,2,1
471,657,470,1,2
471,663,446,0,3
471,682,496,3,0
471,683,446,0,3
471,696,472,2,1
471,705,496,3,0
471,709,496,3,0
471,719,496,3,0
471,720,496,3,0
471,724,472,2,1
472,625,497,3,0
472,629,497,3,0
472,632,497,3,0
472,633,447,0,3
472,634,447,0,3
472,637,447,0,3
472,638,497,3,0
472,640,447,0,3
472,641,497,3,0
472,643,447,0,3
472,644,447,0,3
472,647,447,0,3
472,648,497,3,0
472,651,497,3,0
472,652,447,0,3
472,655,471,1,2
472,656,497,3,0
472,657,471,1,2
472,659,447,0,3
472,660,497,3,0
472,663,447,0,3
472,665,497,3,0
472,667,447,0,3
472,668,447,0,3
472,670,447,0,3
472,671,447,0,3
472,673,447,0,3
472,674,447,0,3
472,675,447,0,3
472,676,447,0,3
472,677,447,0,3
472,681,447,0,3
472,682,497,3,0
472,683,447,0,3
472,684,497,3,0
472,687,447,0,3
472,688,497,3,0
472,689,447,0,3
472,690,497,3,0
472,694,447,0,3
472,696,497,3,0
472,697,447,0,3
472,703,497,3,0
472,704,447,0,3
472,705,497,3,0
472,707,497,3,0
472,709,497,3,0
472,713,447,0,3
472,718,447,0,3
472,719,497,3,0
472,720,497,3,0
472,724,447,0,3
473,626,472,1,2
473,628,472,1,2
473,630,472,1,2
473,631,472,1,2
473,635,472,1,2
473,636,472,1,2
473,639,472,1,2
473,642,472,1,2
473,645,472,1,2
473,648,498,3,0
473,649,472,1,2
473,650,472,1,2
473,653,472,1,2
473,655,474,2,1
473,657,472,1,2
473,658,472,1,2
473,661,472,1,2
473,662,472,1,2
473,663,472,1,2
473,666,472,1,2
473,669,472,1,2
473,678,472,1,2
473,679,472,1,2
473,680,472,1,2
473,682,472,1,2
473,683,472,1,2
473,685,472,1,2
473,686,472,1,2
473,691,472,1,2
473,693,472,1,2
473,695,472,1,2
473,696,498,3,0
473,698,472,1,2
473,699,472,1,2
473,700,472,1,2
473,702,472,1,2
473,705,472,1,2
473,708,472,1,2
473,709,472,1,2
473,710,472,1,2
473,711,472,1,2
473,714,472,1,2
473,715,472,1,2
473,717,472,1,2
473,719,472,1,2
473,720,472,1,2
473,722,472,1,2
473,723,472,1,2
473,724,448,0,3
474,648,499,3,0
474,657,473,1,2
474,663,473,1,2
474,682,473,1,2
474,683,473,1,2
474,696,499,3,0
474,705,473,1,2
474,709,473,1,2
474,719,473,1,2
474,720,473,1,2
474,724,449,0,3
475,648,500,2,0
475,663,499,3,2
475,682,499,3,2
475,683,499,3,2
475,696,500,2,0
475,705,499,3,2
475,709,499,3,2
475,719,499,3,2
475,720,499,3,2
475,724,450,0,2
476,648,501,3,0
476,719,475,1,1
476,724,451,0,3
477,648,502,3,0
477,719,476,1,2
478,648,503,3,0
480,648,505,3,0
480,719,481,2,1
481,648,506,3,0
481,719,482,2,1
481,724,456,0,3
482,648,507,3,0
482,663,483,2,1
482,682,483,2,1
482,683,483,2,1
482,696,507,3,0
482,705,483,2,1
482,709,483,2,1
482,719,483,2,1
482,720,483,2,1
482,724,457,0,3
483,648,508,3,0
483,657,484,2,1
483,663,484,2,1
483,682,484,2,1
483,683,484,2,1
483,696,508,3,0
483,705,484,2,1
483,709,484,2,1
483,719,484,2,1
483,720,484,2,1
483,724,458,0,3
484,646,509,3,0
484,648,509,3,0
484,655,485,2,1
484,657,485,2,1
484,663,485,2,1
484,682,485,2,1
484,683,485,2,1
484,696,509,3,0
484,705,485,2,1
484,709,485,2,1
484,719,485,2,1
484,720,485,2,1
484,724,459,0,3
485,648,510,3,0
485,657,460,0,3
485,663,460,0,3
485,682,510,3,0
485,683,510,3,0
485,696,510,3,0
485,705,510,3,0
485,709,510,3,0
485,719,510,3,0
485,720,510,3,0
485,724,460,0,3
486,646,485,1,2
486,648,485,1,2
486,657,461,0,3
486,663,461,0,3
486,682,511,3,0
486,683,511,3,0
486,696,485,1,2
486,705,511,3,0
486,709,511,3,0
486,719,511,3,0
486,720,511,3,0
486,724,485,1,2
487,648,486,1,2
487,657,462,0,3
487,663,462,0,3
487,682,512,3,0
487,683,512,3,0
487,696,486,1,2
487,705,512,3,0
487,709,512,3,0
487,719,512,3,0
487,720,512,3,0
487,724,486,1,2
488,648,487,1,2
488,663,463,0,3
488,682,513,3,0
488,683,513,3,0
488,696,487,1,2
488,705,513,3,0
488,709,513,3,0
488,719,513,3,0
488,720,513,3,0
488,724,487,1,2
489,648,488,1,2
489,719,514,3,0
489,724,488,1,2
490,648,489,1,2
490,719,515,3,0
492,648,493,2,1
493,648,494,2,1
493,719,518,3,0
494,648,495,2,1
494,719,519,3,0
494,724,495,2,1
495,648,496,2,1
495,663,470,0,3
495,682,520,3,0
495,683,520,3,0
495,696,496,2,1
495,705,520,3,0
495,709,520,3,0
495,719,520,3,0
495,720,520,3,0
495,724,496,2,1
496,648,497,2,1
496,657,471,0,3
496,663,471,0,3
496,682,521,3,0
496,683,521,3,0
496,696,497,2,1
496,705,521,3,0
496,709,521,3,0
496,719,521,3,0
496,720,521,3,0
496,724,497,2,1
497,625,522,3,0
497,629,522,3,0
497,632,522,3,0
497,633,472,0,3
497,634,472,0,3
497,637,472,0,3
497,638,522,3,0
497,640,472,0,3
497,641,522,3,0
497,643,472,0,3
497,644,472,0,3
497,647,472,0,3
497,648,522,3,0
497,651,522,3,0
497,652,472,0,3
497,654,472,0,3
497,655,496,1,2
497,656,522,3,0
497,657,472,0,3
497,659,472,0,3
497,660,522,3,0
497,663,472,0,3
497,665,522,3,0
497,667,472,0,3
497,668,522,3,0
497,670,472,0,3
497,671,472,0,3
497,673,472,0,3
497,674,472,0,3
497,675,472,0,3
497,676,472,0,3
497,677,472,0,3
497,681,472,0,3
497,682,522,3,0
497,683,522,3,0
497,684,522,3,0
497,687,522,3,0
497,688,522,3,0
497,689,522,3,0
497,690,522,3,0
497,694,472,0,3
497,696,522,3,0
497,697,472,0,3
497,703,522,3,0
497,704,472,0,3
497,705,522,3,0
497,707,522,3,0
497,709,522,3,0
497,713,472,0,3
497,718,472,0,3
497,719,522,3,0
497,720,522,3,0
497,724,472,0,3
498,626,497,1,2
498,627,497,1,2
498,628,497,1,2
498,630,497,1,2
498,631,497,1,2
498,635,497,1,2
498,636,497,1,2
498,639,497,1,2
498,642,497,1,2
498,645,497,1,2
498,648,523,3,0
498,649,497,1,2
498,650,497,1,2
498,653,497,1,2
498,655,499,2,1
498,657,497,1,2
498,658,497,1,2
498,661,497,1,2
498,662,497,1,2
498,663,497,1,2
498,666,497,1,2
498,669,497,1,2
498,678,497,1,2
498,680,497,1,2
498,682,497,1,2
498,683,497,1,2
498,685,497,1,2
498,686,497,1,2
498,691,497,1,2
498,693,497,1,2
498,695,497,1,2
498,696,523,3,0
498,698,497,1,2
498,699,497,1,2
498,700,497,1,2
498,702,497,1,2
498,705,497,1,2
498,708,497,1,2
498,709,497,1,2
498,710,497,1,2
498,711,497,1,2
498,714,497,1,2
498,715,497,1,2
498,717,497,1,2
498,719,497,1,2
498,720,497,1,2
498,722,497,1,2
498,723,497,1,2
498,724,473,0,3
499,648,524,3,0
499,657,498,1,2
499,663,498,1,2
499,682,498,1,2
499,683,498,1,2
499,696,524,3,0
499,705,498,1,2
499,709,498,1,2
499,719,498,1,2
499,720,498,1,2
499,724,474,0,3
500,648,525,2,0
500,663,524,3,2
500,682,524,3,2
500,683,524,3,2
500,696,525,2,0
500,705,524,3,2
500,709,524,3,2
500,719,524,3,2
500,720,524,3,2
500,724,475,0,2
501,648,526,3,0
501,719,500,1,1
501,724,476,0,3
502,648,527,3,0
502,719,501,1,2
503,648,528,3,0
505,648,530,3,0
505,719,506,2,1
506,648,531,3,0
506,719,507,2,1
506,724,481,0,3
507,648,532,3,0
507,663,508,2,1
507,682,508,2,1
507,683,508,2,1
507,696,532,3,0
507,705,508,2,1
507,709,508,2,1
507,719,508,2,1
507,720,508,2,1
507,724,482,0,3
508,648,533,3,0
508,657,509,2,1
508,663,509,2,1
508,682,509,2,1
508,683,509,2,1
508,696,533,3,0
508,705,509,2,1
508,709,509,2,1
508,719,509,2,1
508,720,509,2,1
508,724,483,0,3
509,646,534,3,0
509,648,534,3,0
509,655,510,2,1
509,657,510,2,1
509,663,510,2,1
509,682,510,2,1
509,683,510,2,1
509,696,534,3,0
509,705,510,2,1
509,709,510,2,1
509,719,510,2,1
509,720,510,2,1
509,724,484,0,3
510,648,535,3,0
510,657,485,0,3
510,663,485,0,3
510,682,535,3,0
510,683,535,3,0
510,696,535,3,0
510,705,535,3,0
510,709,535,3,0
510,719,535,3,0
510,720,535,3,0
510,724,485,0,3
511,646,510,1,2
511,648,510,1,2
511,657,486,0,3
511,663,486,0,3
511,682,536,3,0
511,683,536,3,0
511,696,510,1,2
511,705,536,3,0
511,709,536,3,0
511,719,536,3,0
511,720,536,3,0
511,724,510,1,2
512,648,511,1,2
512,657,487,0,3
512,663,487,0,3
512,682,537,3,0
512,683,537,3,0
512,696,511,1,2
512,705,537,3,0
512,709,537,3,0
512,719,537,3,0
512,720,537,3,0
512,724,511,1,2
513,648,512,1,2
513,663,488,0,3
513,682,538,3,0
513,683,538,3,0
513,696,512,1,2
513,705,538,3,0
513,709,538,3,0
513,719,538,3,0
513,720,538,3,0
513,724,512,1,2
514,648,513,1,2
514,719,539,3,0
514,724,513,1,2
515,648,514,1,2
515,719,540,3,0
517,648,518,2,1
518,648,519,2,1
518,719,543,3,0
519,648,520,2,1
519,719,544,3,0
519,724,520,2,1
520,648,521,2,1
520,663,495,0,3
520,682,545,3,0
520,683,545,3,0
520,696,521,2,1
520,705,545,3,0
520,709,545,3,0
520,719,545,3,0
520,720,545,3,0
520,724,521,2,1
521,648,522,2,1
521,657,496,0,3
521,663,496,0,3
521,682,546,3,0
521,683,546,3,0
521,696,522,2,1
521,705,546,3,0
521,709,546,3,0
521,719,546,3,0
521,720,546,3,0
521,724,522,2,1
522,625,547,3,0
522,629,547,3,0
522,632,547,3,0
522,633,497,0,3
522,634,497,0,3
522,637,497,0,3
522,638,547,3,0
522,640,497,0,3
522,641,547,3,0
522,643,497,0,3
522,644,497,0,3
522,647,497,0,3
522,648,547,3,0
522,651,547,3,0
522,652,497,0,3
522,654,497,0,3
522,655,521,1,2
522,656,547,3,0
522,657,497,0,3
522,659,497,0,3
522,660,547,3,0
522,663,497,0,3
522,665,547,3,0
522,667,497,0,3
522,668,547,3,0
522,670,497,0,3
522,671,497,0,3
522,673,497,0,3
522,674,547,3,0
522,675,497,0,3
522,676,497,0,3
522,677,497,0,3
522,681,497,0,3
522,682,547,3,0
522,683,547,3,0
522,684,547,3,0
522,687,547,3,0
522,688,547,3,0
522,689,547,3,0
522,690,547,3,0
522,694,547,3,0
522,696,547,3,0
522,697,497,0,3
522,703,547,3,0
522,704,497,0,3
522,705,547,3,0
522,707,547,3,0
522,709,547,3,0
522,713,497,0,3
522,718,497,0,3
522,719,547,3,0
522,720,547,3,0
522,724,497,0,3
523,626,522,1,2
523,627,522,1,2
523,628,522,1,2
523,630,522,1,2
523,631,522,1,2
523,635,522,1,2
523,636,522,1,2
523,639,522,1,2
523,642,522,1,2
523,645,522,1,2
523,648,548,3,0
523,649,522,1,2
523,650,522,1,2
523,655,524,2,1
523,657,522,1,2
523,658,522,1,2
523,661,522,1,2
523,662,522,1,2
523,663,522,1,2
523,666,522,1,2
523,669,522,1,2
523,678,522,1,2
523,679,522,1,2
523,680,522,1,2
523,682,522,1,2
523,683,522,1,2
523,685,522,1,2
523,686,522,1,2
523,691,522,1,2
523,693,522,1,2
523,695,522,1,2
523,696,548,3,0
523,698,522,1,2
523,699,522,1,2
523,700,522,1,2
523,702,522,1,2
523,705,522,1,2
523,708,522,1,2
523,709,522,1,2
523,710,522,1,2
523,711,522,1,2
523,714,522,1,2
523,715,522,1,2
523,717,522,1,2
523,719,522,1,2
523,720,522,1,2
523,722,522,1,2
523,723,522,1,2
523,724,498,0,3
524,648,549,3,0
524,657,523,1,2
524,663,523,1,2
524,682,523,1,2
524,683,523,1,2
524,696,549,3,0
524,705,523,1,2
524,709,523,1,2
524,719,523,1,2
524,720,523,1,2
524,724,499,0,3
525,648,550,2,0
525,663,549,3,2
525,682,549,3,2
525,683,549,3,2
525,696,550,2,0
525,705,549,3,2
525,709,549,3,2
525,719,549,3,2
525,720,549,3,2
525,724,500,0,2
526,648,551,3,0
526,719,525,1,1
526,724,501,0,3
527,648,552,3,0
527,719,526,1,2
528,648,553,3,0
530,648,555,3,0
530,719,531,2,1
531,648,556,3,0
531,719,532,2,1
531,724,506,0,3
532,648,557,3,0
532,663,533,2,1
532,682,533,2,1
532,683,533,2,1
532,696,557,3,0
532,705,533,2,1
532,709,533,2,1
532,719,533,2,1
532,720,533,2,1
532,724,507,0,3
533,648,558,3,0
533,657,534,2,1
533,663,534,2,1
533,682,534,2,1
533,683,534,2,1
533,696,558,3,0
533,705,534,2,1
533,709,534,2,1
533,719,534,2,1
533,720,534,2,1
533,724,508,0,3
534,646,559,3,0
534,648,559,3,0
534,655,535,2,1
534,657,535,2,1
534,663,535,2,1
534,682,535,2,1
534,683,535,2,1
534,696,559,3,0
534,705,535,2,1
534,709,535,2,1
534,719,535,2,1
534,720,535,2,1
534,724,509,0,3
535,648,560,3,0
535,657,510,0,3
535,663,510,0,3
535,682,560,3,0
535,683,560,3,0
535,696,560,3,0
535,709,560,3,0
535,719,560,3,0
535,720,560,3,0
535,724,510,0,3
536,646,535,1,2
536,648,535,1,2
536,657,511,0,3
536,663,511,0,3
536,682,561,3,0
536,683,561,3,0
536,696,535,1,2
536,705,561,3,0
536,709,561,3,0
536,719,561,3,0
536,720,561,3,0
536,724,535,1,2
537,648,536,1,2
537,657,512,0,3
537,663,512,0,3
537,682,562,3,0
537,683,562,3,0
537,696,536,1,2
537,705,562,3,0
537,709,562,3,0
537,719,562,3,0
537,720,562,3,0
537,724,536,1,2
538,648,537,1,2
538,663,513,0,3
538,682,563,3,0
538,683,563,3,0
538,696,537,1,2
538,705,563,3,0
538,709,563,3,0
538,719,563,3,0
538,720,563,3,0
538,724,537,1,2
539,648,538,1,2
539,719,564,3,0
539,724,538,1,2
540,648,539,1,2
540,719,565,3,0
542,648,543,2,1
543,648,544,2,1
543,719,568,3,0
544,648,545,2,1
544,719,569,3,0
544,724,545,2,1
545,648,546,2,1
545,663,520,0,3
545,682,570,3,0
545,683,570,3,0
545,696,546,2,1
545,705,570,3,0
545,709,570,3,0
545,719,570,3,0
545,720,570,3,0
545,724,546,2,1
546,648,547,2,1
546,657,521,0,3
546,663,521,0,3
546,682,571,3,0
546,683,571,3,0
546,696,547,2,1
546,705,571,3,0
546,709,571,3,0
546,719,571,3,0
546,720,571,3,0
546,724,547,2,1
547,625,572,3,0
547,629,572,3,0
547,633,522,0,3
547,634,522,0,3
547,637,522,0,3
547,640,572,3,0
547,641,572,3,0
547,643,572,3,0
547,644,522,0,3
547,647,522,0,3
547,648,572,3,0
547,651,572,3,0
547,652,522,0,3
547,654,522,0,3
547,655,546,1,2
547,656,572,3,0
547,657,522,0,3
547,659,522,0,3
547,660,572,3,0
547,663,522,0,3
547,665,572,3,0
547,667,522,0,3
547,668,572,3,0
547,670,522,0,3
547,671,522,0,3
547,673,522,0,3
547,674,572,3,0
547,675,522,0,3
547,676,522,0,3
547,677,522,0,3
547,681,522,0,3
547,682,572,3,0
547,683,572,3,0
547,684,572,3,0
547,687,572,3,0
547,688,572,3,0
547,689,572,3,0
547,690,572,3,0
547,694,572,3,0
547,696,572,3,0
547,697,522,0,3
547,703,572,3,0
547,704,522,0,3
547,705,572,3,0
547,707,572,3,0
547,709,572,3,0
547,713,522,0,3
547,718,522,0,3
547,719,572,3,0
547,720,572,3,0
547,724,522,0,3
548,626,547,1,2
548,627,547,1,2
548,628,547,1,2
548,631,547,1,2
548,635,547,1,2
548,636,547,1,2
548,639,547,1,2
548,642,547,1,2
548,645,547,1,2
548,648,573,3,0
548,649,547,1,2
548,650,547,1,2
548,653,547,1,2
548,655,549,2,1
548,657,547,1,2
548,658,547,1,2
548,661,547,1,2
548,662,547,1,2
548,663,547,1,2
548,666,547,1,2
548,669,547,1,2
548,678,547,1,2
548,679,547,1,2
548,680,547,1,2
548,682,547,1,2
548,683,547,1,2
548,685,547,1,2
548,686,547,1,2
548,693,547,1,2
548,695,547,1,2
548,696,573,3,0
548,698,547,1,2
548,699,547,1,2
548,700,547,1,2
548,702,547,1,2
548,705,547,1,2
548,708,547,1,2
548,709,547,1,2
548,710,547,1,2
548,711,547,1,2
548,714,547,1,2
548,715,547,1,2
548,717,547,1,2
548,719,547,1,2
548,720,547,1,2
548,722,547,1,2
548,723,547,1,2
548,724,523,0,3
549,648,574,3,0
549,657,548,1,2
549,663,548,1,2
549,682,548,1,2
549,683,548,1,2
549,696,574,3,0
549,705,548,1,2
549,709,548,1,2
549,719,548,1,2
549,720,548,1,2
549,724,524,0,3
550,648,575,2,0
550,663,574,3,2
550,682,574,3,2
550,683,574,3,2
550,696,575,2,0
550,705,574,3,2
550,709,574,3,2
550,719,574,3,2
550,720,574,3,2
550,724,525,0,2
551,648,576,3,0
551,719,550,1,1
551,724,526,0,3
552,648,577,3,0
552,719,551,1,2
553,648,578,3,0
555,648,580,3,0
555,719,556,2,1
556,648,581,3,0
556,719,557,2,1
556,724,531,0,3
557,648,582,3,0
557,663,558,2,1
557,682,558,2,1
557,683,558,2,1
557,696,582,3,0
557,705,558,2,1
557,709,558,2,1
557,719,558,2,1
557,720,558,2,1
557,724,532,0,3
558,648,583,3,0
558,657,559,2,1
558,663,559,2,1
558,682,559,2,1
558,683,559,2,1
558,696,583,3,0
558,705,559,2,1
558,709,559,2,1
558,719,559,2,1
558,720,559,2,1
558,724,533,0,3
559,646,584,3,0
559,648,584,3,0
559,655,560,2,1
559,657,560,2,1
559,663,560,2,1
559,682,560,2,1
559,683,560,2,1
559,696,584,3,0
559,705,560,2,1
559,709,560,2,1
559,719,560,2,1
559,720,560,2,1
559,724,534,0,3
560,648,585,3,0
560,657,535,0,3
560,663,535,0,3
560,683,585,3,0
560,696,585,3,0
560,709,585,3,0
560,719,585,3,0
560,720,585,3,0
560,724,535,0,3
561,646,560,1,2
561,648,560,1,2
561,657,536,0,3
561,663,536,0,3
561,682,586,3,0
561,683,586,3,0
561,696,560,1,2
561,705,586,3,0
561,709,586,3,0
561,719,586,3,0
561,720,586,3,0
561,724,560,1,2
562,648,561,1,2
562,657,537,0,3
562,663,537,0,3
562,682,587,3,0
562,683,587,3,0
562,696,561,1,2
562,705,587,3,0
562,709,587,3,0
562,719,587,3,0
562,720,587,3,0
562,724,561,1,2
563,648,562,1,2
563,663,538,0,3
563,682,588,3,0
563,683,588,3,0
563,696,562,1,2
563,705,588,3,0
563,709,588,3,0
563,719,588,3,0
563,720,588,3,0
563,724,562,1,2
564,648,563,1,2
564,719,589,3,0
564,724,563,1,2
565,648,564,1,2
565,719,590,3,0
567,648,568,2,1
568,648,569,2,1
568,719,593,3,0
569,648,570,2,1
569,719,594,3,0
569,724,570,2,1
570,648,571,2,1
570,663,545,0,3
570,682,595,3,0
570,683,595,3,0
570,696,571,2,1
570,705,595,3,0
570,709,595,3,0
570,719,595,3,0
570,720,595,3,0
570,724,571,2,1
571,648,572,2,1
571,657,546,0,3
571,663,546,0,3
571,682,596,3,0
571,683,596,3,0
571,696,572,2,1
571,705,596,3,0
571,709,596,3,0
571,719,596,3,0
571,720,596,3,0
571,724,572,2,1
572,625,597,3,0
572,629,597,3,0
572,632,547,0,3
572,633,547,0,3
572,634,547,0,3
572,637,547,0,3
572,638,547,0,3
572,640,597,3,0
572,641,597,3,0
572,643,597,3,0
572,644,547,0,3
572,647,547,0,3
572,648,597,3,0
572,651,597,3,0
572,652,547,0,3
572,654,547,0,3
572,655,571,1,2
572,656,597,3,0
572,657,547,0,3
572,659,547,0,3
572,660,597,3,0
572,663,547,0,3
572,665,597,3,0
572,667,597,3,0
572,668,597,3,0
572,670,547,0,3
572,671,547,0,3
572,673,547,0,3
572,674,597,3,0
572,675,547,0,3
572,676,547,0,3
572,677,547,0,3
572,681,547,0,3
572,682,597,3,0
572,683,597,3,0
572,684,597,3,0
572,687,597,3,0
572,688,597,3,0
572,689,597,3,0
572,690,597,3,0
572,694,597,3,0
572,696,597,3,0
572,697,547,0,3
572,703,597,3,0
572,704,547,0,3
572,705,597,3,0
572,707,597,3,0
572,709,597,3,0
572,713,547,0,3
572,718,547,0,3
572,719,597,3,0
572,720,597,3,0
572,724,547,0,3
573,626,572,1,2
573,627,572,1,2
573,628,572,1,2
573,630,572,1,2
573,631,572,1,2
573,636,572,1,2
573,639,572,1,2
573,642,572,1,2
573,645,572,1,2
573,648,598,3,0
573,649,572,1,2
573,650,572,1,2
573,653,572,1,2
573,655,574,2,1
573,657,572,1,2
573,658,572,1,2
573,661,572,1,2
573,662,572,1,2
573,663,572,1,2
573,666,572,1,2
573,669,572,1,2
573,678,572,1,2
573,679,572,1,2
573,680,572,1,2
573,682,572,1,2
573,683,572,1,2
573,685,572,1,2
573,686,572,1,2
573,691,572,1,2
573,693,572,1,2
573,695,572,1,2
573,696,598,3,0
573,698,572,1,2
573,699,572,1,2
573,700,572,1,2
573,702,572,1,2
573,705,572,1,2
573,708,572,1,2
573,709,572,1,2
573,710,572,1,2
573,711,572,1,2
573,714,572,1,2
573,715,572,1,2
573,717,572,1,2
573,719,572,1,2
573,720,572,1,2
573,722,572,1,2
573,723,572,1,2
573,724,548,0,3
574,648,599,3,0
574,657,573,1,2
574,663,573,1,2
574,682,573,1,2
574,683,573,1,2
574,696,599,3,0
574,705,573,1,2
574,709,573,1,2
574,719,573,1,2
574,720,573,1,2
574,724,549,0,3
575,648,600,2,0
575,663,599,3,2
575,682,599,3,2
575,683,599,3,2
575,696,600,2,0
575,705,599,3,2
575,709,599,3,2
575,719,599,3,2
575,720,599,3,2
575,724,550,0,2
576,648,601,3,0
576,719,575,1,1
576,724,551,0,3
577,648,602,3,0
577,719,576,1,2
578,648,603,3,0
580,648,605,3,0
580,719,581,2,1
581,648,606,3,0
581,719,582,2,1
581,724,556,0,3
582,648,607,3,0
582,663,583,2,1
582,682,583,2,1
582,683,583,2,1
582,696,607,3,0
582,705,583,2,1
582,709,583,2,1
582,719,583,2,1
582,720,583,2,1
582,724,557,0,3
583,648,608,3,0
583,657,584,2,1
583,663,584,2,1
583,682,584,2,1
583,683,584,2,1
583,696,608,3,0
583,705,584,2,1
583,709,584,2,1
583,719,584,2,1
583,720,584,2,1
583,724,558,0,3
584,646,609,3,0
584,648,609,3,0
584,655,585,2,1
584,657,585,2,1
584,663,585,2,1
584,682,585,2,1
584,683,585,2,1
584,696,609,3,0
584,705,585,2,1
584,709,585,2,1
584,719,585,2,1
584,720,585,2,1
584,724,559,0,3
585,648,610,3,0
585,657,560,0,3
585,663,560,0,3
585,683,610,3,0
585,696,610,3,0
585,709,610,3,0
585,720,610,3,0
585,724,560,0,3
586,646,585,1,2
586,648,585,1,2
586,657,561,0,3
586,663,561,0,3
586,682,611,3,0
586,683,611,3,0
586,696,585,1,2
586,705,611,3,0
586,709,611,3,0
586,719,611,3,0
586,720,611,3,0
586,724,585,1,2
587,648,586,1,2
587,657,562,0,3
587,663,562,0,3
587,682,612,3,0
587,683,612,3,0
587,696,586,1,2
587,705,612,3,0
587,709,612,3,0
587,719,612,3,0
587,720,612,3,0
587,724,586,1,2
588,648,587,1,2
588,663,563,0,3
588,682,613,3,0
588,683,613,3,0
588,696,587,1,2
588,705,613,3,0
588,709,613,3,0
588,719,613,3,0
588,720,613,3,0
588,724,587,1,2
589,648,588,1,2
589,719,614,3,0
589,724,588,1,2
590,648,589,1,2
590,719,615,3,0
592,648,593,2,1
593,648,594,2,1
593,719,618,3,0
594,648,595,2,1
594,719,619,3,0
594,724,595,2,1
595,648,596,2,1
595,663,570,0,3
595,682,620,3,0
595,683,620,3,0
595,696,596,2,1
595,705,620,3,0
595,709,620,3,0
595,719,620,3,0
595,720,620,3,0
595,724,596,2,1
596,648,597,2,1
596,657,571,0,3
596,663,571,0,3
596,682,621,3,0
596,683,621,3,0
596,696,597,2,1
596,705,621,3,0
596,709,621,3,0
596,719,621,3,0
596,720,621,3,0
596,724,597,2,1
597,625,622,3,0
597,629,622,3,0
597,632,572,0,3
597,633,572,0,3
597,634,572,0,3
597,637,572,0,3
597,638,572,0,3
597,640,622,3,0
597,641,622,3,0
597,643,622,3,0
597,644,572,0,3
597,647,572,0,3
597,648,622,3,0
597,651,622,3,0
597,652,572,0,3
597,654,572,0,3
597,655,596,1,2
597,656,622,3,0
597,657,572,0,3
597,659,572,0,3
597,660,622,3,0
597,663,572,0,3
597,667,622,3,0
597,668,622,3,0
597,670,622,3,0
597,671,622,3,0
597,673,622,3,0
597,674,622,3,0
597,675,572,0,3
597,676,572,0,3
597,677,572,0,3
597,681,572,0,3
597,682,622,3,0
597,683,622,3,0
597,684,622,3,0
597,687,622,3,0
597,688,622,3,0
597,689,622,3,0
597,690,622,3,0
597,694,622,3,0
597,696,622,3,0
597,697,572,0,3
597,703,622,3,0
597,704,572,0,3
597,705,622,3,0
597,709,622,3,0
597,713,572,0,3
597,718,572,0,3
597,719,622,3,0
597,720,622,3,0
597,724,572,0,3
598,626,597,1,2
598,627,597,1,2
598,628,597,1,2
598,630,597,1,2
598,631,597,1,2
598,635,597,1,2
598,636,597,1,2
598,639,597,1,2
598,642,597,1,2
598,645,597,1,2
598,648,623,3,0
598,649,597,1,2
598,650,597,1,2
598,653,597,1,2
598,655,599,2,1
598,657,597,1,2
598,658,597,1,2
598,661,597,1,2
598,662,597,1,2
598,663,597,1,2
598,666,597,1,2
598,669,597,1,2
598,678,597,1,2
598,679,597,1,2
598,680,597,1,2
598,682,597,1,2
598,683,597,1,2
598,685,597,1,2
598,686,597,1,2
598,691,597,1,2
598,693,597,1,2
598,696,623,3,0
598,698,597,1,2
598,699,597,1,2
598,700,597,1,2
598,702,597,1,2
598,705,597,1,2
598,708,597,1,2
598,709,597,1,2
598,710,597,1,2
598,711,597,1,2
598,714,597,1,2
598,715,597,1,2
598,717,597,1,2
598,719,597,1,2
598,720,597,1,2
598,722,597,1,2
598,723,597,1,2
598,724,573,0,3
599,648,624,3,0
599,657,598,1,2
599,663,598,1,2
599,682,598,1,2
599,683,598,1,2
599,696,624,3,0
599,705,598,1,2
599,709,598,1,2
599,719,598,1,2
599,720,598,1,2
599,724,574,0,3
600,648,0,2,3
600,663,624,3,2
600,682,624,3,2
600,683,624,3,2
600,696,601,1,1
600,705,624,3,2
600,709,624,3,2
600,719,624,3,2
600,720,624,3,2
600,724,575,0,2
601,648,1,3,3
601,719,600,1,1
601,724,576,0,3
602,648,2,3,3
602,719,601,1,2
603,648,3,3,3
605,648,5,3,3
605,719,606,2,1
606,648,6,3,3
606,719,607,2,1
606,724,581,0,3
607,648,7,3,3
607,663,608,2,1
607,682,608,2,1
607,683,608,2,1
607,696,696,75,0
607,705,608,2,1
607,709,608,2,1
607,719,608,2,1
607,720,608,2,1
607,724,582,0,3
608,648,8,3,3
608,657,609,2,1
608,663,609,2,1
608,682,609,2,1
608,683,609,2,1
608,696,607,1,2
608,705,609,2,1
608,709,609,2,1
608,719,609,2,1
608,720,609,2,1
608,724,583,0,3
609,646,9,3,3
609,648,9,3,3
609,655,610,2,1
609,657,610,2,1
609,663,610,2,1
609,682,610,2,1
609,683,610,2,1
609,696,608,1,2
609,705,610,2,1
609,709,610,2,1
609,719,610,2,1
609,720,610,2,1
609,724,584,0,3
610,648,10,3,3
610,657,585,0,3
610,683,10,3,3
610,696,609,1,2
610,709,10,3,3
610,719,611,2,1
610,724,585,0,3
611,646,610,1,2
611,648,610,1,2
611,657,586,0,3
611,663,586,0,3
611,682,11,3,3
611,683,11,3,3
611,696,610,1,2
611,705,11,3,3
611,709,11,3,3
611,719,612,2,1
611,720,11,3,3
611,724,610,1,2
612,648,611,1,2
612,657,587,0,3
612,663,587,0,3
612,682,12,3,3
612,683,12,3,3
612,696,611,1,2
612,705,12,3,3
612,709,12,3,3
612,719,613,2,1
612,720,12,3,3
612,724,611,1,2
613,648,612,1,2
613,663,588,0,3
613,682,13,3,3
613,683,13,3,3
613,696,612,1,2
613,705,13,3,3
613,709,13,3,3
613,719,614,2,1
613,720,13,3,3
613,724,612,1,2
614,648,613,1,2
614,719,615,2,1
614,724,613,1,2
615,648,614,1,2
615,719,719,98,0
617,648,618,2,1
618,648,619,2,1
618,719,617,1,2
619,648,620,2,1
619,719,618,1,2
619,724,620,2,1
620,648,621,2,1
620,663,595,0,3
620,682,20,3,3
620,683,20,3,3
620,696,621,2,1
620,705,20,3,3
620,709,20,3,3
620,719,619,1,2
620,720,20,3,3
620,724,621,2,1
621,648,622,2,1
621,657,596,0,3
621,663,596,0,3
621,682,21,3,3
621,683,21,3,3
621,696,622,2,1
621,705,21,3,3
621,709,21,3,3
621,719,620,1,2
621,720,21,3,3
621,724,622,2,1
622,625,22,3,3
622,629,22,3,3
622,632,597,0,3
622,633,597,0,3
622,634,22,3,3
622,637,597,0,3
622,638,597,0,3
622,640,22,3,3
622,641,22,3,3
622,643,22,3,3
622,644,597,0,3
622,647,22,3,3
622,648,22,3,3
622,651,22,3,3
622,652,597,0,3
622,654,597,0,3
622,655,621,1,2
622,656,22,3,3
622,657,597,0,3
622,659,597,0,3
622,660,22,3,3
622,663,597,0,3
622,665,597,0,3
622,667,22,3,3
622,668,22,3,3
622,670,22,3,3
622,671,22,3,3
622,673,22,3,3
622,674,22,3,3
622,675,597,0,3
622,676,22,3,3
622,677,597,0,3
622,681,22,3,3
622,682,22,3,3
622,683,22,3,3
622,684,22,3,3
622,687,22,3,3
622,688,22,3,3
622,689,22,3,3
622,690,22,3,3
622,694,22,3,3
622,696,623,2,1
622,697,597,0,3
622,703,22,3,3
622,704,597,0,3
622,705,22,3,3
622,707,597,0,3
622,709,22,3,3
622,713,22,3,3
622,718,597,0,3
622,719,621,1,2
622,720,22,3,3
622,724,597,0,3
623,626,622,1,2
623,627,622,1,2
623,628,622,1,2
623,630,622,1,2
623,631,622,1,2
623,635,622,1,2
623,636,622,1,2
623,639,622,1,2
623,642,622,1,2
623,645,622,1,2
623,648,23,3,3
623,649,622,1,2
623,650,622,1,2
623,653,622,1,2
623,655,624,2,1
623,657,622,1,2
623,658,622,1,2
623,661,622,1,2
623,662,622,1,2
623,663,622,1,2
623,666,622,1,2
623,669,622,1,2
623,678,622,1,2
623,679,622,1,2
623,680,622,1,2
623,682,622,1,2
623,683,622,1,2
623,685,622,1,2
623,686,622,1,2
623,691,622,1,2
623,693,622,1,2
623,695,622,1,2
623,696,624,2,1
623,698,622,1,2
623,699,622,1,2
623,700,622,1,2
623,702,622,1,2
623,705,622,1,2
623,708,622,1,2
623,709,622,1,2
623,710,622,1,2
623,711,622,1,2
623,714,622,1,2
623,715,622,1,2
623,717,622,1,2
623,719,622,1,2
623,720,622,1,2
623,722,622,1,2
623,723,622,1,2
623,724,598,0,3
624,648,24,3,3
624,657,623,1,2
624,663,623,1,2
624,682,623,1,2
624,683,623,1,2
624,696,600,2,3
624,705,623,1,2
624,709,623,1,2
624,719,623,1,2
624,720,623,1,2
624,724,599,0,3
646,625,84,0,25
646,626,84,0,25
646,627,84,0,25
646,628,84,0,25
646,629,84,0,25
646,630,84,0,25
646,631,84,0,25
646,632,84,0,25
646,633,84,0,25
646,634,84,0,25
646,635,84,0,25
646,636,84,0,25
646,637,84,0,25
646,638,84,0,25
646,639,84,0,25
646,640,84,0,25
646,641,84,0,25
646,642,84,0,25
646,643,84,0,25
646,644,84,0,25
646,645,84,0,25
646,647,84,0,25
646,648,84,0,25
646,649,84,0,25
646,650,84,0,25
646,651,84,0,25
646,652,84,0,25
646,653,84,0,25
646,654,84,0,25
646,655,84,0,25
646,656,84,0,25
646,657,84,0,25
646,658,84,0,25
646,659,84,0,25
646,660,84,0,25
646,661,84,0,25
646,662,84,0,25
646,663,84,0,25
646,664,84,0,25
646,665,84,0,25
646,666,84,0,25
646,667,84,0,25
646,668,84,0,25
646,669,84,0,25
646,670,84,0,25
646,671,84,0,25
646,672,84,0,25
646,673,84,0,25
646,674,84,0,25
646,675,84,0,25
646,676,84,0,25
646,677,84,0,25
646,678,84,0,25
646,679,84,0,25
646,680,84,0,25
646,681,84,0,25
646,682,84,0,25
646,683,84,0,25
646,684,84,0,25
646,685,84,0,25
646,686,84,0,25
646,687,84,0,25
646,688,84,0,25
646,689,84,0,25
646,690,84,0,25
646,691,84,0,25
646,692,84,0,25
646,693,84,0,25
646,694,84,0,25
646,695,84,0,25
646,696,84,0,25
646,697,84,0,25
646,698,84,0,25
646,699,84,0,25
646,700,84,0,25
646,701,84,0,25
646,702,84,0,25
646,703,84,0,25
646,704,84,0,25
646,705,84,0,25
646,706,84,0,25
646,707,84,0,25
646,708,84,0,25
646,709,84,0,25
646,710,84,0,25
646,711,84,0,25
646,712,84,0,25
646,713,84,0,25
646,714,84,0,25
646,715,84,0,25
646,716,84,0,25
646,717,84,0,25
646,718,84,0,25
646,719,84,0,25
646,720,84,0,25
646,721,84,0,25
646,722,84,0,25
646,723,84,0,25
646,724,84,0,25
648,625,103,0,27
648,626,103,0,27
648,627,103,0,27
648,628,103,0,27
648,629,103,0,27
648,630,103,0,27
648,631,103,0,27
648,632,103,0,27
648,633,103,0,27
648,634,103,0,27
648,635,103,0,27
648,636,103,0,27
648,637,103,0,27
648,638,103,0,27
648,639,103,0,27
648,640,103,0,27
648,641,103,0,27
648,642,103,0,27
648,643,103,0,27
648,644,103,0,27
648,645,103,0,27
648,646,103,0,27
648,647,103,0,27
648,649,103,0,27
648,650,103,0,27
648,651,103,0,27
648,652,103,0,27
648,653,103,0,27
648,654,103,0,27
648,655,103,0,27
648,656,103,0,27
648,657,103,0,27
648,658,103,0,27
648,659,103,0,27
648,660,103,0,27
648,661,103,0,27
648,662,103,0,27
648,663,103,0,27
648,664,103,0,27
648,665,103,0,27
648,666,103,0,27
648,667,103,0,27
648,668,103,0,27
648,669,103,0,27
648,670,103,0,27
648,671,103,0,27
648,672,103,0,27
648,673,103,0,27
648,674,103,0,27
648,675,103,0,27
648,676,103,0,27
648,677,103,0,27
648,678,103,0,27
648,679,103,0,27
648,680,103,0,27
648,681,103,0,27
648,682,103,0,27
648,683,103,0,27
648,684,103,0,27
648,685,103,0,27
648,686,103,0,27
648,687,103,0,27
648,688,103,0,27
648,689,103,0,27
648,690,103,0,27
648,691,103,0,27
648,692,103,0,27
648,693,103,0,27
648,694,103,0,27
648,695,103,0,27
648,696,103,0,27
648,697,103,0,27
648,698,103,0,27
648,699,103,0,27
648,700,103,0,27
648,701,103,0,27
648,702,103,0,27
648,703,103,0,27
648,704,103,0,27
648,705,103,0,27
648,706,103,0,27
648,707,103,0,27
648,708,103,0,27
648,709,103,0,27
648,710,103,0,27
648,711,103,0,27
648,712,103,0,27
648,713,103,0,27
648,714,103,0,27
648,715,103,0,27
648,716,103,0,27
648,717,103,0,27
648,718,103,0,27
648,719,103,0,27
648,720,103,0,27
648,721,103,0,27
648,722,103,0,27
648,723,103,0,27
648,724,103,0,27
655,625,60,0,34
655,626,60,0,34
655,627,60,0,34
655,628,60,0,34
655,629,60,0,34
655,630,60,0,34
655,631,60,0,34
655,632,60,0,34
655,633,60,0,34
655,634,60,0,34
655,635,60,0,34
655,636,60,0,34
655,637,60,0,34
655,638,60,0,34
655,639,60,0,34
655,640,60,0,34
655,641,60,0,34
655,642,60,0,34
655,643,60,0,34
655,644,60,0,34
655,645,60,0,34
655,646,60,0,34
655,647,60,0,34
655,648,60,0,34
655,649,60,0,34
655,650,60,0,34
655,651,60,0,34
655,652,60,0,34
655,653,60,0,34
655,654,60,0,34
655,656,60,0,34
655,657,60,0,34
655,658,60,0,34
655,659,60,0,34
655,660,60,0,34
655,661,60,0,34
655,662,60,0,34
655,663,60,0,34
655,664,60,0,34
655,665,60,0,34
655,666,60,0,34
655,667,60,0,34
655,668,60,0,34
655,669,60,0,34
655,670,60,0,34
655,671,60,0,34
655,672,60,0,34
655,673,60,0,34
655,674,60,0,34
655,675,60,0,34
655,676,60,0,34
655,677,60,0,34
655,678,60,0,34
655,679,60,0,34
655,680,60,0,34
655,681,60,0,34
655,682,60,0,34
655,683,60,0,34
655,684,60,0,34
655,685,60,0,34
655,686,60,0,34
655,687,60,0,34
655,688,60,0,34
655,689,60,0,34
655,690,60,0,34
655,691,60,0,34
655,692,60,0,34
655,693,60,0,34
655,694,60,0,34
655,695,60,0,34
655,696,60,0,34
655,697,60,0,34
655,698,60,0,34
655,699,60,0,34
655,700,60,0,34
655,701,60,0,34
655,702,60,0,34
655,703,60,0,34
655,704,60,0,34
655,705,60,0,34
655,706,60,0,34
655,707,60,0,34
655,708,60,0,34
655,709,60,0,34
655,710,60,0,34
655,711,60,0,34
655,712,60,0,34
655,713,60,0,34
655,714,60,0,34
655,715,60,0,34
655,716,60,0,34
655,717,60,0,34
655,718,60,0,34
655,719,60,0,34
655,720,60,0,34
655,721,60,0,34
655,722,60,0,34
655,723,60,0,34
655,724,60,0,34
657,625,462,0,36
657,626,462,0,36
657,627,462,0,36
657,628,462,0,36
657,629,462,0,36
657,630,462,0,36
657,631,462,0,36
657,632,462,0,36
657,633,462,0,36
657,634,462,0,36
657,635,462,0,36
657,636,462,0,36
657,637,462,0,36
657,638,462,0,36
657,639,462,0,36
657,640,462,0,36
657,641,462,0,36
657,642,462,0,36
657,643,462,0,36
657,644,462,0,36
657,645,462,0,36
657,646,462,0,36
657,647,462,0,36
657,648,462,0,36
657,649,462,0,36
657,650,462,0,36
657,651,462,0,36
657,652,462,0,36
657,653,462,0,36
657,654,462,0,36
657,655,462,0,36
657,656,462,0,36
657,658,462,0,36
657,659,462,0,36
657,660,462,0,36
657,661,462,0,36
657,662,462,0,36
657,663,462,0,36
657,664,462,0,36
657,665,462,0,36
657,666,462,0,36
657,667,462,0,36
657,668,462,0,36
657,669,462,0,36
657,670,462,0,36
657,671,462,0,36
657,672,462,0,36
657,673,462,0,36
657,674,462,0,36
657,675,462,0,36
657,676,462,0,36
657,677,462,0,36
657,678,462,0,36
657,679,462,0,36
657,680,462,0,36
657,681,462,0,36
657,682,462,0,36
657,683,462,0,36
657,684,462,0,36
657,685,462,0,36
657,686,462,0,36
657,687,462,0,36
657,688,462,0,36
657,689,462,0,36
657,690,462,0,36
657,691,462,0,36
657,692,462,0,36
657,693,462,0,36
657,694,462,0,36
657,695,462,0,36
657,696,462,0,36
657,697,462,0,36
657,698,462,0,36
657,699,462,0,36
657,700,462,0,36
657,701,462,0,36
657,702,462,0,36
657,703,462,0,36
657,704,462,0,36
657,705,462,0,36
657,706,462,0,36
657,707,462,0,36
657,708,462,0,36
657,709,462,0,36
657,710,462,0,36
657,711,462,0,36
657,712,462,0,36
657,713,462,0,36
657,714,462,0,36
657,715,462,0,36
657,716,462,0,36
657,717,462,0,36
657,718,462,0,36
657,719,462,0,36
657,720,462,0,36
657,721,462,0,36
657,722,462,0,36
657,723,462,0,36
657,724,462,0,36
663,625,388,0,42
663,626,388,0,42
663,627,388,0,42
663,628,388,0,42
663,629,388,0,42
663,630,388,0,42
663,631,388,0,42
663,632,388,0,42
663,633,388,0,42
663,634,388,0,42
663,635,388,0,42
663,636,388,0,42
663,637,388,0,42
663,638,388,0,42
663,639,388,0,42
663,640,388,0,42
663,641,388,0,42
663,642,388,0,42
663,643,388,0,42
663,644,388,0,42
663,645,388,0,42
663,646,388,0,42
663,647,388,0,42
663,648,388,0,42
663,649,388,0,42
663,650,388,0,42
663,651,388,0,42
663,652,388,0,42
663,653,388,0,42
663,654,388,0,42
663,655,388,0,42
663,656,388,0,42
663,657,388,0,42
663,658,388,0,42
663,659,388,0,42
663,660,388,0,42
663,661,388,0,42
663,662,388,0,42
663,664,388,0,42
663,665,388,0,42
663,666,388,0,42
663,667,388,0,42
663,668,388,0,42
663,669,388,0,42
663,670,388,0,42
663,671,388,0,42
663,672,388,0,42
663,673,388,0,42
663,674,388,0,42
663,675,388,0,42
663,676,388,0,42
663,677,388,0,42
663,678,388,0,42
663,679,388,0,42
663,680,388,0,42
663,681,388,0,42
663,682,388,0,42
663,683,388,0,42
663,684,388,0,42
663,685,388,0,42
663,686,388,0,42
663,687,388,0,42
663,688,388,0,42
663,689,388,0,42
663,690,388,0,42
663,691,388,0,42
663,692,388,0,42
663,693,388,0,42
663,694,388,0,42
663,695,388,0,42
663,696,388,0,42
663,697,388,0,42
663,698,388,0,42
663,699,388,0,42
663,700,388,0,42
663,701,388,0,42
663,702,388,0,42
663,703,388,0,42
663,704,388,0,42
663,705,388,0,42
663,706,388,0,42
663,707,388,0,42
663,708,388,0,42
663,709,388,0,42
663,710,388,0,42
663,711,388,0,42
663,712,388,0,42
663,713,388,0,42
663,714,388,0,42
663,715,388,0,42
663,716,388,0,42
663,717,388,0,42
663,718,388,0,42
663,719,388,0,42
663,720,388,0,42
663,721,388,0,42
663,722,388,0,42
663,723,388,0,42
663,724,388,0,42
682,625,38,0,61
682,626,38,0,61
682,627,38,0,61
682,628,38,0,61
682,629,38,0,61
682,630,38,0,61
682,631,38,0,61
682,632,38,0,61
682,633,38,0,61
682,634,38,0,61
682,635,38,0,61
682,636,38,0,61
682,637,38,0,61
682,638,38,0,61
682,639,38,0,61
682,640,38,0,61
682,641,38,0,61
682,642,38,0,61
682,643,38,0,61
682,644,38,0,61
682,645,38,0,61
682,646,38,0,61
682,647,38,0,61
682,648,38,0,61
682,649,38,0,61
682,650,38,0,61
682,651,38,0,61
682,652,38,0,61
682,653,38,0,61
682,654,38,0,61
682,655,38,0,61
682,656,38,0,61
682,657,38,0,61
682,658,38,0,61
682,659,38,0,61
682,660,38,0,61
682,661,38,0,61
682,662,38,0,61
682,663,38,0,61
682,664,38,0,61
682,665,38,0,61
682,666,38,0,61
682,667,38,0,61
682,668,38,0,61
682,669,38,0,61
682,670,38,0,61
682,671,38,0,61
682,672,38,0,61
682,673,38,0,61
682,674,38,0,61
682,675,38,0,61
682,676,38,0,61
682,677,38,0,61
682,678,38,0,61
682,679,38,0,61
682,680,38,0,61
682,681,38,0,61
682,683,38,0,61
682,684,38,0,61
682,685,38,0,61
682,686,38,0,61
682,687,38,0,61
682,688,38,0,61
682,689,38,0,61
682,690,38,0,61
682,691,38,0,61
682,692,38,0,61
682,693,38,0,61
682,694,38,0,61
682,695,38,0,61
682,696,38,0,61
682,697,38,0,61
682,698,38,0,61
682,699,38,0,61
682,700,38,0,61
682,701,38,0,61
682,702,38,0,61
682,703,38,0,61
682,704,38,0,61
682,705,38,0,61
682,706,38,0,61
682,707,38,0,61
682,708,38,0,61
682,709,38,0,61
682,710,38,0,61
682,711,38,0,61
682,712,38,0,61
682,713,38,0,61
682,714,38,0,61
682,715,38,0,61
682,716,38,0,61
682,717,38,0,61
682,718,38,0,61
682,719,38,0,61
682,720,38,0,61
682,721,38,0,61
682,722,38,0,61
682,723,38,0,61
682,724,38,0,61
683,625,163,0,62
683,626,163,0,62
683,627,163,0,62
683,628,163,0,62
683,629,163,0,62
683,630,163,0,62
683,631,163,0,62
683,632,163,0,62
683,633,163,0,62
683,634,163,0,62
683,635,163,0,62
683,636,163,0,62
683,637,163,0,62
683,638,163,0,62
683,639,163,0,62
683,640,163,0,62
683,641,163,0,62
683,642,163,0,62
683,643,163,0,62
683,644,163,0,62
683,645,163,0,62
683,646,163,0,62
683,647,163,0,62
683,648,163,0,62
683,649,163,0,62
683,650,163,0,62
683,651,163,0,62
683,652,163,0,62
683,653,163,0,62
683,654,163,0,62
683,655,163,0,62
683,656,163,0,62
683,657,163,0,62
683,658,163,0,62
683,659,163,0,62
683,660,163,0,62
683,661,163,0,62
683,662,163,0,62
683,663,163,0,62
683,664,163,0,62
683,665,163,0,62
683,666,163,0,62
683,667,163,0,62
683,668,163,0,62
683,669,163,0,62
683,670,163,0,62
683,671,163,0,62
683,672,163,0,62
683,673,163,0,62
683,674,163,0,62
683,675,163,0,62
683,676,163,0,62
683,677,163,0,62
683,678,163,0,62
683,679,163,0,62
683,680,163,0,62
683,681,163,0,62
683,682,163,0,62
683,684,163,0,62
683,685,163,0,62
683,686,163,0,62
683,687,163,0,62
683,688,163,0,62
683,689,163,0,62
683,690,163,0,62
683,691,163,0,62
683,692,163,0,62
683,693,163,0,62
683,694,163,0,62
683,695,163,0,62
683,696,163,0,62
683,697,163,0,62
683,698,163,0,62
683,699,163,0,62
683,700,163,0,62
683,701,163,0,62
683,702,163,0,62
683,703,163,0,62
683,704,163,0,62
683,705,163,0,62
683,706,163,0,62
683,707,163,0,62
683,708,163,0,62
683,709,163,0,62
683,710,163,0,62
683,711,163,0,62
683,712,163,0,62
683,713,163,0,62
683,714,163,0,62
683,715,163,0,62
683,716,163,0,62
683,717,163,0,62
683,718,163,0,62
683,719,163,0,62
683,720,163,0,62
683,721,163,0,62
683,722,163,0,62
683,723,163,0,62
683,724,163,0,62
696,625,607,0,75
696,626,607,0,75
696,627,607,0,75
696,628,607,0,75
696,629,607,0,75
696,630,607,0,75
696,631,607,0,75
696,632,607,0,75
696,633,607,0,75
696,634,607,0,75
696,635,607,0,75
696,636,607,0,75
696,637,607,0,75
696,638,607,0,75
696,639,607,0,75
696,640,607,0,75
696,641,607,0,75
696,642,607,0,75
696,643,607,0,75
696,644,607,0,75
696,645,607,0,75
696,646,607,0,75
696,647,607,0,75
696,648,607,0,75
696,649,607,0,75
696,650,607,0,75
696,651,607,0,75
696,652,607,0,75
696,653,607,0,75
696,654,607,0,75
696,655,607,0,75
696,656,607,0,75
696,657,607,0,75
696,658,607,0,75
696,659,607,0,75
696,660,607,0,75
696,661,607,0,75
696,662,607,0,75
696,663,607,0,75
696,664,607,0,75
696,665,607,0,75
696,666,607,0,75
696,667,607,0,75
696,668,607,0,75
696,669,607,0,75
696,670,607,0,75
696,671,607,0,75
696,672,607,0,75
696,673,607,0,75
696,674,607,0,75
696,675,607,0,75
696,676,607,0,75
696,677,607,0,75
696,678,607,0,75
696,679,607,0,75
696,680,607,0,75
696,681,607,0,75
696,682,607,0,75
696,683,607,0,75
696,684,607,0,75
696,685,607,0,75
696,686,607,0,75
696,687,607,0,75
696,688,607,0,75
696,689,607,0,75
696,690,607,0,75
696,691,607,0,75
696,692,607,0,75
696,693,607,0,75
696,694,607,0,75
696,695,607,0,75
696,697,607,0,75
696,698,607,0,75
696,699,607,0,75
696,700,607,0,75
696,701,607,0,75
696,702,607,0,75
696,703,607,0,75
696,704,607,0,75
696,705,607,0,75
696,706,607,0,75
696,707,607,0,75
696,708,607,0,75
696,709,607,0,75
696,710,607,0,75
696,711,607,0,75
696,712,607,0,75
696,713,607,0,75
696,714,607,0,75
696,715,607,0,75
696,716,607,0,75
696,717,607,0,75
696,718,607,0,75
696,719,607,0,75
696,720,607,0,75
696,721,607,0,75
696,722,607,0,75
696,723,607,0,75
696,724,607,0,75
705,625,13,0,84
705,626,13,0,84
705,627,13,0,84
705,628,13,0,84
705,629,13,0,84
705,630,13,0,84
705,631,13,0,84
705,632,13,0,84
705,633,13,0,84
705,634,13,0,84
705,635,13,0,84
705,636,13,0,84
705,637,13,0,84
705,638,13,0,84
705,639,13,0,84
705,640,13,0,84
705,641,13,0,84
705,642,13,0,84
705,643,13,0,84
705,644,13,0,84
705,645,13,0,84
705,646,13,0,84
705,647,13,0,84
705,648,13,0,84
705,649,13,0,84
705,650,13,0,84
705,651,13,0,84
705,652,13,0,84
705,653,13,0,84
705,654,13,0,84
705,655,13,0,84
705,656,13,0,84
705,657,13,0,84
705,658,13,0,84
705,659,13,0,84
705,660,13,0,84
705,661,13,0,84
705,662,13,0,84
705,663,13,0,84
705,664,13,0,84
705,665,13,0,84
705,666,13,0,84
705,667,13,0,84
705,668,13,0,84
705,669,13,0,84
705,670,13,0,84
705,671,13,0,84
705,672,13,0,84
705,673,13,0,84
705,674,13,0,84
705,675,13,0,84
705,676,13,0,84
705,677,13,0,84
705,678,13,0,84
705,679,13,0,84
705,680,13,0,84
705,681,13,0,84
705,682,13,0,84
705,683,13,0,84
705,684,13,0,84
705,685,13,0,84
705,686,13,0,84
705,687,13,0,84
705,688,13,0,84
705,689,13,0,84
705,690,13,0,84
705,691,13,0,84
705,692,13,0,84
705,693,13,0,84
705,694,13,0,84
705,695,13,0,84
705,696,13,0,84
705,697,13,0,84
705,698,13,0,84
705,699,13,0,84
705,700,13,0,84
705,701,13,0,84
705,702,13,0,84
705,703,13,0,84
705,704,13,0,84
705,706,13,0,84
705,707,13,0,84
705,708,13,0,84
705,709,13,0,84
705,710,13,0,84
705,711,13,0,84
705,712,13,0,84
705,713,13,0,84
705,714,13,0,84
705,715,13,0,84
705,716,13,0,84
705,717,13,0,84
705,718,13,0,84
705,719,13,0,84
705,720,13,0,84
705,721,13,0,84
705,722,13,0,84
705,723,13,0,84
705,724,13,0,84
709,625,138,0,88
709,626,138,0,88
709,627,138,0,88
709,628,138,0,88
709,629,138,0,88
709,630,138,0,88
709,631,138,0,88
709,632,138,0,88
709,633,138,0,88
709,634,138,0,88
709,635,138,0,88
709,636,138,0,88
709,637,138,0,88
709,638,138,0,88
709,639,138,0,88
709,640,138,0,88
709,641,138,0,88
709,642,138,0,88
709,643,138,0,88
709,644,138,0,88
709,645,138,0,88
709,646,138,0,88
709,647,138,0,88
709,648,138,0,88
709,649,138,0,88
709,650,138,0,88
709,651,138,0,88
709,652,138,0,88
709,653,138,0,88
709,654,138,0,88
709,655,138,0,88
709,656,138,0,88
709,657,138,0,88
709,658,138,0,88
709,659,138,0,88
709,660,138,0,88
709,661,138,0,88
709,662,138,0,88
709,663,138,0,88
709,664,138,0,88
709,665,138,0,88
709,666,138,0,88
709,667,138,0,88
709,668,138,0,88
709,669,138,0,88
709,670,138,0,88
709,671,138,0,88
709,672,138,0,88
709,673,138,0,88
709,674,138,0,88
709,675,138,0,88
709,676,138,0,88
709,677,138,0,88
709,678,138,0,88
709,679,138,0,88
709,680,138,0,88
709,681,138,0,88
709,682,138,0,88
709,683,138,0,88
709,684,138,0,88
709,685,138,0,88
709,686,138,0,88
709,687,138,0,88
709,688,138,0,88
709,689,138,0,88
709,690,138,0,88
709,691,138,0,88
709,692,138,0,88
709,693,138,0,88
709,694,138,0,88
709,695,138,0,88
709,696,138,0,88
709,697,138,0,88
709,698,138,0,88
709,699,138,0,88
709,700,138,0,88
709,701,138,0,88
709,702,138,0,88
709,703,138,0,88
709,704,138,0,88
709,705,138,0,88
709,706,138,0,88
709,707,138,0,88
709,708,138,0,88
709,710,138,0,88
709,711,138,0,88
709,712,138,0,88
709,713,138,0,88
709,714,138,0,88
709,715,138,0,88
709,716,138,0,88
709,717,138,0,88
709,718,138,0,88
709,719,138,0,88
709,720,138,0,88
709,721,138,0,88
709,722,138,0,88
709,723,138,0,88
709,724,138,0,88
719,625,615,0,98
719,626,615,0,98
719,627,615,0,98
719,628,615,0,98
719,629,615,0,98
719,630,615,0,98
719,631,615,0,98
719,632,615,0,98
719,633,615,0,98
719,634,615,0,98
719,635,615,0,98
719,636,615,0,98
719,637,615,0,98
719,638,615,0,98
719,639,615,0,98
719,640,615,0,98
719,641,615,0,98
719,642,615,0,98
719,643,615,0,98
719,644,615,0,98
719,645,615,0,98
719,646,615,0,98
719,647,615,0,98
719,648,615,0,98
719,649,615,0,98
719,650,615,0,98
719,651,615,0,98
719,652,615,0,98
719,653,615,0,98
719,654,615,0,98
719,655,615,0,98
719,656,615,0,98
719,657,615,0,98
719,658,615,0,98
719,659,615,0,98
719,660,615,0,98
719,661,615,0,98
719,662,615,0,98
719,663,615,0,98
719,664,615,0,98
719,665,615,0,98
719,666,615,0,98
719,667,615,0,98
719,668,615,0,98
719,669,615,0,98
719,670,615,0,98
719,671,615,0,98
719,672,615,0,98
719,673,615,0,98
719,674,615,0,98
719,675,615,0,98
719,676,615,0,98
719,677,615,0,98
719,678,615,0,98
719,679,615,0,98
719,680,615,0,98
719,681,615,0,98
719,682,615,0,98
719,683,615,0,98
719,684,615,0,98
719,685,615,0,98
719,686,615,0,98
719,687,615,0,98
719,688,615,0,98
719,689,615,0,98
719,690,615,0,98
719,691,615,0,98
719,692,615,0,98
719,693,615,0,98
719,694,615,0,98
719,695,615,0,98
719,696,615,0,98
719,697,615,0,98
719,698,615,0,98
719,699,615,0,98
719,700,615,0,98
719,701,615,0,98
719,702,615,0,98
719,703,615,0,98
719,704,615,0,98
719,705,615,0,98
719,706,615,0,98
719,707,615,0,98
719,708,615,0,98
719,709,615,0,98
719,710,615,0,98
719,711,615,0,98
719,712,615,0,98
719,713,615,0,98
719,714,615,0,98
719,715,615,0,98
719,716,615,0,98
719,717,615,0,98
719,718,615,0,98
719,720,615,0,98
719,721,615,0,98
719,722,615,0,98
719,723,615,0,98
719,724,615,0,98
720,625,88,0,99
720,626,88,0,99
720,627,88,0,99
720,628,88,0,99
720,629,88,0,99
720,630,88,0,99
720,631,88,0,99
720,632,88,0,99
720,633,88,0,99
720,634,88,0,99
720,635,88,0,99
720,636,88,0,99
720,637,88,0,99
720,638,88,0,99
720,639,88,0,99
720,640,88,0,99
720,641,88,0,99
720,642,88,0,99
720,643,88,0,99
720,644,88,0,99
720,645,88,0,99
720,646,88,0,99
720,647,88,0,99
720,648,88,0,99
720,649,88,0,99
720,650,88,0,99
720,651,88,0,99
720,652,88,0,99
720,653,88,0,99
720,654,88,0,99
720,655,88,0,99
720,656,88,0,99
720,657,88,0,99
720,658,88,0,99
720,659,88,0,99
720,660,88,0,99
720,661,88,0,99
720,662,88,0,99
720,663,88,0,99
720,664,88,0,99
720,665,88,0,99
720,666,88,0,99
720,667,88,0,99
720,668,88,0,99
720,669,88,0,99
720,670,88,0,99
720,671,88,0,99
720,672,88,0,99
720,673,88,0,99
720,674,88,0,99
720,675,88,0,99
720,676,88,0,99
720,677,88,0,99
720,678,88,0,99
720,679,88,0,99
720,680,88,0,99
720,681,88,0,99
720,682,88,0,99
720,683,88,0,99
720,684,88,0,99
720,685,88,0,99
720,686,88,0,99
720,687,88,0,99
720,688,88,0,99
720,689,88,0,99
720,690,88,0,99
720,691,88,0,99
720,692,88,0,99
720,693,88,0,99
720,694,88,0,99
720,695,88,0,99
720,696,88,0,99
720,697,88,0,99
720,698,88,0,99
720,699,88,0,99
720,700,88,0,99
720,701,88,0,99
720,702,88,0,99
720,703,88,0,99
720,704,88,0,99
720,705,88,0,99
720,706,88,0,99
720,707,88,0,99
720,708,88,0,99
720,709,88,0,99
720,710,88,0,99
720,711,88,0,99
720,712,88,0,99
720,713,88,0,99
720,714,88,0,99
720,715,88,0,99
720,716,88,0,99
720,717,88,0,99
720,718,88,0,99
720,719,88,0,99
720,721,88,0,99
720,722,88,0,99
720,723,88,0,99
720,724,88,0,99
724,625,356,0,103
724,626,356,0,103
724,627,356,0,103
724,628,356,0,103
724,629,356,0,103
724,630,356,0,103
724,631,356,0,103
724,632,356,0,103
724,633,356,0,103
724,634,356,0,103
724,635,356,0,103
724,636,356,0,103
724,637,356,0,103
724,638,356,0,103
724,639,356,0,103
724,640,356,0,103
724,641,356,0,103
724,642,356,0,103
724,643,356,0,103
724,644,356,0,103
724,645,356,0,103
724,646,356,0,103
724,647,356,0,103
724,648,356,0,103
724,649,356,0,103
724,650,356,0,103
724,651,356,0,103
724,652,356,0,103
724,653,356,0,103
724,654,356,0,103
724,655,356,0,103
724,656,356,0,103
724,657,356,0,103
724,658,356,0,103
724,659,356,0,103
724,660,356,0,103
724,661,356,0,103
724,662,356,0,103
724,663,356,0,103
724,664,356,0,103
724,665,356,0,103
724,666,356,0,103
724,667,356,0,103
724,668,356,0,103
724,669,356,0,103
724,670,356,0,103
724,671,356,0,103
724,672,356,0,103
724,673,356,0,103
724,674,356,0,103
724,675,356,0,103
724,676,356,0,103
724,677,356,0,103
724,678,356,0,103
724,679,356,0,103
724,680,356,0,103
724,681,356,0,103
724,682,356,0,103
724,683,356,0,103
724,684,356,0,103
724,685,356,0,103
724,686,356,0,103
724,687,356,0,103
724,688,356,0,103
724,689,356,0,103
724,690,356,0,103
724,691,356,0,103
724,692,356,0,103
724,693,356,0,103
724,694,356,0,103
724,695,356,0,103
724,696,356,0,103
724,697,356,0,103
724,698,356,0,103
724,699,356,0,103
724,700,356,0,103
724,701,356,0,103
724,702,356,0,103
724,703,356,0,103
724,704,356,0,103
724,705,356,0,103
724,706,356,0,103
724,707,356,0,103
724,708,356,0,103
724,709,356,0,103
724,710,356,0,103
724,711,356,0,103
724,712,356,0,103
724,713,356,0,103
724,714,356,0,103
724,715,356,0,103
724,716,356,0,103
724,717,356,0,103
724,718,356,0,103
724,719,356,0,103
724,720,356,0,103
724,721,356,0,103
724,722,356,0,103
724,723,356,0,103
