0,639,25,1,0
0,656,24,2,1
0,659,24,2,1
0,667,25,1,0
0,688,24,2,1
0,695,25,1,0
0,723,600,3,2
1,656,0,0,0
1,659,0,0,0
1,688,0,0,0
1,695,26,2,0
2,659,1,0,1
3,659,4,1,0
3,695,28,2,0
4,656,5,1,0
4,659,5,1,0
4,667,29,2,0
4,688,3,0,1
4,695,29,2,0
4,723,604,3,3
5,639,30,2,0
5,656,6,1,0
5,659,6,1,0
5,688,6,1,0
5,695,30,2,0
5,723,605,3,3
6,627,606,3,3
6,639,31,2,0
6,644,606,3,3
6,656,7,1,0
6,659,7,1,0
6,661,7,1,0
6,688,7,1,0
6,695,31,2,0
6,696,7,1,0
6,723,606,3,3
7,627,607,3,3
7,639,32,2,0
7,644,607,3,3
7,656,8,1,0
7,659,8,1,0
7,661,8,1,0
7,688,8,1,0
7,695,32,2,0
7,696,8,1,0
7,723,607,3,3
8,626,33,2,0
8,627,608,3,3
8,629,608,3,3
8,632,33,2,0
8,637,33,2,0
8,638,608,3,3
8,639,33,2,0
8,643,608,3,3
8,644,608,3,3
8,646,33,2,0
8,647,608,3,3
8,650,608,3,3
8,651,608,3,3
8,652,33,2,0
8,653,608,3,3
8,654,33,2,0
8,656,608,3,3
8,657,608,3,3
8,659,33,2,0
8,660,608,3,3
8,663,608,3,3
8,664,33,2,0
8,665,33,2,0
8,666,33,2,0
8,668,608,3,3
8,671,608,3,3
8,672,33,2,0
8,677,33,2,0
8,681,608,3,3
8,682,33,2,0
8,683,33,2,0
8,687,608,3,3
8,688,608,3,3
8,690,608,3,3
8,693,33,2,0
8,694,33,2,0
8,695,33,2,0
8,697,33,2,0
8,700,608,3,3
8,702,33,2,0
8,709,33,2,0
8,710,608,3,3
8,711,608,3,3
8,715,33,2,0
8,716,33,2,0
8,718,33,2,0
8,719,608,3,3
8,721,33,2,0
8,723,608,3,3
9,627,8,0,1
9,628,8,0,1
9,630,8,0,1
9,631,8,0,1
9,633,8,0,1
9,634,8,0,1
9,635,8,0,1
9,636,8,0,1
9,639,8,0,1
9,641,8,0,1
9,642,8,0,1
9,644,8,0,1
9,645,8,0,1
9,648,8,0,1
9,649,8,0,1
9,655,8,0,1
9,656,609,3,3
9,658,8,0,1
9,659,34,2,0
9,662,8,0,1
9,667,8,0,1
9,669,8,0,1
9,670,8,0,1
9,673,8,0,1
9,674,8,0,1
9,675,8,0,1
9,676,8,0,1
9,678,8,0,1
9,680,8,0,1
9,684,8,0,1
9,685,8,0,1
9,686,8,0,1
9,688,609,3,3
9,689,8,0,1
9,691,8,0,1
9,692,8,0,1
9,695,8,0,1
9,698,8,0,1
9,699,8,0,1
9,701,8,0,1
9,704,8,0,1
9,706,8,0,1
9,707,8,0,1
9,708,8,0,1
9,712,8,0,1
9,713,8,0,1
9,714,8,0,1
9,717,8,0,1
9,720,8,0,1
9,722,8,0,1
9,723,8,0,1
9,724,8,0,1
10,627,9,0,1
10,639,9,0,1
10,644,9,0,1
10,656,610,3,3
10,659,35,2,0
10,661,35,2,0
10,688,610,3,3
10,695,9,0,1
10,696,610,3,3
10,723,9,0,1
11,627,10,0,1
11,639,10,0,1
11,644,10,0,1
11,656,611,3,3
11,659,36,2,0
11,661,36,2,0
11,688,611,3,3
11,695,10,0,1
11,696,611,3,3
11,723,10,0,1
12,639,11,0,1
12,656,612,3,3
12,659,37,2,0
12,688,612,3,3
12,695,11,0,1
12,723,11,0,1
13,656,613,3,3
13,659,38,2,0
13,688,14,1,0
13,695,12,0,1
13,723,12,0,1
14,659,39,2,0
14,695,13,0,1
15,659,40,2,0
16,656,616,3,3
16,659,41,2,0
16,695,17,1,0
17,639,18,1,0
17,656,617,3,3
17,659,42,2,0
17,667,18,1,0
17,688,617,3,3
17,695,18,1,0
17,723,18,1,0
18,639,19,1,0
18,656,618,3,3
18,659,43,2,0
18,688,618,3,3
18,695,19,1,0
18,723,19,1,0
19,627,20,1,0
19,639,20,1,0
19,644,20,1,0
19,656,619,3,3
19,659,44,2,0
19,661,44,2,0
19,688,619,3,3
19,695,20,1,0
19,696,619,3,3
19,723,20,1,0
20,627,21,1,0
20,639,21,1,0
20,644,21,1,0
20,656,620,3,3
20,659,45,2,0
20,661,45,2,0
20,688,620,3,3
20,695,21,1,0
20,696,620,3,3
20,723,21,1,0
21,639,46,2,0
21,644,621,3,3
21,656,621,3,3
21,659,46,2,0
21,688,621,3,3
21,695,46,2,0
21,723,621,3,3
22,627,622,3,3
22,639,47,2,0
22,644,622,3,3
22,656,21,0,1
22,659,21,0,1
22,661,21,0,1
22,688,21,0,1
22,695,47,2,0
22,696,21,0,1
22,723,622,3,3
23,627,623,3,3
23,639,48,2,0
23,644,623,3,3
23,656,22,0,1
23,659,22,0,1
23,661,22,0,1
23,688,22,0,1
23,695,48,2,0
23,696,22,0,1
23,723,623,3,3
24,639,49,2,0
24,656,23,0,1
24,659,23,0,1
24,688,23,0,1
24,695,49,2,0
24,723,624,3,3
25,639,50,2,0
25,656,49,3,2
25,659,49,3,2
25,667,50,2,0
25,688,49,3,2
25,695,50,2,0
25,723,0,0,1
26,656,25,1,1
26,659,25,1,1
26,688,25,1,1
26,695,51,3,0
27,659,26,1,2
28,659,29,2,1
28,695,53,3,0
29,656,30,2,1
29,659,30,2,1
29,667,54,3,0
29,688,28,1,2
29,695,54,3,0
29,723,4,0,2
30,639,55,3,0
30,656,31,2,1
30,659,31,2,1
30,688,31,2,1
30,695,55,3,0
30,723,5,0,2
31,627,6,0,2
31,639,56,3,0
31,644,6,0,2
31,656,32,2,1
31,659,32,2,1
31,661,32,2,1
31,688,32,2,1
31,695,56,3,0
31,696,32,2,1
31,723,6,0,2
32,627,7,0,2
32,639,57,3,0
32,644,7,0,2
32,656,33,2,1
32,659,33,2,1
32,661,33,2,1
32,688,33,2,1
32,695,57,3,0
32,696,33,2,1
32,723,7,0,2
33,626,58,3,0
33,627,8,0,2
33,629,58,3,0
33,632,58,3,0
33,637,58,3,0
33,638,8,0,2
33,639,58,3,0
33,640,8,0,2
33,643,8,0,2
33,644,8,0,2
33,647,8,0,2
33,650,8,0,2
33,651,8,0,2
33,652,58,3,0
33,653,8,0,2
33,656,8,0,2
33,657,8,0,2
33,659,58,3,0
33,660,8,0,2
33,661,34,2,1
33,663,8,0,2
33,664,58,3,0
33,665,58,3,0
33,666,58,3,0
33,668,8,0,2
33,671,8,0,2
33,672,58,3,0
33,677,58,3,0
33,681,8,0,2
33,683,58,3,0
33,687,8,0,2
33,688,8,0,2
33,690,8,0,2
33,693,58,3,0
33,694,58,3,0
33,695,58,3,0
33,697,58,3,0
33,700,8,0,2
33,702,58,3,0
33,703,8,0,2
33,705,8,0,2
33,709,58,3,0
33,710,8,0,2
33,711,8,0,2
33,715,58,3,0
33,716,58,3,0
33,718,58,3,0
33,719,8,0,2
33,721,58,3,0
33,723,8,0,2
34,625,33,1,2
34,627,33,1,2
34,628,33,1,2
34,630,33,1,2
34,631,33,1,2
34,633,33,1,2
34,634,33,1,2
34,635,33,1,2
34,636,33,1,2
34,639,33,1,2
34,641,33,1,2
34,642,33,1,2
34,644,33,1,2
34,645,33,1,2
34,648,33,1,2
34,649,33,1,2
34,655,33,1,2
34,656,9,0,2
34,658,33,1,2
34,659,59,3,0
34,661,35,2,1
34,662,33,1,2
34,667,33,1,2
34,669,33,1,2
34,670,33,1,2
34,673,33,1,2
34,674,33,1,2
34,675,33,1,2
34,676,33,1,2
34,678,33,1,2
34,679,33,1,2
34,680,33,1,2
34,685,33,1,2
34,686,33,1,2
34,688,9,0,2
34,689,33,1,2
34,691,33,1,2
34,692,33,1,2
34,695,33,1,2
34,698,33,1,2
34,699,33,1,2
34,701,33,1,2
34,704,33,1,2
34,706,33,1,2
34,707,33,1,2
34,708,33,1,2
34,712,33,1,2
34,713,33,1,2
34,714,33,1,2
34,717,33,1,2
34,720,33,1,2
34,722,33,1,2
34,723,33,1,2
34,724,33,1,2
35,627,34,1,2
35,639,34,1,2
35,644,34,1,2
35,656,10,0,2
35,659,60,3,0
35,661,36,2,1
35,688,10,0,2
35,695,34,1,2
35,696,10,0,2
35,723,34,1,2
36,627,35,1,2
36,639,35,1,2
36,644,35,1,2
36,656,11,0,2
36,659,61,3,0
36,661,661,40,0
36,688,11,0,2
36,695,35,1,2
36,696,11,0,2
36,723,35,1,2
37,639,36,1,2
37,656,12,0,2
37,659,62,3,0
37,688,12,0,2
37,695,36,1,2
37,723,36,1,2
38,656,13,0,2
38,659,63,3,0
38,688,39,2,1
38,695,37,1,2
38,723,37,1,2
39,659,64,3,0
39,695,38,1,2
40,659,65,3,0
41,656,16,0,2
41,659,66,3,0
41,695,42,2,1
42,639,43,2,1
42,656,17,0,2
42,659,67,3,0
42,667,43,2,1
42,688,17,0,2
42,695,43,2,1
42,723,43,2,1
43,639,44,2,1
43,656,18,0,2
43,659,68,3,0
43,688,18,0,2
43,695,44,2,1
43,723,44,2,1
44,627,45,2,1
44,639,45,2,1
44,644,45,2,1
44,656,19,0,2
44,659,69,3,0
44,661,43,1,2
44,688,19,0,2
44,695,45,2,1
44,696,19,0,2
44,723,45,2,1
45,627,46,2,1
45,639,46,2,1
45,644,46,2,1
45,656,20,0,2
45,659,70,3,0
45,661,44,1,2
45,688,20,0,2
45,695,46,2,1
45,696,20,0,2
45,723,46,2,1
46,639,71,3,0
46,644,21,0,2
46,656,21,0,2
46,659,71,3,0
46,661,45,1,2
46,688,21,0,2
46,695,71,3,0
46,723,21,0,2
47,627,22,0,2
47,639,72,3,0
47,644,22,0,2
47,656,46,1,2
47,659,46,1,2
47,661,46,1,2
47,688,46,1,2
47,695,72,3,0
47,696,46,1,2
47,723,22,0,2
48,627,23,0,2
48,639,73,3,0
48,644,23,0,2
48,656,47,1,2
48,659,47,1,2
48,661,47,1,2
48,688,47,1,2
48,695,73,3,0
48,696,47,1,2
48,723,23,0,2
49,639,74,3,0
49,656,48,1,2
49,659,48,1,2
49,688,48,1,2
49,695,74,3,0
49,723,24,0,2
50,639,75,2,0
50,656,74,3,2
50,659,74,3,2
50,667,75,2,0
50,688,74,3,2
50,695,75,2,0
50,723,25,0,2
51,656,50,1,1
51,659,50,1,1
51,688,50,1,1
51,695,76,3,0
52,659,51,1,2
53,659,54,2,1
53,695,78,3,0
54,656,55,2,1
54,659,55,2,1
54,667,79,3,0
54,688,53,1,2
54,695,79,3,0
54,723,29,0,3
55,639,80,3,0
55,656,56,2,1
55,659,56,2,1
55,688,56,2,1
55,695,80,3,0
55,723,30,0,3
56,627,31,0,3
56,639,81,3,0
56,644,31,0,3
56,656,57,2,1
56,659,57,2,1
56,661,57,2,1
56,688,57,2,1
56,695,81,3,0
56,696,57,2,1
56,723,31,0,3
57,627,32,0,3
57,639,82,3,0
57,644,32,0,3
57,656,58,2,1
57,659,58,2,1
57,661,58,2,1
57,688,58,2,1
57,695,82,3,0
57,696,58,2,1
57,723,32,0,3
58,626,83,3,0
58,627,33,0,3
58,629,83,3,0
58,632,83,3,0
58,637,83,3,0
58,638,33,0,3
58,639,83,3,0
58,640,33,0,3
58,643,33,0,3
58,644,33,0,3
58,646,33,0,3
58,647,33,0,3
58,650,33,0,3
58,651,33,0,3
58,652,83,3,0
58,653,33,0,3
58,654,33,0,3
58,656,33,0,3
58,657,33,0,3
58,659,83,3,0
58,660,33,0,3
58,661,33,0,3
58,663,33,0,3
58,664,83,3,0
58,665,83,3,0
58,668,33,0,3
58,671,33,0,3
58,672,83,3,0
58,677,83,3,0
58,681,33,0,3
58,682,33,0,3
58,683,83,3,0
58,687,83,3,0
58,688,33,0,3
58,690,33,0,3
58,695,83,3,0
58,697,83,3,0
58,700,33,0,3
58,703,33,0,3
58,705,33,0,3
58,709,83,3,0
58,710,33,0,3
58,711,33,0,3
58,715,83,3,0
58,716,83,3,0
58,718,83,3,0
58,719,33,0,3
58,721,83,3,0
58,723,33,0,3
59,625,58,1,2
59,627,58,1,2
59,628,58,1,2
59,630,58,1,2
59,631,58,1,2
59,633,58,1,2
59,634,58,1,2
59,635,58,1,2
59,636,58,1,2
59,639,58,1,2
59,642,58,1,2
59,644,58,1,2
59,645,58,1,2
59,648,58,1,2
59,649,58,1,2
59,655,58,1,2
59,656,34,0,3
59,658,58,1,2
59,659,84,3,0
59,661,34,0,3
59,662,58,1,2
59,667,58,1,2
59,669,58,1,2
59,670,58,1,2
59,673,58,1,2
59,674,58,1,2
59,675,58,1,2
59,676,58,1,2
59,678,58,1,2
59,679,58,1,2
59,680,58,1,2
59,684,58,1,2
59,685,58,1,2
59,686,58,1,2
59,688,34,0,3
59,689,58,1,2
59,691,58,1,2
59,692,58,1,2
59,695,58,1,2
59,698,58,1,2
59,699,58,1,2
59,701,58,1,2
59,704,58,1,2
59,706,58,1,2
59,707,58,1,2
59,708,58,1,2
59,712,58,1,2
59,713,58,1,2
59,714,58,1,2
59,717,58,1,2
59,720,58,1,2
59,722,58,1,2
59,723,58,1,2
59,724,58,1,2
60,627,59,1,2
60,639,59,1,2
60,644,59,1,2
60,656,35,0,3
60,659,85,3,0
60,661,35,0,3
60,688,35,0,3
60,695,59,1,2
60,696,35,0,3
60,723,59,1,2
61,627,60,1,2
61,639,60,1,2
61,644,60,1,2
61,656,36,0,3
61,659,86,3,0
61,661,36,0,3
61,688,36,0,3
61,695,60,1,2
61,696,36,0,3
61,723,60,1,2
62,639,61,1,2
62,656,37,0,3
62,659,87,3,0
62,688,37,0,3
62,695,61,1,2
62,723,61,1,2
63,656,38,0,3
63,659,88,3,0
63,688,64,2,1
63,695,62,1,2
63,723,62,1,2
64,659,89,3,0
64,695,63,1,2
65,659,90,3,0
66,656,41,0,3
66,659,91,3,0
66,695,67,2,1
67,639,68,2,1
67,656,42,0,3
67,659,92,3,0
67,667,68,2,1
67,688,42,0,3
67,695,68,2,1
67,723,68,2,1
68,639,69,2,1
68,656,43,0,3
68,659,93,3,0
68,688,43,0,3
68,695,69,2,1
68,723,69,2,1
69,627,70,2,1
69,639,70,2,1
69,644,70,2,1
69,656,44,0,3
69,659,94,3,0
69,661,44,0,3
69,688,44,0,3
69,695,70,2,1
69,696,44,0,3
69,723,70,2,1
70,627,71,2,1
70,639,71,2,1
70,644,71,2,1
70,656,45,0,3
70,659,95,3,0
70,661,45,0,3
70,688,45,0,3
70,695,71,2,1
70,696,45,0,3
70,723,71,2,1
71,639,96,3,0
71,644,46,0,3
71,656,46,0,3
71,659,96,3,0
71,661,46,0,3
71,688,46,0,3
71,695,96,3,0
71,723,46,0,3
72,627,47,0,3
72,639,97,3,0
72,644,47,0,3
72,656,71,1,2
72,659,71,1,2
72,661,71,1,2
72,688,71,1,2
72,695,97,3,0
72,696,71,1,2
72,723,47,0,3
73,627,48,0,3
73,639,98,3,0
73,644,48,0,3
73,656,72,1,2
73,659,72,1,2
73,661,72,1,2
73,688,72,1,2
73,695,98,3,0
73,696,72,1,2
73,723,48,0,3
74,639,99,3,0
74,656,73,1,2
74,659,73,1,2
74,688,73,1,2
74,695,99,3,0
74,723,49,0,3
75,639,100,2,0
75,656,99,3,2
75,659,99,3,2
75,667,100,2,0
75,688,99,3,2
75,695,100,2,0
75,723,100,2,0
76,656,75,1,1
76,659,75,1,1
76,688,75,1,1
76,695,101,3,0
77,659,76,1,2
78,659,79,2,1
78,695,103,3,0
79,656,80,2,1
79,659,80,2,1
79,667,104,3,0
79,688,78,1,2
79,695,104,3,0
79,723,104,3,0
80,639,105,3,0
80,656,81,2,1
80,659,81,2,1
80,688,81,2,1
80,695,105,3,0
80,723,105,3,0
81,627,56,0,3
81,639,106,3,0
81,644,106,3,0
81,656,82,2,1
81,659,82,2,1
81,661,82,2,1
81,688,82,2,1
81,695,106,3,0
81,696,82,2,1
81,723,106,3,0
82,627,57,0,3
82,639,107,3,0
82,644,107,3,0
82,656,83,2,1
82,659,83,2,1
82,661,83,2,1
82,688,83,2,1
82,695,107,3,0
82,696,83,2,1
82,723,107,3,0
83,627,58,0,3
83,629,108,3,0
83,637,108,3,0
83,638,58,0,3
83,639,108,3,0
83,640,58,0,3
83,643,58,0,3
83,644,108,3,0
83,646,58,0,3
83,647,58,0,3
83,650,58,0,3
83,651,58,0,3
83,652,108,3,0
83,653,58,0,3
83,654,58,0,3
83,657,58,0,3
83,659,84,2,1
83,660,58,0,3
83,661,58,0,3
83,663,108,3,0
83,664,108,3,0
83,665,108,3,0
83,666,58,0,3
83,668,58,0,3
83,671,58,0,3
83,672,108,3,0
83,677,108,3,0
83,681,58,0,3
83,682,58,0,3
83,683,108,3,0
83,687,108,3,0
83,690,108,3,0
83,693,58,0,3
83,694,58,0,3
83,695,108,3,0
83,697,108,3,0
83,700,58,0,3
83,702,58,0,3
83,703,58,0,3
83,705,58,0,3
83,709,108,3,0
83,710,108,3,0
83,711,58,0,3
83,716,108,3,0
83,719,58,0,3
83,721,108,3,0
83,723,108,3,0
84,625,83,1,2
84,627,83,1,2
84,628,83,1,2
84,630,83,1,2
84,631,83,1,2
84,633,83,1,2
84,634,83,1,2
84,635,83,1,2
84,636,83,1,2
84,639,83,1,2
84,641,83,1,2
84,644,83,1,2
84,645,83,1,2
84,648,83,1,2
84,649,83,1,2
84,658,83,1,2
84,659,85,2,1
84,661,59,0,3
84,662,83,1,2
84,667,83,1,2
84,669,83,1,2
84,670,83,1,2
84,673,83,1,2
84,674,83,1,2
84,675,83,1,2
84,676,83,1,2
84,678,83,1,2
84,679,83,1,2
84,680,83,1,2
84,684,83,1,2
84,685,83,1,2
84,686,83,1,2
84,689,83,1,2
84,691,83,1,2
84,692,83,1,2
84,695,83,1,2
84,698,83,1,2
84,699,83,1,2
84,704,83,1,2
84,706,83,1,2
84,707,83,1,2
84,708,83,1,2
84,710,109,3,0
84,712,83,1,2
84,713,83,1,2
84,714,83,1,2
84,717,83,1,2
84,720,83,1,2
84,722,83,1,2
84,723,83,1,2
84,724,83,1,2
85,627,84,1,2
85,639,84,1,2
85,644,84,1,2
85,656,110,3,0
85,659,86,2,1
85,661,60,0,3
85,688,110,3,0
85,695,84,1,2
85,696,60,0,3
85,710,110,3,0
85,723,84,1,2
86,627,85,1,2
86,639,85,1,2
86,644,85,1,2
86,656,111,3,0
86,659,87,2,1
86,661,61,0,3
86,688,111,3,0
86,695,85,1,2
86,696,61,0,3
86,710,111,3,0
86,723,85,1,2
87,639,86,1,2
87,656,112,3,0
87,659,88,2,1
87,688,112,3,0
87,695,86,1,2
87,723,86,1,2
88,656,113,3,0
88,659,89,2,1
88,688,89,2,1
88,695,87,1,2
88,723,87,1,2
89,659,90,2,1
89,695,88,1,2
90,659,659,38,0
91,656,116,3,0
91,659,90,1,2
91,695,92,2,1
92,639,93,2,1
92,656,117,3,0
92,659,91,1,2
92,667,93,2,1
92,688,117,3,0
92,695,93,2,1
92,723,93,2,1
93,639,94,2,1
93,656,118,3,0
93,659,92,1,2
93,688,118,3,0
93,695,94,2,1
93,723,94,2,1
94,627,95,2,1
94,639,95,2,1
94,644,95,2,1
94,656,119,3,0
94,659,93,1,2
94,661,69,0,3
94,688,119,3,0
94,695,95,2,1
94,696,69,0,3
94,710,119,3,0
94,723,95,2,1
95,627,96,2,1
95,639,96,2,1
95,644,96,2,1
95,656,120,3,0
95,659,94,1,2
95,661,70,0,3
95,688,120,3,0
95,695,96,2,1
95,696,70,0,3
95,710,120,3,0
95,723,96,2,1
96,639,121,3,0
96,659,95,1,2
96,661,71,0,3
96,695,121,3,0
96,710,121,3,0
97,627,72,0,3
97,639,122,3,0
97,644,122,3,0
97,656,96,1,2
97,659,96,1,2
97,661,96,1,2
97,688,96,1,2
97,695,122,3,0
97,696,96,1,2
97,723,122,3,0
98,627,73,0,3
98,639,123,3,0
98,644,123,3,0
98,656,97,1,2
98,659,97,1,2
98,661,97,1,2
98,688,97,1,2
98,695,123,3,0
98,696,97,1,2
98,723,123,3,0
99,639,124,3,0
99,656,98,1,2
99,659,98,1,2
99,688,98,1,2
99,695,124,3,0
99,723,124,3,0
100,639,125,2,0
100,656,124,3,2
100,659,124,3,2
100,667,125,2,0
100,688,124,3,2
100,695,125,2,0
100,723,125,2,0
101,656,100,1,1
101,659,100,1,1
101,688,100,1,1
101,695,126,3,0
102,659,101,1,2
103,659,104,2,1
103,695,128,3,0
104,656,105,2,1
104,659,105,2,1
104,667,129,3,0
104,688,103,1,2
104,695,129,3,0
104,723,129,3,0
105,639,130,3,0
105,656,106,2,1
105,659,106,2,1
105,688,106,2,1
105,695,130,3,0
105,723,130,3,0
106,627,81,0,3
106,639,131,3,0
106,644,131,3,0
106,656,107,2,1
106,659,107,2,1
106,661,107,2,1
106,688,107,2,1
106,695,131,3,0
106,696,107,2,1
106,723,131,3,0
107,627,82,0,3
107,639,132,3,0
107,644,132,3,0
107,656,108,2,1
107,659,108,2,1
107,661,108,2,1
107,688,108,2,1
107,695,132,3,0
107,696,108,2,1
107,723,132,3,0
108,626,83,0,3
108,627,83,0,3
108,629,133,3,0
108,632,83,0,3
108,637,133,3,0
108,638,133,3,0
108,639,133,3,0
108,640,83,0,3
108,643,83,0,3
108,644,133,3,0
108,646,83,0,3
108,647,83,0,3
108,650,133,3,0
108,651,83,0,3
108,652,133,3,0
108,653,83,0,3
108,654,83,0,3
108,656,133,3,0
108,657,83,0,3
108,659,83,0,3
108,660,83,0,3
108,661,83,0,3
108,663,133,3,0
108,664,133,3,0
108,665,133,3,0
108,666,83,0,3
108,668,83,0,3
108,671,83,0,3
108,672,133,3,0
108,681,83,0,3
108,682,83,0,3
108,683,133,3,0
108,687,133,3,0
108,690,133,3,0
108,693,83,0,3
108,694,83,0,3
108,695,133,3,0
108,697,133,3,0
108,700,83,0,3
108,702,83,0,3
108,703,83,0,3
108,705,83,0,3
108,709,133,3,0
108,710,133,3,0
108,711,133,3,0
108,715,83,0,3
108,716,133,3,0
108,718,83,0,3
108,719,83,0,3
108,723,133,3,0
109,625,108,1,2
109,627,108,1,2
109,628,108,1,2
109,630,108,1,2
109,631,108,1,2
109,633,108,1,2
109,634,108,1,2
109,635,108,1,2
109,636,108,1,2
109,639,108,1,2
109,641,108,1,2
109,642,108,1,2
109,644,108,1,2
109,645,108,1,2
109,649,108,1,2
109,655,108,1,2
109,656,134,3,0
109,658,108,1,2
109,659,84,0,3
109,661,84,0,3
109,662,108,1,2
109,667,108,1,2
109,669,108,1,2
109,670,108,1,2
109,673,108,1,2
109,674,108,1,2
109,675,108,1,2
109,676,108,1,2
109,678,108,1,2
109,679,108,1,2
109,680,108,1,2
109,684,108,1,2
109,685,108,1,2
109,686,108,1,2
109,689,108,1,2
109,691,108,1,2
109,695,108,1,2
109,698,108,1,2
109,699,108,1,2
109,701,108,1,2
109,704,108,1,2
109,707,108,1,2
109,708,108,1,2
109,712,108,1,2
109,713,108,1,2
109,714,108,1,2
109,717,108,1,2
109,720,108,1,2
109,722,108,1,2
109,723,108,1,2
109,724,108,1,2
110,627,109,1,2
110,639,109,1,2
110,644,109,1,2
110,656,135,3,0
110,659,85,0,3
110,661,85,0,3
110,688,135,3,0
110,695,109,1,2
110,696,85,0,3
110,723,109,1,2
111,627,110,1,2
111,639,110,1,2
111,644,110,1,2
111,656,136,3,0
111,659,86,0,3
111,661,86,0,3
111,688,136,3,0
111,695,110,1,2
111,696,86,0,3
111,723,110,1,2
112,639,111,1,2
112,656,137,3,0
112,659,87,0,3
112,688,137,3,0
112,695,111,1,2
112,723,111,1,2
113,656,138,3,0
113,659,88,0,3
113,688,114,2,1
113,695,112,1,2
113,723,112,1,2
114,659,89,0,3
114,695,113,1,2
115,659,90,0,3
116,656,141,3,0
116,659,91,0,3
116,695,117,2,1
117,639,118,2,1
117,656,142,3,0
117,659,92,0,3
117,667,118,2,1
117,688,142,3,0
117,695,118,2,1
117,723,118,2,1
118,639,119,2,1
118,656,143,3,0
118,659,93,0,3
118,688,143,3,0
118,695,119,2,1
118,723,119,2,1
119,627,120,2,1
119,639,120,2,1
119,644,120,2,1
119,656,144,3,0
119,659,94,0,3
119,661,94,0,3
119,688,144,3,0
119,695,120,2,1
119,696,94,0,3
119,723,120,2,1
120,627,121,2,1
120,639,121,2,1
120,644,121,2,1
120,656,145,3,0
120,659,95,0,3
120,661,95,0,3
120,688,145,3,0
120,695,121,2,1
120,696,95,0,3
120,723,121,2,1
121,656,146,3,0
121,659,96,0,3
121,661,96,0,3
121,695,146,3,0
122,627,97,0,3
122,639,147,3,0
122,644,147,3,0
122,656,121,1,2
122,659,121,1,2
122,661,121,1,2
122,688,121,1,2
122,695,147,3,0
122,696,121,1,2
122,723,147,3,0
123,627,98,0,3
123,639,148,3,0
123,644,148,3,0
123,656,122,1,2
123,659,122,1,2
123,661,122,1,2
123,688,122,1,2
123,695,148,3,0
123,696,122,1,2
123,723,148,3,0
124,639,149,3,0
124,656,123,1,2
124,659,123,1,2
124,688,123,1,2
124,695,149,3,0
124,723,149,3,0
125,639,150,2,0
125,656,149,3,2
125,659,149,3,2
125,667,150,2,0
125,688,149,3,2
125,695,150,2,0
125,723,150,2,0
126,656,125,1,1
126,659,125,1,1
126,688,125,1,1
126,695,151,3,0
127,659,126,1,2
128,659,129,2,1
128,695,153,3,0
129,656,130,2,1
129,659,130,2,1
129,667,154,3,0
129,695,154,3,0
129,723,154,3,0
130,639,155,3,0
130,656,131,2,1
130,659,131,2,1
130,688,131,2,1
130,695,155,3,0
130,723,155,3,0
131,627,106,0,3
131,639,156,3,0
131,644,156,3,0
131,656,132,2,1
131,659,132,2,1
131,661,132,2,1
131,688,132,2,1
131,695,156,3,0
131,696,132,2,1
131,723,156,3,0
132,627,107,0,3
132,639,157,3,0
132,644,157,3,0
132,656,133,2,1
132,659,133,2,1
132,661,133,2,1
132,688,133,2,1
132,695,157,3,0
132,696,133,2,1
132,723,157,3,0
133,626,108,0,3
133,627,108,0,3
133,629,158,3,0
133,632,108,0,3
133,637,158,3,0
133,638,158,3,0
133,639,158,3,0
133,640,108,0,3
133,643,108,0,3
133,644,158,3,0
133,646,108,0,3
133,647,108,0,3
133,650,158,3,0
133,651,108,0,3
133,652,158,3,0
133,653,108,0,3
133,654,108,0,3
133,656,158,3,0
133,657,108,0,3
133,659,108,0,3
133,660,158,3,0
133,661,108,0,3
133,663,158,3,0
133,666,108,0,3
133,668,158,3,0
133,671,108,0,3
133,672,158,3,0
133,677,108,0,3
133,681,108,0,3
133,682,108,0,3
133,683,158,3,0
133,687,158,3,0
133,688,158,3,0
133,690,158,3,0
133,693,108,0,3
133,694,108,0,3
133,695,158,3,0
133,696,158,3,0
133,697,158,3,0
133,700,158,3,0
133,702,108,0,3
133,703,108,0,3
133,705,108,0,3
133,710,158,3,0
133,711,158,3,0
133,715,108,0,3
133,716,158,3,0
133,718,108,0,3
133,719,108,0,3
133,721,108,0,3
133,723,158,3,0
134,625,133,1,2
134,627,133,1,2
134,628,133,1,2
134,630,133,1,2
134,631,133,1,2
134,633,133,1,2
134,634,133,1,2
134,635,133,1,2
134,636,133,1,2
134,639,133,1,2
134,641,133,1,2
134,642,133,1,2
134,644,133,1,2
134,645,133,1,2
134,648,133,1,2
134,649,133,1,2
134,655,133,1,2
134,656,159,3,0
134,658,133,1,2
134,659,109,0,3
134,661,109,0,3
134,667,133,1,2
134,669,133,1,2
134,670,133,1,2
134,673,133,1,2
134,674,133,1,2
134,675,133,1,2
134,676,133,1,2
134,678,133,1,2
134,679,133,1,2
134,684,133,1,2
134,685,133,1,2
134,686,133,1,2
134,688,159,3,0
134,691,133,1,2
134,692,133,1,2
134,695,133,1,2
134,696,159,3,0
134,698,133,1,2
134,699,133,1,2
134,701,133,1,2
134,704,133,1,2
134,706,133,1,2
134,707,133,1,2
134,708,133,1,2
134,712,133,1,2
134,713,133,1,2
134,714,133,1,2
134,717,133,1,2
134,720,133,1,2
134,722,133,1,2
134,723,133,1,2
134,724,133,1,2
135,627,134,1,2
135,639,134,1,2
135,644,134,1,2
135,656,160,3,0
135,659,110,0,3
135,661,110,0,3
135,688,160,3,0
135,695,134,1,2
135,696,160,3,0
135,723,134,1,2
136,627,135,1,2
136,639,135,1,2
136,644,135,1,2
136,656,161,3,0
136,659,111,0,3
136,661,111,0,3
136,688,161,3,0
136,695,135,1,2
136,696,161,3,0
136,723,135,1,2
137,639,136,1,2
137,656,162,3,0
137,659,112,0,3
137,688,162,3,0
137,695,136,1,2
137,723,136,1,2
138,656,163,3,0
138,659,113,0,3
138,688,139,2,1
138,695,137,1,2
138,723,137,1,2
139,659,114,0,3
139,695,138,1,2
140,659,115,0,3
141,656,166,3,0
141,659,116,0,3
141,695,142,2,1
142,639,143,2,1
142,656,167,3,0
142,659,117,0,3
142,667,143,2,1
142,688,167,3,0
142,695,143,2,1
142,723,143,2,1
143,639,144,2,1
143,656,168,3,0
143,659,118,0,3
143,688,168,3,0
143,695,144,2,1
143,723,144,2,1
144,627,145,2,1
144,639,145,2,1
144,644,145,2,1
144,656,169,3,0
144,659,119,0,3
144,661,119,0,3
144,688,169,3,0
144,695,145,2,1
144,696,169,3,0
144,723,145,2,1
145,627,146,2,1
145,639,146,2,1
145,644,146,2,1
145,656,170,3,0
145,659,120,0,3
145,661,120,0,3
145,688,170,3,0
145,695,146,2,1
145,696,170,3,0
145,723,146,2,1
146,627,121,0,3
146,656,171,3,0
146,659,121,0,3
146,661,121,0,3
146,688,171,3,0
146,695,171,3,0
146,696,171,3,0
146,723,171,3,0
147,627,122,0,3
147,639,172,3,0
147,644,172,3,0
147,656,146,1,2
147,659,146,1,2
147,661,146,1,2
147,688,146,1,2
147,695,172,3,0
147,696,146,1,2
147,723,172,3,0
148,627,123,0,3
148,639,173,3,0
148,644,173,3,0
148,656,147,1,2
148,659,147,1,2
148,661,147,1,2
148,688,147,1,2
148,695,173,3,0
148,696,147,1,2
148,723,173,3,0
149,639,174,3,0
149,656,148,1,2
149,659,148,1,2
149,688,148,1,2
149,695,174,3,0
149,723,174,3,0
150,639,639,18,0
150,656,174,3,2
150,659,174,3,2
150,667,175,2,0
150,688,174,3,2
150,695,175,2,0
150,723,175,2,0
151,656,150,1,1
151,659,150,1,1
151,688,150,1,1
151,695,176,3,0
152,659,151,1,2
153,659,154,2,1
153,695,178,3,0
154,656,155,2,1
154,659,155,2,1
154,667,179,3,0
154,688,153,1,2
154,695,179,3,0
154,723,179,3,0
155,639,154,1,2
155,656,156,2,1
155,659,156,2,1
155,688,156,2,1
155,695,180,3,0
155,723,180,3,0
156,627,131,0,3
156,639,155,1,2
156,644,181,3,0
156,656,157,2,1
156,659,157,2,1
156,661,157,2,1
156,688,157,2,1
156,695,181,3,0
156,696,157,2,1
156,723,181,3,0
157,627,132,0,3
157,639,156,1,2
157,644,182,3,0
157,656,158,2,1
157,659,158,2,1
157,661,158,2,1
157,688,158,2,1
157,695,182,3,0
157,696,158,2,1
157,723,182,3,0
158,626,133,0,3
158,627,133,0,3
158,629,183,3,0
158,632,133,0,3
158,637,183,3,0
158,638,183,3,0
158,639,157,1,2
158,640,133,0,3
158,643,133,0,3
158,644,183,3,0
158,646,133,0,3
158,647,133,0,3
158,650,183,3,0
158,651,133,0,3
158,653,133,0,3
158,654,133,0,3
158,656,183,3,0
158,657,183,3,0
158,659,133,0,3
158,660,183,3,0
158,661,133,0,3
158,663,183,3,0
158,664,133,0,3
158,665,133,0,3
158,666,133,0,3
158,668,183,3,0
158,671,133,0,3
158,677,133,0,3
158,681,133,0,3
158,682,133,0,3
158,687,183,3,0
158,688,183,3,0
158,690,183,3,0
158,693,133,0,3
158,694,133,0,3
158,695,183,3,0
158,696,183,3,0
158,697,183,3,0
158,700,183,3,0
158,702,133,0,3
158,703,133,0,3
158,705,133,0,3
158,709,133,0,3
158,710,183,3,0
158,711,183,3,0
158,715,133,0,3
158,716,183,3,0
158,718,133,0,3
158,719,133,0,3
158,721,133,0,3
158,723,183,3,0
159,625,158,1,2
159,627,158,1,2
159,628,158,1,2
159,630,158,1,2
159,631,158,1,2
159,633,158,1,2
159,634,158,1,2
159,635,158,1,2
159,636,158,1,2
159,639,158,1,2
159,641,158,1,2
159,642,158,1,2
159,644,158,1,2
159,645,158,1,2
159,648,158,1,2
159,649,158,1,2
159,655,158,1,2
159,656,184,3,0
159,658,158,1,2
159,659,134,0,3
159,661,134,0,3
159,662,158,1,2
159,667,158,1,2
159,669,158,1,2
159,670,158,1,2
159,673,158,1,2
159,674,158,1,2
159,675,158,1,2
159,676,158,1,2
159,678,158,1,2
159,679,158,1,2
159,680,158,1,2
159,684,158,1,2
159,685,158,1,2
159,686,158,1,2
159,688,184,3,0
159,689,158,1,2
159,691,158,1,2
159,692,158,1,2
159,695,158,1,2
159,696,184,3,0
159,698,158,1,2
159,699,158,1,2
159,701,158,1,2
159,704,158,1,2
159,706,158,1,2
159,707,158,1,2
159,713,158,1,2
159,714,158,1,2
159,717,158,1,2
159,720,158,1,2
159,722,158,1,2
159,723,158,1,2
159,724,158,1,2
160,627,159,1,2
160,639,159,1,2
160,644,159,1,2
160,656,185,3,0
160,659,135,0,3
160,661,135,0,3
160,688,185,3,0
160,695,159,1,2
160,696,185,3,0
160,723,159,1,2
161,627,160,1,2
161,639,160,1,2
161,644,160,1,2
161,656,186,3,0
161,659,136,0,3
161,661,136,0,3
161,688,186,3,0
161,695,160,1,2
161,696,186,3,0
161,723,160,1,2
162,639,161,1,2
162,656,187,3,0
162,659,137,0,3
162,688,187,3,0
162,695,161,1,2
162,723,161,1,2
163,656,188,3,0
163,659,138,0,3
163,688,164,2,1
163,695,162,1,2
163,723,162,1,2
164,659,139,0,3
164,695,163,1,2
165,659,140,0,3
166,656,191,3,0
166,659,141,0,3
166,695,167,2,1
167,639,168,2,1
167,656,192,3,0
167,659,142,0,3
167,667,168,2,1
167,688,192,3,0
167,695,168,2,1
167,723,168,2,1
168,639,169,2,1
168,656,193,3,0
168,659,143,0,3
168,688,193,3,0
168,695,169,2,1
168,723,169,2,1
169,627,170,2,1
169,639,170,2,1
169,644,170,2,1
169,656,194,3,0
169,659,144,0,3
169,661,144,0,3
169,688,194,3,0
169,695,170,2,1
169,696,194,3,0
169,723,170,2,1
170,627,171,2,1
170,639,171,2,1
170,644,171,2,1
170,656,195,3,0
170,659,145,0,3
170,661,145,0,3
170,688,195,3,0
170,695,171,2,1
170,696,195,3,0
170,723,171,2,1
171,627,146,0,3
171,639,172,2,1
171,656,196,3,0
171,659,146,0,3
171,661,146,0,3
171,688,196,3,0
171,695,196,3,0
171,696,196,3,0
171,723,196,3,0
172,627,147,0,3
172,639,173,2,1
172,644,197,3,0
172,656,171,1,2
172,659,171,1,2
172,661,171,1,2
172,688,171,1,2
172,695,197,3,0
172,696,171,1,2
172,723,197,3,0
173,627,148,0,3
173,639,174,2,1
173,644,198,3,0
173,656,172,1,2
173,659,172,1,2
173,661,172,1,2
173,688,172,1,2
173,695,198,3,0
173,696,172,1,2
173,723,198,3,0
174,639,150,2,3
174,656,173,1,2
174,659,173,1,2
174,688,173,1,2
174,695,199,3,0
174,723,199,3,0
175,639,150,0,2
175,656,199,3,2
175,659,199,3,2
175,667,200,2,0
175,688,199,3,2
175,695,200,2,0
175,723,200,2,0
176,656,175,1,1
176,659,175,1,1
176,688,175,1,1
176,695,201,3,0
177,659,176,1,2
178,659,179,2,1
178,695,203,3,0
179,656,180,2,1
179,659,180,2,1
179,667,204,3,0
179,688,178,1,2
179,695,204,3,0
179,723,204,3,0
180,639,155,0,3
180,656,181,2,1
180,659,181,2,1
180,688,181,2,1
180,695,205,3,0
180,723,205,3,0
181,627,156,0,3
181,639,156,0,3
181,644,206,3,0
181,656,182,2,1
181,659,182,2,1
181,661,182,2,1
181,688,182,2,1
181,695,206,3,0
181,696,182,2,1
181,723,206,3,0
182,627,157,0,3
182,639,157,0,3
182,644,207,3,0
182,656,183,2,1
182,659,183,2,1
182,661,183,2,1
182,688,183,2,1
182,695,207,3,0
182,696,183,2,1
182,723,207,3,0
183,626,158,0,3
183,627,158,0,3
183,629,208,3,0
183,632,158,0,3
183,638,208,3,0
183,639,158,0,3
183,640,158,0,3
183,643,158,0,3
183,644,208,3,0
183,646,158,0,3
183,647,158,0,3
183,650,208,3,0
183,651,158,0,3
183,652,158,0,3
183,653,158,0,3
183,654,158,0,3
183,656,208,3,0
183,657,208,3,0
183,659,158,0,3
183,660,208,3,0
183,661,158,0,3
183,663,208,3,0
183,664,158,0,3
183,665,158,0,3
183,666,158,0,3
183,668,208,3,0
183,671,158,0,3
183,672,158,0,3
183,677,158,0,3
183,681,158,0,3
183,682,158,0,3
183,683,158,0,3
183,687,208,3,0
183,688,208,3,0
183,690,208,3,0
183,693,158,0,3
183,694,158,0,3
183,695,208,3,0
183,696,208,3,0
183,700,208,3,0
183,702,158,0,3
183,703,158,0,3
183,705,158,0,3
183,709,158,0,3
183,710,208,3,0
183,711,208,3,0
183,715,158,0,3
183,718,158,0,3
183,719,158,0,3
183,721,158,0,3
183,723,208,3,0
184,625,183,1,2
184,627,183,1,2
184,628,183,1,2
184,630,183,1,2
184,631,183,1,2
184,633,183,1,2
184,634,183,1,2
184,635,183,1,2
184,636,183,1,2
184,639,183,1,2
184,641,183,1,2
184,642,183,1,2
184,644,183,1,2
184,645,183,1,2
184,648,183,1,2
184,649,183,1,2
184,655,183,1,2
184,656,209,3,0
184,658,183,1,2
184,659,159,0,3
184,661,159,0,3
184,662,183,1,2
184,667,183,1,2
184,669,183,1,2
184,670,183,1,2
184,673,183,1,2
184,675,183,1,2
184,676,183,1,2
184,678,183,1,2
184,679,183,1,2
184,680,183,1,2
184,684,183,1,2
184,685,183,1,2
184,686,183,1,2
184,688,209,3,0
184,689,183,1,2
184,691,183,1,2
184,692,183,1,2
184,695,183,1,2
184,696,209,3,0
184,698,183,1,2
184,699,183,1,2
184,701,183,1,2
184,704,183,1,2
184,706,183,1,2
184,707,183,1,2
184,708,183,1,2
184,712,183,1,2
184,713,183,1,2
184,714,183,1,2
184,717,183,1,2
184,720,183,1,2
184,722,183,1,2
184,723,183,1,2
184,724,183,1,2
185,627,184,1,2
185,639,184,1,2
185,644,184,1,2
185,656,210,3,0
185,659,160,0,3
185,661,160,0,3
185,688,210,3,0
185,695,184,1,2
185,696,210,3,0
185,723,184,1,2
186,627,185,1,2
186,639,185,1,2
186,644,185,1,2
186,656,211,3,0
186,659,161,0,3
186,661,161,0,3
186,688,211,3,0
186,695,185,1,2
186,696,211,3,0
186,723,185,1,2
187,639,186,1,2
187,656,212,3,0
187,659,162,0,3
187,688,212,3,0
187,695,186,1,2
187,723,186,1,2
188,656,213,3,0
188,659,163,0,3
188,688,189,2,1
188,695,187,1,2
188,723,187,1,2
189,659,164,0,3
189,695,188,1,2
190,659,165,0,3
191,656,216,3,0
191,659,166,0,3
191,695,192,2,1
192,639,193,2,1
192,656,217,3,0
192,659,167,0,3
192,667,193,2,1
192,688,217,3,0
192,695,193,2,1
192,723,193,2,1
193,639,194,2,1
193,656,218,3,0
193,659,168,0,3
193,688,218,3,0
193,695,194,2,1
193,723,194,2,1
194,627,195,2,1
194,639,195,2,1
194,644,195,2,1
194,656,219,3,0
194,659,169,0,3
194,661,169,0,3
194,688,219,3,0
194,695,195,2,1
194,696,219,3,0
194,723,195,2,1
195,627,196,2,1
195,639,196,2,1
195,644,196,2,1
195,656,220,3,0
195,659,170,0,3
195,661,170,0,3
195,688,220,3,0
195,695,196,2,1
195,696,220,3,0
195,723,196,2,1
196,627,171,0,3
196,639,171,0,3
196,656,221,3,0
196,659,171,0,3
196,661,171,0,3
196,688,221,3,0
196,695,221,3,0
196,696,221,3,0
196,723,221,3,0
197,627,172,0,3
197,639,172,0,3
197,644,222,3,0
197,656,196,1,2
197,659,196,1,2
197,661,196,1,2
197,688,196,1,2
197,695,222,3,0
197,696,196,1,2
197,723,222,3,0
198,627,173,0,3
198,639,173,0,3
198,644,223,3,0
198,656,197,1,2
198,659,197,1,2
198,661,197,1,2
198,688,197,1,2
198,695,223,3,0
198,696,197,1,2
198,723,223,3,0
199,639,174,0,3
199,656,198,1,2
199,659,198,1,2
199,688,198,1,2
199,695,224,3,0
199,723,224,3,0
200,639,175,0,2
200,656,224,3,2
200,659,224,3,2
200,667,225,2,0
200,688,224,3,2
200,695,225,2,0
200,723,225,2,0
201,656,200,1,1
201,659,200,1,1
201,688,200,1,1
201,695,226,3,0
202,659,201,1,2
203,659,204,2,1
203,695,228,3,0
204,656,205,2,1
204,659,205,2,1
204,667,229,3,0
204,688,203,1,2
204,695,229,3,0
204,723,229,3,0
205,639,180,0,3
205,656,206,2,1
205,659,206,2,1
205,688,206,2,1
205,695,230,3,0
205,723,230,3,0
206,627,181,0,3
206,639,181,0,3
206,644,231,3,0
206,656,207,2,1
206,659,207,2,1
206,661,207,2,1
206,688,207,2,1
206,695,231,3,0
206,696,207,2,1
206,723,231,3,0
207,627,182,0,3
207,639,182,0,3
207,644,232,3,0
207,656,208,2,1
207,659,208,2,1
207,661,208,2,1
207,688,208,2,1
207,695,232,3,0
207,696,208,2,1
207,723,232,3,0
208,626,183,0,3
208,627,183,0,3
208,629,233,3,0
208,632,183,0,3
208,637,183,0,3
208,638,233,3,0
208,639,183,0,3
208,640,183,0,3
208,643,183,0,3
208,644,233,3,0
208,646,183,0,3
208,647,183,0,3
208,650,233,3,0
208,651,183,0,3
208,652,183,0,3
208,653,233,3,0
208,654,183,0,3
208,656,233,3,0
208,657,233,3,0
208,659,183,0,3
208,660,233,3,0
208,661,183,0,3
208,663,233,3,0
208,664,183,0,3
208,665,183,0,3
208,666,183,0,3
208,668,233,3,0
208,671,183,0,3
208,672,183,0,3
208,677,183,0,3
208,681,183,0,3
208,682,183,0,3
208,683,183,0,3
208,687,233,3,0
208,688,233,3,0
208,690,233,3,0
208,693,183,0,3
208,694,183,0,3
208,695,233,3,0
208,696,233,3,0
208,697,183,0,3
208,700,233,3,0
208,702,183,0,3
208,703,183,0,3
208,705,183,0,3
208,709,183,0,3
208,710,233,3,0
208,711,233,3,0
208,715,183,0,3
208,716,183,0,3
208,718,183,0,3
208,719,183,0,3
208,721,183,0,3
208,723,233,3,0
209,625,208,1,2
209,627,208,1,2
209,628,208,1,2
209,630,208,1,2
209,631,208,1,2
209,633,208,1,2
209,634,208,1,2
209,636,208,1,2
209,639,208,1,2
209,641,208,1,2
209,642,208,1,2
209,644,208,1,2
209,645,208,1,2
209,648,208,1,2
209,649,208,1,2
209,655,208,1,2
209,656,234,3,0
209,658,208,1,2
209,659,184,0,3
209,661,184,0,3
209,662,208,1,2
209,667,208,1,2
209,669,208,1,2
209,670,208,1,2
209,673,208,1,2
209,674,208,1,2
209,675,208,1,2
209,676,208,1,2
209,678,208,1,2
209,679,208,1,2
209,680,208,1,2
209,684,208,1,2
209,685,208,1,2
209,686,208,1,2
209,688,234,3,0
209,689,208,1,2
209,692,208,1,2
209,695,208,1,2
209,696,234,3,0
209,698,208,1,2
209,699,208,1,2
209,701,208,1,2
209,704,208,1,2
209,706,208,1,2
209,707,208,1,2
209,708,208,1,2
209,712,208,1,2
209,713,208,1,2
209,714,208,1,2
209,717,208,1,2
209,720,208,1,2
209,722,208,1,2
209,723,208,1,2
209,724,208,1,2
210,627,209,1,2
210,639,209,1,2
210,644,209,1,2
210,656,235,3,0
210,659,185,0,3
210,661,185,0,3
210,688,235,3,0
210,695,209,1,2
210,696,235,3,0
210,723,209,1,2
211,627,210,1,2
211,639,210,1,2
211,644,210,1,2
211,656,236,3,0
211,659,186,0,3
211,661,186,0,3
211,688,236,3,0
211,695,210,1,2
211,696,236,3,0
211,723,210,1,2
212,639,211,1,2
212,656,237,3,0
212,659,187,0,3
212,688,237,3,0
212,695,211,1,2
212,723,211,1,2
213,656,238,3,0
213,659,188,0,3
213,688,214,2,1
213,695,212,1,2
213,723,212,1,2
214,659,189,0,3
214,695,213,1,2
215,659,190,0,3
216,656,241,3,0
216,659,191,0,3
216,695,217,2,1
217,639,218,2,1
217,656,242,3,0
217,659,192,0,3
217,667,218,2,1
217,688,242,3,0
217,695,218,2,1
217,723,218,2,1
218,639,219,2,1
218,656,243,3,0
218,659,193,0,3
218,688,243,3,0
218,695,219,2,1
218,723,219,2,1
219,627,220,2,1
219,639,220,2,1
219,644,220,2,1
219,656,244,3,0
219,659,194,0,3
219,661,194,0,3
219,688,244,3,0
219,695,220,2,1
219,696,244,3,0
219,723,220,2,1
220,627,221,2,1
220,639,221,2,1
220,644,221,2,1
220,656,245,3,0
220,659,195,0,3
220,661,195,0,3
220,688,245,3,0
220,695,221,2,1
220,696,245,3,0
220,723,221,2,1
221,627,196,0,3
221,639,196,0,3
221,644,246,3,0
221,656,246,3,0
221,659,196,0,3
221,661,196,0,3
221,688,246,3,0
221,695,246,3,0
221,696,246,3,0
221,723,246,3,0
222,627,197,0,3
222,639,197,0,3
222,644,247,3,0
222,656,221,1,2
222,659,221,1,2
222,661,221,1,2
222,688,221,1,2
222,695,247,3,0
222,696,221,1,2
222,723,247,3,0
223,627,198,0,3
223,639,198,0,3
223,644,248,3,0
223,656,222,1,2
223,659,222,1,2
223,661,222,1,2
223,688,222,1,2
223,695,248,3,0
223,696,222,1,2
223,723,248,3,0
224,639,199,0,3
224,656,223,1,2
224,659,223,1,2
224,688,223,1,2
224,695,249,3,0
224,723,249,3,0
225,639,200,0,2
225,656,249,3,2
225,659,249,3,2
225,667,250,2,0
225,688,249,3,2
225,695,226,1,1
225,723,250,2,0
226,656,225,1,1
226,659,225,1,1
226,688,225,1,1
226,695,227,2,1
227,659,226,1,2
228,659,229,2,1
228,695,695,74,0
229,656,230,2,1
229,659,230,2,1
229,667,254,3,0
229,688,228,1,2
229,695,228,1,2
229,723,254,3,0
230,639,205,0,3
230,656,231,2,1
230,659,231,2,1
230,667,255,3,0
230,688,231,2,1
230,695,229,1,2
230,723,255,3,0
231,627,206,0,3
231,639,206,0,3
231,644,256,3,0
231,656,232,2,1
231,659,232,2,1
231,661,232,2,1
231,667,256,3,0
231,688,232,2,1
231,695,230,1,2
231,696,232,2,1
231,723,256,3,0
232,627,207,0,3
232,639,207,0,3
232,644,257,3,0
232,656,233,2,1
232,659,233,2,1
232,661,233,2,1
232,667,257,3,0
232,688,233,2,1
232,695,231,1,2
232,696,233,2,1
232,723,257,3,0
233,626,208,0,3
233,627,208,0,3
233,629,258,3,0
233,632,208,0,3
233,637,208,0,3
233,638,258,3,0
233,639,208,0,3
233,640,208,0,3
233,643,258,3,0
233,644,258,3,0
233,646,208,0,3
233,647,258,3,0
233,650,258,3,0
233,651,208,0,3
233,652,208,0,3
233,653,258,3,0
233,654,208,0,3
233,656,258,3,0
233,657,258,3,0
233,659,208,0,3
233,660,258,3,0
233,663,258,3,0
233,664,208,0,3
233,665,208,0,3
233,666,208,0,3
233,667,258,3,0
233,668,258,3,0
233,671,208,0,3
233,672,208,0,3
233,677,208,0,3
233,681,208,0,3
233,682,208,0,3
233,683,208,0,3
233,687,258,3,0
233,688,258,3,0
233,690,258,3,0
233,693,208,0,3
233,694,208,0,3
233,695,232,1,2
233,696,258,3,0
233,697,208,0,3
233,700,258,3,0
233,702,208,0,3
233,703,208,0,3
233,705,208,0,3
233,709,208,0,3
233,710,258,3,0
233,711,258,3,0
233,715,208,0,3
233,716,208,0,3
233,718,208,0,3
233,719,208,0,3
233,721,208,0,3
233,723,258,3,0
234,625,233,1,2
234,627,233,1,2
234,628,233,1,2
234,631,233,1,2
234,633,233,1,2
234,634,233,1,2
234,635,233,1,2
234,636,233,1,2
234,639,233,1,2
234,641,233,1,2
234,642,233,1,2
234,644,233,1,2
234,645,233,1,2
234,648,233,1,2
234,649,233,1,2
234,655,233,1,2
234,656,259,3,0
234,658,233,1,2
234,659,209,0,3
234,662,233,1,2
234,669,233,1,2
234,670,233,1,2
234,673,233,1,2
234,674,233,1,2
234,675,233,1,2
234,676,233,1,2
234,678,233,1,2
234,679,233,1,2
234,680,233,1,2
234,684,233,1,2
234,685,233,1,2
234,686,233,1,2
234,688,259,3,0
234,689,233,1,2
234,691,233,1,2
234,692,233,1,2
234,695,233,1,2
234,696,259,3,0
234,698,233,1,2
234,699,233,1,2
234,701,233,1,2
234,704,233,1,2
234,706,233,1,2
234,707,233,1,2
234,708,233,1,2
234,712,233,1,2
234,713,233,1,2
234,714,233,1,2
234,717,233,1,2
234,720,233,1,2
234,722,233,1,2
234,723,233,1,2
234,724,233,1,2
235,627,234,1,2
235,639,234,1,2
235,644,234,1,2
235,656,260,3,0
235,659,210,0,3
235,661,210,0,3
235,688,260,3,0
235,695,234,1,2
235,696,260,3,0
235,723,234,1,2
236,627,235,1,2
236,639,235,1,2
236,644,235,1,2
236,656,261,3,0
236,659,211,0,3
236,661,211,0,3
236,688,261,3,0
236,695,235,1,2
236,696,261,3,0
236,723,235,1,2
237,639,236,1,2
237,656,262,3,0
237,659,212,0,3
237,688,262,3,0
237,695,236,1,2
237,723,236,1,2
238,656,263,3,0
238,659,213,0,3
238,688,239,2,1
238,695,237,1,2
238,723,237,1,2
239,659,214,0,3
239,695,238,1,2
240,659,215,0,3
241,656,266,3,0
241,659,216,0,3
241,695,242,2,1
242,639,243,2,1
242,656,267,3,0
242,659,217,0,3
242,667,243,2,1
242,688,267,3,0
242,695,243,2,1
242,723,243,2,1
243,639,244,2,1
243,656,268,3,0
243,659,218,0,3
243,688,268,3,0
243,695,244,2,1
243,723,244,2,1
244,627,245,2,1
244,639,245,2,1
244,644,245,2,1
244,656,269,3,0
244,659,219,0,3
244,661,219,0,3
244,688,269,3,0
244,695,245,2,1
244,696,269,3,0
244,723,245,2,1
245,627,246,2,1
245,639,246,2,1
245,644,246,2,1
245,656,270,3,0
245,659,220,0,3
245,661,220,0,3
245,688,270,3,0
245,695,246,2,1
245,696,270,3,0
245,723,246,2,1
246,627,221,0,3
246,639,221,0,3
246,644,271,3,0
246,656,271,3,0
246,659,221,0,3
246,667,271,3,0
246,688,271,3,0
246,695,247,2,1
246,696,271,3,0
246,723,271,3,0
247,627,222,0,3
247,639,222,0,3
247,644,272,3,0
247,656,246,1,2
247,659,246,1,2
247,661,246,1,2
247,667,272,3,0
247,688,246,1,2
247,695,248,2,1
247,696,246,1,2
247,723,272,3,0
248,627,223,0,3
248,639,223,0,3
248,644,273,3,0
248,656,247,1,2
248,659,247,1,2
248,661,247,1,2
248,667,273,3,0
248,688,247,1,2
248,695,249,2,1
248,696,247,1,2
248,723,273,3,0
249,639,224,0,3
249,656,248,1,2
249,659,248,1,2
249,667,274,3,0
249,688,248,1,2
249,695,225,2,3
249,723,274,3,0
250,639,225,0,2
250,656,274,3,2
250,659,274,3,2
250,688,274,3,2
250,695,225,0,2
250,723,275,2,0
251,656,250,1,1
251,659,250,1,1
251,688,250,1,1
251,695,226,0,3
252,659,251,1,2
253,659,254,2,1
253,695,228,0,3
254,656,255,2,1
254,659,255,2,1
254,667,667,46,0
254,688,253,1,2
254,695,229,0,3
254,723,279,3,0
255,639,230,0,3
255,656,256,2,1
255,659,256,2,1
255,667,254,1,2
255,688,256,2,1
255,695,230,0,3
255,723,280,3,0
256,627,231,0,3
256,639,231,0,3
256,644,281,3,0
256,656,257,2,1
256,659,257,2,1
256,661,257,2,1
256,667,255,1,2
256,688,257,2,1
256,695,231,0,3
256,696,257,2,1
256,723,281,3,0
257,627,232,0,3
257,639,232,0,3
257,644,282,3,0
257,656,258,2,1
257,659,258,2,1
257,661,258,2,1
257,667,256,1,2
257,688,258,2,1
257,695,232,0,3
257,696,258,2,1
257,723,282,3,0
258,626,233,0,3
258,627,233,0,3
258,629,283,3,0
258,632,233,0,3
258,637,233,0,3
258,638,283,3,0
258,639,233,0,3
258,640,233,0,3
258,643,283,3,0
258,644,283,3,0
258,646,233,0,3
258,647,283,3,0
258,650,283,3,0
258,651,283,3,0
258,652,233,0,3
258,653,283,3,0
258,654,233,0,3
258,656,283,3,0
258,657,283,3,0
258,659,233,0,3
258,660,283,3,0
258,663,283,3,0
258,664,233,0,3
258,665,233,0,3
258,666,233,0,3
258,667,257,1,2
258,668,283,3,0
258,671,283,3,0
258,672,233,0,3
258,677,233,0,3
258,681,283,3,0
258,682,233,0,3
258,683,233,0,3
258,687,283,3,0
258,688,283,3,0
258,690,283,3,0
258,693,233,0,3
258,694,233,0,3
258,695,233,0,3
258,696,283,3,0
258,697,233,0,3
258,700,283,3,0
258,702,233,0,3
258,703,233,0,3
258,705,233,0,3
258,709,233,0,3
258,710,283,3,0
258,711,283,3,0
258,715,233,0,3
258,716,233,0,3
258,718,233,0,3
258,719,233,0,3
258,721,233,0,3
258,723,283,3,0
259,625,258,1,2
259,627,258,1,2
259,628,258,1,2
259,630,258,1,2
259,631,258,1,2
259,633,258,1,2
259,634,258,1,2
259,635,258,1,2
259,639,258,1,2
259,641,258,1,2
259,642,258,1,2
259,644,258,1,2
259,645,258,1,2
259,648,258,1,2
259,649,258,1,2
259,655,258,1,2
259,656,284,3,0
259,658,258,1,2
259,659,234,0,3
259,662,258,1,2
259,667,258,1,2
259,669,258,1,2
259,673,258,1,2
259,674,258,1,2
259,675,258,1,2
259,676,258,1,2
259,678,258,1,2
259,679,258,1,2
259,680,258,1,2
259,684,258,1,2
259,685,258,1,2
259,686,258,1,2
259,688,284,3,0
259,689,258,1,2
259,691,258,1,2
259,692,258,1,2
259,695,258,1,2
259,696,284,3,0
259,698,258,1,2
259,699,258,1,2
259,701,258,1,2
259,704,258,1,2
259,706,258,1,2
259,707,258,1,2
259,708,258,1,2
259,712,258,1,2
259,713,258,1,2
259,714,258,1,2
259,720,258,1,2
259,723,258,1,2
259,724,258,1,2
260,627,259,1,2
260,639,259,1,2
260,644,259,1,2
260,656,285,3,0
260,659,235,0,3
260,661,235,0,3
260,688,285,3,0
260,695,259,1,2
260,696,285,3,0
260,723,259,1,2
261,627,260,1,2
261,639,260,1,2
261,644,260,1,2
261,656,286,3,0
261,659,236,0,3
261,661,236,0,3
261,688,286,3,0
261,695,260,1,2
261,696,286,3,0
261,723,260,1,2
262,639,261,1,2
262,656,287,3,0
262,659,237,0,3
262,688,287,3,0
262,695,261,1,2
262,723,261,1,2
263,656,288,3,0
263,659,238,0,3
263,688,264,2,1
263,695,262,1,2
263,723,262,1,2
264,659,239,0,3
264,695,263,1,2
265,659,240,0,3
266,656,291,3,0
266,659,241,0,3
266,695,267,2,1
267,639,268,2,1
267,656,292,3,0
267,659,242,0,3
267,667,268,2,1
267,688,292,3,0
267,695,268,2,1
267,723,268,2,1
268,639,269,2,1
268,656,293,3,0
268,659,243,0,3
268,688,293,3,0
268,695,269,2,1
268,723,269,2,1
269,627,270,2,1
269,639,270,2,1
269,644,270,2,1
269,656,294,3,0
269,659,244,0,3
269,661,244,0,3
269,688,294,3,0
269,695,270,2,1
269,696,294,3,0
269,723,270,2,1
270,627,271,2,1
270,639,271,2,1
270,644,271,2,1
270,656,295,3,0
270,659,245,0,3
270,661,245,0,3
270,688,295,3,0
270,695,271,2,1
270,696,295,3,0
270,723,271,2,1
271,627,246,0,3
271,639,246,0,3
271,644,296,3,0
271,656,296,3,0
271,659,246,0,3
271,667,272,2,1
271,688,296,3,0
271,696,296,3,0
271,723,296,3,0
272,627,247,0,3
272,639,247,0,3
272,644,297,3,0
272,656,271,1,2
272,659,271,1,2
272,661,271,1,2
272,667,273,2,1
272,688,271,1,2
272,695,247,0,3
272,696,271,1,2
272,723,297,3,0
273,627,248,0,3
273,639,248,0,3
273,644,298,3,0
273,656,272,1,2
273,659,272,1,2
273,661,272,1,2
273,667,274,2,1
273,688,272,1,2
273,695,248,0,3
273,696,272,1,2
273,723,298,3,0
274,639,249,0,3
274,656,273,1,2
274,659,273,1,2
274,667,250,2,3
274,688,273,1,2
274,695,249,0,3
274,723,299,3,0
275,639,250,0,2
275,656,299,3,2
275,659,299,3,2
275,667,250,0,2
275,688,299,3,2
275,695,250,0,2
275,723,300,2,0
276,656,275,1,1
276,659,275,1,1
276,688,275,1,1
276,695,251,0,3
277,659,276,1,2
278,659,279,2,1
278,695,253,0,3
279,656,280,2,1
279,659,280,2,1
279,667,254,0,3
279,688,278,1,2
279,695,254,0,3
279,723,304,3,0
280,639,255,0,3
280,656,281,2,1
280,659,281,2,1
280,688,281,2,1
280,695,255,0,3
280,723,305,3,0
281,627,256,0,3
281,639,256,0,3
281,644,306,3,0
281,656,282,2,1
281,659,282,2,1
281,661,282,2,1
281,688,282,2,1
281,695,256,0,3
281,696,282,2,1
281,723,306,3,0
282,627,257,0,3
282,639,257,0,3
282,644,307,3,0
282,656,283,2,1
282,659,283,2,1
282,661,283,2,1
282,688,283,2,1
282,695,257,0,3
282,696,283,2,1
282,723,307,3,0
283,626,258,0,3
283,627,258,0,3
283,629,308,3,0
283,632,258,0,3
283,637,258,0,3
283,638,308,3,0
283,639,258,0,3
283,640,258,0,3
283,643,308,3,0
283,644,308,3,0
283,646,258,0,3
283,647,308,3,0
283,650,308,3,0
283,651,308,3,0
283,652,258,0,3
283,653,308,3,0
283,654,258,0,3
283,656,308,3,0
283,657,308,3,0
283,659,258,0,3
283,660,308,3,0
283,663,308,3,0
283,664,258,0,3
283,665,258,0,3
283,666,258,0,3
283,668,308,3,0
283,671,308,3,0
283,672,258,0,3
283,677,258,0,3
283,681,308,3,0
283,682,258,0,3
283,683,258,0,3
283,687,308,3,0
283,688,308,3,0
283,690,308,3,0
283,693,258,0,3
283,694,258,0,3
283,695,258,0,3
283,696,308,3,0
283,697,258,0,3
283,700,308,3,0
283,702,258,0,3
283,703,258,0,3
283,705,258,0,3
283,709,258,0,3
283,710,308,3,0
283,711,308,3,0
283,715,258,0,3
283,716,258,0,3
283,718,258,0,3
283,719,258,0,3
283,721,258,0,3
283,723,308,3,0
284,625,283,1,2
284,627,283,1,2
284,628,283,1,2
284,630,283,1,2
284,631,283,1,2
284,633,283,1,2
284,634,283,1,2
284,635,283,1,2
284,636,283,1,2
284,639,283,1,2
284,641,283,1,2
284,642,283,1,2
284,644,283,1,2
284,645,283,1,2
284,648,283,1,2
284,649,283,1,2
284,655,283,1,2
284,656,309,3,0
284,658,283,1,2
284,659,259,0,3
284,662,283,1,2
284,667,283,1,2
284,669,283,1,2
284,670,283,1,2
284,674,283,1,2
284,675,283,1,2
284,678,283,1,2
284,679,283,1,2
284,680,283,1,2
284,684,283,1,2
284,685,283,1,2
284,686,283,1,2
284,688,309,3,0
284,689,283,1,2
284,691,283,1,2
284,692,283,1,2
284,695,283,1,2
284,696,309,3,0
284,698,283,1,2
284,699,283,1,2
284,701,283,1,2
284,704,283,1,2
284,706,283,1,2
284,707,283,1,2
284,708,283,1,2
284,712,283,1,2
284,714,283,1,2
284,717,283,1,2
284,722,283,1,2
284,723,283,1,2
284,724,283,1,2
285,627,284,1,2
285,639,284,1,2
285,644,284,1,2
285,656,310,3,0
285,659,260,0,3
285,661,260,0,3
285,688,310,3,0
285,695,284,1,2
285,696,310,3,0
285,723,284,1,2
286,627,285,1,2
286,639,285,1,2
286,644,285,1,2
286,656,311,3,0
286,659,261,0,3
286,661,261,0,3
286,688,311,3,0
286,695,285,1,2
286,696,311,3,0
286,723,285,1,2
287,639,286,1,2
287,656,312,3,0
287,659,262,0,3
287,688,312,3,0
287,695,286,1,2
287,723,286,1,2
288,656,313,3,0
288,659,263,0,3
288,688,289,2,1
288,695,287,1,2
288,723,287,1,2
289,659,264,0,3
289,695,288,1,2
290,659,265,0,3
291,656,316,3,0
291,659,266,0,3
291,695,292,2,1
292,639,293,2,1
292,656,317,3,0
292,659,267,0,3
292,667,293,2,1
292,688,317,3,0
292,695,293,2,1
292,723,293,2,1
293,639,294,2,1
293,656,318,3,0
293,659,268,0,3
293,688,318,3,0
293,695,294,2,1
293,723,294,2,1
294,627,295,2,1
294,639,295,2,1
294,644,295,2,1
294,656,319,3,0
294,659,269,0,3
294,661,269,0,3
294,688,319,3,0
294,695,295,2,1
294,696,319,3,0
294,723,295,2,1
295,627,296,2,1
295,639,296,2,1
295,644,296,2,1
295,656,320,3,0
295,659,270,0,3
295,661,270,0,3
295,688,320,3,0
295,695,296,2,1
295,696,320,3,0
295,723,296,2,1
296,627,271,0,3
296,639,271,0,3
296,644,321,3,0
296,656,321,3,0
296,659,271,0,3
296,688,321,3,0
296,695,271,0,3
296,696,321,3,0
296,723,321,3,0
297,627,272,0,3
297,639,272,0,3
297,644,322,3,0
297,656,296,1,2
297,659,296,1,2
297,661,296,1,2
297,688,296,1,2
297,695,272,0,3
297,696,296,1,2
297,723,322,3,0
298,627,273,0,3
298,639,273,0,3
298,644,323,3,0
298,656,297,1,2
298,659,297,1,2
298,661,297,1,2
298,688,297,1,2
298,695,273,0,3
298,696,297,1,2
298,723,323,3,0
299,639,274,0,3
299,656,298,1,2
299,659,298,1,2
299,688,298,1,2
299,695,274,0,3
299,723,324,3,0
300,639,275,0,2
300,656,324,3,2
300,659,324,3,2
300,667,275,0,2
300,688,324,3,2
300,695,275,0,2
300,723,325,2,0
301,656,300,1,1
301,659,300,1,1
301,688,300,1,1
301,695,276,0,3
302,659,301,1,2
303,659,304,2,1
303,695,278,0,3
304,656,305,2,1
304,659,305,2,1
304,667,279,0,3
304,688,303,1,2
304,695,279,0,3
304,723,329,3,0
305,639,280,0,3
305,656,306,2,1
305,659,306,2,1
305,688,306,2,1
305,695,280,0,3
305,723,330,3,0
306,627,331,3,0
306,639,281,0,3
306,644,331,3,0
306,656,307,2,1
306,659,307,2,1
306,661,307,2,1
306,688,307,2,1
306,695,281,0,3
306,696,307,2,1
306,723,331,3,0
307,627,332,3,0
307,639,282,0,3
307,644,332,3,0
307,656,308,2,1
307,659,308,2,1
307,661,308,2,1
307,688,308,2,1
307,695,282,0,3
307,696,308,2,1
307,723,332,3,0
308,626,283,0,3
308,627,333,3,0
308,629,333,3,0
308,632,283,0,3
308,637,283,0,3
308,638,333,3,0
308,639,283,0,3
308,640,283,0,3
308,643,333,3,0
308,644,333,3,0
308,646,283,0,3
308,647,333,3,0
308,650,333,3,0
308,651,333,3,0
308,652,283,0,3
308,653,333,3,0
308,654,283,0,3
308,656,333,3,0
308,657,333,3,0
308,659,283,0,3
308,660,333,3,0
308,663,333,3,0
308,664,283,0,3
308,665,283,0,3
308,666,283,0,3
308,668,333,3,0
308,671,333,3,0
308,672,283,0,3
308,677,283,0,3
308,681,333,3,0
308,682,283,0,3
308,683,283,0,3
308,687,333,3,0
308,688,333,3,0
308,690,333,3,0
308,693,283,0,3
308,694,283,0,3
308,695,283,0,3
308,697,283,0,3
308,700,333,3,0
308,702,283,0,3
308,703,283,0,3
308,705,283,0,3
308,709,283,0,3
308,710,333,3,0
308,711,333,3,0
308,715,283,0,3
308,716,283,0,3
308,718,283,0,3
308,719,333,3,0
308,721,283,0,3
308,723,333,3,0
309,625,308,1,2
309,627,308,1,2
309,628,308,1,2
309,630,308,1,2
309,631,308,1,2
309,633,308,1,2
309,635,308,1,2
309,636,308,1,2
309,639,308,1,2
309,641,308,1,2
309,642,308,1,2
309,644,308,1,2
309,645,308,1,2
309,648,308,1,2
309,649,308,1,2
309,655,308,1,2
309,656,334,3,0
309,658,308,1,2
309,659,284,0,3
309,662,308,1,2
309,667,308,1,2
309,669,308,1,2
309,670,308,1,2
309,673,308,1,2
309,674,308,1,2
309,675,308,1,2
309,676,308,1,2
309,678,308,1,2
309,679,308,1,2
309,680,308,1,2
309,684,308,1,2
309,685,308,1,2
309,686,308,1,2
309,688,334,3,0
309,689,308,1,2
309,691,308,1,2
309,692,308,1,2
309,695,308,1,2
309,698,308,1,2
309,699,308,1,2
309,701,308,1,2
309,704,308,1,2
309,706,308,1,2
309,707,308,1,2
309,708,308,1,2
309,712,308,1,2
309,713,308,1,2
309,714,308,1,2
309,717,308,1,2
309,720,308,1,2
309,722,308,1,2
309,723,308,1,2
309,724,308,1,2
310,627,309,1,2
310,639,309,1,2
310,644,309,1,2
310,656,335,3,0
310,659,285,0,3
310,661,285,0,3
310,688,335,3,0
310,695,309,1,2
310,696,335,3,0
310,723,309,1,2
311,627,310,1,2
311,639,310,1,2
311,644,310,1,2
311,656,336,3,0
311,659,286,0,3
311,661,286,0,3
311,688,336,3,0
311,695,310,1,2
311,696,336,3,0
311,723,310,1,2
312,639,311,1,2
312,656,337,3,0
312,659,287,0,3
312,688,337,3,0
312,695,311,1,2
312,723,311,1,2
313,656,338,3,0
313,659,288,0,3
313,688,314,2,1
313,695,312,1,2
313,723,312,1,2
314,659,289,0,3
314,695,313,1,2
315,659,290,0,3
316,656,341,3,0
316,659,291,0,3
316,695,317,2,1
317,639,318,2,1
317,656,342,3,0
317,659,292,0,3
317,667,318,2,1
317,688,342,3,0
317,695,318,2,1
317,723,318,2,1
318,639,319,2,1
318,656,343,3,0
318,659,293,0,3
318,688,343,3,0
318,695,319,2,1
318,723,319,2,1
319,627,320,2,1
319,639,320,2,1
319,644,320,2,1
319,656,344,3,0
319,659,294,0,3
319,661,294,0,3
319,688,344,3,0
319,695,320,2,1
319,696,344,3,0
319,723,320,2,1
320,627,321,2,1
320,639,321,2,1
320,644,321,2,1
320,656,345,3,0
320,659,295,0,3
320,661,295,0,3
320,688,345,3,0
320,695,321,2,1
320,696,345,3,0
320,723,321,2,1
321,639,296,0,3
321,644,346,3,0
321,656,346,3,0
321,659,296,0,3
321,688,346,3,0
321,695,296,0,3
321,723,346,3,0
322,627,347,3,0
322,639,297,0,3
322,644,347,3,0
322,656,321,1,2
322,659,321,1,2
322,661,321,1,2
322,688,321,1,2
322,695,297,0,3
322,696,321,1,2
322,723,347,3,0
323,627,348,3,0
323,639,298,0,3
323,644,348,3,0
323,656,322,1,2
323,659,322,1,2
323,661,322,1,2
323,688,322,1,2
323,695,298,0,3
323,696,322,1,2
323,723,348,3,0
324,639,299,0,3
324,656,323,1,2
324,659,323,1,2
324,688,323,1,2
324,695,299,0,3
324,723,349,3,0
325,639,300,0,2
325,656,349,3,2
325,659,349,3,2
325,667,300,0,2
325,688,349,3,2
325,695,300,0,2
325,723,350,2,0
326,656,325,1,1
326,659,325,1,1
326,688,325,1,1
326,695,301,0,3
327,659,326,1,2
328,659,329,2,1
328,695,303,0,3
329,656,330,2,1
329,659,330,2,1
329,667,304,0,3
329,688,328,1,2
329,695,304,0,3
329,723,354,3,0
330,639,305,0,3
330,656,331,2,1
330,659,331,2,1
330,688,331,2,1
330,695,305,0,3
330,723,355,3,0
331,627,356,3,0
331,639,306,0,3
331,644,356,3,0
331,656,332,2,1
331,659,332,2,1
331,661,332,2,1
331,688,332,2,1
331,695,306,0,3
331,696,332,2,1
331,723,356,3,0
332,627,357,3,0
332,639,307,0,3
332,644,357,3,0
332,656,333,2,1
332,659,333,2,1
332,661,333,2,1
332,688,333,2,1
332,695,307,0,3
332,696,333,2,1
332,723,357,3,0
333,626,308,0,3
333,627,358,3,0
333,632,308,0,3
333,637,308,0,3
333,638,358,3,0
333,639,308,0,3
333,640,358,3,0
333,643,358,3,0
333,644,358,3,0
333,646,308,0,3
333,647,358,3,0
333,650,358,3,0
333,651,358,3,0
333,652,308,0,3
333,653,358,3,0
333,654,308,0,3
333,656,358,3,0
333,657,358,3,0
333,659,308,0,3
333,660,358,3,0
333,663,358,3,0
333,664,308,0,3
333,665,308,0,3
333,666,308,0,3
333,668,358,3,0
333,671,358,3,0
333,672,308,0,3
333,677,308,0,3
333,681,358,3,0
333,682,308,0,3
333,683,308,0,3
333,687,358,3,0
333,688,358,3,0
333,690,358,3,0
333,693,308,0,3
333,694,308,0,3
333,695,308,0,3
333,697,308,0,3
333,700,358,3,0
333,702,308,0,3
333,703,358,3,0
333,705,358,3,0
333,709,308,0,3
333,710,358,3,0
333,711,358,3,0
333,715,308,0,3
333,716,308,0,3
333,718,308,0,3
333,719,358,3,0
333,721,308,0,3
333,723,358,3,0
334,625,333,1,2
334,627,333,1,2
334,628,333,1,2
334,630,333,1,2
334,631,333,1,2
334,634,333,1,2
334,635,333,1,2
334,636,333,1,2
334,639,333,1,2
334,641,333,1,2
334,642,333,1,2
334,644,333,1,2
334,648,333,1,2
334,649,333,1,2
334,655,333,1,2
334,656,359,3,0
334,658,333,1,2
334,659,309,0,3
334,662,333,1,2
334,667,333,1,2
334,670,333,1,2
334,673,333,1,2
334,674,333,1,2
334,675,333,1,2
334,676,333,1,2
334,678,333,1,2
334,679,333,1,2
334,680,333,1,2
334,684,333,1,2
334,686,333,1,2
334,688,359,3,0
334,689,333,1,2
334,691,333,1,2
334,692,333,1,2
334,695,333,1,2
334,698,333,1,2
334,699,333,1,2
334,701,333,1,2
334,704,333,1,2
334,706,333,1,2
334,707,333,1,2
334,708,333,1,2
334,712,333,1,2
334,713,333,1,2
334,714,333,1,2
334,717,333,1,2
334,720,333,1,2
334,722,333,1,2
334,723,333,1,2
334,724,333,1,2
335,627,334,1,2
335,639,334,1,2
335,644,334,1,2
335,656,360,3,0
335,659,310,0,3
335,661,310,0,3
335,688,360,3,0
335,695,334,1,2
335,696,360,3,0
335,723,334,1,2
336,627,335,1,2
336,639,335,1,2
336,644,335,1,2
336,656,361,3,0
336,659,311,0,3
336,661,311,0,3
336,688,361,3,0
336,695,335,1,2
336,696,361,3,0
336,723,335,1,2
337,639,336,1,2
337,656,362,3,0
337,659,312,0,3
337,688,362,3,0
337,695,336,1,2
337,723,336,1,2
338,656,363,3,0
338,659,313,0,3
338,688,339,2,1
338,695,337,1,2
338,723,337,1,2
339,659,314,0,3
339,695,338,1,2
340,659,315,0,3
341,656,366,3,0
341,659,316,0,3
341,695,342,2,1
342,639,343,2,1
342,656,367,3,0
342,659,317,0,3
342,667,343,2,1
342,688,367,3,0
342,695,343,2,1
342,723,343,2,1
343,639,344,2,1
343,656,368,3,0
343,659,318,0,3
343,688,368,3,0
343,695,344,2,1
343,723,344,2,1
344,627,345,2,1
344,639,345,2,1
344,644,345,2,1
344,656,369,3,0
344,659,319,0,3
344,661,319,0,3
344,688,369,3,0
344,695,345,2,1
344,696,369,3,0
344,723,345,2,1
345,627,346,2,1
345,639,346,2,1
345,644,346,2,1
345,656,370,3,0
345,659,320,0,3
345,661,320,0,3
345,688,370,3,0
345,695,346,2,1
345,696,370,3,0
345,723,346,2,1
346,639,321,0,3
346,644,371,3,0
346,656,371,3,0
346,659,321,0,3
346,688,371,3,0
346,695,321,0,3
346,723,371,3,0
347,627,372,3,0
347,639,322,0,3
347,644,372,3,0
347,656,346,1,2
347,659,346,1,2
347,661,346,1,2
347,688,346,1,2
347,695,322,0,3
347,696,346,1,2
347,723,372,3,0
348,627,373,3,0
348,639,323,0,3
348,644,373,3,0
348,656,347,1,2
348,659,347,1,2
348,661,347,1,2
348,688,347,1,2
348,695,323,0,3
348,696,347,1,2
348,723,373,3,0
349,639,324,0,3
349,656,348,1,2
349,659,348,1,2
349,688,348,1,2
349,695,324,0,3
349,723,374,3,0
350,639,325,0,2
350,656,374,3,2
350,659,374,3,2
350,667,325,0,2
350,688,374,3,2
350,695,325,0,2
350,723,375,2,0
351,656,350,1,1
351,659,350,1,1
351,688,350,1,1
351,695,326,0,3
352,659,351,1,2
353,659,354,2,1
353,695,328,0,3
354,656,355,2,1
354,659,355,2,1
354,667,329,0,3
354,688,353,1,2
354,695,329,0,3
354,723,379,3,0
355,639,330,0,3
355,656,356,2,1
355,659,356,2,1
355,688,356,2,1
355,695,330,0,3
355,723,380,3,0
356,627,381,3,0
356,639,331,0,3
356,644,381,3,0
356,656,357,2,1
356,659,357,2,1
356,661,357,2,1
356,688,357,2,1
356,695,331,0,3
356,696,357,2,1
356,723,381,3,0
357,627,382,3,0
357,639,332,0,3
357,644,382,3,0
357,656,358,2,1
357,659,358,2,1
357,661,358,2,1
357,688,358,2,1
357,695,332,0,3
357,696,358,2,1
357,723,382,3,0
358,626,333,0,3
358,627,383,3,0
358,629,333,0,3
358,632,333,0,3
358,637,333,0,3
358,638,383,3,0
358,639,333,0,3
358,640,383,3,0
358,643,383,3,0
358,644,383,3,0
358,646,383,3,0
358,647,383,3,0
358,650,383,3,0
358,651,383,3,0
358,652,333,0,3
358,653,383,3,0
358,654,383,3,0
358,656,383,3,0
358,657,383,3,0
358,659,333,0,3
358,660,383,3,0
358,661,383,3,0
358,663,383,3,0
358,664,333,0,3
358,665,333,0,3
358,666,333,0,3
358,668,383,3,0
358,671,383,3,0
358,672,333,0,3
358,677,333,0,3
358,681,383,3,0
358,682,383,3,0
358,683,333,0,3
358,688,383,3,0
358,690,383,3,0
358,693,333,0,3
358,694,333,0,3
358,695,333,0,3
358,697,333,0,3
358,700,383,3,0
358,702,333,0,3
358,703,383,3,0
358,705,383,3,0
358,709,333,0,3
358,710,383,3,0
358,711,383,3,0
358,715,333,0,3
358,716,333,0,3
358,718,333,0,3
358,719,383,3,0
358,721,333,0,3
358,723,383,3,0
359,625,358,1,2
359,627,358,1,2
359,628,358,1,2
359,630,358,1,2
359,631,358,1,2
359,633,358,1,2
359,634,358,1,2
359,635,358,1,2
359,636,358,1,2
359,639,358,1,2
359,641,358,1,2
359,642,358,1,2
359,644,358,1,2
359,645,358,1,2
359,648,358,1,2
359,655,358,1,2
359,656,384,3,0
359,658,358,1,2
359,659,334,0,3
359,661,384,3,0
359,662,358,1,2
359,667,358,1,2
359,669,358,1,2
359,670,358,1,2
359,673,358,1,2
359,674,358,1,2
359,675,358,1,2
359,676,358,1,2
359,678,358,1,2
359,679,358,1,2
359,680,358,1,2
359,684,358,1,2
359,685,358,1,2
359,686,358,1,2
359,688,384,3,0
359,689,358,1,2
359,691,358,1,2
359,692,358,1,2
359,695,358,1,2
359,699,358,1,2
359,701,358,1,2
359,704,358,1,2
359,706,358,1,2
359,707,358,1,2
359,708,358,1,2
359,712,358,1,2
359,713,358,1,2
359,714,358,1,2
359,717,358,1,2
359,720,358,1,2
359,722,358,1,2
359,723,358,1,2
360,627,359,1,2
360,639,359,1,2
360,644,359,1,2
360,656,385,3,0
360,659,335,0,3
360,661,385,3,0
360,688,385,3,0
360,695,359,1,2
360,696,385,3,0
360,723,359,1,2
361,627,360,1,2
361,639,360,1,2
361,644,360,1,2
361,656,386,3,0
361,659,336,0,3
361,661,386,3,0
361,688,386,3,0
361,695,360,1,2
361,696,386,3,0
361,723,360,1,2
362,639,361,1,2
362,656,387,3,0
362,659,337,0,3
362,688,387,3,0
362,695,361,1,2
362,723,361,1,2
363,656,388,3,0
363,659,338,0,3
363,688,364,2,1
363,695,362,1,2
363,723,362,1,2
364,659,339,0,3
364,695,363,1,2
365,659,340,0,3
366,656,391,3,0
366,659,341,0,3
366,695,367,2,1
367,639,368,2,1
367,656,392,3,0
367,659,342,0,3
367,667,368,2,1
367,688,392,3,0
367,695,368,2,1
367,723,368,2,1
368,639,369,2,1
368,656,393,3,0
368,659,343,0,3
368,688,393,3,0
368,695,369,2,1
368,723,369,2,1
369,627,370,2,1
369,639,370,2,1
369,644,370,2,1
369,656,394,3,0
369,659,344,0,3
369,661,394,3,0
369,688,394,3,0
369,695,370,2,1
369,696,394,3,0
369,723,370,2,1
370,627,371,2,1
370,639,371,2,1
370,644,371,2,1
370,656,395,3,0
370,659,345,0,3
370,661,395,3,0
370,688,395,3,0
370,695,371,2,1
370,696,395,3,0
370,723,371,2,1
371,639,346,0,3
371,644,396,3,0
371,656,396,3,0
371,659,346,0,3
371,661,396,3,0
371,688,396,3,0
371,695,346,0,3
371,723,396,3,0
372,627,397,3,0
372,639,347,0,3
372,644,397,3,0
372,656,371,1,2
372,659,371,1,2
372,661,371,1,2
372,688,371,1,2
372,695,347,0,3
372,696,371,1,2
372,723,397,3,0
373,627,398,3,0
373,639,348,0,3
373,644,398,3,0
373,656,372,1,2
373,659,372,1,2
373,661,372,1,2
373,688,372,1,2
373,695,348,0,3
373,696,372,1,2
373,723,398,3,0
374,639,349,0,3
374,656,373,1,2
374,659,373,1,2
374,688,373,1,2
374,695,349,0,3
374,723,399,3,0
375,639,350,0,2
375,656,399,3,2
375,659,399,3,2
375,667,350,0,2
375,688,399,3,2
375,695,350,0,2
375,723,376,1,1
376,656,375,1,1
376,659,375,1,1
376,688,375,1,1
376,695,351,0,3
377,659,376,1,2
378,659,379,2,1
378,695,353,0,3
379,656,380,2,1
379,659,380,2,1
379,667,354,0,3
379,688,378,1,2
379,695,354,0,3
379,723,723,102,0
380,639,355,0,3
380,656,381,2,1
380,659,381,2,1
380,688,381,2,1
380,695,355,0,3
380,723,379,1,2
381,627,406,3,0
381,639,356,0,3
381,644,644,23,0
381,656,382,2,1
381,659,382,2,1
381,661,382,2,1
381,688,382,2,1
381,695,356,0,3
381,696,382,2,1
381,723,380,1,2
382,627,407,3,0
382,639,357,0,3
382,644,381,1,2
382,656,383,2,1
382,659,383,2,1
382,661,383,2,1
382,688,383,2,1
382,695,357,0,3
382,696,383,2,1
382,723,381,1,2
383,626,358,0,3
383,627,408,3,0
383,629,358,0,3
383,632,358,0,3
383,637,358,0,3
383,638,408,3,0
383,639,358,0,3
383,640,408,3,0
383,643,408,3,0
383,644,382,1,2
383,646,408,3,0
383,647,408,3,0
383,650,408,3,0
383,651,408,3,0
383,652,358,0,3
383,653,408,3,0
383,654,408,3,0
383,656,384,2,1
383,657,408,3,0
383,659,358,0,3
383,660,408,3,0
383,661,408,3,0
383,664,358,0,3
383,665,358,0,3
383,666,408,3,0
383,668,408,3,0
383,671,408,3,0
383,672,358,0,3
383,677,358,0,3
383,681,408,3,0
383,682,408,3,0
383,683,358,0,3
383,687,358,0,3
383,688,384,2,1
383,693,408,3,0
383,694,408,3,0
383,695,358,0,3
383,697,358,0,3
383,700,408,3,0
383,702,408,3,0
383,703,408,3,0
383,705,408,3,0
383,709,358,0,3
383,711,408,3,0
383,715,358,0,3
383,716,358,0,3
383,718,358,0,3
383,719,408,3,0
383,721,358,0,3
383,723,382,1,2
384,625,383,1,2
384,627,383,1,2
384,630,383,1,2
384,631,383,1,2
384,633,383,1,2
384,634,383,1,2
384,635,383,1,2
384,636,383,1,2
384,639,383,1,2
384,641,383,1,2
384,642,383,1,2
384,644,383,1,2
384,645,383,1,2
384,648,383,1,2
384,649,383,1,2
384,655,383,1,2
384,656,385,2,1
384,658,383,1,2
384,659,359,0,3
384,661,409,3,0
384,662,383,1,2
384,667,383,1,2
384,669,383,1,2
384,670,383,1,2
384,673,383,1,2
384,674,383,1,2
384,676,383,1,2
384,678,383,1,2
384,679,383,1,2
384,680,383,1,2
384,684,383,1,2
384,685,383,1,2
384,686,383,1,2
384,688,385,2,1
384,689,383,1,2
384,691,383,1,2
384,692,383,1,2
384,695,383,1,2
384,698,383,1,2
384,699,383,1,2
384,701,383,1,2
384,706,383,1,2
384,707,383,1,2
384,708,383,1,2
384,710,385,2,1
384,712,383,1,2
384,713,383,1,2
384,714,383,1,2
384,717,383,1,2
384,720,383,1,2
384,722,383,1,2
384,723,383,1,2
384,724,383,1,2
385,627,384,1,2
385,639,384,1,2
385,644,384,1,2
385,656,386,2,1
385,659,360,0,3
385,661,410,3,0
385,688,386,2,1
385,695,384,1,2
385,696,410,3,0
385,710,386,2,1
385,723,384,1,2
386,627,385,1,2
386,639,385,1,2
386,644,385,1,2
386,656,387,2,1
386,659,361,0,3
386,661,411,3,0
386,688,387,2,1
386,695,385,1,2
386,696,411,3,0
386,710,710,89,0
386,723,385,1,2
387,639,386,1,2
387,656,388,2,1
387,659,362,0,3
387,688,388,2,1
387,695,386,1,2
387,723,386,1,2
388,656,389,2,1
388,659,363,0,3
388,688,389,2,1
388,695,387,1,2
388,723,387,1,2
389,659,364,0,3
389,695,388,1,2
390,659,365,0,3
391,656,656,35,0
391,659,366,0,3
391,695,392,2,1
392,639,393,2,1
392,656,391,1,2
392,659,367,0,3
392,667,393,2,1
392,688,688,67,0
392,695,393,2,1
392,723,393,2,1
393,639,394,2,1
393,656,392,1,2
393,659,368,0,3
393,688,392,1,2
393,695,394,2,1
393,723,394,2,1
394,627,395,2,1
394,639,395,2,1
394,644,395,2,1
394,656,393,1,2
394,659,369,0,3
394,661,419,3,0
394,688,393,1,2
394,695,395,2,1
394,696,419,3,0
394,710,393,1,2
394,723,395,2,1
395,627,396,2,1
395,639,396,2,1
395,644,396,2,1
395,656,394,1,2
395,659,370,0,3
395,661,420,3,0
395,688,394,1,2
395,695,396,2,1
395,696,420,3,0
395,710,394,1,2
395,723,396,2,1
396,639,371,0,3
396,644,397,2,1
396,656,395,1,2
396,659,371,0,3
396,661,421,3,0
396,688,395,1,2
396,695,371,0,3
396,710,395,1,2
396,723,397,2,1
397,627,422,3,0
397,639,372,0,3
397,644,398,2,1
397,656,396,1,2
397,659,396,1,2
397,661,396,1,2
397,688,396,1,2
397,695,372,0,3
397,696,396,1,2
397,723,398,2,1
398,627,423,3,0
398,639,373,0,3
398,644,399,2,1
398,656,397,1,2
398,659,397,1,2
398,661,397,1,2
398,688,397,1,2
398,695,373,0,3
398,696,397,1,2
398,723,399,2,1
399,639,374,0,3
399,656,398,1,2
399,659,398,1,2
399,688,398,1,2
399,695,374,0,3
399,723,375,2,3
400,639,375,0,2
400,656,424,3,2
400,659,424,3,2
400,667,375,0,2
400,688,424,3,2
400,695,375,0,2
400,723,375,0,2
401,656,400,1,1
401,659,400,1,1
401,688,400,1,1
401,695,376,0,3
402,659,401,1,2
403,659,404,2,1
403,695,378,0,3
404,656,405,2,1
404,659,405,2,1
404,667,379,0,3
404,688,403,1,2
404,695,379,0,3
404,723,379,0,3
405,639,380,0,3
405,656,406,2,1
405,659,406,2,1
405,688,406,2,1
405,695,380,0,3
405,723,380,0,3
406,627,431,3,0
406,639,381,0,3
406,644,381,0,3
406,656,407,2,1
406,659,407,2,1
406,661,407,2,1
406,688,407,2,1
406,695,381,0,3
406,696,407,2,1
406,723,381,0,3
407,627,432,3,0
407,639,382,0,3
407,644,382,0,3
407,656,408,2,1
407,659,408,2,1
407,661,408,2,1
407,688,408,2,1
407,695,382,0,3
407,696,408,2,1
407,723,382,0,3
408,626,433,3,0
408,627,433,3,0
408,629,383,0,3
408,632,433,3,0
408,637,383,0,3
408,639,383,0,3
408,640,433,3,0
408,643,433,3,0
408,644,383,0,3
408,646,433,3,0
408,647,433,3,0
408,651,433,3,0
408,652,383,0,3
408,653,433,3,0
408,654,433,3,0
408,657,433,3,0
408,659,433,3,0
408,660,433,3,0
408,661,433,3,0
408,663,383,0,3
408,664,383,0,3
408,665,383,0,3
408,666,433,3,0
408,668,433,3,0
408,671,433,3,0
408,672,383,0,3
408,677,383,0,3
408,681,433,3,0
408,682,433,3,0
408,683,383,0,3
408,687,383,0,3
408,690,383,0,3
408,693,433,3,0
408,694,433,3,0
408,695,383,0,3
408,697,383,0,3
408,700,433,3,0
408,702,433,3,0
408,703,433,3,0
408,705,433,3,0
408,709,383,0,3
408,710,383,0,3
408,715,433,3,0
408,716,383,0,3
408,718,433,3,0
408,719,433,3,0
408,721,383,0,3
408,723,383,0,3
409,625,408,1,2
409,627,408,1,2
409,628,408,1,2
409,630,408,1,2
409,631,408,1,2
409,633,408,1,2
409,634,408,1,2
409,635,408,1,2
409,636,408,1,2
409,639,408,1,2
409,641,408,1,2
409,642,408,1,2
409,644,408,1,2
409,645,408,1,2
409,648,408,1,2
409,649,408,1,2
409,655,408,1,2
409,658,408,1,2
409,659,434,3,0
409,661,434,3,0
409,662,408,1,2
409,667,408,1,2
409,669,408,1,2
409,670,408,1,2
409,673,408,1,2
409,674,408,1,2
409,675,408,1,2
409,676,408,1,2
409,679,408,1,2
409,680,408,1,2
409,684,408,1,2
409,685,408,1,2
409,686,408,1,2
409,689,408,1,2
409,691,408,1,2
409,692,408,1,2
409,695,408,1,2
409,698,408,1,2
409,701,408,1,2
409,704,408,1,2
409,706,408,1,2
409,707,408,1,2
409,708,408,1,2
409,710,384,0,3
409,712,408,1,2
409,713,408,1,2
409,714,408,1,2
409,717,408,1,2
409,720,408,1,2
409,722,408,1,2
409,723,408,1,2
409,724,408,1,2
410,627,409,1,2
410,639,409,1,2
410,644,409,1,2
410,656,385,0,3
410,659,435,3,0
410,661,435,3,0
410,688,385,0,3
410,695,409,1,2
410,696,435,3,0
410,710,385,0,3
410,723,409,1,2
411,627,410,1,2
411,639,410,1,2
411,644,410,1,2
411,656,386,0,3
411,659,436,3,0
411,661,436,3,0
411,688,386,0,3
411,695,410,1,2
411,696,436,3,0
411,710,386,0,3
411,723,410,1,2
412,639,411,1,2
412,656,387,0,3
412,659,437,3,0
412,688,387,0,3
412,695,411,1,2
412,723,411,1,2
413,656,388,0,3
413,659,438,3,0
413,688,414,2,1
413,695,412,1,2
413,723,412,1,2
414,659,439,3,0
414,695,413,1,2
415,659,440,3,0
416,656,391,0,3
416,659,441,3,0
416,695,417,2,1
417,639,418,2,1
417,656,392,0,3
417,659,442,3,0
417,667,418,2,1
417,688,392,0,3
417,695,418,2,1
417,723,418,2,1
418,639,419,2,1
418,656,393,0,3
418,659,443,3,0
418,688,393,0,3
418,695,419,2,1
418,723,419,2,1
419,627,420,2,1
419,639,420,2,1
419,644,420,2,1
419,656,394,0,3
419,659,444,3,0
419,661,444,3,0
419,688,394,0,3
419,695,420,2,1
419,696,444,3,0
419,710,394,0,3
419,723,420,2,1
420,627,421,2,1
420,639,421,2,1
420,644,421,2,1
420,656,395,0,3
420,659,445,3,0
420,661,445,3,0
420,688,395,0,3
420,695,421,2,1
420,696,445,3,0
420,710,395,0,3
420,723,421,2,1
421,639,396,0,3
421,659,446,3,0
421,661,446,3,0
421,695,396,0,3
421,710,396,0,3
422,627,447,3,0
422,639,397,0,3
422,644,397,0,3
422,656,421,1,2
422,659,421,1,2
422,661,421,1,2
422,688,421,1,2
422,695,397,0,3
422,696,421,1,2
422,723,397,0,3
423,627,448,3,0
423,639,398,0,3
423,644,398,0,3
423,656,422,1,2
423,659,422,1,2
423,661,422,1,2
423,688,422,1,2
423,695,398,0,3
423,696,422,1,2
423,723,398,0,3
424,639,399,0,3
424,656,423,1,2
424,659,423,1,2
424,688,423,1,2
424,695,399,0,3
424,723,399,0,3
425,639,400,0,2
425,656,449,3,2
425,659,449,3,2
425,667,400,0,2
425,688,449,3,2
425,695,400,0,2
425,723,400,0,2
426,656,425,1,1
426,659,425,1,1
426,688,425,1,1
426,695,401,0,3
427,659,426,1,2
428,659,429,2,1
428,695,403,0,3
429,656,430,2,1
429,659,430,2,1
429,667,404,0,3
429,688,428,1,2
429,695,404,0,3
429,723,404,0,3
430,639,405,0,3
430,656,431,2,1
430,659,431,2,1
430,688,431,2,1
430,695,405,0,3
430,723,405,0,3
431,627,456,3,0
431,639,406,0,3
431,644,406,0,3
431,656,432,2,1
431,659,432,2,1
431,661,432,2,1
431,688,432,2,1
431,695,406,0,3
431,696,432,2,1
431,723,406,0,3
432,627,457,3,0
432,639,407,0,3
432,644,407,0,3
432,656,433,2,1
432,659,433,2,1
432,661,433,2,1
432,688,433,2,1
432,695,407,0,3
432,696,433,2,1
432,723,407,0,3
433,626,458,3,0
433,627,458,3,0
433,629,408,0,3
433,632,458,3,0
433,637,408,0,3
433,638,408,0,3
433,639,408,0,3
433,640,458,3,0
433,643,458,3,0
433,644,408,0,3
433,646,458,3,0
433,647,458,3,0
433,650,408,0,3
433,651,458,3,0
433,652,408,0,3
433,653,458,3,0
433,654,458,3,0
433,656,408,0,3
433,657,458,3,0
433,659,458,3,0
433,661,458,3,0
433,663,408,0,3
433,664,408,0,3
433,665,408,0,3
433,666,458,3,0
433,671,458,3,0
433,672,408,0,3
433,677,458,3,0
433,681,458,3,0
433,682,458,3,0
433,683,408,0,3
433,687,408,0,3
433,690,408,0,3
433,693,458,3,0
433,694,458,3,0
433,695,408,0,3
433,696,434,2,1
433,697,408,0,3
433,702,458,3,0
433,703,458,3,0
433,705,458,3,0
433,709,408,0,3
433,710,408,0,3
433,711,408,0,3
433,715,458,3,0
433,716,408,0,3
433,718,458,3,0
433,719,458,3,0
433,721,458,3,0
433,723,408,0,3
434,625,433,1,2
434,627,433,1,2
434,628,433,1,2
434,630,433,1,2
434,631,433,1,2
434,633,433,1,2
434,634,433,1,2
434,635,433,1,2
434,636,433,1,2
434,639,433,1,2
434,641,433,1,2
434,642,433,1,2
434,644,433,1,2
434,645,433,1,2
434,648,433,1,2
434,649,433,1,2
434,655,433,1,2
434,656,409,0,3
434,658,433,1,2
434,659,459,3,0
434,661,459,3,0
434,662,433,1,2
434,667,433,1,2
434,669,433,1,2
434,670,433,1,2
434,673,433,1,2
434,674,433,1,2
434,675,433,1,2
434,676,433,1,2
434,678,433,1,2
434,679,433,1,2
434,680,433,1,2
434,684,433,1,2
434,685,433,1,2
434,686,433,1,2
434,689,433,1,2
434,691,433,1,2
434,692,433,1,2
434,695,433,1,2
434,696,435,2,1
434,698,433,1,2
434,699,433,1,2
434,701,433,1,2
434,704,433,1,2
434,706,433,1,2
434,707,433,1,2
434,708,433,1,2
434,712,433,1,2
434,713,433,1,2
434,714,433,1,2
434,717,433,1,2
434,720,433,1,2
434,722,433,1,2
434,723,433,1,2
434,724,433,1,2
435,627,434,1,2
435,639,434,1,2
435,644,434,1,2
435,656,410,0,3
435,659,460,3,0
435,661,460,3,0
435,688,410,0,3
435,695,434,1,2
435,696,436,2,1
435,723,434,1,2
436,627,435,1,2
436,639,435,1,2
436,644,435,1,2
436,656,411,0,3
436,659,461,3,0
436,661,461,3,0
436,688,411,0,3
436,695,435,1,2
436,696,696,75,0
436,723,435,1,2
437,639,436,1,2
437,656,412,0,3
437,659,462,3,0
437,688,412,0,3
437,695,436,1,2
437,723,436,1,2
438,656,413,0,3
438,659,463,3,0
438,688,439,2,1
438,695,437,1,2
438,723,437,1,2
439,659,464,3,0
439,695,438,1,2
440,659,465,3,0
441,656,416,0,3
441,659,466,3,0
441,695,442,2,1
442,639,443,2,1
442,656,417,0,3
442,659,467,3,0
442,667,443,2,1
442,688,417,0,3
442,695,443,2,1
442,723,443,2,1
443,639,444,2,1
443,656,418,0,3
443,659,468,3,0
443,688,418,0,3
443,695,444,2,1
443,723,444,2,1
444,627,445,2,1
444,639,445,2,1
444,644,445,2,1
444,656,419,0,3
444,659,469,3,0
444,661,469,3,0
444,688,419,0,3
444,695,445,2,1
444,696,443,1,2
444,723,445,2,1
445,627,446,2,1
445,639,446,2,1
445,644,446,2,1
445,656,420,0,3
445,659,470,3,0
445,661,470,3,0
445,688,420,0,3
445,695,446,2,1
445,696,444,1,2
445,723,446,2,1
446,627,471,3,0
446,656,421,0,3
446,659,471,3,0
446,661,471,3,0
446,695,421,0,3
446,696,445,1,2
447,627,472,3,0
447,639,422,0,3
447,644,422,0,3
447,656,446,1,2
447,659,446,1,2
447,661,446,1,2
447,688,446,1,2
447,695,422,0,3
447,696,446,1,2
447,723,422,0,3
448,627,473,3,0
448,639,423,0,3
448,644,423,0,3
448,656,447,1,2
448,659,447,1,2
448,661,447,1,2
448,688,447,1,2
448,695,423,0,3
448,696,447,1,2
448,723,423,0,3
449,639,424,0,3
449,656,448,1,2
449,659,448,1,2
449,688,448,1,2
449,695,424,0,3
449,723,424,0,3
450,639,425,0,2
450,656,474,3,2
450,659,474,3,2
450,667,425,0,2
450,688,474,3,2
450,695,425,0,2
450,723,425,0,2
451,656,450,1,1
451,659,450,1,1
451,688,450,1,1
451,695,426,0,3
452,659,451,1,2
453,659,454,2,1
453,695,428,0,3
454,656,455,2,1
454,659,455,2,1
454,667,429,0,3
454,688,453,1,2
454,695,429,0,3
454,723,429,0,3
455,639,430,0,3
455,656,456,2,1
455,659,456,2,1
455,688,456,2,1
455,695,430,0,3
455,723,430,0,3
456,627,481,3,0
456,639,431,0,3
456,644,431,0,3
456,656,457,2,1
456,659,457,2,1
456,661,457,2,1
456,688,457,2,1
456,695,431,0,3
456,696,457,2,1
456,723,431,0,3
457,627,482,3,0
457,639,432,0,3
457,644,432,0,3
457,656,458,2,1
457,659,458,2,1
457,661,458,2,1
457,688,458,2,1
457,695,432,0,3
457,696,458,2,1
457,723,432,0,3
458,626,483,3,0
458,627,483,3,0
458,629,433,0,3
458,632,483,3,0
458,637,433,0,3
458,638,433,0,3
458,639,433,0,3
458,640,483,3,0
458,643,483,3,0
458,644,433,0,3
458,646,483,3,0
458,647,483,3,0
458,650,433,0,3
458,651,483,3,0
458,652,433,0,3
458,653,483,3,0
458,654,483,3,0
458,656,433,0,3
458,659,483,3,0
458,660,433,0,3
458,661,483,3,0
458,663,433,0,3
458,664,483,3,0
458,665,483,3,0
458,666,483,3,0
458,668,433,0,3
458,671,483,3,0
458,672,433,0,3
458,677,483,3,0
458,681,483,3,0
458,682,483,3,0
458,683,433,0,3
458,687,433,0,3
458,688,433,0,3
458,690,433,0,3
458,693,483,3,0
458,694,483,3,0
458,695,433,0,3
458,696,433,0,3
458,697,433,0,3
458,700,433,0,3
458,702,483,3,0
458,703,483,3,0
458,705,483,3,0
458,709,483,3,0
458,710,433,0,3
458,711,433,0,3
458,715,483,3,0
458,716,433,0,3
458,718,483,3,0
458,719,483,3,0
458,721,483,3,0
458,723,433,0,3
459,625,458,1,2
459,627,458,1,2
459,628,458,1,2
459,630,458,1,2
459,631,458,1,2
459,633,458,1,2
459,634,458,1,2
459,635,458,1,2
459,636,458,1,2
459,639,458,1,2
459,641,458,1,2
459,642,458,1,2
459,644,458,1,2
459,645,458,1,2
459,648,458,1,2
459,649,458,1,2
459,655,458,1,2
459,656,434,0,3
459,658,458,1,2
459,659,484,3,0
459,661,484,3,0
459,662,458,1,2
459,667,458,1,2
459,669,458,1,2
459,670,458,1,2
459,673,458,1,2
459,674,458,1,2
459,675,458,1,2
459,676,458,1,2
459,678,458,1,2
459,679,458,1,2
459,680,458,1,2
459,684,458,1,2
459,685,458,1,2
459,686,458,1,2
459,688,434,0,3
459,689,458,1,2
459,691,458,1,2
459,692,458,1,2
459,695,458,1,2
459,696,434,0,3
459,698,458,1,2
459,699,458,1,2
459,701,458,1,2
459,704,458,1,2
459,706,458,1,2
459,707,458,1,2
459,708,458,1,2
459,712,458,1,2
459,713,458,1,2
459,714,458,1,2
459,717,458,1,2
459,720,458,1,2
459,722,458,1,2
459,723,458,1,2
459,724,458,1,2
460,627,459,1,2
460,639,459,1,2
460,644,459,1,2
460,656,435,0,3
460,659,485,3,0
460,661,485,3,0
460,688,435,0,3
460,695,459,1,2
460,696,435,0,3
460,723,459,1,2
461,627,460,1,2
461,639,460,1,2
461,644,460,1,2
461,656,436,0,3
461,659,486,3,0
461,661,486,3,0
461,688,436,0,3
461,695,460,1,2
461,696,436,0,3
461,723,460,1,2
462,639,461,1,2
462,656,437,0,3
462,659,487,3,0
462,688,437,0,3
462,695,461,1,2
462,723,461,1,2
463,656,438,0,3
463,659,488,3,0
463,688,464,2,1
463,695,462,1,2
463,723,462,1,2
464,659,489,3,0
464,695,463,1,2
465,659,490,3,0
466,656,441,0,3
466,659,491,3,0
466,695,467,2,1
467,639,468,2,1
467,656,442,0,3
467,659,492,3,0
467,667,468,2,1
467,688,442,0,3
467,695,468,2,1
467,723,468,2,1
468,639,469,2,1
468,656,443,0,3
468,659,493,3,0
468,688,443,0,3
468,695,469,2,1
468,723,469,2,1
469,627,470,2,1
469,639,470,2,1
469,644,470,2,1
469,656,444,0,3
469,659,494,3,0
469,661,494,3,0
469,688,444,0,3
469,695,470,2,1
469,696,444,0,3
469,723,470,2,1
470,627,471,2,1
470,639,471,2,1
470,644,471,2,1
470,656,445,0,3
470,659,495,3,0
470,661,495,3,0
470,688,445,0,3
470,695,471,2,1
470,696,445,0,3
470,723,471,2,1
471,627,496,3,0
471,656,446,0,3
471,659,496,3,0
471,661,496,3,0
471,688,446,0,3
471,695,446,0,3
471,696,446,0,3
471,723,446,0,3
472,627,497,3,0
472,639,447,0,3
472,644,447,0,3
472,656,471,1,2
472,659,471,1,2
472,661,471,1,2
472,688,471,1,2
472,695,447,0,3
472,696,471,1,2
472,723,447,0,3
473,627,498,3,0
473,639,448,0,3
473,644,448,0,3
473,656,472,1,2
473,659,472,1,2
473,661,472,1,2
473,688,472,1,2
473,695,448,0,3
473,696,472,1,2
473,723,448,0,3
474,639,449,0,3
474,656,473,1,2
474,659,473,1,2
474,688,473,1,2
474,695,449,0,3
474,723,449,0,3
475,639,500,2,0
475,656,499,3,2
475,659,499,3,2
475,667,450,0,2
475,688,499,3,2
475,695,450,0,2
475,723,450,0,2
476,656,475,1,1
476,659,475,1,1
476,688,475,1,1
476,695,451,0,3
477,659,476,1,2
478,659,479,2,1
478,695,453,0,3
479,656,480,2,1
479,659,480,2,1
479,667,454,0,3
479,688,478,1,2
479,695,454,0,3
479,723,454,0,3
480,639,505,3,0
480,656,481,2,1
480,659,481,2,1
480,688,481,2,1
480,695,455,0,3
480,723,455,0,3
481,627,506,3,0
481,639,506,3,0
481,644,456,0,3
481,656,482,2,1
481,659,482,2,1
481,661,482,2,1
481,688,482,2,1
481,695,456,0,3
481,696,482,2,1
481,723,456,0,3
482,627,507,3,0
482,639,507,3,0
482,644,457,0,3
482,656,483,2,1
482,659,483,2,1
482,661,483,2,1
482,688,483,2,1
482,695,457,0,3
482,696,483,2,1
482,723,457,0,3
483,626,508,3,0
483,627,508,3,0
483,629,458,0,3
483,632,508,3,0
483,637,458,0,3
483,638,458,0,3
483,639,508,3,0
483,640,508,3,0
483,643,508,3,0
483,644,458,0,3
483,646,508,3,0
483,647,508,3,0
483,650,458,0,3
483,651,508,3,0
483,652,508,3,0
483,653,508,3,0
483,654,508,3,0
483,656,458,0,3
483,657,458,0,3
483,659,508,3,0
483,660,458,0,3
483,661,508,3,0
483,663,458,0,3
483,664,508,3,0
483,665,508,3,0
483,666,508,3,0
483,668,458,0,3
483,671,508,3,0
483,672,508,3,0
483,677,508,3,0
483,681,508,3,0
483,682,508,3,0
483,683,508,3,0
483,687,458,0,3
483,688,458,0,3
483,690,458,0,3
483,693,508,3,0
483,694,508,3,0
483,695,458,0,3
483,696,458,0,3
483,697,458,0,3
483,700,458,0,3
483,702,508,3,0
483,703,508,3,0
483,705,508,3,0
483,709,508,3,0
483,710,458,0,3
483,711,458,0,3
483,715,508,3,0
483,716,458,0,3
483,718,508,3,0
483,719,508,3,0
483,721,508,3,0
483,723,458,0,3
484,625,483,1,2
484,627,483,1,2
484,628,483,1,2
484,630,483,1,2
484,631,483,1,2
484,633,483,1,2
484,634,483,1,2
484,635,483,1,2
484,636,483,1,2
484,639,483,1,2
484,641,483,1,2
484,642,483,1,2
484,644,483,1,2
484,645,483,1,2
484,648,483,1,2
484,649,483,1,2
484,655,483,1,2
484,656,459,0,3
484,658,483,1,2
484,659,509,3,0
484,661,509,3,0
484,662,483,1,2
484,667,483,1,2
484,669,483,1,2
484,670,483,1,2
484,673,483,1,2
484,674,483,1,2
484,675,483,1,2
484,676,483,1,2
484,678,483,1,2
484,679,483,1,2
484,680,483,1,2
484,684,483,1,2
484,685,483,1,2
484,686,483,1,2
484,688,459,0,3
484,689,483,1,2
484,691,483,1,2
484,692,483,1,2
484,695,483,1,2
484,696,459,0,3
484,698,483,1,2
484,699,483,1,2
484,701,483,1,2
484,704,483,1,2
484,706,483,1,2
484,707,483,1,2
484,708,483,1,2
484,712,483,1,2
484,713,483,1,2
484,714,483,1,2
484,717,483,1,2
484,720,483,1,2
484,722,483,1,2
484,723,483,1,2
484,724,483,1,2
485,627,484,1,2
485,639,484,1,2
485,644,484,1,2
485,656,460,0,3
485,659,510,3,0
485,661,510,3,0
485,688,460,0,3
485,695,484,1,2
485,696,460,0,3
485,723,484,1,2
486,627,485,1,2
486,639,485,1,2
486,644,485,1,2
486,656,461,0,3
486,659,511,3,0
486,661,511,3,0
486,688,461,0,3
486,695,485,1,2
486,696,461,0,3
486,723,485,1,2
487,639,486,1,2
487,656,462,0,3
487,659,512,3,0
487,688,462,0,3
487,695,486,1,2
487,723,486,1,2
488,656,463,0,3
488,659,513,3,0
488,688,489,2,1
488,695,487,1,2
488,723,487,1,2
489,659,514,3,0
489,695,488,1,2
490,659,515,3,0
491,656,466,0,3
491,659,516,3,0
491,695,492,2,1
492,639,493,2,1
492,656,467,0,3
492,659,517,3,0
492,667,493,2,1
492,688,467,0,3
492,695,493,2,1
492,723,493,2,1
493,639,494,2,1
493,656,468,0,3
493,659,518,3,0
493,688,468,0,3
493,695,494,2,1
493,723,494,2,1
494,627,495,2,1
494,639,495,2,1
494,644,495,2,1
494,656,469,0,3
494,659,519,3,0
494,661,519,3,0
494,688,469,0,3
494,695,495,2,1
494,696,469,0,3
494,723,495,2,1
495,627,496,2,1
495,639,496,2,1
495,644,496,2,1
495,656,470,0,3
495,659,520,3,0
495,661,520,3,0
495,688,470,0,3
495,695,496,2,1
495,696,470,0,3
495,723,496,2,1
496,627,521,3,0
496,639,521,3,0
496,656,471,0,3
496,659,521,3,0
496,661,521,3,0
496,688,471,0,3
496,695,471,0,3
496,696,471,0,3
496,723,471,0,3
497,627,522,3,0
497,639,522,3,0
497,644,472,0,3
497,656,496,1,2
497,659,496,1,2
497,661,496,1,2
497,688,496,1,2
497,695,472,0,3
497,696,496,1,2
497,723,472,0,3
498,627,523,3,0
498,639,523,3,0
498,644,473,0,3
498,656,497,1,2
498,659,497,1,2
498,661,497,1,2
498,688,497,1,2
498,695,473,0,3
498,696,497,1,2
498,723,473,0,3
499,639,524,3,0
499,656,498,1,2
499,659,498,1,2
499,688,498,1,2
499,695,474,0,3
499,723,474,0,3
500,639,525,2,0
500,656,524,3,2
500,659,524,3,2
500,667,475,0,2
500,688,524,3,2
500,695,475,0,2
500,723,475,0,2
501,656,500,1,1
501,659,500,1,1
501,688,500,1,1
501,695,476,0,3
502,659,501,1,2
503,659,504,2,1
503,695,478,0,3
504,656,505,2,1
504,659,505,2,1
504,667,479,0,3
504,688,503,1,2
504,695,479,0,3
504,723,479,0,3
505,639,530,3,0
505,656,506,2,1
505,659,506,2,1
505,688,506,2,1
505,695,480,0,3
505,723,480,0,3
506,627,531,3,0
506,639,531,3,0
506,644,481,0,3
506,656,507,2,1
506,659,507,2,1
506,661,507,2,1
506,688,507,2,1
506,695,481,0,3
506,696,507,2,1
506,723,481,0,3
507,627,532,3,0
507,639,532,3,0
507,644,482,0,3
507,656,508,2,1
507,659,508,2,1
507,661,508,2,1
507,688,508,2,1
507,695,482,0,3
507,696,508,2,1
507,723,482,0,3
508,626,533,3,0
508,627,533,3,0
508,629,483,0,3
508,632,533,3,0
508,637,533,3,0
508,638,483,0,3
508,639,533,3,0
508,640,533,3,0
508,643,533,3,0
508,644,483,0,3
508,646,533,3,0
508,647,533,3,0
508,650,483,0,3
508,651,533,3,0
508,652,533,3,0
508,654,533,3,0
508,656,483,0,3
508,657,483,0,3
508,659,533,3,0
508,660,483,0,3
508,661,533,3,0
508,663,483,0,3
508,664,533,3,0
508,665,533,3,0
508,666,533,3,0
508,668,483,0,3
508,671,533,3,0
508,672,533,3,0
508,677,533,3,0
508,681,533,3,0
508,682,533,3,0
508,683,533,3,0
508,687,483,0,3
508,688,483,0,3
508,690,483,0,3
508,693,533,3,0
508,694,533,3,0
508,695,483,0,3
508,696,483,0,3
508,697,533,3,0
508,700,483,0,3
508,702,533,3,0
508,703,533,3,0
508,705,533,3,0
508,709,533,3,0
508,710,483,0,3
508,711,483,0,3
508,715,533,3,0
508,716,533,3,0
508,718,533,3,0
508,719,533,3,0
508,721,533,3,0
508,723,483,0,3
509,625,508,1,2
509,627,508,1,2
509,628,508,1,2
509,630,508,1,2
509,631,508,1,2
509,633,508,1,2
509,634,508,1,2
509,635,508,1,2
509,636,508,1,2
509,639,508,1,2
509,641,508,1,2
509,642,508,1,2
509,644,508,1,2
509,645,508,1,2
509,648,508,1,2
509,649,508,1,2
509,655,508,1,2
509,656,484,0,3
509,658,508,1,2
509,659,534,3,0
509,661,534,3,0
509,662,508,1,2
509,667,508,1,2
509,669,508,1,2
509,670,508,1,2
509,673,508,1,2
509,674,508,1,2
509,675,508,1,2
509,676,508,1,2
509,678,508,1,2
509,679,508,1,2
509,680,508,1,2
509,684,508,1,2
509,685,508,1,2
509,686,508,1,2
509,688,484,0,3
509,689,508,1,2
509,691,508,1,2
509,692,508,1,2
509,695,508,1,2
509,696,484,0,3
509,698,508,1,2
509,699,508,1,2
509,701,508,1,2
509,704,508,1,2
509,706,508,1,2
509,707,508,1,2
509,708,508,1,2
509,712,508,1,2
509,713,508,1,2
509,717,508,1,2
509,720,508,1,2
509,722,508,1,2
509,723,508,1,2
509,724,508,1,2
510,627,509,1,2
510,639,509,1,2
510,644,509,1,2
510,656,485,0,3
510,659,535,3,0
510,661,535,3,0
510,688,485,0,3
510,695,509,1,2
510,696,485,0,3
510,723,509,1,2
511,627,510,1,2
511,639,510,1,2
511,644,510,1,2
511,656,486,0,3
511,659,536,3,0
511,661,536,3,0
511,688,486,0,3
511,695,510,1,2
511,696,486,0,3
511,723,510,1,2
512,639,511,1,2
512,656,487,0,3
512,659,537,3,0
512,688,487,0,3
512,695,511,1,2
512,723,511,1,2
513,656,488,0,3
513,659,538,3,0
513,688,514,2,1
513,695,512,1,2
513,723,512,1,2
514,659,539,3,0
514,695,513,1,2
515,659,540,3,0
516,656,491,0,3
516,659,541,3,0
516,695,517,2,1
517,639,518,2,1
517,656,492,0,3
517,659,542,3,0
517,667,518,2,1
517,688,492,0,3
517,695,518,2,1
517,723,518,2,1
518,639,519,2,1
518,656,493,0,3
518,659,543,3,0
518,688,493,0,3
518,695,519,2,1
518,723,519,2,1
519,627,520,2,1
519,639,520,2,1
519,644,520,2,1
519,656,494,0,3
519,659,544,3,0
519,661,544,3,0
519,688,494,0,3
519,695,520,2,1
519,696,494,0,3
519,723,520,2,1
520,627,521,2,1
520,639,521,2,1
520,644,521,2,1
520,656,495,0,3
520,659,545,3,0
520,661,545,3,0
520,688,495,0,3
520,695,521,2,1
520,696,495,0,3
520,723,521,2,1
521,627,546,3,0
521,639,546,3,0
521,656,496,0,3
521,659,546,3,0
521,661,546,3,0
521,688,496,0,3
521,695,496,0,3
521,696,496,0,3
521,723,496,0,3
522,627,547,3,0
522,639,547,3,0
522,644,497,0,3
522,656,521,1,2
522,659,521,1,2
522,661,521,1,2
522,688,521,1,2
522,695,497,0,3
522,696,521,1,2
522,723,497,0,3
523,627,548,3,0
523,639,548,3,0
523,644,498,0,3
523,656,522,1,2
523,659,522,1,2
523,661,522,1,2
523,688,522,1,2
523,695,498,0,3
523,696,522,1,2
523,723,498,0,3
524,639,549,3,0
524,656,523,1,2
524,659,523,1,2
524,688,523,1,2
524,695,499,0,3
524,723,499,0,3
525,639,550,2,0
525,656,549,3,2
525,659,549,3,2
525,667,500,0,2
525,688,549,3,2
525,695,500,0,2
525,723,500,0,2
526,656,525,1,1
526,659,525,1,1
526,688,525,1,1
526,695,501,0,3
527,659,526,1,2
528,659,529,2,1
528,695,503,0,3
529,656,530,2,1
529,659,530,2,1
529,667,504,0,3
529,688,528,1,2
529,695,504,0,3
529,723,504,0,3
530,639,555,3,0
530,656,531,2,1
530,659,531,2,1
530,688,531,2,1
530,695,505,0,3
530,723,505,0,3
531,627,556,3,0
531,639,556,3,0
531,644,506,0,3
531,656,532,2,1
531,659,532,2,1
531,661,532,2,1
531,688,532,2,1
531,695,506,0,3
531,696,532,2,1
531,723,506,0,3
532,627,557,3,0
532,639,557,3,0
532,644,507,0,3
532,656,533,2,1
532,659,533,2,1
532,661,533,2,1
532,688,533,2,1
532,695,507,0,3
532,696,533,2,1
532,723,507,0,3
533,626,558,3,0
533,627,558,3,0
533,629,508,0,3
533,632,558,3,0
533,637,558,3,0
533,638,508,0,3
533,639,558,3,0
533,640,558,3,0
533,644,508,0,3
533,646,558,3,0
533,650,508,0,3
533,651,558,3,0
533,652,558,3,0
533,653,508,0,3
533,654,558,3,0
533,656,508,0,3
533,657,508,0,3
533,659,558,3,0
533,660,508,0,3
533,663,508,0,3
533,664,558,3,0
533,665,558,3,0
533,666,558,3,0
533,668,508,0,3
533,671,558,3,0
533,672,558,3,0
533,677,558,3,0
533,681,558,3,0
533,682,558,3,0
533,683,558,3,0
533,687,508,0,3
533,688,508,0,3
533,690,508,0,3
533,693,558,3,0
533,694,558,3,0
533,695,508,0,3
533,696,508,0,3
533,697,558,3,0
533,700,508,0,3
533,702,558,3,0
533,703,558,3,0
533,705,558,3,0
533,709,558,3,0
533,710,508,0,3
533,711,508,0,3
533,715,558,3,0
533,716,558,3,0
533,718,558,3,0
533,719,558,3,0
533,721,558,3,0
533,723,508,0,3
534,625,533,1,2
534,627,533,1,2
534,628,533,1,2
534,630,533,1,2
534,631,533,1,2
534,633,533,1,2
534,634,533,1,2
534,635,533,1,2
534,636,533,1,2
534,639,533,1,2
534,641,533,1,2
534,642,533,1,2
534,644,533,1,2
534,645,533,1,2
534,648,533,1,2
534,649,533,1,2
534,655,533,1,2
534,656,509,0,3
534,658,533,1,2
534,659,559,3,0
534,662,533,1,2
534,667,533,1,2
534,669,533,1,2
534,670,533,1,2
534,673,533,1,2
534,674,533,1,2
534,675,533,1,2
534,676,533,1,2
534,678,533,1,2
534,679,533,1,2
534,680,533,1,2
534,684,533,1,2
534,685,533,1,2
534,688,509,0,3
534,689,533,1,2
534,691,533,1,2
534,692,533,1,2
534,695,533,1,2
534,696,509,0,3
534,698,533,1,2
534,699,533,1,2
534,701,533,1,2
534,704,533,1,2
534,706,533,1,2
534,707,533,1,2
534,708,533,1,2
534,712,533,1,2
534,713,533,1,2
534,714,533,1,2
534,717,533,1,2
534,720,533,1,2
534,722,533,1,2
534,723,533,1,2
534,724,533,1,2
535,627,534,1,2
535,639,534,1,2
535,644,534,1,2
535,656,510,0,3
535,659,560,3,0
535,661,560,3,0
535,688,510,0,3
535,695,534,1,2
535,696,510,0,3
535,723,534,1,2
536,627,535,1,2
536,639,535,1,2
536,644,535,1,2
536,656,511,0,3
536,659,561,3,0
536,661,561,3,0
536,688,511,0,3
536,695,535,1,2
536,696,511,0,3
536,723,535,1,2
537,639,536,1,2
537,656,512,0,3
537,659,562,3,0
537,688,512,0,3
537,695,536,1,2
537,723,536,1,2
538,656,513,0,3
538,659,563,3,0
538,688,539,2,1
538,695,537,1,2
538,723,537,1,2
539,659,564,3,0
539,695,538,1,2
540,659,565,3,0
541,656,516,0,3
541,659,566,3,0
541,695,542,2,1
542,639,543,2,1
542,656,517,0,3
542,659,567,3,0
542,667,543,2,1
542,688,517,0,3
542,695,543,2,1
542,723,543,2,1
543,639,544,2,1
543,656,518,0,3
543,659,568,3,0
543,688,518,0,3
543,695,544,2,1
543,723,544,2,1
544,627,545,2,1
544,639,545,2,1
544,644,545,2,1
544,656,519,0,3
544,659,569,3,0
544,661,569,3,0
544,688,519,0,3
544,695,545,2,1
544,696,519,0,3
544,723,545,2,1
545,627,546,2,1
545,639,546,2,1
545,644,546,2,1
545,656,520,0,3
545,659,570,3,0
545,661,570,3,0
545,688,520,0,3
545,695,546,2,1
545,696,520,0,3
545,723,546,2,1
546,627,571,3,0
546,639,571,3,0
546,644,521,0,3
546,656,521,0,3
546,659,571,3,0
546,688,521,0,3
546,695,521,0,3
546,696,521,0,3
546,723,521,0,3
547,627,572,3,0
547,639,572,3,0
547,644,522,0,3
547,656,546,1,2
547,659,546,1,2
547,661,546,1,2
547,688,546,1,2
547,695,522,0,3
547,696,546,1,2
547,723,522,0,3
548,627,573,3,0
548,639,573,3,0
548,644,523,0,3
548,656,547,1,2
548,659,547,1,2
548,661,547,1,2
548,688,547,1,2
548,695,523,0,3
548,696,547,1,2
548,723,523,0,3
549,639,574,3,0
549,656,548,1,2
549,659,548,1,2
549,688,548,1,2
549,695,524,0,3
549,723,524,0,3
550,639,575,2,0
550,656,574,3,2
550,659,574,3,2
550,667,525,0,2
550,688,574,3,2
550,695,575,2,0
550,723,525,0,2
551,656,550,1,1
551,659,550,1,1
551,688,550,1,1
551,695,576,3,0
552,659,551,1,2
553,659,554,2,1
553,695,578,3,0
554,656,555,2,1
554,659,555,2,1
554,667,529,0,3
554,688,553,1,2
554,695,579,3,0
554,723,529,0,3
555,639,580,3,0
555,656,556,2,1
555,659,556,2,1
555,667,530,0,3
555,688,556,2,1
555,695,580,3,0
555,723,530,0,3
556,627,581,3,0
556,639,581,3,0
556,644,531,0,3
556,656,557,2,1
556,659,557,2,1
556,661,557,2,1
556,667,531,0,3
556,688,557,2,1
556,695,581,3,0
556,696,557,2,1
556,723,531,0,3
557,627,582,3,0
557,639,582,3,0
557,644,532,0,3
557,656,558,2,1
557,659,558,2,1
557,661,558,2,1
557,667,532,0,3
557,688,558,2,1
557,695,582,3,0
557,696,558,2,1
557,723,532,0,3
558,626,583,3,0
558,627,583,3,0
558,629,533,0,3
558,632,583,3,0
558,637,583,3,0
558,638,533,0,3
558,639,583,3,0
558,640,583,3,0
558,643,533,0,3
558,644,533,0,3
558,646,583,3,0
558,647,533,0,3
558,650,533,0,3
558,652,583,3,0
558,653,533,0,3
558,654,583,3,0
558,656,533,0,3
558,657,533,0,3
558,659,583,3,0
558,660,533,0,3
558,663,533,0,3
558,664,583,3,0
558,665,583,3,0
558,666,583,3,0
558,667,533,0,3
558,668,533,0,3
558,672,583,3,0
558,677,583,3,0
558,682,583,3,0
558,683,583,3,0
558,687,533,0,3
558,688,533,0,3
558,690,533,0,3
558,693,583,3,0
558,694,583,3,0
558,695,583,3,0
558,696,533,0,3
558,697,583,3,0
558,700,533,0,3
558,702,583,3,0
558,703,583,3,0
558,705,583,3,0
558,709,583,3,0
558,710,533,0,3
558,711,533,0,3
558,715,583,3,0
558,716,583,3,0
558,718,583,3,0
558,719,583,3,0
558,721,583,3,0
558,723,533,0,3
559,625,558,1,2
559,627,558,1,2
559,628,558,1,2
559,630,558,1,2
559,631,558,1,2
559,633,558,1,2
559,634,558,1,2
559,635,558,1,2
559,636,558,1,2
559,639,558,1,2
559,641,558,1,2
559,642,558,1,2
559,644,558,1,2
559,645,558,1,2
559,648,558,1,2
559,649,558,1,2
559,655,558,1,2
559,656,534,0,3
559,659,584,3,0
559,662,558,1,2
559,667,558,1,2
559,669,558,1,2
559,670,558,1,2
559,673,558,1,2
559,674,558,1,2
559,675,558,1,2
559,676,558,1,2
559,678,558,1,2
559,679,558,1,2
559,680,558,1,2
559,684,558,1,2
559,685,558,1,2
559,686,558,1,2
559,688,534,0,3
559,689,558,1,2
559,691,558,1,2
559,692,558,1,2
559,695,558,1,2
559,696,534,0,3
559,698,558,1,2
559,699,558,1,2
559,701,558,1,2
559,704,558,1,2
559,706,558,1,2
559,707,558,1,2
559,708,558,1,2
559,712,558,1,2
559,713,558,1,2
559,714,558,1,2
559,717,558,1,2
559,720,558,1,2
559,722,558,1,2
559,723,558,1,2
559,724,558,1,2
560,627,559,1,2
560,639,559,1,2
560,644,559,1,2
560,656,535,0,3
560,659,585,3,0
560,661,585,3,0
560,688,535,0,3
560,695,559,1,2
560,696,535,0,3
560,723,559,1,2
561,627,560,1,2
561,639,560,1,2
561,644,560,1,2
561,656,536,0,3
561,659,586,3,0
561,661,586,3,0
561,688,536,0,3
561,695,560,1,2
561,696,536,0,3
561,723,560,1,2
562,639,561,1,2
562,656,537,0,3
562,659,587,3,0
562,688,537,0,3
562,695,561,1,2
562,723,561,1,2
563,656,538,0,3
563,659,588,3,0
563,688,564,2,1
563,695,562,1,2
563,723,562,1,2
564,659,589,3,0
564,695,563,1,2
565,659,590,3,0
566,656,541,0,3
566,659,591,3,0
566,695,567,2,1
567,639,568,2,1
567,656,542,0,3
567,659,592,3,0
567,667,568,2,1
567,688,542,0,3
567,695,568,2,1
567,723,568,2,1
568,639,569,2,1
568,656,543,0,3
568,659,593,3,0
568,688,543,0,3
568,695,569,2,1
568,723,569,2,1
569,627,570,2,1
569,639,570,2,1
569,644,570,2,1
569,656,544,0,3
569,659,594,3,0
569,661,594,3,0
569,688,544,0,3
569,695,570,2,1
569,696,544,0,3
569,723,570,2,1
570,627,571,2,1
570,639,571,2,1
570,644,571,2,1
570,656,545,0,3
570,659,595,3,0
570,661,595,3,0
570,688,545,0,3
570,695,571,2,1
570,696,545,0,3
570,723,571,2,1
571,627,596,3,0
571,639,596,3,0
571,644,546,0,3
571,656,546,0,3
571,659,596,3,0
571,667,546,0,3
571,688,546,0,3
571,696,546,0,3
571,723,546,0,3
572,627,597,3,0
572,639,597,3,0
572,644,547,0,3
572,656,571,1,2
572,659,571,1,2
572,661,571,1,2
572,667,547,0,3
572,688,571,1,2
572,695,597,3,0
572,696,571,1,2
572,723,547,0,3
573,627,598,3,0
573,639,598,3,0
573,644,548,0,3
573,656,572,1,2
573,659,572,1,2
573,661,572,1,2
573,667,548,0,3
573,688,572,1,2
573,695,598,3,0
573,696,572,1,2
573,723,548,0,3
574,639,599,3,0
574,656,573,1,2
574,659,573,1,2
574,667,549,0,3
574,688,573,1,2
574,695,599,3,0
574,723,549,0,3
575,639,600,2,0
575,656,599,3,2
575,659,599,3,2
575,667,600,2,0
575,688,599,3,2
575,695,600,2,0
575,723,550,0,2
576,656,575,1,1
576,659,575,1,1
576,688,575,1,1
576,695,601,3,0
577,659,576,1,2
578,659,579,2,1
578,695,603,3,0
579,656,580,2,1
579,659,580,2,1
579,667,604,3,0
579,688,578,1,2
579,695,604,3,0
579,723,554,0,3
580,639,605,3,0
580,656,581,2,1
580,659,581,2,1
580,688,581,2,1
580,695,605,3,0
580,723,555,0,3
581,627,606,3,0
581,639,606,3,0
581,644,556,0,3
581,656,582,2,1
581,659,582,2,1
581,661,582,2,1
581,688,582,2,1
581,695,606,3,0
581,696,582,2,1
581,723,556,0,3
582,627,607,3,0
582,639,607,3,0
582,644,557,0,3
582,656,583,2,1
582,659,583,2,1
582,661,583,2,1
582,688,583,2,1
582,695,607,3,0
582,696,583,2,1
582,723,557,0,3
583,626,608,3,0
583,627,608,3,0
583,629,558,0,3
583,632,608,3,0
583,637,608,3,0
583,638,558,0,3
583,639,608,3,0
583,640,608,3,0
583,643,558,0,3
583,644,558,0,3
583,646,608,3,0
583,647,558,0,3
583,650,558,0,3
583,651,558,0,3
583,652,608,3,0
583,653,558,0,3
583,654,608,3,0
583,656,558,0,3
583,657,558,0,3
583,659,608,3,0
583,660,558,0,3
583,663,558,0,3
583,664,608,3,0
583,665,608,3,0
583,666,608,3,0
583,668,558,0,3
583,671,558,0,3
583,672,608,3,0
583,677,608,3,0
583,681,558,0,3
583,682,608,3,0
583,683,608,3,0
583,687,558,0,3
583,688,558,0,3
583,690,558,0,3
583,693,608,3,0
583,694,608,3,0
583,695,608,3,0
583,696,558,0,3
583,697,608,3,0
583,700,558,0,3
583,702,608,3,0
583,703,608,3,0
583,705,608,3,0
583,709,608,3,0
583,710,558,0,3
583,711,558,0,3
583,715,608,3,0
583,716,608,3,0
583,718,608,3,0
583,719,608,3,0
583,721,608,3,0
583,723,558,0,3
584,625,583,1,2
584,627,583,1,2
584,628,583,1,2
584,630,583,1,2
584,631,583,1,2
584,633,583,1,2
584,634,583,1,2
584,635,583,1,2
584,636,583,1,2
584,639,583,1,2
584,641,583,1,2
584,642,583,1,2
584,644,583,1,2
584,645,583,1,2
584,648,583,1,2
584,649,583,1,2
584,655,583,1,2
584,656,559,0,3
584,658,583,1,2
584,659,609,3,0
584,662,583,1,2
584,667,583,1,2
584,669,583,1,2
584,670,583,1,2
584,673,583,1,2
584,674,583,1,2
584,675,583,1,2
584,676,583,1,2
584,678,583,1,2
584,679,583,1,2
584,680,583,1,2
584,684,583,1,2
584,685,583,1,2
584,686,583,1,2
584,688,559,0,3
584,689,583,1,2
584,691,583,1,2
584,692,583,1,2
584,695,583,1,2
584,696,559,0,3
584,698,583,1,2
584,699,583,1,2
584,701,583,1,2
584,704,583,1,2
584,706,583,1,2
584,708,583,1,2
584,712,583,1,2
584,713,583,1,2
584,714,583,1,2
584,717,583,1,2
584,720,583,1,2
584,722,583,1,2
584,723,583,1,2
584,724,583,1,2
585,627,584,1,2
585,639,584,1,2
585,644,584,1,2
585,656,560,0,3
585,659,610,3,0
585,661,610,3,0
585,688,560,0,3
585,695,584,1,2
585,696,560,0,3
585,723,584,1,2
586,627,585,1,2
586,639,585,1,2
586,644,585,1,2
586,656,561,0,3
586,659,611,3,0
586,661,611,3,0
586,688,561,0,3
586,695,585,1,2
586,696,561,0,3
586,723,585,1,2
587,639,586,1,2
587,656,562,0,3
587,659,612,3,0
587,688,562,0,3
587,695,586,1,2
587,723,586,1,2
588,656,563,0,3
588,659,613,3,0
588,688,589,2,1
588,695,587,1,2
588,723,587,1,2
589,659,614,3,0
589,695,588,1,2
590,659,615,3,0
591,656,566,0,3
591,659,616,3,0
591,695,592,2,1
592,639,593,2,1
592,656,567,0,3
592,659,617,3,0
592,667,593,2,1
592,688,567,0,3
592,695,593,2,1
592,723,593,2,1
593,639,594,2,1
593,656,568,0,3
593,659,618,3,0
593,688,568,0,3
593,695,594,2,1
593,723,594,2,1
594,627,595,2,1
594,639,595,2,1
594,644,595,2,1
594,656,569,0,3
594,659,619,3,0
594,661,619,3,0
594,688,569,0,3
594,695,595,2,1
594,696,569,0,3
594,723,595,2,1
595,627,596,2,1
595,639,596,2,1
595,644,596,2,1
595,656,570,0,3
595,659,620,3,0
595,661,620,3,0
595,688,570,0,3
595,695,596,2,1
595,696,570,0,3
595,723,596,2,1
596,627,621,3,0
596,639,621,3,0
596,644,571,0,3
596,656,571,0,3
596,659,621,3,0
596,688,571,0,3
596,695,621,3,0
596,696,571,0,3
596,723,571,0,3
597,627,622,3,0
597,639,622,3,0
597,644,572,0,3
597,656,596,1,2
597,659,596,1,2
597,661,596,1,2
597,688,596,1,2
597,695,622,3,0
597,696,596,1,2
597,723,572,0,3
598,627,623,3,0
598,639,623,3,0
598,644,573,0,3
598,656,597,1,2
598,659,597,1,2
598,661,597,1,2
598,688,597,1,2
598,695,623,3,0
598,696,597,1,2
598,723,573,0,3
599,639,624,3,0
599,656,598,1,2
599,659,598,1,2
599,688,598,1,2
599,695,624,3,0
599,723,574,0,3
600,639,0,2,3
600,656,624,3,2
600,659,624,3,2
600,667,0,2,3
600,688,624,3,2
600,695,0,2,3
600,723,575,0,2
601,656,600,1,1
601,659,600,1,1
601,688,600,1,1
601,695,1,3,3
602,659,601,1,2
603,659,604,2,1
603,695,3,3,3
604,656,605,2,1
604,659,605,2,1
604,667,4,3,3
604,688,603,1,2
604,695,4,3,3
604,723,579,0,3
605,639,5,3,3
605,656,606,2,1
605,659,606,2,1
605,688,606,2,1
605,695,5,3,3
605,723,580,0,3
606,627,627,6,0
606,639,6,3,3
606,644,581,0,3
606,656,607,2,1
606,659,607,2,1
606,661,607,2,1
606,688,607,2,1
606,695,6,3,3
606,696,607,2,1
606,723,581,0,3
607,627,606,1,2
607,639,7,3,3
607,644,582,0,3
607,656,608,2,1
607,659,608,2,1
607,661,608,2,1
607,688,608,2,1
607,695,7,3,3
607,696,608,2,1
607,723,582,0,3
608,626,8,3,3
608,627,607,1,2
608,629,583,0,3
608,632,8,3,3
608,637,8,3,3
608,638,583,0,3
608,639,8,3,3
608,640,8,3,3
608,643,583,0,3
608,644,583,0,3
608,646,8,3,3
608,647,583,0,3
608,650,583,0,3
608,651,583,0,3
608,652,8,3,3
608,653,583,0,3
608,654,8,3,3
608,656,583,0,3
608,657,583,0,3
608,659,8,3,3
608,660,583,0,3
608,663,583,0,3
608,664,8,3,3
608,665,8,3,3
608,666,8,3,3
608,668,583,0,3
608,671,583,0,3
608,672,8,3,3
608,677,8,3,3
608,681,583,0,3
608,682,8,3,3
608,683,8,3,3
608,687,583,0,3
608,688,583,0,3
608,690,583,0,3
608,693,8,3,3
608,694,8,3,3
608,695,8,3,3
608,696,583,0,3
608,697,8,3,3
608,700,583,0,3
608,702,8,3,3
608,703,8,3,3
608,705,8,3,3
608,709,8,3,3
608,710,583,0,3
608,711,583,0,3
608,715,8,3,3
608,716,8,3,3
608,718,8,3,3
608,721,8,3,3
608,723,583,0,3
609,625,608,1,2
609,627,608,1,2
609,628,608,1,2
609,630,608,1,2
609,633,608,1,2
609,634,608,1,2
609,635,608,1,2
609,636,608,1,2
609,639,608,1,2
609,641,608,1,2
609,642,608,1,2
609,644,608,1,2
609,645,608,1,2
609,648,608,1,2
609,649,608,1,2
609,655,608,1,2
609,656,584,0,3
609,658,608,1,2
609,659,9,3,3
609,662,608,1,2
609,667,608,1,2
609,669,608,1,2
609,670,608,1,2
609,673,608,1,2
609,674,608,1,2
609,675,608,1,2
609,676,608,1,2
609,678,608,1,2
609,679,608,1,2
609,680,608,1,2
609,684,608,1,2
609,685,608,1,2
609,686,608,1,2
609,688,584,0,3
609,689,608,1,2
609,691,608,1,2
609,692,608,1,2
609,695,608,1,2
609,696,584,0,3
609,698,608,1,2
609,699,608,1,2
609,701,608,1,2
609,704,608,1,2
609,706,608,1,2
609,707,608,1,2
609,708,608,1,2
609,712,608,1,2
609,713,608,1,2
609,714,608,1,2
609,717,608,1,2
609,720,608,1,2
609,722,608,1,2
609,723,608,1,2
609,724,608,1,2
610,627,609,1,2
610,639,609,1,2
610,644,609,1,2
610,656,585,0,3
610,659,10,3,3
610,661,10,3,3
610,688,585,0,3
610,695,609,1,2
610,696,585,0,3
610,723,609,1,2
611,627,610,1,2
611,639,610,1,2
611,644,610,1,2
611,656,586,0,3
611,659,11,3,3
611,661,11,3,3
611,688,586,0,3
611,695,610,1,2
611,696,586,0,3
611,723,610,1,2
612,639,611,1,2
612,656,587,0,3
612,659,12,3,3
612,688,587,0,3
612,695,611,1,2
612,723,611,1,2
613,656,588,0,3
613,659,13,3,3
613,688,614,2,1
613,695,612,1,2
613,723,612,1,2
614,659,14,3,3
614,695,613,1,2
615,659,15,3,3
616,656,591,0,3
616,659,16,3,3
616,695,617,2,1
617,639,618,2,1
617,656,592,0,3
617,659,17,3,3
617,667,618,2,1
617,688,592,0,3
617,695,618,2,1
617,723,618,2,1
618,639,619,2,1
618,656,593,0,3
618,659,18,3,3
618,688,593,0,3
618,695,619,2,1
618,723,619,2,1
619,627,620,2,1
619,639,620,2,1
619,644,620,2,1
619,656,594,0,3
619,659,19,3,3
619,661,19,3,3
619,688,594,0,3
619,695,620,2,1
619,696,594,0,3
619,723,620,2,1
620,627,621,2,1
620,639,621,2,1
620,644,621,2,1
620,656,595,0,3
620,659,20,3,3
620,661,20,3,3
620,688,595,0,3
620,695,621,2,1
620,696,595,0,3
620,723,621,2,1
621,627,622,2,1
621,639,21,3,3
621,644,596,0,3
621,656,596,0,3
621,659,21,3,3
621,688,596,0,3
621,695,21,3,3
621,696,596,0,3
621,723,596,0,3
622,627,623,2,1
622,639,22,3,3
622,644,597,0,3
622,656,621,1,2
622,659,621,1,2
622,661,621,1,2
622,688,621,1,2
622,695,22,3,3
622,696,621,1,2
622,723,597,0,3
623,627,624,2,1
623,639,23,3,3
623,644,598,0,3
623,656,622,1,2
623,659,622,1,2
623,661,622,1,2
623,688,622,1,2
623,695,23,3,3
623,696,622,1,2
623,723,598,0,3
624,639,24,3,3
624,656,623,1,2
624,659,623,1,2
624,688,623,1,2
624,695,24,3,3
624,723,599,0,3
627,625,606,0,6
627,626,606,0,6
627,628,606,0,6
627,629,606,0,6
627,630,606,0,6
627,631,606,0,6
627,632,606,0,6
627,633,606,0,6
627,634,606,0,6
627,635,606,0,6
627,636,606,0,6
627,637,606,0,6
627,638,606,0,6
627,639,606,0,6
627,640,606,0,6
627,641,606,0,6
627,642,606,0,6
627,643,606,0,6
627,644,606,0,6
627,645,606,0,6
627,646,606,0,6
627,647,606,0,6
627,648,606,0,6
627,649,606,0,6
627,650,606,0,6
627,651,606,0,6
627,652,606,0,6
627,653,606,0,6
627,654,606,0,6
627,655,606,0,6
627,656,606,0,6
627,657,606,0,6
627,658,606,0,6
627,659,606,0,6
627,660,606,0,6
627,661,606,0,6
627,662,606,0,6
627,663,606,0,6
627,664,606,0,6
627,665,606,0,6
627,666,606,0,6
627,667,606,0,6
627,668,606,0,6
627,669,606,0,6
627,670,606,0,6
627,671,606,0,6
627,672,606,0,6
627,673,606,0,6
627,674,606,0,6
627,675,606,0,6
627,676,606,0,6
627,677,606,0,6
627,678,606,0,6
627,679,606,0,6
627,680,606,0,6
627,681,606,0,6
627,682,606,0,6
627,683,606,0,6
627,684,606,0,6
627,685,606,0,6
627,686,606,0,6
627,687,606,0,6
627,688,606,0,6
627,689,606,0,6
627,690,606,0,6
627,691,606,0,6
627,692,606,0,6
627,693,606,0,6
627,694,606,0,6
627,695,606,0,6
627,696,606,0,6
627,697,606,0,6
627,698,606,0,6
627,699,606,0,6
627,700,606,0,6
627,701,606,0,6
627,702,606,0,6
627,703,606,0,6
627,704,606,0,6
627,705,606,0,6
627,706,606,0,6
627,707,606,0,6
627,708,606,0,6
627,709,606,0,6
627,710,606,0,6
627,711,606,0,6
627,712,606,0,6
627,713,606,0,6
627,714,606,0,6
627,715,606,0,6
627,716,606,0,6
627,717,606,0,6
627,718,606,0,6
627,719,606,0,6
627,720,606,0,6
627,721,606,0,6
627,722,606,0,6
627,723,606,0,6
627,724,606,0,6
639,625,150,0,18
639,626,150,0,18
639,627,150,0,18
639,628,150,0,18
639,629,150,0,18
639,630,150,0,18
639,631,150,0,18
639,632,150,0,18
639,633,150,0,18
639,634,150,0,18
639,635,150,0,18
639,636,150,0,18
639,637,150,0,18
639,638,150,0,18
639,640,150,0,18
639,641,150,0,18
639,642,150,0,18
639,643,150,0,18
639,644,150,0,18
639,645,150,0,18
639,646,150,0,18
639,647,150,0,18
639,648,150,0,18
639,649,150,0,18
639,650,150,0,18
639,651,150,0,18
639,652,150,0,18
639,653,150,0,18
639,654,150,0,18
639,655,150,0,18
639,656,150,0,18
639,657,150,0,18
639,658,150,0,18
639,659,150,0,18
639,660,150,0,18
639,661,150,0,18
639,662,150,0,18
639,663,150,0,18
639,664,150,0,18
639,665,150,0,18
639,666,150,0,18
639,667,150,0,18
639,668,150,0,18
639,669,150,0,18
639,670,150,0,18
639,671,150,0,18
639,672,150,0,18
639,673,150,0,18
639,674,150,0,18
639,675,150,0,18
639,676,150,0,18
639,677,150,0,18
639,678,150,0,18
639,679,150,0,18
639,680,150,0,18
639,681,150,0,18
639,682,150,0,18
639,683,150,0,18
639,684,150,0,18
639,685,150,0,18
639,686,150,0,18
639,687,150,0,18
639,688,150,0,18
639,689,150,0,18
639,690,150,0,18
639,691,150,0,18
639,692,150,0,18
639,693,150,0,18
639,694,150,0,18
639,695,150,0,18
639,696,150,0,18
639,697,150,0,18
639,698,150,0,18
639,699,150,0,18
639,700,150,0,18
639,701,150,0,18
639,702,150,0,18
639,703,150,0,18
639,704,150,0,18
639,705,150,0,18
639,706,150,0,18
639,707,150,0,18
639,708,150,0,18
639,709,150,0,18
639,710,150,0,18
639,711,150,0,18
639,712,150,0,18
639,713,150,0,18
639,714,150,0,18
639,715,150,0,18
639,716,150,0,18
639,717,150,0,18
639,718,150,0,18
639,719,150,0,18
639,720,150,0,18
639,721,150,0,18
639,722,150,0,18
639,723,150,0,18
639,724,150,0,18
644,625,381,0,23
644,626,381,0,23
644,627,381,0,23
644,628,381,0,23
644,629,381,0,23
644,630,381,0,23
644,631,381,0,23
644,632,381,0,23
644,633,381,0,23
644,634,381,0,23
644,635,381,0,23
644,636,381,0,23
644,637,381,0,23
644,638,381,0,23
644,639,381,0,23
644,640,381,0,23
644,641,381,0,23
644,642,381,0,23
644,643,381,0,23
644,645,381,0,23
644,646,381,0,23
644,647,381,0,23
644,648,381,0,23
644,649,381,0,23
644,650,381,0,23
644,651,381,0,23
644,652,381,0,23
644,653,381,0,23
644,654,381,0,23
644,655,381,0,23
644,656,381,0,23
644,657,381,0,23
644,658,381,0,23
644,659,381,0,23
644,660,381,0,23
644,661,381,0,23
644,662,381,0,23
644,663,381,0,23
644,664,381,0,23
644,665,381,0,23
644,666,381,0,23
644,667,381,0,23
644,668,381,0,23
644,669,381,0,23
644,670,381,0,23
644,671,381,0,23
644,672,381,0,23
644,673,381,0,23
644,674,381,0,23
644,675,381,0,23
644,676,381,0,23
644,677,381,0,23
644,678,381,0,23
644,679,381,0,23
644,680,381,0,23
644,681,381,0,23
644,682,381,0,23
644,683,381,0,23
644,684,381,0,23
644,685,381,0,23
644,686,381,0,23
644,687,381,0,23
644,688,381,0,23
644,689,381,0,23
644,690,381,0,23
644,691,381,0,23
644,692,381,0,23
644,693,381,0,23
644,694,381,0,23
644,695,381,0,23
644,696,381,0,23
644,697,381,0,23
644,698,381,0,23
644,699,381,0,23
644,700,381,0,23
644,701,381,0,23
644,702,381,0,23
644,703,381,0,23
644,704,381,0,23
644,705,381,0,23
644,706,381,0,23
644,707,381,0,23
644,708,381,0,23
644,709,381,0,23
644,710,381,0,23
644,711,381,0,23
644,712,381,0,23
644,713,381,0,23
644,714,381,0,23
644,715,381,0,23
644,716,381,0,23
644,717,381,0,23
644,718,381,0,23
644,719,381,0,23
644,720,381,0,23
644,721,381,0,23
644,722,381,0,23
644,723,381,0,23
644,724,381,0,23
656,625,391,0,35
656,626,391,0,35
656,627,391,0,35
656,628,391,0,35
656,629,391,0,35
656,630,391,0,35
656,631,391,0,35
656,632,391,0,35
656,633,391,0,35
656,634,391,0,35
656,635,391,0,35
656,636,391,0,35
656,637,391,0,35
656,638,391,0,35
656,639,391,0,35
656,640,391,0,35
656,641,391,0,35
656,642,391,0,35
656,643,391,0,35
656,644,391,0,35
656,645,391,0,35
656,646,391,0,35
656,647,391,0,35
656,648,391,0,35
656,649,391,0,35
656,650,391,0,35
656,651,391,0,35
656,652,391,0,35
656,653,391,0,35
656,654,391,0,35
656,655,391,0,35
656,657,391,0,35
656,658,391,0,35
656,659,391,0,35
656,660,391,0,35
656,661,391,0,35
656,662,391,0,35
656,663,391,0,35
656,664,391,0,35
656,665,391,0,35
656,666,391,0,35
656,667,391,0,35
656,668,391,0,35
656,669,391,0,35
656,670,391,0,35
656,671,391,0,35
656,672,391,0,35
656,673,391,0,35
656,674,391,0,35
656,675,391,0,35
656,676,391,0,35
656,677,391,0,35
656,678,391,0,35
656,679,391,0,35
656,680,391,0,35
656,681,391,0,35
656,682,391,0,35
656,683,391,0,35
656,684,391,0,35
656,685,391,0,35
656,686,391,0,35
656,687,391,0,35
656,688,391,0,35
656,689,391,0,35
656,690,391,0,35
656,691,391,0,35
656,692,391,0,35
656,693,391,0,35
656,694,391,0,35
656,695,391,0,35
656,696,391,0,35
656,697,391,0,35
656,698,391,0,35
656,699,391,0,35
656,700,391,0,35
656,701,391,0,35
656,702,391,0,35
656,703,391,0,35
656,704,391,0,35
656,705,391,0,35
656,706,391,0,35
656,707,391,0,35
656,708,391,0,35
656,709,391,0,35
656,710,391,0,35
656,711,391,0,35
656,712,391,0,35
656,713,391,0,35
656,714,391,0,35
656,715,391,0,35
656,716,391,0,35
656,717,391,0,35
656,718,391,0,35
656,719,391,0,35
656,720,391,0,35
656,721,391,0,35
656,722,391,0,35
656,723,391,0,35
656,724,391,0,35
659,625,90,0,38
659,626,90,0,38
659,627,90,0,38
659,628,90,0,38
659,629,90,0,38
659,630,90,0,38
659,631,90,0,38
659,632,90,0,38
659,633,90,0,38
659,634,90,0,38
659,635,90,0,38
659,636,90,0,38
659,637,90,0,38
659,638,90,0,38
659,639,90,0,38
659,640,90,0,38
659,641,90,0,38
659,642,90,0,38
659,643,90,0,38
659,644,90,0,38
659,645,90,0,38
659,646,90,0,38
659,647,90,0,38
659,648,90,0,38
659,649,90,0,38
659,650,90,0,38
659,651,90,0,38
659,652,90,0,38
659,653,90,0,38
659,654,90,0,38
659,655,90,0,38
659,656,90,0,38
659,657,90,0,38
659,658,90,0,38
659,660,90,0,38
659,661,90,0,38
659,662,90,0,38
659,663,90,0,38
659,664,90,0,38
659,665,90,0,38
659,666,90,0,38
659,667,90,0,38
659,668,90,0,38
659,669,90,0,38
659,670,90,0,38
659,671,90,0,38
659,672,90,0,38
659,673,90,0,38
659,674,90,0,38
659,675,90,0,38
659,676,90,0,38
659,677,90,0,38
659,678,90,0,38
659,679,90,0,38
659,680,90,0,38
659,681,90,0,38
659,682,90,0,38
659,683,90,0,38
659,684,90,0,38
659,685,90,0,38
659,686,90,0,38
659,687,90,0,38
659,688,90,0,38
659,689,90,0,38
659,690,90,0,38
659,691,90,0,38
659,692,90,0,38
659,693,90,0,38
659,694,90,0,38
659,695,90,0,38
659,696,90,0,38
659,697,90,0,38
659,698,90,0,38
659,699,90,0,38
659,700,90,0,38
659,701,90,0,38
659,702,90,0,38
659,703,90,0,38
659,704,90,0,38
659,705,90,0,38
659,706,90,0,38
659,707,90,0,38
659,708,90,0,38
659,709,90,0,38
659,710,90,0,38
659,711,90,0,38
659,712,90,0,38
659,713,90,0,38
659,714,90,0,38
659,715,90,0,38
659,716,90,0,38
659,717,90,0,38
659,718,90,0,38
659,719,90,0,38
659,720,90,0,38
659,721,90,0,38
659,722,90,0,38
659,723,90,0,38
659,724,90,0,38
661,625,36,0,40
661,626,36,0,40
661,627,36,0,40
661,628,36,0,40
661,629,36,0,40
661,630,36,0,40
661,631,36,0,40
661,632,36,0,40
661,633,36,0,40
661,634,36,0,40
661,635,36,0,40
661,636,36,0,40
661,637,36,0,40
661,638,36,0,40
661,639,36,0,40
661,640,36,0,40
661,641,36,0,40
661,642,36,0,40
661,643,36,0,40
661,644,36,0,40
661,645,36,0,40
661,646,36,0,40
661,647,36,0,40
661,648,36,0,40
661,649,36,0,40
661,650,36,0,40
661,651,36,0,40
661,652,36,0,40
661,653,36,0,40
661,654,36,0,40
661,655,36,0,40
661,656,36,0,40
661,657,36,0,40
661,658,36,0,40
661,659,36,0,40
661,660,36,0,40
661,662,36,0,40
661,663,36,0,40
661,664,36,0,40
661,665,36,0,40
661,666,36,0,40
661,667,36,0,40
661,668,36,0,40
661,669,36,0,40
661,670,36,0,40
661,671,36,0,40
661,672,36,0,40
661,673,36,0,40
661,674,36,0,40
661,675,36,0,40
661,676,36,0,40
661,677,36,0,40
661,678,36,0,40
661,679,36,0,40
661,680,36,0,40
661,681,36,0,40
661,682,36,0,40
661,683,36,0,40
661,684,36,0,40
661,685,36,0,40
661,686,36,0,40
661,687,36,0,40
661,688,36,0,40
661,689,36,0,40
661,690,36,0,40
661,691,36,0,40
661,692,36,0,40
661,693,36,0,40
661,694,36,0,40
661,695,36,0,40
661,696,36,0,40
661,697,36,0,40
661,698,36,0,40
661,699,36,0,40
661,700,36,0,40
661,701,36,0,40
661,702,36,0,40
661,703,36,0,40
661,704,36,0,40
661,705,36,0,40
661,706,36,0,40
661,707,36,0,40
661,708,36,0,40
661,709,36,0,40
661,710,36,0,40
661,711,36,0,40
661,712,36,0,40
661,713,36,0,40
661,714,36,0,40
661,715,36,0,40
661,716,36,0,40
661,717,36,0,40
661,718,36,0,40
661,719,36,0,40
661,720,36,0,40
661,721,36,0,40
661,722,36,0,40
661,723,36,0,40
661,724,36,0,40
667,625,254,0,46
667,626,254,0,46
667,627,254,0,46
667,628,254,0,46
667,629,254,0,46
667,630,254,0,46
667,631,254,0,46
667,632,254,0,46
667,633,254,0,46
667,634,254,0,46
667,635,254,0,46
667,636,254,0,46
667,637,254,0,46
667,638,254,0,46
667,639,254,0,46
667,640,254,0,46
667,641,254,0,46
667,642,254,0,46
667,643,254,0,46
667,644,254,0,46
667,645,254,0,46
667,646,254,0,46
667,647,254,0,46
667,648,254,0,46
667,649,254,0,46
667,650,254,0,46
667,651,254,0,46
667,652,254,0,46
667,653,254,0,46
667,654,254,0,46
667,655,254,0,46
667,656,254,0,46
667,657,254,0,46
667,658,254,0,46
667,659,254,0,46
667,660,254,0,46
667,661,254,0,46
667,662,254,0,46
667,663,254,0,46
667,664,254,0,46
667,665,254,0,46
667,666,254,0,46
667,668,254,0,46
667,669,254,0,46
667,670,254,0,46
667,671,254,0,46
667,672,254,0,46
667,673,254,0,46
667,674,254,0,46
667,675,254,0,46
667,676,254,0,46
667,677,254,0,46
667,678,254,0,46
667,679,254,0,46
667,680,254,0,46
667,681,254,0,46
667,682,254,0,46
667,683,254,0,46
667,684,254,0,46
667,685,254,0,46
667,686,254,0,46
667,687,254,0,46
667,688,254,0,46
667,689,254,0,46
667,690,254,0,46
667,691,254,0,46
667,692,254,0,46
667,693,254,0,46
667,694,254,0,46
667,695,254,0,46
667,696,254,0,46
667,697,254,0,46
667,698,254,0,46
667,699,254,0,46
667,700,254,0,46
667,701,254,0,46
667,702,254,0,46
667,703,254,0,46
667,704,254,0,46
667,705,254,0,46
667,706,254,0,46
667,707,254,0,46
667,708,254,0,46
667,709,254,0,46
667,710,254,0,46
667,711,254,0,46
667,712,254,0,46
667,713,254,0,46
667,714,254,0,46
667,715,254,0,46
667,716,254,0,46
667,717,254,0,46
667,718,254,0,46
667,719,254,0,46
667,720,254,0,46
667,721,254,0,46
667,722,254,0,46
667,723,254,0,46
667,724,254,0,46
688,625,392,0,67
688,626,392,0,67
688,627,392,0,67
688,628,392,0,67
688,629,392,0,67
688,630,392,0,67
688,631,392,0,67
688,632,392,0,67
688,633,392,0,67
688,634,392,0,67
688,635,392,0,67
688,636,392,0,67
688,637,392,0,67
688,638,392,0,67
688,639,392,0,67
688,640,392,0,67
688,641,392,0,67
688,642,392,0,67
688,643,392,0,67
688,644,392,0,67
688,645,392,0,67
688,646,392,0,67
688,647,392,0,67
688,648,392,0,67
688,649,392,0,67
688,650,392,0,67
688,651,392,0,67
688,652,392,0,67
688,653,392,0,67
688,654,392,0,67
688,655,392,0,67
688,656,392,0,67
688,657,392,0,67
688,658,392,0,67
688,659,392,0,67
688,660,392,0,67
688,661,392,0,67
688,662,392,0,67
688,663,392,0,67
688,664,392,0,67
688,665,392,0,67
688,666,392,0,67
688,667,392,0,67
688,668,392,0,67
688,669,392,0,67
688,670,392,0,67
688,671,392,0,67
688,672,392,0,67
688,673,392,0,67
688,674,392,0,67
688,675,392,0,67
688,676,392,0,67
688,677,392,0,67
688,678,392,0,67
688,679,392,0,67
688,680,392,0,67
688,681,392,0,67
688,682,392,0,67
688,683,392,0,67
688,684,392,0,67
688,685,392,0,67
688,686,392,0,67
688,687,392,0,67
688,689,392,0,67
688,690,392,0,67
688,691,392,0,67
688,692,392,0,67
688,693,392,0,67
688,694,392,0,67
688,695,392,0,67
688,696,392,0,67
688,697,392,0,67
688,698,392,0,67
688,699,392,0,67
688,700,392,0,67
688,701,392,0,67
688,702,392,0,67
688,703,392,0,67
688,704,392,0,67
688,705,392,0,67
688,706,392,0,67
688,707,392,0,67
688,708,392,0,67
688,709,392,0,67
688,710,392,0,67
688,711,392,0,67
688,712,392,0,67
688,713,392,0,67
688,714,392,0,67
688,715,392,0,67
688,716,392,0,67
688,717,392,0,67
688,718,392,0,67
688,719,392,0,67
688,720,392,0,67
688,721,392,0,67
688,722,392,0,67
688,723,392,0,67
688,724,392,0,67
695,625,228,0,74
695,626,228,0,74
695,627,228,0,74
695,628,228,0,74
695,629,228,0,74
695,630,228,0,74
695,631,228,0,74
695,632,228,0,74
695,633,228,0,74
695,634,228,0,74
695,635,228,0,74
695,636,228,0,74
695,637,228,0,74
695,638,228,0,74
695,639,228,0,74
695,640,228,0,74
695,641,228,0,74
695,642,228,0,74
695,643,228,0,74
695,644,228,0,74
695,645,228,0,74
695,646,228,0,74
695,647,228,0,74
695,648,228,0,74
695,649,228,0,74
695,650,228,0,74
695,651,228,0,74
695,652,228,0,74
695,653,228,0,74
695,654,228,0,74
695,655,228,0,74
695,656,228,0,74
695,657,228,0,74
695,658,228,0,74
695,659,228,0,74
695,660,228,0,74
695,661,228,0,74
695,662,228,0,74
695,663,228,0,74
695,664,228,0,74
695,665,228,0,74
695,666,228,0,74
695,667,228,0,74
695,668,228,0,74
695,669,228,0,74
695,670,228,0,74
695,671,228,0,74
695,672,228,0,74
695,673,228,0,74
695,674,228,0,74
695,675,228,0,74
695,676,228,0,74
695,677,228,0,74
695,678,228,0,74
695,679,228,0,74
695,680,228,0,74
695,681,228,0,74
695,682,228,0,74
695,683,228,0,74
695,684,228,0,74
695,685,228,0,74
695,686,228,0,74
695,687,228,0,74
695,688,228,0,74
695,689,228,0,74
695,690,228,0,74
695,691,228,0,74
695,692,228,0,74
695,693,228,0,74
695,694,228,0,74
695,696,228,0,74
695,697,228,0,74
695,698,228,0,74
695,699,228,0,74
695,700,228,0,74
695,701,228,0,74
695,702,228,0,74
695,703,228,0,74
695,704,228,0,74
695,705,228,0,74
695,706,228,0,74
695,707,228,0,74
695,708,228,0,74
695,709,228,0,74
695,710,228,0,74
695,711,228,0,74
695,712,228,0,74
695,713,228,0,74
695,714,228,0,74
695,715,228,0,74
695,716,228,0,74
695,717,228,0,74
695,718,228,0,74
695,719,228,0,74
695,720,228,0,74
695,721,228,0,74
695,722,228,0,74
695,723,228,0,74
695,724,228,0,74
696,625,436,0,75
696,626,436,0,75
696,627,436,0,75
696,628,436,0,75
696,629,436,0,75
696,630,436,0,75
696,631,436,0,75
696,632,436,0,75
696,633,436,0,75
696,634,436,0,75
696,635,436,0,75
696,636,436,0,75
696,637,436,0,75
696,638,436,0,75
696,639,436,0,75
696,640,436,0,75
696,641,436,0,75
696,642,436,0,75
696,643,436,0,75
696,644,436,0,75
696,645,436,0,75
696,646,436,0,75
696,647,436,0,75
696,648,436,0,75
696,649,436,0,75
696,650,436,0,75
696,651,436,0,75
696,652,436,0,75
696,653,436,0,75
696,654,436,0,75
696,655,436,0,75
696,656,436,0,75
696,657,436,0,75
696,658,436,0,75
696,659,436,0,75
696,660,436,0,75
696,661,436,0,75
696,662,436,0,75
696,663,436,0,75
696,664,436,0,75
696,665,436,0,75
696,666,436,0,75
696,667,436,0,75
696,668,436,0,75
696,669,436,0,75
696,670,436,0,75
696,671,436,0,75
696,672,436,0,75
696,673,436,0,75
696,674,436,0,75
696,675,436,0,75
696,676,436,0,75
696,677,436,0,75
696,678,436,0,75
696,679,436,0,75
696,680,436,0,75
696,681,436,0,75
696,682,436,0,75
696,683,436,0,75
696,684,436,0,75
696,685,436,0,75
696,686,436,0,75
696,687,436,0,75
696,688,436,0,75
696,689,436,0,75
696,690,436,0,75
696,691,436,0,75
696,692,436,0,75
696,693,436,0,75
696,694,436,0,75
696,695,436,0,75
696,697,436,0,75
696,698,436,0,75
696,699,436,0,75
696,700,436,0,75
696,701,436,0,75
696,702,436,0,75
696,703,436,0,75
696,704,436,0,75
696,705,436,0,75
696,706,436,0,75
696,707,436,0,75
696,708,436,0,75
696,709,436,0,75
696,710,436,0,75
696,711,436,0,75
696,712,436,0,75
696,713,436,0,75
696,714,436,0,75
696,715,436,0,75
696,716,436,0,75
696,717,436,0,75
696,718,436,0,75
696,719,436,0,75
696,720,436,0,75
696,721,436,0,75
696,722,436,0,75
696,723,436,0,75
696,724,436,0,75
710,625,386,0,89
710,626,386,0,89
710,627,386,0,89
710,628,386,0,89
710,629,386,0,89
710,630,386,0,89
710,631,386,0,89
710,632,386,0,89
710,633,386,0,89
710,634,386,0,89
710,635,386,0,89
710,636,386,0,89
710,637,386,0,89
710,638,386,0,89
710,639,386,0,89
710,640,386,0,89
710,641,386,0,89
710,642,386,0,89
710,643,386,0,89
710,644,386,0,89
710,645,386,0,89
710,646,386,0,89
710,647,386,0,89
710,648,386,0,89
710,649,386,0,89
710,650,386,0,89
710,651,386,0,89
710,652,386,0,89
710,653,386,0,89
710,654,386,0,89
710,655,386,0,89
710,656,386,0,89
710,657,386,0,89
710,658,386,0,89
710,659,386,0,89
710,660,386,0,89
710,661,386,0,89
710,662,386,0,89
710,663,386,0,89
710,664,386,0,89
710,665,386,0,89
710,666,386,0,89
710,667,386,0,89
710,668,386,0,89
710,669,386,0,89
710,670,386,0,89
710,671,386,0,89
710,672,386,0,89
710,673,386,0,89
710,674,386,0,89
710,675,386,0,89
710,676,386,0,89
710,677,386,0,89
710,678,386,0,89
710,679,386,0,89
710,680,386,0,89
710,681,386,0,89
710,682,386,0,89
710,683,386,0,89
710,684,386,0,89
710,685,386,0,89
710,686,386,0,89
710,687,386,0,89
710,688,386,0,89
710,689,386,0,89
710,690,386,0,89
710,691,386,0,89
710,692,386,0,89
710,693,386,0,89
710,694,386,0,89
710,695,386,0,89
710,696,386,0,89
710,697,386,0,89
710,698,386,0,89
710,699,386,0,89
710,700,386,0,89
710,701,386,0,89
710,702,386,0,89
710,703,386,0,89
710,704,386,0,89
710,705,386,0,89
710,706,386,0,89
710,707,386,0,89
710,708,386,0,89
710,709,386,0,89
710,711,386,0,89
710,712,386,0,89
710,713,386,0,89
710,714,386,0,89
710,715,386,0,89
710,716,386,0,89
710,717,386,0,89
710,718,386,0,89
710,719,386,0,89
710,720,386,0,89
710,721,386,0,89
710,722,386,0,89
710,723,386,0,89
710,724,386,0,89
723,625,379,0,102
723,626,379,0,102
723,627,379,0,102
723,628,379,0,102
723,629,379,0,102
723,630,379,0,102
723,631,379,0,102
723,632,379,0,102
723,633,379,0,102
723,634,379,0,102
723,635,379,0,102
723,636,379,0,102
723,637,379,0,102
723,638,379,0,102
723,639,379,0,102
723,640,379,0,102
723,641,379,0,102
723,642,379,0,102
723,643,379,0,102
723,644,379,0,102
723,645,379,0,102
723,646,379,0,102
723,647,379,0,102
723,648,379,0,102
723,649,379,0,102
723,650,379,0,102
723,651,379,0,102
723,652,379,0,102
723,653,379,0,102
723,654,379,0,102
723,655,379,0,102
723,656,379,0,102
723,657,379,0,102
723,658,379,0,102
723,659,379,0,102
723,660,379,0,102
723,661,379,0,102
723,662,379,0,102
723,663,379,0,102
723,664,379,0,102
723,665,379,0,102
723,666,379,0,102
723,667,379,0,102
723,668,379,0,102
723,669,379,0,102
723,670,379,0,102
723,671,379,0,102
723,672,379,0,102
723,673,379,0,102
723,674,379,0,102
723,675,379,0,102
723,676,379,0,102
723,677,379,0,102
723,678,379,0,102
723,679,379,0,102
723,680,379,0,102
723,681,379,0,102
723,682,379,0,102
723,683,379,0,102
723,684,379,0,102
723,685,379,0,102
723,686,379,0,102
723,687,379,0,102
723,688,379,0,102
723,689,379,0,102
723,690,379,0,102
723,691,379,0,102
723,692,379,0,102
723,693,379,0,102
723,694,379,0,102
723,695,379,0,102
723,696,379,0,102
723,697,379,0,102
723,698,379,0,102
723,699,379,0,102
723,700,379,0,102
723,701,379,0,102
723,702,379,0,102
723,703,379,0,102
723,704,379,0,102
723,705,379,0,102
723,706,379,0,102
723,707,379,0,102
723,708,379,0,102
723,709,379,0,102
723,710,379,0,102
723,711,379,0,102
723,712,379,0,102
723,713,379,0,102
723,714,379,0,102
723,715,379,0,102
723,716,379,0,102
723,717,379,0,102
723,718,379,0,102
723,719,379,0,102
723,720,379,0,102
723,721,379,0,102
723,722,379,0,102
723,724,379,0,102
