0,641,25,1,0
0,650,24,2,1
0,653,24,2,1
0,678,24,2,1
0,695,24,2,1
3,641,28,2,0
3,650,4,1,0
3,653,4,1,0
3,678,4,1,0
3,695,4,1,0
4,650,5,1,0
4,653,5,1,0
4,678,5,1,0
4,695,5,1,0
4,709,604,3,3
5,634,6,1,0
5,650,6,1,0
5,653,6,1,0
5,678,6,1,0
5,682,6,1,0
5,683,6,1,0
5,695,6,1,0
5,705,6,1,0
5,720,6,1,0
6,634,7,1,0
6,650,7,1,0
6,653,7,1,0
6,657,7,1,0
6,665,606,3,3
6,678,7,1,0
6,682,7,1,0
6,683,7,1,0
6,695,7,1,0
6,705,7,1,0
6,708,7,1,0
6,710,7,1,0
6,720,7,1,0
7,634,8,1,0
7,650,8,1,0
7,653,8,1,0
7,657,8,1,0
7,665,607,3,3
7,678,8,1,0
7,682,8,1,0
7,683,8,1,0
7,695,8,1,0
7,705,8,1,0
7,708,8,1,0
7,710,8,1,0
7,720,8,1,0
8,634,608,3,3
8,650,608,3,3
8,653,608,3,3
8,665,608,3,3
8,678,33,2,0
8,683,33,2,0
8,695,608,3,3
8,705,9,1,0
8,708,9,1,0
9,634,609,3,3
9,650,609,3,3
9,653,609,3,3
9,657,609,3,3
9,665,8,0,1
9,678,34,2,0
9,682,34,2,0
9,683,34,2,0
9,695,609,3,3
9,705,10,1,0
9,708,10,1,0
9,710,609,3,3
9,720,34,2,0
10,634,610,3,3
10,650,610,3,3
10,653,610,3,3
10,657,610,3,3
10,665,9,0,1
10,678,35,2,0
10,682,35,2,0
10,683,35,2,0
10,695,610,3,3
10,705,11,1,0
10,708,708,87,0
10,710,610,3,3
10,720,35,2,0
11,634,611,3,3
11,650,611,3,3
11,653,611,3,3
11,678,36,2,0
11,682,36,2,0
11,683,36,2,0
11,695,611,3,3
11,705,705,84,0
11,720,36,2,0
12,650,612,3,3
12,653,612,3,3
12,678,37,2,0
12,695,612,3,3
13,650,613,3,3
13,653,613,3,3
13,678,38,2,0
13,695,613,3,3
16,641,17,1,0
16,650,616,3,3
16,653,616,3,3
16,678,41,2,0
16,695,616,3,3
17,634,617,3,3
17,650,617,3,3
17,653,617,3,3
17,678,42,2,0
17,695,617,3,3
17,709,18,1,0
18,634,618,3,3
18,650,618,3,3
18,653,618,3,3
18,665,19,1,0
18,678,43,2,0
18,682,43,2,0
18,683,43,2,0
18,695,618,3,3
18,705,17,0,1
18,720,43,2,0
19,634,619,3,3
19,650,619,3,3
19,653,619,3,3
19,657,619,3,3
19,665,20,1,0
19,678,44,2,0
19,682,44,2,0
19,683,44,2,0
19,695,619,3,3
19,705,18,0,1
19,708,18,0,1
19,710,619,3,3
19,720,44,2,0
20,626,620,3,3
20,629,45,2,0
20,632,620,3,3
20,634,620,3,3
20,637,620,3,3
20,638,620,3,3
20,639,45,2,0
20,641,45,2,0
20,643,45,2,0
20,647,45,2,0
20,650,620,3,3
20,651,45,2,0
20,652,45,2,0
20,653,620,3,3
20,654,620,3,3
20,657,620,3,3
20,658,620,3,3
20,659,620,3,3
20,661,45,2,0
20,662,45,2,0
20,663,620,3,3
20,665,620,3,3
20,666,45,2,0
20,668,45,2,0
20,670,45,2,0
20,671,45,2,0
20,675,620,3,3
20,677,620,3,3
20,678,45,2,0
20,681,45,2,0
20,682,45,2,0
20,683,45,2,0
20,684,45,2,0
20,687,45,2,0
20,688,45,2,0
20,690,45,2,0
20,692,45,2,0
20,694,45,2,0
20,695,620,3,3
20,696,620,3,3
20,697,620,3,3
20,700,45,2,0
20,701,45,2,0
20,702,45,2,0
20,703,45,2,0
20,705,19,0,1
20,708,19,0,1
20,709,620,3,3
20,710,620,3,3
20,711,45,2,0
20,715,620,3,3
20,718,45,2,0
20,719,45,2,0
20,720,45,2,0
20,723,620,3,3
21,625,20,0,1
21,627,20,0,1
21,628,20,0,1
21,630,20,0,1
21,631,20,0,1
21,633,20,0,1
21,634,20,0,1
21,635,20,0,1
21,636,20,0,1
21,642,20,0,1
21,644,20,0,1
21,645,20,0,1
21,648,20,0,1
21,649,20,0,1
21,650,20,0,1
21,653,20,0,1
21,655,20,0,1
21,656,20,0,1
21,657,20,0,1
21,665,621,3,3
21,669,20,0,1
21,673,20,0,1
21,674,20,0,1
21,676,20,0,1
21,678,20,0,1
21,679,20,0,1
21,680,20,0,1
21,682,20,0,1
21,683,20,0,1
21,685,20,0,1
21,686,20,0,1
21,689,20,0,1
21,691,20,0,1
21,693,20,0,1
21,695,20,0,1
21,698,20,0,1
21,699,20,0,1
21,704,20,0,1
21,705,20,0,1
21,707,20,0,1
21,708,20,0,1
21,710,20,0,1
21,713,20,0,1
21,714,20,0,1
21,717,20,0,1
21,720,20,0,1
21,721,20,0,1
21,722,20,0,1
21,724,20,0,1
22,634,21,0,1
22,650,21,0,1
22,653,21,0,1
22,657,21,0,1
22,665,622,3,3
22,678,21,0,1
22,682,21,0,1
22,683,21,0,1
22,695,21,0,1
22,705,21,0,1
22,708,21,0,1
22,710,21,0,1
22,720,21,0,1
23,634,22,0,1
23,650,22,0,1
23,653,22,0,1
23,665,623,3,3
23,678,22,0,1
23,682,22,0,1
23,683,22,0,1
23,695,22,0,1
23,705,22,0,1
23,720,22,0,1
24,634,23,0,1
24,650,23,0,1
24,653,23,0,1
24,678,23,0,1
24,695,23,0,1
24,709,624,3,3
25,641,50,2,0
25,650,49,3,2
25,653,49,3,2
25,678,49,3,2
25,695,49,3,2
28,641,53,3,0
28,650,29,2,1
28,653,29,2,1
28,678,29,2,1
28,695,29,2,1
29,650,30,2,1
29,653,30,2,1
29,678,30,2,1
29,695,30,2,1
29,709,4,0,2
30,634,31,2,1
30,650,31,2,1
30,653,31,2,1
30,678,31,2,1
30,682,31,2,1
30,683,31,2,1
30,695,31,2,1
30,705,31,2,1
30,709,5,0,2
30,720,31,2,1
31,634,32,2,1
31,650,32,2,1
31,653,32,2,1
31,657,32,2,1
31,665,6,0,2
31,678,32,2,1
31,682,32,2,1
31,683,32,2,1
31,695,32,2,1
31,705,32,2,1
31,708,32,2,1
31,709,6,0,2
31,710,32,2,1
31,720,32,2,1
32,634,33,2,1
32,650,33,2,1
32,653,33,2,1
32,657,33,2,1
32,665,7,0,2
32,678,33,2,1
32,682,33,2,1
32,683,33,2,1
32,695,33,2,1
32,705,33,2,1
32,708,33,2,1
32,709,7,0,2
32,710,33,2,1
32,720,33,2,1
33,634,8,0,2
33,650,8,0,2
33,653,8,0,2
33,665,8,0,2
33,678,58,3,0
33,682,34,2,1
33,683,58,3,0
33,695,8,0,2
33,705,8,0,2
33,708,8,0,2
33,709,8,0,2
34,634,9,0,2
34,650,9,0,2
34,653,9,0,2
34,657,9,0,2
34,665,33,1,2
34,678,59,3,0
34,682,35,2,1
34,683,59,3,0
34,695,9,0,2
34,705,9,0,2
34,708,9,0,2
34,710,9,0,2
34,720,59,3,0
35,634,10,0,2
35,650,10,0,2
35,653,10,0,2
35,657,10,0,2
35,665,34,1,2
35,678,60,3,0
35,682,36,2,1
35,683,60,3,0
35,695,10,0,2
35,705,10,0,2
35,708,10,0,2
35,710,10,0,2
35,720,60,3,0
36,634,11,0,2
36,650,11,0,2
36,653,11,0,2
36,678,61,3,0
36,682,682,61,0
36,683,61,3,0
36,695,11,0,2
36,705,11,0,2
36,720,61,3,0
37,650,12,0,2
37,653,12,0,2
37,678,62,3,0
37,695,12,0,2
38,650,13,0,2
38,653,13,0,2
38,678,63,3,0
38,695,13,0,2
41,641,42,2,1
41,650,16,0,2
41,653,16,0,2
41,678,66,3,0
41,695,16,0,2
42,634,17,0,2
42,650,17,0,2
42,653,17,0,2
42,678,67,3,0
42,695,17,0,2
42,709,43,2,1
43,634,18,0,2
43,650,18,0,2
43,653,18,0,2
43,665,44,2,1
43,678,68,3,0
43,682,42,1,2
43,683,68,3,0
43,695,18,0,2
43,705,18,0,2
43,720,68,3,0
44,634,19,0,2
44,650,19,0,2
44,653,19,0,2
44,657,19,0,2
44,665,45,2,1
44,678,69,3,0
44,682,43,1,2
44,683,69,3,0
44,695,19,0,2
44,705,19,0,2
44,708,19,0,2
44,710,19,0,2
44,720,69,3,0
45,626,20,0,2
45,629,70,3,0
45,632,20,0,2
45,634,20,0,2
45,637,20,0,2
45,638,20,0,2
45,639,70,3,0
45,641,70,3,0
45,643,70,3,0
45,647,70,3,0
45,650,20,0,2
45,651,70,3,0
45,652,70,3,0
45,653,20,0,2
45,654,20,0,2
45,657,20,0,2
45,658,20,0,2
45,659,20,0,2
45,660,20,0,2
45,661,70,3,0
45,662,70,3,0
45,663,20,0,2
45,665,20,0,2
45,666,70,3,0
45,668,70,3,0
45,670,70,3,0
45,671,70,3,0
45,675,20,0,2
45,677,20,0,2
45,678,70,3,0
45,681,70,3,0
45,682,44,1,2
45,683,70,3,0
45,687,70,3,0
45,688,70,3,0
45,690,70,3,0
45,692,70,3,0
45,694,70,3,0
45,695,20,0,2
45,696,20,0,2
45,697,70,3,0
45,701,70,3,0
45,702,70,3,0
45,703,70,3,0
45,705,20,0,2
45,708,20,0,2
45,709,20,0,2
45,710,20,0,2
45,711,70,3,0
45,715,70,3,0
45,718,70,3,0
45,719,70,3,0
45,720,70,3,0
45,723,20,0,2
46,625,45,1,2
46,627,45,1,2
46,628,45,1,2
46,630,45,1,2
46,631,45,1,2
46,633,45,1,2
46,634,45,1,2
46,635,45,1,2
46,636,45,1,2
46,640,45,1,2
46,642,45,1,2
46,644,45,1,2
46,645,45,1,2
46,646,45,1,2
46,648,45,1,2
46,649,45,1,2
46,650,45,1,2
46,653,45,1,2
46,656,45,1,2
46,657,45,1,2
46,665,21,0,2
46,667,45,1,2
46,669,45,1,2
46,674,45,1,2
46,676,45,1,2
46,678,45,1,2
46,679,45,1,2
46,680,45,1,2
46,682,45,1,2
46,683,45,1,2
46,685,45,1,2
46,686,45,1,2
46,689,45,1,2
46,691,45,1,2
46,693,45,1,2
46,695,45,1,2
46,698,45,1,2
46,699,45,1,2
46,704,45,1,2
46,705,45,1,2
46,707,45,1,2
46,708,45,1,2
46,709,21,0,2
46,710,45,1,2
46,713,45,1,2
46,714,45,1,2
46,717,45,1,2
46,720,45,1,2
46,721,45,1,2
46,722,45,1,2
46,724,45,1,2
47,634,46,1,2
47,650,46,1,2
47,653,46,1,2
47,657,46,1,2
47,665,22,0,2
47,678,46,1,2
47,682,46,1,2
47,683,46,1,2
47,695,46,1,2
47,705,46,1,2
47,708,46,1,2
47,709,22,0,2
47,710,46,1,2
47,720,46,1,2
48,634,47,1,2
48,650,47,1,2
48,653,47,1,2
48,665,23,0,2
48,678,47,1,2
48,682,47,1,2
48,683,47,1,2
48,695,47,1,2
48,705,47,1,2
48,709,23,0,2
48,720,47,1,2
49,634,48,1,2
49,650,48,1,2
49,653,48,1,2
49,678,48,1,2
49,695,48,1,2
49,709,24,0,2
50,650,74,3,2
50,653,74,3,2
50,678,74,3,2
50,695,74,3,2
53,641,641,20,0
53,650,54,2,1
53,653,54,2,1
53,678,54,2,1
53,695,54,2,1
54,641,53,1,2
54,650,55,2,1
54,653,55,2,1
54,678,55,2,1
54,695,55,2,1
54,709,79,3,0
55,634,56,2,1
55,650,56,2,1
55,653,56,2,1
55,678,56,2,1
55,682,56,2,1
55,683,56,2,1
55,695,56,2,1
55,705,56,2,1
55,720,56,2,1
56,634,57,2,1
56,650,57,2,1
56,653,57,2,1
56,657,57,2,1
56,665,31,0,3
56,678,57,2,1
56,682,57,2,1
56,683,57,2,1
56,695,57,2,1
56,705,57,2,1
56,708,57,2,1
56,710,57,2,1
56,720,57,2,1
57,634,58,2,1
57,650,58,2,1
57,653,58,2,1
57,657,58,2,1
57,665,32,0,3
57,678,58,2,1
57,682,58,2,1
57,683,58,2,1
57,695,58,2,1
57,705,58,2,1
57,708,58,2,1
57,710,58,2,1
57,720,58,2,1
58,634,33,0,3
58,650,33,0,3
58,653,33,0,3
58,665,33,0,3
58,678,83,3,0
58,682,33,0,3
58,695,33,0,3
58,705,33,0,3
58,708,33,0,3
59,634,34,0,3
59,650,34,0,3
59,653,34,0,3
59,657,34,0,3
59,665,58,1,2
59,678,84,3,0
59,682,34,0,3
59,683,84,3,0
59,695,34,0,3
59,705,34,0,3
59,708,34,0,3
59,710,34,0,3
59,720,84,3,0
60,634,35,0,3
60,650,35,0,3
60,653,35,0,3
60,657,35,0,3
60,665,59,1,2
60,678,85,3,0
60,682,35,0,3
60,683,85,3,0
60,695,35,0,3
60,705,35,0,3
60,708,35,0,3
60,710,35,0,3
60,720,85,3,0
61,634,36,0,3
61,650,36,0,3
61,653,36,0,3
61,678,86,3,0
61,682,36,0,3
61,683,86,3,0
61,695,36,0,3
61,705,36,0,3
61,720,86,3,0
62,650,37,0,3
62,653,37,0,3
62,678,87,3,0
62,695,37,0,3
63,650,38,0,3
63,653,38,0,3
63,678,88,3,0
63,695,38,0,3
66,641,67,2,1
66,650,41,0,3
66,653,41,0,3
66,678,91,3,0
66,695,41,0,3
67,634,42,0,3
67,650,42,0,3
67,653,42,0,3
67,678,92,3,0
67,695,42,0,3
67,709,68,2,1
68,634,43,0,3
68,650,43,0,3
68,653,43,0,3
68,665,69,2,1
68,678,93,3,0
68,682,43,0,3
68,683,93,3,0
68,695,43,0,3
68,705,43,0,3
68,720,93,3,0
69,634,44,0,3
69,650,44,0,3
69,653,44,0,3
69,657,44,0,3
69,665,70,2,1
69,678,94,3,0
69,682,44,0,3
69,683,94,3,0
69,695,44,0,3
69,705,44,0,3
69,708,44,0,3
69,710,44,0,3
69,720,94,3,0
70,626,95,3,0
70,629,95,3,0
70,632,45,0,3
70,634,45,0,3
70,637,45,0,3
70,638,45,0,3
70,639,95,3,0
70,643,95,3,0
70,647,95,3,0
70,650,45,0,3
70,651,95,3,0
70,652,95,3,0
70,653,45,0,3
70,654,45,0,3
70,657,45,0,3
70,658,45,0,3
70,659,45,0,3
70,660,45,0,3
70,661,95,3,0
70,662,95,3,0
70,663,45,0,3
70,665,45,0,3
70,666,95,3,0
70,668,95,3,0
70,670,95,3,0
70,671,95,3,0
70,675,45,0,3
70,677,95,3,0
70,678,95,3,0
70,681,95,3,0
70,682,45,0,3
70,683,95,3,0
70,684,45,0,3
70,687,95,3,0
70,688,95,3,0
70,690,95,3,0
70,692,95,3,0
70,694,95,3,0
70,695,45,0,3
70,696,45,0,3
70,697,95,3,0
70,700,45,0,3
70,701,95,3,0
70,702,95,3,0
70,703,95,3,0
70,705,45,0,3
70,708,45,0,3
70,709,95,3,0
70,710,45,0,3
70,711,95,3,0
70,715,95,3,0
70,718,95,3,0
70,719,95,3,0
70,720,95,3,0
70,723,45,0,3
71,625,70,1,2
71,627,70,1,2
71,628,70,1,2
71,630,70,1,2
71,631,70,1,2
71,633,70,1,2
71,634,70,1,2
71,635,70,1,2
71,636,70,1,2
71,640,70,1,2
71,642,70,1,2
71,644,70,1,2
71,646,70,1,2
71,648,70,1,2
71,649,70,1,2
71,650,70,1,2
71,653,70,1,2
71,655,70,1,2
71,656,70,1,2
71,657,70,1,2
71,665,46,0,3
71,667,70,1,2
71,669,70,1,2
71,673,70,1,2
71,674,70,1,2
71,676,70,1,2
71,678,70,1,2
71,679,70,1,2
71,680,70,1,2
71,682,70,1,2
71,683,70,1,2
71,685,70,1,2
71,686,70,1,2
71,689,70,1,2
71,691,70,1,2
71,695,70,1,2
71,698,70,1,2
71,699,70,1,2
71,704,70,1,2
71,705,70,1,2
71,707,70,1,2
71,708,70,1,2
71,710,70,1,2
71,714,70,1,2
71,720,70,1,2
71,721,70,1,2
71,722,70,1,2
71,724,70,1,2
72,634,71,1,2
72,650,71,1,2
72,653,71,1,2
72,657,71,1,2
72,665,47,0,3
72,678,71,1,2
72,682,71,1,2
72,683,71,1,2
72,695,71,1,2
72,705,71,1,2
72,708,71,1,2
72,710,71,1,2
72,720,71,1,2
73,634,72,1,2
73,650,72,1,2
73,653,72,1,2
73,665,48,0,3
73,678,72,1,2
73,682,72,1,2
73,683,72,1,2
73,695,72,1,2
73,705,72,1,2
73,720,72,1,2
74,634,73,1,2
74,650,73,1,2
74,653,73,1,2
74,678,73,1,2
74,695,73,1,2
74,709,99,3,0
75,641,50,0,2
75,650,99,3,2
75,653,99,3,2
75,678,99,3,2
75,695,99,3,2
78,641,53,0,3
78,650,79,2,1
78,653,79,2,1
78,678,79,2,1
78,695,79,2,1
79,650,80,2,1
79,653,80,2,1
79,678,80,2,1
79,695,80,2,1
79,709,104,3,0
80,634,81,2,1
80,650,81,2,1
80,653,81,2,1
80,678,81,2,1
80,682,81,2,1
80,683,81,2,1
80,695,81,2,1
80,705,81,2,1
80,720,81,2,1
81,634,82,2,1
81,650,82,2,1
81,653,82,2,1
81,657,82,2,1
81,665,56,0,3
81,678,82,2,1
81,682,82,2,1
81,683,82,2,1
81,695,82,2,1
81,705,82,2,1
81,708,82,2,1
81,710,82,2,1
81,720,82,2,1
82,634,83,2,1
82,650,83,2,1
82,653,83,2,1
82,657,83,2,1
82,665,57,0,3
82,678,83,2,1
82,682,83,2,1
82,683,83,2,1
82,695,83,2,1
82,705,83,2,1
82,708,83,2,1
82,710,83,2,1
82,720,83,2,1
83,634,58,0,3
83,653,58,0,3
83,665,58,0,3
83,678,108,3,0
83,682,58,0,3
83,695,58,0,3
83,705,58,0,3
83,708,58,0,3
83,720,84,2,1
84,634,59,0,3
84,650,59,0,3
84,653,59,0,3
84,657,59,0,3
84,665,83,1,2
84,678,109,3,0
84,682,59,0,3
84,683,109,3,0
84,695,59,0,3
84,705,59,0,3
84,708,59,0,3
84,710,59,0,3
84,720,85,2,1
85,634,60,0,3
85,650,60,0,3
85,653,60,0,3
85,657,60,0,3
85,665,84,1,2
85,678,110,3,0
85,682,60,0,3
85,683,110,3,0
85,695,60,0,3
85,705,60,0,3
85,708,60,0,3
85,710,60,0,3
85,720,86,2,1
86,634,61,0,3
86,650,61,0,3
86,653,61,0,3
86,678,111,3,0
86,682,61,0,3
86,683,111,3,0
86,695,61,0,3
86,705,61,0,3
86,720,720,99,0
87,650,62,0,3
87,653,62,0,3
87,678,112,3,0
87,695,62,0,3
88,650,63,0,3
88,653,63,0,3
88,678,113,3,0
88,695,63,0,3
91,641,92,2,1
91,650,66,0,3
91,653,66,0,3
91,678,116,3,0
91,695,66,0,3
92,634,67,0,3
92,650,67,0,3
92,653,67,0,3
92,678,117,3,0
92,695,67,0,3
92,709,93,2,1
93,634,68,0,3
93,650,68,0,3
93,653,68,0,3
93,665,94,2,1
93,678,118,3,0
93,682,68,0,3
93,683,118,3,0
93,695,68,0,3
93,705,68,0,3
93,720,92,1,2
94,634,69,0,3
94,650,69,0,3
94,653,69,0,3
94,657,69,0,3
94,665,95,2,1
94,678,119,3,0
94,682,69,0,3
94,683,119,3,0
94,695,69,0,3
94,705,69,0,3
94,708,69,0,3
94,710,69,0,3
94,720,93,1,2
95,626,120,3,0
95,629,120,3,0
95,632,70,0,3
95,634,70,0,3
95,637,120,3,0
95,638,70,0,3
95,639,120,3,0
95,641,70,0,3
95,643,120,3,0
95,647,120,3,0
95,650,70,0,3
95,651,120,3,0
95,652,120,3,0
95,653,70,0,3
95,654,70,0,3
95,657,70,0,3
95,658,70,0,3
95,659,70,0,3
95,660,70,0,3
95,661,120,3,0
95,662,120,3,0
95,663,70,0,3
95,665,70,0,3
95,666,120,3,0
95,668,120,3,0
95,670,120,3,0
95,671,120,3,0
95,675,120,3,0
95,677,120,3,0
95,678,120,3,0
95,681,120,3,0
95,682,70,0,3
95,683,120,3,0
95,684,70,0,3
95,687,120,3,0
95,688,120,3,0
95,692,120,3,0
95,694,120,3,0
95,695,70,0,3
95,696,70,0,3
95,697,120,3,0
95,700,70,0,3
95,701,120,3,0
95,702,120,3,0
95,703,120,3,0
95,705,70,0,3
95,708,70,0,3
95,709,120,3,0
95,710,70,0,3
95,715,120,3,0
95,718,120,3,0
95,719,120,3,0
95,720,94,1,2
95,723,120,3,0
96,625,95,1,2
96,627,95,1,2
96,628,95,1,2
96,630,95,1,2
96,631,95,1,2
96,633,95,1,2
96,634,95,1,2
96,635,95,1,2
96,636,95,1,2
96,640,95,1,2
96,642,95,1,2
96,644,95,1,2
96,645,95,1,2
96,646,95,1,2
96,648,95,1,2
96,649,95,1,2
96,650,95,1,2
96,653,95,1,2
96,655,95,1,2
96,656,95,1,2
96,657,95,1,2
96,665,71,0,3
96,667,95,1,2
96,673,95,1,2
96,674,95,1,2
96,676,95,1,2
96,678,95,1,2
96,679,95,1,2
96,680,95,1,2
96,682,95,1,2
96,683,95,1,2
96,685,95,1,2
96,686,95,1,2
96,689,95,1,2
96,691,95,1,2
96,693,95,1,2
96,695,95,1,2
96,698,95,1,2
96,704,95,1,2
96,705,95,1,2
96,707,95,1,2
96,708,95,1,2
96,710,95,1,2
96,713,95,1,2
96,714,95,1,2
96,717,95,1,2
96,720,95,1,2
96,722,95,1,2
96,724,95,1,2
97,634,96,1,2
97,650,96,1,2
97,653,96,1,2
97,657,96,1,2
97,665,72,0,3
97,678,96,1,2
97,682,96,1,2
97,683,96,1,2
97,695,96,1,2
97,705,96,1,2
97,708,96,1,2
97,710,96,1,2
97,720,96,1,2
98,634,97,1,2
98,650,97,1,2
98,653,97,1,2
98,665,73,0,3
98,678,97,1,2
98,682,97,1,2
98,683,97,1,2
98,695,97,1,2
98,705,97,1,2
98,720,97,1,2
99,634,98,1,2
99,650,98,1,2
99,653,98,1,2
99,678,98,1,2
99,695,98,1,2
99,709,124,3,0
100,641,75,0,2
100,650,124,3,2
100,653,124,3,2
100,678,124,3,2
100,695,124,3,2
103,641,78,0,3
103,650,104,2,1
103,653,104,2,1
103,678,104,2,1
103,695,104,2,1
104,650,105,2,1
104,653,105,2,1
104,678,105,2,1
104,695,105,2,1
104,709,129,3,0
105,634,106,2,1
105,650,106,2,1
105,653,106,2,1
105,678,106,2,1
105,682,106,2,1
105,683,106,2,1
105,695,106,2,1
105,705,106,2,1
105,720,106,2,1
106,634,107,2,1
106,650,107,2,1
106,653,107,2,1
106,657,107,2,1
106,665,81,0,3
106,678,107,2,1
106,682,107,2,1
106,683,107,2,1
106,695,107,2,1
106,705,107,2,1
106,708,107,2,1
106,710,107,2,1
106,720,107,2,1
107,634,108,2,1
107,650,108,2,1
107,653,108,2,1
107,657,108,2,1
107,665,82,0,3
107,678,108,2,1
107,682,108,2,1
107,683,108,2,1
107,695,108,2,1
107,705,108,2,1
107,708,108,2,1
107,710,108,2,1
107,720,108,2,1
108,634,83,0,3
108,650,133,3,0
108,653,83,0,3
108,665,83,0,3
108,682,83,0,3
108,695,83,0,3
108,705,83,0,3
108,708,83,0,3
108,710,133,3,0
108,720,83,0,3
109,634,84,0,3
109,650,134,3,0
109,653,84,0,3
109,657,84,0,3
109,665,108,1,2
109,678,134,3,0
109,682,84,0,3
109,683,134,3,0
109,695,84,0,3
109,705,84,0,3
109,708,84,0,3
109,710,134,3,0
109,720,84,0,3
110,634,85,0,3
110,650,135,3,0
110,653,85,0,3
110,657,85,0,3
110,665,109,1,2
110,678,135,3,0
110,682,85,0,3
110,683,135,3,0
110,695,85,0,3
110,705,85,0,3
110,708,85,0,3
110,710,135,3,0
110,720,85,0,3
111,634,86,0,3
111,650,136,3,0
111,653,86,0,3
111,678,136,3,0
111,682,86,0,3
111,683,136,3,0
111,695,86,0,3
111,705,86,0,3
111,720,86,0,3
112,650,137,3,0
112,653,87,0,3
112,678,137,3,0
112,695,87,0,3
113,650,138,3,0
113,653,88,0,3
113,678,138,3,0
113,695,88,0,3
116,641,117,2,1
116,650,141,3,0
116,653,91,0,3
116,678,141,3,0
116,695,91,0,3
117,634,92,0,3
117,650,142,3,0
117,653,92,0,3
117,678,142,3,0
117,695,92,0,3
117,709,118,2,1
118,634,93,0,3
118,650,143,3,0
118,653,93,0,3
118,665,119,2,1
118,678,143,3,0
118,682,93,0,3
118,683,143,3,0
118,695,93,0,3
118,705,93,0,3
118,720,93,0,3
119,634,94,0,3
119,650,144,3,0
119,653,94,0,3
119,657,94,0,3
119,665,120,2,1
119,678,144,3,0
119,682,94,0,3
119,683,144,3,0
119,695,94,0,3
119,705,94,0,3
119,708,94,0,3
119,710,144,3,0
119,720,94,0,3
120,626,145,3,0
120,629,145,3,0
120,632,95,0,3
120,634,95,0,3
120,637,145,3,0
120,638,95,0,3
120,639,145,3,0
120,641,95,0,3
120,643,145,3,0
120,647,145,3,0
120,650,145,3,0
120,651,145,3,0
120,652,145,3,0
120,653,95,0,3
120,654,95,0,3
120,657,95,0,3
120,658,95,0,3
120,659,145,3,0
120,660,95,0,3
120,661,145,3,0
120,662,145,3,0
120,663,95,0,3
120,665,95,0,3
120,666,145,3,0
120,668,145,3,0
120,670,145,3,0
120,671,145,3,0
120,675,145,3,0
120,677,145,3,0
120,678,145,3,0
120,681,145,3,0
120,682,95,0,3
120,683,145,3,0
120,684,95,0,3
120,687,145,3,0
120,688,145,3,0
120,690,95,0,3
120,692,145,3,0
120,694,145,3,0
120,695,95,0,3
120,696,95,0,3
120,697,145,3,0
120,700,95,0,3
120,702,145,3,0
120,703,145,3,0
120,705,95,0,3
120,708,95,0,3
120,709,145,3,0
120,710,145,3,0
120,711,95,0,3
120,715,145,3,0
120,718,145,3,0
120,719,145,3,0
120,720,95,0,3
120,723,145,3,0
121,625,120,1,2
121,627,120,1,2
121,630,120,1,2
121,631,120,1,2
121,633,120,1,2
121,634,120,1,2
121,635,120,1,2
121,636,120,1,2
121,640,120,1,2
121,642,120,1,2
121,644,120,1,2
121,645,120,1,2
121,646,120,1,2
121,648,120,1,2
121,649,120,1,2
121,650,120,1,2
121,653,120,1,2
121,655,120,1,2
121,656,120,1,2
121,657,120,1,2
121,665,96,0,3
121,667,120,1,2
121,669,120,1,2
121,673,120,1,2
121,674,120,1,2
121,676,120,1,2
121,678,120,1,2
121,679,120,1,2
121,680,120,1,2
121,682,120,1,2
121,683,120,1,2
121,685,120,1,2
121,686,120,1,2
121,689,120,1,2
121,691,120,1,2
121,693,120,1,2
121,695,120,1,2
121,698,120,1,2
121,699,120,1,2
121,704,120,1,2
121,705,120,1,2
121,707,120,1,2
121,708,120,1,2
121,710,120,1,2
121,713,120,1,2
121,717,120,1,2
121,720,120,1,2
121,721,120,1,2
121,724,120,1,2
122,634,121,1,2
122,650,121,1,2
122,653,121,1,2
122,657,121,1,2
122,665,97,0,3
122,678,121,1,2
122,682,121,1,2
122,683,121,1,2
122,695,121,1,2
122,705,121,1,2
122,708,121,1,2
122,710,121,1,2
122,720,121,1,2
123,634,122,1,2
123,650,122,1,2
123,653,122,1,2
123,665,98,0,3
123,678,122,1,2
123,682,122,1,2
123,683,122,1,2
123,695,122,1,2
123,705,122,1,2
123,720,122,1,2
124,634,123,1,2
124,650,123,1,2
124,653,123,1,2
124,678,123,1,2
124,695,123,1,2
124,709,149,3,0
125,641,100,0,2
125,650,149,3,2
125,653,149,3,2
125,678,149,3,2
125,695,149,3,2
128,641,103,0,3
128,650,129,2,1
128,653,129,2,1
128,678,129,2,1
128,695,129,2,1
129,650,130,2,1
129,653,130,2,1
129,678,130,2,1
129,695,130,2,1
129,709,154,3,0
130,634,131,2,1
130,650,131,2,1
130,653,131,2,1
130,678,131,2,1
130,682,131,2,1
130,683,131,2,1
130,695,131,2,1
130,705,131,2,1
130,720,131,2,1
131,634,132,2,1
131,650,132,2,1
131,653,132,2,1
131,657,132,2,1
131,665,106,0,3
131,678,132,2,1
131,682,132,2,1
131,683,132,2,1
131,695,132,2,1
131,705,132,2,1
131,708,132,2,1
131,710,132,2,1
131,720,132,2,1
132,634,133,2,1
132,650,133,2,1
132,653,133,2,1
132,657,133,2,1
132,665,107,0,3
132,678,133,2,1
132,682,133,2,1
132,683,133,2,1
132,695,133,2,1
132,705,133,2,1
132,708,133,2,1
132,710,133,2,1
132,720,133,2,1
133,634,108,0,3
133,650,158,3,0
133,653,108,0,3
133,665,108,0,3
133,678,134,2,1
133,682,108,0,3
133,695,108,0,3
133,705,108,0,3
133,708,108,0,3
133,710,158,3,0
133,720,108,0,3
134,634,109,0,3
134,650,159,3,0
134,653,109,0,3
134,657,109,0,3
134,665,133,1,2
134,678,135,2,1
134,682,109,0,3
134,683,159,3,0
134,695,109,0,3
134,705,109,0,3
134,708,109,0,3
134,710,159,3,0
134,720,109,0,3
135,634,110,0,3
135,650,160,3,0
135,653,110,0,3
135,657,110,0,3
135,665,134,1,2
135,678,136,2,1
135,682,110,0,3
135,683,160,3,0
135,695,110,0,3
135,705,110,0,3
135,708,110,0,3
135,710,160,3,0
135,720,110,0,3
136,634,111,0,3
136,650,161,3,0
136,653,111,0,3
136,678,137,2,1
136,682,111,0,3
136,683,161,3,0
136,695,111,0,3
136,705,111,0,3
136,720,111,0,3
137,650,162,3,0
137,653,112,0,3
137,678,138,2,1
137,695,112,0,3
138,650,163,3,0
138,653,113,0,3
138,678,678,57,0
138,695,113,0,3
141,641,142,2,1
141,650,166,3,0
141,653,116,0,3
141,678,140,1,2
141,695,116,0,3
142,634,117,0,3
142,650,167,3,0
142,653,117,0,3
142,678,141,1,2
142,695,117,0,3
142,709,143,2,1
143,634,118,0,3
143,650,168,3,0
143,653,118,0,3
143,665,144,2,1
143,678,142,1,2
143,682,118,0,3
143,683,168,3,0
143,695,118,0,3
143,705,118,0,3
143,720,118,0,3
144,634,119,0,3
144,650,169,3,0
144,653,119,0,3
144,657,119,0,3
144,665,145,2,1
144,678,143,1,2
144,682,119,0,3
144,683,169,3,0
144,695,119,0,3
144,705,119,0,3
144,708,119,0,3
144,710,169,3,0
144,720,119,0,3
145,626,170,3,0
145,632,120,0,3
145,634,120,0,3
145,637,170,3,0
145,638,120,0,3
145,639,170,3,0
145,641,120,0,3
145,643,170,3,0
145,647,170,3,0
145,650,170,3,0
145,652,170,3,0
145,653,120,0,3
145,654,120,0,3
145,657,120,0,3
145,658,120,0,3
145,659,170,3,0
145,660,120,0,3
145,661,170,3,0
145,663,120,0,3
145,665,120,0,3
145,666,170,3,0
145,668,170,3,0
145,670,170,3,0
145,671,170,3,0
145,675,170,3,0
145,677,170,3,0
145,678,144,1,2
145,681,170,3,0
145,682,120,0,3
145,683,170,3,0
145,684,120,0,3
145,687,170,3,0
145,690,120,0,3
145,694,170,3,0
145,695,120,0,3
145,696,120,0,3
145,697,170,3,0
145,700,120,0,3
145,701,120,0,3
145,702,170,3,0
145,705,120,0,3
145,708,120,0,3
145,709,170,3,0
145,710,170,3,0
145,711,120,0,3
145,715,170,3,0
145,718,170,3,0
145,719,170,3,0
145,720,120,0,3
145,723,170,3,0
146,625,145,1,2
146,627,145,1,2
146,628,145,1,2
146,630,145,1,2
146,631,145,1,2
146,633,145,1,2
146,634,145,1,2
146,635,145,1,2
146,640,145,1,2
146,642,145,1,2
146,644,145,1,2
146,645,145,1,2
146,646,145,1,2
146,648,145,1,2
146,649,145,1,2
146,650,145,1,2
146,653,145,1,2
146,655,145,1,2
146,656,145,1,2
146,657,145,1,2
146,665,121,0,3
146,667,145,1,2
146,669,145,1,2
146,673,145,1,2
146,674,145,1,2
146,676,145,1,2
146,678,145,1,2
146,679,145,1,2
146,680,145,1,2
146,682,145,1,2
146,683,145,1,2
146,685,145,1,2
146,686,145,1,2
146,689,145,1,2
146,691,145,1,2
146,693,145,1,2
146,695,145,1,2
146,698,145,1,2
146,699,145,1,2
146,705,145,1,2
146,707,145,1,2
146,708,145,1,2
146,710,145,1,2
146,713,145,1,2
146,714,145,1,2
146,717,145,1,2
146,720,145,1,2
146,721,145,1,2
146,722,145,1,2
147,634,146,1,2
147,650,146,1,2
147,653,146,1,2
147,657,146,1,2
147,665,122,0,3
147,678,146,1,2
147,682,146,1,2
147,683,146,1,2
147,695,146,1,2
147,705,146,1,2
147,708,146,1,2
147,710,146,1,2
147,720,146,1,2
148,634,147,1,2
148,650,147,1,2
148,653,147,1,2
148,665,123,0,3
148,678,147,1,2
148,682,147,1,2
148,683,147,1,2
148,695,147,1,2
148,705,147,1,2
148,720,147,1,2
149,634,148,1,2
149,650,148,1,2
149,653,148,1,2
149,678,148,1,2
149,695,148,1,2
149,709,174,3,0
150,641,125,0,2
150,650,174,3,2
150,653,174,3,2
150,678,174,3,2
150,695,174,3,2
153,641,128,0,3
153,650,154,2,1
153,653,154,2,1
153,678,154,2,1
153,695,154,2,1
154,650,155,2,1
154,653,155,2,1
154,678,155,2,1
154,695,155,2,1
154,709,179,3,0
155,634,156,2,1
155,650,156,2,1
155,653,156,2,1
155,678,156,2,1
155,682,156,2,1
155,683,156,2,1
155,695,156,2,1
155,705,156,2,1
155,720,156,2,1
156,634,157,2,1
156,650,157,2,1
156,653,157,2,1
156,657,157,2,1
156,665,131,0,3
156,678,157,2,1
156,682,157,2,1
156,683,157,2,1
156,695,157,2,1
156,705,157,2,1
156,708,157,2,1
156,710,157,2,1
156,720,157,2,1
157,634,158,2,1
157,650,158,2,1
157,653,158,2,1
157,657,158,2,1
157,665,132,0,3
157,678,158,2,1
157,682,158,2,1
157,683,158,2,1
157,695,158,2,1
157,705,158,2,1
157,708,158,2,1
157,710,158,2,1
157,720,158,2,1
158,634,133,0,3
158,650,183,3,0
158,653,133,0,3
158,657,183,3,0
158,678,133,0,3
158,682,133,0,3
158,683,159,2,1
158,695,133,0,3
158,705,133,0,3
158,708,133,0,3
158,710,183,3,0
158,720,133,0,3
159,634,134,0,3
159,650,184,3,0
159,653,134,0,3
159,657,184,3,0
159,665,158,1,2
159,678,134,0,3
159,682,134,0,3
159,683,160,2,1
159,695,134,0,3
159,705,134,0,3
159,708,134,0,3
159,710,184,3,0
159,720,134,0,3
160,634,135,0,3
160,650,185,3,0
160,653,135,0,3
160,657,185,3,0
160,665,159,1,2
160,678,135,0,3
160,682,135,0,3
160,683,161,2,1
160,695,135,0,3
160,705,135,0,3
160,708,135,0,3
160,710,185,3,0
160,720,135,0,3
161,634,136,0,3
161,650,186,3,0
161,653,136,0,3
161,678,136,0,3
161,682,136,0,3
161,683,683,62,0
161,695,136,0,3
161,705,136,0,3
161,720,136,0,3
162,650,187,3,0
162,653,137,0,3
162,678,137,0,3
162,695,137,0,3
163,650,188,3,0
163,653,138,0,3
163,678,138,0,3
163,695,138,0,3
166,641,167,2,1
166,650,191,3,0
166,653,141,0,3
166,678,141,0,3
166,695,141,0,3
167,634,142,0,3
167,650,192,3,0
167,653,142,0,3
167,678,142,0,3
167,695,142,0,3
167,709,168,2,1
168,634,143,0,3
168,650,193,3,0
168,653,143,0,3
168,665,169,2,1
168,678,143,0,3
168,682,143,0,3
168,683,167,1,2
168,695,143,0,3
168,705,143,0,3
168,720,143,0,3
169,634,144,0,3
169,650,194,3,0
169,653,144,0,3
169,657,194,3,0
169,665,170,2,1
169,678,144,0,3
169,682,144,0,3
169,683,168,1,2
169,695,144,0,3
169,705,144,0,3
169,708,144,0,3
169,710,194,3,0
169,720,144,0,3
170,626,195,3,0
170,629,145,0,3
170,632,145,0,3
170,634,145,0,3
170,637,195,3,0
170,638,145,0,3
170,641,145,0,3
170,643,195,3,0
170,647,195,3,0
170,650,195,3,0
170,651,145,0,3
170,652,195,3,0
170,653,145,0,3
170,654,195,3,0
170,657,195,3,0
170,658,145,0,3
170,659,195,3,0
170,660,145,0,3
170,661,195,3,0
170,662,145,0,3
170,663,145,0,3
170,666,195,3,0
170,670,195,3,0
170,671,195,3,0
170,675,195,3,0
170,677,195,3,0
170,678,145,0,3
170,681,195,3,0
170,682,145,0,3
170,683,169,1,2
170,684,145,0,3
170,688,145,0,3
170,690,145,0,3
170,692,145,0,3
170,695,145,0,3
170,696,145,0,3
170,697,195,3,0
170,700,145,0,3
170,701,145,0,3
170,702,195,3,0
170,703,145,0,3
170,705,145,0,3
170,708,145,0,3
170,709,195,3,0
170,710,195,3,0
170,711,145,0,3
170,715,195,3,0
170,718,195,3,0
170,719,195,3,0
170,720,145,0,3
170,723,195,3,0
171,625,170,1,2
171,627,170,1,2
171,628,170,1,2
171,630,170,1,2
171,631,170,1,2
171,634,170,1,2
171,635,170,1,2
171,636,170,1,2
171,640,170,1,2
171,642,170,1,2
171,644,170,1,2
171,645,170,1,2
171,646,170,1,2
171,648,170,1,2
171,650,170,1,2
171,653,170,1,2
171,655,170,1,2
171,656,170,1,2
171,657,170,1,2
171,667,170,1,2
171,669,170,1,2
171,673,170,1,2
171,674,170,1,2
171,676,170,1,2
171,678,170,1,2
171,679,170,1,2
171,680,170,1,2
171,682,170,1,2
171,683,170,1,2
171,685,170,1,2
171,686,170,1,2
171,689,170,1,2
171,691,170,1,2
171,693,170,1,2
171,695,170,1,2
171,698,170,1,2
171,699,170,1,2
171,704,170,1,2
171,705,170,1,2
171,707,170,1,2
171,708,170,1,2
171,710,170,1,2
171,713,170,1,2
171,714,170,1,2
171,717,170,1,2
171,720,170,1,2
171,721,170,1,2
171,722,170,1,2
171,724,170,1,2
172,634,171,1,2
172,650,171,1,2
172,653,171,1,2
172,657,171,1,2
172,665,147,0,3
172,678,171,1,2
172,682,171,1,2
172,683,171,1,2
172,695,171,1,2
172,705,171,1,2
172,708,171,1,2
172,710,171,1,2
172,720,171,1,2
173,634,172,1,2
173,650,172,1,2
173,653,172,1,2
173,665,148,0,3
173,678,172,1,2
173,682,172,1,2
173,683,172,1,2
173,695,172,1,2
173,705,172,1,2
173,720,172,1,2
174,634,173,1,2
174,650,173,1,2
174,653,173,1,2
174,678,173,1,2
174,695,173,1,2
174,709,199,3,0
175,641,150,0,2
175,650,199,3,2
175,653,199,3,2
175,678,199,3,2
175,695,199,3,2
178,641,153,0,3
178,650,179,2,1
178,653,179,2,1
178,678,179,2,1
178,695,179,2,1
179,650,180,2,1
179,653,180,2,1
179,678,180,2,1
179,695,180,2,1
179,709,204,3,0
180,634,181,2,1
180,650,181,2,1
180,653,181,2,1
180,678,181,2,1
180,682,181,2,1
180,683,181,2,1
180,695,181,2,1
180,705,181,2,1
180,720,181,2,1
181,634,182,2,1
181,650,182,2,1
181,653,182,2,1
181,657,182,2,1
181,665,156,0,3
181,678,182,2,1
181,682,182,2,1
181,683,182,2,1
181,695,182,2,1
181,705,182,2,1
181,708,182,2,1
181,710,182,2,1
181,720,182,2,1
182,634,183,2,1
182,650,183,2,1
182,653,183,2,1
182,657,183,2,1
182,665,157,0,3
182,678,183,2,1
182,682,183,2,1
182,683,183,2,1
182,695,183,2,1
182,705,183,2,1
182,708,183,2,1
182,710,183,2,1
182,720,183,2,1
183,634,158,0,3
183,650,208,3,0
183,657,208,3,0
183,678,158,0,3
183,682,158,0,3
183,683,158,0,3
183,695,158,0,3
183,705,158,0,3
183,710,208,3,0
183,720,158,0,3
184,634,159,0,3
184,650,209,3,0
184,653,159,0,3
184,657,209,3,0
184,665,183,1,2
184,678,159,0,3
184,682,159,0,3
184,683,159,0,3
184,695,159,0,3
184,705,159,0,3
184,708,159,0,3
184,710,209,3,0
184,720,159,0,3
185,634,160,0,3
185,650,210,3,0
185,653,160,0,3
185,657,210,3,0
185,665,184,1,2
185,678,160,0,3
185,682,160,0,3
185,683,160,0,3
185,695,160,0,3
185,705,160,0,3
185,708,160,0,3
185,710,210,3,0
185,720,160,0,3
186,634,161,0,3
186,650,211,3,0
186,653,161,0,3
186,678,161,0,3
186,682,161,0,3
186,683,161,0,3
186,695,161,0,3
186,705,161,0,3
186,720,161,0,3
187,650,212,3,0
187,653,162,0,3
187,678,162,0,3
187,695,162,0,3
188,650,213,3,0
188,653,163,0,3
188,678,163,0,3
188,695,163,0,3
191,641,192,2,1
191,650,216,3,0
191,653,166,0,3
191,678,166,0,3
191,695,166,0,3
192,634,167,0,3
192,650,217,3,0
192,653,167,0,3
192,678,167,0,3
192,695,167,0,3
192,709,193,2,1
193,634,168,0,3
193,650,218,3,0
193,653,168,0,3
193,665,194,2,1
193,678,168,0,3
193,682,168,0,3
193,683,168,0,3
193,695,168,0,3
193,705,168,0,3
193,720,168,0,3
194,634,169,0,3
194,650,219,3,0
194,653,169,0,3
194,657,219,3,0
194,665,195,2,1
194,678,169,0,3
194,682,169,0,3
194,683,169,0,3
194,695,169,0,3
194,705,169,0,3
194,708,169,0,3
194,710,219,3,0
194,720,169,0,3
195,626,220,3,0
195,629,170,0,3
195,632,170,0,3
195,634,170,0,3
195,637,220,3,0
195,638,170,0,3
195,639,170,0,3
195,641,170,0,3
195,643,220,3,0
195,647,220,3,0
195,650,220,3,0
195,651,170,0,3
195,652,220,3,0
195,653,170,0,3
195,654,220,3,0
195,657,220,3,0
195,658,170,0,3
195,659,220,3,0
195,660,170,0,3
195,661,220,3,0
195,662,170,0,3
195,663,170,0,3
195,666,220,3,0
195,668,170,0,3
195,670,220,3,0
195,671,220,3,0
195,675,220,3,0
195,677,220,3,0
195,678,170,0,3
195,681,220,3,0
195,682,170,0,3
195,683,170,0,3
195,684,170,0,3
195,687,170,0,3
195,688,170,0,3
195,690,170,0,3
195,692,170,0,3
195,694,170,0,3
195,695,170,0,3
195,696,170,0,3
195,697,220,3,0
195,700,170,0,3
195,701,170,0,3
195,702,220,3,0
195,703,170,0,3
195,705,170,0,3
195,708,170,0,3
195,709,220,3,0
195,710,220,3,0
195,711,170,0,3
195,715,220,3,0
195,718,220,3,0
195,719,220,3,0
195,720,170,0,3
195,723,220,3,0
196,625,195,1,2
196,627,195,1,2
196,628,195,1,2
196,630,195,1,2
196,631,195,1,2
196,633,195,1,2
196,634,195,1,2
196,635,195,1,2
196,636,195,1,2
196,640,195,1,2
196,642,195,1,2
196,644,195,1,2
196,645,195,1,2
196,646,195,1,2
196,648,195,1,2
196,649,195,1,2
196,650,195,1,2
196,653,195,1,2
196,655,195,1,2
196,656,195,1,2
196,657,195,1,2
196,667,195,1,2
196,669,195,1,2
196,673,195,1,2
196,674,195,1,2
196,676,195,1,2
196,678,195,1,2
196,679,195,1,2
196,680,195,1,2
196,682,195,1,2
196,683,195,1,2
196,685,195,1,2
196,686,195,1,2
196,689,195,1,2
196,691,195,1,2
196,693,195,1,2
196,695,195,1,2
196,699,195,1,2
196,704,195,1,2
196,705,195,1,2
196,707,195,1,2
196,708,195,1,2
196,710,195,1,2
196,713,195,1,2
196,714,195,1,2
196,717,195,1,2
196,720,195,1,2
196,721,195,1,2
196,722,195,1,2
196,724,195,1,2
197,634,196,1,2
197,650,196,1,2
197,653,196,1,2
197,657,196,1,2
197,665,172,0,3
197,678,196,1,2
197,682,196,1,2
197,683,196,1,2
197,695,196,1,2
197,705,196,1,2
197,708,196,1,2
197,710,196,1,2
197,720,196,1,2
198,634,197,1,2
198,650,197,1,2
198,653,197,1,2
198,665,173,0,3
198,678,197,1,2
198,682,197,1,2
198,683,197,1,2
198,695,197,1,2
198,705,197,1,2
198,720,197,1,2
199,634,198,1,2
199,650,198,1,2
199,653,198,1,2
199,678,198,1,2
199,695,198,1,2
199,709,224,3,0
200,641,175,0,2
200,650,224,3,2
200,653,224,3,2
200,678,224,3,2
200,695,224,3,2
203,641,178,0,3
203,650,204,2,1
203,653,204,2,1
203,678,204,2,1
203,695,204,2,1
204,650,205,2,1
204,653,205,2,1
204,678,205,2,1
204,695,205,2,1
204,709,229,3,0
205,634,206,2,1
205,650,206,2,1
205,653,206,2,1
205,678,206,2,1
205,682,206,2,1
205,683,206,2,1
205,695,206,2,1
205,705,206,2,1
205,720,206,2,1
206,634,207,2,1
206,650,207,2,1
206,653,207,2,1
206,657,207,2,1
206,665,181,0,3
206,678,207,2,1
206,682,207,2,1
206,683,207,2,1
206,695,207,2,1
206,705,207,2,1
206,708,207,2,1
206,710,207,2,1
206,720,207,2,1
207,634,208,2,1
207,650,208,2,1
207,653,208,2,1
207,657,208,2,1
207,665,182,0,3
207,678,208,2,1
207,682,208,2,1
207,683,208,2,1
207,695,208,2,1
207,705,208,2,1
207,708,208,2,1
207,710,208,2,1
207,720,208,2,1
208,650,233,3,0
208,653,233,3,0
208,657,233,3,0
208,678,183,0,3
208,682,183,0,3
208,683,183,0,3
208,695,183,0,3
208,705,183,0,3
208,710,233,3,0
208,720,183,0,3
209,634,234,3,0
209,650,234,3,0
209,653,234,3,0
209,657,234,3,0
209,665,208,1,2
209,678,184,0,3
209,682,184,0,3
209,683,184,0,3
209,695,184,0,3
209,705,184,0,3
209,708,184,0,3
209,710,234,3,0
209,720,184,0,3
210,634,235,3,0
210,650,235,3,0
210,653,235,3,0
210,657,235,3,0
210,665,209,1,2
210,678,185,0,3
210,682,185,0,3
210,683,185,0,3
210,695,185,0,3
210,705,185,0,3
210,708,185,0,3
210,710,235,3,0
210,720,185,0,3
211,634,236,3,0
211,650,236,3,0
211,653,236,3,0
211,678,186,0,3
211,682,186,0,3
211,683,186,0,3
211,695,186,0,3
211,705,186,0,3
211,720,186,0,3
212,650,237,3,0
212,653,237,3,0
212,678,187,0,3
212,695,187,0,3
213,650,238,3,0
213,653,238,3,0
213,678,188,0,3
213,695,188,0,3
216,641,217,2,1
216,650,241,3,0
216,653,241,3,0
216,678,191,0,3
216,695,191,0,3
217,634,242,3,0
217,650,242,3,0
217,653,242,3,0
217,678,192,0,3
217,695,192,0,3
217,709,218,2,1
218,634,243,3,0
218,650,243,3,0
218,653,243,3,0
218,665,219,2,1
218,678,193,0,3
218,682,193,0,3
218,683,193,0,3
218,695,193,0,3
218,705,193,0,3
218,720,193,0,3
219,634,244,3,0
219,650,244,3,0
219,653,244,3,0
219,657,244,3,0
219,665,220,2,1
219,678,194,0,3
219,682,194,0,3
219,683,194,0,3
219,695,194,0,3
219,705,194,0,3
219,708,194,0,3
219,710,244,3,0
219,720,194,0,3
220,626,245,3,0
220,629,195,0,3
220,632,195,0,3
220,634,245,3,0
220,637,245,3,0
220,638,245,3,0
220,639,195,0,3
220,641,195,0,3
220,647,245,3,0
220,650,245,3,0
220,651,195,0,3
220,652,245,3,0
220,653,245,3,0
220,654,245,3,0
220,657,245,3,0
220,658,195,0,3
220,659,245,3,0
220,660,195,0,3
220,662,195,0,3
220,663,195,0,3
220,666,245,3,0
220,668,195,0,3
220,670,245,3,0
220,671,245,3,0
220,675,245,3,0
220,677,245,3,0
220,678,195,0,3
220,681,245,3,0
220,682,195,0,3
220,683,195,0,3
220,684,195,0,3
220,687,195,0,3
220,688,195,0,3
220,690,195,0,3
220,692,195,0,3
220,694,195,0,3
220,695,195,0,3
220,696,195,0,3
220,697,245,3,0
220,700,195,0,3
220,701,195,0,3
220,703,195,0,3
220,705,195,0,3
220,708,195,0,3
220,709,245,3,0
220,710,245,3,0
220,711,195,0,3
220,715,245,3,0
220,718,245,3,0
220,719,245,3,0
220,720,195,0,3
220,723,245,3,0
221,625,220,1,2
221,627,220,1,2
221,628,220,1,2
221,630,220,1,2
221,631,220,1,2
221,633,220,1,2
221,634,220,1,2
221,635,220,1,2
221,636,220,1,2
221,640,220,1,2
221,642,220,1,2
221,644,220,1,2
221,645,220,1,2
221,646,220,1,2
221,648,220,1,2
221,649,220,1,2
221,650,220,1,2
221,653,220,1,2
221,655,220,1,2
221,656,220,1,2
221,657,220,1,2
221,667,220,1,2
221,669,220,1,2
221,673,220,1,2
221,674,220,1,2
221,676,220,1,2
221,678,220,1,2
221,679,220,1,2
221,680,220,1,2
221,682,220,1,2
221,683,220,1,2
221,686,220,1,2
221,689,220,1,2
221,691,220,1,2
221,693,220,1,2
221,695,220,1,2
221,698,220,1,2
221,699,220,1,2
221,704,220,1,2
221,705,220,1,2
221,707,220,1,2
221,708,220,1,2
221,710,220,1,2
221,713,220,1,2
221,714,220,1,2
221,717,220,1,2
221,720,220,1,2
221,721,220,1,2
221,722,220,1,2
221,724,220,1,2
222,634,221,1,2
222,650,221,1,2
222,653,221,1,2
222,657,221,1,2
222,665,197,0,3
222,678,221,1,2
222,682,221,1,2
222,683,221,1,2
222,695,221,1,2
222,705,221,1,2
222,708,221,1,2
222,710,221,1,2
222,720,221,1,2
223,634,222,1,2
223,650,222,1,2
223,653,222,1,2
223,665,198,0,3
223,678,222,1,2
223,682,222,1,2
223,683,222,1,2
223,695,222,1,2
223,705,222,1,2
223,720,222,1,2
224,634,223,1,2
224,650,223,1,2
224,653,223,1,2
224,678,223,1,2
224,695,223,1,2
224,709,249,3,0
225,641,200,0,2
225,650,249,3,2
225,653,249,3,2
225,678,249,3,2
225,695,249,3,2
228,641,203,0,3
228,650,229,2,1
228,653,229,2,1
228,678,229,2,1
228,695,229,2,1
229,650,230,2,1
229,653,230,2,1
229,678,230,2,1
229,695,230,2,1
229,709,254,3,0
230,634,231,2,1
230,650,231,2,1
230,653,231,2,1
230,678,231,2,1
230,682,231,2,1
230,683,231,2,1
230,695,231,2,1
230,705,231,2,1
230,720,231,2,1
231,634,232,2,1
231,650,232,2,1
231,653,232,2,1
231,657,232,2,1
231,665,206,0,3
231,678,232,2,1
231,682,232,2,1
231,683,232,2,1
231,695,232,2,1
231,705,232,2,1
231,708,232,2,1
231,710,232,2,1
231,720,232,2,1
232,634,233,2,1
232,650,233,2,1
232,653,233,2,1
232,657,233,2,1
232,665,207,0,3
232,678,233,2,1
232,682,233,2,1
232,683,233,2,1
232,695,233,2,1
232,705,233,2,1
232,708,233,2,1
232,710,233,2,1
232,720,233,2,1
233,650,258,3,0
233,653,258,3,0
233,657,258,3,0
233,678,208,0,3
233,682,208,0,3
233,683,208,0,3
233,695,208,0,3
233,710,258,3,0
233,720,208,0,3
234,634,259,3,0
234,650,259,3,0
234,653,259,3,0
234,657,259,3,0
234,665,233,1,2
234,678,209,0,3
234,682,209,0,3
234,683,209,0,3
234,695,209,0,3
234,705,209,0,3
234,708,209,0,3
234,710,259,3,0
234,720,209,0,3
235,634,260,3,0
235,650,260,3,0
235,653,260,3,0
235,657,260,3,0
235,665,234,1,2
235,678,210,0,3
235,682,210,0,3
235,683,210,0,3
235,695,210,0,3
235,705,210,0,3
235,708,210,0,3
235,710,260,3,0
235,720,210,0,3
236,634,261,3,0
236,650,261,3,0
236,653,261,3,0
236,678,211,0,3
236,682,211,0,3
236,683,211,0,3
236,695,211,0,3
236,705,211,0,3
236,720,211,0,3
237,650,262,3,0
237,653,262,3,0
237,678,212,0,3
237,695,212,0,3
238,650,263,3,0
238,653,263,3,0
238,678,213,0,3
238,695,213,0,3
241,641,242,2,1
241,650,266,3,0
241,653,266,3,0
241,678,216,0,3
241,695,216,0,3
242,634,267,3,0
242,650,267,3,0
242,653,267,3,0
242,678,217,0,3
242,695,217,0,3
242,709,243,2,1
243,634,268,3,0
243,650,268,3,0
243,653,268,3,0
243,665,244,2,1
243,678,218,0,3
243,682,218,0,3
243,683,218,0,3
243,695,218,0,3
243,705,218,0,3
243,720,218,0,3
244,634,269,3,0
244,650,269,3,0
244,653,269,3,0
244,657,269,3,0
244,665,245,2,1
244,678,219,0,3
244,682,219,0,3
244,683,219,0,3
244,695,219,0,3
244,705,219,0,3
244,708,219,0,3
244,710,269,3,0
244,720,219,0,3
245,626,270,3,0
245,629,220,0,3
245,632,270,3,0
245,634,270,3,0
245,637,270,3,0
245,638,270,3,0
245,639,220,0,3
245,641,220,0,3
245,643,220,0,3
245,647,270,3,0
245,650,270,3,0
245,651,220,0,3
245,652,270,3,0
245,653,270,3,0
245,654,270,3,0
245,657,270,3,0
245,658,220,0,3
245,659,270,3,0
245,660,220,0,3
245,661,220,0,3
245,662,220,0,3
245,663,220,0,3
245,666,270,3,0
245,668,220,0,3
245,670,270,3,0
245,671,270,3,0
245,675,270,3,0
245,677,270,3,0
245,678,220,0,3
245,681,270,3,0
245,682,220,0,3
245,683,220,0,3
245,684,220,0,3
245,687,220,0,3
245,688,220,0,3
245,690,220,0,3
245,692,220,0,3
245,694,220,0,3
245,695,220,0,3
245,696,220,0,3
245,697,270,3,0
245,700,220,0,3
245,701,220,0,3
245,702,220,0,3
245,703,220,0,3
245,705,220,0,3
245,708,220,0,3
245,709,270,3,0
245,710,270,3,0
245,711,220,0,3
245,715,270,3,0
245,718,270,3,0
245,719,270,3,0
245,720,220,0,3
245,723,270,3,0
246,625,245,1,2
246,627,245,1,2
246,628,245,1,2
246,630,245,1,2
246,631,245,1,2
246,633,245,1,2
246,634,245,1,2
246,635,245,1,2
246,636,245,1,2
246,640,245,1,2
246,642,245,1,2
246,645,245,1,2
246,646,245,1,2
246,648,245,1,2
246,649,245,1,2
246,650,245,1,2
246,653,245,1,2
246,655,245,1,2
246,656,245,1,2
246,657,245,1,2
246,667,245,1,2
246,669,245,1,2
246,673,245,1,2
246,674,245,1,2
246,676,245,1,2
246,678,245,1,2
246,679,245,1,2
246,680,245,1,2
246,682,245,1,2
246,683,245,1,2
246,685,245,1,2
246,686,245,1,2
246,689,245,1,2
246,691,245,1,2
246,693,245,1,2
246,695,245,1,2
246,698,245,1,2
246,699,245,1,2
246,704,245,1,2
246,705,245,1,2
246,707,245,1,2
246,708,245,1,2
246,710,245,1,2
246,713,245,1,2
246,714,245,1,2
246,717,245,1,2
246,720,245,1,2
246,721,245,1,2
246,722,245,1,2
246,724,245,1,2
247,634,246,1,2
247,650,246,1,2
247,653,246,1,2
247,657,246,1,2
247,665,222,0,3
247,678,246,1,2
247,682,246,1,2
247,683,246,1,2
247,695,246,1,2
247,705,246,1,2
247,708,246,1,2
247,710,246,1,2
247,720,246,1,2
248,634,247,1,2
248,650,247,1,2
248,653,247,1,2
248,665,223,0,3
248,678,247,1,2
248,682,247,1,2
248,683,247,1,2
248,695,247,1,2
248,705,247,1,2
248,720,247,1,2
249,634,248,1,2
249,650,248,1,2
249,653,248,1,2
249,678,248,1,2
249,695,248,1,2
249,709,274,3,0
250,641,225,0,2
250,650,274,3,2
250,653,274,3,2
250,678,274,3,2
250,695,274,3,2
253,641,228,0,3
253,650,254,2,1
253,653,254,2,1
253,678,254,2,1
253,695,254,2,1
254,650,255,2,1
254,653,255,2,1
254,678,255,2,1
254,695,255,2,1
254,709,279,3,0
255,634,256,2,1
255,650,256,2,1
255,653,256,2,1
255,678,256,2,1
255,682,256,2,1
255,683,256,2,1
255,695,256,2,1
255,705,256,2,1
255,720,256,2,1
256,634,257,2,1
256,650,257,2,1
256,653,257,2,1
256,657,257,2,1
256,665,231,0,3
256,678,257,2,1
256,682,257,2,1
256,683,257,2,1
256,695,257,2,1
256,705,257,2,1
256,708,257,2,1
256,710,257,2,1
256,720,257,2,1
257,634,258,2,1
257,650,258,2,1
257,653,258,2,1
257,657,258,2,1
257,665,232,0,3
257,678,258,2,1
257,682,258,2,1
257,683,258,2,1
257,695,258,2,1
257,705,258,2,1
257,708,258,2,1
257,710,258,2,1
257,720,258,2,1
258,650,283,3,0
258,653,283,3,0
258,657,283,3,0
258,678,233,0,3
258,683,233,0,3
258,720,233,0,3
259,634,284,3,0
259,650,284,3,0
259,653,284,3,0
259,657,284,3,0
259,665,258,1,2
259,678,234,0,3
259,682,234,0,3
259,683,234,0,3
259,695,234,0,3
259,705,234,0,3
259,708,234,0,3
259,710,284,3,0
259,720,234,0,3
260,634,285,3,0
260,650,285,3,0
260,653,285,3,0
260,657,285,3,0
260,665,259,1,2
260,678,235,0,3
260,682,235,0,3
260,683,235,0,3
260,695,235,0,3
260,705,235,0,3
260,708,235,0,3
260,710,285,3,0
260,720,235,0,3
261,634,286,3,0
261,650,286,3,0
261,653,286,3,0
261,678,236,0,3
261,682,236,0,3
261,683,236,0,3
261,695,236,0,3
261,705,236,0,3
261,720,236,0,3
262,650,287,3,0
262,653,287,3,0
262,678,237,0,3
262,695,237,0,3
263,650,288,3,0
263,653,288,3,0
263,678,238,0,3
263,695,238,0,3
266,641,267,2,1
266,650,291,3,0
266,653,291,3,0
266,678,241,0,3
266,695,241,0,3
267,634,292,3,0
267,650,292,3,0
267,653,292,3,0
267,678,242,0,3
267,695,242,0,3
267,709,268,2,1
268,634,293,3,0
268,650,293,3,0
268,653,293,3,0
268,665,269,2,1
268,678,243,0,3
268,682,243,0,3
268,683,243,0,3
268,695,243,0,3
268,705,243,0,3
268,720,243,0,3
269,634,294,3,0
269,650,294,3,0
269,653,294,3,0
269,657,294,3,0
269,665,270,2,1
269,678,244,0,3
269,682,244,0,3
269,683,244,0,3
269,695,244,0,3
269,705,244,0,3
269,708,244,0,3
269,710,294,3,0
269,720,244,0,3
270,626,295,3,0
270,629,245,0,3
270,632,295,3,0
270,634,295,3,0
270,637,295,3,0
270,638,295,3,0
270,639,245,0,3
270,641,245,0,3
270,643,245,0,3
270,647,295,3,0
270,650,295,3,0
270,651,245,0,3
270,652,295,3,0
270,653,295,3,0
270,654,295,3,0
270,657,295,3,0
270,658,295,3,0
270,659,295,3,0
270,660,245,0,3
270,661,245,0,3
270,662,245,0,3
270,663,245,0,3
270,666,295,3,0
270,668,245,0,3
270,675,295,3,0
270,677,295,3,0
270,678,245,0,3
270,681,295,3,0
270,682,245,0,3
270,683,245,0,3
270,684,245,0,3
270,687,245,0,3
270,688,245,0,3
270,690,245,0,3
270,692,245,0,3
270,694,245,0,3
270,695,245,0,3
270,696,245,0,3
270,697,295,3,0
270,700,245,0,3
270,701,245,0,3
270,702,245,0,3
270,703,245,0,3
270,705,245,0,3
270,708,245,0,3
270,709,295,3,0
270,710,295,3,0
270,711,245,0,3
270,715,295,3,0
270,718,295,3,0
270,720,245,0,3
270,723,295,3,0
271,625,270,1,2
271,627,270,1,2
271,628,270,1,2
271,630,270,1,2
271,631,270,1,2
271,633,270,1,2
271,634,270,1,2
271,635,270,1,2
271,636,270,1,2
271,640,270,1,2
271,642,270,1,2
271,644,270,1,2
271,645,270,1,2
271,646,270,1,2
271,648,270,1,2
271,649,270,1,2
271,650,270,1,2
271,653,270,1,2
271,655,270,1,2
271,656,270,1,2
271,657,270,1,2
271,667,270,1,2
271,669,270,1,2
271,673,270,1,2
271,674,270,1,2
271,676,270,1,2
271,678,270,1,2
271,679,270,1,2
271,680,270,1,2
271,682,270,1,2
271,683,270,1,2
271,685,270,1,2
271,686,270,1,2
271,689,270,1,2
271,691,270,1,2
271,693,270,1,2
271,695,270,1,2
271,698,270,1,2
271,699,270,1,2
271,704,270,1,2
271,705,270,1,2
271,707,270,1,2
271,708,270,1,2
271,710,270,1,2
271,713,270,1,2
271,714,270,1,2
271,717,270,1,2
271,720,270,1,2
271,721,270,1,2
271,722,270,1,2
271,724,270,1,2
272,634,271,1,2
272,650,271,1,2
272,653,271,1,2
272,657,271,1,2
272,665,247,0,3
272,678,271,1,2
272,682,271,1,2
272,683,271,1,2
272,695,271,1,2
272,705,271,1,2
272,708,271,1,2
272,710,271,1,2
272,720,271,1,2
273,634,272,1,2
273,650,272,1,2
273,653,272,1,2
273,665,248,0,3
273,678,272,1,2
273,682,272,1,2
273,683,272,1,2
273,695,272,1,2
273,705,272,1,2
273,720,272,1,2
274,634,273,1,2
274,650,273,1,2
274,653,273,1,2
274,678,273,1,2
274,695,273,1,2
274,709,299,3,0
275,641,250,0,2
275,650,299,3,2
275,653,299,3,2
275,678,299,3,2
275,695,299,3,2
278,641,253,0,3
278,650,279,2,1
278,653,279,2,1
278,678,279,2,1
278,695,279,2,1
279,650,280,2,1
279,653,280,2,1
279,678,280,2,1
279,695,280,2,1
279,709,304,3,0
280,634,281,2,1
280,650,281,2,1
280,653,281,2,1
280,678,281,2,1
280,682,281,2,1
280,683,281,2,1
280,695,281,2,1
280,705,281,2,1
280,720,281,2,1
281,634,282,2,1
281,650,282,2,1
281,653,282,2,1
281,657,282,2,1
281,665,306,3,0
281,678,282,2,1
281,682,282,2,1
281,683,282,2,1
281,695,282,2,1
281,705,282,2,1
281,708,282,2,1
281,710,282,2,1
281,720,282,2,1
282,634,283,2,1
282,650,283,2,1
282,653,283,2,1
282,657,283,2,1
282,665,307,3,0
282,678,283,2,1
282,682,283,2,1
282,683,283,2,1
282,695,283,2,1
282,705,283,2,1
282,708,283,2,1
282,710,283,2,1
282,720,283,2,1
283,634,308,3,0
283,650,308,3,0
283,653,308,3,0
283,657,308,3,0
283,665,308,3,0
283,678,258,0,3
283,683,258,0,3
283,695,308,3,0
283,720,258,0,3
284,634,309,3,0
284,650,309,3,0
284,653,309,3,0
284,657,309,3,0
284,665,283,1,2
284,678,259,0,3
284,682,259,0,3
284,683,259,0,3
284,695,309,3,0
284,705,259,0,3
284,708,259,0,3
284,710,309,3,0
284,720,259,0,3
285,634,310,3,0
285,650,310,3,0
285,653,310,3,0
285,657,310,3,0
285,665,284,1,2
285,678,260,0,3
285,682,260,0,3
285,683,260,0,3
285,695,310,3,0
285,705,260,0,3
285,708,260,0,3
285,710,310,3,0
285,720,260,0,3
286,634,311,3,0
286,650,311,3,0
286,653,311,3,0
286,678,261,0,3
286,682,261,0,3
286,683,261,0,3
286,695,311,3,0
286,705,261,0,3
286,720,261,0,3
287,650,312,3,0
287,653,312,3,0
287,678,262,0,3
287,695,312,3,0
288,650,313,3,0
288,653,313,3,0
288,678,263,0,3
288,695,313,3,0
291,641,292,2,1
291,650,316,3,0
291,653,316,3,0
291,678,266,0,3
291,695,316,3,0
292,634,317,3,0
292,650,317,3,0
292,653,317,3,0
292,678,267,0,3
292,695,317,3,0
292,709,293,2,1
293,634,318,3,0
293,650,318,3,0
293,653,318,3,0
293,665,294,2,1
293,678,268,0,3
293,682,268,0,3
293,683,268,0,3
293,695,318,3,0
293,705,268,0,3
293,720,268,0,3
294,634,319,3,0
294,650,319,3,0
294,653,319,3,0
294,657,319,3,0
294,665,295,2,1
294,678,269,0,3
294,682,269,0,3
294,683,269,0,3
294,695,319,3,0
294,705,269,0,3
294,708,269,0,3
294,710,319,3,0
294,720,269,0,3
295,626,320,3,0
295,629,270,0,3
295,632,320,3,0
295,634,320,3,0
295,637,320,3,0
295,638,320,3,0
295,639,270,0,3
295,641,270,0,3
295,643,270,0,3
295,647,320,3,0
295,650,320,3,0
295,651,270,0,3
295,652,320,3,0
295,653,320,3,0
295,654,320,3,0
295,657,320,3,0
295,658,320,3,0
295,659,320,3,0
295,660,270,0,3
295,661,270,0,3
295,662,270,0,3
295,663,320,3,0
295,665,320,3,0
295,666,320,3,0
295,668,270,0,3
295,670,270,0,3
295,671,270,0,3
295,675,320,3,0
295,677,320,3,0
295,678,270,0,3
295,682,270,0,3
295,683,270,0,3
295,684,270,0,3
295,687,270,0,3
295,688,270,0,3
295,690,270,0,3
295,692,270,0,3
295,694,270,0,3
295,695,320,3,0
295,696,270,0,3
295,697,320,3,0
295,700,270,0,3
295,701,270,0,3
295,702,270,0,3
295,703,270,0,3
295,705,270,0,3
295,708,270,0,3
295,709,320,3,0
295,710,320,3,0
295,711,270,0,3
295,715,320,3,0
295,718,320,3,0
295,719,270,0,3
295,720,270,0,3
295,723,320,3,0
296,625,295,1,2
296,627,295,1,2
296,628,295,1,2
296,630,295,1,2
296,631,295,1,2
296,633,295,1,2
296,634,295,1,2
296,635,295,1,2
296,636,295,1,2
296,640,295,1,2
296,642,295,1,2
296,644,295,1,2
296,645,295,1,2
296,646,295,1,2
296,648,295,1,2
296,649,295,1,2
296,650,295,1,2
296,653,295,1,2
296,655,295,1,2
296,656,295,1,2
296,657,295,1,2
296,665,321,3,0
296,667,295,1,2
296,669,295,1,2
296,673,295,1,2
296,674,295,1,2
296,676,295,1,2
296,678,295,1,2
296,679,295,1,2
296,680,295,1,2
296,682,295,1,2
296,683,295,1,2
296,685,295,1,2
296,689,295,1,2
296,691,295,1,2
296,693,295,1,2
296,695,295,1,2
296,698,295,1,2
296,699,295,1,2
296,704,295,1,2
296,705,295,1,2
296,707,295,1,2
296,708,295,1,2
296,710,295,1,2
296,713,295,1,2
296,714,295,1,2
296,717,295,1,2
296,720,295,1,2
296,721,295,1,2
296,722,295,1,2
296,724,295,1,2
297,634,296,1,2
297,650,296,1,2
297,653,296,1,2
297,657,296,1,2
297,665,322,3,0
297,678,296,1,2
297,682,296,1,2
297,683,296,1,2
297,695,296,1,2
297,705,296,1,2
297,708,296,1,2
297,710,296,1,2
297,720,296,1,2
298,634,297,1,2
298,650,297,1,2
298,653,297,1,2
298,665,323,3,0
298,678,297,1,2
298,682,297,1,2
298,683,297,1,2
298,695,297,1,2
298,705,297,1,2
298,720,297,1,2
299,634,298,1,2
299,650,298,1,2
299,653,298,1,2
299,678,298,1,2
299,695,298,1,2
299,709,324,3,0
300,641,275,0,2
300,650,324,3,2
300,653,324,3,2
300,678,324,3,2
300,695,324,3,2
303,641,278,0,3
303,650,304,2,1
303,653,304,2,1
303,678,304,2,1
303,695,304,2,1
304,650,305,2,1
304,653,305,2,1
304,678,305,2,1
304,695,305,2,1
304,709,329,3,0
305,634,306,2,1
305,650,306,2,1
305,653,306,2,1
305,678,306,2,1
305,682,306,2,1
305,683,306,2,1
305,695,306,2,1
305,705,306,2,1
305,720,306,2,1
306,634,307,2,1
306,650,307,2,1
306,653,307,2,1
306,657,307,2,1
306,665,331,3,0
306,678,307,2,1
306,682,307,2,1
306,683,307,2,1
306,695,307,2,1
306,705,307,2,1
306,708,307,2,1
306,710,307,2,1
306,720,307,2,1
307,634,308,2,1
307,650,308,2,1
307,653,308,2,1
307,657,308,2,1
307,665,332,3,0
307,678,308,2,1
307,682,308,2,1
307,683,308,2,1
307,695,308,2,1
307,705,308,2,1
307,708,308,2,1
307,710,308,2,1
307,720,308,2,1
308,634,333,3,0
308,650,333,3,0
308,653,333,3,0
308,665,333,3,0
308,678,283,0,3
308,683,283,0,3
308,695,333,3,0
309,634,334,3,0
309,650,334,3,0
309,653,334,3,0
309,657,334,3,0
309,665,308,1,2
309,678,284,0,3
309,682,284,0,3
309,683,284,0,3
309,695,334,3,0
309,705,284,0,3
309,708,284,0,3
309,710,334,3,0
309,720,284,0,3
310,634,335,3,0
310,650,335,3,0
310,653,335,3,0
310,657,335,3,0
310,665,309,1,2
310,678,285,0,3
310,682,285,0,3
310,683,285,0,3
310,695,335,3,0
310,705,285,0,3
310,708,285,0,3
310,710,335,3,0
310,720,285,0,3
311,634,336,3,0
311,650,336,3,0
311,653,336,3,0
311,678,286,0,3
311,682,286,0,3
311,683,286,0,3
311,695,336,3,0
311,705,286,0,3
311,720,286,0,3
312,650,337,3,0
312,653,337,3,0
312,678,287,0,3
312,695,337,3,0
313,650,338,3,0
313,653,338,3,0
313,678,288,0,3
313,695,338,3,0
316,641,317,2,1
316,650,341,3,0
316,653,341,3,0
316,678,291,0,3
316,695,341,3,0
317,634,342,3,0
317,650,342,3,0
317,653,342,3,0
317,678,292,0,3
317,695,342,3,0
317,709,318,2,1
318,634,343,3,0
318,650,343,3,0
318,653,343,3,0
318,665,319,2,1
318,678,293,0,3
318,682,293,0,3
318,683,293,0,3
318,695,343,3,0
318,705,293,0,3
318,720,293,0,3
319,634,344,3,0
319,650,344,3,0
319,653,344,3,0
319,657,344,3,0
319,665,320,2,1
319,678,294,0,3
319,682,294,0,3
319,683,294,0,3
319,695,344,3,0
319,705,294,0,3
319,708,294,0,3
319,710,344,3,0
319,720,294,0,3
320,626,345,3,0
320,629,295,0,3
320,632,345,3,0
320,634,345,3,0
320,637,345,3,0
320,638,345,3,0
320,639,295,0,3
320,641,295,0,3
320,643,295,0,3
320,650,345,3,0
320,651,295,0,3
320,653,345,3,0
320,654,345,3,0
320,657,345,3,0
320,658,345,3,0
320,659,345,3,0
320,660,295,0,3
320,661,295,0,3
320,662,295,0,3
320,663,345,3,0
320,665,345,3,0
320,668,295,0,3
320,670,295,0,3
320,671,295,0,3
320,675,345,3,0
320,677,345,3,0
320,678,295,0,3
320,681,295,0,3
320,682,295,0,3
320,683,295,0,3
320,684,295,0,3
320,687,295,0,3
320,688,295,0,3
320,690,295,0,3
320,692,295,0,3
320,694,295,0,3
320,695,345,3,0
320,696,345,3,0
320,697,345,3,0
320,700,295,0,3
320,701,295,0,3
320,702,295,0,3
320,703,295,0,3
320,705,295,0,3
320,708,295,0,3
320,709,345,3,0
320,710,345,3,0
320,711,295,0,3
320,715,345,3,0
320,719,295,0,3
320,720,295,0,3
320,723,345,3,0
321,625,320,1,2
321,627,320,1,2
321,628,320,1,2
321,630,320,1,2
321,631,320,1,2
321,633,320,1,2
321,634,320,1,2
321,635,320,1,2
321,636,320,1,2
321,640,320,1,2
321,642,320,1,2
321,644,320,1,2
321,645,320,1,2
321,646,320,1,2
321,648,320,1,2
321,649,320,1,2
321,650,320,1,2
321,653,320,1,2
321,655,320,1,2
321,656,320,1,2
321,657,320,1,2
321,665,346,3,0
321,667,320,1,2
321,669,320,1,2
321,673,320,1,2
321,674,320,1,2
321,676,320,1,2
321,678,320,1,2
321,679,320,1,2
321,680,320,1,2
321,682,320,1,2
321,683,320,1,2
321,685,320,1,2
321,686,320,1,2
321,689,320,1,2
321,691,320,1,2
321,693,320,1,2
321,695,320,1,2
321,698,320,1,2
321,699,320,1,2
321,704,320,1,2
321,705,320,1,2
321,707,320,1,2
321,708,320,1,2
321,710,320,1,2
321,713,320,1,2
321,714,320,1,2
321,717,320,1,2
321,720,320,1,2
321,721,320,1,2
321,722,320,1,2
321,724,320,1,2
322,634,321,1,2
322,650,321,1,2
322,653,321,1,2
322,657,321,1,2
322,665,347,3,0
322,678,321,1,2
322,682,321,1,2
322,683,321,1,2
322,695,321,1,2
322,705,321,1,2
322,708,321,1,2
322,710,321,1,2
322,720,321,1,2
323,634,322,1,2
323,650,322,1,2
323,653,322,1,2
323,665,348,3,0
323,678,322,1,2
323,682,322,1,2
323,683,322,1,2
323,695,322,1,2
323,705,322,1,2
323,720,322,1,2
324,634,323,1,2
324,650,323,1,2
324,653,323,1,2
324,678,323,1,2
324,695,323,1,2
324,709,349,3,0
325,641,300,0,2
325,650,349,3,2
325,653,349,3,2
325,678,349,3,2
325,695,349,3,2
328,641,303,0,3
328,650,329,2,1
328,653,329,2,1
328,678,329,2,1
328,695,329,2,1
329,650,330,2,1
329,653,330,2,1
329,678,330,2,1
329,695,330,2,1
329,709,354,3,0
330,634,331,2,1
330,650,331,2,1
330,653,331,2,1
330,678,331,2,1
330,682,331,2,1
330,683,331,2,1
330,695,331,2,1
330,705,331,2,1
330,709,355,3,0
330,720,331,2,1
331,634,332,2,1
331,650,332,2,1
331,653,332,2,1
331,657,332,2,1
331,665,356,3,0
331,678,332,2,1
331,682,332,2,1
331,683,332,2,1
331,695,332,2,1
331,705,332,2,1
331,708,332,2,1
331,709,356,3,0
331,710,332,2,1
331,720,332,2,1
332,634,333,2,1
332,650,333,2,1
332,653,333,2,1
332,657,333,2,1
332,665,357,3,0
332,678,333,2,1
332,682,333,2,1
332,683,333,2,1
332,695,333,2,1
332,705,333,2,1
332,708,333,2,1
332,709,357,3,0
332,710,333,2,1
332,720,333,2,1
333,634,358,3,0
333,650,358,3,0
333,653,358,3,0
333,665,358,3,0
333,678,308,0,3
333,683,308,0,3
333,695,358,3,0
333,705,358,3,0
333,708,358,3,0
333,709,358,3,0
334,634,359,3,0
334,650,359,3,0
334,653,359,3,0
334,657,359,3,0
334,665,333,1,2
334,678,309,0,3
334,682,309,0,3
334,683,309,0,3
334,695,359,3,0
334,705,359,3,0
334,708,359,3,0
334,710,359,3,0
334,720,309,0,3
335,634,360,3,0
335,650,360,3,0
335,653,360,3,0
335,657,360,3,0
335,665,334,1,2
335,678,310,0,3
335,682,310,0,3
335,683,310,0,3
335,695,360,3,0
335,705,360,3,0
335,708,360,3,0
335,710,360,3,0
335,720,310,0,3
336,634,361,3,0
336,650,361,3,0
336,653,361,3,0
336,678,311,0,3
336,682,311,0,3
336,683,311,0,3
336,695,361,3,0
336,705,361,3,0
336,720,311,0,3
337,650,362,3,0
337,653,362,3,0
337,678,312,0,3
337,695,362,3,0
338,650,363,3,0
338,653,363,3,0
338,678,313,0,3
338,695,363,3,0
341,641,342,2,1
341,650,366,3,0
341,653,366,3,0
341,678,316,0,3
341,695,366,3,0
342,634,367,3,0
342,650,367,3,0
342,653,367,3,0
342,678,317,0,3
342,695,367,3,0
342,709,343,2,1
343,634,368,3,0
343,650,368,3,0
343,653,368,3,0
343,665,344,2,1
343,678,318,0,3
343,682,318,0,3
343,683,318,0,3
343,695,368,3,0
343,705,368,3,0
343,720,318,0,3
344,634,369,3,0
344,650,369,3,0
344,653,369,3,0
344,657,369,3,0
344,665,345,2,1
344,678,319,0,3
344,682,319,0,3
344,683,319,0,3
344,695,369,3,0
344,705,369,3,0
344,708,369,3,0
344,710,369,3,0
344,720,319,0,3
345,626,370,3,0
345,629,320,0,3
345,632,370,3,0
345,634,370,3,0
345,637,370,3,0
345,638,370,3,0
345,639,320,0,3
345,641,320,0,3
345,643,320,0,3
345,647,320,0,3
345,650,370,3,0
345,651,320,0,3
345,652,320,0,3
345,653,370,3,0
345,654,370,3,0
345,657,370,3,0
345,658,370,3,0
345,659,370,3,0
345,660,370,3,0
345,661,320,0,3
345,662,320,0,3
345,663,370,3,0
345,665,370,3,0
345,666,320,0,3
345,668,320,0,3
345,670,320,0,3
345,671,320,0,3
345,675,370,3,0
345,677,370,3,0
345,678,320,0,3
345,681,320,0,3
345,682,320,0,3
345,683,320,0,3
345,684,320,0,3
345,687,320,0,3
345,688,320,0,3
345,690,320,0,3
345,692,320,0,3
345,694,320,0,3
345,695,370,3,0
345,696,370,3,0
345,700,320,0,3
345,701,320,0,3
345,702,320,0,3
345,703,320,0,3
345,705,370,3,0
345,708,370,3,0
345,709,370,3,0
345,710,370,3,0
345,711,320,0,3
345,718,320,0,3
345,719,320,0,3
345,720,320,0,3
345,723,370,3,0
346,625,345,1,2
346,627,345,1,2
346,628,345,1,2
346,630,345,1,2
346,631,345,1,2
346,633,345,1,2
346,634,345,1,2
346,635,345,1,2
346,636,345,1,2
346,640,345,1,2
346,642,345,1,2
346,644,345,1,2
346,645,345,1,2
346,646,345,1,2
346,648,345,1,2
346,649,345,1,2
346,650,345,1,2
346,653,345,1,2
346,655,345,1,2
346,656,345,1,2
346,657,345,1,2
346,665,371,3,0
346,667,345,1,2
346,669,345,1,2
346,673,345,1,2
346,674,345,1,2
346,676,345,1,2
346,678,345,1,2
346,679,345,1,2
346,680,345,1,2
346,682,345,1,2
346,683,345,1,2
346,685,345,1,2
346,686,345,1,2
346,689,345,1,2
346,691,345,1,2
346,693,345,1,2
346,695,345,1,2
346,698,345,1,2
346,699,345,1,2
346,704,345,1,2
346,705,345,1,2
346,707,345,1,2
346,708,345,1,2
346,709,371,3,0
346,710,345,1,2
346,713,345,1,2
346,714,345,1,2
346,717,345,1,2
346,720,345,1,2
346,721,345,1,2
346,722,345,1,2
346,724,345,1,2
347,634,346,1,2
347,650,346,1,2
347,653,346,1,2
347,657,346,1,2
347,665,372,3,0
347,678,346,1,2
347,682,346,1,2
347,683,346,1,2
347,695,346,1,2
347,705,346,1,2
347,708,346,1,2
347,709,372,3,0
347,710,346,1,2
347,720,346,1,2
348,634,347,1,2
348,650,347,1,2
348,653,347,1,2
348,665,373,3,0
348,678,347,1,2
348,682,347,1,2
348,683,347,1,2
348,695,347,1,2
348,705,347,1,2
348,709,373,3,0
348,720,347,1,2
349,634,348,1,2
349,650,348,1,2
349,653,348,1,2
349,678,348,1,2
349,695,348,1,2
349,709,374,3,0
350,641,325,0,2
350,650,374,3,2
350,653,374,3,2
350,678,374,3,2
350,695,374,3,2
353,641,328,0,3
353,650,354,2,1
353,653,354,2,1
353,678,354,2,1
353,695,354,2,1
354,650,355,2,1
354,653,355,2,1
354,678,355,2,1
354,695,355,2,1
354,709,709,88,0
355,634,356,2,1
355,650,356,2,1
355,653,356,2,1
355,678,356,2,1
355,682,356,2,1
355,683,356,2,1
355,695,356,2,1
355,705,356,2,1
355,709,354,1,2
355,720,356,2,1
356,634,357,2,1
356,650,357,2,1
356,653,357,2,1
356,657,357,2,1
356,665,381,3,0
356,678,357,2,1
356,682,357,2,1
356,683,357,2,1
356,695,357,2,1
356,705,357,2,1
356,708,357,2,1
356,709,355,1,2
356,710,357,2,1
356,720,357,2,1
357,634,358,2,1
357,650,358,2,1
357,653,358,2,1
357,657,358,2,1
357,665,382,3,0
357,678,358,2,1
357,682,358,2,1
357,683,358,2,1
357,695,358,2,1
357,705,358,2,1
357,708,358,2,1
357,709,356,1,2
357,710,358,2,1
357,720,358,2,1
358,634,383,3,0
358,650,383,3,0
358,653,383,3,0
358,665,383,3,0
358,678,333,0,3
358,682,383,3,0
358,683,333,0,3
358,695,383,3,0
358,705,383,3,0
358,708,383,3,0
358,709,357,1,2
359,634,384,3,0
359,650,384,3,0
359,653,384,3,0
359,657,384,3,0
359,665,358,1,2
359,678,334,0,3
359,682,384,3,0
359,683,334,0,3
359,695,384,3,0
359,705,384,3,0
359,708,384,3,0
359,710,384,3,0
359,720,334,0,3
360,634,385,3,0
360,650,385,3,0
360,653,385,3,0
360,657,385,3,0
360,665,359,1,2
360,678,335,0,3
360,682,385,3,0
360,683,335,0,3
360,695,385,3,0
360,705,385,3,0
360,708,385,3,0
360,710,385,3,0
360,720,335,0,3
361,634,386,3,0
361,650,386,3,0
361,653,386,3,0
361,678,336,0,3
361,682,386,3,0
361,683,336,0,3
361,695,386,3,0
361,705,386,3,0
361,720,336,0,3
362,650,387,3,0
362,653,387,3,0
362,678,337,0,3
362,695,387,3,0
363,650,388,3,0
363,653,388,3,0
363,678,338,0,3
363,695,388,3,0
366,641,367,2,1
366,650,391,3,0
366,653,391,3,0
366,678,341,0,3
366,695,391,3,0
367,634,392,3,0
367,650,392,3,0
367,653,392,3,0
367,678,342,0,3
367,695,392,3,0
367,709,368,2,1
368,634,393,3,0
368,650,393,3,0
368,653,393,3,0
368,665,369,2,1
368,678,343,0,3
368,682,393,3,0
368,683,343,0,3
368,695,393,3,0
368,705,393,3,0
368,720,343,0,3
369,634,394,3,0
369,650,394,3,0
369,653,394,3,0
369,657,394,3,0
369,665,370,2,1
369,678,344,0,3
369,682,394,3,0
369,683,344,0,3
369,695,394,3,0
369,705,394,3,0
369,708,394,3,0
369,710,394,3,0
369,720,344,0,3
370,629,345,0,3
370,632,395,3,0
370,634,395,3,0
370,637,395,3,0
370,638,395,3,0
370,639,345,0,3
370,641,345,0,3
370,643,345,0,3
370,647,345,0,3
370,650,395,3,0
370,651,345,0,3
370,652,345,0,3
370,653,395,3,0
370,654,395,3,0
370,657,395,3,0
370,658,395,3,0
370,659,395,3,0
370,660,395,3,0
370,661,345,0,3
370,662,345,0,3
370,663,395,3,0
370,665,395,3,0
370,666,345,0,3
370,668,345,0,3
370,670,345,0,3
370,671,345,0,3
370,675,395,3,0
370,678,345,0,3
370,681,345,0,3
370,682,395,3,0
370,683,345,0,3
370,684,395,3,0
370,687,345,0,3
370,688,345,0,3
370,690,345,0,3
370,692,345,0,3
370,694,345,0,3
370,695,395,3,0
370,696,395,3,0
370,697,345,0,3
370,700,395,3,0
370,701,345,0,3
370,702,345,0,3
370,703,345,0,3
370,705,395,3,0
370,708,395,3,0
370,710,395,3,0
370,711,345,0,3
370,715,345,0,3
370,718,345,0,3
370,719,345,0,3
370,720,345,0,3
370,723,395,3,0
371,625,370,1,2
371,627,370,1,2
371,628,370,1,2
371,630,370,1,2
371,631,370,1,2
371,633,370,1,2
371,634,370,1,2
371,635,370,1,2
371,636,370,1,2
371,640,370,1,2
371,642,370,1,2
371,644,370,1,2
371,645,370,1,2
371,646,370,1,2
371,648,370,1,2
371,649,370,1,2
371,650,370,1,2
371,653,370,1,2
371,655,370,1,2
371,656,370,1,2
371,657,370,1,2
371,665,396,3,0
371,667,370,1,2
371,669,370,1,2
371,673,370,1,2
371,674,370,1,2
371,676,370,1,2
371,678,370,1,2
371,679,370,1,2
371,682,370,1,2
371,683,370,1,2
371,685,370,1,2
371,686,370,1,2
371,689,370,1,2
371,691,370,1,2
371,693,370,1,2
371,695,370,1,2
371,698,370,1,2
371,699,370,1,2
371,704,370,1,2
371,705,370,1,2
371,707,370,1,2
371,708,370,1,2
371,709,372,2,1
371,710,370,1,2
371,713,370,1,2
371,714,370,1,2
371,717,370,1,2
371,720,370,1,2
371,721,370,1,2
371,722,370,1,2
371,724,370,1,2
372,634,371,1,2
372,650,371,1,2
372,653,371,1,2
372,657,371,1,2
372,665,397,3,0
372,678,371,1,2
372,682,371,1,2
372,683,371,1,2
372,695,371,1,2
372,705,371,1,2
372,708,371,1,2
372,709,373,2,1
372,710,371,1,2
372,720,371,1,2
373,634,372,1,2
373,650,372,1,2
373,653,372,1,2
373,665,398,3,0
373,678,372,1,2
373,682,372,1,2
373,683,372,1,2
373,695,372,1,2
373,705,372,1,2
373,709,374,2,1
373,720,372,1,2
374,634,373,1,2
374,650,373,1,2
374,653,373,1,2
374,678,373,1,2
374,695,373,1,2
375,641,400,2,0
375,650,399,3,2
375,653,399,3,2
375,678,399,3,2
375,695,399,3,2
378,641,403,3,0
378,650,379,2,1
378,653,379,2,1
378,678,379,2,1
378,695,379,2,1
379,650,380,2,1
379,653,380,2,1
379,678,380,2,1
379,695,380,2,1
379,709,354,0,3
380,634,381,2,1
380,650,381,2,1
380,653,381,2,1
380,678,381,2,1
380,682,381,2,1
380,683,381,2,1
380,695,381,2,1
380,705,381,2,1
380,720,381,2,1
381,634,382,2,1
381,650,382,2,1
381,653,382,2,1
381,657,382,2,1
381,665,406,3,0
381,678,382,2,1
381,682,382,2,1
381,683,382,2,1
381,695,382,2,1
381,705,382,2,1
381,708,382,2,1
381,710,382,2,1
381,720,382,2,1
382,634,383,2,1
382,650,383,2,1
382,653,383,2,1
382,657,383,2,1
382,665,407,3,0
382,678,383,2,1
382,682,383,2,1
382,683,383,2,1
382,695,383,2,1
382,705,383,2,1
382,708,383,2,1
382,710,383,2,1
382,720,383,2,1
383,634,408,3,0
383,653,408,3,0
383,665,408,3,0
383,678,358,0,3
383,682,408,3,0
383,695,408,3,0
383,705,408,3,0
383,708,408,3,0
384,634,409,3,0
384,650,409,3,0
384,653,409,3,0
384,657,409,3,0
384,665,383,1,2
384,678,359,0,3
384,682,409,3,0
384,683,359,0,3
384,695,409,3,0
384,705,409,3,0
384,708,409,3,0
384,710,409,3,0
384,720,359,0,3
385,634,410,3,0
385,650,410,3,0
385,653,410,3,0
385,657,410,3,0
385,665,384,1,2
385,678,360,0,3
385,682,410,3,0
385,683,360,0,3
385,695,410,3,0
385,705,410,3,0
385,708,410,3,0
385,710,410,3,0
385,720,360,0,3
386,634,411,3,0
386,650,411,3,0
386,653,411,3,0
386,678,361,0,3
386,682,411,3,0
386,683,361,0,3
386,695,411,3,0
386,705,411,3,0
386,720,361,0,3
387,650,412,3,0
387,653,412,3,0
387,678,362,0,3
387,695,412,3,0
388,650,413,3,0
388,653,413,3,0
388,678,363,0,3
388,695,413,3,0
391,641,392,2,1
391,650,416,3,0
391,653,416,3,0
391,678,366,0,3
391,695,416,3,0
392,634,417,3,0
392,650,417,3,0
392,653,417,3,0
392,678,367,0,3
392,695,417,3,0
392,709,393,2,1
393,634,418,3,0
393,650,418,3,0
393,653,418,3,0
393,665,394,2,1
393,678,368,0,3
393,682,418,3,0
393,683,368,0,3
393,695,418,3,0
393,705,418,3,0
393,720,368,0,3
394,634,419,3,0
394,650,419,3,0
394,653,419,3,0
394,657,419,3,0
394,665,395,2,1
394,678,369,0,3
394,682,419,3,0
394,683,369,0,3
394,695,419,3,0
394,705,419,3,0
394,708,419,3,0
394,710,419,3,0
394,720,369,0,3
395,626,370,0,3
395,629,370,0,3
395,632,420,3,0
395,634,420,3,0
395,638,420,3,0
395,639,370,0,3
395,641,420,3,0
395,643,370,0,3
395,647,370,0,3
395,650,420,3,0
395,651,370,0,3
395,652,370,0,3
395,653,420,3,0
395,654,420,3,0
395,657,420,3,0
395,658,420,3,0
395,659,420,3,0
395,660,420,3,0
395,661,370,0,3
395,662,370,0,3
395,663,420,3,0
395,665,420,3,0
395,666,370,0,3
395,668,370,0,3
395,670,370,0,3
395,671,370,0,3
395,677,370,0,3
395,678,370,0,3
395,681,370,0,3
395,682,420,3,0
395,683,370,0,3
395,684,420,3,0
395,687,370,0,3
395,688,370,0,3
395,690,370,0,3
395,692,370,0,3
395,694,370,0,3
395,695,420,3,0
395,696,420,3,0
395,697,370,0,3
395,700,420,3,0
395,701,370,0,3
395,702,370,0,3
395,703,370,0,3
395,705,420,3,0
395,708,420,3,0
395,709,370,0,3
395,710,420,3,0
395,711,370,0,3
395,715,370,0,3
395,718,370,0,3
395,719,370,0,3
395,720,370,0,3
396,627,395,1,2
396,628,395,1,2
396,630,395,1,2
396,633,395,1,2
396,634,395,1,2
396,635,395,1,2
396,636,395,1,2
396,640,395,1,2
396,642,395,1,2
396,644,395,1,2
396,645,395,1,2
396,646,395,1,2
396,648,395,1,2
396,649,395,1,2
396,650,395,1,2
396,653,395,1,2
396,655,395,1,2
396,657,395,1,2
396,665,421,3,0
396,667,395,1,2
396,669,395,1,2
396,673,395,1,2
396,674,395,1,2
396,676,395,1,2
396,678,395,1,2
396,679,395,1,2
396,680,395,1,2
396,682,395,1,2
396,683,395,1,2
396,685,395,1,2
396,686,395,1,2
396,689,395,1,2
396,691,395,1,2
396,693,395,1,2
396,695,395,1,2
396,698,395,1,2
396,699,395,1,2
396,704,395,1,2
396,705,395,1,2
396,708,395,1,2
396,710,395,1,2
396,713,395,1,2
396,714,395,1,2
396,717,395,1,2
396,720,395,1,2
396,721,395,1,2
396,722,395,1,2
396,724,395,1,2
397,634,396,1,2
397,650,396,1,2
397,653,396,1,2
397,657,396,1,2
397,665,422,3,0
397,678,396,1,2
397,682,396,1,2
397,683,396,1,2
397,695,396,1,2
397,705,396,1,2
397,708,396,1,2
397,710,396,1,2
397,720,396,1,2
398,634,397,1,2
398,650,397,1,2
398,653,397,1,2
398,665,423,3,0
398,678,397,1,2
398,682,397,1,2
398,683,397,1,2
398,695,397,1,2
398,705,397,1,2
398,720,397,1,2
399,634,398,1,2
399,650,398,1,2
399,653,398,1,2
399,678,398,1,2
399,695,398,1,2
399,709,374,0,3
400,641,425,2,0
400,650,424,3,2
400,653,424,3,2
400,678,424,3,2
400,695,424,3,2
403,641,428,3,0
403,650,404,2,1
403,653,404,2,1
403,678,404,2,1
403,695,404,2,1
404,650,405,2,1
404,653,405,2,1
404,678,405,2,1
404,695,405,2,1
404,709,379,0,3
405,634,406,2,1
405,650,406,2,1
405,653,406,2,1
405,678,406,2,1
405,682,406,2,1
405,683,406,2,1
405,695,406,2,1
405,705,406,2,1
405,720,406,2,1
406,634,407,2,1
406,650,407,2,1
406,653,407,2,1
406,657,407,2,1
406,665,431,3,0
406,678,407,2,1
406,682,407,2,1
406,683,407,2,1
406,695,407,2,1
406,705,407,2,1
406,708,407,2,1
406,710,407,2,1
406,720,407,2,1
407,634,408,2,1
407,650,408,2,1
407,653,408,2,1
407,657,408,2,1
407,665,432,3,0
407,678,408,2,1
407,682,408,2,1
407,683,408,2,1
407,695,408,2,1
407,705,408,2,1
407,708,408,2,1
407,710,408,2,1
407,720,408,2,1
408,634,433,3,0
408,650,409,2,1
408,653,433,3,0
408,665,433,3,0
408,678,383,0,3
408,682,433,3,0
408,695,433,3,0
408,705,433,3,0
408,708,433,3,0
408,710,409,2,1
408,720,433,3,0
409,634,434,3,0
409,650,410,2,1
409,653,434,3,0
409,657,434,3,0
409,665,408,1,2
409,678,384,0,3
409,682,434,3,0
409,683,384,0,3
409,695,434,3,0
409,705,434,3,0
409,708,434,3,0
409,710,410,2,1
409,720,434,3,0
410,634,435,3,0
410,650,411,2,1
410,653,435,3,0
410,657,435,3,0
410,665,409,1,2
410,678,385,0,3
410,682,435,3,0
410,683,385,0,3
410,695,435,3,0
410,705,435,3,0
410,708,435,3,0
410,710,710,89,0
410,720,435,3,0
411,634,436,3,0
411,650,412,2,1
411,653,436,3,0
411,678,386,0,3
411,682,436,3,0
411,683,386,0,3
411,695,436,3,0
411,705,436,3,0
411,720,436,3,0
412,650,413,2,1
412,653,437,3,0
412,678,387,0,3
412,695,437,3,0
413,650,650,29,0
413,653,438,3,0
413,678,388,0,3
413,695,438,3,0
416,641,417,2,1
416,650,415,1,2
416,653,441,3,0
416,678,391,0,3
416,695,441,3,0
417,634,442,3,0
417,650,416,1,2
417,653,442,3,0
417,678,392,0,3
417,695,442,3,0
417,709,418,2,1
418,634,443,3,0
418,650,417,1,2
418,653,443,3,0
418,665,419,2,1
418,678,393,0,3
418,682,443,3,0
418,683,393,0,3
418,695,443,3,0
418,705,443,3,0
418,720,443,3,0
419,634,444,3,0
419,650,418,1,2
419,653,444,3,0
419,657,444,3,0
419,665,420,2,1
419,678,394,0,3
419,682,444,3,0
419,683,394,0,3
419,695,444,3,0
419,705,444,3,0
419,708,444,3,0
419,710,418,1,2
419,720,444,3,0
420,626,395,0,3
420,629,395,0,3
420,632,445,3,0
420,634,445,3,0
420,637,395,0,3
420,638,445,3,0
420,639,395,0,3
420,641,445,3,0
420,643,395,0,3
420,647,395,0,3
420,650,419,1,2
420,651,395,0,3
420,652,395,0,3
420,653,445,3,0
420,654,445,3,0
420,657,445,3,0
420,658,445,3,0
420,660,445,3,0
420,661,395,0,3
420,662,395,0,3
420,663,445,3,0
420,665,445,3,0
420,666,395,0,3
420,668,395,0,3
420,670,395,0,3
420,671,395,0,3
420,675,395,0,3
420,677,395,0,3
420,678,395,0,3
420,681,395,0,3
420,682,445,3,0
420,683,395,0,3
420,684,445,3,0
420,687,395,0,3
420,688,395,0,3
420,690,445,3,0
420,692,395,0,3
420,694,395,0,3
420,695,445,3,0
420,696,445,3,0
420,697,395,0,3
420,700,445,3,0
420,701,395,0,3
420,702,395,0,3
420,703,395,0,3
420,705,445,3,0
420,708,445,3,0
420,709,395,0,3
420,710,419,1,2
420,711,445,3,0
420,715,395,0,3
420,718,395,0,3
420,719,395,0,3
420,720,445,3,0
420,723,395,0,3
421,625,420,1,2
421,627,420,1,2
421,628,420,1,2
421,630,420,1,2
421,631,420,1,2
421,633,420,1,2
421,634,420,1,2
421,635,420,1,2
421,636,420,1,2
421,640,420,1,2
421,642,420,1,2
421,644,420,1,2
421,645,420,1,2
421,646,420,1,2
421,649,420,1,2
421,650,420,1,2
421,653,420,1,2
421,655,420,1,2
421,656,420,1,2
421,657,420,1,2
421,665,446,3,0
421,667,420,1,2
421,669,420,1,2
421,673,420,1,2
421,674,420,1,2
421,676,420,1,2
421,678,420,1,2
421,679,420,1,2
421,680,420,1,2
421,682,420,1,2
421,683,420,1,2
421,685,420,1,2
421,686,420,1,2
421,689,420,1,2
421,691,420,1,2
421,693,420,1,2
421,695,420,1,2
421,698,420,1,2
421,699,420,1,2
421,704,420,1,2
421,705,420,1,2
421,707,420,1,2
421,708,420,1,2
421,710,420,1,2
421,713,420,1,2
421,714,420,1,2
421,717,420,1,2
421,720,420,1,2
421,721,420,1,2
421,722,420,1,2
421,724,420,1,2
422,634,421,1,2
422,650,421,1,2
422,653,421,1,2
422,657,421,1,2
422,665,447,3,0
422,678,421,1,2
422,682,421,1,2
422,683,421,1,2
422,695,421,1,2
422,705,421,1,2
422,708,421,1,2
422,710,421,1,2
422,720,421,1,2
423,634,422,1,2
423,650,422,1,2
423,653,422,1,2
423,665,448,3,0
423,678,422,1,2
423,682,422,1,2
423,683,422,1,2
423,695,422,1,2
423,705,422,1,2
423,720,422,1,2
424,634,423,1,2
424,650,423,1,2
424,653,423,1,2
424,678,423,1,2
424,695,423,1,2
424,709,399,0,3
425,641,450,2,0
425,650,449,3,2
425,653,449,3,2
425,678,449,3,2
425,695,449,3,2
428,641,453,3,0
428,650,429,2,1
428,653,429,2,1
428,678,429,2,1
428,695,429,2,1
429,650,430,2,1
429,653,430,2,1
429,678,430,2,1
429,695,430,2,1
429,709,404,0,3
430,634,431,2,1
430,650,431,2,1
430,653,431,2,1
430,678,431,2,1
430,682,431,2,1
430,683,431,2,1
430,695,431,2,1
430,705,431,2,1
430,720,431,2,1
431,634,432,2,1
431,650,432,2,1
431,653,432,2,1
431,657,432,2,1
431,665,456,3,0
431,678,432,2,1
431,682,432,2,1
431,683,432,2,1
431,695,432,2,1
431,705,432,2,1
431,708,432,2,1
431,710,432,2,1
431,720,432,2,1
432,634,433,2,1
432,650,433,2,1
432,653,433,2,1
432,657,433,2,1
432,665,457,3,0
432,678,433,2,1
432,682,433,2,1
432,683,433,2,1
432,695,433,2,1
432,705,433,2,1
432,708,433,2,1
432,710,433,2,1
432,720,433,2,1
433,634,458,3,0
433,650,408,0,3
433,653,458,3,0
433,665,458,3,0
433,682,458,3,0
433,695,458,3,0
433,705,458,3,0
433,708,458,3,0
433,710,408,0,3
433,720,458,3,0
434,634,459,3,0
434,650,409,0,3
434,653,459,3,0
434,657,459,3,0
434,665,433,1,2
434,678,409,0,3
434,682,459,3,0
434,683,409,0,3
434,695,459,3,0
434,705,459,3,0
434,708,459,3,0
434,710,409,0,3
434,720,459,3,0
435,634,460,3,0
435,650,410,0,3
435,653,460,3,0
435,657,460,3,0
435,665,434,1,2
435,678,410,0,3
435,682,460,3,0
435,683,410,0,3
435,695,460,3,0
435,705,460,3,0
435,708,460,3,0
435,710,410,0,3
435,720,460,3,0
436,634,461,3,0
436,650,411,0,3
436,653,461,3,0
436,678,411,0,3
436,682,461,3,0
436,683,411,0,3
436,695,461,3,0
436,705,461,3,0
436,720,461,3,0
437,650,412,0,3
437,653,462,3,0
437,678,412,0,3
437,695,462,3,0
438,650,413,0,3
438,653,463,3,0
438,678,413,0,3
438,695,463,3,0
441,641,442,2,1
441,650,416,0,3
441,653,466,3,0
441,678,416,0,3
441,695,466,3,0
442,634,467,3,0
442,650,417,0,3
442,653,467,3,0
442,678,417,0,3
442,695,467,3,0
442,709,443,2,1
443,634,468,3,0
443,650,418,0,3
443,653,468,3,0
443,665,444,2,1
443,678,418,0,3
443,682,468,3,0
443,683,418,0,3
443,695,468,3,0
443,705,468,3,0
443,720,468,3,0
444,634,469,3,0
444,650,419,0,3
444,653,469,3,0
444,657,469,3,0
444,665,445,2,1
444,678,419,0,3
444,682,469,3,0
444,683,419,0,3
444,695,469,3,0
444,705,469,3,0
444,708,469,3,0
444,710,419,0,3
444,720,469,3,0
445,626,420,0,3
445,629,420,0,3
445,632,470,3,0
445,634,470,3,0
445,637,420,0,3
445,638,470,3,0
445,639,420,0,3
445,641,470,3,0
445,643,420,0,3
445,647,420,0,3
445,650,420,0,3
445,651,420,0,3
445,652,420,0,3
445,653,470,3,0
445,654,470,3,0
445,657,470,3,0
445,658,470,3,0
445,659,420,0,3
445,660,470,3,0
445,661,420,0,3
445,662,420,0,3
445,663,470,3,0
445,665,470,3,0
445,666,420,0,3
445,668,420,0,3
445,670,420,0,3
445,671,420,0,3
445,675,420,0,3
445,677,420,0,3
445,678,420,0,3
445,681,420,0,3
445,682,470,3,0
445,683,420,0,3
445,684,470,3,0
445,687,420,0,3
445,688,420,0,3
445,690,470,3,0
445,692,420,0,3
445,694,420,0,3
445,695,470,3,0
445,696,470,3,0
445,697,420,0,3
445,700,470,3,0
445,701,470,3,0
445,702,420,0,3
445,703,420,0,3
445,705,470,3,0
445,708,470,3,0
445,709,420,0,3
445,710,420,0,3
445,711,470,3,0
445,715,420,0,3
445,718,420,0,3
445,719,420,0,3
445,720,470,3,0
445,723,420,0,3
446,625,445,1,2
446,627,445,1,2
446,628,445,1,2
446,630,445,1,2
446,631,445,1,2
446,633,445,1,2
446,634,445,1,2
446,635,445,1,2
446,636,445,1,2
446,640,445,1,2
446,644,445,1,2
446,645,445,1,2
446,646,445,1,2
446,648,445,1,2
446,649,445,1,2
446,650,445,1,2
446,653,445,1,2
446,655,445,1,2
446,656,445,1,2
446,657,445,1,2
446,665,471,3,0
446,667,445,1,2
446,669,445,1,2
446,673,445,1,2
446,674,445,1,2
446,676,445,1,2
446,678,445,1,2
446,679,445,1,2
446,680,445,1,2
446,682,445,1,2
446,683,445,1,2
446,685,445,1,2
446,686,445,1,2
446,689,445,1,2
446,691,445,1,2
446,693,445,1,2
446,695,445,1,2
446,698,445,1,2
446,699,445,1,2
446,704,445,1,2
446,705,445,1,2
446,707,445,1,2
446,708,445,1,2
446,710,445,1,2
446,713,445,1,2
446,714,445,1,2
446,717,445,1,2
446,720,445,1,2
446,721,445,1,2
446,722,445,1,2
446,724,445,1,2
447,634,446,1,2
447,650,446,1,2
447,653,446,1,2
447,657,446,1,2
447,665,472,3,0
447,678,446,1,2
447,682,446,1,2
447,683,446,1,2
447,695,446,1,2
447,705,446,1,2
447,708,446,1,2
447,710,446,1,2
447,720,446,1,2
448,634,447,1,2
448,650,447,1,2
448,653,447,1,2
448,665,473,3,0
448,678,447,1,2
448,682,447,1,2
448,683,447,1,2
448,695,447,1,2
448,705,447,1,2
448,720,447,1,2
449,634,448,1,2
449,650,448,1,2
449,653,448,1,2
449,678,448,1,2
449,695,448,1,2
449,709,424,0,3
450,641,475,2,0
450,650,474,3,2
450,653,474,3,2
450,678,474,3,2
450,695,474,3,2
453,641,478,3,0
453,650,454,2,1
453,653,454,2,1
453,678,454,2,1
453,695,454,2,1
454,650,455,2,1
454,653,455,2,1
454,678,455,2,1
454,695,455,2,1
454,709,429,0,3
455,634,456,2,1
455,650,456,2,1
455,653,456,2,1
455,678,456,2,1
455,682,456,2,1
455,683,456,2,1
455,695,456,2,1
455,705,456,2,1
455,720,456,2,1
456,634,457,2,1
456,650,457,2,1
456,653,457,2,1
456,657,457,2,1
456,665,481,3,0
456,678,457,2,1
456,682,457,2,1
456,683,457,2,1
456,695,457,2,1
456,705,457,2,1
456,708,457,2,1
456,710,457,2,1
456,720,457,2,1
457,634,458,2,1
457,650,458,2,1
457,653,458,2,1
457,657,458,2,1
457,665,482,3,0
457,678,458,2,1
457,682,458,2,1
457,683,458,2,1
457,695,458,2,1
457,705,458,2,1
457,708,458,2,1
457,710,458,2,1
457,720,458,2,1
458,634,483,3,0
458,650,433,0,3
458,653,483,3,0
458,657,459,2,1
458,678,483,3,0
458,682,483,3,0
458,695,483,3,0
458,705,483,3,0
458,708,483,3,0
458,710,433,0,3
458,720,483,3,0
459,634,484,3,0
459,650,434,0,3
459,653,484,3,0
459,657,460,2,1
459,665,458,1,2
459,678,484,3,0
459,682,484,3,0
459,683,434,0,3
459,695,484,3,0
459,705,484,3,0
459,708,484,3,0
459,710,434,0,3
459,720,484,3,0
460,634,485,3,0
460,650,435,0,3
460,653,485,3,0
460,657,657,36,0
460,665,459,1,2
460,678,485,3,0
460,682,485,3,0
460,683,435,0,3
460,695,485,3,0
460,705,485,3,0
460,708,485,3,0
460,710,435,0,3
460,720,485,3,0
461,634,486,3,0
461,650,436,0,3
461,653,486,3,0
461,678,486,3,0
461,682,486,3,0
461,683,436,0,3
461,695,486,3,0
461,705,486,3,0
461,720,486,3,0
462,650,437,0,3
462,653,487,3,0
462,678,487,3,0
462,695,487,3,0
463,650,438,0,3
463,653,488,3,0
463,678,488,3,0
463,695,488,3,0
466,641,467,2,1
466,650,441,0,3
466,653,491,3,0
466,678,491,3,0
466,695,491,3,0
467,634,492,3,0
467,650,442,0,3
467,653,492,3,0
467,678,492,3,0
467,695,492,3,0
467,709,468,2,1
468,634,493,3,0
468,650,443,0,3
468,653,493,3,0
468,665,469,2,1
468,678,493,3,0
468,682,493,3,0
468,683,443,0,3
468,695,493,3,0
468,705,493,3,0
468,720,493,3,0
469,634,494,3,0
469,650,444,0,3
469,653,494,3,0
469,657,468,1,2
469,665,470,2,1
469,678,494,3,0
469,682,494,3,0
469,683,444,0,3
469,695,494,3,0
469,705,494,3,0
469,708,494,3,0
469,710,444,0,3
469,720,494,3,0
470,626,445,0,3
470,629,495,3,0
470,632,495,3,0
470,634,495,3,0
470,637,445,0,3
470,638,495,3,0
470,639,445,0,3
470,641,495,3,0
470,643,445,0,3
470,647,445,0,3
470,650,445,0,3
470,651,495,3,0
470,652,445,0,3
470,653,495,3,0
470,657,469,1,2
470,658,495,3,0
470,659,445,0,3
470,660,495,3,0
470,661,445,0,3
470,662,495,3,0
470,663,495,3,0
470,666,445,0,3
470,668,445,0,3
470,670,445,0,3
470,671,445,0,3
470,675,445,0,3
470,677,445,0,3
470,678,495,3,0
470,681,445,0,3
470,682,495,3,0
470,683,445,0,3
470,684,495,3,0
470,687,445,0,3
470,688,495,3,0
470,690,495,3,0
470,692,495,3,0
470,694,445,0,3
470,695,495,3,0
470,696,495,3,0
470,697,445,0,3
470,700,495,3,0
470,701,495,3,0
470,702,445,0,3
470,703,495,3,0
470,705,495,3,0
470,708,495,3,0
470,709,445,0,3
470,710,445,0,3
470,711,495,3,0
470,715,445,0,3
470,718,445,0,3
470,719,445,0,3
470,720,495,3,0
470,723,445,0,3
471,625,470,1,2
471,628,470,1,2
471,630,470,1,2
471,631,470,1,2
471,633,470,1,2
471,634,470,1,2
471,635,470,1,2
471,636,470,1,2
471,640,470,1,2
471,642,470,1,2
471,644,470,1,2
471,645,470,1,2
471,646,470,1,2
471,648,470,1,2
471,649,470,1,2
471,650,470,1,2
471,653,470,1,2
471,655,470,1,2
471,656,470,1,2
471,657,470,1,2
471,667,470,1,2
471,669,470,1,2
471,673,470,1,2
471,674,470,1,2
471,676,470,1,2
471,678,470,1,2
471,679,470,1,2
471,680,470,1,2
471,682,470,1,2
471,683,470,1,2
471,685,470,1,2
471,686,470,1,2
471,689,470,1,2
471,691,470,1,2
471,693,470,1,2
471,695,470,1,2
471,698,470,1,2
471,699,470,1,2
471,704,470,1,2
471,705,470,1,2
471,707,470,1,2
471,708,470,1,2
471,710,470,1,2
471,713,470,1,2
471,714,470,1,2
471,717,470,1,2
471,720,470,1,2
471,721,470,1,2
471,722,470,1,2
471,724,470,1,2
472,634,471,1,2
472,650,471,1,2
472,653,471,1,2
472,657,471,1,2
472,665,497,3,0
472,678,471,1,2
472,682,471,1,2
472,683,471,1,2
472,695,471,1,2
472,705,471,1,2
472,708,471,1,2
472,710,471,1,2
472,720,471,1,2
473,634,472,1,2
473,650,472,1,2
473,653,472,1,2
473,665,498,3,0
473,678,472,1,2
473,682,472,1,2
473,683,472,1,2
473,695,472,1,2
473,705,472,1,2
473,720,472,1,2
474,634,473,1,2
474,650,473,1,2
474,653,473,1,2
474,678,473,1,2
474,695,473,1,2
474,709,449,0,3
475,641,500,2,0
475,650,499,3,2
475,653,499,3,2
475,678,499,3,2
475,695,499,3,2
478,641,503,3,0
478,650,479,2,1
478,653,479,2,1
478,678,479,2,1
478,695,479,2,1
479,650,480,2,1
479,653,480,2,1
479,678,480,2,1
479,695,480,2,1
479,709,454,0,3
480,634,481,2,1
480,650,481,2,1
480,653,481,2,1
480,678,481,2,1
480,682,481,2,1
480,683,481,2,1
480,695,481,2,1
480,705,481,2,1
480,720,481,2,1
481,634,482,2,1
481,650,482,2,1
481,653,482,2,1
481,657,482,2,1
481,665,506,3,0
481,678,482,2,1
481,682,482,2,1
481,683,482,2,1
481,695,482,2,1
481,705,482,2,1
481,708,482,2,1
481,710,482,2,1
481,720,482,2,1
482,634,483,2,1
482,650,483,2,1
482,653,483,2,1
482,657,483,2,1
482,665,507,3,0
482,678,483,2,1
482,682,483,2,1
482,683,483,2,1
482,695,483,2,1
482,705,483,2,1
482,708,483,2,1
482,710,483,2,1
482,720,483,2,1
483,634,508,3,0
483,650,458,0,3
483,657,458,0,3
483,678,508,3,0
483,682,508,3,0
483,683,508,3,0
483,695,508,3,0
483,705,508,3,0
483,710,458,0,3
483,720,508,3,0
484,634,509,3,0
484,650,459,0,3
484,653,509,3,0
484,657,459,0,3
484,665,483,1,2
484,678,509,3,0
484,682,509,3,0
484,683,509,3,0
484,695,509,3,0
484,705,509,3,0
484,708,509,3,0
484,710,459,0,3
484,720,509,3,0
485,634,510,3,0
485,650,460,0,3
485,653,510,3,0
485,657,460,0,3
485,665,484,1,2
485,678,510,3,0
485,682,510,3,0
485,683,510,3,0
485,695,510,3,0
485,705,510,3,0
485,708,510,3,0
485,710,460,0,3
485,720,510,3,0
486,634,511,3,0
486,650,461,0,3
486,653,511,3,0
486,678,511,3,0
486,682,511,3,0
486,683,511,3,0
486,695,511,3,0
486,705,511,3,0
486,720,511,3,0
487,650,462,0,3
487,653,512,3,0
487,678,512,3,0
487,695,512,3,0
488,650,463,0,3
488,653,513,3,0
488,678,513,3,0
488,695,513,3,0
491,641,492,2,1
491,650,466,0,3
491,653,516,3,0
491,678,516,3,0
491,695,516,3,0
492,634,517,3,0
492,650,467,0,3
492,653,517,3,0
492,678,517,3,0
492,695,517,3,0
492,709,493,2,1
493,634,518,3,0
493,650,468,0,3
493,653,518,3,0
493,665,494,2,1
493,678,518,3,0
493,682,518,3,0
493,683,518,3,0
493,695,518,3,0
493,705,518,3,0
493,720,518,3,0
494,634,519,3,0
494,650,469,0,3
494,653,519,3,0
494,657,469,0,3
494,665,495,2,1
494,678,519,3,0
494,682,519,3,0
494,683,519,3,0
494,695,519,3,0
494,705,519,3,0
494,708,519,3,0
494,710,469,0,3
494,720,519,3,0
495,626,470,0,3
495,629,520,3,0
495,632,520,3,0
495,634,520,3,0
495,637,470,0,3
495,638,520,3,0
495,639,520,3,0
495,641,520,3,0
495,643,470,0,3
495,647,470,0,3
495,650,470,0,3
495,651,520,3,0
495,652,470,0,3
495,653,520,3,0
495,654,470,0,3
495,657,470,0,3
495,658,520,3,0
495,659,470,0,3
495,660,520,3,0
495,661,470,0,3
495,662,520,3,0
495,663,520,3,0
495,666,470,0,3
495,668,520,3,0
495,670,470,0,3
495,671,470,0,3
495,675,470,0,3
495,677,470,0,3
495,678,520,3,0
495,681,470,0,3
495,682,520,3,0
495,683,520,3,0
495,684,520,3,0
495,687,520,3,0
495,688,520,3,0
495,690,520,3,0
495,692,520,3,0
495,694,520,3,0
495,695,520,3,0
495,696,520,3,0
495,697,470,0,3
495,700,520,3,0
495,701,520,3,0
495,702,470,0,3
495,703,520,3,0
495,705,520,3,0
495,708,520,3,0
495,709,470,0,3
495,710,470,0,3
495,711,520,3,0
495,715,470,0,3
495,718,470,0,3
495,719,470,0,3
495,720,520,3,0
495,723,470,0,3
496,625,495,1,2
496,627,495,1,2
496,628,495,1,2
496,630,495,1,2
496,631,495,1,2
496,633,495,1,2
496,634,495,1,2
496,635,495,1,2
496,636,495,1,2
496,640,495,1,2
496,642,495,1,2
496,644,495,1,2
496,645,495,1,2
496,646,495,1,2
496,648,495,1,2
496,649,495,1,2
496,650,495,1,2
496,653,495,1,2
496,655,495,1,2
496,656,495,1,2
496,657,495,1,2
496,667,495,1,2
496,669,495,1,2
496,673,495,1,2
496,674,495,1,2
496,676,495,1,2
496,678,495,1,2
496,680,495,1,2
496,682,495,1,2
496,683,495,1,2
496,685,495,1,2
496,686,495,1,2
496,689,495,1,2
496,691,495,1,2
496,693,495,1,2
496,695,495,1,2
496,698,495,1,2
496,699,495,1,2
496,704,495,1,2
496,705,495,1,2
496,707,495,1,2
496,708,495,1,2
496,710,495,1,2
496,713,495,1,2
496,714,495,1,2
496,717,495,1,2
496,720,495,1,2
496,721,495,1,2
496,722,495,1,2
496,724,495,1,2
497,634,496,1,2
497,650,496,1,2
497,653,496,1,2
497,657,496,1,2
497,665,522,3,0
497,678,496,1,2
497,682,496,1,2
497,683,496,1,2
497,695,496,1,2
497,705,496,1,2
497,708,496,1,2
497,710,496,1,2
497,720,496,1,2
498,634,497,1,2
498,650,497,1,2
498,653,497,1,2
498,665,523,3,0
498,678,497,1,2
498,682,497,1,2
498,683,497,1,2
498,695,497,1,2
498,705,497,1,2
498,720,497,1,2
499,634,498,1,2
499,650,498,1,2
499,653,498,1,2
499,678,498,1,2
499,695,498,1,2
499,709,474,0,3
500,641,525,2,0
500,650,524,3,2
500,653,524,3,2
500,678,524,3,2
500,695,524,3,2
503,641,528,3,0
503,650,504,2,1
503,653,504,2,1
503,678,504,2,1
503,695,504,2,1
504,650,505,2,1
504,653,505,2,1
504,678,505,2,1
504,695,505,2,1
504,709,479,0,3
505,634,506,2,1
505,650,506,2,1
505,653,506,2,1
505,678,506,2,1
505,682,506,2,1
505,683,506,2,1
505,695,506,2,1
505,705,506,2,1
505,720,506,2,1
506,634,507,2,1
506,650,507,2,1
506,653,507,2,1
506,657,507,2,1
506,665,531,3,0
506,678,507,2,1
506,682,507,2,1
506,683,507,2,1
506,695,507,2,1
506,705,507,2,1
506,708,507,2,1
506,710,507,2,1
506,720,507,2,1
507,634,508,2,1
507,650,508,2,1
507,653,508,2,1
507,657,508,2,1
507,665,532,3,0
507,678,508,2,1
507,682,508,2,1
507,683,508,2,1
507,695,508,2,1
507,705,508,2,1
507,708,508,2,1
507,710,508,2,1
507,720,508,2,1
508,634,509,2,1
508,650,483,0,3
508,653,509,2,1
508,657,483,0,3
508,678,533,3,0
508,682,533,3,0
508,683,533,3,0
508,695,533,3,0
508,705,533,3,0
508,710,483,0,3
508,720,533,3,0
509,634,510,2,1
509,650,484,0,3
509,653,510,2,1
509,657,484,0,3
509,665,508,1,2
509,678,534,3,0
509,682,534,3,0
509,683,534,3,0
509,695,534,3,0
509,705,534,3,0
509,708,534,3,0
509,710,484,0,3
509,720,534,3,0
510,634,511,2,1
510,650,485,0,3
510,653,511,2,1
510,657,485,0,3
510,665,509,1,2
510,678,535,3,0
510,682,535,3,0
510,683,535,3,0
510,695,535,3,0
510,705,535,3,0
510,708,535,3,0
510,710,485,0,3
510,720,535,3,0
511,634,512,2,1
511,650,486,0,3
511,653,512,2,1
511,678,536,3,0
511,682,536,3,0
511,683,536,3,0
511,695,536,3,0
511,705,536,3,0
511,720,536,3,0
512,650,487,0,3
512,653,513,2,1
512,678,537,3,0
512,695,537,3,0
513,650,488,0,3
513,653,653,32,0
513,678,538,3,0
513,695,538,3,0
516,641,517,2,1
516,650,491,0,3
516,653,515,1,2
516,678,541,3,0
516,695,541,3,0
517,634,634,13,0
517,650,492,0,3
517,653,516,1,2
517,678,542,3,0
517,695,542,3,0
517,709,518,2,1
518,634,517,1,2
518,650,493,0,3
518,653,517,1,2
518,665,519,2,1
518,678,543,3,0
518,682,543,3,0
518,683,543,3,0
518,695,543,3,0
518,705,543,3,0
518,720,543,3,0
519,634,518,1,2
519,650,494,0,3
519,653,518,1,2
519,657,494,0,3
519,665,520,2,1
519,678,544,3,0
519,682,544,3,0
519,683,544,3,0
519,695,544,3,0
519,705,544,3,0
519,708,544,3,0
519,710,494,0,3
519,720,544,3,0
520,626,495,0,3
520,629,545,3,0
520,632,545,3,0
520,634,519,1,2
520,637,495,0,3
520,639,545,3,0
520,641,545,3,0
520,643,495,0,3
520,647,495,0,3
520,650,495,0,3
520,651,545,3,0
520,652,495,0,3
520,653,519,1,2
520,654,495,0,3
520,657,495,0,3
520,658,545,3,0
520,659,495,0,3
520,660,545,3,0
520,661,495,0,3
520,662,545,3,0
520,663,545,3,0
520,666,495,0,3
520,668,545,3,0
520,670,495,0,3
520,671,495,0,3
520,675,495,0,3
520,677,495,0,3
520,678,545,3,0
520,681,495,0,3
520,682,545,3,0
520,683,545,3,0
520,684,545,3,0
520,687,545,3,0
520,688,545,3,0
520,690,545,3,0
520,692,545,3,0
520,694,545,3,0
520,695,545,3,0
520,696,545,3,0
520,697,495,0,3
520,700,545,3,0
520,701,545,3,0
520,702,495,0,3
520,703,545,3,0
520,705,545,3,0
520,708,545,3,0
520,709,495,0,3
520,710,495,0,3
520,711,545,3,0
520,715,495,0,3
520,718,495,0,3
520,719,495,0,3
520,720,545,3,0
520,723,495,0,3
521,625,520,1,2
521,627,520,1,2
521,628,520,1,2
521,630,520,1,2
521,631,520,1,2
521,633,520,1,2
521,634,520,1,2
521,635,520,1,2
521,636,520,1,2
521,640,520,1,2
521,642,520,1,2
521,644,520,1,2
521,645,520,1,2
521,646,520,1,2
521,648,520,1,2
521,649,520,1,2
521,650,520,1,2
521,653,520,1,2
521,655,520,1,2
521,656,520,1,2
521,657,520,1,2
521,667,520,1,2
521,669,520,1,2
521,673,520,1,2
521,674,520,1,2
521,676,520,1,2
521,678,520,1,2
521,679,520,1,2
521,680,520,1,2
521,682,520,1,2
521,683,520,1,2
521,685,520,1,2
521,686,520,1,2
521,689,520,1,2
521,691,520,1,2
521,693,520,1,2
521,695,520,1,2
521,698,520,1,2
521,699,520,1,2
521,704,520,1,2
521,705,520,1,2
521,707,520,1,2
521,708,520,1,2
521,710,520,1,2
521,713,520,1,2
521,714,520,1,2
521,717,520,1,2
521,720,520,1,2
521,721,520,1,2
521,722,520,1,2
521,724,520,1,2
522,634,521,1,2
522,650,521,1,2
522,653,521,1,2
522,657,521,1,2
522,665,547,3,0
522,678,521,1,2
522,682,521,1,2
522,683,521,1,2
522,695,521,1,2
522,705,521,1,2
522,708,521,1,2
522,710,521,1,2
522,720,521,1,2
523,634,522,1,2
523,650,522,1,2
523,653,522,1,2
523,665,548,3,0
523,678,522,1,2
523,682,522,1,2
523,683,522,1,2
523,695,522,1,2
523,705,522,1,2
523,720,522,1,2
524,634,523,1,2
524,650,523,1,2
524,653,523,1,2
524,678,523,1,2
524,695,523,1,2
524,709,499,0,3
525,641,550,2,0
525,650,549,3,2
525,653,549,3,2
525,678,549,3,2
525,695,549,3,2
528,641,553,3,0
528,650,529,2,1
528,653,529,2,1
528,678,529,2,1
528,695,529,2,1
529,650,530,2,1
529,653,530,2,1
529,678,530,2,1
529,695,530,2,1
529,709,504,0,3
530,634,531,2,1
530,650,531,2,1
530,653,531,2,1
530,678,531,2,1
530,682,531,2,1
530,683,531,2,1
530,695,531,2,1
530,705,531,2,1
530,720,531,2,1
531,634,532,2,1
531,650,532,2,1
531,653,532,2,1
531,657,532,2,1
531,665,556,3,0
531,678,532,2,1
531,682,532,2,1
531,683,532,2,1
531,695,532,2,1
531,705,532,2,1
531,708,532,2,1
531,710,532,2,1
531,720,532,2,1
532,634,533,2,1
532,650,533,2,1
532,653,533,2,1
532,657,533,2,1
532,665,557,3,0
532,678,533,2,1
532,682,533,2,1
532,683,533,2,1
532,695,533,2,1
532,705,533,2,1
532,708,533,2,1
532,710,533,2,1
532,720,533,2,1
533,650,508,0,3
533,653,508,0,3
533,657,508,0,3
533,678,558,3,0
533,682,558,3,0
533,683,558,3,0
533,695,558,3,0
533,710,508,0,3
533,720,558,3,0
534,634,509,0,3
534,650,509,0,3
534,653,509,0,3
534,657,509,0,3
534,665,533,1,2
534,678,559,3,0
534,682,559,3,0
534,683,559,3,0
534,695,559,3,0
534,705,559,3,0
534,708,559,3,0
534,710,509,0,3
534,720,559,3,0
535,634,510,0,3
535,650,510,0,3
535,653,510,0,3
535,657,510,0,3
535,665,534,1,2
535,678,560,3,0
535,682,560,3,0
535,683,560,3,0
535,695,560,3,0
535,705,560,3,0
535,708,560,3,0
535,710,510,0,3
535,720,560,3,0
536,634,511,0,3
536,650,511,0,3
536,653,511,0,3
536,678,561,3,0
536,682,561,3,0
536,683,561,3,0
536,695,561,3,0
536,705,561,3,0
536,720,561,3,0
537,650,512,0,3
537,653,512,0,3
537,678,562,3,0
537,695,562,3,0
538,650,513,0,3
538,653,513,0,3
538,678,563,3,0
538,695,563,3,0
541,641,542,2,1
541,650,516,0,3
541,653,516,0,3
541,678,566,3,0
541,695,566,3,0
542,634,517,0,3
542,650,517,0,3
542,653,517,0,3
542,678,567,3,0
542,695,567,3,0
542,709,543,2,1
543,634,518,0,3
543,650,518,0,3
543,653,518,0,3
543,665,544,2,1
543,678,568,3,0
543,682,568,3,0
543,683,568,3,0
543,695,568,3,0
543,705,568,3,0
543,720,568,3,0
544,634,519,0,3
544,650,519,0,3
544,653,519,0,3
544,657,519,0,3
544,665,545,2,1
544,678,569,3,0
544,682,569,3,0
544,683,569,3,0
544,695,569,3,0
544,705,569,3,0
544,708,569,3,0
544,710,519,0,3
544,720,569,3,0
545,626,520,0,3
545,629,570,3,0
545,634,520,0,3
545,637,520,0,3
545,638,520,0,3
545,639,570,3,0
545,641,570,3,0
545,643,570,3,0
545,647,520,0,3
545,650,520,0,3
545,651,570,3,0
545,652,520,0,3
545,653,520,0,3
545,654,520,0,3
545,657,520,0,3
545,658,570,3,0
545,659,520,0,3
545,660,570,3,0
545,661,570,3,0
545,662,570,3,0
545,663,570,3,0
545,666,520,0,3
545,668,570,3,0
545,670,520,0,3
545,671,520,0,3
545,675,520,0,3
545,677,520,0,3
545,678,570,3,0
545,681,520,0,3
545,682,570,3,0
545,683,570,3,0
545,684,570,3,0
545,687,570,3,0
545,688,570,3,0
545,690,570,3,0
545,692,570,3,0
545,694,570,3,0
545,695,570,3,0
545,696,570,3,0
545,697,520,0,3
545,700,570,3,0
545,701,570,3,0
545,702,570,3,0
545,703,570,3,0
545,705,570,3,0
545,708,570,3,0
545,709,520,0,3
545,710,520,0,3
545,711,570,3,0
545,715,520,0,3
545,718,520,0,3
545,719,520,0,3
545,720,570,3,0
545,723,520,0,3
546,625,545,1,2
546,627,545,1,2
546,628,545,1,2
546,631,545,1,2
546,633,545,1,2
546,634,545,1,2
546,635,545,1,2
546,636,545,1,2
546,640,545,1,2
546,642,545,1,2
546,644,545,1,2
546,645,545,1,2
546,646,545,1,2
546,648,545,1,2
546,649,545,1,2
546,650,545,1,2
546,653,545,1,2
546,655,545,1,2
546,656,545,1,2
546,657,545,1,2
546,667,545,1,2
546,669,545,1,2
546,673,545,1,2
546,674,545,1,2
546,676,545,1,2
546,678,545,1,2
546,679,545,1,2
546,680,545,1,2
546,682,545,1,2
546,683,545,1,2
546,685,545,1,2
546,686,545,1,2
546,689,545,1,2
546,693,545,1,2
546,695,545,1,2
546,698,545,1,2
546,699,545,1,2
546,704,545,1,2
546,705,545,1,2
546,707,545,1,2
546,708,545,1,2
546,710,545,1,2
546,713,545,1,2
546,714,545,1,2
546,717,545,1,2
546,720,545,1,2
546,721,545,1,2
546,722,545,1,2
546,724,545,1,2
547,634,546,1,2
547,650,546,1,2
547,653,546,1,2
547,657,546,1,2
547,665,572,3,0
547,678,546,1,2
547,682,546,1,2
547,683,546,1,2
547,695,546,1,2
547,705,546,1,2
547,708,546,1,2
547,710,546,1,2
547,720,546,1,2
548,634,547,1,2
548,650,547,1,2
548,653,547,1,2
548,665,573,3,0
548,678,547,1,2
548,682,547,1,2
548,683,547,1,2
548,695,547,1,2
548,705,547,1,2
548,720,547,1,2
549,634,548,1,2
549,650,548,1,2
549,653,548,1,2
549,678,548,1,2
549,695,548,1,2
549,709,524,0,3
550,641,575,2,0
550,650,574,3,2
550,653,574,3,2
550,678,574,3,2
550,695,574,3,2
553,641,578,3,0
553,650,554,2,1
553,653,554,2,1
553,678,554,2,1
553,695,554,2,1
554,650,555,2,1
554,653,555,2,1
554,678,555,2,1
554,695,555,2,1
554,709,529,0,3
555,634,556,2,1
555,650,556,2,1
555,653,556,2,1
555,678,556,2,1
555,682,556,2,1
555,683,556,2,1
555,695,556,2,1
555,705,556,2,1
555,720,556,2,1
556,634,557,2,1
556,650,557,2,1
556,653,557,2,1
556,657,557,2,1
556,665,581,3,0
556,678,557,2,1
556,682,557,2,1
556,683,557,2,1
556,695,557,2,1
556,705,557,2,1
556,708,557,2,1
556,710,557,2,1
556,720,557,2,1
557,634,558,2,1
557,650,558,2,1
557,653,558,2,1
557,657,558,2,1
557,665,582,3,0
557,678,558,2,1
557,682,558,2,1
557,683,558,2,1
557,695,558,2,1
557,705,558,2,1
557,708,558,2,1
557,710,558,2,1
557,720,558,2,1
558,650,533,0,3
558,653,533,0,3
558,657,533,0,3
558,678,583,3,0
558,683,583,3,0
558,710,533,0,3
558,720,583,3,0
559,634,534,0,3
559,650,534,0,3
559,653,534,0,3
559,657,534,0,3
559,665,558,1,2
559,678,584,3,0
559,682,584,3,0
559,683,584,3,0
559,695,584,3,0
559,705,584,3,0
559,708,584,3,0
559,710,534,0,3
559,720,584,3,0
560,634,535,0,3
560,650,535,0,3
560,653,535,0,3
560,657,535,0,3
560,665,559,1,2
560,678,585,3,0
560,682,585,3,0
560,683,585,3,0
560,695,585,3,0
560,705,585,3,0
560,708,585,3,0
560,710,535,0,3
560,720,585,3,0
561,634,536,0,3
561,650,536,0,3
561,653,536,0,3
561,678,586,3,0
561,682,586,3,0
561,683,586,3,0
561,695,586,3,0
561,705,586,3,0
561,720,586,3,0
562,650,537,0,3
562,653,537,0,3
562,678,587,3,0
562,695,587,3,0
563,650,538,0,3
563,653,538,0,3
563,678,588,3,0
563,695,588,3,0
566,641,567,2,1
566,650,541,0,3
566,653,541,0,3
566,678,591,3,0
566,695,591,3,0
567,634,542,0,3
567,650,542,0,3
567,653,542,0,3
567,678,592,3,0
567,695,592,3,0
567,709,568,2,1
568,634,543,0,3
568,650,543,0,3
568,653,543,0,3
568,665,569,2,1
568,678,593,3,0
568,682,593,3,0
568,683,593,3,0
568,695,593,3,0
568,705,593,3,0
568,720,593,3,0
569,634,544,0,3
569,650,544,0,3
569,653,544,0,3
569,657,544,0,3
569,665,570,2,1
569,678,594,3,0
569,682,594,3,0
569,683,594,3,0
569,695,594,3,0
569,705,594,3,0
569,708,594,3,0
569,710,544,0,3
569,720,594,3,0
570,626,545,0,3
570,629,595,3,0
570,632,545,0,3
570,634,545,0,3
570,637,545,0,3
570,638,545,0,3
570,639,595,3,0
570,641,595,3,0
570,643,595,3,0
570,647,545,0,3
570,650,545,0,3
570,651,595,3,0
570,652,545,0,3
570,653,545,0,3
570,654,545,0,3
570,657,545,0,3
570,659,545,0,3
570,660,595,3,0
570,661,595,3,0
570,662,595,3,0
570,663,595,3,0
570,666,545,0,3
570,668,595,3,0
570,670,545,0,3
570,671,545,0,3
570,675,545,0,3
570,677,545,0,3
570,678,595,3,0
570,681,545,0,3
570,682,595,3,0
570,683,595,3,0
570,684,595,3,0
570,687,595,3,0
570,688,595,3,0
570,690,595,3,0
570,692,595,3,0
570,694,595,3,0
570,695,595,3,0
570,696,595,3,0
570,697,545,0,3
570,700,595,3,0
570,701,595,3,0
570,702,595,3,0
570,703,595,3,0
570,705,595,3,0
570,708,595,3,0
570,709,545,0,3
570,710,545,0,3
570,711,595,3,0
570,715,545,0,3
570,718,545,0,3
570,719,545,0,3
570,720,595,3,0
570,723,545,0,3
571,625,570,1,2
571,627,570,1,2
571,628,570,1,2
571,630,570,1,2
571,631,570,1,2
571,633,570,1,2
571,634,570,1,2
571,636,570,1,2
571,640,570,1,2
571,642,570,1,2
571,644,570,1,2
571,645,570,1,2
571,646,570,1,2
571,648,570,1,2
571,649,570,1,2
571,650,570,1,2
571,653,570,1,2
571,655,570,1,2
571,656,570,1,2
571,657,570,1,2
571,667,570,1,2
571,669,570,1,2
571,673,570,1,2
571,674,570,1,2
571,676,570,1,2
571,678,570,1,2
571,679,570,1,2
571,680,570,1,2
571,682,570,1,2
571,683,570,1,2
571,685,570,1,2
571,686,570,1,2
571,689,570,1,2
571,691,570,1,2
571,693,570,1,2
571,695,570,1,2
571,698,570,1,2
571,699,570,1,2
571,704,570,1,2
571,705,570,1,2
571,707,570,1,2
571,708,570,1,2
571,710,570,1,2
571,713,570,1,2
571,714,570,1,2
571,717,570,1,2
571,720,570,1,2
571,721,570,1,2
571,722,570,1,2
571,724,570,1,2
572,634,571,1,2
572,650,571,1,2
572,653,571,1,2
572,657,571,1,2
572,665,597,3,0
572,678,571,1,2
572,682,571,1,2
572,683,571,1,2
572,695,571,1,2
572,705,571,1,2
572,708,571,1,2
572,710,571,1,2
572,720,571,1,2
573,634,572,1,2
573,650,572,1,2
573,653,572,1,2
573,665,598,3,0
573,678,572,1,2
573,682,572,1,2
573,683,572,1,2
573,695,572,1,2
573,705,572,1,2
573,720,572,1,2
574,634,573,1,2
574,650,573,1,2
574,653,573,1,2
574,678,573,1,2
574,695,573,1,2
574,709,549,0,3
575,641,600,2,0
575,650,599,3,2
575,653,599,3,2
575,678,599,3,2
575,695,599,3,2
578,641,603,3,0
578,650,579,2,1
578,653,579,2,1
578,678,579,2,1
578,695,579,2,1
579,650,580,2,1
579,653,580,2,1
579,678,580,2,1
579,695,580,2,1
579,709,554,0,3
580,634,581,2,1
580,650,581,2,1
580,653,581,2,1
580,678,581,2,1
580,682,581,2,1
580,683,581,2,1
580,695,581,2,1
580,705,581,2,1
580,720,581,2,1
581,634,582,2,1
581,650,582,2,1
581,653,582,2,1
581,657,582,2,1
581,665,580,1,2
581,678,582,2,1
581,682,582,2,1
581,683,582,2,1
581,695,582,2,1
581,705,582,2,1
581,708,582,2,1
581,710,582,2,1
581,720,582,2,1
582,634,583,2,1
582,650,583,2,1
582,653,583,2,1
582,657,583,2,1
582,665,581,1,2
582,678,583,2,1
582,682,583,2,1
582,683,583,2,1
582,695,583,2,1
582,705,583,2,1
582,708,583,2,1
582,710,583,2,1
582,720,583,2,1
583,650,558,0,3
583,653,558,0,3
583,657,558,0,3
583,665,582,1,2
583,678,608,3,0
583,683,608,3,0
583,695,584,2,1
583,720,608,3,0
584,634,559,0,3
584,650,559,0,3
584,653,559,0,3
584,657,559,0,3
584,665,583,1,2
584,678,609,3,0
584,682,609,3,0
584,683,609,3,0
584,695,585,2,1
584,705,609,3,0
584,708,609,3,0
584,710,559,0,3
584,720,609,3,0
585,634,560,0,3
585,650,560,0,3
585,653,560,0,3
585,657,560,0,3
585,665,584,1,2
585,678,610,3,0
585,682,610,3,0
585,683,610,3,0
585,695,586,2,1
585,705,610,3,0
585,708,610,3,0
585,710,560,0,3
585,720,610,3,0
586,634,561,0,3
586,650,561,0,3
586,653,561,0,3
586,678,611,3,0
586,682,611,3,0
586,683,611,3,0
586,695,587,2,1
586,705,611,3,0
586,720,611,3,0
587,650,562,0,3
587,653,562,0,3
587,678,612,3,0
587,695,588,2,1
588,650,563,0,3
588,653,563,0,3
588,678,613,3,0
588,695,695,74,0
591,641,592,2,1
591,650,566,0,3
591,653,566,0,3
591,678,616,3,0
591,695,590,1,2
592,634,567,0,3
592,650,567,0,3
592,653,567,0,3
592,678,617,3,0
592,695,591,1,2
592,709,593,2,1
593,634,568,0,3
593,650,568,0,3
593,653,568,0,3
593,665,594,2,1
593,678,618,3,0
593,682,618,3,0
593,683,618,3,0
593,695,592,1,2
593,705,618,3,0
593,720,618,3,0
594,634,569,0,3
594,650,569,0,3
594,653,569,0,3
594,657,569,0,3
594,665,595,2,1
594,678,619,3,0
594,682,619,3,0
594,683,619,3,0
594,695,593,1,2
594,705,619,3,0
594,708,619,3,0
594,710,569,0,3
594,720,619,3,0
595,626,570,0,3
595,629,620,3,0
595,632,570,0,3
595,634,570,0,3
595,637,570,0,3
595,638,570,0,3
595,639,620,3,0
595,641,620,3,0
595,643,620,3,0
595,647,570,0,3
595,650,570,0,3
595,651,620,3,0
595,652,570,0,3
595,653,570,0,3
595,654,570,0,3
595,657,570,0,3
595,658,570,0,3
595,659,570,0,3
595,660,620,3,0
595,661,620,3,0
595,662,620,3,0
595,665,596,2,1
595,666,570,0,3
595,668,620,3,0
595,670,620,3,0
595,671,620,3,0
595,675,570,0,3
595,677,570,0,3
595,678,620,3,0
595,681,570,0,3
595,682,620,3,0
595,683,620,3,0
595,684,620,3,0
595,687,620,3,0
595,688,620,3,0
595,690,620,3,0
595,692,620,3,0
595,694,620,3,0
595,695,594,1,2
595,696,620,3,0
595,697,570,0,3
595,700,620,3,0
595,701,620,3,0
595,702,620,3,0
595,703,620,3,0
595,705,620,3,0
595,708,620,3,0
595,709,570,0,3
595,710,570,0,3
595,711,620,3,0
595,715,570,0,3
595,718,570,0,3
595,719,620,3,0
595,720,620,3,0
595,723,570,0,3
596,625,595,1,2
596,627,595,1,2
596,628,595,1,2
596,630,595,1,2
596,631,595,1,2
596,633,595,1,2
596,634,595,1,2
596,635,595,1,2
596,636,595,1,2
596,640,595,1,2
596,642,595,1,2
596,644,595,1,2
596,645,595,1,2
596,646,595,1,2
596,648,595,1,2
596,649,595,1,2
596,650,595,1,2
596,653,595,1,2
596,655,595,1,2
596,656,595,1,2
596,657,595,1,2
596,665,597,2,1
596,667,595,1,2
596,669,595,1,2
596,673,595,1,2
596,674,595,1,2
596,678,595,1,2
596,679,595,1,2
596,680,595,1,2
596,682,595,1,2
596,683,595,1,2
596,685,595,1,2
596,686,595,1,2
596,691,595,1,2
596,693,595,1,2
596,695,595,1,2
596,698,595,1,2
596,699,595,1,2
596,704,595,1,2
596,705,595,1,2
596,707,595,1,2
596,708,595,1,2
596,710,595,1,2
596,713,595,1,2
596,714,595,1,2
596,717,595,1,2
596,720,595,1,2
596,721,595,1,2
596,722,595,1,2
596,724,595,1,2
597,634,596,1,2
597,650,596,1,2
597,653,596,1,2
597,657,596,1,2
597,665,598,2,1
597,678,596,1,2
597,682,596,1,2
597,683,596,1,2
597,695,596,1,2
597,705,596,1,2
597,708,596,1,2
597,710,596,1,2
597,720,596,1,2
598,634,597,1,2
598,650,597,1,2
598,653,597,1,2
598,665,665,44,0
598,678,597,1,2
598,682,597,1,2
598,683,597,1,2
598,695,597,1,2
598,705,597,1,2
598,720,597,1,2
599,634,598,1,2
599,650,598,1,2
599,653,598,1,2
599,678,598,1,2
599,695,598,1,2
599,709,574,0,3
600,641,0,2,3
600,650,624,3,2
600,653,624,3,2
600,678,624,3,2
600,695,624,3,2
603,641,3,3,3
603,650,604,2,1
603,653,604,2,1
603,678,604,2,1
603,695,604,2,1
604,650,605,2,1
604,653,605,2,1
604,678,605,2,1
604,695,605,2,1
604,709,579,0,3
605,634,606,2,1
605,650,606,2,1
605,653,606,2,1
605,678,606,2,1
605,682,606,2,1
605,683,606,2,1
605,695,606,2,1
605,705,606,2,1
605,720,606,2,1
606,634,607,2,1
606,650,607,2,1
606,653,607,2,1
606,657,607,2,1
606,665,581,0,3
606,678,607,2,1
606,682,607,2,1
606,683,607,2,1
606,695,607,2,1
606,705,607,2,1
606,708,607,2,1
606,710,607,2,1
606,720,607,2,1
607,634,608,2,1
607,650,608,2,1
607,653,608,2,1
607,657,608,2,1
607,665,582,0,3
607,678,608,2,1
607,682,608,2,1
607,683,608,2,1
607,695,608,2,1
607,705,608,2,1
607,708,608,2,1
607,710,608,2,1
607,720,608,2,1
608,634,583,0,3
608,650,583,0,3
608,653,583,0,3
608,657,583,0,3
608,665,583,0,3
608,678,8,3,3
608,683,8,3,3
608,695,583,0,3
609,634,584,0,3
609,650,584,0,3
609,653,584,0,3
609,657,584,0,3
609,665,608,1,2
609,678,9,3,3
609,682,9,3,3
609,683,9,3,3
609,695,584,0,3
609,705,9,3,3
609,708,9,3,3
609,710,584,0,3
609,720,9,3,3
610,634,585,0,3
610,650,585,0,3
610,653,585,0,3
610,657,585,0,3
610,665,609,1,2
610,678,10,3,3
610,682,10,3,3
610,683,10,3,3
610,695,585,0,3
610,705,10,3,3
610,708,10,3,3
610,710,585,0,3
610,720,10,3,3
611,634,586,0,3
611,650,586,0,3
611,653,586,0,3
611,678,11,3,3
611,682,11,3,3
611,683,11,3,3
611,695,586,0,3
611,705,11,3,3
611,720,11,3,3
612,650,587,0,3
612,653,587,0,3
612,678,12,3,3
612,695,587,0,3
613,650,588,0,3
613,653,588,0,3
613,678,13,3,3
613,695,588,0,3
616,641,617,2,1
616,650,591,0,3
616,653,591,0,3
616,678,16,3,3
616,695,591,0,3
617,634,592,0,3
617,650,592,0,3
617,653,592,0,3
617,678,17,3,3
617,695,592,0,3
617,709,618,2,1
618,634,593,0,3
618,650,593,0,3
618,653,593,0,3
618,665,619,2,1
618,678,18,3,3
618,682,18,3,3
618,683,18,3,3
618,695,593,0,3
618,705,18,3,3
618,720,18,3,3
619,634,594,0,3
619,650,594,0,3
619,653,594,0,3
619,657,594,0,3
619,665,620,2,1
619,678,19,3,3
619,682,19,3,3
619,683,19,3,3
619,695,594,0,3
619,705,19,3,3
619,708,19,3,3
619,710,594,0,3
619,720,19,3,3
620,626,595,0,3
620,629,20,3,3
620,632,595,0,3
620,634,595,0,3
620,637,595,0,3
620,638,595,0,3
620,639,20,3,3
620,641,20,3,3
620,643,20,3,3
620,647,595,0,3
620,650,595,0,3
620,651,20,3,3
620,652,595,0,3
620,653,595,0,3
620,654,595,0,3
620,657,595,0,3
620,658,595,0,3
620,659,595,0,3
620,660,20,3,3
620,661,20,3,3
620,662,20,3,3
620,663,595,0,3
620,665,595,0,3
620,666,595,0,3
620,668,20,3,3
620,670,20,3,3
620,671,20,3,3
620,675,595,0,3
620,677,595,0,3
620,678,20,3,3
620,681,20,3,3
620,682,20,3,3
620,683,20,3,3
620,684,20,3,3
620,687,20,3,3
620,688,20,3,3
620,690,20,3,3
620,692,20,3,3
620,694,20,3,3
620,695,595,0,3
620,697,595,0,3
620,700,20,3,3
620,701,20,3,3
620,702,20,3,3
620,703,20,3,3
620,705,20,3,3
620,708,20,3,3
620,709,595,0,3
620,710,595,0,3
620,711,20,3,3
620,715,595,0,3
620,718,595,0,3
620,719,20,3,3
620,720,20,3,3
620,723,595,0,3
621,625,620,1,2
621,627,620,1,2
621,628,620,1,2
621,630,620,1,2
621,631,620,1,2
621,633,620,1,2
621,634,620,1,2
621,635,620,1,2
621,636,620,1,2
621,640,620,1,2
621,642,620,1,2
621,644,620,1,2
621,645,620,1,2
621,646,620,1,2
621,648,620,1,2
621,649,620,1,2
621,650,620,1,2
621,653,620,1,2
621,655,620,1,2
621,656,620,1,2
621,657,620,1,2
621,665,596,0,3
621,667,620,1,2
621,669,620,1,2
621,673,620,1,2
621,676,620,1,2
621,678,620,1,2
621,679,620,1,2
621,680,620,1,2
621,682,620,1,2
621,683,620,1,2
621,685,620,1,2
621,686,620,1,2
621,689,620,1,2
621,691,620,1,2
621,693,620,1,2
621,695,620,1,2
621,698,620,1,2
621,699,620,1,2
621,704,620,1,2
621,705,620,1,2
621,707,620,1,2
621,708,620,1,2
621,710,620,1,2
621,713,620,1,2
621,714,620,1,2
621,717,620,1,2
621,720,620,1,2
621,721,620,1,2
621,722,620,1,2
621,724,620,1,2
622,634,621,1,2
622,650,621,1,2
622,653,621,1,2
622,657,621,1,2
622,665,597,0,3
622,678,621,1,2
622,682,621,1,2
622,683,621,1,2
622,695,621,1,2
622,705,621,1,2
622,708,621,1,2
622,710,621,1,2
622,720,621,1,2
623,634,622,1,2
623,650,622,1,2
623,653,622,1,2
623,665,598,0,3
623,678,622,1,2
623,682,622,1,2
623,683,622,1,2
623,695,622,1,2
623,705,622,1,2
623,720,622,1,2
624,634,623,1,2
624,650,623,1,2
624,653,623,1,2
624,678,623,1,2
624,695,623,1,2
624,709,599,0,3
634,625,517,0,13
634,626,517,0,13
634,627,517,0,13
634,628,517,0,13
634,629,517,0,13
634,630,517,0,13
634,631,517,0,13
634,632,517,0,13
634,633,517,0,13
634,635,517,0,13
634,636,517,0,13
634,637,517,0,13
634,638,517,0,13
634,639,517,0,13
634,640,517,0,13
634,641,517,0,13
634,642,517,0,13
634,643,517,0,13
634,644,517,0,13
634,645,517,0,13
634,646,517,0,13
634,647,517,0,13
634,648,517,0,13
634,649,517,0,13
634,650,517,0,13
634,651,517,0,13
634,652,517,0,13
634,653,517,0,13
634,654,517,0,13
634,655,517,0,13
634,656,517,0,13
634,657,517,0,13
634,658,517,0,13
634,659,517,0,13
634,660,517,0,13
634,661,517,0,13
634,662,517,0,13
634,663,517,0,13
634,664,517,0,13
634,665,517,0,13
634,666,517,0,13
634,667,517,0,13
634,668,517,0,13
634,669,517,0,13
634,670,517,0,13
634,671,517,0,13
634,672,517,0,13
634,673,517,0,13
634,674,517,0,13
634,675,517,0,13
634,676,517,0,13
634,677,517,0,13
634,678,517,0,13
634,679,517,0,13
634,680,517,0,13
634,681,517,0,13
634,682,517,0,13
634,683,517,0,13
634,684,517,0,13
634,685,517,0,13
634,686,517,0,13
634,687,517,0,13
634,688,517,0,13
634,689,517,0,13
634,690,517,0,13
634,691,517,0,13
634,692,517,0,13
634,693,517,0,13
634,694,517,0,13
634,695,517,0,13
634,696,517,0,13
634,697,517,0,13
634,698,517,0,13
634,699,517,0,13
634,700,517,0,13
634,701,517,0,13
634,702,517,0,13
634,703,517,0,13
634,704,517,0,13
634,705,517,0,13
634,706,517,0,13
634,707,517,0,13
634,708,517,0,13
634,709,517,0,13
634,710,517,0,13
634,711,517,0,13
634,712,517,0,13
634,713,517,0,13
634,714,517,0,13
634,715,517,0,13
634,716,517,0,13
634,717,517,0,13
634,718,517,0,13
634,719,517,0,13
634,720,517,0,13
634,721,517,0,13
634,722,517,0,13
634,723,517,0,13
634,724,517,0,13
641,625,53,0,20
641,626,53,0,20
641,627,53,0,20
641,628,53,0,20
641,629,53,0,20
641,630,53,0,20
641,631,53,0,20
641,632,53,0,20
641,633,53,0,20
641,634,53,0,20
641,635,53,0,20
641,636,53,0,20
641,637,53,0,20
641,638,53,0,20
641,639,53,0,20
641,640,53,0,20
641,642,53,0,20
641,643,53,0,20
641,644,53,0,20
641,645,53,0,20
641,646,53,0,20
641,647,53,0,20
641,648,53,0,20
641,649,53,0,20
641,650,53,0,20
641,651,53,0,20
641,652,53,0,20
641,653,53,0,20
641,654,53,0,20
641,655,53,0,20
641,656,53,0,20
641,657,53,0,20
641,658,53,0,20
641,659,53,0,20
641,660,53,0,20
641,661,53,0,20
641,662,53,0,20
641,663,53,0,20
641,664,53,0,20
641,665,53,0,20
641,666,53,0,20
641,667,53,0,20
641,668,53,0,20
641,669,53,0,20
641,670,53,0,20
641,671,53,0,20
641,672,53,0,20
641,673,53,0,20
641,674,53,0,20
641,675,53,0,20
641,676,53,0,20
641,677,53,0,20
641,678,53,0,20
641,679,53,0,20
641,680,53,0,20
641,681,53,0,20
641,682,53,0,20
641,683,53,0,20
641,684,53,0,20
641,685,53,0,20
641,686,53,0,20
641,687,53,0,20
641,688,53,0,20
641,689,53,0,20
641,690,53,0,20
641,691,53,0,20
641,692,53,0,20
641,693,53,0,20
641,694,53,0,20
641,695,53,0,20
641,696,53,0,20
641,697,53,0,20
641,698,53,0,20
641,699,53,0,20
641,700,53,0,20
641,701,53,0,20
641,702,53,0,20
641,703,53,0,20
641,704,53,0,20
641,705,53,0,20
641,706,53,0,20
641,707,53,0,20
641,708,53,0,20
641,709,53,0,20
641,710,53,0,20
641,711,53,0,20
641,712,53,0,20
641,713,53,0,20
641,714,53,0,20
641,715,53,0,20
641,716,53,0,20
641,717,53,0,20
641,718,53,0,20
641,719,53,0,20
641,720,53,0,20
641,721,53,0,20
641,722,53,0,20
641,723,53,0,20
641,724,53,0,20
650,625,413,0,29
650,626,413,0,29
650,627,413,0,29
650,628,413,0,29
650,629,413,0,29
650,630,413,0,29
650,631,413,0,29
650,632,413,0,29
650,633,413,0,29
650,634,413,0,29
650,635,413,0,29
650,636,413,0,29
650,637,413,0,29
650,638,413,0,29
650,639,413,0,29
650,640,413,0,29
650,641,413,0,29
650,642,413,0,29
650,643,413,0,29
650,644,413,0,29
650,645,413,0,29
650,646,413,0,29
650,647,413,0,29
650,648,413,0,29
650,649,413,0,29
650,651,413,0,29
650,652,413,0,29
650,653,413,0,29
650,654,413,0,29
650,655,413,0,29
650,656,413,0,29
650,657,413,0,29
650,658,413,0,29
650,659,413,0,29
650,660,413,0,29
650,661,413,0,29
650,662,413,0,29
650,663,413,0,29
650,664,413,0,29
650,665,413,0,29
650,666,413,0,29
650,667,413,0,29
650,668,413,0,29
650,669,413,0,29
650,670,413,0,29
650,671,413,0,29
650,672,413,0,29
650,673,413,0,29
650,674,413,0,29
650,675,413,0,29
650,676,413,0,29
650,677,413,0,29
650,678,413,0,29
650,679,413,0,29
650,680,413,0,29
650,681,413,0,29
650,682,413,0,29
650,683,413,0,29
650,684,413,0,29
650,685,413,0,29
650,686,413,0,29
650,687,413,0,29
650,688,413,0,29
650,689,413,0,29
650,690,413,0,29
650,691,413,0,29
650,692,413,0,29
650,693,413,0,29
650,694,413,0,29
650,695,413,0,29
650,696,413,0,29
650,697,413,0,29
650,698,413,0,29
650,699,413,0,29
650,700,413,0,29
650,701,413,0,29
650,702,413,0,29
650,703,413,0,29
650,704,413,0,29
650,705,413,0,29
650,706,413,0,29
650,707,413,0,29
650,708,413,0,29
650,709,413,0,29
650,710,413,0,29
650,711,413,0,29
650,712,413,0,29
650,713,413,0,29
650,714,413,0,29
650,715,413,0,29
650,716,413,0,29
650,717,413,0,29
650,718,413,0,29
650,719,413,0,29
650,720,413,0,29
650,721,413,0,29
650,722,413,0,29
650,723,413,0,29
650,724,413,0,29
653,625,513,0,32
653,626,513,0,32
653,627,513,0,32
653,628,513,0,32
653,629,513,0,32
653,630,513,0,32
653,631,513,0,32
653,632,513,0,32
653,633,513,0,32
653,634,513,0,32
653,635,513,0,32
653,636,513,0,32
653,637,513,0,32
653,638,513,0,32
653,639,513,0,32
653,640,513,0,32
653,641,513,0,32
653,642,513,0,32
653,643,513,0,32
653,644,513,0,32
653,645,513,0,32
653,646,513,0,32
653,647,513,0,32
653,648,513,0,32
653,649,513,0,32
653,650,513,0,32
653,651,513,0,32
653,652,513,0,32
653,654,513,0,32
653,655,513,0,32
653,656,513,0,32
653,657,513,0,32
653,658,513,0,32
653,659,513,0,32
653,660,513,0,32
653,661,513,0,32
653,662,513,0,32
653,663,513,0,32
653,664,513,0,32
653,665,513,0,32
653,666,513,0,32
653,667,513,0,32
653,668,513,0,32
653,669,513,0,32
653,670,513,0,32
653,671,513,0,32
653,672,513,0,32
653,673,513,0,32
653,674,513,0,32
653,675,513,0,32
653,676,513,0,32
653,677,513,0,32
653,678,513,0,32
653,679,513,0,32
653,680,513,0,32
653,681,513,0,32
653,682,513,0,32
653,683,513,0,32
653,684,513,0,32
653,685,513,0,32
653,686,513,0,32
653,687,513,0,32
653,688,513,0,32
653,689,513,0,32
653,690,513,0,32
653,691,513,0,32
653,692,513,0,32
653,693,513,0,32
653,694,513,0,32
653,695,513,0,32
653,696,513,0,32
653,697,513,0,32
653,698,513,0,32
653,699,513,0,32
653,700,513,0,32
653,701,513,0,32
653,702,513,0,32
653,703,513,0,32
653,704,513,0,32
653,705,513,0,32
653,706,513,0,32
653,707,513,0,32
653,708,513,0,32
653,709,513,0,32
653,710,513,0,32
653,711,513,0,32
653,712,513,0,32
653,713,513,0,32
653,714,513,0,32
653,715,513,0,32
653,716,513,0,32
653,717,513,0,32
653,718,513,0,32
653,719,513,0,32
653,720,513,0,32
653,721,513,0,32
653,722,513,0,32
653,723,513,0,32
653,724,513,0,32
657,625,460,0,36
657,626,460,0,36
657,627,460,0,36
657,628,460,0,36
657,629,460,0,36
657,630,460,0,36
657,631,460,0,36
657,632,460,0,36
657,633,460,0,36
657,634,460,0,36
657,635,460,0,36
657,636,460,0,36
657,637,460,0,36
657,638,460,0,36
657,639,460,0,36
657,640,460,0,36
657,641,460,0,36
657,642,460,0,36
657,643,460,0,36
657,644,460,0,36
657,645,460,0,36
657,646,460,0,36
657,647,460,0,36
657,648,460,0,36
657,649,460,0,36
657,650,460,0,36
657,651,460,0,36
657,652,460,0,36
657,653,460,0,36
657,654,460,0,36
657,655,460,0,36
657,656,460,0,36
657,658,460,0,36
657,659,460,0,36
657,660,460,0,36
657,661,460,0,36
657,662,460,0,36
657,663,460,0,36
657,664,460,0,36
657,665,460,0,36
657,666,460,0,36
657,667,460,0,36
657,668,460,0,36
657,669,460,0,36
657,670,460,0,36
657,671,460,0,36
657,672,460,0,36
657,673,460,0,36
657,674,460,0,36
657,675,460,0,36
657,676,460,0,36
657,677,460,0,36
657,678,460,0,36
657,679,460,0,36
657,680,460,0,36
657,681,460,0,36
657,682,460,0,36
657,683,460,0,36
657,684,460,0,36
657,685,460,0,36
657,686,460,0,36
657,687,460,0,36
657,688,460,0,36
657,689,460,0,36
657,690,460,0,36
657,691,460,0,36
657,692,460,0,36
657,693,460,0,36
657,694,460,0,36
657,695,460,0,36
657,696,460,0,36
657,697,460,0,36
657,698,460,0,36
657,699,460,0,36
657,700,460,0,36
657,701,460,0,36
657,702,460,0,36
657,703,460,0,36
657,704,460,0,36
657,705,460,0,36
657,706,460,0,36
657,707,460,0,36
657,708,460,0,36
657,709,460,0,36
657,710,460,0,36
657,711,460,0,36
657,712,460,0,36
657,713,460,0,36
657,714,460,0,36
657,715,460,0,36
657,716,460,0,36
657,717,460,0,36
657,718,460,0,36
657,719,460,0,36
657,720,460,0,36
657,721,460,0,36
657,722,460,0,36
657,723,460,0,36
657,724,460,0,36
665,625,598,0,44
665,626,598,0,44
665,627,598,0,44
665,628,598,0,44
665,629,598,0,44
665,630,598,0,44
665,631,598,0,44
665,632,598,0,44
665,633,598,0,44
665,634,598,0,44
665,635,598,0,44
665,636,598,0,44
665,637,598,0,44
665,638,598,0,44
665,639,598,0,44
665,640,598,0,44
665,641,598,0,44
665,642,598,0,44
665,643,598,0,44
665,644,598,0,44
665,645,598,0,44
665,646,598,0,44
665,647,598,0,44
665,648,598,0,44
665,649,598,0,44
665,650,598,0,44
665,651,598,0,44
665,652,598,0,44
665,653,598,0,44
665,654,598,0,44
665,655,598,0,44
665,656,598,0,44
665,657,598,0,44
665,658,598,0,44
665,659,598,0,44
665,660,598,0,44
665,661,598,0,44
665,662,598,0,44
665,663,598,0,44
665,664,598,0,44
665,666,598,0,44
665,667,598,0,44
665,668,598,0,44
665,669,598,0,44
665,670,598,0,44
665,671,598,0,44
665,672,598,0,44
665,673,598,0,44
665,674,598,0,44
665,675,598,0,44
665,676,598,0,44
665,677,598,0,44
665,678,598,0,44
665,679,598,0,44
665,680,598,0,44
665,681,598,0,44
665,682,598,0,44
665,683,598,0,44
665,684,598,0,44
665,685,598,0,44
665,686,598,0,44
665,687,598,0,44
665,688,598,0,44
665,689,598,0,44
665,690,598,0,44
665,691,598,0,44
665,692,598,0,44
665,693,598,0,44
665,694,598,0,44
665,695,598,0,44
665,696,598,0,44
665,697,598,0,44
665,698,598,0,44
665,699,598,0,44
665,700,598,0,44
665,701,598,0,44
665,702,598,0,44
665,703,598,0,44
665,704,598,0,44
665,705,598,0,44
665,706,598,0,44
665,707,598,0,44
665,708,598,0,44
665,709,598,0,44
665,710,598,0,44
665,711,598,0,44
665,712,598,0,44
665,713,598,0,44
665,714,598,0,44
665,715,598,0,44
665,716,598,0,44
665,717,598,0,44
665,718,598,0,44
665,719,598,0,44
665,720,598,0,44
665,721,598,0,44
665,722,598,0,44
665,723,598,0,44
665,724,598,0,44
678,625,138,0,57
678,626,138,0,57
678,627,138,0,57
678,628,138,0,57
678,629,138,0,57
678,630,138,0,57
678,631,138,0,57
678,632,138,0,57
678,633,138,0,57
678,634,138,0,57
678,635,138,0,57
678,636,138,0,57
678,637,138,0,57
678,638,138,0,57
678,639,138,0,57
678,640,138,0,57
678,641,138,0,57
678,642,138,0,57
678,643,138,0,57
678,644,138,0,57
678,645,138,0,57
678,646,138,0,57
678,647,138,0,57
678,648,138,0,57
678,649,138,0,57
678,650,138,0,57
678,651,138,0,57
678,652,138,0,57
678,653,138,0,57
678,654,138,0,57
678,655,138,0,57
678,656,138,0,57
678,657,138,0,57
678,658,138,0,57
678,659,138,0,57
678,660,138,0,57
678,661,138,0,57
678,662,138,0,57
678,663,138,0,57
678,664,138,0,57
678,665,138,0,57
678,666,138,0,57
678,667,138,0,57
678,668,138,0,57
678,669,138,0,57
678,670,138,0,57
678,671,138,0,57
678,672,138,0,57
678,673,138,0,57
678,674,138,0,57
678,675,138,0,57
678,676,138,0,57
678,677,138,0,57
678,679,138,0,57
678,680,138,0,57
678,681,138,0,57
678,682,138,0,57
678,683,138,0,57
678,684,138,0,57
678,685,138,0,57
678,686,138,0,57
678,687,138,0,57
678,688,138,0,57
678,689,138,0,57
678,690,138,0,57
678,691,138,0,57
678,692,138,0,57
678,693,138,0,57
678,694,138,0,57
678,695,138,0,57
678,696,138,0,57
678,697,138,0,57
678,698,138,0,57
678,699,138,0,57
678,700,138,0,57
678,701,138,0,57
678,702,138,0,57
678,703,138,0,57
678,704,138,0,57
678,705,138,0,57
678,706,138,0,57
678,707,138,0,57
678,708,138,0,57
678,709,138,0,57
678,710,138,0,57
678,711,138,0,57
678,712,138,0,57
678,713,138,0,57
678,714,138,0,57
678,715,138,0,57
678,716,138,0,57
678,717,138,0,57
678,718,138,0,57
678,719,138,0,57
678,720,138,0,57
678,721,138,0,57
678,722,138,0,57
678,723,138,0,57
678,724,138,0,57
682,625,36,0,61
682,626,36,0,61
682,627,36,0,61
682,628,36,0,61
682,629,36,0,61
682,630,36,0,61
682,631,36,0,61
682,632,36,0,61
682,633,36,0,61
682,634,36,0,61
682,635,36,0,61
682,636,36,0,61
682,637,36,0,61
682,638,36,0,61
682,639,36,0,61
682,640,36,0,61
682,641,36,0,61
682,642,36,0,61
682,643,36,0,61
682,644,36,0,61
682,645,36,0,61
682,646,36,0,61
682,647,36,0,61
682,648,36,0,61
682,649,36,0,61
682,650,36,0,61
682,651,36,0,61
682,652,36,0,61
682,653,36,0,61
682,654,36,0,61
682,655,36,0,61
682,656,36,0,61
682,657,36,0,61
682,658,36,0,61
682,659,36,0,61
682,660,36,0,61
682,661,36,0,61
682,662,36,0,61
682,663,36,0,61
682,664,36,0,61
682,665,36,0,61
682,666,36,0,61
682,667,36,0,61
682,668,36,0,61
682,669,36,0,61
682,670,36,0,61
682,671,36,0,61
682,672,36,0,61
682,673,36,0,61
682,674,36,0,61
682,675,36,0,61
682,676,36,0,61
682,677,36,0,61
682,678,36,0,61
682,679,36,0,61
682,680,36,0,61
682,681,36,0,61
682,683,36,0,61
682,684,36,0,61
682,685,36,0,61
682,686,36,0,61
682,687,36,0,61
682,688,36,0,61
682,689,36,0,61
682,690,36,0,61
682,691,36,0,61
682,692,36,0,61
682,693,36,0,61
682,694,36,0,61
682,695,36,0,61
682,696,36,0,61
682,697,36,0,61
682,698,36,0,61
682,699,36,0,61
682,700,36,0,61
682,701,36,0,61
682,702,36,0,61
682,703,36,0,61
682,704,36,0,61
682,705,36,0,61
682,706,36,0,61
682,707,36,0,61
682,708,36,0,61
682,709,36,0,61
682,710,36,0,61
682,711,36,0,61
682,712,36,0,61
682,713,36,0,61
682,714,36,0,61
682,715,36,0,61
682,716,36,0,61
682,717,36,0,61
682,718,36,0,61
682,719,36,0,61
682,720,36,0,61
682,721,36,0,61
682,722,36,0,61
682,723,36,0,61
682,724,36,0,61
683,625,161,0,62
683,626,161,0,62
683,627,161,0,62
683,628,161,0,62
683,629,161,0,62
683,630,161,0,62
683,631,161,0,62
683,632,161,0,62
683,633,161,0,62
683,634,161,0,62
683,635,161,0,62
683,636,161,0,62
683,637,161,0,62
683,638,161,0,62
683,639,161,0,62
683,640,161,0,62
683,641,161,0,62
683,642,161,0,62
683,643,161,0,62
683,644,161,0,62
683,645,161,0,62
683,646,161,0,62
683,647,161,0,62
683,648,161,0,62
683,649,161,0,62
683,650,161,0,62
683,651,161,0,62
683,652,161,0,62
683,653,161,0,62
683,654,161,0,62
683,655,161,0,62
683,656,161,0,62
683,657,161,0,62
683,658,161,0,62
683,659,161,0,62
683,660,161,0,62
683,661,161,0,62
683,662,161,0,62
683,663,161,0,62
683,664,161,0,62
683,665,161,0,62
683,666,161,0,62
683,667,161,0,62
683,668,161,0,62
683,669,161,0,62
683,670,161,0,62
683,671,161,0,62
683,672,161,0,62
683,673,161,0,62
683,674,161,0,62
683,675,161,0,62
683,676,161,0,62
683,677,161,0,62
683,678,161,0,62
683,679,161,0,62
683,680,161,0,62
683,681,161,0,62
683,682,161,0,62
683,684,161,0,62
683,685,161,0,62
683,686,161,0,62
683,687,161,0,62
683,688,161,0,62
683,689,161,0,62
683,690,161,0,62
683,691,161,0,62
683,692,161,0,62
683,693,161,0,62
683,694,161,0,62
683,695,161,0,62
683,696,161,0,62
683,697,161,0,62
683,698,161,0,62
683,699,161,0,62
683,700,161,0,62
683,701,161,0,62
683,702,161,0,62
683,703,161,0,62
683,704,161,0,62
683,705,161,0,62
683,706,161,0,62
683,707,161,0,62
683,708,161,0,62
683,709,161,0,62
683,710,161,0,62
683,711,161,0,62
683,712,161,0,62
683,713,161,0,62
683,714,161,0,62
683,715,161,0,62
683,716,161,0,62
683,717,161,0,62
683,718,161,0,62
683,719,161,0,62
683,720,161,0,62
683,721,161,0,62
683,722,161,0,62
683,723,161,0,62
683,724,161,0,62
695,625,588,0,74
695,626,588,0,74
695,627,588,0,74
695,628,588,0,74
695,629,588,0,74
695,630,588,0,74
695,631,588,0,74
695,632,588,0,74
695,633,588,0,74
695,634,588,0,74
695,635,588,0,74
695,636,588,0,74
695,637,588,0,74
695,638,588,0,74
695,639,588,0,74
695,640,588,0,74
695,641,588,0,74
695,642,588,0,74
695,643,588,0,74
695,644,588,0,74
695,645,588,0,74
695,646,588,0,74
695,647,588,0,74
695,648,588,0,74
695,649,588,0,74
695,650,588,0,74
695,651,588,0,74
695,652,588,0,74
695,653,588,0,74
695,654,588,0,74
695,655,588,0,74
695,656,588,0,74
695,657,588,0,74
695,658,588,0,74
695,659,588,0,74
695,660,588,0,74
695,661,588,0,74
695,662,588,0,74
695,663,588,0,74
695,664,588,0,74
695,665,588,0,74
695,666,588,0,74
695,667,588,0,74
695,668,588,0,74
695,669,588,0,74
695,670,588,0,74
695,671,588,0,74
695,672,588,0,74
695,673,588,0,74
695,674,588,0,74
695,675,588,0,74
695,676,588,0,74
695,677,588,0,74
695,678,588,0,74
695,679,588,0,74
695,680,588,0,74
695,681,588,0,74
695,682,588,0,74
695,683,588,0,74
695,684,588,0,74
695,685,588,0,74
695,686,588,0,74
695,687,588,0,74
695,688,588,0,74
695,689,588,0,74
695,690,588,0,74
695,691,588,0,74
695,692,588,0,74
695,693,588,0,74
695,694,588,0,74
695,696,588,0,74
695,697,588,0,74
695,698,588,0,74
695,699,588,0,74
695,700,588,0,74
695,701,588,0,74
695,702,588,0,74
695,703,588,0,74
695,704,588,0,74
695,705,588,0,74
695,706,588,0,74
695,707,588,0,74
695,708,588,0,74
695,709,588,0,74
695,710,588,0,74
695,711,588,0,74
695,712,588,0,74
695,713,588,0,74
695,714,588,0,74
695,715,588,0,74
695,716,588,0,74
695,717,588,0,74
695,718,588,0,74
695,719,588,0,74
695,720,588,0,74
695,721,588,0,74
695,722,588,0,74
695,723,588,0,74
695,724,588,0,74
705,625,11,0,84
705,626,11,0,84
705,627,11,0,84
705,628,11,0,84
705,629,11,0,84
705,630,11,0,84
705,631,11,0,84
705,632,11,0,84
705,633,11,0,84
705,634,11,0,84
705,635,11,0,84
705,636,11,0,84
705,637,11,0,84
705,638,11,0,84
705,639,11,0,84
705,640,11,0,84
705,641,11,0,84
705,642,11,0,84
705,643,11,0,84
705,644,11,0,84
705,645,11,0,84
705,646,11,0,84
705,647,11,0,84
705,648,11,0,84
705,649,11,0,84
705,650,11,0,84
705,651,11,0,84
705,652,11,0,84
705,653,11,0,84
705,654,11,0,84
705,655,11,0,84
705,656,11,0,84
705,657,11,0,84
705,658,11,0,84
705,659,11,0,84
705,660,11,0,84
705,661,11,0,84
705,662,11,0,84
705,663,11,0,84
705,664,11,0,84
705,665,11,0,84
705,666,11,0,84
705,667,11,0,84
705,668,11,0,84
705,669,11,0,84
705,670,11,0,84
705,671,11,0,84
705,672,11,0,84
705,673,11,0,84
705,674,11,0,84
705,675,11,0,84
705,676,11,0,84
705,677,11,0,84
705,678,11,0,84
705,679,11,0,84
705,680,11,0,84
705,681,11,0,84
705,682,11,0,84
705,683,11,0,84
705,684,11,0,84
705,685,11,0,84
705,686,11,0,84
705,687,11,0,84
705,688,11,0,84
705,689,11,0,84
705,690,11,0,84
705,691,11,0,84
705,692,11,0,84
705,693,11,0,84
705,694,11,0,84
705,695,11,0,84
705,696,11,0,84
705,697,11,0,84
705,698,11,0,84
705,699,11,0,84
705,700,11,0,84
705,701,11,0,84
705,702,11,0,84
705,703,11,0,84
705,704,11,0,84
705,706,11,0,84
705,707,11,0,84
705,708,11,0,84
705,709,11,0,84
705,710,11,0,84
705,711,11,0,84
705,712,11,0,84
705,713,11,0,84
705,714,11,0,84
705,715,11,0,84
705,716,11,0,84
705,717,11,0,84
705,718,11,0,84
705,719,11,0,84
705,720,11,0,84
705,721,11,0,84
705,722,11,0,84
705,723,11,0,84
705,724,11,0,84
708,625,10,0,87
708,626,10,0,87
708,627,10,0,87
708,628,10,0,87
708,629,10,0,87
708,630,10,0,87
708,631,10,0,87
708,632,10,0,87
708,633,10,0,87
708,634,10,0,87
708,635,10,0,87
708,636,10,0,87
708,637,10,0,87
708,638,10,0,87
708,639,10,0,87
708,640,10,0,87
708,641,10,0,87
708,642,10,0,87
708,643,10,0,87
708,644,10,0,87
708,645,10,0,87
708,646,10,0,87
708,647,10,0,87
708,648,10,0,87
708,649,10,0,87
708,650,10,0,87
708,651,10,0,87
708,652,10,0,87
708,653,10,0,87
708,654,10,0,87
708,655,10,0,87
708,656,10,0,87
708,657,10,0,87
708,658,10,0,87
708,659,10,0,87
708,660,10,0,87
708,661,10,0,87
708,662,10,0,87
708,663,10,0,87
708,664,10,0,87
708,665,10,0,87
708,666,10,0,87
708,667,10,0,87
708,668,10,0,87
708,669,10,0,87
708,670,10,0,87
708,671,10,0,87
708,672,10,0,87
708,673,10,0,87
708,674,10,0,87
708,675,10,0,87
708,676,10,0,87
708,677,10,0,87
708,678,10,0,87
708,679,10,0,87
708,680,10,0,87
708,681,10,0,87
708,682,10,0,87
708,683,10,0,87
708,684,10,0,87
708,685,10,0,87
708,686,10,0,87
708,687,10,0,87
708,688,10,0,87
708,689,10,0,87
708,690,10,0,87
708,691,10,0,87
708,692,10,0,87
708,693,10,0,87
708,694,10,0,87
708,695,10,0,87
708,696,10,0,87
708,697,10,0,87
708,698,10,0,87
708,699,10,0,87
708,700,10,0,87
708,701,10,0,87
708,702,10,0,87
708,703,10,0,87
708,704,10,0,87
708,705,10,0,87
708,706,10,0,87
708,707,10,0,87
708,709,10,0,87
708,710,10,0,87
708,711,10,0,87
708,712,10,0,87
708,713,10,0,87
708,714,10,0,87
708,715,10,0,87
708,716,10,0,87
708,717,10,0,87
708,718,10,0,87
708,719,10,0,87
708,720,10,0,87
708,721,10,0,87
708,722,10,0,87
708,723,10,0,87
708,724,10,0,87
709,625,354,0,88
709,626,354,0,88
709,627,354,0,88
709,628,354,0,88
709,629,354,0,88
709,630,354,0,88
709,631,354,0,88
709,632,354,0,88
709,633,354,0,88
709,634,354,0,88
709,635,354,0,88
709,636,354,0,88
709,637,354,0,88
709,638,354,0,88
709,639,354,0,88
709,640,354,0,88
709,641,354,0,88
709,642,354,0,88
709,643,354,0,88
709,644,354,0,88
709,645,354,0,88
709,646,354,0,88
709,647,354,0,88
709,648,354,0,88
709,649,354,0,88
709,650,354,0,88
709,651,354,0,88
709,652,354,0,88
709,653,354,0,88
709,654,354,0,88
709,655,354,0,88
709,656,354,0,88
709,657,354,0,88
709,658,354,0,88
709,659,354,0,88
709,660,354,0,88
709,661,354,0,88
709,662,354,0,88
709,663,354,0,88
709,664,354,0,88
709,665,354,0,88
709,666,354,0,88
709,667,354,0,88
709,668,354,0,88
709,669,354,0,88
709,670,354,0,88
709,671,354,0,88
709,672,354,0,88
709,673,354,0,88
709,674,354,0,88
709,675,354,0,88
709,676,354,0,88
709,677,354,0,88
709,678,354,0,88
709,679,354,0,88
709,680,354,0,88
709,681,354,0,88
709,682,354,0,88
709,683,354,0,88
709,684,354,0,88
709,685,354,0,88
709,686,354,0,88
709,687,354,0,88
709,688,354,0,88
709,689,354,0,88
709,690,354,0,88
709,691,354,0,88
709,692,354,0,88
709,693,354,0,88
709,694,354,0,88
709,695,354,0,88
709,696,354,0,88
709,697,354,0,88
709,698,354,0,88
709,699,354,0,88
709,700,354,0,88
709,701,354,0,88
709,702,354,0,88
709,703,354,0,88
709,704,354,0,88
709,705,354,0,88
709,706,354,0,88
709,707,354,0,88
709,708,354,0,88
709,710,354,0,88
709,711,354,0,88
709,712,354,0,88
709,713,354,0,88
709,714,354,0,88
709,715,354,0,88
709,716,354,0,88
709,717,354,0,88
709,718,354,0,88
709,719,354,0,88
709,720,354,0,88
709,721,354,0,88
709,722,354,0,88
709,723,354,0,88
709,724,354,0,88
710,625,410,0,89
710,626,410,0,89
710,627,410,0,89
710,628,410,0,89
710,629,410,0,89
710,630,410,0,89
710,631,410,0,89
710,632,410,0,89
710,633,410,0,89
710,634,410,0,89
710,635,410,0,89
710,636,410,0,89
710,637,410,0,89
710,638,410,0,89
710,639,410,0,89
710,640,410,0,89
710,641,410,0,89
710,642,410,0,89
710,643,410,0,89
710,644,410,0,89
710,645,410,0,89
710,646,410,0,89
710,647,410,0,89
710,648,410,0,89
710,649,410,0,89
710,650,410,0,89
710,651,410,0,89
710,652,410,0,89
710,653,410,0,89
710,654,410,0,89
710,655,410,0,89
710,656,410,0,89
710,657,410,0,89
710,658,410,0,89
710,659,410,0,89
710,660,410,0,89
710,661,410,0,89
710,662,410,0,89
710,663,410,0,89
710,664,410,0,89
710,665,410,0,89
710,666,410,0,89
710,667,410,0,89
710,668,410,0,89
710,669,410,0,89
710,670,410,0,89
710,671,410,0,89
710,672,410,0,89
710,673,410,0,89
710,674,410,0,89
710,675,410,0,89
710,676,410,0,89
710,677,410,0,89
710,678,410,0,89
710,679,410,0,89
710,680,410,0,89
710,681,410,0,89
710,682,410,0,89
710,683,410,0,89
710,684,410,0,89
710,685,410,0,89
710,686,410,0,89
710,687,410,0,89
710,688,410,0,89
710,689,410,0,89
710,690,410,0,89
710,691,410,0,89
710,692,410,0,89
710,693,410,0,89
710,694,410,0,89
710,695,410,0,89
710,696,410,0,89
710,697,410,0,89
710,698,410,0,89
710,699,410,0,89
710,700,410,0,89
710,701,410,0,89
710,702,410,0,89
710,703,410,0,89
710,704,410,0,89
710,705,410,0,89
710,706,410,0,89
710,707,410,0,89
710,708,410,0,89
710,709,410,0,89
710,711,410,0,89
710,712,410,0,89
710,713,410,0,89
710,714,410,0,89
710,715,410,0,89
710,716,410,0,89
710,717,410,0,89
710,718,410,0,89
710,719,410,0,89
710,720,410,0,89
710,721,410,0,89
710,722,410,0,89
710,723,410,0,89
710,724,410,0,89
720,625,86,0,99
720,626,86,0,99
720,627,86,0,99
720,628,86,0,99
720,629,86,0,99
720,630,86,0,99
720,631,86,0,99
720,632,86,0,99
720,633,86,0,99
720,634,86,0,99
720,635,86,0,99
720,636,86,0,99
720,637,86,0,99
720,638,86,0,99
720,639,86,0,99
720,640,86,0,99
720,641,86,0,99
720,642,86,0,99
720,643,86,0,99
720,644,86,0,99
720,645,86,0,99
720,646,86,0,99
720,647,86,0,99
720,648,86,0,99
720,649,86,0,99
720,650,86,0,99
720,651,86,0,99
720,652,86,0,99
720,653,86,0,99
720,654,86,0,99
720,655,86,0,99
720,656,86,0,99
720,657,86,0,99
720,658,86,0,99
720,659,86,0,99
720,660,86,0,99
720,661,86,0,99
720,662,86,0,99
720,663,86,0,99
720,664,86,0,99
720,665,86,0,99
720,666,86,0,99
720,667,86,0,99
720,668,86,0,99
720,669,86,0,99
720,670,86,0,99
720,671,86,0,99
720,672,86,0,99
720,673,86,0,99
720,674,86,0,99
720,675,86,0,99
720,676,86,0,99
720,677,86,0,99
720,678,86,0,99
720,679,86,0,99
720,680,86,0,99
720,681,86,0,99
720,682,86,0,99
720,683,86,0,99
720,684,86,0,99
720,685,86,0,99
720,686,86,0,99
720,687,86,0,99
720,688,86,0,99
720,689,86,0,99
720,690,86,0,99
720,691,86,0,99
720,692,86,0,99
720,693,86,0,99
720,694,86,0,99
720,695,86,0,99
720,696,86,0,99
720,697,86,0,99
720,698,86,0,99
720,699,86,0,99
720,700,86,0,99
720,701,86,0,99
720,702,86,0,99
720,703,86,0,99
720,704,86,0,99
720,705,86,0,99
720,706,86,0,99
720,707,86,0,99
720,708,86,0,99
720,709,86,0,99
720,710,86,0,99
720,711,86,0,99
720,712,86,0,99
720,713,86,0,99
720,714,86,0,99
720,715,86,0,99
720,716,86,0,99
720,717,86,0,99
720,718,86,0,99
720,719,86,0,99
720,721,86,0,99
720,722,86,0,99
720,723,86,0,99
720,724,86,0,99
