1,635,2,1,0
2,630,3,1,0
2,635,3,1,0
2,668,27,2,0
2,688,3,1,0
2,693,602,3,3
3,630,4,1,0
3,631,603,3,3
3,635,4,1,0
3,651,4,1,0
3,668,28,2,0
3,673,4,1,0
3,688,4,1,0
3,693,603,3,3
4,630,5,1,0
4,631,604,3,3
4,635,5,1,0
4,651,5,1,0
4,658,604,3,3
4,661,29,2,0
4,668,29,2,0
4,673,5,1,0
4,688,5,1,0
4,693,604,3,3
4,696,604,3,3
4,697,5,1,0
4,698,604,3,3
4,702,5,1,0
5,630,6,1,0
5,631,605,3,3
5,635,6,1,0
5,646,30,2,0
5,651,6,1,0
5,658,605,3,3
5,661,30,2,0
5,668,30,2,0
5,673,6,1,0
5,688,6,1,0
5,693,605,3,3
5,696,605,3,3
5,697,6,1,0
5,698,605,3,3
5,702,6,1,0
6,630,7,1,0
6,631,606,3,3
6,635,7,1,0
6,651,7,1,0
6,658,606,3,3
6,661,31,2,0
6,668,31,2,0
6,673,7,1,0
6,688,7,1,0
6,693,606,3,3
6,696,606,3,3
6,697,7,1,0
6,698,606,3,3
6,702,7,1,0
7,630,607,3,3
7,635,607,3,3
7,651,607,3,3
7,668,32,2,0
7,688,607,3,3
7,693,607,3,3
7,697,32,2,0
7,698,607,3,3
8,630,608,3,3
8,631,7,0,1
8,635,608,3,3
8,651,608,3,3
8,658,7,0,1
8,661,7,0,1
8,668,7,0,1
8,673,33,2,0
8,688,608,3,3
8,693,7,0,1
8,696,7,0,1
8,697,33,2,0
8,698,7,0,1
8,702,33,2,0
9,630,609,3,3
9,631,8,0,1
9,635,609,3,3
9,651,609,3,3
9,658,8,0,1
9,661,8,0,1
9,668,8,0,1
9,673,34,2,0
9,688,609,3,3
9,693,8,0,1
9,696,8,0,1
9,697,34,2,0
9,698,8,0,1
9,702,34,2,0
10,630,610,3,3
10,631,9,0,1
10,635,610,3,3
10,651,610,3,3
10,668,9,0,1
10,673,35,2,0
10,688,610,3,3
10,693,9,0,1
11,630,611,3,3
11,631,10,0,1
11,635,611,3,3
11,668,10,0,1
11,688,611,3,3
11,693,10,0,1
12,635,612,3,3
12,684,11,0,1
14,630,614,3,3
14,635,614,3,3
14,668,15,1,0
14,684,13,0,1
14,688,614,3,3
15,630,615,3,3
15,631,14,0,1
15,635,615,3,3
15,668,16,1,0
15,688,615,3,3
15,693,16,1,0
16,630,616,3,3
16,631,17,1,0
16,635,616,3,3
16,651,616,3,3
16,668,17,1,0
16,673,41,2,0
16,688,616,3,3
16,693,17,1,0
17,630,617,3,3
17,631,18,1,0
17,635,617,3,3
17,651,617,3,3
17,658,18,1,0
17,661,18,1,0
17,668,18,1,0
17,673,42,2,0
17,688,617,3,3
17,693,18,1,0
17,696,18,1,0
17,697,42,2,0
17,698,18,1,0
17,702,42,2,0
18,630,618,3,3
18,631,19,1,0
18,635,618,3,3
18,646,19,1,0
18,651,618,3,3
18,658,19,1,0
18,661,19,1,0
18,668,19,1,0
18,673,43,2,0
18,688,618,3,3
18,693,19,1,0
18,696,19,1,0
18,697,43,2,0
18,698,19,1,0
18,702,43,2,0
19,630,619,3,3
19,635,619,3,3
19,651,619,3,3
19,668,44,2,0
19,688,619,3,3
19,693,619,3,3
19,697,44,2,0
19,698,619,3,3
20,630,19,0,1
20,631,620,3,3
20,635,19,0,1
20,646,45,2,0
20,651,19,0,1
20,658,620,3,3
20,661,45,2,0
20,668,45,2,0
20,673,19,0,1
20,688,19,0,1
20,693,620,3,3
20,696,620,3,3
20,697,19,0,1
20,698,620,3,3
20,702,19,0,1
21,630,20,0,1
21,631,621,3,3
21,635,20,0,1
21,651,20,0,1
21,658,621,3,3
21,661,46,2,0
21,668,46,2,0
21,673,20,0,1
21,688,20,0,1
21,693,621,3,3
21,696,621,3,3
21,697,20,0,1
21,698,621,3,3
21,702,20,0,1
22,630,21,0,1
22,631,622,3,3
22,635,21,0,1
22,651,21,0,1
22,668,47,2,0
22,673,21,0,1
22,688,21,0,1
22,693,622,3,3
23,630,22,0,1
23,631,24,1,0
23,635,22,0,1
23,668,48,2,0
23,688,22,0,1
23,693,623,3,3
24,630,23,0,1
24,635,23,0,1
24,668,49,2,0
24,684,0,1,2
24,688,23,0,1
26,635,27,2,1
27,630,28,2,1
27,635,28,2,1
27,668,52,3,0
27,688,28,2,1
27,693,52,3,0
28,630,29,2,1
28,631,3,0,2
28,635,29,2,1
28,651,29,2,1
28,668,53,3,0
28,673,29,2,1
28,688,29,2,1
28,693,53,3,0
29,630,30,2,1
29,631,4,0,2
29,635,30,2,1
29,651,30,2,1
29,658,4,0,2
29,661,54,3,0
29,668,54,3,0
29,673,30,2,1
29,688,30,2,1
29,693,54,3,0
29,696,4,0,2
29,697,30,2,1
29,698,4,0,2
29,702,30,2,1
30,630,31,2,1
30,631,5,0,2
30,635,31,2,1
30,646,55,3,0
30,651,31,2,1
30,658,5,0,2
30,661,55,3,0
30,668,55,3,0
30,673,31,2,1
30,688,31,2,1
30,693,55,3,0
30,696,5,0,2
30,697,31,2,1
30,698,5,0,2
30,702,31,2,1
31,630,32,2,1
31,631,6,0,2
31,635,32,2,1
31,651,32,2,1
31,658,6,0,2
31,661,56,3,0
31,668,56,3,0
31,673,32,2,1
31,688,32,2,1
31,693,56,3,0
31,696,6,0,2
31,697,32,2,1
31,698,6,0,2
31,702,32,2,1
32,630,7,0,2
32,635,7,0,2
32,651,7,0,2
32,661,57,3,0
32,668,57,3,0
32,673,33,2,1
32,688,7,0,2
32,697,57,3,0
32,698,7,0,2
33,630,8,0,2
33,631,32,1,2
33,635,8,0,2
33,651,8,0,2
33,658,32,1,2
33,661,32,1,2
33,668,32,1,2
33,673,34,2,1
33,688,8,0,2
33,693,32,1,2
33,696,32,1,2
33,697,58,3,0
33,698,32,1,2
33,702,58,3,0
34,630,9,0,2
34,631,33,1,2
34,635,9,0,2
34,651,9,0,2
34,658,33,1,2
34,661,33,1,2
34,668,33,1,2
34,673,35,2,1
34,688,9,0,2
34,693,33,1,2
34,696,33,1,2
34,697,59,3,0
34,698,33,1,2
34,702,59,3,0
35,630,10,0,2
35,631,34,1,2
35,635,10,0,2
35,651,10,0,2
35,668,34,1,2
35,673,673,52,0
35,688,10,0,2
35,693,34,1,2
36,630,11,0,2
36,631,35,1,2
36,635,11,0,2
36,668,35,1,2
36,688,11,0,2
36,693,35,1,2
37,635,12,0,2
37,684,36,1,2
39,630,14,0,2
39,635,14,0,2
39,668,40,2,1
39,684,38,1,2
39,688,14,0,2
40,630,15,0,2
40,631,39,1,2
40,635,15,0,2
40,668,41,2,1
40,688,15,0,2
40,693,41,2,1
41,630,16,0,2
41,631,42,2,1
41,635,16,0,2
41,651,16,0,2
41,668,42,2,1
41,673,40,1,2
41,688,16,0,2
41,693,42,2,1
42,630,17,0,2
42,631,43,2,1
42,635,17,0,2
42,651,17,0,2
42,658,43,2,1
42,661,43,2,1
42,668,43,2,1
42,673,41,1,2
42,688,17,0,2
42,693,43,2,1
42,696,43,2,1
42,697,67,3,0
42,698,43,2,1
42,702,67,3,0
43,630,18,0,2
43,631,44,2,1
43,635,18,0,2
43,646,44,2,1
43,651,18,0,2
43,658,44,2,1
43,661,44,2,1
43,668,44,2,1
43,673,42,1,2
43,688,18,0,2
43,693,44,2,1
43,696,44,2,1
43,697,68,3,0
43,698,44,2,1
43,702,68,3,0
44,630,19,0,2
44,635,19,0,2
44,651,19,0,2
44,661,69,3,0
44,668,69,3,0
44,673,43,1,2
44,688,19,0,2
44,697,69,3,0
44,698,19,0,2
45,630,44,1,2
45,631,20,0,2
45,635,44,1,2
45,646,70,3,0
45,651,44,1,2
45,658,20,0,2
45,661,70,3,0
45,668,70,3,0
45,673,44,1,2
45,688,44,1,2
45,693,70,3,0
45,696,20,0,2
45,697,44,1,2
45,698,20,0,2
45,702,44,1,2
46,630,45,1,2
46,631,21,0,2
46,635,45,1,2
46,651,45,1,2
46,658,21,0,2
46,661,71,3,0
46,668,71,3,0
46,673,45,1,2
46,688,45,1,2
46,693,71,3,0
46,696,21,0,2
46,697,45,1,2
46,698,21,0,2
46,702,45,1,2
47,630,46,1,2
47,631,22,0,2
47,635,46,1,2
47,651,46,1,2
47,668,72,3,0
47,673,46,1,2
47,688,46,1,2
47,693,72,3,0
48,630,47,1,2
48,631,49,2,1
48,635,47,1,2
48,668,73,3,0
48,688,47,1,2
48,693,73,3,0
49,630,48,1,2
49,635,48,1,2
49,668,74,3,0
49,684,25,2,3
49,688,48,1,2
51,635,52,2,1
51,650,650,29,0
52,630,53,2,1
52,635,53,2,1
52,650,51,1,2
52,668,77,3,0
52,688,53,2,1
52,693,77,3,0
53,630,54,2,1
53,631,28,0,3
53,635,54,2,1
53,650,52,1,2
53,651,54,2,1
53,668,78,3,0
53,673,54,2,1
53,688,54,2,1
53,693,78,3,0
54,630,55,2,1
54,631,29,0,3
54,635,55,2,1
54,650,53,1,2
54,651,55,2,1
54,658,29,0,3
54,661,79,3,0
54,668,79,3,0
54,673,55,2,1
54,688,55,2,1
54,693,79,3,0
54,696,29,0,3
54,697,55,2,1
54,698,79,3,0
54,702,55,2,1
55,630,56,2,1
55,631,30,0,3
55,635,56,2,1
55,646,80,3,0
55,650,54,1,2
55,651,56,2,1
55,658,30,0,3
55,661,80,3,0
55,668,80,3,0
55,673,56,2,1
55,688,56,2,1
55,693,80,3,0
55,696,30,0,3
55,697,56,2,1
55,698,80,3,0
55,702,56,2,1
56,630,57,2,1
56,631,31,0,3
56,635,57,2,1
56,650,55,1,2
56,651,57,2,1
56,658,31,0,3
56,661,81,3,0
56,668,81,3,0
56,673,57,2,1
56,688,57,2,1
56,693,81,3,0
56,696,31,0,3
56,697,57,2,1
56,698,81,3,0
56,702,57,2,1
57,630,32,0,3
57,635,32,0,3
57,650,56,1,2
57,651,32,0,3
57,661,82,3,0
57,668,82,3,0
57,673,32,0,3
57,688,32,0,3
57,693,82,3,0
57,702,58,2,1
58,630,33,0,3
58,631,57,1,2
58,635,33,0,3
58,651,33,0,3
58,658,57,1,2
58,661,57,1,2
58,668,57,1,2
58,673,33,0,3
58,688,33,0,3
58,693,57,1,2
58,696,57,1,2
58,697,83,3,0
58,698,57,1,2
58,702,59,2,1
59,630,34,0,3
59,631,58,1,2
59,635,34,0,3
59,651,34,0,3
59,658,58,1,2
59,661,58,1,2
59,668,58,1,2
59,673,34,0,3
59,688,34,0,3
59,693,58,1,2
59,696,58,1,2
59,697,84,3,0
59,698,58,1,2
59,702,702,81,0
60,630,35,0,3
60,631,59,1,2
60,635,35,0,3
60,651,35,0,3
60,668,59,1,2
60,673,35,0,3
60,688,35,0,3
60,693,59,1,2
61,630,36,0,3
61,631,60,1,2
61,635,36,0,3
61,668,60,1,2
61,688,36,0,3
61,693,60,1,2
62,635,37,0,3
62,684,61,1,2
64,630,39,0,3
64,635,39,0,3
64,668,65,2,1
64,684,63,1,2
64,688,39,0,3
65,630,40,0,3
65,631,64,1,2
65,635,40,0,3
65,668,66,2,1
65,688,40,0,3
65,693,66,2,1
66,630,41,0,3
66,631,67,2,1
66,635,41,0,3
66,651,41,0,3
66,668,67,2,1
66,673,41,0,3
66,688,41,0,3
66,693,67,2,1
67,630,42,0,3
67,631,68,2,1
67,635,42,0,3
67,651,42,0,3
67,658,68,2,1
67,661,68,2,1
67,668,68,2,1
67,673,42,0,3
67,688,42,0,3
67,693,68,2,1
67,696,68,2,1
67,697,92,3,0
67,698,68,2,1
67,702,66,1,2
68,630,43,0,3
68,631,69,2,1
68,635,43,0,3
68,646,69,2,1
68,651,43,0,3
68,658,69,2,1
68,661,69,2,1
68,668,69,2,1
68,673,43,0,3
68,688,43,0,3
68,693,69,2,1
68,696,69,2,1
68,697,93,3,0
68,698,69,2,1
68,702,67,1,2
69,630,44,0,3
69,635,44,0,3
69,650,70,2,1
69,651,44,0,3
69,661,94,3,0
69,668,94,3,0
69,673,44,0,3
69,688,44,0,3
69,693,94,3,0
69,702,68,1,2
70,630,69,1,2
70,631,45,0,3
70,635,69,1,2
70,646,95,3,0
70,650,71,2,1
70,651,69,1,2
70,658,45,0,3
70,661,95,3,0
70,668,95,3,0
70,673,69,1,2
70,688,69,1,2
70,693,95,3,0
70,696,45,0,3
70,697,69,1,2
70,698,95,3,0
70,702,69,1,2
71,630,70,1,2
71,631,46,0,3
71,635,70,1,2
71,650,72,2,1
71,651,70,1,2
71,658,46,0,3
71,661,96,3,0
71,668,96,3,0
71,673,70,1,2
71,688,70,1,2
71,693,96,3,0
71,696,46,0,3
71,697,70,1,2
71,698,96,3,0
71,702,70,1,2
72,630,71,1,2
72,631,47,0,3
72,635,71,1,2
72,650,73,2,1
72,651,71,1,2
72,668,97,3,0
72,673,71,1,2
72,688,71,1,2
72,693,97,3,0
73,630,72,1,2
73,631,74,2,1
73,635,72,1,2
73,650,74,2,1
73,668,98,3,0
73,688,72,1,2
73,693,98,3,0
74,630,73,1,2
74,635,73,1,2
74,650,50,2,3
74,668,99,3,0
74,684,50,2,3
74,688,73,1,2
76,635,77,2,1
76,650,51,0,3
77,630,78,2,1
77,635,78,2,1
77,650,52,0,3
77,668,102,3,0
77,688,78,2,1
77,693,102,3,0
78,630,79,2,1
78,631,53,0,3
78,635,79,2,1
78,650,53,0,3
78,651,79,2,1
78,668,103,3,0
78,673,79,2,1
78,688,79,2,1
78,693,103,3,0
79,630,80,2,1
79,631,54,0,3
79,635,80,2,1
79,650,54,0,3
79,651,80,2,1
79,658,54,0,3
79,661,104,3,0
79,668,104,3,0
79,673,80,2,1
79,688,80,2,1
79,693,104,3,0
79,696,54,0,3
79,697,80,2,1
79,698,104,3,0
79,702,80,2,1
80,630,81,2,1
80,631,55,0,3
80,635,81,2,1
80,646,105,3,0
80,650,55,0,3
80,651,81,2,1
80,658,55,0,3
80,661,105,3,0
80,668,105,3,0
80,673,81,2,1
80,688,81,2,1
80,693,105,3,0
80,696,55,0,3
80,697,81,2,1
80,698,105,3,0
80,702,81,2,1
81,630,82,2,1
81,631,56,0,3
81,635,82,2,1
81,646,106,3,0
81,650,56,0,3
81,651,82,2,1
81,658,56,0,3
81,661,106,3,0
81,668,106,3,0
81,673,82,2,1
81,688,82,2,1
81,693,106,3,0
81,696,56,0,3
81,697,82,2,1
81,698,106,3,0
81,702,82,2,1
82,630,57,0,3
82,631,57,0,3
82,635,57,0,3
82,646,107,3,0
82,650,57,0,3
82,651,57,0,3
82,658,57,0,3
82,661,107,3,0
82,668,107,3,0
82,673,57,0,3
82,684,57,0,3
82,688,57,0,3
82,693,107,3,0
82,702,57,0,3
83,630,58,0,3
83,631,82,1,2
83,635,58,0,3
83,651,58,0,3
83,658,82,1,2
83,661,82,1,2
83,668,82,1,2
83,673,58,0,3
83,684,58,0,3
83,688,58,0,3
83,693,82,1,2
83,696,82,1,2
83,697,108,3,0
83,698,82,1,2
83,702,58,0,3
84,630,59,0,3
84,631,83,1,2
84,635,59,0,3
84,651,59,0,3
84,658,83,1,2
84,661,83,1,2
84,668,83,1,2
84,673,59,0,3
84,684,59,0,3
84,688,59,0,3
84,693,83,1,2
84,696,83,1,2
84,697,109,3,0
84,698,83,1,2
84,702,59,0,3
85,630,60,0,3
85,631,84,1,2
85,635,60,0,3
85,651,60,0,3
85,668,84,1,2
85,673,60,0,3
85,684,60,0,3
85,688,60,0,3
85,693,84,1,2
86,630,61,0,3
86,631,85,1,2
86,635,61,0,3
86,668,85,1,2
86,684,61,0,3
86,688,61,0,3
86,693,85,1,2
87,635,62,0,3
87,684,86,1,2
89,630,64,0,3
89,635,64,0,3
89,668,90,2,1
89,684,88,1,2
89,688,64,0,3
90,630,65,0,3
90,631,89,1,2
90,635,65,0,3
90,668,91,2,1
90,684,65,0,3
90,688,65,0,3
90,693,91,2,1
91,630,66,0,3
91,631,92,2,1
91,635,66,0,3
91,651,66,0,3
91,668,92,2,1
91,673,66,0,3
91,684,66,0,3
91,688,66,0,3
91,693,92,2,1
92,630,67,0,3
92,631,93,2,1
92,635,67,0,3
92,651,67,0,3
92,658,93,2,1
92,661,93,2,1
92,668,93,2,1
92,673,67,0,3
92,684,67,0,3
92,688,67,0,3
92,693,93,2,1
92,696,93,2,1
92,697,117,3,0
92,698,93,2,1
92,702,67,0,3
93,630,68,0,3
93,631,94,2,1
93,635,68,0,3
93,646,94,2,1
93,651,68,0,3
93,658,94,2,1
93,661,94,2,1
93,668,94,2,1
93,673,68,0,3
93,684,68,0,3
93,688,68,0,3
93,693,94,2,1
93,696,94,2,1
93,697,118,3,0
93,698,94,2,1
93,702,68,0,3
94,630,69,0,3
94,631,69,0,3
94,635,69,0,3
94,646,119,3,0
94,650,69,0,3
94,651,69,0,3
94,658,69,0,3
94,661,119,3,0
94,668,119,3,0
94,673,69,0,3
94,684,69,0,3
94,688,69,0,3
94,693,119,3,0
94,702,69,0,3
95,630,94,1,2
95,631,70,0,3
95,635,94,1,2
95,646,120,3,0
95,650,70,0,3
95,651,94,1,2
95,658,70,0,3
95,661,120,3,0
95,668,120,3,0
95,673,94,1,2
95,688,94,1,2
95,693,120,3,0
95,696,70,0,3
95,697,94,1,2
95,698,120,3,0
95,702,94,1,2
96,630,95,1,2
96,631,71,0,3
96,635,95,1,2
96,650,71,0,3
96,651,95,1,2
96,658,71,0,3
96,661,121,3,0
96,668,121,3,0
96,673,95,1,2
96,688,95,1,2
96,693,121,3,0
96,696,71,0,3
96,697,95,1,2
96,698,121,3,0
96,702,95,1,2
97,630,96,1,2
97,631,72,0,3
97,635,96,1,2
97,650,72,0,3
97,651,96,1,2
97,668,122,3,0
97,673,96,1,2
97,688,96,1,2
97,693,122,3,0
98,630,97,1,2
98,631,99,2,1
98,635,97,1,2
98,650,73,0,3
98,668,123,3,0
98,688,97,1,2
98,693,123,3,0
99,630,98,1,2
99,635,98,1,2
99,650,74,0,3
99,668,124,3,0
99,684,75,2,3
99,688,98,1,2
101,635,102,2,1
102,630,103,2,1
102,635,103,2,1
102,668,127,3,0
102,688,103,2,1
102,693,127,3,0
103,630,104,2,1
103,631,78,0,3
103,635,104,2,1
103,651,104,2,1
103,668,128,3,0
103,673,104,2,1
103,688,104,2,1
103,693,128,3,0
104,630,105,2,1
104,631,79,0,3
104,635,105,2,1
104,651,105,2,1
104,658,79,0,3
104,661,129,3,0
104,668,129,3,0
104,673,105,2,1
104,688,105,2,1
104,693,129,3,0
104,696,79,0,3
104,697,105,2,1
104,698,129,3,0
104,702,105,2,1
105,630,106,2,1
105,631,80,0,3
105,635,106,2,1
105,646,646,25,0
105,651,106,2,1
105,658,80,0,3
105,661,130,3,0
105,668,130,3,0
105,673,106,2,1
105,688,106,2,1
105,693,130,3,0
105,696,80,0,3
105,697,106,2,1
105,698,130,3,0
105,702,106,2,1
106,630,107,2,1
106,631,81,0,3
106,635,107,2,1
106,646,105,1,2
106,651,107,2,1
106,658,81,0,3
106,661,131,3,0
106,668,131,3,0
106,673,107,2,1
106,688,107,2,1
106,693,131,3,0
106,696,81,0,3
106,697,107,2,1
106,698,131,3,0
106,702,107,2,1
107,630,82,0,3
107,631,82,0,3
107,635,82,0,3
107,646,106,1,2
107,651,82,0,3
107,658,82,0,3
107,661,132,3,0
107,668,132,3,0
107,673,82,0,3
107,693,132,3,0
107,702,82,0,3
108,630,83,0,3
108,631,107,1,2
108,635,83,0,3
108,651,83,0,3
108,658,107,1,2
108,661,107,1,2
108,668,107,1,2
108,673,83,0,3
108,688,133,3,0
108,693,107,1,2
108,696,107,1,2
108,697,133,3,0
108,698,107,1,2
108,702,83,0,3
109,630,84,0,3
109,631,108,1,2
109,635,84,0,3
109,651,84,0,3
109,658,108,1,2
109,661,108,1,2
109,668,108,1,2
109,673,84,0,3
109,688,134,3,0
109,693,108,1,2
109,696,108,1,2
109,697,134,3,0
109,698,108,1,2
109,702,84,0,3
110,630,85,0,3
110,631,109,1,2
110,635,85,0,3
110,651,85,0,3
110,668,109,1,2
110,673,85,0,3
110,688,135,3,0
110,693,109,1,2
111,630,86,0,3
111,631,110,1,2
111,635,86,0,3
111,668,110,1,2
111,688,136,3,0
111,693,110,1,2
112,635,87,0,3
112,684,111,1,2
114,630,89,0,3
114,635,89,0,3
114,668,115,2,1
114,684,113,1,2
114,688,139,3,0
115,630,90,0,3
115,631,114,1,2
115,635,90,0,3
115,668,116,2,1
115,688,140,3,0
115,693,116,2,1
116,630,91,0,3
116,631,117,2,1
116,635,91,0,3
116,651,91,0,3
116,668,117,2,1
116,673,91,0,3
116,688,141,3,0
116,693,117,2,1
117,630,92,0,3
117,631,118,2,1
117,635,92,0,3
117,651,92,0,3
117,658,118,2,1
117,661,118,2,1
117,668,118,2,1
117,673,92,0,3
117,688,142,3,0
117,693,118,2,1
117,696,118,2,1
117,697,142,3,0
117,698,118,2,1
117,702,92,0,3
118,630,93,0,3
118,631,119,2,1
118,635,93,0,3
118,646,119,2,1
118,651,93,0,3
118,658,119,2,1
118,661,119,2,1
118,668,119,2,1
118,673,93,0,3
118,688,143,3,0
118,693,119,2,1
118,696,119,2,1
118,697,143,3,0
118,698,119,2,1
118,702,93,0,3
119,630,94,0,3
119,631,94,0,3
119,635,94,0,3
119,646,120,2,1
119,651,94,0,3
119,658,94,0,3
119,661,144,3,0
119,668,144,3,0
119,673,94,0,3
119,693,144,3,0
119,702,94,0,3
120,630,119,1,2
120,631,95,0,3
120,635,119,1,2
120,651,119,1,2
120,658,95,0,3
120,661,145,3,0
120,668,145,3,0
120,673,119,1,2
120,688,119,1,2
120,693,145,3,0
120,696,95,0,3
120,697,119,1,2
120,698,145,3,0
120,702,119,1,2
121,630,120,1,2
121,631,96,0,3
121,635,120,1,2
121,651,120,1,2
121,658,96,0,3
121,661,146,3,0
121,668,146,3,0
121,673,120,1,2
121,688,120,1,2
121,693,146,3,0
121,696,96,0,3
121,697,120,1,2
121,698,146,3,0
121,702,120,1,2
122,630,121,1,2
122,631,97,0,3
122,635,121,1,2
122,651,121,1,2
122,668,147,3,0
122,673,121,1,2
122,688,121,1,2
122,693,147,3,0
123,630,122,1,2
123,631,124,2,1
123,635,122,1,2
123,668,148,3,0
123,688,122,1,2
123,693,148,3,0
124,630,123,1,2
124,635,123,1,2
124,668,149,3,0
124,684,100,2,3
124,688,123,1,2
126,635,127,2,1
127,630,128,2,1
127,635,128,2,1
127,668,152,3,0
127,688,128,2,1
127,693,152,3,0
128,630,129,2,1
128,631,103,0,3
128,635,129,2,1
128,651,129,2,1
128,668,153,3,0
128,673,129,2,1
128,688,129,2,1
128,693,153,3,0
129,630,130,2,1
129,631,104,0,3
129,635,130,2,1
129,651,130,2,1
129,658,104,0,3
129,661,154,3,0
129,668,154,3,0
129,673,130,2,1
129,688,130,2,1
129,693,154,3,0
129,696,104,0,3
129,697,130,2,1
129,698,154,3,0
129,702,130,2,1
130,630,131,2,1
130,631,105,0,3
130,635,131,2,1
130,646,105,0,3
130,651,131,2,1
130,658,105,0,3
130,661,155,3,0
130,668,155,3,0
130,673,131,2,1
130,688,131,2,1
130,693,155,3,0
130,696,105,0,3
130,697,131,2,1
130,698,155,3,0
130,702,131,2,1
131,630,132,2,1
131,631,106,0,3
131,635,132,2,1
131,651,132,2,1
131,658,106,0,3
131,661,156,3,0
131,668,156,3,0
131,673,132,2,1
131,688,132,2,1
131,693,156,3,0
131,696,106,0,3
131,697,132,2,1
131,698,156,3,0
131,702,132,2,1
132,630,107,0,3
132,631,107,0,3
132,635,107,0,3
132,651,107,0,3
132,658,107,0,3
132,661,157,3,0
132,673,107,0,3
132,688,157,3,0
132,693,157,3,0
132,696,107,0,3
132,702,107,0,3
133,630,108,0,3
133,631,132,1,2
133,635,108,0,3
133,651,108,0,3
133,658,132,1,2
133,661,132,1,2
133,668,132,1,2
133,673,108,0,3
133,688,158,3,0
133,693,132,1,2
133,696,132,1,2
133,697,158,3,0
133,698,132,1,2
133,702,108,0,3
134,630,109,0,3
134,631,133,1,2
134,635,109,0,3
134,651,109,0,3
134,658,133,1,2
134,661,133,1,2
134,668,133,1,2
134,673,109,0,3
134,688,159,3,0
134,693,133,1,2
134,696,133,1,2
134,697,159,3,0
134,698,133,1,2
134,702,109,0,3
135,630,110,0,3
135,631,134,1,2
135,635,110,0,3
135,651,110,0,3
135,668,134,1,2
135,673,110,0,3
135,688,160,3,0
135,693,134,1,2
136,630,111,0,3
136,631,135,1,2
136,635,111,0,3
136,668,135,1,2
136,688,161,3,0
136,693,135,1,2
137,635,112,0,3
137,684,136,1,2
139,630,114,0,3
139,635,114,0,3
139,668,140,2,1
139,684,138,1,2
139,688,164,3,0
140,630,115,0,3
140,631,139,1,2
140,635,115,0,3
140,668,141,2,1
140,688,165,3,0
140,693,141,2,1
141,630,116,0,3
141,631,142,2,1
141,635,116,0,3
141,651,116,0,3
141,668,142,2,1
141,673,116,0,3
141,688,166,3,0
141,693,142,2,1
142,630,117,0,3
142,631,143,2,1
142,635,117,0,3
142,651,117,0,3
142,658,143,2,1
142,661,143,2,1
142,668,143,2,1
142,673,117,0,3
142,688,167,3,0
142,693,143,2,1
142,696,143,2,1
142,697,167,3,0
142,698,143,2,1
142,702,117,0,3
143,630,118,0,3
143,631,144,2,1
143,635,118,0,3
143,646,144,2,1
143,651,118,0,3
143,658,144,2,1
143,661,144,2,1
143,668,144,2,1
143,673,118,0,3
143,688,168,3,0
143,693,144,2,1
143,696,144,2,1
143,697,168,3,0
143,698,144,2,1
143,702,118,0,3
144,630,119,0,3
144,631,119,0,3
144,635,119,0,3
144,651,119,0,3
144,658,119,0,3
144,661,169,3,0
144,673,119,0,3
144,688,169,3,0
144,693,169,3,0
144,696,119,0,3
144,702,119,0,3
145,630,144,1,2
145,631,120,0,3
145,635,144,1,2
145,646,120,0,3
145,651,144,1,2
145,658,120,0,3
145,661,170,3,0
145,668,170,3,0
145,673,144,1,2
145,688,144,1,2
145,693,170,3,0
145,696,120,0,3
145,697,144,1,2
145,698,170,3,0
145,702,144,1,2
146,630,145,1,2
146,631,121,0,3
146,635,145,1,2
146,651,145,1,2
146,658,121,0,3
146,661,171,3,0
146,668,171,3,0
146,673,145,1,2
146,688,145,1,2
146,693,171,3,0
146,696,121,0,3
146,697,145,1,2
146,698,171,3,0
146,702,145,1,2
147,630,146,1,2
147,631,122,0,3
147,635,146,1,2
147,651,146,1,2
147,668,172,3,0
147,673,146,1,2
147,688,146,1,2
147,693,172,3,0
148,630,147,1,2
148,631,149,2,1
148,635,147,1,2
148,668,173,3,0
148,688,147,1,2
148,693,173,3,0
149,630,148,1,2
149,635,148,1,2
149,668,174,3,0
149,684,125,2,3
149,688,148,1,2
151,635,152,2,1
152,630,153,2,1
152,635,153,2,1
152,668,151,1,2
152,688,153,2,1
152,693,177,3,0
153,630,154,2,1
153,631,128,0,3
153,635,154,2,1
153,651,154,2,1
153,668,152,1,2
153,673,154,2,1
153,688,154,2,1
153,693,178,3,0
154,630,155,2,1
154,631,129,0,3
154,635,155,2,1
154,651,155,2,1
154,658,129,0,3
154,661,179,3,0
154,668,153,1,2
154,673,155,2,1
154,688,155,2,1
154,693,179,3,0
154,696,129,0,3
154,697,155,2,1
154,698,179,3,0
154,702,155,2,1
155,630,156,2,1
155,631,130,0,3
155,635,156,2,1
155,646,130,0,3
155,651,156,2,1
155,658,130,0,3
155,661,180,3,0
155,668,154,1,2
155,673,156,2,1
155,688,156,2,1
155,693,180,3,0
155,696,130,0,3
155,697,156,2,1
155,698,180,3,0
155,702,156,2,1
156,630,157,2,1
156,631,131,0,3
156,635,157,2,1
156,651,157,2,1
156,658,131,0,3
156,661,181,3,0
156,668,155,1,2
156,673,157,2,1
156,688,157,2,1
156,693,181,3,0
156,696,131,0,3
156,697,157,2,1
156,698,181,3,0
156,702,157,2,1
157,630,132,0,3
157,631,132,0,3
157,635,132,0,3
157,651,132,0,3
157,658,132,0,3
157,661,182,3,0
157,668,156,1,2
157,673,132,0,3
157,688,182,3,0
157,693,182,3,0
157,696,132,0,3
157,702,132,0,3
158,630,133,0,3
158,631,157,1,2
158,635,133,0,3
158,651,133,0,3
158,658,157,1,2
158,661,157,1,2
158,668,157,1,2
158,673,133,0,3
158,688,183,3,0
158,693,157,1,2
158,696,157,1,2
158,697,183,3,0
158,698,157,1,2
158,702,133,0,3
159,630,134,0,3
159,631,158,1,2
159,635,134,0,3
159,651,134,0,3
159,658,158,1,2
159,661,158,1,2
159,668,158,1,2
159,673,134,0,3
159,688,184,3,0
159,693,158,1,2
159,696,158,1,2
159,697,184,3,0
159,698,158,1,2
159,702,134,0,3
160,630,135,0,3
160,631,159,1,2
160,635,135,0,3
160,651,135,0,3
160,668,159,1,2
160,673,135,0,3
160,688,185,3,0
160,693,159,1,2
161,630,136,0,3
161,631,160,1,2
161,635,136,0,3
161,668,160,1,2
161,688,186,3,0
161,693,160,1,2
162,635,137,0,3
162,684,161,1,2
164,630,139,0,3
164,635,139,0,3
164,668,165,2,1
164,684,163,1,2
164,688,189,3,0
165,630,140,0,3
165,631,164,1,2
165,635,140,0,3
165,668,166,2,1
165,688,190,3,0
165,693,166,2,1
166,630,141,0,3
166,631,167,2,1
166,635,141,0,3
166,651,141,0,3
166,668,167,2,1
166,673,141,0,3
166,688,191,3,0
166,693,167,2,1
167,630,142,0,3
167,631,168,2,1
167,635,142,0,3
167,651,142,0,3
167,658,168,2,1
167,661,168,2,1
167,668,168,2,1
167,673,142,0,3
167,688,192,3,0
167,693,168,2,1
167,696,168,2,1
167,697,192,3,0
167,698,168,2,1
167,702,142,0,3
168,630,143,0,3
168,631,169,2,1
168,635,143,0,3
168,646,169,2,1
168,651,143,0,3
168,658,169,2,1
168,661,169,2,1
168,668,169,2,1
168,673,143,0,3
168,688,193,3,0
168,693,169,2,1
168,696,169,2,1
168,697,193,3,0
168,698,169,2,1
168,702,143,0,3
169,630,144,0,3
169,631,144,0,3
169,635,144,0,3
169,651,144,0,3
169,658,144,0,3
169,661,194,3,0
169,668,170,2,1
169,673,144,0,3
169,688,194,3,0
169,693,194,3,0
169,696,144,0,3
169,702,144,0,3
170,630,169,1,2
170,631,145,0,3
170,635,169,1,2
170,646,145,0,3
170,651,169,1,2
170,658,145,0,3
170,661,195,3,0
170,668,171,2,1
170,673,169,1,2
170,688,169,1,2
170,693,195,3,0
170,696,145,0,3
170,697,169,1,2
170,698,195,3,0
170,702,169,1,2
171,630,170,1,2
171,631,146,0,3
171,635,170,1,2
171,651,170,1,2
171,658,146,0,3
171,661,196,3,0
171,668,172,2,1
171,673,170,1,2
171,688,170,1,2
171,693,196,3,0
171,696,146,0,3
171,697,170,1,2
171,698,196,3,0
171,702,170,1,2
172,630,171,1,2
172,631,147,0,3
172,635,171,1,2
172,651,171,1,2
172,668,173,2,1
172,673,171,1,2
172,688,171,1,2
172,693,197,3,0
173,630,172,1,2
173,631,174,2,1
173,635,172,1,2
173,668,174,2,1
173,688,172,1,2
173,693,198,3,0
174,630,173,1,2
174,635,173,1,2
174,668,668,47,0
174,684,150,2,3
174,688,173,1,2
176,635,177,2,1
177,630,178,2,1
177,635,178,2,1
177,668,152,0,3
177,688,178,2,1
177,693,202,3,0
178,630,179,2,1
178,631,153,0,3
178,635,179,2,1
178,651,179,2,1
178,668,153,0,3
178,673,179,2,1
178,688,179,2,1
178,693,203,3,0
179,630,180,2,1
179,631,154,0,3
179,635,180,2,1
179,651,180,2,1
179,658,154,0,3
179,661,204,3,0
179,668,154,0,3
179,673,180,2,1
179,688,180,2,1
179,693,204,3,0
179,696,154,0,3
179,697,180,2,1
179,698,204,3,0
179,702,180,2,1
180,630,181,2,1
180,631,155,0,3
180,635,181,2,1
180,646,155,0,3
180,651,181,2,1
180,658,155,0,3
180,661,205,3,0
180,668,155,0,3
180,673,181,2,1
180,688,181,2,1
180,693,205,3,0
180,696,155,0,3
180,697,181,2,1
180,698,205,3,0
180,702,181,2,1
181,630,182,2,1
181,631,156,0,3
181,635,182,2,1
181,651,182,2,1
181,658,156,0,3
181,661,206,3,0
181,668,156,0,3
181,673,182,2,1
181,688,182,2,1
181,693,206,3,0
181,696,156,0,3
181,697,182,2,1
181,698,206,3,0
181,702,182,2,1
182,630,157,0,3
182,631,157,0,3
182,635,157,0,3
182,658,157,0,3
182,661,207,3,0
182,668,157,0,3
182,673,157,0,3
182,688,207,3,0
182,693,207,3,0
182,696,157,0,3
182,697,183,2,1
182,698,207,3,0
182,702,157,0,3
183,630,158,0,3
183,631,182,1,2
183,635,158,0,3
183,651,158,0,3
183,658,182,1,2
183,661,182,1,2
183,668,182,1,2
183,673,158,0,3
183,688,208,3,0
183,693,182,1,2
183,696,182,1,2
183,697,184,2,1
183,698,182,1,2
183,702,158,0,3
184,630,159,0,3
184,631,183,1,2
184,635,159,0,3
184,651,159,0,3
184,658,183,1,2
184,661,183,1,2
184,668,183,1,2
184,673,159,0,3
184,688,209,3,0
184,693,183,1,2
184,696,183,1,2
184,697,697,76,0
184,698,183,1,2
184,702,159,0,3
185,630,160,0,3
185,631,184,1,2
185,635,160,0,3
185,651,160,0,3
185,668,184,1,2
185,673,160,0,3
185,688,210,3,0
185,693,184,1,2
186,630,161,0,3
186,631,185,1,2
186,635,161,0,3
186,668,185,1,2
186,688,211,3,0
186,693,185,1,2
187,635,162,0,3
187,684,186,1,2
189,630,164,0,3
189,635,164,0,3
189,668,190,2,1
189,684,188,1,2
189,688,214,3,0
190,630,165,0,3
190,631,189,1,2
190,635,165,0,3
190,668,191,2,1
190,688,215,3,0
190,693,191,2,1
191,630,166,0,3
191,631,192,2,1
191,635,166,0,3
191,651,166,0,3
191,668,192,2,1
191,673,166,0,3
191,688,216,3,0
191,693,192,2,1
192,630,167,0,3
192,631,193,2,1
192,635,167,0,3
192,651,167,0,3
192,658,193,2,1
192,661,193,2,1
192,668,193,2,1
192,673,167,0,3
192,688,217,3,0
192,693,193,2,1
192,696,193,2,1
192,697,191,1,2
192,698,193,2,1
192,702,167,0,3
193,630,168,0,3
193,631,194,2,1
193,635,168,0,3
193,646,194,2,1
193,651,168,0,3
193,658,194,2,1
193,661,194,2,1
193,668,194,2,1
193,673,168,0,3
193,688,218,3,0
193,693,194,2,1
193,696,194,2,1
193,697,192,1,2
193,698,194,2,1
193,702,168,0,3
194,630,169,0,3
194,631,169,0,3
194,635,169,0,3
194,658,169,0,3
194,661,219,3,0
194,668,169,0,3
194,673,169,0,3
194,688,219,3,0
194,693,219,3,0
194,696,169,0,3
194,697,193,1,2
194,698,219,3,0
194,702,169,0,3
195,630,194,1,2
195,631,170,0,3
195,635,194,1,2
195,646,170,0,3
195,651,194,1,2
195,658,170,0,3
195,661,220,3,0
195,668,170,0,3
195,673,194,1,2
195,688,194,1,2
195,693,220,3,0
195,696,170,0,3
195,697,194,1,2
195,698,220,3,0
195,702,194,1,2
196,630,195,1,2
196,631,171,0,3
196,635,195,1,2
196,651,195,1,2
196,658,171,0,3
196,661,221,3,0
196,668,171,0,3
196,673,195,1,2
196,688,195,1,2
196,693,221,3,0
196,696,171,0,3
196,697,195,1,2
196,698,221,3,0
196,702,195,1,2
197,630,196,1,2
197,631,172,0,3
197,635,196,1,2
197,651,196,1,2
197,668,172,0,3
197,673,196,1,2
197,688,196,1,2
197,693,222,3,0
198,630,197,1,2
198,631,199,2,1
198,635,197,1,2
198,668,173,0,3
198,688,197,1,2
198,693,223,3,0
199,630,198,1,2
199,635,198,1,2
199,668,174,0,3
199,684,175,2,3
199,688,198,1,2
201,635,202,2,1
202,630,203,2,1
202,635,203,2,1
202,668,177,0,3
202,688,203,2,1
202,693,227,3,0
203,630,204,2,1
203,631,178,0,3
203,635,204,2,1
203,651,204,2,1
203,668,178,0,3
203,673,204,2,1
203,688,204,2,1
203,693,228,3,0
204,630,205,2,1
204,631,179,0,3
204,635,205,2,1
204,651,205,2,1
204,658,179,0,3
204,661,661,40,0
204,668,179,0,3
204,673,205,2,1
204,688,205,2,1
204,693,229,3,0
204,696,179,0,3
204,697,205,2,1
204,698,229,3,0
204,702,205,2,1
205,630,206,2,1
205,631,180,0,3
205,635,206,2,1
205,646,180,0,3
205,651,206,2,1
205,658,180,0,3
205,661,204,1,2
205,668,180,0,3
205,673,206,2,1
205,688,206,2,1
205,693,230,3,0
205,696,180,0,3
205,697,206,2,1
205,698,230,3,0
205,702,206,2,1
206,630,207,2,1
206,631,181,0,3
206,635,207,2,1
206,651,207,2,1
206,658,181,0,3
206,661,205,1,2
206,668,181,0,3
206,673,207,2,1
206,688,207,2,1
206,693,231,3,0
206,696,181,0,3
206,697,207,2,1
206,698,231,3,0
206,702,207,2,1
207,630,182,0,3
207,631,182,0,3
207,635,182,0,3
207,658,182,0,3
207,661,206,1,2
207,668,182,0,3
207,673,182,0,3
207,688,232,3,0
207,693,232,3,0
207,696,182,0,3
207,697,182,0,3
207,698,232,3,0
207,702,182,0,3
208,630,183,0,3
208,631,207,1,2
208,635,183,0,3
208,651,183,0,3
208,658,207,1,2
208,661,207,1,2
208,668,207,1,2
208,673,183,0,3
208,688,233,3,0
208,693,207,1,2
208,696,207,1,2
208,697,183,0,3
208,698,207,1,2
208,702,183,0,3
209,630,184,0,3
209,631,208,1,2
209,635,184,0,3
209,651,184,0,3
209,658,208,1,2
209,661,208,1,2
209,668,208,1,2
209,673,184,0,3
209,688,234,3,0
209,693,208,1,2
209,696,208,1,2
209,697,184,0,3
209,698,208,1,2
209,702,184,0,3
210,630,185,0,3
210,631,209,1,2
210,635,185,0,3
210,651,185,0,3
210,668,209,1,2
210,673,185,0,3
210,688,235,3,0
210,693,209,1,2
211,630,186,0,3
211,631,210,1,2
211,635,186,0,3
211,668,210,1,2
211,688,236,3,0
211,693,210,1,2
212,635,187,0,3
212,684,211,1,2
214,630,189,0,3
214,635,189,0,3
214,668,215,2,1
214,684,213,1,2
214,688,239,3,0
215,630,190,0,3
215,631,214,1,2
215,635,190,0,3
215,668,216,2,1
215,688,240,3,0
215,693,216,2,1
216,630,191,0,3
216,631,217,2,1
216,635,191,0,3
216,651,191,0,3
216,668,217,2,1
216,673,191,0,3
216,688,241,3,0
216,693,217,2,1
217,630,192,0,3
217,631,218,2,1
217,635,192,0,3
217,651,192,0,3
217,658,218,2,1
217,661,218,2,1
217,668,218,2,1
217,673,192,0,3
217,688,242,3,0
217,693,218,2,1
217,696,218,2,1
217,697,192,0,3
217,698,218,2,1
217,702,192,0,3
218,630,193,0,3
218,631,219,2,1
218,635,193,0,3
218,646,219,2,1
218,651,193,0,3
218,658,219,2,1
218,661,219,2,1
218,668,219,2,1
218,673,193,0,3
218,688,243,3,0
218,693,219,2,1
218,696,219,2,1
218,697,193,0,3
218,698,219,2,1
218,702,193,0,3
219,630,194,0,3
219,631,194,0,3
219,635,194,0,3
219,658,194,0,3
219,661,220,2,1
219,668,194,0,3
219,673,194,0,3
219,688,244,3,0
219,693,244,3,0
219,696,194,0,3
219,697,194,0,3
219,698,244,3,0
219,702,194,0,3
220,630,219,1,2
220,631,195,0,3
220,635,219,1,2
220,646,195,0,3
220,651,219,1,2
220,658,195,0,3
220,661,221,2,1
220,668,195,0,3
220,673,219,1,2
220,688,219,1,2
220,693,245,3,0
220,696,195,0,3
220,697,219,1,2
220,698,245,3,0
220,702,219,1,2
221,630,220,1,2
221,631,196,0,3
221,635,220,1,2
221,651,220,1,2
221,658,196,0,3
221,661,222,2,1
221,668,196,0,3
221,673,220,1,2
221,688,220,1,2
221,693,246,3,0
221,696,196,0,3
221,697,220,1,2
221,698,246,3,0
221,702,220,1,2
222,630,221,1,2
222,631,197,0,3
222,635,221,1,2
222,651,221,1,2
222,668,197,0,3
222,673,221,1,2
222,688,221,1,2
222,693,247,3,0
223,630,222,1,2
223,631,224,2,1
223,635,222,1,2
223,668,198,0,3
223,688,222,1,2
223,693,248,3,0
224,630,223,1,2
224,635,223,1,2
224,668,199,0,3
224,684,200,2,3
224,688,223,1,2
226,635,227,2,1
227,630,228,2,1
227,635,228,2,1
227,668,202,0,3
227,688,228,2,1
227,693,252,3,0
228,630,229,2,1
228,631,203,0,3
228,635,229,2,1
228,651,229,2,1
228,668,203,0,3
228,673,229,2,1
228,688,229,2,1
228,693,253,3,0
229,630,230,2,1
229,631,204,0,3
229,635,230,2,1
229,651,230,2,1
229,658,204,0,3
229,661,204,0,3
229,668,204,0,3
229,673,230,2,1
229,688,230,2,1
229,693,254,3,0
229,696,204,0,3
229,697,230,2,1
229,698,254,3,0
229,702,230,2,1
230,630,231,2,1
230,631,205,0,3
230,635,231,2,1
230,646,205,0,3
230,651,231,2,1
230,658,205,0,3
230,661,205,0,3
230,668,205,0,3
230,673,231,2,1
230,688,231,2,1
230,693,255,3,0
230,696,205,0,3
230,697,231,2,1
230,698,255,3,0
230,702,231,2,1
231,630,232,2,1
231,631,206,0,3
231,635,232,2,1
231,651,232,2,1
231,658,206,0,3
231,661,206,0,3
231,668,206,0,3
231,673,232,2,1
231,688,232,2,1
231,693,256,3,0
231,696,206,0,3
231,697,232,2,1
231,698,256,3,0
231,702,232,2,1
232,631,207,0,3
232,658,207,0,3
232,668,207,0,3
232,673,207,0,3
232,688,257,3,0
232,693,257,3,0
232,696,207,0,3
232,697,207,0,3
232,698,257,3,0
232,702,207,0,3
233,630,258,3,0
233,631,232,1,2
233,635,208,0,3
233,651,208,0,3
233,658,232,1,2
233,661,232,1,2
233,668,232,1,2
233,673,208,0,3
233,688,258,3,0
233,693,232,1,2
233,696,232,1,2
233,697,208,0,3
233,698,232,1,2
233,702,208,0,3
234,630,259,3,0
234,631,233,1,2
234,635,209,0,3
234,651,209,0,3
234,658,233,1,2
234,661,233,1,2
234,668,233,1,2
234,673,209,0,3
234,688,259,3,0
234,693,233,1,2
234,696,233,1,2
234,697,209,0,3
234,698,233,1,2
234,702,209,0,3
235,630,260,3,0
235,631,234,1,2
235,635,210,0,3
235,651,210,0,3
235,668,234,1,2
235,673,210,0,3
235,688,260,3,0
235,693,234,1,2
236,630,261,3,0
236,631,235,1,2
236,635,211,0,3
236,668,235,1,2
236,688,261,3,0
236,693,235,1,2
237,635,212,0,3
237,684,236,1,2
239,630,264,3,0
239,635,214,0,3
239,668,240,2,1
239,684,238,1,2
239,688,264,3,0
240,630,265,3,0
240,631,239,1,2
240,635,215,0,3
240,668,241,2,1
240,688,265,3,0
240,693,241,2,1
241,630,266,3,0
241,631,242,2,1
241,635,216,0,3
241,651,216,0,3
241,668,242,2,1
241,673,216,0,3
241,688,266,3,0
241,693,242,2,1
242,630,267,3,0
242,631,243,2,1
242,635,217,0,3
242,651,217,0,3
242,658,243,2,1
242,661,243,2,1
242,668,243,2,1
242,673,217,0,3
242,688,267,3,0
242,693,243,2,1
242,696,243,2,1
242,697,217,0,3
242,698,243,2,1
242,702,217,0,3
243,630,268,3,0
243,631,244,2,1
243,635,218,0,3
243,646,244,2,1
243,651,218,0,3
243,658,244,2,1
243,661,244,2,1
243,668,244,2,1
243,673,218,0,3
243,688,268,3,0
243,693,244,2,1
243,696,244,2,1
243,697,218,0,3
243,698,244,2,1
243,702,218,0,3
244,631,219,0,3
244,658,219,0,3
244,668,219,0,3
244,673,219,0,3
244,688,269,3,0
244,693,269,3,0
244,696,219,0,3
244,697,219,0,3
244,698,269,3,0
244,702,219,0,3
245,630,244,1,2
245,631,220,0,3
245,635,244,1,2
245,646,220,0,3
245,651,244,1,2
245,658,220,0,3
245,661,220,0,3
245,668,220,0,3
245,673,244,1,2
245,688,244,1,2
245,693,270,3,0
245,696,220,0,3
245,697,244,1,2
245,698,270,3,0
245,702,244,1,2
246,630,245,1,2
246,631,221,0,3
246,635,245,1,2
246,651,245,1,2
246,658,221,0,3
246,661,221,0,3
246,668,221,0,3
246,673,245,1,2
246,688,245,1,2
246,693,271,3,0
246,696,221,0,3
246,697,245,1,2
246,698,271,3,0
246,702,245,1,2
247,630,246,1,2
247,631,222,0,3
247,635,246,1,2
247,651,246,1,2
247,668,222,0,3
247,673,246,1,2
247,688,246,1,2
247,693,272,3,0
248,630,247,1,2
248,631,249,2,1
248,635,247,1,2
248,668,223,0,3
248,688,247,1,2
248,693,273,3,0
249,630,248,1,2
249,635,248,1,2
249,668,224,0,3
249,684,225,2,3
249,688,248,1,2
251,635,252,2,1
252,630,253,2,1
252,635,253,2,1
252,668,227,0,3
252,688,253,2,1
252,693,277,3,0
253,630,254,2,1
253,631,228,0,3
253,635,254,2,1
253,651,254,2,1
253,668,228,0,3
253,673,254,2,1
253,688,254,2,1
253,693,278,3,0
254,630,255,2,1
254,631,229,0,3
254,635,255,2,1
254,651,255,2,1
254,658,279,3,0
254,661,229,0,3
254,668,229,0,3
254,673,255,2,1
254,688,255,2,1
254,693,279,3,0
254,696,229,0,3
254,697,255,2,1
254,698,279,3,0
254,702,255,2,1
255,630,256,2,1
255,631,230,0,3
255,635,256,2,1
255,646,230,0,3
255,651,256,2,1
255,658,280,3,0
255,661,230,0,3
255,668,230,0,3
255,673,256,2,1
255,688,256,2,1
255,693,280,3,0
255,696,230,0,3
255,697,256,2,1
255,698,280,3,0
255,702,256,2,1
256,630,257,2,1
256,631,231,0,3
256,635,257,2,1
256,651,257,2,1
256,658,281,3,0
256,661,231,0,3
256,668,231,0,3
256,673,257,2,1
256,688,257,2,1
256,693,281,3,0
256,696,231,0,3
256,697,257,2,1
256,698,281,3,0
256,702,257,2,1
257,630,282,3,0
257,631,232,0,3
257,635,282,3,0
257,651,282,3,0
257,668,232,0,3
257,673,232,0,3
257,688,282,3,0
257,693,282,3,0
257,696,232,0,3
257,697,232,0,3
257,698,282,3,0
258,630,283,3,0
258,631,257,1,2
258,635,283,3,0
258,651,283,3,0
258,658,257,1,2
258,661,257,1,2
258,668,257,1,2
258,673,233,0,3
258,688,283,3,0
258,693,257,1,2
258,696,257,1,2
258,697,233,0,3
258,698,257,1,2
258,702,233,0,3
259,630,284,3,0
259,631,258,1,2
259,635,284,3,0
259,651,284,3,0
259,658,258,1,2
259,661,258,1,2
259,668,258,1,2
259,673,234,0,3
259,688,284,3,0
259,693,258,1,2
259,696,258,1,2
259,697,234,0,3
259,698,258,1,2
259,702,234,0,3
260,630,285,3,0
260,631,259,1,2
260,635,285,3,0
260,651,285,3,0
260,668,259,1,2
260,673,235,0,3
260,688,285,3,0
260,693,259,1,2
261,630,286,3,0
261,631,260,1,2
261,635,286,3,0
261,668,260,1,2
261,688,286,3,0
261,693,260,1,2
262,635,287,3,0
262,684,261,1,2
264,630,289,3,0
264,635,289,3,0
264,668,265,2,1
264,684,263,1,2
264,688,289,3,0
265,630,290,3,0
265,631,264,1,2
265,635,290,3,0
265,668,266,2,1
265,688,290,3,0
265,693,266,2,1
266,630,291,3,0
266,631,267,2,1
266,635,291,3,0
266,651,291,3,0
266,668,267,2,1
266,673,241,0,3
266,688,291,3,0
266,693,267,2,1
267,630,292,3,0
267,631,268,2,1
267,635,292,3,0
267,651,292,3,0
267,658,268,2,1
267,661,268,2,1
267,668,268,2,1
267,673,242,0,3
267,688,292,3,0
267,693,268,2,1
267,696,268,2,1
267,697,242,0,3
267,698,268,2,1
267,702,242,0,3
268,630,293,3,0
268,631,269,2,1
268,635,293,3,0
268,646,269,2,1
268,651,293,3,0
268,658,269,2,1
268,661,269,2,1
268,668,269,2,1
268,673,243,0,3
268,688,293,3,0
268,693,269,2,1
268,696,269,2,1
268,697,243,0,3
268,698,269,2,1
268,702,243,0,3
269,630,294,3,0
269,631,244,0,3
269,635,294,3,0
269,651,294,3,0
269,668,244,0,3
269,673,244,0,3
269,688,294,3,0
269,693,294,3,0
269,696,244,0,3
269,697,244,0,3
269,698,294,3,0
270,630,269,1,2
270,631,245,0,3
270,635,269,1,2
270,646,245,0,3
270,651,269,1,2
270,658,295,3,0
270,661,245,0,3
270,668,245,0,3
270,673,269,1,2
270,688,269,1,2
270,693,295,3,0
270,696,245,0,3
270,697,269,1,2
270,698,295,3,0
270,702,269,1,2
271,630,270,1,2
271,631,246,0,3
271,635,270,1,2
271,651,270,1,2
271,658,296,3,0
271,661,246,0,3
271,668,246,0,3
271,673,270,1,2
271,688,270,1,2
271,693,296,3,0
271,696,246,0,3
271,697,270,1,2
271,698,296,3,0
271,702,270,1,2
272,630,271,1,2
272,631,247,0,3
272,635,271,1,2
272,651,271,1,2
272,668,247,0,3
272,673,271,1,2
272,688,271,1,2
272,693,297,3,0
273,630,272,1,2
273,631,274,2,1
273,635,272,1,2
273,668,248,0,3
273,688,272,1,2
273,693,298,3,0
274,630,273,1,2
274,635,273,1,2
274,668,249,0,3
274,684,250,2,3
274,688,273,1,2
276,635,277,2,1
277,630,278,2,1
277,635,278,2,1
277,668,252,0,3
277,688,278,2,1
277,693,302,3,0
278,630,279,2,1
278,631,253,0,3
278,635,279,2,1
278,651,279,2,1
278,668,253,0,3
278,673,279,2,1
278,688,279,2,1
278,693,303,3,0
279,630,280,2,1
279,631,254,0,3
279,635,280,2,1
279,651,280,2,1
279,658,304,3,0
279,661,254,0,3
279,668,254,0,3
279,673,280,2,1
279,688,280,2,1
279,693,304,3,0
279,696,254,0,3
279,697,280,2,1
279,698,304,3,0
279,702,280,2,1
280,630,281,2,1
280,631,255,0,3
280,635,281,2,1
280,646,255,0,3
280,651,281,2,1
280,658,305,3,0
280,661,255,0,3
280,668,255,0,3
280,673,281,2,1
280,688,281,2,1
280,693,305,3,0
280,696,255,0,3
280,697,281,2,1
280,698,305,3,0
280,702,281,2,1
281,630,282,2,1
281,631,256,0,3
281,635,282,2,1
281,651,282,2,1
281,658,306,3,0
281,661,256,0,3
281,668,256,0,3
281,673,282,2,1
281,688,282,2,1
281,693,306,3,0
281,696,256,0,3
281,697,282,2,1
281,698,306,3,0
281,702,282,2,1
282,630,307,3,0
282,631,257,0,3
282,635,307,3,0
282,651,307,3,0
282,668,257,0,3
282,688,307,3,0
282,693,307,3,0
282,696,257,0,3
282,697,257,0,3
282,698,307,3,0
283,630,308,3,0
283,631,282,1,2
283,635,308,3,0
283,651,308,3,0
283,658,282,1,2
283,661,282,1,2
283,668,282,1,2
283,673,258,0,3
283,688,308,3,0
283,693,282,1,2
283,696,282,1,2
283,697,258,0,3
283,698,282,1,2
283,702,258,0,3
284,630,309,3,0
284,631,283,1,2
284,635,309,3,0
284,651,309,3,0
284,658,283,1,2
284,661,283,1,2
284,668,283,1,2
284,673,259,0,3
284,688,309,3,0
284,693,283,1,2
284,696,283,1,2
284,697,259,0,3
284,698,283,1,2
284,702,259,0,3
285,630,310,3,0
285,631,284,1,2
285,635,310,3,0
285,651,310,3,0
285,668,284,1,2
285,673,260,0,3
285,688,310,3,0
285,693,284,1,2
286,630,311,3,0
286,631,285,1,2
286,635,311,3,0
286,668,285,1,2
286,688,311,3,0
286,693,285,1,2
287,635,312,3,0
287,684,286,1,2
289,630,314,3,0
289,635,314,3,0
289,668,290,2,1
289,684,288,1,2
289,688,314,3,0
290,630,315,3,0
290,631,289,1,2
290,635,315,3,0
290,668,291,2,1
290,688,315,3,0
290,693,291,2,1
291,630,316,3,0
291,631,292,2,1
291,635,316,3,0
291,651,316,3,0
291,668,292,2,1
291,673,266,0,3
291,688,316,3,0
291,693,292,2,1
292,630,317,3,0
292,631,293,2,1
292,635,317,3,0
292,651,317,3,0
292,658,293,2,1
292,661,293,2,1
292,668,293,2,1
292,673,267,0,3
292,688,317,3,0
292,693,293,2,1
292,696,293,2,1
292,697,267,0,3
292,698,293,2,1
292,702,267,0,3
293,630,318,3,0
293,631,294,2,1
293,635,318,3,0
293,646,294,2,1
293,651,318,3,0
293,658,294,2,1
293,661,294,2,1
293,668,294,2,1
293,673,268,0,3
293,688,318,3,0
293,693,294,2,1
293,696,294,2,1
293,697,268,0,3
293,698,294,2,1
293,702,268,0,3
294,630,319,3,0
294,631,269,0,3
294,635,319,3,0
294,651,319,3,0
294,668,269,0,3
294,688,319,3,0
294,693,319,3,0
294,696,269,0,3
294,697,269,0,3
294,698,319,3,0
295,630,294,1,2
295,631,270,0,3
295,635,294,1,2
295,646,270,0,3
295,651,294,1,2
295,658,320,3,0
295,661,270,0,3
295,668,270,0,3
295,673,294,1,2
295,688,294,1,2
295,693,320,3,0
295,696,270,0,3
295,697,294,1,2
295,698,320,3,0
295,702,294,1,2
296,630,295,1,2
296,631,271,0,3
296,635,295,1,2
296,651,295,1,2
296,658,321,3,0
296,661,271,0,3
296,668,271,0,3
296,673,295,1,2
296,688,295,1,2
296,693,321,3,0
296,696,271,0,3
296,697,295,1,2
296,698,321,3,0
296,702,295,1,2
297,630,296,1,2
297,631,272,0,3
297,635,296,1,2
297,651,296,1,2
297,668,272,0,3
297,673,296,1,2
297,688,296,1,2
297,693,322,3,0
298,630,297,1,2
298,631,299,2,1
298,635,297,1,2
298,668,273,0,3
298,688,297,1,2
298,693,323,3,0
299,630,298,1,2
299,635,298,1,2
299,668,274,0,3
299,684,275,2,3
299,688,298,1,2
301,635,302,2,1
302,630,303,2,1
302,635,303,2,1
302,668,277,0,3
302,688,303,2,1
302,693,327,3,0
303,630,304,2,1
303,631,328,3,0
303,635,304,2,1
303,651,304,2,1
303,668,278,0,3
303,673,304,2,1
303,688,304,2,1
303,693,328,3,0
304,630,305,2,1
304,631,329,3,0
304,635,305,2,1
304,651,305,2,1
304,658,329,3,0
304,661,279,0,3
304,668,279,0,3
304,673,305,2,1
304,688,305,2,1
304,693,329,3,0
304,696,329,3,0
304,697,305,2,1
304,698,329,3,0
304,702,305,2,1
305,630,306,2,1
305,631,330,3,0
305,635,306,2,1
305,646,280,0,3
305,651,306,2,1
305,658,330,3,0
305,661,280,0,3
305,668,280,0,3
305,673,306,2,1
305,688,306,2,1
305,693,330,3,0
305,696,330,3,0
305,697,306,2,1
305,698,330,3,0
305,702,306,2,1
306,630,307,2,1
306,631,331,3,0
306,635,307,2,1
306,651,307,2,1
306,658,331,3,0
306,661,281,0,3
306,668,281,0,3
306,673,307,2,1
306,688,307,2,1
306,693,331,3,0
306,696,331,3,0
306,697,307,2,1
306,698,331,3,0
306,702,307,2,1
307,630,332,3,0
307,635,332,3,0
307,651,332,3,0
307,668,282,0,3
307,688,332,3,0
307,693,332,3,0
307,697,282,0,3
307,698,332,3,0
308,630,333,3,0
308,631,307,1,2
308,635,333,3,0
308,651,333,3,0
308,658,307,1,2
308,661,307,1,2
308,668,307,1,2
308,673,283,0,3
308,688,333,3,0
308,693,307,1,2
308,696,307,1,2
308,697,283,0,3
308,698,307,1,2
308,702,283,0,3
309,630,334,3,0
309,631,308,1,2
309,635,334,3,0
309,651,334,3,0
309,658,308,1,2
309,661,308,1,2
309,668,308,1,2
309,673,284,0,3
309,688,334,3,0
309,693,308,1,2
309,696,308,1,2
309,697,284,0,3
309,698,308,1,2
309,702,284,0,3
310,630,335,3,0
310,631,309,1,2
310,635,335,3,0
310,651,335,3,0
310,668,309,1,2
310,673,285,0,3
310,688,335,3,0
310,693,309,1,2
311,630,336,3,0
311,631,310,1,2
311,635,336,3,0
311,668,310,1,2
311,688,336,3,0
311,693,310,1,2
312,635,337,3,0
312,684,311,1,2
314,630,339,3,0
314,635,339,3,0
314,668,315,2,1
314,684,313,1,2
314,688,339,3,0
315,630,340,3,0
315,631,314,1,2
315,635,340,3,0
315,668,316,2,1
315,688,340,3,0
315,693,316,2,1
316,630,341,3,0
316,631,317,2,1
316,635,341,3,0
316,651,341,3,0
316,668,317,2,1
316,673,291,0,3
316,688,341,3,0
316,693,317,2,1
317,630,342,3,0
317,631,318,2,1
317,635,342,3,0
317,651,342,3,0
317,658,318,2,1
317,661,318,2,1
317,668,318,2,1
317,673,292,0,3
317,688,342,3,0
317,693,318,2,1
317,696,318,2,1
317,697,292,0,3
317,698,318,2,1
317,702,292,0,3
318,630,343,3,0
318,631,319,2,1
318,635,343,3,0
318,646,319,2,1
318,651,343,3,0
318,658,319,2,1
318,661,319,2,1
318,668,319,2,1
318,673,293,0,3
318,688,343,3,0
318,693,319,2,1
318,696,319,2,1
318,697,293,0,3
318,698,319,2,1
318,702,293,0,3
319,630,344,3,0
319,635,344,3,0
319,651,344,3,0
319,668,294,0,3
319,688,344,3,0
319,693,344,3,0
319,697,294,0,3
319,698,344,3,0
320,630,319,1,2
320,631,345,3,0
320,635,319,1,2
320,646,295,0,3
320,651,319,1,2
320,658,345,3,0
320,661,295,0,3
320,668,295,0,3
320,673,319,1,2
320,688,319,1,2
320,693,345,3,0
320,696,345,3,0
320,697,319,1,2
320,698,345,3,0
320,702,319,1,2
321,630,320,1,2
321,631,346,3,0
321,635,320,1,2
321,651,320,1,2
321,658,346,3,0
321,661,296,0,3
321,668,296,0,3
321,673,320,1,2
321,688,320,1,2
321,693,346,3,0
321,696,346,3,0
321,697,320,1,2
321,698,346,3,0
321,702,320,1,2
322,630,321,1,2
322,631,347,3,0
322,635,321,1,2
322,651,321,1,2
322,668,297,0,3
322,673,321,1,2
322,688,321,1,2
322,693,347,3,0
323,630,322,1,2
323,631,324,2,1
323,635,322,1,2
323,668,298,0,3
323,688,322,1,2
323,693,348,3,0
324,630,323,1,2
324,635,323,1,2
324,668,299,0,3
324,684,300,2,3
324,688,323,1,2
326,635,327,2,1
327,630,328,2,1
327,635,328,2,1
327,668,302,0,3
327,688,328,2,1
327,693,693,72,0
328,630,329,2,1
328,631,353,3,0
328,635,329,2,1
328,651,329,2,1
328,668,303,0,3
328,673,329,2,1
328,688,329,2,1
328,693,327,1,2
329,630,330,2,1
329,631,354,3,0
329,635,330,2,1
329,651,330,2,1
329,658,354,3,0
329,661,304,0,3
329,668,304,0,3
329,673,330,2,1
329,688,330,2,1
329,693,328,1,2
329,696,354,3,0
329,697,330,2,1
329,698,354,3,0
329,702,330,2,1
330,630,331,2,1
330,631,355,3,0
330,635,331,2,1
330,646,305,0,3
330,651,331,2,1
330,658,355,3,0
330,661,305,0,3
330,668,305,0,3
330,673,331,2,1
330,688,331,2,1
330,693,329,1,2
330,696,355,3,0
330,697,331,2,1
330,698,355,3,0
330,702,331,2,1
331,630,332,2,1
331,631,356,3,0
331,635,332,2,1
331,651,332,2,1
331,658,356,3,0
331,661,306,0,3
331,668,306,0,3
331,673,332,2,1
331,688,332,2,1
331,693,330,1,2
331,696,356,3,0
331,697,332,2,1
331,698,356,3,0
331,702,332,2,1
332,630,357,3,0
332,635,357,3,0
332,651,357,3,0
332,668,307,0,3
332,688,357,3,0
332,693,331,1,2
332,697,307,0,3
332,698,357,3,0
333,630,358,3,0
333,631,332,1,2
333,635,358,3,0
333,651,358,3,0
333,658,332,1,2
333,661,332,1,2
333,668,332,1,2
333,673,308,0,3
333,688,358,3,0
333,693,332,1,2
333,696,332,1,2
333,697,308,0,3
333,698,332,1,2
333,702,308,0,3
334,630,359,3,0
334,631,333,1,2
334,635,359,3,0
334,651,359,3,0
334,658,333,1,2
334,661,333,1,2
334,668,333,1,2
334,673,309,0,3
334,688,359,3,0
334,693,333,1,2
334,696,333,1,2
334,697,309,0,3
334,698,333,1,2
334,702,309,0,3
335,630,360,3,0
335,631,334,1,2
335,635,360,3,0
335,651,360,3,0
335,668,334,1,2
335,673,310,0,3
335,688,360,3,0
335,693,334,1,2
336,630,361,3,0
336,631,335,1,2
336,635,361,3,0
336,668,335,1,2
336,688,361,3,0
336,693,335,1,2
337,635,362,3,0
337,684,336,1,2
339,630,364,3,0
339,635,364,3,0
339,668,340,2,1
339,684,338,1,2
339,688,364,3,0
340,630,365,3,0
340,631,339,1,2
340,635,365,3,0
340,668,341,2,1
340,688,365,3,0
340,693,341,2,1
341,630,366,3,0
341,631,342,2,1
341,635,366,3,0
341,651,366,3,0
341,668,342,2,1
341,673,316,0,3
341,688,366,3,0
341,693,342,2,1
342,630,367,3,0
342,631,343,2,1
342,635,367,3,0
342,651,367,3,0
342,658,343,2,1
342,661,343,2,1
342,668,343,2,1
342,673,317,0,3
342,688,367,3,0
342,693,343,2,1
342,696,343,2,1
342,697,317,0,3
342,698,343,2,1
342,702,317,0,3
343,630,368,3,0
343,631,344,2,1
343,635,368,3,0
343,646,344,2,1
343,651,368,3,0
343,658,344,2,1
343,661,344,2,1
343,668,344,2,1
343,673,318,0,3
343,688,368,3,0
343,693,344,2,1
343,696,344,2,1
343,697,318,0,3
343,698,344,2,1
343,702,318,0,3
344,630,369,3,0
344,635,369,3,0
344,651,369,3,0
344,668,319,0,3
344,688,369,3,0
344,693,345,2,1
344,697,319,0,3
344,698,369,3,0
345,630,344,1,2
345,631,370,3,0
345,635,344,1,2
345,646,320,0,3
345,651,344,1,2
345,658,370,3,0
345,661,320,0,3
345,668,320,0,3
345,673,344,1,2
345,688,344,1,2
345,693,346,2,1
345,696,370,3,0
345,697,344,1,2
345,698,370,3,0
345,702,344,1,2
346,630,345,1,2
346,631,371,3,0
346,635,345,1,2
346,651,345,1,2
346,658,371,3,0
346,661,321,0,3
346,668,321,0,3
346,673,345,1,2
346,688,345,1,2
346,693,347,2,1
346,696,371,3,0
346,697,345,1,2
346,698,371,3,0
346,702,345,1,2
347,630,346,1,2
347,631,372,3,0
347,635,346,1,2
347,651,346,1,2
347,668,322,0,3
347,673,346,1,2
347,688,346,1,2
347,693,348,2,1
348,630,347,1,2
348,631,349,2,1
348,635,347,1,2
348,668,323,0,3
348,688,347,1,2
348,693,349,2,1
349,630,348,1,2
349,635,348,1,2
349,668,324,0,3
349,684,325,2,3
349,688,348,1,2
351,635,352,2,1
352,630,353,2,1
352,635,353,2,1
352,668,327,0,3
352,688,353,2,1
352,693,327,0,3
353,630,354,2,1
353,631,378,3,0
353,635,354,2,1
353,651,354,2,1
353,668,328,0,3
353,673,354,2,1
353,688,354,2,1
353,693,328,0,3
354,630,355,2,1
354,631,379,3,0
354,635,355,2,1
354,651,355,2,1
354,658,379,3,0
354,661,329,0,3
354,668,329,0,3
354,673,355,2,1
354,688,355,2,1
354,693,329,0,3
354,696,379,3,0
354,697,355,2,1
354,698,698,77,0
354,702,355,2,1
355,630,356,2,1
355,631,380,3,0
355,635,356,2,1
355,646,330,0,3
355,651,356,2,1
355,658,380,3,0
355,661,330,0,3
355,668,330,0,3
355,673,356,2,1
355,688,356,2,1
355,693,330,0,3
355,696,380,3,0
355,697,356,2,1
355,698,354,1,2
355,702,356,2,1
356,630,357,2,1
356,631,381,3,0
356,635,357,2,1
356,651,357,2,1
356,658,381,3,0
356,661,331,0,3
356,668,331,0,3
356,673,357,2,1
356,688,357,2,1
356,693,331,0,3
356,696,381,3,0
356,697,357,2,1
356,698,355,1,2
356,702,357,2,1
357,630,382,3,0
357,635,382,3,0
357,651,382,3,0
357,661,332,0,3
357,668,332,0,3
357,673,382,3,0
357,688,382,3,0
357,697,332,0,3
357,698,356,1,2
358,630,383,3,0
358,631,357,1,2
358,635,383,3,0
358,651,383,3,0
358,658,357,1,2
358,661,357,1,2
358,668,357,1,2
358,673,383,3,0
358,688,383,3,0
358,693,357,1,2
358,696,357,1,2
358,697,333,0,3
358,698,357,1,2
358,702,333,0,3
359,630,384,3,0
359,631,358,1,2
359,635,384,3,0
359,651,384,3,0
359,658,358,1,2
359,661,358,1,2
359,668,358,1,2
359,673,384,3,0
359,688,384,3,0
359,693,358,1,2
359,696,358,1,2
359,697,334,0,3
359,698,358,1,2
359,702,334,0,3
360,630,385,3,0
360,631,359,1,2
360,635,385,3,0
360,651,385,3,0
360,668,359,1,2
360,673,385,3,0
360,688,385,3,0
360,693,359,1,2
361,630,386,3,0
361,631,360,1,2
361,635,386,3,0
361,668,360,1,2
361,688,386,3,0
361,693,360,1,2
362,635,387,3,0
362,684,361,1,2
364,630,389,3,0
364,635,389,3,0
364,668,365,2,1
364,684,363,1,2
364,688,389,3,0
365,630,390,3,0
365,631,364,1,2
365,635,390,3,0
365,668,366,2,1
365,688,390,3,0
365,693,366,2,1
366,630,391,3,0
366,631,367,2,1
366,635,391,3,0
366,651,391,3,0
366,668,367,2,1
366,673,391,3,0
366,688,391,3,0
366,693,367,2,1
367,630,392,3,0
367,631,368,2,1
367,635,392,3,0
367,651,392,3,0
367,658,368,2,1
367,661,368,2,1
367,668,368,2,1
367,673,392,3,0
367,688,392,3,0
367,693,368,2,1
367,696,368,2,1
367,697,342,0,3
367,698,368,2,1
367,702,342,0,3
368,630,393,3,0
368,631,369,2,1
368,635,393,3,0
368,646,369,2,1
368,651,393,3,0
368,658,369,2,1
368,661,369,2,1
368,668,369,2,1
368,673,393,3,0
368,688,393,3,0
368,693,369,2,1
368,696,369,2,1
368,697,343,0,3
368,698,369,2,1
368,702,343,0,3
369,630,394,3,0
369,635,394,3,0
369,651,394,3,0
369,661,344,0,3
369,668,344,0,3
369,673,394,3,0
369,688,394,3,0
369,697,344,0,3
369,698,370,2,1
370,630,369,1,2
370,631,395,3,0
370,635,369,1,2
370,646,345,0,3
370,651,369,1,2
370,658,395,3,0
370,661,345,0,3
370,668,345,0,3
370,673,369,1,2
370,688,369,1,2
370,693,345,0,3
370,696,395,3,0
370,697,369,1,2
370,698,371,2,1
370,702,369,1,2
371,630,370,1,2
371,631,396,3,0
371,635,370,1,2
371,651,370,1,2
371,658,396,3,0
371,661,346,0,3
371,668,346,0,3
371,673,370,1,2
371,688,370,1,2
371,693,346,0,3
371,696,396,3,0
371,697,370,1,2
371,698,372,2,1
371,702,370,1,2
372,630,371,1,2
372,631,397,3,0
372,635,371,1,2
372,651,371,1,2
372,668,347,0,3
372,673,371,1,2
372,688,371,1,2
372,693,347,0,3
373,630,372,1,2
373,631,374,2,1
373,635,372,1,2
373,668,348,0,3
373,688,372,1,2
373,693,348,0,3
374,630,373,1,2
374,635,373,1,2
374,668,349,0,3
374,684,350,2,3
374,688,373,1,2
376,635,377,2,1
376,650,401,3,0
377,630,378,2,1
377,635,378,2,1
377,650,402,3,0
377,668,352,0,3
377,688,378,2,1
377,693,352,0,3
378,630,379,2,1
378,631,403,3,0
378,635,379,2,1
378,650,403,3,0
378,651,379,2,1
378,668,353,0,3
378,673,379,2,1
378,688,379,2,1
378,693,353,0,3
379,630,380,2,1
379,631,404,3,0
379,635,380,2,1
379,650,404,3,0
379,651,380,2,1
379,658,404,3,0
379,661,354,0,3
379,668,354,0,3
379,673,380,2,1
379,688,380,2,1
379,693,354,0,3
379,696,404,3,0
379,697,380,2,1
379,698,354,0,3
379,702,380,2,1
380,630,381,2,1
380,631,405,3,0
380,635,381,2,1
380,646,355,0,3
380,650,405,3,0
380,651,381,2,1
380,658,405,3,0
380,661,355,0,3
380,668,355,0,3
380,673,381,2,1
380,688,381,2,1
380,693,355,0,3
380,696,405,3,0
380,697,381,2,1
380,698,355,0,3
380,702,381,2,1
381,630,382,2,1
381,631,406,3,0
381,635,382,2,1
381,650,406,3,0
381,651,382,2,1
381,658,406,3,0
381,661,356,0,3
381,668,356,0,3
381,673,382,2,1
381,688,382,2,1
381,693,356,0,3
381,696,406,3,0
381,697,382,2,1
381,698,356,0,3
381,702,382,2,1
382,630,407,3,0
382,631,407,3,0
382,635,407,3,0
382,650,407,3,0
382,651,407,3,0
382,658,407,3,0
382,661,357,0,3
382,668,357,0,3
382,673,407,3,0
382,684,407,3,0
382,688,407,3,0
382,693,357,0,3
382,702,407,3,0
383,630,408,3,0
383,631,382,1,2
383,635,408,3,0
383,651,408,3,0
383,658,382,1,2
383,661,382,1,2
383,668,382,1,2
383,673,408,3,0
383,684,408,3,0
383,688,408,3,0
383,693,382,1,2
383,696,382,1,2
383,697,358,0,3
383,698,382,1,2
383,702,408,3,0
384,630,409,3,0
384,631,383,1,2
384,635,409,3,0
384,651,409,3,0
384,658,383,1,2
384,661,383,1,2
384,668,383,1,2
384,673,409,3,0
384,684,409,3,0
384,688,409,3,0
384,693,383,1,2
384,696,383,1,2
384,697,359,0,3
384,698,383,1,2
384,702,409,3,0
385,630,410,3,0
385,631,384,1,2
385,635,410,3,0
385,651,410,3,0
385,668,384,1,2
385,673,410,3,0
385,684,410,3,0
385,688,410,3,0
385,693,384,1,2
386,630,411,3,0
386,631,385,1,2
386,635,411,3,0
386,668,385,1,2
386,684,411,3,0
386,688,411,3,0
386,693,385,1,2
387,635,412,3,0
387,684,386,1,2
389,630,414,3,0
389,635,414,3,0
389,668,390,2,1
389,688,414,3,0
390,630,415,3,0
390,635,415,3,0
390,668,391,2,1
390,684,415,3,0
390,688,415,3,0
390,693,391,2,1
391,630,416,3,0
391,631,392,2,1
391,635,416,3,0
391,651,416,3,0
391,668,392,2,1
391,673,416,3,0
391,684,416,3,0
391,688,416,3,0
391,693,392,2,1
392,630,417,3,0
392,631,393,2,1
392,635,417,3,0
392,651,417,3,0
392,658,393,2,1
392,661,393,2,1
392,668,393,2,1
392,673,417,3,0
392,684,417,3,0
392,688,417,3,0
392,693,393,2,1
392,696,393,2,1
392,697,367,0,3
392,698,393,2,1
392,702,417,3,0
393,630,418,3,0
393,631,394,2,1
393,635,418,3,0
393,646,394,2,1
393,651,418,3,0
393,658,394,2,1
393,661,394,2,1
393,668,394,2,1
393,673,418,3,0
393,684,418,3,0
393,688,418,3,0
393,693,394,2,1
393,696,394,2,1
393,697,368,0,3
393,698,394,2,1
393,702,418,3,0
394,630,419,3,0
394,631,419,3,0
394,635,419,3,0
394,650,419,3,0
394,651,419,3,0
394,658,419,3,0
394,661,369,0,3
394,668,369,0,3
394,673,419,3,0
394,684,419,3,0
394,688,419,3,0
394,693,369,0,3
394,702,419,3,0
395,630,394,1,2
395,631,420,3,0
395,635,394,1,2
395,646,370,0,3
395,650,420,3,0
395,651,394,1,2
395,658,420,3,0
395,661,370,0,3
395,668,370,0,3
395,673,394,1,2
395,688,394,1,2
395,693,370,0,3
395,696,420,3,0
395,697,394,1,2
395,698,370,0,3
395,702,394,1,2
396,630,395,1,2
396,631,421,3,0
396,635,395,1,2
396,650,421,3,0
396,651,395,1,2
396,658,421,3,0
396,661,371,0,3
396,668,371,0,3
396,673,395,1,2
396,688,395,1,2
396,693,371,0,3
396,696,421,3,0
396,697,395,1,2
396,698,371,0,3
396,702,395,1,2
397,630,396,1,2
397,631,422,3,0
397,635,396,1,2
397,650,422,3,0
397,651,396,1,2
397,668,372,0,3
397,673,396,1,2
397,688,396,1,2
397,693,372,0,3
398,630,397,1,2
398,631,399,2,1
398,635,397,1,2
398,650,423,3,0
398,668,373,0,3
398,688,397,1,2
398,693,373,0,3
399,630,398,1,2
399,635,398,1,2
399,650,424,3,0
399,668,374,0,3
399,684,375,2,3
399,688,398,1,2
401,635,402,2,1
402,630,403,2,1
402,635,403,2,1
402,668,377,0,3
402,688,403,2,1
402,693,377,0,3
403,630,404,2,1
403,631,428,3,0
403,635,404,2,1
403,651,404,2,1
403,668,378,0,3
403,673,404,2,1
403,688,404,2,1
403,693,378,0,3
404,630,405,2,1
404,631,429,3,0
404,635,405,2,1
404,651,405,2,1
404,658,429,3,0
404,661,379,0,3
404,668,379,0,3
404,673,405,2,1
404,688,405,2,1
404,693,379,0,3
404,696,429,3,0
404,697,405,2,1
404,698,379,0,3
404,702,405,2,1
405,630,406,2,1
405,631,430,3,0
405,635,406,2,1
405,646,380,0,3
405,651,406,2,1
405,658,430,3,0
405,661,380,0,3
405,668,380,0,3
405,673,406,2,1
405,688,406,2,1
405,693,380,0,3
405,696,430,3,0
405,697,406,2,1
405,698,380,0,3
405,702,406,2,1
406,630,407,2,1
406,631,431,3,0
406,635,407,2,1
406,646,381,0,3
406,651,407,2,1
406,658,431,3,0
406,661,381,0,3
406,668,381,0,3
406,673,407,2,1
406,688,407,2,1
406,693,381,0,3
406,696,431,3,0
406,697,407,2,1
406,698,381,0,3
406,702,407,2,1
407,630,432,3,0
407,631,432,3,0
407,635,432,3,0
407,646,382,0,3
407,651,432,3,0
407,658,432,3,0
407,661,382,0,3
407,668,382,0,3
407,673,432,3,0
407,684,408,2,1
407,688,408,2,1
407,693,382,0,3
407,702,432,3,0
408,630,433,3,0
408,631,407,1,2
408,635,433,3,0
408,651,433,3,0
408,658,407,1,2
408,661,407,1,2
408,668,407,1,2
408,673,433,3,0
408,684,409,2,1
408,688,409,2,1
408,693,407,1,2
408,696,407,1,2
408,697,383,0,3
408,698,407,1,2
408,702,433,3,0
409,630,434,3,0
409,631,408,1,2
409,635,434,3,0
409,651,434,3,0
409,658,408,1,2
409,661,408,1,2
409,668,408,1,2
409,673,434,3,0
409,684,410,2,1
409,688,410,2,1
409,693,408,1,2
409,696,408,1,2
409,697,384,0,3
409,698,408,1,2
409,702,434,3,0
410,630,435,3,0
410,631,409,1,2
410,635,435,3,0
410,651,435,3,0
410,668,409,1,2
410,673,435,3,0
410,684,411,2,1
410,688,411,2,1
410,693,409,1,2
411,630,436,3,0
411,631,410,1,2
411,635,436,3,0
411,668,410,1,2
411,684,684,63,0
411,688,412,2,1
411,693,410,1,2
412,635,437,3,0
412,684,411,1,2
414,630,439,3,0
414,635,439,3,0
414,668,415,2,1
414,684,413,1,2
414,688,688,67,0
415,630,440,3,0
415,631,414,1,2
415,635,440,3,0
415,668,416,2,1
415,684,414,1,2
415,688,414,1,2
415,693,416,2,1
416,630,441,3,0
416,631,417,2,1
416,635,441,3,0
416,651,441,3,0
416,668,417,2,1
416,673,441,3,0
416,684,415,1,2
416,688,415,1,2
416,693,417,2,1
417,630,442,3,0
417,631,418,2,1
417,635,442,3,0
417,651,442,3,0
417,658,418,2,1
417,661,418,2,1
417,668,418,2,1
417,673,442,3,0
417,684,416,1,2
417,688,416,1,2
417,693,418,2,1
417,696,418,2,1
417,697,392,0,3
417,698,418,2,1
417,702,442,3,0
418,630,443,3,0
418,631,419,2,1
418,635,443,3,0
418,646,419,2,1
418,651,443,3,0
418,658,419,2,1
418,661,419,2,1
418,668,419,2,1
418,673,443,3,0
418,684,417,1,2
418,688,417,1,2
418,693,419,2,1
418,696,419,2,1
418,697,393,0,3
418,698,419,2,1
418,702,443,3,0
419,630,444,3,0
419,631,444,3,0
419,635,444,3,0
419,646,394,0,3
419,651,444,3,0
419,658,444,3,0
419,661,394,0,3
419,668,394,0,3
419,673,444,3,0
419,684,418,1,2
419,688,418,1,2
419,693,394,0,3
419,702,444,3,0
420,630,419,1,2
420,631,445,3,0
420,635,419,1,2
420,646,395,0,3
420,651,419,1,2
420,658,445,3,0
420,661,395,0,3
420,668,395,0,3
420,673,419,1,2
420,688,419,1,2
420,693,395,0,3
420,696,445,3,0
420,697,419,1,2
420,698,395,0,3
420,702,419,1,2
421,630,420,1,2
421,631,446,3,0
421,635,420,1,2
421,651,420,1,2
421,658,446,3,0
421,661,396,0,3
421,668,396,0,3
421,673,420,1,2
421,688,420,1,2
421,693,396,0,3
421,696,446,3,0
421,697,420,1,2
421,698,396,0,3
421,702,420,1,2
422,630,421,1,2
422,631,447,3,0
422,635,421,1,2
422,651,421,1,2
422,668,397,0,3
422,673,421,1,2
422,688,421,1,2
422,693,397,0,3
423,630,422,1,2
423,631,424,2,1
423,635,422,1,2
423,668,398,0,3
423,688,422,1,2
423,693,398,0,3
424,630,423,1,2
424,635,423,1,2
424,668,399,0,3
424,684,400,2,3
424,688,423,1,2
426,635,427,2,1
427,630,428,2,1
427,635,428,2,1
427,668,402,0,3
427,688,428,2,1
427,693,402,0,3
428,630,429,2,1
428,631,453,3,0
428,635,429,2,1
428,651,429,2,1
428,668,403,0,3
428,673,429,2,1
428,688,429,2,1
428,693,403,0,3
429,630,430,2,1
429,631,454,3,0
429,635,430,2,1
429,651,430,2,1
429,658,454,3,0
429,661,404,0,3
429,668,404,0,3
429,673,430,2,1
429,688,430,2,1
429,693,404,0,3
429,696,454,3,0
429,697,430,2,1
429,698,404,0,3
429,702,430,2,1
430,630,431,2,1
430,631,455,3,0
430,635,431,2,1
430,646,455,3,0
430,651,431,2,1
430,658,455,3,0
430,661,405,0,3
430,668,405,0,3
430,673,431,2,1
430,688,431,2,1
430,693,405,0,3
430,696,455,3,0
430,697,431,2,1
430,698,405,0,3
430,702,431,2,1
431,630,432,2,1
431,631,456,3,0
431,635,432,2,1
431,651,432,2,1
431,658,456,3,0
431,661,406,0,3
431,668,406,0,3
431,673,432,2,1
431,688,432,2,1
431,693,406,0,3
431,696,456,3,0
431,697,432,2,1
431,698,406,0,3
431,702,432,2,1
432,630,457,3,0
432,631,457,3,0
432,635,457,3,0
432,651,457,3,0
432,658,457,3,0
432,661,407,0,3
432,668,407,0,3
432,673,457,3,0
432,693,407,0,3
432,696,457,3,0
432,702,457,3,0
433,630,458,3,0
433,631,432,1,2
433,635,458,3,0
433,651,458,3,0
433,658,432,1,2
433,661,432,1,2
433,668,432,1,2
433,673,458,3,0
433,688,408,0,3
433,693,432,1,2
433,696,432,1,2
433,697,408,0,3
433,698,432,1,2
433,702,458,3,0
434,630,459,3,0
434,631,433,1,2
434,635,459,3,0
434,651,459,3,0
434,658,433,1,2
434,661,433,1,2
434,668,433,1,2
434,673,459,3,0
434,688,409,0,3
434,693,433,1,2
434,696,433,1,2
434,697,409,0,3
434,698,433,1,2
434,702,459,3,0
435,630,460,3,0
435,631,434,1,2
435,635,460,3,0
435,651,460,3,0
435,668,434,1,2
435,673,460,3,0
435,688,410,0,3
435,693,434,1,2
436,630,461,3,0
436,631,435,1,2
436,635,461,3,0
436,668,435,1,2
436,688,411,0,3
436,693,435,1,2
437,635,462,3,0
437,684,436,1,2
439,630,464,3,0
439,635,464,3,0
439,668,440,2,1
439,684,438,1,2
439,688,414,0,3
440,630,465,3,0
440,631,439,1,2
440,635,465,3,0
440,668,441,2,1
440,688,415,0,3
440,693,441,2,1
441,630,466,3,0
441,631,442,2,1
441,635,466,3,0
441,651,466,3,0
441,668,442,2,1
441,673,466,3,0
441,688,416,0,3
441,693,442,2,1
442,630,467,3,0
442,631,443,2,1
442,635,467,3,0
442,651,467,3,0
442,658,443,2,1
442,661,443,2,1
442,668,443,2,1
442,673,467,3,0
442,688,417,0,3
442,693,443,2,1
442,696,443,2,1
442,697,417,0,3
442,698,443,2,1
442,702,467,3,0
443,630,468,3,0
443,631,444,2,1
443,635,468,3,0
443,646,444,2,1
443,651,468,3,0
443,658,444,2,1
443,661,444,2,1
443,668,444,2,1
443,673,468,3,0
443,688,418,0,3
443,693,444,2,1
443,696,444,2,1
443,697,418,0,3
443,698,444,2,1
443,702,468,3,0
444,630,469,3,0
444,631,469,3,0
444,635,469,3,0
444,651,469,3,0
444,658,469,3,0
444,661,419,0,3
444,668,419,0,3
444,673,469,3,0
444,693,419,0,3
444,696,469,3,0
444,702,469,3,0
445,630,444,1,2
445,631,470,3,0
445,635,444,1,2
445,646,470,3,0
445,651,444,1,2
445,658,470,3,0
445,661,420,0,3
445,668,420,0,3
445,673,444,1,2
445,688,444,1,2
445,693,420,0,3
445,696,470,3,0
445,697,444,1,2
445,698,420,0,3
445,702,444,1,2
446,630,445,1,2
446,631,471,3,0
446,635,445,1,2
446,651,445,1,2
446,658,471,3,0
446,661,421,0,3
446,668,421,0,3
446,673,445,1,2
446,688,445,1,2
446,693,421,0,3
446,696,471,3,0
446,697,445,1,2
446,698,421,0,3
446,702,445,1,2
447,630,446,1,2
447,631,472,3,0
447,635,446,1,2
447,651,446,1,2
447,668,422,0,3
447,673,446,1,2
447,688,446,1,2
447,693,422,0,3
448,630,447,1,2
448,631,449,2,1
448,635,447,1,2
448,668,423,0,3
448,688,447,1,2
448,693,423,0,3
449,630,448,1,2
449,635,448,1,2
449,668,424,0,3
449,684,425,2,3
449,688,448,1,2
451,635,452,2,1
452,630,453,2,1
452,635,453,2,1
452,668,427,0,3
452,688,453,2,1
452,693,427,0,3
453,630,454,2,1
453,631,478,3,0
453,635,454,2,1
453,651,454,2,1
453,668,428,0,3
453,673,454,2,1
453,688,454,2,1
453,693,428,0,3
454,630,455,2,1
454,631,479,3,0
454,635,455,2,1
454,651,455,2,1
454,658,479,3,0
454,661,429,0,3
454,668,429,0,3
454,673,455,2,1
454,688,455,2,1
454,693,429,0,3
454,696,479,3,0
454,697,455,2,1
454,698,429,0,3
454,702,455,2,1
455,630,456,2,1
455,631,480,3,0
455,635,456,2,1
455,646,480,3,0
455,651,456,2,1
455,658,480,3,0
455,661,430,0,3
455,668,430,0,3
455,673,456,2,1
455,688,456,2,1
455,693,430,0,3
455,696,480,3,0
455,697,456,2,1
455,698,430,0,3
455,702,456,2,1
456,630,457,2,1
456,631,481,3,0
456,635,457,2,1
456,651,457,2,1
456,658,481,3,0
456,661,431,0,3
456,668,431,0,3
456,673,457,2,1
456,688,457,2,1
456,693,431,0,3
456,696,481,3,0
456,697,457,2,1
456,698,431,0,3
456,702,457,2,1
457,630,482,3,0
457,631,482,3,0
457,635,482,3,0
457,651,482,3,0
457,658,482,3,0
457,661,432,0,3
457,673,482,3,0
457,688,432,0,3
457,693,432,0,3
457,696,482,3,0
457,702,482,3,0
458,630,483,3,0
458,631,457,1,2
458,635,483,3,0
458,651,483,3,0
458,658,457,1,2
458,661,457,1,2
458,668,457,1,2
458,673,483,3,0
458,688,433,0,3
458,693,457,1,2
458,696,457,1,2
458,697,433,0,3
458,698,457,1,2
458,702,483,3,0
459,630,484,3,0
459,631,458,1,2
459,635,484,3,0
459,651,484,3,0
459,658,458,1,2
459,661,458,1,2
459,668,458,1,2
459,673,484,3,0
459,688,434,0,3
459,693,458,1,2
459,696,458,1,2
459,697,434,0,3
459,698,458,1,2
459,702,484,3,0
460,630,485,3,0
460,631,459,1,2
460,635,485,3,0
460,651,485,3,0
460,668,459,1,2
460,673,485,3,0
460,688,435,0,3
460,693,459,1,2
461,630,486,3,0
461,631,460,1,2
461,635,486,3,0
461,668,460,1,2
461,688,436,0,3
461,693,460,1,2
462,635,487,3,0
462,684,461,1,2
464,630,489,3,0
464,635,489,3,0
464,668,465,2,1
464,684,463,1,2
464,688,439,0,3
465,630,490,3,0
465,631,464,1,2
465,635,490,3,0
465,668,466,2,1
465,688,440,0,3
465,693,466,2,1
466,630,491,3,0
466,631,467,2,1
466,635,491,3,0
466,651,491,3,0
466,668,467,2,1
466,673,491,3,0
466,688,441,0,3
466,693,467,2,1
467,630,492,3,0
467,631,468,2,1
467,635,492,3,0
467,651,492,3,0
467,658,468,2,1
467,661,468,2,1
467,668,468,2,1
467,673,492,3,0
467,688,442,0,3
467,693,468,2,1
467,696,468,2,1
467,697,442,0,3
467,698,468,2,1
467,702,492,3,0
468,630,493,3,0
468,631,469,2,1
468,635,493,3,0
468,646,469,2,1
468,651,493,3,0
468,658,469,2,1
468,661,469,2,1
468,668,469,2,1
468,673,493,3,0
468,688,443,0,3
468,693,469,2,1
468,696,469,2,1
468,697,443,0,3
468,698,469,2,1
468,702,493,3,0
469,630,494,3,0
469,631,494,3,0
469,635,494,3,0
469,651,494,3,0
469,658,494,3,0
469,661,444,0,3
469,673,494,3,0
469,688,444,0,3
469,693,444,0,3
469,696,494,3,0
469,702,494,3,0
470,630,469,1,2
470,631,495,3,0
470,635,469,1,2
470,646,495,3,0
470,651,469,1,2
470,658,495,3,0
470,661,445,0,3
470,668,445,0,3
470,673,469,1,2
470,688,469,1,2
470,693,445,0,3
470,696,495,3,0
470,697,469,1,2
470,698,445,0,3
470,702,469,1,2
471,630,470,1,2
471,631,496,3,0
471,635,470,1,2
471,651,470,1,2
471,658,496,3,0
471,661,446,0,3
471,668,446,0,3
471,673,470,1,2
471,688,470,1,2
471,693,446,0,3
471,696,496,3,0
471,697,470,1,2
471,698,446,0,3
471,702,470,1,2
472,630,471,1,2
472,631,497,3,0
472,635,471,1,2
472,651,471,1,2
472,668,447,0,3
472,673,471,1,2
472,688,471,1,2
472,693,447,0,3
473,630,472,1,2
473,631,474,2,1
473,635,472,1,2
473,668,448,0,3
473,688,472,1,2
473,693,448,0,3
474,630,473,1,2
474,635,473,1,2
474,668,449,0,3
474,684,450,2,3
474,688,473,1,2
476,635,477,2,1
477,630,478,2,1
477,635,478,2,1
477,668,502,3,0
477,688,478,2,1
477,693,452,0,3
478,630,479,2,1
478,631,503,3,0
478,635,479,2,1
478,651,479,2,1
478,668,503,3,0
478,673,479,2,1
478,688,479,2,1
478,693,453,0,3
479,630,480,2,1
479,631,504,3,0
479,635,480,2,1
479,651,480,2,1
479,658,504,3,0
479,661,454,0,3
479,668,504,3,0
479,673,480,2,1
479,688,480,2,1
479,693,454,0,3
479,696,504,3,0
479,697,480,2,1
479,698,454,0,3
479,702,480,2,1
480,630,481,2,1
480,631,505,3,0
480,635,481,2,1
480,646,505,3,0
480,651,481,2,1
480,658,505,3,0
480,661,455,0,3
480,668,505,3,0
480,673,481,2,1
480,688,481,2,1
480,693,455,0,3
480,696,505,3,0
480,697,481,2,1
480,698,455,0,3
480,702,481,2,1
481,630,482,2,1
481,631,506,3,0
481,635,482,2,1
481,651,482,2,1
481,658,506,3,0
481,661,456,0,3
481,668,506,3,0
481,673,482,2,1
481,688,482,2,1
481,693,456,0,3
481,696,506,3,0
481,697,482,2,1
481,698,456,0,3
481,702,482,2,1
482,630,507,3,0
482,631,507,3,0
482,635,507,3,0
482,658,507,3,0
482,661,457,0,3
482,668,507,3,0
482,673,507,3,0
482,688,457,0,3
482,693,457,0,3
482,696,507,3,0
482,702,507,3,0
483,630,508,3,0
483,631,482,1,2
483,635,508,3,0
483,651,508,3,0
483,658,482,1,2
483,661,482,1,2
483,668,482,1,2
483,673,508,3,0
483,688,458,0,3
483,693,482,1,2
483,696,482,1,2
483,697,458,0,3
483,698,482,1,2
483,702,508,3,0
484,630,509,3,0
484,631,483,1,2
484,635,509,3,0
484,651,509,3,0
484,658,483,1,2
484,661,483,1,2
484,668,483,1,2
484,673,509,3,0
484,688,459,0,3
484,693,483,1,2
484,696,483,1,2
484,697,459,0,3
484,698,483,1,2
484,702,509,3,0
485,630,510,3,0
485,631,484,1,2
485,635,510,3,0
485,651,510,3,0
485,668,484,1,2
485,673,510,3,0
485,688,460,0,3
485,693,484,1,2
486,630,511,3,0
486,631,485,1,2
486,635,511,3,0
486,668,485,1,2
486,688,461,0,3
486,693,485,1,2
487,635,512,3,0
487,684,486,1,2
489,630,514,3,0
489,635,514,3,0
489,668,490,2,1
489,684,488,1,2
489,688,464,0,3
490,630,515,3,0
490,631,489,1,2
490,635,515,3,0
490,668,491,2,1
490,688,465,0,3
490,693,491,2,1
491,630,516,3,0
491,631,492,2,1
491,635,516,3,0
491,651,516,3,0
491,668,492,2,1
491,673,516,3,0
491,688,466,0,3
491,693,492,2,1
492,630,517,3,0
492,631,493,2,1
492,635,517,3,0
492,651,517,3,0
492,658,493,2,1
492,661,493,2,1
492,668,493,2,1
492,673,517,3,0
492,688,467,0,3
492,693,493,2,1
492,696,493,2,1
492,697,467,0,3
492,698,493,2,1
492,702,517,3,0
493,630,518,3,0
493,631,494,2,1
493,635,518,3,0
493,646,494,2,1
493,651,518,3,0
493,658,494,2,1
493,661,494,2,1
493,668,494,2,1
493,673,518,3,0
493,688,468,0,3
493,693,494,2,1
493,696,494,2,1
493,697,468,0,3
493,698,494,2,1
493,702,518,3,0
494,630,519,3,0
494,631,519,3,0
494,635,519,3,0
494,658,519,3,0
494,661,469,0,3
494,668,519,3,0
494,673,519,3,0
494,688,469,0,3
494,693,469,0,3
494,696,519,3,0
494,702,519,3,0
495,630,494,1,2
495,631,520,3,0
495,635,494,1,2
495,646,520,3,0
495,651,494,1,2
495,658,520,3,0
495,661,470,0,3
495,668,520,3,0
495,673,494,1,2
495,688,494,1,2
495,693,470,0,3
495,696,520,3,0
495,697,494,1,2
495,698,470,0,3
495,702,494,1,2
496,630,495,1,2
496,631,521,3,0
496,635,495,1,2
496,651,495,1,2
496,658,521,3,0
496,661,471,0,3
496,668,521,3,0
496,673,495,1,2
496,688,495,1,2
496,693,471,0,3
496,696,521,3,0
496,697,495,1,2
496,698,471,0,3
496,702,495,1,2
497,630,496,1,2
497,631,522,3,0
497,635,496,1,2
497,651,496,1,2
497,668,522,3,0
497,673,496,1,2
497,688,496,1,2
497,693,472,0,3
498,630,497,1,2
498,631,499,2,1
498,635,497,1,2
498,668,523,3,0
498,688,497,1,2
498,693,473,0,3
499,630,498,1,2
499,635,498,1,2
499,668,524,3,0
499,684,475,2,3
499,688,498,1,2
501,635,502,2,1
502,630,503,2,1
502,635,503,2,1
502,668,527,3,0
502,688,503,2,1
502,693,477,0,3
503,630,504,2,1
503,631,528,3,0
503,635,504,2,1
503,651,504,2,1
503,668,528,3,0
503,673,504,2,1
503,688,504,2,1
503,693,478,0,3
504,630,505,2,1
504,631,529,3,0
504,635,505,2,1
504,651,505,2,1
504,658,529,3,0
504,661,479,0,3
504,668,529,3,0
504,673,505,2,1
504,688,505,2,1
504,693,479,0,3
504,696,529,3,0
504,697,505,2,1
504,698,479,0,3
504,702,505,2,1
505,630,506,2,1
505,631,530,3,0
505,635,506,2,1
505,646,530,3,0
505,651,506,2,1
505,658,530,3,0
505,661,480,0,3
505,668,530,3,0
505,673,506,2,1
505,688,506,2,1
505,693,480,0,3
505,696,530,3,0
505,697,506,2,1
505,698,480,0,3
505,702,506,2,1
506,630,507,2,1
506,631,531,3,0
506,635,507,2,1
506,651,507,2,1
506,658,531,3,0
506,661,481,0,3
506,668,531,3,0
506,673,507,2,1
506,688,507,2,1
506,693,481,0,3
506,696,531,3,0
506,697,507,2,1
506,698,481,0,3
506,702,507,2,1
507,630,532,3,0
507,631,532,3,0
507,635,532,3,0
507,658,532,3,0
507,661,482,0,3
507,668,532,3,0
507,673,532,3,0
507,688,482,0,3
507,693,482,0,3
507,696,532,3,0
507,697,532,3,0
507,698,482,0,3
507,702,532,3,0
508,630,533,3,0
508,631,507,1,2
508,635,533,3,0
508,651,533,3,0
508,658,507,1,2
508,661,507,1,2
508,668,507,1,2
508,673,533,3,0
508,688,483,0,3
508,693,507,1,2
508,696,507,1,2
508,697,533,3,0
508,698,507,1,2
508,702,533,3,0
509,630,534,3,0
509,631,508,1,2
509,635,534,3,0
509,651,534,3,0
509,658,508,1,2
509,661,508,1,2
509,668,508,1,2
509,673,534,3,0
509,688,484,0,3
509,693,508,1,2
509,696,508,1,2
509,697,534,3,0
509,698,508,1,2
509,702,534,3,0
510,630,535,3,0
510,631,509,1,2
510,635,535,3,0
510,651,535,3,0
510,668,509,1,2
510,673,535,3,0
510,688,485,0,3
510,693,509,1,2
511,630,536,3,0
511,631,510,1,2
511,635,536,3,0
511,668,510,1,2
511,688,486,0,3
511,693,510,1,2
512,635,537,3,0
512,684,511,1,2
514,630,539,3,0
514,635,539,3,0
514,668,515,2,1
514,684,513,1,2
514,688,489,0,3
515,630,540,3,0
515,631,514,1,2
515,635,540,3,0
515,668,516,2,1
515,688,490,0,3
515,693,516,2,1
516,630,541,3,0
516,631,517,2,1
516,635,541,3,0
516,651,541,3,0
516,668,517,2,1
516,673,541,3,0
516,688,491,0,3
516,693,517,2,1
517,630,542,3,0
517,631,518,2,1
517,635,542,3,0
517,651,542,3,0
517,658,518,2,1
517,661,518,2,1
517,668,518,2,1
517,673,542,3,0
517,688,492,0,3
517,693,518,2,1
517,696,518,2,1
517,697,542,3,0
517,698,518,2,1
517,702,542,3,0
518,630,543,3,0
518,631,519,2,1
518,635,543,3,0
518,646,519,2,1
518,651,543,3,0
518,658,519,2,1
518,661,519,2,1
518,668,519,2,1
518,673,543,3,0
518,688,493,0,3
518,693,519,2,1
518,696,519,2,1
518,697,543,3,0
518,698,519,2,1
518,702,543,3,0
519,630,544,3,0
519,631,544,3,0
519,635,544,3,0
519,658,544,3,0
519,661,494,0,3
519,668,544,3,0
519,673,544,3,0
519,688,494,0,3
519,693,494,0,3
519,696,544,3,0
519,697,544,3,0
519,698,494,0,3
519,702,544,3,0
520,630,519,1,2
520,631,545,3,0
520,635,519,1,2
520,646,545,3,0
520,651,519,1,2
520,658,545,3,0
520,661,495,0,3
520,668,545,3,0
520,673,519,1,2
520,688,519,1,2
520,693,495,0,3
520,696,545,3,0
520,697,519,1,2
520,698,495,0,3
520,702,519,1,2
521,630,520,1,2
521,631,546,3,0
521,635,520,1,2
521,651,520,1,2
521,658,546,3,0
521,661,496,0,3
521,668,546,3,0
521,673,520,1,2
521,688,520,1,2
521,693,496,0,3
521,696,546,3,0
521,697,520,1,2
521,698,496,0,3
521,702,520,1,2
522,630,521,1,2
522,631,547,3,0
522,635,521,1,2
522,651,521,1,2
522,668,547,3,0
522,673,521,1,2
522,688,521,1,2
522,693,497,0,3
523,630,522,1,2
523,631,524,2,1
523,635,522,1,2
523,668,548,3,0
523,688,522,1,2
523,693,498,0,3
524,630,523,1,2
524,635,523,1,2
524,668,549,3,0
524,684,500,2,3
524,688,523,1,2
526,635,527,2,1
527,630,528,2,1
527,635,528,2,1
527,668,552,3,0
527,688,528,2,1
527,693,502,0,3
528,630,529,2,1
528,631,553,3,0
528,635,529,2,1
528,651,529,2,1
528,668,553,3,0
528,673,529,2,1
528,688,529,2,1
528,693,503,0,3
529,630,530,2,1
529,631,554,3,0
529,635,530,2,1
529,651,530,2,1
529,658,554,3,0
529,661,554,3,0
529,668,554,3,0
529,673,530,2,1
529,688,530,2,1
529,693,504,0,3
529,696,554,3,0
529,697,530,2,1
529,698,504,0,3
529,702,530,2,1
530,630,531,2,1
530,631,555,3,0
530,635,531,2,1
530,646,555,3,0
530,651,531,2,1
530,658,555,3,0
530,661,555,3,0
530,668,555,3,0
530,673,531,2,1
530,688,531,2,1
530,693,505,0,3
530,696,555,3,0
530,697,531,2,1
530,698,505,0,3
530,702,531,2,1
531,630,532,2,1
531,631,556,3,0
531,635,532,2,1
531,651,532,2,1
531,658,556,3,0
531,661,556,3,0
531,668,556,3,0
531,673,532,2,1
531,688,532,2,1
531,693,506,0,3
531,696,556,3,0
531,697,532,2,1
531,698,506,0,3
531,702,532,2,1
532,630,533,2,1
532,631,557,3,0
532,658,557,3,0
532,668,557,3,0
532,673,557,3,0
532,688,507,0,3
532,693,507,0,3
532,696,557,3,0
532,697,557,3,0
532,698,507,0,3
532,702,557,3,0
533,630,534,2,1
533,631,532,1,2
533,635,558,3,0
533,651,558,3,0
533,658,532,1,2
533,661,532,1,2
533,668,532,1,2
533,673,558,3,0
533,688,508,0,3
533,693,532,1,2
533,696,532,1,2
533,697,558,3,0
533,698,532,1,2
533,702,558,3,0
534,630,535,2,1
534,631,533,1,2
534,635,559,3,0
534,651,559,3,0
534,658,533,1,2
534,661,533,1,2
534,668,533,1,2
534,673,559,3,0
534,688,509,0,3
534,693,533,1,2
534,696,533,1,2
534,697,559,3,0
534,698,533,1,2
534,702,559,3,0
535,630,536,2,1
535,631,534,1,2
535,635,560,3,0
535,651,560,3,0
535,668,534,1,2
535,673,560,3,0
535,688,510,0,3
535,693,534,1,2
536,630,537,2,1
536,631,535,1,2
536,635,561,3,0
536,668,535,1,2
536,688,511,0,3
536,693,535,1,2
537,635,562,3,0
537,684,536,1,2
539,630,630,9,0
539,635,564,3,0
539,668,540,2,1
539,684,538,1,2
539,688,514,0,3
540,630,539,1,2
540,631,539,1,2
540,635,565,3,0
540,668,541,2,1
540,688,515,0,3
540,693,541,2,1
541,630,540,1,2
541,631,542,2,1
541,635,566,3,0
541,651,566,3,0
541,668,542,2,1
541,673,566,3,0
541,688,516,0,3
541,693,542,2,1
542,630,541,1,2
542,631,543,2,1
542,635,567,3,0
542,651,567,3,0
542,658,543,2,1
542,661,543,2,1
542,668,543,2,1
542,673,567,3,0
542,688,517,0,3
542,693,543,2,1
542,696,543,2,1
542,697,567,3,0
542,698,543,2,1
542,702,567,3,0
543,630,542,1,2
543,631,544,2,1
543,635,568,3,0
543,646,544,2,1
543,651,568,3,0
543,658,544,2,1
543,661,544,2,1
543,668,544,2,1
543,673,568,3,0
543,688,518,0,3
543,693,544,2,1
543,696,544,2,1
543,697,568,3,0
543,698,544,2,1
543,702,568,3,0
544,630,543,1,2
544,631,569,3,0
544,658,569,3,0
544,668,569,3,0
544,673,569,3,0
544,688,519,0,3
544,693,519,0,3
544,696,569,3,0
544,697,569,3,0
544,698,519,0,3
544,702,569,3,0
545,630,544,1,2
545,631,570,3,0
545,635,544,1,2
545,646,570,3,0
545,651,544,1,2
545,658,570,3,0
545,661,570,3,0
545,668,570,3,0
545,673,544,1,2
545,688,544,1,2
545,693,520,0,3
545,696,570,3,0
545,697,544,1,2
545,698,520,0,3
545,702,544,1,2
546,630,545,1,2
546,631,571,3,0
546,635,545,1,2
546,651,545,1,2
546,658,571,3,0
546,661,571,3,0
546,668,571,3,0
546,673,545,1,2
546,688,545,1,2
546,693,521,0,3
546,696,571,3,0
546,697,545,1,2
546,698,521,0,3
546,702,545,1,2
547,630,546,1,2
547,631,572,3,0
547,635,546,1,2
547,651,546,1,2
547,668,572,3,0
547,673,546,1,2
547,688,546,1,2
547,693,522,0,3
548,630,547,1,2
548,631,549,2,1
548,635,547,1,2
548,668,573,3,0
548,688,547,1,2
548,693,523,0,3
549,630,548,1,2
549,635,548,1,2
549,668,574,3,0
549,684,525,2,3
549,688,548,1,2
551,635,552,2,1
552,630,553,2,1
552,635,553,2,1
552,668,577,3,0
552,688,553,2,1
552,693,527,0,3
553,630,554,2,1
553,631,578,3,0
553,635,554,2,1
553,651,554,2,1
553,668,578,3,0
553,673,554,2,1
553,688,554,2,1
553,693,528,0,3
554,630,555,2,1
554,631,579,3,0
554,635,555,2,1
554,651,555,2,1
554,658,658,37,0
554,661,579,3,0
554,668,579,3,0
554,673,555,2,1
554,688,555,2,1
554,693,529,0,3
554,696,579,3,0
554,697,555,2,1
554,698,529,0,3
554,702,555,2,1
555,630,556,2,1
555,631,580,3,0
555,635,556,2,1
555,646,580,3,0
555,651,556,2,1
555,658,554,1,2
555,661,580,3,0
555,668,580,3,0
555,673,556,2,1
555,688,556,2,1
555,693,530,0,3
555,696,580,3,0
555,697,556,2,1
555,698,530,0,3
555,702,556,2,1
556,630,557,2,1
556,631,581,3,0
556,635,557,2,1
556,651,557,2,1
556,658,555,1,2
556,661,581,3,0
556,668,581,3,0
556,673,557,2,1
556,688,557,2,1
556,693,531,0,3
556,696,581,3,0
556,697,557,2,1
556,698,531,0,3
556,702,557,2,1
557,631,582,3,0
557,635,558,2,1
557,651,558,2,1
557,658,556,1,2
557,668,582,3,0
557,673,582,3,0
557,688,532,0,3
557,693,532,0,3
557,696,582,3,0
557,697,582,3,0
557,698,532,0,3
558,630,533,0,3
558,631,557,1,2
558,635,559,2,1
558,651,559,2,1
558,658,557,1,2
558,661,557,1,2
558,668,557,1,2
558,673,583,3,0
558,688,533,0,3
558,693,557,1,2
558,696,557,1,2
558,697,583,3,0
558,698,557,1,2
558,702,583,3,0
559,630,534,0,3
559,631,558,1,2
559,635,560,2,1
559,651,560,2,1
559,658,558,1,2
559,661,558,1,2
559,668,558,1,2
559,673,584,3,0
559,688,534,0,3
559,693,558,1,2
559,696,558,1,2
559,697,584,3,0
559,698,558,1,2
559,702,584,3,0
560,630,535,0,3
560,631,559,1,2
560,635,561,2,1
560,651,651,30,0
560,668,559,1,2
560,673,585,3,0
560,688,535,0,3
560,693,559,1,2
561,630,536,0,3
561,631,560,1,2
561,635,562,2,1
561,668,560,1,2
561,688,536,0,3
561,693,560,1,2
562,635,635,14,0
562,684,561,1,2
564,630,539,0,3
564,635,563,1,2
564,668,565,2,1
564,684,563,1,2
564,688,539,0,3
565,630,540,0,3
565,631,564,1,2
565,635,564,1,2
565,668,566,2,1
565,688,540,0,3
565,693,566,2,1
566,630,541,0,3
566,631,567,2,1
566,635,565,1,2
566,651,565,1,2
566,668,567,2,1
566,673,591,3,0
566,688,541,0,3
566,693,567,2,1
567,630,542,0,3
567,631,568,2,1
567,635,566,1,2
567,651,566,1,2
567,658,568,2,1
567,661,568,2,1
567,668,568,2,1
567,673,592,3,0
567,688,542,0,3
567,693,568,2,1
567,696,568,2,1
567,697,592,3,0
567,698,568,2,1
567,702,592,3,0
568,630,543,0,3
568,631,569,2,1
568,635,567,1,2
568,646,569,2,1
568,651,567,1,2
568,658,569,2,1
568,661,569,2,1
568,668,569,2,1
568,673,593,3,0
568,688,543,0,3
568,693,569,2,1
568,696,569,2,1
568,697,593,3,0
568,698,569,2,1
568,702,593,3,0
569,631,594,3,0
569,635,568,1,2
569,651,568,1,2
569,658,570,2,1
569,668,594,3,0
569,673,594,3,0
569,688,544,0,3
569,693,544,0,3
569,696,594,3,0
569,697,594,3,0
569,698,544,0,3
570,630,569,1,2
570,631,595,3,0
570,635,569,1,2
570,646,595,3,0
570,651,569,1,2
570,658,571,2,1
570,661,595,3,0
570,668,595,3,0
570,673,569,1,2
570,688,569,1,2
570,693,545,0,3
570,696,595,3,0
570,697,569,1,2
570,698,545,0,3
570,702,569,1,2
571,630,570,1,2
571,631,596,3,0
571,635,570,1,2
571,651,570,1,2
571,658,572,2,1
571,661,596,3,0
571,668,596,3,0
571,673,570,1,2
571,688,570,1,2
571,693,546,0,3
571,696,596,3,0
571,697,570,1,2
571,698,546,0,3
571,702,570,1,2
572,630,571,1,2
572,631,597,3,0
572,635,571,1,2
572,651,571,1,2
572,668,597,3,0
572,673,571,1,2
572,688,571,1,2
572,693,547,0,3
573,630,572,1,2
573,631,574,2,1
573,635,572,1,2
573,668,598,3,0
573,688,572,1,2
573,693,548,0,3
574,630,573,1,2
574,635,573,1,2
574,668,599,3,0
574,684,550,2,3
574,688,573,1,2
576,635,577,2,1
577,630,578,2,1
577,635,578,2,1
577,668,602,3,0
577,688,578,2,1
577,693,552,0,3
578,630,579,2,1
578,631,603,3,0
578,635,579,2,1
578,651,579,2,1
578,668,603,3,0
578,673,579,2,1
578,688,579,2,1
578,693,553,0,3
579,630,580,2,1
579,631,604,3,0
579,635,580,2,1
579,651,580,2,1
579,658,554,0,3
579,661,604,3,0
579,668,604,3,0
579,673,580,2,1
579,688,580,2,1
579,693,554,0,3
579,696,604,3,0
579,697,580,2,1
579,698,554,0,3
579,702,580,2,1
580,630,581,2,1
580,631,605,3,0
580,635,581,2,1
580,646,605,3,0
580,651,581,2,1
580,658,555,0,3
580,661,605,3,0
580,668,605,3,0
580,673,581,2,1
580,688,581,2,1
580,693,555,0,3
580,696,605,3,0
580,697,581,2,1
580,698,555,0,3
580,702,581,2,1
581,630,582,2,1
581,631,606,3,0
581,635,582,2,1
581,651,582,2,1
581,658,556,0,3
581,661,606,3,0
581,668,606,3,0
581,673,582,2,1
581,688,582,2,1
581,693,556,0,3
581,696,606,3,0
581,697,582,2,1
581,698,556,0,3
581,702,582,2,1
582,630,557,0,3
582,631,607,3,0
582,635,557,0,3
582,651,557,0,3
582,668,607,3,0
582,688,557,0,3
582,693,557,0,3
582,696,607,3,0
582,697,607,3,0
582,698,557,0,3
583,630,558,0,3
583,631,582,1,2
583,635,558,0,3
583,651,558,0,3
583,658,582,1,2
583,661,582,1,2
583,668,582,1,2
583,673,608,3,0
583,688,558,0,3
583,693,582,1,2
583,696,582,1,2
583,697,608,3,0
583,698,582,1,2
583,702,608,3,0
584,630,559,0,3
584,631,583,1,2
584,635,559,0,3
584,651,559,0,3
584,658,583,1,2
584,661,583,1,2
584,668,583,1,2
584,673,609,3,0
584,688,559,0,3
584,693,583,1,2
584,696,583,1,2
584,697,609,3,0
584,698,583,1,2
584,702,609,3,0
585,630,560,0,3
585,631,584,1,2
585,635,560,0,3
585,651,560,0,3
585,668,584,1,2
585,673,610,3,0
585,688,560,0,3
585,693,584,1,2
586,630,561,0,3
586,631,585,1,2
586,635,561,0,3
586,668,585,1,2
586,688,561,0,3
586,693,585,1,2
587,635,562,0,3
587,684,586,1,2
589,630,564,0,3
589,635,564,0,3
589,668,590,2,1
589,684,588,1,2
589,688,564,0,3
590,630,565,0,3
590,631,589,1,2
590,635,565,0,3
590,668,591,2,1
590,688,565,0,3
590,693,591,2,1
591,630,566,0,3
591,631,592,2,1
591,635,566,0,3
591,651,566,0,3
591,668,592,2,1
591,673,616,3,0
591,688,566,0,3
591,693,592,2,1
592,630,567,0,3
592,631,593,2,1
592,635,567,0,3
592,651,567,0,3
592,658,593,2,1
592,661,593,2,1
592,668,593,2,1
592,673,617,3,0
592,688,567,0,3
592,693,593,2,1
592,696,593,2,1
592,697,617,3,0
592,698,593,2,1
592,702,617,3,0
593,630,568,0,3
593,631,594,2,1
593,635,568,0,3
593,646,594,2,1
593,651,568,0,3
593,658,594,2,1
593,661,594,2,1
593,668,594,2,1
593,673,618,3,0
593,688,568,0,3
593,693,594,2,1
593,696,594,2,1
593,697,618,3,0
593,698,594,2,1
593,702,618,3,0
594,630,569,0,3
594,631,619,3,0
594,635,569,0,3
594,651,569,0,3
594,668,619,3,0
594,688,569,0,3
594,693,569,0,3
594,696,619,3,0
594,697,619,3,0
594,698,569,0,3
595,630,594,1,2
595,631,620,3,0
595,635,594,1,2
595,646,620,3,0
595,651,594,1,2
595,658,570,0,3
595,661,620,3,0
595,668,620,3,0
595,673,594,1,2
595,688,594,1,2
595,693,570,0,3
595,696,620,3,0
595,697,594,1,2
595,698,570,0,3
595,702,594,1,2
596,630,595,1,2
596,631,621,3,0
596,635,595,1,2
596,651,595,1,2
596,658,571,0,3
596,661,621,3,0
596,668,621,3,0
596,673,595,1,2
596,688,595,1,2
596,693,571,0,3
596,696,621,3,0
596,697,595,1,2
596,698,571,0,3
596,702,595,1,2
597,630,596,1,2
597,631,622,3,0
597,635,596,1,2
597,651,596,1,2
597,668,622,3,0
597,673,596,1,2
597,688,596,1,2
597,693,572,0,3
598,630,597,1,2
598,631,599,2,1
598,635,597,1,2
598,668,623,3,0
598,688,597,1,2
598,693,573,0,3
599,630,598,1,2
599,635,598,1,2
599,668,624,3,0
599,684,575,2,3
599,688,598,1,2
601,635,602,2,1
602,630,603,2,1
602,635,603,2,1
602,668,2,3,3
602,688,603,2,1
602,693,577,0,3
603,630,604,2,1
603,631,631,10,0
603,635,604,2,1
603,651,604,2,1
603,668,3,3,3
603,673,604,2,1
603,688,604,2,1
603,693,578,0,3
604,630,605,2,1
604,631,603,1,2
604,635,605,2,1
604,651,605,2,1
604,658,579,0,3
604,661,4,3,3
604,668,4,3,3
604,673,605,2,1
604,688,605,2,1
604,693,579,0,3
604,696,696,75,0
604,697,605,2,1
604,698,579,0,3
604,702,605,2,1
605,630,606,2,1
605,631,604,1,2
605,635,606,2,1
605,646,5,3,3
605,651,606,2,1
605,658,580,0,3
605,661,5,3,3
605,668,5,3,3
605,673,606,2,1
605,688,606,2,1
605,693,580,0,3
605,696,604,1,2
605,697,606,2,1
605,698,580,0,3
605,702,606,2,1
606,630,607,2,1
606,631,605,1,2
606,635,607,2,1
606,651,607,2,1
606,658,581,0,3
606,661,6,3,3
606,668,6,3,3
606,673,607,2,1
606,688,607,2,1
606,693,581,0,3
606,696,605,1,2
606,697,607,2,1
606,698,581,0,3
606,702,607,2,1
607,630,582,0,3
607,631,606,1,2
607,635,582,0,3
607,651,582,0,3
607,668,7,3,3
607,688,582,0,3
607,693,582,0,3
607,696,606,1,2
607,697,7,3,3
607,698,582,0,3
608,630,583,0,3
608,631,607,1,2
608,635,583,0,3
608,651,583,0,3
608,658,607,1,2
608,661,607,1,2
608,668,607,1,2
608,673,8,3,3
608,688,583,0,3
608,693,607,1,2
608,696,607,1,2
608,697,8,3,3
608,698,607,1,2
608,702,8,3,3
609,630,584,0,3
609,631,608,1,2
609,635,584,0,3
609,651,584,0,3
609,658,608,1,2
609,661,608,1,2
609,668,608,1,2
609,673,9,3,3
609,688,584,0,3
609,693,608,1,2
609,696,608,1,2
609,697,9,3,3
609,698,608,1,2
609,702,9,3,3
610,630,585,0,3
610,631,609,1,2
610,635,585,0,3
610,651,585,0,3
610,668,609,1,2
610,673,10,3,3
610,688,585,0,3
610,693,609,1,2
611,630,586,0,3
611,631,610,1,2
611,635,586,0,3
611,668,610,1,2
611,688,586,0,3
611,693,610,1,2
612,635,587,0,3
612,684,611,1,2
614,630,589,0,3
614,635,589,0,3
614,668,615,2,1
614,684,613,1,2
614,688,589,0,3
615,630,590,0,3
615,631,614,1,2
615,635,590,0,3
615,668,616,2,1
615,688,590,0,3
615,693,616,2,1
616,630,591,0,3
616,631,617,2,1
616,635,591,0,3
616,651,591,0,3
616,668,617,2,1
616,673,16,3,3
616,688,591,0,3
616,693,617,2,1
617,630,592,0,3
617,631,618,2,1
617,635,592,0,3
617,651,592,0,3
617,658,618,2,1
617,661,618,2,1
617,668,618,2,1
617,673,17,3,3
617,688,592,0,3
617,693,618,2,1
617,696,618,2,1
617,697,17,3,3
617,698,618,2,1
617,702,17,3,3
618,630,593,0,3
618,631,619,2,1
618,635,593,0,3
618,646,619,2,1
618,651,593,0,3
618,658,619,2,1
618,661,619,2,1
618,668,619,2,1
618,673,18,3,3
618,688,593,0,3
618,693,619,2,1
618,696,619,2,1
618,697,18,3,3
618,698,619,2,1
618,702,18,3,3
619,630,594,0,3
619,631,620,2,1
619,635,594,0,3
619,651,594,0,3
619,668,19,3,3
619,688,594,0,3
619,693,594,0,3
619,696,620,2,1
619,697,19,3,3
619,698,594,0,3
620,630,619,1,2
620,631,621,2,1
620,635,619,1,2
620,646,20,3,3
620,651,619,1,2
620,658,595,0,3
620,661,20,3,3
620,668,20,3,3
620,673,619,1,2
620,688,619,1,2
620,693,595,0,3
620,696,621,2,1
620,697,619,1,2
620,698,595,0,3
620,702,619,1,2
621,630,620,1,2
621,631,622,2,1
621,635,620,1,2
621,651,620,1,2
621,658,596,0,3
621,661,21,3,3
621,668,21,3,3
621,673,620,1,2
621,688,620,1,2
621,693,596,0,3
621,696,622,2,1
621,697,620,1,2
621,698,596,0,3
621,702,620,1,2
622,630,621,1,2
622,631,623,2,1
622,635,621,1,2
622,651,621,1,2
622,668,22,3,3
622,673,621,1,2
622,688,621,1,2
622,693,597,0,3
623,630,622,1,2
623,631,624,2,1
623,635,622,1,2
623,668,23,3,3
623,688,622,1,2
623,693,598,0,3
624,630,623,1,2
624,635,623,1,2
624,668,24,3,3
624,684,600,2,3
624,688,623,1,2
630,625,539,0,9
630,626,539,0,9
630,627,539,0,9
630,628,539,0,9
630,629,539,0,9
630,631,539,0,9
630,632,539,0,9
630,633,539,0,9
630,634,539,0,9
630,635,539,0,9
630,636,539,0,9
630,637,539,0,9
630,638,539,0,9
630,639,539,0,9
630,640,539,0,9
630,641,539,0,9
630,642,539,0,9
630,643,539,0,9
630,644,539,0,9
630,645,539,0,9
630,646,539,0,9
630,647,539,0,9
630,648,539,0,9
630,649,539,0,9
630,650,539,0,9
630,651,539,0,9
630,652,539,0,9
630,653,539,0,9
630,654,539,0,9
630,655,539,0,9
630,656,539,0,9
630,657,539,0,9
630,658,539,0,9
630,659,539,0,9
630,660,539,0,9
630,661,539,0,9
630,662,539,0,9
630,663,539,0,9
630,664,539,0,9
630,665,539,0,9
630,666,539,0,9
630,667,539,0,9
630,668,539,0,9
630,669,539,0,9
630,670,539,0,9
630,671,539,0,9
630,672,539,0,9
630,673,539,0,9
630,674,539,0,9
630,675,539,0,9
630,676,539,0,9
630,677,539,0,9
630,678,539,0,9
630,679,539,0,9
630,680,539,0,9
630,681,539,0,9
630,682,539,0,9
630,683,539,0,9
630,684,539,0,9
630,685,539,0,9
630,686,539,0,9
630,687,539,0,9
630,688,539,0,9
630,689,539,0,9
630,690,539,0,9
630,691,539,0,9
630,692,539,0,9
630,693,539,0,9
630,694,539,0,9
630,695,539,0,9
630,696,539,0,9
630,697,539,0,9
630,698,539,0,9
630,699,539,0,9
630,700,539,0,9
630,701,539,0,9
630,702,539,0,9
630,703,539,0,9
630,704,539,0,9
630,705,539,0,9
630,706,539,0,9
630,707,539,0,9
630,708,539,0,9
630,709,539,0,9
630,710,539,0,9
630,711,539,0,9
630,712,539,0,9
630,713,539,0,9
630,714,539,0,9
630,715,539,0,9
630,716,539,0,9
630,717,539,0,9
630,718,539,0,9
630,719,539,0,9
630,720,539,0,9
630,721,539,0,9
630,722,539,0,9
630,723,539,0,9
630,724,539,0,9
631,625,603,0,10
631,626,603,0,10
631,627,603,0,10
631,628,603,0,10
631,629,603,0,10
631,630,603,0,10
631,632,603,0,10
631,633,603,0,10
631,634,603,0,10
631,635,603,0,10
631,636,603,0,10
631,637,603,0,10
631,638,603,0,10
631,639,603,0,10
631,640,603,0,10
631,641,603,0,10
631,642,603,0,10
631,643,603,0,10
631,644,603,0,10
631,645,603,0,10
631,646,603,0,10
631,647,603,0,10
631,648,603,0,10
631,649,603,0,10
631,650,603,0,10
631,651,603,0,10
631,652,603,0,10
631,653,603,0,10
631,654,603,0,10
631,655,603,0,10
631,656,603,0,10
631,657,603,0,10
631,658,603,0,10
631,659,603,0,10
631,660,603,0,10
631,661,603,0,10
631,662,603,0,10
631,663,603,0,10
631,664,603,0,10
631,665,603,0,10
631,666,603,0,10
631,667,603,0,10
631,668,603,0,10
631,669,603,0,10
631,670,603,0,10
631,671,603,0,10
631,672,603,0,10
631,673,603,0,10
631,674,603,0,10
631,675,603,0,10
631,676,603,0,10
631,677,603,0,10
631,678,603,0,10
631,679,603,0,10
631,680,603,0,10
631,681,603,0,10
631,682,603,0,10
631,683,603,0,10
631,684,603,0,10
631,685,603,0,10
631,686,603,0,10
631,687,603,0,10
631,688,603,0,10
631,689,603,0,10
631,690,603,0,10
631,691,603,0,10
631,692,603,0,10
631,693,603,0,10
631,694,603,0,10
631,695,603,0,10
631,696,603,0,10
631,697,603,0,10
631,698,603,0,10
631,699,603,0,10
631,700,603,0,10
631,701,603,0,10
631,702,603,0,10
631,703,603,0,10
631,704,603,0,10
631,705,603,0,10
631,706,603,0,10
631,707,603,0,10
631,708,603,0,10
631,709,603,0,10
631,710,603,0,10
631,711,603,0,10
631,712,603,0,10
631,713,603,0,10
631,714,603,0,10
631,715,603,0,10
631,716,603,0,10
631,717,603,0,10
631,718,603,0,10
631,719,603,0,10
631,720,603,0,10
631,721,603,0,10
631,722,603,0,10
631,723,603,0,10
631,724,603,0,10
635,625,562,0,14
635,626,562,0,14
635,627,562,0,14
635,628,562,0,14
635,629,562,0,14
635,630,562,0,14
635,631,562,0,14
635,632,562,0,14
635,633,562,0,14
635,634,562,0,14
635,636,562,0,14
635,637,562,0,14
635,638,562,0,14
635,639,562,0,14
635,640,562,0,14
635,641,562,0,14
635,642,562,0,14
635,643,562,0,14
635,644,562,0,14
635,645,562,0,14
635,646,562,0,14
635,647,562,0,14
635,648,562,0,14
635,649,562,0,14
635,650,562,0,14
635,651,562,0,14
635,652,562,0,14
635,653,562,0,14
635,654,562,0,14
635,655,562,0,14
635,656,562,0,14
635,657,562,0,14
635,658,562,0,14
635,659,562,0,14
635,660,562,0,14
635,661,562,0,14
635,662,562,0,14
635,663,562,0,14
635,664,562,0,14
635,665,562,0,14
635,666,562,0,14
635,667,562,0,14
635,668,562,0,14
635,669,562,0,14
635,670,562,0,14
635,671,562,0,14
635,672,562,0,14
635,673,562,0,14
635,674,562,0,14
635,675,562,0,14
635,676,562,0,14
635,677,562,0,14
635,678,562,0,14
635,679,562,0,14
635,680,562,0,14
635,681,562,0,14
635,682,562,0,14
635,683,562,0,14
635,684,562,0,14
635,685,562,0,14
635,686,562,0,14
635,687,562,0,14
635,688,562,0,14
635,689,562,0,14
635,690,562,0,14
635,691,562,0,14
635,692,562,0,14
635,693,562,0,14
635,694,562,0,14
635,695,562,0,14
635,696,562,0,14
635,697,562,0,14
635,698,562,0,14
635,699,562,0,14
635,700,562,0,14
635,701,562,0,14
635,702,562,0,14
635,703,562,0,14
635,704,562,0,14
635,705,562,0,14
635,706,562,0,14
635,707,562,0,14
635,708,562,0,14
635,709,562,0,14
635,710,562,0,14
635,711,562,0,14
635,712,562,0,14
635,713,562,0,14
635,714,562,0,14
635,715,562,0,14
635,716,562,0,14
635,717,562,0,14
635,718,562,0,14
635,719,562,0,14
635,720,562,0,14
635,721,562,0,14
635,722,562,0,14
635,723,562,0,14
635,724,562,0,14
646,625,105,0,25
646,626,105,0,25
646,627,105,0,25
646,628,105,0,25
646,629,105,0,25
646,630,105,0,25
646,631,105,0,25
646,632,105,0,25
646,633,105,0,25
646,634,105,0,25
646,635,105,0,25
646,636,105,0,25
646,637,105,0,25
646,638,105,0,25
646,639,105,0,25
646,640,105,0,25
646,641,105,0,25
646,642,105,0,25
646,643,105,0,25
646,644,105,0,25
646,645,105,0,25
646,647,105,0,25
646,648,105,0,25
646,649,105,0,25
646,650,105,0,25
646,651,105,0,25
646,652,105,0,25
646,653,105,0,25
646,654,105,0,25
646,655,105,0,25
646,656,105,0,25
646,657,105,0,25
646,658,105,0,25
646,659,105,0,25
646,660,105,0,25
646,661,105,0,25
646,662,105,0,25
646,663,105,0,25
646,664,105,0,25
646,665,105,0,25
646,666,105,0,25
646,667,105,0,25
646,668,105,0,25
646,669,105,0,25
646,670,105,0,25
646,671,105,0,25
646,672,105,0,25
646,673,105,0,25
646,674,105,0,25
646,675,105,0,25
646,676,105,0,25
646,677,105,0,25
646,678,105,0,25
646,679,105,0,25
646,680,105,0,25
646,681,105,0,25
646,682,105,0,25
646,683,105,0,25
646,684,105,0,25
646,685,105,0,25
646,686,105,0,25
646,687,105,0,25
646,688,105,0,25
646,689,105,0,25
646,690,105,0,25
646,691,105,0,25
646,692,105,0,25
646,693,105,0,25
646,694,105,0,25
646,695,105,0,25
646,696,105,0,25
646,697,105,0,25
646,698,105,0,25
646,699,105,0,25
646,700,105,0,25
646,701,105,0,25
646,702,105,0,25
646,703,105,0,25
646,704,105,0,25
646,705,105,0,25
646,706,105,0,25
646,707,105,0,25
646,708,105,0,25
646,709,105,0,25
646,710,105,0,25
646,711,105,0,25
646,712,105,0,25
646,713,105,0,25
646,714,105,0,25
646,715,105,0,25
646,716,105,0,25
646,717,105,0,25
646,718,105,0,25
646,719,105,0,25
646,720,105,0,25
646,721,105,0,25
646,722,105,0,25
646,723,105,0,25
646,724,105,0,25
650,625,51,0,29
650,626,51,0,29
650,627,51,0,29
650,628,51,0,29
650,629,51,0,29
650,630,51,0,29
650,631,51,0,29
650,632,51,0,29
650,633,51,0,29
650,634,51,0,29
650,635,51,0,29
650,636,51,0,29
650,637,51,0,29
650,638,51,0,29
650,639,51,0,29
650,640,51,0,29
650,641,51,0,29
650,642,51,0,29
650,643,51,0,29
650,644,51,0,29
650,645,51,0,29
650,646,51,0,29
650,647,51,0,29
650,648,51,0,29
650,649,51,0,29
650,651,51,0,29
650,652,51,0,29
650,653,51,0,29
650,654,51,0,29
650,655,51,0,29
650,656,51,0,29
650,657,51,0,29
650,658,51,0,29
650,659,51,0,29
650,660,51,0,29
650,661,51,0,29
650,662,51,0,29
650,663,51,0,29
650,664,51,0,29
650,665,51,0,29
650,666,51,0,29
650,667,51,0,29
650,668,51,0,29
650,669,51,0,29
650,670,51,0,29
650,671,51,0,29
650,672,51,0,29
650,673,51,0,29
650,674,51,0,29
650,675,51,0,29
650,676,51,0,29
650,677,51,0,29
650,678,51,0,29
650,679,51,0,29
650,680,51,0,29
650,681,51,0,29
650,682,51,0,29
650,683,51,0,29
650,684,51,0,29
650,685,51,0,29
650,686,51,0,29
650,687,51,0,29
650,688,51,0,29
650,689,51,0,29
650,690,51,0,29
650,691,51,0,29
650,692,51,0,29
650,693,51,0,29
650,694,51,0,29
650,695,51,0,29
650,696,51,0,29
650,697,51,0,29
650,698,51,0,29
650,699,51,0,29
650,700,51,0,29
650,701,51,0,29
650,702,51,0,29
650,703,51,0,29
650,704,51,0,29
650,705,51,0,29
650,706,51,0,29
650,707,51,0,29
650,708,51,0,29
650,709,51,0,29
650,710,51,0,29
650,711,51,0,29
650,712,51,0,29
650,713,51,0,29
650,714,51,0,29
650,715,51,0,29
650,716,51,0,29
650,717,51,0,29
650,718,51,0,29
650,719,51,0,29
650,720,51,0,29
650,721,51,0,29
650,722,51,0,29
650,723,51,0,29
650,724,51,0,29
651,625,560,0,30
651,626,560,0,30
651,627,560,0,30
651,628,560,0,30
651,629,560,0,30
651,630,560,0,30
651,631,560,0,30
651,632,560,0,30
651,633,560,0,30
651,634,560,0,30
651,635,560,0,30
651,636,560,0,30
651,637,560,0,30
651,638,560,0,30
651,639,560,0,30
651,640,560,0,30
651,641,560,0,30
651,642,560,0,30
651,643,560,0,30
651,644,560,0,30
651,645,560,0,30
651,646,560,0,30
651,647,560,0,30
651,648,560,0,30
651,649,560,0,30
651,650,560,0,30
651,652,560,0,30
651,653,560,0,30
651,654,560,0,30
651,655,560,0,30
651,656,560,0,30
651,657,560,0,30
651,658,560,0,30
651,659,560,0,30
651,660,560,0,30
651,661,560,0,30
651,662,560,0,30
651,663,560,0,30
651,664,560,0,30
651,665,560,0,30
651,666,560,0,30
651,667,560,0,30
651,668,560,0,30
651,669,560,0,30
651,670,560,0,30
651,671,560,0,30
651,672,560,0,30
651,673,560,0,30
651,674,560,0,30
651,675,560,0,30
651,676,560,0,30
651,677,560,0,30
651,678,560,0,30
651,679,560,0,30
651,680,560,0,30
651,681,560,0,30
651,682,560,0,30
651,683,560,0,30
651,684,560,0,30
651,685,560,0,30
651,686,560,0,30
651,687,560,0,30
651,688,560,0,30
651,689,560,0,30
651,690,560,0,30
651,691,560,0,30
651,692,560,0,30
651,693,560,0,30
651,694,560,0,30
651,695,560,0,30
651,696,560,0,30
651,697,560,0,30
651,698,560,0,30
651,699,560,0,30
651,700,560,0,30
651,701,560,0,30
651,702,560,0,30
651,703,560,0,30
651,704,560,0,30
651,705,560,0,30
651,706,560,0,30
651,707,560,0,30
651,708,560,0,30
651,709,560,0,30
651,710,560,0,30
651,711,560,0,30
651,712,560,0,30
651,713,560,0,30
651,714,560,0,30
651,715,560,0,30
651,716,560,0,30
651,717,560,0,30
651,718,560,0,30
651,719,560,0,30
651,720,560,0,30
651,721,560,0,30
651,722,560,0,30
651,723,560,0,30
651,724,560,0,30
658,625,554,0,37
658,626,554,0,37
658,627,554,0,37
658,628,554,0,37
658,629,554,0,37
658,630,554,0,37
658,631,554,0,37
658,632,554,0,37
658,633,554,0,37
658,634,554,0,37
658,635,554,0,37
658,636,554,0,37
658,637,554,0,37
658,638,554,0,37
658,639,554,0,37
658,640,554,0,37
658,641,554,0,37
658,642,554,0,37
658,643,554,0,37
658,644,554,0,37
658,645,554,0,37
658,646,554,0,37
658,647,554,0,37
658,648,554,0,37
658,649,554,0,37
658,650,554,0,37
658,651,554,0,37
658,652,554,0,37
658,653,554,0,37
658,654,554,0,37
658,655,554,0,37
658,656,554,0,37
658,657,554,0,37
658,659,554,0,37
658,660,554,0,37
658,661,554,0,37
658,662,554,0,37
658,663,554,0,37
658,664,554,0,37
658,665,554,0,37
658,666,554,0,37
658,667,554,0,37
658,668,554,0,37
658,669,554,0,37
658,670,554,0,37
658,671,554,0,37
658,672,554,0,37
658,673,554,0,37
658,674,554,0,37
658,675,554,0,37
658,676,554,0,37
658,677,554,0,37
658,678,554,0,37
658,679,554,0,37
658,680,554,0,37
658,681,554,0,37
658,682,554,0,37
658,683,554,0,37
658,684,554,0,37
658,685,554,0,37
658,686,554,0,37
658,687,554,0,37
658,688,554,0,37
658,689,554,0,37
658,690,554,0,37
658,691,554,0,37
658,692,554,0,37
658,693,554,0,37
658,694,554,0,37
658,695,554,0,37
658,696,554,0,37
658,697,554,0,37
658,698,554,0,37
658,699,554,0,37
658,700,554,0,37
658,701,554,0,37
658,702,554,0,37
658,703,554,0,37
658,704,554,0,37
658,705,554,0,37
658,706,554,0,37
658,707,554,0,37
658,708,554,0,37
658,709,554,0,37
658,710,554,0,37
658,711,554,0,37
658,712,554,0,37
658,713,554,0,37
658,714,554,0,37
658,715,554,0,37
658,716,554,0,37
658,717,554,0,37
658,718,554,0,37
658,719,554,0,37
658,720,554,0,37
658,721,554,0,37
658,722,554,0,37
658,723,554,0,37
658,724,554,0,37
661,625,204,0,40
661,626,204,0,40
661,627,204,0,40
661,628,204,0,40
661,629,204,0,40
661,630,204,0,40
661,631,204,0,40
661,632,204,0,40
661,633,204,0,40
661,634,204,0,40
661,635,204,0,40
661,636,204,0,40
661,637,204,0,40
661,638,204,0,40
661,639,204,0,40
661,640,204,0,40
661,641,204,0,40
661,642,204,0,40
661,643,204,0,40
661,644,204,0,40
661,645,204,0,40
661,646,204,0,40
661,647,204,0,40
661,648,204,0,40
661,649,204,0,40
661,650,204,0,40
661,651,204,0,40
661,652,204,0,40
661,653,204,0,40
661,654,204,0,40
661,655,204,0,40
661,656,204,0,40
661,657,204,0,40
661,658,204,0,40
661,659,204,0,40
661,660,204,0,40
661,662,204,0,40
661,663,204,0,40
661,664,204,0,40
661,665,204,0,40
661,666,204,0,40
661,667,204,0,40
661,668,204,0,40
661,669,204,0,40
661,670,204,0,40
661,671,204,0,40
661,672,204,0,40
661,673,204,0,40
661,674,204,0,40
661,675,204,0,40
661,676,204,0,40
661,677,204,0,40
661,678,204,0,40
661,679,204,0,40
661,680,204,0,40
661,681,204,0,40
661,682,204,0,40
661,683,204,0,40
661,684,204,0,40
661,685,204,0,40
661,686,204,0,40
661,687,204,0,40
661,688,204,0,40
661,689,204,0,40
661,690,204,0,40
661,691,204,0,40
661,692,204,0,40
661,693,204,0,40
661,694,204,0,40
661,695,204,0,40
661,696,204,0,40
661,697,204,0,40
661,698,204,0,40
661,699,204,0,40
661,700,204,0,40
661,701,204,0,40
661,702,204,0,40
661,703,204,0,40
661,704,204,0,40
661,705,204,0,40
661,706,204,0,40
661,707,204,0,40
661,708,204,0,40
661,709,204,0,40
661,710,204,0,40
661,711,204,0,40
661,712,204,0,40
661,713,204,0,40
661,714,204,0,40
661,715,204,0,40
661,716,204,0,40
661,717,204,0,40
661,718,204,0,40
661,719,204,0,40
661,720,204,0,40
661,721,204,0,40
661,722,204,0,40
661,723,204,0,40
661,724,204,0,40
668,625,174,0,47
668,626,174,0,47
668,627,174,0,47
668,628,174,0,47
668,629,174,0,47
668,630,174,0,47
668,631,174,0,47
668,632,174,0,47
668,633,174,0,47
668,634,174,0,47
668,635,174,0,47
668,636,174,0,47
668,637,174,0,47
668,638,174,0,47
668,639,174,0,47
668,640,174,0,47
668,641,174,0,47
668,642,174,0,47
668,643,174,0,47
668,644,174,0,47
668,645,174,0,47
668,646,174,0,47
668,647,174,0,47
668,648,174,0,47
668,649,174,0,47
668,650,174,0,47
668,651,174,0,47
668,652,174,0,47
668,653,174,0,47
668,654,174,0,47
668,655,174,0,47
668,656,174,0,47
668,657,174,0,47
668,658,174,0,47
668,659,174,0,47
668,660,174,0,47
668,661,174,0,47
668,662,174,0,47
668,663,174,0,47
668,664,174,0,47
668,665,174,0,47
668,666,174,0,47
668,667,174,0,47
668,669,174,0,47
668,670,174,0,47
668,671,174,0,47
668,672,174,0,47
668,673,174,0,47
668,674,174,0,47
668,675,174,0,47
668,676,174,0,47
668,677,174,0,47
668,678,174,0,47
668,679,174,0,47
668,680,174,0,47
668,681,174,0,47
668,682,174,0,47
668,683,174,0,47
668,684,174,0,47
668,685,174,0,47
668,686,174,0,47
668,687,174,0,47
668,688,174,0,47
668,689,174,0,47
668,690,174,0,47
668,691,174,0,47
668,692,174,0,47
668,693,174,0,47
668,694,174,0,47
668,695,174,0,47
668,696,174,0,47
668,697,174,0,47
668,698,174,0,47
668,699,174,0,47
668,700,174,0,47
668,701,174,0,47
668,702,174,0,47
668,703,174,0,47
668,704,174,0,47
668,705,174,0,47
668,706,174,0,47
668,707,174,0,47
668,708,174,0,47
668,709,174,0,47
668,710,174,0,47
668,711,174,0,47
668,712,174,0,47
668,713,174,0,47
668,714,174,0,47
668,715,174,0,47
668,716,174,0,47
668,717,174,0,47
668,718,174,0,47
668,719,174,0,47
668,720,174,0,47
668,721,174,0,47
668,722,174,0,47
668,723,174,0,47
668,724,174,0,47
673,625,35,0,52
673,626,35,0,52
673,627,35,0,52
673,628,35,0,52
673,629,35,0,52
673,630,35,0,52
673,631,35,0,52
673,632,35,0,52
673,633,35,0,52
673,634,35,0,52
673,635,35,0,52
673,636,35,0,52
673,637,35,0,52
673,638,35,0,52
673,639,35,0,52
673,640,35,0,52
673,641,35,0,52
673,642,35,0,52
673,643,35,0,52
673,644,35,0,52
673,645,35,0,52
673,646,35,0,52
673,647,35,0,52
673,648,35,0,52
673,649,35,0,52
673,650,35,0,52
673,651,35,0,52
673,652,35,0,52
673,653,35,0,52
673,654,35,0,52
673,655,35,0,52
673,656,35,0,52
673,657,35,0,52
673,658,35,0,52
673,659,35,0,52
673,660,35,0,52
673,661,35,0,52
673,662,35,0,52
673,663,35,0,52
673,664,35,0,52
673,665,35,0,52
673,666,35,0,52
673,667,35,0,52
673,668,35,0,52
673,669,35,0,52
673,670,35,0,52
673,671,35,0,52
673,672,35,0,52
673,674,35,0,52
673,675,35,0,52
673,676,35,0,52
673,677,35,0,52
673,678,35,0,52
673,679,35,0,52
673,680,35,0,52
673,681,35,0,52
673,682,35,0,52
673,683,35,0,52
673,684,35,0,52
673,685,35,0,52
673,686,35,0,52
673,687,35,0,52
673,688,35,0,52
673,689,35,0,52
673,690,35,0,52
673,691,35,0,52
673,692,35,0,52
673,693,35,0,52
673,694,35,0,52
673,695,35,0,52
673,696,35,0,52
673,697,35,0,52
673,698,35,0,52
673,699,35,0,52
673,700,35,0,52
673,701,35,0,52
673,702,35,0,52
673,703,35,0,52
673,704,35,0,52
673,705,35,0,52
673,706,35,0,52
673,707,35,0,52
673,708,35,0,52
673,709,35,0,52
673,710,35,0,52
673,711,35,0,52
673,712,35,0,52
673,713,35,0,52
673,714,35,0,52
673,715,35,0,52
673,716,35,0,52
673,717,35,0,52
673,718,35,0,52
673,719,35,0,52
673,720,35,0,52
673,721,35,0,52
673,722,35,0,52
673,723,35,0,52
673,724,35,0,52
684,625,411,0,63
684,626,411,0,63
684,627,411,0,63
684,628,411,0,63
684,629,411,0,63
684,630,411,0,63
684,631,411,0,63
684,632,411,0,63
684,633,411,0,63
684,634,411,0,63
684,635,411,0,63
684,636,411,0,63
684,637,411,0,63
684,638,411,0,63
684,639,411,0,63
684,640,411,0,63
684,641,411,0,63
684,642,411,0,63
684,643,411,0,63
684,644,411,0,63
684,645,411,0,63
684,646,411,0,63
684,647,411,0,63
684,648,411,0,63
684,649,411,0,63
684,650,411,0,63
684,651,411,0,63
684,652,411,0,63
684,653,411,0,63
684,654,411,0,63
684,655,411,0,63
684,656,411,0,63
684,657,411,0,63
684,658,411,0,63
684,659,411,0,63
684,660,411,0,63
684,661,411,0,63
684,662,411,0,63
684,663,411,0,63
684,664,411,0,63
684,665,411,0,63
684,666,411,0,63
684,667,411,0,63
684,668,411,0,63
684,669,411,0,63
684,670,411,0,63
684,671,411,0,63
684,672,411,0,63
684,673,411,0,63
684,674,411,0,63
684,675,411,0,63
684,676,411,0,63
684,677,411,0,63
684,678,411,0,63
684,679,411,0,63
684,680,411,0,63
684,681,411,0,63
684,682,411,0,63
684,683,411,0,63
684,685,411,0,63
684,686,411,0,63
684,687,411,0,63
684,688,411,0,63
684,689,411,0,63
684,690,411,0,63
684,691,411,0,63
684,692,411,0,63
684,693,411,0,63
684,694,411,0,63
684,695,411,0,63
684,696,411,0,63
684,697,411,0,63
684,698,411,0,63
684,699,411,0,63
684,700,411,0,63
684,701,411,0,63
684,702,411,0,63
684,703,411,0,63
684,704,411,0,63
684,705,411,0,63
684,706,411,0,63
684,707,411,0,63
684,708,411,0,63
684,709,411,0,63
684,710,411,0,63
684,711,411,0,63
684,712,411,0,63
684,713,411,0,63
684,714,411,0,63
684,715,411,0,63
684,716,411,0,63
684,717,411,0,63
684,718,411,0,63
684,719,411,0,63
684,720,411,0,63
684,721,411,0,63
684,722,411,0,63
684,723,411,0,63
684,724,411,0,63
688,625,414,0,67
688,626,414,0,67
688,627,414,0,67
688,628,414,0,67
688,629,414,0,67
688,630,414,0,67
688,631,414,0,67
688,632,414,0,67
688,633,414,0,67
688,634,414,0,67
688,635,414,0,67
688,636,414,0,67
688,637,414,0,67
688,638,414,0,67
688,639,414,0,67
688,640,414,0,67
688,641,414,0,67
688,642,414,0,67
688,643,414,0,67
688,644,414,0,67
688,645,414,0,67
688,646,414,0,67
688,647,414,0,67
688,648,414,0,67
688,649,414,0,67
688,650,414,0,67
688,651,414,0,67
688,652,414,0,67
688,653,414,0,67
688,654,414,0,67
688,655,414,0,67
688,656,414,0,67
688,657,414,0,67
688,658,414,0,67
688,659,414,0,67
688,660,414,0,67
688,661,414,0,67
688,662,414,0,67
688,663,414,0,67
688,664,414,0,67
688,665,414,0,67
688,666,414,0,67
688,667,414,0,67
688,668,414,0,67
688,669,414,0,67
688,670,414,0,67
688,671,414,0,67
688,672,414,0,67
688,673,414,0,67
688,674,414,0,67
688,675,414,0,67
688,676,414,0,67
688,677,414,0,67
688,678,414,0,67
688,679,414,0,67
688,680,414,0,67
688,681,414,0,67
688,682,414,0,67
688,683,414,0,67
688,684,414,0,67
688,685,414,0,67
688,686,414,0,67
688,687,414,0,67
688,689,414,0,67
688,690,414,0,67
688,691,414,0,67
688,692,414,0,67
688,693,414,0,67
688,694,414,0,67
688,695,414,0,67
688,696,414,0,67
688,697,414,0,67
688,698,414,0,67
688,699,414,0,67
688,700,414,0,67
688,701,414,0,67
688,702,414,0,67
688,703,414,0,67
688,704,414,0,67
688,705,414,0,67
688,706,414,0,67
688,707,414,0,67
688,708,414,0,67
688,709,414,0,67
688,710,414,0,67
688,711,414,0,67
688,712,414,0,67
688,713,414,0,67
688,714,414,0,67
688,715,414,0,67
688,716,414,0,67
688,717,414,0,67
688,718,414,0,67
688,719,414,0,67
688,720,414,0,67
688,721,414,0,67
688,722,414,0,67
688,723,414,0,67
688,724,414,0,67
693,625,327,0,72
693,626,327,0,72
693,627,327,0,72
693,628,327,0,72
693,629,327,0,72
693,630,327,0,72
693,631,327,0,72
693,632,327,0,72
693,633,327,0,72
693,634,327,0,72
693,635,327,0,72
693,636,327,0,72
693,637,327,0,72
693,638,327,0,72
693,639,327,0,72
693,640,327,0,72
693,641,327,0,72
693,642,327,0,72
693,643,327,0,72
693,644,327,0,72
693,645,327,0,72
693,646,327,0,72
693,647,327,0,72
693,648,327,0,72
693,649,327,0,72
693,650,327,0,72
693,651,327,0,72
693,652,327,0,72
693,653,327,0,72
693,654,327,0,72
693,655,327,0,72
693,656,327,0,72
693,657,327,0,72
693,658,327,0,72
693,659,327,0,72
693,660,327,0,72
693,661,327,0,72
693,662,327,0,72
693,663,327,0,72
693,664,327,0,72
693,665,327,0,72
693,666,327,0,72
693,667,327,0,72
693,668,327,0,72
693,669,327,0,72
693,670,327,0,72
693,671,327,0,72
693,672,327,0,72
693,673,327,0,72
693,674,327,0,72
693,675,327,0,72
693,676,327,0,72
693,677,327,0,72
693,678,327,0,72
693,679,327,0,72
693,680,327,0,72
693,681,327,0,72
693,682,327,0,72
693,683,327,0,72
693,684,327,0,72
693,685,327,0,72
693,686,327,0,72
693,687,327,0,72
693,688,327,0,72
693,689,327,0,72
693,690,327,0,72
693,691,327,0,72
693,692,327,0,72
693,694,327,0,72
693,695,327,0,72
693,696,327,0,72
693,697,327,0,72
693,698,327,0,72
693,699,327,0,72
693,700,327,0,72
693,701,327,0,72
693,702,327,0,72
693,703,327,0,72
693,704,327,0,72
693,705,327,0,72
693,706,327,0,72
693,707,327,0,72
693,708,327,0,72
693,709,327,0,72
693,710,327,0,72
693,711,327,0,72
693,712,327,0,72
693,713,327,0,72
693,714,327,0,72
693,715,327,0,72
693,716,327,0,72
693,717,327,0,72
693,718,327,0,72
693,719,327,0,72
693,720,327,0,72
693,721,327,0,72
693,722,327,0,72
693,723,327,0,72
693,724,327,0,72
696,625,604,0,75
696,626,604,0,75
696,627,604,0,75
696,628,604,0,75
696,629,604,0,75
696,630,604,0,75
696,631,604,0,75
696,632,604,0,75
696,633,604,0,75
696,634,604,0,75
696,635,604,0,75
696,636,604,0,75
696,637,604,0,75
696,638,604,0,75
696,639,604,0,75
696,640,604,0,75
696,641,604,0,75
696,642,604,0,75
696,643,604,0,75
696,644,604,0,75
696,645,604,0,75
696,646,604,0,75
696,647,604,0,75
696,648,604,0,75
696,649,604,0,75
696,650,604,0,75
696,651,604,0,75
696,652,604,0,75
696,653,604,0,75
696,654,604,0,75
696,655,604,0,75
696,656,604,0,75
696,657,604,0,75
696,658,604,0,75
696,659,604,0,75
696,660,604,0,75
696,661,604,0,75
696,662,604,0,75
696,663,604,0,75
696,664,604,0,75
696,665,604,0,75
696,666,604,0,75
696,667,604,0,75
696,668,604,0,75
696,669,604,0,75
696,670,604,0,75
696,671,604,0,75
696,672,604,0,75
696,673,604,0,75
696,674,604,0,75
696,675,604,0,75
696,676,604,0,75
696,677,604,0,75
696,678,604,0,75
696,679,604,0,75
696,680,604,0,75
696,681,604,0,75
696,682,604,0,75
696,683,604,0,75
696,684,604,0,75
696,685,604,0,75
696,686,604,0,75
696,687,604,0,75
696,688,604,0,75
696,689,604,0,75
696,690,604,0,75
696,691,604,0,75
696,692,604,0,75
696,693,604,0,75
696,694,604,0,75
696,695,604,0,75
696,697,604,0,75
696,698,604,0,75
696,699,604,0,75
696,700,604,0,75
696,701,604,0,75
696,702,604,0,75
696,703,604,0,75
696,704,604,0,75
696,705,604,0,75
696,706,604,0,75
696,707,604,0,75
696,708,604,0,75
696,709,604,0,75
696,710,604,0,75
696,711,604,0,75
696,712,604,0,75
696,713,604,0,75
696,714,604,0,75
696,715,604,0,75
696,716,604,0,75
696,717,604,0,75
696,718,604,0,75
696,719,604,0,75
696,720,604,0,75
696,721,604,0,75
696,722,604,0,75
696,723,604,0,75
696,724,604,0,75
697,625,184,0,76
697,626,184,0,76
697,627,184,0,76
697,628,184,0,76
697,629,184,0,76
697,630,184,0,76
697,631,184,0,76
697,632,184,0,76
697,633,184,0,76
697,634,184,0,76
697,635,184,0,76
697,636,184,0,76
697,637,184,0,76
697,638,184,0,76
697,639,184,0,76
697,640,184,0,76
697,641,184,0,76
697,642,184,0,76
697,643,184,0,76
697,644,184,0,76
697,645,184,0,76
697,646,184,0,76
697,647,184,0,76
697,648,184,0,76
697,649,184,0,76
697,650,184,0,76
697,651,184,0,76
697,652,184,0,76
697,653,184,0,76
697,654,184,0,76
697,655,184,0,76
697,656,184,0,76
697,657,184,0,76
697,658,184,0,76
697,659,184,0,76
697,660,184,0,76
697,661,184,0,76
697,662,184,0,76
697,663,184,0,76
697,664,184,0,76
697,665,184,0,76
697,666,184,0,76
697,667,184,0,76
697,668,184,0,76
697,669,184,0,76
697,670,184,0,76
697,671,184,0,76
697,672,184,0,76
697,673,184,0,76
697,674,184,0,76
697,675,184,0,76
697,676,184,0,76
697,677,184,0,76
697,678,184,0,76
697,679,184,0,76
697,680,184,0,76
697,681,184,0,76
697,682,184,0,76
697,683,184,0,76
697,684,184,0,76
697,685,184,0,76
697,686,184,0,76
697,687,184,0,76
697,688,184,0,76
697,689,184,0,76
697,690,184,0,76
697,691,184,0,76
697,692,184,0,76
697,693,184,0,76
697,694,184,0,76
697,695,184,0,76
697,696,184,0,76
697,698,184,0,76
697,699,184,0,76
697,700,184,0,76
697,701,184,0,76
697,702,184,0,76
697,703,184,0,76
697,704,184,0,76
697,705,184,0,76
697,706,184,0,76
697,707,184,0,76
697,708,184,0,76
697,709,184,0,76
697,710,184,0,76
697,711,184,0,76
697,712,184,0,76
697,713,184,0,76
697,714,184,0,76
697,715,184,0,76
697,716,184,0,76
697,717,184,0,76
697,718,184,0,76
697,719,184,0,76
697,720,184,0,76
697,721,184,0,76
697,722,184,0,76
697,723,184,0,76
697,724,184,0,76
698,625,354,0,77
698,626,354,0,77
698,627,354,0,77
698,628,354,0,77
698,629,354,0,77
698,630,354,0,77
698,631,354,0,77
698,632,354,0,77
698,633,354,0,77
698,634,354,0,77
698,635,354,0,77
698,636,354,0,77
698,637,354,0,77
698,638,354,0,77
698,639,354,0,77
698,640,354,0,77
698,641,354,0,77
698,642,354,0,77
698,643,354,0,77
698,644,354,0,77
698,645,354,0,77
698,646,354,0,77
698,647,354,0,77
698,648,354,0,77
698,649,354,0,77
698,650,354,0,77
698,651,354,0,77
698,652,354,0,77
698,653,354,0,77
698,654,354,0,77
698,655,354,0,77
698,656,354,0,77
698,657,354,0,77
698,658,354,0,77
698,659,354,0,77
698,660,354,0,77
698,661,354,0,77
698,662,354,0,77
698,663,354,0,77
698,664,354,0,77
698,665,354,0,77
698,666,354,0,77
698,667,354,0,77
698,668,354,0,77
698,669,354,0,77
698,670,354,0,77
698,671,354,0,77
698,672,354,0,77
698,673,354,0,77
698,674,354,0,77
698,675,354,0,77
698,676,354,0,77
698,677,354,0,77
698,678,354,0,77
698,679,354,0,77
698,680,354,0,77
698,681,354,0,77
698,682,354,0,77
698,683,354,0,77
698,684,354,0,77
698,685,354,0,77
698,686,354,0,77
698,687,354,0,77
698,688,354,0,77
698,689,354,0,77
698,690,354,0,77
698,691,354,0,77
698,692,354,0,77
698,693,354,0,77
698,694,354,0,77
698,695,354,0,77
698,696,354,0,77
698,697,354,0,77
698,699,354,0,77
698,700,354,0,77
698,701,354,0,77
698,702,354,0,77
698,703,354,0,77
698,704,354,0,77
698,705,354,0,77
698,706,354,0,77
698,707,354,0,77
698,708,354,0,77
698,709,354,0,77
698,710,354,0,77
698,711,354,0,77
698,712,354,0,77
698,713,354,0,77
698,714,354,0,77
698,715,354,0,77
698,716,354,0,77
698,717,354,0,77
698,718,354,0,77
698,719,354,0,77
698,720,354,0,77
698,721,354,0,77
698,722,354,0,77
698,723,354,0,77
698,724,354,0,77
702,625,59,0,81
702,626,59,0,81
702,627,59,0,81
702,628,59,0,81
702,629,59,0,81
702,630,59,0,81
702,631,59,0,81
702,632,59,0,81
702,633,59,0,81
702,634,59,0,81
702,635,59,0,81
702,636,59,0,81
702,637,59,0,81
702,638,59,0,81
702,639,59,0,81
702,640,59,0,81
702,641,59,0,81
702,642,59,0,81
702,643,59,0,81
702,644,59,0,81
702,645,59,0,81
702,646,59,0,81
702,647,59,0,81
702,648,59,0,81
702,649,59,0,81
702,650,59,0,81
702,651,59,0,81
702,652,59,0,81
702,653,59,0,81
702,654,59,0,81
702,655,59,0,81
702,656,59,0,81
702,657,59,0,81
702,658,59,0,81
702,659,59,0,81
702,660,59,0,81
702,661,59,0,81
702,662,59,0,81
702,663,59,0,81
702,664,59,0,81
702,665,59,0,81
702,666,59,0,81
702,667,59,0,81
702,668,59,0,81
702,669,59,0,81
702,670,59,0,81
702,671,59,0,81
702,672,59,0,81
702,673,59,0,81
702,674,59,0,81
702,675,59,0,81
702,676,59,0,81
702,677,59,0,81
702,678,59,0,81
702,679,59,0,81
702,680,59,0,81
702,681,59,0,81
702,682,59,0,81
702,683,59,0,81
702,684,59,0,81
702,685,59,0,81
702,686,59,0,81
702,687,59,0,81
702,688,59,0,81
702,689,59,0,81
702,690,59,0,81
702,691,59,0,81
702,692,59,0,81
702,693,59,0,81
702,694,59,0,81
702,695,59,0,81
702,696,59,0,81
702,697,59,0,81
702,698,59,0,81
702,699,59,0,81
702,700,59,0,81
702,701,59,0,81
702,703,59,0,81
702,704,59,0,81
702,705,59,0,81
702,706,59,0,81
702,707,59,0,81
702,708,59,0,81
702,709,59,0,81
702,710,59,0,81
702,711,59,0,81
702,712,59,0,81
702,713,59,0,81
702,714,59,0,81
702,715,59,0,81
702,716,59,0,81
702,717,59,0,81
702,718,59,0,81
702,719,59,0,81
702,720,59,0,81
702,721,59,0,81
702,722,59,0,81
702,723,59,0,81
702,724,59,0,81
