0,635,24,2,1
0,668,25,1,0
0,671,25,1,0
0,690,25,1,0
1,668,26,2,0
1,671,26,2,0
1,690,26,2,0
2,635,3,1,0
2,668,27,2,0
2,671,27,2,0
2,690,27,2,0
3,635,4,1,0
3,668,28,2,0
3,671,28,2,0
3,673,4,1,0
3,688,4,1,0
3,690,28,2,0
3,693,603,3,3
4,631,5,1,0
4,635,5,1,0
4,668,29,2,0
4,671,29,2,0
4,682,29,2,0
4,690,29,2,0
4,693,604,3,3
4,718,29,2,0
5,627,6,1,0
5,631,6,1,0
5,633,6,1,0
5,635,6,1,0
5,665,605,3,3
5,668,30,2,0
5,671,30,2,0
5,690,30,2,0
5,693,605,3,3
5,708,30,2,0
5,718,30,2,0
6,627,7,1,0
6,631,7,1,0
6,633,7,1,0
6,635,7,1,0
6,665,606,3,3
6,668,31,2,0
6,671,31,2,0
6,690,31,2,0
6,693,606,3,3
6,708,31,2,0
6,718,31,2,0
7,627,8,1,0
7,631,8,1,0
7,633,8,1,0
7,635,8,1,0
7,665,607,3,3
7,668,32,2,0
7,671,32,2,0
7,690,32,2,0
7,693,607,3,3
7,701,8,1,0
7,708,32,2,0
7,718,32,2,0
8,633,33,2,0
8,635,608,3,3
8,665,608,3,3
8,668,33,2,0
8,671,33,2,0
8,690,33,2,0
8,693,608,3,3
8,701,9,1,0
8,708,33,2,0
9,627,609,3,3
9,631,609,3,3
9,633,34,2,0
9,635,609,3,3
9,665,8,0,1
9,668,8,0,1
9,671,8,0,1
9,690,8,0,1
9,693,8,0,1
9,701,701,80,0
9,708,8,0,1
9,718,8,0,1
10,627,610,3,3
10,631,610,3,3
10,633,35,2,0
10,635,610,3,3
10,665,9,0,1
10,668,9,0,1
10,671,9,0,1
10,690,9,0,1
10,693,9,0,1
10,708,9,0,1
10,718,9,0,1
11,631,611,3,3
11,635,611,3,3
11,668,10,0,1
11,671,10,0,1
11,690,10,0,1
11,693,10,0,1
11,696,10,0,1
11,718,10,0,1
12,631,612,3,3
12,635,612,3,3
12,668,11,0,1
12,671,11,0,1
12,688,612,3,3
12,690,11,0,1
12,693,11,0,1
13,635,613,3,3
13,668,12,0,1
13,671,12,0,1
13,690,12,0,1
14,671,15,1,0
14,690,15,1,0
15,635,615,3,3
15,668,16,1,0
15,671,16,1,0
15,688,615,3,3
15,690,16,1,0
16,631,616,3,3
16,635,616,3,3
16,668,17,1,0
16,671,17,1,0
16,673,15,0,1
16,690,17,1,0
16,693,17,1,0
17,631,617,3,3
17,635,617,3,3
17,665,18,1,0
17,668,18,1,0
17,671,18,1,0
17,682,18,1,0
17,690,18,1,0
17,693,18,1,0
17,696,16,0,1
17,718,18,1,0
18,627,618,3,3
18,631,618,3,3
18,633,43,2,0
18,635,618,3,3
18,665,19,1,0
18,668,19,1,0
18,671,19,1,0
18,690,19,1,0
18,693,19,1,0
18,708,19,1,0
18,718,19,1,0
19,627,619,3,3
19,631,619,3,3
19,633,44,2,0
19,635,619,3,3
19,665,20,1,0
19,668,20,1,0
19,671,20,1,0
19,690,20,1,0
19,693,20,1,0
19,708,20,1,0
19,718,20,1,0
20,633,45,2,0
20,635,620,3,3
20,665,620,3,3
20,668,45,2,0
20,671,45,2,0
20,690,45,2,0
20,693,620,3,3
20,701,19,0,1
20,708,45,2,0
21,627,20,0,1
21,631,20,0,1
21,633,20,0,1
21,635,20,0,1
21,665,621,3,3
21,668,46,2,0
21,671,46,2,0
21,690,46,2,0
21,693,621,3,3
21,701,20,0,1
21,708,46,2,0
21,718,46,2,0
22,627,21,0,1
22,631,21,0,1
22,633,21,0,1
22,635,21,0,1
22,665,622,3,3
22,668,47,2,0
22,671,47,2,0
22,690,47,2,0
22,693,622,3,3
22,708,47,2,0
22,718,47,2,0
23,631,22,0,1
23,635,22,0,1
23,665,623,3,3
23,668,48,2,0
23,671,48,2,0
23,682,48,2,0
23,690,48,2,0
23,693,623,3,3
23,696,24,1,0
23,718,48,2,0
24,631,23,0,1
24,635,23,0,1
24,668,49,2,0
24,671,49,2,0
24,673,0,1,2
24,690,49,2,0
24,693,624,3,3
25,635,49,3,2
25,668,50,2,0
25,671,50,2,0
25,690,50,2,0
26,668,51,3,0
26,671,51,3,0
26,690,51,3,0
27,635,28,2,1
27,668,52,3,0
27,671,52,3,0
27,690,52,3,0
28,635,29,2,1
28,668,53,3,0
28,671,53,3,0
28,673,29,2,1
28,688,29,2,1
28,690,53,3,0
28,693,53,3,0
29,631,30,2,1
29,635,30,2,1
29,668,54,3,0
29,671,54,3,0
29,682,54,3,0
29,690,54,3,0
29,693,54,3,0
29,718,54,3,0
30,627,31,2,1
30,631,31,2,1
30,633,31,2,1
30,635,31,2,1
30,665,5,0,2
30,668,55,3,0
30,671,55,3,0
30,690,55,3,0
30,693,55,3,0
30,708,55,3,0
30,718,55,3,0
31,627,32,2,1
31,631,32,2,1
31,633,32,2,1
31,635,32,2,1
31,665,6,0,2
31,668,56,3,0
31,671,56,3,0
31,690,56,3,0
31,693,56,3,0
31,708,56,3,0
31,718,56,3,0
32,627,33,2,1
32,631,33,2,1
32,633,33,2,1
32,635,33,2,1
32,665,7,0,2
32,668,57,3,0
32,671,57,3,0
32,690,57,3,0
32,693,57,3,0
32,701,33,2,1
32,708,57,3,0
32,718,57,3,0
33,633,58,3,0
33,635,8,0,2
33,665,8,0,2
33,668,58,3,0
33,671,58,3,0
33,690,58,3,0
33,701,8,0,2
33,708,58,3,0
34,627,9,0,2
34,631,9,0,2
34,633,59,3,0
34,635,9,0,2
34,665,33,1,2
34,668,33,1,2
34,671,33,1,2
34,690,33,1,2
34,693,33,1,2
34,701,9,0,2
34,708,33,1,2
34,718,33,1,2
35,627,10,0,2
35,631,10,0,2
35,633,60,3,0
35,635,10,0,2
35,665,34,1,2
35,668,34,1,2
35,671,34,1,2
35,690,34,1,2
35,693,34,1,2
35,708,34,1,2
35,718,34,1,2
36,631,11,0,2
36,635,11,0,2
36,668,35,1,2
36,671,35,1,2
36,690,35,1,2
36,693,35,1,2
36,696,35,1,2
36,718,35,1,2
37,631,12,0,2
37,635,12,0,2
37,668,36,1,2
37,671,36,1,2
37,688,12,0,2
37,690,36,1,2
37,693,36,1,2
38,635,13,0,2
38,668,37,1,2
38,671,37,1,2
38,690,37,1,2
39,671,40,2,1
39,690,40,2,1
40,635,15,0,2
40,668,41,2,1
40,671,41,2,1
40,688,15,0,2
40,690,41,2,1
41,631,16,0,2
41,635,16,0,2
41,668,42,2,1
41,671,42,2,1
41,673,40,1,2
41,690,42,2,1
41,693,42,2,1
42,631,17,0,2
42,635,17,0,2
42,665,43,2,1
42,668,43,2,1
42,671,43,2,1
42,682,43,2,1
42,690,43,2,1
42,693,43,2,1
42,696,41,1,2
42,718,43,2,1
43,627,18,0,2
43,631,18,0,2
43,633,68,3,0
43,635,18,0,2
43,665,44,2,1
43,668,44,2,1
43,671,44,2,1
43,690,44,2,1
43,693,44,2,1
43,708,44,2,1
43,718,44,2,1
44,627,19,0,2
44,631,19,0,2
44,633,69,3,0
44,635,19,0,2
44,665,45,2,1
44,668,45,2,1
44,671,45,2,1
44,690,45,2,1
44,693,45,2,1
44,701,19,0,2
44,708,45,2,1
44,718,45,2,1
45,633,70,3,0
45,635,20,0,2
45,665,20,0,2
45,668,70,3,0
45,671,70,3,0
45,690,70,3,0
45,701,20,0,2
45,708,70,3,0
46,627,45,1,2
46,631,45,1,2
46,633,45,1,2
46,635,45,1,2
46,665,21,0,2
46,668,71,3,0
46,671,71,3,0
46,690,71,3,0
46,693,71,3,0
46,701,45,1,2
46,708,71,3,0
46,718,71,3,0
47,627,46,1,2
47,631,46,1,2
47,633,46,1,2
47,635,46,1,2
47,665,22,0,2
47,668,72,3,0
47,671,72,3,0
47,690,72,3,0
47,693,72,3,0
47,708,72,3,0
47,718,72,3,0
48,631,47,1,2
48,635,47,1,2
48,665,23,0,2
48,668,73,3,0
48,671,73,3,0
48,682,73,3,0
48,690,73,3,0
48,693,73,3,0
48,696,49,2,1
48,718,73,3,0
49,631,48,1,2
49,635,48,1,2
49,668,74,3,0
49,671,74,3,0
49,673,25,2,3
49,690,74,3,0
49,693,74,3,0
50,635,74,3,2
50,668,75,2,0
50,671,75,2,0
50,690,75,2,0
51,668,76,3,0
51,671,76,3,0
51,690,76,3,0
52,635,53,2,1
52,668,77,3,0
52,671,77,3,0
52,690,77,3,0
53,635,54,2,1
53,668,78,3,0
53,671,78,3,0
53,673,54,2,1
53,688,54,2,1
53,690,78,3,0
53,693,78,3,0
54,631,55,2,1
54,635,55,2,1
54,668,79,3,0
54,671,79,3,0
54,682,79,3,0
54,690,79,3,0
54,693,79,3,0
54,718,79,3,0
55,627,56,2,1
55,631,56,2,1
55,633,56,2,1
55,635,56,2,1
55,665,30,0,3
55,668,80,3,0
55,671,80,3,0
55,690,80,3,0
55,693,80,3,0
55,708,80,3,0
55,718,80,3,0
56,627,57,2,1
56,631,57,2,1
56,633,57,2,1
56,635,57,2,1
56,665,31,0,3
56,668,81,3,0
56,671,81,3,0
56,690,81,3,0
56,693,81,3,0
56,708,81,3,0
56,718,81,3,0
57,627,58,2,1
57,631,58,2,1
57,633,58,2,1
57,635,58,2,1
57,665,32,0,3
57,668,82,3,0
57,671,82,3,0
57,690,82,3,0
57,693,82,3,0
57,701,58,2,1
57,708,82,3,0
57,718,82,3,0
58,635,33,0,3
58,665,33,0,3
58,668,83,3,0
58,671,83,3,0
58,690,83,3,0
58,693,83,3,0
58,701,33,0,3
58,708,83,3,0
59,627,34,0,3
59,631,34,0,3
59,633,84,3,0
59,635,34,0,3
59,665,58,1,2
59,668,58,1,2
59,671,58,1,2
59,690,58,1,2
59,693,58,1,2
59,701,34,0,3
59,708,58,1,2
59,718,58,1,2
60,627,35,0,3
60,631,35,0,3
60,633,85,3,0
60,635,35,0,3
60,665,59,1,2
60,668,59,1,2
60,671,59,1,2
60,690,59,1,2
60,693,59,1,2
60,708,59,1,2
60,718,59,1,2
61,631,36,0,3
61,635,36,0,3
61,668,60,1,2
61,671,60,1,2
61,690,60,1,2
61,693,60,1,2
61,696,60,1,2
61,718,60,1,2
62,631,37,0,3
62,635,37,0,3
62,668,61,1,2
62,671,61,1,2
62,688,37,0,3
62,690,61,1,2
62,693,61,1,2
63,635,38,0,3
63,668,62,1,2
63,671,62,1,2
63,690,62,1,2
64,671,65,2,1
64,690,65,2,1
65,635,40,0,3
65,668,66,2,1
65,671,66,2,1
65,688,40,0,3
65,690,66,2,1
66,631,41,0,3
66,635,41,0,3
66,668,67,2,1
66,671,67,2,1
66,673,65,1,2
66,690,67,2,1
66,693,67,2,1
67,631,42,0,3
67,635,42,0,3
67,665,68,2,1
67,668,68,2,1
67,671,68,2,1
67,682,68,2,1
67,690,68,2,1
67,693,68,2,1
67,696,66,1,2
67,718,68,2,1
68,627,43,0,3
68,631,43,0,3
68,633,93,3,0
68,635,43,0,3
68,665,69,2,1
68,668,69,2,1
68,671,69,2,1
68,690,69,2,1
68,693,69,2,1
68,708,69,2,1
68,718,69,2,1
69,627,44,0,3
69,631,44,0,3
69,633,94,3,0
69,635,44,0,3
69,665,70,2,1
69,668,70,2,1
69,671,70,2,1
69,690,70,2,1
69,693,70,2,1
69,701,44,0,3
69,708,70,2,1
69,718,70,2,1
70,635,45,0,3
70,665,45,0,3
70,668,95,3,0
70,671,95,3,0
70,690,95,3,0
70,693,95,3,0
70,701,45,0,3
70,708,95,3,0
71,627,70,1,2
71,631,70,1,2
71,633,70,1,2
71,635,70,1,2
71,665,46,0,3
71,668,96,3,0
71,671,96,3,0
71,690,96,3,0
71,693,96,3,0
71,701,70,1,2
71,708,96,3,0
71,718,96,3,0
72,627,71,1,2
72,631,71,1,2
72,633,71,1,2
72,635,71,1,2
72,665,47,0,3
72,668,97,3,0
72,671,97,3,0
72,690,97,3,0
72,693,97,3,0
72,708,97,3,0
72,718,97,3,0
73,631,72,1,2
73,635,72,1,2
73,665,48,0,3
73,668,98,3,0
73,671,98,3,0
73,682,98,3,0
73,690,98,3,0
73,693,98,3,0
73,696,74,2,1
73,718,98,3,0
74,631,73,1,2
74,635,73,1,2
74,668,99,3,0
74,671,99,3,0
74,673,50,2,3
74,690,99,3,0
74,693,99,3,0
75,635,99,3,2
75,668,100,2,0
75,671,100,2,0
75,690,76,1,1
76,668,101,3,0
76,671,101,3,0
76,690,690,69,0
77,635,78,2,1
77,668,102,3,0
77,671,102,3,0
77,690,76,1,2
78,635,79,2,1
78,668,103,3,0
78,671,103,3,0
78,673,79,2,1
78,688,79,2,1
78,690,77,1,2
78,693,103,3,0
79,631,80,2,1
79,635,80,2,1
79,668,104,3,0
79,671,104,3,0
79,682,104,3,0
79,690,78,1,2
79,693,104,3,0
79,718,104,3,0
80,627,81,2,1
80,631,81,2,1
80,633,81,2,1
80,635,81,2,1
80,665,55,0,3
80,668,105,3,0
80,671,105,3,0
80,690,79,1,2
80,693,105,3,0
80,708,105,3,0
80,718,105,3,0
81,627,82,2,1
81,631,82,2,1
81,633,82,2,1
81,635,82,2,1
81,665,56,0,3
81,668,106,3,0
81,671,106,3,0
81,690,80,1,2
81,693,106,3,0
81,708,106,3,0
81,718,106,3,0
82,627,83,2,1
82,631,83,2,1
82,633,83,2,1
82,635,83,2,1
82,665,57,0,3
82,668,107,3,0
82,671,107,3,0
82,690,81,1,2
82,693,107,3,0
82,701,83,2,1
82,708,107,3,0
82,718,107,3,0
83,631,108,3,0
83,635,58,0,3
83,665,58,0,3
83,668,108,3,0
83,671,108,3,0
83,688,58,0,3
83,690,82,1,2
83,693,108,3,0
83,701,58,0,3
83,708,108,3,0
83,718,108,3,0
84,627,59,0,3
84,631,109,3,0
84,633,109,3,0
84,635,59,0,3
84,665,83,1,2
84,668,83,1,2
84,671,83,1,2
84,688,59,0,3
84,690,83,1,2
84,693,83,1,2
84,701,59,0,3
84,708,83,1,2
84,718,83,1,2
85,627,60,0,3
85,631,110,3,0
85,633,110,3,0
85,635,60,0,3
85,665,84,1,2
85,668,84,1,2
85,671,84,1,2
85,688,60,0,3
85,690,84,1,2
85,693,84,1,2
85,708,84,1,2
85,718,84,1,2
86,631,111,3,0
86,635,61,0,3
86,668,85,1,2
86,671,85,1,2
86,688,61,0,3
86,690,85,1,2
86,693,85,1,2
86,696,85,1,2
86,718,85,1,2
87,631,112,3,0
87,635,62,0,3
87,668,86,1,2
87,671,86,1,2
87,688,62,0,3
87,690,86,1,2
87,693,86,1,2
88,635,63,0,3
88,668,87,1,2
88,671,87,1,2
88,690,87,1,2
89,671,90,2,1
89,690,90,2,1
90,635,65,0,3
90,668,91,2,1
90,671,91,2,1
90,688,65,0,3
90,690,91,2,1
91,631,116,3,0
91,635,66,0,3
91,668,92,2,1
91,671,92,2,1
91,673,90,1,2
91,688,66,0,3
91,690,92,2,1
91,693,92,2,1
92,631,117,3,0
92,635,67,0,3
92,665,93,2,1
92,668,93,2,1
92,671,93,2,1
92,682,93,2,1
92,688,67,0,3
92,690,93,2,1
92,693,93,2,1
92,696,91,1,2
92,718,93,2,1
93,627,68,0,3
93,631,118,3,0
93,633,118,3,0
93,635,68,0,3
93,665,94,2,1
93,668,94,2,1
93,671,94,2,1
93,688,68,0,3
93,690,94,2,1
93,693,94,2,1
93,708,94,2,1
93,718,94,2,1
94,627,69,0,3
94,631,119,3,0
94,633,119,3,0
94,635,69,0,3
94,665,95,2,1
94,668,95,2,1
94,671,95,2,1
94,688,69,0,3
94,690,95,2,1
94,693,95,2,1
94,701,69,0,3
94,708,95,2,1
94,718,95,2,1
95,631,120,3,0
95,635,70,0,3
95,665,70,0,3
95,668,120,3,0
95,671,120,3,0
95,688,70,0,3
95,690,96,2,1
95,693,120,3,0
95,701,70,0,3
95,708,120,3,0
95,718,120,3,0
96,627,95,1,2
96,631,95,1,2
96,633,95,1,2
96,635,95,1,2
96,665,71,0,3
96,668,121,3,0
96,671,121,3,0
96,690,97,2,1
96,693,121,3,0
96,701,95,1,2
96,708,121,3,0
96,718,121,3,0
97,627,96,1,2
97,631,96,1,2
97,633,96,1,2
97,635,96,1,2
97,665,72,0,3
97,668,122,3,0
97,671,122,3,0
97,690,98,2,1
97,693,122,3,0
97,708,122,3,0
97,718,122,3,0
98,631,97,1,2
98,635,97,1,2
98,665,73,0,3
98,668,123,3,0
98,671,123,3,0
98,682,123,3,0
98,690,99,2,1
98,693,123,3,0
98,696,99,2,1
98,718,123,3,0
99,631,98,1,2
99,635,98,1,2
99,668,124,3,0
99,671,124,3,0
99,673,75,2,3
99,690,75,2,3
99,693,124,3,0
100,635,124,3,2
100,668,125,2,0
100,671,125,2,0
100,690,75,0,2
101,668,126,3,0
101,671,126,3,0
101,690,76,0,3
102,635,103,2,1
102,668,127,3,0
102,671,127,3,0
102,690,77,0,3
103,635,104,2,1
103,668,128,3,0
103,671,128,3,0
103,673,104,2,1
103,688,104,2,1
103,690,78,0,3
103,693,128,3,0
104,631,105,2,1
104,635,105,2,1
104,668,129,3,0
104,671,129,3,0
104,682,129,3,0
104,690,79,0,3
104,693,129,3,0
104,718,129,3,0
105,627,106,2,1
105,631,106,2,1
105,633,106,2,1
105,635,106,2,1
105,665,80,0,3
105,668,130,3,0
105,671,130,3,0
105,690,80,0,3
105,693,130,3,0
105,708,130,3,0
105,718,130,3,0
106,627,107,2,1
106,631,107,2,1
106,633,107,2,1
106,635,107,2,1
106,665,81,0,3
106,668,131,3,0
106,671,131,3,0
106,690,81,0,3
106,693,131,3,0
106,708,131,3,0
106,718,131,3,0
107,627,108,2,1
107,631,108,2,1
107,633,108,2,1
107,635,108,2,1
107,665,82,0,3
107,668,132,3,0
107,671,132,3,0
107,690,82,0,3
107,693,132,3,0
107,701,108,2,1
107,708,132,3,0
107,718,132,3,0
108,631,133,3,0
108,635,83,0,3
108,665,83,0,3
108,668,133,3,0
108,671,133,3,0
108,690,83,0,3
108,693,133,3,0
108,696,83,0,3
108,708,133,3,0
108,718,133,3,0
109,627,84,0,3
109,631,134,3,0
109,633,134,3,0
109,635,84,0,3
109,665,108,1,2
109,668,108,1,2
109,671,108,1,2
109,690,108,1,2
109,693,108,1,2
109,696,84,0,3
109,701,84,0,3
109,708,108,1,2
109,718,108,1,2
110,627,85,0,3
110,631,135,3,0
110,633,135,3,0
110,635,85,0,3
110,665,109,1,2
110,668,109,1,2
110,671,109,1,2
110,690,109,1,2
110,693,109,1,2
110,696,85,0,3
110,708,109,1,2
110,718,109,1,2
111,631,136,3,0
111,635,86,0,3
111,668,110,1,2
111,671,110,1,2
111,690,110,1,2
111,693,110,1,2
111,696,110,1,2
111,718,110,1,2
112,631,137,3,0
112,635,87,0,3
112,668,111,1,2
112,671,111,1,2
112,688,137,3,0
112,690,111,1,2
112,693,111,1,2
113,635,88,0,3
113,668,112,1,2
113,671,112,1,2
113,690,112,1,2
114,671,115,2,1
114,690,115,2,1
115,635,90,0,3
115,668,116,2,1
115,671,116,2,1
115,688,140,3,0
115,690,116,2,1
116,631,141,3,0
116,635,91,0,3
116,668,117,2,1
116,671,117,2,1
116,673,115,1,2
116,690,117,2,1
116,693,117,2,1
117,631,142,3,0
117,635,92,0,3
117,665,118,2,1
117,668,118,2,1
117,671,118,2,1
117,682,118,2,1
117,690,118,2,1
117,693,118,2,1
117,696,116,1,2
117,718,118,2,1
118,627,93,0,3
118,631,143,3,0
118,633,143,3,0
118,635,93,0,3
118,665,119,2,1
118,668,119,2,1
118,671,119,2,1
118,690,119,2,1
118,693,119,2,1
118,696,93,0,3
118,708,119,2,1
118,718,119,2,1
119,627,94,0,3
119,631,144,3,0
119,633,144,3,0
119,635,94,0,3
119,665,120,2,1
119,668,120,2,1
119,671,120,2,1
119,690,120,2,1
119,693,120,2,1
119,696,94,0,3
119,701,94,0,3
119,708,120,2,1
119,718,120,2,1
120,631,145,3,0
120,635,95,0,3
120,665,95,0,3
120,668,145,3,0
120,671,145,3,0
120,690,95,0,3
120,693,145,3,0
120,696,95,0,3
120,708,145,3,0
120,718,145,3,0
121,627,120,1,2
121,631,120,1,2
121,633,120,1,2
121,635,120,1,2
121,665,96,0,3
121,668,146,3,0
121,671,146,3,0
121,690,96,0,3
121,693,146,3,0
121,701,120,1,2
121,708,146,3,0
121,718,146,3,0
122,627,121,1,2
122,631,121,1,2
122,633,121,1,2
122,635,121,1,2
122,665,97,0,3
122,668,147,3,0
122,671,147,3,0
122,690,97,0,3
122,693,147,3,0
122,708,147,3,0
122,718,147,3,0
123,631,122,1,2
123,635,122,1,2
123,665,98,0,3
123,668,148,3,0
123,671,148,3,0
123,682,148,3,0
123,690,98,0,3
123,693,148,3,0
123,696,124,2,1
123,718,148,3,0
124,631,123,1,2
124,635,123,1,2
124,668,149,3,0
124,671,149,3,0
124,673,100,2,3
124,690,99,0,3
124,693,149,3,0
125,635,149,3,2
125,668,150,2,0
125,671,150,2,0
125,690,100,0,2
126,668,151,3,0
126,671,151,3,0
126,690,101,0,3
127,635,128,2,1
127,668,152,3,0
127,671,152,3,0
127,690,102,0,3
128,635,129,2,1
128,668,153,3,0
128,671,153,3,0
128,673,129,2,1
128,688,129,2,1
128,690,103,0,3
128,693,153,3,0
129,631,130,2,1
129,635,130,2,1
129,668,154,3,0
129,671,154,3,0
129,682,154,3,0
129,690,104,0,3
129,693,154,3,0
129,718,154,3,0
130,627,131,2,1
130,631,131,2,1
130,633,131,2,1
130,635,131,2,1
130,665,105,0,3
130,668,155,3,0
130,671,155,3,0
130,690,105,0,3
130,693,155,3,0
130,708,155,3,0
130,718,155,3,0
131,627,132,2,1
131,631,132,2,1
131,633,132,2,1
131,635,132,2,1
131,665,106,0,3
131,668,156,3,0
131,671,156,3,0
131,690,106,0,3
131,693,156,3,0
131,708,156,3,0
131,718,156,3,0
132,627,133,2,1
132,631,133,2,1
132,633,133,2,1
132,635,133,2,1
132,665,107,0,3
132,668,157,3,0
132,671,157,3,0
132,690,107,0,3
132,693,157,3,0
132,701,133,2,1
132,708,157,3,0
132,718,157,3,0
133,627,158,3,0
133,631,158,3,0
133,635,108,0,3
133,665,108,0,3
133,671,158,3,0
133,690,108,0,3
133,693,158,3,0
133,708,158,3,0
133,718,158,3,0
134,627,159,3,0
134,631,159,3,0
134,633,159,3,0
134,635,109,0,3
134,665,133,1,2
134,668,133,1,2
134,671,133,1,2
134,690,133,1,2
134,693,133,1,2
134,701,109,0,3
134,708,133,1,2
134,718,133,1,2
135,627,160,3,0
135,631,160,3,0
135,633,160,3,0
135,635,110,0,3
135,665,134,1,2
135,668,134,1,2
135,671,134,1,2
135,690,134,1,2
135,693,134,1,2
135,708,134,1,2
135,718,134,1,2
136,631,161,3,0
136,635,111,0,3
136,668,135,1,2
136,671,135,1,2
136,690,135,1,2
136,693,135,1,2
136,696,135,1,2
136,718,135,1,2
137,631,162,3,0
137,635,112,0,3
137,668,136,1,2
137,671,136,1,2
137,688,162,3,0
137,690,136,1,2
137,693,136,1,2
138,635,113,0,3
138,668,137,1,2
138,671,137,1,2
138,690,137,1,2
139,671,140,2,1
139,690,140,2,1
140,635,115,0,3
140,668,141,2,1
140,671,141,2,1
140,688,165,3,0
140,690,141,2,1
141,631,166,3,0
141,635,116,0,3
141,668,142,2,1
141,671,142,2,1
141,673,140,1,2
141,690,142,2,1
141,693,142,2,1
142,631,167,3,0
142,635,117,0,3
142,665,143,2,1
142,668,143,2,1
142,671,143,2,1
142,682,143,2,1
142,690,143,2,1
142,693,143,2,1
142,696,141,1,2
142,718,143,2,1
143,627,168,3,0
143,631,168,3,0
143,633,168,3,0
143,635,118,0,3
143,665,144,2,1
143,668,144,2,1
143,671,144,2,1
143,690,144,2,1
143,693,144,2,1
143,708,144,2,1
143,718,144,2,1
144,627,169,3,0
144,631,169,3,0
144,633,169,3,0
144,635,119,0,3
144,665,145,2,1
144,668,145,2,1
144,671,145,2,1
144,690,145,2,1
144,693,145,2,1
144,701,119,0,3
144,708,145,2,1
144,718,145,2,1
145,627,170,3,0
145,631,170,3,0
145,635,120,0,3
145,665,120,0,3
145,671,170,3,0
145,690,120,0,3
145,693,170,3,0
145,708,170,3,0
145,718,170,3,0
146,627,145,1,2
146,631,145,1,2
146,633,145,1,2
146,635,145,1,2
146,665,121,0,3
146,668,171,3,0
146,671,171,3,0
146,690,121,0,3
146,693,171,3,0
146,701,145,1,2
146,708,171,3,0
146,718,171,3,0
147,627,146,1,2
147,631,146,1,2
147,633,146,1,2
147,635,146,1,2
147,665,122,0,3
147,668,172,3,0
147,671,172,3,0
147,690,122,0,3
147,693,172,3,0
147,708,172,3,0
147,718,172,3,0
148,631,147,1,2
148,635,147,1,2
148,665,123,0,3
148,668,173,3,0
148,671,173,3,0
148,682,173,3,0
148,690,123,0,3
148,693,173,3,0
148,696,149,2,1
148,718,173,3,0
149,631,148,1,2
149,635,148,1,2
149,668,174,3,0
149,671,174,3,0
149,673,125,2,3
149,690,124,0,3
149,693,174,3,0
150,635,174,3,2
150,668,151,1,1
150,671,175,2,0
150,690,125,0,2
151,668,668,47,0
151,671,176,3,0
151,690,126,0,3
152,635,153,2,1
152,671,177,3,0
152,690,127,0,3
153,635,154,2,1
153,668,152,1,2
153,671,178,3,0
153,673,154,2,1
153,688,154,2,1
153,690,128,0,3
153,693,178,3,0
154,631,155,2,1
154,635,155,2,1
154,668,153,1,2
154,671,179,3,0
154,682,179,3,0
154,690,129,0,3
154,693,179,3,0
154,718,179,3,0
155,627,156,2,1
155,631,156,2,1
155,633,156,2,1
155,635,156,2,1
155,665,130,0,3
155,668,154,1,2
155,671,180,3,0
155,690,130,0,3
155,693,180,3,0
155,708,708,87,0
155,718,180,3,0
156,627,157,2,1
156,631,157,2,1
156,633,157,2,1
156,635,157,2,1
156,665,131,0,3
156,668,155,1,2
156,671,181,3,0
156,690,131,0,3
156,693,181,3,0
156,708,155,1,2
156,718,181,3,0
157,627,158,2,1
157,631,158,2,1
157,633,158,2,1
157,635,158,2,1
157,665,132,0,3
157,668,156,1,2
157,671,182,3,0
157,690,132,0,3
157,693,182,3,0
157,701,158,2,1
157,708,156,1,2
157,718,182,3,0
158,627,183,3,0
158,631,183,3,0
158,633,159,2,1
158,635,133,0,3
158,665,133,0,3
158,668,157,1,2
158,671,183,3,0
158,690,133,0,3
158,693,183,3,0
158,708,157,1,2
158,718,183,3,0
159,627,184,3,0
159,631,184,3,0
159,633,160,2,1
159,635,134,0,3
159,665,158,1,2
159,668,158,1,2
159,671,158,1,2
159,690,158,1,2
159,693,158,1,2
159,701,134,0,3
159,708,158,1,2
159,718,158,1,2
160,627,185,3,0
160,631,185,3,0
160,633,633,12,0
160,635,135,0,3
160,665,159,1,2
160,668,159,1,2
160,671,159,1,2
160,690,159,1,2
160,693,159,1,2
160,708,159,1,2
160,718,159,1,2
161,631,186,3,0
161,635,136,0,3
161,668,160,1,2
161,671,160,1,2
161,690,160,1,2
161,693,160,1,2
161,696,160,1,2
161,718,160,1,2
162,631,187,3,0
162,635,137,0,3
162,668,161,1,2
162,671,161,1,2
162,688,187,3,0
162,690,161,1,2
162,693,161,1,2
163,635,138,0,3
163,668,162,1,2
163,671,162,1,2
163,690,162,1,2
164,671,165,2,1
164,690,165,2,1
165,635,140,0,3
165,668,166,2,1
165,671,166,2,1
165,688,190,3,0
165,690,166,2,1
166,631,191,3,0
166,635,141,0,3
166,668,167,2,1
166,671,167,2,1
166,673,165,1,2
166,690,167,2,1
166,693,167,2,1
167,631,192,3,0
167,635,142,0,3
167,665,168,2,1
167,668,168,2,1
167,671,168,2,1
167,682,168,2,1
167,690,168,2,1
167,693,168,2,1
167,696,166,1,2
167,718,168,2,1
168,627,193,3,0
168,631,193,3,0
168,633,167,1,2
168,635,143,0,3
168,665,169,2,1
168,668,169,2,1
168,671,169,2,1
168,690,169,2,1
168,693,169,2,1
168,708,169,2,1
168,718,169,2,1
169,627,194,3,0
169,631,194,3,0
169,633,168,1,2
169,635,144,0,3
169,665,170,2,1
169,668,170,2,1
169,671,170,2,1
169,690,170,2,1
169,693,170,2,1
169,701,144,0,3
169,708,170,2,1
169,718,170,2,1
170,627,195,3,0
170,631,195,3,0
170,633,169,1,2
170,635,145,0,3
170,665,145,0,3
170,668,171,2,1
170,671,195,3,0
170,690,145,0,3
170,693,195,3,0
170,708,171,2,1
170,718,195,3,0
171,627,170,1,2
171,631,170,1,2
171,633,170,1,2
171,635,170,1,2
171,665,146,0,3
171,668,172,2,1
171,671,196,3,0
171,690,146,0,3
171,693,196,3,0
171,701,170,1,2
171,708,172,2,1
171,718,196,3,0
172,627,171,1,2
172,631,171,1,2
172,633,171,1,2
172,635,171,1,2
172,665,147,0,3
172,668,173,2,1
172,671,197,3,0
172,690,147,0,3
172,693,197,3,0
172,708,173,2,1
172,718,197,3,0
173,631,172,1,2
173,635,172,1,2
173,665,148,0,3
173,668,174,2,1
173,671,198,3,0
173,682,198,3,0
173,690,148,0,3
173,693,198,3,0
173,696,174,2,1
173,718,198,3,0
174,631,173,1,2
174,635,173,1,2
174,668,150,2,3
174,671,199,3,0
174,673,150,2,3
174,690,149,0,3
174,693,199,3,0
175,635,199,3,2
175,668,150,0,2
175,671,200,2,0
175,690,150,0,2
176,668,151,0,3
176,671,201,3,0
176,690,151,0,3
177,635,178,2,1
177,668,152,0,3
177,671,202,3,0
177,690,152,0,3
178,635,179,2,1
178,668,153,0,3
178,671,203,3,0
178,673,179,2,1
178,688,179,2,1
178,690,153,0,3
178,693,203,3,0
179,631,180,2,1
179,635,180,2,1
179,668,154,0,3
179,671,204,3,0
179,682,204,3,0
179,690,154,0,3
179,693,204,3,0
179,718,204,3,0
180,627,181,2,1
180,631,181,2,1
180,633,181,2,1
180,635,181,2,1
180,665,155,0,3
180,668,155,0,3
180,671,205,3,0
180,690,155,0,3
180,693,205,3,0
180,708,155,0,3
180,718,205,3,0
181,627,182,2,1
181,631,182,2,1
181,633,182,2,1
181,635,182,2,1
181,665,156,0,3
181,668,156,0,3
181,671,206,3,0
181,690,156,0,3
181,693,206,3,0
181,708,156,0,3
181,718,206,3,0
182,627,183,2,1
182,631,183,2,1
182,633,183,2,1
182,635,183,2,1
182,665,157,0,3
182,668,157,0,3
182,671,207,3,0
182,690,157,0,3
182,693,207,3,0
182,701,183,2,1
182,708,157,0,3
182,718,207,3,0
183,627,208,3,0
183,631,208,3,0
183,633,158,0,3
183,635,158,0,3
183,668,158,0,3
183,671,208,3,0
183,690,158,0,3
183,693,208,3,0
183,718,208,3,0
184,627,209,3,0
184,631,209,3,0
184,633,159,0,3
184,635,159,0,3
184,665,183,1,2
184,668,183,1,2
184,671,183,1,2
184,690,183,1,2
184,693,183,1,2
184,701,159,0,3
184,708,183,1,2
184,718,183,1,2
185,627,210,3,0
185,631,210,3,0
185,633,160,0,3
185,635,160,0,3
185,665,184,1,2
185,668,184,1,2
185,671,184,1,2
185,690,184,1,2
185,693,184,1,2
185,708,184,1,2
185,718,184,1,2
186,631,211,3,0
186,635,161,0,3
186,668,185,1,2
186,671,185,1,2
186,690,185,1,2
186,693,185,1,2
186,696,185,1,2
186,718,185,1,2
187,631,212,3,0
187,635,162,0,3
187,668,186,1,2
187,671,186,1,2
187,688,212,3,0
187,690,186,1,2
187,693,186,1,2
188,635,163,0,3
188,668,187,1,2
188,671,187,1,2
188,690,187,1,2
189,671,190,2,1
189,690,190,2,1
190,635,165,0,3
190,668,191,2,1
190,671,191,2,1
190,688,215,3,0
190,690,191,2,1
191,631,216,3,0
191,635,166,0,3
191,668,192,2,1
191,671,192,2,1
191,673,190,1,2
191,690,192,2,1
191,693,192,2,1
192,631,217,3,0
192,635,167,0,3
192,665,193,2,1
192,668,193,2,1
192,671,193,2,1
192,682,193,2,1
192,690,193,2,1
192,693,193,2,1
192,696,191,1,2
192,718,193,2,1
193,627,218,3,0
193,631,218,3,0
193,633,168,0,3
193,635,168,0,3
193,665,194,2,1
193,668,194,2,1
193,671,194,2,1
193,690,194,2,1
193,693,194,2,1
193,708,194,2,1
193,718,194,2,1
194,627,219,3,0
194,631,219,3,0
194,633,169,0,3
194,635,169,0,3
194,665,195,2,1
194,668,195,2,1
194,671,195,2,1
194,690,195,2,1
194,693,195,2,1
194,701,169,0,3
194,708,195,2,1
194,718,195,2,1
195,627,220,3,0
195,631,220,3,0
195,633,170,0,3
195,635,170,0,3
195,668,170,0,3
195,671,220,3,0
195,690,170,0,3
195,693,220,3,0
195,718,220,3,0
196,627,195,1,2
196,631,195,1,2
196,633,195,1,2
196,635,195,1,2
196,665,171,0,3
196,668,171,0,3
196,671,221,3,0
196,690,171,0,3
196,693,221,3,0
196,701,195,1,2
196,708,171,0,3
196,718,221,3,0
197,627,196,1,2
197,631,196,1,2
197,633,196,1,2
197,635,196,1,2
197,665,172,0,3
197,668,172,0,3
197,671,222,3,0
197,690,172,0,3
197,693,222,3,0
197,708,172,0,3
197,718,222,3,0
198,631,197,1,2
198,635,197,1,2
198,665,173,0,3
198,668,173,0,3
198,671,223,3,0
198,682,223,3,0
198,690,173,0,3
198,693,223,3,0
198,696,199,2,1
198,718,223,3,0
199,631,198,1,2
199,635,198,1,2
199,668,174,0,3
199,671,224,3,0
199,673,175,2,3
199,690,174,0,3
199,693,224,3,0
200,635,224,3,2
200,668,175,0,2
200,671,225,2,0
200,690,175,0,2
201,668,176,0,3
201,671,226,3,0
201,690,176,0,3
202,635,203,2,1
202,668,177,0,3
202,671,227,3,0
202,690,177,0,3
203,635,204,2,1
203,668,178,0,3
203,671,228,3,0
203,673,204,2,1
203,688,204,2,1
203,690,178,0,3
203,693,228,3,0
204,631,205,2,1
204,635,205,2,1
204,668,179,0,3
204,671,229,3,0
204,682,229,3,0
204,690,179,0,3
204,693,229,3,0
204,718,229,3,0
205,627,206,2,1
205,631,206,2,1
205,633,206,2,1
205,635,206,2,1
205,665,180,0,3
205,668,180,0,3
205,671,230,3,0
205,690,180,0,3
205,693,230,3,0
205,708,180,0,3
205,718,230,3,0
206,627,207,2,1
206,631,207,2,1
206,633,207,2,1
206,635,207,2,1
206,665,181,0,3
206,668,181,0,3
206,671,231,3,0
206,690,181,0,3
206,693,231,3,0
206,708,181,0,3
206,718,231,3,0
207,627,208,2,1
207,631,208,2,1
207,633,208,2,1
207,635,208,2,1
207,665,182,0,3
207,668,182,0,3
207,671,232,3,0
207,690,182,0,3
207,693,232,3,0
207,701,208,2,1
207,708,182,0,3
207,718,232,3,0
208,627,233,3,0
208,631,233,3,0
208,633,183,0,3
208,635,183,0,3
208,668,183,0,3
208,671,233,3,0
208,690,183,0,3
208,693,233,3,0
208,718,233,3,0
209,627,234,3,0
209,631,234,3,0
209,633,184,0,3
209,635,184,0,3
209,665,208,1,2
209,668,208,1,2
209,671,208,1,2
209,690,208,1,2
209,693,208,1,2
209,701,184,0,3
209,708,208,1,2
209,718,208,1,2
210,627,235,3,0
210,631,235,3,0
210,633,185,0,3
210,635,185,0,3
210,665,209,1,2
210,668,209,1,2
210,671,209,1,2
210,690,209,1,2
210,693,209,1,2
210,708,209,1,2
210,718,209,1,2
211,631,236,3,0
211,635,186,0,3
211,668,210,1,2
211,671,210,1,2
211,690,210,1,2
211,693,210,1,2
211,696,210,1,2
211,718,210,1,2
212,631,237,3,0
212,635,187,0,3
212,668,211,1,2
212,671,211,1,2
212,688,237,3,0
212,690,211,1,2
212,693,211,1,2
213,635,188,0,3
213,668,212,1,2
213,671,212,1,2
213,690,212,1,2
214,671,215,2,1
214,690,215,2,1
215,635,190,0,3
215,668,216,2,1
215,671,216,2,1
215,688,240,3,0
215,690,216,2,1
216,631,241,3,0
216,635,191,0,3
216,668,217,2,1
216,671,217,2,1
216,673,215,1,2
216,690,217,2,1
216,693,217,2,1
217,631,242,3,0
217,635,192,0,3
217,665,218,2,1
217,668,218,2,1
217,671,218,2,1
217,682,218,2,1
217,690,218,2,1
217,693,218,2,1
217,696,216,1,2
217,718,218,2,1
218,627,243,3,0
218,631,243,3,0
218,633,193,0,3
218,635,193,0,3
218,665,219,2,1
218,668,219,2,1
218,671,219,2,1
218,690,219,2,1
218,693,219,2,1
218,708,219,2,1
218,718,219,2,1
219,627,244,3,0
219,631,244,3,0
219,633,194,0,3
219,635,194,0,3
219,665,220,2,1
219,668,220,2,1
219,671,220,2,1
219,690,220,2,1
219,693,220,2,1
219,701,194,0,3
219,708,220,2,1
219,718,220,2,1
220,627,245,3,0
220,631,245,3,0
220,633,195,0,3
220,635,195,0,3
220,668,195,0,3
220,671,245,3,0
220,690,195,0,3
220,693,245,3,0
220,718,245,3,0
221,627,220,1,2
221,631,220,1,2
221,633,220,1,2
221,635,220,1,2
221,665,196,0,3
221,668,196,0,3
221,671,246,3,0
221,690,196,0,3
221,693,246,3,0
221,701,220,1,2
221,708,196,0,3
221,718,246,3,0
222,627,221,1,2
222,631,221,1,2
222,633,221,1,2
222,635,221,1,2
222,665,197,0,3
222,668,197,0,3
222,671,247,3,0
222,690,197,0,3
222,693,247,3,0
222,708,197,0,3
222,718,247,3,0
223,631,222,1,2
223,635,222,1,2
223,665,198,0,3
223,668,198,0,3
223,671,248,3,0
223,682,248,3,0
223,690,198,0,3
223,693,248,3,0
223,696,224,2,1
223,718,248,3,0
224,631,223,1,2
224,635,223,1,2
224,668,199,0,3
224,671,249,3,0
224,673,200,2,3
224,690,199,0,3
224,693,249,3,0
225,635,249,3,2
225,668,200,0,2
225,671,250,2,0
225,690,200,0,2
226,668,201,0,3
226,671,251,3,0
226,690,201,0,3
227,635,228,2,1
227,668,202,0,3
227,671,252,3,0
227,690,202,0,3
228,635,229,2,1
228,668,203,0,3
228,671,253,3,0
228,673,229,2,1
228,688,229,2,1
228,690,203,0,3
228,693,253,3,0
229,631,230,2,1
229,635,230,2,1
229,668,204,0,3
229,671,254,3,0
229,682,254,3,0
229,690,204,0,3
229,693,254,3,0
229,718,254,3,0
230,627,231,2,1
230,631,231,2,1
230,633,231,2,1
230,635,231,2,1
230,665,205,0,3
230,668,205,0,3
230,671,255,3,0
230,682,255,3,0
230,690,205,0,3
230,693,255,3,0
230,708,205,0,3
230,718,255,3,0
231,627,232,2,1
231,631,232,2,1
231,633,232,2,1
231,635,232,2,1
231,665,206,0,3
231,668,206,0,3
231,671,256,3,0
231,682,256,3,0
231,690,206,0,3
231,693,256,3,0
231,708,206,0,3
231,718,256,3,0
232,627,233,2,1
232,631,233,2,1
232,633,233,2,1
232,635,233,2,1
232,665,207,0,3
232,668,207,0,3
232,671,257,3,0
232,682,257,3,0
232,690,207,0,3
232,693,257,3,0
232,701,233,2,1
232,708,207,0,3
232,718,257,3,0
233,627,258,3,0
233,631,258,3,0
233,633,208,0,3
233,668,208,0,3
233,671,258,3,0
233,682,258,3,0
233,690,208,0,3
233,693,258,3,0
233,718,258,3,0
234,627,259,3,0
234,631,259,3,0
234,633,209,0,3
234,635,209,0,3
234,665,233,1,2
234,668,233,1,2
234,671,233,1,2
234,690,233,1,2
234,693,233,1,2
234,701,209,0,3
234,708,233,1,2
234,718,233,1,2
235,627,260,3,0
235,631,260,3,0
235,633,210,0,3
235,635,210,0,3
235,665,234,1,2
235,668,234,1,2
235,671,234,1,2
235,690,234,1,2
235,693,234,1,2
235,708,234,1,2
235,718,234,1,2
236,631,261,3,0
236,635,211,0,3
236,668,235,1,2
236,671,235,1,2
236,690,235,1,2
236,693,235,1,2
236,696,235,1,2
236,718,235,1,2
237,631,262,3,0
237,635,212,0,3
237,668,236,1,2
237,671,236,1,2
237,688,262,3,0
237,690,236,1,2
237,693,236,1,2
238,635,213,0,3
238,668,237,1,2
238,671,237,1,2
238,690,237,1,2
239,671,240,2,1
239,690,240,2,1
240,635,215,0,3
240,668,241,2,1
240,671,241,2,1
240,688,265,3,0
240,690,241,2,1
241,631,266,3,0
241,635,216,0,3
241,668,242,2,1
241,671,242,2,1
241,673,240,1,2
241,690,242,2,1
241,693,242,2,1
242,631,267,3,0
242,635,217,0,3
242,665,243,2,1
242,668,243,2,1
242,671,243,2,1
242,682,243,2,1
242,690,243,2,1
242,693,243,2,1
242,696,241,1,2
242,718,243,2,1
243,627,268,3,0
243,631,268,3,0
243,633,218,0,3
243,635,218,0,3
243,665,244,2,1
243,668,244,2,1
243,671,244,2,1
243,690,244,2,1
243,693,244,2,1
243,708,244,2,1
243,718,244,2,1
244,627,269,3,0
244,631,269,3,0
244,633,219,0,3
244,635,219,0,3
244,665,245,2,1
244,668,245,2,1
244,671,245,2,1
244,690,245,2,1
244,693,245,2,1
244,701,219,0,3
244,708,245,2,1
244,718,245,2,1
245,627,270,3,0
245,631,270,3,0
245,633,220,0,3
245,668,220,0,3
245,671,270,3,0
245,682,270,3,0
245,690,220,0,3
245,693,270,3,0
245,718,270,3,0
246,627,245,1,2
246,631,245,1,2
246,633,245,1,2
246,635,245,1,2
246,665,221,0,3
246,668,221,0,3
246,671,271,3,0
246,682,271,3,0
246,690,221,0,3
246,693,271,3,0
246,701,245,1,2
246,708,221,0,3
246,718,271,3,0
247,627,246,1,2
247,631,246,1,2
247,633,246,1,2
247,635,246,1,2
247,665,222,0,3
247,668,222,0,3
247,671,272,3,0
247,682,272,3,0
247,690,222,0,3
247,693,272,3,0
247,708,222,0,3
247,718,272,3,0
248,631,247,1,2
248,635,247,1,2
248,665,223,0,3
248,668,223,0,3
248,671,273,3,0
248,682,273,3,0
248,690,223,0,3
248,693,273,3,0
248,696,249,2,1
248,718,273,3,0
249,631,248,1,2
249,635,248,1,2
249,668,224,0,3
249,671,274,3,0
249,673,225,2,3
249,690,224,0,3
249,693,274,3,0
250,635,274,3,2
250,668,225,0,2
250,671,251,1,1
250,690,225,0,2
251,668,226,0,3
251,671,671,50,0
251,690,226,0,3
252,635,253,2,1
252,668,227,0,3
252,671,251,1,2
252,690,227,0,3
253,635,254,2,1
253,668,228,0,3
253,671,252,1,2
253,673,254,2,1
253,688,254,2,1
253,690,228,0,3
253,693,278,3,0
254,631,255,2,1
254,635,255,2,1
254,668,229,0,3
254,671,253,1,2
254,673,673,52,0
254,682,682,61,0
254,690,229,0,3
254,693,279,3,0
254,718,279,3,0
255,627,256,2,1
255,631,256,2,1
255,633,256,2,1
255,635,256,2,1
255,665,230,0,3
255,668,230,0,3
255,671,254,1,2
255,673,254,1,2
255,682,254,1,2
255,690,230,0,3
255,693,280,3,0
255,708,230,0,3
255,718,280,3,0
256,627,257,2,1
256,631,257,2,1
256,633,257,2,1
256,635,257,2,1
256,665,231,0,3
256,668,231,0,3
256,671,255,1,2
256,673,255,1,2
256,682,255,1,2
256,690,231,0,3
256,693,281,3,0
256,708,231,0,3
256,718,281,3,0
257,627,258,2,1
257,631,258,2,1
257,633,258,2,1
257,635,258,2,1
257,665,232,0,3
257,668,232,0,3
257,671,256,1,2
257,673,256,1,2
257,682,256,1,2
257,690,232,0,3
257,693,282,3,0
257,701,258,2,1
257,708,232,0,3
257,718,282,3,0
258,627,283,3,0
258,631,283,3,0
258,633,233,0,3
258,635,283,3,0
258,668,233,0,3
258,671,257,1,2
258,673,257,1,2
258,682,257,1,2
258,690,233,0,3
258,693,283,3,0
258,718,283,3,0
259,627,284,3,0
259,631,284,3,0
259,633,234,0,3
259,635,284,3,0
259,665,258,1,2
259,668,258,1,2
259,671,258,1,2
259,690,258,1,2
259,693,258,1,2
259,701,234,0,3
259,708,258,1,2
259,718,258,1,2
260,627,285,3,0
260,631,285,3,0
260,633,235,0,3
260,635,285,3,0
260,665,259,1,2
260,668,259,1,2
260,671,259,1,2
260,690,259,1,2
260,693,259,1,2
260,708,259,1,2
260,718,259,1,2
261,631,286,3,0
261,635,286,3,0
261,668,260,1,2
261,671,260,1,2
261,690,260,1,2
261,693,260,1,2
261,696,260,1,2
261,718,260,1,2
262,631,287,3,0
262,635,287,3,0
262,668,261,1,2
262,671,261,1,2
262,688,287,3,0
262,690,261,1,2
262,693,261,1,2
263,635,288,3,0
263,668,262,1,2
263,671,262,1,2
263,690,262,1,2
264,671,265,2,1
264,690,265,2,1
265,635,290,3,0
265,668,266,2,1
265,671,266,2,1
265,688,290,3,0
265,690,266,2,1
266,631,291,3,0
266,635,291,3,0
266,668,267,2,1
266,671,267,2,1
266,673,265,1,2
266,690,267,2,1
266,693,267,2,1
267,631,292,3,0
267,635,292,3,0
267,665,268,2,1
267,668,268,2,1
267,671,268,2,1
267,682,268,2,1
267,690,268,2,1
267,693,268,2,1
267,696,266,1,2
267,718,268,2,1
268,627,293,3,0
268,631,293,3,0
268,633,243,0,3
268,635,293,3,0
268,665,269,2,1
268,668,269,2,1
268,671,269,2,1
268,690,269,2,1
268,693,269,2,1
268,708,269,2,1
268,718,269,2,1
269,627,294,3,0
269,631,294,3,0
269,633,244,0,3
269,635,294,3,0
269,665,270,2,1
269,668,270,2,1
269,671,270,2,1
269,690,270,2,1
269,693,270,2,1
269,701,244,0,3
269,708,270,2,1
269,718,270,2,1
270,627,295,3,0
270,631,295,3,0
270,633,245,0,3
270,635,295,3,0
270,668,245,0,3
270,671,271,2,1
270,673,271,2,1
270,682,271,2,1
270,690,245,0,3
270,693,295,3,0
270,718,295,3,0
271,627,270,1,2
271,631,270,1,2
271,633,270,1,2
271,635,270,1,2
271,665,246,0,3
271,668,246,0,3
271,671,272,2,1
271,673,272,2,1
271,682,272,2,1
271,690,246,0,3
271,693,296,3,0
271,701,270,1,2
271,708,246,0,3
271,718,296,3,0
272,627,271,1,2
272,631,271,1,2
272,633,271,1,2
272,635,271,1,2
272,665,247,0,3
272,668,247,0,3
272,671,273,2,1
272,673,273,2,1
272,682,273,2,1
272,690,247,0,3
272,693,297,3,0
272,708,247,0,3
272,718,297,3,0
273,631,272,1,2
273,635,272,1,2
273,665,248,0,3
273,668,248,0,3
273,671,274,2,1
273,673,274,2,1
273,690,248,0,3
273,693,298,3,0
273,696,274,2,1
273,718,298,3,0
274,631,273,1,2
274,635,273,1,2
274,668,249,0,3
274,671,250,2,3
274,673,250,2,3
274,690,249,0,3
274,693,299,3,0
275,635,299,3,2
275,668,250,0,2
275,671,250,0,2
275,690,250,0,2
276,668,251,0,3
276,671,251,0,3
276,690,251,0,3
277,635,278,2,1
277,668,252,0,3
277,671,252,0,3
277,690,252,0,3
278,635,279,2,1
278,668,253,0,3
278,671,253,0,3
278,673,279,2,1
278,688,279,2,1
278,690,253,0,3
278,693,303,3,0
279,631,280,2,1
279,635,280,2,1
279,668,254,0,3
279,671,254,0,3
279,673,254,0,3
279,682,254,0,3
279,690,254,0,3
279,693,304,3,0
279,718,304,3,0
280,627,281,2,1
280,631,281,2,1
280,633,281,2,1
280,635,281,2,1
280,665,305,3,0
280,668,255,0,3
280,671,255,0,3
280,673,255,0,3
280,690,255,0,3
280,693,305,3,0
280,708,255,0,3
280,718,305,3,0
281,627,282,2,1
281,631,282,2,1
281,633,282,2,1
281,635,282,2,1
281,665,306,3,0
281,668,256,0,3
281,671,256,0,3
281,673,256,0,3
281,690,256,0,3
281,693,306,3,0
281,708,256,0,3
281,718,306,3,0
282,627,283,2,1
282,631,283,2,1
282,633,283,2,1
282,635,283,2,1
282,665,307,3,0
282,668,257,0,3
282,671,257,0,3
282,673,257,0,3
282,690,257,0,3
282,693,307,3,0
282,701,283,2,1
282,708,257,0,3
282,718,307,3,0
283,627,308,3,0
283,631,308,3,0
283,633,258,0,3
283,635,308,3,0
283,665,308,3,0
283,668,258,0,3
283,671,258,0,3
283,673,258,0,3
283,690,258,0,3
283,693,308,3,0
283,718,308,3,0
284,627,309,3,0
284,631,309,3,0
284,633,259,0,3
284,635,309,3,0
284,665,283,1,2
284,668,283,1,2
284,671,283,1,2
284,690,283,1,2
284,693,283,1,2
284,701,259,0,3
284,708,283,1,2
284,718,283,1,2
285,627,310,3,0
285,631,310,3,0
285,633,260,0,3
285,635,310,3,0
285,665,284,1,2
285,668,284,1,2
285,671,284,1,2
285,690,284,1,2
285,693,284,1,2
285,708,284,1,2
285,718,284,1,2
286,631,311,3,0
286,635,311,3,0
286,668,285,1,2
286,671,285,1,2
286,690,285,1,2
286,693,285,1,2
286,696,285,1,2
286,718,285,1,2
287,631,312,3,0
287,635,312,3,0
287,668,286,1,2
287,671,286,1,2
287,688,312,3,0
287,690,286,1,2
287,693,286,1,2
288,635,313,3,0
288,668,287,1,2
288,671,287,1,2
288,690,287,1,2
289,671,290,2,1
289,690,290,2,1
290,635,315,3,0
290,668,291,2,1
290,671,291,2,1
290,688,315,3,0
290,690,291,2,1
291,631,316,3,0
291,635,316,3,0
291,668,292,2,1
291,671,292,2,1
291,673,290,1,2
291,690,292,2,1
291,693,292,2,1
292,631,317,3,0
292,635,317,3,0
292,665,293,2,1
292,668,293,2,1
292,671,293,2,1
292,682,293,2,1
292,690,293,2,1
292,693,293,2,1
292,696,291,1,2
292,718,293,2,1
293,627,318,3,0
293,631,318,3,0
293,633,268,0,3
293,635,318,3,0
293,665,294,2,1
293,668,294,2,1
293,671,294,2,1
293,690,294,2,1
293,693,294,2,1
293,708,294,2,1
293,718,294,2,1
294,627,319,3,0
294,631,319,3,0
294,633,269,0,3
294,635,319,3,0
294,665,295,2,1
294,668,295,2,1
294,671,295,2,1
294,690,295,2,1
294,693,295,2,1
294,701,269,0,3
294,708,295,2,1
294,718,295,2,1
295,627,320,3,0
295,631,320,3,0
295,633,270,0,3
295,635,320,3,0
295,665,320,3,0
295,668,270,0,3
295,671,270,0,3
295,673,270,0,3
295,690,270,0,3
295,693,320,3,0
295,718,320,3,0
296,627,295,1,2
296,631,295,1,2
296,633,295,1,2
296,635,295,1,2
296,665,321,3,0
296,668,271,0,3
296,671,271,0,3
296,673,271,0,3
296,690,271,0,3
296,693,321,3,0
296,701,295,1,2
296,708,271,0,3
296,718,321,3,0
297,627,296,1,2
297,631,296,1,2
297,633,296,1,2
297,635,296,1,2
297,665,322,3,0
297,668,272,0,3
297,671,272,0,3
297,673,272,0,3
297,690,272,0,3
297,693,322,3,0
297,708,272,0,3
297,718,322,3,0
298,631,297,1,2
298,635,297,1,2
298,665,323,3,0
298,668,273,0,3
298,671,273,0,3
298,673,273,0,3
298,682,273,0,3
298,690,273,0,3
298,693,323,3,0
298,696,299,2,1
298,718,323,3,0
299,631,298,1,2
299,635,298,1,2
299,668,274,0,3
299,671,274,0,3
299,690,274,0,3
299,693,324,3,0
300,635,324,3,2
300,668,275,0,2
300,671,275,0,2
300,690,275,0,2
301,668,276,0,3
301,671,276,0,3
301,690,276,0,3
302,635,303,2,1
302,668,277,0,3
302,671,277,0,3
302,690,277,0,3
303,635,304,2,1
303,668,278,0,3
303,671,278,0,3
303,673,304,2,1
303,688,304,2,1
303,690,278,0,3
303,693,328,3,0
304,631,305,2,1
304,635,305,2,1
304,668,279,0,3
304,671,279,0,3
304,682,279,0,3
304,690,279,0,3
304,693,329,3,0
304,718,718,97,0
305,627,306,2,1
305,631,306,2,1
305,633,306,2,1
305,635,306,2,1
305,665,330,3,0
305,668,280,0,3
305,671,280,0,3
305,690,280,0,3
305,693,330,3,0
305,708,280,0,3
305,718,304,1,2
306,627,307,2,1
306,631,307,2,1
306,633,307,2,1
306,635,307,2,1
306,665,331,3,0
306,668,281,0,3
306,671,281,0,3
306,690,281,0,3
306,693,331,3,0
306,708,281,0,3
306,718,305,1,2
307,627,308,2,1
307,631,308,2,1
307,633,308,2,1
307,635,308,2,1
307,665,332,3,0
307,668,282,0,3
307,671,282,0,3
307,690,282,0,3
307,693,332,3,0
307,701,308,2,1
307,708,282,0,3
307,718,306,1,2
308,633,283,0,3
308,635,333,3,0
308,665,333,3,0
308,668,283,0,3
308,671,283,0,3
308,690,283,0,3
308,693,333,3,0
308,718,307,1,2
309,627,334,3,0
309,631,334,3,0
309,633,284,0,3
309,635,334,3,0
309,665,308,1,2
309,668,308,1,2
309,671,308,1,2
309,690,308,1,2
309,693,308,1,2
309,701,284,0,3
309,708,308,1,2
309,718,308,1,2
310,627,335,3,0
310,631,335,3,0
310,633,285,0,3
310,635,335,3,0
310,665,309,1,2
310,668,309,1,2
310,671,309,1,2
310,690,309,1,2
310,693,309,1,2
310,708,309,1,2
310,718,309,1,2
311,631,336,3,0
311,635,336,3,0
311,668,310,1,2
311,671,310,1,2
311,690,310,1,2
311,693,310,1,2
311,696,310,1,2
311,718,310,1,2
312,631,337,3,0
312,635,337,3,0
312,668,311,1,2
312,671,311,1,2
312,688,337,3,0
312,690,311,1,2
312,693,311,1,2
313,635,338,3,0
313,668,312,1,2
313,671,312,1,2
313,690,312,1,2
314,671,315,2,1
314,690,315,2,1
315,635,340,3,0
315,668,316,2,1
315,671,316,2,1
315,688,340,3,0
315,690,316,2,1
316,631,341,3,0
316,635,341,3,0
316,668,317,2,1
316,671,317,2,1
316,673,315,1,2
316,690,317,2,1
316,693,317,2,1
317,631,342,3,0
317,635,342,3,0
317,665,318,2,1
317,668,318,2,1
317,671,318,2,1
317,682,318,2,1
317,690,318,2,1
317,693,318,2,1
317,696,316,1,2
317,718,318,2,1
318,627,343,3,0
318,631,343,3,0
318,633,293,0,3
318,635,343,3,0
318,665,319,2,1
318,668,319,2,1
318,671,319,2,1
318,690,319,2,1
318,693,319,2,1
318,708,319,2,1
318,718,319,2,1
319,627,344,3,0
319,631,344,3,0
319,633,294,0,3
319,635,344,3,0
319,665,320,2,1
319,668,320,2,1
319,671,320,2,1
319,690,320,2,1
319,693,320,2,1
319,701,294,0,3
319,708,320,2,1
319,718,320,2,1
320,633,295,0,3
320,635,345,3,0
320,665,345,3,0
320,668,295,0,3
320,671,295,0,3
320,690,295,0,3
320,693,345,3,0
320,718,321,2,1
321,627,320,1,2
321,631,320,1,2
321,633,320,1,2
321,635,320,1,2
321,665,346,3,0
321,668,296,0,3
321,671,296,0,3
321,690,296,0,3
321,693,346,3,0
321,701,320,1,2
321,708,296,0,3
321,718,322,2,1
322,627,321,1,2
322,631,321,1,2
322,633,321,1,2
322,635,321,1,2
322,665,347,3,0
322,668,297,0,3
322,671,297,0,3
322,690,297,0,3
322,693,347,3,0
322,708,297,0,3
322,718,323,2,1
323,631,322,1,2
323,635,322,1,2
323,665,348,3,0
323,668,298,0,3
323,671,298,0,3
323,682,298,0,3
323,690,298,0,3
323,693,348,3,0
323,696,324,2,1
323,718,324,2,1
324,631,323,1,2
324,635,323,1,2
324,668,299,0,3
324,671,299,0,3
324,673,300,2,3
324,690,299,0,3
324,693,349,3,0
325,635,349,3,2
325,668,300,0,2
325,671,300,0,2
325,690,300,0,2
326,668,301,0,3
326,671,301,0,3
326,690,301,0,3
327,635,328,2,1
327,668,302,0,3
327,671,302,0,3
327,690,302,0,3
328,635,329,2,1
328,668,303,0,3
328,671,303,0,3
328,673,329,2,1
328,688,329,2,1
328,690,303,0,3
328,693,693,72,0
329,631,330,2,1
329,635,330,2,1
329,668,304,0,3
329,671,304,0,3
329,682,304,0,3
329,690,304,0,3
329,693,328,1,2
329,718,304,0,3
330,627,331,2,1
330,631,331,2,1
330,633,331,2,1
330,635,331,2,1
330,665,355,3,0
330,668,305,0,3
330,671,305,0,3
330,690,305,0,3
330,693,329,1,2
330,708,305,0,3
330,718,305,0,3
331,627,332,2,1
331,631,332,2,1
331,633,332,2,1
331,635,332,2,1
331,665,356,3,0
331,668,306,0,3
331,671,306,0,3
331,690,306,0,3
331,693,330,1,2
331,708,306,0,3
331,718,306,0,3
332,627,333,2,1
332,631,333,2,1
332,633,333,2,1
332,635,333,2,1
332,665,357,3,0
332,668,307,0,3
332,671,307,0,3
332,690,307,0,3
332,693,331,1,2
332,701,333,2,1
332,708,307,0,3
332,718,307,0,3
333,633,308,0,3
333,635,358,3,0
333,665,358,3,0
333,668,308,0,3
333,671,308,0,3
333,690,308,0,3
333,693,332,1,2
333,701,358,3,0
333,708,308,0,3
334,627,359,3,0
334,631,359,3,0
334,633,309,0,3
334,635,359,3,0
334,665,333,1,2
334,668,333,1,2
334,671,333,1,2
334,690,333,1,2
334,693,333,1,2
334,701,359,3,0
334,708,333,1,2
334,718,333,1,2
335,627,360,3,0
335,631,360,3,0
335,633,310,0,3
335,635,360,3,0
335,665,334,1,2
335,668,334,1,2
335,671,334,1,2
335,690,334,1,2
335,693,334,1,2
335,708,334,1,2
335,718,334,1,2
336,631,361,3,0
336,635,361,3,0
336,668,335,1,2
336,671,335,1,2
336,690,335,1,2
336,693,335,1,2
336,696,335,1,2
336,718,335,1,2
337,631,362,3,0
337,635,362,3,0
337,668,336,1,2
337,671,336,1,2
337,688,362,3,0
337,690,336,1,2
337,693,336,1,2
338,635,363,3,0
338,668,337,1,2
338,671,337,1,2
338,690,337,1,2
339,671,340,2,1
339,690,340,2,1
340,635,365,3,0
340,668,341,2,1
340,671,341,2,1
340,688,365,3,0
340,690,341,2,1
341,631,366,3,0
341,635,366,3,0
341,668,342,2,1
341,671,342,2,1
341,673,340,1,2
341,690,342,2,1
341,693,342,2,1
342,631,367,3,0
342,635,367,3,0
342,665,343,2,1
342,668,343,2,1
342,671,343,2,1
342,682,343,2,1
342,690,343,2,1
342,693,343,2,1
342,696,341,1,2
342,718,343,2,1
343,627,368,3,0
343,631,368,3,0
343,633,318,0,3
343,635,368,3,0
343,665,344,2,1
343,668,344,2,1
343,671,344,2,1
343,690,344,2,1
343,693,344,2,1
343,708,344,2,1
343,718,344,2,1
344,627,369,3,0
344,631,369,3,0
344,633,319,0,3
344,635,369,3,0
344,665,345,2,1
344,668,345,2,1
344,671,345,2,1
344,690,345,2,1
344,693,345,2,1
344,701,369,3,0
344,708,345,2,1
344,718,345,2,1
345,633,320,0,3
345,635,370,3,0
345,665,370,3,0
345,668,320,0,3
345,671,320,0,3
345,690,320,0,3
345,693,346,2,1
345,701,370,3,0
345,708,320,0,3
346,627,345,1,2
346,631,345,1,2
346,633,345,1,2
346,635,345,1,2
346,665,371,3,0
346,668,321,0,3
346,671,321,0,3
346,690,321,0,3
346,693,347,2,1
346,701,345,1,2
346,708,321,0,3
346,718,321,0,3
347,627,346,1,2
347,631,346,1,2
347,633,346,1,2
347,635,346,1,2
347,665,372,3,0
347,668,322,0,3
347,671,322,0,3
347,690,322,0,3
347,693,348,2,1
347,708,322,0,3
347,718,322,0,3
348,631,347,1,2
348,635,347,1,2
348,665,373,3,0
348,668,323,0,3
348,671,323,0,3
348,682,323,0,3
348,690,323,0,3
348,693,349,2,1
348,696,349,2,1
348,718,323,0,3
349,631,348,1,2
349,635,348,1,2
349,668,324,0,3
349,671,324,0,3
349,673,325,2,3
349,690,324,0,3
349,693,325,2,3
350,635,374,3,2
350,668,325,0,2
350,671,325,0,2
350,690,325,0,2
351,668,326,0,3
351,671,326,0,3
351,690,326,0,3
352,635,353,2,1
352,668,327,0,3
352,671,327,0,3
352,690,327,0,3
353,635,354,2,1
353,668,328,0,3
353,671,328,0,3
353,673,354,2,1
353,688,354,2,1
353,690,328,0,3
353,693,328,0,3
354,631,355,2,1
354,635,355,2,1
354,668,329,0,3
354,671,329,0,3
354,682,329,0,3
354,690,329,0,3
354,693,329,0,3
354,718,329,0,3
355,627,356,2,1
355,631,356,2,1
355,633,356,2,1
355,635,356,2,1
355,665,380,3,0
355,668,330,0,3
355,671,330,0,3
355,690,330,0,3
355,693,330,0,3
355,708,330,0,3
355,718,330,0,3
356,627,357,2,1
356,631,357,2,1
356,633,357,2,1
356,635,357,2,1
356,665,381,3,0
356,668,331,0,3
356,671,331,0,3
356,690,331,0,3
356,693,331,0,3
356,708,331,0,3
356,718,331,0,3
357,627,358,2,1
357,631,358,2,1
357,633,358,2,1
357,635,358,2,1
357,665,382,3,0
357,668,332,0,3
357,671,332,0,3
357,690,332,0,3
357,693,332,0,3
357,701,358,2,1
357,708,332,0,3
357,718,332,0,3
358,633,333,0,3
358,635,383,3,0
358,665,383,3,0
358,668,333,0,3
358,671,333,0,3
358,690,333,0,3
358,701,383,3,0
358,708,333,0,3
359,627,384,3,0
359,631,384,3,0
359,633,334,0,3
359,635,384,3,0
359,665,358,1,2
359,668,358,1,2
359,671,358,1,2
359,690,358,1,2
359,693,358,1,2
359,701,384,3,0
359,708,358,1,2
359,718,358,1,2
360,627,385,3,0
360,631,385,3,0
360,633,335,0,3
360,635,385,3,0
360,665,359,1,2
360,668,359,1,2
360,671,359,1,2
360,690,359,1,2
360,693,359,1,2
360,708,359,1,2
360,718,359,1,2
361,631,386,3,0
361,635,386,3,0
361,668,360,1,2
361,671,360,1,2
361,690,360,1,2
361,693,360,1,2
361,696,360,1,2
361,718,360,1,2
362,631,387,3,0
362,635,387,3,0
362,668,361,1,2
362,671,361,1,2
362,688,387,3,0
362,690,361,1,2
362,693,361,1,2
363,635,388,3,0
363,668,362,1,2
363,671,362,1,2
363,690,362,1,2
364,671,365,2,1
364,690,365,2,1
365,635,390,3,0
365,668,366,2,1
365,671,366,2,1
365,688,390,3,0
365,690,366,2,1
366,631,391,3,0
366,635,391,3,0
366,668,367,2,1
366,671,367,2,1
366,673,365,1,2
366,690,367,2,1
366,693,367,2,1
367,631,392,3,0
367,635,392,3,0
367,665,368,2,1
367,668,368,2,1
367,671,368,2,1
367,682,368,2,1
367,690,368,2,1
367,693,368,2,1
367,696,366,1,2
367,718,368,2,1
368,627,393,3,0
368,631,393,3,0
368,633,343,0,3
368,635,393,3,0
368,665,369,2,1
368,668,369,2,1
368,671,369,2,1
368,690,369,2,1
368,693,369,2,1
368,708,369,2,1
368,718,369,2,1
369,627,394,3,0
369,631,394,3,0
369,633,344,0,3
369,635,394,3,0
369,665,370,2,1
369,668,370,2,1
369,671,370,2,1
369,690,370,2,1
369,693,370,2,1
369,701,394,3,0
369,708,370,2,1
369,718,370,2,1
370,633,345,0,3
370,635,395,3,0
370,665,395,3,0
370,668,345,0,3
370,671,345,0,3
370,690,345,0,3
370,701,395,3,0
370,708,345,0,3
371,627,370,1,2
371,631,370,1,2
371,633,370,1,2
371,635,370,1,2
371,665,396,3,0
371,668,346,0,3
371,671,346,0,3
371,690,346,0,3
371,693,346,0,3
371,701,370,1,2
371,708,346,0,3
371,718,346,0,3
372,627,371,1,2
372,631,371,1,2
372,633,371,1,2
372,635,371,1,2
372,665,397,3,0
372,668,347,0,3
372,671,347,0,3
372,690,347,0,3
372,693,347,0,3
372,708,347,0,3
372,718,347,0,3
373,631,372,1,2
373,635,372,1,2
373,665,398,3,0
373,668,348,0,3
373,671,348,0,3
373,682,348,0,3
373,690,348,0,3
373,693,348,0,3
373,696,374,2,1
373,718,348,0,3
374,631,373,1,2
374,635,373,1,2
374,668,349,0,3
374,671,349,0,3
374,673,350,2,3
374,690,349,0,3
374,693,349,0,3
375,635,399,3,2
375,668,350,0,2
375,671,350,0,2
375,690,350,0,2
376,668,351,0,3
376,671,351,0,3
376,690,351,0,3
377,635,378,2,1
377,668,352,0,3
377,671,352,0,3
377,690,352,0,3
378,635,379,2,1
378,668,353,0,3
378,671,353,0,3
378,673,379,2,1
378,688,379,2,1
378,690,353,0,3
378,693,353,0,3
379,631,380,2,1
379,635,380,2,1
379,668,354,0,3
379,671,354,0,3
379,682,354,0,3
379,690,354,0,3
379,693,354,0,3
379,718,354,0,3
380,627,381,2,1
380,631,381,2,1
380,633,381,2,1
380,635,381,2,1
380,665,405,3,0
380,668,355,0,3
380,671,355,0,3
380,690,355,0,3
380,693,355,0,3
380,708,355,0,3
380,718,355,0,3
381,627,382,2,1
381,631,382,2,1
381,633,382,2,1
381,635,382,2,1
381,665,406,3,0
381,668,356,0,3
381,671,356,0,3
381,690,356,0,3
381,693,356,0,3
381,708,356,0,3
381,718,356,0,3
382,627,383,2,1
382,631,383,2,1
382,633,383,2,1
382,635,383,2,1
382,665,407,3,0
382,668,357,0,3
382,671,357,0,3
382,690,357,0,3
382,693,357,0,3
382,701,383,2,1
382,708,357,0,3
382,718,357,0,3
383,631,384,2,1
383,635,408,3,0
383,665,408,3,0
383,668,358,0,3
383,671,358,0,3
383,688,408,3,0
383,690,358,0,3
383,693,358,0,3
383,701,408,3,0
383,708,358,0,3
384,627,409,3,0
384,631,385,2,1
384,633,359,0,3
384,635,409,3,0
384,665,383,1,2
384,668,383,1,2
384,671,383,1,2
384,688,409,3,0
384,690,383,1,2
384,693,383,1,2
384,701,409,3,0
384,708,383,1,2
384,718,383,1,2
385,627,410,3,0
385,631,386,2,1
385,633,360,0,3
385,635,410,3,0
385,665,384,1,2
385,668,384,1,2
385,671,384,1,2
385,688,410,3,0
385,690,384,1,2
385,693,384,1,2
385,708,384,1,2
385,718,384,1,2
386,631,387,2,1
386,635,411,3,0
386,668,385,1,2
386,671,385,1,2
386,688,411,3,0
386,690,385,1,2
386,693,385,1,2
386,696,385,1,2
386,718,385,1,2
387,631,631,10,0
387,635,412,3,0
387,668,386,1,2
387,671,386,1,2
387,688,412,3,0
387,690,386,1,2
387,693,386,1,2
388,635,413,3,0
388,668,387,1,2
388,671,387,1,2
388,690,387,1,2
389,671,390,2,1
389,690,390,2,1
390,635,415,3,0
390,668,391,2,1
390,671,391,2,1
390,688,415,3,0
390,690,391,2,1
391,635,416,3,0
391,668,392,2,1
391,671,392,2,1
391,673,390,1,2
391,688,416,3,0
391,690,392,2,1
391,693,392,2,1
392,631,391,1,2
392,635,417,3,0
392,665,393,2,1
392,668,393,2,1
392,671,393,2,1
392,682,393,2,1
392,688,417,3,0
392,690,393,2,1
392,693,393,2,1
392,696,391,1,2
392,718,393,2,1
393,627,418,3,0
393,631,392,1,2
393,633,368,0,3
393,635,418,3,0
393,665,394,2,1
393,668,394,2,1
393,671,394,2,1
393,688,418,3,0
393,690,394,2,1
393,693,394,2,1
393,708,394,2,1
393,718,394,2,1
394,627,419,3,0
394,631,393,1,2
394,633,369,0,3
394,635,419,3,0
394,665,395,2,1
394,668,395,2,1
394,671,395,2,1
394,688,419,3,0
394,690,395,2,1
394,693,395,2,1
394,701,419,3,0
394,708,395,2,1
394,718,395,2,1
395,631,394,1,2
395,635,420,3,0
395,665,420,3,0
395,668,370,0,3
395,671,370,0,3
395,688,420,3,0
395,690,370,0,3
395,693,370,0,3
395,701,420,3,0
395,708,370,0,3
396,627,395,1,2
396,631,395,1,2
396,633,395,1,2
396,635,395,1,2
396,665,421,3,0
396,668,371,0,3
396,671,371,0,3
396,690,371,0,3
396,693,371,0,3
396,701,395,1,2
396,708,371,0,3
396,718,371,0,3
397,627,396,1,2
397,631,396,1,2
397,633,396,1,2
397,635,396,1,2
397,665,422,3,0
397,668,372,0,3
397,671,372,0,3
397,690,372,0,3
397,693,372,0,3
397,708,372,0,3
397,718,372,0,3
398,631,397,1,2
398,635,397,1,2
398,665,423,3,0
398,668,373,0,3
398,671,373,0,3
398,682,373,0,3
398,690,373,0,3
398,693,373,0,3
398,696,399,2,1
398,718,373,0,3
399,631,398,1,2
399,635,398,1,2
399,668,374,0,3
399,671,374,0,3
399,673,375,2,3
399,690,374,0,3
399,693,374,0,3
400,635,424,3,2
400,668,375,0,2
400,671,375,0,2
400,690,425,2,0
401,668,376,0,3
401,671,376,0,3
401,690,426,3,0
402,635,403,2,1
402,668,377,0,3
402,671,377,0,3
402,690,427,3,0
403,635,404,2,1
403,668,378,0,3
403,671,378,0,3
403,673,404,2,1
403,688,404,2,1
403,690,428,3,0
403,693,378,0,3
404,631,405,2,1
404,635,405,2,1
404,668,379,0,3
404,671,379,0,3
404,682,379,0,3
404,690,429,3,0
404,693,379,0,3
404,718,379,0,3
405,627,406,2,1
405,631,406,2,1
405,633,406,2,1
405,635,406,2,1
405,665,430,3,0
405,668,380,0,3
405,671,380,0,3
405,690,430,3,0
405,693,380,0,3
405,708,380,0,3
405,718,380,0,3
406,627,407,2,1
406,631,407,2,1
406,633,407,2,1
406,635,407,2,1
406,665,431,3,0
406,668,381,0,3
406,671,381,0,3
406,690,431,3,0
406,693,381,0,3
406,708,381,0,3
406,718,381,0,3
407,627,408,2,1
407,631,408,2,1
407,633,408,2,1
407,635,408,2,1
407,665,432,3,0
407,668,382,0,3
407,671,382,0,3
407,690,432,3,0
407,693,382,0,3
407,701,408,2,1
407,708,382,0,3
407,718,382,0,3
408,631,383,0,3
408,635,433,3,0
408,665,433,3,0
408,668,383,0,3
408,671,383,0,3
408,688,409,2,1
408,690,433,3,0
408,693,383,0,3
408,696,433,3,0
408,708,383,0,3
408,718,383,0,3
409,627,434,3,0
409,631,384,0,3
409,633,384,0,3
409,635,434,3,0
409,665,408,1,2
409,668,408,1,2
409,671,408,1,2
409,688,410,2,1
409,690,408,1,2
409,693,408,1,2
409,696,434,3,0
409,701,434,3,0
409,708,408,1,2
409,718,408,1,2
410,627,435,3,0
410,631,385,0,3
410,633,385,0,3
410,635,435,3,0
410,665,409,1,2
410,668,409,1,2
410,671,409,1,2
410,688,411,2,1
410,690,409,1,2
410,693,409,1,2
410,696,435,3,0
410,708,409,1,2
410,718,409,1,2
411,631,386,0,3
411,635,436,3,0
411,668,410,1,2
411,671,410,1,2
411,688,412,2,1
411,690,410,1,2
411,693,410,1,2
411,696,410,1,2
411,718,410,1,2
412,631,387,0,3
412,635,437,3,0
412,668,411,1,2
412,671,411,1,2
412,690,411,1,2
412,693,411,1,2
413,635,438,3,0
413,668,412,1,2
413,671,412,1,2
413,690,412,1,2
414,671,415,2,1
414,690,415,2,1
415,635,440,3,0
415,668,416,2,1
415,671,416,2,1
415,688,688,67,0
415,690,416,2,1
416,631,391,0,3
416,635,441,3,0
416,668,417,2,1
416,671,417,2,1
416,673,415,1,2
416,688,415,1,2
416,690,417,2,1
416,693,417,2,1
417,631,392,0,3
417,635,442,3,0
417,665,418,2,1
417,668,418,2,1
417,671,418,2,1
417,682,418,2,1
417,688,416,1,2
417,690,418,2,1
417,693,418,2,1
417,718,418,2,1
418,627,443,3,0
418,631,393,0,3
418,633,393,0,3
418,635,443,3,0
418,665,419,2,1
418,668,419,2,1
418,671,419,2,1
418,688,417,1,2
418,690,419,2,1
418,693,419,2,1
418,696,443,3,0
418,708,419,2,1
418,718,419,2,1
419,627,444,3,0
419,631,394,0,3
419,633,394,0,3
419,635,444,3,0
419,665,420,2,1
419,668,420,2,1
419,671,420,2,1
419,688,418,1,2
419,690,420,2,1
419,693,420,2,1
419,696,444,3,0
419,701,444,3,0
419,708,420,2,1
419,718,420,2,1
420,631,395,0,3
420,635,445,3,0
420,665,445,3,0
420,668,395,0,3
420,671,395,0,3
420,688,419,1,2
420,690,445,3,0
420,693,395,0,3
420,696,445,3,0
420,708,395,0,3
420,718,395,0,3
421,627,420,1,2
421,631,420,1,2
421,633,420,1,2
421,635,420,1,2
421,665,446,3,0
421,668,396,0,3
421,671,396,0,3
421,690,446,3,0
421,693,396,0,3
421,701,420,1,2
421,708,396,0,3
421,718,396,0,3
422,627,421,1,2
422,631,421,1,2
422,633,421,1,2
422,635,421,1,2
422,665,447,3,0
422,668,397,0,3
422,671,397,0,3
422,690,447,3,0
422,693,397,0,3
422,708,397,0,3
422,718,397,0,3
423,631,422,1,2
423,635,422,1,2
423,665,448,3,0
423,668,398,0,3
423,671,398,0,3
423,682,398,0,3
423,690,448,3,0
423,693,398,0,3
423,696,424,2,1
423,718,398,0,3
424,631,423,1,2
424,635,423,1,2
424,668,399,0,3
424,671,399,0,3
424,673,400,2,3
424,690,449,3,0
424,693,399,0,3
425,635,449,3,2
425,668,400,0,2
425,671,400,0,2
425,690,450,2,0
426,668,401,0,3
426,671,401,0,3
426,690,451,3,0
427,635,428,2,1
427,668,402,0,3
427,671,402,0,3
427,690,452,3,0
428,635,429,2,1
428,668,403,0,3
428,671,403,0,3
428,673,429,2,1
428,688,429,2,1
428,690,453,3,0
428,693,403,0,3
429,631,430,2,1
429,635,430,2,1
429,668,404,0,3
429,671,404,0,3
429,682,404,0,3
429,690,454,3,0
429,693,404,0,3
429,718,404,0,3
430,627,431,2,1
430,631,431,2,1
430,633,431,2,1
430,635,431,2,1
430,665,455,3,0
430,668,405,0,3
430,671,405,0,3
430,690,455,3,0
430,693,405,0,3
430,708,405,0,3
430,718,405,0,3
431,627,432,2,1
431,631,432,2,1
431,633,432,2,1
431,635,432,2,1
431,665,456,3,0
431,668,406,0,3
431,671,406,0,3
431,690,456,3,0
431,693,406,0,3
431,708,406,0,3
431,718,406,0,3
432,627,433,2,1
432,631,433,2,1
432,633,433,2,1
432,635,433,2,1
432,665,457,3,0
432,668,407,0,3
432,671,407,0,3
432,690,457,3,0
432,693,407,0,3
432,701,433,2,1
432,708,407,0,3
432,718,407,0,3
433,627,434,2,1
433,631,408,0,3
433,635,458,3,0
433,665,458,3,0
433,668,408,0,3
433,671,408,0,3
433,690,458,3,0
433,693,408,0,3
433,696,434,2,1
433,708,408,0,3
433,718,408,0,3
434,627,435,2,1
434,631,409,0,3
434,633,409,0,3
434,635,459,3,0
434,665,433,1,2
434,668,433,1,2
434,671,433,1,2
434,690,433,1,2
434,693,433,1,2
434,696,435,2,1
434,701,459,3,0
434,708,433,1,2
434,718,433,1,2
435,627,627,6,0
435,631,410,0,3
435,633,410,0,3
435,635,460,3,0
435,665,434,1,2
435,668,434,1,2
435,671,434,1,2
435,690,434,1,2
435,693,434,1,2
435,696,696,75,0
435,708,434,1,2
435,718,434,1,2
436,631,411,0,3
436,635,461,3,0
436,668,435,1,2
436,671,435,1,2
436,690,435,1,2
436,693,435,1,2
436,696,435,1,2
436,718,435,1,2
437,631,412,0,3
437,635,462,3,0
437,668,436,1,2
437,671,436,1,2
437,688,412,0,3
437,690,436,1,2
437,693,436,1,2
438,635,463,3,0
438,668,437,1,2
438,671,437,1,2
438,690,437,1,2
439,671,440,2,1
439,690,440,2,1
440,635,465,3,0
440,668,441,2,1
440,671,441,2,1
440,688,415,0,3
440,690,441,2,1
441,631,416,0,3
441,635,466,3,0
441,668,442,2,1
441,671,442,2,1
441,673,440,1,2
441,690,442,2,1
441,693,442,2,1
442,631,417,0,3
442,635,467,3,0
442,665,443,2,1
442,668,443,2,1
442,671,443,2,1
442,682,443,2,1
442,690,443,2,1
442,693,443,2,1
442,696,441,1,2
442,718,443,2,1
443,627,442,1,2
443,631,418,0,3
443,633,418,0,3
443,635,468,3,0
443,665,444,2,1
443,668,444,2,1
443,671,444,2,1
443,690,444,2,1
443,693,444,2,1
443,696,442,1,2
443,708,444,2,1
443,718,444,2,1
444,627,443,1,2
444,631,419,0,3
444,633,419,0,3
444,635,469,3,0
444,665,445,2,1
444,668,445,2,1
444,671,445,2,1
444,690,445,2,1
444,693,445,2,1
444,696,443,1,2
444,701,469,3,0
444,708,445,2,1
444,718,445,2,1
445,627,444,1,2
445,631,420,0,3
445,635,470,3,0
445,665,470,3,0
445,668,420,0,3
445,671,420,0,3
445,690,470,3,0
445,693,420,0,3
445,696,444,1,2
445,708,420,0,3
445,718,420,0,3
446,627,445,1,2
446,631,445,1,2
446,633,445,1,2
446,635,445,1,2
446,665,471,3,0
446,668,421,0,3
446,671,421,0,3
446,690,471,3,0
446,693,421,0,3
446,701,445,1,2
446,708,421,0,3
446,718,421,0,3
447,627,446,1,2
447,631,446,1,2
447,633,446,1,2
447,635,446,1,2
447,665,472,3,0
447,668,422,0,3
447,671,422,0,3
447,690,472,3,0
447,693,422,0,3
447,708,422,0,3
447,718,422,0,3
448,631,447,1,2
448,635,447,1,2
448,665,473,3,0
448,668,423,0,3
448,671,423,0,3
448,682,423,0,3
448,690,473,3,0
448,693,423,0,3
448,696,449,2,1
448,718,423,0,3
449,631,448,1,2
449,635,448,1,2
449,668,424,0,3
449,671,424,0,3
449,673,425,2,3
449,690,474,3,0
449,693,424,0,3
450,635,474,3,2
450,668,425,0,2
450,671,425,0,2
450,690,475,2,0
451,668,426,0,3
451,671,426,0,3
451,690,476,3,0
452,635,453,2,1
452,668,427,0,3
452,671,427,0,3
452,690,477,3,0
453,635,454,2,1
453,668,428,0,3
453,671,428,0,3
453,673,454,2,1
453,688,454,2,1
453,690,478,3,0
453,693,428,0,3
454,631,455,2,1
454,635,455,2,1
454,668,429,0,3
454,671,429,0,3
454,682,429,0,3
454,690,479,3,0
454,693,429,0,3
454,718,429,0,3
455,627,456,2,1
455,631,456,2,1
455,633,456,2,1
455,635,456,2,1
455,665,480,3,0
455,668,430,0,3
455,671,430,0,3
455,690,480,3,0
455,693,430,0,3
455,708,430,0,3
455,718,430,0,3
456,627,457,2,1
456,631,457,2,1
456,633,457,2,1
456,635,457,2,1
456,665,481,3,0
456,668,431,0,3
456,671,431,0,3
456,690,481,3,0
456,693,431,0,3
456,708,431,0,3
456,718,431,0,3
457,627,458,2,1
457,631,458,2,1
457,633,458,2,1
457,635,458,2,1
457,665,482,3,0
457,668,432,0,3
457,671,432,0,3
457,690,482,3,0
457,693,432,0,3
457,701,458,2,1
457,708,432,0,3
457,718,432,0,3
458,627,433,0,3
458,631,433,0,3
458,635,483,3,0
458,665,483,3,0
458,671,433,0,3
458,690,483,3,0
458,693,433,0,3
458,708,433,0,3
458,718,433,0,3
459,627,434,0,3
459,631,434,0,3
459,633,434,0,3
459,635,484,3,0
459,665,458,1,2
459,668,458,1,2
459,671,458,1,2
459,690,458,1,2
459,693,458,1,2
459,701,484,3,0
459,708,458,1,2
459,718,458,1,2
460,627,435,0,3
460,631,435,0,3
460,633,435,0,3
460,635,485,3,0
460,665,459,1,2
460,668,459,1,2
460,671,459,1,2
460,690,459,1,2
460,693,459,1,2
460,708,459,1,2
460,718,459,1,2
461,631,436,0,3
461,635,486,3,0
461,668,460,1,2
461,671,460,1,2
461,690,460,1,2
461,693,460,1,2
461,696,460,1,2
461,718,460,1,2
462,631,437,0,3
462,635,487,3,0
462,668,461,1,2
462,671,461,1,2
462,688,437,0,3
462,690,461,1,2
462,693,461,1,2
463,635,488,3,0
463,668,462,1,2
463,671,462,1,2
463,690,462,1,2
464,671,465,2,1
464,690,465,2,1
465,635,490,3,0
465,668,466,2,1
465,671,466,2,1
465,688,440,0,3
465,690,466,2,1
466,631,441,0,3
466,635,491,3,0
466,668,467,2,1
466,671,467,2,1
466,673,465,1,2
466,690,467,2,1
466,693,467,2,1
467,631,442,0,3
467,635,492,3,0
467,665,468,2,1
467,668,468,2,1
467,671,468,2,1
467,682,468,2,1
467,690,468,2,1
467,693,468,2,1
467,696,466,1,2
467,718,468,2,1
468,627,443,0,3
468,631,443,0,3
468,633,443,0,3
468,635,493,3,0
468,665,469,2,1
468,668,469,2,1
468,671,469,2,1
468,690,469,2,1
468,693,469,2,1
468,708,469,2,1
468,718,469,2,1
469,627,444,0,3
469,631,444,0,3
469,633,444,0,3
469,635,494,3,0
469,665,470,2,1
469,668,470,2,1
469,671,470,2,1
469,690,470,2,1
469,693,470,2,1
469,701,494,3,0
469,708,470,2,1
469,718,470,2,1
470,627,445,0,3
470,631,445,0,3
470,635,495,3,0
470,665,495,3,0
470,671,445,0,3
470,690,495,3,0
470,693,445,0,3
470,708,445,0,3
470,718,445,0,3
471,627,470,1,2
471,631,470,1,2
471,633,470,1,2
471,635,470,1,2
471,665,496,3,0
471,668,446,0,3
471,671,446,0,3
471,690,496,3,0
471,693,446,0,3
471,701,470,1,2
471,708,446,0,3
471,718,446,0,3
472,627,471,1,2
472,631,471,1,2
472,633,471,1,2
472,635,471,1,2
472,665,497,3,0
472,668,447,0,3
472,671,447,0,3
472,690,497,3,0
472,693,447,0,3
472,708,447,0,3
472,718,447,0,3
473,631,472,1,2
473,635,472,1,2
473,665,498,3,0
473,668,448,0,3
473,671,448,0,3
473,682,448,0,3
473,690,498,3,0
473,693,448,0,3
473,696,474,2,1
473,718,448,0,3
474,631,473,1,2
474,635,473,1,2
474,668,449,0,3
474,671,449,0,3
474,673,450,2,3
474,690,499,3,0
474,693,449,0,3
475,635,499,3,2
475,668,500,2,0
475,671,450,0,2
475,690,500,2,0
476,668,501,3,0
476,671,451,0,3
476,690,501,3,0
477,635,478,2,1
477,668,502,3,0
477,671,452,0,3
477,690,502,3,0
478,635,479,2,1
478,668,503,3,0
478,671,453,0,3
478,673,479,2,1
478,688,479,2,1
478,690,503,3,0
478,693,453,0,3
479,631,480,2,1
479,635,480,2,1
479,668,504,3,0
479,671,454,0,3
479,682,454,0,3
479,690,504,3,0
479,693,454,0,3
479,718,454,0,3
480,627,481,2,1
480,631,481,2,1
480,633,481,2,1
480,635,481,2,1
480,665,505,3,0
480,668,505,3,0
480,671,455,0,3
480,690,505,3,0
480,693,455,0,3
480,708,505,3,0
480,718,455,0,3
481,627,482,2,1
481,631,482,2,1
481,633,482,2,1
481,635,482,2,1
481,665,506,3,0
481,668,506,3,0
481,671,456,0,3
481,690,506,3,0
481,693,456,0,3
481,708,506,3,0
481,718,456,0,3
482,627,483,2,1
482,631,483,2,1
482,633,483,2,1
482,635,483,2,1
482,665,507,3,0
482,668,507,3,0
482,671,457,0,3
482,690,507,3,0
482,693,457,0,3
482,701,483,2,1
482,708,507,3,0
482,718,457,0,3
483,627,458,0,3
483,631,458,0,3
483,633,508,3,0
483,635,508,3,0
483,668,508,3,0
483,671,458,0,3
483,690,508,3,0
483,693,458,0,3
483,718,458,0,3
484,627,459,0,3
484,631,459,0,3
484,633,509,3,0
484,635,509,3,0
484,665,483,1,2
484,668,483,1,2
484,671,483,1,2
484,690,483,1,2
484,693,483,1,2
484,701,509,3,0
484,708,483,1,2
484,718,483,1,2
485,627,460,0,3
485,631,460,0,3
485,633,510,3,0
485,635,510,3,0
485,665,484,1,2
485,668,484,1,2
485,671,484,1,2
485,690,484,1,2
485,693,484,1,2
485,708,484,1,2
485,718,484,1,2
486,631,461,0,3
486,635,511,3,0
486,668,485,1,2
486,671,485,1,2
486,690,485,1,2
486,693,485,1,2
486,696,485,1,2
486,718,485,1,2
487,631,462,0,3
487,635,512,3,0
487,668,486,1,2
487,671,486,1,2
487,688,462,0,3
487,690,486,1,2
487,693,486,1,2
488,635,513,3,0
488,668,487,1,2
488,671,487,1,2
488,690,487,1,2
489,671,490,2,1
489,690,490,2,1
490,635,515,3,0
490,668,491,2,1
490,671,491,2,1
490,688,465,0,3
490,690,491,2,1
491,631,466,0,3
491,635,516,3,0
491,668,492,2,1
491,671,492,2,1
491,673,490,1,2
491,690,492,2,1
491,693,492,2,1
492,631,467,0,3
492,635,517,3,0
492,665,493,2,1
492,668,493,2,1
492,671,493,2,1
492,682,493,2,1
492,690,493,2,1
492,693,493,2,1
492,696,491,1,2
492,718,493,2,1
493,627,468,0,3
493,631,468,0,3
493,633,518,3,0
493,635,518,3,0
493,665,494,2,1
493,668,494,2,1
493,671,494,2,1
493,690,494,2,1
493,693,494,2,1
493,708,494,2,1
493,718,494,2,1
494,627,469,0,3
494,631,469,0,3
494,633,519,3,0
494,635,519,3,0
494,665,495,2,1
494,668,495,2,1
494,671,495,2,1
494,690,495,2,1
494,693,495,2,1
494,701,519,3,0
494,708,495,2,1
494,718,495,2,1
495,627,470,0,3
495,631,470,0,3
495,633,520,3,0
495,635,520,3,0
495,668,520,3,0
495,671,470,0,3
495,690,520,3,0
495,693,470,0,3
495,718,470,0,3
496,627,495,1,2
496,631,495,1,2
496,633,495,1,2
496,635,495,1,2
496,665,521,3,0
496,668,521,3,0
496,671,471,0,3
496,690,521,3,0
496,693,471,0,3
496,701,495,1,2
496,708,521,3,0
496,718,471,0,3
497,627,496,1,2
497,631,496,1,2
497,633,496,1,2
497,635,496,1,2
497,665,522,3,0
497,668,522,3,0
497,671,472,0,3
497,690,522,3,0
497,693,472,0,3
497,708,522,3,0
497,718,472,0,3
498,631,497,1,2
498,635,497,1,2
498,665,523,3,0
498,668,523,3,0
498,671,473,0,3
498,682,473,0,3
498,690,523,3,0
498,693,473,0,3
498,696,499,2,1
498,718,473,0,3
499,631,498,1,2
499,635,498,1,2
499,668,524,3,0
499,671,474,0,3
499,673,475,2,3
499,690,524,3,0
499,693,474,0,3
500,635,524,3,2
500,668,525,2,0
500,671,475,0,2
500,690,525,2,0
501,668,526,3,0
501,671,476,0,3
501,690,526,3,0
502,635,503,2,1
502,668,527,3,0
502,671,477,0,3
502,690,527,3,0
503,635,504,2,1
503,668,528,3,0
503,671,478,0,3
503,673,504,2,1
503,688,504,2,1
503,690,528,3,0
503,693,478,0,3
504,631,505,2,1
504,635,505,2,1
504,668,529,3,0
504,671,479,0,3
504,682,479,0,3
504,690,529,3,0
504,693,479,0,3
504,718,479,0,3
505,627,506,2,1
505,631,506,2,1
505,633,506,2,1
505,635,506,2,1
505,665,530,3,0
505,668,530,3,0
505,671,480,0,3
505,690,530,3,0
505,693,480,0,3
505,708,530,3,0
505,718,480,0,3
506,627,507,2,1
506,631,507,2,1
506,633,507,2,1
506,635,507,2,1
506,665,531,3,0
506,668,531,3,0
506,671,481,0,3
506,690,531,3,0
506,693,481,0,3
506,708,531,3,0
506,718,481,0,3
507,627,508,2,1
507,631,508,2,1
507,633,508,2,1
507,635,508,2,1
507,665,532,3,0
507,668,532,3,0
507,671,482,0,3
507,690,532,3,0
507,693,482,0,3
507,701,508,2,1
507,708,532,3,0
507,718,482,0,3
508,627,483,0,3
508,631,483,0,3
508,633,533,3,0
508,635,533,3,0
508,668,533,3,0
508,671,483,0,3
508,690,533,3,0
508,693,483,0,3
508,718,483,0,3
509,627,484,0,3
509,631,484,0,3
509,633,534,3,0
509,635,534,3,0
509,665,508,1,2
509,668,508,1,2
509,671,508,1,2
509,690,508,1,2
509,693,508,1,2
509,701,534,3,0
509,708,508,1,2
509,718,508,1,2
510,627,485,0,3
510,631,485,0,3
510,633,535,3,0
510,635,535,3,0
510,665,509,1,2
510,668,509,1,2
510,671,509,1,2
510,690,509,1,2
510,693,509,1,2
510,708,509,1,2
510,718,509,1,2
511,631,486,0,3
511,635,536,3,0
511,668,510,1,2
511,671,510,1,2
511,690,510,1,2
511,693,510,1,2
511,696,510,1,2
511,718,510,1,2
512,631,487,0,3
512,635,537,3,0
512,668,511,1,2
512,671,511,1,2
512,688,487,0,3
512,690,511,1,2
512,693,511,1,2
513,635,538,3,0
513,668,512,1,2
513,671,512,1,2
513,690,512,1,2
514,671,515,2,1
514,690,515,2,1
515,635,540,3,0
515,668,516,2,1
515,671,516,2,1
515,688,490,0,3
515,690,516,2,1
516,631,491,0,3
516,635,541,3,0
516,668,517,2,1
516,671,517,2,1
516,673,515,1,2
516,690,517,2,1
516,693,517,2,1
517,631,492,0,3
517,635,542,3,0
517,665,518,2,1
517,668,518,2,1
517,671,518,2,1
517,682,518,2,1
517,690,518,2,1
517,693,518,2,1
517,696,516,1,2
517,718,518,2,1
518,627,493,0,3
518,631,493,0,3
518,633,543,3,0
518,635,543,3,0
518,665,519,2,1
518,668,519,2,1
518,671,519,2,1
518,690,519,2,1
518,693,519,2,1
518,708,519,2,1
518,718,519,2,1
519,627,494,0,3
519,631,494,0,3
519,633,544,3,0
519,635,544,3,0
519,665,520,2,1
519,668,520,2,1
519,671,520,2,1
519,690,520,2,1
519,693,520,2,1
519,701,544,3,0
519,708,520,2,1
519,718,520,2,1
520,627,495,0,3
520,631,495,0,3
520,633,545,3,0
520,635,545,3,0
520,668,545,3,0
520,671,495,0,3
520,690,545,3,0
520,693,495,0,3
520,718,495,0,3
521,627,520,1,2
521,631,520,1,2
521,633,520,1,2
521,635,520,1,2
521,665,546,3,0
521,668,546,3,0
521,671,496,0,3
521,690,546,3,0
521,693,496,0,3
521,701,520,1,2
521,708,546,3,0
521,718,496,0,3
522,627,521,1,2
522,631,521,1,2
522,633,521,1,2
522,635,521,1,2
522,665,547,3,0
522,668,547,3,0
522,671,497,0,3
522,690,547,3,0
522,693,497,0,3
522,708,547,3,0
522,718,497,0,3
523,631,522,1,2
523,635,522,1,2
523,665,548,3,0
523,668,548,3,0
523,671,498,0,3
523,682,498,0,3
523,690,548,3,0
523,693,498,0,3
523,696,524,2,1
523,718,498,0,3
524,631,523,1,2
524,635,523,1,2
524,668,549,3,0
524,671,499,0,3
524,673,500,2,3
524,690,549,3,0
524,693,499,0,3
525,635,549,3,2
525,668,550,2,0
525,671,500,0,2
525,690,550,2,0
526,668,551,3,0
526,671,501,0,3
526,690,551,3,0
527,635,528,2,1
527,668,552,3,0
527,671,502,0,3
527,690,552,3,0
528,635,529,2,1
528,668,553,3,0
528,671,503,0,3
528,673,529,2,1
528,688,529,2,1
528,690,553,3,0
528,693,503,0,3
529,631,530,2,1
529,635,530,2,1
529,668,554,3,0
529,671,504,0,3
529,682,504,0,3
529,690,554,3,0
529,693,504,0,3
529,718,504,0,3
530,627,531,2,1
530,631,531,2,1
530,633,531,2,1
530,635,531,2,1
530,665,555,3,0
530,668,555,3,0
530,671,505,0,3
530,690,555,3,0
530,693,505,0,3
530,708,555,3,0
530,718,505,0,3
531,627,532,2,1
531,631,532,2,1
531,633,532,2,1
531,635,532,2,1
531,665,556,3,0
531,668,556,3,0
531,671,506,0,3
531,690,556,3,0
531,693,506,0,3
531,708,556,3,0
531,718,506,0,3
532,627,533,2,1
532,631,533,2,1
532,633,533,2,1
532,635,533,2,1
532,665,557,3,0
532,668,557,3,0
532,671,507,0,3
532,690,557,3,0
532,693,507,0,3
532,701,533,2,1
532,708,557,3,0
532,718,507,0,3
533,627,508,0,3
533,631,508,0,3
533,633,558,3,0
533,668,558,3,0
533,671,508,0,3
533,690,558,3,0
533,693,508,0,3
533,718,508,0,3
534,627,509,0,3
534,631,509,0,3
534,633,559,3,0
534,635,559,3,0
534,665,533,1,2
534,668,533,1,2
534,671,533,1,2
534,690,533,1,2
534,693,533,1,2
534,701,559,3,0
534,708,533,1,2
534,718,533,1,2
535,627,510,0,3
535,631,510,0,3
535,633,560,3,0
535,635,560,3,0
535,665,534,1,2
535,668,534,1,2
535,671,534,1,2
535,690,534,1,2
535,693,534,1,2
535,708,534,1,2
535,718,534,1,2
536,631,511,0,3
536,635,561,3,0
536,668,535,1,2
536,671,535,1,2
536,690,535,1,2
536,693,535,1,2
536,696,535,1,2
536,718,535,1,2
537,631,512,0,3
537,635,562,3,0
537,668,536,1,2
537,671,536,1,2
537,688,512,0,3
537,690,536,1,2
537,693,536,1,2
538,635,563,3,0
538,668,537,1,2
538,671,537,1,2
538,690,537,1,2
539,671,540,2,1
539,690,540,2,1
540,635,565,3,0
540,668,541,2,1
540,671,541,2,1
540,688,515,0,3
540,690,541,2,1
541,631,516,0,3
541,635,566,3,0
541,668,542,2,1
541,671,542,2,1
541,673,540,1,2
541,690,542,2,1
541,693,542,2,1
542,631,517,0,3
542,635,567,3,0
542,665,543,2,1
542,668,543,2,1
542,671,543,2,1
542,682,543,2,1
542,690,543,2,1
542,693,543,2,1
542,696,541,1,2
542,718,543,2,1
543,627,518,0,3
543,631,518,0,3
543,633,568,3,0
543,635,568,3,0
543,665,544,2,1
543,668,544,2,1
543,671,544,2,1
543,690,544,2,1
543,693,544,2,1
543,708,544,2,1
543,718,544,2,1
544,627,519,0,3
544,631,519,0,3
544,633,569,3,0
544,635,569,3,0
544,665,545,2,1
544,668,545,2,1
544,671,545,2,1
544,690,545,2,1
544,693,545,2,1
544,701,569,3,0
544,708,545,2,1
544,718,545,2,1
545,627,520,0,3
545,631,520,0,3
545,633,570,3,0
545,668,570,3,0
545,671,520,0,3
545,690,570,3,0
545,693,520,0,3
545,718,520,0,3
546,627,545,1,2
546,631,545,1,2
546,633,545,1,2
546,635,545,1,2
546,665,571,3,0
546,668,571,3,0
546,671,521,0,3
546,690,571,3,0
546,693,521,0,3
546,701,545,1,2
546,708,571,3,0
546,718,521,0,3
547,627,546,1,2
547,631,546,1,2
547,633,546,1,2
547,635,546,1,2
547,665,572,3,0
547,668,572,3,0
547,671,522,0,3
547,690,572,3,0
547,693,522,0,3
547,708,572,3,0
547,718,522,0,3
548,631,547,1,2
548,635,547,1,2
548,665,573,3,0
548,668,573,3,0
548,671,523,0,3
548,682,523,0,3
548,690,573,3,0
548,693,523,0,3
548,696,549,2,1
548,718,523,0,3
549,631,548,1,2
549,635,548,1,2
549,668,574,3,0
549,671,524,0,3
549,673,525,2,3
549,690,574,3,0
549,693,524,0,3
550,635,574,3,2
550,668,575,2,0
550,671,525,0,2
550,690,575,2,0
551,668,576,3,0
551,671,526,0,3
551,690,576,3,0
552,635,553,2,1
552,668,577,3,0
552,671,527,0,3
552,690,577,3,0
553,635,554,2,1
553,668,578,3,0
553,671,528,0,3
553,673,554,2,1
553,688,554,2,1
553,690,578,3,0
553,693,528,0,3
554,631,555,2,1
554,635,555,2,1
554,668,579,3,0
554,671,529,0,3
554,682,529,0,3
554,690,579,3,0
554,693,529,0,3
554,718,529,0,3
555,627,556,2,1
555,631,556,2,1
555,633,556,2,1
555,635,556,2,1
555,665,580,3,0
555,668,580,3,0
555,671,530,0,3
555,682,530,0,3
555,690,580,3,0
555,693,530,0,3
555,708,580,3,0
555,718,530,0,3
556,627,557,2,1
556,631,557,2,1
556,633,557,2,1
556,635,557,2,1
556,665,581,3,0
556,668,581,3,0
556,671,531,0,3
556,682,531,0,3
556,690,581,3,0
556,693,531,0,3
556,708,581,3,0
556,718,531,0,3
557,627,558,2,1
557,631,558,2,1
557,633,558,2,1
557,635,558,2,1
557,665,582,3,0
557,668,582,3,0
557,671,532,0,3
557,682,532,0,3
557,690,582,3,0
557,693,532,0,3
557,701,558,2,1
557,708,582,3,0
557,718,532,0,3
558,627,533,0,3
558,631,533,0,3
558,633,583,3,0
558,635,559,2,1
558,668,583,3,0
558,671,533,0,3
558,682,533,0,3
558,690,583,3,0
558,693,533,0,3
558,718,533,0,3
559,627,534,0,3
559,631,534,0,3
559,633,584,3,0
559,635,560,2,1
559,665,558,1,2
559,668,558,1,2
559,671,558,1,2
559,690,558,1,2
559,693,558,1,2
559,701,584,3,0
559,708,558,1,2
559,718,558,1,2
560,627,535,0,3
560,631,535,0,3
560,633,585,3,0
560,635,561,2,1
560,665,559,1,2
560,668,559,1,2
560,671,559,1,2
560,690,559,1,2
560,693,559,1,2
560,708,559,1,2
560,718,559,1,2
561,631,536,0,3
561,635,562,2,1
561,668,560,1,2
561,671,560,1,2
561,690,560,1,2
561,693,560,1,2
561,696,560,1,2
561,718,560,1,2
562,631,537,0,3
562,635,563,2,1
562,668,561,1,2
562,671,561,1,2
562,688,537,0,3
562,690,561,1,2
562,693,561,1,2
563,635,635,14,0
563,668,562,1,2
563,671,562,1,2
563,690,562,1,2
564,671,565,2,1
564,690,565,2,1
565,635,564,1,2
565,668,566,2,1
565,671,566,2,1
565,688,540,0,3
565,690,566,2,1
566,631,541,0,3
566,635,565,1,2
566,668,567,2,1
566,671,567,2,1
566,673,565,1,2
566,690,567,2,1
566,693,567,2,1
567,631,542,0,3
567,635,566,1,2
567,665,568,2,1
567,668,568,2,1
567,671,568,2,1
567,682,568,2,1
567,690,568,2,1
567,693,568,2,1
567,696,566,1,2
567,718,568,2,1
568,627,543,0,3
568,631,543,0,3
568,633,593,3,0
568,635,567,1,2
568,665,569,2,1
568,668,569,2,1
568,671,569,2,1
568,690,569,2,1
568,693,569,2,1
568,708,569,2,1
568,718,569,2,1
569,627,544,0,3
569,631,544,0,3
569,633,594,3,0
569,635,568,1,2
569,665,570,2,1
569,668,570,2,1
569,671,570,2,1
569,690,570,2,1
569,693,570,2,1
569,701,594,3,0
569,708,570,2,1
569,718,570,2,1
570,627,545,0,3
570,631,545,0,3
570,633,595,3,0
570,635,569,1,2
570,668,595,3,0
570,671,545,0,3
570,682,545,0,3
570,690,595,3,0
570,693,545,0,3
570,718,545,0,3
571,627,570,1,2
571,631,570,1,2
571,633,570,1,2
571,635,570,1,2
571,665,596,3,0
571,668,596,3,0
571,671,546,0,3
571,682,546,0,3
571,690,596,3,0
571,693,546,0,3
571,701,570,1,2
571,708,596,3,0
571,718,546,0,3
572,627,571,1,2
572,631,571,1,2
572,633,571,1,2
572,635,571,1,2
572,665,597,3,0
572,668,597,3,0
572,671,547,0,3
572,682,547,0,3
572,690,597,3,0
572,693,547,0,3
572,708,597,3,0
572,718,547,0,3
573,631,572,1,2
573,635,572,1,2
573,665,598,3,0
573,668,598,3,0
573,671,548,0,3
573,682,548,0,3
573,690,598,3,0
573,693,548,0,3
573,696,574,2,1
573,718,548,0,3
574,631,573,1,2
574,635,573,1,2
574,668,599,3,0
574,671,549,0,3
574,673,550,2,3
574,690,599,3,0
574,693,549,0,3
575,635,599,3,2
575,668,600,2,0
575,671,600,2,0
575,690,600,2,0
576,668,601,3,0
576,671,601,3,0
576,690,601,3,0
577,635,578,2,1
577,668,602,3,0
577,671,602,3,0
577,690,602,3,0
578,635,579,2,1
578,668,603,3,0
578,671,603,3,0
578,673,579,2,1
578,688,579,2,1
578,690,603,3,0
578,693,553,0,3
579,631,580,2,1
579,635,580,2,1
579,668,604,3,0
579,671,604,3,0
579,673,604,3,0
579,682,604,3,0
579,690,604,3,0
579,693,554,0,3
579,718,554,0,3
580,627,581,2,1
580,631,581,2,1
580,633,581,2,1
580,635,581,2,1
580,665,579,1,2
580,668,605,3,0
580,671,605,3,0
580,673,605,3,0
580,690,605,3,0
580,693,555,0,3
580,708,605,3,0
580,718,555,0,3
581,627,582,2,1
581,631,582,2,1
581,633,582,2,1
581,635,582,2,1
581,665,580,1,2
581,668,606,3,0
581,671,606,3,0
581,673,606,3,0
581,690,606,3,0
581,693,556,0,3
581,708,606,3,0
581,718,556,0,3
582,627,583,2,1
582,631,583,2,1
582,633,583,2,1
582,635,583,2,1
582,665,581,1,2
582,668,607,3,0
582,671,607,3,0
582,673,607,3,0
582,690,607,3,0
582,693,557,0,3
582,701,583,2,1
582,708,607,3,0
582,718,557,0,3
583,627,558,0,3
583,631,558,0,3
583,633,608,3,0
583,635,558,0,3
583,665,582,1,2
583,668,608,3,0
583,671,608,3,0
583,673,608,3,0
583,690,608,3,0
583,693,558,0,3
583,718,558,0,3
584,627,559,0,3
584,631,559,0,3
584,633,609,3,0
584,635,559,0,3
584,665,583,1,2
584,668,583,1,2
584,671,583,1,2
584,690,583,1,2
584,693,583,1,2
584,701,609,3,0
584,708,583,1,2
584,718,583,1,2
585,627,560,0,3
585,631,560,0,3
585,633,610,3,0
585,635,560,0,3
585,665,584,1,2
585,668,584,1,2
585,671,584,1,2
585,690,584,1,2
585,693,584,1,2
585,708,584,1,2
585,718,584,1,2
586,631,561,0,3
586,635,561,0,3
586,668,585,1,2
586,671,585,1,2
586,690,585,1,2
586,693,585,1,2
586,696,585,1,2
586,718,585,1,2
587,631,562,0,3
587,635,562,0,3
587,668,586,1,2
587,671,586,1,2
587,688,562,0,3
587,690,586,1,2
587,693,586,1,2
588,635,563,0,3
588,668,587,1,2
588,671,587,1,2
588,690,587,1,2
589,671,590,2,1
589,690,590,2,1
590,635,565,0,3
590,668,591,2,1
590,671,591,2,1
590,688,565,0,3
590,690,591,2,1
591,631,566,0,3
591,635,566,0,3
591,668,592,2,1
591,671,592,2,1
591,673,590,1,2
591,690,592,2,1
591,693,592,2,1
592,631,567,0,3
592,635,567,0,3
592,665,593,2,1
592,668,593,2,1
592,671,593,2,1
592,682,593,2,1
592,690,593,2,1
592,693,593,2,1
592,696,591,1,2
592,718,593,2,1
593,627,568,0,3
593,631,568,0,3
593,633,618,3,0
593,635,568,0,3
593,665,594,2,1
593,668,594,2,1
593,671,594,2,1
593,690,594,2,1
593,693,594,2,1
593,708,594,2,1
593,718,594,2,1
594,627,569,0,3
594,631,569,0,3
594,633,619,3,0
594,635,569,0,3
594,665,595,2,1
594,668,595,2,1
594,671,595,2,1
594,690,595,2,1
594,693,595,2,1
594,701,619,3,0
594,708,595,2,1
594,718,595,2,1
595,627,570,0,3
595,631,570,0,3
595,633,620,3,0
595,635,570,0,3
595,665,596,2,1
595,668,620,3,0
595,671,620,3,0
595,673,620,3,0
595,690,620,3,0
595,693,570,0,3
595,718,570,0,3
596,627,595,1,2
596,631,595,1,2
596,633,595,1,2
596,635,595,1,2
596,665,597,2,1
596,668,621,3,0
596,671,621,3,0
596,673,621,3,0
596,690,621,3,0
596,693,571,0,3
596,701,595,1,2
596,708,621,3,0
596,718,571,0,3
597,627,596,1,2
597,631,596,1,2
597,633,596,1,2
597,635,596,1,2
597,665,598,2,1
597,668,622,3,0
597,671,622,3,0
597,673,622,3,0
597,690,622,3,0
597,693,572,0,3
597,708,622,3,0
597,718,572,0,3
598,631,597,1,2
598,635,597,1,2
598,665,665,44,0
598,668,623,3,0
598,671,623,3,0
598,673,623,3,0
598,682,623,3,0
598,690,623,3,0
598,693,573,0,3
598,696,599,2,1
598,718,573,0,3
599,631,598,1,2
599,635,598,1,2
599,668,624,3,0
599,671,624,3,0
599,673,575,2,3
599,690,624,3,0
599,693,574,0,3
600,635,624,3,2
600,668,0,2,3
600,671,0,2,3
600,690,0,2,3
601,668,1,3,3
601,671,1,3,3
601,690,1,3,3
602,635,603,2,1
602,668,2,3,3
602,671,2,3,3
602,690,2,3,3
603,635,604,2,1
603,668,3,3,3
603,671,3,3,3
603,673,604,2,1
603,688,604,2,1
603,690,3,3,3
603,693,578,0,3
604,631,605,2,1
604,635,605,2,1
604,668,4,3,3
604,671,4,3,3
604,682,4,3,3
604,690,4,3,3
604,693,579,0,3
604,718,579,0,3
605,627,606,2,1
605,631,606,2,1
605,633,606,2,1
605,635,606,2,1
605,665,580,0,3
605,668,5,3,3
605,671,5,3,3
605,690,5,3,3
605,693,580,0,3
605,708,5,3,3
605,718,580,0,3
606,627,607,2,1
606,631,607,2,1
606,633,607,2,1
606,635,607,2,1
606,665,581,0,3
606,668,6,3,3
606,671,6,3,3
606,690,6,3,3
606,693,581,0,3
606,708,6,3,3
606,718,581,0,3
607,627,608,2,1
607,631,608,2,1
607,633,608,2,1
607,635,608,2,1
607,665,582,0,3
607,668,7,3,3
607,671,7,3,3
607,690,7,3,3
607,693,582,0,3
607,701,608,2,1
607,708,7,3,3
607,718,582,0,3
608,627,583,0,3
608,631,583,0,3
608,633,8,3,3
608,635,583,0,3
608,665,583,0,3
608,668,8,3,3
608,671,8,3,3
608,690,8,3,3
608,693,583,0,3
608,718,583,0,3
609,627,584,0,3
609,631,584,0,3
609,633,9,3,3
609,635,584,0,3
609,665,608,1,2
609,668,608,1,2
609,671,608,1,2
609,690,608,1,2
609,693,608,1,2
609,701,9,3,3
609,708,608,1,2
609,718,608,1,2
610,627,585,0,3
610,631,585,0,3
610,633,10,3,3
610,635,585,0,3
610,665,609,1,2
610,668,609,1,2
610,671,609,1,2
610,690,609,1,2
610,693,609,1,2
610,708,609,1,2
610,718,609,1,2
611,631,586,0,3
611,635,586,0,3
611,668,610,1,2
611,671,610,1,2
611,690,610,1,2
611,693,610,1,2
611,696,610,1,2
611,718,610,1,2
612,631,587,0,3
612,635,587,0,3
612,668,611,1,2
612,671,611,1,2
612,688,587,0,3
612,690,611,1,2
612,693,611,1,2
613,635,588,0,3
613,668,612,1,2
613,671,612,1,2
613,690,612,1,2
614,671,615,2,1
614,690,615,2,1
615,635,590,0,3
615,668,616,2,1
615,671,616,2,1
615,688,590,0,3
615,690,616,2,1
616,631,591,0,3
616,635,591,0,3
616,668,617,2,1
616,671,617,2,1
616,673,615,1,2
616,690,617,2,1
616,693,617,2,1
617,631,592,0,3
617,635,592,0,3
617,665,618,2,1
617,668,618,2,1
617,671,618,2,1
617,682,618,2,1
617,690,618,2,1
617,693,618,2,1
617,696,616,1,2
617,718,618,2,1
618,627,593,0,3
618,631,593,0,3
618,633,18,3,3
618,635,593,0,3
618,665,619,2,1
618,668,619,2,1
618,671,619,2,1
618,690,619,2,1
618,693,619,2,1
618,708,619,2,1
618,718,619,2,1
619,627,594,0,3
619,631,594,0,3
619,633,19,3,3
619,635,594,0,3
619,665,620,2,1
619,668,620,2,1
619,671,620,2,1
619,690,620,2,1
619,693,620,2,1
619,701,19,3,3
619,708,620,2,1
619,718,620,2,1
620,627,595,0,3
620,631,595,0,3
620,633,20,3,3
620,635,595,0,3
620,665,595,0,3
620,668,20,3,3
620,671,20,3,3
620,690,20,3,3
620,693,595,0,3
620,718,595,0,3
621,627,620,1,2
621,631,620,1,2
621,633,620,1,2
621,635,620,1,2
621,665,596,0,3
621,668,21,3,3
621,671,21,3,3
621,690,21,3,3
621,693,596,0,3
621,701,620,1,2
621,708,21,3,3
621,718,596,0,3
622,627,621,1,2
622,631,621,1,2
622,633,621,1,2
622,635,621,1,2
622,665,597,0,3
622,668,22,3,3
622,671,22,3,3
622,690,22,3,3
622,693,597,0,3
622,708,22,3,3
622,718,597,0,3
623,631,622,1,2
623,635,622,1,2
623,665,598,0,3
623,668,23,3,3
623,671,23,3,3
623,682,23,3,3
623,690,23,3,3
623,693,598,0,3
623,696,624,2,1
623,718,598,0,3
624,631,623,1,2
624,635,623,1,2
624,668,24,3,3
624,671,24,3,3
624,673,600,2,3
624,690,24,3,3
624,693,599,0,3
627,625,435,0,6
627,626,435,0,6
627,628,435,0,6
627,629,435,0,6
627,630,435,0,6
627,631,435,0,6
627,632,435,0,6
627,633,435,0,6
627,634,435,0,6
627,635,435,0,6
627,636,435,0,6
627,637,435,0,6
627,638,435,0,6
627,639,435,0,6
627,640,435,0,6
627,641,435,0,6
627,642,435,0,6
627,643,435,0,6
627,644,435,0,6
627,645,435,0,6
627,646,435,0,6
627,647,435,0,6
627,648,435,0,6
627,649,435,0,6
627,650,435,0,6
627,651,435,0,6
627,652,435,0,6
627,653,435,0,6
627,654,435,0,6
627,655,435,0,6
627,656,435,0,6
627,657,435,0,6
627,658,435,0,6
627,659,435,0,6
627,660,435,0,6
627,661,435,0,6
627,662,435,0,6
627,663,435,0,6
627,664,435,0,6
627,665,435,0,6
627,666,435,0,6
627,667,435,0,6
627,668,435,0,6
627,669,435,0,6
627,670,435,0,6
627,671,435,0,6
627,672,435,0,6
627,673,435,0,6
627,674,435,0,6
627,675,435,0,6
627,676,435,0,6
627,677,435,0,6
627,678,435,0,6
627,679,435,0,6
627,680,435,0,6
627,681,435,0,6
627,682,435,0,6
627,683,435,0,6
627,684,435,0,6
627,685,435,0,6
627,686,435,0,6
627,687,435,0,6
627,688,435,0,6
627,689,435,0,6
627,690,435,0,6
627,691,435,0,6
627,692,435,0,6
627,693,435,0,6
627,694,435,0,6
627,695,435,0,6
627,696,435,0,6
627,697,435,0,6
627,698,435,0,6
627,699,435,0,6
627,700,435,0,6
627,701,435,0,6
627,702,435,0,6
627,703,435,0,6
627,704,435,0,6
627,705,435,0,6
627,706,435,0,6
627,707,435,0,6
627,708,435,0,6
627,709,435,0,6
627,710,435,0,6
627,711,435,0,6
627,712,435,0,6
627,713,435,0,6
627,714,435,0,6
627,715,435,0,6
627,716,435,0,6
627,717,435,0,6
627,718,435,0,6
627,719,435,0,6
627,720,435,0,6
627,721,435,0,6
627,722,435,0,6
627,723,435,0,6
627,724,435,0,6
631,625,387,0,10
631,626,387,0,10
631,627,387,0,10
631,628,387,0,10
631,629,387,0,10
631,630,387,0,10
631,632,387,0,10
631,633,387,0,10
631,634,387,0,10
631,635,387,0,10
631,636,387,0,10
631,637,387,0,10
631,638,387,0,10
631,639,387,0,10
631,640,387,0,10
631,641,387,0,10
631,642,387,0,10
631,643,387,0,10
631,644,387,0,10
631,645,387,0,10
631,646,387,0,10
631,647,387,0,10
631,648,387,0,10
631,649,387,0,10
631,650,387,0,10
631,651,387,0,10
631,652,387,0,10
631,653,387,0,10
631,654,387,0,10
631,655,387,0,10
631,656,387,0,10
631,657,387,0,10
631,658,387,0,10
631,659,387,0,10
631,660,387,0,10
631,661,387,0,10
631,662,387,0,10
631,663,387,0,10
631,664,387,0,10
631,665,387,0,10
631,666,387,0,10
631,667,387,0,10
631,668,387,0,10
631,669,387,0,10
631,670,387,0,10
631,671,387,0,10
631,672,387,0,10
631,673,387,0,10
631,674,387,0,10
631,675,387,0,10
631,676,387,0,10
631,677,387,0,10
631,678,387,0,10
631,679,387,0,10
631,680,387,0,10
631,681,387,0,10
631,682,387,0,10
631,683,387,0,10
631,684,387,0,10
631,685,387,0,10
631,686,387,0,10
631,687,387,0,10
631,688,387,0,10
631,689,387,0,10
631,690,387,0,10
631,691,387,0,10
631,692,387,0,10
631,693,387,0,10
631,694,387,0,10
631,695,387,0,10
631,696,387,0,10
631,697,387,0,10
631,698,387,0,10
631,699,387,0,10
631,700,387,0,10
631,701,387,0,10
631,702,387,0,10
631,703,387,0,10
631,704,387,0,10
631,705,387,0,10
631,706,387,0,10
631,707,387,0,10
631,708,387,0,10
631,709,387,0,10
631,710,387,0,10
631,711,387,0,10
631,712,387,0,10
631,713,387,0,10
631,714,387,0,10
631,715,387,0,10
631,716,387,0,10
631,717,387,0,10
631,718,387,0,10
631,719,387,0,10
631,720,387,0,10
631,721,387,0,10
631,722,387,0,10
631,723,387,0,10
631,724,387,0,10
633,625,160,0,12
633,626,160,0,12
633,627,160,0,12
633,628,160,0,12
633,629,160,0,12
633,630,160,0,12
633,631,160,0,12
633,632,160,0,12
633,634,160,0,12
633,635,160,0,12
633,636,160,0,12
633,637,160,0,12
633,638,160,0,12
633,639,160,0,12
633,640,160,0,12
633,641,160,0,12
633,642,160,0,12
633,643,160,0,12
633,644,160,0,12
633,645,160,0,12
633,646,160,0,12
633,647,160,0,12
633,648,160,0,12
633,649,160,0,12
633,650,160,0,12
633,651,160,0,12
633,652,160,0,12
633,653,160,0,12
633,654,160,0,12
633,655,160,0,12
633,656,160,0,12
633,657,160,0,12
633,658,160,0,12
633,659,160,0,12
633,660,160,0,12
633,661,160,0,12
633,662,160,0,12
633,663,160,0,12
633,664,160,0,12
633,665,160,0,12
633,666,160,0,12
633,667,160,0,12
633,668,160,0,12
633,669,160,0,12
633,670,160,0,12
633,671,160,0,12
633,672,160,0,12
633,673,160,0,12
633,674,160,0,12
633,675,160,0,12
633,676,160,0,12
633,677,160,0,12
633,678,160,0,12
633,679,160,0,12
633,680,160,0,12
633,681,160,0,12
633,682,160,0,12
633,683,160,0,12
633,684,160,0,12
633,685,160,0,12
633,686,160,0,12
633,687,160,0,12
633,688,160,0,12
633,689,160,0,12
633,690,160,0,12
633,691,160,0,12
633,692,160,0,12
633,693,160,0,12
633,694,160,0,12
633,695,160,0,12
633,696,160,0,12
633,697,160,0,12
633,698,160,0,12
633,699,160,0,12
633,700,160,0,12
633,701,160,0,12
633,702,160,0,12
633,703,160,0,12
633,704,160,0,12
633,705,160,0,12
633,706,160,0,12
633,707,160,0,12
633,708,160,0,12
633,709,160,0,12
633,710,160,0,12
633,711,160,0,12
633,712,160,0,12
633,713,160,0,12
633,714,160,0,12
633,715,160,0,12
633,716,160,0,12
633,717,160,0,12
633,718,160,0,12
633,719,160,0,12
633,720,160,0,12
633,721,160,0,12
633,722,160,0,12
633,723,160,0,12
633,724,160,0,12
635,625,563,0,14
635,626,563,0,14
635,627,563,0,14
635,628,563,0,14
635,629,563,0,14
635,630,563,0,14
635,631,563,0,14
635,632,563,0,14
635,633,563,0,14
635,634,563,0,14
635,636,563,0,14
635,637,563,0,14
635,638,563,0,14
635,639,563,0,14
635,640,563,0,14
635,641,563,0,14
635,642,563,0,14
635,643,563,0,14
635,644,563,0,14
635,645,563,0,14
635,646,563,0,14
635,647,563,0,14
635,648,563,0,14
635,649,563,0,14
635,650,563,0,14
635,651,563,0,14
635,652,563,0,14
635,653,563,0,14
635,654,563,0,14
635,655,563,0,14
635,656,563,0,14
635,657,563,0,14
635,658,563,0,14
635,659,563,0,14
635,660,563,0,14
635,661,563,0,14
635,662,563,0,14
635,663,563,0,14
635,664,563,0,14
635,665,563,0,14
635,666,563,0,14
635,667,563,0,14
635,668,563,0,14
635,669,563,0,14
635,670,563,0,14
635,671,563,0,14
635,672,563,0,14
635,673,563,0,14
635,674,563,0,14
635,675,563,0,14
635,676,563,0,14
635,677,563,0,14
635,678,563,0,14
635,679,563,0,14
635,680,563,0,14
635,681,563,0,14
635,682,563,0,14
635,683,563,0,14
635,684,563,0,14
635,685,563,0,14
635,686,563,0,14
635,687,563,0,14
635,688,563,0,14
635,689,563,0,14
635,690,563,0,14
635,691,563,0,14
635,692,563,0,14
635,693,563,0,14
635,694,563,0,14
635,695,563,0,14
635,696,563,0,14
635,697,563,0,14
635,698,563,0,14
635,699,563,0,14
635,700,563,0,14
635,701,563,0,14
635,702,563,0,14
635,703,563,0,14
635,704,563,0,14
635,705,563,0,14
635,706,563,0,14
635,707,563,0,14
635,708,563,0,14
635,709,563,0,14
635,710,563,0,14
635,711,563,0,14
635,712,563,0,14
635,713,563,0,14
635,714,563,0,14
635,715,563,0,14
635,716,563,0,14
635,717,563,0,14
635,718,563,0,14
635,719,563,0,14
635,720,563,0,14
635,721,563,0,14
635,722,563,0,14
635,723,563,0,14
635,724,563,0,14
665,625,598,0,44
665,626,598,0,44
665,627,598,0,44
665,628,598,0,44
665,629,598,0,44
665,630,598,0,44
665,631,598,0,44
665,632,598,0,44
665,633,598,0,44
665,634,598,0,44
665,635,598,0,44
665,636,598,0,44
665,637,598,0,44
665,638,598,0,44
665,639,598,0,44
665,640,598,0,44
665,641,598,0,44
665,642,598,0,44
665,643,598,0,44
665,644,598,0,44
665,645,598,0,44
665,646,598,0,44
665,647,598,0,44
665,648,598,0,44
665,649,598,0,44
665,650,598,0,44
665,651,598,0,44
665,652,598,0,44
665,653,598,0,44
665,654,598,0,44
665,655,598,0,44
665,656,598,0,44
665,657,598,0,44
665,658,598,0,44
665,659,598,0,44
665,660,598,0,44
665,661,598,0,44
665,662,598,0,44
665,663,598,0,44
665,664,598,0,44
665,666,598,0,44
665,667,598,0,44
665,668,598,0,44
665,669,598,0,44
665,670,598,0,44
665,671,598,0,44
665,672,598,0,44
665,673,598,0,44
665,674,598,0,44
665,675,598,0,44
665,676,598,0,44
665,677,598,0,44
665,678,598,0,44
665,679,598,0,44
665,680,598,0,44
665,681,598,0,44
665,682,598,0,44
665,683,598,0,44
665,684,598,0,44
665,685,598,0,44
665,686,598,0,44
665,687,598,0,44
665,688,598,0,44
665,689,598,0,44
665,690,598,0,44
665,691,598,0,44
665,692,598,0,44
665,693,598,0,44
665,694,598,0,44
665,695,598,0,44
665,696,598,0,44
665,697,598,0,44
665,698,598,0,44
665,699,598,0,44
665,700,598,0,44
665,701,598,0,44
665,702,598,0,44
665,703,598,0,44
665,704,598,0,44
665,705,598,0,44
665,706,598,0,44
665,707,598,0,44
665,708,598,0,44
665,709,598,0,44
665,710,598,0,44
665,711,598,0,44
665,712,598,0,44
665,713,598,0,44
665,714,598,0,44
665,715,598,0,44
665,716,598,0,44
665,717,598,0,44
665,718,598,0,44
665,719,598,0,44
665,720,598,0,44
665,721,598,0,44
665,722,598,0,44
665,723,598,0,44
665,724,598,0,44
668,625,151,0,47
668,626,151,0,47
668,627,151,0,47
668,628,151,0,47
668,629,151,0,47
668,630,151,0,47
668,631,151,0,47
668,632,151,0,47
668,633,151,0,47
668,634,151,0,47
668,635,151,0,47
668,636,151,0,47
668,637,151,0,47
668,638,151,0,47
668,639,151,0,47
668,640,151,0,47
668,641,151,0,47
668,642,151,0,47
668,643,151,0,47
668,644,151,0,47
668,645,151,0,47
668,646,151,0,47
668,647,151,0,47
668,648,151,0,47
668,649,151,0,47
668,650,151,0,47
668,651,151,0,47
668,652,151,0,47
668,653,151,0,47
668,654,151,0,47
668,655,151,0,47
668,656,151,0,47
668,657,151,0,47
668,658,151,0,47
668,659,151,0,47
668,660,151,0,47
668,661,151,0,47
668,662,151,0,47
668,663,151,0,47
668,664,151,0,47
668,665,151,0,47
668,666,151,0,47
668,667,151,0,47
668,669,151,0,47
668,670,151,0,47
668,671,151,0,47
668,672,151,0,47
668,673,151,0,47
668,674,151,0,47
668,675,151,0,47
668,676,151,0,47
668,677,151,0,47
668,678,151,0,47
668,679,151,0,47
668,680,151,0,47
668,681,151,0,47
668,682,151,0,47
668,683,151,0,47
668,684,151,0,47
668,685,151,0,47
668,686,151,0,47
668,687,151,0,47
668,688,151,0,47
668,689,151,0,47
668,690,151,0,47
668,691,151,0,47
668,692,151,0,47
668,693,151,0,47
668,694,151,0,47
668,695,151,0,47
668,696,151,0,47
668,697,151,0,47
668,698,151,0,47
668,699,151,0,47
668,700,151,0,47
668,701,151,0,47
668,702,151,0,47
668,703,151,0,47
668,704,151,0,47
668,705,151,0,47
668,706,151,0,47
668,707,151,0,47
668,708,151,0,47
668,709,151,0,47
668,710,151,0,47
668,711,151,0,47
668,712,151,0,47
668,713,151,0,47
668,714,151,0,47
668,715,151,0,47
668,716,151,0,47
668,717,151,0,47
668,718,151,0,47
668,719,151,0,47
668,720,151,0,47
668,721,151,0,47
668,722,151,0,47
668,723,151,0,47
668,724,151,0,47
671,625,251,0,50
671,626,251,0,50
671,627,251,0,50
671,628,251,0,50
671,629,251,0,50
671,630,251,0,50
671,631,251,0,50
671,632,251,0,50
671,633,251,0,50
671,634,251,0,50
671,635,251,0,50
671,636,251,0,50
671,637,251,0,50
671,638,251,0,50
671,639,251,0,50
671,640,251,0,50
671,641,251,0,50
671,642,251,0,50
671,643,251,0,50
671,644,251,0,50
671,645,251,0,50
671,646,251,0,50
671,647,251,0,50
671,648,251,0,50
671,649,251,0,50
671,650,251,0,50
671,651,251,0,50
671,652,251,0,50
671,653,251,0,50
671,654,251,0,50
671,655,251,0,50
671,656,251,0,50
671,657,251,0,50
671,658,251,0,50
671,659,251,0,50
671,660,251,0,50
671,661,251,0,50
671,662,251,0,50
671,663,251,0,50
671,664,251,0,50
671,665,251,0,50
671,666,251,0,50
671,667,251,0,50
671,668,251,0,50
671,669,251,0,50
671,670,251,0,50
671,672,251,0,50
671,673,251,0,50
671,674,251,0,50
671,675,251,0,50
671,676,251,0,50
671,677,251,0,50
671,678,251,0,50
671,679,251,0,50
671,680,251,0,50
671,681,251,0,50
671,682,251,0,50
671,683,251,0,50
671,684,251,0,50
671,685,251,0,50
671,686,251,0,50
671,687,251,0,50
671,688,251,0,50
671,689,251,0,50
671,690,251,0,50
671,691,251,0,50
671,692,251,0,50
671,693,251,0,50
671,694,251,0,50
671,695,251,0,50
671,696,251,0,50
671,697,251,0,50
671,698,251,0,50
671,699,251,0,50
671,700,251,0,50
671,701,251,0,50
671,702,251,0,50
671,703,251,0,50
671,704,251,0,50
671,705,251,0,50
671,706,251,0,50
671,707,251,0,50
671,708,251,0,50
671,709,251,0,50
671,710,251,0,50
671,711,251,0,50
671,712,251,0,50
671,713,251,0,50
671,714,251,0,50
671,715,251,0,50
671,716,251,0,50
671,717,251,0,50
671,718,251,0,50
671,719,251,0,50
671,720,251,0,50
671,721,251,0,50
671,722,251,0,50
671,723,251,0,50
671,724,251,0,50
673,625,254,0,52
673,626,254,0,52
673,627,254,0,52
673,628,254,0,52
673,629,254,0,52
673,630,254,0,52
673,631,254,0,52
673,632,254,0,52
673,633,254,0,52
673,634,254,0,52
673,635,254,0,52
673,636,254,0,52
673,637,254,0,52
673,638,254,0,52
673,639,254,0,52
673,640,254,0,52
673,641,254,0,52
673,642,254,0,52
673,643,254,0,52
673,644,254,0,52
673,645,254,0,52
673,646,254,0,52
673,647,254,0,52
673,648,254,0,52
673,649,254,0,52
673,650,254,0,52
673,651,254,0,52
673,652,254,0,52
673,653,254,0,52
673,654,254,0,52
673,655,254,0,52
673,656,254,0,52
673,657,254,0,52
673,658,254,0,52
673,659,254,0,52
673,660,254,0,52
673,661,254,0,52
673,662,254,0,52
673,663,254,0,52
673,664,254,0,52
673,665,254,0,52
673,666,254,0,52
673,667,254,0,52
673,668,254,0,52
673,669,254,0,52
673,670,254,0,52
673,671,254,0,52
673,672,254,0,52
673,674,254,0,52
673,675,254,0,52
673,676,254,0,52
673,677,254,0,52
673,678,254,0,52
673,679,254,0,52
673,680,254,0,52
673,681,254,0,52
673,682,254,0,52
673,683,254,0,52
673,684,254,0,52
673,685,254,0,52
673,686,254,0,52
673,687,254,0,52
673,688,254,0,52
673,689,254,0,52
673,690,254,0,52
673,691,254,0,52
673,692,254,0,52
673,693,254,0,52
673,694,254,0,52
673,695,254,0,52
673,696,254,0,52
673,697,254,0,52
673,698,254,0,52
673,699,254,0,52
673,700,254,0,52
673,701,254,0,52
673,702,254,0,52
673,703,254,0,52
673,704,254,0,52
673,705,254,0,52
673,706,254,0,52
673,707,254,0,52
673,708,254,0,52
673,709,254,0,52
673,710,254,0,52
673,711,254,0,52
673,712,254,0,52
673,713,254,0,52
673,714,254,0,52
673,715,254,0,52
673,716,254,0,52
673,717,254,0,52
673,718,254,0,52
673,719,254,0,52
673,720,254,0,52
673,721,254,0,52
673,722,254,0,52
673,723,254,0,52
673,724,254,0,52
682,625,254,0,61
682,626,254,0,61
682,627,254,0,61
682,628,254,0,61
682,629,254,0,61
682,630,254,0,61
682,631,254,0,61
682,632,254,0,61
682,633,254,0,61
682,634,254,0,61
682,635,254,0,61
682,636,254,0,61
682,637,254,0,61
682,638,254,0,61
682,639,254,0,61
682,640,254,0,61
682,641,254,0,61
682,642,254,0,61
682,643,254,0,61
682,644,254,0,61
682,645,254,0,61
682,646,254,0,61
682,647,254,0,61
682,648,254,0,61
682,649,254,0,61
682,650,254,0,61
682,651,254,0,61
682,652,254,0,61
682,653,254,0,61
682,654,254,0,61
682,655,254,0,61
682,656,254,0,61
682,657,254,0,61
682,658,254,0,61
682,659,254,0,61
682,660,254,0,61
682,661,254,0,61
682,662,254,0,61
682,663,254,0,61
682,664,254,0,61
682,665,254,0,61
682,666,254,0,61
682,667,254,0,61
682,668,254,0,61
682,669,254,0,61
682,670,254,0,61
682,671,254,0,61
682,672,254,0,61
682,673,254,0,61
682,674,254,0,61
682,675,254,0,61
682,676,254,0,61
682,677,254,0,61
682,678,254,0,61
682,679,254,0,61
682,680,254,0,61
682,681,254,0,61
682,683,254,0,61
682,684,254,0,61
682,685,254,0,61
682,686,254,0,61
682,687,254,0,61
682,688,254,0,61
682,689,254,0,61
682,690,254,0,61
682,691,254,0,61
682,692,254,0,61
682,693,254,0,61
682,694,254,0,61
682,695,254,0,61
682,696,254,0,61
682,697,254,0,61
682,698,254,0,61
682,699,254,0,61
682,700,254,0,61
682,701,254,0,61
682,702,254,0,61
682,703,254,0,61
682,704,254,0,61
682,705,254,0,61
682,706,254,0,61
682,707,254,0,61
682,708,254,0,61
682,709,254,0,61
682,710,254,0,61
682,711,254,0,61
682,712,254,0,61
682,713,254,0,61
682,714,254,0,61
682,715,254,0,61
682,716,254,0,61
682,717,254,0,61
682,718,254,0,61
682,719,254,0,61
682,720,254,0,61
682,721,254,0,61
682,722,254,0,61
682,723,254,0,61
682,724,254,0,61
688,625,415,0,67
688,626,415,0,67
688,627,415,0,67
688,628,415,0,67
688,629,415,0,67
688,630,415,0,67
688,631,415,0,67
688,632,415,0,67
688,633,415,0,67
688,634,415,0,67
688,635,415,0,67
688,636,415,0,67
688,637,415,0,67
688,638,415,0,67
688,639,415,0,67
688,640,415,0,67
688,641,415,0,67
688,642,415,0,67
688,643,415,0,67
688,644,415,0,67
688,645,415,0,67
688,646,415,0,67
688,647,415,0,67
688,648,415,0,67
688,649,415,0,67
688,650,415,0,67
688,651,415,0,67
688,652,415,0,67
688,653,415,0,67
688,654,415,0,67
688,655,415,0,67
688,656,415,0,67
688,657,415,0,67
688,658,415,0,67
688,659,415,0,67
688,660,415,0,67
688,661,415,0,67
688,662,415,0,67
688,663,415,0,67
688,664,415,0,67
688,665,415,0,67
688,666,415,0,67
688,667,415,0,67
688,668,415,0,67
688,669,415,0,67
688,670,415,0,67
688,671,415,0,67
688,672,415,0,67
688,673,415,0,67
688,674,415,0,67
688,675,415,0,67
688,676,415,0,67
688,677,415,0,67
688,678,415,0,67
688,679,415,0,67
688,680,415,0,67
688,681,415,0,67
688,682,415,0,67
688,683,415,0,67
688,684,415,0,67
688,685,415,0,67
688,686,415,0,67
688,687,415,0,67
688,689,415,0,67
688,690,415,0,67
688,691,415,0,67
688,692,415,0,67
688,693,415,0,67
688,694,415,0,67
688,695,415,0,67
688,696,415,0,67
688,697,415,0,67
688,698,415,0,67
688,699,415,0,67
688,700,415,0,67
688,701,415,0,67
688,702,415,0,67
688,703,415,0,67
688,704,415,0,67
688,705,415,0,67
688,706,415,0,67
688,707,415,0,67
688,708,415,0,67
688,709,415,0,67
688,710,415,0,67
688,711,415,0,67
688,712,415,0,67
688,713,415,0,67
688,714,415,0,67
688,715,415,0,67
688,716,415,0,67
688,717,415,0,67
688,718,415,0,67
688,719,415,0,67
688,720,415,0,67
688,721,415,0,67
688,722,415,0,67
688,723,415,0,67
688,724,415,0,67
690,625,76,0,69
690,626,76,0,69
690,627,76,0,69
690,628,76,0,69
690,629,76,0,69
690,630,76,0,69
690,631,76,0,69
690,632,76,0,69
690,633,76,0,69
690,634,76,0,69
690,635,76,0,69
690,636,76,0,69
690,637,76,0,69
690,638,76,0,69
690,639,76,0,69
690,640,76,0,69
690,641,76,0,69
690,642,76,0,69
690,643,76,0,69
690,644,76,0,69
690,645,76,0,69
690,646,76,0,69
690,647,76,0,69
690,648,76,0,69
690,649,76,0,69
690,650,76,0,69
690,651,76,0,69
690,652,76,0,69
690,653,76,0,69
690,654,76,0,69
690,655,76,0,69
690,656,76,0,69
690,657,76,0,69
690,658,76,0,69
690,659,76,0,69
690,660,76,0,69
690,661,76,0,69
690,662,76,0,69
690,663,76,0,69
690,664,76,0,69
690,665,76,0,69
690,666,76,0,69
690,667,76,0,69
690,668,76,0,69
690,669,76,0,69
690,670,76,0,69
690,671,76,0,69
690,672,76,0,69
690,673,76,0,69
690,674,76,0,69
690,675,76,0,69
690,676,76,0,69
690,677,76,0,69
690,678,76,0,69
690,679,76,0,69
690,680,76,0,69
690,681,76,0,69
690,682,76,0,69
690,683,76,0,69
690,684,76,0,69
690,685,76,0,69
690,686,76,0,69
690,687,76,0,69
690,688,76,0,69
690,689,76,0,69
690,691,76,0,69
690,692,76,0,69
690,693,76,0,69
690,694,76,0,69
690,695,76,0,69
690,696,76,0,69
690,697,76,0,69
690,698,76,0,69
690,699,76,0,69
690,700,76,0,69
690,701,76,0,69
690,702,76,0,69
690,703,76,0,69
690,704,76,0,69
690,705,76,0,69
690,706,76,0,69
690,707,76,0,69
690,708,76,0,69
690,709,76,0,69
690,710,76,0,69
690,711,76,0,69
690,712,76,0,69
690,713,76,0,69
690,714,76,0,69
690,715,76,0,69
690,716,76,0,69
690,717,76,0,69
690,718,76,0,69
690,719,76,0,69
690,720,76,0,69
690,721,76,0,69
690,722,76,0,69
690,723,76,0,69
690,724,76,0,69
693,625,328,0,72
693,626,328,0,72
693,627,328,0,72
693,628,328,0,72
693,629,328,0,72
693,630,328,0,72
693,631,328,0,72
693,632,328,0,72
693,633,328,0,72
693,634,328,0,72
693,635,328,0,72
693,636,328,0,72
693,637,328,0,72
693,638,328,0,72
693,639,328,0,72
693,640,328,0,72
693,641,328,0,72
693,642,328,0,72
693,643,328,0,72
693,644,328,0,72
693,645,328,0,72
693,646,328,0,72
693,647,328,0,72
693,648,328,0,72
693,649,328,0,72
693,650,328,0,72
693,651,328,0,72
693,652,328,0,72
693,653,328,0,72
693,654,328,0,72
693,655,328,0,72
693,656,328,0,72
693,657,328,0,72
693,658,328,0,72
693,659,328,0,72
693,660,328,0,72
693,661,328,0,72
693,662,328,0,72
693,663,328,0,72
693,664,328,0,72
693,665,328,0,72
693,666,328,0,72
693,667,328,0,72
693,668,328,0,72
693,669,328,0,72
693,670,328,0,72
693,671,328,0,72
693,672,328,0,72
693,673,328,0,72
693,674,328,0,72
693,675,328,0,72
693,676,328,0,72
693,677,328,0,72
693,678,328,0,72
693,679,328,0,72
693,680,328,0,72
693,681,328,0,72
693,682,328,0,72
693,683,328,0,72
693,684,328,0,72
693,685,328,0,72
693,686,328,0,72
693,687,328,0,72
693,688,328,0,72
693,689,328,0,72
693,690,328,0,72
693,691,328,0,72
693,692,328,0,72
693,694,328,0,72
693,695,328,0,72
693,696,328,0,72
693,697,328,0,72
693,698,328,0,72
693,699,328,0,72
693,700,328,0,72
693,701,328,0,72
693,702,328,0,72
693,703,328,0,72
693,704,328,0,72
693,705,328,0,72
693,706,328,0,72
693,707,328,0,72
693,708,328,0,72
693,709,328,0,72
693,710,328,0,72
693,711,328,0,72
693,712,328,0,72
693,713,328,0,72
693,714,328,0,72
693,715,328,0,72
693,716,328,0,72
693,717,328,0,72
693,718,328,0,72
693,719,328,0,72
693,720,328,0,72
693,721,328,0,72
693,722,328,0,72
693,723,328,0,72
693,724,328,0,72
696,625,435,0,75
696,626,435,0,75
696,627,435,0,75
696,628,435,0,75
696,629,435,0,75
696,630,435,0,75
696,631,435,0,75
696,632,435,0,75
696,633,435,0,75
696,634,435,0,75
696,635,435,0,75
696,636,435,0,75
696,637,435,0,75
696,638,435,0,75
696,639,435,0,75
696,640,435,0,75
696,641,435,0,75
696,642,435,0,75
696,643,435,0,75
696,644,435,0,75
696,645,435,0,75
696,646,435,0,75
696,647,435,0,75
696,648,435,0,75
696,649,435,0,75
696,650,435,0,75
696,651,435,0,75
696,652,435,0,75
696,653,435,0,75
696,654,435,0,75
696,655,435,0,75
696,656,435,0,75
696,657,435,0,75
696,658,435,0,75
696,659,435,0,75
696,660,435,0,75
696,661,435,0,75
696,662,435,0,75
696,663,435,0,75
696,664,435,0,75
696,665,435,0,75
696,666,435,0,75
696,667,435,0,75
696,668,435,0,75
696,669,435,0,75
696,670,435,0,75
696,671,435,0,75
696,672,435,0,75
696,673,435,0,75
696,674,435,0,75
696,675,435,0,75
696,676,435,0,75
696,677,435,0,75
696,678,435,0,75
696,679,435,0,75
696,680,435,0,75
696,681,435,0,75
696,682,435,0,75
696,683,435,0,75
696,684,435,0,75
696,685,435,0,75
696,686,435,0,75
696,687,435,0,75
696,688,435,0,75
696,689,435,0,75
696,690,435,0,75
696,691,435,0,75
696,692,435,0,75
696,693,435,0,75
696,694,435,0,75
696,695,435,0,75
696,697,435,0,75
696,698,435,0,75
696,699,435,0,75
696,700,435,0,75
696,701,435,0,75
696,702,435,0,75
696,703,435,0,75
696,704,435,0,75
696,705,435,0,75
696,706,435,0,75
696,707,435,0,75
696,708,435,0,75
696,709,435,0,75
696,710,435,0,75
696,711,435,0,75
696,712,435,0,75
696,713,435,0,75
696,714,435,0,75
696,715,435,0,75
696,716,435,0,75
696,717,435,0,75
696,718,435,0,75
696,719,435,0,75
696,720,435,0,75
696,721,435,0,75
696,722,435,0,75
696,723,435,0,75
696,724,435,0,75
701,625,9,0,80
701,626,9,0,80
701,627,9,0,80
701,628,9,0,80
701,629,9,0,80
701,630,9,0,80
701,631,9,0,80
701,632,9,0,80
701,633,9,0,80
701,634,9,0,80
701,635,9,0,80
701,636,9,0,80
701,637,9,0,80
701,638,9,0,80
701,639,9,0,80
701,640,9,0,80
701,641,9,0,80
701,642,9,0,80
701,643,9,0,80
701,644,9,0,80
701,645,9,0,80
701,646,9,0,80
701,647,9,0,80
701,648,9,0,80
701,649,9,0,80
701,650,9,0,80
701,651,9,0,80
701,652,9,0,80
701,653,9,0,80
701,654,9,0,80
701,655,9,0,80
701,656,9,0,80
701,657,9,0,80
701,658,9,0,80
701,659,9,0,80
701,660,9,0,80
701,661,9,0,80
701,662,9,0,80
701,663,9,0,80
701,664,9,0,80
701,665,9,0,80
701,666,9,0,80
701,667,9,0,80
701,668,9,0,80
701,669,9,0,80
701,670,9,0,80
701,671,9,0,80
701,672,9,0,80
701,673,9,0,80
701,674,9,0,80
701,675,9,0,80
701,676,9,0,80
701,677,9,0,80
701,678,9,0,80
701,679,9,0,80
701,680,9,0,80
701,681,9,0,80
701,682,9,0,80
701,683,9,0,80
701,684,9,0,80
701,685,9,0,80
701,686,9,0,80
701,687,9,0,80
701,688,9,0,80
701,689,9,0,80
701,690,9,0,80
701,691,9,0,80
701,692,9,0,80
701,693,9,0,80
701,694,9,0,80
701,695,9,0,80
701,696,9,0,80
701,697,9,0,80
701,698,9,0,80
701,699,9,0,80
701,700,9,0,80
701,702,9,0,80
701,703,9,0,80
701,704,9,0,80
701,705,9,0,80
701,706,9,0,80
701,707,9,0,80
701,708,9,0,80
701,709,9,0,80
701,710,9,0,80
701,711,9,0,80
701,712,9,0,80
701,713,9,0,80
701,714,9,0,80
701,715,9,0,80
701,716,9,0,80
701,717,9,0,80
701,718,9,0,80
701,719,9,0,80
701,720,9,0,80
701,721,9,0,80
701,722,9,0,80
701,723,9,0,80
701,724,9,0,80
708,625,155,0,87
708,626,155,0,87
708,627,155,0,87
708,628,155,0,87
708,629,155,0,87
708,630,155,0,87
708,631,155,0,87
708,632,155,0,87
708,633,155,0,87
708,634,155,0,87
708,635,155,0,87
708,636,155,0,87
708,637,155,0,87
708,638,155,0,87
708,639,155,0,87
708,640,155,0,87
708,641,155,0,87
708,642,155,0,87
708,643,155,0,87
708,644,155,0,87
708,645,155,0,87
708,646,155,0,87
708,647,155,0,87
708,648,155,0,87
708,649,155,0,87
708,650,155,0,87
708,651,155,0,87
708,652,155,0,87
708,653,155,0,87
708,654,155,0,87
708,655,155,0,87
708,656,155,0,87
708,657,155,0,87
708,658,155,0,87
708,659,155,0,87
708,660,155,0,87
708,661,155,0,87
708,662,155,0,87
708,663,155,0,87
708,664,155,0,87
708,665,155,0,87
708,666,155,0,87
708,667,155,0,87
708,668,155,0,87
708,669,155,0,87
708,670,155,0,87
708,671,155,0,87
708,672,155,0,87
708,673,155,0,87
708,674,155,0,87
708,675,155,0,87
708,676,155,0,87
708,677,155,0,87
708,678,155,0,87
708,679,155,0,87
708,680,155,0,87
708,681,155,0,87
708,682,155,0,87
708,683,155,0,87
708,684,155,0,87
708,685,155,0,87
708,686,155,0,87
708,687,155,0,87
708,688,155,0,87
708,689,155,0,87
708,690,155,0,87
708,691,155,0,87
708,692,155,0,87
708,693,155,0,87
708,694,155,0,87
708,695,155,0,87
708,696,155,0,87
708,697,155,0,87
708,698,155,0,87
708,699,155,0,87
708,700,155,0,87
708,701,155,0,87
708,702,155,0,87
708,703,155,0,87
708,704,155,0,87
708,705,155,0,87
708,706,155,0,87
708,707,155,0,87
708,709,155,0,87
708,710,155,0,87
708,711,155,0,87
708,712,155,0,87
708,713,155,0,87
708,714,155,0,87
708,715,155,0,87
708,716,155,0,87
708,717,155,0,87
708,718,155,0,87
708,719,155,0,87
708,720,155,0,87
708,721,155,0,87
708,722,155,0,87
708,723,155,0,87
708,724,155,0,87
718,625,304,0,97
718,626,304,0,97
718,627,304,0,97
718,628,304,0,97
718,629,304,0,97
718,630,304,0,97
718,631,304,0,97
718,632,304,0,97
718,633,304,0,97
718,634,304,0,97
718,635,304,0,97
718,636,304,0,97
718,637,304,0,97
718,638,304,0,97
718,639,304,0,97
718,640,304,0,97
718,641,304,0,97
718,642,304,0,97
718,643,304,0,97
718,644,304,0,97
718,645,304,0,97
718,646,304,0,97
718,647,304,0,97
718,648,304,0,97
718,649,304,0,97
718,650,304,0,97
718,651,304,0,97
718,652,304,0,97
718,653,304,0,97
718,654,304,0,97
718,655,304,0,97
718,656,304,0,97
718,657,304,0,97
718,658,304,0,97
718,659,304,0,97
718,660,304,0,97
718,661,304,0,97
718,662,304,0,97
718,663,304,0,97
718,664,304,0,97
718,665,304,0,97
718,666,304,0,97
718,667,304,0,97
718,668,304,0,97
718,669,304,0,97
718,670,304,0,97
718,671,304,0,97
718,672,304,0,97
718,673,304,0,97
718,674,304,0,97
718,675,304,0,97
718,676,304,0,97
718,677,304,0,97
718,678,304,0,97
718,679,304,0,97
718,680,304,0,97
718,681,304,0,97
718,682,304,0,97
718,683,304,0,97
718,684,304,0,97
718,685,304,0,97
718,686,304,0,97
718,687,304,0,97
718,688,304,0,97
718,689,304,0,97
718,690,304,0,97
718,691,304,0,97
718,692,304,0,97
718,693,304,0,97
718,694,304,0,97
718,695,304,0,97
718,696,304,0,97
718,697,304,0,97
718,698,304,0,97
718,699,304,0,97
718,700,304,0,97
718,701,304,0,97
718,702,304,0,97
718,703,304,0,97
718,704,304,0,97
718,705,304,0,97
718,706,304,0,97
718,707,304,0,97
718,708,304,0,97
718,709,304,0,97
718,710,304,0,97
718,711,304,0,97
718,712,304,0,97
718,713,304,0,97
718,714,304,0,97
718,715,304,0,97
718,716,304,0,97
718,717,304,0,97
718,719,304,0,97
718,720,304,0,97
718,721,304,0,97
718,722,304,0,97
718,723,304,0,97
718,724,304,0,97
