0,632,600,3,2
0,650,24,2,1
0,669,24,2,1
0,700,1,0,0
0,715,24,2,1
0,724,600,3,2
1,650,0,0,0
1,667,0,0,0
1,673,0,0,0
1,715,0,0,0
2,650,1,0,1
4,650,5,1,0
5,650,6,1,0
5,715,6,1,0
6,650,7,1,0
6,660,660,39,0
6,669,7,1,0
6,700,700,79,0
6,715,7,1,0
6,724,606,3,3
7,627,8,1,0
7,632,607,3,3
7,636,32,2,0
7,640,32,2,0
7,650,8,1,0
7,660,6,0,1
7,669,8,1,0
7,679,8,1,0
7,696,607,3,3
7,700,6,0,1
7,715,8,1,0
7,724,607,3,3
8,627,9,1,0
8,632,608,3,3
8,636,33,2,0
8,640,33,2,0
8,650,9,1,0
8,669,9,1,0
8,679,9,1,0
8,696,608,3,3
8,700,7,0,1
8,715,9,1,0
8,724,608,3,3
9,625,609,3,3
9,628,34,2,0
9,629,609,3,3
9,630,609,3,3
9,632,609,3,3
9,633,34,2,0
9,634,609,3,3
9,635,609,3,3
9,636,34,2,0
9,639,609,3,3
9,640,34,2,0
9,641,609,3,3
9,642,609,3,3
9,645,34,2,0
9,648,609,3,3
9,649,34,2,0
9,650,609,3,3
9,654,34,2,0
9,655,34,2,0
9,656,609,3,3
9,658,609,3,3
9,661,34,2,0
9,662,609,3,3
9,666,34,2,0
9,667,609,3,3
9,670,609,3,3
9,674,609,3,3
9,675,34,2,0
9,678,34,2,0
9,679,609,3,3
9,680,609,3,3
9,682,34,2,0
9,684,609,3,3
9,685,34,2,0
9,686,34,2,0
9,687,609,3,3
9,689,609,3,3
9,690,609,3,3
9,691,609,3,3
9,692,34,2,0
9,695,609,3,3
9,696,609,3,3
9,698,34,2,0
9,699,34,2,0
9,700,8,0,1
9,701,34,2,0
9,706,34,2,0
9,707,609,3,3
9,708,609,3,3
9,709,34,2,0
9,711,609,3,3
9,712,34,2,0
9,714,34,2,0
9,715,34,2,0
9,720,34,2,0
9,721,34,2,0
9,722,34,2,0
9,723,34,2,0
9,724,609,3,3
10,626,9,0,1
10,632,9,0,1
10,636,9,0,1
10,637,9,0,1
10,638,9,0,1
10,640,9,0,1
10,643,9,0,1
10,644,9,0,1
10,646,9,0,1
10,647,9,0,1
10,650,610,3,3
10,651,9,0,1
10,652,9,0,1
10,653,9,0,1
10,659,9,0,1
10,663,9,0,1
10,664,9,0,1
10,665,9,0,1
10,667,610,3,3
10,668,9,0,1
10,671,9,0,1
10,672,9,0,1
10,673,11,1,0
10,676,9,0,1
10,677,9,0,1
10,679,610,3,3
10,681,9,0,1
10,683,9,0,1
10,688,9,0,1
10,693,9,0,1
10,694,9,0,1
10,696,9,0,1
10,697,9,0,1
10,700,9,0,1
10,702,9,0,1
10,703,9,0,1
10,704,9,0,1
10,705,9,0,1
10,710,9,0,1
10,713,9,0,1
10,715,35,2,0
10,716,9,0,1
10,717,9,0,1
10,718,9,0,1
10,719,9,0,1
10,724,9,0,1
11,627,611,3,3
11,632,10,0,1
11,636,10,0,1
11,640,10,0,1
11,650,611,3,3
11,667,611,3,3
11,669,36,2,0
11,673,12,1,0
11,679,611,3,3
11,692,10,0,1
11,696,10,0,1
11,700,10,0,1
11,715,36,2,0
11,724,10,0,1
12,627,612,3,3
12,632,11,0,1
12,636,11,0,1
12,640,11,0,1
12,650,612,3,3
12,667,612,3,3
12,669,37,2,0
12,673,13,1,0
12,679,612,3,3
12,685,11,0,1
12,696,11,0,1
12,700,11,0,1
12,715,37,2,0
12,724,11,0,1
13,650,613,3,3
13,667,613,3,3
13,669,38,2,0
13,673,14,1,0
13,700,12,0,1
13,715,38,2,0
13,724,12,0,1
14,650,614,3,3
14,667,614,3,3
14,673,673,52,0
14,715,39,2,0
15,650,615,3,3
17,650,617,3,3
18,650,618,3,3
18,667,618,3,3
18,715,43,2,0
19,632,20,1,0
19,650,619,3,3
19,660,20,1,0
19,667,619,3,3
19,669,44,2,0
19,673,18,0,1
19,700,20,1,0
19,715,44,2,0
19,724,20,1,0
20,627,620,3,3
20,632,21,1,0
20,636,21,1,0
20,640,21,1,0
20,650,620,3,3
20,667,620,3,3
20,669,45,2,0
20,673,19,0,1
20,679,620,3,3
20,685,19,0,1
20,696,21,1,0
20,700,21,1,0
20,715,45,2,0
20,724,21,1,0
21,627,621,3,3
21,632,22,1,0
21,636,22,1,0
21,640,22,1,0
21,650,621,3,3
21,667,621,3,3
21,669,46,2,0
21,673,20,0,1
21,679,621,3,3
21,692,20,0,1
21,696,22,1,0
21,700,22,1,0
21,715,46,2,0
21,724,22,1,0
22,632,622,3,3
22,640,47,2,0
22,650,622,3,3
22,667,622,3,3
22,673,21,0,1
22,679,622,3,3
22,700,23,1,0
22,715,47,2,0
22,724,622,3,3
23,627,22,0,1
23,632,623,3,3
23,636,48,2,0
23,640,48,2,0
23,650,22,0,1
23,669,22,0,1
23,679,22,0,1
23,692,24,1,0
23,696,623,3,3
23,700,24,1,0
23,715,22,0,1
23,724,623,3,3
24,627,23,0,1
24,632,624,3,3
24,636,49,2,0
24,640,49,2,0
24,650,23,0,1
24,669,23,0,1
24,679,23,0,1
24,685,0,1,2
24,696,624,3,3
24,700,0,1,2
24,715,23,0,1
24,724,624,3,3
25,632,0,0,1
25,650,49,3,2
25,660,0,0,1
25,669,49,3,2
25,700,0,0,1
25,715,49,3,2
25,724,0,0,1
26,650,25,1,1
26,667,25,1,1
26,673,25,1,1
26,715,25,1,1
27,650,26,1,2
29,650,30,2,1
30,650,31,2,1
30,715,31,2,1
31,650,32,2,1
31,660,6,0,2
31,669,32,2,1
31,700,6,0,2
31,715,32,2,1
31,724,6,0,2
32,627,33,2,1
32,632,7,0,2
32,636,57,3,0
32,640,57,3,0
32,650,33,2,1
32,669,33,2,1
32,679,33,2,1
32,696,7,0,2
32,700,7,0,2
32,715,33,2,1
32,724,7,0,2
33,627,34,2,1
33,632,8,0,2
33,636,58,3,0
33,640,58,3,0
33,650,34,2,1
33,669,34,2,1
33,679,34,2,1
33,696,8,0,2
33,700,8,0,2
33,715,34,2,1
33,724,8,0,2
34,625,9,0,2
34,628,59,3,0
34,629,59,3,0
34,630,9,0,2
34,632,9,0,2
34,633,59,3,0
34,634,9,0,2
34,635,9,0,2
34,636,59,3,0
34,639,9,0,2
34,640,59,3,0
34,641,9,0,2
34,642,9,0,2
34,648,9,0,2
34,649,59,3,0
34,650,9,0,2
34,655,59,3,0
34,656,9,0,2
34,658,9,0,2
34,662,9,0,2
34,666,59,3,0
34,667,9,0,2
34,670,9,0,2
34,673,9,0,2
34,674,9,0,2
34,675,59,3,0
34,678,59,3,0
34,680,9,0,2
34,684,9,0,2
34,685,59,3,0
34,686,59,3,0
34,687,9,0,2
34,689,9,0,2
34,690,9,0,2
34,691,9,0,2
34,692,59,3,0
34,695,9,0,2
34,696,9,0,2
34,698,59,3,0
34,699,59,3,0
34,700,9,0,2
34,706,59,3,0
34,707,9,0,2
34,708,9,0,2
34,709,59,3,0
34,711,9,0,2
34,712,59,3,0
34,714,59,3,0
34,720,59,3,0
34,721,59,3,0
34,722,59,3,0
34,723,59,3,0
34,724,9,0,2
35,626,34,1,2
35,631,34,1,2
35,632,34,1,2
35,636,34,1,2
35,637,34,1,2
35,638,34,1,2
35,640,34,1,2
35,643,34,1,2
35,644,34,1,2
35,646,34,1,2
35,647,34,1,2
35,650,10,0,2
35,651,34,1,2
35,652,34,1,2
35,653,34,1,2
35,657,34,1,2
35,659,34,1,2
35,660,34,1,2
35,663,34,1,2
35,664,34,1,2
35,665,34,1,2
35,668,34,1,2
35,671,34,1,2
35,672,34,1,2
35,673,10,0,2
35,676,34,1,2
35,677,34,1,2
35,681,34,1,2
35,683,34,1,2
35,688,34,1,2
35,692,60,3,0
35,693,34,1,2
35,694,34,1,2
35,696,34,1,2
35,697,34,1,2
35,700,34,1,2
35,702,34,1,2
35,703,34,1,2
35,704,34,1,2
35,705,34,1,2
35,710,34,1,2
35,713,34,1,2
35,716,34,1,2
35,717,34,1,2
35,718,34,1,2
35,719,34,1,2
35,724,34,1,2
36,627,11,0,2
36,632,35,1,2
36,636,35,1,2
36,640,35,1,2
36,650,11,0,2
36,669,61,3,0
36,673,11,0,2
36,679,11,0,2
36,692,35,1,2
36,696,35,1,2
36,700,35,1,2
36,715,61,3,0
36,724,35,1,2
37,627,12,0,2
37,632,36,1,2
37,636,36,1,2
37,640,36,1,2
37,650,12,0,2
37,669,62,3,0
37,673,12,0,2
37,679,12,0,2
37,685,36,1,2
37,696,36,1,2
37,700,36,1,2
37,715,62,3,0
37,724,36,1,2
38,650,13,0,2
38,669,63,3,0
38,673,13,0,2
38,700,37,1,2
38,715,63,3,0
38,724,37,1,2
39,650,14,0,2
39,667,14,0,2
39,673,14,0,2
39,715,64,3,0
40,650,15,0,2
42,650,17,0,2
43,650,18,0,2
43,667,18,0,2
43,673,18,0,2
43,715,68,3,0
44,632,45,2,1
44,650,19,0,2
44,660,45,2,1
44,669,69,3,0
44,673,19,0,2
44,700,45,2,1
44,715,69,3,0
44,724,45,2,1
45,627,20,0,2
45,632,46,2,1
45,636,46,2,1
45,640,46,2,1
45,650,20,0,2
45,669,70,3,0
45,673,20,0,2
45,679,20,0,2
45,685,44,1,2
45,696,46,2,1
45,700,46,2,1
45,715,70,3,0
45,724,46,2,1
46,627,21,0,2
46,632,47,2,1
46,636,47,2,1
46,640,47,2,1
46,650,21,0,2
46,669,71,3,0
46,673,21,0,2
46,679,21,0,2
46,696,47,2,1
46,700,47,2,1
46,715,71,3,0
46,724,47,2,1
47,632,22,0,2
47,640,72,3,0
47,650,22,0,2
47,673,22,0,2
47,692,72,3,0
47,724,22,0,2
48,627,47,1,2
48,632,23,0,2
48,636,73,3,0
48,640,73,3,0
48,650,47,1,2
48,669,47,1,2
48,679,47,1,2
48,692,49,2,1
48,696,23,0,2
48,700,23,0,2
48,715,47,1,2
48,724,23,0,2
49,627,48,1,2
49,632,24,0,2
49,636,74,3,0
49,640,74,3,0
49,650,48,1,2
49,669,48,1,2
49,679,48,1,2
49,685,25,2,3
49,696,24,0,2
49,700,24,0,2
49,715,48,1,2
49,724,24,0,2
50,632,25,0,2
50,650,74,3,2
50,660,25,0,2
50,669,74,3,2
50,700,25,0,2
50,715,74,3,2
50,724,75,2,0
51,650,50,1,1
51,667,50,1,1
51,673,50,1,1
51,715,50,1,1
52,650,51,1,2
54,650,55,2,1
55,650,56,2,1
55,715,56,2,1
56,650,57,2,1
56,660,31,0,3
56,669,57,2,1
56,700,31,0,3
56,715,57,2,1
56,724,81,3,0
57,627,58,2,1
57,632,32,0,3
57,636,82,3,0
57,640,82,3,0
57,650,58,2,1
57,669,58,2,1
57,679,58,2,1
57,696,32,0,3
57,700,32,0,3
57,715,58,2,1
57,724,82,3,0
58,627,59,2,1
58,632,33,0,3
58,636,83,3,0
58,640,83,3,0
58,650,59,2,1
58,669,59,2,1
58,679,59,2,1
58,696,33,0,3
58,700,33,0,3
58,715,59,2,1
58,724,83,3,0
59,625,34,0,3
59,628,84,3,0
59,629,84,3,0
59,630,34,0,3
59,632,34,0,3
59,633,84,3,0
59,634,34,0,3
59,635,34,0,3
59,636,84,3,0
59,639,34,0,3
59,640,84,3,0
59,641,34,0,3
59,642,34,0,3
59,645,34,0,3
59,648,34,0,3
59,649,84,3,0
59,650,34,0,3
59,654,34,0,3
59,656,34,0,3
59,658,34,0,3
59,661,34,0,3
59,662,34,0,3
59,667,34,0,3
59,670,34,0,3
59,673,34,0,3
59,674,34,0,3
59,678,84,3,0
59,680,84,3,0
59,682,34,0,3
59,684,34,0,3
59,685,84,3,0
59,686,84,3,0
59,687,84,3,0
59,689,34,0,3
59,690,84,3,0
59,691,34,0,3
59,695,34,0,3
59,696,34,0,3
59,698,84,3,0
59,699,84,3,0
59,700,34,0,3
59,701,34,0,3
59,707,84,3,0
59,708,34,0,3
59,709,84,3,0
59,711,34,0,3
59,712,84,3,0
59,714,84,3,0
59,721,84,3,0
59,722,84,3,0
59,723,84,3,0
59,724,84,3,0
60,626,59,1,2
60,631,59,1,2
60,632,59,1,2
60,636,59,1,2
60,637,59,1,2
60,638,59,1,2
60,640,59,1,2
60,643,59,1,2
60,644,59,1,2
60,647,59,1,2
60,650,35,0,3
60,651,59,1,2
60,652,59,1,2
60,653,59,1,2
60,657,59,1,2
60,659,59,1,2
60,660,59,1,2
60,663,59,1,2
60,664,59,1,2
60,665,59,1,2
60,668,59,1,2
60,671,59,1,2
60,672,59,1,2
60,676,59,1,2
60,677,59,1,2
60,681,59,1,2
60,683,59,1,2
60,688,59,1,2
60,692,692,71,0
60,693,59,1,2
60,694,59,1,2
60,696,59,1,2
60,697,59,1,2
60,700,59,1,2
60,702,59,1,2
60,703,59,1,2
60,704,59,1,2
60,705,59,1,2
60,706,706,85,0
60,710,59,1,2
60,713,59,1,2
60,716,59,1,2
60,717,59,1,2
60,718,59,1,2
60,719,59,1,2
60,724,59,1,2
61,627,36,0,3
61,632,60,1,2
61,636,60,1,2
61,640,60,1,2
61,650,36,0,3
61,669,86,3,0
61,679,36,0,3
61,692,60,1,2
61,696,60,1,2
61,700,60,1,2
61,715,86,3,0
61,724,60,1,2
62,627,37,0,3
62,632,61,1,2
62,636,61,1,2
62,640,61,1,2
62,650,37,0,3
62,669,87,3,0
62,679,37,0,3
62,685,61,1,2
62,696,61,1,2
62,700,61,1,2
62,715,87,3,0
62,724,61,1,2
63,650,38,0,3
63,669,88,3,0
63,700,62,1,2
63,715,88,3,0
63,724,62,1,2
64,650,39,0,3
64,667,39,0,3
64,673,39,0,3
64,715,89,3,0
65,650,40,0,3
67,650,42,0,3
68,650,43,0,3
68,667,43,0,3
68,673,43,0,3
68,715,93,3,0
69,632,70,2,1
69,650,44,0,3
69,660,70,2,1
69,669,94,3,0
69,700,70,2,1
69,715,94,3,0
69,724,70,2,1
70,627,45,0,3
70,632,71,2,1
70,636,71,2,1
70,640,71,2,1
70,650,45,0,3
70,669,95,3,0
70,679,45,0,3
70,685,69,1,2
70,696,71,2,1
70,700,71,2,1
70,715,95,3,0
70,724,71,2,1
71,627,46,0,3
71,632,72,2,1
71,636,72,2,1
71,640,72,2,1
71,650,46,0,3
71,669,96,3,0
71,679,46,0,3
71,692,70,1,2
71,696,72,2,1
71,700,72,2,1
71,715,96,3,0
71,724,72,2,1
72,632,47,0,3
72,640,97,3,0
72,650,47,0,3
72,692,71,1,2
72,706,71,1,2
73,627,72,1,2
73,632,48,0,3
73,636,98,3,0
73,640,98,3,0
73,650,72,1,2
73,669,72,1,2
73,679,72,1,2
73,692,74,2,1
73,696,48,0,3
73,700,48,0,3
73,715,72,1,2
73,724,98,3,0
74,627,73,1,2
74,632,49,0,3
74,636,99,3,0
74,640,99,3,0
74,650,73,1,2
74,669,73,1,2
74,679,73,1,2
74,685,50,2,3
74,696,49,0,3
74,700,49,0,3
74,715,73,1,2
74,724,99,3,0
75,632,50,0,2
75,650,99,3,2
75,660,50,0,2
75,669,99,3,2
75,700,50,0,2
75,715,99,3,2
75,724,100,2,0
76,650,75,1,1
76,667,75,1,1
76,673,75,1,1
76,715,75,1,1
77,650,76,1,2
79,650,80,2,1
80,650,81,2,1
80,715,81,2,1
81,650,82,2,1
81,660,56,0,3
81,669,82,2,1
81,700,56,0,3
81,715,82,2,1
81,724,106,3,0
82,627,83,2,1
82,632,57,0,3
82,636,107,3,0
82,640,107,3,0
82,650,83,2,1
82,669,83,2,1
82,679,83,2,1
82,696,57,0,3
82,700,57,0,3
82,715,83,2,1
82,724,107,3,0
83,627,84,2,1
83,632,58,0,3
83,636,108,3,0
83,640,108,3,0
83,650,84,2,1
83,669,84,2,1
83,679,84,2,1
83,696,58,0,3
83,700,58,0,3
83,715,84,2,1
83,724,108,3,0
84,625,109,3,0
84,629,109,3,0
84,630,59,0,3
84,632,59,0,3
84,633,109,3,0
84,634,59,0,3
84,635,59,0,3
84,636,109,3,0
84,639,59,0,3
84,640,109,3,0
84,641,59,0,3
84,642,59,0,3
84,645,59,0,3
84,648,59,0,3
84,649,109,3,0
84,654,59,0,3
84,655,59,0,3
84,656,109,3,0
84,658,109,3,0
84,661,59,0,3
84,662,59,0,3
84,666,59,0,3
84,667,59,0,3
84,669,85,2,1
84,670,59,0,3
84,673,59,0,3
84,674,59,0,3
84,675,59,0,3
84,678,109,3,0
84,680,109,3,0
84,682,59,0,3
84,684,109,3,0
84,685,109,3,0
84,686,109,3,0
84,687,109,3,0
84,689,59,0,3
84,690,109,3,0
84,691,59,0,3
84,692,59,0,3
84,695,59,0,3
84,696,59,0,3
84,698,109,3,0
84,700,59,0,3
84,701,59,0,3
84,706,59,0,3
84,707,109,3,0
84,708,59,0,3
84,709,109,3,0
84,711,59,0,3
84,712,109,3,0
84,714,109,3,0
84,715,85,2,1
84,720,59,0,3
84,721,109,3,0
84,723,109,3,0
84,724,109,3,0
85,626,84,1,2
85,631,84,1,2
85,632,84,1,2
85,636,84,1,2
85,637,84,1,2
85,638,84,1,2
85,640,84,1,2
85,643,84,1,2
85,644,84,1,2
85,646,84,1,2
85,647,84,1,2
85,651,84,1,2
85,652,84,1,2
85,653,84,1,2
85,657,84,1,2
85,659,84,1,2
85,660,84,1,2
85,663,84,1,2
85,664,84,1,2
85,665,84,1,2
85,668,84,1,2
85,669,86,2,1
85,671,84,1,2
85,672,84,1,2
85,676,84,1,2
85,677,84,1,2
85,681,84,1,2
85,683,84,1,2
85,688,84,1,2
85,693,84,1,2
85,694,84,1,2
85,696,84,1,2
85,697,84,1,2
85,700,84,1,2
85,702,84,1,2
85,703,84,1,2
85,704,84,1,2
85,705,84,1,2
85,706,60,0,3
85,710,84,1,2
85,713,84,1,2
85,715,86,2,1
85,716,84,1,2
85,717,84,1,2
85,718,84,1,2
85,719,84,1,2
85,724,84,1,2
86,627,61,0,3
86,632,85,1,2
86,636,85,1,2
86,640,85,1,2
86,650,61,0,3
86,669,87,2,1
86,679,61,0,3
86,692,85,1,2
86,696,85,1,2
86,700,85,1,2
86,715,87,2,1
86,724,85,1,2
87,627,62,0,3
87,632,86,1,2
87,636,86,1,2
87,640,86,1,2
87,650,62,0,3
87,669,88,2,1
87,679,62,0,3
87,685,86,1,2
87,696,86,1,2
87,700,86,1,2
87,715,88,2,1
87,724,86,1,2
88,650,63,0,3
88,669,669,48,0
88,700,87,1,2
88,715,89,2,1
88,724,87,1,2
89,650,64,0,3
89,667,64,0,3
89,673,64,0,3
89,715,715,94,0
90,650,65,0,3
92,650,67,0,3
93,650,68,0,3
93,667,68,0,3
93,673,68,0,3
93,715,92,1,2
94,632,95,2,1
94,650,69,0,3
94,660,95,2,1
94,669,93,1,2
94,700,95,2,1
94,715,93,1,2
94,724,95,2,1
95,627,70,0,3
95,632,96,2,1
95,636,96,2,1
95,640,96,2,1
95,650,70,0,3
95,669,94,1,2
95,679,70,0,3
95,685,94,1,2
95,696,96,2,1
95,700,96,2,1
95,715,94,1,2
95,724,96,2,1
96,627,71,0,3
96,632,97,2,1
96,636,97,2,1
96,640,97,2,1
96,650,71,0,3
96,669,95,1,2
96,679,71,0,3
96,692,95,1,2
96,696,97,2,1
96,700,97,2,1
96,715,95,1,2
96,724,97,2,1
97,632,72,0,3
97,640,122,3,0
97,669,96,1,2
97,706,72,0,3
97,715,96,1,2
98,627,97,1,2
98,632,73,0,3
98,636,123,3,0
98,640,123,3,0
98,650,97,1,2
98,669,97,1,2
98,679,97,1,2
98,692,99,2,1
98,696,73,0,3
98,700,73,0,3
98,715,97,1,2
98,724,123,3,0
99,627,98,1,2
99,632,74,0,3
99,636,124,3,0
99,640,124,3,0
99,650,98,1,2
99,669,98,1,2
99,679,98,1,2
99,685,75,2,3
99,696,74,0,3
99,700,74,0,3
99,715,98,1,2
99,724,124,3,0
100,632,75,0,2
100,650,124,3,2
100,660,75,0,2
100,669,124,3,2
100,700,75,0,2
100,715,124,3,2
100,724,125,2,0
101,650,100,1,1
101,667,100,1,1
101,673,100,1,1
101,715,100,1,1
102,650,101,1,2
104,650,105,2,1
105,650,106,2,1
105,715,106,2,1
106,650,107,2,1
106,660,81,0,3
106,669,107,2,1
106,700,81,0,3
106,715,107,2,1
106,724,131,3,0
107,627,108,2,1
107,632,82,0,3
107,636,132,3,0
107,640,132,3,0
107,650,108,2,1
107,669,108,2,1
107,679,108,2,1
107,696,82,0,3
107,700,82,0,3
107,715,108,2,1
107,724,132,3,0
108,627,109,2,1
108,632,83,0,3
108,636,133,3,0
108,640,133,3,0
108,650,109,2,1
108,669,109,2,1
108,679,109,2,1
108,696,83,0,3
108,700,83,0,3
108,715,109,2,1
108,724,133,3,0
109,625,134,3,0
109,628,84,0,3
109,629,134,3,0
109,630,84,0,3
109,632,84,0,3
109,633,134,3,0
109,634,84,0,3
109,635,84,0,3
109,636,134,3,0
109,639,134,3,0
109,640,134,3,0
109,641,84,0,3
109,642,134,3,0
109,645,84,0,3
109,648,134,3,0
109,649,134,3,0
109,650,134,3,0
109,654,84,0,3
109,655,84,0,3
109,656,134,3,0
109,658,134,3,0
109,661,84,0,3
109,662,84,0,3
109,666,84,0,3
109,667,84,0,3
109,669,84,0,3
109,670,84,0,3
109,673,84,0,3
109,674,84,0,3
109,675,84,0,3
109,680,134,3,0
109,682,84,0,3
109,684,134,3,0
109,685,134,3,0
109,686,134,3,0
109,687,134,3,0
109,689,84,0,3
109,690,134,3,0
109,691,84,0,3
109,692,84,0,3
109,695,84,0,3
109,696,84,0,3
109,698,134,3,0
109,699,84,0,3
109,700,84,0,3
109,701,84,0,3
109,706,84,0,3
109,707,134,3,0
109,708,84,0,3
109,709,134,3,0
109,711,134,3,0
109,714,134,3,0
109,715,84,0,3
109,720,84,0,3
109,722,84,0,3
109,723,134,3,0
109,724,134,3,0
110,626,109,1,2
110,631,109,1,2
110,632,109,1,2
110,636,109,1,2
110,637,109,1,2
110,638,109,1,2
110,640,109,1,2
110,643,109,1,2
110,644,109,1,2
110,646,109,1,2
110,647,109,1,2
110,650,135,3,0
110,651,109,1,2
110,652,109,1,2
110,653,109,1,2
110,657,109,1,2
110,659,109,1,2
110,660,109,1,2
110,663,109,1,2
110,664,109,1,2
110,665,109,1,2
110,668,109,1,2
110,669,85,0,3
110,671,109,1,2
110,672,109,1,2
110,676,109,1,2
110,677,109,1,2
110,681,109,1,2
110,683,109,1,2
110,688,109,1,2
110,693,109,1,2
110,694,109,1,2
110,696,109,1,2
110,697,109,1,2
110,700,109,1,2
110,702,109,1,2
110,703,109,1,2
110,704,109,1,2
110,705,109,1,2
110,710,109,1,2
110,713,109,1,2
110,715,85,0,3
110,716,109,1,2
110,717,109,1,2
110,718,109,1,2
110,719,109,1,2
110,724,109,1,2
111,627,86,0,3
111,632,110,1,2
111,636,110,1,2
111,640,110,1,2
111,650,136,3,0
111,669,86,0,3
111,679,86,0,3
111,692,110,1,2
111,696,110,1,2
111,700,110,1,2
111,715,86,0,3
111,724,110,1,2
112,627,87,0,3
112,632,111,1,2
112,636,111,1,2
112,640,111,1,2
112,650,137,3,0
112,669,87,0,3
112,679,87,0,3
112,685,111,1,2
112,696,111,1,2
112,700,111,1,2
112,715,87,0,3
112,724,111,1,2
113,650,138,3,0
113,669,88,0,3
113,700,112,1,2
113,715,88,0,3
113,724,112,1,2
114,650,139,3,0
114,667,89,0,3
114,673,89,0,3
114,715,89,0,3
115,650,140,3,0
117,650,142,3,0
118,650,143,3,0
118,667,93,0,3
118,673,93,0,3
118,715,93,0,3
119,632,120,2,1
119,650,144,3,0
119,660,120,2,1
119,669,94,0,3
119,700,120,2,1
119,715,94,0,3
119,724,120,2,1
120,627,95,0,3
120,632,121,2,1
120,636,121,2,1
120,640,121,2,1
120,650,145,3,0
120,669,95,0,3
120,679,95,0,3
120,685,119,1,2
120,696,121,2,1
120,700,121,2,1
120,715,95,0,3
120,724,121,2,1
121,627,96,0,3
121,632,122,2,1
121,636,122,2,1
121,640,122,2,1
121,650,146,3,0
121,669,96,0,3
121,679,96,0,3
121,692,120,1,2
121,696,122,2,1
121,700,122,2,1
121,715,96,0,3
121,724,122,2,1
122,636,147,3,0
122,640,147,3,0
122,650,147,3,0
122,669,97,0,3
122,715,97,0,3
123,627,122,1,2
123,632,98,0,3
123,636,148,3,0
123,640,148,3,0
123,650,122,1,2
123,669,122,1,2
123,679,122,1,2
123,692,124,2,1
123,696,98,0,3
123,700,98,0,3
123,715,122,1,2
123,724,148,3,0
124,627,123,1,2
124,632,99,0,3
124,636,149,3,0
124,640,149,3,0
124,650,123,1,2
124,669,123,1,2
124,679,123,1,2
124,685,100,2,3
124,696,99,0,3
124,700,99,0,3
124,715,123,1,2
124,724,149,3,0
125,632,100,0,2
125,650,149,3,2
125,660,100,0,2
125,669,149,3,2
125,700,100,0,2
125,715,149,3,2
125,724,150,2,0
126,650,125,1,1
126,667,125,1,1
126,673,125,1,1
126,715,125,1,1
127,650,126,1,2
129,650,130,2,1
130,650,131,2,1
130,715,131,2,1
131,650,132,2,1
131,660,106,0,3
131,669,132,2,1
131,700,106,0,3
131,715,132,2,1
131,724,156,3,0
132,627,133,2,1
132,632,107,0,3
132,636,157,3,0
132,640,157,3,0
132,650,133,2,1
132,669,133,2,1
132,679,133,2,1
132,696,107,0,3
132,700,107,0,3
132,715,133,2,1
132,724,157,3,0
133,627,134,2,1
133,632,108,0,3
133,636,158,3,0
133,640,158,3,0
133,650,134,2,1
133,669,134,2,1
133,679,134,2,1
133,696,108,0,3
133,700,108,0,3
133,715,134,2,1
133,724,158,3,0
134,625,159,3,0
134,627,159,3,0
134,628,109,0,3
134,629,159,3,0
134,630,109,0,3
134,632,109,0,3
134,633,159,3,0
134,634,109,0,3
134,635,109,0,3
134,636,159,3,0
134,639,159,3,0
134,640,159,3,0
134,641,159,3,0
134,642,159,3,0
134,645,109,0,3
134,648,159,3,0
134,650,159,3,0
134,654,109,0,3
134,655,109,0,3
134,656,159,3,0
134,658,159,3,0
134,661,109,0,3
134,662,159,3,0
134,666,109,0,3
134,667,109,0,3
134,669,109,0,3
134,670,109,0,3
134,673,109,0,3
134,674,109,0,3
134,675,109,0,3
134,678,109,0,3
134,680,159,3,0
134,682,109,0,3
134,684,159,3,0
134,685,159,3,0
134,686,159,3,0
134,687,159,3,0
134,689,109,0,3
134,690,159,3,0
134,691,109,0,3
134,692,109,0,3
134,695,109,0,3
134,696,109,0,3
134,698,159,3,0
134,699,109,0,3
134,700,109,0,3
134,701,109,0,3
134,706,109,0,3
134,707,159,3,0
134,708,109,0,3
134,711,159,3,0
134,712,109,0,3
134,715,109,0,3
134,720,109,0,3
134,721,109,0,3
134,722,109,0,3
134,724,159,3,0
135,626,134,1,2
135,627,160,3,0
135,631,134,1,2
135,632,134,1,2
135,636,134,1,2
135,637,134,1,2
135,638,134,1,2
135,640,134,1,2
135,643,134,1,2
135,644,134,1,2
135,646,134,1,2
135,647,134,1,2
135,650,160,3,0
135,651,134,1,2
135,652,134,1,2
135,653,134,1,2
135,657,134,1,2
135,659,134,1,2
135,660,134,1,2
135,663,134,1,2
135,664,134,1,2
135,665,134,1,2
135,668,134,1,2
135,669,110,0,3
135,671,134,1,2
135,672,134,1,2
135,676,134,1,2
135,677,134,1,2
135,681,134,1,2
135,683,134,1,2
135,693,134,1,2
135,694,134,1,2
135,696,134,1,2
135,697,134,1,2
135,700,134,1,2
135,702,134,1,2
135,704,134,1,2
135,705,134,1,2
135,710,134,1,2
135,713,134,1,2
135,715,110,0,3
135,716,134,1,2
135,717,134,1,2
135,718,134,1,2
135,719,134,1,2
135,724,134,1,2
136,627,161,3,0
136,632,135,1,2
136,636,135,1,2
136,640,135,1,2
136,650,161,3,0
136,669,111,0,3
136,679,111,0,3
136,692,135,1,2
136,696,135,1,2
136,700,135,1,2
136,715,111,0,3
136,724,135,1,2
137,627,162,3,0
137,632,136,1,2
137,636,136,1,2
137,640,136,1,2
137,650,162,3,0
137,669,112,0,3
137,679,112,0,3
137,685,136,1,2
137,696,136,1,2
137,700,136,1,2
137,715,112,0,3
137,724,136,1,2
138,650,163,3,0
138,669,113,0,3
138,700,137,1,2
138,715,113,0,3
138,724,137,1,2
139,650,164,3,0
139,667,114,0,3
139,673,114,0,3
139,715,114,0,3
140,650,165,3,0
142,650,167,3,0
143,650,168,3,0
143,667,118,0,3
143,673,118,0,3
143,715,118,0,3
144,632,145,2,1
144,650,169,3,0
144,660,145,2,1
144,669,119,0,3
144,700,145,2,1
144,715,119,0,3
144,724,145,2,1
145,627,170,3,0
145,632,146,2,1
145,636,146,2,1
145,640,146,2,1
145,650,170,3,0
145,669,120,0,3
145,679,120,0,3
145,685,144,1,2
145,696,146,2,1
145,700,146,2,1
145,715,120,0,3
145,724,146,2,1
146,627,171,3,0
146,632,147,2,1
146,636,147,2,1
146,640,147,2,1
146,650,171,3,0
146,669,121,0,3
146,679,121,0,3
146,692,145,1,2
146,696,147,2,1
146,700,147,2,1
146,715,121,0,3
146,724,147,2,1
147,627,172,3,0
147,636,172,3,0
147,640,172,3,0
147,650,172,3,0
147,669,122,0,3
147,696,122,0,3
147,700,122,0,3
147,715,122,0,3
147,724,172,3,0
148,627,147,1,2
148,632,123,0,3
148,636,173,3,0
148,640,173,3,0
148,650,147,1,2
148,669,147,1,2
148,679,147,1,2
148,692,149,2,1
148,696,123,0,3
148,700,123,0,3
148,715,147,1,2
148,724,173,3,0
149,627,148,1,2
149,632,124,0,3
149,636,174,3,0
149,640,174,3,0
149,650,148,1,2
149,669,148,1,2
149,679,148,1,2
149,685,125,2,3
149,696,124,0,3
149,700,124,0,3
149,715,148,1,2
149,724,174,3,0
150,632,125,0,2
150,650,174,3,2
150,660,125,0,2
150,669,174,3,2
150,700,125,0,2
150,715,174,3,2
150,724,175,2,0
151,650,150,1,1
151,667,150,1,1
151,673,150,1,1
151,715,150,1,1
152,650,151,1,2
154,650,155,2,1
155,650,156,2,1
155,715,156,2,1
156,650,157,2,1
156,660,131,0,3
156,669,157,2,1
156,700,131,0,3
156,715,157,2,1
156,724,181,3,0
157,627,158,2,1
157,632,132,0,3
157,636,182,3,0
157,640,182,3,0
157,650,158,2,1
157,669,158,2,1
157,679,158,2,1
157,696,132,0,3
157,700,132,0,3
157,715,158,2,1
157,724,182,3,0
158,627,159,2,1
158,632,133,0,3
158,636,183,3,0
158,640,183,3,0
158,650,159,2,1
158,669,159,2,1
158,679,159,2,1
158,696,133,0,3
158,700,133,0,3
158,715,159,2,1
158,724,183,3,0
159,625,184,3,0
159,627,184,3,0
159,628,134,0,3
159,629,184,3,0
159,630,134,0,3
159,632,134,0,3
159,634,134,0,3
159,635,134,0,3
159,636,184,3,0
159,639,184,3,0
159,640,184,3,0
159,641,184,3,0
159,642,184,3,0
159,645,134,0,3
159,648,184,3,0
159,649,134,0,3
159,650,184,3,0
159,654,134,0,3
159,655,134,0,3
159,656,184,3,0
159,658,184,3,0
159,661,134,0,3
159,662,184,3,0
159,666,134,0,3
159,667,134,0,3
159,669,134,0,3
159,670,134,0,3
159,673,134,0,3
159,674,134,0,3
159,675,134,0,3
159,678,134,0,3
159,679,184,3,0
159,680,184,3,0
159,682,134,0,3
159,684,184,3,0
159,685,184,3,0
159,686,184,3,0
159,687,184,3,0
159,689,134,0,3
159,690,184,3,0
159,691,134,0,3
159,692,134,0,3
159,695,134,0,3
159,696,134,0,3
159,698,184,3,0
159,699,134,0,3
159,700,134,0,3
159,701,134,0,3
159,706,134,0,3
159,707,184,3,0
159,708,134,0,3
159,709,134,0,3
159,711,184,3,0
159,712,134,0,3
159,714,134,0,3
159,715,134,0,3
159,720,134,0,3
159,721,134,0,3
159,722,134,0,3
159,723,134,0,3
159,724,184,3,0
160,626,159,1,2
160,627,185,3,0
160,631,159,1,2
160,632,159,1,2
160,636,159,1,2
160,637,159,1,2
160,638,159,1,2
160,640,159,1,2
160,643,159,1,2
160,644,159,1,2
160,646,159,1,2
160,647,159,1,2
160,650,185,3,0
160,652,159,1,2
160,653,159,1,2
160,657,159,1,2
160,659,159,1,2
160,660,159,1,2
160,663,159,1,2
160,664,159,1,2
160,665,159,1,2
160,669,135,0,3
160,671,159,1,2
160,672,159,1,2
160,676,159,1,2
160,677,159,1,2
160,679,185,3,0
160,681,159,1,2
160,683,159,1,2
160,688,159,1,2
160,693,159,1,2
160,696,159,1,2
160,697,159,1,2
160,700,159,1,2
160,702,159,1,2
160,703,159,1,2
160,704,159,1,2
160,705,159,1,2
160,710,159,1,2
160,713,159,1,2
160,715,135,0,3
160,716,159,1,2
160,717,159,1,2
160,718,159,1,2
160,719,159,1,2
160,724,159,1,2
161,627,186,3,0
161,632,160,1,2
161,636,160,1,2
161,640,160,1,2
161,650,186,3,0
161,669,136,0,3
161,679,186,3,0
161,692,160,1,2
161,696,160,1,2
161,700,160,1,2
161,715,136,0,3
161,724,160,1,2
162,627,187,3,0
162,632,161,1,2
162,636,161,1,2
162,640,161,1,2
162,650,187,3,0
162,669,137,0,3
162,679,187,3,0
162,685,161,1,2
162,696,161,1,2
162,700,161,1,2
162,715,137,0,3
162,724,161,1,2
163,650,188,3,0
163,669,138,0,3
163,700,162,1,2
163,715,138,0,3
163,724,162,1,2
164,650,189,3,0
164,667,139,0,3
164,673,139,0,3
164,715,139,0,3
165,650,190,3,0
167,650,192,3,0
168,650,193,3,0
168,667,143,0,3
168,673,143,0,3
168,715,143,0,3
169,632,170,2,1
169,650,194,3,0
169,660,170,2,1
169,669,144,0,3
169,700,170,2,1
169,715,144,0,3
169,724,170,2,1
170,627,195,3,0
170,632,171,2,1
170,636,171,2,1
170,640,171,2,1
170,650,195,3,0
170,669,145,0,3
170,679,195,3,0
170,685,169,1,2
170,696,171,2,1
170,700,171,2,1
170,715,145,0,3
170,724,171,2,1
171,627,196,3,0
171,632,172,2,1
171,636,172,2,1
171,640,172,2,1
171,650,196,3,0
171,669,146,0,3
171,679,196,3,0
171,692,170,1,2
171,696,172,2,1
171,700,172,2,1
171,715,146,0,3
171,724,172,2,1
172,627,197,3,0
172,636,197,3,0
172,640,197,3,0
172,650,197,3,0
172,669,147,0,3
172,679,197,3,0
172,696,147,0,3
172,700,147,0,3
172,715,147,0,3
172,724,197,3,0
173,627,172,1,2
173,632,148,0,3
173,636,198,3,0
173,640,198,3,0
173,650,172,1,2
173,669,172,1,2
173,679,172,1,2
173,692,174,2,1
173,696,148,0,3
173,700,148,0,3
173,715,172,1,2
173,724,198,3,0
174,627,173,1,2
174,632,149,0,3
174,636,199,3,0
174,640,199,3,0
174,650,173,1,2
174,669,173,1,2
174,679,173,1,2
174,685,150,2,3
174,696,149,0,3
174,700,149,0,3
174,715,173,1,2
174,724,199,3,0
175,632,150,0,2
175,650,199,3,2
175,660,150,0,2
175,669,199,3,2
175,700,150,0,2
175,715,199,3,2
175,724,200,2,0
176,650,175,1,1
176,667,175,1,1
176,673,175,1,1
176,715,175,1,1
177,650,176,1,2
179,650,180,2,1
180,650,181,2,1
180,715,181,2,1
181,650,182,2,1
181,660,156,0,3
181,669,182,2,1
181,700,156,0,3
181,715,182,2,1
181,724,206,3,0
182,627,183,2,1
182,632,157,0,3
182,636,207,3,0
182,640,640,19,0
182,650,183,2,1
182,669,183,2,1
182,679,183,2,1
182,696,157,0,3
182,700,157,0,3
182,715,183,2,1
182,724,207,3,0
183,627,184,2,1
183,632,158,0,3
183,636,208,3,0
183,640,182,1,2
183,650,184,2,1
183,669,184,2,1
183,679,184,2,1
183,696,158,0,3
183,700,158,0,3
183,715,184,2,1
183,724,208,3,0
184,625,209,3,0
184,627,209,3,0
184,628,159,0,3
184,629,209,3,0
184,630,159,0,3
184,632,159,0,3
184,633,159,0,3
184,634,209,3,0
184,635,159,0,3
184,636,209,3,0
184,639,209,3,0
184,640,183,1,2
184,641,209,3,0
184,642,209,3,0
184,645,159,0,3
184,648,209,3,0
184,649,159,0,3
184,650,209,3,0
184,654,159,0,3
184,655,159,0,3
184,656,209,3,0
184,658,209,3,0
184,661,159,0,3
184,662,209,3,0
184,666,159,0,3
184,667,159,0,3
184,669,159,0,3
184,670,159,0,3
184,673,159,0,3
184,674,159,0,3
184,675,159,0,3
184,678,159,0,3
184,679,209,3,0
184,680,209,3,0
184,682,159,0,3
184,684,209,3,0
184,685,209,3,0
184,686,209,3,0
184,687,209,3,0
184,689,159,0,3
184,690,209,3,0
184,691,159,0,3
184,692,159,0,3
184,695,159,0,3
184,696,159,0,3
184,699,159,0,3
184,700,159,0,3
184,701,159,0,3
184,706,159,0,3
184,707,209,3,0
184,708,159,0,3
184,709,159,0,3
184,711,209,3,0
184,712,159,0,3
184,714,159,0,3
184,715,159,0,3
184,720,159,0,3
184,721,159,0,3
184,722,159,0,3
184,723,159,0,3
184,724,209,3,0
185,626,184,1,2
185,627,210,3,0
185,631,184,1,2
185,632,184,1,2
185,636,184,1,2
185,637,184,1,2
185,638,184,1,2
185,640,184,1,2
185,644,184,1,2
185,646,184,1,2
185,647,184,1,2
185,650,210,3,0
185,651,184,1,2
185,652,184,1,2
185,657,184,1,2
185,659,184,1,2
185,660,184,1,2
185,663,184,1,2
185,665,184,1,2
185,668,184,1,2
185,669,160,0,3
185,671,184,1,2
185,672,184,1,2
185,676,184,1,2
185,677,184,1,2
185,679,210,3,0
185,681,184,1,2
185,683,184,1,2
185,685,210,3,0
185,688,184,1,2
185,693,184,1,2
185,694,184,1,2
185,696,184,1,2
185,697,184,1,2
185,700,184,1,2
185,702,184,1,2
185,703,184,1,2
185,704,184,1,2
185,705,184,1,2
185,710,184,1,2
185,713,184,1,2
185,715,160,0,3
185,716,184,1,2
185,717,184,1,2
185,718,184,1,2
185,719,184,1,2
185,724,184,1,2
186,627,211,3,0
186,632,185,1,2
186,636,185,1,2
186,640,185,1,2
186,650,211,3,0
186,669,161,0,3
186,679,211,3,0
186,685,211,3,0
186,692,185,1,2
186,696,185,1,2
186,700,185,1,2
186,715,161,0,3
186,724,185,1,2
187,627,212,3,0
187,632,186,1,2
187,636,186,1,2
187,640,186,1,2
187,650,212,3,0
187,669,162,0,3
187,679,212,3,0
187,685,186,1,2
187,696,186,1,2
187,700,186,1,2
187,715,162,0,3
187,724,186,1,2
188,650,213,3,0
188,669,163,0,3
188,700,187,1,2
188,715,163,0,3
188,724,187,1,2
189,650,214,3,0
189,667,164,0,3
189,673,164,0,3
189,715,164,0,3
190,650,215,3,0
192,650,217,3,0
193,650,218,3,0
193,667,168,0,3
193,673,168,0,3
193,715,168,0,3
194,632,195,2,1
194,650,219,3,0
194,660,195,2,1
194,669,169,0,3
194,700,195,2,1
194,715,169,0,3
194,724,195,2,1
195,627,220,3,0
195,632,196,2,1
195,636,196,2,1
195,640,196,2,1
195,650,220,3,0
195,669,170,0,3
195,679,220,3,0
195,696,196,2,1
195,700,196,2,1
195,715,170,0,3
195,724,196,2,1
196,627,221,3,0
196,632,197,2,1
196,636,197,2,1
196,640,197,2,1
196,650,221,3,0
196,669,171,0,3
196,679,221,3,0
196,685,221,3,0
196,692,195,1,2
196,696,197,2,1
196,700,197,2,1
196,715,171,0,3
196,724,197,2,1
197,627,222,3,0
197,636,222,3,0
197,640,198,2,1
197,650,222,3,0
197,669,172,0,3
197,679,222,3,0
197,685,222,3,0
197,696,172,0,3
197,700,172,0,3
197,715,172,0,3
197,724,222,3,0
198,627,197,1,2
198,632,173,0,3
198,636,223,3,0
198,640,199,2,1
198,650,197,1,2
198,669,197,1,2
198,679,197,1,2
198,692,199,2,1
198,696,173,0,3
198,700,173,0,3
198,715,197,1,2
198,724,223,3,0
199,627,198,1,2
199,632,174,0,3
199,636,224,3,0
199,640,175,2,3
199,650,198,1,2
199,669,198,1,2
199,679,198,1,2
199,685,175,2,3
199,696,174,0,3
199,700,174,0,3
199,715,198,1,2
199,724,224,3,0
200,632,225,2,0
200,650,224,3,2
200,660,175,0,2
200,669,224,3,2
200,700,175,0,2
200,705,201,1,1
200,715,224,3,2
200,724,225,2,0
201,650,200,1,1
201,667,200,1,1
201,673,200,1,1
201,715,200,1,1
202,650,201,1,2
204,650,205,2,1
205,650,206,2,1
205,715,206,2,1
206,650,207,2,1
206,660,181,0,3
206,669,207,2,1
206,700,181,0,3
206,705,705,84,0
206,715,207,2,1
206,724,231,3,0
207,627,208,2,1
207,632,232,3,0
207,636,232,3,0
207,640,182,0,3
207,650,208,2,1
207,669,208,2,1
207,679,208,2,1
207,696,182,0,3
207,700,182,0,3
207,705,206,1,2
207,715,208,2,1
207,724,232,3,0
208,627,209,2,1
208,632,233,3,0
208,636,233,3,0
208,640,183,0,3
208,650,209,2,1
208,669,209,2,1
208,679,209,2,1
208,696,183,0,3
208,700,183,0,3
208,705,207,1,2
208,715,209,2,1
208,724,233,3,0
209,625,234,3,0
209,627,234,3,0
209,628,184,0,3
209,629,234,3,0
209,630,184,0,3
209,632,234,3,0
209,633,184,0,3
209,634,234,3,0
209,635,184,0,3
209,636,234,3,0
209,639,234,3,0
209,640,184,0,3
209,641,234,3,0
209,642,234,3,0
209,645,184,0,3
209,648,234,3,0
209,649,184,0,3
209,650,234,3,0
209,654,184,0,3
209,655,184,0,3
209,656,234,3,0
209,658,234,3,0
209,661,184,0,3
209,662,234,3,0
209,666,184,0,3
209,667,184,0,3
209,669,184,0,3
209,670,184,0,3
209,673,184,0,3
209,674,184,0,3
209,675,184,0,3
209,678,184,0,3
209,679,234,3,0
209,680,234,3,0
209,682,184,0,3
209,684,234,3,0
209,686,234,3,0
209,687,234,3,0
209,689,184,0,3
209,690,234,3,0
209,691,184,0,3
209,692,184,0,3
209,695,184,0,3
209,696,184,0,3
209,698,184,0,3
209,699,184,0,3
209,700,184,0,3
209,701,184,0,3
209,705,208,1,2
209,706,184,0,3
209,707,234,3,0
209,708,184,0,3
209,709,184,0,3
209,711,234,3,0
209,712,184,0,3
209,714,184,0,3
209,715,184,0,3
209,716,716,95,0
209,720,184,0,3
209,721,184,0,3
209,722,184,0,3
209,723,184,0,3
209,724,234,3,0
210,626,209,1,2
210,627,235,3,0
210,631,209,1,2
210,632,209,1,2
210,636,209,1,2
210,637,209,1,2
210,638,209,1,2
210,640,209,1,2
210,643,209,1,2
210,644,209,1,2
210,646,209,1,2
210,647,209,1,2
210,650,235,3,0
210,651,209,1,2
210,652,209,1,2
210,653,209,1,2
210,657,209,1,2
210,659,209,1,2
210,660,209,1,2
210,663,209,1,2
210,664,209,1,2
210,665,209,1,2
210,668,209,1,2
210,669,185,0,3
210,671,209,1,2
210,676,209,1,2
210,677,209,1,2
210,679,235,3,0
210,681,209,1,2
210,683,209,1,2
210,685,211,2,1
210,688,209,1,2
210,693,209,1,2
210,694,209,1,2
210,696,209,1,2
210,697,209,1,2
210,700,209,1,2
210,702,209,1,2
210,703,209,1,2
210,704,209,1,2
210,705,209,1,2
210,710,209,1,2
210,713,209,1,2
210,715,185,0,3
210,716,209,1,2
210,717,209,1,2
210,718,209,1,2
210,719,209,1,2
210,724,209,1,2
211,627,236,3,0
211,632,210,1,2
211,636,210,1,2
211,640,210,1,2
211,650,236,3,0
211,669,186,0,3
211,679,236,3,0
211,685,685,64,0
211,692,210,1,2
211,696,210,1,2
211,700,210,1,2
211,715,186,0,3
211,724,210,1,2
212,627,237,3,0
212,632,211,1,2
212,636,211,1,2
212,640,211,1,2
212,650,237,3,0
212,669,187,0,3
212,679,237,3,0
212,685,211,1,2
212,696,211,1,2
212,700,211,1,2
212,715,187,0,3
212,724,211,1,2
213,650,238,3,0
213,669,188,0,3
213,700,212,1,2
213,715,188,0,3
213,724,212,1,2
214,650,239,3,0
214,667,189,0,3
214,673,189,0,3
214,715,189,0,3
215,650,240,3,0
217,650,242,3,0
218,650,243,3,0
218,667,193,0,3
218,673,193,0,3
218,715,193,0,3
219,632,220,2,1
219,650,244,3,0
219,660,220,2,1
219,669,194,0,3
219,700,220,2,1
219,715,194,0,3
219,724,220,2,1
220,627,245,3,0
220,632,221,2,1
220,636,221,2,1
220,640,221,2,1
220,650,245,3,0
220,669,195,0,3
220,679,245,3,0
220,685,219,1,2
220,696,221,2,1
220,700,221,2,1
220,715,195,0,3
220,724,221,2,1
221,627,246,3,0
221,632,222,2,1
221,636,222,2,1
221,640,222,2,1
221,650,246,3,0
221,669,196,0,3
221,679,246,3,0
221,685,220,1,2
221,692,220,1,2
221,696,222,2,1
221,700,222,2,1
221,715,196,0,3
221,724,222,2,1
222,627,247,3,0
222,632,247,3,0
222,636,247,3,0
222,650,247,3,0
222,669,197,0,3
222,679,247,3,0
222,685,221,1,2
222,696,197,0,3
222,700,197,0,3
222,705,223,2,1
222,715,197,0,3
222,716,223,2,1
222,724,247,3,0
223,627,222,1,2
223,632,248,3,0
223,636,248,3,0
223,640,198,0,3
223,650,222,1,2
223,669,222,1,2
223,679,222,1,2
223,692,224,2,1
223,696,198,0,3
223,700,198,0,3
223,705,224,2,1
223,715,222,1,2
223,724,248,3,0
224,627,223,1,2
224,632,249,3,0
224,636,249,3,0
224,640,199,0,3
224,650,223,1,2
224,669,223,1,2
224,679,223,1,2
224,685,200,2,3
224,696,199,0,3
224,700,199,0,3
224,705,200,2,3
224,715,223,1,2
224,724,249,3,0
225,632,250,2,0
225,650,249,3,2
225,660,200,0,2
225,669,249,3,2
225,700,200,0,2
225,705,200,0,2
225,715,249,3,2
225,724,250,2,0
226,650,225,1,1
226,667,225,1,1
226,673,225,1,1
226,715,225,1,1
227,650,226,1,2
229,650,230,2,1
230,650,231,2,1
230,715,231,2,1
231,650,232,2,1
231,660,206,0,3
231,669,232,2,1
231,700,206,0,3
231,705,206,0,3
231,715,232,2,1
231,724,256,3,0
232,627,233,2,1
232,632,257,3,0
232,636,257,3,0
232,640,207,0,3
232,650,233,2,1
232,669,233,2,1
232,679,233,2,1
232,696,207,0,3
232,700,207,0,3
232,705,207,0,3
232,715,233,2,1
232,724,257,3,0
233,627,234,2,1
233,632,258,3,0
233,636,258,3,0
233,640,208,0,3
233,650,234,2,1
233,669,234,2,1
233,679,234,2,1
233,696,208,0,3
233,700,208,0,3
233,705,208,0,3
233,715,234,2,1
233,724,258,3,0
234,625,259,3,0
234,627,259,3,0
234,628,209,0,3
234,629,259,3,0
234,630,259,3,0
234,632,259,3,0
234,633,209,0,3
234,634,259,3,0
234,635,259,3,0
234,636,259,3,0
234,639,259,3,0
234,640,209,0,3
234,641,259,3,0
234,642,259,3,0
234,645,209,0,3
234,648,259,3,0
234,649,209,0,3
234,650,259,3,0
234,654,209,0,3
234,655,209,0,3
234,656,259,3,0
234,658,259,3,0
234,661,209,0,3
234,662,259,3,0
234,666,209,0,3
234,667,209,0,3
234,669,209,0,3
234,670,209,0,3
234,673,209,0,3
234,674,209,0,3
234,675,209,0,3
234,678,209,0,3
234,679,259,3,0
234,680,259,3,0
234,682,209,0,3
234,684,259,3,0
234,685,209,0,3
234,686,259,3,0
234,687,259,3,0
234,689,209,0,3
234,690,259,3,0
234,691,259,3,0
234,692,209,0,3
234,695,209,0,3
234,696,209,0,3
234,698,209,0,3
234,699,209,0,3
234,700,209,0,3
234,701,209,0,3
234,705,209,0,3
234,706,209,0,3
234,707,259,3,0
234,708,209,0,3
234,709,209,0,3
234,711,259,3,0
234,712,209,0,3
234,714,209,0,3
234,715,209,0,3
234,716,209,0,3
234,720,209,0,3
234,721,209,0,3
234,722,209,0,3
234,723,209,0,3
234,724,259,3,0
235,626,234,1,2
235,627,260,3,0
235,631,234,1,2
235,632,234,1,2
235,636,234,1,2
235,637,234,1,2
235,638,234,1,2
235,640,234,1,2
235,643,234,1,2
235,644,234,1,2
235,646,234,1,2
235,647,234,1,2
235,650,260,3,0
235,651,234,1,2
235,652,234,1,2
235,653,234,1,2
235,657,234,1,2
235,659,234,1,2
235,660,234,1,2
235,663,234,1,2
235,664,234,1,2
235,665,234,1,2
235,668,234,1,2
235,669,210,0,3
235,671,234,1,2
235,672,234,1,2
235,676,234,1,2
235,677,234,1,2
235,679,260,3,0
235,681,234,1,2
235,683,234,1,2
235,688,234,1,2
235,693,234,1,2
235,694,234,1,2
235,696,234,1,2
235,697,234,1,2
235,700,234,1,2
235,703,234,1,2
235,704,234,1,2
235,710,234,1,2
235,713,234,1,2
235,715,210,0,3
235,717,234,1,2
235,718,234,1,2
235,719,234,1,2
235,724,234,1,2
236,627,261,3,0
236,632,235,1,2
236,636,235,1,2
236,640,235,1,2
236,650,261,3,0
236,669,211,0,3
236,679,261,3,0
236,692,235,1,2
236,696,235,1,2
236,700,235,1,2
236,715,211,0,3
236,724,235,1,2
237,627,262,3,0
237,632,236,1,2
237,636,236,1,2
237,640,236,1,2
237,650,262,3,0
237,669,212,0,3
237,679,262,3,0
237,685,236,1,2
237,696,236,1,2
237,700,236,1,2
237,715,212,0,3
237,724,236,1,2
238,650,263,3,0
238,669,213,0,3
238,700,237,1,2
238,715,213,0,3
238,724,237,1,2
239,650,264,3,0
239,667,214,0,3
239,673,214,0,3
239,715,214,0,3
240,650,265,3,0
242,650,267,3,0
243,650,268,3,0
243,667,218,0,3
243,673,218,0,3
243,715,218,0,3
244,632,245,2,1
244,650,269,3,0
244,660,245,2,1
244,669,219,0,3
244,700,245,2,1
244,715,219,0,3
244,724,245,2,1
245,627,270,3,0
245,632,246,2,1
245,636,246,2,1
245,640,246,2,1
245,650,270,3,0
245,669,220,0,3
245,679,270,3,0
245,685,244,1,2
245,696,246,2,1
245,700,246,2,1
245,715,220,0,3
245,724,246,2,1
246,627,271,3,0
246,632,247,2,1
246,636,247,2,1
246,640,247,2,1
246,650,271,3,0
246,669,221,0,3
246,679,271,3,0
246,692,245,1,2
246,696,247,2,1
246,700,247,2,1
246,715,221,0,3
246,724,247,2,1
247,627,272,3,0
247,632,272,3,0
247,636,272,3,0
247,650,272,3,0
247,669,222,0,3
247,679,272,3,0
247,696,222,0,3
247,700,222,0,3
247,705,222,0,3
247,715,222,0,3
247,716,222,0,3
247,724,272,3,0
248,627,247,1,2
248,632,273,3,0
248,636,273,3,0
248,640,223,0,3
248,650,247,1,2
248,669,247,1,2
248,679,247,1,2
248,692,249,2,1
248,696,223,0,3
248,700,223,0,3
248,705,223,0,3
248,715,247,1,2
248,724,273,3,0
249,627,248,1,2
249,632,274,3,0
249,636,274,3,0
249,640,224,0,3
249,650,248,1,2
249,669,248,1,2
249,679,248,1,2
249,685,225,2,3
249,696,224,0,3
249,700,224,0,3
249,705,224,0,3
249,715,248,1,2
249,724,274,3,0
250,632,275,2,0
250,650,274,3,2
250,660,225,0,2
250,669,274,3,2
250,700,225,0,2
250,715,274,3,2
250,724,275,2,0
251,650,250,1,1
251,667,250,1,1
251,673,250,1,1
251,715,250,1,1
252,650,251,1,2
254,650,255,2,1
255,650,256,2,1
255,715,256,2,1
256,650,257,2,1
256,660,231,0,3
256,669,257,2,1
256,700,231,0,3
256,715,257,2,1
256,724,281,3,0
257,627,258,2,1
257,632,282,3,0
257,636,282,3,0
257,640,232,0,3
257,650,258,2,1
257,669,258,2,1
257,679,258,2,1
257,696,232,0,3
257,700,232,0,3
257,715,258,2,1
257,724,282,3,0
258,627,259,2,1
258,632,283,3,0
258,636,283,3,0
258,640,233,0,3
258,650,259,2,1
258,669,259,2,1
258,679,259,2,1
258,696,233,0,3
258,700,233,0,3
258,715,259,2,1
258,724,283,3,0
259,625,284,3,0
259,627,284,3,0
259,628,234,0,3
259,629,284,3,0
259,630,284,3,0
259,632,284,3,0
259,633,234,0,3
259,634,284,3,0
259,635,284,3,0
259,636,284,3,0
259,639,284,3,0
259,640,234,0,3
259,641,284,3,0
259,642,284,3,0
259,645,234,0,3
259,648,284,3,0
259,649,234,0,3
259,650,284,3,0
259,654,234,0,3
259,655,234,0,3
259,656,284,3,0
259,658,284,3,0
259,661,234,0,3
259,662,284,3,0
259,666,234,0,3
259,667,234,0,3
259,669,234,0,3
259,670,284,3,0
259,673,234,0,3
259,674,234,0,3
259,675,234,0,3
259,678,234,0,3
259,679,284,3,0
259,680,284,3,0
259,682,234,0,3
259,684,284,3,0
259,685,234,0,3
259,686,284,3,0
259,687,284,3,0
259,689,234,0,3
259,690,284,3,0
259,691,284,3,0
259,692,234,0,3
259,695,234,0,3
259,696,234,0,3
259,698,234,0,3
259,699,234,0,3
259,700,234,0,3
259,701,234,0,3
259,706,234,0,3
259,707,284,3,0
259,708,234,0,3
259,709,234,0,3
259,711,284,3,0
259,712,234,0,3
259,714,234,0,3
259,715,234,0,3
259,720,234,0,3
259,721,234,0,3
259,722,234,0,3
259,723,234,0,3
259,724,284,3,0
260,626,259,1,2
260,627,285,3,0
260,631,259,1,2
260,632,259,1,2
260,636,259,1,2
260,637,259,1,2
260,638,259,1,2
260,640,259,1,2
260,643,259,1,2
260,644,259,1,2
260,646,259,1,2
260,647,259,1,2
260,650,285,3,0
260,651,259,1,2
260,652,259,1,2
260,653,259,1,2
260,657,259,1,2
260,659,259,1,2
260,660,259,1,2
260,663,259,1,2
260,664,259,1,2
260,665,259,1,2
260,668,259,1,2
260,669,235,0,3
260,672,259,1,2
260,676,259,1,2
260,677,259,1,2
260,679,285,3,0
260,681,259,1,2
260,683,259,1,2
260,688,259,1,2
260,693,259,1,2
260,694,259,1,2
260,696,259,1,2
260,697,259,1,2
260,700,259,1,2
260,702,259,1,2
260,703,259,1,2
260,704,259,1,2
260,705,259,1,2
260,710,259,1,2
260,713,259,1,2
260,715,235,0,3
260,716,259,1,2
260,718,259,1,2
260,724,259,1,2
261,627,286,3,0
261,632,260,1,2
261,636,260,1,2
261,640,260,1,2
261,650,286,3,0
261,669,236,0,3
261,679,286,3,0
261,692,260,1,2
261,696,260,1,2
261,700,260,1,2
261,715,236,0,3
261,724,260,1,2
262,627,287,3,0
262,632,261,1,2
262,636,261,1,2
262,640,261,1,2
262,650,287,3,0
262,669,237,0,3
262,679,287,3,0
262,685,261,1,2
262,696,261,1,2
262,700,261,1,2
262,715,237,0,3
262,724,261,1,2
263,650,288,3,0
263,669,238,0,3
263,700,262,1,2
263,715,238,0,3
263,724,262,1,2
264,650,289,3,0
264,667,239,0,3
264,673,239,0,3
264,715,239,0,3
265,650,290,3,0
267,650,292,3,0
268,650,293,3,0
268,667,243,0,3
268,673,243,0,3
268,715,243,0,3
269,632,270,2,1
269,650,294,3,0
269,660,270,2,1
269,669,244,0,3
269,700,270,2,1
269,715,244,0,3
269,724,270,2,1
270,627,295,3,0
270,632,271,2,1
270,636,271,2,1
270,640,271,2,1
270,650,295,3,0
270,669,245,0,3
270,679,295,3,0
270,685,269,1,2
270,696,271,2,1
270,700,271,2,1
270,715,245,0,3
270,724,271,2,1
271,627,296,3,0
271,632,272,2,1
271,636,272,2,1
271,640,272,2,1
271,650,296,3,0
271,669,246,0,3
271,679,296,3,0
271,692,270,1,2
271,696,272,2,1
271,700,272,2,1
271,715,246,0,3
271,724,272,2,1
272,627,297,3,0
272,632,297,3,0
272,636,297,3,0
272,650,297,3,0
272,669,247,0,3
272,679,297,3,0
272,696,247,0,3
272,700,247,0,3
272,715,247,0,3
272,724,297,3,0
273,627,272,1,2
273,632,298,3,0
273,636,298,3,0
273,640,248,0,3
273,650,272,1,2
273,669,272,1,2
273,679,272,1,2
273,692,274,2,1
273,696,248,0,3
273,700,248,0,3
273,715,272,1,2
273,724,298,3,0
274,627,273,1,2
274,632,299,3,0
274,636,299,3,0
274,640,249,0,3
274,650,273,1,2
274,669,273,1,2
274,679,273,1,2
274,685,250,2,3
274,696,249,0,3
274,700,249,0,3
274,715,273,1,2
274,724,299,3,0
275,632,300,2,0
275,650,299,3,2
275,660,250,0,2
275,669,299,3,2
275,700,250,0,2
275,715,299,3,2
275,724,300,2,0
276,650,275,1,1
276,667,275,1,1
276,673,275,1,1
276,715,275,1,1
277,650,276,1,2
279,650,280,2,1
280,650,281,2,1
280,715,281,2,1
281,650,282,2,1
281,660,256,0,3
281,669,282,2,1
281,700,256,0,3
281,715,282,2,1
281,724,306,3,0
282,627,283,2,1
282,632,307,3,0
282,636,636,15,0
282,640,257,0,3
282,650,283,2,1
282,669,283,2,1
282,679,283,2,1
282,696,257,0,3
282,700,257,0,3
282,715,283,2,1
282,724,307,3,0
283,627,284,2,1
283,632,308,3,0
283,636,282,1,2
283,640,258,0,3
283,650,284,2,1
283,669,284,2,1
283,679,284,2,1
283,696,258,0,3
283,700,258,0,3
283,715,284,2,1
283,724,308,3,0
284,625,309,3,0
284,627,309,3,0
284,628,259,0,3
284,629,309,3,0
284,630,309,3,0
284,632,309,3,0
284,633,259,0,3
284,634,309,3,0
284,635,309,3,0
284,636,283,1,2
284,639,309,3,0
284,640,259,0,3
284,641,309,3,0
284,642,309,3,0
284,645,259,0,3
284,648,309,3,0
284,649,259,0,3
284,650,309,3,0
284,654,259,0,3
284,655,259,0,3
284,656,309,3,0
284,658,309,3,0
284,661,259,0,3
284,662,309,3,0
284,666,259,0,3
284,667,259,0,3
284,669,259,0,3
284,670,309,3,0
284,673,259,0,3
284,674,309,3,0
284,675,259,0,3
284,678,259,0,3
284,679,309,3,0
284,680,309,3,0
284,682,259,0,3
284,684,309,3,0
284,685,259,0,3
284,687,309,3,0
284,689,309,3,0
284,690,309,3,0
284,691,309,3,0
284,692,259,0,3
284,695,309,3,0
284,696,259,0,3
284,698,259,0,3
284,699,259,0,3
284,700,259,0,3
284,701,259,0,3
284,706,259,0,3
284,707,309,3,0
284,708,259,0,3
284,709,259,0,3
284,711,309,3,0
284,712,259,0,3
284,714,259,0,3
284,715,259,0,3
284,720,259,0,3
284,721,259,0,3
284,722,259,0,3
284,723,259,0,3
284,724,309,3,0
285,626,284,1,2
285,627,310,3,0
285,631,284,1,2
285,632,284,1,2
285,636,284,1,2
285,637,284,1,2
285,638,284,1,2
285,640,284,1,2
285,643,284,1,2
285,644,284,1,2
285,646,284,1,2
285,650,310,3,0
285,651,284,1,2
285,652,284,1,2
285,653,284,1,2
285,657,284,1,2
285,659,284,1,2
285,660,284,1,2
285,663,284,1,2
285,664,284,1,2
285,665,284,1,2
285,668,284,1,2
285,669,260,0,3
285,671,284,1,2
285,672,284,1,2
285,677,284,1,2
285,679,310,3,0
285,683,284,1,2
285,688,284,1,2
285,693,284,1,2
285,694,284,1,2
285,696,284,1,2
285,697,284,1,2
285,700,284,1,2
285,702,284,1,2
285,703,284,1,2
285,704,284,1,2
285,705,284,1,2
285,710,284,1,2
285,715,260,0,3
285,716,284,1,2
285,717,284,1,2
285,718,284,1,2
285,719,284,1,2
285,724,284,1,2
286,627,311,3,0
286,632,285,1,2
286,636,285,1,2
286,640,285,1,2
286,650,311,3,0
286,669,261,0,3
286,679,311,3,0
286,692,285,1,2
286,696,285,1,2
286,700,285,1,2
286,715,261,0,3
286,724,285,1,2
287,627,312,3,0
287,632,286,1,2
287,636,286,1,2
287,640,286,1,2
287,650,312,3,0
287,669,262,0,3
287,679,312,3,0
287,685,286,1,2
287,696,286,1,2
287,700,286,1,2
287,715,262,0,3
287,724,286,1,2
288,650,313,3,0
288,669,263,0,3
288,700,287,1,2
288,715,263,0,3
288,724,287,1,2
289,650,314,3,0
289,667,264,0,3
289,673,264,0,3
289,715,264,0,3
290,650,315,3,0
292,650,317,3,0
293,650,318,3,0
293,667,268,0,3
293,673,268,0,3
293,715,268,0,3
294,632,295,2,1
294,650,319,3,0
294,660,295,2,1
294,669,269,0,3
294,700,295,2,1
294,715,269,0,3
294,724,295,2,1
295,627,320,3,0
295,632,296,2,1
295,636,296,2,1
295,640,296,2,1
295,650,320,3,0
295,669,270,0,3
295,679,320,3,0
295,685,294,1,2
295,696,296,2,1
295,700,296,2,1
295,715,270,0,3
295,724,296,2,1
296,627,321,3,0
296,632,297,2,1
296,636,297,2,1
296,640,297,2,1
296,650,321,3,0
296,669,271,0,3
296,679,321,3,0
296,692,295,1,2
296,696,297,2,1
296,700,297,2,1
296,715,271,0,3
296,724,297,2,1
297,627,322,3,0
297,632,322,3,0
297,636,298,2,1
297,650,322,3,0
297,669,272,0,3
297,679,322,3,0
297,696,272,0,3
297,700,272,0,3
297,715,272,0,3
297,724,322,3,0
298,627,297,1,2
298,632,323,3,0
298,636,299,2,1
298,640,273,0,3
298,650,297,1,2
298,669,297,1,2
298,679,297,1,2
298,692,299,2,1
298,696,273,0,3
298,700,273,0,3
298,715,297,1,2
298,724,323,3,0
299,627,298,1,2
299,632,324,3,0
299,636,275,2,3
299,640,274,0,3
299,650,298,1,2
299,669,298,1,2
299,679,298,1,2
299,685,275,2,3
299,696,274,0,3
299,700,274,0,3
299,715,298,1,2
299,724,324,3,0
300,632,325,2,0
300,650,324,3,2
300,660,275,0,2
300,669,324,3,2
300,700,275,0,2
300,715,324,3,2
300,724,325,2,0
301,650,300,1,1
301,667,300,1,1
301,673,300,1,1
301,715,300,1,1
302,650,301,1,2
304,650,305,2,1
305,650,306,2,1
305,715,306,2,1
306,650,307,2,1
306,660,281,0,3
306,669,307,2,1
306,700,281,0,3
306,715,307,2,1
306,724,331,3,0
307,627,308,2,1
307,632,332,3,0
307,636,282,0,3
307,640,282,0,3
307,650,308,2,1
307,669,308,2,1
307,679,308,2,1
307,696,332,3,0
307,700,282,0,3
307,715,308,2,1
307,724,332,3,0
308,627,309,2,1
308,632,333,3,0
308,636,283,0,3
308,640,283,0,3
308,650,309,2,1
308,669,309,2,1
308,679,309,2,1
308,696,333,3,0
308,700,283,0,3
308,715,309,2,1
308,724,333,3,0
309,625,334,3,0
309,628,284,0,3
309,629,334,3,0
309,630,334,3,0
309,632,334,3,0
309,633,284,0,3
309,634,334,3,0
309,635,334,3,0
309,636,284,0,3
309,639,334,3,0
309,640,284,0,3
309,641,334,3,0
309,642,334,3,0
309,645,284,0,3
309,648,334,3,0
309,649,284,0,3
309,650,334,3,0
309,654,284,0,3
309,655,284,0,3
309,656,334,3,0
309,658,334,3,0
309,661,284,0,3
309,662,334,3,0
309,666,284,0,3
309,667,334,3,0
309,669,284,0,3
309,670,334,3,0
309,673,284,0,3
309,674,334,3,0
309,675,284,0,3
309,678,284,0,3
309,679,334,3,0
309,680,334,3,0
309,682,284,0,3
309,684,334,3,0
309,685,284,0,3
309,686,284,0,3
309,687,334,3,0
309,689,334,3,0
309,690,334,3,0
309,691,334,3,0
309,692,284,0,3
309,695,334,3,0
309,696,334,3,0
309,698,284,0,3
309,699,284,0,3
309,700,284,0,3
309,701,284,0,3
309,706,284,0,3
309,707,334,3,0
309,708,334,3,0
309,709,284,0,3
309,711,334,3,0
309,712,284,0,3
309,714,284,0,3
309,715,284,0,3
309,720,284,0,3
309,721,284,0,3
309,722,284,0,3
309,723,284,0,3
309,724,334,3,0
310,626,309,1,2
310,631,309,1,2
310,632,309,1,2
310,636,309,1,2
310,637,309,1,2
310,638,309,1,2
310,640,309,1,2
310,643,309,1,2
310,644,309,1,2
310,646,309,1,2
310,647,309,1,2
310,650,335,3,0
310,651,309,1,2
310,652,309,1,2
310,653,309,1,2
310,657,309,1,2
310,659,309,1,2
310,660,309,1,2
310,663,309,1,2
310,664,309,1,2
310,665,309,1,2
310,667,335,3,0
310,668,309,1,2
310,669,285,0,3
310,671,309,1,2
310,672,309,1,2
310,676,309,1,2
310,677,309,1,2
310,679,335,3,0
310,681,309,1,2
310,683,309,1,2
310,688,309,1,2
310,694,309,1,2
310,696,309,1,2
310,697,309,1,2
310,700,309,1,2
310,702,309,1,2
310,703,309,1,2
310,704,309,1,2
310,705,309,1,2
310,710,309,1,2
310,713,309,1,2
310,715,285,0,3
310,716,309,1,2
310,717,309,1,2
310,719,309,1,2
310,724,309,1,2
311,627,336,3,0
311,632,310,1,2
311,636,310,1,2
311,640,310,1,2
311,650,336,3,0
311,667,336,3,0
311,669,286,0,3
311,679,336,3,0
311,692,310,1,2
311,696,310,1,2
311,700,310,1,2
311,715,286,0,3
311,724,310,1,2
312,627,337,3,0
312,632,311,1,2
312,636,311,1,2
312,640,311,1,2
312,650,337,3,0
312,667,337,3,0
312,669,287,0,3
312,679,337,3,0
312,685,311,1,2
312,696,311,1,2
312,700,311,1,2
312,715,287,0,3
312,724,311,1,2
313,650,338,3,0
313,667,338,3,0
313,669,288,0,3
313,700,312,1,2
313,715,288,0,3
313,724,312,1,2
314,650,339,3,0
314,667,339,3,0
314,673,289,0,3
314,715,289,0,3
315,650,340,3,0
317,650,342,3,0
318,650,343,3,0
318,667,343,3,0
318,673,293,0,3
318,715,293,0,3
319,632,320,2,1
319,650,344,3,0
319,660,320,2,1
319,667,344,3,0
319,669,294,0,3
319,700,320,2,1
319,715,294,0,3
319,724,320,2,1
320,627,345,3,0
320,632,321,2,1
320,636,321,2,1
320,640,321,2,1
320,650,345,3,0
320,667,345,3,0
320,669,295,0,3
320,679,345,3,0
320,685,319,1,2
320,696,321,2,1
320,700,321,2,1
320,715,295,0,3
320,724,321,2,1
321,627,346,3,0
321,632,322,2,1
321,636,322,2,1
321,640,322,2,1
321,650,346,3,0
321,667,346,3,0
321,669,296,0,3
321,679,346,3,0
321,692,320,1,2
321,696,322,2,1
321,700,322,2,1
321,715,296,0,3
321,724,322,2,1
322,632,347,3,0
322,650,347,3,0
322,667,347,3,0
322,669,297,0,3
322,679,347,3,0
322,700,297,0,3
322,715,297,0,3
322,724,347,3,0
323,627,322,1,2
323,632,348,3,0
323,636,298,0,3
323,640,298,0,3
323,650,322,1,2
323,669,322,1,2
323,679,322,1,2
323,692,324,2,1
323,696,348,3,0
323,700,298,0,3
323,715,322,1,2
323,724,348,3,0
324,627,323,1,2
324,632,349,3,0
324,636,299,0,3
324,640,299,0,3
324,650,323,1,2
324,669,323,1,2
324,679,323,1,2
324,685,300,2,3
324,696,349,3,0
324,700,299,0,3
324,715,323,1,2
324,724,349,3,0
325,632,350,2,0
325,650,349,3,2
325,660,350,2,0
325,669,349,3,2
325,700,350,2,0
325,715,349,3,2
325,724,350,2,0
326,650,325,1,1
326,667,325,1,1
326,673,325,1,1
326,715,325,1,1
327,650,326,1,2
329,650,330,2,1
330,650,331,2,1
330,715,331,2,1
331,650,332,2,1
331,660,356,3,0
331,669,332,2,1
331,700,356,3,0
331,715,332,2,1
331,724,356,3,0
332,627,333,2,1
332,632,357,3,0
332,636,307,0,3
332,640,307,0,3
332,650,333,2,1
332,669,333,2,1
332,679,333,2,1
332,696,357,3,0
332,700,357,3,0
332,715,333,2,1
332,724,357,3,0
333,627,334,2,1
333,632,358,3,0
333,636,308,0,3
333,640,308,0,3
333,650,334,2,1
333,669,334,2,1
333,679,334,2,1
333,696,358,3,0
333,700,358,3,0
333,715,334,2,1
333,724,358,3,0
334,625,359,3,0
334,628,309,0,3
334,630,359,3,0
334,632,359,3,0
334,633,309,0,3
334,634,359,3,0
334,635,359,3,0
334,636,309,0,3
334,639,359,3,0
334,640,309,0,3
334,641,359,3,0
334,642,359,3,0
334,645,309,0,3
334,648,359,3,0
334,649,309,0,3
334,650,359,3,0
334,654,309,0,3
334,655,309,0,3
334,656,359,3,0
334,658,359,3,0
334,661,309,0,3
334,662,359,3,0
334,666,309,0,3
334,667,359,3,0
334,670,359,3,0
334,673,359,3,0
334,674,359,3,0
334,675,309,0,3
334,678,309,0,3
334,680,359,3,0
334,682,309,0,3
334,684,359,3,0
334,685,309,0,3
334,686,309,0,3
334,687,359,3,0
334,689,359,3,0
334,690,359,3,0
334,691,359,3,0
334,692,309,0,3
334,695,359,3,0
334,696,359,3,0
334,698,309,0,3
334,699,309,0,3
334,700,359,3,0
334,701,309,0,3
334,706,309,0,3
334,707,359,3,0
334,708,359,3,0
334,709,309,0,3
334,711,359,3,0
334,712,309,0,3
334,714,309,0,3
334,715,309,0,3
334,720,309,0,3
334,721,309,0,3
334,722,309,0,3
334,723,309,0,3
334,724,359,3,0
335,626,334,1,2
335,631,334,1,2
335,632,334,1,2
335,636,334,1,2
335,637,334,1,2
335,638,334,1,2
335,640,334,1,2
335,643,334,1,2
335,644,334,1,2
335,646,334,1,2
335,647,334,1,2
335,650,360,3,0
335,651,334,1,2
335,653,334,1,2
335,657,334,1,2
335,659,334,1,2
335,660,334,1,2
335,663,334,1,2
335,664,334,1,2
335,665,334,1,2
335,668,334,1,2
335,671,334,1,2
335,672,334,1,2
335,673,360,3,0
335,676,334,1,2
335,677,334,1,2
335,681,334,1,2
335,683,334,1,2
335,688,334,1,2
335,693,334,1,2
335,694,334,1,2
335,696,334,1,2
335,697,334,1,2
335,700,334,1,2
335,702,334,1,2
335,703,334,1,2
335,704,334,1,2
335,705,334,1,2
335,710,334,1,2
335,713,334,1,2
335,715,310,0,3
335,716,334,1,2
335,717,334,1,2
335,718,334,1,2
335,719,334,1,2
335,724,334,1,2
336,627,361,3,0
336,632,335,1,2
336,636,335,1,2
336,640,335,1,2
336,650,361,3,0
336,669,311,0,3
336,673,361,3,0
336,679,361,3,0
336,692,335,1,2
336,696,335,1,2
336,700,335,1,2
336,715,311,0,3
336,724,335,1,2
337,627,362,3,0
337,632,336,1,2
337,636,336,1,2
337,640,336,1,2
337,650,362,3,0
337,669,312,0,3
337,673,362,3,0
337,679,362,3,0
337,685,336,1,2
337,696,336,1,2
337,700,336,1,2
337,715,312,0,3
337,724,336,1,2
338,650,363,3,0
338,669,313,0,3
338,673,363,3,0
338,700,337,1,2
338,715,313,0,3
338,724,337,1,2
339,650,364,3,0
339,667,364,3,0
339,673,364,3,0
339,715,314,0,3
340,650,365,3,0
342,650,367,3,0
343,650,368,3,0
343,667,368,3,0
343,673,368,3,0
343,715,318,0,3
344,632,345,2,1
344,650,369,3,0
344,660,345,2,1
344,669,319,0,3
344,673,369,3,0
344,700,345,2,1
344,715,319,0,3
344,724,345,2,1
345,627,370,3,0
345,632,346,2,1
345,636,346,2,1
345,640,346,2,1
345,650,370,3,0
345,669,320,0,3
345,673,370,3,0
345,679,370,3,0
345,685,344,1,2
345,696,346,2,1
345,700,346,2,1
345,715,320,0,3
345,724,346,2,1
346,627,371,3,0
346,632,347,2,1
346,636,347,2,1
346,640,347,2,1
346,650,371,3,0
346,669,321,0,3
346,673,371,3,0
346,679,371,3,0
346,692,345,1,2
346,696,347,2,1
346,700,347,2,1
346,715,321,0,3
346,724,347,2,1
347,632,372,3,0
347,640,322,0,3
347,650,372,3,0
347,673,372,3,0
347,715,322,0,3
347,724,372,3,0
348,627,347,1,2
348,632,373,3,0
348,636,323,0,3
348,640,323,0,3
348,650,347,1,2
348,669,347,1,2
348,679,347,1,2
348,692,349,2,1
348,696,373,3,0
348,700,373,3,0
348,715,347,1,2
348,724,373,3,0
349,627,348,1,2
349,632,374,3,0
349,636,324,0,3
349,640,324,0,3
349,650,348,1,2
349,669,348,1,2
349,679,348,1,2
349,685,325,2,3
349,696,374,3,0
349,700,374,3,0
349,715,348,1,2
349,724,374,3,0
350,632,375,2,0
350,650,374,3,2
350,660,375,2,0
350,669,374,3,2
350,700,375,2,0
350,715,374,3,2
350,724,351,1,1
351,650,350,1,1
351,667,350,1,1
351,673,350,1,1
351,715,350,1,1
352,650,351,1,2
354,650,355,2,1
355,650,356,2,1
355,715,356,2,1
356,650,357,2,1
356,660,381,3,0
356,669,357,2,1
356,700,381,3,0
356,715,357,2,1
356,724,724,103,0
357,627,358,2,1
357,632,382,3,0
357,636,332,0,3
357,640,332,0,3
357,650,358,2,1
357,669,358,2,1
357,679,358,2,1
357,696,382,3,0
357,700,382,3,0
357,715,358,2,1
357,724,356,1,2
358,627,359,2,1
358,632,383,3,0
358,636,333,0,3
358,640,333,0,3
358,650,359,2,1
358,669,359,2,1
358,679,359,2,1
358,696,383,3,0
358,700,383,3,0
358,715,359,2,1
358,724,357,1,2
359,625,384,3,0
359,628,334,0,3
359,629,334,0,3
359,630,384,3,0
359,632,384,3,0
359,633,334,0,3
359,634,384,3,0
359,635,384,3,0
359,636,334,0,3
359,639,384,3,0
359,640,334,0,3
359,641,384,3,0
359,642,384,3,0
359,645,384,3,0
359,648,384,3,0
359,649,334,0,3
359,650,384,3,0
359,654,384,3,0
359,655,334,0,3
359,656,384,3,0
359,658,384,3,0
359,661,384,3,0
359,662,384,3,0
359,666,334,0,3
359,667,384,3,0
359,670,384,3,0
359,673,384,3,0
359,674,384,3,0
359,675,334,0,3
359,678,334,0,3
359,682,384,3,0
359,684,384,3,0
359,685,334,0,3
359,686,334,0,3
359,689,384,3,0
359,691,384,3,0
359,692,334,0,3
359,695,384,3,0
359,696,384,3,0
359,698,334,0,3
359,699,334,0,3
359,700,384,3,0
359,701,384,3,0
359,706,334,0,3
359,708,384,3,0
359,709,334,0,3
359,711,384,3,0
359,712,334,0,3
359,714,334,0,3
359,720,334,0,3
359,721,334,0,3
359,722,334,0,3
359,723,334,0,3
359,724,358,1,2
360,631,359,1,2
360,632,359,1,2
360,636,359,1,2
360,637,359,1,2
360,638,359,1,2
360,640,359,1,2
360,643,359,1,2
360,644,359,1,2
360,646,359,1,2
360,647,359,1,2
360,650,385,3,0
360,651,359,1,2
360,652,359,1,2
360,653,359,1,2
360,657,359,1,2
360,659,359,1,2
360,660,359,1,2
360,663,359,1,2
360,664,359,1,2
360,665,359,1,2
360,668,359,1,2
360,671,359,1,2
360,672,359,1,2
360,676,359,1,2
360,681,359,1,2
360,688,359,1,2
360,692,335,0,3
360,693,359,1,2
360,694,359,1,2
360,696,359,1,2
360,700,359,1,2
360,702,359,1,2
360,703,359,1,2
360,704,359,1,2
360,705,359,1,2
360,710,359,1,2
360,713,359,1,2
360,716,359,1,2
360,717,359,1,2
360,718,359,1,2
360,719,359,1,2
360,724,359,1,2
361,627,386,3,0
361,632,360,1,2
361,636,360,1,2
361,640,360,1,2
361,650,386,3,0
361,669,336,0,3
361,679,386,3,0
361,692,360,1,2
361,696,360,1,2
361,700,360,1,2
361,715,336,0,3
361,724,360,1,2
362,627,387,3,0
362,632,361,1,2
362,636,361,1,2
362,640,361,1,2
362,650,387,3,0
362,669,337,0,3
362,679,387,3,0
362,685,361,1,2
362,696,361,1,2
362,700,361,1,2
362,715,337,0,3
362,724,361,1,2
363,650,388,3,0
363,669,338,0,3
363,700,362,1,2
363,715,338,0,3
363,724,362,1,2
364,650,389,3,0
364,667,389,3,0
364,673,389,3,0
364,715,339,0,3
365,650,390,3,0
367,650,392,3,0
368,650,393,3,0
368,667,393,3,0
368,673,393,3,0
368,715,343,0,3
369,632,370,2,1
369,650,394,3,0
369,660,370,2,1
369,669,344,0,3
369,700,370,2,1
369,715,344,0,3
369,724,370,2,1
370,627,395,3,0
370,632,371,2,1
370,636,371,2,1
370,640,371,2,1
370,650,395,3,0
370,669,345,0,3
370,679,395,3,0
370,685,369,1,2
370,696,371,2,1
370,700,371,2,1
370,715,345,0,3
370,724,371,2,1
371,627,396,3,0
371,632,372,2,1
371,636,372,2,1
371,640,372,2,1
371,650,396,3,0
371,669,346,0,3
371,679,396,3,0
371,692,370,1,2
371,696,372,2,1
371,700,372,2,1
371,715,346,0,3
371,724,372,2,1
372,632,397,3,0
372,640,347,0,3
372,650,397,3,0
372,692,347,0,3
372,724,373,2,1
373,627,372,1,2
373,632,398,3,0
373,636,348,0,3
373,640,348,0,3
373,650,372,1,2
373,669,372,1,2
373,679,372,1,2
373,692,374,2,1
373,696,398,3,0
373,700,398,3,0
373,715,372,1,2
373,724,374,2,1
374,627,373,1,2
374,632,399,3,0
374,636,349,0,3
374,640,349,0,3
374,650,373,1,2
374,669,373,1,2
374,679,373,1,2
374,685,350,2,3
374,696,399,3,0
374,700,399,3,0
374,715,373,1,2
374,724,350,2,3
375,632,400,2,0
375,650,399,3,2
375,660,400,2,0
375,669,399,3,2
375,700,400,2,0
375,715,399,3,2
375,724,350,0,2
376,650,375,1,1
376,667,375,1,1
376,673,375,1,1
376,715,375,1,1
377,650,376,1,2
379,650,380,2,1
380,650,381,2,1
380,715,381,2,1
381,650,382,2,1
381,660,406,3,0
381,669,382,2,1
381,700,406,3,0
381,715,382,2,1
381,724,356,0,3
382,627,383,2,1
382,632,407,3,0
382,636,357,0,3
382,640,357,0,3
382,650,383,2,1
382,669,383,2,1
382,679,383,2,1
382,696,407,3,0
382,700,407,3,0
382,715,383,2,1
382,724,357,0,3
383,627,384,2,1
383,632,408,3,0
383,636,358,0,3
383,640,358,0,3
383,650,384,2,1
383,669,384,2,1
383,679,384,2,1
383,696,408,3,0
383,700,408,3,0
383,715,384,2,1
383,724,358,0,3
384,628,359,0,3
384,629,359,0,3
384,630,409,3,0
384,632,409,3,0
384,633,359,0,3
384,634,409,3,0
384,635,409,3,0
384,636,359,0,3
384,639,409,3,0
384,640,359,0,3
384,641,409,3,0
384,642,409,3,0
384,645,409,3,0
384,648,409,3,0
384,649,359,0,3
384,654,409,3,0
384,655,409,3,0
384,661,409,3,0
384,662,409,3,0
384,666,409,3,0
384,667,409,3,0
384,670,409,3,0
384,673,409,3,0
384,674,409,3,0
384,675,409,3,0
384,678,359,0,3
384,680,359,0,3
384,682,409,3,0
384,685,359,0,3
384,686,359,0,3
384,687,359,0,3
384,689,409,3,0
384,690,359,0,3
384,691,409,3,0
384,692,409,3,0
384,695,409,3,0
384,696,409,3,0
384,698,359,0,3
384,699,359,0,3
384,700,409,3,0
384,701,409,3,0
384,706,409,3,0
384,707,359,0,3
384,708,409,3,0
384,709,359,0,3
384,711,409,3,0
384,712,359,0,3
384,714,359,0,3
384,720,409,3,0
384,721,359,0,3
384,722,359,0,3
384,723,359,0,3
384,724,359,0,3
385,626,384,1,2
385,631,384,1,2
385,632,384,1,2
385,636,384,1,2
385,637,384,1,2
385,638,384,1,2
385,640,384,1,2
385,643,384,1,2
385,646,384,1,2
385,647,384,1,2
385,651,384,1,2
385,652,384,1,2
385,653,384,1,2
385,657,384,1,2
385,659,384,1,2
385,660,384,1,2
385,663,384,1,2
385,664,384,1,2
385,665,384,1,2
385,668,384,1,2
385,671,384,1,2
385,672,384,1,2
385,676,384,1,2
385,677,384,1,2
385,681,384,1,2
385,683,384,1,2
385,688,384,1,2
385,693,384,1,2
385,694,384,1,2
385,696,384,1,2
385,697,384,1,2
385,700,384,1,2
385,702,384,1,2
385,703,384,1,2
385,705,384,1,2
385,706,410,3,0
385,710,384,1,2
385,713,384,1,2
385,716,384,1,2
385,717,384,1,2
385,718,384,1,2
385,719,384,1,2
385,724,384,1,2
386,627,411,3,0
386,632,385,1,2
386,636,385,1,2
386,640,385,1,2
386,650,411,3,0
386,669,361,0,3
386,679,411,3,0
386,692,385,1,2
386,696,385,1,2
386,700,385,1,2
386,715,361,0,3
386,724,385,1,2
387,627,412,3,0
387,632,386,1,2
387,636,386,1,2
387,640,386,1,2
387,650,412,3,0
387,669,362,0,3
387,679,412,3,0
387,685,386,1,2
387,696,386,1,2
387,700,386,1,2
387,715,362,0,3
387,724,386,1,2
388,650,413,3,0
388,669,363,0,3
388,700,387,1,2
388,715,363,0,3
388,724,387,1,2
389,650,414,3,0
389,667,414,3,0
389,673,414,3,0
389,715,364,0,3
390,650,415,3,0
392,650,417,3,0
393,650,418,3,0
393,667,418,3,0
393,673,418,3,0
393,715,368,0,3
394,632,395,2,1
394,650,419,3,0
394,660,395,2,1
394,669,369,0,3
394,700,395,2,1
394,715,369,0,3
394,724,395,2,1
395,627,420,3,0
395,632,396,2,1
395,636,396,2,1
395,640,396,2,1
395,650,420,3,0
395,669,370,0,3
395,679,420,3,0
395,685,394,1,2
395,696,396,2,1
395,700,396,2,1
395,715,370,0,3
395,724,396,2,1
396,627,421,3,0
396,632,397,2,1
396,636,397,2,1
396,640,397,2,1
396,650,421,3,0
396,669,371,0,3
396,679,421,3,0
396,692,395,1,2
396,696,397,2,1
396,700,397,2,1
396,715,371,0,3
396,724,397,2,1
397,632,422,3,0
397,640,372,0,3
397,706,422,3,0
398,627,397,1,2
398,632,423,3,0
398,636,373,0,3
398,640,373,0,3
398,650,397,1,2
398,669,397,1,2
398,679,397,1,2
398,692,399,2,1
398,696,423,3,0
398,700,423,3,0
398,715,397,1,2
398,724,373,0,3
399,627,398,1,2
399,632,424,3,0
399,636,374,0,3
399,640,374,0,3
399,650,398,1,2
399,669,398,1,2
399,679,398,1,2
399,685,375,2,3
399,696,424,3,0
399,700,424,3,0
399,715,398,1,2
399,724,374,0,3
400,632,425,2,0
400,650,424,3,2
400,660,425,2,0
400,669,424,3,2
400,700,425,2,0
400,715,424,3,2
400,724,375,0,2
401,650,400,1,1
401,667,400,1,1
401,673,400,1,1
401,715,400,1,1
402,650,401,1,2
404,650,405,2,1
405,650,406,2,1
405,715,406,2,1
406,650,407,2,1
406,660,431,3,0
406,669,407,2,1
406,700,431,3,0
406,715,407,2,1
406,724,381,0,3
407,627,408,2,1
407,632,432,3,0
407,636,382,0,3
407,640,382,0,3
407,650,408,2,1
407,669,408,2,1
407,679,408,2,1
407,696,432,3,0
407,700,432,3,0
407,715,408,2,1
407,724,382,0,3
408,627,409,2,1
408,632,433,3,0
408,636,383,0,3
408,640,383,0,3
408,650,409,2,1
408,669,409,2,1
408,679,409,2,1
408,696,433,3,0
408,700,433,3,0
408,715,409,2,1
408,724,383,0,3
409,625,384,0,3
409,628,434,3,0
409,629,384,0,3
409,630,434,3,0
409,632,434,3,0
409,633,384,0,3
409,634,434,3,0
409,635,434,3,0
409,636,384,0,3
409,640,384,0,3
409,641,434,3,0
409,645,434,3,0
409,649,384,0,3
409,650,410,2,1
409,654,434,3,0
409,655,434,3,0
409,656,384,0,3
409,658,384,0,3
409,661,434,3,0
409,662,434,3,0
409,666,434,3,0
409,667,434,3,0
409,669,434,3,0
409,670,434,3,0
409,673,434,3,0
409,674,434,3,0
409,675,434,3,0
409,678,384,0,3
409,680,384,0,3
409,682,434,3,0
409,684,384,0,3
409,685,384,0,3
409,686,384,0,3
409,687,384,0,3
409,689,434,3,0
409,690,384,0,3
409,691,434,3,0
409,692,434,3,0
409,695,434,3,0
409,696,434,3,0
409,698,384,0,3
409,699,434,3,0
409,700,434,3,0
409,701,434,3,0
409,706,434,3,0
409,707,384,0,3
409,708,434,3,0
409,709,384,0,3
409,712,384,0,3
409,714,384,0,3
409,715,434,3,0
409,720,434,3,0
409,721,384,0,3
409,722,434,3,0
409,723,384,0,3
409,724,384,0,3
410,626,409,1,2
410,631,409,1,2
410,632,409,1,2
410,636,409,1,2
410,638,409,1,2
410,640,409,1,2
410,643,409,1,2
410,644,409,1,2
410,646,409,1,2
410,647,409,1,2
410,650,411,2,1
410,651,409,1,2
410,652,409,1,2
410,653,409,1,2
410,657,409,1,2
410,660,409,1,2
410,663,409,1,2
410,664,409,1,2
410,665,409,1,2
410,668,409,1,2
410,669,435,3,0
410,671,409,1,2
410,672,409,1,2
410,676,409,1,2
410,677,409,1,2
410,681,409,1,2
410,683,409,1,2
410,688,409,1,2
410,693,409,1,2
410,694,409,1,2
410,696,409,1,2
410,697,409,1,2
410,700,409,1,2
410,702,409,1,2
410,703,409,1,2
410,704,409,1,2
410,705,409,1,2
410,710,409,1,2
410,713,409,1,2
410,715,435,3,0
410,716,409,1,2
410,717,409,1,2
410,718,409,1,2
410,719,409,1,2
410,724,409,1,2
411,627,436,3,0
411,632,410,1,2
411,636,410,1,2
411,640,410,1,2
411,650,412,2,1
411,669,436,3,0
411,679,436,3,0
411,692,410,1,2
411,696,410,1,2
411,700,410,1,2
411,715,436,3,0
411,724,410,1,2
412,627,437,3,0
412,632,411,1,2
412,636,411,1,2
412,640,411,1,2
412,650,413,2,1
412,669,437,3,0
412,679,437,3,0
412,685,411,1,2
412,696,411,1,2
412,700,411,1,2
412,715,437,3,0
412,724,411,1,2
413,650,414,2,1
413,669,438,3,0
413,700,412,1,2
413,715,438,3,0
413,724,412,1,2
414,650,415,2,1
414,667,439,3,0
414,673,439,3,0
414,715,439,3,0
415,650,650,29,0
417,650,416,1,2
418,650,417,1,2
418,667,443,3,0
418,673,443,3,0
418,715,443,3,0
419,632,420,2,1
419,650,418,1,2
419,660,420,2,1
419,669,444,3,0
419,700,420,2,1
419,715,444,3,0
419,724,420,2,1
420,627,445,3,0
420,632,421,2,1
420,636,421,2,1
420,640,421,2,1
420,650,419,1,2
420,669,445,3,0
420,679,445,3,0
420,685,419,1,2
420,696,421,2,1
420,700,421,2,1
420,715,445,3,0
420,724,421,2,1
421,627,446,3,0
421,632,422,2,1
421,636,422,2,1
421,640,422,2,1
421,650,420,1,2
421,669,446,3,0
421,679,446,3,0
421,692,420,1,2
421,696,422,2,1
421,700,422,2,1
421,715,446,3,0
421,724,422,2,1
422,640,397,0,3
422,650,421,1,2
422,669,447,3,0
422,715,447,3,0
423,627,422,1,2
423,632,448,3,0
423,636,398,0,3
423,640,398,0,3
423,650,422,1,2
423,669,422,1,2
423,679,422,1,2
423,692,424,2,1
423,696,448,3,0
423,700,448,3,0
423,715,422,1,2
423,724,398,0,3
424,627,423,1,2
424,632,449,3,0
424,636,399,0,3
424,640,399,0,3
424,650,423,1,2
424,669,423,1,2
424,679,423,1,2
424,685,400,2,3
424,696,449,3,0
424,700,449,3,0
424,715,423,1,2
424,724,399,0,3
425,632,450,2,0
425,650,449,3,2
425,660,450,2,0
425,669,449,3,2
425,700,450,2,0
425,715,449,3,2
425,724,400,0,2
426,650,425,1,1
426,667,425,1,1
426,673,425,1,1
426,715,425,1,1
427,650,426,1,2
429,650,430,2,1
430,650,431,2,1
430,715,431,2,1
431,650,432,2,1
431,660,456,3,0
431,669,432,2,1
431,700,456,3,0
431,715,432,2,1
431,724,406,0,3
432,627,433,2,1
432,632,457,3,0
432,636,407,0,3
432,640,407,0,3
432,650,433,2,1
432,669,433,2,1
432,679,433,2,1
432,696,457,3,0
432,700,457,3,0
432,715,433,2,1
432,724,407,0,3
433,627,434,2,1
433,632,458,3,0
433,636,408,0,3
433,640,408,0,3
433,650,434,2,1
433,669,434,2,1
433,679,434,2,1
433,696,458,3,0
433,700,458,3,0
433,715,434,2,1
433,724,408,0,3
434,625,409,0,3
434,627,435,2,1
434,628,459,3,0
434,629,409,0,3
434,630,459,3,0
434,632,459,3,0
434,633,409,0,3
434,634,459,3,0
434,635,459,3,0
434,636,409,0,3
434,639,409,0,3
434,640,409,0,3
434,642,409,0,3
434,645,459,3,0
434,648,409,0,3
434,649,409,0,3
434,650,409,0,3
434,654,459,3,0
434,655,459,3,0
434,656,409,0,3
434,658,409,0,3
434,661,459,3,0
434,666,459,3,0
434,667,459,3,0
434,669,459,3,0
434,670,459,3,0
434,673,459,3,0
434,674,459,3,0
434,675,459,3,0
434,678,459,3,0
434,680,409,0,3
434,682,459,3,0
434,684,409,0,3
434,685,409,0,3
434,686,409,0,3
434,687,409,0,3
434,689,459,3,0
434,690,409,0,3
434,691,459,3,0
434,692,459,3,0
434,695,459,3,0
434,696,459,3,0
434,698,409,0,3
434,699,459,3,0
434,700,459,3,0
434,701,459,3,0
434,706,459,3,0
434,707,409,0,3
434,708,459,3,0
434,709,409,0,3
434,711,409,0,3
434,712,459,3,0
434,714,409,0,3
434,715,459,3,0
434,720,459,3,0
434,721,459,3,0
434,722,459,3,0
434,723,409,0,3
434,724,409,0,3
435,626,434,1,2
435,627,436,2,1
435,631,434,1,2
435,632,434,1,2
435,636,434,1,2
435,637,434,1,2
435,638,434,1,2
435,640,434,1,2
435,643,434,1,2
435,644,434,1,2
435,646,434,1,2
435,647,434,1,2
435,650,410,0,3
435,651,434,1,2
435,652,434,1,2
435,653,434,1,2
435,657,434,1,2
435,659,434,1,2
435,660,434,1,2
435,663,434,1,2
435,664,434,1,2
435,665,434,1,2
435,668,434,1,2
435,669,460,3,0
435,671,434,1,2
435,672,434,1,2
435,676,434,1,2
435,677,434,1,2
435,681,434,1,2
435,683,434,1,2
435,688,434,1,2
435,693,434,1,2
435,694,434,1,2
435,696,434,1,2
435,697,434,1,2
435,700,434,1,2
435,702,434,1,2
435,703,434,1,2
435,704,434,1,2
435,705,434,1,2
435,710,434,1,2
435,713,434,1,2
435,715,460,3,0
435,716,434,1,2
435,717,434,1,2
435,718,434,1,2
435,719,434,1,2
435,724,434,1,2
436,627,437,2,1
436,632,435,1,2
436,636,435,1,2
436,640,435,1,2
436,650,411,0,3
436,669,461,3,0
436,679,461,3,0
436,692,435,1,2
436,696,435,1,2
436,700,435,1,2
436,715,461,3,0
436,724,435,1,2
437,627,627,6,0
437,632,436,1,2
437,636,436,1,2
437,640,436,1,2
437,650,412,0,3
437,669,462,3,0
437,679,462,3,0
437,685,436,1,2
437,696,436,1,2
437,700,436,1,2
437,715,462,3,0
437,724,436,1,2
438,650,413,0,3
438,669,463,3,0
438,700,437,1,2
438,715,463,3,0
438,724,437,1,2
439,650,414,0,3
439,667,464,3,0
439,673,464,3,0
439,715,464,3,0
440,650,415,0,3
442,650,417,0,3
443,650,418,0,3
443,667,468,3,0
443,673,468,3,0
443,715,468,3,0
444,632,445,2,1
444,650,419,0,3
444,660,445,2,1
444,669,469,3,0
444,700,445,2,1
444,715,469,3,0
444,724,445,2,1
445,627,444,1,2
445,632,446,2,1
445,636,446,2,1
445,640,446,2,1
445,650,420,0,3
445,669,470,3,0
445,679,470,3,0
445,685,444,1,2
445,696,446,2,1
445,700,446,2,1
445,715,470,3,0
445,724,446,2,1
446,627,445,1,2
446,632,447,2,1
446,636,447,2,1
446,640,447,2,1
446,650,421,0,3
446,669,471,3,0
446,679,471,3,0
446,692,445,1,2
446,696,447,2,1
446,700,447,2,1
446,715,471,3,0
446,724,447,2,1
447,627,446,1,2
447,636,422,0,3
447,640,422,0,3
447,650,422,0,3
447,669,472,3,0
447,696,472,3,0
447,700,472,3,0
447,715,472,3,0
448,627,447,1,2
448,632,473,3,0
448,636,423,0,3
448,640,423,0,3
448,650,447,1,2
448,669,447,1,2
448,679,447,1,2
448,692,449,2,1
448,696,473,3,0
448,700,473,3,0
448,715,447,1,2
448,724,423,0,3
449,627,448,1,2
449,632,474,3,0
449,636,424,0,3
449,640,424,0,3
449,650,448,1,2
449,669,448,1,2
449,679,448,1,2
449,685,425,2,3
449,696,474,3,0
449,700,474,3,0
449,715,448,1,2
449,724,424,0,3
450,632,475,2,0
450,650,474,3,2
450,660,475,2,0
450,669,474,3,2
450,700,475,2,0
450,715,474,3,2
450,724,425,0,2
451,650,450,1,1
451,667,450,1,1
451,673,450,1,1
451,715,450,1,1
452,650,451,1,2
454,650,455,2,1
455,650,456,2,1
455,715,456,2,1
456,650,457,2,1
456,660,481,3,0
456,669,457,2,1
456,700,481,3,0
456,715,457,2,1
456,724,431,0,3
457,627,458,2,1
457,632,482,3,0
457,636,432,0,3
457,640,432,0,3
457,650,458,2,1
457,669,458,2,1
457,679,458,2,1
457,696,482,3,0
457,700,482,3,0
457,715,458,2,1
457,724,432,0,3
458,627,459,2,1
458,632,483,3,0
458,636,433,0,3
458,640,433,0,3
458,650,459,2,1
458,669,459,2,1
458,679,459,2,1
458,696,483,3,0
458,700,483,3,0
458,715,459,2,1
458,724,433,0,3
459,625,434,0,3
459,627,434,0,3
459,628,484,3,0
459,629,434,0,3
459,630,484,3,0
459,632,484,3,0
459,633,434,0,3
459,634,484,3,0
459,635,484,3,0
459,636,434,0,3
459,639,434,0,3
459,640,434,0,3
459,641,434,0,3
459,642,434,0,3
459,645,484,3,0
459,648,434,0,3
459,649,484,3,0
459,650,434,0,3
459,654,484,3,0
459,655,484,3,0
459,656,434,0,3
459,658,434,0,3
459,661,484,3,0
459,662,434,0,3
459,666,484,3,0
459,667,484,3,0
459,669,484,3,0
459,670,484,3,0
459,673,484,3,0
459,674,484,3,0
459,675,484,3,0
459,678,484,3,0
459,679,460,2,1
459,680,434,0,3
459,682,484,3,0
459,684,434,0,3
459,685,434,0,3
459,686,434,0,3
459,687,434,0,3
459,689,484,3,0
459,690,434,0,3
459,691,484,3,0
459,692,484,3,0
459,695,484,3,0
459,696,484,3,0
459,698,434,0,3
459,699,484,3,0
459,700,484,3,0
459,701,484,3,0
459,706,484,3,0
459,707,434,0,3
459,708,484,3,0
459,709,484,3,0
459,711,434,0,3
459,712,484,3,0
459,714,484,3,0
459,715,484,3,0
459,720,484,3,0
459,721,484,3,0
459,722,484,3,0
459,723,484,3,0
459,724,434,0,3
460,626,459,1,2
460,627,435,0,3
460,631,459,1,2
460,632,459,1,2
460,636,459,1,2
460,637,459,1,2
460,638,459,1,2
460,640,459,1,2
460,643,459,1,2
460,644,459,1,2
460,646,459,1,2
460,647,459,1,2
460,650,435,0,3
460,651,459,1,2
460,652,459,1,2
460,653,459,1,2
460,657,459,1,2
460,659,459,1,2
460,660,459,1,2
460,663,459,1,2
460,664,459,1,2
460,665,459,1,2
460,668,459,1,2
460,669,485,3,0
460,671,459,1,2
460,672,459,1,2
460,676,459,1,2
460,677,459,1,2
460,679,461,2,1
460,681,459,1,2
460,683,459,1,2
460,688,459,1,2
460,693,459,1,2
460,694,459,1,2
460,696,459,1,2
460,697,459,1,2
460,700,459,1,2
460,702,459,1,2
460,703,459,1,2
460,704,459,1,2
460,705,459,1,2
460,710,459,1,2
460,713,459,1,2
460,715,485,3,0
460,716,459,1,2
460,717,459,1,2
460,718,459,1,2
460,719,459,1,2
460,724,459,1,2
461,627,436,0,3
461,632,460,1,2
461,636,460,1,2
461,640,460,1,2
461,650,436,0,3
461,669,486,3,0
461,679,462,2,1
461,692,460,1,2
461,696,460,1,2
461,700,460,1,2
461,715,486,3,0
461,724,460,1,2
462,627,437,0,3
462,632,461,1,2
462,636,461,1,2
462,640,461,1,2
462,650,437,0,3
462,669,487,3,0
462,679,679,58,0
462,685,461,1,2
462,696,461,1,2
462,700,461,1,2
462,715,487,3,0
462,724,461,1,2
463,650,438,0,3
463,669,488,3,0
463,700,462,1,2
463,715,488,3,0
463,724,462,1,2
464,650,439,0,3
464,667,489,3,0
464,673,489,3,0
464,715,489,3,0
465,650,440,0,3
467,650,442,0,3
468,650,443,0,3
468,667,493,3,0
468,673,493,3,0
468,715,493,3,0
469,632,470,2,1
469,650,444,0,3
469,660,470,2,1
469,669,494,3,0
469,700,470,2,1
469,715,494,3,0
469,724,470,2,1
470,627,445,0,3
470,632,471,2,1
470,636,471,2,1
470,640,471,2,1
470,650,445,0,3
470,669,495,3,0
470,679,469,1,2
470,685,469,1,2
470,696,471,2,1
470,700,471,2,1
470,715,495,3,0
470,724,471,2,1
471,627,446,0,3
471,632,472,2,1
471,636,472,2,1
471,640,472,2,1
471,650,446,0,3
471,669,496,3,0
471,679,470,1,2
471,692,470,1,2
471,696,472,2,1
471,700,472,2,1
471,715,496,3,0
471,724,472,2,1
472,627,447,0,3
472,636,447,0,3
472,640,447,0,3
472,650,447,0,3
472,669,497,3,0
472,679,471,1,2
472,696,497,3,0
472,700,497,3,0
472,715,497,3,0
472,724,447,0,3
473,627,472,1,2
473,632,498,3,0
473,636,448,0,3
473,640,448,0,3
473,650,472,1,2
473,669,472,1,2
473,679,472,1,2
473,692,474,2,1
473,696,498,3,0
473,700,498,3,0
473,715,472,1,2
473,724,448,0,3
474,627,473,1,2
474,632,499,3,0
474,636,449,0,3
474,640,449,0,3
474,650,473,1,2
474,669,473,1,2
474,679,473,1,2
474,685,450,2,3
474,696,499,3,0
474,700,499,3,0
474,715,473,1,2
474,724,449,0,3
475,632,500,2,0
475,650,499,3,2
475,660,500,2,0
475,669,499,3,2
475,700,500,2,0
475,715,499,3,2
475,724,450,0,2
476,650,475,1,1
476,667,475,1,1
476,673,475,1,1
476,715,475,1,1
477,650,476,1,2
479,650,480,2,1
480,650,481,2,1
480,715,481,2,1
481,650,482,2,1
481,660,506,3,0
481,669,482,2,1
481,700,506,3,0
481,715,482,2,1
481,724,456,0,3
482,627,483,2,1
482,632,507,3,0
482,636,457,0,3
482,640,457,0,3
482,650,483,2,1
482,669,483,2,1
482,679,483,2,1
482,696,507,3,0
482,700,507,3,0
482,715,483,2,1
482,724,457,0,3
483,627,484,2,1
483,632,508,3,0
483,636,458,0,3
483,640,458,0,3
483,650,484,2,1
483,669,484,2,1
483,679,484,2,1
483,696,508,3,0
483,700,508,3,0
483,715,484,2,1
483,724,458,0,3
484,625,459,0,3
484,627,459,0,3
484,628,509,3,0
484,629,459,0,3
484,630,509,3,0
484,632,509,3,0
484,633,509,3,0
484,635,509,3,0
484,636,459,0,3
484,639,459,0,3
484,640,459,0,3
484,641,459,0,3
484,642,459,0,3
484,645,509,3,0
484,648,459,0,3
484,649,509,3,0
484,650,459,0,3
484,654,509,3,0
484,655,509,3,0
484,656,459,0,3
484,658,459,0,3
484,661,509,3,0
484,662,459,0,3
484,666,509,3,0
484,667,509,3,0
484,669,509,3,0
484,670,509,3,0
484,673,509,3,0
484,674,509,3,0
484,675,509,3,0
484,678,509,3,0
484,679,459,0,3
484,680,459,0,3
484,682,509,3,0
484,684,459,0,3
484,685,459,0,3
484,686,459,0,3
484,687,459,0,3
484,689,509,3,0
484,690,459,0,3
484,691,509,3,0
484,692,509,3,0
484,695,509,3,0
484,696,509,3,0
484,698,459,0,3
484,699,509,3,0
484,700,509,3,0
484,701,509,3,0
484,706,509,3,0
484,707,459,0,3
484,708,509,3,0
484,709,509,3,0
484,711,459,0,3
484,712,509,3,0
484,714,509,3,0
484,715,509,3,0
484,720,509,3,0
484,721,509,3,0
484,722,509,3,0
484,723,509,3,0
484,724,459,0,3
485,626,484,1,2
485,627,460,0,3
485,631,484,1,2
485,632,484,1,2
485,636,484,1,2
485,637,484,1,2
485,638,484,1,2
485,640,484,1,2
485,643,484,1,2
485,644,484,1,2
485,646,484,1,2
485,647,484,1,2
485,650,460,0,3
485,651,484,1,2
485,652,484,1,2
485,653,484,1,2
485,657,484,1,2
485,659,484,1,2
485,660,484,1,2
485,663,484,1,2
485,664,484,1,2
485,665,484,1,2
485,668,484,1,2
485,669,510,3,0
485,671,484,1,2
485,672,484,1,2
485,676,484,1,2
485,677,484,1,2
485,679,460,0,3
485,681,484,1,2
485,683,484,1,2
485,688,484,1,2
485,693,484,1,2
485,694,484,1,2
485,696,484,1,2
485,697,484,1,2
485,700,484,1,2
485,702,484,1,2
485,703,484,1,2
485,704,484,1,2
485,705,484,1,2
485,710,484,1,2
485,713,484,1,2
485,715,510,3,0
485,716,484,1,2
485,717,484,1,2
485,718,484,1,2
485,719,484,1,2
485,724,484,1,2
486,627,461,0,3
486,632,485,1,2
486,636,485,1,2
486,640,485,1,2
486,650,461,0,3
486,669,511,3,0
486,679,461,0,3
486,692,485,1,2
486,696,485,1,2
486,700,485,1,2
486,715,511,3,0
486,724,485,1,2
487,627,462,0,3
487,632,486,1,2
487,636,486,1,2
487,640,486,1,2
487,650,462,0,3
487,669,512,3,0
487,679,462,0,3
487,685,486,1,2
487,696,486,1,2
487,700,486,1,2
487,715,512,3,0
487,724,486,1,2
488,650,463,0,3
488,669,513,3,0
488,700,487,1,2
488,715,513,3,0
488,724,487,1,2
489,650,464,0,3
489,667,514,3,0
489,673,514,3,0
489,715,514,3,0
490,650,465,0,3
492,650,467,0,3
493,650,468,0,3
493,667,518,3,0
493,673,518,3,0
493,715,518,3,0
494,632,495,2,1
494,650,469,0,3
494,660,495,2,1
494,669,519,3,0
494,700,495,2,1
494,715,519,3,0
494,724,495,2,1
495,627,470,0,3
495,632,496,2,1
495,636,496,2,1
495,640,496,2,1
495,650,470,0,3
495,669,520,3,0
495,679,470,0,3
495,685,494,1,2
495,696,496,2,1
495,700,496,2,1
495,715,520,3,0
495,724,496,2,1
496,627,471,0,3
496,632,497,2,1
496,636,497,2,1
496,640,497,2,1
496,650,471,0,3
496,669,521,3,0
496,679,471,0,3
496,692,495,1,2
496,696,497,2,1
496,700,497,2,1
496,715,521,3,0
496,724,497,2,1
497,627,472,0,3
497,636,472,0,3
497,640,472,0,3
497,650,472,0,3
497,669,522,3,0
497,679,472,0,3
497,696,522,3,0
497,700,522,3,0
497,715,522,3,0
497,724,472,0,3
498,627,497,1,2
498,632,523,3,0
498,636,473,0,3
498,640,473,0,3
498,650,497,1,2
498,669,497,1,2
498,679,497,1,2
498,692,499,2,1
498,696,523,3,0
498,700,523,3,0
498,715,497,1,2
498,724,473,0,3
499,627,498,1,2
499,632,524,3,0
499,636,474,0,3
499,640,474,0,3
499,650,498,1,2
499,669,498,1,2
499,679,498,1,2
499,685,475,2,3
499,696,524,3,0
499,700,524,3,0
499,715,498,1,2
499,724,474,0,3
500,632,632,11,0
500,650,524,3,2
500,660,525,2,0
500,669,524,3,2
500,700,525,2,0
500,715,524,3,2
500,724,475,0,2
501,650,500,1,1
501,667,500,1,1
501,673,500,1,1
501,715,500,1,1
502,650,501,1,2
504,650,505,2,1
505,650,506,2,1
505,715,506,2,1
506,650,507,2,1
506,660,531,3,0
506,669,507,2,1
506,700,531,3,0
506,715,507,2,1
506,724,481,0,3
507,627,508,2,1
507,632,506,1,2
507,636,482,0,3
507,640,532,3,0
507,650,508,2,1
507,669,508,2,1
507,679,508,2,1
507,696,532,3,0
507,700,532,3,0
507,715,508,2,1
507,724,482,0,3
508,627,509,2,1
508,632,507,1,2
508,636,483,0,3
508,640,533,3,0
508,650,509,2,1
508,669,509,2,1
508,679,509,2,1
508,696,533,3,0
508,700,533,3,0
508,715,509,2,1
508,724,483,0,3
509,625,484,0,3
509,627,484,0,3
509,628,534,3,0
509,629,484,0,3
509,630,534,3,0
509,632,508,1,2
509,633,534,3,0
509,634,484,0,3
509,635,534,3,0
509,636,484,0,3
509,639,484,0,3
509,640,534,3,0
509,641,484,0,3
509,642,484,0,3
509,645,534,3,0
509,648,484,0,3
509,649,534,3,0
509,650,484,0,3
509,654,534,3,0
509,655,534,3,0
509,656,484,0,3
509,658,484,0,3
509,661,534,3,0
509,662,484,0,3
509,666,534,3,0
509,667,534,3,0
509,669,534,3,0
509,670,534,3,0
509,673,534,3,0
509,674,534,3,0
509,675,534,3,0
509,678,534,3,0
509,679,484,0,3
509,680,484,0,3
509,682,534,3,0
509,684,484,0,3
509,685,484,0,3
509,686,484,0,3
509,687,484,0,3
509,689,534,3,0
509,690,484,0,3
509,691,534,3,0
509,692,534,3,0
509,695,534,3,0
509,696,534,3,0
509,698,534,3,0
509,699,534,3,0
509,700,534,3,0
509,701,534,3,0
509,706,534,3,0
509,707,484,0,3
509,708,534,3,0
509,709,534,3,0
509,711,484,0,3
509,712,534,3,0
509,714,534,3,0
509,715,534,3,0
509,720,534,3,0
509,721,534,3,0
509,722,534,3,0
509,723,534,3,0
509,724,484,0,3
510,626,509,1,2
510,627,485,0,3
510,631,509,1,2
510,632,509,1,2
510,636,509,1,2
510,637,509,1,2
510,640,509,1,2
510,643,509,1,2
510,644,509,1,2
510,646,509,1,2
510,647,509,1,2
510,650,485,0,3
510,651,509,1,2
510,652,509,1,2
510,653,509,1,2
510,657,509,1,2
510,659,509,1,2
510,660,509,1,2
510,663,509,1,2
510,664,509,1,2
510,665,509,1,2
510,668,509,1,2
510,669,535,3,0
510,671,509,1,2
510,672,509,1,2
510,676,509,1,2
510,677,509,1,2
510,679,485,0,3
510,681,509,1,2
510,683,509,1,2
510,685,485,0,3
510,688,509,1,2
510,693,509,1,2
510,694,509,1,2
510,696,509,1,2
510,697,509,1,2
510,700,509,1,2
510,702,509,1,2
510,703,509,1,2
510,704,509,1,2
510,705,509,1,2
510,710,509,1,2
510,713,509,1,2
510,715,535,3,0
510,716,509,1,2
510,717,509,1,2
510,718,509,1,2
510,719,509,1,2
510,724,509,1,2
511,627,486,0,3
511,632,510,1,2
511,636,510,1,2
511,640,510,1,2
511,650,486,0,3
511,669,536,3,0
511,679,486,0,3
511,685,486,0,3
511,692,510,1,2
511,696,510,1,2
511,700,510,1,2
511,715,536,3,0
511,724,510,1,2
512,627,487,0,3
512,632,511,1,2
512,636,511,1,2
512,640,511,1,2
512,650,487,0,3
512,669,537,3,0
512,679,487,0,3
512,685,511,1,2
512,696,511,1,2
512,700,511,1,2
512,715,537,3,0
512,724,511,1,2
513,650,488,0,3
513,669,538,3,0
513,700,512,1,2
513,715,538,3,0
513,724,512,1,2
514,650,489,0,3
514,667,539,3,0
514,673,539,3,0
514,715,539,3,0
515,650,490,0,3
517,650,492,0,3
518,650,493,0,3
518,667,543,3,0
518,673,543,3,0
518,715,543,3,0
519,632,520,2,1
519,650,494,0,3
519,660,520,2,1
519,669,544,3,0
519,700,520,2,1
519,715,544,3,0
519,724,520,2,1
520,627,495,0,3
520,632,521,2,1
520,636,521,2,1
520,640,521,2,1
520,650,495,0,3
520,669,545,3,0
520,679,495,0,3
520,685,519,1,2
520,696,521,2,1
520,700,521,2,1
520,715,545,3,0
520,724,521,2,1
521,627,496,0,3
521,632,522,2,1
521,636,522,2,1
521,640,522,2,1
521,650,496,0,3
521,669,546,3,0
521,679,496,0,3
521,685,496,0,3
521,692,520,1,2
521,696,522,2,1
521,700,522,2,1
521,715,546,3,0
521,724,522,2,1
522,627,497,0,3
522,632,523,2,1
522,636,497,0,3
522,650,497,0,3
522,669,547,3,0
522,679,497,0,3
522,685,497,0,3
522,696,547,3,0
522,700,547,3,0
522,715,547,3,0
522,724,497,0,3
523,627,522,1,2
523,632,524,2,1
523,636,498,0,3
523,640,548,3,0
523,650,522,1,2
523,669,522,1,2
523,679,522,1,2
523,692,524,2,1
523,696,548,3,0
523,700,548,3,0
523,715,522,1,2
523,724,498,0,3
524,627,523,1,2
524,632,500,2,3
524,636,499,0,3
524,640,549,3,0
524,650,523,1,2
524,669,523,1,2
524,679,523,1,2
524,685,500,2,3
524,696,549,3,0
524,700,549,3,0
524,715,523,1,2
524,724,499,0,3
525,632,500,0,2
525,650,549,3,2
525,660,550,2,0
525,669,549,3,2
525,700,550,2,0
525,705,550,2,0
525,715,549,3,2
525,724,500,0,2
526,650,525,1,1
526,667,525,1,1
526,673,525,1,1
526,715,525,1,1
527,650,526,1,2
529,650,530,2,1
530,650,531,2,1
530,715,531,2,1
531,650,532,2,1
531,660,556,3,0
531,669,532,2,1
531,700,556,3,0
531,705,556,3,0
531,715,532,2,1
531,724,506,0,3
532,627,533,2,1
532,632,507,0,3
532,636,507,0,3
532,640,557,3,0
532,650,533,2,1
532,669,533,2,1
532,679,533,2,1
532,696,557,3,0
532,700,557,3,0
532,705,557,3,0
532,715,533,2,1
532,724,507,0,3
533,627,534,2,1
533,632,508,0,3
533,636,508,0,3
533,640,558,3,0
533,650,534,2,1
533,669,534,2,1
533,679,534,2,1
533,696,558,3,0
533,700,558,3,0
533,705,558,3,0
533,715,534,2,1
533,724,508,0,3
534,625,509,0,3
534,627,509,0,3
534,628,559,3,0
534,629,509,0,3
534,632,509,0,3
534,633,559,3,0
534,634,509,0,3
534,636,509,0,3
534,639,509,0,3
534,640,559,3,0
534,641,509,0,3
534,642,509,0,3
534,645,559,3,0
534,648,509,0,3
534,649,559,3,0
534,650,509,0,3
534,654,559,3,0
534,655,559,3,0
534,656,509,0,3
534,658,509,0,3
534,661,559,3,0
534,662,509,0,3
534,666,559,3,0
534,667,559,3,0
534,669,559,3,0
534,670,559,3,0
534,673,559,3,0
534,674,559,3,0
534,675,559,3,0
534,678,559,3,0
534,679,509,0,3
534,680,509,0,3
534,682,559,3,0
534,684,509,0,3
534,685,559,3,0
534,686,509,0,3
534,687,509,0,3
534,689,559,3,0
534,690,509,0,3
534,692,559,3,0
534,695,559,3,0
534,696,559,3,0
534,698,559,3,0
534,699,559,3,0
534,700,559,3,0
534,701,559,3,0
534,705,559,3,0
534,706,559,3,0
534,707,509,0,3
534,708,559,3,0
534,709,559,3,0
534,711,509,0,3
534,712,559,3,0
534,714,559,3,0
534,715,559,3,0
534,716,559,3,0
534,720,559,3,0
534,721,559,3,0
534,722,559,3,0
534,723,559,3,0
534,724,509,0,3
535,626,534,1,2
535,627,510,0,3
535,631,534,1,2
535,632,534,1,2
535,636,534,1,2
535,637,534,1,2
535,638,534,1,2
535,640,534,1,2
535,643,534,1,2
535,644,534,1,2
535,646,534,1,2
535,647,534,1,2
535,650,510,0,3
535,651,534,1,2
535,652,534,1,2
535,653,534,1,2
535,657,534,1,2
535,659,534,1,2
535,660,534,1,2
535,663,534,1,2
535,664,534,1,2
535,665,534,1,2
535,668,534,1,2
535,669,560,3,0
535,671,534,1,2
535,672,534,1,2
535,676,534,1,2
535,677,534,1,2
535,679,510,0,3
535,681,534,1,2
535,683,534,1,2
535,688,534,1,2
535,693,534,1,2
535,694,534,1,2
535,696,534,1,2
535,697,534,1,2
535,700,534,1,2
535,702,534,1,2
535,703,534,1,2
535,704,534,1,2
535,705,534,1,2
535,710,534,1,2
535,713,534,1,2
535,715,560,3,0
535,716,534,1,2
535,717,534,1,2
535,718,534,1,2
535,719,534,1,2
535,724,534,1,2
536,627,511,0,3
536,632,535,1,2
536,636,535,1,2
536,640,535,1,2
536,650,511,0,3
536,669,561,3,0
536,679,511,0,3
536,692,535,1,2
536,696,535,1,2
536,700,535,1,2
536,715,561,3,0
536,724,535,1,2
537,627,512,0,3
537,632,536,1,2
537,636,536,1,2
537,640,536,1,2
537,650,512,0,3
537,669,562,3,0
537,679,512,0,3
537,685,536,1,2
537,696,536,1,2
537,700,536,1,2
537,715,562,3,0
537,724,536,1,2
538,650,513,0,3
538,669,563,3,0
538,700,537,1,2
538,715,563,3,0
538,724,537,1,2
539,650,514,0,3
539,667,564,3,0
539,673,564,3,0
539,715,564,3,0
540,650,515,0,3
542,650,517,0,3
543,650,518,0,3
543,667,568,3,0
543,673,568,3,0
543,715,568,3,0
544,632,545,2,1
544,650,519,0,3
544,660,545,2,1
544,669,569,3,0
544,700,545,2,1
544,715,569,3,0
544,724,545,2,1
545,627,520,0,3
545,632,546,2,1
545,636,546,2,1
545,640,546,2,1
545,650,520,0,3
545,669,570,3,0
545,679,520,0,3
545,685,544,1,2
545,696,546,2,1
545,700,546,2,1
545,715,570,3,0
545,724,546,2,1
546,627,521,0,3
546,632,547,2,1
546,636,547,2,1
546,640,547,2,1
546,650,521,0,3
546,669,571,3,0
546,679,521,0,3
546,692,545,1,2
546,696,547,2,1
546,700,547,2,1
546,715,571,3,0
546,724,547,2,1
547,627,522,0,3
547,632,522,0,3
547,636,522,0,3
547,650,522,0,3
547,669,572,3,0
547,679,522,0,3
547,696,572,3,0
547,700,572,3,0
547,705,572,3,0
547,715,572,3,0
547,716,572,3,0
547,724,522,0,3
548,627,547,1,2
548,632,523,0,3
548,636,523,0,3
548,640,573,3,0
548,650,547,1,2
548,669,547,1,2
548,679,547,1,2
548,692,549,2,1
548,696,573,3,0
548,700,573,3,0
548,705,573,3,0
548,715,547,1,2
548,724,523,0,3
549,627,548,1,2
549,632,524,0,3
549,636,524,0,3
549,640,574,3,0
549,650,548,1,2
549,669,548,1,2
549,679,548,1,2
549,685,525,2,3
549,696,574,3,0
549,700,574,3,0
549,705,574,3,0
549,715,548,1,2
549,724,524,0,3
550,632,525,0,2
550,650,574,3,2
550,660,575,2,0
550,669,574,3,2
550,700,575,2,0
550,715,574,3,2
550,724,525,0,2
551,650,550,1,1
551,667,550,1,1
551,673,550,1,1
551,715,550,1,1
552,650,551,1,2
554,650,555,2,1
555,650,556,2,1
555,715,556,2,1
556,650,557,2,1
556,660,581,3,0
556,669,557,2,1
556,700,581,3,0
556,715,557,2,1
556,724,531,0,3
557,627,558,2,1
557,632,532,0,3
557,636,532,0,3
557,640,582,3,0
557,650,558,2,1
557,669,558,2,1
557,679,558,2,1
557,696,582,3,0
557,700,582,3,0
557,715,558,2,1
557,724,532,0,3
558,627,559,2,1
558,632,533,0,3
558,636,533,0,3
558,640,583,3,0
558,650,559,2,1
558,669,559,2,1
558,679,559,2,1
558,696,583,3,0
558,700,583,3,0
558,715,559,2,1
558,724,533,0,3
559,625,534,0,3
559,627,534,0,3
559,628,584,3,0
559,629,534,0,3
559,630,534,0,3
559,632,534,0,3
559,633,584,3,0
559,634,534,0,3
559,635,534,0,3
559,636,534,0,3
559,639,534,0,3
559,640,584,3,0
559,641,534,0,3
559,642,534,0,3
559,645,584,3,0
559,648,534,0,3
559,649,584,3,0
559,650,534,0,3
559,654,584,3,0
559,655,584,3,0
559,656,534,0,3
559,658,534,0,3
559,661,584,3,0
559,662,534,0,3
559,666,584,3,0
559,667,584,3,0
559,669,584,3,0
559,673,584,3,0
559,674,584,3,0
559,675,584,3,0
559,678,584,3,0
559,679,534,0,3
559,680,534,0,3
559,682,584,3,0
559,684,534,0,3
559,685,584,3,0
559,686,534,0,3
559,687,534,0,3
559,689,584,3,0
559,690,534,0,3
559,691,534,0,3
559,692,584,3,0
559,695,584,3,0
559,696,584,3,0
559,698,584,3,0
559,699,584,3,0
559,700,584,3,0
559,701,584,3,0
559,706,584,3,0
559,707,534,0,3
559,708,584,3,0
559,709,584,3,0
559,711,534,0,3
559,712,584,3,0
559,714,584,3,0
559,715,584,3,0
559,720,584,3,0
559,721,584,3,0
559,722,584,3,0
559,723,584,3,0
559,724,534,0,3
560,626,559,1,2
560,627,535,0,3
560,631,559,1,2
560,632,559,1,2
560,636,559,1,2
560,637,559,1,2
560,638,559,1,2
560,640,559,1,2
560,643,559,1,2
560,644,559,1,2
560,646,559,1,2
560,647,559,1,2
560,650,535,0,3
560,651,559,1,2
560,652,559,1,2
560,653,559,1,2
560,657,559,1,2
560,659,559,1,2
560,660,559,1,2
560,663,559,1,2
560,664,559,1,2
560,668,559,1,2
560,669,585,3,0
560,671,559,1,2
560,672,559,1,2
560,676,559,1,2
560,677,559,1,2
560,679,535,0,3
560,681,559,1,2
560,683,559,1,2
560,688,559,1,2
560,693,559,1,2
560,694,559,1,2
560,696,559,1,2
560,697,559,1,2
560,700,559,1,2
560,702,559,1,2
560,703,559,1,2
560,704,559,1,2
560,705,559,1,2
560,713,559,1,2
560,715,585,3,0
560,716,559,1,2
560,717,559,1,2
560,718,559,1,2
560,719,559,1,2
560,724,559,1,2
561,627,536,0,3
561,632,560,1,2
561,636,560,1,2
561,640,560,1,2
561,650,536,0,3
561,669,586,3,0
561,679,536,0,3
561,692,560,1,2
561,696,560,1,2
561,700,560,1,2
561,715,586,3,0
561,724,560,1,2
562,627,537,0,3
562,632,561,1,2
562,636,561,1,2
562,640,561,1,2
562,650,537,0,3
562,669,587,3,0
562,679,537,0,3
562,685,561,1,2
562,696,561,1,2
562,700,561,1,2
562,715,587,3,0
562,724,561,1,2
563,650,538,0,3
563,669,588,3,0
563,700,562,1,2
563,715,588,3,0
563,724,562,1,2
564,650,539,0,3
564,667,589,3,0
564,673,589,3,0
564,715,589,3,0
565,650,540,0,3
567,650,542,0,3
568,650,543,0,3
568,667,593,3,0
568,673,593,3,0
568,715,593,3,0
569,632,570,2,1
569,650,544,0,3
569,660,570,2,1
569,669,594,3,0
569,700,570,2,1
569,715,594,3,0
569,724,570,2,1
570,627,545,0,3
570,632,571,2,1
570,636,571,2,1
570,640,571,2,1
570,650,545,0,3
570,669,595,3,0
570,679,545,0,3
570,685,569,1,2
570,696,571,2,1
570,700,571,2,1
570,715,595,3,0
570,724,571,2,1
571,627,546,0,3
571,632,572,2,1
571,636,572,2,1
571,640,572,2,1
571,650,546,0,3
571,669,596,3,0
571,679,546,0,3
571,692,570,1,2
571,696,572,2,1
571,700,572,2,1
571,715,596,3,0
571,724,572,2,1
572,627,547,0,3
572,632,547,0,3
572,636,547,0,3
572,650,547,0,3
572,669,597,3,0
572,679,547,0,3
572,696,597,3,0
572,700,597,3,0
572,715,597,3,0
572,724,547,0,3
573,627,572,1,2
573,632,548,0,3
573,636,548,0,3
573,640,598,3,0
573,650,572,1,2
573,669,572,1,2
573,679,572,1,2
573,692,574,2,1
573,696,598,3,0
573,700,598,3,0
573,715,572,1,2
573,724,548,0,3
574,627,573,1,2
574,632,549,0,3
574,636,549,0,3
574,640,599,3,0
574,650,573,1,2
574,669,573,1,2
574,679,573,1,2
574,685,550,2,3
574,696,599,3,0
574,700,599,3,0
574,715,573,1,2
574,724,549,0,3
575,632,550,0,2
575,650,599,3,2
575,660,600,2,0
575,669,599,3,2
575,700,600,2,0
575,715,599,3,2
575,724,550,0,2
576,650,575,1,1
576,667,575,1,1
576,673,575,1,1
576,715,575,1,1
577,650,576,1,2
579,650,580,2,1
580,650,581,2,1
580,715,581,2,1
581,650,582,2,1
581,660,606,3,0
581,669,582,2,1
581,700,606,3,0
581,715,582,2,1
581,724,556,0,3
582,627,583,2,1
582,632,557,0,3
582,636,557,0,3
582,640,607,3,0
582,650,583,2,1
582,669,583,2,1
582,679,583,2,1
582,696,607,3,0
582,700,607,3,0
582,715,583,2,1
582,724,557,0,3
583,627,584,2,1
583,632,558,0,3
583,636,558,0,3
583,640,608,3,0
583,650,584,2,1
583,669,584,2,1
583,679,584,2,1
583,696,608,3,0
583,700,608,3,0
583,715,584,2,1
583,724,558,0,3
584,625,559,0,3
584,627,559,0,3
584,628,609,3,0
584,629,559,0,3
584,630,559,0,3
584,632,559,0,3
584,633,609,3,0
584,634,559,0,3
584,635,559,0,3
584,636,559,0,3
584,639,559,0,3
584,640,609,3,0
584,641,559,0,3
584,642,559,0,3
584,645,609,3,0
584,648,559,0,3
584,649,609,3,0
584,650,559,0,3
584,654,609,3,0
584,655,609,3,0
584,656,559,0,3
584,658,559,0,3
584,661,609,3,0
584,662,559,0,3
584,666,609,3,0
584,667,609,3,0
584,669,609,3,0
584,670,559,0,3
584,673,609,3,0
584,675,609,3,0
584,678,609,3,0
584,679,559,0,3
584,680,559,0,3
584,682,609,3,0
584,684,559,0,3
584,685,609,3,0
584,686,559,0,3
584,687,559,0,3
584,690,559,0,3
584,691,559,0,3
584,692,609,3,0
584,696,609,3,0
584,698,609,3,0
584,699,609,3,0
584,700,609,3,0
584,701,609,3,0
584,706,609,3,0
584,707,559,0,3
584,708,609,3,0
584,709,609,3,0
584,711,559,0,3
584,712,609,3,0
584,714,609,3,0
584,715,609,3,0
584,720,609,3,0
584,721,609,3,0
584,722,609,3,0
584,723,609,3,0
584,724,559,0,3
585,626,584,1,2
585,627,560,0,3
585,631,584,1,2
585,632,584,1,2
585,636,584,1,2
585,637,584,1,2
585,638,584,1,2
585,640,584,1,2
585,643,584,1,2
585,644,584,1,2
585,646,584,1,2
585,647,584,1,2
585,650,560,0,3
585,651,584,1,2
585,652,584,1,2
585,653,584,1,2
585,657,584,1,2
585,659,584,1,2
585,660,584,1,2
585,663,584,1,2
585,664,584,1,2
585,665,584,1,2
585,668,584,1,2
585,669,610,3,0
585,671,584,1,2
585,672,584,1,2
585,676,584,1,2
585,677,584,1,2
585,679,560,0,3
585,681,584,1,2
585,683,584,1,2
585,688,584,1,2
585,693,584,1,2
585,694,584,1,2
585,696,584,1,2
585,697,584,1,2
585,700,584,1,2
585,702,584,1,2
585,703,584,1,2
585,704,584,1,2
585,705,584,1,2
585,710,584,1,2
585,713,584,1,2
585,715,610,3,0
585,716,584,1,2
585,717,584,1,2
585,718,584,1,2
585,719,584,1,2
585,724,584,1,2
586,627,561,0,3
586,632,585,1,2
586,636,585,1,2
586,640,585,1,2
586,650,561,0,3
586,669,611,3,0
586,679,561,0,3
586,692,585,1,2
586,696,585,1,2
586,700,585,1,2
586,715,611,3,0
586,724,585,1,2
587,627,562,0,3
587,632,586,1,2
587,636,586,1,2
587,640,586,1,2
587,650,562,0,3
587,669,612,3,0
587,679,562,0,3
587,685,586,1,2
587,696,586,1,2
587,700,586,1,2
587,715,612,3,0
587,724,586,1,2
588,650,563,0,3
588,669,613,3,0
588,700,587,1,2
588,715,613,3,0
588,724,587,1,2
589,650,564,0,3
589,667,614,3,0
589,673,614,3,0
589,715,614,3,0
590,650,565,0,3
592,650,567,0,3
593,650,568,0,3
593,667,618,3,0
593,673,618,3,0
593,715,618,3,0
594,632,595,2,1
594,650,569,0,3
594,660,595,2,1
594,669,619,3,0
594,700,595,2,1
594,715,619,3,0
594,724,595,2,1
595,627,570,0,3
595,632,596,2,1
595,636,596,2,1
595,640,596,2,1
595,650,570,0,3
595,669,620,3,0
595,679,570,0,3
595,685,594,1,2
595,696,596,2,1
595,700,596,2,1
595,715,620,3,0
595,724,596,2,1
596,627,571,0,3
596,632,597,2,1
596,636,597,2,1
596,640,597,2,1
596,650,571,0,3
596,669,621,3,0
596,679,571,0,3
596,692,595,1,2
596,696,597,2,1
596,700,597,2,1
596,715,621,3,0
596,724,597,2,1
597,627,572,0,3
597,632,572,0,3
597,636,572,0,3
597,650,572,0,3
597,669,622,3,0
597,679,572,0,3
597,696,622,3,0
597,700,622,3,0
597,715,622,3,0
597,724,572,0,3
598,627,597,1,2
598,632,573,0,3
598,636,573,0,3
598,640,623,3,0
598,650,597,1,2
598,669,597,1,2
598,679,597,1,2
598,692,599,2,1
598,696,623,3,0
598,700,623,3,0
598,715,597,1,2
598,724,573,0,3
599,627,598,1,2
599,632,574,0,3
599,636,574,0,3
599,640,624,3,0
599,650,598,1,2
599,669,598,1,2
599,679,598,1,2
599,685,575,2,3
599,696,624,3,0
599,700,624,3,0
599,715,598,1,2
599,724,574,0,3
600,632,575,0,2
600,650,624,3,2
600,660,0,2,3
600,669,624,3,2
600,700,0,2,3
600,715,624,3,2
600,724,575,0,2
601,650,600,1,1
601,667,600,1,1
601,673,600,1,1
601,715,600,1,1
602,650,601,1,2
604,650,605,2,1
605,650,606,2,1
605,715,606,2,1
606,650,607,2,1
606,660,6,3,3
606,669,607,2,1
606,700,6,3,3
606,715,607,2,1
606,724,581,0,3
607,627,608,2,1
607,632,582,0,3
607,636,7,3,3
607,640,7,3,3
607,650,608,2,1
607,669,608,2,1
607,679,608,2,1
607,696,696,75,0
607,700,7,3,3
607,715,608,2,1
607,724,582,0,3
608,627,609,2,1
608,632,583,0,3
608,636,8,3,3
608,640,8,3,3
608,650,609,2,1
608,669,609,2,1
608,679,609,2,1
608,696,607,1,2
608,700,8,3,3
608,715,609,2,1
608,724,583,0,3
609,625,584,0,3
609,627,584,0,3
609,628,9,3,3
609,629,584,0,3
609,630,584,0,3
609,632,584,0,3
609,633,9,3,3
609,634,584,0,3
609,635,584,0,3
609,636,9,3,3
609,639,584,0,3
609,640,9,3,3
609,641,584,0,3
609,642,584,0,3
609,645,9,3,3
609,648,584,0,3
609,649,9,3,3
609,650,584,0,3
609,654,9,3,3
609,655,9,3,3
609,656,584,0,3
609,658,584,0,3
609,661,9,3,3
609,662,584,0,3
609,666,9,3,3
609,669,9,3,3
609,670,584,0,3
609,673,9,3,3
609,674,584,0,3
609,675,9,3,3
609,678,9,3,3
609,679,584,0,3
609,680,584,0,3
609,682,9,3,3
609,684,584,0,3
609,685,9,3,3
609,686,9,3,3
609,687,584,0,3
609,689,584,0,3
609,690,584,0,3
609,691,584,0,3
609,692,9,3,3
609,695,584,0,3
609,696,608,1,2
609,698,9,3,3
609,699,9,3,3
609,700,9,3,3
609,701,9,3,3
609,706,9,3,3
609,707,584,0,3
609,709,9,3,3
609,711,584,0,3
609,712,9,3,3
609,714,9,3,3
609,715,9,3,3
609,720,9,3,3
609,721,9,3,3
609,722,9,3,3
609,723,9,3,3
609,724,584,0,3
610,626,609,1,2
610,627,585,0,3
610,631,609,1,2
610,632,609,1,2
610,636,609,1,2
610,637,609,1,2
610,638,609,1,2
610,640,609,1,2
610,643,609,1,2
610,644,609,1,2
610,646,609,1,2
610,647,609,1,2
610,650,585,0,3
610,651,609,1,2
610,652,609,1,2
610,653,609,1,2
610,657,609,1,2
610,659,609,1,2
610,660,609,1,2
610,664,609,1,2
610,665,609,1,2
610,667,611,2,1
610,668,609,1,2
610,669,10,3,3
610,671,609,1,2
610,672,609,1,2
610,676,609,1,2
610,677,609,1,2
610,679,585,0,3
610,681,609,1,2
610,683,609,1,2
610,688,609,1,2
610,693,609,1,2
610,694,609,1,2
610,696,609,1,2
610,697,609,1,2
610,700,609,1,2
610,702,609,1,2
610,703,609,1,2
610,704,609,1,2
610,705,609,1,2
610,710,609,1,2
610,713,609,1,2
610,715,10,3,3
610,716,609,1,2
610,717,609,1,2
610,718,609,1,2
610,719,609,1,2
610,724,609,1,2
611,627,586,0,3
611,632,610,1,2
611,636,610,1,2
611,640,610,1,2
611,650,586,0,3
611,667,612,2,1
611,669,11,3,3
611,679,586,0,3
611,692,610,1,2
611,696,610,1,2
611,700,610,1,2
611,715,11,3,3
611,724,610,1,2
612,627,587,0,3
612,632,611,1,2
612,636,611,1,2
612,640,611,1,2
612,650,587,0,3
612,667,613,2,1
612,669,12,3,3
612,679,587,0,3
612,685,611,1,2
612,696,611,1,2
612,700,611,1,2
612,715,12,3,3
612,724,611,1,2
613,650,588,0,3
613,667,614,2,1
613,669,13,3,3
613,700,612,1,2
613,715,13,3,3
613,724,612,1,2
614,650,589,0,3
614,667,667,46,0
614,673,14,3,3
614,715,14,3,3
615,650,590,0,3
617,650,592,0,3
618,650,593,0,3
618,673,18,3,3
618,715,18,3,3
619,632,620,2,1
619,650,594,0,3
619,660,620,2,1
619,667,618,1,2
619,669,19,3,3
619,700,620,2,1
619,715,19,3,3
619,724,620,2,1
620,627,595,0,3
620,632,621,2,1
620,636,621,2,1
620,640,621,2,1
620,650,595,0,3
620,667,619,1,2
620,669,20,3,3
620,679,595,0,3
620,685,619,1,2
620,696,621,2,1
620,700,621,2,1
620,715,20,3,3
620,724,621,2,1
621,627,596,0,3
621,632,622,2,1
621,636,622,2,1
621,640,622,2,1
621,650,596,0,3
621,667,620,1,2
621,669,21,3,3
621,679,596,0,3
621,692,620,1,2
621,696,622,2,1
621,700,622,2,1
621,715,21,3,3
621,724,622,2,1
622,627,597,0,3
622,632,597,0,3
622,650,597,0,3
622,667,621,1,2
622,669,22,3,3
622,679,597,0,3
622,696,623,2,1
622,700,22,3,3
622,715,22,3,3
622,724,597,0,3
623,627,622,1,2
623,632,598,0,3
623,636,23,3,3
623,640,23,3,3
623,650,622,1,2
623,669,622,1,2
623,679,622,1,2
623,692,624,2,1
623,696,624,2,1
623,700,23,3,3
623,715,622,1,2
623,724,598,0,3
624,627,623,1,2
624,632,599,0,3
624,636,24,3,3
624,640,24,3,3
624,650,623,1,2
624,669,623,1,2
624,679,623,1,2
624,685,600,2,3
624,696,600,2,3
624,700,24,3,3
624,715,623,1,2
624,724,599,0,3
627,625,437,0,6
627,626,437,0,6
627,628,437,0,6
627,629,437,0,6
627,630,437,0,6
627,631,437,0,6
627,632,437,0,6
627,633,437,0,6
627,634,437,0,6
627,635,437,0,6
627,636,437,0,6
627,637,437,0,6
627,638,437,0,6
627,639,437,0,6
627,640,437,0,6
627,641,437,0,6
627,642,437,0,6
627,643,437,0,6
627,644,437,0,6
627,645,437,0,6
627,646,437,0,6
627,647,437,0,6
627,648,437,0,6
627,649,437,0,6
627,650,437,0,6
627,651,437,0,6
627,652,437,0,6
627,653,437,0,6
627,654,437,0,6
627,655,437,0,6
627,656,437,0,6
627,657,437,0,6
627,658,437,0,6
627,659,437,0,6
627,660,437,0,6
627,661,437,0,6
627,662,437,0,6
627,663,437,0,6
627,664,437,0,6
627,665,437,0,6
627,666,437,0,6
627,667,437,0,6
627,668,437,0,6
627,669,437,0,6
627,670,437,0,6
627,671,437,0,6
627,672,437,0,6
627,673,437,0,6
627,674,437,0,6
627,675,437,0,6
627,676,437,0,6
627,677,437,0,6
627,678,437,0,6
627,679,437,0,6
627,680,437,0,6
627,681,437,0,6
627,682,437,0,6
627,683,437,0,6
627,684,437,0,6
627,685,437,0,6
627,686,437,0,6
627,687,437,0,6
627,688,437,0,6
627,689,437,0,6
627,690,437,0,6
627,691,437,0,6
627,692,437,0,6
627,693,437,0,6
627,694,437,0,6
627,695,437,0,6
627,696,437,0,6
627,697,437,0,6
627,698,437,0,6
627,699,437,0,6
627,700,437,0,6
627,701,437,0,6
627,702,437,0,6
627,703,437,0,6
627,704,437,0,6
627,705,437,0,6
627,706,437,0,6
627,707,437,0,6
627,708,437,0,6
627,709,437,0,6
627,710,437,0,6
627,711,437,0,6
627,712,437,0,6
627,713,437,0,6
627,714,437,0,6
627,715,437,0,6
627,716,437,0,6
627,717,437,0,6
627,718,437,0,6
627,719,437,0,6
627,720,437,0,6
627,721,437,0,6
627,722,437,0,6
627,723,437,0,6
627,724,437,0,6
632,625,500,0,11
632,626,500,0,11
632,627,500,0,11
632,628,500,0,11
632,629,500,0,11
632,630,500,0,11
632,631,500,0,11
632,633,500,0,11
632,634,500,0,11
632,635,500,0,11
632,636,500,0,11
632,637,500,0,11
632,638,500,0,11
632,639,500,0,11
632,640,500,0,11
632,641,500,0,11
632,642,500,0,11
632,643,500,0,11
632,644,500,0,11
632,645,500,0,11
632,646,500,0,11
632,647,500,0,11
632,648,500,0,11
632,649,500,0,11
632,650,500,0,11
632,651,500,0,11
632,652,500,0,11
632,653,500,0,11
632,654,500,0,11
632,655,500,0,11
632,656,500,0,11
632,657,500,0,11
632,658,500,0,11
632,659,500,0,11
632,660,500,0,11
632,661,500,0,11
632,662,500,0,11
632,663,500,0,11
632,664,500,0,11
632,665,500,0,11
632,666,500,0,11
632,667,500,0,11
632,668,500,0,11
632,669,500,0,11
632,670,500,0,11
632,671,500,0,11
632,672,500,0,11
632,673,500,0,11
632,674,500,0,11
632,675,500,0,11
632,676,500,0,11
632,677,500,0,11
632,678,500,0,11
632,679,500,0,11
632,680,500,0,11
632,681,500,0,11
632,682,500,0,11
632,683,500,0,11
632,684,500,0,11
632,685,500,0,11
632,686,500,0,11
632,687,500,0,11
632,688,500,0,11
632,689,500,0,11
632,690,500,0,11
632,691,500,0,11
632,692,500,0,11
632,693,500,0,11
632,694,500,0,11
632,695,500,0,11
632,696,500,0,11
632,697,500,0,11
632,698,500,0,11
632,699,500,0,11
632,700,500,0,11
632,701,500,0,11
632,702,500,0,11
632,703,500,0,11
632,704,500,0,11
632,705,500,0,11
632,706,500,0,11
632,707,500,0,11
632,708,500,0,11
632,709,500,0,11
632,710,500,0,11
632,711,500,0,11
632,712,500,0,11
632,713,500,0,11
632,714,500,0,11
632,715,500,0,11
632,716,500,0,11
632,717,500,0,11
632,718,500,0,11
632,719,500,0,11
632,720,500,0,11
632,721,500,0,11
632,722,500,0,11
632,723,500,0,11
632,724,500,0,11
636,625,282,0,15
636,626,282,0,15
636,627,282,0,15
636,628,282,0,15
636,629,282,0,15
636,630,282,0,15
636,631,282,0,15
636,632,282,0,15
636,633,282,0,15
636,634,282,0,15
636,635,282,0,15
636,637,282,0,15
636,638,282,0,15
636,639,282,0,15
636,640,282,0,15
636,641,282,0,15
636,642,282,0,15
636,643,282,0,15
636,644,282,0,15
636,645,282,0,15
636,646,282,0,15
636,647,282,0,15
636,648,282,0,15
636,649,282,0,15
636,650,282,0,15
636,651,282,0,15
636,652,282,0,15
636,653,282,0,15
636,654,282,0,15
636,655,282,0,15
636,656,282,0,15
636,657,282,0,15
636,658,282,0,15
636,659,282,0,15
636,660,282,0,15
636,661,282,0,15
636,662,282,0,15
636,663,282,0,15
636,664,282,0,15
636,665,282,0,15
636,666,282,0,15
636,667,282,0,15
636,668,282,0,15
636,669,282,0,15
636,670,282,0,15
636,671,282,0,15
636,672,282,0,15
636,673,282,0,15
636,674,282,0,15
636,675,282,0,15
636,676,282,0,15
636,677,282,0,15
636,678,282,0,15
636,679,282,0,15
636,680,282,0,15
636,681,282,0,15
636,682,282,0,15
636,683,282,0,15
636,684,282,0,15
636,685,282,0,15
636,686,282,0,15
636,687,282,0,15
636,688,282,0,15
636,689,282,0,15
636,690,282,0,15
636,691,282,0,15
636,692,282,0,15
636,693,282,0,15
636,694,282,0,15
636,695,282,0,15
636,696,282,0,15
636,697,282,0,15
636,698,282,0,15
636,699,282,0,15
636,700,282,0,15
636,701,282,0,15
636,702,282,0,15
636,703,282,0,15
636,704,282,0,15
636,705,282,0,15
636,706,282,0,15
636,707,282,0,15
636,708,282,0,15
636,709,282,0,15
636,710,282,0,15
636,711,282,0,15
636,712,282,0,15
636,713,282,0,15
636,714,282,0,15
636,715,282,0,15
636,716,282,0,15
636,717,282,0,15
636,718,282,0,15
636,719,282,0,15
636,720,282,0,15
636,721,282,0,15
636,722,282,0,15
636,723,282,0,15
636,724,282,0,15
640,625,182,0,19
640,626,182,0,19
640,627,182,0,19
640,628,182,0,19
640,629,182,0,19
640,630,182,0,19
640,631,182,0,19
640,632,182,0,19
640,633,182,0,19
640,634,182,0,19
640,635,182,0,19
640,636,182,0,19
640,637,182,0,19
640,638,182,0,19
640,639,182,0,19
640,641,182,0,19
640,642,182,0,19
640,643,182,0,19
640,644,182,0,19
640,645,182,0,19
640,646,182,0,19
640,647,182,0,19
640,648,182,0,19
640,649,182,0,19
640,650,182,0,19
640,651,182,0,19
640,652,182,0,19
640,653,182,0,19
640,654,182,0,19
640,655,182,0,19
640,656,182,0,19
640,657,182,0,19
640,658,182,0,19
640,659,182,0,19
640,660,182,0,19
640,661,182,0,19
640,662,182,0,19
640,663,182,0,19
640,664,182,0,19
640,665,182,0,19
640,666,182,0,19
640,667,182,0,19
640,668,182,0,19
640,669,182,0,19
640,670,182,0,19
640,671,182,0,19
640,672,182,0,19
640,673,182,0,19
640,674,182,0,19
640,675,182,0,19
640,676,182,0,19
640,677,182,0,19
640,678,182,0,19
640,679,182,0,19
640,680,182,0,19
640,681,182,0,19
640,682,182,0,19
640,683,182,0,19
640,684,182,0,19
640,685,182,0,19
640,686,182,0,19
640,687,182,0,19
640,688,182,0,19
640,689,182,0,19
640,690,182,0,19
640,691,182,0,19
640,692,182,0,19
640,693,182,0,19
640,694,182,0,19
640,695,182,0,19
640,696,182,0,19
640,697,182,0,19
640,698,182,0,19
640,699,182,0,19
640,700,182,0,19
640,701,182,0,19
640,702,182,0,19
640,703,182,0,19
640,704,182,0,19
640,705,182,0,19
640,706,182,0,19
640,707,182,0,19
640,708,182,0,19
640,709,182,0,19
640,710,182,0,19
640,711,182,0,19
640,712,182,0,19
640,713,182,0,19
640,714,182,0,19
640,715,182,0,19
640,716,182,0,19
640,717,182,0,19
640,718,182,0,19
640,719,182,0,19
640,720,182,0,19
640,721,182,0,19
640,722,182,0,19
640,723,182,0,19
640,724,182,0,19
650,625,415,0,29
650,626,415,0,29
650,627,415,0,29
650,628,415,0,29
650,629,415,0,29
650,630,415,0,29
650,631,415,0,29
650,632,415,0,29
650,633,415,0,29
650,634,415,0,29
650,635,415,0,29
650,636,415,0,29
650,637,415,0,29
650,638,415,0,29
650,639,415,0,29
650,640,415,0,29
650,641,415,0,29
650,642,415,0,29
650,643,415,0,29
650,644,415,0,29
650,645,415,0,29
650,646,415,0,29
650,647,415,0,29
650,648,415,0,29
650,649,415,0,29
650,651,415,0,29
650,652,415,0,29
650,653,415,0,29
650,654,415,0,29
650,655,415,0,29
650,656,415,0,29
650,657,415,0,29
650,658,415,0,29
650,659,415,0,29
650,660,415,0,29
650,661,415,0,29
650,662,415,0,29
650,663,415,0,29
650,664,415,0,29
650,665,415,0,29
650,666,415,0,29
650,667,415,0,29
650,668,415,0,29
650,669,415,0,29
650,670,415,0,29
650,671,415,0,29
650,672,415,0,29
650,673,415,0,29
650,674,415,0,29
650,675,415,0,29
650,676,415,0,29
650,677,415,0,29
650,678,415,0,29
650,679,415,0,29
650,680,415,0,29
650,681,415,0,29
650,682,415,0,29
650,683,415,0,29
650,684,415,0,29
650,685,415,0,29
650,686,415,0,29
650,687,415,0,29
650,688,415,0,29
650,689,415,0,29
650,690,415,0,29
650,691,415,0,29
650,692,415,0,29
650,693,415,0,29
650,694,415,0,29
650,695,415,0,29
650,696,415,0,29
650,697,415,0,29
650,698,415,0,29
650,699,415,0,29
650,700,415,0,29
650,701,415,0,29
650,702,415,0,29
650,703,415,0,29
650,704,415,0,29
650,705,415,0,29
650,706,415,0,29
650,707,415,0,29
650,708,415,0,29
650,709,415,0,29
650,710,415,0,29
650,711,415,0,29
650,712,415,0,29
650,713,415,0,29
650,714,415,0,29
650,715,415,0,29
650,716,415,0,29
650,717,415,0,29
650,718,415,0,29
650,719,415,0,29
650,720,415,0,29
650,721,415,0,29
650,722,415,0,29
650,723,415,0,29
650,724,415,0,29
660,625,6,0,39
660,626,6,0,39
660,627,6,0,39
660,628,6,0,39
660,629,6,0,39
660,630,6,0,39
660,631,6,0,39
660,632,6,0,39
660,633,6,0,39
660,634,6,0,39
660,635,6,0,39
660,636,6,0,39
660,637,6,0,39
660,638,6,0,39
660,639,6,0,39
660,640,6,0,39
660,641,6,0,39
660,642,6,0,39
660,643,6,0,39
660,644,6,0,39
660,645,6,0,39
660,646,6,0,39
660,647,6,0,39
660,648,6,0,39
660,649,6,0,39
660,650,6,0,39
660,651,6,0,39
660,652,6,0,39
660,653,6,0,39
660,654,6,0,39
660,655,6,0,39
660,656,6,0,39
660,657,6,0,39
660,658,6,0,39
660,659,6,0,39
660,661,6,0,39
660,662,6,0,39
660,663,6,0,39
660,664,6,0,39
660,665,6,0,39
660,666,6,0,39
660,667,6,0,39
660,668,6,0,39
660,669,6,0,39
660,670,6,0,39
660,671,6,0,39
660,672,6,0,39
660,673,6,0,39
660,674,6,0,39
660,675,6,0,39
660,676,6,0,39
660,677,6,0,39
660,678,6,0,39
660,679,6,0,39
660,680,6,0,39
660,681,6,0,39
660,682,6,0,39
660,683,6,0,39
660,684,6,0,39
660,685,6,0,39
660,686,6,0,39
660,687,6,0,39
660,688,6,0,39
660,689,6,0,39
660,690,6,0,39
660,691,6,0,39
660,692,6,0,39
660,693,6,0,39
660,694,6,0,39
660,695,6,0,39
660,696,6,0,39
660,697,6,0,39
660,698,6,0,39
660,699,6,0,39
660,700,6,0,39
660,701,6,0,39
660,702,6,0,39
660,703,6,0,39
660,704,6,0,39
660,705,6,0,39
660,706,6,0,39
660,707,6,0,39
660,708,6,0,39
660,709,6,0,39
660,710,6,0,39
660,711,6,0,39
660,712,6,0,39
660,713,6,0,39
660,714,6,0,39
660,715,6,0,39
660,716,6,0,39
660,717,6,0,39
660,718,6,0,39
660,719,6,0,39
660,720,6,0,39
660,721,6,0,39
660,722,6,0,39
660,723,6,0,39
660,724,6,0,39
667,625,614,0,46
667,626,614,0,46
667,627,614,0,46
667,628,614,0,46
667,629,614,0,46
667,630,614,0,46
667,631,614,0,46
667,632,614,0,46
667,633,614,0,46
667,634,614,0,46
667,635,614,0,46
667,636,614,0,46
667,637,614,0,46
667,638,614,0,46
667,639,614,0,46
667,640,614,0,46
667,641,614,0,46
667,642,614,0,46
667,643,614,0,46
667,644,614,0,46
667,645,614,0,46
667,646,614,0,46
667,647,614,0,46
667,648,614,0,46
667,649,614,0,46
667,650,614,0,46
667,651,614,0,46
667,652,614,0,46
667,653,614,0,46
667,654,614,0,46
667,655,614,0,46
667,656,614,0,46
667,657,614,0,46
667,658,614,0,46
667,659,614,0,46
667,660,614,0,46
667,661,614,0,46
667,662,614,0,46
667,663,614,0,46
667,664,614,0,46
667,665,614,0,46
667,666,614,0,46
667,668,614,0,46
667,669,614,0,46
667,670,614,0,46
667,671,614,0,46
667,672,614,0,46
667,673,614,0,46
667,674,614,0,46
667,675,614,0,46
667,676,614,0,46
667,677,614,0,46
667,678,614,0,46
667,679,614,0,46
667,680,614,0,46
667,681,614,0,46
667,682,614,0,46
667,683,614,0,46
667,684,614,0,46
667,685,614,0,46
667,686,614,0,46
667,687,614,0,46
667,688,614,0,46
667,689,614,0,46
667,690,614,0,46
667,691,614,0,46
667,692,614,0,46
667,693,614,0,46
667,694,614,0,46
667,695,614,0,46
667,696,614,0,46
667,697,614,0,46
667,698,614,0,46
667,699,614,0,46
667,700,614,0,46
667,701,614,0,46
667,702,614,0,46
667,703,614,0,46
667,704,614,0,46
667,705,614,0,46
667,706,614,0,46
667,707,614,0,46
667,708,614,0,46
667,709,614,0,46
667,710,614,0,46
667,711,614,0,46
667,712,614,0,46
667,713,614,0,46
667,714,614,0,46
667,715,614,0,46
667,716,614,0,46
667,717,614,0,46
667,718,614,0,46
667,719,614,0,46
667,720,614,0,46
667,721,614,0,46
667,722,614,0,46
667,723,614,0,46
667,724,614,0,46
669,625,88,0,48
669,626,88,0,48
669,627,88,0,48
669,628,88,0,48
669,629,88,0,48
669,630,88,0,48
669,631,88,0,48
669,632,88,0,48
669,633,88,0,48
669,634,88,0,48
669,635,88,0,48
669,636,88,0,48
669,637,88,0,48
669,638,88,0,48
669,639,88,0,48
669,640,88,0,48
669,641,88,0,48
669,642,88,0,48
669,643,88,0,48
669,644,88,0,48
669,645,88,0,48
669,646,88,0,48
669,647,88,0,48
669,648,88,0,48
669,649,88,0,48
669,650,88,0,48
669,651,88,0,48
669,652,88,0,48
669,653,88,0,48
669,654,88,0,48
669,655,88,0,48
669,656,88,0,48
669,657,88,0,48
669,658,88,0,48
669,659,88,0,48
669,660,88,0,48
669,661,88,0,48
669,662,88,0,48
669,663,88,0,48
669,664,88,0,48
669,665,88,0,48
669,666,88,0,48
669,667,88,0,48
669,668,88,0,48
669,670,88,0,48
669,671,88,0,48
669,672,88,0,48
669,673,88,0,48
669,674,88,0,48
669,675,88,0,48
669,676,88,0,48
669,677,88,0,48
669,678,88,0,48
669,679,88,0,48
669,680,88,0,48
669,681,88,0,48
669,682,88,0,48
669,683,88,0,48
669,684,88,0,48
669,685,88,0,48
669,686,88,0,48
669,687,88,0,48
669,688,88,0,48
669,689,88,0,48
669,690,88,0,48
669,691,88,0,48
669,692,88,0,48
669,693,88,0,48
669,694,88,0,48
669,695,88,0,48
669,696,88,0,48
669,697,88,0,48
669,698,88,0,48
669,699,88,0,48
669,700,88,0,48
669,701,88,0,48
669,702,88,0,48
669,703,88,0,48
669,704,88,0,48
669,705,88,0,48
669,706,88,0,48
669,707,88,0,48
669,708,88,0,48
669,709,88,0,48
669,710,88,0,48
669,711,88,0,48
669,712,88,0,48
669,713,88,0,48
669,714,88,0,48
669,715,88,0,48
669,716,88,0,48
669,717,88,0,48
669,718,88,0,48
669,719,88,0,48
669,720,88,0,48
669,721,88,0,48
669,722,88,0,48
669,723,88,0,48
669,724,88,0,48
673,625,14,0,52
673,626,14,0,52
673,627,14,0,52
673,628,14,0,52
673,629,14,0,52
673,630,14,0,52
673,631,14,0,52
673,632,14,0,52
673,633,14,0,52
673,634,14,0,52
673,635,14,0,52
673,636,14,0,52
673,637,14,0,52
673,638,14,0,52
673,639,14,0,52
673,640,14,0,52
673,641,14,0,52
673,642,14,0,52
673,643,14,0,52
673,644,14,0,52
673,645,14,0,52
673,646,14,0,52
673,647,14,0,52
673,648,14,0,52
673,649,14,0,52
673,650,14,0,52
673,651,14,0,52
673,652,14,0,52
673,653,14,0,52
673,654,14,0,52
673,655,14,0,52
673,656,14,0,52
673,657,14,0,52
673,658,14,0,52
673,659,14,0,52
673,660,14,0,52
673,661,14,0,52
673,662,14,0,52
673,663,14,0,52
673,664,14,0,52
673,665,14,0,52
673,666,14,0,52
673,667,14,0,52
673,668,14,0,52
673,669,14,0,52
673,670,14,0,52
673,671,14,0,52
673,672,14,0,52
673,674,14,0,52
673,675,14,0,52
673,676,14,0,52
673,677,14,0,52
673,678,14,0,52
673,679,14,0,52
673,680,14,0,52
673,681,14,0,52
673,682,14,0,52
673,683,14,0,52
673,684,14,0,52
673,685,14,0,52
673,686,14,0,52
673,687,14,0,52
673,688,14,0,52
673,689,14,0,52
673,690,14,0,52
673,691,14,0,52
673,692,14,0,52
673,693,14,0,52
673,694,14,0,52
673,695,14,0,52
673,696,14,0,52
673,697,14,0,52
673,698,14,0,52
673,699,14,0,52
673,700,14,0,52
673,701,14,0,52
673,702,14,0,52
673,703,14,0,52
673,704,14,0,52
673,705,14,0,52
673,706,14,0,52
673,707,14,0,52
673,708,14,0,52
673,709,14,0,52
673,710,14,0,52
673,711,14,0,52
673,712,14,0,52
673,713,14,0,52
673,714,14,0,52
673,715,14,0,52
673,716,14,0,52
673,717,14,0,52
673,718,14,0,52
673,719,14,0,52
673,720,14,0,52
673,721,14,0,52
673,722,14,0,52
673,723,14,0,52
673,724,14,0,52
679,625,462,0,58
679,626,462,0,58
679,627,462,0,58
679,628,462,0,58
679,629,462,0,58
679,630,462,0,58
679,631,462,0,58
679,632,462,0,58
679,633,462,0,58
679,634,462,0,58
679,635,462,0,58
679,636,462,0,58
679,637,462,0,58
679,638,462,0,58
679,639,462,0,58
679,640,462,0,58
679,641,462,0,58
679,642,462,0,58
679,643,462,0,58
679,644,462,0,58
679,645,462,0,58
679,646,462,0,58
679,647,462,0,58
679,648,462,0,58
679,649,462,0,58
679,650,462,0,58
679,651,462,0,58
679,652,462,0,58
679,653,462,0,58
679,654,462,0,58
679,655,462,0,58
679,656,462,0,58
679,657,462,0,58
679,658,462,0,58
679,659,462,0,58
679,660,462,0,58
679,661,462,0,58
679,662,462,0,58
679,663,462,0,58
679,664,462,0,58
679,665,462,0,58
679,666,462,0,58
679,667,462,0,58
679,668,462,0,58
679,669,462,0,58
679,670,462,0,58
679,671,462,0,58
679,672,462,0,58
679,673,462,0,58
679,674,462,0,58
679,675,462,0,58
679,676,462,0,58
679,677,462,0,58
679,678,462,0,58
679,680,462,0,58
679,681,462,0,58
679,682,462,0,58
679,683,462,0,58
679,684,462,0,58
679,685,462,0,58
679,686,462,0,58
679,687,462,0,58
679,688,462,0,58
679,689,462,0,58
679,690,462,0,58
679,691,462,0,58
679,692,462,0,58
679,693,462,0,58
679,694,462,0,58
679,695,462,0,58
679,696,462,0,58
679,697,462,0,58
679,698,462,0,58
679,699,462,0,58
679,700,462,0,58
679,701,462,0,58
679,702,462,0,58
679,703,462,0,58
679,704,462,0,58
679,705,462,0,58
679,706,462,0,58
679,707,462,0,58
679,708,462,0,58
679,709,462,0,58
679,710,462,0,58
679,711,462,0,58
679,712,462,0,58
679,713,462,0,58
679,714,462,0,58
679,715,462,0,58
679,716,462,0,58
679,717,462,0,58
679,718,462,0,58
679,719,462,0,58
679,720,462,0,58
679,721,462,0,58
679,722,462,0,58
679,723,462,0,58
679,724,462,0,58
685,625,211,0,64
685,626,211,0,64
685,627,211,0,64
685,628,211,0,64
685,629,211,0,64
685,630,211,0,64
685,631,211,0,64
685,632,211,0,64
685,633,211,0,64
685,634,211,0,64
685,635,211,0,64
685,636,211,0,64
685,637,211,0,64
685,638,211,0,64
685,639,211,0,64
685,640,211,0,64
685,641,211,0,64
685,642,211,0,64
685,643,211,0,64
685,644,211,0,64
685,645,211,0,64
685,646,211,0,64
685,647,211,0,64
685,648,211,0,64
685,649,211,0,64
685,650,211,0,64
685,651,211,0,64
685,652,211,0,64
685,653,211,0,64
685,654,211,0,64
685,655,211,0,64
685,656,211,0,64
685,657,211,0,64
685,658,211,0,64
685,659,211,0,64
685,660,211,0,64
685,661,211,0,64
685,662,211,0,64
685,663,211,0,64
685,664,211,0,64
685,665,211,0,64
685,666,211,0,64
685,667,211,0,64
685,668,211,0,64
685,669,211,0,64
685,670,211,0,64
685,671,211,0,64
685,672,211,0,64
685,673,211,0,64
685,674,211,0,64
685,675,211,0,64
685,676,211,0,64
685,677,211,0,64
685,678,211,0,64
685,679,211,0,64
685,680,211,0,64
685,681,211,0,64
685,682,211,0,64
685,683,211,0,64
685,684,211,0,64
685,686,211,0,64
685,687,211,0,64
685,688,211,0,64
685,689,211,0,64
685,690,211,0,64
685,691,211,0,64
685,692,211,0,64
685,693,211,0,64
685,694,211,0,64
685,695,211,0,64
685,696,211,0,64
685,697,211,0,64
685,698,211,0,64
685,699,211,0,64
685,700,211,0,64
685,701,211,0,64
685,702,211,0,64
685,703,211,0,64
685,704,211,0,64
685,705,211,0,64
685,706,211,0,64
685,707,211,0,64
685,708,211,0,64
685,709,211,0,64
685,710,211,0,64
685,711,211,0,64
685,712,211,0,64
685,713,211,0,64
685,714,211,0,64
685,715,211,0,64
685,716,211,0,64
685,717,211,0,64
685,718,211,0,64
685,719,211,0,64
685,720,211,0,64
685,721,211,0,64
685,722,211,0,64
685,723,211,0,64
685,724,211,0,64
692,625,60,0,71
692,626,60,0,71
692,627,60,0,71
692,628,60,0,71
692,629,60,0,71
692,630,60,0,71
692,631,60,0,71
692,632,60,0,71
692,633,60,0,71
692,634,60,0,71
692,635,60,0,71
692,636,60,0,71
692,637,60,0,71
692,638,60,0,71
692,639,60,0,71
692,640,60,0,71
692,641,60,0,71
692,642,60,0,71
692,643,60,0,71
692,644,60,0,71
692,645,60,0,71
692,646,60,0,71
692,647,60,0,71
692,648,60,0,71
692,649,60,0,71
692,650,60,0,71
692,651,60,0,71
692,652,60,0,71
692,653,60,0,71
692,654,60,0,71
692,655,60,0,71
692,656,60,0,71
692,657,60,0,71
692,658,60,0,71
692,659,60,0,71
692,660,60,0,71
692,661,60,0,71
692,662,60,0,71
692,663,60,0,71
692,664,60,0,71
692,665,60,0,71
692,666,60,0,71
692,667,60,0,71
692,668,60,0,71
692,669,60,0,71
692,670,60,0,71
692,671,60,0,71
692,672,60,0,71
692,673,60,0,71
692,674,60,0,71
692,675,60,0,71
692,676,60,0,71
692,677,60,0,71
692,678,60,0,71
692,679,60,0,71
692,680,60,0,71
692,681,60,0,71
692,682,60,0,71
692,683,60,0,71
692,684,60,0,71
692,685,60,0,71
692,686,60,0,71
692,687,60,0,71
692,688,60,0,71
692,689,60,0,71
692,690,60,0,71
692,691,60,0,71
692,693,60,0,71
692,694,60,0,71
692,695,60,0,71
692,696,60,0,71
692,697,60,0,71
692,698,60,0,71
692,699,60,0,71
692,700,60,0,71
692,701,60,0,71
692,702,60,0,71
692,703,60,0,71
692,704,60,0,71
692,705,60,0,71
692,706,60,0,71
692,707,60,0,71
692,708,60,0,71
692,709,60,0,71
692,710,60,0,71
692,711,60,0,71
692,712,60,0,71
692,713,60,0,71
692,714,60,0,71
692,715,60,0,71
692,716,60,0,71
692,717,60,0,71
692,718,60,0,71
692,719,60,0,71
692,720,60,0,71
692,721,60,0,71
692,722,60,0,71
692,723,60,0,71
692,724,60,0,71
696,625,607,0,75
696,626,607,0,75
696,627,607,0,75
696,628,607,0,75
696,629,607,0,75
696,630,607,0,75
696,631,607,0,75
696,632,607,0,75
696,633,607,0,75
696,634,607,0,75
696,635,607,0,75
696,636,607,0,75
696,637,607,0,75
696,638,607,0,75
696,639,607,0,75
696,640,607,0,75
696,641,607,0,75
696,642,607,0,75
696,643,607,0,75
696,644,607,0,75
696,645,607,0,75
696,646,607,0,75
696,647,607,0,75
696,648,607,0,75
696,649,607,0,75
696,650,607,0,75
696,651,607,0,75
696,652,607,0,75
696,653,607,0,75
696,654,607,0,75
696,655,607,0,75
696,656,607,0,75
696,657,607,0,75
696,658,607,0,75
696,659,607,0,75
696,660,607,0,75
696,661,607,0,75
696,662,607,0,75
696,663,607,0,75
696,664,607,0,75
696,665,607,0,75
696,666,607,0,75
696,667,607,0,75
696,668,607,0,75
696,669,607,0,75
696,670,607,0,75
696,671,607,0,75
696,672,607,0,75
696,673,607,0,75
696,674,607,0,75
696,675,607,0,75
696,676,607,0,75
696,677,607,0,75
696,678,607,0,75
696,679,607,0,75
696,680,607,0,75
696,681,607,0,75
696,682,607,0,75
696,683,607,0,75
696,684,607,0,75
696,685,607,0,75
696,686,607,0,75
696,687,607,0,75
696,688,607,0,75
696,689,607,0,75
696,690,607,0,75
696,691,607,0,75
696,692,607,0,75
696,693,607,0,75
696,694,607,0,75
696,695,607,0,75
696,697,607,0,75
696,698,607,0,75
696,699,607,0,75
696,700,607,0,75
696,701,607,0,75
696,702,607,0,75
696,703,607,0,75
696,704,607,0,75
696,705,607,0,75
696,706,607,0,75
696,707,607,0,75
696,708,607,0,75
696,709,607,0,75
696,710,607,0,75
696,711,607,0,75
696,712,607,0,75
696,713,607,0,75
696,714,607,0,75
696,715,607,0,75
696,716,607,0,75
696,717,607,0,75
696,718,607,0,75
696,719,607,0,75
696,720,607,0,75
696,721,607,0,75
696,722,607,0,75
696,723,607,0,75
696,724,607,0,75
700,625,6,0,79
700,626,6,0,79
700,627,6,0,79
700,628,6,0,79
700,629,6,0,79
700,630,6,0,79
700,631,6,0,79
700,632,6,0,79
700,633,6,0,79
700,634,6,0,79
700,635,6,0,79
700,636,6,0,79
700,637,6,0,79
700,638,6,0,79
700,639,6,0,79
700,640,6,0,79
700,641,6,0,79
700,642,6,0,79
700,643,6,0,79
700,644,6,0,79
700,645,6,0,79
700,646,6,0,79
700,647,6,0,79
700,648,6,0,79
700,649,6,0,79
700,650,6,0,79
700,651,6,0,79
700,652,6,0,79
700,653,6,0,79
700,654,6,0,79
700,655,6,0,79
700,656,6,0,79
700,657,6,0,79
700,658,6,0,79
700,659,6,0,79
700,660,6,0,79
700,661,6,0,79
700,662,6,0,79
700,663,6,0,79
700,664,6,0,79
700,665,6,0,79
700,666,6,0,79
700,667,6,0,79
700,668,6,0,79
700,669,6,0,79
700,670,6,0,79
700,671,6,0,79
700,672,6,0,79
700,673,6,0,79
700,674,6,0,79
700,675,6,0,79
700,676,6,0,79
700,677,6,0,79
700,678,6,0,79
700,679,6,0,79
700,680,6,0,79
700,681,6,0,79
700,682,6,0,79
700,683,6,0,79
700,684,6,0,79
700,685,6,0,79
700,686,6,0,79
700,687,6,0,79
700,688,6,0,79
700,689,6,0,79
700,690,6,0,79
700,691,6,0,79
700,692,6,0,79
700,693,6,0,79
700,694,6,0,79
700,695,6,0,79
700,696,6,0,79
700,697,6,0,79
700,698,6,0,79
700,699,6,0,79
700,701,6,0,79
700,702,6,0,79
700,703,6,0,79
700,704,6,0,79
700,705,6,0,79
700,706,6,0,79
700,707,6,0,79
700,708,6,0,79
700,709,6,0,79
700,710,6,0,79
700,711,6,0,79
700,712,6,0,79
700,713,6,0,79
700,714,6,0,79
700,715,6,0,79
700,716,6,0,79
700,717,6,0,79
700,718,6,0,79
700,719,6,0,79
700,720,6,0,79
700,721,6,0,79
700,722,6,0,79
700,723,6,0,79
700,724,6,0,79
705,625,206,0,84
705,626,206,0,84
705,627,206,0,84
705,628,206,0,84
705,629,206,0,84
705,630,206,0,84
705,631,206,0,84
705,632,206,0,84
705,633,206,0,84
705,634,206,0,84
705,635,206,0,84
705,636,206,0,84
705,637,206,0,84
705,638,206,0,84
705,639,206,0,84
705,640,206,0,84
705,641,206,0,84
705,642,206,0,84
705,643,206,0,84
705,644,206,0,84
705,645,206,0,84
705,646,206,0,84
705,647,206,0,84
705,648,206,0,84
705,649,206,0,84
705,650,206,0,84
705,651,206,0,84
705,652,206,0,84
705,653,206,0,84
705,654,206,0,84
705,655,206,0,84
705,656,206,0,84
705,657,206,0,84
705,658,206,0,84
705,659,206,0,84
705,660,206,0,84
705,661,206,0,84
705,662,206,0,84
705,663,206,0,84
705,664,206,0,84
705,665,206,0,84
705,666,206,0,84
705,667,206,0,84
705,668,206,0,84
705,669,206,0,84
705,670,206,0,84
705,671,206,0,84
705,672,206,0,84
705,673,206,0,84
705,674,206,0,84
705,675,206,0,84
705,676,206,0,84
705,677,206,0,84
705,678,206,0,84
705,679,206,0,84
705,680,206,0,84
705,681,206,0,84
705,682,206,0,84
705,683,206,0,84
705,684,206,0,84
705,685,206,0,84
705,686,206,0,84
705,687,206,0,84
705,688,206,0,84
705,689,206,0,84
705,690,206,0,84
705,691,206,0,84
705,692,206,0,84
705,693,206,0,84
705,694,206,0,84
705,695,206,0,84
705,696,206,0,84
705,697,206,0,84
705,698,206,0,84
705,699,206,0,84
705,700,206,0,84
705,701,206,0,84
705,702,206,0,84
705,703,206,0,84
705,704,206,0,84
705,706,206,0,84
705,707,206,0,84
705,708,206,0,84
705,709,206,0,84
705,710,206,0,84
705,711,206,0,84
705,712,206,0,84
705,713,206,0,84
705,714,206,0,84
705,715,206,0,84
705,716,206,0,84
705,717,206,0,84
705,718,206,0,84
705,719,206,0,84
705,720,206,0,84
705,721,206,0,84
705,722,206,0,84
705,723,206,0,84
705,724,206,0,84
706,625,60,0,85
706,626,60,0,85
706,627,60,0,85
706,628,60,0,85
706,629,60,0,85
706,630,60,0,85
706,631,60,0,85
706,632,60,0,85
706,633,60,0,85
706,634,60,0,85
706,635,60,0,85
706,636,60,0,85
706,637,60,0,85
706,638,60,0,85
706,639,60,0,85
706,640,60,0,85
706,641,60,0,85
706,642,60,0,85
706,643,60,0,85
706,644,60,0,85
706,645,60,0,85
706,646,60,0,85
706,647,60,0,85
706,648,60,0,85
706,649,60,0,85
706,650,60,0,85
706,651,60,0,85
706,652,60,0,85
706,653,60,0,85
706,654,60,0,85
706,655,60,0,85
706,656,60,0,85
706,657,60,0,85
706,658,60,0,85
706,659,60,0,85
706,660,60,0,85
706,661,60,0,85
706,662,60,0,85
706,663,60,0,85
706,664,60,0,85
706,665,60,0,85
706,666,60,0,85
706,667,60,0,85
706,668,60,0,85
706,669,60,0,85
706,670,60,0,85
706,671,60,0,85
706,672,60,0,85
706,673,60,0,85
706,674,60,0,85
706,675,60,0,85
706,676,60,0,85
706,677,60,0,85
706,678,60,0,85
706,679,60,0,85
706,680,60,0,85
706,681,60,0,85
706,682,60,0,85
706,683,60,0,85
706,684,60,0,85
706,685,60,0,85
706,686,60,0,85
706,687,60,0,85
706,688,60,0,85
706,689,60,0,85
706,690,60,0,85
706,691,60,0,85
706,692,60,0,85
706,693,60,0,85
706,694,60,0,85
706,695,60,0,85
706,696,60,0,85
706,697,60,0,85
706,698,60,0,85
706,699,60,0,85
706,700,60,0,85
706,701,60,0,85
706,702,60,0,85
706,703,60,0,85
706,704,60,0,85
706,705,60,0,85
706,707,60,0,85
706,708,60,0,85
706,709,60,0,85
706,710,60,0,85
706,711,60,0,85
706,712,60,0,85
706,713,60,0,85
706,714,60,0,85
706,715,60,0,85
706,716,60,0,85
706,717,60,0,85
706,718,60,0,85
706,719,60,0,85
706,720,60,0,85
706,721,60,0,85
706,722,60,0,85
706,723,60,0,85
706,724,60,0,85
715,625,89,0,94
715,626,89,0,94
715,627,89,0,94
715,628,89,0,94
715,629,89,0,94
715,630,89,0,94
715,631,89,0,94
715,632,89,0,94
715,633,89,0,94
715,634,89,0,94
715,635,89,0,94
715,636,89,0,94
715,637,89,0,94
715,638,89,0,94
715,639,89,0,94
715,640,89,0,94
715,641,89,0,94
715,642,89,0,94
715,643,89,0,94
715,644,89,0,94
715,645,89,0,94
715,646,89,0,94
715,647,89,0,94
715,648,89,0,94
715,649,89,0,94
715,650,89,0,94
715,651,89,0,94
715,652,89,0,94
715,653,89,0,94
715,654,89,0,94
715,655,89,0,94
715,656,89,0,94
715,657,89,0,94
715,658,89,0,94
715,659,89,0,94
715,660,89,0,94
715,661,89,0,94
715,662,89,0,94
715,663,89,0,94
715,664,89,0,94
715,665,89,0,94
715,666,89,0,94
715,667,89,0,94
715,668,89,0,94
715,669,89,0,94
715,670,89,0,94
715,671,89,0,94
715,672,89,0,94
715,673,89,0,94
715,674,89,0,94
715,675,89,0,94
715,676,89,0,94
715,677,89,0,94
715,678,89,0,94
715,679,89,0,94
715,680,89,0,94
715,681,89,0,94
715,682,89,0,94
715,683,89,0,94
715,684,89,0,94
715,685,89,0,94
715,686,89,0,94
715,687,89,0,94
715,688,89,0,94
715,689,89,0,94
715,690,89,0,94
715,691,89,0,94
715,692,89,0,94
715,693,89,0,94
715,694,89,0,94
715,695,89,0,94
715,696,89,0,94
715,697,89,0,94
715,698,89,0,94
715,699,89,0,94
715,700,89,0,94
715,701,89,0,94
715,702,89,0,94
715,703,89,0,94
715,704,89,0,94
715,705,89,0,94
715,706,89,0,94
715,707,89,0,94
715,708,89,0,94
715,709,89,0,94
715,710,89,0,94
715,711,89,0,94
715,712,89,0,94
715,713,89,0,94
715,714,89,0,94
715,716,89,0,94
715,717,89,0,94
715,718,89,0,94
715,719,89,0,94
715,720,89,0,94
715,721,89,0,94
715,722,89,0,94
715,723,89,0,94
715,724,89,0,94
716,625,209,0,95
716,626,209,0,95
716,627,209,0,95
716,628,209,0,95
716,629,209,0,95
716,630,209,0,95
716,631,209,0,95
716,632,209,0,95
716,633,209,0,95
716,634,209,0,95
716,635,209,0,95
716,636,209,0,95
716,637,209,0,95
716,638,209,0,95
716,639,209,0,95
716,640,209,0,95
716,641,209,0,95
716,642,209,0,95
716,643,209,0,95
716,644,209,0,95
716,645,209,0,95
716,646,209,0,95
716,647,209,0,95
716,648,209,0,95
716,649,209,0,95
716,650,209,0,95
716,651,209,0,95
716,652,209,0,95
716,653,209,0,95
716,654,209,0,95
716,655,209,0,95
716,656,209,0,95
716,657,209,0,95
716,658,209,0,95
716,659,209,0,95
716,660,209,0,95
716,661,209,0,95
716,662,209,0,95
716,663,209,0,95
716,664,209,0,95
716,665,209,0,95
716,666,209,0,95
716,667,209,0,95
716,668,209,0,95
716,669,209,0,95
716,670,209,0,95
716,671,209,0,95
716,672,209,0,95
716,673,209,0,95
716,674,209,0,95
716,675,209,0,95
716,676,209,0,95
716,677,209,0,95
716,678,209,0,95
716,679,209,0,95
716,680,209,0,95
716,681,209,0,95
716,682,209,0,95
716,683,209,0,95
716,684,209,0,95
716,685,209,0,95
716,686,209,0,95
716,687,209,0,95
716,688,209,0,95
716,689,209,0,95
716,690,209,0,95
716,691,209,0,95
716,692,209,0,95
716,693,209,0,95
716,694,209,0,95
716,695,209,0,95
716,696,209,0,95
716,697,209,0,95
716,698,209,0,95
716,699,209,0,95
716,700,209,0,95
716,701,209,0,95
716,702,209,0,95
716,703,209,0,95
716,704,209,0,95
716,705,209,0,95
716,706,209,0,95
716,707,209,0,95
716,708,209,0,95
716,709,209,0,95
716,710,209,0,95
716,711,209,0,95
716,712,209,0,95
716,713,209,0,95
716,714,209,0,95
716,715,209,0,95
716,717,209,0,95
716,718,209,0,95
716,719,209,0,95
716,720,209,0,95
716,721,209,0,95
716,722,209,0,95
716,723,209,0,95
716,724,209,0,95
724,625,356,0,103
724,626,356,0,103
724,627,356,0,103
724,628,356,0,103
724,629,356,0,103
724,630,356,0,103
724,631,356,0,103
724,632,356,0,103
724,633,356,0,103
724,634,356,0,103
724,635,356,0,103
724,636,356,0,103
724,637,356,0,103
724,638,356,0,103
724,639,356,0,103
724,640,356,0,103
724,641,356,0,103
724,642,356,0,103
724,643,356,0,103
724,644,356,0,103
724,645,356,0,103
724,646,356,0,103
724,647,356,0,103
724,648,356,0,103
724,649,356,0,103
724,650,356,0,103
724,651,356,0,103
724,652,356,0,103
724,653,356,0,103
724,654,356,0,103
724,655,356,0,103
724,656,356,0,103
724,657,356,0,103
724,658,356,0,103
724,659,356,0,103
724,660,356,0,103
724,661,356,0,103
724,662,356,0,103
724,663,356,0,103
724,664,356,0,103
724,665,356,0,103
724,666,356,0,103
724,667,356,0,103
724,668,356,0,103
724,669,356,0,103
724,670,356,0,103
724,671,356,0,103
724,672,356,0,103
724,673,356,0,103
724,674,356,0,103
724,675,356,0,103
724,676,356,0,103
724,677,356,0,103
724,678,356,0,103
724,679,356,0,103
724,680,356,0,103
724,681,356,0,103
724,682,356,0,103
724,683,356,0,103
724,684,356,0,103
724,685,356,0,103
724,686,356,0,103
724,687,356,0,103
724,688,356,0,103
724,689,356,0,103
724,690,356,0,103
724,691,356,0,103
724,692,356,0,103
724,693,356,0,103
724,694,356,0,103
724,695,356,0,103
724,696,356,0,103
724,697,356,0,103
724,698,356,0,103
724,699,356,0,103
724,700,356,0,103
724,701,356,0,103
724,702,356,0,103
724,703,356,0,103
724,704,356,0,103
724,705,356,0,103
724,706,356,0,103
724,707,356,0,103
724,708,356,0,103
724,709,356,0,103
724,710,356,0,103
724,711,356,0,103
724,712,356,0,103
724,713,356,0,103
724,714,356,0,103
724,715,356,0,103
724,716,356,0,103
724,717,356,0,103
724,718,356,0,103
724,719,356,0,103
724,720,356,0,103
724,721,356,0,103
724,722,356,0,103
724,723,356,0,103
