0,653,1,0,0
2,628,602,3,3
2,642,27,2,0
2,653,27,2,0
3,628,603,3,3
3,642,28,2,0
3,647,28,2,0
3,653,28,2,0
3,683,603,3,3
3,724,603,3,3
4,628,604,3,3
4,633,5,1,0
4,642,29,2,0
4,647,29,2,0
4,653,29,2,0
4,683,604,3,3
4,687,5,1,0
4,689,5,1,0
4,705,29,2,0
4,709,5,1,0
4,710,604,3,3
4,720,29,2,0
5,628,605,3,3
5,633,6,1,0
5,642,30,2,0
5,647,30,2,0
5,653,30,2,0
5,683,605,3,3
5,689,6,1,0
5,705,30,2,0
5,708,30,2,0
5,709,6,1,0
5,710,605,3,3
5,720,30,2,0
6,628,606,3,3
6,633,7,1,0
6,642,31,2,0
6,647,31,2,0
6,653,31,2,0
6,683,606,3,3
6,689,7,1,0
6,705,31,2,0
6,708,31,2,0
6,709,7,1,0
6,710,606,3,3
6,720,31,2,0
7,628,607,3,3
7,633,32,2,0
7,642,32,2,0
7,646,32,2,0
7,647,32,2,0
7,653,32,2,0
7,683,607,3,3
7,689,607,3,3
7,705,32,2,0
7,708,32,2,0
7,709,32,2,0
8,628,7,0,1
8,633,33,2,0
8,642,7,0,1
8,646,7,0,1
8,647,7,0,1
8,653,7,0,1
8,683,7,0,1
8,689,608,3,3
8,705,7,0,1
8,706,7,0,1
8,708,7,0,1
8,709,33,2,0
8,710,7,0,1
8,720,7,0,1
9,628,8,0,1
9,633,34,2,0
9,642,8,0,1
9,647,8,0,1
9,653,8,0,1
9,683,8,0,1
9,689,609,3,3
9,705,8,0,1
9,708,8,0,1
9,709,34,2,0
9,710,8,0,1
9,720,8,0,1
10,628,9,0,1
10,633,35,2,0
10,642,9,0,1
10,647,9,0,1
10,653,9,0,1
10,683,9,0,1
10,687,610,3,3
10,689,610,3,3
10,705,9,0,1
10,709,35,2,0
10,710,9,0,1
10,720,9,0,1
11,628,10,0,1
11,642,10,0,1
11,647,10,0,1
11,653,10,0,1
12,628,11,0,1
12,642,11,0,1
12,653,11,0,1
12,666,11,0,1
13,653,12,0,1
14,653,13,0,1
15,628,16,1,0
15,642,16,1,0
15,653,16,1,0
15,666,14,0,1
16,628,17,1,0
16,642,17,1,0
16,647,17,1,0
16,653,17,1,0
16,683,17,1,0
16,687,616,3,3
16,724,17,1,0
17,628,18,1,0
17,633,42,2,0
17,642,18,1,0
17,647,18,1,0
17,653,18,1,0
17,683,18,1,0
17,689,617,3,3
17,705,18,1,0
17,709,42,2,0
17,710,18,1,0
17,720,18,1,0
18,628,19,1,0
18,633,43,2,0
18,642,19,1,0
18,647,19,1,0
18,653,19,1,0
18,683,19,1,0
18,689,618,3,3
18,705,19,1,0
18,708,19,1,0
18,709,43,2,0
18,710,19,1,0
18,720,19,1,0
19,628,20,1,0
19,633,44,2,0
19,642,20,1,0
19,647,20,1,0
19,653,20,1,0
19,683,20,1,0
19,689,619,3,3
19,705,20,1,0
19,706,18,0,1
19,708,20,1,0
19,709,44,2,0
19,710,20,1,0
19,720,20,1,0
20,628,620,3,3
20,633,45,2,0
20,642,45,2,0
20,646,21,1,0
20,647,45,2,0
20,653,45,2,0
20,683,620,3,3
20,689,620,3,3
20,705,45,2,0
20,706,21,1,0
20,708,45,2,0
20,709,45,2,0
21,628,621,3,3
21,633,20,0,1
21,642,46,2,0
21,647,46,2,0
21,653,46,2,0
21,683,621,3,3
21,689,20,0,1
21,705,46,2,0
21,708,46,2,0
21,709,20,0,1
21,710,621,3,3
21,720,46,2,0
22,628,622,3,3
22,633,21,0,1
22,642,47,2,0
22,647,47,2,0
22,653,47,2,0
22,683,622,3,3
22,689,21,0,1
22,705,47,2,0
22,709,21,0,1
22,710,622,3,3
22,720,47,2,0
23,628,623,3,3
23,642,48,2,0
23,647,48,2,0
23,653,48,2,0
23,683,623,3,3
23,724,623,3,3
24,628,624,3,3
24,642,49,2,0
24,647,49,2,0
24,653,49,2,0
24,666,0,1,2
25,653,26,1,1
27,628,2,0,2
27,642,52,3,0
27,653,52,3,0
28,628,3,0,2
28,642,53,3,0
28,647,53,3,0
28,653,53,3,0
28,683,3,0,2
28,724,3,0,2
29,628,4,0,2
29,633,30,2,1
29,642,54,3,0
29,647,54,3,0
29,653,54,3,0
29,683,4,0,2
29,687,30,2,1
29,689,30,2,1
29,705,54,3,0
29,709,30,2,1
29,710,4,0,2
29,720,54,3,0
30,628,5,0,2
30,633,31,2,1
30,642,55,3,0
30,647,55,3,0
30,653,55,3,0
30,683,5,0,2
30,689,31,2,1
30,705,55,3,0
30,708,55,3,0
30,709,31,2,1
30,710,5,0,2
30,720,55,3,0
31,628,6,0,2
31,633,32,2,1
31,642,56,3,0
31,647,56,3,0
31,653,56,3,0
31,683,6,0,2
31,689,32,2,1
31,705,56,3,0
31,708,56,3,0
31,709,32,2,1
31,710,6,0,2
31,720,56,3,0
32,628,7,0,2
32,633,57,3,0
32,642,57,3,0
32,646,57,3,0
32,647,57,3,0
32,653,57,3,0
32,683,7,0,2
32,689,7,0,2
32,705,57,3,0
32,708,57,3,0
33,628,32,1,2
33,633,58,3,0
33,642,32,1,2
33,646,32,1,2
33,647,32,1,2
33,653,32,1,2
33,683,32,1,2
33,689,8,0,2
33,705,32,1,2
33,706,32,1,2
33,708,32,1,2
33,709,58,3,0
33,710,32,1,2
33,720,32,1,2
34,628,33,1,2
34,633,59,3,0
34,642,33,1,2
34,647,33,1,2
34,653,33,1,2
34,683,33,1,2
34,689,9,0,2
34,705,33,1,2
34,708,33,1,2
34,709,59,3,0
34,710,33,1,2
34,720,33,1,2
35,628,34,1,2
35,633,60,3,0
35,642,34,1,2
35,647,34,1,2
35,653,34,1,2
35,683,34,1,2
35,687,10,0,2
35,689,10,0,2
35,705,34,1,2
35,709,60,3,0
35,710,34,1,2
35,720,34,1,2
36,628,35,1,2
36,642,35,1,2
36,647,35,1,2
36,653,35,1,2
37,628,36,1,2
37,642,36,1,2
37,653,36,1,2
37,666,36,1,2
38,653,37,1,2
39,653,38,1,2
40,628,41,2,1
40,642,41,2,1
40,653,41,2,1
40,666,39,1,2
41,628,42,2,1
41,642,42,2,1
41,647,42,2,1
41,653,42,2,1
41,683,42,2,1
41,687,16,0,2
41,724,42,2,1
42,628,43,2,1
42,633,67,3,0
42,642,43,2,1
42,647,43,2,1
42,653,43,2,1
42,683,43,2,1
42,689,17,0,2
42,705,43,2,1
42,709,67,3,0
42,710,43,2,1
42,720,43,2,1
43,628,44,2,1
43,633,68,3,0
43,642,44,2,1
43,647,44,2,1
43,653,44,2,1
43,683,44,2,1
43,689,18,0,2
43,705,44,2,1
43,708,44,2,1
43,709,68,3,0
43,710,44,2,1
43,720,44,2,1
44,628,45,2,1
44,633,69,3,0
44,642,45,2,1
44,646,43,1,2
44,647,45,2,1
44,653,45,2,1
44,683,45,2,1
44,689,19,0,2
44,705,45,2,1
44,706,43,1,2
44,708,45,2,1
44,709,69,3,0
44,710,45,2,1
44,720,45,2,1
45,628,20,0,2
45,633,70,3,0
45,642,70,3,0
45,646,46,2,1
45,647,70,3,0
45,653,70,3,0
45,683,20,0,2
45,689,20,0,2
45,705,70,3,0
45,706,46,2,1
45,708,70,3,0
46,628,21,0,2
46,633,45,1,2
46,642,71,3,0
46,647,71,3,0
46,653,71,3,0
46,683,21,0,2
46,689,45,1,2
46,705,71,3,0
46,708,71,3,0
46,709,45,1,2
46,710,21,0,2
46,720,71,3,0
47,628,22,0,2
47,633,46,1,2
47,642,72,3,0
47,647,72,3,0
47,653,72,3,0
47,683,22,0,2
47,689,46,1,2
47,705,72,3,0
47,709,46,1,2
47,710,22,0,2
47,720,72,3,0
48,628,23,0,2
48,642,73,3,0
48,647,73,3,0
48,653,73,3,0
48,683,23,0,2
48,724,23,0,2
49,628,24,0,2
49,642,74,3,0
49,647,74,3,0
49,653,74,3,0
49,666,25,2,3
50,653,51,1,1
52,628,27,0,3
52,642,77,3,0
52,653,77,3,0
53,628,28,0,3
53,642,78,3,0
53,647,78,3,0
53,653,78,3,0
53,683,28,0,3
53,724,78,3,0
54,628,29,0,3
54,633,55,2,1
54,642,79,3,0
54,647,79,3,0
54,653,79,3,0
54,683,29,0,3
54,687,55,2,1
54,689,55,2,1
54,705,79,3,0
54,709,55,2,1
54,710,29,0,3
54,720,79,3,0
55,628,30,0,3
55,633,56,2,1
55,642,80,3,0
55,647,80,3,0
55,653,80,3,0
55,683,30,0,3
55,689,56,2,1
55,705,80,3,0
55,708,80,3,0
55,709,56,2,1
55,710,30,0,3
55,720,80,3,0
56,628,31,0,3
56,633,57,2,1
56,642,81,3,0
56,647,81,3,0
56,653,81,3,0
56,683,31,0,3
56,689,57,2,1
56,705,81,3,0
56,708,81,3,0
56,709,57,2,1
56,710,31,0,3
56,720,81,3,0
57,628,32,0,3
57,642,82,3,0
57,646,646,25,0
57,647,82,3,0
57,653,82,3,0
57,683,32,0,3
57,687,32,0,3
57,689,32,0,3
57,705,82,3,0
57,706,82,3,0
57,708,82,3,0
58,628,57,1,2
58,633,83,3,0
58,642,57,1,2
58,646,57,1,2
58,647,57,1,2
58,653,57,1,2
58,683,57,1,2
58,687,33,0,3
58,689,33,0,3
58,705,57,1,2
58,706,57,1,2
58,708,57,1,2
58,709,83,3,0
58,710,57,1,2
58,720,57,1,2
59,628,58,1,2
59,633,84,3,0
59,642,58,1,2
59,647,58,1,2
59,653,58,1,2
59,683,58,1,2
59,687,34,0,3
59,689,34,0,3
59,705,58,1,2
59,708,58,1,2
59,709,84,3,0
59,710,58,1,2
59,720,58,1,2
60,628,59,1,2
60,633,85,3,0
60,642,59,1,2
60,647,59,1,2
60,653,59,1,2
60,683,59,1,2
60,687,35,0,3
60,689,35,0,3
60,705,59,1,2
60,709,85,3,0
60,710,59,1,2
60,720,59,1,2
61,628,60,1,2
61,642,60,1,2
61,647,60,1,2
61,653,60,1,2
61,666,666,45,0
62,628,61,1,2
62,642,61,1,2
62,653,61,1,2
62,666,61,1,2
63,653,62,1,2
64,653,63,1,2
65,628,66,2,1
65,642,66,2,1
65,653,66,2,1
66,628,67,2,1
66,642,67,2,1
66,647,67,2,1
66,653,67,2,1
66,683,67,2,1
66,687,41,0,3
66,724,67,2,1
67,628,68,2,1
67,633,92,3,0
67,642,68,2,1
67,647,68,2,1
67,653,68,2,1
67,683,68,2,1
67,687,42,0,3
67,689,42,0,3
67,705,68,2,1
67,709,92,3,0
67,710,68,2,1
67,720,68,2,1
68,628,69,2,1
68,633,93,3,0
68,642,69,2,1
68,647,69,2,1
68,653,69,2,1
68,683,69,2,1
68,687,43,0,3
68,689,43,0,3
68,705,69,2,1
68,708,69,2,1
68,709,93,3,0
68,710,69,2,1
68,720,69,2,1
69,628,70,2,1
69,633,94,3,0
69,642,70,2,1
69,646,68,1,2
69,647,70,2,1
69,653,70,2,1
69,683,70,2,1
69,687,44,0,3
69,689,44,0,3
69,705,70,2,1
69,708,70,2,1
69,709,94,3,0
69,710,70,2,1
69,720,70,2,1
70,628,45,0,3
70,642,95,3,0
70,646,71,2,1
70,647,95,3,0
70,653,95,3,0
70,683,45,0,3
70,687,45,0,3
70,689,45,0,3
70,705,95,3,0
70,706,71,2,1
70,708,95,3,0
71,628,46,0,3
71,633,70,1,2
71,642,96,3,0
71,647,96,3,0
71,653,96,3,0
71,683,46,0,3
71,689,70,1,2
71,705,96,3,0
71,708,96,3,0
71,709,70,1,2
71,710,46,0,3
71,720,96,3,0
72,628,47,0,3
72,633,71,1,2
72,642,97,3,0
72,647,97,3,0
72,653,97,3,0
72,683,47,0,3
72,689,71,1,2
72,705,97,3,0
72,709,71,1,2
72,710,47,0,3
72,720,97,3,0
73,628,48,0,3
73,642,98,3,0
73,647,98,3,0
73,653,98,3,0
73,683,48,0,3
73,724,98,3,0
74,628,49,0,3
74,642,99,3,0
74,647,99,3,0
74,653,99,3,0
74,666,50,2,3
75,653,76,1,1
77,628,102,3,0
77,642,642,21,0
77,653,102,3,0
78,628,103,3,0
78,642,77,1,2
78,647,103,3,0
78,653,103,3,0
78,683,103,3,0
78,724,103,3,0
79,628,104,3,0
79,633,80,2,1
79,642,78,1,2
79,647,104,3,0
79,653,104,3,0
79,683,104,3,0
79,687,80,2,1
79,689,80,2,1
79,705,104,3,0
79,709,80,2,1
79,710,54,0,3
79,720,104,3,0
80,628,105,3,0
80,633,81,2,1
80,642,79,1,2
80,647,105,3,0
80,653,105,3,0
80,683,105,3,0
80,689,81,2,1
80,705,105,3,0
80,708,105,3,0
80,709,81,2,1
80,710,55,0,3
80,720,105,3,0
81,628,106,3,0
81,633,82,2,1
81,642,80,1,2
81,647,106,3,0
81,653,106,3,0
81,683,106,3,0
81,689,82,2,1
81,705,106,3,0
81,708,106,3,0
81,709,82,2,1
81,710,56,0,3
81,720,106,3,0
82,642,81,1,2
82,647,107,3,0
82,653,107,3,0
82,689,57,0,3
82,705,107,3,0
82,706,706,85,0
82,708,107,3,0
82,710,57,0,3
82,720,107,3,0
83,628,82,1,2
83,633,108,3,0
83,642,82,1,2
83,646,82,1,2
83,647,82,1,2
83,653,82,1,2
83,683,82,1,2
83,689,58,0,3
83,705,82,1,2
83,706,82,1,2
83,708,82,1,2
83,709,108,3,0
83,710,82,1,2
83,720,82,1,2
84,628,83,1,2
84,633,109,3,0
84,642,83,1,2
84,647,83,1,2
84,653,83,1,2
84,683,83,1,2
84,689,59,0,3
84,705,83,1,2
84,708,83,1,2
84,709,109,3,0
84,710,83,1,2
84,720,83,1,2
85,628,84,1,2
85,633,110,3,0
85,642,84,1,2
85,647,84,1,2
85,653,84,1,2
85,683,84,1,2
85,687,110,3,0
85,689,60,0,3
85,705,84,1,2
85,709,110,3,0
85,710,84,1,2
85,720,84,1,2
86,628,85,1,2
86,642,85,1,2
86,647,85,1,2
86,653,85,1,2
87,628,86,1,2
87,642,86,1,2
87,653,86,1,2
87,666,86,1,2
88,653,87,1,2
89,653,88,1,2
90,628,91,2,1
90,642,91,2,1
90,653,91,2,1
90,666,89,1,2
91,628,92,2,1
91,642,92,2,1
91,647,92,2,1
91,653,92,2,1
91,683,92,2,1
91,687,116,3,0
91,724,92,2,1
92,628,93,2,1
92,633,117,3,0
92,642,93,2,1
92,647,93,2,1
92,653,93,2,1
92,683,93,2,1
92,689,67,0,3
92,705,93,2,1
92,709,117,3,0
92,710,93,2,1
92,720,93,2,1
93,628,94,2,1
93,633,118,3,0
93,642,94,2,1
93,647,94,2,1
93,653,94,2,1
93,683,94,2,1
93,689,68,0,3
93,705,94,2,1
93,708,94,2,1
93,709,118,3,0
93,710,94,2,1
93,720,94,2,1
94,628,95,2,1
94,633,119,3,0
94,642,95,2,1
94,646,93,1,2
94,647,95,2,1
94,653,95,2,1
94,683,95,2,1
94,689,69,0,3
94,705,95,2,1
94,706,93,1,2
94,708,95,2,1
94,709,119,3,0
94,710,95,2,1
94,720,95,2,1
95,642,96,2,1
95,646,96,2,1
95,647,120,3,0
95,653,120,3,0
95,689,70,0,3
95,705,120,3,0
95,706,96,2,1
95,708,120,3,0
95,710,70,0,3
95,720,120,3,0
96,628,121,3,0
96,633,95,1,2
96,642,97,2,1
96,647,121,3,0
96,653,121,3,0
96,683,121,3,0
96,689,95,1,2
96,705,121,3,0
96,708,121,3,0
96,709,95,1,2
96,710,71,0,3
96,720,121,3,0
97,628,122,3,0
97,633,96,1,2
97,642,98,2,1
97,647,122,3,0
97,653,122,3,0
97,683,122,3,0
97,689,96,1,2
97,705,122,3,0
97,709,96,1,2
97,710,72,0,3
97,720,122,3,0
98,628,123,3,0
98,642,99,2,1
98,647,123,3,0
98,653,123,3,0
98,683,123,3,0
98,724,123,3,0
99,628,124,3,0
99,642,75,2,3
99,647,124,3,0
99,653,124,3,0
99,666,75,2,3
100,653,101,1,1
102,628,127,3,0
102,642,77,0,3
102,653,127,3,0
103,628,128,3,0
103,642,78,0,3
103,647,128,3,0
103,653,128,3,0
103,683,128,3,0
103,724,128,3,0
104,628,129,3,0
104,633,105,2,1
104,642,79,0,3
104,647,129,3,0
104,653,129,3,0
104,683,129,3,0
104,687,105,2,1
104,689,105,2,1
104,705,129,3,0
104,709,105,2,1
104,710,79,0,3
104,720,129,3,0
105,628,130,3,0
105,633,106,2,1
105,642,80,0,3
105,647,130,3,0
105,653,130,3,0
105,683,130,3,0
105,689,106,2,1
105,705,130,3,0
105,708,130,3,0
105,709,106,2,1
105,710,80,0,3
105,720,130,3,0
106,628,131,3,0
106,633,107,2,1
106,642,81,0,3
106,647,131,3,0
106,653,131,3,0
106,683,131,3,0
106,689,107,2,1
106,705,131,3,0
106,708,131,3,0
106,709,107,2,1
106,710,81,0,3
106,720,131,3,0
107,628,132,3,0
107,647,132,3,0
107,653,132,3,0
107,689,82,0,3
107,705,132,3,0
107,708,132,3,0
107,710,82,0,3
107,720,132,3,0
108,628,107,1,2
108,633,133,3,0
108,642,107,1,2
108,646,107,1,2
108,647,107,1,2
108,653,107,1,2
108,683,107,1,2
108,689,83,0,3
108,705,107,1,2
108,706,107,1,2
108,708,107,1,2
108,709,133,3,0
108,710,107,1,2
108,720,107,1,2
109,628,108,1,2
109,633,134,3,0
109,642,108,1,2
109,647,108,1,2
109,653,108,1,2
109,683,108,1,2
109,689,84,0,3
109,705,108,1,2
109,708,108,1,2
109,709,134,3,0
109,710,108,1,2
109,720,108,1,2
110,628,109,1,2
110,633,135,3,0
110,642,109,1,2
110,647,109,1,2
110,653,109,1,2
110,683,109,1,2
110,687,135,3,0
110,689,85,0,3
110,705,109,1,2
110,709,135,3,0
110,710,109,1,2
110,720,109,1,2
111,628,110,1,2
111,642,110,1,2
111,647,110,1,2
111,653,110,1,2
112,628,111,1,2
112,642,111,1,2
112,653,111,1,2
112,666,111,1,2
113,653,112,1,2
114,653,113,1,2
115,628,116,2,1
115,642,116,2,1
115,653,116,2,1
115,666,114,1,2
116,628,117,2,1
116,642,117,2,1
116,647,117,2,1
116,653,117,2,1
116,683,117,2,1
116,687,141,3,0
116,724,117,2,1
117,628,118,2,1
117,633,142,3,0
117,642,118,2,1
117,647,118,2,1
117,653,118,2,1
117,683,118,2,1
117,689,92,0,3
117,705,118,2,1
117,709,142,3,0
117,710,118,2,1
117,720,118,2,1
118,628,119,2,1
118,633,143,3,0
118,642,119,2,1
118,647,119,2,1
118,653,119,2,1
118,683,119,2,1
118,689,93,0,3
118,705,119,2,1
118,708,119,2,1
118,709,143,3,0
118,710,119,2,1
118,720,119,2,1
119,628,120,2,1
119,633,144,3,0
119,642,120,2,1
119,646,118,1,2
119,647,120,2,1
119,653,120,2,1
119,683,120,2,1
119,689,94,0,3
119,705,120,2,1
119,706,118,1,2
119,708,120,2,1
119,709,144,3,0
119,710,120,2,1
119,720,120,2,1
120,628,145,3,0
120,646,121,2,1
120,647,145,3,0
120,653,145,3,0
120,689,95,0,3
120,705,145,3,0
120,706,121,2,1
120,708,145,3,0
120,710,95,0,3
120,720,145,3,0
121,628,146,3,0
121,633,120,1,2
121,642,96,0,3
121,647,146,3,0
121,653,146,3,0
121,683,146,3,0
121,689,120,1,2
121,705,146,3,0
121,708,146,3,0
121,709,120,1,2
121,710,96,0,3
121,720,146,3,0
122,628,147,3,0
122,633,121,1,2
122,642,97,0,3
122,647,147,3,0
122,653,147,3,0
122,683,147,3,0
122,689,121,1,2
122,705,147,3,0
122,709,121,1,2
122,710,97,0,3
122,720,147,3,0
123,628,148,3,0
123,642,98,0,3
123,647,148,3,0
123,653,148,3,0
123,683,148,3,0
123,724,148,3,0
124,628,149,3,0
124,642,99,0,3
124,647,149,3,0
124,653,149,3,0
124,666,100,2,3
125,653,126,1,1
127,628,152,3,0
127,642,102,0,3
127,653,152,3,0
128,628,153,3,0
128,642,103,0,3
128,647,153,3,0
128,653,153,3,0
128,683,153,3,0
128,724,153,3,0
129,628,154,3,0
129,633,130,2,1
129,642,104,0,3
129,647,154,3,0
129,653,154,3,0
129,683,154,3,0
129,687,130,2,1
129,689,130,2,1
129,705,154,3,0
129,709,130,2,1
129,710,104,0,3
129,720,154,3,0
130,628,155,3,0
130,633,131,2,1
130,642,105,0,3
130,647,155,3,0
130,653,155,3,0
130,683,155,3,0
130,689,131,2,1
130,705,155,3,0
130,708,155,3,0
130,709,131,2,1
130,710,105,0,3
130,720,155,3,0
131,628,156,3,0
131,633,132,2,1
131,642,106,0,3
131,647,156,3,0
131,653,156,3,0
131,683,156,3,0
131,689,132,2,1
131,705,156,3,0
131,708,156,3,0
131,709,132,2,1
131,710,106,0,3
131,720,156,3,0
132,628,157,3,0
132,642,107,0,3
132,647,157,3,0
132,653,157,3,0
132,689,107,0,3
132,705,157,3,0
132,708,157,3,0
132,709,133,2,1
132,710,107,0,3
132,720,157,3,0
133,628,132,1,2
133,633,158,3,0
133,642,132,1,2
133,646,132,1,2
133,647,132,1,2
133,653,132,1,2
133,683,132,1,2
133,689,108,0,3
133,705,132,1,2
133,706,132,1,2
133,708,132,1,2
133,709,134,2,1
133,710,132,1,2
133,720,132,1,2
134,628,133,1,2
134,633,159,3,0
134,642,133,1,2
134,647,133,1,2
134,653,133,1,2
134,683,133,1,2
134,689,109,0,3
134,705,133,1,2
134,708,133,1,2
134,709,135,2,1
134,710,133,1,2
134,720,133,1,2
135,628,134,1,2
135,633,160,3,0
135,642,134,1,2
135,647,134,1,2
135,653,134,1,2
135,683,134,1,2
135,687,160,3,0
135,689,110,0,3
135,705,134,1,2
135,709,709,88,0
135,710,134,1,2
135,720,134,1,2
136,628,135,1,2
136,642,135,1,2
136,647,135,1,2
136,653,135,1,2
137,628,136,1,2
137,642,136,1,2
137,653,136,1,2
137,666,136,1,2
138,653,137,1,2
139,653,138,1,2
140,628,141,2,1
140,642,141,2,1
140,653,141,2,1
140,666,139,1,2
141,628,142,2,1
141,642,142,2,1
141,647,142,2,1
141,653,142,2,1
141,683,142,2,1
141,687,166,3,0
141,724,142,2,1
142,628,143,2,1
142,633,167,3,0
142,642,143,2,1
142,647,143,2,1
142,653,143,2,1
142,683,143,2,1
142,689,117,0,3
142,705,143,2,1
142,709,141,1,2
142,710,143,2,1
142,720,143,2,1
143,628,144,2,1
143,633,168,3,0
143,642,144,2,1
143,647,144,2,1
143,653,144,2,1
143,683,144,2,1
143,689,118,0,3
143,705,144,2,1
143,708,144,2,1
143,709,142,1,2
143,710,144,2,1
143,720,144,2,1
144,628,145,2,1
144,633,169,3,0
144,642,145,2,1
144,646,143,1,2
144,647,145,2,1
144,653,145,2,1
144,683,145,2,1
144,689,119,0,3
144,705,145,2,1
144,706,143,1,2
144,708,145,2,1
144,709,143,1,2
144,710,145,2,1
144,720,145,2,1
145,628,170,3,0
145,642,120,0,3
145,646,146,2,1
145,647,170,3,0
145,653,170,3,0
145,689,120,0,3
145,705,170,3,0
145,706,146,2,1
145,708,170,3,0
145,709,144,1,2
145,710,120,0,3
145,720,170,3,0
146,628,171,3,0
146,633,145,1,2
146,642,121,0,3
146,647,171,3,0
146,653,171,3,0
146,683,171,3,0
146,689,145,1,2
146,705,171,3,0
146,708,171,3,0
146,709,145,1,2
146,710,121,0,3
146,720,171,3,0
147,628,172,3,0
147,633,146,1,2
147,642,122,0,3
147,647,172,3,0
147,653,172,3,0
147,683,172,3,0
147,689,146,1,2
147,705,172,3,0
147,709,146,1,2
147,710,122,0,3
147,720,172,3,0
148,628,173,3,0
148,642,123,0,3
148,647,173,3,0
148,653,173,3,0
148,683,173,3,0
148,724,173,3,0
149,628,174,3,0
149,642,124,0,3
149,647,174,3,0
149,653,174,3,0
149,666,125,2,3
150,653,151,1,1
152,628,177,3,0
152,642,127,0,3
152,653,653,32,0
153,628,178,3,0
153,642,128,0,3
153,647,178,3,0
153,653,152,1,2
153,683,178,3,0
153,724,178,3,0
154,628,179,3,0
154,633,155,2,1
154,642,129,0,3
154,647,179,3,0
154,653,153,1,2
154,683,179,3,0
154,687,155,2,1
154,689,155,2,1
154,705,179,3,0
154,709,155,2,1
154,710,129,0,3
154,720,179,3,0
155,628,180,3,0
155,633,156,2,1
155,642,130,0,3
155,647,180,3,0
155,653,154,1,2
155,683,180,3,0
155,689,156,2,1
155,705,180,3,0
155,708,708,87,0
155,709,156,2,1
155,710,130,0,3
155,720,180,3,0
156,628,181,3,0
156,633,157,2,1
156,642,131,0,3
156,647,181,3,0
156,653,155,1,2
156,683,181,3,0
156,689,157,2,1
156,705,181,3,0
156,708,155,1,2
156,709,157,2,1
156,710,131,0,3
156,720,181,3,0
157,628,182,3,0
157,633,158,2,1
157,642,132,0,3
157,647,182,3,0
157,653,156,1,2
157,683,182,3,0
157,689,132,0,3
157,705,182,3,0
157,708,156,1,2
157,709,132,0,3
157,710,132,0,3
157,720,182,3,0
158,628,157,1,2
158,633,159,2,1
158,642,157,1,2
158,646,157,1,2
158,647,157,1,2
158,653,157,1,2
158,683,157,1,2
158,689,133,0,3
158,705,157,1,2
158,706,157,1,2
158,708,157,1,2
158,709,133,0,3
158,710,157,1,2
158,720,157,1,2
159,628,158,1,2
159,633,160,2,1
159,642,158,1,2
159,647,158,1,2
159,653,158,1,2
159,683,158,1,2
159,689,134,0,3
159,705,158,1,2
159,708,158,1,2
159,709,134,0,3
159,710,158,1,2
159,720,158,1,2
160,628,159,1,2
160,633,633,12,0
160,642,159,1,2
160,647,159,1,2
160,653,159,1,2
160,683,159,1,2
160,687,185,3,0
160,689,135,0,3
160,705,159,1,2
160,709,135,0,3
160,710,159,1,2
160,720,159,1,2
161,628,160,1,2
161,642,160,1,2
161,647,160,1,2
161,653,160,1,2
162,628,161,1,2
162,642,161,1,2
162,653,161,1,2
162,666,161,1,2
163,653,162,1,2
164,653,163,1,2
165,628,166,2,1
165,642,166,2,1
165,653,166,2,1
165,666,164,1,2
166,628,167,2,1
166,642,167,2,1
166,647,167,2,1
166,653,167,2,1
166,683,167,2,1
166,687,191,3,0
166,724,167,2,1
167,628,168,2,1
167,633,166,1,2
167,642,168,2,1
167,647,168,2,1
167,653,168,2,1
167,683,168,2,1
167,689,142,0,3
167,705,168,2,1
167,709,142,0,3
167,710,168,2,1
167,720,168,2,1
168,628,169,2,1
168,633,167,1,2
168,642,169,2,1
168,647,169,2,1
168,653,169,2,1
168,683,169,2,1
168,689,143,0,3
168,705,169,2,1
168,708,169,2,1
168,709,143,0,3
168,710,169,2,1
168,720,169,2,1
169,628,170,2,1
169,633,168,1,2
169,642,170,2,1
169,646,168,1,2
169,647,170,2,1
169,653,170,2,1
169,683,170,2,1
169,689,144,0,3
169,705,170,2,1
169,706,168,1,2
169,708,170,2,1
169,709,144,0,3
169,710,170,2,1
169,720,170,2,1
170,628,195,3,0
170,633,169,1,2
170,642,145,0,3
170,646,171,2,1
170,647,195,3,0
170,653,171,2,1
170,683,195,3,0
170,689,145,0,3
170,705,195,3,0
170,706,171,2,1
170,708,171,2,1
170,709,145,0,3
170,710,145,0,3
170,720,195,3,0
171,628,196,3,0
171,633,170,1,2
171,642,146,0,3
171,647,196,3,0
171,653,172,2,1
171,683,196,3,0
171,689,170,1,2
171,705,196,3,0
171,708,172,2,1
171,709,170,1,2
171,710,146,0,3
171,720,196,3,0
172,628,197,3,0
172,633,171,1,2
172,642,147,0,3
172,647,197,3,0
172,653,173,2,1
172,683,197,3,0
172,689,171,1,2
172,705,197,3,0
172,709,171,1,2
172,710,147,0,3
172,720,197,3,0
173,628,198,3,0
173,642,148,0,3
173,647,198,3,0
173,653,174,2,1
173,683,198,3,0
173,724,198,3,0
174,628,199,3,0
174,642,149,0,3
174,647,199,3,0
174,653,150,2,3
174,666,150,2,3
175,653,176,1,1
177,628,202,3,0
177,642,152,0,3
177,653,152,0,3
178,628,203,3,0
178,642,153,0,3
178,647,203,3,0
178,653,153,0,3
178,683,203,3,0
178,724,203,3,0
179,628,204,3,0
179,633,180,2,1
179,642,154,0,3
179,647,204,3,0
179,653,154,0,3
179,683,204,3,0
179,687,180,2,1
179,689,180,2,1
179,705,204,3,0
179,709,180,2,1
179,710,154,0,3
179,720,204,3,0
180,628,205,3,0
180,633,181,2,1
180,642,155,0,3
180,647,205,3,0
180,653,155,0,3
180,683,205,3,0
180,689,181,2,1
180,705,205,3,0
180,708,155,0,3
180,709,181,2,1
180,710,155,0,3
180,720,205,3,0
181,628,206,3,0
181,633,182,2,1
181,642,156,0,3
181,647,206,3,0
181,653,156,0,3
181,683,206,3,0
181,689,182,2,1
181,705,206,3,0
181,708,156,0,3
181,709,182,2,1
181,710,156,0,3
181,720,206,3,0
182,628,207,3,0
182,633,157,0,3
182,642,157,0,3
182,647,207,3,0
182,683,207,3,0
182,705,207,3,0
182,709,157,0,3
182,710,157,0,3
182,720,207,3,0
183,628,182,1,2
183,633,158,0,3
183,642,182,1,2
183,646,182,1,2
183,647,182,1,2
183,653,182,1,2
183,683,182,1,2
183,689,158,0,3
183,705,182,1,2
183,706,182,1,2
183,708,182,1,2
183,709,158,0,3
183,710,182,1,2
183,720,182,1,2
184,628,183,1,2
184,633,159,0,3
184,642,183,1,2
184,647,183,1,2
184,653,183,1,2
184,683,183,1,2
184,689,159,0,3
184,705,183,1,2
184,708,183,1,2
184,709,159,0,3
184,710,183,1,2
184,720,183,1,2
185,628,184,1,2
185,633,160,0,3
185,642,184,1,2
185,647,184,1,2
185,653,184,1,2
185,683,184,1,2
185,687,210,3,0
185,689,160,0,3
185,705,184,1,2
185,709,160,0,3
185,710,184,1,2
185,720,184,1,2
186,628,185,1,2
186,642,185,1,2
186,647,185,1,2
186,653,185,1,2
187,628,186,1,2
187,642,186,1,2
187,653,186,1,2
187,666,186,1,2
188,653,187,1,2
189,653,188,1,2
190,628,191,2,1
190,642,191,2,1
190,653,191,2,1
190,666,189,1,2
191,628,192,2,1
191,642,192,2,1
191,647,192,2,1
191,653,192,2,1
191,683,192,2,1
191,687,216,3,0
191,724,192,2,1
192,628,193,2,1
192,633,167,0,3
192,642,193,2,1
192,647,193,2,1
192,653,193,2,1
192,683,193,2,1
192,689,167,0,3
192,705,193,2,1
192,709,167,0,3
192,710,193,2,1
192,720,193,2,1
193,628,194,2,1
193,633,168,0,3
193,642,194,2,1
193,647,194,2,1
193,653,194,2,1
193,683,194,2,1
193,689,168,0,3
193,705,194,2,1
193,708,194,2,1
193,709,168,0,3
193,710,194,2,1
193,720,194,2,1
194,628,195,2,1
194,633,169,0,3
194,642,195,2,1
194,646,193,1,2
194,647,195,2,1
194,653,195,2,1
194,683,195,2,1
194,689,169,0,3
194,705,195,2,1
194,706,193,1,2
194,708,195,2,1
194,709,169,0,3
194,710,195,2,1
194,720,195,2,1
195,628,220,3,0
195,633,170,0,3
195,642,170,0,3
195,646,196,2,1
195,647,220,3,0
195,683,220,3,0
195,705,220,3,0
195,706,196,2,1
195,709,170,0,3
195,710,170,0,3
195,720,220,3,0
196,628,221,3,0
196,633,195,1,2
196,642,171,0,3
196,647,221,3,0
196,653,171,0,3
196,683,221,3,0
196,689,195,1,2
196,705,221,3,0
196,708,171,0,3
196,709,195,1,2
196,710,171,0,3
196,720,221,3,0
197,628,222,3,0
197,633,196,1,2
197,642,172,0,3
197,647,222,3,0
197,653,172,0,3
197,683,222,3,0
197,689,196,1,2
197,705,222,3,0
197,709,196,1,2
197,710,172,0,3
197,720,222,3,0
198,628,223,3,0
198,642,173,0,3
198,647,223,3,0
198,653,173,0,3
198,683,223,3,0
198,724,223,3,0
199,628,224,3,0
199,642,174,0,3
199,647,224,3,0
199,653,174,0,3
199,666,175,2,3
200,653,201,1,1
202,628,227,3,0
202,642,177,0,3
202,653,177,0,3
203,628,228,3,0
203,642,178,0,3
203,647,228,3,0
203,653,178,0,3
203,683,228,3,0
203,724,228,3,0
204,628,229,3,0
204,633,205,2,1
204,642,179,0,3
204,647,229,3,0
204,653,179,0,3
204,683,229,3,0
204,687,205,2,1
204,689,205,2,1
204,705,705,84,0
204,709,205,2,1
204,710,179,0,3
204,720,229,3,0
205,628,230,3,0
205,633,206,2,1
205,642,180,0,3
205,647,230,3,0
205,653,180,0,3
205,683,230,3,0
205,689,206,2,1
205,705,204,1,2
205,708,180,0,3
205,709,206,2,1
205,710,180,0,3
205,720,230,3,0
206,628,231,3,0
206,633,207,2,1
206,642,181,0,3
206,647,231,3,0
206,653,181,0,3
206,683,231,3,0
206,689,207,2,1
206,705,205,1,2
206,708,181,0,3
206,709,207,2,1
206,710,181,0,3
206,720,231,3,0
207,628,232,3,0
207,633,182,0,3
207,642,182,0,3
207,647,232,3,0
207,653,182,0,3
207,683,232,3,0
207,705,206,1,2
207,709,182,0,3
207,710,182,0,3
207,720,232,3,0
208,628,207,1,2
208,633,183,0,3
208,642,207,1,2
208,646,207,1,2
208,647,207,1,2
208,653,207,1,2
208,683,207,1,2
208,689,183,0,3
208,705,207,1,2
208,706,207,1,2
208,708,207,1,2
208,709,183,0,3
208,710,207,1,2
208,720,207,1,2
209,628,208,1,2
209,633,184,0,3
209,642,208,1,2
209,647,208,1,2
209,653,208,1,2
209,683,208,1,2
209,689,184,0,3
209,705,208,1,2
209,708,208,1,2
209,709,184,0,3
209,710,208,1,2
209,720,208,1,2
210,628,209,1,2
210,633,185,0,3
210,642,209,1,2
210,647,209,1,2
210,653,209,1,2
210,683,209,1,2
210,687,235,3,0
210,689,185,0,3
210,705,209,1,2
210,709,185,0,3
210,710,209,1,2
210,720,209,1,2
211,628,210,1,2
211,642,210,1,2
211,647,210,1,2
211,653,210,1,2
212,628,211,1,2
212,642,211,1,2
212,653,211,1,2
212,666,211,1,2
213,653,212,1,2
214,653,213,1,2
215,628,216,2,1
215,642,216,2,1
215,653,216,2,1
215,666,214,1,2
216,628,217,2,1
216,642,217,2,1
216,647,217,2,1
216,653,217,2,1
216,683,217,2,1
216,687,241,3,0
216,724,217,2,1
217,628,218,2,1
217,633,192,0,3
217,642,218,2,1
217,647,218,2,1
217,653,218,2,1
217,683,218,2,1
217,689,192,0,3
217,705,218,2,1
217,709,192,0,3
217,710,218,2,1
217,720,218,2,1
218,628,219,2,1
218,633,193,0,3
218,642,219,2,1
218,647,219,2,1
218,653,219,2,1
218,683,219,2,1
218,689,193,0,3
218,705,219,2,1
218,708,219,2,1
218,709,193,0,3
218,710,219,2,1
218,720,219,2,1
219,628,220,2,1
219,633,194,0,3
219,642,220,2,1
219,646,218,1,2
219,647,220,2,1
219,653,220,2,1
219,683,220,2,1
219,689,194,0,3
219,705,220,2,1
219,706,218,1,2
219,708,220,2,1
219,709,194,0,3
219,710,220,2,1
219,720,220,2,1
220,628,245,3,0
220,633,195,0,3
220,642,195,0,3
220,646,221,2,1
220,647,245,3,0
220,653,195,0,3
220,683,245,3,0
220,705,221,2,1
220,706,221,2,1
220,709,195,0,3
220,710,195,0,3
220,720,245,3,0
221,628,246,3,0
221,633,220,1,2
221,642,196,0,3
221,647,246,3,0
221,653,196,0,3
221,683,246,3,0
221,689,220,1,2
221,705,222,2,1
221,708,196,0,3
221,709,220,1,2
221,710,196,0,3
221,720,246,3,0
222,628,247,3,0
222,633,221,1,2
222,642,197,0,3
222,647,247,3,0
222,653,197,0,3
222,683,247,3,0
222,689,221,1,2
222,705,223,2,1
222,709,221,1,2
222,710,197,0,3
222,720,247,3,0
223,628,248,3,0
223,642,198,0,3
223,647,248,3,0
223,653,198,0,3
223,683,248,3,0
223,724,248,3,0
224,628,249,3,0
224,642,199,0,3
224,647,249,3,0
224,653,199,0,3
224,666,200,2,3
225,653,226,1,1
227,628,252,3,0
227,642,202,0,3
227,653,202,0,3
228,628,253,3,0
228,642,203,0,3
228,647,253,3,0
228,653,203,0,3
228,683,253,3,0
228,724,253,3,0
229,628,254,3,0
229,633,230,2,1
229,642,204,0,3
229,647,254,3,0
229,653,204,0,3
229,683,254,3,0
229,687,230,2,1
229,689,230,2,1
229,705,204,0,3
229,709,230,2,1
229,710,204,0,3
229,720,254,3,0
230,628,255,3,0
230,633,231,2,1
230,642,205,0,3
230,647,255,3,0
230,653,205,0,3
230,683,255,3,0
230,689,231,2,1
230,705,205,0,3
230,708,205,0,3
230,709,231,2,1
230,710,205,0,3
230,720,255,3,0
231,628,256,3,0
231,633,232,2,1
231,642,206,0,3
231,647,256,3,0
231,653,206,0,3
231,683,256,3,0
231,689,232,2,1
231,705,206,0,3
231,708,206,0,3
231,709,232,2,1
231,710,206,0,3
231,720,256,3,0
232,628,257,3,0
232,633,207,0,3
232,642,207,0,3
232,653,207,0,3
232,683,257,3,0
232,709,207,0,3
232,710,207,0,3
232,720,257,3,0
233,628,232,1,2
233,633,208,0,3
233,642,232,1,2
233,646,232,1,2
233,647,232,1,2
233,653,232,1,2
233,683,232,1,2
233,689,208,0,3
233,705,232,1,2
233,706,232,1,2
233,708,232,1,2
233,709,208,0,3
233,710,232,1,2
233,720,232,1,2
234,628,233,1,2
234,633,209,0,3
234,642,233,1,2
234,647,233,1,2
234,653,233,1,2
234,683,233,1,2
234,689,209,0,3
234,705,233,1,2
234,708,233,1,2
234,709,209,0,3
234,710,233,1,2
234,720,233,1,2
235,628,234,1,2
235,633,210,0,3
235,642,234,1,2
235,647,234,1,2
235,653,234,1,2
235,683,234,1,2
235,687,260,3,0
235,689,210,0,3
235,705,234,1,2
235,709,210,0,3
235,710,234,1,2
235,720,234,1,2
236,628,235,1,2
236,642,235,1,2
236,647,235,1,2
236,653,235,1,2
237,628,236,1,2
237,642,236,1,2
237,653,236,1,2
237,666,236,1,2
238,653,237,1,2
239,653,238,1,2
240,628,241,2,1
240,642,241,2,1
240,653,241,2,1
240,666,239,1,2
241,628,242,2,1
241,642,242,2,1
241,647,242,2,1
241,653,242,2,1
241,683,242,2,1
241,687,266,3,0
241,724,242,2,1
242,628,243,2,1
242,633,217,0,3
242,642,243,2,1
242,647,243,2,1
242,653,243,2,1
242,683,243,2,1
242,689,217,0,3
242,705,243,2,1
242,709,217,0,3
242,710,243,2,1
242,720,243,2,1
243,628,244,2,1
243,633,218,0,3
243,642,244,2,1
243,647,244,2,1
243,653,244,2,1
243,683,244,2,1
243,689,218,0,3
243,705,244,2,1
243,708,244,2,1
243,709,218,0,3
243,710,244,2,1
243,720,244,2,1
244,628,245,2,1
244,633,219,0,3
244,642,245,2,1
244,646,243,1,2
244,647,245,2,1
244,653,245,2,1
244,683,245,2,1
244,689,219,0,3
244,705,245,2,1
244,706,243,1,2
244,708,245,2,1
244,709,219,0,3
244,710,245,2,1
244,720,245,2,1
245,628,270,3,0
245,633,220,0,3
245,642,220,0,3
245,646,246,2,1
245,653,220,0,3
245,683,270,3,0
245,706,246,2,1
245,709,220,0,3
245,710,220,0,3
245,720,270,3,0
246,628,271,3,0
246,633,245,1,2
246,642,221,0,3
246,647,271,3,0
246,653,221,0,3
246,683,271,3,0
246,689,245,1,2
246,705,221,0,3
246,708,221,0,3
246,709,245,1,2
246,710,221,0,3
246,720,271,3,0
247,628,272,3,0
247,633,246,1,2
247,642,222,0,3
247,647,272,3,0
247,653,222,0,3
247,683,272,3,0
247,689,246,1,2
247,705,222,0,3
247,709,246,1,2
247,710,222,0,3
247,720,272,3,0
248,628,273,3,0
248,642,223,0,3
248,647,273,3,0
248,653,223,0,3
248,683,273,3,0
248,724,273,3,0
249,628,274,3,0
249,642,224,0,3
249,647,274,3,0
249,653,224,0,3
249,666,225,2,3
250,653,251,1,1
252,628,277,3,0
252,642,227,0,3
252,653,227,0,3
253,628,278,3,0
253,642,228,0,3
253,647,278,3,0
253,653,228,0,3
253,683,278,3,0
253,724,278,3,0
254,628,279,3,0
254,633,255,2,1
254,642,229,0,3
254,647,279,3,0
254,653,229,0,3
254,683,279,3,0
254,687,255,2,1
254,689,255,2,1
254,705,229,0,3
254,709,255,2,1
254,710,229,0,3
254,720,279,3,0
255,628,280,3,0
255,633,256,2,1
255,642,230,0,3
255,647,280,3,0
255,653,230,0,3
255,683,280,3,0
255,689,256,2,1
255,705,230,0,3
255,708,230,0,3
255,709,256,2,1
255,710,230,0,3
255,720,280,3,0
256,628,281,3,0
256,633,257,2,1
256,642,231,0,3
256,647,281,3,0
256,653,231,0,3
256,683,281,3,0
256,689,257,2,1
256,705,231,0,3
256,708,231,0,3
256,709,257,2,1
256,710,231,0,3
256,720,281,3,0
257,628,282,3,0
257,633,232,0,3
257,642,232,0,3
257,653,232,0,3
257,683,282,3,0
257,709,232,0,3
257,710,232,0,3
257,720,282,3,0
258,628,257,1,2
258,633,233,0,3
258,642,257,1,2
258,646,257,1,2
258,647,257,1,2
258,653,257,1,2
258,683,257,1,2
258,689,233,0,3
258,705,257,1,2
258,706,257,1,2
258,708,257,1,2
258,709,233,0,3
258,710,257,1,2
258,720,257,1,2
259,628,258,1,2
259,633,234,0,3
259,642,258,1,2
259,647,258,1,2
259,653,258,1,2
259,683,258,1,2
259,689,234,0,3
259,705,258,1,2
259,708,258,1,2
259,709,234,0,3
259,710,258,1,2
259,720,258,1,2
260,628,259,1,2
260,633,235,0,3
260,642,259,1,2
260,647,259,1,2
260,653,259,1,2
260,683,259,1,2
260,687,285,3,0
260,689,235,0,3
260,705,259,1,2
260,709,235,0,3
260,710,259,1,2
260,720,259,1,2
261,628,260,1,2
261,642,260,1,2
261,647,260,1,2
261,653,260,1,2
262,628,261,1,2
262,642,261,1,2
262,653,261,1,2
262,666,261,1,2
263,653,262,1,2
264,653,263,1,2
265,628,266,2,1
265,642,266,2,1
265,653,266,2,1
265,666,264,1,2
266,628,267,2,1
266,642,267,2,1
266,647,267,2,1
266,653,267,2,1
266,683,267,2,1
266,687,291,3,0
266,724,267,2,1
267,628,268,2,1
267,633,242,0,3
267,642,268,2,1
267,647,268,2,1
267,653,268,2,1
267,683,268,2,1
267,689,242,0,3
267,705,268,2,1
267,709,242,0,3
267,710,268,2,1
267,720,268,2,1
268,628,269,2,1
268,633,243,0,3
268,642,269,2,1
268,647,269,2,1
268,653,269,2,1
268,683,269,2,1
268,689,243,0,3
268,705,269,2,1
268,708,269,2,1
268,709,243,0,3
268,710,269,2,1
268,720,269,2,1
269,628,270,2,1
269,633,244,0,3
269,642,270,2,1
269,646,268,1,2
269,647,270,2,1
269,653,270,2,1
269,683,270,2,1
269,689,244,0,3
269,705,270,2,1
269,706,268,1,2
269,708,270,2,1
269,709,244,0,3
269,710,270,2,1
269,720,270,2,1
270,628,295,3,0
270,633,245,0,3
270,642,245,0,3
270,646,271,2,1
270,653,245,0,3
270,683,295,3,0
270,706,271,2,1
270,709,245,0,3
270,710,245,0,3
270,720,295,3,0
271,628,296,3,0
271,633,270,1,2
271,642,246,0,3
271,647,296,3,0
271,653,246,0,3
271,683,296,3,0
271,689,270,1,2
271,705,246,0,3
271,708,246,0,3
271,709,270,1,2
271,710,246,0,3
271,720,296,3,0
272,628,297,3,0
272,633,271,1,2
272,642,247,0,3
272,647,297,3,0
272,653,247,0,3
272,683,297,3,0
272,689,271,1,2
272,705,247,0,3
272,709,271,1,2
272,710,247,0,3
272,720,297,3,0
273,628,298,3,0
273,642,248,0,3
273,647,298,3,0
273,653,248,0,3
273,683,298,3,0
273,724,298,3,0
274,628,299,3,0
274,642,249,0,3
274,647,299,3,0
274,653,249,0,3
274,666,250,2,3
275,653,276,1,1
277,628,302,3,0
277,642,252,0,3
277,653,252,0,3
278,628,303,3,0
278,642,253,0,3
278,653,253,0,3
278,683,303,3,0
278,724,303,3,0
279,628,304,3,0
279,633,280,2,1
279,642,254,0,3
279,647,278,1,2
279,653,254,0,3
279,683,304,3,0
279,687,280,2,1
279,689,280,2,1
279,705,254,0,3
279,709,280,2,1
279,710,304,3,0
279,720,720,99,0
280,628,305,3,0
280,633,281,2,1
280,642,255,0,3
280,647,279,1,2
280,653,255,0,3
280,683,305,3,0
280,689,281,2,1
280,705,255,0,3
280,708,255,0,3
280,709,281,2,1
280,710,305,3,0
280,720,279,1,2
281,628,306,3,0
281,633,282,2,1
281,642,256,0,3
281,647,280,1,2
281,653,256,0,3
281,683,306,3,0
281,689,282,2,1
281,705,256,0,3
281,708,256,0,3
281,709,282,2,1
281,710,306,3,0
281,720,280,1,2
282,628,307,3,0
282,633,257,0,3
282,642,257,0,3
282,647,281,1,2
282,653,257,0,3
282,683,307,3,0
282,689,307,3,0
282,709,257,0,3
282,720,281,1,2
283,628,282,1,2
283,633,258,0,3
283,642,282,1,2
283,646,282,1,2
283,647,282,1,2
283,653,282,1,2
283,683,282,1,2
283,689,308,3,0
283,705,282,1,2
283,706,282,1,2
283,708,282,1,2
283,709,258,0,3
283,710,282,1,2
283,720,282,1,2
284,628,283,1,2
284,633,259,0,3
284,642,283,1,2
284,647,283,1,2
284,653,283,1,2
284,683,283,1,2
284,689,309,3,0
284,705,283,1,2
284,708,283,1,2
284,709,259,0,3
284,710,283,1,2
284,720,283,1,2
285,628,284,1,2
285,633,260,0,3
285,642,284,1,2
285,647,284,1,2
285,653,284,1,2
285,683,284,1,2
285,687,310,3,0
285,689,310,3,0
285,705,284,1,2
285,709,260,0,3
285,710,284,1,2
285,720,284,1,2
286,628,285,1,2
286,642,285,1,2
286,647,285,1,2
286,653,285,1,2
287,628,286,1,2
287,642,286,1,2
287,653,286,1,2
287,666,286,1,2
288,653,287,1,2
289,653,288,1,2
290,628,291,2,1
290,642,291,2,1
290,653,291,2,1
290,666,289,1,2
291,628,292,2,1
291,642,292,2,1
291,647,292,2,1
291,653,292,2,1
291,683,292,2,1
291,687,316,3,0
291,724,292,2,1
292,628,293,2,1
292,633,267,0,3
292,642,293,2,1
292,647,293,2,1
292,653,293,2,1
292,683,293,2,1
292,689,317,3,0
292,705,293,2,1
292,709,267,0,3
292,710,293,2,1
292,720,293,2,1
293,628,294,2,1
293,633,268,0,3
293,642,294,2,1
293,647,294,2,1
293,653,294,2,1
293,683,294,2,1
293,689,318,3,0
293,705,294,2,1
293,708,294,2,1
293,709,268,0,3
293,710,294,2,1
293,720,294,2,1
294,628,295,2,1
294,633,269,0,3
294,642,295,2,1
294,646,293,1,2
294,647,295,2,1
294,653,295,2,1
294,683,295,2,1
294,689,319,3,0
294,705,295,2,1
294,706,293,1,2
294,708,295,2,1
294,709,269,0,3
294,710,295,2,1
294,720,295,2,1
295,628,320,3,0
295,633,270,0,3
295,642,270,0,3
295,646,296,2,1
295,647,296,2,1
295,653,270,0,3
295,683,320,3,0
295,689,320,3,0
295,706,296,2,1
295,709,270,0,3
295,720,296,2,1
296,628,321,3,0
296,633,295,1,2
296,642,271,0,3
296,647,297,2,1
296,653,271,0,3
296,683,321,3,0
296,689,295,1,2
296,705,271,0,3
296,708,271,0,3
296,709,295,1,2
296,710,321,3,0
296,720,297,2,1
297,628,322,3,0
297,633,296,1,2
297,642,272,0,3
297,647,298,2,1
297,653,272,0,3
297,683,322,3,0
297,689,296,1,2
297,705,272,0,3
297,709,296,1,2
297,710,322,3,0
297,720,298,2,1
298,628,323,3,0
298,642,273,0,3
298,647,299,2,1
298,653,273,0,3
298,683,323,3,0
298,724,323,3,0
299,628,324,3,0
299,642,274,0,3
299,647,647,26,0
299,653,274,0,3
299,666,275,2,3
300,653,301,1,1
302,628,327,3,0
302,642,277,0,3
302,653,277,0,3
303,628,328,3,0
303,642,278,0,3
303,647,278,0,3
303,653,278,0,3
303,683,328,3,0
303,724,328,3,0
304,628,329,3,0
304,633,305,2,1
304,642,279,0,3
304,647,279,0,3
304,653,279,0,3
304,683,329,3,0
304,687,305,2,1
304,689,305,2,1
304,705,279,0,3
304,709,305,2,1
304,710,329,3,0
304,720,279,0,3
305,628,330,3,0
305,633,306,2,1
305,642,280,0,3
305,647,280,0,3
305,653,280,0,3
305,683,330,3,0
305,689,306,2,1
305,705,280,0,3
305,708,280,0,3
305,709,306,2,1
305,710,330,3,0
305,720,280,0,3
306,628,331,3,0
306,633,307,2,1
306,642,281,0,3
306,647,281,0,3
306,653,281,0,3
306,683,331,3,0
306,689,307,2,1
306,705,281,0,3
306,708,281,0,3
306,709,307,2,1
306,710,331,3,0
306,720,281,0,3
307,628,332,3,0
307,633,282,0,3
307,642,282,0,3
307,647,282,0,3
307,653,282,0,3
307,683,332,3,0
307,689,332,3,0
307,709,282,0,3
308,628,307,1,2
308,633,283,0,3
308,642,307,1,2
308,646,307,1,2
308,647,307,1,2
308,653,307,1,2
308,683,307,1,2
308,689,333,3,0
308,705,307,1,2
308,706,307,1,2
308,708,307,1,2
308,709,283,0,3
308,710,307,1,2
308,720,307,1,2
309,628,308,1,2
309,633,284,0,3
309,642,308,1,2
309,647,308,1,2
309,653,308,1,2
309,683,308,1,2
309,689,334,3,0
309,705,308,1,2
309,708,308,1,2
309,709,284,0,3
309,710,308,1,2
309,720,308,1,2
310,628,309,1,2
310,633,285,0,3
310,642,309,1,2
310,647,309,1,2
310,653,309,1,2
310,683,309,1,2
310,687,335,3,0
310,689,335,3,0
310,705,309,1,2
310,709,285,0,3
310,710,309,1,2
310,720,309,1,2
311,628,310,1,2
311,642,310,1,2
311,647,310,1,2
311,653,310,1,2
312,628,311,1,2
312,642,311,1,2
312,653,311,1,2
312,666,311,1,2
313,653,312,1,2
314,653,313,1,2
315,628,316,2,1
315,642,316,2,1
315,653,316,2,1
315,666,314,1,2
316,628,317,2,1
316,642,317,2,1
316,647,317,2,1
316,653,317,2,1
316,683,317,2,1
316,687,341,3,0
316,724,317,2,1
317,628,318,2,1
317,633,292,0,3
317,642,318,2,1
317,647,318,2,1
317,653,318,2,1
317,683,318,2,1
317,689,342,3,0
317,705,318,2,1
317,709,292,0,3
317,710,318,2,1
317,720,318,2,1
318,628,319,2,1
318,633,293,0,3
318,642,319,2,1
318,647,319,2,1
318,653,319,2,1
318,683,319,2,1
318,689,343,3,0
318,705,319,2,1
318,708,319,2,1
318,709,293,0,3
318,710,319,2,1
318,720,319,2,1
319,628,320,2,1
319,633,294,0,3
319,642,320,2,1
319,646,318,1,2
319,647,320,2,1
319,653,320,2,1
319,683,320,2,1
319,689,344,3,0
319,705,320,2,1
319,706,318,1,2
319,708,320,2,1
319,709,294,0,3
319,710,320,2,1
319,720,320,2,1
320,628,345,3,0
320,633,295,0,3
320,642,295,0,3
320,646,321,2,1
320,647,295,0,3
320,653,295,0,3
320,683,345,3,0
320,689,345,3,0
320,706,321,2,1
320,709,295,0,3
321,628,346,3,0
321,633,320,1,2
321,642,296,0,3
321,647,296,0,3
321,653,296,0,3
321,683,346,3,0
321,689,320,1,2
321,705,296,0,3
321,708,296,0,3
321,709,320,1,2
321,710,346,3,0
321,720,296,0,3
322,628,347,3,0
322,633,321,1,2
322,642,297,0,3
322,647,297,0,3
322,653,297,0,3
322,683,347,3,0
322,689,321,1,2
322,705,297,0,3
322,709,321,1,2
322,710,347,3,0
322,720,297,0,3
323,628,348,3,0
323,642,298,0,3
323,647,298,0,3
323,653,298,0,3
323,683,348,3,0
323,724,348,3,0
324,628,349,3,0
324,642,299,0,3
324,647,299,0,3
324,653,299,0,3
324,666,300,2,3
325,653,326,1,1
327,628,352,3,0
327,642,302,0,3
327,653,302,0,3
328,628,353,3,0
328,642,303,0,3
328,647,303,0,3
328,653,303,0,3
328,683,353,3,0
328,724,353,3,0
329,628,354,3,0
329,633,330,2,1
329,642,304,0,3
329,647,304,0,3
329,653,304,0,3
329,683,354,3,0
329,687,330,2,1
329,689,330,2,1
329,705,304,0,3
329,709,330,2,1
329,710,354,3,0
329,720,304,0,3
330,628,355,3,0
330,633,331,2,1
330,642,305,0,3
330,647,305,0,3
330,653,305,0,3
330,683,355,3,0
330,689,331,2,1
330,705,305,0,3
330,708,305,0,3
330,709,331,2,1
330,710,355,3,0
330,720,305,0,3
331,628,356,3,0
331,633,332,2,1
331,642,306,0,3
331,647,306,0,3
331,653,306,0,3
331,683,356,3,0
331,689,332,2,1
331,705,306,0,3
331,708,306,0,3
331,709,332,2,1
331,710,356,3,0
331,720,306,0,3
332,628,357,3,0
332,633,307,0,3
332,642,307,0,3
332,646,307,0,3
332,647,307,0,3
332,653,307,0,3
332,683,357,3,0
332,689,357,3,0
332,705,307,0,3
332,708,307,0,3
332,709,307,0,3
333,628,332,1,2
333,633,308,0,3
333,642,332,1,2
333,646,332,1,2
333,647,332,1,2
333,653,332,1,2
333,683,332,1,2
333,689,358,3,0
333,705,332,1,2
333,706,332,1,2
333,708,332,1,2
333,709,308,0,3
333,710,332,1,2
333,720,332,1,2
334,628,333,1,2
334,633,309,0,3
334,642,333,1,2
334,647,333,1,2
334,653,333,1,2
334,683,333,1,2
334,689,359,3,0
334,705,333,1,2
334,708,333,1,2
334,709,309,0,3
334,710,333,1,2
334,720,333,1,2
335,628,334,1,2
335,633,310,0,3
335,642,334,1,2
335,647,334,1,2
335,653,334,1,2
335,683,334,1,2
335,687,360,3,0
335,689,360,3,0
335,705,334,1,2
335,709,310,0,3
335,710,334,1,2
335,720,334,1,2
336,628,335,1,2
336,642,335,1,2
336,647,335,1,2
336,653,335,1,2
337,628,336,1,2
337,642,336,1,2
337,653,336,1,2
337,666,336,1,2
338,653,337,1,2
339,653,338,1,2
340,628,341,2,1
340,642,341,2,1
340,653,341,2,1
340,666,339,1,2
341,628,342,2,1
341,642,342,2,1
341,647,342,2,1
341,653,342,2,1
341,683,342,2,1
341,687,366,3,0
341,724,342,2,1
342,628,343,2,1
342,633,317,0,3
342,642,343,2,1
342,647,343,2,1
342,653,343,2,1
342,683,343,2,1
342,689,367,3,0
342,705,343,2,1
342,709,317,0,3
342,710,343,2,1
342,720,343,2,1
343,628,344,2,1
343,633,318,0,3
343,642,344,2,1
343,647,344,2,1
343,653,344,2,1
343,683,344,2,1
343,689,368,3,0
343,705,344,2,1
343,708,344,2,1
343,709,318,0,3
343,710,344,2,1
343,720,344,2,1
344,628,345,2,1
344,633,319,0,3
344,642,345,2,1
344,646,343,1,2
344,647,345,2,1
344,653,345,2,1
344,683,345,2,1
344,689,369,3,0
344,705,345,2,1
344,706,343,1,2
344,708,345,2,1
344,709,319,0,3
344,710,345,2,1
344,720,345,2,1
345,628,370,3,0
345,633,320,0,3
345,642,320,0,3
345,646,346,2,1
345,647,320,0,3
345,653,320,0,3
345,683,370,3,0
345,689,370,3,0
345,705,320,0,3
345,706,346,2,1
345,708,320,0,3
345,709,320,0,3
346,628,371,3,0
346,633,345,1,2
346,642,321,0,3
346,647,321,0,3
346,653,321,0,3
346,683,371,3,0
346,689,345,1,2
346,705,321,0,3
346,708,321,0,3
346,709,345,1,2
346,710,371,3,0
346,720,321,0,3
347,628,372,3,0
347,633,346,1,2
347,642,322,0,3
347,647,322,0,3
347,653,322,0,3
347,683,372,3,0
347,689,346,1,2
347,705,322,0,3
347,709,346,1,2
347,710,372,3,0
347,720,322,0,3
348,628,373,3,0
348,642,323,0,3
348,647,323,0,3
348,653,323,0,3
348,683,373,3,0
348,724,373,3,0
349,628,374,3,0
349,642,324,0,3
349,647,324,0,3
349,653,324,0,3
349,666,325,2,3
350,653,351,1,1
352,628,377,3,0
352,642,327,0,3
352,653,327,0,3
353,628,378,3,0
353,642,328,0,3
353,647,328,0,3
353,653,328,0,3
353,683,378,3,0
353,724,724,103,0
354,628,379,3,0
354,633,355,2,1
354,642,329,0,3
354,647,329,0,3
354,653,329,0,3
354,683,379,3,0
354,687,355,2,1
354,689,355,2,1
354,705,329,0,3
354,709,355,2,1
354,710,379,3,0
354,720,329,0,3
354,724,353,1,2
355,628,380,3,0
355,633,356,2,1
355,642,330,0,3
355,647,330,0,3
355,653,330,0,3
355,683,380,3,0
355,689,356,2,1
355,705,330,0,3
355,708,330,0,3
355,709,356,2,1
355,710,380,3,0
355,720,330,0,3
356,628,381,3,0
356,633,357,2,1
356,642,331,0,3
356,647,331,0,3
356,653,331,0,3
356,683,381,3,0
356,689,357,2,1
356,705,331,0,3
356,708,331,0,3
356,709,357,2,1
356,710,381,3,0
356,720,331,0,3
357,628,382,3,0
357,633,332,0,3
357,642,332,0,3
357,646,332,0,3
357,647,332,0,3
357,653,332,0,3
357,683,382,3,0
357,687,382,3,0
357,689,382,3,0
357,705,332,0,3
357,708,332,0,3
358,628,357,1,2
358,633,333,0,3
358,642,357,1,2
358,646,357,1,2
358,647,357,1,2
358,653,357,1,2
358,683,357,1,2
358,687,383,3,0
358,689,383,3,0
358,705,357,1,2
358,706,357,1,2
358,708,357,1,2
358,709,333,0,3
358,710,357,1,2
358,720,357,1,2
359,628,358,1,2
359,633,334,0,3
359,642,358,1,2
359,647,358,1,2
359,653,358,1,2
359,683,358,1,2
359,687,384,3,0
359,689,384,3,0
359,705,358,1,2
359,708,358,1,2
359,709,334,0,3
359,710,358,1,2
359,720,358,1,2
360,628,359,1,2
360,633,335,0,3
360,642,359,1,2
360,647,359,1,2
360,653,359,1,2
360,683,359,1,2
360,687,385,3,0
360,689,385,3,0
360,705,359,1,2
360,709,335,0,3
360,710,359,1,2
360,720,359,1,2
361,628,360,1,2
361,642,360,1,2
361,647,360,1,2
361,653,360,1,2
362,628,361,1,2
362,642,361,1,2
362,653,361,1,2
362,666,361,1,2
363,653,362,1,2
364,653,363,1,2
365,628,366,2,1
365,642,366,2,1
365,653,366,2,1
365,666,364,1,2
366,628,367,2,1
366,642,367,2,1
366,647,367,2,1
366,653,367,2,1
366,683,367,2,1
366,687,391,3,0
366,724,367,2,1
367,628,368,2,1
367,633,342,0,3
367,642,368,2,1
367,647,368,2,1
367,653,368,2,1
367,683,368,2,1
367,687,392,3,0
367,689,392,3,0
367,705,368,2,1
367,709,342,0,3
367,710,368,2,1
367,720,368,2,1
368,628,369,2,1
368,633,343,0,3
368,642,369,2,1
368,647,369,2,1
368,653,369,2,1
368,683,369,2,1
368,687,393,3,0
368,689,393,3,0
368,705,369,2,1
368,708,369,2,1
368,709,343,0,3
368,710,369,2,1
368,720,369,2,1
369,628,370,2,1
369,633,344,0,3
369,642,370,2,1
369,646,368,1,2
369,647,370,2,1
369,653,370,2,1
369,683,370,2,1
369,687,394,3,0
369,689,394,3,0
369,705,370,2,1
369,706,368,1,2
369,708,370,2,1
369,709,344,0,3
369,710,370,2,1
369,720,370,2,1
370,628,395,3,0
370,633,345,0,3
370,642,345,0,3
370,646,371,2,1
370,647,345,0,3
370,653,345,0,3
370,683,395,3,0
370,687,395,3,0
370,689,395,3,0
370,705,345,0,3
370,706,371,2,1
370,708,345,0,3
371,628,396,3,0
371,633,370,1,2
371,642,346,0,3
371,647,346,0,3
371,653,346,0,3
371,683,396,3,0
371,689,370,1,2
371,705,346,0,3
371,708,346,0,3
371,709,370,1,2
371,710,396,3,0
371,720,346,0,3
372,628,397,3,0
372,633,371,1,2
372,642,347,0,3
372,647,347,0,3
372,653,347,0,3
372,683,397,3,0
372,689,371,1,2
372,705,347,0,3
372,709,371,1,2
372,710,397,3,0
372,720,347,0,3
373,628,398,3,0
373,642,348,0,3
373,647,348,0,3
373,653,348,0,3
373,683,398,3,0
374,628,399,3,0
374,642,349,0,3
374,647,349,0,3
374,653,349,0,3
374,666,350,2,3
375,653,376,1,1
377,628,628,7,0
377,642,352,0,3
377,653,352,0,3
378,628,377,1,2
378,642,353,0,3
378,647,353,0,3
378,653,353,0,3
378,683,683,62,0
378,724,353,0,3
379,628,378,1,2
379,633,380,2,1
379,642,354,0,3
379,647,354,0,3
379,653,354,0,3
379,683,378,1,2
379,687,380,2,1
379,689,380,2,1
379,705,354,0,3
379,709,380,2,1
379,710,404,3,0
379,720,354,0,3
380,628,379,1,2
380,633,381,2,1
380,642,355,0,3
380,647,355,0,3
380,653,355,0,3
380,683,379,1,2
380,689,381,2,1
380,705,355,0,3
380,708,355,0,3
380,709,381,2,1
380,710,405,3,0
380,720,355,0,3
381,628,380,1,2
381,633,382,2,1
381,642,356,0,3
381,647,356,0,3
381,653,356,0,3
381,683,380,1,2
381,689,382,2,1
381,705,356,0,3
381,708,356,0,3
381,709,382,2,1
381,710,406,3,0
381,720,356,0,3
382,628,381,1,2
382,642,357,0,3
382,647,357,0,3
382,653,357,0,3
382,683,381,1,2
382,687,383,2,1
382,689,407,3,0
382,705,357,0,3
382,706,357,0,3
382,708,357,0,3
382,710,407,3,0
383,628,382,1,2
383,633,358,0,3
383,642,382,1,2
383,646,382,1,2
383,647,382,1,2
383,653,382,1,2
383,683,382,1,2
383,687,384,2,1
383,689,408,3,0
383,705,382,1,2
383,706,382,1,2
383,708,382,1,2
383,709,358,0,3
383,710,382,1,2
383,720,382,1,2
384,628,383,1,2
384,633,359,0,3
384,642,383,1,2
384,647,383,1,2
384,653,383,1,2
384,683,383,1,2
384,687,385,2,1
384,689,409,3,0
384,705,383,1,2
384,708,383,1,2
384,709,359,0,3
384,710,383,1,2
384,720,383,1,2
385,628,384,1,2
385,633,360,0,3
385,642,384,1,2
385,647,384,1,2
385,653,384,1,2
385,683,384,1,2
385,689,410,3,0
385,705,384,1,2
385,709,360,0,3
385,710,384,1,2
385,720,384,1,2
386,628,385,1,2
386,642,385,1,2
386,647,385,1,2
386,653,385,1,2
387,628,386,1,2
387,642,386,1,2
387,653,386,1,2
387,666,386,1,2
388,653,387,1,2
389,653,388,1,2
390,628,391,2,1
390,642,391,2,1
390,653,391,2,1
390,666,389,1,2
391,628,392,2,1
391,642,392,2,1
391,647,392,2,1
391,653,392,2,1
391,683,392,2,1
391,687,687,66,0
391,724,392,2,1
392,628,393,2,1
392,633,367,0,3
392,642,393,2,1
392,647,393,2,1
392,653,393,2,1
392,683,393,2,1
392,687,391,1,2
392,689,417,3,0
392,705,393,2,1
392,709,367,0,3
392,710,393,2,1
392,720,393,2,1
393,628,394,2,1
393,633,368,0,3
393,642,394,2,1
393,647,394,2,1
393,653,394,2,1
393,683,394,2,1
393,687,392,1,2
393,689,418,3,0
393,705,394,2,1
393,708,394,2,1
393,709,368,0,3
393,710,394,2,1
393,720,394,2,1
394,628,395,2,1
394,633,369,0,3
394,642,395,2,1
394,646,393,1,2
394,647,395,2,1
394,653,395,2,1
394,683,395,2,1
394,687,393,1,2
394,689,419,3,0
394,705,395,2,1
394,706,393,1,2
394,708,395,2,1
394,709,369,0,3
394,710,395,2,1
394,720,395,2,1
395,628,396,2,1
395,642,370,0,3
395,646,396,2,1
395,647,370,0,3
395,653,370,0,3
395,683,396,2,1
395,687,394,1,2
395,689,420,3,0
395,705,370,0,3
395,706,396,2,1
395,708,370,0,3
395,710,420,3,0
396,628,397,2,1
396,633,395,1,2
396,642,371,0,3
396,647,371,0,3
396,653,371,0,3
396,683,397,2,1
396,689,395,1,2
396,705,371,0,3
396,708,371,0,3
396,709,395,1,2
396,710,421,3,0
396,720,371,0,3
397,628,398,2,1
397,633,396,1,2
397,642,372,0,3
397,647,372,0,3
397,653,372,0,3
397,683,398,2,1
397,689,396,1,2
397,705,372,0,3
397,709,396,1,2
397,710,422,3,0
397,720,372,0,3
398,628,399,2,1
398,642,373,0,3
398,647,373,0,3
398,653,373,0,3
398,724,373,0,3
399,628,375,2,3
399,642,374,0,3
399,647,374,0,3
399,653,374,0,3
399,666,375,2,3
400,653,401,1,1
402,628,377,0,3
402,642,427,3,0
402,653,377,0,3
403,628,378,0,3
403,642,428,3,0
403,647,378,0,3
403,653,378,0,3
403,683,378,0,3
403,724,378,0,3
404,628,379,0,3
404,633,405,2,1
404,642,429,3,0
404,647,379,0,3
404,653,379,0,3
404,683,379,0,3
404,687,405,2,1
404,689,405,2,1
404,705,379,0,3
404,709,405,2,1
404,710,429,3,0
404,720,379,0,3
405,628,380,0,3
405,633,406,2,1
405,642,430,3,0
405,647,380,0,3
405,653,380,0,3
405,683,380,0,3
405,689,406,2,1
405,705,380,0,3
405,708,380,0,3
405,709,406,2,1
405,710,430,3,0
405,720,380,0,3
406,628,381,0,3
406,633,407,2,1
406,642,431,3,0
406,647,381,0,3
406,653,381,0,3
406,683,381,0,3
406,689,407,2,1
406,705,381,0,3
406,708,381,0,3
406,709,407,2,1
406,710,431,3,0
406,720,381,0,3
407,647,382,0,3
407,653,382,0,3
407,689,432,3,0
407,705,382,0,3
407,708,382,0,3
407,710,432,3,0
407,720,382,0,3
408,628,407,1,2
408,633,383,0,3
408,642,407,1,2
408,646,407,1,2
408,647,407,1,2
408,653,407,1,2
408,683,407,1,2
408,689,433,3,0
408,705,407,1,2
408,706,407,1,2
408,708,407,1,2
408,709,383,0,3
408,710,407,1,2
408,720,407,1,2
409,628,408,1,2
409,633,384,0,3
409,642,408,1,2
409,647,408,1,2
409,653,408,1,2
409,683,408,1,2
409,689,434,3,0
409,705,408,1,2
409,708,408,1,2
409,709,384,0,3
409,710,408,1,2
409,720,408,1,2
410,628,409,1,2
410,633,385,0,3
410,642,409,1,2
410,647,409,1,2
410,653,409,1,2
410,683,409,1,2
410,687,385,0,3
410,689,435,3,0
410,705,409,1,2
410,709,385,0,3
410,710,409,1,2
410,720,409,1,2
411,628,410,1,2
411,642,410,1,2
411,647,410,1,2
411,653,410,1,2
412,628,411,1,2
412,642,411,1,2
412,653,411,1,2
412,666,411,1,2
413,653,412,1,2
414,653,413,1,2
415,628,416,2,1
415,642,416,2,1
415,653,416,2,1
415,666,414,1,2
416,628,417,2,1
416,642,417,2,1
416,647,417,2,1
416,653,417,2,1
416,683,417,2,1
416,687,391,0,3
416,724,417,2,1
417,628,418,2,1
417,633,392,0,3
417,642,418,2,1
417,647,418,2,1
417,653,418,2,1
417,683,418,2,1
417,689,442,3,0
417,705,418,2,1
417,709,392,0,3
417,710,418,2,1
417,720,418,2,1
418,628,419,2,1
418,633,393,0,3
418,642,419,2,1
418,647,419,2,1
418,653,419,2,1
418,683,419,2,1
418,689,443,3,0
418,705,419,2,1
418,708,419,2,1
418,709,393,0,3
418,710,419,2,1
418,720,419,2,1
419,628,420,2,1
419,633,394,0,3
419,642,420,2,1
419,646,418,1,2
419,647,420,2,1
419,653,420,2,1
419,683,420,2,1
419,689,444,3,0
419,705,420,2,1
419,706,418,1,2
419,708,420,2,1
419,709,394,0,3
419,710,420,2,1
419,720,420,2,1
420,646,421,2,1
420,647,395,0,3
420,653,395,0,3
420,689,445,3,0
420,705,395,0,3
420,706,421,2,1
420,708,395,0,3
420,710,445,3,0
420,720,395,0,3
421,628,396,0,3
421,633,420,1,2
421,642,446,3,0
421,647,396,0,3
421,653,396,0,3
421,683,396,0,3
421,689,420,1,2
421,705,396,0,3
421,708,396,0,3
421,709,420,1,2
421,710,446,3,0
421,720,396,0,3
422,628,397,0,3
422,633,421,1,2
422,642,447,3,0
422,647,397,0,3
422,653,397,0,3
422,683,397,0,3
422,689,421,1,2
422,705,397,0,3
422,709,421,1,2
422,710,447,3,0
422,720,397,0,3
423,628,398,0,3
423,642,448,3,0
423,647,398,0,3
423,653,398,0,3
423,683,398,0,3
423,724,398,0,3
424,628,399,0,3
424,642,449,3,0
424,647,399,0,3
424,653,399,0,3
424,666,400,2,3
425,653,426,1,1
427,628,402,0,3
427,642,452,3,0
427,653,402,0,3
428,628,403,0,3
428,642,453,3,0
428,647,403,0,3
428,653,403,0,3
428,683,403,0,3
428,724,403,0,3
429,628,404,0,3
429,633,430,2,1
429,642,454,3,0
429,647,404,0,3
429,653,404,0,3
429,683,404,0,3
429,687,430,2,1
429,689,430,2,1
429,705,404,0,3
429,709,430,2,1
429,710,454,3,0
429,720,404,0,3
430,628,405,0,3
430,633,431,2,1
430,642,455,3,0
430,647,405,0,3
430,653,405,0,3
430,683,405,0,3
430,689,431,2,1
430,705,405,0,3
430,708,405,0,3
430,709,431,2,1
430,710,455,3,0
430,720,405,0,3
431,628,406,0,3
431,633,432,2,1
431,642,456,3,0
431,647,406,0,3
431,653,406,0,3
431,683,406,0,3
431,689,432,2,1
431,705,406,0,3
431,708,406,0,3
431,709,432,2,1
431,710,456,3,0
431,720,406,0,3
432,628,407,0,3
432,642,457,3,0
432,647,407,0,3
432,653,407,0,3
432,689,457,3,0
432,705,407,0,3
432,708,407,0,3
432,710,457,3,0
432,720,407,0,3
433,628,432,1,2
433,633,408,0,3
433,642,432,1,2
433,646,432,1,2
433,647,432,1,2
433,653,432,1,2
433,683,432,1,2
433,689,458,3,0
433,705,432,1,2
433,706,432,1,2
433,708,432,1,2
433,709,408,0,3
433,710,432,1,2
433,720,432,1,2
434,628,433,1,2
434,633,409,0,3
434,642,433,1,2
434,647,433,1,2
434,653,433,1,2
434,683,433,1,2
434,689,459,3,0
434,705,433,1,2
434,708,433,1,2
434,709,409,0,3
434,710,433,1,2
434,720,433,1,2
435,628,434,1,2
435,633,410,0,3
435,642,434,1,2
435,647,434,1,2
435,653,434,1,2
435,683,434,1,2
435,687,410,0,3
435,689,460,3,0
435,705,434,1,2
435,709,410,0,3
435,710,434,1,2
435,720,434,1,2
436,628,435,1,2
436,642,435,1,2
436,647,435,1,2
436,653,435,1,2
437,628,436,1,2
437,642,436,1,2
437,653,436,1,2
437,666,436,1,2
438,653,437,1,2
439,653,438,1,2
440,628,441,2,1
440,642,441,2,1
440,653,441,2,1
440,666,439,1,2
441,628,442,2,1
441,642,442,2,1
441,647,442,2,1
441,653,442,2,1
441,683,442,2,1
441,687,416,0,3
441,724,442,2,1
442,628,443,2,1
442,633,417,0,3
442,642,443,2,1
442,647,443,2,1
442,653,443,2,1
442,683,443,2,1
442,689,467,3,0
442,705,443,2,1
442,709,417,0,3
442,710,443,2,1
442,720,443,2,1
443,628,444,2,1
443,633,418,0,3
443,642,444,2,1
443,647,444,2,1
443,653,444,2,1
443,683,444,2,1
443,689,468,3,0
443,705,444,2,1
443,708,444,2,1
443,709,418,0,3
443,710,444,2,1
443,720,444,2,1
444,628,445,2,1
444,633,419,0,3
444,642,445,2,1
444,646,443,1,2
444,647,445,2,1
444,653,445,2,1
444,683,445,2,1
444,689,469,3,0
444,705,445,2,1
444,706,443,1,2
444,708,445,2,1
444,709,419,0,3
444,710,445,2,1
444,720,445,2,1
445,628,420,0,3
445,642,470,3,0
445,646,446,2,1
445,647,420,0,3
445,653,420,0,3
445,689,470,3,0
445,705,420,0,3
445,706,446,2,1
445,708,420,0,3
445,710,470,3,0
445,720,420,0,3
446,628,421,0,3
446,633,445,1,2
446,642,471,3,0
446,647,421,0,3
446,653,421,0,3
446,683,421,0,3
446,689,445,1,2
446,705,421,0,3
446,708,421,0,3
446,709,445,1,2
446,710,471,3,0
446,720,421,0,3
447,628,422,0,3
447,633,446,1,2
447,642,472,3,0
447,647,422,0,3
447,653,422,0,3
447,683,422,0,3
447,689,446,1,2
447,705,422,0,3
447,709,446,1,2
447,710,472,3,0
447,720,422,0,3
448,628,423,0,3
448,642,473,3,0
448,647,423,0,3
448,653,423,0,3
448,683,423,0,3
448,724,423,0,3
449,628,424,0,3
449,642,474,3,0
449,647,424,0,3
449,653,424,0,3
449,666,425,2,3
450,653,451,1,1
452,628,427,0,3
452,642,477,3,0
452,653,427,0,3
453,628,428,0,3
453,642,478,3,0
453,647,428,0,3
453,653,428,0,3
453,683,428,0,3
453,724,428,0,3
454,628,429,0,3
454,633,455,2,1
454,642,479,3,0
454,647,429,0,3
454,653,429,0,3
454,683,429,0,3
454,687,455,2,1
454,689,455,2,1
454,705,429,0,3
454,709,455,2,1
454,710,479,3,0
454,720,429,0,3
455,628,430,0,3
455,633,456,2,1
455,642,480,3,0
455,647,430,0,3
455,653,430,0,3
455,683,430,0,3
455,689,456,2,1
455,705,430,0,3
455,708,430,0,3
455,709,456,2,1
455,710,480,3,0
455,720,430,0,3
456,628,431,0,3
456,633,457,2,1
456,642,481,3,0
456,647,431,0,3
456,653,431,0,3
456,683,431,0,3
456,689,457,2,1
456,705,431,0,3
456,708,431,0,3
456,709,457,2,1
456,710,481,3,0
456,720,431,0,3
457,628,432,0,3
457,642,482,3,0
457,647,432,0,3
457,653,432,0,3
457,689,482,3,0
457,705,432,0,3
457,708,432,0,3
457,709,482,3,0
457,710,482,3,0
457,720,432,0,3
458,628,457,1,2
458,633,433,0,3
458,642,457,1,2
458,646,457,1,2
458,647,457,1,2
458,653,457,1,2
458,683,457,1,2
458,689,483,3,0
458,705,457,1,2
458,706,457,1,2
458,708,457,1,2
458,709,483,3,0
458,710,457,1,2
458,720,457,1,2
459,628,458,1,2
459,633,434,0,3
459,642,458,1,2
459,647,458,1,2
459,653,458,1,2
459,683,458,1,2
459,689,484,3,0
459,705,458,1,2
459,708,458,1,2
459,709,484,3,0
459,710,458,1,2
459,720,458,1,2
460,628,459,1,2
460,633,435,0,3
460,642,459,1,2
460,647,459,1,2
460,653,459,1,2
460,683,459,1,2
460,687,435,0,3
460,689,485,3,0
460,705,459,1,2
460,709,485,3,0
460,710,459,1,2
460,720,459,1,2
461,628,460,1,2
461,642,460,1,2
461,647,460,1,2
461,653,460,1,2
462,628,461,1,2
462,642,461,1,2
462,653,461,1,2
462,666,461,1,2
463,653,462,1,2
464,653,463,1,2
465,628,466,2,1
465,642,466,2,1
465,653,466,2,1
465,666,464,1,2
466,628,467,2,1
466,642,467,2,1
466,647,467,2,1
466,653,467,2,1
466,683,467,2,1
466,687,441,0,3
466,724,467,2,1
467,628,468,2,1
467,633,442,0,3
467,642,468,2,1
467,647,468,2,1
467,653,468,2,1
467,683,468,2,1
467,689,492,3,0
467,705,468,2,1
467,709,492,3,0
467,710,468,2,1
467,720,468,2,1
468,628,469,2,1
468,633,443,0,3
468,642,469,2,1
468,647,469,2,1
468,653,469,2,1
468,683,469,2,1
468,689,493,3,0
468,705,469,2,1
468,708,469,2,1
468,709,493,3,0
468,710,469,2,1
468,720,469,2,1
469,628,470,2,1
469,633,444,0,3
469,642,470,2,1
469,646,468,1,2
469,647,470,2,1
469,653,470,2,1
469,683,470,2,1
469,689,494,3,0
469,705,470,2,1
469,706,468,1,2
469,708,470,2,1
469,709,494,3,0
469,710,470,2,1
469,720,470,2,1
470,628,445,0,3
470,642,495,3,0
470,646,471,2,1
470,647,445,0,3
470,653,445,0,3
470,689,495,3,0
470,705,445,0,3
470,706,471,2,1
470,708,445,0,3
470,709,495,3,0
470,710,495,3,0
470,720,445,0,3
471,628,446,0,3
471,633,470,1,2
471,642,496,3,0
471,647,446,0,3
471,653,446,0,3
471,683,446,0,3
471,689,470,1,2
471,705,446,0,3
471,708,446,0,3
471,709,470,1,2
471,710,496,3,0
471,720,446,0,3
472,628,447,0,3
472,633,471,1,2
472,642,497,3,0
472,647,447,0,3
472,653,447,0,3
472,683,447,0,3
472,689,471,1,2
472,705,447,0,3
472,709,471,1,2
472,710,497,3,0
472,720,447,0,3
473,628,448,0,3
473,642,498,3,0
473,647,448,0,3
473,653,448,0,3
473,683,448,0,3
473,724,448,0,3
474,628,449,0,3
474,642,499,3,0
474,647,449,0,3
474,653,449,0,3
474,666,450,2,3
475,653,476,1,1
477,628,452,0,3
477,642,502,3,0
477,653,502,3,0
478,628,453,0,3
478,642,503,3,0
478,647,453,0,3
478,653,503,3,0
478,683,453,0,3
478,724,453,0,3
479,628,454,0,3
479,633,480,2,1
479,642,504,3,0
479,647,454,0,3
479,653,504,3,0
479,683,454,0,3
479,687,480,2,1
479,689,480,2,1
479,705,454,0,3
479,709,480,2,1
479,710,504,3,0
479,720,454,0,3
480,628,455,0,3
480,633,481,2,1
480,642,505,3,0
480,647,455,0,3
480,653,505,3,0
480,683,455,0,3
480,689,481,2,1
480,705,455,0,3
480,708,505,3,0
480,709,481,2,1
480,710,505,3,0
480,720,455,0,3
481,628,456,0,3
481,633,482,2,1
481,642,506,3,0
481,647,456,0,3
481,653,506,3,0
481,683,456,0,3
481,689,482,2,1
481,705,456,0,3
481,708,506,3,0
481,709,482,2,1
481,710,506,3,0
481,720,456,0,3
482,628,457,0,3
482,633,507,3,0
482,642,507,3,0
482,647,457,0,3
482,683,457,0,3
482,705,457,0,3
482,709,507,3,0
482,710,507,3,0
482,720,457,0,3
483,628,482,1,2
483,633,508,3,0
483,642,482,1,2
483,646,482,1,2
483,647,482,1,2
483,653,482,1,2
483,683,482,1,2
483,689,508,3,0
483,705,482,1,2
483,706,482,1,2
483,708,482,1,2
483,709,508,3,0
483,710,482,1,2
483,720,482,1,2
484,628,483,1,2
484,633,509,3,0
484,642,483,1,2
484,647,483,1,2
484,653,483,1,2
484,683,483,1,2
484,689,509,3,0
484,705,483,1,2
484,708,483,1,2
484,709,509,3,0
484,710,483,1,2
484,720,483,1,2
485,628,484,1,2
485,633,510,3,0
485,642,484,1,2
485,647,484,1,2
485,653,484,1,2
485,683,484,1,2
485,687,460,0,3
485,689,510,3,0
485,705,484,1,2
485,709,510,3,0
485,710,484,1,2
485,720,484,1,2
486,628,485,1,2
486,642,485,1,2
486,647,485,1,2
486,653,485,1,2
487,628,486,1,2
487,642,486,1,2
487,653,486,1,2
487,666,486,1,2
488,653,487,1,2
489,653,488,1,2
490,628,491,2,1
490,642,491,2,1
490,653,491,2,1
490,666,489,1,2
491,628,492,2,1
491,642,492,2,1
491,647,492,2,1
491,653,492,2,1
491,683,492,2,1
491,687,466,0,3
491,724,492,2,1
492,628,493,2,1
492,633,517,3,0
492,642,493,2,1
492,647,493,2,1
492,653,493,2,1
492,683,493,2,1
492,689,517,3,0
492,705,493,2,1
492,709,517,3,0
492,710,493,2,1
492,720,493,2,1
493,628,494,2,1
493,633,518,3,0
493,642,494,2,1
493,647,494,2,1
493,653,494,2,1
493,683,494,2,1
493,689,518,3,0
493,705,494,2,1
493,708,494,2,1
493,709,518,3,0
493,710,494,2,1
493,720,494,2,1
494,628,495,2,1
494,633,519,3,0
494,642,495,2,1
494,646,493,1,2
494,647,495,2,1
494,653,495,2,1
494,683,495,2,1
494,689,519,3,0
494,705,495,2,1
494,706,493,1,2
494,708,495,2,1
494,709,519,3,0
494,710,495,2,1
494,720,495,2,1
495,628,470,0,3
495,633,520,3,0
495,642,520,3,0
495,646,496,2,1
495,647,470,0,3
495,683,470,0,3
495,705,470,0,3
495,706,496,2,1
495,709,520,3,0
495,710,520,3,0
495,720,470,0,3
496,628,471,0,3
496,633,495,1,2
496,642,521,3,0
496,647,471,0,3
496,653,521,3,0
496,683,471,0,3
496,689,495,1,2
496,705,471,0,3
496,708,521,3,0
496,709,495,1,2
496,710,521,3,0
496,720,471,0,3
497,628,472,0,3
497,633,496,1,2
497,642,522,3,0
497,647,472,0,3
497,653,522,3,0
497,683,472,0,3
497,689,496,1,2
497,705,472,0,3
497,709,496,1,2
497,710,522,3,0
497,720,472,0,3
498,628,473,0,3
498,642,523,3,0
498,647,473,0,3
498,653,523,3,0
498,683,473,0,3
498,724,473,0,3
499,628,474,0,3
499,642,524,3,0
499,647,474,0,3
499,653,524,3,0
499,666,475,2,3
500,653,501,1,1
502,628,477,0,3
502,642,527,3,0
502,653,527,3,0
503,628,478,0,3
503,642,528,3,0
503,647,478,0,3
503,653,528,3,0
503,683,478,0,3
503,724,478,0,3
504,628,479,0,3
504,633,505,2,1
504,642,529,3,0
504,647,479,0,3
504,653,529,3,0
504,683,479,0,3
504,687,505,2,1
504,689,505,2,1
504,705,479,0,3
504,709,505,2,1
504,710,529,3,0
504,720,479,0,3
505,628,480,0,3
505,633,506,2,1
505,642,530,3,0
505,647,480,0,3
505,653,530,3,0
505,683,480,0,3
505,689,506,2,1
505,705,480,0,3
505,708,530,3,0
505,709,506,2,1
505,710,530,3,0
505,720,480,0,3
506,628,481,0,3
506,633,507,2,1
506,642,531,3,0
506,647,481,0,3
506,653,531,3,0
506,683,481,0,3
506,689,507,2,1
506,705,481,0,3
506,708,531,3,0
506,709,507,2,1
506,710,531,3,0
506,720,481,0,3
507,628,482,0,3
507,633,532,3,0
507,642,532,3,0
507,647,482,0,3
507,653,532,3,0
507,683,482,0,3
507,705,482,0,3
507,709,532,3,0
507,710,532,3,0
507,720,482,0,3
508,628,507,1,2
508,633,533,3,0
508,642,507,1,2
508,646,507,1,2
508,647,507,1,2
508,653,507,1,2
508,683,507,1,2
508,689,533,3,0
508,705,507,1,2
508,706,507,1,2
508,708,507,1,2
508,709,533,3,0
508,710,507,1,2
508,720,507,1,2
509,628,508,1,2
509,633,534,3,0
509,642,508,1,2
509,647,508,1,2
509,653,508,1,2
509,683,508,1,2
509,689,534,3,0
509,705,508,1,2
509,708,508,1,2
509,709,534,3,0
509,710,508,1,2
509,720,508,1,2
510,628,509,1,2
510,633,535,3,0
510,642,509,1,2
510,647,509,1,2
510,653,509,1,2
510,683,509,1,2
510,687,485,0,3
510,689,535,3,0
510,705,509,1,2
510,709,535,3,0
510,710,509,1,2
510,720,509,1,2
511,628,510,1,2
511,642,510,1,2
511,647,510,1,2
511,653,510,1,2
512,628,511,1,2
512,642,511,1,2
512,653,511,1,2
512,666,511,1,2
513,653,512,1,2
515,628,516,2,1
515,642,516,2,1
515,653,516,2,1
515,666,514,1,2
516,628,517,2,1
516,642,517,2,1
516,647,517,2,1
516,653,517,2,1
516,683,517,2,1
516,687,491,0,3
516,724,517,2,1
517,628,518,2,1
517,633,542,3,0
517,642,518,2,1
517,647,518,2,1
517,653,518,2,1
517,683,518,2,1
517,689,542,3,0
517,705,518,2,1
517,709,542,3,0
517,710,518,2,1
517,720,518,2,1
518,628,519,2,1
518,633,543,3,0
518,642,519,2,1
518,647,519,2,1
518,653,519,2,1
518,683,519,2,1
518,689,543,3,0
518,705,519,2,1
518,708,519,2,1
518,709,543,3,0
518,710,519,2,1
518,720,519,2,1
519,628,520,2,1
519,633,544,3,0
519,642,520,2,1
519,646,518,1,2
519,647,520,2,1
519,653,520,2,1
519,683,520,2,1
519,689,544,3,0
519,705,520,2,1
519,706,518,1,2
519,708,520,2,1
519,709,544,3,0
519,710,520,2,1
519,720,520,2,1
520,628,495,0,3
520,633,545,3,0
520,642,545,3,0
520,646,521,2,1
520,647,495,0,3
520,653,545,3,0
520,683,495,0,3
520,705,495,0,3
520,706,521,2,1
520,709,545,3,0
520,710,545,3,0
520,720,495,0,3
521,628,496,0,3
521,633,520,1,2
521,642,546,3,0
521,647,496,0,3
521,653,546,3,0
521,683,496,0,3
521,689,520,1,2
521,705,496,0,3
521,708,546,3,0
521,709,520,1,2
521,710,546,3,0
521,720,496,0,3
522,628,497,0,3
522,633,521,1,2
522,642,547,3,0
522,647,497,0,3
522,653,547,3,0
522,683,497,0,3
522,689,521,1,2
522,705,497,0,3
522,709,521,1,2
522,710,547,3,0
522,720,497,0,3
523,628,498,0,3
523,642,548,3,0
523,647,498,0,3
523,653,548,3,0
523,683,498,0,3
523,724,498,0,3
524,628,499,0,3
524,642,549,3,0
524,647,499,0,3
524,653,549,3,0
524,666,500,2,3
525,653,526,1,1
527,628,502,0,3
527,642,552,3,0
527,653,552,3,0
528,628,503,0,3
528,642,553,3,0
528,647,503,0,3
528,653,553,3,0
528,683,503,0,3
528,724,503,0,3
529,628,504,0,3
529,633,530,2,1
529,642,554,3,0
529,647,504,0,3
529,653,554,3,0
529,683,504,0,3
529,687,530,2,1
529,689,530,2,1
529,705,554,3,0
529,709,530,2,1
529,710,554,3,0
529,720,504,0,3
530,628,505,0,3
530,633,531,2,1
530,642,555,3,0
530,647,505,0,3
530,653,555,3,0
530,683,505,0,3
530,689,531,2,1
530,705,555,3,0
530,708,555,3,0
530,709,531,2,1
530,710,555,3,0
530,720,505,0,3
531,628,506,0,3
531,633,532,2,1
531,642,556,3,0
531,647,506,0,3
531,653,556,3,0
531,683,506,0,3
531,689,532,2,1
531,705,556,3,0
531,708,556,3,0
531,709,532,2,1
531,710,556,3,0
531,720,506,0,3
532,628,507,0,3
532,633,557,3,0
532,642,557,3,0
532,647,507,0,3
532,653,557,3,0
532,683,507,0,3
532,709,557,3,0
532,710,557,3,0
532,720,507,0,3
533,628,532,1,2
533,633,558,3,0
533,642,532,1,2
533,646,532,1,2
533,647,532,1,2
533,653,532,1,2
533,683,532,1,2
533,689,558,3,0
533,705,532,1,2
533,706,532,1,2
533,708,532,1,2
533,709,558,3,0
533,710,532,1,2
533,720,532,1,2
534,628,533,1,2
534,633,559,3,0
534,642,533,1,2
534,647,533,1,2
534,653,533,1,2
534,683,533,1,2
534,689,559,3,0
534,705,533,1,2
534,708,533,1,2
534,709,559,3,0
534,710,533,1,2
534,720,533,1,2
535,628,534,1,2
535,633,560,3,0
535,642,534,1,2
535,647,534,1,2
535,653,534,1,2
535,683,534,1,2
535,687,510,0,3
535,689,560,3,0
535,705,534,1,2
535,709,560,3,0
535,710,534,1,2
535,720,534,1,2
536,628,535,1,2
536,642,535,1,2
536,647,535,1,2
536,653,535,1,2
537,628,536,1,2
537,642,536,1,2
537,653,536,1,2
537,666,536,1,2
538,653,537,1,2
539,653,538,1,2
540,628,541,2,1
540,642,541,2,1
540,653,541,2,1
540,666,539,1,2
541,628,542,2,1
541,642,542,2,1
541,647,542,2,1
541,653,542,2,1
541,683,542,2,1
541,687,516,0,3
541,724,542,2,1
542,628,543,2,1
542,633,567,3,0
542,642,543,2,1
542,647,543,2,1
542,653,543,2,1
542,683,543,2,1
542,689,567,3,0
542,705,543,2,1
542,709,567,3,0
542,710,543,2,1
542,720,543,2,1
543,628,544,2,1
543,633,568,3,0
543,642,544,2,1
543,647,544,2,1
543,653,544,2,1
543,683,544,2,1
543,689,568,3,0
543,705,544,2,1
543,708,544,2,1
543,709,568,3,0
543,710,544,2,1
543,720,544,2,1
544,628,545,2,1
544,633,569,3,0
544,642,545,2,1
544,646,543,1,2
544,647,545,2,1
544,653,545,2,1
544,683,545,2,1
544,689,569,3,0
544,705,545,2,1
544,706,543,1,2
544,708,545,2,1
544,709,569,3,0
544,710,545,2,1
544,720,545,2,1
545,628,520,0,3
545,633,570,3,0
545,642,570,3,0
545,646,546,2,1
545,647,520,0,3
545,653,570,3,0
545,683,520,0,3
545,706,546,2,1
545,709,570,3,0
545,710,570,3,0
545,720,520,0,3
546,628,521,0,3
546,633,545,1,2
546,642,571,3,0
546,647,521,0,3
546,653,571,3,0
546,683,521,0,3
546,689,545,1,2
546,705,571,3,0
546,708,571,3,0
546,709,545,1,2
546,710,571,3,0
546,720,521,0,3
547,628,522,0,3
547,633,546,1,2
547,642,572,3,0
547,647,522,0,3
547,653,572,3,0
547,683,522,0,3
547,689,546,1,2
547,705,572,3,0
547,709,546,1,2
547,710,572,3,0
547,720,522,0,3
548,628,523,0,3
548,642,573,3,0
548,647,523,0,3
548,653,573,3,0
548,683,523,0,3
548,724,523,0,3
549,628,524,0,3
549,642,574,3,0
549,647,524,0,3
549,653,574,3,0
549,666,525,2,3
550,653,551,1,1
552,628,527,0,3
552,642,577,3,0
552,653,577,3,0
553,628,528,0,3
553,642,578,3,0
553,647,528,0,3
553,653,578,3,0
553,683,528,0,3
553,724,528,0,3
554,628,529,0,3
554,633,555,2,1
554,642,579,3,0
554,647,529,0,3
554,653,579,3,0
554,683,529,0,3
554,687,555,2,1
554,689,555,2,1
554,705,579,3,0
554,709,555,2,1
554,710,579,3,0
554,720,529,0,3
555,628,530,0,3
555,633,556,2,1
555,642,580,3,0
555,647,530,0,3
555,653,580,3,0
555,683,530,0,3
555,689,556,2,1
555,705,580,3,0
555,708,580,3,0
555,709,556,2,1
555,710,580,3,0
555,720,530,0,3
556,628,531,0,3
556,633,557,2,1
556,642,581,3,0
556,647,531,0,3
556,653,581,3,0
556,683,531,0,3
556,689,557,2,1
556,705,581,3,0
556,708,581,3,0
556,709,557,2,1
556,710,581,3,0
556,720,531,0,3
557,628,532,0,3
557,633,582,3,0
557,642,582,3,0
557,653,582,3,0
557,683,532,0,3
557,709,582,3,0
557,710,582,3,0
557,720,532,0,3
558,628,557,1,2
558,633,583,3,0
558,642,557,1,2
558,646,557,1,2
558,647,557,1,2
558,653,557,1,2
558,683,557,1,2
558,689,583,3,0
558,705,557,1,2
558,706,557,1,2
558,708,557,1,2
558,709,583,3,0
558,710,557,1,2
558,720,557,1,2
559,628,558,1,2
559,633,584,3,0
559,642,558,1,2
559,647,558,1,2
559,653,558,1,2
559,683,558,1,2
559,689,584,3,0
559,705,558,1,2
559,708,558,1,2
559,709,584,3,0
559,710,558,1,2
559,720,558,1,2
560,628,559,1,2
560,633,585,3,0
560,642,559,1,2
560,647,559,1,2
560,653,559,1,2
560,683,559,1,2
560,687,535,0,3
560,689,585,3,0
560,705,559,1,2
560,709,585,3,0
560,710,559,1,2
560,720,559,1,2
561,628,560,1,2
561,642,560,1,2
561,647,560,1,2
561,653,560,1,2
562,628,561,1,2
562,642,561,1,2
562,653,561,1,2
562,666,561,1,2
563,653,562,1,2
564,653,563,1,2
565,628,566,2,1
565,642,566,2,1
565,653,566,2,1
565,666,564,1,2
566,628,567,2,1
566,642,567,2,1
566,647,567,2,1
566,653,567,2,1
566,683,567,2,1
566,687,541,0,3
566,724,567,2,1
567,628,568,2,1
567,633,592,3,0
567,642,568,2,1
567,647,568,2,1
567,653,568,2,1
567,683,568,2,1
567,689,592,3,0
567,705,568,2,1
567,709,592,3,0
567,710,568,2,1
567,720,568,2,1
568,628,569,2,1
568,633,593,3,0
568,642,569,2,1
568,647,569,2,1
568,653,569,2,1
568,683,569,2,1
568,689,593,3,0
568,705,569,2,1
568,708,569,2,1
568,709,593,3,0
568,710,569,2,1
568,720,569,2,1
569,628,570,2,1
569,633,594,3,0
569,642,570,2,1
569,646,568,1,2
569,647,570,2,1
569,653,570,2,1
569,683,570,2,1
569,689,594,3,0
569,705,570,2,1
569,706,568,1,2
569,708,570,2,1
569,709,594,3,0
569,710,570,2,1
569,720,570,2,1
570,628,545,0,3
570,633,595,3,0
570,642,595,3,0
570,646,571,2,1
570,653,595,3,0
570,683,545,0,3
570,706,571,2,1
570,709,595,3,0
570,710,595,3,0
570,720,545,0,3
571,628,546,0,3
571,633,570,1,2
571,642,596,3,0
571,647,546,0,3
571,653,596,3,0
571,683,546,0,3
571,689,570,1,2
571,705,596,3,0
571,708,596,3,0
571,709,570,1,2
571,710,596,3,0
571,720,546,0,3
572,628,547,0,3
572,633,571,1,2
572,642,597,3,0
572,647,547,0,3
572,653,597,3,0
572,683,547,0,3
572,689,571,1,2
572,705,597,3,0
572,709,571,1,2
572,710,597,3,0
572,720,547,0,3
573,628,548,0,3
573,642,598,3,0
573,647,548,0,3
573,653,598,3,0
573,683,548,0,3
573,724,548,0,3
574,628,549,0,3
574,642,599,3,0
574,647,549,0,3
574,653,599,3,0
574,666,550,2,3
575,653,576,1,1
577,628,552,0,3
577,642,602,3,0
577,653,602,3,0
578,628,553,0,3
578,642,603,3,0
578,647,553,0,3
578,653,603,3,0
578,683,553,0,3
578,724,553,0,3
579,628,554,0,3
579,633,580,2,1
579,642,604,3,0
579,647,554,0,3
579,653,604,3,0
579,683,554,0,3
579,687,580,2,1
579,689,580,2,1
579,705,604,3,0
579,709,580,2,1
579,710,710,89,0
579,720,554,0,3
580,628,555,0,3
580,633,581,2,1
580,642,605,3,0
580,647,555,0,3
580,653,605,3,0
580,683,555,0,3
580,689,581,2,1
580,705,605,3,0
580,708,605,3,0
580,709,581,2,1
580,710,579,1,2
580,720,555,0,3
581,628,556,0,3
581,633,582,2,1
581,642,606,3,0
581,647,556,0,3
581,653,606,3,0
581,683,556,0,3
581,689,582,2,1
581,705,606,3,0
581,708,606,3,0
581,709,582,2,1
581,710,580,1,2
581,720,556,0,3
582,628,557,0,3
582,633,607,3,0
582,642,607,3,0
582,653,607,3,0
582,683,557,0,3
582,689,583,2,1
582,709,607,3,0
582,710,581,1,2
582,720,557,0,3
583,628,582,1,2
583,633,608,3,0
583,642,582,1,2
583,646,582,1,2
583,647,582,1,2
583,653,582,1,2
583,683,582,1,2
583,689,584,2,1
583,705,582,1,2
583,706,582,1,2
583,708,582,1,2
583,709,608,3,0
583,710,582,1,2
583,720,582,1,2
584,628,583,1,2
584,633,609,3,0
584,642,583,1,2
584,647,583,1,2
584,653,583,1,2
584,683,583,1,2
584,689,585,2,1
584,705,583,1,2
584,708,583,1,2
584,709,609,3,0
584,710,583,1,2
584,720,583,1,2
585,628,584,1,2
585,633,610,3,0
585,642,584,1,2
585,647,584,1,2
585,653,584,1,2
585,683,584,1,2
585,687,560,0,3
585,689,689,68,0
585,705,584,1,2
585,709,610,3,0
585,710,584,1,2
585,720,584,1,2
586,628,585,1,2
586,642,585,1,2
586,647,585,1,2
586,653,585,1,2
587,628,586,1,2
587,642,586,1,2
587,653,586,1,2
587,666,586,1,2
588,653,587,1,2
589,653,588,1,2
590,628,591,2,1
590,642,591,2,1
590,653,591,2,1
590,666,589,1,2
591,628,592,2,1
591,642,592,2,1
591,647,592,2,1
591,653,592,2,1
591,683,592,2,1
591,687,566,0,3
591,724,592,2,1
592,628,593,2,1
592,633,617,3,0
592,642,593,2,1
592,647,593,2,1
592,653,593,2,1
592,683,593,2,1
592,689,591,1,2
592,705,593,2,1
592,709,617,3,0
592,710,593,2,1
592,720,593,2,1
593,628,594,2,1
593,633,618,3,0
593,642,594,2,1
593,647,594,2,1
593,653,594,2,1
593,683,594,2,1
593,689,592,1,2
593,705,594,2,1
593,708,594,2,1
593,709,618,3,0
593,710,594,2,1
593,720,594,2,1
594,628,595,2,1
594,633,619,3,0
594,642,595,2,1
594,646,593,1,2
594,647,595,2,1
594,653,595,2,1
594,683,595,2,1
594,689,593,1,2
594,705,595,2,1
594,706,593,1,2
594,708,595,2,1
594,709,619,3,0
594,710,595,2,1
594,720,595,2,1
595,628,570,0,3
595,633,620,3,0
595,642,620,3,0
595,646,596,2,1
595,653,620,3,0
595,683,570,0,3
595,689,594,1,2
595,706,596,2,1
595,709,620,3,0
595,710,596,2,1
595,720,570,0,3
596,628,571,0,3
596,633,595,1,2
596,642,621,3,0
596,647,571,0,3
596,653,621,3,0
596,683,571,0,3
596,689,595,1,2
596,705,621,3,0
596,708,621,3,0
596,709,595,1,2
596,710,597,2,1
596,720,571,0,3
597,628,572,0,3
597,633,596,1,2
597,642,622,3,0
597,647,572,0,3
597,653,622,3,0
597,683,572,0,3
597,689,596,1,2
597,705,622,3,0
597,709,596,1,2
597,710,598,2,1
597,720,572,0,3
598,628,573,0,3
598,642,623,3,0
598,647,573,0,3
598,653,623,3,0
598,683,573,0,3
598,724,573,0,3
599,628,574,0,3
599,642,624,3,0
599,647,574,0,3
599,653,624,3,0
599,666,575,2,3
600,653,601,1,1
602,628,577,0,3
602,642,2,3,3
602,653,2,3,3
603,628,578,0,3
603,642,3,3,3
603,647,3,3,3
603,653,3,3,3
603,683,578,0,3
603,724,578,0,3
604,628,579,0,3
604,633,605,2,1
604,642,4,3,3
604,647,4,3,3
604,653,4,3,3
604,683,579,0,3
604,687,605,2,1
604,689,605,2,1
604,705,4,3,3
604,709,605,2,1
604,710,579,0,3
604,720,4,3,3
605,628,580,0,3
605,633,606,2,1
605,642,5,3,3
605,647,5,3,3
605,653,5,3,3
605,683,580,0,3
605,689,606,2,1
605,705,5,3,3
605,708,5,3,3
605,709,606,2,1
605,710,580,0,3
605,720,5,3,3
606,628,581,0,3
606,633,607,2,1
606,642,6,3,3
606,647,6,3,3
606,653,6,3,3
606,683,581,0,3
606,689,607,2,1
606,705,6,3,3
606,708,6,3,3
606,709,607,2,1
606,710,581,0,3
606,720,6,3,3
607,628,582,0,3
607,633,7,3,3
607,642,7,3,3
607,647,7,3,3
607,653,7,3,3
607,683,582,0,3
607,689,582,0,3
607,709,7,3,3
608,628,607,1,2
608,633,8,3,3
608,642,607,1,2
608,646,607,1,2
608,647,607,1,2
608,653,607,1,2
608,683,607,1,2
608,689,583,0,3
608,705,607,1,2
608,706,607,1,2
608,708,607,1,2
608,709,8,3,3
608,710,607,1,2
608,720,607,1,2
609,628,608,1,2
609,633,9,3,3
609,642,608,1,2
609,647,608,1,2
609,653,608,1,2
609,683,608,1,2
609,689,584,0,3
609,705,608,1,2
609,708,608,1,2
609,709,9,3,3
609,710,608,1,2
609,720,608,1,2
610,628,609,1,2
610,633,10,3,3
610,642,609,1,2
610,647,609,1,2
610,653,609,1,2
610,683,609,1,2
610,687,585,0,3
610,689,585,0,3
610,705,609,1,2
610,709,10,3,3
610,710,609,1,2
610,720,609,1,2
611,628,610,1,2
611,642,610,1,2
611,647,610,1,2
611,653,610,1,2
612,628,611,1,2
612,642,611,1,2
612,653,611,1,2
612,666,611,1,2
613,653,612,1,2
614,653,613,1,2
615,628,616,2,1
615,642,616,2,1
615,653,616,2,1
615,666,614,1,2
616,628,617,2,1
616,642,617,2,1
616,647,617,2,1
616,653,617,2,1
616,683,617,2,1
616,687,591,0,3
616,724,617,2,1
617,628,618,2,1
617,633,17,3,3
617,642,618,2,1
617,647,618,2,1
617,653,618,2,1
617,683,618,2,1
617,689,592,0,3
617,705,618,2,1
617,709,17,3,3
617,710,618,2,1
617,720,618,2,1
618,628,619,2,1
618,633,18,3,3
618,642,619,2,1
618,647,619,2,1
618,653,619,2,1
618,683,619,2,1
618,689,593,0,3
618,705,619,2,1
618,708,619,2,1
618,709,18,3,3
618,710,619,2,1
618,720,619,2,1
619,628,620,2,1
619,633,19,3,3
619,642,620,2,1
619,646,618,1,2
619,647,620,2,1
619,653,620,2,1
619,683,620,2,1
619,689,594,0,3
619,705,620,2,1
619,706,618,1,2
619,708,620,2,1
619,709,19,3,3
619,710,620,2,1
619,720,620,2,1
620,628,595,0,3
620,633,20,3,3
620,642,20,3,3
620,646,621,2,1
620,647,20,3,3
620,653,20,3,3
620,683,595,0,3
620,689,595,0,3
620,706,621,2,1
620,709,20,3,3
621,628,596,0,3
621,633,620,1,2
621,642,21,3,3
621,647,21,3,3
621,653,21,3,3
621,683,596,0,3
621,689,620,1,2
621,705,21,3,3
621,708,21,3,3
621,709,620,1,2
621,710,596,0,3
621,720,21,3,3
622,628,597,0,3
622,633,621,1,2
622,642,22,3,3
622,647,22,3,3
622,653,22,3,3
622,683,597,0,3
622,689,621,1,2
622,705,22,3,3
622,709,621,1,2
622,710,597,0,3
622,720,22,3,3
623,628,598,0,3
623,642,23,3,3
623,647,23,3,3
623,653,23,3,3
623,683,598,0,3
623,724,598,0,3
624,628,599,0,3
624,642,24,3,3
624,647,24,3,3
624,653,24,3,3
624,666,600,2,3
628,625,377,0,7
628,626,377,0,7
628,627,377,0,7
628,629,377,0,7
628,630,377,0,7
628,631,377,0,7
628,632,377,0,7
628,633,377,0,7
628,634,377,0,7
628,635,377,0,7
628,636,377,0,7
628,637,377,0,7
628,638,377,0,7
628,639,377,0,7
628,640,377,0,7
628,641,377,0,7
628,642,377,0,7
628,643,377,0,7
628,644,377,0,7
628,645,377,0,7
628,646,377,0,7
628,647,377,0,7
628,648,377,0,7
628,649,377,0,7
628,650,377,0,7
628,651,377,0,7
628,652,377,0,7
628,653,377,0,7
628,654,377,0,7
628,655,377,0,7
628,656,377,0,7
628,657,377,0,7
628,658,377,0,7
628,659,377,0,7
628,660,377,0,7
628,661,377,0,7
628,662,377,0,7
628,663,377,0,7
628,664,377,0,7
628,665,377,0,7
628,666,377,0,7
628,667,377,0,7
628,668,377,0,7
628,669,377,0,7
628,670,377,0,7
628,671,377,0,7
628,672,377,0,7
628,673,377,0,7
628,674,377,0,7
628,675,377,0,7
628,676,377,0,7
628,677,377,0,7
628,678,377,0,7
628,679,377,0,7
628,680,377,0,7
628,681,377,0,7
628,682,377,0,7
628,683,377,0,7
628,684,377,0,7
628,685,377,0,7
628,686,377,0,7
628,687,377,0,7
628,688,377,0,7
628,689,377,0,7
628,690,377,0,7
628,691,377,0,7
628,692,377,0,7
628,693,377,0,7
628,694,377,0,7
628,695,377,0,7
628,696,377,0,7
628,697,377,0,7
628,698,377,0,7
628,699,377,0,7
628,700,377,0,7
628,701,377,0,7
628,702,377,0,7
628,703,377,0,7
628,704,377,0,7
628,705,377,0,7
628,706,377,0,7
628,707,377,0,7
628,708,377,0,7
628,709,377,0,7
628,710,377,0,7
628,711,377,0,7
628,712,377,0,7
628,713,377,0,7
628,714,377,0,7
628,715,377,0,7
628,716,377,0,7
628,717,377,0,7
628,718,377,0,7
628,719,377,0,7
628,720,377,0,7
628,721,377,0,7
628,722,377,0,7
628,723,377,0,7
628,724,377,0,7
633,625,160,0,12
633,626,160,0,12
633,627,160,0,12
633,628,160,0,12
633,629,160,0,12
633,630,160,0,12
633,631,160,0,12
633,632,160,0,12
633,634,160,0,12
633,635,160,0,12
633,636,160,0,12
633,637,160,0,12
633,638,160,0,12
633,639,160,0,12
633,640,160,0,12
633,641,160,0,12
633,642,160,0,12
633,643,160,0,12
633,644,160,0,12
633,645,160,0,12
633,646,160,0,12
633,647,160,0,12
633,648,160,0,12
633,649,160,0,12
633,650,160,0,12
633,651,160,0,12
633,652,160,0,12
633,653,160,0,12
633,654,160,0,12
633,655,160,0,12
633,656,160,0,12
633,657,160,0,12
633,658,160,0,12
633,659,160,0,12
633,660,160,0,12
633,661,160,0,12
633,662,160,0,12
633,663,160,0,12
633,664,160,0,12
633,665,160,0,12
633,666,160,0,12
633,667,160,0,12
633,668,160,0,12
633,669,160,0,12
633,670,160,0,12
633,671,160,0,12
633,672,160,0,12
633,673,160,0,12
633,674,160,0,12
633,675,160,0,12
633,676,160,0,12
633,677,160,0,12
633,678,160,0,12
633,679,160,0,12
633,680,160,0,12
633,681,160,0,12
633,682,160,0,12
633,683,160,0,12
633,684,160,0,12
633,685,160,0,12
633,686,160,0,12
633,687,160,0,12
633,688,160,0,12
633,689,160,0,12
633,690,160,0,12
633,691,160,0,12
633,692,160,0,12
633,693,160,0,12
633,694,160,0,12
633,695,160,0,12
633,696,160,0,12
633,697,160,0,12
633,698,160,0,12
633,699,160,0,12
633,700,160,0,12
633,701,160,0,12
633,702,160,0,12
633,703,160,0,12
633,704,160,0,12
633,705,160,0,12
633,706,160,0,12
633,707,160,0,12
633,708,160,0,12
633,709,160,0,12
633,710,160,0,12
633,711,160,0,12
633,712,160,0,12
633,713,160,0,12
633,714,160,0,12
633,715,160,0,12
633,716,160,0,12
633,717,160,0,12
633,718,160,0,12
633,719,160,0,12
633,720,160,0,12
633,721,160,0,12
633,722,160,0,12
633,723,160,0,12
633,724,160,0,12
642,625,77,0,21
642,626,77,0,21
642,627,77,0,21
642,628,77,0,21
642,629,77,0,21
642,630,77,0,21
642,631,77,0,21
642,632,77,0,21
642,633,77,0,21
642,634,77,0,21
642,635,77,0,21
642,636,77,0,21
642,637,77,0,21
642,638,77,0,21
642,639,77,0,21
642,640,77,0,21
642,641,77,0,21
642,643,77,0,21
642,644,77,0,21
642,645,77,0,21
642,646,77,0,21
642,647,77,0,21
642,648,77,0,21
642,649,77,0,21
642,650,77,0,21
642,651,77,0,21
642,652,77,0,21
642,653,77,0,21
642,654,77,0,21
642,655,77,0,21
642,656,77,0,21
642,657,77,0,21
642,658,77,0,21
642,659,77,0,21
642,660,77,0,21
642,661,77,0,21
642,662,77,0,21
642,663,77,0,21
642,664,77,0,21
642,665,77,0,21
642,666,77,0,21
642,667,77,0,21
642,668,77,0,21
642,669,77,0,21
642,670,77,0,21
642,671,77,0,21
642,672,77,0,21
642,673,77,0,21
642,674,77,0,21
642,675,77,0,21
642,676,77,0,21
642,677,77,0,21
642,678,77,0,21
642,679,77,0,21
642,680,77,0,21
642,681,77,0,21
642,682,77,0,21
642,683,77,0,21
642,684,77,0,21
642,685,77,0,21
642,686,77,0,21
642,687,77,0,21
642,688,77,0,21
642,689,77,0,21
642,690,77,0,21
642,691,77,0,21
642,692,77,0,21
642,693,77,0,21
642,694,77,0,21
642,695,77,0,21
642,696,77,0,21
642,697,77,0,21
642,698,77,0,21
642,699,77,0,21
642,700,77,0,21
642,701,77,0,21
642,702,77,0,21
642,703,77,0,21
642,704,77,0,21
642,705,77,0,21
642,706,77,0,21
642,707,77,0,21
642,708,77,0,21
642,709,77,0,21
642,710,77,0,21
642,711,77,0,21
642,712,77,0,21
642,713,77,0,21
642,714,77,0,21
642,715,77,0,21
642,716,77,0,21
642,717,77,0,21
642,718,77,0,21
642,719,77,0,21
642,720,77,0,21
642,721,77,0,21
642,722,77,0,21
642,723,77,0,21
642,724,77,0,21
646,625,57,0,25
646,626,57,0,25
646,627,57,0,25
646,628,57,0,25
646,629,57,0,25
646,630,57,0,25
646,631,57,0,25
646,632,57,0,25
646,633,57,0,25
646,634,57,0,25
646,635,57,0,25
646,636,57,0,25
646,637,57,0,25
646,638,57,0,25
646,639,57,0,25
646,640,57,0,25
646,641,57,0,25
646,642,57,0,25
646,643,57,0,25
646,644,57,0,25
646,645,57,0,25
646,647,57,0,25
646,648,57,0,25
646,649,57,0,25
646,650,57,0,25
646,651,57,0,25
646,652,57,0,25
646,653,57,0,25
646,654,57,0,25
646,655,57,0,25
646,656,57,0,25
646,657,57,0,25
646,658,57,0,25
646,659,57,0,25
646,660,57,0,25
646,661,57,0,25
646,662,57,0,25
646,663,57,0,25
646,664,57,0,25
646,665,57,0,25
646,666,57,0,25
646,667,57,0,25
646,668,57,0,25
646,669,57,0,25
646,670,57,0,25
646,671,57,0,25
646,672,57,0,25
646,673,57,0,25
646,674,57,0,25
646,675,57,0,25
646,676,57,0,25
646,677,57,0,25
646,678,57,0,25
646,679,57,0,25
646,680,57,0,25
646,681,57,0,25
646,682,57,0,25
646,683,57,0,25
646,684,57,0,25
646,685,57,0,25
646,686,57,0,25
646,687,57,0,25
646,688,57,0,25
646,689,57,0,25
646,690,57,0,25
646,691,57,0,25
646,692,57,0,25
646,693,57,0,25
646,694,57,0,25
646,695,57,0,25
646,696,57,0,25
646,697,57,0,25
646,698,57,0,25
646,699,57,0,25
646,700,57,0,25
646,701,57,0,25
646,702,57,0,25
646,703,57,0,25
646,704,57,0,25
646,705,57,0,25
646,706,57,0,25
646,707,57,0,25
646,708,57,0,25
646,709,57,0,25
646,710,57,0,25
646,711,57,0,25
646,712,57,0,25
646,713,57,0,25
646,714,57,0,25
646,715,57,0,25
646,716,57,0,25
646,717,57,0,25
646,718,57,0,25
646,719,57,0,25
646,720,57,0,25
646,721,57,0,25
646,722,57,0,25
646,723,57,0,25
646,724,57,0,25
647,625,299,0,26
647,626,299,0,26
647,627,299,0,26
647,628,299,0,26
647,629,299,0,26
647,630,299,0,26
647,631,299,0,26
647,632,299,0,26
647,633,299,0,26
647,634,299,0,26
647,635,299,0,26
647,636,299,0,26
647,637,299,0,26
647,638,299,0,26
647,639,299,0,26
647,640,299,0,26
647,641,299,0,26
647,642,299,0,26
647,643,299,0,26
647,644,299,0,26
647,645,299,0,26
647,646,299,0,26
647,648,299,0,26
647,649,299,0,26
647,650,299,0,26
647,651,299,0,26
647,652,299,0,26
647,653,299,0,26
647,654,299,0,26
647,655,299,0,26
647,656,299,0,26
647,657,299,0,26
647,658,299,0,26
647,659,299,0,26
647,660,299,0,26
647,661,299,0,26
647,662,299,0,26
647,663,299,0,26
647,664,299,0,26
647,665,299,0,26
647,666,299,0,26
647,667,299,0,26
647,668,299,0,26
647,669,299,0,26
647,670,299,0,26
647,671,299,0,26
647,672,299,0,26
647,673,299,0,26
647,674,299,0,26
647,675,299,0,26
647,676,299,0,26
647,677,299,0,26
647,678,299,0,26
647,679,299,0,26
647,680,299,0,26
647,681,299,0,26
647,682,299,0,26
647,683,299,0,26
647,684,299,0,26
647,685,299,0,26
647,686,299,0,26
647,687,299,0,26
647,688,299,0,26
647,689,299,0,26
647,690,299,0,26
647,691,299,0,26
647,692,299,0,26
647,693,299,0,26
647,694,299,0,26
647,695,299,0,26
647,696,299,0,26
647,697,299,0,26
647,698,299,0,26
647,699,299,0,26
647,700,299,0,26
647,701,299,0,26
647,702,299,0,26
647,703,299,0,26
647,704,299,0,26
647,705,299,0,26
647,706,299,0,26
647,707,299,0,26
647,708,299,0,26
647,709,299,0,26
647,710,299,0,26
647,711,299,0,26
647,712,299,0,26
647,713,299,0,26
647,714,299,0,26
647,715,299,0,26
647,716,299,0,26
647,717,299,0,26
647,718,299,0,26
647,719,299,0,26
647,720,299,0,26
647,721,299,0,26
647,722,299,0,26
647,723,299,0,26
647,724,299,0,26
653,625,152,0,32
653,626,152,0,32
653,627,152,0,32
653,628,152,0,32
653,629,152,0,32
653,630,152,0,32
653,631,152,0,32
653,632,152,0,32
653,633,152,0,32
653,634,152,0,32
653,635,152,0,32
653,636,152,0,32
653,637,152,0,32
653,638,152,0,32
653,639,152,0,32
653,640,152,0,32
653,641,152,0,32
653,642,152,0,32
653,643,152,0,32
653,644,152,0,32
653,645,152,0,32
653,646,152,0,32
653,647,152,0,32
653,648,152,0,32
653,649,152,0,32
653,650,152,0,32
653,651,152,0,32
653,652,152,0,32
653,654,152,0,32
653,655,152,0,32
653,656,152,0,32
653,657,152,0,32
653,658,152,0,32
653,659,152,0,32
653,660,152,0,32
653,661,152,0,32
653,662,152,0,32
653,663,152,0,32
653,664,152,0,32
653,665,152,0,32
653,666,152,0,32
653,667,152,0,32
653,668,152,0,32
653,669,152,0,32
653,670,152,0,32
653,671,152,0,32
653,672,152,0,32
653,673,152,0,32
653,674,152,0,32
653,675,152,0,32
653,676,152,0,32
653,677,152,0,32
653,678,152,0,32
653,679,152,0,32
653,680,152,0,32
653,681,152,0,32
653,682,152,0,32
653,683,152,0,32
653,684,152,0,32
653,685,152,0,32
653,686,152,0,32
653,687,152,0,32
653,688,152,0,32
653,689,152,0,32
653,690,152,0,32
653,691,152,0,32
653,692,152,0,32
653,693,152,0,32
653,694,152,0,32
653,695,152,0,32
653,696,152,0,32
653,697,152,0,32
653,698,152,0,32
653,699,152,0,32
653,700,152,0,32
653,701,152,0,32
653,702,152,0,32
653,703,152,0,32
653,704,152,0,32
653,705,152,0,32
653,706,152,0,32
653,707,152,0,32
653,708,152,0,32
653,709,152,0,32
653,710,152,0,32
653,711,152,0,32
653,712,152,0,32
653,713,152,0,32
653,714,152,0,32
653,715,152,0,32
653,716,152,0,32
653,717,152,0,32
653,718,152,0,32
653,719,152,0,32
653,720,152,0,32
653,721,152,0,32
653,722,152,0,32
653,723,152,0,32
653,724,152,0,32
666,625,61,0,45
666,626,61,0,45
666,627,61,0,45
666,628,61,0,45
666,629,61,0,45
666,630,61,0,45
666,631,61,0,45
666,632,61,0,45
666,633,61,0,45
666,634,61,0,45
666,635,61,0,45
666,636,61,0,45
666,637,61,0,45
666,638,61,0,45
666,639,61,0,45
666,640,61,0,45
666,641,61,0,45
666,642,61,0,45
666,643,61,0,45
666,644,61,0,45
666,645,61,0,45
666,646,61,0,45
666,647,61,0,45
666,648,61,0,45
666,649,61,0,45
666,650,61,0,45
666,651,61,0,45
666,652,61,0,45
666,653,61,0,45
666,654,61,0,45
666,655,61,0,45
666,656,61,0,45
666,657,61,0,45
666,658,61,0,45
666,659,61,0,45
666,660,61,0,45
666,661,61,0,45
666,662,61,0,45
666,663,61,0,45
666,664,61,0,45
666,665,61,0,45
666,667,61,0,45
666,668,61,0,45
666,669,61,0,45
666,670,61,0,45
666,671,61,0,45
666,672,61,0,45
666,673,61,0,45
666,674,61,0,45
666,675,61,0,45
666,676,61,0,45
666,677,61,0,45
666,678,61,0,45
666,679,61,0,45
666,680,61,0,45
666,681,61,0,45
666,682,61,0,45
666,683,61,0,45
666,684,61,0,45
666,685,61,0,45
666,686,61,0,45
666,687,61,0,45
666,688,61,0,45
666,689,61,0,45
666,690,61,0,45
666,691,61,0,45
666,692,61,0,45
666,693,61,0,45
666,694,61,0,45
666,695,61,0,45
666,696,61,0,45
666,697,61,0,45
666,698,61,0,45
666,699,61,0,45
666,700,61,0,45
666,701,61,0,45
666,702,61,0,45
666,703,61,0,45
666,704,61,0,45
666,705,61,0,45
666,706,61,0,45
666,707,61,0,45
666,708,61,0,45
666,709,61,0,45
666,710,61,0,45
666,711,61,0,45
666,712,61,0,45
666,713,61,0,45
666,714,61,0,45
666,715,61,0,45
666,716,61,0,45
666,717,61,0,45
666,718,61,0,45
666,719,61,0,45
666,720,61,0,45
666,721,61,0,45
666,722,61,0,45
666,723,61,0,45
666,724,61,0,45
683,625,378,0,62
683,626,378,0,62
683,627,378,0,62
683,628,378,0,62
683,629,378,0,62
683,630,378,0,62
683,631,378,0,62
683,632,378,0,62
683,633,378,0,62
683,634,378,0,62
683,635,378,0,62
683,636,378,0,62
683,637,378,0,62
683,638,378,0,62
683,639,378,0,62
683,640,378,0,62
683,641,378,0,62
683,642,378,0,62
683,643,378,0,62
683,644,378,0,62
683,645,378,0,62
683,646,378,0,62
683,647,378,0,62
683,648,378,0,62
683,649,378,0,62
683,650,378,0,62
683,651,378,0,62
683,652,378,0,62
683,653,378,0,62
683,654,378,0,62
683,655,378,0,62
683,656,378,0,62
683,657,378,0,62
683,658,378,0,62
683,659,378,0,62
683,660,378,0,62
683,661,378,0,62
683,662,378,0,62
683,663,378,0,62
683,664,378,0,62
683,665,378,0,62
683,666,378,0,62
683,667,378,0,62
683,668,378,0,62
683,669,378,0,62
683,670,378,0,62
683,671,378,0,62
683,672,378,0,62
683,673,378,0,62
683,674,378,0,62
683,675,378,0,62
683,676,378,0,62
683,677,378,0,62
683,678,378,0,62
683,679,378,0,62
683,680,378,0,62
683,681,378,0,62
683,682,378,0,62
683,684,378,0,62
683,685,378,0,62
683,686,378,0,62
683,687,378,0,62
683,688,378,0,62
683,689,378,0,62
683,690,378,0,62
683,691,378,0,62
683,692,378,0,62
683,693,378,0,62
683,694,378,0,62
683,695,378,0,62
683,696,378,0,62
683,697,378,0,62
683,698,378,0,62
683,699,378,0,62
683,700,378,0,62
683,701,378,0,62
683,702,378,0,62
683,703,378,0,62
683,704,378,0,62
683,705,378,0,62
683,706,378,0,62
683,707,378,0,62
683,708,378,0,62
683,709,378,0,62
683,710,378,0,62
683,711,378,0,62
683,712,378,0,62
683,713,378,0,62
683,714,378,0,62
683,715,378,0,62
683,716,378,0,62
683,717,378,0,62
683,718,378,0,62
683,719,378,0,62
683,720,378,0,62
683,721,378,0,62
683,722,378,0,62
683,723,378,0,62
683,724,378,0,62
687,625,391,0,66
687,626,391,0,66
687,627,391,0,66
687,628,391,0,66
687,629,391,0,66
687,630,391,0,66
687,631,391,0,66
687,632,391,0,66
687,633,391,0,66
687,634,391,0,66
687,635,391,0,66
687,636,391,0,66
687,637,391,0,66
687,638,391,0,66
687,639,391,0,66
687,640,391,0,66
687,641,391,0,66
687,642,391,0,66
687,643,391,0,66
687,644,391,0,66
687,645,391,0,66
687,646,391,0,66
687,647,391,0,66
687,648,391,0,66
687,649,391,0,66
687,650,391,0,66
687,651,391,0,66
687,652,391,0,66
687,653,391,0,66
687,654,391,0,66
687,655,391,0,66
687,656,391,0,66
687,657,391,0,66
687,658,391,0,66
687,659,391,0,66
687,660,391,0,66
687,661,391,0,66
687,662,391,0,66
687,663,391,0,66
687,664,391,0,66
687,665,391,0,66
687,666,391,0,66
687,667,391,0,66
687,668,391,0,66
687,669,391,0,66
687,670,391,0,66
687,671,391,0,66
687,672,391,0,66
687,673,391,0,66
687,674,391,0,66
687,675,391,0,66
687,676,391,0,66
687,677,391,0,66
687,678,391,0,66
687,679,391,0,66
687,680,391,0,66
687,681,391,0,66
687,682,391,0,66
687,683,391,0,66
687,684,391,0,66
687,685,391,0,66
687,686,391,0,66
687,688,391,0,66
687,689,391,0,66
687,690,391,0,66
687,691,391,0,66
687,692,391,0,66
687,693,391,0,66
687,694,391,0,66
687,695,391,0,66
687,696,391,0,66
687,697,391,0,66
687,698,391,0,66
687,699,391,0,66
687,700,391,0,66
687,701,391,0,66
687,702,391,0,66
687,703,391,0,66
687,704,391,0,66
687,705,391,0,66
687,706,391,0,66
687,707,391,0,66
687,708,391,0,66
687,709,391,0,66
687,710,391,0,66
687,711,391,0,66
687,712,391,0,66
687,713,391,0,66
687,714,391,0,66
687,715,391,0,66
687,716,391,0,66
687,717,391,0,66
687,718,391,0,66
687,719,391,0,66
687,720,391,0,66
687,721,391,0,66
687,722,391,0,66
687,723,391,0,66
687,724,391,0,66
689,625,585,0,68
689,626,585,0,68
689,627,585,0,68
689,628,585,0,68
689,629,585,0,68
689,630,585,0,68
689,631,585,0,68
689,632,585,0,68
689,633,585,0,68
689,634,585,0,68
689,635,585,0,68
689,636,585,0,68
689,637,585,0,68
689,638,585,0,68
689,639,585,0,68
689,640,585,0,68
689,641,585,0,68
689,642,585,0,68
689,643,585,0,68
689,644,585,0,68
689,645,585,0,68
689,646,585,0,68
689,647,585,0,68
689,648,585,0,68
689,649,585,0,68
689,650,585,0,68
689,651,585,0,68
689,652,585,0,68
689,653,585,0,68
689,654,585,0,68
689,655,585,0,68
689,656,585,0,68
689,657,585,0,68
689,658,585,0,68
689,659,585,0,68
689,660,585,0,68
689,661,585,0,68
689,662,585,0,68
689,663,585,0,68
689,664,585,0,68
689,665,585,0,68
689,666,585,0,68
689,667,585,0,68
689,668,585,0,68
689,669,585,0,68
689,670,585,0,68
689,671,585,0,68
689,672,585,0,68
689,673,585,0,68
689,674,585,0,68
689,675,585,0,68
689,676,585,0,68
689,677,585,0,68
689,678,585,0,68
689,679,585,0,68
689,680,585,0,68
689,681,585,0,68
689,682,585,0,68
689,683,585,0,68
689,684,585,0,68
689,685,585,0,68
689,686,585,0,68
689,687,585,0,68
689,688,585,0,68
689,690,585,0,68
689,691,585,0,68
689,692,585,0,68
689,693,585,0,68
689,694,585,0,68
689,695,585,0,68
689,696,585,0,68
689,697,585,0,68
689,698,585,0,68
689,699,585,0,68
689,700,585,0,68
689,701,585,0,68
689,702,585,0,68
689,703,585,0,68
689,704,585,0,68
689,705,585,0,68
689,706,585,0,68
689,707,585,0,68
689,708,585,0,68
689,709,585,0,68
689,710,585,0,68
689,711,585,0,68
689,712,585,0,68
689,713,585,0,68
689,714,585,0,68
689,715,585,0,68
689,716,585,0,68
689,717,585,0,68
689,718,585,0,68
689,719,585,0,68
689,720,585,0,68
689,721,585,0,68
689,722,585,0,68
689,723,585,0,68
689,724,585,0,68
705,625,204,0,84
705,626,204,0,84
705,627,204,0,84
705,628,204,0,84
705,629,204,0,84
705,630,204,0,84
705,631,204,0,84
705,632,204,0,84
705,633,204,0,84
705,634,204,0,84
705,635,204,0,84
705,636,204,0,84
705,637,204,0,84
705,638,204,0,84
705,639,204,0,84
705,640,204,0,84
705,641,204,0,84
705,642,204,0,84
705,643,204,0,84
705,644,204,0,84
705,645,204,0,84
705,646,204,0,84
705,647,204,0,84
705,648,204,0,84
705,649,204,0,84
705,650,204,0,84
705,651,204,0,84
705,652,204,0,84
705,653,204,0,84
705,654,204,0,84
705,655,204,0,84
705,656,204,0,84
705,657,204,0,84
705,658,204,0,84
705,659,204,0,84
705,660,204,0,84
705,661,204,0,84
705,662,204,0,84
705,663,204,0,84
705,664,204,0,84
705,665,204,0,84
705,666,204,0,84
705,667,204,0,84
705,668,204,0,84
705,669,204,0,84
705,670,204,0,84
705,671,204,0,84
705,672,204,0,84
705,673,204,0,84
705,674,204,0,84
705,675,204,0,84
705,676,204,0,84
705,677,204,0,84
705,678,204,0,84
705,679,204,0,84
705,680,204,0,84
705,681,204,0,84
705,682,204,0,84
705,683,204,0,84
705,684,204,0,84
705,685,204,0,84
705,686,204,0,84
705,687,204,0,84
705,688,204,0,84
705,689,204,0,84
705,690,204,0,84
705,691,204,0,84
705,692,204,0,84
705,693,204,0,84
705,694,204,0,84
705,695,204,0,84
705,696,204,0,84
705,697,204,0,84
705,698,204,0,84
705,699,204,0,84
705,700,204,0,84
705,701,204,0,84
705,702,204,0,84
705,703,204,0,84
705,704,204,0,84
705,706,204,0,84
705,707,204,0,84
705,708,204,0,84
705,709,204,0,84
705,710,204,0,84
705,711,204,0,84
705,712,204,0,84
705,713,204,0,84
705,714,204,0,84
705,715,204,0,84
705,716,204,0,84
705,717,204,0,84
705,718,204,0,84
705,719,204,0,84
705,720,204,0,84
705,721,204,0,84
705,722,204,0,84
705,723,204,0,84
705,724,204,0,84
706,625,82,0,85
706,626,82,0,85
706,627,82,0,85
706,628,82,0,85
706,629,82,0,85
706,630,82,0,85
706,631,82,0,85
706,632,82,0,85
706,633,82,0,85
706,634,82,0,85
706,635,82,0,85
706,636,82,0,85
706,637,82,0,85
706,638,82,0,85
706,639,82,0,85
706,640,82,0,85
706,641,82,0,85
706,642,82,0,85
706,643,82,0,85
706,644,82,0,85
706,645,82,0,85
706,646,82,0,85
706,647,82,0,85
706,648,82,0,85
706,649,82,0,85
706,650,82,0,85
706,651,82,0,85
706,652,82,0,85
706,653,82,0,85
706,654,82,0,85
706,655,82,0,85
706,656,82,0,85
706,657,82,0,85
706,658,82,0,85
706,659,82,0,85
706,660,82,0,85
706,661,82,0,85
706,662,82,0,85
706,663,82,0,85
706,664,82,0,85
706,665,82,0,85
706,666,82,0,85
706,667,82,0,85
706,668,82,0,85
706,669,82,0,85
706,670,82,0,85
706,671,82,0,85
706,672,82,0,85
706,673,82,0,85
706,674,82,0,85
706,675,82,0,85
706,676,82,0,85
706,677,82,0,85
706,678,82,0,85
706,679,82,0,85
706,680,82,0,85
706,681,82,0,85
706,682,82,0,85
706,683,82,0,85
706,684,82,0,85
706,685,82,0,85
706,686,82,0,85
706,687,82,0,85
706,688,82,0,85
706,689,82,0,85
706,690,82,0,85
706,691,82,0,85
706,692,82,0,85
706,693,82,0,85
706,694,82,0,85
706,695,82,0,85
706,696,82,0,85
706,697,82,0,85
706,698,82,0,85
706,699,82,0,85
706,700,82,0,85
706,701,82,0,85
706,702,82,0,85
706,703,82,0,85
706,704,82,0,85
706,705,82,0,85
706,707,82,0,85
706,708,82,0,85
706,709,82,0,85
706,710,82,0,85
706,711,82,0,85
706,712,82,0,85
706,713,82,0,85
706,714,82,0,85
706,715,82,0,85
706,716,82,0,85
706,717,82,0,85
706,718,82,0,85
706,719,82,0,85
706,720,82,0,85
706,721,82,0,85
706,722,82,0,85
706,723,82,0,85
706,724,82,0,85
708,625,155,0,87
708,626,155,0,87
708,627,155,0,87
708,628,155,0,87
708,629,155,0,87
708,630,155,0,87
708,631,155,0,87
708,632,155,0,87
708,633,155,0,87
708,634,155,0,87
708,635,155,0,87
708,636,155,0,87
708,637,155,0,87
708,638,155,0,87
708,639,155,0,87
708,640,155,0,87
708,641,155,0,87
708,642,155,0,87
708,643,155,0,87
708,644,155,0,87
708,645,155,0,87
708,646,155,0,87
708,647,155,0,87
708,648,155,0,87
708,649,155,0,87
708,650,155,0,87
708,651,155,0,87
708,652,155,0,87
708,653,155,0,87
708,654,155,0,87
708,655,155,0,87
708,656,155,0,87
708,657,155,0,87
708,658,155,0,87
708,659,155,0,87
708,660,155,0,87
708,661,155,0,87
708,662,155,0,87
708,663,155,0,87
708,664,155,0,87
708,665,155,0,87
708,666,155,0,87
708,667,155,0,87
708,668,155,0,87
708,669,155,0,87
708,670,155,0,87
708,671,155,0,87
708,672,155,0,87
708,673,155,0,87
708,674,155,0,87
708,675,155,0,87
708,676,155,0,87
708,677,155,0,87
708,678,155,0,87
708,679,155,0,87
708,680,155,0,87
708,681,155,0,87
708,682,155,0,87
708,683,155,0,87
708,684,155,0,87
708,685,155,0,87
708,686,155,0,87
708,687,155,0,87
708,688,155,0,87
708,689,155,0,87
708,690,155,0,87
708,691,155,0,87
708,692,155,0,87
708,693,155,0,87
708,694,155,0,87
708,695,155,0,87
708,696,155,0,87
708,697,155,0,87
708,698,155,0,87
708,699,155,0,87
708,700,155,0,87
708,701,155,0,87
708,702,155,0,87
708,703,155,0,87
708,704,155,0,87
708,705,155,0,87
708,706,155,0,87
708,707,155,0,87
708,709,155,0,87
708,710,155,0,87
708,711,155,0,87
708,712,155,0,87
708,713,155,0,87
708,714,155,0,87
708,715,155,0,87
708,716,155,0,87
708,717,155,0,87
708,718,155,0,87
708,719,155,0,87
708,720,155,0,87
708,721,155,0,87
708,722,155,0,87
708,723,155,0,87
708,724,155,0,87
709,625,135,0,88
709,626,135,0,88
709,627,135,0,88
709,628,135,0,88
709,629,135,0,88
709,630,135,0,88
709,631,135,0,88
709,632,135,0,88
709,633,135,0,88
709,634,135,0,88
709,635,135,0,88
709,636,135,0,88
709,637,135,0,88
709,638,135,0,88
709,639,135,0,88
709,640,135,0,88
709,641,135,0,88
709,642,135,0,88
709,643,135,0,88
709,644,135,0,88
709,645,135,0,88
709,646,135,0,88
709,647,135,0,88
709,648,135,0,88
709,649,135,0,88
709,650,135,0,88
709,651,135,0,88
709,652,135,0,88
709,653,135,0,88
709,654,135,0,88
709,655,135,0,88
709,656,135,0,88
709,657,135,0,88
709,658,135,0,88
709,659,135,0,88
709,660,135,0,88
709,661,135,0,88
709,662,135,0,88
709,663,135,0,88
709,664,135,0,88
709,665,135,0,88
709,666,135,0,88
709,667,135,0,88
709,668,135,0,88
709,669,135,0,88
709,670,135,0,88
709,671,135,0,88
709,672,135,0,88
709,673,135,0,88
709,674,135,0,88
709,675,135,0,88
709,676,135,0,88
709,677,135,0,88
709,678,135,0,88
709,679,135,0,88
709,680,135,0,88
709,681,135,0,88
709,682,135,0,88
709,683,135,0,88
709,684,135,0,88
709,685,135,0,88
709,686,135,0,88
709,687,135,0,88
709,688,135,0,88
709,689,135,0,88
709,690,135,0,88
709,691,135,0,88
709,692,135,0,88
709,693,135,0,88
709,694,135,0,88
709,695,135,0,88
709,696,135,0,88
709,697,135,0,88
709,698,135,0,88
709,699,135,0,88
709,700,135,0,88
709,701,135,0,88
709,702,135,0,88
709,703,135,0,88
709,704,135,0,88
709,705,135,0,88
709,706,135,0,88
709,707,135,0,88
709,708,135,0,88
709,710,135,0,88
709,711,135,0,88
709,712,135,0,88
709,713,135,0,88
709,714,135,0,88
709,715,135,0,88
709,716,135,0,88
709,717,135,0,88
709,718,135,0,88
709,719,135,0,88
709,720,135,0,88
709,721,135,0,88
709,722,135,0,88
709,723,135,0,88
709,724,135,0,88
710,625,579,0,89
710,626,579,0,89
710,627,579,0,89
710,628,579,0,89
710,629,579,0,89
710,630,579,0,89
710,631,579,0,89
710,632,579,0,89
710,633,579,0,89
710,634,579,0,89
710,635,579,0,89
710,636,579,0,89
710,637,579,0,89
710,638,579,0,89
710,639,579,0,89
710,640,579,0,89
710,641,579,0,89
710,642,579,0,89
710,643,579,0,89
710,644,579,0,89
710,645,579,0,89
710,646,579,0,89
710,647,579,0,89
710,648,579,0,89
710,649,579,0,89
710,650,579,0,89
710,651,579,0,89
710,652,579,0,89
710,653,579,0,89
710,654,579,0,89
710,655,579,0,89
710,656,579,0,89
710,657,579,0,89
710,658,579,0,89
710,659,579,0,89
710,660,579,0,89
710,661,579,0,89
710,662,579,0,89
710,663,579,0,89
710,664,579,0,89
710,665,579,0,89
710,666,579,0,89
710,667,579,0,89
710,668,579,0,89
710,669,579,0,89
710,670,579,0,89
710,671,579,0,89
710,672,579,0,89
710,673,579,0,89
710,674,579,0,89
710,675,579,0,89
710,676,579,0,89
710,677,579,0,89
710,678,579,0,89
710,679,579,0,89
710,680,579,0,89
710,681,579,0,89
710,682,579,0,89
710,683,579,0,89
710,684,579,0,89
710,685,579,0,89
710,686,579,0,89
710,687,579,0,89
710,688,579,0,89
710,689,579,0,89
710,690,579,0,89
710,691,579,0,89
710,692,579,0,89
710,693,579,0,89
710,694,579,0,89
710,695,579,0,89
710,696,579,0,89
710,697,579,0,89
710,698,579,0,89
710,699,579,0,89
710,700,579,0,89
710,701,579,0,89
710,702,579,0,89
710,703,579,0,89
710,704,579,0,89
710,705,579,0,89
710,706,579,0,89
710,707,579,0,89
710,708,579,0,89
710,709,579,0,89
710,711,579,0,89
710,712,579,0,89
710,713,579,0,89
710,714,579,0,89
710,715,579,0,89
710,716,579,0,89
710,717,579,0,89
710,718,579,0,89
710,719,579,0,89
710,720,579,0,89
710,721,579,0,89
710,722,579,0,89
710,723,579,0,89
710,724,579,0,89
720,625,279,0,99
720,626,279,0,99
720,627,279,0,99
720,628,279,0,99
720,629,279,0,99
720,630,279,0,99
720,631,279,0,99
720,632,279,0,99
720,633,279,0,99
720,634,279,0,99
720,635,279,0,99
720,636,279,0,99
720,637,279,0,99
720,638,279,0,99
720,639,279,0,99
720,640,279,0,99
720,641,279,0,99
720,642,279,0,99
720,643,279,0,99
720,644,279,0,99
720,645,279,0,99
720,646,279,0,99
720,647,279,0,99
720,648,279,0,99
720,649,279,0,99
720,650,279,0,99
720,651,279,0,99
720,652,279,0,99
720,653,279,0,99
720,654,279,0,99
720,655,279,0,99
720,656,279,0,99
720,657,279,0,99
720,658,279,0,99
720,659,279,0,99
720,660,279,0,99
720,661,279,0,99
720,662,279,0,99
720,663,279,0,99
720,664,279,0,99
720,665,279,0,99
720,666,279,0,99
720,667,279,0,99
720,668,279,0,99
720,669,279,0,99
720,670,279,0,99
720,671,279,0,99
720,672,279,0,99
720,673,279,0,99
720,674,279,0,99
720,675,279,0,99
720,676,279,0,99
720,677,279,0,99
720,678,279,0,99
720,679,279,0,99
720,680,279,0,99
720,681,279,0,99
720,682,279,0,99
720,683,279,0,99
720,684,279,0,99
720,685,279,0,99
720,686,279,0,99
720,687,279,0,99
720,688,279,0,99
720,689,279,0,99
720,690,279,0,99
720,691,279,0,99
720,692,279,0,99
720,693,279,0,99
720,694,279,0,99
720,695,279,0,99
720,696,279,0,99
720,697,279,0,99
720,698,279,0,99
720,699,279,0,99
720,700,279,0,99
720,701,279,0,99
720,702,279,0,99
720,703,279,0,99
720,704,279,0,99
720,705,279,0,99
720,706,279,0,99
720,707,279,0,99
720,708,279,0,99
720,709,279,0,99
720,710,279,0,99
720,711,279,0,99
720,712,279,0,99
720,713,279,0,99
720,714,279,0,99
720,715,279,0,99
720,716,279,0,99
720,717,279,0,99
720,718,279,0,99
720,719,279,0,99
720,721,279,0,99
720,722,279,0,99
720,723,279,0,99
720,724,279,0,99
724,625,353,0,103
724,626,353,0,103
724,627,353,0,103
724,628,353,0,103
724,629,353,0,103
724,630,353,0,103
724,631,353,0,103
724,632,353,0,103
724,633,353,0,103
724,634,353,0,103
724,635,353,0,103
724,636,353,0,103
724,637,353,0,103
724,638,353,0,103
724,639,353,0,103
724,640,353,0,103
724,641,353,0,103
724,642,353,0,103
724,643,353,0,103
724,644,353,0,103
724,645,353,0,103
724,646,353,0,103
724,647,353,0,103
724,648,353,0,103
724,649,353,0,103
724,650,353,0,103
724,651,353,0,103
724,652,353,0,103
724,653,353,0,103
724,654,353,0,103
724,655,353,0,103
724,656,353,0,103
724,657,353,0,103
724,658,353,0,103
724,659,353,0,103
724,660,353,0,103
724,661,353,0,103
724,662,353,0,103
724,663,353,0,103
724,664,353,0,103
724,665,353,0,103
724,666,353,0,103
724,667,353,0,103
724,668,353,0,103
724,669,353,0,103
724,670,353,0,103
724,671,353,0,103
724,672,353,0,103
724,673,353,0,103
724,674,353,0,103
724,675,353,0,103
724,676,353,0,103
724,677,353,0,103
724,678,353,0,103
724,679,353,0,103
724,680,353,0,103
724,681,353,0,103
724,682,353,0,103
724,683,353,0,103
724,684,353,0,103
724,685,353,0,103
724,686,353,0,103
724,687,353,0,103
724,688,353,0,103
724,689,353,0,103
724,690,353,0,103
724,691,353,0,103
724,692,353,0,103
724,693,353,0,103
724,694,353,0,103
724,695,353,0,103
724,696,353,0,103
724,697,353,0,103
724,698,353,0,103
724,699,353,0,103
724,700,353,0,103
724,701,353,0,103
724,702,353,0,103
724,703,353,0,103
724,704,353,0,103
724,705,353,0,103
724,706,353,0,103
724,707,353,0,103
724,708,353,0,103
724,709,353,0,103
724,710,353,0,103
724,711,353,0,103
724,712,353,0,103
724,713,353,0,103
724,714,353,0,103
724,715,353,0,103
724,716,353,0,103
724,717,353,0,103
724,718,353,0,103
724,719,353,0,103
724,720,353,0,103
724,721,353,0,103
724,722,353,0,103
724,723,353,0,103
