0,630,25,1,0
0,688,25,1,0
0,711,25,1,0
1,668,0,0,0
1,711,2,1,0
2,668,1,0,1
2,711,27,2,0
3,630,28,2,0
3,688,28,2,0
3,711,28,2,0
4,630,29,2,0
4,631,604,3,3
4,649,5,1,0
4,688,29,2,0
4,711,29,2,0
4,720,5,1,0
5,630,30,2,0
5,631,605,3,3
5,636,30,2,0
5,644,6,1,0
5,649,6,1,0
5,660,6,1,0
5,661,30,2,0
5,685,605,3,3
5,687,6,1,0
5,688,30,2,0
5,696,605,3,3
5,698,605,3,3
5,711,30,2,0
5,720,6,1,0
6,630,31,2,0
6,631,606,3,3
6,636,31,2,0
6,644,7,1,0
6,649,7,1,0
6,660,7,1,0
6,661,31,2,0
6,685,606,3,3
6,687,7,1,0
6,688,31,2,0
6,696,606,3,3
6,698,606,3,3
6,703,31,2,0
6,711,31,2,0
6,720,7,1,0
7,630,32,2,0
7,631,607,3,3
7,636,32,2,0
7,644,8,1,0
7,649,8,1,0
7,660,8,1,0
7,661,32,2,0
7,685,607,3,3
7,687,8,1,0
7,688,32,2,0
7,696,607,3,3
7,698,607,3,3
7,703,32,2,0
7,711,32,2,0
7,720,8,1,0
8,630,33,2,0
8,644,33,2,0
8,649,33,2,0
8,660,608,3,3
8,685,608,3,3
8,687,608,3,3
8,688,33,2,0
8,698,608,3,3
8,703,33,2,0
8,711,33,2,0
9,630,8,0,1
9,631,8,0,1
9,636,8,0,1
9,644,34,2,0
9,649,34,2,0
9,660,609,3,3
9,661,8,0,1
9,685,8,0,1
9,687,609,3,3
9,688,8,0,1
9,696,8,0,1
9,698,8,0,1
9,703,8,0,1
9,711,8,0,1
9,720,34,2,0
10,630,9,0,1
10,631,9,0,1
10,644,35,2,0
10,649,35,2,0
10,660,610,3,3
10,661,9,0,1
10,687,610,3,3
10,688,9,0,1
10,696,9,0,1
10,698,9,0,1
10,711,9,0,1
10,720,35,2,0
11,630,10,0,1
11,631,10,0,1
11,649,36,2,0
11,688,10,0,1
11,711,10,0,1
11,720,36,2,0
12,630,11,0,1
12,631,11,0,1
12,688,11,0,1
12,711,11,0,1
13,668,14,1,0
13,711,12,0,1
14,711,13,0,1
15,630,16,1,0
15,688,16,1,0
15,711,16,1,0
16,630,17,1,0
16,631,15,0,1
16,688,17,1,0
16,711,17,1,0
17,630,18,1,0
17,631,18,1,0
17,649,42,2,0
17,687,617,3,3
17,688,18,1,0
17,711,18,1,0
17,720,42,2,0
18,630,19,1,0
18,631,19,1,0
18,636,19,1,0
18,644,43,2,0
18,649,43,2,0
18,660,618,3,3
18,661,19,1,0
18,685,19,1,0
18,687,618,3,3
18,688,19,1,0
18,696,19,1,0
18,698,19,1,0
18,711,19,1,0
18,720,43,2,0
19,630,20,1,0
19,631,20,1,0
19,636,20,1,0
19,644,44,2,0
19,649,44,2,0
19,660,619,3,3
19,661,20,1,0
19,685,20,1,0
19,687,619,3,3
19,688,20,1,0
19,696,20,1,0
19,698,20,1,0
19,703,20,1,0
19,711,20,1,0
19,720,44,2,0
20,630,45,2,0
20,644,45,2,0
20,649,45,2,0
20,660,620,3,3
20,685,620,3,3
20,687,620,3,3
20,688,45,2,0
20,698,620,3,3
20,703,45,2,0
20,711,45,2,0
21,630,46,2,0
21,631,621,3,3
21,636,46,2,0
21,644,20,0,1
21,649,20,0,1
21,660,20,0,1
21,661,46,2,0
21,685,621,3,3
21,687,20,0,1
21,688,46,2,0
21,696,621,3,3
21,698,621,3,3
21,703,46,2,0
21,711,46,2,0
21,720,20,0,1
22,630,47,2,0
22,631,622,3,3
22,636,47,2,0
22,644,21,0,1
22,649,21,0,1
22,660,21,0,1
22,661,47,2,0
22,685,622,3,3
22,687,21,0,1
22,688,47,2,0
22,696,622,3,3
22,698,622,3,3
22,711,47,2,0
22,720,21,0,1
23,630,48,2,0
23,631,623,3,3
23,649,22,0,1
23,687,22,0,1
23,688,48,2,0
23,711,48,2,0
23,720,22,0,1
24,630,49,2,0
24,631,0,1,2
24,688,49,2,0
24,711,49,2,0
25,630,50,2,0
25,688,50,2,0
25,711,50,2,0
26,668,25,1,1
26,711,27,2,1
27,668,26,1,2
27,711,52,3,0
28,630,53,3,0
28,688,53,3,0
28,711,53,3,0
29,630,54,3,0
29,631,4,0,2
29,649,30,2,1
29,688,54,3,0
29,711,54,3,0
29,720,30,2,1
30,630,55,3,0
30,631,5,0,2
30,636,55,3,0
30,644,31,2,1
30,649,31,2,1
30,660,31,2,1
30,661,55,3,0
30,685,5,0,2
30,687,31,2,1
30,688,55,3,0
30,696,5,0,2
30,698,5,0,2
30,711,55,3,0
30,720,31,2,1
31,630,56,3,0
31,631,6,0,2
31,636,56,3,0
31,644,32,2,1
31,649,32,2,1
31,660,32,2,1
31,661,56,3,0
31,685,6,0,2
31,687,32,2,1
31,688,56,3,0
31,696,6,0,2
31,698,6,0,2
31,703,56,3,0
31,711,56,3,0
31,720,32,2,1
32,630,57,3,0
32,631,7,0,2
32,636,57,3,0
32,644,33,2,1
32,649,33,2,1
32,660,33,2,1
32,661,57,3,0
32,685,7,0,2
32,687,33,2,1
32,688,57,3,0
32,696,7,0,2
32,698,7,0,2
32,703,57,3,0
32,711,57,3,0
32,720,33,2,1
33,630,58,3,0
33,644,58,3,0
33,649,58,3,0
33,661,58,3,0
33,685,8,0,2
33,687,8,0,2
33,688,58,3,0
33,698,8,0,2
33,703,58,3,0
33,711,58,3,0
34,630,33,1,2
34,631,33,1,2
34,636,33,1,2
34,644,59,3,0
34,649,59,3,0
34,660,9,0,2
34,661,33,1,2
34,685,33,1,2
34,687,9,0,2
34,688,33,1,2
34,696,33,1,2
34,698,33,1,2
34,703,33,1,2
34,711,33,1,2
34,720,59,3,0
35,630,34,1,2
35,631,34,1,2
35,644,60,3,0
35,649,60,3,0
35,660,10,0,2
35,661,34,1,2
35,687,10,0,2
35,688,34,1,2
35,696,34,1,2
35,698,34,1,2
35,711,34,1,2
35,720,60,3,0
36,630,35,1,2
36,631,35,1,2
36,649,61,3,0
36,688,35,1,2
36,711,35,1,2
36,720,61,3,0
37,630,36,1,2
37,631,36,1,2
37,688,36,1,2
37,711,36,1,2
38,668,39,2,1
38,711,37,1,2
39,711,38,1,2
40,630,41,2,1
40,688,41,2,1
40,711,41,2,1
41,630,42,2,1
41,631,40,1,2
41,688,42,2,1
41,711,42,2,1
42,630,43,2,1
42,631,43,2,1
42,649,67,3,0
42,687,17,0,2
42,688,43,2,1
42,711,43,2,1
42,720,67,3,0
43,630,44,2,1
43,631,44,2,1
43,636,44,2,1
43,644,68,3,0
43,649,68,3,0
43,660,18,0,2
43,661,44,2,1
43,685,44,2,1
43,687,18,0,2
43,688,44,2,1
43,696,44,2,1
43,698,44,2,1
43,711,44,2,1
43,720,68,3,0
44,630,45,2,1
44,631,45,2,1
44,636,45,2,1
44,644,69,3,0
44,649,69,3,0
44,660,19,0,2
44,661,45,2,1
44,685,45,2,1
44,687,19,0,2
44,688,45,2,1
44,696,45,2,1
44,698,45,2,1
44,703,45,2,1
44,711,45,2,1
44,720,69,3,0
45,630,70,3,0
45,644,70,3,0
45,649,70,3,0
45,661,70,3,0
45,685,20,0,2
45,687,20,0,2
45,688,70,3,0
45,698,20,0,2
45,703,70,3,0
45,711,70,3,0
46,630,71,3,0
46,631,21,0,2
46,636,71,3,0
46,644,45,1,2
46,649,45,1,2
46,660,45,1,2
46,661,71,3,0
46,685,21,0,2
46,687,45,1,2
46,688,71,3,0
46,696,21,0,2
46,698,21,0,2
46,703,71,3,0
46,711,71,3,0
46,720,45,1,2
47,630,72,3,0
47,631,22,0,2
47,636,72,3,0
47,644,46,1,2
47,649,46,1,2
47,660,46,1,2
47,661,72,3,0
47,685,22,0,2
47,687,46,1,2
47,688,72,3,0
47,696,22,0,2
47,698,22,0,2
47,711,72,3,0
47,720,46,1,2
48,630,73,3,0
48,631,23,0,2
48,649,47,1,2
48,687,47,1,2
48,688,73,3,0
48,711,73,3,0
48,720,47,1,2
49,630,74,3,0
49,631,25,2,3
49,688,74,3,0
49,711,74,3,0
50,630,75,2,0
50,688,75,2,0
50,711,51,1,1
51,668,50,1,1
51,711,52,2,1
52,668,51,1,2
52,711,711,90,0
53,630,78,3,0
53,688,78,3,0
53,711,52,1,2
54,630,79,3,0
54,631,29,0,3
54,649,55,2,1
54,688,79,3,0
54,711,53,1,2
54,720,55,2,1
55,630,80,3,0
55,631,30,0,3
55,636,80,3,0
55,644,56,2,1
55,649,56,2,1
55,660,56,2,1
55,661,80,3,0
55,685,80,3,0
55,687,56,2,1
55,688,80,3,0
55,696,30,0,3
55,698,80,3,0
55,711,54,1,2
55,720,56,2,1
56,630,81,3,0
56,631,31,0,3
56,636,81,3,0
56,644,57,2,1
56,649,57,2,1
56,660,57,2,1
56,661,81,3,0
56,685,81,3,0
56,687,57,2,1
56,688,81,3,0
56,696,31,0,3
56,698,81,3,0
56,703,81,3,0
56,711,55,1,2
56,720,57,2,1
57,630,82,3,0
57,631,32,0,3
57,636,82,3,0
57,644,58,2,1
57,649,58,2,1
57,660,58,2,1
57,661,82,3,0
57,685,82,3,0
57,687,58,2,1
57,688,82,3,0
57,696,32,0,3
57,698,82,3,0
57,703,82,3,0
57,711,56,1,2
57,720,58,2,1
58,630,83,3,0
58,644,83,3,0
58,661,83,3,0
58,675,59,2,1
58,688,83,3,0
58,703,83,3,0
58,711,57,1,2
59,630,58,1,2
59,631,58,1,2
59,636,58,1,2
59,644,84,3,0
59,649,84,3,0
59,660,34,0,3
59,661,58,1,2
59,675,60,2,1
59,685,58,1,2
59,687,84,3,0
59,688,58,1,2
59,696,58,1,2
59,698,58,1,2
59,703,58,1,2
59,711,58,1,2
59,720,84,3,0
60,630,59,1,2
60,631,59,1,2
60,644,85,3,0
60,649,85,3,0
60,660,35,0,3
60,661,59,1,2
60,675,61,2,1
60,687,85,3,0
60,688,59,1,2
60,696,59,1,2
60,698,59,1,2
60,711,59,1,2
60,720,85,3,0
61,630,60,1,2
61,631,60,1,2
61,649,86,3,0
61,675,62,2,1
61,688,60,1,2
61,711,60,1,2
61,720,86,3,0
62,630,61,1,2
62,631,61,1,2
62,675,63,2,1
62,688,61,1,2
62,711,61,1,2
63,668,64,2,1
63,675,64,2,1
63,711,62,1,2
64,675,675,54,0
64,711,63,1,2
65,630,66,2,1
65,675,64,1,2
65,688,66,2,1
65,711,66,2,1
66,630,67,2,1
66,631,65,1,2
66,675,65,1,2
66,688,67,2,1
66,711,67,2,1
67,630,68,2,1
67,631,68,2,1
67,649,92,3,0
67,675,66,1,2
67,687,92,3,0
67,688,68,2,1
67,711,68,2,1
67,720,92,3,0
68,630,69,2,1
68,631,69,2,1
68,636,69,2,1
68,644,93,3,0
68,649,93,3,0
68,660,43,0,3
68,661,69,2,1
68,675,67,1,2
68,685,69,2,1
68,687,93,3,0
68,688,69,2,1
68,696,69,2,1
68,698,69,2,1
68,711,69,2,1
68,720,93,3,0
69,630,70,2,1
69,631,70,2,1
69,636,70,2,1
69,644,94,3,0
69,649,94,3,0
69,660,44,0,3
69,661,70,2,1
69,675,68,1,2
69,685,70,2,1
69,687,94,3,0
69,688,70,2,1
69,696,70,2,1
69,698,70,2,1
69,703,70,2,1
69,711,70,2,1
69,720,94,3,0
70,630,95,3,0
70,644,95,3,0
70,661,95,3,0
70,675,69,1,2
70,688,95,3,0
70,703,95,3,0
70,711,71,2,1
71,630,96,3,0
71,631,46,0,3
71,636,96,3,0
71,644,70,1,2
71,649,70,1,2
71,660,70,1,2
71,661,96,3,0
71,685,96,3,0
71,687,70,1,2
71,688,96,3,0
71,696,46,0,3
71,698,96,3,0
71,703,96,3,0
71,711,72,2,1
71,720,70,1,2
72,630,97,3,0
72,631,47,0,3
72,636,97,3,0
72,644,71,1,2
72,649,71,1,2
72,660,71,1,2
72,661,97,3,0
72,685,97,3,0
72,687,71,1,2
72,688,97,3,0
72,696,47,0,3
72,698,97,3,0
72,711,73,2,1
72,720,71,1,2
73,630,98,3,0
73,631,48,0,3
73,649,72,1,2
73,687,72,1,2
73,688,98,3,0
73,711,74,2,1
73,720,72,1,2
74,630,99,3,0
74,631,50,2,3
74,688,99,3,0
74,711,50,2,3
75,630,100,2,0
75,688,100,2,0
75,711,50,0,2
76,668,75,1,1
76,711,77,2,1
77,668,76,1,2
77,711,52,0,3
78,630,103,3,0
78,688,103,3,0
78,711,53,0,3
79,630,104,3,0
79,631,54,0,3
79,649,80,2,1
79,688,104,3,0
79,711,54,0,3
79,720,80,2,1
80,630,105,3,0
80,631,55,0,3
80,636,105,3,0
80,644,81,2,1
80,649,81,2,1
80,660,81,2,1
80,661,105,3,0
80,685,105,3,0
80,687,81,2,1
80,688,105,3,0
80,696,55,0,3
80,698,105,3,0
80,711,55,0,3
80,720,81,2,1
81,630,106,3,0
81,631,56,0,3
81,636,106,3,0
81,644,82,2,1
81,649,82,2,1
81,660,82,2,1
81,661,106,3,0
81,685,106,3,0
81,687,82,2,1
81,688,106,3,0
81,696,56,0,3
81,698,106,3,0
81,703,106,3,0
81,711,56,0,3
81,720,82,2,1
82,630,107,3,0
82,631,57,0,3
82,636,107,3,0
82,644,83,2,1
82,649,83,2,1
82,660,83,2,1
82,661,107,3,0
82,685,107,3,0
82,687,83,2,1
82,688,107,3,0
82,696,57,0,3
82,698,107,3,0
82,703,107,3,0
82,711,57,0,3
82,720,83,2,1
83,630,108,3,0
83,631,58,0,3
83,661,108,3,0
83,675,58,0,3
83,688,108,3,0
83,703,108,3,0
83,711,58,0,3
83,720,84,2,1
84,630,83,1,2
84,631,83,1,2
84,636,83,1,2
84,644,109,3,0
84,649,109,3,0
84,660,59,0,3
84,661,83,1,2
84,675,59,0,3
84,685,83,1,2
84,687,109,3,0
84,688,83,1,2
84,696,83,1,2
84,698,83,1,2
84,703,83,1,2
84,711,83,1,2
84,720,85,2,1
85,630,84,1,2
85,631,84,1,2
85,644,110,3,0
85,649,110,3,0
85,660,60,0,3
85,661,84,1,2
85,675,60,0,3
85,687,110,3,0
85,688,84,1,2
85,696,84,1,2
85,698,84,1,2
85,711,84,1,2
85,720,86,2,1
86,630,85,1,2
86,631,85,1,2
86,649,111,3,0
86,675,61,0,3
86,688,85,1,2
86,711,85,1,2
86,720,720,99,0
87,630,86,1,2
87,631,86,1,2
87,675,62,0,3
87,688,86,1,2
87,711,86,1,2
88,668,89,2,1
88,675,63,0,3
88,711,87,1,2
89,675,64,0,3
89,711,88,1,2
90,630,91,2,1
90,675,65,0,3
90,688,91,2,1
90,711,91,2,1
91,630,92,2,1
91,631,90,1,2
91,675,66,0,3
91,688,92,2,1
91,711,92,2,1
92,630,93,2,1
92,631,93,2,1
92,649,117,3,0
92,675,67,0,3
92,687,117,3,0
92,688,93,2,1
92,711,93,2,1
92,720,91,1,2
93,630,94,2,1
93,631,94,2,1
93,636,94,2,1
93,644,118,3,0
93,649,118,3,0
93,660,68,0,3
93,661,94,2,1
93,675,68,0,3
93,685,94,2,1
93,687,118,3,0
93,688,94,2,1
93,696,94,2,1
93,698,94,2,1
93,711,94,2,1
93,720,92,1,2
94,630,95,2,1
94,631,95,2,1
94,636,95,2,1
94,644,119,3,0
94,649,119,3,0
94,660,69,0,3
94,661,95,2,1
94,675,69,0,3
94,685,95,2,1
94,687,119,3,0
94,688,95,2,1
94,696,95,2,1
94,698,95,2,1
94,703,95,2,1
94,711,95,2,1
94,720,93,1,2
95,630,120,3,0
95,631,70,0,3
95,661,120,3,0
95,675,70,0,3
95,688,120,3,0
95,703,120,3,0
95,711,70,0,3
95,720,94,1,2
96,630,121,3,0
96,631,71,0,3
96,636,121,3,0
96,644,95,1,2
96,649,95,1,2
96,660,95,1,2
96,661,121,3,0
96,685,121,3,0
96,687,95,1,2
96,688,121,3,0
96,696,71,0,3
96,698,121,3,0
96,703,121,3,0
96,711,71,0,3
96,720,95,1,2
97,630,122,3,0
97,631,72,0,3
97,636,122,3,0
97,644,96,1,2
97,649,96,1,2
97,660,96,1,2
97,661,122,3,0
97,685,122,3,0
97,687,96,1,2
97,688,122,3,0
97,696,72,0,3
97,698,122,3,0
97,711,72,0,3
97,720,96,1,2
98,630,123,3,0
98,631,73,0,3
98,649,97,1,2
98,687,97,1,2
98,688,123,3,0
98,711,73,0,3
98,720,97,1,2
99,630,124,3,0
99,631,75,2,3
99,688,124,3,0
99,711,74,0,3
100,630,125,2,0
100,688,125,2,0
100,711,75,0,2
101,668,100,1,1
101,711,102,2,1
102,668,101,1,2
102,711,77,0,3
103,630,128,3,0
103,688,128,3,0
103,711,78,0,3
104,630,129,3,0
104,631,79,0,3
104,649,105,2,1
104,688,129,3,0
104,711,79,0,3
104,720,105,2,1
105,630,130,3,0
105,631,80,0,3
105,636,130,3,0
105,644,106,2,1
105,649,106,2,1
105,660,106,2,1
105,661,130,3,0
105,685,130,3,0
105,687,106,2,1
105,688,130,3,0
105,696,80,0,3
105,698,130,3,0
105,711,80,0,3
105,720,106,2,1
106,630,131,3,0
106,631,81,0,3
106,636,131,3,0
106,644,107,2,1
106,649,107,2,1
106,660,107,2,1
106,661,131,3,0
106,685,131,3,0
106,687,107,2,1
106,688,131,3,0
106,696,81,0,3
106,698,131,3,0
106,703,131,3,0
106,711,81,0,3
106,720,107,2,1
107,630,132,3,0
107,631,82,0,3
107,636,132,3,0
107,644,108,2,1
107,649,108,2,1
107,660,108,2,1
107,661,132,3,0
107,685,132,3,0
107,687,108,2,1
107,688,132,3,0
107,696,82,0,3
107,698,132,3,0
107,703,132,3,0
107,711,82,0,3
107,720,108,2,1
108,630,133,3,0
108,631,83,0,3
108,661,133,3,0
108,703,133,3,0
108,711,83,0,3
108,720,83,0,3
109,630,108,1,2
109,631,108,1,2
109,636,108,1,2
109,644,134,3,0
109,649,134,3,0
109,660,84,0,3
109,661,108,1,2
109,685,108,1,2
109,687,134,3,0
109,688,108,1,2
109,696,108,1,2
109,698,108,1,2
109,703,108,1,2
109,711,108,1,2
109,720,84,0,3
110,630,109,1,2
110,631,109,1,2
110,644,135,3,0
110,649,135,3,0
110,660,85,0,3
110,661,109,1,2
110,687,135,3,0
110,688,109,1,2
110,696,109,1,2
110,698,109,1,2
110,711,109,1,2
110,720,85,0,3
111,630,110,1,2
111,631,110,1,2
111,649,136,3,0
111,688,110,1,2
111,711,110,1,2
111,720,86,0,3
112,630,111,1,2
112,631,111,1,2
112,688,111,1,2
112,711,111,1,2
113,668,114,2,1
113,711,112,1,2
114,711,113,1,2
115,630,116,2,1
115,688,116,2,1
115,711,116,2,1
116,630,117,2,1
116,631,115,1,2
116,688,117,2,1
116,711,117,2,1
117,630,118,2,1
117,631,118,2,1
117,649,142,3,0
117,687,142,3,0
117,688,118,2,1
117,711,118,2,1
117,720,92,0,3
118,630,119,2,1
118,631,119,2,1
118,636,119,2,1
118,644,143,3,0
118,649,143,3,0
118,660,93,0,3
118,661,119,2,1
118,685,119,2,1
118,687,143,3,0
118,688,119,2,1
118,696,119,2,1
118,698,119,2,1
118,711,119,2,1
118,720,93,0,3
119,630,120,2,1
119,631,120,2,1
119,636,120,2,1
119,644,144,3,0
119,649,144,3,0
119,660,94,0,3
119,661,120,2,1
119,685,120,2,1
119,687,144,3,0
119,688,120,2,1
119,696,120,2,1
119,698,120,2,1
119,703,120,2,1
119,711,120,2,1
119,720,94,0,3
120,630,145,3,0
120,631,95,0,3
120,661,145,3,0
120,703,145,3,0
120,711,95,0,3
120,720,95,0,3
121,630,146,3,0
121,631,96,0,3
121,636,146,3,0
121,644,120,1,2
121,649,120,1,2
121,660,120,1,2
121,661,146,3,0
121,685,146,3,0
121,687,120,1,2
121,688,146,3,0
121,696,96,0,3
121,698,146,3,0
121,703,146,3,0
121,711,96,0,3
121,720,120,1,2
122,630,147,3,0
122,631,97,0,3
122,636,147,3,0
122,644,121,1,2
122,649,121,1,2
122,660,121,1,2
122,661,147,3,0
122,685,147,3,0
122,687,121,1,2
122,688,147,3,0
122,696,97,0,3
122,698,147,3,0
122,711,97,0,3
122,720,121,1,2
123,630,148,3,0
123,631,98,0,3
123,649,122,1,2
123,687,122,1,2
123,688,148,3,0
123,711,98,0,3
123,720,122,1,2
124,630,149,3,0
124,631,100,2,3
124,688,149,3,0
124,711,99,0,3
125,630,150,2,0
125,688,688,67,0
125,711,100,0,2
126,668,125,1,1
126,711,127,2,1
127,668,126,1,2
127,711,102,0,3
128,630,153,3,0
128,688,127,1,2
128,711,103,0,3
129,630,154,3,0
129,631,104,0,3
129,649,130,2,1
129,688,128,1,2
129,711,104,0,3
129,720,130,2,1
130,630,155,3,0
130,631,105,0,3
130,636,155,3,0
130,644,131,2,1
130,649,131,2,1
130,660,131,2,1
130,661,155,3,0
130,685,155,3,0
130,687,131,2,1
130,688,129,1,2
130,696,105,0,3
130,698,155,3,0
130,711,105,0,3
130,720,131,2,1
131,630,156,3,0
131,631,106,0,3
131,636,156,3,0
131,644,132,2,1
131,649,132,2,1
131,660,132,2,1
131,661,156,3,0
131,685,156,3,0
131,687,132,2,1
131,688,130,1,2
131,696,106,0,3
131,698,156,3,0
131,703,703,82,0
131,711,106,0,3
131,720,132,2,1
132,630,157,3,0
132,631,107,0,3
132,636,157,3,0
132,644,133,2,1
132,649,133,2,1
132,660,133,2,1
132,661,157,3,0
132,685,157,3,0
132,687,133,2,1
132,688,131,1,2
132,696,107,0,3
132,698,157,3,0
132,703,131,1,2
132,711,107,0,3
132,720,133,2,1
132,721,721,100,0
133,630,158,3,0
133,631,108,0,3
133,649,134,2,1
133,661,158,3,0
133,688,132,1,2
133,696,108,0,3
133,703,132,1,2
133,711,108,0,3
133,720,108,0,3
133,721,132,1,2
134,630,133,1,2
134,631,133,1,2
134,636,133,1,2
134,644,159,3,0
134,649,135,2,1
134,660,109,0,3
134,661,133,1,2
134,685,133,1,2
134,687,159,3,0
134,688,133,1,2
134,696,133,1,2
134,698,133,1,2
134,703,133,1,2
134,711,133,1,2
134,720,109,0,3
135,630,134,1,2
135,631,134,1,2
135,644,160,3,0
135,649,136,2,1
135,660,110,0,3
135,661,134,1,2
135,687,160,3,0
135,688,134,1,2
135,696,134,1,2
135,698,134,1,2
135,711,134,1,2
135,720,110,0,3
136,630,135,1,2
136,631,135,1,2
136,649,649,28,0
136,688,135,1,2
136,711,135,1,2
136,720,111,0,3
137,630,136,1,2
137,631,136,1,2
137,688,136,1,2
137,711,136,1,2
138,668,139,2,1
138,711,137,1,2
139,711,138,1,2
140,630,141,2,1
140,688,141,2,1
140,711,141,2,1
141,630,142,2,1
141,631,140,1,2
141,688,142,2,1
141,711,142,2,1
142,630,143,2,1
142,631,143,2,1
142,649,141,1,2
142,687,167,3,0
142,688,143,2,1
142,711,143,2,1
142,720,117,0,3
143,630,144,2,1
143,631,144,2,1
143,636,144,2,1
143,644,168,3,0
143,649,142,1,2
143,660,118,0,3
143,661,144,2,1
143,685,144,2,1
143,687,168,3,0
143,688,144,2,1
143,696,144,2,1
143,698,144,2,1
143,711,144,2,1
143,720,118,0,3
144,630,145,2,1
144,631,145,2,1
144,636,145,2,1
144,644,169,3,0
144,649,143,1,2
144,660,119,0,3
144,661,145,2,1
144,685,145,2,1
144,687,169,3,0
144,688,145,2,1
144,696,145,2,1
144,698,145,2,1
144,703,145,2,1
144,711,145,2,1
144,720,119,0,3
145,630,170,3,0
145,631,120,0,3
145,649,144,1,2
145,661,170,3,0
145,688,146,2,1
145,696,120,0,3
145,703,146,2,1
145,711,120,0,3
145,720,120,0,3
145,721,146,2,1
146,630,171,3,0
146,631,121,0,3
146,636,171,3,0
146,644,145,1,2
146,649,145,1,2
146,660,145,1,2
146,661,171,3,0
146,685,171,3,0
146,687,145,1,2
146,688,147,2,1
146,696,121,0,3
146,698,171,3,0
146,703,147,2,1
146,711,121,0,3
146,720,145,1,2
147,630,172,3,0
147,631,122,0,3
147,636,172,3,0
147,644,146,1,2
147,649,146,1,2
147,660,146,1,2
147,661,172,3,0
147,685,172,3,0
147,687,146,1,2
147,688,148,2,1
147,696,122,0,3
147,698,172,3,0
147,711,122,0,3
147,720,146,1,2
148,630,173,3,0
148,631,123,0,3
148,649,147,1,2
148,687,147,1,2
148,688,149,2,1
148,711,123,0,3
148,720,147,1,2
149,630,174,3,0
149,631,125,2,3
149,688,125,2,3
149,711,124,0,3
150,630,175,2,0
150,668,668,47,0
150,688,125,0,2
150,711,125,0,2
151,668,150,1,1
151,711,152,2,1
152,711,127,0,3
153,630,178,3,0
153,688,128,0,3
153,711,128,0,3
154,630,179,3,0
154,631,129,0,3
154,649,155,2,1
154,688,129,0,3
154,711,129,0,3
154,720,155,2,1
155,630,180,3,0
155,631,130,0,3
155,636,180,3,0
155,644,156,2,1
155,649,156,2,1
155,660,156,2,1
155,661,180,3,0
155,685,180,3,0
155,687,156,2,1
155,688,130,0,3
155,696,130,0,3
155,698,180,3,0
155,711,130,0,3
155,720,156,2,1
156,630,181,3,0
156,631,131,0,3
156,636,181,3,0
156,644,157,2,1
156,649,157,2,1
156,660,157,2,1
156,661,181,3,0
156,685,181,3,0
156,687,157,2,1
156,688,131,0,3
156,696,131,0,3
156,698,181,3,0
156,703,131,0,3
156,711,131,0,3
156,720,157,2,1
157,630,182,3,0
157,631,132,0,3
157,636,182,3,0
157,644,158,2,1
157,649,158,2,1
157,660,158,2,1
157,661,182,3,0
157,685,182,3,0
157,687,158,2,1
157,688,132,0,3
157,696,132,0,3
157,698,182,3,0
157,703,132,0,3
157,711,132,0,3
157,720,158,2,1
157,721,132,0,3
158,630,183,3,0
158,631,133,0,3
158,636,183,3,0
158,649,133,0,3
158,660,183,3,0
158,661,183,3,0
158,687,183,3,0
158,688,133,0,3
158,696,133,0,3
158,711,133,0,3
158,720,133,0,3
158,721,133,0,3
159,630,158,1,2
159,631,158,1,2
159,636,158,1,2
159,644,184,3,0
159,649,134,0,3
159,660,184,3,0
159,661,158,1,2
159,685,158,1,2
159,687,184,3,0
159,688,158,1,2
159,696,158,1,2
159,698,158,1,2
159,703,158,1,2
159,711,158,1,2
159,720,134,0,3
160,630,159,1,2
160,631,159,1,2
160,644,185,3,0
160,649,135,0,3
160,660,185,3,0
160,661,159,1,2
160,687,185,3,0
160,688,159,1,2
160,696,159,1,2
160,698,159,1,2
160,711,159,1,2
160,720,135,0,3
161,630,160,1,2
161,631,160,1,2
161,649,136,0,3
161,688,160,1,2
161,711,160,1,2
161,720,136,0,3
162,630,161,1,2
162,631,161,1,2
162,688,161,1,2
162,711,161,1,2
163,668,164,2,1
163,711,162,1,2
164,711,163,1,2
165,630,166,2,1
165,688,166,2,1
165,711,166,2,1
166,630,167,2,1
166,631,165,1,2
166,688,167,2,1
166,711,167,2,1
167,630,168,2,1
167,631,168,2,1
167,649,142,0,3
167,687,192,3,0
167,688,168,2,1
167,711,168,2,1
167,720,142,0,3
168,630,169,2,1
168,631,169,2,1
168,636,169,2,1
168,644,193,3,0
168,649,143,0,3
168,660,193,3,0
168,661,169,2,1
168,685,169,2,1
168,687,193,3,0
168,688,169,2,1
168,696,169,2,1
168,698,169,2,1
168,711,169,2,1
168,720,143,0,3
169,630,170,2,1
169,631,170,2,1
169,636,170,2,1
169,644,194,3,0
169,649,144,0,3
169,660,194,3,0
169,661,170,2,1
169,685,170,2,1
169,687,194,3,0
169,688,170,2,1
169,696,170,2,1
169,698,170,2,1
169,703,170,2,1
169,711,170,2,1
169,720,144,0,3
170,630,195,3,0
170,631,145,0,3
170,636,195,3,0
170,649,145,0,3
170,660,195,3,0
170,661,195,3,0
170,687,195,3,0
170,688,145,0,3
170,696,145,0,3
170,711,145,0,3
170,720,145,0,3
170,721,145,0,3
171,630,196,3,0
171,631,146,0,3
171,636,196,3,0
171,644,170,1,2
171,649,170,1,2
171,660,170,1,2
171,661,196,3,0
171,685,196,3,0
171,687,170,1,2
171,688,146,0,3
171,696,146,0,3
171,698,196,3,0
171,703,146,0,3
171,711,146,0,3
171,720,170,1,2
172,630,197,3,0
172,631,147,0,3
172,636,197,3,0
172,644,171,1,2
172,649,171,1,2
172,660,171,1,2
172,661,197,3,0
172,685,197,3,0
172,687,171,1,2
172,688,147,0,3
172,696,147,0,3
172,698,197,3,0
172,711,147,0,3
172,720,171,1,2
173,630,198,3,0
173,631,148,0,3
173,649,172,1,2
173,687,172,1,2
173,688,148,0,3
173,711,148,0,3
173,720,172,1,2
174,630,199,3,0
174,631,150,2,3
174,688,149,0,3
174,711,149,0,3
175,630,200,2,0
175,688,150,0,2
175,711,150,0,2
176,668,175,1,1
176,711,177,2,1
177,668,176,1,2
177,711,152,0,3
178,630,203,3,0
178,688,153,0,3
178,711,153,0,3
179,630,204,3,0
179,631,154,0,3
179,649,180,2,1
179,688,154,0,3
179,711,154,0,3
179,720,180,2,1
180,630,205,3,0
180,631,155,0,3
180,636,205,3,0
180,644,181,2,1
180,649,181,2,1
180,660,181,2,1
180,661,205,3,0
180,685,205,3,0
180,687,181,2,1
180,688,155,0,3
180,696,155,0,3
180,698,205,3,0
180,711,155,0,3
180,720,181,2,1
181,630,206,3,0
181,631,156,0,3
181,636,206,3,0
181,644,182,2,1
181,649,182,2,1
181,660,182,2,1
181,661,206,3,0
181,685,206,3,0
181,687,182,2,1
181,688,156,0,3
181,696,156,0,3
181,698,206,3,0
181,703,156,0,3
181,711,156,0,3
181,720,182,2,1
182,630,207,3,0
182,631,157,0,3
182,636,207,3,0
182,644,183,2,1
182,649,183,2,1
182,660,183,2,1
182,661,207,3,0
182,685,207,3,0
182,687,183,2,1
182,688,157,0,3
182,696,157,0,3
182,698,207,3,0
182,703,157,0,3
182,711,157,0,3
182,720,183,2,1
183,630,208,3,0
183,631,158,0,3
183,636,208,3,0
183,649,158,0,3
183,660,208,3,0
183,661,208,3,0
183,687,208,3,0
183,688,158,0,3
183,696,158,0,3
183,698,208,3,0
183,711,158,0,3
183,720,158,0,3
184,630,183,1,2
184,631,183,1,2
184,636,183,1,2
184,644,209,3,0
184,649,159,0,3
184,660,209,3,0
184,661,183,1,2
184,685,183,1,2
184,687,209,3,0
184,688,183,1,2
184,696,183,1,2
184,698,183,1,2
184,703,183,1,2
184,711,183,1,2
184,720,159,0,3
185,630,184,1,2
185,631,184,1,2
185,644,210,3,0
185,649,160,0,3
185,660,210,3,0
185,661,184,1,2
185,687,210,3,0
185,688,184,1,2
185,696,184,1,2
185,698,184,1,2
185,711,184,1,2
185,720,160,0,3
186,630,185,1,2
186,631,185,1,2
186,649,161,0,3
186,688,185,1,2
186,711,185,1,2
186,720,161,0,3
187,630,186,1,2
187,631,186,1,2
187,688,186,1,2
187,711,186,1,2
188,668,189,2,1
188,711,187,1,2
189,711,188,1,2
190,630,191,2,1
190,688,191,2,1
190,711,191,2,1
191,630,192,2,1
191,631,190,1,2
191,688,192,2,1
191,711,192,2,1
192,630,193,2,1
192,631,193,2,1
192,649,167,0,3
192,687,217,3,0
192,688,193,2,1
192,711,193,2,1
192,720,167,0,3
193,630,194,2,1
193,631,194,2,1
193,636,194,2,1
193,644,218,3,0
193,649,168,0,3
193,660,218,3,0
193,661,194,2,1
193,685,194,2,1
193,687,218,3,0
193,688,194,2,1
193,696,194,2,1
193,698,194,2,1
193,711,194,2,1
193,720,168,0,3
194,630,195,2,1
194,631,195,2,1
194,636,195,2,1
194,644,219,3,0
194,649,169,0,3
194,660,219,3,0
194,661,195,2,1
194,685,195,2,1
194,687,219,3,0
194,688,195,2,1
194,696,195,2,1
194,698,195,2,1
194,703,195,2,1
194,711,195,2,1
194,720,169,0,3
195,630,220,3,0
195,631,170,0,3
195,636,220,3,0
195,649,170,0,3
195,660,220,3,0
195,661,220,3,0
195,687,220,3,0
195,688,170,0,3
195,696,170,0,3
195,698,220,3,0
195,711,170,0,3
195,720,170,0,3
196,630,221,3,0
196,631,171,0,3
196,636,221,3,0
196,644,195,1,2
196,649,195,1,2
196,660,195,1,2
196,661,221,3,0
196,685,221,3,0
196,687,195,1,2
196,688,171,0,3
196,696,171,0,3
196,698,221,3,0
196,703,171,0,3
196,711,171,0,3
196,720,195,1,2
197,630,222,3,0
197,631,172,0,3
197,636,222,3,0
197,644,196,1,2
197,649,196,1,2
197,660,196,1,2
197,661,222,3,0
197,685,222,3,0
197,687,196,1,2
197,688,172,0,3
197,696,172,0,3
197,698,222,3,0
197,711,172,0,3
197,720,196,1,2
198,630,223,3,0
198,631,173,0,3
198,649,197,1,2
198,687,197,1,2
198,688,173,0,3
198,711,173,0,3
198,720,197,1,2
199,630,224,3,0
199,631,175,2,3
199,688,174,0,3
199,711,174,0,3
200,630,225,2,0
200,688,175,0,2
200,711,175,0,2
201,668,200,1,1
201,711,202,2,1
202,668,201,1,2
202,711,177,0,3
203,630,228,3,0
203,688,178,0,3
203,711,178,0,3
204,630,229,3,0
204,631,179,0,3
204,649,205,2,1
204,688,179,0,3
204,711,179,0,3
204,720,205,2,1
205,630,230,3,0
205,631,180,0,3
205,636,230,3,0
205,644,206,2,1
205,649,206,2,1
205,660,206,2,1
205,661,661,40,0
205,685,230,3,0
205,687,206,2,1
205,688,180,0,3
205,696,180,0,3
205,698,230,3,0
205,711,180,0,3
205,720,206,2,1
206,630,231,3,0
206,631,181,0,3
206,636,231,3,0
206,644,207,2,1
206,649,207,2,1
206,660,207,2,1
206,661,205,1,2
206,685,231,3,0
206,687,207,2,1
206,688,181,0,3
206,696,181,0,3
206,698,231,3,0
206,703,181,0,3
206,711,181,0,3
206,720,207,2,1
207,630,232,3,0
207,631,182,0,3
207,636,232,3,0
207,644,208,2,1
207,649,208,2,1
207,660,208,2,1
207,661,206,1,2
207,685,232,3,0
207,687,208,2,1
207,688,182,0,3
207,696,182,0,3
207,698,232,3,0
207,703,182,0,3
207,711,182,0,3
207,720,208,2,1
208,630,233,3,0
208,631,183,0,3
208,636,233,3,0
208,644,209,2,1
208,649,183,0,3
208,660,233,3,0
208,661,207,1,2
208,687,233,3,0
208,688,183,0,3
208,696,183,0,3
208,698,233,3,0
208,711,183,0,3
208,720,183,0,3
209,630,208,1,2
209,631,208,1,2
209,636,208,1,2
209,644,210,2,1
209,649,184,0,3
209,660,234,3,0
209,661,208,1,2
209,685,208,1,2
209,687,234,3,0
209,688,208,1,2
209,696,208,1,2
209,698,208,1,2
209,703,208,1,2
209,711,208,1,2
209,720,184,0,3
210,630,209,1,2
210,631,209,1,2
210,644,644,23,0
210,649,185,0,3
210,660,235,3,0
210,661,209,1,2
210,687,235,3,0
210,688,209,1,2
210,696,209,1,2
210,698,209,1,2
210,711,209,1,2
210,720,185,0,3
211,630,210,1,2
211,631,210,1,2
211,649,186,0,3
211,688,210,1,2
211,711,210,1,2
211,720,186,0,3
212,630,211,1,2
212,631,211,1,2
212,688,211,1,2
212,711,211,1,2
213,668,214,2,1
213,711,212,1,2
214,711,213,1,2
215,630,216,2,1
215,688,216,2,1
215,711,216,2,1
216,630,217,2,1
216,631,215,1,2
216,688,217,2,1
216,711,217,2,1
217,630,218,2,1
217,631,218,2,1
217,649,192,0,3
217,687,242,3,0
217,688,218,2,1
217,711,218,2,1
217,720,192,0,3
218,630,219,2,1
218,631,219,2,1
218,636,219,2,1
218,644,217,1,2
218,649,193,0,3
218,660,243,3,0
218,661,219,2,1
218,685,219,2,1
218,687,243,3,0
218,688,219,2,1
218,696,219,2,1
218,698,219,2,1
218,711,219,2,1
218,720,193,0,3
219,630,220,2,1
219,631,220,2,1
219,636,220,2,1
219,644,218,1,2
219,649,194,0,3
219,660,244,3,0
219,661,220,2,1
219,685,220,2,1
219,687,244,3,0
219,688,220,2,1
219,696,220,2,1
219,698,220,2,1
219,703,220,2,1
219,711,220,2,1
219,720,194,0,3
220,630,245,3,0
220,631,195,0,3
220,636,245,3,0
220,644,219,1,2
220,649,195,0,3
220,660,245,3,0
220,661,221,2,1
220,687,245,3,0
220,688,195,0,3
220,696,195,0,3
220,698,245,3,0
220,711,195,0,3
220,720,195,0,3
221,630,246,3,0
221,631,196,0,3
221,636,246,3,0
221,644,220,1,2
221,649,220,1,2
221,660,220,1,2
221,661,222,2,1
221,685,246,3,0
221,687,220,1,2
221,688,196,0,3
221,696,196,0,3
221,698,246,3,0
221,703,196,0,3
221,711,196,0,3
221,720,220,1,2
222,630,247,3,0
222,631,197,0,3
222,636,247,3,0
222,644,221,1,2
222,649,221,1,2
222,660,221,1,2
222,661,223,2,1
222,685,247,3,0
222,687,221,1,2
222,688,197,0,3
222,696,197,0,3
222,698,247,3,0
222,711,197,0,3
222,720,221,1,2
223,630,248,3,0
223,631,198,0,3
223,649,222,1,2
223,687,222,1,2
223,688,198,0,3
223,711,198,0,3
223,720,222,1,2
224,630,249,3,0
224,631,200,2,3
224,688,199,0,3
224,711,199,0,3
225,630,250,2,0
225,688,200,0,2
225,711,200,0,2
226,668,225,1,1
226,711,227,2,1
227,668,226,1,2
227,711,202,0,3
228,630,253,3,0
228,688,203,0,3
228,711,203,0,3
229,630,254,3,0
229,631,204,0,3
229,649,230,2,1
229,688,204,0,3
229,711,204,0,3
229,720,230,2,1
230,630,255,3,0
230,631,205,0,3
230,636,255,3,0
230,644,231,2,1
230,649,231,2,1
230,660,231,2,1
230,661,205,0,3
230,685,255,3,0
230,687,231,2,1
230,688,205,0,3
230,696,205,0,3
230,698,255,3,0
230,711,205,0,3
230,720,231,2,1
231,630,256,3,0
231,631,206,0,3
231,636,256,3,0
231,644,232,2,1
231,649,232,2,1
231,660,232,2,1
231,661,206,0,3
231,685,256,3,0
231,687,232,2,1
231,688,206,0,3
231,696,206,0,3
231,698,256,3,0
231,703,206,0,3
231,711,206,0,3
231,720,232,2,1
232,630,257,3,0
232,631,207,0,3
232,636,257,3,0
232,644,233,2,1
232,649,233,2,1
232,660,233,2,1
232,661,207,0,3
232,685,257,3,0
232,687,233,2,1
232,688,207,0,3
232,696,207,0,3
232,698,257,3,0
232,703,207,0,3
232,711,207,0,3
232,720,233,2,1
233,631,208,0,3
233,636,258,3,0
233,644,208,0,3
233,649,208,0,3
233,660,258,3,0
233,685,258,3,0
233,687,258,3,0
233,688,208,0,3
233,696,208,0,3
233,698,258,3,0
233,711,208,0,3
233,720,208,0,3
234,630,233,1,2
234,631,233,1,2
234,636,233,1,2
234,644,209,0,3
234,649,209,0,3
234,660,259,3,0
234,661,233,1,2
234,685,233,1,2
234,687,259,3,0
234,688,233,1,2
234,696,233,1,2
234,698,233,1,2
234,703,233,1,2
234,711,233,1,2
234,720,209,0,3
235,630,234,1,2
235,631,234,1,2
235,644,210,0,3
235,649,210,0,3
235,660,260,3,0
235,661,234,1,2
235,687,260,3,0
235,688,234,1,2
235,696,234,1,2
235,698,234,1,2
235,711,234,1,2
235,720,210,0,3
236,630,235,1,2
236,631,235,1,2
236,649,211,0,3
236,688,235,1,2
236,711,235,1,2
236,720,211,0,3
237,630,236,1,2
237,631,236,1,2
237,688,236,1,2
237,711,236,1,2
238,668,239,2,1
238,711,237,1,2
239,711,238,1,2
240,630,241,2,1
240,688,241,2,1
240,711,241,2,1
241,630,242,2,1
241,631,240,1,2
241,688,242,2,1
241,711,242,2,1
242,630,243,2,1
242,631,243,2,1
242,649,217,0,3
242,687,267,3,0
242,688,243,2,1
242,711,243,2,1
242,720,217,0,3
243,630,244,2,1
243,631,244,2,1
243,636,244,2,1
243,644,218,0,3
243,649,218,0,3
243,660,268,3,0
243,661,244,2,1
243,685,244,2,1
243,687,268,3,0
243,688,244,2,1
243,696,244,2,1
243,698,244,2,1
243,711,244,2,1
243,720,218,0,3
244,630,245,2,1
244,631,245,2,1
244,636,245,2,1
244,644,219,0,3
244,649,219,0,3
244,660,269,3,0
244,661,245,2,1
244,685,245,2,1
244,687,269,3,0
244,688,245,2,1
244,696,245,2,1
244,698,245,2,1
244,703,245,2,1
244,711,245,2,1
244,720,219,0,3
245,631,220,0,3
245,636,270,3,0
245,644,220,0,3
245,649,220,0,3
245,660,270,3,0
245,685,270,3,0
245,687,270,3,0
245,688,220,0,3
245,696,220,0,3
245,698,270,3,0
245,711,220,0,3
245,720,220,0,3
246,630,271,3,0
246,631,221,0,3
246,636,271,3,0
246,644,245,1,2
246,649,245,1,2
246,660,245,1,2
246,661,221,0,3
246,685,271,3,0
246,687,245,1,2
246,688,221,0,3
246,696,221,0,3
246,698,271,3,0
246,703,221,0,3
246,711,221,0,3
246,720,245,1,2
247,630,272,3,0
247,631,222,0,3
247,636,272,3,0
247,644,246,1,2
247,649,246,1,2
247,660,246,1,2
247,661,222,0,3
247,685,272,3,0
247,687,246,1,2
247,688,222,0,3
247,696,222,0,3
247,698,272,3,0
247,711,222,0,3
247,720,246,1,2
248,630,273,3,0
248,631,223,0,3
248,649,247,1,2
248,687,247,1,2
248,688,223,0,3
248,711,223,0,3
248,720,247,1,2
249,630,274,3,0
249,631,225,2,3
249,688,224,0,3
249,711,224,0,3
250,630,630,9,0
250,688,225,0,2
250,711,225,0,2
251,668,250,1,1
251,711,252,2,1
252,668,251,1,2
252,711,227,0,3
253,630,252,1,2
253,688,228,0,3
253,711,228,0,3
254,630,253,1,2
254,631,229,0,3
254,649,255,2,1
254,688,229,0,3
254,711,229,0,3
254,720,255,2,1
255,630,254,1,2
255,631,230,0,3
255,636,280,3,0
255,644,256,2,1
255,649,256,2,1
255,660,256,2,1
255,661,230,0,3
255,665,280,3,0
255,685,280,3,0
255,687,256,2,1
255,688,230,0,3
255,696,230,0,3
255,698,280,3,0
255,711,230,0,3
255,720,256,2,1
256,630,255,1,2
256,631,231,0,3
256,636,281,3,0
256,644,257,2,1
256,649,257,2,1
256,660,257,2,1
256,661,231,0,3
256,665,281,3,0
256,685,281,3,0
256,687,257,2,1
256,688,231,0,3
256,696,231,0,3
256,698,281,3,0
256,703,231,0,3
256,711,231,0,3
256,720,257,2,1
257,630,256,1,2
257,631,232,0,3
257,636,282,3,0
257,644,258,2,1
257,649,258,2,1
257,660,258,2,1
257,661,232,0,3
257,665,282,3,0
257,685,282,3,0
257,687,258,2,1
257,688,232,0,3
257,696,232,0,3
257,698,282,3,0
257,703,232,0,3
257,711,232,0,3
257,720,258,2,1
258,630,257,1,2
258,631,233,0,3
258,636,283,3,0
258,644,233,0,3
258,649,233,0,3
258,660,283,3,0
258,665,283,3,0
258,685,283,3,0
258,687,283,3,0
258,688,233,0,3
258,696,233,0,3
258,698,283,3,0
258,711,233,0,3
258,720,233,0,3
259,630,258,1,2
259,631,258,1,2
259,636,258,1,2
259,644,234,0,3
259,649,234,0,3
259,660,284,3,0
259,661,258,1,2
259,685,258,1,2
259,687,284,3,0
259,688,258,1,2
259,696,258,1,2
259,698,258,1,2
259,703,258,1,2
259,711,258,1,2
259,720,234,0,3
260,630,259,1,2
260,631,259,1,2
260,644,235,0,3
260,649,235,0,3
260,660,285,3,0
260,661,259,1,2
260,687,285,3,0
260,688,259,1,2
260,696,259,1,2
260,698,259,1,2
260,711,259,1,2
260,720,235,0,3
261,630,260,1,2
261,631,260,1,2
261,649,236,0,3
261,688,260,1,2
261,711,260,1,2
261,720,236,0,3
262,630,261,1,2
262,631,261,1,2
262,688,261,1,2
262,711,261,1,2
263,668,264,2,1
263,711,262,1,2
264,711,263,1,2
265,630,266,2,1
265,688,266,2,1
265,711,266,2,1
266,630,267,2,1
266,631,265,1,2
266,688,267,2,1
266,711,267,2,1
267,630,268,2,1
267,631,268,2,1
267,649,242,0,3
267,687,292,3,0
267,688,268,2,1
267,711,268,2,1
267,720,242,0,3
268,630,269,2,1
268,631,269,2,1
268,636,269,2,1
268,644,243,0,3
268,649,243,0,3
268,660,293,3,0
268,661,269,2,1
268,685,269,2,1
268,687,293,3,0
268,688,269,2,1
268,696,269,2,1
268,698,269,2,1
268,711,269,2,1
268,720,243,0,3
269,630,270,2,1
269,631,270,2,1
269,636,270,2,1
269,644,244,0,3
269,649,244,0,3
269,660,294,3,0
269,661,270,2,1
269,685,270,2,1
269,687,294,3,0
269,688,270,2,1
269,696,270,2,1
269,698,270,2,1
269,703,270,2,1
269,711,270,2,1
269,720,244,0,3
270,630,271,2,1
270,631,245,0,3
270,636,295,3,0
270,644,245,0,3
270,649,245,0,3
270,660,295,3,0
270,665,295,3,0
270,685,295,3,0
270,687,295,3,0
270,688,245,0,3
270,696,245,0,3
270,698,295,3,0
270,711,245,0,3
270,720,245,0,3
271,630,272,2,1
271,631,246,0,3
271,636,296,3,0
271,644,270,1,2
271,649,270,1,2
271,660,270,1,2
271,661,246,0,3
271,665,296,3,0
271,685,296,3,0
271,687,270,1,2
271,688,246,0,3
271,696,246,0,3
271,698,296,3,0
271,703,246,0,3
271,711,246,0,3
271,720,270,1,2
272,630,273,2,1
272,631,247,0,3
272,636,297,3,0
272,644,271,1,2
272,649,271,1,2
272,660,271,1,2
272,661,247,0,3
272,665,297,3,0
272,685,297,3,0
272,687,271,1,2
272,688,247,0,3
272,696,247,0,3
272,698,297,3,0
272,711,247,0,3
272,720,271,1,2
273,630,274,2,1
273,631,248,0,3
273,649,272,1,2
273,665,298,3,0
273,687,272,1,2
273,688,248,0,3
273,711,248,0,3
273,720,272,1,2
274,630,250,2,3
274,631,250,2,3
274,688,249,0,3
274,711,249,0,3
275,630,250,0,2
275,688,250,0,2
275,711,250,0,2
276,668,275,1,1
276,711,277,2,1
277,668,276,1,2
277,711,252,0,3
278,630,253,0,3
278,688,253,0,3
278,711,253,0,3
279,630,254,0,3
279,631,254,0,3
279,649,280,2,1
279,688,254,0,3
279,711,254,0,3
279,720,280,2,1
280,630,255,0,3
280,631,255,0,3
280,636,636,15,0
280,644,281,2,1
280,649,281,2,1
280,660,281,2,1
280,661,255,0,3
280,685,305,3,0
280,687,281,2,1
280,688,255,0,3
280,696,255,0,3
280,698,305,3,0
280,711,255,0,3
280,720,281,2,1
281,630,256,0,3
281,631,256,0,3
281,636,280,1,2
281,644,282,2,1
281,649,282,2,1
281,660,282,2,1
281,661,256,0,3
281,685,306,3,0
281,687,282,2,1
281,688,256,0,3
281,696,256,0,3
281,698,306,3,0
281,703,256,0,3
281,711,256,0,3
281,720,282,2,1
282,630,257,0,3
282,631,257,0,3
282,636,281,1,2
282,644,283,2,1
282,649,283,2,1
282,660,283,2,1
282,661,257,0,3
282,685,307,3,0
282,687,283,2,1
282,688,257,0,3
282,696,257,0,3
282,698,307,3,0
282,703,257,0,3
282,711,257,0,3
282,720,283,2,1
283,630,258,0,3
283,631,258,0,3
283,636,282,1,2
283,644,258,0,3
283,649,258,0,3
283,660,308,3,0
283,685,308,3,0
283,687,308,3,0
283,688,258,0,3
283,696,258,0,3
283,698,308,3,0
283,711,258,0,3
283,720,258,0,3
284,630,283,1,2
284,631,283,1,2
284,636,283,1,2
284,644,259,0,3
284,649,259,0,3
284,660,309,3,0
284,661,283,1,2
284,685,283,1,2
284,687,309,3,0
284,688,283,1,2
284,696,283,1,2
284,698,283,1,2
284,703,283,1,2
284,711,283,1,2
284,720,259,0,3
285,630,284,1,2
285,631,284,1,2
285,644,260,0,3
285,649,260,0,3
285,660,310,3,0
285,661,284,1,2
285,687,310,3,0
285,688,284,1,2
285,696,284,1,2
285,698,284,1,2
285,711,284,1,2
285,720,260,0,3
286,630,285,1,2
286,631,285,1,2
286,649,261,0,3
286,688,285,1,2
286,711,285,1,2
286,720,261,0,3
287,630,286,1,2
287,631,286,1,2
287,688,286,1,2
287,711,286,1,2
288,668,289,2,1
288,711,287,1,2
289,711,288,1,2
290,630,291,2,1
290,688,291,2,1
290,711,291,2,1
291,630,292,2,1
291,631,290,1,2
291,688,292,2,1
291,711,292,2,1
292,630,293,2,1
292,631,293,2,1
292,649,267,0,3
292,687,317,3,0
292,688,293,2,1
292,711,293,2,1
292,720,267,0,3
293,630,294,2,1
293,631,294,2,1
293,636,294,2,1
293,644,268,0,3
293,649,268,0,3
293,660,318,3,0
293,661,294,2,1
293,685,294,2,1
293,687,318,3,0
293,688,294,2,1
293,696,294,2,1
293,698,294,2,1
293,711,294,2,1
293,720,268,0,3
294,630,295,2,1
294,631,295,2,1
294,636,295,2,1
294,644,269,0,3
294,649,269,0,3
294,660,319,3,0
294,661,295,2,1
294,685,295,2,1
294,687,319,3,0
294,688,295,2,1
294,696,295,2,1
294,698,295,2,1
294,703,295,2,1
294,711,295,2,1
294,720,269,0,3
295,630,270,0,3
295,631,270,0,3
295,636,296,2,1
295,644,270,0,3
295,649,270,0,3
295,660,320,3,0
295,685,320,3,0
295,687,320,3,0
295,688,270,0,3
295,696,270,0,3
295,698,320,3,0
295,711,270,0,3
295,720,270,0,3
296,630,271,0,3
296,631,271,0,3
296,636,297,2,1
296,644,295,1,2
296,649,295,1,2
296,660,295,1,2
296,661,271,0,3
296,685,321,3,0
296,687,295,1,2
296,688,271,0,3
296,696,271,0,3
296,698,321,3,0
296,703,271,0,3
296,711,271,0,3
296,720,295,1,2
297,630,272,0,3
297,631,272,0,3
297,644,296,1,2
297,649,296,1,2
297,660,296,1,2
297,661,272,0,3
297,685,322,3,0
297,687,296,1,2
297,688,272,0,3
297,696,272,0,3
297,698,322,3,0
297,711,272,0,3
297,720,296,1,2
298,630,273,0,3
298,631,273,0,3
298,649,297,1,2
298,687,297,1,2
298,688,273,0,3
298,711,273,0,3
298,720,297,1,2
299,630,274,0,3
299,631,275,2,3
299,688,274,0,3
299,711,274,0,3
300,630,275,0,2
300,688,275,0,2
300,711,275,0,2
301,668,300,1,1
301,711,302,2,1
302,668,301,1,2
302,711,277,0,3
303,630,278,0,3
303,688,278,0,3
303,711,278,0,3
304,630,279,0,3
304,631,329,3,0
304,649,305,2,1
304,688,279,0,3
304,711,279,0,3
304,720,305,2,1
305,630,280,0,3
305,631,330,3,0
305,636,280,0,3
305,644,306,2,1
305,649,306,2,1
305,660,306,2,1
305,661,280,0,3
305,685,330,3,0
305,687,306,2,1
305,688,280,0,3
305,696,330,3,0
305,698,330,3,0
305,711,280,0,3
305,720,306,2,1
306,630,281,0,3
306,631,331,3,0
306,636,281,0,3
306,644,307,2,1
306,649,307,2,1
306,660,307,2,1
306,661,281,0,3
306,685,331,3,0
306,687,307,2,1
306,688,281,0,3
306,696,331,3,0
306,698,331,3,0
306,703,281,0,3
306,711,281,0,3
306,720,307,2,1
307,630,282,0,3
307,631,332,3,0
307,636,282,0,3
307,644,308,2,1
307,649,308,2,1
307,660,308,2,1
307,661,282,0,3
307,685,332,3,0
307,687,308,2,1
307,688,282,0,3
307,696,332,3,0
307,698,332,3,0
307,703,282,0,3
307,711,282,0,3
307,720,308,2,1
308,630,283,0,3
308,644,283,0,3
308,649,283,0,3
308,660,333,3,0
308,685,333,3,0
308,687,333,3,0
308,688,283,0,3
308,698,333,3,0
308,711,283,0,3
309,630,308,1,2
309,631,308,1,2
309,636,308,1,2
309,644,284,0,3
309,649,284,0,3
309,660,334,3,0
309,661,308,1,2
309,685,308,1,2
309,687,334,3,0
309,688,308,1,2
309,696,308,1,2
309,698,308,1,2
309,703,308,1,2
309,711,308,1,2
309,720,284,0,3
310,630,309,1,2
310,631,309,1,2
310,644,285,0,3
310,649,285,0,3
310,660,335,3,0
310,661,309,1,2
310,687,335,3,0
310,688,309,1,2
310,696,309,1,2
310,698,309,1,2
310,711,309,1,2
310,720,285,0,3
311,630,310,1,2
311,631,310,1,2
311,649,286,0,3
311,688,310,1,2
311,711,310,1,2
311,720,286,0,3
312,630,311,1,2
312,631,311,1,2
312,688,311,1,2
312,711,311,1,2
313,668,314,2,1
313,711,312,1,2
314,711,313,1,2
315,630,316,2,1
315,688,316,2,1
315,711,316,2,1
316,630,317,2,1
316,631,315,1,2
316,688,317,2,1
316,711,317,2,1
317,630,318,2,1
317,631,318,2,1
317,649,292,0,3
317,687,342,3,0
317,688,318,2,1
317,711,318,2,1
317,720,292,0,3
318,630,319,2,1
318,631,319,2,1
318,636,319,2,1
318,644,293,0,3
318,649,293,0,3
318,660,343,3,0
318,661,319,2,1
318,685,319,2,1
318,687,343,3,0
318,688,319,2,1
318,696,319,2,1
318,698,319,2,1
318,711,319,2,1
318,720,293,0,3
319,630,320,2,1
319,631,320,2,1
319,636,320,2,1
319,644,294,0,3
319,649,294,0,3
319,660,344,3,0
319,661,320,2,1
319,685,320,2,1
319,687,344,3,0
319,688,320,2,1
319,696,320,2,1
319,698,320,2,1
319,703,320,2,1
319,711,320,2,1
319,720,294,0,3
320,630,295,0,3
320,644,295,0,3
320,649,295,0,3
320,660,345,3,0
320,685,345,3,0
320,687,345,3,0
320,688,295,0,3
320,698,345,3,0
320,711,295,0,3
321,630,296,0,3
321,631,346,3,0
321,636,296,0,3
321,644,320,1,2
321,649,320,1,2
321,660,320,1,2
321,661,296,0,3
321,685,346,3,0
321,687,320,1,2
321,688,296,0,3
321,696,346,3,0
321,698,346,3,0
321,703,296,0,3
321,711,296,0,3
321,720,320,1,2
322,630,297,0,3
322,631,347,3,0
322,636,297,0,3
322,644,321,1,2
322,649,321,1,2
322,660,321,1,2
322,661,297,0,3
322,685,347,3,0
322,687,321,1,2
322,688,297,0,3
322,696,347,3,0
322,698,347,3,0
322,711,297,0,3
322,720,321,1,2
323,630,298,0,3
323,631,348,3,0
323,649,322,1,2
323,687,322,1,2
323,688,298,0,3
323,711,298,0,3
323,720,322,1,2
324,630,299,0,3
324,631,300,2,3
324,688,299,0,3
324,711,299,0,3
325,630,300,0,2
325,688,300,0,2
325,711,300,0,2
326,668,325,1,1
326,711,327,2,1
327,668,326,1,2
327,711,302,0,3
328,630,303,0,3
328,688,303,0,3
328,711,303,0,3
329,630,304,0,3
329,631,354,3,0
329,649,330,2,1
329,688,304,0,3
329,711,304,0,3
329,720,330,2,1
330,630,305,0,3
330,631,355,3,0
330,636,305,0,3
330,644,331,2,1
330,649,331,2,1
330,660,331,2,1
330,661,305,0,3
330,685,355,3,0
330,687,331,2,1
330,688,305,0,3
330,696,355,3,0
330,698,355,3,0
330,711,305,0,3
330,720,331,2,1
331,630,306,0,3
331,631,356,3,0
331,636,306,0,3
331,644,332,2,1
331,649,332,2,1
331,660,332,2,1
331,661,306,0,3
331,685,356,3,0
331,687,332,2,1
331,688,306,0,3
331,696,356,3,0
331,698,356,3,0
331,703,306,0,3
331,711,306,0,3
331,720,332,2,1
332,630,307,0,3
332,631,357,3,0
332,636,307,0,3
332,644,333,2,1
332,649,333,2,1
332,660,333,2,1
332,661,307,0,3
332,685,357,3,0
332,687,333,2,1
332,688,307,0,3
332,696,357,3,0
332,698,357,3,0
332,703,307,0,3
332,711,307,0,3
332,720,333,2,1
333,630,308,0,3
333,644,308,0,3
333,649,308,0,3
333,685,358,3,0
333,687,358,3,0
333,688,308,0,3
333,698,358,3,0
333,703,308,0,3
333,711,308,0,3
334,630,333,1,2
334,631,333,1,2
334,636,333,1,2
334,644,309,0,3
334,649,309,0,3
334,660,359,3,0
334,661,333,1,2
334,685,333,1,2
334,687,359,3,0
334,688,333,1,2
334,696,333,1,2
334,698,333,1,2
334,703,333,1,2
334,711,333,1,2
334,720,309,0,3
335,630,334,1,2
335,631,334,1,2
335,644,310,0,3
335,649,310,0,3
335,660,360,3,0
335,661,334,1,2
335,687,360,3,0
335,688,334,1,2
335,696,334,1,2
335,698,334,1,2
335,711,334,1,2
335,720,310,0,3
336,630,335,1,2
336,631,335,1,2
336,649,311,0,3
336,688,335,1,2
336,711,335,1,2
336,720,311,0,3
337,630,336,1,2
337,631,336,1,2
337,688,336,1,2
337,711,336,1,2
338,668,339,2,1
338,711,337,1,2
339,711,338,1,2
340,630,341,2,1
340,688,341,2,1
340,711,341,2,1
341,630,342,2,1
341,631,340,1,2
341,688,342,2,1
341,711,342,2,1
342,630,343,2,1
342,631,343,2,1
342,649,317,0,3
342,687,367,3,0
342,688,343,2,1
342,711,343,2,1
342,720,317,0,3
343,630,344,2,1
343,631,344,2,1
343,636,344,2,1
343,644,318,0,3
343,649,318,0,3
343,660,368,3,0
343,661,344,2,1
343,685,344,2,1
343,687,368,3,0
343,688,344,2,1
343,696,344,2,1
343,698,344,2,1
343,711,344,2,1
343,720,318,0,3
344,630,345,2,1
344,631,345,2,1
344,636,345,2,1
344,644,319,0,3
344,649,319,0,3
344,660,369,3,0
344,661,345,2,1
344,685,345,2,1
344,687,369,3,0
344,688,345,2,1
344,696,345,2,1
344,698,345,2,1
344,703,345,2,1
344,711,345,2,1
344,720,319,0,3
345,630,320,0,3
345,644,320,0,3
345,649,320,0,3
345,685,370,3,0
345,687,370,3,0
345,688,320,0,3
345,698,370,3,0
345,703,320,0,3
345,711,320,0,3
346,630,321,0,3
346,631,371,3,0
346,636,321,0,3
346,644,345,1,2
346,649,345,1,2
346,660,345,1,2
346,661,321,0,3
346,685,371,3,0
346,687,345,1,2
346,688,321,0,3
346,696,371,3,0
346,698,371,3,0
346,703,321,0,3
346,711,321,0,3
346,720,345,1,2
347,630,322,0,3
347,631,372,3,0
347,636,322,0,3
347,644,346,1,2
347,649,346,1,2
347,660,346,1,2
347,661,322,0,3
347,685,372,3,0
347,687,346,1,2
347,688,322,0,3
347,696,372,3,0
347,698,372,3,0
347,711,322,0,3
347,720,346,1,2
348,630,323,0,3
348,631,373,3,0
348,649,347,1,2
348,687,347,1,2
348,688,323,0,3
348,711,323,0,3
348,720,347,1,2
349,630,324,0,3
349,631,325,2,3
349,688,324,0,3
349,711,324,0,3
350,630,325,0,2
350,688,325,0,2
350,711,325,0,2
351,668,350,1,1
351,711,352,2,1
352,668,351,1,2
352,711,327,0,3
353,630,328,0,3
353,688,328,0,3
353,711,328,0,3
354,630,329,0,3
354,631,379,3,0
354,649,355,2,1
354,688,329,0,3
354,711,329,0,3
354,720,355,2,1
355,630,330,0,3
355,631,380,3,0
355,636,330,0,3
355,644,356,2,1
355,649,356,2,1
355,660,356,2,1
355,661,330,0,3
355,685,685,64,0
355,687,356,2,1
355,688,330,0,3
355,696,380,3,0
355,698,698,77,0
355,711,330,0,3
355,720,356,2,1
356,630,331,0,3
356,631,381,3,0
356,636,331,0,3
356,644,357,2,1
356,649,357,2,1
356,660,357,2,1
356,661,331,0,3
356,685,355,1,2
356,687,357,2,1
356,688,331,0,3
356,696,381,3,0
356,698,355,1,2
356,703,331,0,3
356,711,331,0,3
356,720,357,2,1
357,630,332,0,3
357,631,382,3,0
357,636,332,0,3
357,644,358,2,1
357,649,358,2,1
357,660,358,2,1
357,661,332,0,3
357,685,356,1,2
357,687,358,2,1
357,688,332,0,3
357,696,382,3,0
357,698,356,1,2
357,703,332,0,3
357,711,332,0,3
357,720,358,2,1
358,630,333,0,3
358,644,333,0,3
358,649,333,0,3
358,661,333,0,3
358,685,357,1,2
358,687,359,2,1
358,688,333,0,3
358,698,357,1,2
358,703,333,0,3
358,711,333,0,3
359,630,358,1,2
359,631,358,1,2
359,636,358,1,2
359,644,334,0,3
359,649,334,0,3
359,660,384,3,0
359,661,358,1,2
359,685,358,1,2
359,687,360,2,1
359,688,358,1,2
359,696,358,1,2
359,698,358,1,2
359,703,358,1,2
359,711,358,1,2
359,720,334,0,3
360,630,359,1,2
360,631,359,1,2
360,644,335,0,3
360,649,335,0,3
360,660,385,3,0
360,661,359,1,2
360,687,361,2,1
360,688,359,1,2
360,696,359,1,2
360,698,359,1,2
360,711,359,1,2
360,720,335,0,3
361,630,360,1,2
361,631,360,1,2
361,649,336,0,3
361,688,360,1,2
361,711,360,1,2
361,720,336,0,3
362,630,361,1,2
362,631,361,1,2
362,688,361,1,2
362,711,361,1,2
363,668,364,2,1
363,711,362,1,2
364,711,363,1,2
365,630,366,2,1
365,688,366,2,1
365,711,366,2,1
366,630,367,2,1
366,631,365,1,2
366,688,367,2,1
366,711,367,2,1
367,630,368,2,1
367,631,368,2,1
367,649,342,0,3
367,687,687,66,0
367,688,368,2,1
367,711,368,2,1
367,720,342,0,3
368,630,369,2,1
368,631,369,2,1
368,636,369,2,1
368,644,343,0,3
368,649,343,0,3
368,660,393,3,0
368,661,369,2,1
368,685,369,2,1
368,687,367,1,2
368,688,369,2,1
368,696,369,2,1
368,698,369,2,1
368,711,369,2,1
368,720,343,0,3
369,630,370,2,1
369,631,370,2,1
369,636,370,2,1
369,644,344,0,3
369,649,344,0,3
369,660,394,3,0
369,661,370,2,1
369,685,370,2,1
369,687,368,1,2
369,688,370,2,1
369,696,370,2,1
369,698,370,2,1
369,703,370,2,1
369,711,370,2,1
369,720,344,0,3
370,630,345,0,3
370,644,345,0,3
370,649,345,0,3
370,661,345,0,3
370,685,371,2,1
370,687,369,1,2
370,688,345,0,3
370,698,371,2,1
370,703,345,0,3
370,711,345,0,3
371,630,346,0,3
371,631,396,3,0
371,636,346,0,3
371,644,370,1,2
371,649,370,1,2
371,660,370,1,2
371,661,346,0,3
371,685,372,2,1
371,687,370,1,2
371,688,346,0,3
371,696,396,3,0
371,698,372,2,1
371,703,346,0,3
371,711,346,0,3
371,720,370,1,2
372,630,347,0,3
372,631,397,3,0
372,636,347,0,3
372,644,371,1,2
372,649,371,1,2
372,660,371,1,2
372,661,347,0,3
372,687,371,1,2
372,688,347,0,3
372,696,397,3,0
372,698,373,2,1
372,711,347,0,3
372,720,371,1,2
373,630,348,0,3
373,631,398,3,0
373,649,372,1,2
373,687,372,1,2
373,688,348,0,3
373,711,348,0,3
373,720,372,1,2
374,630,349,0,3
374,631,350,2,3
374,688,349,0,3
374,711,349,0,3
375,630,350,0,2
375,688,350,0,2
375,711,400,2,0
376,668,375,1,1
376,711,377,2,1
377,668,376,1,2
377,711,402,3,0
378,630,353,0,3
378,688,353,0,3
378,711,403,3,0
379,630,354,0,3
379,631,404,3,0
379,649,380,2,1
379,688,354,0,3
379,711,404,3,0
379,720,380,2,1
380,630,355,0,3
380,631,405,3,0
380,636,355,0,3
380,644,381,2,1
380,649,381,2,1
380,660,381,2,1
380,661,355,0,3
380,685,355,0,3
380,687,381,2,1
380,688,355,0,3
380,696,405,3,0
380,698,355,0,3
380,711,405,3,0
380,720,381,2,1
381,630,356,0,3
381,631,406,3,0
381,636,356,0,3
381,644,382,2,1
381,649,382,2,1
381,660,382,2,1
381,661,356,0,3
381,685,356,0,3
381,687,382,2,1
381,688,356,0,3
381,696,406,3,0
381,698,356,0,3
381,703,356,0,3
381,711,406,3,0
381,720,382,2,1
382,630,357,0,3
382,631,407,3,0
382,636,357,0,3
382,644,383,2,1
382,649,383,2,1
382,660,383,2,1
382,661,357,0,3
382,685,357,0,3
382,687,383,2,1
382,688,357,0,3
382,696,407,3,0
382,698,357,0,3
382,703,357,0,3
382,711,407,3,0
382,720,383,2,1
383,630,358,0,3
383,631,408,3,0
383,644,358,0,3
383,661,358,0,3
383,675,408,3,0
383,688,358,0,3
383,703,358,0,3
383,711,408,3,0
384,630,383,1,2
384,631,383,1,2
384,636,383,1,2
384,644,359,0,3
384,649,359,0,3
384,660,409,3,0
384,661,383,1,2
384,675,409,3,0
384,685,383,1,2
384,687,359,0,3
384,688,383,1,2
384,696,383,1,2
384,698,383,1,2
384,703,383,1,2
384,711,383,1,2
384,720,359,0,3
385,630,384,1,2
385,631,384,1,2
385,644,360,0,3
385,649,360,0,3
385,660,410,3,0
385,661,384,1,2
385,675,410,3,0
385,687,360,0,3
385,688,384,1,2
385,696,384,1,2
385,698,384,1,2
385,711,384,1,2
385,720,360,0,3
386,630,385,1,2
386,631,385,1,2
386,649,361,0,3
386,675,411,3,0
386,688,385,1,2
386,711,385,1,2
386,720,361,0,3
387,630,386,1,2
387,631,386,1,2
387,675,412,3,0
387,688,386,1,2
387,711,386,1,2
388,668,389,2,1
388,675,413,3,0
388,711,387,1,2
389,675,414,3,0
389,711,388,1,2
390,630,391,2,1
390,675,415,3,0
390,688,391,2,1
390,711,391,2,1
391,630,392,2,1
391,675,416,3,0
391,688,392,2,1
391,711,392,2,1
392,630,393,2,1
392,631,393,2,1
392,649,367,0,3
392,675,417,3,0
392,687,367,0,3
392,688,393,2,1
392,711,393,2,1
392,720,367,0,3
393,630,394,2,1
393,631,394,2,1
393,636,394,2,1
393,644,368,0,3
393,649,368,0,3
393,660,418,3,0
393,661,394,2,1
393,675,418,3,0
393,685,394,2,1
393,687,368,0,3
393,688,394,2,1
393,696,394,2,1
393,698,394,2,1
393,711,394,2,1
393,720,368,0,3
394,630,395,2,1
394,631,395,2,1
394,636,395,2,1
394,644,369,0,3
394,649,369,0,3
394,660,419,3,0
394,661,395,2,1
394,675,419,3,0
394,685,395,2,1
394,687,369,0,3
394,688,395,2,1
394,696,395,2,1
394,698,395,2,1
394,703,395,2,1
394,711,395,2,1
394,720,369,0,3
395,630,370,0,3
395,631,420,3,0
395,644,370,0,3
395,661,370,0,3
395,675,420,3,0
395,688,370,0,3
395,703,370,0,3
395,711,420,3,0
396,630,371,0,3
396,631,421,3,0
396,636,371,0,3
396,644,395,1,2
396,649,395,1,2
396,660,395,1,2
396,661,371,0,3
396,685,371,0,3
396,687,395,1,2
396,688,371,0,3
396,696,421,3,0
396,698,371,0,3
396,703,371,0,3
396,711,421,3,0
396,720,395,1,2
397,630,372,0,3
397,631,422,3,0
397,636,372,0,3
397,644,396,1,2
397,649,396,1,2
397,660,396,1,2
397,661,372,0,3
397,685,372,0,3
397,687,396,1,2
397,688,372,0,3
397,696,422,3,0
397,698,372,0,3
397,711,422,3,0
397,720,396,1,2
398,630,373,0,3
398,631,423,3,0
398,649,397,1,2
398,687,397,1,2
398,688,373,0,3
398,711,423,3,0
398,720,397,1,2
399,630,374,0,3
399,631,375,2,3
399,688,374,0,3
399,711,424,3,0
400,630,375,0,2
400,688,375,0,2
400,711,425,2,0
401,668,400,1,1
401,711,402,2,1
402,668,401,1,2
402,711,427,3,0
403,630,378,0,3
403,688,378,0,3
403,711,428,3,0
404,630,379,0,3
404,631,429,3,0
404,649,405,2,1
404,688,379,0,3
404,711,429,3,0
404,720,405,2,1
405,630,380,0,3
405,631,430,3,0
405,636,380,0,3
405,644,406,2,1
405,649,406,2,1
405,660,406,2,1
405,661,380,0,3
405,685,380,0,3
405,687,406,2,1
405,688,380,0,3
405,696,430,3,0
405,698,380,0,3
405,711,430,3,0
405,720,406,2,1
406,630,381,0,3
406,631,431,3,0
406,636,381,0,3
406,644,407,2,1
406,649,407,2,1
406,660,407,2,1
406,661,381,0,3
406,685,381,0,3
406,687,407,2,1
406,688,381,0,3
406,696,431,3,0
406,698,381,0,3
406,703,381,0,3
406,711,431,3,0
406,720,407,2,1
407,630,382,0,3
407,631,432,3,0
407,636,382,0,3
407,644,408,2,1
407,649,408,2,1
407,660,408,2,1
407,661,382,0,3
407,685,382,0,3
407,687,408,2,1
407,688,382,0,3
407,696,432,3,0
407,698,382,0,3
407,703,382,0,3
407,711,432,3,0
407,720,408,2,1
408,630,383,0,3
408,631,433,3,0
408,661,383,0,3
408,688,383,0,3
408,703,383,0,3
408,711,433,3,0
408,720,433,3,0
409,630,408,1,2
409,631,408,1,2
409,636,408,1,2
409,644,384,0,3
409,649,384,0,3
409,660,434,3,0
409,661,408,1,2
409,685,408,1,2
409,687,384,0,3
409,688,408,1,2
409,696,408,1,2
409,698,408,1,2
409,703,408,1,2
409,711,408,1,2
409,720,434,3,0
410,630,409,1,2
410,631,409,1,2
410,644,385,0,3
410,649,385,0,3
410,660,435,3,0
410,661,409,1,2
410,687,385,0,3
410,688,409,1,2
410,696,409,1,2
410,698,409,1,2
410,711,409,1,2
410,720,435,3,0
411,630,410,1,2
411,631,410,1,2
411,649,386,0,3
411,688,410,1,2
411,711,410,1,2
411,720,436,3,0
412,630,411,1,2
412,631,411,1,2
412,688,411,1,2
412,711,411,1,2
413,668,414,2,1
413,711,412,1,2
414,711,413,1,2
415,630,416,2,1
415,688,416,2,1
415,711,416,2,1
416,630,417,2,1
416,631,415,1,2
416,688,417,2,1
416,711,417,2,1
417,630,418,2,1
417,631,418,2,1
417,649,392,0,3
417,687,392,0,3
417,688,418,2,1
417,711,418,2,1
417,720,442,3,0
418,630,419,2,1
418,631,419,2,1
418,636,419,2,1
418,644,393,0,3
418,649,393,0,3
418,660,443,3,0
418,661,419,2,1
418,685,419,2,1
418,687,393,0,3
418,688,419,2,1
418,696,419,2,1
418,698,419,2,1
418,711,419,2,1
418,720,443,3,0
419,630,420,2,1
419,631,420,2,1
419,636,420,2,1
419,644,394,0,3
419,649,394,0,3
419,660,444,3,0
419,661,420,2,1
419,685,420,2,1
419,687,394,0,3
419,688,420,2,1
419,696,420,2,1
419,698,420,2,1
419,703,420,2,1
419,711,420,2,1
419,720,444,3,0
420,630,395,0,3
420,631,445,3,0
420,661,395,0,3
420,688,395,0,3
420,703,395,0,3
420,711,445,3,0
420,720,445,3,0
421,630,396,0,3
421,631,446,3,0
421,636,396,0,3
421,644,420,1,2
421,649,420,1,2
421,660,420,1,2
421,661,396,0,3
421,685,396,0,3
421,687,420,1,2
421,688,396,0,3
421,696,446,3,0
421,698,396,0,3
421,703,396,0,3
421,711,446,3,0
421,720,420,1,2
422,630,397,0,3
422,631,447,3,0
422,636,397,0,3
422,644,421,1,2
422,649,421,1,2
422,660,421,1,2
422,661,397,0,3
422,685,397,0,3
422,687,421,1,2
422,688,397,0,3
422,696,447,3,0
422,698,397,0,3
422,711,447,3,0
422,720,421,1,2
423,630,398,0,3
423,631,448,3,0
423,649,422,1,2
423,687,422,1,2
423,688,398,0,3
423,711,448,3,0
423,720,422,1,2
424,630,399,0,3
424,631,400,2,3
424,688,399,0,3
424,711,449,3,0
425,630,400,0,2
425,688,400,0,2
425,711,450,2,0
426,668,425,1,1
426,711,427,2,1
427,668,426,1,2
427,711,452,3,0
428,630,403,0,3
428,688,403,0,3
428,711,453,3,0
429,630,404,0,3
429,631,454,3,0
429,649,430,2,1
429,688,404,0,3
429,711,454,3,0
429,720,430,2,1
430,630,405,0,3
430,631,455,3,0
430,636,405,0,3
430,644,431,2,1
430,649,431,2,1
430,660,431,2,1
430,661,405,0,3
430,685,405,0,3
430,687,431,2,1
430,688,405,0,3
430,696,455,3,0
430,698,405,0,3
430,711,455,3,0
430,720,431,2,1
431,630,406,0,3
431,631,456,3,0
431,636,406,0,3
431,644,432,2,1
431,649,432,2,1
431,660,432,2,1
431,661,406,0,3
431,685,406,0,3
431,687,432,2,1
431,688,406,0,3
431,696,456,3,0
431,698,406,0,3
431,703,406,0,3
431,711,456,3,0
431,720,432,2,1
432,630,407,0,3
432,631,457,3,0
432,636,407,0,3
432,644,433,2,1
432,649,433,2,1
432,660,433,2,1
432,661,407,0,3
432,685,407,0,3
432,687,433,2,1
432,688,407,0,3
432,696,457,3,0
432,698,407,0,3
432,703,407,0,3
432,711,457,3,0
432,720,433,2,1
433,630,408,0,3
433,631,458,3,0
433,661,408,0,3
433,696,458,3,0
433,703,408,0,3
433,711,458,3,0
433,720,458,3,0
434,630,433,1,2
434,631,433,1,2
434,636,433,1,2
434,644,409,0,3
434,649,409,0,3
434,660,459,3,0
434,661,433,1,2
434,685,433,1,2
434,687,409,0,3
434,688,433,1,2
434,696,433,1,2
434,698,433,1,2
434,703,433,1,2
434,711,433,1,2
434,720,459,3,0
435,630,434,1,2
435,631,434,1,2
435,644,410,0,3
435,649,410,0,3
435,660,460,3,0
435,661,434,1,2
435,687,410,0,3
435,688,434,1,2
435,696,434,1,2
435,698,434,1,2
435,711,434,1,2
435,720,460,3,0
436,630,435,1,2
436,631,435,1,2
436,649,411,0,3
436,688,435,1,2
436,711,435,1,2
436,720,461,3,0
437,630,436,1,2
437,631,436,1,2
437,688,436,1,2
437,711,436,1,2
438,668,439,2,1
438,711,437,1,2
439,711,438,1,2
440,630,441,2,1
440,688,441,2,1
440,711,441,2,1
441,630,442,2,1
441,631,440,1,2
441,688,442,2,1
441,711,442,2,1
442,630,443,2,1
442,631,443,2,1
442,649,417,0,3
442,687,417,0,3
442,688,443,2,1
442,711,443,2,1
442,720,467,3,0
443,630,444,2,1
443,631,444,2,1
443,636,444,2,1
443,644,418,0,3
443,649,418,0,3
443,660,468,3,0
443,661,444,2,1
443,685,444,2,1
443,687,418,0,3
443,688,444,2,1
443,696,444,2,1
443,698,444,2,1
443,711,444,2,1
443,720,468,3,0
444,630,445,2,1
444,631,445,2,1
444,636,445,2,1
444,644,419,0,3
444,649,419,0,3
444,660,469,3,0
444,661,445,2,1
444,685,445,2,1
444,687,419,0,3
444,688,445,2,1
444,696,445,2,1
444,698,445,2,1
444,703,445,2,1
444,711,445,2,1
444,720,469,3,0
445,630,420,0,3
445,631,470,3,0
445,661,420,0,3
445,696,470,3,0
445,703,420,0,3
445,711,470,3,0
445,720,470,3,0
446,630,421,0,3
446,631,471,3,0
446,636,421,0,3
446,644,445,1,2
446,649,445,1,2
446,660,445,1,2
446,661,421,0,3
446,685,421,0,3
446,687,445,1,2
446,688,421,0,3
446,696,471,3,0
446,698,421,0,3
446,703,421,0,3
446,711,471,3,0
446,720,445,1,2
447,630,422,0,3
447,631,472,3,0
447,636,422,0,3
447,644,446,1,2
447,649,446,1,2
447,660,446,1,2
447,661,422,0,3
447,685,422,0,3
447,687,446,1,2
447,688,422,0,3
447,696,472,3,0
447,698,422,0,3
447,711,472,3,0
447,720,446,1,2
448,630,423,0,3
448,631,473,3,0
448,649,447,1,2
448,687,447,1,2
448,688,423,0,3
448,711,473,3,0
448,720,447,1,2
449,630,424,0,3
449,631,425,2,3
449,688,424,0,3
449,711,474,3,0
450,630,425,0,2
450,688,475,2,0
450,711,475,2,0
451,668,450,1,1
451,711,452,2,1
452,668,451,1,2
452,711,477,3,0
453,630,428,0,3
453,688,478,3,0
453,711,478,3,0
454,630,429,0,3
454,631,479,3,0
454,649,455,2,1
454,688,479,3,0
454,711,479,3,0
454,720,455,2,1
455,630,430,0,3
455,631,480,3,0
455,636,430,0,3
455,644,456,2,1
455,649,456,2,1
455,660,456,2,1
455,661,430,0,3
455,685,430,0,3
455,687,456,2,1
455,688,480,3,0
455,696,480,3,0
455,698,430,0,3
455,711,480,3,0
455,720,456,2,1
456,630,431,0,3
456,631,481,3,0
456,636,431,0,3
456,644,457,2,1
456,649,457,2,1
456,660,457,2,1
456,661,431,0,3
456,685,431,0,3
456,687,457,2,1
456,688,481,3,0
456,696,481,3,0
456,698,431,0,3
456,703,481,3,0
456,711,481,3,0
456,720,457,2,1
457,630,432,0,3
457,631,482,3,0
457,636,432,0,3
457,644,458,2,1
457,649,458,2,1
457,660,458,2,1
457,661,432,0,3
457,685,432,0,3
457,687,458,2,1
457,688,482,3,0
457,696,482,3,0
457,698,432,0,3
457,703,482,3,0
457,711,482,3,0
457,720,458,2,1
457,721,482,3,0
458,630,433,0,3
458,631,483,3,0
458,649,483,3,0
458,660,459,2,1
458,661,433,0,3
458,688,483,3,0
458,696,483,3,0
458,711,483,3,0
458,720,483,3,0
458,721,483,3,0
459,630,458,1,2
459,631,458,1,2
459,636,458,1,2
459,644,434,0,3
459,649,484,3,0
459,660,460,2,1
459,661,458,1,2
459,685,458,1,2
459,687,434,0,3
459,688,458,1,2
459,696,458,1,2
459,698,458,1,2
459,703,458,1,2
459,711,458,1,2
459,720,484,3,0
460,630,459,1,2
460,631,459,1,2
460,644,435,0,3
460,649,485,3,0
460,660,660,39,0
460,661,459,1,2
460,687,435,0,3
460,688,459,1,2
460,696,459,1,2
460,698,459,1,2
460,711,459,1,2
460,720,485,3,0
461,630,460,1,2
461,631,460,1,2
461,649,486,3,0
461,688,460,1,2
461,711,460,1,2
461,720,486,3,0
462,630,461,1,2
462,631,461,1,2
462,688,461,1,2
462,711,461,1,2
463,668,464,2,1
463,711,462,1,2
464,711,463,1,2
465,630,466,2,1
465,688,466,2,1
465,711,466,2,1
466,630,467,2,1
466,631,465,1,2
466,688,467,2,1
466,711,467,2,1
467,630,468,2,1
467,631,468,2,1
467,649,492,3,0
467,687,442,0,3
467,688,468,2,1
467,711,468,2,1
467,720,492,3,0
468,630,469,2,1
468,631,469,2,1
468,636,469,2,1
468,644,443,0,3
468,649,493,3,0
468,660,467,1,2
468,661,469,2,1
468,685,469,2,1
468,687,443,0,3
468,688,469,2,1
468,696,469,2,1
468,698,469,2,1
468,711,469,2,1
468,720,493,3,0
469,630,470,2,1
469,631,470,2,1
469,636,470,2,1
469,644,444,0,3
469,649,494,3,0
469,660,468,1,2
469,661,470,2,1
469,685,470,2,1
469,687,444,0,3
469,688,470,2,1
469,696,470,2,1
469,698,470,2,1
469,703,470,2,1
469,711,470,2,1
469,720,494,3,0
470,630,445,0,3
470,631,495,3,0
470,649,495,3,0
470,660,469,1,2
470,661,445,0,3
470,688,495,3,0
470,696,495,3,0
470,711,495,3,0
470,720,495,3,0
470,721,495,3,0
471,630,446,0,3
471,631,496,3,0
471,636,446,0,3
471,644,470,1,2
471,649,470,1,2
471,660,470,1,2
471,661,446,0,3
471,685,446,0,3
471,687,470,1,2
471,688,496,3,0
471,696,496,3,0
471,698,446,0,3
471,703,496,3,0
471,711,496,3,0
471,720,470,1,2
472,630,447,0,3
472,631,497,3,0
472,636,447,0,3
472,644,471,1,2
472,649,471,1,2
472,660,471,1,2
472,661,447,0,3
472,685,447,0,3
472,687,471,1,2
472,688,497,3,0
472,696,497,3,0
472,698,447,0,3
472,711,497,3,0
472,720,471,1,2
473,630,448,0,3
473,631,498,3,0
473,649,472,1,2
473,687,472,1,2
473,688,498,3,0
473,711,498,3,0
473,720,472,1,2
474,630,449,0,3
474,631,450,2,3
474,688,499,3,0
474,711,499,3,0
475,630,450,0,2
475,688,500,2,0
475,711,500,2,0
476,668,475,1,1
476,711,477,2,1
477,668,476,1,2
477,711,502,3,0
478,630,453,0,3
478,688,503,3,0
478,711,503,3,0
479,630,454,0,3
479,631,504,3,0
479,649,480,2,1
479,688,504,3,0
479,711,504,3,0
479,720,480,2,1
480,630,455,0,3
480,631,505,3,0
480,636,455,0,3
480,644,481,2,1
480,649,481,2,1
480,660,481,2,1
480,661,455,0,3
480,685,455,0,3
480,687,481,2,1
480,688,505,3,0
480,696,505,3,0
480,698,455,0,3
480,711,505,3,0
480,720,481,2,1
481,630,456,0,3
481,631,506,3,0
481,636,456,0,3
481,644,482,2,1
481,649,482,2,1
481,660,482,2,1
481,661,456,0,3
481,685,456,0,3
481,687,482,2,1
481,688,506,3,0
481,696,506,3,0
481,698,456,0,3
481,703,506,3,0
481,711,506,3,0
481,720,482,2,1
482,630,457,0,3
482,631,507,3,0
482,636,457,0,3
482,644,483,2,1
482,649,483,2,1
482,660,483,2,1
482,661,457,0,3
482,685,457,0,3
482,687,483,2,1
482,688,507,3,0
482,696,507,3,0
482,698,457,0,3
482,703,507,3,0
482,711,507,3,0
482,720,483,2,1
483,630,458,0,3
483,631,508,3,0
483,636,458,0,3
483,649,508,3,0
483,660,458,0,3
483,661,458,0,3
483,687,458,0,3
483,688,508,3,0
483,696,508,3,0
483,711,508,3,0
483,720,508,3,0
484,630,483,1,2
484,631,483,1,2
484,636,483,1,2
484,644,459,0,3
484,649,509,3,0
484,660,459,0,3
484,661,483,1,2
484,685,483,1,2
484,687,459,0,3
484,688,483,1,2
484,696,483,1,2
484,698,483,1,2
484,703,483,1,2
484,711,483,1,2
484,720,509,3,0
485,630,484,1,2
485,631,484,1,2
485,644,460,0,3
485,649,510,3,0
485,660,460,0,3
485,661,484,1,2
485,687,460,0,3
485,688,484,1,2
485,696,484,1,2
485,698,484,1,2
485,711,484,1,2
485,720,510,3,0
486,630,485,1,2
486,631,485,1,2
486,649,511,3,0
486,688,485,1,2
486,711,485,1,2
486,720,511,3,0
487,630,486,1,2
487,631,486,1,2
487,688,486,1,2
487,711,486,1,2
488,668,489,2,1
488,711,487,1,2
489,711,488,1,2
490,630,491,2,1
490,688,491,2,1
490,711,491,2,1
491,630,492,2,1
491,631,490,1,2
491,688,492,2,1
491,711,492,2,1
492,630,493,2,1
492,631,493,2,1
492,649,517,3,0
492,687,467,0,3
492,688,493,2,1
492,711,493,2,1
492,720,517,3,0
493,630,494,2,1
493,631,494,2,1
493,636,494,2,1
493,644,468,0,3
493,649,518,3,0
493,660,468,0,3
493,661,494,2,1
493,685,494,2,1
493,687,468,0,3
493,688,494,2,1
493,696,494,2,1
493,698,494,2,1
493,711,494,2,1
493,720,518,3,0
494,630,495,2,1
494,631,495,2,1
494,636,495,2,1
494,644,469,0,3
494,649,519,3,0
494,660,469,0,3
494,661,495,2,1
494,685,495,2,1
494,687,469,0,3
494,688,495,2,1
494,696,495,2,1
494,698,495,2,1
494,703,495,2,1
494,711,495,2,1
494,720,519,3,0
495,630,470,0,3
495,631,520,3,0
495,636,470,0,3
495,649,520,3,0
495,660,470,0,3
495,661,470,0,3
495,687,470,0,3
495,688,520,3,0
495,696,520,3,0
495,711,520,3,0
495,720,520,3,0
496,630,471,0,3
496,631,521,3,0
496,636,471,0,3
496,644,495,1,2
496,649,495,1,2
496,660,495,1,2
496,661,471,0,3
496,685,471,0,3
496,687,495,1,2
496,688,521,3,0
496,696,521,3,0
496,698,471,0,3
496,703,521,3,0
496,711,521,3,0
496,720,495,1,2
497,630,472,0,3
497,631,522,3,0
497,636,472,0,3
497,644,496,1,2
497,649,496,1,2
497,660,496,1,2
497,661,472,0,3
497,685,472,0,3
497,687,496,1,2
497,688,522,3,0
497,696,522,3,0
497,698,472,0,3
497,711,522,3,0
497,720,496,1,2
498,630,473,0,3
498,631,523,3,0
498,649,497,1,2
498,687,497,1,2
498,688,523,3,0
498,711,523,3,0
498,720,497,1,2
499,630,474,0,3
499,631,475,2,3
499,688,524,3,0
499,711,524,3,0
500,630,475,0,2
500,688,525,2,0
500,711,525,2,0
501,668,500,1,1
501,711,502,2,1
502,668,501,1,2
502,711,527,3,0
503,630,478,0,3
503,688,528,3,0
503,711,528,3,0
504,630,479,0,3
504,631,529,3,0
504,649,505,2,1
504,688,529,3,0
504,711,529,3,0
504,720,505,2,1
505,630,480,0,3
505,631,530,3,0
505,636,480,0,3
505,644,506,2,1
505,649,506,2,1
505,660,506,2,1
505,661,480,0,3
505,685,480,0,3
505,687,506,2,1
505,688,530,3,0
505,696,530,3,0
505,698,480,0,3
505,711,530,3,0
505,720,506,2,1
506,630,481,0,3
506,631,531,3,0
506,636,481,0,3
506,644,507,2,1
506,649,507,2,1
506,660,507,2,1
506,661,481,0,3
506,685,481,0,3
506,687,507,2,1
506,688,531,3,0
506,696,531,3,0
506,698,481,0,3
506,703,531,3,0
506,711,531,3,0
506,720,507,2,1
507,630,482,0,3
507,631,532,3,0
507,636,482,0,3
507,644,508,2,1
507,649,508,2,1
507,660,508,2,1
507,661,482,0,3
507,685,482,0,3
507,687,508,2,1
507,688,532,3,0
507,696,532,3,0
507,698,482,0,3
507,703,532,3,0
507,711,532,3,0
507,720,508,2,1
508,630,483,0,3
508,631,533,3,0
508,636,483,0,3
508,649,533,3,0
508,660,483,0,3
508,661,483,0,3
508,687,483,0,3
508,688,533,3,0
508,696,533,3,0
508,698,483,0,3
508,711,533,3,0
508,720,533,3,0
509,630,508,1,2
509,631,508,1,2
509,636,508,1,2
509,644,484,0,3
509,649,534,3,0
509,660,484,0,3
509,661,508,1,2
509,685,508,1,2
509,687,484,0,3
509,688,508,1,2
509,696,508,1,2
509,698,508,1,2
509,703,508,1,2
509,711,508,1,2
509,720,534,3,0
510,630,509,1,2
510,631,509,1,2
510,644,485,0,3
510,649,535,3,0
510,660,485,0,3
510,661,509,1,2
510,687,485,0,3
510,688,509,1,2
510,696,509,1,2
510,698,509,1,2
510,711,509,1,2
510,720,535,3,0
511,630,510,1,2
511,631,510,1,2
511,649,536,3,0
511,688,510,1,2
511,711,510,1,2
511,720,536,3,0
512,630,511,1,2
512,631,511,1,2
512,688,511,1,2
512,711,511,1,2
513,668,514,2,1
513,711,512,1,2
514,711,513,1,2
515,630,516,2,1
515,688,516,2,1
515,711,516,2,1
516,630,517,2,1
516,631,515,1,2
516,688,517,2,1
516,711,517,2,1
517,630,518,2,1
517,631,518,2,1
517,649,542,3,0
517,687,492,0,3
517,688,518,2,1
517,711,518,2,1
517,720,542,3,0
518,630,519,2,1
518,631,519,2,1
518,636,519,2,1
518,644,493,0,3
518,649,543,3,0
518,660,493,0,3
518,661,519,2,1
518,685,519,2,1
518,687,493,0,3
518,688,519,2,1
518,696,519,2,1
518,698,519,2,1
518,711,519,2,1
518,720,543,3,0
519,630,520,2,1
519,631,520,2,1
519,636,520,2,1
519,644,494,0,3
519,649,544,3,0
519,660,494,0,3
519,661,520,2,1
519,685,520,2,1
519,687,494,0,3
519,688,520,2,1
519,696,520,2,1
519,698,520,2,1
519,703,520,2,1
519,711,520,2,1
519,720,544,3,0
520,630,495,0,3
520,631,545,3,0
520,636,495,0,3
520,649,545,3,0
520,660,495,0,3
520,661,495,0,3
520,687,495,0,3
520,688,545,3,0
520,696,545,3,0
520,698,495,0,3
520,711,545,3,0
520,720,545,3,0
521,630,496,0,3
521,631,546,3,0
521,636,496,0,3
521,644,520,1,2
521,649,520,1,2
521,660,520,1,2
521,661,496,0,3
521,685,496,0,3
521,687,520,1,2
521,688,546,3,0
521,696,546,3,0
521,698,496,0,3
521,703,546,3,0
521,711,546,3,0
521,720,520,1,2
522,630,497,0,3
522,631,547,3,0
522,636,497,0,3
522,644,521,1,2
522,649,521,1,2
522,660,521,1,2
522,661,497,0,3
522,685,497,0,3
522,687,521,1,2
522,688,547,3,0
522,696,547,3,0
522,698,497,0,3
522,711,547,3,0
522,720,521,1,2
523,630,498,0,3
523,631,548,3,0
523,649,522,1,2
523,687,522,1,2
523,688,548,3,0
523,711,548,3,0
523,720,522,1,2
524,630,499,0,3
524,631,500,2,3
524,688,549,3,0
524,711,549,3,0
525,630,500,0,2
525,688,550,2,0
525,711,550,2,0
526,668,525,1,1
526,711,527,2,1
527,668,526,1,2
527,711,552,3,0
528,630,503,0,3
528,688,553,3,0
528,711,553,3,0
529,630,504,0,3
529,631,554,3,0
529,649,530,2,1
529,688,554,3,0
529,711,554,3,0
529,720,530,2,1
530,630,505,0,3
530,631,555,3,0
530,636,505,0,3
530,644,531,2,1
530,649,531,2,1
530,660,531,2,1
530,661,555,3,0
530,685,505,0,3
530,687,531,2,1
530,688,555,3,0
530,696,555,3,0
530,698,505,0,3
530,711,555,3,0
530,720,531,2,1
531,630,506,0,3
531,631,556,3,0
531,636,506,0,3
531,644,532,2,1
531,649,532,2,1
531,660,532,2,1
531,661,556,3,0
531,685,506,0,3
531,687,532,2,1
531,688,556,3,0
531,696,556,3,0
531,698,506,0,3
531,703,556,3,0
531,711,556,3,0
531,720,532,2,1
532,630,507,0,3
532,631,557,3,0
532,636,507,0,3
532,644,533,2,1
532,649,533,2,1
532,660,533,2,1
532,661,557,3,0
532,685,507,0,3
532,687,533,2,1
532,688,557,3,0
532,696,557,3,0
532,698,507,0,3
532,703,557,3,0
532,711,557,3,0
532,720,533,2,1
533,630,508,0,3
533,631,558,3,0
533,636,508,0,3
533,644,558,3,0
533,649,558,3,0
533,660,508,0,3
533,687,508,0,3
533,688,558,3,0
533,696,558,3,0
533,698,508,0,3
533,711,558,3,0
533,720,558,3,0
534,630,533,1,2
534,631,533,1,2
534,636,533,1,2
534,644,559,3,0
534,649,559,3,0
534,660,509,0,3
534,661,533,1,2
534,685,533,1,2
534,687,509,0,3
534,688,533,1,2
534,696,533,1,2
534,698,533,1,2
534,703,533,1,2
534,711,533,1,2
534,720,559,3,0
535,630,534,1,2
535,631,534,1,2
535,644,560,3,0
535,649,560,3,0
535,660,510,0,3
535,661,534,1,2
535,687,510,0,3
535,688,534,1,2
535,696,534,1,2
535,698,534,1,2
535,711,534,1,2
535,720,560,3,0
536,630,535,1,2
536,631,535,1,2
536,649,561,3,0
536,688,535,1,2
536,711,535,1,2
536,720,561,3,0
537,630,536,1,2
537,631,536,1,2
537,688,536,1,2
537,711,536,1,2
538,668,539,2,1
538,711,537,1,2
539,711,538,1,2
540,630,541,2,1
540,688,541,2,1
540,711,541,2,1
541,630,542,2,1
541,631,540,1,2
541,688,542,2,1
541,711,542,2,1
542,630,543,2,1
542,631,543,2,1
542,649,567,3,0
542,687,517,0,3
542,688,543,2,1
542,711,543,2,1
542,720,567,3,0
543,630,544,2,1
543,631,544,2,1
543,636,544,2,1
543,644,568,3,0
543,649,568,3,0
543,660,518,0,3
543,661,544,2,1
543,685,544,2,1
543,687,518,0,3
543,688,544,2,1
543,696,544,2,1
543,698,544,2,1
543,711,544,2,1
543,720,568,3,0
544,630,545,2,1
544,631,545,2,1
544,636,545,2,1
544,644,569,3,0
544,649,569,3,0
544,660,519,0,3
544,661,545,2,1
544,685,545,2,1
544,687,519,0,3
544,688,545,2,1
544,696,545,2,1
544,698,545,2,1
544,703,545,2,1
544,711,545,2,1
544,720,569,3,0
545,630,520,0,3
545,631,570,3,0
545,636,520,0,3
545,644,570,3,0
545,649,570,3,0
545,660,520,0,3
545,687,520,0,3
545,688,570,3,0
545,696,570,3,0
545,698,520,0,3
545,711,570,3,0
545,720,570,3,0
546,630,521,0,3
546,631,571,3,0
546,636,521,0,3
546,644,545,1,2
546,649,545,1,2
546,660,545,1,2
546,661,571,3,0
546,685,521,0,3
546,687,545,1,2
546,688,571,3,0
546,696,571,3,0
546,698,521,0,3
546,703,571,3,0
546,711,571,3,0
546,720,545,1,2
547,630,522,0,3
547,631,572,3,0
547,636,522,0,3
547,644,546,1,2
547,649,546,1,2
547,660,546,1,2
547,661,572,3,0
547,685,522,0,3
547,687,546,1,2
547,688,572,3,0
547,696,572,3,0
547,698,522,0,3
547,711,572,3,0
547,720,546,1,2
548,630,523,0,3
548,631,573,3,0
548,649,547,1,2
548,687,547,1,2
548,688,573,3,0
548,711,573,3,0
548,720,547,1,2
549,630,524,0,3
549,631,525,2,3
549,688,574,3,0
549,711,574,3,0
550,630,525,0,2
550,688,575,2,0
550,711,575,2,0
551,668,550,1,1
551,711,552,2,1
552,668,551,1,2
552,711,577,3,0
553,630,528,0,3
553,688,578,3,0
553,711,578,3,0
554,630,529,0,3
554,631,579,3,0
554,649,555,2,1
554,688,579,3,0
554,711,579,3,0
554,720,555,2,1
555,630,530,0,3
555,631,580,3,0
555,636,530,0,3
555,644,556,2,1
555,649,556,2,1
555,660,556,2,1
555,661,580,3,0
555,665,554,1,2
555,685,530,0,3
555,687,556,2,1
555,688,580,3,0
555,696,580,3,0
555,698,530,0,3
555,711,580,3,0
555,720,556,2,1
556,630,531,0,3
556,631,581,3,0
556,636,531,0,3
556,644,557,2,1
556,649,557,2,1
556,660,557,2,1
556,661,581,3,0
556,665,555,1,2
556,685,531,0,3
556,687,557,2,1
556,688,581,3,0
556,696,581,3,0
556,698,531,0,3
556,703,581,3,0
556,711,581,3,0
556,720,557,2,1
557,630,532,0,3
557,631,582,3,0
557,636,532,0,3
557,644,558,2,1
557,649,558,2,1
557,660,558,2,1
557,661,582,3,0
557,665,556,1,2
557,685,532,0,3
557,687,558,2,1
557,688,582,3,0
557,696,582,3,0
557,698,532,0,3
557,703,582,3,0
557,711,582,3,0
557,720,558,2,1
558,631,583,3,0
558,636,533,0,3
558,644,583,3,0
558,649,583,3,0
558,660,533,0,3
558,665,557,1,2
558,685,533,0,3
558,687,533,0,3
558,688,583,3,0
558,696,583,3,0
558,698,533,0,3
558,711,583,3,0
558,720,583,3,0
559,630,558,1,2
559,631,558,1,2
559,636,558,1,2
559,644,584,3,0
559,649,584,3,0
559,660,534,0,3
559,661,558,1,2
559,685,558,1,2
559,687,534,0,3
559,688,558,1,2
559,696,558,1,2
559,698,558,1,2
559,703,558,1,2
559,711,558,1,2
559,720,584,3,0
560,630,559,1,2
560,631,559,1,2
560,644,585,3,0
560,649,585,3,0
560,660,535,0,3
560,661,559,1,2
560,687,535,0,3
560,688,559,1,2
560,696,559,1,2
560,698,559,1,2
560,711,559,1,2
560,720,585,3,0
561,630,560,1,2
561,631,560,1,2
561,649,586,3,0
561,688,560,1,2
561,711,560,1,2
561,720,586,3,0
562,630,561,1,2
562,631,561,1,2
562,688,561,1,2
562,711,561,1,2
563,668,564,2,1
563,711,562,1,2
564,711,563,1,2
565,630,566,2,1
565,688,566,2,1
565,711,566,2,1
566,630,567,2,1
566,631,565,1,2
566,688,567,2,1
566,711,567,2,1
567,630,568,2,1
567,631,568,2,1
567,649,592,3,0
567,687,542,0,3
567,688,568,2,1
567,711,568,2,1
567,720,592,3,0
568,630,569,2,1
568,631,569,2,1
568,636,569,2,1
568,644,593,3,0
568,649,593,3,0
568,660,543,0,3
568,661,569,2,1
568,685,569,2,1
568,687,543,0,3
568,688,569,2,1
568,696,569,2,1
568,698,569,2,1
568,711,569,2,1
568,720,593,3,0
569,630,570,2,1
569,631,570,2,1
569,636,570,2,1
569,644,594,3,0
569,649,594,3,0
569,660,544,0,3
569,661,570,2,1
569,685,570,2,1
569,687,544,0,3
569,688,570,2,1
569,696,570,2,1
569,698,570,2,1
569,703,570,2,1
569,711,570,2,1
569,720,594,3,0
570,631,595,3,0
570,636,545,0,3
570,644,595,3,0
570,649,595,3,0
570,660,545,0,3
570,665,571,2,1
570,685,545,0,3
570,687,545,0,3
570,688,595,3,0
570,696,595,3,0
570,698,545,0,3
570,711,595,3,0
570,720,595,3,0
571,630,546,0,3
571,631,596,3,0
571,636,546,0,3
571,644,570,1,2
571,649,570,1,2
571,660,570,1,2
571,661,596,3,0
571,665,572,2,1
571,685,546,0,3
571,687,570,1,2
571,688,596,3,0
571,696,596,3,0
571,698,546,0,3
571,703,596,3,0
571,711,596,3,0
571,720,570,1,2
572,630,547,0,3
572,631,597,3,0
572,636,547,0,3
572,644,571,1,2
572,649,571,1,2
572,660,571,1,2
572,661,597,3,0
572,665,573,2,1
572,685,547,0,3
572,687,571,1,2
572,688,597,3,0
572,696,597,3,0
572,698,547,0,3
572,711,597,3,0
572,720,571,1,2
573,630,548,0,3
573,631,598,3,0
573,649,572,1,2
573,665,665,44,0
573,687,572,1,2
573,688,598,3,0
573,711,598,3,0
573,720,572,1,2
574,630,549,0,3
574,631,550,2,3
574,688,599,3,0
574,711,599,3,0
575,630,600,2,0
575,688,600,2,0
575,711,600,2,0
576,668,575,1,1
576,711,577,2,1
577,668,576,1,2
577,711,602,3,0
578,630,603,3,0
578,688,603,3,0
578,711,603,3,0
579,630,604,3,0
579,631,604,3,0
579,649,580,2,1
579,688,604,3,0
579,711,604,3,0
579,720,580,2,1
580,630,605,3,0
580,631,605,3,0
580,636,555,0,3
580,644,581,2,1
580,649,581,2,1
580,660,581,2,1
580,661,605,3,0
580,665,555,0,3
580,685,555,0,3
580,687,581,2,1
580,688,605,3,0
580,696,605,3,0
580,698,555,0,3
580,711,605,3,0
580,720,581,2,1
581,630,606,3,0
581,631,606,3,0
581,636,556,0,3
581,644,582,2,1
581,649,582,2,1
581,660,582,2,1
581,661,606,3,0
581,665,556,0,3
581,685,556,0,3
581,687,582,2,1
581,688,606,3,0
581,696,606,3,0
581,698,556,0,3
581,703,606,3,0
581,711,606,3,0
581,720,582,2,1
582,630,607,3,0
582,631,607,3,0
582,636,557,0,3
582,644,583,2,1
582,649,583,2,1
582,660,583,2,1
582,661,607,3,0
582,665,557,0,3
582,685,557,0,3
582,687,583,2,1
582,688,607,3,0
582,696,607,3,0
582,698,557,0,3
582,703,607,3,0
582,711,607,3,0
582,720,583,2,1
583,630,608,3,0
583,631,608,3,0
583,636,558,0,3
583,644,608,3,0
583,649,608,3,0
583,660,558,0,3
583,665,558,0,3
583,685,558,0,3
583,687,558,0,3
583,688,608,3,0
583,696,608,3,0
583,698,558,0,3
583,711,608,3,0
583,720,608,3,0
584,630,583,1,2
584,631,583,1,2
584,636,583,1,2
584,644,609,3,0
584,649,609,3,0
584,660,559,0,3
584,661,583,1,2
584,685,583,1,2
584,687,559,0,3
584,688,583,1,2
584,696,583,1,2
584,698,583,1,2
584,703,583,1,2
584,711,583,1,2
584,720,609,3,0
585,630,584,1,2
585,631,584,1,2
585,644,610,3,0
585,649,610,3,0
585,660,560,0,3
585,661,584,1,2
585,687,560,0,3
585,688,584,1,2
585,696,584,1,2
585,698,584,1,2
585,711,584,1,2
585,720,610,3,0
586,630,585,1,2
586,631,585,1,2
586,649,611,3,0
586,688,585,1,2
586,711,585,1,2
586,720,611,3,0
587,630,586,1,2
587,631,586,1,2
587,688,586,1,2
587,711,586,1,2
588,668,589,2,1
588,711,587,1,2
589,711,588,1,2
590,630,591,2,1
590,688,591,2,1
590,711,591,2,1
591,630,592,2,1
591,631,590,1,2
591,688,592,2,1
591,711,592,2,1
592,630,593,2,1
592,631,593,2,1
592,649,617,3,0
592,687,567,0,3
592,688,593,2,1
592,711,593,2,1
592,720,617,3,0
593,630,594,2,1
593,631,594,2,1
593,636,594,2,1
593,644,618,3,0
593,649,618,3,0
593,660,568,0,3
593,661,594,2,1
593,685,594,2,1
593,687,568,0,3
593,688,594,2,1
593,696,594,2,1
593,698,594,2,1
593,711,594,2,1
593,720,618,3,0
594,630,595,2,1
594,631,595,2,1
594,636,595,2,1
594,644,619,3,0
594,649,619,3,0
594,660,569,0,3
594,661,595,2,1
594,685,595,2,1
594,687,569,0,3
594,688,595,2,1
594,696,595,2,1
594,698,595,2,1
594,703,595,2,1
594,711,595,2,1
594,720,619,3,0
595,630,620,3,0
595,631,620,3,0
595,636,570,0,3
595,644,620,3,0
595,649,620,3,0
595,660,570,0,3
595,665,570,0,3
595,685,570,0,3
595,687,570,0,3
595,688,620,3,0
595,696,620,3,0
595,698,570,0,3
595,711,620,3,0
595,720,620,3,0
596,630,621,3,0
596,631,621,3,0
596,636,571,0,3
596,644,595,1,2
596,649,595,1,2
596,660,595,1,2
596,661,621,3,0
596,665,571,0,3
596,685,571,0,3
596,687,595,1,2
596,688,621,3,0
596,696,621,3,0
596,698,571,0,3
596,703,621,3,0
596,711,621,3,0
596,720,595,1,2
597,630,622,3,0
597,631,622,3,0
597,636,572,0,3
597,644,596,1,2
597,649,596,1,2
597,660,596,1,2
597,661,622,3,0
597,665,572,0,3
597,685,572,0,3
597,687,596,1,2
597,688,622,3,0
597,696,622,3,0
597,698,572,0,3
597,711,622,3,0
597,720,596,1,2
598,630,623,3,0
598,631,623,3,0
598,649,597,1,2
598,665,573,0,3
598,687,597,1,2
598,688,623,3,0
598,711,623,3,0
598,720,597,1,2
599,630,624,3,0
599,631,575,2,3
599,688,624,3,0
599,711,624,3,0
600,630,0,2,3
600,688,0,2,3
600,711,0,2,3
601,668,600,1,1
601,711,602,2,1
602,668,601,1,2
602,711,2,3,3
603,630,3,3,3
603,688,3,3,3
603,711,3,3,3
604,630,4,3,3
604,631,631,10,0
604,649,605,2,1
604,688,4,3,3
604,711,4,3,3
604,720,605,2,1
605,630,5,3,3
605,631,604,1,2
605,636,5,3,3
605,644,606,2,1
605,649,606,2,1
605,660,606,2,1
605,661,5,3,3
605,685,580,0,3
605,687,606,2,1
605,688,5,3,3
605,696,696,75,0
605,698,580,0,3
605,711,5,3,3
605,720,606,2,1
606,630,6,3,3
606,631,605,1,2
606,636,6,3,3
606,644,607,2,1
606,649,607,2,1
606,660,607,2,1
606,661,6,3,3
606,685,581,0,3
606,687,607,2,1
606,688,6,3,3
606,696,605,1,2
606,698,581,0,3
606,703,6,3,3
606,711,6,3,3
606,720,607,2,1
607,630,7,3,3
607,631,606,1,2
607,636,7,3,3
607,644,608,2,1
607,649,608,2,1
607,660,608,2,1
607,661,7,3,3
607,685,582,0,3
607,687,608,2,1
607,688,7,3,3
607,696,606,1,2
607,698,582,0,3
607,703,7,3,3
607,711,7,3,3
607,720,608,2,1
608,630,8,3,3
608,631,607,1,2
608,644,8,3,3
608,649,8,3,3
608,660,583,0,3
608,685,583,0,3
608,687,583,0,3
608,688,8,3,3
608,696,607,1,2
608,698,583,0,3
608,711,8,3,3
609,630,608,1,2
609,631,608,1,2
609,636,608,1,2
609,644,9,3,3
609,649,9,3,3
609,660,584,0,3
609,661,608,1,2
609,685,608,1,2
609,687,584,0,3
609,688,608,1,2
609,696,608,1,2
609,698,608,1,2
609,703,608,1,2
609,711,608,1,2
609,720,9,3,3
610,630,609,1,2
610,631,609,1,2
610,644,10,3,3
610,649,10,3,3
610,660,585,0,3
610,661,609,1,2
610,687,585,0,3
610,688,609,1,2
610,696,609,1,2
610,698,609,1,2
610,711,609,1,2
610,720,10,3,3
611,630,610,1,2
611,631,610,1,2
611,649,11,3,3
611,688,610,1,2
611,711,610,1,2
611,720,11,3,3
612,630,611,1,2
612,631,611,1,2
612,688,611,1,2
612,711,611,1,2
613,668,614,2,1
613,711,612,1,2
614,711,613,1,2
615,630,616,2,1
615,688,616,2,1
615,711,616,2,1
616,630,617,2,1
616,631,615,1,2
616,688,617,2,1
616,711,617,2,1
617,630,618,2,1
617,631,618,2,1
617,649,17,3,3
617,687,592,0,3
617,688,618,2,1
617,711,618,2,1
617,720,17,3,3
618,630,619,2,1
618,631,619,2,1
618,636,619,2,1
618,644,18,3,3
618,649,18,3,3
618,660,593,0,3
618,661,619,2,1
618,685,619,2,1
618,687,593,0,3
618,688,619,2,1
618,696,619,2,1
618,698,619,2,1
618,711,619,2,1
618,720,18,3,3
619,630,620,2,1
619,631,620,2,1
619,636,620,2,1
619,644,19,3,3
619,649,19,3,3
619,660,594,0,3
619,661,620,2,1
619,685,620,2,1
619,687,594,0,3
619,688,620,2,1
619,696,620,2,1
619,698,620,2,1
619,703,620,2,1
619,711,620,2,1
619,720,19,3,3
620,630,20,3,3
620,631,621,2,1
620,644,20,3,3
620,649,20,3,3
620,660,595,0,3
620,685,595,0,3
620,687,595,0,3
620,688,20,3,3
620,696,621,2,1
620,698,595,0,3
620,711,20,3,3
621,630,21,3,3
621,631,622,2,1
621,636,21,3,3
621,644,620,1,2
621,649,620,1,2
621,660,620,1,2
621,661,21,3,3
621,685,596,0,3
621,687,620,1,2
621,688,21,3,3
621,696,622,2,1
621,698,596,0,3
621,703,21,3,3
621,711,21,3,3
621,720,620,1,2
622,630,22,3,3
622,631,623,2,1
622,636,22,3,3
622,644,621,1,2
622,649,621,1,2
622,660,621,1,2
622,661,22,3,3
622,685,597,0,3
622,687,621,1,2
622,688,22,3,3
622,696,623,2,1
622,698,597,0,3
622,711,22,3,3
622,720,621,1,2
623,630,23,3,3
623,631,624,2,1
623,649,622,1,2
623,687,622,1,2
623,688,23,3,3
623,711,23,3,3
623,720,622,1,2
624,630,24,3,3
624,631,600,2,3
624,688,24,3,3
624,711,24,3,3
630,625,250,0,9
630,626,250,0,9
630,627,250,0,9
630,628,250,0,9
630,629,250,0,9
630,631,250,0,9
630,632,250,0,9
630,633,250,0,9
630,634,250,0,9
630,635,250,0,9
630,636,250,0,9
630,637,250,0,9
630,638,250,0,9
630,639,250,0,9
630,640,250,0,9
630,641,250,0,9
630,642,250,0,9
630,643,250,0,9
630,644,250,0,9
630,645,250,0,9
630,646,250,0,9
630,647,250,0,9
630,648,250,0,9
630,649,250,0,9
630,650,250,0,9
630,651,250,0,9
630,652,250,0,9
630,653,250,0,9
630,654,250,0,9
630,655,250,0,9
630,656,250,0,9
630,657,250,0,9
630,658,250,0,9
630,659,250,0,9
630,660,250,0,9
630,661,250,0,9
630,662,250,0,9
630,663,250,0,9
630,664,250,0,9
630,665,250,0,9
630,666,250,0,9
630,667,250,0,9
630,668,250,0,9
630,669,250,0,9
630,670,250,0,9
630,671,250,0,9
630,672,250,0,9
630,673,250,0,9
630,674,250,0,9
630,675,250,0,9
630,676,250,0,9
630,677,250,0,9
630,678,250,0,9
630,679,250,0,9
630,680,250,0,9
630,681,250,0,9
630,682,250,0,9
630,683,250,0,9
630,684,250,0,9
630,685,250,0,9
630,686,250,0,9
630,687,250,0,9
630,688,250,0,9
630,689,250,0,9
630,690,250,0,9
630,691,250,0,9
630,692,250,0,9
630,693,250,0,9
630,694,250,0,9
630,695,250,0,9
630,696,250,0,9
630,697,250,0,9
630,698,250,0,9
630,699,250,0,9
630,700,250,0,9
630,701,250,0,9
630,702,250,0,9
630,703,250,0,9
630,704,250,0,9
630,705,250,0,9
630,706,250,0,9
630,707,250,0,9
630,708,250,0,9
630,709,250,0,9
630,710,250,0,9
630,711,250,0,9
630,712,250,0,9
630,713,250,0,9
630,714,250,0,9
630,715,250,0,9
630,716,250,0,9
630,717,250,0,9
630,718,250,0,9
630,719,250,0,9
630,720,250,0,9
630,721,250,0,9
630,722,250,0,9
630,723,250,0,9
630,724,250,0,9
631,625,604,0,10
631,626,604,0,10
631,627,604,0,10
631,628,604,0,10
631,629,604,0,10
631,630,604,0,10
631,632,604,0,10
631,633,604,0,10
631,634,604,0,10
631,635,604,0,10
631,636,604,0,10
631,637,604,0,10
631,638,604,0,10
631,639,604,0,10
631,640,604,0,10
631,641,604,0,10
631,642,604,0,10
631,643,604,0,10
631,644,604,0,10
631,645,604,0,10
631,646,604,0,10
631,647,604,0,10
631,648,604,0,10
631,649,604,0,10
631,650,604,0,10
631,651,604,0,10
631,652,604,0,10
631,653,604,0,10
631,654,604,0,10
631,655,604,0,10
631,656,604,0,10
631,657,604,0,10
631,658,604,0,10
631,659,604,0,10
631,660,604,0,10
631,661,604,0,10
631,662,604,0,10
631,663,604,0,10
631,664,604,0,10
631,665,604,0,10
631,666,604,0,10
631,667,604,0,10
631,668,604,0,10
631,669,604,0,10
631,670,604,0,10
631,671,604,0,10
631,672,604,0,10
631,673,604,0,10
631,674,604,0,10
631,675,604,0,10
631,676,604,0,10
631,677,604,0,10
631,678,604,0,10
631,679,604,0,10
631,680,604,0,10
631,681,604,0,10
631,682,604,0,10
631,683,604,0,10
631,684,604,0,10
631,685,604,0,10
631,686,604,0,10
631,687,604,0,10
631,688,604,0,10
631,689,604,0,10
631,690,604,0,10
631,691,604,0,10
631,692,604,0,10
631,693,604,0,10
631,694,604,0,10
631,695,604,0,10
631,696,604,0,10
631,697,604,0,10
631,698,604,0,10
631,699,604,0,10
631,700,604,0,10
631,701,604,0,10
631,702,604,0,10
631,703,604,0,10
631,704,604,0,10
631,705,604,0,10
631,706,604,0,10
631,707,604,0,10
631,708,604,0,10
631,709,604,0,10
631,710,604,0,10
631,711,604,0,10
631,712,604,0,10
631,713,604,0,10
631,714,604,0,10
631,715,604,0,10
631,716,604,0,10
631,717,604,0,10
631,718,604,0,10
631,719,604,0,10
631,720,604,0,10
631,721,604,0,10
631,722,604,0,10
631,723,604,0,10
631,724,604,0,10
636,625,280,0,15
636,626,280,0,15
636,627,280,0,15
636,628,280,0,15
636,629,280,0,15
636,630,280,0,15
636,631,280,0,15
636,632,280,0,15
636,633,280,0,15
636,634,280,0,15
636,635,280,0,15
636,637,280,0,15
636,638,280,0,15
636,639,280,0,15
636,640,280,0,15
636,641,280,0,15
636,642,280,0,15
636,643,280,0,15
636,644,280,0,15
636,645,280,0,15
636,646,280,0,15
636,647,280,0,15
636,648,280,0,15
636,649,280,0,15
636,650,280,0,15
636,651,280,0,15
636,652,280,0,15
636,653,280,0,15
636,654,280,0,15
636,655,280,0,15
636,656,280,0,15
636,657,280,0,15
636,658,280,0,15
636,659,280,0,15
636,660,280,0,15
636,661,280,0,15
636,662,280,0,15
636,663,280,0,15
636,664,280,0,15
636,665,280,0,15
636,666,280,0,15
636,667,280,0,15
636,668,280,0,15
636,669,280,0,15
636,670,280,0,15
636,671,280,0,15
636,672,280,0,15
636,673,280,0,15
636,674,280,0,15
636,675,280,0,15
636,676,280,0,15
636,677,280,0,15
636,678,280,0,15
636,679,280,0,15
636,680,280,0,15
636,681,280,0,15
636,682,280,0,15
636,683,280,0,15
636,684,280,0,15
636,685,280,0,15
636,686,280,0,15
636,687,280,0,15
636,688,280,0,15
636,689,280,0,15
636,690,280,0,15
636,691,280,0,15
636,692,280,0,15
636,693,280,0,15
636,694,280,0,15
636,695,280,0,15
636,696,280,0,15
636,697,280,0,15
636,698,280,0,15
636,699,280,0,15
636,700,280,0,15
636,701,280,0,15
636,702,280,0,15
636,703,280,0,15
636,704,280,0,15
636,705,280,0,15
636,706,280,0,15
636,707,280,0,15
636,708,280,0,15
636,709,280,0,15
636,710,280,0,15
636,711,280,0,15
636,712,280,0,15
636,713,280,0,15
636,714,280,0,15
636,715,280,0,15
636,716,280,0,15
636,717,280,0,15
636,718,280,0,15
636,719,280,0,15
636,720,280,0,15
636,721,280,0,15
636,722,280,0,15
636,723,280,0,15
636,724,280,0,15
644,625,210,0,23
644,626,210,0,23
644,627,210,0,23
644,628,210,0,23
644,629,210,0,23
644,630,210,0,23
644,631,210,0,23
644,632,210,0,23
644,633,210,0,23
644,634,210,0,23
644,635,210,0,23
644,636,210,0,23
644,637,210,0,23
644,638,210,0,23
644,639,210,0,23
644,640,210,0,23
644,641,210,0,23
644,642,210,0,23
644,643,210,0,23
644,645,210,0,23
644,646,210,0,23
644,647,210,0,23
644,648,210,0,23
644,649,210,0,23
644,650,210,0,23
644,651,210,0,23
644,652,210,0,23
644,653,210,0,23
644,654,210,0,23
644,655,210,0,23
644,656,210,0,23
644,657,210,0,23
644,658,210,0,23
644,659,210,0,23
644,660,210,0,23
644,661,210,0,23
644,662,210,0,23
644,663,210,0,23
644,664,210,0,23
644,665,210,0,23
644,666,210,0,23
644,667,210,0,23
644,668,210,0,23
644,669,210,0,23
644,670,210,0,23
644,671,210,0,23
644,672,210,0,23
644,673,210,0,23
644,674,210,0,23
644,675,210,0,23
644,676,210,0,23
644,677,210,0,23
644,678,210,0,23
644,679,210,0,23
644,680,210,0,23
644,681,210,0,23
644,682,210,0,23
644,683,210,0,23
644,684,210,0,23
644,685,210,0,23
644,686,210,0,23
644,687,210,0,23
644,688,210,0,23
644,689,210,0,23
644,690,210,0,23
644,691,210,0,23
644,692,210,0,23
644,693,210,0,23
644,694,210,0,23
644,695,210,0,23
644,696,210,0,23
644,697,210,0,23
644,698,210,0,23
644,699,210,0,23
644,700,210,0,23
644,701,210,0,23
644,702,210,0,23
644,703,210,0,23
644,704,210,0,23
644,705,210,0,23
644,706,210,0,23
644,707,210,0,23
644,708,210,0,23
644,709,210,0,23
644,710,210,0,23
644,711,210,0,23
644,712,210,0,23
644,713,210,0,23
644,714,210,0,23
644,715,210,0,23
644,716,210,0,23
644,717,210,0,23
644,718,210,0,23
644,719,210,0,23
644,720,210,0,23
644,721,210,0,23
644,722,210,0,23
644,723,210,0,23
644,724,210,0,23
649,625,136,0,28
649,626,136,0,28
649,627,136,0,28
649,628,136,0,28
649,629,136,0,28
649,630,136,0,28
649,631,136,0,28
649,632,136,0,28
649,633,136,0,28
649,634,136,0,28
649,635,136,0,28
649,636,136,0,28
649,637,136,0,28
649,638,136,0,28
649,639,136,0,28
649,640,136,0,28
649,641,136,0,28
649,642,136,0,28
649,643,136,0,28
649,644,136,0,28
649,645,136,0,28
649,646,136,0,28
649,647,136,0,28
649,648,136,0,28
649,650,136,0,28
649,651,136,0,28
649,652,136,0,28
649,653,136,0,28
649,654,136,0,28
649,655,136,0,28
649,656,136,0,28
649,657,136,0,28
649,658,136,0,28
649,659,136,0,28
649,660,136,0,28
649,661,136,0,28
649,662,136,0,28
649,663,136,0,28
649,664,136,0,28
649,665,136,0,28
649,666,136,0,28
649,667,136,0,28
649,668,136,0,28
649,669,136,0,28
649,670,136,0,28
649,671,136,0,28
649,672,136,0,28
649,673,136,0,28
649,674,136,0,28
649,675,136,0,28
649,676,136,0,28
649,677,136,0,28
649,678,136,0,28
649,679,136,0,28
649,680,136,0,28
649,681,136,0,28
649,682,136,0,28
649,683,136,0,28
649,684,136,0,28
649,685,136,0,28
649,686,136,0,28
649,687,136,0,28
649,688,136,0,28
649,689,136,0,28
649,690,136,0,28
649,691,136,0,28
649,692,136,0,28
649,693,136,0,28
649,694,136,0,28
649,695,136,0,28
649,696,136,0,28
649,697,136,0,28
649,698,136,0,28
649,699,136,0,28
649,700,136,0,28
649,701,136,0,28
649,702,136,0,28
649,703,136,0,28
649,704,136,0,28
649,705,136,0,28
649,706,136,0,28
649,707,136,0,28
649,708,136,0,28
649,709,136,0,28
649,710,136,0,28
649,711,136,0,28
649,712,136,0,28
649,713,136,0,28
649,714,136,0,28
649,715,136,0,28
649,716,136,0,28
649,717,136,0,28
649,718,136,0,28
649,719,136,0,28
649,720,136,0,28
649,721,136,0,28
649,722,136,0,28
649,723,136,0,28
649,724,136,0,28
660,625,460,0,39
660,626,460,0,39
660,627,460,0,39
660,628,460,0,39
660,629,460,0,39
660,630,460,0,39
660,631,460,0,39
660,632,460,0,39
660,633,460,0,39
660,634,460,0,39
660,635,460,0,39
660,636,460,0,39
660,637,460,0,39
660,638,460,0,39
660,639,460,0,39
660,640,460,0,39
660,641,460,0,39
660,642,460,0,39
660,643,460,0,39
660,644,460,0,39
660,645,460,0,39
660,646,460,0,39
660,647,460,0,39
660,648,460,0,39
660,649,460,0,39
660,650,460,0,39
660,651,460,0,39
660,652,460,0,39
660,653,460,0,39
660,654,460,0,39
660,655,460,0,39
660,656,460,0,39
660,657,460,0,39
660,658,460,0,39
660,659,460,0,39
660,661,460,0,39
660,662,460,0,39
660,663,460,0,39
660,664,460,0,39
660,665,460,0,39
660,666,460,0,39
660,667,460,0,39
660,668,460,0,39
660,669,460,0,39
660,670,460,0,39
660,671,460,0,39
660,672,460,0,39
660,673,460,0,39
660,674,460,0,39
660,675,460,0,39
660,676,460,0,39
660,677,460,0,39
660,678,460,0,39
660,679,460,0,39
660,680,460,0,39
660,681,460,0,39
660,682,460,0,39
660,683,460,0,39
660,684,460,0,39
660,685,460,0,39
660,686,460,0,39
660,687,460,0,39
660,688,460,0,39
660,689,460,0,39
660,690,460,0,39
660,691,460,0,39
660,692,460,0,39
660,693,460,0,39
660,694,460,0,39
660,695,460,0,39
660,696,460,0,39
660,697,460,0,39
660,698,460,0,39
660,699,460,0,39
660,700,460,0,39
660,701,460,0,39
660,702,460,0,39
660,703,460,0,39
660,704,460,0,39
660,705,460,0,39
660,706,460,0,39
660,707,460,0,39
660,708,460,0,39
660,709,460,0,39
660,710,460,0,39
660,711,460,0,39
660,712,460,0,39
660,713,460,0,39
660,714,460,0,39
660,715,460,0,39
660,716,460,0,39
660,717,460,0,39
660,718,460,0,39
660,719,460,0,39
660,720,460,0,39
660,721,460,0,39
660,722,460,0,39
660,723,460,0,39
660,724,460,0,39
661,625,205,0,40
661,626,205,0,40
661,627,205,0,40
661,628,205,0,40
661,629,205,0,40
661,630,205,0,40
661,631,205,0,40
661,632,205,0,40
661,633,205,0,40
661,634,205,0,40
661,635,205,0,40
661,636,205,0,40
661,637,205,0,40
661,638,205,0,40
661,639,205,0,40
661,640,205,0,40
661,641,205,0,40
661,642,205,0,40
661,643,205,0,40
661,644,205,0,40
661,645,205,0,40
661,646,205,0,40
661,647,205,0,40
661,648,205,0,40
661,649,205,0,40
661,650,205,0,40
661,651,205,0,40
661,652,205,0,40
661,653,205,0,40
661,654,205,0,40
661,655,205,0,40
661,656,205,0,40
661,657,205,0,40
661,658,205,0,40
661,659,205,0,40
661,660,205,0,40
661,662,205,0,40
661,663,205,0,40
661,664,205,0,40
661,665,205,0,40
661,666,205,0,40
661,667,205,0,40
661,668,205,0,40
661,669,205,0,40
661,670,205,0,40
661,671,205,0,40
661,672,205,0,40
661,673,205,0,40
661,674,205,0,40
661,675,205,0,40
661,676,205,0,40
661,677,205,0,40
661,678,205,0,40
661,679,205,0,40
661,680,205,0,40
661,681,205,0,40
661,682,205,0,40
661,683,205,0,40
661,684,205,0,40
661,685,205,0,40
661,686,205,0,40
661,687,205,0,40
661,688,205,0,40
661,689,205,0,40
661,690,205,0,40
661,691,205,0,40
661,692,205,0,40
661,693,205,0,40
661,694,205,0,40
661,695,205,0,40
661,696,205,0,40
661,697,205,0,40
661,698,205,0,40
661,699,205,0,40
661,700,205,0,40
661,701,205,0,40
661,702,205,0,40
661,703,205,0,40
661,704,205,0,40
661,705,205,0,40
661,706,205,0,40
661,707,205,0,40
661,708,205,0,40
661,709,205,0,40
661,710,205,0,40
661,711,205,0,40
661,712,205,0,40
661,713,205,0,40
661,714,205,0,40
661,715,205,0,40
661,716,205,0,40
661,717,205,0,40
661,718,205,0,40
661,719,205,0,40
661,720,205,0,40
661,721,205,0,40
661,722,205,0,40
661,723,205,0,40
661,724,205,0,40
665,625,573,0,44
665,626,573,0,44
665,627,573,0,44
665,628,573,0,44
665,629,573,0,44
665,630,573,0,44
665,631,573,0,44
665,632,573,0,44
665,633,573,0,44
665,634,573,0,44
665,635,573,0,44
665,636,573,0,44
665,637,573,0,44
665,638,573,0,44
665,639,573,0,44
665,640,573,0,44
665,641,573,0,44
665,642,573,0,44
665,643,573,0,44
665,644,573,0,44
665,645,573,0,44
665,646,573,0,44
665,647,573,0,44
665,648,573,0,44
665,649,573,0,44
665,650,573,0,44
665,651,573,0,44
665,652,573,0,44
665,653,573,0,44
665,654,573,0,44
665,655,573,0,44
665,656,573,0,44
665,657,573,0,44
665,658,573,0,44
665,659,573,0,44
665,660,573,0,44
665,661,573,0,44
665,662,573,0,44
665,663,573,0,44
665,664,573,0,44
665,666,573,0,44
665,667,573,0,44
665,668,573,0,44
665,669,573,0,44
665,670,573,0,44
665,671,573,0,44
665,672,573,0,44
665,673,573,0,44
665,674,573,0,44
665,675,573,0,44
665,676,573,0,44
665,677,573,0,44
665,678,573,0,44
665,679,573,0,44
665,680,573,0,44
665,681,573,0,44
665,682,573,0,44
665,683,573,0,44
665,684,573,0,44
665,685,573,0,44
665,686,573,0,44
665,687,573,0,44
665,688,573,0,44
665,689,573,0,44
665,690,573,0,44
665,691,573,0,44
665,692,573,0,44
665,693,573,0,44
665,694,573,0,44
665,695,573,0,44
665,696,573,0,44
665,697,573,0,44
665,698,573,0,44
665,699,573,0,44
665,700,573,0,44
665,701,573,0,44
665,702,573,0,44
665,703,573,0,44
665,704,573,0,44
665,705,573,0,44
665,706,573,0,44
665,707,573,0,44
665,708,573,0,44
665,709,573,0,44
665,710,573,0,44
665,711,573,0,44
665,712,573,0,44
665,713,573,0,44
665,714,573,0,44
665,715,573,0,44
665,716,573,0,44
665,717,573,0,44
665,718,573,0,44
665,719,573,0,44
665,720,573,0,44
665,721,573,0,44
665,722,573,0,44
665,723,573,0,44
665,724,573,0,44
668,625,150,0,47
668,626,150,0,47
668,627,150,0,47
668,628,150,0,47
668,629,150,0,47
668,630,150,0,47
668,631,150,0,47
668,632,150,0,47
668,633,150,0,47
668,634,150,0,47
668,635,150,0,47
668,636,150,0,47
668,637,150,0,47
668,638,150,0,47
668,639,150,0,47
668,640,150,0,47
668,641,150,0,47
668,642,150,0,47
668,643,150,0,47
668,644,150,0,47
668,645,150,0,47
668,646,150,0,47
668,647,150,0,47
668,648,150,0,47
668,649,150,0,47
668,650,150,0,47
668,651,150,0,47
668,652,150,0,47
668,653,150,0,47
668,654,150,0,47
668,655,150,0,47
668,656,150,0,47
668,657,150,0,47
668,658,150,0,47
668,659,150,0,47
668,660,150,0,47
668,661,150,0,47
668,662,150,0,47
668,663,150,0,47
668,664,150,0,47
668,665,150,0,47
668,666,150,0,47
668,667,150,0,47
668,669,150,0,47
668,670,150,0,47
668,671,150,0,47
668,672,150,0,47
668,673,150,0,47
668,674,150,0,47
668,675,150,0,47
668,676,150,0,47
668,677,150,0,47
668,678,150,0,47
668,679,150,0,47
668,680,150,0,47
668,681,150,0,47
668,682,150,0,47
668,683,150,0,47
668,684,150,0,47
668,685,150,0,47
668,686,150,0,47
668,687,150,0,47
668,688,150,0,47
668,689,150,0,47
668,690,150,0,47
668,691,150,0,47
668,692,150,0,47
668,693,150,0,47
668,694,150,0,47
668,695,150,0,47
668,696,150,0,47
668,697,150,0,47
668,698,150,0,47
668,699,150,0,47
668,700,150,0,47
668,701,150,0,47
668,702,150,0,47
668,703,150,0,47
668,704,150,0,47
668,705,150,0,47
668,706,150,0,47
668,707,150,0,47
668,708,150,0,47
668,709,150,0,47
668,710,150,0,47
668,711,150,0,47
668,712,150,0,47
668,713,150,0,47
668,714,150,0,47
668,715,150,0,47
668,716,150,0,47
668,717,150,0,47
668,718,150,0,47
668,719,150,0,47
668,720,150,0,47
668,721,150,0,47
668,722,150,0,47
668,723,150,0,47
668,724,150,0,47
675,625,64,0,54
675,626,64,0,54
675,627,64,0,54
675,628,64,0,54
675,629,64,0,54
675,630,64,0,54
675,631,64,0,54
675,632,64,0,54
675,633,64,0,54
675,634,64,0,54
675,635,64,0,54
675,636,64,0,54
675,637,64,0,54
675,638,64,0,54
675,639,64,0,54
675,640,64,0,54
675,641,64,0,54
675,642,64,0,54
675,643,64,0,54
675,644,64,0,54
675,645,64,0,54
675,646,64,0,54
675,647,64,0,54
675,648,64,0,54
675,649,64,0,54
675,650,64,0,54
675,651,64,0,54
675,652,64,0,54
675,653,64,0,54
675,654,64,0,54
675,655,64,0,54
675,656,64,0,54
675,657,64,0,54
675,658,64,0,54
675,659,64,0,54
675,660,64,0,54
675,661,64,0,54
675,662,64,0,54
675,663,64,0,54
675,664,64,0,54
675,665,64,0,54
675,666,64,0,54
675,667,64,0,54
675,668,64,0,54
675,669,64,0,54
675,670,64,0,54
675,671,64,0,54
675,672,64,0,54
675,673,64,0,54
675,674,64,0,54
675,676,64,0,54
675,677,64,0,54
675,678,64,0,54
675,679,64,0,54
675,680,64,0,54
675,681,64,0,54
675,682,64,0,54
675,683,64,0,54
675,684,64,0,54
675,685,64,0,54
675,686,64,0,54
675,687,64,0,54
675,688,64,0,54
675,689,64,0,54
675,690,64,0,54
675,691,64,0,54
675,692,64,0,54
675,693,64,0,54
675,694,64,0,54
675,695,64,0,54
675,696,64,0,54
675,697,64,0,54
675,698,64,0,54
675,699,64,0,54
675,700,64,0,54
675,701,64,0,54
675,702,64,0,54
675,703,64,0,54
675,704,64,0,54
675,705,64,0,54
675,706,64,0,54
675,707,64,0,54
675,708,64,0,54
675,709,64,0,54
675,710,64,0,54
675,711,64,0,54
675,712,64,0,54
675,713,64,0,54
675,714,64,0,54
675,715,64,0,54
675,716,64,0,54
675,717,64,0,54
675,718,64,0,54
675,719,64,0,54
675,720,64,0,54
675,721,64,0,54
675,722,64,0,54
675,723,64,0,54
675,724,64,0,54
685,625,355,0,64
685,626,355,0,64
685,627,355,0,64
685,628,355,0,64
685,629,355,0,64
685,630,355,0,64
685,631,355,0,64
685,632,355,0,64
685,633,355,0,64
685,634,355,0,64
685,635,355,0,64
685,636,355,0,64
685,637,355,0,64
685,638,355,0,64
685,639,355,0,64
685,640,355,0,64
685,641,355,0,64
685,642,355,0,64
685,643,355,0,64
685,644,355,0,64
685,645,355,0,64
685,646,355,0,64
685,647,355,0,64
685,648,355,0,64
685,649,355,0,64
685,650,355,0,64
685,651,355,0,64
685,652,355,0,64
685,653,355,0,64
685,654,355,0,64
685,655,355,0,64
685,656,355,0,64
685,657,355,0,64
685,658,355,0,64
685,659,355,0,64
685,660,355,0,64
685,661,355,0,64
685,662,355,0,64
685,663,355,0,64
685,664,355,0,64
685,665,355,0,64
685,666,355,0,64
685,667,355,0,64
685,668,355,0,64
685,669,355,0,64
685,670,355,0,64
685,671,355,0,64
685,672,355,0,64
685,673,355,0,64
685,674,355,0,64
685,675,355,0,64
685,676,355,0,64
685,677,355,0,64
685,678,355,0,64
685,679,355,0,64
685,680,355,0,64
685,681,355,0,64
685,682,355,0,64
685,683,355,0,64
685,684,355,0,64
685,686,355,0,64
685,687,355,0,64
685,688,355,0,64
685,689,355,0,64
685,690,355,0,64
685,691,355,0,64
685,692,355,0,64
685,693,355,0,64
685,694,355,0,64
685,695,355,0,64
685,696,355,0,64
685,697,355,0,64
685,698,355,0,64
685,699,355,0,64
685,700,355,0,64
685,701,355,0,64
685,702,355,0,64
685,703,355,0,64
685,704,355,0,64
685,705,355,0,64
685,706,355,0,64
685,707,355,0,64
685,708,355,0,64
685,709,355,0,64
685,710,355,0,64
685,711,355,0,64
685,712,355,0,64
685,713,355,0,64
685,714,355,0,64
685,715,355,0,64
685,716,355,0,64
685,717,355,0,64
685,718,355,0,64
685,719,355,0,64
685,720,355,0,64
685,721,355,0,64
685,722,355,0,64
685,723,355,0,64
685,724,355,0,64
687,625,367,0,66
687,626,367,0,66
687,627,367,0,66
687,628,367,0,66
687,629,367,0,66
687,630,367,0,66
687,631,367,0,66
687,632,367,0,66
687,633,367,0,66
687,634,367,0,66
687,635,367,0,66
687,636,367,0,66
687,637,367,0,66
687,638,367,0,66
687,639,367,0,66
687,640,367,0,66
687,641,367,0,66
687,642,367,0,66
687,643,367,0,66
687,644,367,0,66
687,645,367,0,66
687,646,367,0,66
687,647,367,0,66
687,648,367,0,66
687,649,367,0,66
687,650,367,0,66
687,651,367,0,66
687,652,367,0,66
687,653,367,0,66
687,654,367,0,66
687,655,367,0,66
687,656,367,0,66
687,657,367,0,66
687,658,367,0,66
687,659,367,0,66
687,660,367,0,66
687,661,367,0,66
687,662,367,0,66
687,663,367,0,66
687,664,367,0,66
687,665,367,0,66
687,666,367,0,66
687,667,367,0,66
687,668,367,0,66
687,669,367,0,66
687,670,367,0,66
687,671,367,0,66
687,672,367,0,66
687,673,367,0,66
687,674,367,0,66
687,675,367,0,66
687,676,367,0,66
687,677,367,0,66
687,678,367,0,66
687,679,367,0,66
687,680,367,0,66
687,681,367,0,66
687,682,367,0,66
687,683,367,0,66
687,684,367,0,66
687,685,367,0,66
687,686,367,0,66
687,688,367,0,66
687,689,367,0,66
687,690,367,0,66
687,691,367,0,66
687,692,367,0,66
687,693,367,0,66
687,694,367,0,66
687,695,367,0,66
687,696,367,0,66
687,697,367,0,66
687,698,367,0,66
687,699,367,0,66
687,700,367,0,66
687,701,367,0,66
687,702,367,0,66
687,703,367,0,66
687,704,367,0,66
687,705,367,0,66
687,706,367,0,66
687,707,367,0,66
687,708,367,0,66
687,709,367,0,66
687,710,367,0,66
687,711,367,0,66
687,712,367,0,66
687,713,367,0,66
687,714,367,0,66
687,715,367,0,66
687,716,367,0,66
687,717,367,0,66
687,718,367,0,66
687,719,367,0,66
687,720,367,0,66
687,721,367,0,66
687,722,367,0,66
687,723,367,0,66
687,724,367,0,66
688,625,125,0,67
688,626,125,0,67
688,627,125,0,67
688,628,125,0,67
688,629,125,0,67
688,630,125,0,67
688,631,125,0,67
688,632,125,0,67
688,633,125,0,67
688,634,125,0,67
688,635,125,0,67
688,636,125,0,67
688,637,125,0,67
688,638,125,0,67
688,639,125,0,67
688,640,125,0,67
688,641,125,0,67
688,642,125,0,67
688,643,125,0,67
688,644,125,0,67
688,645,125,0,67
688,646,125,0,67
688,647,125,0,67
688,648,125,0,67
688,649,125,0,67
688,650,125,0,67
688,651,125,0,67
688,652,125,0,67
688,653,125,0,67
688,654,125,0,67
688,655,125,0,67
688,656,125,0,67
688,657,125,0,67
688,658,125,0,67
688,659,125,0,67
688,660,125,0,67
688,661,125,0,67
688,662,125,0,67
688,663,125,0,67
688,664,125,0,67
688,665,125,0,67
688,666,125,0,67
688,667,125,0,67
688,668,125,0,67
688,669,125,0,67
688,670,125,0,67
688,671,125,0,67
688,672,125,0,67
688,673,125,0,67
688,674,125,0,67
688,675,125,0,67
688,676,125,0,67
688,677,125,0,67
688,678,125,0,67
688,679,125,0,67
688,680,125,0,67
688,681,125,0,67
688,682,125,0,67
688,683,125,0,67
688,684,125,0,67
688,685,125,0,67
688,686,125,0,67
688,687,125,0,67
688,689,125,0,67
688,690,125,0,67
688,691,125,0,67
688,692,125,0,67
688,693,125,0,67
688,694,125,0,67
688,695,125,0,67
688,696,125,0,67
688,697,125,0,67
688,698,125,0,67
688,699,125,0,67
688,700,125,0,67
688,701,125,0,67
688,702,125,0,67
688,703,125,0,67
688,704,125,0,67
688,705,125,0,67
688,706,125,0,67
688,707,125,0,67
688,708,125,0,67
688,709,125,0,67
688,710,125,0,67
688,711,125,0,67
688,712,125,0,67
688,713,125,0,67
688,714,125,0,67
688,715,125,0,67
688,716,125,0,67
688,717,125,0,67
688,718,125,0,67
688,719,125,0,67
688,720,125,0,67
688,721,125,0,67
688,722,125,0,67
688,723,125,0,67
688,724,125,0,67
696,625,605,0,75
696,626,605,0,75
696,627,605,0,75
696,628,605,0,75
696,629,605,0,75
696,630,605,0,75
696,631,605,0,75
696,632,605,0,75
696,633,605,0,75
696,634,605,0,75
696,635,605,0,75
696,636,605,0,75
696,637,605,0,75
696,638,605,0,75
696,639,605,0,75
696,640,605,0,75
696,641,605,0,75
696,642,605,0,75
696,643,605,0,75
696,644,605,0,75
696,645,605,0,75
696,646,605,0,75
696,647,605,0,75
696,648,605,0,75
696,649,605,0,75
696,650,605,0,75
696,651,605,0,75
696,652,605,0,75
696,653,605,0,75
696,654,605,0,75
696,655,605,0,75
696,656,605,0,75
696,657,605,0,75
696,658,605,0,75
696,659,605,0,75
696,660,605,0,75
696,661,605,0,75
696,662,605,0,75
696,663,605,0,75
696,664,605,0,75
696,665,605,0,75
696,666,605,0,75
696,667,605,0,75
696,668,605,0,75
696,669,605,0,75
696,670,605,0,75
696,671,605,0,75
696,672,605,0,75
696,673,605,0,75
696,674,605,0,75
696,675,605,0,75
696,676,605,0,75
696,677,605,0,75
696,678,605,0,75
696,679,605,0,75
696,680,605,0,75
696,681,605,0,75
696,682,605,0,75
696,683,605,0,75
696,684,605,0,75
696,685,605,0,75
696,686,605,0,75
696,687,605,0,75
696,688,605,0,75
696,689,605,0,75
696,690,605,0,75
696,691,605,0,75
696,692,605,0,75
696,693,605,0,75
696,694,605,0,75
696,695,605,0,75
696,697,605,0,75
696,698,605,0,75
696,699,605,0,75
696,700,605,0,75
696,701,605,0,75
696,702,605,0,75
696,703,605,0,75
696,704,605,0,75
696,705,605,0,75
696,706,605,0,75
696,707,605,0,75
696,708,605,0,75
696,709,605,0,75
696,710,605,0,75
696,711,605,0,75
696,712,605,0,75
696,713,605,0,75
696,714,605,0,75
696,715,605,0,75
696,716,605,0,75
696,717,605,0,75
696,718,605,0,75
696,719,605,0,75
696,720,605,0,75
696,721,605,0,75
696,722,605,0,75
696,723,605,0,75
696,724,605,0,75
698,625,355,0,77
698,626,355,0,77
698,627,355,0,77
698,628,355,0,77
698,629,355,0,77
698,630,355,0,77
698,631,355,0,77
698,632,355,0,77
698,633,355,0,77
698,634,355,0,77
698,635,355,0,77
698,636,355,0,77
698,637,355,0,77
698,638,355,0,77
698,639,355,0,77
698,640,355,0,77
698,641,355,0,77
698,642,355,0,77
698,643,355,0,77
698,644,355,0,77
698,645,355,0,77
698,646,355,0,77
698,647,355,0,77
698,648,355,0,77
698,649,355,0,77
698,650,355,0,77
698,651,355,0,77
698,652,355,0,77
698,653,355,0,77
698,654,355,0,77
698,655,355,0,77
698,656,355,0,77
698,657,355,0,77
698,658,355,0,77
698,659,355,0,77
698,660,355,0,77
698,661,355,0,77
698,662,355,0,77
698,663,355,0,77
698,664,355,0,77
698,665,355,0,77
698,666,355,0,77
698,667,355,0,77
698,668,355,0,77
698,669,355,0,77
698,670,355,0,77
698,671,355,0,77
698,672,355,0,77
698,673,355,0,77
698,674,355,0,77
698,675,355,0,77
698,676,355,0,77
698,677,355,0,77
698,678,355,0,77
698,679,355,0,77
698,680,355,0,77
698,681,355,0,77
698,682,355,0,77
698,683,355,0,77
698,684,355,0,77
698,685,355,0,77
698,686,355,0,77
698,687,355,0,77
698,688,355,0,77
698,689,355,0,77
698,690,355,0,77
698,691,355,0,77
698,692,355,0,77
698,693,355,0,77
698,694,355,0,77
698,695,355,0,77
698,696,355,0,77
698,697,355,0,77
698,699,355,0,77
698,700,355,0,77
698,701,355,0,77
698,702,355,0,77
698,703,355,0,77
698,704,355,0,77
698,705,355,0,77
698,706,355,0,77
698,707,355,0,77
698,708,355,0,77
698,709,355,0,77
698,710,355,0,77
698,711,355,0,77
698,712,355,0,77
698,713,355,0,77
698,714,355,0,77
698,715,355,0,77
698,716,355,0,77
698,717,355,0,77
698,718,355,0,77
698,719,355,0,77
698,720,355,0,77
698,721,355,0,77
698,722,355,0,77
698,723,355,0,77
698,724,355,0,77
703,625,131,0,82
703,626,131,0,82
703,627,131,0,82
703,628,131,0,82
703,629,131,0,82
703,630,131,0,82
703,631,131,0,82
703,632,131,0,82
703,633,131,0,82
703,634,131,0,82
703,635,131,0,82
703,636,131,0,82
703,637,131,0,82
703,638,131,0,82
703,639,131,0,82
703,640,131,0,82
703,641,131,0,82
703,642,131,0,82
703,643,131,0,82
703,644,131,0,82
703,645,131,0,82
703,646,131,0,82
703,647,131,0,82
703,648,131,0,82
703,649,131,0,82
703,650,131,0,82
703,651,131,0,82
703,652,131,0,82
703,653,131,0,82
703,654,131,0,82
703,655,131,0,82
703,656,131,0,82
703,657,131,0,82
703,658,131,0,82
703,659,131,0,82
703,660,131,0,82
703,661,131,0,82
703,662,131,0,82
703,663,131,0,82
703,664,131,0,82
703,665,131,0,82
703,666,131,0,82
703,667,131,0,82
703,668,131,0,82
703,669,131,0,82
703,670,131,0,82
703,671,131,0,82
703,672,131,0,82
703,673,131,0,82
703,674,131,0,82
703,675,131,0,82
703,676,131,0,82
703,677,131,0,82
703,678,131,0,82
703,679,131,0,82
703,680,131,0,82
703,681,131,0,82
703,682,131,0,82
703,683,131,0,82
703,684,131,0,82
703,685,131,0,82
703,686,131,0,82
703,687,131,0,82
703,688,131,0,82
703,689,131,0,82
703,690,131,0,82
703,691,131,0,82
703,692,131,0,82
703,693,131,0,82
703,694,131,0,82
703,695,131,0,82
703,696,131,0,82
703,697,131,0,82
703,698,131,0,82
703,699,131,0,82
703,700,131,0,82
703,701,131,0,82
703,702,131,0,82
703,704,131,0,82
703,705,131,0,82
703,706,131,0,82
703,707,131,0,82
703,708,131,0,82
703,709,131,0,82
703,710,131,0,82
703,711,131,0,82
703,712,131,0,82
703,713,131,0,82
703,714,131,0,82
703,715,131,0,82
703,716,131,0,82
703,717,131,0,82
703,718,131,0,82
703,719,131,0,82
703,720,131,0,82
703,721,131,0,82
703,722,131,0,82
703,723,131,0,82
703,724,131,0,82
711,625,52,0,90
711,626,52,0,90
711,627,52,0,90
711,628,52,0,90
711,629,52,0,90
711,630,52,0,90
711,631,52,0,90
711,632,52,0,90
711,633,52,0,90
711,634,52,0,90
711,635,52,0,90
711,636,52,0,90
711,637,52,0,90
711,638,52,0,90
711,639,52,0,90
711,640,52,0,90
711,641,52,0,90
711,642,52,0,90
711,643,52,0,90
711,644,52,0,90
711,645,52,0,90
711,646,52,0,90
711,647,52,0,90
711,648,52,0,90
711,649,52,0,90
711,650,52,0,90
711,651,52,0,90
711,652,52,0,90
711,653,52,0,90
711,654,52,0,90
711,655,52,0,90
711,656,52,0,90
711,657,52,0,90
711,658,52,0,90
711,659,52,0,90
711,660,52,0,90
711,661,52,0,90
711,662,52,0,90
711,663,52,0,90
711,664,52,0,90
711,665,52,0,90
711,666,52,0,90
711,667,52,0,90
711,668,52,0,90
711,669,52,0,90
711,670,52,0,90
711,671,52,0,90
711,672,52,0,90
711,673,52,0,90
711,674,52,0,90
711,675,52,0,90
711,676,52,0,90
711,677,52,0,90
711,678,52,0,90
711,679,52,0,90
711,680,52,0,90
711,681,52,0,90
711,682,52,0,90
711,683,52,0,90
711,684,52,0,90
711,685,52,0,90
711,686,52,0,90
711,687,52,0,90
711,688,52,0,90
711,689,52,0,90
711,690,52,0,90
711,691,52,0,90
711,692,52,0,90
711,693,52,0,90
711,694,52,0,90
711,695,52,0,90
711,696,52,0,90
711,697,52,0,90
711,698,52,0,90
711,699,52,0,90
711,700,52,0,90
711,701,52,0,90
711,702,52,0,90
711,703,52,0,90
711,704,52,0,90
711,705,52,0,90
711,706,52,0,90
711,707,52,0,90
711,708,52,0,90
711,709,52,0,90
711,710,52,0,90
711,712,52,0,90
711,713,52,0,90
711,714,52,0,90
711,715,52,0,90
711,716,52,0,90
711,717,52,0,90
711,718,52,0,90
711,719,52,0,90
711,720,52,0,90
711,721,52,0,90
711,722,52,0,90
711,723,52,0,90
711,724,52,0,90
720,625,86,0,99
720,626,86,0,99
720,627,86,0,99
720,628,86,0,99
720,629,86,0,99
720,630,86,0,99
720,631,86,0,99
720,632,86,0,99
720,633,86,0,99
720,634,86,0,99
720,635,86,0,99
720,636,86,0,99
720,637,86,0,99
720,638,86,0,99
720,639,86,0,99
720,640,86,0,99
720,641,86,0,99
720,642,86,0,99
720,643,86,0,99
720,644,86,0,99
720,645,86,0,99
720,646,86,0,99
720,647,86,0,99
720,648,86,0,99
720,649,86,0,99
720,650,86,0,99
720,651,86,0,99
720,652,86,0,99
720,653,86,0,99
720,654,86,0,99
720,655,86,0,99
720,656,86,0,99
720,657,86,0,99
720,658,86,0,99
720,659,86,0,99
720,660,86,0,99
720,661,86,0,99
720,662,86,0,99
720,663,86,0,99
720,664,86,0,99
720,665,86,0,99
720,666,86,0,99
720,667,86,0,99
720,668,86,0,99
720,669,86,0,99
720,670,86,0,99
720,671,86,0,99
720,672,86,0,99
720,673,86,0,99
720,674,86,0,99
720,675,86,0,99
720,676,86,0,99
720,677,86,0,99
720,678,86,0,99
720,679,86,0,99
720,680,86,0,99
720,681,86,0,99
720,682,86,0,99
720,683,86,0,99
720,684,86,0,99
720,685,86,0,99
720,686,86,0,99
720,687,86,0,99
720,688,86,0,99
720,689,86,0,99
720,690,86,0,99
720,691,86,0,99
720,692,86,0,99
720,693,86,0,99
720,694,86,0,99
720,695,86,0,99
720,696,86,0,99
720,697,86,0,99
720,698,86,0,99
720,699,86,0,99
720,700,86,0,99
720,701,86,0,99
720,702,86,0,99
720,703,86,0,99
720,704,86,0,99
720,705,86,0,99
720,706,86,0,99
720,707,86,0,99
720,708,86,0,99
720,709,86,0,99
720,710,86,0,99
720,711,86,0,99
720,712,86,0,99
720,713,86,0,99
720,714,86,0,99
720,715,86,0,99
720,716,86,0,99
720,717,86,0,99
720,718,86,0,99
720,719,86,0,99
720,721,86,0,99
720,722,86,0,99
720,723,86,0,99
720,724,86,0,99
721,625,132,0,100
721,626,132,0,100
721,627,132,0,100
721,628,132,0,100
721,629,132,0,100
721,630,132,0,100
721,631,132,0,100
721,632,132,0,100
721,633,132,0,100
721,634,132,0,100
721,635,132,0,100
721,636,132,0,100
721,637,132,0,100
721,638,132,0,100
721,639,132,0,100
721,640,132,0,100
721,641,132,0,100
721,642,132,0,100
721,643,132,0,100
721,644,132,0,100
721,645,132,0,100
721,646,132,0,100
721,647,132,0,100
721,648,132,0,100
721,649,132,0,100
721,650,132,0,100
721,651,132,0,100
721,652,132,0,100
721,653,132,0,100
721,654,132,0,100
721,655,132,0,100
721,656,132,0,100
721,657,132,0,100
721,658,132,0,100
721,659,132,0,100
721,660,132,0,100
721,661,132,0,100
721,662,132,0,100
721,663,132,0,100
721,664,132,0,100
721,665,132,0,100
721,666,132,0,100
721,667,132,0,100
721,668,132,0,100
721,669,132,0,100
721,670,132,0,100
721,671,132,0,100
721,672,132,0,100
721,673,132,0,100
721,674,132,0,100
721,675,132,0,100
721,676,132,0,100
721,677,132,0,100
721,678,132,0,100
721,679,132,0,100
721,680,132,0,100
721,681,132,0,100
721,682,132,0,100
721,683,132,0,100
721,684,132,0,100
721,685,132,0,100
721,686,132,0,100
721,687,132,0,100
721,688,132,0,100
721,689,132,0,100
721,690,132,0,100
721,691,132,0,100
721,692,132,0,100
721,693,132,0,100
721,694,132,0,100
721,695,132,0,100
721,696,132,0,100
721,697,132,0,100
721,698,132,0,100
721,699,132,0,100
721,700,132,0,100
721,701,132,0,100
721,702,132,0,100
721,703,132,0,100
721,704,132,0,100
721,705,132,0,100
721,706,132,0,100
721,707,132,0,100
721,708,132,0,100
721,709,132,0,100
721,710,132,0,100
721,711,132,0,100
721,712,132,0,100
721,713,132,0,100
721,714,132,0,100
721,715,132,0,100
721,716,132,0,100
721,717,132,0,100
721,718,132,0,100
721,719,132,0,100
721,720,132,0,100
721,722,132,0,100
721,723,132,0,100
721,724,132,0,100
