0,670,25,1,0
1,648,0,0,0
1,670,26,2,0
2,625,625,4,0
2,650,27,2,0
2,653,3,1,0
2,670,27,2,0
2,678,602,3,3
2,693,3,1,0
2,695,27,2,0
3,625,2,0,1
3,639,28,2,0
3,650,28,2,0
3,653,4,1,0
3,663,603,3,3
3,666,28,2,0
3,670,28,2,0
3,678,603,3,3
3,693,4,1,0
3,695,28,2,0
4,639,29,2,0
4,650,29,2,0
4,653,5,1,0
4,666,29,2,0
4,670,29,2,0
4,678,604,3,3
4,693,5,1,0
4,695,29,2,0
4,696,5,1,0
5,638,6,1,0
5,639,30,2,0
5,650,30,2,0
5,653,6,1,0
5,657,605,3,3
5,665,6,1,0
5,666,30,2,0
5,670,30,2,0
5,678,605,3,3
5,693,6,1,0
5,694,6,1,0
5,695,30,2,0
5,696,6,1,0
6,639,31,2,0
6,650,31,2,0
6,653,7,1,0
6,657,606,3,3
6,665,7,1,0
6,666,31,2,0
6,670,31,2,0
6,678,606,3,3
6,693,7,1,0
6,695,31,2,0
6,696,7,1,0
6,721,7,1,0
7,639,32,2,0
7,650,32,2,0
7,653,607,3,3
7,665,32,2,0
7,670,32,2,0
7,678,607,3,3
7,693,32,2,0
7,695,32,2,0
7,703,607,3,3
8,639,7,0,1
8,650,7,0,1
8,653,608,3,3
8,657,7,0,1
8,665,33,2,0
8,666,7,0,1
8,670,7,0,1
8,678,7,0,1
8,692,7,0,1
8,693,33,2,0
8,695,7,0,1
8,696,608,3,3
8,703,608,3,3
9,639,8,0,1
9,650,8,0,1
9,653,609,3,3
9,657,8,0,1
9,665,34,2,0
9,666,8,0,1
9,670,8,0,1
9,678,8,0,1
9,693,34,2,0
9,695,8,0,1
9,696,609,3,3
9,703,609,3,3
10,639,9,0,1
10,650,9,0,1
10,653,610,3,3
10,666,9,0,1
10,670,9,0,1
10,678,9,0,1
10,689,9,0,1
10,693,35,2,0
10,695,9,0,1
10,696,610,3,3
11,639,10,0,1
11,650,10,0,1
11,653,611,3,3
11,666,10,0,1
11,670,10,0,1
11,678,10,0,1
11,693,36,2,0
11,695,10,0,1
12,650,11,0,1
12,653,612,3,3
12,670,11,0,1
12,677,11,0,1
12,678,11,0,1
12,693,37,2,0
12,695,11,0,1
13,648,14,1,0
13,670,12,0,1
14,670,15,1,0
15,625,16,1,0
15,639,16,1,0
15,650,16,1,0
15,653,615,3,3
15,670,16,1,0
15,677,14,0,1
15,678,16,1,0
15,693,40,2,0
15,695,16,1,0
16,639,17,1,0
16,650,17,1,0
16,653,616,3,3
16,663,17,1,0
16,666,17,1,0
16,670,17,1,0
16,678,17,1,0
16,693,41,2,0
16,695,17,1,0
17,639,18,1,0
17,650,18,1,0
17,653,617,3,3
17,665,42,2,0
17,666,18,1,0
17,670,18,1,0
17,678,18,1,0
17,689,16,0,1
17,693,42,2,0
17,695,18,1,0
17,696,617,3,3
18,638,17,0,1
18,639,19,1,0
18,650,19,1,0
18,653,618,3,3
18,657,19,1,0
18,665,43,2,0
18,666,19,1,0
18,670,19,1,0
18,678,19,1,0
18,693,43,2,0
18,694,17,0,1
18,695,19,1,0
18,696,618,3,3
18,703,618,3,3
19,639,44,2,0
19,650,44,2,0
19,653,619,3,3
19,665,44,2,0
19,670,44,2,0
19,678,619,3,3
19,692,18,0,1
19,693,44,2,0
19,695,44,2,0
19,703,619,3,3
19,721,18,0,1
20,639,45,2,0
20,650,45,2,0
20,653,19,0,1
20,657,620,3,3
20,665,19,0,1
20,666,45,2,0
20,670,45,2,0
20,678,620,3,3
20,692,21,1,0
20,693,19,0,1
20,695,45,2,0
20,696,19,0,1
20,721,21,1,0
21,638,22,1,0
21,639,46,2,0
21,650,46,2,0
21,653,20,0,1
21,657,621,3,3
21,665,20,0,1
21,666,46,2,0
21,670,46,2,0
21,678,621,3,3
21,693,20,0,1
21,694,22,1,0
21,695,46,2,0
21,696,20,0,1
22,639,47,2,0
22,650,47,2,0
22,653,21,0,1
22,665,21,0,1
22,666,47,2,0
22,670,47,2,0
22,678,622,3,3
22,689,23,1,0
22,693,21,0,1
22,695,47,2,0
22,696,21,0,1
23,639,48,2,0
23,650,48,2,0
23,653,22,0,1
23,663,623,3,3
23,666,48,2,0
23,670,48,2,0
23,678,623,3,3
23,693,22,0,1
23,695,48,2,0
24,639,49,2,0
24,650,49,2,0
24,653,23,0,1
24,670,49,2,0
24,677,0,1,2
24,678,624,3,3
24,693,23,0,1
24,695,49,2,0
25,670,50,2,0
26,648,25,1,1
26,670,51,3,0
27,625,2,0,2
27,650,52,3,0
27,653,28,2,1
27,670,52,3,0
27,678,2,0,2
27,693,28,2,1
27,695,52,3,0
28,639,53,3,0
28,650,53,3,0
28,653,29,2,1
28,663,3,0,2
28,666,53,3,0
28,670,53,3,0
28,678,3,0,2
28,693,29,2,1
28,695,53,3,0
29,639,54,3,0
29,650,54,3,0
29,653,30,2,1
29,666,54,3,0
29,670,54,3,0
29,678,4,0,2
29,693,30,2,1
29,695,54,3,0
29,696,30,2,1
30,638,31,2,1
30,639,55,3,0
30,650,55,3,0
30,653,31,2,1
30,657,5,0,2
30,665,31,2,1
30,666,55,3,0
30,670,55,3,0
30,678,5,0,2
30,693,31,2,1
30,694,31,2,1
30,695,55,3,0
30,696,31,2,1
31,639,56,3,0
31,650,56,3,0
31,653,32,2,1
31,657,6,0,2
31,665,32,2,1
31,666,56,3,0
31,670,56,3,0
31,678,6,0,2
31,693,32,2,1
31,695,56,3,0
31,696,32,2,1
31,721,32,2,1
32,639,57,3,0
32,650,57,3,0
32,653,7,0,2
32,665,57,3,0
32,670,57,3,0
32,678,7,0,2
32,695,57,3,0
33,639,32,1,2
33,650,32,1,2
33,653,8,0,2
33,657,32,1,2
33,665,58,3,0
33,666,32,1,2
33,670,32,1,2
33,678,32,1,2
33,692,32,1,2
33,693,58,3,0
33,695,32,1,2
33,696,8,0,2
34,639,33,1,2
34,650,33,1,2
34,653,9,0,2
34,657,33,1,2
34,665,59,3,0
34,666,33,1,2
34,670,33,1,2
34,678,33,1,2
34,693,59,3,0
34,695,33,1,2
34,696,9,0,2
35,639,34,1,2
35,650,34,1,2
35,653,10,0,2
35,666,34,1,2
35,670,34,1,2
35,678,34,1,2
35,689,34,1,2
35,693,60,3,0
35,695,34,1,2
35,696,10,0,2
36,639,35,1,2
36,650,35,1,2
36,653,11,0,2
36,666,35,1,2
36,670,35,1,2
36,678,35,1,2
36,693,61,3,0
36,695,35,1,2
37,650,36,1,2
37,653,12,0,2
37,670,36,1,2
37,677,36,1,2
37,678,36,1,2
37,693,62,3,0
37,695,36,1,2
38,648,39,2,1
38,670,37,1,2
39,670,40,2,1
40,625,41,2,1
40,639,41,2,1
40,650,41,2,1
40,653,15,0,2
40,670,41,2,1
40,677,39,1,2
40,678,41,2,1
40,693,65,3,0
40,695,41,2,1
41,639,42,2,1
41,650,42,2,1
41,653,16,0,2
41,663,42,2,1
41,666,42,2,1
41,670,42,2,1
41,678,42,2,1
41,693,66,3,0
41,695,42,2,1
42,639,43,2,1
42,650,43,2,1
42,653,17,0,2
42,665,67,3,0
42,666,43,2,1
42,670,43,2,1
42,678,43,2,1
42,689,41,1,2
42,693,67,3,0
42,695,43,2,1
42,696,17,0,2
43,638,42,1,2
43,639,44,2,1
43,650,44,2,1
43,653,18,0,2
43,657,44,2,1
43,665,68,3,0
43,666,44,2,1
43,670,44,2,1
43,678,44,2,1
43,693,68,3,0
43,694,42,1,2
43,695,44,2,1
43,696,18,0,2
44,639,69,3,0
44,650,69,3,0
44,653,19,0,2
44,665,69,3,0
44,670,69,3,0
44,678,19,0,2
44,692,43,1,2
44,695,69,3,0
44,721,43,1,2
45,639,70,3,0
45,650,70,3,0
45,653,44,1,2
45,657,20,0,2
45,665,44,1,2
45,666,70,3,0
45,670,70,3,0
45,678,20,0,2
45,692,46,2,1
45,693,44,1,2
45,695,70,3,0
45,696,44,1,2
45,721,46,2,1
46,638,47,2,1
46,639,71,3,0
46,650,71,3,0
46,653,45,1,2
46,657,21,0,2
46,665,45,1,2
46,666,71,3,0
46,670,71,3,0
46,678,21,0,2
46,693,45,1,2
46,694,47,2,1
46,695,71,3,0
46,696,45,1,2
47,639,72,3,0
47,650,72,3,0
47,653,46,1,2
47,665,46,1,2
47,666,72,3,0
47,670,72,3,0
47,678,22,0,2
47,689,48,2,1
47,693,46,1,2
47,695,72,3,0
47,696,46,1,2
48,639,73,3,0
48,650,73,3,0
48,653,47,1,2
48,663,23,0,2
48,666,73,3,0
48,670,73,3,0
48,678,23,0,2
48,693,47,1,2
48,695,73,3,0
49,625,24,0,2
49,639,74,3,0
49,650,74,3,0
49,653,48,1,2
49,670,74,3,0
49,677,25,2,3
49,678,24,0,2
49,693,48,1,2
49,695,74,3,0
50,670,75,2,0
51,648,50,1,1
51,670,76,3,0
52,625,27,0,3
52,650,650,29,0
52,653,53,2,1
52,670,77,3,0
52,678,27,0,3
52,693,53,2,1
52,695,77,3,0
53,639,78,3,0
53,650,52,1,2
53,653,54,2,1
53,663,28,0,3
53,666,78,3,0
53,670,78,3,0
53,678,28,0,3
53,693,54,2,1
53,695,78,3,0
54,639,79,3,0
54,650,53,1,2
54,653,55,2,1
54,666,79,3,0
54,670,79,3,0
54,678,29,0,3
54,693,55,2,1
54,695,79,3,0
54,696,55,2,1
55,638,56,2,1
55,639,80,3,0
55,650,54,1,2
55,653,56,2,1
55,657,30,0,3
55,665,56,2,1
55,666,80,3,0
55,670,80,3,0
55,678,30,0,3
55,693,56,2,1
55,694,56,2,1
55,695,80,3,0
55,696,56,2,1
56,639,81,3,0
56,650,55,1,2
56,653,57,2,1
56,657,31,0,3
56,665,57,2,1
56,666,81,3,0
56,670,81,3,0
56,678,31,0,3
56,693,57,2,1
56,695,81,3,0
56,696,57,2,1
56,721,57,2,1
57,639,82,3,0
57,650,56,1,2
57,653,32,0,3
57,665,82,3,0
57,666,82,3,0
57,670,82,3,0
57,678,32,0,3
57,692,82,3,0
57,693,58,2,1
57,695,82,3,0
58,639,57,1,2
58,650,57,1,2
58,653,33,0,3
58,657,57,1,2
58,665,83,3,0
58,666,57,1,2
58,670,57,1,2
58,678,57,1,2
58,692,57,1,2
58,693,59,2,1
58,695,57,1,2
58,696,33,0,3
59,639,58,1,2
59,650,58,1,2
59,653,34,0,3
59,657,58,1,2
59,665,84,3,0
59,666,58,1,2
59,670,58,1,2
59,678,58,1,2
59,693,60,2,1
59,695,58,1,2
59,696,34,0,3
60,639,59,1,2
60,650,59,1,2
60,653,35,0,3
60,666,59,1,2
60,670,59,1,2
60,678,59,1,2
60,689,59,1,2
60,693,61,2,1
60,695,59,1,2
60,696,35,0,3
61,639,60,1,2
61,650,60,1,2
61,653,36,0,3
61,666,60,1,2
61,670,60,1,2
61,678,60,1,2
61,693,62,2,1
61,695,60,1,2
62,650,61,1,2
62,653,37,0,3
62,670,61,1,2
62,677,61,1,2
62,678,61,1,2
62,693,693,72,0
62,695,61,1,2
63,648,64,2,1
63,670,62,1,2
64,670,65,2,1
65,625,66,2,1
65,639,66,2,1
65,650,66,2,1
65,653,40,0,3
65,670,66,2,1
65,677,64,1,2
65,678,66,2,1
65,693,64,1,2
65,695,66,2,1
66,639,67,2,1
66,650,67,2,1
66,653,41,0,3
66,663,67,2,1
66,666,67,2,1
66,670,67,2,1
66,678,67,2,1
66,693,65,1,2
66,695,67,2,1
67,639,68,2,1
67,650,68,2,1
67,653,42,0,3
67,665,92,3,0
67,666,68,2,1
67,670,68,2,1
67,678,68,2,1
67,689,66,1,2
67,693,66,1,2
67,695,68,2,1
67,696,42,0,3
68,638,67,1,2
68,639,69,2,1
68,650,69,2,1
68,653,43,0,3
68,657,69,2,1
68,665,93,3,0
68,666,69,2,1
68,670,69,2,1
68,678,69,2,1
68,693,67,1,2
68,694,67,1,2
68,695,69,2,1
68,696,43,0,3
69,639,94,3,0
69,650,70,2,1
69,653,44,0,3
69,665,94,3,0
69,666,94,3,0
69,670,94,3,0
69,678,44,0,3
69,693,68,1,2
69,695,94,3,0
69,721,68,1,2
70,639,95,3,0
70,650,71,2,1
70,653,69,1,2
70,657,45,0,3
70,665,69,1,2
70,666,95,3,0
70,670,95,3,0
70,678,45,0,3
70,692,71,2,1
70,693,69,1,2
70,695,95,3,0
70,696,69,1,2
70,721,71,2,1
71,638,72,2,1
71,639,96,3,0
71,650,72,2,1
71,653,70,1,2
71,657,46,0,3
71,665,70,1,2
71,666,96,3,0
71,670,96,3,0
71,678,46,0,3
71,693,70,1,2
71,694,72,2,1
71,695,96,3,0
71,696,70,1,2
72,639,97,3,0
72,650,73,2,1
72,653,71,1,2
72,665,71,1,2
72,666,97,3,0
72,670,97,3,0
72,678,47,0,3
72,689,73,2,1
72,693,71,1,2
72,695,97,3,0
72,696,71,1,2
73,639,98,3,0
73,650,74,2,1
73,653,72,1,2
73,663,48,0,3
73,666,98,3,0
73,670,98,3,0
73,678,48,0,3
73,693,72,1,2
73,695,98,3,0
74,625,49,0,3
74,639,99,3,0
74,650,50,2,3
74,653,73,1,2
74,670,99,3,0
74,677,50,2,3
74,678,49,0,3
74,693,73,1,2
74,695,99,3,0
75,670,100,2,0
76,648,75,1,1
76,670,101,3,0
77,625,52,0,3
77,650,52,0,3
77,653,78,2,1
77,670,102,3,0
77,678,52,0,3
77,693,78,2,1
77,695,102,3,0
78,639,103,3,0
78,650,53,0,3
78,653,79,2,1
78,663,53,0,3
78,666,103,3,0
78,670,103,3,0
78,678,53,0,3
78,693,79,2,1
78,695,103,3,0
79,639,104,3,0
79,650,54,0,3
79,653,80,2,1
79,666,104,3,0
79,670,104,3,0
79,678,54,0,3
79,693,80,2,1
79,695,104,3,0
79,696,80,2,1
80,638,81,2,1
80,639,105,3,0
80,650,55,0,3
80,653,81,2,1
80,657,55,0,3
80,665,81,2,1
80,666,105,3,0
80,670,105,3,0
80,678,55,0,3
80,693,81,2,1
80,694,81,2,1
80,695,105,3,0
80,696,81,2,1
81,639,106,3,0
81,650,56,0,3
81,653,82,2,1
81,657,56,0,3
81,665,82,2,1
81,666,106,3,0
81,670,106,3,0
81,678,56,0,3
81,693,82,2,1
81,695,106,3,0
81,696,82,2,1
81,721,82,2,1
82,639,107,3,0
82,653,57,0,3
82,665,107,3,0
82,666,107,3,0
82,670,107,3,0
82,678,57,0,3
82,692,692,71,0
82,693,57,0,3
82,695,107,3,0
82,711,107,3,0
83,639,82,1,2
83,650,82,1,2
83,653,58,0,3
83,657,82,1,2
83,665,108,3,0
83,666,82,1,2
83,670,82,1,2
83,678,82,1,2
83,692,82,1,2
83,693,58,0,3
83,695,82,1,2
83,696,58,0,3
83,711,108,3,0
84,639,83,1,2
84,650,83,1,2
84,653,59,0,3
84,657,83,1,2
84,665,109,3,0
84,666,83,1,2
84,670,83,1,2
84,678,83,1,2
84,693,59,0,3
84,695,83,1,2
84,696,59,0,3
84,711,109,3,0
85,639,84,1,2
85,650,84,1,2
85,653,60,0,3
85,666,84,1,2
85,670,84,1,2
85,678,84,1,2
85,689,84,1,2
85,693,60,0,3
85,695,84,1,2
85,696,60,0,3
85,711,110,3,0
86,639,85,1,2
86,650,85,1,2
86,653,61,0,3
86,666,85,1,2
86,670,85,1,2
86,678,85,1,2
86,693,61,0,3
86,695,85,1,2
86,711,111,3,0
87,650,86,1,2
87,653,62,0,3
87,670,86,1,2
87,677,86,1,2
87,678,86,1,2
87,693,62,0,3
87,695,86,1,2
87,711,112,3,0
88,648,89,2,1
88,670,87,1,2
88,711,113,3,0
89,670,90,2,1
89,711,114,3,0
90,625,91,2,1
90,639,91,2,1
90,650,91,2,1
90,653,65,0,3
90,670,91,2,1
90,677,89,1,2
90,678,91,2,1
90,693,65,0,3
90,695,91,2,1
90,711,115,3,0
91,639,92,2,1
91,650,92,2,1
91,653,66,0,3
91,663,92,2,1
91,666,92,2,1
91,670,92,2,1
91,678,92,2,1
91,693,66,0,3
91,695,92,2,1
91,711,116,3,0
92,639,93,2,1
92,650,93,2,1
92,653,67,0,3
92,665,117,3,0
92,666,93,2,1
92,670,93,2,1
92,678,93,2,1
92,689,91,1,2
92,693,67,0,3
92,695,93,2,1
92,696,67,0,3
92,711,117,3,0
93,638,92,1,2
93,639,94,2,1
93,650,94,2,1
93,653,68,0,3
93,657,94,2,1
93,665,118,3,0
93,666,94,2,1
93,670,94,2,1
93,678,94,2,1
93,693,68,0,3
93,694,92,1,2
93,695,94,2,1
93,696,68,0,3
93,711,118,3,0
94,639,119,3,0
94,653,69,0,3
94,665,119,3,0
94,666,119,3,0
94,670,119,3,0
94,678,69,0,3
94,692,93,1,2
94,693,69,0,3
94,695,119,3,0
94,711,119,3,0
94,721,93,1,2
95,639,120,3,0
95,650,70,0,3
95,653,94,1,2
95,657,70,0,3
95,665,94,1,2
95,666,120,3,0
95,670,120,3,0
95,678,70,0,3
95,692,96,2,1
95,693,94,1,2
95,695,120,3,0
95,696,94,1,2
95,721,96,2,1
96,638,97,2,1
96,639,121,3,0
96,650,71,0,3
96,653,95,1,2
96,657,71,0,3
96,665,95,1,2
96,666,121,3,0
96,670,121,3,0
96,678,71,0,3
96,693,95,1,2
96,694,97,2,1
96,695,121,3,0
96,696,95,1,2
97,639,122,3,0
97,650,72,0,3
97,653,96,1,2
97,665,96,1,2
97,666,122,3,0
97,670,122,3,0
97,678,72,0,3
97,689,98,2,1
97,693,96,1,2
97,695,122,3,0
97,696,96,1,2
98,639,123,3,0
98,650,73,0,3
98,653,97,1,2
98,663,73,0,3
98,666,123,3,0
98,670,123,3,0
98,678,73,0,3
98,693,97,1,2
98,695,123,3,0
99,625,74,0,3
99,639,124,3,0
99,650,74,0,3
99,653,98,1,2
99,670,124,3,0
99,677,75,2,3
99,678,74,0,3
99,693,98,1,2
99,695,124,3,0
100,648,648,27,0
100,670,125,2,0
101,648,100,1,1
101,670,126,3,0
102,625,77,0,3
102,650,77,0,3
102,653,103,2,1
102,670,127,3,0
102,678,127,3,0
102,693,103,2,1
102,695,127,3,0
103,639,128,3,0
103,650,78,0,3
103,653,104,2,1
103,663,78,0,3
103,666,128,3,0
103,670,128,3,0
103,678,128,3,0
103,693,104,2,1
103,695,128,3,0
104,639,129,3,0
104,650,79,0,3
104,653,105,2,1
104,666,129,3,0
104,670,129,3,0
104,678,129,3,0
104,693,105,2,1
104,695,129,3,0
104,696,105,2,1
105,638,106,2,1
105,639,130,3,0
105,650,80,0,3
105,653,106,2,1
105,657,80,0,3
105,665,106,2,1
105,666,130,3,0
105,670,130,3,0
105,678,130,3,0
105,693,106,2,1
105,694,106,2,1
105,695,130,3,0
105,696,106,2,1
106,639,131,3,0
106,650,81,0,3
106,653,107,2,1
106,657,81,0,3
106,665,107,2,1
106,666,131,3,0
106,670,131,3,0
106,678,131,3,0
106,693,107,2,1
106,695,131,3,0
106,696,107,2,1
106,721,107,2,1
107,650,82,0,3
107,653,82,0,3
107,665,132,3,0
107,666,132,3,0
107,670,132,3,0
107,693,82,0,3
107,695,132,3,0
107,696,132,3,0
108,639,107,1,2
108,650,107,1,2
108,653,83,0,3
108,657,107,1,2
108,665,133,3,0
108,666,107,1,2
108,670,107,1,2
108,678,107,1,2
108,692,107,1,2
108,693,83,0,3
108,695,107,1,2
108,696,133,3,0
109,639,108,1,2
109,650,108,1,2
109,653,84,0,3
109,657,108,1,2
109,665,134,3,0
109,666,108,1,2
109,670,108,1,2
109,678,108,1,2
109,693,84,0,3
109,695,108,1,2
109,696,134,3,0
110,639,109,1,2
110,650,109,1,2
110,653,85,0,3
110,666,109,1,2
110,670,109,1,2
110,678,109,1,2
110,689,109,1,2
110,693,85,0,3
110,695,109,1,2
110,696,135,3,0
111,639,110,1,2
111,650,110,1,2
111,653,86,0,3
111,666,110,1,2
111,670,110,1,2
111,677,677,56,0
111,678,110,1,2
111,693,86,0,3
111,695,110,1,2
112,650,111,1,2
112,653,87,0,3
112,670,111,1,2
112,677,111,1,2
112,678,111,1,2
112,693,87,0,3
112,695,111,1,2
113,648,114,2,1
113,670,112,1,2
114,670,115,2,1
115,625,116,2,1
115,639,116,2,1
115,650,116,2,1
115,653,90,0,3
115,670,116,2,1
115,678,116,2,1
115,693,90,0,3
115,695,116,2,1
116,639,117,2,1
116,650,117,2,1
116,653,91,0,3
116,663,117,2,1
116,666,117,2,1
116,670,117,2,1
116,678,117,2,1
116,693,91,0,3
116,695,117,2,1
117,639,118,2,1
117,650,118,2,1
117,653,92,0,3
117,665,142,3,0
117,666,118,2,1
117,670,118,2,1
117,678,118,2,1
117,689,116,1,2
117,693,92,0,3
117,695,118,2,1
117,696,142,3,0
118,638,117,1,2
118,639,119,2,1
118,650,119,2,1
118,653,93,0,3
118,657,119,2,1
118,665,143,3,0
118,666,119,2,1
118,670,119,2,1
118,678,119,2,1
118,693,93,0,3
118,694,117,1,2
118,695,119,2,1
118,696,143,3,0
119,650,94,0,3
119,653,94,0,3
119,665,144,3,0
119,666,144,3,0
119,670,144,3,0
119,692,118,1,2
119,693,94,0,3
119,695,144,3,0
119,696,144,3,0
119,721,118,1,2
120,639,145,3,0
120,650,95,0,3
120,653,119,1,2
120,657,95,0,3
120,665,119,1,2
120,666,145,3,0
120,670,145,3,0
120,678,145,3,0
120,692,121,2,1
120,693,119,1,2
120,695,145,3,0
120,696,119,1,2
120,721,121,2,1
121,638,122,2,1
121,639,146,3,0
121,650,96,0,3
121,653,120,1,2
121,657,96,0,3
121,665,120,1,2
121,666,146,3,0
121,670,146,3,0
121,678,146,3,0
121,693,120,1,2
121,694,122,2,1
121,695,146,3,0
121,696,120,1,2
122,639,147,3,0
122,650,97,0,3
122,653,121,1,2
122,665,121,1,2
122,666,147,3,0
122,670,147,3,0
122,678,147,3,0
122,689,123,2,1
122,693,121,1,2
122,695,147,3,0
122,696,121,1,2
123,639,148,3,0
123,650,98,0,3
123,653,122,1,2
123,663,98,0,3
123,666,148,3,0
123,670,148,3,0
123,678,148,3,0
123,693,122,1,2
123,695,148,3,0
124,625,99,0,3
124,639,149,3,0
124,650,99,0,3
124,653,123,1,2
124,670,149,3,0
124,677,100,2,3
124,678,149,3,0
124,693,123,1,2
124,695,149,3,0
125,670,150,2,0
126,648,125,1,1
126,670,151,3,0
127,625,102,0,3
127,650,102,0,3
127,653,128,2,1
127,670,152,3,0
127,678,152,3,0
127,693,128,2,1
127,695,152,3,0
128,639,153,3,0
128,650,103,0,3
128,653,129,2,1
128,663,103,0,3
128,666,153,3,0
128,670,153,3,0
128,678,153,3,0
128,693,129,2,1
128,695,153,3,0
129,639,154,3,0
129,650,104,0,3
129,653,130,2,1
129,666,154,3,0
129,670,154,3,0
129,678,154,3,0
129,693,130,2,1
129,695,154,3,0
129,696,130,2,1
130,638,131,2,1
130,639,155,3,0
130,650,105,0,3
130,653,131,2,1
130,657,105,0,3
130,665,131,2,1
130,666,155,3,0
130,670,155,3,0
130,678,155,3,0
130,693,131,2,1
130,694,131,2,1
130,695,155,3,0
130,696,131,2,1
131,639,156,3,0
131,650,106,0,3
131,653,132,2,1
131,657,106,0,3
131,665,132,2,1
131,666,156,3,0
131,670,156,3,0
131,678,156,3,0
131,693,132,2,1
131,695,156,3,0
131,696,132,2,1
131,721,132,2,1
132,650,107,0,3
132,653,107,0,3
132,665,133,2,1
132,666,157,3,0
132,670,157,3,0
132,678,157,3,0
132,693,107,0,3
132,695,157,3,0
132,696,157,3,0
132,721,721,100,0
133,639,132,1,2
133,650,132,1,2
133,653,108,0,3
133,657,132,1,2
133,665,134,2,1
133,666,132,1,2
133,670,132,1,2
133,678,132,1,2
133,692,132,1,2
133,693,108,0,3
133,695,132,1,2
133,696,158,3,0
134,639,133,1,2
134,650,133,1,2
134,653,109,0,3
134,657,133,1,2
134,665,135,2,1
134,666,133,1,2
134,670,133,1,2
134,678,133,1,2
134,693,109,0,3
134,695,133,1,2
134,696,159,3,0
135,639,134,1,2
135,650,134,1,2
135,653,110,0,3
135,666,134,1,2
135,670,134,1,2
135,678,134,1,2
135,689,134,1,2
135,693,110,0,3
135,695,134,1,2
135,696,160,3,0
136,639,135,1,2
136,650,135,1,2
136,653,111,0,3
136,666,135,1,2
136,670,135,1,2
136,678,135,1,2
136,693,111,0,3
136,695,135,1,2
137,650,136,1,2
137,653,112,0,3
137,670,136,1,2
137,677,136,1,2
137,678,136,1,2
137,693,112,0,3
137,695,136,1,2
138,648,139,2,1
138,670,137,1,2
139,670,140,2,1
140,625,141,2,1
140,639,141,2,1
140,650,141,2,1
140,653,115,0,3
140,670,141,2,1
140,677,139,1,2
140,678,141,2,1
140,693,115,0,3
140,695,141,2,1
141,639,142,2,1
141,650,142,2,1
141,653,116,0,3
141,663,142,2,1
141,666,142,2,1
141,670,142,2,1
141,678,142,2,1
141,693,116,0,3
141,695,142,2,1
142,639,143,2,1
142,650,143,2,1
142,653,117,0,3
142,665,665,44,0
142,666,143,2,1
142,670,143,2,1
142,678,143,2,1
142,689,141,1,2
142,693,117,0,3
142,695,143,2,1
142,696,167,3,0
143,638,142,1,2
143,639,144,2,1
143,650,144,2,1
143,653,118,0,3
143,657,144,2,1
143,665,142,1,2
143,666,144,2,1
143,670,144,2,1
143,678,144,2,1
143,693,118,0,3
143,694,142,1,2
143,695,144,2,1
143,696,168,3,0
144,650,119,0,3
144,653,119,0,3
144,665,143,1,2
144,666,169,3,0
144,670,169,3,0
144,678,169,3,0
144,692,143,1,2
144,693,119,0,3
144,695,169,3,0
144,696,169,3,0
144,721,143,1,2
145,639,170,3,0
145,650,120,0,3
145,653,144,1,2
145,657,120,0,3
145,665,144,1,2
145,666,170,3,0
145,670,170,3,0
145,678,170,3,0
145,692,146,2,1
145,693,144,1,2
145,695,170,3,0
145,696,144,1,2
145,721,146,2,1
146,638,147,2,1
146,639,171,3,0
146,650,121,0,3
146,653,145,1,2
146,657,121,0,3
146,665,145,1,2
146,666,171,3,0
146,670,171,3,0
146,678,171,3,0
146,693,145,1,2
146,694,147,2,1
146,695,171,3,0
146,696,145,1,2
147,639,172,3,0
147,650,122,0,3
147,653,146,1,2
147,665,146,1,2
147,666,172,3,0
147,670,172,3,0
147,678,172,3,0
147,689,148,2,1
147,693,146,1,2
147,695,172,3,0
147,696,146,1,2
148,639,173,3,0
148,650,123,0,3
148,653,147,1,2
148,663,123,0,3
148,666,173,3,0
148,670,173,3,0
148,678,173,3,0
148,693,147,1,2
148,695,173,3,0
149,625,124,0,3
149,639,174,3,0
149,650,124,0,3
149,653,148,1,2
149,670,174,3,0
149,677,125,2,3
149,678,174,3,0
149,693,148,1,2
149,695,174,3,0
150,670,175,2,0
151,648,150,1,1
151,670,176,3,0
152,625,127,0,3
152,650,127,0,3
152,653,153,2,1
152,670,177,3,0
152,678,177,3,0
152,693,153,2,1
152,695,177,3,0
153,639,152,1,2
153,650,128,0,3
153,653,154,2,1
153,663,128,0,3
153,666,178,3,0
153,670,178,3,0
153,678,178,3,0
153,693,154,2,1
153,695,178,3,0
154,639,153,1,2
154,650,129,0,3
154,653,155,2,1
154,666,179,3,0
154,670,179,3,0
154,678,179,3,0
154,693,155,2,1
154,695,179,3,0
154,696,155,2,1
155,638,156,2,1
155,639,154,1,2
155,650,130,0,3
155,653,156,2,1
155,657,130,0,3
155,665,156,2,1
155,666,180,3,0
155,670,180,3,0
155,678,180,3,0
155,693,156,2,1
155,694,156,2,1
155,695,180,3,0
155,696,156,2,1
156,639,155,1,2
156,650,131,0,3
156,653,157,2,1
156,657,131,0,3
156,665,157,2,1
156,666,181,3,0
156,670,181,3,0
156,678,181,3,0
156,693,157,2,1
156,694,694,73,0
156,695,181,3,0
156,696,157,2,1
156,721,157,2,1
157,639,156,1,2
157,650,132,0,3
157,653,132,0,3
157,657,132,0,3
157,666,182,3,0
157,670,182,3,0
157,678,182,3,0
157,693,132,0,3
157,694,156,1,2
157,695,182,3,0
157,696,182,3,0
157,721,132,0,3
158,639,157,1,2
158,650,157,1,2
158,653,133,0,3
158,657,157,1,2
158,665,133,0,3
158,666,157,1,2
158,670,157,1,2
158,678,157,1,2
158,692,157,1,2
158,693,133,0,3
158,695,157,1,2
158,696,183,3,0
159,639,158,1,2
159,650,158,1,2
159,653,134,0,3
159,657,158,1,2
159,665,134,0,3
159,666,158,1,2
159,670,158,1,2
159,678,158,1,2
159,693,134,0,3
159,695,158,1,2
159,696,184,3,0
160,639,159,1,2
160,650,159,1,2
160,653,135,0,3
160,666,159,1,2
160,670,159,1,2
160,678,159,1,2
160,689,159,1,2
160,693,135,0,3
160,695,159,1,2
160,696,185,3,0
161,639,160,1,2
161,650,160,1,2
161,653,136,0,3
161,666,160,1,2
161,670,160,1,2
161,678,160,1,2
161,693,136,0,3
161,695,160,1,2
162,650,161,1,2
162,653,137,0,3
162,670,161,1,2
162,677,161,1,2
162,678,161,1,2
162,693,137,0,3
162,695,161,1,2
163,648,164,2,1
163,670,162,1,2
164,670,165,2,1
165,625,166,2,1
165,639,166,2,1
165,650,166,2,1
165,653,140,0,3
165,670,166,2,1
165,677,164,1,2
165,678,166,2,1
165,693,140,0,3
165,695,166,2,1
166,639,167,2,1
166,650,167,2,1
166,653,141,0,3
166,663,167,2,1
166,666,167,2,1
166,670,167,2,1
166,678,167,2,1
166,693,141,0,3
166,695,167,2,1
167,639,168,2,1
167,650,168,2,1
167,653,142,0,3
167,665,142,0,3
167,666,168,2,1
167,670,168,2,1
167,678,168,2,1
167,689,166,1,2
167,693,142,0,3
167,695,168,2,1
167,696,192,3,0
168,638,167,1,2
168,639,169,2,1
168,650,169,2,1
168,653,143,0,3
168,657,169,2,1
168,665,143,0,3
168,666,169,2,1
168,670,169,2,1
168,678,169,2,1
168,693,143,0,3
168,694,167,1,2
168,695,169,2,1
168,696,193,3,0
169,639,170,2,1
169,650,144,0,3
169,653,144,0,3
169,657,144,0,3
169,666,194,3,0
169,670,194,3,0
169,678,194,3,0
169,692,168,1,2
169,693,144,0,3
169,694,170,2,1
169,695,194,3,0
169,696,194,3,0
169,721,168,1,2
170,639,171,2,1
170,650,145,0,3
170,653,169,1,2
170,657,145,0,3
170,665,169,1,2
170,666,195,3,0
170,670,195,3,0
170,678,195,3,0
170,692,171,2,1
170,693,169,1,2
170,694,171,2,1
170,695,195,3,0
170,696,169,1,2
171,638,172,2,1
171,639,172,2,1
171,650,146,0,3
171,653,170,1,2
171,657,146,0,3
171,665,170,1,2
171,666,196,3,0
171,670,196,3,0
171,678,196,3,0
171,693,170,1,2
171,694,172,2,1
171,695,196,3,0
171,696,170,1,2
172,639,173,2,1
172,650,147,0,3
172,653,171,1,2
172,665,171,1,2
172,666,197,3,0
172,670,197,3,0
172,678,197,3,0
172,689,173,2,1
172,693,171,1,2
172,695,197,3,0
172,696,171,1,2
173,639,174,2,1
173,650,148,0,3
173,653,172,1,2
173,663,148,0,3
173,666,198,3,0
173,670,198,3,0
173,678,198,3,0
173,693,172,1,2
173,695,198,3,0
174,625,149,0,3
174,639,639,18,0
174,650,149,0,3
174,653,173,1,2
174,670,199,3,0
174,677,150,2,3
174,678,199,3,0
174,693,173,1,2
174,695,199,3,0
175,670,200,2,0
176,648,175,1,1
176,670,201,3,0
177,625,152,0,3
177,650,152,0,3
177,653,178,2,1
177,670,202,3,0
177,678,202,3,0
177,693,178,2,1
177,695,202,3,0
178,639,153,0,3
178,650,153,0,3
178,653,179,2,1
178,663,153,0,3
178,666,203,3,0
178,670,203,3,0
178,678,203,3,0
178,693,179,2,1
178,695,203,3,0
179,639,154,0,3
179,650,154,0,3
179,653,180,2,1
179,666,204,3,0
179,670,204,3,0
179,678,204,3,0
179,693,180,2,1
179,695,204,3,0
179,696,180,2,1
180,638,181,2,1
180,639,155,0,3
180,650,155,0,3
180,653,181,2,1
180,657,155,0,3
180,665,181,2,1
180,666,205,3,0
180,670,205,3,0
180,678,205,3,0
180,693,181,2,1
180,694,181,2,1
180,695,205,3,0
180,696,181,2,1
181,639,156,0,3
181,650,156,0,3
181,653,182,2,1
181,657,156,0,3
181,665,182,2,1
181,666,206,3,0
181,670,206,3,0
181,678,206,3,0
181,693,182,2,1
181,694,156,0,3
181,695,206,3,0
181,696,182,2,1
181,721,182,2,1
182,639,157,0,3
182,650,157,0,3
182,657,157,0,3
182,666,207,3,0
182,670,207,3,0
182,678,207,3,0
182,693,157,0,3
182,694,157,0,3
182,695,207,3,0
182,696,207,3,0
183,639,182,1,2
183,650,182,1,2
183,653,158,0,3
183,657,182,1,2
183,665,158,0,3
183,666,182,1,2
183,670,182,1,2
183,678,182,1,2
183,692,182,1,2
183,693,158,0,3
183,695,182,1,2
183,696,208,3,0
184,639,183,1,2
184,650,183,1,2
184,653,159,0,3
184,657,183,1,2
184,665,159,0,3
184,666,183,1,2
184,670,183,1,2
184,678,183,1,2
184,693,159,0,3
184,695,183,1,2
184,696,209,3,0
185,639,184,1,2
185,650,184,1,2
185,653,160,0,3
185,666,184,1,2
185,670,184,1,2
185,678,184,1,2
185,689,184,1,2
185,693,160,0,3
185,695,184,1,2
185,696,210,3,0
186,639,185,1,2
186,650,185,1,2
186,653,161,0,3
186,666,185,1,2
186,670,185,1,2
186,678,185,1,2
186,693,161,0,3
186,695,185,1,2
187,650,186,1,2
187,653,162,0,3
187,670,186,1,2
187,677,186,1,2
187,678,186,1,2
187,693,162,0,3
187,695,186,1,2
188,648,189,2,1
188,670,187,1,2
189,670,190,2,1
190,625,191,2,1
190,639,191,2,1
190,650,191,2,1
190,653,165,0,3
190,670,191,2,1
190,677,189,1,2
190,678,191,2,1
190,693,165,0,3
190,695,191,2,1
191,639,192,2,1
191,650,192,2,1
191,653,166,0,3
191,663,192,2,1
191,666,192,2,1
191,670,192,2,1
191,678,192,2,1
191,693,166,0,3
191,695,192,2,1
192,639,193,2,1
192,650,193,2,1
192,653,167,0,3
192,665,167,0,3
192,666,193,2,1
192,670,193,2,1
192,678,193,2,1
192,689,191,1,2
192,693,167,0,3
192,695,193,2,1
192,696,217,3,0
193,638,192,1,2
193,639,194,2,1
193,650,194,2,1
193,653,168,0,3
193,657,194,2,1
193,665,168,0,3
193,666,194,2,1
193,670,194,2,1
193,678,194,2,1
193,693,168,0,3
193,694,192,1,2
193,695,194,2,1
193,696,218,3,0
194,639,169,0,3
194,650,169,0,3
194,657,169,0,3
194,666,219,3,0
194,670,219,3,0
194,678,219,3,0
194,692,193,1,2
194,693,169,0,3
194,694,169,0,3
194,695,219,3,0
194,696,219,3,0
194,721,193,1,2
195,639,170,0,3
195,650,170,0,3
195,653,194,1,2
195,657,170,0,3
195,665,194,1,2
195,666,220,3,0
195,670,220,3,0
195,678,220,3,0
195,692,196,2,1
195,693,194,1,2
195,694,170,0,3
195,695,220,3,0
195,696,194,1,2
195,721,196,2,1
196,638,197,2,1
196,639,171,0,3
196,650,171,0,3
196,653,195,1,2
196,657,171,0,3
196,665,195,1,2
196,666,221,3,0
196,670,221,3,0
196,678,221,3,0
196,693,195,1,2
196,695,221,3,0
196,696,195,1,2
197,639,172,0,3
197,650,172,0,3
197,653,196,1,2
197,665,196,1,2
197,666,222,3,0
197,670,222,3,0
197,678,222,3,0
197,689,198,2,1
197,693,196,1,2
197,695,222,3,0
197,696,196,1,2
198,639,173,0,3
198,650,173,0,3
198,653,197,1,2
198,663,173,0,3
198,666,223,3,0
198,670,223,3,0
198,678,223,3,0
198,693,197,1,2
198,695,223,3,0
199,625,174,0,3
199,639,174,0,3
199,650,174,0,3
199,653,198,1,2
199,670,224,3,0
199,677,175,2,3
199,678,224,3,0
199,693,198,1,2
199,695,224,3,0
200,670,225,2,0
201,648,200,1,1
201,670,226,3,0
202,625,177,0,3
202,650,177,0,3
202,653,203,2,1
202,670,227,3,0
202,678,227,3,0
202,693,203,2,1
202,695,227,3,0
203,639,178,0,3
203,650,178,0,3
203,653,204,2,1
203,663,178,0,3
203,666,228,3,0
203,670,228,3,0
203,678,228,3,0
203,693,204,2,1
203,695,228,3,0
204,639,179,0,3
204,650,179,0,3
204,653,205,2,1
204,666,229,3,0
204,670,229,3,0
204,678,229,3,0
204,693,205,2,1
204,695,229,3,0
204,696,205,2,1
205,638,206,2,1
205,639,180,0,3
205,650,180,0,3
205,653,206,2,1
205,657,180,0,3
205,665,206,2,1
205,666,230,3,0
205,670,230,3,0
205,678,230,3,0
205,693,206,2,1
205,694,206,2,1
205,695,230,3,0
205,696,206,2,1
206,638,231,3,0
206,639,181,0,3
206,650,181,0,3
206,653,207,2,1
206,657,181,0,3
206,665,207,2,1
206,666,231,3,0
206,670,231,3,0
206,678,231,3,0
206,693,207,2,1
206,695,231,3,0
206,696,207,2,1
206,721,207,2,1
207,638,232,3,0
207,639,182,0,3
207,650,182,0,3
207,653,232,3,0
207,657,182,0,3
207,666,232,3,0
207,670,232,3,0
207,678,232,3,0
207,693,182,0,3
207,695,232,3,0
207,696,232,3,0
208,639,207,1,2
208,650,207,1,2
208,653,233,3,0
208,657,207,1,2
208,665,183,0,3
208,666,207,1,2
208,670,207,1,2
208,678,207,1,2
208,692,207,1,2
208,693,183,0,3
208,695,207,1,2
208,696,233,3,0
209,639,208,1,2
209,650,208,1,2
209,653,234,3,0
209,657,208,1,2
209,665,184,0,3
209,666,208,1,2
209,670,208,1,2
209,678,208,1,2
209,693,184,0,3
209,695,208,1,2
209,696,234,3,0
210,639,209,1,2
210,650,209,1,2
210,653,235,3,0
210,666,209,1,2
210,670,209,1,2
210,678,209,1,2
210,689,209,1,2
210,693,185,0,3
210,695,209,1,2
210,696,235,3,0
211,639,210,1,2
211,650,210,1,2
211,653,236,3,0
211,666,210,1,2
211,670,210,1,2
211,678,210,1,2
211,693,186,0,3
211,695,210,1,2
212,650,211,1,2
212,653,237,3,0
212,670,211,1,2
212,677,211,1,2
212,678,211,1,2
212,693,187,0,3
212,695,211,1,2
213,648,214,2,1
213,670,212,1,2
214,670,215,2,1
215,625,216,2,1
215,639,216,2,1
215,650,216,2,1
215,653,240,3,0
215,670,216,2,1
215,677,214,1,2
215,678,216,2,1
215,693,190,0,3
215,695,216,2,1
216,639,217,2,1
216,650,217,2,1
216,653,241,3,0
216,663,217,2,1
216,666,217,2,1
216,670,217,2,1
216,678,217,2,1
216,693,191,0,3
216,695,217,2,1
217,639,218,2,1
217,650,218,2,1
217,653,242,3,0
217,665,192,0,3
217,666,218,2,1
217,670,218,2,1
217,678,218,2,1
217,689,216,1,2
217,693,192,0,3
217,695,218,2,1
217,696,242,3,0
218,638,217,1,2
218,639,219,2,1
218,650,219,2,1
218,653,243,3,0
218,657,219,2,1
218,665,193,0,3
218,666,219,2,1
218,670,219,2,1
218,678,219,2,1
218,693,193,0,3
218,694,217,1,2
218,695,219,2,1
218,696,243,3,0
219,638,244,3,0
219,639,194,0,3
219,650,194,0,3
219,653,244,3,0
219,657,194,0,3
219,666,244,3,0
219,670,244,3,0
219,678,244,3,0
219,692,218,1,2
219,693,194,0,3
219,695,244,3,0
219,696,244,3,0
219,721,218,1,2
220,638,245,3,0
220,639,195,0,3
220,650,195,0,3
220,653,219,1,2
220,657,195,0,3
220,665,219,1,2
220,666,245,3,0
220,670,245,3,0
220,678,245,3,0
220,692,221,2,1
220,693,219,1,2
220,695,245,3,0
220,696,219,1,2
220,721,221,2,1
221,638,222,2,1
221,639,196,0,3
221,650,196,0,3
221,653,220,1,2
221,657,196,0,3
221,665,220,1,2
221,666,246,3,0
221,670,246,3,0
221,678,246,3,0
221,693,220,1,2
221,694,222,2,1
221,695,246,3,0
221,696,220,1,2
222,639,197,0,3
222,650,197,0,3
222,653,221,1,2
222,665,221,1,2
222,666,247,3,0
222,670,247,3,0
222,678,247,3,0
222,689,223,2,1
222,693,221,1,2
222,695,247,3,0
222,696,221,1,2
223,639,198,0,3
223,650,198,0,3
223,653,222,1,2
223,663,198,0,3
223,666,248,3,0
223,670,248,3,0
223,678,248,3,0
223,693,222,1,2
223,695,248,3,0
224,625,199,0,3
224,639,199,0,3
224,650,199,0,3
224,653,223,1,2
224,670,249,3,0
224,677,200,2,3
224,678,249,3,0
224,693,223,1,2
224,695,249,3,0
225,670,250,2,0
226,648,225,1,1
226,670,251,3,0
227,625,202,0,3
227,650,202,0,3
227,653,228,2,1
227,670,252,3,0
227,678,252,3,0
227,693,228,2,1
227,695,695,74,0
228,639,203,0,3
228,650,203,0,3
228,653,229,2,1
228,663,203,0,3
228,666,253,3,0
228,670,253,3,0
228,678,253,3,0
228,693,229,2,1
228,695,227,1,2
229,639,204,0,3
229,650,204,0,3
229,653,230,2,1
229,666,254,3,0
229,670,254,3,0
229,678,254,3,0
229,693,230,2,1
229,695,228,1,2
229,696,230,2,1
230,638,231,2,1
230,639,205,0,3
230,650,205,0,3
230,653,231,2,1
230,657,205,0,3
230,665,231,2,1
230,666,255,3,0
230,670,255,3,0
230,678,255,3,0
230,693,231,2,1
230,694,231,2,1
230,695,229,1,2
230,696,231,2,1
231,639,206,0,3
231,650,206,0,3
231,653,232,2,1
231,657,206,0,3
231,665,232,2,1
231,666,256,3,0
231,670,256,3,0
231,678,256,3,0
231,693,232,2,1
231,695,230,1,2
231,696,232,2,1
231,721,232,2,1
232,639,207,0,3
232,650,207,0,3
232,653,257,3,0
232,657,207,0,3
232,666,257,3,0
232,670,257,3,0
232,678,257,3,0
232,693,207,0,3
232,695,231,1,2
232,696,257,3,0
233,639,232,1,2
233,650,232,1,2
233,653,258,3,0
233,657,232,1,2
233,665,208,0,3
233,666,232,1,2
233,670,232,1,2
233,678,232,1,2
233,692,232,1,2
233,693,208,0,3
233,695,232,1,2
233,696,258,3,0
234,639,233,1,2
234,650,233,1,2
234,653,259,3,0
234,657,233,1,2
234,665,209,0,3
234,666,233,1,2
234,670,233,1,2
234,678,233,1,2
234,693,209,0,3
234,695,233,1,2
234,696,259,3,0
235,639,234,1,2
235,650,234,1,2
235,653,260,3,0
235,666,234,1,2
235,670,234,1,2
235,678,234,1,2
235,689,234,1,2
235,693,210,0,3
235,695,234,1,2
235,696,260,3,0
236,639,235,1,2
236,650,235,1,2
236,653,261,3,0
236,666,235,1,2
236,670,235,1,2
236,678,235,1,2
236,693,211,0,3
236,695,235,1,2
237,650,236,1,2
237,653,262,3,0
237,670,236,1,2
237,677,236,1,2
237,678,236,1,2
237,693,212,0,3
237,695,236,1,2
238,648,239,2,1
238,670,237,1,2
239,670,240,2,1
240,625,241,2,1
240,639,241,2,1
240,650,241,2,1
240,653,265,3,0
240,670,241,2,1
240,677,239,1,2
240,678,241,2,1
240,693,215,0,3
240,695,241,2,1
241,639,242,2,1
241,650,242,2,1
241,653,266,3,0
241,663,242,2,1
241,666,242,2,1
241,670,242,2,1
241,678,242,2,1
241,693,216,0,3
241,695,242,2,1
242,639,243,2,1
242,650,243,2,1
242,653,267,3,0
242,665,217,0,3
242,666,243,2,1
242,670,243,2,1
242,678,243,2,1
242,689,241,1,2
242,693,217,0,3
242,695,243,2,1
242,696,267,3,0
243,638,242,1,2
243,639,244,2,1
243,650,244,2,1
243,653,268,3,0
243,657,244,2,1
243,665,218,0,3
243,666,244,2,1
243,670,244,2,1
243,678,244,2,1
243,693,218,0,3
243,694,242,1,2
243,695,244,2,1
243,696,268,3,0
244,639,219,0,3
244,650,219,0,3
244,653,269,3,0
244,657,219,0,3
244,666,269,3,0
244,670,269,3,0
244,678,269,3,0
244,692,243,1,2
244,693,219,0,3
244,695,245,2,1
244,696,269,3,0
244,721,243,1,2
245,639,220,0,3
245,650,220,0,3
245,653,244,1,2
245,657,220,0,3
245,665,244,1,2
245,666,270,3,0
245,670,270,3,0
245,678,270,3,0
245,692,246,2,1
245,693,244,1,2
245,695,246,2,1
245,696,244,1,2
245,721,246,2,1
246,638,247,2,1
246,639,221,0,3
246,650,221,0,3
246,653,245,1,2
246,657,221,0,3
246,665,245,1,2
246,666,271,3,0
246,670,271,3,0
246,678,271,3,0
246,693,245,1,2
246,694,247,2,1
246,695,247,2,1
246,696,245,1,2
247,639,222,0,3
247,650,222,0,3
247,653,246,1,2
247,665,246,1,2
247,666,272,3,0
247,670,272,3,0
247,678,272,3,0
247,689,248,2,1
247,693,246,1,2
247,695,248,2,1
247,696,246,1,2
248,639,223,0,3
248,650,223,0,3
248,653,247,1,2
248,663,223,0,3
248,666,273,3,0
248,670,273,3,0
248,678,273,3,0
248,693,247,1,2
248,695,249,2,1
249,625,224,0,3
249,639,224,0,3
249,650,224,0,3
249,653,248,1,2
249,670,274,3,0
249,677,225,2,3
249,678,274,3,0
249,693,248,1,2
249,695,225,2,3
250,670,251,1,1
251,648,250,1,1
251,670,670,49,0
252,625,227,0,3
252,650,227,0,3
252,653,253,2,1
252,670,251,1,2
252,678,277,3,0
252,693,253,2,1
252,695,227,0,3
253,639,228,0,3
253,650,228,0,3
253,653,254,2,1
253,663,228,0,3
253,666,278,3,0
253,670,252,1,2
253,678,278,3,0
253,693,254,2,1
253,695,228,0,3
254,639,229,0,3
254,650,229,0,3
254,653,255,2,1
254,666,279,3,0
254,670,253,1,2
254,678,279,3,0
254,693,255,2,1
254,695,229,0,3
254,696,255,2,1
255,638,256,2,1
255,639,230,0,3
255,650,230,0,3
255,653,256,2,1
255,657,230,0,3
255,665,256,2,1
255,666,280,3,0
255,670,254,1,2
255,678,280,3,0
255,693,256,2,1
255,694,256,2,1
255,695,230,0,3
255,696,256,2,1
256,639,231,0,3
256,650,231,0,3
256,653,257,2,1
256,657,231,0,3
256,665,257,2,1
256,666,281,3,0
256,670,255,1,2
256,678,281,3,0
256,693,257,2,1
256,695,231,0,3
256,696,257,2,1
256,721,257,2,1
257,639,232,0,3
257,650,232,0,3
257,653,282,3,0
257,657,232,0,3
257,666,282,3,0
257,670,256,1,2
257,678,282,3,0
257,693,232,0,3
257,696,282,3,0
258,639,257,1,2
258,650,257,1,2
258,653,283,3,0
258,657,257,1,2
258,665,233,0,3
258,666,257,1,2
258,670,257,1,2
258,678,257,1,2
258,692,257,1,2
258,693,233,0,3
258,695,257,1,2
258,696,283,3,0
259,639,258,1,2
259,650,258,1,2
259,653,284,3,0
259,657,258,1,2
259,665,234,0,3
259,666,258,1,2
259,670,258,1,2
259,678,258,1,2
259,693,234,0,3
259,695,258,1,2
259,696,284,3,0
260,639,259,1,2
260,650,259,1,2
260,653,285,3,0
260,666,259,1,2
260,670,259,1,2
260,678,259,1,2
260,689,259,1,2
260,693,235,0,3
260,695,259,1,2
260,696,285,3,0
261,639,260,1,2
261,650,260,1,2
261,653,286,3,0
261,666,260,1,2
261,670,260,1,2
261,678,260,1,2
261,693,236,0,3
261,695,260,1,2
262,650,261,1,2
262,653,287,3,0
262,670,261,1,2
262,677,261,1,2
262,678,261,1,2
262,693,237,0,3
262,695,261,1,2
263,648,264,2,1
263,670,262,1,2
264,670,265,2,1
265,625,266,2,1
265,639,266,2,1
265,650,266,2,1
265,653,290,3,0
265,670,266,2,1
265,677,264,1,2
265,678,266,2,1
265,693,240,0,3
265,695,266,2,1
266,639,267,2,1
266,650,267,2,1
266,653,291,3,0
266,663,267,2,1
266,666,267,2,1
266,670,267,2,1
266,678,267,2,1
266,693,241,0,3
266,695,267,2,1
267,639,268,2,1
267,650,268,2,1
267,653,292,3,0
267,665,242,0,3
267,666,268,2,1
267,670,268,2,1
267,678,268,2,1
267,689,266,1,2
267,693,242,0,3
267,695,268,2,1
267,696,292,3,0
268,638,267,1,2
268,639,269,2,1
268,650,269,2,1
268,653,293,3,0
268,657,269,2,1
268,665,243,0,3
268,666,269,2,1
268,670,269,2,1
268,678,269,2,1
268,693,243,0,3
268,694,267,1,2
268,695,269,2,1
268,696,293,3,0
269,639,244,0,3
269,650,244,0,3
269,653,294,3,0
269,657,244,0,3
269,666,294,3,0
269,670,270,2,1
269,678,294,3,0
269,692,268,1,2
269,693,244,0,3
269,696,294,3,0
269,721,268,1,2
270,639,245,0,3
270,650,245,0,3
270,653,269,1,2
270,657,245,0,3
270,665,269,1,2
270,666,295,3,0
270,670,271,2,1
270,678,295,3,0
270,692,271,2,1
270,693,269,1,2
270,695,245,0,3
270,696,269,1,2
270,721,271,2,1
271,638,272,2,1
271,639,246,0,3
271,650,246,0,3
271,653,270,1,2
271,657,246,0,3
271,665,270,1,2
271,666,296,3,0
271,670,272,2,1
271,678,296,3,0
271,693,270,1,2
271,694,272,2,1
271,695,246,0,3
271,696,270,1,2
272,639,247,0,3
272,650,247,0,3
272,653,271,1,2
272,665,271,1,2
272,666,297,3,0
272,670,273,2,1
272,678,297,3,0
272,689,273,2,1
272,693,271,1,2
272,695,247,0,3
272,696,271,1,2
273,639,248,0,3
273,650,248,0,3
273,653,272,1,2
273,663,248,0,3
273,666,298,3,0
273,670,274,2,1
273,678,298,3,0
273,693,272,1,2
273,695,248,0,3
274,625,249,0,3
274,639,249,0,3
274,650,249,0,3
274,653,273,1,2
274,670,250,2,3
274,677,250,2,3
274,678,299,3,0
274,693,273,1,2
274,695,249,0,3
275,670,250,0,2
276,648,275,1,1
276,670,251,0,3
277,625,252,0,3
277,650,252,0,3
277,653,278,2,1
277,670,252,0,3
277,678,302,3,0
277,693,278,2,1
277,695,252,0,3
278,639,253,0,3
278,650,253,0,3
278,653,279,2,1
278,663,253,0,3
278,666,303,3,0
278,670,253,0,3
278,678,303,3,0
278,693,279,2,1
278,695,253,0,3
279,639,254,0,3
279,650,254,0,3
279,653,280,2,1
279,663,254,0,3
279,666,304,3,0
279,670,254,0,3
279,678,304,3,0
279,693,280,2,1
279,695,254,0,3
279,696,280,2,1
280,638,281,2,1
280,639,255,0,3
280,650,255,0,3
280,653,281,2,1
280,657,255,0,3
280,663,255,0,3
280,665,281,2,1
280,666,305,3,0
280,670,255,0,3
280,678,305,3,0
280,693,281,2,1
280,694,281,2,1
280,695,255,0,3
280,696,281,2,1
281,639,256,0,3
281,650,256,0,3
281,653,282,2,1
281,657,256,0,3
281,663,256,0,3
281,665,282,2,1
281,666,306,3,0
281,670,256,0,3
281,678,306,3,0
281,693,282,2,1
281,695,256,0,3
281,696,282,2,1
281,721,282,2,1
282,639,257,0,3
282,650,257,0,3
282,653,307,3,0
282,657,257,0,3
282,663,257,0,3
282,665,257,0,3
282,666,307,3,0
282,670,257,0,3
282,678,307,3,0
282,689,257,0,3
282,693,257,0,3
282,695,257,0,3
282,696,307,3,0
283,639,282,1,2
283,650,282,1,2
283,653,308,3,0
283,657,282,1,2
283,665,258,0,3
283,666,282,1,2
283,670,282,1,2
283,678,282,1,2
283,689,258,0,3
283,692,282,1,2
283,693,258,0,3
283,695,282,1,2
283,696,308,3,0
284,639,283,1,2
284,650,283,1,2
284,653,309,3,0
284,657,283,1,2
284,665,259,0,3
284,666,283,1,2
284,670,283,1,2
284,678,283,1,2
284,689,259,0,3
284,693,259,0,3
284,695,283,1,2
284,696,309,3,0
285,639,284,1,2
285,650,284,1,2
285,653,310,3,0
285,666,284,1,2
285,670,284,1,2
285,678,284,1,2
285,689,284,1,2
285,693,260,0,3
285,695,284,1,2
285,696,310,3,0
286,639,285,1,2
286,650,285,1,2
286,653,311,3,0
286,666,285,1,2
286,670,285,1,2
286,678,285,1,2
286,693,261,0,3
286,695,285,1,2
287,650,286,1,2
287,653,312,3,0
287,670,286,1,2
287,677,286,1,2
287,678,286,1,2
287,693,262,0,3
287,695,286,1,2
288,648,289,2,1
288,670,287,1,2
289,670,290,2,1
290,625,291,2,1
290,639,291,2,1
290,650,291,2,1
290,653,315,3,0
290,670,291,2,1
290,677,289,1,2
290,678,291,2,1
290,693,265,0,3
290,695,291,2,1
291,639,292,2,1
291,650,292,2,1
291,653,316,3,0
291,663,292,2,1
291,666,292,2,1
291,670,292,2,1
291,678,292,2,1
291,693,266,0,3
291,695,292,2,1
292,639,293,2,1
292,650,293,2,1
292,653,317,3,0
292,665,267,0,3
292,666,293,2,1
292,670,293,2,1
292,678,293,2,1
292,689,291,1,2
292,693,267,0,3
292,695,293,2,1
292,696,317,3,0
293,638,292,1,2
293,639,294,2,1
293,650,294,2,1
293,653,318,3,0
293,657,294,2,1
293,665,268,0,3
293,666,294,2,1
293,670,294,2,1
293,678,294,2,1
293,689,268,0,3
293,693,268,0,3
293,694,292,1,2
293,695,294,2,1
293,696,318,3,0
294,639,269,0,3
294,650,269,0,3
294,653,319,3,0
294,657,269,0,3
294,663,269,0,3
294,665,269,0,3
294,666,319,3,0
294,670,269,0,3
294,678,319,3,0
294,689,269,0,3
294,692,293,1,2
294,693,269,0,3
294,695,269,0,3
294,696,319,3,0
294,721,293,1,2
295,639,270,0,3
295,650,270,0,3
295,653,294,1,2
295,657,270,0,3
295,663,270,0,3
295,665,294,1,2
295,666,320,3,0
295,670,270,0,3
295,678,320,3,0
295,692,296,2,1
295,693,294,1,2
295,695,270,0,3
295,696,294,1,2
295,721,296,2,1
296,638,297,2,1
296,639,271,0,3
296,650,271,0,3
296,653,295,1,2
296,657,271,0,3
296,663,271,0,3
296,665,295,1,2
296,666,321,3,0
296,670,271,0,3
296,678,321,3,0
296,693,295,1,2
296,694,297,2,1
296,695,271,0,3
296,696,295,1,2
297,639,272,0,3
297,650,272,0,3
297,653,296,1,2
297,663,272,0,3
297,665,296,1,2
297,666,322,3,0
297,670,272,0,3
297,678,322,3,0
297,689,298,2,1
297,693,296,1,2
297,695,272,0,3
297,696,296,1,2
298,639,273,0,3
298,650,273,0,3
298,653,297,1,2
298,663,273,0,3
298,666,323,3,0
298,670,273,0,3
298,678,323,3,0
298,693,297,1,2
298,695,273,0,3
299,625,274,0,3
299,639,274,0,3
299,650,274,0,3
299,653,298,1,2
299,670,274,0,3
299,677,275,2,3
299,678,324,3,0
299,693,298,1,2
299,695,274,0,3
300,670,275,0,2
301,648,300,1,1
301,670,276,0,3
302,625,277,0,3
302,650,277,0,3
302,653,303,2,1
302,670,277,0,3
302,678,327,3,0
302,693,303,2,1
302,695,277,0,3
303,639,278,0,3
303,650,278,0,3
303,653,304,2,1
303,663,328,3,0
303,666,666,45,0
303,670,278,0,3
303,678,328,3,0
303,693,304,2,1
303,695,278,0,3
304,639,279,0,3
304,650,279,0,3
304,653,305,2,1
304,666,303,1,2
304,670,279,0,3
304,678,329,3,0
304,693,305,2,1
304,695,279,0,3
304,696,305,2,1
305,638,306,2,1
305,639,280,0,3
305,650,280,0,3
305,653,306,2,1
305,657,330,3,0
305,665,306,2,1
305,666,304,1,2
305,670,280,0,3
305,678,330,3,0
305,693,306,2,1
305,694,306,2,1
305,695,280,0,3
305,696,306,2,1
306,639,281,0,3
306,650,281,0,3
306,653,307,2,1
306,657,331,3,0
306,665,307,2,1
306,666,305,1,2
306,670,281,0,3
306,678,331,3,0
306,693,307,2,1
306,695,281,0,3
306,696,307,2,1
306,721,307,2,1
307,639,282,0,3
307,650,282,0,3
307,653,332,3,0
307,665,282,0,3
307,666,306,1,2
307,670,282,0,3
307,678,332,3,0
307,693,282,0,3
307,695,282,0,3
307,703,332,3,0
308,639,307,1,2
308,650,307,1,2
308,653,333,3,0
308,657,307,1,2
308,665,283,0,3
308,666,307,1,2
308,670,307,1,2
308,678,307,1,2
308,692,307,1,2
308,693,283,0,3
308,695,307,1,2
308,696,333,3,0
308,703,333,3,0
309,639,308,1,2
309,650,308,1,2
309,653,334,3,0
309,657,308,1,2
309,665,284,0,3
309,666,308,1,2
309,670,308,1,2
309,678,308,1,2
309,693,284,0,3
309,695,308,1,2
309,696,334,3,0
309,703,334,3,0
310,639,309,1,2
310,650,309,1,2
310,653,335,3,0
310,666,309,1,2
310,670,309,1,2
310,678,309,1,2
310,689,309,1,2
310,693,285,0,3
310,695,309,1,2
310,696,335,3,0
311,639,310,1,2
311,650,310,1,2
311,653,336,3,0
311,666,310,1,2
311,670,310,1,2
311,678,310,1,2
311,693,286,0,3
311,695,310,1,2
312,650,311,1,2
312,653,337,3,0
312,670,311,1,2
312,677,311,1,2
312,678,311,1,2
312,693,287,0,3
312,695,311,1,2
313,648,314,2,1
313,670,312,1,2
314,670,315,2,1
315,625,316,2,1
315,639,316,2,1
315,650,316,2,1
315,653,340,3,0
315,670,316,2,1
315,677,314,1,2
315,678,316,2,1
315,693,290,0,3
315,695,316,2,1
316,639,317,2,1
316,650,317,2,1
316,653,341,3,0
316,663,317,2,1
316,666,317,2,1
316,670,317,2,1
316,678,317,2,1
316,693,291,0,3
316,695,317,2,1
317,639,318,2,1
317,650,318,2,1
317,653,342,3,0
317,665,292,0,3
317,666,318,2,1
317,670,318,2,1
317,678,318,2,1
317,689,316,1,2
317,693,292,0,3
317,695,318,2,1
317,696,342,3,0
318,638,317,1,2
318,639,319,2,1
318,650,319,2,1
318,653,343,3,0
318,657,319,2,1
318,665,293,0,3
318,666,319,2,1
318,670,319,2,1
318,678,319,2,1
318,693,293,0,3
318,694,317,1,2
318,695,319,2,1
318,696,343,3,0
318,703,343,3,0
319,639,294,0,3
319,650,294,0,3
319,653,344,3,0
319,665,294,0,3
319,666,320,2,1
319,670,294,0,3
319,678,344,3,0
319,692,318,1,2
319,693,294,0,3
319,695,294,0,3
319,703,344,3,0
319,721,318,1,2
320,639,295,0,3
320,650,295,0,3
320,653,319,1,2
320,657,345,3,0
320,665,319,1,2
320,666,321,2,1
320,670,295,0,3
320,678,345,3,0
320,692,321,2,1
320,693,319,1,2
320,695,295,0,3
320,696,319,1,2
320,721,321,2,1
321,638,322,2,1
321,639,296,0,3
321,650,296,0,3
321,653,320,1,2
321,657,346,3,0
321,665,320,1,2
321,666,322,2,1
321,670,296,0,3
321,678,346,3,0
321,693,320,1,2
321,694,322,2,1
321,695,296,0,3
321,696,320,1,2
322,639,297,0,3
322,650,297,0,3
322,653,321,1,2
322,665,321,1,2
322,666,323,2,1
322,670,297,0,3
322,678,347,3,0
322,689,323,2,1
322,693,321,1,2
322,695,297,0,3
322,696,321,1,2
323,639,298,0,3
323,650,298,0,3
323,653,322,1,2
323,663,348,3,0
323,666,324,2,1
323,670,298,0,3
323,678,348,3,0
323,693,322,1,2
323,695,298,0,3
324,625,299,0,3
324,639,299,0,3
324,650,299,0,3
324,653,323,1,2
324,670,299,0,3
324,677,300,2,3
324,678,349,3,0
324,693,323,1,2
324,695,299,0,3
325,670,300,0,2
326,648,325,1,1
326,670,301,0,3
327,625,352,3,0
327,650,302,0,3
327,653,328,2,1
327,670,302,0,3
327,678,352,3,0
327,693,328,2,1
327,695,302,0,3
328,639,303,0,3
328,650,303,0,3
328,653,329,2,1
328,663,353,3,0
328,666,303,0,3
328,670,303,0,3
328,678,353,3,0
328,693,329,2,1
328,695,303,0,3
329,639,304,0,3
329,650,304,0,3
329,653,330,2,1
329,666,304,0,3
329,670,304,0,3
329,678,354,3,0
329,693,330,2,1
329,695,304,0,3
329,696,330,2,1
330,638,331,2,1
330,639,305,0,3
330,650,305,0,3
330,653,331,2,1
330,657,355,3,0
330,665,331,2,1
330,666,305,0,3
330,670,305,0,3
330,678,355,3,0
330,693,331,2,1
330,694,331,2,1
330,695,305,0,3
330,696,331,2,1
331,639,306,0,3
331,650,306,0,3
331,653,332,2,1
331,657,356,3,0
331,665,332,2,1
331,666,306,0,3
331,670,306,0,3
331,678,356,3,0
331,693,332,2,1
331,695,306,0,3
331,696,332,2,1
331,721,332,2,1
332,639,307,0,3
332,650,307,0,3
332,653,357,3,0
332,665,307,0,3
332,670,307,0,3
332,678,357,3,0
332,693,307,0,3
332,695,307,0,3
333,639,332,1,2
333,650,332,1,2
333,653,358,3,0
333,657,332,1,2
333,665,308,0,3
333,666,332,1,2
333,670,332,1,2
333,678,332,1,2
333,692,332,1,2
333,693,308,0,3
333,695,332,1,2
333,696,358,3,0
334,639,333,1,2
334,650,333,1,2
334,653,359,3,0
334,657,333,1,2
334,665,309,0,3
334,666,333,1,2
334,670,333,1,2
334,678,333,1,2
334,693,309,0,3
334,695,333,1,2
334,696,359,3,0
335,639,334,1,2
335,650,334,1,2
335,653,360,3,0
335,666,334,1,2
335,670,334,1,2
335,678,334,1,2
335,689,334,1,2
335,693,310,0,3
335,695,334,1,2
335,696,360,3,0
336,639,335,1,2
336,650,335,1,2
336,653,361,3,0
336,666,335,1,2
336,670,335,1,2
336,678,335,1,2
336,693,311,0,3
336,695,335,1,2
337,650,336,1,2
337,653,362,3,0
337,670,336,1,2
337,677,336,1,2
337,678,336,1,2
337,693,312,0,3
337,695,336,1,2
338,648,339,2,1
338,670,337,1,2
339,670,340,2,1
340,625,341,2,1
340,639,341,2,1
340,650,341,2,1
340,653,365,3,0
340,670,341,2,1
340,677,339,1,2
340,678,341,2,1
340,693,315,0,3
340,695,341,2,1
341,639,342,2,1
341,650,342,2,1
341,653,366,3,0
341,663,342,2,1
341,666,342,2,1
341,670,342,2,1
341,678,342,2,1
341,693,316,0,3
341,695,342,2,1
342,639,343,2,1
342,650,343,2,1
342,653,367,3,0
342,665,317,0,3
342,666,343,2,1
342,670,343,2,1
342,678,343,2,1
342,689,341,1,2
342,693,317,0,3
342,695,343,2,1
342,696,367,3,0
343,638,342,1,2
343,639,344,2,1
343,650,344,2,1
343,653,368,3,0
343,657,344,2,1
343,665,318,0,3
343,666,344,2,1
343,670,344,2,1
343,678,344,2,1
343,693,318,0,3
343,694,342,1,2
343,695,344,2,1
343,696,368,3,0
344,639,319,0,3
344,650,319,0,3
344,653,369,3,0
344,665,319,0,3
344,670,319,0,3
344,678,369,3,0
344,692,343,1,2
344,693,319,0,3
344,695,319,0,3
344,721,343,1,2
345,639,320,0,3
345,650,320,0,3
345,653,344,1,2
345,657,370,3,0
345,665,344,1,2
345,666,320,0,3
345,670,320,0,3
345,678,370,3,0
345,692,346,2,1
345,693,344,1,2
345,695,320,0,3
345,696,344,1,2
345,721,346,2,1
346,638,347,2,1
346,639,321,0,3
346,650,321,0,3
346,653,345,1,2
346,657,371,3,0
346,665,345,1,2
346,666,321,0,3
346,670,321,0,3
346,678,371,3,0
346,693,345,1,2
346,694,347,2,1
346,695,321,0,3
346,696,345,1,2
347,639,322,0,3
347,650,322,0,3
347,653,346,1,2
347,665,346,1,2
347,666,322,0,3
347,670,322,0,3
347,678,372,3,0
347,689,348,2,1
347,693,346,1,2
347,695,322,0,3
347,696,346,1,2
348,639,323,0,3
348,650,323,0,3
348,653,347,1,2
348,663,373,3,0
348,666,323,0,3
348,670,323,0,3
348,678,373,3,0
348,693,347,1,2
348,695,323,0,3
349,625,374,3,0
349,639,324,0,3
349,650,324,0,3
349,653,348,1,2
349,670,324,0,3
349,677,325,2,3
349,678,374,3,0
349,693,348,1,2
349,695,324,0,3
350,670,325,0,2
351,648,350,1,1
351,670,326,0,3
352,625,377,3,0
352,650,327,0,3
352,653,353,2,1
352,670,327,0,3
352,678,377,3,0
352,693,353,2,1
352,695,327,0,3
353,639,328,0,3
353,650,328,0,3
353,653,354,2,1
353,663,378,3,0
353,666,328,0,3
353,670,328,0,3
353,678,378,3,0
353,693,354,2,1
353,695,328,0,3
354,639,329,0,3
354,650,329,0,3
354,653,355,2,1
354,666,329,0,3
354,670,329,0,3
354,678,379,3,0
354,693,355,2,1
354,695,329,0,3
354,696,355,2,1
355,638,356,2,1
355,639,330,0,3
355,650,330,0,3
355,653,356,2,1
355,657,380,3,0
355,665,356,2,1
355,666,330,0,3
355,670,330,0,3
355,678,380,3,0
355,693,356,2,1
355,694,356,2,1
355,695,330,0,3
355,696,356,2,1
356,639,331,0,3
356,650,331,0,3
356,653,357,2,1
356,657,381,3,0
356,665,357,2,1
356,666,331,0,3
356,670,331,0,3
356,678,381,3,0
356,693,357,2,1
356,695,331,0,3
356,696,357,2,1
356,721,357,2,1
357,639,332,0,3
357,650,332,0,3
357,653,382,3,0
357,665,332,0,3
357,670,332,0,3
357,678,382,3,0
357,695,332,0,3
358,639,357,1,2
358,650,357,1,2
358,653,383,3,0
358,657,357,1,2
358,665,333,0,3
358,666,357,1,2
358,670,357,1,2
358,678,357,1,2
358,692,357,1,2
358,693,333,0,3
358,695,357,1,2
358,696,383,3,0
359,639,358,1,2
359,650,358,1,2
359,653,384,3,0
359,657,358,1,2
359,665,334,0,3
359,666,358,1,2
359,670,358,1,2
359,678,358,1,2
359,693,334,0,3
359,695,358,1,2
359,696,384,3,0
360,639,359,1,2
360,650,359,1,2
360,653,385,3,0
360,666,359,1,2
360,670,359,1,2
360,678,359,1,2
360,689,359,1,2
360,693,335,0,3
360,695,359,1,2
360,696,385,3,0
361,639,360,1,2
361,650,360,1,2
361,653,386,3,0
361,666,360,1,2
361,670,360,1,2
361,678,360,1,2
361,693,336,0,3
361,695,360,1,2
362,650,361,1,2
362,653,387,3,0
362,670,361,1,2
362,677,361,1,2
362,678,361,1,2
362,693,337,0,3
362,695,361,1,2
363,648,364,2,1
363,670,362,1,2
364,670,365,2,1
365,625,366,2,1
365,639,366,2,1
365,650,366,2,1
365,653,390,3,0
365,670,366,2,1
365,677,364,1,2
365,678,366,2,1
365,693,340,0,3
365,695,366,2,1
366,639,367,2,1
366,650,367,2,1
366,653,391,3,0
366,663,367,2,1
366,666,367,2,1
366,670,367,2,1
366,678,367,2,1
366,693,341,0,3
366,695,367,2,1
367,639,368,2,1
367,650,368,2,1
367,653,392,3,0
367,665,342,0,3
367,666,368,2,1
367,670,368,2,1
367,678,368,2,1
367,689,366,1,2
367,693,342,0,3
367,695,368,2,1
367,696,392,3,0
368,638,367,1,2
368,639,369,2,1
368,650,369,2,1
368,653,393,3,0
368,657,369,2,1
368,665,343,0,3
368,666,369,2,1
368,670,369,2,1
368,678,369,2,1
368,693,343,0,3
368,694,367,1,2
368,695,369,2,1
368,696,393,3,0
369,639,344,0,3
369,650,344,0,3
369,653,394,3,0
369,665,344,0,3
369,670,344,0,3
369,678,394,3,0
369,692,368,1,2
369,695,344,0,3
369,721,368,1,2
370,639,345,0,3
370,650,345,0,3
370,653,369,1,2
370,657,395,3,0
370,665,369,1,2
370,666,345,0,3
370,670,345,0,3
370,678,395,3,0
370,692,371,2,1
370,693,369,1,2
370,695,345,0,3
370,696,369,1,2
370,721,371,2,1
371,638,372,2,1
371,639,346,0,3
371,650,346,0,3
371,653,370,1,2
371,657,396,3,0
371,665,370,1,2
371,666,346,0,3
371,670,346,0,3
371,678,396,3,0
371,693,370,1,2
371,694,372,2,1
371,695,346,0,3
371,696,370,1,2
372,639,347,0,3
372,650,347,0,3
372,653,371,1,2
372,665,371,1,2
372,666,347,0,3
372,670,347,0,3
372,678,397,3,0
372,689,373,2,1
372,693,371,1,2
372,695,347,0,3
372,696,371,1,2
373,639,348,0,3
373,650,348,0,3
373,653,372,1,2
373,663,398,3,0
373,666,348,0,3
373,670,348,0,3
373,678,398,3,0
373,693,372,1,2
373,695,348,0,3
374,625,399,3,0
374,639,349,0,3
374,650,349,0,3
374,653,373,1,2
374,670,349,0,3
374,677,350,2,3
374,678,399,3,0
374,693,373,1,2
374,695,349,0,3
375,670,350,0,2
376,648,375,1,1
376,670,351,0,3
377,625,402,3,0
377,650,402,3,0
377,653,378,2,1
377,670,352,0,3
377,678,402,3,0
377,693,378,2,1
377,695,352,0,3
378,639,353,0,3
378,650,403,3,0
378,653,379,2,1
378,663,403,3,0
378,666,353,0,3
378,670,353,0,3
378,678,403,3,0
378,693,379,2,1
378,695,353,0,3
379,639,354,0,3
379,650,404,3,0
379,653,380,2,1
379,666,354,0,3
379,670,354,0,3
379,678,404,3,0
379,693,380,2,1
379,695,354,0,3
379,696,380,2,1
380,638,381,2,1
380,639,355,0,3
380,650,405,3,0
380,653,381,2,1
380,657,405,3,0
380,665,381,2,1
380,666,355,0,3
380,670,355,0,3
380,678,405,3,0
380,693,381,2,1
380,694,381,2,1
380,695,355,0,3
380,696,381,2,1
381,639,356,0,3
381,650,406,3,0
381,653,382,2,1
381,657,406,3,0
381,665,382,2,1
381,666,356,0,3
381,670,356,0,3
381,678,406,3,0
381,693,382,2,1
381,695,356,0,3
381,696,382,2,1
381,721,382,2,1
382,639,357,0,3
382,653,407,3,0
382,665,357,0,3
382,666,357,0,3
382,670,357,0,3
382,678,407,3,0
382,692,357,0,3
382,693,407,3,0
382,695,357,0,3
382,711,383,2,1
383,639,382,1,2
383,650,382,1,2
383,653,408,3,0
383,657,382,1,2
383,665,358,0,3
383,666,382,1,2
383,670,382,1,2
383,678,382,1,2
383,692,382,1,2
383,693,408,3,0
383,695,382,1,2
383,696,408,3,0
383,711,384,2,1
384,639,383,1,2
384,650,383,1,2
384,653,409,3,0
384,657,383,1,2
384,665,359,0,3
384,666,383,1,2
384,670,383,1,2
384,678,383,1,2
384,693,409,3,0
384,695,383,1,2
384,696,409,3,0
384,711,385,2,1
385,639,384,1,2
385,650,384,1,2
385,653,410,3,0
385,666,384,1,2
385,670,384,1,2
385,678,384,1,2
385,689,384,1,2
385,693,410,3,0
385,695,384,1,2
385,696,410,3,0
385,711,386,2,1
386,639,385,1,2
386,650,385,1,2
386,653,411,3,0
386,666,385,1,2
386,670,385,1,2
386,678,385,1,2
386,693,411,3,0
386,695,385,1,2
386,711,387,2,1
387,650,386,1,2
387,653,412,3,0
387,670,386,1,2
387,677,386,1,2
387,678,386,1,2
387,693,412,3,0
387,695,386,1,2
387,711,388,2,1
388,648,389,2,1
388,670,387,1,2
388,711,711,90,0
389,670,390,2,1
389,711,388,1,2
390,625,391,2,1
390,639,391,2,1
390,650,391,2,1
390,653,415,3,0
390,670,391,2,1
390,677,389,1,2
390,678,391,2,1
390,693,415,3,0
390,695,391,2,1
390,711,389,1,2
391,639,392,2,1
391,650,392,2,1
391,653,416,3,0
391,663,392,2,1
391,666,392,2,1
391,670,392,2,1
391,678,392,2,1
391,693,416,3,0
391,695,392,2,1
391,711,390,1,2
392,639,393,2,1
392,650,393,2,1
392,653,417,3,0
392,665,367,0,3
392,666,393,2,1
392,670,393,2,1
392,678,393,2,1
392,689,391,1,2
392,693,417,3,0
392,695,393,2,1
392,696,417,3,0
392,711,391,1,2
393,638,392,1,2
393,639,394,2,1
393,650,394,2,1
393,653,418,3,0
393,657,394,2,1
393,665,368,0,3
393,666,394,2,1
393,670,394,2,1
393,678,394,2,1
393,693,418,3,0
393,694,392,1,2
393,695,394,2,1
393,696,418,3,0
393,711,392,1,2
394,639,369,0,3
394,653,419,3,0
394,665,369,0,3
394,666,369,0,3
394,670,369,0,3
394,678,419,3,0
394,692,393,1,2
394,693,419,3,0
394,695,369,0,3
394,711,393,1,2
394,721,393,1,2
395,639,370,0,3
395,650,420,3,0
395,653,394,1,2
395,657,420,3,0
395,665,394,1,2
395,666,370,0,3
395,670,370,0,3
395,678,420,3,0
395,692,396,2,1
395,693,394,1,2
395,695,370,0,3
395,696,394,1,2
395,721,396,2,1
396,638,397,2,1
396,639,371,0,3
396,650,421,3,0
396,653,395,1,2
396,657,421,3,0
396,665,395,1,2
396,666,371,0,3
396,670,371,0,3
396,678,421,3,0
396,693,395,1,2
396,694,397,2,1
396,695,371,0,3
396,696,395,1,2
397,639,372,0,3
397,650,422,3,0
397,653,396,1,2
397,665,396,1,2
397,666,372,0,3
397,670,372,0,3
397,678,422,3,0
397,689,398,2,1
397,693,396,1,2
397,695,372,0,3
397,696,396,1,2
398,639,373,0,3
398,650,423,3,0
398,653,397,1,2
398,663,423,3,0
398,666,373,0,3
398,670,373,0,3
398,678,423,3,0
398,693,397,1,2
398,695,373,0,3
399,625,424,3,0
399,639,374,0,3
399,650,424,3,0
399,653,398,1,2
399,670,374,0,3
399,677,375,2,3
399,678,424,3,0
399,693,398,1,2
399,695,374,0,3
400,670,375,0,2
401,648,400,1,1
401,670,376,0,3
402,625,427,3,0
402,650,427,3,0
402,653,403,2,1
402,670,377,0,3
402,678,678,57,0
402,693,403,2,1
402,695,377,0,3
403,639,378,0,3
403,650,428,3,0
403,653,404,2,1
403,663,428,3,0
403,666,378,0,3
403,670,378,0,3
403,678,402,1,2
403,693,404,2,1
403,695,378,0,3
404,639,379,0,3
404,650,429,3,0
404,653,405,2,1
404,666,379,0,3
404,670,379,0,3
404,678,403,1,2
404,693,405,2,1
404,695,379,0,3
404,696,405,2,1
405,638,406,2,1
405,639,380,0,3
405,650,430,3,0
405,653,406,2,1
405,657,430,3,0
405,665,406,2,1
405,666,380,0,3
405,670,380,0,3
405,678,404,1,2
405,693,406,2,1
405,694,406,2,1
405,695,380,0,3
405,696,406,2,1
406,639,381,0,3
406,650,431,3,0
406,653,407,2,1
406,657,431,3,0
406,665,407,2,1
406,666,381,0,3
406,670,381,0,3
406,678,405,1,2
406,693,407,2,1
406,695,381,0,3
406,696,407,2,1
406,721,407,2,1
407,639,382,0,3
407,650,432,3,0
407,653,432,3,0
407,665,382,0,3
407,666,382,0,3
407,670,382,0,3
407,678,406,1,2
407,693,432,3,0
407,695,382,0,3
407,696,408,2,1
407,711,382,0,3
408,639,407,1,2
408,650,407,1,2
408,653,433,3,0
408,657,407,1,2
408,665,383,0,3
408,666,407,1,2
408,670,407,1,2
408,678,407,1,2
408,692,407,1,2
408,693,433,3,0
408,695,407,1,2
408,696,409,2,1
408,711,383,0,3
409,639,408,1,2
409,650,408,1,2
409,653,434,3,0
409,657,408,1,2
409,665,384,0,3
409,666,408,1,2
409,670,408,1,2
409,678,408,1,2
409,693,434,3,0
409,695,408,1,2
409,696,410,2,1
409,711,384,0,3
410,639,409,1,2
410,650,409,1,2
410,653,435,3,0
410,666,409,1,2
410,670,409,1,2
410,678,409,1,2
410,689,409,1,2
410,693,435,3,0
410,695,409,1,2
410,696,696,75,0
410,711,385,0,3
411,639,410,1,2
411,650,410,1,2
411,653,436,3,0
411,666,410,1,2
411,670,410,1,2
411,678,410,1,2
411,693,436,3,0
411,695,410,1,2
411,711,386,0,3
412,650,411,1,2
412,653,437,3,0
412,670,411,1,2
412,677,411,1,2
412,678,411,1,2
412,693,437,3,0
412,695,411,1,2
412,711,387,0,3
413,648,414,2,1
413,670,412,1,2
413,711,388,0,3
414,670,415,2,1
414,711,389,0,3
415,625,416,2,1
415,639,416,2,1
415,650,416,2,1
415,653,440,3,0
415,670,416,2,1
415,677,414,1,2
415,678,416,2,1
415,693,440,3,0
415,695,416,2,1
415,711,390,0,3
416,639,417,2,1
416,650,417,2,1
416,653,441,3,0
416,663,417,2,1
416,666,417,2,1
416,670,417,2,1
416,678,417,2,1
416,693,441,3,0
416,695,417,2,1
416,711,391,0,3
417,639,418,2,1
417,650,418,2,1
417,653,442,3,0
417,665,392,0,3
417,666,418,2,1
417,670,418,2,1
417,678,418,2,1
417,689,416,1,2
417,693,442,3,0
417,695,418,2,1
417,696,416,1,2
417,711,392,0,3
418,638,417,1,2
418,639,419,2,1
418,650,419,2,1
418,653,443,3,0
418,657,419,2,1
418,665,393,0,3
418,666,419,2,1
418,670,419,2,1
418,678,419,2,1
418,693,443,3,0
418,694,417,1,2
418,695,419,2,1
418,696,417,1,2
418,711,393,0,3
419,639,394,0,3
419,650,444,3,0
419,653,444,3,0
419,665,394,0,3
419,666,394,0,3
419,670,394,0,3
419,678,420,2,1
419,692,418,1,2
419,693,444,3,0
419,695,394,0,3
419,696,418,1,2
419,711,394,0,3
419,721,418,1,2
420,639,395,0,3
420,650,445,3,0
420,653,419,1,2
420,657,445,3,0
420,665,419,1,2
420,666,395,0,3
420,670,395,0,3
420,678,421,2,1
420,692,421,2,1
420,693,419,1,2
420,695,395,0,3
420,696,419,1,2
420,721,421,2,1
421,638,422,2,1
421,639,396,0,3
421,650,446,3,0
421,653,420,1,2
421,657,446,3,0
421,665,420,1,2
421,666,396,0,3
421,670,396,0,3
421,678,422,2,1
421,693,420,1,2
421,694,422,2,1
421,695,396,0,3
421,696,420,1,2
422,639,397,0,3
422,650,447,3,0
422,653,421,1,2
422,665,421,1,2
422,666,397,0,3
422,670,397,0,3
422,678,423,2,1
422,689,423,2,1
422,693,421,1,2
422,695,397,0,3
422,696,421,1,2
423,639,398,0,3
423,650,448,3,0
423,653,422,1,2
423,663,448,3,0
423,666,398,0,3
423,670,398,0,3
423,678,424,2,1
423,693,422,1,2
423,695,398,0,3
424,625,449,3,0
424,639,399,0,3
424,650,449,3,0
424,653,423,1,2
424,670,399,0,3
424,677,400,2,3
424,678,400,2,3
424,693,423,1,2
424,695,399,0,3
425,670,400,0,2
426,648,425,1,1
426,670,401,0,3
427,625,452,3,0
427,650,452,3,0
427,653,428,2,1
427,670,402,0,3
427,678,402,0,3
427,693,428,2,1
427,695,402,0,3
428,639,403,0,3
428,650,453,3,0
428,653,429,2,1
428,663,453,3,0
428,666,403,0,3
428,670,403,0,3
428,678,403,0,3
428,693,429,2,1
428,695,403,0,3
429,639,404,0,3
429,650,454,3,0
429,653,430,2,1
429,666,404,0,3
429,670,404,0,3
429,678,404,0,3
429,693,430,2,1
429,695,404,0,3
429,696,430,2,1
430,638,431,2,1
430,639,405,0,3
430,650,455,3,0
430,653,431,2,1
430,657,455,3,0
430,665,431,2,1
430,666,405,0,3
430,670,405,0,3
430,678,405,0,3
430,693,431,2,1
430,694,431,2,1
430,695,405,0,3
430,696,431,2,1
431,639,406,0,3
431,650,456,3,0
431,653,432,2,1
431,657,456,3,0
431,665,432,2,1
431,666,406,0,3
431,670,406,0,3
431,678,406,0,3
431,693,432,2,1
431,695,406,0,3
431,696,432,2,1
431,721,432,2,1
432,650,457,3,0
432,653,457,3,0
432,665,407,0,3
432,666,407,0,3
432,670,407,0,3
432,693,457,3,0
432,695,407,0,3
432,696,407,0,3
433,639,432,1,2
433,650,432,1,2
433,653,458,3,0
433,657,432,1,2
433,665,408,0,3
433,666,432,1,2
433,670,432,1,2
433,678,432,1,2
433,692,432,1,2
433,693,458,3,0
433,695,432,1,2
433,696,408,0,3
434,639,433,1,2
434,650,433,1,2
434,653,459,3,0
434,657,433,1,2
434,665,409,0,3
434,666,433,1,2
434,670,433,1,2
434,678,433,1,2
434,693,459,3,0
434,695,433,1,2
434,696,409,0,3
435,639,434,1,2
435,650,434,1,2
435,653,460,3,0
435,666,434,1,2
435,670,434,1,2
435,678,434,1,2
435,689,434,1,2
435,693,460,3,0
435,695,434,1,2
435,696,410,0,3
436,639,435,1,2
436,650,435,1,2
436,653,461,3,0
436,666,435,1,2
436,670,435,1,2
436,678,435,1,2
436,693,461,3,0
436,695,435,1,2
437,650,436,1,2
437,653,462,3,0
437,670,436,1,2
437,677,436,1,2
437,678,436,1,2
437,693,462,3,0
437,695,436,1,2
438,648,439,2,1
438,670,437,1,2
439,670,440,2,1
440,625,441,2,1
440,639,441,2,1
440,650,441,2,1
440,653,465,3,0
440,670,441,2,1
440,677,439,1,2
440,678,441,2,1
440,693,465,3,0
440,695,441,2,1
441,639,442,2,1
441,650,442,2,1
441,653,466,3,0
441,663,442,2,1
441,666,442,2,1
441,670,442,2,1
441,678,442,2,1
441,693,466,3,0
441,695,442,2,1
442,639,443,2,1
442,650,443,2,1
442,653,467,3,0
442,665,417,0,3
442,666,443,2,1
442,670,443,2,1
442,678,443,2,1
442,689,441,1,2
442,693,467,3,0
442,695,443,2,1
442,696,417,0,3
443,638,442,1,2
443,639,444,2,1
443,650,444,2,1
443,653,468,3,0
443,657,444,2,1
443,665,418,0,3
443,666,444,2,1
443,670,444,2,1
443,678,444,2,1
443,693,468,3,0
443,694,442,1,2
443,695,444,2,1
443,696,418,0,3
444,650,469,3,0
444,653,469,3,0
444,665,419,0,3
444,666,419,0,3
444,670,419,0,3
444,692,443,1,2
444,693,469,3,0
444,695,419,0,3
444,696,419,0,3
444,721,443,1,2
445,639,420,0,3
445,650,470,3,0
445,653,444,1,2
445,657,470,3,0
445,665,444,1,2
445,666,420,0,3
445,670,420,0,3
445,678,420,0,3
445,692,446,2,1
445,693,444,1,2
445,695,420,0,3
445,696,444,1,2
445,721,446,2,1
446,638,447,2,1
446,639,421,0,3
446,650,471,3,0
446,653,445,1,2
446,657,471,3,0
446,665,445,1,2
446,666,421,0,3
446,670,421,0,3
446,678,421,0,3
446,693,445,1,2
446,694,447,2,1
446,695,421,0,3
446,696,445,1,2
447,639,422,0,3
447,650,472,3,0
447,653,446,1,2
447,665,446,1,2
447,666,422,0,3
447,670,422,0,3
447,678,422,0,3
447,689,448,2,1
447,693,446,1,2
447,695,422,0,3
447,696,446,1,2
448,639,423,0,3
448,650,473,3,0
448,653,447,1,2
448,663,473,3,0
448,666,423,0,3
448,670,423,0,3
448,678,423,0,3
448,693,447,1,2
448,695,423,0,3
449,625,474,3,0
449,639,424,0,3
449,650,474,3,0
449,653,448,1,2
449,670,424,0,3
449,677,425,2,3
449,678,424,0,3
449,693,448,1,2
449,695,424,0,3
450,670,425,0,2
451,648,450,1,1
451,670,426,0,3
452,625,477,3,0
452,650,477,3,0
452,653,453,2,1
452,670,427,0,3
452,678,427,0,3
452,693,453,2,1
452,695,427,0,3
453,639,428,0,3
453,650,478,3,0
453,653,454,2,1
453,663,478,3,0
453,666,428,0,3
453,670,428,0,3
453,678,428,0,3
453,693,454,2,1
453,695,428,0,3
454,639,429,0,3
454,650,479,3,0
454,653,455,2,1
454,666,429,0,3
454,670,429,0,3
454,678,429,0,3
454,693,455,2,1
454,695,429,0,3
454,696,455,2,1
455,638,456,2,1
455,639,430,0,3
455,650,480,3,0
455,653,456,2,1
455,657,480,3,0
455,665,456,2,1
455,666,430,0,3
455,670,430,0,3
455,678,430,0,3
455,693,456,2,1
455,694,456,2,1
455,695,430,0,3
455,696,456,2,1
456,639,431,0,3
456,650,481,3,0
456,653,457,2,1
456,657,481,3,0
456,665,457,2,1
456,666,431,0,3
456,670,431,0,3
456,678,431,0,3
456,693,457,2,1
456,695,431,0,3
456,696,457,2,1
456,721,457,2,1
457,650,482,3,0
457,653,482,3,0
457,657,482,3,0
457,666,432,0,3
457,670,432,0,3
457,678,432,0,3
457,693,482,3,0
457,695,432,0,3
457,696,432,0,3
457,721,482,3,0
458,639,457,1,2
458,650,457,1,2
458,653,483,3,0
458,657,457,1,2
458,665,483,3,0
458,666,457,1,2
458,670,457,1,2
458,678,457,1,2
458,692,457,1,2
458,693,483,3,0
458,695,457,1,2
458,696,433,0,3
459,639,458,1,2
459,650,458,1,2
459,653,484,3,0
459,657,458,1,2
459,665,484,3,0
459,666,458,1,2
459,670,458,1,2
459,678,458,1,2
459,693,484,3,0
459,695,458,1,2
459,696,434,0,3
460,639,459,1,2
460,650,459,1,2
460,653,485,3,0
460,666,459,1,2
460,670,459,1,2
460,678,459,1,2
460,689,459,1,2
460,693,485,3,0
460,695,459,1,2
460,696,435,0,3
461,639,460,1,2
461,650,460,1,2
461,653,486,3,0
461,666,460,1,2
461,670,460,1,2
461,678,460,1,2
461,693,486,3,0
461,695,460,1,2
462,650,461,1,2
462,653,487,3,0
462,670,461,1,2
462,677,461,1,2
462,678,461,1,2
462,693,487,3,0
462,695,461,1,2
463,648,464,2,1
463,670,462,1,2
464,670,465,2,1
465,625,466,2,1
465,639,466,2,1
465,650,466,2,1
465,653,490,3,0
465,670,466,2,1
465,677,464,1,2
465,678,466,2,1
465,693,490,3,0
465,695,466,2,1
466,639,467,2,1
466,650,467,2,1
466,653,491,3,0
466,663,467,2,1
466,666,467,2,1
466,670,467,2,1
466,678,467,2,1
466,693,491,3,0
466,695,467,2,1
467,639,468,2,1
467,650,468,2,1
467,653,492,3,0
467,665,492,3,0
467,666,468,2,1
467,670,468,2,1
467,678,468,2,1
467,689,466,1,2
467,693,492,3,0
467,695,468,2,1
467,696,442,0,3
468,638,467,1,2
468,639,469,2,1
468,650,469,2,1
468,653,493,3,0
468,657,469,2,1
468,665,493,3,0
468,666,469,2,1
468,670,469,2,1
468,678,469,2,1
468,693,493,3,0
468,694,467,1,2
468,695,469,2,1
468,696,443,0,3
469,650,494,3,0
469,653,494,3,0
469,657,494,3,0
469,666,444,0,3
469,670,444,0,3
469,678,444,0,3
469,692,468,1,2
469,693,494,3,0
469,695,444,0,3
469,696,444,0,3
469,721,468,1,2
470,639,445,0,3
470,650,495,3,0
470,653,469,1,2
470,657,495,3,0
470,665,469,1,2
470,666,445,0,3
470,670,445,0,3
470,678,445,0,3
470,692,471,2,1
470,693,469,1,2
470,695,445,0,3
470,696,469,1,2
470,721,471,2,1
471,638,472,2,1
471,639,446,0,3
471,650,496,3,0
471,653,470,1,2
471,657,496,3,0
471,665,470,1,2
471,666,446,0,3
471,670,446,0,3
471,678,446,0,3
471,693,470,1,2
471,694,472,2,1
471,695,446,0,3
471,696,470,1,2
472,639,447,0,3
472,650,497,3,0
472,653,471,1,2
472,665,471,1,2
472,666,447,0,3
472,670,447,0,3
472,678,447,0,3
472,689,473,2,1
472,693,471,1,2
472,695,447,0,3
472,696,471,1,2
473,639,448,0,3
473,650,498,3,0
473,653,472,1,2
473,663,498,3,0
473,666,448,0,3
473,670,448,0,3
473,678,448,0,3
473,693,472,1,2
473,695,448,0,3
474,625,499,3,0
474,639,449,0,3
474,650,499,3,0
474,653,473,1,2
474,670,449,0,3
474,677,450,2,3
474,678,449,0,3
474,693,473,1,2
474,695,449,0,3
475,670,450,0,2
476,648,475,1,1
476,670,451,0,3
477,625,502,3,0
477,650,502,3,0
477,653,478,2,1
477,670,452,0,3
477,678,452,0,3
477,693,478,2,1
477,695,452,0,3
478,639,503,3,0
478,650,503,3,0
478,653,479,2,1
478,663,503,3,0
478,666,453,0,3
478,670,453,0,3
478,678,453,0,3
478,693,479,2,1
478,695,453,0,3
479,639,504,3,0
479,650,504,3,0
479,653,480,2,1
479,666,454,0,3
479,670,454,0,3
479,678,454,0,3
479,693,480,2,1
479,695,454,0,3
479,696,480,2,1
480,638,481,2,1
480,639,505,3,0
480,650,505,3,0
480,653,481,2,1
480,657,505,3,0
480,665,481,2,1
480,666,455,0,3
480,670,455,0,3
480,678,455,0,3
480,693,481,2,1
480,694,481,2,1
480,695,455,0,3
480,696,481,2,1
481,639,506,3,0
481,650,506,3,0
481,653,482,2,1
481,657,506,3,0
481,665,482,2,1
481,666,456,0,3
481,670,456,0,3
481,678,456,0,3
481,693,482,2,1
481,694,506,3,0
481,695,456,0,3
481,696,482,2,1
481,721,482,2,1
482,639,507,3,0
482,650,507,3,0
482,657,507,3,0
482,666,457,0,3
482,670,457,0,3
482,678,457,0,3
482,693,507,3,0
482,694,507,3,0
482,695,457,0,3
482,696,457,0,3
483,639,482,1,2
483,650,482,1,2
483,653,508,3,0
483,657,482,1,2
483,665,508,3,0
483,666,482,1,2
483,670,482,1,2
483,678,482,1,2
483,692,482,1,2
483,693,508,3,0
483,695,482,1,2
483,696,458,0,3
484,639,483,1,2
484,650,483,1,2
484,653,509,3,0
484,657,483,1,2
484,665,509,3,0
484,666,483,1,2
484,670,483,1,2
484,678,483,1,2
484,693,509,3,0
484,695,483,1,2
484,696,459,0,3
485,639,484,1,2
485,650,484,1,2
485,653,510,3,0
485,666,484,1,2
485,670,484,1,2
485,678,484,1,2
485,689,484,1,2
485,693,510,3,0
485,695,484,1,2
485,696,460,0,3
486,639,485,1,2
486,650,485,1,2
486,653,511,3,0
486,666,485,1,2
486,670,485,1,2
486,678,485,1,2
486,693,511,3,0
486,695,485,1,2
487,650,486,1,2
487,653,512,3,0
487,670,486,1,2
487,677,486,1,2
487,678,486,1,2
487,693,512,3,0
487,695,486,1,2
488,648,489,2,1
488,670,487,1,2
489,670,490,2,1
490,625,491,2,1
490,639,491,2,1
490,650,491,2,1
490,653,515,3,0
490,670,491,2,1
490,677,489,1,2
490,678,491,2,1
490,693,515,3,0
490,695,491,2,1
491,639,492,2,1
491,650,492,2,1
491,653,516,3,0
491,663,492,2,1
491,666,492,2,1
491,670,492,2,1
491,678,492,2,1
491,693,516,3,0
491,695,492,2,1
492,639,493,2,1
492,650,493,2,1
492,653,517,3,0
492,665,517,3,0
492,666,493,2,1
492,670,493,2,1
492,678,493,2,1
492,689,491,1,2
492,693,517,3,0
492,695,493,2,1
492,696,467,0,3
493,638,492,1,2
493,639,494,2,1
493,650,494,2,1
493,653,518,3,0
493,657,494,2,1
493,665,518,3,0
493,666,494,2,1
493,670,494,2,1
493,678,494,2,1
493,693,518,3,0
493,694,492,1,2
493,695,494,2,1
493,696,468,0,3
494,639,519,3,0
494,650,519,3,0
494,657,519,3,0
494,666,469,0,3
494,670,469,0,3
494,678,469,0,3
494,692,493,1,2
494,693,519,3,0
494,694,519,3,0
494,695,469,0,3
494,696,469,0,3
494,721,493,1,2
495,639,520,3,0
495,650,520,3,0
495,653,494,1,2
495,657,520,3,0
495,665,494,1,2
495,666,470,0,3
495,670,470,0,3
495,678,470,0,3
495,692,496,2,1
495,693,494,1,2
495,694,520,3,0
495,695,470,0,3
495,696,494,1,2
495,721,496,2,1
496,638,497,2,1
496,639,521,3,0
496,650,521,3,0
496,653,495,1,2
496,657,521,3,0
496,665,495,1,2
496,666,471,0,3
496,670,471,0,3
496,678,471,0,3
496,693,495,1,2
496,694,497,2,1
496,695,471,0,3
496,696,495,1,2
497,639,522,3,0
497,650,522,3,0
497,653,496,1,2
497,665,496,1,2
497,666,472,0,3
497,670,472,0,3
497,678,472,0,3
497,689,498,2,1
497,693,496,1,2
497,695,472,0,3
497,696,496,1,2
498,639,523,3,0
498,650,523,3,0
498,653,497,1,2
498,663,523,3,0
498,666,473,0,3
498,670,473,0,3
498,678,473,0,3
498,693,497,1,2
498,695,473,0,3
499,625,524,3,0
499,639,524,3,0
499,650,524,3,0
499,653,498,1,2
499,670,474,0,3
499,677,475,2,3
499,678,474,0,3
499,693,498,1,2
499,695,474,0,3
500,670,475,0,2
501,648,500,1,1
501,670,476,0,3
502,625,527,3,0
502,650,527,3,0
502,653,503,2,1
502,670,477,0,3
502,678,477,0,3
502,693,503,2,1
502,695,477,0,3
503,639,528,3,0
503,650,528,3,0
503,653,504,2,1
503,663,528,3,0
503,666,478,0,3
503,670,478,0,3
503,678,478,0,3
503,693,504,2,1
503,695,478,0,3
504,639,529,3,0
504,650,529,3,0
504,653,505,2,1
504,666,479,0,3
504,670,479,0,3
504,678,479,0,3
504,693,505,2,1
504,695,479,0,3
504,696,505,2,1
505,638,506,2,1
505,639,530,3,0
505,650,530,3,0
505,653,506,2,1
505,657,530,3,0
505,665,506,2,1
505,666,480,0,3
505,670,480,0,3
505,678,480,0,3
505,693,506,2,1
505,694,506,2,1
505,695,480,0,3
505,696,506,2,1
506,638,638,17,0
506,639,531,3,0
506,650,531,3,0
506,653,507,2,1
506,657,531,3,0
506,665,507,2,1
506,666,481,0,3
506,670,481,0,3
506,678,481,0,3
506,693,507,2,1
506,695,481,0,3
506,696,507,2,1
506,721,507,2,1
507,638,506,1,2
507,639,532,3,0
507,650,532,3,0
507,653,508,2,1
507,657,532,3,0
507,666,482,0,3
507,670,482,0,3
507,678,482,0,3
507,693,532,3,0
507,695,482,0,3
507,696,482,0,3
508,639,507,1,2
508,650,507,1,2
508,653,509,2,1
508,657,507,1,2
508,665,533,3,0
508,666,507,1,2
508,670,507,1,2
508,678,507,1,2
508,692,507,1,2
508,693,533,3,0
508,695,507,1,2
508,696,483,0,3
509,639,508,1,2
509,650,508,1,2
509,653,510,2,1
509,657,508,1,2
509,665,534,3,0
509,666,508,1,2
509,670,508,1,2
509,678,508,1,2
509,693,534,3,0
509,695,508,1,2
509,696,484,0,3
510,639,509,1,2
510,650,509,1,2
510,653,511,2,1
510,666,509,1,2
510,670,509,1,2
510,678,509,1,2
510,689,509,1,2
510,693,535,3,0
510,695,509,1,2
510,696,485,0,3
511,639,510,1,2
511,650,510,1,2
511,653,512,2,1
511,666,510,1,2
511,670,510,1,2
511,678,510,1,2
511,693,536,3,0
511,695,510,1,2
512,650,511,1,2
512,653,653,32,0
512,670,511,1,2
512,677,511,1,2
512,678,511,1,2
512,693,537,3,0
512,695,511,1,2
513,648,514,2,1
513,670,512,1,2
514,670,515,2,1
515,625,516,2,1
515,639,516,2,1
515,650,516,2,1
515,653,514,1,2
515,670,516,2,1
515,677,514,1,2
515,678,516,2,1
515,693,540,3,0
515,695,516,2,1
516,639,517,2,1
516,650,517,2,1
516,653,515,1,2
516,663,517,2,1
516,666,517,2,1
516,670,517,2,1
516,678,517,2,1
516,693,541,3,0
516,695,517,2,1
517,639,518,2,1
517,650,518,2,1
517,653,516,1,2
517,665,542,3,0
517,666,518,2,1
517,670,518,2,1
517,678,518,2,1
517,689,516,1,2
517,693,542,3,0
517,695,518,2,1
517,696,492,0,3
518,638,517,1,2
518,639,519,2,1
518,650,519,2,1
518,653,517,1,2
518,657,519,2,1
518,665,543,3,0
518,666,519,2,1
518,670,519,2,1
518,678,519,2,1
518,693,543,3,0
518,694,517,1,2
518,695,519,2,1
518,696,493,0,3
519,638,520,2,1
519,639,544,3,0
519,650,544,3,0
519,653,518,1,2
519,657,544,3,0
519,666,494,0,3
519,670,494,0,3
519,678,494,0,3
519,692,518,1,2
519,693,544,3,0
519,695,494,0,3
519,696,494,0,3
519,721,518,1,2
520,638,521,2,1
520,639,545,3,0
520,650,545,3,0
520,653,519,1,2
520,657,545,3,0
520,665,519,1,2
520,666,495,0,3
520,670,495,0,3
520,678,495,0,3
520,692,521,2,1
520,693,519,1,2
520,695,495,0,3
520,696,519,1,2
520,721,521,2,1
521,638,522,2,1
521,639,546,3,0
521,650,546,3,0
521,653,520,1,2
521,657,546,3,0
521,665,520,1,2
521,666,496,0,3
521,670,496,0,3
521,678,496,0,3
521,693,520,1,2
521,694,522,2,1
521,695,496,0,3
521,696,520,1,2
522,639,547,3,0
522,650,547,3,0
522,653,521,1,2
522,665,521,1,2
522,666,497,0,3
522,670,497,0,3
522,678,497,0,3
522,689,523,2,1
522,693,521,1,2
522,695,497,0,3
522,696,521,1,2
523,639,548,3,0
523,650,548,3,0
523,653,522,1,2
523,663,548,3,0
523,666,498,0,3
523,670,498,0,3
523,678,498,0,3
523,693,522,1,2
523,695,498,0,3
524,625,549,3,0
524,639,549,3,0
524,650,549,3,0
524,653,523,1,2
524,670,499,0,3
524,677,500,2,3
524,678,499,0,3
524,693,523,1,2
524,695,499,0,3
525,670,500,0,2
526,648,525,1,1
526,670,501,0,3
527,625,552,3,0
527,650,552,3,0
527,653,528,2,1
527,670,502,0,3
527,678,502,0,3
527,693,528,2,1
527,695,502,0,3
528,639,553,3,0
528,650,553,3,0
528,653,529,2,1
528,663,553,3,0
528,666,503,0,3
528,670,503,0,3
528,678,503,0,3
528,693,529,2,1
528,695,503,0,3
529,639,554,3,0
529,650,554,3,0
529,653,530,2,1
529,666,504,0,3
529,670,504,0,3
529,678,504,0,3
529,693,530,2,1
529,695,504,0,3
529,696,530,2,1
530,638,531,2,1
530,639,555,3,0
530,650,555,3,0
530,653,531,2,1
530,657,555,3,0
530,665,531,2,1
530,666,505,0,3
530,670,505,0,3
530,678,505,0,3
530,693,531,2,1
530,694,531,2,1
530,695,505,0,3
530,696,531,2,1
531,638,506,0,3
531,639,556,3,0
531,650,556,3,0
531,653,532,2,1
531,657,556,3,0
531,665,532,2,1
531,666,506,0,3
531,670,506,0,3
531,678,506,0,3
531,693,532,2,1
531,695,506,0,3
531,696,532,2,1
531,721,532,2,1
532,638,507,0,3
532,639,557,3,0
532,650,557,3,0
532,653,507,0,3
532,657,557,3,0
532,666,507,0,3
532,670,507,0,3
532,678,507,0,3
532,693,557,3,0
532,695,507,0,3
532,696,507,0,3
533,639,532,1,2
533,650,532,1,2
533,653,508,0,3
533,657,532,1,2
533,665,558,3,0
533,666,532,1,2
533,670,532,1,2
533,678,532,1,2
533,692,532,1,2
533,693,558,3,0
533,695,532,1,2
533,696,508,0,3
534,639,533,1,2
534,650,533,1,2
534,653,509,0,3
534,657,533,1,2
534,665,559,3,0
534,666,533,1,2
534,670,533,1,2
534,678,533,1,2
534,693,559,3,0
534,695,533,1,2
534,696,509,0,3
535,639,534,1,2
535,650,534,1,2
535,653,510,0,3
535,666,534,1,2
535,670,534,1,2
535,678,534,1,2
535,689,534,1,2
535,693,560,3,0
535,695,534,1,2
535,696,510,0,3
536,639,535,1,2
536,650,535,1,2
536,653,511,0,3
536,666,535,1,2
536,670,535,1,2
536,678,535,1,2
536,693,561,3,0
536,695,535,1,2
537,650,536,1,2
537,653,512,0,3
537,670,536,1,2
537,677,536,1,2
537,678,536,1,2
537,693,562,3,0
537,695,536,1,2
538,648,539,2,1
538,670,537,1,2
539,670,540,2,1
540,625,541,2,1
540,639,541,2,1
540,650,541,2,1
540,653,515,0,3
540,670,541,2,1
540,677,539,1,2
540,678,541,2,1
540,693,565,3,0
540,695,541,2,1
541,639,542,2,1
541,650,542,2,1
541,653,516,0,3
541,663,542,2,1
541,666,542,2,1
541,670,542,2,1
541,678,542,2,1
541,693,566,3,0
541,695,542,2,1
542,639,543,2,1
542,650,543,2,1
542,653,517,0,3
542,665,567,3,0
542,666,543,2,1
542,670,543,2,1
542,678,543,2,1
542,689,541,1,2
542,693,567,3,0
542,695,543,2,1
542,696,517,0,3
543,638,542,1,2
543,639,544,2,1
543,650,544,2,1
543,653,518,0,3
543,657,544,2,1
543,665,568,3,0
543,666,544,2,1
543,670,544,2,1
543,678,544,2,1
543,693,568,3,0
543,694,542,1,2
543,695,544,2,1
543,696,518,0,3
544,638,519,0,3
544,639,569,3,0
544,650,569,3,0
544,653,519,0,3
544,657,569,3,0
544,666,519,0,3
544,670,519,0,3
544,678,519,0,3
544,692,543,1,2
544,693,569,3,0
544,695,519,0,3
544,696,519,0,3
544,721,543,1,2
545,638,520,0,3
545,639,570,3,0
545,650,570,3,0
545,653,544,1,2
545,657,570,3,0
545,665,544,1,2
545,666,520,0,3
545,670,520,0,3
545,678,520,0,3
545,692,546,2,1
545,693,544,1,2
545,695,520,0,3
545,696,544,1,2
545,721,546,2,1
546,639,571,3,0
546,650,571,3,0
546,653,545,1,2
546,657,571,3,0
546,665,545,1,2
546,666,521,0,3
546,670,521,0,3
546,678,521,0,3
546,693,545,1,2
546,694,547,2,1
546,695,521,0,3
546,696,545,1,2
547,639,572,3,0
547,650,572,3,0
547,653,546,1,2
547,665,546,1,2
547,666,522,0,3
547,670,522,0,3
547,678,522,0,3
547,689,548,2,1
547,693,546,1,2
547,695,522,0,3
547,696,546,1,2
548,639,573,3,0
548,650,573,3,0
548,653,547,1,2
548,663,573,3,0
548,666,523,0,3
548,670,523,0,3
548,678,523,0,3
548,693,547,1,2
548,695,523,0,3
549,625,574,3,0
549,639,574,3,0
549,650,574,3,0
549,653,548,1,2
549,670,524,0,3
549,677,525,2,3
549,678,524,0,3
549,693,548,1,2
549,695,524,0,3
550,670,525,0,2
551,648,550,1,1
551,670,526,0,3
552,625,577,3,0
552,650,577,3,0
552,653,553,2,1
552,670,527,0,3
552,678,527,0,3
552,693,553,2,1
552,695,577,3,0
553,639,578,3,0
553,650,578,3,0
553,653,554,2,1
553,663,578,3,0
553,666,528,0,3
553,670,528,0,3
553,678,528,0,3
553,693,554,2,1
553,695,578,3,0
554,639,579,3,0
554,650,579,3,0
554,653,555,2,1
554,666,529,0,3
554,670,529,0,3
554,678,529,0,3
554,693,555,2,1
554,695,579,3,0
554,696,555,2,1
555,638,556,2,1
555,639,580,3,0
555,650,580,3,0
555,653,556,2,1
555,657,580,3,0
555,665,556,2,1
555,666,530,0,3
555,670,530,0,3
555,678,530,0,3
555,693,556,2,1
555,694,556,2,1
555,695,580,3,0
555,696,556,2,1
556,639,581,3,0
556,650,581,3,0
556,653,557,2,1
556,657,581,3,0
556,665,557,2,1
556,666,531,0,3
556,670,531,0,3
556,678,531,0,3
556,693,557,2,1
556,695,581,3,0
556,696,557,2,1
556,721,557,2,1
557,639,582,3,0
557,650,582,3,0
557,653,532,0,3
557,657,582,3,0
557,666,532,0,3
557,670,532,0,3
557,678,532,0,3
557,693,582,3,0
557,696,532,0,3
558,639,557,1,2
558,650,557,1,2
558,653,533,0,3
558,657,557,1,2
558,665,583,3,0
558,666,557,1,2
558,670,557,1,2
558,678,557,1,2
558,692,557,1,2
558,693,583,3,0
558,695,557,1,2
558,696,533,0,3
559,639,558,1,2
559,650,558,1,2
559,653,534,0,3
559,657,558,1,2
559,665,584,3,0
559,666,558,1,2
559,670,558,1,2
559,678,558,1,2
559,693,584,3,0
559,695,558,1,2
559,696,534,0,3
560,639,559,1,2
560,650,559,1,2
560,653,535,0,3
560,666,559,1,2
560,670,559,1,2
560,678,559,1,2
560,689,559,1,2
560,693,585,3,0
560,695,559,1,2
560,696,535,0,3
561,639,560,1,2
561,650,560,1,2
561,653,536,0,3
561,666,560,1,2
561,670,560,1,2
561,678,560,1,2
561,693,586,3,0
561,695,560,1,2
562,650,561,1,2
562,653,537,0,3
562,670,561,1,2
562,677,561,1,2
562,678,561,1,2
562,693,587,3,0
562,695,561,1,2
563,648,564,2,1
563,670,562,1,2
564,670,565,2,1
565,625,566,2,1
565,639,566,2,1
565,650,566,2,1
565,653,540,0,3
565,670,566,2,1
565,677,564,1,2
565,678,566,2,1
565,693,590,3,0
565,695,566,2,1
566,639,567,2,1
566,650,567,2,1
566,653,541,0,3
566,663,567,2,1
566,666,567,2,1
566,670,567,2,1
566,678,567,2,1
566,693,591,3,0
566,695,567,2,1
567,639,568,2,1
567,650,568,2,1
567,653,542,0,3
567,665,592,3,0
567,666,568,2,1
567,670,568,2,1
567,678,568,2,1
567,689,566,1,2
567,693,592,3,0
567,695,568,2,1
567,696,542,0,3
568,638,567,1,2
568,639,569,2,1
568,650,569,2,1
568,653,543,0,3
568,657,569,2,1
568,665,593,3,0
568,666,569,2,1
568,670,569,2,1
568,678,569,2,1
568,693,593,3,0
568,694,567,1,2
568,695,569,2,1
568,696,543,0,3
569,639,594,3,0
569,650,594,3,0
569,653,544,0,3
569,657,594,3,0
569,666,544,0,3
569,670,544,0,3
569,678,544,0,3
569,692,568,1,2
569,693,594,3,0
569,696,544,0,3
569,721,568,1,2
570,639,595,3,0
570,650,595,3,0
570,653,569,1,2
570,657,595,3,0
570,665,569,1,2
570,666,545,0,3
570,670,545,0,3
570,678,545,0,3
570,692,571,2,1
570,693,569,1,2
570,695,595,3,0
570,696,569,1,2
570,721,571,2,1
571,638,572,2,1
571,639,596,3,0
571,650,596,3,0
571,653,570,1,2
571,657,596,3,0
571,665,570,1,2
571,666,546,0,3
571,670,546,0,3
571,678,546,0,3
571,693,570,1,2
571,694,572,2,1
571,695,596,3,0
571,696,570,1,2
572,639,597,3,0
572,650,597,3,0
572,653,571,1,2
572,665,571,1,2
572,666,547,0,3
572,670,547,0,3
572,678,547,0,3
572,689,573,2,1
572,693,571,1,2
572,695,597,3,0
572,696,571,1,2
573,639,598,3,0
573,650,598,3,0
573,653,572,1,2
573,663,598,3,0
573,666,548,0,3
573,670,548,0,3
573,678,548,0,3
573,693,572,1,2
573,695,598,3,0
574,625,599,3,0
574,639,599,3,0
574,650,599,3,0
574,653,573,1,2
574,670,549,0,3
574,677,550,2,3
574,678,549,0,3
574,693,573,1,2
574,695,599,3,0
575,670,600,2,0
576,648,575,1,1
576,670,601,3,0
577,625,602,3,0
577,650,602,3,0
577,653,578,2,1
577,670,602,3,0
577,678,552,0,3
577,693,578,2,1
577,695,602,3,0
578,639,603,3,0
578,650,603,3,0
578,653,579,2,1
578,663,603,3,0
578,666,553,0,3
578,670,603,3,0
578,678,553,0,3
578,693,579,2,1
578,695,603,3,0
579,639,604,3,0
579,650,604,3,0
579,653,580,2,1
579,663,604,3,0
579,666,554,0,3
579,670,604,3,0
579,678,554,0,3
579,693,580,2,1
579,695,604,3,0
579,696,580,2,1
580,638,581,2,1
580,639,605,3,0
580,650,605,3,0
580,653,581,2,1
580,657,605,3,0
580,663,605,3,0
580,665,581,2,1
580,666,555,0,3
580,670,605,3,0
580,678,555,0,3
580,693,581,2,1
580,694,581,2,1
580,695,605,3,0
580,696,581,2,1
581,639,606,3,0
581,650,606,3,0
581,653,582,2,1
581,657,606,3,0
581,663,606,3,0
581,665,582,2,1
581,666,556,0,3
581,670,606,3,0
581,678,556,0,3
581,693,582,2,1
581,695,606,3,0
581,696,582,2,1
581,721,582,2,1
582,639,607,3,0
582,650,607,3,0
582,653,557,0,3
582,657,607,3,0
582,663,607,3,0
582,665,607,3,0
582,666,557,0,3
582,670,607,3,0
582,678,557,0,3
582,689,607,3,0
582,693,607,3,0
582,695,607,3,0
582,696,557,0,3
583,639,582,1,2
583,650,582,1,2
583,653,558,0,3
583,657,582,1,2
583,665,608,3,0
583,666,582,1,2
583,670,582,1,2
583,678,582,1,2
583,689,608,3,0
583,692,582,1,2
583,693,608,3,0
583,695,582,1,2
583,696,558,0,3
584,639,583,1,2
584,650,583,1,2
584,653,559,0,3
584,657,583,1,2
584,665,609,3,0
584,666,583,1,2
584,670,583,1,2
584,678,583,1,2
584,689,609,3,0
584,693,609,3,0
584,695,583,1,2
584,696,559,0,3
585,639,584,1,2
585,650,584,1,2
585,653,560,0,3
585,666,584,1,2
585,670,584,1,2
585,678,584,1,2
585,689,584,1,2
585,693,610,3,0
585,695,584,1,2
585,696,560,0,3
586,639,585,1,2
586,650,585,1,2
586,653,561,0,3
586,666,585,1,2
586,670,585,1,2
586,678,585,1,2
586,693,611,3,0
586,695,585,1,2
587,650,586,1,2
587,653,562,0,3
587,670,586,1,2
587,677,586,1,2
587,678,586,1,2
587,693,612,3,0
587,695,586,1,2
588,648,589,2,1
588,670,587,1,2
589,670,590,2,1
590,625,591,2,1
590,639,591,2,1
590,650,591,2,1
590,653,565,0,3
590,670,591,2,1
590,677,589,1,2
590,678,591,2,1
590,693,615,3,0
590,695,591,2,1
591,639,592,2,1
591,650,592,2,1
591,653,566,0,3
591,663,592,2,1
591,666,592,2,1
591,670,592,2,1
591,678,592,2,1
591,693,616,3,0
591,695,592,2,1
592,639,593,2,1
592,650,593,2,1
592,653,567,0,3
592,665,617,3,0
592,666,593,2,1
592,670,593,2,1
592,678,593,2,1
592,693,617,3,0
592,695,593,2,1
592,696,567,0,3
593,638,592,1,2
593,639,594,2,1
593,650,594,2,1
593,653,568,0,3
593,657,594,2,1
593,665,618,3,0
593,666,594,2,1
593,670,594,2,1
593,678,594,2,1
593,689,618,3,0
593,693,618,3,0
593,694,592,1,2
593,695,594,2,1
593,696,568,0,3
594,639,619,3,0
594,650,619,3,0
594,653,569,0,3
594,657,619,3,0
594,663,619,3,0
594,665,619,3,0
594,666,569,0,3
594,670,619,3,0
594,678,569,0,3
594,689,619,3,0
594,692,593,1,2
594,693,619,3,0
594,695,619,3,0
594,696,569,0,3
594,721,593,1,2
595,639,620,3,0
595,650,620,3,0
595,653,594,1,2
595,657,620,3,0
595,663,620,3,0
595,665,594,1,2
595,666,570,0,3
595,670,620,3,0
595,678,570,0,3
595,692,596,2,1
595,693,594,1,2
595,695,620,3,0
595,696,594,1,2
595,721,596,2,1
596,638,597,2,1
596,639,621,3,0
596,650,621,3,0
596,653,595,1,2
596,657,621,3,0
596,663,621,3,0
596,665,595,1,2
596,666,571,0,3
596,670,621,3,0
596,678,571,0,3
596,693,595,1,2
596,694,597,2,1
596,695,621,3,0
596,696,595,1,2
597,639,622,3,0
597,650,622,3,0
597,653,596,1,2
597,663,622,3,0
597,665,596,1,2
597,666,572,0,3
597,670,622,3,0
597,678,572,0,3
597,689,598,2,1
597,693,596,1,2
597,695,622,3,0
597,696,596,1,2
598,639,623,3,0
598,650,623,3,0
598,653,597,1,2
598,663,623,3,0
598,666,573,0,3
598,670,623,3,0
598,678,573,0,3
598,693,597,1,2
598,695,623,3,0
599,625,624,3,0
599,639,624,3,0
599,650,624,3,0
599,653,598,1,2
599,670,624,3,0
599,677,575,2,3
599,678,574,0,3
599,693,598,1,2
599,695,624,3,0
600,670,0,2,3
601,648,600,1,1
601,670,1,3,3
602,625,2,3,3
602,650,2,3,3
602,653,603,2,1
602,670,2,3,3
602,678,577,0,3
602,693,603,2,1
602,695,2,3,3
603,639,3,3,3
603,650,3,3,3
603,653,604,2,1
603,663,663,42,0
603,666,578,0,3
603,670,3,3,3
603,678,578,0,3
603,693,604,2,1
603,695,3,3,3
604,639,4,3,3
604,650,4,3,3
604,653,605,2,1
604,663,603,1,2
604,666,579,0,3
604,670,4,3,3
604,678,579,0,3
604,693,605,2,1
604,695,4,3,3
604,696,605,2,1
605,638,606,2,1
605,639,5,3,3
605,650,5,3,3
605,653,606,2,1
605,657,657,36,0
605,663,604,1,2
605,665,606,2,1
605,666,580,0,3
605,670,5,3,3
605,678,580,0,3
605,693,606,2,1
605,694,606,2,1
605,695,5,3,3
605,696,606,2,1
606,639,6,3,3
606,650,6,3,3
606,653,607,2,1
606,657,605,1,2
606,663,605,1,2
606,665,607,2,1
606,666,581,0,3
606,670,6,3,3
606,678,581,0,3
606,693,607,2,1
606,695,6,3,3
606,696,607,2,1
606,721,607,2,1
607,639,7,3,3
607,650,7,3,3
607,653,582,0,3
607,657,606,1,2
607,663,606,1,2
607,665,7,3,3
607,666,582,0,3
607,670,7,3,3
607,678,582,0,3
607,689,608,2,1
607,693,7,3,3
607,695,7,3,3
607,696,582,0,3
607,703,608,2,1
608,639,607,1,2
608,650,607,1,2
608,653,583,0,3
608,657,607,1,2
608,665,8,3,3
608,666,607,1,2
608,670,607,1,2
608,678,607,1,2
608,689,609,2,1
608,692,607,1,2
608,693,8,3,3
608,695,607,1,2
608,696,583,0,3
608,703,609,2,1
609,639,608,1,2
609,650,608,1,2
609,653,584,0,3
609,657,608,1,2
609,665,9,3,3
609,666,608,1,2
609,670,608,1,2
609,678,608,1,2
609,689,689,68,0
609,693,9,3,3
609,695,608,1,2
609,696,584,0,3
609,703,703,82,0
610,639,609,1,2
610,650,609,1,2
610,653,585,0,3
610,666,609,1,2
610,670,609,1,2
610,678,609,1,2
610,689,609,1,2
610,693,10,3,3
610,695,609,1,2
610,696,585,0,3
611,639,610,1,2
611,650,610,1,2
611,653,586,0,3
611,666,610,1,2
611,670,610,1,2
611,678,610,1,2
611,693,11,3,3
611,695,610,1,2
612,650,611,1,2
612,653,587,0,3
612,670,611,1,2
612,677,611,1,2
612,678,611,1,2
612,693,12,3,3
612,695,611,1,2
613,648,614,2,1
613,670,612,1,2
614,670,615,2,1
615,625,616,2,1
615,639,616,2,1
615,650,616,2,1
615,653,590,0,3
615,670,616,2,1
615,677,614,1,2
615,678,616,2,1
615,693,15,3,3
615,695,616,2,1
616,639,617,2,1
616,650,617,2,1
616,653,591,0,3
616,663,617,2,1
616,666,617,2,1
616,670,617,2,1
616,678,617,2,1
616,693,16,3,3
616,695,617,2,1
617,639,618,2,1
617,650,618,2,1
617,653,592,0,3
617,665,17,3,3
617,666,618,2,1
617,670,618,2,1
617,678,618,2,1
617,689,616,1,2
617,693,17,3,3
617,695,618,2,1
617,696,592,0,3
618,638,617,1,2
618,639,619,2,1
618,650,619,2,1
618,653,593,0,3
618,657,619,2,1
618,665,18,3,3
618,666,619,2,1
618,670,619,2,1
618,678,619,2,1
618,689,617,1,2
618,693,18,3,3
618,694,617,1,2
618,695,619,2,1
618,696,593,0,3
618,703,617,1,2
619,639,19,3,3
619,650,19,3,3
619,653,594,0,3
619,657,620,2,1
619,663,620,2,1
619,665,19,3,3
619,666,594,0,3
619,670,19,3,3
619,678,594,0,3
619,689,618,1,2
619,692,618,1,2
619,693,19,3,3
619,695,19,3,3
619,696,594,0,3
619,703,618,1,2
619,721,618,1,2
620,639,20,3,3
620,650,20,3,3
620,653,619,1,2
620,657,621,2,1
620,663,621,2,1
620,665,619,1,2
620,666,595,0,3
620,670,20,3,3
620,678,595,0,3
620,692,621,2,1
620,693,619,1,2
620,695,20,3,3
620,696,619,1,2
620,721,621,2,1
621,638,622,2,1
621,639,21,3,3
621,650,21,3,3
621,653,620,1,2
621,657,622,2,1
621,663,622,2,1
621,665,620,1,2
621,666,596,0,3
621,670,21,3,3
621,678,596,0,3
621,693,620,1,2
621,694,622,2,1
621,695,21,3,3
621,696,620,1,2
622,639,22,3,3
622,650,22,3,3
622,653,621,1,2
622,663,623,2,1
622,665,621,1,2
622,666,597,0,3
622,670,22,3,3
622,678,597,0,3
622,689,623,2,1
622,693,621,1,2
622,695,22,3,3
622,696,621,1,2
623,639,23,3,3
623,650,23,3,3
623,653,622,1,2
623,666,598,0,3
623,670,23,3,3
623,678,598,0,3
623,693,622,1,2
623,695,23,3,3
624,625,24,3,3
624,639,24,3,3
624,650,24,3,3
624,653,623,1,2
624,670,24,3,3
624,677,600,2,3
624,678,599,0,3
624,693,623,1,2
624,695,24,3,3
625,626,2,0,4
625,627,2,0,4
625,628,2,0,4
625,629,2,0,4
625,630,2,0,4
625,631,2,0,4
625,632,2,0,4
625,633,2,0,4
625,634,2,0,4
625,635,2,0,4
625,636,2,0,4
625,637,2,0,4
625,638,2,0,4
625,639,2,0,4
625,640,2,0,4
625,641,2,0,4
625,642,2,0,4
625,643,2,0,4
625,644,2,0,4
625,645,2,0,4
625,646,2,0,4
625,647,2,0,4
625,648,2,0,4
625,649,2,0,4
625,650,2,0,4
625,651,2,0,4
625,652,2,0,4
625,653,2,0,4
625,654,2,0,4
625,655,2,0,4
625,656,2,0,4
625,657,2,0,4
625,658,2,0,4
625,659,2,0,4
625,660,2,0,4
625,661,2,0,4
625,662,2,0,4
625,663,2,0,4
625,664,2,0,4
625,665,2,0,4
625,666,2,0,4
625,667,2,0,4
625,668,2,0,4
625,669,2,0,4
625,670,2,0,4
625,671,2,0,4
625,672,2,0,4
625,673,2,0,4
625,674,2,0,4
625,675,2,0,4
625,676,2,0,4
625,677,2,0,4
625,678,2,0,4
625,679,2,0,4
625,680,2,0,4
625,681,2,0,4
625,682,2,0,4
625,683,2,0,4
625,684,2,0,4
625,685,2,0,4
625,686,2,0,4
625,687,2,0,4
625,688,2,0,4
625,689,2,0,4
625,690,2,0,4
625,691,2,0,4
625,692,2,0,4
625,693,2,0,4
625,694,2,0,4
625,695,2,0,4
625,696,2,0,4
625,697,2,0,4
625,698,2,0,4
625,699,2,0,4
625,700,2,0,4
625,701,2,0,4
625,702,2,0,4
625,703,2,0,4
625,704,2,0,4
625,705,2,0,4
625,706,2,0,4
625,707,2,0,4
625,708,2,0,4
625,709,2,0,4
625,710,2,0,4
625,711,2,0,4
625,712,2,0,4
625,713,2,0,4
625,714,2,0,4
625,715,2,0,4
625,716,2,0,4
625,717,2,0,4
625,718,2,0,4
625,719,2,0,4
625,720,2,0,4
625,721,2,0,4
625,722,2,0,4
625,723,2,0,4
625,724,2,0,4
638,625,506,0,17
638,626,506,0,17
638,627,506,0,17
638,628,506,0,17
638,629,506,0,17
638,630,506,0,17
638,631,506,0,17
638,632,506,0,17
638,633,506,0,17
638,634,506,0,17
638,635,506,0,17
638,636,506,0,17
638,637,506,0,17
638,639,506,0,17
638,640,506,0,17
638,641,506,0,17
638,642,506,0,17
638,643,506,0,17
638,644,506,0,17
638,645,506,0,17
638,646,506,0,17
638,647,506,0,17
638,648,506,0,17
638,649,506,0,17
638,650,506,0,17
638,651,506,0,17
638,652,506,0,17
638,653,506,0,17
638,654,506,0,17
638,655,506,0,17
638,656,506,0,17
638,657,506,0,17
638,658,506,0,17
638,659,506,0,17
638,660,506,0,17
638,661,506,0,17
638,662,506,0,17
638,663,506,0,17
638,664,506,0,17
638,665,506,0,17
638,666,506,0,17
638,667,506,0,17
638,668,506,0,17
638,669,506,0,17
638,670,506,0,17
638,671,506,0,17
638,672,506,0,17
638,673,506,0,17
638,674,506,0,17
638,675,506,0,17
638,676,506,0,17
638,677,506,0,17
638,678,506,0,17
638,679,506,0,17
638,680,506,0,17
638,681,506,0,17
638,682,506,0,17
638,683,506,0,17
638,684,506,0,17
638,685,506,0,17
638,686,506,0,17
638,687,506,0,17
638,688,506,0,17
638,689,506,0,17
638,690,506,0,17
638,691,506,0,17
638,692,506,0,17
638,693,506,0,17
638,694,506,0,17
638,695,506,0,17
638,696,506,0,17
638,697,506,0,17
638,698,506,0,17
638,699,506,0,17
638,700,506,0,17
638,701,506,0,17
638,702,506,0,17
638,703,506,0,17
638,704,506,0,17
638,705,506,0,17
638,706,506,0,17
638,707,506,0,17
638,708,506,0,17
638,709,506,0,17
638,710,506,0,17
638,711,506,0,17
638,712,506,0,17
638,713,506,0,17
638,714,506,0,17
638,715,506,0,17
638,716,506,0,17
638,717,506,0,17
638,718,506,0,17
638,719,506,0,17
638,720,506,0,17
638,721,506,0,17
638,722,506,0,17
638,723,506,0,17
638,724,506,0,17
639,625,174,0,18
639,626,174,0,18
639,627,174,0,18
639,628,174,0,18
639,629,174,0,18
639,630,174,0,18
639,631,174,0,18
639,632,174,0,18
639,633,174,0,18
639,634,174,0,18
639,635,174,0,18
639,636,174,0,18
639,637,174,0,18
639,638,174,0,18
639,640,174,0,18
639,641,174,0,18
639,642,174,0,18
639,643,174,0,18
639,644,174,0,18
639,645,174,0,18
639,646,174,0,18
639,647,174,0,18
639,648,174,0,18
639,649,174,0,18
639,650,174,0,18
639,651,174,0,18
639,652,174,0,18
639,653,174,0,18
639,654,174,0,18
639,655,174,0,18
639,656,174,0,18
639,657,174,0,18
639,658,174,0,18
639,659,174,0,18
639,660,174,0,18
639,661,174,0,18
639,662,174,0,18
639,663,174,0,18
639,664,174,0,18
639,665,174,0,18
639,666,174,0,18
639,667,174,0,18
639,668,174,0,18
639,669,174,0,18
639,670,174,0,18
639,671,174,0,18
639,672,174,0,18
639,673,174,0,18
639,674,174,0,18
639,675,174,0,18
639,676,174,0,18
639,677,174,0,18
639,678,174,0,18
639,679,174,0,18
639,680,174,0,18
639,681,174,0,18
639,682,174,0,18
639,683,174,0,18
639,684,174,0,18
639,685,174,0,18
639,686,174,0,18
639,687,174,0,18
639,688,174,0,18
639,689,174,0,18
639,690,174,0,18
639,691,174,0,18
639,692,174,0,18
639,693,174,0,18
639,694,174,0,18
639,695,174,0,18
639,696,174,0,18
639,697,174,0,18
639,698,174,0,18
639,699,174,0,18
639,700,174,0,18
639,701,174,0,18
639,702,174,0,18
639,703,174,0,18
639,704,174,0,18
639,705,174,0,18
639,706,174,0,18
639,707,174,0,18
639,708,174,0,18
639,709,174,0,18
639,710,174,0,18
639,711,174,0,18
639,712,174,0,18
639,713,174,0,18
639,714,174,0,18
639,715,174,0,18
639,716,174,0,18
639,717,174,0,18
639,718,174,0,18
639,719,174,0,18
639,720,174,0,18
639,721,174,0,18
639,722,174,0,18
639,723,174,0,18
639,724,174,0,18
648,625,100,0,27
648,626,100,0,27
648,627,100,0,27
648,628,100,0,27
648,629,100,0,27
648,630,100,0,27
648,631,100,0,27
648,632,100,0,27
648,633,100,0,27
648,634,100,0,27
648,635,100,0,27
648,636,100,0,27
648,637,100,0,27
648,638,100,0,27
648,639,100,0,27
648,640,100,0,27
648,641,100,0,27
648,642,100,0,27
648,643,100,0,27
648,644,100,0,27
648,645,100,0,27
648,646,100,0,27
648,647,100,0,27
648,649,100,0,27
648,650,100,0,27
648,651,100,0,27
648,652,100,0,27
648,653,100,0,27
648,654,100,0,27
648,655,100,0,27
648,656,100,0,27
648,657,100,0,27
648,658,100,0,27
648,659,100,0,27
648,660,100,0,27
648,661,100,0,27
648,662,100,0,27
648,663,100,0,27
648,664,100,0,27
648,665,100,0,27
648,666,100,0,27
648,667,100,0,27
648,668,100,0,27
648,669,100,0,27
648,670,100,0,27
648,671,100,0,27
648,672,100,0,27
648,673,100,0,27
648,674,100,0,27
648,675,100,0,27
648,676,100,0,27
648,677,100,0,27
648,678,100,0,27
648,679,100,0,27
648,680,100,0,27
648,681,100,0,27
648,682,100,0,27
648,683,100,0,27
648,684,100,0,27
648,685,100,0,27
648,686,100,0,27
648,687,100,0,27
648,688,100,0,27
648,689,100,0,27
648,690,100,0,27
648,691,100,0,27
648,692,100,0,27
648,693,100,0,27
648,694,100,0,27
648,695,100,0,27
648,696,100,0,27
648,697,100,0,27
648,698,100,0,27
648,699,100,0,27
648,700,100,0,27
648,701,100,0,27
648,702,100,0,27
648,703,100,0,27
648,704,100,0,27
648,705,100,0,27
648,706,100,0,27
648,707,100,0,27
648,708,100,0,27
648,709,100,0,27
648,710,100,0,27
648,711,100,0,27
648,712,100,0,27
648,713,100,0,27
648,714,100,0,27
648,715,100,0,27
648,716,100,0,27
648,717,100,0,27
648,718,100,0,27
648,719,100,0,27
648,720,100,0,27
648,721,100,0,27
648,722,100,0,27
648,723,100,0,27
648,724,100,0,27
650,625,52,0,29
650,626,52,0,29
650,627,52,0,29
650,628,52,0,29
650,629,52,0,29
650,630,52,0,29
650,631,52,0,29
650,632,52,0,29
650,633,52,0,29
650,634,52,0,29
650,635,52,0,29
650,636,52,0,29
650,637,52,0,29
650,638,52,0,29
650,639,52,0,29
650,640,52,0,29
650,641,52,0,29
650,642,52,0,29
650,643,52,0,29
650,644,52,0,29
650,645,52,0,29
650,646,52,0,29
650,647,52,0,29
650,648,52,0,29
650,649,52,0,29
650,651,52,0,29
650,652,52,0,29
650,653,52,0,29
650,654,52,0,29
650,655,52,0,29
650,656,52,0,29
650,657,52,0,29
650,658,52,0,29
650,659,52,0,29
650,660,52,0,29
650,661,52,0,29
650,662,52,0,29
650,663,52,0,29
650,664,52,0,29
650,665,52,0,29
650,666,52,0,29
650,667,52,0,29
650,668,52,0,29
650,669,52,0,29
650,670,52,0,29
650,671,52,0,29
650,672,52,0,29
650,673,52,0,29
650,674,52,0,29
650,675,52,0,29
650,676,52,0,29
650,677,52,0,29
650,678,52,0,29
650,679,52,0,29
650,680,52,0,29
650,681,52,0,29
650,682,52,0,29
650,683,52,0,29
650,684,52,0,29
650,685,52,0,29
650,686,52,0,29
650,687,52,0,29
650,688,52,0,29
650,689,52,0,29
650,690,52,0,29
650,691,52,0,29
650,692,52,0,29
650,693,52,0,29
650,694,52,0,29
650,695,52,0,29
650,696,52,0,29
650,697,52,0,29
650,698,52,0,29
650,699,52,0,29
650,700,52,0,29
650,701,52,0,29
650,702,52,0,29
650,703,52,0,29
650,704,52,0,29
650,705,52,0,29
650,706,52,0,29
650,707,52,0,29
650,708,52,0,29
650,709,52,0,29
650,710,52,0,29
650,711,52,0,29
650,712,52,0,29
650,713,52,0,29
650,714,52,0,29
650,715,52,0,29
650,716,52,0,29
650,717,52,0,29
650,718,52,0,29
650,719,52,0,29
650,720,52,0,29
650,721,52,0,29
650,722,52,0,29
650,723,52,0,29
650,724,52,0,29
653,625,512,0,32
653,626,512,0,32
653,627,512,0,32
653,628,512,0,32
653,629,512,0,32
653,630,512,0,32
653,631,512,0,32
653,632,512,0,32
653,633,512,0,32
653,634,512,0,32
653,635,512,0,32
653,636,512,0,32
653,637,512,0,32
653,638,512,0,32
653,639,512,0,32
653,640,512,0,32
653,641,512,0,32
653,642,512,0,32
653,643,512,0,32
653,644,512,0,32
653,645,512,0,32
653,646,512,0,32
653,647,512,0,32
653,648,512,0,32
653,649,512,0,32
653,650,512,0,32
653,651,512,0,32
653,652,512,0,32
653,654,512,0,32
653,655,512,0,32
653,656,512,0,32
653,657,512,0,32
653,658,512,0,32
653,659,512,0,32
653,660,512,0,32
653,661,512,0,32
653,662,512,0,32
653,663,512,0,32
653,664,512,0,32
653,665,512,0,32
653,666,512,0,32
653,667,512,0,32
653,668,512,0,32
653,669,512,0,32
653,670,512,0,32
653,671,512,0,32
653,672,512,0,32
653,673,512,0,32
653,674,512,0,32
653,675,512,0,32
653,676,512,0,32
653,677,512,0,32
653,678,512,0,32
653,679,512,0,32
653,680,512,0,32
653,681,512,0,32
653,682,512,0,32
653,683,512,0,32
653,684,512,0,32
653,685,512,0,32
653,686,512,0,32
653,687,512,0,32
653,688,512,0,32
653,689,512,0,32
653,690,512,0,32
653,691,512,0,32
653,692,512,0,32
653,693,512,0,32
653,694,512,0,32
653,695,512,0,32
653,696,512,0,32
653,697,512,0,32
653,698,512,0,32
653,699,512,0,32
653,700,512,0,32
653,701,512,0,32
653,702,512,0,32
653,703,512,0,32
653,704,512,0,32
653,705,512,0,32
653,706,512,0,32
653,707,512,0,32
653,708,512,0,32
653,709,512,0,32
653,710,512,0,32
653,711,512,0,32
653,712,512,0,32
653,713,512,0,32
653,714,512,0,32
653,715,512,0,32
653,716,512,0,32
653,717,512,0,32
653,718,512,0,32
653,719,512,0,32
653,720,512,0,32
653,721,512,0,32
653,722,512,0,32
653,723,512,0,32
653,724,512,0,32
657,625,605,0,36
657,626,605,0,36
657,627,605,0,36
657,628,605,0,36
657,629,605,0,36
657,630,605,0,36
657,631,605,0,36
657,632,605,0,36
657,633,605,0,36
657,634,605,0,36
657,635,605,0,36
657,636,605,0,36
657,637,605,0,36
657,638,605,0,36
657,639,605,0,36
657,640,605,0,36
657,641,605,0,36
657,642,605,0,36
657,643,605,0,36
657,644,605,0,36
657,645,605,0,36
657,646,605,0,36
657,647,605,0,36
657,648,605,0,36
657,649,605,0,36
657,650,605,0,36
657,651,605,0,36
657,652,605,0,36
657,653,605,0,36
657,654,605,0,36
657,655,605,0,36
657,656,605,0,36
657,658,605,0,36
657,659,605,0,36
657,660,605,0,36
657,661,605,0,36
657,662,605,0,36
657,663,605,0,36
657,664,605,0,36
657,665,605,0,36
657,666,605,0,36
657,667,605,0,36
657,668,605,0,36
657,669,605,0,36
657,670,605,0,36
657,671,605,0,36
657,672,605,0,36
657,673,605,0,36
657,674,605,0,36
657,675,605,0,36
657,676,605,0,36
657,677,605,0,36
657,678,605,0,36
657,679,605,0,36
657,680,605,0,36
657,681,605,0,36
657,682,605,0,36
657,683,605,0,36
657,684,605,0,36
657,685,605,0,36
657,686,605,0,36
657,687,605,0,36
657,688,605,0,36
657,689,605,0,36
657,690,605,0,36
657,691,605,0,36
657,692,605,0,36
657,693,605,0,36
657,694,605,0,36
657,695,605,0,36
657,696,605,0,36
657,697,605,0,36
657,698,605,0,36
657,699,605,0,36
657,700,605,0,36
657,701,605,0,36
657,702,605,0,36
657,703,605,0,36
657,704,605,0,36
657,705,605,0,36
657,706,605,0,36
657,707,605,0,36
657,708,605,0,36
657,709,605,0,36
657,710,605,0,36
657,711,605,0,36
657,712,605,0,36
657,713,605,0,36
657,714,605,0,36
657,715,605,0,36
657,716,605,0,36
657,717,605,0,36
657,718,605,0,36
657,719,605,0,36
657,720,605,0,36
657,721,605,0,36
657,722,605,0,36
657,723,605,0,36
657,724,605,0,36
663,625,603,0,42
663,626,603,0,42
663,627,603,0,42
663,628,603,0,42
663,629,603,0,42
663,630,603,0,42
663,631,603,0,42
663,632,603,0,42
663,633,603,0,42
663,634,603,0,42
663,635,603,0,42
663,636,603,0,42
663,637,603,0,42
663,638,603,0,42
663,639,603,0,42
663,640,603,0,42
663,641,603,0,42
663,642,603,0,42
663,643,603,0,42
663,644,603,0,42
663,645,603,0,42
663,646,603,0,42
663,647,603,0,42
663,648,603,0,42
663,649,603,0,42
663,650,603,0,42
663,651,603,0,42
663,652,603,0,42
663,653,603,0,42
663,654,603,0,42
663,655,603,0,42
663,656,603,0,42
663,657,603,0,42
663,658,603,0,42
663,659,603,0,42
663,660,603,0,42
663,661,603,0,42
663,662,603,0,42
663,664,603,0,42
663,665,603,0,42
663,666,603,0,42
663,667,603,0,42
663,668,603,0,42
663,669,603,0,42
663,670,603,0,42
663,671,603,0,42
663,672,603,0,42
663,673,603,0,42
663,674,603,0,42
663,675,603,0,42
663,676,603,0,42
663,677,603,0,42
663,678,603,0,42
663,679,603,0,42
663,680,603,0,42
663,681,603,0,42
663,682,603,0,42
663,683,603,0,42
663,684,603,0,42
663,685,603,0,42
663,686,603,0,42
663,687,603,0,42
663,688,603,0,42
663,689,603,0,42
663,690,603,0,42
663,691,603,0,42
663,692,603,0,42
663,693,603,0,42
663,694,603,0,42
663,695,603,0,42
663,696,603,0,42
663,697,603,0,42
663,698,603,0,42
663,699,603,0,42
663,700,603,0,42
663,701,603,0,42
663,702,603,0,42
663,703,603,0,42
663,704,603,0,42
663,705,603,0,42
663,706,603,0,42
663,707,603,0,42
663,708,603,0,42
663,709,603,0,42
663,710,603,0,42
663,711,603,0,42
663,712,603,0,42
663,713,603,0,42
663,714,603,0,42
663,715,603,0,42
663,716,603,0,42
663,717,603,0,42
663,718,603,0,42
663,719,603,0,42
663,720,603,0,42
663,721,603,0,42
663,722,603,0,42
663,723,603,0,42
663,724,603,0,42
665,625,142,0,44
665,626,142,0,44
665,627,142,0,44
665,628,142,0,44
665,629,142,0,44
665,630,142,0,44
665,631,142,0,44
665,632,142,0,44
665,633,142,0,44
665,634,142,0,44
665,635,142,0,44
665,636,142,0,44
665,637,142,0,44
665,638,142,0,44
665,639,142,0,44
665,640,142,0,44
665,641,142,0,44
665,642,142,0,44
665,643,142,0,44
665,644,142,0,44
665,645,142,0,44
665,646,142,0,44
665,647,142,0,44
665,648,142,0,44
665,649,142,0,44
665,650,142,0,44
665,651,142,0,44
665,652,142,0,44
665,653,142,0,44
665,654,142,0,44
665,655,142,0,44
665,656,142,0,44
665,657,142,0,44
665,658,142,0,44
665,659,142,0,44
665,660,142,0,44
665,661,142,0,44
665,662,142,0,44
665,663,142,0,44
665,664,142,0,44
665,666,142,0,44
665,667,142,0,44
665,668,142,0,44
665,669,142,0,44
665,670,142,0,44
665,671,142,0,44
665,672,142,0,44
665,673,142,0,44
665,674,142,0,44
665,675,142,0,44
665,676,142,0,44
665,677,142,0,44
665,678,142,0,44
665,679,142,0,44
665,680,142,0,44
665,681,142,0,44
665,682,142,0,44
665,683,142,0,44
665,684,142,0,44
665,685,142,0,44
665,686,142,0,44
665,687,142,0,44
665,688,142,0,44
665,689,142,0,44
665,690,142,0,44
665,691,142,0,44
665,692,142,0,44
665,693,142,0,44
665,694,142,0,44
665,695,142,0,44
665,696,142,0,44
665,697,142,0,44
665,698,142,0,44
665,699,142,0,44
665,700,142,0,44
665,701,142,0,44
665,702,142,0,44
665,703,142,0,44
665,704,142,0,44
665,705,142,0,44
665,706,142,0,44
665,707,142,0,44
665,708,142,0,44
665,709,142,0,44
665,710,142,0,44
665,711,142,0,44
665,712,142,0,44
665,713,142,0,44
665,714,142,0,44
665,715,142,0,44
665,716,142,0,44
665,717,142,0,44
665,718,142,0,44
665,719,142,0,44
665,720,142,0,44
665,721,142,0,44
665,722,142,0,44
665,723,142,0,44
665,724,142,0,44
666,625,303,0,45
666,626,303,0,45
666,627,303,0,45
666,628,303,0,45
666,629,303,0,45
666,630,303,0,45
666,631,303,0,45
666,632,303,0,45
666,633,303,0,45
666,634,303,0,45
666,635,303,0,45
666,636,303,0,45
666,637,303,0,45
666,638,303,0,45
666,639,303,0,45
666,640,303,0,45
666,641,303,0,45
666,642,303,0,45
666,643,303,0,45
666,644,303,0,45
666,645,303,0,45
666,646,303,0,45
666,647,303,0,45
666,648,303,0,45
666,649,303,0,45
666,650,303,0,45
666,651,303,0,45
666,652,303,0,45
666,653,303,0,45
666,654,303,0,45
666,655,303,0,45
666,656,303,0,45
666,657,303,0,45
666,658,303,0,45
666,659,303,0,45
666,660,303,0,45
666,661,303,0,45
666,662,303,0,45
666,663,303,0,45
666,664,303,0,45
666,665,303,0,45
666,667,303,0,45
666,668,303,0,45
666,669,303,0,45
666,670,303,0,45
666,671,303,0,45
666,672,303,0,45
666,673,303,0,45
666,674,303,0,45
666,675,303,0,45
666,676,303,0,45
666,677,303,0,45
666,678,303,0,45
666,679,303,0,45
666,680,303,0,45
666,681,303,0,45
666,682,303,0,45
666,683,303,0,45
666,684,303,0,45
666,685,303,0,45
666,686,303,0,45
666,687,303,0,45
666,688,303,0,45
666,689,303,0,45
666,690,303,0,45
666,691,303,0,45
666,692,303,0,45
666,693,303,0,45
666,694,303,0,45
666,695,303,0,45
666,696,303,0,45
666,697,303,0,45
666,698,303,0,45
666,699,303,0,45
666,700,303,0,45
666,701,303,0,45
666,702,303,0,45
666,703,303,0,45
666,704,303,0,45
666,705,303,0,45
666,706,303,0,45
666,707,303,0,45
666,708,303,0,45
666,709,303,0,45
666,710,303,0,45
666,711,303,0,45
666,712,303,0,45
666,713,303,0,45
666,714,303,0,45
666,715,303,0,45
666,716,303,0,45
666,717,303,0,45
666,718,303,0,45
666,719,303,0,45
666,720,303,0,45
666,721,303,0,45
666,722,303,0,45
666,723,303,0,45
666,724,303,0,45
670,625,251,0,49
670,626,251,0,49
670,627,251,0,49
670,628,251,0,49
670,629,251,0,49
670,630,251,0,49
670,631,251,0,49
670,632,251,0,49
670,633,251,0,49
670,634,251,0,49
670,635,251,0,49
670,636,251,0,49
670,637,251,0,49
670,638,251,0,49
670,639,251,0,49
670,640,251,0,49
670,641,251,0,49
670,642,251,0,49
670,643,251,0,49
670,644,251,0,49
670,645,251,0,49
670,646,251,0,49
670,647,251,0,49
670,648,251,0,49
670,649,251,0,49
670,650,251,0,49
670,651,251,0,49
670,652,251,0,49
670,653,251,0,49
670,654,251,0,49
670,655,251,0,49
670,656,251,0,49
670,657,251,0,49
670,658,251,0,49
670,659,251,0,49
670,660,251,0,49
670,661,251,0,49
670,662,251,0,49
670,663,251,0,49
670,664,251,0,49
670,665,251,0,49
670,666,251,0,49
670,667,251,0,49
670,668,251,0,49
670,669,251,0,49
670,671,251,0,49
670,672,251,0,49
670,673,251,0,49
670,674,251,0,49
670,675,251,0,49
670,676,251,0,49
670,677,251,0,49
670,678,251,0,49
670,679,251,0,49
670,680,251,0,49
670,681,251,0,49
670,682,251,0,49
670,683,251,0,49
670,684,251,0,49
670,685,251,0,49
670,686,251,0,49
670,687,251,0,49
670,688,251,0,49
670,689,251,0,49
670,690,251,0,49
670,691,251,0,49
670,692,251,0,49
670,693,251,0,49
670,694,251,0,49
670,695,251,0,49
670,696,251,0,49
670,697,251,0,49
670,698,251,0,49
670,699,251,0,49
670,700,251,0,49
670,701,251,0,49
670,702,251,0,49
670,703,251,0,49
670,704,251,0,49
670,705,251,0,49
670,706,251,0,49
670,707,251,0,49
670,708,251,0,49
670,709,251,0,49
670,710,251,0,49
670,711,251,0,49
670,712,251,0,49
670,713,251,0,49
670,714,251,0,49
670,715,251,0,49
670,716,251,0,49
670,717,251,0,49
670,718,251,0,49
670,719,251,0,49
670,720,251,0,49
670,721,251,0,49
670,722,251,0,49
670,723,251,0,49
670,724,251,0,49
677,625,111,0,56
677,626,111,0,56
677,627,111,0,56
677,628,111,0,56
677,629,111,0,56
677,630,111,0,56
677,631,111,0,56
677,632,111,0,56
677,633,111,0,56
677,634,111,0,56
677,635,111,0,56
677,636,111,0,56
677,637,111,0,56
677,638,111,0,56
677,639,111,0,56
677,640,111,0,56
677,641,111,0,56
677,642,111,0,56
677,643,111,0,56
677,644,111,0,56
677,645,111,0,56
677,646,111,0,56
677,647,111,0,56
677,648,111,0,56
677,649,111,0,56
677,650,111,0,56
677,651,111,0,56
677,652,111,0,56
677,653,111,0,56
677,654,111,0,56
677,655,111,0,56
677,656,111,0,56
677,657,111,0,56
677,658,111,0,56
677,659,111,0,56
677,660,111,0,56
677,661,111,0,56
677,662,111,0,56
677,663,111,0,56
677,664,111,0,56
677,665,111,0,56
677,666,111,0,56
677,667,111,0,56
677,668,111,0,56
677,669,111,0,56
677,670,111,0,56
677,671,111,0,56
677,672,111,0,56
677,673,111,0,56
677,674,111,0,56
677,675,111,0,56
677,676,111,0,56
677,678,111,0,56
677,679,111,0,56
677,680,111,0,56
677,681,111,0,56
677,682,111,0,56
677,683,111,0,56
677,684,111,0,56
677,685,111,0,56
677,686,111,0,56
677,687,111,0,56
677,688,111,0,56
677,689,111,0,56
677,690,111,0,56
677,691,111,0,56
677,692,111,0,56
677,693,111,0,56
677,694,111,0,56
677,695,111,0,56
677,696,111,0,56
677,697,111,0,56
677,698,111,0,56
677,699,111,0,56
677,700,111,0,56
677,701,111,0,56
677,702,111,0,56
677,703,111,0,56
677,704,111,0,56
677,705,111,0,56
677,706,111,0,56
677,707,111,0,56
677,708,111,0,56
677,709,111,0,56
677,710,111,0,56
677,711,111,0,56
677,712,111,0,56
677,713,111,0,56
677,714,111,0,56
677,715,111,0,56
677,716,111,0,56
677,717,111,0,56
677,718,111,0,56
677,719,111,0,56
677,720,111,0,56
677,721,111,0,56
677,722,111,0,56
677,723,111,0,56
677,724,111,0,56
678,625,402,0,57
678,626,402,0,57
678,627,402,0,57
678,628,402,0,57
678,629,402,0,57
678,630,402,0,57
678,631,402,0,57
678,632,402,0,57
678,633,402,0,57
678,634,402,0,57
678,635,402,0,57
678,636,402,0,57
678,637,402,0,57
678,638,402,0,57
678,639,402,0,57
678,640,402,0,57
678,641,402,0,57
678,642,402,0,57
678,643,402,0,57
678,644,402,0,57
678,645,402,0,57
678,646,402,0,57
678,647,402,0,57
678,648,402,0,57
678,649,402,0,57
678,650,402,0,57
678,651,402,0,57
678,652,402,0,57
678,653,402,0,57
678,654,402,0,57
678,655,402,0,57
678,656,402,0,57
678,657,402,0,57
678,658,402,0,57
678,659,402,0,57
678,660,402,0,57
678,661,402,0,57
678,662,402,0,57
678,663,402,0,57
678,664,402,0,57
678,665,402,0,57
678,666,402,0,57
678,667,402,0,57
678,668,402,0,57
678,669,402,0,57
678,670,402,0,57
678,671,402,0,57
678,672,402,0,57
678,673,402,0,57
678,674,402,0,57
678,675,402,0,57
678,676,402,0,57
678,677,402,0,57
678,679,402,0,57
678,680,402,0,57
678,681,402,0,57
678,682,402,0,57
678,683,402,0,57
678,684,402,0,57
678,685,402,0,57
678,686,402,0,57
678,687,402,0,57
678,688,402,0,57
678,689,402,0,57
678,690,402,0,57
678,691,402,0,57
678,692,402,0,57
678,693,402,0,57
678,694,402,0,57
678,695,402,0,57
678,696,402,0,57
678,697,402,0,57
678,698,402,0,57
678,699,402,0,57
678,700,402,0,57
678,701,402,0,57
678,702,402,0,57
678,703,402,0,57
678,704,402,0,57
678,705,402,0,57
678,706,402,0,57
678,707,402,0,57
678,708,402,0,57
678,709,402,0,57
678,710,402,0,57
678,711,402,0,57
678,712,402,0,57
678,713,402,0,57
678,714,402,0,57
678,715,402,0,57
678,716,402,0,57
678,717,402,0,57
678,718,402,0,57
678,719,402,0,57
678,720,402,0,57
678,721,402,0,57
678,722,402,0,57
678,723,402,0,57
678,724,402,0,57
689,625,609,0,68
689,626,609,0,68
689,627,609,0,68
689,628,609,0,68
689,629,609,0,68
689,630,609,0,68
689,631,609,0,68
689,632,609,0,68
689,633,609,0,68
689,634,609,0,68
689,635,609,0,68
689,636,609,0,68
689,637,609,0,68
689,638,609,0,68
689,639,609,0,68
689,640,609,0,68
689,641,609,0,68
689,642,609,0,68
689,643,609,0,68
689,644,609,0,68
689,645,609,0,68
689,646,609,0,68
689,647,609,0,68
689,648,609,0,68
689,649,609,0,68
689,650,609,0,68
689,651,609,0,68
689,652,609,0,68
689,653,609,0,68
689,654,609,0,68
689,655,609,0,68
689,656,609,0,68
689,657,609,0,68
689,658,609,0,68
689,659,609,0,68
689,660,609,0,68
689,661,609,0,68
689,662,609,0,68
689,663,609,0,68
689,664,609,0,68
689,665,609,0,68
689,666,609,0,68
689,667,609,0,68
689,668,609,0,68
689,669,609,0,68
689,670,609,0,68
689,671,609,0,68
689,672,609,0,68
689,673,609,0,68
689,674,609,0,68
689,675,609,0,68
689,676,609,0,68
689,677,609,0,68
689,678,609,0,68
689,679,609,0,68
689,680,609,0,68
689,681,609,0,68
689,682,609,0,68
689,683,609,0,68
689,684,609,0,68
689,685,609,0,68
689,686,609,0,68
689,687,609,0,68
689,688,609,0,68
689,690,609,0,68
689,691,609,0,68
689,692,609,0,68
689,693,609,0,68
689,694,609,0,68
689,695,609,0,68
689,696,609,0,68
689,697,609,0,68
689,698,609,0,68
689,699,609,0,68
689,700,609,0,68
689,701,609,0,68
689,702,609,0,68
689,703,609,0,68
689,704,609,0,68
689,705,609,0,68
689,706,609,0,68
689,707,609,0,68
689,708,609,0,68
689,709,609,0,68
689,710,609,0,68
689,711,609,0,68
689,712,609,0,68
689,713,609,0,68
689,714,609,0,68
689,715,609,0,68
689,716,609,0,68
689,717,609,0,68
689,718,609,0,68
689,719,609,0,68
689,720,609,0,68
689,721,609,0,68
689,722,609,0,68
689,723,609,0,68
689,724,609,0,68
692,625,82,0,71
692,626,82,0,71
692,627,82,0,71
692,628,82,0,71
692,629,82,0,71
692,630,82,0,71
692,631,82,0,71
692,632,82,0,71
692,633,82,0,71
692,634,82,0,71
692,635,82,0,71
692,636,82,0,71
692,637,82,0,71
692,638,82,0,71
692,639,82,0,71
692,640,82,0,71
692,641,82,0,71
692,642,82,0,71
692,643,82,0,71
692,644,82,0,71
692,645,82,0,71
692,646,82,0,71
692,647,82,0,71
692,648,82,0,71
692,649,82,0,71
692,650,82,0,71
692,651,82,0,71
692,652,82,0,71
692,653,82,0,71
692,654,82,0,71
692,655,82,0,71
692,656,82,0,71
692,657,82,0,71
692,658,82,0,71
692,659,82,0,71
692,660,82,0,71
692,661,82,0,71
692,662,82,0,71
692,663,82,0,71
692,664,82,0,71
692,665,82,0,71
692,666,82,0,71
692,667,82,0,71
692,668,82,0,71
692,669,82,0,71
692,670,82,0,71
692,671,82,0,71
692,672,82,0,71
692,673,82,0,71
692,674,82,0,71
692,675,82,0,71
692,676,82,0,71
692,677,82,0,71
692,678,82,0,71
692,679,82,0,71
692,680,82,0,71
692,681,82,0,71
692,682,82,0,71
692,683,82,0,71
692,684,82,0,71
692,685,82,0,71
692,686,82,0,71
692,687,82,0,71
692,688,82,0,71
692,689,82,0,71
692,690,82,0,71
692,691,82,0,71
692,693,82,0,71
692,694,82,0,71
692,695,82,0,71
692,696,82,0,71
692,697,82,0,71
692,698,82,0,71
692,699,82,0,71
692,700,82,0,71
692,701,82,0,71
692,702,82,0,71
692,703,82,0,71
692,704,82,0,71
692,705,82,0,71
692,706,82,0,71
692,707,82,0,71
692,708,82,0,71
692,709,82,0,71
692,710,82,0,71
692,711,82,0,71
692,712,82,0,71
692,713,82,0,71
692,714,82,0,71
692,715,82,0,71
692,716,82,0,71
692,717,82,0,71
692,718,82,0,71
692,719,82,0,71
692,720,82,0,71
692,721,82,0,71
692,722,82,0,71
692,723,82,0,71
692,724,82,0,71
693,625,62,0,72
693,626,62,0,72
693,627,62,0,72
693,628,62,0,72
693,629,62,0,72
693,630,62,0,72
693,631,62,0,72
693,632,62,0,72
693,633,62,0,72
693,634,62,0,72
693,635,62,0,72
693,636,62,0,72
693,637,62,0,72
693,638,62,0,72
693,639,62,0,72
693,640,62,0,72
693,641,62,0,72
693,642,62,0,72
693,643,62,0,72
693,644,62,0,72
693,645,62,0,72
693,646,62,0,72
693,647,62,0,72
693,648,62,0,72
693,649,62,0,72
693,650,62,0,72
693,651,62,0,72
693,652,62,0,72
693,653,62,0,72
693,654,62,0,72
693,655,62,0,72
693,656,62,0,72
693,657,62,0,72
693,658,62,0,72
693,659,62,0,72
693,660,62,0,72
693,661,62,0,72
693,662,62,0,72
693,663,62,0,72
693,664,62,0,72
693,665,62,0,72
693,666,62,0,72
693,667,62,0,72
693,668,62,0,72
693,669,62,0,72
693,670,62,0,72
693,671,62,0,72
693,672,62,0,72
693,673,62,0,72
693,674,62,0,72
693,675,62,0,72
693,676,62,0,72
693,677,62,0,72
693,678,62,0,72
693,679,62,0,72
693,680,62,0,72
693,681,62,0,72
693,682,62,0,72
693,683,62,0,72
693,684,62,0,72
693,685,62,0,72
693,686,62,0,72
693,687,62,0,72
693,688,62,0,72
693,689,62,0,72
693,690,62,0,72
693,691,62,0,72
693,692,62,0,72
693,694,62,0,72
693,695,62,0,72
693,696,62,0,72
693,697,62,0,72
693,698,62,0,72
693,699,62,0,72
693,700,62,0,72
693,701,62,0,72
693,702,62,0,72
693,703,62,0,72
693,704,62,0,72
693,705,62,0,72
693,706,62,0,72
693,707,62,0,72
693,708,62,0,72
693,709,62,0,72
693,710,62,0,72
693,711,62,0,72
693,712,62,0,72
693,713,62,0,72
693,714,62,0,72
693,715,62,0,72
693,716,62,0,72
693,717,62,0,72
693,718,62,0,72
693,719,62,0,72
693,720,62,0,72
693,721,62,0,72
693,722,62,0,72
693,723,62,0,72
693,724,62,0,72
694,625,156,0,73
694,626,156,0,73
694,627,156,0,73
694,628,156,0,73
694,629,156,0,73
694,630,156,0,73
694,631,156,0,73
694,632,156,0,73
694,633,156,0,73
694,634,156,0,73
694,635,156,0,73
694,636,156,0,73
694,637,156,0,73
694,638,156,0,73
694,639,156,0,73
694,640,156,0,73
694,641,156,0,73
694,642,156,0,73
694,643,156,0,73
694,644,156,0,73
694,645,156,0,73
694,646,156,0,73
694,647,156,0,73
694,648,156,0,73
694,649,156,0,73
694,650,156,0,73
694,651,156,0,73
694,652,156,0,73
694,653,156,0,73
694,654,156,0,73
694,655,156,0,73
694,656,156,0,73
694,657,156,0,73
694,658,156,0,73
694,659,156,0,73
694,660,156,0,73
694,661,156,0,73
694,662,156,0,73
694,663,156,0,73
694,664,156,0,73
694,665,156,0,73
694,666,156,0,73
694,667,156,0,73
694,668,156,0,73
694,669,156,0,73
694,670,156,0,73
694,671,156,0,73
694,672,156,0,73
694,673,156,0,73
694,674,156,0,73
694,675,156,0,73
694,676,156,0,73
694,677,156,0,73
694,678,156,0,73
694,679,156,0,73
694,680,156,0,73
694,681,156,0,73
694,682,156,0,73
694,683,156,0,73
694,684,156,0,73
694,685,156,0,73
694,686,156,0,73
694,687,156,0,73
694,688,156,0,73
694,689,156,0,73
694,690,156,0,73
694,691,156,0,73
694,692,156,0,73
694,693,156,0,73
694,695,156,0,73
694,696,156,0,73
694,697,156,0,73
694,698,156,0,73
694,699,156,0,73
694,700,156,0,73
694,701,156,0,73
694,702,156,0,73
694,703,156,0,73
694,704,156,0,73
694,705,156,0,73
694,706,156,0,73
694,707,156,0,73
694,708,156,0,73
694,709,156,0,73
694,710,156,0,73
694,711,156,0,73
694,712,156,0,73
694,713,156,0,73
694,714,156,0,73
694,715,156,0,73
694,716,156,0,73
694,717,156,0,73
694,718,156,0,73
694,719,156,0,73
694,720,156,0,73
694,721,156,0,73
694,722,156,0,73
694,723,156,0,73
694,724,156,0,73
695,625,227,0,74
695,626,227,0,74
695,627,227,0,74
695,628,227,0,74
695,629,227,0,74
695,630,227,0,74
695,631,227,0,74
695,632,227,0,74
695,633,227,0,74
695,634,227,0,74
695,635,227,0,74
695,636,227,0,74
695,637,227,0,74
695,638,227,0,74
695,639,227,0,74
695,640,227,0,74
695,641,227,0,74
695,642,227,0,74
695,643,227,0,74
695,644,227,0,74
695,645,227,0,74
695,646,227,0,74
695,647,227,0,74
695,648,227,0,74
695,649,227,0,74
695,650,227,0,74
695,651,227,0,74
695,652,227,0,74
695,653,227,0,74
695,654,227,0,74
695,655,227,0,74
695,656,227,0,74
695,657,227,0,74
695,658,227,0,74
695,659,227,0,74
695,660,227,0,74
695,661,227,0,74
695,662,227,0,74
695,663,227,0,74
695,664,227,0,74
695,665,227,0,74
695,666,227,0,74
695,667,227,0,74
695,668,227,0,74
695,669,227,0,74
695,670,227,0,74
695,671,227,0,74
695,672,227,0,74
695,673,227,0,74
695,674,227,0,74
695,675,227,0,74
695,676,227,0,74
695,677,227,0,74
695,678,227,0,74
695,679,227,0,74
695,680,227,0,74
695,681,227,0,74
695,682,227,0,74
695,683,227,0,74
695,684,227,0,74
695,685,227,0,74
695,686,227,0,74
695,687,227,0,74
695,688,227,0,74
695,689,227,0,74
695,690,227,0,74
695,691,227,0,74
695,692,227,0,74
695,693,227,0,74
695,694,227,0,74
695,696,227,0,74
695,697,227,0,74
695,698,227,0,74
695,699,227,0,74
695,700,227,0,74
695,701,227,0,74
695,702,227,0,74
695,703,227,0,74
695,704,227,0,74
695,705,227,0,74
695,706,227,0,74
695,707,227,0,74
695,708,227,0,74
695,709,227,0,74
695,710,227,0,74
695,711,227,0,74
695,712,227,0,74
695,713,227,0,74
695,714,227,0,74
695,715,227,0,74
695,716,227,0,74
695,717,227,0,74
695,718,227,0,74
695,719,227,0,74
695,720,227,0,74
695,721,227,0,74
695,722,227,0,74
695,723,227,0,74
695,724,227,0,74
696,625,410,0,75
696,626,410,0,75
696,627,410,0,75
696,628,410,0,75
696,629,410,0,75
696,630,410,0,75
696,631,410,0,75
696,632,410,0,75
696,633,410,0,75
696,634,410,0,75
696,635,410,0,75
696,636,410,0,75
696,637,410,0,75
696,638,410,0,75
696,639,410,0,75
696,640,410,0,75
696,641,410,0,75
696,642,410,0,75
696,643,410,0,75
696,644,410,0,75
696,645,410,0,75
696,646,410,0,75
696,647,410,0,75
696,648,410,0,75
696,649,410,0,75
696,650,410,0,75
696,651,410,0,75
696,652,410,0,75
696,653,410,0,75
696,654,410,0,75
696,655,410,0,75
696,656,410,0,75
696,657,410,0,75
696,658,410,0,75
696,659,410,0,75
696,660,410,0,75
696,661,410,0,75
696,662,410,0,75
696,663,410,0,75
696,664,410,0,75
696,665,410,0,75
696,666,410,0,75
696,667,410,0,75
696,668,410,0,75
696,669,410,0,75
696,670,410,0,75
696,671,410,0,75
696,672,410,0,75
696,673,410,0,75
696,674,410,0,75
696,675,410,0,75
696,676,410,0,75
696,677,410,0,75
696,678,410,0,75
696,679,410,0,75
696,680,410,0,75
696,681,410,0,75
696,682,410,0,75
696,683,410,0,75
696,684,410,0,75
696,685,410,0,75
696,686,410,0,75
696,687,410,0,75
696,688,410,0,75
696,689,410,0,75
696,690,410,0,75
696,691,410,0,75
696,692,410,0,75
696,693,410,0,75
696,694,410,0,75
696,695,410,0,75
696,697,410,0,75
696,698,410,0,75
696,699,410,0,75
696,700,410,0,75
696,701,410,0,75
696,702,410,0,75
696,703,410,0,75
696,704,410,0,75
696,705,410,0,75
696,706,410,0,75
696,707,410,0,75
696,708,410,0,75
696,709,410,0,75
696,710,410,0,75
696,711,410,0,75
696,712,410,0,75
696,713,410,0,75
696,714,410,0,75
696,715,410,0,75
696,716,410,0,75
696,717,410,0,75
696,718,410,0,75
696,719,410,0,75
696,720,410,0,75
696,721,410,0,75
696,722,410,0,75
696,723,410,0,75
696,724,410,0,75
703,625,609,0,82
703,626,609,0,82
703,627,609,0,82
703,628,609,0,82
703,629,609,0,82
703,630,609,0,82
703,631,609,0,82
703,632,609,0,82
703,633,609,0,82
703,634,609,0,82
703,635,609,0,82
703,636,609,0,82
703,637,609,0,82
703,638,609,0,82
703,639,609,0,82
703,640,609,0,82
703,641,609,0,82
703,642,609,0,82
703,643,609,0,82
703,644,609,0,82
703,645,609,0,82
703,646,609,0,82
703,647,609,0,82
703,648,609,0,82
703,649,609,0,82
703,650,609,0,82
703,651,609,0,82
703,652,609,0,82
703,653,609,0,82
703,654,609,0,82
703,655,609,0,82
703,656,609,0,82
703,657,609,0,82
703,658,609,0,82
703,659,609,0,82
703,660,609,0,82
703,661,609,0,82
703,662,609,0,82
703,663,609,0,82
703,664,609,0,82
703,665,609,0,82
703,666,609,0,82
703,667,609,0,82
703,668,609,0,82
703,669,609,0,82
703,670,609,0,82
703,671,609,0,82
703,672,609,0,82
703,673,609,0,82
703,674,609,0,82
703,675,609,0,82
703,676,609,0,82
703,677,609,0,82
703,678,609,0,82
703,679,609,0,82
703,680,609,0,82
703,681,609,0,82
703,682,609,0,82
703,683,609,0,82
703,684,609,0,82
703,685,609,0,82
703,686,609,0,82
703,687,609,0,82
703,688,609,0,82
703,689,609,0,82
703,690,609,0,82
703,691,609,0,82
703,692,609,0,82
703,693,609,0,82
703,694,609,0,82
703,695,609,0,82
703,696,609,0,82
703,697,609,0,82
703,698,609,0,82
703,699,609,0,82
703,700,609,0,82
703,701,609,0,82
703,702,609,0,82
703,704,609,0,82
703,705,609,0,82
703,706,609,0,82
703,707,609,0,82
703,708,609,0,82
703,709,609,0,82
703,710,609,0,82
703,711,609,0,82
703,712,609,0,82
703,713,609,0,82
703,714,609,0,82
703,715,609,0,82
703,716,609,0,82
703,717,609,0,82
703,718,609,0,82
703,719,609,0,82
703,720,609,0,82
703,721,609,0,82
703,722,609,0,82
703,723,609,0,82
703,724,609,0,82
711,625,388,0,90
711,626,388,0,90
711,627,388,0,90
711,628,388,0,90
711,629,388,0,90
711,630,388,0,90
711,631,388,0,90
711,632,388,0,90
711,633,388,0,90
711,634,388,0,90
711,635,388,0,90
711,636,388,0,90
711,637,388,0,90
711,638,388,0,90
711,639,388,0,90
711,640,388,0,90
711,641,388,0,90
711,642,388,0,90
711,643,388,0,90
711,644,388,0,90
711,645,388,0,90
711,646,388,0,90
711,647,388,0,90
711,648,388,0,90
711,649,388,0,90
711,650,388,0,90
711,651,388,0,90
711,652,388,0,90
711,653,388,0,90
711,654,388,0,90
711,655,388,0,90
711,656,388,0,90
711,657,388,0,90
711,658,388,0,90
711,659,388,0,90
711,660,388,0,90
711,661,388,0,90
711,662,388,0,90
711,663,388,0,90
711,664,388,0,90
711,665,388,0,90
711,666,388,0,90
711,667,388,0,90
711,668,388,0,90
711,669,388,0,90
711,670,388,0,90
711,671,388,0,90
711,672,388,0,90
711,673,388,0,90
711,674,388,0,90
711,675,388,0,90
711,676,388,0,90
711,677,388,0,90
711,678,388,0,90
711,679,388,0,90
711,680,388,0,90
711,681,388,0,90
711,682,388,0,90
711,683,388,0,90
711,684,388,0,90
711,685,388,0,90
711,686,388,0,90
711,687,388,0,90
711,688,388,0,90
711,689,388,0,90
711,690,388,0,90
711,691,388,0,90
711,692,388,0,90
711,693,388,0,90
711,694,388,0,90
711,695,388,0,90
711,696,388,0,90
711,697,388,0,90
711,698,388,0,90
711,699,388,0,90
711,700,388,0,90
711,701,388,0,90
711,702,388,0,90
711,703,388,0,90
711,704,388,0,90
711,705,388,0,90
711,706,388,0,90
711,707,388,0,90
711,708,388,0,90
711,709,388,0,90
711,710,388,0,90
711,712,388,0,90
711,713,388,0,90
711,714,388,0,90
711,715,388,0,90
711,716,388,0,90
711,717,388,0,90
711,718,388,0,90
711,719,388,0,90
711,720,388,0,90
711,721,388,0,90
711,722,388,0,90
711,723,388,0,90
711,724,388,0,90
721,625,132,0,100
721,626,132,0,100
721,627,132,0,100
721,628,132,0,100
721,629,132,0,100
721,630,132,0,100
721,631,132,0,100
721,632,132,0,100
721,633,132,0,100
721,634,132,0,100
721,635,132,0,100
721,636,132,0,100
721,637,132,0,100
721,638,132,0,100
721,639,132,0,100
721,640,132,0,100
721,641,132,0,100
721,642,132,0,100
721,643,132,0,100
721,644,132,0,100
721,645,132,0,100
721,646,132,0,100
721,647,132,0,100
721,648,132,0,100
721,649,132,0,100
721,650,132,0,100
721,651,132,0,100
721,652,132,0,100
721,653,132,0,100
721,654,132,0,100
721,655,132,0,100
721,656,132,0,100
721,657,132,0,100
721,658,132,0,100
721,659,132,0,100
721,660,132,0,100
721,661,132,0,100
721,662,132,0,100
721,663,132,0,100
721,664,132,0,100
721,665,132,0,100
721,666,132,0,100
721,667,132,0,100
721,668,132,0,100
721,669,132,0,100
721,670,132,0,100
721,671,132,0,100
721,672,132,0,100
721,673,132,0,100
721,674,132,0,100
721,675,132,0,100
721,676,132,0,100
721,677,132,0,100
721,678,132,0,100
721,679,132,0,100
721,680,132,0,100
721,681,132,0,100
721,682,132,0,100
721,683,132,0,100
721,684,132,0,100
721,685,132,0,100
721,686,132,0,100
721,687,132,0,100
721,688,132,0,100
721,689,132,0,100
721,690,132,0,100
721,691,132,0,100
721,692,132,0,100
721,693,132,0,100
721,694,132,0,100
721,695,132,0,100
721,696,132,0,100
721,697,132,0,100
721,698,132,0,100
721,699,132,0,100
721,700,132,0,100
721,701,132,0,100
721,702,132,0,100
721,703,132,0,100
721,704,132,0,100
721,705,132,0,100
721,706,132,0,100
721,707,132,0,100
721,708,132,0,100
721,709,132,0,100
721,710,132,0,100
721,711,132,0,100
721,712,132,0,100
721,713,132,0,100
721,714,132,0,100
721,715,132,0,100
721,716,132,0,100
721,717,132,0,100
721,718,132,0,100
721,719,132,0,100
721,720,132,0,100
721,722,132,0,100
721,723,132,0,100
721,724,132,0,100
