0,628,600,3,2
0,642,25,1,0
0,648,24,2,1
0,663,600,3,2
0,682,25,1,0
0,683,600,3,2
0,689,1,0,0
0,696,24,2,1
0,698,24,2,1
0,705,25,1,0
0,709,600,3,2
0,710,600,3,2
0,719,25,1,0
0,720,25,1,0
0,724,24,2,1
1,628,601,3,3
1,642,26,2,0
1,648,0,0,0
1,719,26,2,0
1,724,0,0,0
2,628,602,3,3
2,642,27,2,0
2,648,1,0,1
2,719,27,2,0
3,628,603,3,3
3,642,28,2,0
3,643,4,1,0
3,648,2,0,1
4,628,604,3,3
4,642,29,2,0
4,662,3,0,1
5,628,605,3,3
5,642,30,2,0
5,648,6,1,0
5,719,30,2,0
6,628,606,3,3
6,642,31,2,0
6,648,7,1,0
6,719,31,2,0
6,724,7,1,0
7,628,607,3,3
7,642,32,2,0
7,648,8,1,0
7,663,607,3,3
7,682,32,2,0
7,683,607,3,3
7,696,8,1,0
7,698,8,1,0
7,705,32,2,0
7,709,607,3,3
7,710,607,3,3
7,719,32,2,0
7,720,32,2,0
7,724,8,1,0
8,628,608,3,3
8,642,33,2,0
8,648,9,1,0
8,657,608,3,3
8,663,608,3,3
8,679,608,3,3
8,682,33,2,0
8,683,608,3,3
8,696,9,1,0
8,698,9,1,0
8,705,33,2,0
8,709,608,3,3
8,719,33,2,0
8,720,33,2,0
8,724,9,1,0
9,628,609,3,3
9,642,34,2,0
9,646,10,1,0
9,648,10,1,0
9,655,34,2,0
9,657,609,3,3
9,663,609,3,3
9,679,609,3,3
9,682,34,2,0
9,683,609,3,3
9,696,10,1,0
9,698,10,1,0
9,705,34,2,0
9,709,609,3,3
9,719,34,2,0
9,720,34,2,0
9,724,10,1,0
10,628,610,3,3
10,642,35,2,0
10,646,11,1,0
10,648,610,3,3
10,679,610,3,3
10,683,610,3,3
10,698,35,2,0
10,705,35,2,0
10,709,610,3,3
10,719,35,2,0
10,724,35,2,0
11,628,10,0,1
11,642,10,0,1
11,646,646,25,0
11,648,611,3,3
11,657,10,0,1
11,663,10,0,1
11,682,10,0,1
11,683,10,0,1
11,696,611,3,3
11,698,36,2,0
11,705,10,0,1
11,709,10,0,1
11,719,10,0,1
11,720,10,0,1
11,724,36,2,0
12,628,11,0,1
12,642,11,0,1
12,648,612,3,3
12,657,11,0,1
12,663,11,0,1
12,682,11,0,1
12,683,11,0,1
12,696,612,3,3
12,698,37,2,0
12,705,11,0,1
12,709,11,0,1
12,719,11,0,1
12,720,11,0,1
12,724,37,2,0
13,628,12,0,1
13,642,12,0,1
13,648,613,3,3
13,663,12,0,1
13,682,12,0,1
13,683,12,0,1
13,689,12,0,1
13,696,613,3,3
13,698,38,2,0
13,705,12,0,1
13,709,12,0,1
13,719,12,0,1
13,720,12,0,1
13,724,38,2,0
14,628,13,0,1
14,642,13,0,1
14,648,614,3,3
14,719,13,0,1
14,724,39,2,0
15,628,14,0,1
15,642,14,0,1
15,648,615,3,3
15,719,14,0,1
16,628,15,0,1
16,642,15,0,1
16,643,15,0,1
16,662,17,1,0
17,628,18,1,0
17,642,18,1,0
17,643,16,0,1
17,648,617,3,3
18,628,19,1,0
18,642,19,1,0
18,648,618,3,3
18,719,19,1,0
19,628,20,1,0
19,642,20,1,0
19,648,619,3,3
19,719,20,1,0
19,724,44,2,0
20,628,21,1,0
20,642,21,1,0
20,648,620,3,3
20,663,21,1,0
20,682,21,1,0
20,683,21,1,0
20,689,19,0,1
20,696,620,3,3
20,698,45,2,0
20,705,21,1,0
20,709,21,1,0
20,710,21,1,0
20,719,21,1,0
20,720,21,1,0
20,724,45,2,0
21,628,22,1,0
21,642,22,1,0
21,648,621,3,3
21,657,22,1,0
21,663,22,1,0
21,682,22,1,0
21,683,22,1,0
21,696,621,3,3
21,698,46,2,0
21,705,22,1,0
21,709,22,1,0
21,719,22,1,0
21,720,22,1,0
21,724,46,2,0
22,628,23,1,0
22,642,23,1,0
22,646,21,0,1
22,648,622,3,3
22,655,23,1,0
22,657,23,1,0
22,663,23,1,0
22,682,23,1,0
22,683,23,1,0
22,696,622,3,3
22,698,47,2,0
22,705,23,1,0
22,709,23,1,0
22,719,23,1,0
22,720,23,1,0
22,724,47,2,0
23,628,623,3,3
23,642,48,2,0
23,646,22,0,1
23,648,623,3,3
23,655,48,2,0
23,679,623,3,3
23,683,623,3,3
23,698,48,2,0
23,705,48,2,0
23,709,623,3,3
23,719,48,2,0
23,724,48,2,0
24,628,624,3,3
24,642,49,2,0
24,648,23,0,1
24,657,624,3,3
24,663,624,3,3
24,679,624,3,3
24,682,49,2,0
24,683,624,3,3
24,696,23,0,1
24,698,23,0,1
24,705,49,2,0
24,709,624,3,3
24,719,49,2,0
24,720,49,2,0
24,724,23,0,1
25,628,0,0,1
25,642,50,2,0
25,648,49,3,2
25,663,0,0,1
25,682,50,2,0
25,683,0,0,1
25,689,26,1,1
25,696,49,3,2
25,698,49,3,2
25,705,50,2,0
25,709,50,2,0
25,710,0,0,1
25,719,50,2,0
25,720,50,2,0
25,724,49,3,2
26,628,1,0,2
26,642,51,3,0
26,648,25,1,1
26,719,51,3,0
26,724,25,1,1
27,628,2,0,2
27,642,52,3,0
27,648,26,1,2
27,719,52,3,0
28,628,3,0,2
28,642,53,3,0
28,643,29,2,1
28,648,27,1,2
29,628,4,0,2
29,642,54,3,0
29,662,28,1,2
30,628,5,0,2
30,642,55,3,0
30,648,31,2,1
30,719,55,3,0
31,628,6,0,2
31,642,56,3,0
31,648,32,2,1
31,719,56,3,0
31,724,32,2,1
32,628,7,0,2
32,642,57,3,0
32,648,33,2,1
32,663,7,0,2
32,682,57,3,0
32,683,7,0,2
32,696,33,2,1
32,698,33,2,1
32,705,57,3,0
32,709,57,3,0
32,710,7,0,2
32,719,57,3,0
32,720,57,3,0
32,724,33,2,1
33,628,8,0,2
33,642,58,3,0
33,648,34,2,1
33,657,8,0,2
33,663,8,0,2
33,682,58,3,0
33,683,8,0,2
33,696,34,2,1
33,698,34,2,1
33,705,58,3,0
33,709,58,3,0
33,719,58,3,0
33,720,58,3,0
33,724,34,2,1
34,628,9,0,2
34,642,59,3,0
34,646,35,2,1
34,648,35,2,1
34,655,59,3,0
34,657,9,0,2
34,663,9,0,2
34,682,59,3,0
34,683,9,0,2
34,696,35,2,1
34,698,35,2,1
34,705,59,3,0
34,709,59,3,0
34,719,59,3,0
34,720,59,3,0
34,724,35,2,1
35,628,10,0,2
35,642,60,3,0
35,646,10,0,2
35,648,10,0,2
35,682,60,3,0
35,683,10,0,2
35,698,60,3,0
35,705,60,3,0
35,719,60,3,0
35,724,60,3,0
36,628,35,1,2
36,642,35,1,2
36,646,11,0,2
36,648,11,0,2
36,657,35,1,2
36,663,35,1,2
36,682,35,1,2
36,683,35,1,2
36,696,11,0,2
36,698,61,3,0
36,705,35,1,2
36,709,35,1,2
36,719,35,1,2
36,720,35,1,2
36,724,61,3,0
37,628,36,1,2
37,642,36,1,2
37,648,12,0,2
37,657,36,1,2
37,663,36,1,2
37,682,36,1,2
37,683,36,1,2
37,696,12,0,2
37,698,62,3,0
37,705,36,1,2
37,709,36,1,2
37,719,36,1,2
37,720,36,1,2
37,724,62,3,0
38,628,37,1,2
38,642,37,1,2
38,648,13,0,2
38,663,37,1,2
38,682,37,1,2
38,683,37,1,2
38,689,37,1,2
38,696,13,0,2
38,698,63,3,0
38,705,37,1,2
38,709,37,1,2
38,719,37,1,2
38,720,37,1,2
38,724,63,3,0
39,628,38,1,2
39,642,38,1,2
39,648,14,0,2
39,719,38,1,2
39,724,64,3,0
40,628,39,1,2
40,642,39,1,2
40,648,15,0,2
40,719,39,1,2
41,628,40,1,2
41,642,40,1,2
41,643,40,1,2
41,662,42,2,1
42,628,43,2,1
42,642,43,2,1
42,643,41,1,2
42,648,17,0,2
43,628,44,2,1
43,642,44,2,1
43,648,18,0,2
43,719,44,2,1
44,628,45,2,1
44,642,45,2,1
44,648,19,0,2
44,719,45,2,1
44,724,69,3,0
45,628,46,2,1
45,642,46,2,1
45,648,20,0,2
45,663,46,2,1
45,682,46,2,1
45,683,46,2,1
45,689,44,1,2
45,696,20,0,2
45,698,70,3,0
45,705,46,2,1
45,709,46,2,1
45,710,46,2,1
45,719,46,2,1
45,720,46,2,1
45,724,70,3,0
46,628,47,2,1
46,642,47,2,1
46,648,21,0,2
46,657,47,2,1
46,663,47,2,1
46,682,47,2,1
46,683,47,2,1
46,696,21,0,2
46,698,71,3,0
46,705,47,2,1
46,709,47,2,1
46,719,47,2,1
46,720,47,2,1
46,724,71,3,0
47,628,48,2,1
47,642,48,2,1
47,646,22,0,2
47,648,22,0,2
47,655,48,2,1
47,657,48,2,1
47,663,48,2,1
47,682,48,2,1
47,683,48,2,1
47,696,22,0,2
47,698,72,3,0
47,705,48,2,1
47,709,48,2,1
47,719,48,2,1
47,720,48,2,1
47,724,72,3,0
48,628,23,0,2
48,642,73,3,0
48,646,23,0,2
48,648,23,0,2
48,655,73,3,0
48,682,73,3,0
48,683,23,0,2
48,698,73,3,0
48,705,73,3,0
48,719,73,3,0
48,724,73,3,0
49,628,24,0,2
49,642,74,3,0
49,648,48,1,2
49,657,24,0,2
49,663,24,0,2
49,682,74,3,0
49,683,24,0,2
49,696,48,1,2
49,698,48,1,2
49,705,74,3,0
49,709,74,3,0
49,719,74,3,0
49,720,74,3,0
49,724,48,1,2
50,628,25,0,2
50,642,75,2,0
50,648,74,3,2
50,663,25,0,2
50,682,75,2,0
50,683,75,2,0
50,689,51,1,1
50,696,74,3,2
50,698,74,3,2
50,705,75,2,0
50,709,75,2,0
50,710,25,0,2
50,719,75,2,0
50,720,75,2,0
50,724,74,3,2
51,628,26,0,3
51,642,76,3,0
51,648,50,1,1
51,719,76,3,0
51,724,50,1,1
52,628,27,0,3
52,642,77,3,0
52,648,51,1,2
52,719,77,3,0
53,628,28,0,3
53,642,78,3,0
53,643,54,2,1
53,648,52,1,2
54,628,29,0,3
54,642,79,3,0
54,662,53,1,2
55,628,30,0,3
55,642,80,3,0
55,648,56,2,1
55,719,80,3,0
56,628,31,0,3
56,642,81,3,0
56,648,57,2,1
56,719,81,3,0
56,724,57,2,1
57,628,32,0,3
57,642,82,3,0
57,648,58,2,1
57,663,32,0,3
57,682,82,3,0
57,683,82,3,0
57,696,58,2,1
57,698,58,2,1
57,705,82,3,0
57,709,82,3,0
57,710,32,0,3
57,719,82,3,0
57,720,82,3,0
57,724,58,2,1
58,628,33,0,3
58,642,83,3,0
58,648,59,2,1
58,657,33,0,3
58,663,33,0,3
58,682,83,3,0
58,683,83,3,0
58,696,59,2,1
58,698,59,2,1
58,705,83,3,0
58,709,83,3,0
58,719,83,3,0
58,720,83,3,0
58,724,59,2,1
59,628,34,0,3
59,642,84,3,0
59,646,60,2,1
59,648,60,2,1
59,655,84,3,0
59,657,34,0,3
59,663,34,0,3
59,682,84,3,0
59,683,84,3,0
59,696,60,2,1
59,698,60,2,1
59,705,84,3,0
59,709,84,3,0
59,719,84,3,0
59,720,84,3,0
59,724,60,2,1
60,628,35,0,3
60,642,85,3,0
60,646,35,0,3
60,648,35,0,3
60,655,85,3,0
60,682,85,3,0
60,698,85,3,0
60,705,85,3,0
60,719,85,3,0
61,628,60,1,2
61,642,60,1,2
61,646,36,0,3
61,648,36,0,3
61,657,60,1,2
61,663,60,1,2
61,682,60,1,2
61,683,60,1,2
61,696,36,0,3
61,698,86,3,0
61,705,60,1,2
61,709,60,1,2
61,719,60,1,2
61,720,60,1,2
61,724,86,3,0
62,628,61,1,2
62,642,61,1,2
62,648,37,0,3
62,657,61,1,2
62,663,61,1,2
62,682,61,1,2
62,683,61,1,2
62,696,37,0,3
62,698,87,3,0
62,705,61,1,2
62,709,61,1,2
62,719,61,1,2
62,720,61,1,2
62,724,87,3,0
63,628,62,1,2
63,642,62,1,2
63,648,38,0,3
63,663,62,1,2
63,682,62,1,2
63,683,62,1,2
63,689,62,1,2
63,696,38,0,3
63,698,88,3,0
63,705,62,1,2
63,709,62,1,2
63,719,62,1,2
63,720,62,1,2
63,724,88,3,0
64,628,63,1,2
64,642,63,1,2
64,648,39,0,3
64,719,63,1,2
64,724,89,3,0
65,628,64,1,2
65,642,64,1,2
65,648,40,0,3
65,719,64,1,2
66,628,65,1,2
66,642,65,1,2
66,643,65,1,2
66,662,67,2,1
67,628,68,2,1
67,642,68,2,1
67,643,66,1,2
67,648,42,0,3
68,628,69,2,1
68,642,69,2,1
68,648,43,0,3
68,719,69,2,1
69,628,70,2,1
69,642,70,2,1
69,648,44,0,3
69,719,70,2,1
69,724,94,3,0
70,628,71,2,1
70,642,71,2,1
70,648,45,0,3
70,663,71,2,1
70,682,71,2,1
70,683,71,2,1
70,689,69,1,2
70,696,45,0,3
70,698,95,3,0
70,705,71,2,1
70,709,71,2,1
70,710,71,2,1
70,719,71,2,1
70,720,71,2,1
70,724,95,3,0
71,628,72,2,1
71,642,72,2,1
71,648,46,0,3
71,657,72,2,1
71,663,72,2,1
71,682,72,2,1
71,683,72,2,1
71,696,46,0,3
71,698,96,3,0
71,705,72,2,1
71,709,72,2,1
71,719,72,2,1
71,720,72,2,1
71,724,96,3,0
72,628,73,2,1
72,642,73,2,1
72,646,47,0,3
72,648,47,0,3
72,655,73,2,1
72,657,73,2,1
72,663,73,2,1
72,682,73,2,1
72,683,73,2,1
72,696,47,0,3
72,698,97,3,0
72,705,73,2,1
72,709,73,2,1
72,719,73,2,1
72,720,73,2,1
72,724,97,3,0
73,628,48,0,3
73,642,98,3,0
73,646,48,0,3
73,648,48,0,3
73,655,98,3,0
73,682,98,3,0
73,698,98,3,0
73,705,98,3,0
73,719,98,3,0
74,628,49,0,3
74,642,99,3,0
74,648,73,1,2
74,657,49,0,3
74,663,49,0,3
74,682,99,3,0
74,683,99,3,0
74,696,73,1,2
74,698,73,1,2
74,705,99,3,0
74,709,99,3,0
74,719,99,3,0
74,720,99,3,0
74,724,73,1,2
75,628,100,2,0
75,642,76,1,1
75,648,99,3,2
75,663,50,0,2
75,682,100,2,0
75,683,100,2,0
75,689,76,1,1
75,696,99,3,2
75,698,99,3,2
75,705,100,2,0
75,709,100,2,0
75,710,50,0,2
75,719,100,2,0
75,720,100,2,0
75,724,99,3,2
76,628,101,3,0
76,642,77,2,1
76,648,75,1,1
76,719,101,3,0
76,724,75,1,1
77,628,102,3,0
77,642,78,2,1
77,648,76,1,2
77,719,102,3,0
78,628,103,3,0
78,642,79,2,1
78,643,79,2,1
78,648,77,1,2
79,628,104,3,0
79,642,642,21,0
79,662,78,1,2
80,628,105,3,0
80,642,79,1,2
80,648,81,2,1
80,719,105,3,0
81,628,106,3,0
81,642,80,1,2
81,648,82,2,1
81,719,106,3,0
81,724,82,2,1
82,628,107,3,0
82,642,81,1,2
82,648,83,2,1
82,663,57,0,3
82,682,107,3,0
82,683,107,3,0
82,696,83,2,1
82,698,83,2,1
82,705,107,3,0
82,709,107,3,0
82,710,57,0,3
82,719,107,3,0
82,720,107,3,0
82,724,83,2,1
83,628,108,3,0
83,642,82,1,2
83,648,84,2,1
83,657,58,0,3
83,663,58,0,3
83,682,108,3,0
83,683,108,3,0
83,696,84,2,1
83,698,84,2,1
83,705,108,3,0
83,709,108,3,0
83,719,108,3,0
83,720,108,3,0
83,724,84,2,1
84,628,109,3,0
84,642,83,1,2
84,646,85,2,1
84,648,85,2,1
84,655,109,3,0
84,657,59,0,3
84,663,59,0,3
84,682,109,3,0
84,683,109,3,0
84,696,85,2,1
84,698,85,2,1
84,705,109,3,0
84,709,109,3,0
84,719,109,3,0
84,720,109,3,0
84,724,85,2,1
85,628,110,3,0
85,642,84,1,2
85,646,60,0,3
85,648,60,0,3
85,655,110,3,0
85,663,60,0,3
85,682,110,3,0
85,705,110,3,0
85,719,110,3,0
85,720,110,3,0
86,628,85,1,2
86,642,85,1,2
86,646,61,0,3
86,648,61,0,3
86,657,85,1,2
86,663,85,1,2
86,682,85,1,2
86,683,85,1,2
86,696,61,0,3
86,698,111,3,0
86,705,85,1,2
86,709,85,1,2
86,719,85,1,2
86,720,85,1,2
86,724,111,3,0
87,628,86,1,2
87,642,86,1,2
87,648,62,0,3
87,657,86,1,2
87,663,86,1,2
87,682,86,1,2
87,683,86,1,2
87,696,62,0,3
87,698,112,3,0
87,705,86,1,2
87,709,86,1,2
87,719,86,1,2
87,720,86,1,2
87,724,112,3,0
88,628,87,1,2
88,642,87,1,2
88,648,63,0,3
88,663,87,1,2
88,682,87,1,2
88,683,87,1,2
88,689,87,1,2
88,696,63,0,3
88,698,113,3,0
88,705,87,1,2
88,709,87,1,2
88,719,87,1,2
88,720,87,1,2
88,724,113,3,0
89,628,88,1,2
89,642,88,1,2
89,648,64,0,3
89,719,88,1,2
89,724,114,3,0
90,628,89,1,2
90,642,89,1,2
90,648,65,0,3
90,719,89,1,2
91,628,90,1,2
91,642,90,1,2
91,643,90,1,2
91,662,92,2,1
92,628,93,2,1
92,642,93,2,1
92,643,91,1,2
92,648,67,0,3
93,628,94,2,1
93,642,94,2,1
93,648,68,0,3
93,719,94,2,1
94,628,95,2,1
94,642,95,2,1
94,648,69,0,3
94,719,95,2,1
94,724,119,3,0
95,628,96,2,1
95,642,96,2,1
95,648,70,0,3
95,663,96,2,1
95,682,96,2,1
95,683,96,2,1
95,689,94,1,2
95,696,70,0,3
95,698,120,3,0
95,705,96,2,1
95,709,96,2,1
95,710,96,2,1
95,719,96,2,1
95,720,96,2,1
95,724,120,3,0
96,628,97,2,1
96,642,97,2,1
96,648,71,0,3
96,657,97,2,1
96,663,97,2,1
96,682,97,2,1
96,683,97,2,1
96,696,71,0,3
96,698,121,3,0
96,705,97,2,1
96,709,97,2,1
96,719,97,2,1
96,720,97,2,1
96,724,121,3,0
97,628,98,2,1
97,642,98,2,1
97,646,72,0,3
97,648,72,0,3
97,655,98,2,1
97,657,98,2,1
97,663,98,2,1
97,682,98,2,1
97,683,98,2,1
97,696,72,0,3
97,698,122,3,0
97,705,98,2,1
97,709,98,2,1
97,719,98,2,1
97,720,98,2,1
97,724,122,3,0
98,628,123,3,0
98,642,99,2,1
98,646,73,0,3
98,648,73,0,3
98,655,123,3,0
98,663,73,0,3
98,682,123,3,0
98,705,123,3,0
98,719,123,3,0
98,720,123,3,0
99,628,124,3,0
99,642,75,2,3
99,648,98,1,2
99,657,74,0,3
99,663,74,0,3
99,682,124,3,0
99,683,124,3,0
99,696,98,1,2
99,698,98,1,2
99,705,124,3,0
99,709,124,3,0
99,719,124,3,0
99,720,124,3,0
99,724,98,1,2
100,628,125,2,0
100,642,75,0,2
100,648,124,3,2
100,663,75,0,2
100,682,125,2,0
100,683,125,2,0
100,689,101,1,1
100,696,124,3,2
100,698,124,3,2
100,705,125,2,0
100,709,125,2,0
100,710,75,0,2
100,719,125,2,0
100,720,125,2,0
100,724,124,3,2
101,628,126,3,0
101,642,76,0,3
101,648,100,1,1
101,719,126,3,0
101,724,100,1,1
102,628,127,3,0
102,642,77,0,3
102,648,101,1,2
102,719,127,3,0
103,628,128,3,0
103,642,78,0,3
103,643,104,2,1
103,648,102,1,2
104,628,129,3,0
104,642,79,0,3
104,662,103,1,2
105,628,130,3,0
105,642,80,0,3
105,648,106,2,1
105,719,130,3,0
106,628,131,3,0
106,642,81,0,3
106,648,107,2,1
106,719,131,3,0
106,724,107,2,1
107,628,132,3,0
107,642,82,0,3
107,648,108,2,1
107,663,82,0,3
107,682,132,3,0
107,683,132,3,0
107,696,108,2,1
107,698,108,2,1
107,705,132,3,0
107,709,132,3,0
107,710,82,0,3
107,719,132,3,0
107,720,132,3,0
107,724,108,2,1
108,628,133,3,0
108,642,83,0,3
108,648,109,2,1
108,657,83,0,3
108,663,83,0,3
108,682,133,3,0
108,683,133,3,0
108,696,109,2,1
108,698,109,2,1
108,705,133,3,0
108,709,133,3,0
108,719,133,3,0
108,720,133,3,0
108,724,109,2,1
109,628,134,3,0
109,642,84,0,3
109,646,110,2,1
109,648,110,2,1
109,655,655,34,0
109,657,84,0,3
109,663,84,0,3
109,682,134,3,0
109,683,134,3,0
109,696,110,2,1
109,698,110,2,1
109,705,134,3,0
109,709,134,3,0
109,719,134,3,0
109,720,134,3,0
109,724,110,2,1
110,628,135,3,0
110,642,85,0,3
110,648,135,3,0
110,655,109,1,2
110,663,85,0,3
110,682,135,3,0
110,696,135,3,0
110,705,135,3,0
110,719,135,3,0
110,720,135,3,0
111,628,110,1,2
111,642,110,1,2
111,646,86,0,3
111,648,136,3,0
111,657,110,1,2
111,663,110,1,2
111,682,110,1,2
111,683,110,1,2
111,696,136,3,0
111,698,136,3,0
111,705,110,1,2
111,709,110,1,2
111,719,110,1,2
111,720,110,1,2
111,724,136,3,0
112,628,111,1,2
112,642,111,1,2
112,648,137,3,0
112,657,111,1,2
112,663,111,1,2
112,682,111,1,2
112,683,111,1,2
112,696,137,3,0
112,698,137,3,0
112,705,111,1,2
112,709,111,1,2
112,719,111,1,2
112,720,111,1,2
112,724,137,3,0
113,628,112,1,2
113,642,112,1,2
113,648,138,3,0
113,663,112,1,2
113,682,112,1,2
113,683,112,1,2
113,689,112,1,2
113,696,138,3,0
113,698,138,3,0
113,705,112,1,2
113,709,112,1,2
113,719,112,1,2
113,720,112,1,2
113,724,138,3,0
114,628,113,1,2
114,642,113,1,2
114,648,139,3,0
114,719,113,1,2
114,724,139,3,0
115,628,114,1,2
115,642,114,1,2
115,648,140,3,0
115,719,114,1,2
116,628,115,1,2
116,642,115,1,2
116,643,115,1,2
116,662,117,2,1
117,628,118,2,1
117,642,118,2,1
117,643,116,1,2
117,648,142,3,0
118,628,119,2,1
118,642,119,2,1
118,648,143,3,0
118,719,119,2,1
119,628,120,2,1
119,642,120,2,1
119,648,144,3,0
119,719,120,2,1
119,724,144,3,0
120,628,121,2,1
120,642,121,2,1
120,648,145,3,0
120,663,121,2,1
120,682,121,2,1
120,683,121,2,1
120,689,119,1,2
120,696,145,3,0
120,698,145,3,0
120,705,121,2,1
120,709,121,2,1
120,710,121,2,1
120,719,121,2,1
120,720,121,2,1
120,724,145,3,0
121,628,122,2,1
121,642,122,2,1
121,648,146,3,0
121,657,122,2,1
121,663,122,2,1
121,682,122,2,1
121,683,122,2,1
121,696,146,3,0
121,698,146,3,0
121,705,122,2,1
121,709,122,2,1
121,719,122,2,1
121,720,122,2,1
121,724,146,3,0
122,628,123,2,1
122,642,123,2,1
122,646,97,0,3
122,648,147,3,0
122,655,123,2,1
122,657,123,2,1
122,663,123,2,1
122,682,123,2,1
122,683,123,2,1
122,696,147,3,0
122,698,147,3,0
122,705,123,2,1
122,709,123,2,1
122,719,123,2,1
122,720,123,2,1
122,724,147,3,0
123,628,148,3,0
123,642,98,0,3
123,648,148,3,0
123,663,98,0,3
123,682,148,3,0
123,696,148,3,0
123,705,148,3,0
123,719,148,3,0
123,720,148,3,0
124,628,149,3,0
124,642,99,0,3
124,648,123,1,2
124,657,99,0,3
124,663,99,0,3
124,682,149,3,0
124,683,149,3,0
124,696,123,1,2
124,698,123,1,2
124,705,149,3,0
124,709,149,3,0
124,719,149,3,0
124,720,149,3,0
124,724,123,1,2
125,628,150,2,0
125,642,100,0,2
125,648,149,3,2
125,663,100,0,2
125,682,150,2,0
125,683,150,2,0
125,689,126,1,1
125,696,149,3,2
125,698,149,3,2
125,705,150,2,0
125,709,150,2,0
125,710,100,0,2
125,719,150,2,0
125,720,150,2,0
125,724,149,3,2
126,628,151,3,0
126,642,101,0,3
126,648,125,1,1
126,719,151,3,0
126,724,125,1,1
127,628,152,3,0
127,642,102,0,3
127,648,126,1,2
127,719,152,3,0
128,628,153,3,0
128,642,103,0,3
128,643,129,2,1
128,648,127,1,2
128,662,662,41,0
129,628,154,3,0
129,642,104,0,3
129,662,128,1,2
130,628,155,3,0
130,642,105,0,3
130,648,131,2,1
130,719,155,3,0
131,628,156,3,0
131,642,106,0,3
131,648,132,2,1
131,719,156,3,0
131,724,132,2,1
132,628,157,3,0
132,642,107,0,3
132,648,133,2,1
132,663,107,0,3
132,682,157,3,0
132,683,157,3,0
132,696,133,2,1
132,698,133,2,1
132,705,157,3,0
132,709,157,3,0
132,710,107,0,3
132,719,157,3,0
132,720,157,3,0
132,724,133,2,1
133,628,158,3,0
133,642,108,0,3
133,648,134,2,1
133,657,108,0,3
133,663,108,0,3
133,682,158,3,0
133,683,158,3,0
133,696,134,2,1
133,698,134,2,1
133,705,158,3,0
133,709,158,3,0
133,719,158,3,0
133,720,158,3,0
133,724,134,2,1
134,628,159,3,0
134,642,109,0,3
134,646,135,2,1
134,648,135,2,1
134,655,109,0,3
134,657,109,0,3
134,663,109,0,3
134,682,159,3,0
134,683,159,3,0
134,696,135,2,1
134,698,135,2,1
134,705,159,3,0
134,709,159,3,0
134,719,159,3,0
134,720,159,3,0
134,724,135,2,1
135,628,160,3,0
135,642,110,0,3
135,648,160,3,0
135,663,110,0,3
135,682,160,3,0
135,696,160,3,0
135,705,160,3,0
135,709,160,3,0
135,719,160,3,0
135,720,160,3,0
135,724,136,2,1
136,628,135,1,2
136,642,135,1,2
136,646,111,0,3
136,648,161,3,0
136,657,135,1,2
136,663,135,1,2
136,682,135,1,2
136,683,135,1,2
136,696,161,3,0
136,698,161,3,0
136,705,135,1,2
136,709,135,1,2
136,719,135,1,2
136,720,135,1,2
136,724,137,2,1
137,628,136,1,2
137,642,136,1,2
137,648,162,3,0
137,657,136,1,2
137,663,136,1,2
137,682,136,1,2
137,683,136,1,2
137,696,162,3,0
137,698,162,3,0
137,705,136,1,2
137,709,136,1,2
137,719,136,1,2
137,720,136,1,2
137,724,138,2,1
138,628,137,1,2
138,642,137,1,2
138,648,163,3,0
138,663,137,1,2
138,682,137,1,2
138,683,137,1,2
138,689,137,1,2
138,696,163,3,0
138,698,163,3,0
138,705,137,1,2
138,709,137,1,2
138,719,137,1,2
138,720,137,1,2
138,724,139,2,1
139,628,138,1,2
139,642,138,1,2
139,648,164,3,0
139,719,138,1,2
139,724,724,103,0
140,628,139,1,2
140,642,139,1,2
140,648,165,3,0
140,719,139,1,2
141,628,140,1,2
141,642,140,1,2
141,643,140,1,2
141,662,142,2,1
142,628,143,2,1
142,642,143,2,1
142,643,141,1,2
142,648,167,3,0
143,628,144,2,1
143,642,144,2,1
143,648,168,3,0
143,719,144,2,1
144,628,145,2,1
144,642,145,2,1
144,648,169,3,0
144,719,145,2,1
144,724,143,1,2
145,628,146,2,1
145,642,146,2,1
145,648,170,3,0
145,663,146,2,1
145,682,146,2,1
145,683,146,2,1
145,689,144,1,2
145,696,170,3,0
145,698,170,3,0
145,705,146,2,1
145,709,146,2,1
145,710,146,2,1
145,719,146,2,1
145,720,146,2,1
145,724,144,1,2
146,628,147,2,1
146,642,147,2,1
146,648,171,3,0
146,657,147,2,1
146,663,147,2,1
146,682,147,2,1
146,683,147,2,1
146,696,171,3,0
146,698,171,3,0
146,705,147,2,1
146,709,147,2,1
146,719,147,2,1
146,720,147,2,1
146,724,145,1,2
147,628,148,2,1
147,642,148,2,1
147,646,122,0,3
147,648,172,3,0
147,655,148,2,1
147,657,148,2,1
147,663,148,2,1
147,682,148,2,1
147,683,148,2,1
147,696,172,3,0
147,698,172,3,0
147,705,148,2,1
147,709,148,2,1
147,719,148,2,1
147,720,148,2,1
147,724,146,1,2
148,628,173,3,0
148,642,123,0,3
148,648,173,3,0
148,655,123,0,3
148,663,123,0,3
148,682,173,3,0
148,696,173,3,0
148,705,173,3,0
148,709,173,3,0
148,719,173,3,0
148,720,173,3,0
148,724,147,1,2
149,628,174,3,0
149,642,124,0,3
149,648,148,1,2
149,657,124,0,3
149,663,124,0,3
149,682,174,3,0
149,683,174,3,0
149,696,148,1,2
149,698,148,1,2
149,705,174,3,0
149,709,174,3,0
149,719,174,3,0
149,720,174,3,0
149,724,148,1,2
150,628,175,2,0
150,642,125,0,2
150,648,174,3,2
150,663,125,0,2
150,682,175,2,0
150,683,175,2,0
150,689,151,1,1
150,696,174,3,2
150,698,174,3,2
150,705,175,2,0
150,709,175,2,0
150,710,125,0,2
150,719,175,2,0
150,720,175,2,0
150,724,174,3,2
151,628,176,3,0
151,642,126,0,3
151,648,150,1,1
151,719,176,3,0
151,724,150,1,1
152,628,177,3,0
152,642,127,0,3
152,648,151,1,2
152,719,177,3,0
153,628,178,3,0
153,642,128,0,3
153,643,154,2,1
153,648,152,1,2
154,628,179,3,0
154,642,129,0,3
154,662,153,1,2
155,628,180,3,0
155,642,130,0,3
155,648,156,2,1
155,719,180,3,0
156,628,181,3,0
156,642,131,0,3
156,648,157,2,1
156,719,181,3,0
156,724,157,2,1
157,628,182,3,0
157,642,132,0,3
157,648,158,2,1
157,663,132,0,3
157,682,182,3,0
157,683,182,3,0
157,696,158,2,1
157,698,158,2,1
157,705,182,3,0
157,709,182,3,0
157,710,132,0,3
157,719,182,3,0
157,720,182,3,0
157,724,158,2,1
158,628,183,3,0
158,642,133,0,3
158,648,159,2,1
158,657,133,0,3
158,663,133,0,3
158,682,183,3,0
158,683,183,3,0
158,696,159,2,1
158,698,159,2,1
158,705,183,3,0
158,709,183,3,0
158,719,183,3,0
158,720,183,3,0
158,724,159,2,1
159,628,184,3,0
159,642,134,0,3
159,646,160,2,1
159,648,160,2,1
159,655,134,0,3
159,657,134,0,3
159,663,134,0,3
159,682,184,3,0
159,683,184,3,0
159,696,160,2,1
159,698,160,2,1
159,705,184,3,0
159,709,184,3,0
159,719,184,3,0
159,720,184,3,0
159,724,160,2,1
160,628,185,3,0
160,642,135,0,3
160,648,185,3,0
160,657,135,0,3
160,663,135,0,3
160,682,185,3,0
160,683,185,3,0
160,696,185,3,0
160,698,161,2,1
160,705,185,3,0
160,709,185,3,0
160,719,185,3,0
160,720,185,3,0
160,724,135,0,3
161,628,160,1,2
161,642,160,1,2
161,646,136,0,3
161,648,186,3,0
161,657,160,1,2
161,663,160,1,2
161,682,160,1,2
161,683,160,1,2
161,696,186,3,0
161,698,162,2,1
161,705,160,1,2
161,709,160,1,2
161,719,160,1,2
161,720,160,1,2
161,724,136,0,3
162,628,161,1,2
162,642,161,1,2
162,648,187,3,0
162,657,161,1,2
162,663,161,1,2
162,682,161,1,2
162,683,161,1,2
162,696,187,3,0
162,698,163,2,1
162,705,161,1,2
162,709,161,1,2
162,719,161,1,2
162,720,161,1,2
162,724,137,0,3
163,628,162,1,2
163,642,162,1,2
163,648,188,3,0
163,663,162,1,2
163,682,162,1,2
163,683,162,1,2
163,689,162,1,2
163,696,188,3,0
163,698,698,77,0
163,705,162,1,2
163,709,162,1,2
163,719,162,1,2
163,720,162,1,2
163,724,138,0,3
164,628,163,1,2
164,642,163,1,2
164,648,189,3,0
164,719,163,1,2
164,724,139,0,3
165,628,164,1,2
165,642,164,1,2
165,648,190,3,0
165,719,164,1,2
166,628,165,1,2
166,642,165,1,2
166,643,165,1,2
166,662,167,2,1
167,628,168,2,1
167,642,168,2,1
167,643,166,1,2
167,648,192,3,0
168,628,169,2,1
168,642,169,2,1
168,648,193,3,0
168,719,169,2,1
169,628,170,2,1
169,642,170,2,1
169,648,194,3,0
169,719,170,2,1
169,724,144,0,3
170,628,171,2,1
170,642,171,2,1
170,648,195,3,0
170,663,171,2,1
170,682,171,2,1
170,683,171,2,1
170,689,169,1,2
170,696,195,3,0
170,698,169,1,2
170,705,171,2,1
170,709,171,2,1
170,710,171,2,1
170,719,171,2,1
170,720,171,2,1
170,724,145,0,3
171,628,172,2,1
171,642,172,2,1
171,648,196,3,0
171,657,172,2,1
171,663,172,2,1
171,682,172,2,1
171,683,172,2,1
171,696,196,3,0
171,698,170,1,2
171,705,172,2,1
171,709,172,2,1
171,719,172,2,1
171,720,172,2,1
171,724,146,0,3
172,628,173,2,1
172,642,173,2,1
172,646,147,0,3
172,648,197,3,0
172,655,173,2,1
172,657,173,2,1
172,663,173,2,1
172,682,173,2,1
172,683,173,2,1
172,696,197,3,0
172,698,171,1,2
172,705,173,2,1
172,709,173,2,1
172,719,173,2,1
172,720,173,2,1
172,724,147,0,3
173,628,198,3,0
173,642,148,0,3
173,648,198,3,0
173,655,148,0,3
173,657,148,0,3
173,663,148,0,3
173,682,198,3,0
173,683,198,3,0
173,696,198,3,0
173,698,172,1,2
173,705,198,3,0
173,709,198,3,0
173,719,198,3,0
173,720,198,3,0
173,724,148,0,3
174,628,199,3,0
174,642,149,0,3
174,648,173,1,2
174,657,149,0,3
174,663,149,0,3
174,682,199,3,0
174,683,199,3,0
174,696,173,1,2
174,698,173,1,2
174,705,199,3,0
174,709,199,3,0
174,719,199,3,0
174,720,199,3,0
174,724,173,1,2
175,628,200,2,0
175,642,150,0,2
175,648,199,3,2
175,663,150,0,2
175,682,200,2,0
175,683,200,2,0
175,689,176,1,1
175,696,199,3,2
175,698,199,3,2
175,705,200,2,0
175,709,200,2,0
175,710,150,0,2
175,719,200,2,0
175,720,200,2,0
175,724,199,3,2
176,628,201,3,0
176,642,151,0,3
176,648,175,1,1
176,719,201,3,0
176,724,175,1,1
177,628,202,3,0
177,642,152,0,3
177,648,176,1,2
177,719,202,3,0
178,628,203,3,0
178,642,153,0,3
178,643,179,2,1
178,648,177,1,2
179,628,204,3,0
179,642,154,0,3
179,662,178,1,2
180,628,205,3,0
180,642,155,0,3
180,648,181,2,1
180,719,205,3,0
181,628,206,3,0
181,642,156,0,3
181,648,182,2,1
181,719,206,3,0
181,724,182,2,1
182,628,207,3,0
182,642,157,0,3
182,648,183,2,1
182,663,157,0,3
182,682,207,3,0
182,683,207,3,0
182,696,183,2,1
182,698,183,2,1
182,705,207,3,0
182,709,207,3,0
182,710,157,0,3
182,719,207,3,0
182,720,207,3,0
182,724,183,2,1
183,628,208,3,0
183,642,158,0,3
183,648,184,2,1
183,657,158,0,3
183,663,158,0,3
183,682,208,3,0
183,683,208,3,0
183,696,184,2,1
183,698,184,2,1
183,705,208,3,0
183,709,208,3,0
183,719,208,3,0
183,720,208,3,0
183,724,184,2,1
184,628,209,3,0
184,642,159,0,3
184,646,185,2,1
184,648,185,2,1
184,655,159,0,3
184,657,159,0,3
184,663,159,0,3
184,682,209,3,0
184,683,209,3,0
184,696,185,2,1
184,698,185,2,1
184,705,209,3,0
184,709,209,3,0
184,719,209,3,0
184,720,209,3,0
184,724,185,2,1
185,628,210,3,0
185,642,160,0,3
185,648,210,3,0
185,657,160,0,3
185,663,160,0,3
185,682,210,3,0
185,683,210,3,0
185,696,210,3,0
185,698,160,0,3
185,705,210,3,0
185,709,210,3,0
185,719,210,3,0
185,720,210,3,0
185,724,160,0,3
186,628,185,1,2
186,642,185,1,2
186,646,161,0,3
186,648,211,3,0
186,657,185,1,2
186,663,185,1,2
186,682,185,1,2
186,683,185,1,2
186,696,211,3,0
186,698,161,0,3
186,705,185,1,2
186,709,185,1,2
186,719,185,1,2
186,720,185,1,2
186,724,161,0,3
187,628,186,1,2
187,642,186,1,2
187,648,212,3,0
187,657,186,1,2
187,663,186,1,2
187,682,186,1,2
187,683,186,1,2
187,696,212,3,0
187,698,162,0,3
187,705,186,1,2
187,709,186,1,2
187,719,186,1,2
187,720,186,1,2
187,724,162,0,3
188,628,187,1,2
188,642,187,1,2
188,648,213,3,0
188,663,187,1,2
188,682,187,1,2
188,683,187,1,2
188,689,187,1,2
188,696,213,3,0
188,698,163,0,3
188,705,187,1,2
188,709,187,1,2
188,719,187,1,2
188,720,187,1,2
188,724,163,0,3
189,628,188,1,2
189,642,188,1,2
189,648,214,3,0
189,719,188,1,2
189,724,164,0,3
190,628,189,1,2
190,642,189,1,2
190,648,215,3,0
190,719,189,1,2
191,628,190,1,2
191,642,190,1,2
191,643,190,1,2
191,662,192,2,1
192,628,193,2,1
192,642,193,2,1
192,643,191,1,2
192,648,217,3,0
193,628,194,2,1
193,642,194,2,1
193,648,218,3,0
193,719,194,2,1
194,628,195,2,1
194,642,195,2,1
194,648,219,3,0
194,719,195,2,1
194,724,169,0,3
195,628,196,2,1
195,642,196,2,1
195,648,220,3,0
195,663,196,2,1
195,682,196,2,1
195,683,196,2,1
195,689,194,1,2
195,696,220,3,0
195,698,170,0,3
195,705,196,2,1
195,709,196,2,1
195,710,196,2,1
195,719,196,2,1
195,720,196,2,1
195,724,170,0,3
196,628,197,2,1
196,642,197,2,1
196,648,221,3,0
196,657,197,2,1
196,663,197,2,1
196,682,197,2,1
196,683,197,2,1
196,696,221,3,0
196,698,171,0,3
196,705,197,2,1
196,709,197,2,1
196,719,197,2,1
196,720,197,2,1
196,724,171,0,3
197,628,198,2,1
197,642,198,2,1
197,646,172,0,3
197,648,222,3,0
197,655,198,2,1
197,657,198,2,1
197,663,198,2,1
197,682,198,2,1
197,683,198,2,1
197,696,222,3,0
197,698,172,0,3
197,705,198,2,1
197,709,198,2,1
197,719,198,2,1
197,720,198,2,1
197,724,172,0,3
198,628,223,3,0
198,642,173,0,3
198,648,223,3,0
198,655,173,0,3
198,657,173,0,3
198,663,173,0,3
198,682,223,3,0
198,683,223,3,0
198,696,223,3,0
198,698,173,0,3
198,705,223,3,0
198,709,223,3,0
198,719,223,3,0
198,720,223,3,0
198,724,173,0,3
199,628,224,3,0
199,642,174,0,3
199,648,198,1,2
199,657,174,0,3
199,663,174,0,3
199,682,224,3,0
199,683,224,3,0
199,696,198,1,2
199,698,198,1,2
199,705,224,3,0
199,709,224,3,0
199,719,224,3,0
199,720,224,3,0
199,724,198,1,2
200,628,225,2,0
200,642,175,0,2
200,648,224,3,2
200,663,175,0,2
200,682,225,2,0
200,683,225,2,0
200,689,201,1,1
200,696,224,3,2
200,698,224,3,2
200,705,201,1,1
200,709,225,2,0
200,710,175,0,2
200,719,225,2,0
200,720,225,2,0
200,724,224,3,2
201,628,226,3,0
201,642,176,0,3
201,648,200,1,1
201,719,226,3,0
201,724,200,1,1
202,628,227,3,0
202,642,177,0,3
202,648,201,1,2
202,719,227,3,0
203,628,228,3,0
203,642,178,0,3
203,643,204,2,1
203,648,202,1,2
204,628,229,3,0
204,642,179,0,3
204,662,203,1,2
205,628,230,3,0
205,642,180,0,3
205,648,206,2,1
205,719,230,3,0
206,628,231,3,0
206,642,181,0,3
206,648,207,2,1
206,719,231,3,0
206,724,207,2,1
207,628,232,3,0
207,642,182,0,3
207,648,208,2,1
207,663,182,0,3
207,682,232,3,0
207,683,232,3,0
207,696,208,2,1
207,698,208,2,1
207,705,705,84,0
207,709,232,3,0
207,710,182,0,3
207,719,232,3,0
207,720,232,3,0
207,724,208,2,1
208,628,233,3,0
208,642,183,0,3
208,648,209,2,1
208,657,183,0,3
208,663,183,0,3
208,682,233,3,0
208,683,233,3,0
208,696,209,2,1
208,698,209,2,1
208,705,207,1,2
208,709,233,3,0
208,719,233,3,0
208,720,233,3,0
208,724,209,2,1
209,628,234,3,0
209,642,184,0,3
209,646,210,2,1
209,648,210,2,1
209,655,184,0,3
209,657,184,0,3
209,663,184,0,3
209,682,234,3,0
209,683,234,3,0
209,696,210,2,1
209,698,210,2,1
209,705,208,1,2
209,709,234,3,0
209,719,234,3,0
209,720,234,3,0
209,724,210,2,1
210,628,235,3,0
210,642,185,0,3
210,643,185,0,3
210,648,235,3,0
210,657,185,0,3
210,663,185,0,3
210,682,235,3,0
210,683,235,3,0
210,696,235,3,0
210,698,185,0,3
210,705,209,1,2
210,709,235,3,0
210,719,235,3,0
210,720,235,3,0
210,724,185,0,3
211,628,210,1,2
211,642,210,1,2
211,643,186,0,3
211,646,186,0,3
211,648,236,3,0
211,657,210,1,2
211,663,210,1,2
211,682,210,1,2
211,683,210,1,2
211,696,236,3,0
211,698,186,0,3
211,705,210,1,2
211,709,210,1,2
211,719,210,1,2
211,720,210,1,2
211,724,186,0,3
212,628,211,1,2
212,642,211,1,2
212,643,187,0,3
212,648,237,3,0
212,657,211,1,2
212,663,211,1,2
212,682,211,1,2
212,683,211,1,2
212,696,237,3,0
212,698,187,0,3
212,705,211,1,2
212,709,211,1,2
212,719,211,1,2
212,720,211,1,2
212,724,187,0,3
213,628,212,1,2
213,642,212,1,2
213,643,188,0,3
213,648,238,3,0
213,663,212,1,2
213,682,212,1,2
213,683,212,1,2
213,689,212,1,2
213,696,238,3,0
213,698,188,0,3
213,705,212,1,2
213,709,212,1,2
213,719,212,1,2
213,720,212,1,2
213,724,188,0,3
214,628,213,1,2
214,642,213,1,2
214,643,189,0,3
214,648,239,3,0
214,719,213,1,2
214,724,189,0,3
215,628,214,1,2
215,642,214,1,2
215,643,190,0,3
215,648,240,3,0
215,719,214,1,2
216,628,215,1,2
216,642,215,1,2
216,643,215,1,2
216,662,217,2,1
217,628,218,2,1
217,642,218,2,1
217,643,216,1,2
217,648,242,3,0
218,628,219,2,1
218,642,219,2,1
218,643,193,0,3
218,648,243,3,0
218,719,219,2,1
219,628,220,2,1
219,642,220,2,1
219,643,194,0,3
219,648,244,3,0
219,719,220,2,1
219,724,194,0,3
220,628,221,2,1
220,642,221,2,1
220,643,195,0,3
220,648,245,3,0
220,663,221,2,1
220,682,221,2,1
220,683,221,2,1
220,689,219,1,2
220,696,245,3,0
220,698,195,0,3
220,705,221,2,1
220,709,221,2,1
220,710,221,2,1
220,719,221,2,1
220,720,221,2,1
220,724,195,0,3
221,628,222,2,1
221,642,222,2,1
221,643,196,0,3
221,648,246,3,0
221,657,222,2,1
221,663,222,2,1
221,682,222,2,1
221,683,222,2,1
221,696,246,3,0
221,698,196,0,3
221,705,222,2,1
221,709,222,2,1
221,719,222,2,1
221,720,222,2,1
221,724,196,0,3
222,628,223,2,1
222,642,223,2,1
222,643,197,0,3
222,646,197,0,3
222,648,247,3,0
222,655,223,2,1
222,657,223,2,1
222,663,223,2,1
222,682,223,2,1
222,683,223,2,1
222,696,247,3,0
222,698,197,0,3
222,705,223,2,1
222,709,223,2,1
222,719,223,2,1
222,720,223,2,1
222,724,197,0,3
223,628,248,3,0
223,642,198,0,3
223,643,198,0,3
223,648,248,3,0
223,655,198,0,3
223,657,198,0,3
223,663,198,0,3
223,682,248,3,0
223,683,248,3,0
223,696,248,3,0
223,698,198,0,3
223,705,224,2,1
223,709,248,3,0
223,719,248,3,0
223,720,248,3,0
223,724,198,0,3
224,628,249,3,0
224,642,199,0,3
224,648,223,1,2
224,657,199,0,3
224,663,199,0,3
224,682,249,3,0
224,683,249,3,0
224,696,223,1,2
224,698,223,1,2
224,705,200,2,3
224,709,249,3,0
224,719,249,3,0
224,720,249,3,0
224,724,223,1,2
225,628,250,2,0
225,642,200,0,2
225,648,249,3,2
225,663,200,0,2
225,682,226,1,1
225,683,250,2,0
225,689,226,1,1
225,696,249,3,2
225,698,249,3,2
225,705,200,0,2
225,709,250,2,0
225,710,200,0,2
225,719,250,2,0
225,720,250,2,0
225,724,249,3,2
226,628,251,3,0
226,642,201,0,3
226,648,225,1,1
226,719,251,3,0
226,724,225,1,1
227,628,252,3,0
227,642,202,0,3
227,648,226,1,2
227,719,252,3,0
228,628,253,3,0
228,642,203,0,3
228,643,229,2,1
228,648,227,1,2
229,628,254,3,0
229,642,204,0,3
229,662,228,1,2
230,628,255,3,0
230,642,205,0,3
230,648,231,2,1
230,719,255,3,0
231,628,256,3,0
231,642,206,0,3
231,648,232,2,1
231,719,256,3,0
231,724,232,2,1
232,628,257,3,0
232,642,207,0,3
232,648,233,2,1
232,663,207,0,3
232,682,682,61,0
232,683,257,3,0
232,696,233,2,1
232,698,233,2,1
232,705,207,0,3
232,709,257,3,0
232,710,207,0,3
232,719,257,3,0
232,720,257,3,0
232,724,233,2,1
233,628,258,3,0
233,642,208,0,3
233,648,234,2,1
233,657,208,0,3
233,663,208,0,3
233,682,232,1,2
233,683,258,3,0
233,696,234,2,1
233,698,234,2,1
233,705,208,0,3
233,709,258,3,0
233,719,258,3,0
233,720,258,3,0
233,724,234,2,1
234,628,259,3,0
234,642,209,0,3
234,646,235,2,1
234,648,235,2,1
234,655,209,0,3
234,657,209,0,3
234,663,209,0,3
234,682,233,1,2
234,683,259,3,0
234,696,235,2,1
234,698,235,2,1
234,705,209,0,3
234,709,259,3,0
234,719,259,3,0
234,720,259,3,0
234,724,235,2,1
235,628,260,3,0
235,642,210,0,3
235,648,260,3,0
235,657,210,0,3
235,663,210,0,3
235,682,234,1,2
235,683,260,3,0
235,696,260,3,0
235,698,210,0,3
235,709,260,3,0
235,719,260,3,0
235,720,260,3,0
235,724,210,0,3
236,628,235,1,2
236,642,235,1,2
236,646,211,0,3
236,648,261,3,0
236,657,235,1,2
236,663,235,1,2
236,682,235,1,2
236,683,235,1,2
236,696,261,3,0
236,698,211,0,3
236,705,235,1,2
236,709,235,1,2
236,719,235,1,2
236,720,235,1,2
236,724,211,0,3
237,628,236,1,2
237,642,236,1,2
237,648,262,3,0
237,657,236,1,2
237,663,236,1,2
237,682,236,1,2
237,683,236,1,2
237,696,262,3,0
237,698,212,0,3
237,705,236,1,2
237,709,236,1,2
237,719,236,1,2
237,720,236,1,2
237,724,212,0,3
238,628,237,1,2
238,642,237,1,2
238,648,263,3,0
238,663,237,1,2
238,682,237,1,2
238,683,237,1,2
238,689,237,1,2
238,696,263,3,0
238,698,213,0,3
238,705,237,1,2
238,709,237,1,2
238,719,237,1,2
238,720,237,1,2
238,724,213,0,3
239,628,238,1,2
239,642,238,1,2
239,648,264,3,0
239,719,238,1,2
239,724,214,0,3
240,628,239,1,2
240,642,239,1,2
240,648,265,3,0
240,719,239,1,2
241,628,240,1,2
241,642,240,1,2
241,643,240,1,2
241,662,242,2,1
242,628,243,2,1
242,642,243,2,1
242,643,241,1,2
242,648,267,3,0
243,628,244,2,1
243,642,244,2,1
243,648,268,3,0
243,719,244,2,1
244,628,245,2,1
244,642,245,2,1
244,648,269,3,0
244,719,245,2,1
244,724,219,0,3
245,628,246,2,1
245,642,246,2,1
245,648,270,3,0
245,663,246,2,1
245,682,246,2,1
245,683,246,2,1
245,689,244,1,2
245,696,270,3,0
245,698,220,0,3
245,705,246,2,1
245,709,246,2,1
245,710,246,2,1
245,719,246,2,1
245,720,246,2,1
245,724,220,0,3
246,628,247,2,1
246,642,247,2,1
246,648,271,3,0
246,657,247,2,1
246,663,247,2,1
246,682,247,2,1
246,683,247,2,1
246,696,271,3,0
246,698,221,0,3
246,705,247,2,1
246,709,247,2,1
246,719,247,2,1
246,720,247,2,1
246,724,221,0,3
247,628,248,2,1
247,642,248,2,1
247,646,222,0,3
247,648,272,3,0
247,655,248,2,1
247,657,248,2,1
247,663,248,2,1
247,682,248,2,1
247,683,248,2,1
247,696,272,3,0
247,698,222,0,3
247,705,248,2,1
247,709,248,2,1
247,719,248,2,1
247,720,248,2,1
247,724,222,0,3
248,628,273,3,0
248,642,223,0,3
248,648,273,3,0
248,655,223,0,3
248,657,223,0,3
248,663,223,0,3
248,682,249,2,1
248,683,273,3,0
248,696,273,3,0
248,698,223,0,3
248,709,273,3,0
248,719,273,3,0
248,720,273,3,0
248,724,223,0,3
249,628,274,3,0
249,642,224,0,3
249,648,248,1,2
249,657,224,0,3
249,663,224,0,3
249,682,225,2,3
249,683,274,3,0
249,696,248,1,2
249,698,248,1,2
249,705,224,0,3
249,709,274,3,0
249,719,274,3,0
249,720,274,3,0
249,724,248,1,2
250,628,275,2,0
250,642,225,0,2
250,648,274,3,2
250,663,225,0,2
250,682,225,0,2
250,683,275,2,0
250,689,251,1,1
250,696,274,3,2
250,698,274,3,2
250,705,225,0,2
250,709,275,2,0
250,710,225,0,2
250,719,251,1,1
250,720,275,2,0
250,724,274,3,2
251,628,276,3,0
251,642,226,0,3
251,648,250,1,1
251,719,252,2,1
251,724,250,1,1
252,628,277,3,0
252,642,227,0,3
252,648,251,1,2
252,719,253,2,1
253,628,278,3,0
253,642,228,0,3
253,643,254,2,1
253,648,252,1,2
254,628,279,3,0
254,642,229,0,3
254,662,253,1,2
255,628,280,3,0
255,642,230,0,3
255,648,256,2,1
255,719,719,98,0
256,628,281,3,0
256,642,231,0,3
256,648,257,2,1
256,719,255,1,2
256,724,257,2,1
257,628,282,3,0
257,642,232,0,3
257,648,258,2,1
257,663,232,0,3
257,682,232,0,3
257,683,282,3,0
257,696,258,2,1
257,698,258,2,1
257,705,232,0,3
257,709,282,3,0
257,710,232,0,3
257,719,256,1,2
257,720,282,3,0
257,724,258,2,1
258,628,283,3,0
258,642,233,0,3
258,648,259,2,1
258,657,233,0,3
258,663,233,0,3
258,682,233,0,3
258,683,283,3,0
258,696,259,2,1
258,698,259,2,1
258,705,233,0,3
258,709,283,3,0
258,710,233,0,3
258,719,257,1,2
258,720,283,3,0
258,724,259,2,1
259,628,284,3,0
259,642,234,0,3
259,646,260,2,1
259,648,260,2,1
259,655,234,0,3
259,657,234,0,3
259,663,234,0,3
259,682,234,0,3
259,683,284,3,0
259,696,260,2,1
259,698,260,2,1
259,705,234,0,3
259,709,284,3,0
259,710,234,0,3
259,719,258,1,2
259,720,284,3,0
259,724,260,2,1
260,628,285,3,0
260,642,235,0,3
260,648,285,3,0
260,657,235,0,3
260,663,235,0,3
260,683,285,3,0
260,696,285,3,0
260,698,235,0,3
260,709,285,3,0
260,710,235,0,3
260,719,259,1,2
260,720,285,3,0
260,724,235,0,3
261,628,260,1,2
261,642,260,1,2
261,646,236,0,3
261,648,286,3,0
261,657,260,1,2
261,663,260,1,2
261,682,260,1,2
261,683,260,1,2
261,696,286,3,0
261,698,236,0,3
261,705,260,1,2
261,709,260,1,2
261,719,260,1,2
261,720,260,1,2
261,724,236,0,3
262,628,261,1,2
262,642,261,1,2
262,648,287,3,0
262,657,261,1,2
262,663,261,1,2
262,682,261,1,2
262,683,261,1,2
262,696,287,3,0
262,698,237,0,3
262,705,261,1,2
262,709,261,1,2
262,719,261,1,2
262,720,261,1,2
262,724,237,0,3
263,628,262,1,2
263,642,262,1,2
263,648,288,3,0
263,663,262,1,2
263,682,262,1,2
263,683,262,1,2
263,689,262,1,2
263,696,288,3,0
263,698,238,0,3
263,705,262,1,2
263,709,262,1,2
263,719,262,1,2
263,720,262,1,2
263,724,238,0,3
264,628,263,1,2
264,642,263,1,2
264,648,289,3,0
264,719,263,1,2
264,724,239,0,3
265,628,264,1,2
265,642,264,1,2
265,648,290,3,0
265,719,264,1,2
266,628,265,1,2
266,642,265,1,2
266,643,265,1,2
266,662,267,2,1
267,628,268,2,1
267,642,268,2,1
267,643,266,1,2
267,648,292,3,0
268,628,269,2,1
268,642,269,2,1
268,648,293,3,0
268,719,269,2,1
269,628,270,2,1
269,642,270,2,1
269,648,294,3,0
269,719,270,2,1
269,724,244,0,3
270,628,271,2,1
270,642,271,2,1
270,648,295,3,0
270,663,271,2,1
270,682,271,2,1
270,683,271,2,1
270,689,269,1,2
270,696,295,3,0
270,698,245,0,3
270,705,271,2,1
270,709,271,2,1
270,710,271,2,1
270,719,271,2,1
270,720,271,2,1
270,724,245,0,3
271,628,272,2,1
271,642,272,2,1
271,648,296,3,0
271,657,272,2,1
271,663,272,2,1
271,682,272,2,1
271,683,272,2,1
271,696,296,3,0
271,698,246,0,3
271,705,272,2,1
271,709,272,2,1
271,719,272,2,1
271,720,272,2,1
271,724,246,0,3
272,628,273,2,1
272,642,273,2,1
272,646,247,0,3
272,648,297,3,0
272,655,273,2,1
272,657,273,2,1
272,663,273,2,1
272,682,273,2,1
272,683,273,2,1
272,696,297,3,0
272,698,247,0,3
272,705,273,2,1
272,709,273,2,1
272,719,273,2,1
272,720,273,2,1
272,724,247,0,3
273,628,298,3,0
273,642,248,0,3
273,648,298,3,0
273,655,248,0,3
273,657,248,0,3
273,663,248,0,3
273,683,298,3,0
273,696,298,3,0
273,698,248,0,3
273,709,298,3,0
273,710,248,0,3
273,719,274,2,1
273,720,298,3,0
273,724,248,0,3
274,628,299,3,0
274,642,249,0,3
274,648,273,1,2
274,657,249,0,3
274,663,249,0,3
274,682,249,0,3
274,683,299,3,0
274,696,273,1,2
274,698,273,1,2
274,705,249,0,3
274,709,299,3,0
274,710,249,0,3
274,719,250,2,3
274,720,299,3,0
274,724,273,1,2
275,628,300,2,0
275,642,250,0,2
275,648,299,3,2
275,663,300,2,0
275,682,250,0,2
275,683,300,2,0
275,689,276,1,1
275,696,299,3,2
275,698,299,3,2
275,705,250,0,2
275,709,300,2,0
275,710,300,2,0
275,719,250,0,2
275,720,276,1,1
275,724,299,3,2
276,628,301,3,0
276,642,251,0,3
276,648,275,1,1
276,719,251,0,3
276,724,275,1,1
277,628,302,3,0
277,642,252,0,3
277,648,276,1,2
277,719,252,0,3
278,628,303,3,0
278,642,253,0,3
278,643,279,2,1
278,648,277,1,2
279,628,304,3,0
279,642,254,0,3
279,662,278,1,2
280,628,305,3,0
280,642,255,0,3
280,648,281,2,1
280,719,255,0,3
281,628,306,3,0
281,642,256,0,3
281,648,282,2,1
281,719,256,0,3
281,724,282,2,1
282,628,307,3,0
282,642,257,0,3
282,648,283,2,1
282,663,307,3,0
282,682,257,0,3
282,683,307,3,0
282,696,283,2,1
282,698,283,2,1
282,705,257,0,3
282,709,307,3,0
282,710,307,3,0
282,719,257,0,3
282,720,720,99,0
282,724,283,2,1
283,627,308,3,0
283,628,308,3,0
283,642,258,0,3
283,648,284,2,1
283,657,258,0,3
283,663,308,3,0
283,682,258,0,3
283,683,308,3,0
283,696,284,2,1
283,698,284,2,1
283,705,258,0,3
283,709,308,3,0
283,719,258,0,3
283,720,282,1,2
283,724,284,2,1
284,627,309,3,0
284,628,309,3,0
284,642,259,0,3
284,646,285,2,1
284,648,285,2,1
284,655,259,0,3
284,657,259,0,3
284,663,309,3,0
284,682,259,0,3
284,683,309,3,0
284,696,285,2,1
284,698,285,2,1
284,705,259,0,3
284,709,309,3,0
284,719,259,0,3
284,720,283,1,2
284,724,285,2,1
285,627,310,3,0
285,628,310,3,0
285,642,260,0,3
285,648,310,3,0
285,657,260,0,3
285,683,310,3,0
285,689,260,0,3
285,696,310,3,0
285,698,260,0,3
285,709,310,3,0
285,720,284,1,2
285,724,260,0,3
286,628,285,1,2
286,642,285,1,2
286,646,261,0,3
286,648,311,3,0
286,657,285,1,2
286,663,285,1,2
286,682,285,1,2
286,683,285,1,2
286,689,261,0,3
286,696,311,3,0
286,698,261,0,3
286,705,285,1,2
286,709,285,1,2
286,719,285,1,2
286,720,285,1,2
286,724,261,0,3
287,628,286,1,2
287,642,286,1,2
287,648,312,3,0
287,657,286,1,2
287,663,286,1,2
287,682,286,1,2
287,683,286,1,2
287,689,262,0,3
287,696,312,3,0
287,698,262,0,3
287,705,286,1,2
287,709,286,1,2
287,719,286,1,2
287,720,286,1,2
287,724,262,0,3
288,628,287,1,2
288,642,287,1,2
288,648,313,3,0
288,663,287,1,2
288,682,287,1,2
288,683,287,1,2
288,689,287,1,2
288,696,313,3,0
288,698,263,0,3
288,705,287,1,2
288,709,287,1,2
288,719,287,1,2
288,720,287,1,2
288,724,263,0,3
289,628,288,1,2
289,642,288,1,2
289,648,314,3,0
289,719,288,1,2
289,724,264,0,3
290,628,289,1,2
290,642,289,1,2
290,648,315,3,0
290,719,289,1,2
291,628,290,1,2
291,642,290,1,2
291,643,290,1,2
291,662,292,2,1
292,628,293,2,1
292,642,293,2,1
292,643,291,1,2
292,648,317,3,0
293,628,294,2,1
293,642,294,2,1
293,648,318,3,0
293,719,294,2,1
294,628,295,2,1
294,642,295,2,1
294,648,319,3,0
294,719,295,2,1
294,724,269,0,3
295,628,296,2,1
295,642,296,2,1
295,648,320,3,0
295,663,296,2,1
295,682,296,2,1
295,683,296,2,1
295,689,294,1,2
295,696,320,3,0
295,698,270,0,3
295,705,296,2,1
295,709,296,2,1
295,710,296,2,1
295,719,296,2,1
295,720,296,2,1
295,724,270,0,3
296,628,297,2,1
296,642,297,2,1
296,648,321,3,0
296,657,297,2,1
296,663,297,2,1
296,682,297,2,1
296,683,297,2,1
296,689,271,0,3
296,696,321,3,0
296,698,271,0,3
296,705,297,2,1
296,709,297,2,1
296,719,297,2,1
296,720,297,2,1
296,724,271,0,3
297,628,298,2,1
297,642,298,2,1
297,646,272,0,3
297,648,322,3,0
297,655,298,2,1
297,657,298,2,1
297,663,298,2,1
297,682,298,2,1
297,683,298,2,1
297,689,272,0,3
297,696,322,3,0
297,698,272,0,3
297,705,298,2,1
297,709,298,2,1
297,719,298,2,1
297,720,298,2,1
297,724,272,0,3
298,627,323,3,0
298,628,323,3,0
298,642,273,0,3
298,648,323,3,0
298,655,273,0,3
298,657,273,0,3
298,683,323,3,0
298,689,273,0,3
298,696,323,3,0
298,698,273,0,3
298,709,323,3,0
298,720,299,2,1
298,724,273,0,3
299,627,324,3,0
299,628,324,3,0
299,642,274,0,3
299,648,298,1,2
299,657,274,0,3
299,663,324,3,0
299,682,274,0,3
299,683,324,3,0
299,696,298,1,2
299,698,298,1,2
299,705,274,0,3
299,709,324,3,0
299,719,274,0,3
299,720,275,2,3
299,724,298,1,2
300,628,325,2,0
300,642,275,0,2
300,648,324,3,2
300,663,325,2,0
300,682,275,0,2
300,683,325,2,0
300,689,301,1,1
300,696,324,3,2
300,698,324,3,2
300,705,275,0,2
300,709,325,2,0
300,710,325,2,0
300,719,275,0,2
300,720,275,0,2
300,724,324,3,2
301,628,326,3,0
301,642,276,0,3
301,648,300,1,1
301,719,276,0,3
301,724,300,1,1
302,628,327,3,0
302,642,277,0,3
302,648,301,1,2
302,719,277,0,3
303,628,328,3,0
303,642,278,0,3
303,643,304,2,1
303,648,302,1,2
304,628,329,3,0
304,642,279,0,3
304,662,303,1,2
305,628,330,3,0
305,642,280,0,3
305,648,306,2,1
305,719,280,0,3
306,628,331,3,0
306,642,281,0,3
306,648,307,2,1
306,719,281,0,3
306,724,307,2,1
307,628,332,3,0
307,642,282,0,3
307,648,308,2,1
307,663,332,3,0
307,682,282,0,3
307,683,332,3,0
307,696,308,2,1
307,698,308,2,1
307,705,282,0,3
307,709,332,3,0
307,710,332,3,0
307,719,282,0,3
307,720,282,0,3
307,724,308,2,1
308,628,333,3,0
308,642,283,0,3
308,648,309,2,1
308,657,333,3,0
308,663,333,3,0
308,679,333,3,0
308,682,283,0,3
308,683,333,3,0
308,696,309,2,1
308,698,309,2,1
308,705,283,0,3
308,709,333,3,0
308,719,283,0,3
308,720,283,0,3
308,724,309,2,1
309,628,334,3,0
309,642,284,0,3
309,646,310,2,1
309,648,310,2,1
309,655,284,0,3
309,657,334,3,0
309,663,334,3,0
309,679,334,3,0
309,682,284,0,3
309,683,334,3,0
309,696,310,2,1
309,698,310,2,1
309,705,284,0,3
309,709,334,3,0
309,719,284,0,3
309,720,284,0,3
309,724,310,2,1
310,628,335,3,0
310,642,285,0,3
310,648,335,3,0
310,679,335,3,0
310,683,335,3,0
310,698,285,0,3
310,709,335,3,0
310,719,285,0,3
310,724,285,0,3
311,628,310,1,2
311,642,310,1,2
311,646,286,0,3
311,648,336,3,0
311,657,310,1,2
311,663,310,1,2
311,682,310,1,2
311,683,310,1,2
311,696,336,3,0
311,698,286,0,3
311,705,310,1,2
311,709,310,1,2
311,719,310,1,2
311,720,310,1,2
311,724,286,0,3
312,628,311,1,2
312,642,311,1,2
312,648,337,3,0
312,657,311,1,2
312,663,311,1,2
312,682,311,1,2
312,683,311,1,2
312,696,337,3,0
312,698,287,0,3
312,705,311,1,2
312,709,311,1,2
312,719,311,1,2
312,720,311,1,2
312,724,287,0,3
313,628,312,1,2
313,642,312,1,2
313,648,338,3,0
313,663,312,1,2
313,682,312,1,2
313,683,312,1,2
313,689,312,1,2
313,696,338,3,0
313,698,288,0,3
313,705,312,1,2
313,709,312,1,2
313,719,312,1,2
313,720,312,1,2
313,724,288,0,3
314,628,313,1,2
314,642,313,1,2
314,648,339,3,0
314,719,313,1,2
314,724,289,0,3
315,628,314,1,2
315,642,314,1,2
315,648,340,3,0
315,719,314,1,2
316,628,315,1,2
316,642,315,1,2
316,643,315,1,2
316,662,317,2,1
317,628,318,2,1
317,642,318,2,1
317,643,316,1,2
317,648,342,3,0
318,628,319,2,1
318,642,319,2,1
318,648,343,3,0
318,719,319,2,1
319,628,320,2,1
319,642,320,2,1
319,648,344,3,0
319,719,320,2,1
319,724,294,0,3
320,628,321,2,1
320,642,321,2,1
320,648,345,3,0
320,663,321,2,1
320,682,321,2,1
320,683,321,2,1
320,689,319,1,2
320,696,345,3,0
320,698,295,0,3
320,705,321,2,1
320,709,321,2,1
320,710,321,2,1
320,719,321,2,1
320,720,321,2,1
320,724,295,0,3
321,628,322,2,1
321,642,322,2,1
321,648,346,3,0
321,657,322,2,1
321,663,322,2,1
321,682,322,2,1
321,683,322,2,1
321,696,346,3,0
321,698,296,0,3
321,705,322,2,1
321,709,322,2,1
321,719,322,2,1
321,720,322,2,1
321,724,296,0,3
322,628,323,2,1
322,642,323,2,1
322,646,297,0,3
322,648,347,3,0
322,655,323,2,1
322,657,323,2,1
322,663,323,2,1
322,682,323,2,1
322,683,323,2,1
322,696,347,3,0
322,698,297,0,3
322,705,323,2,1
322,709,323,2,1
322,719,323,2,1
322,720,323,2,1
322,724,297,0,3
323,628,348,3,0
323,642,298,0,3
323,648,348,3,0
323,655,298,0,3
323,679,348,3,0
323,683,348,3,0
323,698,298,0,3
323,709,348,3,0
323,719,298,0,3
323,724,298,0,3
324,628,349,3,0
324,642,299,0,3
324,648,323,1,2
324,657,349,3,0
324,663,349,3,0
324,679,349,3,0
324,682,299,0,3
324,683,349,3,0
324,696,323,1,2
324,698,323,1,2
324,705,299,0,3
324,709,349,3,0
324,719,299,0,3
324,720,299,0,3
324,724,323,1,2
325,628,350,2,0
325,642,300,0,2
325,648,349,3,2
325,663,350,2,0
325,682,300,0,2
325,683,350,2,0
325,689,326,1,1
325,696,349,3,2
325,698,349,3,2
325,705,300,0,2
325,709,326,1,1
325,710,350,2,0
325,719,300,0,2
325,720,300,0,2
325,724,349,3,2
326,628,351,3,0
326,642,301,0,3
326,648,325,1,1
326,719,301,0,3
326,724,325,1,1
327,628,352,3,0
327,642,302,0,3
327,648,326,1,2
327,719,302,0,3
328,628,353,3,0
328,642,303,0,3
328,643,329,2,1
328,648,327,1,2
329,628,354,3,0
329,642,304,0,3
329,662,328,1,2
330,628,355,3,0
330,642,305,0,3
330,648,331,2,1
330,719,305,0,3
331,628,356,3,0
331,642,306,0,3
331,648,332,2,1
331,719,306,0,3
331,724,332,2,1
332,628,357,3,0
332,642,307,0,3
332,648,333,2,1
332,663,357,3,0
332,682,307,0,3
332,683,357,3,0
332,696,333,2,1
332,698,333,2,1
332,705,307,0,3
332,709,709,88,0
332,710,357,3,0
332,719,307,0,3
332,720,307,0,3
332,724,333,2,1
333,628,358,3,0
333,642,308,0,3
333,648,334,2,1
333,657,358,3,0
333,663,358,3,0
333,682,308,0,3
333,683,358,3,0
333,696,334,2,1
333,698,334,2,1
333,705,308,0,3
333,709,332,1,2
333,719,308,0,3
333,720,308,0,3
333,724,334,2,1
334,628,359,3,0
334,642,309,0,3
334,646,335,2,1
334,648,335,2,1
334,655,309,0,3
334,657,359,3,0
334,663,359,3,0
334,682,309,0,3
334,683,359,3,0
334,696,335,2,1
334,698,335,2,1
334,705,309,0,3
334,709,333,1,2
334,719,309,0,3
334,720,309,0,3
334,724,335,2,1
335,628,360,3,0
335,642,310,0,3
335,646,360,3,0
335,648,360,3,0
335,683,360,3,0
335,698,310,0,3
335,705,310,0,3
335,709,334,1,2
335,719,310,0,3
335,724,310,0,3
336,628,335,1,2
336,642,335,1,2
336,646,361,3,0
336,648,361,3,0
336,657,335,1,2
336,663,335,1,2
336,682,335,1,2
336,683,335,1,2
336,696,361,3,0
336,698,311,0,3
336,705,335,1,2
336,709,335,1,2
336,719,335,1,2
336,720,335,1,2
336,724,311,0,3
337,628,336,1,2
337,642,336,1,2
337,648,362,3,0
337,657,336,1,2
337,663,336,1,2
337,682,336,1,2
337,683,336,1,2
337,696,362,3,0
337,698,312,0,3
337,705,336,1,2
337,709,336,1,2
337,719,336,1,2
337,720,336,1,2
337,724,312,0,3
338,628,337,1,2
338,642,337,1,2
338,648,363,3,0
338,663,337,1,2
338,682,337,1,2
338,683,337,1,2
338,689,337,1,2
338,696,363,3,0
338,698,313,0,3
338,705,337,1,2
338,709,337,1,2
338,719,337,1,2
338,720,337,1,2
338,724,313,0,3
339,628,338,1,2
339,642,338,1,2
339,648,364,3,0
339,719,338,1,2
339,724,314,0,3
340,628,339,1,2
340,642,339,1,2
340,648,365,3,0
340,719,339,1,2
341,628,340,1,2
341,642,340,1,2
341,643,340,1,2
341,662,342,2,1
342,628,343,2,1
342,642,343,2,1
342,643,341,1,2
342,648,367,3,0
343,628,344,2,1
343,642,344,2,1
343,648,368,3,0
343,719,344,2,1
344,628,345,2,1
344,642,345,2,1
344,648,369,3,0
344,719,345,2,1
344,724,319,0,3
345,628,346,2,1
345,642,346,2,1
345,648,370,3,0
345,663,346,2,1
345,682,346,2,1
345,683,346,2,1
345,689,344,1,2
345,696,370,3,0
345,698,320,0,3
345,705,346,2,1
345,709,346,2,1
345,710,346,2,1
345,719,346,2,1
345,720,346,2,1
345,724,320,0,3
346,628,347,2,1
346,642,347,2,1
346,648,371,3,0
346,657,347,2,1
346,663,347,2,1
346,682,347,2,1
346,683,347,2,1
346,696,371,3,0
346,698,321,0,3
346,705,347,2,1
346,709,347,2,1
346,719,347,2,1
346,720,347,2,1
346,724,321,0,3
347,628,348,2,1
347,642,348,2,1
347,646,372,3,0
347,648,372,3,0
347,655,348,2,1
347,657,348,2,1
347,663,348,2,1
347,682,348,2,1
347,683,348,2,1
347,696,372,3,0
347,698,322,0,3
347,705,348,2,1
347,709,348,2,1
347,719,348,2,1
347,720,348,2,1
347,724,322,0,3
348,628,373,3,0
348,642,323,0,3
348,646,373,3,0
348,648,373,3,0
348,655,323,0,3
348,683,373,3,0
348,698,323,0,3
348,705,323,0,3
348,709,349,2,1
348,719,323,0,3
348,724,323,0,3
349,628,374,3,0
349,642,324,0,3
349,648,348,1,2
349,657,374,3,0
349,663,374,3,0
349,682,324,0,3
349,683,374,3,0
349,696,348,1,2
349,698,348,1,2
349,705,324,0,3
349,709,325,2,3
349,719,324,0,3
349,720,324,0,3
349,724,348,1,2
350,628,375,2,0
350,642,325,0,2
350,648,374,3,2
350,663,375,2,0
350,682,325,0,2
350,683,351,1,1
350,689,351,1,1
350,696,374,3,2
350,698,374,3,2
350,705,325,0,2
350,709,325,0,2
350,710,375,2,0
350,719,325,0,2
350,720,325,0,2
350,724,374,3,2
351,628,376,3,0
351,642,326,0,3
351,648,350,1,1
351,719,326,0,3
351,724,350,1,1
352,628,377,3,0
352,642,327,0,3
352,648,351,1,2
352,719,327,0,3
353,628,378,3,0
353,642,328,0,3
353,643,354,2,1
353,648,352,1,2
354,628,379,3,0
354,642,329,0,3
354,662,353,1,2
355,628,380,3,0
355,642,330,0,3
355,648,356,2,1
355,719,330,0,3
356,628,381,3,0
356,642,331,0,3
356,648,357,2,1
356,719,331,0,3
356,724,357,2,1
357,628,382,3,0
357,642,332,0,3
357,648,358,2,1
357,663,382,3,0
357,682,332,0,3
357,683,683,62,0
357,696,358,2,1
357,698,358,2,1
357,705,332,0,3
357,709,332,0,3
357,710,382,3,0
357,719,332,0,3
357,720,332,0,3
357,724,358,2,1
358,628,383,3,0
358,642,333,0,3
358,648,359,2,1
358,657,383,3,0
358,663,383,3,0
358,682,333,0,3
358,683,357,1,2
358,696,359,2,1
358,698,359,2,1
358,705,333,0,3
358,709,333,0,3
358,719,333,0,3
358,720,333,0,3
358,724,359,2,1
359,628,384,3,0
359,642,334,0,3
359,646,360,2,1
359,648,360,2,1
359,655,334,0,3
359,657,384,3,0
359,663,384,3,0
359,682,334,0,3
359,683,358,1,2
359,696,360,2,1
359,698,360,2,1
359,705,334,0,3
359,709,334,0,3
359,719,334,0,3
359,720,334,0,3
359,724,360,2,1
360,628,385,3,0
360,642,335,0,3
360,646,385,3,0
360,648,385,3,0
360,682,335,0,3
360,683,359,1,2
360,698,335,0,3
360,705,335,0,3
360,719,335,0,3
360,724,335,0,3
361,628,360,1,2
361,642,360,1,2
361,646,386,3,0
361,648,386,3,0
361,657,360,1,2
361,663,360,1,2
361,682,360,1,2
361,683,360,1,2
361,696,386,3,0
361,698,336,0,3
361,705,360,1,2
361,709,360,1,2
361,719,360,1,2
361,720,360,1,2
361,724,336,0,3
362,628,361,1,2
362,642,361,1,2
362,648,387,3,0
362,657,361,1,2
362,663,361,1,2
362,682,361,1,2
362,683,361,1,2
362,696,387,3,0
362,698,337,0,3
362,705,361,1,2
362,709,361,1,2
362,719,361,1,2
362,720,361,1,2
362,724,337,0,3
363,628,362,1,2
363,642,362,1,2
363,648,388,3,0
363,663,362,1,2
363,682,362,1,2
363,683,362,1,2
363,689,362,1,2
363,696,388,3,0
363,698,338,0,3
363,705,362,1,2
363,709,362,1,2
363,719,362,1,2
363,720,362,1,2
363,724,338,0,3
364,628,363,1,2
364,642,363,1,2
364,648,389,3,0
364,719,363,1,2
364,724,339,0,3
365,628,364,1,2
365,642,364,1,2
365,648,390,3,0
365,719,364,1,2
366,628,365,1,2
366,642,365,1,2
366,643,365,1,2
366,662,367,2,1
367,628,368,2,1
367,642,368,2,1
367,643,366,1,2
367,648,392,3,0
368,628,369,2,1
368,642,369,2,1
368,648,393,3,0
368,719,369,2,1
369,628,370,2,1
369,642,370,2,1
369,648,394,3,0
369,719,370,2,1
369,724,344,0,3
370,628,371,2,1
370,642,371,2,1
370,648,395,3,0
370,663,371,2,1
370,682,371,2,1
370,683,371,2,1
370,689,369,1,2
370,696,395,3,0
370,698,345,0,3
370,705,371,2,1
370,709,371,2,1
370,710,371,2,1
370,719,371,2,1
370,720,371,2,1
370,724,345,0,3
371,628,372,2,1
371,642,372,2,1
371,648,396,3,0
371,657,372,2,1
371,663,372,2,1
371,682,372,2,1
371,683,372,2,1
371,696,396,3,0
371,698,346,0,3
371,705,372,2,1
371,709,372,2,1
371,719,372,2,1
371,720,372,2,1
371,724,346,0,3
372,628,373,2,1
372,642,373,2,1
372,646,397,3,0
372,648,397,3,0
372,655,373,2,1
372,657,373,2,1
372,663,373,2,1
372,682,373,2,1
372,683,373,2,1
372,696,397,3,0
372,698,347,0,3
372,705,373,2,1
372,709,373,2,1
372,719,373,2,1
372,720,373,2,1
372,724,347,0,3
373,628,398,3,0
373,642,348,0,3
373,646,398,3,0
373,648,398,3,0
373,655,348,0,3
373,682,348,0,3
373,683,374,2,1
373,698,348,0,3
373,705,348,0,3
373,719,348,0,3
373,724,348,0,3
374,628,399,3,0
374,642,349,0,3
374,648,373,1,2
374,657,399,3,0
374,663,399,3,0
374,682,349,0,3
374,683,350,2,3
374,696,373,1,2
374,698,373,1,2
374,705,349,0,3
374,709,349,0,3
374,719,349,0,3
374,720,349,0,3
374,724,373,1,2
375,628,376,1,1
375,642,350,0,2
375,648,399,3,2
375,663,400,2,0
375,682,350,0,2
375,683,350,0,2
375,689,376,1,1
375,696,399,3,2
375,698,399,3,2
375,705,350,0,2
375,709,350,0,2
375,710,400,2,0
375,719,350,0,2
375,720,350,0,2
375,724,399,3,2
376,628,377,2,1
376,642,351,0,3
376,648,375,1,1
376,719,351,0,3
376,724,375,1,1
377,628,378,2,1
377,642,352,0,3
377,648,376,1,2
377,719,352,0,3
378,628,379,2,1
378,642,353,0,3
378,643,379,2,1
378,648,377,1,2
379,628,628,7,0
379,642,354,0,3
379,662,378,1,2
380,628,379,1,2
380,642,355,0,3
380,648,381,2,1
380,719,355,0,3
381,628,380,1,2
381,642,356,0,3
381,648,382,2,1
381,719,356,0,3
381,724,382,2,1
382,628,381,1,2
382,642,357,0,3
382,648,383,2,1
382,663,407,3,0
382,682,357,0,3
382,683,357,0,3
382,696,383,2,1
382,698,383,2,1
382,705,357,0,3
382,709,357,0,3
382,710,407,3,0
382,719,357,0,3
382,720,357,0,3
382,724,383,2,1
383,628,382,1,2
383,642,358,0,3
383,648,384,2,1
383,657,408,3,0
383,663,408,3,0
383,682,358,0,3
383,683,358,0,3
383,696,384,2,1
383,698,384,2,1
383,705,358,0,3
383,709,358,0,3
383,719,358,0,3
383,720,358,0,3
383,724,384,2,1
384,628,383,1,2
384,642,359,0,3
384,646,385,2,1
384,648,385,2,1
384,655,359,0,3
384,657,409,3,0
384,663,409,3,0
384,682,359,0,3
384,683,359,0,3
384,696,385,2,1
384,698,385,2,1
384,705,359,0,3
384,709,359,0,3
384,719,359,0,3
384,720,359,0,3
384,724,385,2,1
385,628,384,1,2
385,642,360,0,3
385,646,410,3,0
385,648,410,3,0
385,655,360,0,3
385,663,410,3,0
385,682,360,0,3
385,698,360,0,3
385,705,360,0,3
385,719,360,0,3
386,628,385,1,2
386,642,385,1,2
386,646,411,3,0
386,648,411,3,0
386,657,385,1,2
386,663,385,1,2
386,682,385,1,2
386,683,385,1,2
386,696,411,3,0
386,698,361,0,3
386,705,385,1,2
386,709,385,1,2
386,719,385,1,2
386,720,385,1,2
386,724,361,0,3
387,628,386,1,2
387,642,386,1,2
387,648,412,3,0
387,657,386,1,2
387,663,386,1,2
387,682,386,1,2
387,683,386,1,2
387,696,412,3,0
387,698,362,0,3
387,705,386,1,2
387,709,386,1,2
387,719,386,1,2
387,720,386,1,2
387,724,362,0,3
388,628,387,1,2
388,642,387,1,2
388,648,413,3,0
388,663,387,1,2
388,682,387,1,2
388,683,387,1,2
388,689,387,1,2
388,696,413,3,0
388,698,363,0,3
388,705,387,1,2
388,709,387,1,2
388,719,387,1,2
388,720,387,1,2
388,724,363,0,3
389,628,388,1,2
389,642,388,1,2
389,648,414,3,0
389,719,388,1,2
389,724,364,0,3
390,628,389,1,2
390,642,389,1,2
390,648,415,3,0
390,719,389,1,2
391,628,390,1,2
391,642,390,1,2
391,643,390,1,2
391,662,392,2,1
392,628,393,2,1
392,642,393,2,1
392,643,391,1,2
392,648,417,3,0
393,628,394,2,1
393,642,394,2,1
393,648,418,3,0
393,719,394,2,1
394,628,395,2,1
394,642,395,2,1
394,648,419,3,0
394,719,395,2,1
394,724,369,0,3
395,628,396,2,1
395,642,396,2,1
395,648,420,3,0
395,663,396,2,1
395,682,396,2,1
395,683,396,2,1
395,689,394,1,2
395,696,420,3,0
395,698,370,0,3
395,705,396,2,1
395,709,396,2,1
395,710,396,2,1
395,719,396,2,1
395,720,396,2,1
395,724,370,0,3
396,628,397,2,1
396,642,397,2,1
396,648,421,3,0
396,657,397,2,1
396,663,397,2,1
396,682,397,2,1
396,683,397,2,1
396,696,421,3,0
396,698,371,0,3
396,705,397,2,1
396,709,397,2,1
396,719,397,2,1
396,720,397,2,1
396,724,371,0,3
397,628,398,2,1
397,642,398,2,1
397,646,422,3,0
397,648,422,3,0
397,655,398,2,1
397,657,398,2,1
397,663,398,2,1
397,682,398,2,1
397,683,398,2,1
397,696,422,3,0
397,698,372,0,3
397,705,398,2,1
397,709,398,2,1
397,719,398,2,1
397,720,398,2,1
397,724,372,0,3
398,628,399,2,1
398,642,373,0,3
398,646,423,3,0
398,648,423,3,0
398,655,373,0,3
398,663,423,3,0
398,682,373,0,3
398,698,373,0,3
398,705,373,0,3
398,719,373,0,3
399,628,375,2,3
399,642,374,0,3
399,648,398,1,2
399,657,424,3,0
399,663,424,3,0
399,682,374,0,3
399,683,374,0,3
399,696,398,1,2
399,698,398,1,2
399,705,374,0,3
399,709,374,0,3
399,719,374,0,3
399,720,374,0,3
399,724,398,1,2
400,628,375,0,2
400,642,425,2,0
400,648,424,3,2
400,663,425,2,0
400,682,375,0,2
400,683,375,0,2
400,689,401,1,1
400,696,424,3,2
400,698,424,3,2
400,705,375,0,2
400,709,375,0,2
400,710,425,2,0
400,719,375,0,2
400,720,375,0,2
400,724,424,3,2
401,628,376,0,3
401,642,426,3,0
401,648,400,1,1
401,719,376,0,3
401,724,400,1,1
402,628,377,0,3
402,642,427,3,0
402,648,401,1,2
402,719,377,0,3
403,628,378,0,3
403,642,428,3,0
403,643,404,2,1
403,648,402,1,2
404,628,379,0,3
404,642,429,3,0
404,662,403,1,2
405,628,380,0,3
405,642,430,3,0
405,648,406,2,1
405,719,380,0,3
406,628,381,0,3
406,642,431,3,0
406,648,407,2,1
406,719,381,0,3
406,724,407,2,1
407,628,382,0,3
407,642,432,3,0
407,648,408,2,1
407,663,432,3,0
407,682,382,0,3
407,683,382,0,3
407,696,408,2,1
407,698,408,2,1
407,705,382,0,3
407,709,382,0,3
407,710,432,3,0
407,719,382,0,3
407,720,382,0,3
407,724,408,2,1
408,628,383,0,3
408,642,433,3,0
408,648,409,2,1
408,657,433,3,0
408,663,433,3,0
408,682,383,0,3
408,683,383,0,3
408,696,409,2,1
408,698,409,2,1
408,705,383,0,3
408,709,383,0,3
408,719,383,0,3
408,720,383,0,3
408,724,409,2,1
409,628,384,0,3
409,642,434,3,0
409,646,410,2,1
409,648,410,2,1
409,655,384,0,3
409,657,434,3,0
409,663,434,3,0
409,682,384,0,3
409,683,384,0,3
409,696,410,2,1
409,698,410,2,1
409,705,384,0,3
409,709,384,0,3
409,719,384,0,3
409,720,384,0,3
409,724,410,2,1
410,628,385,0,3
410,642,435,3,0
410,648,411,2,1
410,655,385,0,3
410,663,435,3,0
410,682,385,0,3
410,696,411,2,1
410,705,385,0,3
410,719,385,0,3
410,720,385,0,3
411,628,410,1,2
411,642,410,1,2
411,646,436,3,0
411,648,412,2,1
411,657,410,1,2
411,663,410,1,2
411,682,410,1,2
411,683,410,1,2
411,696,412,2,1
411,698,386,0,3
411,705,410,1,2
411,709,410,1,2
411,719,410,1,2
411,720,410,1,2
411,724,386,0,3
412,628,411,1,2
412,642,411,1,2
412,648,413,2,1
412,657,411,1,2
412,663,411,1,2
412,682,411,1,2
412,683,411,1,2
412,696,413,2,1
412,698,387,0,3
412,705,411,1,2
412,709,411,1,2
412,719,411,1,2
412,720,411,1,2
412,724,387,0,3
413,628,412,1,2
413,642,412,1,2
413,648,414,2,1
413,663,412,1,2
413,682,412,1,2
413,683,412,1,2
413,689,412,1,2
413,696,696,75,0
413,698,388,0,3
413,705,412,1,2
413,709,412,1,2
413,719,412,1,2
413,720,412,1,2
413,724,388,0,3
414,628,413,1,2
414,642,413,1,2
414,648,415,2,1
414,719,413,1,2
414,724,389,0,3
415,628,414,1,2
415,642,414,1,2
415,648,416,2,1
415,719,414,1,2
416,628,415,1,2
416,642,415,1,2
416,643,415,1,2
416,662,417,2,1
417,628,418,2,1
417,642,418,2,1
417,643,416,1,2
417,648,648,27,0
418,628,419,2,1
418,642,419,2,1
418,648,417,1,2
418,719,419,2,1
419,628,420,2,1
419,642,420,2,1
419,648,418,1,2
419,719,420,2,1
419,724,394,0,3
420,628,421,2,1
420,642,421,2,1
420,648,419,1,2
420,663,421,2,1
420,682,421,2,1
420,683,421,2,1
420,689,419,1,2
420,696,419,1,2
420,698,395,0,3
420,705,421,2,1
420,709,421,2,1
420,710,421,2,1
420,719,421,2,1
420,720,421,2,1
420,724,395,0,3
421,628,422,2,1
421,642,422,2,1
421,648,420,1,2
421,657,422,2,1
421,663,422,2,1
421,682,422,2,1
421,683,422,2,1
421,696,420,1,2
421,698,396,0,3
421,705,422,2,1
421,709,422,2,1
421,719,422,2,1
421,720,422,2,1
421,724,396,0,3
422,628,423,2,1
422,642,423,2,1
422,646,447,3,0
422,648,421,1,2
422,655,423,2,1
422,657,423,2,1
422,663,423,2,1
422,682,423,2,1
422,683,423,2,1
422,696,421,1,2
422,698,397,0,3
422,705,423,2,1
422,709,423,2,1
422,719,423,2,1
422,720,423,2,1
422,724,397,0,3
423,628,398,0,3
423,642,448,3,0
423,648,422,1,2
423,655,398,0,3
423,663,448,3,0
423,682,398,0,3
423,696,422,1,2
423,705,398,0,3
423,719,398,0,3
423,720,398,0,3
424,628,399,0,3
424,642,449,3,0
424,648,423,1,2
424,657,449,3,0
424,663,449,3,0
424,682,399,0,3
424,683,399,0,3
424,696,423,1,2
424,698,423,1,2
424,705,399,0,3
424,709,399,0,3
424,719,399,0,3
424,720,399,0,3
424,724,423,1,2
425,628,400,0,2
425,642,450,2,0
425,648,449,3,2
425,663,450,2,0
425,682,400,0,2
425,683,400,0,2
425,689,426,1,1
425,696,449,3,2
425,698,449,3,2
425,705,400,0,2
425,709,400,0,2
425,710,450,2,0
425,719,400,0,2
425,720,400,0,2
425,724,449,3,2
426,628,401,0,3
426,642,451,3,0
426,648,425,1,1
426,719,401,0,3
426,724,425,1,1
427,628,402,0,3
427,642,452,3,0
427,648,426,1,2
427,719,402,0,3
428,628,403,0,3
428,642,453,3,0
428,643,429,2,1
428,648,427,1,2
429,628,404,0,3
429,642,454,3,0
429,662,428,1,2
430,628,405,0,3
430,642,455,3,0
430,648,431,2,1
430,719,405,0,3
431,628,406,0,3
431,642,456,3,0
431,648,432,2,1
431,719,406,0,3
431,724,432,2,1
432,628,407,0,3
432,642,457,3,0
432,648,433,2,1
432,663,457,3,0
432,682,407,0,3
432,683,407,0,3
432,696,433,2,1
432,698,433,2,1
432,705,407,0,3
432,709,407,0,3
432,710,457,3,0
432,719,407,0,3
432,720,407,0,3
432,724,433,2,1
433,628,408,0,3
433,642,458,3,0
433,648,434,2,1
433,657,458,3,0
433,663,458,3,0
433,682,408,0,3
433,683,408,0,3
433,696,434,2,1
433,698,434,2,1
433,705,408,0,3
433,709,408,0,3
433,719,408,0,3
433,720,408,0,3
433,724,434,2,1
434,628,409,0,3
434,642,459,3,0
434,646,435,2,1
434,648,435,2,1
434,655,459,3,0
434,657,459,3,0
434,663,459,3,0
434,682,409,0,3
434,683,409,0,3
434,696,435,2,1
434,698,435,2,1
434,705,409,0,3
434,709,409,0,3
434,719,409,0,3
434,720,409,0,3
434,724,435,2,1
435,628,410,0,3
435,642,460,3,0
435,648,410,0,3
435,663,460,3,0
435,682,410,0,3
435,696,410,0,3
435,705,410,0,3
435,719,410,0,3
435,720,410,0,3
436,628,435,1,2
436,642,435,1,2
436,646,461,3,0
436,648,411,0,3
436,657,435,1,2
436,663,435,1,2
436,682,435,1,2
436,683,435,1,2
436,696,411,0,3
436,698,411,0,3
436,705,435,1,2
436,709,435,1,2
436,719,435,1,2
436,720,435,1,2
436,724,411,0,3
437,628,436,1,2
437,642,436,1,2
437,648,412,0,3
437,657,436,1,2
437,663,436,1,2
437,682,436,1,2
437,683,436,1,2
437,696,412,0,3
437,698,412,0,3
437,705,436,1,2
437,709,436,1,2
437,719,436,1,2
437,720,436,1,2
437,724,412,0,3
438,628,437,1,2
438,642,437,1,2
438,648,413,0,3
438,663,437,1,2
438,682,437,1,2
438,683,437,1,2
438,689,437,1,2
438,696,413,0,3
438,698,413,0,3
438,705,437,1,2
438,709,437,1,2
438,719,437,1,2
438,720,437,1,2
438,724,413,0,3
439,628,438,1,2
439,642,438,1,2
439,648,414,0,3
439,719,438,1,2
439,724,414,0,3
440,628,439,1,2
440,642,439,1,2
440,648,415,0,3
440,719,439,1,2
441,628,440,1,2
441,642,440,1,2
441,643,440,1,2
441,662,442,2,1
442,628,443,2,1
442,642,443,2,1
442,643,441,1,2
442,648,417,0,3
443,628,444,2,1
443,642,444,2,1
443,648,418,0,3
443,719,444,2,1
444,628,445,2,1
444,642,445,2,1
444,648,419,0,3
444,719,445,2,1
444,724,419,0,3
445,628,446,2,1
445,642,446,2,1
445,648,420,0,3
445,663,446,2,1
445,682,446,2,1
445,683,446,2,1
445,689,444,1,2
445,696,420,0,3
445,698,420,0,3
445,705,446,2,1
445,709,446,2,1
445,710,446,2,1
445,719,446,2,1
445,720,446,2,1
445,724,420,0,3
446,628,447,2,1
446,642,447,2,1
446,648,421,0,3
446,657,447,2,1
446,663,447,2,1
446,682,447,2,1
446,683,447,2,1
446,696,421,0,3
446,698,421,0,3
446,705,447,2,1
446,709,447,2,1
446,719,447,2,1
446,720,447,2,1
446,724,421,0,3
447,628,448,2,1
447,642,448,2,1
447,646,472,3,0
447,648,422,0,3
447,655,448,2,1
447,657,448,2,1
447,663,448,2,1
447,682,448,2,1
447,683,448,2,1
447,696,422,0,3
447,698,422,0,3
447,705,448,2,1
447,709,448,2,1
447,719,448,2,1
447,720,448,2,1
447,724,422,0,3
448,628,423,0,3
448,642,473,3,0
448,648,423,0,3
448,655,473,3,0
448,663,473,3,0
448,682,423,0,3
448,696,423,0,3
448,705,423,0,3
448,719,423,0,3
448,720,423,0,3
449,628,424,0,3
449,642,474,3,0
449,648,448,1,2
449,657,474,3,0
449,663,474,3,0
449,682,424,0,3
449,683,424,0,3
449,696,448,1,2
449,698,448,1,2
449,705,424,0,3
449,709,424,0,3
449,719,424,0,3
449,720,424,0,3
449,724,448,1,2
450,628,425,0,2
450,642,475,2,0
450,648,474,3,2
450,663,475,2,0
450,682,425,0,2
450,683,425,0,2
450,689,451,1,1
450,696,474,3,2
450,698,474,3,2
450,705,425,0,2
450,709,425,0,2
450,710,475,2,0
450,719,425,0,2
450,720,425,0,2
450,724,474,3,2
451,628,426,0,3
451,642,476,3,0
451,648,450,1,1
451,719,426,0,3
451,724,450,1,1
452,628,427,0,3
452,642,477,3,0
452,648,451,1,2
452,719,427,0,3
453,628,428,0,3
453,642,478,3,0
453,643,454,2,1
453,648,452,1,2
454,628,429,0,3
454,642,479,3,0
454,662,453,1,2
455,628,430,0,3
455,642,480,3,0
455,648,456,2,1
455,719,430,0,3
456,628,431,0,3
456,642,481,3,0
456,648,457,2,1
456,719,431,0,3
456,724,457,2,1
457,628,432,0,3
457,642,482,3,0
457,648,458,2,1
457,663,482,3,0
457,682,432,0,3
457,683,432,0,3
457,696,458,2,1
457,698,458,2,1
457,705,432,0,3
457,709,432,0,3
457,710,482,3,0
457,719,432,0,3
457,720,432,0,3
457,724,458,2,1
458,628,433,0,3
458,642,483,3,0
458,648,459,2,1
458,657,483,3,0
458,663,483,3,0
458,682,433,0,3
458,683,433,0,3
458,696,459,2,1
458,698,459,2,1
458,705,433,0,3
458,709,433,0,3
458,719,433,0,3
458,720,433,0,3
458,724,459,2,1
459,628,434,0,3
459,642,484,3,0
459,646,460,2,1
459,648,460,2,1
459,655,484,3,0
459,657,484,3,0
459,663,484,3,0
459,682,434,0,3
459,683,434,0,3
459,696,460,2,1
459,698,460,2,1
459,705,434,0,3
459,709,434,0,3
459,719,434,0,3
459,720,434,0,3
459,724,460,2,1
460,628,435,0,3
460,642,485,3,0
460,648,435,0,3
460,657,485,3,0
460,663,485,3,0
460,682,435,0,3
460,696,435,0,3
460,705,435,0,3
460,709,435,0,3
460,719,435,0,3
460,720,435,0,3
460,724,485,3,0
461,628,460,1,2
461,642,460,1,2
461,646,486,3,0
461,648,436,0,3
461,657,460,1,2
461,663,460,1,2
461,682,460,1,2
461,683,460,1,2
461,696,436,0,3
461,698,436,0,3
461,705,460,1,2
461,709,460,1,2
461,719,460,1,2
461,720,460,1,2
461,724,486,3,0
462,628,461,1,2
462,642,461,1,2
462,648,437,0,3
462,657,461,1,2
462,663,461,1,2
462,682,461,1,2
462,683,461,1,2
462,696,437,0,3
462,698,437,0,3
462,705,461,1,2
462,709,461,1,2
462,719,461,1,2
462,720,461,1,2
462,724,487,3,0
463,628,462,1,2
463,642,462,1,2
463,648,438,0,3
463,663,462,1,2
463,682,462,1,2
463,683,462,1,2
463,689,462,1,2
463,696,438,0,3
463,698,438,0,3
463,705,462,1,2
463,709,462,1,2
463,719,462,1,2
463,720,462,1,2
463,724,488,3,0
464,628,463,1,2
464,642,463,1,2
464,648,439,0,3
464,719,463,1,2
464,724,489,3,0
465,628,464,1,2
465,642,464,1,2
465,648,440,0,3
465,719,464,1,2
466,628,465,1,2
466,642,465,1,2
466,643,465,1,2
466,662,467,2,1
467,628,468,2,1
467,642,468,2,1
467,643,466,1,2
467,648,442,0,3
468,628,469,2,1
468,642,469,2,1
468,648,443,0,3
468,719,469,2,1
469,628,470,2,1
469,642,470,2,1
469,648,444,0,3
469,719,470,2,1
469,724,494,3,0
470,628,471,2,1
470,642,471,2,1
470,648,445,0,3
470,663,471,2,1
470,682,471,2,1
470,683,471,2,1
470,689,469,1,2
470,696,445,0,3
470,698,445,0,3
470,705,471,2,1
470,709,471,2,1
470,710,471,2,1
470,719,471,2,1
470,720,471,2,1
470,724,495,3,0
471,628,472,2,1
471,642,472,2,1
471,648,446,0,3
471,657,472,2,1
471,663,472,2,1
471,682,472,2,1
471,683,472,2,1
471,696,446,0,3
471,698,446,0,3
471,705,472,2,1
471,709,472,2,1
471,719,472,2,1
471,720,472,2,1
471,724,496,3,0
472,628,473,2,1
472,642,473,2,1
472,646,497,3,0
472,648,447,0,3
472,655,473,2,1
472,657,473,2,1
472,663,473,2,1
472,682,473,2,1
472,683,473,2,1
472,696,447,0,3
472,698,447,0,3
472,705,473,2,1
472,709,473,2,1
472,719,473,2,1
472,720,473,2,1
472,724,497,3,0
473,628,448,0,3
473,642,498,3,0
473,648,448,0,3
473,655,498,3,0
473,657,498,3,0
473,663,498,3,0
473,682,448,0,3
473,696,448,0,3
473,705,448,0,3
473,709,448,0,3
473,719,448,0,3
473,720,448,0,3
473,724,498,3,0
474,628,449,0,3
474,642,499,3,0
474,648,473,1,2
474,657,499,3,0
474,663,499,3,0
474,682,449,0,3
474,683,449,0,3
474,696,473,1,2
474,698,473,1,2
474,705,449,0,3
474,709,449,0,3
474,719,449,0,3
474,720,449,0,3
474,724,473,1,2
475,628,450,0,2
475,642,500,2,0
475,648,499,3,2
475,663,500,2,0
475,682,450,0,2
475,683,450,0,2
475,689,476,1,1
475,696,499,3,2
475,698,499,3,2
475,705,450,0,2
475,709,450,0,2
475,710,500,2,0
475,719,450,0,2
475,720,450,0,2
475,724,499,3,2
476,628,451,0,3
476,642,501,3,0
476,648,475,1,1
476,719,451,0,3
476,724,475,1,1
477,628,452,0,3
477,642,502,3,0
477,648,476,1,2
477,719,452,0,3
478,628,453,0,3
478,642,503,3,0
478,643,479,2,1
478,648,477,1,2
479,628,454,0,3
479,642,504,3,0
479,662,478,1,2
480,628,455,0,3
480,642,505,3,0
480,648,481,2,1
480,719,455,0,3
481,628,456,0,3
481,642,506,3,0
481,648,482,2,1
481,719,456,0,3
481,724,482,2,1
482,628,457,0,3
482,642,507,3,0
482,648,483,2,1
482,663,507,3,0
482,682,457,0,3
482,683,457,0,3
482,696,483,2,1
482,698,483,2,1
482,705,457,0,3
482,709,457,0,3
482,710,507,3,0
482,719,457,0,3
482,720,457,0,3
482,724,483,2,1
483,628,458,0,3
483,642,508,3,0
483,648,484,2,1
483,657,508,3,0
483,663,508,3,0
483,682,458,0,3
483,683,458,0,3
483,696,484,2,1
483,698,484,2,1
483,705,458,0,3
483,709,458,0,3
483,719,458,0,3
483,720,458,0,3
483,724,484,2,1
484,628,459,0,3
484,642,509,3,0
484,646,485,2,1
484,648,485,2,1
484,655,509,3,0
484,657,509,3,0
484,663,509,3,0
484,682,459,0,3
484,683,459,0,3
484,696,485,2,1
484,698,485,2,1
484,705,459,0,3
484,709,459,0,3
484,719,459,0,3
484,720,459,0,3
484,724,485,2,1
485,628,460,0,3
485,642,510,3,0
485,648,460,0,3
485,657,510,3,0
485,663,510,3,0
485,682,460,0,3
485,683,460,0,3
485,696,460,0,3
485,698,510,3,0
485,705,460,0,3
485,709,460,0,3
485,719,460,0,3
485,720,460,0,3
485,724,510,3,0
486,628,485,1,2
486,642,485,1,2
486,646,511,3,0
486,648,461,0,3
486,657,485,1,2
486,663,485,1,2
486,682,485,1,2
486,683,485,1,2
486,696,461,0,3
486,698,511,3,0
486,705,485,1,2
486,709,485,1,2
486,719,485,1,2
486,720,485,1,2
486,724,511,3,0
487,628,486,1,2
487,642,486,1,2
487,648,462,0,3
487,657,486,1,2
487,663,486,1,2
487,682,486,1,2
487,683,486,1,2
487,696,462,0,3
487,698,512,3,0
487,705,486,1,2
487,709,486,1,2
487,719,486,1,2
487,720,486,1,2
487,724,512,3,0
488,628,487,1,2
488,642,487,1,2
488,648,463,0,3
488,663,487,1,2
488,682,487,1,2
488,683,487,1,2
488,689,487,1,2
488,696,463,0,3
488,698,513,3,0
488,705,487,1,2
488,709,487,1,2
488,719,487,1,2
488,720,487,1,2
488,724,513,3,0
489,628,488,1,2
489,642,488,1,2
489,648,464,0,3
489,719,488,1,2
489,724,514,3,0
490,628,489,1,2
490,642,489,1,2
490,648,465,0,3
490,719,489,1,2
491,628,490,1,2
491,642,490,1,2
491,643,490,1,2
491,662,492,2,1
492,628,493,2,1
492,642,493,2,1
492,643,491,1,2
492,648,467,0,3
493,628,494,2,1
493,642,494,2,1
493,648,468,0,3
493,719,494,2,1
494,628,495,2,1
494,642,495,2,1
494,648,469,0,3
494,719,495,2,1
494,724,519,3,0
495,628,496,2,1
495,642,496,2,1
495,648,470,0,3
495,663,496,2,1
495,682,496,2,1
495,683,496,2,1
495,689,494,1,2
495,696,470,0,3
495,698,520,3,0
495,705,496,2,1
495,709,496,2,1
495,710,496,2,1
495,719,496,2,1
495,720,496,2,1
495,724,520,3,0
496,628,497,2,1
496,642,497,2,1
496,648,471,0,3
496,657,497,2,1
496,663,497,2,1
496,682,497,2,1
496,683,497,2,1
496,696,471,0,3
496,698,521,3,0
496,705,497,2,1
496,709,497,2,1
496,719,497,2,1
496,720,497,2,1
496,724,521,3,0
497,628,498,2,1
497,642,498,2,1
497,646,522,3,0
497,648,472,0,3
497,655,498,2,1
497,657,498,2,1
497,663,498,2,1
497,682,498,2,1
497,683,498,2,1
497,696,472,0,3
497,698,522,3,0
497,705,498,2,1
497,709,498,2,1
497,719,498,2,1
497,720,498,2,1
497,724,522,3,0
498,628,473,0,3
498,642,523,3,0
498,648,473,0,3
498,655,523,3,0
498,657,523,3,0
498,663,523,3,0
498,682,473,0,3
498,683,473,0,3
498,696,473,0,3
498,698,523,3,0
498,705,473,0,3
498,709,473,0,3
498,719,473,0,3
498,720,473,0,3
498,724,523,3,0
499,628,474,0,3
499,642,524,3,0
499,648,498,1,2
499,657,524,3,0
499,663,524,3,0
499,682,474,0,3
499,683,474,0,3
499,696,498,1,2
499,698,498,1,2
499,705,474,0,3
499,709,474,0,3
499,719,474,0,3
499,720,474,0,3
499,724,498,1,2
500,628,475,0,2
500,642,525,2,0
500,648,524,3,2
500,663,525,2,0
500,682,475,0,2
500,683,475,0,2
500,689,501,1,1
500,696,524,3,2
500,698,524,3,2
500,705,475,0,2
500,709,475,0,2
500,710,525,2,0
500,719,475,0,2
500,720,475,0,2
500,724,524,3,2
501,628,476,0,3
501,642,526,3,0
501,648,500,1,1
501,719,476,0,3
501,724,500,1,1
502,628,477,0,3
502,642,527,3,0
502,648,501,1,2
502,719,477,0,3
503,628,478,0,3
503,642,528,3,0
503,643,504,2,1
503,648,502,1,2
504,628,479,0,3
504,642,529,3,0
504,662,503,1,2
505,628,480,0,3
505,642,530,3,0
505,648,506,2,1
505,719,480,0,3
506,628,481,0,3
506,642,531,3,0
506,648,507,2,1
506,719,481,0,3
506,724,507,2,1
507,628,482,0,3
507,642,532,3,0
507,648,508,2,1
507,663,532,3,0
507,682,482,0,3
507,683,482,0,3
507,696,508,2,1
507,698,508,2,1
507,705,482,0,3
507,709,482,0,3
507,710,532,3,0
507,719,482,0,3
507,720,482,0,3
507,724,508,2,1
508,628,483,0,3
508,642,533,3,0
508,648,509,2,1
508,657,533,3,0
508,663,533,3,0
508,682,483,0,3
508,683,483,0,3
508,696,509,2,1
508,698,509,2,1
508,705,483,0,3
508,709,483,0,3
508,719,483,0,3
508,720,483,0,3
508,724,509,2,1
509,628,484,0,3
509,642,534,3,0
509,646,510,2,1
509,648,510,2,1
509,655,534,3,0
509,657,534,3,0
509,663,534,3,0
509,682,484,0,3
509,683,484,0,3
509,696,510,2,1
509,698,510,2,1
509,705,484,0,3
509,709,484,0,3
509,719,484,0,3
509,720,484,0,3
509,724,510,2,1
510,628,485,0,3
510,642,535,3,0
510,643,535,3,0
510,648,485,0,3
510,657,535,3,0
510,663,535,3,0
510,682,485,0,3
510,683,485,0,3
510,696,485,0,3
510,698,535,3,0
510,705,485,0,3
510,709,485,0,3
510,719,485,0,3
510,720,485,0,3
510,724,535,3,0
511,628,510,1,2
511,642,510,1,2
511,643,536,3,0
511,646,536,3,0
511,648,486,0,3
511,657,510,1,2
511,663,510,1,2
511,682,510,1,2
511,683,510,1,2
511,696,486,0,3
511,698,536,3,0
511,705,510,1,2
511,709,510,1,2
511,719,510,1,2
511,720,510,1,2
511,724,536,3,0
512,628,511,1,2
512,642,511,1,2
512,643,537,3,0
512,648,487,0,3
512,657,511,1,2
512,663,511,1,2
512,682,511,1,2
512,683,511,1,2
512,696,487,0,3
512,698,537,3,0
512,705,511,1,2
512,709,511,1,2
512,719,511,1,2
512,720,511,1,2
512,724,537,3,0
513,628,512,1,2
513,642,512,1,2
513,643,538,3,0
513,648,488,0,3
513,663,512,1,2
513,682,512,1,2
513,683,512,1,2
513,689,512,1,2
513,696,488,0,3
513,698,538,3,0
513,705,512,1,2
513,709,512,1,2
513,719,512,1,2
513,720,512,1,2
513,724,538,3,0
514,628,513,1,2
514,642,513,1,2
514,643,539,3,0
514,648,489,0,3
514,719,513,1,2
514,724,539,3,0
515,628,514,1,2
515,642,514,1,2
515,643,540,3,0
515,648,490,0,3
515,719,514,1,2
516,628,515,1,2
516,642,515,1,2
516,643,515,1,2
516,662,517,2,1
517,628,518,2,1
517,642,518,2,1
517,648,492,0,3
518,628,519,2,1
518,642,519,2,1
518,643,543,3,0
518,648,493,0,3
518,719,519,2,1
519,628,520,2,1
519,642,520,2,1
519,643,544,3,0
519,648,494,0,3
519,719,520,2,1
519,724,544,3,0
520,628,521,2,1
520,642,521,2,1
520,643,545,3,0
520,648,495,0,3
520,663,521,2,1
520,682,521,2,1
520,683,521,2,1
520,689,519,1,2
520,696,495,0,3
520,698,545,3,0
520,705,521,2,1
520,709,521,2,1
520,710,521,2,1
520,719,521,2,1
520,720,521,2,1
520,724,545,3,0
521,628,522,2,1
521,642,522,2,1
521,643,546,3,0
521,648,496,0,3
521,657,522,2,1
521,663,522,2,1
521,682,522,2,1
521,683,522,2,1
521,696,496,0,3
521,698,546,3,0
521,705,522,2,1
521,709,522,2,1
521,719,522,2,1
521,720,522,2,1
521,724,546,3,0
522,628,523,2,1
522,642,523,2,1
522,643,547,3,0
522,646,547,3,0
522,648,497,0,3
522,655,523,2,1
522,657,523,2,1
522,663,523,2,1
522,682,523,2,1
522,683,523,2,1
522,696,497,0,3
522,698,547,3,0
522,705,523,2,1
522,709,523,2,1
522,719,523,2,1
522,720,523,2,1
522,724,547,3,0
523,628,498,0,3
523,642,548,3,0
523,643,548,3,0
523,648,498,0,3
523,655,548,3,0
523,657,548,3,0
523,663,548,3,0
523,682,498,0,3
523,683,498,0,3
523,696,498,0,3
523,698,548,3,0
523,705,498,0,3
523,709,498,0,3
523,719,498,0,3
523,720,498,0,3
523,724,548,3,0
524,628,499,0,3
524,642,549,3,0
524,648,523,1,2
524,657,549,3,0
524,663,549,3,0
524,682,499,0,3
524,683,499,0,3
524,696,523,1,2
524,698,523,1,2
524,705,499,0,3
524,709,499,0,3
524,719,499,0,3
524,720,499,0,3
524,724,523,1,2
525,628,500,0,2
525,642,550,2,0
525,648,549,3,2
525,663,550,2,0
525,682,500,0,2
525,683,500,0,2
525,689,526,1,1
525,696,549,3,2
525,698,549,3,2
525,705,550,2,0
525,709,500,0,2
525,710,550,2,0
525,719,500,0,2
525,720,500,0,2
525,724,549,3,2
526,628,501,0,3
526,642,551,3,0
526,648,525,1,1
526,719,501,0,3
526,724,525,1,1
527,628,502,0,3
527,642,552,3,0
527,648,526,1,2
527,719,502,0,3
528,628,503,0,3
528,642,553,3,0
528,643,529,2,1
528,648,527,1,2
529,628,504,0,3
529,642,554,3,0
529,662,528,1,2
530,628,505,0,3
530,642,555,3,0
530,648,531,2,1
530,719,505,0,3
531,628,506,0,3
531,642,556,3,0
531,648,532,2,1
531,719,506,0,3
531,724,532,2,1
532,628,507,0,3
532,642,557,3,0
532,648,533,2,1
532,663,557,3,0
532,682,507,0,3
532,683,507,0,3
532,696,533,2,1
532,698,533,2,1
532,705,557,3,0
532,709,507,0,3
532,710,557,3,0
532,719,507,0,3
532,720,507,0,3
532,724,533,2,1
533,628,508,0,3
533,642,558,3,0
533,648,534,2,1
533,657,558,3,0
533,663,558,3,0
533,682,508,0,3
533,683,508,0,3
533,696,534,2,1
533,698,534,2,1
533,705,558,3,0
533,709,508,0,3
533,719,508,0,3
533,720,508,0,3
533,724,534,2,1
534,628,509,0,3
534,642,559,3,0
534,646,535,2,1
534,648,535,2,1
534,655,559,3,0
534,657,559,3,0
534,663,559,3,0
534,682,509,0,3
534,683,509,0,3
534,696,535,2,1
534,698,535,2,1
534,705,559,3,0
534,709,509,0,3
534,719,509,0,3
534,720,509,0,3
534,724,535,2,1
535,628,510,0,3
535,642,560,3,0
535,643,536,2,1
535,648,510,0,3
535,657,560,3,0
535,663,560,3,0
535,682,510,0,3
535,683,510,0,3
535,696,510,0,3
535,698,560,3,0
535,709,510,0,3
535,719,510,0,3
535,720,510,0,3
535,724,560,3,0
536,628,535,1,2
536,642,535,1,2
536,643,537,2,1
536,646,561,3,0
536,648,511,0,3
536,657,535,1,2
536,663,535,1,2
536,682,535,1,2
536,683,535,1,2
536,696,511,0,3
536,698,561,3,0
536,705,535,1,2
536,709,535,1,2
536,719,535,1,2
536,720,535,1,2
536,724,561,3,0
537,628,536,1,2
537,642,536,1,2
537,643,538,2,1
537,648,512,0,3
537,657,536,1,2
537,663,536,1,2
537,682,536,1,2
537,683,536,1,2
537,696,512,0,3
537,698,562,3,0
537,705,536,1,2
537,709,536,1,2
537,719,536,1,2
537,720,536,1,2
537,724,562,3,0
538,628,537,1,2
538,642,537,1,2
538,643,539,2,1
538,648,513,0,3
538,663,537,1,2
538,682,537,1,2
538,683,537,1,2
538,689,537,1,2
538,696,513,0,3
538,698,563,3,0
538,705,537,1,2
538,709,537,1,2
538,719,537,1,2
538,720,537,1,2
538,724,563,3,0
539,628,538,1,2
539,642,538,1,2
539,643,540,2,1
539,648,514,0,3
539,719,538,1,2
539,724,564,3,0
540,628,539,1,2
540,642,539,1,2
540,643,643,22,0
540,648,515,0,3
540,719,539,1,2
541,628,540,1,2
541,642,540,1,2
541,643,540,1,2
541,662,542,2,1
542,628,543,2,1
542,642,543,2,1
542,643,541,1,2
542,648,517,0,3
543,628,544,2,1
543,642,544,2,1
543,643,542,1,2
543,648,518,0,3
543,719,544,2,1
544,628,545,2,1
544,642,545,2,1
544,643,543,1,2
544,648,519,0,3
544,719,545,2,1
544,724,569,3,0
545,628,546,2,1
545,642,546,2,1
545,643,544,1,2
545,648,520,0,3
545,663,546,2,1
545,682,546,2,1
545,683,546,2,1
545,689,544,1,2
545,696,520,0,3
545,698,570,3,0
545,705,546,2,1
545,709,546,2,1
545,710,546,2,1
545,719,546,2,1
545,720,546,2,1
545,724,570,3,0
546,628,547,2,1
546,642,547,2,1
546,643,545,1,2
546,648,521,0,3
546,657,547,2,1
546,663,547,2,1
546,682,547,2,1
546,683,547,2,1
546,696,521,0,3
546,698,571,3,0
546,705,547,2,1
546,709,547,2,1
546,719,547,2,1
546,720,547,2,1
546,724,571,3,0
547,628,548,2,1
547,642,548,2,1
547,643,546,1,2
547,646,572,3,0
547,648,522,0,3
547,655,548,2,1
547,657,548,2,1
547,663,548,2,1
547,682,548,2,1
547,683,548,2,1
547,696,522,0,3
547,698,572,3,0
547,705,548,2,1
547,709,548,2,1
547,719,548,2,1
547,720,548,2,1
547,724,572,3,0
548,628,523,0,3
548,642,573,3,0
548,643,547,1,2
548,648,523,0,3
548,655,573,3,0
548,657,573,3,0
548,663,573,3,0
548,682,523,0,3
548,683,523,0,3
548,696,523,0,3
548,698,573,3,0
548,709,523,0,3
548,719,523,0,3
548,720,523,0,3
548,724,573,3,0
549,628,524,0,3
549,642,574,3,0
549,648,548,1,2
549,657,574,3,0
549,663,574,3,0
549,682,524,0,3
549,683,524,0,3
549,696,548,1,2
549,698,548,1,2
549,705,574,3,0
549,709,524,0,3
549,719,524,0,3
549,720,524,0,3
549,724,548,1,2
550,628,525,0,2
550,642,575,2,0
550,648,574,3,2
550,663,575,2,0
550,682,575,2,0
550,683,525,0,2
550,689,551,1,1
550,696,574,3,2
550,698,574,3,2
550,705,575,2,0
550,709,525,0,2
550,710,575,2,0
550,719,525,0,2
550,720,525,0,2
550,724,574,3,2
551,628,526,0,3
551,642,576,3,0
551,648,550,1,1
551,719,526,0,3
551,724,550,1,1
552,628,527,0,3
552,642,577,3,0
552,648,551,1,2
552,719,527,0,3
553,628,528,0,3
553,642,578,3,0
553,643,554,2,1
553,648,552,1,2
554,628,529,0,3
554,642,579,3,0
554,662,553,1,2
555,628,530,0,3
555,642,580,3,0
555,648,556,2,1
555,719,530,0,3
556,628,531,0,3
556,642,581,3,0
556,648,557,2,1
556,719,531,0,3
556,724,557,2,1
557,628,532,0,3
557,642,582,3,0
557,648,558,2,1
557,663,582,3,0
557,682,582,3,0
557,683,532,0,3
557,696,558,2,1
557,698,558,2,1
557,705,582,3,0
557,709,532,0,3
557,710,582,3,0
557,719,532,0,3
557,720,532,0,3
557,724,558,2,1
558,628,533,0,3
558,642,583,3,0
558,648,559,2,1
558,657,583,3,0
558,663,583,3,0
558,682,583,3,0
558,683,533,0,3
558,696,559,2,1
558,698,559,2,1
558,705,583,3,0
558,709,533,0,3
558,710,583,3,0
558,719,533,0,3
558,720,533,0,3
558,724,559,2,1
559,628,534,0,3
559,642,584,3,0
559,646,560,2,1
559,648,560,2,1
559,655,584,3,0
559,657,584,3,0
559,663,584,3,0
559,682,584,3,0
559,683,534,0,3
559,696,560,2,1
559,698,560,2,1
559,705,584,3,0
559,709,534,0,3
559,710,584,3,0
559,719,534,0,3
559,720,534,0,3
559,724,560,2,1
560,628,535,0,3
560,642,585,3,0
560,648,535,0,3
560,657,585,3,0
560,663,585,3,0
560,683,535,0,3
560,696,535,0,3
560,698,585,3,0
560,709,535,0,3
560,710,585,3,0
560,719,535,0,3
560,720,535,0,3
560,724,585,3,0
561,628,560,1,2
561,642,560,1,2
561,646,586,3,0
561,648,536,0,3
561,657,560,1,2
561,663,560,1,2
561,682,560,1,2
561,683,560,1,2
561,696,536,0,3
561,698,586,3,0
561,705,560,1,2
561,709,560,1,2
561,719,560,1,2
561,720,560,1,2
561,724,586,3,0
562,628,561,1,2
562,642,561,1,2
562,648,537,0,3
562,657,561,1,2
562,663,561,1,2
562,682,561,1,2
562,683,561,1,2
562,696,537,0,3
562,698,587,3,0
562,705,561,1,2
562,709,561,1,2
562,719,561,1,2
562,720,561,1,2
562,724,587,3,0
563,628,562,1,2
563,642,562,1,2
563,648,538,0,3
563,663,562,1,2
563,682,562,1,2
563,683,562,1,2
563,689,562,1,2
563,696,538,0,3
563,698,588,3,0
563,705,562,1,2
563,709,562,1,2
563,719,562,1,2
563,720,562,1,2
563,724,588,3,0
564,628,563,1,2
564,642,563,1,2
564,648,539,0,3
564,719,563,1,2
564,724,589,3,0
565,628,564,1,2
565,642,564,1,2
565,648,540,0,3
565,719,564,1,2
566,628,565,1,2
566,642,565,1,2
566,643,565,1,2
566,662,567,2,1
567,628,568,2,1
567,642,568,2,1
567,643,566,1,2
567,648,542,0,3
568,628,569,2,1
568,642,569,2,1
568,648,543,0,3
568,719,569,2,1
569,628,570,2,1
569,642,570,2,1
569,648,544,0,3
569,719,570,2,1
569,724,594,3,0
570,628,571,2,1
570,642,571,2,1
570,648,545,0,3
570,663,571,2,1
570,682,571,2,1
570,683,571,2,1
570,689,569,1,2
570,696,545,0,3
570,698,595,3,0
570,705,571,2,1
570,709,571,2,1
570,710,571,2,1
570,719,571,2,1
570,720,571,2,1
570,724,595,3,0
571,628,572,2,1
571,642,572,2,1
571,648,546,0,3
571,657,572,2,1
571,663,572,2,1
571,682,572,2,1
571,683,572,2,1
571,696,546,0,3
571,698,596,3,0
571,705,572,2,1
571,709,572,2,1
571,719,572,2,1
571,720,572,2,1
571,724,596,3,0
572,628,573,2,1
572,642,573,2,1
572,646,597,3,0
572,648,547,0,3
572,655,573,2,1
572,657,573,2,1
572,663,573,2,1
572,682,573,2,1
572,683,573,2,1
572,696,547,0,3
572,698,597,3,0
572,705,573,2,1
572,709,573,2,1
572,719,573,2,1
572,720,573,2,1
572,724,597,3,0
573,628,548,0,3
573,642,598,3,0
573,648,548,0,3
573,655,598,3,0
573,657,598,3,0
573,663,598,3,0
573,683,548,0,3
573,696,548,0,3
573,698,598,3,0
573,709,548,0,3
573,710,598,3,0
573,719,548,0,3
573,720,548,0,3
573,724,598,3,0
574,628,549,0,3
574,642,599,3,0
574,648,573,1,2
574,657,599,3,0
574,663,599,3,0
574,682,599,3,0
574,683,549,0,3
574,696,573,1,2
574,698,573,1,2
574,705,599,3,0
574,709,549,0,3
574,710,599,3,0
574,719,549,0,3
574,720,549,0,3
574,724,573,1,2
575,628,550,0,2
575,642,600,2,0
575,648,599,3,2
575,663,576,1,1
575,682,600,2,0
575,683,550,0,2
575,689,576,1,1
575,696,599,3,2
575,698,599,3,2
575,705,600,2,0
575,709,550,0,2
575,719,600,2,0
575,720,550,0,2
575,724,599,3,2
576,628,551,0,3
576,642,601,3,0
576,648,575,1,1
576,719,601,3,0
576,724,575,1,1
577,628,552,0,3
577,642,602,3,0
577,648,576,1,2
577,719,602,3,0
578,628,553,0,3
578,642,603,3,0
578,643,579,2,1
578,648,577,1,2
579,628,554,0,3
579,642,604,3,0
579,662,578,1,2
580,628,555,0,3
580,642,605,3,0
580,648,581,2,1
580,719,605,3,0
581,628,556,0,3
581,642,606,3,0
581,648,582,2,1
581,719,606,3,0
581,724,582,2,1
582,628,557,0,3
582,642,607,3,0
582,648,583,2,1
582,663,663,42,0
582,682,607,3,0
582,683,557,0,3
582,696,583,2,1
582,698,583,2,1
582,705,607,3,0
582,709,557,0,3
582,710,710,89,0
582,719,607,3,0
582,720,557,0,3
582,724,583,2,1
583,627,627,6,0
583,628,558,0,3
583,642,608,3,0
583,648,584,2,1
583,657,608,3,0
583,663,582,1,2
583,682,608,3,0
583,683,558,0,3
583,696,584,2,1
583,698,584,2,1
583,705,608,3,0
583,709,558,0,3
583,710,582,1,2
583,719,608,3,0
583,720,558,0,3
583,724,584,2,1
584,627,583,1,2
584,628,559,0,3
584,642,609,3,0
584,646,585,2,1
584,648,585,2,1
584,655,609,3,0
584,657,609,3,0
584,663,583,1,2
584,682,609,3,0
584,683,559,0,3
584,696,585,2,1
584,698,585,2,1
584,705,609,3,0
584,709,559,0,3
584,710,583,1,2
584,719,609,3,0
584,720,559,0,3
584,724,585,2,1
585,627,584,1,2
585,628,560,0,3
585,642,610,3,0
585,648,560,0,3
585,657,610,3,0
585,663,584,1,2
585,683,560,0,3
585,689,610,3,0
585,696,560,0,3
585,698,610,3,0
585,709,560,0,3
585,710,584,1,2
585,720,560,0,3
585,724,610,3,0
586,628,585,1,2
586,642,585,1,2
586,646,611,3,0
586,648,561,0,3
586,657,585,1,2
586,663,585,1,2
586,682,585,1,2
586,683,585,1,2
586,689,611,3,0
586,696,561,0,3
586,698,611,3,0
586,705,585,1,2
586,709,585,1,2
586,719,585,1,2
586,720,585,1,2
586,724,611,3,0
587,628,586,1,2
587,642,586,1,2
587,648,562,0,3
587,657,586,1,2
587,663,586,1,2
587,682,586,1,2
587,683,586,1,2
587,689,612,3,0
587,696,562,0,3
587,698,612,3,0
587,705,586,1,2
587,709,586,1,2
587,719,586,1,2
587,720,586,1,2
587,724,612,3,0
588,628,587,1,2
588,642,587,1,2
588,648,563,0,3
588,663,587,1,2
588,682,587,1,2
588,683,587,1,2
588,689,587,1,2
588,696,563,0,3
588,698,613,3,0
588,705,587,1,2
588,709,587,1,2
588,719,587,1,2
588,720,587,1,2
588,724,613,3,0
589,628,588,1,2
589,642,588,1,2
589,648,564,0,3
589,719,588,1,2
589,724,614,3,0
590,628,589,1,2
590,642,589,1,2
590,648,565,0,3
590,719,589,1,2
591,628,590,1,2
591,642,590,1,2
591,643,590,1,2
591,662,592,2,1
592,628,593,2,1
592,642,593,2,1
592,643,591,1,2
592,648,567,0,3
593,628,594,2,1
593,642,594,2,1
593,648,568,0,3
593,719,594,2,1
594,628,595,2,1
594,642,595,2,1
594,648,569,0,3
594,719,595,2,1
594,724,619,3,0
595,628,596,2,1
595,642,596,2,1
595,648,570,0,3
595,663,596,2,1
595,682,596,2,1
595,683,596,2,1
595,696,570,0,3
595,698,620,3,0
595,705,596,2,1
595,709,596,2,1
595,710,596,2,1
595,719,596,2,1
595,720,596,2,1
595,724,620,3,0
596,628,597,2,1
596,642,597,2,1
596,648,571,0,3
596,657,597,2,1
596,663,597,2,1
596,682,597,2,1
596,683,597,2,1
596,689,621,3,0
596,696,571,0,3
596,698,621,3,0
596,705,597,2,1
596,709,597,2,1
596,719,597,2,1
596,720,597,2,1
596,724,621,3,0
597,628,598,2,1
597,642,598,2,1
597,646,622,3,0
597,648,572,0,3
597,655,598,2,1
597,657,598,2,1
597,663,598,2,1
597,682,598,2,1
597,683,598,2,1
597,689,622,3,0
597,696,572,0,3
597,698,622,3,0
597,705,598,2,1
597,709,598,2,1
597,719,598,2,1
597,720,598,2,1
597,724,622,3,0
598,627,599,2,1
598,628,573,0,3
598,642,623,3,0
598,648,573,0,3
598,655,623,3,0
598,657,623,3,0
598,663,599,2,1
598,683,573,0,3
598,689,623,3,0
598,696,573,0,3
598,698,623,3,0
598,709,573,0,3
598,710,599,2,1
598,720,573,0,3
598,724,623,3,0
599,627,575,2,3
599,628,574,0,3
599,642,624,3,0
599,648,598,1,2
599,657,624,3,0
599,663,575,2,3
599,682,624,3,0
599,683,574,0,3
599,696,598,1,2
599,698,598,1,2
599,705,624,3,0
599,709,574,0,3
599,710,575,2,3
599,719,624,3,0
599,720,574,0,3
599,724,598,1,2
600,628,575,0,2
600,642,0,2,3
600,648,624,3,2
600,663,575,0,2
600,682,0,2,3
600,683,575,0,2
600,689,601,1,1
600,696,624,3,2
600,698,624,3,2
600,705,0,2,3
600,709,575,0,2
600,710,575,0,2
600,719,0,2,3
600,720,0,2,3
600,724,624,3,2
601,628,576,0,3
601,642,1,3,3
601,648,600,1,1
601,719,1,3,3
601,724,600,1,1
602,628,577,0,3
602,642,2,3,3
602,648,601,1,2
602,719,2,3,3
603,628,578,0,3
603,642,3,3,3
603,643,604,2,1
603,648,602,1,2
604,628,579,0,3
604,642,4,3,3
604,662,603,1,2
605,628,580,0,3
605,642,5,3,3
605,648,606,2,1
605,719,5,3,3
606,628,581,0,3
606,642,6,3,3
606,648,607,2,1
606,719,6,3,3
606,724,607,2,1
607,628,582,0,3
607,642,7,3,3
607,648,608,2,1
607,663,582,0,3
607,682,7,3,3
607,683,582,0,3
607,696,608,2,1
607,698,608,2,1
607,705,7,3,3
607,709,582,0,3
607,710,582,0,3
607,719,7,3,3
607,720,7,3,3
607,724,608,2,1
608,627,583,0,3
608,628,583,0,3
608,642,8,3,3
608,648,609,2,1
608,657,657,36,0
608,663,583,0,3
608,679,679,58,0
608,682,8,3,3
608,683,583,0,3
608,696,609,2,1
608,698,609,2,1
608,705,8,3,3
608,709,583,0,3
608,719,8,3,3
608,720,8,3,3
608,724,609,2,1
609,627,584,0,3
609,628,584,0,3
609,642,9,3,3
609,646,610,2,1
609,648,610,2,1
609,655,9,3,3
609,657,608,1,2
609,663,584,0,3
609,679,608,1,2
609,682,9,3,3
609,683,584,0,3
609,696,610,2,1
609,698,610,2,1
609,705,9,3,3
609,709,584,0,3
609,719,9,3,3
609,720,9,3,3
609,724,610,2,1
610,627,585,0,3
610,628,585,0,3
610,642,10,3,3
610,648,585,0,3
610,657,609,1,2
610,679,609,1,2
610,683,585,0,3
610,689,611,2,1
610,696,585,0,3
610,698,10,3,3
610,709,585,0,3
610,719,10,3,3
610,724,10,3,3
611,628,610,1,2
611,642,610,1,2
611,646,11,3,3
611,648,586,0,3
611,657,610,1,2
611,663,610,1,2
611,682,610,1,2
611,683,610,1,2
611,689,612,2,1
611,696,586,0,3
611,698,11,3,3
611,705,610,1,2
611,709,610,1,2
611,719,610,1,2
611,720,610,1,2
611,724,11,3,3
612,628,611,1,2
612,642,611,1,2
612,648,587,0,3
612,657,611,1,2
612,663,611,1,2
612,682,611,1,2
612,683,611,1,2
612,689,689,68,0
612,696,587,0,3
612,698,12,3,3
612,705,611,1,2
612,709,611,1,2
612,719,611,1,2
612,720,611,1,2
612,724,12,3,3
613,628,612,1,2
613,642,612,1,2
613,648,588,0,3
613,663,612,1,2
613,682,612,1,2
613,683,612,1,2
613,689,612,1,2
613,696,588,0,3
613,698,13,3,3
613,705,612,1,2
613,709,612,1,2
613,719,612,1,2
613,720,612,1,2
613,724,13,3,3
614,628,613,1,2
614,642,613,1,2
614,648,589,0,3
614,719,613,1,2
614,724,14,3,3
615,628,614,1,2
615,642,614,1,2
615,648,590,0,3
615,719,614,1,2
616,628,615,1,2
616,642,615,1,2
616,643,615,1,2
616,662,617,2,1
617,628,618,2,1
617,642,618,2,1
617,643,616,1,2
617,648,592,0,3
618,628,619,2,1
618,642,619,2,1
618,648,593,0,3
618,719,619,2,1
619,628,620,2,1
619,642,620,2,1
619,648,594,0,3
619,719,620,2,1
619,724,19,3,3
620,628,621,2,1
620,642,621,2,1
620,648,595,0,3
620,663,621,2,1
620,682,621,2,1
620,683,621,2,1
620,689,619,1,2
620,696,595,0,3
620,698,20,3,3
620,705,621,2,1
620,709,621,2,1
620,710,621,2,1
620,719,621,2,1
620,720,621,2,1
620,724,20,3,3
621,628,622,2,1
621,642,622,2,1
621,648,596,0,3
621,657,622,2,1
621,663,622,2,1
621,682,622,2,1
621,683,622,2,1
621,689,620,1,2
621,696,596,0,3
621,698,21,3,3
621,705,622,2,1
621,709,622,2,1
621,719,622,2,1
621,720,622,2,1
621,724,21,3,3
622,628,623,2,1
622,642,623,2,1
622,646,22,3,3
622,648,597,0,3
622,655,623,2,1
622,657,623,2,1
622,663,623,2,1
622,682,623,2,1
622,683,623,2,1
622,689,621,1,2
622,696,597,0,3
622,698,22,3,3
622,705,623,2,1
622,709,623,2,1
622,719,623,2,1
622,720,623,2,1
622,724,22,3,3
623,627,598,0,3
623,628,598,0,3
623,642,23,3,3
623,648,598,0,3
623,655,23,3,3
623,657,624,2,1
623,679,624,2,1
623,683,598,0,3
623,689,622,1,2
623,696,598,0,3
623,698,23,3,3
623,709,598,0,3
623,719,23,3,3
623,724,23,3,3
624,627,599,0,3
624,628,599,0,3
624,642,24,3,3
624,648,623,1,2
624,657,600,2,3
624,663,599,0,3
624,679,600,2,3
624,682,24,3,3
624,683,599,0,3
624,696,623,1,2
624,698,623,1,2
624,705,24,3,3
624,709,599,0,3
624,719,24,3,3
624,720,24,3,3
624,724,623,1,2
627,625,583,0,6
627,626,583,0,6
627,628,583,0,6
627,629,583,0,6
627,630,583,0,6
627,631,583,0,6
627,632,583,0,6
627,633,583,0,6
627,634,583,0,6
627,635,583,0,6
627,636,583,0,6
627,637,583,0,6
627,638,583,0,6
627,639,583,0,6
627,640,583,0,6
627,641,583,0,6
627,642,583,0,6
627,643,583,0,6
627,644,583,0,6
627,645,583,0,6
627,646,583,0,6
627,647,583,0,6
627,648,583,0,6
627,649,583,0,6
627,650,583,0,6
627,651,583,0,6
627,652,583,0,6
627,653,583,0,6
627,654,583,0,6
627,655,583,0,6
627,656,583,0,6
627,657,583,0,6
627,658,583,0,6
627,659,583,0,6
627,660,583,0,6
627,661,583,0,6
627,662,583,0,6
627,663,583,0,6
627,664,583,0,6
627,665,583,0,6
627,666,583,0,6
627,667,583,0,6
627,668,583,0,6
627,669,583,0,6
627,670,583,0,6
627,671,583,0,6
627,672,583,0,6
627,673,583,0,6
627,674,583,0,6
627,675,583,0,6
627,676,583,0,6
627,677,583,0,6
627,678,583,0,6
627,679,583,0,6
627,680,583,0,6
627,681,583,0,6
627,682,583,0,6
627,683,583,0,6
627,684,583,0,6
627,685,583,0,6
627,686,583,0,6
627,687,583,0,6
627,688,583,0,6
627,689,583,0,6
627,690,583,0,6
627,691,583,0,6
627,692,583,0,6
627,693,583,0,6
627,694,583,0,6
627,695,583,0,6
627,696,583,0,6
627,697,583,0,6
627,698,583,0,6
627,699,583,0,6
627,700,583,0,6
627,701,583,0,6
627,702,583,0,6
627,703,583,0,6
627,704,583,0,6
627,705,583,0,6
627,706,583,0,6
627,707,583,0,6
627,708,583,0,6
627,709,583,0,6
627,710,583,0,6
627,711,583,0,6
627,712,583,0,6
627,713,583,0,6
627,714,583,0,6
627,715,583,0,6
627,716,583,0,6
627,717,583,0,6
627,718,583,0,6
627,719,583,0,6
627,720,583,0,6
627,721,583,0,6
627,722,583,0,6
627,723,583,0,6
627,724,583,0,6
628,625,379,0,7
628,626,379,0,7
628,627,379,0,7
628,629,379,0,7
628,630,379,0,7
628,631,379,0,7
628,632,379,0,7
628,633,379,0,7
628,634,379,0,7
628,635,379,0,7
628,636,379,0,7
628,637,379,0,7
628,638,379,0,7
628,639,379,0,7
628,640,379,0,7
628,641,379,0,7
628,642,379,0,7
628,643,379,0,7
628,644,379,0,7
628,645,379,0,7
628,646,379,0,7
628,647,379,0,7
628,648,379,0,7
628,649,379,0,7
628,650,379,0,7
628,651,379,0,7
628,652,379,0,7
628,653,379,0,7
628,654,379,0,7
628,655,379,0,7
628,656,379,0,7
628,657,379,0,7
628,658,379,0,7
628,659,379,0,7
628,660,379,0,7
628,661,379,0,7
628,662,379,0,7
628,663,379,0,7
628,664,379,0,7
628,665,379,0,7
628,666,379,0,7
628,667,379,0,7
628,668,379,0,7
628,669,379,0,7
628,670,379,0,7
628,671,379,0,7
628,672,379,0,7
628,673,379,0,7
628,674,379,0,7
628,675,379,0,7
628,676,379,0,7
628,677,379,0,7
628,678,379,0,7
628,679,379,0,7
628,680,379,0,7
628,681,379,0,7
628,682,379,0,7
628,683,379,0,7
628,684,379,0,7
628,685,379,0,7
628,686,379,0,7
628,687,379,0,7
628,688,379,0,7
628,689,379,0,7
628,690,379,0,7
628,691,379,0,7
628,692,379,0,7
628,693,379,0,7
628,694,379,0,7
628,695,379,0,7
628,696,379,0,7
628,697,379,0,7
628,698,379,0,7
628,699,379,0,7
628,700,379,0,7
628,701,379,0,7
628,702,379,0,7
628,703,379,0,7
628,704,379,0,7
628,705,379,0,7
628,706,379,0,7
628,707,379,0,7
628,708,379,0,7
628,709,379,0,7
628,710,379,0,7
628,711,379,0,7
628,712,379,0,7
628,713,379,0,7
628,714,379,0,7
628,715,379,0,7
628,716,379,0,7
628,717,379,0,7
628,718,379,0,7
628,719,379,0,7
628,720,379,0,7
628,721,379,0,7
628,722,379,0,7
628,723,379,0,7
628,724,379,0,7
642,625,79,0,21
642,626,79,0,21
642,627,79,0,21
642,628,79,0,21
642,629,79,0,21
642,630,79,0,21
642,631,79,0,21
642,632,79,0,21
642,633,79,0,21
642,634,79,0,21
642,635,79,0,21
642,636,79,0,21
642,637,79,0,21
642,638,79,0,21
642,639,79,0,21
642,640,79,0,21
642,641,79,0,21
642,643,79,0,21
642,644,79,0,21
642,645,79,0,21
642,646,79,0,21
642,647,79,0,21
642,648,79,0,21
642,649,79,0,21
642,650,79,0,21
642,651,79,0,21
642,652,79,0,21
642,653,79,0,21
642,654,79,0,21
642,655,79,0,21
642,656,79,0,21
642,657,79,0,21
642,658,79,0,21
642,659,79,0,21
642,660,79,0,21
642,661,79,0,21
642,662,79,0,21
642,663,79,0,21
642,664,79,0,21
642,665,79,0,21
642,666,79,0,21
642,667,79,0,21
642,668,79,0,21
642,669,79,0,21
642,670,79,0,21
642,671,79,0,21
642,672,79,0,21
642,673,79,0,21
642,674,79,0,21
642,675,79,0,21
642,676,79,0,21
642,677,79,0,21
642,678,79,0,21
642,679,79,0,21
642,680,79,0,21
642,681,79,0,21
642,682,79,0,21
642,683,79,0,21
642,684,79,0,21
642,685,79,0,21
642,686,79,0,21
642,687,79,0,21
642,688,79,0,21
642,689,79,0,21
642,690,79,0,21
642,691,79,0,21
642,692,79,0,21
642,693,79,0,21
642,694,79,0,21
642,695,79,0,21
642,696,79,0,21
642,697,79,0,21
642,698,79,0,21
642,699,79,0,21
642,700,79,0,21
642,701,79,0,21
642,702,79,0,21
642,703,79,0,21
642,704,79,0,21
642,705,79,0,21
642,706,79,0,21
642,707,79,0,21
642,708,79,0,21
642,709,79,0,21
642,710,79,0,21
642,711,79,0,21
642,712,79,0,21
642,713,79,0,21
642,714,79,0,21
642,715,79,0,21
642,716,79,0,21
642,717,79,0,21
642,718,79,0,21
642,719,79,0,21
642,720,79,0,21
642,721,79,0,21
642,722,79,0,21
642,723,79,0,21
642,724,79,0,21
643,625,540,0,22
643,626,540,0,22
643,627,540,0,22
643,628,540,0,22
643,629,540,0,22
643,630,540,0,22
643,631,540,0,22
643,632,540,0,22
643,633,540,0,22
643,634,540,0,22
643,635,540,0,22
643,636,540,0,22
643,637,540,0,22
643,638,540,0,22
643,639,540,0,22
643,640,540,0,22
643,641,540,0,22
643,642,540,0,22
643,644,540,0,22
643,645,540,0,22
643,646,540,0,22
643,647,540,0,22
643,648,540,0,22
643,649,540,0,22
643,650,540,0,22
643,651,540,0,22
643,652,540,0,22
643,653,540,0,22
643,654,540,0,22
643,655,540,0,22
643,656,540,0,22
643,657,540,0,22
643,658,540,0,22
643,659,540,0,22
643,660,540,0,22
643,661,540,0,22
643,662,540,0,22
643,663,540,0,22
643,664,540,0,22
643,665,540,0,22
643,666,540,0,22
643,667,540,0,22
643,668,540,0,22
643,669,540,0,22
643,670,540,0,22
643,671,540,0,22
643,672,540,0,22
643,673,540,0,22
643,674,540,0,22
643,675,540,0,22
643,676,540,0,22
643,677,540,0,22
643,678,540,0,22
643,679,540,0,22
643,680,540,0,22
643,681,540,0,22
643,682,540,0,22
643,683,540,0,22
643,684,540,0,22
643,685,540,0,22
643,686,540,0,22
643,687,540,0,22
643,688,540,0,22
643,689,540,0,22
643,690,540,0,22
643,691,540,0,22
643,692,540,0,22
643,693,540,0,22
643,694,540,0,22
643,695,540,0,22
643,696,540,0,22
643,697,540,0,22
643,698,540,0,22
643,699,540,0,22
643,700,540,0,22
643,701,540,0,22
643,702,540,0,22
643,703,540,0,22
643,704,540,0,22
643,705,540,0,22
643,706,540,0,22
643,707,540,0,22
643,708,540,0,22
643,709,540,0,22
643,710,540,0,22
643,711,540,0,22
643,712,540,0,22
643,713,540,0,22
643,714,540,0,22
643,715,540,0,22
643,716,540,0,22
643,717,540,0,22
643,718,540,0,22
643,719,540,0,22
643,720,540,0,22
643,721,540,0,22
643,722,540,0,22
643,723,540,0,22
643,724,540,0,22
646,625,11,0,25
646,626,11,0,25
646,627,11,0,25
646,628,11,0,25
646,629,11,0,25
646,630,11,0,25
646,631,11,0,25
646,632,11,0,25
646,633,11,0,25
646,634,11,0,25
646,635,11,0,25
646,636,11,0,25
646,637,11,0,25
646,638,11,0,25
646,639,11,0,25
646,640,11,0,25
646,641,11,0,25
646,642,11,0,25
646,643,11,0,25
646,644,11,0,25
646,645,11,0,25
646,647,11,0,25
646,648,11,0,25
646,649,11,0,25
646,650,11,0,25
646,651,11,0,25
646,652,11,0,25
646,653,11,0,25
646,654,11,0,25
646,655,11,0,25
646,656,11,0,25
646,657,11,0,25
646,658,11,0,25
646,659,11,0,25
646,660,11,0,25
646,661,11,0,25
646,662,11,0,25
646,663,11,0,25
646,664,11,0,25
646,665,11,0,25
646,666,11,0,25
646,667,11,0,25
646,668,11,0,25
646,669,11,0,25
646,670,11,0,25
646,671,11,0,25
646,672,11,0,25
646,673,11,0,25
646,674,11,0,25
646,675,11,0,25
646,676,11,0,25
646,677,11,0,25
646,678,11,0,25
646,679,11,0,25
646,680,11,0,25
646,681,11,0,25
646,682,11,0,25
646,683,11,0,25
646,684,11,0,25
646,685,11,0,25
646,686,11,0,25
646,687,11,0,25
646,688,11,0,25
646,689,11,0,25
646,690,11,0,25
646,691,11,0,25
646,692,11,0,25
646,693,11,0,25
646,694,11,0,25
646,695,11,0,25
646,696,11,0,25
646,697,11,0,25
646,698,11,0,25
646,699,11,0,25
646,700,11,0,25
646,701,11,0,25
646,702,11,0,25
646,703,11,0,25
646,704,11,0,25
646,705,11,0,25
646,706,11,0,25
646,707,11,0,25
646,708,11,0,25
646,709,11,0,25
646,710,11,0,25
646,711,11,0,25
646,712,11,0,25
646,713,11,0,25
646,714,11,0,25
646,715,11,0,25
646,716,11,0,25
646,717,11,0,25
646,718,11,0,25
646,719,11,0,25
646,720,11,0,25
646,721,11,0,25
646,722,11,0,25
646,723,11,0,25
646,724,11,0,25
648,625,417,0,27
648,626,417,0,27
648,627,417,0,27
648,628,417,0,27
648,629,417,0,27
648,630,417,0,27
648,631,417,0,27
648,632,417,0,27
648,633,417,0,27
648,634,417,0,27
648,635,417,0,27
648,636,417,0,27
648,637,417,0,27
648,638,417,0,27
648,639,417,0,27
648,640,417,0,27
648,641,417,0,27
648,642,417,0,27
648,643,417,0,27
648,644,417,0,27
648,645,417,0,27
648,646,417,0,27
648,647,417,0,27
648,649,417,0,27
648,650,417,0,27
648,651,417,0,27
648,652,417,0,27
648,653,417,0,27
648,654,417,0,27
648,655,417,0,27
648,656,417,0,27
648,657,417,0,27
648,658,417,0,27
648,659,417,0,27
648,660,417,0,27
648,661,417,0,27
648,662,417,0,27
648,663,417,0,27
648,664,417,0,27
648,665,417,0,27
648,666,417,0,27
648,667,417,0,27
648,668,417,0,27
648,669,417,0,27
648,670,417,0,27
648,671,417,0,27
648,672,417,0,27
648,673,417,0,27
648,674,417,0,27
648,675,417,0,27
648,676,417,0,27
648,677,417,0,27
648,678,417,0,27
648,679,417,0,27
648,680,417,0,27
648,681,417,0,27
648,682,417,0,27
648,683,417,0,27
648,684,417,0,27
648,685,417,0,27
648,686,417,0,27
648,687,417,0,27
648,688,417,0,27
648,689,417,0,27
648,690,417,0,27
648,691,417,0,27
648,692,417,0,27
648,693,417,0,27
648,694,417,0,27
648,695,417,0,27
648,696,417,0,27
648,697,417,0,27
648,698,417,0,27
648,699,417,0,27
648,700,417,0,27
648,701,417,0,27
648,702,417,0,27
648,703,417,0,27
648,704,417,0,27
648,705,417,0,27
648,706,417,0,27
648,707,417,0,27
648,708,417,0,27
648,709,417,0,27
648,710,417,0,27
648,711,417,0,27
648,712,417,0,27
648,713,417,0,27
648,714,417,0,27
648,715,417,0,27
648,716,417,0,27
648,717,417,0,27
648,718,417,0,27
648,719,417,0,27
648,720,417,0,27
648,721,417,0,27
648,722,417,0,27
648,723,417,0,27
648,724,417,0,27
655,625,109,0,34
655,626,109,0,34
655,627,109,0,34
655,628,109,0,34
655,629,109,0,34
655,630,109,0,34
655,631,109,0,34
655,632,109,0,34
655,633,109,0,34
655,634,109,0,34
655,635,109,0,34
655,636,109,0,34
655,637,109,0,34
655,638,109,0,34
655,639,109,0,34
655,640,109,0,34
655,641,109,0,34
655,642,109,0,34
655,643,109,0,34
655,644,109,0,34
655,645,109,0,34
655,646,109,0,34
655,647,109,0,34
655,648,109,0,34
655,649,109,0,34
655,650,109,0,34
655,651,109,0,34
655,652,109,0,34
655,653,109,0,34
655,654,109,0,34
655,656,109,0,34
655,657,109,0,34
655,658,109,0,34
655,659,109,0,34
655,660,109,0,34
655,661,109,0,34
655,662,109,0,34
655,663,109,0,34
655,664,109,0,34
655,665,109,0,34
655,666,109,0,34
655,667,109,0,34
655,668,109,0,34
655,669,109,0,34
655,670,109,0,34
655,671,109,0,34
655,672,109,0,34
655,673,109,0,34
655,674,109,0,34
655,675,109,0,34
655,676,109,0,34
655,677,109,0,34
655,678,109,0,34
655,679,109,0,34
655,680,109,0,34
655,681,109,0,34
655,682,109,0,34
655,683,109,0,34
655,684,109,0,34
655,685,109,0,34
655,686,109,0,34
655,687,109,0,34
655,688,109,0,34
655,689,109,0,34
655,690,109,0,34
655,691,109,0,34
655,692,109,0,34
655,693,109,0,34
655,694,109,0,34
655,695,109,0,34
655,696,109,0,34
655,697,109,0,34
655,698,109,0,34
655,699,109,0,34
655,700,109,0,34
655,701,109,0,34
655,702,109,0,34
655,703,109,0,34
655,704,109,0,34
655,705,109,0,34
655,706,109,0,34
655,707,109,0,34
655,708,109,0,34
655,709,109,0,34
655,710,109,0,34
655,711,109,0,34
655,712,109,0,34
655,713,109,0,34
655,714,109,0,34
655,715,109,0,34
655,716,109,0,34
655,717,109,0,34
655,718,109,0,34
655,719,109,0,34
655,720,109,0,34
655,721,109,0,34
655,722,109,0,34
655,723,109,0,34
655,724,109,0,34
657,625,608,0,36
657,626,608,0,36
657,627,608,0,36
657,628,608,0,36
657,629,608,0,36
657,630,608,0,36
657,631,608,0,36
657,632,608,0,36
657,633,608,0,36
657,634,608,0,36
657,635,608,0,36
657,636,608,0,36
657,637,608,0,36
657,638,608,0,36
657,639,608,0,36
657,640,608,0,36
657,641,608,0,36
657,642,608,0,36
657,643,608,0,36
657,644,608,0,36
657,645,608,0,36
657,646,608,0,36
657,647,608,0,36
657,648,608,0,36
657,649,608,0,36
657,650,608,0,36
657,651,608,0,36
657,652,608,0,36
657,653,608,0,36
657,654,608,0,36
657,655,608,0,36
657,656,608,0,36
657,658,608,0,36
657,659,608,0,36
657,660,608,0,36
657,661,608,0,36
657,662,608,0,36
657,663,608,0,36
657,664,608,0,36
657,665,608,0,36
657,666,608,0,36
657,667,608,0,36
657,668,608,0,36
657,669,608,0,36
657,670,608,0,36
657,671,608,0,36
657,672,608,0,36
657,673,608,0,36
657,674,608,0,36
657,675,608,0,36
657,676,608,0,36
657,677,608,0,36
657,678,608,0,36
657,679,608,0,36
657,680,608,0,36
657,681,608,0,36
657,682,608,0,36
657,683,608,0,36
657,684,608,0,36
657,685,608,0,36
657,686,608,0,36
657,687,608,0,36
657,688,608,0,36
657,689,608,0,36
657,690,608,0,36
657,691,608,0,36
657,692,608,0,36
657,693,608,0,36
657,694,608,0,36
657,695,608,0,36
657,696,608,0,36
657,697,608,0,36
657,698,608,0,36
657,699,608,0,36
657,700,608,0,36
657,701,608,0,36
657,702,608,0,36
657,703,608,0,36
657,704,608,0,36
657,705,608,0,36
657,706,608,0,36
657,707,608,0,36
657,708,608,0,36
657,709,608,0,36
657,710,608,0,36
657,711,608,0,36
657,712,608,0,36
657,713,608,0,36
657,714,608,0,36
657,715,608,0,36
657,716,608,0,36
657,717,608,0,36
657,718,608,0,36
657,719,608,0,36
657,720,608,0,36
657,721,608,0,36
657,722,608,0,36
657,723,608,0,36
657,724,608,0,36
662,625,128,0,41
662,626,128,0,41
662,627,128,0,41
662,628,128,0,41
662,629,128,0,41
662,630,128,0,41
662,631,128,0,41
662,632,128,0,41
662,633,128,0,41
662,634,128,0,41
662,635,128,0,41
662,636,128,0,41
662,637,128,0,41
662,638,128,0,41
662,639,128,0,41
662,640,128,0,41
662,641,128,0,41
662,642,128,0,41
662,643,128,0,41
662,644,128,0,41
662,645,128,0,41
662,646,128,0,41
662,647,128,0,41
662,648,128,0,41
662,649,128,0,41
662,650,128,0,41
662,651,128,0,41
662,652,128,0,41
662,653,128,0,41
662,654,128,0,41
662,655,128,0,41
662,656,128,0,41
662,657,128,0,41
662,658,128,0,41
662,659,128,0,41
662,660,128,0,41
662,661,128,0,41
662,663,128,0,41
662,664,128,0,41
662,665,128,0,41
662,666,128,0,41
662,667,128,0,41
662,668,128,0,41
662,669,128,0,41
662,670,128,0,41
662,671,128,0,41
662,672,128,0,41
662,673,128,0,41
662,674,128,0,41
662,675,128,0,41
662,676,128,0,41
662,677,128,0,41
662,678,128,0,41
662,679,128,0,41
662,680,128,0,41
662,681,128,0,41
662,682,128,0,41
662,683,128,0,41
662,684,128,0,41
662,685,128,0,41
662,686,128,0,41
662,687,128,0,41
662,688,128,0,41
662,689,128,0,41
662,690,128,0,41
662,691,128,0,41
662,692,128,0,41
662,693,128,0,41
662,694,128,0,41
662,695,128,0,41
662,696,128,0,41
662,697,128,0,41
662,698,128,0,41
662,699,128,0,41
662,700,128,0,41
662,701,128,0,41
662,702,128,0,41
662,703,128,0,41
662,704,128,0,41
662,705,128,0,41
662,706,128,0,41
662,707,128,0,41
662,708,128,0,41
662,709,128,0,41
662,710,128,0,41
662,711,128,0,41
662,712,128,0,41
662,713,128,0,41
662,714,128,0,41
662,715,128,0,41
662,716,128,0,41
662,717,128,0,41
662,718,128,0,41
662,719,128,0,41
662,720,128,0,41
662,721,128,0,41
662,722,128,0,41
662,723,128,0,41
662,724,128,0,41
663,625,582,0,42
663,626,582,0,42
663,627,582,0,42
663,628,582,0,42
663,629,582,0,42
663,630,582,0,42
663,631,582,0,42
663,632,582,0,42
663,633,582,0,42
663,634,582,0,42
663,635,582,0,42
663,636,582,0,42
663,637,582,0,42
663,638,582,0,42
663,639,582,0,42
663,640,582,0,42
663,641,582,0,42
663,642,582,0,42
663,643,582,0,42
663,644,582,0,42
663,645,582,0,42
663,646,582,0,42
663,647,582,0,42
663,648,582,0,42
663,649,582,0,42
663,650,582,0,42
663,651,582,0,42
663,652,582,0,42
663,653,582,0,42
663,654,582,0,42
663,655,582,0,42
663,656,582,0,42
663,657,582,0,42
663,658,582,0,42
663,659,582,0,42
663,660,582,0,42
663,661,582,0,42
663,662,582,0,42
663,664,582,0,42
663,665,582,0,42
663,666,582,0,42
663,667,582,0,42
663,668,582,0,42
663,669,582,0,42
663,670,582,0,42
663,671,582,0,42
663,672,582,0,42
663,673,582,0,42
663,674,582,0,42
663,675,582,0,42
663,676,582,0,42
663,677,582,0,42
663,678,582,0,42
663,679,582,0,42
663,680,582,0,42
663,681,582,0,42
663,682,582,0,42
663,683,582,0,42
663,684,582,0,42
663,685,582,0,42
663,686,582,0,42
663,687,582,0,42
663,688,582,0,42
663,689,582,0,42
663,690,582,0,42
663,691,582,0,42
663,692,582,0,42
663,693,582,0,42
663,694,582,0,42
663,695,582,0,42
663,696,582,0,42
663,697,582,0,42
663,698,582,0,42
663,699,582,0,42
663,700,582,0,42
663,701,582,0,42
663,702,582,0,42
663,703,582,0,42
663,704,582,0,42
663,705,582,0,42
663,706,582,0,42
663,707,582,0,42
663,708,582,0,42
663,709,582,0,42
663,710,582,0,42
663,711,582,0,42
663,712,582,0,42
663,713,582,0,42
663,714,582,0,42
663,715,582,0,42
663,716,582,0,42
663,717,582,0,42
663,718,582,0,42
663,719,582,0,42
663,720,582,0,42
663,721,582,0,42
663,722,582,0,42
663,723,582,0,42
663,724,582,0,42
679,625,608,0,58
679,626,608,0,58
679,627,608,0,58
679,628,608,0,58
679,629,608,0,58
679,630,608,0,58
679,631,608,0,58
679,632,608,0,58
679,633,608,0,58
679,634,608,0,58
679,635,608,0,58
679,636,608,0,58
679,637,608,0,58
679,638,608,0,58
679,639,608,0,58
679,640,608,0,58
679,641,608,0,58
679,642,608,0,58
679,643,608,0,58
679,644,608,0,58
679,645,608,0,58
679,646,608,0,58
679,647,608,0,58
679,648,608,0,58
679,649,608,0,58
679,650,608,0,58
679,651,608,0,58
679,652,608,0,58
679,653,608,0,58
679,654,608,0,58
679,655,608,0,58
679,656,608,0,58
679,657,608,0,58
679,658,608,0,58
679,659,608,0,58
679,660,608,0,58
679,661,608,0,58
679,662,608,0,58
679,663,608,0,58
679,664,608,0,58
679,665,608,0,58
679,666,608,0,58
679,667,608,0,58
679,668,608,0,58
679,669,608,0,58
679,670,608,0,58
679,671,608,0,58
679,672,608,0,58
679,673,608,0,58
679,674,608,0,58
679,675,608,0,58
679,676,608,0,58
679,677,608,0,58
679,678,608,0,58
679,680,608,0,58
679,681,608,0,58
679,682,608,0,58
679,683,608,0,58
679,684,608,0,58
679,685,608,0,58
679,686,608,0,58
679,687,608,0,58
679,688,608,0,58
679,689,608,0,58
679,690,608,0,58
679,691,608,0,58
679,692,608,0,58
679,693,608,0,58
679,694,608,0,58
679,695,608,0,58
679,696,608,0,58
679,697,608,0,58
679,698,608,0,58
679,699,608,0,58
679,700,608,0,58
679,701,608,0,58
679,702,608,0,58
679,703,608,0,58
679,704,608,0,58
679,705,608,0,58
679,706,608,0,58
679,707,608,0,58
679,708,608,0,58
679,709,608,0,58
679,710,608,0,58
679,711,608,0,58
679,712,608,0,58
679,713,608,0,58
679,714,608,0,58
679,715,608,0,58
679,716,608,0,58
679,717,608,0,58
679,718,608,0,58
679,719,608,0,58
679,720,608,0,58
679,721,608,0,58
679,722,608,0,58
679,723,608,0,58
679,724,608,0,58
682,625,232,0,61
682,626,232,0,61
682,627,232,0,61
682,628,232,0,61
682,629,232,0,61
682,630,232,0,61
682,631,232,0,61
682,632,232,0,61
682,633,232,0,61
682,634,232,0,61
682,635,232,0,61
682,636,232,0,61
682,637,232,0,61
682,638,232,0,61
682,639,232,0,61
682,640,232,0,61
682,641,232,0,61
682,642,232,0,61
682,643,232,0,61
682,644,232,0,61
682,645,232,0,61
682,646,232,0,61
682,647,232,0,61
682,648,232,0,61
682,649,232,0,61
682,650,232,0,61
682,651,232,0,61
682,652,232,0,61
682,653,232,0,61
682,654,232,0,61
682,655,232,0,61
682,656,232,0,61
682,657,232,0,61
682,658,232,0,61
682,659,232,0,61
682,660,232,0,61
682,661,232,0,61
682,662,232,0,61
682,663,232,0,61
682,664,232,0,61
682,665,232,0,61
682,666,232,0,61
682,667,232,0,61
682,668,232,0,61
682,669,232,0,61
682,670,232,0,61
682,671,232,0,61
682,672,232,0,61
682,673,232,0,61
682,674,232,0,61
682,675,232,0,61
682,676,232,0,61
682,677,232,0,61
682,678,232,0,61
682,679,232,0,61
682,680,232,0,61
682,681,232,0,61
682,683,232,0,61
682,684,232,0,61
682,685,232,0,61
682,686,232,0,61
682,687,232,0,61
682,688,232,0,61
682,689,232,0,61
682,690,232,0,61
682,691,232,0,61
682,692,232,0,61
682,693,232,0,61
682,694,232,0,61
682,695,232,0,61
682,696,232,0,61
682,697,232,0,61
682,698,232,0,61
682,699,232,0,61
682,700,232,0,61
682,701,232,0,61
682,702,232,0,61
682,703,232,0,61
682,704,232,0,61
682,705,232,0,61
682,706,232,0,61
682,707,232,0,61
682,708,232,0,61
682,709,232,0,61
682,710,232,0,61
682,711,232,0,61
682,712,232,0,61
682,713,232,0,61
682,714,232,0,61
682,715,232,0,61
682,716,232,0,61
682,717,232,0,61
682,718,232,0,61
682,719,232,0,61
682,720,232,0,61
682,721,232,0,61
682,722,232,0,61
682,723,232,0,61
682,724,232,0,61
683,625,357,0,62
683,626,357,0,62
683,627,357,0,62
683,628,357,0,62
683,629,357,0,62
683,630,357,0,62
683,631,357,0,62
683,632,357,0,62
683,633,357,0,62
683,634,357,0,62
683,635,357,0,62
683,636,357,0,62
683,637,357,0,62
683,638,357,0,62
683,639,357,0,62
683,640,357,0,62
683,641,357,0,62
683,642,357,0,62
683,643,357,0,62
683,644,357,0,62
683,645,357,0,62
683,646,357,0,62
683,647,357,0,62
683,648,357,0,62
683,649,357,0,62
683,650,357,0,62
683,651,357,0,62
683,652,357,0,62
683,653,357,0,62
683,654,357,0,62
683,655,357,0,62
683,656,357,0,62
683,657,357,0,62
683,658,357,0,62
683,659,357,0,62
683,660,357,0,62
683,661,357,0,62
683,662,357,0,62
683,663,357,0,62
683,664,357,0,62
683,665,357,0,62
683,666,357,0,62
683,667,357,0,62
683,668,357,0,62
683,669,357,0,62
683,670,357,0,62
683,671,357,0,62
683,672,357,0,62
683,673,357,0,62
683,674,357,0,62
683,675,357,0,62
683,676,357,0,62
683,677,357,0,62
683,678,357,0,62
683,679,357,0,62
683,680,357,0,62
683,681,357,0,62
683,682,357,0,62
683,684,357,0,62
683,685,357,0,62
683,686,357,0,62
683,687,357,0,62
683,688,357,0,62
683,689,357,0,62
683,690,357,0,62
683,691,357,0,62
683,692,357,0,62
683,693,357,0,62
683,694,357,0,62
683,695,357,0,62
683,696,357,0,62
683,697,357,0,62
683,698,357,0,62
683,699,357,0,62
683,700,357,0,62
683,701,357,0,62
683,702,357,0,62
683,703,357,0,62
683,704,357,0,62
683,705,357,0,62
683,706,357,0,62
683,707,357,0,62
683,708,357,0,62
683,709,357,0,62
683,710,357,0,62
683,711,357,0,62
683,712,357,0,62
683,713,357,0,62
683,714,357,0,62
683,715,357,0,62
683,716,357,0,62
683,717,357,0,62
683,718,357,0,62
683,719,357,0,62
683,720,357,0,62
683,721,357,0,62
683,722,357,0,62
683,723,357,0,62
683,724,357,0,62
689,625,612,0,68
689,626,612,0,68
689,627,612,0,68
689,628,612,0,68
689,629,612,0,68
689,630,612,0,68
689,631,612,0,68
689,632,612,0,68
689,633,612,0,68
689,634,612,0,68
689,635,612,0,68
689,636,612,0,68
689,637,612,0,68
689,638,612,0,68
689,639,612,0,68
689,640,612,0,68
689,641,612,0,68
689,642,612,0,68
689,643,612,0,68
689,644,612,0,68
689,645,612,0,68
689,646,612,0,68
689,647,612,0,68
689,648,612,0,68
689,649,612,0,68
689,650,612,0,68
689,651,612,0,68
689,652,612,0,68
689,653,612,0,68
689,654,612,0,68
689,655,612,0,68
689,656,612,0,68
689,657,612,0,68
689,658,612,0,68
689,659,612,0,68
689,660,612,0,68
689,661,612,0,68
689,662,612,0,68
689,663,612,0,68
689,664,612,0,68
689,665,612,0,68
689,666,612,0,68
689,667,612,0,68
689,668,612,0,68
689,669,612,0,68
689,670,612,0,68
689,671,612,0,68
689,672,612,0,68
689,673,612,0,68
689,674,612,0,68
689,675,612,0,68
689,676,612,0,68
689,677,612,0,68
689,678,612,0,68
689,679,612,0,68
689,680,612,0,68
689,681,612,0,68
689,682,612,0,68
689,683,612,0,68
689,684,612,0,68
689,685,612,0,68
689,686,612,0,68
689,687,612,0,68
689,688,612,0,68
689,690,612,0,68
689,691,612,0,68
689,692,612,0,68
689,693,612,0,68
689,694,612,0,68
689,695,612,0,68
689,696,612,0,68
689,697,612,0,68
689,698,612,0,68
689,699,612,0,68
689,700,612,0,68
689,701,612,0,68
689,702,612,0,68
689,703,612,0,68
689,704,612,0,68
689,705,612,0,68
689,706,612,0,68
689,707,612,0,68
689,708,612,0,68
689,709,612,0,68
689,710,612,0,68
689,711,612,0,68
689,712,612,0,68
689,713,612,0,68
689,714,612,0,68
689,715,612,0,68
689,716,612,0,68
689,717,612,0,68
689,718,612,0,68
689,719,612,0,68
689,720,612,0,68
689,721,612,0,68
689,722,612,0,68
689,723,612,0,68
689,724,612,0,68
696,625,413,0,75
696,626,413,0,75
696,627,413,0,75
696,628,413,0,75
696,629,413,0,75
696,630,413,0,75
696,631,413,0,75
696,632,413,0,75
696,633,413,0,75
696,634,413,0,75
696,635,413,0,75
696,636,413,0,75
696,637,413,0,75
696,638,413,0,75
696,639,413,0,75
696,640,413,0,75
696,641,413,0,75
696,642,413,0,75
696,643,413,0,75
696,644,413,0,75
696,645,413,0,75
696,646,413,0,75
696,647,413,0,75
696,648,413,0,75
696,649,413,0,75
696,650,413,0,75
696,651,413,0,75
696,652,413,0,75
696,653,413,0,75
696,654,413,0,75
696,655,413,0,75
696,656,413,0,75
696,657,413,0,75
696,658,413,0,75
696,659,413,0,75
696,660,413,0,75
696,661,413,0,75
696,662,413,0,75
696,663,413,0,75
696,664,413,0,75
696,665,413,0,75
696,666,413,0,75
696,667,413,0,75
696,668,413,0,75
696,669,413,0,75
696,670,413,0,75
696,671,413,0,75
696,672,413,0,75
696,673,413,0,75
696,674,413,0,75
696,675,413,0,75
696,676,413,0,75
696,677,413,0,75
696,678,413,0,75
696,679,413,0,75
696,680,413,0,75
696,681,413,0,75
696,682,413,0,75
696,683,413,0,75
696,684,413,0,75
696,685,413,0,75
696,686,413,0,75
696,687,413,0,75
696,688,413,0,75
696,689,413,0,75
696,690,413,0,75
696,691,413,0,75
696,692,413,0,75
696,693,413,0,75
696,694,413,0,75
696,695,413,0,75
696,697,413,0,75
696,698,413,0,75
696,699,413,0,75
696,700,413,0,75
696,701,413,0,75
696,702,413,0,75
696,703,413,0,75
696,704,413,0,75
696,705,413,0,75
696,706,413,0,75
696,707,413,0,75
696,708,413,0,75
696,709,413,0,75
696,710,413,0,75
696,711,413,0,75
696,712,413,0,75
696,713,413,0,75
696,714,413,0,75
696,715,413,0,75
696,716,413,0,75
696,717,413,0,75
696,718,413,0,75
696,719,413,0,75
696,720,413,0,75
696,721,413,0,75
696,722,413,0,75
696,723,413,0,75
696,724,413,0,75
698,625,163,0,77
698,626,163,0,77
698,627,163,0,77
698,628,163,0,77
698,629,163,0,77
698,630,163,0,77
698,631,163,0,77
698,632,163,0,77
698,633,163,0,77
698,634,163,0,77
698,635,163,0,77
698,636,163,0,77
698,637,163,0,77
698,638,163,0,77
698,639,163,0,77
698,640,163,0,77
698,641,163,0,77
698,642,163,0,77
698,643,163,0,77
698,644,163,0,77
698,645,163,0,77
698,646,163,0,77
698,647,163,0,77
698,648,163,0,77
698,649,163,0,77
698,650,163,0,77
698,651,163,0,77
698,652,163,0,77
698,653,163,0,77
698,654,163,0,77
698,655,163,0,77
698,656,163,0,77
698,657,163,0,77
698,658,163,0,77
698,659,163,0,77
698,660,163,0,77
698,661,163,0,77
698,662,163,0,77
698,663,163,0,77
698,664,163,0,77
698,665,163,0,77
698,666,163,0,77
698,667,163,0,77
698,668,163,0,77
698,669,163,0,77
698,670,163,0,77
698,671,163,0,77
698,672,163,0,77
698,673,163,0,77
698,674,163,0,77
698,675,163,0,77
698,676,163,0,77
698,677,163,0,77
698,678,163,0,77
698,679,163,0,77
698,680,163,0,77
698,681,163,0,77
698,682,163,0,77
698,683,163,0,77
698,684,163,0,77
698,685,163,0,77
698,686,163,0,77
698,687,163,0,77
698,688,163,0,77
698,689,163,0,77
698,690,163,0,77
698,691,163,0,77
698,692,163,0,77
698,693,163,0,77
698,694,163,0,77
698,695,163,0,77
698,696,163,0,77
698,697,163,0,77
698,699,163,0,77
698,700,163,0,77
698,701,163,0,77
698,702,163,0,77
698,703,163,0,77
698,704,163,0,77
698,705,163,0,77
698,706,163,0,77
698,707,163,0,77
698,708,163,0,77
698,709,163,0,77
698,710,163,0,77
698,711,163,0,77
698,712,163,0,77
698,713,163,0,77
698,714,163,0,77
698,715,163,0,77
698,716,163,0,77
698,717,163,0,77
698,718,163,0,77
698,719,163,0,77
698,720,163,0,77
698,721,163,0,77
698,722,163,0,77
698,723,163,0,77
698,724,163,0,77
705,625,207,0,84
705,626,207,0,84
705,627,207,0,84
705,628,207,0,84
705,629,207,0,84
705,630,207,0,84
705,631,207,0,84
705,632,207,0,84
705,633,207,0,84
705,634,207,0,84
705,635,207,0,84
705,636,207,0,84
705,637,207,0,84
705,638,207,0,84
705,639,207,0,84
705,640,207,0,84
705,641,207,0,84
705,642,207,0,84
705,643,207,0,84
705,644,207,0,84
705,645,207,0,84
705,646,207,0,84
705,647,207,0,84
705,648,207,0,84
705,649,207,0,84
705,650,207,0,84
705,651,207,0,84
705,652,207,0,84
705,653,207,0,84
705,654,207,0,84
705,655,207,0,84
705,656,207,0,84
705,657,207,0,84
705,658,207,0,84
705,659,207,0,84
705,660,207,0,84
705,661,207,0,84
705,662,207,0,84
705,663,207,0,84
705,664,207,0,84
705,665,207,0,84
705,666,207,0,84
705,667,207,0,84
705,668,207,0,84
705,669,207,0,84
705,670,207,0,84
705,671,207,0,84
705,672,207,0,84
705,673,207,0,84
705,674,207,0,84
705,675,207,0,84
705,676,207,0,84
705,677,207,0,84
705,678,207,0,84
705,679,207,0,84
705,680,207,0,84
705,681,207,0,84
705,682,207,0,84
705,683,207,0,84
705,684,207,0,84
705,685,207,0,84
705,686,207,0,84
705,687,207,0,84
705,688,207,0,84
705,689,207,0,84
705,690,207,0,84
705,691,207,0,84
705,692,207,0,84
705,693,207,0,84
705,694,207,0,84
705,695,207,0,84
705,696,207,0,84
705,697,207,0,84
705,698,207,0,84
705,699,207,0,84
705,700,207,0,84
705,701,207,0,84
705,702,207,0,84
705,703,207,0,84
705,704,207,0,84
705,706,207,0,84
705,707,207,0,84
705,708,207,0,84
705,709,207,0,84
705,710,207,0,84
705,711,207,0,84
705,712,207,0,84
705,713,207,0,84
705,714,207,0,84
705,715,207,0,84
705,716,207,0,84
705,717,207,0,84
705,718,207,0,84
705,719,207,0,84
705,720,207,0,84
705,721,207,0,84
705,722,207,0,84
705,723,207,0,84
705,724,207,0,84
709,625,332,0,88
709,626,332,0,88
709,627,332,0,88
709,628,332,0,88
709,629,332,0,88
709,630,332,0,88
709,631,332,0,88
709,632,332,0,88
709,633,332,0,88
709,634,332,0,88
709,635,332,0,88
709,636,332,0,88
709,637,332,0,88
709,638,332,0,88
709,639,332,0,88
709,640,332,0,88
709,641,332,0,88
709,642,332,0,88
709,643,332,0,88
709,644,332,0,88
709,645,332,0,88
709,646,332,0,88
709,647,332,0,88
709,648,332,0,88
709,649,332,0,88
709,650,332,0,88
709,651,332,0,88
709,652,332,0,88
709,653,332,0,88
709,654,332,0,88
709,655,332,0,88
709,656,332,0,88
709,657,332,0,88
709,658,332,0,88
709,659,332,0,88
709,660,332,0,88
709,661,332,0,88
709,662,332,0,88
709,663,332,0,88
709,664,332,0,88
709,665,332,0,88
709,666,332,0,88
709,667,332,0,88
709,668,332,0,88
709,669,332,0,88
709,670,332,0,88
709,671,332,0,88
709,672,332,0,88
709,673,332,0,88
709,674,332,0,88
709,675,332,0,88
709,676,332,0,88
709,677,332,0,88
709,678,332,0,88
709,679,332,0,88
709,680,332,0,88
709,681,332,0,88
709,682,332,0,88
709,683,332,0,88
709,684,332,0,88
709,685,332,0,88
709,686,332,0,88
709,687,332,0,88
709,688,332,0,88
709,689,332,0,88
709,690,332,0,88
709,691,332,0,88
709,692,332,0,88
709,693,332,0,88
709,694,332,0,88
709,695,332,0,88
709,696,332,0,88
709,697,332,0,88
709,698,332,0,88
709,699,332,0,88
709,700,332,0,88
709,701,332,0,88
709,702,332,0,88
709,703,332,0,88
709,704,332,0,88
709,705,332,0,88
709,706,332,0,88
709,707,332,0,88
709,708,332,0,88
709,710,332,0,88
709,711,332,0,88
709,712,332,0,88
709,713,332,0,88
709,714,332,0,88
709,715,332,0,88
709,716,332,0,88
709,717,332,0,88
709,718,332,0,88
709,719,332,0,88
709,720,332,0,88
709,721,332,0,88
709,722,332,0,88
709,723,332,0,88
709,724,332,0,88
710,625,582,0,89
710,626,582,0,89
710,627,582,0,89
710,628,582,0,89
710,629,582,0,89
710,630,582,0,89
710,631,582,0,89
710,632,582,0,89
710,633,582,0,89
710,634,582,0,89
710,635,582,0,89
710,636,582,0,89
710,637,582,0,89
710,638,582,0,89
710,639,582,0,89
710,640,582,0,89
710,641,582,0,89
710,642,582,0,89
710,643,582,0,89
710,644,582,0,89
710,645,582,0,89
710,646,582,0,89
710,647,582,0,89
710,648,582,0,89
710,649,582,0,89
710,650,582,0,89
710,651,582,0,89
710,652,582,0,89
710,653,582,0,89
710,654,582,0,89
710,655,582,0,89
710,656,582,0,89
710,657,582,0,89
710,658,582,0,89
710,659,582,0,89
710,660,582,0,89
710,661,582,0,89
710,662,582,0,89
710,663,582,0,89
710,664,582,0,89
710,665,582,0,89
710,666,582,0,89
710,667,582,0,89
710,668,582,0,89
710,669,582,0,89
710,670,582,0,89
710,671,582,0,89
710,672,582,0,89
710,673,582,0,89
710,674,582,0,89
710,675,582,0,89
710,676,582,0,89
710,677,582,0,89
710,678,582,0,89
710,679,582,0,89
710,680,582,0,89
710,681,582,0,89
710,682,582,0,89
710,683,582,0,89
710,684,582,0,89
710,685,582,0,89
710,686,582,0,89
710,687,582,0,89
710,688,582,0,89
710,689,582,0,89
710,690,582,0,89
710,691,582,0,89
710,692,582,0,89
710,693,582,0,89
710,694,582,0,89
710,695,582,0,89
710,696,582,0,89
710,697,582,0,89
710,698,582,0,89
710,699,582,0,89
710,700,582,0,89
710,701,582,0,89
710,702,582,0,89
710,703,582,0,89
710,704,582,0,89
710,705,582,0,89
710,706,582,0,89
710,707,582,0,89
710,708,582,0,89
710,709,582,0,89
710,711,582,0,89
710,712,582,0,89
710,713,582,0,89
710,714,582,0,89
710,715,582,0,89
710,716,582,0,89
710,717,582,0,89
710,718,582,0,89
710,719,582,0,89
710,720,582,0,89
710,721,582,0,89
710,722,582,0,89
710,723,582,0,89
710,724,582,0,89
719,625,255,0,98
719,626,255,0,98
719,627,255,0,98
719,628,255,0,98
719,629,255,0,98
719,630,255,0,98
719,631,255,0,98
719,632,255,0,98
719,633,255,0,98
719,634,255,0,98
719,635,255,0,98
719,636,255,0,98
719,637,255,0,98
719,638,255,0,98
719,639,255,0,98
719,640,255,0,98
719,641,255,0,98
719,642,255,0,98
719,643,255,0,98
719,644,255,0,98
719,645,255,0,98
719,646,255,0,98
719,647,255,0,98
719,648,255,0,98
719,649,255,0,98
719,650,255,0,98
719,651,255,0,98
719,652,255,0,98
719,653,255,0,98
719,654,255,0,98
719,655,255,0,98
719,656,255,0,98
719,657,255,0,98
719,658,255,0,98
719,659,255,0,98
719,660,255,0,98
719,661,255,0,98
719,662,255,0,98
719,663,255,0,98
719,664,255,0,98
719,665,255,0,98
719,666,255,0,98
719,667,255,0,98
719,668,255,0,98
719,669,255,0,98
719,670,255,0,98
719,671,255,0,98
719,672,255,0,98
719,673,255,0,98
719,674,255,0,98
719,675,255,0,98
719,676,255,0,98
719,677,255,0,98
719,678,255,0,98
719,679,255,0,98
719,680,255,0,98
719,681,255,0,98
719,682,255,0,98
719,683,255,0,98
719,684,255,0,98
719,685,255,0,98
719,686,255,0,98
719,687,255,0,98
719,688,255,0,98
719,689,255,0,98
719,690,255,0,98
719,691,255,0,98
719,692,255,0,98
719,693,255,0,98
719,694,255,0,98
719,695,255,0,98
719,696,255,0,98
719,697,255,0,98
719,698,255,0,98
719,699,255,0,98
719,700,255,0,98
719,701,255,0,98
719,702,255,0,98
719,703,255,0,98
719,704,255,0,98
719,705,255,0,98
719,706,255,0,98
719,707,255,0,98
719,708,255,0,98
719,709,255,0,98
719,710,255,0,98
719,711,255,0,98
719,712,255,0,98
719,713,255,0,98
719,714,255,0,98
719,715,255,0,98
719,716,255,0,98
719,717,255,0,98
719,718,255,0,98
719,720,255,0,98
719,721,255,0,98
719,722,255,0,98
719,723,255,0,98
719,724,255,0,98
720,625,282,0,99
720,626,282,0,99
720,627,282,0,99
720,628,282,0,99
720,629,282,0,99
720,630,282,0,99
720,631,282,0,99
720,632,282,0,99
720,633,282,0,99
720,634,282,0,99
720,635,282,0,99
720,636,282,0,99
720,637,282,0,99
720,638,282,0,99
720,639,282,0,99
720,640,282,0,99
720,641,282,0,99
720,642,282,0,99
720,643,282,0,99
720,644,282,0,99
720,645,282,0,99
720,646,282,0,99
720,647,282,0,99
720,648,282,0,99
720,649,282,0,99
720,650,282,0,99
720,651,282,0,99
720,652,282,0,99
720,653,282,0,99
720,654,282,0,99
720,655,282,0,99
720,656,282,0,99
720,657,282,0,99
720,658,282,0,99
720,659,282,0,99
720,660,282,0,99
720,661,282,0,99
720,662,282,0,99
720,663,282,0,99
720,664,282,0,99
720,665,282,0,99
720,666,282,0,99
720,667,282,0,99
720,668,282,0,99
720,669,282,0,99
720,670,282,0,99
720,671,282,0,99
720,672,282,0,99
720,673,282,0,99
720,674,282,0,99
720,675,282,0,99
720,676,282,0,99
720,677,282,0,99
720,678,282,0,99
720,679,282,0,99
720,680,282,0,99
720,681,282,0,99
720,682,282,0,99
720,683,282,0,99
720,684,282,0,99
720,685,282,0,99
720,686,282,0,99
720,687,282,0,99
720,688,282,0,99
720,689,282,0,99
720,690,282,0,99
720,691,282,0,99
720,692,282,0,99
720,693,282,0,99
720,694,282,0,99
720,695,282,0,99
720,696,282,0,99
720,697,282,0,99
720,698,282,0,99
720,699,282,0,99
720,700,282,0,99
720,701,282,0,99
720,702,282,0,99
720,703,282,0,99
720,704,282,0,99
720,705,282,0,99
720,706,282,0,99
720,707,282,0,99
720,708,282,0,99
720,709,282,0,99
720,710,282,0,99
720,711,282,0,99
720,712,282,0,99
720,713,282,0,99
720,714,282,0,99
720,715,282,0,99
720,716,282,0,99
720,717,282,0,99
720,718,282,0,99
720,719,282,0,99
720,721,282,0,99
720,722,282,0,99
720,723,282,0,99
720,724,282,0,99
724,625,139,0,103
724,626,139,0,103
724,627,139,0,103
724,628,139,0,103
724,629,139,0,103
724,630,139,0,103
724,631,139,0,103
724,632,139,0,103
724,633,139,0,103
724,634,139,0,103
724,635,139,0,103
724,636,139,0,103
724,637,139,0,103
724,638,139,0,103
724,639,139,0,103
724,640,139,0,103
724,641,139,0,103
724,642,139,0,103
724,643,139,0,103
724,644,139,0,103
724,645,139,0,103
724,646,139,0,103
724,647,139,0,103
724,648,139,0,103
724,649,139,0,103
724,650,139,0,103
724,651,139,0,103
724,652,139,0,103
724,653,139,0,103
724,654,139,0,103
724,655,139,0,103
724,656,139,0,103
724,657,139,0,103
724,658,139,0,103
724,659,139,0,103
724,660,139,0,103
724,661,139,0,103
724,662,139,0,103
724,663,139,0,103
724,664,139,0,103
724,665,139,0,103
724,666,139,0,103
724,667,139,0,103
724,668,139,0,103
724,669,139,0,103
724,670,139,0,103
724,671,139,0,103
724,672,139,0,103
724,673,139,0,103
724,674,139,0,103
724,675,139,0,103
724,676,139,0,103
724,677,139,0,103
724,678,139,0,103
724,679,139,0,103
724,680,139,0,103
724,681,139,0,103
724,682,139,0,103
724,683,139,0,103
724,684,139,0,103
724,685,139,0,103
724,686,139,0,103
724,687,139,0,103
724,688,139,0,103
724,689,139,0,103
724,690,139,0,103
724,691,139,0,103
724,692,139,0,103
724,693,139,0,103
724,694,139,0,103
724,695,139,0,103
724,696,139,0,103
724,697,139,0,103
724,698,139,0,103
724,699,139,0,103
724,700,139,0,103
724,701,139,0,103
724,702,139,0,103
724,703,139,0,103
724,704,139,0,103
724,705,139,0,103
724,706,139,0,103
724,707,139,0,103
724,708,139,0,103
724,709,139,0,103
724,710,139,0,103
724,711,139,0,103
724,712,139,0,103
724,713,139,0,103
724,714,139,0,103
724,715,139,0,103
724,716,139,0,103
724,717,139,0,103
724,718,139,0,103
724,719,139,0,103
724,720,139,0,103
724,721,139,0,103
724,722,139,0,103
724,723,139,0,103
