0,632,24,2,1
0,641,24,2,1
0,649,600,3,2
0,650,25,1,0
0,665,24,2,1
0,666,25,1,0
0,676,24,2,1
0,678,600,3,2
0,684,24,2,1
0,687,25,1,0
0,695,25,1,0
1,641,0,0,0
1,650,26,2,0
1,666,26,2,0
1,676,0,0,0
1,678,601,3,3
1,684,0,0,0
1,695,26,2,0
1,709,2,1,0
2,625,3,1,0
2,641,1,0,1
2,650,27,2,0
2,676,1,0,1
2,678,602,3,3
2,684,1,0,1
2,686,602,3,3
2,695,27,2,0
3,642,2,0,1
3,676,2,0,1
5,641,6,1,0
5,650,30,2,0
5,676,6,1,0
5,678,605,3,3
5,684,6,1,0
5,686,605,3,3
5,695,30,2,0
6,641,7,1,0
6,650,31,2,0
6,666,31,2,0
6,676,7,1,0
6,678,606,3,3
6,684,7,1,0
6,695,31,2,0
7,641,8,1,0
7,649,607,3,3
7,650,32,2,0
7,666,32,2,0
7,676,8,1,0
7,678,607,3,3
7,684,8,1,0
7,695,32,2,0
8,632,9,1,0
8,638,9,1,0
8,641,9,1,0
8,649,608,3,3
8,650,33,2,0
8,665,9,1,0
8,666,33,2,0
8,676,9,1,0
8,678,608,3,3
8,684,9,1,0
8,687,33,2,0
8,695,33,2,0
8,708,33,2,0
9,632,10,1,0
9,641,10,1,0
9,649,609,3,3
9,650,34,2,0
9,655,10,1,0
9,665,10,1,0
9,666,34,2,0
9,676,10,1,0
9,678,609,3,3
9,684,10,1,0
9,687,34,2,0
9,695,34,2,0
9,708,34,2,0
10,632,35,2,0
10,641,610,3,3
10,649,610,3,3
10,650,35,2,0
10,665,35,2,0
10,676,610,3,3
10,678,610,3,3
10,684,610,3,3
10,687,35,2,0
10,695,35,2,0
10,708,35,2,0
11,632,36,2,0
11,641,611,3,3
11,649,10,0,1
11,650,10,0,1
11,655,36,2,0
11,665,36,2,0
11,666,10,0,1
11,676,611,3,3
11,678,10,0,1
11,684,611,3,3
11,687,10,0,1
11,695,10,0,1
11,708,10,0,1
11,721,36,2,0
12,632,37,2,0
12,641,612,3,3
12,649,11,0,1
12,650,11,0,1
12,665,37,2,0
12,666,11,0,1
12,676,612,3,3
12,678,11,0,1
12,684,612,3,3
12,687,11,0,1
12,695,11,0,1
12,708,11,0,1
13,641,613,3,3
13,649,12,0,1
13,650,12,0,1
13,666,12,0,1
13,676,613,3,3
13,678,12,0,1
13,684,613,3,3
13,695,12,0,1
14,641,614,3,3
14,650,13,0,1
14,666,13,0,1
14,676,614,3,3
14,678,13,0,1
14,684,614,3,3
14,695,13,0,1
14,709,13,0,1
15,625,14,0,1
15,641,615,3,3
15,650,14,0,1
15,676,615,3,3
15,678,14,0,1
15,684,615,3,3
15,695,14,0,1
16,642,616,3,3
17,642,617,3,3
17,676,617,3,3
18,625,17,0,1
18,641,618,3,3
18,650,19,1,0
18,676,618,3,3
18,678,19,1,0
18,684,618,3,3
18,686,19,1,0
18,695,19,1,0
19,641,619,3,3
19,650,20,1,0
19,666,20,1,0
19,676,619,3,3
19,678,20,1,0
19,684,619,3,3
19,695,20,1,0
19,709,18,0,1
20,632,45,2,0
20,641,620,3,3
20,649,21,1,0
20,650,21,1,0
20,665,45,2,0
20,666,21,1,0
20,676,620,3,3
20,678,21,1,0
20,684,620,3,3
20,687,21,1,0
20,695,21,1,0
21,632,46,2,0
21,638,20,0,1
21,641,621,3,3
21,649,22,1,0
21,650,22,1,0
21,665,46,2,0
21,666,22,1,0
21,676,621,3,3
21,678,22,1,0
21,684,621,3,3
21,687,22,1,0
21,695,22,1,0
21,708,22,1,0
22,632,47,2,0
22,641,622,3,3
22,649,23,1,0
22,650,23,1,0
22,655,47,2,0
22,665,47,2,0
22,666,23,1,0
22,676,622,3,3
22,678,23,1,0
22,684,622,3,3
22,687,23,1,0
22,695,23,1,0
22,708,23,1,0
22,721,47,2,0
23,632,48,2,0
23,641,623,3,3
23,649,623,3,3
23,650,48,2,0
23,665,48,2,0
23,676,623,3,3
23,678,623,3,3
23,684,623,3,3
23,687,48,2,0
23,695,48,2,0
23,708,48,2,0
23,721,48,2,0
24,632,23,0,1
24,638,0,1,2
24,641,23,0,1
24,649,624,3,3
24,650,49,2,0
24,665,23,0,1
24,666,49,2,0
24,676,23,0,1
24,678,624,3,3
24,684,23,0,1
24,687,49,2,0
24,695,49,2,0
24,708,49,2,0
25,632,49,3,2
25,641,49,3,2
25,649,50,2,0
25,650,50,2,0
25,665,49,3,2
25,666,50,2,0
25,676,49,3,2
25,678,0,0,1
25,684,49,3,2
25,687,50,2,0
25,695,50,2,0
26,641,25,1,1
26,650,51,3,0
26,666,51,3,0
26,676,25,1,1
26,678,1,0,2
26,684,25,1,1
26,695,51,3,0
26,709,27,2,1
27,625,28,2,1
27,641,26,1,2
27,650,52,3,0
27,676,26,1,2
27,678,2,0,2
27,684,26,1,2
27,686,2,0,2
27,695,52,3,0
28,642,27,1,2
28,676,27,1,2
30,641,31,2,1
30,650,55,3,0
30,676,31,2,1
30,678,5,0,2
30,684,31,2,1
30,686,5,0,2
30,695,55,3,0
31,641,32,2,1
31,650,56,3,0
31,666,56,3,0
31,676,32,2,1
31,678,6,0,2
31,684,32,2,1
31,695,56,3,0
32,641,33,2,1
32,649,57,3,0
32,650,57,3,0
32,666,57,3,0
32,676,33,2,1
32,678,7,0,2
32,684,33,2,1
32,695,57,3,0
33,632,34,2,1
33,638,34,2,1
33,641,34,2,1
33,649,58,3,0
33,650,58,3,0
33,665,34,2,1
33,666,58,3,0
33,676,34,2,1
33,678,8,0,2
33,684,34,2,1
33,687,58,3,0
33,695,58,3,0
33,708,58,3,0
34,632,35,2,1
34,641,35,2,1
34,649,59,3,0
34,650,59,3,0
34,655,35,2,1
34,665,35,2,1
34,666,59,3,0
34,676,35,2,1
34,678,9,0,2
34,684,35,2,1
34,687,59,3,0
34,695,59,3,0
34,708,59,3,0
35,632,60,3,0
35,641,10,0,2
35,650,60,3,0
35,655,36,2,1
35,665,60,3,0
35,676,10,0,2
35,678,10,0,2
35,684,10,0,2
35,687,60,3,0
35,695,60,3,0
35,708,60,3,0
36,632,61,3,0
36,641,11,0,2
36,649,35,1,2
36,650,35,1,2
36,655,655,34,0
36,665,61,3,0
36,666,35,1,2
36,676,11,0,2
36,678,35,1,2
36,684,11,0,2
36,687,35,1,2
36,695,35,1,2
36,708,35,1,2
36,721,61,3,0
37,632,62,3,0
37,641,12,0,2
37,649,36,1,2
37,650,36,1,2
37,665,62,3,0
37,666,36,1,2
37,676,12,0,2
37,678,36,1,2
37,684,12,0,2
37,687,36,1,2
37,695,36,1,2
37,708,36,1,2
38,641,13,0,2
38,649,37,1,2
38,650,37,1,2
38,666,37,1,2
38,676,13,0,2
38,678,37,1,2
38,684,13,0,2
38,695,37,1,2
39,641,14,0,2
39,650,38,1,2
39,666,38,1,2
39,676,14,0,2
39,678,38,1,2
39,684,14,0,2
39,695,38,1,2
39,709,38,1,2
40,625,39,1,2
40,641,15,0,2
40,650,39,1,2
40,676,15,0,2
40,678,39,1,2
40,684,15,0,2
40,695,39,1,2
41,642,16,0,2
42,642,17,0,2
42,676,17,0,2
43,625,42,1,2
43,641,18,0,2
43,650,44,2,1
43,676,18,0,2
43,678,44,2,1
43,684,18,0,2
43,686,44,2,1
43,695,44,2,1
44,641,19,0,2
44,650,45,2,1
44,666,45,2,1
44,676,19,0,2
44,678,45,2,1
44,684,19,0,2
44,695,45,2,1
44,709,43,1,2
45,632,70,3,0
45,641,20,0,2
45,649,46,2,1
45,650,46,2,1
45,665,70,3,0
45,666,46,2,1
45,676,20,0,2
45,678,46,2,1
45,684,20,0,2
45,687,46,2,1
45,695,46,2,1
46,632,71,3,0
46,638,45,1,2
46,641,21,0,2
46,649,47,2,1
46,650,47,2,1
46,665,71,3,0
46,666,47,2,1
46,676,21,0,2
46,678,47,2,1
46,684,21,0,2
46,687,47,2,1
46,695,47,2,1
46,708,47,2,1
47,632,72,3,0
47,641,22,0,2
47,649,48,2,1
47,650,48,2,1
47,655,46,1,2
47,665,72,3,0
47,666,48,2,1
47,676,22,0,2
47,678,48,2,1
47,684,22,0,2
47,687,48,2,1
47,695,48,2,1
47,708,48,2,1
47,721,72,3,0
48,632,73,3,0
48,641,23,0,2
48,650,73,3,0
48,655,47,1,2
48,665,73,3,0
48,676,23,0,2
48,678,23,0,2
48,684,23,0,2
48,687,73,3,0
48,695,73,3,0
48,708,73,3,0
48,721,73,3,0
49,632,48,1,2
49,638,25,2,3
49,641,48,1,2
49,649,74,3,0
49,650,74,3,0
49,665,48,1,2
49,666,74,3,0
49,676,48,1,2
49,678,24,0,2
49,684,48,1,2
49,687,74,3,0
49,695,74,3,0
49,708,74,3,0
50,632,74,3,2
50,641,74,3,2
50,649,75,2,0
50,650,51,1,1
50,665,74,3,2
50,666,75,2,0
50,676,74,3,2
50,678,25,0,2
50,684,74,3,2
50,687,75,2,0
50,695,75,2,0
51,641,50,1,1
51,650,52,2,1
51,666,76,3,0
51,676,50,1,1
51,678,26,0,3
51,684,50,1,1
51,695,76,3,0
51,709,52,2,1
52,625,53,2,1
52,641,51,1,2
52,650,53,2,1
52,676,51,1,2
52,678,27,0,3
52,684,51,1,2
52,686,27,0,3
52,695,77,3,0
53,642,52,1,2
53,676,52,1,2
55,641,56,2,1
55,650,650,29,0
55,676,56,2,1
55,678,30,0,3
55,684,56,2,1
55,686,30,0,3
55,695,80,3,0
56,641,57,2,1
56,650,55,1,2
56,666,81,3,0
56,676,57,2,1
56,678,31,0,3
56,684,57,2,1
56,695,81,3,0
57,641,58,2,1
57,649,82,3,0
57,650,56,1,2
57,666,82,3,0
57,676,58,2,1
57,678,32,0,3
57,684,58,2,1
57,695,82,3,0
58,632,59,2,1
58,638,59,2,1
58,641,59,2,1
58,649,83,3,0
58,650,57,1,2
58,665,59,2,1
58,666,83,3,0
58,676,59,2,1
58,678,33,0,3
58,684,59,2,1
58,687,83,3,0
58,695,83,3,0
58,708,83,3,0
59,632,60,2,1
59,641,60,2,1
59,649,84,3,0
59,650,58,1,2
59,655,60,2,1
59,665,60,2,1
59,666,84,3,0
59,676,60,2,1
59,678,34,0,3
59,684,60,2,1
59,687,84,3,0
59,695,84,3,0
59,708,84,3,0
60,625,35,0,3
60,632,85,3,0
60,641,35,0,3
60,650,59,1,2
60,655,35,0,3
60,665,85,3,0
60,666,85,3,0
60,676,35,0,3
60,678,35,0,3
60,690,85,3,0
60,695,85,3,0
60,708,85,3,0
61,625,36,0,3
61,632,86,3,0
61,641,36,0,3
61,649,60,1,2
61,650,60,1,2
61,655,36,0,3
61,665,86,3,0
61,666,60,1,2
61,676,36,0,3
61,678,60,1,2
61,684,36,0,3
61,687,60,1,2
61,690,86,3,0
61,695,60,1,2
61,708,60,1,2
61,721,86,3,0
62,625,37,0,3
62,632,87,3,0
62,641,37,0,3
62,649,61,1,2
62,650,61,1,2
62,665,87,3,0
62,666,61,1,2
62,676,37,0,3
62,678,61,1,2
62,684,37,0,3
62,687,61,1,2
62,690,87,3,0
62,695,61,1,2
62,708,61,1,2
63,625,38,0,3
63,641,38,0,3
63,649,62,1,2
63,650,62,1,2
63,666,62,1,2
63,676,38,0,3
63,678,62,1,2
63,684,38,0,3
63,690,88,3,0
63,695,62,1,2
64,625,39,0,3
64,641,39,0,3
64,650,63,1,2
64,666,63,1,2
64,676,39,0,3
64,678,63,1,2
64,684,39,0,3
64,690,89,3,0
64,695,63,1,2
64,709,63,1,2
65,625,64,1,2
65,641,40,0,3
65,650,64,1,2
65,676,40,0,3
65,678,64,1,2
65,684,40,0,3
65,690,90,3,0
65,695,64,1,2
66,642,41,0,3
67,642,42,0,3
67,676,42,0,3
67,690,92,3,0
68,625,67,1,2
68,641,43,0,3
68,650,69,2,1
68,676,43,0,3
68,678,69,2,1
68,684,43,0,3
68,686,69,2,1
68,690,93,3,0
68,695,69,2,1
69,625,44,0,3
69,641,44,0,3
69,650,70,2,1
69,666,70,2,1
69,676,44,0,3
69,678,70,2,1
69,684,44,0,3
69,690,94,3,0
69,695,70,2,1
69,709,68,1,2
70,625,45,0,3
70,632,95,3,0
70,641,45,0,3
70,649,71,2,1
70,650,71,2,1
70,665,95,3,0
70,666,71,2,1
70,676,45,0,3
70,678,71,2,1
70,684,45,0,3
70,687,71,2,1
70,690,95,3,0
70,695,71,2,1
71,625,46,0,3
71,632,96,3,0
71,638,70,1,2
71,641,46,0,3
71,649,72,2,1
71,650,72,2,1
71,665,96,3,0
71,666,72,2,1
71,676,46,0,3
71,678,72,2,1
71,684,46,0,3
71,687,72,2,1
71,690,96,3,0
71,695,72,2,1
71,708,72,2,1
72,625,47,0,3
72,632,97,3,0
72,641,47,0,3
72,649,73,2,1
72,650,73,2,1
72,655,47,0,3
72,665,97,3,0
72,666,73,2,1
72,676,47,0,3
72,678,73,2,1
72,684,47,0,3
72,687,73,2,1
72,690,97,3,0
72,695,73,2,1
72,708,73,2,1
72,721,97,3,0
73,625,48,0,3
73,632,98,3,0
73,641,48,0,3
73,650,74,2,1
73,655,48,0,3
73,665,98,3,0
73,666,98,3,0
73,676,48,0,3
73,678,48,0,3
73,690,98,3,0
73,695,98,3,0
73,708,98,3,0
73,721,98,3,0
74,632,73,1,2
74,638,50,2,3
74,641,73,1,2
74,649,99,3,0
74,650,50,2,3
74,665,73,1,2
74,666,99,3,0
74,676,73,1,2
74,678,49,0,3
74,684,73,1,2
74,687,99,3,0
74,695,99,3,0
74,708,99,3,0
75,632,99,3,2
75,641,99,3,2
75,649,100,2,0
75,650,50,0,2
75,665,99,3,2
75,666,100,2,0
75,676,99,3,2
75,678,50,0,2
75,684,99,3,2
75,687,100,2,0
75,695,100,2,0
76,641,75,1,1
76,650,51,0,3
76,666,101,3,0
76,676,75,1,1
76,678,51,0,3
76,684,75,1,1
76,695,101,3,0
76,709,77,2,1
77,625,78,2,1
77,641,76,1,2
77,650,52,0,3
77,676,76,1,2
77,678,52,0,3
77,684,76,1,2
77,686,52,0,3
77,695,102,3,0
78,642,77,1,2
78,676,77,1,2
80,641,81,2,1
80,650,55,0,3
80,676,81,2,1
80,678,55,0,3
80,684,81,2,1
80,686,55,0,3
80,695,105,3,0
81,641,82,2,1
81,650,56,0,3
81,666,106,3,0
81,676,82,2,1
81,678,56,0,3
81,684,82,2,1
81,695,106,3,0
82,641,83,2,1
82,649,107,3,0
82,650,57,0,3
82,666,107,3,0
82,676,83,2,1
82,678,57,0,3
82,684,83,2,1
82,695,107,3,0
83,632,84,2,1
83,638,84,2,1
83,641,84,2,1
83,649,108,3,0
83,650,58,0,3
83,665,84,2,1
83,666,108,3,0
83,676,84,2,1
83,678,58,0,3
83,684,84,2,1
83,687,108,3,0
83,695,108,3,0
83,708,108,3,0
84,632,85,2,1
84,641,85,2,1
84,649,109,3,0
84,650,59,0,3
84,655,85,2,1
84,665,85,2,1
84,666,109,3,0
84,676,85,2,1
84,678,59,0,3
84,684,85,2,1
84,687,109,3,0
84,695,109,3,0
84,708,109,3,0
85,632,86,2,1
85,655,60,0,3
85,665,110,3,0
85,666,110,3,0
85,676,60,0,3
85,678,60,0,3
85,684,110,3,0
85,695,110,3,0
85,708,110,3,0
85,721,86,2,1
86,632,87,2,1
86,641,61,0,3
86,649,85,1,2
86,650,85,1,2
86,655,61,0,3
86,665,111,3,0
86,666,85,1,2
86,676,61,0,3
86,678,85,1,2
86,684,111,3,0
86,687,85,1,2
86,695,85,1,2
86,708,85,1,2
86,721,721,100,0
87,632,88,2,1
87,641,62,0,3
87,649,86,1,2
87,650,86,1,2
87,665,112,3,0
87,666,86,1,2
87,676,62,0,3
87,678,86,1,2
87,684,112,3,0
87,687,86,1,2
87,695,86,1,2
87,708,86,1,2
88,641,63,0,3
88,649,87,1,2
88,650,87,1,2
88,666,87,1,2
88,676,63,0,3
88,678,87,1,2
88,684,113,3,0
88,695,87,1,2
89,641,64,0,3
89,650,88,1,2
89,666,88,1,2
89,676,64,0,3
89,678,88,1,2
89,684,114,3,0
89,695,88,1,2
89,709,88,1,2
90,625,89,1,2
90,641,65,0,3
90,650,89,1,2
90,676,65,0,3
90,678,89,1,2
90,684,115,3,0
90,695,89,1,2
91,642,66,0,3
92,642,67,0,3
92,676,67,0,3
93,625,92,1,2
93,641,68,0,3
93,650,94,2,1
93,676,68,0,3
93,678,94,2,1
93,684,118,3,0
93,686,94,2,1
93,695,94,2,1
94,641,69,0,3
94,650,95,2,1
94,666,95,2,1
94,676,69,0,3
94,678,95,2,1
94,684,119,3,0
94,695,95,2,1
94,709,93,1,2
95,632,632,11,0
95,641,70,0,3
95,649,96,2,1
95,650,96,2,1
95,665,120,3,0
95,666,96,2,1
95,676,70,0,3
95,678,96,2,1
95,684,120,3,0
95,687,96,2,1
95,695,96,2,1
96,632,95,1,2
96,638,95,1,2
96,641,71,0,3
96,649,97,2,1
96,650,97,2,1
96,665,121,3,0
96,666,97,2,1
96,676,71,0,3
96,678,97,2,1
96,684,121,3,0
96,687,97,2,1
96,695,97,2,1
96,708,97,2,1
97,632,96,1,2
97,641,72,0,3
97,649,98,2,1
97,650,98,2,1
97,655,72,0,3
97,665,122,3,0
97,666,98,2,1
97,676,72,0,3
97,678,98,2,1
97,684,122,3,0
97,687,98,2,1
97,695,98,2,1
97,708,98,2,1
98,632,97,1,2
98,655,73,0,3
98,665,123,3,0
98,666,123,3,0
98,676,73,0,3
98,678,73,0,3
98,684,123,3,0
98,695,123,3,0
98,708,123,3,0
98,721,97,1,2
99,632,98,1,2
99,638,75,2,3
99,641,98,1,2
99,649,124,3,0
99,650,74,0,3
99,665,98,1,2
99,666,124,3,0
99,676,98,1,2
99,678,74,0,3
99,684,98,1,2
99,687,124,3,0
99,695,124,3,0
99,708,124,3,0
100,632,124,3,2
100,641,124,3,2
100,649,125,2,0
100,650,75,0,2
100,665,124,3,2
100,666,125,2,0
100,676,124,3,2
100,678,125,2,0
100,684,124,3,2
100,687,125,2,0
100,695,125,2,0
101,641,100,1,1
101,650,76,0,3
101,666,126,3,0
101,676,100,1,1
101,678,126,3,0
101,684,100,1,1
101,695,126,3,0
101,709,102,2,1
102,625,103,2,1
102,641,101,1,2
102,650,77,0,3
102,676,101,1,2
102,678,127,3,0
102,684,101,1,2
102,686,77,0,3
102,695,127,3,0
103,642,102,1,2
103,676,102,1,2
105,641,106,2,1
105,650,80,0,3
105,676,106,2,1
105,678,130,3,0
105,684,106,2,1
105,686,80,0,3
105,695,130,3,0
106,641,107,2,1
106,650,81,0,3
106,666,131,3,0
106,676,107,2,1
106,678,131,3,0
106,684,107,2,1
106,695,131,3,0
107,641,108,2,1
107,649,132,3,0
107,650,82,0,3
107,666,132,3,0
107,676,108,2,1
107,678,132,3,0
107,684,108,2,1
107,695,132,3,0
108,632,109,2,1
108,638,109,2,1
108,641,109,2,1
108,649,133,3,0
108,650,83,0,3
108,665,109,2,1
108,666,133,3,0
108,676,109,2,1
108,678,133,3,0
108,684,109,2,1
108,687,133,3,0
108,695,133,3,0
108,708,133,3,0
109,632,110,2,1
109,641,110,2,1
109,649,134,3,0
109,650,84,0,3
109,655,110,2,1
109,665,110,2,1
109,666,134,3,0
109,676,110,2,1
109,678,134,3,0
109,684,110,2,1
109,687,134,3,0
109,695,134,3,0
109,708,134,3,0
110,641,135,3,0
110,642,135,3,0
110,650,85,0,3
110,655,85,0,3
110,665,135,3,0
110,666,135,3,0
110,676,85,0,3
110,684,135,3,0
110,695,135,3,0
110,708,135,3,0
110,709,135,3,0
110,721,85,0,3
111,632,86,0,3
111,641,136,3,0
111,642,136,3,0
111,649,110,1,2
111,650,110,1,2
111,655,86,0,3
111,665,136,3,0
111,666,110,1,2
111,676,86,0,3
111,678,110,1,2
111,684,136,3,0
111,687,110,1,2
111,695,110,1,2
111,708,110,1,2
111,709,136,3,0
111,721,86,0,3
112,632,87,0,3
112,641,137,3,0
112,642,137,3,0
112,649,111,1,2
112,650,111,1,2
112,665,137,3,0
112,666,111,1,2
112,676,87,0,3
112,678,111,1,2
112,684,137,3,0
112,687,111,1,2
112,695,111,1,2
112,708,111,1,2
112,709,137,3,0
113,641,138,3,0
113,642,138,3,0
113,649,112,1,2
113,650,112,1,2
113,666,112,1,2
113,676,88,0,3
113,678,112,1,2
113,684,138,3,0
113,695,112,1,2
113,709,138,3,0
114,641,139,3,0
114,642,139,3,0
114,650,113,1,2
114,666,113,1,2
114,676,89,0,3
114,678,113,1,2
114,684,139,3,0
114,695,113,1,2
114,709,113,1,2
115,625,114,1,2
115,641,140,3,0
115,642,140,3,0
115,650,114,1,2
115,676,90,0,3
115,678,114,1,2
115,684,140,3,0
115,695,114,1,2
116,642,141,3,0
117,642,142,3,0
117,676,92,0,3
118,625,117,1,2
118,641,143,3,0
118,642,143,3,0
118,650,119,2,1
118,676,93,0,3
118,678,119,2,1
118,684,143,3,0
118,686,119,2,1
118,695,119,2,1
119,641,144,3,0
119,642,144,3,0
119,650,120,2,1
119,666,120,2,1
119,676,94,0,3
119,678,120,2,1
119,684,144,3,0
119,695,120,2,1
120,632,95,0,3
120,641,145,3,0
120,642,145,3,0
120,649,121,2,1
120,650,121,2,1
120,665,145,3,0
120,666,121,2,1
120,676,95,0,3
120,678,121,2,1
120,684,145,3,0
120,687,121,2,1
120,695,121,2,1
120,709,145,3,0
121,632,96,0,3
121,638,120,1,2
121,641,146,3,0
121,642,146,3,0
121,649,122,2,1
121,650,122,2,1
121,665,146,3,0
121,666,122,2,1
121,676,96,0,3
121,678,122,2,1
121,684,146,3,0
121,687,122,2,1
121,695,122,2,1
121,708,122,2,1
121,709,146,3,0
122,632,97,0,3
122,641,147,3,0
122,642,147,3,0
122,649,123,2,1
122,650,123,2,1
122,655,97,0,3
122,665,147,3,0
122,666,123,2,1
122,676,97,0,3
122,678,123,2,1
122,684,147,3,0
122,687,123,2,1
122,695,123,2,1
122,708,123,2,1
122,709,147,3,0
122,721,97,0,3
123,641,148,3,0
123,642,148,3,0
123,650,98,0,3
123,655,98,0,3
123,665,148,3,0
123,666,148,3,0
123,676,98,0,3
123,684,148,3,0
123,695,148,3,0
123,708,148,3,0
123,709,148,3,0
123,721,98,0,3
124,632,123,1,2
124,638,100,2,3
124,641,123,1,2
124,649,149,3,0
124,650,99,0,3
124,665,123,1,2
124,666,149,3,0
124,676,123,1,2
124,678,149,3,0
124,684,123,1,2
124,687,149,3,0
124,695,149,3,0
124,708,149,3,0
125,632,149,3,2
125,641,149,3,2
125,649,150,2,0
125,650,100,0,2
125,665,149,3,2
125,666,150,2,0
125,676,149,3,2
125,678,150,2,0
125,684,149,3,2
125,687,150,2,0
125,695,150,2,0
126,641,125,1,1
126,650,101,0,3
126,666,151,3,0
126,676,125,1,1
126,678,151,3,0
126,684,125,1,1
126,695,151,3,0
126,709,127,2,1
127,625,128,2,1
127,641,126,1,2
127,650,102,0,3
127,676,126,1,2
127,678,152,3,0
127,684,126,1,2
127,686,102,0,3
127,695,152,3,0
128,642,127,1,2
128,676,127,1,2
130,641,131,2,1
130,650,105,0,3
130,676,131,2,1
130,678,155,3,0
130,684,131,2,1
130,686,105,0,3
130,695,155,3,0
131,641,132,2,1
131,650,106,0,3
131,666,156,3,0
131,676,132,2,1
131,678,156,3,0
131,684,132,2,1
131,695,156,3,0
132,641,133,2,1
132,649,157,3,0
132,650,107,0,3
132,666,157,3,0
132,676,133,2,1
132,678,157,3,0
132,684,133,2,1
132,695,157,3,0
133,632,134,2,1
133,638,134,2,1
133,641,134,2,1
133,649,158,3,0
133,650,108,0,3
133,665,134,2,1
133,666,158,3,0
133,676,134,2,1
133,678,158,3,0
133,684,134,2,1
133,687,158,3,0
133,695,158,3,0
133,708,158,3,0
134,632,135,2,1
134,641,135,2,1
134,649,159,3,0
134,650,109,0,3
134,655,135,2,1
134,665,135,2,1
134,666,159,3,0
134,676,135,2,1
134,678,159,3,0
134,684,135,2,1
134,687,159,3,0
134,695,159,3,0
134,708,159,3,0
135,641,160,3,0
135,649,160,3,0
135,650,110,0,3
135,665,136,2,1
135,666,160,3,0
135,676,110,0,3
135,678,160,3,0
135,684,160,3,0
135,695,160,3,0
135,708,160,3,0
135,709,136,2,1
136,632,111,0,3
136,641,161,3,0
136,649,135,1,2
136,650,135,1,2
136,655,111,0,3
136,665,137,2,1
136,666,135,1,2
136,676,111,0,3
136,678,135,1,2
136,684,161,3,0
136,687,135,1,2
136,695,135,1,2
136,708,135,1,2
136,709,137,2,1
136,721,111,0,3
137,632,112,0,3
137,641,162,3,0
137,649,136,1,2
137,650,136,1,2
137,665,138,2,1
137,666,136,1,2
137,676,112,0,3
137,678,136,1,2
137,684,162,3,0
137,687,136,1,2
137,695,136,1,2
137,708,136,1,2
137,709,138,2,1
138,641,163,3,0
138,649,137,1,2
138,650,137,1,2
138,666,137,1,2
138,676,113,0,3
138,678,137,1,2
138,684,163,3,0
138,695,137,1,2
138,709,709,88,0
139,641,164,3,0
139,650,138,1,2
139,666,138,1,2
139,676,114,0,3
139,678,138,1,2
139,684,164,3,0
139,695,138,1,2
139,709,138,1,2
140,625,139,1,2
140,641,165,3,0
140,650,139,1,2
140,676,115,0,3
140,678,139,1,2
140,684,165,3,0
140,695,139,1,2
141,642,166,3,0
142,642,167,3,0
142,676,117,0,3
143,625,142,1,2
143,641,168,3,0
143,650,144,2,1
143,676,118,0,3
143,678,144,2,1
143,684,168,3,0
143,686,144,2,1
143,695,144,2,1
144,641,169,3,0
144,650,145,2,1
144,666,145,2,1
144,676,119,0,3
144,678,145,2,1
144,684,169,3,0
144,695,145,2,1
144,709,143,1,2
145,632,120,0,3
145,641,170,3,0
145,649,146,2,1
145,650,146,2,1
145,665,665,44,0
145,666,146,2,1
145,676,120,0,3
145,678,146,2,1
145,684,170,3,0
145,687,146,2,1
145,695,146,2,1
145,709,144,1,2
146,632,121,0,3
146,638,145,1,2
146,641,171,3,0
146,649,147,2,1
146,650,147,2,1
146,665,145,1,2
146,666,147,2,1
146,676,121,0,3
146,678,147,2,1
146,684,171,3,0
146,687,147,2,1
146,695,147,2,1
146,708,147,2,1
146,709,145,1,2
147,632,122,0,3
147,641,172,3,0
147,649,148,2,1
147,650,148,2,1
147,655,122,0,3
147,665,146,1,2
147,666,148,2,1
147,676,122,0,3
147,678,148,2,1
147,684,172,3,0
147,687,148,2,1
147,695,148,2,1
147,708,148,2,1
147,709,146,1,2
147,721,122,0,3
148,641,173,3,0
148,649,173,3,0
148,650,123,0,3
148,665,147,1,2
148,666,173,3,0
148,676,123,0,3
148,678,173,3,0
148,684,173,3,0
148,695,173,3,0
148,708,173,3,0
148,709,147,1,2
148,721,123,0,3
149,632,148,1,2
149,638,125,2,3
149,641,148,1,2
149,649,174,3,0
149,650,124,0,3
149,665,148,1,2
149,666,174,3,0
149,676,148,1,2
149,678,174,3,0
149,684,148,1,2
149,687,174,3,0
149,695,174,3,0
149,708,174,3,0
150,632,174,3,2
150,641,174,3,2
150,649,175,2,0
150,650,125,0,2
150,665,174,3,2
150,666,175,2,0
150,676,174,3,2
150,678,175,2,0
150,684,174,3,2
150,687,175,2,0
150,695,175,2,0
151,641,150,1,1
151,650,126,0,3
151,666,176,3,0
151,676,150,1,1
151,678,176,3,0
151,684,150,1,1
151,695,176,3,0
151,709,152,2,1
152,625,153,2,1
152,641,151,1,2
152,650,127,0,3
152,676,151,1,2
152,678,177,3,0
152,684,151,1,2
152,686,127,0,3
152,695,177,3,0
153,642,152,1,2
153,676,152,1,2
155,641,156,2,1
155,650,130,0,3
155,676,156,2,1
155,678,180,3,0
155,684,156,2,1
155,686,130,0,3
155,695,180,3,0
156,641,157,2,1
156,650,131,0,3
156,666,181,3,0
156,676,157,2,1
156,678,181,3,0
156,684,157,2,1
156,695,181,3,0
157,641,158,2,1
157,649,182,3,0
157,650,132,0,3
157,666,182,3,0
157,676,158,2,1
157,678,182,3,0
157,684,158,2,1
157,695,182,3,0
158,632,159,2,1
158,638,159,2,1
158,641,159,2,1
158,649,183,3,0
158,650,133,0,3
158,665,159,2,1
158,666,183,3,0
158,676,159,2,1
158,678,183,3,0
158,684,159,2,1
158,687,183,3,0
158,695,183,3,0
158,708,708,87,0
159,632,160,2,1
159,641,160,2,1
159,649,184,3,0
159,650,134,0,3
159,655,160,2,1
159,665,160,2,1
159,666,184,3,0
159,676,160,2,1
159,678,184,3,0
159,684,160,2,1
159,687,184,3,0
159,695,184,3,0
159,708,158,1,2
160,641,185,3,0
160,649,185,3,0
160,650,135,0,3
160,666,185,3,0
160,676,135,0,3
160,678,185,3,0
160,684,185,3,0
160,695,185,3,0
160,708,159,1,2
161,632,136,0,3
161,641,186,3,0
161,649,160,1,2
161,650,160,1,2
161,655,136,0,3
161,665,136,0,3
161,666,160,1,2
161,676,136,0,3
161,678,160,1,2
161,684,186,3,0
161,687,160,1,2
161,695,160,1,2
161,708,160,1,2
161,721,136,0,3
162,632,137,0,3
162,641,187,3,0
162,649,161,1,2
162,650,161,1,2
162,665,137,0,3
162,666,161,1,2
162,676,137,0,3
162,678,161,1,2
162,684,187,3,0
162,687,161,1,2
162,695,161,1,2
162,708,161,1,2
163,641,188,3,0
163,649,162,1,2
163,650,162,1,2
163,666,162,1,2
163,676,138,0,3
163,678,162,1,2
163,684,188,3,0
163,695,162,1,2
164,641,189,3,0
164,650,163,1,2
164,666,163,1,2
164,676,139,0,3
164,678,163,1,2
164,684,189,3,0
164,695,163,1,2
164,709,163,1,2
165,625,164,1,2
165,641,190,3,0
165,650,164,1,2
165,676,140,0,3
165,678,164,1,2
165,684,190,3,0
165,695,164,1,2
166,642,191,3,0
167,642,192,3,0
167,676,142,0,3
168,625,167,1,2
168,641,193,3,0
168,650,169,2,1
168,676,143,0,3
168,678,169,2,1
168,684,193,3,0
168,686,169,2,1
168,695,169,2,1
169,641,194,3,0
169,650,170,2,1
169,666,170,2,1
169,676,144,0,3
169,678,170,2,1
169,684,194,3,0
169,695,170,2,1
169,709,168,1,2
170,632,145,0,3
170,641,195,3,0
170,649,171,2,1
170,650,171,2,1
170,665,145,0,3
170,666,171,2,1
170,676,145,0,3
170,678,171,2,1
170,684,195,3,0
170,687,171,2,1
170,695,171,2,1
171,632,146,0,3
171,638,170,1,2
171,641,196,3,0
171,649,172,2,1
171,650,172,2,1
171,665,146,0,3
171,666,172,2,1
171,676,146,0,3
171,678,172,2,1
171,684,196,3,0
171,687,172,2,1
171,695,172,2,1
171,708,172,2,1
172,632,147,0,3
172,641,197,3,0
172,649,173,2,1
172,650,173,2,1
172,655,147,0,3
172,665,147,0,3
172,666,173,2,1
172,676,147,0,3
172,678,173,2,1
172,684,197,3,0
172,687,173,2,1
172,695,173,2,1
172,708,173,2,1
172,721,147,0,3
173,641,198,3,0
173,649,198,3,0
173,650,148,0,3
173,666,198,3,0
173,676,148,0,3
173,678,198,3,0
173,684,198,3,0
173,695,198,3,0
173,708,174,2,1
173,721,148,0,3
174,632,173,1,2
174,638,150,2,3
174,641,173,1,2
174,649,199,3,0
174,650,149,0,3
174,665,173,1,2
174,666,199,3,0
174,676,173,1,2
174,678,199,3,0
174,684,173,1,2
174,687,199,3,0
174,695,199,3,0
174,708,150,2,3
175,632,199,3,2
175,641,199,3,2
175,649,200,2,0
175,650,150,0,2
175,665,199,3,2
175,666,200,2,0
175,676,199,3,2
175,678,200,2,0
175,684,199,3,2
175,687,687,66,0
175,695,200,2,0
176,641,175,1,1
176,650,151,0,3
176,666,201,3,0
176,676,175,1,1
176,678,201,3,0
176,684,175,1,1
176,695,201,3,0
176,709,177,2,1
177,625,178,2,1
177,641,176,1,2
177,650,152,0,3
177,676,176,1,2
177,678,202,3,0
177,684,176,1,2
177,686,152,0,3
177,695,202,3,0
178,642,177,1,2
178,676,177,1,2
180,641,181,2,1
180,650,155,0,3
180,676,181,2,1
180,678,205,3,0
180,684,181,2,1
180,686,155,0,3
180,695,205,3,0
181,641,182,2,1
181,650,156,0,3
181,666,206,3,0
181,676,182,2,1
181,678,206,3,0
181,684,182,2,1
181,695,206,3,0
182,641,183,2,1
182,649,207,3,0
182,650,157,0,3
182,666,207,3,0
182,676,183,2,1
182,678,207,3,0
182,684,183,2,1
182,695,207,3,0
183,632,184,2,1
183,638,184,2,1
183,641,184,2,1
183,649,208,3,0
183,650,158,0,3
183,665,184,2,1
183,666,208,3,0
183,676,184,2,1
183,678,208,3,0
183,684,184,2,1
183,687,182,1,2
183,695,208,3,0
183,708,158,0,3
184,632,185,2,1
184,641,185,2,1
184,649,209,3,0
184,650,159,0,3
184,655,185,2,1
184,665,185,2,1
184,666,209,3,0
184,676,185,2,1
184,678,209,3,0
184,684,185,2,1
184,687,183,1,2
184,695,209,3,0
184,708,159,0,3
185,641,210,3,0
185,649,210,3,0
185,650,160,0,3
185,666,210,3,0
185,676,160,0,3
185,678,210,3,0
185,684,210,3,0
185,687,184,1,2
185,695,210,3,0
186,632,161,0,3
186,641,211,3,0
186,649,185,1,2
186,650,185,1,2
186,655,161,0,3
186,665,161,0,3
186,666,185,1,2
186,676,161,0,3
186,678,185,1,2
186,684,211,3,0
186,687,185,1,2
186,695,185,1,2
186,708,185,1,2
186,721,161,0,3
187,632,162,0,3
187,641,212,3,0
187,649,186,1,2
187,650,186,1,2
187,665,162,0,3
187,666,186,1,2
187,676,162,0,3
187,678,186,1,2
187,684,212,3,0
187,687,186,1,2
187,695,186,1,2
187,708,186,1,2
188,641,213,3,0
188,649,187,1,2
188,650,187,1,2
188,666,187,1,2
188,676,163,0,3
188,678,187,1,2
188,684,213,3,0
188,695,187,1,2
189,641,214,3,0
189,650,188,1,2
189,666,188,1,2
189,676,164,0,3
189,678,188,1,2
189,684,214,3,0
189,695,188,1,2
189,709,188,1,2
190,625,189,1,2
190,641,215,3,0
190,650,189,1,2
190,676,165,0,3
190,678,189,1,2
190,684,215,3,0
190,695,189,1,2
191,642,216,3,0
192,642,217,3,0
192,676,167,0,3
193,625,192,1,2
193,641,218,3,0
193,650,194,2,1
193,676,168,0,3
193,678,194,2,1
193,684,218,3,0
193,686,194,2,1
193,695,194,2,1
194,641,219,3,0
194,650,195,2,1
194,666,195,2,1
194,676,169,0,3
194,678,195,2,1
194,684,219,3,0
194,695,195,2,1
194,709,193,1,2
195,632,170,0,3
195,641,220,3,0
195,649,196,2,1
195,650,196,2,1
195,665,170,0,3
195,666,196,2,1
195,676,170,0,3
195,678,196,2,1
195,684,220,3,0
195,687,196,2,1
195,695,196,2,1
196,632,171,0,3
196,638,195,1,2
196,641,221,3,0
196,649,197,2,1
196,650,197,2,1
196,665,171,0,3
196,666,197,2,1
196,676,171,0,3
196,678,197,2,1
196,684,221,3,0
196,687,197,2,1
196,695,197,2,1
196,708,197,2,1
197,632,172,0,3
197,641,222,3,0
197,649,198,2,1
197,650,198,2,1
197,655,172,0,3
197,665,172,0,3
197,666,198,2,1
197,676,172,0,3
197,678,198,2,1
197,684,222,3,0
197,687,198,2,1
197,695,198,2,1
197,708,198,2,1
197,721,172,0,3
198,641,223,3,0
198,649,223,3,0
198,650,173,0,3
198,666,223,3,0
198,676,173,0,3
198,678,223,3,0
198,684,223,3,0
198,687,199,2,1
198,695,223,3,0
198,721,173,0,3
199,632,198,1,2
199,638,175,2,3
199,641,198,1,2
199,649,224,3,0
199,650,174,0,3
199,665,198,1,2
199,666,224,3,0
199,676,198,1,2
199,678,224,3,0
199,684,198,1,2
199,687,175,2,3
199,695,224,3,0
199,708,174,0,3
200,632,224,3,2
200,641,224,3,2
200,649,225,2,0
200,650,175,0,2
200,665,224,3,2
200,666,225,2,0
200,676,224,3,2
200,678,225,2,0
200,684,224,3,2
200,687,175,0,2
200,695,225,2,0
201,641,200,1,1
201,650,176,0,3
201,666,226,3,0
201,676,200,1,1
201,678,226,3,0
201,684,200,1,1
201,695,226,3,0
201,709,202,2,1
202,625,203,2,1
202,641,201,1,2
202,650,177,0,3
202,676,201,1,2
202,678,227,3,0
202,684,201,1,2
202,686,177,0,3
202,695,227,3,0
203,642,202,1,2
203,676,202,1,2
205,641,206,2,1
205,650,180,0,3
205,676,206,2,1
205,678,230,3,0
205,684,206,2,1
205,686,180,0,3
205,695,230,3,0
206,641,207,2,1
206,650,181,0,3
206,666,231,3,0
206,676,207,2,1
206,678,231,3,0
206,684,207,2,1
206,695,231,3,0
207,641,208,2,1
207,649,232,3,0
207,650,182,0,3
207,666,232,3,0
207,676,208,2,1
207,678,232,3,0
207,684,208,2,1
207,695,232,3,0
208,632,209,2,1
208,638,209,2,1
208,641,209,2,1
208,649,233,3,0
208,650,183,0,3
208,665,209,2,1
208,666,233,3,0
208,676,209,2,1
208,678,233,3,0
208,684,209,2,1
208,687,183,0,3
208,695,233,3,0
208,708,183,0,3
209,632,210,2,1
209,638,234,3,0
209,641,210,2,1
209,649,234,3,0
209,650,184,0,3
209,655,210,2,1
209,665,210,2,1
209,666,234,3,0
209,676,210,2,1
209,678,234,3,0
209,684,210,2,1
209,687,184,0,3
209,695,234,3,0
209,708,184,0,3
210,638,235,3,0
210,641,235,3,0
210,649,235,3,0
210,650,185,0,3
210,666,235,3,0
210,676,185,0,3
210,678,235,3,0
210,684,235,3,0
210,687,185,0,3
210,695,235,3,0
211,632,186,0,3
211,641,236,3,0
211,649,210,1,2
211,650,210,1,2
211,655,186,0,3
211,665,186,0,3
211,666,210,1,2
211,676,186,0,3
211,678,210,1,2
211,684,236,3,0
211,687,210,1,2
211,695,210,1,2
211,708,210,1,2
211,721,186,0,3
212,632,187,0,3
212,641,237,3,0
212,649,211,1,2
212,650,211,1,2
212,665,187,0,3
212,666,211,1,2
212,676,187,0,3
212,678,211,1,2
212,684,237,3,0
212,687,211,1,2
212,695,211,1,2
212,708,211,1,2
213,641,238,3,0
213,649,212,1,2
213,650,212,1,2
213,666,212,1,2
213,676,188,0,3
213,678,212,1,2
213,684,238,3,0
213,695,212,1,2
214,641,239,3,0
214,650,213,1,2
214,666,213,1,2
214,676,189,0,3
214,678,213,1,2
214,684,239,3,0
214,695,213,1,2
214,709,213,1,2
215,625,214,1,2
215,641,240,3,0
215,650,214,1,2
215,676,190,0,3
215,678,214,1,2
215,684,240,3,0
215,695,214,1,2
216,642,241,3,0
217,642,242,3,0
217,676,192,0,3
218,625,217,1,2
218,641,243,3,0
218,650,219,2,1
218,676,193,0,3
218,678,219,2,1
218,684,243,3,0
218,686,219,2,1
218,695,219,2,1
219,641,244,3,0
219,650,220,2,1
219,666,220,2,1
219,676,194,0,3
219,678,220,2,1
219,684,244,3,0
219,695,220,2,1
219,709,218,1,2
220,632,195,0,3
220,641,245,3,0
220,649,221,2,1
220,650,221,2,1
220,665,195,0,3
220,666,221,2,1
220,676,195,0,3
220,678,221,2,1
220,684,245,3,0
220,687,221,2,1
220,695,221,2,1
221,632,196,0,3
221,638,220,1,2
221,641,246,3,0
221,649,222,2,1
221,650,222,2,1
221,665,196,0,3
221,666,222,2,1
221,676,196,0,3
221,678,222,2,1
221,684,246,3,0
221,687,222,2,1
221,695,222,2,1
221,708,222,2,1
222,632,197,0,3
222,641,247,3,0
222,649,223,2,1
222,650,223,2,1
222,655,197,0,3
222,665,197,0,3
222,666,223,2,1
222,676,197,0,3
222,678,223,2,1
222,684,247,3,0
222,687,223,2,1
222,695,223,2,1
222,708,223,2,1
222,721,197,0,3
223,638,248,3,0
223,641,248,3,0
223,649,248,3,0
223,650,198,0,3
223,666,248,3,0
223,676,198,0,3
223,678,248,3,0
223,684,248,3,0
223,687,198,0,3
223,695,248,3,0
223,721,198,0,3
224,632,223,1,2
224,638,200,2,3
224,641,223,1,2
224,649,249,3,0
224,650,199,0,3
224,665,223,1,2
224,666,249,3,0
224,676,223,1,2
224,678,249,3,0
224,684,223,1,2
224,687,199,0,3
224,695,249,3,0
224,708,199,0,3
225,632,249,3,2
225,641,249,3,2
225,649,250,2,0
225,650,200,0,2
225,665,249,3,2
225,666,250,2,0
225,676,249,3,2
225,678,250,2,0
225,684,249,3,2
225,687,200,0,2
225,695,226,1,1
226,641,225,1,1
226,650,201,0,3
226,666,251,3,0
226,676,225,1,1
226,678,251,3,0
226,684,225,1,1
226,695,227,2,1
226,709,227,2,1
227,625,228,2,1
227,641,226,1,2
227,650,202,0,3
227,676,226,1,2
227,678,252,3,0
227,684,226,1,2
227,686,252,3,0
227,695,228,2,1
228,642,227,1,2
228,676,227,1,2
230,641,231,2,1
230,650,205,0,3
230,676,231,2,1
230,678,255,3,0
230,684,231,2,1
230,686,255,3,0
230,695,695,74,0
231,641,232,2,1
231,650,206,0,3
231,666,256,3,0
231,676,232,2,1
231,678,256,3,0
231,684,232,2,1
231,695,230,1,2
232,641,233,2,1
232,649,257,3,0
232,650,207,0,3
232,666,257,3,0
232,676,233,2,1
232,678,257,3,0
232,684,233,2,1
232,695,231,1,2
233,632,234,2,1
233,638,234,2,1
233,641,234,2,1
233,649,258,3,0
233,650,208,0,3
233,665,234,2,1
233,666,258,3,0
233,676,234,2,1
233,678,258,3,0
233,684,234,2,1
233,687,208,0,3
233,695,232,1,2
233,708,208,0,3
234,632,235,2,1
234,641,235,2,1
234,649,259,3,0
234,650,209,0,3
234,655,235,2,1
234,665,235,2,1
234,666,259,3,0
234,676,235,2,1
234,678,259,3,0
234,684,235,2,1
234,687,209,0,3
234,695,233,1,2
234,708,209,0,3
235,632,210,0,3
235,641,260,3,0
235,649,260,3,0
235,650,210,0,3
235,666,260,3,0
235,676,210,0,3
235,678,260,3,0
235,684,260,3,0
235,687,210,0,3
235,695,234,1,2
236,632,211,0,3
236,641,261,3,0
236,649,235,1,2
236,650,235,1,2
236,655,211,0,3
236,665,211,0,3
236,666,235,1,2
236,676,211,0,3
236,678,235,1,2
236,684,261,3,0
236,687,235,1,2
236,695,235,1,2
236,708,235,1,2
236,721,211,0,3
237,632,212,0,3
237,641,262,3,0
237,649,236,1,2
237,650,236,1,2
237,665,212,0,3
237,666,236,1,2
237,676,212,0,3
237,678,236,1,2
237,684,262,3,0
237,687,236,1,2
237,695,236,1,2
237,708,236,1,2
238,641,263,3,0
238,649,237,1,2
238,650,237,1,2
238,666,237,1,2
238,676,213,0,3
238,678,237,1,2
238,684,263,3,0
238,695,237,1,2
239,641,264,3,0
239,650,238,1,2
239,666,238,1,2
239,676,214,0,3
239,678,238,1,2
239,684,264,3,0
239,695,238,1,2
239,709,238,1,2
240,625,239,1,2
240,641,265,3,0
240,650,239,1,2
240,676,215,0,3
240,678,239,1,2
240,684,265,3,0
240,695,239,1,2
241,642,266,3,0
242,642,267,3,0
242,676,217,0,3
243,625,242,1,2
243,641,268,3,0
243,650,244,2,1
243,676,218,0,3
243,678,244,2,1
243,684,268,3,0
243,686,244,2,1
243,695,244,2,1
244,641,269,3,0
244,650,245,2,1
244,666,245,2,1
244,676,219,0,3
244,678,245,2,1
244,684,269,3,0
244,695,245,2,1
244,709,243,1,2
245,632,220,0,3
245,641,270,3,0
245,649,246,2,1
245,650,246,2,1
245,665,220,0,3
245,666,246,2,1
245,676,220,0,3
245,678,246,2,1
245,684,270,3,0
245,687,246,2,1
245,695,246,2,1
246,632,221,0,3
246,638,245,1,2
246,641,271,3,0
246,649,247,2,1
246,650,247,2,1
246,665,221,0,3
246,666,247,2,1
246,676,221,0,3
246,678,247,2,1
246,684,271,3,0
246,687,247,2,1
246,695,247,2,1
246,708,247,2,1
247,632,222,0,3
247,641,272,3,0
247,649,248,2,1
247,650,248,2,1
247,655,222,0,3
247,665,222,0,3
247,666,248,2,1
247,676,222,0,3
247,678,248,2,1
247,684,272,3,0
247,687,248,2,1
247,695,248,2,1
247,708,248,2,1
247,721,222,0,3
248,632,223,0,3
248,641,273,3,0
248,649,273,3,0
248,650,223,0,3
248,666,273,3,0
248,676,223,0,3
248,678,273,3,0
248,684,273,3,0
248,687,223,0,3
248,695,249,2,1
248,721,223,0,3
249,632,248,1,2
249,638,225,2,3
249,641,248,1,2
249,649,274,3,0
249,650,224,0,3
249,665,248,1,2
249,666,274,3,0
249,676,248,1,2
249,678,274,3,0
249,684,248,1,2
249,687,224,0,3
249,695,225,2,3
249,708,224,0,3
250,632,274,3,2
250,641,274,3,2
250,649,275,2,0
250,650,225,0,2
250,665,274,3,2
250,666,275,2,0
250,676,274,3,2
250,678,275,2,0
250,684,274,3,2
250,687,225,0,2
250,695,225,0,2
251,641,250,1,1
251,650,226,0,3
251,666,276,3,0
251,676,250,1,1
251,678,276,3,0
251,684,250,1,1
251,695,226,0,3
251,709,252,2,1
252,625,253,2,1
252,641,251,1,2
252,650,227,0,3
252,676,251,1,2
252,678,277,3,0
252,684,251,1,2
252,686,277,3,0
252,695,227,0,3
253,642,252,1,2
253,676,252,1,2
255,641,256,2,1
255,650,230,0,3
255,676,256,2,1
255,678,280,3,0
255,684,256,2,1
255,686,280,3,0
255,695,230,0,3
256,641,257,2,1
256,650,231,0,3
256,666,281,3,0
256,676,257,2,1
256,678,281,3,0
256,684,257,2,1
256,695,231,0,3
257,641,258,2,1
257,649,282,3,0
257,650,232,0,3
257,666,282,3,0
257,676,258,2,1
257,678,282,3,0
257,684,258,2,1
257,695,232,0,3
258,632,259,2,1
258,638,259,2,1
258,641,259,2,1
258,649,283,3,0
258,650,233,0,3
258,665,259,2,1
258,666,283,3,0
258,676,259,2,1
258,678,283,3,0
258,684,259,2,1
258,687,233,0,3
258,695,233,0,3
258,708,233,0,3
259,632,260,2,1
259,641,260,2,1
259,649,284,3,0
259,650,234,0,3
259,655,260,2,1
259,665,260,2,1
259,666,284,3,0
259,676,260,2,1
259,678,284,3,0
259,684,260,2,1
259,687,234,0,3
259,695,234,0,3
259,708,234,0,3
260,632,235,0,3
260,641,285,3,0
260,649,285,3,0
260,650,235,0,3
260,666,285,3,0
260,676,235,0,3
260,678,285,3,0
260,684,285,3,0
260,687,235,0,3
261,632,236,0,3
261,641,286,3,0
261,649,260,1,2
261,650,260,1,2
261,655,236,0,3
261,665,236,0,3
261,666,260,1,2
261,676,236,0,3
261,678,260,1,2
261,684,286,3,0
261,687,260,1,2
261,695,260,1,2
261,708,260,1,2
261,721,236,0,3
262,632,237,0,3
262,641,287,3,0
262,649,261,1,2
262,650,261,1,2
262,665,237,0,3
262,666,261,1,2
262,676,237,0,3
262,678,261,1,2
262,684,287,3,0
262,687,261,1,2
262,695,261,1,2
262,708,261,1,2
263,641,288,3,0
263,649,262,1,2
263,650,262,1,2
263,666,262,1,2
263,676,238,0,3
263,678,262,1,2
263,684,288,3,0
263,695,262,1,2
264,641,289,3,0
264,650,263,1,2
264,666,263,1,2
264,676,239,0,3
264,678,263,1,2
264,684,289,3,0
264,695,263,1,2
264,709,263,1,2
265,625,264,1,2
265,641,290,3,0
265,650,264,1,2
265,676,240,0,3
265,678,264,1,2
265,684,290,3,0
265,695,264,1,2
266,642,291,3,0
267,642,292,3,0
267,676,242,0,3
268,625,267,1,2
268,641,293,3,0
268,650,269,2,1
268,676,243,0,3
268,678,269,2,1
268,684,293,3,0
268,686,269,2,1
268,695,269,2,1
269,641,294,3,0
269,650,270,2,1
269,666,270,2,1
269,676,244,0,3
269,678,270,2,1
269,684,294,3,0
269,695,270,2,1
269,709,268,1,2
270,632,245,0,3
270,641,295,3,0
270,649,271,2,1
270,650,271,2,1
270,665,245,0,3
270,666,271,2,1
270,676,245,0,3
270,678,271,2,1
270,684,295,3,0
270,687,271,2,1
270,695,271,2,1
271,632,246,0,3
271,638,270,1,2
271,641,296,3,0
271,649,272,2,1
271,650,272,2,1
271,665,246,0,3
271,666,272,2,1
271,676,246,0,3
271,678,272,2,1
271,684,296,3,0
271,687,272,2,1
271,695,272,2,1
271,708,272,2,1
272,632,247,0,3
272,641,297,3,0
272,649,273,2,1
272,650,273,2,1
272,655,247,0,3
272,665,247,0,3
272,666,273,2,1
272,676,247,0,3
272,678,273,2,1
272,684,297,3,0
272,687,273,2,1
272,695,273,2,1
272,708,273,2,1
272,721,247,0,3
273,632,248,0,3
273,641,298,3,0
273,649,298,3,0
273,650,248,0,3
273,666,298,3,0
273,676,248,0,3
273,678,298,3,0
273,684,298,3,0
273,687,248,0,3
273,721,248,0,3
274,632,273,1,2
274,638,250,2,3
274,641,273,1,2
274,649,299,3,0
274,650,249,0,3
274,665,273,1,2
274,666,299,3,0
274,676,273,1,2
274,678,299,3,0
274,684,273,1,2
274,687,249,0,3
274,695,249,0,3
274,708,249,0,3
275,632,299,3,2
275,641,299,3,2
275,649,300,2,0
275,650,250,0,2
275,665,299,3,2
275,666,300,2,0
275,676,299,3,2
275,678,300,2,0
275,684,299,3,2
275,687,250,0,2
275,695,250,0,2
276,641,275,1,1
276,650,251,0,3
276,666,301,3,0
276,676,275,1,1
276,678,301,3,0
276,684,275,1,1
276,695,251,0,3
276,709,277,2,1
277,625,278,2,1
277,641,276,1,2
277,650,252,0,3
277,676,276,1,2
277,678,302,3,0
277,684,276,1,2
277,686,302,3,0
277,695,252,0,3
278,642,277,1,2
278,676,277,1,2
280,641,281,2,1
280,650,255,0,3
280,676,281,2,1
280,678,305,3,0
280,684,281,2,1
280,686,305,3,0
280,695,255,0,3
281,641,282,2,1
281,650,256,0,3
281,666,306,3,0
281,676,282,2,1
281,678,306,3,0
281,684,282,2,1
281,695,256,0,3
282,641,283,2,1
282,649,307,3,0
282,650,257,0,3
282,666,307,3,0
282,676,283,2,1
282,678,307,3,0
282,684,283,2,1
282,695,257,0,3
283,632,284,2,1
283,638,284,2,1
283,641,284,2,1
283,649,308,3,0
283,650,258,0,3
283,665,284,2,1
283,666,308,3,0
283,676,284,2,1
283,678,308,3,0
283,684,284,2,1
283,687,258,0,3
283,695,258,0,3
283,708,258,0,3
284,632,285,2,1
284,641,285,2,1
284,649,309,3,0
284,650,259,0,3
284,655,285,2,1
284,665,285,2,1
284,666,309,3,0
284,676,285,2,1
284,678,309,3,0
284,684,285,2,1
284,687,259,0,3
284,695,259,0,3
284,708,259,0,3
285,632,260,0,3
285,641,310,3,0
285,649,310,3,0
285,650,260,0,3
285,665,260,0,3
285,666,310,3,0
285,676,310,3,0
285,678,310,3,0
285,684,310,3,0
285,687,260,0,3
285,695,260,0,3
286,632,261,0,3
286,641,311,3,0
286,649,285,1,2
286,650,285,1,2
286,655,261,0,3
286,665,261,0,3
286,666,285,1,2
286,676,311,3,0
286,678,285,1,2
286,684,311,3,0
286,687,285,1,2
286,695,285,1,2
286,708,285,1,2
286,721,261,0,3
287,632,262,0,3
287,641,312,3,0
287,649,286,1,2
287,650,286,1,2
287,665,262,0,3
287,666,286,1,2
287,676,312,3,0
287,678,286,1,2
287,684,312,3,0
287,687,286,1,2
287,695,286,1,2
287,708,286,1,2
288,641,313,3,0
288,649,287,1,2
288,650,287,1,2
288,666,287,1,2
288,676,313,3,0
288,678,287,1,2
288,684,313,3,0
288,695,287,1,2
289,641,314,3,0
289,650,288,1,2
289,666,288,1,2
289,676,314,3,0
289,678,288,1,2
289,684,314,3,0
289,695,288,1,2
289,709,288,1,2
290,625,289,1,2
290,641,315,3,0
290,650,289,1,2
290,676,315,3,0
290,678,289,1,2
290,684,315,3,0
290,695,289,1,2
291,642,316,3,0
292,642,317,3,0
292,676,317,3,0
293,625,292,1,2
293,641,318,3,0
293,650,294,2,1
293,676,318,3,0
293,678,294,2,1
293,684,318,3,0
293,686,294,2,1
293,695,294,2,1
294,641,319,3,0
294,650,295,2,1
294,666,295,2,1
294,676,319,3,0
294,678,295,2,1
294,684,319,3,0
294,695,295,2,1
294,709,293,1,2
295,632,270,0,3
295,641,320,3,0
295,649,296,2,1
295,650,296,2,1
295,665,270,0,3
295,666,296,2,1
295,676,320,3,0
295,678,296,2,1
295,684,320,3,0
295,687,296,2,1
295,695,296,2,1
296,632,271,0,3
296,638,295,1,2
296,641,321,3,0
296,649,297,2,1
296,650,297,2,1
296,665,271,0,3
296,666,297,2,1
296,676,321,3,0
296,678,297,2,1
296,684,321,3,0
296,687,297,2,1
296,695,297,2,1
296,708,297,2,1
297,632,272,0,3
297,641,322,3,0
297,649,298,2,1
297,650,298,2,1
297,655,272,0,3
297,665,272,0,3
297,666,298,2,1
297,676,322,3,0
297,678,298,2,1
297,684,322,3,0
297,687,298,2,1
297,695,298,2,1
297,708,298,2,1
297,721,272,0,3
298,632,273,0,3
298,641,323,3,0
298,649,323,3,0
298,650,273,0,3
298,665,273,0,3
298,666,323,3,0
298,676,323,3,0
298,678,323,3,0
298,684,323,3,0
298,687,273,0,3
298,695,273,0,3
298,721,273,0,3
299,632,298,1,2
299,638,275,2,3
299,641,298,1,2
299,649,324,3,0
299,650,274,0,3
299,665,298,1,2
299,666,324,3,0
299,676,298,1,2
299,678,324,3,0
299,684,298,1,2
299,687,274,0,3
299,695,274,0,3
299,708,274,0,3
300,632,324,3,2
300,641,324,3,2
300,649,325,2,0
300,650,275,0,2
300,665,324,3,2
300,666,301,1,1
300,676,324,3,2
300,678,325,2,0
300,684,324,3,2
300,687,275,0,2
300,695,275,0,2
301,641,300,1,1
301,650,276,0,3
301,666,302,2,1
301,676,300,1,1
301,678,326,3,0
301,684,300,1,1
301,695,276,0,3
301,709,302,2,1
302,625,303,2,1
302,641,301,1,2
302,650,277,0,3
302,676,301,1,2
302,678,327,3,0
302,684,301,1,2
302,686,327,3,0
302,695,277,0,3
303,642,302,1,2
303,676,302,1,2
305,641,306,2,1
305,650,280,0,3
305,676,306,2,1
305,678,330,3,0
305,684,306,2,1
305,686,330,3,0
305,695,280,0,3
306,641,307,2,1
306,650,281,0,3
306,666,666,45,0
306,676,307,2,1
306,678,331,3,0
306,684,307,2,1
306,695,281,0,3
307,641,308,2,1
307,649,332,3,0
307,650,282,0,3
307,666,306,1,2
307,676,308,2,1
307,678,332,3,0
307,684,308,2,1
307,695,282,0,3
308,632,309,2,1
308,638,309,2,1
308,641,309,2,1
308,649,333,3,0
308,650,283,0,3
308,665,309,2,1
308,666,307,1,2
308,676,309,2,1
308,678,333,3,0
308,684,309,2,1
308,687,283,0,3
308,695,283,0,3
308,708,283,0,3
309,632,310,2,1
309,641,310,2,1
309,649,334,3,0
309,650,284,0,3
309,655,310,2,1
309,665,310,2,1
309,666,308,1,2
309,676,310,2,1
309,678,334,3,0
309,684,310,2,1
309,687,284,0,3
309,695,284,0,3
309,708,284,0,3
310,632,285,0,3
310,641,335,3,0
310,649,335,3,0
310,650,285,0,3
310,665,285,0,3
310,666,309,1,2
310,676,335,3,0
310,678,335,3,0
310,684,335,3,0
310,687,285,0,3
310,695,285,0,3
311,632,286,0,3
311,641,336,3,0
311,649,310,1,2
311,650,310,1,2
311,655,286,0,3
311,665,286,0,3
311,666,310,1,2
311,676,336,3,0
311,678,310,1,2
311,684,336,3,0
311,687,310,1,2
311,695,310,1,2
311,708,310,1,2
311,721,286,0,3
312,632,287,0,3
312,641,337,3,0
312,649,311,1,2
312,650,311,1,2
312,665,287,0,3
312,666,311,1,2
312,676,337,3,0
312,678,311,1,2
312,684,337,3,0
312,687,311,1,2
312,695,311,1,2
312,708,311,1,2
313,641,338,3,0
313,649,312,1,2
313,650,312,1,2
313,666,312,1,2
313,676,338,3,0
313,678,312,1,2
313,684,338,3,0
313,695,312,1,2
314,641,339,3,0
314,650,313,1,2
314,666,313,1,2
314,676,339,3,0
314,678,313,1,2
314,684,339,3,0
314,695,313,1,2
314,709,313,1,2
315,625,314,1,2
315,641,340,3,0
315,650,314,1,2
315,676,340,3,0
315,678,314,1,2
315,684,340,3,0
315,695,314,1,2
316,642,341,3,0
317,642,342,3,0
317,676,342,3,0
318,625,317,1,2
318,641,343,3,0
318,650,319,2,1
318,676,343,3,0
318,678,319,2,1
318,684,343,3,0
318,686,319,2,1
318,695,319,2,1
319,641,344,3,0
319,650,320,2,1
319,666,320,2,1
319,676,344,3,0
319,678,320,2,1
319,684,344,3,0
319,695,320,2,1
319,709,318,1,2
320,632,295,0,3
320,641,345,3,0
320,649,321,2,1
320,650,321,2,1
320,665,295,0,3
320,666,321,2,1
320,676,345,3,0
320,678,321,2,1
320,684,345,3,0
320,687,321,2,1
320,695,321,2,1
321,632,296,0,3
321,638,320,1,2
321,641,346,3,0
321,649,322,2,1
321,650,322,2,1
321,665,296,0,3
321,666,322,2,1
321,676,346,3,0
321,678,322,2,1
321,684,346,3,0
321,687,322,2,1
321,695,322,2,1
321,708,322,2,1
322,632,297,0,3
322,641,347,3,0
322,649,323,2,1
322,650,323,2,1
322,655,297,0,3
322,665,297,0,3
322,666,323,2,1
322,676,347,3,0
322,678,323,2,1
322,684,347,3,0
322,687,323,2,1
322,695,323,2,1
322,708,323,2,1
322,721,297,0,3
323,632,298,0,3
323,641,348,3,0
323,649,348,3,0
323,650,298,0,3
323,665,298,0,3
323,666,324,2,1
323,676,348,3,0
323,678,348,3,0
323,684,348,3,0
323,687,298,0,3
323,695,298,0,3
323,721,298,0,3
324,632,323,1,2
324,638,300,2,3
324,641,323,1,2
324,649,349,3,0
324,650,299,0,3
324,665,323,1,2
324,666,300,2,3
324,676,323,1,2
324,678,349,3,0
324,684,323,1,2
324,687,299,0,3
324,695,299,0,3
324,708,299,0,3
325,632,349,3,2
325,641,349,3,2
325,649,326,1,1
325,650,300,0,2
325,665,349,3,2
325,666,300,0,2
325,676,349,3,2
325,678,350,2,0
325,684,349,3,2
325,687,300,0,2
325,695,300,0,2
326,641,325,1,1
326,650,301,0,3
326,666,301,0,3
326,676,325,1,1
326,678,351,3,0
326,684,325,1,1
326,695,301,0,3
326,709,327,2,1
327,625,328,2,1
327,641,326,1,2
327,650,302,0,3
327,676,326,1,2
327,678,352,3,0
327,684,326,1,2
327,686,352,3,0
327,695,302,0,3
328,642,327,1,2
328,676,327,1,2
330,641,331,2,1
330,650,305,0,3
330,676,331,2,1
330,678,355,3,0
330,684,331,2,1
330,686,355,3,0
330,695,305,0,3
331,641,332,2,1
331,650,306,0,3
331,666,306,0,3
331,676,332,2,1
331,678,356,3,0
331,684,332,2,1
331,695,306,0,3
332,641,333,2,1
332,649,649,28,0
332,650,307,0,3
332,666,307,0,3
332,676,333,2,1
332,678,357,3,0
332,684,333,2,1
332,695,307,0,3
333,632,334,2,1
333,638,334,2,1
333,641,334,2,1
333,649,332,1,2
333,650,308,0,3
333,665,334,2,1
333,666,308,0,3
333,676,334,2,1
333,678,358,3,0
333,684,334,2,1
333,687,308,0,3
333,695,308,0,3
333,708,308,0,3
334,632,335,2,1
334,641,335,2,1
334,649,333,1,2
334,650,309,0,3
334,655,335,2,1
334,665,335,2,1
334,666,309,0,3
334,676,335,2,1
334,678,359,3,0
334,684,335,2,1
334,687,309,0,3
334,695,309,0,3
334,708,309,0,3
335,632,310,0,3
335,641,360,3,0
335,649,334,1,2
335,650,310,0,3
335,665,310,0,3
335,676,360,3,0
335,678,360,3,0
335,684,360,3,0
335,687,310,0,3
335,695,310,0,3
335,708,310,0,3
336,632,311,0,3
336,641,361,3,0
336,649,335,1,2
336,650,335,1,2
336,655,311,0,3
336,665,311,0,3
336,666,335,1,2
336,676,361,3,0
336,678,335,1,2
336,684,361,3,0
336,687,335,1,2
336,695,335,1,2
336,708,335,1,2
336,721,311,0,3
337,632,312,0,3
337,641,362,3,0
337,649,336,1,2
337,650,336,1,2
337,665,312,0,3
337,666,336,1,2
337,676,362,3,0
337,678,336,1,2
337,684,362,3,0
337,687,336,1,2
337,695,336,1,2
337,708,336,1,2
338,641,363,3,0
338,649,337,1,2
338,650,337,1,2
338,666,337,1,2
338,676,363,3,0
338,678,337,1,2
338,684,363,3,0
338,695,337,1,2
339,641,364,3,0
339,650,338,1,2
339,666,338,1,2
339,676,364,3,0
339,678,338,1,2
339,684,364,3,0
339,695,338,1,2
339,709,338,1,2
340,625,339,1,2
340,641,365,3,0
340,650,339,1,2
340,676,365,3,0
340,678,339,1,2
340,684,365,3,0
340,695,339,1,2
341,642,366,3,0
342,642,367,3,0
342,676,367,3,0
343,625,342,1,2
343,641,368,3,0
343,650,344,2,1
343,676,368,3,0
343,678,344,2,1
343,684,368,3,0
343,686,344,2,1
343,695,344,2,1
344,641,369,3,0
344,650,345,2,1
344,666,345,2,1
344,676,369,3,0
344,678,345,2,1
344,684,369,3,0
344,695,345,2,1
344,709,343,1,2
345,632,320,0,3
345,641,370,3,0
345,649,346,2,1
345,650,346,2,1
345,665,320,0,3
345,666,346,2,1
345,676,370,3,0
345,678,346,2,1
345,684,370,3,0
345,687,346,2,1
345,695,346,2,1
346,632,321,0,3
346,638,345,1,2
346,641,371,3,0
346,649,347,2,1
346,650,347,2,1
346,665,321,0,3
346,666,347,2,1
346,676,371,3,0
346,678,347,2,1
346,684,371,3,0
346,687,347,2,1
346,695,347,2,1
346,708,347,2,1
347,632,322,0,3
347,641,372,3,0
347,649,348,2,1
347,650,348,2,1
347,655,322,0,3
347,665,322,0,3
347,666,348,2,1
347,676,372,3,0
347,678,348,2,1
347,684,372,3,0
347,687,348,2,1
347,695,348,2,1
347,708,348,2,1
347,721,322,0,3
348,632,323,0,3
348,641,373,3,0
348,649,349,2,1
348,650,323,0,3
348,665,323,0,3
348,676,373,3,0
348,678,373,3,0
348,684,373,3,0
348,687,323,0,3
348,695,323,0,3
348,708,323,0,3
348,721,323,0,3
349,632,348,1,2
349,638,325,2,3
349,641,348,1,2
349,649,325,2,3
349,650,324,0,3
349,665,348,1,2
349,666,324,0,3
349,676,348,1,2
349,678,374,3,0
349,684,348,1,2
349,687,324,0,3
349,695,324,0,3
349,708,324,0,3
350,632,374,3,2
350,641,374,3,2
350,649,325,0,2
350,650,325,0,2
350,665,374,3,2
350,666,325,0,2
350,676,374,3,2
350,678,375,2,0
350,684,374,3,2
350,687,325,0,2
350,695,325,0,2
351,641,350,1,1
351,650,326,0,3
351,666,326,0,3
351,676,350,1,1
351,678,376,3,0
351,684,350,1,1
351,695,326,0,3
351,709,352,2,1
352,625,353,2,1
352,641,351,1,2
352,650,327,0,3
352,676,351,1,2
352,678,377,3,0
352,684,351,1,2
352,686,377,3,0
352,695,327,0,3
353,642,352,1,2
353,676,352,1,2
355,641,356,2,1
355,650,330,0,3
355,676,356,2,1
355,678,380,3,0
355,684,356,2,1
355,686,380,3,0
355,695,330,0,3
356,641,357,2,1
356,650,331,0,3
356,666,331,0,3
356,676,357,2,1
356,678,381,3,0
356,684,357,2,1
356,695,331,0,3
357,641,358,2,1
357,649,332,0,3
357,650,332,0,3
357,666,332,0,3
357,676,358,2,1
357,678,382,3,0
357,684,358,2,1
357,695,332,0,3
358,632,359,2,1
358,638,359,2,1
358,641,359,2,1
358,649,333,0,3
358,650,333,0,3
358,665,359,2,1
358,666,333,0,3
358,676,359,2,1
358,678,383,3,0
358,684,359,2,1
358,687,333,0,3
358,695,333,0,3
358,708,333,0,3
359,632,360,2,1
359,641,360,2,1
359,649,334,0,3
359,650,334,0,3
359,655,360,2,1
359,665,360,2,1
359,666,334,0,3
359,676,360,2,1
359,678,384,3,0
359,684,360,2,1
359,687,334,0,3
359,695,334,0,3
359,708,334,0,3
360,625,385,3,0
360,632,335,0,3
360,641,385,3,0
360,650,335,0,3
360,655,385,3,0
360,665,335,0,3
360,676,385,3,0
360,678,385,3,0
360,687,335,0,3
360,690,361,2,1
360,695,335,0,3
360,708,335,0,3
361,625,386,3,0
361,632,336,0,3
361,641,386,3,0
361,649,360,1,2
361,650,360,1,2
361,655,386,3,0
361,665,336,0,3
361,666,360,1,2
361,676,386,3,0
361,678,360,1,2
361,684,386,3,0
361,687,360,1,2
361,690,362,2,1
361,695,360,1,2
361,708,360,1,2
361,721,336,0,3
362,625,387,3,0
362,632,337,0,3
362,641,387,3,0
362,649,361,1,2
362,650,361,1,2
362,665,337,0,3
362,666,361,1,2
362,676,387,3,0
362,678,361,1,2
362,684,387,3,0
362,687,361,1,2
362,690,363,2,1
362,695,361,1,2
362,708,361,1,2
363,625,388,3,0
363,641,388,3,0
363,649,362,1,2
363,650,362,1,2
363,666,362,1,2
363,676,388,3,0
363,678,362,1,2
363,684,388,3,0
363,690,364,2,1
363,695,362,1,2
364,625,389,3,0
364,641,389,3,0
364,650,363,1,2
364,666,363,1,2
364,676,389,3,0
364,678,363,1,2
364,684,389,3,0
364,690,365,2,1
364,695,363,1,2
364,709,363,1,2
365,625,364,1,2
365,641,390,3,0
365,650,364,1,2
365,676,390,3,0
365,678,364,1,2
365,684,390,3,0
365,690,366,2,1
365,695,364,1,2
366,642,391,3,0
367,642,392,3,0
367,676,392,3,0
367,690,690,69,0
368,641,393,3,0
368,650,369,2,1
368,676,393,3,0
368,678,369,2,1
368,684,393,3,0
368,686,369,2,1
368,690,367,1,2
368,695,369,2,1
369,625,394,3,0
369,641,394,3,0
369,650,370,2,1
369,666,370,2,1
369,676,394,3,0
369,678,370,2,1
369,684,394,3,0
369,690,368,1,2
369,695,370,2,1
369,709,368,1,2
370,625,395,3,0
370,632,345,0,3
370,641,395,3,0
370,649,371,2,1
370,650,371,2,1
370,665,345,0,3
370,666,371,2,1
370,676,395,3,0
370,678,371,2,1
370,684,395,3,0
370,687,371,2,1
370,690,369,1,2
370,695,371,2,1
371,625,396,3,0
371,632,346,0,3
371,638,370,1,2
371,641,396,3,0
371,649,372,2,1
371,650,372,2,1
371,665,346,0,3
371,666,372,2,1
371,676,396,3,0
371,678,372,2,1
371,684,396,3,0
371,687,372,2,1
371,690,370,1,2
371,695,372,2,1
371,708,372,2,1
372,625,397,3,0
372,632,347,0,3
372,641,397,3,0
372,649,373,2,1
372,650,373,2,1
372,655,397,3,0
372,665,347,0,3
372,666,373,2,1
372,676,397,3,0
372,678,373,2,1
372,684,397,3,0
372,687,373,2,1
372,690,371,1,2
372,695,373,2,1
372,708,373,2,1
372,721,347,0,3
373,625,398,3,0
373,632,348,0,3
373,641,398,3,0
373,650,348,0,3
373,655,398,3,0
373,665,348,0,3
373,676,398,3,0
373,678,398,3,0
373,687,348,0,3
373,690,372,1,2
373,695,348,0,3
373,708,348,0,3
373,721,348,0,3
374,632,373,1,2
374,638,350,2,3
374,641,373,1,2
374,649,349,0,3
374,650,349,0,3
374,665,373,1,2
374,666,349,0,3
374,676,373,1,2
374,678,399,3,0
374,684,373,1,2
374,687,349,0,3
374,695,349,0,3
374,708,349,0,3
375,632,399,3,2
375,641,399,3,2
375,649,350,0,2
375,650,400,2,0
375,665,399,3,2
375,666,350,0,2
375,676,399,3,2
375,678,400,2,0
375,684,399,3,2
375,687,350,0,2
375,695,350,0,2
376,641,375,1,1
376,650,401,3,0
376,666,351,0,3
376,676,375,1,1
376,678,401,3,0
376,684,375,1,1
376,695,351,0,3
376,709,377,2,1
377,625,378,2,1
377,641,376,1,2
377,650,402,3,0
377,676,376,1,2
377,678,402,3,0
377,684,376,1,2
377,686,402,3,0
377,695,352,0,3
378,642,377,1,2
378,676,377,1,2
380,641,381,2,1
380,650,405,3,0
380,676,381,2,1
380,678,405,3,0
380,684,381,2,1
380,686,405,3,0
380,695,355,0,3
381,641,382,2,1
381,650,406,3,0
381,666,356,0,3
381,676,382,2,1
381,678,406,3,0
381,684,382,2,1
381,695,356,0,3
382,641,383,2,1
382,649,357,0,3
382,650,407,3,0
382,666,357,0,3
382,676,383,2,1
382,678,407,3,0
382,684,383,2,1
382,695,357,0,3
383,632,384,2,1
383,638,384,2,1
383,641,384,2,1
383,649,358,0,3
383,650,408,3,0
383,665,384,2,1
383,666,358,0,3
383,676,384,2,1
383,678,408,3,0
383,684,384,2,1
383,687,358,0,3
383,695,358,0,3
383,708,358,0,3
384,632,385,2,1
384,641,385,2,1
384,649,359,0,3
384,650,409,3,0
384,655,385,2,1
384,665,385,2,1
384,666,359,0,3
384,676,385,2,1
384,678,409,3,0
384,684,385,2,1
384,687,359,0,3
384,695,359,0,3
384,708,359,0,3
385,625,386,2,1
385,632,360,0,3
385,655,410,3,0
385,665,360,0,3
385,666,360,0,3
385,676,410,3,0
385,678,410,3,0
385,684,386,2,1
385,690,360,0,3
385,695,360,0,3
385,708,360,0,3
386,625,387,2,1
386,632,361,0,3
386,641,411,3,0
386,649,385,1,2
386,650,385,1,2
386,655,411,3,0
386,665,361,0,3
386,666,385,1,2
386,676,411,3,0
386,678,385,1,2
386,684,387,2,1
386,687,385,1,2
386,690,361,0,3
386,695,385,1,2
386,708,385,1,2
386,721,361,0,3
387,625,388,2,1
387,632,362,0,3
387,641,412,3,0
387,649,386,1,2
387,650,386,1,2
387,665,362,0,3
387,666,386,1,2
387,676,412,3,0
387,678,386,1,2
387,684,388,2,1
387,687,386,1,2
387,690,362,0,3
387,695,386,1,2
387,708,386,1,2
388,625,389,2,1
388,641,413,3,0
388,649,387,1,2
388,650,387,1,2
388,666,387,1,2
388,676,413,3,0
388,678,387,1,2
388,684,389,2,1
388,690,363,0,3
388,695,387,1,2
389,625,625,4,0
389,641,414,3,0
389,650,388,1,2
389,666,388,1,2
389,676,414,3,0
389,678,388,1,2
389,684,390,2,1
389,690,364,0,3
389,695,388,1,2
389,709,388,1,2
390,625,389,1,2
390,641,415,3,0
390,650,389,1,2
390,676,415,3,0
390,678,389,1,2
390,684,684,63,0
390,690,365,0,3
390,695,389,1,2
391,642,416,3,0
392,642,417,3,0
392,676,417,3,0
392,690,367,0,3
393,625,392,1,2
393,641,418,3,0
393,650,394,2,1
393,676,418,3,0
393,678,394,2,1
393,684,392,1,2
393,686,394,2,1
393,690,368,0,3
393,695,394,2,1
394,625,393,1,2
394,641,419,3,0
394,650,395,2,1
394,666,395,2,1
394,676,419,3,0
394,678,395,2,1
394,684,393,1,2
394,690,369,0,3
394,695,395,2,1
394,709,393,1,2
395,625,394,1,2
395,632,370,0,3
395,641,420,3,0
395,649,396,2,1
395,650,396,2,1
395,665,370,0,3
395,666,396,2,1
395,676,420,3,0
395,678,396,2,1
395,684,394,1,2
395,687,396,2,1
395,690,370,0,3
395,695,396,2,1
396,625,395,1,2
396,632,371,0,3
396,638,395,1,2
396,641,421,3,0
396,649,397,2,1
396,650,397,2,1
396,665,371,0,3
396,666,397,2,1
396,676,421,3,0
396,678,397,2,1
396,684,395,1,2
396,687,397,2,1
396,690,371,0,3
396,695,397,2,1
396,708,397,2,1
397,625,396,1,2
397,632,372,0,3
397,641,422,3,0
397,649,398,2,1
397,650,398,2,1
397,655,422,3,0
397,665,372,0,3
397,666,398,2,1
397,676,422,3,0
397,678,398,2,1
397,684,396,1,2
397,687,398,2,1
397,690,372,0,3
397,695,398,2,1
397,708,398,2,1
397,721,372,0,3
398,625,397,1,2
398,632,373,0,3
398,655,423,3,0
398,665,373,0,3
398,666,373,0,3
398,676,423,3,0
398,678,423,3,0
398,684,397,1,2
398,690,373,0,3
398,695,373,0,3
398,708,373,0,3
398,721,373,0,3
399,632,398,1,2
399,638,375,2,3
399,641,398,1,2
399,649,374,0,3
399,650,424,3,0
399,665,398,1,2
399,666,374,0,3
399,676,398,1,2
399,678,424,3,0
399,684,398,1,2
399,687,374,0,3
399,695,374,0,3
399,708,374,0,3
400,632,424,3,2
400,641,424,3,2
400,649,375,0,2
400,650,425,2,0
400,665,424,3,2
400,666,375,0,2
400,676,424,3,2
400,678,401,1,1
400,684,424,3,2
400,687,375,0,2
400,695,375,0,2
401,641,400,1,1
401,650,426,3,0
401,666,376,0,3
401,676,400,1,1
401,678,402,2,1
401,684,400,1,1
401,695,376,0,3
401,709,402,2,1
402,625,403,2,1
402,641,401,1,2
402,650,427,3,0
402,676,401,1,2
402,678,403,2,1
402,684,401,1,2
402,686,427,3,0
402,695,377,0,3
403,642,402,1,2
403,676,402,1,2
405,641,406,2,1
405,650,430,3,0
405,676,406,2,1
405,678,678,57,0
405,684,406,2,1
405,686,430,3,0
405,695,380,0,3
406,641,407,2,1
406,650,431,3,0
406,666,381,0,3
406,676,407,2,1
406,678,405,1,2
406,684,407,2,1
406,695,381,0,3
407,641,408,2,1
407,649,382,0,3
407,650,432,3,0
407,666,382,0,3
407,676,408,2,1
407,678,406,1,2
407,684,408,2,1
407,695,382,0,3
408,632,409,2,1
408,638,409,2,1
408,641,409,2,1
408,649,383,0,3
408,650,433,3,0
408,665,409,2,1
408,666,383,0,3
408,676,409,2,1
408,678,407,1,2
408,684,409,2,1
408,687,383,0,3
408,695,383,0,3
408,708,383,0,3
409,632,410,2,1
409,641,410,2,1
409,649,384,0,3
409,650,434,3,0
409,655,410,2,1
409,665,410,2,1
409,666,384,0,3
409,676,410,2,1
409,678,408,1,2
409,684,410,2,1
409,687,384,0,3
409,695,384,0,3
409,708,384,0,3
410,641,411,2,1
410,642,411,2,1
410,650,435,3,0
410,655,435,3,0
410,665,385,0,3
410,666,385,0,3
410,676,435,3,0
410,678,409,1,2
410,684,385,0,3
410,695,385,0,3
410,708,385,0,3
410,721,435,3,0
411,632,436,3,0
411,641,412,2,1
411,642,412,2,1
411,649,410,1,2
411,650,410,1,2
411,655,436,3,0
411,665,386,0,3
411,666,410,1,2
411,676,436,3,0
411,678,410,1,2
411,684,386,0,3
411,687,410,1,2
411,695,410,1,2
411,708,410,1,2
411,721,436,3,0
412,632,437,3,0
412,641,413,2,1
412,642,413,2,1
412,649,411,1,2
412,650,411,1,2
412,665,387,0,3
412,666,411,1,2
412,676,437,3,0
412,678,411,1,2
412,684,387,0,3
412,687,411,1,2
412,695,411,1,2
412,708,411,1,2
413,641,414,2,1
413,642,414,2,1
413,649,412,1,2
413,650,412,1,2
413,666,412,1,2
413,676,438,3,0
413,678,412,1,2
413,684,388,0,3
413,695,412,1,2
414,641,415,2,1
414,642,415,2,1
414,650,413,1,2
414,666,413,1,2
414,676,439,3,0
414,678,413,1,2
414,684,389,0,3
414,695,413,1,2
414,709,413,1,2
415,625,414,1,2
415,641,641,20,0
415,642,416,2,1
415,650,414,1,2
415,676,440,3,0
415,678,414,1,2
415,684,390,0,3
415,695,414,1,2
416,642,642,21,0
417,676,442,3,0
418,625,417,1,2
418,641,417,1,2
418,642,417,1,2
418,650,419,2,1
418,676,443,3,0
418,678,419,2,1
418,684,393,0,3
418,686,419,2,1
418,695,419,2,1
419,641,418,1,2
419,642,418,1,2
419,650,420,2,1
419,666,420,2,1
419,676,444,3,0
419,678,420,2,1
419,684,394,0,3
419,695,420,2,1
419,709,418,1,2
420,632,445,3,0
420,641,419,1,2
420,642,419,1,2
420,649,421,2,1
420,650,421,2,1
420,665,395,0,3
420,666,421,2,1
420,676,445,3,0
420,678,421,2,1
420,684,395,0,3
420,687,421,2,1
420,695,421,2,1
421,632,446,3,0
421,638,420,1,2
421,641,420,1,2
421,642,420,1,2
421,649,422,2,1
421,650,422,2,1
421,665,396,0,3
421,666,422,2,1
421,676,446,3,0
421,678,422,2,1
421,684,396,0,3
421,687,422,2,1
421,695,422,2,1
421,708,422,2,1
422,632,447,3,0
422,641,421,1,2
422,642,421,1,2
422,649,423,2,1
422,650,423,2,1
422,655,447,3,0
422,665,397,0,3
422,666,423,2,1
422,676,447,3,0
422,678,423,2,1
422,684,397,0,3
422,687,423,2,1
422,695,423,2,1
422,708,423,2,1
422,721,447,3,0
423,641,422,1,2
423,642,422,1,2
423,650,448,3,0
423,655,448,3,0
423,665,398,0,3
423,666,398,0,3
423,676,448,3,0
423,678,424,2,1
423,684,398,0,3
423,695,398,0,3
423,708,398,0,3
423,721,448,3,0
424,632,423,1,2
424,638,400,2,3
424,641,423,1,2
424,649,399,0,3
424,650,449,3,0
424,665,423,1,2
424,666,399,0,3
424,676,423,1,2
424,678,400,2,3
424,684,423,1,2
424,687,399,0,3
424,695,399,0,3
424,708,399,0,3
425,632,449,3,2
425,641,449,3,2
425,649,400,0,2
425,650,450,2,0
425,665,449,3,2
425,666,400,0,2
425,676,449,3,2
425,678,400,0,2
425,684,449,3,2
425,687,400,0,2
425,695,400,0,2
426,641,425,1,1
426,650,451,3,0
426,666,401,0,3
426,676,425,1,1
426,678,401,0,3
426,684,425,1,1
426,695,401,0,3
426,709,427,2,1
427,625,428,2,1
427,641,426,1,2
427,650,452,3,0
427,676,426,1,2
427,678,402,0,3
427,684,426,1,2
427,686,452,3,0
427,695,402,0,3
428,642,427,1,2
428,676,427,1,2
430,641,431,2,1
430,650,455,3,0
430,676,431,2,1
430,678,405,0,3
430,684,431,2,1
430,686,455,3,0
430,695,405,0,3
431,641,432,2,1
431,650,456,3,0
431,666,406,0,3
431,676,432,2,1
431,678,406,0,3
431,684,432,2,1
431,695,406,0,3
432,641,433,2,1
432,649,407,0,3
432,650,457,3,0
432,666,407,0,3
432,676,433,2,1
432,678,407,0,3
432,684,433,2,1
432,695,407,0,3
433,632,434,2,1
433,638,434,2,1
433,641,434,2,1
433,649,408,0,3
433,650,458,3,0
433,665,434,2,1
433,666,408,0,3
433,676,434,2,1
433,678,408,0,3
433,684,434,2,1
433,687,408,0,3
433,695,408,0,3
433,708,408,0,3
434,632,435,2,1
434,641,435,2,1
434,649,409,0,3
434,650,459,3,0
434,655,435,2,1
434,665,435,2,1
434,666,409,0,3
434,676,435,2,1
434,678,409,0,3
434,684,435,2,1
434,687,409,0,3
434,695,409,0,3
434,708,409,0,3
435,641,410,0,3
435,642,410,0,3
435,650,460,3,0
435,665,410,0,3
435,666,410,0,3
435,676,460,3,0
435,684,410,0,3
435,695,410,0,3
435,708,410,0,3
435,709,410,0,3
436,632,461,3,0
436,641,411,0,3
436,642,411,0,3
436,649,435,1,2
436,650,435,1,2
436,655,461,3,0
436,665,411,0,3
436,666,435,1,2
436,676,461,3,0
436,678,435,1,2
436,684,411,0,3
436,687,435,1,2
436,695,435,1,2
436,708,435,1,2
436,709,411,0,3
436,721,461,3,0
437,632,462,3,0
437,641,412,0,3
437,642,412,0,3
437,649,436,1,2
437,650,436,1,2
437,665,412,0,3
437,666,436,1,2
437,676,462,3,0
437,678,436,1,2
437,684,412,0,3
437,687,436,1,2
437,695,436,1,2
437,708,436,1,2
437,709,412,0,3
438,641,413,0,3
438,642,413,0,3
438,649,437,1,2
438,650,437,1,2
438,666,437,1,2
438,676,463,3,0
438,678,437,1,2
438,684,413,0,3
438,695,437,1,2
438,709,413,0,3
439,641,414,0,3
439,642,414,0,3
439,650,438,1,2
439,666,438,1,2
439,676,464,3,0
439,678,438,1,2
439,684,414,0,3
439,695,438,1,2
439,709,438,1,2
440,625,439,1,2
440,641,415,0,3
440,642,415,0,3
440,650,439,1,2
440,676,465,3,0
440,678,439,1,2
440,684,415,0,3
440,695,439,1,2
441,642,416,0,3
442,642,417,0,3
442,676,467,3,0
443,625,442,1,2
443,641,418,0,3
443,642,418,0,3
443,650,444,2,1
443,676,468,3,0
443,678,444,2,1
443,684,418,0,3
443,686,444,2,1
443,695,444,2,1
444,641,419,0,3
444,642,419,0,3
444,650,445,2,1
444,666,445,2,1
444,676,469,3,0
444,678,445,2,1
444,684,419,0,3
444,695,445,2,1
444,709,443,1,2
445,632,470,3,0
445,641,420,0,3
445,642,420,0,3
445,649,446,2,1
445,650,446,2,1
445,665,420,0,3
445,666,446,2,1
445,676,470,3,0
445,678,446,2,1
445,684,420,0,3
445,687,446,2,1
445,695,446,2,1
445,709,420,0,3
446,632,471,3,0
446,638,445,1,2
446,641,421,0,3
446,642,421,0,3
446,649,447,2,1
446,650,447,2,1
446,665,421,0,3
446,666,447,2,1
446,676,471,3,0
446,678,447,2,1
446,684,421,0,3
446,687,447,2,1
446,695,447,2,1
446,708,447,2,1
446,709,421,0,3
447,632,472,3,0
447,641,422,0,3
447,642,422,0,3
447,649,448,2,1
447,650,448,2,1
447,655,472,3,0
447,665,422,0,3
447,666,448,2,1
447,676,472,3,0
447,678,448,2,1
447,684,422,0,3
447,687,448,2,1
447,695,448,2,1
447,708,448,2,1
447,709,422,0,3
447,721,472,3,0
448,641,423,0,3
448,642,423,0,3
448,650,473,3,0
448,665,423,0,3
448,666,423,0,3
448,676,473,3,0
448,684,423,0,3
448,695,423,0,3
448,708,423,0,3
448,709,423,0,3
448,721,473,3,0
449,632,448,1,2
449,638,425,2,3
449,641,448,1,2
449,649,424,0,3
449,650,474,3,0
449,665,448,1,2
449,666,424,0,3
449,676,448,1,2
449,678,424,0,3
449,684,448,1,2
449,687,424,0,3
449,695,424,0,3
449,708,424,0,3
450,632,474,3,2
450,641,474,3,2
450,649,425,0,2
450,650,475,2,0
450,665,474,3,2
450,666,425,0,2
450,676,474,3,2
450,678,425,0,2
450,684,474,3,2
450,687,425,0,2
450,695,425,0,2
451,641,450,1,1
451,650,476,3,0
451,666,426,0,3
451,676,450,1,1
451,678,426,0,3
451,684,450,1,1
451,695,426,0,3
451,709,452,2,1
452,625,453,2,1
452,641,451,1,2
452,650,477,3,0
452,676,451,1,2
452,678,427,0,3
452,684,451,1,2
452,686,477,3,0
452,695,427,0,3
453,642,452,1,2
453,676,452,1,2
455,641,456,2,1
455,650,480,3,0
455,676,456,2,1
455,678,430,0,3
455,684,456,2,1
455,686,480,3,0
455,695,430,0,3
456,641,457,2,1
456,650,481,3,0
456,666,431,0,3
456,676,457,2,1
456,678,431,0,3
456,684,457,2,1
456,695,431,0,3
457,641,458,2,1
457,649,432,0,3
457,650,482,3,0
457,666,432,0,3
457,676,458,2,1
457,678,432,0,3
457,684,458,2,1
457,695,432,0,3
458,632,459,2,1
458,638,459,2,1
458,641,459,2,1
458,649,433,0,3
458,650,483,3,0
458,665,459,2,1
458,666,433,0,3
458,676,459,2,1
458,678,433,0,3
458,684,459,2,1
458,687,433,0,3
458,695,433,0,3
458,708,433,0,3
459,632,460,2,1
459,641,460,2,1
459,649,434,0,3
459,650,484,3,0
459,655,460,2,1
459,665,460,2,1
459,666,434,0,3
459,676,460,2,1
459,678,434,0,3
459,684,460,2,1
459,687,434,0,3
459,695,434,0,3
459,708,434,0,3
460,641,435,0,3
460,649,435,0,3
460,650,485,3,0
460,666,435,0,3
460,676,485,3,0
460,678,435,0,3
460,684,435,0,3
460,695,435,0,3
460,708,435,0,3
461,632,486,3,0
461,641,436,0,3
461,649,460,1,2
461,650,460,1,2
461,655,486,3,0
461,665,486,3,0
461,666,460,1,2
461,676,486,3,0
461,678,460,1,2
461,684,436,0,3
461,687,460,1,2
461,695,460,1,2
461,708,460,1,2
461,721,486,3,0
462,632,487,3,0
462,641,437,0,3
462,649,461,1,2
462,650,461,1,2
462,665,487,3,0
462,666,461,1,2
462,676,487,3,0
462,678,461,1,2
462,684,437,0,3
462,687,461,1,2
462,695,461,1,2
462,708,461,1,2
463,641,438,0,3
463,649,462,1,2
463,650,462,1,2
463,666,462,1,2
463,676,488,3,0
463,678,462,1,2
463,684,438,0,3
463,695,462,1,2
464,641,439,0,3
464,650,463,1,2
464,666,463,1,2
464,676,489,3,0
464,678,463,1,2
464,684,439,0,3
464,695,463,1,2
464,709,463,1,2
465,625,464,1,2
465,641,440,0,3
465,650,464,1,2
465,676,490,3,0
465,678,464,1,2
465,684,440,0,3
465,695,464,1,2
466,642,441,0,3
467,642,442,0,3
467,676,492,3,0
468,625,467,1,2
468,641,443,0,3
468,650,469,2,1
468,676,493,3,0
468,678,469,2,1
468,684,443,0,3
468,686,469,2,1
468,695,469,2,1
469,641,444,0,3
469,650,470,2,1
469,666,470,2,1
469,676,494,3,0
469,678,470,2,1
469,684,444,0,3
469,695,470,2,1
469,709,468,1,2
470,632,495,3,0
470,641,445,0,3
470,649,471,2,1
470,650,471,2,1
470,665,495,3,0
470,666,471,2,1
470,676,495,3,0
470,678,471,2,1
470,684,445,0,3
470,687,471,2,1
470,695,471,2,1
471,632,496,3,0
471,638,470,1,2
471,641,446,0,3
471,649,472,2,1
471,650,472,2,1
471,665,496,3,0
471,666,472,2,1
471,676,496,3,0
471,678,472,2,1
471,684,446,0,3
471,687,472,2,1
471,695,472,2,1
471,708,472,2,1
472,632,497,3,0
472,641,447,0,3
472,649,473,2,1
472,650,473,2,1
472,655,497,3,0
472,665,497,3,0
472,666,473,2,1
472,676,497,3,0
472,678,473,2,1
472,684,447,0,3
472,687,473,2,1
472,695,473,2,1
472,708,473,2,1
472,721,497,3,0
473,641,448,0,3
473,649,448,0,3
473,650,498,3,0
473,666,448,0,3
473,676,498,3,0
473,678,448,0,3
473,684,448,0,3
473,695,448,0,3
473,708,448,0,3
473,721,498,3,0
474,632,473,1,2
474,638,450,2,3
474,641,473,1,2
474,649,449,0,3
474,650,499,3,0
474,665,473,1,2
474,666,449,0,3
474,676,473,1,2
474,678,449,0,3
474,684,473,1,2
474,687,449,0,3
474,695,449,0,3
474,708,449,0,3
475,632,499,3,2
475,641,499,3,2
475,649,450,0,2
475,650,500,2,0
475,665,499,3,2
475,666,450,0,2
475,676,499,3,2
475,678,450,0,2
475,684,499,3,2
475,687,450,0,2
475,695,450,0,2
476,641,475,1,1
476,650,501,3,0
476,666,451,0,3
476,676,475,1,1
476,678,451,0,3
476,684,475,1,1
476,695,451,0,3
476,709,477,2,1
477,625,478,2,1
477,641,476,1,2
477,650,502,3,0
477,676,476,1,2
477,678,452,0,3
477,684,476,1,2
477,686,502,3,0
477,695,452,0,3
478,642,477,1,2
478,676,477,1,2
480,641,481,2,1
480,650,505,3,0
480,676,481,2,1
480,678,455,0,3
480,684,481,2,1
480,686,505,3,0
480,695,455,0,3
481,641,482,2,1
481,650,506,3,0
481,666,456,0,3
481,676,482,2,1
481,678,456,0,3
481,684,482,2,1
481,695,456,0,3
482,641,483,2,1
482,649,457,0,3
482,650,507,3,0
482,666,457,0,3
482,676,483,2,1
482,678,457,0,3
482,684,483,2,1
482,695,457,0,3
483,632,484,2,1
483,638,484,2,1
483,641,484,2,1
483,649,458,0,3
483,650,508,3,0
483,665,484,2,1
483,666,458,0,3
483,676,484,2,1
483,678,458,0,3
483,684,484,2,1
483,687,458,0,3
483,695,458,0,3
483,708,508,3,0
484,632,485,2,1
484,641,485,2,1
484,649,459,0,3
484,650,509,3,0
484,655,485,2,1
484,665,485,2,1
484,666,459,0,3
484,676,485,2,1
484,678,459,0,3
484,684,485,2,1
484,687,459,0,3
484,695,459,0,3
484,708,509,3,0
485,641,460,0,3
485,649,460,0,3
485,650,510,3,0
485,666,460,0,3
485,676,510,3,0
485,678,460,0,3
485,684,460,0,3
485,695,460,0,3
486,632,511,3,0
486,641,461,0,3
486,649,485,1,2
486,650,485,1,2
486,655,511,3,0
486,665,511,3,0
486,666,485,1,2
486,676,511,3,0
486,678,485,1,2
486,684,461,0,3
486,687,485,1,2
486,695,485,1,2
486,708,485,1,2
486,721,511,3,0
487,632,512,3,0
487,641,462,0,3
487,649,486,1,2
487,650,486,1,2
487,665,512,3,0
487,666,486,1,2
487,676,512,3,0
487,678,486,1,2
487,684,462,0,3
487,687,486,1,2
487,695,486,1,2
487,708,486,1,2
488,641,463,0,3
488,649,487,1,2
488,650,487,1,2
488,666,487,1,2
488,676,513,3,0
488,678,487,1,2
488,684,463,0,3
488,695,487,1,2
489,641,464,0,3
489,650,488,1,2
489,666,488,1,2
489,676,514,3,0
489,678,488,1,2
489,684,464,0,3
489,695,488,1,2
489,709,488,1,2
490,625,489,1,2
490,641,465,0,3
490,650,489,1,2
490,676,515,3,0
490,678,489,1,2
490,684,465,0,3
490,695,489,1,2
491,642,466,0,3
492,642,467,0,3
492,676,517,3,0
493,625,492,1,2
493,641,468,0,3
493,650,494,2,1
493,676,518,3,0
493,678,494,2,1
493,684,468,0,3
493,686,494,2,1
493,695,494,2,1
494,641,469,0,3
494,650,495,2,1
494,666,495,2,1
494,676,519,3,0
494,678,495,2,1
494,684,469,0,3
494,695,495,2,1
494,709,493,1,2
495,632,520,3,0
495,641,470,0,3
495,649,496,2,1
495,650,496,2,1
495,665,520,3,0
495,666,496,2,1
495,676,520,3,0
495,678,496,2,1
495,684,470,0,3
495,687,496,2,1
495,695,496,2,1
496,632,521,3,0
496,638,495,1,2
496,641,471,0,3
496,649,497,2,1
496,650,497,2,1
496,665,521,3,0
496,666,497,2,1
496,676,521,3,0
496,678,497,2,1
496,684,471,0,3
496,687,497,2,1
496,695,497,2,1
496,708,497,2,1
497,632,522,3,0
497,641,472,0,3
497,649,498,2,1
497,650,498,2,1
497,655,522,3,0
497,665,522,3,0
497,666,498,2,1
497,676,522,3,0
497,678,498,2,1
497,684,472,0,3
497,687,498,2,1
497,695,498,2,1
497,708,498,2,1
497,721,522,3,0
498,641,473,0,3
498,649,473,0,3
498,650,523,3,0
498,666,473,0,3
498,676,523,3,0
498,678,473,0,3
498,684,473,0,3
498,695,473,0,3
498,721,523,3,0
499,632,498,1,2
499,638,475,2,3
499,641,498,1,2
499,649,474,0,3
499,650,524,3,0
499,665,498,1,2
499,666,474,0,3
499,676,498,1,2
499,678,474,0,3
499,684,498,1,2
499,687,474,0,3
499,695,474,0,3
499,708,524,3,0
500,632,524,3,2
500,641,524,3,2
500,649,475,0,2
500,650,525,2,0
500,665,524,3,2
500,666,475,0,2
500,676,524,3,2
500,678,475,0,2
500,684,524,3,2
500,687,525,2,0
500,695,475,0,2
501,641,500,1,1
501,650,526,3,0
501,666,476,0,3
501,676,500,1,1
501,678,476,0,3
501,684,500,1,1
501,695,476,0,3
501,709,502,2,1
502,625,503,2,1
502,641,501,1,2
502,650,527,3,0
502,676,501,1,2
502,678,477,0,3
502,684,501,1,2
502,686,527,3,0
502,695,477,0,3
503,642,502,1,2
503,676,502,1,2
505,641,506,2,1
505,650,530,3,0
505,676,506,2,1
505,678,480,0,3
505,684,506,2,1
505,686,530,3,0
505,695,480,0,3
506,641,507,2,1
506,650,531,3,0
506,666,481,0,3
506,676,507,2,1
506,678,481,0,3
506,684,507,2,1
506,695,481,0,3
507,641,508,2,1
507,649,482,0,3
507,650,532,3,0
507,666,482,0,3
507,676,508,2,1
507,678,482,0,3
507,684,508,2,1
507,695,482,0,3
508,632,509,2,1
508,638,509,2,1
508,641,509,2,1
508,649,483,0,3
508,650,533,3,0
508,665,509,2,1
508,666,483,0,3
508,676,509,2,1
508,678,483,0,3
508,684,509,2,1
508,687,533,3,0
508,695,483,0,3
508,708,533,3,0
509,632,510,2,1
509,638,638,17,0
509,641,510,2,1
509,649,484,0,3
509,650,534,3,0
509,655,510,2,1
509,665,510,2,1
509,666,484,0,3
509,676,510,2,1
509,678,484,0,3
509,684,510,2,1
509,687,534,3,0
509,695,484,0,3
509,708,534,3,0
510,638,509,1,2
510,641,485,0,3
510,649,485,0,3
510,650,535,3,0
510,666,485,0,3
510,676,535,3,0
510,678,485,0,3
510,684,485,0,3
510,687,535,3,0
510,695,485,0,3
511,632,536,3,0
511,641,486,0,3
511,649,510,1,2
511,650,510,1,2
511,655,536,3,0
511,665,536,3,0
511,666,510,1,2
511,676,536,3,0
511,678,510,1,2
511,684,486,0,3
511,687,510,1,2
511,695,510,1,2
511,708,510,1,2
511,721,536,3,0
512,632,537,3,0
512,641,487,0,3
512,649,511,1,2
512,650,511,1,2
512,665,537,3,0
512,666,511,1,2
512,676,537,3,0
512,678,511,1,2
512,684,487,0,3
512,687,511,1,2
512,695,511,1,2
512,708,511,1,2
513,641,488,0,3
513,649,512,1,2
513,650,512,1,2
513,666,512,1,2
513,676,538,3,0
513,678,512,1,2
513,684,488,0,3
513,695,512,1,2
514,641,489,0,3
514,650,513,1,2
514,666,513,1,2
514,676,539,3,0
514,678,513,1,2
514,684,489,0,3
514,695,513,1,2
514,709,513,1,2
515,625,514,1,2
515,641,490,0,3
515,650,514,1,2
515,676,540,3,0
515,678,514,1,2
515,684,490,0,3
515,695,514,1,2
516,642,491,0,3
517,642,492,0,3
517,676,542,3,0
518,625,517,1,2
518,641,493,0,3
518,650,519,2,1
518,676,543,3,0
518,678,519,2,1
518,684,493,0,3
518,686,519,2,1
518,695,519,2,1
519,641,494,0,3
519,650,520,2,1
519,666,520,2,1
519,676,544,3,0
519,678,520,2,1
519,684,494,0,3
519,695,520,2,1
519,709,518,1,2
520,632,545,3,0
520,641,495,0,3
520,649,521,2,1
520,650,521,2,1
520,665,545,3,0
520,666,521,2,1
520,676,545,3,0
520,678,521,2,1
520,684,495,0,3
520,687,521,2,1
520,695,521,2,1
521,632,546,3,0
521,638,520,1,2
521,641,496,0,3
521,649,522,2,1
521,650,522,2,1
521,665,546,3,0
521,666,522,2,1
521,676,546,3,0
521,678,522,2,1
521,684,496,0,3
521,687,522,2,1
521,695,522,2,1
521,708,522,2,1
522,632,547,3,0
522,641,497,0,3
522,649,523,2,1
522,650,523,2,1
522,655,547,3,0
522,665,547,3,0
522,666,523,2,1
522,676,547,3,0
522,678,523,2,1
522,684,497,0,3
522,687,523,2,1
522,695,523,2,1
522,708,523,2,1
522,721,547,3,0
523,638,524,2,1
523,641,498,0,3
523,649,498,0,3
523,650,548,3,0
523,666,498,0,3
523,676,548,3,0
523,678,498,0,3
523,684,498,0,3
523,687,548,3,0
523,695,498,0,3
523,721,548,3,0
524,632,523,1,2
524,638,500,2,3
524,641,523,1,2
524,649,499,0,3
524,650,549,3,0
524,665,523,1,2
524,666,499,0,3
524,676,523,1,2
524,678,499,0,3
524,684,523,1,2
524,687,549,3,0
524,695,499,0,3
524,708,549,3,0
525,632,549,3,2
525,641,549,3,2
525,649,500,0,2
525,650,550,2,0
525,665,549,3,2
525,666,500,0,2
525,676,549,3,2
525,678,500,0,2
525,684,549,3,2
525,687,550,2,0
525,695,500,0,2
526,641,525,1,1
526,650,551,3,0
526,666,501,0,3
526,676,525,1,1
526,678,501,0,3
526,684,525,1,1
526,695,501,0,3
526,709,527,2,1
527,625,528,2,1
527,641,526,1,2
527,650,552,3,0
527,676,526,1,2
527,678,502,0,3
527,684,526,1,2
527,695,502,0,3
528,642,527,1,2
528,676,527,1,2
530,641,531,2,1
530,650,555,3,0
530,676,531,2,1
530,678,505,0,3
530,684,531,2,1
530,686,686,65,0
530,695,505,0,3
531,641,532,2,1
531,650,556,3,0
531,666,506,0,3
531,676,532,2,1
531,678,506,0,3
531,684,532,2,1
531,686,530,1,2
531,695,506,0,3
532,641,533,2,1
532,649,507,0,3
532,650,557,3,0
532,666,507,0,3
532,676,533,2,1
532,678,507,0,3
532,684,533,2,1
532,695,507,0,3
533,632,534,2,1
533,638,534,2,1
533,641,534,2,1
533,649,508,0,3
533,650,558,3,0
533,665,534,2,1
533,666,508,0,3
533,676,534,2,1
533,678,508,0,3
533,684,534,2,1
533,687,558,3,0
533,695,508,0,3
533,708,558,3,0
534,632,535,2,1
534,638,509,0,3
534,641,535,2,1
534,649,509,0,3
534,650,559,3,0
534,655,535,2,1
534,665,535,2,1
534,666,509,0,3
534,676,535,2,1
534,678,509,0,3
534,684,535,2,1
534,687,559,3,0
534,695,509,0,3
534,708,559,3,0
535,632,560,3,0
535,638,510,0,3
535,641,510,0,3
535,649,510,0,3
535,650,560,3,0
535,666,510,0,3
535,676,560,3,0
535,678,510,0,3
535,684,510,0,3
535,687,560,3,0
535,695,510,0,3
536,632,561,3,0
536,641,511,0,3
536,649,535,1,2
536,650,535,1,2
536,655,561,3,0
536,665,561,3,0
536,666,535,1,2
536,676,561,3,0
536,678,535,1,2
536,684,511,0,3
536,687,535,1,2
536,695,535,1,2
536,708,535,1,2
536,721,561,3,0
537,632,562,3,0
537,641,512,0,3
537,649,536,1,2
537,650,536,1,2
537,665,562,3,0
537,666,536,1,2
537,676,562,3,0
537,678,536,1,2
537,684,512,0,3
537,687,536,1,2
537,695,536,1,2
537,708,536,1,2
538,641,513,0,3
538,649,537,1,2
538,650,537,1,2
538,666,537,1,2
538,676,563,3,0
538,678,537,1,2
538,684,513,0,3
538,695,537,1,2
539,641,514,0,3
539,650,538,1,2
539,666,538,1,2
539,676,564,3,0
539,678,538,1,2
539,684,514,0,3
539,695,538,1,2
539,709,538,1,2
540,625,539,1,2
540,641,515,0,3
540,650,539,1,2
540,676,565,3,0
540,678,539,1,2
540,684,515,0,3
540,695,539,1,2
541,642,516,0,3
542,642,517,0,3
542,676,567,3,0
543,625,542,1,2
543,641,518,0,3
543,650,544,2,1
543,676,568,3,0
543,678,544,2,1
543,684,518,0,3
543,686,544,2,1
543,695,544,2,1
544,641,519,0,3
544,650,545,2,1
544,666,545,2,1
544,676,569,3,0
544,678,545,2,1
544,684,519,0,3
544,695,545,2,1
544,709,543,1,2
545,632,570,3,0
545,641,520,0,3
545,649,546,2,1
545,650,546,2,1
545,665,570,3,0
545,666,546,2,1
545,676,570,3,0
545,678,546,2,1
545,684,520,0,3
545,687,546,2,1
545,695,546,2,1
546,632,571,3,0
546,638,545,1,2
546,641,521,0,3
546,649,547,2,1
546,650,547,2,1
546,665,571,3,0
546,666,547,2,1
546,676,571,3,0
546,678,547,2,1
546,684,521,0,3
546,687,547,2,1
546,695,547,2,1
546,708,547,2,1
547,632,572,3,0
547,641,522,0,3
547,649,548,2,1
547,650,548,2,1
547,655,572,3,0
547,665,572,3,0
547,666,548,2,1
547,676,572,3,0
547,678,548,2,1
547,684,522,0,3
547,687,548,2,1
547,695,548,2,1
547,708,548,2,1
547,721,572,3,0
548,632,573,3,0
548,638,523,0,3
548,641,523,0,3
548,649,523,0,3
548,650,573,3,0
548,666,523,0,3
548,676,573,3,0
548,678,523,0,3
548,684,523,0,3
548,687,573,3,0
548,695,523,0,3
548,721,573,3,0
549,632,548,1,2
549,641,548,1,2
549,649,524,0,3
549,650,574,3,0
549,665,548,1,2
549,666,524,0,3
549,676,548,1,2
549,678,524,0,3
549,684,548,1,2
549,687,574,3,0
549,695,524,0,3
549,708,574,3,0
550,632,574,3,2
550,641,574,3,2
550,649,525,0,2
550,650,575,2,0
550,665,574,3,2
550,666,525,0,2
550,676,574,3,2
550,678,525,0,2
550,684,574,3,2
550,687,575,2,0
550,695,575,2,0
551,641,550,1,1
551,650,576,3,0
551,666,526,0,3
551,676,550,1,1
551,678,526,0,3
551,684,550,1,1
551,695,576,3,0
551,709,552,2,1
552,625,553,2,1
552,641,551,1,2
552,650,577,3,0
552,676,551,1,2
552,678,527,0,3
552,684,551,1,2
552,686,527,0,3
552,695,577,3,0
553,642,552,1,2
553,676,552,1,2
555,641,556,2,1
555,650,580,3,0
555,676,556,2,1
555,678,530,0,3
555,684,556,2,1
555,686,530,0,3
555,695,580,3,0
556,641,557,2,1
556,650,581,3,0
556,666,531,0,3
556,676,557,2,1
556,678,531,0,3
556,684,557,2,1
556,695,581,3,0
557,641,558,2,1
557,649,532,0,3
557,650,582,3,0
557,666,532,0,3
557,676,558,2,1
557,678,532,0,3
557,684,558,2,1
557,695,582,3,0
558,632,559,2,1
558,638,559,2,1
558,641,559,2,1
558,649,533,0,3
558,650,583,3,0
558,665,559,2,1
558,666,533,0,3
558,676,559,2,1
558,678,533,0,3
558,684,559,2,1
558,687,583,3,0
558,695,583,3,0
558,708,583,3,0
559,632,560,2,1
559,641,560,2,1
559,649,534,0,3
559,650,584,3,0
559,655,560,2,1
559,665,560,2,1
559,666,534,0,3
559,676,560,2,1
559,678,534,0,3
559,684,560,2,1
559,687,584,3,0
559,695,584,3,0
559,708,584,3,0
560,632,585,3,0
560,641,535,0,3
560,649,535,0,3
560,650,585,3,0
560,666,535,0,3
560,676,585,3,0
560,678,535,0,3
560,684,535,0,3
560,687,585,3,0
561,632,586,3,0
561,641,536,0,3
561,649,560,1,2
561,650,560,1,2
561,655,586,3,0
561,665,586,3,0
561,666,560,1,2
561,676,586,3,0
561,678,560,1,2
561,684,536,0,3
561,687,560,1,2
561,695,560,1,2
561,708,560,1,2
561,721,586,3,0
562,632,587,3,0
562,641,537,0,3
562,649,561,1,2
562,650,561,1,2
562,665,587,3,0
562,666,561,1,2
562,676,587,3,0
562,678,561,1,2
562,684,537,0,3
562,687,561,1,2
562,695,561,1,2
562,708,561,1,2
563,641,538,0,3
563,649,562,1,2
563,650,562,1,2
563,666,562,1,2
563,676,588,3,0
563,678,562,1,2
563,684,538,0,3
563,695,562,1,2
564,641,539,0,3
564,650,563,1,2
564,666,563,1,2
564,676,589,3,0
564,678,563,1,2
564,684,539,0,3
564,695,563,1,2
564,709,563,1,2
565,625,564,1,2
565,641,540,0,3
565,650,564,1,2
565,676,590,3,0
565,678,564,1,2
565,684,540,0,3
565,695,564,1,2
566,642,541,0,3
567,642,542,0,3
567,676,592,3,0
568,625,567,1,2
568,641,543,0,3
568,650,569,2,1
568,676,593,3,0
568,678,569,2,1
568,684,543,0,3
568,686,569,2,1
568,695,569,2,1
569,641,544,0,3
569,650,570,2,1
569,666,570,2,1
569,676,594,3,0
569,678,570,2,1
569,684,544,0,3
569,695,570,2,1
569,709,568,1,2
570,632,595,3,0
570,641,545,0,3
570,649,571,2,1
570,650,571,2,1
570,665,595,3,0
570,666,571,2,1
570,676,595,3,0
570,678,571,2,1
570,684,545,0,3
570,687,571,2,1
570,695,571,2,1
571,632,596,3,0
571,638,570,1,2
571,641,546,0,3
571,649,572,2,1
571,650,572,2,1
571,665,596,3,0
571,666,572,2,1
571,676,596,3,0
571,678,572,2,1
571,684,546,0,3
571,687,572,2,1
571,695,572,2,1
571,708,572,2,1
572,632,597,3,0
572,641,547,0,3
572,649,573,2,1
572,650,573,2,1
572,655,597,3,0
572,665,597,3,0
572,666,573,2,1
572,676,597,3,0
572,678,573,2,1
572,684,547,0,3
572,687,573,2,1
572,695,573,2,1
572,708,573,2,1
572,721,597,3,0
573,632,598,3,0
573,641,548,0,3
573,649,548,0,3
573,650,598,3,0
573,666,548,0,3
573,676,598,3,0
573,678,548,0,3
573,684,548,0,3
573,687,598,3,0
573,721,598,3,0
574,632,573,1,2
574,638,550,2,3
574,641,573,1,2
574,649,549,0,3
574,650,599,3,0
574,665,573,1,2
574,666,549,0,3
574,676,573,1,2
574,678,549,0,3
574,684,573,1,2
574,687,599,3,0
574,695,599,3,0
574,708,599,3,0
575,632,599,3,2
575,641,599,3,2
575,649,550,0,2
575,650,600,2,0
575,665,599,3,2
575,666,550,0,2
575,676,599,3,2
575,678,550,0,2
575,684,599,3,2
575,687,600,2,0
575,695,600,2,0
576,641,575,1,1
576,650,601,3,0
576,666,551,0,3
576,676,575,1,1
576,678,551,0,3
576,684,575,1,1
576,695,601,3,0
576,709,577,2,1
577,625,578,2,1
577,641,576,1,2
577,650,602,3,0
577,676,576,1,2
577,678,552,0,3
577,684,576,1,2
577,686,552,0,3
577,695,602,3,0
578,642,577,1,2
578,676,577,1,2
580,641,581,2,1
580,650,605,3,0
580,676,581,2,1
580,678,555,0,3
580,684,581,2,1
580,686,555,0,3
580,695,605,3,0
581,641,582,2,1
581,650,606,3,0
581,666,556,0,3
581,676,582,2,1
581,678,556,0,3
581,684,582,2,1
581,695,606,3,0
582,641,583,2,1
582,649,557,0,3
582,650,607,3,0
582,666,557,0,3
582,676,583,2,1
582,678,557,0,3
582,684,583,2,1
582,695,607,3,0
583,632,584,2,1
583,638,584,2,1
583,641,584,2,1
583,649,558,0,3
583,650,608,3,0
583,665,584,2,1
583,666,558,0,3
583,676,584,2,1
583,678,558,0,3
583,684,584,2,1
583,687,608,3,0
583,695,608,3,0
583,708,608,3,0
584,632,585,2,1
584,641,585,2,1
584,649,559,0,3
584,650,609,3,0
584,655,585,2,1
584,665,585,2,1
584,666,559,0,3
584,676,585,2,1
584,678,559,0,3
584,684,585,2,1
584,687,609,3,0
584,695,609,3,0
584,708,609,3,0
585,632,610,3,0
585,641,560,0,3
585,649,560,0,3
585,650,610,3,0
585,665,610,3,0
585,666,560,0,3
585,676,586,2,1
585,678,560,0,3
585,684,560,0,3
585,687,610,3,0
585,695,610,3,0
586,632,611,3,0
586,641,561,0,3
586,649,585,1,2
586,650,585,1,2
586,655,611,3,0
586,665,611,3,0
586,666,585,1,2
586,676,587,2,1
586,678,585,1,2
586,684,561,0,3
586,687,585,1,2
586,695,585,1,2
586,708,585,1,2
586,721,611,3,0
587,632,612,3,0
587,641,562,0,3
587,649,586,1,2
587,650,586,1,2
587,665,612,3,0
587,666,586,1,2
587,676,588,2,1
587,678,586,1,2
587,684,562,0,3
587,687,586,1,2
587,695,586,1,2
587,708,586,1,2
588,641,563,0,3
588,649,587,1,2
588,650,587,1,2
588,666,587,1,2
588,676,589,2,1
588,678,587,1,2
588,684,563,0,3
588,695,587,1,2
589,641,564,0,3
589,650,588,1,2
589,666,588,1,2
589,676,590,2,1
589,678,588,1,2
589,684,564,0,3
589,695,588,1,2
589,709,588,1,2
590,625,589,1,2
590,641,565,0,3
590,650,589,1,2
590,676,591,2,1
590,678,589,1,2
590,684,565,0,3
590,695,589,1,2
591,642,566,0,3
592,642,567,0,3
592,676,676,55,0
593,625,592,1,2
593,641,568,0,3
593,650,594,2,1
593,676,592,1,2
593,678,594,2,1
593,684,568,0,3
593,686,594,2,1
593,695,594,2,1
594,641,569,0,3
594,650,595,2,1
594,666,595,2,1
594,676,593,1,2
594,678,595,2,1
594,684,569,0,3
594,695,595,2,1
594,709,593,1,2
595,632,620,3,0
595,641,570,0,3
595,649,596,2,1
595,650,596,2,1
595,665,620,3,0
595,666,596,2,1
595,676,594,1,2
595,678,596,2,1
595,684,570,0,3
595,687,596,2,1
595,695,596,2,1
596,632,621,3,0
596,638,595,1,2
596,641,571,0,3
596,649,597,2,1
596,650,597,2,1
596,665,621,3,0
596,666,597,2,1
596,676,595,1,2
596,678,597,2,1
596,684,571,0,3
596,687,597,2,1
596,695,597,2,1
596,708,597,2,1
597,632,622,3,0
597,641,572,0,3
597,649,598,2,1
597,650,598,2,1
597,655,622,3,0
597,665,622,3,0
597,666,598,2,1
597,676,596,1,2
597,678,598,2,1
597,684,572,0,3
597,687,598,2,1
597,695,598,2,1
597,708,598,2,1
597,721,622,3,0
598,632,623,3,0
598,641,573,0,3
598,649,573,0,3
598,650,623,3,0
598,665,623,3,0
598,666,573,0,3
598,676,597,1,2
598,678,573,0,3
598,684,573,0,3
598,687,623,3,0
598,695,623,3,0
598,721,623,3,0
599,632,598,1,2
599,638,575,2,3
599,641,598,1,2
599,649,574,0,3
599,650,624,3,0
599,665,598,1,2
599,666,574,0,3
599,676,598,1,2
599,678,574,0,3
599,684,598,1,2
599,687,624,3,0
599,695,624,3,0
599,708,624,3,0
600,632,624,3,2
600,641,624,3,2
600,649,575,0,2
600,650,0,2,3
600,665,624,3,2
600,666,575,0,2
600,676,624,3,2
600,678,575,0,2
600,684,624,3,2
600,687,0,2,3
600,695,0,2,3
601,641,600,1,1
601,650,1,3,3
601,666,576,0,3
601,676,600,1,1
601,678,576,0,3
601,684,600,1,1
601,695,1,3,3
601,709,602,2,1
602,625,603,2,1
602,641,601,1,2
602,650,2,3,3
602,676,601,1,2
602,678,577,0,3
602,684,601,1,2
602,686,577,0,3
602,695,2,3,3
603,642,602,1,2
603,676,602,1,2
605,641,606,2,1
605,650,5,3,3
605,676,606,2,1
605,678,580,0,3
605,684,606,2,1
605,686,580,0,3
605,695,5,3,3
606,641,607,2,1
606,650,6,3,3
606,666,581,0,3
606,676,607,2,1
606,678,581,0,3
606,684,607,2,1
606,695,6,3,3
607,641,608,2,1
607,649,582,0,3
607,650,7,3,3
607,666,582,0,3
607,676,608,2,1
607,678,582,0,3
607,684,608,2,1
607,695,7,3,3
608,632,609,2,1
608,638,609,2,1
608,641,609,2,1
608,649,583,0,3
608,650,8,3,3
608,665,609,2,1
608,666,583,0,3
608,676,609,2,1
608,678,583,0,3
608,684,609,2,1
608,687,8,3,3
608,695,8,3,3
608,708,8,3,3
609,632,610,2,1
609,641,610,2,1
609,649,584,0,3
609,650,9,3,3
609,655,610,2,1
609,665,610,2,1
609,666,584,0,3
609,676,610,2,1
609,678,584,0,3
609,684,610,2,1
609,687,9,3,3
609,695,9,3,3
609,708,9,3,3
610,632,10,3,3
610,641,585,0,3
610,649,585,0,3
610,650,10,3,3
610,665,10,3,3
610,666,585,0,3
610,676,585,0,3
610,678,585,0,3
610,684,585,0,3
610,687,10,3,3
610,695,10,3,3
611,632,11,3,3
611,641,586,0,3
611,649,610,1,2
611,650,610,1,2
611,655,11,3,3
611,665,11,3,3
611,666,610,1,2
611,676,586,0,3
611,678,610,1,2
611,684,586,0,3
611,687,610,1,2
611,695,610,1,2
611,708,610,1,2
611,721,11,3,3
612,632,12,3,3
612,641,587,0,3
612,649,611,1,2
612,650,611,1,2
612,665,12,3,3
612,666,611,1,2
612,676,587,0,3
612,678,611,1,2
612,684,587,0,3
612,687,611,1,2
612,695,611,1,2
612,708,611,1,2
613,641,588,0,3
613,649,612,1,2
613,650,612,1,2
613,666,612,1,2
613,676,588,0,3
613,678,612,1,2
613,684,588,0,3
613,695,612,1,2
614,641,589,0,3
614,650,613,1,2
614,666,613,1,2
614,676,589,0,3
614,678,613,1,2
614,684,589,0,3
614,695,613,1,2
614,709,613,1,2
615,625,614,1,2
615,641,590,0,3
615,650,614,1,2
615,676,590,0,3
615,678,614,1,2
615,684,590,0,3
615,695,614,1,2
616,642,591,0,3
617,642,592,0,3
617,676,592,0,3
618,625,617,1,2
618,641,593,0,3
618,650,619,2,1
618,676,593,0,3
618,678,619,2,1
618,684,593,0,3
618,686,619,2,1
618,695,619,2,1
619,641,594,0,3
619,650,620,2,1
619,666,620,2,1
619,676,594,0,3
619,678,620,2,1
619,684,594,0,3
619,695,620,2,1
619,709,618,1,2
620,632,20,3,3
620,641,595,0,3
620,649,621,2,1
620,650,621,2,1
620,665,20,3,3
620,666,621,2,1
620,676,595,0,3
620,678,621,2,1
620,684,595,0,3
620,687,621,2,1
620,695,621,2,1
621,632,21,3,3
621,638,620,1,2
621,641,596,0,3
621,649,622,2,1
621,650,622,2,1
621,665,21,3,3
621,666,622,2,1
621,676,596,0,3
621,678,622,2,1
621,684,596,0,3
621,687,622,2,1
621,695,622,2,1
621,708,622,2,1
622,632,22,3,3
622,641,597,0,3
622,649,623,2,1
622,650,623,2,1
622,655,22,3,3
622,665,22,3,3
622,666,623,2,1
622,676,597,0,3
622,678,623,2,1
622,684,597,0,3
622,687,623,2,1
622,695,623,2,1
622,708,623,2,1
622,721,22,3,3
623,632,23,3,3
623,641,598,0,3
623,649,598,0,3
623,650,23,3,3
623,665,23,3,3
623,666,598,0,3
623,676,598,0,3
623,678,598,0,3
623,684,598,0,3
623,687,23,3,3
623,695,23,3,3
623,721,23,3,3
624,632,623,1,2
624,638,600,2,3
624,641,623,1,2
624,649,599,0,3
624,650,24,3,3
624,665,623,1,2
624,666,599,0,3
624,676,623,1,2
624,678,599,0,3
624,684,623,1,2
624,687,24,3,3
624,695,24,3,3
624,708,24,3,3
625,626,389,0,4
625,627,389,0,4
625,628,389,0,4
625,629,389,0,4
625,630,389,0,4
625,631,389,0,4
625,632,389,0,4
625,633,389,0,4
625,634,389,0,4
625,635,389,0,4
625,636,389,0,4
625,637,389,0,4
625,638,389,0,4
625,639,389,0,4
625,640,389,0,4
625,641,389,0,4
625,642,389,0,4
625,643,389,0,4
625,644,389,0,4
625,645,389,0,4
625,646,389,0,4
625,647,389,0,4
625,648,389,0,4
625,649,389,0,4
625,650,389,0,4
625,651,389,0,4
625,652,389,0,4
625,653,389,0,4
625,654,389,0,4
625,655,389,0,4
625,656,389,0,4
625,657,389,0,4
625,658,389,0,4
625,659,389,0,4
625,660,389,0,4
625,661,389,0,4
625,662,389,0,4
625,663,389,0,4
625,664,389,0,4
625,665,389,0,4
625,666,389,0,4
625,667,389,0,4
625,668,389,0,4
625,669,389,0,4
625,670,389,0,4
625,671,389,0,4
625,672,389,0,4
625,673,389,0,4
625,674,389,0,4
625,675,389,0,4
625,676,389,0,4
625,677,389,0,4
625,678,389,0,4
625,679,389,0,4
625,680,389,0,4
625,681,389,0,4
625,682,389,0,4
625,683,389,0,4
625,684,389,0,4
625,685,389,0,4
625,686,389,0,4
625,687,389,0,4
625,688,389,0,4
625,689,389,0,4
625,690,389,0,4
625,691,389,0,4
625,692,389,0,4
625,693,389,0,4
625,694,389,0,4
625,695,389,0,4
625,696,389,0,4
625,697,389,0,4
625,698,389,0,4
625,699,389,0,4
625,700,389,0,4
625,701,389,0,4
625,702,389,0,4
625,703,389,0,4
625,704,389,0,4
625,705,389,0,4
625,706,389,0,4
625,707,389,0,4
625,708,389,0,4
625,709,389,0,4
625,710,389,0,4
625,711,389,0,4
625,712,389,0,4
625,713,389,0,4
625,714,389,0,4
625,715,389,0,4
625,716,389,0,4
625,717,389,0,4
625,718,389,0,4
625,719,389,0,4
625,720,389,0,4
625,721,389,0,4
625,722,389,0,4
625,723,389,0,4
625,724,389,0,4
632,625,95,0,11
632,626,95,0,11
632,627,95,0,11
632,628,95,0,11
632,629,95,0,11
632,630,95,0,11
632,631,95,0,11
632,633,95,0,11
632,634,95,0,11
632,635,95,0,11
632,636,95,0,11
632,637,95,0,11
632,638,95,0,11
632,639,95,0,11
632,640,95,0,11
632,641,95,0,11
632,642,95,0,11
632,643,95,0,11
632,644,95,0,11
632,645,95,0,11
632,646,95,0,11
632,647,95,0,11
632,648,95,0,11
632,649,95,0,11
632,650,95,0,11
632,651,95,0,11
632,652,95,0,11
632,653,95,0,11
632,654,95,0,11
632,655,95,0,11
632,656,95,0,11
632,657,95,0,11
632,658,95,0,11
632,659,95,0,11
632,660,95,0,11
632,661,95,0,11
632,662,95,0,11
632,663,95,0,11
632,664,95,0,11
632,665,95,0,11
632,666,95,0,11
632,667,95,0,11
632,668,95,0,11
632,669,95,0,11
632,670,95,0,11
632,671,95,0,11
632,672,95,0,11
632,673,95,0,11
632,674,95,0,11
632,675,95,0,11
632,676,95,0,11
632,677,95,0,11
632,678,95,0,11
632,679,95,0,11
632,680,95,0,11
632,681,95,0,11
632,682,95,0,11
632,683,95,0,11
632,684,95,0,11
632,685,95,0,11
632,686,95,0,11
632,687,95,0,11
632,688,95,0,11
632,689,95,0,11
632,690,95,0,11
632,691,95,0,11
632,692,95,0,11
632,693,95,0,11
632,694,95,0,11
632,695,95,0,11
632,696,95,0,11
632,697,95,0,11
632,698,95,0,11
632,699,95,0,11
632,700,95,0,11
632,701,95,0,11
632,702,95,0,11
632,703,95,0,11
632,704,95,0,11
632,705,95,0,11
632,706,95,0,11
632,707,95,0,11
632,708,95,0,11
632,709,95,0,11
632,710,95,0,11
632,711,95,0,11
632,712,95,0,11
632,713,95,0,11
632,714,95,0,11
632,715,95,0,11
632,716,95,0,11
632,717,95,0,11
632,718,95,0,11
632,719,95,0,11
632,720,95,0,11
632,721,95,0,11
632,722,95,0,11
632,723,95,0,11
632,724,95,0,11
638,625,509,0,17
638,626,509,0,17
638,627,509,0,17
638,628,509,0,17
638,629,509,0,17
638,630,509,0,17
638,631,509,0,17
638,632,509,0,17
638,633,509,0,17
638,634,509,0,17
638,635,509,0,17
638,636,509,0,17
638,637,509,0,17
638,639,509,0,17
638,640,509,0,17
638,641,509,0,17
638,642,509,0,17
638,643,509,0,17
638,644,509,0,17
638,645,509,0,17
638,646,509,0,17
638,647,509,0,17
638,648,509,0,17
638,649,509,0,17
638,650,509,0,17
638,651,509,0,17
638,652,509,0,17
638,653,509,0,17
638,654,509,0,17
638,655,509,0,17
638,656,509,0,17
638,657,509,0,17
638,658,509,0,17
638,659,509,0,17
638,660,509,0,17
638,661,509,0,17
638,662,509,0,17
638,663,509,0,17
638,664,509,0,17
638,665,509,0,17
638,666,509,0,17
638,667,509,0,17
638,668,509,0,17
638,669,509,0,17
638,670,509,0,17
638,671,509,0,17
638,672,509,0,17
638,673,509,0,17
638,674,509,0,17
638,675,509,0,17
638,676,509,0,17
638,677,509,0,17
638,678,509,0,17
638,679,509,0,17
638,680,509,0,17
638,681,509,0,17
638,682,509,0,17
638,683,509,0,17
638,684,509,0,17
638,685,509,0,17
638,686,509,0,17
638,687,509,0,17
638,688,509,0,17
638,689,509,0,17
638,690,509,0,17
638,691,509,0,17
638,692,509,0,17
638,693,509,0,17
638,694,509,0,17
638,695,509,0,17
638,696,509,0,17
638,697,509,0,17
638,698,509,0,17
638,699,509,0,17
638,700,509,0,17
638,701,509,0,17
638,702,509,0,17
638,703,509,0,17
638,704,509,0,17
638,705,509,0,17
638,706,509,0,17
638,707,509,0,17
638,708,509,0,17
638,709,509,0,17
638,710,509,0,17
638,711,509,0,17
638,712,509,0,17
638,713,509,0,17
638,714,509,0,17
638,715,509,0,17
638,716,509,0,17
638,717,509,0,17
638,718,509,0,17
638,719,509,0,17
638,720,509,0,17
638,721,509,0,17
638,722,509,0,17
638,723,509,0,17
638,724,509,0,17
641,625,415,0,20
641,626,415,0,20
641,627,415,0,20
641,628,415,0,20
641,629,415,0,20
641,630,415,0,20
641,631,415,0,20
641,632,415,0,20
641,633,415,0,20
641,634,415,0,20
641,635,415,0,20
641,636,415,0,20
641,637,415,0,20
641,638,415,0,20
641,639,415,0,20
641,640,415,0,20
641,642,415,0,20
641,643,415,0,20
641,644,415,0,20
641,645,415,0,20
641,646,415,0,20
641,647,415,0,20
641,648,415,0,20
641,649,415,0,20
641,650,415,0,20
641,651,415,0,20
641,652,415,0,20
641,653,415,0,20
641,654,415,0,20
641,655,415,0,20
641,656,415,0,20
641,657,415,0,20
641,658,415,0,20
641,659,415,0,20
641,660,415,0,20
641,661,415,0,20
641,662,415,0,20
641,663,415,0,20
641,664,415,0,20
641,665,415,0,20
641,666,415,0,20
641,667,415,0,20
641,668,415,0,20
641,669,415,0,20
641,670,415,0,20
641,671,415,0,20
641,672,415,0,20
641,673,415,0,20
641,674,415,0,20
641,675,415,0,20
641,676,415,0,20
641,677,415,0,20
641,678,415,0,20
641,679,415,0,20
641,680,415,0,20
641,681,415,0,20
641,682,415,0,20
641,683,415,0,20
641,684,415,0,20
641,685,415,0,20
641,686,415,0,20
641,687,415,0,20
641,688,415,0,20
641,689,415,0,20
641,690,415,0,20
641,691,415,0,20
641,692,415,0,20
641,693,415,0,20
641,694,415,0,20
641,695,415,0,20
641,696,415,0,20
641,697,415,0,20
641,698,415,0,20
641,699,415,0,20
641,700,415,0,20
641,701,415,0,20
641,702,415,0,20
641,703,415,0,20
641,704,415,0,20
641,705,415,0,20
641,706,415,0,20
641,707,415,0,20
641,708,415,0,20
641,709,415,0,20
641,710,415,0,20
641,711,415,0,20
641,712,415,0,20
641,713,415,0,20
641,714,415,0,20
641,715,415,0,20
641,716,415,0,20
641,717,415,0,20
641,718,415,0,20
641,719,415,0,20
641,720,415,0,20
641,721,415,0,20
641,722,415,0,20
641,723,415,0,20
641,724,415,0,20
642,625,416,0,21
642,626,416,0,21
642,627,416,0,21
642,628,416,0,21
642,629,416,0,21
642,630,416,0,21
642,631,416,0,21
642,632,416,0,21
642,633,416,0,21
642,634,416,0,21
642,635,416,0,21
642,636,416,0,21
642,637,416,0,21
642,638,416,0,21
642,639,416,0,21
642,640,416,0,21
642,641,416,0,21
642,643,416,0,21
642,644,416,0,21
642,645,416,0,21
642,646,416,0,21
642,647,416,0,21
642,648,416,0,21
642,649,416,0,21
642,650,416,0,21
642,651,416,0,21
642,652,416,0,21
642,653,416,0,21
642,654,416,0,21
642,655,416,0,21
642,656,416,0,21
642,657,416,0,21
642,658,416,0,21
642,659,416,0,21
642,660,416,0,21
642,661,416,0,21
642,662,416,0,21
642,663,416,0,21
642,664,416,0,21
642,665,416,0,21
642,666,416,0,21
642,667,416,0,21
642,668,416,0,21
642,669,416,0,21
642,670,416,0,21
642,671,416,0,21
642,672,416,0,21
642,673,416,0,21
642,674,416,0,21
642,675,416,0,21
642,676,416,0,21
642,677,416,0,21
642,678,416,0,21
642,679,416,0,21
642,680,416,0,21
642,681,416,0,21
642,682,416,0,21
642,683,416,0,21
642,684,416,0,21
642,685,416,0,21
642,686,416,0,21
642,687,416,0,21
642,688,416,0,21
642,689,416,0,21
642,690,416,0,21
642,691,416,0,21
642,692,416,0,21
642,693,416,0,21
642,694,416,0,21
642,695,416,0,21
642,696,416,0,21
642,697,416,0,21
642,698,416,0,21
642,699,416,0,21
642,700,416,0,21
642,701,416,0,21
642,702,416,0,21
642,703,416,0,21
642,704,416,0,21
642,705,416,0,21
642,706,416,0,21
642,707,416,0,21
642,708,416,0,21
642,709,416,0,21
642,710,416,0,21
642,711,416,0,21
642,712,416,0,21
642,713,416,0,21
642,714,416,0,21
642,715,416,0,21
642,716,416,0,21
642,717,416,0,21
642,718,416,0,21
642,719,416,0,21
642,720,416,0,21
642,721,416,0,21
642,722,416,0,21
642,723,416,0,21
642,724,416,0,21
649,625,332,0,28
649,626,332,0,28
649,627,332,0,28
649,628,332,0,28
649,629,332,0,28
649,630,332,0,28
649,631,332,0,28
649,632,332,0,28
649,633,332,0,28
649,634,332,0,28
649,635,332,0,28
649,636,332,0,28
649,637,332,0,28
649,638,332,0,28
649,639,332,0,28
649,640,332,0,28
649,641,332,0,28
649,642,332,0,28
649,643,332,0,28
649,644,332,0,28
649,645,332,0,28
649,646,332,0,28
649,647,332,0,28
649,648,332,0,28
649,650,332,0,28
649,651,332,0,28
649,652,332,0,28
649,653,332,0,28
649,654,332,0,28
649,655,332,0,28
649,656,332,0,28
649,657,332,0,28
649,658,332,0,28
649,659,332,0,28
649,660,332,0,28
649,661,332,0,28
649,662,332,0,28
649,663,332,0,28
649,664,332,0,28
649,665,332,0,28
649,666,332,0,28
649,667,332,0,28
649,668,332,0,28
649,669,332,0,28
649,670,332,0,28
649,671,332,0,28
649,672,332,0,28
649,673,332,0,28
649,674,332,0,28
649,675,332,0,28
649,676,332,0,28
649,677,332,0,28
649,678,332,0,28
649,679,332,0,28
649,680,332,0,28
649,681,332,0,28
649,682,332,0,28
649,683,332,0,28
649,684,332,0,28
649,685,332,0,28
649,686,332,0,28
649,687,332,0,28
649,688,332,0,28
649,689,332,0,28
649,690,332,0,28
649,691,332,0,28
649,692,332,0,28
649,693,332,0,28
649,694,332,0,28
649,695,332,0,28
649,696,332,0,28
649,697,332,0,28
649,698,332,0,28
649,699,332,0,28
649,700,332,0,28
649,701,332,0,28
649,702,332,0,28
649,703,332,0,28
649,704,332,0,28
649,705,332,0,28
649,706,332,0,28
649,707,332,0,28
649,708,332,0,28
649,709,332,0,28
649,710,332,0,28
649,711,332,0,28
649,712,332,0,28
649,713,332,0,28
649,714,332,0,28
649,715,332,0,28
649,716,332,0,28
649,717,332,0,28
649,718,332,0,28
649,719,332,0,28
649,720,332,0,28
649,721,332,0,28
649,722,332,0,28
649,723,332,0,28
649,724,332,0,28
650,625,55,0,29
650,626,55,0,29
650,627,55,0,29
650,628,55,0,29
650,629,55,0,29
650,630,55,0,29
650,631,55,0,29
650,632,55,0,29
650,633,55,0,29
650,634,55,0,29
650,635,55,0,29
650,636,55,0,29
650,637,55,0,29
650,638,55,0,29
650,639,55,0,29
650,640,55,0,29
650,641,55,0,29
650,642,55,0,29
650,643,55,0,29
650,644,55,0,29
650,645,55,0,29
650,646,55,0,29
650,647,55,0,29
650,648,55,0,29
650,649,55,0,29
650,651,55,0,29
650,652,55,0,29
650,653,55,0,29
650,654,55,0,29
650,655,55,0,29
650,656,55,0,29
650,657,55,0,29
650,658,55,0,29
650,659,55,0,29
650,660,55,0,29
650,661,55,0,29
650,662,55,0,29
650,663,55,0,29
650,664,55,0,29
650,665,55,0,29
650,666,55,0,29
650,667,55,0,29
650,668,55,0,29
650,669,55,0,29
650,670,55,0,29
650,671,55,0,29
650,672,55,0,29
650,673,55,0,29
650,674,55,0,29
650,675,55,0,29
650,676,55,0,29
650,677,55,0,29
650,678,55,0,29
650,679,55,0,29
650,680,55,0,29
650,681,55,0,29
650,682,55,0,29
650,683,55,0,29
650,684,55,0,29
650,685,55,0,29
650,686,55,0,29
650,687,55,0,29
650,688,55,0,29
650,689,55,0,29
650,690,55,0,29
650,691,55,0,29
650,692,55,0,29
650,693,55,0,29
650,694,55,0,29
650,695,55,0,29
650,696,55,0,29
650,697,55,0,29
650,698,55,0,29
650,699,55,0,29
650,700,55,0,29
650,701,55,0,29
650,702,55,0,29
650,703,55,0,29
650,704,55,0,29
650,705,55,0,29
650,706,55,0,29
650,707,55,0,29
650,708,55,0,29
650,709,55,0,29
650,710,55,0,29
650,711,55,0,29
650,712,55,0,29
650,713,55,0,29
650,714,55,0,29
650,715,55,0,29
650,716,55,0,29
650,717,55,0,29
650,718,55,0,29
650,719,55,0,29
650,720,55,0,29
650,721,55,0,29
650,722,55,0,29
650,723,55,0,29
650,724,55,0,29
655,625,36,0,34
655,626,36,0,34
655,627,36,0,34
655,628,36,0,34
655,629,36,0,34
655,630,36,0,34
655,631,36,0,34
655,632,36,0,34
655,633,36,0,34
655,634,36,0,34
655,635,36,0,34
655,636,36,0,34
655,637,36,0,34
655,638,36,0,34
655,639,36,0,34
655,640,36,0,34
655,641,36,0,34
655,642,36,0,34
655,643,36,0,34
655,644,36,0,34
655,645,36,0,34
655,646,36,0,34
655,647,36,0,34
655,648,36,0,34
655,649,36,0,34
655,650,36,0,34
655,651,36,0,34
655,652,36,0,34
655,653,36,0,34
655,654,36,0,34
655,656,36,0,34
655,657,36,0,34
655,658,36,0,34
655,659,36,0,34
655,660,36,0,34
655,661,36,0,34
655,662,36,0,34
655,663,36,0,34
655,664,36,0,34
655,665,36,0,34
655,666,36,0,34
655,667,36,0,34
655,668,36,0,34
655,669,36,0,34
655,670,36,0,34
655,671,36,0,34
655,672,36,0,34
655,673,36,0,34
655,674,36,0,34
655,675,36,0,34
655,676,36,0,34
655,677,36,0,34
655,678,36,0,34
655,679,36,0,34
655,680,36,0,34
655,681,36,0,34
655,682,36,0,34
655,683,36,0,34
655,684,36,0,34
655,685,36,0,34
655,686,36,0,34
655,687,36,0,34
655,688,36,0,34
655,689,36,0,34
655,690,36,0,34
655,691,36,0,34
655,692,36,0,34
655,693,36,0,34
655,694,36,0,34
655,695,36,0,34
655,696,36,0,34
655,697,36,0,34
655,698,36,0,34
655,699,36,0,34
655,700,36,0,34
655,701,36,0,34
655,702,36,0,34
655,703,36,0,34
655,704,36,0,34
655,705,36,0,34
655,706,36,0,34
655,707,36,0,34
655,708,36,0,34
655,709,36,0,34
655,710,36,0,34
655,711,36,0,34
655,712,36,0,34
655,713,36,0,34
655,714,36,0,34
655,715,36,0,34
655,716,36,0,34
655,717,36,0,34
655,718,36,0,34
655,719,36,0,34
655,720,36,0,34
655,721,36,0,34
655,722,36,0,34
655,723,36,0,34
655,724,36,0,34
665,625,145,0,44
665,626,145,0,44
665,627,145,0,44
665,628,145,0,44
665,629,145,0,44
665,630,145,0,44
665,631,145,0,44
665,632,145,0,44
665,633,145,0,44
665,634,145,0,44
665,635,145,0,44
665,636,145,0,44
665,637,145,0,44
665,638,145,0,44
665,639,145,0,44
665,640,145,0,44
665,641,145,0,44
665,642,145,0,44
665,643,145,0,44
665,644,145,0,44
665,645,145,0,44
665,646,145,0,44
665,647,145,0,44
665,648,145,0,44
665,649,145,0,44
665,650,145,0,44
665,651,145,0,44
665,652,145,0,44
665,653,145,0,44
665,654,145,0,44
665,655,145,0,44
665,656,145,0,44
665,657,145,0,44
665,658,145,0,44
665,659,145,0,44
665,660,145,0,44
665,661,145,0,44
665,662,145,0,44
665,663,145,0,44
665,664,145,0,44
665,666,145,0,44
665,667,145,0,44
665,668,145,0,44
665,669,145,0,44
665,670,145,0,44
665,671,145,0,44
665,672,145,0,44
665,673,145,0,44
665,674,145,0,44
665,675,145,0,44
665,676,145,0,44
665,677,145,0,44
665,678,145,0,44
665,679,145,0,44
665,680,145,0,44
665,681,145,0,44
665,682,145,0,44
665,683,145,0,44
665,684,145,0,44
665,685,145,0,44
665,686,145,0,44
665,687,145,0,44
665,688,145,0,44
665,689,145,0,44
665,690,145,0,44
665,691,145,0,44
665,692,145,0,44
665,693,145,0,44
665,694,145,0,44
665,695,145,0,44
665,696,145,0,44
665,697,145,0,44
665,698,145,0,44
665,699,145,0,44
665,700,145,0,44
665,701,145,0,44
665,702,145,0,44
665,703,145,0,44
665,704,145,0,44
665,705,145,0,44
665,706,145,0,44
665,707,145,0,44
665,708,145,0,44
665,709,145,0,44
665,710,145,0,44
665,711,145,0,44
665,712,145,0,44
665,713,145,0,44
665,714,145,0,44
665,715,145,0,44
665,716,145,0,44
665,717,145,0,44
665,718,145,0,44
665,719,145,0,44
665,720,145,0,44
665,721,145,0,44
665,722,145,0,44
665,723,145,0,44
665,724,145,0,44
666,625,306,0,45
666,626,306,0,45
666,627,306,0,45
666,628,306,0,45
666,629,306,0,45
666,630,306,0,45
666,631,306,0,45
666,632,306,0,45
666,633,306,0,45
666,634,306,0,45
666,635,306,0,45
666,636,306,0,45
666,637,306,0,45
666,638,306,0,45
666,639,306,0,45
666,640,306,0,45
666,641,306,0,45
666,642,306,0,45
666,643,306,0,45
666,644,306,0,45
666,645,306,0,45
666,646,306,0,45
666,647,306,0,45
666,648,306,0,45
666,649,306,0,45
666,650,306,0,45
666,651,306,0,45
666,652,306,0,45
666,653,306,0,45
666,654,306,0,45
666,655,306,0,45
666,656,306,0,45
666,657,306,0,45
666,658,306,0,45
666,659,306,0,45
666,660,306,0,45
666,661,306,0,45
666,662,306,0,45
666,663,306,0,45
666,664,306,0,45
666,665,306,0,45
666,667,306,0,45
666,668,306,0,45
666,669,306,0,45
666,670,306,0,45
666,671,306,0,45
666,672,306,0,45
666,673,306,0,45
666,674,306,0,45
666,675,306,0,45
666,676,306,0,45
666,677,306,0,45
666,678,306,0,45
666,679,306,0,45
666,680,306,0,45
666,681,306,0,45
666,682,306,0,45
666,683,306,0,45
666,684,306,0,45
666,685,306,0,45
666,686,306,0,45
666,687,306,0,45
666,688,306,0,45
666,689,306,0,45
666,690,306,0,45
666,691,306,0,45
666,692,306,0,45
666,693,306,0,45
666,694,306,0,45
666,695,306,0,45
666,696,306,0,45
666,697,306,0,45
666,698,306,0,45
666,699,306,0,45
666,700,306,0,45
666,701,306,0,45
666,702,306,0,45
666,703,306,0,45
666,704,306,0,45
666,705,306,0,45
666,706,306,0,45
666,707,306,0,45
666,708,306,0,45
666,709,306,0,45
666,710,306,0,45
666,711,306,0,45
666,712,306,0,45
666,713,306,0,45
666,714,306,0,45
666,715,306,0,45
666,716,306,0,45
666,717,306,0,45
666,718,306,0,45
666,719,306,0,45
666,720,306,0,45
666,721,306,0,45
666,722,306,0,45
666,723,306,0,45
666,724,306,0,45
676,625,592,0,55
676,626,592,0,55
676,627,592,0,55
676,628,592,0,55
676,629,592,0,55
676,630,592,0,55
676,631,592,0,55
676,632,592,0,55
676,633,592,0,55
676,634,592,0,55
676,635,592,0,55
676,636,592,0,55
676,637,592,0,55
676,638,592,0,55
676,639,592,0,55
676,640,592,0,55
676,641,592,0,55
676,642,592,0,55
676,643,592,0,55
676,644,592,0,55
676,645,592,0,55
676,646,592,0,55
676,647,592,0,55
676,648,592,0,55
676,649,592,0,55
676,650,592,0,55
676,651,592,0,55
676,652,592,0,55
676,653,592,0,55
676,654,592,0,55
676,655,592,0,55
676,656,592,0,55
676,657,592,0,55
676,658,592,0,55
676,659,592,0,55
676,660,592,0,55
676,661,592,0,55
676,662,592,0,55
676,663,592,0,55
676,664,592,0,55
676,665,592,0,55
676,666,592,0,55
676,667,592,0,55
676,668,592,0,55
676,669,592,0,55
676,670,592,0,55
676,671,592,0,55
676,672,592,0,55
676,673,592,0,55
676,674,592,0,55
676,675,592,0,55
676,677,592,0,55
676,678,592,0,55
676,679,592,0,55
676,680,592,0,55
676,681,592,0,55
676,682,592,0,55
676,683,592,0,55
676,684,592,0,55
676,685,592,0,55
676,686,592,0,55
676,687,592,0,55
676,688,592,0,55
676,689,592,0,55
676,690,592,0,55
676,691,592,0,55
676,692,592,0,55
676,693,592,0,55
676,694,592,0,55
676,695,592,0,55
676,696,592,0,55
676,697,592,0,55
676,698,592,0,55
676,699,592,0,55
676,700,592,0,55
676,701,592,0,55
676,702,592,0,55
676,703,592,0,55
676,704,592,0,55
676,705,592,0,55
676,706,592,0,55
676,707,592,0,55
676,708,592,0,55
676,709,592,0,55
676,710,592,0,55
676,711,592,0,55
676,712,592,0,55
676,713,592,0,55
676,714,592,0,55
676,715,592,0,55
676,716,592,0,55
676,717,592,0,55
676,718,592,0,55
676,719,592,0,55
676,720,592,0,55
676,721,592,0,55
676,722,592,0,55
676,723,592,0,55
676,724,592,0,55
678,625,405,0,57
678,626,405,0,57
678,627,405,0,57
678,628,405,0,57
678,629,405,0,57
678,630,405,0,57
678,631,405,0,57
678,632,405,0,57
678,633,405,0,57
678,634,405,0,57
678,635,405,0,57
678,636,405,0,57
678,637,405,0,57
678,638,405,0,57
678,639,405,0,57
678,640,405,0,57
678,641,405,0,57
678,642,405,0,57
678,643,405,0,57
678,644,405,0,57
678,645,405,0,57
678,646,405,0,57
678,647,405,0,57
678,648,405,0,57
678,649,405,0,57
678,650,405,0,57
678,651,405,0,57
678,652,405,0,57
678,653,405,0,57
678,654,405,0,57
678,655,405,0,57
678,656,405,0,57
678,657,405,0,57
678,658,405,0,57
678,659,405,0,57
678,660,405,0,57
678,661,405,0,57
678,662,405,0,57
678,663,405,0,57
678,664,405,0,57
678,665,405,0,57
678,666,405,0,57
678,667,405,0,57
678,668,405,0,57
678,669,405,0,57
678,670,405,0,57
678,671,405,0,57
678,672,405,0,57
678,673,405,0,57
678,674,405,0,57
678,675,405,0,57
678,676,405,0,57
678,677,405,0,57
678,679,405,0,57
678,680,405,0,57
678,681,405,0,57
678,682,405,0,57
678,683,405,0,57
678,684,405,0,57
678,685,405,0,57
678,686,405,0,57
678,687,405,0,57
678,688,405,0,57
678,689,405,0,57
678,690,405,0,57
678,691,405,0,57
678,692,405,0,57
678,693,405,0,57
678,694,405,0,57
678,695,405,0,57
678,696,405,0,57
678,697,405,0,57
678,698,405,0,57
678,699,405,0,57
678,700,405,0,57
678,701,405,0,57
678,702,405,0,57
678,703,405,0,57
678,704,405,0,57
678,705,405,0,57
678,706,405,0,57
678,707,405,0,57
678,708,405,0,57
678,709,405,0,57
678,710,405,0,57
678,711,405,0,57
678,712,405,0,57
678,713,405,0,57
678,714,405,0,57
678,715,405,0,57
678,716,405,0,57
678,717,405,0,57
678,718,405,0,57
678,719,405,0,57
678,720,405,0,57
678,721,405,0,57
678,722,405,0,57
678,723,405,0,57
678,724,405,0,57
684,625,390,0,63
684,626,390,0,63
684,627,390,0,63
684,628,390,0,63
684,629,390,0,63
684,630,390,0,63
684,631,390,0,63
684,632,390,0,63
684,633,390,0,63
684,634,390,0,63
684,635,390,0,63
684,636,390,0,63
684,637,390,0,63
684,638,390,0,63
684,639,390,0,63
684,640,390,0,63
684,641,390,0,63
684,642,390,0,63
684,643,390,0,63
684,644,390,0,63
684,645,390,0,63
684,646,390,0,63
684,647,390,0,63
684,648,390,0,63
684,649,390,0,63
684,650,390,0,63
684,651,390,0,63
684,652,390,0,63
684,653,390,0,63
684,654,390,0,63
684,655,390,0,63
684,656,390,0,63
684,657,390,0,63
684,658,390,0,63
684,659,390,0,63
684,660,390,0,63
684,661,390,0,63
684,662,390,0,63
684,663,390,0,63
684,664,390,0,63
684,665,390,0,63
684,666,390,0,63
684,667,390,0,63
684,668,390,0,63
684,669,390,0,63
684,670,390,0,63
684,671,390,0,63
684,672,390,0,63
684,673,390,0,63
684,674,390,0,63
684,675,390,0,63
684,676,390,0,63
684,677,390,0,63
684,678,390,0,63
684,679,390,0,63
684,680,390,0,63
684,681,390,0,63
684,682,390,0,63
684,683,390,0,63
684,685,390,0,63
684,686,390,0,63
684,687,390,0,63
684,688,390,0,63
684,689,390,0,63
684,690,390,0,63
684,691,390,0,63
684,692,390,0,63
684,693,390,0,63
684,694,390,0,63
684,695,390,0,63
684,696,390,0,63
684,697,390,0,63
684,698,390,0,63
684,699,390,0,63
684,700,390,0,63
684,701,390,0,63
684,702,390,0,63
684,703,390,0,63
684,704,390,0,63
684,705,390,0,63
684,706,390,0,63
684,707,390,0,63
684,708,390,0,63
684,709,390,0,63
684,710,390,0,63
684,711,390,0,63
684,712,390,0,63
684,713,390,0,63
684,714,390,0,63
684,715,390,0,63
684,716,390,0,63
684,717,390,0,63
684,718,390,0,63
684,719,390,0,63
684,720,390,0,63
684,721,390,0,63
684,722,390,0,63
684,723,390,0,63
684,724,390,0,63
686,625,530,0,65
686,626,530,0,65
686,627,530,0,65
686,628,530,0,65
686,629,530,0,65
686,630,530,0,65
686,631,530,0,65
686,632,530,0,65
686,633,530,0,65
686,634,530,0,65
686,635,530,0,65
686,636,530,0,65
686,637,530,0,65
686,638,530,0,65
686,639,530,0,65
686,640,530,0,65
686,641,530,0,65
686,642,530,0,65
686,643,530,0,65
686,644,530,0,65
686,645,530,0,65
686,646,530,0,65
686,647,530,0,65
686,648,530,0,65
686,649,530,0,65
686,650,530,0,65
686,651,530,0,65
686,652,530,0,65
686,653,530,0,65
686,654,530,0,65
686,655,530,0,65
686,656,530,0,65
686,657,530,0,65
686,658,530,0,65
686,659,530,0,65
686,660,530,0,65
686,661,530,0,65
686,662,530,0,65
686,663,530,0,65
686,664,530,0,65
686,665,530,0,65
686,666,530,0,65
686,667,530,0,65
686,668,530,0,65
686,669,530,0,65
686,670,530,0,65
686,671,530,0,65
686,672,530,0,65
686,673,530,0,65
686,674,530,0,65
686,675,530,0,65
686,676,530,0,65
686,677,530,0,65
686,678,530,0,65
686,679,530,0,65
686,680,530,0,65
686,681,530,0,65
686,682,530,0,65
686,683,530,0,65
686,684,530,0,65
686,685,530,0,65
686,687,530,0,65
686,688,530,0,65
686,689,530,0,65
686,690,530,0,65
686,691,530,0,65
686,692,530,0,65
686,693,530,0,65
686,694,530,0,65
686,695,530,0,65
686,696,530,0,65
686,697,530,0,65
686,698,530,0,65
686,699,530,0,65
686,700,530,0,65
686,701,530,0,65
686,702,530,0,65
686,703,530,0,65
686,704,530,0,65
686,705,530,0,65
686,706,530,0,65
686,707,530,0,65
686,708,530,0,65
686,709,530,0,65
686,710,530,0,65
686,711,530,0,65
686,712,530,0,65
686,713,530,0,65
686,714,530,0,65
686,715,530,0,65
686,716,530,0,65
686,717,530,0,65
686,718,530,0,65
686,719,530,0,65
686,720,530,0,65
686,721,530,0,65
686,722,530,0,65
686,723,530,0,65
686,724,530,0,65
687,625,175,0,66
687,626,175,0,66
687,627,175,0,66
687,628,175,0,66
687,629,175,0,66
687,630,175,0,66
687,631,175,0,66
687,632,175,0,66
687,633,175,0,66
687,634,175,0,66
687,635,175,0,66
687,636,175,0,66
687,637,175,0,66
687,638,175,0,66
687,639,175,0,66
687,640,175,0,66
687,641,175,0,66
687,642,175,0,66
687,643,175,0,66
687,644,175,0,66
687,645,175,0,66
687,646,175,0,66
687,647,175,0,66
687,648,175,0,66
687,649,175,0,66
687,650,175,0,66
687,651,175,0,66
687,652,175,0,66
687,653,175,0,66
687,654,175,0,66
687,655,175,0,66
687,656,175,0,66
687,657,175,0,66
687,658,175,0,66
687,659,175,0,66
687,660,175,0,66
687,661,175,0,66
687,662,175,0,66
687,663,175,0,66
687,664,175,0,66
687,665,175,0,66
687,666,175,0,66
687,667,175,0,66
687,668,175,0,66
687,669,175,0,66
687,670,175,0,66
687,671,175,0,66
687,672,175,0,66
687,673,175,0,66
687,674,175,0,66
687,675,175,0,66
687,676,175,0,66
687,677,175,0,66
687,678,175,0,66
687,679,175,0,66
687,680,175,0,66
687,681,175,0,66
687,682,175,0,66
687,683,175,0,66
687,684,175,0,66
687,685,175,0,66
687,686,175,0,66
687,688,175,0,66
687,689,175,0,66
687,690,175,0,66
687,691,175,0,66
687,692,175,0,66
687,693,175,0,66
687,694,175,0,66
687,695,175,0,66
687,696,175,0,66
687,697,175,0,66
687,698,175,0,66
687,699,175,0,66
687,700,175,0,66
687,701,175,0,66
687,702,175,0,66
687,703,175,0,66
687,704,175,0,66
687,705,175,0,66
687,706,175,0,66
687,707,175,0,66
687,708,175,0,66
687,709,175,0,66
687,710,175,0,66
687,711,175,0,66
687,712,175,0,66
687,713,175,0,66
687,714,175,0,66
687,715,175,0,66
687,716,175,0,66
687,717,175,0,66
687,718,175,0,66
687,719,175,0,66
687,720,175,0,66
687,721,175,0,66
687,722,175,0,66
687,723,175,0,66
687,724,175,0,66
690,625,367,0,69
690,626,367,0,69
690,627,367,0,69
690,628,367,0,69
690,629,367,0,69
690,630,367,0,69
690,631,367,0,69
690,632,367,0,69
690,633,367,0,69
690,634,367,0,69
690,635,367,0,69
690,636,367,0,69
690,637,367,0,69
690,638,367,0,69
690,639,367,0,69
690,640,367,0,69
690,641,367,0,69
690,642,367,0,69
690,643,367,0,69
690,644,367,0,69
690,645,367,0,69
690,646,367,0,69
690,647,367,0,69
690,648,367,0,69
690,649,367,0,69
690,650,367,0,69
690,651,367,0,69
690,652,367,0,69
690,653,367,0,69
690,654,367,0,69
690,655,367,0,69
690,656,367,0,69
690,657,367,0,69
690,658,367,0,69
690,659,367,0,69
690,660,367,0,69
690,661,367,0,69
690,662,367,0,69
690,663,367,0,69
690,664,367,0,69
690,665,367,0,69
690,666,367,0,69
690,667,367,0,69
690,668,367,0,69
690,669,367,0,69
690,670,367,0,69
690,671,367,0,69
690,672,367,0,69
690,673,367,0,69
690,674,367,0,69
690,675,367,0,69
690,676,367,0,69
690,677,367,0,69
690,678,367,0,69
690,679,367,0,69
690,680,367,0,69
690,681,367,0,69
690,682,367,0,69
690,683,367,0,69
690,684,367,0,69
690,685,367,0,69
690,686,367,0,69
690,687,367,0,69
690,688,367,0,69
690,689,367,0,69
690,691,367,0,69
690,692,367,0,69
690,693,367,0,69
690,694,367,0,69
690,695,367,0,69
690,696,367,0,69
690,697,367,0,69
690,698,367,0,69
690,699,367,0,69
690,700,367,0,69
690,701,367,0,69
690,702,367,0,69
690,703,367,0,69
690,704,367,0,69
690,705,367,0,69
690,706,367,0,69
690,707,367,0,69
690,708,367,0,69
690,709,367,0,69
690,710,367,0,69
690,711,367,0,69
690,712,367,0,69
690,713,367,0,69
690,714,367,0,69
690,715,367,0,69
690,716,367,0,69
690,717,367,0,69
690,718,367,0,69
690,719,367,0,69
690,720,367,0,69
690,721,367,0,69
690,722,367,0,69
690,723,367,0,69
690,724,367,0,69
695,625,230,0,74
695,626,230,0,74
695,627,230,0,74
695,628,230,0,74
695,629,230,0,74
695,630,230,0,74
695,631,230,0,74
695,632,230,0,74
695,633,230,0,74
695,634,230,0,74
695,635,230,0,74
695,636,230,0,74
695,637,230,0,74
695,638,230,0,74
695,639,230,0,74
695,640,230,0,74
695,641,230,0,74
695,642,230,0,74
695,643,230,0,74
695,644,230,0,74
695,645,230,0,74
695,646,230,0,74
695,647,230,0,74
695,648,230,0,74
695,649,230,0,74
695,650,230,0,74
695,651,230,0,74
695,652,230,0,74
695,653,230,0,74
695,654,230,0,74
695,655,230,0,74
695,656,230,0,74
695,657,230,0,74
695,658,230,0,74
695,659,230,0,74
695,660,230,0,74
695,661,230,0,74
695,662,230,0,74
695,663,230,0,74
695,664,230,0,74
695,665,230,0,74
695,666,230,0,74
695,667,230,0,74
695,668,230,0,74
695,669,230,0,74
695,670,230,0,74
695,671,230,0,74
695,672,230,0,74
695,673,230,0,74
695,674,230,0,74
695,675,230,0,74
695,676,230,0,74
695,677,230,0,74
695,678,230,0,74
695,679,230,0,74
695,680,230,0,74
695,681,230,0,74
695,682,230,0,74
695,683,230,0,74
695,684,230,0,74
695,685,230,0,74
695,686,230,0,74
695,687,230,0,74
695,688,230,0,74
695,689,230,0,74
695,690,230,0,74
695,691,230,0,74
695,692,230,0,74
695,693,230,0,74
695,694,230,0,74
695,696,230,0,74
695,697,230,0,74
695,698,230,0,74
695,699,230,0,74
695,700,230,0,74
695,701,230,0,74
695,702,230,0,74
695,703,230,0,74
695,704,230,0,74
695,705,230,0,74
695,706,230,0,74
695,707,230,0,74
695,708,230,0,74
695,709,230,0,74
695,710,230,0,74
695,711,230,0,74
695,712,230,0,74
695,713,230,0,74
695,714,230,0,74
695,715,230,0,74
695,716,230,0,74
695,717,230,0,74
695,718,230,0,74
695,719,230,0,74
695,720,230,0,74
695,721,230,0,74
695,722,230,0,74
695,723,230,0,74
695,724,230,0,74
708,625,158,0,87
708,626,158,0,87
708,627,158,0,87
708,628,158,0,87
708,629,158,0,87
708,630,158,0,87
708,631,158,0,87
708,632,158,0,87
708,633,158,0,87
708,634,158,0,87
708,635,158,0,87
708,636,158,0,87
708,637,158,0,87
708,638,158,0,87
708,639,158,0,87
708,640,158,0,87
708,641,158,0,87
708,642,158,0,87
708,643,158,0,87
708,644,158,0,87
708,645,158,0,87
708,646,158,0,87
708,647,158,0,87
708,648,158,0,87
708,649,158,0,87
708,650,158,0,87
708,651,158,0,87
708,652,158,0,87
708,653,158,0,87
708,654,158,0,87
708,655,158,0,87
708,656,158,0,87
708,657,158,0,87
708,658,158,0,87
708,659,158,0,87
708,660,158,0,87
708,661,158,0,87
708,662,158,0,87
708,663,158,0,87
708,664,158,0,87
708,665,158,0,87
708,666,158,0,87
708,667,158,0,87
708,668,158,0,87
708,669,158,0,87
708,670,158,0,87
708,671,158,0,87
708,672,158,0,87
708,673,158,0,87
708,674,158,0,87
708,675,158,0,87
708,676,158,0,87
708,677,158,0,87
708,678,158,0,87
708,679,158,0,87
708,680,158,0,87
708,681,158,0,87
708,682,158,0,87
708,683,158,0,87
708,684,158,0,87
708,685,158,0,87
708,686,158,0,87
708,687,158,0,87
708,688,158,0,87
708,689,158,0,87
708,690,158,0,87
708,691,158,0,87
708,692,158,0,87
708,693,158,0,87
708,694,158,0,87
708,695,158,0,87
708,696,158,0,87
708,697,158,0,87
708,698,158,0,87
708,699,158,0,87
708,700,158,0,87
708,701,158,0,87
708,702,158,0,87
708,703,158,0,87
708,704,158,0,87
708,705,158,0,87
708,706,158,0,87
708,707,158,0,87
708,709,158,0,87
708,710,158,0,87
708,711,158,0,87
708,712,158,0,87
708,713,158,0,87
708,714,158,0,87
708,715,158,0,87
708,716,158,0,87
708,717,158,0,87
708,718,158,0,87
708,719,158,0,87
708,720,158,0,87
708,721,158,0,87
708,722,158,0,87
708,723,158,0,87
708,724,158,0,87
709,625,138,0,88
709,626,138,0,88
709,627,138,0,88
709,628,138,0,88
709,629,138,0,88
709,630,138,0,88
709,631,138,0,88
709,632,138,0,88
709,633,138,0,88
709,634,138,0,88
709,635,138,0,88
709,636,138,0,88
709,637,138,0,88
709,638,138,0,88
709,639,138,0,88
709,640,138,0,88
709,641,138,0,88
709,642,138,0,88
709,643,138,0,88
709,644,138,0,88
709,645,138,0,88
709,646,138,0,88
709,647,138,0,88
709,648,138,0,88
709,649,138,0,88
709,650,138,0,88
709,651,138,0,88
709,652,138,0,88
709,653,138,0,88
709,654,138,0,88
709,655,138,0,88
709,656,138,0,88
709,657,138,0,88
709,658,138,0,88
709,659,138,0,88
709,660,138,0,88
709,661,138,0,88
709,662,138,0,88
709,663,138,0,88
709,664,138,0,88
709,665,138,0,88
709,666,138,0,88
709,667,138,0,88
709,668,138,0,88
709,669,138,0,88
709,670,138,0,88
709,671,138,0,88
709,672,138,0,88
709,673,138,0,88
709,674,138,0,88
709,675,138,0,88
709,676,138,0,88
709,677,138,0,88
709,678,138,0,88
709,679,138,0,88
709,680,138,0,88
709,681,138,0,88
709,682,138,0,88
709,683,138,0,88
709,684,138,0,88
709,685,138,0,88
709,686,138,0,88
709,687,138,0,88
709,688,138,0,88
709,689,138,0,88
709,690,138,0,88
709,691,138,0,88
709,692,138,0,88
709,693,138,0,88
709,694,138,0,88
709,695,138,0,88
709,696,138,0,88
709,697,138,0,88
709,698,138,0,88
709,699,138,0,88
709,700,138,0,88
709,701,138,0,88
709,702,138,0,88
709,703,138,0,88
709,704,138,0,88
709,705,138,0,88
709,706,138,0,88
709,707,138,0,88
709,708,138,0,88
709,710,138,0,88
709,711,138,0,88
709,712,138,0,88
709,713,138,0,88
709,714,138,0,88
709,715,138,0,88
709,716,138,0,88
709,717,138,0,88
709,718,138,0,88
709,719,138,0,88
709,720,138,0,88
709,721,138,0,88
709,722,138,0,88
709,723,138,0,88
709,724,138,0,88
721,625,86,0,100
721,626,86,0,100
721,627,86,0,100
721,628,86,0,100
721,629,86,0,100
721,630,86,0,100
721,631,86,0,100
721,632,86,0,100
721,633,86,0,100
721,634,86,0,100
721,635,86,0,100
721,636,86,0,100
721,637,86,0,100
721,638,86,0,100
721,639,86,0,100
721,640,86,0,100
721,641,86,0,100
721,642,86,0,100
721,643,86,0,100
721,644,86,0,100
721,645,86,0,100
721,646,86,0,100
721,647,86,0,100
721,648,86,0,100
721,649,86,0,100
721,650,86,0,100
721,651,86,0,100
721,652,86,0,100
721,653,86,0,100
721,654,86,0,100
721,655,86,0,100
721,656,86,0,100
721,657,86,0,100
721,658,86,0,100
721,659,86,0,100
721,660,86,0,100
721,661,86,0,100
721,662,86,0,100
721,663,86,0,100
721,664,86,0,100
721,665,86,0,100
721,666,86,0,100
721,667,86,0,100
721,668,86,0,100
721,669,86,0,100
721,670,86,0,100
721,671,86,0,100
721,672,86,0,100
721,673,86,0,100
721,674,86,0,100
721,675,86,0,100
721,676,86,0,100
721,677,86,0,100
721,678,86,0,100
721,679,86,0,100
721,680,86,0,100
721,681,86,0,100
721,682,86,0,100
721,683,86,0,100
721,684,86,0,100
721,685,86,0,100
721,686,86,0,100
721,687,86,0,100
721,688,86,0,100
721,689,86,0,100
721,690,86,0,100
721,691,86,0,100
721,692,86,0,100
721,693,86,0,100
721,694,86,0,100
721,695,86,0,100
721,696,86,0,100
721,697,86,0,100
721,698,86,0,100
721,699,86,0,100
721,700,86,0,100
721,701,86,0,100
721,702,86,0,100
721,703,86,0,100
721,704,86,0,100
721,705,86,0,100
721,706,86,0,100
721,707,86,0,100
721,708,86,0,100
721,709,86,0,100
721,710,86,0,100
721,711,86,0,100
721,712,86,0,100
721,713,86,0,100
721,714,86,0,100
721,715,86,0,100
721,716,86,0,100
721,717,86,0,100
721,718,86,0,100
721,719,86,0,100
721,720,86,0,100
721,722,86,0,100
721,723,86,0,100
721,724,86,0,100
