0,667,25,1,0
0,668,24,2,1
0,673,1,0,0
0,676,25,1,0
0,688,24,2,1
0,700,1,0,0
1,668,0,0,0
1,676,26,2,0
1,684,2,1,0
1,688,0,0,0
2,676,27,2,0
3,676,28,2,0
4,631,5,1,0
4,667,29,2,0
4,668,5,1,0
4,676,29,2,0
4,688,3,0,1
5,631,605,3,3
5,668,6,1,0
5,676,30,2,0
5,688,6,1,0
5,700,700,79,0
5,713,30,2,0
6,631,606,3,3
6,633,606,3,3
6,668,7,1,0
6,676,31,2,0
6,688,7,1,0
6,698,606,3,3
6,700,5,0,1
6,702,7,1,0
6,710,606,3,3
6,713,31,2,0
7,631,607,3,3
7,633,607,3,3
7,668,8,1,0
7,676,32,2,0
7,688,8,1,0
7,698,607,3,3
7,700,6,0,1
7,702,8,1,0
7,710,607,3,3
7,713,32,2,0
8,625,608,3,3
8,627,608,3,3
8,628,33,2,0
8,630,608,3,3
8,631,608,3,3
8,633,608,3,3
8,634,608,3,3
8,635,608,3,3
8,639,608,3,3
8,641,608,3,3
8,642,608,3,3
8,644,33,2,0
8,645,33,2,0
8,648,608,3,3
8,649,33,2,0
8,655,33,2,0
8,658,608,3,3
8,660,608,3,3
8,662,608,3,3
8,668,608,3,3
8,669,33,2,0
8,670,608,3,3
8,673,33,2,0
8,674,608,3,3
8,675,33,2,0
8,676,33,2,0
8,678,33,2,0
8,679,608,3,3
8,680,608,3,3
8,684,608,3,3
8,686,33,2,0
8,688,608,3,3
8,689,608,3,3
8,691,608,3,3
8,692,33,2,0
8,695,608,3,3
8,698,608,3,3
8,699,33,2,0
8,700,7,0,1
8,701,33,2,0
8,704,33,2,0
8,706,33,2,0
8,707,608,3,3
8,708,608,3,3
8,710,608,3,3
8,712,33,2,0
8,713,33,2,0
8,714,33,2,0
8,717,33,2,0
8,720,33,2,0
8,722,33,2,0
8,723,33,2,0
8,724,33,2,0
9,626,8,0,1
9,629,8,0,1
9,632,8,0,1
9,633,8,0,1
9,636,8,0,1
9,637,8,0,1
9,638,8,0,1
9,640,8,0,1
9,643,8,0,1
9,646,8,0,1
9,647,8,0,1
9,650,8,0,1
9,651,8,0,1
9,652,8,0,1
9,653,8,0,1
9,654,8,0,1
9,656,8,0,1
9,659,8,0,1
9,661,8,0,1
9,663,8,0,1
9,664,8,0,1
9,665,8,0,1
9,666,8,0,1
9,667,8,0,1
9,668,609,3,3
9,671,8,0,1
9,672,8,0,1
9,673,34,2,0
9,676,8,0,1
9,677,8,0,1
9,681,8,0,1
9,682,8,0,1
9,683,8,0,1
9,685,8,0,1
9,687,8,0,1
9,688,609,3,3
9,690,8,0,1
9,693,8,0,1
9,694,8,0,1
9,696,8,0,1
9,697,8,0,1
9,698,8,0,1
9,700,8,0,1
9,701,34,2,0
9,703,8,0,1
9,705,8,0,1
9,709,8,0,1
9,710,8,0,1
9,711,8,0,1
9,713,8,0,1
9,715,8,0,1
9,716,8,0,1
9,718,8,0,1
9,719,8,0,1
10,633,9,0,1
10,668,610,3,3
10,673,35,2,0
10,676,9,0,1
10,688,610,3,3
10,698,9,0,1
10,700,9,0,1
10,701,9,0,1
10,702,35,2,0
10,710,9,0,1
10,713,9,0,1
11,633,10,0,1
11,668,611,3,3
11,673,36,2,0
11,676,10,0,1
11,688,611,3,3
11,698,10,0,1
11,700,10,0,1
11,702,36,2,0
11,710,10,0,1
11,713,10,0,1
12,668,612,3,3
12,673,37,2,0
12,676,11,0,1
12,688,612,3,3
12,700,11,0,1
12,713,11,0,1
13,668,613,3,3
13,673,12,0,1
13,676,12,0,1
13,688,14,1,0
13,700,12,0,1
14,676,13,0,1
14,684,13,0,1
15,676,16,1,0
16,668,616,3,3
16,676,17,1,0
16,684,15,0,1
17,631,16,0,1
17,667,18,1,0
17,668,617,3,3
17,676,18,1,0
17,688,617,3,3
17,700,16,0,1
18,668,618,3,3
18,673,43,2,0
18,676,19,1,0
18,688,618,3,3
18,700,19,1,0
18,713,19,1,0
19,633,20,1,0
19,668,619,3,3
19,673,44,2,0
19,676,20,1,0
19,688,619,3,3
19,698,20,1,0
19,700,20,1,0
19,702,44,2,0
19,710,20,1,0
19,713,20,1,0
20,633,21,1,0
20,668,620,3,3
20,673,45,2,0
20,676,21,1,0
20,688,620,3,3
20,698,21,1,0
20,700,21,1,0
20,702,45,2,0
20,710,21,1,0
20,713,21,1,0
21,631,621,3,3
21,633,621,3,3
21,668,621,3,3
21,673,46,2,0
21,676,46,2,0
21,688,621,3,3
21,698,621,3,3
21,700,22,1,0
21,701,46,2,0
22,631,622,3,3
22,633,622,3,3
22,668,21,0,1
22,676,47,2,0
22,688,21,0,1
22,698,622,3,3
22,700,23,1,0
22,701,23,1,0
22,702,21,0,1
22,710,622,3,3
22,713,47,2,0
23,631,623,3,3
23,633,623,3,3
23,668,22,0,1
23,676,48,2,0
23,688,22,0,1
23,698,623,3,3
23,700,24,1,0
23,702,22,0,1
23,710,623,3,3
23,713,48,2,0
24,631,624,3,3
24,668,23,0,1
24,676,49,2,0
24,688,23,0,1
24,700,0,1,2
24,713,49,2,0
25,631,26,1,1
25,667,50,2,0
25,668,49,3,2
25,673,26,1,1
25,676,50,2,0
25,688,49,3,2
25,700,26,1,1
26,668,25,1,1
26,676,51,3,0
26,684,27,2,1
26,688,25,1,1
27,676,52,3,0
28,676,53,3,0
29,631,30,2,1
29,667,54,3,0
29,668,30,2,1
29,676,54,3,0
29,688,28,1,2
30,668,31,2,1
30,676,55,3,0
30,688,31,2,1
30,700,5,0,2
30,713,55,3,0
31,633,56,3,0
31,668,32,2,1
31,676,56,3,0
31,688,32,2,1
31,698,6,0,2
31,700,6,0,2
31,702,32,2,1
31,710,6,0,2
31,713,56,3,0
32,633,57,3,0
32,668,33,2,1
32,676,57,3,0
32,688,33,2,1
32,698,7,0,2
32,700,7,0,2
32,702,33,2,1
32,710,7,0,2
32,713,57,3,0
33,625,8,0,2
33,627,8,0,2
33,628,58,3,0
33,630,8,0,2
33,633,58,3,0
33,634,8,0,2
33,635,8,0,2
33,639,8,0,2
33,641,8,0,2
33,642,8,0,2
33,644,58,3,0
33,648,8,0,2
33,649,58,3,0
33,655,58,3,0
33,658,8,0,2
33,660,8,0,2
33,662,8,0,2
33,668,8,0,2
33,669,58,3,0
33,670,8,0,2
33,674,8,0,2
33,675,58,3,0
33,676,58,3,0
33,678,58,3,0
33,679,8,0,2
33,680,8,0,2
33,684,8,0,2
33,686,58,3,0
33,688,8,0,2
33,689,8,0,2
33,691,8,0,2
33,695,8,0,2
33,698,8,0,2
33,699,58,3,0
33,700,8,0,2
33,704,58,3,0
33,706,58,3,0
33,707,8,0,2
33,708,8,0,2
33,710,8,0,2
33,712,58,3,0
33,713,58,3,0
33,714,58,3,0
33,720,58,3,0
33,722,58,3,0
33,723,58,3,0
33,724,58,3,0
34,626,33,1,2
34,629,33,1,2
34,631,33,1,2
34,632,33,1,2
34,633,33,1,2
34,636,33,1,2
34,637,33,1,2
34,638,33,1,2
34,640,33,1,2
34,643,33,1,2
34,646,33,1,2
34,647,33,1,2
34,650,33,1,2
34,651,33,1,2
34,652,33,1,2
34,653,33,1,2
34,654,33,1,2
34,656,33,1,2
34,657,33,1,2
34,659,33,1,2
34,661,33,1,2
34,663,33,1,2
34,664,33,1,2
34,665,33,1,2
34,666,33,1,2
34,667,33,1,2
34,668,9,0,2
34,671,33,1,2
34,672,33,1,2
34,673,35,2,1
34,676,33,1,2
34,677,33,1,2
34,681,33,1,2
34,682,33,1,2
34,683,33,1,2
34,685,33,1,2
34,687,33,1,2
34,688,9,0,2
34,690,33,1,2
34,693,33,1,2
34,694,33,1,2
34,696,33,1,2
34,697,33,1,2
34,698,33,1,2
34,700,33,1,2
34,701,701,80,0
34,703,33,1,2
34,705,33,1,2
34,709,33,1,2
34,710,33,1,2
34,711,33,1,2
34,713,33,1,2
34,715,33,1,2
34,716,33,1,2
34,718,33,1,2
34,719,33,1,2
35,633,34,1,2
35,668,10,0,2
35,673,36,2,1
35,676,34,1,2
35,688,10,0,2
35,698,34,1,2
35,700,34,1,2
35,701,34,1,2
35,702,60,3,0
35,710,34,1,2
35,713,34,1,2
36,633,35,1,2
36,668,11,0,2
36,673,37,2,1
36,676,35,1,2
36,688,11,0,2
36,698,35,1,2
36,700,35,1,2
36,702,61,3,0
36,710,35,1,2
36,713,35,1,2
37,668,12,0,2
37,673,673,52,0
37,676,36,1,2
37,688,12,0,2
37,700,36,1,2
37,713,36,1,2
38,668,13,0,2
38,673,37,1,2
38,676,37,1,2
38,688,39,2,1
38,700,37,1,2
39,676,38,1,2
39,684,38,1,2
40,676,41,2,1
41,668,16,0,2
41,676,42,2,1
41,684,40,1,2
42,631,41,1,2
42,667,43,2,1
42,668,17,0,2
42,673,41,1,2
42,676,43,2,1
42,688,17,0,2
42,700,41,1,2
43,668,18,0,2
43,673,42,1,2
43,676,44,2,1
43,688,18,0,2
43,700,44,2,1
43,713,44,2,1
44,633,45,2,1
44,668,19,0,2
44,673,43,1,2
44,676,45,2,1
44,688,19,0,2
44,698,45,2,1
44,700,45,2,1
44,702,69,3,0
44,710,45,2,1
44,713,45,2,1
45,633,46,2,1
45,668,20,0,2
45,673,44,1,2
45,676,46,2,1
45,688,20,0,2
45,698,46,2,1
45,700,46,2,1
45,701,44,1,2
45,702,70,3,0
45,710,46,2,1
45,713,46,2,1
46,668,21,0,2
46,673,45,1,2
46,676,71,3,0
46,688,21,0,2
46,698,21,0,2
46,701,45,1,2
47,633,72,3,0
47,668,46,1,2
47,676,72,3,0
47,688,46,1,2
47,698,22,0,2
47,700,22,0,2
47,701,48,2,1
47,702,46,1,2
47,710,22,0,2
47,713,72,3,0
48,633,73,3,0
48,668,47,1,2
48,676,73,3,0
48,688,47,1,2
48,698,23,0,2
48,700,23,0,2
48,702,47,1,2
48,710,23,0,2
48,713,73,3,0
49,668,48,1,2
49,676,74,3,0
49,688,48,1,2
49,700,24,0,2
49,713,74,3,0
50,631,51,1,1
50,667,75,2,0
50,668,74,3,2
50,673,51,1,1
50,676,75,2,0
50,688,74,3,2
50,700,51,1,1
51,668,50,1,1
51,676,76,3,0
51,684,52,2,1
51,688,50,1,1
52,676,77,3,0
53,676,78,3,0
54,631,55,2,1
54,667,79,3,0
54,668,55,2,1
54,676,79,3,0
54,688,53,1,2
55,668,56,2,1
55,676,80,3,0
55,688,56,2,1
55,700,30,0,3
55,713,80,3,0
56,633,81,3,0
56,668,57,2,1
56,676,81,3,0
56,688,57,2,1
56,698,81,3,0
56,700,31,0,3
56,702,57,2,1
56,710,31,0,3
56,713,81,3,0
57,633,82,3,0
57,668,58,2,1
57,676,82,3,0
57,688,58,2,1
57,698,82,3,0
57,700,32,0,3
57,702,58,2,1
57,710,32,0,3
57,713,82,3,0
58,625,33,0,3
58,627,33,0,3
58,628,83,3,0
58,630,33,0,3
58,633,83,3,0
58,634,33,0,3
58,635,33,0,3
58,639,33,0,3
58,641,33,0,3
58,642,33,0,3
58,644,83,3,0
58,645,33,0,3
58,648,33,0,3
58,649,83,3,0
58,658,33,0,3
58,660,33,0,3
58,662,33,0,3
58,668,33,0,3
58,669,83,3,0
58,670,33,0,3
58,673,33,0,3
58,674,33,0,3
58,676,83,3,0
58,678,83,3,0
58,679,33,0,3
58,680,33,0,3
58,684,33,0,3
58,686,83,3,0
58,688,33,0,3
58,689,33,0,3
58,691,33,0,3
58,692,33,0,3
58,695,33,0,3
58,698,83,3,0
58,699,83,3,0
58,700,33,0,3
58,701,33,0,3
58,702,59,2,1
58,704,83,3,0
58,706,83,3,0
58,707,83,3,0
58,708,33,0,3
58,710,33,0,3
58,712,83,3,0
58,713,83,3,0
58,714,83,3,0
58,717,33,0,3
58,722,83,3,0
58,723,83,3,0
58,724,83,3,0
59,626,58,1,2
59,629,58,1,2
59,631,58,1,2
59,632,58,1,2
59,633,58,1,2
59,636,58,1,2
59,637,58,1,2
59,638,58,1,2
59,640,58,1,2
59,643,58,1,2
59,647,58,1,2
59,651,58,1,2
59,652,58,1,2
59,653,58,1,2
59,654,58,1,2
59,656,58,1,2
59,657,58,1,2
59,659,58,1,2
59,661,58,1,2
59,663,58,1,2
59,664,58,1,2
59,665,58,1,2
59,666,58,1,2
59,667,58,1,2
59,668,34,0,3
59,671,58,1,2
59,672,58,1,2
59,676,58,1,2
59,677,58,1,2
59,681,58,1,2
59,682,58,1,2
59,683,58,1,2
59,685,58,1,2
59,687,58,1,2
59,688,34,0,3
59,690,58,1,2
59,693,58,1,2
59,694,58,1,2
59,696,58,1,2
59,697,58,1,2
59,698,58,1,2
59,700,58,1,2
59,702,60,2,1
59,703,58,1,2
59,705,58,1,2
59,709,58,1,2
59,710,58,1,2
59,713,58,1,2
59,715,58,1,2
59,716,58,1,2
59,718,58,1,2
59,719,58,1,2
59,720,60,2,1
60,633,59,1,2
60,668,35,0,3
60,676,59,1,2
60,688,35,0,3
60,698,59,1,2
60,700,59,1,2
60,701,59,1,2
60,702,61,2,1
60,710,59,1,2
60,713,59,1,2
60,720,61,2,1
61,633,60,1,2
61,668,36,0,3
61,676,60,1,2
61,688,36,0,3
61,698,60,1,2
61,700,60,1,2
61,702,702,81,0
61,710,60,1,2
61,713,60,1,2
61,720,62,2,1
62,668,37,0,3
62,676,61,1,2
62,688,37,0,3
62,700,61,1,2
62,713,61,1,2
62,720,720,99,0
63,668,38,0,3
63,673,62,1,2
63,676,62,1,2
63,688,64,2,1
63,700,62,1,2
64,676,63,1,2
64,684,63,1,2
65,676,66,2,1
66,668,41,0,3
66,676,67,2,1
66,684,65,1,2
67,631,66,1,2
67,667,68,2,1
67,668,42,0,3
67,673,66,1,2
67,676,68,2,1
67,688,42,0,3
67,700,66,1,2
68,668,43,0,3
68,676,69,2,1
68,688,43,0,3
68,700,69,2,1
68,713,69,2,1
68,720,67,1,2
69,633,70,2,1
69,668,44,0,3
69,676,70,2,1
69,688,44,0,3
69,698,70,2,1
69,700,70,2,1
69,702,68,1,2
69,710,70,2,1
69,713,70,2,1
69,720,68,1,2
70,633,71,2,1
70,668,45,0,3
70,676,71,2,1
70,688,45,0,3
70,698,71,2,1
70,700,71,2,1
70,701,69,1,2
70,702,69,1,2
70,710,71,2,1
70,713,71,2,1
70,720,69,1,2
71,668,46,0,3
71,676,96,3,0
71,688,46,0,3
71,702,70,1,2
71,713,96,3,0
71,720,70,1,2
72,633,97,3,0
72,668,71,1,2
72,676,97,3,0
72,688,71,1,2
72,698,97,3,0
72,700,47,0,3
72,701,73,2,1
72,702,71,1,2
72,710,47,0,3
72,713,97,3,0
73,633,98,3,0
73,668,72,1,2
73,676,98,3,0
73,688,72,1,2
73,698,98,3,0
73,700,48,0,3
73,702,72,1,2
73,710,48,0,3
73,713,98,3,0
74,668,73,1,2
74,676,99,3,0
74,688,73,1,2
74,700,49,0,3
74,713,99,3,0
75,631,76,1,1
75,667,100,2,0
75,668,99,3,2
75,673,76,1,1
75,676,100,2,0
75,688,99,3,2
75,700,76,1,1
76,668,75,1,1
76,676,101,3,0
76,684,77,2,1
76,688,75,1,1
77,676,102,3,0
78,676,103,3,0
79,631,80,2,1
79,667,104,3,0
79,668,80,2,1
79,676,104,3,0
79,688,78,1,2
80,668,81,2,1
80,676,105,3,0
80,688,81,2,1
80,700,55,0,3
80,713,105,3,0
81,633,106,3,0
81,668,82,2,1
81,676,106,3,0
81,688,82,2,1
81,698,106,3,0
81,700,56,0,3
81,702,82,2,1
81,710,56,0,3
81,713,106,3,0
82,633,107,3,0
82,668,83,2,1
82,676,107,3,0
82,688,83,2,1
82,698,107,3,0
82,700,57,0,3
82,702,83,2,1
82,710,57,0,3
82,713,107,3,0
83,625,108,3,0
83,627,58,0,3
83,630,58,0,3
83,633,108,3,0
83,634,58,0,3
83,635,58,0,3
83,639,58,0,3
83,641,58,0,3
83,642,58,0,3
83,644,108,3,0
83,645,58,0,3
83,648,58,0,3
83,649,108,3,0
83,655,58,0,3
83,658,108,3,0
83,660,58,0,3
83,662,58,0,3
83,668,58,0,3
83,670,58,0,3
83,673,58,0,3
83,674,58,0,3
83,675,58,0,3
83,676,108,3,0
83,678,108,3,0
83,679,58,0,3
83,680,108,3,0
83,684,108,3,0
83,686,108,3,0
83,689,58,0,3
83,691,58,0,3
83,692,58,0,3
83,695,58,0,3
83,698,108,3,0
83,700,58,0,3
83,701,58,0,3
83,702,58,0,3
83,704,108,3,0
83,707,108,3,0
83,708,58,0,3
83,710,58,0,3
83,712,108,3,0
83,713,108,3,0
83,714,108,3,0
83,717,58,0,3
83,720,58,0,3
83,723,108,3,0
83,724,108,3,0
84,626,83,1,2
84,629,83,1,2
84,631,83,1,2
84,632,83,1,2
84,633,83,1,2
84,636,83,1,2
84,637,83,1,2
84,638,83,1,2
84,640,83,1,2
84,643,83,1,2
84,646,83,1,2
84,647,83,1,2
84,650,83,1,2
84,651,83,1,2
84,652,83,1,2
84,653,83,1,2
84,654,83,1,2
84,656,83,1,2
84,657,83,1,2
84,659,83,1,2
84,661,83,1,2
84,663,83,1,2
84,664,83,1,2
84,665,83,1,2
84,666,83,1,2
84,667,83,1,2
84,668,59,0,3
84,671,83,1,2
84,672,83,1,2
84,676,83,1,2
84,677,83,1,2
84,681,83,1,2
84,682,83,1,2
84,683,83,1,2
84,685,83,1,2
84,687,83,1,2
84,693,83,1,2
84,694,83,1,2
84,696,83,1,2
84,697,83,1,2
84,698,83,1,2
84,700,83,1,2
84,702,59,0,3
84,703,83,1,2
84,705,83,1,2
84,709,83,1,2
84,710,83,1,2
84,711,83,1,2
84,713,83,1,2
84,715,83,1,2
84,716,83,1,2
84,718,83,1,2
84,719,83,1,2
84,720,59,0,3
85,633,84,1,2
85,668,60,0,3
85,676,84,1,2
85,688,110,3,0
85,698,84,1,2
85,700,84,1,2
85,701,84,1,2
85,702,60,0,3
85,710,84,1,2
85,713,84,1,2
85,720,60,0,3
86,633,85,1,2
86,668,61,0,3
86,676,85,1,2
86,688,111,3,0
86,698,85,1,2
86,700,85,1,2
86,702,61,0,3
86,710,85,1,2
86,713,85,1,2
86,720,61,0,3
87,668,62,0,3
87,676,86,1,2
87,688,112,3,0
87,700,86,1,2
87,713,86,1,2
87,720,62,0,3
88,668,63,0,3
88,673,87,1,2
88,676,87,1,2
88,688,89,2,1
88,700,87,1,2
89,676,88,1,2
89,684,88,1,2
90,676,91,2,1
91,668,66,0,3
91,676,92,2,1
91,684,90,1,2
92,631,91,1,2
92,667,93,2,1
92,668,67,0,3
92,673,91,1,2
92,676,93,2,1
92,688,117,3,0
92,700,91,1,2
93,668,68,0,3
93,676,94,2,1
93,688,118,3,0
93,700,94,2,1
93,713,94,2,1
93,720,68,0,3
94,633,95,2,1
94,668,69,0,3
94,676,95,2,1
94,688,119,3,0
94,698,95,2,1
94,700,95,2,1
94,702,69,0,3
94,710,95,2,1
94,713,95,2,1
94,720,69,0,3
95,633,96,2,1
95,668,70,0,3
95,676,96,2,1
95,688,120,3,0
95,698,96,2,1
95,700,96,2,1
95,701,94,1,2
95,702,70,0,3
95,710,96,2,1
95,713,96,2,1
95,720,70,0,3
96,668,71,0,3
96,676,121,3,0
96,702,71,0,3
96,713,121,3,0
96,720,71,0,3
97,633,122,3,0
97,668,96,1,2
97,676,122,3,0
97,688,96,1,2
97,698,122,3,0
97,700,72,0,3
97,701,98,2,1
97,702,96,1,2
97,710,72,0,3
97,713,122,3,0
98,633,123,3,0
98,668,97,1,2
98,676,123,3,0
98,688,97,1,2
98,698,123,3,0
98,700,73,0,3
98,702,97,1,2
98,710,73,0,3
98,713,123,3,0
99,668,98,1,2
99,676,124,3,0
99,688,98,1,2
99,700,74,0,3
99,713,124,3,0
100,631,101,1,1
100,667,125,2,0
100,668,124,3,2
100,673,101,1,1
100,676,125,2,0
100,688,124,3,2
100,700,101,1,1
101,668,100,1,1
101,676,126,3,0
101,684,102,2,1
101,688,100,1,1
102,676,127,3,0
103,676,128,3,0
104,631,105,2,1
104,667,129,3,0
104,668,105,2,1
104,676,129,3,0
104,688,103,1,2
105,668,106,2,1
105,676,130,3,0
105,688,106,2,1
105,700,80,0,3
105,713,130,3,0
106,633,131,3,0
106,668,107,2,1
106,676,131,3,0
106,688,107,2,1
106,698,131,3,0
106,700,81,0,3
106,702,107,2,1
106,710,81,0,3
106,713,131,3,0
107,633,132,3,0
107,668,108,2,1
107,676,132,3,0
107,688,108,2,1
107,698,132,3,0
107,700,82,0,3
107,702,108,2,1
107,710,82,0,3
107,713,132,3,0
108,625,133,3,0
108,627,83,0,3
108,628,83,0,3
108,630,83,0,3
108,633,133,3,0
108,634,83,0,3
108,635,83,0,3
108,639,133,3,0
108,641,83,0,3
108,642,133,3,0
108,644,133,3,0
108,645,83,0,3
108,648,133,3,0
108,649,133,3,0
108,655,83,0,3
108,658,133,3,0
108,660,83,0,3
108,662,83,0,3
108,668,83,0,3
108,669,83,0,3
108,670,83,0,3
108,673,83,0,3
108,674,83,0,3
108,675,83,0,3
108,676,133,3,0
108,678,133,3,0
108,679,83,0,3
108,680,133,3,0
108,684,133,3,0
108,686,133,3,0
108,689,83,0,3
108,691,83,0,3
108,692,83,0,3
108,695,83,0,3
108,698,133,3,0
108,699,83,0,3
108,700,83,0,3
108,701,83,0,3
108,702,83,0,3
108,706,83,0,3
108,707,133,3,0
108,708,83,0,3
108,710,83,0,3
108,713,133,3,0
108,714,133,3,0
108,717,83,0,3
108,720,83,0,3
108,721,109,2,1
108,722,83,0,3
108,723,133,3,0
108,724,133,3,0
109,626,108,1,2
109,629,108,1,2
109,631,108,1,2
109,632,108,1,2
109,633,108,1,2
109,636,108,1,2
109,637,108,1,2
109,638,108,1,2
109,640,108,1,2
109,643,108,1,2
109,646,108,1,2
109,647,108,1,2
109,650,108,1,2
109,651,108,1,2
109,652,108,1,2
109,653,108,1,2
109,654,108,1,2
109,657,108,1,2
109,659,108,1,2
109,661,108,1,2
109,663,108,1,2
109,664,108,1,2
109,665,108,1,2
109,666,108,1,2
109,667,108,1,2
109,668,84,0,3
109,671,108,1,2
109,672,108,1,2
109,676,108,1,2
109,677,108,1,2
109,681,108,1,2
109,682,108,1,2
109,683,108,1,2
109,685,108,1,2
109,687,108,1,2
109,690,108,1,2
109,693,108,1,2
109,694,108,1,2
109,696,108,1,2
109,697,108,1,2
109,698,108,1,2
109,700,108,1,2
109,702,84,0,3
109,703,108,1,2
109,705,108,1,2
109,709,108,1,2
109,710,108,1,2
109,711,108,1,2
109,713,108,1,2
109,715,108,1,2
109,716,108,1,2
109,718,108,1,2
109,719,108,1,2
109,721,721,100,0
110,633,109,1,2
110,668,85,0,3
110,676,109,1,2
110,688,135,3,0
110,698,109,1,2
110,700,109,1,2
110,701,109,1,2
110,702,85,0,3
110,710,109,1,2
110,713,109,1,2
111,633,110,1,2
111,668,86,0,3
111,676,110,1,2
111,688,136,3,0
111,698,110,1,2
111,700,110,1,2
111,702,86,0,3
111,710,110,1,2
111,713,110,1,2
112,668,87,0,3
112,676,111,1,2
112,688,137,3,0
112,700,111,1,2
112,713,111,1,2
113,668,88,0,3
113,673,112,1,2
113,676,112,1,2
113,688,114,2,1
113,700,112,1,2
114,676,113,1,2
114,684,113,1,2
115,676,116,2,1
116,668,91,0,3
116,676,117,2,1
116,684,115,1,2
117,631,116,1,2
117,667,118,2,1
117,668,92,0,3
117,673,116,1,2
117,676,118,2,1
117,688,142,3,0
117,700,116,1,2
118,668,93,0,3
118,676,119,2,1
118,688,143,3,0
118,700,119,2,1
118,713,119,2,1
119,633,120,2,1
119,668,94,0,3
119,676,120,2,1
119,688,144,3,0
119,698,120,2,1
119,700,120,2,1
119,702,94,0,3
119,710,120,2,1
119,713,120,2,1
120,633,121,2,1
120,668,95,0,3
120,676,121,2,1
120,688,145,3,0
120,698,121,2,1
120,700,121,2,1
120,701,119,1,2
120,702,95,0,3
120,710,121,2,1
120,713,121,2,1
121,668,96,0,3
121,676,146,3,0
121,700,96,0,3
121,702,96,0,3
121,710,96,0,3
121,713,146,3,0
121,721,120,1,2
122,633,147,3,0
122,668,121,1,2
122,676,147,3,0
122,688,121,1,2
122,698,147,3,0
122,700,97,0,3
122,701,123,2,1
122,702,121,1,2
122,710,97,0,3
122,713,147,3,0
123,633,148,3,0
123,668,122,1,2
123,676,148,3,0
123,688,122,1,2
123,698,148,3,0
123,700,98,0,3
123,702,122,1,2
123,710,98,0,3
123,713,148,3,0
124,668,123,1,2
124,676,149,3,0
124,688,123,1,2
124,700,99,0,3
124,713,149,3,0
125,631,126,1,1
125,667,150,2,0
125,668,149,3,2
125,673,126,1,1
125,676,150,2,0
125,688,149,3,2
125,700,126,1,1
126,668,125,1,1
126,676,151,3,0
126,684,127,2,1
126,688,125,1,1
127,676,152,3,0
128,676,153,3,0
129,631,130,2,1
129,667,154,3,0
129,668,130,2,1
129,676,154,3,0
130,668,131,2,1
130,676,155,3,0
130,688,131,2,1
130,700,105,0,3
130,713,155,3,0
131,633,156,3,0
131,668,132,2,1
131,676,156,3,0
131,688,132,2,1
131,698,156,3,0
131,700,106,0,3
131,702,132,2,1
131,710,106,0,3
131,713,156,3,0
132,633,157,3,0
132,668,133,2,1
132,676,157,3,0
132,688,133,2,1
132,698,157,3,0
132,700,107,0,3
132,702,133,2,1
132,710,107,0,3
132,713,157,3,0
133,625,158,3,0
133,627,158,3,0
133,628,108,0,3
133,630,108,0,3
133,633,158,3,0
133,634,108,0,3
133,635,108,0,3
133,639,158,3,0
133,641,158,3,0
133,642,158,3,0
133,644,158,3,0
133,645,108,0,3
133,648,158,3,0
133,655,108,0,3
133,658,158,3,0
133,660,108,0,3
133,662,158,3,0
133,669,108,0,3
133,670,108,0,3
133,673,108,0,3
133,674,108,0,3
133,675,108,0,3
133,676,158,3,0
133,679,108,0,3
133,680,158,3,0
133,684,158,3,0
133,686,158,3,0
133,688,158,3,0
133,689,108,0,3
133,691,108,0,3
133,692,108,0,3
133,695,108,0,3
133,698,158,3,0
133,699,108,0,3
133,700,108,0,3
133,701,108,0,3
133,702,108,0,3
133,704,108,0,3
133,706,108,0,3
133,707,158,3,0
133,708,108,0,3
133,710,108,0,3
133,712,108,0,3
133,713,158,3,0
133,717,108,0,3
133,720,108,0,3
133,721,108,0,3
133,722,108,0,3
134,626,133,1,2
134,631,133,1,2
134,632,133,1,2
134,633,133,1,2
134,636,133,1,2
134,637,133,1,2
134,638,133,1,2
134,640,133,1,2
134,643,133,1,2
134,646,133,1,2
134,647,133,1,2
134,650,133,1,2
134,651,133,1,2
134,652,133,1,2
134,653,133,1,2
134,654,133,1,2
134,656,133,1,2
134,657,133,1,2
134,659,133,1,2
134,661,133,1,2
134,663,133,1,2
134,664,133,1,2
134,665,133,1,2
134,666,133,1,2
134,667,133,1,2
134,671,133,1,2
134,672,133,1,2
134,676,133,1,2
134,677,133,1,2
134,681,133,1,2
134,682,133,1,2
134,683,133,1,2
134,685,133,1,2
134,687,133,1,2
134,688,159,3,0
134,690,133,1,2
134,693,133,1,2
134,694,133,1,2
134,696,133,1,2
134,697,133,1,2
134,698,133,1,2
134,700,133,1,2
134,702,109,0,3
134,705,133,1,2
134,709,133,1,2
134,710,133,1,2
134,711,133,1,2
134,713,133,1,2
134,715,133,1,2
134,716,133,1,2
134,718,133,1,2
134,719,133,1,2
134,721,109,0,3
135,633,134,1,2
135,668,160,3,0
135,676,134,1,2
135,688,160,3,0
135,698,134,1,2
135,700,134,1,2
135,701,134,1,2
135,702,110,0,3
135,710,134,1,2
135,713,134,1,2
136,633,135,1,2
136,668,161,3,0
136,676,135,1,2
136,688,161,3,0
136,698,135,1,2
136,700,135,1,2
136,702,111,0,3
136,710,135,1,2
136,713,135,1,2
137,668,162,3,0
137,676,136,1,2
137,688,162,3,0
137,700,136,1,2
137,713,136,1,2
138,668,163,3,0
138,673,137,1,2
138,676,137,1,2
138,688,139,2,1
138,700,137,1,2
139,676,138,1,2
139,684,138,1,2
140,676,141,2,1
141,668,166,3,0
141,676,142,2,1
141,684,140,1,2
142,631,141,1,2
142,667,143,2,1
142,668,167,3,0
142,673,141,1,2
142,676,143,2,1
142,688,167,3,0
142,700,141,1,2
143,668,168,3,0
143,676,144,2,1
143,688,168,3,0
143,700,144,2,1
143,713,144,2,1
144,633,145,2,1
144,668,169,3,0
144,676,145,2,1
144,688,169,3,0
144,698,145,2,1
144,700,145,2,1
144,702,119,0,3
144,710,145,2,1
144,713,145,2,1
145,633,146,2,1
145,668,170,3,0
145,676,146,2,1
145,688,170,3,0
145,698,146,2,1
145,700,146,2,1
145,701,144,1,2
145,702,120,0,3
145,710,146,2,1
145,713,146,2,1
146,676,171,3,0
146,688,171,3,0
146,700,121,0,3
146,702,121,0,3
146,710,121,0,3
146,713,171,3,0
146,721,121,0,3
147,633,172,3,0
147,668,146,1,2
147,676,172,3,0
147,688,146,1,2
147,698,172,3,0
147,700,122,0,3
147,701,148,2,1
147,702,146,1,2
147,710,122,0,3
147,713,172,3,0
148,633,173,3,0
148,668,147,1,2
148,676,173,3,0
148,688,147,1,2
148,698,173,3,0
148,700,123,0,3
148,702,147,1,2
148,710,123,0,3
148,713,173,3,0
149,668,148,1,2
149,676,174,3,0
149,688,148,1,2
149,700,124,0,3
149,713,174,3,0
150,631,151,1,1
150,667,175,2,0
150,668,174,3,2
150,673,151,1,1
150,676,175,2,0
150,688,174,3,2
150,700,151,1,1
151,668,150,1,1
151,676,176,3,0
151,684,152,2,1
151,688,150,1,1
152,676,177,3,0
153,676,178,3,0
154,631,155,2,1
154,667,179,3,0
154,668,155,2,1
154,676,179,3,0
154,688,153,1,2
155,668,156,2,1
155,676,180,3,0
155,688,156,2,1
155,700,130,0,3
155,713,180,3,0
156,633,181,3,0
156,668,157,2,1
156,676,181,3,0
156,688,157,2,1
156,698,181,3,0
156,700,131,0,3
156,702,157,2,1
156,710,131,0,3
156,713,181,3,0
157,633,182,3,0
157,668,158,2,1
157,676,182,3,0
157,688,158,2,1
157,698,182,3,0
157,700,132,0,3
157,702,158,2,1
157,710,132,0,3
157,713,182,3,0
158,625,183,3,0
158,627,183,3,0
158,628,133,0,3
158,630,133,0,3
158,633,183,3,0
158,634,133,0,3
158,635,133,0,3
158,639,183,3,0
158,641,183,3,0
158,642,183,3,0
158,644,183,3,0
158,645,133,0,3
158,648,183,3,0
158,649,133,0,3
158,655,133,0,3
158,658,183,3,0
158,660,183,3,0
158,662,183,3,0
158,668,183,3,0
158,669,133,0,3
158,670,133,0,3
158,673,133,0,3
158,674,133,0,3
158,675,133,0,3
158,676,183,3,0
158,678,133,0,3
158,679,183,3,0
158,680,183,3,0
158,684,183,3,0
158,686,183,3,0
158,688,183,3,0
158,689,133,0,3
158,691,133,0,3
158,692,133,0,3
158,695,133,0,3
158,698,183,3,0
158,699,133,0,3
158,700,133,0,3
158,701,133,0,3
158,702,133,0,3
158,704,133,0,3
158,706,133,0,3
158,707,183,3,0
158,708,133,0,3
158,710,133,0,3
158,712,133,0,3
158,713,183,3,0
158,714,133,0,3
158,717,133,0,3
158,720,133,0,3
158,722,133,0,3
158,723,133,0,3
158,724,133,0,3
159,626,158,1,2
159,629,158,1,2
159,631,158,1,2
159,632,158,1,2
159,633,158,1,2
159,636,158,1,2
159,637,158,1,2
159,638,158,1,2
159,640,158,1,2
159,643,158,1,2
159,646,158,1,2
159,647,158,1,2
159,650,158,1,2
159,652,158,1,2
159,653,158,1,2
159,654,158,1,2
159,656,158,1,2
159,657,158,1,2
159,659,158,1,2
159,661,158,1,2
159,663,158,1,2
159,664,158,1,2
159,665,158,1,2
159,666,158,1,2
159,667,158,1,2
159,668,184,3,0
159,671,158,1,2
159,672,158,1,2
159,676,158,1,2
159,677,158,1,2
159,681,158,1,2
159,682,158,1,2
159,683,158,1,2
159,685,158,1,2
159,688,184,3,0
159,690,158,1,2
159,693,158,1,2
159,694,158,1,2
159,696,158,1,2
159,697,158,1,2
159,698,158,1,2
159,700,158,1,2
159,702,134,0,3
159,703,158,1,2
159,705,158,1,2
159,709,158,1,2
159,710,158,1,2
159,711,158,1,2
159,713,158,1,2
159,715,158,1,2
159,716,158,1,2
159,718,158,1,2
159,719,158,1,2
160,633,159,1,2
160,668,185,3,0
160,676,159,1,2
160,688,185,3,0
160,698,159,1,2
160,700,159,1,2
160,701,159,1,2
160,702,135,0,3
160,710,159,1,2
160,713,159,1,2
161,633,160,1,2
161,668,186,3,0
161,676,160,1,2
161,688,186,3,0
161,698,160,1,2
161,700,160,1,2
161,702,136,0,3
161,710,160,1,2
161,713,160,1,2
162,668,187,3,0
162,676,161,1,2
162,688,187,3,0
162,700,161,1,2
162,713,161,1,2
163,668,188,3,0
163,673,162,1,2
163,676,162,1,2
163,688,164,2,1
163,700,162,1,2
164,676,163,1,2
164,684,163,1,2
165,676,166,2,1
166,668,191,3,0
166,676,167,2,1
166,684,165,1,2
167,631,166,1,2
167,667,168,2,1
167,668,192,3,0
167,673,166,1,2
167,676,168,2,1
167,688,192,3,0
167,700,166,1,2
168,668,193,3,0
168,676,169,2,1
168,688,193,3,0
168,700,169,2,1
168,713,169,2,1
169,633,170,2,1
169,668,194,3,0
169,676,170,2,1
169,688,194,3,0
169,698,170,2,1
169,700,170,2,1
169,702,144,0,3
169,710,170,2,1
169,713,170,2,1
170,633,171,2,1
170,668,195,3,0
170,676,171,2,1
170,688,195,3,0
170,698,171,2,1
170,700,171,2,1
170,701,169,1,2
170,702,145,0,3
170,710,171,2,1
170,713,171,2,1
171,633,196,3,0
171,668,196,3,0
171,676,196,3,0
171,688,196,3,0
171,700,146,0,3
171,702,146,0,3
171,710,146,0,3
171,713,196,3,0
172,633,197,3,0
172,668,171,1,2
172,676,197,3,0
172,688,171,1,2
172,698,197,3,0
172,700,147,0,3
172,701,173,2,1
172,702,171,1,2
172,710,147,0,3
172,713,197,3,0
173,633,198,3,0
173,668,172,1,2
173,676,198,3,0
173,688,172,1,2
173,698,198,3,0
173,700,148,0,3
173,702,172,1,2
173,710,148,0,3
173,713,198,3,0
174,668,173,1,2
174,676,199,3,0
174,688,173,1,2
174,700,149,0,3
174,713,199,3,0
175,631,176,1,1
175,667,200,2,0
175,668,199,3,2
175,673,176,1,1
175,676,200,2,0
175,688,199,3,2
175,700,176,1,1
176,668,175,1,1
176,676,201,3,0
176,684,177,2,1
176,688,175,1,1
177,676,202,3,0
178,676,203,3,0
179,631,180,2,1
179,667,204,3,0
179,668,180,2,1
179,676,204,3,0
179,688,178,1,2
180,668,181,2,1
180,676,205,3,0
180,688,181,2,1
180,700,155,0,3
180,713,205,3,0
181,633,206,3,0
181,668,182,2,1
181,676,206,3,0
181,688,182,2,1
181,698,206,3,0
181,700,156,0,3
181,702,182,2,1
181,710,156,0,3
181,713,206,3,0
182,633,207,3,0
182,668,183,2,1
182,676,207,3,0
182,688,183,2,1
182,698,207,3,0
182,700,157,0,3
182,702,183,2,1
182,710,157,0,3
182,713,207,3,0
183,625,208,3,0
183,627,208,3,0
183,628,158,0,3
183,630,158,0,3
183,633,208,3,0
183,634,208,3,0
183,635,158,0,3
183,639,208,3,0
183,641,208,3,0
183,642,208,3,0
183,644,208,3,0
183,645,158,0,3
183,648,208,3,0
183,649,158,0,3
183,655,158,0,3
183,658,208,3,0
183,660,208,3,0
183,662,208,3,0
183,668,208,3,0
183,669,158,0,3
183,670,158,0,3
183,673,158,0,3
183,674,158,0,3
183,675,158,0,3
183,676,208,3,0
183,678,158,0,3
183,679,208,3,0
183,680,208,3,0
183,684,208,3,0
183,686,208,3,0
183,688,208,3,0
183,689,158,0,3
183,691,158,0,3
183,692,158,0,3
183,695,158,0,3
183,698,208,3,0
183,699,158,0,3
183,700,158,0,3
183,701,158,0,3
183,702,158,0,3
183,704,158,0,3
183,706,158,0,3
183,707,208,3,0
183,708,158,0,3
183,710,158,0,3
183,712,158,0,3
183,713,208,3,0
183,714,158,0,3
183,717,158,0,3
183,720,158,0,3
183,722,158,0,3
183,723,158,0,3
183,724,158,0,3
184,626,183,1,2
184,629,183,1,2
184,631,183,1,2
184,632,183,1,2
184,633,183,1,2
184,634,209,3,0
184,636,183,1,2
184,637,183,1,2
184,638,183,1,2
184,646,183,1,2
184,647,183,1,2
184,650,183,1,2
184,651,183,1,2
184,652,183,1,2
184,654,183,1,2
184,656,183,1,2
184,657,183,1,2
184,659,183,1,2
184,661,183,1,2
184,663,183,1,2
184,665,183,1,2
184,666,183,1,2
184,667,183,1,2
184,668,209,3,0
184,671,183,1,2
184,672,183,1,2
184,676,183,1,2
184,677,183,1,2
184,681,183,1,2
184,682,183,1,2
184,683,183,1,2
184,685,183,1,2
184,687,183,1,2
184,688,209,3,0
184,690,183,1,2
184,693,183,1,2
184,696,183,1,2
184,697,183,1,2
184,698,183,1,2
184,700,183,1,2
184,702,159,0,3
184,703,183,1,2
184,705,183,1,2
184,709,183,1,2
184,710,183,1,2
184,711,183,1,2
184,713,183,1,2
184,715,183,1,2
184,716,183,1,2
184,718,183,1,2
184,719,183,1,2
185,633,184,1,2
185,634,210,3,0
185,668,210,3,0
185,676,184,1,2
185,688,210,3,0
185,698,184,1,2
185,700,184,1,2
185,701,184,1,2
185,702,160,0,3
185,710,184,1,2
185,713,184,1,2
186,633,185,1,2
186,634,211,3,0
186,668,211,3,0
186,676,185,1,2
186,688,211,3,0
186,698,185,1,2
186,700,185,1,2
186,702,161,0,3
186,710,185,1,2
186,713,185,1,2
187,668,212,3,0
187,676,186,1,2
187,688,212,3,0
187,700,186,1,2
187,713,186,1,2
188,668,213,3,0
188,673,187,1,2
188,676,187,1,2
188,688,189,2,1
188,700,187,1,2
189,676,188,1,2
189,684,188,1,2
190,676,191,2,1
191,668,216,3,0
191,676,192,2,1
191,684,190,1,2
192,631,191,1,2
192,667,193,2,1
192,668,217,3,0
192,673,191,1,2
192,676,193,2,1
192,688,217,3,0
192,700,191,1,2
193,634,218,3,0
193,668,218,3,0
193,676,194,2,1
193,688,218,3,0
193,700,194,2,1
193,713,194,2,1
194,633,195,2,1
194,634,219,3,0
194,668,219,3,0
194,676,195,2,1
194,688,219,3,0
194,698,195,2,1
194,700,195,2,1
194,702,169,0,3
194,710,195,2,1
194,713,195,2,1
195,633,196,2,1
195,634,220,3,0
195,668,220,3,0
195,676,196,2,1
195,688,220,3,0
195,698,196,2,1
195,700,196,2,1
195,701,194,1,2
195,702,170,0,3
195,710,196,2,1
195,713,196,2,1
196,633,221,3,0
196,634,221,3,0
196,668,221,3,0
196,676,221,3,0
196,688,221,3,0
196,698,221,3,0
196,700,171,0,3
196,702,171,0,3
196,710,171,0,3
196,713,221,3,0
197,633,222,3,0
197,668,196,1,2
197,676,222,3,0
197,688,196,1,2
197,698,222,3,0
197,700,172,0,3
197,701,198,2,1
197,702,196,1,2
197,710,172,0,3
197,713,222,3,0
198,633,223,3,0
198,668,197,1,2
198,676,223,3,0
198,688,197,1,2
198,698,223,3,0
198,700,173,0,3
198,702,197,1,2
198,710,173,0,3
198,713,223,3,0
199,668,198,1,2
199,676,224,3,0
199,688,198,1,2
199,700,174,0,3
199,713,224,3,0
200,631,201,1,1
200,667,225,2,0
200,668,224,3,2
200,673,201,1,1
200,676,225,2,0
200,688,224,3,2
200,700,201,1,1
201,668,200,1,1
201,676,226,3,0
201,684,202,2,1
201,688,200,1,1
202,676,227,3,0
203,676,228,3,0
204,631,205,2,1
204,667,229,3,0
204,668,205,2,1
204,676,229,3,0
204,688,203,1,2
205,668,206,2,1
205,676,230,3,0
205,688,206,2,1
205,700,180,0,3
205,713,230,3,0
206,633,231,3,0
206,668,207,2,1
206,676,231,3,0
206,688,207,2,1
206,698,231,3,0
206,700,181,0,3
206,702,207,2,1
206,710,181,0,3
206,713,231,3,0
207,633,232,3,0
207,668,208,2,1
207,676,232,3,0
207,688,208,2,1
207,698,232,3,0
207,700,182,0,3
207,702,208,2,1
207,710,182,0,3
207,713,232,3,0
208,625,233,3,0
208,627,233,3,0
208,628,183,0,3
208,630,183,0,3
208,633,233,3,0
208,634,233,3,0
208,635,183,0,3
208,639,233,3,0
208,641,233,3,0
208,642,233,3,0
208,645,183,0,3
208,648,233,3,0
208,649,183,0,3
208,655,183,0,3
208,658,233,3,0
208,660,233,3,0
208,662,233,3,0
208,668,233,3,0
208,669,183,0,3
208,670,183,0,3
208,673,183,0,3
208,674,183,0,3
208,675,183,0,3
208,676,233,3,0
208,678,183,0,3
208,679,233,3,0
208,680,233,3,0
208,684,233,3,0
208,686,233,3,0
208,688,233,3,0
208,689,183,0,3
208,691,183,0,3
208,692,183,0,3
208,695,183,0,3
208,698,233,3,0
208,699,183,0,3
208,700,183,0,3
208,701,183,0,3
208,702,183,0,3
208,704,183,0,3
208,706,183,0,3
208,707,233,3,0
208,708,183,0,3
208,710,183,0,3
208,712,183,0,3
208,713,233,3,0
208,714,183,0,3
208,717,183,0,3
208,720,183,0,3
208,722,183,0,3
208,723,183,0,3
208,724,183,0,3
209,626,208,1,2
209,629,208,1,2
209,631,208,1,2
209,632,208,1,2
209,633,208,1,2
209,636,208,1,2
209,637,208,1,2
209,638,208,1,2
209,640,208,1,2
209,643,208,1,2
209,646,208,1,2
209,647,208,1,2
209,650,208,1,2
209,651,208,1,2
209,652,208,1,2
209,653,208,1,2
209,654,208,1,2
209,656,208,1,2
209,657,208,1,2
209,659,208,1,2
209,663,208,1,2
209,664,208,1,2
209,665,208,1,2
209,666,208,1,2
209,667,208,1,2
209,668,234,3,0
209,671,208,1,2
209,676,208,1,2
209,677,208,1,2
209,681,208,1,2
209,682,208,1,2
209,683,208,1,2
209,685,208,1,2
209,687,208,1,2
209,688,234,3,0
209,690,208,1,2
209,693,208,1,2
209,694,208,1,2
209,696,208,1,2
209,697,208,1,2
209,698,208,1,2
209,700,208,1,2
209,702,184,0,3
209,703,208,1,2
209,705,208,1,2
209,709,208,1,2
209,710,208,1,2
209,711,208,1,2
209,713,208,1,2
209,715,208,1,2
209,716,208,1,2
209,718,208,1,2
209,719,208,1,2
210,633,209,1,2
210,668,235,3,0
210,676,209,1,2
210,688,235,3,0
210,698,209,1,2
210,700,209,1,2
210,701,209,1,2
210,702,185,0,3
210,710,209,1,2
210,713,209,1,2
211,633,210,1,2
211,668,236,3,0
211,676,210,1,2
211,688,236,3,0
211,698,210,1,2
211,700,210,1,2
211,702,186,0,3
211,710,210,1,2
211,713,210,1,2
212,668,237,3,0
212,676,211,1,2
212,688,237,3,0
212,700,211,1,2
212,713,211,1,2
213,668,238,3,0
213,673,212,1,2
213,676,212,1,2
213,688,214,2,1
213,700,212,1,2
214,676,213,1,2
214,684,213,1,2
215,676,216,2,1
216,668,241,3,0
216,676,217,2,1
216,684,215,1,2
217,631,216,1,2
217,667,218,2,1
217,668,242,3,0
217,673,216,1,2
217,676,218,2,1
217,688,242,3,0
217,700,216,1,2
218,668,243,3,0
218,676,219,2,1
218,688,243,3,0
218,700,219,2,1
218,713,219,2,1
219,633,220,2,1
219,668,244,3,0
219,676,220,2,1
219,688,244,3,0
219,698,220,2,1
219,700,220,2,1
219,702,194,0,3
219,710,220,2,1
219,713,220,2,1
220,633,221,2,1
220,668,245,3,0
220,676,221,2,1
220,688,245,3,0
220,698,221,2,1
220,700,221,2,1
220,701,219,1,2
220,702,195,0,3
220,710,221,2,1
220,713,221,2,1
221,633,246,3,0
221,668,246,3,0
221,676,246,3,0
221,688,246,3,0
221,698,246,3,0
221,700,196,0,3
221,702,196,0,3
221,710,196,0,3
221,713,246,3,0
222,633,247,3,0
222,668,221,1,2
222,676,247,3,0
222,688,221,1,2
222,698,247,3,0
222,700,197,0,3
222,701,223,2,1
222,702,221,1,2
222,710,197,0,3
222,713,247,3,0
223,633,248,3,0
223,668,222,1,2
223,676,248,3,0
223,688,222,1,2
223,698,248,3,0
223,700,198,0,3
223,702,222,1,2
223,710,198,0,3
223,713,248,3,0
224,668,223,1,2
224,676,249,3,0
224,688,223,1,2
224,700,199,0,3
224,713,249,3,0
225,631,226,1,1
225,667,250,2,0
225,668,249,3,2
225,673,226,1,1
225,676,250,2,0
225,688,249,3,2
225,700,226,1,1
226,668,225,1,1
226,676,251,3,0
226,684,227,2,1
226,688,225,1,1
227,676,252,3,0
228,676,253,3,0
229,631,230,2,1
229,667,254,3,0
229,668,230,2,1
229,676,254,3,0
229,688,228,1,2
230,667,255,3,0
230,668,231,2,1
230,676,255,3,0
230,688,231,2,1
230,700,205,0,3
230,713,255,3,0
231,633,256,3,0
231,667,256,3,0
231,668,232,2,1
231,676,256,3,0
231,688,232,2,1
231,698,256,3,0
231,700,206,0,3
231,702,232,2,1
231,710,206,0,3
231,713,256,3,0
232,633,257,3,0
232,667,257,3,0
232,668,233,2,1
232,676,257,3,0
232,688,233,2,1
232,698,257,3,0
232,700,207,0,3
232,702,233,2,1
232,710,207,0,3
232,713,257,3,0
233,625,258,3,0
233,627,258,3,0
233,628,208,0,3
233,630,258,3,0
233,633,258,3,0
233,634,258,3,0
233,635,208,0,3
233,639,258,3,0
233,641,258,3,0
233,642,258,3,0
233,644,208,0,3
233,645,208,0,3
233,648,258,3,0
233,649,208,0,3
233,655,208,0,3
233,658,258,3,0
233,660,258,3,0
233,662,258,3,0
233,667,258,3,0
233,668,258,3,0
233,669,208,0,3
233,670,208,0,3
233,673,208,0,3
233,674,208,0,3
233,675,208,0,3
233,676,258,3,0
233,678,208,0,3
233,679,258,3,0
233,680,258,3,0
233,684,258,3,0
233,686,258,3,0
233,688,258,3,0
233,689,208,0,3
233,691,258,3,0
233,692,208,0,3
233,695,208,0,3
233,698,258,3,0
233,699,208,0,3
233,700,208,0,3
233,701,208,0,3
233,702,208,0,3
233,704,208,0,3
233,706,208,0,3
233,707,258,3,0
233,708,208,0,3
233,710,208,0,3
233,712,208,0,3
233,713,258,3,0
233,714,208,0,3
233,717,208,0,3
233,720,208,0,3
233,722,208,0,3
233,723,208,0,3
233,724,208,0,3
234,626,233,1,2
234,629,233,1,2
234,631,233,1,2
234,632,233,1,2
234,633,233,1,2
234,636,233,1,2
234,637,233,1,2
234,638,233,1,2
234,640,233,1,2
234,643,233,1,2
234,646,233,1,2
234,647,233,1,2
234,650,233,1,2
234,651,233,1,2
234,652,233,1,2
234,653,233,1,2
234,654,233,1,2
234,656,233,1,2
234,657,233,1,2
234,659,233,1,2
234,661,233,1,2
234,663,233,1,2
234,664,233,1,2
234,665,233,1,2
234,666,233,1,2
234,668,259,3,0
234,671,233,1,2
234,672,233,1,2
234,676,233,1,2
234,677,233,1,2
234,681,233,1,2
234,683,233,1,2
234,685,233,1,2
234,687,233,1,2
234,688,259,3,0
234,690,233,1,2
234,693,233,1,2
234,694,233,1,2
234,696,233,1,2
234,697,233,1,2
234,698,233,1,2
234,700,233,1,2
234,702,209,0,3
234,703,233,1,2
234,709,233,1,2
234,710,233,1,2
234,711,233,1,2
234,713,233,1,2
234,715,233,1,2
234,718,233,1,2
234,719,233,1,2
235,633,234,1,2
235,668,260,3,0
235,676,234,1,2
235,688,260,3,0
235,698,234,1,2
235,700,234,1,2
235,701,234,1,2
235,702,210,0,3
235,710,234,1,2
235,713,234,1,2
236,633,235,1,2
236,668,261,3,0
236,676,235,1,2
236,688,261,3,0
236,698,235,1,2
236,700,235,1,2
236,702,211,0,3
236,710,235,1,2
236,713,235,1,2
237,668,262,3,0
237,676,236,1,2
237,688,262,3,0
237,700,236,1,2
237,713,236,1,2
238,668,263,3,0
238,673,237,1,2
238,676,237,1,2
238,688,239,2,1
238,700,237,1,2
239,676,238,1,2
239,684,238,1,2
240,676,241,2,1
241,668,266,3,0
241,676,242,2,1
241,684,240,1,2
242,631,241,1,2
242,667,243,2,1
242,668,267,3,0
242,673,241,1,2
242,676,243,2,1
242,688,267,3,0
242,700,241,1,2
243,668,268,3,0
243,676,244,2,1
243,688,268,3,0
243,700,244,2,1
243,713,244,2,1
244,633,245,2,1
244,668,269,3,0
244,676,245,2,1
244,688,269,3,0
244,698,245,2,1
244,700,245,2,1
244,702,219,0,3
244,710,245,2,1
244,713,245,2,1
245,633,246,2,1
245,668,270,3,0
245,676,246,2,1
245,688,270,3,0
245,698,246,2,1
245,700,246,2,1
245,701,244,1,2
245,702,220,0,3
245,710,246,2,1
245,713,246,2,1
246,633,271,3,0
246,667,271,3,0
246,668,271,3,0
246,676,271,3,0
246,688,271,3,0
246,698,271,3,0
246,700,221,0,3
246,702,221,0,3
246,710,221,0,3
246,713,271,3,0
247,633,272,3,0
247,667,272,3,0
247,668,246,1,2
247,676,272,3,0
247,688,246,1,2
247,698,272,3,0
247,700,222,0,3
247,701,248,2,1
247,702,246,1,2
247,710,222,0,3
247,713,272,3,0
248,633,273,3,0
248,667,273,3,0
248,668,247,1,2
248,676,273,3,0
248,688,247,1,2
248,698,273,3,0
248,700,223,0,3
248,702,247,1,2
248,710,223,0,3
248,713,273,3,0
249,667,274,3,0
249,668,248,1,2
249,676,274,3,0
249,688,248,1,2
249,700,224,0,3
249,713,274,3,0
250,631,251,1,1
250,668,274,3,2
250,673,251,1,1
250,676,275,2,0
250,688,274,3,2
250,700,251,1,1
251,668,250,1,1
251,676,276,3,0
251,684,252,2,1
251,688,250,1,1
252,676,277,3,0
253,676,278,3,0
254,631,255,2,1
254,667,667,46,0
254,668,255,2,1
254,676,279,3,0
254,688,253,1,2
255,667,254,1,2
255,668,256,2,1
255,676,280,3,0
255,688,256,2,1
255,700,230,0,3
255,713,280,3,0
256,633,281,3,0
256,667,255,1,2
256,668,257,2,1
256,676,281,3,0
256,688,257,2,1
256,698,281,3,0
256,700,231,0,3
256,702,257,2,1
256,710,281,3,0
256,713,281,3,0
257,633,282,3,0
257,667,256,1,2
257,668,258,2,1
257,676,282,3,0
257,688,258,2,1
257,698,282,3,0
257,700,232,0,3
257,702,258,2,1
257,710,282,3,0
257,713,282,3,0
258,625,283,3,0
258,627,283,3,0
258,628,233,0,3
258,630,283,3,0
258,633,283,3,0
258,634,283,3,0
258,635,283,3,0
258,639,283,3,0
258,641,283,3,0
258,642,283,3,0
258,644,233,0,3
258,645,233,0,3
258,648,283,3,0
258,649,233,0,3
258,655,233,0,3
258,658,283,3,0
258,660,283,3,0
258,662,283,3,0
258,667,257,1,2
258,668,283,3,0
258,669,233,0,3
258,670,283,3,0
258,673,233,0,3
258,674,233,0,3
258,675,233,0,3
258,676,283,3,0
258,678,233,0,3
258,679,283,3,0
258,680,283,3,0
258,684,283,3,0
258,686,283,3,0
258,688,283,3,0
258,689,233,0,3
258,691,283,3,0
258,692,233,0,3
258,695,233,0,3
258,698,283,3,0
258,699,233,0,3
258,700,233,0,3
258,701,233,0,3
258,704,233,0,3
258,706,233,0,3
258,707,283,3,0
258,708,233,0,3
258,710,283,3,0
258,712,233,0,3
258,713,283,3,0
258,714,233,0,3
258,717,233,0,3
258,720,233,0,3
258,722,233,0,3
258,723,233,0,3
258,724,233,0,3
259,626,258,1,2
259,629,258,1,2
259,631,258,1,2
259,632,258,1,2
259,633,258,1,2
259,636,258,1,2
259,637,258,1,2
259,638,258,1,2
259,640,258,1,2
259,643,258,1,2
259,646,258,1,2
259,647,258,1,2
259,650,258,1,2
259,651,258,1,2
259,652,258,1,2
259,653,258,1,2
259,654,258,1,2
259,656,258,1,2
259,657,258,1,2
259,659,258,1,2
259,661,258,1,2
259,663,258,1,2
259,664,258,1,2
259,665,258,1,2
259,666,258,1,2
259,667,258,1,2
259,668,284,3,0
259,672,258,1,2
259,676,258,1,2
259,677,258,1,2
259,681,258,1,2
259,682,258,1,2
259,683,258,1,2
259,685,258,1,2
259,687,258,1,2
259,688,284,3,0
259,690,258,1,2
259,693,258,1,2
259,694,258,1,2
259,696,258,1,2
259,697,258,1,2
259,698,258,1,2
259,700,258,1,2
259,703,258,1,2
259,705,258,1,2
259,709,258,1,2
259,710,258,1,2
259,711,258,1,2
259,713,258,1,2
259,715,258,1,2
259,716,258,1,2
259,718,258,1,2
259,719,258,1,2
260,633,259,1,2
260,668,285,3,0
260,676,259,1,2
260,688,285,3,0
260,698,259,1,2
260,700,259,1,2
260,701,259,1,2
260,702,235,0,3
260,710,259,1,2
260,713,259,1,2
261,633,260,1,2
261,668,286,3,0
261,676,260,1,2
261,688,286,3,0
261,698,260,1,2
261,700,260,1,2
261,702,236,0,3
261,710,260,1,2
261,713,260,1,2
262,668,287,3,0
262,676,261,1,2
262,688,287,3,0
262,700,261,1,2
262,713,261,1,2
263,668,288,3,0
263,673,262,1,2
263,676,262,1,2
263,688,264,2,1
263,700,262,1,2
264,676,263,1,2
264,684,263,1,2
265,676,266,2,1
266,668,291,3,0
266,676,267,2,1
266,684,265,1,2
267,631,266,1,2
267,667,268,2,1
267,668,292,3,0
267,673,266,1,2
267,676,268,2,1
267,688,292,3,0
267,700,266,1,2
268,668,293,3,0
268,676,269,2,1
268,688,293,3,0
268,700,269,2,1
268,713,269,2,1
269,633,270,2,1
269,668,294,3,0
269,676,270,2,1
269,688,294,3,0
269,698,270,2,1
269,700,270,2,1
269,702,244,0,3
269,710,270,2,1
269,713,270,2,1
270,633,271,2,1
270,668,295,3,0
270,676,271,2,1
270,688,295,3,0
270,698,271,2,1
270,700,271,2,1
270,701,269,1,2
270,702,245,0,3
270,710,271,2,1
270,713,271,2,1
271,633,296,3,0
271,667,272,2,1
271,668,296,3,0
271,676,296,3,0
271,688,296,3,0
271,698,296,3,0
271,700,246,0,3
271,713,296,3,0
272,633,297,3,0
272,667,273,2,1
272,668,271,1,2
272,676,297,3,0
272,688,271,1,2
272,698,297,3,0
272,700,247,0,3
272,701,273,2,1
272,702,271,1,2
272,710,297,3,0
272,713,297,3,0
273,633,298,3,0
273,667,274,2,1
273,668,272,1,2
273,676,298,3,0
273,688,272,1,2
273,698,298,3,0
273,700,248,0,3
273,702,272,1,2
273,710,298,3,0
273,713,298,3,0
274,667,250,2,3
274,668,273,1,2
274,676,299,3,0
274,688,273,1,2
274,700,249,0,3
274,713,299,3,0
275,631,276,1,1
275,667,250,0,2
275,668,299,3,2
275,673,276,1,1
275,676,276,1,1
275,688,299,3,2
275,700,276,1,1
276,668,275,1,1
276,676,277,2,1
276,684,277,2,1
276,688,275,1,1
277,676,676,55,0
278,676,277,1,2
279,631,280,2,1
279,667,254,0,3
279,668,280,2,1
279,676,278,1,2
279,688,278,1,2
280,668,281,2,1
280,676,279,1,2
280,688,281,2,1
280,700,255,0,3
280,713,713,92,0
281,633,306,3,0
281,668,282,2,1
281,676,280,1,2
281,688,282,2,1
281,698,306,3,0
281,700,256,0,3
281,702,282,2,1
281,710,306,3,0
281,713,280,1,2
282,633,307,3,0
282,668,283,2,1
282,676,281,1,2
282,688,283,2,1
282,698,307,3,0
282,700,257,0,3
282,702,283,2,1
282,710,307,3,0
282,713,281,1,2
283,625,308,3,0
283,627,308,3,0
283,628,258,0,3
283,630,308,3,0
283,633,308,3,0
283,634,308,3,0
283,635,308,3,0
283,639,308,3,0
283,641,308,3,0
283,642,308,3,0
283,644,258,0,3
283,645,258,0,3
283,648,308,3,0
283,649,258,0,3
283,655,258,0,3
283,658,308,3,0
283,660,308,3,0
283,662,308,3,0
283,668,308,3,0
283,669,258,0,3
283,670,308,3,0
283,673,258,0,3
283,674,308,3,0
283,675,258,0,3
283,676,282,1,2
283,678,258,0,3
283,679,308,3,0
283,680,308,3,0
283,684,308,3,0
283,688,308,3,0
283,689,308,3,0
283,691,308,3,0
283,692,258,0,3
283,695,308,3,0
283,698,308,3,0
283,699,258,0,3
283,700,258,0,3
283,701,258,0,3
283,704,258,0,3
283,706,258,0,3
283,707,308,3,0
283,708,258,0,3
283,710,308,3,0
283,712,258,0,3
283,713,282,1,2
283,714,258,0,3
283,717,258,0,3
283,720,258,0,3
283,722,258,0,3
283,723,258,0,3
283,724,258,0,3
284,626,283,1,2
284,629,283,1,2
284,631,283,1,2
284,632,283,1,2
284,633,283,1,2
284,637,283,1,2
284,638,283,1,2
284,640,283,1,2
284,643,283,1,2
284,646,283,1,2
284,650,283,1,2
284,651,283,1,2
284,652,283,1,2
284,653,283,1,2
284,654,283,1,2
284,656,283,1,2
284,657,283,1,2
284,659,283,1,2
284,661,283,1,2
284,663,283,1,2
284,664,283,1,2
284,665,283,1,2
284,666,283,1,2
284,667,283,1,2
284,668,309,3,0
284,671,283,1,2
284,672,283,1,2
284,676,283,1,2
284,677,283,1,2
284,682,283,1,2
284,683,283,1,2
284,685,283,1,2
284,687,283,1,2
284,688,309,3,0
284,690,283,1,2
284,693,283,1,2
284,694,283,1,2
284,696,283,1,2
284,697,283,1,2
284,698,283,1,2
284,700,283,1,2
284,703,283,1,2
284,705,283,1,2
284,709,283,1,2
284,710,283,1,2
284,711,283,1,2
284,713,283,1,2
284,715,283,1,2
284,716,283,1,2
284,718,283,1,2
285,633,284,1,2
285,668,310,3,0
285,676,284,1,2
285,688,310,3,0
285,698,284,1,2
285,700,284,1,2
285,701,284,1,2
285,702,260,0,3
285,710,284,1,2
285,713,284,1,2
286,633,285,1,2
286,668,311,3,0
286,676,285,1,2
286,688,311,3,0
286,698,285,1,2
286,700,285,1,2
286,702,261,0,3
286,710,285,1,2
286,713,285,1,2
287,668,312,3,0
287,676,286,1,2
287,688,312,3,0
287,700,286,1,2
287,713,286,1,2
288,668,313,3,0
288,673,287,1,2
288,676,287,1,2
288,688,289,2,1
288,700,287,1,2
289,676,288,1,2
289,684,288,1,2
290,676,291,2,1
291,668,316,3,0
291,676,292,2,1
291,684,290,1,2
292,631,291,1,2
292,667,293,2,1
292,668,317,3,0
292,673,291,1,2
292,676,293,2,1
292,688,317,3,0
292,700,291,1,2
293,668,318,3,0
293,676,294,2,1
293,688,318,3,0
293,700,294,2,1
293,713,294,2,1
294,633,295,2,1
294,668,319,3,0
294,676,295,2,1
294,688,319,3,0
294,698,295,2,1
294,700,295,2,1
294,702,269,0,3
294,710,295,2,1
294,713,295,2,1
295,633,296,2,1
295,668,320,3,0
295,676,296,2,1
295,688,320,3,0
295,698,296,2,1
295,700,296,2,1
295,701,294,1,2
295,702,270,0,3
295,710,296,2,1
295,713,296,2,1
296,633,321,3,0
296,668,321,3,0
296,676,297,2,1
296,688,321,3,0
296,698,321,3,0
296,700,271,0,3
296,713,297,2,1
297,633,322,3,0
297,668,296,1,2
297,676,298,2,1
297,688,296,1,2
297,698,322,3,0
297,700,272,0,3
297,701,298,2,1
297,702,296,1,2
297,710,322,3,0
297,713,298,2,1
298,633,323,3,0
298,668,297,1,2
298,676,299,2,1
298,688,297,1,2
298,698,323,3,0
298,700,273,0,3
298,702,297,1,2
298,710,323,3,0
298,713,299,2,1
299,668,298,1,2
299,676,275,2,3
299,688,298,1,2
299,700,274,0,3
299,713,275,2,3
300,631,301,1,1
300,667,275,0,2
300,668,324,3,2
300,673,301,1,1
300,676,275,0,2
300,688,324,3,2
300,700,301,1,1
301,668,300,1,1
301,676,276,0,3
301,684,302,2,1
301,688,300,1,1
302,676,277,0,3
303,676,278,0,3
304,631,305,2,1
304,667,279,0,3
304,668,305,2,1
304,676,279,0,3
304,688,303,1,2
305,631,330,3,0
305,668,306,2,1
305,676,280,0,3
305,688,306,2,1
305,700,280,0,3
305,713,280,0,3
306,631,331,3,0
306,633,331,3,0
306,668,307,2,1
306,676,281,0,3
306,688,307,2,1
306,698,331,3,0
306,700,281,0,3
306,702,307,2,1
306,710,331,3,0
306,713,281,0,3
307,631,332,3,0
307,633,332,3,0
307,668,308,2,1
307,676,282,0,3
307,688,308,2,1
307,698,332,3,0
307,700,282,0,3
307,702,308,2,1
307,710,332,3,0
307,713,282,0,3
308,625,333,3,0
308,627,333,3,0
308,628,283,0,3
308,630,333,3,0
308,631,333,3,0
308,633,333,3,0
308,634,333,3,0
308,635,333,3,0
308,639,333,3,0
308,641,333,3,0
308,642,333,3,0
308,644,283,0,3
308,645,283,0,3
308,648,333,3,0
308,649,283,0,3
308,655,283,0,3
308,658,333,3,0
308,660,333,3,0
308,662,333,3,0
308,668,333,3,0
308,669,283,0,3
308,670,333,3,0
308,673,283,0,3
308,674,333,3,0
308,675,283,0,3
308,676,283,0,3
308,678,283,0,3
308,679,333,3,0
308,680,333,3,0
308,684,333,3,0
308,686,283,0,3
308,688,333,3,0
308,689,333,3,0
308,691,333,3,0
308,692,283,0,3
308,695,333,3,0
308,698,333,3,0
308,699,283,0,3
308,700,283,0,3
308,701,283,0,3
308,704,283,0,3
308,706,283,0,3
308,707,333,3,0
308,708,333,3,0
308,710,333,3,0
308,712,283,0,3
308,713,283,0,3
308,714,283,0,3
308,717,283,0,3
308,720,283,0,3
308,722,283,0,3
308,723,283,0,3
308,724,283,0,3
309,626,308,1,2
309,629,308,1,2
309,631,308,1,2
309,632,308,1,2
309,633,308,1,2
309,636,308,1,2
309,637,308,1,2
309,638,308,1,2
309,640,308,1,2
309,643,308,1,2
309,646,308,1,2
309,647,308,1,2
309,650,308,1,2
309,651,308,1,2
309,652,308,1,2
309,653,308,1,2
309,654,308,1,2
309,656,308,1,2
309,657,308,1,2
309,659,308,1,2
309,661,308,1,2
309,663,308,1,2
309,664,308,1,2
309,665,308,1,2
309,667,308,1,2
309,668,334,3,0
309,671,308,1,2
309,672,308,1,2
309,676,308,1,2
309,677,308,1,2
309,681,308,1,2
309,682,308,1,2
309,683,308,1,2
309,685,308,1,2
309,687,308,1,2
309,688,334,3,0
309,690,308,1,2
309,693,308,1,2
309,694,308,1,2
309,696,308,1,2
309,697,308,1,2
309,698,308,1,2
309,700,308,1,2
309,703,308,1,2
309,705,308,1,2
309,709,308,1,2
309,710,308,1,2
309,711,308,1,2
309,713,308,1,2
309,715,308,1,2
309,716,308,1,2
309,719,308,1,2
310,633,309,1,2
310,668,335,3,0
310,676,309,1,2
310,688,335,3,0
310,698,309,1,2
310,700,309,1,2
310,701,309,1,2
310,702,285,0,3
310,710,309,1,2
310,713,309,1,2
311,633,310,1,2
311,668,336,3,0
311,676,310,1,2
311,688,336,3,0
311,698,310,1,2
311,700,310,1,2
311,702,286,0,3
311,710,310,1,2
311,713,310,1,2
312,668,337,3,0
312,676,311,1,2
312,688,337,3,0
312,700,311,1,2
312,713,311,1,2
313,668,338,3,0
313,673,312,1,2
313,676,312,1,2
313,688,314,2,1
313,700,312,1,2
314,676,313,1,2
314,684,313,1,2
315,676,316,2,1
316,668,341,3,0
316,676,317,2,1
316,684,315,1,2
317,631,316,1,2
317,667,318,2,1
317,668,342,3,0
317,673,316,1,2
317,676,318,2,1
317,688,342,3,0
317,700,316,1,2
318,668,343,3,0
318,676,319,2,1
318,688,343,3,0
318,700,319,2,1
318,713,319,2,1
319,633,320,2,1
319,668,344,3,0
319,676,320,2,1
319,688,344,3,0
319,698,320,2,1
319,700,320,2,1
319,702,294,0,3
319,710,320,2,1
319,713,320,2,1
320,633,321,2,1
320,668,345,3,0
320,676,321,2,1
320,688,345,3,0
320,698,321,2,1
320,700,321,2,1
320,701,319,1,2
320,702,295,0,3
320,710,321,2,1
320,713,321,2,1
321,631,346,3,0
321,633,346,3,0
321,668,346,3,0
321,676,296,0,3
321,688,346,3,0
321,698,346,3,0
321,700,296,0,3
322,631,347,3,0
322,633,347,3,0
322,668,321,1,2
322,676,297,0,3
322,688,321,1,2
322,698,347,3,0
322,700,297,0,3
322,701,323,2,1
322,702,321,1,2
322,710,347,3,0
322,713,297,0,3
323,631,348,3,0
323,633,348,3,0
323,668,322,1,2
323,676,298,0,3
323,688,322,1,2
323,698,348,3,0
323,700,298,0,3
323,702,322,1,2
323,710,348,3,0
323,713,298,0,3
324,631,349,3,0
324,668,323,1,2
324,676,299,0,3
324,688,323,1,2
324,700,299,0,3
324,713,299,0,3
325,631,326,1,1
325,667,300,0,2
325,668,349,3,2
325,673,326,1,1
325,676,300,0,2
325,688,349,3,2
325,700,326,1,1
326,668,325,1,1
326,676,301,0,3
326,684,327,2,1
326,688,325,1,1
327,676,302,0,3
328,676,303,0,3
329,631,330,2,1
329,667,304,0,3
329,668,330,2,1
329,676,304,0,3
329,688,328,1,2
330,668,331,2,1
330,676,305,0,3
330,688,331,2,1
330,700,355,3,0
330,713,305,0,3
331,633,633,12,0
331,668,332,2,1
331,676,306,0,3
331,688,332,2,1
331,698,356,3,0
331,700,356,3,0
331,702,332,2,1
331,710,356,3,0
331,713,306,0,3
332,633,331,1,2
332,668,333,2,1
332,676,307,0,3
332,688,333,2,1
332,698,357,3,0
332,700,357,3,0
332,702,333,2,1
332,710,357,3,0
332,713,307,0,3
333,625,358,3,0
333,627,358,3,0
333,628,308,0,3
333,630,358,3,0
333,633,332,1,2
333,634,358,3,0
333,635,358,3,0
333,639,358,3,0
333,641,358,3,0
333,642,358,3,0
333,644,308,0,3
333,645,308,0,3
333,648,358,3,0
333,649,308,0,3
333,655,308,0,3
333,658,358,3,0
333,660,358,3,0
333,662,358,3,0
333,668,358,3,0
333,669,308,0,3
333,670,358,3,0
333,673,308,0,3
333,674,358,3,0
333,675,308,0,3
333,676,308,0,3
333,678,308,0,3
333,679,358,3,0
333,680,358,3,0
333,684,358,3,0
333,686,308,0,3
333,688,358,3,0
333,689,358,3,0
333,691,358,3,0
333,692,308,0,3
333,695,358,3,0
333,698,358,3,0
333,699,308,0,3
333,700,358,3,0
333,701,308,0,3
333,704,308,0,3
333,706,308,0,3
333,707,358,3,0
333,708,358,3,0
333,710,358,3,0
333,712,308,0,3
333,713,308,0,3
333,714,308,0,3
333,717,308,0,3
333,720,308,0,3
333,722,308,0,3
333,723,308,0,3
333,724,308,0,3
334,626,333,1,2
334,629,333,1,2
334,631,333,1,2
334,632,333,1,2
334,633,333,1,2
334,636,333,1,2
334,637,333,1,2
334,638,333,1,2
334,640,333,1,2
334,643,333,1,2
334,646,333,1,2
334,647,333,1,2
334,650,333,1,2
334,651,333,1,2
334,653,333,1,2
334,654,333,1,2
334,656,333,1,2
334,657,333,1,2
334,659,333,1,2
334,661,333,1,2
334,663,333,1,2
334,664,333,1,2
334,665,333,1,2
334,666,333,1,2
334,667,333,1,2
334,668,359,3,0
334,671,333,1,2
334,672,333,1,2
334,673,309,0,3
334,676,333,1,2
334,677,333,1,2
334,681,333,1,2
334,682,333,1,2
334,683,333,1,2
334,685,333,1,2
334,687,333,1,2
334,688,359,3,0
334,690,333,1,2
334,694,333,1,2
334,696,333,1,2
334,697,333,1,2
334,698,333,1,2
334,700,333,1,2
334,701,309,0,3
334,703,333,1,2
334,705,333,1,2
334,710,333,1,2
334,711,333,1,2
334,713,333,1,2
334,716,333,1,2
334,718,333,1,2
334,719,333,1,2
335,633,334,1,2
335,668,360,3,0
335,673,310,0,3
335,676,334,1,2
335,688,360,3,0
335,698,334,1,2
335,700,334,1,2
335,701,334,1,2
335,702,310,0,3
335,710,334,1,2
335,713,334,1,2
336,633,335,1,2
336,668,361,3,0
336,673,311,0,3
336,676,335,1,2
336,688,361,3,0
336,698,335,1,2
336,700,335,1,2
336,702,311,0,3
336,710,335,1,2
336,713,335,1,2
337,668,362,3,0
337,673,312,0,3
337,676,336,1,2
337,688,362,3,0
337,700,336,1,2
337,713,336,1,2
338,668,363,3,0
338,673,337,1,2
338,676,337,1,2
338,688,339,2,1
338,700,337,1,2
339,676,338,1,2
339,684,338,1,2
340,676,341,2,1
341,668,366,3,0
341,676,342,2,1
341,684,340,1,2
342,631,341,1,2
342,667,343,2,1
342,668,367,3,0
342,673,341,1,2
342,676,343,2,1
342,688,367,3,0
342,700,341,1,2
343,668,368,3,0
343,673,318,0,3
343,676,344,2,1
343,688,368,3,0
343,700,344,2,1
343,713,344,2,1
344,633,345,2,1
344,668,369,3,0
344,673,319,0,3
344,676,345,2,1
344,688,369,3,0
344,698,345,2,1
344,700,345,2,1
344,702,319,0,3
344,710,345,2,1
344,713,345,2,1
345,633,346,2,1
345,668,370,3,0
345,673,320,0,3
345,676,346,2,1
345,688,370,3,0
345,698,346,2,1
345,700,346,2,1
345,701,344,1,2
345,702,320,0,3
345,710,346,2,1
345,713,346,2,1
346,633,347,2,1
346,668,371,3,0
346,673,321,0,3
346,676,321,0,3
346,688,371,3,0
346,698,371,3,0
346,701,321,0,3
347,633,348,2,1
347,668,346,1,2
347,676,322,0,3
347,688,346,1,2
347,698,372,3,0
347,700,372,3,0
347,701,348,2,1
347,702,346,1,2
347,710,372,3,0
347,713,322,0,3
348,633,349,2,1
348,668,347,1,2
348,676,323,0,3
348,688,347,1,2
348,698,373,3,0
348,700,373,3,0
348,702,347,1,2
348,710,373,3,0
348,713,323,0,3
349,668,348,1,2
349,676,324,0,3
349,688,348,1,2
349,700,374,3,0
349,713,324,0,3
350,631,351,1,1
350,667,325,0,2
350,668,374,3,2
350,673,351,1,1
350,676,325,0,2
350,688,374,3,2
350,700,351,1,1
351,668,350,1,1
351,676,326,0,3
351,684,352,2,1
351,688,350,1,1
352,676,327,0,3
353,676,328,0,3
354,631,355,2,1
354,667,329,0,3
354,668,355,2,1
354,676,329,0,3
354,688,353,1,2
355,668,356,2,1
355,676,330,0,3
355,688,356,2,1
355,700,380,3,0
355,713,330,0,3
356,633,331,0,3
356,668,357,2,1
356,676,331,0,3
356,688,357,2,1
356,698,698,77,0
356,700,381,3,0
356,702,357,2,1
356,710,381,3,0
356,713,331,0,3
357,633,332,0,3
357,668,358,2,1
357,676,332,0,3
357,688,358,2,1
357,698,356,1,2
357,700,382,3,0
357,702,358,2,1
357,710,382,3,0
357,713,332,0,3
358,625,383,3,0
358,627,383,3,0
358,628,333,0,3
358,630,383,3,0
358,633,333,0,3
358,634,383,3,0
358,635,383,3,0
358,639,383,3,0
358,641,383,3,0
358,642,383,3,0
358,644,333,0,3
358,645,383,3,0
358,648,383,3,0
358,649,333,0,3
358,655,333,0,3
358,658,383,3,0
358,660,383,3,0
358,662,383,3,0
358,668,383,3,0
358,669,333,0,3
358,670,383,3,0
358,673,383,3,0
358,674,383,3,0
358,675,333,0,3
358,676,333,0,3
358,678,333,0,3
358,679,383,3,0
358,680,383,3,0
358,684,383,3,0
358,686,333,0,3
358,688,383,3,0
358,689,383,3,0
358,691,383,3,0
358,692,383,3,0
358,695,383,3,0
358,698,357,1,2
358,699,333,0,3
358,700,383,3,0
358,701,383,3,0
358,704,333,0,3
358,706,333,0,3
358,708,383,3,0
358,710,383,3,0
358,712,333,0,3
358,713,333,0,3
358,714,333,0,3
358,717,383,3,0
358,720,333,0,3
358,722,333,0,3
358,723,333,0,3
358,724,333,0,3
359,629,358,1,2
359,631,358,1,2
359,632,358,1,2
359,633,358,1,2
359,636,358,1,2
359,637,358,1,2
359,638,358,1,2
359,640,358,1,2
359,643,358,1,2
359,646,358,1,2
359,647,358,1,2
359,650,358,1,2
359,651,358,1,2
359,652,358,1,2
359,653,358,1,2
359,654,358,1,2
359,656,358,1,2
359,657,358,1,2
359,659,358,1,2
359,661,358,1,2
359,663,358,1,2
359,664,358,1,2
359,665,358,1,2
359,666,358,1,2
359,667,358,1,2
359,668,384,3,0
359,671,358,1,2
359,672,358,1,2
359,676,358,1,2
359,681,358,1,2
359,682,358,1,2
359,687,358,1,2
359,688,384,3,0
359,690,358,1,2
359,693,358,1,2
359,694,358,1,2
359,696,358,1,2
359,698,358,1,2
359,700,358,1,2
359,703,358,1,2
359,705,358,1,2
359,709,358,1,2
359,710,358,1,2
359,711,358,1,2
359,713,358,1,2
359,715,358,1,2
359,716,358,1,2
359,718,358,1,2
359,719,358,1,2
360,633,359,1,2
360,668,385,3,0
360,676,359,1,2
360,688,385,3,0
360,698,359,1,2
360,700,359,1,2
360,701,359,1,2
360,702,335,0,3
360,710,359,1,2
360,713,359,1,2
361,633,360,1,2
361,668,386,3,0
361,676,360,1,2
361,688,386,3,0
361,698,360,1,2
361,700,360,1,2
361,702,336,0,3
361,710,360,1,2
361,713,360,1,2
362,668,387,3,0
362,676,361,1,2
362,688,387,3,0
362,700,361,1,2
362,713,361,1,2
363,668,388,3,0
363,673,362,1,2
363,676,362,1,2
363,688,364,2,1
363,700,362,1,2
364,676,363,1,2
364,684,363,1,2
365,676,366,2,1
366,668,391,3,0
366,676,367,2,1
366,684,365,1,2
367,631,366,1,2
367,667,368,2,1
367,668,392,3,0
367,673,366,1,2
367,676,368,2,1
367,688,392,3,0
367,700,366,1,2
368,668,393,3,0
368,676,369,2,1
368,688,393,3,0
368,700,369,2,1
368,713,369,2,1
369,633,370,2,1
369,668,394,3,0
369,676,370,2,1
369,688,394,3,0
369,698,370,2,1
369,700,370,2,1
369,702,344,0,3
369,710,370,2,1
369,713,370,2,1
370,633,371,2,1
370,668,395,3,0
370,676,371,2,1
370,688,395,3,0
370,698,371,2,1
370,700,371,2,1
370,701,369,1,2
370,702,345,0,3
370,710,371,2,1
370,713,371,2,1
371,668,396,3,0
371,676,346,0,3
371,688,396,3,0
371,698,372,2,1
372,633,347,0,3
372,668,371,1,2
372,676,347,0,3
372,688,371,1,2
372,698,373,2,1
372,700,397,3,0
372,701,373,2,1
372,702,371,1,2
372,710,397,3,0
372,713,347,0,3
373,633,348,0,3
373,668,372,1,2
373,676,348,0,3
373,688,372,1,2
373,698,374,2,1
373,700,398,3,0
373,702,372,1,2
373,710,398,3,0
373,713,348,0,3
374,668,373,1,2
374,676,349,0,3
374,688,373,1,2
374,700,399,3,0
374,713,349,0,3
375,631,376,1,1
375,667,350,0,2
375,668,399,3,2
375,673,376,1,1
375,676,350,0,2
375,688,399,3,2
375,700,376,1,1
376,668,375,1,1
376,676,351,0,3
376,684,377,2,1
376,688,375,1,1
377,676,352,0,3
378,676,353,0,3
379,631,380,2,1
379,667,354,0,3
379,668,380,2,1
379,676,354,0,3
379,688,378,1,2
380,668,381,2,1
380,676,355,0,3
380,688,381,2,1
380,700,405,3,0
380,713,355,0,3
381,633,356,0,3
381,668,382,2,1
381,676,356,0,3
381,688,382,2,1
381,698,356,0,3
381,700,406,3,0
381,702,382,2,1
381,710,406,3,0
381,713,356,0,3
382,633,357,0,3
382,668,383,2,1
382,676,357,0,3
382,688,383,2,1
382,698,357,0,3
382,700,407,3,0
382,702,383,2,1
382,710,407,3,0
382,713,357,0,3
383,627,408,3,0
383,628,358,0,3
383,630,408,3,0
383,633,358,0,3
383,634,408,3,0
383,635,408,3,0
383,639,408,3,0
383,641,408,3,0
383,642,408,3,0
383,644,358,0,3
383,645,408,3,0
383,648,408,3,0
383,649,358,0,3
383,655,408,3,0
383,660,408,3,0
383,662,408,3,0
383,668,408,3,0
383,669,358,0,3
383,670,408,3,0
383,673,408,3,0
383,674,408,3,0
383,675,408,3,0
383,676,358,0,3
383,678,358,0,3
383,679,408,3,0
383,686,358,0,3
383,688,384,2,1
383,689,408,3,0
383,691,408,3,0
383,692,408,3,0
383,695,408,3,0
383,698,358,0,3
383,699,358,0,3
383,700,408,3,0
383,701,408,3,0
383,702,408,3,0
383,704,358,0,3
383,706,358,0,3
383,707,358,0,3
383,708,408,3,0
383,710,408,3,0
383,712,358,0,3
383,713,358,0,3
383,714,358,0,3
383,717,408,3,0
383,720,408,3,0
383,722,358,0,3
383,723,358,0,3
383,724,358,0,3
384,626,383,1,2
384,629,383,1,2
384,631,383,1,2
384,632,383,1,2
384,633,383,1,2
384,636,383,1,2
384,637,383,1,2
384,638,383,1,2
384,640,383,1,2
384,643,383,1,2
384,646,383,1,2
384,647,383,1,2
384,650,383,1,2
384,651,383,1,2
384,652,383,1,2
384,653,383,1,2
384,654,383,1,2
384,656,383,1,2
384,657,383,1,2
384,659,383,1,2
384,661,383,1,2
384,663,383,1,2
384,664,383,1,2
384,665,383,1,2
384,666,383,1,2
384,667,383,1,2
384,668,409,3,0
384,671,383,1,2
384,672,383,1,2
384,676,383,1,2
384,677,383,1,2
384,681,383,1,2
384,682,383,1,2
384,683,383,1,2
384,685,383,1,2
384,687,383,1,2
384,688,385,2,1
384,690,383,1,2
384,693,383,1,2
384,694,383,1,2
384,696,383,1,2
384,697,383,1,2
384,698,383,1,2
384,700,383,1,2
384,702,409,3,0
384,703,383,1,2
384,705,383,1,2
384,709,383,1,2
384,710,383,1,2
384,711,383,1,2
384,713,383,1,2
384,715,383,1,2
384,716,383,1,2
384,718,383,1,2
384,719,383,1,2
384,720,409,3,0
385,633,384,1,2
385,668,410,3,0
385,676,384,1,2
385,688,386,2,1
385,698,384,1,2
385,700,384,1,2
385,701,384,1,2
385,702,410,3,0
385,710,384,1,2
385,713,384,1,2
385,720,410,3,0
386,633,385,1,2
386,668,411,3,0
386,676,385,1,2
386,688,387,2,1
386,698,385,1,2
386,700,385,1,2
386,702,411,3,0
386,710,385,1,2
386,713,385,1,2
386,720,411,3,0
387,668,412,3,0
387,676,386,1,2
387,688,388,2,1
387,700,386,1,2
387,713,386,1,2
387,720,412,3,0
388,668,413,3,0
388,673,387,1,2
388,676,387,1,2
388,684,684,63,0
388,688,389,2,1
388,700,387,1,2
389,676,388,1,2
389,684,388,1,2
390,676,391,2,1
391,668,416,3,0
391,676,392,2,1
392,631,391,1,2
392,667,393,2,1
392,668,417,3,0
392,673,391,1,2
392,676,393,2,1
392,688,688,67,0
392,700,391,1,2
393,668,418,3,0
393,676,394,2,1
393,688,392,1,2
393,700,394,2,1
393,713,394,2,1
393,720,418,3,0
394,633,395,2,1
394,668,419,3,0
394,676,395,2,1
394,688,393,1,2
394,698,395,2,1
394,700,395,2,1
394,702,419,3,0
394,710,395,2,1
394,713,395,2,1
394,720,419,3,0
395,633,396,2,1
395,668,420,3,0
395,676,396,2,1
395,688,394,1,2
395,698,396,2,1
395,700,396,2,1
395,701,394,1,2
395,702,420,3,0
395,710,396,2,1
395,713,396,2,1
395,720,420,3,0
396,668,421,3,0
396,676,371,0,3
396,688,395,1,2
396,702,421,3,0
396,713,371,0,3
396,720,421,3,0
397,633,372,0,3
397,668,396,1,2
397,676,372,0,3
397,688,396,1,2
397,698,372,0,3
397,700,422,3,0
397,701,398,2,1
397,702,396,1,2
397,710,422,3,0
397,713,372,0,3
398,633,373,0,3
398,668,397,1,2
398,676,373,0,3
398,688,397,1,2
398,698,373,0,3
398,700,423,3,0
398,702,397,1,2
398,710,423,3,0
398,713,373,0,3
399,668,398,1,2
399,676,374,0,3
399,688,398,1,2
399,700,424,3,0
399,713,374,0,3
400,631,401,1,1
400,667,375,0,2
400,668,424,3,2
400,673,401,1,1
400,676,375,0,2
400,688,424,3,2
400,700,401,1,1
401,668,400,1,1
401,676,376,0,3
401,684,402,2,1
401,688,400,1,1
402,676,377,0,3
403,676,378,0,3
404,631,405,2,1
404,667,379,0,3
404,668,405,2,1
404,676,379,0,3
404,688,403,1,2
405,668,406,2,1
405,676,380,0,3
405,688,406,2,1
405,700,430,3,0
405,713,380,0,3
406,633,381,0,3
406,668,407,2,1
406,676,381,0,3
406,688,407,2,1
406,698,381,0,3
406,700,431,3,0
406,702,407,2,1
406,710,431,3,0
406,713,381,0,3
407,633,382,0,3
407,668,408,2,1
407,676,382,0,3
407,688,408,2,1
407,698,382,0,3
407,700,432,3,0
407,702,408,2,1
407,710,432,3,0
407,713,382,0,3
408,625,383,0,3
408,627,433,3,0
408,628,433,3,0
408,630,433,3,0
408,633,383,0,3
408,634,433,3,0
408,635,433,3,0
408,641,433,3,0
408,644,383,0,3
408,645,433,3,0
408,649,383,0,3
408,655,433,3,0
408,658,383,0,3
408,660,433,3,0
408,662,433,3,0
408,668,433,3,0
408,669,433,3,0
408,670,433,3,0
408,673,433,3,0
408,674,433,3,0
408,675,433,3,0
408,676,383,0,3
408,678,383,0,3
408,679,433,3,0
408,680,383,0,3
408,684,383,0,3
408,686,383,0,3
408,689,433,3,0
408,691,433,3,0
408,692,433,3,0
408,695,433,3,0
408,698,383,0,3
408,699,433,3,0
408,700,433,3,0
408,701,433,3,0
408,702,433,3,0
408,704,383,0,3
408,706,433,3,0
408,707,383,0,3
408,708,433,3,0
408,710,433,3,0
408,712,383,0,3
408,713,383,0,3
408,714,383,0,3
408,717,433,3,0
408,720,433,3,0
408,722,433,3,0
408,723,383,0,3
408,724,383,0,3
409,626,408,1,2
409,629,408,1,2
409,631,408,1,2
409,632,408,1,2
409,633,408,1,2
409,636,408,1,2
409,638,408,1,2
409,640,408,1,2
409,643,408,1,2
409,646,408,1,2
409,647,408,1,2
409,650,408,1,2
409,651,408,1,2
409,652,408,1,2
409,653,408,1,2
409,654,408,1,2
409,656,408,1,2
409,657,408,1,2
409,661,408,1,2
409,663,408,1,2
409,664,408,1,2
409,665,408,1,2
409,666,408,1,2
409,667,408,1,2
409,668,434,3,0
409,671,408,1,2
409,672,408,1,2
409,676,408,1,2
409,677,408,1,2
409,681,408,1,2
409,682,408,1,2
409,683,408,1,2
409,685,408,1,2
409,687,408,1,2
409,690,408,1,2
409,693,408,1,2
409,694,408,1,2
409,696,408,1,2
409,697,408,1,2
409,698,408,1,2
409,700,408,1,2
409,702,434,3,0
409,703,408,1,2
409,705,408,1,2
409,709,408,1,2
409,710,408,1,2
409,711,408,1,2
409,713,408,1,2
409,715,408,1,2
409,716,408,1,2
409,718,408,1,2
409,719,408,1,2
410,633,409,1,2
410,668,435,3,0
410,676,409,1,2
410,688,385,0,3
410,698,409,1,2
410,700,409,1,2
410,701,409,1,2
410,702,435,3,0
410,710,409,1,2
410,713,409,1,2
411,633,410,1,2
411,668,436,3,0
411,676,410,1,2
411,688,386,0,3
411,698,410,1,2
411,700,410,1,2
411,702,436,3,0
411,710,410,1,2
411,713,410,1,2
412,668,437,3,0
412,676,411,1,2
412,688,387,0,3
412,700,411,1,2
412,713,411,1,2
413,668,438,3,0
413,673,412,1,2
413,676,412,1,2
413,688,414,2,1
413,700,412,1,2
414,676,413,1,2
414,684,413,1,2
415,676,416,2,1
416,668,441,3,0
416,676,417,2,1
416,684,415,1,2
417,631,416,1,2
417,667,418,2,1
417,668,442,3,0
417,673,416,1,2
417,676,418,2,1
417,688,392,0,3
418,668,443,3,0
418,676,419,2,1
418,688,393,0,3
418,700,419,2,1
418,713,419,2,1
419,633,420,2,1
419,668,444,3,0
419,676,420,2,1
419,688,394,0,3
419,698,420,2,1
419,700,420,2,1
419,702,444,3,0
419,710,420,2,1
419,713,420,2,1
420,633,421,2,1
420,668,445,3,0
420,676,421,2,1
420,688,395,0,3
420,698,421,2,1
420,700,421,2,1
420,701,419,1,2
420,702,445,3,0
420,710,421,2,1
420,713,421,2,1
421,668,446,3,0
421,676,396,0,3
421,700,446,3,0
421,702,446,3,0
421,710,446,3,0
421,713,396,0,3
422,633,397,0,3
422,668,421,1,2
422,676,397,0,3
422,688,421,1,2
422,698,397,0,3
422,700,447,3,0
422,701,423,2,1
422,702,421,1,2
422,710,447,3,0
422,713,397,0,3
423,633,398,0,3
423,668,422,1,2
423,676,398,0,3
423,688,422,1,2
423,698,398,0,3
423,700,448,3,0
423,702,422,1,2
423,710,448,3,0
423,713,398,0,3
424,668,423,1,2
424,676,399,0,3
424,688,423,1,2
424,700,449,3,0
424,713,399,0,3
425,631,426,1,1
425,667,400,0,2
425,668,449,3,2
425,673,426,1,1
425,676,400,0,2
425,688,449,3,2
425,700,426,1,1
426,668,425,1,1
426,676,401,0,3
426,684,427,2,1
426,688,425,1,1
427,676,402,0,3
428,676,403,0,3
429,631,430,2,1
429,667,404,0,3
429,668,430,2,1
429,676,404,0,3
429,688,428,1,2
430,668,431,2,1
430,676,405,0,3
430,688,431,2,1
430,700,455,3,0
430,713,405,0,3
431,633,406,0,3
431,668,432,2,1
431,676,406,0,3
431,688,432,2,1
431,698,406,0,3
431,700,456,3,0
431,702,432,2,1
431,710,456,3,0
431,713,406,0,3
432,633,407,0,3
432,668,433,2,1
432,676,407,0,3
432,688,433,2,1
432,698,407,0,3
432,700,457,3,0
432,702,433,2,1
432,710,457,3,0
432,713,407,0,3
433,625,408,0,3
433,628,458,3,0
433,630,458,3,0
433,633,408,0,3
433,634,458,3,0
433,635,458,3,0
433,639,408,0,3
433,642,408,0,3
433,644,408,0,3
433,645,458,3,0
433,648,408,0,3
433,649,408,0,3
433,655,458,3,0
433,658,408,0,3
433,660,458,3,0
433,668,434,2,1
433,669,458,3,0
433,670,458,3,0
433,673,458,3,0
433,674,458,3,0
433,675,458,3,0
433,676,408,0,3
433,678,408,0,3
433,679,458,3,0
433,680,408,0,3
433,684,408,0,3
433,686,408,0,3
433,689,458,3,0
433,691,458,3,0
433,692,458,3,0
433,695,458,3,0
433,698,408,0,3
433,699,458,3,0
433,700,458,3,0
433,701,458,3,0
433,702,458,3,0
433,704,458,3,0
433,706,458,3,0
433,707,408,0,3
433,708,458,3,0
433,710,458,3,0
433,712,458,3,0
433,713,408,0,3
433,714,408,0,3
433,717,458,3,0
433,720,458,3,0
433,721,458,3,0
433,722,458,3,0
433,723,408,0,3
433,724,408,0,3
434,626,433,1,2
434,629,433,1,2
434,631,433,1,2
434,632,433,1,2
434,633,433,1,2
434,636,433,1,2
434,637,433,1,2
434,638,433,1,2
434,640,433,1,2
434,643,433,1,2
434,646,433,1,2
434,647,433,1,2
434,650,433,1,2
434,651,433,1,2
434,652,433,1,2
434,653,433,1,2
434,654,433,1,2
434,656,433,1,2
434,657,433,1,2
434,659,433,1,2
434,661,433,1,2
434,663,433,1,2
434,664,433,1,2
434,665,433,1,2
434,666,433,1,2
434,667,433,1,2
434,668,435,2,1
434,671,433,1,2
434,672,433,1,2
434,676,433,1,2
434,677,433,1,2
434,681,433,1,2
434,682,433,1,2
434,683,433,1,2
434,685,433,1,2
434,687,433,1,2
434,690,433,1,2
434,693,433,1,2
434,694,433,1,2
434,696,433,1,2
434,697,433,1,2
434,698,433,1,2
434,700,433,1,2
434,702,459,3,0
434,703,433,1,2
434,705,433,1,2
434,709,433,1,2
434,710,433,1,2
434,711,433,1,2
434,713,433,1,2
434,715,433,1,2
434,716,433,1,2
434,718,433,1,2
434,719,433,1,2
434,721,459,3,0
435,633,434,1,2
435,668,436,2,1
435,676,434,1,2
435,688,410,0,3
435,698,434,1,2
435,700,434,1,2
435,701,434,1,2
435,702,460,3,0
435,710,434,1,2
435,713,434,1,2
436,633,435,1,2
436,668,437,2,1
436,676,435,1,2
436,688,411,0,3
436,698,435,1,2
436,700,435,1,2
436,702,461,3,0
436,710,435,1,2
436,713,435,1,2
437,668,438,2,1
437,676,436,1,2
437,688,412,0,3
437,700,436,1,2
437,713,436,1,2
438,668,439,2,1
438,673,437,1,2
438,676,437,1,2
438,688,439,2,1
438,700,437,1,2
439,676,438,1,2
439,684,438,1,2
440,676,441,2,1
441,668,668,47,0
441,676,442,2,1
441,684,440,1,2
442,631,441,1,2
442,667,443,2,1
442,668,441,1,2
442,673,441,1,2
442,676,443,2,1
442,688,417,0,3
442,700,441,1,2
443,668,442,1,2
443,676,444,2,1
443,688,418,0,3
443,700,444,2,1
443,713,444,2,1
444,633,445,2,1
444,668,443,1,2
444,676,445,2,1
444,688,419,0,3
444,698,445,2,1
444,700,445,2,1
444,702,469,3,0
444,710,445,2,1
444,713,445,2,1
445,633,446,2,1
445,668,444,1,2
445,676,446,2,1
445,688,420,0,3
445,698,446,2,1
445,700,446,2,1
445,701,444,1,2
445,702,470,3,0
445,710,446,2,1
445,713,446,2,1
446,668,445,1,2
446,676,421,0,3
446,700,471,3,0
446,702,471,3,0
446,710,471,3,0
446,713,421,0,3
446,721,471,3,0
447,633,422,0,3
447,668,446,1,2
447,676,422,0,3
447,688,446,1,2
447,698,422,0,3
447,700,472,3,0
447,701,448,2,1
447,702,446,1,2
447,710,472,3,0
447,713,422,0,3
448,633,423,0,3
448,668,447,1,2
448,676,423,0,3
448,688,447,1,2
448,698,423,0,3
448,700,473,3,0
448,702,447,1,2
448,710,473,3,0
448,713,423,0,3
449,668,448,1,2
449,676,424,0,3
449,688,448,1,2
449,700,474,3,0
449,713,424,0,3
450,631,451,1,1
450,667,425,0,2
450,668,474,3,2
450,673,451,1,1
450,676,425,0,2
450,688,474,3,2
450,700,451,1,1
451,668,450,1,1
451,676,426,0,3
451,684,452,2,1
451,688,450,1,1
452,676,427,0,3
453,676,428,0,3
454,631,455,2,1
454,667,429,0,3
454,668,455,2,1
454,676,429,0,3
454,688,453,1,2
455,668,456,2,1
455,676,430,0,3
455,688,456,2,1
455,700,480,3,0
455,713,430,0,3
456,633,431,0,3
456,668,457,2,1
456,676,431,0,3
456,688,457,2,1
456,698,431,0,3
456,700,481,3,0
456,702,457,2,1
456,710,481,3,0
456,713,431,0,3
457,633,432,0,3
457,668,458,2,1
457,676,432,0,3
457,688,458,2,1
457,698,432,0,3
457,700,482,3,0
457,702,458,2,1
457,710,482,3,0
457,713,432,0,3
458,625,433,0,3
458,627,433,0,3
458,628,483,3,0
458,630,483,3,0
458,633,433,0,3
458,634,483,3,0
458,635,483,3,0
458,639,433,0,3
458,641,433,0,3
458,642,433,0,3
458,644,433,0,3
458,645,483,3,0
458,648,433,0,3
458,649,483,3,0
458,655,483,3,0
458,658,433,0,3
458,662,433,0,3
458,669,483,3,0
458,670,483,3,0
458,673,483,3,0
458,674,483,3,0
458,675,483,3,0
458,676,433,0,3
458,678,483,3,0
458,680,433,0,3
458,684,433,0,3
458,686,433,0,3
458,688,433,0,3
458,689,483,3,0
458,691,483,3,0
458,692,483,3,0
458,695,483,3,0
458,698,433,0,3
458,699,483,3,0
458,700,483,3,0
458,701,483,3,0
458,702,483,3,0
458,704,483,3,0
458,706,483,3,0
458,707,433,0,3
458,708,483,3,0
458,710,483,3,0
458,712,483,3,0
458,713,433,0,3
458,714,483,3,0
458,717,483,3,0
458,720,483,3,0
458,722,483,3,0
458,723,483,3,0
458,724,483,3,0
459,626,458,1,2
459,629,458,1,2
459,631,458,1,2
459,632,458,1,2
459,633,458,1,2
459,636,458,1,2
459,637,458,1,2
459,638,458,1,2
459,640,458,1,2
459,643,458,1,2
459,646,458,1,2
459,647,458,1,2
459,650,458,1,2
459,651,458,1,2
459,652,458,1,2
459,653,458,1,2
459,656,458,1,2
459,657,458,1,2
459,659,458,1,2
459,661,458,1,2
459,663,458,1,2
459,664,458,1,2
459,665,458,1,2
459,666,458,1,2
459,667,458,1,2
459,671,458,1,2
459,672,458,1,2
459,676,458,1,2
459,677,458,1,2
459,681,458,1,2
459,682,458,1,2
459,683,458,1,2
459,685,458,1,2
459,687,458,1,2
459,688,434,0,3
459,690,458,1,2
459,693,458,1,2
459,694,458,1,2
459,696,458,1,2
459,697,458,1,2
459,698,458,1,2
459,700,458,1,2
459,702,484,3,0
459,703,458,1,2
459,705,458,1,2
459,709,458,1,2
459,710,458,1,2
459,711,458,1,2
459,713,458,1,2
459,715,458,1,2
459,716,458,1,2
459,718,458,1,2
459,719,458,1,2
460,633,459,1,2
460,668,435,0,3
460,676,459,1,2
460,688,435,0,3
460,698,459,1,2
460,700,459,1,2
460,701,459,1,2
460,702,485,3,0
460,710,459,1,2
460,713,459,1,2
461,633,460,1,2
461,668,436,0,3
461,676,460,1,2
461,688,436,0,3
461,698,460,1,2
461,700,460,1,2
461,702,486,3,0
461,710,460,1,2
461,713,460,1,2
462,668,437,0,3
462,676,461,1,2
462,688,437,0,3
462,700,461,1,2
462,713,461,1,2
463,668,438,0,3
463,673,462,1,2
463,676,462,1,2
463,688,464,2,1
463,700,462,1,2
464,676,463,1,2
464,684,463,1,2
465,676,466,2,1
466,668,441,0,3
466,676,467,2,1
466,684,465,1,2
467,631,466,1,2
467,667,468,2,1
467,668,442,0,3
467,673,466,1,2
467,676,468,2,1
467,688,442,0,3
467,700,466,1,2
468,668,443,0,3
468,676,469,2,1
468,688,443,0,3
468,700,469,2,1
468,713,469,2,1
469,633,470,2,1
469,668,444,0,3
469,676,470,2,1
469,688,444,0,3
469,698,470,2,1
469,700,470,2,1
469,702,494,3,0
469,710,470,2,1
469,713,470,2,1
470,633,471,2,1
470,668,445,0,3
470,676,471,2,1
470,688,445,0,3
470,698,471,2,1
470,700,471,2,1
470,701,469,1,2
470,702,495,3,0
470,710,471,2,1
470,713,471,2,1
471,676,446,0,3
471,688,446,0,3
471,700,496,3,0
471,702,496,3,0
471,710,496,3,0
471,713,446,0,3
472,633,447,0,3
472,668,471,1,2
472,676,447,0,3
472,688,471,1,2
472,698,447,0,3
472,700,497,3,0
472,701,473,2,1
472,702,471,1,2
472,710,497,3,0
472,713,447,0,3
473,633,448,0,3
473,668,472,1,2
473,676,448,0,3
473,688,472,1,2
473,698,448,0,3
473,700,498,3,0
473,702,472,1,2
473,710,498,3,0
473,713,448,0,3
474,668,473,1,2
474,676,449,0,3
474,688,473,1,2
474,700,499,3,0
474,713,449,0,3
475,631,476,1,1
475,667,450,0,2
475,668,499,3,2
475,673,476,1,1
475,676,450,0,2
475,688,499,3,2
475,700,476,1,1
476,668,475,1,1
476,676,451,0,3
476,684,477,2,1
476,688,475,1,1
477,676,452,0,3
478,676,453,0,3
479,631,480,2,1
479,667,454,0,3
479,668,480,2,1
479,676,454,0,3
479,688,478,1,2
480,668,481,2,1
480,676,455,0,3
480,688,481,2,1
480,700,505,3,0
480,713,455,0,3
481,633,456,0,3
481,668,482,2,1
481,676,456,0,3
481,688,482,2,1
481,698,456,0,3
481,700,506,3,0
481,702,482,2,1
481,710,506,3,0
481,713,456,0,3
482,633,457,0,3
482,668,483,2,1
482,676,457,0,3
482,688,483,2,1
482,698,457,0,3
482,700,507,3,0
482,702,483,2,1
482,710,507,3,0
482,713,457,0,3
483,625,458,0,3
483,627,458,0,3
483,628,508,3,0
483,630,508,3,0
483,633,458,0,3
483,635,508,3,0
483,639,458,0,3
483,641,458,0,3
483,642,458,0,3
483,644,458,0,3
483,645,508,3,0
483,648,458,0,3
483,649,508,3,0
483,655,508,3,0
483,658,458,0,3
483,660,458,0,3
483,662,458,0,3
483,668,458,0,3
483,669,508,3,0
483,670,508,3,0
483,673,508,3,0
483,674,508,3,0
483,675,508,3,0
483,676,458,0,3
483,678,508,3,0
483,679,458,0,3
483,680,458,0,3
483,684,458,0,3
483,686,458,0,3
483,688,458,0,3
483,689,508,3,0
483,691,508,3,0
483,692,508,3,0
483,695,508,3,0
483,698,458,0,3
483,699,508,3,0
483,700,508,3,0
483,701,508,3,0
483,702,508,3,0
483,704,508,3,0
483,706,508,3,0
483,707,458,0,3
483,708,508,3,0
483,710,508,3,0
483,712,508,3,0
483,713,458,0,3
483,714,508,3,0
483,717,508,3,0
483,720,508,3,0
483,722,508,3,0
483,723,508,3,0
483,724,508,3,0
484,626,483,1,2
484,629,483,1,2
484,631,483,1,2
484,632,483,1,2
484,633,483,1,2
484,634,485,2,1
484,636,483,1,2
484,637,483,1,2
484,638,483,1,2
484,640,483,1,2
484,643,483,1,2
484,646,483,1,2
484,647,483,1,2
484,650,483,1,2
484,651,483,1,2
484,652,483,1,2
484,653,483,1,2
484,654,483,1,2
484,656,483,1,2
484,657,483,1,2
484,659,483,1,2
484,661,483,1,2
484,663,483,1,2
484,664,483,1,2
484,665,483,1,2
484,666,483,1,2
484,667,483,1,2
484,668,459,0,3
484,671,483,1,2
484,672,483,1,2
484,676,483,1,2
484,677,483,1,2
484,681,483,1,2
484,682,483,1,2
484,683,483,1,2
484,685,483,1,2
484,687,483,1,2
484,688,459,0,3
484,690,483,1,2
484,693,483,1,2
484,694,483,1,2
484,696,483,1,2
484,697,483,1,2
484,698,483,1,2
484,700,483,1,2
484,702,509,3,0
484,703,483,1,2
484,705,483,1,2
484,709,483,1,2
484,710,483,1,2
484,711,483,1,2
484,713,483,1,2
484,715,483,1,2
484,716,483,1,2
484,718,483,1,2
484,719,483,1,2
485,633,484,1,2
485,634,486,2,1
485,668,460,0,3
485,676,484,1,2
485,688,460,0,3
485,698,484,1,2
485,700,484,1,2
485,701,484,1,2
485,702,510,3,0
485,710,484,1,2
485,713,484,1,2
486,633,485,1,2
486,634,487,2,1
486,668,461,0,3
486,676,485,1,2
486,688,461,0,3
486,698,485,1,2
486,700,485,1,2
486,702,511,3,0
486,710,485,1,2
486,713,485,1,2
487,668,462,0,3
487,676,486,1,2
487,688,462,0,3
487,700,486,1,2
487,713,486,1,2
488,668,463,0,3
488,673,487,1,2
488,676,487,1,2
488,688,489,2,1
488,700,487,1,2
489,676,488,1,2
489,684,488,1,2
490,676,491,2,1
491,668,466,0,3
491,676,492,2,1
491,684,490,1,2
492,631,491,1,2
492,667,493,2,1
492,668,467,0,3
492,673,491,1,2
492,676,493,2,1
492,688,467,0,3
492,700,491,1,2
493,634,634,13,0
493,668,468,0,3
493,676,494,2,1
493,688,468,0,3
493,700,494,2,1
493,713,494,2,1
494,633,495,2,1
494,634,493,1,2
494,668,469,0,3
494,676,495,2,1
494,688,469,0,3
494,698,495,2,1
494,700,495,2,1
494,702,519,3,0
494,710,495,2,1
494,713,495,2,1
495,633,496,2,1
495,634,494,1,2
495,668,470,0,3
495,676,496,2,1
495,688,470,0,3
495,698,496,2,1
495,700,496,2,1
495,701,494,1,2
495,702,520,3,0
495,710,496,2,1
495,713,496,2,1
496,633,471,0,3
496,634,495,1,2
496,668,471,0,3
496,676,471,0,3
496,688,471,0,3
496,700,521,3,0
496,702,521,3,0
496,710,521,3,0
496,713,471,0,3
497,633,472,0,3
497,668,496,1,2
497,676,472,0,3
497,688,496,1,2
497,698,472,0,3
497,700,522,3,0
497,701,498,2,1
497,702,496,1,2
497,710,522,3,0
497,713,472,0,3
498,633,473,0,3
498,668,497,1,2
498,676,473,0,3
498,688,497,1,2
498,698,473,0,3
498,700,523,3,0
498,702,497,1,2
498,710,523,3,0
498,713,473,0,3
499,668,498,1,2
499,676,474,0,3
499,688,498,1,2
499,700,524,3,0
499,713,474,0,3
500,631,501,1,1
500,667,475,0,2
500,668,524,3,2
500,673,501,1,1
500,676,475,0,2
500,688,524,3,2
500,700,501,1,1
501,668,500,1,1
501,676,476,0,3
501,684,502,2,1
501,688,500,1,1
502,676,477,0,3
503,676,478,0,3
504,631,505,2,1
504,667,479,0,3
504,668,505,2,1
504,676,479,0,3
504,688,503,1,2
505,668,506,2,1
505,676,480,0,3
505,688,506,2,1
505,700,530,3,0
505,713,480,0,3
506,633,481,0,3
506,668,507,2,1
506,676,481,0,3
506,688,507,2,1
506,698,481,0,3
506,700,531,3,0
506,702,507,2,1
506,710,531,3,0
506,713,481,0,3
507,633,482,0,3
507,668,508,2,1
507,676,482,0,3
507,688,508,2,1
507,698,482,0,3
507,700,532,3,0
507,702,508,2,1
507,710,532,3,0
507,713,482,0,3
508,625,483,0,3
508,627,483,0,3
508,628,533,3,0
508,630,533,3,0
508,633,483,0,3
508,634,483,0,3
508,635,533,3,0
508,639,483,0,3
508,641,483,0,3
508,642,483,0,3
508,644,483,0,3
508,645,533,3,0
508,648,483,0,3
508,649,533,3,0
508,655,533,3,0
508,658,483,0,3
508,660,483,0,3
508,662,483,0,3
508,668,483,0,3
508,669,533,3,0
508,670,533,3,0
508,673,533,3,0
508,674,533,3,0
508,675,533,3,0
508,676,483,0,3
508,678,533,3,0
508,679,483,0,3
508,680,483,0,3
508,684,483,0,3
508,686,483,0,3
508,688,483,0,3
508,689,533,3,0
508,691,533,3,0
508,692,533,3,0
508,695,533,3,0
508,698,483,0,3
508,699,533,3,0
508,700,533,3,0
508,701,533,3,0
508,702,533,3,0
508,704,533,3,0
508,706,533,3,0
508,707,483,0,3
508,708,533,3,0
508,710,533,3,0
508,712,533,3,0
508,713,483,0,3
508,714,533,3,0
508,717,533,3,0
508,720,533,3,0
508,722,533,3,0
508,723,533,3,0
508,724,533,3,0
509,626,508,1,2
509,629,508,1,2
509,631,508,1,2
509,633,508,1,2
509,634,484,0,3
509,636,508,1,2
509,637,508,1,2
509,638,508,1,2
509,640,508,1,2
509,643,508,1,2
509,646,508,1,2
509,647,508,1,2
509,650,508,1,2
509,651,508,1,2
509,652,508,1,2
509,653,508,1,2
509,654,508,1,2
509,656,508,1,2
509,657,508,1,2
509,659,508,1,2
509,661,508,1,2
509,663,508,1,2
509,664,508,1,2
509,665,508,1,2
509,666,508,1,2
509,667,508,1,2
509,668,484,0,3
509,671,508,1,2
509,672,508,1,2
509,676,508,1,2
509,677,508,1,2
509,681,508,1,2
509,682,508,1,2
509,683,508,1,2
509,685,508,1,2
509,687,508,1,2
509,688,484,0,3
509,690,508,1,2
509,693,508,1,2
509,694,508,1,2
509,696,508,1,2
509,697,508,1,2
509,698,508,1,2
509,700,508,1,2
509,702,534,3,0
509,703,508,1,2
509,705,508,1,2
509,709,508,1,2
509,710,508,1,2
509,711,508,1,2
509,713,508,1,2
509,715,508,1,2
509,716,508,1,2
509,718,508,1,2
509,719,508,1,2
510,633,509,1,2
510,634,485,0,3
510,668,485,0,3
510,676,509,1,2
510,688,485,0,3
510,698,509,1,2
510,700,509,1,2
510,701,509,1,2
510,702,535,3,0
510,710,509,1,2
510,713,509,1,2
511,633,510,1,2
511,634,486,0,3
511,668,486,0,3
511,676,510,1,2
511,688,486,0,3
511,698,510,1,2
511,700,510,1,2
511,702,536,3,0
511,710,510,1,2
511,713,510,1,2
512,668,487,0,3
512,676,511,1,2
512,688,487,0,3
512,700,511,1,2
512,713,511,1,2
513,668,488,0,3
513,673,512,1,2
513,676,512,1,2
513,688,514,2,1
513,700,512,1,2
514,676,513,1,2
514,684,513,1,2
515,676,516,2,1
516,668,491,0,3
516,676,517,2,1
516,684,515,1,2
517,631,516,1,2
517,667,518,2,1
517,668,492,0,3
517,673,516,1,2
517,676,518,2,1
517,688,492,0,3
517,700,516,1,2
518,634,493,0,3
518,668,493,0,3
518,676,519,2,1
518,688,493,0,3
518,700,519,2,1
518,713,519,2,1
519,633,520,2,1
519,634,494,0,3
519,668,494,0,3
519,676,520,2,1
519,688,494,0,3
519,698,520,2,1
519,700,520,2,1
519,702,544,3,0
519,710,520,2,1
519,713,520,2,1
520,633,521,2,1
520,634,495,0,3
520,668,495,0,3
520,676,521,2,1
520,688,495,0,3
520,698,521,2,1
520,700,521,2,1
520,701,519,1,2
520,702,545,3,0
520,710,521,2,1
520,713,521,2,1
521,633,496,0,3
521,634,496,0,3
521,668,496,0,3
521,676,496,0,3
521,688,496,0,3
521,698,496,0,3
521,700,546,3,0
521,702,546,3,0
521,710,546,3,0
521,713,496,0,3
522,633,497,0,3
522,668,521,1,2
522,676,497,0,3
522,688,521,1,2
522,698,497,0,3
522,700,547,3,0
522,701,523,2,1
522,702,521,1,2
522,710,547,3,0
522,713,497,0,3
523,633,498,0,3
523,668,522,1,2
523,676,498,0,3
523,688,522,1,2
523,698,498,0,3
523,700,548,3,0
523,702,522,1,2
523,710,548,3,0
523,713,498,0,3
524,668,523,1,2
524,676,499,0,3
524,688,523,1,2
524,700,549,3,0
524,713,499,0,3
525,631,526,1,1
525,667,500,0,2
525,668,549,3,2
525,673,526,1,1
525,676,500,0,2
525,688,549,3,2
525,700,526,1,1
526,668,525,1,1
526,676,501,0,3
526,684,527,2,1
526,688,525,1,1
527,676,502,0,3
528,676,503,0,3
529,631,530,2,1
529,667,504,0,3
529,668,530,2,1
529,676,504,0,3
529,688,528,1,2
530,668,531,2,1
530,676,505,0,3
530,688,531,2,1
530,700,555,3,0
530,713,505,0,3
531,633,506,0,3
531,668,532,2,1
531,676,506,0,3
531,688,532,2,1
531,698,506,0,3
531,700,556,3,0
531,702,532,2,1
531,710,556,3,0
531,713,506,0,3
532,633,507,0,3
532,668,533,2,1
532,676,507,0,3
532,688,533,2,1
532,698,507,0,3
532,700,557,3,0
532,702,533,2,1
532,710,557,3,0
532,713,507,0,3
533,625,508,0,3
533,627,508,0,3
533,628,558,3,0
533,633,508,0,3
533,634,508,0,3
533,635,558,3,0
533,639,508,0,3
533,641,508,0,3
533,642,508,0,3
533,644,558,3,0
533,645,558,3,0
533,648,508,0,3
533,649,558,3,0
533,655,558,3,0
533,658,508,0,3
533,660,508,0,3
533,662,508,0,3
533,668,508,0,3
533,669,558,3,0
533,670,558,3,0
533,673,558,3,0
533,674,558,3,0
533,675,558,3,0
533,676,508,0,3
533,678,558,3,0
533,679,508,0,3
533,680,508,0,3
533,684,508,0,3
533,686,508,0,3
533,688,508,0,3
533,689,558,3,0
533,692,558,3,0
533,695,558,3,0
533,698,508,0,3
533,699,558,3,0
533,700,558,3,0
533,701,558,3,0
533,702,558,3,0
533,704,558,3,0
533,706,558,3,0
533,707,508,0,3
533,708,558,3,0
533,710,558,3,0
533,712,558,3,0
533,713,508,0,3
533,714,558,3,0
533,717,558,3,0
533,720,558,3,0
533,722,558,3,0
533,723,558,3,0
533,724,558,3,0
534,626,533,1,2
534,629,533,1,2
534,631,533,1,2
534,632,533,1,2
534,633,533,1,2
534,636,533,1,2
534,637,533,1,2
534,640,533,1,2
534,643,533,1,2
534,646,533,1,2
534,647,533,1,2
534,650,533,1,2
534,651,533,1,2
534,652,533,1,2
534,653,533,1,2
534,654,533,1,2
534,656,533,1,2
534,657,533,1,2
534,659,533,1,2
534,661,533,1,2
534,663,533,1,2
534,664,533,1,2
534,665,533,1,2
534,666,533,1,2
534,667,533,1,2
534,668,509,0,3
534,671,533,1,2
534,672,533,1,2
534,676,533,1,2
534,677,533,1,2
534,681,533,1,2
534,682,533,1,2
534,683,533,1,2
534,685,533,1,2
534,687,533,1,2
534,688,509,0,3
534,690,533,1,2
534,693,533,1,2
534,694,533,1,2
534,696,533,1,2
534,697,533,1,2
534,698,533,1,2
534,700,533,1,2
534,702,559,3,0
534,703,533,1,2
534,705,533,1,2
534,709,533,1,2
534,710,533,1,2
534,711,533,1,2
534,713,533,1,2
534,715,533,1,2
534,716,533,1,2
534,718,533,1,2
534,719,533,1,2
535,633,534,1,2
535,668,510,0,3
535,676,534,1,2
535,688,510,0,3
535,698,534,1,2
535,700,534,1,2
535,701,534,1,2
535,702,560,3,0
535,710,534,1,2
535,713,534,1,2
536,633,535,1,2
536,668,511,0,3
536,676,535,1,2
536,688,511,0,3
536,698,535,1,2
536,700,535,1,2
536,702,561,3,0
536,710,535,1,2
536,713,535,1,2
537,668,512,0,3
537,676,536,1,2
537,688,512,0,3
537,700,536,1,2
537,713,536,1,2
538,668,513,0,3
538,673,537,1,2
538,676,537,1,2
538,688,539,2,1
538,700,537,1,2
539,676,538,1,2
539,684,538,1,2
540,676,541,2,1
541,668,516,0,3
541,676,542,2,1
541,684,540,1,2
542,631,541,1,2
542,667,543,2,1
542,668,517,0,3
542,673,541,1,2
542,676,543,2,1
542,688,517,0,3
542,700,541,1,2
543,668,518,0,3
543,676,544,2,1
543,688,518,0,3
543,700,544,2,1
543,713,544,2,1
544,633,545,2,1
544,668,519,0,3
544,676,545,2,1
544,688,519,0,3
544,698,545,2,1
544,700,545,2,1
544,702,569,3,0
544,710,545,2,1
544,713,545,2,1
545,633,546,2,1
545,668,520,0,3
545,676,546,2,1
545,688,520,0,3
545,698,546,2,1
545,700,546,2,1
545,701,544,1,2
545,702,570,3,0
545,710,546,2,1
545,713,546,2,1
546,633,521,0,3
546,668,521,0,3
546,676,521,0,3
546,688,521,0,3
546,698,521,0,3
546,700,571,3,0
546,702,571,3,0
546,710,571,3,0
546,713,521,0,3
547,633,522,0,3
547,668,546,1,2
547,676,522,0,3
547,688,546,1,2
547,698,522,0,3
547,700,572,3,0
547,701,548,2,1
547,702,546,1,2
547,710,572,3,0
547,713,522,0,3
548,633,523,0,3
548,668,547,1,2
548,676,523,0,3
548,688,547,1,2
548,698,523,0,3
548,700,573,3,0
548,702,547,1,2
548,710,573,3,0
548,713,523,0,3
549,668,548,1,2
549,676,524,0,3
549,688,548,1,2
549,700,574,3,0
549,713,524,0,3
550,631,551,1,1
550,667,525,0,2
550,668,574,3,2
550,673,551,1,1
550,676,525,0,2
550,688,574,3,2
550,700,551,1,1
551,668,550,1,1
551,676,526,0,3
551,684,552,2,1
551,688,550,1,1
552,676,527,0,3
553,676,528,0,3
554,631,555,2,1
554,667,529,0,3
554,668,555,2,1
554,676,529,0,3
554,688,553,1,2
555,667,530,0,3
555,668,556,2,1
555,676,530,0,3
555,688,556,2,1
555,700,580,3,0
555,713,530,0,3
556,633,531,0,3
556,667,531,0,3
556,668,557,2,1
556,676,531,0,3
556,688,557,2,1
556,698,531,0,3
556,700,581,3,0
556,702,557,2,1
556,710,710,89,0
556,713,531,0,3
557,633,532,0,3
557,667,532,0,3
557,668,558,2,1
557,676,532,0,3
557,688,558,2,1
557,698,532,0,3
557,700,582,3,0
557,702,558,2,1
557,710,556,1,2
557,713,532,0,3
558,625,533,0,3
558,627,533,0,3
558,628,583,3,0
558,630,533,0,3
558,633,533,0,3
558,634,533,0,3
558,639,533,0,3
558,641,533,0,3
558,642,533,0,3
558,644,583,3,0
558,645,583,3,0
558,648,533,0,3
558,649,583,3,0
558,655,583,3,0
558,658,533,0,3
558,660,533,0,3
558,662,533,0,3
558,667,533,0,3
558,668,533,0,3
558,669,583,3,0
558,673,583,3,0
558,674,583,3,0
558,675,583,3,0
558,676,533,0,3
558,678,583,3,0
558,679,533,0,3
558,680,533,0,3
558,684,533,0,3
558,686,533,0,3
558,688,533,0,3
558,689,583,3,0
558,691,533,0,3
558,692,583,3,0
558,695,583,3,0
558,698,533,0,3
558,699,583,3,0
558,700,583,3,0
558,701,583,3,0
558,704,583,3,0
558,706,583,3,0
558,707,533,0,3
558,708,583,3,0
558,710,557,1,2
558,712,583,3,0
558,713,533,0,3
558,714,583,3,0
558,717,583,3,0
558,720,583,3,0
558,722,583,3,0
558,723,583,3,0
558,724,583,3,0
559,626,558,1,2
559,629,558,1,2
559,631,558,1,2
559,632,558,1,2
559,633,558,1,2
559,636,558,1,2
559,637,558,1,2
559,638,558,1,2
559,640,558,1,2
559,643,558,1,2
559,646,558,1,2
559,647,558,1,2
559,650,558,1,2
559,651,558,1,2
559,652,558,1,2
559,653,558,1,2
559,654,558,1,2
559,656,558,1,2
559,657,558,1,2
559,659,558,1,2
559,661,558,1,2
559,663,558,1,2
559,664,558,1,2
559,666,558,1,2
559,667,558,1,2
559,668,534,0,3
559,671,558,1,2
559,672,558,1,2
559,676,558,1,2
559,677,558,1,2
559,681,558,1,2
559,682,558,1,2
559,683,558,1,2
559,685,558,1,2
559,687,558,1,2
559,688,534,0,3
559,690,558,1,2
559,693,558,1,2
559,694,558,1,2
559,696,558,1,2
559,697,558,1,2
559,698,558,1,2
559,700,558,1,2
559,703,558,1,2
559,705,558,1,2
559,709,558,1,2
559,710,558,1,2
559,711,558,1,2
559,713,558,1,2
559,715,558,1,2
559,716,558,1,2
559,718,558,1,2
559,719,558,1,2
560,633,559,1,2
560,668,535,0,3
560,676,559,1,2
560,688,535,0,3
560,698,559,1,2
560,700,559,1,2
560,701,559,1,2
560,702,585,3,0
560,710,559,1,2
560,713,559,1,2
561,633,560,1,2
561,668,536,0,3
561,676,560,1,2
561,688,536,0,3
561,698,560,1,2
561,700,560,1,2
561,702,586,3,0
561,710,560,1,2
561,713,560,1,2
562,668,537,0,3
562,676,561,1,2
562,688,537,0,3
562,700,561,1,2
562,713,561,1,2
563,668,538,0,3
563,673,562,1,2
563,676,562,1,2
563,688,564,2,1
563,700,562,1,2
564,676,563,1,2
564,684,563,1,2
565,676,566,2,1
566,668,541,0,3
566,676,567,2,1
566,684,565,1,2
567,631,566,1,2
567,667,568,2,1
567,668,542,0,3
567,673,566,1,2
567,676,568,2,1
567,688,542,0,3
567,700,566,1,2
568,668,543,0,3
568,676,569,2,1
568,688,543,0,3
568,700,569,2,1
568,713,569,2,1
569,633,570,2,1
569,668,544,0,3
569,676,570,2,1
569,688,544,0,3
569,698,570,2,1
569,700,570,2,1
569,702,594,3,0
569,710,570,2,1
569,713,570,2,1
570,633,571,2,1
570,668,545,0,3
570,676,571,2,1
570,688,545,0,3
570,698,571,2,1
570,700,571,2,1
570,701,569,1,2
570,702,595,3,0
570,710,571,2,1
570,713,571,2,1
571,633,546,0,3
571,667,546,0,3
571,668,546,0,3
571,676,546,0,3
571,688,546,0,3
571,698,546,0,3
571,700,596,3,0
571,710,572,2,1
571,713,546,0,3
572,633,547,0,3
572,667,547,0,3
572,668,571,1,2
572,676,547,0,3
572,688,571,1,2
572,698,547,0,3
572,700,597,3,0
572,701,573,2,1
572,702,571,1,2
572,710,573,2,1
572,713,547,0,3
573,633,548,0,3
573,667,548,0,3
573,668,572,1,2
573,676,548,0,3
573,688,572,1,2
573,698,548,0,3
573,700,598,3,0
573,702,572,1,2
573,710,574,2,1
573,713,548,0,3
574,667,549,0,3
574,668,573,1,2
574,676,549,0,3
574,688,573,1,2
574,700,599,3,0
574,713,549,0,3
575,631,576,1,1
575,667,600,2,0
575,668,599,3,2
575,673,576,1,1
575,676,550,0,2
575,688,599,3,2
575,700,576,1,1
576,668,575,1,1
576,676,551,0,3
576,684,577,2,1
576,688,575,1,1
577,676,552,0,3
578,676,553,0,3
579,631,580,2,1
579,667,604,3,0
579,668,580,2,1
579,676,554,0,3
579,688,578,1,2
580,668,581,2,1
580,676,555,0,3
580,688,581,2,1
580,700,605,3,0
580,713,555,0,3
581,633,556,0,3
581,668,582,2,1
581,676,556,0,3
581,688,582,2,1
581,698,556,0,3
581,700,606,3,0
581,702,582,2,1
581,710,556,0,3
581,713,556,0,3
582,633,557,0,3
582,668,583,2,1
582,676,557,0,3
582,688,583,2,1
582,698,557,0,3
582,700,607,3,0
582,702,583,2,1
582,710,557,0,3
582,713,557,0,3
583,625,558,0,3
583,627,558,0,3
583,628,608,3,0
583,630,558,0,3
583,633,558,0,3
583,634,558,0,3
583,635,558,0,3
583,639,558,0,3
583,641,558,0,3
583,642,558,0,3
583,644,608,3,0
583,645,608,3,0
583,648,558,0,3
583,649,608,3,0
583,655,608,3,0
583,658,558,0,3
583,660,558,0,3
583,662,558,0,3
583,668,558,0,3
583,669,608,3,0
583,670,558,0,3
583,673,608,3,0
583,675,608,3,0
583,676,558,0,3
583,678,608,3,0
583,679,558,0,3
583,680,558,0,3
583,684,558,0,3
583,686,558,0,3
583,688,558,0,3
583,691,558,0,3
583,692,608,3,0
583,698,558,0,3
583,699,608,3,0
583,700,608,3,0
583,701,608,3,0
583,704,608,3,0
583,706,608,3,0
583,707,558,0,3
583,708,608,3,0
583,710,558,0,3
583,712,608,3,0
583,713,558,0,3
583,714,608,3,0
583,717,608,3,0
583,720,608,3,0
583,722,608,3,0
583,723,608,3,0
583,724,608,3,0
584,626,583,1,2
584,629,583,1,2
584,631,583,1,2
584,632,583,1,2
584,633,583,1,2
584,636,583,1,2
584,637,583,1,2
584,638,583,1,2
584,640,583,1,2
584,643,583,1,2
584,646,583,1,2
584,647,583,1,2
584,650,583,1,2
584,651,583,1,2
584,652,583,1,2
584,653,583,1,2
584,654,583,1,2
584,656,583,1,2
584,657,583,1,2
584,659,583,1,2
584,661,583,1,2
584,663,583,1,2
584,664,583,1,2
584,665,583,1,2
584,666,583,1,2
584,667,583,1,2
584,668,559,0,3
584,671,583,1,2
584,672,583,1,2
584,676,583,1,2
584,677,583,1,2
584,681,583,1,2
584,682,583,1,2
584,683,583,1,2
584,685,583,1,2
584,687,583,1,2
584,688,559,0,3
584,690,583,1,2
584,693,583,1,2
584,694,583,1,2
584,696,583,1,2
584,697,583,1,2
584,698,583,1,2
584,700,583,1,2
584,703,583,1,2
584,705,583,1,2
584,709,583,1,2
584,710,583,1,2
584,711,583,1,2
584,713,583,1,2
584,715,583,1,2
584,716,583,1,2
584,718,583,1,2
584,719,583,1,2
585,633,584,1,2
585,668,560,0,3
585,676,584,1,2
585,688,560,0,3
585,698,584,1,2
585,700,584,1,2
585,701,584,1,2
585,702,610,3,0
585,710,584,1,2
585,713,584,1,2
586,633,585,1,2
586,668,561,0,3
586,676,585,1,2
586,688,561,0,3
586,698,585,1,2
586,700,585,1,2
586,702,611,3,0
586,710,585,1,2
586,713,585,1,2
587,668,562,0,3
587,676,586,1,2
587,688,562,0,3
587,700,586,1,2
587,713,586,1,2
588,668,563,0,3
588,673,587,1,2
588,676,587,1,2
588,688,589,2,1
588,700,587,1,2
589,676,588,1,2
589,684,588,1,2
590,676,591,2,1
591,668,566,0,3
591,676,592,2,1
591,684,590,1,2
592,631,591,1,2
592,667,593,2,1
592,668,567,0,3
592,673,591,1,2
592,676,593,2,1
592,688,567,0,3
592,700,591,1,2
593,668,568,0,3
593,676,594,2,1
593,688,568,0,3
593,700,594,2,1
593,713,594,2,1
594,633,595,2,1
594,668,569,0,3
594,676,595,2,1
594,688,569,0,3
594,698,595,2,1
594,700,595,2,1
594,702,619,3,0
594,710,595,2,1
594,713,595,2,1
595,633,596,2,1
595,668,570,0,3
595,676,596,2,1
595,688,570,0,3
595,698,596,2,1
595,700,596,2,1
595,701,594,1,2
595,702,620,3,0
595,710,596,2,1
595,713,596,2,1
596,633,571,0,3
596,668,571,0,3
596,676,571,0,3
596,688,571,0,3
596,698,571,0,3
596,700,621,3,0
596,713,571,0,3
597,633,572,0,3
597,668,596,1,2
597,676,572,0,3
597,688,596,1,2
597,698,572,0,3
597,700,622,3,0
597,701,598,2,1
597,702,596,1,2
597,710,572,0,3
597,713,572,0,3
598,633,573,0,3
598,668,597,1,2
598,676,573,0,3
598,688,597,1,2
598,698,573,0,3
598,700,623,3,0
598,702,597,1,2
598,710,573,0,3
598,713,573,0,3
599,668,598,1,2
599,676,574,0,3
599,688,598,1,2
599,700,624,3,0
599,713,574,0,3
600,631,601,1,1
600,667,0,2,3
600,668,624,3,2
600,673,601,1,1
600,676,0,2,3
600,688,624,3,2
600,700,601,1,1
601,668,600,1,1
601,676,1,3,3
601,684,602,2,1
601,688,600,1,1
602,676,2,3,3
603,676,3,3,3
604,631,605,2,1
604,667,4,3,3
604,668,605,2,1
604,676,4,3,3
604,688,603,1,2
605,631,631,10,0
605,668,606,2,1
605,676,5,3,3
605,688,606,2,1
605,700,5,3,3
605,713,5,3,3
606,631,605,1,2
606,633,581,0,3
606,668,607,2,1
606,676,6,3,3
606,688,607,2,1
606,698,581,0,3
606,700,6,3,3
606,702,607,2,1
606,710,581,0,3
606,713,6,3,3
607,631,606,1,2
607,633,582,0,3
607,668,608,2,1
607,676,7,3,3
607,688,608,2,1
607,698,582,0,3
607,700,7,3,3
607,702,608,2,1
607,710,582,0,3
607,713,7,3,3
608,625,583,0,3
608,627,583,0,3
608,628,8,3,3
608,630,583,0,3
608,631,607,1,2
608,633,583,0,3
608,634,583,0,3
608,635,583,0,3
608,639,583,0,3
608,641,583,0,3
608,642,583,0,3
608,644,8,3,3
608,645,8,3,3
608,648,583,0,3
608,649,8,3,3
608,655,8,3,3
608,658,583,0,3
608,660,583,0,3
608,662,583,0,3
608,668,583,0,3
608,669,8,3,3
608,670,583,0,3
608,673,8,3,3
608,674,583,0,3
608,675,8,3,3
608,676,8,3,3
608,678,8,3,3
608,679,583,0,3
608,680,583,0,3
608,684,583,0,3
608,686,8,3,3
608,688,583,0,3
608,689,583,0,3
608,691,583,0,3
608,692,8,3,3
608,695,583,0,3
608,698,583,0,3
608,699,8,3,3
608,700,8,3,3
608,701,8,3,3
608,704,8,3,3
608,706,8,3,3
608,707,583,0,3
608,710,583,0,3
608,712,8,3,3
608,713,8,3,3
608,714,8,3,3
608,717,8,3,3
608,720,8,3,3
608,722,8,3,3
608,723,8,3,3
608,724,8,3,3
609,626,608,1,2
609,629,608,1,2
609,631,608,1,2
609,632,608,1,2
609,633,608,1,2
609,636,608,1,2
609,637,608,1,2
609,638,608,1,2
609,640,608,1,2
609,643,608,1,2
609,646,608,1,2
609,647,608,1,2
609,650,608,1,2
609,651,608,1,2
609,652,608,1,2
609,653,608,1,2
609,654,608,1,2
609,656,608,1,2
609,657,608,1,2
609,659,608,1,2
609,661,608,1,2
609,664,608,1,2
609,665,608,1,2
609,666,608,1,2
609,667,608,1,2
609,668,584,0,3
609,671,608,1,2
609,672,608,1,2
609,676,608,1,2
609,677,608,1,2
609,681,608,1,2
609,682,608,1,2
609,683,608,1,2
609,685,608,1,2
609,687,608,1,2
609,688,584,0,3
609,690,608,1,2
609,693,608,1,2
609,694,608,1,2
609,697,608,1,2
609,698,608,1,2
609,700,608,1,2
609,703,608,1,2
609,705,608,1,2
609,709,608,1,2
609,710,608,1,2
609,711,608,1,2
609,713,608,1,2
609,715,608,1,2
609,716,608,1,2
609,718,608,1,2
609,719,608,1,2
610,633,609,1,2
610,668,585,0,3
610,676,609,1,2
610,688,585,0,3
610,698,609,1,2
610,700,609,1,2
610,701,609,1,2
610,702,10,3,3
610,710,609,1,2
610,713,609,1,2
611,633,610,1,2
611,668,586,0,3
611,676,610,1,2
611,688,586,0,3
611,698,610,1,2
611,700,610,1,2
611,702,11,3,3
611,710,610,1,2
611,713,610,1,2
612,668,587,0,3
612,676,611,1,2
612,688,587,0,3
612,700,611,1,2
612,713,611,1,2
613,668,588,0,3
613,673,612,1,2
613,676,612,1,2
613,688,614,2,1
613,700,612,1,2
614,676,613,1,2
614,684,613,1,2
615,676,616,2,1
616,668,591,0,3
616,676,617,2,1
616,684,615,1,2
617,631,616,1,2
617,667,618,2,1
617,668,592,0,3
617,673,616,1,2
617,676,618,2,1
617,688,592,0,3
617,700,616,1,2
618,668,593,0,3
618,676,619,2,1
618,688,593,0,3
618,700,619,2,1
618,713,619,2,1
619,633,620,2,1
619,668,594,0,3
619,676,620,2,1
619,688,594,0,3
619,698,620,2,1
619,700,620,2,1
619,702,19,3,3
619,710,620,2,1
619,713,620,2,1
620,633,621,2,1
620,668,595,0,3
620,676,621,2,1
620,688,595,0,3
620,698,621,2,1
620,700,621,2,1
620,701,619,1,2
620,702,20,3,3
620,710,621,2,1
620,713,621,2,1
621,631,622,2,1
621,633,596,0,3
621,668,596,0,3
621,676,21,3,3
621,688,596,0,3
621,698,596,0,3
621,700,21,3,3
622,631,623,2,1
622,633,597,0,3
622,668,621,1,2
622,676,22,3,3
622,688,621,1,2
622,698,597,0,3
622,700,22,3,3
622,701,623,2,1
622,702,621,1,2
622,710,597,0,3
622,713,22,3,3
623,631,624,2,1
623,633,598,0,3
623,668,622,1,2
623,676,23,3,3
623,688,622,1,2
623,698,598,0,3
623,700,23,3,3
623,702,622,1,2
623,710,598,0,3
623,713,23,3,3
624,631,600,2,3
624,668,623,1,2
624,676,24,3,3
624,688,623,1,2
624,700,24,3,3
624,713,24,3,3
631,625,605,0,10
631,626,605,0,10
631,627,605,0,10
631,628,605,0,10
631,629,605,0,10
631,630,605,0,10
631,632,605,0,10
631,633,605,0,10
631,634,605,0,10
631,635,605,0,10
631,636,605,0,10
631,637,605,0,10
631,638,605,0,10
631,639,605,0,10
631,640,605,0,10
631,641,605,0,10
631,642,605,0,10
631,643,605,0,10
631,644,605,0,10
631,645,605,0,10
631,646,605,0,10
631,647,605,0,10
631,648,605,0,10
631,649,605,0,10
631,650,605,0,10
631,651,605,0,10
631,652,605,0,10
631,653,605,0,10
631,654,605,0,10
631,655,605,0,10
631,656,605,0,10
631,657,605,0,10
631,658,605,0,10
631,659,605,0,10
631,660,605,0,10
631,661,605,0,10
631,662,605,0,10
631,663,605,0,10
631,664,605,0,10
631,665,605,0,10
631,666,605,0,10
631,667,605,0,10
631,668,605,0,10
631,669,605,0,10
631,670,605,0,10
631,671,605,0,10
631,672,605,0,10
631,673,605,0,10
631,674,605,0,10
631,675,605,0,10
631,676,605,0,10
631,677,605,0,10
631,678,605,0,10
631,679,605,0,10
631,680,605,0,10
631,681,605,0,10
631,682,605,0,10
631,683,605,0,10
631,684,605,0,10
631,685,605,0,10
631,686,605,0,10
631,687,605,0,10
631,688,605,0,10
631,689,605,0,10
631,690,605,0,10
631,691,605,0,10
631,692,605,0,10
631,693,605,0,10
631,694,605,0,10
631,695,605,0,10
631,696,605,0,10
631,697,605,0,10
631,698,605,0,10
631,699,605,0,10
631,700,605,0,10
631,701,605,0,10
631,702,605,0,10
631,703,605,0,10
631,704,605,0,10
631,705,605,0,10
631,706,605,0,10
631,707,605,0,10
631,708,605,0,10
631,709,605,0,10
631,710,605,0,10
631,711,605,0,10
631,712,605,0,10
631,713,605,0,10
631,714,605,0,10
631,715,605,0,10
631,716,605,0,10
631,717,605,0,10
631,718,605,0,10
631,719,605,0,10
631,720,605,0,10
631,721,605,0,10
631,722,605,0,10
631,723,605,0,10
631,724,605,0,10
633,625,331,0,12
633,626,331,0,12
633,627,331,0,12
633,628,331,0,12
633,629,331,0,12
633,630,331,0,12
633,631,331,0,12
633,632,331,0,12
633,634,331,0,12
633,635,331,0,12
633,636,331,0,12
633,637,331,0,12
633,638,331,0,12
633,639,331,0,12
633,640,331,0,12
633,641,331,0,12
633,642,331,0,12
633,643,331,0,12
633,644,331,0,12
633,645,331,0,12
633,646,331,0,12
633,647,331,0,12
633,648,331,0,12
633,649,331,0,12
633,650,331,0,12
633,651,331,0,12
633,652,331,0,12
633,653,331,0,12
633,654,331,0,12
633,655,331,0,12
633,656,331,0,12
633,657,331,0,12
633,658,331,0,12
633,659,331,0,12
633,660,331,0,12
633,661,331,0,12
633,662,331,0,12
633,663,331,0,12
633,664,331,0,12
633,665,331,0,12
633,666,331,0,12
633,667,331,0,12
633,668,331,0,12
633,669,331,0,12
633,670,331,0,12
633,671,331,0,12
633,672,331,0,12
633,673,331,0,12
633,674,331,0,12
633,675,331,0,12
633,676,331,0,12
633,677,331,0,12
633,678,331,0,12
633,679,331,0,12
633,680,331,0,12
633,681,331,0,12
633,682,331,0,12
633,683,331,0,12
633,684,331,0,12
633,685,331,0,12
633,686,331,0,12
633,687,331,0,12
633,688,331,0,12
633,689,331,0,12
633,690,331,0,12
633,691,331,0,12
633,692,331,0,12
633,693,331,0,12
633,694,331,0,12
633,695,331,0,12
633,696,331,0,12
633,697,331,0,12
633,698,331,0,12
633,699,331,0,12
633,700,331,0,12
633,701,331,0,12
633,702,331,0,12
633,703,331,0,12
633,704,331,0,12
633,705,331,0,12
633,706,331,0,12
633,707,331,0,12
633,708,331,0,12
633,709,331,0,12
633,710,331,0,12
633,711,331,0,12
633,712,331,0,12
633,713,331,0,12
633,714,331,0,12
633,715,331,0,12
633,716,331,0,12
633,717,331,0,12
633,718,331,0,12
633,719,331,0,12
633,720,331,0,12
633,721,331,0,12
633,722,331,0,12
633,723,331,0,12
633,724,331,0,12
634,625,493,0,13
634,626,493,0,13
634,627,493,0,13
634,628,493,0,13
634,629,493,0,13
634,630,493,0,13
634,631,493,0,13
634,632,493,0,13
634,633,493,0,13
634,635,493,0,13
634,636,493,0,13
634,637,493,0,13
634,638,493,0,13
634,639,493,0,13
634,640,493,0,13
634,641,493,0,13
634,642,493,0,13
634,643,493,0,13
634,644,493,0,13
634,645,493,0,13
634,646,493,0,13
634,647,493,0,13
634,648,493,0,13
634,649,493,0,13
634,650,493,0,13
634,651,493,0,13
634,652,493,0,13
634,653,493,0,13
634,654,493,0,13
634,655,493,0,13
634,656,493,0,13
634,657,493,0,13
634,658,493,0,13
634,659,493,0,13
634,660,493,0,13
634,661,493,0,13
634,662,493,0,13
634,663,493,0,13
634,664,493,0,13
634,665,493,0,13
634,666,493,0,13
634,667,493,0,13
634,668,493,0,13
634,669,493,0,13
634,670,493,0,13
634,671,493,0,13
634,672,493,0,13
634,673,493,0,13
634,674,493,0,13
634,675,493,0,13
634,676,493,0,13
634,677,493,0,13
634,678,493,0,13
634,679,493,0,13
634,680,493,0,13
634,681,493,0,13
634,682,493,0,13
634,683,493,0,13
634,684,493,0,13
634,685,493,0,13
634,686,493,0,13
634,687,493,0,13
634,688,493,0,13
634,689,493,0,13
634,690,493,0,13
634,691,493,0,13
634,692,493,0,13
634,693,493,0,13
634,694,493,0,13
634,695,493,0,13
634,696,493,0,13
634,697,493,0,13
634,698,493,0,13
634,699,493,0,13
634,700,493,0,13
634,701,493,0,13
634,702,493,0,13
634,703,493,0,13
634,704,493,0,13
634,705,493,0,13
634,706,493,0,13
634,707,493,0,13
634,708,493,0,13
634,709,493,0,13
634,710,493,0,13
634,711,493,0,13
634,712,493,0,13
634,713,493,0,13
634,714,493,0,13
634,715,493,0,13
634,716,493,0,13
634,717,493,0,13
634,718,493,0,13
634,719,493,0,13
634,720,493,0,13
634,721,493,0,13
634,722,493,0,13
634,723,493,0,13
634,724,493,0,13
667,625,254,0,46
667,626,254,0,46
667,627,254,0,46
667,628,254,0,46
667,629,254,0,46
667,630,254,0,46
667,631,254,0,46
667,632,254,0,46
667,633,254,0,46
667,634,254,0,46
667,635,254,0,46
667,636,254,0,46
667,637,254,0,46
667,638,254,0,46
667,639,254,0,46
667,640,254,0,46
667,641,254,0,46
667,642,254,0,46
667,643,254,0,46
667,644,254,0,46
667,645,254,0,46
667,646,254,0,46
667,647,254,0,46
667,648,254,0,46
667,649,254,0,46
667,650,254,0,46
667,651,254,0,46
667,652,254,0,46
667,653,254,0,46
667,654,254,0,46
667,655,254,0,46
667,656,254,0,46
667,657,254,0,46
667,658,254,0,46
667,659,254,0,46
667,660,254,0,46
667,661,254,0,46
667,662,254,0,46
667,663,254,0,46
667,664,254,0,46
667,665,254,0,46
667,666,254,0,46
667,668,254,0,46
667,669,254,0,46
667,670,254,0,46
667,671,254,0,46
667,672,254,0,46
667,673,254,0,46
667,674,254,0,46
667,675,254,0,46
667,676,254,0,46
667,677,254,0,46
667,678,254,0,46
667,679,254,0,46
667,680,254,0,46
667,681,254,0,46
667,682,254,0,46
667,683,254,0,46
667,684,254,0,46
667,685,254,0,46
667,686,254,0,46
667,687,254,0,46
667,688,254,0,46
667,689,254,0,46
667,690,254,0,46
667,691,254,0,46
667,692,254,0,46
667,693,254,0,46
667,694,254,0,46
667,695,254,0,46
667,696,254,0,46
667,697,254,0,46
667,698,254,0,46
667,699,254,0,46
667,700,254,0,46
667,701,254,0,46
667,702,254,0,46
667,703,254,0,46
667,704,254,0,46
667,705,254,0,46
667,706,254,0,46
667,707,254,0,46
667,708,254,0,46
667,709,254,0,46
667,710,254,0,46
667,711,254,0,46
667,712,254,0,46
667,713,254,0,46
667,714,254,0,46
667,715,254,0,46
667,716,254,0,46
667,717,254,0,46
667,718,254,0,46
667,719,254,0,46
667,720,254,0,46
667,721,254,0,46
667,722,254,0,46
667,723,254,0,46
667,724,254,0,46
668,625,441,0,47
668,626,441,0,47
668,627,441,0,47
668,628,441,0,47
668,629,441,0,47
668,630,441,0,47
668,631,441,0,47
668,632,441,0,47
668,633,441,0,47
668,634,441,0,47
668,635,441,0,47
668,636,441,0,47
668,637,441,0,47
668,638,441,0,47
668,639,441,0,47
668,640,441,0,47
668,641,441,0,47
668,642,441,0,47
668,643,441,0,47
668,644,441,0,47
668,645,441,0,47
668,646,441,0,47
668,647,441,0,47
668,648,441,0,47
668,649,441,0,47
668,650,441,0,47
668,651,441,0,47
668,652,441,0,47
668,653,441,0,47
668,654,441,0,47
668,655,441,0,47
668,656,441,0,47
668,657,441,0,47
668,658,441,0,47
668,659,441,0,47
668,660,441,0,47
668,661,441,0,47
668,662,441,0,47
668,663,441,0,47
668,664,441,0,47
668,665,441,0,47
668,666,441,0,47
668,667,441,0,47
668,669,441,0,47
668,670,441,0,47
668,671,441,0,47
668,672,441,0,47
668,673,441,0,47
668,674,441,0,47
668,675,441,0,47
668,676,441,0,47
668,677,441,0,47
668,678,441,0,47
668,679,441,0,47
668,680,441,0,47
668,681,441,0,47
668,682,441,0,47
668,683,441,0,47
668,684,441,0,47
668,685,441,0,47
668,686,441,0,47
668,687,441,0,47
668,688,441,0,47
668,689,441,0,47
668,690,441,0,47
668,691,441,0,47
668,692,441,0,47
668,693,441,0,47
668,694,441,0,47
668,695,441,0,47
668,696,441,0,47
668,697,441,0,47
668,698,441,0,47
668,699,441,0,47
668,700,441,0,47
668,701,441,0,47
668,702,441,0,47
668,703,441,0,47
668,704,441,0,47
668,705,441,0,47
668,706,441,0,47
668,707,441,0,47
668,708,441,0,47
668,709,441,0,47
668,710,441,0,47
668,711,441,0,47
668,712,441,0,47
668,713,441,0,47
668,714,441,0,47
668,715,441,0,47
668,716,441,0,47
668,717,441,0,47
668,718,441,0,47
668,719,441,0,47
668,720,441,0,47
668,721,441,0,47
668,722,441,0,47
668,723,441,0,47
668,724,441,0,47
673,625,37,0,52
673,626,37,0,52
673,627,37,0,52
673,628,37,0,52
673,629,37,0,52
673,630,37,0,52
673,631,37,0,52
673,632,37,0,52
673,633,37,0,52
673,634,37,0,52
673,635,37,0,52
673,636,37,0,52
673,637,37,0,52
673,638,37,0,52
673,639,37,0,52
673,640,37,0,52
673,641,37,0,52
673,642,37,0,52
673,643,37,0,52
673,644,37,0,52
673,645,37,0,52
673,646,37,0,52
673,647,37,0,52
673,648,37,0,52
673,649,37,0,52
673,650,37,0,52
673,651,37,0,52
673,652,37,0,52
673,653,37,0,52
673,654,37,0,52
673,655,37,0,52
673,656,37,0,52
673,657,37,0,52
673,658,37,0,52
673,659,37,0,52
673,660,37,0,52
673,661,37,0,52
673,662,37,0,52
673,663,37,0,52
673,664,37,0,52
673,665,37,0,52
673,666,37,0,52
673,667,37,0,52
673,668,37,0,52
673,669,37,0,52
673,670,37,0,52
673,671,37,0,52
673,672,37,0,52
673,674,37,0,52
673,675,37,0,52
673,676,37,0,52
673,677,37,0,52
673,678,37,0,52
673,679,37,0,52
673,680,37,0,52
673,681,37,0,52
673,682,37,0,52
673,683,37,0,52
673,684,37,0,52
673,685,37,0,52
673,686,37,0,52
673,687,37,0,52
673,688,37,0,52
673,689,37,0,52
673,690,37,0,52
673,691,37,0,52
673,692,37,0,52
673,693,37,0,52
673,694,37,0,52
673,695,37,0,52
673,696,37,0,52
673,697,37,0,52
673,698,37,0,52
673,699,37,0,52
673,700,37,0,52
673,701,37,0,52
673,702,37,0,52
673,703,37,0,52
673,704,37,0,52
673,705,37,0,52
673,706,37,0,52
673,707,37,0,52
673,708,37,0,52
673,709,37,0,52
673,710,37,0,52
673,711,37,0,52
673,712,37,0,52
673,713,37,0,52
673,714,37,0,52
673,715,37,0,52
673,716,37,0,52
673,717,37,0,52
673,718,37,0,52
673,719,37,0,52
673,720,37,0,52
673,721,37,0,52
673,722,37,0,52
673,723,37,0,52
673,724,37,0,52
676,625,277,0,55
676,626,277,0,55
676,627,277,0,55
676,628,277,0,55
676,629,277,0,55
676,630,277,0,55
676,631,277,0,55
676,632,277,0,55
676,633,277,0,55
676,634,277,0,55
676,635,277,0,55
676,636,277,0,55
676,637,277,0,55
676,638,277,0,55
676,639,277,0,55
676,640,277,0,55
676,641,277,0,55
676,642,277,0,55
676,643,277,0,55
676,644,277,0,55
676,645,277,0,55
676,646,277,0,55
676,647,277,0,55
676,648,277,0,55
676,649,277,0,55
676,650,277,0,55
676,651,277,0,55
676,652,277,0,55
676,653,277,0,55
676,654,277,0,55
676,655,277,0,55
676,656,277,0,55
676,657,277,0,55
676,658,277,0,55
676,659,277,0,55
676,660,277,0,55
676,661,277,0,55
676,662,277,0,55
676,663,277,0,55
676,664,277,0,55
676,665,277,0,55
676,666,277,0,55
676,667,277,0,55
676,668,277,0,55
676,669,277,0,55
676,670,277,0,55
676,671,277,0,55
676,672,277,0,55
676,673,277,0,55
676,674,277,0,55
676,675,277,0,55
676,677,277,0,55
676,678,277,0,55
676,679,277,0,55
676,680,277,0,55
676,681,277,0,55
676,682,277,0,55
676,683,277,0,55
676,684,277,0,55
676,685,277,0,55
676,686,277,0,55
676,687,277,0,55
676,688,277,0,55
676,689,277,0,55
676,690,277,0,55
676,691,277,0,55
676,692,277,0,55
676,693,277,0,55
676,694,277,0,55
676,695,277,0,55
676,696,277,0,55
676,697,277,0,55
676,698,277,0,55
676,699,277,0,55
676,700,277,0,55
676,701,277,0,55
676,702,277,0,55
676,703,277,0,55
676,704,277,0,55
676,705,277,0,55
676,706,277,0,55
676,707,277,0,55
676,708,277,0,55
676,709,277,0,55
676,710,277,0,55
676,711,277,0,55
676,712,277,0,55
676,713,277,0,55
676,714,277,0,55
676,715,277,0,55
676,716,277,0,55
676,717,277,0,55
676,718,277,0,55
676,719,277,0,55
676,720,277,0,55
676,721,277,0,55
676,722,277,0,55
676,723,277,0,55
676,724,277,0,55
684,625,388,0,63
684,626,388,0,63
684,627,388,0,63
684,628,388,0,63
684,629,388,0,63
684,630,388,0,63
684,631,388,0,63
684,632,388,0,63
684,633,388,0,63
684,634,388,0,63
684,635,388,0,63
684,636,388,0,63
684,637,388,0,63
684,638,388,0,63
684,639,388,0,63
684,640,388,0,63
684,641,388,0,63
684,642,388,0,63
684,643,388,0,63
684,644,388,0,63
684,645,388,0,63
684,646,388,0,63
684,647,388,0,63
684,648,388,0,63
684,649,388,0,63
684,650,388,0,63
684,651,388,0,63
684,652,388,0,63
684,653,388,0,63
684,654,388,0,63
684,655,388,0,63
684,656,388,0,63
684,657,388,0,63
684,658,388,0,63
684,659,388,0,63
684,660,388,0,63
684,661,388,0,63
684,662,388,0,63
684,663,388,0,63
684,664,388,0,63
684,665,388,0,63
684,666,388,0,63
684,667,388,0,63
684,668,388,0,63
684,669,388,0,63
684,670,388,0,63
684,671,388,0,63
684,672,388,0,63
684,673,388,0,63
684,674,388,0,63
684,675,388,0,63
684,676,388,0,63
684,677,388,0,63
684,678,388,0,63
684,679,388,0,63
684,680,388,0,63
684,681,388,0,63
684,682,388,0,63
684,683,388,0,63
684,685,388,0,63
684,686,388,0,63
684,687,388,0,63
684,688,388,0,63
684,689,388,0,63
684,690,388,0,63
684,691,388,0,63
684,692,388,0,63
684,693,388,0,63
684,694,388,0,63
684,695,388,0,63
684,696,388,0,63
684,697,388,0,63
684,698,388,0,63
684,699,388,0,63
684,700,388,0,63
684,701,388,0,63
684,702,388,0,63
684,703,388,0,63
684,704,388,0,63
684,705,388,0,63
684,706,388,0,63
684,707,388,0,63
684,708,388,0,63
684,709,388,0,63
684,710,388,0,63
684,711,388,0,63
684,712,388,0,63
684,713,388,0,63
684,714,388,0,63
684,715,388,0,63
684,716,388,0,63
684,717,388,0,63
684,718,388,0,63
684,719,388,0,63
684,720,388,0,63
684,721,388,0,63
684,722,388,0,63
684,723,388,0,63
684,724,388,0,63
688,625,392,0,67
688,626,392,0,67
688,627,392,0,67
688,628,392,0,67
688,629,392,0,67
688,630,392,0,67
688,631,392,0,67
688,632,392,0,67
688,633,392,0,67
688,634,392,0,67
688,635,392,0,67
688,636,392,0,67
688,637,392,0,67
688,638,392,0,67
688,639,392,0,67
688,640,392,0,67
688,641,392,0,67
688,642,392,0,67
688,643,392,0,67
688,644,392,0,67
688,645,392,0,67
688,646,392,0,67
688,647,392,0,67
688,648,392,0,67
688,649,392,0,67
688,650,392,0,67
688,651,392,0,67
688,652,392,0,67
688,653,392,0,67
688,654,392,0,67
688,655,392,0,67
688,656,392,0,67
688,657,392,0,67
688,658,392,0,67
688,659,392,0,67
688,660,392,0,67
688,661,392,0,67
688,662,392,0,67
688,663,392,0,67
688,664,392,0,67
688,665,392,0,67
688,666,392,0,67
688,667,392,0,67
688,668,392,0,67
688,669,392,0,67
688,670,392,0,67
688,671,392,0,67
688,672,392,0,67
688,673,392,0,67
688,674,392,0,67
688,675,392,0,67
688,676,392,0,67
688,677,392,0,67
688,678,392,0,67
688,679,392,0,67
688,680,392,0,67
688,681,392,0,67
688,682,392,0,67
688,683,392,0,67
688,684,392,0,67
688,685,392,0,67
688,686,392,0,67
688,687,392,0,67
688,689,392,0,67
688,690,392,0,67
688,691,392,0,67
688,692,392,0,67
688,693,392,0,67
688,694,392,0,67
688,695,392,0,67
688,696,392,0,67
688,697,392,0,67
688,698,392,0,67
688,699,392,0,67
688,700,392,0,67
688,701,392,0,67
688,702,392,0,67
688,703,392,0,67
688,704,392,0,67
688,705,392,0,67
688,706,392,0,67
688,707,392,0,67
688,708,392,0,67
688,709,392,0,67
688,710,392,0,67
688,711,392,0,67
688,712,392,0,67
688,713,392,0,67
688,714,392,0,67
688,715,392,0,67
688,716,392,0,67
688,717,392,0,67
688,718,392,0,67
688,719,392,0,67
688,720,392,0,67
688,721,392,0,67
688,722,392,0,67
688,723,392,0,67
688,724,392,0,67
698,625,356,0,77
698,626,356,0,77
698,627,356,0,77
698,628,356,0,77
698,629,356,0,77
698,630,356,0,77
698,631,356,0,77
698,632,356,0,77
698,633,356,0,77
698,634,356,0,77
698,635,356,0,77
698,636,356,0,77
698,637,356,0,77
698,638,356,0,77
698,639,356,0,77
698,640,356,0,77
698,641,356,0,77
698,642,356,0,77
698,643,356,0,77
698,644,356,0,77
698,645,356,0,77
698,646,356,0,77
698,647,356,0,77
698,648,356,0,77
698,649,356,0,77
698,650,356,0,77
698,651,356,0,77
698,652,356,0,77
698,653,356,0,77
698,654,356,0,77
698,655,356,0,77
698,656,356,0,77
698,657,356,0,77
698,658,356,0,77
698,659,356,0,77
698,660,356,0,77
698,661,356,0,77
698,662,356,0,77
698,663,356,0,77
698,664,356,0,77
698,665,356,0,77
698,666,356,0,77
698,667,356,0,77
698,668,356,0,77
698,669,356,0,77
698,670,356,0,77
698,671,356,0,77
698,672,356,0,77
698,673,356,0,77
698,674,356,0,77
698,675,356,0,77
698,676,356,0,77
698,677,356,0,77
698,678,356,0,77
698,679,356,0,77
698,680,356,0,77
698,681,356,0,77
698,682,356,0,77
698,683,356,0,77
698,684,356,0,77
698,685,356,0,77
698,686,356,0,77
698,687,356,0,77
698,688,356,0,77
698,689,356,0,77
698,690,356,0,77
698,691,356,0,77
698,692,356,0,77
698,693,356,0,77
698,694,356,0,77
698,695,356,0,77
698,696,356,0,77
698,697,356,0,77
698,699,356,0,77
698,700,356,0,77
698,701,356,0,77
698,702,356,0,77
698,703,356,0,77
698,704,356,0,77
698,705,356,0,77
698,706,356,0,77
698,707,356,0,77
698,708,356,0,77
698,709,356,0,77
698,710,356,0,77
698,711,356,0,77
698,712,356,0,77
698,713,356,0,77
698,714,356,0,77
698,715,356,0,77
698,716,356,0,77
698,717,356,0,77
698,718,356,0,77
698,719,356,0,77
698,720,356,0,77
698,721,356,0,77
698,722,356,0,77
698,723,356,0,77
698,724,356,0,77
700,625,5,0,79
700,626,5,0,79
700,627,5,0,79
700,628,5,0,79
700,629,5,0,79
700,630,5,0,79
700,631,5,0,79
700,632,5,0,79
700,633,5,0,79
700,634,5,0,79
700,635,5,0,79
700,636,5,0,79
700,637,5,0,79
700,638,5,0,79
700,639,5,0,79
700,640,5,0,79
700,641,5,0,79
700,642,5,0,79
700,643,5,0,79
700,644,5,0,79
700,645,5,0,79
700,646,5,0,79
700,647,5,0,79
700,648,5,0,79
700,649,5,0,79
700,650,5,0,79
700,651,5,0,79
700,652,5,0,79
700,653,5,0,79
700,654,5,0,79
700,655,5,0,79
700,656,5,0,79
700,657,5,0,79
700,658,5,0,79
700,659,5,0,79
700,660,5,0,79
700,661,5,0,79
700,662,5,0,79
700,663,5,0,79
700,664,5,0,79
700,665,5,0,79
700,666,5,0,79
700,667,5,0,79
700,668,5,0,79
700,669,5,0,79
700,670,5,0,79
700,671,5,0,79
700,672,5,0,79
700,673,5,0,79
700,674,5,0,79
700,675,5,0,79
700,676,5,0,79
700,677,5,0,79
700,678,5,0,79
700,679,5,0,79
700,680,5,0,79
700,681,5,0,79
700,682,5,0,79
700,683,5,0,79
700,684,5,0,79
700,685,5,0,79
700,686,5,0,79
700,687,5,0,79
700,688,5,0,79
700,689,5,0,79
700,690,5,0,79
700,691,5,0,79
700,692,5,0,79
700,693,5,0,79
700,694,5,0,79
700,695,5,0,79
700,696,5,0,79
700,697,5,0,79
700,698,5,0,79
700,699,5,0,79
700,701,5,0,79
700,702,5,0,79
700,703,5,0,79
700,704,5,0,79
700,705,5,0,79
700,706,5,0,79
700,707,5,0,79
700,708,5,0,79
700,709,5,0,79
700,710,5,0,79
700,711,5,0,79
700,712,5,0,79
700,713,5,0,79
700,714,5,0,79
700,715,5,0,79
700,716,5,0,79
700,717,5,0,79
700,718,5,0,79
700,719,5,0,79
700,720,5,0,79
700,721,5,0,79
700,722,5,0,79
700,723,5,0,79
700,724,5,0,79
701,625,34,0,80
701,626,34,0,80
701,627,34,0,80
701,628,34,0,80
701,629,34,0,80
701,630,34,0,80
701,631,34,0,80
701,632,34,0,80
701,633,34,0,80
701,634,34,0,80
701,635,34,0,80
701,636,34,0,80
701,637,34,0,80
701,638,34,0,80
701,639,34,0,80
701,640,34,0,80
701,641,34,0,80
701,642,34,0,80
701,643,34,0,80
701,644,34,0,80
701,645,34,0,80
701,646,34,0,80
701,647,34,0,80
701,648,34,0,80
701,649,34,0,80
701,650,34,0,80
701,651,34,0,80
701,652,34,0,80
701,653,34,0,80
701,654,34,0,80
701,655,34,0,80
701,656,34,0,80
701,657,34,0,80
701,658,34,0,80
701,659,34,0,80
701,660,34,0,80
701,661,34,0,80
701,662,34,0,80
701,663,34,0,80
701,664,34,0,80
701,665,34,0,80
701,666,34,0,80
701,667,34,0,80
701,668,34,0,80
701,669,34,0,80
701,670,34,0,80
701,671,34,0,80
701,672,34,0,80
701,673,34,0,80
701,674,34,0,80
701,675,34,0,80
701,676,34,0,80
701,677,34,0,80
701,678,34,0,80
701,679,34,0,80
701,680,34,0,80
701,681,34,0,80
701,682,34,0,80
701,683,34,0,80
701,684,34,0,80
701,685,34,0,80
701,686,34,0,80
701,687,34,0,80
701,688,34,0,80
701,689,34,0,80
701,690,34,0,80
701,691,34,0,80
701,692,34,0,80
701,693,34,0,80
701,694,34,0,80
701,695,34,0,80
701,696,34,0,80
701,697,34,0,80
701,698,34,0,80
701,699,34,0,80
701,700,34,0,80
701,702,34,0,80
701,703,34,0,80
701,704,34,0,80
701,705,34,0,80
701,706,34,0,80
701,707,34,0,80
701,708,34,0,80
701,709,34,0,80
701,710,34,0,80
701,711,34,0,80
701,712,34,0,80
701,713,34,0,80
701,714,34,0,80
701,715,34,0,80
701,716,34,0,80
701,717,34,0,80
701,718,34,0,80
701,719,34,0,80
701,720,34,0,80
701,721,34,0,80
701,722,34,0,80
701,723,34,0,80
701,724,34,0,80
702,625,61,0,81
702,626,61,0,81
702,627,61,0,81
702,628,61,0,81
702,629,61,0,81
702,630,61,0,81
702,631,61,0,81
702,632,61,0,81
702,633,61,0,81
702,634,61,0,81
702,635,61,0,81
702,636,61,0,81
702,637,61,0,81
702,638,61,0,81
702,639,61,0,81
702,640,61,0,81
702,641,61,0,81
702,642,61,0,81
702,643,61,0,81
702,644,61,0,81
702,645,61,0,81
702,646,61,0,81
702,647,61,0,81
702,648,61,0,81
702,649,61,0,81
702,650,61,0,81
702,651,61,0,81
702,652,61,0,81
702,653,61,0,81
702,654,61,0,81
702,655,61,0,81
702,656,61,0,81
702,657,61,0,81
702,658,61,0,81
702,659,61,0,81
702,660,61,0,81
702,661,61,0,81
702,662,61,0,81
702,663,61,0,81
702,664,61,0,81
702,665,61,0,81
702,666,61,0,81
702,667,61,0,81
702,668,61,0,81
702,669,61,0,81
702,670,61,0,81
702,671,61,0,81
702,672,61,0,81
702,673,61,0,81
702,674,61,0,81
702,675,61,0,81
702,676,61,0,81
702,677,61,0,81
702,678,61,0,81
702,679,61,0,81
702,680,61,0,81
702,681,61,0,81
702,682,61,0,81
702,683,61,0,81
702,684,61,0,81
702,685,61,0,81
702,686,61,0,81
702,687,61,0,81
702,688,61,0,81
702,689,61,0,81
702,690,61,0,81
702,691,61,0,81
702,692,61,0,81
702,693,61,0,81
702,694,61,0,81
702,695,61,0,81
702,696,61,0,81
702,697,61,0,81
702,698,61,0,81
702,699,61,0,81
702,700,61,0,81
702,701,61,0,81
702,703,61,0,81
702,704,61,0,81
702,705,61,0,81
702,706,61,0,81
702,707,61,0,81
702,708,61,0,81
702,709,61,0,81
702,710,61,0,81
702,711,61,0,81
702,712,61,0,81
702,713,61,0,81
702,714,61,0,81
702,715,61,0,81
702,716,61,0,81
702,717,61,0,81
702,718,61,0,81
702,719,61,0,81
702,720,61,0,81
702,721,61,0,81
702,722,61,0,81
702,723,61,0,81
702,724,61,0,81
710,625,556,0,89
710,626,556,0,89
710,627,556,0,89
710,628,556,0,89
710,629,556,0,89
710,630,556,0,89
710,631,556,0,89
710,632,556,0,89
710,633,556,0,89
710,634,556,0,89
710,635,556,0,89
710,636,556,0,89
710,637,556,0,89
710,638,556,0,89
710,639,556,0,89
710,640,556,0,89
710,641,556,0,89
710,642,556,0,89
710,643,556,0,89
710,644,556,0,89
710,645,556,0,89
710,646,556,0,89
710,647,556,0,89
710,648,556,0,89
710,649,556,0,89
710,650,556,0,89
710,651,556,0,89
710,652,556,0,89
710,653,556,0,89
710,654,556,0,89
710,655,556,0,89
710,656,556,0,89
710,657,556,0,89
710,658,556,0,89
710,659,556,0,89
710,660,556,0,89
710,661,556,0,89
710,662,556,0,89
710,663,556,0,89
710,664,556,0,89
710,665,556,0,89
710,666,556,0,89
710,667,556,0,89
710,668,556,0,89
710,669,556,0,89
710,670,556,0,89
710,671,556,0,89
710,672,556,0,89
710,673,556,0,89
710,674,556,0,89
710,675,556,0,89
710,676,556,0,89
710,677,556,0,89
710,678,556,0,89
710,679,556,0,89
710,680,556,0,89
710,681,556,0,89
710,682,556,0,89
710,683,556,0,89
710,684,556,0,89
710,685,556,0,89
710,686,556,0,89
710,687,556,0,89
710,688,556,0,89
710,689,556,0,89
710,690,556,0,89
710,691,556,0,89
710,692,556,0,89
710,693,556,0,89
710,694,556,0,89
710,695,556,0,89
710,696,556,0,89
710,697,556,0,89
710,698,556,0,89
710,699,556,0,89
710,700,556,0,89
710,701,556,0,89
710,702,556,0,89
710,703,556,0,89
710,704,556,0,89
710,705,556,0,89
710,706,556,0,89
710,707,556,0,89
710,708,556,0,89
710,709,556,0,89
710,711,556,0,89
710,712,556,0,89
710,713,556,0,89
710,714,556,0,89
710,715,556,0,89
710,716,556,0,89
710,717,556,0,89
710,718,556,0,89
710,719,556,0,89
710,720,556,0,89
710,721,556,0,89
710,722,556,0,89
710,723,556,0,89
710,724,556,0,89
713,625,280,0,92
713,626,280,0,92
713,627,280,0,92
713,628,280,0,92
713,629,280,0,92
713,630,280,0,92
713,631,280,0,92
713,632,280,0,92
713,633,280,0,92
713,634,280,0,92
713,635,280,0,92
713,636,280,0,92
713,637,280,0,92
713,638,280,0,92
713,639,280,0,92
713,640,280,0,92
713,641,280,0,92
713,642,280,0,92
713,643,280,0,92
713,644,280,0,92
713,645,280,0,92
713,646,280,0,92
713,647,280,0,92
713,648,280,0,92
713,649,280,0,92
713,650,280,0,92
713,651,280,0,92
713,652,280,0,92
713,653,280,0,92
713,654,280,0,92
713,655,280,0,92
713,656,280,0,92
713,657,280,0,92
713,658,280,0,92
713,659,280,0,92
713,660,280,0,92
713,661,280,0,92
713,662,280,0,92
713,663,280,0,92
713,664,280,0,92
713,665,280,0,92
713,666,280,0,92
713,667,280,0,92
713,668,280,0,92
713,669,280,0,92
713,670,280,0,92
713,671,280,0,92
713,672,280,0,92
713,673,280,0,92
713,674,280,0,92
713,675,280,0,92
713,676,280,0,92
713,677,280,0,92
713,678,280,0,92
713,679,280,0,92
713,680,280,0,92
713,681,280,0,92
713,682,280,0,92
713,683,280,0,92
713,684,280,0,92
713,685,280,0,92
713,686,280,0,92
713,687,280,0,92
713,688,280,0,92
713,689,280,0,92
713,690,280,0,92
713,691,280,0,92
713,692,280,0,92
713,693,280,0,92
713,694,280,0,92
713,695,280,0,92
713,696,280,0,92
713,697,280,0,92
713,698,280,0,92
713,699,280,0,92
713,700,280,0,92
713,701,280,0,92
713,702,280,0,92
713,703,280,0,92
713,704,280,0,92
713,705,280,0,92
713,706,280,0,92
713,707,280,0,92
713,708,280,0,92
713,709,280,0,92
713,710,280,0,92
713,711,280,0,92
713,712,280,0,92
713,714,280,0,92
713,715,280,0,92
713,716,280,0,92
713,717,280,0,92
713,718,280,0,92
713,719,280,0,92
713,720,280,0,92
713,721,280,0,92
713,722,280,0,92
713,723,280,0,92
713,724,280,0,92
720,625,62,0,99
720,626,62,0,99
720,627,62,0,99
720,628,62,0,99
720,629,62,0,99
720,630,62,0,99
720,631,62,0,99
720,632,62,0,99
720,633,62,0,99
720,634,62,0,99
720,635,62,0,99
720,636,62,0,99
720,637,62,0,99
720,638,62,0,99
720,639,62,0,99
720,640,62,0,99
720,641,62,0,99
720,642,62,0,99
720,643,62,0,99
720,644,62,0,99
720,645,62,0,99
720,646,62,0,99
720,647,62,0,99
720,648,62,0,99
720,649,62,0,99
720,650,62,0,99
720,651,62,0,99
720,652,62,0,99
720,653,62,0,99
720,654,62,0,99
720,655,62,0,99
720,656,62,0,99
720,657,62,0,99
720,658,62,0,99
720,659,62,0,99
720,660,62,0,99
720,661,62,0,99
720,662,62,0,99
720,663,62,0,99
720,664,62,0,99
720,665,62,0,99
720,666,62,0,99
720,667,62,0,99
720,668,62,0,99
720,669,62,0,99
720,670,62,0,99
720,671,62,0,99
720,672,62,0,99
720,673,62,0,99
720,674,62,0,99
720,675,62,0,99
720,676,62,0,99
720,677,62,0,99
720,678,62,0,99
720,679,62,0,99
720,680,62,0,99
720,681,62,0,99
720,682,62,0,99
720,683,62,0,99
720,684,62,0,99
720,685,62,0,99
720,686,62,0,99
720,687,62,0,99
720,688,62,0,99
720,689,62,0,99
720,690,62,0,99
720,691,62,0,99
720,692,62,0,99
720,693,62,0,99
720,694,62,0,99
720,695,62,0,99
720,696,62,0,99
720,697,62,0,99
720,698,62,0,99
720,699,62,0,99
720,700,62,0,99
720,701,62,0,99
720,702,62,0,99
720,703,62,0,99
720,704,62,0,99
720,705,62,0,99
720,706,62,0,99
720,707,62,0,99
720,708,62,0,99
720,709,62,0,99
720,710,62,0,99
720,711,62,0,99
720,712,62,0,99
720,713,62,0,99
720,714,62,0,99
720,715,62,0,99
720,716,62,0,99
720,717,62,0,99
720,718,62,0,99
720,719,62,0,99
720,721,62,0,99
720,722,62,0,99
720,723,62,0,99
720,724,62,0,99
721,625,109,0,100
721,626,109,0,100
721,627,109,0,100
721,628,109,0,100
721,629,109,0,100
721,630,109,0,100
721,631,109,0,100
721,632,109,0,100
721,633,109,0,100
721,634,109,0,100
721,635,109,0,100
721,636,109,0,100
721,637,109,0,100
721,638,109,0,100
721,639,109,0,100
721,640,109,0,100
721,641,109,0,100
721,642,109,0,100
721,643,109,0,100
721,644,109,0,100
721,645,109,0,100
721,646,109,0,100
721,647,109,0,100
721,648,109,0,100
721,649,109,0,100
721,650,109,0,100
721,651,109,0,100
721,652,109,0,100
721,653,109,0,100
721,654,109,0,100
721,655,109,0,100
721,656,109,0,100
721,657,109,0,100
721,658,109,0,100
721,659,109,0,100
721,660,109,0,100
721,661,109,0,100
721,662,109,0,100
721,663,109,0,100
721,664,109,0,100
721,665,109,0,100
721,666,109,0,100
721,667,109,0,100
721,668,109,0,100
721,669,109,0,100
721,670,109,0,100
721,671,109,0,100
721,672,109,0,100
721,673,109,0,100
721,674,109,0,100
721,675,109,0,100
721,676,109,0,100
721,677,109,0,100
721,678,109,0,100
721,679,109,0,100
721,680,109,0,100
721,681,109,0,100
721,682,109,0,100
721,683,109,0,100
721,684,109,0,100
721,685,109,0,100
721,686,109,0,100
721,687,109,0,100
721,688,109,0,100
721,689,109,0,100
721,690,109,0,100
721,691,109,0,100
721,692,109,0,100
721,693,109,0,100
721,694,109,0,100
721,695,109,0,100
721,696,109,0,100
721,697,109,0,100
721,698,109,0,100
721,699,109,0,100
721,700,109,0,100
721,701,109,0,100
721,702,109,0,100
721,703,109,0,100
721,704,109,0,100
721,705,109,0,100
721,706,109,0,100
721,707,109,0,100
721,708,109,0,100
721,709,109,0,100
721,710,109,0,100
721,711,109,0,100
721,712,109,0,100
721,713,109,0,100
721,714,109,0,100
721,715,109,0,100
721,716,109,0,100
721,717,109,0,100
721,718,109,0,100
721,719,109,0,100
721,720,109,0,100
721,722,109,0,100
721,723,109,0,100
721,724,109,0,100
