0,639,24,2,1
0,656,25,1,0
0,659,600,3,2
0,667,1,0,0
0,673,24,2,1
0,688,25,1,0
0,695,24,2,1
0,723,24,2,1
1,656,26,2,0
1,659,601,3,3
1,688,26,2,0
1,693,601,3,3
1,695,0,0,0
2,659,602,3,3
3,659,603,3,3
3,693,603,3,3
3,695,4,1,0
4,656,29,2,0
4,659,604,3,3
4,667,5,1,0
4,688,29,2,0
4,695,5,1,0
4,723,5,1,0
5,639,6,1,0
5,656,30,2,0
5,659,605,3,3
5,673,6,1,0
5,688,30,2,0
5,695,6,1,0
5,723,6,1,0
6,627,7,1,0
6,636,31,2,0
6,639,7,1,0
6,644,7,1,0
6,656,31,2,0
6,659,606,3,3
6,660,7,1,0
6,661,31,2,0
6,673,7,1,0
6,685,606,3,3
6,688,31,2,0
6,695,7,1,0
6,696,606,3,3
6,710,7,1,0
6,723,7,1,0
7,627,8,1,0
7,636,32,2,0
7,639,8,1,0
7,644,8,1,0
7,656,32,2,0
7,659,607,3,3
7,660,8,1,0
7,661,32,2,0
7,673,8,1,0
7,685,607,3,3
7,688,32,2,0
7,695,8,1,0
7,696,607,3,3
7,710,8,1,0
7,723,8,1,0
8,627,9,1,0
8,636,33,2,0
8,639,9,1,0
8,644,9,1,0
8,656,33,2,0
8,659,608,3,3
8,660,9,1,0
8,661,33,2,0
8,673,9,1,0
8,685,608,3,3
8,688,33,2,0
8,695,9,1,0
8,696,608,3,3
8,710,9,1,0
8,723,9,1,0
9,639,609,3,3
9,644,34,2,0
9,656,34,2,0
9,659,609,3,3
9,660,609,3,3
9,673,10,1,0
9,685,609,3,3
9,688,34,2,0
9,695,609,3,3
9,723,34,2,0
10,627,610,3,3
10,636,9,0,1
10,639,610,3,3
10,644,35,2,0
10,656,9,0,1
10,659,9,0,1
10,660,610,3,3
10,661,9,0,1
10,673,11,1,0
10,685,9,0,1
10,688,9,0,1
10,695,610,3,3
10,696,9,0,1
10,710,610,3,3
10,723,35,2,0
11,627,611,3,3
11,636,10,0,1
11,639,611,3,3
11,644,36,2,0
11,656,10,0,1
11,659,10,0,1
11,660,611,3,3
11,661,10,0,1
11,673,12,1,0
11,685,10,0,1
11,688,10,0,1
11,695,611,3,3
11,696,10,0,1
11,710,611,3,3
11,723,36,2,0
12,639,612,3,3
12,656,11,0,1
12,659,11,0,1
12,673,13,1,0
12,688,11,0,1
12,695,612,3,3
12,696,11,0,1
12,723,37,2,0
13,656,12,0,1
13,659,12,0,1
13,673,673,52,0
13,688,12,0,1
13,695,613,3,3
13,723,38,2,0
14,659,13,0,1
14,695,614,3,3
15,659,16,1,0
16,656,17,1,0
16,659,17,1,0
16,693,17,1,0
16,695,616,3,3
17,639,617,3,3
17,656,18,1,0
17,659,18,1,0
17,667,16,0,1
17,688,18,1,0
17,695,617,3,3
17,723,42,2,0
18,639,618,3,3
18,656,19,1,0
18,659,19,1,0
18,673,17,0,1
18,688,19,1,0
18,695,618,3,3
18,696,17,0,1
18,723,43,2,0
19,627,619,3,3
19,636,20,1,0
19,639,619,3,3
19,644,44,2,0
19,656,20,1,0
19,659,20,1,0
19,660,619,3,3
19,661,20,1,0
19,673,18,0,1
19,685,20,1,0
19,688,20,1,0
19,695,619,3,3
19,696,20,1,0
19,710,619,3,3
19,723,44,2,0
20,627,620,3,3
20,636,21,1,0
20,639,620,3,3
20,644,45,2,0
20,656,21,1,0
20,659,21,1,0
20,660,620,3,3
20,661,21,1,0
20,673,19,0,1
20,685,21,1,0
20,688,21,1,0
20,695,620,3,3
20,696,21,1,0
20,710,620,3,3
20,723,45,2,0
21,639,621,3,3
21,644,46,2,0
21,656,46,2,0
21,659,621,3,3
21,660,621,3,3
21,673,20,0,1
21,685,621,3,3
21,688,46,2,0
21,695,621,3,3
21,723,46,2,0
22,627,21,0,1
22,636,47,2,0
22,639,21,0,1
22,644,21,0,1
22,656,47,2,0
22,659,622,3,3
22,660,21,0,1
22,661,47,2,0
22,673,21,0,1
22,685,622,3,3
22,688,47,2,0
22,695,21,0,1
22,696,622,3,3
22,710,21,0,1
22,723,21,0,1
23,627,22,0,1
23,636,48,2,0
23,639,22,0,1
23,644,22,0,1
23,656,48,2,0
23,659,623,3,3
23,660,22,0,1
23,661,48,2,0
23,673,22,0,1
23,685,623,3,3
23,688,48,2,0
23,695,22,0,1
23,696,623,3,3
23,710,22,0,1
23,723,22,0,1
24,639,23,0,1
24,656,49,2,0
24,659,624,3,3
24,673,23,0,1
24,688,49,2,0
24,695,23,0,1
24,696,0,1,2
24,723,23,0,1
25,639,49,3,2
25,656,50,2,0
25,659,0,0,1
25,667,26,1,1
25,673,49,3,2
25,688,50,2,0
25,695,49,3,2
25,723,49,3,2
26,656,51,3,0
26,659,1,0,2
26,688,51,3,0
26,693,51,3,0
26,695,25,1,1
27,659,2,0,2
28,659,3,0,2
28,693,53,3,0
28,695,29,2,1
29,656,54,3,0
29,659,4,0,2
29,667,30,2,1
29,688,54,3,0
29,695,30,2,1
29,723,30,2,1
30,639,31,2,1
30,656,55,3,0
30,659,5,0,2
30,673,31,2,1
30,688,55,3,0
30,695,31,2,1
30,723,31,2,1
31,627,32,2,1
31,636,56,3,0
31,639,32,2,1
31,644,32,2,1
31,656,56,3,0
31,659,6,0,2
31,660,32,2,1
31,661,56,3,0
31,673,32,2,1
31,685,6,0,2
31,688,56,3,0
31,695,32,2,1
31,696,6,0,2
31,710,32,2,1
31,723,32,2,1
32,627,33,2,1
32,636,57,3,0
32,639,33,2,1
32,644,33,2,1
32,656,57,3,0
32,659,7,0,2
32,660,33,2,1
32,661,57,3,0
32,673,33,2,1
32,685,7,0,2
32,688,57,3,0
32,695,33,2,1
32,696,7,0,2
32,710,33,2,1
32,723,33,2,1
33,627,34,2,1
33,636,58,3,0
33,639,34,2,1
33,644,34,2,1
33,656,58,3,0
33,659,8,0,2
33,660,34,2,1
33,661,58,3,0
33,673,34,2,1
33,685,8,0,2
33,688,58,3,0
33,695,34,2,1
33,696,8,0,2
33,710,34,2,1
33,723,34,2,1
34,639,9,0,2
34,644,59,3,0
34,656,59,3,0
34,659,9,0,2
34,661,59,3,0
34,673,9,0,2
34,685,9,0,2
34,688,59,3,0
34,695,9,0,2
34,723,59,3,0
35,627,10,0,2
35,636,34,1,2
35,639,10,0,2
35,644,60,3,0
35,656,34,1,2
35,659,34,1,2
35,660,10,0,2
35,661,34,1,2
35,673,10,0,2
35,685,34,1,2
35,688,34,1,2
35,695,10,0,2
35,696,34,1,2
35,710,10,0,2
35,723,60,3,0
36,627,11,0,2
36,636,35,1,2
36,639,11,0,2
36,644,61,3,0
36,656,35,1,2
36,659,35,1,2
36,660,11,0,2
36,661,35,1,2
36,673,11,0,2
36,685,35,1,2
36,688,35,1,2
36,695,11,0,2
36,696,35,1,2
36,710,11,0,2
36,723,61,3,0
37,639,12,0,2
37,656,36,1,2
37,659,36,1,2
37,673,12,0,2
37,688,36,1,2
37,695,12,0,2
37,696,36,1,2
37,723,62,3,0
38,656,37,1,2
38,659,37,1,2
38,673,13,0,2
38,688,37,1,2
38,695,13,0,2
38,723,63,3,0
39,659,38,1,2
39,695,14,0,2
40,659,41,2,1
41,656,42,2,1
41,659,42,2,1
41,693,42,2,1
41,695,16,0,2
42,639,17,0,2
42,656,43,2,1
42,659,43,2,1
42,667,41,1,2
42,673,17,0,2
42,688,43,2,1
42,695,17,0,2
42,723,67,3,0
43,639,18,0,2
43,656,44,2,1
43,659,44,2,1
43,673,18,0,2
43,688,44,2,1
43,695,18,0,2
43,696,42,1,2
43,723,68,3,0
44,627,19,0,2
44,636,45,2,1
44,639,19,0,2
44,644,69,3,0
44,656,45,2,1
44,659,45,2,1
44,660,19,0,2
44,661,45,2,1
44,673,19,0,2
44,685,45,2,1
44,688,45,2,1
44,695,19,0,2
44,696,45,2,1
44,710,19,0,2
44,723,69,3,0
45,627,20,0,2
45,636,46,2,1
45,639,20,0,2
45,644,70,3,0
45,656,46,2,1
45,659,46,2,1
45,660,20,0,2
45,661,46,2,1
45,673,20,0,2
45,685,46,2,1
45,688,46,2,1
45,695,20,0,2
45,696,46,2,1
45,710,20,0,2
45,723,70,3,0
46,639,21,0,2
46,644,71,3,0
46,656,71,3,0
46,659,21,0,2
46,661,71,3,0
46,673,21,0,2
46,685,21,0,2
46,688,71,3,0
46,695,21,0,2
46,723,71,3,0
47,627,46,1,2
47,636,72,3,0
47,639,46,1,2
47,644,46,1,2
47,656,72,3,0
47,659,22,0,2
47,660,46,1,2
47,661,72,3,0
47,673,46,1,2
47,685,22,0,2
47,688,72,3,0
47,695,46,1,2
47,696,22,0,2
47,710,46,1,2
47,723,46,1,2
48,627,47,1,2
48,636,73,3,0
48,639,47,1,2
48,644,47,1,2
48,656,73,3,0
48,659,23,0,2
48,660,47,1,2
48,661,73,3,0
48,673,47,1,2
48,685,23,0,2
48,688,73,3,0
48,695,47,1,2
48,696,23,0,2
48,710,47,1,2
48,723,47,1,2
49,639,48,1,2
49,656,74,3,0
49,659,24,0,2
49,673,48,1,2
49,688,74,3,0
49,695,48,1,2
49,696,25,2,3
49,723,48,1,2
50,639,74,3,2
50,656,75,2,0
50,659,25,0,2
50,667,51,1,1
50,673,74,3,2
50,688,75,2,0
50,695,74,3,2
50,723,74,3,2
51,656,76,3,0
51,659,26,0,3
51,688,76,3,0
51,693,76,3,0
51,695,50,1,1
52,659,27,0,3
53,659,28,0,3
53,693,78,3,0
53,695,54,2,1
54,656,79,3,0
54,659,29,0,3
54,667,55,2,1
54,688,79,3,0
54,695,55,2,1
54,723,55,2,1
55,639,56,2,1
55,656,80,3,0
55,659,30,0,3
55,673,56,2,1
55,683,80,3,0
55,688,80,3,0
55,695,56,2,1
55,723,56,2,1
56,627,57,2,1
56,636,81,3,0
56,639,57,2,1
56,644,57,2,1
56,656,81,3,0
56,659,31,0,3
56,660,57,2,1
56,661,81,3,0
56,673,57,2,1
56,683,81,3,0
56,685,81,3,0
56,688,81,3,0
56,695,57,2,1
56,696,31,0,3
56,710,57,2,1
56,723,57,2,1
57,627,58,2,1
57,636,82,3,0
57,639,58,2,1
57,644,58,2,1
57,656,82,3,0
57,659,32,0,3
57,660,58,2,1
57,661,82,3,0
57,673,58,2,1
57,683,82,3,0
57,685,82,3,0
57,688,82,3,0
57,695,58,2,1
57,696,32,0,3
57,710,58,2,1
57,723,58,2,1
58,627,59,2,1
58,636,83,3,0
58,639,59,2,1
58,644,59,2,1
58,656,83,3,0
58,659,33,0,3
58,660,59,2,1
58,661,83,3,0
58,673,59,2,1
58,683,83,3,0
58,685,83,3,0
58,688,83,3,0
58,695,59,2,1
58,696,33,0,3
58,710,59,2,1
58,723,59,2,1
59,639,34,0,3
59,644,84,3,0
59,656,84,3,0
59,659,34,0,3
59,661,84,3,0
59,673,34,0,3
59,683,84,3,0
59,688,84,3,0
59,695,34,0,3
59,723,84,3,0
60,627,35,0,3
60,636,59,1,2
60,639,35,0,3
60,644,85,3,0
60,656,59,1,2
60,659,59,1,2
60,660,35,0,3
60,661,59,1,2
60,673,35,0,3
60,685,59,1,2
60,688,59,1,2
60,695,35,0,3
60,696,59,1,2
60,710,35,0,3
60,723,85,3,0
61,627,36,0,3
61,636,60,1,2
61,639,36,0,3
61,644,86,3,0
61,656,60,1,2
61,659,60,1,2
61,660,36,0,3
61,661,60,1,2
61,673,36,0,3
61,685,60,1,2
61,688,60,1,2
61,695,36,0,3
61,696,60,1,2
61,710,36,0,3
61,723,86,3,0
62,639,37,0,3
62,656,61,1,2
62,659,61,1,2
62,673,37,0,3
62,688,61,1,2
62,695,37,0,3
62,696,61,1,2
62,723,87,3,0
63,656,62,1,2
63,659,62,1,2
63,673,38,0,3
63,688,62,1,2
63,695,38,0,3
63,723,88,3,0
64,659,63,1,2
64,695,39,0,3
65,659,66,2,1
66,656,67,2,1
66,659,67,2,1
66,693,67,2,1
66,695,41,0,3
67,639,42,0,3
67,656,68,2,1
67,659,68,2,1
67,667,66,1,2
67,673,42,0,3
67,688,68,2,1
67,695,42,0,3
67,723,92,3,0
68,639,43,0,3
68,656,69,2,1
68,659,69,2,1
68,673,43,0,3
68,688,69,2,1
68,695,43,0,3
68,696,67,1,2
68,723,93,3,0
69,627,44,0,3
69,636,70,2,1
69,639,44,0,3
69,644,94,3,0
69,656,70,2,1
69,659,70,2,1
69,660,44,0,3
69,661,70,2,1
69,673,44,0,3
69,685,70,2,1
69,688,70,2,1
69,695,44,0,3
69,696,70,2,1
69,710,44,0,3
69,723,94,3,0
70,627,45,0,3
70,636,71,2,1
70,639,45,0,3
70,644,95,3,0
70,656,71,2,1
70,659,71,2,1
70,660,45,0,3
70,661,71,2,1
70,673,45,0,3
70,685,71,2,1
70,688,71,2,1
70,695,45,0,3
70,696,71,2,1
70,710,45,0,3
70,723,95,3,0
71,639,46,0,3
71,644,96,3,0
71,656,96,3,0
71,659,46,0,3
71,661,96,3,0
71,673,46,0,3
71,683,96,3,0
71,688,96,3,0
71,695,46,0,3
71,723,96,3,0
72,627,71,1,2
72,636,97,3,0
72,639,71,1,2
72,644,71,1,2
72,656,97,3,0
72,659,47,0,3
72,660,71,1,2
72,661,97,3,0
72,673,71,1,2
72,683,97,3,0
72,685,97,3,0
72,688,97,3,0
72,695,71,1,2
72,696,47,0,3
72,710,71,1,2
72,723,71,1,2
73,627,72,1,2
73,636,98,3,0
73,639,72,1,2
73,644,72,1,2
73,656,98,3,0
73,659,48,0,3
73,660,72,1,2
73,661,98,3,0
73,673,72,1,2
73,683,98,3,0
73,685,98,3,0
73,688,98,3,0
73,695,72,1,2
73,696,48,0,3
73,710,72,1,2
73,723,72,1,2
74,639,73,1,2
74,656,99,3,0
74,659,49,0,3
74,673,73,1,2
74,683,99,3,0
74,688,99,3,0
74,695,73,1,2
74,696,50,2,3
74,723,73,1,2
75,639,99,3,2
75,656,100,2,0
75,659,50,0,2
75,667,76,1,1
75,673,99,3,2
75,688,100,2,0
75,695,99,3,2
75,723,99,3,2
76,656,101,3,0
76,659,51,0,3
76,688,101,3,0
76,693,101,3,0
76,695,75,1,1
77,659,52,0,3
78,659,53,0,3
78,693,103,3,0
78,695,79,2,1
79,656,104,3,0
79,659,54,0,3
79,667,80,2,1
79,688,104,3,0
79,695,80,2,1
79,723,80,2,1
80,639,81,2,1
80,656,105,3,0
80,659,55,0,3
80,673,81,2,1
80,688,105,3,0
80,695,81,2,1
80,723,81,2,1
81,627,82,2,1
81,636,106,3,0
81,639,82,2,1
81,644,82,2,1
81,656,106,3,0
81,659,56,0,3
81,660,82,2,1
81,661,106,3,0
81,673,82,2,1
81,685,106,3,0
81,688,106,3,0
81,695,82,2,1
81,696,56,0,3
81,710,82,2,1
81,723,82,2,1
82,627,83,2,1
82,636,107,3,0
82,639,83,2,1
82,644,83,2,1
82,656,107,3,0
82,659,57,0,3
82,660,83,2,1
82,661,107,3,0
82,673,83,2,1
82,685,107,3,0
82,688,107,3,0
82,695,83,2,1
82,696,57,0,3
82,710,83,2,1
82,723,83,2,1
83,627,84,2,1
83,636,108,3,0
83,639,84,2,1
83,644,84,2,1
83,656,108,3,0
83,659,58,0,3
83,660,84,2,1
83,661,108,3,0
83,673,84,2,1
83,685,108,3,0
83,688,108,3,0
83,695,84,2,1
83,696,58,0,3
83,710,84,2,1
83,723,84,2,1
84,639,59,0,3
84,659,59,0,3
84,661,109,3,0
84,673,59,0,3
84,695,59,0,3
85,627,60,0,3
85,636,84,1,2
85,639,60,0,3
85,644,110,3,0
85,656,84,1,2
85,659,84,1,2
85,660,60,0,3
85,661,84,1,2
85,673,60,0,3
85,685,84,1,2
85,688,84,1,2
85,695,60,0,3
85,696,84,1,2
85,710,60,0,3
85,723,110,3,0
86,627,61,0,3
86,636,85,1,2
86,639,61,0,3
86,644,111,3,0
86,656,85,1,2
86,659,85,1,2
86,660,61,0,3
86,661,85,1,2
86,673,61,0,3
86,685,85,1,2
86,688,85,1,2
86,695,61,0,3
86,696,85,1,2
86,710,61,0,3
86,723,111,3,0
87,639,62,0,3
87,656,86,1,2
87,659,86,1,2
87,673,62,0,3
87,688,86,1,2
87,695,62,0,3
87,696,86,1,2
87,723,112,3,0
88,656,87,1,2
88,659,87,1,2
88,673,63,0,3
88,688,87,1,2
88,695,63,0,3
88,723,113,3,0
89,659,88,1,2
89,695,64,0,3
90,659,91,2,1
91,656,92,2,1
91,659,92,2,1
91,693,92,2,1
91,695,66,0,3
92,639,67,0,3
92,656,93,2,1
92,659,93,2,1
92,667,91,1,2
92,673,67,0,3
92,688,93,2,1
92,695,67,0,3
92,723,117,3,0
93,639,68,0,3
93,656,94,2,1
93,659,94,2,1
93,673,68,0,3
93,688,94,2,1
93,695,68,0,3
93,696,92,1,2
93,723,118,3,0
94,627,69,0,3
94,636,95,2,1
94,639,69,0,3
94,644,119,3,0
94,656,95,2,1
94,659,95,2,1
94,660,69,0,3
94,661,95,2,1
94,673,69,0,3
94,685,95,2,1
94,688,95,2,1
94,695,69,0,3
94,696,95,2,1
94,710,69,0,3
94,723,119,3,0
95,627,70,0,3
95,636,96,2,1
95,639,70,0,3
95,644,120,3,0
95,656,96,2,1
95,659,96,2,1
95,660,70,0,3
95,661,96,2,1
95,673,70,0,3
95,685,96,2,1
95,688,96,2,1
95,695,70,0,3
95,696,96,2,1
95,710,70,0,3
95,723,120,3,0
96,639,71,0,3
96,659,71,0,3
96,661,121,3,0
96,673,71,0,3
96,695,71,0,3
97,627,96,1,2
97,636,122,3,0
97,639,96,1,2
97,644,96,1,2
97,656,122,3,0
97,659,72,0,3
97,660,96,1,2
97,661,122,3,0
97,673,96,1,2
97,685,122,3,0
97,688,122,3,0
97,695,96,1,2
97,696,72,0,3
97,710,96,1,2
97,723,96,1,2
98,627,97,1,2
98,636,123,3,0
98,639,97,1,2
98,644,97,1,2
98,656,123,3,0
98,659,73,0,3
98,660,97,1,2
98,661,123,3,0
98,673,97,1,2
98,685,123,3,0
98,688,123,3,0
98,695,97,1,2
98,696,73,0,3
98,710,97,1,2
98,723,97,1,2
99,639,98,1,2
99,656,124,3,0
99,659,74,0,3
99,673,98,1,2
99,688,124,3,0
99,695,98,1,2
99,696,75,2,3
99,723,98,1,2
100,639,124,3,2
100,656,101,1,1
100,659,125,2,0
100,667,101,1,1
100,673,124,3,2
100,688,125,2,0
100,695,124,3,2
100,723,124,3,2
101,656,656,35,0
101,659,126,3,0
101,688,126,3,0
101,693,126,3,0
101,695,100,1,1
102,659,127,3,0
103,659,128,3,0
103,693,128,3,0
103,695,104,2,1
104,656,103,1,2
104,659,129,3,0
104,667,105,2,1
104,688,129,3,0
104,695,105,2,1
104,723,105,2,1
105,639,106,2,1
105,656,104,1,2
105,659,130,3,0
105,673,106,2,1
105,688,130,3,0
105,695,106,2,1
105,723,106,2,1
106,627,107,2,1
106,636,131,3,0
106,639,107,2,1
106,644,107,2,1
106,656,105,1,2
106,659,131,3,0
106,660,107,2,1
106,661,131,3,0
106,673,107,2,1
106,685,131,3,0
106,688,131,3,0
106,695,107,2,1
106,696,81,0,3
106,710,107,2,1
106,723,107,2,1
107,627,108,2,1
107,636,132,3,0
107,639,108,2,1
107,644,108,2,1
107,656,106,1,2
107,659,132,3,0
107,660,108,2,1
107,661,132,3,0
107,673,108,2,1
107,685,132,3,0
107,688,132,3,0
107,695,108,2,1
107,696,82,0,3
107,710,108,2,1
107,723,108,2,1
108,627,109,2,1
108,636,133,3,0
108,639,109,2,1
108,644,109,2,1
108,656,107,1,2
108,659,133,3,0
108,660,109,2,1
108,661,133,3,0
108,673,109,2,1
108,685,133,3,0
108,688,133,3,0
108,695,109,2,1
108,696,83,0,3
108,710,109,2,1
108,723,109,2,1
109,636,134,3,0
109,656,108,1,2
109,659,134,3,0
109,661,134,3,0
109,673,84,0,3
109,695,84,0,3
109,696,84,0,3
109,710,134,3,0
110,627,85,0,3
110,636,109,1,2
110,639,135,3,0
110,644,135,3,0
110,656,109,1,2
110,659,109,1,2
110,660,85,0,3
110,661,109,1,2
110,673,85,0,3
110,685,109,1,2
110,688,109,1,2
110,695,85,0,3
110,696,109,1,2
110,710,135,3,0
110,723,135,3,0
111,627,86,0,3
111,636,110,1,2
111,639,136,3,0
111,644,136,3,0
111,656,110,1,2
111,659,110,1,2
111,660,86,0,3
111,661,110,1,2
111,673,86,0,3
111,685,110,1,2
111,688,110,1,2
111,695,86,0,3
111,696,110,1,2
111,710,136,3,0
111,723,136,3,0
112,639,137,3,0
112,656,111,1,2
112,659,111,1,2
112,673,87,0,3
112,688,111,1,2
112,695,87,0,3
112,696,111,1,2
112,723,137,3,0
113,656,112,1,2
113,659,112,1,2
113,673,88,0,3
113,688,112,1,2
113,695,88,0,3
113,723,138,3,0
114,659,113,1,2
114,695,89,0,3
115,659,116,2,1
116,656,117,2,1
116,659,117,2,1
116,693,117,2,1
116,695,91,0,3
117,639,142,3,0
117,656,118,2,1
117,659,118,2,1
117,667,116,1,2
117,673,92,0,3
117,688,118,2,1
117,695,92,0,3
117,723,142,3,0
118,639,143,3,0
118,656,119,2,1
118,659,119,2,1
118,673,93,0,3
118,688,119,2,1
118,695,93,0,3
118,696,117,1,2
118,723,143,3,0
119,627,94,0,3
119,636,120,2,1
119,639,144,3,0
119,644,144,3,0
119,656,120,2,1
119,659,120,2,1
119,660,94,0,3
119,661,120,2,1
119,673,94,0,3
119,685,120,2,1
119,688,120,2,1
119,695,94,0,3
119,696,120,2,1
119,710,144,3,0
119,723,144,3,0
120,627,95,0,3
120,636,121,2,1
120,639,145,3,0
120,644,145,3,0
120,656,121,2,1
120,659,121,2,1
120,660,95,0,3
120,661,121,2,1
120,673,95,0,3
120,685,121,2,1
120,688,121,2,1
120,695,95,0,3
120,696,121,2,1
120,710,145,3,0
120,723,145,3,0
121,636,146,3,0
121,656,122,2,1
121,659,146,3,0
121,661,146,3,0
121,673,96,0,3
121,695,96,0,3
121,696,96,0,3
121,710,146,3,0
122,627,121,1,2
122,636,147,3,0
122,639,121,1,2
122,644,121,1,2
122,656,123,2,1
122,659,147,3,0
122,660,121,1,2
122,661,147,3,0
122,673,121,1,2
122,685,147,3,0
122,688,147,3,0
122,695,121,1,2
122,696,97,0,3
122,710,121,1,2
122,723,121,1,2
123,627,122,1,2
123,636,148,3,0
123,639,122,1,2
123,644,122,1,2
123,656,124,2,1
123,659,148,3,0
123,660,122,1,2
123,661,148,3,0
123,673,122,1,2
123,685,148,3,0
123,688,148,3,0
123,695,122,1,2
123,696,98,0,3
123,710,122,1,2
123,723,122,1,2
124,639,123,1,2
124,656,100,2,3
124,659,149,3,0
124,673,123,1,2
124,688,149,3,0
124,695,123,1,2
124,696,100,2,3
124,723,123,1,2
125,639,149,3,2
125,656,100,0,2
125,659,150,2,0
125,667,126,1,1
125,673,149,3,2
125,688,126,1,1
125,695,149,3,2
125,723,149,3,2
126,656,101,0,3
126,659,151,3,0
126,688,688,67,0
126,693,151,3,0
126,695,125,1,1
127,659,152,3,0
128,659,153,3,0
128,693,153,3,0
128,695,129,2,1
129,656,104,0,3
129,659,154,3,0
129,667,130,2,1
129,695,130,2,1
129,723,130,2,1
130,639,131,2,1
130,656,105,0,3
130,659,155,3,0
130,673,131,2,1
130,688,129,1,2
130,695,131,2,1
130,723,131,2,1
131,627,132,2,1
131,636,156,3,0
131,639,132,2,1
131,644,132,2,1
131,656,106,0,3
131,659,156,3,0
131,660,132,2,1
131,661,156,3,0
131,673,132,2,1
131,685,156,3,0
131,688,130,1,2
131,695,132,2,1
131,696,106,0,3
131,710,132,2,1
131,723,132,2,1
132,627,133,2,1
132,636,157,3,0
132,639,133,2,1
132,644,133,2,1
132,656,107,0,3
132,659,157,3,0
132,660,133,2,1
132,661,157,3,0
132,673,133,2,1
132,685,157,3,0
132,688,131,1,2
132,695,133,2,1
132,696,107,0,3
132,710,133,2,1
132,723,133,2,1
133,627,134,2,1
133,636,158,3,0
133,639,134,2,1
133,644,134,2,1
133,656,108,0,3
133,659,158,3,0
133,660,134,2,1
133,661,158,3,0
133,673,134,2,1
133,685,158,3,0
133,688,132,1,2
133,695,134,2,1
133,696,108,0,3
133,710,134,2,1
133,723,134,2,1
134,627,159,3,0
134,636,159,3,0
134,656,109,0,3
134,659,159,3,0
134,661,159,3,0
134,673,109,0,3
134,688,133,1,2
134,695,109,0,3
134,696,109,0,3
134,710,159,3,0
134,723,135,2,1
135,627,160,3,0
135,636,134,1,2
135,639,160,3,0
135,644,160,3,0
135,656,134,1,2
135,659,134,1,2
135,660,110,0,3
135,661,134,1,2
135,673,110,0,3
135,685,134,1,2
135,688,134,1,2
135,695,110,0,3
135,696,134,1,2
135,710,160,3,0
135,723,136,2,1
136,627,161,3,0
136,636,135,1,2
136,639,161,3,0
136,644,161,3,0
136,656,135,1,2
136,659,135,1,2
136,660,111,0,3
136,661,135,1,2
136,673,111,0,3
136,685,135,1,2
136,688,135,1,2
136,695,111,0,3
136,696,135,1,2
136,710,161,3,0
136,723,137,2,1
137,639,162,3,0
137,656,136,1,2
137,659,136,1,2
137,673,112,0,3
137,688,136,1,2
137,695,112,0,3
137,696,136,1,2
137,723,138,2,1
138,656,137,1,2
138,659,137,1,2
138,673,113,0,3
138,688,137,1,2
138,695,113,0,3
138,723,723,102,0
139,659,138,1,2
139,695,114,0,3
140,659,141,2,1
141,656,142,2,1
141,659,142,2,1
141,693,142,2,1
141,695,116,0,3
142,639,167,3,0
142,656,143,2,1
142,659,143,2,1
142,667,141,1,2
142,673,117,0,3
142,688,143,2,1
142,695,117,0,3
142,723,141,1,2
143,639,168,3,0
143,656,144,2,1
143,659,144,2,1
143,673,118,0,3
143,688,144,2,1
143,695,118,0,3
143,696,142,1,2
143,723,142,1,2
144,627,169,3,0
144,636,145,2,1
144,639,169,3,0
144,644,169,3,0
144,656,145,2,1
144,659,145,2,1
144,660,119,0,3
144,661,145,2,1
144,673,119,0,3
144,685,145,2,1
144,688,145,2,1
144,695,119,0,3
144,696,145,2,1
144,710,169,3,0
144,723,143,1,2
145,627,170,3,0
145,636,146,2,1
145,639,170,3,0
145,644,170,3,0
145,656,146,2,1
145,659,146,2,1
145,660,120,0,3
145,661,146,2,1
145,673,120,0,3
145,685,146,2,1
145,688,146,2,1
145,695,120,0,3
145,696,146,2,1
145,710,170,3,0
145,723,144,1,2
146,627,171,3,0
146,636,171,3,0
146,656,121,0,3
146,659,171,3,0
146,661,171,3,0
146,673,121,0,3
146,688,147,2,1
146,695,121,0,3
146,696,121,0,3
146,710,171,3,0
146,723,145,1,2
147,627,146,1,2
147,636,172,3,0
147,639,146,1,2
147,644,146,1,2
147,656,122,0,3
147,659,172,3,0
147,660,146,1,2
147,661,172,3,0
147,673,146,1,2
147,685,172,3,0
147,688,148,2,1
147,695,146,1,2
147,696,122,0,3
147,710,146,1,2
147,723,146,1,2
148,627,147,1,2
148,636,173,3,0
148,639,147,1,2
148,644,147,1,2
148,656,123,0,3
148,659,173,3,0
148,660,147,1,2
148,661,173,3,0
148,673,147,1,2
148,685,173,3,0
148,688,149,2,1
148,695,147,1,2
148,696,123,0,3
148,710,147,1,2
148,723,147,1,2
149,639,148,1,2
149,656,124,0,3
149,659,174,3,0
149,673,148,1,2
149,688,125,2,3
149,695,148,1,2
149,696,125,2,3
149,723,148,1,2
150,639,174,3,2
150,656,125,0,2
150,659,175,2,0
150,667,151,1,1
150,673,174,3,2
150,688,125,0,2
150,695,174,3,2
150,723,174,3,2
151,656,126,0,3
151,659,176,3,0
151,688,126,0,3
151,693,176,3,0
151,695,150,1,1
152,659,177,3,0
153,659,178,3,0
153,693,178,3,0
153,695,154,2,1
154,656,129,0,3
154,659,179,3,0
154,667,155,2,1
154,688,129,0,3
154,695,155,2,1
154,723,155,2,1
155,639,156,2,1
155,656,130,0,3
155,659,180,3,0
155,673,156,2,1
155,688,130,0,3
155,695,156,2,1
155,723,156,2,1
156,627,157,2,1
156,636,181,3,0
156,639,157,2,1
156,644,157,2,1
156,656,131,0,3
156,659,181,3,0
156,660,157,2,1
156,661,181,3,0
156,673,157,2,1
156,685,181,3,0
156,688,131,0,3
156,695,157,2,1
156,696,131,0,3
156,710,157,2,1
156,723,157,2,1
157,627,158,2,1
157,636,182,3,0
157,639,158,2,1
157,644,158,2,1
157,656,132,0,3
157,659,182,3,0
157,660,158,2,1
157,661,182,3,0
157,673,158,2,1
157,685,182,3,0
157,688,132,0,3
157,695,158,2,1
157,696,132,0,3
157,710,158,2,1
157,723,158,2,1
158,627,159,2,1
158,636,183,3,0
158,639,159,2,1
158,644,159,2,1
158,656,133,0,3
158,659,183,3,0
158,660,159,2,1
158,661,183,3,0
158,673,159,2,1
158,685,183,3,0
158,688,133,0,3
158,695,159,2,1
158,696,133,0,3
158,710,159,2,1
158,723,159,2,1
159,627,184,3,0
159,636,184,3,0
159,639,184,3,0
159,656,134,0,3
159,659,184,3,0
159,660,184,3,0
159,661,184,3,0
159,673,134,0,3
159,688,134,0,3
159,695,134,0,3
159,696,134,0,3
159,710,184,3,0
159,723,134,0,3
160,627,185,3,0
160,636,159,1,2
160,639,185,3,0
160,644,185,3,0
160,656,159,1,2
160,659,159,1,2
160,660,185,3,0
160,661,159,1,2
160,673,135,0,3
160,685,159,1,2
160,688,159,1,2
160,695,135,0,3
160,696,159,1,2
160,710,185,3,0
160,723,135,0,3
161,627,186,3,0
161,636,160,1,2
161,639,186,3,0
161,644,186,3,0
161,656,160,1,2
161,659,160,1,2
161,660,186,3,0
161,661,160,1,2
161,673,136,0,3
161,685,160,1,2
161,688,160,1,2
161,695,136,0,3
161,696,160,1,2
161,710,186,3,0
161,723,136,0,3
162,639,187,3,0
162,656,161,1,2
162,659,161,1,2
162,673,137,0,3
162,688,161,1,2
162,695,137,0,3
162,696,161,1,2
162,723,137,0,3
163,656,162,1,2
163,659,162,1,2
163,673,138,0,3
163,688,162,1,2
163,695,138,0,3
163,723,138,0,3
164,659,163,1,2
164,695,139,0,3
165,659,166,2,1
166,656,167,2,1
166,659,167,2,1
166,693,167,2,1
166,695,141,0,3
167,639,192,3,0
167,656,168,2,1
167,659,168,2,1
167,667,166,1,2
167,673,142,0,3
167,688,168,2,1
167,695,142,0,3
167,723,142,0,3
168,639,193,3,0
168,656,169,2,1
168,659,169,2,1
168,673,143,0,3
168,688,169,2,1
168,695,143,0,3
168,696,167,1,2
168,723,143,0,3
169,627,194,3,0
169,636,170,2,1
169,639,194,3,0
169,644,194,3,0
169,656,170,2,1
169,659,170,2,1
169,660,194,3,0
169,661,170,2,1
169,673,144,0,3
169,685,170,2,1
169,688,170,2,1
169,695,144,0,3
169,696,170,2,1
169,710,194,3,0
169,723,144,0,3
170,627,195,3,0
170,636,171,2,1
170,639,195,3,0
170,644,195,3,0
170,656,171,2,1
170,659,171,2,1
170,660,195,3,0
170,661,171,2,1
170,673,145,0,3
170,685,171,2,1
170,688,171,2,1
170,695,145,0,3
170,696,171,2,1
170,710,195,3,0
170,723,145,0,3
171,627,196,3,0
171,636,196,3,0
171,639,196,3,0
171,656,146,0,3
171,659,196,3,0
171,660,196,3,0
171,661,196,3,0
171,673,146,0,3
171,688,146,0,3
171,695,146,0,3
171,696,146,0,3
171,710,196,3,0
171,723,146,0,3
172,627,171,1,2
172,636,197,3,0
172,639,171,1,2
172,644,171,1,2
172,656,147,0,3
172,659,197,3,0
172,660,171,1,2
172,661,197,3,0
172,673,171,1,2
172,685,197,3,0
172,688,147,0,3
172,695,171,1,2
172,696,147,0,3
172,710,171,1,2
172,723,171,1,2
173,627,172,1,2
173,636,198,3,0
173,639,172,1,2
173,644,172,1,2
173,656,148,0,3
173,659,198,3,0
173,660,172,1,2
173,661,198,3,0
173,673,172,1,2
173,685,198,3,0
173,688,148,0,3
173,695,172,1,2
173,696,148,0,3
173,710,172,1,2
173,723,172,1,2
174,639,173,1,2
174,656,149,0,3
174,659,199,3,0
174,673,173,1,2
174,688,149,0,3
174,695,173,1,2
174,696,150,2,3
174,723,173,1,2
175,639,199,3,2
175,656,150,0,2
175,659,200,2,0
175,667,176,1,1
175,673,199,3,2
175,688,150,0,2
175,695,199,3,2
175,723,199,3,2
176,656,151,0,3
176,659,201,3,0
176,688,151,0,3
176,693,201,3,0
176,695,175,1,1
177,659,202,3,0
178,659,203,3,0
178,693,203,3,0
178,695,179,2,1
179,656,154,0,3
179,659,204,3,0
179,667,180,2,1
179,688,154,0,3
179,695,180,2,1
179,723,180,2,1
180,639,181,2,1
180,656,155,0,3
180,659,205,3,0
180,673,181,2,1
180,688,155,0,3
180,695,181,2,1
180,723,181,2,1
181,627,182,2,1
181,636,206,3,0
181,639,182,2,1
181,644,182,2,1
181,656,156,0,3
181,659,206,3,0
181,660,182,2,1
181,661,206,3,0
181,673,182,2,1
181,685,206,3,0
181,688,156,0,3
181,695,182,2,1
181,696,156,0,3
181,710,182,2,1
181,723,182,2,1
182,627,183,2,1
182,636,207,3,0
182,639,183,2,1
182,644,183,2,1
182,656,157,0,3
182,659,207,3,0
182,660,183,2,1
182,661,207,3,0
182,673,183,2,1
182,685,207,3,0
182,688,157,0,3
182,695,183,2,1
182,696,157,0,3
182,710,183,2,1
182,723,183,2,1
183,627,184,2,1
183,636,208,3,0
183,639,184,2,1
183,644,184,2,1
183,656,158,0,3
183,659,208,3,0
183,660,184,2,1
183,661,208,3,0
183,673,184,2,1
183,685,208,3,0
183,688,158,0,3
183,695,184,2,1
183,696,158,0,3
183,710,184,2,1
183,723,184,2,1
184,627,209,3,0
184,636,209,3,0
184,639,209,3,0
184,656,159,0,3
184,659,209,3,0
184,660,209,3,0
184,661,209,3,0
184,673,159,0,3
184,685,209,3,0
184,688,159,0,3
184,695,159,0,3
184,696,159,0,3
184,710,209,3,0
184,723,159,0,3
185,627,210,3,0
185,636,184,1,2
185,639,210,3,0
185,644,210,3,0
185,656,184,1,2
185,659,184,1,2
185,660,210,3,0
185,661,184,1,2
185,673,160,0,3
185,685,184,1,2
185,688,184,1,2
185,695,160,0,3
185,696,184,1,2
185,710,210,3,0
185,723,160,0,3
186,627,211,3,0
186,636,185,1,2
186,639,211,3,0
186,644,211,3,0
186,656,185,1,2
186,659,185,1,2
186,660,211,3,0
186,661,185,1,2
186,673,161,0,3
186,685,185,1,2
186,688,185,1,2
186,695,161,0,3
186,696,185,1,2
186,710,211,3,0
186,723,161,0,3
187,639,212,3,0
187,656,186,1,2
187,659,186,1,2
187,673,162,0,3
187,688,186,1,2
187,695,162,0,3
187,696,186,1,2
187,723,162,0,3
188,656,187,1,2
188,659,187,1,2
188,673,163,0,3
188,688,187,1,2
188,695,163,0,3
188,723,163,0,3
189,659,188,1,2
189,695,164,0,3
190,659,191,2,1
191,656,192,2,1
191,659,192,2,1
191,693,192,2,1
191,695,166,0,3
192,639,217,3,0
192,656,193,2,1
192,659,193,2,1
192,667,191,1,2
192,673,167,0,3
192,688,193,2,1
192,695,167,0,3
192,723,167,0,3
193,639,218,3,0
193,656,194,2,1
193,659,194,2,1
193,673,168,0,3
193,688,194,2,1
193,695,168,0,3
193,696,192,1,2
193,723,168,0,3
194,627,219,3,0
194,636,195,2,1
194,639,219,3,0
194,644,219,3,0
194,656,195,2,1
194,659,195,2,1
194,660,219,3,0
194,661,195,2,1
194,673,169,0,3
194,685,195,2,1
194,688,195,2,1
194,695,169,0,3
194,696,195,2,1
194,710,219,3,0
194,723,169,0,3
195,627,220,3,0
195,636,196,2,1
195,639,220,3,0
195,644,220,3,0
195,656,196,2,1
195,659,196,2,1
195,660,220,3,0
195,661,196,2,1
195,673,170,0,3
195,685,196,2,1
195,688,196,2,1
195,695,170,0,3
195,696,196,2,1
195,710,220,3,0
195,723,170,0,3
196,627,221,3,0
196,636,221,3,0
196,639,221,3,0
196,656,171,0,3
196,659,221,3,0
196,660,221,3,0
196,661,221,3,0
196,673,171,0,3
196,685,221,3,0
196,688,171,0,3
196,695,171,0,3
196,696,171,0,3
196,710,221,3,0
196,723,171,0,3
197,627,196,1,2
197,636,222,3,0
197,639,196,1,2
197,644,196,1,2
197,656,172,0,3
197,659,222,3,0
197,660,196,1,2
197,661,222,3,0
197,673,196,1,2
197,685,222,3,0
197,688,172,0,3
197,695,196,1,2
197,696,172,0,3
197,710,196,1,2
197,723,196,1,2
198,627,197,1,2
198,636,223,3,0
198,639,197,1,2
198,644,197,1,2
198,656,173,0,3
198,659,223,3,0
198,660,197,1,2
198,661,223,3,0
198,673,197,1,2
198,685,223,3,0
198,688,173,0,3
198,695,197,1,2
198,696,173,0,3
198,710,197,1,2
198,723,197,1,2
199,639,198,1,2
199,656,174,0,3
199,659,224,3,0
199,673,198,1,2
199,688,174,0,3
199,695,198,1,2
199,696,175,2,3
199,723,198,1,2
200,639,224,3,2
200,656,175,0,2
200,659,225,2,0
200,667,201,1,1
200,673,224,3,2
200,688,175,0,2
200,695,224,3,2
200,723,224,3,2
201,656,176,0,3
201,659,226,3,0
201,688,176,0,3
201,693,226,3,0
201,695,200,1,1
202,659,227,3,0
203,659,228,3,0
203,693,228,3,0
203,695,204,2,1
204,656,179,0,3
204,659,229,3,0
204,667,205,2,1
204,688,179,0,3
204,695,205,2,1
204,723,205,2,1
205,639,206,2,1
205,656,180,0,3
205,659,230,3,0
205,673,206,2,1
205,688,180,0,3
205,695,206,2,1
205,723,206,2,1
206,627,207,2,1
206,636,231,3,0
206,639,207,2,1
206,644,207,2,1
206,656,181,0,3
206,659,231,3,0
206,660,207,2,1
206,661,661,40,0
206,673,207,2,1
206,685,231,3,0
206,688,181,0,3
206,695,207,2,1
206,696,181,0,3
206,710,207,2,1
206,723,207,2,1
207,627,208,2,1
207,636,232,3,0
207,639,208,2,1
207,644,208,2,1
207,656,182,0,3
207,659,232,3,0
207,660,208,2,1
207,661,206,1,2
207,673,208,2,1
207,685,232,3,0
207,688,182,0,3
207,695,208,2,1
207,696,182,0,3
207,710,208,2,1
207,723,208,2,1
208,627,209,2,1
208,636,233,3,0
208,639,209,2,1
208,644,209,2,1
208,656,183,0,3
208,659,233,3,0
208,660,209,2,1
208,661,207,1,2
208,673,209,2,1
208,685,233,3,0
208,688,183,0,3
208,695,209,2,1
208,696,183,0,3
208,710,209,2,1
208,723,209,2,1
209,627,234,3,0
209,636,234,3,0
209,639,234,3,0
209,644,210,2,1
209,656,184,0,3
209,659,234,3,0
209,660,234,3,0
209,661,208,1,2
209,673,184,0,3
209,685,234,3,0
209,688,184,0,3
209,695,184,0,3
209,696,184,0,3
209,710,234,3,0
209,723,184,0,3
210,627,235,3,0
210,636,209,1,2
210,639,235,3,0
210,644,211,2,1
210,656,209,1,2
210,659,209,1,2
210,660,235,3,0
210,661,209,1,2
210,673,185,0,3
210,685,209,1,2
210,688,209,1,2
210,695,185,0,3
210,696,209,1,2
210,710,235,3,0
210,723,185,0,3
211,627,236,3,0
211,636,210,1,2
211,639,236,3,0
211,644,644,23,0
211,656,210,1,2
211,659,210,1,2
211,660,236,3,0
211,661,210,1,2
211,673,186,0,3
211,685,210,1,2
211,688,210,1,2
211,695,186,0,3
211,696,210,1,2
211,710,236,3,0
211,723,186,0,3
212,639,237,3,0
212,656,211,1,2
212,659,211,1,2
212,673,187,0,3
212,688,211,1,2
212,695,187,0,3
212,696,211,1,2
212,723,187,0,3
213,656,212,1,2
213,659,212,1,2
213,673,188,0,3
213,688,212,1,2
213,695,188,0,3
213,723,188,0,3
214,659,213,1,2
214,695,189,0,3
215,659,216,2,1
216,656,217,2,1
216,659,217,2,1
216,693,217,2,1
216,695,191,0,3
217,639,242,3,0
217,656,218,2,1
217,659,218,2,1
217,667,216,1,2
217,673,192,0,3
217,688,218,2,1
217,695,192,0,3
217,723,192,0,3
218,639,243,3,0
218,656,219,2,1
218,659,219,2,1
218,673,193,0,3
218,688,219,2,1
218,695,193,0,3
218,696,217,1,2
218,723,193,0,3
219,627,244,3,0
219,636,220,2,1
219,639,244,3,0
219,644,218,1,2
219,656,220,2,1
219,659,220,2,1
219,660,244,3,0
219,661,220,2,1
219,673,194,0,3
219,685,220,2,1
219,688,220,2,1
219,695,194,0,3
219,696,220,2,1
219,710,244,3,0
219,723,194,0,3
220,627,245,3,0
220,636,221,2,1
220,639,245,3,0
220,644,219,1,2
220,656,221,2,1
220,659,221,2,1
220,660,245,3,0
220,661,221,2,1
220,673,195,0,3
220,685,221,2,1
220,688,221,2,1
220,695,195,0,3
220,696,221,2,1
220,710,245,3,0
220,723,195,0,3
221,627,246,3,0
221,636,246,3,0
221,639,246,3,0
221,644,220,1,2
221,656,196,0,3
221,659,246,3,0
221,660,246,3,0
221,661,222,2,1
221,673,196,0,3
221,685,246,3,0
221,688,196,0,3
221,695,196,0,3
221,696,196,0,3
221,710,246,3,0
221,723,196,0,3
222,627,221,1,2
222,636,247,3,0
222,639,221,1,2
222,644,221,1,2
222,656,197,0,3
222,659,247,3,0
222,660,221,1,2
222,661,223,2,1
222,673,221,1,2
222,685,247,3,0
222,688,197,0,3
222,695,221,1,2
222,696,197,0,3
222,710,221,1,2
222,723,221,1,2
223,627,222,1,2
223,636,248,3,0
223,639,222,1,2
223,644,222,1,2
223,656,198,0,3
223,659,248,3,0
223,660,222,1,2
223,661,224,2,1
223,673,222,1,2
223,685,248,3,0
223,688,198,0,3
223,695,222,1,2
223,696,198,0,3
223,710,222,1,2
223,723,222,1,2
224,639,223,1,2
224,656,199,0,3
224,659,249,3,0
224,673,223,1,2
224,688,199,0,3
224,695,223,1,2
224,696,200,2,3
224,723,223,1,2
225,639,249,3,2
225,656,200,0,2
225,659,250,2,0
225,667,226,1,1
225,673,249,3,2
225,688,200,0,2
225,695,249,3,2
225,723,249,3,2
226,656,201,0,3
226,659,251,3,0
226,688,201,0,3
226,693,251,3,0
226,695,225,1,1
227,659,252,3,0
228,659,253,3,0
228,693,253,3,0
228,695,229,2,1
229,656,204,0,3
229,659,254,3,0
229,667,230,2,1
229,688,204,0,3
229,695,230,2,1
229,723,230,2,1
230,639,231,2,1
230,656,205,0,3
230,659,255,3,0
230,667,667,46,0
230,673,231,2,1
230,688,205,0,3
230,695,231,2,1
230,723,231,2,1
231,627,232,2,1
231,636,256,3,0
231,639,232,2,1
231,644,232,2,1
231,656,206,0,3
231,659,256,3,0
231,660,232,2,1
231,661,206,0,3
231,667,230,1,2
231,673,232,2,1
231,685,256,3,0
231,688,206,0,3
231,695,232,2,1
231,696,206,0,3
231,710,232,2,1
231,723,232,2,1
232,627,233,2,1
232,636,257,3,0
232,639,233,2,1
232,644,233,2,1
232,656,207,0,3
232,659,257,3,0
232,660,233,2,1
232,661,207,0,3
232,667,231,1,2
232,673,233,2,1
232,685,257,3,0
232,688,207,0,3
232,695,233,2,1
232,696,207,0,3
232,710,233,2,1
232,723,233,2,1
233,627,234,2,1
233,636,258,3,0
233,639,234,2,1
233,644,234,2,1
233,656,208,0,3
233,659,258,3,0
233,660,234,2,1
233,661,208,0,3
233,667,232,1,2
233,673,234,2,1
233,685,258,3,0
233,688,208,0,3
233,695,234,2,1
233,696,208,0,3
233,710,234,2,1
233,723,234,2,1
234,627,259,3,0
234,636,259,3,0
234,639,259,3,0
234,644,209,0,3
234,656,209,0,3
234,659,259,3,0
234,660,259,3,0
234,667,233,1,2
234,673,209,0,3
234,685,259,3,0
234,688,209,0,3
234,695,209,0,3
234,696,209,0,3
234,710,259,3,0
234,723,209,0,3
235,627,260,3,0
235,636,234,1,2
235,639,260,3,0
235,644,210,0,3
235,656,234,1,2
235,659,234,1,2
235,660,260,3,0
235,661,234,1,2
235,673,210,0,3
235,685,234,1,2
235,688,234,1,2
235,695,210,0,3
235,696,234,1,2
235,710,260,3,0
235,723,210,0,3
236,627,261,3,0
236,636,235,1,2
236,639,261,3,0
236,644,211,0,3
236,656,235,1,2
236,659,235,1,2
236,660,261,3,0
236,661,235,1,2
236,673,211,0,3
236,685,235,1,2
236,688,235,1,2
236,695,211,0,3
236,696,235,1,2
236,710,261,3,0
236,723,211,0,3
237,639,262,3,0
237,656,236,1,2
237,659,236,1,2
237,673,212,0,3
237,688,236,1,2
237,695,212,0,3
237,696,236,1,2
237,723,212,0,3
238,656,237,1,2
238,659,237,1,2
238,673,213,0,3
238,688,237,1,2
238,695,213,0,3
238,723,213,0,3
239,659,238,1,2
239,695,214,0,3
240,659,241,2,1
241,656,242,2,1
241,659,242,2,1
241,693,242,2,1
241,695,216,0,3
242,639,267,3,0
242,656,243,2,1
242,659,243,2,1
242,667,241,1,2
242,673,217,0,3
242,688,243,2,1
242,695,217,0,3
242,723,217,0,3
243,639,268,3,0
243,656,244,2,1
243,659,244,2,1
243,673,218,0,3
243,688,244,2,1
243,695,218,0,3
243,696,242,1,2
243,723,218,0,3
244,627,269,3,0
244,636,245,2,1
244,639,269,3,0
244,644,219,0,3
244,656,245,2,1
244,659,245,2,1
244,660,269,3,0
244,661,245,2,1
244,673,219,0,3
244,685,245,2,1
244,688,245,2,1
244,695,219,0,3
244,696,245,2,1
244,710,269,3,0
244,723,219,0,3
245,627,270,3,0
245,636,246,2,1
245,639,270,3,0
245,644,220,0,3
245,656,246,2,1
245,659,246,2,1
245,660,270,3,0
245,661,246,2,1
245,673,220,0,3
245,685,246,2,1
245,688,246,2,1
245,695,220,0,3
245,696,246,2,1
245,710,270,3,0
245,723,220,0,3
246,627,271,3,0
246,636,271,3,0
246,639,271,3,0
246,644,221,0,3
246,656,221,0,3
246,659,271,3,0
246,660,271,3,0
246,667,247,2,1
246,673,221,0,3
246,685,271,3,0
246,688,221,0,3
246,695,221,0,3
246,696,221,0,3
246,710,271,3,0
246,723,221,0,3
247,627,246,1,2
247,636,272,3,0
247,639,246,1,2
247,644,246,1,2
247,656,222,0,3
247,659,272,3,0
247,660,246,1,2
247,661,222,0,3
247,667,248,2,1
247,673,246,1,2
247,685,272,3,0
247,688,222,0,3
247,695,246,1,2
247,696,222,0,3
247,710,246,1,2
247,723,246,1,2
248,627,247,1,2
248,636,273,3,0
248,639,247,1,2
248,644,247,1,2
248,656,223,0,3
248,659,273,3,0
248,660,247,1,2
248,661,223,0,3
248,667,249,2,1
248,673,247,1,2
248,685,273,3,0
248,688,223,0,3
248,695,247,1,2
248,696,223,0,3
248,710,247,1,2
248,723,247,1,2
249,639,248,1,2
249,656,224,0,3
249,659,274,3,0
249,667,225,2,3
249,673,248,1,2
249,688,224,0,3
249,695,248,1,2
249,696,225,2,3
249,723,248,1,2
250,639,274,3,2
250,656,225,0,2
250,659,275,2,0
250,673,274,3,2
250,688,225,0,2
250,695,274,3,2
250,723,274,3,2
251,656,226,0,3
251,659,276,3,0
251,688,226,0,3
251,693,276,3,0
251,695,250,1,1
252,659,277,3,0
253,659,278,3,0
253,693,278,3,0
253,695,254,2,1
254,656,229,0,3
254,659,279,3,0
254,667,255,2,1
254,688,229,0,3
254,695,255,2,1
254,723,255,2,1
255,639,256,2,1
255,656,230,0,3
255,659,280,3,0
255,667,230,0,3
255,673,256,2,1
255,688,230,0,3
255,695,256,2,1
255,723,256,2,1
256,627,257,2,1
256,636,281,3,0
256,639,257,2,1
256,644,257,2,1
256,656,231,0,3
256,659,281,3,0
256,660,257,2,1
256,661,231,0,3
256,667,231,0,3
256,673,257,2,1
256,685,281,3,0
256,688,231,0,3
256,695,257,2,1
256,696,231,0,3
256,710,257,2,1
256,723,257,2,1
257,627,258,2,1
257,636,282,3,0
257,639,258,2,1
257,644,258,2,1
257,656,232,0,3
257,659,282,3,0
257,660,258,2,1
257,661,232,0,3
257,667,232,0,3
257,673,258,2,1
257,685,282,3,0
257,688,232,0,3
257,695,258,2,1
257,696,232,0,3
257,710,258,2,1
257,723,258,2,1
258,627,259,2,1
258,636,283,3,0
258,639,259,2,1
258,644,259,2,1
258,656,233,0,3
258,659,283,3,0
258,660,259,2,1
258,661,233,0,3
258,667,233,0,3
258,673,259,2,1
258,685,283,3,0
258,688,233,0,3
258,695,259,2,1
258,696,233,0,3
258,710,259,2,1
258,723,259,2,1
259,627,284,3,0
259,636,284,3,0
259,639,284,3,0
259,644,234,0,3
259,656,234,0,3
259,659,284,3,0
259,660,284,3,0
259,667,234,0,3
259,673,234,0,3
259,685,284,3,0
259,688,234,0,3
259,696,234,0,3
259,710,284,3,0
259,723,234,0,3
260,627,285,3,0
260,636,259,1,2
260,639,285,3,0
260,644,235,0,3
260,656,259,1,2
260,659,259,1,2
260,660,285,3,0
260,661,259,1,2
260,673,235,0,3
260,685,259,1,2
260,688,259,1,2
260,695,235,0,3
260,696,259,1,2
260,710,285,3,0
260,723,235,0,3
261,627,286,3,0
261,636,260,1,2
261,639,286,3,0
261,644,236,0,3
261,656,260,1,2
261,659,260,1,2
261,660,286,3,0
261,661,260,1,2
261,673,236,0,3
261,685,260,1,2
261,688,260,1,2
261,695,236,0,3
261,696,260,1,2
261,710,286,3,0
261,723,236,0,3
262,639,287,3,0
262,656,261,1,2
262,659,261,1,2
262,673,237,0,3
262,688,261,1,2
262,695,237,0,3
262,696,261,1,2
262,723,237,0,3
263,656,262,1,2
263,659,262,1,2
263,673,238,0,3
263,688,262,1,2
263,695,238,0,3
263,723,238,0,3
264,659,263,1,2
264,695,239,0,3
265,659,266,2,1
266,656,267,2,1
266,659,267,2,1
266,693,267,2,1
266,695,241,0,3
267,639,292,3,0
267,656,268,2,1
267,659,268,2,1
267,667,266,1,2
267,673,242,0,3
267,688,268,2,1
267,695,242,0,3
267,723,242,0,3
268,639,293,3,0
268,656,269,2,1
268,659,269,2,1
268,673,243,0,3
268,688,269,2,1
268,695,243,0,3
268,696,267,1,2
268,723,243,0,3
269,627,294,3,0
269,636,270,2,1
269,639,294,3,0
269,644,244,0,3
269,656,270,2,1
269,659,270,2,1
269,660,294,3,0
269,661,270,2,1
269,673,244,0,3
269,685,270,2,1
269,688,270,2,1
269,695,244,0,3
269,696,270,2,1
269,710,294,3,0
269,723,244,0,3
270,627,295,3,0
270,636,271,2,1
270,639,295,3,0
270,644,245,0,3
270,656,271,2,1
270,659,271,2,1
270,660,295,3,0
270,661,271,2,1
270,673,245,0,3
270,685,271,2,1
270,688,271,2,1
270,695,245,0,3
270,696,271,2,1
270,710,295,3,0
270,723,245,0,3
271,627,296,3,0
271,636,296,3,0
271,639,296,3,0
271,644,246,0,3
271,656,246,0,3
271,659,296,3,0
271,660,296,3,0
271,667,246,0,3
271,673,246,0,3
271,685,296,3,0
271,688,246,0,3
271,696,246,0,3
271,710,296,3,0
271,723,246,0,3
272,627,271,1,2
272,636,297,3,0
272,639,271,1,2
272,644,271,1,2
272,656,247,0,3
272,659,297,3,0
272,660,271,1,2
272,661,247,0,3
272,667,247,0,3
272,673,271,1,2
272,685,297,3,0
272,688,247,0,3
272,695,271,1,2
272,696,247,0,3
272,710,271,1,2
272,723,271,1,2
273,627,272,1,2
273,636,298,3,0
273,639,272,1,2
273,644,272,1,2
273,656,248,0,3
273,659,298,3,0
273,660,272,1,2
273,661,248,0,3
273,667,248,0,3
273,673,272,1,2
273,685,298,3,0
273,688,248,0,3
273,695,272,1,2
273,696,248,0,3
273,710,272,1,2
273,723,272,1,2
274,639,273,1,2
274,656,249,0,3
274,659,299,3,0
274,667,249,0,3
274,673,273,1,2
274,688,249,0,3
274,695,273,1,2
274,696,250,2,3
274,723,273,1,2
275,639,299,3,2
275,656,250,0,2
275,659,300,2,0
275,667,276,1,1
275,673,299,3,2
275,688,250,0,2
275,695,299,3,2
275,723,299,3,2
276,656,251,0,3
276,659,301,3,0
276,688,251,0,3
276,693,301,3,0
276,695,275,1,1
277,659,302,3,0
278,659,303,3,0
278,693,303,3,0
278,695,279,2,1
279,656,254,0,3
279,659,304,3,0
279,667,280,2,1
279,688,254,0,3
279,695,280,2,1
279,723,280,2,1
280,639,281,2,1
280,656,255,0,3
280,659,305,3,0
280,673,281,2,1
280,688,255,0,3
280,695,281,2,1
280,723,281,2,1
281,627,282,2,1
281,636,636,15,0
281,639,282,2,1
281,644,282,2,1
281,656,256,0,3
281,659,306,3,0
281,660,282,2,1
281,661,256,0,3
281,673,282,2,1
281,685,306,3,0
281,688,256,0,3
281,695,282,2,1
281,696,256,0,3
281,710,282,2,1
281,723,282,2,1
282,627,283,2,1
282,636,281,1,2
282,639,283,2,1
282,644,283,2,1
282,656,257,0,3
282,659,307,3,0
282,660,283,2,1
282,661,257,0,3
282,673,283,2,1
282,685,307,3,0
282,688,257,0,3
282,695,283,2,1
282,696,257,0,3
282,710,283,2,1
282,723,283,2,1
283,627,284,2,1
283,636,282,1,2
283,639,284,2,1
283,644,284,2,1
283,656,258,0,3
283,659,308,3,0
283,660,284,2,1
283,661,258,0,3
283,673,284,2,1
283,685,308,3,0
283,688,258,0,3
283,695,284,2,1
283,696,258,0,3
283,710,284,2,1
283,723,284,2,1
284,627,309,3,0
284,636,283,1,2
284,639,309,3,0
284,644,259,0,3
284,656,259,0,3
284,659,309,3,0
284,660,309,3,0
284,685,309,3,0
284,688,259,0,3
284,695,309,3,0
284,696,259,0,3
284,723,259,0,3
285,627,310,3,0
285,636,284,1,2
285,639,310,3,0
285,644,260,0,3
285,656,284,1,2
285,659,284,1,2
285,660,310,3,0
285,661,284,1,2
285,673,260,0,3
285,685,284,1,2
285,688,284,1,2
285,695,310,3,0
285,696,284,1,2
285,710,310,3,0
285,723,260,0,3
286,627,311,3,0
286,636,285,1,2
286,639,311,3,0
286,644,261,0,3
286,656,285,1,2
286,659,285,1,2
286,660,311,3,0
286,661,285,1,2
286,673,261,0,3
286,685,285,1,2
286,688,285,1,2
286,695,311,3,0
286,696,285,1,2
286,710,311,3,0
286,723,261,0,3
287,639,312,3,0
287,656,286,1,2
287,659,286,1,2
287,673,262,0,3
287,688,286,1,2
287,695,312,3,0
287,696,286,1,2
287,723,262,0,3
288,656,287,1,2
288,659,287,1,2
288,673,263,0,3
288,688,287,1,2
288,695,313,3,0
288,723,263,0,3
289,659,288,1,2
289,695,314,3,0
290,659,291,2,1
291,656,292,2,1
291,659,292,2,1
291,693,292,2,1
291,695,316,3,0
292,639,317,3,0
292,656,293,2,1
292,659,293,2,1
292,667,291,1,2
292,673,267,0,3
292,688,293,2,1
292,695,317,3,0
292,723,267,0,3
293,639,318,3,0
293,656,294,2,1
293,659,294,2,1
293,673,268,0,3
293,688,294,2,1
293,695,318,3,0
293,696,292,1,2
293,723,268,0,3
294,627,319,3,0
294,636,295,2,1
294,639,319,3,0
294,644,269,0,3
294,656,295,2,1
294,659,295,2,1
294,660,319,3,0
294,661,295,2,1
294,673,269,0,3
294,685,295,2,1
294,688,295,2,1
294,695,319,3,0
294,696,295,2,1
294,710,319,3,0
294,723,269,0,3
295,627,320,3,0
295,636,296,2,1
295,639,320,3,0
295,644,270,0,3
295,656,296,2,1
295,659,296,2,1
295,660,320,3,0
295,661,296,2,1
295,673,270,0,3
295,685,296,2,1
295,688,296,2,1
295,695,320,3,0
295,696,296,2,1
295,710,320,3,0
295,723,270,0,3
296,627,321,3,0
296,636,297,2,1
296,639,321,3,0
296,644,271,0,3
296,656,271,0,3
296,659,321,3,0
296,660,321,3,0
296,685,321,3,0
296,688,271,0,3
296,695,321,3,0
296,696,271,0,3
296,723,271,0,3
297,627,296,1,2
297,636,298,2,1
297,639,296,1,2
297,644,296,1,2
297,656,272,0,3
297,659,322,3,0
297,660,296,1,2
297,661,272,0,3
297,673,296,1,2
297,685,322,3,0
297,688,272,0,3
297,695,296,1,2
297,696,272,0,3
297,710,296,1,2
297,723,296,1,2
298,627,297,1,2
298,636,299,2,1
298,639,297,1,2
298,644,297,1,2
298,656,273,0,3
298,659,323,3,0
298,660,297,1,2
298,661,273,0,3
298,673,297,1,2
298,685,323,3,0
298,688,273,0,3
298,695,297,1,2
298,696,273,0,3
298,710,297,1,2
298,723,297,1,2
299,639,298,1,2
299,656,274,0,3
299,659,324,3,0
299,673,298,1,2
299,688,274,0,3
299,695,298,1,2
299,696,275,2,3
299,723,298,1,2
300,639,324,3,2
300,656,275,0,2
300,659,325,2,0
300,667,301,1,1
300,673,324,3,2
300,688,275,0,2
300,695,324,3,2
300,723,324,3,2
301,656,276,0,3
301,659,326,3,0
301,688,276,0,3
301,693,326,3,0
301,695,300,1,1
302,659,327,3,0
303,659,328,3,0
303,693,328,3,0
303,695,304,2,1
304,656,279,0,3
304,659,329,3,0
304,667,305,2,1
304,688,279,0,3
304,695,305,2,1
304,723,305,2,1
305,639,306,2,1
305,656,280,0,3
305,659,330,3,0
305,673,306,2,1
305,688,280,0,3
305,695,306,2,1
305,723,306,2,1
306,627,307,2,1
306,636,281,0,3
306,639,307,2,1
306,644,307,2,1
306,656,281,0,3
306,659,331,3,0
306,660,307,2,1
306,661,281,0,3
306,673,307,2,1
306,685,331,3,0
306,688,281,0,3
306,695,307,2,1
306,696,331,3,0
306,710,307,2,1
306,723,307,2,1
307,627,308,2,1
307,636,282,0,3
307,639,308,2,1
307,644,308,2,1
307,656,282,0,3
307,659,332,3,0
307,660,308,2,1
307,661,282,0,3
307,673,308,2,1
307,685,332,3,0
307,688,282,0,3
307,695,308,2,1
307,696,332,3,0
307,710,308,2,1
307,723,308,2,1
308,627,309,2,1
308,636,283,0,3
308,639,309,2,1
308,644,309,2,1
308,656,283,0,3
308,659,333,3,0
308,660,309,2,1
308,661,283,0,3
308,673,309,2,1
308,685,333,3,0
308,688,283,0,3
308,695,309,2,1
308,696,333,3,0
308,710,309,2,1
308,723,309,2,1
309,639,334,3,0
309,644,284,0,3
309,656,284,0,3
309,659,334,3,0
309,660,334,3,0
309,685,334,3,0
309,688,284,0,3
309,695,334,3,0
309,723,284,0,3
310,627,335,3,0
310,636,309,1,2
310,639,335,3,0
310,644,285,0,3
310,656,309,1,2
310,659,309,1,2
310,660,335,3,0
310,661,309,1,2
310,673,285,0,3
310,685,309,1,2
310,688,309,1,2
310,695,335,3,0
310,696,309,1,2
310,710,335,3,0
310,723,285,0,3
311,627,336,3,0
311,636,310,1,2
311,639,336,3,0
311,644,286,0,3
311,656,310,1,2
311,659,310,1,2
311,660,336,3,0
311,661,310,1,2
311,673,286,0,3
311,685,310,1,2
311,688,310,1,2
311,695,336,3,0
311,696,310,1,2
311,710,336,3,0
311,723,286,0,3
312,639,337,3,0
312,656,311,1,2
312,659,311,1,2
312,673,287,0,3
312,688,311,1,2
312,695,337,3,0
312,696,311,1,2
312,723,287,0,3
313,656,312,1,2
313,659,312,1,2
313,673,288,0,3
313,688,312,1,2
313,695,338,3,0
313,723,288,0,3
314,659,313,1,2
314,695,339,3,0
315,659,316,2,1
316,656,317,2,1
316,659,317,2,1
316,693,317,2,1
316,695,341,3,0
317,639,342,3,0
317,656,318,2,1
317,659,318,2,1
317,667,316,1,2
317,673,292,0,3
317,688,318,2,1
317,695,342,3,0
317,723,292,0,3
318,639,343,3,0
318,656,319,2,1
318,659,319,2,1
318,673,293,0,3
318,688,319,2,1
318,695,343,3,0
318,696,317,1,2
318,723,293,0,3
319,627,344,3,0
319,636,320,2,1
319,639,344,3,0
319,644,294,0,3
319,656,320,2,1
319,659,320,2,1
319,660,344,3,0
319,661,320,2,1
319,673,294,0,3
319,685,320,2,1
319,688,320,2,1
319,695,344,3,0
319,696,320,2,1
319,710,344,3,0
319,723,294,0,3
320,627,345,3,0
320,636,321,2,1
320,639,345,3,0
320,644,295,0,3
320,656,321,2,1
320,659,321,2,1
320,660,345,3,0
320,661,321,2,1
320,673,295,0,3
320,685,321,2,1
320,688,321,2,1
320,695,345,3,0
320,696,321,2,1
320,710,345,3,0
320,723,295,0,3
321,639,346,3,0
321,644,296,0,3
321,656,296,0,3
321,659,346,3,0
321,660,346,3,0
321,685,346,3,0
321,688,296,0,3
321,695,346,3,0
321,723,296,0,3
322,627,321,1,2
322,636,297,0,3
322,639,321,1,2
322,644,321,1,2
322,656,297,0,3
322,659,347,3,0
322,660,321,1,2
322,661,297,0,3
322,673,321,1,2
322,685,347,3,0
322,688,297,0,3
322,695,321,1,2
322,696,347,3,0
322,710,321,1,2
322,723,321,1,2
323,627,322,1,2
323,636,298,0,3
323,639,322,1,2
323,644,322,1,2
323,656,298,0,3
323,659,348,3,0
323,660,322,1,2
323,661,298,0,3
323,673,322,1,2
323,685,348,3,0
323,688,298,0,3
323,695,322,1,2
323,696,348,3,0
323,710,322,1,2
323,723,322,1,2
324,639,323,1,2
324,656,299,0,3
324,659,349,3,0
324,673,323,1,2
324,688,299,0,3
324,695,323,1,2
324,696,300,2,3
324,723,323,1,2
325,639,349,3,2
325,656,300,0,2
325,659,350,2,0
325,667,326,1,1
325,673,349,3,2
325,688,300,0,2
325,695,349,3,2
325,723,349,3,2
326,656,301,0,3
326,659,351,3,0
326,688,301,0,3
326,695,325,1,1
327,659,352,3,0
328,659,353,3,0
328,693,693,72,0
328,695,329,2,1
329,656,304,0,3
329,659,354,3,0
329,667,330,2,1
329,688,304,0,3
329,693,328,1,2
329,695,330,2,1
329,723,330,2,1
330,639,331,2,1
330,656,305,0,3
330,659,355,3,0
330,673,331,2,1
330,688,305,0,3
330,695,331,2,1
330,723,331,2,1
331,627,332,2,1
331,636,306,0,3
331,639,332,2,1
331,644,332,2,1
331,656,306,0,3
331,659,356,3,0
331,660,332,2,1
331,661,306,0,3
331,673,332,2,1
331,685,356,3,0
331,688,306,0,3
331,695,332,2,1
331,696,356,3,0
331,710,332,2,1
331,723,332,2,1
332,627,333,2,1
332,636,307,0,3
332,639,333,2,1
332,644,333,2,1
332,656,307,0,3
332,659,357,3,0
332,660,333,2,1
332,661,307,0,3
332,673,333,2,1
332,685,357,3,0
332,688,307,0,3
332,695,333,2,1
332,696,357,3,0
332,710,333,2,1
332,723,333,2,1
333,627,334,2,1
333,636,308,0,3
333,639,334,2,1
333,644,334,2,1
333,656,308,0,3
333,659,358,3,0
333,660,334,2,1
333,661,308,0,3
333,673,334,2,1
333,685,358,3,0
333,688,308,0,3
333,695,334,2,1
333,696,358,3,0
333,710,334,2,1
333,723,334,2,1
334,639,359,3,0
334,644,309,0,3
334,656,309,0,3
334,659,359,3,0
334,673,359,3,0
334,685,359,3,0
334,688,309,0,3
334,695,359,3,0
334,723,309,0,3
335,627,360,3,0
335,636,334,1,2
335,639,360,3,0
335,644,310,0,3
335,656,334,1,2
335,659,334,1,2
335,660,360,3,0
335,661,334,1,2
335,673,360,3,0
335,685,334,1,2
335,688,334,1,2
335,695,360,3,0
335,696,334,1,2
335,710,360,3,0
335,723,310,0,3
336,627,361,3,0
336,636,335,1,2
336,639,361,3,0
336,644,311,0,3
336,656,335,1,2
336,659,335,1,2
336,660,361,3,0
336,661,335,1,2
336,673,361,3,0
336,685,335,1,2
336,688,335,1,2
336,695,361,3,0
336,696,335,1,2
336,710,361,3,0
336,723,311,0,3
337,639,362,3,0
337,656,336,1,2
337,659,336,1,2
337,673,362,3,0
337,688,336,1,2
337,695,362,3,0
337,696,336,1,2
337,723,312,0,3
338,656,337,1,2
338,659,337,1,2
338,673,363,3,0
338,688,337,1,2
338,695,363,3,0
338,723,313,0,3
339,659,338,1,2
339,695,364,3,0
340,659,341,2,1
341,656,342,2,1
341,659,342,2,1
341,693,342,2,1
341,695,366,3,0
342,639,367,3,0
342,656,343,2,1
342,659,343,2,1
342,667,341,1,2
342,673,367,3,0
342,688,343,2,1
342,695,367,3,0
342,723,317,0,3
343,639,368,3,0
343,656,344,2,1
343,659,344,2,1
343,673,368,3,0
343,688,344,2,1
343,695,368,3,0
343,696,342,1,2
343,723,318,0,3
344,627,369,3,0
344,636,345,2,1
344,639,369,3,0
344,644,319,0,3
344,656,345,2,1
344,659,345,2,1
344,660,369,3,0
344,661,345,2,1
344,673,369,3,0
344,685,345,2,1
344,688,345,2,1
344,695,369,3,0
344,696,345,2,1
344,710,369,3,0
344,723,319,0,3
345,627,370,3,0
345,636,346,2,1
345,639,370,3,0
345,644,320,0,3
345,656,346,2,1
345,659,346,2,1
345,660,370,3,0
345,661,346,2,1
345,673,370,3,0
345,685,346,2,1
345,688,346,2,1
345,695,370,3,0
345,696,346,2,1
345,710,370,3,0
345,723,320,0,3
346,639,371,3,0
346,644,321,0,3
346,656,321,0,3
346,659,371,3,0
346,673,371,3,0
346,685,371,3,0
346,688,321,0,3
346,695,371,3,0
346,723,321,0,3
347,627,346,1,2
347,636,322,0,3
347,639,346,1,2
347,644,346,1,2
347,656,322,0,3
347,659,372,3,0
347,660,346,1,2
347,661,322,0,3
347,673,346,1,2
347,685,372,3,0
347,688,322,0,3
347,695,346,1,2
347,696,372,3,0
347,710,346,1,2
347,723,346,1,2
348,627,347,1,2
348,636,323,0,3
348,639,347,1,2
348,644,347,1,2
348,656,323,0,3
348,659,373,3,0
348,660,347,1,2
348,661,323,0,3
348,673,347,1,2
348,685,373,3,0
348,688,323,0,3
348,695,347,1,2
348,696,373,3,0
348,710,347,1,2
348,723,347,1,2
349,639,348,1,2
349,656,324,0,3
349,659,374,3,0
349,673,348,1,2
349,688,324,0,3
349,695,348,1,2
349,696,325,2,3
349,723,348,1,2
350,639,374,3,2
350,656,325,0,2
350,659,375,2,0
350,667,351,1,1
350,673,374,3,2
350,688,325,0,2
350,695,374,3,2
350,723,374,3,2
351,656,326,0,3
351,659,376,3,0
351,688,326,0,3
351,693,326,0,3
351,695,350,1,1
352,659,377,3,0
353,659,378,3,0
353,693,328,0,3
353,695,354,2,1
354,656,329,0,3
354,659,379,3,0
354,667,355,2,1
354,688,329,0,3
354,695,355,2,1
354,723,355,2,1
355,639,356,2,1
355,656,330,0,3
355,659,380,3,0
355,673,356,2,1
355,683,683,62,0
355,688,330,0,3
355,695,356,2,1
355,723,356,2,1
356,627,357,2,1
356,636,331,0,3
356,639,357,2,1
356,644,357,2,1
356,656,331,0,3
356,659,381,3,0
356,660,357,2,1
356,661,331,0,3
356,673,357,2,1
356,683,355,1,2
356,685,685,64,0
356,688,331,0,3
356,695,357,2,1
356,696,381,3,0
356,710,357,2,1
356,723,357,2,1
357,627,358,2,1
357,636,332,0,3
357,639,358,2,1
357,644,358,2,1
357,656,332,0,3
357,659,382,3,0
357,660,358,2,1
357,661,332,0,3
357,673,358,2,1
357,683,356,1,2
357,685,356,1,2
357,688,332,0,3
357,695,358,2,1
357,696,382,3,0
357,710,358,2,1
357,723,358,2,1
358,627,359,2,1
358,636,333,0,3
358,639,359,2,1
358,644,359,2,1
358,656,333,0,3
358,659,383,3,0
358,660,359,2,1
358,661,333,0,3
358,673,359,2,1
358,683,357,1,2
358,685,357,1,2
358,688,333,0,3
358,695,359,2,1
358,696,383,3,0
358,710,359,2,1
358,723,359,2,1
359,639,384,3,0
359,644,334,0,3
359,656,334,0,3
359,659,384,3,0
359,661,334,0,3
359,673,384,3,0
359,683,358,1,2
359,685,358,1,2
359,688,334,0,3
359,695,384,3,0
359,723,334,0,3
360,627,385,3,0
360,636,359,1,2
360,639,385,3,0
360,644,335,0,3
360,656,359,1,2
360,659,359,1,2
360,660,385,3,0
360,661,359,1,2
360,673,385,3,0
360,685,359,1,2
360,688,359,1,2
360,695,385,3,0
360,696,359,1,2
360,710,385,3,0
360,723,335,0,3
361,627,386,3,0
361,636,360,1,2
361,639,386,3,0
361,644,336,0,3
361,656,360,1,2
361,659,360,1,2
361,660,386,3,0
361,661,360,1,2
361,673,386,3,0
361,685,360,1,2
361,688,360,1,2
361,695,386,3,0
361,696,360,1,2
361,710,386,3,0
361,723,336,0,3
362,639,387,3,0
362,656,361,1,2
362,659,361,1,2
362,673,387,3,0
362,688,361,1,2
362,695,387,3,0
362,696,361,1,2
362,723,337,0,3
363,656,362,1,2
363,659,362,1,2
363,673,388,3,0
363,688,362,1,2
363,695,388,3,0
363,723,338,0,3
364,659,363,1,2
364,695,389,3,0
365,659,366,2,1
366,656,367,2,1
366,659,367,2,1
366,693,367,2,1
366,695,391,3,0
367,639,392,3,0
367,656,368,2,1
367,659,368,2,1
367,667,366,1,2
367,673,392,3,0
367,688,368,2,1
367,695,392,3,0
367,723,342,0,3
368,639,393,3,0
368,656,369,2,1
368,659,369,2,1
368,673,393,3,0
368,688,369,2,1
368,695,393,3,0
368,696,367,1,2
368,723,343,0,3
369,627,394,3,0
369,636,370,2,1
369,639,394,3,0
369,644,344,0,3
369,656,370,2,1
369,659,370,2,1
369,660,394,3,0
369,661,370,2,1
369,673,394,3,0
369,685,370,2,1
369,688,370,2,1
369,695,394,3,0
369,696,370,2,1
369,710,394,3,0
369,723,344,0,3
370,627,395,3,0
370,636,371,2,1
370,639,395,3,0
370,644,345,0,3
370,656,371,2,1
370,659,371,2,1
370,660,395,3,0
370,661,371,2,1
370,673,395,3,0
370,685,371,2,1
370,688,371,2,1
370,695,395,3,0
370,696,371,2,1
370,710,395,3,0
370,723,345,0,3
371,639,396,3,0
371,644,346,0,3
371,656,346,0,3
371,659,396,3,0
371,661,346,0,3
371,673,396,3,0
371,683,372,2,1
371,685,372,2,1
371,688,346,0,3
371,695,396,3,0
371,723,346,0,3
372,627,371,1,2
372,636,347,0,3
372,639,371,1,2
372,644,371,1,2
372,656,347,0,3
372,659,397,3,0
372,660,371,1,2
372,661,347,0,3
372,673,371,1,2
372,683,373,2,1
372,685,373,2,1
372,688,347,0,3
372,695,371,1,2
372,696,397,3,0
372,710,371,1,2
372,723,371,1,2
373,627,372,1,2
373,636,348,0,3
373,639,372,1,2
373,644,372,1,2
373,656,348,0,3
373,659,398,3,0
373,660,372,1,2
373,661,348,0,3
373,673,372,1,2
373,683,374,2,1
373,685,374,2,1
373,688,348,0,3
373,695,372,1,2
373,696,398,3,0
373,710,372,1,2
373,723,372,1,2
374,639,373,1,2
374,656,349,0,3
374,659,399,3,0
374,673,373,1,2
374,683,350,2,3
374,688,349,0,3
374,695,373,1,2
374,696,350,2,3
374,723,373,1,2
375,639,399,3,2
375,656,350,0,2
375,659,400,2,0
375,667,376,1,1
375,673,399,3,2
375,688,350,0,2
375,695,399,3,2
375,723,399,3,2
376,656,351,0,3
376,659,401,3,0
376,688,351,0,3
376,693,351,0,3
376,695,375,1,1
377,659,402,3,0
378,659,403,3,0
378,693,353,0,3
378,695,379,2,1
379,656,354,0,3
379,659,404,3,0
379,667,380,2,1
379,688,354,0,3
379,695,380,2,1
379,723,380,2,1
380,639,381,2,1
380,656,355,0,3
380,659,405,3,0
380,673,381,2,1
380,683,355,0,3
380,688,355,0,3
380,695,381,2,1
380,723,381,2,1
381,627,382,2,1
381,636,356,0,3
381,639,382,2,1
381,644,382,2,1
381,656,356,0,3
381,659,406,3,0
381,660,382,2,1
381,661,356,0,3
381,673,382,2,1
381,683,356,0,3
381,685,356,0,3
381,688,356,0,3
381,695,382,2,1
381,696,406,3,0
381,710,382,2,1
381,723,382,2,1
382,627,383,2,1
382,636,357,0,3
382,639,383,2,1
382,644,383,2,1
382,656,357,0,3
382,659,407,3,0
382,660,383,2,1
382,661,357,0,3
382,673,383,2,1
382,683,357,0,3
382,685,357,0,3
382,688,357,0,3
382,695,383,2,1
382,696,407,3,0
382,710,383,2,1
382,723,383,2,1
383,627,384,2,1
383,636,358,0,3
383,639,384,2,1
383,644,384,2,1
383,656,358,0,3
383,659,408,3,0
383,660,384,2,1
383,661,358,0,3
383,673,384,2,1
383,683,358,0,3
383,685,358,0,3
383,688,358,0,3
383,695,384,2,1
383,696,408,3,0
383,710,384,2,1
383,723,384,2,1
384,639,409,3,0
384,644,359,0,3
384,656,359,0,3
384,659,409,3,0
384,661,359,0,3
384,673,409,3,0
384,683,359,0,3
384,688,359,0,3
384,695,409,3,0
384,723,359,0,3
385,627,410,3,0
385,636,384,1,2
385,639,410,3,0
385,644,360,0,3
385,656,384,1,2
385,659,384,1,2
385,660,410,3,0
385,661,384,1,2
385,673,410,3,0
385,685,384,1,2
385,688,384,1,2
385,695,410,3,0
385,696,384,1,2
385,710,410,3,0
385,723,360,0,3
386,627,411,3,0
386,636,385,1,2
386,639,411,3,0
386,644,361,0,3
386,656,385,1,2
386,659,385,1,2
386,660,411,3,0
386,661,385,1,2
386,673,411,3,0
386,685,385,1,2
386,688,385,1,2
386,695,411,3,0
386,696,385,1,2
386,710,411,3,0
386,723,361,0,3
387,639,412,3,0
387,656,386,1,2
387,659,386,1,2
387,673,412,3,0
387,688,386,1,2
387,695,412,3,0
387,696,386,1,2
387,723,362,0,3
388,656,387,1,2
388,659,387,1,2
388,673,413,3,0
388,688,387,1,2
388,695,413,3,0
388,723,363,0,3
389,659,388,1,2
389,695,414,3,0
390,659,391,2,1
391,656,392,2,1
391,659,392,2,1
391,693,392,2,1
391,695,416,3,0
392,639,417,3,0
392,656,393,2,1
392,659,393,2,1
392,667,391,1,2
392,673,417,3,0
392,688,393,2,1
392,695,417,3,0
392,723,367,0,3
393,639,418,3,0
393,656,394,2,1
393,659,394,2,1
393,673,418,3,0
393,688,394,2,1
393,695,418,3,0
393,696,392,1,2
393,723,368,0,3
394,627,419,3,0
394,636,395,2,1
394,639,419,3,0
394,644,369,0,3
394,656,395,2,1
394,659,395,2,1
394,660,419,3,0
394,661,395,2,1
394,673,419,3,0
394,685,395,2,1
394,688,395,2,1
394,695,419,3,0
394,696,395,2,1
394,710,419,3,0
394,723,369,0,3
395,627,420,3,0
395,636,396,2,1
395,639,420,3,0
395,644,370,0,3
395,656,396,2,1
395,659,396,2,1
395,660,420,3,0
395,661,396,2,1
395,673,420,3,0
395,685,396,2,1
395,688,396,2,1
395,695,420,3,0
395,696,396,2,1
395,710,420,3,0
395,723,370,0,3
396,639,421,3,0
396,644,371,0,3
396,656,371,0,3
396,659,421,3,0
396,661,371,0,3
396,673,421,3,0
396,683,371,0,3
396,688,371,0,3
396,695,421,3,0
396,723,371,0,3
397,627,396,1,2
397,636,372,0,3
397,639,396,1,2
397,644,396,1,2
397,656,372,0,3
397,659,422,3,0
397,660,396,1,2
397,661,372,0,3
397,673,396,1,2
397,683,372,0,3
397,685,372,0,3
397,688,372,0,3
397,695,396,1,2
397,696,422,3,0
397,710,396,1,2
397,723,396,1,2
398,627,397,1,2
398,636,373,0,3
398,639,397,1,2
398,644,397,1,2
398,656,373,0,3
398,659,423,3,0
398,660,397,1,2
398,661,373,0,3
398,673,397,1,2
398,683,373,0,3
398,685,373,0,3
398,688,373,0,3
398,695,397,1,2
398,696,423,3,0
398,710,397,1,2
398,723,397,1,2
399,639,398,1,2
399,656,374,0,3
399,659,424,3,0
399,673,398,1,2
399,683,374,0,3
399,688,374,0,3
399,695,398,1,2
399,696,375,2,3
399,723,398,1,2
400,639,424,3,2
400,656,375,0,2
400,659,401,1,1
400,667,401,1,1
400,673,424,3,2
400,688,375,0,2
400,695,424,3,2
400,723,424,3,2
401,656,376,0,3
401,659,402,2,1
401,688,376,0,3
401,693,376,0,3
401,695,400,1,1
402,659,659,38,0
403,659,402,1,2
403,693,378,0,3
403,695,404,2,1
404,656,379,0,3
404,659,403,1,2
404,667,405,2,1
404,688,379,0,3
404,695,405,2,1
404,723,405,2,1
405,639,406,2,1
405,656,380,0,3
405,659,404,1,2
405,673,406,2,1
405,688,380,0,3
405,695,406,2,1
405,723,406,2,1
406,627,407,2,1
406,636,381,0,3
406,639,407,2,1
406,644,407,2,1
406,656,381,0,3
406,659,405,1,2
406,660,407,2,1
406,661,381,0,3
406,673,407,2,1
406,685,381,0,3
406,688,381,0,3
406,695,407,2,1
406,696,431,3,0
406,710,407,2,1
406,723,407,2,1
407,627,408,2,1
407,636,382,0,3
407,639,408,2,1
407,644,408,2,1
407,656,382,0,3
407,659,406,1,2
407,660,408,2,1
407,661,382,0,3
407,673,408,2,1
407,685,382,0,3
407,688,382,0,3
407,695,408,2,1
407,696,432,3,0
407,710,408,2,1
407,723,408,2,1
408,627,409,2,1
408,636,383,0,3
408,639,409,2,1
408,644,409,2,1
408,656,383,0,3
408,659,407,1,2
408,660,409,2,1
408,661,383,0,3
408,673,409,2,1
408,685,383,0,3
408,688,383,0,3
408,695,409,2,1
408,696,433,3,0
408,710,409,2,1
408,723,409,2,1
409,639,410,2,1
409,659,408,1,2
409,661,384,0,3
409,673,434,3,0
409,695,434,3,0
409,696,434,3,0
409,710,410,2,1
410,627,435,3,0
410,636,409,1,2
410,639,411,2,1
410,644,385,0,3
410,656,409,1,2
410,659,409,1,2
410,660,435,3,0
410,661,409,1,2
410,673,435,3,0
410,685,409,1,2
410,688,409,1,2
410,695,435,3,0
410,696,409,1,2
410,710,411,2,1
410,723,385,0,3
411,627,436,3,0
411,636,410,1,2
411,639,412,2,1
411,644,386,0,3
411,656,410,1,2
411,659,410,1,2
411,660,436,3,0
411,661,410,1,2
411,673,436,3,0
411,685,410,1,2
411,688,410,1,2
411,695,436,3,0
411,696,410,1,2
411,710,710,89,0
411,723,386,0,3
412,639,413,2,1
412,656,411,1,2
412,659,411,1,2
412,673,437,3,0
412,688,411,1,2
412,695,437,3,0
412,696,411,1,2
412,723,387,0,3
413,656,412,1,2
413,659,412,1,2
413,673,438,3,0
413,688,412,1,2
413,695,438,3,0
413,723,388,0,3
414,659,413,1,2
414,695,439,3,0
415,659,416,2,1
416,656,417,2,1
416,659,417,2,1
416,693,417,2,1
416,695,441,3,0
417,639,639,18,0
417,656,418,2,1
417,659,418,2,1
417,667,416,1,2
417,673,442,3,0
417,688,418,2,1
417,695,442,3,0
417,723,392,0,3
418,639,417,1,2
418,656,419,2,1
418,659,419,2,1
418,673,443,3,0
418,688,419,2,1
418,695,443,3,0
418,723,393,0,3
419,627,444,3,0
419,636,420,2,1
419,639,418,1,2
419,644,394,0,3
419,656,420,2,1
419,659,420,2,1
419,660,444,3,0
419,661,420,2,1
419,673,444,3,0
419,685,420,2,1
419,688,420,2,1
419,695,444,3,0
419,696,420,2,1
419,710,418,1,2
419,723,394,0,3
420,627,445,3,0
420,636,421,2,1
420,639,419,1,2
420,644,395,0,3
420,656,421,2,1
420,659,421,2,1
420,660,445,3,0
420,661,421,2,1
420,673,445,3,0
420,685,421,2,1
420,688,421,2,1
420,695,445,3,0
420,696,421,2,1
420,710,419,1,2
420,723,395,0,3
421,639,420,1,2
421,659,422,2,1
421,661,396,0,3
421,673,446,3,0
421,695,446,3,0
421,696,446,3,0
421,710,420,1,2
422,627,421,1,2
422,636,397,0,3
422,639,421,1,2
422,644,421,1,2
422,656,397,0,3
422,659,423,2,1
422,660,421,1,2
422,661,397,0,3
422,673,421,1,2
422,685,397,0,3
422,688,397,0,3
422,695,421,1,2
422,696,447,3,0
422,710,421,1,2
422,723,421,1,2
423,627,422,1,2
423,636,398,0,3
423,639,422,1,2
423,644,422,1,2
423,656,398,0,3
423,659,424,2,1
423,660,422,1,2
423,661,398,0,3
423,673,422,1,2
423,685,398,0,3
423,688,398,0,3
423,695,422,1,2
423,696,448,3,0
423,710,422,1,2
423,723,422,1,2
424,639,423,1,2
424,656,399,0,3
424,659,400,2,3
424,673,423,1,2
424,688,399,0,3
424,695,423,1,2
424,696,400,2,3
424,723,423,1,2
425,639,449,3,2
425,656,450,2,0
425,659,400,0,2
425,667,426,1,1
425,673,449,3,2
425,688,400,0,2
425,695,449,3,2
425,723,449,3,2
426,656,451,3,0
426,659,401,0,3
426,688,401,0,3
426,693,401,0,3
426,695,425,1,1
427,659,402,0,3
428,659,403,0,3
428,693,403,0,3
428,695,429,2,1
429,656,454,3,0
429,659,404,0,3
429,667,430,2,1
429,688,404,0,3
429,695,430,2,1
429,723,430,2,1
430,639,431,2,1
430,656,455,3,0
430,659,405,0,3
430,673,431,2,1
430,688,405,0,3
430,695,431,2,1
430,723,431,2,1
431,627,432,2,1
431,636,406,0,3
431,639,432,2,1
431,644,432,2,1
431,656,456,3,0
431,659,406,0,3
431,660,432,2,1
431,661,406,0,3
431,673,432,2,1
431,685,406,0,3
431,688,406,0,3
431,695,432,2,1
431,696,456,3,0
431,710,432,2,1
431,723,432,2,1
432,627,433,2,1
432,636,407,0,3
432,639,433,2,1
432,644,433,2,1
432,656,457,3,0
432,659,407,0,3
432,660,433,2,1
432,661,407,0,3
432,673,433,2,1
432,685,407,0,3
432,688,407,0,3
432,695,433,2,1
432,696,457,3,0
432,710,433,2,1
432,723,433,2,1
433,627,434,2,1
433,636,408,0,3
433,639,434,2,1
433,644,434,2,1
433,656,458,3,0
433,659,408,0,3
433,660,434,2,1
433,661,408,0,3
433,673,434,2,1
433,685,408,0,3
433,688,408,0,3
433,695,434,2,1
433,696,458,3,0
433,710,434,2,1
433,723,434,2,1
434,627,435,2,1
434,636,409,0,3
434,656,459,3,0
434,659,409,0,3
434,661,409,0,3
434,673,459,3,0
434,695,459,3,0
434,696,459,3,0
434,710,409,0,3
435,627,436,2,1
435,636,434,1,2
435,639,410,0,3
435,644,410,0,3
435,656,434,1,2
435,659,434,1,2
435,660,460,3,0
435,661,434,1,2
435,673,460,3,0
435,685,434,1,2
435,688,434,1,2
435,695,460,3,0
435,696,434,1,2
435,710,410,0,3
435,723,410,0,3
436,627,627,6,0
436,636,435,1,2
436,639,411,0,3
436,644,411,0,3
436,656,435,1,2
436,659,435,1,2
436,660,461,3,0
436,661,435,1,2
436,673,461,3,0
436,685,435,1,2
436,688,435,1,2
436,695,461,3,0
436,696,435,1,2
436,710,411,0,3
436,723,411,0,3
437,639,412,0,3
437,656,436,1,2
437,659,436,1,2
437,673,462,3,0
437,688,436,1,2
437,695,462,3,0
437,696,436,1,2
437,723,412,0,3
438,656,437,1,2
438,659,437,1,2
438,673,463,3,0
438,688,437,1,2
438,695,463,3,0
438,723,413,0,3
439,659,438,1,2
439,695,464,3,0
440,659,441,2,1
441,656,442,2,1
441,659,442,2,1
441,693,442,2,1
441,695,466,3,0
442,639,417,0,3
442,656,443,2,1
442,659,443,2,1
442,667,441,1,2
442,673,467,3,0
442,688,443,2,1
442,695,467,3,0
442,723,417,0,3
443,639,418,0,3
443,656,444,2,1
443,659,444,2,1
443,673,468,3,0
443,688,444,2,1
443,695,468,3,0
443,696,442,1,2
443,723,418,0,3
444,627,443,1,2
444,636,445,2,1
444,639,419,0,3
444,644,419,0,3
444,656,445,2,1
444,659,445,2,1
444,660,469,3,0
444,661,445,2,1
444,673,469,3,0
444,685,445,2,1
444,688,445,2,1
444,695,469,3,0
444,696,445,2,1
444,710,419,0,3
444,723,419,0,3
445,627,444,1,2
445,636,446,2,1
445,639,420,0,3
445,644,420,0,3
445,656,446,2,1
445,659,446,2,1
445,660,470,3,0
445,661,446,2,1
445,673,470,3,0
445,685,446,2,1
445,688,446,2,1
445,695,470,3,0
445,696,446,2,1
445,710,420,0,3
445,723,420,0,3
446,627,445,1,2
446,636,421,0,3
446,656,471,3,0
446,659,421,0,3
446,661,421,0,3
446,673,471,3,0
446,695,471,3,0
446,696,471,3,0
446,710,421,0,3
447,627,446,1,2
447,636,422,0,3
447,639,446,1,2
447,644,446,1,2
447,656,472,3,0
447,659,422,0,3
447,660,446,1,2
447,661,422,0,3
447,673,446,1,2
447,685,422,0,3
447,688,422,0,3
447,695,446,1,2
447,696,472,3,0
447,710,446,1,2
447,723,446,1,2
448,627,447,1,2
448,636,423,0,3
448,639,447,1,2
448,644,447,1,2
448,656,473,3,0
448,659,423,0,3
448,660,447,1,2
448,661,423,0,3
448,673,447,1,2
448,685,423,0,3
448,688,423,0,3
448,695,447,1,2
448,696,473,3,0
448,710,447,1,2
448,723,447,1,2
449,639,448,1,2
449,656,474,3,0
449,659,424,0,3
449,673,448,1,2
449,688,424,0,3
449,695,448,1,2
449,696,425,2,3
449,723,448,1,2
450,639,474,3,2
450,656,475,2,0
450,659,425,0,2
450,667,451,1,1
450,673,474,3,2
450,688,475,2,0
450,695,474,3,2
450,723,474,3,2
451,656,476,3,0
451,659,426,0,3
451,688,476,3,0
451,693,426,0,3
451,695,450,1,1
452,659,427,0,3
453,659,428,0,3
453,693,428,0,3
453,695,454,2,1
454,656,479,3,0
454,659,429,0,3
454,667,455,2,1
454,688,479,3,0
454,695,455,2,1
454,723,455,2,1
455,639,456,2,1
455,656,480,3,0
455,659,430,0,3
455,673,456,2,1
455,688,480,3,0
455,695,456,2,1
455,723,456,2,1
456,627,457,2,1
456,636,431,0,3
456,639,457,2,1
456,644,457,2,1
456,656,481,3,0
456,659,431,0,3
456,660,457,2,1
456,661,431,0,3
456,673,457,2,1
456,685,431,0,3
456,688,481,3,0
456,695,457,2,1
456,696,481,3,0
456,710,457,2,1
456,723,457,2,1
457,627,458,2,1
457,636,432,0,3
457,639,458,2,1
457,644,458,2,1
457,656,482,3,0
457,659,432,0,3
457,660,458,2,1
457,661,432,0,3
457,673,458,2,1
457,685,432,0,3
457,688,482,3,0
457,695,458,2,1
457,696,482,3,0
457,710,458,2,1
457,723,458,2,1
458,627,459,2,1
458,636,433,0,3
458,639,459,2,1
458,644,459,2,1
458,656,483,3,0
458,659,433,0,3
458,660,459,2,1
458,661,433,0,3
458,673,459,2,1
458,685,433,0,3
458,688,483,3,0
458,695,459,2,1
458,696,483,3,0
458,710,459,2,1
458,723,459,2,1
459,627,434,0,3
459,636,434,0,3
459,656,484,3,0
459,659,434,0,3
459,660,460,2,1
459,661,434,0,3
459,673,484,3,0
459,688,484,3,0
459,695,484,3,0
459,696,484,3,0
459,710,434,0,3
459,723,484,3,0
460,627,435,0,3
460,636,459,1,2
460,639,435,0,3
460,644,435,0,3
460,656,459,1,2
460,659,459,1,2
460,660,461,2,1
460,661,459,1,2
460,673,485,3,0
460,685,459,1,2
460,688,459,1,2
460,695,485,3,0
460,696,459,1,2
460,710,435,0,3
460,723,485,3,0
461,627,436,0,3
461,636,460,1,2
461,639,436,0,3
461,644,436,0,3
461,656,460,1,2
461,659,460,1,2
461,660,660,39,0
461,661,460,1,2
461,673,486,3,0
461,685,460,1,2
461,688,460,1,2
461,695,486,3,0
461,696,460,1,2
461,710,436,0,3
461,723,486,3,0
462,639,437,0,3
462,656,461,1,2
462,659,461,1,2
462,673,487,3,0
462,688,461,1,2
462,695,487,3,0
462,696,461,1,2
462,723,487,3,0
463,656,462,1,2
463,659,462,1,2
463,673,488,3,0
463,688,462,1,2
463,695,488,3,0
463,723,488,3,0
464,659,463,1,2
464,695,489,3,0
465,659,466,2,1
466,656,467,2,1
466,659,467,2,1
466,693,467,2,1
466,695,491,3,0
467,639,442,0,3
467,656,468,2,1
467,659,468,2,1
467,667,466,1,2
467,673,492,3,0
467,688,468,2,1
467,695,492,3,0
467,723,492,3,0
468,639,443,0,3
468,656,469,2,1
468,659,469,2,1
468,673,493,3,0
468,688,469,2,1
468,695,493,3,0
468,696,467,1,2
468,723,493,3,0
469,627,444,0,3
469,636,470,2,1
469,639,444,0,3
469,644,444,0,3
469,656,470,2,1
469,659,470,2,1
469,660,468,1,2
469,661,470,2,1
469,673,494,3,0
469,685,470,2,1
469,688,470,2,1
469,695,494,3,0
469,696,470,2,1
469,710,444,0,3
469,723,494,3,0
470,627,445,0,3
470,636,471,2,1
470,639,445,0,3
470,644,445,0,3
470,656,471,2,1
470,659,471,2,1
470,660,469,1,2
470,661,471,2,1
470,673,495,3,0
470,685,471,2,1
470,688,471,2,1
470,695,495,3,0
470,696,471,2,1
470,710,445,0,3
470,723,495,3,0
471,627,446,0,3
471,636,446,0,3
471,656,496,3,0
471,659,446,0,3
471,660,470,1,2
471,661,446,0,3
471,673,496,3,0
471,688,496,3,0
471,695,496,3,0
471,696,496,3,0
471,710,446,0,3
471,723,496,3,0
472,627,471,1,2
472,636,447,0,3
472,639,471,1,2
472,644,471,1,2
472,656,497,3,0
472,659,447,0,3
472,660,471,1,2
472,661,447,0,3
472,673,471,1,2
472,685,447,0,3
472,688,497,3,0
472,695,471,1,2
472,696,497,3,0
472,710,471,1,2
472,723,471,1,2
473,627,472,1,2
473,636,448,0,3
473,639,472,1,2
473,644,472,1,2
473,656,498,3,0
473,659,448,0,3
473,660,472,1,2
473,661,448,0,3
473,673,472,1,2
473,685,448,0,3
473,688,498,3,0
473,695,472,1,2
473,696,498,3,0
473,710,472,1,2
473,723,472,1,2
474,639,473,1,2
474,656,499,3,0
474,659,449,0,3
474,673,473,1,2
474,688,499,3,0
474,695,473,1,2
474,696,450,2,3
474,723,473,1,2
475,639,499,3,2
475,656,500,2,0
475,659,450,0,2
475,667,476,1,1
475,673,499,3,2
475,688,500,2,0
475,695,499,3,2
475,723,499,3,2
476,656,501,3,0
476,659,451,0,3
476,688,501,3,0
476,693,451,0,3
476,695,475,1,1
477,659,452,0,3
478,659,453,0,3
478,693,453,0,3
478,695,479,2,1
479,656,504,3,0
479,659,454,0,3
479,667,480,2,1
479,688,504,3,0
479,695,480,2,1
479,723,480,2,1
480,639,481,2,1
480,656,505,3,0
480,659,455,0,3
480,673,481,2,1
480,688,505,3,0
480,695,481,2,1
480,723,481,2,1
481,627,482,2,1
481,636,456,0,3
481,639,482,2,1
481,644,482,2,1
481,656,506,3,0
481,659,456,0,3
481,660,482,2,1
481,661,456,0,3
481,673,482,2,1
481,685,456,0,3
481,688,506,3,0
481,695,482,2,1
481,696,506,3,0
481,710,482,2,1
481,723,482,2,1
482,627,483,2,1
482,636,457,0,3
482,639,483,2,1
482,644,483,2,1
482,656,507,3,0
482,659,457,0,3
482,660,483,2,1
482,661,457,0,3
482,673,483,2,1
482,685,457,0,3
482,688,507,3,0
482,695,483,2,1
482,696,507,3,0
482,710,483,2,1
482,723,483,2,1
483,627,484,2,1
483,636,458,0,3
483,639,484,2,1
483,644,484,2,1
483,656,508,3,0
483,659,458,0,3
483,660,484,2,1
483,661,458,0,3
483,673,484,2,1
483,685,458,0,3
483,688,508,3,0
483,695,484,2,1
483,696,508,3,0
483,710,484,2,1
483,723,484,2,1
484,627,459,0,3
484,636,459,0,3
484,639,459,0,3
484,656,509,3,0
484,659,459,0,3
484,660,459,0,3
484,661,459,0,3
484,673,509,3,0
484,688,509,3,0
484,695,509,3,0
484,696,509,3,0
484,710,459,0,3
484,723,509,3,0
485,627,460,0,3
485,636,484,1,2
485,639,460,0,3
485,644,460,0,3
485,656,484,1,2
485,659,484,1,2
485,660,460,0,3
485,661,484,1,2
485,673,510,3,0
485,685,484,1,2
485,688,484,1,2
485,695,510,3,0
485,696,484,1,2
485,710,460,0,3
485,723,510,3,0
486,627,461,0,3
486,636,485,1,2
486,639,461,0,3
486,644,461,0,3
486,656,485,1,2
486,659,485,1,2
486,660,461,0,3
486,661,485,1,2
486,673,511,3,0
486,685,485,1,2
486,688,485,1,2
486,695,511,3,0
486,696,485,1,2
486,710,461,0,3
486,723,511,3,0
487,639,462,0,3
487,656,486,1,2
487,659,486,1,2
487,673,512,3,0
487,688,486,1,2
487,695,512,3,0
487,696,486,1,2
487,723,512,3,0
488,656,487,1,2
488,659,487,1,2
488,673,513,3,0
488,688,487,1,2
488,695,513,3,0
488,723,513,3,0
489,659,488,1,2
489,695,514,3,0
490,659,491,2,1
491,656,492,2,1
491,659,492,2,1
491,693,492,2,1
491,695,516,3,0
492,639,467,0,3
492,656,493,2,1
492,659,493,2,1
492,667,491,1,2
492,673,517,3,0
492,688,493,2,1
492,695,517,3,0
492,723,517,3,0
493,639,468,0,3
493,656,494,2,1
493,659,494,2,1
493,673,518,3,0
493,688,494,2,1
493,695,518,3,0
493,696,492,1,2
493,723,518,3,0
494,627,469,0,3
494,636,495,2,1
494,639,469,0,3
494,644,469,0,3
494,656,495,2,1
494,659,495,2,1
494,660,469,0,3
494,661,495,2,1
494,673,519,3,0
494,685,495,2,1
494,688,495,2,1
494,695,519,3,0
494,696,495,2,1
494,710,469,0,3
494,723,519,3,0
495,627,470,0,3
495,636,496,2,1
495,639,470,0,3
495,644,470,0,3
495,656,496,2,1
495,659,496,2,1
495,660,470,0,3
495,661,496,2,1
495,673,520,3,0
495,685,496,2,1
495,688,496,2,1
495,695,520,3,0
495,696,496,2,1
495,710,470,0,3
495,723,520,3,0
496,627,471,0,3
496,636,471,0,3
496,639,471,0,3
496,656,521,3,0
496,659,471,0,3
496,660,471,0,3
496,661,471,0,3
496,673,521,3,0
496,688,521,3,0
496,695,521,3,0
496,696,521,3,0
496,710,471,0,3
496,723,521,3,0
497,627,496,1,2
497,636,472,0,3
497,639,496,1,2
497,644,496,1,2
497,656,522,3,0
497,659,472,0,3
497,660,496,1,2
497,661,472,0,3
497,673,496,1,2
497,685,472,0,3
497,688,522,3,0
497,695,496,1,2
497,696,522,3,0
497,710,496,1,2
497,723,496,1,2
498,627,497,1,2
498,636,473,0,3
498,639,497,1,2
498,644,497,1,2
498,656,523,3,0
498,659,473,0,3
498,660,497,1,2
498,661,473,0,3
498,673,497,1,2
498,685,473,0,3
498,688,523,3,0
498,695,497,1,2
498,696,523,3,0
498,710,497,1,2
498,723,497,1,2
499,639,498,1,2
499,656,524,3,0
499,659,474,0,3
499,673,498,1,2
499,688,524,3,0
499,695,498,1,2
499,696,475,2,3
499,723,498,1,2
500,639,524,3,2
500,656,525,2,0
500,659,475,0,2
500,667,501,1,1
500,673,524,3,2
500,688,525,2,0
500,695,524,3,2
500,723,524,3,2
501,656,526,3,0
501,659,476,0,3
501,688,526,3,0
501,693,476,0,3
501,695,500,1,1
502,659,477,0,3
503,659,478,0,3
503,693,478,0,3
503,695,504,2,1
504,656,529,3,0
504,659,479,0,3
504,667,505,2,1
504,688,529,3,0
504,695,505,2,1
504,723,505,2,1
505,639,506,2,1
505,656,530,3,0
505,659,480,0,3
505,673,506,2,1
505,688,530,3,0
505,695,506,2,1
505,723,506,2,1
506,627,507,2,1
506,636,481,0,3
506,639,507,2,1
506,644,507,2,1
506,656,531,3,0
506,659,481,0,3
506,660,507,2,1
506,661,481,0,3
506,673,507,2,1
506,685,481,0,3
506,688,531,3,0
506,695,507,2,1
506,696,531,3,0
506,710,507,2,1
506,723,507,2,1
507,627,508,2,1
507,636,482,0,3
507,639,508,2,1
507,644,508,2,1
507,656,532,3,0
507,659,482,0,3
507,660,508,2,1
507,661,482,0,3
507,673,508,2,1
507,685,482,0,3
507,688,532,3,0
507,695,508,2,1
507,696,532,3,0
507,710,508,2,1
507,723,508,2,1
508,627,509,2,1
508,636,483,0,3
508,639,509,2,1
508,644,509,2,1
508,656,533,3,0
508,659,483,0,3
508,660,509,2,1
508,661,483,0,3
508,673,509,2,1
508,685,483,0,3
508,688,533,3,0
508,695,509,2,1
508,696,533,3,0
508,710,509,2,1
508,723,509,2,1
509,627,484,0,3
509,636,484,0,3
509,639,484,0,3
509,656,534,3,0
509,659,484,0,3
509,660,484,0,3
509,661,484,0,3
509,673,534,3,0
509,685,484,0,3
509,688,534,3,0
509,695,534,3,0
509,696,534,3,0
509,710,484,0,3
509,723,534,3,0
510,627,485,0,3
510,636,509,1,2
510,639,485,0,3
510,644,485,0,3
510,656,509,1,2
510,659,509,1,2
510,660,485,0,3
510,661,509,1,2
510,673,535,3,0
510,685,509,1,2
510,688,509,1,2
510,695,535,3,0
510,696,509,1,2
510,710,485,0,3
510,723,535,3,0
511,627,486,0,3
511,636,510,1,2
511,639,486,0,3
511,644,486,0,3
511,656,510,1,2
511,659,510,1,2
511,660,486,0,3
511,661,510,1,2
511,673,536,3,0
511,685,510,1,2
511,688,510,1,2
511,695,536,3,0
511,696,510,1,2
511,710,486,0,3
511,723,536,3,0
512,639,487,0,3
512,656,511,1,2
512,659,511,1,2
512,673,537,3,0
512,688,511,1,2
512,695,537,3,0
512,696,511,1,2
512,723,537,3,0
513,656,512,1,2
513,659,512,1,2
513,673,538,3,0
513,688,512,1,2
513,695,538,3,0
513,723,538,3,0
514,659,513,1,2
514,695,539,3,0
515,659,516,2,1
516,656,517,2,1
516,659,517,2,1
516,693,517,2,1
516,695,541,3,0
517,639,492,0,3
517,656,518,2,1
517,659,518,2,1
517,667,516,1,2
517,673,542,3,0
517,688,518,2,1
517,695,542,3,0
517,723,542,3,0
518,639,493,0,3
518,656,519,2,1
518,659,519,2,1
518,673,543,3,0
518,688,519,2,1
518,695,543,3,0
518,696,517,1,2
518,723,543,3,0
519,627,494,0,3
519,636,520,2,1
519,639,494,0,3
519,644,494,0,3
519,656,520,2,1
519,659,520,2,1
519,660,494,0,3
519,661,520,2,1
519,673,544,3,0
519,685,520,2,1
519,688,520,2,1
519,695,544,3,0
519,696,520,2,1
519,710,494,0,3
519,723,544,3,0
520,627,495,0,3
520,636,521,2,1
520,639,495,0,3
520,644,495,0,3
520,656,521,2,1
520,659,521,2,1
520,660,495,0,3
520,661,521,2,1
520,673,545,3,0
520,685,521,2,1
520,688,521,2,1
520,695,545,3,0
520,696,521,2,1
520,710,495,0,3
520,723,545,3,0
521,627,496,0,3
521,636,496,0,3
521,639,496,0,3
521,656,546,3,0
521,659,496,0,3
521,660,496,0,3
521,661,496,0,3
521,673,546,3,0
521,685,496,0,3
521,688,546,3,0
521,695,546,3,0
521,696,546,3,0
521,710,496,0,3
521,723,546,3,0
522,627,521,1,2
522,636,497,0,3
522,639,521,1,2
522,644,521,1,2
522,656,547,3,0
522,659,497,0,3
522,660,521,1,2
522,661,497,0,3
522,673,521,1,2
522,685,497,0,3
522,688,547,3,0
522,695,521,1,2
522,696,547,3,0
522,710,521,1,2
522,723,521,1,2
523,627,522,1,2
523,636,498,0,3
523,639,522,1,2
523,644,522,1,2
523,656,548,3,0
523,659,498,0,3
523,660,522,1,2
523,661,498,0,3
523,673,522,1,2
523,685,498,0,3
523,688,548,3,0
523,695,522,1,2
523,696,548,3,0
523,710,522,1,2
523,723,522,1,2
524,639,523,1,2
524,656,549,3,0
524,659,499,0,3
524,673,523,1,2
524,688,549,3,0
524,695,523,1,2
524,696,500,2,3
524,723,523,1,2
525,639,549,3,2
525,656,550,2,0
525,659,500,0,2
525,667,526,1,1
525,673,549,3,2
525,688,550,2,0
525,695,549,3,2
525,723,549,3,2
526,656,551,3,0
526,659,501,0,3
526,688,551,3,0
526,693,501,0,3
526,695,525,1,1
527,659,502,0,3
528,659,503,0,3
528,693,503,0,3
528,695,529,2,1
529,656,554,3,0
529,659,504,0,3
529,667,530,2,1
529,688,554,3,0
529,695,530,2,1
529,723,530,2,1
530,639,531,2,1
530,656,555,3,0
530,659,505,0,3
530,673,531,2,1
530,688,555,3,0
530,695,531,2,1
530,723,531,2,1
531,627,532,2,1
531,636,506,0,3
531,639,532,2,1
531,644,532,2,1
531,656,556,3,0
531,659,506,0,3
531,660,532,2,1
531,661,556,3,0
531,673,532,2,1
531,685,506,0,3
531,688,556,3,0
531,695,532,2,1
531,696,556,3,0
531,710,532,2,1
531,723,532,2,1
532,627,533,2,1
532,636,507,0,3
532,639,533,2,1
532,644,533,2,1
532,656,557,3,0
532,659,507,0,3
532,660,533,2,1
532,661,557,3,0
532,673,533,2,1
532,685,507,0,3
532,688,557,3,0
532,695,533,2,1
532,696,557,3,0
532,710,533,2,1
532,723,533,2,1
533,627,534,2,1
533,636,508,0,3
533,639,534,2,1
533,644,534,2,1
533,656,558,3,0
533,659,508,0,3
533,660,534,2,1
533,661,558,3,0
533,673,534,2,1
533,685,508,0,3
533,688,558,3,0
533,695,534,2,1
533,696,558,3,0
533,710,534,2,1
533,723,534,2,1
534,627,509,0,3
534,636,509,0,3
534,639,509,0,3
534,644,559,3,0
534,656,559,3,0
534,659,509,0,3
534,660,509,0,3
534,673,559,3,0
534,685,509,0,3
534,688,559,3,0
534,695,559,3,0
534,696,559,3,0
534,710,509,0,3
534,723,559,3,0
535,627,510,0,3
535,636,534,1,2
535,639,510,0,3
535,644,560,3,0
535,656,534,1,2
535,659,534,1,2
535,660,510,0,3
535,661,534,1,2
535,673,560,3,0
535,685,534,1,2
535,688,534,1,2
535,695,560,3,0
535,696,534,1,2
535,710,510,0,3
535,723,560,3,0
536,627,511,0,3
536,636,535,1,2
536,639,511,0,3
536,644,561,3,0
536,656,535,1,2
536,659,535,1,2
536,660,511,0,3
536,661,535,1,2
536,673,561,3,0
536,685,535,1,2
536,688,535,1,2
536,695,561,3,0
536,696,535,1,2
536,710,511,0,3
536,723,561,3,0
537,639,512,0,3
537,656,536,1,2
537,659,536,1,2
537,673,562,3,0
537,688,536,1,2
537,695,562,3,0
537,696,536,1,2
537,723,562,3,0
538,656,537,1,2
538,659,537,1,2
538,673,563,3,0
538,688,537,1,2
538,695,563,3,0
538,723,563,3,0
539,659,538,1,2
539,695,564,3,0
540,659,541,2,1
541,656,542,2,1
541,659,542,2,1
541,693,542,2,1
541,695,566,3,0
542,639,517,0,3
542,656,543,2,1
542,659,543,2,1
542,667,541,1,2
542,673,567,3,0
542,688,543,2,1
542,695,567,3,0
542,723,567,3,0
543,639,518,0,3
543,656,544,2,1
543,659,544,2,1
543,673,568,3,0
543,688,544,2,1
543,695,568,3,0
543,696,542,1,2
543,723,568,3,0
544,627,519,0,3
544,636,545,2,1
544,639,519,0,3
544,644,569,3,0
544,656,545,2,1
544,659,545,2,1
544,660,519,0,3
544,661,545,2,1
544,673,569,3,0
544,685,545,2,1
544,688,545,2,1
544,695,569,3,0
544,696,545,2,1
544,710,519,0,3
544,723,569,3,0
545,627,520,0,3
545,636,546,2,1
545,639,520,0,3
545,644,570,3,0
545,656,546,2,1
545,659,546,2,1
545,660,520,0,3
545,661,546,2,1
545,673,570,3,0
545,685,546,2,1
545,688,546,2,1
545,695,570,3,0
545,696,546,2,1
545,710,520,0,3
545,723,570,3,0
546,627,521,0,3
546,636,521,0,3
546,639,521,0,3
546,644,571,3,0
546,656,571,3,0
546,659,521,0,3
546,660,521,0,3
546,673,571,3,0
546,685,521,0,3
546,688,571,3,0
546,695,571,3,0
546,696,571,3,0
546,710,521,0,3
546,723,571,3,0
547,627,546,1,2
547,636,522,0,3
547,639,546,1,2
547,644,546,1,2
547,656,572,3,0
547,659,522,0,3
547,660,546,1,2
547,661,572,3,0
547,673,546,1,2
547,685,522,0,3
547,688,572,3,0
547,695,546,1,2
547,696,572,3,0
547,710,546,1,2
547,723,546,1,2
548,627,547,1,2
548,636,523,0,3
548,639,547,1,2
548,644,547,1,2
548,656,573,3,0
548,659,523,0,3
548,660,547,1,2
548,661,573,3,0
548,673,547,1,2
548,685,523,0,3
548,688,573,3,0
548,695,547,1,2
548,696,573,3,0
548,710,547,1,2
548,723,547,1,2
549,639,548,1,2
549,656,574,3,0
549,659,524,0,3
549,673,548,1,2
549,688,574,3,0
549,695,548,1,2
549,696,525,2,3
549,723,548,1,2
550,639,574,3,2
550,656,575,2,0
550,659,525,0,2
550,667,551,1,1
550,673,574,3,2
550,688,575,2,0
550,695,574,3,2
550,723,574,3,2
551,656,576,3,0
551,659,526,0,3
551,688,576,3,0
551,693,526,0,3
551,695,550,1,1
552,659,527,0,3
553,659,528,0,3
553,693,528,0,3
553,695,554,2,1
554,656,579,3,0
554,659,529,0,3
554,667,555,2,1
554,688,579,3,0
554,695,555,2,1
554,723,555,2,1
555,639,556,2,1
555,656,580,3,0
555,659,530,0,3
555,667,580,3,0
555,673,556,2,1
555,688,580,3,0
555,695,556,2,1
555,723,556,2,1
556,627,557,2,1
556,636,531,0,3
556,639,557,2,1
556,644,557,2,1
556,656,581,3,0
556,659,531,0,3
556,660,557,2,1
556,661,581,3,0
556,667,581,3,0
556,673,557,2,1
556,685,531,0,3
556,688,581,3,0
556,695,557,2,1
556,696,581,3,0
556,710,557,2,1
556,723,557,2,1
557,627,558,2,1
557,636,532,0,3
557,639,558,2,1
557,644,558,2,1
557,656,582,3,0
557,659,532,0,3
557,660,558,2,1
557,661,582,3,0
557,667,582,3,0
557,673,558,2,1
557,685,532,0,3
557,688,582,3,0
557,695,558,2,1
557,696,582,3,0
557,710,558,2,1
557,723,558,2,1
558,627,559,2,1
558,636,533,0,3
558,639,559,2,1
558,644,559,2,1
558,656,583,3,0
558,659,533,0,3
558,660,559,2,1
558,661,583,3,0
558,667,583,3,0
558,673,559,2,1
558,685,533,0,3
558,688,583,3,0
558,695,559,2,1
558,696,583,3,0
558,710,559,2,1
558,723,559,2,1
559,627,534,0,3
559,636,534,0,3
559,639,534,0,3
559,644,584,3,0
559,656,584,3,0
559,659,534,0,3
559,660,534,0,3
559,667,584,3,0
559,673,584,3,0
559,685,534,0,3
559,688,584,3,0
559,696,584,3,0
559,710,534,0,3
559,723,584,3,0
560,627,535,0,3
560,636,559,1,2
560,639,535,0,3
560,644,585,3,0
560,656,559,1,2
560,659,559,1,2
560,660,535,0,3
560,661,559,1,2
560,673,585,3,0
560,685,559,1,2
560,688,559,1,2
560,695,585,3,0
560,696,559,1,2
560,710,535,0,3
560,723,585,3,0
561,627,536,0,3
561,636,560,1,2
561,639,536,0,3
561,644,586,3,0
561,656,560,1,2
561,659,560,1,2
561,660,536,0,3
561,661,560,1,2
561,673,586,3,0
561,685,560,1,2
561,688,560,1,2
561,695,586,3,0
561,696,560,1,2
561,710,536,0,3
561,723,586,3,0
562,639,537,0,3
562,656,561,1,2
562,659,561,1,2
562,673,587,3,0
562,688,561,1,2
562,695,587,3,0
562,696,561,1,2
562,723,587,3,0
563,656,562,1,2
563,659,562,1,2
563,673,588,3,0
563,688,562,1,2
563,695,588,3,0
563,723,588,3,0
564,659,563,1,2
564,695,589,3,0
565,659,566,2,1
566,656,567,2,1
566,659,567,2,1
566,693,567,2,1
566,695,591,3,0
567,639,542,0,3
567,656,568,2,1
567,659,568,2,1
567,667,566,1,2
567,673,592,3,0
567,688,568,2,1
567,695,592,3,0
567,723,592,3,0
568,639,543,0,3
568,656,569,2,1
568,659,569,2,1
568,673,593,3,0
568,688,569,2,1
568,695,593,3,0
568,696,567,1,2
568,723,593,3,0
569,627,544,0,3
569,636,570,2,1
569,639,544,0,3
569,644,594,3,0
569,656,570,2,1
569,659,570,2,1
569,660,544,0,3
569,661,570,2,1
569,673,594,3,0
569,685,570,2,1
569,688,570,2,1
569,695,594,3,0
569,696,570,2,1
569,710,544,0,3
569,723,594,3,0
570,627,545,0,3
570,636,571,2,1
570,639,545,0,3
570,644,595,3,0
570,656,571,2,1
570,659,571,2,1
570,660,545,0,3
570,661,571,2,1
570,673,595,3,0
570,685,571,2,1
570,688,571,2,1
570,695,595,3,0
570,696,571,2,1
570,710,545,0,3
570,723,595,3,0
571,627,546,0,3
571,636,546,0,3
571,639,546,0,3
571,644,596,3,0
571,656,596,3,0
571,659,546,0,3
571,660,546,0,3
571,667,596,3,0
571,673,596,3,0
571,685,546,0,3
571,688,596,3,0
571,696,596,3,0
571,710,546,0,3
571,723,596,3,0
572,627,571,1,2
572,636,547,0,3
572,639,571,1,2
572,644,571,1,2
572,656,597,3,0
572,659,547,0,3
572,660,571,1,2
572,661,597,3,0
572,667,597,3,0
572,673,571,1,2
572,685,547,0,3
572,688,597,3,0
572,695,571,1,2
572,696,597,3,0
572,710,571,1,2
572,723,571,1,2
573,627,572,1,2
573,636,548,0,3
573,639,572,1,2
573,644,572,1,2
573,656,598,3,0
573,659,548,0,3
573,660,572,1,2
573,661,598,3,0
573,667,598,3,0
573,673,572,1,2
573,685,548,0,3
573,688,598,3,0
573,695,572,1,2
573,696,598,3,0
573,710,572,1,2
573,723,572,1,2
574,639,573,1,2
574,656,599,3,0
574,659,549,0,3
574,667,599,3,0
574,673,573,1,2
574,688,599,3,0
574,695,573,1,2
574,696,550,2,3
574,723,573,1,2
575,639,599,3,2
575,656,600,2,0
575,659,550,0,2
575,667,576,1,1
575,673,599,3,2
575,688,600,2,0
575,695,599,3,2
575,723,599,3,2
576,656,601,3,0
576,659,551,0,3
576,688,601,3,0
576,693,551,0,3
576,695,575,1,1
577,659,552,0,3
578,659,553,0,3
578,693,553,0,3
578,695,579,2,1
579,656,604,3,0
579,659,554,0,3
579,667,580,2,1
579,688,604,3,0
579,695,580,2,1
579,723,580,2,1
580,639,581,2,1
580,656,605,3,0
580,659,555,0,3
580,673,581,2,1
580,688,605,3,0
580,695,581,2,1
580,723,581,2,1
581,627,582,2,1
581,636,556,0,3
581,639,582,2,1
581,644,582,2,1
581,656,606,3,0
581,659,556,0,3
581,660,582,2,1
581,661,606,3,0
581,673,582,2,1
581,685,556,0,3
581,688,606,3,0
581,695,582,2,1
581,696,606,3,0
581,710,582,2,1
581,723,582,2,1
582,627,583,2,1
582,636,557,0,3
582,639,583,2,1
582,644,583,2,1
582,656,607,3,0
582,659,557,0,3
582,660,583,2,1
582,661,607,3,0
582,673,583,2,1
582,685,557,0,3
582,688,607,3,0
582,695,583,2,1
582,696,607,3,0
582,710,583,2,1
582,723,583,2,1
583,627,584,2,1
583,636,558,0,3
583,639,584,2,1
583,644,584,2,1
583,656,608,3,0
583,659,558,0,3
583,660,584,2,1
583,661,608,3,0
583,673,584,2,1
583,685,558,0,3
583,688,608,3,0
583,695,584,2,1
583,696,608,3,0
583,710,584,2,1
583,723,584,2,1
584,627,559,0,3
584,636,559,0,3
584,639,559,0,3
584,644,609,3,0
584,656,609,3,0
584,659,559,0,3
584,660,559,0,3
584,685,559,0,3
584,688,609,3,0
584,695,585,2,1
584,696,609,3,0
584,710,559,0,3
584,723,609,3,0
585,627,560,0,3
585,636,584,1,2
585,639,560,0,3
585,644,610,3,0
585,656,584,1,2
585,659,584,1,2
585,660,560,0,3
585,661,584,1,2
585,673,610,3,0
585,685,584,1,2
585,688,584,1,2
585,695,586,2,1
585,696,584,1,2
585,710,560,0,3
585,723,610,3,0
586,627,561,0,3
586,636,585,1,2
586,639,561,0,3
586,644,611,3,0
586,656,585,1,2
586,659,585,1,2
586,660,561,0,3
586,661,585,1,2
586,673,611,3,0
586,685,585,1,2
586,688,585,1,2
586,695,587,2,1
586,696,585,1,2
586,710,561,0,3
586,723,611,3,0
587,639,562,0,3
587,656,586,1,2
587,659,586,1,2
587,673,612,3,0
587,688,586,1,2
587,695,588,2,1
587,696,586,1,2
587,723,612,3,0
588,656,587,1,2
588,659,587,1,2
588,673,613,3,0
588,688,587,1,2
588,695,589,2,1
588,723,613,3,0
589,659,588,1,2
589,695,695,74,0
590,659,591,2,1
591,656,592,2,1
591,659,592,2,1
591,693,592,2,1
591,695,590,1,2
592,639,567,0,3
592,656,593,2,1
592,659,593,2,1
592,667,591,1,2
592,673,617,3,0
592,688,593,2,1
592,695,591,1,2
592,723,617,3,0
593,639,568,0,3
593,656,594,2,1
593,659,594,2,1
593,673,618,3,0
593,688,594,2,1
593,695,592,1,2
593,696,592,1,2
593,723,618,3,0
594,627,569,0,3
594,636,595,2,1
594,639,569,0,3
594,644,619,3,0
594,656,595,2,1
594,659,595,2,1
594,660,569,0,3
594,661,595,2,1
594,673,619,3,0
594,685,595,2,1
594,688,595,2,1
594,695,593,1,2
594,696,595,2,1
594,710,569,0,3
594,723,619,3,0
595,627,570,0,3
595,636,596,2,1
595,639,570,0,3
595,644,620,3,0
595,656,596,2,1
595,659,596,2,1
595,660,570,0,3
595,661,596,2,1
595,673,620,3,0
595,685,596,2,1
595,688,596,2,1
595,695,594,1,2
595,696,596,2,1
595,710,570,0,3
595,723,620,3,0
596,627,571,0,3
596,636,571,0,3
596,639,571,0,3
596,644,621,3,0
596,656,621,3,0
596,659,571,0,3
596,660,571,0,3
596,685,571,0,3
596,688,621,3,0
596,695,595,1,2
596,696,621,3,0
596,710,571,0,3
596,723,621,3,0
597,627,596,1,2
597,636,572,0,3
597,639,596,1,2
597,644,596,1,2
597,656,622,3,0
597,659,572,0,3
597,660,596,1,2
597,661,622,3,0
597,673,596,1,2
597,685,572,0,3
597,688,622,3,0
597,695,596,1,2
597,696,622,3,0
597,710,596,1,2
597,723,596,1,2
598,627,597,1,2
598,636,573,0,3
598,639,597,1,2
598,644,597,1,2
598,656,623,3,0
598,659,573,0,3
598,660,597,1,2
598,661,623,3,0
598,673,597,1,2
598,685,573,0,3
598,688,623,3,0
598,695,597,1,2
598,696,623,3,0
598,710,597,1,2
598,723,597,1,2
599,639,598,1,2
599,656,624,3,0
599,659,574,0,3
599,673,598,1,2
599,688,624,3,0
599,695,598,1,2
599,696,575,2,3
599,723,598,1,2
600,639,624,3,2
600,656,0,2,3
600,659,575,0,2
600,667,601,1,1
600,673,624,3,2
600,688,0,2,3
600,695,624,3,2
600,723,624,3,2
601,656,1,3,3
601,659,576,0,3
601,688,1,3,3
601,693,576,0,3
601,695,600,1,1
602,659,577,0,3
603,659,578,0,3
603,693,578,0,3
603,695,604,2,1
604,656,4,3,3
604,659,579,0,3
604,667,605,2,1
604,688,4,3,3
604,695,605,2,1
604,723,605,2,1
605,639,606,2,1
605,656,5,3,3
605,659,580,0,3
605,673,606,2,1
605,688,5,3,3
605,695,606,2,1
605,723,606,2,1
606,627,607,2,1
606,636,6,3,3
606,639,607,2,1
606,644,607,2,1
606,656,6,3,3
606,659,581,0,3
606,660,607,2,1
606,661,6,3,3
606,673,607,2,1
606,685,581,0,3
606,688,6,3,3
606,695,607,2,1
606,696,696,75,0
606,710,607,2,1
606,723,607,2,1
607,627,608,2,1
607,636,7,3,3
607,639,608,2,1
607,644,608,2,1
607,656,7,3,3
607,659,582,0,3
607,660,608,2,1
607,661,7,3,3
607,673,608,2,1
607,685,582,0,3
607,688,7,3,3
607,695,608,2,1
607,696,606,1,2
607,710,608,2,1
607,723,608,2,1
608,627,609,2,1
608,636,8,3,3
608,639,609,2,1
608,644,609,2,1
608,656,8,3,3
608,659,583,0,3
608,660,609,2,1
608,661,8,3,3
608,673,609,2,1
608,685,583,0,3
608,688,8,3,3
608,695,609,2,1
608,696,607,1,2
608,710,609,2,1
608,723,609,2,1
609,627,584,0,3
609,639,584,0,3
609,644,9,3,3
609,656,9,3,3
609,659,584,0,3
609,660,584,0,3
609,685,584,0,3
609,688,9,3,3
609,695,584,0,3
609,696,608,1,2
609,723,9,3,3
610,627,585,0,3
610,636,609,1,2
610,639,585,0,3
610,644,10,3,3
610,656,609,1,2
610,659,609,1,2
610,660,585,0,3
610,661,609,1,2
610,673,10,3,3
610,685,609,1,2
610,688,609,1,2
610,695,585,0,3
610,696,609,1,2
610,710,585,0,3
610,723,10,3,3
611,627,586,0,3
611,636,610,1,2
611,639,586,0,3
611,644,11,3,3
611,656,610,1,2
611,659,610,1,2
611,660,586,0,3
611,661,610,1,2
611,673,11,3,3
611,685,610,1,2
611,688,610,1,2
611,695,586,0,3
611,696,610,1,2
611,710,586,0,3
611,723,11,3,3
612,639,587,0,3
612,656,611,1,2
612,659,611,1,2
612,673,12,3,3
612,688,611,1,2
612,695,587,0,3
612,696,611,1,2
612,723,12,3,3
613,656,612,1,2
613,659,612,1,2
613,673,13,3,3
613,688,612,1,2
613,695,588,0,3
613,723,13,3,3
614,659,613,1,2
614,695,589,0,3
615,659,616,2,1
616,656,617,2,1
616,659,617,2,1
616,693,617,2,1
616,695,591,0,3
617,639,592,0,3
617,656,618,2,1
617,659,618,2,1
617,667,616,1,2
617,673,17,3,3
617,688,618,2,1
617,695,592,0,3
617,723,17,3,3
618,639,593,0,3
618,656,619,2,1
618,659,619,2,1
618,673,18,3,3
618,688,619,2,1
618,695,593,0,3
618,696,617,1,2
618,723,18,3,3
619,627,594,0,3
619,636,620,2,1
619,639,594,0,3
619,644,19,3,3
619,656,620,2,1
619,659,620,2,1
619,660,594,0,3
619,661,620,2,1
619,673,19,3,3
619,685,620,2,1
619,688,620,2,1
619,695,594,0,3
619,696,620,2,1
619,710,594,0,3
619,723,19,3,3
620,627,595,0,3
620,636,621,2,1
620,639,595,0,3
620,644,20,3,3
620,656,621,2,1
620,659,621,2,1
620,660,595,0,3
620,661,621,2,1
620,673,20,3,3
620,685,621,2,1
620,688,621,2,1
620,695,595,0,3
620,696,621,2,1
620,710,595,0,3
620,723,20,3,3
621,627,596,0,3
621,639,596,0,3
621,644,21,3,3
621,656,21,3,3
621,659,596,0,3
621,660,596,0,3
621,685,596,0,3
621,688,21,3,3
621,695,596,0,3
621,696,622,2,1
621,723,21,3,3
622,627,621,1,2
622,636,22,3,3
622,639,621,1,2
622,644,621,1,2
622,656,22,3,3
622,659,597,0,3
622,660,621,1,2
622,661,22,3,3
622,673,621,1,2
622,685,597,0,3
622,688,22,3,3
622,695,621,1,2
622,696,623,2,1
622,710,621,1,2
622,723,621,1,2
623,627,622,1,2
623,636,23,3,3
623,639,622,1,2
623,644,622,1,2
623,656,23,3,3
623,659,598,0,3
623,660,622,1,2
623,661,23,3,3
623,673,622,1,2
623,685,598,0,3
623,688,23,3,3
623,695,622,1,2
623,696,624,2,1
623,710,622,1,2
623,723,622,1,2
624,639,623,1,2
624,656,24,3,3
624,659,599,0,3
624,673,623,1,2
624,688,24,3,3
624,695,623,1,2
624,696,600,2,3
624,723,623,1,2
627,625,436,0,6
627,626,436,0,6
627,628,436,0,6
627,629,436,0,6
627,630,436,0,6
627,631,436,0,6
627,632,436,0,6
627,633,436,0,6
627,634,436,0,6
627,635,436,0,6
627,636,436,0,6
627,637,436,0,6
627,638,436,0,6
627,639,436,0,6
627,640,436,0,6
627,641,436,0,6
627,642,436,0,6
627,643,436,0,6
627,644,436,0,6
627,645,436,0,6
627,646,436,0,6
627,647,436,0,6
627,648,436,0,6
627,649,436,0,6
627,650,436,0,6
627,651,436,0,6
627,652,436,0,6
627,653,436,0,6
627,654,436,0,6
627,655,436,0,6
627,656,436,0,6
627,657,436,0,6
627,658,436,0,6
627,659,436,0,6
627,660,436,0,6
627,661,436,0,6
627,662,436,0,6
627,663,436,0,6
627,664,436,0,6
627,665,436,0,6
627,666,436,0,6
627,667,436,0,6
627,668,436,0,6
627,669,436,0,6
627,670,436,0,6
627,671,436,0,6
627,672,436,0,6
627,673,436,0,6
627,674,436,0,6
627,675,436,0,6
627,676,436,0,6
627,677,436,0,6
627,678,436,0,6
627,679,436,0,6
627,680,436,0,6
627,681,436,0,6
627,682,436,0,6
627,683,436,0,6
627,684,436,0,6
627,685,436,0,6
627,686,436,0,6
627,687,436,0,6
627,688,436,0,6
627,689,436,0,6
627,690,436,0,6
627,691,436,0,6
627,692,436,0,6
627,693,436,0,6
627,694,436,0,6
627,695,436,0,6
627,696,436,0,6
627,697,436,0,6
627,698,436,0,6
627,699,436,0,6
627,700,436,0,6
627,701,436,0,6
627,702,436,0,6
627,703,436,0,6
627,704,436,0,6
627,705,436,0,6
627,706,436,0,6
627,707,436,0,6
627,708,436,0,6
627,709,436,0,6
627,710,436,0,6
627,711,436,0,6
627,712,436,0,6
627,713,436,0,6
627,714,436,0,6
627,715,436,0,6
627,716,436,0,6
627,717,436,0,6
627,718,436,0,6
627,719,436,0,6
627,720,436,0,6
627,721,436,0,6
627,722,436,0,6
627,723,436,0,6
627,724,436,0,6
636,625,281,0,15
636,626,281,0,15
636,627,281,0,15
636,628,281,0,15
636,629,281,0,15
636,630,281,0,15
636,631,281,0,15
636,632,281,0,15
636,633,281,0,15
636,634,281,0,15
636,635,281,0,15
636,637,281,0,15
636,638,281,0,15
636,639,281,0,15
636,640,281,0,15
636,641,281,0,15
636,642,281,0,15
636,643,281,0,15
636,644,281,0,15
636,645,281,0,15
636,646,281,0,15
636,647,281,0,15
636,648,281,0,15
636,649,281,0,15
636,650,281,0,15
636,651,281,0,15
636,652,281,0,15
636,653,281,0,15
636,654,281,0,15
636,655,281,0,15
636,656,281,0,15
636,657,281,0,15
636,658,281,0,15
636,659,281,0,15
636,660,281,0,15
636,661,281,0,15
636,662,281,0,15
636,663,281,0,15
636,664,281,0,15
636,665,281,0,15
636,666,281,0,15
636,667,281,0,15
636,668,281,0,15
636,669,281,0,15
636,670,281,0,15
636,671,281,0,15
636,672,281,0,15
636,673,281,0,15
636,674,281,0,15
636,675,281,0,15
636,676,281,0,15
636,677,281,0,15
636,678,281,0,15
636,679,281,0,15
636,680,281,0,15
636,681,281,0,15
636,682,281,0,15
636,683,281,0,15
636,684,281,0,15
636,685,281,0,15
636,686,281,0,15
636,687,281,0,15
636,688,281,0,15
636,689,281,0,15
636,690,281,0,15
636,691,281,0,15
636,692,281,0,15
636,693,281,0,15
636,694,281,0,15
636,695,281,0,15
636,696,281,0,15
636,697,281,0,15
636,698,281,0,15
636,699,281,0,15
636,700,281,0,15
636,701,281,0,15
636,702,281,0,15
636,703,281,0,15
636,704,281,0,15
636,705,281,0,15
636,706,281,0,15
636,707,281,0,15
636,708,281,0,15
636,709,281,0,15
636,710,281,0,15
636,711,281,0,15
636,712,281,0,15
636,713,281,0,15
636,714,281,0,15
636,715,281,0,15
636,716,281,0,15
636,717,281,0,15
636,718,281,0,15
636,719,281,0,15
636,720,281,0,15
636,721,281,0,15
636,722,281,0,15
636,723,281,0,15
636,724,281,0,15
639,625,417,0,18
639,626,417,0,18
639,627,417,0,18
639,628,417,0,18
639,629,417,0,18
639,630,417,0,18
639,631,417,0,18
639,632,417,0,18
639,633,417,0,18
639,634,417,0,18
639,635,417,0,18
639,636,417,0,18
639,637,417,0,18
639,638,417,0,18
639,640,417,0,18
639,641,417,0,18
639,642,417,0,18
639,643,417,0,18
639,644,417,0,18
639,645,417,0,18
639,646,417,0,18
639,647,417,0,18
639,648,417,0,18
639,649,417,0,18
639,650,417,0,18
639,651,417,0,18
639,652,417,0,18
639,653,417,0,18
639,654,417,0,18
639,655,417,0,18
639,656,417,0,18
639,657,417,0,18
639,658,417,0,18
639,659,417,0,18
639,660,417,0,18
639,661,417,0,18
639,662,417,0,18
639,663,417,0,18
639,664,417,0,18
639,665,417,0,18
639,666,417,0,18
639,667,417,0,18
639,668,417,0,18
639,669,417,0,18
639,670,417,0,18
639,671,417,0,18
639,672,417,0,18
639,673,417,0,18
639,674,417,0,18
639,675,417,0,18
639,676,417,0,18
639,677,417,0,18
639,678,417,0,18
639,679,417,0,18
639,680,417,0,18
639,681,417,0,18
639,682,417,0,18
639,683,417,0,18
639,684,417,0,18
639,685,417,0,18
639,686,417,0,18
639,687,417,0,18
639,688,417,0,18
639,689,417,0,18
639,690,417,0,18
639,691,417,0,18
639,692,417,0,18
639,693,417,0,18
639,694,417,0,18
639,695,417,0,18
639,696,417,0,18
639,697,417,0,18
639,698,417,0,18
639,699,417,0,18
639,700,417,0,18
639,701,417,0,18
639,702,417,0,18
639,703,417,0,18
639,704,417,0,18
639,705,417,0,18
639,706,417,0,18
639,707,417,0,18
639,708,417,0,18
639,709,417,0,18
639,710,417,0,18
639,711,417,0,18
639,712,417,0,18
639,713,417,0,18
639,714,417,0,18
639,715,417,0,18
639,716,417,0,18
639,717,417,0,18
639,718,417,0,18
639,719,417,0,18
639,720,417,0,18
639,721,417,0,18
639,722,417,0,18
639,723,417,0,18
639,724,417,0,18
644,625,211,0,23
644,626,211,0,23
644,627,211,0,23
644,628,211,0,23
644,629,211,0,23
644,630,211,0,23
644,631,211,0,23
644,632,211,0,23
644,633,211,0,23
644,634,211,0,23
644,635,211,0,23
644,636,211,0,23
644,637,211,0,23
644,638,211,0,23
644,639,211,0,23
644,640,211,0,23
644,641,211,0,23
644,642,211,0,23
644,643,211,0,23
644,645,211,0,23
644,646,211,0,23
644,647,211,0,23
644,648,211,0,23
644,649,211,0,23
644,650,211,0,23
644,651,211,0,23
644,652,211,0,23
644,653,211,0,23
644,654,211,0,23
644,655,211,0,23
644,656,211,0,23
644,657,211,0,23
644,658,211,0,23
644,659,211,0,23
644,660,211,0,23
644,661,211,0,23
644,662,211,0,23
644,663,211,0,23
644,664,211,0,23
644,665,211,0,23
644,666,211,0,23
644,667,211,0,23
644,668,211,0,23
644,669,211,0,23
644,670,211,0,23
644,671,211,0,23
644,672,211,0,23
644,673,211,0,23
644,674,211,0,23
644,675,211,0,23
644,676,211,0,23
644,677,211,0,23
644,678,211,0,23
644,679,211,0,23
644,680,211,0,23
644,681,211,0,23
644,682,211,0,23
644,683,211,0,23
644,684,211,0,23
644,685,211,0,23
644,686,211,0,23
644,687,211,0,23
644,688,211,0,23
644,689,211,0,23
644,690,211,0,23
644,691,211,0,23
644,692,211,0,23
644,693,211,0,23
644,694,211,0,23
644,695,211,0,23
644,696,211,0,23
644,697,211,0,23
644,698,211,0,23
644,699,211,0,23
644,700,211,0,23
644,701,211,0,23
644,702,211,0,23
644,703,211,0,23
644,704,211,0,23
644,705,211,0,23
644,706,211,0,23
644,707,211,0,23
644,708,211,0,23
644,709,211,0,23
644,710,211,0,23
644,711,211,0,23
644,712,211,0,23
644,713,211,0,23
644,714,211,0,23
644,715,211,0,23
644,716,211,0,23
644,717,211,0,23
644,718,211,0,23
644,719,211,0,23
644,720,211,0,23
644,721,211,0,23
644,722,211,0,23
644,723,211,0,23
644,724,211,0,23
656,625,101,0,35
656,626,101,0,35
656,627,101,0,35
656,628,101,0,35
656,629,101,0,35
656,630,101,0,35
656,631,101,0,35
656,632,101,0,35
656,633,101,0,35
656,634,101,0,35
656,635,101,0,35
656,636,101,0,35
656,637,101,0,35
656,638,101,0,35
656,639,101,0,35
656,640,101,0,35
656,641,101,0,35
656,642,101,0,35
656,643,101,0,35
656,644,101,0,35
656,645,101,0,35
656,646,101,0,35
656,647,101,0,35
656,648,101,0,35
656,649,101,0,35
656,650,101,0,35
656,651,101,0,35
656,652,101,0,35
656,653,101,0,35
656,654,101,0,35
656,655,101,0,35
656,657,101,0,35
656,658,101,0,35
656,659,101,0,35
656,660,101,0,35
656,661,101,0,35
656,662,101,0,35
656,663,101,0,35
656,664,101,0,35
656,665,101,0,35
656,666,101,0,35
656,667,101,0,35
656,668,101,0,35
656,669,101,0,35
656,670,101,0,35
656,671,101,0,35
656,672,101,0,35
656,673,101,0,35
656,674,101,0,35
656,675,101,0,35
656,676,101,0,35
656,677,101,0,35
656,678,101,0,35
656,679,101,0,35
656,680,101,0,35
656,681,101,0,35
656,682,101,0,35
656,683,101,0,35
656,684,101,0,35
656,685,101,0,35
656,686,101,0,35
656,687,101,0,35
656,688,101,0,35
656,689,101,0,35
656,690,101,0,35
656,691,101,0,35
656,692,101,0,35
656,693,101,0,35
656,694,101,0,35
656,695,101,0,35
656,696,101,0,35
656,697,101,0,35
656,698,101,0,35
656,699,101,0,35
656,700,101,0,35
656,701,101,0,35
656,702,101,0,35
656,703,101,0,35
656,704,101,0,35
656,705,101,0,35
656,706,101,0,35
656,707,101,0,35
656,708,101,0,35
656,709,101,0,35
656,710,101,0,35
656,711,101,0,35
656,712,101,0,35
656,713,101,0,35
656,714,101,0,35
656,715,101,0,35
656,716,101,0,35
656,717,101,0,35
656,718,101,0,35
656,719,101,0,35
656,720,101,0,35
656,721,101,0,35
656,722,101,0,35
656,723,101,0,35
656,724,101,0,35
659,625,402,0,38
659,626,402,0,38
659,627,402,0,38
659,628,402,0,38
659,629,402,0,38
659,630,402,0,38
659,631,402,0,38
659,632,402,0,38
659,633,402,0,38
659,634,402,0,38
659,635,402,0,38
659,636,402,0,38
659,637,402,0,38
659,638,402,0,38
659,639,402,0,38
659,640,402,0,38
659,641,402,0,38
659,642,402,0,38
659,643,402,0,38
659,644,402,0,38
659,645,402,0,38
659,646,402,0,38
659,647,402,0,38
659,648,402,0,38
659,649,402,0,38
659,650,402,0,38
659,651,402,0,38
659,652,402,0,38
659,653,402,0,38
659,654,402,0,38
659,655,402,0,38
659,656,402,0,38
659,657,402,0,38
659,658,402,0,38
659,660,402,0,38
659,661,402,0,38
659,662,402,0,38
659,663,402,0,38
659,664,402,0,38
659,665,402,0,38
659,666,402,0,38
659,667,402,0,38
659,668,402,0,38
659,669,402,0,38
659,670,402,0,38
659,671,402,0,38
659,672,402,0,38
659,673,402,0,38
659,674,402,0,38
659,675,402,0,38
659,676,402,0,38
659,677,402,0,38
659,678,402,0,38
659,679,402,0,38
659,680,402,0,38
659,681,402,0,38
659,682,402,0,38
659,683,402,0,38
659,684,402,0,38
659,685,402,0,38
659,686,402,0,38
659,687,402,0,38
659,688,402,0,38
659,689,402,0,38
659,690,402,0,38
659,691,402,0,38
659,692,402,0,38
659,693,402,0,38
659,694,402,0,38
659,695,402,0,38
659,696,402,0,38
659,697,402,0,38
659,698,402,0,38
659,699,402,0,38
659,700,402,0,38
659,701,402,0,38
659,702,402,0,38
659,703,402,0,38
659,704,402,0,38
659,705,402,0,38
659,706,402,0,38
659,707,402,0,38
659,708,402,0,38
659,709,402,0,38
659,710,402,0,38
659,711,402,0,38
659,712,402,0,38
659,713,402,0,38
659,714,402,0,38
659,715,402,0,38
659,716,402,0,38
659,717,402,0,38
659,718,402,0,38
659,719,402,0,38
659,720,402,0,38
659,721,402,0,38
659,722,402,0,38
659,723,402,0,38
659,724,402,0,38
660,625,461,0,39
660,626,461,0,39
660,627,461,0,39
660,628,461,0,39
660,629,461,0,39
660,630,461,0,39
660,631,461,0,39
660,632,461,0,39
660,633,461,0,39
660,634,461,0,39
660,635,461,0,39
660,636,461,0,39
660,637,461,0,39
660,638,461,0,39
660,639,461,0,39
660,640,461,0,39
660,641,461,0,39
660,642,461,0,39
660,643,461,0,39
660,644,461,0,39
660,645,461,0,39
660,646,461,0,39
660,647,461,0,39
660,648,461,0,39
660,649,461,0,39
660,650,461,0,39
660,651,461,0,39
660,652,461,0,39
660,653,461,0,39
660,654,461,0,39
660,655,461,0,39
660,656,461,0,39
660,657,461,0,39
660,658,461,0,39
660,659,461,0,39
660,661,461,0,39
660,662,461,0,39
660,663,461,0,39
660,664,461,0,39
660,665,461,0,39
660,666,461,0,39
660,667,461,0,39
660,668,461,0,39
660,669,461,0,39
660,670,461,0,39
660,671,461,0,39
660,672,461,0,39
660,673,461,0,39
660,674,461,0,39
660,675,461,0,39
660,676,461,0,39
660,677,461,0,39
660,678,461,0,39
660,679,461,0,39
660,680,461,0,39
660,681,461,0,39
660,682,461,0,39
660,683,461,0,39
660,684,461,0,39
660,685,461,0,39
660,686,461,0,39
660,687,461,0,39
660,688,461,0,39
660,689,461,0,39
660,690,461,0,39
660,691,461,0,39
660,692,461,0,39
660,693,461,0,39
660,694,461,0,39
660,695,461,0,39
660,696,461,0,39
660,697,461,0,39
660,698,461,0,39
660,699,461,0,39
660,700,461,0,39
660,701,461,0,39
660,702,461,0,39
660,703,461,0,39
660,704,461,0,39
660,705,461,0,39
660,706,461,0,39
660,707,461,0,39
660,708,461,0,39
660,709,461,0,39
660,710,461,0,39
660,711,461,0,39
660,712,461,0,39
660,713,461,0,39
660,714,461,0,39
660,715,461,0,39
660,716,461,0,39
660,717,461,0,39
660,718,461,0,39
660,719,461,0,39
660,720,461,0,39
660,721,461,0,39
660,722,461,0,39
660,723,461,0,39
660,724,461,0,39
661,625,206,0,40
661,626,206,0,40
661,627,206,0,40
661,628,206,0,40
661,629,206,0,40
661,630,206,0,40
661,631,206,0,40
661,632,206,0,40
661,633,206,0,40
661,634,206,0,40
661,635,206,0,40
661,636,206,0,40
661,637,206,0,40
661,638,206,0,40
661,639,206,0,40
661,640,206,0,40
661,641,206,0,40
661,642,206,0,40
661,643,206,0,40
661,644,206,0,40
661,645,206,0,40
661,646,206,0,40
661,647,206,0,40
661,648,206,0,40
661,649,206,0,40
661,650,206,0,40
661,651,206,0,40
661,652,206,0,40
661,653,206,0,40
661,654,206,0,40
661,655,206,0,40
661,656,206,0,40
661,657,206,0,40
661,658,206,0,40
661,659,206,0,40
661,660,206,0,40
661,662,206,0,40
661,663,206,0,40
661,664,206,0,40
661,665,206,0,40
661,666,206,0,40
661,667,206,0,40
661,668,206,0,40
661,669,206,0,40
661,670,206,0,40
661,671,206,0,40
661,672,206,0,40
661,673,206,0,40
661,674,206,0,40
661,675,206,0,40
661,676,206,0,40
661,677,206,0,40
661,678,206,0,40
661,679,206,0,40
661,680,206,0,40
661,681,206,0,40
661,682,206,0,40
661,683,206,0,40
661,684,206,0,40
661,685,206,0,40
661,686,206,0,40
661,687,206,0,40
661,688,206,0,40
661,689,206,0,40
661,690,206,0,40
661,691,206,0,40
661,692,206,0,40
661,693,206,0,40
661,694,206,0,40
661,695,206,0,40
661,696,206,0,40
661,697,206,0,40
661,698,206,0,40
661,699,206,0,40
661,700,206,0,40
661,701,206,0,40
661,702,206,0,40
661,703,206,0,40
661,704,206,0,40
661,705,206,0,40
661,706,206,0,40
661,707,206,0,40
661,708,206,0,40
661,709,206,0,40
661,710,206,0,40
661,711,206,0,40
661,712,206,0,40
661,713,206,0,40
661,714,206,0,40
661,715,206,0,40
661,716,206,0,40
661,717,206,0,40
661,718,206,0,40
661,719,206,0,40
661,720,206,0,40
661,721,206,0,40
661,722,206,0,40
661,723,206,0,40
661,724,206,0,40
667,625,230,0,46
667,626,230,0,46
667,627,230,0,46
667,628,230,0,46
667,629,230,0,46
667,630,230,0,46
667,631,230,0,46
667,632,230,0,46
667,633,230,0,46
667,634,230,0,46
667,635,230,0,46
667,636,230,0,46
667,637,230,0,46
667,638,230,0,46
667,639,230,0,46
667,640,230,0,46
667,641,230,0,46
667,642,230,0,46
667,643,230,0,46
667,644,230,0,46
667,645,230,0,46
667,646,230,0,46
667,647,230,0,46
667,648,230,0,46
667,649,230,0,46
667,650,230,0,46
667,651,230,0,46
667,652,230,0,46
667,653,230,0,46
667,654,230,0,46
667,655,230,0,46
667,656,230,0,46
667,657,230,0,46
667,658,230,0,46
667,659,230,0,46
667,660,230,0,46
667,661,230,0,46
667,662,230,0,46
667,663,230,0,46
667,664,230,0,46
667,665,230,0,46
667,666,230,0,46
667,668,230,0,46
667,669,230,0,46
667,670,230,0,46
667,671,230,0,46
667,672,230,0,46
667,673,230,0,46
667,674,230,0,46
667,675,230,0,46
667,676,230,0,46
667,677,230,0,46
667,678,230,0,46
667,679,230,0,46
667,680,230,0,46
667,681,230,0,46
667,682,230,0,46
667,683,230,0,46
667,684,230,0,46
667,685,230,0,46
667,686,230,0,46
667,687,230,0,46
667,688,230,0,46
667,689,230,0,46
667,690,230,0,46
667,691,230,0,46
667,692,230,0,46
667,693,230,0,46
667,694,230,0,46
667,695,230,0,46
667,696,230,0,46
667,697,230,0,46
667,698,230,0,46
667,699,230,0,46
667,700,230,0,46
667,701,230,0,46
667,702,230,0,46
667,703,230,0,46
667,704,230,0,46
667,705,230,0,46
667,706,230,0,46
667,707,230,0,46
667,708,230,0,46
667,709,230,0,46
667,710,230,0,46
667,711,230,0,46
667,712,230,0,46
667,713,230,0,46
667,714,230,0,46
667,715,230,0,46
667,716,230,0,46
667,717,230,0,46
667,718,230,0,46
667,719,230,0,46
667,720,230,0,46
667,721,230,0,46
667,722,230,0,46
667,723,230,0,46
667,724,230,0,46
673,625,13,0,52
673,626,13,0,52
673,627,13,0,52
673,628,13,0,52
673,629,13,0,52
673,630,13,0,52
673,631,13,0,52
673,632,13,0,52
673,633,13,0,52
673,634,13,0,52
673,635,13,0,52
673,636,13,0,52
673,637,13,0,52
673,638,13,0,52
673,639,13,0,52
673,640,13,0,52
673,641,13,0,52
673,642,13,0,52
673,643,13,0,52
673,644,13,0,52
673,645,13,0,52
673,646,13,0,52
673,647,13,0,52
673,648,13,0,52
673,649,13,0,52
673,650,13,0,52
673,651,13,0,52
673,652,13,0,52
673,653,13,0,52
673,654,13,0,52
673,655,13,0,52
673,656,13,0,52
673,657,13,0,52
673,658,13,0,52
673,659,13,0,52
673,660,13,0,52
673,661,13,0,52
673,662,13,0,52
673,663,13,0,52
673,664,13,0,52
673,665,13,0,52
673,666,13,0,52
673,667,13,0,52
673,668,13,0,52
673,669,13,0,52
673,670,13,0,52
673,671,13,0,52
673,672,13,0,52
673,674,13,0,52
673,675,13,0,52
673,676,13,0,52
673,677,13,0,52
673,678,13,0,52
673,679,13,0,52
673,680,13,0,52
673,681,13,0,52
673,682,13,0,52
673,683,13,0,52
673,684,13,0,52
673,685,13,0,52
673,686,13,0,52
673,687,13,0,52
673,688,13,0,52
673,689,13,0,52
673,690,13,0,52
673,691,13,0,52
673,692,13,0,52
673,693,13,0,52
673,694,13,0,52
673,695,13,0,52
673,696,13,0,52
673,697,13,0,52
673,698,13,0,52
673,699,13,0,52
673,700,13,0,52
673,701,13,0,52
673,702,13,0,52
673,703,13,0,52
673,704,13,0,52
673,705,13,0,52
673,706,13,0,52
673,707,13,0,52
673,708,13,0,52
673,709,13,0,52
673,710,13,0,52
673,711,13,0,52
673,712,13,0,52
673,713,13,0,52
673,714,13,0,52
673,715,13,0,52
673,716,13,0,52
673,717,13,0,52
673,718,13,0,52
673,719,13,0,52
673,720,13,0,52
673,721,13,0,52
673,722,13,0,52
673,723,13,0,52
673,724,13,0,52
683,625,355,0,62
683,626,355,0,62
683,627,355,0,62
683,628,355,0,62
683,629,355,0,62
683,630,355,0,62
683,631,355,0,62
683,632,355,0,62
683,633,355,0,62
683,634,355,0,62
683,635,355,0,62
683,636,355,0,62
683,637,355,0,62
683,638,355,0,62
683,639,355,0,62
683,640,355,0,62
683,641,355,0,62
683,642,355,0,62
683,643,355,0,62
683,644,355,0,62
683,645,355,0,62
683,646,355,0,62
683,647,355,0,62
683,648,355,0,62
683,649,355,0,62
683,650,355,0,62
683,651,355,0,62
683,652,355,0,62
683,653,355,0,62
683,654,355,0,62
683,655,355,0,62
683,656,355,0,62
683,657,355,0,62
683,658,355,0,62
683,659,355,0,62
683,660,355,0,62
683,661,355,0,62
683,662,355,0,62
683,663,355,0,62
683,664,355,0,62
683,665,355,0,62
683,666,355,0,62
683,667,355,0,62
683,668,355,0,62
683,669,355,0,62
683,670,355,0,62
683,671,355,0,62
683,672,355,0,62
683,673,355,0,62
683,674,355,0,62
683,675,355,0,62
683,676,355,0,62
683,677,355,0,62
683,678,355,0,62
683,679,355,0,62
683,680,355,0,62
683,681,355,0,62
683,682,355,0,62
683,684,355,0,62
683,685,355,0,62
683,686,355,0,62
683,687,355,0,62
683,688,355,0,62
683,689,355,0,62
683,690,355,0,62
683,691,355,0,62
683,692,355,0,62
683,693,355,0,62
683,694,355,0,62
683,695,355,0,62
683,696,355,0,62
683,697,355,0,62
683,698,355,0,62
683,699,355,0,62
683,700,355,0,62
683,701,355,0,62
683,702,355,0,62
683,703,355,0,62
683,704,355,0,62
683,705,355,0,62
683,706,355,0,62
683,707,355,0,62
683,708,355,0,62
683,709,355,0,62
683,710,355,0,62
683,711,355,0,62
683,712,355,0,62
683,713,355,0,62
683,714,355,0,62
683,715,355,0,62
683,716,355,0,62
683,717,355,0,62
683,718,355,0,62
683,719,355,0,62
683,720,355,0,62
683,721,355,0,62
683,722,355,0,62
683,723,355,0,62
683,724,355,0,62
685,625,356,0,64
685,626,356,0,64
685,627,356,0,64
685,628,356,0,64
685,629,356,0,64
685,630,356,0,64
685,631,356,0,64
685,632,356,0,64
685,633,356,0,64
685,634,356,0,64
685,635,356,0,64
685,636,356,0,64
685,637,356,0,64
685,638,356,0,64
685,639,356,0,64
685,640,356,0,64
685,641,356,0,64
685,642,356,0,64
685,643,356,0,64
685,644,356,0,64
685,645,356,0,64
685,646,356,0,64
685,647,356,0,64
685,648,356,0,64
685,649,356,0,64
685,650,356,0,64
685,651,356,0,64
685,652,356,0,64
685,653,356,0,64
685,654,356,0,64
685,655,356,0,64
685,656,356,0,64
685,657,356,0,64
685,658,356,0,64
685,659,356,0,64
685,660,356,0,64
685,661,356,0,64
685,662,356,0,64
685,663,356,0,64
685,664,356,0,64
685,665,356,0,64
685,666,356,0,64
685,667,356,0,64
685,668,356,0,64
685,669,356,0,64
685,670,356,0,64
685,671,356,0,64
685,672,356,0,64
685,673,356,0,64
685,674,356,0,64
685,675,356,0,64
685,676,356,0,64
685,677,356,0,64
685,678,356,0,64
685,679,356,0,64
685,680,356,0,64
685,681,356,0,64
685,682,356,0,64
685,683,356,0,64
685,684,356,0,64
685,686,356,0,64
685,687,356,0,64
685,688,356,0,64
685,689,356,0,64
685,690,356,0,64
685,691,356,0,64
685,692,356,0,64
685,693,356,0,64
685,694,356,0,64
685,695,356,0,64
685,696,356,0,64
685,697,356,0,64
685,698,356,0,64
685,699,356,0,64
685,700,356,0,64
685,701,356,0,64
685,702,356,0,64
685,703,356,0,64
685,704,356,0,64
685,705,356,0,64
685,706,356,0,64
685,707,356,0,64
685,708,356,0,64
685,709,356,0,64
685,710,356,0,64
685,711,356,0,64
685,712,356,0,64
685,713,356,0,64
685,714,356,0,64
685,715,356,0,64
685,716,356,0,64
685,717,356,0,64
685,718,356,0,64
685,719,356,0,64
685,720,356,0,64
685,721,356,0,64
685,722,356,0,64
685,723,356,0,64
685,724,356,0,64
688,625,126,0,67
688,626,126,0,67
688,627,126,0,67
688,628,126,0,67
688,629,126,0,67
688,630,126,0,67
688,631,126,0,67
688,632,126,0,67
688,633,126,0,67
688,634,126,0,67
688,635,126,0,67
688,636,126,0,67
688,637,126,0,67
688,638,126,0,67
688,639,126,0,67
688,640,126,0,67
688,641,126,0,67
688,642,126,0,67
688,643,126,0,67
688,644,126,0,67
688,645,126,0,67
688,646,126,0,67
688,647,126,0,67
688,648,126,0,67
688,649,126,0,67
688,650,126,0,67
688,651,126,0,67
688,652,126,0,67
688,653,126,0,67
688,654,126,0,67
688,655,126,0,67
688,656,126,0,67
688,657,126,0,67
688,658,126,0,67
688,659,126,0,67
688,660,126,0,67
688,661,126,0,67
688,662,126,0,67
688,663,126,0,67
688,664,126,0,67
688,665,126,0,67
688,666,126,0,67
688,667,126,0,67
688,668,126,0,67
688,669,126,0,67
688,670,126,0,67
688,671,126,0,67
688,672,126,0,67
688,673,126,0,67
688,674,126,0,67
688,675,126,0,67
688,676,126,0,67
688,677,126,0,67
688,678,126,0,67
688,679,126,0,67
688,680,126,0,67
688,681,126,0,67
688,682,126,0,67
688,683,126,0,67
688,684,126,0,67
688,685,126,0,67
688,686,126,0,67
688,687,126,0,67
688,689,126,0,67
688,690,126,0,67
688,691,126,0,67
688,692,126,0,67
688,693,126,0,67
688,694,126,0,67
688,695,126,0,67
688,696,126,0,67
688,697,126,0,67
688,698,126,0,67
688,699,126,0,67
688,700,126,0,67
688,701,126,0,67
688,702,126,0,67
688,703,126,0,67
688,704,126,0,67
688,705,126,0,67
688,706,126,0,67
688,707,126,0,67
688,708,126,0,67
688,709,126,0,67
688,710,126,0,67
688,711,126,0,67
688,712,126,0,67
688,713,126,0,67
688,714,126,0,67
688,715,126,0,67
688,716,126,0,67
688,717,126,0,67
688,718,126,0,67
688,719,126,0,67
688,720,126,0,67
688,721,126,0,67
688,722,126,0,67
688,723,126,0,67
688,724,126,0,67
693,625,328,0,72
693,626,328,0,72
693,627,328,0,72
693,628,328,0,72
693,629,328,0,72
693,630,328,0,72
693,631,328,0,72
693,632,328,0,72
693,633,328,0,72
693,634,328,0,72
693,635,328,0,72
693,636,328,0,72
693,637,328,0,72
693,638,328,0,72
693,639,328,0,72
693,640,328,0,72
693,641,328,0,72
693,642,328,0,72
693,643,328,0,72
693,644,328,0,72
693,645,328,0,72
693,646,328,0,72
693,647,328,0,72
693,648,328,0,72
693,649,328,0,72
693,650,328,0,72
693,651,328,0,72
693,652,328,0,72
693,653,328,0,72
693,654,328,0,72
693,655,328,0,72
693,656,328,0,72
693,657,328,0,72
693,658,328,0,72
693,659,328,0,72
693,660,328,0,72
693,661,328,0,72
693,662,328,0,72
693,663,328,0,72
693,664,328,0,72
693,665,328,0,72
693,666,328,0,72
693,667,328,0,72
693,668,328,0,72
693,669,328,0,72
693,670,328,0,72
693,671,328,0,72
693,672,328,0,72
693,673,328,0,72
693,674,328,0,72
693,675,328,0,72
693,676,328,0,72
693,677,328,0,72
693,678,328,0,72
693,679,328,0,72
693,680,328,0,72
693,681,328,0,72
693,682,328,0,72
693,683,328,0,72
693,684,328,0,72
693,685,328,0,72
693,686,328,0,72
693,687,328,0,72
693,688,328,0,72
693,689,328,0,72
693,690,328,0,72
693,691,328,0,72
693,692,328,0,72
693,694,328,0,72
693,695,328,0,72
693,696,328,0,72
693,697,328,0,72
693,698,328,0,72
693,699,328,0,72
693,700,328,0,72
693,701,328,0,72
693,702,328,0,72
693,703,328,0,72
693,704,328,0,72
693,705,328,0,72
693,706,328,0,72
693,707,328,0,72
693,708,328,0,72
693,709,328,0,72
693,710,328,0,72
693,711,328,0,72
693,712,328,0,72
693,713,328,0,72
693,714,328,0,72
693,715,328,0,72
693,716,328,0,72
693,717,328,0,72
693,718,328,0,72
693,719,328,0,72
693,720,328,0,72
693,721,328,0,72
693,722,328,0,72
693,723,328,0,72
693,724,328,0,72
695,625,589,0,74
695,626,589,0,74
695,627,589,0,74
695,628,589,0,74
695,629,589,0,74
695,630,589,0,74
695,631,589,0,74
695,632,589,0,74
695,633,589,0,74
695,634,589,0,74
695,635,589,0,74
695,636,589,0,74
695,637,589,0,74
695,638,589,0,74
695,639,589,0,74
695,640,589,0,74
695,641,589,0,74
695,642,589,0,74
695,643,589,0,74
695,644,589,0,74
695,645,589,0,74
695,646,589,0,74
695,647,589,0,74
695,648,589,0,74
695,649,589,0,74
695,650,589,0,74
695,651,589,0,74
695,652,589,0,74
695,653,589,0,74
695,654,589,0,74
695,655,589,0,74
695,656,589,0,74
695,657,589,0,74
695,658,589,0,74
695,659,589,0,74
695,660,589,0,74
695,661,589,0,74
695,662,589,0,74
695,663,589,0,74
695,664,589,0,74
695,665,589,0,74
695,666,589,0,74
695,667,589,0,74
695,668,589,0,74
695,669,589,0,74
695,670,589,0,74
695,671,589,0,74
695,672,589,0,74
695,673,589,0,74
695,674,589,0,74
695,675,589,0,74
695,676,589,0,74
695,677,589,0,74
695,678,589,0,74
695,679,589,0,74
695,680,589,0,74
695,681,589,0,74
695,682,589,0,74
695,683,589,0,74
695,684,589,0,74
695,685,589,0,74
695,686,589,0,74
695,687,589,0,74
695,688,589,0,74
695,689,589,0,74
695,690,589,0,74
695,691,589,0,74
695,692,589,0,74
695,693,589,0,74
695,694,589,0,74
695,696,589,0,74
695,697,589,0,74
695,698,589,0,74
695,699,589,0,74
695,700,589,0,74
695,701,589,0,74
695,702,589,0,74
695,703,589,0,74
695,704,589,0,74
695,705,589,0,74
695,706,589,0,74
695,707,589,0,74
695,708,589,0,74
695,709,589,0,74
695,710,589,0,74
695,711,589,0,74
695,712,589,0,74
695,713,589,0,74
695,714,589,0,74
695,715,589,0,74
695,716,589,0,74
695,717,589,0,74
695,718,589,0,74
695,719,589,0,74
695,720,589,0,74
695,721,589,0,74
695,722,589,0,74
695,723,589,0,74
695,724,589,0,74
696,625,606,0,75
696,626,606,0,75
696,627,606,0,75
696,628,606,0,75
696,629,606,0,75
696,630,606,0,75
696,631,606,0,75
696,632,606,0,75
696,633,606,0,75
696,634,606,0,75
696,635,606,0,75
696,636,606,0,75
696,637,606,0,75
696,638,606,0,75
696,639,606,0,75
696,640,606,0,75
696,641,606,0,75
696,642,606,0,75
696,643,606,0,75
696,644,606,0,75
696,645,606,0,75
696,646,606,0,75
696,647,606,0,75
696,648,606,0,75
696,649,606,0,75
696,650,606,0,75
696,651,606,0,75
696,652,606,0,75
696,653,606,0,75
696,654,606,0,75
696,655,606,0,75
696,656,606,0,75
696,657,606,0,75
696,658,606,0,75
696,659,606,0,75
696,660,606,0,75
696,661,606,0,75
696,662,606,0,75
696,663,606,0,75
696,664,606,0,75
696,665,606,0,75
696,666,606,0,75
696,667,606,0,75
696,668,606,0,75
696,669,606,0,75
696,670,606,0,75
696,671,606,0,75
696,672,606,0,75
696,673,606,0,75
696,674,606,0,75
696,675,606,0,75
696,676,606,0,75
696,677,606,0,75
696,678,606,0,75
696,679,606,0,75
696,680,606,0,75
696,681,606,0,75
696,682,606,0,75
696,683,606,0,75
696,684,606,0,75
696,685,606,0,75
696,686,606,0,75
696,687,606,0,75
696,688,606,0,75
696,689,606,0,75
696,690,606,0,75
696,691,606,0,75
696,692,606,0,75
696,693,606,0,75
696,694,606,0,75
696,695,606,0,75
696,697,606,0,75
696,698,606,0,75
696,699,606,0,75
696,700,606,0,75
696,701,606,0,75
696,702,606,0,75
696,703,606,0,75
696,704,606,0,75
696,705,606,0,75
696,706,606,0,75
696,707,606,0,75
696,708,606,0,75
696,709,606,0,75
696,710,606,0,75
696,711,606,0,75
696,712,606,0,75
696,713,606,0,75
696,714,606,0,75
696,715,606,0,75
696,716,606,0,75
696,717,606,0,75
696,718,606,0,75
696,719,606,0,75
696,720,606,0,75
696,721,606,0,75
696,722,606,0,75
696,723,606,0,75
696,724,606,0,75
710,625,411,0,89
710,626,411,0,89
710,627,411,0,89
710,628,411,0,89
710,629,411,0,89
710,630,411,0,89
710,631,411,0,89
710,632,411,0,89
710,633,411,0,89
710,634,411,0,89
710,635,411,0,89
710,636,411,0,89
710,637,411,0,89
710,638,411,0,89
710,639,411,0,89
710,640,411,0,89
710,641,411,0,89
710,642,411,0,89
710,643,411,0,89
710,644,411,0,89
710,645,411,0,89
710,646,411,0,89
710,647,411,0,89
710,648,411,0,89
710,649,411,0,89
710,650,411,0,89
710,651,411,0,89
710,652,411,0,89
710,653,411,0,89
710,654,411,0,89
710,655,411,0,89
710,656,411,0,89
710,657,411,0,89
710,658,411,0,89
710,659,411,0,89
710,660,411,0,89
710,661,411,0,89
710,662,411,0,89
710,663,411,0,89
710,664,411,0,89
710,665,411,0,89
710,666,411,0,89
710,667,411,0,89
710,668,411,0,89
710,669,411,0,89
710,670,411,0,89
710,671,411,0,89
710,672,411,0,89
710,673,411,0,89
710,674,411,0,89
710,675,411,0,89
710,676,411,0,89
710,677,411,0,89
710,678,411,0,89
710,679,411,0,89
710,680,411,0,89
710,681,411,0,89
710,682,411,0,89
710,683,411,0,89
710,684,411,0,89
710,685,411,0,89
710,686,411,0,89
710,687,411,0,89
710,688,411,0,89
710,689,411,0,89
710,690,411,0,89
710,691,411,0,89
710,692,411,0,89
710,693,411,0,89
710,694,411,0,89
710,695,411,0,89
710,696,411,0,89
710,697,411,0,89
710,698,411,0,89
710,699,411,0,89
710,700,411,0,89
710,701,411,0,89
710,702,411,0,89
710,703,411,0,89
710,704,411,0,89
710,705,411,0,89
710,706,411,0,89
710,707,411,0,89
710,708,411,0,89
710,709,411,0,89
710,711,411,0,89
710,712,411,0,89
710,713,411,0,89
710,714,411,0,89
710,715,411,0,89
710,716,411,0,89
710,717,411,0,89
710,718,411,0,89
710,719,411,0,89
710,720,411,0,89
710,721,411,0,89
710,722,411,0,89
710,723,411,0,89
710,724,411,0,89
723,625,138,0,102
723,626,138,0,102
723,627,138,0,102
723,628,138,0,102
723,629,138,0,102
723,630,138,0,102
723,631,138,0,102
723,632,138,0,102
723,633,138,0,102
723,634,138,0,102
723,635,138,0,102
723,636,138,0,102
723,637,138,0,102
723,638,138,0,102
723,639,138,0,102
723,640,138,0,102
723,641,138,0,102
723,642,138,0,102
723,643,138,0,102
723,644,138,0,102
723,645,138,0,102
723,646,138,0,102
723,647,138,0,102
723,648,138,0,102
723,649,138,0,102
723,650,138,0,102
723,651,138,0,102
723,652,138,0,102
723,653,138,0,102
723,654,138,0,102
723,655,138,0,102
723,656,138,0,102
723,657,138,0,102
723,658,138,0,102
723,659,138,0,102
723,660,138,0,102
723,661,138,0,102
723,662,138,0,102
723,663,138,0,102
723,664,138,0,102
723,665,138,0,102
723,666,138,0,102
723,667,138,0,102
723,668,138,0,102
723,669,138,0,102
723,670,138,0,102
723,671,138,0,102
723,672,138,0,102
723,673,138,0,102
723,674,138,0,102
723,675,138,0,102
723,676,138,0,102
723,677,138,0,102
723,678,138,0,102
723,679,138,0,102
723,680,138,0,102
723,681,138,0,102
723,682,138,0,102
723,683,138,0,102
723,684,138,0,102
723,685,138,0,102
723,686,138,0,102
723,687,138,0,102
723,688,138,0,102
723,689,138,0,102
723,690,138,0,102
723,691,138,0,102
723,692,138,0,102
723,693,138,0,102
723,694,138,0,102
723,695,138,0,102
723,696,138,0,102
723,697,138,0,102
723,698,138,0,102
723,699,138,0,102
723,700,138,0,102
723,701,138,0,102
723,702,138,0,102
723,703,138,0,102
723,704,138,0,102
723,705,138,0,102
723,706,138,0,102
723,707,138,0,102
723,708,138,0,102
723,709,138,0,102
723,710,138,0,102
723,711,138,0,102
723,712,138,0,102
723,713,138,0,102
723,714,138,0,102
723,715,138,0,102
723,716,138,0,102
723,717,138,0,102
723,718,138,0,102
723,719,138,0,102
723,720,138,0,102
723,721,138,0,102
723,722,138,0,102
723,724,138,0,102
