0,629,25,1,0
0,647,24,2,1
0,662,24,2,1
0,670,25,1,0
0,681,25,1,0
0,687,25,1,0
0,693,24,2,1
0,709,600,3,2
1,647,0,0,0
1,662,0,0,0
1,666,26,2,0
1,670,26,2,0
1,681,26,2,0
1,693,0,0,0
2,662,1,0,1
2,670,27,2,0
2,681,27,2,0
3,670,28,2,0
4,662,5,1,0
4,666,29,2,0
4,670,29,2,0
4,681,29,2,0
4,693,5,1,0
5,647,6,1,0
5,662,6,1,0
5,670,30,2,0
5,681,30,2,0
5,693,6,1,0
5,709,605,3,3
6,629,31,2,0
6,633,7,1,0
6,647,7,1,0
6,652,606,3,3
6,660,660,39,0
6,662,7,1,0
6,670,31,2,0
6,681,31,2,0
6,687,31,2,0
6,693,7,1,0
6,709,606,3,3
7,629,32,2,0
7,633,8,1,0
7,644,8,1,0
7,647,8,1,0
7,652,607,3,3
7,660,6,0,1
7,662,8,1,0
7,670,32,2,0
7,681,32,2,0
7,693,8,1,0
7,709,607,3,3
8,629,33,2,0
8,633,9,1,0
8,644,9,1,0
8,647,9,1,0
8,652,608,3,3
8,660,7,0,1
8,662,9,1,0
8,664,33,2,0
8,670,33,2,0
8,681,33,2,0
8,693,9,1,0
8,709,608,3,3
9,629,34,2,0
9,633,34,2,0
9,644,34,2,0
9,647,609,3,3
9,652,609,3,3
9,660,8,0,1
9,662,609,3,3
9,670,34,2,0
9,681,34,2,0
9,693,34,2,0
9,709,609,3,3
10,629,9,0,1
10,633,35,2,0
10,644,35,2,0
10,647,610,3,3
10,660,9,0,1
10,662,610,3,3
10,664,9,0,1
10,670,9,0,1
10,681,9,0,1
10,693,35,2,0
10,709,9,0,1
11,629,10,0,1
11,633,36,2,0
11,644,36,2,0
11,647,611,3,3
11,660,10,0,1
11,662,611,3,3
11,670,10,0,1
11,681,10,0,1
11,693,36,2,0
11,709,10,0,1
12,629,11,0,1
12,633,37,2,0
12,647,612,3,3
12,660,11,0,1
12,662,612,3,3
12,670,11,0,1
12,681,11,0,1
12,687,11,0,1
12,689,11,0,1
12,693,37,2,0
12,709,11,0,1
13,647,613,3,3
13,662,613,3,3
13,670,12,0,1
13,681,12,0,1
13,693,38,2,0
14,662,614,3,3
14,670,13,0,1
14,681,13,0,1
14,693,39,2,0
15,670,14,0,1
16,662,616,3,3
16,670,17,1,0
16,681,17,1,0
17,647,617,3,3
17,662,617,3,3
17,666,18,1,0
17,670,18,1,0
17,681,18,1,0
17,693,42,2,0
18,629,19,1,0
18,647,618,3,3
18,662,618,3,3
18,670,19,1,0
18,681,19,1,0
18,693,43,2,0
18,709,19,1,0
19,629,20,1,0
19,633,44,2,0
19,647,619,3,3
19,652,20,1,0
19,660,20,1,0
19,662,619,3,3
19,670,20,1,0
19,681,20,1,0
19,689,18,0,1
19,693,44,2,0
19,709,20,1,0
20,629,21,1,0
20,633,45,2,0
20,644,45,2,0
20,647,620,3,3
20,660,21,1,0
20,662,620,3,3
20,670,21,1,0
20,681,21,1,0
20,693,45,2,0
20,709,21,1,0
21,629,46,2,0
21,633,46,2,0
21,644,46,2,0
21,647,621,3,3
21,652,621,3,3
21,660,22,1,0
21,662,621,3,3
21,670,46,2,0
21,681,46,2,0
21,693,46,2,0
21,709,621,3,3
22,629,47,2,0
22,633,21,0,1
22,644,21,0,1
22,647,21,0,1
22,652,622,3,3
22,660,23,1,0
22,662,21,0,1
22,664,47,2,0
22,670,47,2,0
22,681,47,2,0
22,693,21,0,1
22,709,622,3,3
23,629,48,2,0
23,633,22,0,1
23,644,22,0,1
23,647,22,0,1
23,652,623,3,3
23,660,24,1,0
23,662,22,0,1
23,670,48,2,0
23,681,48,2,0
23,693,22,0,1
23,709,623,3,3
24,629,49,2,0
24,633,23,0,1
24,647,23,0,1
24,652,624,3,3
24,660,0,1,2
24,662,23,0,1
24,670,49,2,0
24,681,49,2,0
24,689,0,1,2
24,693,23,0,1
24,709,624,3,3
25,629,50,2,0
25,647,49,3,2
25,662,49,3,2
25,670,50,2,0
25,681,50,2,0
25,687,50,2,0
25,693,49,3,2
25,709,0,0,1
26,647,25,1,1
26,662,25,1,1
26,666,51,3,0
26,670,51,3,0
26,681,51,3,0
26,693,25,1,1
27,662,26,1,2
27,670,52,3,0
27,681,52,3,0
28,670,53,3,0
29,662,30,2,1
29,666,54,3,0
29,670,54,3,0
29,681,54,3,0
29,693,30,2,1
30,647,31,2,1
30,662,31,2,1
30,670,55,3,0
30,681,55,3,0
30,693,31,2,1
30,709,5,0,2
31,629,56,3,0
31,633,32,2,1
31,647,32,2,1
31,652,56,3,0
31,660,6,0,2
31,662,32,2,1
31,670,56,3,0
31,681,56,3,0
31,687,56,3,0
31,693,32,2,1
31,709,6,0,2
32,629,57,3,0
32,633,33,2,1
32,644,33,2,1
32,647,33,2,1
32,660,7,0,2
32,662,33,2,1
32,670,57,3,0
32,681,57,3,0
32,693,33,2,1
32,709,7,0,2
33,629,58,3,0
33,633,34,2,1
33,644,34,2,1
33,647,34,2,1
33,660,8,0,2
33,662,34,2,1
33,664,58,3,0
33,670,58,3,0
33,681,58,3,0
33,693,34,2,1
33,709,8,0,2
34,629,59,3,0
34,633,59,3,0
34,644,59,3,0
34,647,9,0,2
34,662,9,0,2
34,670,59,3,0
34,681,59,3,0
34,709,9,0,2
34,717,35,2,1
35,629,34,1,2
35,633,60,3,0
35,644,60,3,0
35,647,10,0,2
35,660,34,1,2
35,662,10,0,2
35,664,34,1,2
35,670,34,1,2
35,681,34,1,2
35,693,60,3,0
35,709,34,1,2
35,717,36,2,1
36,629,35,1,2
36,633,61,3,0
36,644,61,3,0
36,647,11,0,2
36,660,35,1,2
36,662,11,0,2
36,670,35,1,2
36,681,35,1,2
36,693,61,3,0
36,709,35,1,2
36,717,37,2,1
37,629,36,1,2
37,633,62,3,0
37,647,12,0,2
37,660,36,1,2
37,662,12,0,2
37,670,36,1,2
37,681,36,1,2
37,687,36,1,2
37,689,36,1,2
37,693,62,3,0
37,709,36,1,2
37,717,717,96,0
38,647,13,0,2
38,662,13,0,2
38,670,37,1,2
38,681,37,1,2
38,693,63,3,0
39,662,14,0,2
39,670,38,1,2
39,681,38,1,2
39,693,64,3,0
40,670,39,1,2
41,662,16,0,2
41,670,42,2,1
41,681,42,2,1
42,647,17,0,2
42,662,17,0,2
42,666,43,2,1
42,670,43,2,1
42,681,43,2,1
42,693,67,3,0
43,629,44,2,1
43,647,18,0,2
43,662,18,0,2
43,670,44,2,1
43,681,44,2,1
43,693,68,3,0
43,709,44,2,1
44,629,45,2,1
44,633,69,3,0
44,647,19,0,2
44,652,45,2,1
44,660,45,2,1
44,662,19,0,2
44,670,45,2,1
44,681,45,2,1
44,689,43,1,2
44,693,69,3,0
44,709,45,2,1
44,717,43,1,2
45,629,46,2,1
45,633,70,3,0
45,644,70,3,0
45,647,20,0,2
45,660,46,2,1
45,662,20,0,2
45,670,46,2,1
45,681,46,2,1
45,693,70,3,0
45,709,46,2,1
45,717,44,1,2
46,629,71,3,0
46,633,71,3,0
46,644,71,3,0
46,647,21,0,2
46,662,21,0,2
46,670,71,3,0
46,681,71,3,0
46,709,21,0,2
46,717,45,1,2
47,629,72,3,0
47,633,46,1,2
47,644,46,1,2
47,647,46,1,2
47,660,22,0,2
47,662,46,1,2
47,664,72,3,0
47,670,72,3,0
47,681,72,3,0
47,693,46,1,2
47,709,22,0,2
48,629,73,3,0
48,633,47,1,2
48,644,47,1,2
48,647,47,1,2
48,660,23,0,2
48,662,47,1,2
48,670,73,3,0
48,681,73,3,0
48,693,47,1,2
48,709,23,0,2
49,629,74,3,0
49,633,48,1,2
49,647,48,1,2
49,652,74,3,0
49,660,24,0,2
49,662,48,1,2
49,670,74,3,0
49,681,74,3,0
49,689,25,2,3
49,693,48,1,2
49,709,24,0,2
50,629,75,2,0
50,647,74,3,2
50,662,74,3,2
50,670,75,2,0
50,681,75,2,0
50,687,75,2,0
50,693,74,3,2
50,709,75,2,0
51,647,50,1,1
51,662,50,1,1
51,666,76,3,0
51,670,76,3,0
51,681,76,3,0
51,693,50,1,1
52,662,51,1,2
52,670,77,3,0
52,681,77,3,0
53,670,78,3,0
54,662,55,2,1
54,666,79,3,0
54,670,79,3,0
54,681,79,3,0
54,693,55,2,1
55,647,56,2,1
55,662,56,2,1
55,670,80,3,0
55,681,80,3,0
55,693,56,2,1
55,709,80,3,0
56,629,81,3,0
56,633,57,2,1
56,647,57,2,1
56,652,81,3,0
56,660,31,0,3
56,662,57,2,1
56,670,81,3,0
56,681,81,3,0
56,687,81,3,0
56,693,57,2,1
56,698,81,3,0
56,709,81,3,0
57,629,82,3,0
57,633,58,2,1
57,644,58,2,1
57,647,58,2,1
57,660,32,0,3
57,662,58,2,1
57,670,82,3,0
57,681,82,3,0
57,693,58,2,1
57,698,82,3,0
57,709,82,3,0
58,629,83,3,0
58,633,59,2,1
58,644,59,2,1
58,647,59,2,1
58,660,33,0,3
58,662,59,2,1
58,664,83,3,0
58,670,83,3,0
58,681,83,3,0
58,693,59,2,1
58,698,83,3,0
58,709,83,3,0
59,647,34,0,3
59,662,34,0,3
59,670,84,3,0
59,681,84,3,0
59,693,60,2,1
59,698,84,3,0
59,717,34,0,3
60,629,59,1,2
60,633,85,3,0
60,644,85,3,0
60,647,35,0,3
60,660,59,1,2
60,662,35,0,3
60,664,59,1,2
60,670,59,1,2
60,681,59,1,2
60,693,61,2,1
60,709,59,1,2
60,717,35,0,3
61,629,60,1,2
61,633,86,3,0
61,644,86,3,0
61,647,36,0,3
61,660,60,1,2
61,662,36,0,3
61,670,60,1,2
61,681,60,1,2
61,693,62,2,1
61,709,60,1,2
61,717,36,0,3
62,629,61,1,2
62,633,87,3,0
62,647,37,0,3
62,660,61,1,2
62,662,37,0,3
62,670,61,1,2
62,681,61,1,2
62,687,61,1,2
62,689,61,1,2
62,693,63,2,1
62,709,61,1,2
62,717,37,0,3
63,647,38,0,3
63,662,38,0,3
63,670,62,1,2
63,681,62,1,2
63,693,64,2,1
64,662,39,0,3
64,670,63,1,2
64,681,63,1,2
64,693,693,72,0
65,670,64,1,2
66,662,41,0,3
66,670,67,2,1
66,681,67,2,1
67,647,42,0,3
67,662,42,0,3
67,666,68,2,1
67,670,68,2,1
67,681,68,2,1
67,693,66,1,2
68,629,69,2,1
68,647,43,0,3
68,662,43,0,3
68,670,69,2,1
68,681,69,2,1
68,693,67,1,2
68,709,69,2,1
69,629,70,2,1
69,633,94,3,0
69,647,44,0,3
69,652,70,2,1
69,660,70,2,1
69,662,44,0,3
69,670,70,2,1
69,681,70,2,1
69,689,68,1,2
69,693,68,1,2
69,709,70,2,1
69,717,44,0,3
70,629,71,2,1
70,633,95,3,0
70,644,95,3,0
70,647,45,0,3
70,660,71,2,1
70,662,45,0,3
70,670,71,2,1
70,681,71,2,1
70,693,69,1,2
70,709,71,2,1
70,717,45,0,3
71,647,46,0,3
71,662,46,0,3
71,670,96,3,0
71,681,96,3,0
71,693,70,1,2
71,698,96,3,0
71,717,46,0,3
72,629,97,3,0
72,633,71,1,2
72,644,71,1,2
72,647,71,1,2
72,660,47,0,3
72,662,71,1,2
72,664,97,3,0
72,670,97,3,0
72,681,97,3,0
72,693,71,1,2
72,698,97,3,0
72,709,97,3,0
73,629,98,3,0
73,633,72,1,2
73,644,72,1,2
73,647,72,1,2
73,660,48,0,3
73,662,72,1,2
73,670,98,3,0
73,681,98,3,0
73,693,72,1,2
73,698,98,3,0
73,709,98,3,0
74,629,99,3,0
74,633,73,1,2
74,647,73,1,2
74,652,99,3,0
74,660,49,0,3
74,662,73,1,2
74,670,99,3,0
74,681,99,3,0
74,689,50,2,3
74,693,73,1,2
74,698,99,3,0
74,709,99,3,0
75,629,100,2,0
75,647,99,3,2
75,662,99,3,2
75,670,100,2,0
75,681,100,2,0
75,687,100,2,0
75,693,99,3,2
75,709,100,2,0
76,647,75,1,1
76,662,75,1,1
76,666,101,3,0
76,670,101,3,0
76,681,101,3,0
76,693,75,1,1
77,662,76,1,2
77,670,102,3,0
77,681,102,3,0
78,670,103,3,0
79,662,80,2,1
79,666,104,3,0
79,670,104,3,0
79,681,104,3,0
79,693,80,2,1
80,647,81,2,1
80,662,81,2,1
80,670,105,3,0
80,681,105,3,0
80,693,81,2,1
80,709,105,3,0
81,629,106,3,0
81,633,82,2,1
81,647,82,2,1
81,652,106,3,0
81,660,56,0,3
81,662,82,2,1
81,670,106,3,0
81,681,106,3,0
81,687,106,3,0
81,693,82,2,1
81,709,106,3,0
82,629,107,3,0
82,633,83,2,1
82,644,83,2,1
82,647,83,2,1
82,660,57,0,3
82,662,83,2,1
82,670,107,3,0
82,681,107,3,0
82,693,83,2,1
82,709,107,3,0
83,629,108,3,0
83,633,84,2,1
83,644,84,2,1
83,647,84,2,1
83,660,58,0,3
83,662,84,2,1
83,664,108,3,0
83,670,108,3,0
83,681,108,3,0
83,693,84,2,1
83,709,108,3,0
84,647,59,0,3
84,662,59,0,3
84,670,109,3,0
84,681,109,3,0
84,693,59,0,3
85,629,84,1,2
85,633,110,3,0
85,644,110,3,0
85,647,60,0,3
85,660,84,1,2
85,662,60,0,3
85,664,84,1,2
85,670,84,1,2
85,681,84,1,2
85,693,60,0,3
85,709,84,1,2
86,629,85,1,2
86,633,111,3,0
86,644,111,3,0
86,647,61,0,3
86,660,85,1,2
86,662,61,0,3
86,670,85,1,2
86,681,85,1,2
86,693,61,0,3
86,709,85,1,2
87,629,86,1,2
87,633,112,3,0
87,647,62,0,3
87,660,86,1,2
87,662,62,0,3
87,670,86,1,2
87,681,86,1,2
87,687,86,1,2
87,689,86,1,2
87,693,62,0,3
87,709,86,1,2
88,647,63,0,3
88,662,63,0,3
88,670,87,1,2
88,681,87,1,2
88,693,63,0,3
89,662,64,0,3
89,670,88,1,2
89,681,88,1,2
89,693,64,0,3
90,670,89,1,2
91,662,66,0,3
91,670,92,2,1
91,681,92,2,1
92,647,67,0,3
92,662,67,0,3
92,666,93,2,1
92,670,93,2,1
92,681,93,2,1
92,693,67,0,3
93,629,94,2,1
93,647,68,0,3
93,662,68,0,3
93,670,94,2,1
93,681,94,2,1
93,693,68,0,3
93,709,94,2,1
94,629,95,2,1
94,633,119,3,0
94,647,69,0,3
94,652,95,2,1
94,660,95,2,1
94,662,69,0,3
94,670,95,2,1
94,681,95,2,1
94,689,93,1,2
94,693,69,0,3
94,709,95,2,1
95,629,96,2,1
95,633,120,3,0
95,644,120,3,0
95,647,70,0,3
95,660,96,2,1
95,662,70,0,3
95,670,96,2,1
95,681,96,2,1
95,693,70,0,3
95,709,96,2,1
96,647,71,0,3
96,662,71,0,3
96,670,121,3,0
96,681,121,3,0
96,693,71,0,3
97,629,122,3,0
97,633,96,1,2
97,644,96,1,2
97,647,96,1,2
97,660,72,0,3
97,662,96,1,2
97,664,122,3,0
97,670,122,3,0
97,681,122,3,0
97,693,96,1,2
97,709,122,3,0
98,629,123,3,0
98,633,97,1,2
98,644,97,1,2
98,647,97,1,2
98,660,73,0,3
98,662,97,1,2
98,670,123,3,0
98,681,123,3,0
98,693,97,1,2
98,709,123,3,0
99,629,124,3,0
99,633,98,1,2
99,647,98,1,2
99,652,124,3,0
99,660,74,0,3
99,662,98,1,2
99,670,124,3,0
99,681,124,3,0
99,689,75,2,3
99,693,98,1,2
99,709,124,3,0
100,629,125,2,0
100,647,124,3,2
100,662,124,3,2
100,670,125,2,0
100,681,125,2,0
100,687,125,2,0
100,693,124,3,2
100,709,125,2,0
101,647,100,1,1
101,662,100,1,1
101,666,126,3,0
101,670,126,3,0
101,681,126,3,0
101,693,100,1,1
102,662,101,1,2
102,670,127,3,0
102,681,127,3,0
103,670,128,3,0
104,662,105,2,1
104,666,129,3,0
104,670,129,3,0
104,681,129,3,0
104,693,105,2,1
105,647,106,2,1
105,662,106,2,1
105,670,130,3,0
105,681,130,3,0
105,693,106,2,1
105,709,130,3,0
106,629,131,3,0
106,633,107,2,1
106,647,107,2,1
106,652,131,3,0
106,660,81,0,3
106,662,107,2,1
106,670,131,3,0
106,681,131,3,0
106,687,131,3,0
106,693,107,2,1
106,709,131,3,0
107,629,132,3,0
107,633,108,2,1
107,644,108,2,1
107,647,108,2,1
107,660,82,0,3
107,662,108,2,1
107,670,132,3,0
107,681,132,3,0
107,693,108,2,1
107,709,132,3,0
108,629,133,3,0
108,633,109,2,1
108,644,109,2,1
108,647,109,2,1
108,660,83,0,3
108,662,109,2,1
108,664,133,3,0
108,670,133,3,0
108,681,133,3,0
108,693,109,2,1
108,709,133,3,0
109,647,84,0,3
109,662,84,0,3
109,664,134,3,0
109,670,134,3,0
109,681,134,3,0
109,693,84,0,3
110,629,109,1,2
110,633,135,3,0
110,644,135,3,0
110,647,85,0,3
110,660,109,1,2
110,662,85,0,3
110,664,109,1,2
110,670,109,1,2
110,681,109,1,2
110,693,85,0,3
110,709,109,1,2
111,629,110,1,2
111,633,136,3,0
111,644,136,3,0
111,647,86,0,3
111,660,110,1,2
111,662,86,0,3
111,670,110,1,2
111,681,110,1,2
111,693,86,0,3
111,709,110,1,2
112,629,111,1,2
112,633,137,3,0
112,647,87,0,3
112,660,111,1,2
112,662,87,0,3
112,670,111,1,2
112,681,111,1,2
112,687,111,1,2
112,689,111,1,2
112,693,87,0,3
112,709,111,1,2
113,647,88,0,3
113,662,88,0,3
113,670,112,1,2
113,681,112,1,2
113,693,88,0,3
114,662,89,0,3
114,670,113,1,2
114,681,113,1,2
114,693,89,0,3
115,670,114,1,2
116,662,91,0,3
116,670,117,2,1
116,681,117,2,1
117,647,92,0,3
117,662,92,0,3
117,666,118,2,1
117,670,118,2,1
117,681,118,2,1
117,693,92,0,3
118,629,119,2,1
118,647,93,0,3
118,662,93,0,3
118,670,119,2,1
118,681,119,2,1
118,693,93,0,3
118,709,119,2,1
119,629,120,2,1
119,633,144,3,0
119,647,94,0,3
119,652,120,2,1
119,660,120,2,1
119,662,94,0,3
119,670,120,2,1
119,681,120,2,1
119,689,118,1,2
119,693,94,0,3
119,709,120,2,1
120,629,121,2,1
120,633,145,3,0
120,644,145,3,0
120,647,95,0,3
120,660,121,2,1
120,662,95,0,3
120,670,121,2,1
120,681,121,2,1
120,693,95,0,3
120,709,121,2,1
121,647,96,0,3
121,662,96,0,3
121,664,146,3,0
121,670,146,3,0
121,681,146,3,0
121,693,96,0,3
122,629,147,3,0
122,633,121,1,2
122,644,121,1,2
122,647,121,1,2
122,660,97,0,3
122,662,121,1,2
122,664,147,3,0
122,670,147,3,0
122,681,147,3,0
122,693,121,1,2
122,709,147,3,0
123,629,148,3,0
123,633,122,1,2
123,644,122,1,2
123,647,122,1,2
123,660,98,0,3
123,662,122,1,2
123,670,148,3,0
123,681,148,3,0
123,693,122,1,2
123,709,148,3,0
124,629,149,3,0
124,633,123,1,2
124,647,123,1,2
124,652,149,3,0
124,660,99,0,3
124,662,123,1,2
124,670,149,3,0
124,681,149,3,0
124,689,100,2,3
124,693,123,1,2
124,709,149,3,0
125,629,629,8,0
125,647,149,3,2
125,662,149,3,2
125,670,150,2,0
125,681,150,2,0
125,687,150,2,0
125,693,149,3,2
125,709,150,2,0
126,647,125,1,1
126,662,125,1,1
126,666,151,3,0
126,670,151,3,0
126,681,151,3,0
126,693,125,1,1
127,662,126,1,2
127,670,152,3,0
127,681,152,3,0
128,670,153,3,0
129,662,130,2,1
129,666,154,3,0
129,670,154,3,0
129,681,154,3,0
129,693,130,2,1
130,647,131,2,1
130,662,131,2,1
130,670,155,3,0
130,681,155,3,0
130,693,131,2,1
130,709,155,3,0
131,629,130,1,2
131,633,132,2,1
131,647,132,2,1
131,652,156,3,0
131,660,106,0,3
131,662,132,2,1
131,670,156,3,0
131,681,156,3,0
131,687,156,3,0
131,693,132,2,1
131,709,156,3,0
132,629,131,1,2
132,633,133,2,1
132,644,133,2,1
132,647,133,2,1
132,660,107,0,3
132,662,133,2,1
132,670,157,3,0
132,681,157,3,0
132,693,133,2,1
132,709,157,3,0
133,629,132,1,2
133,633,134,2,1
133,644,134,2,1
133,647,134,2,1
133,660,108,0,3
133,662,134,2,1
133,664,158,3,0
133,670,158,3,0
133,681,158,3,0
133,693,134,2,1
133,709,158,3,0
134,629,133,1,2
134,647,109,0,3
134,649,135,2,1
134,660,109,0,3
134,662,159,3,0
134,664,159,3,0
134,668,159,3,0
134,670,159,3,0
134,681,159,3,0
134,693,109,0,3
134,709,159,3,0
135,629,134,1,2
135,633,160,3,0
135,644,160,3,0
135,647,110,0,3
135,649,136,2,1
135,660,134,1,2
135,662,160,3,0
135,664,134,1,2
135,668,160,3,0
135,670,134,1,2
135,681,134,1,2
135,693,110,0,3
135,709,134,1,2
136,629,135,1,2
136,633,161,3,0
136,644,161,3,0
136,647,111,0,3
136,649,137,2,1
136,660,135,1,2
136,662,161,3,0
136,668,161,3,0
136,670,135,1,2
136,681,135,1,2
136,693,111,0,3
136,709,135,1,2
137,629,136,1,2
137,633,162,3,0
137,647,112,0,3
137,649,649,28,0
137,660,136,1,2
137,662,162,3,0
137,668,162,3,0
137,670,136,1,2
137,681,136,1,2
137,687,136,1,2
137,689,136,1,2
137,693,112,0,3
137,709,136,1,2
138,647,113,0,3
138,662,163,3,0
138,668,163,3,0
138,670,137,1,2
138,681,137,1,2
138,693,113,0,3
139,662,164,3,0
139,668,164,3,0
139,670,138,1,2
139,681,138,1,2
139,693,114,0,3
140,670,139,1,2
141,662,166,3,0
141,668,166,3,0
141,670,142,2,1
141,681,142,2,1
142,647,117,0,3
142,662,167,3,0
142,666,143,2,1
142,668,167,3,0
142,670,143,2,1
142,681,143,2,1
142,693,117,0,3
143,629,144,2,1
143,647,118,0,3
143,662,168,3,0
143,668,168,3,0
143,670,144,2,1
143,681,144,2,1
143,693,118,0,3
143,709,144,2,1
144,629,145,2,1
144,633,169,3,0
144,647,119,0,3
144,649,143,1,2
144,652,145,2,1
144,660,145,2,1
144,662,169,3,0
144,668,169,3,0
144,670,145,2,1
144,681,145,2,1
144,689,143,1,2
144,693,119,0,3
144,709,145,2,1
145,629,146,2,1
145,633,170,3,0
145,644,170,3,0
145,647,120,0,3
145,649,144,1,2
145,660,146,2,1
145,662,170,3,0
145,668,170,3,0
145,670,146,2,1
145,681,146,2,1
145,693,120,0,3
145,709,146,2,1
146,629,147,2,1
146,647,121,0,3
146,649,145,1,2
146,660,121,0,3
146,662,171,3,0
146,664,171,3,0
146,668,171,3,0
146,670,171,3,0
146,681,171,3,0
146,693,121,0,3
146,709,171,3,0
147,629,148,2,1
147,633,146,1,2
147,644,146,1,2
147,647,146,1,2
147,660,122,0,3
147,662,146,1,2
147,664,172,3,0
147,670,172,3,0
147,681,172,3,0
147,693,146,1,2
147,709,172,3,0
148,629,149,2,1
148,633,147,1,2
148,644,147,1,2
148,647,147,1,2
148,660,123,0,3
148,662,147,1,2
148,670,173,3,0
148,681,173,3,0
148,693,147,1,2
148,709,173,3,0
149,629,125,2,3
149,633,148,1,2
149,647,148,1,2
149,652,174,3,0
149,660,124,0,3
149,662,148,1,2
149,670,174,3,0
149,681,174,3,0
149,689,125,2,3
149,693,148,1,2
149,709,174,3,0
150,629,125,0,2
150,647,174,3,2
150,662,174,3,2
150,670,175,2,0
150,681,175,2,0
150,687,687,66,0
150,693,174,3,2
150,709,175,2,0
151,647,150,1,1
151,662,150,1,1
151,666,176,3,0
151,670,176,3,0
151,681,176,3,0
151,693,150,1,1
152,662,151,1,2
152,670,177,3,0
152,681,177,3,0
153,670,178,3,0
154,662,155,2,1
154,666,179,3,0
154,670,179,3,0
154,681,179,3,0
154,693,155,2,1
155,647,156,2,1
155,662,156,2,1
155,670,180,3,0
155,681,180,3,0
155,693,156,2,1
155,709,180,3,0
156,629,131,0,3
156,633,157,2,1
156,647,157,2,1
156,652,181,3,0
156,660,131,0,3
156,662,157,2,1
156,670,181,3,0
156,681,181,3,0
156,693,157,2,1
156,709,181,3,0
157,629,132,0,3
157,633,158,2,1
157,644,158,2,1
157,647,158,2,1
157,660,132,0,3
157,662,158,2,1
157,670,182,3,0
157,681,182,3,0
157,687,156,1,2
157,693,158,2,1
157,709,182,3,0
158,629,133,0,3
158,633,159,2,1
158,644,159,2,1
158,647,159,2,1
158,660,133,0,3
158,662,159,2,1
158,664,183,3,0
158,670,183,3,0
158,681,183,3,0
158,687,157,1,2
158,693,159,2,1
158,709,183,3,0
159,629,134,0,3
159,633,160,2,1
159,647,134,0,3
159,649,134,0,3
159,660,134,0,3
159,662,184,3,0
159,664,184,3,0
159,670,184,3,0
159,681,184,3,0
159,687,158,1,2
159,693,134,0,3
159,709,184,3,0
160,629,159,1,2
160,633,161,2,1
160,644,185,3,0
160,647,135,0,3
160,649,135,0,3
160,660,159,1,2
160,662,185,3,0
160,664,159,1,2
160,670,159,1,2
160,681,159,1,2
160,693,135,0,3
160,709,159,1,2
161,629,160,1,2
161,633,162,2,1
161,644,186,3,0
161,647,136,0,3
161,649,136,0,3
161,660,160,1,2
161,662,186,3,0
161,670,160,1,2
161,681,160,1,2
161,693,136,0,3
161,709,160,1,2
162,629,161,1,2
162,633,633,12,0
162,647,137,0,3
162,649,137,0,3
162,660,161,1,2
162,662,187,3,0
162,670,161,1,2
162,681,161,1,2
162,687,161,1,2
162,689,161,1,2
162,693,137,0,3
162,709,161,1,2
163,647,138,0,3
163,662,188,3,0
163,670,162,1,2
163,681,162,1,2
163,693,138,0,3
164,662,189,3,0
164,670,163,1,2
164,681,163,1,2
164,693,139,0,3
165,670,164,1,2
166,662,191,3,0
166,670,167,2,1
166,681,167,2,1
167,647,142,0,3
167,662,192,3,0
167,666,168,2,1
167,670,168,2,1
167,681,168,2,1
167,693,142,0,3
168,629,169,2,1
168,647,143,0,3
168,662,193,3,0
168,670,169,2,1
168,681,169,2,1
168,693,143,0,3
168,709,169,2,1
169,629,170,2,1
169,633,168,1,2
169,647,144,0,3
169,649,144,0,3
169,652,170,2,1
169,660,170,2,1
169,662,194,3,0
169,670,170,2,1
169,681,170,2,1
169,689,168,1,2
169,693,144,0,3
169,709,170,2,1
170,629,171,2,1
170,633,169,1,2
170,644,195,3,0
170,647,145,0,3
170,649,145,0,3
170,660,171,2,1
170,662,195,3,0
170,670,171,2,1
170,681,171,2,1
170,693,145,0,3
170,709,171,2,1
171,629,146,0,3
171,633,170,1,2
171,647,146,0,3
171,649,146,0,3
171,660,146,0,3
171,662,196,3,0
171,664,196,3,0
171,670,196,3,0
171,681,196,3,0
171,687,172,2,1
171,693,146,0,3
171,709,196,3,0
172,629,147,0,3
172,633,171,1,2
172,644,171,1,2
172,647,171,1,2
172,660,147,0,3
172,662,171,1,2
172,664,197,3,0
172,670,197,3,0
172,681,197,3,0
172,687,173,2,1
172,693,171,1,2
172,709,197,3,0
173,629,148,0,3
173,633,172,1,2
173,644,172,1,2
173,647,172,1,2
173,660,148,0,3
173,662,172,1,2
173,670,198,3,0
173,681,198,3,0
173,687,174,2,1
173,693,172,1,2
173,709,198,3,0
174,629,149,0,3
174,633,173,1,2
174,647,173,1,2
174,652,199,3,0
174,660,149,0,3
174,662,173,1,2
174,670,199,3,0
174,681,199,3,0
174,687,150,2,3
174,689,150,2,3
174,693,173,1,2
174,709,199,3,0
175,629,150,0,2
175,647,199,3,2
175,662,199,3,2
175,670,200,2,0
175,681,200,2,0
175,687,150,0,2
175,693,199,3,2
175,709,200,2,0
176,647,175,1,1
176,662,175,1,1
176,666,201,3,0
176,670,201,3,0
176,681,201,3,0
176,693,175,1,1
177,662,176,1,2
177,670,202,3,0
177,681,202,3,0
178,670,203,3,0
179,662,180,2,1
179,666,204,3,0
179,670,204,3,0
179,681,204,3,0
179,693,180,2,1
180,647,181,2,1
180,662,181,2,1
180,670,205,3,0
180,681,205,3,0
180,693,181,2,1
180,709,205,3,0
181,629,156,0,3
181,633,182,2,1
181,647,182,2,1
181,652,206,3,0
181,660,156,0,3
181,662,182,2,1
181,670,206,3,0
181,681,206,3,0
181,687,156,0,3
181,693,182,2,1
181,709,206,3,0
182,629,157,0,3
182,633,183,2,1
182,644,183,2,1
182,647,183,2,1
182,660,157,0,3
182,662,183,2,1
182,670,207,3,0
182,681,207,3,0
182,687,157,0,3
182,693,183,2,1
182,709,207,3,0
183,629,158,0,3
183,633,184,2,1
183,644,184,2,1
183,647,184,2,1
183,660,158,0,3
183,662,184,2,1
183,664,664,43,0
183,670,208,3,0
183,681,208,3,0
183,687,158,0,3
183,693,184,2,1
183,709,208,3,0
184,629,159,0,3
184,633,159,0,3
184,647,159,0,3
184,660,159,0,3
184,662,209,3,0
184,664,183,1,2
184,670,209,3,0
184,681,209,3,0
184,687,159,0,3
184,693,159,0,3
184,709,209,3,0
185,629,184,1,2
185,633,160,0,3
185,644,210,3,0
185,647,160,0,3
185,660,184,1,2
185,662,210,3,0
185,664,184,1,2
185,670,184,1,2
185,681,184,1,2
185,693,160,0,3
185,709,184,1,2
186,629,185,1,2
186,633,161,0,3
186,644,211,3,0
186,647,161,0,3
186,660,185,1,2
186,662,211,3,0
186,670,185,1,2
186,681,185,1,2
186,693,161,0,3
186,709,185,1,2
187,629,186,1,2
187,633,162,0,3
187,647,162,0,3
187,660,186,1,2
187,662,212,3,0
187,670,186,1,2
187,681,186,1,2
187,687,186,1,2
187,689,186,1,2
187,693,162,0,3
187,709,186,1,2
188,647,163,0,3
188,662,213,3,0
188,670,187,1,2
188,681,187,1,2
188,693,163,0,3
189,662,214,3,0
189,670,188,1,2
189,681,188,1,2
189,693,164,0,3
190,670,189,1,2
191,662,216,3,0
191,670,192,2,1
191,681,192,2,1
192,647,167,0,3
192,662,217,3,0
192,666,193,2,1
192,670,193,2,1
192,681,193,2,1
192,693,167,0,3
193,629,194,2,1
193,647,168,0,3
193,662,218,3,0
193,670,194,2,1
193,681,194,2,1
193,693,168,0,3
193,709,194,2,1
194,629,195,2,1
194,633,169,0,3
194,647,169,0,3
194,652,195,2,1
194,660,195,2,1
194,662,219,3,0
194,670,195,2,1
194,681,195,2,1
194,689,193,1,2
194,693,169,0,3
194,709,195,2,1
195,629,196,2,1
195,633,170,0,3
195,644,220,3,0
195,647,170,0,3
195,660,196,2,1
195,662,220,3,0
195,670,196,2,1
195,681,196,2,1
195,693,170,0,3
195,709,196,2,1
196,629,171,0,3
196,633,171,0,3
196,647,171,0,3
196,660,171,0,3
196,662,221,3,0
196,664,197,2,1
196,670,221,3,0
196,681,221,3,0
196,687,171,0,3
196,693,171,0,3
196,709,221,3,0
197,629,172,0,3
197,633,196,1,2
197,644,196,1,2
197,647,196,1,2
197,660,172,0,3
197,662,196,1,2
197,664,198,2,1
197,670,222,3,0
197,681,222,3,0
197,687,172,0,3
197,693,196,1,2
197,709,222,3,0
198,629,173,0,3
198,633,197,1,2
198,644,197,1,2
198,647,197,1,2
198,660,173,0,3
198,662,197,1,2
198,670,223,3,0
198,681,223,3,0
198,687,173,0,3
198,693,197,1,2
198,709,223,3,0
199,629,174,0,3
199,633,198,1,2
199,647,198,1,2
199,652,224,3,0
199,660,174,0,3
199,662,198,1,2
199,670,224,3,0
199,681,224,3,0
199,687,174,0,3
199,689,175,2,3
199,693,198,1,2
199,709,224,3,0
200,629,175,0,2
200,647,224,3,2
200,662,224,3,2
200,670,225,2,0
200,681,225,2,0
200,687,175,0,2
200,693,224,3,2
200,709,225,2,0
201,647,200,1,1
201,662,200,1,1
201,666,226,3,0
201,670,226,3,0
201,681,226,3,0
201,693,200,1,1
202,662,201,1,2
202,670,227,3,0
202,681,227,3,0
203,670,228,3,0
204,662,205,2,1
204,666,229,3,0
204,670,229,3,0
204,681,229,3,0
204,693,205,2,1
205,647,206,2,1
205,662,206,2,1
205,670,230,3,0
205,681,230,3,0
205,693,206,2,1
205,709,230,3,0
206,629,181,0,3
206,633,207,2,1
206,647,207,2,1
206,652,231,3,0
206,660,181,0,3
206,662,207,2,1
206,670,231,3,0
206,681,231,3,0
206,687,181,0,3
206,693,207,2,1
206,709,231,3,0
207,629,182,0,3
207,633,208,2,1
207,644,208,2,1
207,647,208,2,1
207,660,182,0,3
207,662,208,2,1
207,670,232,3,0
207,681,232,3,0
207,693,208,2,1
207,709,232,3,0
208,629,183,0,3
208,633,209,2,1
208,644,209,2,1
208,647,209,2,1
208,660,183,0,3
208,662,209,2,1
208,664,183,0,3
208,670,233,3,0
208,681,233,3,0
208,693,209,2,1
208,709,233,3,0
209,629,184,0,3
209,633,184,0,3
209,647,184,0,3
209,660,184,0,3
209,662,234,3,0
209,670,234,3,0
209,681,234,3,0
209,693,184,0,3
209,709,234,3,0
210,629,209,1,2
210,633,185,0,3
210,644,235,3,0
210,647,185,0,3
210,660,209,1,2
210,662,235,3,0
210,664,209,1,2
210,670,209,1,2
210,681,209,1,2
210,693,185,0,3
210,709,209,1,2
211,629,210,1,2
211,633,186,0,3
211,644,236,3,0
211,647,186,0,3
211,660,210,1,2
211,662,236,3,0
211,670,210,1,2
211,681,210,1,2
211,693,186,0,3
211,709,210,1,2
212,629,211,1,2
212,633,187,0,3
212,647,187,0,3
212,660,211,1,2
212,662,237,3,0
212,670,211,1,2
212,681,211,1,2
212,687,211,1,2
212,689,211,1,2
212,693,187,0,3
212,709,211,1,2
213,647,188,0,3
213,662,238,3,0
213,670,212,1,2
213,681,212,1,2
213,693,188,0,3
214,662,239,3,0
214,670,213,1,2
214,681,213,1,2
214,693,189,0,3
215,670,214,1,2
216,662,241,3,0
216,670,217,2,1
216,681,217,2,1
217,647,192,0,3
217,662,242,3,0
217,666,218,2,1
217,670,218,2,1
217,681,218,2,1
217,693,192,0,3
218,629,219,2,1
218,647,193,0,3
218,662,243,3,0
218,670,219,2,1
218,681,219,2,1
218,693,193,0,3
218,709,219,2,1
219,629,220,2,1
219,633,194,0,3
219,647,194,0,3
219,652,220,2,1
219,660,220,2,1
219,662,244,3,0
219,670,220,2,1
219,681,220,2,1
219,689,218,1,2
219,693,194,0,3
219,709,220,2,1
220,629,221,2,1
220,633,195,0,3
220,644,245,3,0
220,647,195,0,3
220,660,221,2,1
220,662,245,3,0
220,670,221,2,1
220,681,221,2,1
220,693,195,0,3
220,709,221,2,1
221,629,196,0,3
221,633,196,0,3
221,647,196,0,3
221,660,196,0,3
221,662,246,3,0
221,670,246,3,0
221,681,246,3,0
221,693,196,0,3
221,709,246,3,0
222,629,197,0,3
222,633,221,1,2
222,644,221,1,2
222,647,221,1,2
222,660,197,0,3
222,662,221,1,2
222,664,197,0,3
222,670,247,3,0
222,681,247,3,0
222,693,221,1,2
222,709,247,3,0
223,629,198,0,3
223,633,222,1,2
223,644,222,1,2
223,647,222,1,2
223,660,198,0,3
223,662,222,1,2
223,670,248,3,0
223,681,248,3,0
223,693,222,1,2
223,709,248,3,0
224,629,199,0,3
224,633,223,1,2
224,647,223,1,2
224,652,249,3,0
224,660,199,0,3
224,662,223,1,2
224,670,249,3,0
224,681,249,3,0
224,689,200,2,3
224,693,223,1,2
224,709,249,3,0
225,629,200,0,2
225,647,249,3,2
225,662,249,3,2
225,670,250,2,0
225,681,250,2,0
225,687,200,0,2
225,693,249,3,2
225,709,250,2,0
226,647,225,1,1
226,662,225,1,1
226,666,251,3,0
226,670,251,3,0
226,681,251,3,0
226,693,225,1,1
227,662,226,1,2
227,670,252,3,0
227,681,252,3,0
228,670,253,3,0
229,662,230,2,1
229,666,254,3,0
229,670,254,3,0
229,681,254,3,0
229,693,230,2,1
230,647,231,2,1
230,662,231,2,1
230,670,255,3,0
230,681,255,3,0
230,693,231,2,1
230,709,255,3,0
231,629,206,0,3
231,633,232,2,1
231,647,232,2,1
231,652,256,3,0
231,660,206,0,3
231,662,232,2,1
231,670,256,3,0
231,681,256,3,0
231,687,206,0,3
231,693,232,2,1
231,709,256,3,0
232,629,207,0,3
232,633,233,2,1
232,644,233,2,1
232,647,233,2,1
232,660,207,0,3
232,662,233,2,1
232,670,257,3,0
232,681,257,3,0
232,693,233,2,1
232,709,257,3,0
233,629,208,0,3
233,633,234,2,1
233,644,234,2,1
233,647,234,2,1
233,660,208,0,3
233,662,234,2,1
233,664,208,0,3
233,670,258,3,0
233,681,258,3,0
233,693,234,2,1
233,709,258,3,0
234,629,209,0,3
234,633,209,0,3
234,644,235,2,1
234,660,209,0,3
234,662,259,3,0
234,670,259,3,0
234,681,259,3,0
234,693,209,0,3
234,709,259,3,0
235,629,234,1,2
235,633,210,0,3
235,644,236,2,1
235,647,260,3,0
235,660,234,1,2
235,662,260,3,0
235,664,234,1,2
235,670,234,1,2
235,681,234,1,2
235,693,210,0,3
235,709,234,1,2
236,629,235,1,2
236,633,211,0,3
236,644,644,23,0
236,647,261,3,0
236,660,235,1,2
236,662,261,3,0
236,670,235,1,2
236,681,235,1,2
236,693,211,0,3
236,709,235,1,2
237,629,236,1,2
237,633,212,0,3
237,647,262,3,0
237,660,236,1,2
237,662,262,3,0
237,670,236,1,2
237,681,236,1,2
237,687,236,1,2
237,689,236,1,2
237,693,212,0,3
237,709,236,1,2
238,647,263,3,0
238,662,263,3,0
238,670,237,1,2
238,681,237,1,2
238,693,213,0,3
239,662,264,3,0
239,670,238,1,2
239,681,238,1,2
239,693,214,0,3
240,670,239,1,2
241,662,266,3,0
241,670,242,2,1
241,681,242,2,1
242,647,267,3,0
242,662,267,3,0
242,666,243,2,1
242,670,243,2,1
242,681,243,2,1
242,693,217,0,3
243,629,244,2,1
243,647,268,3,0
243,662,268,3,0
243,670,244,2,1
243,681,244,2,1
243,693,218,0,3
243,709,244,2,1
244,629,245,2,1
244,633,219,0,3
244,647,269,3,0
244,652,245,2,1
244,660,245,2,1
244,662,269,3,0
244,670,245,2,1
244,681,245,2,1
244,689,243,1,2
244,693,219,0,3
244,709,245,2,1
245,629,246,2,1
245,633,220,0,3
245,644,244,1,2
245,647,270,3,0
245,660,246,2,1
245,662,270,3,0
245,670,246,2,1
245,681,246,2,1
245,693,220,0,3
245,709,246,2,1
246,629,221,0,3
246,633,221,0,3
246,644,245,1,2
246,660,221,0,3
246,662,271,3,0
246,670,271,3,0
246,681,271,3,0
246,693,221,0,3
246,709,271,3,0
247,629,222,0,3
247,633,246,1,2
247,644,246,1,2
247,647,246,1,2
247,660,222,0,3
247,662,246,1,2
247,664,222,0,3
247,670,272,3,0
247,681,272,3,0
247,693,246,1,2
247,709,272,3,0
248,629,223,0,3
248,633,247,1,2
248,644,247,1,2
248,647,247,1,2
248,660,223,0,3
248,662,247,1,2
248,670,273,3,0
248,681,273,3,0
248,693,247,1,2
248,709,273,3,0
249,629,224,0,3
249,633,248,1,2
249,647,248,1,2
249,652,274,3,0
249,660,224,0,3
249,662,248,1,2
249,670,274,3,0
249,681,274,3,0
249,689,225,2,3
249,693,248,1,2
249,709,274,3,0
250,629,225,0,2
250,647,274,3,2
250,662,274,3,2
250,670,251,1,1
250,681,275,2,0
250,687,225,0,2
250,693,274,3,2
250,709,275,2,0
251,647,250,1,1
251,662,250,1,1
251,666,276,3,0
251,670,252,2,1
251,681,276,3,0
251,693,250,1,1
252,662,251,1,2
252,670,253,2,1
252,681,277,3,0
253,670,670,49,0
254,662,255,2,1
254,666,279,3,0
254,670,253,1,2
254,681,279,3,0
254,693,255,2,1
255,647,256,2,1
255,662,256,2,1
255,670,254,1,2
255,681,280,3,0
255,693,256,2,1
255,709,280,3,0
256,629,231,0,3
256,633,257,2,1
256,647,257,2,1
256,652,281,3,0
256,660,231,0,3
256,662,257,2,1
256,670,255,1,2
256,681,281,3,0
256,687,231,0,3
256,693,257,2,1
256,709,281,3,0
257,629,232,0,3
257,633,258,2,1
257,644,258,2,1
257,647,258,2,1
257,660,232,0,3
257,662,258,2,1
257,670,256,1,2
257,681,282,3,0
257,693,258,2,1
257,709,282,3,0
258,629,233,0,3
258,633,259,2,1
258,644,259,2,1
258,647,259,2,1
258,660,233,0,3
258,662,259,2,1
258,664,233,0,3
258,670,257,1,2
258,681,283,3,0
258,693,259,2,1
258,709,283,3,0
259,629,234,0,3
259,633,234,0,3
259,644,234,0,3
259,660,234,0,3
259,662,284,3,0
259,670,258,1,2
259,693,234,0,3
259,709,284,3,0
260,629,259,1,2
260,633,235,0,3
260,644,235,0,3
260,647,285,3,0
260,660,259,1,2
260,662,285,3,0
260,664,259,1,2
260,670,259,1,2
260,681,259,1,2
260,693,235,0,3
260,709,259,1,2
261,629,260,1,2
261,633,236,0,3
261,644,236,0,3
261,647,286,3,0
261,660,260,1,2
261,662,286,3,0
261,670,260,1,2
261,681,260,1,2
261,693,236,0,3
261,709,260,1,2
262,629,261,1,2
262,633,237,0,3
262,647,287,3,0
262,660,261,1,2
262,662,287,3,0
262,670,261,1,2
262,681,261,1,2
262,687,261,1,2
262,689,261,1,2
262,693,237,0,3
262,709,261,1,2
263,647,288,3,0
263,662,288,3,0
263,670,262,1,2
263,681,262,1,2
263,693,238,0,3
264,662,289,3,0
264,670,263,1,2
264,681,263,1,2
264,693,239,0,3
265,670,264,1,2
266,662,291,3,0
266,670,267,2,1
266,681,267,2,1
267,647,292,3,0
267,662,292,3,0
267,666,268,2,1
267,670,268,2,1
267,681,268,2,1
267,693,242,0,3
268,629,269,2,1
268,647,293,3,0
268,662,293,3,0
268,670,269,2,1
268,681,269,2,1
268,693,243,0,3
268,709,269,2,1
269,629,270,2,1
269,633,244,0,3
269,647,294,3,0
269,652,270,2,1
269,660,270,2,1
269,662,294,3,0
269,670,270,2,1
269,681,270,2,1
269,689,268,1,2
269,693,244,0,3
269,709,270,2,1
270,629,271,2,1
270,633,245,0,3
270,644,245,0,3
270,647,295,3,0
270,660,271,2,1
270,662,295,3,0
270,670,271,2,1
270,681,271,2,1
270,693,245,0,3
270,709,271,2,1
271,629,246,0,3
271,633,246,0,3
271,644,246,0,3
271,660,246,0,3
271,662,296,3,0
271,670,272,2,1
271,693,246,0,3
271,709,296,3,0
272,629,247,0,3
272,633,271,1,2
272,644,271,1,2
272,647,271,1,2
272,660,247,0,3
272,662,271,1,2
272,664,247,0,3
272,670,273,2,1
272,681,297,3,0
272,693,271,1,2
272,709,297,3,0
273,629,248,0,3
273,633,272,1,2
273,644,272,1,2
273,647,272,1,2
273,660,248,0,3
273,662,272,1,2
273,670,274,2,1
273,681,298,3,0
273,693,272,1,2
273,709,298,3,0
274,629,249,0,3
274,633,273,1,2
274,647,273,1,2
274,652,299,3,0
274,660,249,0,3
274,662,273,1,2
274,670,250,2,3
274,681,299,3,0
274,689,250,2,3
274,693,273,1,2
274,709,299,3,0
275,629,250,0,2
275,647,299,3,2
275,662,299,3,2
275,670,250,0,2
275,681,276,1,1
275,687,250,0,2
275,693,299,3,2
275,709,300,2,0
276,647,275,1,1
276,662,275,1,1
276,666,301,3,0
276,670,251,0,3
276,681,277,2,1
276,693,275,1,1
277,662,276,1,2
277,670,252,0,3
277,681,681,60,0
278,670,253,0,3
279,662,280,2,1
279,666,304,3,0
279,670,254,0,3
279,681,278,1,2
279,693,280,2,1
280,647,281,2,1
280,662,281,2,1
280,670,255,0,3
280,681,279,1,2
280,693,281,2,1
280,709,305,3,0
281,629,256,0,3
281,633,282,2,1
281,647,282,2,1
281,652,306,3,0
281,660,256,0,3
281,662,282,2,1
281,670,256,0,3
281,681,280,1,2
281,687,256,0,3
281,693,282,2,1
281,709,306,3,0
282,629,257,0,3
282,633,283,2,1
282,644,283,2,1
282,647,283,2,1
282,660,257,0,3
282,662,283,2,1
282,670,257,0,3
282,681,281,1,2
282,693,283,2,1
282,709,307,3,0
283,629,258,0,3
283,633,284,2,1
283,644,284,2,1
283,647,284,2,1
283,660,258,0,3
283,662,284,2,1
283,664,258,0,3
283,670,258,0,3
283,681,282,1,2
283,693,284,2,1
283,709,308,3,0
284,629,259,0,3
284,633,259,0,3
284,644,259,0,3
284,647,309,3,0
284,660,259,0,3
284,662,309,3,0
284,670,259,0,3
284,681,283,1,2
284,689,259,0,3
284,693,259,0,3
284,709,309,3,0
285,629,284,1,2
285,633,260,0,3
285,644,260,0,3
285,647,310,3,0
285,660,284,1,2
285,662,310,3,0
285,664,284,1,2
285,670,284,1,2
285,681,284,1,2
285,689,260,0,3
285,693,260,0,3
285,709,284,1,2
286,629,285,1,2
286,633,261,0,3
286,644,261,0,3
286,647,311,3,0
286,660,285,1,2
286,662,311,3,0
286,670,285,1,2
286,681,285,1,2
286,689,261,0,3
286,693,261,0,3
286,709,285,1,2
287,629,286,1,2
287,633,262,0,3
287,647,312,3,0
287,660,286,1,2
287,662,312,3,0
287,670,286,1,2
287,681,286,1,2
287,687,286,1,2
287,689,286,1,2
287,693,262,0,3
287,709,286,1,2
288,647,313,3,0
288,662,313,3,0
288,670,287,1,2
288,681,287,1,2
288,693,263,0,3
289,662,314,3,0
289,670,288,1,2
289,681,288,1,2
289,693,264,0,3
290,670,289,1,2
291,662,316,3,0
291,670,292,2,1
291,681,292,2,1
292,647,317,3,0
292,662,317,3,0
292,666,293,2,1
292,670,293,2,1
292,681,293,2,1
292,693,267,0,3
293,629,294,2,1
293,647,318,3,0
293,662,318,3,0
293,670,294,2,1
293,681,294,2,1
293,693,268,0,3
293,709,294,2,1
294,629,295,2,1
294,633,269,0,3
294,647,319,3,0
294,652,295,2,1
294,660,295,2,1
294,662,319,3,0
294,670,295,2,1
294,681,295,2,1
294,689,293,1,2
294,693,269,0,3
294,709,295,2,1
295,629,296,2,1
295,633,270,0,3
295,644,270,0,3
295,647,320,3,0
295,660,296,2,1
295,662,320,3,0
295,670,296,2,1
295,681,296,2,1
295,689,270,0,3
295,693,270,0,3
295,709,296,2,1
296,629,271,0,3
296,633,271,0,3
296,644,271,0,3
296,647,321,3,0
296,660,271,0,3
296,662,321,3,0
296,670,271,0,3
296,681,297,2,1
296,689,271,0,3
296,693,271,0,3
296,709,321,3,0
297,629,272,0,3
297,633,296,1,2
297,644,296,1,2
297,647,296,1,2
297,660,272,0,3
297,662,296,1,2
297,664,272,0,3
297,670,272,0,3
297,681,298,2,1
297,693,296,1,2
297,709,322,3,0
298,629,273,0,3
298,633,297,1,2
298,644,297,1,2
298,647,297,1,2
298,660,273,0,3
298,662,297,1,2
298,670,273,0,3
298,681,299,2,1
298,693,297,1,2
298,709,323,3,0
299,629,274,0,3
299,633,298,1,2
299,647,298,1,2
299,652,324,3,0
299,660,274,0,3
299,662,298,1,2
299,670,274,0,3
299,681,275,2,3
299,689,275,2,3
299,693,298,1,2
299,709,324,3,0
300,629,275,0,2
300,647,324,3,2
300,662,324,3,2
300,670,275,0,2
300,681,275,0,2
300,687,275,0,2
300,693,324,3,2
300,709,325,2,0
301,647,300,1,1
301,662,300,1,1
301,670,276,0,3
301,681,276,0,3
301,693,300,1,1
302,662,301,1,2
302,670,277,0,3
302,681,277,0,3
303,670,278,0,3
304,662,305,2,1
304,666,666,45,0
304,670,279,0,3
304,681,279,0,3
304,693,305,2,1
305,647,306,2,1
305,662,306,2,1
305,666,304,1,2
305,670,280,0,3
305,681,280,0,3
305,693,306,2,1
305,709,330,3,0
306,629,281,0,3
306,633,307,2,1
306,647,307,2,1
306,652,331,3,0
306,660,281,0,3
306,662,307,2,1
306,670,281,0,3
306,681,281,0,3
306,687,281,0,3
306,693,307,2,1
306,709,331,3,0
307,629,282,0,3
307,633,308,2,1
307,644,308,2,1
307,647,308,2,1
307,652,332,3,0
307,660,282,0,3
307,662,308,2,1
307,670,282,0,3
307,681,282,0,3
307,693,308,2,1
307,709,332,3,0
308,629,283,0,3
308,633,309,2,1
308,644,309,2,1
308,647,309,2,1
308,652,333,3,0
308,660,283,0,3
308,662,309,2,1
308,664,283,0,3
308,670,283,0,3
308,681,283,0,3
308,693,309,2,1
308,709,333,3,0
309,629,284,0,3
309,633,284,0,3
309,644,284,0,3
309,647,334,3,0
309,652,334,3,0
309,660,284,0,3
309,662,334,3,0
309,670,284,0,3
309,681,284,0,3
309,693,284,0,3
309,709,334,3,0
310,629,309,1,2
310,633,285,0,3
310,644,285,0,3
310,647,335,3,0
310,660,309,1,2
310,662,335,3,0
310,664,309,1,2
310,670,309,1,2
310,681,309,1,2
310,693,285,0,3
310,709,309,1,2
311,629,310,1,2
311,633,286,0,3
311,644,286,0,3
311,647,336,3,0
311,660,310,1,2
311,662,336,3,0
311,670,310,1,2
311,681,310,1,2
311,693,286,0,3
311,709,310,1,2
312,629,311,1,2
312,633,287,0,3
312,647,337,3,0
312,660,311,1,2
312,662,337,3,0
312,670,311,1,2
312,681,311,1,2
312,687,311,1,2
312,689,311,1,2
312,693,287,0,3
312,709,311,1,2
313,647,338,3,0
313,662,338,3,0
313,670,312,1,2
313,681,312,1,2
313,693,288,0,3
314,662,339,3,0
314,670,313,1,2
314,681,313,1,2
314,693,289,0,3
315,670,314,1,2
316,662,341,3,0
316,670,317,2,1
316,681,317,2,1
317,647,342,3,0
317,662,342,3,0
317,666,318,2,1
317,670,318,2,1
317,681,318,2,1
317,693,292,0,3
318,629,319,2,1
318,647,343,3,0
318,662,343,3,0
318,670,319,2,1
318,681,319,2,1
318,693,293,0,3
318,709,319,2,1
319,629,320,2,1
319,633,294,0,3
319,647,344,3,0
319,652,320,2,1
319,660,320,2,1
319,662,344,3,0
319,670,320,2,1
319,681,320,2,1
319,689,318,1,2
319,693,294,0,3
319,709,320,2,1
320,629,321,2,1
320,633,295,0,3
320,644,295,0,3
320,647,345,3,0
320,660,321,2,1
320,662,345,3,0
320,670,321,2,1
320,681,321,2,1
320,693,295,0,3
320,709,321,2,1
321,629,296,0,3
321,633,296,0,3
321,644,296,0,3
321,647,346,3,0
321,652,346,3,0
321,660,296,0,3
321,662,346,3,0
321,670,296,0,3
321,681,296,0,3
321,693,296,0,3
321,709,346,3,0
322,629,297,0,3
322,633,321,1,2
322,644,321,1,2
322,647,321,1,2
322,652,347,3,0
322,660,297,0,3
322,662,321,1,2
322,664,297,0,3
322,670,297,0,3
322,681,297,0,3
322,693,321,1,2
322,709,347,3,0
323,629,298,0,3
323,633,322,1,2
323,644,322,1,2
323,647,322,1,2
323,652,348,3,0
323,660,298,0,3
323,662,322,1,2
323,670,298,0,3
323,681,298,0,3
323,693,322,1,2
323,709,348,3,0
324,629,299,0,3
324,633,323,1,2
324,647,323,1,2
324,652,349,3,0
324,660,299,0,3
324,662,323,1,2
324,670,299,0,3
324,681,299,0,3
324,689,300,2,3
324,693,323,1,2
324,709,349,3,0
325,629,300,0,2
325,647,349,3,2
325,662,349,3,2
325,670,300,0,2
325,681,300,0,2
325,687,300,0,2
325,693,349,3,2
325,709,350,2,0
326,647,325,1,1
326,662,325,1,1
326,666,301,0,3
326,670,301,0,3
326,681,301,0,3
326,693,325,1,1
327,662,326,1,2
327,670,302,0,3
327,681,302,0,3
328,670,303,0,3
329,662,330,2,1
329,666,304,0,3
329,670,304,0,3
329,681,304,0,3
329,693,330,2,1
330,647,331,2,1
330,662,331,2,1
330,670,305,0,3
330,681,305,0,3
330,693,331,2,1
330,709,355,3,0
331,629,306,0,3
331,633,332,2,1
331,647,332,2,1
331,652,652,31,0
331,660,356,3,0
331,662,332,2,1
331,670,306,0,3
331,681,306,0,3
331,687,306,0,3
331,693,332,2,1
331,709,356,3,0
332,629,307,0,3
332,633,333,2,1
332,644,333,2,1
332,647,333,2,1
332,652,331,1,2
332,660,357,3,0
332,662,333,2,1
332,670,307,0,3
332,681,307,0,3
332,693,333,2,1
332,709,357,3,0
333,629,308,0,3
333,633,334,2,1
333,644,334,2,1
333,647,334,2,1
333,652,332,1,2
333,660,358,3,0
333,662,334,2,1
333,664,308,0,3
333,670,308,0,3
333,681,308,0,3
333,693,334,2,1
333,709,358,3,0
334,629,309,0,3
334,633,309,0,3
334,644,309,0,3
334,647,359,3,0
334,652,333,1,2
334,662,359,3,0
334,670,309,0,3
334,681,309,0,3
334,693,309,0,3
334,709,359,3,0
335,629,334,1,2
335,633,310,0,3
335,644,310,0,3
335,647,360,3,0
335,660,334,1,2
335,662,360,3,0
335,664,334,1,2
335,670,334,1,2
335,681,334,1,2
335,693,310,0,3
335,709,334,1,2
336,629,335,1,2
336,633,311,0,3
336,644,311,0,3
336,647,361,3,0
336,660,335,1,2
336,662,361,3,0
336,670,335,1,2
336,681,335,1,2
336,693,311,0,3
336,709,335,1,2
337,629,336,1,2
337,633,312,0,3
337,647,362,3,0
337,660,336,1,2
337,662,362,3,0
337,670,336,1,2
337,681,336,1,2
337,687,336,1,2
337,689,336,1,2
337,693,312,0,3
337,709,336,1,2
338,647,363,3,0
338,662,363,3,0
338,670,337,1,2
338,681,337,1,2
338,693,313,0,3
339,662,364,3,0
339,670,338,1,2
339,681,338,1,2
339,693,314,0,3
340,670,339,1,2
341,662,366,3,0
341,670,342,2,1
341,681,342,2,1
342,647,367,3,0
342,662,367,3,0
342,666,343,2,1
342,670,343,2,1
342,681,343,2,1
342,693,317,0,3
343,629,344,2,1
343,647,368,3,0
343,662,368,3,0
343,670,344,2,1
343,681,344,2,1
343,693,318,0,3
343,709,344,2,1
344,629,345,2,1
344,633,319,0,3
344,647,369,3,0
344,652,345,2,1
344,660,345,2,1
344,662,369,3,0
344,670,345,2,1
344,681,345,2,1
344,689,343,1,2
344,693,319,0,3
344,709,345,2,1
345,629,346,2,1
345,633,320,0,3
345,644,320,0,3
345,647,370,3,0
345,660,346,2,1
345,662,370,3,0
345,670,346,2,1
345,681,346,2,1
345,693,320,0,3
345,709,346,2,1
346,629,321,0,3
346,633,321,0,3
346,644,321,0,3
346,647,371,3,0
346,652,347,2,1
346,662,371,3,0
346,670,321,0,3
346,681,321,0,3
346,693,321,0,3
346,709,371,3,0
347,629,322,0,3
347,633,346,1,2
347,644,346,1,2
347,647,346,1,2
347,652,348,2,1
347,660,372,3,0
347,662,346,1,2
347,664,322,0,3
347,670,322,0,3
347,681,322,0,3
347,693,346,1,2
347,709,372,3,0
348,629,323,0,3
348,633,347,1,2
348,644,347,1,2
348,647,347,1,2
348,652,349,2,1
348,660,373,3,0
348,662,347,1,2
348,670,323,0,3
348,681,323,0,3
348,693,347,1,2
348,709,373,3,0
349,629,324,0,3
349,633,348,1,2
349,647,348,1,2
349,660,374,3,0
349,662,348,1,2
349,670,324,0,3
349,681,324,0,3
349,689,325,2,3
349,693,348,1,2
349,709,374,3,0
350,629,325,0,2
350,647,374,3,2
350,662,374,3,2
350,670,325,0,2
350,681,325,0,2
350,687,325,0,2
350,693,374,3,2
351,647,350,1,1
351,662,350,1,1
351,666,326,0,3
351,670,326,0,3
351,681,326,0,3
351,693,350,1,1
352,662,351,1,2
352,670,327,0,3
352,681,327,0,3
353,670,328,0,3
354,662,355,2,1
354,666,329,0,3
354,670,329,0,3
354,681,329,0,3
354,693,355,2,1
355,647,356,2,1
355,662,356,2,1
355,670,330,0,3
355,681,330,0,3
355,693,356,2,1
355,709,709,88,0
356,629,331,0,3
356,633,357,2,1
356,647,357,2,1
356,652,331,0,3
356,660,381,3,0
356,662,357,2,1
356,670,331,0,3
356,681,331,0,3
356,687,331,0,3
356,693,357,2,1
356,698,698,77,0
356,709,355,1,2
357,629,332,0,3
357,633,358,2,1
357,644,358,2,1
357,647,358,2,1
357,660,382,3,0
357,662,358,2,1
357,670,332,0,3
357,681,332,0,3
357,693,358,2,1
357,698,356,1,2
357,709,356,1,2
358,629,333,0,3
358,633,359,2,1
358,644,359,2,1
358,647,359,2,1
358,660,383,3,0
358,662,359,2,1
358,664,333,0,3
358,670,333,0,3
358,681,333,0,3
358,693,359,2,1
358,698,357,1,2
358,709,357,1,2
359,629,334,0,3
359,633,334,0,3
359,644,334,0,3
359,647,384,3,0
359,662,384,3,0
359,670,334,0,3
359,681,334,0,3
359,698,358,1,2
359,709,358,1,2
359,717,384,3,0
360,629,359,1,2
360,633,335,0,3
360,644,335,0,3
360,647,385,3,0
360,660,359,1,2
360,662,385,3,0
360,664,359,1,2
360,670,359,1,2
360,681,359,1,2
360,693,335,0,3
360,709,359,1,2
360,717,385,3,0
361,629,360,1,2
361,633,336,0,3
361,644,336,0,3
361,647,386,3,0
361,660,360,1,2
361,662,386,3,0
361,670,360,1,2
361,681,360,1,2
361,693,336,0,3
361,709,360,1,2
361,717,386,3,0
362,629,361,1,2
362,633,337,0,3
362,647,387,3,0
362,660,361,1,2
362,662,387,3,0
362,670,361,1,2
362,681,361,1,2
362,687,361,1,2
362,689,361,1,2
362,693,337,0,3
362,709,361,1,2
362,717,387,3,0
363,647,388,3,0
363,662,388,3,0
363,670,362,1,2
363,681,362,1,2
363,693,338,0,3
364,662,389,3,0
364,670,363,1,2
364,681,363,1,2
364,693,339,0,3
365,670,364,1,2
366,662,391,3,0
366,670,367,2,1
366,681,367,2,1
367,647,392,3,0
367,662,392,3,0
367,666,368,2,1
367,670,368,2,1
367,681,368,2,1
367,693,342,0,3
368,629,369,2,1
368,647,393,3,0
368,662,393,3,0
368,670,369,2,1
368,681,369,2,1
368,693,343,0,3
368,709,369,2,1
369,629,370,2,1
369,633,344,0,3
369,647,394,3,0
369,652,370,2,1
369,660,370,2,1
369,662,394,3,0
369,670,370,2,1
369,681,370,2,1
369,689,368,1,2
369,693,344,0,3
369,709,370,2,1
369,717,394,3,0
370,629,371,2,1
370,633,345,0,3
370,644,345,0,3
370,647,395,3,0
370,660,371,2,1
370,662,395,3,0
370,670,371,2,1
370,681,371,2,1
370,693,345,0,3
370,709,371,2,1
370,717,395,3,0
371,629,346,0,3
371,633,346,0,3
371,644,346,0,3
371,647,396,3,0
371,662,396,3,0
371,670,346,0,3
371,681,346,0,3
371,698,372,2,1
371,709,372,2,1
371,717,396,3,0
372,629,347,0,3
372,633,371,1,2
372,644,371,1,2
372,647,371,1,2
372,660,397,3,0
372,662,371,1,2
372,664,347,0,3
372,670,347,0,3
372,681,347,0,3
372,693,371,1,2
372,698,373,2,1
372,709,373,2,1
373,629,348,0,3
373,633,372,1,2
373,644,372,1,2
373,647,372,1,2
373,660,398,3,0
373,662,372,1,2
373,670,348,0,3
373,681,348,0,3
373,693,372,1,2
373,698,374,2,1
373,709,374,2,1
374,629,349,0,3
374,633,373,1,2
374,647,373,1,2
374,652,349,0,3
374,660,399,3,0
374,662,373,1,2
374,670,349,0,3
374,681,349,0,3
374,689,350,2,3
374,693,373,1,2
374,698,350,2,3
374,709,350,2,3
375,629,350,0,2
375,647,399,3,2
375,662,399,3,2
375,670,350,0,2
375,681,350,0,2
375,687,350,0,2
375,693,399,3,2
375,709,350,0,2
376,647,375,1,1
376,662,375,1,1
376,666,351,0,3
376,670,351,0,3
376,681,351,0,3
376,693,375,1,1
377,662,376,1,2
377,670,352,0,3
377,681,352,0,3
378,670,353,0,3
379,662,380,2,1
379,666,354,0,3
379,670,354,0,3
379,681,354,0,3
379,693,380,2,1
380,647,381,2,1
380,662,381,2,1
380,670,355,0,3
380,681,355,0,3
380,693,381,2,1
380,709,355,0,3
381,629,356,0,3
381,633,382,2,1
381,647,382,2,1
381,652,356,0,3
381,660,406,3,0
381,662,382,2,1
381,670,356,0,3
381,681,356,0,3
381,687,356,0,3
381,693,382,2,1
381,698,356,0,3
381,709,356,0,3
382,629,357,0,3
382,633,383,2,1
382,644,383,2,1
382,647,383,2,1
382,660,407,3,0
382,662,383,2,1
382,670,357,0,3
382,681,357,0,3
382,693,383,2,1
382,698,357,0,3
382,709,357,0,3
383,629,358,0,3
383,633,384,2,1
383,644,384,2,1
383,647,384,2,1
383,660,408,3,0
383,662,384,2,1
383,664,358,0,3
383,670,358,0,3
383,681,358,0,3
383,693,384,2,1
383,698,358,0,3
383,709,358,0,3
384,647,409,3,0
384,662,409,3,0
384,670,359,0,3
384,681,359,0,3
384,693,409,3,0
384,698,359,0,3
385,629,384,1,2
385,633,360,0,3
385,644,360,0,3
385,647,410,3,0
385,660,384,1,2
385,662,410,3,0
385,664,384,1,2
385,670,384,1,2
385,681,384,1,2
385,693,410,3,0
385,709,384,1,2
386,629,385,1,2
386,633,361,0,3
386,644,361,0,3
386,647,411,3,0
386,660,385,1,2
386,662,411,3,0
386,670,385,1,2
386,681,385,1,2
386,693,411,3,0
386,709,385,1,2
387,629,386,1,2
387,633,362,0,3
387,647,412,3,0
387,660,386,1,2
387,662,412,3,0
387,670,386,1,2
387,681,386,1,2
387,687,386,1,2
387,689,386,1,2
387,693,412,3,0
387,709,386,1,2
388,647,413,3,0
388,662,413,3,0
388,670,387,1,2
388,681,387,1,2
388,693,413,3,0
389,662,414,3,0
389,670,388,1,2
389,681,388,1,2
389,693,414,3,0
390,670,389,1,2
391,662,416,3,0
391,670,392,2,1
391,681,392,2,1
392,647,417,3,0
392,662,417,3,0
392,666,393,2,1
392,670,393,2,1
392,681,393,2,1
392,693,417,3,0
393,629,394,2,1
393,647,418,3,0
393,662,418,3,0
393,670,394,2,1
393,681,394,2,1
393,693,418,3,0
393,709,394,2,1
394,629,395,2,1
394,633,369,0,3
394,647,419,3,0
394,652,395,2,1
394,660,395,2,1
394,662,419,3,0
394,670,395,2,1
394,681,395,2,1
394,689,393,1,2
394,693,419,3,0
394,709,395,2,1
395,629,396,2,1
395,633,370,0,3
395,644,370,0,3
395,647,420,3,0
395,660,396,2,1
395,662,420,3,0
395,670,396,2,1
395,681,396,2,1
395,693,420,3,0
395,709,396,2,1
396,647,421,3,0
396,662,421,3,0
396,670,371,0,3
396,681,371,0,3
396,693,421,3,0
396,698,371,0,3
397,629,372,0,3
397,633,396,1,2
397,644,396,1,2
397,647,396,1,2
397,660,422,3,0
397,662,396,1,2
397,664,372,0,3
397,670,372,0,3
397,681,372,0,3
397,693,396,1,2
397,698,372,0,3
397,709,372,0,3
398,629,373,0,3
398,633,397,1,2
398,644,397,1,2
398,647,397,1,2
398,660,423,3,0
398,662,397,1,2
398,670,373,0,3
398,681,373,0,3
398,693,397,1,2
398,698,373,0,3
398,709,373,0,3
399,629,374,0,3
399,633,398,1,2
399,647,398,1,2
399,652,374,0,3
399,660,424,3,0
399,662,398,1,2
399,670,374,0,3
399,681,374,0,3
399,689,375,2,3
399,693,398,1,2
399,698,374,0,3
399,709,374,0,3
400,629,375,0,2
400,647,424,3,2
400,662,424,3,2
400,670,375,0,2
400,681,375,0,2
400,687,375,0,2
400,693,424,3,2
400,709,375,0,2
401,647,400,1,1
401,662,400,1,1
401,666,376,0,3
401,670,376,0,3
401,681,376,0,3
401,693,400,1,1
402,662,401,1,2
402,670,377,0,3
402,681,377,0,3
403,670,378,0,3
404,662,405,2,1
404,666,379,0,3
404,670,379,0,3
404,681,379,0,3
404,693,405,2,1
405,647,406,2,1
405,662,406,2,1
405,670,380,0,3
405,681,380,0,3
405,693,406,2,1
405,709,380,0,3
406,629,381,0,3
406,633,407,2,1
406,647,407,2,1
406,652,381,0,3
406,660,431,3,0
406,662,407,2,1
406,670,381,0,3
406,681,381,0,3
406,687,381,0,3
406,693,407,2,1
406,709,381,0,3
407,629,382,0,3
407,633,408,2,1
407,644,408,2,1
407,647,408,2,1
407,660,432,3,0
407,662,408,2,1
407,670,382,0,3
407,681,382,0,3
407,693,408,2,1
407,709,382,0,3
408,629,383,0,3
408,633,409,2,1
408,644,409,2,1
408,647,409,2,1
408,660,433,3,0
408,662,409,2,1
408,664,383,0,3
408,670,383,0,3
408,681,383,0,3
408,693,409,2,1
408,709,383,0,3
409,647,434,3,0
409,662,434,3,0
409,670,384,0,3
409,681,384,0,3
409,693,434,3,0
410,629,409,1,2
410,633,385,0,3
410,644,385,0,3
410,647,435,3,0
410,660,409,1,2
410,662,435,3,0
410,664,409,1,2
410,670,409,1,2
410,681,409,1,2
410,693,435,3,0
410,709,409,1,2
411,629,410,1,2
411,633,386,0,3
411,644,386,0,3
411,647,436,3,0
411,660,410,1,2
411,662,436,3,0
411,670,410,1,2
411,681,410,1,2
411,693,436,3,0
411,709,410,1,2
412,629,411,1,2
412,633,387,0,3
412,647,437,3,0
412,660,411,1,2
412,662,437,3,0
412,670,411,1,2
412,681,411,1,2
412,687,411,1,2
412,689,411,1,2
412,693,437,3,0
412,709,411,1,2
413,647,438,3,0
413,662,438,3,0
413,670,412,1,2
413,681,412,1,2
413,693,438,3,0
414,662,439,3,0
414,670,413,1,2
414,681,413,1,2
414,693,439,3,0
415,670,414,1,2
416,662,441,3,0
416,670,417,2,1
416,681,417,2,1
417,647,442,3,0
417,662,442,3,0
417,666,418,2,1
417,670,418,2,1
417,681,418,2,1
417,693,442,3,0
418,629,419,2,1
418,647,443,3,0
418,662,443,3,0
418,670,419,2,1
418,681,419,2,1
418,693,443,3,0
418,709,419,2,1
419,629,420,2,1
419,633,394,0,3
419,647,444,3,0
419,652,420,2,1
419,660,420,2,1
419,662,444,3,0
419,670,420,2,1
419,681,420,2,1
419,689,418,1,2
419,693,444,3,0
419,709,420,2,1
420,629,421,2,1
420,633,395,0,3
420,644,395,0,3
420,647,445,3,0
420,660,421,2,1
420,662,445,3,0
420,670,421,2,1
420,681,421,2,1
420,693,445,3,0
420,709,421,2,1
421,647,446,3,0
421,662,446,3,0
421,670,396,0,3
421,681,396,0,3
421,693,446,3,0
422,629,397,0,3
422,633,421,1,2
422,644,421,1,2
422,647,421,1,2
422,660,447,3,0
422,662,421,1,2
422,664,397,0,3
422,670,397,0,3
422,681,397,0,3
422,693,421,1,2
422,709,397,0,3
423,629,398,0,3
423,633,422,1,2
423,644,422,1,2
423,647,422,1,2
423,660,448,3,0
423,662,422,1,2
423,670,398,0,3
423,681,398,0,3
423,693,422,1,2
423,709,398,0,3
424,629,399,0,3
424,633,423,1,2
424,647,423,1,2
424,652,399,0,3
424,660,449,3,0
424,662,423,1,2
424,670,399,0,3
424,681,399,0,3
424,689,400,2,3
424,693,423,1,2
424,709,399,0,3
425,629,400,0,2
425,647,449,3,2
425,662,449,3,2
425,670,400,0,2
425,681,400,0,2
425,687,400,0,2
425,693,449,3,2
425,709,400,0,2
426,647,425,1,1
426,662,425,1,1
426,666,401,0,3
426,670,401,0,3
426,681,401,0,3
426,693,425,1,1
427,662,426,1,2
427,670,402,0,3
427,681,402,0,3
428,670,403,0,3
429,662,430,2,1
429,666,404,0,3
429,670,404,0,3
429,681,404,0,3
429,693,430,2,1
430,647,431,2,1
430,662,431,2,1
430,670,405,0,3
430,681,405,0,3
430,693,431,2,1
430,709,405,0,3
431,629,406,0,3
431,633,432,2,1
431,647,432,2,1
431,652,406,0,3
431,660,456,3,0
431,662,432,2,1
431,670,406,0,3
431,681,406,0,3
431,687,406,0,3
431,693,432,2,1
431,709,406,0,3
432,629,407,0,3
432,633,433,2,1
432,644,433,2,1
432,647,433,2,1
432,660,457,3,0
432,662,433,2,1
432,670,407,0,3
432,681,407,0,3
432,693,433,2,1
432,709,407,0,3
433,629,408,0,3
433,633,434,2,1
433,644,434,2,1
433,647,434,2,1
433,660,458,3,0
433,662,434,2,1
433,664,408,0,3
433,670,408,0,3
433,681,408,0,3
433,693,434,2,1
433,709,408,0,3
434,647,459,3,0
434,660,459,3,0
434,662,435,2,1
434,664,409,0,3
434,668,435,2,1
434,670,409,0,3
434,681,409,0,3
434,693,459,3,0
435,629,434,1,2
435,633,410,0,3
435,644,410,0,3
435,647,460,3,0
435,660,434,1,2
435,662,436,2,1
435,664,434,1,2
435,668,436,2,1
435,670,434,1,2
435,681,434,1,2
435,693,460,3,0
435,709,434,1,2
436,629,435,1,2
436,633,411,0,3
436,644,411,0,3
436,647,461,3,0
436,660,435,1,2
436,662,437,2,1
436,668,437,2,1
436,670,435,1,2
436,681,435,1,2
436,693,461,3,0
436,709,435,1,2
437,629,436,1,2
437,633,412,0,3
437,647,462,3,0
437,660,436,1,2
437,662,438,2,1
437,668,438,2,1
437,670,436,1,2
437,681,436,1,2
437,687,436,1,2
437,689,436,1,2
437,693,462,3,0
437,709,436,1,2
438,647,463,3,0
438,662,439,2,1
438,668,439,2,1
438,670,437,1,2
438,681,437,1,2
438,693,463,3,0
439,662,440,2,1
439,668,440,2,1
439,670,438,1,2
439,681,438,1,2
439,693,464,3,0
440,670,439,1,2
441,662,662,41,0
441,668,668,47,0
441,670,442,2,1
441,681,442,2,1
442,647,467,3,0
442,662,441,1,2
442,666,443,2,1
442,668,441,1,2
442,670,443,2,1
442,681,443,2,1
442,693,467,3,0
443,629,444,2,1
443,647,468,3,0
443,662,442,1,2
443,668,442,1,2
443,670,444,2,1
443,681,444,2,1
443,693,468,3,0
443,709,444,2,1
444,629,445,2,1
444,633,419,0,3
444,647,469,3,0
444,652,445,2,1
444,660,445,2,1
444,662,443,1,2
444,668,443,1,2
444,670,445,2,1
444,681,445,2,1
444,689,443,1,2
444,693,469,3,0
444,709,445,2,1
445,629,446,2,1
445,633,420,0,3
445,644,420,0,3
445,647,470,3,0
445,660,446,2,1
445,662,444,1,2
445,668,444,1,2
445,670,446,2,1
445,681,446,2,1
445,693,470,3,0
445,709,446,2,1
446,647,471,3,0
446,660,471,3,0
446,662,445,1,2
446,664,421,0,3
446,668,445,1,2
446,670,421,0,3
446,681,421,0,3
446,693,471,3,0
447,629,422,0,3
447,633,446,1,2
447,644,446,1,2
447,647,446,1,2
447,660,472,3,0
447,662,446,1,2
447,664,422,0,3
447,670,422,0,3
447,681,422,0,3
447,693,446,1,2
447,709,422,0,3
448,629,423,0,3
448,633,447,1,2
448,644,447,1,2
448,647,447,1,2
448,660,473,3,0
448,662,447,1,2
448,670,423,0,3
448,681,423,0,3
448,693,447,1,2
448,709,423,0,3
449,629,424,0,3
449,633,448,1,2
449,647,448,1,2
449,652,424,0,3
449,660,474,3,0
449,662,448,1,2
449,670,424,0,3
449,681,424,0,3
449,689,425,2,3
449,693,448,1,2
449,709,424,0,3
450,629,475,2,0
450,647,474,3,2
450,662,474,3,2
450,670,425,0,2
450,681,425,0,2
450,687,425,0,2
450,693,474,3,2
450,709,425,0,2
451,647,450,1,1
451,662,450,1,1
451,666,426,0,3
451,670,426,0,3
451,681,426,0,3
451,693,450,1,1
452,662,451,1,2
452,670,427,0,3
452,681,427,0,3
453,670,428,0,3
454,662,455,2,1
454,666,429,0,3
454,670,429,0,3
454,681,429,0,3
454,693,455,2,1
455,647,456,2,1
455,662,456,2,1
455,670,430,0,3
455,681,430,0,3
455,693,456,2,1
455,709,430,0,3
456,629,481,3,0
456,633,457,2,1
456,647,457,2,1
456,652,431,0,3
456,660,481,3,0
456,662,457,2,1
456,670,431,0,3
456,681,431,0,3
456,687,431,0,3
456,693,457,2,1
456,709,431,0,3
457,629,482,3,0
457,633,458,2,1
457,644,458,2,1
457,647,458,2,1
457,660,482,3,0
457,662,458,2,1
457,670,432,0,3
457,681,432,0,3
457,693,458,2,1
457,709,432,0,3
458,629,483,3,0
458,633,459,2,1
458,644,459,2,1
458,647,459,2,1
458,660,483,3,0
458,662,459,2,1
458,664,433,0,3
458,670,433,0,3
458,681,433,0,3
458,693,459,2,1
458,709,433,0,3
459,629,484,3,0
459,647,484,3,0
459,649,484,3,0
459,660,484,3,0
459,662,434,0,3
459,664,434,0,3
459,668,434,0,3
459,670,434,0,3
459,681,434,0,3
459,693,484,3,0
459,709,434,0,3
460,629,459,1,2
460,633,435,0,3
460,644,435,0,3
460,647,485,3,0
460,649,485,3,0
460,660,459,1,2
460,662,435,0,3
460,664,459,1,2
460,668,435,0,3
460,670,459,1,2
460,681,459,1,2
460,693,485,3,0
460,709,459,1,2
461,629,460,1,2
461,633,436,0,3
461,644,436,0,3
461,647,486,3,0
461,649,486,3,0
461,660,460,1,2
461,662,436,0,3
461,668,436,0,3
461,670,460,1,2
461,681,460,1,2
461,693,486,3,0
461,709,460,1,2
462,629,461,1,2
462,633,437,0,3
462,647,487,3,0
462,649,487,3,0
462,660,461,1,2
462,662,437,0,3
462,668,437,0,3
462,670,461,1,2
462,681,461,1,2
462,687,461,1,2
462,689,461,1,2
462,693,487,3,0
462,709,461,1,2
463,647,488,3,0
463,662,438,0,3
463,668,438,0,3
463,670,462,1,2
463,681,462,1,2
463,693,488,3,0
464,662,439,0,3
464,668,439,0,3
464,670,463,1,2
464,681,463,1,2
464,693,489,3,0
465,670,464,1,2
466,662,441,0,3
466,668,441,0,3
466,670,467,2,1
466,681,467,2,1
467,647,492,3,0
467,662,442,0,3
467,666,468,2,1
467,668,442,0,3
467,670,468,2,1
467,681,468,2,1
467,693,492,3,0
468,629,469,2,1
468,647,493,3,0
468,662,443,0,3
468,668,443,0,3
468,670,469,2,1
468,681,469,2,1
468,693,493,3,0
468,709,469,2,1
469,629,470,2,1
469,633,444,0,3
469,647,494,3,0
469,649,494,3,0
469,652,470,2,1
469,660,470,2,1
469,662,444,0,3
469,668,444,0,3
469,670,470,2,1
469,681,470,2,1
469,689,468,1,2
469,693,494,3,0
469,709,470,2,1
470,629,471,2,1
470,633,445,0,3
470,644,445,0,3
470,647,495,3,0
470,649,495,3,0
470,660,471,2,1
470,662,445,0,3
470,668,445,0,3
470,670,471,2,1
470,681,471,2,1
470,693,495,3,0
470,709,471,2,1
471,629,496,3,0
471,647,496,3,0
471,649,496,3,0
471,660,496,3,0
471,662,446,0,3
471,664,446,0,3
471,668,446,0,3
471,670,446,0,3
471,681,446,0,3
471,693,496,3,0
471,709,446,0,3
472,629,497,3,0
472,633,471,1,2
472,644,471,1,2
472,647,471,1,2
472,660,497,3,0
472,662,471,1,2
472,664,447,0,3
472,670,447,0,3
472,681,447,0,3
472,693,471,1,2
472,709,447,0,3
473,629,498,3,0
473,633,472,1,2
473,644,472,1,2
473,647,472,1,2
473,660,498,3,0
473,662,472,1,2
473,670,448,0,3
473,681,448,0,3
473,693,472,1,2
473,709,448,0,3
474,629,499,3,0
474,633,473,1,2
474,647,473,1,2
474,652,449,0,3
474,660,499,3,0
474,662,473,1,2
474,670,449,0,3
474,681,449,0,3
474,689,450,2,3
474,693,473,1,2
474,709,449,0,3
475,629,500,2,0
475,647,499,3,2
475,662,499,3,2
475,670,450,0,2
475,681,450,0,2
475,687,500,2,0
475,693,499,3,2
475,709,450,0,2
476,647,475,1,1
476,662,475,1,1
476,666,451,0,3
476,670,451,0,3
476,681,451,0,3
476,693,475,1,1
477,662,476,1,2
477,670,452,0,3
477,681,452,0,3
478,670,453,0,3
479,662,480,2,1
479,666,454,0,3
479,670,454,0,3
479,681,454,0,3
479,693,480,2,1
480,647,481,2,1
480,662,481,2,1
480,670,455,0,3
480,681,455,0,3
480,693,481,2,1
480,709,455,0,3
481,629,506,3,0
481,633,482,2,1
481,647,482,2,1
481,652,456,0,3
481,660,506,3,0
481,662,482,2,1
481,670,456,0,3
481,681,456,0,3
481,687,506,3,0
481,693,482,2,1
481,709,456,0,3
482,629,507,3,0
482,633,483,2,1
482,644,483,2,1
482,647,483,2,1
482,660,507,3,0
482,662,483,2,1
482,670,457,0,3
482,681,457,0,3
482,687,507,3,0
482,693,483,2,1
482,709,457,0,3
483,629,508,3,0
483,633,484,2,1
483,644,484,2,1
483,647,484,2,1
483,660,508,3,0
483,662,484,2,1
483,664,458,0,3
483,670,458,0,3
483,681,458,0,3
483,687,508,3,0
483,693,484,2,1
483,709,458,0,3
484,629,509,3,0
484,633,509,3,0
484,647,509,3,0
484,660,509,3,0
484,662,459,0,3
484,664,459,0,3
484,670,459,0,3
484,681,459,0,3
484,687,509,3,0
484,693,509,3,0
484,709,459,0,3
485,629,484,1,2
485,633,510,3,0
485,644,460,0,3
485,647,510,3,0
485,660,484,1,2
485,662,460,0,3
485,664,484,1,2
485,670,484,1,2
485,681,484,1,2
485,693,510,3,0
485,709,484,1,2
486,629,485,1,2
486,633,511,3,0
486,644,461,0,3
486,647,511,3,0
486,660,485,1,2
486,662,461,0,3
486,670,485,1,2
486,681,485,1,2
486,693,511,3,0
486,709,485,1,2
487,629,486,1,2
487,633,512,3,0
487,647,512,3,0
487,660,486,1,2
487,662,462,0,3
487,670,486,1,2
487,681,486,1,2
487,687,486,1,2
487,689,486,1,2
487,693,512,3,0
487,709,486,1,2
488,647,513,3,0
488,662,463,0,3
488,670,487,1,2
488,681,487,1,2
488,693,513,3,0
489,662,464,0,3
489,670,488,1,2
489,681,488,1,2
489,693,514,3,0
490,670,489,1,2
491,662,466,0,3
491,670,492,2,1
491,681,492,2,1
492,647,517,3,0
492,662,467,0,3
492,666,493,2,1
492,670,493,2,1
492,681,493,2,1
492,693,517,3,0
493,629,494,2,1
493,647,518,3,0
493,662,468,0,3
493,670,494,2,1
493,681,494,2,1
493,693,518,3,0
493,709,494,2,1
494,629,495,2,1
494,633,519,3,0
494,647,519,3,0
494,652,495,2,1
494,660,495,2,1
494,662,469,0,3
494,670,495,2,1
494,681,495,2,1
494,689,493,1,2
494,693,519,3,0
494,709,495,2,1
495,629,496,2,1
495,633,520,3,0
495,644,470,0,3
495,647,520,3,0
495,660,496,2,1
495,662,470,0,3
495,670,496,2,1
495,681,496,2,1
495,693,520,3,0
495,709,496,2,1
496,629,521,3,0
496,633,521,3,0
496,647,521,3,0
496,660,521,3,0
496,662,471,0,3
496,664,471,0,3
496,670,471,0,3
496,681,471,0,3
496,687,521,3,0
496,693,521,3,0
496,709,471,0,3
497,629,522,3,0
497,633,496,1,2
497,644,496,1,2
497,647,496,1,2
497,660,522,3,0
497,662,496,1,2
497,664,472,0,3
497,670,472,0,3
497,681,472,0,3
497,687,522,3,0
497,693,496,1,2
497,709,472,0,3
498,629,523,3,0
498,633,497,1,2
498,644,497,1,2
498,647,497,1,2
498,660,523,3,0
498,662,497,1,2
498,670,473,0,3
498,681,473,0,3
498,687,523,3,0
498,693,497,1,2
498,709,473,0,3
499,629,524,3,0
499,633,498,1,2
499,647,498,1,2
499,652,474,0,3
499,660,524,3,0
499,662,498,1,2
499,670,474,0,3
499,681,474,0,3
499,687,524,3,0
499,689,475,2,3
499,693,498,1,2
499,709,474,0,3
500,629,525,2,0
500,647,524,3,2
500,662,524,3,2
500,670,475,0,2
500,681,475,0,2
500,687,525,2,0
500,693,524,3,2
500,709,475,0,2
501,647,500,1,1
501,662,500,1,1
501,666,476,0,3
501,670,476,0,3
501,681,476,0,3
501,693,500,1,1
502,662,501,1,2
502,670,477,0,3
502,681,477,0,3
503,670,478,0,3
504,662,505,2,1
504,666,479,0,3
504,670,479,0,3
504,681,479,0,3
504,693,505,2,1
505,647,506,2,1
505,662,506,2,1
505,670,480,0,3
505,681,480,0,3
505,693,506,2,1
505,709,480,0,3
506,629,531,3,0
506,633,507,2,1
506,647,507,2,1
506,652,481,0,3
506,660,531,3,0
506,662,507,2,1
506,670,481,0,3
506,681,481,0,3
506,687,531,3,0
506,693,507,2,1
506,709,481,0,3
507,629,532,3,0
507,633,508,2,1
507,644,508,2,1
507,647,508,2,1
507,660,532,3,0
507,662,508,2,1
507,670,482,0,3
507,681,482,0,3
507,693,508,2,1
507,709,482,0,3
508,629,533,3,0
508,633,509,2,1
508,644,509,2,1
508,647,509,2,1
508,660,533,3,0
508,662,509,2,1
508,664,533,3,0
508,670,483,0,3
508,681,483,0,3
508,693,509,2,1
508,709,483,0,3
509,629,534,3,0
509,633,534,3,0
509,647,534,3,0
509,660,534,3,0
509,662,484,0,3
509,670,484,0,3
509,681,484,0,3
509,693,534,3,0
509,709,484,0,3
510,629,509,1,2
510,633,535,3,0
510,644,485,0,3
510,647,535,3,0
510,660,509,1,2
510,662,485,0,3
510,664,509,1,2
510,670,509,1,2
510,681,509,1,2
510,693,535,3,0
510,709,509,1,2
511,629,510,1,2
511,633,536,3,0
511,644,486,0,3
511,647,536,3,0
511,660,510,1,2
511,662,486,0,3
511,670,510,1,2
511,681,510,1,2
511,693,536,3,0
511,709,510,1,2
512,629,511,1,2
512,633,537,3,0
512,647,537,3,0
512,660,511,1,2
512,662,487,0,3
512,670,511,1,2
512,681,511,1,2
512,687,511,1,2
512,689,511,1,2
512,693,537,3,0
512,709,511,1,2
513,647,538,3,0
513,662,488,0,3
513,670,512,1,2
513,681,512,1,2
513,693,538,3,0
514,662,489,0,3
514,670,513,1,2
514,681,513,1,2
514,693,539,3,0
515,670,514,1,2
516,662,491,0,3
516,670,517,2,1
516,681,517,2,1
517,647,542,3,0
517,662,492,0,3
517,666,518,2,1
517,670,518,2,1
517,681,518,2,1
517,693,542,3,0
518,629,519,2,1
518,647,543,3,0
518,662,493,0,3
518,670,519,2,1
518,681,519,2,1
518,693,543,3,0
518,709,519,2,1
519,629,520,2,1
519,633,544,3,0
519,647,544,3,0
519,652,520,2,1
519,660,520,2,1
519,662,494,0,3
519,670,520,2,1
519,681,520,2,1
519,689,518,1,2
519,693,544,3,0
519,709,520,2,1
520,629,521,2,1
520,633,545,3,0
520,644,495,0,3
520,647,545,3,0
520,660,521,2,1
520,662,495,0,3
520,670,521,2,1
520,681,521,2,1
520,693,545,3,0
520,709,521,2,1
521,629,546,3,0
521,633,546,3,0
521,647,546,3,0
521,660,546,3,0
521,662,496,0,3
521,670,496,0,3
521,681,496,0,3
521,693,546,3,0
521,709,496,0,3
522,629,547,3,0
522,633,521,1,2
522,644,521,1,2
522,647,521,1,2
522,660,547,3,0
522,662,521,1,2
522,664,547,3,0
522,670,497,0,3
522,681,497,0,3
522,693,521,1,2
522,709,497,0,3
523,629,548,3,0
523,633,522,1,2
523,644,522,1,2
523,647,522,1,2
523,660,548,3,0
523,662,522,1,2
523,670,498,0,3
523,681,498,0,3
523,693,522,1,2
523,709,498,0,3
524,629,549,3,0
524,633,523,1,2
524,647,523,1,2
524,652,499,0,3
524,660,549,3,0
524,662,523,1,2
524,670,499,0,3
524,681,499,0,3
524,689,500,2,3
524,693,523,1,2
524,709,499,0,3
525,629,550,2,0
525,647,549,3,2
525,662,549,3,2
525,670,500,0,2
525,681,500,0,2
525,687,550,2,0
525,693,549,3,2
525,709,500,0,2
526,647,525,1,1
526,662,525,1,1
526,666,501,0,3
526,670,501,0,3
526,681,501,0,3
526,693,525,1,1
527,662,526,1,2
527,670,502,0,3
527,681,502,0,3
528,670,503,0,3
529,662,530,2,1
529,666,504,0,3
529,670,504,0,3
529,681,504,0,3
529,693,530,2,1
530,647,531,2,1
530,662,531,2,1
530,670,505,0,3
530,681,505,0,3
530,693,531,2,1
530,709,505,0,3
531,629,556,3,0
531,633,532,2,1
531,647,532,2,1
531,652,506,0,3
531,660,556,3,0
531,662,532,2,1
531,670,506,0,3
531,681,506,0,3
531,687,556,3,0
531,693,532,2,1
531,709,506,0,3
532,629,557,3,0
532,633,533,2,1
532,644,533,2,1
532,647,533,2,1
532,660,557,3,0
532,662,533,2,1
532,670,507,0,3
532,681,507,0,3
532,693,533,2,1
532,709,507,0,3
533,629,558,3,0
533,633,534,2,1
533,644,534,2,1
533,647,534,2,1
533,660,558,3,0
533,662,534,2,1
533,664,558,3,0
533,670,508,0,3
533,681,508,0,3
533,693,534,2,1
533,709,508,0,3
534,629,559,3,0
534,633,559,3,0
534,647,535,2,1
534,660,559,3,0
534,662,509,0,3
534,670,509,0,3
534,681,509,0,3
534,693,559,3,0
534,709,509,0,3
535,629,534,1,2
535,633,560,3,0
535,644,510,0,3
535,647,536,2,1
535,660,534,1,2
535,662,510,0,3
535,664,534,1,2
535,670,534,1,2
535,681,534,1,2
535,693,560,3,0
535,709,534,1,2
536,629,535,1,2
536,633,561,3,0
536,644,511,0,3
536,647,537,2,1
536,660,535,1,2
536,662,511,0,3
536,670,535,1,2
536,681,535,1,2
536,693,561,3,0
536,709,535,1,2
537,629,536,1,2
537,633,562,3,0
537,647,538,2,1
537,660,536,1,2
537,662,512,0,3
537,670,536,1,2
537,681,536,1,2
537,687,536,1,2
537,689,536,1,2
537,693,562,3,0
537,709,536,1,2
538,647,539,2,1
538,662,513,0,3
538,670,537,1,2
538,681,537,1,2
538,693,563,3,0
539,662,514,0,3
539,670,538,1,2
539,681,538,1,2
539,693,564,3,0
540,670,539,1,2
541,662,516,0,3
541,670,542,2,1
541,681,542,2,1
542,647,647,26,0
542,662,517,0,3
542,666,543,2,1
542,670,543,2,1
542,681,543,2,1
542,693,567,3,0
543,629,544,2,1
543,647,542,1,2
543,662,518,0,3
543,670,544,2,1
543,681,544,2,1
543,693,568,3,0
543,709,544,2,1
544,629,545,2,1
544,633,569,3,0
544,647,543,1,2
544,652,545,2,1
544,660,545,2,1
544,662,519,0,3
544,670,545,2,1
544,681,545,2,1
544,689,543,1,2
544,693,569,3,0
544,709,545,2,1
545,629,546,2,1
545,633,570,3,0
545,644,520,0,3
545,647,544,1,2
545,660,546,2,1
545,662,520,0,3
545,670,546,2,1
545,681,546,2,1
545,693,570,3,0
545,709,546,2,1
546,629,571,3,0
546,633,571,3,0
546,647,545,1,2
546,660,571,3,0
546,662,521,0,3
546,670,521,0,3
546,681,521,0,3
546,693,571,3,0
546,709,521,0,3
547,629,572,3,0
547,633,546,1,2
547,644,546,1,2
547,647,546,1,2
547,660,572,3,0
547,662,546,1,2
547,664,572,3,0
547,670,522,0,3
547,681,522,0,3
547,693,546,1,2
547,709,522,0,3
548,629,573,3,0
548,633,547,1,2
548,644,547,1,2
548,647,547,1,2
548,660,573,3,0
548,662,547,1,2
548,670,523,0,3
548,681,523,0,3
548,693,547,1,2
548,709,523,0,3
549,629,574,3,0
549,633,548,1,2
549,647,548,1,2
549,652,524,0,3
549,660,574,3,0
549,662,548,1,2
549,670,524,0,3
549,681,524,0,3
549,689,525,2,3
549,693,548,1,2
549,709,524,0,3
550,629,575,2,0
550,647,574,3,2
550,662,574,3,2
550,670,525,0,2
550,681,525,0,2
550,687,575,2,0
550,693,574,3,2
550,709,525,0,2
551,647,550,1,1
551,662,550,1,1
551,666,526,0,3
551,670,526,0,3
551,681,526,0,3
551,693,550,1,1
552,662,551,1,2
552,670,527,0,3
552,681,527,0,3
553,670,528,0,3
554,662,555,2,1
554,666,529,0,3
554,670,529,0,3
554,681,529,0,3
554,693,555,2,1
555,647,556,2,1
555,662,556,2,1
555,670,530,0,3
555,681,530,0,3
555,693,556,2,1
555,709,530,0,3
556,629,581,3,0
556,633,557,2,1
556,647,557,2,1
556,652,531,0,3
556,660,581,3,0
556,662,557,2,1
556,670,531,0,3
556,681,531,0,3
556,687,581,3,0
556,693,557,2,1
556,709,531,0,3
557,629,582,3,0
557,633,558,2,1
557,644,558,2,1
557,647,558,2,1
557,660,582,3,0
557,662,558,2,1
557,670,532,0,3
557,681,532,0,3
557,693,558,2,1
557,709,532,0,3
558,629,583,3,0
558,633,559,2,1
558,644,559,2,1
558,647,559,2,1
558,660,583,3,0
558,662,559,2,1
558,664,583,3,0
558,670,533,0,3
558,681,533,0,3
558,693,559,2,1
558,709,533,0,3
559,629,584,3,0
559,633,584,3,0
559,644,584,3,0
559,660,584,3,0
559,662,534,0,3
559,670,534,0,3
559,681,534,0,3
559,693,584,3,0
559,709,534,0,3
560,629,559,1,2
560,633,585,3,0
560,644,585,3,0
560,647,535,0,3
560,660,559,1,2
560,662,535,0,3
560,664,559,1,2
560,670,559,1,2
560,681,559,1,2
560,693,585,3,0
560,709,559,1,2
561,629,560,1,2
561,633,586,3,0
561,644,586,3,0
561,647,536,0,3
561,660,560,1,2
561,662,536,0,3
561,670,560,1,2
561,681,560,1,2
561,693,586,3,0
561,709,560,1,2
562,629,561,1,2
562,633,587,3,0
562,647,537,0,3
562,660,561,1,2
562,662,537,0,3
562,670,561,1,2
562,681,561,1,2
562,687,561,1,2
562,689,561,1,2
562,693,587,3,0
562,709,561,1,2
563,647,538,0,3
563,662,538,0,3
563,670,562,1,2
563,681,562,1,2
563,693,588,3,0
564,662,539,0,3
564,670,563,1,2
564,681,563,1,2
564,693,589,3,0
565,670,564,1,2
566,662,541,0,3
566,670,567,2,1
566,681,567,2,1
567,647,542,0,3
567,662,542,0,3
567,666,568,2,1
567,670,568,2,1
567,681,568,2,1
567,693,592,3,0
568,629,569,2,1
568,647,543,0,3
568,662,543,0,3
568,670,569,2,1
568,681,569,2,1
568,693,593,3,0
568,709,569,2,1
569,629,570,2,1
569,633,594,3,0
569,647,544,0,3
569,652,570,2,1
569,660,570,2,1
569,662,544,0,3
569,670,570,2,1
569,681,570,2,1
569,689,568,1,2
569,693,594,3,0
569,709,570,2,1
570,629,571,2,1
570,633,595,3,0
570,644,595,3,0
570,647,545,0,3
570,660,571,2,1
570,662,545,0,3
570,670,571,2,1
570,681,571,2,1
570,693,595,3,0
570,709,571,2,1
571,629,596,3,0
571,633,596,3,0
571,644,596,3,0
571,660,596,3,0
571,662,546,0,3
571,670,546,0,3
571,681,546,0,3
571,693,596,3,0
571,709,546,0,3
572,629,597,3,0
572,633,571,1,2
572,644,571,1,2
572,647,571,1,2
572,660,597,3,0
572,662,571,1,2
572,664,597,3,0
572,670,547,0,3
572,681,547,0,3
572,693,571,1,2
572,709,547,0,3
573,629,598,3,0
573,633,572,1,2
573,644,572,1,2
573,647,572,1,2
573,660,598,3,0
573,662,572,1,2
573,670,548,0,3
573,681,548,0,3
573,693,572,1,2
573,709,548,0,3
574,629,599,3,0
574,633,573,1,2
574,647,573,1,2
574,652,549,0,3
574,660,599,3,0
574,662,573,1,2
574,670,549,0,3
574,681,549,0,3
574,689,550,2,3
574,693,573,1,2
574,709,549,0,3
575,629,600,2,0
575,647,599,3,2
575,662,599,3,2
575,670,600,2,0
575,681,550,0,2
575,687,600,2,0
575,693,599,3,2
575,709,550,0,2
576,647,575,1,1
576,662,575,1,1
576,666,551,0,3
576,670,601,3,0
576,681,551,0,3
576,693,575,1,1
577,662,576,1,2
577,670,602,3,0
577,681,552,0,3
578,670,603,3,0
579,662,580,2,1
579,666,554,0,3
579,670,604,3,0
579,681,554,0,3
579,693,580,2,1
580,647,581,2,1
580,662,581,2,1
580,670,605,3,0
580,681,555,0,3
580,693,581,2,1
580,709,555,0,3
581,629,606,3,0
581,633,582,2,1
581,647,582,2,1
581,652,556,0,3
581,660,606,3,0
581,662,582,2,1
581,670,606,3,0
581,681,556,0,3
581,687,606,3,0
581,693,582,2,1
581,709,556,0,3
582,629,607,3,0
582,633,583,2,1
582,644,583,2,1
582,647,583,2,1
582,660,607,3,0
582,662,583,2,1
582,670,607,3,0
582,681,557,0,3
582,693,583,2,1
582,709,557,0,3
583,629,608,3,0
583,633,584,2,1
583,644,584,2,1
583,647,584,2,1
583,660,608,3,0
583,662,584,2,1
583,664,608,3,0
583,670,608,3,0
583,681,558,0,3
583,693,584,2,1
583,709,558,0,3
584,629,609,3,0
584,633,609,3,0
584,644,609,3,0
584,660,609,3,0
584,662,559,0,3
584,670,609,3,0
584,689,609,3,0
584,693,609,3,0
584,709,559,0,3
585,629,584,1,2
585,633,610,3,0
585,644,610,3,0
585,647,560,0,3
585,660,584,1,2
585,662,560,0,3
585,664,584,1,2
585,670,584,1,2
585,681,584,1,2
585,689,610,3,0
585,693,610,3,0
585,709,584,1,2
586,629,585,1,2
586,633,611,3,0
586,644,611,3,0
586,647,561,0,3
586,660,585,1,2
586,662,561,0,3
586,670,585,1,2
586,681,585,1,2
586,689,611,3,0
586,693,611,3,0
586,709,585,1,2
587,629,586,1,2
587,633,612,3,0
587,647,562,0,3
587,660,586,1,2
587,662,562,0,3
587,670,586,1,2
587,681,586,1,2
587,687,586,1,2
587,689,586,1,2
587,693,612,3,0
587,709,586,1,2
588,647,563,0,3
588,662,563,0,3
588,670,587,1,2
588,681,587,1,2
588,693,613,3,0
589,662,564,0,3
589,670,588,1,2
589,681,588,1,2
589,693,614,3,0
590,670,589,1,2
591,662,566,0,3
591,670,592,2,1
591,681,592,2,1
592,647,567,0,3
592,662,567,0,3
592,666,593,2,1
592,670,593,2,1
592,681,593,2,1
592,693,617,3,0
593,629,594,2,1
593,647,568,0,3
593,662,568,0,3
593,670,594,2,1
593,681,594,2,1
593,693,618,3,0
593,709,594,2,1
594,629,595,2,1
594,633,619,3,0
594,647,569,0,3
594,652,595,2,1
594,660,595,2,1
594,662,569,0,3
594,670,595,2,1
594,681,595,2,1
594,693,619,3,0
594,709,595,2,1
595,629,596,2,1
595,633,620,3,0
595,644,620,3,0
595,647,570,0,3
595,660,596,2,1
595,662,570,0,3
595,670,596,2,1
595,681,596,2,1
595,689,620,3,0
595,693,620,3,0
595,709,596,2,1
596,629,621,3,0
596,633,621,3,0
596,644,621,3,0
596,660,621,3,0
596,662,571,0,3
596,670,621,3,0
596,689,621,3,0
596,693,621,3,0
596,709,571,0,3
597,629,622,3,0
597,633,596,1,2
597,644,596,1,2
597,647,596,1,2
597,660,622,3,0
597,662,596,1,2
597,664,622,3,0
597,670,622,3,0
597,681,572,0,3
597,693,596,1,2
597,709,572,0,3
598,629,623,3,0
598,633,597,1,2
598,644,597,1,2
598,647,597,1,2
598,660,623,3,0
598,662,597,1,2
598,670,623,3,0
598,681,573,0,3
598,693,597,1,2
598,709,573,0,3
599,629,624,3,0
599,633,598,1,2
599,647,598,1,2
599,652,574,0,3
599,660,624,3,0
599,662,598,1,2
599,670,624,3,0
599,681,574,0,3
599,689,575,2,3
599,693,598,1,2
599,709,574,0,3
600,629,0,2,3
600,647,624,3,2
600,662,624,3,2
600,670,0,2,3
600,681,0,2,3
600,687,0,2,3
600,693,624,3,2
600,709,575,0,2
601,647,600,1,1
601,662,600,1,1
601,666,576,0,3
601,670,1,3,3
601,681,1,3,3
601,693,600,1,1
602,662,601,1,2
602,670,2,3,3
602,681,2,3,3
603,670,3,3,3
604,662,605,2,1
604,666,579,0,3
604,670,4,3,3
604,681,4,3,3
604,693,605,2,1
605,647,606,2,1
605,662,606,2,1
605,670,5,3,3
605,681,5,3,3
605,693,606,2,1
605,709,580,0,3
606,629,6,3,3
606,633,607,2,1
606,647,607,2,1
606,652,581,0,3
606,660,6,3,3
606,662,607,2,1
606,670,6,3,3
606,681,6,3,3
606,687,6,3,3
606,693,607,2,1
606,709,581,0,3
607,629,7,3,3
607,633,608,2,1
607,644,608,2,1
607,647,608,2,1
607,660,7,3,3
607,662,608,2,1
607,670,7,3,3
607,681,7,3,3
607,693,608,2,1
607,709,582,0,3
608,629,8,3,3
608,633,609,2,1
608,644,609,2,1
608,647,609,2,1
608,660,8,3,3
608,662,609,2,1
608,664,8,3,3
608,670,8,3,3
608,681,8,3,3
608,693,609,2,1
608,709,583,0,3
609,629,9,3,3
609,633,9,3,3
609,644,9,3,3
609,647,584,0,3
609,660,9,3,3
609,662,584,0,3
609,670,9,3,3
609,681,9,3,3
609,689,610,2,1
609,693,9,3,3
609,709,584,0,3
610,629,609,1,2
610,633,10,3,3
610,644,10,3,3
610,647,585,0,3
610,660,609,1,2
610,662,585,0,3
610,664,609,1,2
610,670,609,1,2
610,681,609,1,2
610,689,611,2,1
610,693,10,3,3
610,709,609,1,2
611,629,610,1,2
611,633,11,3,3
611,644,11,3,3
611,647,586,0,3
611,660,610,1,2
611,662,586,0,3
611,670,610,1,2
611,681,610,1,2
611,689,689,68,0
611,693,11,3,3
611,709,610,1,2
612,629,611,1,2
612,633,12,3,3
612,647,587,0,3
612,660,611,1,2
612,662,587,0,3
612,670,611,1,2
612,681,611,1,2
612,687,611,1,2
612,689,611,1,2
612,693,12,3,3
612,709,611,1,2
613,647,588,0,3
613,662,588,0,3
613,670,612,1,2
613,681,612,1,2
613,693,13,3,3
614,662,589,0,3
614,670,613,1,2
614,681,613,1,2
614,693,14,3,3
615,670,614,1,2
616,662,591,0,3
616,670,617,2,1
616,681,617,2,1
617,647,592,0,3
617,662,592,0,3
617,666,618,2,1
617,670,618,2,1
617,681,618,2,1
617,693,17,3,3
618,629,619,2,1
618,647,593,0,3
618,662,593,0,3
618,670,619,2,1
618,681,619,2,1
618,693,18,3,3
618,709,619,2,1
619,629,620,2,1
619,633,19,3,3
619,647,594,0,3
619,652,620,2,1
619,660,620,2,1
619,662,594,0,3
619,670,620,2,1
619,681,620,2,1
619,689,618,1,2
619,693,19,3,3
619,709,620,2,1
620,629,621,2,1
620,633,20,3,3
620,644,20,3,3
620,647,595,0,3
620,660,621,2,1
620,662,595,0,3
620,670,621,2,1
620,681,621,2,1
620,689,619,1,2
620,693,20,3,3
620,709,621,2,1
621,629,21,3,3
621,633,21,3,3
621,644,21,3,3
621,647,596,0,3
621,660,21,3,3
621,662,596,0,3
621,670,21,3,3
621,681,21,3,3
621,689,620,1,2
621,693,21,3,3
621,709,596,0,3
622,629,22,3,3
622,633,621,1,2
622,644,621,1,2
622,647,621,1,2
622,660,22,3,3
622,662,621,1,2
622,664,22,3,3
622,670,22,3,3
622,681,22,3,3
622,693,621,1,2
622,709,597,0,3
623,629,23,3,3
623,633,622,1,2
623,644,622,1,2
623,647,622,1,2
623,660,23,3,3
623,662,622,1,2
623,670,23,3,3
623,681,23,3,3
623,693,622,1,2
623,709,598,0,3
624,629,24,3,3
624,633,623,1,2
624,647,623,1,2
624,652,599,0,3
624,660,24,3,3
624,662,623,1,2
624,670,24,3,3
624,681,24,3,3
624,689,600,2,3
624,693,623,1,2
624,709,599,0,3
629,625,125,0,8
629,626,125,0,8
629,627,125,0,8
629,628,125,0,8
629,630,125,0,8
629,631,125,0,8
629,632,125,0,8
629,633,125,0,8
629,634,125,0,8
629,635,125,0,8
629,636,125,0,8
629,637,125,0,8
629,638,125,0,8
629,639,125,0,8
629,640,125,0,8
629,641,125,0,8
629,642,125,0,8
629,643,125,0,8
629,644,125,0,8
629,645,125,0,8
629,646,125,0,8
629,647,125,0,8
629,648,125,0,8
629,649,125,0,8
629,650,125,0,8
629,651,125,0,8
629,652,125,0,8
629,653,125,0,8
629,654,125,0,8
629,655,125,0,8
629,656,125,0,8
629,657,125,0,8
629,658,125,0,8
629,659,125,0,8
629,660,125,0,8
629,661,125,0,8
629,662,125,0,8
629,663,125,0,8
629,664,125,0,8
629,665,125,0,8
629,666,125,0,8
629,667,125,0,8
629,668,125,0,8
629,669,125,0,8
629,670,125,0,8
629,671,125,0,8
629,672,125,0,8
629,673,125,0,8
629,674,125,0,8
629,675,125,0,8
629,676,125,0,8
629,677,125,0,8
629,678,125,0,8
629,679,125,0,8
629,680,125,0,8
629,681,125,0,8
629,682,125,0,8
629,683,125,0,8
629,684,125,0,8
629,685,125,0,8
629,686,125,0,8
629,687,125,0,8
629,688,125,0,8
629,689,125,0,8
629,690,125,0,8
629,691,125,0,8
629,692,125,0,8
629,693,125,0,8
629,694,125,0,8
629,695,125,0,8
629,696,125,0,8
629,697,125,0,8
629,698,125,0,8
629,699,125,0,8
629,700,125,0,8
629,701,125,0,8
629,702,125,0,8
629,703,125,0,8
629,704,125,0,8
629,705,125,0,8
629,706,125,0,8
629,707,125,0,8
629,708,125,0,8
629,709,125,0,8
629,710,125,0,8
629,711,125,0,8
629,712,125,0,8
629,713,125,0,8
629,714,125,0,8
629,715,125,0,8
629,716,125,0,8
629,717,125,0,8
629,718,125,0,8
629,719,125,0,8
629,720,125,0,8
629,721,125,0,8
629,722,125,0,8
629,723,125,0,8
629,724,125,0,8
633,625,162,0,12
633,626,162,0,12
633,627,162,0,12
633,628,162,0,12
633,629,162,0,12
633,630,162,0,12
633,631,162,0,12
633,632,162,0,12
633,634,162,0,12
633,635,162,0,12
633,636,162,0,12
633,637,162,0,12
633,638,162,0,12
633,639,162,0,12
633,640,162,0,12
633,641,162,0,12
633,642,162,0,12
633,643,162,0,12
633,644,162,0,12
633,645,162,0,12
633,646,162,0,12
633,647,162,0,12
633,648,162,0,12
633,649,162,0,12
633,650,162,0,12
633,651,162,0,12
633,652,162,0,12
633,653,162,0,12
633,654,162,0,12
633,655,162,0,12
633,656,162,0,12
633,657,162,0,12
633,658,162,0,12
633,659,162,0,12
633,660,162,0,12
633,661,162,0,12
633,662,162,0,12
633,663,162,0,12
633,664,162,0,12
633,665,162,0,12
633,666,162,0,12
633,667,162,0,12
633,668,162,0,12
633,669,162,0,12
633,670,162,0,12
633,671,162,0,12
633,672,162,0,12
633,673,162,0,12
633,674,162,0,12
633,675,162,0,12
633,676,162,0,12
633,677,162,0,12
633,678,162,0,12
633,679,162,0,12
633,680,162,0,12
633,681,162,0,12
633,682,162,0,12
633,683,162,0,12
633,684,162,0,12
633,685,162,0,12
633,686,162,0,12
633,687,162,0,12
633,688,162,0,12
633,689,162,0,12
633,690,162,0,12
633,691,162,0,12
633,692,162,0,12
633,693,162,0,12
633,694,162,0,12
633,695,162,0,12
633,696,162,0,12
633,697,162,0,12
633,698,162,0,12
633,699,162,0,12
633,700,162,0,12
633,701,162,0,12
633,702,162,0,12
633,703,162,0,12
633,704,162,0,12
633,705,162,0,12
633,706,162,0,12
633,707,162,0,12
633,708,162,0,12
633,709,162,0,12
633,710,162,0,12
633,711,162,0,12
633,712,162,0,12
633,713,162,0,12
633,714,162,0,12
633,715,162,0,12
633,716,162,0,12
633,717,162,0,12
633,718,162,0,12
633,719,162,0,12
633,720,162,0,12
633,721,162,0,12
633,722,162,0,12
633,723,162,0,12
633,724,162,0,12
644,625,236,0,23
644,626,236,0,23
644,627,236,0,23
644,628,236,0,23
644,629,236,0,23
644,630,236,0,23
644,631,236,0,23
644,632,236,0,23
644,633,236,0,23
644,634,236,0,23
644,635,236,0,23
644,636,236,0,23
644,637,236,0,23
644,638,236,0,23
644,639,236,0,23
644,640,236,0,23
644,641,236,0,23
644,642,236,0,23
644,643,236,0,23
644,645,236,0,23
644,646,236,0,23
644,647,236,0,23
644,648,236,0,23
644,649,236,0,23
644,650,236,0,23
644,651,236,0,23
644,652,236,0,23
644,653,236,0,23
644,654,236,0,23
644,655,236,0,23
644,656,236,0,23
644,657,236,0,23
644,658,236,0,23
644,659,236,0,23
644,660,236,0,23
644,661,236,0,23
644,662,236,0,23
644,663,236,0,23
644,664,236,0,23
644,665,236,0,23
644,666,236,0,23
644,667,236,0,23
644,668,236,0,23
644,669,236,0,23
644,670,236,0,23
644,671,236,0,23
644,672,236,0,23
644,673,236,0,23
644,674,236,0,23
644,675,236,0,23
644,676,236,0,23
644,677,236,0,23
644,678,236,0,23
644,679,236,0,23
644,680,236,0,23
644,681,236,0,23
644,682,236,0,23
644,683,236,0,23
644,684,236,0,23
644,685,236,0,23
644,686,236,0,23
644,687,236,0,23
644,688,236,0,23
644,689,236,0,23
644,690,236,0,23
644,691,236,0,23
644,692,236,0,23
644,693,236,0,23
644,694,236,0,23
644,695,236,0,23
644,696,236,0,23
644,697,236,0,23
644,698,236,0,23
644,699,236,0,23
644,700,236,0,23
644,701,236,0,23
644,702,236,0,23
644,703,236,0,23
644,704,236,0,23
644,705,236,0,23
644,706,236,0,23
644,707,236,0,23
644,708,236,0,23
644,709,236,0,23
644,710,236,0,23
644,711,236,0,23
644,712,236,0,23
644,713,236,0,23
644,714,236,0,23
644,715,236,0,23
644,716,236,0,23
644,717,236,0,23
644,718,236,0,23
644,719,236,0,23
644,720,236,0,23
644,721,236,0,23
644,722,236,0,23
644,723,236,0,23
644,724,236,0,23
647,625,542,0,26
647,626,542,0,26
647,627,542,0,26
647,628,542,0,26
647,629,542,0,26
647,630,542,0,26
647,631,542,0,26
647,632,542,0,26
647,633,542,0,26
647,634,542,0,26
647,635,542,0,26
647,636,542,0,26
647,637,542,0,26
647,638,542,0,26
647,639,542,0,26
647,640,542,0,26
647,641,542,0,26
647,642,542,0,26
647,643,542,0,26
647,644,542,0,26
647,645,542,0,26
647,646,542,0,26
647,648,542,0,26
647,649,542,0,26
647,650,542,0,26
647,651,542,0,26
647,652,542,0,26
647,653,542,0,26
647,654,542,0,26
647,655,542,0,26
647,656,542,0,26
647,657,542,0,26
647,658,542,0,26
647,659,542,0,26
647,660,542,0,26
647,661,542,0,26
647,662,542,0,26
647,663,542,0,26
647,664,542,0,26
647,665,542,0,26
647,666,542,0,26
647,667,542,0,26
647,668,542,0,26
647,669,542,0,26
647,670,542,0,26
647,671,542,0,26
647,672,542,0,26
647,673,542,0,26
647,674,542,0,26
647,675,542,0,26
647,676,542,0,26
647,677,542,0,26
647,678,542,0,26
647,679,542,0,26
647,680,542,0,26
647,681,542,0,26
647,682,542,0,26
647,683,542,0,26
647,684,542,0,26
647,685,542,0,26
647,686,542,0,26
647,687,542,0,26
647,688,542,0,26
647,689,542,0,26
647,690,542,0,26
647,691,542,0,26
647,692,542,0,26
647,693,542,0,26
647,694,542,0,26
647,695,542,0,26
647,696,542,0,26
647,697,542,0,26
647,698,542,0,26
647,699,542,0,26
647,700,542,0,26
647,701,542,0,26
647,702,542,0,26
647,703,542,0,26
647,704,542,0,26
647,705,542,0,26
647,706,542,0,26
647,707,542,0,26
647,708,542,0,26
647,709,542,0,26
647,710,542,0,26
647,711,542,0,26
647,712,542,0,26
647,713,542,0,26
647,714,542,0,26
647,715,542,0,26
647,716,542,0,26
647,717,542,0,26
647,718,542,0,26
647,719,542,0,26
647,720,542,0,26
647,721,542,0,26
647,722,542,0,26
647,723,542,0,26
647,724,542,0,26
649,625,137,0,28
649,626,137,0,28
649,627,137,0,28
649,628,137,0,28
649,629,137,0,28
649,630,137,0,28
649,631,137,0,28
649,632,137,0,28
649,633,137,0,28
649,634,137,0,28
649,635,137,0,28
649,636,137,0,28
649,637,137,0,28
649,638,137,0,28
649,639,137,0,28
649,640,137,0,28
649,641,137,0,28
649,642,137,0,28
649,643,137,0,28
649,644,137,0,28
649,645,137,0,28
649,646,137,0,28
649,647,137,0,28
649,648,137,0,28
649,650,137,0,28
649,651,137,0,28
649,652,137,0,28
649,653,137,0,28
649,654,137,0,28
649,655,137,0,28
649,656,137,0,28
649,657,137,0,28
649,658,137,0,28
649,659,137,0,28
649,660,137,0,28
649,661,137,0,28
649,662,137,0,28
649,663,137,0,28
649,664,137,0,28
649,665,137,0,28
649,666,137,0,28
649,667,137,0,28
649,668,137,0,28
649,669,137,0,28
649,670,137,0,28
649,671,137,0,28
649,672,137,0,28
649,673,137,0,28
649,674,137,0,28
649,675,137,0,28
649,676,137,0,28
649,677,137,0,28
649,678,137,0,28
649,679,137,0,28
649,680,137,0,28
649,681,137,0,28
649,682,137,0,28
649,683,137,0,28
649,684,137,0,28
649,685,137,0,28
649,686,137,0,28
649,687,137,0,28
649,688,137,0,28
649,689,137,0,28
649,690,137,0,28
649,691,137,0,28
649,692,137,0,28
649,693,137,0,28
649,694,137,0,28
649,695,137,0,28
649,696,137,0,28
649,697,137,0,28
649,698,137,0,28
649,699,137,0,28
649,700,137,0,28
649,701,137,0,28
649,702,137,0,28
649,703,137,0,28
649,704,137,0,28
649,705,137,0,28
649,706,137,0,28
649,707,137,0,28
649,708,137,0,28
649,709,137,0,28
649,710,137,0,28
649,711,137,0,28
649,712,137,0,28
649,713,137,0,28
649,714,137,0,28
649,715,137,0,28
649,716,137,0,28
649,717,137,0,28
649,718,137,0,28
649,719,137,0,28
649,720,137,0,28
649,721,137,0,28
649,722,137,0,28
649,723,137,0,28
649,724,137,0,28
652,625,331,0,31
652,626,331,0,31
652,627,331,0,31
652,628,331,0,31
652,629,331,0,31
652,630,331,0,31
652,631,331,0,31
652,632,331,0,31
652,633,331,0,31
652,634,331,0,31
652,635,331,0,31
652,636,331,0,31
652,637,331,0,31
652,638,331,0,31
652,639,331,0,31
652,640,331,0,31
652,641,331,0,31
652,642,331,0,31
652,643,331,0,31
652,644,331,0,31
652,645,331,0,31
652,646,331,0,31
652,647,331,0,31
652,648,331,0,31
652,649,331,0,31
652,650,331,0,31
652,651,331,0,31
652,653,331,0,31
652,654,331,0,31
652,655,331,0,31
652,656,331,0,31
652,657,331,0,31
652,658,331,0,31
652,659,331,0,31
652,660,331,0,31
652,661,331,0,31
652,662,331,0,31
652,663,331,0,31
652,664,331,0,31
652,665,331,0,31
652,666,331,0,31
652,667,331,0,31
652,668,331,0,31
652,669,331,0,31
652,670,331,0,31
652,671,331,0,31
652,672,331,0,31
652,673,331,0,31
652,674,331,0,31
652,675,331,0,31
652,676,331,0,31
652,677,331,0,31
652,678,331,0,31
652,679,331,0,31
652,680,331,0,31
652,681,331,0,31
652,682,331,0,31
652,683,331,0,31
652,684,331,0,31
652,685,331,0,31
652,686,331,0,31
652,687,331,0,31
652,688,331,0,31
652,689,331,0,31
652,690,331,0,31
652,691,331,0,31
652,692,331,0,31
652,693,331,0,31
652,694,331,0,31
652,695,331,0,31
652,696,331,0,31
652,697,331,0,31
652,698,331,0,31
652,699,331,0,31
652,700,331,0,31
652,701,331,0,31
652,702,331,0,31
652,703,331,0,31
652,704,331,0,31
652,705,331,0,31
652,706,331,0,31
652,707,331,0,31
652,708,331,0,31
652,709,331,0,31
652,710,331,0,31
652,711,331,0,31
652,712,331,0,31
652,713,331,0,31
652,714,331,0,31
652,715,331,0,31
652,716,331,0,31
652,717,331,0,31
652,718,331,0,31
652,719,331,0,31
652,720,331,0,31
652,721,331,0,31
652,722,331,0,31
652,723,331,0,31
652,724,331,0,31
660,625,6,0,39
660,626,6,0,39
660,627,6,0,39
660,628,6,0,39
660,629,6,0,39
660,630,6,0,39
660,631,6,0,39
660,632,6,0,39
660,633,6,0,39
660,634,6,0,39
660,635,6,0,39
660,636,6,0,39
660,637,6,0,39
660,638,6,0,39
660,639,6,0,39
660,640,6,0,39
660,641,6,0,39
660,642,6,0,39
660,643,6,0,39
660,644,6,0,39
660,645,6,0,39
660,646,6,0,39
660,647,6,0,39
660,648,6,0,39
660,649,6,0,39
660,650,6,0,39
660,651,6,0,39
660,652,6,0,39
660,653,6,0,39
660,654,6,0,39
660,655,6,0,39
660,656,6,0,39
660,657,6,0,39
660,658,6,0,39
660,659,6,0,39
660,661,6,0,39
660,662,6,0,39
660,663,6,0,39
660,664,6,0,39
660,665,6,0,39
660,666,6,0,39
660,667,6,0,39
660,668,6,0,39
660,669,6,0,39
660,670,6,0,39
660,671,6,0,39
660,672,6,0,39
660,673,6,0,39
660,674,6,0,39
660,675,6,0,39
660,676,6,0,39
660,677,6,0,39
660,678,6,0,39
660,679,6,0,39
660,680,6,0,39
660,681,6,0,39
660,682,6,0,39
660,683,6,0,39
660,684,6,0,39
660,685,6,0,39
660,686,6,0,39
660,687,6,0,39
660,688,6,0,39
660,689,6,0,39
660,690,6,0,39
660,691,6,0,39
660,692,6,0,39
660,693,6,0,39
660,694,6,0,39
660,695,6,0,39
660,696,6,0,39
660,697,6,0,39
660,698,6,0,39
660,699,6,0,39
660,700,6,0,39
660,701,6,0,39
660,702,6,0,39
660,703,6,0,39
660,704,6,0,39
660,705,6,0,39
660,706,6,0,39
660,707,6,0,39
660,708,6,0,39
660,709,6,0,39
660,710,6,0,39
660,711,6,0,39
660,712,6,0,39
660,713,6,0,39
660,714,6,0,39
660,715,6,0,39
660,716,6,0,39
660,717,6,0,39
660,718,6,0,39
660,719,6,0,39
660,720,6,0,39
660,721,6,0,39
660,722,6,0,39
660,723,6,0,39
660,724,6,0,39
662,625,441,0,41
662,626,441,0,41
662,627,441,0,41
662,628,441,0,41
662,629,441,0,41
662,630,441,0,41
662,631,441,0,41
662,632,441,0,41
662,633,441,0,41
662,634,441,0,41
662,635,441,0,41
662,636,441,0,41
662,637,441,0,41
662,638,441,0,41
662,639,441,0,41
662,640,441,0,41
662,641,441,0,41
662,642,441,0,41
662,643,441,0,41
662,644,441,0,41
662,645,441,0,41
662,646,441,0,41
662,647,441,0,41
662,648,441,0,41
662,649,441,0,41
662,650,441,0,41
662,651,441,0,41
662,652,441,0,41
662,653,441,0,41
662,654,441,0,41
662,655,441,0,41
662,656,441,0,41
662,657,441,0,41
662,658,441,0,41
662,659,441,0,41
662,660,441,0,41
662,661,441,0,41
662,663,441,0,41
662,664,441,0,41
662,665,441,0,41
662,666,441,0,41
662,667,441,0,41
662,668,441,0,41
662,669,441,0,41
662,670,441,0,41
662,671,441,0,41
662,672,441,0,41
662,673,441,0,41
662,674,441,0,41
662,675,441,0,41
662,676,441,0,41
662,677,441,0,41
662,678,441,0,41
662,679,441,0,41
662,680,441,0,41
662,681,441,0,41
662,682,441,0,41
662,683,441,0,41
662,684,441,0,41
662,685,441,0,41
662,686,441,0,41
662,687,441,0,41
662,688,441,0,41
662,689,441,0,41
662,690,441,0,41
662,691,441,0,41
662,692,441,0,41
662,693,441,0,41
662,694,441,0,41
662,695,441,0,41
662,696,441,0,41
662,697,441,0,41
662,698,441,0,41
662,699,441,0,41
662,700,441,0,41
662,701,441,0,41
662,702,441,0,41
662,703,441,0,41
662,704,441,0,41
662,705,441,0,41
662,706,441,0,41
662,707,441,0,41
662,708,441,0,41
662,709,441,0,41
662,710,441,0,41
662,711,441,0,41
662,712,441,0,41
662,713,441,0,41
662,714,441,0,41
662,715,441,0,41
662,716,441,0,41
662,717,441,0,41
662,718,441,0,41
662,719,441,0,41
662,720,441,0,41
662,721,441,0,41
662,722,441,0,41
662,723,441,0,41
662,724,441,0,41
664,625,183,0,43
664,626,183,0,43
664,627,183,0,43
664,628,183,0,43
664,629,183,0,43
664,630,183,0,43
664,631,183,0,43
664,632,183,0,43
664,633,183,0,43
664,634,183,0,43
664,635,183,0,43
664,636,183,0,43
664,637,183,0,43
664,638,183,0,43
664,639,183,0,43
664,640,183,0,43
664,641,183,0,43
664,642,183,0,43
664,643,183,0,43
664,644,183,0,43
664,645,183,0,43
664,646,183,0,43
664,647,183,0,43
664,648,183,0,43
664,649,183,0,43
664,650,183,0,43
664,651,183,0,43
664,652,183,0,43
664,653,183,0,43
664,654,183,0,43
664,655,183,0,43
664,656,183,0,43
664,657,183,0,43
664,658,183,0,43
664,659,183,0,43
664,660,183,0,43
664,661,183,0,43
664,662,183,0,43
664,663,183,0,43
664,665,183,0,43
664,666,183,0,43
664,667,183,0,43
664,668,183,0,43
664,669,183,0,43
664,670,183,0,43
664,671,183,0,43
664,672,183,0,43
664,673,183,0,43
664,674,183,0,43
664,675,183,0,43
664,676,183,0,43
664,677,183,0,43
664,678,183,0,43
664,679,183,0,43
664,680,183,0,43
664,681,183,0,43
664,682,183,0,43
664,683,183,0,43
664,684,183,0,43
664,685,183,0,43
664,686,183,0,43
664,687,183,0,43
664,688,183,0,43
664,689,183,0,43
664,690,183,0,43
664,691,183,0,43
664,692,183,0,43
664,693,183,0,43
664,694,183,0,43
664,695,183,0,43
664,696,183,0,43
664,697,183,0,43
664,698,183,0,43
664,699,183,0,43
664,700,183,0,43
664,701,183,0,43
664,702,183,0,43
664,703,183,0,43
664,704,183,0,43
664,705,183,0,43
664,706,183,0,43
664,707,183,0,43
664,708,183,0,43
664,709,183,0,43
664,710,183,0,43
664,711,183,0,43
664,712,183,0,43
664,713,183,0,43
664,714,183,0,43
664,715,183,0,43
664,716,183,0,43
664,717,183,0,43
664,718,183,0,43
664,719,183,0,43
664,720,183,0,43
664,721,183,0,43
664,722,183,0,43
664,723,183,0,43
664,724,183,0,43
666,625,304,0,45
666,626,304,0,45
666,627,304,0,45
666,628,304,0,45
666,629,304,0,45
666,630,304,0,45
666,631,304,0,45
666,632,304,0,45
666,633,304,0,45
666,634,304,0,45
666,635,304,0,45
666,636,304,0,45
666,637,304,0,45
666,638,304,0,45
666,639,304,0,45
666,640,304,0,45
666,641,304,0,45
666,642,304,0,45
666,643,304,0,45
666,644,304,0,45
666,645,304,0,45
666,646,304,0,45
666,647,304,0,45
666,648,304,0,45
666,649,304,0,45
666,650,304,0,45
666,651,304,0,45
666,652,304,0,45
666,653,304,0,45
666,654,304,0,45
666,655,304,0,45
666,656,304,0,45
666,657,304,0,45
666,658,304,0,45
666,659,304,0,45
666,660,304,0,45
666,661,304,0,45
666,662,304,0,45
666,663,304,0,45
666,664,304,0,45
666,665,304,0,45
666,667,304,0,45
666,668,304,0,45
666,669,304,0,45
666,670,304,0,45
666,671,304,0,45
666,672,304,0,45
666,673,304,0,45
666,674,304,0,45
666,675,304,0,45
666,676,304,0,45
666,677,304,0,45
666,678,304,0,45
666,679,304,0,45
666,680,304,0,45
666,681,304,0,45
666,682,304,0,45
666,683,304,0,45
666,684,304,0,45
666,685,304,0,45
666,686,304,0,45
666,687,304,0,45
666,688,304,0,45
666,689,304,0,45
666,690,304,0,45
666,691,304,0,45
666,692,304,0,45
666,693,304,0,45
666,694,304,0,45
666,695,304,0,45
666,696,304,0,45
666,697,304,0,45
666,698,304,0,45
666,699,304,0,45
666,700,304,0,45
666,701,304,0,45
666,702,304,0,45
666,703,304,0,45
666,704,304,0,45
666,705,304,0,45
666,706,304,0,45
666,707,304,0,45
666,708,304,0,45
666,709,304,0,45
666,710,304,0,45
666,711,304,0,45
666,712,304,0,45
666,713,304,0,45
666,714,304,0,45
666,715,304,0,45
666,716,304,0,45
666,717,304,0,45
666,718,304,0,45
666,719,304,0,45
666,720,304,0,45
666,721,304,0,45
666,722,304,0,45
666,723,304,0,45
666,724,304,0,45
668,625,441,0,47
668,626,441,0,47
668,627,441,0,47
668,628,441,0,47
668,629,441,0,47
668,630,441,0,47
668,631,441,0,47
668,632,441,0,47
668,633,441,0,47
668,634,441,0,47
668,635,441,0,47
668,636,441,0,47
668,637,441,0,47
668,638,441,0,47
668,639,441,0,47
668,640,441,0,47
668,641,441,0,47
668,642,441,0,47
668,643,441,0,47
668,644,441,0,47
668,645,441,0,47
668,646,441,0,47
668,647,441,0,47
668,648,441,0,47
668,649,441,0,47
668,650,441,0,47
668,651,441,0,47
668,652,441,0,47
668,653,441,0,47
668,654,441,0,47
668,655,441,0,47
668,656,441,0,47
668,657,441,0,47
668,658,441,0,47
668,659,441,0,47
668,660,441,0,47
668,661,441,0,47
668,662,441,0,47
668,663,441,0,47
668,664,441,0,47
668,665,441,0,47
668,666,441,0,47
668,667,441,0,47
668,669,441,0,47
668,670,441,0,47
668,671,441,0,47
668,672,441,0,47
668,673,441,0,47
668,674,441,0,47
668,675,441,0,47
668,676,441,0,47
668,677,441,0,47
668,678,441,0,47
668,679,441,0,47
668,680,441,0,47
668,681,441,0,47
668,682,441,0,47
668,683,441,0,47
668,684,441,0,47
668,685,441,0,47
668,686,441,0,47
668,687,441,0,47
668,688,441,0,47
668,689,441,0,47
668,690,441,0,47
668,691,441,0,47
668,692,441,0,47
668,693,441,0,47
668,694,441,0,47
668,695,441,0,47
668,696,441,0,47
668,697,441,0,47
668,698,441,0,47
668,699,441,0,47
668,700,441,0,47
668,701,441,0,47
668,702,441,0,47
668,703,441,0,47
668,704,441,0,47
668,705,441,0,47
668,706,441,0,47
668,707,441,0,47
668,708,441,0,47
668,709,441,0,47
668,710,441,0,47
668,711,441,0,47
668,712,441,0,47
668,713,441,0,47
668,714,441,0,47
668,715,441,0,47
668,716,441,0,47
668,717,441,0,47
668,718,441,0,47
668,719,441,0,47
668,720,441,0,47
668,721,441,0,47
668,722,441,0,47
668,723,441,0,47
668,724,441,0,47
670,625,253,0,49
670,626,253,0,49
670,627,253,0,49
670,628,253,0,49
670,629,253,0,49
670,630,253,0,49
670,631,253,0,49
670,632,253,0,49
670,633,253,0,49
670,634,253,0,49
670,635,253,0,49
670,636,253,0,49
670,637,253,0,49
670,638,253,0,49
670,639,253,0,49
670,640,253,0,49
670,641,253,0,49
670,642,253,0,49
670,643,253,0,49
670,644,253,0,49
670,645,253,0,49
670,646,253,0,49
670,647,253,0,49
670,648,253,0,49
670,649,253,0,49
670,650,253,0,49
670,651,253,0,49
670,652,253,0,49
670,653,253,0,49
670,654,253,0,49
670,655,253,0,49
670,656,253,0,49
670,657,253,0,49
670,658,253,0,49
670,659,253,0,49
670,660,253,0,49
670,661,253,0,49
670,662,253,0,49
670,663,253,0,49
670,664,253,0,49
670,665,253,0,49
670,666,253,0,49
670,667,253,0,49
670,668,253,0,49
670,669,253,0,49
670,671,253,0,49
670,672,253,0,49
670,673,253,0,49
670,674,253,0,49
670,675,253,0,49
670,676,253,0,49
670,677,253,0,49
670,678,253,0,49
670,679,253,0,49
670,680,253,0,49
670,681,253,0,49
670,682,253,0,49
670,683,253,0,49
670,684,253,0,49
670,685,253,0,49
670,686,253,0,49
670,687,253,0,49
670,688,253,0,49
670,689,253,0,49
670,690,253,0,49
670,691,253,0,49
670,692,253,0,49
670,693,253,0,49
670,694,253,0,49
670,695,253,0,49
670,696,253,0,49
670,697,253,0,49
670,698,253,0,49
670,699,253,0,49
670,700,253,0,49
670,701,253,0,49
670,702,253,0,49
670,703,253,0,49
670,704,253,0,49
670,705,253,0,49
670,706,253,0,49
670,707,253,0,49
670,708,253,0,49
670,709,253,0,49
670,710,253,0,49
670,711,253,0,49
670,712,253,0,49
670,713,253,0,49
670,714,253,0,49
670,715,253,0,49
670,716,253,0,49
670,717,253,0,49
670,718,253,0,49
670,719,253,0,49
670,720,253,0,49
670,721,253,0,49
670,722,253,0,49
670,723,253,0,49
670,724,253,0,49
681,625,277,0,60
681,626,277,0,60
681,627,277,0,60
681,628,277,0,60
681,629,277,0,60
681,630,277,0,60
681,631,277,0,60
681,632,277,0,60
681,633,277,0,60
681,634,277,0,60
681,635,277,0,60
681,636,277,0,60
681,637,277,0,60
681,638,277,0,60
681,639,277,0,60
681,640,277,0,60
681,641,277,0,60
681,642,277,0,60
681,643,277,0,60
681,644,277,0,60
681,645,277,0,60
681,646,277,0,60
681,647,277,0,60
681,648,277,0,60
681,649,277,0,60
681,650,277,0,60
681,651,277,0,60
681,652,277,0,60
681,653,277,0,60
681,654,277,0,60
681,655,277,0,60
681,656,277,0,60
681,657,277,0,60
681,658,277,0,60
681,659,277,0,60
681,660,277,0,60
681,661,277,0,60
681,662,277,0,60
681,663,277,0,60
681,664,277,0,60
681,665,277,0,60
681,666,277,0,60
681,667,277,0,60
681,668,277,0,60
681,669,277,0,60
681,670,277,0,60
681,671,277,0,60
681,672,277,0,60
681,673,277,0,60
681,674,277,0,60
681,675,277,0,60
681,676,277,0,60
681,677,277,0,60
681,678,277,0,60
681,679,277,0,60
681,680,277,0,60
681,682,277,0,60
681,683,277,0,60
681,684,277,0,60
681,685,277,0,60
681,686,277,0,60
681,687,277,0,60
681,688,277,0,60
681,689,277,0,60
681,690,277,0,60
681,691,277,0,60
681,692,277,0,60
681,693,277,0,60
681,694,277,0,60
681,695,277,0,60
681,696,277,0,60
681,697,277,0,60
681,698,277,0,60
681,699,277,0,60
681,700,277,0,60
681,701,277,0,60
681,702,277,0,60
681,703,277,0,60
681,704,277,0,60
681,705,277,0,60
681,706,277,0,60
681,707,277,0,60
681,708,277,0,60
681,709,277,0,60
681,710,277,0,60
681,711,277,0,60
681,712,277,0,60
681,713,277,0,60
681,714,277,0,60
681,715,277,0,60
681,716,277,0,60
681,717,277,0,60
681,718,277,0,60
681,719,277,0,60
681,720,277,0,60
681,721,277,0,60
681,722,277,0,60
681,723,277,0,60
681,724,277,0,60
687,625,150,0,66
687,626,150,0,66
687,627,150,0,66
687,628,150,0,66
687,629,150,0,66
687,630,150,0,66
687,631,150,0,66
687,632,150,0,66
687,633,150,0,66
687,634,150,0,66
687,635,150,0,66
687,636,150,0,66
687,637,150,0,66
687,638,150,0,66
687,639,150,0,66
687,640,150,0,66
687,641,150,0,66
687,642,150,0,66
687,643,150,0,66
687,644,150,0,66
687,645,150,0,66
687,646,150,0,66
687,647,150,0,66
687,648,150,0,66
687,649,150,0,66
687,650,150,0,66
687,651,150,0,66
687,652,150,0,66
687,653,150,0,66
687,654,150,0,66
687,655,150,0,66
687,656,150,0,66
687,657,150,0,66
687,658,150,0,66
687,659,150,0,66
687,660,150,0,66
687,661,150,0,66
687,662,150,0,66
687,663,150,0,66
687,664,150,0,66
687,665,150,0,66
687,666,150,0,66
687,667,150,0,66
687,668,150,0,66
687,669,150,0,66
687,670,150,0,66
687,671,150,0,66
687,672,150,0,66
687,673,150,0,66
687,674,150,0,66
687,675,150,0,66
687,676,150,0,66
687,677,150,0,66
687,678,150,0,66
687,679,150,0,66
687,680,150,0,66
687,681,150,0,66
687,682,150,0,66
687,683,150,0,66
687,684,150,0,66
687,685,150,0,66
687,686,150,0,66
687,688,150,0,66
687,689,150,0,66
687,690,150,0,66
687,691,150,0,66
687,692,150,0,66
687,693,150,0,66
687,694,150,0,66
687,695,150,0,66
687,696,150,0,66
687,697,150,0,66
687,698,150,0,66
687,699,150,0,66
687,700,150,0,66
687,701,150,0,66
687,702,150,0,66
687,703,150,0,66
687,704,150,0,66
687,705,150,0,66
687,706,150,0,66
687,707,150,0,66
687,708,150,0,66
687,709,150,0,66
687,710,150,0,66
687,711,150,0,66
687,712,150,0,66
687,713,150,0,66
687,714,150,0,66
687,715,150,0,66
687,716,150,0,66
687,717,150,0,66
687,718,150,0,66
687,719,150,0,66
687,720,150,0,66
687,721,150,0,66
687,722,150,0,66
687,723,150,0,66
687,724,150,0,66
689,625,611,0,68
689,626,611,0,68
689,627,611,0,68
689,628,611,0,68
689,629,611,0,68
689,630,611,0,68
689,631,611,0,68
689,632,611,0,68
689,633,611,0,68
689,634,611,0,68
689,635,611,0,68
689,636,611,0,68
689,637,611,0,68
689,638,611,0,68
689,639,611,0,68
689,640,611,0,68
689,641,611,0,68
689,642,611,0,68
689,643,611,0,68
689,644,611,0,68
689,645,611,0,68
689,646,611,0,68
689,647,611,0,68
689,648,611,0,68
689,649,611,0,68
689,650,611,0,68
689,651,611,0,68
689,652,611,0,68
689,653,611,0,68
689,654,611,0,68
689,655,611,0,68
689,656,611,0,68
689,657,611,0,68
689,658,611,0,68
689,659,611,0,68
689,660,611,0,68
689,661,611,0,68
689,662,611,0,68
689,663,611,0,68
689,664,611,0,68
689,665,611,0,68
689,666,611,0,68
689,667,611,0,68
689,668,611,0,68
689,669,611,0,68
689,670,611,0,68
689,671,611,0,68
689,672,611,0,68
689,673,611,0,68
689,674,611,0,68
689,675,611,0,68
689,676,611,0,68
689,677,611,0,68
689,678,611,0,68
689,679,611,0,68
689,680,611,0,68
689,681,611,0,68
689,682,611,0,68
689,683,611,0,68
689,684,611,0,68
689,685,611,0,68
689,686,611,0,68
689,687,611,0,68
689,688,611,0,68
689,690,611,0,68
689,691,611,0,68
689,692,611,0,68
689,693,611,0,68
689,694,611,0,68
689,695,611,0,68
689,696,611,0,68
689,697,611,0,68
689,698,611,0,68
689,699,611,0,68
689,700,611,0,68
689,701,611,0,68
689,702,611,0,68
689,703,611,0,68
689,704,611,0,68
689,705,611,0,68
689,706,611,0,68
689,707,611,0,68
689,708,611,0,68
689,709,611,0,68
689,710,611,0,68
689,711,611,0,68
689,712,611,0,68
689,713,611,0,68
689,714,611,0,68
689,715,611,0,68
689,716,611,0,68
689,717,611,0,68
689,718,611,0,68
689,719,611,0,68
689,720,611,0,68
689,721,611,0,68
689,722,611,0,68
689,723,611,0,68
689,724,611,0,68
693,625,64,0,72
693,626,64,0,72
693,627,64,0,72
693,628,64,0,72
693,629,64,0,72
693,630,64,0,72
693,631,64,0,72
693,632,64,0,72
693,633,64,0,72
693,634,64,0,72
693,635,64,0,72
693,636,64,0,72
693,637,64,0,72
693,638,64,0,72
693,639,64,0,72
693,640,64,0,72
693,641,64,0,72
693,642,64,0,72
693,643,64,0,72
693,644,64,0,72
693,645,64,0,72
693,646,64,0,72
693,647,64,0,72
693,648,64,0,72
693,649,64,0,72
693,650,64,0,72
693,651,64,0,72
693,652,64,0,72
693,653,64,0,72
693,654,64,0,72
693,655,64,0,72
693,656,64,0,72
693,657,64,0,72
693,658,64,0,72
693,659,64,0,72
693,660,64,0,72
693,661,64,0,72
693,662,64,0,72
693,663,64,0,72
693,664,64,0,72
693,665,64,0,72
693,666,64,0,72
693,667,64,0,72
693,668,64,0,72
693,669,64,0,72
693,670,64,0,72
693,671,64,0,72
693,672,64,0,72
693,673,64,0,72
693,674,64,0,72
693,675,64,0,72
693,676,64,0,72
693,677,64,0,72
693,678,64,0,72
693,679,64,0,72
693,680,64,0,72
693,681,64,0,72
693,682,64,0,72
693,683,64,0,72
693,684,64,0,72
693,685,64,0,72
693,686,64,0,72
693,687,64,0,72
693,688,64,0,72
693,689,64,0,72
693,690,64,0,72
693,691,64,0,72
693,692,64,0,72
693,694,64,0,72
693,695,64,0,72
693,696,64,0,72
693,697,64,0,72
693,698,64,0,72
693,699,64,0,72
693,700,64,0,72
693,701,64,0,72
693,702,64,0,72
693,703,64,0,72
693,704,64,0,72
693,705,64,0,72
693,706,64,0,72
693,707,64,0,72
693,708,64,0,72
693,709,64,0,72
693,710,64,0,72
693,711,64,0,72
693,712,64,0,72
693,713,64,0,72
693,714,64,0,72
693,715,64,0,72
693,716,64,0,72
693,717,64,0,72
693,718,64,0,72
693,719,64,0,72
693,720,64,0,72
693,721,64,0,72
693,722,64,0,72
693,723,64,0,72
693,724,64,0,72
698,625,356,0,77
698,626,356,0,77
698,627,356,0,77
698,628,356,0,77
698,629,356,0,77
698,630,356,0,77
698,631,356,0,77
698,632,356,0,77
698,633,356,0,77
698,634,356,0,77
698,635,356,0,77
698,636,356,0,77
698,637,356,0,77
698,638,356,0,77
698,639,356,0,77
698,640,356,0,77
698,641,356,0,77
698,642,356,0,77
698,643,356,0,77
698,644,356,0,77
698,645,356,0,77
698,646,356,0,77
698,647,356,0,77
698,648,356,0,77
698,649,356,0,77
698,650,356,0,77
698,651,356,0,77
698,652,356,0,77
698,653,356,0,77
698,654,356,0,77
698,655,356,0,77
698,656,356,0,77
698,657,356,0,77
698,658,356,0,77
698,659,356,0,77
698,660,356,0,77
698,661,356,0,77
698,662,356,0,77
698,663,356,0,77
698,664,356,0,77
698,665,356,0,77
698,666,356,0,77
698,667,356,0,77
698,668,356,0,77
698,669,356,0,77
698,670,356,0,77
698,671,356,0,77
698,672,356,0,77
698,673,356,0,77
698,674,356,0,77
698,675,356,0,77
698,676,356,0,77
698,677,356,0,77
698,678,356,0,77
698,679,356,0,77
698,680,356,0,77
698,681,356,0,77
698,682,356,0,77
698,683,356,0,77
698,684,356,0,77
698,685,356,0,77
698,686,356,0,77
698,687,356,0,77
698,688,356,0,77
698,689,356,0,77
698,690,356,0,77
698,691,356,0,77
698,692,356,0,77
698,693,356,0,77
698,694,356,0,77
698,695,356,0,77
698,696,356,0,77
698,697,356,0,77
698,699,356,0,77
698,700,356,0,77
698,701,356,0,77
698,702,356,0,77
698,703,356,0,77
698,704,356,0,77
698,705,356,0,77
698,706,356,0,77
698,707,356,0,77
698,708,356,0,77
698,709,356,0,77
698,710,356,0,77
698,711,356,0,77
698,712,356,0,77
698,713,356,0,77
698,714,356,0,77
698,715,356,0,77
698,716,356,0,77
698,717,356,0,77
698,718,356,0,77
698,719,356,0,77
698,720,356,0,77
698,721,356,0,77
698,722,356,0,77
698,723,356,0,77
698,724,356,0,77
709,625,355,0,88
709,626,355,0,88
709,627,355,0,88
709,628,355,0,88
709,629,355,0,88
709,630,355,0,88
709,631,355,0,88
709,632,355,0,88
709,633,355,0,88
709,634,355,0,88
709,635,355,0,88
709,636,355,0,88
709,637,355,0,88
709,638,355,0,88
709,639,355,0,88
709,640,355,0,88
709,641,355,0,88
709,642,355,0,88
709,643,355,0,88
709,644,355,0,88
709,645,355,0,88
709,646,355,0,88
709,647,355,0,88
709,648,355,0,88
709,649,355,0,88
709,650,355,0,88
709,651,355,0,88
709,652,355,0,88
709,653,355,0,88
709,654,355,0,88
709,655,355,0,88
709,656,355,0,88
709,657,355,0,88
709,658,355,0,88
709,659,355,0,88
709,660,355,0,88
709,661,355,0,88
709,662,355,0,88
709,663,355,0,88
709,664,355,0,88
709,665,355,0,88
709,666,355,0,88
709,667,355,0,88
709,668,355,0,88
709,669,355,0,88
709,670,355,0,88
709,671,355,0,88
709,672,355,0,88
709,673,355,0,88
709,674,355,0,88
709,675,355,0,88
709,676,355,0,88
709,677,355,0,88
709,678,355,0,88
709,679,355,0,88
709,680,355,0,88
709,681,355,0,88
709,682,355,0,88
709,683,355,0,88
709,684,355,0,88
709,685,355,0,88
709,686,355,0,88
709,687,355,0,88
709,688,355,0,88
709,689,355,0,88
709,690,355,0,88
709,691,355,0,88
709,692,355,0,88
709,693,355,0,88
709,694,355,0,88
709,695,355,0,88
709,696,355,0,88
709,697,355,0,88
709,698,355,0,88
709,699,355,0,88
709,700,355,0,88
709,701,355,0,88
709,702,355,0,88
709,703,355,0,88
709,704,355,0,88
709,705,355,0,88
709,706,355,0,88
709,707,355,0,88
709,708,355,0,88
709,710,355,0,88
709,711,355,0,88
709,712,355,0,88
709,713,355,0,88
709,714,355,0,88
709,715,355,0,88
709,716,355,0,88
709,717,355,0,88
709,718,355,0,88
709,719,355,0,88
709,720,355,0,88
709,721,355,0,88
709,722,355,0,88
709,723,355,0,88
709,724,355,0,88
717,625,37,0,96
717,626,37,0,96
717,627,37,0,96
717,628,37,0,96
717,629,37,0,96
717,630,37,0,96
717,631,37,0,96
717,632,37,0,96
717,633,37,0,96
717,634,37,0,96
717,635,37,0,96
717,636,37,0,96
717,637,37,0,96
717,638,37,0,96
717,639,37,0,96
717,640,37,0,96
717,641,37,0,96
717,642,37,0,96
717,643,37,0,96
717,644,37,0,96
717,645,37,0,96
717,646,37,0,96
717,647,37,0,96
717,648,37,0,96
717,649,37,0,96
717,650,37,0,96
717,651,37,0,96
717,652,37,0,96
717,653,37,0,96
717,654,37,0,96
717,655,37,0,96
717,656,37,0,96
717,657,37,0,96
717,658,37,0,96
717,659,37,0,96
717,660,37,0,96
717,661,37,0,96
717,662,37,0,96
717,663,37,0,96
717,664,37,0,96
717,665,37,0,96
717,666,37,0,96
717,667,37,0,96
717,668,37,0,96
717,669,37,0,96
717,670,37,0,96
717,671,37,0,96
717,672,37,0,96
717,673,37,0,96
717,674,37,0,96
717,675,37,0,96
717,676,37,0,96
717,677,37,0,96
717,678,37,0,96
717,679,37,0,96
717,680,37,0,96
717,681,37,0,96
717,682,37,0,96
717,683,37,0,96
717,684,37,0,96
717,685,37,0,96
717,686,37,0,96
717,687,37,0,96
717,688,37,0,96
717,689,37,0,96
717,690,37,0,96
717,691,37,0,96
717,692,37,0,96
717,693,37,0,96
717,694,37,0,96
717,695,37,0,96
717,696,37,0,96
717,697,37,0,96
717,698,37,0,96
717,699,37,0,96
717,700,37,0,96
717,701,37,0,96
717,702,37,0,96
717,703,37,0,96
717,704,37,0,96
717,705,37,0,96
717,706,37,0,96
717,707,37,0,96
717,708,37,0,96
717,709,37,0,96
717,710,37,0,96
717,711,37,0,96
717,712,37,0,96
717,713,37,0,96
717,714,37,0,96
717,715,37,0,96
717,716,37,0,96
717,718,37,0,96
717,719,37,0,96
717,720,37,0,96
717,721,37,0,96
717,722,37,0,96
717,723,37,0,96
717,724,37,0,96
