0,631,600,3,2
0,641,24,2,1
0,648,24,2,1
0,663,600,3,2
0,677,600,3,2
0,683,600,3,2
0,691,24,2,1
0,719,25,1,0
1,641,2,1,0
1,648,0,0,0
1,691,0,0,0
1,719,26,2,0
2,628,602,3,3
2,645,602,3,3
2,648,1,0,1
2,653,27,2,0
2,691,1,0,1
3,628,603,3,3
3,645,603,3,3
3,653,28,2,0
3,662,2,0,1
3,691,4,1,0
4,641,5,1,0
4,648,5,1,0
4,691,5,1,0
4,719,29,2,0
5,631,605,3,3
5,641,6,1,0
5,648,6,1,0
5,663,605,3,3
5,677,605,3,3
5,683,605,3,3
5,691,6,1,0
5,719,30,2,0
6,631,606,3,3
6,640,7,1,0
6,641,7,1,0
6,648,7,1,0
6,649,7,1,0
6,677,606,3,3
6,691,7,1,0
6,719,31,2,0
7,631,607,3,3
7,640,8,1,0
7,641,8,1,0
7,648,8,1,0
7,649,8,1,0
7,652,32,2,0
7,677,607,3,3
7,691,8,1,0
7,697,607,3,3
7,719,32,2,0
8,631,608,3,3
8,640,9,1,0
8,641,9,1,0
8,648,9,1,0
8,649,9,1,0
8,652,33,2,0
8,672,33,2,0
8,677,608,3,3
8,691,9,1,0
8,692,9,1,0
8,697,608,3,3
8,701,9,1,0
8,719,33,2,0
9,631,609,3,3
9,640,10,1,0
9,641,609,3,3
9,648,609,3,3
9,649,34,2,0
9,677,609,3,3
9,691,609,3,3
9,697,609,3,3
9,701,10,1,0
9,719,34,2,0
10,640,11,1,0
10,641,610,3,3
10,648,610,3,3
10,649,35,2,0
10,652,9,0,1
10,672,9,0,1
10,677,9,0,1
10,691,610,3,3
10,692,35,2,0
10,697,9,0,1
10,701,701,80,0
10,719,9,0,1
11,640,12,1,0
11,641,611,3,3
11,648,611,3,3
11,649,36,2,0
11,652,10,0,1
11,677,10,0,1
11,691,611,3,3
11,697,10,0,1
11,719,10,0,1
12,640,640,19,0
12,641,612,3,3
12,648,612,3,3
12,649,37,2,0
12,677,11,0,1
12,691,612,3,3
12,719,11,0,1
13,641,613,3,3
13,648,613,3,3
13,677,12,0,1
13,691,613,3,3
13,719,12,0,1
14,648,614,3,3
14,691,614,3,3
14,719,13,0,1
15,662,16,1,0
15,691,615,3,3
16,628,17,1,0
16,645,17,1,0
16,648,616,3,3
16,653,17,1,0
16,691,616,3,3
17,641,16,0,1
17,648,617,3,3
17,691,617,3,3
17,719,18,1,0
18,641,618,3,3
18,648,618,3,3
18,663,19,1,0
18,677,19,1,0
18,683,19,1,0
18,691,618,3,3
18,719,19,1,0
19,640,18,0,1
19,641,619,3,3
19,648,619,3,3
19,649,44,2,0
19,677,20,1,0
19,691,619,3,3
19,719,20,1,0
20,640,19,0,1
20,641,620,3,3
20,648,620,3,3
20,649,45,2,0
20,652,21,1,0
20,677,21,1,0
20,691,620,3,3
20,697,21,1,0
20,719,21,1,0
21,631,621,3,3
21,640,20,0,1
21,641,621,3,3
21,648,621,3,3
21,649,46,2,0
21,677,621,3,3
21,691,621,3,3
21,697,621,3,3
21,701,20,0,1
21,719,46,2,0
22,631,622,3,3
22,640,21,0,1
22,641,21,0,1
22,648,21,0,1
22,649,21,0,1
22,652,47,2,0
22,672,47,2,0
22,677,622,3,3
22,691,21,0,1
22,692,21,0,1
22,697,622,3,3
22,701,21,0,1
22,719,47,2,0
23,631,623,3,3
23,640,22,0,1
23,641,22,0,1
23,648,22,0,1
23,649,22,0,1
23,652,48,2,0
23,677,623,3,3
23,691,22,0,1
23,697,623,3,3
23,719,48,2,0
24,631,624,3,3
24,640,23,0,1
24,641,23,0,1
24,648,23,0,1
24,649,23,0,1
24,677,624,3,3
24,691,23,0,1
24,719,49,2,0
25,641,49,3,2
25,648,49,3,2
25,663,0,0,1
25,677,0,0,1
25,683,0,0,1
25,691,49,3,2
25,719,50,2,0
26,641,27,2,1
26,648,25,1,1
26,691,25,1,1
26,719,51,3,0
27,628,2,0,2
27,645,52,3,0
27,648,26,1,2
27,653,52,3,0
27,691,26,1,2
28,628,3,0,2
28,645,53,3,0
28,653,53,3,0
28,662,27,1,2
28,691,29,2,1
29,641,30,2,1
29,648,30,2,1
29,691,30,2,1
29,719,54,3,0
30,641,31,2,1
30,648,31,2,1
30,663,5,0,2
30,677,5,0,2
30,683,5,0,2
30,691,31,2,1
30,719,55,3,0
31,640,32,2,1
31,641,32,2,1
31,648,32,2,1
31,649,32,2,1
31,677,6,0,2
31,691,32,2,1
31,719,56,3,0
32,640,33,2,1
32,641,33,2,1
32,648,33,2,1
32,649,33,2,1
32,652,57,3,0
32,677,7,0,2
32,691,33,2,1
32,697,57,3,0
32,719,57,3,0
33,640,34,2,1
33,641,34,2,1
33,648,34,2,1
33,649,34,2,1
33,652,58,3,0
33,672,58,3,0
33,677,8,0,2
33,691,34,2,1
33,692,34,2,1
33,697,58,3,0
33,701,34,2,1
33,719,58,3,0
34,640,9,0,2
34,641,9,0,2
34,648,9,0,2
34,677,9,0,2
34,691,9,0,2
34,692,35,2,1
34,701,9,0,2
34,719,59,3,0
35,640,10,0,2
35,641,10,0,2
35,648,10,0,2
35,649,60,3,0
35,652,34,1,2
35,672,34,1,2
35,677,34,1,2
35,691,10,0,2
35,692,692,71,0
35,697,34,1,2
35,701,10,0,2
35,719,34,1,2
36,640,11,0,2
36,641,11,0,2
36,648,11,0,2
36,649,61,3,0
36,652,35,1,2
36,677,35,1,2
36,691,11,0,2
36,697,35,1,2
36,719,35,1,2
37,640,12,0,2
37,641,12,0,2
37,648,12,0,2
37,649,62,3,0
37,677,36,1,2
37,691,12,0,2
37,719,36,1,2
38,641,13,0,2
38,648,13,0,2
38,677,37,1,2
38,691,13,0,2
38,719,37,1,2
39,648,14,0,2
39,691,14,0,2
39,719,38,1,2
40,662,41,2,1
40,691,15,0,2
41,628,42,2,1
41,645,42,2,1
41,648,16,0,2
41,653,42,2,1
41,691,16,0,2
42,641,41,1,2
42,648,17,0,2
42,691,17,0,2
42,719,43,2,1
43,641,18,0,2
43,648,18,0,2
43,663,44,2,1
43,677,44,2,1
43,683,44,2,1
43,691,18,0,2
43,719,44,2,1
44,640,19,0,2
44,641,19,0,2
44,648,19,0,2
44,649,69,3,0
44,677,45,2,1
44,691,19,0,2
44,719,45,2,1
45,640,20,0,2
45,641,20,0,2
45,648,20,0,2
45,649,70,3,0
45,652,46,2,1
45,677,46,2,1
45,691,20,0,2
45,697,46,2,1
45,719,46,2,1
46,640,21,0,2
46,641,21,0,2
46,648,21,0,2
46,677,21,0,2
46,691,21,0,2
46,692,45,1,2
46,701,21,0,2
46,719,71,3,0
47,640,46,1,2
47,641,46,1,2
47,648,46,1,2
47,649,46,1,2
47,652,72,3,0
47,672,72,3,0
47,677,22,0,2
47,691,46,1,2
47,692,46,1,2
47,697,72,3,0
47,701,46,1,2
47,719,72,3,0
48,640,47,1,2
48,641,47,1,2
48,648,47,1,2
48,649,47,1,2
48,652,73,3,0
48,677,23,0,2
48,691,47,1,2
48,697,73,3,0
48,719,73,3,0
49,640,48,1,2
49,641,48,1,2
49,648,48,1,2
49,649,48,1,2
49,677,24,0,2
49,691,48,1,2
49,719,74,3,0
50,641,74,3,2
50,648,74,3,2
50,663,25,0,2
50,677,75,2,0
50,683,25,0,2
50,691,74,3,2
50,719,75,2,0
51,648,50,1,1
51,691,50,1,1
51,719,76,3,0
52,628,27,0,3
52,645,77,3,0
52,648,51,1,2
52,653,77,3,0
52,691,51,1,2
53,628,28,0,3
53,645,78,3,0
53,653,78,3,0
53,662,52,1,2
53,691,54,2,1
54,641,55,2,1
54,648,55,2,1
54,691,55,2,1
54,719,79,3,0
55,641,56,2,1
55,648,56,2,1
55,663,30,0,3
55,677,80,3,0
55,683,30,0,3
55,691,56,2,1
55,719,80,3,0
56,640,57,2,1
56,641,57,2,1
56,648,57,2,1
56,649,57,2,1
56,677,81,3,0
56,683,31,0,3
56,691,57,2,1
56,719,81,3,0
57,640,58,2,1
57,641,58,2,1
57,648,58,2,1
57,649,58,2,1
57,652,82,3,0
57,677,82,3,0
57,683,32,0,3
57,691,58,2,1
57,697,82,3,0
57,719,82,3,0
58,640,59,2,1
58,641,59,2,1
58,648,59,2,1
58,649,59,2,1
58,652,83,3,0
58,672,83,3,0
58,677,83,3,0
58,683,33,0,3
58,691,59,2,1
58,692,59,2,1
58,697,83,3,0
58,701,59,2,1
58,719,83,3,0
59,640,34,0,3
59,641,34,0,3
59,648,34,0,3
59,683,34,0,3
59,690,84,3,0
59,691,34,0,3
59,692,34,0,3
59,701,34,0,3
59,719,84,3,0
60,640,35,0,3
60,641,35,0,3
60,648,35,0,3
60,649,85,3,0
60,652,59,1,2
60,672,59,1,2
60,677,59,1,2
60,690,85,3,0
60,691,35,0,3
60,692,35,0,3
60,697,59,1,2
60,701,35,0,3
60,719,59,1,2
61,640,36,0,3
61,641,36,0,3
61,648,36,0,3
61,649,86,3,0
61,652,60,1,2
61,677,60,1,2
61,690,86,3,0
61,691,36,0,3
61,697,60,1,2
61,719,60,1,2
62,640,37,0,3
62,641,37,0,3
62,648,37,0,3
62,649,87,3,0
62,677,61,1,2
62,690,87,3,0
62,691,37,0,3
62,719,61,1,2
63,641,38,0,3
63,648,38,0,3
63,677,62,1,2
63,690,88,3,0
63,691,38,0,3
63,719,62,1,2
64,648,39,0,3
64,690,89,3,0
64,691,39,0,3
64,719,63,1,2
65,662,66,2,1
65,691,40,0,3
66,628,67,2,1
66,645,67,2,1
66,648,41,0,3
66,653,67,2,1
66,690,91,3,0
66,691,41,0,3
67,641,66,1,2
67,648,42,0,3
67,690,92,3,0
67,691,42,0,3
67,719,68,2,1
68,641,43,0,3
68,648,43,0,3
68,663,69,2,1
68,677,69,2,1
68,683,69,2,1
68,690,93,3,0
68,691,43,0,3
68,719,69,2,1
69,640,44,0,3
69,641,44,0,3
69,648,44,0,3
69,649,94,3,0
69,677,70,2,1
69,690,94,3,0
69,691,44,0,3
69,719,70,2,1
70,640,45,0,3
70,641,45,0,3
70,648,45,0,3
70,649,95,3,0
70,652,71,2,1
70,677,71,2,1
70,690,95,3,0
70,691,45,0,3
70,697,71,2,1
70,719,71,2,1
71,640,46,0,3
71,641,46,0,3
71,648,46,0,3
71,683,46,0,3
71,690,96,3,0
71,691,46,0,3
71,692,46,0,3
71,701,46,0,3
71,719,96,3,0
72,640,71,1,2
72,641,71,1,2
72,648,71,1,2
72,649,71,1,2
72,652,97,3,0
72,672,97,3,0
72,677,97,3,0
72,683,47,0,3
72,691,71,1,2
72,692,71,1,2
72,697,97,3,0
72,701,71,1,2
72,719,97,3,0
73,640,72,1,2
73,641,72,1,2
73,648,72,1,2
73,649,72,1,2
73,652,98,3,0
73,677,98,3,0
73,683,48,0,3
73,691,72,1,2
73,697,98,3,0
73,719,98,3,0
74,640,73,1,2
74,641,73,1,2
74,648,73,1,2
74,649,73,1,2
74,677,99,3,0
74,683,49,0,3
74,691,73,1,2
74,719,99,3,0
75,641,99,3,2
75,648,99,3,2
75,663,50,0,2
75,677,100,2,0
75,683,100,2,0
75,691,99,3,2
75,719,100,2,0
76,641,77,2,1
76,648,75,1,1
76,691,75,1,1
76,719,101,3,0
77,628,102,3,0
77,645,102,3,0
77,648,76,1,2
77,653,102,3,0
77,691,76,1,2
78,628,103,3,0
78,645,103,3,0
78,653,103,3,0
78,662,77,1,2
78,691,79,2,1
79,641,80,2,1
79,648,80,2,1
79,691,80,2,1
79,719,104,3,0
80,641,81,2,1
80,648,81,2,1
80,663,55,0,3
80,677,105,3,0
80,683,105,3,0
80,691,81,2,1
80,719,105,3,0
81,640,82,2,1
81,641,82,2,1
81,648,82,2,1
81,649,82,2,1
81,677,106,3,0
81,691,82,2,1
81,719,106,3,0
82,640,83,2,1
82,641,83,2,1
82,648,83,2,1
82,649,83,2,1
82,652,107,3,0
82,677,107,3,0
82,691,83,2,1
82,697,107,3,0
82,719,107,3,0
83,640,84,2,1
83,641,84,2,1
83,648,84,2,1
83,649,84,2,1
83,652,108,3,0
83,672,108,3,0
83,677,108,3,0
83,691,84,2,1
83,692,84,2,1
83,697,108,3,0
83,701,84,2,1
83,719,108,3,0
84,640,59,0,3
84,648,59,0,3
84,691,59,0,3
84,692,59,0,3
84,701,59,0,3
84,719,109,3,0
85,640,60,0,3
85,641,60,0,3
85,648,60,0,3
85,649,110,3,0
85,652,84,1,2
85,672,84,1,2
85,677,84,1,2
85,691,60,0,3
85,692,60,0,3
85,697,84,1,2
85,701,60,0,3
85,719,84,1,2
86,640,61,0,3
86,641,61,0,3
86,648,61,0,3
86,649,111,3,0
86,652,85,1,2
86,677,85,1,2
86,691,61,0,3
86,697,85,1,2
86,719,85,1,2
87,640,62,0,3
87,641,62,0,3
87,648,62,0,3
87,649,112,3,0
87,677,86,1,2
87,691,62,0,3
87,719,86,1,2
88,641,63,0,3
88,648,63,0,3
88,677,87,1,2
88,691,63,0,3
88,719,87,1,2
89,648,64,0,3
89,691,64,0,3
89,719,88,1,2
90,662,91,2,1
90,691,65,0,3
91,628,92,2,1
91,645,92,2,1
91,648,66,0,3
91,653,92,2,1
91,691,66,0,3
92,641,91,1,2
92,648,67,0,3
92,691,67,0,3
92,719,93,2,1
93,641,68,0,3
93,648,68,0,3
93,663,94,2,1
93,677,94,2,1
93,683,94,2,1
93,691,68,0,3
93,719,94,2,1
94,640,69,0,3
94,641,69,0,3
94,648,69,0,3
94,649,119,3,0
94,677,95,2,1
94,691,69,0,3
94,719,95,2,1
95,640,70,0,3
95,641,70,0,3
95,648,70,0,3
95,649,120,3,0
95,652,96,2,1
95,677,96,2,1
95,691,70,0,3
95,697,96,2,1
95,719,96,2,1
96,640,71,0,3
96,648,71,0,3
96,691,71,0,3
96,692,71,0,3
96,701,71,0,3
96,719,121,3,0
97,640,96,1,2
97,641,96,1,2
97,648,96,1,2
97,649,96,1,2
97,652,122,3,0
97,672,122,3,0
97,677,122,3,0
97,691,96,1,2
97,692,96,1,2
97,697,122,3,0
97,701,96,1,2
97,719,122,3,0
98,640,97,1,2
98,641,97,1,2
98,648,97,1,2
98,649,97,1,2
98,652,123,3,0
98,677,123,3,0
98,691,97,1,2
98,697,123,3,0
98,719,123,3,0
99,640,98,1,2
99,641,98,1,2
99,648,98,1,2
99,649,98,1,2
99,677,124,3,0
99,691,98,1,2
99,719,124,3,0
100,641,124,3,2
100,648,124,3,2
100,663,75,0,2
100,677,125,2,0
100,683,125,2,0
100,691,124,3,2
100,719,125,2,0
101,641,102,2,1
101,648,100,1,1
101,691,100,1,1
101,719,126,3,0
102,628,127,3,0
102,645,127,3,0
102,648,101,1,2
102,653,127,3,0
102,691,101,1,2
103,628,128,3,0
103,645,128,3,0
103,653,128,3,0
103,662,102,1,2
103,691,104,2,1
104,641,105,2,1
104,648,105,2,1
104,691,105,2,1
104,719,129,3,0
105,641,106,2,1
105,648,106,2,1
105,663,80,0,3
105,677,130,3,0
105,683,130,3,0
105,691,106,2,1
105,719,130,3,0
106,640,107,2,1
106,641,107,2,1
106,648,107,2,1
106,649,107,2,1
106,677,131,3,0
106,691,107,2,1
106,719,131,3,0
107,640,108,2,1
107,641,108,2,1
107,648,108,2,1
107,649,108,2,1
107,652,132,3,0
107,677,132,3,0
107,691,108,2,1
107,697,132,3,0
107,719,132,3,0
108,640,109,2,1
108,641,109,2,1
108,648,109,2,1
108,649,109,2,1
108,652,133,3,0
108,672,133,3,0
108,677,133,3,0
108,691,109,2,1
108,692,109,2,1
108,697,133,3,0
108,701,109,2,1
108,719,133,3,0
109,640,84,0,3
109,648,134,3,0
109,677,134,3,0
109,691,84,0,3
109,692,84,0,3
109,701,84,0,3
109,719,134,3,0
110,640,85,0,3
110,641,85,0,3
110,648,135,3,0
110,649,135,3,0
110,652,109,1,2
110,672,109,1,2
110,677,109,1,2
110,691,85,0,3
110,692,85,0,3
110,697,109,1,2
110,701,85,0,3
110,719,109,1,2
111,640,86,0,3
111,641,86,0,3
111,648,136,3,0
111,649,136,3,0
111,652,110,1,2
111,677,110,1,2
111,691,86,0,3
111,697,110,1,2
111,719,110,1,2
112,640,87,0,3
112,641,87,0,3
112,648,137,3,0
112,649,137,3,0
112,677,111,1,2
112,691,87,0,3
112,719,111,1,2
113,641,88,0,3
113,648,138,3,0
113,677,112,1,2
113,691,88,0,3
113,719,112,1,2
114,648,139,3,0
114,691,89,0,3
114,719,113,1,2
115,662,116,2,1
115,691,90,0,3
116,628,117,2,1
116,645,117,2,1
116,648,141,3,0
116,653,117,2,1
116,691,91,0,3
117,641,116,1,2
117,648,142,3,0
117,691,92,0,3
117,719,118,2,1
118,641,93,0,3
118,648,143,3,0
118,663,119,2,1
118,677,119,2,1
118,683,119,2,1
118,691,93,0,3
118,719,119,2,1
119,640,94,0,3
119,641,94,0,3
119,648,144,3,0
119,649,144,3,0
119,677,120,2,1
119,691,94,0,3
119,719,120,2,1
120,640,95,0,3
120,641,95,0,3
120,648,145,3,0
120,649,145,3,0
120,652,121,2,1
120,677,121,2,1
120,691,95,0,3
120,697,121,2,1
120,719,121,2,1
121,640,96,0,3
121,648,146,3,0
121,677,146,3,0
121,691,96,0,3
121,692,96,0,3
121,701,96,0,3
121,719,146,3,0
122,640,121,1,2
122,641,121,1,2
122,648,121,1,2
122,649,121,1,2
122,652,147,3,0
122,672,147,3,0
122,677,147,3,0
122,691,121,1,2
122,692,121,1,2
122,697,147,3,0
122,701,121,1,2
122,719,147,3,0
123,640,122,1,2
123,641,122,1,2
123,648,122,1,2
123,649,122,1,2
123,652,148,3,0
123,677,148,3,0
123,691,122,1,2
123,697,148,3,0
123,719,148,3,0
124,640,123,1,2
124,641,123,1,2
124,648,123,1,2
124,649,123,1,2
124,677,149,3,0
124,691,123,1,2
124,719,149,3,0
125,641,149,3,2
125,648,149,3,2
125,663,100,0,2
125,677,150,2,0
125,683,150,2,0
125,691,149,3,2
125,719,150,2,0
126,641,127,2,1
126,648,125,1,1
126,691,125,1,1
126,719,151,3,0
127,628,152,3,0
127,645,152,3,0
127,648,126,1,2
127,653,152,3,0
127,662,662,41,0
127,691,126,1,2
128,628,153,3,0
128,645,153,3,0
128,653,153,3,0
128,662,127,1,2
128,691,129,2,1
129,641,130,2,1
129,648,130,2,1
129,691,130,2,1
129,719,154,3,0
130,641,131,2,1
130,648,131,2,1
130,663,105,0,3
130,677,155,3,0
130,683,155,3,0
130,691,131,2,1
130,719,155,3,0
131,640,132,2,1
131,641,132,2,1
131,648,132,2,1
131,649,132,2,1
131,677,156,3,0
131,691,132,2,1
131,719,156,3,0
132,640,133,2,1
132,641,133,2,1
132,648,133,2,1
132,649,133,2,1
132,652,157,3,0
132,677,157,3,0
132,691,133,2,1
132,697,157,3,0
132,719,157,3,0
133,640,134,2,1
133,641,134,2,1
133,648,134,2,1
133,649,134,2,1
133,652,158,3,0
133,672,158,3,0
133,677,158,3,0
133,691,134,2,1
133,692,134,2,1
133,697,158,3,0
133,701,134,2,1
133,719,158,3,0
134,640,109,0,3
134,641,159,3,0
134,648,159,3,0
134,672,159,3,0
134,677,159,3,0
134,691,109,0,3
134,692,109,0,3
134,719,159,3,0
135,640,110,0,3
135,641,160,3,0
135,648,160,3,0
135,649,160,3,0
135,652,134,1,2
135,672,134,1,2
135,677,134,1,2
135,691,110,0,3
135,692,110,0,3
135,697,134,1,2
135,701,110,0,3
135,719,134,1,2
136,640,111,0,3
136,641,161,3,0
136,648,161,3,0
136,649,161,3,0
136,652,135,1,2
136,677,135,1,2
136,691,111,0,3
136,697,135,1,2
136,719,135,1,2
137,640,112,0,3
137,641,162,3,0
137,648,162,3,0
137,649,162,3,0
137,677,136,1,2
137,691,112,0,3
137,719,136,1,2
138,641,163,3,0
138,648,163,3,0
138,677,137,1,2
138,691,113,0,3
138,719,137,1,2
139,648,164,3,0
139,691,114,0,3
139,719,138,1,2
140,662,141,2,1
140,691,115,0,3
141,628,142,2,1
141,645,142,2,1
141,648,166,3,0
141,653,142,2,1
141,691,116,0,3
142,641,141,1,2
142,648,167,3,0
142,691,117,0,3
142,719,143,2,1
143,641,168,3,0
143,648,168,3,0
143,663,144,2,1
143,677,144,2,1
143,683,144,2,1
143,691,118,0,3
143,719,144,2,1
144,640,119,0,3
144,641,169,3,0
144,648,169,3,0
144,649,169,3,0
144,677,145,2,1
144,691,119,0,3
144,719,145,2,1
145,640,120,0,3
145,641,170,3,0
145,648,170,3,0
145,649,170,3,0
145,652,146,2,1
145,677,146,2,1
145,691,120,0,3
145,697,146,2,1
145,719,146,2,1
146,640,121,0,3
146,641,171,3,0
146,648,171,3,0
146,672,171,3,0
146,677,171,3,0
146,691,121,0,3
146,692,121,0,3
146,719,171,3,0
147,640,146,1,2
147,641,146,1,2
147,648,146,1,2
147,649,146,1,2
147,652,172,3,0
147,672,172,3,0
147,677,172,3,0
147,691,146,1,2
147,692,146,1,2
147,697,172,3,0
147,701,146,1,2
147,719,172,3,0
148,640,147,1,2
148,641,147,1,2
148,648,147,1,2
148,649,147,1,2
148,652,173,3,0
148,677,173,3,0
148,691,147,1,2
148,697,173,3,0
148,719,173,3,0
149,640,148,1,2
149,641,148,1,2
149,648,148,1,2
149,649,148,1,2
149,677,174,3,0
149,691,148,1,2
149,719,174,3,0
150,641,174,3,2
150,648,174,3,2
150,653,175,2,0
150,663,125,0,2
150,677,175,2,0
150,683,175,2,0
150,691,174,3,2
150,719,175,2,0
151,641,152,2,1
151,648,150,1,1
151,653,176,3,0
151,691,150,1,1
151,719,176,3,0
152,628,177,3,0
152,645,177,3,0
152,648,151,1,2
152,653,177,3,0
152,691,151,1,2
153,628,178,3,0
153,645,178,3,0
153,653,178,3,0
153,662,152,1,2
153,691,154,2,1
154,641,155,2,1
154,648,155,2,1
154,653,179,3,0
154,691,155,2,1
154,719,179,3,0
155,641,156,2,1
155,648,156,2,1
155,653,180,3,0
155,663,130,0,3
155,677,180,3,0
155,683,180,3,0
155,691,156,2,1
155,719,180,3,0
156,640,157,2,1
156,641,157,2,1
156,648,157,2,1
156,649,157,2,1
156,653,181,3,0
156,677,181,3,0
156,691,157,2,1
156,719,181,3,0
157,640,158,2,1
157,641,158,2,1
157,648,158,2,1
157,649,158,2,1
157,652,182,3,0
157,653,182,3,0
157,677,182,3,0
157,691,158,2,1
157,697,182,3,0
157,719,182,3,0
158,640,159,2,1
158,641,159,2,1
158,648,159,2,1
158,649,159,2,1
158,652,183,3,0
158,653,183,3,0
158,672,183,3,0
158,677,183,3,0
158,691,159,2,1
158,692,159,2,1
158,697,183,3,0
158,701,159,2,1
158,719,183,3,0
159,640,134,0,3
159,641,184,3,0
159,648,184,3,0
159,649,160,2,1
159,652,184,3,0
159,653,184,3,0
159,672,184,3,0
159,677,184,3,0
159,691,134,0,3
159,719,184,3,0
160,640,135,0,3
160,641,185,3,0
160,648,185,3,0
160,649,161,2,1
160,652,159,1,2
160,672,159,1,2
160,677,159,1,2
160,691,135,0,3
160,692,135,0,3
160,697,159,1,2
160,701,135,0,3
160,719,159,1,2
161,640,136,0,3
161,641,186,3,0
161,648,186,3,0
161,649,162,2,1
161,652,160,1,2
161,677,160,1,2
161,691,136,0,3
161,697,160,1,2
161,719,160,1,2
162,640,137,0,3
162,641,187,3,0
162,648,187,3,0
162,649,649,28,0
162,677,161,1,2
162,691,137,0,3
162,719,161,1,2
163,641,188,3,0
163,648,188,3,0
163,677,162,1,2
163,691,138,0,3
163,719,162,1,2
164,648,189,3,0
164,691,139,0,3
164,719,163,1,2
165,662,166,2,1
165,691,140,0,3
166,628,167,2,1
166,645,167,2,1
166,648,191,3,0
166,653,167,2,1
166,691,141,0,3
167,641,166,1,2
167,648,192,3,0
167,691,142,0,3
167,719,168,2,1
168,641,193,3,0
168,648,193,3,0
168,663,169,2,1
168,677,169,2,1
168,683,169,2,1
168,691,143,0,3
168,719,169,2,1
169,640,144,0,3
169,641,194,3,0
169,648,194,3,0
169,649,168,1,2
169,677,170,2,1
169,691,144,0,3
169,719,170,2,1
170,640,145,0,3
170,641,195,3,0
170,648,195,3,0
170,649,169,1,2
170,652,171,2,1
170,677,171,2,1
170,691,145,0,3
170,697,171,2,1
170,719,171,2,1
171,640,146,0,3
171,641,196,3,0
171,648,196,3,0
171,649,170,1,2
171,652,196,3,0
171,653,196,3,0
171,672,196,3,0
171,677,196,3,0
171,691,146,0,3
171,719,196,3,0
172,640,171,1,2
172,641,171,1,2
172,648,171,1,2
172,649,171,1,2
172,652,197,3,0
172,653,197,3,0
172,672,197,3,0
172,677,197,3,0
172,691,171,1,2
172,692,171,1,2
172,697,197,3,0
172,701,171,1,2
172,719,197,3,0
173,640,172,1,2
173,641,172,1,2
173,648,172,1,2
173,649,172,1,2
173,652,198,3,0
173,653,198,3,0
173,677,198,3,0
173,691,172,1,2
173,697,198,3,0
173,719,198,3,0
174,640,173,1,2
174,641,173,1,2
174,648,173,1,2
174,649,173,1,2
174,653,199,3,0
174,677,199,3,0
174,691,173,1,2
174,719,199,3,0
175,641,199,3,2
175,648,199,3,2
175,653,176,1,1
175,663,150,0,2
175,677,200,2,0
175,683,200,2,0
175,691,199,3,2
175,719,200,2,0
176,641,177,2,1
176,648,175,1,1
176,653,177,2,1
176,691,175,1,1
176,719,201,3,0
177,628,202,3,0
177,645,202,3,0
177,648,176,1,2
177,691,176,1,2
178,628,203,3,0
178,645,203,3,0
178,653,653,32,0
178,662,177,1,2
178,691,179,2,1
179,641,180,2,1
179,648,180,2,1
179,653,178,1,2
179,691,180,2,1
179,719,204,3,0
180,641,181,2,1
180,648,181,2,1
180,653,179,1,2
180,663,155,0,3
180,677,205,3,0
180,683,205,3,0
180,691,181,2,1
180,719,205,3,0
181,640,182,2,1
181,641,182,2,1
181,648,182,2,1
181,649,182,2,1
181,653,180,1,2
181,677,206,3,0
181,691,182,2,1
181,719,206,3,0
182,640,183,2,1
182,641,183,2,1
182,648,183,2,1
182,649,183,2,1
182,652,207,3,0
182,653,181,1,2
182,677,207,3,0
182,691,183,2,1
182,697,207,3,0
182,719,207,3,0
183,640,184,2,1
183,641,184,2,1
183,648,184,2,1
183,649,184,2,1
183,652,208,3,0
183,653,182,1,2
183,672,208,3,0
183,677,208,3,0
183,691,184,2,1
183,692,184,2,1
183,697,208,3,0
183,701,184,2,1
183,719,208,3,0
184,640,159,0,3
184,641,209,3,0
184,648,209,3,0
184,649,159,0,3
184,652,209,3,0
184,653,183,1,2
184,672,209,3,0
184,677,209,3,0
184,691,159,0,3
184,697,209,3,0
184,719,209,3,0
185,640,160,0,3
185,641,210,3,0
185,648,210,3,0
185,649,160,0,3
185,652,184,1,2
185,672,184,1,2
185,677,184,1,2
185,691,160,0,3
185,692,160,0,3
185,697,184,1,2
185,701,160,0,3
185,719,184,1,2
186,640,161,0,3
186,641,211,3,0
186,648,211,3,0
186,649,161,0,3
186,652,185,1,2
186,677,185,1,2
186,691,161,0,3
186,697,185,1,2
186,719,185,1,2
187,640,162,0,3
187,641,212,3,0
187,648,212,3,0
187,649,162,0,3
187,677,186,1,2
187,691,162,0,3
187,719,186,1,2
188,641,213,3,0
188,648,213,3,0
188,677,187,1,2
188,691,163,0,3
188,719,187,1,2
189,648,214,3,0
189,691,164,0,3
189,719,188,1,2
190,662,191,2,1
190,691,165,0,3
191,628,192,2,1
191,645,192,2,1
191,648,216,3,0
191,653,192,2,1
191,691,166,0,3
192,641,191,1,2
192,648,217,3,0
192,691,167,0,3
192,719,193,2,1
193,641,218,3,0
193,648,218,3,0
193,663,194,2,1
193,677,194,2,1
193,683,194,2,1
193,691,168,0,3
193,719,194,2,1
194,640,169,0,3
194,641,219,3,0
194,648,219,3,0
194,649,169,0,3
194,677,195,2,1
194,691,169,0,3
194,719,195,2,1
195,640,170,0,3
195,641,220,3,0
195,648,220,3,0
195,649,170,0,3
195,652,196,2,1
195,677,196,2,1
195,691,170,0,3
195,697,196,2,1
195,719,196,2,1
196,640,171,0,3
196,641,221,3,0
196,648,221,3,0
196,649,171,0,3
196,652,221,3,0
196,653,197,2,1
196,672,221,3,0
196,677,221,3,0
196,691,171,0,3
196,697,221,3,0
196,719,221,3,0
197,640,196,1,2
197,641,196,1,2
197,648,196,1,2
197,649,196,1,2
197,652,222,3,0
197,653,198,2,1
197,672,222,3,0
197,677,222,3,0
197,691,196,1,2
197,692,196,1,2
197,697,222,3,0
197,701,196,1,2
197,719,222,3,0
198,640,197,1,2
198,641,197,1,2
198,648,197,1,2
198,649,197,1,2
198,652,223,3,0
198,653,199,2,1
198,677,223,3,0
198,691,197,1,2
198,697,223,3,0
198,719,223,3,0
199,640,198,1,2
199,641,198,1,2
199,648,198,1,2
199,649,198,1,2
199,653,175,2,3
199,677,224,3,0
199,691,198,1,2
199,719,224,3,0
200,641,224,3,2
200,648,224,3,2
200,663,175,0,2
200,677,225,2,0
200,683,225,2,0
200,691,224,3,2
200,719,225,2,0
201,641,202,2,1
201,648,200,1,1
201,691,200,1,1
201,719,226,3,0
202,628,227,3,0
202,645,227,3,0
202,648,201,1,2
202,653,177,0,3
202,691,201,1,2
203,628,228,3,0
203,645,228,3,0
203,653,178,0,3
203,662,202,1,2
203,691,204,2,1
204,641,205,2,1
204,648,205,2,1
204,691,205,2,1
204,719,229,3,0
205,641,206,2,1
205,648,206,2,1
205,663,180,0,3
205,677,230,3,0
205,683,230,3,0
205,691,206,2,1
205,719,230,3,0
206,640,207,2,1
206,641,207,2,1
206,648,207,2,1
206,649,207,2,1
206,677,231,3,0
206,691,207,2,1
206,719,231,3,0
207,640,208,2,1
207,641,208,2,1
207,648,208,2,1
207,649,208,2,1
207,652,232,3,0
207,677,232,3,0
207,691,208,2,1
207,697,232,3,0
207,719,232,3,0
208,640,209,2,1
208,641,209,2,1
208,648,209,2,1
208,649,209,2,1
208,652,233,3,0
208,672,672,51,0
208,677,233,3,0
208,691,209,2,1
208,692,209,2,1
208,697,233,3,0
208,701,209,2,1
208,719,233,3,0
209,640,184,0,3
209,641,234,3,0
209,648,234,3,0
209,649,184,0,3
209,652,234,3,0
209,672,208,1,2
209,677,234,3,0
209,691,184,0,3
209,697,234,3,0
209,719,234,3,0
210,640,185,0,3
210,641,235,3,0
210,648,235,3,0
210,649,185,0,3
210,652,209,1,2
210,672,209,1,2
210,677,209,1,2
210,691,185,0,3
210,692,185,0,3
210,697,209,1,2
210,701,185,0,3
210,719,209,1,2
211,640,186,0,3
211,641,236,3,0
211,648,236,3,0
211,649,186,0,3
211,652,210,1,2
211,677,210,1,2
211,691,186,0,3
211,697,210,1,2
211,719,210,1,2
212,640,187,0,3
212,641,237,3,0
212,648,237,3,0
212,649,187,0,3
212,677,211,1,2
212,691,187,0,3
212,719,211,1,2
213,641,238,3,0
213,648,238,3,0
213,677,212,1,2
213,691,188,0,3
213,719,212,1,2
214,648,239,3,0
214,691,189,0,3
214,719,213,1,2
215,662,216,2,1
215,691,190,0,3
216,628,217,2,1
216,645,217,2,1
216,648,241,3,0
216,653,217,2,1
216,691,191,0,3
217,641,216,1,2
217,648,242,3,0
217,691,192,0,3
217,719,218,2,1
218,641,243,3,0
218,648,243,3,0
218,663,219,2,1
218,677,219,2,1
218,683,219,2,1
218,691,193,0,3
218,719,219,2,1
219,640,194,0,3
219,641,244,3,0
219,648,244,3,0
219,649,194,0,3
219,677,220,2,1
219,691,194,0,3
219,719,220,2,1
220,640,195,0,3
220,641,245,3,0
220,648,245,3,0
220,649,195,0,3
220,652,221,2,1
220,677,221,2,1
220,691,195,0,3
220,697,221,2,1
220,719,221,2,1
221,640,196,0,3
221,641,246,3,0
221,648,246,3,0
221,649,196,0,3
221,652,246,3,0
221,672,222,2,1
221,677,246,3,0
221,691,196,0,3
221,697,246,3,0
221,719,246,3,0
222,640,221,1,2
222,641,221,1,2
222,648,221,1,2
222,649,221,1,2
222,652,247,3,0
222,672,223,2,1
222,677,247,3,0
222,691,221,1,2
222,692,221,1,2
222,697,247,3,0
222,701,221,1,2
222,719,247,3,0
223,640,222,1,2
223,641,222,1,2
223,648,222,1,2
223,649,222,1,2
223,652,248,3,0
223,677,248,3,0
223,691,222,1,2
223,697,248,3,0
223,719,248,3,0
224,640,223,1,2
224,641,223,1,2
224,648,223,1,2
224,649,223,1,2
224,677,249,3,0
224,691,223,1,2
224,719,249,3,0
225,641,249,3,2
225,648,249,3,2
225,663,200,0,2
225,677,250,2,0
225,683,250,2,0
225,691,249,3,2
225,719,250,2,0
226,641,227,2,1
226,648,225,1,1
226,691,225,1,1
226,719,251,3,0
227,628,252,3,0
227,645,252,3,0
227,648,226,1,2
227,653,202,0,3
227,691,226,1,2
228,628,253,3,0
228,645,253,3,0
228,653,203,0,3
228,662,227,1,2
228,691,229,2,1
229,641,230,2,1
229,648,230,2,1
229,691,230,2,1
229,719,254,3,0
230,641,231,2,1
230,648,231,2,1
230,663,205,0,3
230,677,255,3,0
230,683,255,3,0
230,691,231,2,1
230,719,255,3,0
231,640,232,2,1
231,641,232,2,1
231,648,232,2,1
231,649,232,2,1
231,677,256,3,0
231,691,232,2,1
231,719,256,3,0
232,640,233,2,1
232,641,233,2,1
232,648,233,2,1
232,649,233,2,1
232,652,257,3,0
232,677,257,3,0
232,691,233,2,1
232,697,257,3,0
232,719,257,3,0
233,640,234,2,1
233,641,234,2,1
233,648,234,2,1
233,649,234,2,1
233,652,258,3,0
233,672,208,0,3
233,677,258,3,0
233,691,234,2,1
233,692,234,2,1
233,697,258,3,0
233,701,234,2,1
233,719,258,3,0
234,641,259,3,0
234,648,259,3,0
234,649,209,0,3
234,652,259,3,0
234,677,259,3,0
234,691,259,3,0
234,697,259,3,0
234,719,259,3,0
235,640,210,0,3
235,641,260,3,0
235,648,260,3,0
235,649,210,0,3
235,652,234,1,2
235,672,234,1,2
235,677,234,1,2
235,691,260,3,0
235,692,210,0,3
235,697,234,1,2
235,701,210,0,3
235,719,234,1,2
236,640,211,0,3
236,641,261,3,0
236,648,261,3,0
236,649,211,0,3
236,652,235,1,2
236,677,235,1,2
236,691,261,3,0
236,697,235,1,2
236,719,235,1,2
237,640,212,0,3
237,641,262,3,0
237,648,262,3,0
237,649,212,0,3
237,677,236,1,2
237,691,262,3,0
237,719,236,1,2
238,641,263,3,0
238,648,263,3,0
238,677,237,1,2
238,691,263,3,0
238,719,237,1,2
239,648,264,3,0
239,691,264,3,0
239,719,238,1,2
240,662,241,2,1
240,691,265,3,0
241,628,242,2,1
241,645,242,2,1
241,648,266,3,0
241,653,242,2,1
241,691,266,3,0
242,641,241,1,2
242,648,267,3,0
242,691,267,3,0
242,719,243,2,1
243,641,268,3,0
243,648,268,3,0
243,663,244,2,1
243,677,244,2,1
243,683,244,2,1
243,691,268,3,0
243,719,244,2,1
244,640,219,0,3
244,641,269,3,0
244,648,269,3,0
244,649,219,0,3
244,677,245,2,1
244,691,269,3,0
244,719,245,2,1
245,640,220,0,3
245,641,270,3,0
245,648,270,3,0
245,649,220,0,3
245,652,246,2,1
245,677,246,2,1
245,691,270,3,0
245,697,246,2,1
245,719,246,2,1
246,641,271,3,0
246,648,271,3,0
246,649,221,0,3
246,652,271,3,0
246,677,271,3,0
246,691,271,3,0
246,697,271,3,0
246,719,271,3,0
247,640,246,1,2
247,641,246,1,2
247,648,246,1,2
247,649,246,1,2
247,652,272,3,0
247,672,222,0,3
247,677,272,3,0
247,691,246,1,2
247,692,246,1,2
247,697,272,3,0
247,701,246,1,2
247,719,272,3,0
248,640,247,1,2
248,641,247,1,2
248,648,247,1,2
248,649,247,1,2
248,652,273,3,0
248,677,273,3,0
248,691,247,1,2
248,697,273,3,0
248,719,273,3,0
249,640,248,1,2
249,641,248,1,2
249,648,248,1,2
249,649,248,1,2
249,677,274,3,0
249,691,248,1,2
249,719,274,3,0
250,641,274,3,2
250,648,274,3,2
250,663,225,0,2
250,677,275,2,0
250,683,275,2,0
250,691,274,3,2
250,719,251,1,1
251,641,252,2,1
251,648,250,1,1
251,691,250,1,1
251,719,252,2,1
252,628,277,3,0
252,645,277,3,0
252,648,251,1,2
252,653,227,0,3
252,691,251,1,2
253,628,278,3,0
253,645,278,3,0
253,653,228,0,3
253,662,252,1,2
253,691,254,2,1
254,641,255,2,1
254,648,255,2,1
254,691,255,2,1
254,719,719,98,0
255,641,256,2,1
255,648,256,2,1
255,663,230,0,3
255,677,280,3,0
255,683,280,3,0
255,691,256,2,1
255,719,254,1,2
256,640,257,2,1
256,641,257,2,1
256,648,257,2,1
256,649,257,2,1
256,677,281,3,0
256,691,257,2,1
256,719,255,1,2
257,640,258,2,1
257,641,258,2,1
257,648,258,2,1
257,649,258,2,1
257,652,282,3,0
257,677,282,3,0
257,691,258,2,1
257,697,282,3,0
257,719,256,1,2
258,640,259,2,1
258,641,259,2,1
258,648,259,2,1
258,649,259,2,1
258,652,283,3,0
258,672,233,0,3
258,677,283,3,0
258,691,259,2,1
258,692,259,2,1
258,697,283,3,0
258,701,259,2,1
258,719,257,1,2
259,641,284,3,0
259,648,284,3,0
259,649,234,0,3
259,652,284,3,0
259,677,284,3,0
259,691,284,3,0
259,697,284,3,0
259,719,258,1,2
260,640,235,0,3
260,641,285,3,0
260,648,285,3,0
260,649,235,0,3
260,652,259,1,2
260,672,259,1,2
260,677,259,1,2
260,691,285,3,0
260,692,235,0,3
260,697,259,1,2
260,701,235,0,3
260,719,259,1,2
261,640,236,0,3
261,641,286,3,0
261,648,286,3,0
261,649,236,0,3
261,652,260,1,2
261,677,260,1,2
261,691,286,3,0
261,697,260,1,2
261,719,260,1,2
262,640,237,0,3
262,641,287,3,0
262,648,287,3,0
262,649,237,0,3
262,677,261,1,2
262,691,287,3,0
262,719,261,1,2
263,641,288,3,0
263,648,288,3,0
263,677,262,1,2
263,691,288,3,0
263,719,262,1,2
264,648,289,3,0
264,691,289,3,0
264,719,263,1,2
265,662,266,2,1
265,691,290,3,0
266,628,267,2,1
266,645,267,2,1
266,648,291,3,0
266,653,267,2,1
266,691,291,3,0
267,641,266,1,2
267,648,292,3,0
267,691,292,3,0
267,719,268,2,1
268,641,293,3,0
268,648,293,3,0
268,663,269,2,1
268,677,269,2,1
268,683,269,2,1
268,691,293,3,0
268,719,269,2,1
269,640,244,0,3
269,641,294,3,0
269,648,294,3,0
269,649,244,0,3
269,677,270,2,1
269,691,294,3,0
269,719,270,2,1
270,640,245,0,3
270,641,295,3,0
270,648,295,3,0
270,649,245,0,3
270,652,271,2,1
270,677,271,2,1
270,691,295,3,0
270,697,271,2,1
270,719,271,2,1
271,641,296,3,0
271,648,296,3,0
271,649,246,0,3
271,652,296,3,0
271,677,296,3,0
271,691,296,3,0
271,697,296,3,0
271,719,272,2,1
272,640,271,1,2
272,641,271,1,2
272,648,271,1,2
272,649,271,1,2
272,652,297,3,0
272,672,247,0,3
272,677,297,3,0
272,691,271,1,2
272,692,271,1,2
272,697,297,3,0
272,701,271,1,2
272,719,273,2,1
273,640,272,1,2
273,641,272,1,2
273,648,272,1,2
273,649,272,1,2
273,652,298,3,0
273,677,298,3,0
273,691,272,1,2
273,697,298,3,0
273,719,274,2,1
274,640,273,1,2
274,641,273,1,2
274,648,273,1,2
274,649,273,1,2
274,677,299,3,0
274,691,273,1,2
274,719,250,2,3
275,641,299,3,2
275,648,299,3,2
275,663,250,0,2
275,677,300,2,0
275,683,300,2,0
275,691,299,3,2
275,719,250,0,2
276,641,277,2,1
276,648,275,1,1
276,691,275,1,1
276,719,251,0,3
277,628,302,3,0
277,645,302,3,0
277,648,276,1,2
277,653,252,0,3
277,691,276,1,2
278,628,303,3,0
278,645,303,3,0
278,653,253,0,3
278,662,277,1,2
278,691,279,2,1
279,641,280,2,1
279,648,280,2,1
279,691,280,2,1
279,719,254,0,3
280,641,281,2,1
280,648,281,2,1
280,663,255,0,3
280,677,305,3,0
280,683,305,3,0
280,691,281,2,1
280,719,255,0,3
281,640,282,2,1
281,641,282,2,1
281,648,282,2,1
281,649,282,2,1
281,663,256,0,3
281,677,306,3,0
281,691,282,2,1
281,719,256,0,3
282,640,283,2,1
282,641,283,2,1
282,648,283,2,1
282,649,283,2,1
282,652,307,3,0
282,663,257,0,3
282,677,307,3,0
282,691,283,2,1
282,697,307,3,0
282,719,257,0,3
283,640,284,2,1
283,641,284,2,1
283,648,284,2,1
283,649,284,2,1
283,652,308,3,0
283,663,258,0,3
283,672,258,0,3
283,677,308,3,0
283,691,284,2,1
283,692,284,2,1
283,697,308,3,0
283,701,284,2,1
283,719,258,0,3
284,641,309,3,0
284,648,309,3,0
284,649,259,0,3
284,652,309,3,0
284,663,259,0,3
284,677,309,3,0
284,691,309,3,0
284,697,309,3,0
285,640,260,0,3
285,641,310,3,0
285,648,310,3,0
285,649,260,0,3
285,652,284,1,2
285,672,284,1,2
285,677,284,1,2
285,691,310,3,0
285,692,260,0,3
285,697,284,1,2
285,701,260,0,3
285,719,284,1,2
286,640,261,0,3
286,641,311,3,0
286,648,311,3,0
286,649,261,0,3
286,652,285,1,2
286,677,285,1,2
286,691,311,3,0
286,697,285,1,2
286,719,285,1,2
287,640,262,0,3
287,641,312,3,0
287,648,312,3,0
287,649,262,0,3
287,677,286,1,2
287,691,312,3,0
287,719,286,1,2
288,641,313,3,0
288,648,313,3,0
288,677,287,1,2
288,691,313,3,0
288,719,287,1,2
289,648,314,3,0
289,691,314,3,0
289,719,288,1,2
290,662,291,2,1
290,691,315,3,0
291,628,292,2,1
291,645,292,2,1
291,648,316,3,0
291,653,292,2,1
291,691,316,3,0
292,641,291,1,2
292,648,317,3,0
292,691,317,3,0
292,719,293,2,1
293,641,318,3,0
293,648,318,3,0
293,663,294,2,1
293,677,294,2,1
293,683,294,2,1
293,691,318,3,0
293,719,294,2,1
294,640,269,0,3
294,641,319,3,0
294,648,319,3,0
294,649,269,0,3
294,677,295,2,1
294,691,319,3,0
294,719,295,2,1
295,640,270,0,3
295,641,320,3,0
295,648,320,3,0
295,649,270,0,3
295,652,296,2,1
295,677,296,2,1
295,691,320,3,0
295,697,296,2,1
295,719,296,2,1
296,641,321,3,0
296,648,321,3,0
296,649,271,0,3
296,652,321,3,0
296,663,271,0,3
296,677,321,3,0
296,691,321,3,0
296,697,321,3,0
297,640,296,1,2
297,641,296,1,2
297,648,296,1,2
297,649,296,1,2
297,652,322,3,0
297,663,272,0,3
297,672,272,0,3
297,677,322,3,0
297,691,296,1,2
297,692,296,1,2
297,697,322,3,0
297,701,296,1,2
297,719,272,0,3
298,640,297,1,2
298,641,297,1,2
298,648,297,1,2
298,649,297,1,2
298,652,323,3,0
298,663,273,0,3
298,677,323,3,0
298,691,297,1,2
298,697,323,3,0
298,719,273,0,3
299,640,298,1,2
299,641,298,1,2
299,648,298,1,2
299,649,298,1,2
299,663,274,0,3
299,677,324,3,0
299,691,298,1,2
299,719,274,0,3
300,631,325,2,0
300,641,324,3,2
300,648,324,3,2
300,663,325,2,0
300,677,325,2,0
300,683,325,2,0
300,691,324,3,2
300,719,275,0,2
301,641,302,2,1
301,648,300,1,1
301,691,300,1,1
301,719,276,0,3
302,628,327,3,0
302,645,327,3,0
302,648,301,1,2
302,653,277,0,3
302,691,301,1,2
303,628,328,3,0
303,645,328,3,0
303,653,278,0,3
303,662,302,1,2
303,691,304,2,1
304,641,305,2,1
304,648,305,2,1
304,691,305,2,1
304,719,279,0,3
305,631,330,3,0
305,641,306,2,1
305,648,306,2,1
305,663,330,3,0
305,677,330,3,0
305,683,330,3,0
305,691,306,2,1
305,719,280,0,3
306,631,331,3,0
306,640,307,2,1
306,641,307,2,1
306,648,307,2,1
306,649,307,2,1
306,677,331,3,0
306,691,307,2,1
306,719,281,0,3
307,631,332,3,0
307,640,308,2,1
307,641,308,2,1
307,648,308,2,1
307,649,308,2,1
307,652,652,31,0
307,677,332,3,0
307,691,308,2,1
307,697,332,3,0
307,719,282,0,3
308,631,333,3,0
308,640,309,2,1
308,641,309,2,1
308,648,309,2,1
308,649,309,2,1
308,652,307,1,2
308,672,283,0,3
308,677,333,3,0
308,691,309,2,1
308,692,309,2,1
308,697,333,3,0
308,701,309,2,1
308,719,283,0,3
309,631,334,3,0
309,641,334,3,0
309,648,334,3,0
309,649,284,0,3
309,652,308,1,2
309,677,334,3,0
309,691,334,3,0
309,697,334,3,0
309,719,284,0,3
310,640,285,0,3
310,641,335,3,0
310,648,335,3,0
310,649,285,0,3
310,652,309,1,2
310,672,309,1,2
310,677,309,1,2
310,691,335,3,0
310,692,285,0,3
310,697,309,1,2
310,701,285,0,3
310,719,309,1,2
311,640,286,0,3
311,641,336,3,0
311,648,336,3,0
311,649,286,0,3
311,652,310,1,2
311,677,310,1,2
311,691,336,3,0
311,697,310,1,2
311,719,310,1,2
312,640,287,0,3
312,641,337,3,0
312,648,337,3,0
312,649,287,0,3
312,677,311,1,2
312,691,337,3,0
312,719,311,1,2
313,641,338,3,0
313,648,338,3,0
313,677,312,1,2
313,691,338,3,0
313,719,312,1,2
314,648,339,3,0
314,691,339,3,0
314,719,313,1,2
315,662,316,2,1
315,691,340,3,0
316,628,317,2,1
316,645,317,2,1
316,648,341,3,0
316,653,317,2,1
316,691,341,3,0
317,641,316,1,2
317,648,342,3,0
317,691,342,3,0
317,719,318,2,1
318,641,343,3,0
318,648,343,3,0
318,663,319,2,1
318,677,319,2,1
318,683,319,2,1
318,691,343,3,0
318,719,319,2,1
319,640,294,0,3
319,641,344,3,0
319,648,344,3,0
319,649,294,0,3
319,677,320,2,1
319,691,344,3,0
319,719,320,2,1
320,640,295,0,3
320,641,345,3,0
320,648,345,3,0
320,649,295,0,3
320,652,321,2,1
320,677,321,2,1
320,691,345,3,0
320,697,321,2,1
320,719,321,2,1
321,631,346,3,0
321,641,346,3,0
321,648,346,3,0
321,649,296,0,3
321,652,322,2,1
321,677,346,3,0
321,691,346,3,0
321,697,346,3,0
321,719,296,0,3
322,631,347,3,0
322,640,321,1,2
322,641,321,1,2
322,648,321,1,2
322,649,321,1,2
322,652,323,2,1
322,672,297,0,3
322,677,347,3,0
322,691,321,1,2
322,692,321,1,2
322,697,347,3,0
322,701,321,1,2
322,719,297,0,3
323,631,348,3,0
323,640,322,1,2
323,641,322,1,2
323,648,322,1,2
323,649,322,1,2
323,652,324,2,1
323,677,348,3,0
323,691,322,1,2
323,697,348,3,0
323,719,298,0,3
324,631,349,3,0
324,640,323,1,2
324,641,323,1,2
324,648,323,1,2
324,649,323,1,2
324,677,349,3,0
324,691,323,1,2
324,719,299,0,3
325,641,349,3,2
325,648,349,3,2
325,663,350,2,0
325,677,350,2,0
325,683,350,2,0
325,691,349,3,2
325,719,300,0,2
326,641,327,2,1
326,648,325,1,1
326,691,325,1,1
326,719,301,0,3
327,628,352,3,0
327,648,326,1,2
327,653,302,0,3
327,691,326,1,2
328,628,353,3,0
328,645,645,24,0
328,653,303,0,3
328,662,327,1,2
328,691,329,2,1
329,641,330,2,1
329,645,328,1,2
329,648,330,2,1
329,691,330,2,1
329,719,304,0,3
330,641,331,2,1
330,648,331,2,1
330,663,355,3,0
330,677,355,3,0
330,683,355,3,0
330,691,331,2,1
330,719,305,0,3
331,640,332,2,1
331,641,332,2,1
331,648,332,2,1
331,649,332,2,1
331,677,356,3,0
331,691,332,2,1
331,719,306,0,3
332,640,333,2,1
332,641,333,2,1
332,648,333,2,1
332,649,333,2,1
332,652,307,0,3
332,677,357,3,0
332,691,333,2,1
332,697,697,76,0
332,719,307,0,3
333,640,334,2,1
333,641,334,2,1
333,648,334,2,1
333,649,334,2,1
333,652,308,0,3
333,672,308,0,3
333,677,358,3,0
333,691,334,2,1
333,692,334,2,1
333,697,332,1,2
333,701,334,2,1
333,719,308,0,3
334,640,359,3,0
334,641,359,3,0
334,648,359,3,0
334,649,309,0,3
334,677,359,3,0
334,691,359,3,0
334,697,333,1,2
334,701,359,3,0
334,719,309,0,3
335,640,360,3,0
335,641,360,3,0
335,648,360,3,0
335,649,310,0,3
335,652,334,1,2
335,672,334,1,2
335,677,334,1,2
335,691,360,3,0
335,692,310,0,3
335,697,334,1,2
335,701,360,3,0
335,719,334,1,2
336,640,361,3,0
336,641,361,3,0
336,648,361,3,0
336,649,311,0,3
336,652,335,1,2
336,677,335,1,2
336,691,361,3,0
336,697,335,1,2
336,719,335,1,2
337,640,362,3,0
337,641,362,3,0
337,648,362,3,0
337,649,312,0,3
337,677,336,1,2
337,691,362,3,0
337,719,336,1,2
338,641,363,3,0
338,648,363,3,0
338,677,337,1,2
338,691,363,3,0
338,719,337,1,2
339,648,364,3,0
339,691,364,3,0
339,719,338,1,2
340,662,341,2,1
340,691,365,3,0
341,628,342,2,1
341,645,342,2,1
341,648,366,3,0
341,653,342,2,1
341,691,366,3,0
342,641,341,1,2
342,648,367,3,0
342,691,367,3,0
342,719,343,2,1
343,641,368,3,0
343,648,368,3,0
343,663,344,2,1
343,677,344,2,1
343,683,344,2,1
343,691,368,3,0
343,719,344,2,1
344,640,369,3,0
344,641,369,3,0
344,648,369,3,0
344,649,319,0,3
344,677,345,2,1
344,691,369,3,0
344,719,345,2,1
345,640,370,3,0
345,641,370,3,0
345,648,370,3,0
345,649,320,0,3
345,652,346,2,1
345,677,346,2,1
345,691,370,3,0
345,697,346,2,1
345,719,346,2,1
346,640,371,3,0
346,641,371,3,0
346,648,371,3,0
346,649,321,0,3
346,677,371,3,0
346,691,371,3,0
346,697,347,2,1
346,701,371,3,0
346,719,321,0,3
347,640,346,1,2
347,641,346,1,2
347,648,346,1,2
347,649,346,1,2
347,652,322,0,3
347,672,322,0,3
347,677,372,3,0
347,691,346,1,2
347,692,346,1,2
347,697,348,2,1
347,701,346,1,2
347,719,322,0,3
348,640,347,1,2
348,641,347,1,2
348,648,347,1,2
348,649,347,1,2
348,652,323,0,3
348,677,373,3,0
348,691,347,1,2
348,697,349,2,1
348,719,323,0,3
349,640,348,1,2
349,641,348,1,2
349,648,348,1,2
349,649,348,1,2
349,677,374,3,0
349,691,348,1,2
349,719,324,0,3
350,641,374,3,2
350,648,374,3,2
350,663,375,2,0
350,677,351,1,1
350,683,375,2,0
350,691,374,3,2
350,719,325,0,2
351,641,352,2,1
351,648,350,1,1
351,691,350,1,1
351,719,326,0,3
352,628,377,3,0
352,645,327,0,3
352,648,351,1,2
352,653,327,0,3
352,691,351,1,2
353,628,378,3,0
353,645,328,0,3
353,653,328,0,3
353,662,352,1,2
353,691,354,2,1
354,641,355,2,1
354,648,355,2,1
354,691,355,2,1
354,719,329,0,3
355,641,356,2,1
355,648,356,2,1
355,663,380,3,0
355,677,677,56,0
355,683,380,3,0
355,691,356,2,1
355,719,330,0,3
356,640,357,2,1
356,641,357,2,1
356,648,357,2,1
356,649,357,2,1
356,677,355,1,2
356,683,381,3,0
356,691,357,2,1
356,719,331,0,3
357,640,358,2,1
357,641,358,2,1
357,648,358,2,1
357,649,358,2,1
357,652,332,0,3
357,677,356,1,2
357,683,382,3,0
357,691,358,2,1
357,697,332,0,3
357,719,332,0,3
358,640,359,2,1
358,641,359,2,1
358,648,359,2,1
358,649,359,2,1
358,652,333,0,3
358,672,333,0,3
358,677,357,1,2
358,683,383,3,0
358,691,359,2,1
358,692,359,2,1
358,697,333,0,3
358,701,359,2,1
358,719,333,0,3
359,640,384,3,0
359,641,384,3,0
359,648,384,3,0
359,677,358,1,2
359,683,384,3,0
359,690,360,2,1
359,691,384,3,0
359,692,384,3,0
359,701,384,3,0
359,719,334,0,3
360,640,385,3,0
360,641,385,3,0
360,648,385,3,0
360,649,335,0,3
360,652,359,1,2
360,672,359,1,2
360,677,359,1,2
360,690,361,2,1
360,691,385,3,0
360,692,385,3,0
360,697,359,1,2
360,701,385,3,0
360,719,359,1,2
361,640,386,3,0
361,641,386,3,0
361,648,386,3,0
361,649,336,0,3
361,652,360,1,2
361,677,360,1,2
361,690,362,2,1
361,691,386,3,0
361,697,360,1,2
361,719,360,1,2
362,640,387,3,0
362,641,387,3,0
362,648,387,3,0
362,649,337,0,3
362,677,361,1,2
362,690,363,2,1
362,691,387,3,0
362,719,361,1,2
363,641,388,3,0
363,648,388,3,0
363,677,362,1,2
363,690,364,2,1
363,691,388,3,0
363,719,362,1,2
364,648,389,3,0
364,690,365,2,1
364,691,389,3,0
364,719,363,1,2
365,662,366,2,1
365,691,390,3,0
366,628,367,2,1
366,645,367,2,1
366,648,391,3,0
366,653,367,2,1
366,690,690,69,0
366,691,391,3,0
367,641,366,1,2
367,648,392,3,0
367,690,366,1,2
367,691,392,3,0
367,719,368,2,1
368,641,393,3,0
368,648,393,3,0
368,663,369,2,1
368,677,369,2,1
368,683,369,2,1
368,690,367,1,2
368,691,393,3,0
368,719,369,2,1
369,640,394,3,0
369,641,394,3,0
369,648,394,3,0
369,649,344,0,3
369,677,370,2,1
369,690,368,1,2
369,691,394,3,0
369,719,370,2,1
370,640,395,3,0
370,641,395,3,0
370,648,395,3,0
370,649,345,0,3
370,652,371,2,1
370,677,371,2,1
370,690,369,1,2
370,691,395,3,0
370,697,371,2,1
370,719,371,2,1
371,640,396,3,0
371,641,396,3,0
371,648,396,3,0
371,677,372,2,1
371,683,396,3,0
371,690,370,1,2
371,691,396,3,0
371,692,396,3,0
371,701,396,3,0
371,719,346,0,3
372,640,371,1,2
372,641,371,1,2
372,648,371,1,2
372,649,371,1,2
372,652,347,0,3
372,672,347,0,3
372,677,373,2,1
372,683,397,3,0
372,691,371,1,2
372,692,371,1,2
372,697,347,0,3
372,701,371,1,2
372,719,347,0,3
373,640,372,1,2
373,641,372,1,2
373,648,372,1,2
373,649,372,1,2
373,652,348,0,3
373,677,374,2,1
373,683,398,3,0
373,691,372,1,2
373,697,348,0,3
373,719,348,0,3
374,640,373,1,2
374,641,373,1,2
374,648,373,1,2
374,649,373,1,2
374,677,350,2,3
374,683,399,3,0
374,691,373,1,2
374,719,349,0,3
375,641,399,3,2
375,648,399,3,2
375,663,400,2,0
375,677,350,0,2
375,691,399,3,2
375,719,350,0,2
376,641,377,2,1
376,648,375,1,1
376,691,375,1,1
376,719,351,0,3
377,645,352,0,3
377,648,376,1,2
377,653,352,0,3
377,691,376,1,2
378,628,628,7,0
378,645,353,0,3
378,653,353,0,3
378,662,377,1,2
378,691,379,2,1
379,628,378,1,2
379,641,380,2,1
379,648,380,2,1
379,691,380,2,1
379,719,354,0,3
380,641,381,2,1
380,648,381,2,1
380,663,405,3,0
380,677,355,0,3
380,683,683,62,0
380,691,381,2,1
380,719,355,0,3
381,640,382,2,1
381,641,382,2,1
381,648,382,2,1
381,649,382,2,1
381,677,356,0,3
381,683,380,1,2
381,691,382,2,1
381,719,356,0,3
382,640,383,2,1
382,641,383,2,1
382,648,383,2,1
382,649,383,2,1
382,652,357,0,3
382,677,357,0,3
382,683,381,1,2
382,691,383,2,1
382,697,357,0,3
382,719,357,0,3
383,640,384,2,1
383,641,384,2,1
383,648,384,2,1
383,649,384,2,1
383,652,358,0,3
383,672,358,0,3
383,677,358,0,3
383,683,382,1,2
383,691,384,2,1
383,692,384,2,1
383,697,358,0,3
383,701,384,2,1
383,719,358,0,3
384,640,409,3,0
384,648,409,3,0
384,683,383,1,2
384,690,359,0,3
384,691,409,3,0
384,692,409,3,0
384,701,409,3,0
384,719,359,0,3
385,640,410,3,0
385,641,410,3,0
385,648,410,3,0
385,649,360,0,3
385,652,384,1,2
385,672,384,1,2
385,677,384,1,2
385,690,360,0,3
385,691,410,3,0
385,692,410,3,0
385,697,384,1,2
385,701,410,3,0
385,719,384,1,2
386,640,411,3,0
386,641,411,3,0
386,648,411,3,0
386,649,361,0,3
386,652,385,1,2
386,677,385,1,2
386,690,361,0,3
386,691,411,3,0
386,697,385,1,2
386,719,385,1,2
387,640,412,3,0
387,641,412,3,0
387,648,412,3,0
387,649,362,0,3
387,677,386,1,2
387,690,362,0,3
387,691,412,3,0
387,719,386,1,2
388,641,413,3,0
388,648,413,3,0
388,677,387,1,2
388,690,363,0,3
388,691,413,3,0
388,719,387,1,2
389,648,414,3,0
389,690,364,0,3
389,691,414,3,0
389,719,388,1,2
390,662,391,2,1
390,691,415,3,0
391,628,392,2,1
391,645,392,2,1
391,648,416,3,0
391,653,392,2,1
391,690,366,0,3
391,691,416,3,0
392,641,391,1,2
392,648,417,3,0
392,690,367,0,3
392,691,417,3,0
392,719,393,2,1
393,641,418,3,0
393,648,418,3,0
393,663,394,2,1
393,677,394,2,1
393,683,394,2,1
393,690,368,0,3
393,691,418,3,0
393,719,394,2,1
394,640,419,3,0
394,641,419,3,0
394,648,419,3,0
394,649,369,0,3
394,677,395,2,1
394,690,369,0,3
394,691,419,3,0
394,719,395,2,1
395,640,420,3,0
395,641,420,3,0
395,648,420,3,0
395,649,370,0,3
395,652,396,2,1
395,677,396,2,1
395,690,370,0,3
395,691,420,3,0
395,697,396,2,1
395,719,396,2,1
396,640,421,3,0
396,648,421,3,0
396,683,397,2,1
396,690,371,0,3
396,691,421,3,0
396,692,421,3,0
396,701,421,3,0
396,719,371,0,3
397,640,396,1,2
397,641,396,1,2
397,648,396,1,2
397,649,396,1,2
397,652,372,0,3
397,672,372,0,3
397,677,372,0,3
397,683,398,2,1
397,691,396,1,2
397,692,396,1,2
397,697,372,0,3
397,701,396,1,2
397,719,372,0,3
398,640,397,1,2
398,641,397,1,2
398,648,397,1,2
398,649,397,1,2
398,652,373,0,3
398,677,373,0,3
398,683,399,2,1
398,691,397,1,2
398,697,373,0,3
398,719,373,0,3
399,640,398,1,2
399,641,398,1,2
399,648,398,1,2
399,649,398,1,2
399,677,374,0,3
399,683,375,2,3
399,691,398,1,2
399,719,374,0,3
400,641,424,3,2
400,648,424,3,2
400,663,425,2,0
400,677,375,0,2
400,683,375,0,2
400,691,424,3,2
400,719,375,0,2
401,641,402,2,1
401,648,400,1,1
401,691,400,1,1
401,719,376,0,3
402,628,377,0,3
402,645,377,0,3
402,648,401,1,2
402,653,377,0,3
402,691,401,1,2
403,628,378,0,3
403,645,378,0,3
403,653,378,0,3
403,662,402,1,2
403,691,404,2,1
404,641,405,2,1
404,648,405,2,1
404,691,405,2,1
404,719,379,0,3
405,641,406,2,1
405,648,406,2,1
405,663,430,3,0
405,677,380,0,3
405,683,380,0,3
405,691,406,2,1
405,719,380,0,3
406,640,407,2,1
406,641,407,2,1
406,648,407,2,1
406,649,407,2,1
406,677,381,0,3
406,691,407,2,1
406,719,381,0,3
407,640,408,2,1
407,641,408,2,1
407,648,408,2,1
407,649,408,2,1
407,652,382,0,3
407,677,382,0,3
407,691,408,2,1
407,697,382,0,3
407,719,382,0,3
408,640,409,2,1
408,641,409,2,1
408,648,409,2,1
408,649,409,2,1
408,652,383,0,3
408,672,383,0,3
408,677,383,0,3
408,691,409,2,1
408,692,409,2,1
408,697,383,0,3
408,701,409,2,1
408,719,383,0,3
409,640,434,3,0
409,648,410,2,1
409,691,434,3,0
409,692,434,3,0
409,701,434,3,0
409,719,384,0,3
410,640,435,3,0
410,641,435,3,0
410,648,411,2,1
410,649,385,0,3
410,652,409,1,2
410,672,409,1,2
410,677,409,1,2
410,691,435,3,0
410,692,435,3,0
410,697,409,1,2
410,701,435,3,0
410,719,409,1,2
411,640,436,3,0
411,641,436,3,0
411,648,412,2,1
411,649,386,0,3
411,652,410,1,2
411,677,410,1,2
411,691,436,3,0
411,697,410,1,2
411,719,410,1,2
412,640,437,3,0
412,641,437,3,0
412,648,413,2,1
412,649,387,0,3
412,677,411,1,2
412,691,437,3,0
412,719,411,1,2
413,641,438,3,0
413,648,414,2,1
413,677,412,1,2
413,691,438,3,0
413,719,412,1,2
414,648,415,2,1
414,691,439,3,0
414,719,413,1,2
415,662,416,2,1
415,691,440,3,0
416,628,417,2,1
416,645,417,2,1
416,648,648,27,0
416,653,417,2,1
416,691,441,3,0
417,641,416,1,2
417,648,416,1,2
417,691,442,3,0
417,719,418,2,1
418,641,443,3,0
418,648,417,1,2
418,663,419,2,1
418,677,419,2,1
418,683,419,2,1
418,691,443,3,0
418,719,419,2,1
419,640,444,3,0
419,641,444,3,0
419,648,418,1,2
419,649,394,0,3
419,677,420,2,1
419,691,444,3,0
419,719,420,2,1
420,640,445,3,0
420,641,445,3,0
420,648,419,1,2
420,649,395,0,3
420,652,421,2,1
420,677,421,2,1
420,691,445,3,0
420,697,421,2,1
420,719,421,2,1
421,640,446,3,0
421,648,420,1,2
421,691,446,3,0
421,692,446,3,0
421,701,446,3,0
421,719,396,0,3
422,640,421,1,2
422,641,421,1,2
422,648,421,1,2
422,649,421,1,2
422,652,397,0,3
422,672,397,0,3
422,677,397,0,3
422,691,421,1,2
422,692,421,1,2
422,697,397,0,3
422,701,421,1,2
422,719,397,0,3
423,640,422,1,2
423,641,422,1,2
423,648,422,1,2
423,649,422,1,2
423,652,398,0,3
423,677,398,0,3
423,691,422,1,2
423,697,398,0,3
423,719,398,0,3
424,640,423,1,2
424,641,423,1,2
424,648,423,1,2
424,649,423,1,2
424,677,399,0,3
424,691,423,1,2
424,719,399,0,3
425,641,449,3,2
425,648,449,3,2
425,663,450,2,0
425,677,400,0,2
425,683,400,0,2
425,691,449,3,2
425,719,400,0,2
426,641,427,2,1
426,648,425,1,1
426,691,425,1,1
426,719,401,0,3
427,628,402,0,3
427,645,402,0,3
427,648,426,1,2
427,653,402,0,3
427,691,426,1,2
428,628,403,0,3
428,645,403,0,3
428,653,403,0,3
428,662,427,1,2
428,691,429,2,1
429,641,430,2,1
429,648,430,2,1
429,691,430,2,1
429,719,404,0,3
430,641,431,2,1
430,648,431,2,1
430,663,455,3,0
430,677,405,0,3
430,683,405,0,3
430,691,431,2,1
430,719,405,0,3
431,640,432,2,1
431,641,432,2,1
431,648,432,2,1
431,649,432,2,1
431,677,406,0,3
431,691,432,2,1
431,719,406,0,3
432,640,433,2,1
432,641,433,2,1
432,648,433,2,1
432,649,433,2,1
432,652,407,0,3
432,677,407,0,3
432,691,433,2,1
432,697,407,0,3
432,719,407,0,3
433,640,434,2,1
433,641,434,2,1
433,648,434,2,1
433,649,434,2,1
433,652,408,0,3
433,672,408,0,3
433,677,408,0,3
433,691,434,2,1
433,692,434,2,1
433,697,408,0,3
433,701,434,2,1
433,719,408,0,3
434,640,459,3,0
434,641,435,2,1
434,648,409,0,3
434,677,409,0,3
434,691,459,3,0
434,692,459,3,0
434,719,409,0,3
435,640,460,3,0
435,641,436,2,1
435,648,410,0,3
435,649,410,0,3
435,652,434,1,2
435,672,434,1,2
435,677,434,1,2
435,691,460,3,0
435,692,460,3,0
435,697,434,1,2
435,701,460,3,0
435,719,434,1,2
436,640,461,3,0
436,641,437,2,1
436,648,411,0,3
436,649,411,0,3
436,652,435,1,2
436,677,435,1,2
436,691,461,3,0
436,697,435,1,2
436,719,435,1,2
437,640,462,3,0
437,641,438,2,1
437,648,412,0,3
437,649,412,0,3
437,677,436,1,2
437,691,462,3,0
437,719,436,1,2
438,641,641,20,0
438,648,413,0,3
438,677,437,1,2
438,691,463,3,0
438,719,437,1,2
439,648,414,0,3
439,691,464,3,0
439,719,438,1,2
440,662,441,2,1
440,691,465,3,0
441,628,442,2,1
441,645,442,2,1
441,648,416,0,3
441,653,442,2,1
441,691,466,3,0
442,641,441,1,2
442,648,417,0,3
442,691,467,3,0
442,719,443,2,1
443,641,442,1,2
443,648,418,0,3
443,663,444,2,1
443,677,444,2,1
443,683,444,2,1
443,691,468,3,0
443,719,444,2,1
444,640,469,3,0
444,641,443,1,2
444,648,419,0,3
444,649,419,0,3
444,677,445,2,1
444,691,469,3,0
444,719,445,2,1
445,640,470,3,0
445,641,444,1,2
445,648,420,0,3
445,649,420,0,3
445,652,446,2,1
445,677,446,2,1
445,691,470,3,0
445,697,446,2,1
445,719,446,2,1
446,640,471,3,0
446,641,445,1,2
446,648,421,0,3
446,677,421,0,3
446,691,471,3,0
446,692,471,3,0
446,719,421,0,3
447,640,446,1,2
447,641,446,1,2
447,648,446,1,2
447,649,446,1,2
447,652,422,0,3
447,672,422,0,3
447,677,422,0,3
447,691,446,1,2
447,692,446,1,2
447,697,422,0,3
447,701,446,1,2
447,719,422,0,3
448,640,447,1,2
448,641,447,1,2
448,648,447,1,2
448,649,447,1,2
448,652,423,0,3
448,677,423,0,3
448,691,447,1,2
448,697,423,0,3
448,719,423,0,3
449,640,448,1,2
449,641,448,1,2
449,648,448,1,2
449,649,448,1,2
449,677,424,0,3
449,691,448,1,2
449,719,424,0,3
450,641,474,3,2
450,648,474,3,2
450,663,475,2,0
450,677,425,0,2
450,683,425,0,2
450,691,474,3,2
450,719,425,0,2
451,641,452,2,1
451,648,450,1,1
451,691,450,1,1
451,719,426,0,3
452,628,427,0,3
452,645,427,0,3
452,648,451,1,2
452,653,427,0,3
452,691,451,1,2
453,628,428,0,3
453,645,428,0,3
453,653,428,0,3
453,662,452,1,2
453,691,454,2,1
454,641,455,2,1
454,648,455,2,1
454,691,455,2,1
454,719,429,0,3
455,641,456,2,1
455,648,456,2,1
455,663,480,3,0
455,677,430,0,3
455,683,430,0,3
455,691,456,2,1
455,719,430,0,3
456,640,457,2,1
456,641,457,2,1
456,648,457,2,1
456,649,457,2,1
456,677,431,0,3
456,691,457,2,1
456,719,431,0,3
457,640,458,2,1
457,641,458,2,1
457,648,458,2,1
457,649,458,2,1
457,652,432,0,3
457,677,432,0,3
457,691,458,2,1
457,697,432,0,3
457,719,432,0,3
458,640,459,2,1
458,641,459,2,1
458,648,459,2,1
458,649,459,2,1
458,652,433,0,3
458,672,433,0,3
458,677,433,0,3
458,691,459,2,1
458,692,459,2,1
458,697,433,0,3
458,701,459,2,1
458,719,433,0,3
459,640,484,3,0
459,641,434,0,3
459,648,434,0,3
459,672,434,0,3
459,677,434,0,3
459,691,484,3,0
459,719,434,0,3
460,640,485,3,0
460,641,435,0,3
460,648,435,0,3
460,649,435,0,3
460,652,459,1,2
460,672,459,1,2
460,677,459,1,2
460,691,485,3,0
460,692,485,3,0
460,697,459,1,2
460,701,485,3,0
460,719,459,1,2
461,640,486,3,0
461,641,436,0,3
461,648,436,0,3
461,649,436,0,3
461,652,460,1,2
461,677,460,1,2
461,691,486,3,0
461,697,460,1,2
461,719,460,1,2
462,640,487,3,0
462,641,437,0,3
462,648,437,0,3
462,649,437,0,3
462,677,461,1,2
462,691,487,3,0
462,719,461,1,2
463,641,438,0,3
463,648,438,0,3
463,677,462,1,2
463,691,488,3,0
463,719,462,1,2
464,648,439,0,3
464,691,489,3,0
464,719,463,1,2
465,662,466,2,1
465,691,490,3,0
466,628,467,2,1
466,645,467,2,1
466,648,441,0,3
466,653,467,2,1
466,691,491,3,0
467,641,466,1,2
467,648,442,0,3
467,691,492,3,0
467,719,468,2,1
468,641,443,0,3
468,648,443,0,3
468,663,469,2,1
468,677,469,2,1
468,683,469,2,1
468,691,493,3,0
468,719,469,2,1
469,640,494,3,0
469,641,444,0,3
469,648,444,0,3
469,649,444,0,3
469,677,470,2,1
469,691,494,3,0
469,719,470,2,1
470,640,495,3,0
470,641,445,0,3
470,648,445,0,3
470,649,445,0,3
470,652,471,2,1
470,677,471,2,1
470,691,495,3,0
470,697,471,2,1
470,719,471,2,1
471,640,496,3,0
471,641,446,0,3
471,648,446,0,3
471,672,446,0,3
471,677,446,0,3
471,691,496,3,0
471,719,446,0,3
472,640,471,1,2
472,641,471,1,2
472,648,471,1,2
472,649,471,1,2
472,652,447,0,3
472,672,447,0,3
472,677,447,0,3
472,691,471,1,2
472,692,471,1,2
472,697,447,0,3
472,701,471,1,2
472,719,447,0,3
473,640,472,1,2
473,641,472,1,2
473,648,472,1,2
473,649,472,1,2
473,652,448,0,3
473,677,448,0,3
473,691,472,1,2
473,697,448,0,3
473,719,448,0,3
474,640,473,1,2
474,641,473,1,2
474,648,473,1,2
474,649,473,1,2
474,677,449,0,3
474,691,473,1,2
474,719,449,0,3
475,641,499,3,2
475,648,499,3,2
475,653,450,0,2
475,663,500,2,0
475,677,450,0,2
475,683,450,0,2
475,691,499,3,2
475,719,450,0,2
476,641,477,2,1
476,648,475,1,1
476,653,451,0,3
476,691,475,1,1
476,719,451,0,3
477,628,452,0,3
477,645,452,0,3
477,648,476,1,2
477,653,452,0,3
477,691,476,1,2
478,628,453,0,3
478,645,453,0,3
478,653,453,0,3
478,662,477,1,2
478,691,479,2,1
479,641,480,2,1
479,648,480,2,1
479,653,454,0,3
479,691,480,2,1
479,719,454,0,3
480,641,481,2,1
480,648,481,2,1
480,653,455,0,3
480,663,505,3,0
480,677,455,0,3
480,683,455,0,3
480,691,481,2,1
480,719,455,0,3
481,640,482,2,1
481,641,482,2,1
481,648,482,2,1
481,649,482,2,1
481,653,456,0,3
481,677,456,0,3
481,691,482,2,1
481,719,456,0,3
482,640,483,2,1
482,641,483,2,1
482,648,483,2,1
482,649,483,2,1
482,652,457,0,3
482,653,457,0,3
482,677,457,0,3
482,691,483,2,1
482,697,457,0,3
482,719,457,0,3
483,640,484,2,1
483,641,484,2,1
483,648,484,2,1
483,649,484,2,1
483,652,458,0,3
483,653,458,0,3
483,672,458,0,3
483,677,458,0,3
483,691,484,2,1
483,692,484,2,1
483,697,458,0,3
483,701,484,2,1
483,719,458,0,3
484,640,509,3,0
484,641,459,0,3
484,648,459,0,3
484,649,509,3,0
484,652,459,0,3
484,653,459,0,3
484,672,459,0,3
484,677,459,0,3
484,691,509,3,0
484,719,459,0,3
485,640,510,3,0
485,641,460,0,3
485,648,460,0,3
485,649,510,3,0
485,652,484,1,2
485,672,484,1,2
485,677,484,1,2
485,691,510,3,0
485,692,510,3,0
485,697,484,1,2
485,701,510,3,0
485,719,484,1,2
486,640,511,3,0
486,641,461,0,3
486,648,461,0,3
486,649,511,3,0
486,652,485,1,2
486,677,485,1,2
486,691,511,3,0
486,697,485,1,2
486,719,485,1,2
487,640,512,3,0
487,641,462,0,3
487,648,462,0,3
487,649,512,3,0
487,677,486,1,2
487,691,512,3,0
487,719,486,1,2
488,641,463,0,3
488,648,463,0,3
488,677,487,1,2
488,691,513,3,0
488,719,487,1,2
489,648,464,0,3
489,691,514,3,0
489,719,488,1,2
490,662,491,2,1
490,691,515,3,0
491,628,492,2,1
491,645,492,2,1
491,648,466,0,3
491,653,492,2,1
491,691,516,3,0
492,641,491,1,2
492,648,467,0,3
492,691,517,3,0
492,719,493,2,1
493,641,468,0,3
493,648,468,0,3
493,663,494,2,1
493,677,494,2,1
493,683,494,2,1
493,691,518,3,0
493,719,494,2,1
494,640,519,3,0
494,641,469,0,3
494,648,469,0,3
494,649,519,3,0
494,677,495,2,1
494,691,519,3,0
494,719,495,2,1
495,640,520,3,0
495,641,470,0,3
495,648,470,0,3
495,649,520,3,0
495,652,496,2,1
495,677,496,2,1
495,691,520,3,0
495,697,496,2,1
495,719,496,2,1
496,640,521,3,0
496,641,471,0,3
496,648,471,0,3
496,649,521,3,0
496,652,471,0,3
496,653,471,0,3
496,672,471,0,3
496,677,471,0,3
496,691,521,3,0
496,719,471,0,3
497,640,496,1,2
497,641,496,1,2
497,648,496,1,2
497,649,496,1,2
497,652,472,0,3
497,653,472,0,3
497,672,472,0,3
497,677,472,0,3
497,691,496,1,2
497,692,496,1,2
497,697,472,0,3
497,701,496,1,2
497,719,472,0,3
498,640,497,1,2
498,641,497,1,2
498,648,497,1,2
498,649,497,1,2
498,652,473,0,3
498,653,473,0,3
498,677,473,0,3
498,691,497,1,2
498,697,473,0,3
498,719,473,0,3
499,640,498,1,2
499,641,498,1,2
499,648,498,1,2
499,649,498,1,2
499,653,474,0,3
499,677,474,0,3
499,691,498,1,2
499,719,474,0,3
500,641,524,3,2
500,648,524,3,2
500,663,525,2,0
500,677,475,0,2
500,683,475,0,2
500,691,524,3,2
500,719,475,0,2
501,641,502,2,1
501,648,500,1,1
501,691,500,1,1
501,719,476,0,3
502,628,477,0,3
502,645,477,0,3
502,648,501,1,2
502,653,527,3,0
502,691,501,1,2
503,628,478,0,3
503,645,478,0,3
503,653,528,3,0
503,662,502,1,2
503,691,504,2,1
504,641,505,2,1
504,648,505,2,1
504,691,505,2,1
504,719,479,0,3
505,641,506,2,1
505,648,506,2,1
505,663,530,3,0
505,677,480,0,3
505,683,480,0,3
505,691,506,2,1
505,719,480,0,3
506,640,507,2,1
506,641,507,2,1
506,648,507,2,1
506,649,507,2,1
506,677,481,0,3
506,691,507,2,1
506,719,481,0,3
507,640,508,2,1
507,641,508,2,1
507,648,508,2,1
507,649,508,2,1
507,652,482,0,3
507,677,482,0,3
507,691,508,2,1
507,697,482,0,3
507,719,482,0,3
508,640,509,2,1
508,641,509,2,1
508,648,509,2,1
508,649,509,2,1
508,652,483,0,3
508,672,483,0,3
508,677,483,0,3
508,691,509,2,1
508,692,509,2,1
508,697,483,0,3
508,701,509,2,1
508,719,483,0,3
509,640,534,3,0
509,641,484,0,3
509,648,484,0,3
509,649,534,3,0
509,652,484,0,3
509,672,484,0,3
509,677,484,0,3
509,691,534,3,0
509,697,484,0,3
509,719,484,0,3
510,640,535,3,0
510,641,485,0,3
510,648,485,0,3
510,649,535,3,0
510,652,509,1,2
510,672,509,1,2
510,677,509,1,2
510,691,535,3,0
510,692,535,3,0
510,697,509,1,2
510,701,535,3,0
510,719,509,1,2
511,640,536,3,0
511,641,486,0,3
511,648,486,0,3
511,649,536,3,0
511,652,510,1,2
511,677,510,1,2
511,691,536,3,0
511,697,510,1,2
511,719,510,1,2
512,640,537,3,0
512,641,487,0,3
512,648,487,0,3
512,649,537,3,0
512,677,511,1,2
512,691,537,3,0
512,719,511,1,2
513,641,488,0,3
513,648,488,0,3
513,677,512,1,2
513,691,538,3,0
513,719,512,1,2
514,648,489,0,3
514,691,539,3,0
514,719,513,1,2
515,662,516,2,1
515,691,540,3,0
516,628,517,2,1
516,645,517,2,1
516,648,491,0,3
516,653,517,2,1
516,691,541,3,0
517,641,516,1,2
517,648,492,0,3
517,691,542,3,0
517,719,518,2,1
518,641,493,0,3
518,648,493,0,3
518,663,519,2,1
518,677,519,2,1
518,683,519,2,1
518,691,543,3,0
518,719,519,2,1
519,640,544,3,0
519,641,494,0,3
519,648,494,0,3
519,649,544,3,0
519,677,520,2,1
519,691,544,3,0
519,719,520,2,1
520,640,545,3,0
520,641,495,0,3
520,648,495,0,3
520,649,545,3,0
520,652,521,2,1
520,677,521,2,1
520,691,545,3,0
520,697,521,2,1
520,719,521,2,1
521,640,546,3,0
521,641,496,0,3
521,648,496,0,3
521,649,546,3,0
521,652,496,0,3
521,672,496,0,3
521,677,496,0,3
521,691,546,3,0
521,697,496,0,3
521,719,496,0,3
522,640,521,1,2
522,641,521,1,2
522,648,521,1,2
522,649,521,1,2
522,652,497,0,3
522,672,497,0,3
522,677,497,0,3
522,691,521,1,2
522,692,521,1,2
522,697,497,0,3
522,701,521,1,2
522,719,497,0,3
523,640,522,1,2
523,641,522,1,2
523,648,522,1,2
523,649,522,1,2
523,652,498,0,3
523,677,498,0,3
523,691,522,1,2
523,697,498,0,3
523,719,498,0,3
524,640,523,1,2
524,641,523,1,2
524,648,523,1,2
524,649,523,1,2
524,677,499,0,3
524,691,523,1,2
524,719,499,0,3
525,641,549,3,2
525,648,549,3,2
525,663,550,2,0
525,677,500,0,2
525,683,500,0,2
525,691,549,3,2
525,719,500,0,2
526,641,527,2,1
526,648,525,1,1
526,691,525,1,1
526,719,501,0,3
527,628,502,0,3
527,645,502,0,3
527,648,526,1,2
527,653,552,3,0
527,691,526,1,2
528,628,503,0,3
528,645,503,0,3
528,653,553,3,0
528,662,527,1,2
528,691,529,2,1
529,641,530,2,1
529,648,530,2,1
529,691,530,2,1
529,719,504,0,3
530,641,531,2,1
530,648,531,2,1
530,663,555,3,0
530,677,505,0,3
530,683,505,0,3
530,691,531,2,1
530,719,505,0,3
531,640,532,2,1
531,641,532,2,1
531,648,532,2,1
531,649,532,2,1
531,677,506,0,3
531,691,532,2,1
531,719,506,0,3
532,640,533,2,1
532,641,533,2,1
532,648,533,2,1
532,649,533,2,1
532,652,507,0,3
532,677,507,0,3
532,691,533,2,1
532,697,507,0,3
532,719,507,0,3
533,640,534,2,1
533,641,534,2,1
533,648,534,2,1
533,649,534,2,1
533,652,508,0,3
533,672,558,3,0
533,677,508,0,3
533,691,534,2,1
533,692,534,2,1
533,697,508,0,3
533,701,534,2,1
533,719,508,0,3
534,641,509,0,3
534,648,509,0,3
534,649,559,3,0
534,652,509,0,3
534,677,509,0,3
534,691,535,2,1
534,697,509,0,3
534,719,509,0,3
535,640,560,3,0
535,641,510,0,3
535,648,510,0,3
535,649,560,3,0
535,652,534,1,2
535,672,534,1,2
535,677,534,1,2
535,691,536,2,1
535,692,560,3,0
535,697,534,1,2
535,701,560,3,0
535,719,534,1,2
536,640,561,3,0
536,641,511,0,3
536,648,511,0,3
536,649,561,3,0
536,652,535,1,2
536,677,535,1,2
536,691,537,2,1
536,697,535,1,2
536,719,535,1,2
537,640,562,3,0
537,641,512,0,3
537,648,512,0,3
537,649,562,3,0
537,677,536,1,2
537,691,538,2,1
537,719,536,1,2
538,641,513,0,3
538,648,513,0,3
538,677,537,1,2
538,691,539,2,1
538,719,537,1,2
539,648,514,0,3
539,691,540,2,1
539,719,538,1,2
540,662,541,2,1
540,691,691,70,0
541,628,542,2,1
541,645,542,2,1
541,648,516,0,3
541,653,542,2,1
541,691,540,1,2
542,641,541,1,2
542,648,517,0,3
542,691,541,1,2
542,719,543,2,1
543,641,518,0,3
543,648,518,0,3
543,663,544,2,1
543,677,544,2,1
543,683,544,2,1
543,691,542,1,2
543,719,544,2,1
544,640,569,3,0
544,641,519,0,3
544,648,519,0,3
544,649,569,3,0
544,677,545,2,1
544,691,543,1,2
544,719,545,2,1
545,640,570,3,0
545,641,520,0,3
545,648,520,0,3
545,649,570,3,0
545,652,546,2,1
545,677,546,2,1
545,691,544,1,2
545,697,546,2,1
545,719,546,2,1
546,641,521,0,3
546,648,521,0,3
546,649,571,3,0
546,652,521,0,3
546,677,521,0,3
546,691,545,1,2
546,697,521,0,3
546,719,521,0,3
547,640,546,1,2
547,641,546,1,2
547,648,546,1,2
547,649,546,1,2
547,652,522,0,3
547,672,572,3,0
547,677,522,0,3
547,691,546,1,2
547,692,546,1,2
547,697,522,0,3
547,701,546,1,2
547,719,522,0,3
548,640,547,1,2
548,641,547,1,2
548,648,547,1,2
548,649,547,1,2
548,652,523,0,3
548,677,523,0,3
548,691,547,1,2
548,697,523,0,3
548,719,523,0,3
549,640,548,1,2
549,641,548,1,2
549,648,548,1,2
549,649,548,1,2
549,677,524,0,3
549,691,548,1,2
549,719,524,0,3
550,641,574,3,2
550,648,574,3,2
550,663,575,2,0
550,677,525,0,2
550,683,525,0,2
550,691,574,3,2
550,719,525,0,2
551,641,552,2,1
551,648,550,1,1
551,691,550,1,1
551,719,526,0,3
552,628,527,0,3
552,645,527,0,3
552,648,551,1,2
552,653,577,3,0
552,691,551,1,2
553,628,528,0,3
553,645,528,0,3
553,653,578,3,0
553,662,552,1,2
553,691,554,2,1
554,641,555,2,1
554,648,555,2,1
554,691,555,2,1
554,719,529,0,3
555,641,556,2,1
555,648,556,2,1
555,663,580,3,0
555,677,530,0,3
555,683,530,0,3
555,691,556,2,1
555,719,530,0,3
556,640,557,2,1
556,641,557,2,1
556,648,557,2,1
556,649,557,2,1
556,677,531,0,3
556,691,557,2,1
556,719,531,0,3
557,640,558,2,1
557,641,558,2,1
557,648,558,2,1
557,649,558,2,1
557,652,532,0,3
557,677,532,0,3
557,691,558,2,1
557,697,532,0,3
557,719,532,0,3
558,640,559,2,1
558,641,559,2,1
558,648,559,2,1
558,649,559,2,1
558,652,533,0,3
558,672,583,3,0
558,677,533,0,3
558,691,559,2,1
558,692,559,2,1
558,697,533,0,3
558,701,559,2,1
558,719,533,0,3
559,641,534,0,3
559,648,534,0,3
559,649,584,3,0
559,652,534,0,3
559,677,534,0,3
559,691,534,0,3
559,697,534,0,3
559,719,534,0,3
560,640,585,3,0
560,641,535,0,3
560,648,535,0,3
560,649,585,3,0
560,652,559,1,2
560,672,559,1,2
560,677,559,1,2
560,691,535,0,3
560,692,585,3,0
560,697,559,1,2
560,701,585,3,0
560,719,559,1,2
561,640,586,3,0
561,641,536,0,3
561,648,536,0,3
561,649,586,3,0
561,652,560,1,2
561,677,560,1,2
561,691,536,0,3
561,697,560,1,2
561,719,560,1,2
562,640,587,3,0
562,641,537,0,3
562,648,537,0,3
562,649,587,3,0
562,677,561,1,2
562,691,537,0,3
562,719,561,1,2
563,641,538,0,3
563,648,538,0,3
563,677,562,1,2
563,691,538,0,3
563,719,562,1,2
564,648,539,0,3
564,691,539,0,3
564,719,563,1,2
565,662,566,2,1
565,691,540,0,3
566,628,567,2,1
566,645,567,2,1
566,648,541,0,3
566,653,567,2,1
566,691,541,0,3
567,641,566,1,2
567,648,542,0,3
567,691,542,0,3
567,719,568,2,1
568,641,543,0,3
568,648,543,0,3
568,663,569,2,1
568,677,569,2,1
568,683,569,2,1
568,691,543,0,3
568,719,569,2,1
569,640,594,3,0
569,641,544,0,3
569,648,544,0,3
569,649,594,3,0
569,677,570,2,1
569,691,544,0,3
569,719,570,2,1
570,640,595,3,0
570,641,545,0,3
570,648,545,0,3
570,649,595,3,0
570,652,571,2,1
570,677,571,2,1
570,691,545,0,3
570,697,571,2,1
570,719,571,2,1
571,641,546,0,3
571,648,546,0,3
571,649,596,3,0
571,652,546,0,3
571,677,546,0,3
571,691,546,0,3
571,697,546,0,3
571,719,546,0,3
572,640,571,1,2
572,641,571,1,2
572,648,571,1,2
572,649,571,1,2
572,652,547,0,3
572,672,597,3,0
572,677,547,0,3
572,691,571,1,2
572,692,571,1,2
572,697,547,0,3
572,701,571,1,2
572,719,547,0,3
573,640,572,1,2
573,641,572,1,2
573,648,572,1,2
573,649,572,1,2
573,652,548,0,3
573,677,548,0,3
573,691,572,1,2
573,697,548,0,3
573,719,548,0,3
574,640,573,1,2
574,641,573,1,2
574,648,573,1,2
574,649,573,1,2
574,677,549,0,3
574,691,573,1,2
574,719,549,0,3
575,641,599,3,2
575,648,599,3,2
575,663,600,2,0
575,677,550,0,2
575,683,550,0,2
575,691,599,3,2
575,719,600,2,0
576,641,577,2,1
576,648,575,1,1
576,691,575,1,1
576,719,601,3,0
577,628,552,0,3
577,645,552,0,3
577,648,576,1,2
577,653,602,3,0
577,691,576,1,2
578,628,553,0,3
578,645,553,0,3
578,653,603,3,0
578,662,577,1,2
578,691,579,2,1
579,641,580,2,1
579,648,580,2,1
579,691,580,2,1
579,719,604,3,0
580,641,581,2,1
580,648,581,2,1
580,663,605,3,0
580,677,555,0,3
580,683,555,0,3
580,691,581,2,1
580,719,605,3,0
581,640,582,2,1
581,641,582,2,1
581,648,582,2,1
581,649,582,2,1
581,663,606,3,0
581,677,556,0,3
581,691,582,2,1
581,719,606,3,0
582,640,583,2,1
582,641,583,2,1
582,648,583,2,1
582,649,583,2,1
582,652,557,0,3
582,663,607,3,0
582,677,557,0,3
582,691,583,2,1
582,697,557,0,3
582,719,607,3,0
583,640,584,2,1
583,641,584,2,1
583,648,584,2,1
583,649,584,2,1
583,652,558,0,3
583,663,608,3,0
583,672,608,3,0
583,677,558,0,3
583,691,584,2,1
583,692,584,2,1
583,697,558,0,3
583,701,584,2,1
583,719,608,3,0
584,641,559,0,3
584,648,559,0,3
584,649,609,3,0
584,652,559,0,3
584,663,609,3,0
584,677,559,0,3
584,691,559,0,3
584,697,559,0,3
585,640,610,3,0
585,641,560,0,3
585,648,560,0,3
585,649,610,3,0
585,652,584,1,2
585,672,584,1,2
585,677,584,1,2
585,691,560,0,3
585,692,610,3,0
585,697,584,1,2
585,701,610,3,0
585,719,584,1,2
586,640,611,3,0
586,641,561,0,3
586,648,561,0,3
586,649,611,3,0
586,652,585,1,2
586,677,585,1,2
586,691,561,0,3
586,697,585,1,2
586,719,585,1,2
587,640,612,3,0
587,641,562,0,3
587,648,562,0,3
587,649,612,3,0
587,677,586,1,2
587,691,562,0,3
587,719,586,1,2
588,641,563,0,3
588,648,563,0,3
588,677,587,1,2
588,691,563,0,3
588,719,587,1,2
589,648,564,0,3
589,691,564,0,3
589,719,588,1,2
590,662,591,2,1
590,691,565,0,3
591,628,592,2,1
591,645,592,2,1
591,648,566,0,3
591,653,592,2,1
591,691,566,0,3
592,641,591,1,2
592,648,567,0,3
592,691,567,0,3
592,719,593,2,1
593,641,568,0,3
593,648,568,0,3
593,663,594,2,1
593,677,594,2,1
593,683,594,2,1
593,691,568,0,3
593,719,594,2,1
594,640,619,3,0
594,641,569,0,3
594,648,569,0,3
594,649,619,3,0
594,677,595,2,1
594,691,569,0,3
594,719,595,2,1
595,640,620,3,0
595,641,570,0,3
595,648,570,0,3
595,649,620,3,0
595,652,596,2,1
595,677,596,2,1
595,691,570,0,3
595,697,596,2,1
595,719,596,2,1
596,641,571,0,3
596,648,571,0,3
596,649,621,3,0
596,652,571,0,3
596,663,621,3,0
596,677,571,0,3
596,691,571,0,3
596,697,571,0,3
597,640,596,1,2
597,641,596,1,2
597,648,596,1,2
597,649,596,1,2
597,652,572,0,3
597,663,622,3,0
597,672,622,3,0
597,677,572,0,3
597,691,596,1,2
597,692,596,1,2
597,697,572,0,3
597,701,596,1,2
597,719,622,3,0
598,640,597,1,2
598,641,597,1,2
598,648,597,1,2
598,649,597,1,2
598,652,573,0,3
598,663,623,3,0
598,677,573,0,3
598,691,597,1,2
598,697,573,0,3
598,719,623,3,0
599,640,598,1,2
599,641,598,1,2
599,648,598,1,2
599,649,598,1,2
599,663,624,3,0
599,677,574,0,3
599,691,598,1,2
599,719,624,3,0
600,631,601,1,1
600,641,624,3,2
600,648,624,3,2
600,677,575,0,2
600,683,575,0,2
600,691,624,3,2
600,719,0,2,3
601,641,602,2,1
601,648,600,1,1
601,691,600,1,1
601,719,1,3,3
602,628,577,0,3
602,645,577,0,3
602,648,601,1,2
602,653,2,3,3
602,691,601,1,2
603,628,578,0,3
603,645,578,0,3
603,653,3,3,3
603,662,602,1,2
603,691,604,2,1
604,641,605,2,1
604,648,605,2,1
604,691,605,2,1
604,719,4,3,3
605,631,631,10,0
605,641,606,2,1
605,648,606,2,1
605,663,663,42,0
605,677,580,0,3
605,683,580,0,3
605,691,606,2,1
605,719,5,3,3
606,631,605,1,2
606,640,607,2,1
606,641,607,2,1
606,648,607,2,1
606,649,607,2,1
606,663,605,1,2
606,677,581,0,3
606,691,607,2,1
606,719,6,3,3
607,631,606,1,2
607,640,608,2,1
607,641,608,2,1
607,648,608,2,1
607,649,608,2,1
607,652,582,0,3
607,663,606,1,2
607,677,582,0,3
607,691,608,2,1
607,697,582,0,3
607,719,7,3,3
608,631,607,1,2
608,640,609,2,1
608,641,609,2,1
608,648,609,2,1
608,649,609,2,1
608,652,583,0,3
608,663,607,1,2
608,672,8,3,3
608,677,583,0,3
608,691,609,2,1
608,692,609,2,1
608,697,583,0,3
608,701,609,2,1
608,719,8,3,3
609,631,608,1,2
609,641,584,0,3
609,648,584,0,3
609,649,9,3,3
609,652,584,0,3
609,663,608,1,2
609,677,584,0,3
609,691,584,0,3
609,697,584,0,3
609,719,9,3,3
610,640,10,3,3
610,641,585,0,3
610,648,585,0,3
610,649,10,3,3
610,652,609,1,2
610,672,609,1,2
610,677,609,1,2
610,691,585,0,3
610,692,10,3,3
610,697,609,1,2
610,701,10,3,3
610,719,609,1,2
611,640,11,3,3
611,641,586,0,3
611,648,586,0,3
611,649,11,3,3
611,652,610,1,2
611,677,610,1,2
611,691,586,0,3
611,697,610,1,2
611,719,610,1,2
612,640,12,3,3
612,641,587,0,3
612,648,587,0,3
612,649,12,3,3
612,677,611,1,2
612,691,587,0,3
612,719,611,1,2
613,641,588,0,3
613,648,588,0,3
613,677,612,1,2
613,691,588,0,3
613,719,612,1,2
614,648,589,0,3
614,691,589,0,3
614,719,613,1,2
615,662,616,2,1
615,691,590,0,3
616,628,617,2,1
616,645,617,2,1
616,648,591,0,3
616,653,617,2,1
616,691,591,0,3
617,641,616,1,2
617,648,592,0,3
617,691,592,0,3
617,719,618,2,1
618,641,593,0,3
618,648,593,0,3
618,663,619,2,1
618,677,619,2,1
618,683,619,2,1
618,691,593,0,3
618,719,619,2,1
619,640,19,3,3
619,641,594,0,3
619,648,594,0,3
619,649,19,3,3
619,677,620,2,1
619,691,594,0,3
619,719,620,2,1
620,640,20,3,3
620,641,595,0,3
620,648,595,0,3
620,649,20,3,3
620,652,621,2,1
620,677,621,2,1
620,691,595,0,3
620,697,621,2,1
620,719,621,2,1
621,631,622,2,1
621,641,596,0,3
621,648,596,0,3
621,649,21,3,3
621,652,596,0,3
621,663,622,2,1
621,677,596,0,3
621,691,596,0,3
621,697,596,0,3
621,719,21,3,3
622,631,623,2,1
622,640,621,1,2
622,641,621,1,2
622,648,621,1,2
622,649,621,1,2
622,652,597,0,3
622,663,623,2,1
622,672,22,3,3
622,677,597,0,3
622,691,621,1,2
622,692,621,1,2
622,697,597,0,3
622,701,621,1,2
622,719,22,3,3
623,631,624,2,1
623,640,622,1,2
623,641,622,1,2
623,648,622,1,2
623,649,622,1,2
623,652,598,0,3
623,663,624,2,1
623,677,598,0,3
623,691,622,1,2
623,697,598,0,3
623,719,23,3,3
624,631,600,2,3
624,640,623,1,2
624,641,623,1,2
624,648,623,1,2
624,649,623,1,2
624,663,600,2,3
624,677,599,0,3
624,691,623,1,2
624,719,24,3,3
628,625,378,0,7
628,626,378,0,7
628,627,378,0,7
628,629,378,0,7
628,630,378,0,7
628,631,378,0,7
628,632,378,0,7
628,633,378,0,7
628,634,378,0,7
628,635,378,0,7
628,636,378,0,7
628,637,378,0,7
628,638,378,0,7
628,639,378,0,7
628,640,378,0,7
628,641,378,0,7
628,642,378,0,7
628,643,378,0,7
628,644,378,0,7
628,645,378,0,7
628,646,378,0,7
628,647,378,0,7
628,648,378,0,7
628,649,378,0,7
628,650,378,0,7
628,651,378,0,7
628,652,378,0,7
628,653,378,0,7
628,654,378,0,7
628,655,378,0,7
628,656,378,0,7
628,657,378,0,7
628,658,378,0,7
628,659,378,0,7
628,660,378,0,7
628,661,378,0,7
628,662,378,0,7
628,663,378,0,7
628,664,378,0,7
628,665,378,0,7
628,666,378,0,7
628,667,378,0,7
628,668,378,0,7
628,669,378,0,7
628,670,378,0,7
628,671,378,0,7
628,672,378,0,7
628,673,378,0,7
628,674,378,0,7
628,675,378,0,7
628,676,378,0,7
628,677,378,0,7
628,678,378,0,7
628,679,378,0,7
628,680,378,0,7
628,681,378,0,7
628,682,378,0,7
628,683,378,0,7
628,684,378,0,7
628,685,378,0,7
628,686,378,0,7
628,687,378,0,7
628,688,378,0,7
628,689,378,0,7
628,690,378,0,7
628,691,378,0,7
628,692,378,0,7
628,693,378,0,7
628,694,378,0,7
628,695,378,0,7
628,696,378,0,7
628,697,378,0,7
628,698,378,0,7
628,699,378,0,7
628,700,378,0,7
628,701,378,0,7
628,702,378,0,7
628,703,378,0,7
628,704,378,0,7
628,705,378,0,7
628,706,378,0,7
628,707,378,0,7
628,708,378,0,7
628,709,378,0,7
628,710,378,0,7
628,711,378,0,7
628,712,378,0,7
628,713,378,0,7
628,714,378,0,7
628,715,378,0,7
628,716,378,0,7
628,717,378,0,7
628,718,378,0,7
628,719,378,0,7
628,720,378,0,7
628,721,378,0,7
628,722,378,0,7
628,723,378,0,7
628,724,378,0,7
631,625,605,0,10
631,626,605,0,10
631,627,605,0,10
631,628,605,0,10
631,629,605,0,10
631,630,605,0,10
631,632,605,0,10
631,633,605,0,10
631,634,605,0,10
631,635,605,0,10
631,636,605,0,10
631,637,605,0,10
631,638,605,0,10
631,639,605,0,10
631,640,605,0,10
631,641,605,0,10
631,642,605,0,10
631,643,605,0,10
631,644,605,0,10
631,645,605,0,10
631,646,605,0,10
631,647,605,0,10
631,648,605,0,10
631,649,605,0,10
631,650,605,0,10
631,651,605,0,10
631,652,605,0,10
631,653,605,0,10
631,654,605,0,10
631,655,605,0,10
631,656,605,0,10
631,657,605,0,10
631,658,605,0,10
631,659,605,0,10
631,660,605,0,10
631,661,605,0,10
631,662,605,0,10
631,663,605,0,10
631,664,605,0,10
631,665,605,0,10
631,666,605,0,10
631,667,605,0,10
631,668,605,0,10
631,669,605,0,10
631,670,605,0,10
631,671,605,0,10
631,672,605,0,10
631,673,605,0,10
631,674,605,0,10
631,675,605,0,10
631,676,605,0,10
631,677,605,0,10
631,678,605,0,10
631,679,605,0,10
631,680,605,0,10
631,681,605,0,10
631,682,605,0,10
631,683,605,0,10
631,684,605,0,10
631,685,605,0,10
631,686,605,0,10
631,687,605,0,10
631,688,605,0,10
631,689,605,0,10
631,690,605,0,10
631,691,605,0,10
631,692,605,0,10
631,693,605,0,10
631,694,605,0,10
631,695,605,0,10
631,696,605,0,10
631,697,605,0,10
631,698,605,0,10
631,699,605,0,10
631,700,605,0,10
631,701,605,0,10
631,702,605,0,10
631,703,605,0,10
631,704,605,0,10
631,705,605,0,10
631,706,605,0,10
631,707,605,0,10
631,708,605,0,10
631,709,605,0,10
631,710,605,0,10
631,711,605,0,10
631,712,605,0,10
631,713,605,0,10
631,714,605,0,10
631,715,605,0,10
631,716,605,0,10
631,717,605,0,10
631,718,605,0,10
631,719,605,0,10
631,720,605,0,10
631,721,605,0,10
631,722,605,0,10
631,723,605,0,10
631,724,605,0,10
640,625,12,0,19
640,626,12,0,19
640,627,12,0,19
640,628,12,0,19
640,629,12,0,19
640,630,12,0,19
640,631,12,0,19
640,632,12,0,19
640,633,12,0,19
640,634,12,0,19
640,635,12,0,19
640,636,12,0,19
640,637,12,0,19
640,638,12,0,19
640,639,12,0,19
640,641,12,0,19
640,642,12,0,19
640,643,12,0,19
640,644,12,0,19
640,645,12,0,19
640,646,12,0,19
640,647,12,0,19
640,648,12,0,19
640,649,12,0,19
640,650,12,0,19
640,651,12,0,19
640,652,12,0,19
640,653,12,0,19
640,654,12,0,19
640,655,12,0,19
640,656,12,0,19
640,657,12,0,19
640,658,12,0,19
640,659,12,0,19
640,660,12,0,19
640,661,12,0,19
640,662,12,0,19
640,663,12,0,19
640,664,12,0,19
640,665,12,0,19
640,666,12,0,19
640,667,12,0,19
640,668,12,0,19
640,669,12,0,19
640,670,12,0,19
640,671,12,0,19
640,672,12,0,19
640,673,12,0,19
640,674,12,0,19
640,675,12,0,19
640,676,12,0,19
640,677,12,0,19
640,678,12,0,19
640,679,12,0,19
640,680,12,0,19
640,681,12,0,19
640,682,12,0,19
640,683,12,0,19
640,684,12,0,19
640,685,12,0,19
640,686,12,0,19
640,687,12,0,19
640,688,12,0,19
640,689,12,0,19
640,690,12,0,19
640,691,12,0,19
640,692,12,0,19
640,693,12,0,19
640,694,12,0,19
640,695,12,0,19
640,696,12,0,19
640,697,12,0,19
640,698,12,0,19
640,699,12,0,19
640,700,12,0,19
640,701,12,0,19
640,702,12,0,19
640,703,12,0,19
640,704,12,0,19
640,705,12,0,19
640,706,12,0,19
640,707,12,0,19
640,708,12,0,19
640,709,12,0,19
640,710,12,0,19
640,711,12,0,19
640,712,12,0,19
640,713,12,0,19
640,714,12,0,19
640,715,12,0,19
640,716,12,0,19
640,717,12,0,19
640,718,12,0,19
640,719,12,0,19
640,720,12,0,19
640,721,12,0,19
640,722,12,0,19
640,723,12,0,19
640,724,12,0,19
641,625,438,0,20
641,626,438,0,20
641,627,438,0,20
641,628,438,0,20
641,629,438,0,20
641,630,438,0,20
641,631,438,0,20
641,632,438,0,20
641,633,438,0,20
641,634,438,0,20
641,635,438,0,20
641,636,438,0,20
641,637,438,0,20
641,638,438,0,20
641,639,438,0,20
641,640,438,0,20
641,642,438,0,20
641,643,438,0,20
641,644,438,0,20
641,645,438,0,20
641,646,438,0,20
641,647,438,0,20
641,648,438,0,20
641,649,438,0,20
641,650,438,0,20
641,651,438,0,20
641,652,438,0,20
641,653,438,0,20
641,654,438,0,20
641,655,438,0,20
641,656,438,0,20
641,657,438,0,20
641,658,438,0,20
641,659,438,0,20
641,660,438,0,20
641,661,438,0,20
641,662,438,0,20
641,663,438,0,20
641,664,438,0,20
641,665,438,0,20
641,666,438,0,20
641,667,438,0,20
641,668,438,0,20
641,669,438,0,20
641,670,438,0,20
641,671,438,0,20
641,672,438,0,20
641,673,438,0,20
641,674,438,0,20
641,675,438,0,20
641,676,438,0,20
641,677,438,0,20
641,678,438,0,20
641,679,438,0,20
641,680,438,0,20
641,681,438,0,20
641,682,438,0,20
641,683,438,0,20
641,684,438,0,20
641,685,438,0,20
641,686,438,0,20
641,687,438,0,20
641,688,438,0,20
641,689,438,0,20
641,690,438,0,20
641,691,438,0,20
641,692,438,0,20
641,693,438,0,20
641,694,438,0,20
641,695,438,0,20
641,696,438,0,20
641,697,438,0,20
641,698,438,0,20
641,699,438,0,20
641,700,438,0,20
641,701,438,0,20
641,702,438,0,20
641,703,438,0,20
641,704,438,0,20
641,705,438,0,20
641,706,438,0,20
641,707,438,0,20
641,708,438,0,20
641,709,438,0,20
641,710,438,0,20
641,711,438,0,20
641,712,438,0,20
641,713,438,0,20
641,714,438,0,20
641,715,438,0,20
641,716,438,0,20
641,717,438,0,20
641,718,438,0,20
641,719,438,0,20
641,720,438,0,20
641,721,438,0,20
641,722,438,0,20
641,723,438,0,20
641,724,438,0,20
645,625,328,0,24
645,626,328,0,24
645,627,328,0,24
645,628,328,0,24
645,629,328,0,24
645,630,328,0,24
645,631,328,0,24
645,632,328,0,24
645,633,328,0,24
645,634,328,0,24
645,635,328,0,24
645,636,328,0,24
645,637,328,0,24
645,638,328,0,24
645,639,328,0,24
645,640,328,0,24
645,641,328,0,24
645,642,328,0,24
645,643,328,0,24
645,644,328,0,24
645,646,328,0,24
645,647,328,0,24
645,648,328,0,24
645,649,328,0,24
645,650,328,0,24
645,651,328,0,24
645,652,328,0,24
645,653,328,0,24
645,654,328,0,24
645,655,328,0,24
645,656,328,0,24
645,657,328,0,24
645,658,328,0,24
645,659,328,0,24
645,660,328,0,24
645,661,328,0,24
645,662,328,0,24
645,663,328,0,24
645,664,328,0,24
645,665,328,0,24
645,666,328,0,24
645,667,328,0,24
645,668,328,0,24
645,669,328,0,24
645,670,328,0,24
645,671,328,0,24
645,672,328,0,24
645,673,328,0,24
645,674,328,0,24
645,675,328,0,24
645,676,328,0,24
645,677,328,0,24
645,678,328,0,24
645,679,328,0,24
645,680,328,0,24
645,681,328,0,24
645,682,328,0,24
645,683,328,0,24
645,684,328,0,24
645,685,328,0,24
645,686,328,0,24
645,687,328,0,24
645,688,328,0,24
645,689,328,0,24
645,690,328,0,24
645,691,328,0,24
645,692,328,0,24
645,693,328,0,24
645,694,328,0,24
645,695,328,0,24
645,696,328,0,24
645,697,328,0,24
645,698,328,0,24
645,699,328,0,24
645,700,328,0,24
645,701,328,0,24
645,702,328,0,24
645,703,328,0,24
645,704,328,0,24
645,705,328,0,24
645,706,328,0,24
645,707,328,0,24
645,708,328,0,24
645,709,328,0,24
645,710,328,0,24
645,711,328,0,24
645,712,328,0,24
645,713,328,0,24
645,714,328,0,24
645,715,328,0,24
645,716,328,0,24
645,717,328,0,24
645,718,328,0,24
645,719,328,0,24
645,720,328,0,24
645,721,328,0,24
645,722,328,0,24
645,723,328,0,24
645,724,328,0,24
648,625,416,0,27
648,626,416,0,27
648,627,416,0,27
648,628,416,0,27
648,629,416,0,27
648,630,416,0,27
648,631,416,0,27
648,632,416,0,27
648,633,416,0,27
648,634,416,0,27
648,635,416,0,27
648,636,416,0,27
648,637,416,0,27
648,638,416,0,27
648,639,416,0,27
648,640,416,0,27
648,641,416,0,27
648,642,416,0,27
648,643,416,0,27
648,644,416,0,27
648,645,416,0,27
648,646,416,0,27
648,647,416,0,27
648,649,416,0,27
648,650,416,0,27
648,651,416,0,27
648,652,416,0,27
648,653,416,0,27
648,654,416,0,27
648,655,416,0,27
648,656,416,0,27
648,657,416,0,27
648,658,416,0,27
648,659,416,0,27
648,660,416,0,27
648,661,416,0,27
648,662,416,0,27
648,663,416,0,27
648,664,416,0,27
648,665,416,0,27
648,666,416,0,27
648,667,416,0,27
648,668,416,0,27
648,669,416,0,27
648,670,416,0,27
648,671,416,0,27
648,672,416,0,27
648,673,416,0,27
648,674,416,0,27
648,675,416,0,27
648,676,416,0,27
648,677,416,0,27
648,678,416,0,27
648,679,416,0,27
648,680,416,0,27
648,681,416,0,27
648,682,416,0,27
648,683,416,0,27
648,684,416,0,27
648,685,416,0,27
648,686,416,0,27
648,687,416,0,27
648,688,416,0,27
648,689,416,0,27
648,690,416,0,27
648,691,416,0,27
648,692,416,0,27
648,693,416,0,27
648,694,416,0,27
648,695,416,0,27
648,696,416,0,27
648,697,416,0,27
648,698,416,0,27
648,699,416,0,27
648,700,416,0,27
648,701,416,0,27
648,702,416,0,27
648,703,416,0,27
648,704,416,0,27
648,705,416,0,27
648,706,416,0,27
648,707,416,0,27
648,708,416,0,27
648,709,416,0,27
648,710,416,0,27
648,711,416,0,27
648,712,416,0,27
648,713,416,0,27
648,714,416,0,27
648,715,416,0,27
648,716,416,0,27
648,717,416,0,27
648,718,416,0,27
648,719,416,0,27
648,720,416,0,27
648,721,416,0,27
648,722,416,0,27
648,723,416,0,27
648,724,416,0,27
649,625,162,0,28
649,626,162,0,28
649,627,162,0,28
649,628,162,0,28
649,629,162,0,28
649,630,162,0,28
649,631,162,0,28
649,632,162,0,28
649,633,162,0,28
649,634,162,0,28
649,635,162,0,28
649,636,162,0,28
649,637,162,0,28
649,638,162,0,28
649,639,162,0,28
649,640,162,0,28
649,641,162,0,28
649,642,162,0,28
649,643,162,0,28
649,644,162,0,28
649,645,162,0,28
649,646,162,0,28
649,647,162,0,28
649,648,162,0,28
649,650,162,0,28
649,651,162,0,28
649,652,162,0,28
649,653,162,0,28
649,654,162,0,28
649,655,162,0,28
649,656,162,0,28
649,657,162,0,28
649,658,162,0,28
649,659,162,0,28
649,660,162,0,28
649,661,162,0,28
649,662,162,0,28
649,663,162,0,28
649,664,162,0,28
649,665,162,0,28
649,666,162,0,28
649,667,162,0,28
649,668,162,0,28
649,669,162,0,28
649,670,162,0,28
649,671,162,0,28
649,672,162,0,28
649,673,162,0,28
649,674,162,0,28
649,675,162,0,28
649,676,162,0,28
649,677,162,0,28
649,678,162,0,28
649,679,162,0,28
649,680,162,0,28
649,681,162,0,28
649,682,162,0,28
649,683,162,0,28
649,684,162,0,28
649,685,162,0,28
649,686,162,0,28
649,687,162,0,28
649,688,162,0,28
649,689,162,0,28
649,690,162,0,28
649,691,162,0,28
649,692,162,0,28
649,693,162,0,28
649,694,162,0,28
649,695,162,0,28
649,696,162,0,28
649,697,162,0,28
649,698,162,0,28
649,699,162,0,28
649,700,162,0,28
649,701,162,0,28
649,702,162,0,28
649,703,162,0,28
649,704,162,0,28
649,705,162,0,28
649,706,162,0,28
649,707,162,0,28
649,708,162,0,28
649,709,162,0,28
649,710,162,0,28
649,711,162,0,28
649,712,162,0,28
649,713,162,0,28
649,714,162,0,28
649,715,162,0,28
649,716,162,0,28
649,717,162,0,28
649,718,162,0,28
649,719,162,0,28
649,720,162,0,28
649,721,162,0,28
649,722,162,0,28
649,723,162,0,28
649,724,162,0,28
652,625,307,0,31
652,626,307,0,31
652,627,307,0,31
652,628,307,0,31
652,629,307,0,31
652,630,307,0,31
652,631,307,0,31
652,632,307,0,31
652,633,307,0,31
652,634,307,0,31
652,635,307,0,31
652,636,307,0,31
652,637,307,0,31
652,638,307,0,31
652,639,307,0,31
652,640,307,0,31
652,641,307,0,31
652,642,307,0,31
652,643,307,0,31
652,644,307,0,31
652,645,307,0,31
652,646,307,0,31
652,647,307,0,31
652,648,307,0,31
652,649,307,0,31
652,650,307,0,31
652,651,307,0,31
652,653,307,0,31
652,654,307,0,31
652,655,307,0,31
652,656,307,0,31
652,657,307,0,31
652,658,307,0,31
652,659,307,0,31
652,660,307,0,31
652,661,307,0,31
652,662,307,0,31
652,663,307,0,31
652,664,307,0,31
652,665,307,0,31
652,666,307,0,31
652,667,307,0,31
652,668,307,0,31
652,669,307,0,31
652,670,307,0,31
652,671,307,0,31
652,672,307,0,31
652,673,307,0,31
652,674,307,0,31
652,675,307,0,31
652,676,307,0,31
652,677,307,0,31
652,678,307,0,31
652,679,307,0,31
652,680,307,0,31
652,681,307,0,31
652,682,307,0,31
652,683,307,0,31
652,684,307,0,31
652,685,307,0,31
652,686,307,0,31
652,687,307,0,31
652,688,307,0,31
652,689,307,0,31
652,690,307,0,31
652,691,307,0,31
652,692,307,0,31
652,693,307,0,31
652,694,307,0,31
652,695,307,0,31
652,696,307,0,31
652,697,307,0,31
652,698,307,0,31
652,699,307,0,31
652,700,307,0,31
652,701,307,0,31
652,702,307,0,31
652,703,307,0,31
652,704,307,0,31
652,705,307,0,31
652,706,307,0,31
652,707,307,0,31
652,708,307,0,31
652,709,307,0,31
652,710,307,0,31
652,711,307,0,31
652,712,307,0,31
652,713,307,0,31
652,714,307,0,31
652,715,307,0,31
652,716,307,0,31
652,717,307,0,31
652,718,307,0,31
652,719,307,0,31
652,720,307,0,31
652,721,307,0,31
652,722,307,0,31
652,723,307,0,31
652,724,307,0,31
653,625,178,0,32
653,626,178,0,32
653,627,178,0,32
653,628,178,0,32
653,629,178,0,32
653,630,178,0,32
653,631,178,0,32
653,632,178,0,32
653,633,178,0,32
653,634,178,0,32
653,635,178,0,32
653,636,178,0,32
653,637,178,0,32
653,638,178,0,32
653,639,178,0,32
653,640,178,0,32
653,641,178,0,32
653,642,178,0,32
653,643,178,0,32
653,644,178,0,32
653,645,178,0,32
653,646,178,0,32
653,647,178,0,32
653,648,178,0,32
653,649,178,0,32
653,650,178,0,32
653,651,178,0,32
653,652,178,0,32
653,654,178,0,32
653,655,178,0,32
653,656,178,0,32
653,657,178,0,32
653,658,178,0,32
653,659,178,0,32
653,660,178,0,32
653,661,178,0,32
653,662,178,0,32
653,663,178,0,32
653,664,178,0,32
653,665,178,0,32
653,666,178,0,32
653,667,178,0,32
653,668,178,0,32
653,669,178,0,32
653,670,178,0,32
653,671,178,0,32
653,672,178,0,32
653,673,178,0,32
653,674,178,0,32
653,675,178,0,32
653,676,178,0,32
653,677,178,0,32
653,678,178,0,32
653,679,178,0,32
653,680,178,0,32
653,681,178,0,32
653,682,178,0,32
653,683,178,0,32
653,684,178,0,32
653,685,178,0,32
653,686,178,0,32
653,687,178,0,32
653,688,178,0,32
653,689,178,0,32
653,690,178,0,32
653,691,178,0,32
653,692,178,0,32
653,693,178,0,32
653,694,178,0,32
653,695,178,0,32
653,696,178,0,32
653,697,178,0,32
653,698,178,0,32
653,699,178,0,32
653,700,178,0,32
653,701,178,0,32
653,702,178,0,32
653,703,178,0,32
653,704,178,0,32
653,705,178,0,32
653,706,178,0,32
653,707,178,0,32
653,708,178,0,32
653,709,178,0,32
653,710,178,0,32
653,711,178,0,32
653,712,178,0,32
653,713,178,0,32
653,714,178,0,32
653,715,178,0,32
653,716,178,0,32
653,717,178,0,32
653,718,178,0,32
653,719,178,0,32
653,720,178,0,32
653,721,178,0,32
653,722,178,0,32
653,723,178,0,32
653,724,178,0,32
662,625,127,0,41
662,626,127,0,41
662,627,127,0,41
662,628,127,0,41
662,629,127,0,41
662,630,127,0,41
662,631,127,0,41
662,632,127,0,41
662,633,127,0,41
662,634,127,0,41
662,635,127,0,41
662,636,127,0,41
662,637,127,0,41
662,638,127,0,41
662,639,127,0,41
662,640,127,0,41
662,641,127,0,41
662,642,127,0,41
662,643,127,0,41
662,644,127,0,41
662,645,127,0,41
662,646,127,0,41
662,647,127,0,41
662,648,127,0,41
662,649,127,0,41
662,650,127,0,41
662,651,127,0,41
662,652,127,0,41
662,653,127,0,41
662,654,127,0,41
662,655,127,0,41
662,656,127,0,41
662,657,127,0,41
662,658,127,0,41
662,659,127,0,41
662,660,127,0,41
662,661,127,0,41
662,663,127,0,41
662,664,127,0,41
662,665,127,0,41
662,666,127,0,41
662,667,127,0,41
662,668,127,0,41
662,669,127,0,41
662,670,127,0,41
662,671,127,0,41
662,672,127,0,41
662,673,127,0,41
662,674,127,0,41
662,675,127,0,41
662,676,127,0,41
662,677,127,0,41
662,678,127,0,41
662,679,127,0,41
662,680,127,0,41
662,681,127,0,41
662,682,127,0,41
662,683,127,0,41
662,684,127,0,41
662,685,127,0,41
662,686,127,0,41
662,687,127,0,41
662,688,127,0,41
662,689,127,0,41
662,690,127,0,41
662,691,127,0,41
662,692,127,0,41
662,693,127,0,41
662,694,127,0,41
662,695,127,0,41
662,696,127,0,41
662,697,127,0,41
662,698,127,0,41
662,699,127,0,41
662,700,127,0,41
662,701,127,0,41
662,702,127,0,41
662,703,127,0,41
662,704,127,0,41
662,705,127,0,41
662,706,127,0,41
662,707,127,0,41
662,708,127,0,41
662,709,127,0,41
662,710,127,0,41
662,711,127,0,41
662,712,127,0,41
662,713,127,0,41
662,714,127,0,41
662,715,127,0,41
662,716,127,0,41
662,717,127,0,41
662,718,127,0,41
662,719,127,0,41
662,720,127,0,41
662,721,127,0,41
662,722,127,0,41
662,723,127,0,41
662,724,127,0,41
663,625,605,0,42
663,626,605,0,42
663,627,605,0,42
663,628,605,0,42
663,629,605,0,42
663,630,605,0,42
663,631,605,0,42
663,632,605,0,42
663,633,605,0,42
663,634,605,0,42
663,635,605,0,42
663,636,605,0,42
663,637,605,0,42
663,638,605,0,42
663,639,605,0,42
663,640,605,0,42
663,641,605,0,42
663,642,605,0,42
663,643,605,0,42
663,644,605,0,42
663,645,605,0,42
663,646,605,0,42
663,647,605,0,42
663,648,605,0,42
663,649,605,0,42
663,650,605,0,42
663,651,605,0,42
663,652,605,0,42
663,653,605,0,42
663,654,605,0,42
663,655,605,0,42
663,656,605,0,42
663,657,605,0,42
663,658,605,0,42
663,659,605,0,42
663,660,605,0,42
663,661,605,0,42
663,662,605,0,42
663,664,605,0,42
663,665,605,0,42
663,666,605,0,42
663,667,605,0,42
663,668,605,0,42
663,669,605,0,42
663,670,605,0,42
663,671,605,0,42
663,672,605,0,42
663,673,605,0,42
663,674,605,0,42
663,675,605,0,42
663,676,605,0,42
663,677,605,0,42
663,678,605,0,42
663,679,605,0,42
663,680,605,0,42
663,681,605,0,42
663,682,605,0,42
663,683,605,0,42
663,684,605,0,42
663,685,605,0,42
663,686,605,0,42
663,687,605,0,42
663,688,605,0,42
663,689,605,0,42
663,690,605,0,42
663,691,605,0,42
663,692,605,0,42
663,693,605,0,42
663,694,605,0,42
663,695,605,0,42
663,696,605,0,42
663,697,605,0,42
663,698,605,0,42
663,699,605,0,42
663,700,605,0,42
663,701,605,0,42
663,702,605,0,42
663,703,605,0,42
663,704,605,0,42
663,705,605,0,42
663,706,605,0,42
663,707,605,0,42
663,708,605,0,42
663,709,605,0,42
663,710,605,0,42
663,711,605,0,42
663,712,605,0,42
663,713,605,0,42
663,714,605,0,42
663,715,605,0,42
663,716,605,0,42
663,717,605,0,42
663,718,605,0,42
663,719,605,0,42
663,720,605,0,42
663,721,605,0,42
663,722,605,0,42
663,723,605,0,42
663,724,605,0,42
672,625,208,0,51
672,626,208,0,51
672,627,208,0,51
672,628,208,0,51
672,629,208,0,51
672,630,208,0,51
672,631,208,0,51
672,632,208,0,51
672,633,208,0,51
672,634,208,0,51
672,635,208,0,51
672,636,208,0,51
672,637,208,0,51
672,638,208,0,51
672,639,208,0,51
672,640,208,0,51
672,641,208,0,51
672,642,208,0,51
672,643,208,0,51
672,644,208,0,51
672,645,208,0,51
672,646,208,0,51
672,647,208,0,51
672,648,208,0,51
672,649,208,0,51
672,650,208,0,51
672,651,208,0,51
672,652,208,0,51
672,653,208,0,51
672,654,208,0,51
672,655,208,0,51
672,656,208,0,51
672,657,208,0,51
672,658,208,0,51
672,659,208,0,51
672,660,208,0,51
672,661,208,0,51
672,662,208,0,51
672,663,208,0,51
672,664,208,0,51
672,665,208,0,51
672,666,208,0,51
672,667,208,0,51
672,668,208,0,51
672,669,208,0,51
672,670,208,0,51
672,671,208,0,51
672,673,208,0,51
672,674,208,0,51
672,675,208,0,51
672,676,208,0,51
672,677,208,0,51
672,678,208,0,51
672,679,208,0,51
672,680,208,0,51
672,681,208,0,51
672,682,208,0,51
672,683,208,0,51
672,684,208,0,51
672,685,208,0,51
672,686,208,0,51
672,687,208,0,51
672,688,208,0,51
672,689,208,0,51
672,690,208,0,51
672,691,208,0,51
672,692,208,0,51
672,693,208,0,51
672,694,208,0,51
672,695,208,0,51
672,696,208,0,51
672,697,208,0,51
672,698,208,0,51
672,699,208,0,51
672,700,208,0,51
672,701,208,0,51
672,702,208,0,51
672,703,208,0,51
672,704,208,0,51
672,705,208,0,51
672,706,208,0,51
672,707,208,0,51
672,708,208,0,51
672,709,208,0,51
672,710,208,0,51
672,711,208,0,51
672,712,208,0,51
672,713,208,0,51
672,714,208,0,51
672,715,208,0,51
672,716,208,0,51
672,717,208,0,51
672,718,208,0,51
672,719,208,0,51
672,720,208,0,51
672,721,208,0,51
672,722,208,0,51
672,723,208,0,51
672,724,208,0,51
677,625,355,0,56
677,626,355,0,56
677,627,355,0,56
677,628,355,0,56
677,629,355,0,56
677,630,355,0,56
677,631,355,0,56
677,632,355,0,56
677,633,355,0,56
677,634,355,0,56
677,635,355,0,56
677,636,355,0,56
677,637,355,0,56
677,638,355,0,56
677,639,355,0,56
677,640,355,0,56
677,641,355,0,56
677,642,355,0,56
677,643,355,0,56
677,644,355,0,56
677,645,355,0,56
677,646,355,0,56
677,647,355,0,56
677,648,355,0,56
677,649,355,0,56
677,650,355,0,56
677,651,355,0,56
677,652,355,0,56
677,653,355,0,56
677,654,355,0,56
677,655,355,0,56
677,656,355,0,56
677,657,355,0,56
677,658,355,0,56
677,659,355,0,56
677,660,355,0,56
677,661,355,0,56
677,662,355,0,56
677,663,355,0,56
677,664,355,0,56
677,665,355,0,56
677,666,355,0,56
677,667,355,0,56
677,668,355,0,56
677,669,355,0,56
677,670,355,0,56
677,671,355,0,56
677,672,355,0,56
677,673,355,0,56
677,674,355,0,56
677,675,355,0,56
677,676,355,0,56
677,678,355,0,56
677,679,355,0,56
677,680,355,0,56
677,681,355,0,56
677,682,355,0,56
677,683,355,0,56
677,684,355,0,56
677,685,355,0,56
677,686,355,0,56
677,687,355,0,56
677,688,355,0,56
677,689,355,0,56
677,690,355,0,56
677,691,355,0,56
677,692,355,0,56
677,693,355,0,56
677,694,355,0,56
677,695,355,0,56
677,696,355,0,56
677,697,355,0,56
677,698,355,0,56
677,699,355,0,56
677,700,355,0,56
677,701,355,0,56
677,702,355,0,56
677,703,355,0,56
677,704,355,0,56
677,705,355,0,56
677,706,355,0,56
677,707,355,0,56
677,708,355,0,56
677,709,355,0,56
677,710,355,0,56
677,711,355,0,56
677,712,355,0,56
677,713,355,0,56
677,714,355,0,56
677,715,355,0,56
677,716,355,0,56
677,717,355,0,56
677,718,355,0,56
677,719,355,0,56
677,720,355,0,56
677,721,355,0,56
677,722,355,0,56
677,723,355,0,56
677,724,355,0,56
683,625,380,0,62
683,626,380,0,62
683,627,380,0,62
683,628,380,0,62
683,629,380,0,62
683,630,380,0,62
683,631,380,0,62
683,632,380,0,62
683,633,380,0,62
683,634,380,0,62
683,635,380,0,62
683,636,380,0,62
683,637,380,0,62
683,638,380,0,62
683,639,380,0,62
683,640,380,0,62
683,641,380,0,62
683,642,380,0,62
683,643,380,0,62
683,644,380,0,62
683,645,380,0,62
683,646,380,0,62
683,647,380,0,62
683,648,380,0,62
683,649,380,0,62
683,650,380,0,62
683,651,380,0,62
683,652,380,0,62
683,653,380,0,62
683,654,380,0,62
683,655,380,0,62
683,656,380,0,62
683,657,380,0,62
683,658,380,0,62
683,659,380,0,62
683,660,380,0,62
683,661,380,0,62
683,662,380,0,62
683,663,380,0,62
683,664,380,0,62
683,665,380,0,62
683,666,380,0,62
683,667,380,0,62
683,668,380,0,62
683,669,380,0,62
683,670,380,0,62
683,671,380,0,62
683,672,380,0,62
683,673,380,0,62
683,674,380,0,62
683,675,380,0,62
683,676,380,0,62
683,677,380,0,62
683,678,380,0,62
683,679,380,0,62
683,680,380,0,62
683,681,380,0,62
683,682,380,0,62
683,684,380,0,62
683,685,380,0,62
683,686,380,0,62
683,687,380,0,62
683,688,380,0,62
683,689,380,0,62
683,690,380,0,62
683,691,380,0,62
683,692,380,0,62
683,693,380,0,62
683,694,380,0,62
683,695,380,0,62
683,696,380,0,62
683,697,380,0,62
683,698,380,0,62
683,699,380,0,62
683,700,380,0,62
683,701,380,0,62
683,702,380,0,62
683,703,380,0,62
683,704,380,0,62
683,705,380,0,62
683,706,380,0,62
683,707,380,0,62
683,708,380,0,62
683,709,380,0,62
683,710,380,0,62
683,711,380,0,62
683,712,380,0,62
683,713,380,0,62
683,714,380,0,62
683,715,380,0,62
683,716,380,0,62
683,717,380,0,62
683,718,380,0,62
683,719,380,0,62
683,720,380,0,62
683,721,380,0,62
683,722,380,0,62
683,723,380,0,62
683,724,380,0,62
690,625,366,0,69
690,626,366,0,69
690,627,366,0,69
690,628,366,0,69
690,629,366,0,69
690,630,366,0,69
690,631,366,0,69
690,632,366,0,69
690,633,366,0,69
690,634,366,0,69
690,635,366,0,69
690,636,366,0,69
690,637,366,0,69
690,638,366,0,69
690,639,366,0,69
690,640,366,0,69
690,641,366,0,69
690,642,366,0,69
690,643,366,0,69
690,644,366,0,69
690,645,366,0,69
690,646,366,0,69
690,647,366,0,69
690,648,366,0,69
690,649,366,0,69
690,650,366,0,69
690,651,366,0,69
690,652,366,0,69
690,653,366,0,69
690,654,366,0,69
690,655,366,0,69
690,656,366,0,69
690,657,366,0,69
690,658,366,0,69
690,659,366,0,69
690,660,366,0,69
690,661,366,0,69
690,662,366,0,69
690,663,366,0,69
690,664,366,0,69
690,665,366,0,69
690,666,366,0,69
690,667,366,0,69
690,668,366,0,69
690,669,366,0,69
690,670,366,0,69
690,671,366,0,69
690,672,366,0,69
690,673,366,0,69
690,674,366,0,69
690,675,366,0,69
690,676,366,0,69
690,677,366,0,69
690,678,366,0,69
690,679,366,0,69
690,680,366,0,69
690,681,366,0,69
690,682,366,0,69
690,683,366,0,69
690,684,366,0,69
690,685,366,0,69
690,686,366,0,69
690,687,366,0,69
690,688,366,0,69
690,689,366,0,69
690,691,366,0,69
690,692,366,0,69
690,693,366,0,69
690,694,366,0,69
690,695,366,0,69
690,696,366,0,69
690,697,366,0,69
690,698,366,0,69
690,699,366,0,69
690,700,366,0,69
690,701,366,0,69
690,702,366,0,69
690,703,366,0,69
690,704,366,0,69
690,705,366,0,69
690,706,366,0,69
690,707,366,0,69
690,708,366,0,69
690,709,366,0,69
690,710,366,0,69
690,711,366,0,69
690,712,366,0,69
690,713,366,0,69
690,714,366,0,69
690,715,366,0,69
690,716,366,0,69
690,717,366,0,69
690,718,366,0,69
690,719,366,0,69
690,720,366,0,69
690,721,366,0,69
690,722,366,0,69
690,723,366,0,69
690,724,366,0,69
691,625,540,0,70
691,626,540,0,70
691,627,540,0,70
691,628,540,0,70
691,629,540,0,70
691,630,540,0,70
691,631,540,0,70
691,632,540,0,70
691,633,540,0,70
691,634,540,0,70
691,635,540,0,70
691,636,540,0,70
691,637,540,0,70
691,638,540,0,70
691,639,540,0,70
691,640,540,0,70
691,641,540,0,70
691,642,540,0,70
691,643,540,0,70
691,644,540,0,70
691,645,540,0,70
691,646,540,0,70
691,647,540,0,70
691,648,540,0,70
691,649,540,0,70
691,650,540,0,70
691,651,540,0,70
691,652,540,0,70
691,653,540,0,70
691,654,540,0,70
691,655,540,0,70
691,656,540,0,70
691,657,540,0,70
691,658,540,0,70
691,659,540,0,70
691,660,540,0,70
691,661,540,0,70
691,662,540,0,70
691,663,540,0,70
691,664,540,0,70
691,665,540,0,70
691,666,540,0,70
691,667,540,0,70
691,668,540,0,70
691,669,540,0,70
691,670,540,0,70
691,671,540,0,70
691,672,540,0,70
691,673,540,0,70
691,674,540,0,70
691,675,540,0,70
691,676,540,0,70
691,677,540,0,70
691,678,540,0,70
691,679,540,0,70
691,680,540,0,70
691,681,540,0,70
691,682,540,0,70
691,683,540,0,70
691,684,540,0,70
691,685,540,0,70
691,686,540,0,70
691,687,540,0,70
691,688,540,0,70
691,689,540,0,70
691,690,540,0,70
691,692,540,0,70
691,693,540,0,70
691,694,540,0,70
691,695,540,0,70
691,696,540,0,70
691,697,540,0,70
691,698,540,0,70
691,699,540,0,70
691,700,540,0,70
691,701,540,0,70
691,702,540,0,70
691,703,540,0,70
691,704,540,0,70
691,705,540,0,70
691,706,540,0,70
691,707,540,0,70
691,708,540,0,70
691,709,540,0,70
691,710,540,0,70
691,711,540,0,70
691,712,540,0,70
691,713,540,0,70
691,714,540,0,70
691,715,540,0,70
691,716,540,0,70
691,717,540,0,70
691,718,540,0,70
691,719,540,0,70
691,720,540,0,70
691,721,540,0,70
691,722,540,0,70
691,723,540,0,70
691,724,540,0,70
692,625,35,0,71
692,626,35,0,71
692,627,35,0,71
692,628,35,0,71
692,629,35,0,71
692,630,35,0,71
692,631,35,0,71
692,632,35,0,71
692,633,35,0,71
692,634,35,0,71
692,635,35,0,71
692,636,35,0,71
692,637,35,0,71
692,638,35,0,71
692,639,35,0,71
692,640,35,0,71
692,641,35,0,71
692,642,35,0,71
692,643,35,0,71
692,644,35,0,71
692,645,35,0,71
692,646,35,0,71
692,647,35,0,71
692,648,35,0,71
692,649,35,0,71
692,650,35,0,71
692,651,35,0,71
692,652,35,0,71
692,653,35,0,71
692,654,35,0,71
692,655,35,0,71
692,656,35,0,71
692,657,35,0,71
692,658,35,0,71
692,659,35,0,71
692,660,35,0,71
692,661,35,0,71
692,662,35,0,71
692,663,35,0,71
692,664,35,0,71
692,665,35,0,71
692,666,35,0,71
692,667,35,0,71
692,668,35,0,71
692,669,35,0,71
692,670,35,0,71
692,671,35,0,71
692,672,35,0,71
692,673,35,0,71
692,674,35,0,71
692,675,35,0,71
692,676,35,0,71
692,677,35,0,71
692,678,35,0,71
692,679,35,0,71
692,680,35,0,71
692,681,35,0,71
692,682,35,0,71
692,683,35,0,71
692,684,35,0,71
692,685,35,0,71
692,686,35,0,71
692,687,35,0,71
692,688,35,0,71
692,689,35,0,71
692,690,35,0,71
692,691,35,0,71
692,693,35,0,71
692,694,35,0,71
692,695,35,0,71
692,696,35,0,71
692,697,35,0,71
692,698,35,0,71
692,699,35,0,71
692,700,35,0,71
692,701,35,0,71
692,702,35,0,71
692,703,35,0,71
692,704,35,0,71
692,705,35,0,71
692,706,35,0,71
692,707,35,0,71
692,708,35,0,71
692,709,35,0,71
692,710,35,0,71
692,711,35,0,71
692,712,35,0,71
692,713,35,0,71
692,714,35,0,71
692,715,35,0,71
692,716,35,0,71
692,717,35,0,71
692,718,35,0,71
692,719,35,0,71
692,720,35,0,71
692,721,35,0,71
692,722,35,0,71
692,723,35,0,71
692,724,35,0,71
697,625,332,0,76
697,626,332,0,76
697,627,332,0,76
697,628,332,0,76
697,629,332,0,76
697,630,332,0,76
697,631,332,0,76
697,632,332,0,76
697,633,332,0,76
697,634,332,0,76
697,635,332,0,76
697,636,332,0,76
697,637,332,0,76
697,638,332,0,76
697,639,332,0,76
697,640,332,0,76
697,641,332,0,76
697,642,332,0,76
697,643,332,0,76
697,644,332,0,76
697,645,332,0,76
697,646,332,0,76
697,647,332,0,76
697,648,332,0,76
697,649,332,0,76
697,650,332,0,76
697,651,332,0,76
697,652,332,0,76
697,653,332,0,76
697,654,332,0,76
697,655,332,0,76
697,656,332,0,76
697,657,332,0,76
697,658,332,0,76
697,659,332,0,76
697,660,332,0,76
697,661,332,0,76
697,662,332,0,76
697,663,332,0,76
697,664,332,0,76
697,665,332,0,76
697,666,332,0,76
697,667,332,0,76
697,668,332,0,76
697,669,332,0,76
697,670,332,0,76
697,671,332,0,76
697,672,332,0,76
697,673,332,0,76
697,674,332,0,76
697,675,332,0,76
697,676,332,0,76
697,677,332,0,76
697,678,332,0,76
697,679,332,0,76
697,680,332,0,76
697,681,332,0,76
697,682,332,0,76
697,683,332,0,76
697,684,332,0,76
697,685,332,0,76
697,686,332,0,76
697,687,332,0,76
697,688,332,0,76
697,689,332,0,76
697,690,332,0,76
697,691,332,0,76
697,692,332,0,76
697,693,332,0,76
697,694,332,0,76
697,695,332,0,76
697,696,332,0,76
697,698,332,0,76
697,699,332,0,76
697,700,332,0,76
697,701,332,0,76
697,702,332,0,76
697,703,332,0,76
697,704,332,0,76
697,705,332,0,76
697,706,332,0,76
697,707,332,0,76
697,708,332,0,76
697,709,332,0,76
697,710,332,0,76
697,711,332,0,76
697,712,332,0,76
697,713,332,0,76
697,714,332,0,76
697,715,332,0,76
697,716,332,0,76
697,717,332,0,76
697,718,332,0,76
697,719,332,0,76
697,720,332,0,76
697,721,332,0,76
697,722,332,0,76
697,723,332,0,76
697,724,332,0,76
701,625,10,0,80
701,626,10,0,80
701,627,10,0,80
701,628,10,0,80
701,629,10,0,80
701,630,10,0,80
701,631,10,0,80
701,632,10,0,80
701,633,10,0,80
701,634,10,0,80
701,635,10,0,80
701,636,10,0,80
701,637,10,0,80
701,638,10,0,80
701,639,10,0,80
701,640,10,0,80
701,641,10,0,80
701,642,10,0,80
701,643,10,0,80
701,644,10,0,80
701,645,10,0,80
701,646,10,0,80
701,647,10,0,80
701,648,10,0,80
701,649,10,0,80
701,650,10,0,80
701,651,10,0,80
701,652,10,0,80
701,653,10,0,80
701,654,10,0,80
701,655,10,0,80
701,656,10,0,80
701,657,10,0,80
701,658,10,0,80
701,659,10,0,80
701,660,10,0,80
701,661,10,0,80
701,662,10,0,80
701,663,10,0,80
701,664,10,0,80
701,665,10,0,80
701,666,10,0,80
701,667,10,0,80
701,668,10,0,80
701,669,10,0,80
701,670,10,0,80
701,671,10,0,80
701,672,10,0,80
701,673,10,0,80
701,674,10,0,80
701,675,10,0,80
701,676,10,0,80
701,677,10,0,80
701,678,10,0,80
701,679,10,0,80
701,680,10,0,80
701,681,10,0,80
701,682,10,0,80
701,683,10,0,80
701,684,10,0,80
701,685,10,0,80
701,686,10,0,80
701,687,10,0,80
701,688,10,0,80
701,689,10,0,80
701,690,10,0,80
701,691,10,0,80
701,692,10,0,80
701,693,10,0,80
701,694,10,0,80
701,695,10,0,80
701,696,10,0,80
701,697,10,0,80
701,698,10,0,80
701,699,10,0,80
701,700,10,0,80
701,702,10,0,80
701,703,10,0,80
701,704,10,0,80
701,705,10,0,80
701,706,10,0,80
701,707,10,0,80
701,708,10,0,80
701,709,10,0,80
701,710,10,0,80
701,711,10,0,80
701,712,10,0,80
701,713,10,0,80
701,714,10,0,80
701,715,10,0,80
701,716,10,0,80
701,717,10,0,80
701,718,10,0,80
701,719,10,0,80
701,720,10,0,80
701,721,10,0,80
701,722,10,0,80
701,723,10,0,80
701,724,10,0,80
719,625,254,0,98
719,626,254,0,98
719,627,254,0,98
719,628,254,0,98
719,629,254,0,98
719,630,254,0,98
719,631,254,0,98
719,632,254,0,98
719,633,254,0,98
719,634,254,0,98
719,635,254,0,98
719,636,254,0,98
719,637,254,0,98
719,638,254,0,98
719,639,254,0,98
719,640,254,0,98
719,641,254,0,98
719,642,254,0,98
719,643,254,0,98
719,644,254,0,98
719,645,254,0,98
719,646,254,0,98
719,647,254,0,98
719,648,254,0,98
719,649,254,0,98
719,650,254,0,98
719,651,254,0,98
719,652,254,0,98
719,653,254,0,98
719,654,254,0,98
719,655,254,0,98
719,656,254,0,98
719,657,254,0,98
719,658,254,0,98
719,659,254,0,98
719,660,254,0,98
719,661,254,0,98
719,662,254,0,98
719,663,254,0,98
719,664,254,0,98
719,665,254,0,98
719,666,254,0,98
719,667,254,0,98
719,668,254,0,98
719,669,254,0,98
719,670,254,0,98
719,671,254,0,98
719,672,254,0,98
719,673,254,0,98
719,674,254,0,98
719,675,254,0,98
719,676,254,0,98
719,677,254,0,98
719,678,254,0,98
719,679,254,0,98
719,680,254,0,98
719,681,254,0,98
719,682,254,0,98
719,683,254,0,98
719,684,254,0,98
719,685,254,0,98
719,686,254,0,98
719,687,254,0,98
719,688,254,0,98
719,689,254,0,98
719,690,254,0,98
719,691,254,0,98
719,692,254,0,98
719,693,254,0,98
719,694,254,0,98
719,695,254,0,98
719,696,254,0,98
719,697,254,0,98
719,698,254,0,98
719,699,254,0,98
719,700,254,0,98
719,701,254,0,98
719,702,254,0,98
719,703,254,0,98
719,704,254,0,98
719,705,254,0,98
719,706,254,0,98
719,707,254,0,98
719,708,254,0,98
719,709,254,0,98
719,710,254,0,98
719,711,254,0,98
719,712,254,0,98
719,713,254,0,98
719,714,254,0,98
719,715,254,0,98
719,716,254,0,98
719,717,254,0,98
719,718,254,0,98
719,720,254,0,98
719,721,254,0,98
719,722,254,0,98
719,723,254,0,98
719,724,254,0,98
