0,626,600,3,2
0,631,600,3,2
0,633,24,2,1
0,640,24,2,1
0,652,1,0,0
0,653,25,1,0
0,689,24,2,1
0,710,1,0,0
0,715,600,3,2
0,717,25,1,0
1,626,601,3,3
1,631,601,3,3
1,653,26,2,0
1,715,601,3,3
2,626,602,3,3
2,653,27,2,0
3,645,4,1,0
4,699,3,0,1
5,626,605,3,3
5,653,30,2,0
5,681,6,1,0
6,626,606,3,3
6,631,606,3,3
6,653,31,2,0
6,715,606,3,3
7,626,607,3,3
7,631,607,3,3
7,633,8,1,0
7,640,8,1,0
7,653,32,2,0
7,689,8,1,0
7,715,607,3,3
7,717,32,2,0
8,626,608,3,3
8,631,608,3,3
8,633,9,1,0
8,640,9,1,0
8,644,9,1,0
8,653,33,2,0
8,689,9,1,0
8,702,33,2,0
8,710,608,3,3
8,715,608,3,3
8,717,33,2,0
9,626,609,3,3
9,631,609,3,3
9,633,10,1,0
9,638,10,1,0
9,640,10,1,0
9,644,10,1,0
9,653,34,2,0
9,689,10,1,0
9,692,34,2,0
9,701,34,2,0
9,702,34,2,0
9,706,34,2,0
9,710,609,3,3
9,715,609,3,3
9,717,34,2,0
9,721,34,2,0
10,626,610,3,3
10,631,610,3,3
10,633,35,2,0
10,640,11,1,0
10,644,35,2,0
10,653,35,2,0
10,689,610,3,3
10,715,610,3,3
11,626,10,0,1
11,633,36,2,0
11,638,611,3,3
11,640,12,1,0
11,644,36,2,0
11,653,10,0,1
11,655,10,0,1
11,689,611,3,3
11,702,10,0,1
11,706,10,0,1
11,710,10,0,1
11,715,10,0,1
11,717,10,0,1
11,721,10,0,1
12,626,11,0,1
12,633,37,2,0
12,638,612,3,3
12,640,13,1,0
12,644,37,2,0
12,653,11,0,1
12,689,612,3,3
12,702,11,0,1
12,710,11,0,1
12,715,11,0,1
12,717,11,0,1
13,626,12,0,1
13,633,38,2,0
13,640,640,19,0
13,652,12,0,1
13,653,12,0,1
13,689,613,3,3
13,710,12,0,1
13,715,12,0,1
13,717,12,0,1
14,626,13,0,1
14,653,13,0,1
14,715,13,0,1
15,626,14,0,1
15,653,14,0,1
15,681,615,3,3
16,645,15,0,1
16,699,17,1,0
17,645,16,0,1
17,681,617,3,3
18,626,19,1,0
18,653,19,1,0
19,626,20,1,0
19,653,20,1,0
19,715,20,1,0
20,626,21,1,0
20,633,45,2,0
20,640,19,0,1
20,652,19,0,1
20,653,21,1,0
20,689,620,3,3
20,710,19,0,1
20,715,21,1,0
20,717,21,1,0
21,626,22,1,0
21,633,46,2,0
21,638,621,3,3
21,640,20,0,1
21,644,46,2,0
21,653,22,1,0
21,689,621,3,3
21,702,22,1,0
21,710,22,1,0
21,715,22,1,0
21,717,22,1,0
22,626,23,1,0
22,633,47,2,0
22,638,622,3,3
22,640,21,0,1
22,644,47,2,0
22,653,23,1,0
22,655,21,0,1
22,689,622,3,3
22,692,23,1,0
22,701,23,1,0
22,702,23,1,0
22,706,23,1,0
22,710,23,1,0
22,715,23,1,0
22,717,23,1,0
22,721,23,1,0
23,626,623,3,3
23,631,623,3,3
23,633,48,2,0
23,640,22,0,1
23,644,48,2,0
23,653,48,2,0
23,655,24,1,0
23,689,623,3,3
23,692,48,2,0
23,701,48,2,0
23,715,623,3,3
24,626,624,3,3
24,631,624,3,3
24,633,23,0,1
24,638,23,0,1
24,640,23,0,1
24,644,23,0,1
24,653,49,2,0
24,689,23,0,1
24,702,49,2,0
24,710,624,3,3
24,715,624,3,3
24,717,49,2,0
25,626,0,0,1
25,633,49,3,2
25,640,49,3,2
25,652,26,1,1
25,653,50,2,0
25,689,49,3,2
25,710,26,1,1
25,715,50,2,0
25,717,50,2,0
26,626,1,0,2
26,653,51,3,0
26,715,51,3,0
27,626,2,0,2
27,653,52,3,0
28,645,29,2,1
29,699,28,1,2
30,626,5,0,2
30,653,55,3,0
30,681,31,2,1
31,626,6,0,2
31,653,56,3,0
31,715,56,3,0
32,626,7,0,2
32,633,33,2,1
32,640,33,2,1
32,653,57,3,0
32,689,33,2,1
32,715,57,3,0
32,717,57,3,0
33,626,8,0,2
33,633,34,2,1
33,640,34,2,1
33,644,34,2,1
33,653,58,3,0
33,689,34,2,1
33,702,58,3,0
33,710,8,0,2
33,715,58,3,0
33,717,58,3,0
34,626,9,0,2
34,633,35,2,1
34,638,35,2,1
34,640,35,2,1
34,644,35,2,1
34,653,59,3,0
34,689,35,2,1
34,692,59,3,0
34,701,59,3,0
34,702,59,3,0
34,706,59,3,0
34,710,9,0,2
34,715,59,3,0
34,717,59,3,0
34,721,59,3,0
35,626,10,0,2
35,633,60,3,0
35,640,10,0,2
35,644,60,3,0
35,653,60,3,0
35,655,60,3,0
35,689,10,0,2
35,717,60,3,0
36,626,35,1,2
36,633,61,3,0
36,638,11,0,2
36,640,11,0,2
36,644,61,3,0
36,653,35,1,2
36,655,35,1,2
36,689,11,0,2
36,702,35,1,2
36,706,35,1,2
36,710,35,1,2
36,715,35,1,2
36,717,35,1,2
36,721,35,1,2
37,626,36,1,2
37,633,62,3,0
37,638,12,0,2
37,640,12,0,2
37,644,62,3,0
37,653,36,1,2
37,689,12,0,2
37,702,36,1,2
37,710,36,1,2
37,715,36,1,2
37,717,36,1,2
38,626,37,1,2
38,633,63,3,0
38,640,13,0,2
38,652,37,1,2
38,653,37,1,2
38,689,13,0,2
38,710,37,1,2
38,715,37,1,2
38,717,37,1,2
39,626,38,1,2
39,653,38,1,2
39,715,38,1,2
40,626,39,1,2
40,645,645,24,0
40,653,39,1,2
40,681,15,0,2
41,645,40,1,2
41,699,42,2,1
42,681,17,0,2
43,626,44,2,1
43,653,44,2,1
44,626,45,2,1
44,653,45,2,1
44,715,45,2,1
45,626,46,2,1
45,633,70,3,0
45,640,20,0,2
45,652,44,1,2
45,653,46,2,1
45,689,20,0,2
45,710,44,1,2
45,715,46,2,1
45,717,46,2,1
46,626,47,2,1
46,633,71,3,0
46,638,21,0,2
46,640,21,0,2
46,644,71,3,0
46,653,47,2,1
46,689,21,0,2
46,702,47,2,1
46,710,47,2,1
46,715,47,2,1
46,717,47,2,1
47,626,48,2,1
47,633,72,3,0
47,638,22,0,2
47,640,22,0,2
47,644,72,3,0
47,653,48,2,1
47,689,22,0,2
47,692,48,2,1
47,701,48,2,1
47,702,48,2,1
47,706,48,2,1
47,710,48,2,1
47,715,48,2,1
47,717,48,2,1
47,721,48,2,1
48,626,23,0,2
48,633,73,3,0
48,640,23,0,2
48,644,73,3,0
48,653,73,3,0
48,655,49,2,1
48,689,23,0,2
48,692,73,3,0
48,701,73,3,0
48,717,73,3,0
49,626,24,0,2
49,633,48,1,2
49,638,48,1,2
49,640,48,1,2
49,644,48,1,2
49,653,74,3,0
49,689,48,1,2
49,702,74,3,0
49,710,24,0,2
49,715,74,3,0
49,717,74,3,0
50,626,75,2,0
50,633,74,3,2
50,640,74,3,2
50,652,51,1,1
50,653,75,2,0
50,689,74,3,2
50,710,51,1,1
50,715,75,2,0
50,717,75,2,0
51,626,76,3,0
51,653,76,3,0
51,715,76,3,0
52,626,77,3,0
52,653,77,3,0
53,645,54,2,1
54,699,53,1,2
55,626,80,3,0
55,653,80,3,0
55,681,56,2,1
56,626,81,3,0
56,653,81,3,0
56,715,81,3,0
57,626,82,3,0
57,633,58,2,1
57,640,58,2,1
57,653,82,3,0
57,689,58,2,1
57,715,82,3,0
57,717,82,3,0
58,626,83,3,0
58,633,59,2,1
58,640,59,2,1
58,644,59,2,1
58,653,83,3,0
58,689,59,2,1
58,702,83,3,0
58,710,33,0,3
58,715,83,3,0
58,717,83,3,0
59,626,84,3,0
59,633,60,2,1
59,638,60,2,1
59,640,60,2,1
59,644,60,2,1
59,653,84,3,0
59,689,60,2,1
59,692,84,3,0
59,701,84,3,0
59,702,84,3,0
59,706,84,3,0
59,710,34,0,3
59,715,84,3,0
59,717,84,3,0
59,721,84,3,0
60,640,35,0,3
60,653,85,3,0
60,655,655,34,0
60,689,35,0,3
60,701,85,3,0
60,702,85,3,0
60,706,85,3,0
60,717,85,3,0
61,626,60,1,2
61,633,86,3,0
61,638,36,0,3
61,640,36,0,3
61,644,86,3,0
61,653,60,1,2
61,655,60,1,2
61,689,36,0,3
61,702,60,1,2
61,706,60,1,2
61,710,60,1,2
61,715,60,1,2
61,717,60,1,2
61,721,60,1,2
62,626,61,1,2
62,633,87,3,0
62,638,37,0,3
62,640,37,0,3
62,644,87,3,0
62,653,61,1,2
62,689,37,0,3
62,702,61,1,2
62,710,61,1,2
62,715,61,1,2
62,717,61,1,2
63,626,62,1,2
63,633,88,3,0
63,640,38,0,3
63,652,62,1,2
63,653,62,1,2
63,689,38,0,3
63,710,62,1,2
63,715,62,1,2
63,717,62,1,2
64,626,63,1,2
64,653,63,1,2
64,715,63,1,2
65,626,64,1,2
65,653,64,1,2
65,681,40,0,3
66,645,65,1,2
66,699,67,2,1
67,645,66,1,2
67,681,42,0,3
68,626,69,2,1
68,653,69,2,1
69,626,70,2,1
69,653,70,2,1
69,715,70,2,1
70,626,71,2,1
70,633,95,3,0
70,640,45,0,3
70,652,69,1,2
70,653,71,2,1
70,689,45,0,3
70,710,69,1,2
70,715,71,2,1
70,717,71,2,1
71,626,72,2,1
71,633,96,3,0
71,638,46,0,3
71,640,46,0,3
71,644,96,3,0
71,653,72,2,1
71,689,46,0,3
71,702,72,2,1
71,710,72,2,1
71,715,72,2,1
71,717,72,2,1
72,626,73,2,1
72,633,97,3,0
72,638,47,0,3
72,640,47,0,3
72,644,97,3,0
72,653,73,2,1
72,655,71,1,2
72,689,47,0,3
72,692,73,2,1
72,701,73,2,1
72,702,73,2,1
72,706,73,2,1
72,710,73,2,1
72,715,73,2,1
72,717,73,2,1
72,721,73,2,1
73,640,48,0,3
73,653,98,3,0
73,655,74,2,1
73,689,48,0,3
73,692,98,3,0
73,701,98,3,0
73,702,98,3,0
73,706,98,3,0
73,717,98,3,0
74,626,99,3,0
74,633,73,1,2
74,638,73,1,2
74,640,73,1,2
74,644,73,1,2
74,653,99,3,0
74,689,73,1,2
74,702,99,3,0
74,710,49,0,3
74,715,99,3,0
74,717,99,3,0
75,626,100,2,0
75,633,99,3,2
75,640,99,3,2
75,652,76,1,1
75,653,100,2,0
75,689,99,3,2
75,710,76,1,1
75,715,100,2,0
75,717,100,2,0
76,626,101,3,0
76,653,101,3,0
76,715,101,3,0
77,626,102,3,0
77,653,102,3,0
78,645,79,2,1
79,699,78,1,2
80,626,105,3,0
80,653,105,3,0
80,681,81,2,1
81,626,106,3,0
81,653,106,3,0
81,715,106,3,0
82,626,107,3,0
82,633,83,2,1
82,640,83,2,1
82,653,107,3,0
82,689,83,2,1
82,715,107,3,0
82,717,107,3,0
83,626,108,3,0
83,633,84,2,1
83,640,84,2,1
83,644,84,2,1
83,653,108,3,0
83,689,84,2,1
83,702,108,3,0
83,710,58,0,3
83,715,108,3,0
83,717,108,3,0
84,626,109,3,0
84,633,85,2,1
84,638,85,2,1
84,640,85,2,1
84,644,85,2,1
84,653,109,3,0
84,689,85,2,1
84,692,109,3,0
84,701,109,3,0
84,702,109,3,0
84,706,109,3,0
84,710,59,0,3
84,715,109,3,0
84,717,109,3,0
84,721,109,3,0
85,626,110,3,0
85,638,110,3,0
85,640,60,0,3
85,653,110,3,0
85,688,110,3,0
85,689,60,0,3
85,692,110,3,0
85,701,110,3,0
85,702,110,3,0
85,706,110,3,0
85,710,60,0,3
85,715,110,3,0
85,717,110,3,0
85,721,110,3,0
86,626,85,1,2
86,633,111,3,0
86,638,111,3,0
86,640,61,0,3
86,644,111,3,0
86,653,85,1,2
86,655,85,1,2
86,688,111,3,0
86,689,61,0,3
86,702,85,1,2
86,706,85,1,2
86,710,85,1,2
86,715,85,1,2
86,717,85,1,2
86,721,85,1,2
87,626,86,1,2
87,633,112,3,0
87,638,112,3,0
87,640,62,0,3
87,644,112,3,0
87,653,86,1,2
87,688,112,3,0
87,689,62,0,3
87,702,86,1,2
87,710,86,1,2
87,715,86,1,2
87,717,86,1,2
88,626,87,1,2
88,633,113,3,0
88,640,63,0,3
88,652,87,1,2
88,653,87,1,2
88,688,113,3,0
88,689,63,0,3
88,710,87,1,2
88,715,87,1,2
88,717,87,1,2
89,626,88,1,2
89,653,88,1,2
89,688,114,3,0
89,715,88,1,2
90,626,89,1,2
90,653,89,1,2
90,681,65,0,3
91,645,90,1,2
91,699,92,2,1
92,645,91,1,2
92,681,67,0,3
93,626,94,2,1
93,653,94,2,1
93,688,118,3,0
94,626,95,2,1
94,653,95,2,1
94,688,119,3,0
94,715,95,2,1
95,626,96,2,1
95,633,120,3,0
95,640,70,0,3
95,652,94,1,2
95,653,96,2,1
95,688,120,3,0
95,689,70,0,3
95,710,94,1,2
95,715,96,2,1
95,717,96,2,1
96,626,97,2,1
96,633,121,3,0
96,638,121,3,0
96,640,71,0,3
96,644,121,3,0
96,653,97,2,1
96,688,121,3,0
96,689,71,0,3
96,702,97,2,1
96,710,97,2,1
96,715,97,2,1
96,717,97,2,1
97,626,98,2,1
97,633,122,3,0
97,638,122,3,0
97,640,72,0,3
97,644,122,3,0
97,653,98,2,1
97,655,96,1,2
97,688,122,3,0
97,689,72,0,3
97,692,98,2,1
97,701,98,2,1
97,702,98,2,1
97,706,98,2,1
97,710,98,2,1
97,715,98,2,1
97,717,98,2,1
97,721,98,2,1
98,626,123,3,0
98,638,123,3,0
98,640,73,0,3
98,653,123,3,0
98,655,99,2,1
98,688,123,3,0
98,689,73,0,3
98,692,123,3,0
98,701,123,3,0
98,702,123,3,0
98,706,123,3,0
98,710,73,0,3
98,715,123,3,0
98,717,123,3,0
98,721,123,3,0
99,626,124,3,0
99,633,98,1,2
99,638,98,1,2
99,640,98,1,2
99,644,98,1,2
99,653,124,3,0
99,689,98,1,2
99,702,124,3,0
99,710,74,0,3
99,715,124,3,0
99,717,124,3,0
100,626,125,2,0
100,633,124,3,2
100,640,124,3,2
100,652,101,1,1
100,653,125,2,0
100,689,124,3,2
100,710,101,1,1
100,715,125,2,0
100,717,125,2,0
101,626,126,3,0
101,653,126,3,0
101,715,126,3,0
102,626,127,3,0
102,653,127,3,0
103,645,104,2,1
104,699,103,1,2
105,626,130,3,0
105,653,130,3,0
105,681,106,2,1
106,626,131,3,0
106,653,131,3,0
106,715,131,3,0
107,626,132,3,0
107,633,108,2,1
107,640,108,2,1
107,653,132,3,0
107,689,108,2,1
107,715,132,3,0
107,717,132,3,0
108,626,133,3,0
108,633,109,2,1
108,640,109,2,1
108,644,109,2,1
108,653,133,3,0
108,689,109,2,1
108,702,133,3,0
108,710,83,0,3
108,715,133,3,0
108,717,133,3,0
109,626,134,3,0
109,633,110,2,1
109,638,110,2,1
109,640,110,2,1
109,644,110,2,1
109,653,134,3,0
109,689,110,2,1
109,692,134,3,0
109,701,701,80,0
109,702,134,3,0
109,706,134,3,0
109,710,84,0,3
109,715,134,3,0
109,717,134,3,0
109,721,134,3,0
110,626,135,3,0
110,638,135,3,0
110,640,85,0,3
110,653,135,3,0
110,689,85,0,3
110,692,135,3,0
110,701,109,1,2
110,702,135,3,0
110,706,135,3,0
110,710,85,0,3
110,715,135,3,0
110,717,135,3,0
110,721,135,3,0
111,626,110,1,2
111,633,136,3,0
111,638,136,3,0
111,640,86,0,3
111,644,136,3,0
111,653,110,1,2
111,655,110,1,2
111,689,86,0,3
111,702,110,1,2
111,706,110,1,2
111,710,110,1,2
111,715,110,1,2
111,717,110,1,2
111,721,110,1,2
112,626,111,1,2
112,633,137,3,0
112,638,137,3,0
112,640,87,0,3
112,644,137,3,0
112,653,111,1,2
112,689,87,0,3
112,702,111,1,2
112,710,111,1,2
112,715,111,1,2
112,717,111,1,2
113,626,112,1,2
113,633,138,3,0
113,640,88,0,3
113,652,112,1,2
113,653,112,1,2
113,689,88,0,3
113,710,112,1,2
113,715,112,1,2
113,717,112,1,2
114,626,113,1,2
114,653,113,1,2
114,715,113,1,2
115,626,114,1,2
115,653,114,1,2
115,681,90,0,3
116,645,115,1,2
116,699,117,2,1
117,645,116,1,2
117,681,92,0,3
118,626,119,2,1
118,653,119,2,1
119,626,120,2,1
119,653,120,2,1
119,715,120,2,1
120,626,121,2,1
120,633,145,3,0
120,640,95,0,3
120,652,119,1,2
120,653,121,2,1
120,689,95,0,3
120,710,119,1,2
120,715,121,2,1
120,717,121,2,1
121,626,122,2,1
121,633,146,3,0
121,638,146,3,0
121,640,96,0,3
121,644,146,3,0
121,653,122,2,1
121,689,96,0,3
121,702,122,2,1
121,710,122,2,1
121,715,122,2,1
121,717,122,2,1
122,626,123,2,1
122,633,147,3,0
122,638,147,3,0
122,640,97,0,3
122,644,147,3,0
122,653,123,2,1
122,655,121,1,2
122,689,97,0,3
122,692,123,2,1
122,701,123,2,1
122,702,123,2,1
122,706,123,2,1
122,710,123,2,1
122,715,123,2,1
122,717,123,2,1
122,721,123,2,1
123,626,148,3,0
123,638,148,3,0
123,640,98,0,3
123,653,148,3,0
123,655,124,2,1
123,689,98,0,3
123,692,148,3,0
123,702,148,3,0
123,706,148,3,0
123,710,98,0,3
123,715,148,3,0
123,717,148,3,0
123,721,148,3,0
124,626,149,3,0
124,633,123,1,2
124,638,123,1,2
124,640,123,1,2
124,644,123,1,2
124,653,149,3,0
124,689,123,1,2
124,702,149,3,0
124,710,99,0,3
124,715,149,3,0
124,717,149,3,0
125,626,150,2,0
125,633,149,3,2
125,640,149,3,2
125,652,126,1,1
125,653,150,2,0
125,689,149,3,2
125,710,126,1,1
125,715,150,2,0
125,717,150,2,0
126,626,151,3,0
126,653,151,3,0
126,715,151,3,0
127,626,152,3,0
127,653,152,3,0
128,645,129,2,1
129,699,128,1,2
130,626,155,3,0
130,653,155,3,0
130,681,131,2,1
131,626,156,3,0
131,653,156,3,0
131,715,156,3,0
132,626,157,3,0
132,633,133,2,1
132,640,133,2,1
132,653,157,3,0
132,689,133,2,1
132,715,157,3,0
132,717,157,3,0
133,626,158,3,0
133,633,134,2,1
133,640,134,2,1
133,644,134,2,1
133,653,158,3,0
133,689,134,2,1
133,702,158,3,0
133,710,108,0,3
133,715,158,3,0
133,717,158,3,0
134,626,159,3,0
134,633,135,2,1
134,638,135,2,1
134,640,135,2,1
134,644,135,2,1
134,653,159,3,0
134,689,135,2,1
134,692,692,71,0
134,701,109,0,3
134,702,159,3,0
134,706,706,85,0
134,710,109,0,3
134,715,159,3,0
134,717,159,3,0
134,721,159,3,0
135,626,160,3,0
135,638,160,3,0
135,640,110,0,3
135,652,160,3,0
135,653,160,3,0
135,668,160,3,0
135,689,110,0,3
135,692,134,1,2
135,702,160,3,0
135,706,134,1,2
135,710,110,0,3
135,715,160,3,0
135,717,160,3,0
135,721,160,3,0
136,626,135,1,2
136,633,161,3,0
136,638,161,3,0
136,640,111,0,3
136,644,161,3,0
136,652,161,3,0
136,653,135,1,2
136,655,135,1,2
136,668,161,3,0
136,689,111,0,3
136,702,135,1,2
136,706,135,1,2
136,710,135,1,2
136,715,135,1,2
136,717,135,1,2
136,721,135,1,2
137,626,136,1,2
137,633,162,3,0
137,638,162,3,0
137,640,112,0,3
137,644,162,3,0
137,652,162,3,0
137,653,136,1,2
137,668,162,3,0
137,689,112,0,3
137,702,136,1,2
137,710,136,1,2
137,715,136,1,2
137,717,136,1,2
138,626,137,1,2
138,633,163,3,0
138,640,113,0,3
138,652,137,1,2
138,653,137,1,2
138,668,163,3,0
138,689,113,0,3
138,710,137,1,2
138,715,137,1,2
138,717,137,1,2
139,626,138,1,2
139,653,138,1,2
139,668,164,3,0
139,715,138,1,2
140,626,139,1,2
140,653,139,1,2
140,668,165,3,0
140,681,115,0,3
141,645,140,1,2
141,699,142,2,1
142,645,141,1,2
142,668,167,3,0
142,681,117,0,3
143,626,144,2,1
143,653,144,2,1
143,668,168,3,0
144,626,145,2,1
144,653,145,2,1
144,668,169,3,0
144,715,145,2,1
145,626,146,2,1
145,633,170,3,0
145,640,120,0,3
145,653,146,2,1
145,668,170,3,0
145,689,120,0,3
145,710,144,1,2
145,715,146,2,1
145,717,146,2,1
146,626,147,2,1
146,633,171,3,0
146,638,171,3,0
146,640,121,0,3
146,644,171,3,0
146,652,171,3,0
146,653,147,2,1
146,668,171,3,0
146,689,121,0,3
146,702,147,2,1
146,710,147,2,1
146,715,147,2,1
146,717,147,2,1
147,626,148,2,1
147,633,172,3,0
147,638,172,3,0
147,640,122,0,3
147,644,172,3,0
147,652,172,3,0
147,653,148,2,1
147,655,146,1,2
147,668,172,3,0
147,689,122,0,3
147,692,148,2,1
147,701,148,2,1
147,702,148,2,1
147,706,148,2,1
147,710,148,2,1
147,715,148,2,1
147,717,148,2,1
147,721,148,2,1
148,626,173,3,0
148,638,173,3,0
148,640,123,0,3
148,652,173,3,0
148,653,173,3,0
148,655,149,2,1
148,668,173,3,0
148,689,123,0,3
148,701,123,0,3
148,702,173,3,0
148,706,149,2,1
148,710,123,0,3
148,715,173,3,0
148,717,173,3,0
148,721,173,3,0
149,626,174,3,0
149,633,148,1,2
149,638,148,1,2
149,640,148,1,2
149,644,148,1,2
149,653,174,3,0
149,689,148,1,2
149,702,174,3,0
149,710,124,0,3
149,715,174,3,0
149,717,174,3,0
150,626,175,2,0
150,633,174,3,2
150,640,174,3,2
150,652,151,1,1
150,653,151,1,1
150,689,174,3,2
150,710,151,1,1
150,715,175,2,0
150,717,175,2,0
151,626,176,3,0
151,653,152,2,1
151,715,176,3,0
152,626,177,3,0
152,653,153,2,1
153,645,154,2,1
154,699,153,1,2
155,626,180,3,0
155,653,653,32,0
155,681,156,2,1
156,626,181,3,0
156,653,155,1,2
156,715,181,3,0
157,626,182,3,0
157,633,158,2,1
157,640,158,2,1
157,653,156,1,2
157,689,158,2,1
157,715,182,3,0
157,717,182,3,0
158,626,183,3,0
158,633,159,2,1
158,640,159,2,1
158,644,159,2,1
158,653,157,1,2
158,689,159,2,1
158,702,183,3,0
158,710,133,0,3
158,715,183,3,0
158,717,183,3,0
159,626,184,3,0
159,633,160,2,1
159,638,160,2,1
159,640,160,2,1
159,644,160,2,1
159,653,158,1,2
159,689,160,2,1
159,692,134,0,3
159,701,134,0,3
159,702,184,3,0
159,706,134,0,3
159,710,134,0,3
159,715,184,3,0
159,717,184,3,0
159,721,721,100,0
160,626,185,3,0
160,633,161,2,1
160,638,185,3,0
160,640,135,0,3
160,652,161,2,1
160,653,159,1,2
160,689,135,0,3
160,702,185,3,0
160,710,135,0,3
160,715,185,3,0
160,717,185,3,0
160,721,159,1,2
161,626,160,1,2
161,633,162,2,1
161,638,186,3,0
161,640,136,0,3
161,644,186,3,0
161,652,162,2,1
161,653,160,1,2
161,655,160,1,2
161,689,136,0,3
161,702,160,1,2
161,706,160,1,2
161,710,160,1,2
161,715,160,1,2
161,717,160,1,2
161,721,160,1,2
162,626,161,1,2
162,633,163,2,1
162,638,187,3,0
162,640,137,0,3
162,644,187,3,0
162,652,652,31,0
162,653,161,1,2
162,689,137,0,3
162,702,161,1,2
162,710,161,1,2
162,715,161,1,2
162,717,161,1,2
163,626,162,1,2
163,633,633,12,0
163,640,138,0,3
163,652,162,1,2
163,653,162,1,2
163,689,138,0,3
163,710,162,1,2
163,715,162,1,2
163,717,162,1,2
164,626,163,1,2
164,653,163,1,2
164,715,163,1,2
165,626,164,1,2
165,653,164,1,2
165,681,140,0,3
166,645,165,1,2
166,699,167,2,1
167,645,166,1,2
167,681,142,0,3
168,626,169,2,1
168,653,169,2,1
169,626,170,2,1
169,653,170,2,1
169,715,170,2,1
170,626,171,2,1
170,633,169,1,2
170,640,145,0,3
170,652,169,1,2
170,653,171,2,1
170,689,145,0,3
170,710,169,1,2
170,715,171,2,1
170,717,171,2,1
171,626,172,2,1
171,633,170,1,2
171,638,196,3,0
171,640,146,0,3
171,644,196,3,0
171,652,170,1,2
171,653,172,2,1
171,689,146,0,3
171,702,172,2,1
171,710,172,2,1
171,715,172,2,1
171,717,172,2,1
172,626,173,2,1
172,633,171,1,2
172,638,197,3,0
172,640,147,0,3
172,644,197,3,0
172,652,171,1,2
172,653,173,2,1
172,655,171,1,2
172,689,147,0,3
172,692,173,2,1
172,701,173,2,1
172,702,173,2,1
172,706,173,2,1
172,710,173,2,1
172,715,173,2,1
172,717,173,2,1
172,721,173,2,1
173,626,198,3,0
173,633,172,1,2
173,638,198,3,0
173,640,148,0,3
173,652,172,1,2
173,653,174,2,1
173,655,174,2,1
173,689,148,0,3
173,692,148,0,3
173,701,148,0,3
173,702,198,3,0
173,710,148,0,3
173,715,198,3,0
173,717,198,3,0
173,721,174,2,1
174,626,199,3,0
174,633,173,1,2
174,638,173,1,2
174,640,173,1,2
174,644,173,1,2
174,653,150,2,3
174,689,173,1,2
174,702,199,3,0
174,710,149,0,3
174,715,199,3,0
174,717,199,3,0
175,626,200,2,0
175,633,199,3,2
175,640,199,3,2
175,652,176,1,1
175,653,150,0,2
175,689,199,3,2
175,710,176,1,1
175,715,200,2,0
175,717,200,2,0
176,626,201,3,0
176,653,151,0,3
176,715,201,3,0
177,626,202,3,0
177,653,152,0,3
178,645,179,2,1
179,699,178,1,2
180,626,205,3,0
180,653,155,0,3
180,681,181,2,1
181,626,206,3,0
181,653,156,0,3
181,715,206,3,0
182,626,207,3,0
182,633,183,2,1
182,640,183,2,1
182,653,157,0,3
182,689,183,2,1
182,715,207,3,0
182,717,207,3,0
183,626,208,3,0
183,633,184,2,1
183,640,184,2,1
183,644,184,2,1
183,653,158,0,3
183,689,184,2,1
183,702,208,3,0
183,710,158,0,3
183,715,208,3,0
183,717,208,3,0
184,626,209,3,0
184,633,185,2,1
184,638,185,2,1
184,640,185,2,1
184,644,185,2,1
184,653,159,0,3
184,689,185,2,1
184,692,159,0,3
184,701,159,0,3
184,702,209,3,0
184,706,159,0,3
184,710,159,0,3
184,715,209,3,0
184,717,209,3,0
184,721,159,0,3
185,626,210,3,0
185,633,160,0,3
185,638,210,3,0
185,640,160,0,3
185,702,210,3,0
185,710,160,0,3
185,715,210,3,0
185,717,210,3,0
186,626,185,1,2
186,633,161,0,3
186,638,211,3,0
186,640,161,0,3
186,644,211,3,0
186,653,185,1,2
186,655,185,1,2
186,689,161,0,3
186,702,185,1,2
186,706,185,1,2
186,710,185,1,2
186,715,185,1,2
186,717,185,1,2
186,721,185,1,2
187,626,186,1,2
187,633,162,0,3
187,638,212,3,0
187,640,162,0,3
187,644,212,3,0
187,653,186,1,2
187,689,162,0,3
187,702,186,1,2
187,710,186,1,2
187,715,186,1,2
187,717,186,1,2
188,626,187,1,2
188,633,163,0,3
188,640,163,0,3
188,652,187,1,2
188,653,187,1,2
188,689,163,0,3
188,710,187,1,2
188,715,187,1,2
188,717,187,1,2
189,626,188,1,2
189,653,188,1,2
189,715,188,1,2
190,626,189,1,2
190,653,189,1,2
190,681,165,0,3
191,645,190,1,2
191,699,192,2,1
192,645,191,1,2
192,681,167,0,3
193,626,194,2,1
193,653,194,2,1
194,626,195,2,1
194,653,195,2,1
194,715,195,2,1
195,626,196,2,1
195,633,170,0,3
195,640,170,0,3
195,652,194,1,2
195,653,196,2,1
195,689,170,0,3
195,710,194,1,2
195,715,196,2,1
195,717,196,2,1
196,626,197,2,1
196,633,171,0,3
196,638,221,3,0
196,640,171,0,3
196,644,221,3,0
196,653,197,2,1
196,689,171,0,3
196,702,197,2,1
196,710,197,2,1
196,715,197,2,1
196,717,197,2,1
197,626,198,2,1
197,633,172,0,3
197,638,222,3,0
197,640,172,0,3
197,644,222,3,0
197,653,198,2,1
197,655,196,1,2
197,689,172,0,3
197,692,198,2,1
197,701,198,2,1
197,702,198,2,1
197,706,198,2,1
197,710,198,2,1
197,715,198,2,1
197,717,198,2,1
197,721,198,2,1
198,626,223,3,0
198,633,173,0,3
198,638,223,3,0
198,640,173,0,3
198,655,199,2,1
198,692,173,0,3
198,701,173,0,3
198,702,223,3,0
198,710,173,0,3
198,715,223,3,0
198,717,223,3,0
199,626,224,3,0
199,633,198,1,2
199,638,198,1,2
199,640,198,1,2
199,644,198,1,2
199,653,174,0,3
199,689,198,1,2
199,702,224,3,0
199,710,174,0,3
199,715,224,3,0
199,717,224,3,0
200,626,225,2,0
200,633,224,3,2
200,640,224,3,2
200,652,201,1,1
200,653,175,0,2
200,689,224,3,2
200,710,201,1,1
200,715,225,2,0
200,717,225,2,0
201,626,226,3,0
201,653,176,0,3
201,715,226,3,0
202,626,227,3,0
202,653,177,0,3
203,645,204,2,1
204,699,203,1,2
205,626,230,3,0
205,653,180,0,3
205,681,206,2,1
206,626,231,3,0
206,653,181,0,3
206,715,231,3,0
207,626,232,3,0
207,633,208,2,1
207,640,208,2,1
207,653,182,0,3
207,689,208,2,1
207,715,232,3,0
207,717,232,3,0
208,626,233,3,0
208,633,209,2,1
208,640,209,2,1
208,644,209,2,1
208,653,183,0,3
208,689,209,2,1
208,702,702,81,0
208,710,183,0,3
208,715,233,3,0
208,717,233,3,0
209,626,234,3,0
209,633,210,2,1
209,638,210,2,1
209,640,210,2,1
209,644,210,2,1
209,653,184,0,3
209,689,210,2,1
209,692,184,0,3
209,701,184,0,3
209,702,208,1,2
209,706,184,0,3
209,710,184,0,3
209,715,234,3,0
209,717,234,3,0
209,721,184,0,3
210,626,235,3,0
210,633,185,0,3
210,640,185,0,3
210,653,185,0,3
210,702,209,1,2
210,710,185,0,3
210,715,235,3,0
210,717,235,3,0
211,626,210,1,2
211,633,186,0,3
211,638,236,3,0
211,640,186,0,3
211,644,236,3,0
211,653,210,1,2
211,655,210,1,2
211,689,186,0,3
211,702,210,1,2
211,706,210,1,2
211,710,210,1,2
211,715,210,1,2
211,717,210,1,2
211,721,210,1,2
212,626,211,1,2
212,633,187,0,3
212,638,237,3,0
212,640,187,0,3
212,644,237,3,0
212,653,211,1,2
212,689,187,0,3
212,702,211,1,2
212,710,211,1,2
212,715,211,1,2
212,717,211,1,2
213,626,212,1,2
213,633,188,0,3
213,640,188,0,3
213,652,212,1,2
213,653,212,1,2
213,689,188,0,3
213,710,212,1,2
213,715,212,1,2
213,717,212,1,2
214,626,213,1,2
214,653,213,1,2
214,715,213,1,2
215,626,214,1,2
215,653,214,1,2
215,681,190,0,3
216,645,215,1,2
216,699,217,2,1
217,645,216,1,2
217,681,192,0,3
218,626,219,2,1
218,653,219,2,1
219,626,220,2,1
219,653,220,2,1
219,715,220,2,1
220,626,221,2,1
220,633,195,0,3
220,640,195,0,3
220,652,219,1,2
220,653,221,2,1
220,689,195,0,3
220,710,219,1,2
220,715,221,2,1
220,717,221,2,1
221,626,222,2,1
221,633,196,0,3
221,638,246,3,0
221,640,196,0,3
221,644,246,3,0
221,653,222,2,1
221,689,196,0,3
221,702,222,2,1
221,710,222,2,1
221,715,222,2,1
221,717,222,2,1
222,626,223,2,1
222,633,197,0,3
222,638,247,3,0
222,640,197,0,3
222,644,247,3,0
222,653,223,2,1
222,655,221,1,2
222,689,197,0,3
222,692,223,2,1
222,701,223,2,1
222,702,223,2,1
222,706,223,2,1
222,710,223,2,1
222,715,223,2,1
222,717,223,2,1
222,721,223,2,1
223,626,248,3,0
223,633,198,0,3
223,640,198,0,3
223,653,198,0,3
223,655,224,2,1
223,692,198,0,3
223,701,198,0,3
223,702,224,2,1
223,710,198,0,3
223,715,248,3,0
223,717,248,3,0
224,626,249,3,0
224,633,223,1,2
224,638,223,1,2
224,640,223,1,2
224,644,223,1,2
224,653,199,0,3
224,689,223,1,2
224,702,200,2,3
224,710,199,0,3
224,715,249,3,0
224,717,249,3,0
225,626,250,2,0
225,633,249,3,2
225,640,249,3,2
225,652,226,1,1
225,653,200,0,2
225,689,249,3,2
225,710,226,1,1
225,715,250,2,0
225,717,226,1,1
226,626,251,3,0
226,653,201,0,3
226,715,251,3,0
227,626,252,3,0
227,653,202,0,3
228,645,229,2,1
229,699,228,1,2
230,626,255,3,0
230,653,205,0,3
230,681,231,2,1
231,626,256,3,0
231,653,206,0,3
231,715,256,3,0
232,626,257,3,0
232,633,233,2,1
232,640,233,2,1
232,653,207,0,3
232,689,233,2,1
232,715,257,3,0
232,717,717,96,0
233,626,258,3,0
233,633,234,2,1
233,640,234,2,1
233,644,234,2,1
233,653,208,0,3
233,689,234,2,1
233,702,208,0,3
233,710,208,0,3
233,715,258,3,0
233,717,232,1,2
234,626,259,3,0
234,633,235,2,1
234,638,235,2,1
234,640,235,2,1
234,644,235,2,1
234,653,209,0,3
234,689,235,2,1
234,692,209,0,3
234,701,209,0,3
234,702,209,0,3
234,706,209,0,3
234,710,209,0,3
234,715,259,3,0
234,717,233,1,2
234,721,209,0,3
235,626,260,3,0
235,633,210,0,3
235,644,236,2,1
235,653,210,0,3
235,710,210,0,3
235,715,260,3,0
235,717,234,1,2
236,626,235,1,2
236,633,211,0,3
236,638,261,3,0
236,640,211,0,3
236,644,237,2,1
236,653,235,1,2
236,655,235,1,2
236,689,211,0,3
236,702,235,1,2
236,706,235,1,2
236,710,235,1,2
236,715,235,1,2
236,717,235,1,2
236,721,235,1,2
237,626,236,1,2
237,633,212,0,3
237,638,262,3,0
237,640,212,0,3
237,644,644,23,0
237,653,236,1,2
237,689,212,0,3
237,702,236,1,2
237,710,236,1,2
237,715,236,1,2
237,717,236,1,2
238,626,237,1,2
238,633,213,0,3
238,640,213,0,3
238,652,237,1,2
238,653,237,1,2
238,689,213,0,3
238,710,237,1,2
238,715,237,1,2
238,717,237,1,2
239,626,238,1,2
239,653,238,1,2
239,715,238,1,2
240,626,239,1,2
240,653,239,1,2
240,681,215,0,3
241,645,240,1,2
241,699,242,2,1
242,645,241,1,2
242,681,217,0,3
243,626,244,2,1
243,653,244,2,1
244,626,245,2,1
244,653,245,2,1
244,715,245,2,1
245,626,246,2,1
245,633,220,0,3
245,640,220,0,3
245,652,244,1,2
245,653,246,2,1
245,689,220,0,3
245,710,244,1,2
245,715,246,2,1
245,717,246,2,1
246,626,247,2,1
246,633,221,0,3
246,638,271,3,0
246,640,221,0,3
246,644,245,1,2
246,653,247,2,1
246,689,221,0,3
246,702,247,2,1
246,710,247,2,1
246,715,247,2,1
246,717,247,2,1
247,626,248,2,1
247,633,222,0,3
247,638,272,3,0
247,640,222,0,3
247,644,246,1,2
247,653,248,2,1
247,655,246,1,2
247,689,222,0,3
247,692,248,2,1
247,701,248,2,1
247,702,248,2,1
247,706,248,2,1
247,710,248,2,1
247,715,248,2,1
247,717,248,2,1
247,721,248,2,1
248,626,273,3,0
248,633,223,0,3
248,644,247,1,2
248,653,223,0,3
248,655,249,2,1
248,692,223,0,3
248,701,223,0,3
248,710,223,0,3
248,715,273,3,0
248,717,249,2,1
249,626,274,3,0
249,633,248,1,2
249,638,248,1,2
249,640,248,1,2
249,644,248,1,2
249,653,224,0,3
249,689,248,1,2
249,702,224,0,3
249,710,224,0,3
249,715,274,3,0
249,717,225,2,3
250,626,275,2,0
250,633,274,3,2
250,640,274,3,2
250,652,251,1,1
250,653,225,0,2
250,689,274,3,2
250,710,251,1,1
250,715,275,2,0
250,717,225,0,2
251,626,276,3,0
251,653,226,0,3
251,715,276,3,0
252,626,277,3,0
252,653,227,0,3
253,645,254,2,1
254,699,253,1,2
255,626,280,3,0
255,653,230,0,3
255,681,256,2,1
256,626,281,3,0
256,653,231,0,3
256,715,281,3,0
257,626,282,3,0
257,633,258,2,1
257,640,258,2,1
257,653,232,0,3
257,689,258,2,1
257,715,282,3,0
257,717,232,0,3
258,626,283,3,0
258,633,259,2,1
258,640,259,2,1
258,644,259,2,1
258,653,233,0,3
258,689,259,2,1
258,702,233,0,3
258,710,283,3,0
258,715,283,3,0
258,717,233,0,3
259,626,284,3,0
259,633,260,2,1
259,638,260,2,1
259,640,260,2,1
259,644,260,2,1
259,653,234,0,3
259,689,260,2,1
259,692,234,0,3
259,701,234,0,3
259,702,234,0,3
259,706,234,0,3
259,710,284,3,0
259,715,284,3,0
259,717,234,0,3
259,721,234,0,3
260,626,285,3,0
260,633,235,0,3
260,644,235,0,3
260,653,235,0,3
260,715,285,3,0
261,626,260,1,2
261,633,236,0,3
261,638,286,3,0
261,640,236,0,3
261,644,236,0,3
261,653,260,1,2
261,655,260,1,2
261,689,236,0,3
261,702,260,1,2
261,706,260,1,2
261,710,260,1,2
261,715,260,1,2
261,717,260,1,2
261,721,260,1,2
262,626,261,1,2
262,633,237,0,3
262,638,287,3,0
262,640,237,0,3
262,644,237,0,3
262,653,261,1,2
262,689,237,0,3
262,702,261,1,2
262,710,261,1,2
262,715,261,1,2
262,717,261,1,2
263,626,262,1,2
263,633,238,0,3
263,640,238,0,3
263,652,262,1,2
263,653,262,1,2
263,689,238,0,3
263,710,262,1,2
263,715,262,1,2
263,717,262,1,2
264,626,263,1,2
264,653,263,1,2
264,715,263,1,2
265,626,264,1,2
265,653,264,1,2
265,681,290,3,0
266,645,265,1,2
266,699,267,2,1
267,645,266,1,2
267,681,292,3,0
268,626,269,2,1
268,653,269,2,1
269,626,270,2,1
269,653,270,2,1
269,715,270,2,1
270,626,271,2,1
270,633,245,0,3
270,640,245,0,3
270,652,269,1,2
270,653,271,2,1
270,689,245,0,3
270,710,269,1,2
270,715,271,2,1
270,717,271,2,1
271,626,272,2,1
271,633,246,0,3
271,638,296,3,0
271,640,246,0,3
271,644,246,0,3
271,653,272,2,1
271,689,246,0,3
271,702,272,2,1
271,710,272,2,1
271,715,272,2,1
271,717,272,2,1
272,626,273,2,1
272,633,247,0,3
272,638,297,3,0
272,640,247,0,3
272,644,247,0,3
272,653,273,2,1
272,655,271,1,2
272,689,247,0,3
272,692,273,2,1
272,701,273,2,1
272,702,273,2,1
272,706,273,2,1
272,710,273,2,1
272,715,273,2,1
272,717,273,2,1
272,721,273,2,1
273,626,298,3,0
273,633,248,0,3
273,644,248,0,3
273,653,248,0,3
273,655,274,2,1
273,692,248,0,3
273,701,248,0,3
273,715,298,3,0
274,626,299,3,0
274,633,273,1,2
274,638,273,1,2
274,640,273,1,2
274,644,273,1,2
274,653,249,0,3
274,689,273,1,2
274,702,249,0,3
274,710,299,3,0
274,715,299,3,0
274,717,249,0,3
275,626,300,2,0
275,633,299,3,2
275,640,299,3,2
275,652,276,1,1
275,653,250,0,2
275,689,299,3,2
275,710,276,1,1
275,715,300,2,0
275,717,250,0,2
276,626,301,3,0
276,653,251,0,3
276,715,301,3,0
277,626,302,3,0
277,653,252,0,3
278,645,279,2,1
279,699,278,1,2
280,626,305,3,0
280,653,255,0,3
280,681,281,2,1
281,626,306,3,0
281,653,256,0,3
281,715,306,3,0
282,626,307,3,0
282,633,283,2,1
282,640,283,2,1
282,653,257,0,3
282,689,283,2,1
282,715,307,3,0
282,717,257,0,3
283,626,308,3,0
283,633,284,2,1
283,640,284,2,1
283,644,284,2,1
283,653,258,0,3
283,689,284,2,1
283,702,258,0,3
283,710,308,3,0
283,715,308,3,0
283,717,258,0,3
284,626,309,3,0
284,633,285,2,1
284,638,285,2,1
284,640,285,2,1
284,644,285,2,1
284,653,259,0,3
284,689,285,2,1
284,692,259,0,3
284,701,259,0,3
284,702,259,0,3
284,706,259,0,3
284,710,309,3,0
284,715,309,3,0
284,717,259,0,3
284,721,259,0,3
285,626,310,3,0
285,633,260,0,3
285,644,260,0,3
285,653,260,0,3
285,689,310,3,0
285,715,310,3,0
286,626,285,1,2
286,633,261,0,3
286,638,311,3,0
286,640,261,0,3
286,644,261,0,3
286,653,285,1,2
286,655,285,1,2
286,689,311,3,0
286,702,285,1,2
286,706,285,1,2
286,710,285,1,2
286,715,285,1,2
286,717,285,1,2
286,721,285,1,2
287,626,286,1,2
287,633,262,0,3
287,638,312,3,0
287,640,262,0,3
287,644,262,0,3
287,653,286,1,2
287,689,312,3,0
287,702,286,1,2
287,710,286,1,2
287,715,286,1,2
287,717,286,1,2
288,626,287,1,2
288,633,263,0,3
288,640,263,0,3
288,652,287,1,2
288,653,287,1,2
288,689,313,3,0
288,710,287,1,2
288,715,287,1,2
288,717,287,1,2
289,626,288,1,2
289,653,288,1,2
289,715,288,1,2
290,626,289,1,2
290,653,289,1,2
290,681,315,3,0
291,645,290,1,2
291,699,292,2,1
292,645,291,1,2
292,681,317,3,0
293,626,294,2,1
293,653,294,2,1
294,626,295,2,1
294,653,295,2,1
294,715,295,2,1
295,626,296,2,1
295,633,270,0,3
295,640,270,0,3
295,652,294,1,2
295,653,296,2,1
295,689,320,3,0
295,710,294,1,2
295,715,296,2,1
295,717,296,2,1
296,626,297,2,1
296,633,271,0,3
296,638,321,3,0
296,640,271,0,3
296,644,271,0,3
296,653,297,2,1
296,689,321,3,0
296,702,297,2,1
296,710,297,2,1
296,715,297,2,1
296,717,297,2,1
297,626,298,2,1
297,633,272,0,3
297,638,322,3,0
297,640,272,0,3
297,644,272,0,3
297,653,298,2,1
297,655,296,1,2
297,689,322,3,0
297,692,298,2,1
297,701,298,2,1
297,702,298,2,1
297,706,298,2,1
297,710,298,2,1
297,715,298,2,1
297,717,298,2,1
297,721,298,2,1
298,626,323,3,0
298,633,273,0,3
298,644,273,0,3
298,653,273,0,3
298,655,299,2,1
298,689,323,3,0
298,692,273,0,3
298,701,273,0,3
298,715,323,3,0
299,626,324,3,0
299,633,298,1,2
299,638,298,1,2
299,640,298,1,2
299,644,298,1,2
299,653,274,0,3
299,689,298,1,2
299,702,274,0,3
299,710,324,3,0
299,715,324,3,0
299,717,274,0,3
300,626,325,2,0
300,631,325,2,0
300,633,324,3,2
300,640,324,3,2
300,652,301,1,1
300,653,275,0,2
300,689,324,3,2
300,710,301,1,1
300,715,325,2,0
300,717,275,0,2
301,626,326,3,0
301,631,326,3,0
301,653,276,0,3
301,715,326,3,0
302,626,327,3,0
302,653,277,0,3
303,645,304,2,1
304,699,303,1,2
305,626,330,3,0
305,653,280,0,3
305,681,306,2,1
306,626,331,3,0
306,631,331,3,0
306,653,281,0,3
306,715,331,3,0
307,626,332,3,0
307,631,332,3,0
307,633,308,2,1
307,640,308,2,1
307,653,282,0,3
307,689,308,2,1
307,715,332,3,0
307,717,282,0,3
308,626,333,3,0
308,631,333,3,0
308,633,309,2,1
308,640,309,2,1
308,644,309,2,1
308,653,283,0,3
308,689,309,2,1
308,702,283,0,3
308,710,333,3,0
308,715,333,3,0
308,717,283,0,3
309,626,334,3,0
309,631,334,3,0
309,633,310,2,1
309,638,310,2,1
309,640,310,2,1
309,644,310,2,1
309,653,284,0,3
309,689,310,2,1
309,692,284,0,3
309,701,284,0,3
309,702,284,0,3
309,706,284,0,3
309,710,334,3,0
309,715,334,3,0
309,717,284,0,3
309,721,284,0,3
310,626,335,3,0
310,631,335,3,0
310,633,285,0,3
310,644,285,0,3
310,653,285,0,3
310,689,335,3,0
310,715,335,3,0
311,626,310,1,2
311,633,286,0,3
311,638,336,3,0
311,640,286,0,3
311,644,286,0,3
311,653,310,1,2
311,655,310,1,2
311,689,336,3,0
311,702,310,1,2
311,706,310,1,2
311,710,310,1,2
311,715,310,1,2
311,717,310,1,2
311,721,310,1,2
312,626,311,1,2
312,633,287,0,3
312,638,337,3,0
312,640,287,0,3
312,644,287,0,3
312,653,311,1,2
312,689,337,3,0
312,702,311,1,2
312,710,311,1,2
312,715,311,1,2
312,717,311,1,2
313,626,312,1,2
313,633,288,0,3
313,640,288,0,3
313,652,312,1,2
313,653,312,1,2
313,689,338,3,0
313,710,312,1,2
313,715,312,1,2
313,717,312,1,2
314,626,313,1,2
314,653,313,1,2
314,715,313,1,2
315,626,314,1,2
315,653,314,1,2
315,681,340,3,0
316,645,315,1,2
316,699,317,2,1
317,645,316,1,2
317,681,342,3,0
318,626,319,2,1
318,653,319,2,1
319,626,320,2,1
319,653,320,2,1
319,715,320,2,1
320,626,321,2,1
320,633,295,0,3
320,640,295,0,3
320,652,319,1,2
320,653,321,2,1
320,689,345,3,0
320,710,319,1,2
320,715,321,2,1
320,717,321,2,1
321,626,322,2,1
321,633,296,0,3
321,638,346,3,0
321,640,296,0,3
321,644,296,0,3
321,653,322,2,1
321,689,346,3,0
321,702,322,2,1
321,710,322,2,1
321,715,322,2,1
321,717,322,2,1
322,626,323,2,1
322,633,297,0,3
322,638,347,3,0
322,640,297,0,3
322,644,297,0,3
322,653,323,2,1
322,655,321,1,2
322,689,347,3,0
322,692,323,2,1
322,701,323,2,1
322,702,323,2,1
322,706,323,2,1
322,710,323,2,1
322,715,323,2,1
322,717,323,2,1
322,721,323,2,1
323,626,348,3,0
323,631,348,3,0
323,633,298,0,3
323,644,298,0,3
323,653,298,0,3
323,655,324,2,1
323,689,348,3,0
323,692,298,0,3
323,701,298,0,3
323,715,348,3,0
324,626,349,3,0
324,631,349,3,0
324,633,323,1,2
324,638,323,1,2
324,640,323,1,2
324,644,323,1,2
324,653,299,0,3
324,689,323,1,2
324,702,299,0,3
324,710,349,3,0
324,715,349,3,0
324,717,299,0,3
325,626,350,2,0
325,633,349,3,2
325,640,349,3,2
325,652,326,1,1
325,653,300,0,2
325,689,349,3,2
325,710,326,1,1
325,715,326,1,1
325,717,300,0,2
326,626,351,3,0
326,653,301,0,3
326,715,327,2,1
327,626,352,3,0
327,653,302,0,3
328,645,329,2,1
329,699,328,1,2
330,626,355,3,0
330,653,305,0,3
330,681,331,2,1
331,626,356,3,0
331,653,306,0,3
331,715,715,94,0
332,626,357,3,0
332,633,333,2,1
332,640,333,2,1
332,653,307,0,3
332,689,333,2,1
332,715,331,1,2
332,717,307,0,3
333,626,358,3,0
333,633,334,2,1
333,640,334,2,1
333,644,334,2,1
333,653,308,0,3
333,689,334,2,1
333,702,308,0,3
333,710,358,3,0
333,715,332,1,2
333,717,308,0,3
334,626,359,3,0
334,633,335,2,1
334,638,335,2,1
334,640,335,2,1
334,644,335,2,1
334,653,309,0,3
334,689,335,2,1
334,692,309,0,3
334,701,309,0,3
334,702,309,0,3
334,706,309,0,3
334,710,359,3,0
334,715,333,1,2
334,717,309,0,3
334,721,309,0,3
335,626,360,3,0
335,633,310,0,3
335,640,360,3,0
335,644,310,0,3
335,653,310,0,3
335,689,360,3,0
335,715,334,1,2
336,626,335,1,2
336,633,311,0,3
336,638,361,3,0
336,640,361,3,0
336,644,311,0,3
336,653,335,1,2
336,655,335,1,2
336,689,361,3,0
336,702,335,1,2
336,706,335,1,2
336,710,335,1,2
336,715,335,1,2
336,717,335,1,2
336,721,335,1,2
337,626,336,1,2
337,633,312,0,3
337,638,362,3,0
337,640,362,3,0
337,644,312,0,3
337,653,336,1,2
337,689,362,3,0
337,702,336,1,2
337,710,336,1,2
337,715,336,1,2
337,717,336,1,2
338,626,337,1,2
338,633,313,0,3
338,640,363,3,0
338,652,337,1,2
338,653,337,1,2
338,689,363,3,0
338,710,337,1,2
338,715,337,1,2
338,717,337,1,2
339,626,338,1,2
339,653,338,1,2
339,715,338,1,2
340,626,339,1,2
340,653,339,1,2
340,681,365,3,0
341,645,340,1,2
341,699,342,2,1
342,645,341,1,2
342,681,367,3,0
343,626,344,2,1
343,653,344,2,1
344,626,345,2,1
344,653,345,2,1
344,715,345,2,1
345,626,346,2,1
345,633,320,0,3
345,640,370,3,0
345,652,344,1,2
345,653,346,2,1
345,689,370,3,0
345,710,344,1,2
345,715,346,2,1
345,717,346,2,1
346,626,347,2,1
346,633,321,0,3
346,638,371,3,0
346,640,371,3,0
346,644,321,0,3
346,653,347,2,1
346,689,371,3,0
346,702,347,2,1
346,710,347,2,1
346,715,347,2,1
346,717,347,2,1
347,626,348,2,1
347,633,322,0,3
347,638,372,3,0
347,640,372,3,0
347,644,322,0,3
347,653,348,2,1
347,655,346,1,2
347,689,372,3,0
347,692,348,2,1
347,701,348,2,1
347,702,348,2,1
347,706,348,2,1
347,710,348,2,1
347,715,348,2,1
347,717,348,2,1
347,721,348,2,1
348,626,373,3,0
348,633,323,0,3
348,640,373,3,0
348,644,323,0,3
348,653,323,0,3
348,655,349,2,1
348,689,373,3,0
348,692,323,0,3
348,701,323,0,3
348,715,349,2,1
349,626,374,3,0
349,633,348,1,2
349,638,348,1,2
349,640,348,1,2
349,644,348,1,2
349,653,324,0,3
349,689,348,1,2
349,702,324,0,3
349,710,374,3,0
349,715,325,2,3
349,717,324,0,3
350,626,351,1,1
350,633,374,3,2
350,640,374,3,2
350,652,351,1,1
350,653,325,0,2
350,689,374,3,2
350,710,351,1,1
350,715,325,0,2
350,717,325,0,2
351,626,352,2,1
351,653,326,0,3
351,715,326,0,3
352,626,353,2,1
352,653,327,0,3
353,645,354,2,1
354,699,353,1,2
355,626,626,5,0
355,653,330,0,3
355,681,356,2,1
356,626,355,1,2
356,653,331,0,3
356,715,331,0,3
357,626,356,1,2
357,633,358,2,1
357,640,358,2,1
357,653,332,0,3
357,689,358,2,1
357,715,332,0,3
357,717,332,0,3
358,626,357,1,2
358,633,359,2,1
358,640,359,2,1
358,644,359,2,1
358,653,333,0,3
358,689,359,2,1
358,702,333,0,3
358,710,383,3,0
358,715,333,0,3
358,717,333,0,3
359,626,358,1,2
359,633,360,2,1
359,638,360,2,1
359,640,360,2,1
359,644,360,2,1
359,653,334,0,3
359,689,360,2,1
359,692,334,0,3
359,701,334,0,3
359,702,334,0,3
359,706,334,0,3
359,710,384,3,0
359,715,334,0,3
359,717,334,0,3
359,721,334,0,3
360,626,359,1,2
360,633,335,0,3
360,640,385,3,0
360,644,335,0,3
360,653,335,0,3
360,655,335,0,3
360,689,385,3,0
360,717,335,0,3
361,626,360,1,2
361,633,336,0,3
361,638,386,3,0
361,640,386,3,0
361,644,336,0,3
361,653,360,1,2
361,655,360,1,2
361,689,386,3,0
361,702,360,1,2
361,706,360,1,2
361,710,360,1,2
361,715,360,1,2
361,717,360,1,2
361,721,360,1,2
362,626,361,1,2
362,633,337,0,3
362,638,387,3,0
362,640,387,3,0
362,644,337,0,3
362,653,361,1,2
362,689,387,3,0
362,702,361,1,2
362,710,361,1,2
362,715,361,1,2
362,717,361,1,2
363,626,362,1,2
363,633,338,0,3
363,640,388,3,0
363,652,362,1,2
363,653,362,1,2
363,689,388,3,0
363,710,362,1,2
363,715,362,1,2
363,717,362,1,2
364,626,363,1,2
364,653,363,1,2
364,715,363,1,2
365,626,364,1,2
365,653,364,1,2
365,681,390,3,0
366,645,365,1,2
366,699,367,2,1
367,645,366,1,2
367,681,392,3,0
368,626,369,2,1
368,653,369,2,1
369,626,370,2,1
369,653,370,2,1
369,715,370,2,1
370,626,371,2,1
370,633,345,0,3
370,640,395,3,0
370,652,369,1,2
370,653,371,2,1
370,689,395,3,0
370,710,369,1,2
370,715,371,2,1
370,717,371,2,1
371,626,372,2,1
371,633,346,0,3
371,638,396,3,0
371,640,396,3,0
371,644,346,0,3
371,653,372,2,1
371,689,396,3,0
371,702,372,2,1
371,710,372,2,1
371,715,372,2,1
371,717,372,2,1
372,626,373,2,1
372,633,347,0,3
372,638,397,3,0
372,640,397,3,0
372,644,347,0,3
372,653,373,2,1
372,655,371,1,2
372,689,397,3,0
372,692,373,2,1
372,701,373,2,1
372,702,373,2,1
372,706,373,2,1
372,710,373,2,1
372,715,373,2,1
372,717,373,2,1
372,721,373,2,1
373,626,374,2,1
373,633,348,0,3
373,640,398,3,0
373,644,348,0,3
373,653,348,0,3
373,655,374,2,1
373,689,398,3,0
373,692,348,0,3
373,701,348,0,3
373,717,348,0,3
374,626,350,2,3
374,633,373,1,2
374,638,373,1,2
374,640,373,1,2
374,644,373,1,2
374,653,349,0,3
374,689,373,1,2
374,702,349,0,3
374,710,399,3,0
374,715,349,0,3
374,717,349,0,3
375,626,350,0,2
375,633,399,3,2
375,640,399,3,2
375,652,376,1,1
375,653,350,0,2
375,689,399,3,2
375,710,376,1,1
375,715,350,0,2
375,717,350,0,2
376,626,351,0,3
376,653,351,0,3
376,715,351,0,3
377,626,352,0,3
377,653,352,0,3
378,645,379,2,1
379,699,378,1,2
380,626,355,0,3
380,653,355,0,3
380,681,381,2,1
381,626,356,0,3
381,653,356,0,3
381,715,356,0,3
382,626,357,0,3
382,633,383,2,1
382,640,383,2,1
382,653,357,0,3
382,689,383,2,1
382,715,357,0,3
382,717,357,0,3
383,626,358,0,3
383,633,384,2,1
383,640,384,2,1
383,644,384,2,1
383,653,358,0,3
383,689,384,2,1
383,702,358,0,3
383,710,408,3,0
383,715,358,0,3
383,717,358,0,3
384,626,359,0,3
384,633,385,2,1
384,638,385,2,1
384,640,385,2,1
384,644,385,2,1
384,653,359,0,3
384,689,385,2,1
384,692,359,0,3
384,701,359,0,3
384,702,359,0,3
384,706,359,0,3
384,710,409,3,0
384,715,359,0,3
384,717,359,0,3
384,721,359,0,3
385,638,386,2,1
385,640,410,3,0
385,653,360,0,3
385,688,386,2,1
385,689,410,3,0
385,701,360,0,3
385,702,360,0,3
385,706,360,0,3
385,710,410,3,0
385,717,360,0,3
386,626,385,1,2
386,633,361,0,3
386,638,387,2,1
386,640,411,3,0
386,644,361,0,3
386,653,385,1,2
386,655,385,1,2
386,688,387,2,1
386,689,411,3,0
386,702,385,1,2
386,706,385,1,2
386,710,385,1,2
386,715,385,1,2
386,717,385,1,2
386,721,385,1,2
387,626,386,1,2
387,633,362,0,3
387,638,638,17,0
387,640,412,3,0
387,644,362,0,3
387,653,386,1,2
387,688,388,2,1
387,689,412,3,0
387,702,386,1,2
387,710,386,1,2
387,715,386,1,2
387,717,386,1,2
388,626,387,1,2
388,633,363,0,3
388,640,413,3,0
388,652,387,1,2
388,653,387,1,2
388,688,389,2,1
388,689,413,3,0
388,710,387,1,2
388,715,387,1,2
388,717,387,1,2
389,626,388,1,2
389,653,388,1,2
389,688,390,2,1
389,715,388,1,2
390,626,389,1,2
390,653,389,1,2
390,681,415,3,0
391,645,390,1,2
391,699,392,2,1
392,645,391,1,2
392,681,417,3,0
393,626,394,2,1
393,653,394,2,1
393,688,688,67,0
394,626,395,2,1
394,653,395,2,1
394,688,393,1,2
394,715,395,2,1
395,626,396,2,1
395,633,370,0,3
395,640,420,3,0
395,652,394,1,2
395,653,396,2,1
395,688,394,1,2
395,689,420,3,0
395,715,396,2,1
395,717,396,2,1
396,626,397,2,1
396,633,371,0,3
396,640,421,3,0
396,644,371,0,3
396,653,397,2,1
396,688,395,1,2
396,689,421,3,0
396,702,397,2,1
396,710,397,2,1
396,715,397,2,1
396,717,397,2,1
397,626,398,2,1
397,633,372,0,3
397,638,396,1,2
397,640,422,3,0
397,644,372,0,3
397,653,398,2,1
397,655,396,1,2
397,688,396,1,2
397,689,422,3,0
397,692,398,2,1
397,701,398,2,1
397,702,398,2,1
397,706,398,2,1
397,710,398,2,1
397,715,398,2,1
397,717,398,2,1
397,721,398,2,1
398,638,397,1,2
398,640,423,3,0
398,653,373,0,3
398,655,399,2,1
398,688,397,1,2
398,689,423,3,0
398,692,373,0,3
398,701,373,0,3
398,702,373,0,3
398,706,373,0,3
398,710,423,3,0
398,717,373,0,3
399,626,374,0,3
399,633,398,1,2
399,638,398,1,2
399,640,398,1,2
399,644,398,1,2
399,653,374,0,3
399,689,398,1,2
399,702,374,0,3
399,710,424,3,0
399,715,374,0,3
399,717,374,0,3
400,626,375,0,2
400,633,424,3,2
400,640,424,3,2
400,652,401,1,1
400,653,375,0,2
400,689,424,3,2
400,710,401,1,1
400,715,375,0,2
400,717,375,0,2
401,626,376,0,3
401,653,376,0,3
401,715,376,0,3
402,626,377,0,3
402,653,377,0,3
403,645,404,2,1
403,699,699,78,0
404,699,403,1,2
405,626,380,0,3
405,653,380,0,3
405,681,406,2,1
406,626,381,0,3
406,653,381,0,3
406,715,381,0,3
407,626,382,0,3
407,633,408,2,1
407,640,408,2,1
407,653,382,0,3
407,689,408,2,1
407,715,382,0,3
407,717,382,0,3
408,626,383,0,3
408,633,409,2,1
408,640,409,2,1
408,644,409,2,1
408,653,383,0,3
408,689,409,2,1
408,702,383,0,3
408,710,433,3,0
408,715,383,0,3
408,717,383,0,3
409,626,384,0,3
409,633,410,2,1
409,638,410,2,1
409,640,410,2,1
409,644,410,2,1
409,653,384,0,3
409,689,410,2,1
409,692,384,0,3
409,701,384,0,3
409,702,384,0,3
409,706,384,0,3
409,710,434,3,0
409,715,384,0,3
409,717,384,0,3
409,721,384,0,3
410,626,385,0,3
410,638,385,0,3
410,640,435,3,0
410,653,385,0,3
410,688,385,0,3
410,689,435,3,0
410,692,385,0,3
410,701,385,0,3
410,702,385,0,3
410,706,385,0,3
410,710,435,3,0
410,715,385,0,3
410,717,385,0,3
410,721,385,0,3
411,626,410,1,2
411,633,386,0,3
411,638,386,0,3
411,640,436,3,0
411,644,386,0,3
411,653,410,1,2
411,655,410,1,2
411,688,386,0,3
411,689,436,3,0
411,702,410,1,2
411,706,410,1,2
411,710,410,1,2
411,715,410,1,2
411,717,410,1,2
411,721,410,1,2
412,626,411,1,2
412,633,387,0,3
412,638,387,0,3
412,640,437,3,0
412,644,387,0,3
412,653,411,1,2
412,688,387,0,3
412,689,437,3,0
412,702,411,1,2
412,710,411,1,2
412,715,411,1,2
412,717,411,1,2
413,626,412,1,2
413,633,388,0,3
413,640,438,3,0
413,652,412,1,2
413,653,412,1,2
413,688,388,0,3
413,689,438,3,0
413,710,412,1,2
413,715,412,1,2
413,717,412,1,2
414,626,413,1,2
414,653,413,1,2
414,688,389,0,3
414,715,413,1,2
415,626,414,1,2
415,653,414,1,2
415,681,440,3,0
416,645,415,1,2
416,699,417,2,1
417,645,416,1,2
417,681,442,3,0
418,626,419,2,1
418,653,419,2,1
418,688,393,0,3
419,626,420,2,1
419,653,420,2,1
419,688,394,0,3
419,715,420,2,1
420,626,421,2,1
420,633,395,0,3
420,640,445,3,0
420,652,419,1,2
420,653,421,2,1
420,688,395,0,3
420,689,445,3,0
420,710,419,1,2
420,715,421,2,1
420,717,421,2,1
421,626,422,2,1
421,633,396,0,3
421,638,396,0,3
421,640,446,3,0
421,644,396,0,3
421,653,422,2,1
421,688,396,0,3
421,689,446,3,0
421,702,422,2,1
421,710,422,2,1
421,715,422,2,1
421,717,422,2,1
422,626,423,2,1
422,633,397,0,3
422,638,397,0,3
422,640,447,3,0
422,644,397,0,3
422,653,423,2,1
422,655,421,1,2
422,688,397,0,3
422,689,447,3,0
422,692,423,2,1
422,701,423,2,1
422,702,423,2,1
422,706,423,2,1
422,710,423,2,1
422,715,423,2,1
422,717,423,2,1
422,721,423,2,1
423,626,398,0,3
423,638,398,0,3
423,640,448,3,0
423,653,398,0,3
423,655,424,2,1
423,688,398,0,3
423,689,448,3,0
423,692,398,0,3
423,701,398,0,3
423,702,398,0,3
423,706,398,0,3
423,710,448,3,0
423,715,398,0,3
423,717,398,0,3
423,721,398,0,3
424,626,399,0,3
424,633,423,1,2
424,638,423,1,2
424,640,423,1,2
424,644,423,1,2
424,653,399,0,3
424,689,423,1,2
424,702,399,0,3
424,710,449,3,0
424,715,399,0,3
424,717,399,0,3
425,626,400,0,2
425,633,449,3,2
425,640,449,3,2
425,652,426,1,1
425,653,400,0,2
425,689,449,3,2
425,710,426,1,1
425,715,400,0,2
425,717,400,0,2
426,626,401,0,3
426,653,401,0,3
426,715,401,0,3
427,626,402,0,3
427,653,402,0,3
428,645,429,2,1
429,699,428,1,2
430,626,405,0,3
430,653,405,0,3
430,681,431,2,1
431,626,406,0,3
431,653,406,0,3
431,715,406,0,3
432,626,407,0,3
432,633,433,2,1
432,640,433,2,1
432,653,407,0,3
432,689,433,2,1
432,715,407,0,3
432,717,407,0,3
433,626,408,0,3
433,633,434,2,1
433,640,434,2,1
433,644,434,2,1
433,653,408,0,3
433,689,434,2,1
433,702,408,0,3
433,710,458,3,0
433,715,408,0,3
433,717,408,0,3
434,626,409,0,3
434,633,435,2,1
434,638,435,2,1
434,640,435,2,1
434,644,435,2,1
434,653,409,0,3
434,689,435,2,1
434,692,409,0,3
434,701,459,3,0
434,702,409,0,3
434,706,409,0,3
434,710,459,3,0
434,715,409,0,3
434,717,409,0,3
434,721,409,0,3
435,626,410,0,3
435,638,410,0,3
435,640,460,3,0
435,653,410,0,3
435,668,436,2,1
435,689,460,3,0
435,692,410,0,3
435,702,410,0,3
435,706,410,0,3
435,710,460,3,0
435,715,410,0,3
435,717,410,0,3
435,721,410,0,3
436,626,435,1,2
436,633,411,0,3
436,638,411,0,3
436,640,461,3,0
436,644,411,0,3
436,653,435,1,2
436,655,435,1,2
436,668,437,2,1
436,689,461,3,0
436,702,435,1,2
436,706,435,1,2
436,710,435,1,2
436,715,435,1,2
436,717,435,1,2
436,721,435,1,2
437,626,436,1,2
437,633,412,0,3
437,638,412,0,3
437,640,462,3,0
437,644,412,0,3
437,653,436,1,2
437,668,438,2,1
437,689,462,3,0
437,702,436,1,2
437,710,436,1,2
437,715,436,1,2
437,717,436,1,2
438,626,437,1,2
438,633,413,0,3
438,640,463,3,0
438,652,437,1,2
438,653,437,1,2
438,668,439,2,1
438,689,463,3,0
438,710,437,1,2
438,715,437,1,2
438,717,437,1,2
439,626,438,1,2
439,653,438,1,2
439,668,440,2,1
439,715,438,1,2
440,626,439,1,2
440,653,439,1,2
440,668,441,2,1
440,681,465,3,0
441,645,440,1,2
441,699,442,2,1
442,645,441,1,2
442,668,668,47,0
442,681,467,3,0
443,626,444,2,1
443,653,444,2,1
443,668,442,1,2
444,626,445,2,1
444,653,445,2,1
444,668,443,1,2
444,715,445,2,1
445,626,446,2,1
445,633,420,0,3
445,640,470,3,0
445,652,444,1,2
445,653,446,2,1
445,668,444,1,2
445,689,470,3,0
445,710,444,1,2
445,715,446,2,1
445,717,446,2,1
446,626,447,2,1
446,633,421,0,3
446,638,421,0,3
446,640,471,3,0
446,644,421,0,3
446,653,447,2,1
446,668,445,1,2
446,689,471,3,0
446,702,447,2,1
446,710,447,2,1
446,715,447,2,1
446,717,447,2,1
447,626,448,2,1
447,633,422,0,3
447,638,422,0,3
447,640,472,3,0
447,644,422,0,3
447,653,448,2,1
447,655,446,1,2
447,668,446,1,2
447,689,472,3,0
447,692,448,2,1
447,701,448,2,1
447,702,448,2,1
447,706,448,2,1
447,710,448,2,1
447,715,448,2,1
447,717,448,2,1
447,721,448,2,1
448,626,423,0,3
448,638,423,0,3
448,640,473,3,0
448,653,423,0,3
448,655,449,2,1
448,668,447,1,2
448,689,473,3,0
448,692,423,0,3
448,701,473,3,0
448,702,423,0,3
448,706,423,0,3
448,710,473,3,0
448,715,423,0,3
448,717,423,0,3
448,721,423,0,3
449,626,424,0,3
449,633,448,1,2
449,638,448,1,2
449,640,448,1,2
449,644,448,1,2
449,653,424,0,3
449,689,448,1,2
449,702,424,0,3
449,710,474,3,0
449,715,424,0,3
449,717,424,0,3
450,626,425,0,2
450,633,474,3,2
450,640,474,3,2
450,652,451,1,1
450,653,425,0,2
450,689,474,3,2
450,710,451,1,1
450,715,425,0,2
450,717,425,0,2
451,626,426,0,3
451,653,426,0,3
451,715,426,0,3
452,626,427,0,3
452,653,427,0,3
453,645,454,2,1
454,699,453,1,2
455,626,430,0,3
455,653,430,0,3
455,681,456,2,1
456,626,431,0,3
456,653,431,0,3
456,715,431,0,3
457,626,432,0,3
457,633,458,2,1
457,640,458,2,1
457,653,432,0,3
457,689,458,2,1
457,715,432,0,3
457,717,432,0,3
458,626,433,0,3
458,633,459,2,1
458,640,459,2,1
458,644,459,2,1
458,653,433,0,3
458,689,459,2,1
458,702,433,0,3
458,710,483,3,0
458,715,433,0,3
458,717,433,0,3
459,626,434,0,3
459,633,460,2,1
459,638,460,2,1
459,640,460,2,1
459,644,460,2,1
459,653,434,0,3
459,689,460,2,1
459,692,484,3,0
459,701,484,3,0
459,702,434,0,3
459,706,484,3,0
459,710,484,3,0
459,715,434,0,3
459,717,434,0,3
459,721,434,0,3
460,626,435,0,3
460,638,435,0,3
460,640,485,3,0
460,652,435,0,3
460,653,435,0,3
460,668,435,0,3
460,689,485,3,0
460,702,435,0,3
460,710,485,3,0
460,715,435,0,3
460,717,435,0,3
460,721,435,0,3
461,626,460,1,2
461,633,436,0,3
461,638,436,0,3
461,640,486,3,0
461,644,436,0,3
461,652,436,0,3
461,653,460,1,2
461,655,460,1,2
461,668,436,0,3
461,689,486,3,0
461,702,460,1,2
461,706,460,1,2
461,710,460,1,2
461,715,460,1,2
461,717,460,1,2
461,721,460,1,2
462,626,461,1,2
462,633,437,0,3
462,638,437,0,3
462,640,487,3,0
462,644,437,0,3
462,652,437,0,3
462,653,461,1,2
462,668,437,0,3
462,689,487,3,0
462,702,461,1,2
462,710,461,1,2
462,715,461,1,2
462,717,461,1,2
463,626,462,1,2
463,633,438,0,3
463,640,488,3,0
463,652,462,1,2
463,653,462,1,2
463,668,438,0,3
463,689,488,3,0
463,710,462,1,2
463,715,462,1,2
463,717,462,1,2
464,626,463,1,2
464,653,463,1,2
464,668,439,0,3
464,715,463,1,2
465,626,464,1,2
465,653,464,1,2
465,668,440,0,3
465,681,490,3,0
466,645,465,1,2
466,699,467,2,1
467,645,466,1,2
467,668,442,0,3
467,681,492,3,0
468,626,469,2,1
468,653,469,2,1
468,668,443,0,3
469,626,470,2,1
469,653,470,2,1
469,668,444,0,3
469,715,470,2,1
470,626,471,2,1
470,633,445,0,3
470,640,495,3,0
470,652,469,1,2
470,653,471,2,1
470,668,445,0,3
470,689,495,3,0
470,710,469,1,2
470,715,471,2,1
470,717,471,2,1
471,626,472,2,1
471,633,446,0,3
471,638,446,0,3
471,640,496,3,0
471,644,446,0,3
471,652,446,0,3
471,653,472,2,1
471,668,446,0,3
471,689,496,3,0
471,702,472,2,1
471,710,472,2,1
471,715,472,2,1
471,717,472,2,1
472,626,473,2,1
472,633,447,0,3
472,638,447,0,3
472,640,497,3,0
472,644,447,0,3
472,652,447,0,3
472,653,473,2,1
472,655,471,1,2
472,668,447,0,3
472,689,497,3,0
472,692,473,2,1
472,701,473,2,1
472,702,473,2,1
472,706,473,2,1
472,710,473,2,1
472,715,473,2,1
472,717,473,2,1
472,721,473,2,1
473,626,448,0,3
473,638,448,0,3
473,640,498,3,0
473,652,448,0,3
473,653,448,0,3
473,655,474,2,1
473,668,448,0,3
473,689,498,3,0
473,692,498,3,0
473,701,498,3,0
473,702,448,0,3
473,710,498,3,0
473,715,448,0,3
473,717,448,0,3
473,721,448,0,3
474,626,449,0,3
474,633,473,1,2
474,638,473,1,2
474,640,473,1,2
474,644,473,1,2
474,653,449,0,3
474,689,473,1,2
474,702,449,0,3
474,710,499,3,0
474,715,449,0,3
474,717,449,0,3
475,626,450,0,2
475,633,499,3,2
475,640,499,3,2
475,652,476,1,1
475,653,500,2,0
475,689,499,3,2
475,710,476,1,1
475,715,450,0,2
475,717,450,0,2
476,626,451,0,3
476,653,501,3,0
476,715,451,0,3
477,626,452,0,3
477,653,502,3,0
478,645,479,2,1
479,699,478,1,2
480,626,455,0,3
480,653,505,3,0
480,681,481,2,1
481,626,456,0,3
481,653,506,3,0
481,715,456,0,3
482,626,457,0,3
482,633,483,2,1
482,640,483,2,1
482,653,507,3,0
482,689,483,2,1
482,715,457,0,3
482,717,457,0,3
483,626,458,0,3
483,633,484,2,1
483,640,484,2,1
483,644,484,2,1
483,653,508,3,0
483,689,484,2,1
483,702,458,0,3
483,710,508,3,0
483,715,458,0,3
483,717,458,0,3
484,626,459,0,3
484,633,485,2,1
484,638,485,2,1
484,640,485,2,1
484,644,485,2,1
484,653,509,3,0
484,689,485,2,1
484,692,509,3,0
484,701,509,3,0
484,702,459,0,3
484,706,509,3,0
484,710,509,3,0
484,715,459,0,3
484,717,459,0,3
484,721,509,3,0
485,626,460,0,3
485,633,510,3,0
485,638,460,0,3
485,640,510,3,0
485,702,460,0,3
485,710,510,3,0
485,715,460,0,3
485,717,460,0,3
486,626,485,1,2
486,633,511,3,0
486,638,461,0,3
486,640,511,3,0
486,644,461,0,3
486,653,485,1,2
486,655,485,1,2
486,689,511,3,0
486,702,485,1,2
486,706,485,1,2
486,710,485,1,2
486,715,485,1,2
486,717,485,1,2
486,721,485,1,2
487,626,486,1,2
487,633,512,3,0
487,638,462,0,3
487,640,512,3,0
487,644,462,0,3
487,653,486,1,2
487,689,512,3,0
487,702,486,1,2
487,710,486,1,2
487,715,486,1,2
487,717,486,1,2
488,626,487,1,2
488,633,513,3,0
488,640,513,3,0
488,652,487,1,2
488,653,487,1,2
488,689,513,3,0
488,710,487,1,2
488,715,487,1,2
488,717,487,1,2
489,626,488,1,2
489,653,488,1,2
489,715,488,1,2
490,626,489,1,2
490,653,489,1,2
490,681,515,3,0
491,645,490,1,2
491,699,492,2,1
492,645,491,1,2
492,681,517,3,0
493,626,494,2,1
493,653,494,2,1
494,626,495,2,1
494,653,495,2,1
494,715,495,2,1
495,626,496,2,1
495,633,520,3,0
495,640,520,3,0
495,652,494,1,2
495,653,496,2,1
495,689,520,3,0
495,710,494,1,2
495,715,496,2,1
495,717,496,2,1
496,626,497,2,1
496,633,521,3,0
496,638,471,0,3
496,640,521,3,0
496,644,471,0,3
496,653,497,2,1
496,689,521,3,0
496,702,497,2,1
496,710,497,2,1
496,715,497,2,1
496,717,497,2,1
497,626,498,2,1
497,633,522,3,0
497,638,472,0,3
497,640,522,3,0
497,644,472,0,3
497,653,498,2,1
497,655,496,1,2
497,689,522,3,0
497,692,498,2,1
497,701,498,2,1
497,702,498,2,1
497,706,498,2,1
497,710,498,2,1
497,715,498,2,1
497,717,498,2,1
497,721,498,2,1
498,626,473,0,3
498,633,523,3,0
498,638,473,0,3
498,640,523,3,0
498,655,499,2,1
498,692,523,3,0
498,701,523,3,0
498,702,473,0,3
498,710,523,3,0
498,715,473,0,3
498,717,473,0,3
499,626,474,0,3
499,633,498,1,2
499,638,498,1,2
499,640,498,1,2
499,644,498,1,2
499,653,524,3,0
499,689,498,1,2
499,702,474,0,3
499,710,524,3,0
499,715,474,0,3
499,717,474,0,3
500,626,475,0,2
500,633,524,3,2
500,640,524,3,2
500,652,501,1,1
500,653,525,2,0
500,689,524,3,2
500,710,501,1,1
500,715,475,0,2
500,717,475,0,2
501,626,476,0,3
501,653,526,3,0
501,715,476,0,3
502,626,477,0,3
502,653,527,3,0
503,645,504,2,1
504,699,503,1,2
505,626,480,0,3
505,653,530,3,0
505,681,506,2,1
506,626,481,0,3
506,653,531,3,0
506,715,481,0,3
507,626,482,0,3
507,633,508,2,1
507,640,508,2,1
507,653,532,3,0
507,689,508,2,1
507,715,482,0,3
507,717,482,0,3
508,626,483,0,3
508,633,509,2,1
508,640,509,2,1
508,644,509,2,1
508,653,533,3,0
508,689,509,2,1
508,702,483,0,3
508,710,533,3,0
508,715,483,0,3
508,717,483,0,3
509,626,484,0,3
509,633,510,2,1
509,638,510,2,1
509,640,510,2,1
509,644,510,2,1
509,653,534,3,0
509,689,510,2,1
509,692,534,3,0
509,701,534,3,0
509,702,484,0,3
509,706,534,3,0
509,710,534,3,0
509,715,484,0,3
509,717,484,0,3
509,721,534,3,0
510,626,485,0,3
510,633,535,3,0
510,638,485,0,3
510,640,535,3,0
510,653,535,3,0
510,702,485,0,3
510,710,535,3,0
510,715,485,0,3
510,717,485,0,3
511,626,510,1,2
511,633,536,3,0
511,638,486,0,3
511,640,536,3,0
511,644,486,0,3
511,653,510,1,2
511,655,510,1,2
511,689,536,3,0
511,702,510,1,2
511,706,510,1,2
511,710,510,1,2
511,715,510,1,2
511,717,510,1,2
511,721,510,1,2
512,626,511,1,2
512,633,537,3,0
512,638,487,0,3
512,640,537,3,0
512,644,487,0,3
512,653,511,1,2
512,689,537,3,0
512,702,511,1,2
512,710,511,1,2
512,715,511,1,2
512,717,511,1,2
513,626,512,1,2
513,633,538,3,0
513,640,538,3,0
513,652,512,1,2
513,653,512,1,2
513,689,538,3,0
513,710,512,1,2
513,715,512,1,2
513,717,512,1,2
514,626,513,1,2
514,653,513,1,2
514,715,513,1,2
515,626,514,1,2
515,653,514,1,2
515,681,540,3,0
516,645,515,1,2
516,699,517,2,1
517,645,516,1,2
517,681,542,3,0
518,626,519,2,1
518,653,519,2,1
519,626,520,2,1
519,653,520,2,1
519,715,520,2,1
520,626,521,2,1
520,633,545,3,0
520,640,545,3,0
520,652,519,1,2
520,653,521,2,1
520,689,545,3,0
520,710,519,1,2
520,715,521,2,1
520,717,521,2,1
521,626,522,2,1
521,633,546,3,0
521,638,496,0,3
521,640,546,3,0
521,644,496,0,3
521,653,522,2,1
521,689,546,3,0
521,702,522,2,1
521,710,522,2,1
521,715,522,2,1
521,717,522,2,1
522,626,523,2,1
522,633,547,3,0
522,638,497,0,3
522,640,547,3,0
522,644,497,0,3
522,653,523,2,1
522,655,521,1,2
522,689,547,3,0
522,692,523,2,1
522,701,523,2,1
522,702,523,2,1
522,706,523,2,1
522,710,523,2,1
522,715,523,2,1
522,717,523,2,1
522,721,523,2,1
523,626,498,0,3
523,633,548,3,0
523,638,498,0,3
523,640,548,3,0
523,653,548,3,0
523,655,524,2,1
523,692,548,3,0
523,701,548,3,0
523,702,498,0,3
523,710,548,3,0
523,715,498,0,3
523,717,498,0,3
524,626,499,0,3
524,633,523,1,2
524,638,523,1,2
524,640,523,1,2
524,644,523,1,2
524,653,549,3,0
524,689,523,1,2
524,702,499,0,3
524,710,549,3,0
524,715,499,0,3
524,717,499,0,3
525,626,500,0,2
525,633,549,3,2
525,640,549,3,2
525,652,526,1,1
525,653,550,2,0
525,689,549,3,2
525,710,526,1,1
525,715,500,0,2
525,717,500,0,2
526,626,501,0,3
526,653,551,3,0
526,715,501,0,3
527,626,502,0,3
527,653,552,3,0
528,645,529,2,1
529,699,528,1,2
530,626,505,0,3
530,653,555,3,0
530,681,531,2,1
531,626,506,0,3
531,653,556,3,0
531,715,506,0,3
532,626,507,0,3
532,633,533,2,1
532,640,533,2,1
532,653,557,3,0
532,689,533,2,1
532,715,507,0,3
532,717,507,0,3
533,626,508,0,3
533,633,534,2,1
533,640,534,2,1
533,644,534,2,1
533,653,558,3,0
533,689,534,2,1
533,702,558,3,0
533,710,558,3,0
533,715,508,0,3
533,717,508,0,3
534,626,509,0,3
534,633,535,2,1
534,638,535,2,1
534,640,535,2,1
534,644,535,2,1
534,653,559,3,0
534,689,535,2,1
534,692,559,3,0
534,701,559,3,0
534,702,559,3,0
534,706,559,3,0
534,710,559,3,0
534,715,509,0,3
534,717,509,0,3
534,721,559,3,0
535,626,510,0,3
535,633,560,3,0
535,653,560,3,0
535,710,560,3,0
535,715,510,0,3
535,717,510,0,3
536,626,535,1,2
536,633,561,3,0
536,638,511,0,3
536,640,561,3,0
536,644,511,0,3
536,653,535,1,2
536,655,535,1,2
536,689,561,3,0
536,702,535,1,2
536,706,535,1,2
536,710,535,1,2
536,715,535,1,2
536,717,535,1,2
536,721,535,1,2
537,626,536,1,2
537,633,562,3,0
537,638,512,0,3
537,640,562,3,0
537,644,512,0,3
537,653,536,1,2
537,689,562,3,0
537,702,536,1,2
537,710,536,1,2
537,715,536,1,2
537,717,536,1,2
538,626,537,1,2
538,633,563,3,0
538,640,563,3,0
538,652,537,1,2
538,653,537,1,2
538,689,563,3,0
538,710,537,1,2
538,715,537,1,2
538,717,537,1,2
539,626,538,1,2
539,653,538,1,2
539,715,538,1,2
540,626,539,1,2
540,653,539,1,2
540,681,565,3,0
541,645,540,1,2
541,699,542,2,1
542,645,541,1,2
542,681,567,3,0
543,626,544,2,1
543,653,544,2,1
544,626,545,2,1
544,653,545,2,1
544,715,545,2,1
545,626,546,2,1
545,633,570,3,0
545,640,570,3,0
545,652,544,1,2
545,653,546,2,1
545,689,570,3,0
545,710,544,1,2
545,715,546,2,1
545,717,546,2,1
546,626,547,2,1
546,633,571,3,0
546,638,521,0,3
546,640,571,3,0
546,644,521,0,3
546,653,547,2,1
546,689,571,3,0
546,702,547,2,1
546,710,547,2,1
546,715,547,2,1
546,717,547,2,1
547,626,548,2,1
547,633,572,3,0
547,638,522,0,3
547,640,572,3,0
547,644,522,0,3
547,653,548,2,1
547,655,546,1,2
547,689,572,3,0
547,692,548,2,1
547,701,548,2,1
547,702,548,2,1
547,706,548,2,1
547,710,548,2,1
547,715,548,2,1
547,717,548,2,1
547,721,548,2,1
548,626,523,0,3
548,633,573,3,0
548,653,573,3,0
548,655,549,2,1
548,692,573,3,0
548,701,573,3,0
548,710,573,3,0
548,715,523,0,3
548,717,523,0,3
549,626,524,0,3
549,633,548,1,2
549,638,548,1,2
549,640,548,1,2
549,644,548,1,2
549,653,574,3,0
549,689,548,1,2
549,702,574,3,0
549,710,574,3,0
549,715,524,0,3
549,717,524,0,3
550,626,525,0,2
550,633,574,3,2
550,640,574,3,2
550,652,551,1,1
550,653,575,2,0
550,689,574,3,2
550,710,551,1,1
550,715,525,0,2
550,717,575,2,0
551,626,526,0,3
551,653,576,3,0
551,715,526,0,3
552,626,527,0,3
552,653,577,3,0
553,645,554,2,1
554,699,553,1,2
555,626,530,0,3
555,653,580,3,0
555,681,556,2,1
556,626,531,0,3
556,653,581,3,0
556,715,531,0,3
557,626,532,0,3
557,633,558,2,1
557,640,558,2,1
557,653,582,3,0
557,689,558,2,1
557,715,532,0,3
557,717,582,3,0
558,626,533,0,3
558,633,559,2,1
558,640,559,2,1
558,644,559,2,1
558,653,583,3,0
558,689,559,2,1
558,702,583,3,0
558,710,710,89,0
558,715,533,0,3
558,717,583,3,0
559,626,534,0,3
559,633,560,2,1
559,638,560,2,1
559,640,560,2,1
559,644,560,2,1
559,653,584,3,0
559,689,560,2,1
559,692,584,3,0
559,701,584,3,0
559,702,584,3,0
559,706,584,3,0
559,710,558,1,2
559,715,534,0,3
559,717,584,3,0
559,721,584,3,0
560,626,535,0,3
560,633,585,3,0
560,644,585,3,0
560,653,585,3,0
560,710,559,1,2
560,715,535,0,3
561,626,560,1,2
561,633,586,3,0
561,638,536,0,3
561,640,586,3,0
561,644,586,3,0
561,653,560,1,2
561,655,560,1,2
561,689,586,3,0
561,702,560,1,2
561,706,560,1,2
561,710,560,1,2
561,715,560,1,2
561,717,560,1,2
561,721,560,1,2
562,626,561,1,2
562,633,587,3,0
562,638,537,0,3
562,640,587,3,0
562,644,587,3,0
562,653,561,1,2
562,689,587,3,0
562,702,561,1,2
562,710,561,1,2
562,715,561,1,2
562,717,561,1,2
563,626,562,1,2
563,633,588,3,0
563,640,588,3,0
563,652,562,1,2
563,653,562,1,2
563,689,588,3,0
563,710,562,1,2
563,715,562,1,2
563,717,562,1,2
564,626,563,1,2
564,653,563,1,2
564,715,563,1,2
565,626,564,1,2
565,653,564,1,2
566,645,565,1,2
566,699,567,2,1
567,645,566,1,2
567,681,681,60,0
568,626,569,2,1
568,653,569,2,1
568,681,567,1,2
569,626,570,2,1
569,653,570,2,1
569,715,570,2,1
570,626,571,2,1
570,633,595,3,0
570,640,595,3,0
570,652,569,1,2
570,653,571,2,1
570,689,595,3,0
570,710,569,1,2
570,715,571,2,1
570,717,571,2,1
571,626,572,2,1
571,633,596,3,0
571,638,546,0,3
571,640,596,3,0
571,644,596,3,0
571,653,572,2,1
571,689,596,3,0
571,702,572,2,1
571,710,572,2,1
571,715,572,2,1
571,717,572,2,1
572,626,573,2,1
572,633,597,3,0
572,638,547,0,3
572,640,597,3,0
572,644,597,3,0
572,653,573,2,1
572,655,571,1,2
572,689,597,3,0
572,692,573,2,1
572,701,573,2,1
572,702,573,2,1
572,706,573,2,1
572,710,573,2,1
572,715,573,2,1
572,717,573,2,1
572,721,573,2,1
573,626,548,0,3
573,633,598,3,0
573,644,598,3,0
573,653,598,3,0
573,655,574,2,1
573,692,598,3,0
573,701,598,3,0
573,710,574,2,1
573,715,548,0,3
574,626,549,0,3
574,633,573,1,2
574,638,573,1,2
574,640,573,1,2
574,644,573,1,2
574,653,599,3,0
574,689,573,1,2
574,702,599,3,0
574,710,550,2,3
574,715,549,0,3
574,717,599,3,0
575,626,550,0,2
575,633,599,3,2
575,640,599,3,2
575,652,576,1,1
575,653,600,2,0
575,689,599,3,2
575,710,576,1,1
575,715,550,0,2
575,717,600,2,0
576,626,551,0,3
576,653,601,3,0
576,715,551,0,3
577,626,552,0,3
577,653,602,3,0
578,645,579,2,1
579,699,578,1,2
580,626,555,0,3
580,653,605,3,0
580,681,581,2,1
581,626,556,0,3
581,653,606,3,0
581,715,556,0,3
582,626,557,0,3
582,633,583,2,1
582,640,583,2,1
582,653,607,3,0
582,689,583,2,1
582,715,557,0,3
582,717,607,3,0
583,626,558,0,3
583,633,584,2,1
583,640,584,2,1
583,644,584,2,1
583,653,608,3,0
583,689,584,2,1
583,702,608,3,0
583,710,558,0,3
583,715,558,0,3
583,717,608,3,0
584,626,559,0,3
584,633,585,2,1
584,638,585,2,1
584,640,585,2,1
584,644,585,2,1
584,653,609,3,0
584,689,585,2,1
584,692,609,3,0
584,701,609,3,0
584,702,609,3,0
584,706,609,3,0
584,710,559,0,3
584,715,559,0,3
584,717,609,3,0
584,721,609,3,0
585,626,560,0,3
585,633,610,3,0
585,644,610,3,0
585,653,610,3,0
585,689,586,2,1
585,715,560,0,3
586,626,585,1,2
586,633,611,3,0
586,638,561,0,3
586,640,611,3,0
586,644,611,3,0
586,653,585,1,2
586,655,585,1,2
586,689,587,2,1
586,702,585,1,2
586,706,585,1,2
586,710,585,1,2
586,715,585,1,2
586,717,585,1,2
586,721,585,1,2
587,626,586,1,2
587,633,612,3,0
587,638,562,0,3
587,640,612,3,0
587,644,612,3,0
587,653,586,1,2
587,689,588,2,1
587,702,586,1,2
587,710,586,1,2
587,715,586,1,2
587,717,586,1,2
588,626,587,1,2
588,633,613,3,0
588,640,613,3,0
588,652,587,1,2
588,653,587,1,2
588,689,689,68,0
588,710,587,1,2
588,715,587,1,2
588,717,587,1,2
589,626,588,1,2
589,653,588,1,2
589,715,588,1,2
590,626,589,1,2
590,653,589,1,2
590,681,565,0,3
591,645,590,1,2
591,699,592,2,1
592,645,591,1,2
592,681,567,0,3
593,626,594,2,1
593,653,594,2,1
594,626,595,2,1
594,653,595,2,1
594,715,595,2,1
595,626,596,2,1
595,633,620,3,0
595,640,620,3,0
595,652,594,1,2
595,653,596,2,1
595,689,594,1,2
595,710,594,1,2
595,715,596,2,1
595,717,596,2,1
596,626,597,2,1
596,633,621,3,0
596,638,571,0,3
596,640,621,3,0
596,644,621,3,0
596,653,597,2,1
596,689,595,1,2
596,702,597,2,1
596,710,597,2,1
596,715,597,2,1
596,717,597,2,1
597,626,598,2,1
597,633,622,3,0
597,638,572,0,3
597,640,622,3,0
597,644,622,3,0
597,653,598,2,1
597,655,596,1,2
597,689,596,1,2
597,692,598,2,1
597,701,598,2,1
597,702,598,2,1
597,706,598,2,1
597,710,598,2,1
597,715,598,2,1
597,717,598,2,1
597,721,598,2,1
598,626,573,0,3
598,633,623,3,0
598,644,623,3,0
598,653,623,3,0
598,655,599,2,1
598,689,597,1,2
598,692,623,3,0
598,701,623,3,0
598,715,573,0,3
599,626,574,0,3
599,633,598,1,2
599,638,598,1,2
599,640,598,1,2
599,644,598,1,2
599,653,624,3,0
599,689,598,1,2
599,702,624,3,0
599,710,574,0,3
599,715,574,0,3
599,717,624,3,0
600,626,575,0,2
600,631,601,1,1
600,633,624,3,2
600,640,624,3,2
600,652,601,1,1
600,653,0,2,3
600,689,624,3,2
600,710,601,1,1
600,715,575,0,2
600,717,0,2,3
601,626,576,0,3
601,631,602,2,1
601,653,1,3,3
601,715,576,0,3
602,626,577,0,3
602,653,2,3,3
603,645,604,2,1
604,699,603,1,2
605,626,580,0,3
605,653,5,3,3
605,681,606,2,1
606,626,581,0,3
606,631,631,10,0
606,653,6,3,3
606,715,581,0,3
607,626,582,0,3
607,631,606,1,2
607,633,608,2,1
607,640,608,2,1
607,653,7,3,3
607,689,608,2,1
607,715,582,0,3
607,717,7,3,3
608,626,583,0,3
608,631,607,1,2
608,633,609,2,1
608,640,609,2,1
608,644,609,2,1
608,653,8,3,3
608,689,609,2,1
608,702,8,3,3
608,710,583,0,3
608,715,583,0,3
608,717,8,3,3
609,626,584,0,3
609,631,608,1,2
609,633,610,2,1
609,638,610,2,1
609,640,610,2,1
609,644,610,2,1
609,653,9,3,3
609,689,610,2,1
609,692,9,3,3
609,701,9,3,3
609,702,9,3,3
609,706,9,3,3
609,710,584,0,3
609,715,584,0,3
609,717,9,3,3
609,721,9,3,3
610,626,585,0,3
610,631,609,1,2
610,633,10,3,3
610,644,10,3,3
610,653,10,3,3
610,689,585,0,3
610,715,585,0,3
611,626,610,1,2
611,633,11,3,3
611,638,586,0,3
611,640,11,3,3
611,644,11,3,3
611,653,610,1,2
611,655,610,1,2
611,689,586,0,3
611,702,610,1,2
611,706,610,1,2
611,710,610,1,2
611,715,610,1,2
611,717,610,1,2
611,721,610,1,2
612,626,611,1,2
612,633,12,3,3
612,638,587,0,3
612,640,12,3,3
612,644,12,3,3
612,653,611,1,2
612,689,587,0,3
612,702,611,1,2
612,710,611,1,2
612,715,611,1,2
612,717,611,1,2
613,626,612,1,2
613,633,13,3,3
613,640,13,3,3
613,652,612,1,2
613,653,612,1,2
613,689,588,0,3
613,710,612,1,2
613,715,612,1,2
613,717,612,1,2
614,626,613,1,2
614,653,613,1,2
614,715,613,1,2
615,626,614,1,2
615,653,614,1,2
615,681,590,0,3
616,645,615,1,2
616,699,617,2,1
617,645,616,1,2
617,681,592,0,3
618,626,619,2,1
618,653,619,2,1
619,626,620,2,1
619,653,620,2,1
619,715,620,2,1
620,626,621,2,1
620,633,20,3,3
620,640,20,3,3
620,652,619,1,2
620,653,621,2,1
620,689,595,0,3
620,710,619,1,2
620,715,621,2,1
620,717,621,2,1
621,626,622,2,1
621,633,21,3,3
621,638,596,0,3
621,640,21,3,3
621,644,21,3,3
621,653,622,2,1
621,689,596,0,3
621,702,622,2,1
621,710,622,2,1
621,715,622,2,1
621,717,622,2,1
622,626,623,2,1
622,633,22,3,3
622,638,597,0,3
622,640,22,3,3
622,644,22,3,3
622,653,623,2,1
622,655,621,1,2
622,689,597,0,3
622,692,623,2,1
622,701,623,2,1
622,702,623,2,1
622,706,623,2,1
622,710,623,2,1
622,715,623,2,1
622,717,623,2,1
622,721,623,2,1
623,626,598,0,3
623,631,624,2,1
623,633,23,3,3
623,644,23,3,3
623,653,23,3,3
623,655,624,2,1
623,689,598,0,3
623,692,23,3,3
623,701,23,3,3
623,715,598,0,3
624,626,599,0,3
624,631,600,2,3
624,633,623,1,2
624,638,623,1,2
624,640,623,1,2
624,644,623,1,2
624,653,24,3,3
624,689,623,1,2
624,702,24,3,3
624,710,599,0,3
624,715,599,0,3
624,717,24,3,3
626,625,355,0,5
626,627,355,0,5
626,628,355,0,5
626,629,355,0,5
626,630,355,0,5
626,631,355,0,5
626,632,355,0,5
626,633,355,0,5
626,634,355,0,5
626,635,355,0,5
626,636,355,0,5
626,637,355,0,5
626,638,355,0,5
626,639,355,0,5
626,640,355,0,5
626,641,355,0,5
626,642,355,0,5
626,643,355,0,5
626,644,355,0,5
626,645,355,0,5
626,646,355,0,5
626,647,355,0,5
626,648,355,0,5
626,649,355,0,5
626,650,355,0,5
626,651,355,0,5
626,652,355,0,5
626,653,355,0,5
626,654,355,0,5
626,655,355,0,5
626,656,355,0,5
626,657,355,0,5
626,658,355,0,5
626,659,355,0,5
626,660,355,0,5
626,661,355,0,5
626,662,355,0,5
626,663,355,0,5
626,664,355,0,5
626,665,355,0,5
626,666,355,0,5
626,667,355,0,5
626,668,355,0,5
626,669,355,0,5
626,670,355,0,5
626,671,355,0,5
626,672,355,0,5
626,673,355,0,5
626,674,355,0,5
626,675,355,0,5
626,676,355,0,5
626,677,355,0,5
626,678,355,0,5
626,679,355,0,5
626,680,355,0,5
626,681,355,0,5
626,682,355,0,5
626,683,355,0,5
626,684,355,0,5
626,685,355,0,5
626,686,355,0,5
626,687,355,0,5
626,688,355,0,5
626,689,355,0,5
626,690,355,0,5
626,691,355,0,5
626,692,355,0,5
626,693,355,0,5
626,694,355,0,5
626,695,355,0,5
626,696,355,0,5
626,697,355,0,5
626,698,355,0,5
626,699,355,0,5
626,700,355,0,5
626,701,355,0,5
626,702,355,0,5
626,703,355,0,5
626,704,355,0,5
626,705,355,0,5
626,706,355,0,5
626,707,355,0,5
626,708,355,0,5
626,709,355,0,5
626,710,355,0,5
626,711,355,0,5
626,712,355,0,5
626,713,355,0,5
626,714,355,0,5
626,715,355,0,5
626,716,355,0,5
626,717,355,0,5
626,718,355,0,5
626,719,355,0,5
626,720,355,0,5
626,721,355,0,5
626,722,355,0,5
626,723,355,0,5
626,724,355,0,5
631,625,606,0,10
631,626,606,0,10
631,627,606,0,10
631,628,606,0,10
631,629,606,0,10
631,630,606,0,10
631,632,606,0,10
631,633,606,0,10
631,634,606,0,10
631,635,606,0,10
631,636,606,0,10
631,637,606,0,10
631,638,606,0,10
631,639,606,0,10
631,640,606,0,10
631,641,606,0,10
631,642,606,0,10
631,643,606,0,10
631,644,606,0,10
631,645,606,0,10
631,646,606,0,10
631,647,606,0,10
631,648,606,0,10
631,649,606,0,10
631,650,606,0,10
631,651,606,0,10
631,652,606,0,10
631,653,606,0,10
631,654,606,0,10
631,655,606,0,10
631,656,606,0,10
631,657,606,0,10
631,658,606,0,10
631,659,606,0,10
631,660,606,0,10
631,661,606,0,10
631,662,606,0,10
631,663,606,0,10
631,664,606,0,10
631,665,606,0,10
631,666,606,0,10
631,667,606,0,10
631,668,606,0,10
631,669,606,0,10
631,670,606,0,10
631,671,606,0,10
631,672,606,0,10
631,673,606,0,10
631,674,606,0,10
631,675,606,0,10
631,676,606,0,10
631,677,606,0,10
631,678,606,0,10
631,679,606,0,10
631,680,606,0,10
631,681,606,0,10
631,682,606,0,10
631,683,606,0,10
631,684,606,0,10
631,685,606,0,10
631,686,606,0,10
631,687,606,0,10
631,688,606,0,10
631,689,606,0,10
631,690,606,0,10
631,691,606,0,10
631,692,606,0,10
631,693,606,0,10
631,694,606,0,10
631,695,606,0,10
631,696,606,0,10
631,697,606,0,10
631,698,606,0,10
631,699,606,0,10
631,700,606,0,10
631,701,606,0,10
631,702,606,0,10
631,703,606,0,10
631,704,606,0,10
631,705,606,0,10
631,706,606,0,10
631,707,606,0,10
631,708,606,0,10
631,709,606,0,10
631,710,606,0,10
631,711,606,0,10
631,712,606,0,10
631,713,606,0,10
631,714,606,0,10
631,715,606,0,10
631,716,606,0,10
631,717,606,0,10
631,718,606,0,10
631,719,606,0,10
631,720,606,0,10
631,721,606,0,10
631,722,606,0,10
631,723,606,0,10
631,724,606,0,10
633,625,163,0,12
633,626,163,0,12
633,627,163,0,12
633,628,163,0,12
633,629,163,0,12
633,630,163,0,12
633,631,163,0,12
633,632,163,0,12
633,634,163,0,12
633,635,163,0,12
633,636,163,0,12
633,637,163,0,12
633,638,163,0,12
633,639,163,0,12
633,640,163,0,12
633,641,163,0,12
633,642,163,0,12
633,643,163,0,12
633,644,163,0,12
633,645,163,0,12
633,646,163,0,12
633,647,163,0,12
633,648,163,0,12
633,649,163,0,12
633,650,163,0,12
633,651,163,0,12
633,652,163,0,12
633,653,163,0,12
633,654,163,0,12
633,655,163,0,12
633,656,163,0,12
633,657,163,0,12
633,658,163,0,12
633,659,163,0,12
633,660,163,0,12
633,661,163,0,12
633,662,163,0,12
633,663,163,0,12
633,664,163,0,12
633,665,163,0,12
633,666,163,0,12
633,667,163,0,12
633,668,163,0,12
633,669,163,0,12
633,670,163,0,12
633,671,163,0,12
633,672,163,0,12
633,673,163,0,12
633,674,163,0,12
633,675,163,0,12
633,676,163,0,12
633,677,163,0,12
633,678,163,0,12
633,679,163,0,12
633,680,163,0,12
633,681,163,0,12
633,682,163,0,12
633,683,163,0,12
633,684,163,0,12
633,685,163,0,12
633,686,163,0,12
633,687,163,0,12
633,688,163,0,12
633,689,163,0,12
633,690,163,0,12
633,691,163,0,12
633,692,163,0,12
633,693,163,0,12
633,694,163,0,12
633,695,163,0,12
633,696,163,0,12
633,697,163,0,12
633,698,163,0,12
633,699,163,0,12
633,700,163,0,12
633,701,163,0,12
633,702,163,0,12
633,703,163,0,12
633,704,163,0,12
633,705,163,0,12
633,706,163,0,12
633,707,163,0,12
633,708,163,0,12
633,709,163,0,12
633,710,163,0,12
633,711,163,0,12
633,712,163,0,12
633,713,163,0,12
633,714,163,0,12
633,715,163,0,12
633,716,163,0,12
633,717,163,0,12
633,718,163,0,12
633,719,163,0,12
633,720,163,0,12
633,721,163,0,12
633,722,163,0,12
633,723,163,0,12
633,724,163,0,12
638,625,387,0,17
638,626,387,0,17
638,627,387,0,17
638,628,387,0,17
638,629,387,0,17
638,630,387,0,17
638,631,387,0,17
638,632,387,0,17
638,633,387,0,17
638,634,387,0,17
638,635,387,0,17
638,636,387,0,17
638,637,387,0,17
638,639,387,0,17
638,640,387,0,17
638,641,387,0,17
638,642,387,0,17
638,643,387,0,17
638,644,387,0,17
638,645,387,0,17
638,646,387,0,17
638,647,387,0,17
638,648,387,0,17
638,649,387,0,17
638,650,387,0,17
638,651,387,0,17
638,652,387,0,17
638,653,387,0,17
638,654,387,0,17
638,655,387,0,17
638,656,387,0,17
638,657,387,0,17
638,658,387,0,17
638,659,387,0,17
638,660,387,0,17
638,661,387,0,17
638,662,387,0,17
638,663,387,0,17
638,664,387,0,17
638,665,387,0,17
638,666,387,0,17
638,667,387,0,17
638,668,387,0,17
638,669,387,0,17
638,670,387,0,17
638,671,387,0,17
638,672,387,0,17
638,673,387,0,17
638,674,387,0,17
638,675,387,0,17
638,676,387,0,17
638,677,387,0,17
638,678,387,0,17
638,679,387,0,17
638,680,387,0,17
638,681,387,0,17
638,682,387,0,17
638,683,387,0,17
638,684,387,0,17
638,685,387,0,17
638,686,387,0,17
638,687,387,0,17
638,688,387,0,17
638,689,387,0,17
638,690,387,0,17
638,691,387,0,17
638,692,387,0,17
638,693,387,0,17
638,694,387,0,17
638,695,387,0,17
638,696,387,0,17
638,697,387,0,17
638,698,387,0,17
638,699,387,0,17
638,700,387,0,17
638,701,387,0,17
638,702,387,0,17
638,703,387,0,17
638,704,387,0,17
638,705,387,0,17
638,706,387,0,17
638,707,387,0,17
638,708,387,0,17
638,709,387,0,17
638,710,387,0,17
638,711,387,0,17
638,712,387,0,17
638,713,387,0,17
638,714,387,0,17
638,715,387,0,17
638,716,387,0,17
638,717,387,0,17
638,718,387,0,17
638,719,387,0,17
638,720,387,0,17
638,721,387,0,17
638,722,387,0,17
638,723,387,0,17
638,724,387,0,17
640,625,13,0,19
640,626,13,0,19
640,627,13,0,19
640,628,13,0,19
640,629,13,0,19
640,630,13,0,19
640,631,13,0,19
640,632,13,0,19
640,633,13,0,19
640,634,13,0,19
640,635,13,0,19
640,636,13,0,19
640,637,13,0,19
640,638,13,0,19
640,639,13,0,19
640,641,13,0,19
640,642,13,0,19
640,643,13,0,19
640,644,13,0,19
640,645,13,0,19
640,646,13,0,19
640,647,13,0,19
640,648,13,0,19
640,649,13,0,19
640,650,13,0,19
640,651,13,0,19
640,652,13,0,19
640,653,13,0,19
640,654,13,0,19
640,655,13,0,19
640,656,13,0,19
640,657,13,0,19
640,658,13,0,19
640,659,13,0,19
640,660,13,0,19
640,661,13,0,19
640,662,13,0,19
640,663,13,0,19
640,664,13,0,19
640,665,13,0,19
640,666,13,0,19
640,667,13,0,19
640,668,13,0,19
640,669,13,0,19
640,670,13,0,19
640,671,13,0,19
640,672,13,0,19
640,673,13,0,19
640,674,13,0,19
640,675,13,0,19
640,676,13,0,19
640,677,13,0,19
640,678,13,0,19
640,679,13,0,19
640,680,13,0,19
640,681,13,0,19
640,682,13,0,19
640,683,13,0,19
640,684,13,0,19
640,685,13,0,19
640,686,13,0,19
640,687,13,0,19
640,688,13,0,19
640,689,13,0,19
640,690,13,0,19
640,691,13,0,19
640,692,13,0,19
640,693,13,0,19
640,694,13,0,19
640,695,13,0,19
640,696,13,0,19
640,697,13,0,19
640,698,13,0,19
640,699,13,0,19
640,700,13,0,19
640,701,13,0,19
640,702,13,0,19
640,703,13,0,19
640,704,13,0,19
640,705,13,0,19
640,706,13,0,19
640,707,13,0,19
640,708,13,0,19
640,709,13,0,19
640,710,13,0,19
640,711,13,0,19
640,712,13,0,19
640,713,13,0,19
640,714,13,0,19
640,715,13,0,19
640,716,13,0,19
640,717,13,0,19
640,718,13,0,19
640,719,13,0,19
640,720,13,0,19
640,721,13,0,19
640,722,13,0,19
640,723,13,0,19
640,724,13,0,19
644,625,237,0,23
644,626,237,0,23
644,627,237,0,23
644,628,237,0,23
644,629,237,0,23
644,630,237,0,23
644,631,237,0,23
644,632,237,0,23
644,633,237,0,23
644,634,237,0,23
644,635,237,0,23
644,636,237,0,23
644,637,237,0,23
644,638,237,0,23
644,639,237,0,23
644,640,237,0,23
644,641,237,0,23
644,642,237,0,23
644,643,237,0,23
644,645,237,0,23
644,646,237,0,23
644,647,237,0,23
644,648,237,0,23
644,649,237,0,23
644,650,237,0,23
644,651,237,0,23
644,652,237,0,23
644,653,237,0,23
644,654,237,0,23
644,655,237,0,23
644,656,237,0,23
644,657,237,0,23
644,658,237,0,23
644,659,237,0,23
644,660,237,0,23
644,661,237,0,23
644,662,237,0,23
644,663,237,0,23
644,664,237,0,23
644,665,237,0,23
644,666,237,0,23
644,667,237,0,23
644,668,237,0,23
644,669,237,0,23
644,670,237,0,23
644,671,237,0,23
644,672,237,0,23
644,673,237,0,23
644,674,237,0,23
644,675,237,0,23
644,676,237,0,23
644,677,237,0,23
644,678,237,0,23
644,679,237,0,23
644,680,237,0,23
644,681,237,0,23
644,682,237,0,23
644,683,237,0,23
644,684,237,0,23
644,685,237,0,23
644,686,237,0,23
644,687,237,0,23
644,688,237,0,23
644,689,237,0,23
644,690,237,0,23
644,691,237,0,23
644,692,237,0,23
644,693,237,0,23
644,694,237,0,23
644,695,237,0,23
644,696,237,0,23
644,697,237,0,23
644,698,237,0,23
644,699,237,0,23
644,700,237,0,23
644,701,237,0,23
644,702,237,0,23
644,703,237,0,23
644,704,237,0,23
644,705,237,0,23
644,706,237,0,23
644,707,237,0,23
644,708,237,0,23
644,709,237,0,23
644,710,237,0,23
644,711,237,0,23
644,712,237,0,23
644,713,237,0,23
644,714,237,0,23
644,715,237,0,23
644,716,237,0,23
644,717,237,0,23
644,718,237,0,23
644,719,237,0,23
644,720,237,0,23
644,721,237,0,23
644,722,237,0,23
644,723,237,0,23
644,724,237,0,23
645,625,40,0,24
645,626,40,0,24
645,627,40,0,24
645,628,40,0,24
645,629,40,0,24
645,630,40,0,24
645,631,40,0,24
645,632,40,0,24
645,633,40,0,24
645,634,40,0,24
645,635,40,0,24
645,636,40,0,24
645,637,40,0,24
645,638,40,0,24
645,639,40,0,24
645,640,40,0,24
645,641,40,0,24
645,642,40,0,24
645,643,40,0,24
645,644,40,0,24
645,646,40,0,24
645,647,40,0,24
645,648,40,0,24
645,649,40,0,24
645,650,40,0,24
645,651,40,0,24
645,652,40,0,24
645,653,40,0,24
645,654,40,0,24
645,655,40,0,24
645,656,40,0,24
645,657,40,0,24
645,658,40,0,24
645,659,40,0,24
645,660,40,0,24
645,661,40,0,24
645,662,40,0,24
645,663,40,0,24
645,664,40,0,24
645,665,40,0,24
645,666,40,0,24
645,667,40,0,24
645,668,40,0,24
645,669,40,0,24
645,670,40,0,24
645,671,40,0,24
645,672,40,0,24
645,673,40,0,24
645,674,40,0,24
645,675,40,0,24
645,676,40,0,24
645,677,40,0,24
645,678,40,0,24
645,679,40,0,24
645,680,40,0,24
645,681,40,0,24
645,682,40,0,24
645,683,40,0,24
645,684,40,0,24
645,685,40,0,24
645,686,40,0,24
645,687,40,0,24
645,688,40,0,24
645,689,40,0,24
645,690,40,0,24
645,691,40,0,24
645,692,40,0,24
645,693,40,0,24
645,694,40,0,24
645,695,40,0,24
645,696,40,0,24
645,697,40,0,24
645,698,40,0,24
645,699,40,0,24
645,700,40,0,24
645,701,40,0,24
645,702,40,0,24
645,703,40,0,24
645,704,40,0,24
645,705,40,0,24
645,706,40,0,24
645,707,40,0,24
645,708,40,0,24
645,709,40,0,24
645,710,40,0,24
645,711,40,0,24
645,712,40,0,24
645,713,40,0,24
645,714,40,0,24
645,715,40,0,24
645,716,40,0,24
645,717,40,0,24
645,718,40,0,24
645,719,40,0,24
645,720,40,0,24
645,721,40,0,24
645,722,40,0,24
645,723,40,0,24
645,724,40,0,24
652,625,162,0,31
652,626,162,0,31
652,627,162,0,31
652,628,162,0,31
652,629,162,0,31
652,630,162,0,31
652,631,162,0,31
652,632,162,0,31
652,633,162,0,31
652,634,162,0,31
652,635,162,0,31
652,636,162,0,31
652,637,162,0,31
652,638,162,0,31
652,639,162,0,31
652,640,162,0,31
652,641,162,0,31
652,642,162,0,31
652,643,162,0,31
652,644,162,0,31
652,645,162,0,31
652,646,162,0,31
652,647,162,0,31
652,648,162,0,31
652,649,162,0,31
652,650,162,0,31
652,651,162,0,31
652,653,162,0,31
652,654,162,0,31
652,655,162,0,31
652,656,162,0,31
652,657,162,0,31
652,658,162,0,31
652,659,162,0,31
652,660,162,0,31
652,661,162,0,31
652,662,162,0,31
652,663,162,0,31
652,664,162,0,31
652,665,162,0,31
652,666,162,0,31
652,667,162,0,31
652,668,162,0,31
652,669,162,0,31
652,670,162,0,31
652,671,162,0,31
652,672,162,0,31
652,673,162,0,31
652,674,162,0,31
652,675,162,0,31
652,676,162,0,31
652,677,162,0,31
652,678,162,0,31
652,679,162,0,31
652,680,162,0,31
652,681,162,0,31
652,682,162,0,31
652,683,162,0,31
652,684,162,0,31
652,685,162,0,31
652,686,162,0,31
652,687,162,0,31
652,688,162,0,31
652,689,162,0,31
652,690,162,0,31
652,691,162,0,31
652,692,162,0,31
652,693,162,0,31
652,694,162,0,31
652,695,162,0,31
652,696,162,0,31
652,697,162,0,31
652,698,162,0,31
652,699,162,0,31
652,700,162,0,31
652,701,162,0,31
652,702,162,0,31
652,703,162,0,31
652,704,162,0,31
652,705,162,0,31
652,706,162,0,31
652,707,162,0,31
652,708,162,0,31
652,709,162,0,31
652,710,162,0,31
652,711,162,0,31
652,712,162,0,31
652,713,162,0,31
652,714,162,0,31
652,715,162,0,31
652,716,162,0,31
652,717,162,0,31
652,718,162,0,31
652,719,162,0,31
652,720,162,0,31
652,721,162,0,31
652,722,162,0,31
652,723,162,0,31
652,724,162,0,31
653,625,155,0,32
653,626,155,0,32
653,627,155,0,32
653,628,155,0,32
653,629,155,0,32
653,630,155,0,32
653,631,155,0,32
653,632,155,0,32
653,633,155,0,32
653,634,155,0,32
653,635,155,0,32
653,636,155,0,32
653,637,155,0,32
653,638,155,0,32
653,639,155,0,32
653,640,155,0,32
653,641,155,0,32
653,642,155,0,32
653,643,155,0,32
653,644,155,0,32
653,645,155,0,32
653,646,155,0,32
653,647,155,0,32
653,648,155,0,32
653,649,155,0,32
653,650,155,0,32
653,651,155,0,32
653,652,155,0,32
653,654,155,0,32
653,655,155,0,32
653,656,155,0,32
653,657,155,0,32
653,658,155,0,32
653,659,155,0,32
653,660,155,0,32
653,661,155,0,32
653,662,155,0,32
653,663,155,0,32
653,664,155,0,32
653,665,155,0,32
653,666,155,0,32
653,667,155,0,32
653,668,155,0,32
653,669,155,0,32
653,670,155,0,32
653,671,155,0,32
653,672,155,0,32
653,673,155,0,32
653,674,155,0,32
653,675,155,0,32
653,676,155,0,32
653,677,155,0,32
653,678,155,0,32
653,679,155,0,32
653,680,155,0,32
653,681,155,0,32
653,682,155,0,32
653,683,155,0,32
653,684,155,0,32
653,685,155,0,32
653,686,155,0,32
653,687,155,0,32
653,688,155,0,32
653,689,155,0,32
653,690,155,0,32
653,691,155,0,32
653,692,155,0,32
653,693,155,0,32
653,694,155,0,32
653,695,155,0,32
653,696,155,0,32
653,697,155,0,32
653,698,155,0,32
653,699,155,0,32
653,700,155,0,32
653,701,155,0,32
653,702,155,0,32
653,703,155,0,32
653,704,155,0,32
653,705,155,0,32
653,706,155,0,32
653,707,155,0,32
653,708,155,0,32
653,709,155,0,32
653,710,155,0,32
653,711,155,0,32
653,712,155,0,32
653,713,155,0,32
653,714,155,0,32
653,715,155,0,32
653,716,155,0,32
653,717,155,0,32
653,718,155,0,32
653,719,155,0,32
653,720,155,0,32
653,721,155,0,32
653,722,155,0,32
653,723,155,0,32
653,724,155,0,32
655,625,60,0,34
655,626,60,0,34
655,627,60,0,34
655,628,60,0,34
655,629,60,0,34
655,630,60,0,34
655,631,60,0,34
655,632,60,0,34
655,633,60,0,34
655,634,60,0,34
655,635,60,0,34
655,636,60,0,34
655,637,60,0,34
655,638,60,0,34
655,639,60,0,34
655,640,60,0,34
655,641,60,0,34
655,642,60,0,34
655,643,60,0,34
655,644,60,0,34
655,645,60,0,34
655,646,60,0,34
655,647,60,0,34
655,648,60,0,34
655,649,60,0,34
655,650,60,0,34
655,651,60,0,34
655,652,60,0,34
655,653,60,0,34
655,654,60,0,34
655,656,60,0,34
655,657,60,0,34
655,658,60,0,34
655,659,60,0,34
655,660,60,0,34
655,661,60,0,34
655,662,60,0,34
655,663,60,0,34
655,664,60,0,34
655,665,60,0,34
655,666,60,0,34
655,667,60,0,34
655,668,60,0,34
655,669,60,0,34
655,670,60,0,34
655,671,60,0,34
655,672,60,0,34
655,673,60,0,34
655,674,60,0,34
655,675,60,0,34
655,676,60,0,34
655,677,60,0,34
655,678,60,0,34
655,679,60,0,34
655,680,60,0,34
655,681,60,0,34
655,682,60,0,34
655,683,60,0,34
655,684,60,0,34
655,685,60,0,34
655,686,60,0,34
655,687,60,0,34
655,688,60,0,34
655,689,60,0,34
655,690,60,0,34
655,691,60,0,34
655,692,60,0,34
655,693,60,0,34
655,694,60,0,34
655,695,60,0,34
655,696,60,0,34
655,697,60,0,34
655,698,60,0,34
655,699,60,0,34
655,700,60,0,34
655,701,60,0,34
655,702,60,0,34
655,703,60,0,34
655,704,60,0,34
655,705,60,0,34
655,706,60,0,34
655,707,60,0,34
655,708,60,0,34
655,709,60,0,34
655,710,60,0,34
655,711,60,0,34
655,712,60,0,34
655,713,60,0,34
655,714,60,0,34
655,715,60,0,34
655,716,60,0,34
655,717,60,0,34
655,718,60,0,34
655,719,60,0,34
655,720,60,0,34
655,721,60,0,34
655,722,60,0,34
655,723,60,0,34
655,724,60,0,34
668,625,442,0,47
668,626,442,0,47
668,627,442,0,47
668,628,442,0,47
668,629,442,0,47
668,630,442,0,47
668,631,442,0,47
668,632,442,0,47
668,633,442,0,47
668,634,442,0,47
668,635,442,0,47
668,636,442,0,47
668,637,442,0,47
668,638,442,0,47
668,639,442,0,47
668,640,442,0,47
668,641,442,0,47
668,642,442,0,47
668,643,442,0,47
668,644,442,0,47
668,645,442,0,47
668,646,442,0,47
668,647,442,0,47
668,648,442,0,47
668,649,442,0,47
668,650,442,0,47
668,651,442,0,47
668,652,442,0,47
668,653,442,0,47
668,654,442,0,47
668,655,442,0,47
668,656,442,0,47
668,657,442,0,47
668,658,442,0,47
668,659,442,0,47
668,660,442,0,47
668,661,442,0,47
668,662,442,0,47
668,663,442,0,47
668,664,442,0,47
668,665,442,0,47
668,666,442,0,47
668,667,442,0,47
668,669,442,0,47
668,670,442,0,47
668,671,442,0,47
668,672,442,0,47
668,673,442,0,47
668,674,442,0,47
668,675,442,0,47
668,676,442,0,47
668,677,442,0,47
668,678,442,0,47
668,679,442,0,47
668,680,442,0,47
668,681,442,0,47
668,682,442,0,47
668,683,442,0,47
668,684,442,0,47
668,685,442,0,47
668,686,442,0,47
668,687,442,0,47
668,688,442,0,47
668,689,442,0,47
668,690,442,0,47
668,691,442,0,47
668,692,442,0,47
668,693,442,0,47
668,694,442,0,47
668,695,442,0,47
668,696,442,0,47
668,697,442,0,47
668,698,442,0,47
668,699,442,0,47
668,700,442,0,47
668,701,442,0,47
668,702,442,0,47
668,703,442,0,47
668,704,442,0,47
668,705,442,0,47
668,706,442,0,47
668,707,442,0,47
668,708,442,0,47
668,709,442,0,47
668,710,442,0,47
668,711,442,0,47
668,712,442,0,47
668,713,442,0,47
668,714,442,0,47
668,715,442,0,47
668,716,442,0,47
668,717,442,0,47
668,718,442,0,47
668,719,442,0,47
668,720,442,0,47
668,721,442,0,47
668,722,442,0,47
668,723,442,0,47
668,724,442,0,47
681,625,567,0,60
681,626,567,0,60
681,627,567,0,60
681,628,567,0,60
681,629,567,0,60
681,630,567,0,60
681,631,567,0,60
681,632,567,0,60
681,633,567,0,60
681,634,567,0,60
681,635,567,0,60
681,636,567,0,60
681,637,567,0,60
681,638,567,0,60
681,639,567,0,60
681,640,567,0,60
681,641,567,0,60
681,642,567,0,60
681,643,567,0,60
681,644,567,0,60
681,645,567,0,60
681,646,567,0,60
681,647,567,0,60
681,648,567,0,60
681,649,567,0,60
681,650,567,0,60
681,651,567,0,60
681,652,567,0,60
681,653,567,0,60
681,654,567,0,60
681,655,567,0,60
681,656,567,0,60
681,657,567,0,60
681,658,567,0,60
681,659,567,0,60
681,660,567,0,60
681,661,567,0,60
681,662,567,0,60
681,663,567,0,60
681,664,567,0,60
681,665,567,0,60
681,666,567,0,60
681,667,567,0,60
681,668,567,0,60
681,669,567,0,60
681,670,567,0,60
681,671,567,0,60
681,672,567,0,60
681,673,567,0,60
681,674,567,0,60
681,675,567,0,60
681,676,567,0,60
681,677,567,0,60
681,678,567,0,60
681,679,567,0,60
681,680,567,0,60
681,682,567,0,60
681,683,567,0,60
681,684,567,0,60
681,685,567,0,60
681,686,567,0,60
681,687,567,0,60
681,688,567,0,60
681,689,567,0,60
681,690,567,0,60
681,691,567,0,60
681,692,567,0,60
681,693,567,0,60
681,694,567,0,60
681,695,567,0,60
681,696,567,0,60
681,697,567,0,60
681,698,567,0,60
681,699,567,0,60
681,700,567,0,60
681,701,567,0,60
681,702,567,0,60
681,703,567,0,60
681,704,567,0,60
681,705,567,0,60
681,706,567,0,60
681,707,567,0,60
681,708,567,0,60
681,709,567,0,60
681,710,567,0,60
681,711,567,0,60
681,712,567,0,60
681,713,567,0,60
681,714,567,0,60
681,715,567,0,60
681,716,567,0,60
681,717,567,0,60
681,718,567,0,60
681,719,567,0,60
681,720,567,0,60
681,721,567,0,60
681,722,567,0,60
681,723,567,0,60
681,724,567,0,60
688,625,393,0,67
688,626,393,0,67
688,627,393,0,67
688,628,393,0,67
688,629,393,0,67
688,630,393,0,67
688,631,393,0,67
688,632,393,0,67
688,633,393,0,67
688,634,393,0,67
688,635,393,0,67
688,636,393,0,67
688,637,393,0,67
688,638,393,0,67
688,639,393,0,67
688,640,393,0,67
688,641,393,0,67
688,642,393,0,67
688,643,393,0,67
688,644,393,0,67
688,645,393,0,67
688,646,393,0,67
688,647,393,0,67
688,648,393,0,67
688,649,393,0,67
688,650,393,0,67
688,651,393,0,67
688,652,393,0,67
688,653,393,0,67
688,654,393,0,67
688,655,393,0,67
688,656,393,0,67
688,657,393,0,67
688,658,393,0,67
688,659,393,0,67
688,660,393,0,67
688,661,393,0,67
688,662,393,0,67
688,663,393,0,67
688,664,393,0,67
688,665,393,0,67
688,666,393,0,67
688,667,393,0,67
688,668,393,0,67
688,669,393,0,67
688,670,393,0,67
688,671,393,0,67
688,672,393,0,67
688,673,393,0,67
688,674,393,0,67
688,675,393,0,67
688,676,393,0,67
688,677,393,0,67
688,678,393,0,67
688,679,393,0,67
688,680,393,0,67
688,681,393,0,67
688,682,393,0,67
688,683,393,0,67
688,684,393,0,67
688,685,393,0,67
688,686,393,0,67
688,687,393,0,67
688,689,393,0,67
688,690,393,0,67
688,691,393,0,67
688,692,393,0,67
688,693,393,0,67
688,694,393,0,67
688,695,393,0,67
688,696,393,0,67
688,697,393,0,67
688,698,393,0,67
688,699,393,0,67
688,700,393,0,67
688,701,393,0,67
688,702,393,0,67
688,703,393,0,67
688,704,393,0,67
688,705,393,0,67
688,706,393,0,67
688,707,393,0,67
688,708,393,0,67
688,709,393,0,67
688,710,393,0,67
688,711,393,0,67
688,712,393,0,67
688,713,393,0,67
688,714,393,0,67
688,715,393,0,67
688,716,393,0,67
688,717,393,0,67
688,718,393,0,67
688,719,393,0,67
688,720,393,0,67
688,721,393,0,67
688,722,393,0,67
688,723,393,0,67
688,724,393,0,67
689,625,588,0,68
689,626,588,0,68
689,627,588,0,68
689,628,588,0,68
689,629,588,0,68
689,630,588,0,68
689,631,588,0,68
689,632,588,0,68
689,633,588,0,68
689,634,588,0,68
689,635,588,0,68
689,636,588,0,68
689,637,588,0,68
689,638,588,0,68
689,639,588,0,68
689,640,588,0,68
689,641,588,0,68
689,642,588,0,68
689,643,588,0,68
689,644,588,0,68
689,645,588,0,68
689,646,588,0,68
689,647,588,0,68
689,648,588,0,68
689,649,588,0,68
689,650,588,0,68
689,651,588,0,68
689,652,588,0,68
689,653,588,0,68
689,654,588,0,68
689,655,588,0,68
689,656,588,0,68
689,657,588,0,68
689,658,588,0,68
689,659,588,0,68
689,660,588,0,68
689,661,588,0,68
689,662,588,0,68
689,663,588,0,68
689,664,588,0,68
689,665,588,0,68
689,666,588,0,68
689,667,588,0,68
689,668,588,0,68
689,669,588,0,68
689,670,588,0,68
689,671,588,0,68
689,672,588,0,68
689,673,588,0,68
689,674,588,0,68
689,675,588,0,68
689,676,588,0,68
689,677,588,0,68
689,678,588,0,68
689,679,588,0,68
689,680,588,0,68
689,681,588,0,68
689,682,588,0,68
689,683,588,0,68
689,684,588,0,68
689,685,588,0,68
689,686,588,0,68
689,687,588,0,68
689,688,588,0,68
689,690,588,0,68
689,691,588,0,68
689,692,588,0,68
689,693,588,0,68
689,694,588,0,68
689,695,588,0,68
689,696,588,0,68
689,697,588,0,68
689,698,588,0,68
689,699,588,0,68
689,700,588,0,68
689,701,588,0,68
689,702,588,0,68
689,703,588,0,68
689,704,588,0,68
689,705,588,0,68
689,706,588,0,68
689,707,588,0,68
689,708,588,0,68
689,709,588,0,68
689,710,588,0,68
689,711,588,0,68
689,712,588,0,68
689,713,588,0,68
689,714,588,0,68
689,715,588,0,68
689,716,588,0,68
689,717,588,0,68
689,718,588,0,68
689,719,588,0,68
689,720,588,0,68
689,721,588,0,68
689,722,588,0,68
689,723,588,0,68
689,724,588,0,68
692,625,134,0,71
692,626,134,0,71
692,627,134,0,71
692,628,134,0,71
692,629,134,0,71
692,630,134,0,71
692,631,134,0,71
692,632,134,0,71
692,633,134,0,71
692,634,134,0,71
692,635,134,0,71
692,636,134,0,71
692,637,134,0,71
692,638,134,0,71
692,639,134,0,71
692,640,134,0,71
692,641,134,0,71
692,642,134,0,71
692,643,134,0,71
692,644,134,0,71
692,645,134,0,71
692,646,134,0,71
692,647,134,0,71
692,648,134,0,71
692,649,134,0,71
692,650,134,0,71
692,651,134,0,71
692,652,134,0,71
692,653,134,0,71
692,654,134,0,71
692,655,134,0,71
692,656,134,0,71
692,657,134,0,71
692,658,134,0,71
692,659,134,0,71
692,660,134,0,71
692,661,134,0,71
692,662,134,0,71
692,663,134,0,71
692,664,134,0,71
692,665,134,0,71
692,666,134,0,71
692,667,134,0,71
692,668,134,0,71
692,669,134,0,71
692,670,134,0,71
692,671,134,0,71
692,672,134,0,71
692,673,134,0,71
692,674,134,0,71
692,675,134,0,71
692,676,134,0,71
692,677,134,0,71
692,678,134,0,71
692,679,134,0,71
692,680,134,0,71
692,681,134,0,71
692,682,134,0,71
692,683,134,0,71
692,684,134,0,71
692,685,134,0,71
692,686,134,0,71
692,687,134,0,71
692,688,134,0,71
692,689,134,0,71
692,690,134,0,71
692,691,134,0,71
692,693,134,0,71
692,694,134,0,71
692,695,134,0,71
692,696,134,0,71
692,697,134,0,71
692,698,134,0,71
692,699,134,0,71
692,700,134,0,71
692,701,134,0,71
692,702,134,0,71
692,703,134,0,71
692,704,134,0,71
692,705,134,0,71
692,706,134,0,71
692,707,134,0,71
692,708,134,0,71
692,709,134,0,71
692,710,134,0,71
692,711,134,0,71
692,712,134,0,71
692,713,134,0,71
692,714,134,0,71
692,715,134,0,71
692,716,134,0,71
692,717,134,0,71
692,718,134,0,71
692,719,134,0,71
692,720,134,0,71
692,721,134,0,71
692,722,134,0,71
692,723,134,0,71
692,724,134,0,71
699,625,403,0,78
699,626,403,0,78
699,627,403,0,78
699,628,403,0,78
699,629,403,0,78
699,630,403,0,78
699,631,403,0,78
699,632,403,0,78
699,633,403,0,78
699,634,403,0,78
699,635,403,0,78
699,636,403,0,78
699,637,403,0,78
699,638,403,0,78
699,639,403,0,78
699,640,403,0,78
699,641,403,0,78
699,642,403,0,78
699,643,403,0,78
699,644,403,0,78
699,645,403,0,78
699,646,403,0,78
699,647,403,0,78
699,648,403,0,78
699,649,403,0,78
699,650,403,0,78
699,651,403,0,78
699,652,403,0,78
699,653,403,0,78
699,654,403,0,78
699,655,403,0,78
699,656,403,0,78
699,657,403,0,78
699,658,403,0,78
699,659,403,0,78
699,660,403,0,78
699,661,403,0,78
699,662,403,0,78
699,663,403,0,78
699,664,403,0,78
699,665,403,0,78
699,666,403,0,78
699,667,403,0,78
699,668,403,0,78
699,669,403,0,78
699,670,403,0,78
699,671,403,0,78
699,672,403,0,78
699,673,403,0,78
699,674,403,0,78
699,675,403,0,78
699,676,403,0,78
699,677,403,0,78
699,678,403,0,78
699,679,403,0,78
699,680,403,0,78
699,681,403,0,78
699,682,403,0,78
699,683,403,0,78
699,684,403,0,78
699,685,403,0,78
699,686,403,0,78
699,687,403,0,78
699,688,403,0,78
699,689,403,0,78
699,690,403,0,78
699,691,403,0,78
699,692,403,0,78
699,693,403,0,78
699,694,403,0,78
699,695,403,0,78
699,696,403,0,78
699,697,403,0,78
699,698,403,0,78
699,700,403,0,78
699,701,403,0,78
699,702,403,0,78
699,703,403,0,78
699,704,403,0,78
699,705,403,0,78
699,706,403,0,78
699,707,403,0,78
699,708,403,0,78
699,709,403,0,78
699,710,403,0,78
699,711,403,0,78
699,712,403,0,78
699,713,403,0,78
699,714,403,0,78
699,715,403,0,78
699,716,403,0,78
699,717,403,0,78
699,718,403,0,78
699,719,403,0,78
699,720,403,0,78
699,721,403,0,78
699,722,403,0,78
699,723,403,0,78
699,724,403,0,78
701,625,109,0,80
701,626,109,0,80
701,627,109,0,80
701,628,109,0,80
701,629,109,0,80
701,630,109,0,80
701,631,109,0,80
701,632,109,0,80
701,633,109,0,80
701,634,109,0,80
701,635,109,0,80
701,636,109,0,80
701,637,109,0,80
701,638,109,0,80
701,639,109,0,80
701,640,109,0,80
701,641,109,0,80
701,642,109,0,80
701,643,109,0,80
701,644,109,0,80
701,645,109,0,80
701,646,109,0,80
701,647,109,0,80
701,648,109,0,80
701,649,109,0,80
701,650,109,0,80
701,651,109,0,80
701,652,109,0,80
701,653,109,0,80
701,654,109,0,80
701,655,109,0,80
701,656,109,0,80
701,657,109,0,80
701,658,109,0,80
701,659,109,0,80
701,660,109,0,80
701,661,109,0,80
701,662,109,0,80
701,663,109,0,80
701,664,109,0,80
701,665,109,0,80
701,666,109,0,80
701,667,109,0,80
701,668,109,0,80
701,669,109,0,80
701,670,109,0,80
701,671,109,0,80
701,672,109,0,80
701,673,109,0,80
701,674,109,0,80
701,675,109,0,80
701,676,109,0,80
701,677,109,0,80
701,678,109,0,80
701,679,109,0,80
701,680,109,0,80
701,681,109,0,80
701,682,109,0,80
701,683,109,0,80
701,684,109,0,80
701,685,109,0,80
701,686,109,0,80
701,687,109,0,80
701,688,109,0,80
701,689,109,0,80
701,690,109,0,80
701,691,109,0,80
701,692,109,0,80
701,693,109,0,80
701,694,109,0,80
701,695,109,0,80
701,696,109,0,80
701,697,109,0,80
701,698,109,0,80
701,699,109,0,80
701,700,109,0,80
701,702,109,0,80
701,703,109,0,80
701,704,109,0,80
701,705,109,0,80
701,706,109,0,80
701,707,109,0,80
701,708,109,0,80
701,709,109,0,80
701,710,109,0,80
701,711,109,0,80
701,712,109,0,80
701,713,109,0,80
701,714,109,0,80
701,715,109,0,80
701,716,109,0,80
701,717,109,0,80
701,718,109,0,80
701,719,109,0,80
701,720,109,0,80
701,721,109,0,80
701,722,109,0,80
701,723,109,0,80
701,724,109,0,80
702,625,208,0,81
702,626,208,0,81
702,627,208,0,81
702,628,208,0,81
702,629,208,0,81
702,630,208,0,81
702,631,208,0,81
702,632,208,0,81
702,633,208,0,81
702,634,208,0,81
702,635,208,0,81
702,636,208,0,81
702,637,208,0,81
702,638,208,0,81
702,639,208,0,81
702,640,208,0,81
702,641,208,0,81
702,642,208,0,81
702,643,208,0,81
702,644,208,0,81
702,645,208,0,81
702,646,208,0,81
702,647,208,0,81
702,648,208,0,81
702,649,208,0,81
702,650,208,0,81
702,651,208,0,81
702,652,208,0,81
702,653,208,0,81
702,654,208,0,81
702,655,208,0,81
702,656,208,0,81
702,657,208,0,81
702,658,208,0,81
702,659,208,0,81
702,660,208,0,81
702,661,208,0,81
702,662,208,0,81
702,663,208,0,81
702,664,208,0,81
702,665,208,0,81
702,666,208,0,81
702,667,208,0,81
702,668,208,0,81
702,669,208,0,81
702,670,208,0,81
702,671,208,0,81
702,672,208,0,81
702,673,208,0,81
702,674,208,0,81
702,675,208,0,81
702,676,208,0,81
702,677,208,0,81
702,678,208,0,81
702,679,208,0,81
702,680,208,0,81
702,681,208,0,81
702,682,208,0,81
702,683,208,0,81
702,684,208,0,81
702,685,208,0,81
702,686,208,0,81
702,687,208,0,81
702,688,208,0,81
702,689,208,0,81
702,690,208,0,81
702,691,208,0,81
702,692,208,0,81
702,693,208,0,81
702,694,208,0,81
702,695,208,0,81
702,696,208,0,81
702,697,208,0,81
702,698,208,0,81
702,699,208,0,81
702,700,208,0,81
702,701,208,0,81
702,703,208,0,81
702,704,208,0,81
702,705,208,0,81
702,706,208,0,81
702,707,208,0,81
702,708,208,0,81
702,709,208,0,81
702,710,208,0,81
702,711,208,0,81
702,712,208,0,81
702,713,208,0,81
702,714,208,0,81
702,715,208,0,81
702,716,208,0,81
702,717,208,0,81
702,718,208,0,81
702,719,208,0,81
702,720,208,0,81
702,721,208,0,81
702,722,208,0,81
702,723,208,0,81
702,724,208,0,81
706,625,134,0,85
706,626,134,0,85
706,627,134,0,85
706,628,134,0,85
706,629,134,0,85
706,630,134,0,85
706,631,134,0,85
706,632,134,0,85
706,633,134,0,85
706,634,134,0,85
706,635,134,0,85
706,636,134,0,85
706,637,134,0,85
706,638,134,0,85
706,639,134,0,85
706,640,134,0,85
706,641,134,0,85
706,642,134,0,85
706,643,134,0,85
706,644,134,0,85
706,645,134,0,85
706,646,134,0,85
706,647,134,0,85
706,648,134,0,85
706,649,134,0,85
706,650,134,0,85
706,651,134,0,85
706,652,134,0,85
706,653,134,0,85
706,654,134,0,85
706,655,134,0,85
706,656,134,0,85
706,657,134,0,85
706,658,134,0,85
706,659,134,0,85
706,660,134,0,85
706,661,134,0,85
706,662,134,0,85
706,663,134,0,85
706,664,134,0,85
706,665,134,0,85
706,666,134,0,85
706,667,134,0,85
706,668,134,0,85
706,669,134,0,85
706,670,134,0,85
706,671,134,0,85
706,672,134,0,85
706,673,134,0,85
706,674,134,0,85
706,675,134,0,85
706,676,134,0,85
706,677,134,0,85
706,678,134,0,85
706,679,134,0,85
706,680,134,0,85
706,681,134,0,85
706,682,134,0,85
706,683,134,0,85
706,684,134,0,85
706,685,134,0,85
706,686,134,0,85
706,687,134,0,85
706,688,134,0,85
706,689,134,0,85
706,690,134,0,85
706,691,134,0,85
706,692,134,0,85
706,693,134,0,85
706,694,134,0,85
706,695,134,0,85
706,696,134,0,85
706,697,134,0,85
706,698,134,0,85
706,699,134,0,85
706,700,134,0,85
706,701,134,0,85
706,702,134,0,85
706,703,134,0,85
706,704,134,0,85
706,705,134,0,85
706,707,134,0,85
706,708,134,0,85
706,709,134,0,85
706,710,134,0,85
706,711,134,0,85
706,712,134,0,85
706,713,134,0,85
706,714,134,0,85
706,715,134,0,85
706,716,134,0,85
706,717,134,0,85
706,718,134,0,85
706,719,134,0,85
706,720,134,0,85
706,721,134,0,85
706,722,134,0,85
706,723,134,0,85
706,724,134,0,85
710,625,558,0,89
710,626,558,0,89
710,627,558,0,89
710,628,558,0,89
710,629,558,0,89
710,630,558,0,89
710,631,558,0,89
710,632,558,0,89
710,633,558,0,89
710,634,558,0,89
710,635,558,0,89
710,636,558,0,89
710,637,558,0,89
710,638,558,0,89
710,639,558,0,89
710,640,558,0,89
710,641,558,0,89
710,642,558,0,89
710,643,558,0,89
710,644,558,0,89
710,645,558,0,89
710,646,558,0,89
710,647,558,0,89
710,648,558,0,89
710,649,558,0,89
710,650,558,0,89
710,651,558,0,89
710,652,558,0,89
710,653,558,0,89
710,654,558,0,89
710,655,558,0,89
710,656,558,0,89
710,657,558,0,89
710,658,558,0,89
710,659,558,0,89
710,660,558,0,89
710,661,558,0,89
710,662,558,0,89
710,663,558,0,89
710,664,558,0,89
710,665,558,0,89
710,666,558,0,89
710,667,558,0,89
710,668,558,0,89
710,669,558,0,89
710,670,558,0,89
710,671,558,0,89
710,672,558,0,89
710,673,558,0,89
710,674,558,0,89
710,675,558,0,89
710,676,558,0,89
710,677,558,0,89
710,678,558,0,89
710,679,558,0,89
710,680,558,0,89
710,681,558,0,89
710,682,558,0,89
710,683,558,0,89
710,684,558,0,89
710,685,558,0,89
710,686,558,0,89
710,687,558,0,89
710,688,558,0,89
710,689,558,0,89
710,690,558,0,89
710,691,558,0,89
710,692,558,0,89
710,693,558,0,89
710,694,558,0,89
710,695,558,0,89
710,696,558,0,89
710,697,558,0,89
710,698,558,0,89
710,699,558,0,89
710,700,558,0,89
710,701,558,0,89
710,702,558,0,89
710,703,558,0,89
710,704,558,0,89
710,705,558,0,89
710,706,558,0,89
710,707,558,0,89
710,708,558,0,89
710,709,558,0,89
710,711,558,0,89
710,712,558,0,89
710,713,558,0,89
710,714,558,0,89
710,715,558,0,89
710,716,558,0,89
710,717,558,0,89
710,718,558,0,89
710,719,558,0,89
710,720,558,0,89
710,721,558,0,89
710,722,558,0,89
710,723,558,0,89
710,724,558,0,89
715,625,331,0,94
715,626,331,0,94
715,627,331,0,94
715,628,331,0,94
715,629,331,0,94
715,630,331,0,94
715,631,331,0,94
715,632,331,0,94
715,633,331,0,94
715,634,331,0,94
715,635,331,0,94
715,636,331,0,94
715,637,331,0,94
715,638,331,0,94
715,639,331,0,94
715,640,331,0,94
715,641,331,0,94
715,642,331,0,94
715,643,331,0,94
715,644,331,0,94
715,645,331,0,94
715,646,331,0,94
715,647,331,0,94
715,648,331,0,94
715,649,331,0,94
715,650,331,0,94
715,651,331,0,94
715,652,331,0,94
715,653,331,0,94
715,654,331,0,94
715,655,331,0,94
715,656,331,0,94
715,657,331,0,94
715,658,331,0,94
715,659,331,0,94
715,660,331,0,94
715,661,331,0,94
715,662,331,0,94
715,663,331,0,94
715,664,331,0,94
715,665,331,0,94
715,666,331,0,94
715,667,331,0,94
715,668,331,0,94
715,669,331,0,94
715,670,331,0,94
715,671,331,0,94
715,672,331,0,94
715,673,331,0,94
715,674,331,0,94
715,675,331,0,94
715,676,331,0,94
715,677,331,0,94
715,678,331,0,94
715,679,331,0,94
715,680,331,0,94
715,681,331,0,94
715,682,331,0,94
715,683,331,0,94
715,684,331,0,94
715,685,331,0,94
715,686,331,0,94
715,687,331,0,94
715,688,331,0,94
715,689,331,0,94
715,690,331,0,94
715,691,331,0,94
715,692,331,0,94
715,693,331,0,94
715,694,331,0,94
715,695,331,0,94
715,696,331,0,94
715,697,331,0,94
715,698,331,0,94
715,699,331,0,94
715,700,331,0,94
715,701,331,0,94
715,702,331,0,94
715,703,331,0,94
715,704,331,0,94
715,705,331,0,94
715,706,331,0,94
715,707,331,0,94
715,708,331,0,94
715,709,331,0,94
715,710,331,0,94
715,711,331,0,94
715,712,331,0,94
715,713,331,0,94
715,714,331,0,94
715,716,331,0,94
715,717,331,0,94
715,718,331,0,94
715,719,331,0,94
715,720,331,0,94
715,721,331,0,94
715,722,331,0,94
715,723,331,0,94
715,724,331,0,94
717,625,232,0,96
717,626,232,0,96
717,627,232,0,96
717,628,232,0,96
717,629,232,0,96
717,630,232,0,96
717,631,232,0,96
717,632,232,0,96
717,633,232,0,96
717,634,232,0,96
717,635,232,0,96
717,636,232,0,96
717,637,232,0,96
717,638,232,0,96
717,639,232,0,96
717,640,232,0,96
717,641,232,0,96
717,642,232,0,96
717,643,232,0,96
717,644,232,0,96
717,645,232,0,96
717,646,232,0,96
717,647,232,0,96
717,648,232,0,96
717,649,232,0,96
717,650,232,0,96
717,651,232,0,96
717,652,232,0,96
717,653,232,0,96
717,654,232,0,96
717,655,232,0,96
717,656,232,0,96
717,657,232,0,96
717,658,232,0,96
717,659,232,0,96
717,660,232,0,96
717,661,232,0,96
717,662,232,0,96
717,663,232,0,96
717,664,232,0,96
717,665,232,0,96
717,666,232,0,96
717,667,232,0,96
717,668,232,0,96
717,669,232,0,96
717,670,232,0,96
717,671,232,0,96
717,672,232,0,96
717,673,232,0,96
717,674,232,0,96
717,675,232,0,96
717,676,232,0,96
717,677,232,0,96
717,678,232,0,96
717,679,232,0,96
717,680,232,0,96
717,681,232,0,96
717,682,232,0,96
717,683,232,0,96
717,684,232,0,96
717,685,232,0,96
717,686,232,0,96
717,687,232,0,96
717,688,232,0,96
717,689,232,0,96
717,690,232,0,96
717,691,232,0,96
717,692,232,0,96
717,693,232,0,96
717,694,232,0,96
717,695,232,0,96
717,696,232,0,96
717,697,232,0,96
717,698,232,0,96
717,699,232,0,96
717,700,232,0,96
717,701,232,0,96
717,702,232,0,96
717,703,232,0,96
717,704,232,0,96
717,705,232,0,96
717,706,232,0,96
717,707,232,0,96
717,708,232,0,96
717,709,232,0,96
717,710,232,0,96
717,711,232,0,96
717,712,232,0,96
717,713,232,0,96
717,714,232,0,96
717,715,232,0,96
717,716,232,0,96
717,718,232,0,96
717,719,232,0,96
717,720,232,0,96
717,721,232,0,96
717,722,232,0,96
717,723,232,0,96
717,724,232,0,96
721,625,159,0,100
721,626,159,0,100
721,627,159,0,100
721,628,159,0,100
721,629,159,0,100
721,630,159,0,100
721,631,159,0,100
721,632,159,0,100
721,633,159,0,100
721,634,159,0,100
721,635,159,0,100
721,636,159,0,100
721,637,159,0,100
721,638,159,0,100
721,639,159,0,100
721,640,159,0,100
721,641,159,0,100
721,642,159,0,100
721,643,159,0,100
721,644,159,0,100
721,645,159,0,100
721,646,159,0,100
721,647,159,0,100
721,648,159,0,100
721,649,159,0,100
721,650,159,0,100
721,651,159,0,100
721,652,159,0,100
721,653,159,0,100
721,654,159,0,100
721,655,159,0,100
721,656,159,0,100
721,657,159,0,100
721,658,159,0,100
721,659,159,0,100
721,660,159,0,100
721,661,159,0,100
721,662,159,0,100
721,663,159,0,100
721,664,159,0,100
721,665,159,0,100
721,666,159,0,100
721,667,159,0,100
721,668,159,0,100
721,669,159,0,100
721,670,159,0,100
721,671,159,0,100
721,672,159,0,100
721,673,159,0,100
721,674,159,0,100
721,675,159,0,100
721,676,159,0,100
721,677,159,0,100
721,678,159,0,100
721,679,159,0,100
721,680,159,0,100
721,681,159,0,100
721,682,159,0,100
721,683,159,0,100
721,684,159,0,100
721,685,159,0,100
721,686,159,0,100
721,687,159,0,100
721,688,159,0,100
721,689,159,0,100
721,690,159,0,100
721,691,159,0,100
721,692,159,0,100
721,693,159,0,100
721,694,159,0,100
721,695,159,0,100
721,696,159,0,100
721,697,159,0,100
721,698,159,0,100
721,699,159,0,100
721,700,159,0,100
721,701,159,0,100
721,702,159,0,100
721,703,159,0,100
721,704,159,0,100
721,705,159,0,100
721,706,159,0,100
721,707,159,0,100
721,708,159,0,100
721,709,159,0,100
721,710,159,0,100
721,711,159,0,100
721,712,159,0,100
721,713,159,0,100
721,714,159,0,100
721,715,159,0,100
721,716,159,0,100
721,717,159,0,100
721,718,159,0,100
721,719,159,0,100
721,720,159,0,100
721,722,159,0,100
721,723,159,0,100
721,724,159,0,100
