0,641,1,0,0
0,650,25,1,0
0,653,25,1,0
0,677,1,0,0
0,678,600,3,2
0,695,25,1,0
3,625,625,4,0
3,650,28,2,0
3,653,28,2,0
3,678,603,3,3
3,695,28,2,0
4,625,3,0,1
4,641,29,2,0
4,650,29,2,0
4,653,29,2,0
4,678,604,3,3
4,695,29,2,0
4,709,5,1,0
5,634,30,2,0
5,641,30,2,0
5,650,30,2,0
5,653,30,2,0
5,678,605,3,3
5,682,30,2,0
5,683,605,3,3
5,687,4,0,1
5,695,30,2,0
5,705,30,2,0
5,709,6,1,0
5,710,605,3,3
5,720,30,2,0
6,634,31,2,0
6,638,606,3,3
6,641,31,2,0
6,650,31,2,0
6,653,31,2,0
6,657,606,3,3
6,665,7,1,0
6,678,606,3,3
6,682,31,2,0
6,683,606,3,3
6,687,31,2,0
6,695,31,2,0
6,705,31,2,0
6,708,31,2,0
6,709,7,1,0
6,710,606,3,3
6,720,31,2,0
7,634,32,2,0
7,638,607,3,3
7,641,32,2,0
7,650,32,2,0
7,653,32,2,0
7,657,607,3,3
7,665,8,1,0
7,678,607,3,3
7,682,32,2,0
7,683,607,3,3
7,687,32,2,0
7,695,32,2,0
7,705,32,2,0
7,708,32,2,0
7,709,8,1,0
7,710,607,3,3
7,720,32,2,0
7,721,32,2,0
8,634,33,2,0
8,641,33,2,0
8,650,33,2,0
8,653,33,2,0
8,665,33,2,0
8,678,608,3,3
8,683,608,3,3
8,687,33,2,0
8,695,33,2,0
8,705,33,2,0
8,708,33,2,0
8,709,33,2,0
9,634,8,0,1
9,638,8,0,1
9,641,8,0,1
9,650,8,0,1
9,653,8,0,1
9,657,8,0,1
9,665,34,2,0
9,678,8,0,1
9,682,8,0,1
9,683,8,0,1
9,687,8,0,1
9,692,8,0,1
9,695,8,0,1
9,705,8,0,1
9,708,8,0,1
9,709,34,2,0
9,710,8,0,1
9,720,8,0,1
10,634,9,0,1
10,641,9,0,1
10,650,9,0,1
10,653,9,0,1
10,657,9,0,1
10,665,35,2,0
10,678,9,0,1
10,682,9,0,1
10,683,9,0,1
10,687,9,0,1
10,695,9,0,1
10,705,9,0,1
10,708,9,0,1
10,709,35,2,0
10,710,9,0,1
10,720,9,0,1
11,634,10,0,1
11,641,10,0,1
11,650,10,0,1
11,653,10,0,1
11,678,10,0,1
11,682,10,0,1
11,683,10,0,1
11,687,12,1,0
11,695,10,0,1
11,705,10,0,1
11,709,36,2,0
11,710,10,0,1
11,720,10,0,1
12,641,11,0,1
12,650,11,0,1
12,653,11,0,1
12,678,11,0,1
12,695,11,0,1
13,641,12,0,1
13,650,12,0,1
13,653,12,0,1
13,677,12,0,1
13,678,12,0,1
13,695,12,0,1
16,625,17,1,0
16,641,15,0,1
16,650,17,1,0
16,653,17,1,0
16,677,15,0,1
16,678,17,1,0
16,695,17,1,0
17,634,18,1,0
17,641,18,1,0
17,650,18,1,0
17,653,18,1,0
17,678,18,1,0
17,687,18,1,0
17,695,18,1,0
17,709,16,0,1
18,634,19,1,0
18,641,19,1,0
18,650,19,1,0
18,653,19,1,0
18,665,43,2,0
18,678,19,1,0
18,682,19,1,0
18,683,19,1,0
18,687,19,1,0
18,695,19,1,0
18,705,19,1,0
18,709,43,2,0
18,710,19,1,0
18,720,19,1,0
19,634,20,1,0
19,638,20,1,0
19,641,20,1,0
19,650,20,1,0
19,653,20,1,0
19,657,20,1,0
19,665,44,2,0
19,678,20,1,0
19,682,20,1,0
19,683,20,1,0
19,687,20,1,0
19,695,20,1,0
19,705,20,1,0
19,708,20,1,0
19,709,44,2,0
19,710,20,1,0
19,720,20,1,0
20,634,21,1,0
20,638,21,1,0
20,641,21,1,0
20,650,21,1,0
20,653,21,1,0
20,657,21,1,0
20,665,45,2,0
20,678,21,1,0
20,682,21,1,0
20,683,21,1,0
20,687,21,1,0
20,692,19,0,1
20,695,21,1,0
20,705,21,1,0
20,708,21,1,0
20,709,45,2,0
20,710,21,1,0
20,720,21,1,0
20,721,21,1,0
21,634,46,2,0
21,641,46,2,0
21,650,46,2,0
21,653,46,2,0
21,665,46,2,0
21,678,621,3,3
21,683,621,3,3
21,687,46,2,0
21,692,22,1,0
21,695,46,2,0
21,705,46,2,0
21,708,46,2,0
21,709,46,2,0
21,721,46,2,0
22,634,47,2,0
22,638,622,3,3
22,641,47,2,0
22,650,47,2,0
22,653,47,2,0
22,657,622,3,3
22,665,21,0,1
22,678,622,3,3
22,682,47,2,0
22,683,622,3,3
22,687,47,2,0
22,695,47,2,0
22,705,47,2,0
22,708,47,2,0
22,709,21,0,1
22,710,622,3,3
22,720,47,2,0
23,634,48,2,0
23,641,48,2,0
23,650,48,2,0
23,653,48,2,0
23,665,22,0,1
23,678,623,3,3
23,682,48,2,0
23,683,623,3,3
23,687,48,2,0
23,695,48,2,0
23,705,48,2,0
23,709,22,0,1
23,710,623,3,3
23,720,48,2,0
24,634,49,2,0
24,641,49,2,0
24,650,49,2,0
24,653,49,2,0
24,678,624,3,3
24,695,49,2,0
24,709,0,1,2
25,625,0,0,1
25,641,26,1,1
25,650,50,2,0
25,653,50,2,0
25,677,26,1,1
25,678,0,0,1
25,695,50,2,0
28,625,3,0,2
28,650,53,3,0
28,653,53,3,0
28,678,3,0,2
28,695,53,3,0
29,641,54,3,0
29,650,54,3,0
29,653,54,3,0
29,678,4,0,2
29,695,54,3,0
29,709,30,2,1
30,634,55,3,0
30,641,55,3,0
30,650,55,3,0
30,653,55,3,0
30,678,5,0,2
30,682,55,3,0
30,683,5,0,2
30,687,29,1,2
30,695,55,3,0
30,705,55,3,0
30,709,31,2,1
30,710,5,0,2
30,720,55,3,0
31,634,56,3,0
31,638,6,0,2
31,641,56,3,0
31,650,56,3,0
31,653,56,3,0
31,657,6,0,2
31,665,32,2,1
31,678,6,0,2
31,682,56,3,0
31,683,6,0,2
31,687,56,3,0
31,695,56,3,0
31,705,56,3,0
31,708,56,3,0
31,709,32,2,1
31,710,6,0,2
31,720,56,3,0
32,634,57,3,0
32,638,7,0,2
32,641,57,3,0
32,650,57,3,0
32,653,57,3,0
32,657,7,0,2
32,665,33,2,1
32,678,7,0,2
32,682,57,3,0
32,683,7,0,2
32,687,57,3,0
32,695,57,3,0
32,705,57,3,0
32,708,57,3,0
32,709,33,2,1
32,710,7,0,2
32,720,57,3,0
32,721,57,3,0
33,634,58,3,0
33,641,58,3,0
33,650,58,3,0
33,653,58,3,0
33,665,58,3,0
33,678,8,0,2
33,682,58,3,0
33,683,8,0,2
33,687,58,3,0
33,695,58,3,0
33,705,58,3,0
33,708,58,3,0
33,709,58,3,0
34,634,33,1,2
34,638,33,1,2
34,641,33,1,2
34,650,33,1,2
34,653,33,1,2
34,657,33,1,2
34,665,59,3,0
34,678,33,1,2
34,682,33,1,2
34,683,33,1,2
34,687,33,1,2
34,692,33,1,2
34,695,33,1,2
34,705,33,1,2
34,708,33,1,2
34,709,59,3,0
34,710,33,1,2
34,720,33,1,2
35,634,34,1,2
35,641,34,1,2
35,650,34,1,2
35,653,34,1,2
35,657,34,1,2
35,665,60,3,0
35,678,34,1,2
35,682,34,1,2
35,683,34,1,2
35,687,34,1,2
35,695,34,1,2
35,705,34,1,2
35,708,34,1,2
35,709,60,3,0
35,710,34,1,2
35,720,34,1,2
36,634,35,1,2
36,641,35,1,2
36,650,35,1,2
36,653,35,1,2
36,678,35,1,2
36,682,35,1,2
36,683,35,1,2
36,687,37,2,1
36,695,35,1,2
36,705,35,1,2
36,709,61,3,0
36,710,35,1,2
36,720,35,1,2
37,641,36,1,2
37,650,36,1,2
37,653,36,1,2
37,678,36,1,2
37,695,36,1,2
38,641,37,1,2
38,650,37,1,2
38,653,37,1,2
38,677,37,1,2
38,678,37,1,2
38,695,37,1,2
41,625,42,2,1
41,641,40,1,2
41,650,42,2,1
41,653,42,2,1
41,677,40,1,2
41,678,42,2,1
41,695,42,2,1
42,634,43,2,1
42,641,43,2,1
42,650,43,2,1
42,653,43,2,1
42,678,43,2,1
42,687,43,2,1
42,695,43,2,1
42,709,41,1,2
43,634,44,2,1
43,641,44,2,1
43,650,44,2,1
43,653,44,2,1
43,665,68,3,0
43,678,44,2,1
43,682,44,2,1
43,683,44,2,1
43,687,44,2,1
43,695,44,2,1
43,705,44,2,1
43,709,68,3,0
43,710,44,2,1
43,720,44,2,1
44,634,45,2,1
44,638,45,2,1
44,641,45,2,1
44,650,45,2,1
44,653,45,2,1
44,657,45,2,1
44,665,69,3,0
44,678,45,2,1
44,682,45,2,1
44,683,45,2,1
44,687,45,2,1
44,695,45,2,1
44,705,45,2,1
44,708,45,2,1
44,709,69,3,0
44,710,45,2,1
44,720,45,2,1
45,634,46,2,1
45,638,46,2,1
45,641,46,2,1
45,650,46,2,1
45,653,46,2,1
45,657,46,2,1
45,665,70,3,0
45,678,46,2,1
45,682,46,2,1
45,683,46,2,1
45,687,46,2,1
45,692,44,1,2
45,695,46,2,1
45,705,46,2,1
45,708,46,2,1
45,709,70,3,0
45,710,46,2,1
45,720,46,2,1
45,721,46,2,1
46,634,71,3,0
46,641,71,3,0
46,650,71,3,0
46,653,71,3,0
46,665,71,3,0
46,678,21,0,2
46,682,71,3,0
46,683,21,0,2
46,687,71,3,0
46,692,47,2,1
46,695,71,3,0
46,705,71,3,0
46,708,71,3,0
46,709,71,3,0
46,721,71,3,0
47,634,72,3,0
47,638,22,0,2
47,641,72,3,0
47,650,72,3,0
47,653,72,3,0
47,657,22,0,2
47,665,46,1,2
47,678,22,0,2
47,682,72,3,0
47,683,22,0,2
47,687,72,3,0
47,695,72,3,0
47,705,72,3,0
47,708,72,3,0
47,709,46,1,2
47,710,22,0,2
47,720,72,3,0
48,634,73,3,0
48,641,73,3,0
48,650,73,3,0
48,653,73,3,0
48,665,47,1,2
48,678,23,0,2
48,682,73,3,0
48,683,23,0,2
48,687,73,3,0
48,695,73,3,0
48,705,73,3,0
48,709,47,1,2
48,710,23,0,2
48,720,73,3,0
49,634,74,3,0
49,641,74,3,0
49,650,74,3,0
49,653,74,3,0
49,678,24,0,2
49,695,74,3,0
49,709,25,2,3
50,625,25,0,2
50,641,51,1,1
50,650,51,1,1
50,653,75,2,0
50,677,51,1,1
50,678,25,0,2
50,695,75,2,0
53,625,28,0,3
53,650,650,29,0
53,653,78,3,0
53,678,28,0,3
53,695,78,3,0
54,641,641,20,0
54,650,53,1,2
54,653,79,3,0
54,678,29,0,3
54,695,79,3,0
54,709,55,2,1
55,634,80,3,0
55,641,54,1,2
55,650,54,1,2
55,653,80,3,0
55,678,30,0,3
55,682,80,3,0
55,683,80,3,0
55,687,54,1,2
55,695,80,3,0
55,705,80,3,0
55,709,56,2,1
55,710,30,0,3
55,720,80,3,0
56,634,81,3,0
56,638,31,0,3
56,641,55,1,2
56,650,55,1,2
56,653,81,3,0
56,657,31,0,3
56,665,57,2,1
56,678,31,0,3
56,682,81,3,0
56,683,81,3,0
56,687,81,3,0
56,695,81,3,0
56,705,81,3,0
56,708,81,3,0
56,709,57,2,1
56,710,31,0,3
56,720,81,3,0
57,634,82,3,0
57,638,32,0,3
57,641,56,1,2
57,650,56,1,2
57,653,82,3,0
57,657,32,0,3
57,665,58,2,1
57,678,32,0,3
57,682,82,3,0
57,683,82,3,0
57,687,82,3,0
57,695,82,3,0
57,705,82,3,0
57,708,82,3,0
57,709,58,2,1
57,710,32,0,3
57,720,82,3,0
57,721,82,3,0
58,634,83,3,0
58,641,57,1,2
58,650,57,1,2
58,653,83,3,0
58,665,83,3,0
58,678,33,0,3
58,682,83,3,0
58,687,83,3,0
58,692,83,3,0
58,695,83,3,0
58,705,83,3,0
58,708,83,3,0
59,634,58,1,2
59,638,58,1,2
59,641,58,1,2
59,650,58,1,2
59,653,58,1,2
59,657,58,1,2
59,665,84,3,0
59,678,58,1,2
59,682,58,1,2
59,683,58,1,2
59,687,58,1,2
59,692,58,1,2
59,695,58,1,2
59,705,58,1,2
59,708,58,1,2
59,709,84,3,0
59,710,58,1,2
59,720,58,1,2
60,634,59,1,2
60,641,59,1,2
60,650,59,1,2
60,653,59,1,2
60,657,59,1,2
60,665,85,3,0
60,678,59,1,2
60,682,59,1,2
60,683,59,1,2
60,687,59,1,2
60,695,59,1,2
60,705,59,1,2
60,708,59,1,2
60,709,85,3,0
60,710,59,1,2
60,720,59,1,2
61,634,60,1,2
61,641,60,1,2
61,650,60,1,2
61,653,60,1,2
61,678,60,1,2
61,682,60,1,2
61,683,60,1,2
61,687,62,2,1
61,695,60,1,2
61,705,60,1,2
61,709,86,3,0
61,710,60,1,2
61,720,60,1,2
62,641,61,1,2
62,650,61,1,2
62,653,61,1,2
62,678,61,1,2
62,695,61,1,2
63,641,62,1,2
63,650,62,1,2
63,653,62,1,2
63,677,62,1,2
63,678,62,1,2
63,695,62,1,2
66,625,67,2,1
66,641,65,1,2
66,650,67,2,1
66,653,67,2,1
66,677,65,1,2
66,678,67,2,1
66,695,67,2,1
67,634,68,2,1
67,641,68,2,1
67,650,68,2,1
67,653,68,2,1
67,678,68,2,1
67,687,68,2,1
67,695,68,2,1
67,709,66,1,2
68,634,69,2,1
68,641,69,2,1
68,650,69,2,1
68,653,69,2,1
68,665,93,3,0
68,678,69,2,1
68,682,69,2,1
68,683,69,2,1
68,687,69,2,1
68,695,69,2,1
68,705,69,2,1
68,709,93,3,0
68,710,69,2,1
68,720,69,2,1
69,634,70,2,1
69,638,70,2,1
69,641,70,2,1
69,650,70,2,1
69,653,70,2,1
69,657,70,2,1
69,665,94,3,0
69,678,70,2,1
69,682,70,2,1
69,683,70,2,1
69,687,70,2,1
69,695,70,2,1
69,705,70,2,1
69,708,70,2,1
69,709,94,3,0
69,710,70,2,1
69,720,70,2,1
70,634,71,2,1
70,638,71,2,1
70,641,71,2,1
70,650,71,2,1
70,653,71,2,1
70,657,71,2,1
70,665,95,3,0
70,678,71,2,1
70,682,71,2,1
70,683,71,2,1
70,687,71,2,1
70,695,71,2,1
70,705,71,2,1
70,708,71,2,1
70,709,95,3,0
70,710,71,2,1
70,720,71,2,1
70,721,71,2,1
71,634,96,3,0
71,641,72,2,1
71,650,72,2,1
71,653,96,3,0
71,665,96,3,0
71,678,46,0,3
71,682,96,3,0
71,687,96,3,0
71,692,72,2,1
71,695,96,3,0
71,705,96,3,0
71,708,96,3,0
71,721,96,3,0
72,634,97,3,0
72,638,47,0,3
72,641,73,2,1
72,650,73,2,1
72,653,97,3,0
72,657,47,0,3
72,665,71,1,2
72,678,47,0,3
72,682,97,3,0
72,683,97,3,0
72,687,97,3,0
72,695,97,3,0
72,705,97,3,0
72,708,97,3,0
72,709,71,1,2
72,710,47,0,3
72,720,97,3,0
73,634,98,3,0
73,641,74,2,1
73,650,74,2,1
73,653,98,3,0
73,665,72,1,2
73,678,48,0,3
73,682,98,3,0
73,683,98,3,0
73,687,98,3,0
73,695,98,3,0
73,705,98,3,0
73,709,72,1,2
73,710,48,0,3
73,720,98,3,0
74,634,99,3,0
74,641,50,2,3
74,650,50,2,3
74,653,99,3,0
74,678,49,0,3
74,695,99,3,0
74,709,50,2,3
75,625,50,0,2
75,641,76,1,1
75,650,50,0,2
75,653,100,2,0
75,677,76,1,1
75,678,50,0,2
75,695,100,2,0
78,625,53,0,3
78,650,53,0,3
78,653,103,3,0
78,678,53,0,3
78,695,103,3,0
79,641,54,0,3
79,650,54,0,3
79,653,104,3,0
79,678,54,0,3
79,695,104,3,0
79,709,80,2,1
80,634,105,3,0
80,641,55,0,3
80,650,55,0,3
80,653,105,3,0
80,678,55,0,3
80,682,105,3,0
80,683,105,3,0
80,687,79,1,2
80,695,105,3,0
80,705,105,3,0
80,709,81,2,1
80,710,55,0,3
80,720,105,3,0
81,634,106,3,0
81,638,56,0,3
81,641,56,0,3
81,650,56,0,3
81,653,106,3,0
81,657,56,0,3
81,665,82,2,1
81,678,56,0,3
81,682,106,3,0
81,683,106,3,0
81,687,106,3,0
81,695,106,3,0
81,705,106,3,0
81,708,106,3,0
81,709,82,2,1
81,710,56,0,3
81,720,106,3,0
82,634,107,3,0
82,638,57,0,3
82,641,57,0,3
82,650,57,0,3
82,653,107,3,0
82,657,57,0,3
82,665,83,2,1
82,678,57,0,3
82,682,107,3,0
82,683,107,3,0
82,687,107,3,0
82,695,107,3,0
82,705,107,3,0
82,708,107,3,0
82,709,83,2,1
82,710,57,0,3
82,720,107,3,0
82,721,107,3,0
83,634,108,3,0
83,653,108,3,0
83,665,108,3,0
83,678,58,0,3
83,682,108,3,0
83,692,692,71,0
83,695,108,3,0
83,705,108,3,0
83,708,108,3,0
83,710,58,0,3
83,720,108,3,0
84,634,83,1,2
84,638,83,1,2
84,641,83,1,2
84,650,83,1,2
84,653,83,1,2
84,657,83,1,2
84,665,109,3,0
84,678,83,1,2
84,682,83,1,2
84,683,83,1,2
84,687,83,1,2
84,692,83,1,2
84,695,83,1,2
84,705,83,1,2
84,708,83,1,2
84,709,109,3,0
84,710,83,1,2
84,720,83,1,2
85,634,84,1,2
85,641,84,1,2
85,650,84,1,2
85,653,84,1,2
85,657,84,1,2
85,665,110,3,0
85,678,84,1,2
85,682,84,1,2
85,683,84,1,2
85,687,84,1,2
85,695,84,1,2
85,705,84,1,2
85,708,84,1,2
85,709,110,3,0
85,710,84,1,2
85,720,84,1,2
86,634,85,1,2
86,641,85,1,2
86,650,85,1,2
86,653,85,1,2
86,678,85,1,2
86,682,85,1,2
86,683,85,1,2
86,687,87,2,1
86,695,85,1,2
86,705,85,1,2
86,709,111,3,0
86,710,85,1,2
86,720,85,1,2
87,641,86,1,2
87,650,86,1,2
87,653,86,1,2
87,678,86,1,2
87,695,86,1,2
88,641,87,1,2
88,650,87,1,2
88,653,87,1,2
88,677,87,1,2
88,678,87,1,2
88,695,87,1,2
91,625,92,2,1
91,641,90,1,2
91,650,92,2,1
91,653,92,2,1
91,677,90,1,2
91,678,92,2,1
91,695,92,2,1
92,634,93,2,1
92,641,93,2,1
92,650,93,2,1
92,653,93,2,1
92,678,93,2,1
92,687,93,2,1
92,695,93,2,1
92,709,91,1,2
93,634,94,2,1
93,641,94,2,1
93,650,94,2,1
93,653,94,2,1
93,665,118,3,0
93,678,94,2,1
93,682,94,2,1
93,683,94,2,1
93,687,94,2,1
93,695,94,2,1
93,705,94,2,1
93,709,118,3,0
93,710,94,2,1
93,720,94,2,1
94,634,95,2,1
94,638,95,2,1
94,641,95,2,1
94,650,95,2,1
94,653,95,2,1
94,657,95,2,1
94,665,119,3,0
94,678,95,2,1
94,682,95,2,1
94,683,95,2,1
94,687,95,2,1
94,695,95,2,1
94,705,95,2,1
94,708,95,2,1
94,709,119,3,0
94,710,95,2,1
94,720,95,2,1
95,634,96,2,1
95,638,96,2,1
95,641,96,2,1
95,650,96,2,1
95,653,96,2,1
95,657,96,2,1
95,665,120,3,0
95,678,96,2,1
95,682,96,2,1
95,683,96,2,1
95,687,96,2,1
95,692,94,1,2
95,695,96,2,1
95,705,96,2,1
95,708,96,2,1
95,709,120,3,0
95,710,96,2,1
95,720,96,2,1
95,721,96,2,1
96,634,121,3,0
96,653,121,3,0
96,665,121,3,0
96,678,71,0,3
96,682,121,3,0
96,692,97,2,1
96,695,121,3,0
96,705,121,3,0
96,708,121,3,0
96,710,71,0,3
96,720,121,3,0
96,721,121,3,0
97,634,122,3,0
97,638,72,0,3
97,641,72,0,3
97,650,72,0,3
97,653,122,3,0
97,657,72,0,3
97,665,96,1,2
97,678,72,0,3
97,682,122,3,0
97,683,122,3,0
97,687,122,3,0
97,695,122,3,0
97,705,122,3,0
97,708,122,3,0
97,709,96,1,2
97,710,72,0,3
97,720,122,3,0
98,634,123,3,0
98,641,73,0,3
98,650,73,0,3
98,653,123,3,0
98,665,97,1,2
98,678,73,0,3
98,682,123,3,0
98,683,123,3,0
98,687,123,3,0
98,695,123,3,0
98,705,123,3,0
98,709,97,1,2
98,710,73,0,3
98,720,123,3,0
99,634,124,3,0
99,641,74,0,3
99,650,74,0,3
99,653,124,3,0
99,678,74,0,3
99,695,124,3,0
99,709,75,2,3
100,625,75,0,2
100,641,101,1,1
100,650,75,0,2
100,653,125,2,0
100,677,101,1,1
100,678,125,2,0
100,695,125,2,0
103,625,78,0,3
103,650,78,0,3
103,653,128,3,0
103,678,128,3,0
103,695,128,3,0
104,641,79,0,3
104,650,79,0,3
104,653,129,3,0
104,678,129,3,0
104,695,129,3,0
104,709,105,2,1
105,634,130,3,0
105,641,80,0,3
105,650,80,0,3
105,653,130,3,0
105,678,130,3,0
105,682,130,3,0
105,683,130,3,0
105,687,104,1,2
105,695,130,3,0
105,705,130,3,0
105,709,106,2,1
105,710,80,0,3
105,720,130,3,0
106,634,131,3,0
106,638,81,0,3
106,641,81,0,3
106,650,81,0,3
106,653,131,3,0
106,657,81,0,3
106,665,107,2,1
106,678,131,3,0
106,682,131,3,0
106,683,131,3,0
106,687,131,3,0
106,695,131,3,0
106,705,131,3,0
106,708,131,3,0
106,709,107,2,1
106,710,81,0,3
106,720,131,3,0
107,634,132,3,0
107,638,82,0,3
107,641,82,0,3
107,650,82,0,3
107,653,132,3,0
107,657,82,0,3
107,665,108,2,1
107,678,132,3,0
107,682,132,3,0
107,683,132,3,0
107,687,132,3,0
107,695,132,3,0
107,705,132,3,0
107,708,132,3,0
107,709,108,2,1
107,710,82,0,3
107,720,132,3,0
107,721,132,3,0
108,634,133,3,0
108,641,83,0,3
108,650,83,0,3
108,653,133,3,0
108,665,133,3,0
108,682,133,3,0
108,695,133,3,0
108,705,133,3,0
108,708,133,3,0
108,710,83,0,3
108,720,133,3,0
109,634,108,1,2
109,638,108,1,2
109,641,108,1,2
109,650,108,1,2
109,653,108,1,2
109,657,108,1,2
109,665,134,3,0
109,678,108,1,2
109,682,108,1,2
109,683,108,1,2
109,687,108,1,2
109,692,108,1,2
109,695,108,1,2
109,705,108,1,2
109,708,108,1,2
109,709,134,3,0
109,710,108,1,2
109,720,108,1,2
110,634,109,1,2
110,641,109,1,2
110,650,109,1,2
110,653,109,1,2
110,657,109,1,2
110,665,135,3,0
110,678,109,1,2
110,682,109,1,2
110,683,109,1,2
110,687,109,1,2
110,695,109,1,2
110,705,109,1,2
110,708,109,1,2
110,709,135,3,0
110,710,109,1,2
110,720,109,1,2
111,634,110,1,2
111,641,110,1,2
111,650,110,1,2
111,653,110,1,2
111,678,110,1,2
111,682,110,1,2
111,683,110,1,2
111,687,112,2,1
111,695,110,1,2
111,705,110,1,2
111,709,136,3,0
111,710,110,1,2
111,720,110,1,2
112,641,111,1,2
112,650,111,1,2
112,653,111,1,2
112,677,677,56,0
112,678,111,1,2
112,695,111,1,2
113,641,112,1,2
113,650,112,1,2
113,653,112,1,2
113,677,112,1,2
113,678,112,1,2
113,695,112,1,2
116,625,117,2,1
116,641,115,1,2
116,650,117,2,1
116,653,117,2,1
116,678,117,2,1
116,695,117,2,1
117,634,118,2,1
117,641,118,2,1
117,650,118,2,1
117,653,118,2,1
117,678,118,2,1
117,687,118,2,1
117,695,118,2,1
117,709,116,1,2
118,634,119,2,1
118,641,119,2,1
118,650,119,2,1
118,653,119,2,1
118,665,143,3,0
118,678,119,2,1
118,682,119,2,1
118,683,119,2,1
118,687,119,2,1
118,695,119,2,1
118,705,119,2,1
118,709,143,3,0
118,710,119,2,1
118,720,119,2,1
119,634,120,2,1
119,638,120,2,1
119,641,120,2,1
119,650,120,2,1
119,653,120,2,1
119,657,120,2,1
119,665,144,3,0
119,678,120,2,1
119,682,120,2,1
119,683,120,2,1
119,687,120,2,1
119,695,120,2,1
119,705,120,2,1
119,708,120,2,1
119,709,144,3,0
119,710,120,2,1
119,720,120,2,1
120,634,121,2,1
120,638,121,2,1
120,641,121,2,1
120,650,121,2,1
120,653,121,2,1
120,657,121,2,1
120,665,145,3,0
120,678,121,2,1
120,682,121,2,1
120,683,121,2,1
120,687,121,2,1
120,692,119,1,2
120,695,121,2,1
120,705,121,2,1
120,708,121,2,1
120,709,145,3,0
120,710,121,2,1
120,720,121,2,1
120,721,121,2,1
121,634,146,3,0
121,641,96,0,3
121,650,96,0,3
121,653,146,3,0
121,665,146,3,0
121,682,146,3,0
121,692,122,2,1
121,695,146,3,0
121,705,146,3,0
121,708,146,3,0
121,710,96,0,3
121,720,146,3,0
121,721,146,3,0
122,634,147,3,0
122,638,97,0,3
122,641,97,0,3
122,650,97,0,3
122,653,147,3,0
122,657,97,0,3
122,665,121,1,2
122,678,147,3,0
122,682,147,3,0
122,683,147,3,0
122,687,147,3,0
122,695,147,3,0
122,705,147,3,0
122,708,147,3,0
122,709,121,1,2
122,710,97,0,3
122,720,147,3,0
123,634,148,3,0
123,641,98,0,3
123,650,98,0,3
123,653,148,3,0
123,665,122,1,2
123,678,148,3,0
123,682,148,3,0
123,683,148,3,0
123,687,148,3,0
123,695,148,3,0
123,705,148,3,0
123,709,122,1,2
123,710,98,0,3
123,720,148,3,0
124,634,149,3,0
124,641,99,0,3
124,650,99,0,3
124,653,149,3,0
124,678,149,3,0
124,695,149,3,0
124,709,100,2,3
125,625,100,0,2
125,641,126,1,1
125,650,100,0,2
125,653,150,2,0
125,677,126,1,1
125,678,150,2,0
125,695,150,2,0
128,625,103,0,3
128,650,103,0,3
128,653,153,3,0
128,678,153,3,0
128,695,153,3,0
129,641,104,0,3
129,650,104,0,3
129,653,154,3,0
129,678,154,3,0
129,695,154,3,0
129,709,130,2,1
130,634,155,3,0
130,641,105,0,3
130,650,105,0,3
130,653,155,3,0
130,678,155,3,0
130,682,155,3,0
130,683,155,3,0
130,687,129,1,2
130,695,155,3,0
130,705,155,3,0
130,709,131,2,1
130,710,105,0,3
130,720,155,3,0
131,634,156,3,0
131,638,106,0,3
131,641,106,0,3
131,650,106,0,3
131,653,156,3,0
131,657,106,0,3
131,665,132,2,1
131,678,156,3,0
131,682,156,3,0
131,683,156,3,0
131,687,156,3,0
131,695,156,3,0
131,705,156,3,0
131,708,156,3,0
131,709,132,2,1
131,710,106,0,3
131,720,156,3,0
132,634,157,3,0
132,638,107,0,3
132,641,107,0,3
132,650,107,0,3
132,653,157,3,0
132,657,107,0,3
132,665,133,2,1
132,678,157,3,0
132,682,157,3,0
132,683,157,3,0
132,687,157,3,0
132,695,157,3,0
132,705,157,3,0
132,708,157,3,0
132,709,133,2,1
132,710,107,0,3
132,720,157,3,0
132,721,157,3,0
133,634,158,3,0
133,638,108,0,3
133,641,108,0,3
133,650,108,0,3
133,653,158,3,0
133,665,134,2,1
133,678,158,3,0
133,682,158,3,0
133,695,158,3,0
133,705,158,3,0
133,708,158,3,0
133,709,134,2,1
133,710,108,0,3
133,720,158,3,0
133,721,158,3,0
134,634,133,1,2
134,638,133,1,2
134,641,133,1,2
134,650,133,1,2
134,653,133,1,2
134,657,133,1,2
134,665,135,2,1
134,678,133,1,2
134,682,133,1,2
134,683,133,1,2
134,687,133,1,2
134,692,133,1,2
134,695,133,1,2
134,705,133,1,2
134,708,133,1,2
134,709,135,2,1
134,710,133,1,2
134,720,133,1,2
135,634,134,1,2
135,641,134,1,2
135,650,134,1,2
135,653,134,1,2
135,657,134,1,2
135,665,136,2,1
135,678,134,1,2
135,682,134,1,2
135,683,134,1,2
135,687,134,1,2
135,695,134,1,2
135,705,134,1,2
135,708,134,1,2
135,709,136,2,1
135,710,134,1,2
135,720,134,1,2
136,634,135,1,2
136,641,135,1,2
136,650,135,1,2
136,653,135,1,2
136,678,135,1,2
136,682,135,1,2
136,683,135,1,2
136,687,137,2,1
136,695,135,1,2
136,705,135,1,2
136,709,709,88,0
136,710,135,1,2
136,720,135,1,2
137,641,136,1,2
137,650,136,1,2
137,653,136,1,2
137,678,136,1,2
137,695,136,1,2
138,641,137,1,2
138,650,137,1,2
138,653,137,1,2
138,677,137,1,2
138,678,137,1,2
138,695,137,1,2
141,625,142,2,1
141,641,140,1,2
141,650,142,2,1
141,653,142,2,1
141,677,140,1,2
141,678,142,2,1
141,695,142,2,1
142,634,143,2,1
142,641,143,2,1
142,650,143,2,1
142,653,143,2,1
142,678,143,2,1
142,687,143,2,1
142,695,143,2,1
142,709,141,1,2
143,634,144,2,1
143,641,144,2,1
143,650,144,2,1
143,653,144,2,1
143,665,665,44,0
143,678,144,2,1
143,682,144,2,1
143,683,144,2,1
143,687,144,2,1
143,695,144,2,1
143,705,144,2,1
143,709,142,1,2
143,710,144,2,1
143,720,144,2,1
144,634,145,2,1
144,638,145,2,1
144,641,145,2,1
144,650,145,2,1
144,653,145,2,1
144,657,145,2,1
144,665,143,1,2
144,678,145,2,1
144,682,145,2,1
144,683,145,2,1
144,687,145,2,1
144,695,145,2,1
144,705,145,2,1
144,708,145,2,1
144,709,143,1,2
144,710,145,2,1
144,720,145,2,1
145,634,146,2,1
145,638,146,2,1
145,641,146,2,1
145,650,146,2,1
145,653,146,2,1
145,657,146,2,1
145,665,144,1,2
145,678,146,2,1
145,682,146,2,1
145,683,146,2,1
145,687,146,2,1
145,692,144,1,2
145,695,146,2,1
145,705,146,2,1
145,708,146,2,1
145,709,144,1,2
145,710,146,2,1
145,720,146,2,1
145,721,146,2,1
146,634,171,3,0
146,638,121,0,3
146,641,121,0,3
146,650,121,0,3
146,653,171,3,0
146,665,145,1,2
146,678,171,3,0
146,682,171,3,0
146,692,147,2,1
146,695,171,3,0
146,705,171,3,0
146,708,171,3,0
146,709,145,1,2
146,710,121,0,3
146,720,171,3,0
146,721,171,3,0
147,634,172,3,0
147,638,122,0,3
147,641,122,0,3
147,650,122,0,3
147,653,172,3,0
147,657,122,0,3
147,665,146,1,2
147,678,172,3,0
147,682,172,3,0
147,683,172,3,0
147,687,172,3,0
147,695,172,3,0
147,705,172,3,0
147,708,172,3,0
147,709,146,1,2
147,710,122,0,3
147,720,172,3,0
148,634,173,3,0
148,641,123,0,3
148,650,123,0,3
148,653,173,3,0
148,665,147,1,2
148,678,173,3,0
148,682,173,3,0
148,683,173,3,0
148,687,173,3,0
148,695,173,3,0
148,705,173,3,0
148,709,147,1,2
148,710,123,0,3
148,720,173,3,0
149,634,174,3,0
149,641,124,0,3
149,650,124,0,3
149,653,174,3,0
149,678,174,3,0
149,695,174,3,0
149,709,125,2,3
150,625,125,0,2
150,641,151,1,1
150,650,125,0,2
150,653,151,1,1
150,677,151,1,1
150,678,175,2,0
150,695,175,2,0
153,625,128,0,3
153,650,128,0,3
153,653,653,32,0
153,678,178,3,0
153,695,178,3,0
154,641,129,0,3
154,650,129,0,3
154,653,153,1,2
154,678,179,3,0
154,695,179,3,0
154,709,155,2,1
155,634,180,3,0
155,641,130,0,3
155,650,130,0,3
155,653,154,1,2
155,678,180,3,0
155,682,180,3,0
155,683,180,3,0
155,687,154,1,2
155,695,180,3,0
155,705,180,3,0
155,709,156,2,1
155,710,130,0,3
155,720,180,3,0
156,634,181,3,0
156,638,131,0,3
156,641,131,0,3
156,650,131,0,3
156,653,155,1,2
156,657,131,0,3
156,665,157,2,1
156,678,181,3,0
156,682,181,3,0
156,683,181,3,0
156,687,181,3,0
156,695,181,3,0
156,705,181,3,0
156,708,708,87,0
156,709,157,2,1
156,710,131,0,3
156,720,181,3,0
157,634,182,3,0
157,638,132,0,3
157,641,132,0,3
157,650,132,0,3
157,653,156,1,2
157,657,132,0,3
157,665,158,2,1
157,678,182,3,0
157,682,182,3,0
157,683,182,3,0
157,687,182,3,0
157,695,182,3,0
157,705,182,3,0
157,708,156,1,2
157,709,158,2,1
157,710,132,0,3
157,720,182,3,0
157,721,721,100,0
158,634,183,3,0
158,638,133,0,3
158,641,133,0,3
158,650,133,0,3
158,653,157,1,2
158,657,133,0,3
158,678,183,3,0
158,682,183,3,0
158,683,183,3,0
158,695,183,3,0
158,705,183,3,0
158,708,157,1,2
158,709,133,0,3
158,710,133,0,3
158,720,183,3,0
158,721,157,1,2
159,634,158,1,2
159,638,158,1,2
159,641,158,1,2
159,650,158,1,2
159,653,158,1,2
159,657,158,1,2
159,665,134,0,3
159,678,158,1,2
159,682,158,1,2
159,683,158,1,2
159,687,158,1,2
159,692,158,1,2
159,695,158,1,2
159,705,158,1,2
159,708,158,1,2
159,709,134,0,3
159,710,158,1,2
159,720,158,1,2
160,634,159,1,2
160,641,159,1,2
160,650,159,1,2
160,653,159,1,2
160,657,159,1,2
160,665,135,0,3
160,678,159,1,2
160,682,159,1,2
160,683,159,1,2
160,687,159,1,2
160,695,159,1,2
160,705,159,1,2
160,708,159,1,2
160,709,135,0,3
160,710,159,1,2
160,720,159,1,2
161,634,160,1,2
161,641,160,1,2
161,650,160,1,2
161,653,160,1,2
161,678,160,1,2
161,682,160,1,2
161,683,160,1,2
161,687,162,2,1
161,695,160,1,2
161,705,160,1,2
161,709,136,0,3
161,710,160,1,2
161,720,160,1,2
162,641,161,1,2
162,650,161,1,2
162,653,161,1,2
162,678,161,1,2
162,695,161,1,2
163,641,162,1,2
163,650,162,1,2
163,653,162,1,2
163,677,162,1,2
163,678,162,1,2
163,695,162,1,2
166,625,167,2,1
166,641,165,1,2
166,650,167,2,1
166,653,167,2,1
166,677,165,1,2
166,678,167,2,1
166,695,167,2,1
167,634,168,2,1
167,641,168,2,1
167,650,168,2,1
167,653,168,2,1
167,678,168,2,1
167,687,168,2,1
167,695,168,2,1
167,709,166,1,2
168,634,169,2,1
168,641,169,2,1
168,650,169,2,1
168,653,169,2,1
168,665,143,0,3
168,678,169,2,1
168,682,169,2,1
168,683,169,2,1
168,687,169,2,1
168,695,169,2,1
168,705,169,2,1
168,709,143,0,3
168,710,169,2,1
168,720,169,2,1
169,634,170,2,1
169,638,170,2,1
169,641,170,2,1
169,650,170,2,1
169,653,170,2,1
169,657,170,2,1
169,665,144,0,3
169,678,170,2,1
169,682,170,2,1
169,683,170,2,1
169,687,170,2,1
169,695,170,2,1
169,705,170,2,1
169,708,170,2,1
169,709,144,0,3
169,710,170,2,1
169,720,170,2,1
170,634,171,2,1
170,638,171,2,1
170,641,171,2,1
170,650,171,2,1
170,653,171,2,1
170,657,171,2,1
170,665,145,0,3
170,678,171,2,1
170,682,171,2,1
170,683,171,2,1
170,687,171,2,1
170,692,169,1,2
170,695,171,2,1
170,705,171,2,1
170,708,171,2,1
170,709,145,0,3
170,710,171,2,1
170,720,171,2,1
170,721,171,2,1
171,634,196,3,0
171,638,146,0,3
171,641,146,0,3
171,650,146,0,3
171,653,172,2,1
171,657,146,0,3
171,678,196,3,0
171,682,196,3,0
171,683,196,3,0
171,692,172,2,1
171,695,196,3,0
171,705,196,3,0
171,708,172,2,1
171,709,146,0,3
171,710,146,0,3
171,720,196,3,0
172,634,197,3,0
172,638,147,0,3
172,641,147,0,3
172,650,147,0,3
172,653,173,2,1
172,657,147,0,3
172,665,171,1,2
172,678,197,3,0
172,682,197,3,0
172,683,197,3,0
172,687,197,3,0
172,695,197,3,0
172,705,197,3,0
172,708,173,2,1
172,709,171,1,2
172,710,147,0,3
172,720,197,3,0
173,634,198,3,0
173,641,148,0,3
173,650,148,0,3
173,653,174,2,1
173,665,172,1,2
173,678,198,3,0
173,682,198,3,0
173,683,198,3,0
173,687,198,3,0
173,695,198,3,0
173,705,198,3,0
173,709,172,1,2
173,710,148,0,3
173,720,198,3,0
174,634,199,3,0
174,641,149,0,3
174,650,149,0,3
174,653,150,2,3
174,678,199,3,0
174,695,199,3,0
174,709,150,2,3
175,625,150,0,2
175,641,176,1,1
175,650,150,0,2
175,653,150,0,2
175,677,176,1,1
175,678,200,2,0
175,695,200,2,0
178,625,153,0,3
178,650,153,0,3
178,653,153,0,3
178,678,203,3,0
178,695,203,3,0
179,641,154,0,3
179,650,154,0,3
179,653,154,0,3
179,678,204,3,0
179,695,204,3,0
179,709,180,2,1
180,634,205,3,0
180,641,155,0,3
180,650,155,0,3
180,653,155,0,3
180,678,205,3,0
180,682,205,3,0
180,683,205,3,0
180,687,179,1,2
180,695,205,3,0
180,705,205,3,0
180,709,181,2,1
180,710,155,0,3
180,720,205,3,0
181,634,206,3,0
181,638,156,0,3
181,641,156,0,3
181,650,156,0,3
181,653,156,0,3
181,657,156,0,3
181,665,182,2,1
181,678,206,3,0
181,682,206,3,0
181,683,206,3,0
181,687,180,1,2
181,695,206,3,0
181,705,206,3,0
181,708,156,0,3
181,709,182,2,1
181,710,156,0,3
181,720,206,3,0
182,634,207,3,0
182,638,157,0,3
182,641,157,0,3
182,650,157,0,3
182,653,157,0,3
182,657,157,0,3
182,665,183,2,1
182,678,207,3,0
182,682,207,3,0
182,683,207,3,0
182,687,181,1,2
182,695,207,3,0
182,705,207,3,0
182,708,157,0,3
182,709,183,2,1
182,710,157,0,3
182,720,207,3,0
182,721,157,0,3
183,634,208,3,0
183,638,158,0,3
183,641,158,0,3
183,650,158,0,3
183,657,158,0,3
183,678,208,3,0
183,682,208,3,0
183,683,208,3,0
183,687,182,1,2
183,695,208,3,0
183,705,208,3,0
183,709,158,0,3
183,710,158,0,3
183,720,208,3,0
184,634,183,1,2
184,638,183,1,2
184,641,183,1,2
184,650,183,1,2
184,653,183,1,2
184,657,183,1,2
184,665,159,0,3
184,678,183,1,2
184,682,183,1,2
184,683,183,1,2
184,687,183,1,2
184,692,183,1,2
184,695,183,1,2
184,705,183,1,2
184,708,183,1,2
184,709,159,0,3
184,710,183,1,2
184,720,183,1,2
185,634,184,1,2
185,641,184,1,2
185,650,184,1,2
185,653,184,1,2
185,657,184,1,2
185,665,160,0,3
185,678,184,1,2
185,682,184,1,2
185,683,184,1,2
185,687,184,1,2
185,695,184,1,2
185,705,184,1,2
185,708,184,1,2
185,709,160,0,3
185,710,184,1,2
185,720,184,1,2
186,634,185,1,2
186,641,185,1,2
186,650,185,1,2
186,653,185,1,2
186,678,185,1,2
186,682,185,1,2
186,683,185,1,2
186,687,187,2,1
186,695,185,1,2
186,705,185,1,2
186,709,161,0,3
186,710,185,1,2
186,720,185,1,2
187,641,186,1,2
187,650,186,1,2
187,653,186,1,2
187,678,186,1,2
187,695,186,1,2
188,641,187,1,2
188,650,187,1,2
188,653,187,1,2
188,677,187,1,2
188,678,187,1,2
188,695,187,1,2
191,625,192,2,1
191,641,190,1,2
191,650,192,2,1
191,653,192,2,1
191,677,190,1,2
191,678,192,2,1
191,695,192,2,1
192,634,193,2,1
192,641,193,2,1
192,650,193,2,1
192,653,193,2,1
192,678,193,2,1
192,687,193,2,1
192,695,193,2,1
192,709,191,1,2
193,634,194,2,1
193,641,194,2,1
193,650,194,2,1
193,653,194,2,1
193,665,168,0,3
193,678,194,2,1
193,682,194,2,1
193,683,194,2,1
193,687,194,2,1
193,695,194,2,1
193,705,194,2,1
193,709,168,0,3
193,710,194,2,1
193,720,194,2,1
194,634,195,2,1
194,638,195,2,1
194,641,195,2,1
194,650,195,2,1
194,653,195,2,1
194,657,195,2,1
194,665,169,0,3
194,678,195,2,1
194,682,195,2,1
194,683,195,2,1
194,687,195,2,1
194,695,195,2,1
194,705,195,2,1
194,708,195,2,1
194,709,169,0,3
194,710,195,2,1
194,720,195,2,1
195,634,196,2,1
195,638,196,2,1
195,641,196,2,1
195,650,196,2,1
195,653,196,2,1
195,657,196,2,1
195,665,170,0,3
195,678,196,2,1
195,682,196,2,1
195,683,196,2,1
195,687,196,2,1
195,692,194,1,2
195,695,196,2,1
195,705,196,2,1
195,708,196,2,1
195,709,170,0,3
195,710,196,2,1
195,720,196,2,1
195,721,196,2,1
196,634,221,3,0
196,638,171,0,3
196,641,171,0,3
196,650,171,0,3
196,657,171,0,3
196,678,221,3,0
196,682,221,3,0
196,683,221,3,0
196,687,197,2,1
196,692,197,2,1
196,695,221,3,0
196,705,221,3,0
196,709,171,0,3
196,710,171,0,3
196,720,221,3,0
196,721,171,0,3
197,634,222,3,0
197,638,172,0,3
197,641,172,0,3
197,650,172,0,3
197,653,172,0,3
197,657,172,0,3
197,665,196,1,2
197,678,222,3,0
197,682,222,3,0
197,683,222,3,0
197,687,198,2,1
197,695,222,3,0
197,705,222,3,0
197,708,172,0,3
197,709,196,1,2
197,710,172,0,3
197,720,222,3,0
198,634,223,3,0
198,641,173,0,3
198,650,173,0,3
198,653,173,0,3
198,665,197,1,2
198,678,223,3,0
198,682,223,3,0
198,683,223,3,0
198,687,687,66,0
198,695,223,3,0
198,705,223,3,0
198,709,197,1,2
198,710,173,0,3
198,720,223,3,0
199,634,224,3,0
199,641,174,0,3
199,650,174,0,3
199,653,174,0,3
199,678,224,3,0
199,695,224,3,0
199,709,175,2,3
200,625,175,0,2
200,641,201,1,1
200,650,175,0,2
200,653,175,0,2
200,677,201,1,1
200,678,225,2,0
200,695,225,2,0
203,625,178,0,3
203,650,178,0,3
203,653,178,0,3
203,678,228,3,0
203,695,228,3,0
204,641,179,0,3
204,650,179,0,3
204,653,179,0,3
204,678,229,3,0
204,695,229,3,0
204,709,205,2,1
205,634,230,3,0
205,641,180,0,3
205,650,180,0,3
205,653,180,0,3
205,678,230,3,0
205,682,230,3,0
205,683,230,3,0
205,687,204,1,2
205,695,230,3,0
205,705,705,84,0
205,709,206,2,1
205,710,180,0,3
205,720,230,3,0
206,634,231,3,0
206,638,181,0,3
206,641,181,0,3
206,650,181,0,3
206,653,181,0,3
206,657,181,0,3
206,665,207,2,1
206,678,231,3,0
206,682,231,3,0
206,683,231,3,0
206,687,181,0,3
206,695,231,3,0
206,705,205,1,2
206,708,181,0,3
206,709,207,2,1
206,710,181,0,3
206,720,231,3,0
207,634,232,3,0
207,638,182,0,3
207,641,182,0,3
207,650,182,0,3
207,653,182,0,3
207,657,182,0,3
207,665,208,2,1
207,678,232,3,0
207,682,232,3,0
207,683,232,3,0
207,687,182,0,3
207,695,232,3,0
207,705,206,1,2
207,708,182,0,3
207,709,208,2,1
207,710,182,0,3
207,720,232,3,0
207,721,182,0,3
208,638,183,0,3
208,641,183,0,3
208,650,183,0,3
208,653,183,0,3
208,657,183,0,3
208,678,233,3,0
208,682,233,3,0
208,683,233,3,0
208,687,183,0,3
208,695,233,3,0
208,705,207,1,2
208,709,183,0,3
208,710,183,0,3
208,720,233,3,0
209,634,208,1,2
209,638,208,1,2
209,641,208,1,2
209,650,208,1,2
209,653,208,1,2
209,657,208,1,2
209,665,184,0,3
209,678,208,1,2
209,682,208,1,2
209,683,208,1,2
209,687,208,1,2
209,692,208,1,2
209,695,208,1,2
209,705,208,1,2
209,708,208,1,2
209,709,184,0,3
209,710,208,1,2
209,720,208,1,2
210,634,209,1,2
210,641,209,1,2
210,650,209,1,2
210,653,209,1,2
210,657,209,1,2
210,665,185,0,3
210,678,209,1,2
210,682,209,1,2
210,683,209,1,2
210,687,209,1,2
210,695,209,1,2
210,705,209,1,2
210,708,209,1,2
210,709,185,0,3
210,710,209,1,2
210,720,209,1,2
211,634,210,1,2
211,641,210,1,2
211,650,210,1,2
211,653,210,1,2
211,678,210,1,2
211,682,210,1,2
211,683,210,1,2
211,687,212,2,1
211,695,210,1,2
211,705,210,1,2
211,709,186,0,3
211,710,210,1,2
211,720,210,1,2
212,641,211,1,2
212,650,211,1,2
212,653,211,1,2
212,678,211,1,2
212,695,211,1,2
213,641,212,1,2
213,650,212,1,2
213,653,212,1,2
213,677,212,1,2
213,678,212,1,2
213,695,212,1,2
216,625,217,2,1
216,641,215,1,2
216,650,217,2,1
216,653,217,2,1
216,677,215,1,2
216,678,217,2,1
216,695,217,2,1
217,634,218,2,1
217,641,218,2,1
217,650,218,2,1
217,653,218,2,1
217,678,218,2,1
217,687,218,2,1
217,695,218,2,1
217,709,216,1,2
218,634,219,2,1
218,641,219,2,1
218,650,219,2,1
218,653,219,2,1
218,665,193,0,3
218,678,219,2,1
218,682,219,2,1
218,683,219,2,1
218,687,219,2,1
218,695,219,2,1
218,705,219,2,1
218,709,193,0,3
218,710,219,2,1
218,720,219,2,1
219,634,220,2,1
219,638,220,2,1
219,641,220,2,1
219,650,220,2,1
219,653,220,2,1
219,657,220,2,1
219,665,194,0,3
219,678,220,2,1
219,682,220,2,1
219,683,220,2,1
219,687,220,2,1
219,695,220,2,1
219,705,220,2,1
219,708,220,2,1
219,709,194,0,3
219,710,220,2,1
219,720,220,2,1
220,634,221,2,1
220,638,221,2,1
220,641,221,2,1
220,650,221,2,1
220,653,221,2,1
220,657,221,2,1
220,665,195,0,3
220,678,221,2,1
220,682,221,2,1
220,683,221,2,1
220,687,221,2,1
220,692,219,1,2
220,695,221,2,1
220,705,221,2,1
220,708,221,2,1
220,709,195,0,3
220,710,221,2,1
220,720,221,2,1
220,721,221,2,1
221,638,196,0,3
221,641,196,0,3
221,650,196,0,3
221,653,196,0,3
221,657,196,0,3
221,678,246,3,0
221,682,246,3,0
221,683,246,3,0
221,687,196,0,3
221,692,222,2,1
221,695,246,3,0
221,705,222,2,1
221,709,196,0,3
221,710,196,0,3
221,720,246,3,0
221,721,196,0,3
222,634,247,3,0
222,638,197,0,3
222,641,197,0,3
222,650,197,0,3
222,653,197,0,3
222,657,197,0,3
222,665,221,1,2
222,678,247,3,0
222,682,247,3,0
222,683,247,3,0
222,687,197,0,3
222,695,247,3,0
222,705,223,2,1
222,708,197,0,3
222,709,221,1,2
222,710,197,0,3
222,720,247,3,0
223,634,248,3,0
223,641,198,0,3
223,650,198,0,3
223,653,198,0,3
223,665,222,1,2
223,678,248,3,0
223,682,248,3,0
223,683,248,3,0
223,687,198,0,3
223,695,248,3,0
223,705,224,2,1
223,709,222,1,2
223,710,198,0,3
223,720,248,3,0
224,634,249,3,0
224,641,199,0,3
224,650,199,0,3
224,653,199,0,3
224,678,249,3,0
224,695,249,3,0
224,709,200,2,3
225,625,200,0,2
225,641,226,1,1
225,650,200,0,2
225,653,200,0,2
225,677,226,1,1
225,678,250,2,0
225,695,226,1,1
228,625,203,0,3
228,650,203,0,3
228,653,203,0,3
228,678,253,3,0
228,695,695,74,0
229,641,204,0,3
229,650,204,0,3
229,653,204,0,3
229,678,254,3,0
229,695,228,1,2
229,709,230,2,1
230,634,255,3,0
230,641,205,0,3
230,650,205,0,3
230,653,205,0,3
230,678,255,3,0
230,682,682,61,0
230,683,255,3,0
230,687,229,1,2
230,695,229,1,2
230,705,205,0,3
230,709,231,2,1
230,710,205,0,3
230,720,255,3,0
231,634,256,3,0
231,638,256,3,0
231,641,206,0,3
231,650,206,0,3
231,653,206,0,3
231,657,206,0,3
231,665,232,2,1
231,678,256,3,0
231,682,230,1,2
231,683,256,3,0
231,687,206,0,3
231,695,230,1,2
231,705,206,0,3
231,708,206,0,3
231,709,232,2,1
231,710,206,0,3
231,720,256,3,0
232,634,257,3,0
232,638,257,3,0
232,641,207,0,3
232,650,207,0,3
232,653,207,0,3
232,657,207,0,3
232,665,233,2,1
232,678,257,3,0
232,682,231,1,2
232,683,257,3,0
232,687,207,0,3
232,695,231,1,2
232,705,207,0,3
232,708,207,0,3
232,709,233,2,1
232,710,207,0,3
232,720,257,3,0
232,721,207,0,3
233,641,208,0,3
233,650,208,0,3
233,653,208,0,3
233,657,208,0,3
233,678,258,3,0
233,682,232,1,2
233,683,258,3,0
233,687,208,0,3
233,695,232,1,2
233,709,208,0,3
233,710,208,0,3
233,720,258,3,0
234,634,233,1,2
234,638,233,1,2
234,641,233,1,2
234,650,233,1,2
234,653,233,1,2
234,657,233,1,2
234,665,209,0,3
234,678,233,1,2
234,682,233,1,2
234,683,233,1,2
234,687,233,1,2
234,692,233,1,2
234,695,233,1,2
234,705,233,1,2
234,708,233,1,2
234,709,209,0,3
234,710,233,1,2
234,720,233,1,2
235,634,234,1,2
235,641,234,1,2
235,650,234,1,2
235,653,234,1,2
235,657,234,1,2
235,665,210,0,3
235,678,234,1,2
235,682,234,1,2
235,683,234,1,2
235,687,234,1,2
235,695,234,1,2
235,705,234,1,2
235,708,234,1,2
235,709,210,0,3
235,710,234,1,2
235,720,234,1,2
236,634,235,1,2
236,641,235,1,2
236,650,235,1,2
236,653,235,1,2
236,678,235,1,2
236,682,235,1,2
236,683,235,1,2
236,687,237,2,1
236,695,235,1,2
236,705,235,1,2
236,709,211,0,3
236,710,235,1,2
236,720,235,1,2
237,641,236,1,2
237,650,236,1,2
237,653,236,1,2
237,678,236,1,2
237,695,236,1,2
238,641,237,1,2
238,650,237,1,2
238,653,237,1,2
238,677,237,1,2
238,678,237,1,2
238,695,237,1,2
241,625,242,2,1
241,641,240,1,2
241,650,242,2,1
241,653,242,2,1
241,677,240,1,2
241,678,242,2,1
241,695,242,2,1
242,634,243,2,1
242,641,243,2,1
242,650,243,2,1
242,653,243,2,1
242,678,243,2,1
242,687,243,2,1
242,695,243,2,1
242,709,241,1,2
243,634,244,2,1
243,641,244,2,1
243,650,244,2,1
243,653,244,2,1
243,665,218,0,3
243,678,244,2,1
243,682,244,2,1
243,683,244,2,1
243,687,244,2,1
243,695,244,2,1
243,705,244,2,1
243,709,218,0,3
243,710,244,2,1
243,720,244,2,1
244,634,245,2,1
244,638,245,2,1
244,641,245,2,1
244,650,245,2,1
244,653,245,2,1
244,657,245,2,1
244,665,219,0,3
244,678,245,2,1
244,682,245,2,1
244,683,245,2,1
244,687,245,2,1
244,695,245,2,1
244,705,245,2,1
244,708,245,2,1
244,709,219,0,3
244,710,245,2,1
244,720,245,2,1
245,634,246,2,1
245,638,246,2,1
245,641,246,2,1
245,650,246,2,1
245,653,246,2,1
245,657,246,2,1
245,665,220,0,3
245,678,246,2,1
245,682,246,2,1
245,683,246,2,1
245,687,246,2,1
245,692,244,1,2
245,695,246,2,1
245,705,246,2,1
245,708,246,2,1
245,709,220,0,3
245,710,246,2,1
245,720,246,2,1
245,721,246,2,1
246,641,221,0,3
246,650,221,0,3
246,653,221,0,3
246,657,221,0,3
246,678,271,3,0
246,682,247,2,1
246,683,271,3,0
246,687,221,0,3
246,692,247,2,1
246,695,247,2,1
246,709,221,0,3
246,710,221,0,3
246,720,271,3,0
246,721,221,0,3
247,634,272,3,0
247,638,272,3,0
247,641,222,0,3
247,650,222,0,3
247,653,222,0,3
247,657,222,0,3
247,665,246,1,2
247,678,272,3,0
247,682,248,2,1
247,683,272,3,0
247,687,222,0,3
247,695,248,2,1
247,705,222,0,3
247,708,222,0,3
247,709,246,1,2
247,710,222,0,3
247,720,272,3,0
248,634,273,3,0
248,641,223,0,3
248,650,223,0,3
248,653,223,0,3
248,665,247,1,2
248,678,273,3,0
248,682,249,2,1
248,683,273,3,0
248,687,223,0,3
248,695,249,2,1
248,705,223,0,3
248,709,247,1,2
248,710,223,0,3
248,720,273,3,0
249,634,274,3,0
249,641,224,0,3
249,650,224,0,3
249,653,224,0,3
249,678,274,3,0
249,695,225,2,3
249,709,225,2,3
250,625,225,0,2
250,641,251,1,1
250,650,225,0,2
250,653,225,0,2
250,677,251,1,1
250,678,275,2,0
250,695,225,0,2
253,625,228,0,3
253,650,228,0,3
253,653,228,0,3
253,678,278,3,0
253,695,228,0,3
254,641,229,0,3
254,650,229,0,3
254,653,229,0,3
254,678,279,3,0
254,695,229,0,3
254,709,255,2,1
255,634,280,3,0
255,641,230,0,3
255,650,230,0,3
255,653,230,0,3
255,678,280,3,0
255,682,230,0,3
255,683,280,3,0
255,687,254,1,2
255,695,230,0,3
255,705,230,0,3
255,709,256,2,1
255,710,230,0,3
255,720,280,3,0
256,634,281,3,0
256,638,281,3,0
256,641,231,0,3
256,650,231,0,3
256,653,231,0,3
256,657,231,0,3
256,665,257,2,1
256,678,281,3,0
256,682,231,0,3
256,683,281,3,0
256,687,231,0,3
256,695,231,0,3
256,705,231,0,3
256,708,231,0,3
256,709,257,2,1
256,710,231,0,3
256,720,281,3,0
257,634,282,3,0
257,638,282,3,0
257,641,232,0,3
257,650,232,0,3
257,653,232,0,3
257,657,232,0,3
257,665,258,2,1
257,678,282,3,0
257,682,232,0,3
257,683,282,3,0
257,687,232,0,3
257,695,232,0,3
257,705,232,0,3
257,708,232,0,3
257,709,258,2,1
257,710,232,0,3
257,720,282,3,0
257,721,232,0,3
258,641,233,0,3
258,650,233,0,3
258,653,233,0,3
258,657,233,0,3
258,678,283,3,0
258,683,283,3,0
258,687,233,0,3
258,709,233,0,3
258,710,233,0,3
258,720,283,3,0
259,634,258,1,2
259,638,258,1,2
259,641,258,1,2
259,650,258,1,2
259,653,258,1,2
259,657,258,1,2
259,665,234,0,3
259,678,258,1,2
259,682,258,1,2
259,683,258,1,2
259,687,258,1,2
259,692,258,1,2
259,695,258,1,2
259,705,258,1,2
259,708,258,1,2
259,709,234,0,3
259,710,258,1,2
259,720,258,1,2
260,634,259,1,2
260,641,259,1,2
260,650,259,1,2
260,653,259,1,2
260,657,259,1,2
260,665,235,0,3
260,678,259,1,2
260,682,259,1,2
260,683,259,1,2
260,687,259,1,2
260,695,259,1,2
260,705,259,1,2
260,708,259,1,2
260,709,235,0,3
260,710,259,1,2
260,720,259,1,2
261,634,260,1,2
261,641,260,1,2
261,650,260,1,2
261,653,260,1,2
261,678,260,1,2
261,682,260,1,2
261,683,260,1,2
261,687,262,2,1
261,695,260,1,2
261,705,260,1,2
261,709,236,0,3
261,710,260,1,2
261,720,260,1,2
262,641,261,1,2
262,650,261,1,2
262,653,261,1,2
262,678,261,1,2
262,695,261,1,2
263,641,262,1,2
263,650,262,1,2
263,653,262,1,2
263,677,262,1,2
263,678,262,1,2
263,695,262,1,2
266,625,267,2,1
266,641,265,1,2
266,650,267,2,1
266,653,267,2,1
266,677,265,1,2
266,678,267,2,1
266,695,267,2,1
267,634,268,2,1
267,641,268,2,1
267,650,268,2,1
267,653,268,2,1
267,678,268,2,1
267,687,268,2,1
267,695,268,2,1
267,709,266,1,2
268,634,269,2,1
268,641,269,2,1
268,650,269,2,1
268,653,269,2,1
268,665,243,0,3
268,678,269,2,1
268,682,269,2,1
268,683,269,2,1
268,687,269,2,1
268,695,269,2,1
268,705,269,2,1
268,709,243,0,3
268,710,269,2,1
268,720,269,2,1
269,634,270,2,1
269,638,270,2,1
269,641,270,2,1
269,650,270,2,1
269,653,270,2,1
269,657,270,2,1
269,665,244,0,3
269,678,270,2,1
269,682,270,2,1
269,683,270,2,1
269,687,270,2,1
269,695,270,2,1
269,705,270,2,1
269,708,270,2,1
269,709,244,0,3
269,710,270,2,1
269,720,270,2,1
270,634,271,2,1
270,638,271,2,1
270,641,271,2,1
270,650,271,2,1
270,653,271,2,1
270,657,271,2,1
270,665,245,0,3
270,678,271,2,1
270,682,271,2,1
270,683,271,2,1
270,687,271,2,1
270,692,269,1,2
270,695,271,2,1
270,705,271,2,1
270,708,271,2,1
270,709,245,0,3
270,710,271,2,1
270,720,271,2,1
270,721,271,2,1
271,641,246,0,3
271,650,246,0,3
271,653,246,0,3
271,657,246,0,3
271,678,296,3,0
271,683,296,3,0
271,687,246,0,3
271,692,272,2,1
271,709,246,0,3
271,710,246,0,3
271,720,296,3,0
271,721,246,0,3
272,634,297,3,0
272,638,297,3,0
272,641,247,0,3
272,650,247,0,3
272,653,247,0,3
272,657,247,0,3
272,665,271,1,2
272,678,297,3,0
272,682,247,0,3
272,683,297,3,0
272,687,247,0,3
272,695,247,0,3
272,705,247,0,3
272,708,247,0,3
272,709,271,1,2
272,710,247,0,3
272,720,297,3,0
273,634,298,3,0
273,641,248,0,3
273,650,248,0,3
273,653,248,0,3
273,665,272,1,2
273,678,298,3,0
273,682,248,0,3
273,683,298,3,0
273,687,248,0,3
273,695,248,0,3
273,705,248,0,3
273,709,272,1,2
273,710,248,0,3
273,720,298,3,0
274,634,299,3,0
274,641,249,0,3
274,650,249,0,3
274,653,249,0,3
274,678,299,3,0
274,695,249,0,3
274,709,250,2,3
275,625,250,0,2
275,641,276,1,1
275,650,250,0,2
275,653,250,0,2
275,677,276,1,1
275,678,300,2,0
275,695,250,0,2
278,625,253,0,3
278,650,253,0,3
278,653,253,0,3
278,678,303,3,0
278,695,253,0,3
279,641,254,0,3
279,650,254,0,3
279,653,254,0,3
279,678,304,3,0
279,695,254,0,3
279,709,280,2,1
280,634,279,1,2
280,641,255,0,3
280,650,255,0,3
280,653,255,0,3
280,678,305,3,0
280,682,255,0,3
280,683,305,3,0
280,687,279,1,2
280,695,255,0,3
280,705,255,0,3
280,709,281,2,1
280,710,305,3,0
280,720,720,99,0
281,634,280,1,2
281,638,306,3,0
281,641,256,0,3
281,650,256,0,3
281,653,256,0,3
281,657,256,0,3
281,665,282,2,1
281,678,306,3,0
281,682,256,0,3
281,683,306,3,0
281,687,256,0,3
281,695,256,0,3
281,705,256,0,3
281,708,256,0,3
281,709,282,2,1
281,710,306,3,0
281,720,280,1,2
282,634,281,1,2
282,638,307,3,0
282,641,257,0,3
282,650,257,0,3
282,653,257,0,3
282,657,257,0,3
282,665,283,2,1
282,678,307,3,0
282,682,257,0,3
282,683,307,3,0
282,687,257,0,3
282,695,257,0,3
282,705,257,0,3
282,708,257,0,3
282,709,283,2,1
282,710,307,3,0
282,720,281,1,2
282,721,257,0,3
283,634,282,1,2
283,641,258,0,3
283,650,258,0,3
283,653,258,0,3
283,657,258,0,3
283,665,258,0,3
283,678,308,3,0
283,683,308,3,0
283,687,258,0,3
283,695,258,0,3
283,709,258,0,3
283,720,282,1,2
284,634,283,1,2
284,638,283,1,2
284,641,283,1,2
284,650,283,1,2
284,653,283,1,2
284,657,283,1,2
284,665,259,0,3
284,678,283,1,2
284,682,283,1,2
284,683,283,1,2
284,687,283,1,2
284,692,283,1,2
284,695,283,1,2
284,705,283,1,2
284,708,283,1,2
284,709,259,0,3
284,710,283,1,2
284,720,283,1,2
285,634,284,1,2
285,641,284,1,2
285,650,284,1,2
285,653,284,1,2
285,657,284,1,2
285,665,260,0,3
285,678,284,1,2
285,682,284,1,2
285,683,284,1,2
285,687,284,1,2
285,695,284,1,2
285,705,284,1,2
285,708,284,1,2
285,709,260,0,3
285,710,284,1,2
285,720,284,1,2
286,634,285,1,2
286,641,285,1,2
286,650,285,1,2
286,653,285,1,2
286,678,285,1,2
286,682,285,1,2
286,683,285,1,2
286,687,287,2,1
286,695,285,1,2
286,705,285,1,2
286,709,261,0,3
286,710,285,1,2
286,720,285,1,2
287,641,286,1,2
287,650,286,1,2
287,653,286,1,2
287,678,286,1,2
287,695,286,1,2
288,641,287,1,2
288,650,287,1,2
288,653,287,1,2
288,677,287,1,2
288,678,287,1,2
288,695,287,1,2
291,625,292,2,1
291,641,290,1,2
291,650,292,2,1
291,653,292,2,1
291,677,290,1,2
291,678,292,2,1
291,695,292,2,1
292,634,293,2,1
292,641,293,2,1
292,650,293,2,1
292,653,293,2,1
292,678,293,2,1
292,687,293,2,1
292,695,293,2,1
292,709,291,1,2
293,634,294,2,1
293,641,294,2,1
293,650,294,2,1
293,653,294,2,1
293,665,268,0,3
293,678,294,2,1
293,682,294,2,1
293,683,294,2,1
293,687,294,2,1
293,695,294,2,1
293,705,294,2,1
293,709,268,0,3
293,710,294,2,1
293,720,294,2,1
294,634,295,2,1
294,638,295,2,1
294,641,295,2,1
294,650,295,2,1
294,653,295,2,1
294,657,295,2,1
294,665,269,0,3
294,678,295,2,1
294,682,295,2,1
294,683,295,2,1
294,687,295,2,1
294,695,295,2,1
294,705,295,2,1
294,708,295,2,1
294,709,269,0,3
294,710,295,2,1
294,720,295,2,1
295,634,296,2,1
295,638,296,2,1
295,641,296,2,1
295,650,296,2,1
295,653,296,2,1
295,657,296,2,1
295,665,270,0,3
295,678,296,2,1
295,682,296,2,1
295,683,296,2,1
295,687,296,2,1
295,692,294,1,2
295,695,296,2,1
295,705,296,2,1
295,708,296,2,1
295,709,270,0,3
295,710,296,2,1
295,720,296,2,1
295,721,296,2,1
296,634,297,2,1
296,641,271,0,3
296,650,271,0,3
296,653,271,0,3
296,657,271,0,3
296,665,271,0,3
296,678,321,3,0
296,683,321,3,0
296,687,271,0,3
296,692,297,2,1
296,695,271,0,3
296,709,271,0,3
296,720,297,2,1
296,721,271,0,3
297,634,298,2,1
297,638,322,3,0
297,641,272,0,3
297,650,272,0,3
297,653,272,0,3
297,657,272,0,3
297,665,296,1,2
297,678,322,3,0
297,682,272,0,3
297,683,322,3,0
297,687,272,0,3
297,695,272,0,3
297,705,272,0,3
297,708,272,0,3
297,709,296,1,2
297,710,322,3,0
297,720,298,2,1
298,634,299,2,1
298,641,273,0,3
298,650,273,0,3
298,653,273,0,3
298,665,297,1,2
298,678,323,3,0
298,682,273,0,3
298,683,323,3,0
298,687,273,0,3
298,695,273,0,3
298,705,273,0,3
298,709,297,1,2
298,710,323,3,0
298,720,299,2,1
299,634,634,13,0
299,641,274,0,3
299,650,274,0,3
299,653,274,0,3
299,678,324,3,0
299,695,274,0,3
299,709,275,2,3
300,625,275,0,2
300,641,301,1,1
300,650,275,0,2
300,653,275,0,2
300,677,301,1,1
300,678,325,2,0
300,695,275,0,2
303,625,278,0,3
303,650,278,0,3
303,653,278,0,3
303,678,328,3,0
303,695,278,0,3
304,641,279,0,3
304,650,279,0,3
304,653,279,0,3
304,678,329,3,0
304,695,279,0,3
304,709,305,2,1
305,634,280,0,3
305,641,280,0,3
305,650,280,0,3
305,653,280,0,3
305,678,330,3,0
305,682,280,0,3
305,683,330,3,0
305,687,304,1,2
305,695,280,0,3
305,705,280,0,3
305,709,306,2,1
305,710,330,3,0
305,720,280,0,3
306,634,281,0,3
306,638,331,3,0
306,641,281,0,3
306,650,281,0,3
306,653,281,0,3
306,657,331,3,0
306,665,307,2,1
306,678,331,3,0
306,682,281,0,3
306,683,331,3,0
306,687,281,0,3
306,695,281,0,3
306,705,281,0,3
306,708,281,0,3
306,709,307,2,1
306,710,331,3,0
306,720,281,0,3
307,634,282,0,3
307,638,332,3,0
307,641,282,0,3
307,650,282,0,3
307,653,282,0,3
307,657,332,3,0
307,665,308,2,1
307,678,332,3,0
307,682,282,0,3
307,683,332,3,0
307,687,282,0,3
307,695,282,0,3
307,705,282,0,3
307,708,282,0,3
307,709,308,2,1
307,710,332,3,0
307,720,282,0,3
307,721,282,0,3
308,634,283,0,3
308,641,283,0,3
308,650,283,0,3
308,653,283,0,3
308,665,283,0,3
308,678,333,3,0
308,683,333,3,0
308,687,283,0,3
308,695,283,0,3
308,709,283,0,3
309,634,308,1,2
309,638,308,1,2
309,641,308,1,2
309,650,308,1,2
309,653,308,1,2
309,657,308,1,2
309,665,284,0,3
309,678,308,1,2
309,682,308,1,2
309,683,308,1,2
309,687,308,1,2
309,692,308,1,2
309,695,308,1,2
309,705,308,1,2
309,708,308,1,2
309,709,284,0,3
309,710,308,1,2
309,720,308,1,2
310,634,309,1,2
310,641,309,1,2
310,650,309,1,2
310,653,309,1,2
310,657,309,1,2
310,665,285,0,3
310,678,309,1,2
310,682,309,1,2
310,683,309,1,2
310,687,309,1,2
310,695,309,1,2
310,705,309,1,2
310,708,309,1,2
310,709,285,0,3
310,710,309,1,2
310,720,309,1,2
311,634,310,1,2
311,641,310,1,2
311,650,310,1,2
311,653,310,1,2
311,678,310,1,2
311,682,310,1,2
311,683,310,1,2
311,687,312,2,1
311,695,310,1,2
311,705,310,1,2
311,709,286,0,3
311,710,310,1,2
311,720,310,1,2
312,641,311,1,2
312,650,311,1,2
312,653,311,1,2
312,678,311,1,2
312,695,311,1,2
313,641,312,1,2
313,650,312,1,2
313,653,312,1,2
313,677,312,1,2
313,678,312,1,2
313,695,312,1,2
316,625,317,2,1
316,641,315,1,2
316,650,317,2,1
316,653,317,2,1
316,677,315,1,2
316,678,317,2,1
316,695,317,2,1
317,634,318,2,1
317,641,318,2,1
317,650,318,2,1
317,653,318,2,1
317,678,318,2,1
317,687,318,2,1
317,695,318,2,1
317,709,316,1,2
318,634,319,2,1
318,641,319,2,1
318,650,319,2,1
318,653,319,2,1
318,665,293,0,3
318,678,319,2,1
318,682,319,2,1
318,683,319,2,1
318,687,319,2,1
318,695,319,2,1
318,705,319,2,1
318,709,293,0,3
318,710,319,2,1
318,720,319,2,1
319,634,320,2,1
319,638,320,2,1
319,641,320,2,1
319,650,320,2,1
319,653,320,2,1
319,657,320,2,1
319,665,294,0,3
319,678,320,2,1
319,682,320,2,1
319,683,320,2,1
319,687,320,2,1
319,695,320,2,1
319,705,320,2,1
319,708,320,2,1
319,709,294,0,3
319,710,320,2,1
319,720,320,2,1
320,634,321,2,1
320,638,321,2,1
320,641,321,2,1
320,650,321,2,1
320,653,321,2,1
320,657,321,2,1
320,665,295,0,3
320,678,321,2,1
320,682,321,2,1
320,683,321,2,1
320,687,321,2,1
320,692,319,1,2
320,695,321,2,1
320,705,321,2,1
320,708,321,2,1
320,709,295,0,3
320,710,321,2,1
320,720,321,2,1
320,721,321,2,1
321,634,296,0,3
321,641,296,0,3
321,650,296,0,3
321,653,296,0,3
321,665,296,0,3
321,678,346,3,0
321,683,346,3,0
321,687,296,0,3
321,692,322,2,1
321,695,296,0,3
321,709,296,0,3
321,721,296,0,3
322,634,297,0,3
322,638,347,3,0
322,641,297,0,3
322,650,297,0,3
322,653,297,0,3
322,657,347,3,0
322,665,321,1,2
322,678,347,3,0
322,682,297,0,3
322,683,347,3,0
322,687,297,0,3
322,695,297,0,3
322,705,297,0,3
322,708,297,0,3
322,709,321,1,2
322,710,347,3,0
322,720,297,0,3
323,634,298,0,3
323,641,298,0,3
323,650,298,0,3
323,653,298,0,3
323,665,322,1,2
323,678,348,3,0
323,682,298,0,3
323,683,348,3,0
323,687,298,0,3
323,695,298,0,3
323,705,298,0,3
323,709,322,1,2
323,710,348,3,0
323,720,298,0,3
324,634,299,0,3
324,641,299,0,3
324,650,299,0,3
324,653,299,0,3
324,678,349,3,0
324,695,299,0,3
324,709,300,2,3
325,625,350,2,0
325,641,326,1,1
325,650,300,0,2
325,653,300,0,2
325,677,326,1,1
325,678,350,2,0
325,695,300,0,2
328,625,353,3,0
328,650,303,0,3
328,653,303,0,3
328,678,353,3,0
328,695,303,0,3
329,641,304,0,3
329,650,304,0,3
329,653,304,0,3
329,678,354,3,0
329,695,304,0,3
329,709,330,2,1
330,634,305,0,3
330,641,305,0,3
330,650,305,0,3
330,653,305,0,3
330,678,355,3,0
330,682,305,0,3
330,683,355,3,0
330,687,329,1,2
330,695,305,0,3
330,705,305,0,3
330,709,331,2,1
330,710,355,3,0
330,720,305,0,3
331,634,306,0,3
331,638,356,3,0
331,641,306,0,3
331,650,306,0,3
331,653,306,0,3
331,657,356,3,0
331,665,332,2,1
331,678,356,3,0
331,682,306,0,3
331,683,356,3,0
331,687,306,0,3
331,695,306,0,3
331,705,306,0,3
331,708,306,0,3
331,709,332,2,1
331,710,356,3,0
331,720,306,0,3
332,634,307,0,3
332,638,357,3,0
332,641,307,0,3
332,650,307,0,3
332,653,307,0,3
332,657,357,3,0
332,665,333,2,1
332,678,357,3,0
332,682,307,0,3
332,683,357,3,0
332,687,307,0,3
332,695,307,0,3
332,705,307,0,3
332,708,307,0,3
332,709,333,2,1
332,710,357,3,0
332,720,307,0,3
332,721,307,0,3
333,634,308,0,3
333,641,308,0,3
333,650,308,0,3
333,653,308,0,3
333,665,308,0,3
333,678,358,3,0
333,683,358,3,0
333,687,308,0,3
333,695,308,0,3
333,705,308,0,3
333,708,308,0,3
333,709,308,0,3
334,634,333,1,2
334,638,333,1,2
334,641,333,1,2
334,650,333,1,2
334,653,333,1,2
334,657,333,1,2
334,665,309,0,3
334,678,333,1,2
334,682,333,1,2
334,683,333,1,2
334,687,333,1,2
334,692,333,1,2
334,695,333,1,2
334,705,333,1,2
334,708,333,1,2
334,709,309,0,3
334,710,333,1,2
334,720,333,1,2
335,634,334,1,2
335,641,334,1,2
335,650,334,1,2
335,653,334,1,2
335,657,334,1,2
335,665,310,0,3
335,678,334,1,2
335,682,334,1,2
335,683,334,1,2
335,687,334,1,2
335,695,334,1,2
335,705,334,1,2
335,708,334,1,2
335,709,310,0,3
335,710,334,1,2
335,720,334,1,2
336,634,335,1,2
336,641,335,1,2
336,650,335,1,2
336,653,335,1,2
336,678,335,1,2
336,682,335,1,2
336,683,335,1,2
336,687,337,2,1
336,695,335,1,2
336,705,335,1,2
336,709,311,0,3
336,710,335,1,2
336,720,335,1,2
337,641,336,1,2
337,650,336,1,2
337,653,336,1,2
337,678,336,1,2
337,695,336,1,2
338,641,337,1,2
338,650,337,1,2
338,653,337,1,2
338,677,337,1,2
338,678,337,1,2
338,695,337,1,2
341,625,342,2,1
341,641,340,1,2
341,650,342,2,1
341,653,342,2,1
341,677,340,1,2
341,678,342,2,1
341,695,342,2,1
342,634,343,2,1
342,641,343,2,1
342,650,343,2,1
342,653,343,2,1
342,678,343,2,1
342,687,343,2,1
342,695,343,2,1
342,709,341,1,2
343,634,344,2,1
343,641,344,2,1
343,650,344,2,1
343,653,344,2,1
343,665,318,0,3
343,678,344,2,1
343,682,344,2,1
343,683,344,2,1
343,687,344,2,1
343,695,344,2,1
343,705,344,2,1
343,709,318,0,3
343,710,344,2,1
343,720,344,2,1
344,634,345,2,1
344,638,345,2,1
344,641,345,2,1
344,650,345,2,1
344,653,345,2,1
344,657,345,2,1
344,665,319,0,3
344,678,345,2,1
344,682,345,2,1
344,683,345,2,1
344,687,345,2,1
344,695,345,2,1
344,705,345,2,1
344,708,345,2,1
344,709,319,0,3
344,710,345,2,1
344,720,345,2,1
345,634,346,2,1
345,638,346,2,1
345,641,346,2,1
345,650,346,2,1
345,653,346,2,1
345,657,346,2,1
345,665,320,0,3
345,678,346,2,1
345,682,346,2,1
345,683,346,2,1
345,687,346,2,1
345,692,344,1,2
345,695,346,2,1
345,705,346,2,1
345,708,346,2,1
345,709,320,0,3
345,710,346,2,1
345,720,346,2,1
345,721,346,2,1
346,634,321,0,3
346,641,321,0,3
346,650,321,0,3
346,653,321,0,3
346,665,321,0,3
346,678,371,3,0
346,683,371,3,0
346,687,321,0,3
346,692,347,2,1
346,695,321,0,3
346,705,321,0,3
346,708,321,0,3
346,709,321,0,3
346,721,321,0,3
347,634,322,0,3
347,638,372,3,0
347,641,322,0,3
347,650,322,0,3
347,653,322,0,3
347,657,372,3,0
347,665,346,1,2
347,678,372,3,0
347,682,322,0,3
347,683,372,3,0
347,687,322,0,3
347,695,322,0,3
347,705,322,0,3
347,708,322,0,3
347,709,346,1,2
347,710,372,3,0
347,720,322,0,3
348,634,323,0,3
348,641,323,0,3
348,650,323,0,3
348,653,323,0,3
348,665,347,1,2
348,678,373,3,0
348,682,323,0,3
348,683,373,3,0
348,687,323,0,3
348,695,323,0,3
348,705,323,0,3
348,709,347,1,2
348,710,373,3,0
348,720,323,0,3
349,634,324,0,3
349,641,324,0,3
349,650,324,0,3
349,653,324,0,3
349,678,374,3,0
349,695,324,0,3
349,709,325,2,3
350,625,375,2,0
350,641,351,1,1
350,650,325,0,2
350,653,325,0,2
350,677,351,1,1
350,678,375,2,0
350,695,325,0,2
353,625,378,3,0
353,650,328,0,3
353,653,328,0,3
353,678,378,3,0
353,695,328,0,3
354,641,329,0,3
354,650,329,0,3
354,653,329,0,3
354,678,379,3,0
354,695,329,0,3
354,709,355,2,1
355,634,330,0,3
355,641,330,0,3
355,650,330,0,3
355,653,330,0,3
355,678,380,3,0
355,682,330,0,3
355,683,683,62,0
355,687,354,1,2
355,695,330,0,3
355,705,330,0,3
355,709,356,2,1
355,710,380,3,0
355,720,330,0,3
356,634,331,0,3
356,638,381,3,0
356,641,331,0,3
356,650,331,0,3
356,653,331,0,3
356,657,381,3,0
356,665,357,2,1
356,678,381,3,0
356,682,331,0,3
356,683,355,1,2
356,687,331,0,3
356,695,331,0,3
356,705,331,0,3
356,708,331,0,3
356,709,357,2,1
356,710,381,3,0
356,720,331,0,3
357,634,332,0,3
357,638,382,3,0
357,641,332,0,3
357,650,332,0,3
357,653,332,0,3
357,657,382,3,0
357,665,358,2,1
357,678,382,3,0
357,682,332,0,3
357,683,356,1,2
357,687,332,0,3
357,695,332,0,3
357,705,332,0,3
357,708,332,0,3
357,709,358,2,1
357,710,382,3,0
357,720,332,0,3
357,721,332,0,3
358,634,333,0,3
358,641,333,0,3
358,650,333,0,3
358,653,333,0,3
358,665,333,0,3
358,678,383,3,0
358,682,333,0,3
358,683,357,1,2
358,687,333,0,3
358,695,333,0,3
358,705,333,0,3
358,708,333,0,3
358,709,333,0,3
359,634,358,1,2
359,638,358,1,2
359,641,358,1,2
359,650,358,1,2
359,653,358,1,2
359,657,358,1,2
359,665,334,0,3
359,678,358,1,2
359,682,358,1,2
359,683,358,1,2
359,687,358,1,2
359,692,358,1,2
359,695,358,1,2
359,705,358,1,2
359,708,358,1,2
359,709,334,0,3
359,710,358,1,2
359,720,358,1,2
360,634,359,1,2
360,641,359,1,2
360,650,359,1,2
360,653,359,1,2
360,657,359,1,2
360,665,335,0,3
360,678,359,1,2
360,682,359,1,2
360,683,359,1,2
360,687,359,1,2
360,695,359,1,2
360,705,359,1,2
360,708,359,1,2
360,709,335,0,3
360,710,359,1,2
360,720,359,1,2
361,634,360,1,2
361,641,360,1,2
361,650,360,1,2
361,653,360,1,2
361,678,360,1,2
361,682,360,1,2
361,683,360,1,2
361,687,362,2,1
361,695,360,1,2
361,705,360,1,2
361,709,336,0,3
361,710,360,1,2
361,720,360,1,2
362,641,361,1,2
362,650,361,1,2
362,653,361,1,2
362,678,361,1,2
362,695,361,1,2
363,641,362,1,2
363,650,362,1,2
363,653,362,1,2
363,677,362,1,2
363,678,362,1,2
363,695,362,1,2
366,625,367,2,1
366,641,365,1,2
366,650,367,2,1
366,653,367,2,1
366,677,365,1,2
366,678,367,2,1
366,695,367,2,1
367,634,368,2,1
367,641,368,2,1
367,650,368,2,1
367,653,368,2,1
367,678,368,2,1
367,687,368,2,1
367,695,368,2,1
367,709,366,1,2
368,634,369,2,1
368,641,369,2,1
368,650,369,2,1
368,653,369,2,1
368,665,343,0,3
368,678,369,2,1
368,682,369,2,1
368,683,369,2,1
368,687,369,2,1
368,695,369,2,1
368,705,369,2,1
368,709,343,0,3
368,710,369,2,1
368,720,369,2,1
369,634,370,2,1
369,638,370,2,1
369,641,370,2,1
369,650,370,2,1
369,653,370,2,1
369,657,370,2,1
369,665,344,0,3
369,678,370,2,1
369,682,370,2,1
369,683,370,2,1
369,687,370,2,1
369,695,370,2,1
369,705,370,2,1
369,708,370,2,1
369,709,344,0,3
369,710,370,2,1
369,720,370,2,1
370,634,371,2,1
370,638,371,2,1
370,641,371,2,1
370,650,371,2,1
370,653,371,2,1
370,657,371,2,1
370,665,345,0,3
370,678,371,2,1
370,682,371,2,1
370,683,371,2,1
370,687,371,2,1
370,692,369,1,2
370,695,371,2,1
370,705,371,2,1
370,708,371,2,1
370,709,345,0,3
370,710,371,2,1
370,720,371,2,1
370,721,371,2,1
371,634,346,0,3
371,641,346,0,3
371,650,346,0,3
371,653,346,0,3
371,665,346,0,3
371,678,396,3,0
371,682,346,0,3
371,683,372,2,1
371,687,346,0,3
371,692,372,2,1
371,695,346,0,3
371,705,346,0,3
371,708,346,0,3
371,709,346,0,3
371,721,346,0,3
372,634,347,0,3
372,638,397,3,0
372,641,347,0,3
372,650,347,0,3
372,653,347,0,3
372,657,397,3,0
372,665,371,1,2
372,678,397,3,0
372,682,347,0,3
372,683,373,2,1
372,687,347,0,3
372,695,347,0,3
372,705,347,0,3
372,708,347,0,3
372,709,371,1,2
372,710,397,3,0
372,720,347,0,3
373,634,348,0,3
373,641,348,0,3
373,650,348,0,3
373,653,348,0,3
373,665,372,1,2
373,678,398,3,0
373,682,348,0,3
373,683,374,2,1
373,687,348,0,3
373,695,348,0,3
373,705,348,0,3
373,709,372,1,2
373,710,398,3,0
373,720,348,0,3
374,634,349,0,3
374,641,349,0,3
374,650,349,0,3
374,653,349,0,3
374,678,399,3,0
374,695,349,0,3
375,625,400,2,0
375,641,376,1,1
375,650,400,2,0
375,653,350,0,2
375,677,376,1,1
375,678,400,2,0
375,695,350,0,2
378,625,403,3,0
378,650,403,3,0
378,653,353,0,3
378,678,403,3,0
378,695,353,0,3
379,641,404,3,0
379,650,404,3,0
379,653,354,0,3
379,678,404,3,0
379,695,354,0,3
379,709,380,2,1
380,634,355,0,3
380,641,405,3,0
380,650,405,3,0
380,653,355,0,3
380,678,405,3,0
380,682,355,0,3
380,683,355,0,3
380,687,379,1,2
380,695,355,0,3
380,705,355,0,3
380,709,381,2,1
380,710,405,3,0
380,720,355,0,3
381,634,356,0,3
381,638,406,3,0
381,641,406,3,0
381,650,406,3,0
381,653,356,0,3
381,657,406,3,0
381,665,382,2,1
381,678,406,3,0
381,682,356,0,3
381,683,356,0,3
381,687,356,0,3
381,695,356,0,3
381,705,356,0,3
381,708,356,0,3
381,709,382,2,1
381,710,406,3,0
381,720,356,0,3
382,634,357,0,3
382,638,407,3,0
382,641,407,3,0
382,650,407,3,0
382,653,357,0,3
382,657,407,3,0
382,665,383,2,1
382,678,407,3,0
382,682,357,0,3
382,683,357,0,3
382,687,357,0,3
382,695,357,0,3
382,705,357,0,3
382,708,357,0,3
382,709,383,2,1
382,710,407,3,0
382,720,357,0,3
382,721,357,0,3
383,634,358,0,3
383,653,358,0,3
383,665,358,0,3
383,678,408,3,0
383,682,358,0,3
383,687,358,0,3
383,692,358,0,3
383,695,358,0,3
383,705,358,0,3
383,708,358,0,3
383,710,408,3,0
384,634,383,1,2
384,638,383,1,2
384,641,383,1,2
384,650,383,1,2
384,653,383,1,2
384,657,383,1,2
384,665,359,0,3
384,678,383,1,2
384,682,383,1,2
384,683,383,1,2
384,687,383,1,2
384,692,383,1,2
384,695,383,1,2
384,705,383,1,2
384,708,383,1,2
384,709,359,0,3
384,710,383,1,2
384,720,383,1,2
385,634,384,1,2
385,641,384,1,2
385,650,384,1,2
385,653,384,1,2
385,657,384,1,2
385,665,360,0,3
385,678,384,1,2
385,682,384,1,2
385,683,384,1,2
385,687,384,1,2
385,695,384,1,2
385,705,384,1,2
385,708,384,1,2
385,709,360,0,3
385,710,384,1,2
385,720,384,1,2
386,634,385,1,2
386,641,385,1,2
386,650,385,1,2
386,653,385,1,2
386,678,385,1,2
386,682,385,1,2
386,683,385,1,2
386,695,385,1,2
386,705,385,1,2
386,709,361,0,3
386,710,385,1,2
386,720,385,1,2
387,641,386,1,2
387,650,386,1,2
387,653,386,1,2
387,678,386,1,2
387,695,386,1,2
388,641,387,1,2
388,650,387,1,2
388,653,387,1,2
388,677,387,1,2
388,678,387,1,2
388,695,387,1,2
391,625,392,2,1
391,641,390,1,2
391,650,392,2,1
391,653,392,2,1
391,677,390,1,2
391,678,392,2,1
391,695,392,2,1
392,634,393,2,1
392,641,393,2,1
392,650,393,2,1
392,653,393,2,1
392,678,393,2,1
392,687,393,2,1
392,695,393,2,1
392,709,391,1,2
393,634,394,2,1
393,641,394,2,1
393,650,394,2,1
393,653,394,2,1
393,665,368,0,3
393,678,394,2,1
393,682,394,2,1
393,683,394,2,1
393,687,394,2,1
393,695,394,2,1
393,705,394,2,1
393,709,368,0,3
393,710,394,2,1
393,720,394,2,1
394,634,395,2,1
394,638,395,2,1
394,641,395,2,1
394,650,395,2,1
394,653,395,2,1
394,657,395,2,1
394,665,369,0,3
394,678,395,2,1
394,682,395,2,1
394,683,395,2,1
394,687,395,2,1
394,695,395,2,1
394,705,395,2,1
394,708,395,2,1
394,709,369,0,3
394,710,395,2,1
394,720,395,2,1
395,634,396,2,1
395,638,396,2,1
395,641,396,2,1
395,650,396,2,1
395,653,396,2,1
395,657,396,2,1
395,665,370,0,3
395,678,396,2,1
395,682,396,2,1
395,683,396,2,1
395,687,396,2,1
395,692,394,1,2
395,695,396,2,1
395,705,396,2,1
395,708,396,2,1
395,709,370,0,3
395,710,396,2,1
395,720,396,2,1
395,721,396,2,1
396,634,371,0,3
396,653,371,0,3
396,665,371,0,3
396,678,421,3,0
396,682,371,0,3
396,687,371,0,3
396,692,397,2,1
396,695,371,0,3
396,705,371,0,3
396,708,371,0,3
396,710,421,3,0
396,721,371,0,3
397,634,372,0,3
397,638,422,3,0
397,641,422,3,0
397,650,422,3,0
397,653,372,0,3
397,657,422,3,0
397,665,396,1,2
397,678,422,3,0
397,682,372,0,3
397,683,372,0,3
397,687,372,0,3
397,695,372,0,3
397,705,372,0,3
397,708,372,0,3
397,709,396,1,2
397,710,422,3,0
397,720,372,0,3
398,634,373,0,3
398,641,423,3,0
398,650,423,3,0
398,653,373,0,3
398,665,397,1,2
398,678,423,3,0
398,682,373,0,3
398,683,373,0,3
398,687,373,0,3
398,695,373,0,3
398,705,373,0,3
398,709,397,1,2
398,710,423,3,0
398,720,373,0,3
399,634,374,0,3
399,641,424,3,0
399,650,424,3,0
399,653,374,0,3
399,678,424,3,0
399,695,374,0,3
399,709,375,2,3
400,625,425,2,0
400,641,401,1,1
400,650,425,2,0
400,653,375,0,2
400,677,401,1,1
400,678,401,1,1
400,695,375,0,2
403,625,428,3,0
403,650,428,3,0
403,653,378,0,3
403,678,678,57,0
403,695,378,0,3
404,641,429,3,0
404,650,429,3,0
404,653,379,0,3
404,678,403,1,2
404,695,379,0,3
404,709,405,2,1
405,634,380,0,3
405,641,430,3,0
405,650,430,3,0
405,653,380,0,3
405,678,404,1,2
405,682,380,0,3
405,683,380,0,3
405,687,404,1,2
405,695,380,0,3
405,705,380,0,3
405,709,406,2,1
405,710,430,3,0
405,720,380,0,3
406,634,381,0,3
406,638,431,3,0
406,641,431,3,0
406,650,431,3,0
406,653,381,0,3
406,657,431,3,0
406,665,407,2,1
406,678,405,1,2
406,682,381,0,3
406,683,381,0,3
406,687,381,0,3
406,695,381,0,3
406,705,381,0,3
406,708,381,0,3
406,709,407,2,1
406,710,431,3,0
406,720,381,0,3
407,634,382,0,3
407,638,432,3,0
407,641,432,3,0
407,650,432,3,0
407,653,382,0,3
407,657,432,3,0
407,665,408,2,1
407,678,406,1,2
407,682,382,0,3
407,683,382,0,3
407,687,382,0,3
407,695,382,0,3
407,705,382,0,3
407,708,382,0,3
407,709,408,2,1
407,710,432,3,0
407,720,382,0,3
407,721,382,0,3
408,634,383,0,3
408,641,433,3,0
408,650,433,3,0
408,653,383,0,3
408,665,383,0,3
408,678,407,1,2
408,682,383,0,3
408,695,383,0,3
408,705,383,0,3
408,708,383,0,3
408,710,433,3,0
408,720,383,0,3
409,634,408,1,2
409,638,408,1,2
409,641,408,1,2
409,650,408,1,2
409,653,408,1,2
409,657,408,1,2
409,665,384,0,3
409,678,408,1,2
409,682,408,1,2
409,683,408,1,2
409,687,408,1,2
409,692,408,1,2
409,695,408,1,2
409,705,408,1,2
409,708,408,1,2
409,709,384,0,3
409,710,408,1,2
409,720,408,1,2
410,634,409,1,2
410,641,409,1,2
410,650,409,1,2
410,653,409,1,2
410,657,409,1,2
410,665,385,0,3
410,678,409,1,2
410,682,409,1,2
410,683,409,1,2
410,687,409,1,2
410,695,409,1,2
410,705,409,1,2
410,708,409,1,2
410,709,385,0,3
410,710,409,1,2
410,720,409,1,2
411,634,410,1,2
411,641,410,1,2
411,650,410,1,2
411,653,410,1,2
411,678,410,1,2
411,682,410,1,2
411,683,410,1,2
411,687,412,2,1
411,695,410,1,2
411,705,410,1,2
411,709,386,0,3
411,710,410,1,2
411,720,410,1,2
412,641,411,1,2
412,650,411,1,2
412,653,411,1,2
412,678,411,1,2
412,695,411,1,2
413,641,412,1,2
413,650,412,1,2
413,653,412,1,2
413,677,412,1,2
413,678,412,1,2
413,695,412,1,2
416,625,417,2,1
416,650,417,2,1
416,653,417,2,1
416,677,415,1,2
416,678,417,2,1
416,695,417,2,1
417,634,418,2,1
417,641,418,2,1
417,650,418,2,1
417,653,418,2,1
417,678,418,2,1
417,687,418,2,1
417,695,418,2,1
417,709,416,1,2
418,634,419,2,1
418,641,419,2,1
418,650,419,2,1
418,653,419,2,1
418,665,393,0,3
418,678,419,2,1
418,682,419,2,1
418,683,419,2,1
418,687,419,2,1
418,695,419,2,1
418,705,419,2,1
418,709,393,0,3
418,710,419,2,1
418,720,419,2,1
419,634,420,2,1
419,638,420,2,1
419,641,420,2,1
419,650,420,2,1
419,653,420,2,1
419,657,420,2,1
419,665,394,0,3
419,678,420,2,1
419,682,420,2,1
419,683,420,2,1
419,687,420,2,1
419,695,420,2,1
419,705,420,2,1
419,708,420,2,1
419,709,394,0,3
419,710,420,2,1
419,720,420,2,1
420,634,421,2,1
420,638,421,2,1
420,641,421,2,1
420,650,421,2,1
420,653,421,2,1
420,657,421,2,1
420,665,395,0,3
420,678,421,2,1
420,682,421,2,1
420,683,421,2,1
420,687,421,2,1
420,692,419,1,2
420,695,421,2,1
420,705,421,2,1
420,708,421,2,1
420,709,395,0,3
420,710,421,2,1
420,720,421,2,1
420,721,421,2,1
421,634,396,0,3
421,641,446,3,0
421,650,446,3,0
421,653,396,0,3
421,665,396,0,3
421,678,422,2,1
421,682,396,0,3
421,692,422,2,1
421,695,396,0,3
421,705,396,0,3
421,708,396,0,3
421,710,446,3,0
421,720,396,0,3
421,721,396,0,3
422,634,397,0,3
422,638,447,3,0
422,641,447,3,0
422,650,447,3,0
422,653,397,0,3
422,657,447,3,0
422,665,421,1,2
422,678,423,2,1
422,682,397,0,3
422,683,397,0,3
422,687,397,0,3
422,695,397,0,3
422,705,397,0,3
422,708,397,0,3
422,709,421,1,2
422,710,447,3,0
422,720,397,0,3
423,634,398,0,3
423,641,448,3,0
423,650,448,3,0
423,653,398,0,3
423,665,422,1,2
423,678,424,2,1
423,682,398,0,3
423,683,398,0,3
423,687,398,0,3
423,695,398,0,3
423,705,398,0,3
423,709,422,1,2
423,710,448,3,0
423,720,398,0,3
424,634,399,0,3
424,641,449,3,0
424,650,449,3,0
424,653,399,0,3
424,678,400,2,3
424,695,399,0,3
424,709,400,2,3
425,625,450,2,0
425,641,426,1,1
425,650,450,2,0
425,653,400,0,2
425,677,426,1,1
425,678,400,0,2
425,695,400,0,2
428,625,453,3,0
428,650,453,3,0
428,653,403,0,3
428,678,403,0,3
428,695,403,0,3
429,641,454,3,0
429,650,454,3,0
429,653,404,0,3
429,678,404,0,3
429,695,404,0,3
429,709,430,2,1
430,634,405,0,3
430,641,455,3,0
430,650,455,3,0
430,653,405,0,3
430,678,405,0,3
430,682,405,0,3
430,683,405,0,3
430,687,429,1,2
430,695,405,0,3
430,705,405,0,3
430,709,431,2,1
430,710,455,3,0
430,720,405,0,3
431,634,406,0,3
431,638,456,3,0
431,641,456,3,0
431,650,456,3,0
431,653,406,0,3
431,657,456,3,0
431,665,432,2,1
431,678,406,0,3
431,682,406,0,3
431,683,406,0,3
431,687,406,0,3
431,695,406,0,3
431,705,406,0,3
431,708,406,0,3
431,709,432,2,1
431,710,456,3,0
431,720,406,0,3
432,634,407,0,3
432,638,457,3,0
432,641,457,3,0
432,650,457,3,0
432,653,407,0,3
432,657,457,3,0
432,665,433,2,1
432,678,407,0,3
432,682,407,0,3
432,683,407,0,3
432,687,407,0,3
432,695,407,0,3
432,705,407,0,3
432,708,407,0,3
432,709,433,2,1
432,710,457,3,0
432,720,407,0,3
432,721,407,0,3
433,634,408,0,3
433,638,458,3,0
433,641,458,3,0
433,650,458,3,0
433,653,408,0,3
433,665,408,0,3
433,682,408,0,3
433,695,408,0,3
433,705,408,0,3
433,708,408,0,3
433,710,458,3,0
433,720,408,0,3
434,634,433,1,2
434,638,433,1,2
434,641,433,1,2
434,650,433,1,2
434,653,433,1,2
434,657,433,1,2
434,665,409,0,3
434,678,433,1,2
434,682,433,1,2
434,683,433,1,2
434,687,433,1,2
434,692,433,1,2
434,695,433,1,2
434,705,433,1,2
434,708,433,1,2
434,709,409,0,3
434,710,433,1,2
434,720,433,1,2
435,634,434,1,2
435,641,434,1,2
435,650,434,1,2
435,653,434,1,2
435,657,434,1,2
435,665,410,0,3
435,678,434,1,2
435,682,434,1,2
435,683,434,1,2
435,687,434,1,2
435,695,434,1,2
435,705,434,1,2
435,708,434,1,2
435,709,410,0,3
435,710,434,1,2
435,720,434,1,2
436,634,435,1,2
436,641,435,1,2
436,650,435,1,2
436,653,435,1,2
436,678,435,1,2
436,682,435,1,2
436,683,435,1,2
436,687,437,2,1
436,695,435,1,2
436,705,435,1,2
436,709,411,0,3
436,710,435,1,2
436,720,435,1,2
437,641,436,1,2
437,650,436,1,2
437,653,436,1,2
437,678,436,1,2
437,695,436,1,2
438,641,437,1,2
438,650,437,1,2
438,653,437,1,2
438,677,437,1,2
438,678,437,1,2
438,695,437,1,2
441,625,442,2,1
441,641,440,1,2
441,650,442,2,1
441,653,442,2,1
441,677,440,1,2
441,678,442,2,1
441,695,442,2,1
442,634,443,2,1
442,641,443,2,1
442,650,443,2,1
442,653,443,2,1
442,678,443,2,1
442,687,443,2,1
442,695,443,2,1
442,709,441,1,2
443,634,444,2,1
443,641,444,2,1
443,650,444,2,1
443,653,444,2,1
443,665,418,0,3
443,678,444,2,1
443,682,444,2,1
443,683,444,2,1
443,687,444,2,1
443,695,444,2,1
443,705,444,2,1
443,709,418,0,3
443,710,444,2,1
443,720,444,2,1
444,634,445,2,1
444,638,445,2,1
444,641,445,2,1
444,650,445,2,1
444,653,445,2,1
444,657,445,2,1
444,665,419,0,3
444,678,445,2,1
444,682,445,2,1
444,683,445,2,1
444,687,445,2,1
444,695,445,2,1
444,705,445,2,1
444,708,445,2,1
444,709,419,0,3
444,710,445,2,1
444,720,445,2,1
445,634,446,2,1
445,638,446,2,1
445,641,446,2,1
445,650,446,2,1
445,653,446,2,1
445,657,446,2,1
445,665,420,0,3
445,678,446,2,1
445,682,446,2,1
445,683,446,2,1
445,687,446,2,1
445,692,444,1,2
445,695,446,2,1
445,705,446,2,1
445,708,446,2,1
445,709,420,0,3
445,710,446,2,1
445,720,446,2,1
445,721,446,2,1
446,634,421,0,3
446,638,471,3,0
446,641,471,3,0
446,650,471,3,0
446,653,421,0,3
446,665,421,0,3
446,682,421,0,3
446,692,447,2,1
446,695,421,0,3
446,705,421,0,3
446,708,421,0,3
446,710,471,3,0
446,720,421,0,3
446,721,421,0,3
447,634,422,0,3
447,638,472,3,0
447,641,472,3,0
447,650,472,3,0
447,653,422,0,3
447,657,472,3,0
447,665,446,1,2
447,678,422,0,3
447,682,422,0,3
447,683,422,0,3
447,687,422,0,3
447,695,422,0,3
447,705,422,0,3
447,708,422,0,3
447,709,446,1,2
447,710,472,3,0
447,720,422,0,3
448,634,423,0,3
448,641,473,3,0
448,650,473,3,0
448,653,423,0,3
448,665,447,1,2
448,678,423,0,3
448,682,423,0,3
448,683,423,0,3
448,687,423,0,3
448,695,423,0,3
448,705,423,0,3
448,709,447,1,2
448,710,473,3,0
448,720,423,0,3
449,634,424,0,3
449,641,474,3,0
449,650,474,3,0
449,653,424,0,3
449,678,424,0,3
449,695,424,0,3
449,709,425,2,3
450,625,475,2,0
450,641,451,1,1
450,650,475,2,0
450,653,425,0,2
450,677,451,1,1
450,678,425,0,2
450,695,425,0,2
453,625,478,3,0
453,650,478,3,0
453,653,428,0,3
453,678,428,0,3
453,695,428,0,3
454,641,479,3,0
454,650,479,3,0
454,653,429,0,3
454,678,429,0,3
454,695,429,0,3
454,709,455,2,1
455,634,430,0,3
455,641,480,3,0
455,650,480,3,0
455,653,430,0,3
455,678,430,0,3
455,682,430,0,3
455,683,430,0,3
455,687,454,1,2
455,695,430,0,3
455,705,430,0,3
455,709,456,2,1
455,710,480,3,0
455,720,430,0,3
456,634,431,0,3
456,638,481,3,0
456,641,481,3,0
456,650,481,3,0
456,653,431,0,3
456,657,481,3,0
456,665,457,2,1
456,678,431,0,3
456,682,431,0,3
456,683,431,0,3
456,687,431,0,3
456,695,431,0,3
456,705,431,0,3
456,708,431,0,3
456,709,457,2,1
456,710,481,3,0
456,720,431,0,3
457,634,432,0,3
457,638,482,3,0
457,641,482,3,0
457,650,482,3,0
457,653,432,0,3
457,657,482,3,0
457,665,458,2,1
457,678,432,0,3
457,682,432,0,3
457,683,432,0,3
457,687,432,0,3
457,695,432,0,3
457,705,432,0,3
457,708,432,0,3
457,709,458,2,1
457,710,482,3,0
457,720,432,0,3
457,721,432,0,3
458,634,433,0,3
458,638,483,3,0
458,641,483,3,0
458,650,483,3,0
458,653,433,0,3
458,657,483,3,0
458,678,433,0,3
458,682,433,0,3
458,695,433,0,3
458,705,433,0,3
458,708,433,0,3
458,709,483,3,0
458,710,483,3,0
458,720,433,0,3
458,721,433,0,3
459,634,458,1,2
459,638,458,1,2
459,641,458,1,2
459,650,458,1,2
459,653,458,1,2
459,657,458,1,2
459,665,484,3,0
459,678,458,1,2
459,682,458,1,2
459,683,458,1,2
459,687,458,1,2
459,692,458,1,2
459,695,458,1,2
459,705,458,1,2
459,708,458,1,2
459,709,484,3,0
459,710,458,1,2
459,720,458,1,2
460,634,459,1,2
460,641,459,1,2
460,650,459,1,2
460,653,459,1,2
460,657,459,1,2
460,665,485,3,0
460,678,459,1,2
460,682,459,1,2
460,683,459,1,2
460,687,459,1,2
460,695,459,1,2
460,705,459,1,2
460,708,459,1,2
460,709,485,3,0
460,710,459,1,2
460,720,459,1,2
461,634,460,1,2
461,641,460,1,2
461,650,460,1,2
461,653,460,1,2
461,678,460,1,2
461,682,460,1,2
461,683,460,1,2
461,687,462,2,1
461,695,460,1,2
461,705,460,1,2
461,709,486,3,0
461,710,460,1,2
461,720,460,1,2
462,641,461,1,2
462,650,461,1,2
462,653,461,1,2
462,678,461,1,2
462,695,461,1,2
463,641,462,1,2
463,650,462,1,2
463,653,462,1,2
463,677,462,1,2
463,678,462,1,2
463,695,462,1,2
466,625,467,2,1
466,641,465,1,2
466,650,467,2,1
466,653,467,2,1
466,677,465,1,2
466,678,467,2,1
466,695,467,2,1
467,634,468,2,1
467,641,468,2,1
467,650,468,2,1
467,653,468,2,1
467,678,468,2,1
467,687,468,2,1
467,695,468,2,1
467,709,466,1,2
468,634,469,2,1
468,641,469,2,1
468,650,469,2,1
468,653,469,2,1
468,665,493,3,0
468,678,469,2,1
468,682,469,2,1
468,683,469,2,1
468,687,469,2,1
468,695,469,2,1
468,705,469,2,1
468,709,493,3,0
468,710,469,2,1
468,720,469,2,1
469,634,470,2,1
469,638,470,2,1
469,641,470,2,1
469,650,470,2,1
469,653,470,2,1
469,657,470,2,1
469,665,494,3,0
469,678,470,2,1
469,682,470,2,1
469,683,470,2,1
469,687,470,2,1
469,695,470,2,1
469,705,470,2,1
469,708,470,2,1
469,709,494,3,0
469,710,470,2,1
469,720,470,2,1
470,634,471,2,1
470,638,471,2,1
470,641,471,2,1
470,650,471,2,1
470,653,471,2,1
470,657,471,2,1
470,665,495,3,0
470,678,471,2,1
470,682,471,2,1
470,683,471,2,1
470,687,471,2,1
470,692,469,1,2
470,695,471,2,1
470,705,471,2,1
470,708,471,2,1
470,709,495,3,0
470,710,471,2,1
470,720,471,2,1
470,721,471,2,1
471,634,446,0,3
471,638,496,3,0
471,641,496,3,0
471,650,496,3,0
471,653,446,0,3
471,657,496,3,0
471,678,446,0,3
471,682,446,0,3
471,692,472,2,1
471,695,446,0,3
471,705,446,0,3
471,708,446,0,3
471,709,496,3,0
471,710,496,3,0
471,720,446,0,3
471,721,446,0,3
472,634,447,0,3
472,638,497,3,0
472,641,497,3,0
472,650,497,3,0
472,653,447,0,3
472,657,497,3,0
472,665,471,1,2
472,678,447,0,3
472,682,447,0,3
472,683,447,0,3
472,687,447,0,3
472,695,447,0,3
472,705,447,0,3
472,708,447,0,3
472,709,471,1,2
472,710,497,3,0
472,720,447,0,3
473,634,448,0,3
473,641,498,3,0
473,650,498,3,0
473,653,448,0,3
473,665,472,1,2
473,678,448,0,3
473,682,448,0,3
473,683,448,0,3
473,687,448,0,3
473,695,448,0,3
473,705,448,0,3
473,709,472,1,2
473,710,498,3,0
473,720,448,0,3
474,634,449,0,3
474,641,499,3,0
474,650,499,3,0
474,653,449,0,3
474,678,449,0,3
474,695,449,0,3
474,709,450,2,3
475,625,500,2,0
475,641,476,1,1
475,650,500,2,0
475,653,500,2,0
475,677,476,1,1
475,678,450,0,2
475,695,450,0,2
478,625,503,3,0
478,650,503,3,0
478,653,503,3,0
478,678,453,0,3
478,695,453,0,3
479,641,504,3,0
479,650,504,3,0
479,653,504,3,0
479,678,454,0,3
479,695,454,0,3
479,709,480,2,1
480,634,455,0,3
480,641,505,3,0
480,650,505,3,0
480,653,505,3,0
480,678,455,0,3
480,682,455,0,3
480,683,455,0,3
480,687,479,1,2
480,695,455,0,3
480,705,455,0,3
480,709,481,2,1
480,710,505,3,0
480,720,455,0,3
481,634,456,0,3
481,638,506,3,0
481,641,506,3,0
481,650,506,3,0
481,653,506,3,0
481,657,506,3,0
481,665,482,2,1
481,678,456,0,3
481,682,456,0,3
481,683,456,0,3
481,687,456,0,3
481,695,456,0,3
481,705,456,0,3
481,708,506,3,0
481,709,482,2,1
481,710,506,3,0
481,720,456,0,3
482,634,457,0,3
482,638,507,3,0
482,641,507,3,0
482,650,507,3,0
482,653,507,3,0
482,657,507,3,0
482,665,483,2,1
482,678,457,0,3
482,682,457,0,3
482,683,457,0,3
482,687,457,0,3
482,695,457,0,3
482,705,457,0,3
482,708,507,3,0
482,709,483,2,1
482,710,507,3,0
482,720,457,0,3
482,721,507,3,0
483,634,458,0,3
483,638,508,3,0
483,641,508,3,0
483,650,508,3,0
483,657,508,3,0
483,678,458,0,3
483,682,458,0,3
483,683,458,0,3
483,695,458,0,3
483,705,458,0,3
483,709,508,3,0
483,710,508,3,0
483,720,458,0,3
484,634,483,1,2
484,638,483,1,2
484,641,483,1,2
484,650,483,1,2
484,653,483,1,2
484,657,483,1,2
484,665,509,3,0
484,678,483,1,2
484,682,483,1,2
484,683,483,1,2
484,687,483,1,2
484,692,483,1,2
484,695,483,1,2
484,705,483,1,2
484,708,483,1,2
484,709,509,3,0
484,710,483,1,2
484,720,483,1,2
485,634,484,1,2
485,641,484,1,2
485,650,484,1,2
485,653,484,1,2
485,657,484,1,2
485,665,510,3,0
485,678,484,1,2
485,682,484,1,2
485,683,484,1,2
485,687,484,1,2
485,695,484,1,2
485,705,484,1,2
485,708,484,1,2
485,709,510,3,0
485,710,484,1,2
485,720,484,1,2
486,634,485,1,2
486,641,485,1,2
486,650,485,1,2
486,653,485,1,2
486,678,485,1,2
486,682,485,1,2
486,683,485,1,2
486,687,487,2,1
486,695,485,1,2
486,705,485,1,2
486,709,511,3,0
486,710,485,1,2
486,720,485,1,2
487,641,486,1,2
487,650,486,1,2
487,653,486,1,2
487,678,486,1,2
487,695,486,1,2
488,641,487,1,2
488,650,487,1,2
488,653,487,1,2
488,677,487,1,2
488,678,487,1,2
488,695,487,1,2
491,625,492,2,1
491,641,490,1,2
491,650,492,2,1
491,653,492,2,1
491,677,490,1,2
491,678,492,2,1
491,695,492,2,1
492,634,493,2,1
492,641,493,2,1
492,650,493,2,1
492,653,493,2,1
492,678,493,2,1
492,687,493,2,1
492,695,493,2,1
492,709,491,1,2
493,634,494,2,1
493,641,494,2,1
493,650,494,2,1
493,653,494,2,1
493,665,518,3,0
493,678,494,2,1
493,682,494,2,1
493,683,494,2,1
493,687,494,2,1
493,695,494,2,1
493,705,494,2,1
493,709,518,3,0
493,710,494,2,1
493,720,494,2,1
494,634,495,2,1
494,638,495,2,1
494,641,495,2,1
494,650,495,2,1
494,653,495,2,1
494,657,495,2,1
494,665,519,3,0
494,678,495,2,1
494,682,495,2,1
494,683,495,2,1
494,687,495,2,1
494,695,495,2,1
494,705,495,2,1
494,708,495,2,1
494,709,519,3,0
494,710,495,2,1
494,720,495,2,1
495,634,496,2,1
495,638,496,2,1
495,641,496,2,1
495,650,496,2,1
495,653,496,2,1
495,657,496,2,1
495,665,520,3,0
495,678,496,2,1
495,682,496,2,1
495,683,496,2,1
495,687,496,2,1
495,692,494,1,2
495,695,496,2,1
495,705,496,2,1
495,708,496,2,1
495,709,520,3,0
495,710,496,2,1
495,720,496,2,1
495,721,496,2,1
496,634,471,0,3
496,638,521,3,0
496,641,521,3,0
496,650,521,3,0
496,657,521,3,0
496,678,471,0,3
496,682,471,0,3
496,683,471,0,3
496,692,497,2,1
496,695,471,0,3
496,705,471,0,3
496,709,521,3,0
496,710,521,3,0
496,720,471,0,3
496,721,521,3,0
497,634,472,0,3
497,638,522,3,0
497,641,522,3,0
497,650,522,3,0
497,653,522,3,0
497,657,522,3,0
497,665,496,1,2
497,678,472,0,3
497,682,472,0,3
497,683,472,0,3
497,687,472,0,3
497,695,472,0,3
497,705,472,0,3
497,708,522,3,0
497,709,496,1,2
497,710,522,3,0
497,720,472,0,3
498,634,473,0,3
498,641,523,3,0
498,650,523,3,0
498,653,523,3,0
498,665,497,1,2
498,678,473,0,3
498,682,473,0,3
498,683,473,0,3
498,687,473,0,3
498,695,473,0,3
498,705,473,0,3
498,709,497,1,2
498,710,523,3,0
498,720,473,0,3
499,634,474,0,3
499,641,524,3,0
499,650,524,3,0
499,653,524,3,0
499,678,474,0,3
499,695,474,0,3
499,709,475,2,3
500,625,525,2,0
500,641,501,1,1
500,650,525,2,0
500,653,525,2,0
500,677,501,1,1
500,678,475,0,2
500,695,475,0,2
503,625,528,3,0
503,650,528,3,0
503,653,528,3,0
503,678,478,0,3
503,695,478,0,3
504,641,529,3,0
504,650,529,3,0
504,653,529,3,0
504,678,479,0,3
504,695,479,0,3
504,709,505,2,1
505,634,480,0,3
505,641,530,3,0
505,650,530,3,0
505,653,530,3,0
505,678,480,0,3
505,682,480,0,3
505,683,480,0,3
505,687,504,1,2
505,695,480,0,3
505,705,480,0,3
505,709,506,2,1
505,710,530,3,0
505,720,480,0,3
506,634,481,0,3
506,638,531,3,0
506,641,531,3,0
506,650,531,3,0
506,653,531,3,0
506,657,531,3,0
506,665,507,2,1
506,678,481,0,3
506,682,481,0,3
506,683,481,0,3
506,687,531,3,0
506,695,481,0,3
506,705,481,0,3
506,708,531,3,0
506,709,507,2,1
506,710,531,3,0
506,720,481,0,3
507,634,482,0,3
507,638,532,3,0
507,641,532,3,0
507,650,532,3,0
507,653,532,3,0
507,657,532,3,0
507,665,508,2,1
507,678,482,0,3
507,682,482,0,3
507,683,482,0,3
507,687,532,3,0
507,695,482,0,3
507,705,482,0,3
507,708,532,3,0
507,709,508,2,1
507,710,532,3,0
507,720,482,0,3
507,721,532,3,0
508,634,483,0,3
508,638,533,3,0
508,641,533,3,0
508,650,533,3,0
508,653,533,3,0
508,657,533,3,0
508,678,483,0,3
508,682,483,0,3
508,683,483,0,3
508,687,533,3,0
508,695,483,0,3
508,705,483,0,3
508,709,533,3,0
508,710,533,3,0
508,720,483,0,3
509,634,508,1,2
509,638,508,1,2
509,641,508,1,2
509,650,508,1,2
509,653,508,1,2
509,657,508,1,2
509,665,534,3,0
509,678,508,1,2
509,682,508,1,2
509,683,508,1,2
509,687,508,1,2
509,692,508,1,2
509,695,508,1,2
509,705,508,1,2
509,708,508,1,2
509,709,534,3,0
509,710,508,1,2
509,720,508,1,2
510,634,509,1,2
510,641,509,1,2
510,650,509,1,2
510,653,509,1,2
510,657,509,1,2
510,665,535,3,0
510,678,509,1,2
510,682,509,1,2
510,683,509,1,2
510,687,509,1,2
510,695,509,1,2
510,705,509,1,2
510,708,509,1,2
510,709,535,3,0
510,710,509,1,2
510,720,509,1,2
511,634,510,1,2
511,641,510,1,2
511,650,510,1,2
511,653,510,1,2
511,678,510,1,2
511,682,510,1,2
511,683,510,1,2
511,687,512,2,1
511,695,510,1,2
511,705,510,1,2
511,709,536,3,0
511,710,510,1,2
511,720,510,1,2
512,641,511,1,2
512,650,511,1,2
512,653,511,1,2
512,678,511,1,2
512,695,511,1,2
513,641,512,1,2
513,650,512,1,2
513,653,512,1,2
513,677,512,1,2
513,678,512,1,2
513,695,512,1,2
516,625,517,2,1
516,641,515,1,2
516,650,517,2,1
516,653,517,2,1
516,677,515,1,2
516,678,517,2,1
516,695,517,2,1
517,634,518,2,1
517,641,518,2,1
517,650,518,2,1
517,653,518,2,1
517,678,518,2,1
517,687,518,2,1
517,695,518,2,1
517,709,516,1,2
518,634,519,2,1
518,641,519,2,1
518,650,519,2,1
518,653,519,2,1
518,665,543,3,0
518,678,519,2,1
518,682,519,2,1
518,683,519,2,1
518,687,519,2,1
518,695,519,2,1
518,705,519,2,1
518,709,543,3,0
518,710,519,2,1
518,720,519,2,1
519,634,520,2,1
519,638,520,2,1
519,641,520,2,1
519,650,520,2,1
519,653,520,2,1
519,657,520,2,1
519,665,544,3,0
519,678,520,2,1
519,682,520,2,1
519,683,520,2,1
519,687,520,2,1
519,695,520,2,1
519,705,520,2,1
519,708,520,2,1
519,709,544,3,0
519,710,520,2,1
519,720,520,2,1
520,634,521,2,1
520,638,521,2,1
520,641,521,2,1
520,650,521,2,1
520,653,521,2,1
520,657,521,2,1
520,665,545,3,0
520,678,521,2,1
520,682,521,2,1
520,683,521,2,1
520,687,521,2,1
520,692,519,1,2
520,695,521,2,1
520,705,521,2,1
520,708,521,2,1
520,709,545,3,0
520,710,521,2,1
520,720,521,2,1
520,721,521,2,1
521,634,496,0,3
521,638,546,3,0
521,641,546,3,0
521,650,546,3,0
521,653,546,3,0
521,657,546,3,0
521,678,496,0,3
521,682,496,0,3
521,683,496,0,3
521,687,546,3,0
521,692,522,2,1
521,695,496,0,3
521,705,496,0,3
521,709,546,3,0
521,710,546,3,0
521,720,496,0,3
521,721,546,3,0
522,634,497,0,3
522,638,547,3,0
522,641,547,3,0
522,650,547,3,0
522,653,547,3,0
522,657,547,3,0
522,665,521,1,2
522,678,497,0,3
522,682,497,0,3
522,683,497,0,3
522,687,547,3,0
522,695,497,0,3
522,705,497,0,3
522,708,547,3,0
522,709,521,1,2
522,710,547,3,0
522,720,497,0,3
523,634,498,0,3
523,641,548,3,0
523,650,548,3,0
523,653,548,3,0
523,665,522,1,2
523,678,498,0,3
523,682,498,0,3
523,683,498,0,3
523,687,548,3,0
523,695,498,0,3
523,705,498,0,3
523,709,522,1,2
523,710,548,3,0
523,720,498,0,3
524,634,499,0,3
524,641,549,3,0
524,650,549,3,0
524,653,549,3,0
524,678,499,0,3
524,695,499,0,3
524,709,500,2,3
525,625,550,2,0
525,641,526,1,1
525,650,550,2,0
525,653,550,2,0
525,677,526,1,1
525,678,500,0,2
525,695,500,0,2
528,625,553,3,0
528,650,553,3,0
528,653,553,3,0
528,678,503,0,3
528,695,503,0,3
529,641,554,3,0
529,650,554,3,0
529,653,554,3,0
529,678,504,0,3
529,695,504,0,3
529,709,530,2,1
530,634,505,0,3
530,641,555,3,0
530,650,555,3,0
530,653,555,3,0
530,678,505,0,3
530,682,505,0,3
530,683,505,0,3
530,687,529,1,2
530,695,505,0,3
530,705,555,3,0
530,709,531,2,1
530,710,555,3,0
530,720,505,0,3
531,634,506,0,3
531,638,638,17,0
531,641,556,3,0
531,650,556,3,0
531,653,556,3,0
531,657,556,3,0
531,665,532,2,1
531,678,506,0,3
531,682,506,0,3
531,683,506,0,3
531,687,556,3,0
531,695,506,0,3
531,705,556,3,0
531,708,556,3,0
531,709,532,2,1
531,710,556,3,0
531,720,506,0,3
532,634,507,0,3
532,638,531,1,2
532,641,557,3,0
532,650,557,3,0
532,653,557,3,0
532,657,557,3,0
532,665,533,2,1
532,678,507,0,3
532,682,507,0,3
532,683,507,0,3
532,687,557,3,0
532,695,507,0,3
532,705,557,3,0
532,708,557,3,0
532,709,533,2,1
532,710,557,3,0
532,720,507,0,3
532,721,557,3,0
533,638,532,1,2
533,641,558,3,0
533,650,558,3,0
533,653,558,3,0
533,657,558,3,0
533,678,508,0,3
533,682,508,0,3
533,683,508,0,3
533,687,558,3,0
533,695,508,0,3
533,709,558,3,0
533,710,558,3,0
533,720,508,0,3
534,634,533,1,2
534,638,533,1,2
534,641,533,1,2
534,650,533,1,2
534,653,533,1,2
534,657,533,1,2
534,665,559,3,0
534,678,533,1,2
534,682,533,1,2
534,683,533,1,2
534,687,533,1,2
534,692,533,1,2
534,695,533,1,2
534,705,533,1,2
534,708,533,1,2
534,709,559,3,0
534,710,533,1,2
534,720,533,1,2
535,634,534,1,2
535,641,534,1,2
535,650,534,1,2
535,653,534,1,2
535,657,534,1,2
535,665,560,3,0
535,678,534,1,2
535,682,534,1,2
535,683,534,1,2
535,687,534,1,2
535,695,534,1,2
535,705,534,1,2
535,708,534,1,2
535,709,560,3,0
535,710,534,1,2
535,720,534,1,2
536,634,535,1,2
536,641,535,1,2
536,650,535,1,2
536,653,535,1,2
536,678,535,1,2
536,682,535,1,2
536,683,535,1,2
536,687,537,2,1
536,695,535,1,2
536,705,535,1,2
536,709,561,3,0
536,710,535,1,2
536,720,535,1,2
537,641,536,1,2
537,650,536,1,2
537,653,536,1,2
537,678,536,1,2
537,695,536,1,2
538,641,537,1,2
538,650,537,1,2
538,653,537,1,2
538,677,537,1,2
538,678,537,1,2
538,695,537,1,2
541,625,542,2,1
541,641,540,1,2
541,650,542,2,1
541,653,542,2,1
541,677,540,1,2
541,678,542,2,1
541,695,542,2,1
542,634,543,2,1
542,641,543,2,1
542,650,543,2,1
542,653,543,2,1
542,678,543,2,1
542,687,543,2,1
542,695,543,2,1
542,709,541,1,2
543,634,544,2,1
543,641,544,2,1
543,650,544,2,1
543,653,544,2,1
543,665,568,3,0
543,678,544,2,1
543,682,544,2,1
543,683,544,2,1
543,687,544,2,1
543,695,544,2,1
543,705,544,2,1
543,709,568,3,0
543,710,544,2,1
543,720,544,2,1
544,634,545,2,1
544,638,545,2,1
544,641,545,2,1
544,650,545,2,1
544,653,545,2,1
544,657,545,2,1
544,665,569,3,0
544,678,545,2,1
544,682,545,2,1
544,683,545,2,1
544,687,545,2,1
544,695,545,2,1
544,705,545,2,1
544,708,545,2,1
544,709,569,3,0
544,710,545,2,1
544,720,545,2,1
545,634,546,2,1
545,638,546,2,1
545,641,546,2,1
545,650,546,2,1
545,653,546,2,1
545,657,546,2,1
545,665,570,3,0
545,678,546,2,1
545,682,546,2,1
545,683,546,2,1
545,687,546,2,1
545,692,544,1,2
545,695,546,2,1
545,705,546,2,1
545,708,546,2,1
545,709,570,3,0
545,710,546,2,1
545,720,546,2,1
545,721,546,2,1
546,638,547,2,1
546,641,571,3,0
546,650,571,3,0
546,653,571,3,0
546,657,571,3,0
546,678,521,0,3
546,682,521,0,3
546,683,521,0,3
546,687,571,3,0
546,692,547,2,1
546,695,521,0,3
546,709,571,3,0
546,710,571,3,0
546,720,521,0,3
546,721,571,3,0
547,634,522,0,3
547,641,572,3,0
547,650,572,3,0
547,653,572,3,0
547,657,572,3,0
547,665,546,1,2
547,678,522,0,3
547,682,522,0,3
547,683,522,0,3
547,687,572,3,0
547,695,522,0,3
547,705,572,3,0
547,708,572,3,0
547,709,546,1,2
547,710,572,3,0
547,720,522,0,3
548,634,523,0,3
548,641,573,3,0
548,650,573,3,0
548,653,573,3,0
548,665,547,1,2
548,678,523,0,3
548,682,523,0,3
548,683,523,0,3
548,687,573,3,0
548,695,523,0,3
548,705,573,3,0
548,709,547,1,2
548,710,573,3,0
548,720,523,0,3
549,634,524,0,3
549,641,574,3,0
549,650,574,3,0
549,653,574,3,0
549,678,524,0,3
549,695,524,0,3
549,709,525,2,3
550,625,575,2,0
550,641,551,1,1
550,650,575,2,0
550,653,575,2,0
550,677,551,1,1
550,678,525,0,2
550,695,575,2,0
553,625,578,3,0
553,650,578,3,0
553,653,578,3,0
553,678,528,0,3
553,695,578,3,0
554,641,579,3,0
554,650,579,3,0
554,653,579,3,0
554,678,529,0,3
554,695,579,3,0
554,709,555,2,1
555,634,530,0,3
555,641,580,3,0
555,650,580,3,0
555,653,580,3,0
555,678,530,0,3
555,682,580,3,0
555,683,530,0,3
555,687,554,1,2
555,695,580,3,0
555,705,580,3,0
555,709,556,2,1
555,710,580,3,0
555,720,530,0,3
556,634,531,0,3
556,638,531,0,3
556,641,581,3,0
556,650,581,3,0
556,653,581,3,0
556,657,581,3,0
556,665,557,2,1
556,678,531,0,3
556,682,581,3,0
556,683,531,0,3
556,687,581,3,0
556,695,581,3,0
556,705,581,3,0
556,708,581,3,0
556,709,557,2,1
556,710,581,3,0
556,720,531,0,3
557,634,532,0,3
557,638,532,0,3
557,641,582,3,0
557,650,582,3,0
557,653,582,3,0
557,657,582,3,0
557,665,558,2,1
557,678,532,0,3
557,682,582,3,0
557,683,532,0,3
557,687,582,3,0
557,695,582,3,0
557,705,582,3,0
557,708,582,3,0
557,709,558,2,1
557,710,582,3,0
557,720,532,0,3
557,721,582,3,0
558,641,583,3,0
558,650,583,3,0
558,653,583,3,0
558,657,583,3,0
558,678,533,0,3
558,683,533,0,3
558,687,583,3,0
558,709,583,3,0
558,710,583,3,0
558,720,533,0,3
559,634,558,1,2
559,638,558,1,2
559,641,558,1,2
559,650,558,1,2
559,653,558,1,2
559,657,558,1,2
559,665,584,3,0
559,678,558,1,2
559,682,558,1,2
559,683,558,1,2
559,687,558,1,2
559,692,558,1,2
559,695,558,1,2
559,705,558,1,2
559,708,558,1,2
559,709,584,3,0
559,710,558,1,2
559,720,558,1,2
560,634,559,1,2
560,641,559,1,2
560,650,559,1,2
560,653,559,1,2
560,657,559,1,2
560,665,585,3,0
560,678,559,1,2
560,682,559,1,2
560,683,559,1,2
560,687,559,1,2
560,695,559,1,2
560,705,559,1,2
560,708,559,1,2
560,709,585,3,0
560,710,559,1,2
560,720,559,1,2
561,634,560,1,2
561,641,560,1,2
561,650,560,1,2
561,653,560,1,2
561,678,560,1,2
561,682,560,1,2
561,683,560,1,2
561,687,562,2,1
561,695,560,1,2
561,705,560,1,2
561,709,586,3,0
561,710,560,1,2
561,720,560,1,2
562,641,561,1,2
562,650,561,1,2
562,653,561,1,2
562,678,561,1,2
562,695,561,1,2
563,641,562,1,2
563,650,562,1,2
563,653,562,1,2
563,677,562,1,2
563,678,562,1,2
563,695,562,1,2
566,625,567,2,1
566,641,565,1,2
566,650,567,2,1
566,653,567,2,1
566,677,565,1,2
566,678,567,2,1
566,695,567,2,1
567,634,568,2,1
567,641,568,2,1
567,650,568,2,1
567,653,568,2,1
567,678,568,2,1
567,687,568,2,1
567,695,568,2,1
567,709,566,1,2
568,634,569,2,1
568,641,569,2,1
568,650,569,2,1
568,653,569,2,1
568,665,593,3,0
568,678,569,2,1
568,682,569,2,1
568,683,569,2,1
568,687,569,2,1
568,695,569,2,1
568,705,569,2,1
568,709,593,3,0
568,710,569,2,1
568,720,569,2,1
569,634,570,2,1
569,638,570,2,1
569,641,570,2,1
569,650,570,2,1
569,653,570,2,1
569,657,570,2,1
569,665,594,3,0
569,678,570,2,1
569,682,570,2,1
569,683,570,2,1
569,687,570,2,1
569,695,570,2,1
569,705,570,2,1
569,708,570,2,1
569,709,594,3,0
569,710,570,2,1
569,720,570,2,1
570,634,571,2,1
570,638,571,2,1
570,641,571,2,1
570,650,571,2,1
570,653,571,2,1
570,657,571,2,1
570,665,595,3,0
570,678,571,2,1
570,682,571,2,1
570,683,571,2,1
570,687,571,2,1
570,692,569,1,2
570,695,571,2,1
570,705,571,2,1
570,708,571,2,1
570,709,595,3,0
570,710,571,2,1
570,720,571,2,1
570,721,571,2,1
571,641,596,3,0
571,650,596,3,0
571,653,596,3,0
571,657,596,3,0
571,678,546,0,3
571,683,546,0,3
571,687,596,3,0
571,692,572,2,1
571,709,596,3,0
571,710,596,3,0
571,720,546,0,3
571,721,596,3,0
572,634,547,0,3
572,638,547,0,3
572,641,597,3,0
572,650,597,3,0
572,653,597,3,0
572,657,597,3,0
572,665,571,1,2
572,678,547,0,3
572,682,597,3,0
572,683,547,0,3
572,687,597,3,0
572,695,597,3,0
572,705,597,3,0
572,708,597,3,0
572,709,571,1,2
572,710,597,3,0
572,720,547,0,3
573,634,548,0,3
573,641,598,3,0
573,650,598,3,0
573,653,598,3,0
573,665,572,1,2
573,678,548,0,3
573,682,598,3,0
573,683,548,0,3
573,687,598,3,0
573,695,598,3,0
573,705,598,3,0
573,709,572,1,2
573,710,598,3,0
573,720,548,0,3
574,634,549,0,3
574,641,599,3,0
574,650,599,3,0
574,653,599,3,0
574,678,549,0,3
574,695,599,3,0
574,709,550,2,3
575,625,600,2,0
575,641,576,1,1
575,650,600,2,0
575,653,600,2,0
575,677,576,1,1
575,678,550,0,2
575,695,600,2,0
578,625,603,3,0
578,650,603,3,0
578,653,603,3,0
578,678,553,0,3
578,695,603,3,0
579,641,604,3,0
579,650,604,3,0
579,653,604,3,0
579,678,554,0,3
579,695,604,3,0
579,709,580,2,1
580,634,555,0,3
580,641,605,3,0
580,650,605,3,0
580,653,605,3,0
580,678,555,0,3
580,682,605,3,0
580,683,555,0,3
580,687,579,1,2
580,695,605,3,0
580,705,605,3,0
580,709,581,2,1
580,710,710,89,0
580,720,555,0,3
581,634,556,0,3
581,638,556,0,3
581,641,606,3,0
581,650,606,3,0
581,653,606,3,0
581,657,606,3,0
581,665,582,2,1
581,678,556,0,3
581,682,606,3,0
581,683,556,0,3
581,687,606,3,0
581,695,606,3,0
581,705,606,3,0
581,708,606,3,0
581,709,582,2,1
581,710,580,1,2
581,720,556,0,3
582,634,557,0,3
582,638,557,0,3
582,641,607,3,0
582,650,607,3,0
582,653,607,3,0
582,657,607,3,0
582,665,583,2,1
582,678,557,0,3
582,682,607,3,0
582,683,557,0,3
582,687,607,3,0
582,695,607,3,0
582,705,607,3,0
582,708,607,3,0
582,709,583,2,1
582,710,581,1,2
582,720,557,0,3
582,721,607,3,0
583,641,608,3,0
583,650,608,3,0
583,653,608,3,0
583,657,608,3,0
583,665,608,3,0
583,678,558,0,3
583,683,558,0,3
583,687,608,3,0
583,695,608,3,0
583,709,608,3,0
583,710,582,1,2
583,720,558,0,3
584,634,583,1,2
584,638,583,1,2
584,641,583,1,2
584,650,583,1,2
584,653,583,1,2
584,657,583,1,2
584,665,609,3,0
584,678,583,1,2
584,682,583,1,2
584,683,583,1,2
584,687,583,1,2
584,692,583,1,2
584,695,583,1,2
584,705,583,1,2
584,708,583,1,2
584,709,609,3,0
584,710,583,1,2
584,720,583,1,2
585,634,584,1,2
585,641,584,1,2
585,650,584,1,2
585,653,584,1,2
585,657,584,1,2
585,665,610,3,0
585,678,584,1,2
585,682,584,1,2
585,683,584,1,2
585,687,584,1,2
585,695,584,1,2
585,705,584,1,2
585,708,584,1,2
585,709,610,3,0
585,710,584,1,2
585,720,584,1,2
586,634,585,1,2
586,641,585,1,2
586,650,585,1,2
586,653,585,1,2
586,678,585,1,2
586,682,585,1,2
586,683,585,1,2
586,687,587,2,1
586,695,585,1,2
586,705,585,1,2
586,709,611,3,0
586,710,585,1,2
586,720,585,1,2
587,641,586,1,2
587,650,586,1,2
587,653,586,1,2
587,678,586,1,2
587,695,586,1,2
588,641,587,1,2
588,650,587,1,2
588,653,587,1,2
588,677,587,1,2
588,678,587,1,2
588,695,587,1,2
591,625,592,2,1
591,641,590,1,2
591,650,592,2,1
591,653,592,2,1
591,677,590,1,2
591,678,592,2,1
591,695,592,2,1
592,634,593,2,1
592,641,593,2,1
592,650,593,2,1
592,653,593,2,1
592,678,593,2,1
592,687,593,2,1
592,695,593,2,1
592,709,591,1,2
593,634,594,2,1
593,641,594,2,1
593,650,594,2,1
593,653,594,2,1
593,665,618,3,0
593,678,594,2,1
593,682,594,2,1
593,683,594,2,1
593,687,594,2,1
593,695,594,2,1
593,705,594,2,1
593,709,618,3,0
593,710,594,2,1
593,720,594,2,1
594,634,595,2,1
594,638,595,2,1
594,641,595,2,1
594,650,595,2,1
594,653,595,2,1
594,657,595,2,1
594,665,619,3,0
594,678,595,2,1
594,682,595,2,1
594,683,595,2,1
594,687,595,2,1
594,695,595,2,1
594,705,595,2,1
594,708,595,2,1
594,709,619,3,0
594,710,595,2,1
594,720,595,2,1
595,634,596,2,1
595,638,596,2,1
595,641,596,2,1
595,650,596,2,1
595,653,596,2,1
595,657,596,2,1
595,665,620,3,0
595,678,596,2,1
595,682,596,2,1
595,683,596,2,1
595,687,596,2,1
595,692,594,1,2
595,695,596,2,1
595,705,596,2,1
595,708,596,2,1
595,709,620,3,0
595,710,596,2,1
595,720,596,2,1
595,721,596,2,1
596,641,621,3,0
596,650,621,3,0
596,653,621,3,0
596,657,621,3,0
596,665,621,3,0
596,678,571,0,3
596,683,571,0,3
596,687,621,3,0
596,692,597,2,1
596,695,621,3,0
596,709,621,3,0
596,710,597,2,1
596,720,571,0,3
596,721,621,3,0
597,634,572,0,3
597,638,572,0,3
597,641,622,3,0
597,650,622,3,0
597,653,622,3,0
597,657,622,3,0
597,665,596,1,2
597,678,572,0,3
597,682,622,3,0
597,683,572,0,3
597,687,622,3,0
597,695,622,3,0
597,705,622,3,0
597,708,622,3,0
597,709,596,1,2
597,710,598,2,1
597,720,572,0,3
598,634,573,0,3
598,641,623,3,0
598,650,623,3,0
598,653,623,3,0
598,665,597,1,2
598,678,573,0,3
598,682,623,3,0
598,683,573,0,3
598,687,623,3,0
598,695,623,3,0
598,705,623,3,0
598,709,597,1,2
598,710,599,2,1
598,720,573,0,3
599,634,574,0,3
599,641,624,3,0
599,650,624,3,0
599,653,624,3,0
599,678,574,0,3
599,695,624,3,0
599,709,575,2,3
600,625,0,2,3
600,641,601,1,1
600,650,0,2,3
600,653,0,2,3
600,677,601,1,1
600,678,575,0,2
600,695,0,2,3
603,625,3,3,3
603,650,3,3,3
603,653,3,3,3
603,678,578,0,3
603,695,3,3,3
604,641,4,3,3
604,650,4,3,3
604,653,4,3,3
604,678,579,0,3
604,695,4,3,3
604,709,605,2,1
605,634,5,3,3
605,641,5,3,3
605,650,5,3,3
605,653,5,3,3
605,678,580,0,3
605,682,5,3,3
605,683,580,0,3
605,687,604,1,2
605,695,5,3,3
605,705,5,3,3
605,709,606,2,1
605,710,580,0,3
605,720,5,3,3
606,634,6,3,3
606,638,581,0,3
606,641,6,3,3
606,650,6,3,3
606,653,6,3,3
606,657,657,36,0
606,665,607,2,1
606,678,581,0,3
606,682,6,3,3
606,683,581,0,3
606,687,6,3,3
606,695,6,3,3
606,705,6,3,3
606,708,6,3,3
606,709,607,2,1
606,710,581,0,3
606,720,6,3,3
607,634,7,3,3
607,638,582,0,3
607,641,7,3,3
607,650,7,3,3
607,653,7,3,3
607,657,606,1,2
607,665,608,2,1
607,678,582,0,3
607,682,7,3,3
607,683,582,0,3
607,687,7,3,3
607,695,7,3,3
607,705,7,3,3
607,708,7,3,3
607,709,608,2,1
607,710,582,0,3
607,720,7,3,3
607,721,7,3,3
608,634,8,3,3
608,641,8,3,3
608,650,8,3,3
608,653,8,3,3
608,657,607,1,2
608,665,8,3,3
608,678,583,0,3
608,683,583,0,3
608,687,8,3,3
608,695,8,3,3
608,709,8,3,3
609,634,608,1,2
609,638,608,1,2
609,641,608,1,2
609,650,608,1,2
609,653,608,1,2
609,657,608,1,2
609,665,9,3,3
609,678,608,1,2
609,682,608,1,2
609,683,608,1,2
609,687,608,1,2
609,692,608,1,2
609,695,608,1,2
609,705,608,1,2
609,708,608,1,2
609,709,9,3,3
609,710,608,1,2
609,720,608,1,2
610,634,609,1,2
610,641,609,1,2
610,650,609,1,2
610,653,609,1,2
610,657,609,1,2
610,665,10,3,3
610,678,609,1,2
610,682,609,1,2
610,683,609,1,2
610,687,609,1,2
610,695,609,1,2
610,705,609,1,2
610,708,609,1,2
610,709,10,3,3
610,710,609,1,2
610,720,609,1,2
611,634,610,1,2
611,641,610,1,2
611,650,610,1,2
611,653,610,1,2
611,678,610,1,2
611,682,610,1,2
611,683,610,1,2
611,687,612,2,1
611,695,610,1,2
611,705,610,1,2
611,709,11,3,3
611,710,610,1,2
611,720,610,1,2
612,641,611,1,2
612,650,611,1,2
612,653,611,1,2
612,678,611,1,2
612,695,611,1,2
613,641,612,1,2
613,650,612,1,2
613,653,612,1,2
613,677,612,1,2
613,678,612,1,2
613,695,612,1,2
616,625,617,2,1
616,641,615,1,2
616,650,617,2,1
616,653,617,2,1
616,677,615,1,2
616,678,617,2,1
616,695,617,2,1
617,634,618,2,1
617,641,618,2,1
617,650,618,2,1
617,653,618,2,1
617,678,618,2,1
617,687,618,2,1
617,695,618,2,1
617,709,616,1,2
618,634,619,2,1
618,641,619,2,1
618,650,619,2,1
618,653,619,2,1
618,665,18,3,3
618,678,619,2,1
618,682,619,2,1
618,683,619,2,1
618,687,619,2,1
618,695,619,2,1
618,705,619,2,1
618,709,18,3,3
618,710,619,2,1
618,720,619,2,1
619,634,620,2,1
619,638,620,2,1
619,641,620,2,1
619,650,620,2,1
619,653,620,2,1
619,657,620,2,1
619,665,19,3,3
619,678,620,2,1
619,682,620,2,1
619,683,620,2,1
619,687,620,2,1
619,695,620,2,1
619,705,620,2,1
619,708,620,2,1
619,709,19,3,3
619,710,620,2,1
619,720,620,2,1
620,634,621,2,1
620,638,621,2,1
620,641,621,2,1
620,650,621,2,1
620,653,621,2,1
620,657,621,2,1
620,665,20,3,3
620,678,621,2,1
620,682,621,2,1
620,683,621,2,1
620,687,621,2,1
620,692,619,1,2
620,695,621,2,1
620,705,621,2,1
620,708,621,2,1
620,709,20,3,3
620,710,621,2,1
620,720,621,2,1
620,721,621,2,1
621,634,21,3,3
621,641,21,3,3
621,650,21,3,3
621,653,21,3,3
621,657,622,2,1
621,665,21,3,3
621,678,596,0,3
621,683,596,0,3
621,687,21,3,3
621,692,622,2,1
621,695,21,3,3
621,709,21,3,3
621,721,21,3,3
622,634,22,3,3
622,638,597,0,3
622,641,22,3,3
622,650,22,3,3
622,653,22,3,3
622,657,623,2,1
622,665,621,1,2
622,678,597,0,3
622,682,22,3,3
622,683,597,0,3
622,687,22,3,3
622,695,22,3,3
622,705,22,3,3
622,708,22,3,3
622,709,621,1,2
622,710,597,0,3
622,720,22,3,3
623,634,23,3,3
623,641,23,3,3
623,650,23,3,3
623,653,23,3,3
623,665,622,1,2
623,678,598,0,3
623,682,23,3,3
623,683,598,0,3
623,687,23,3,3
623,695,23,3,3
623,705,23,3,3
623,709,622,1,2
623,710,598,0,3
623,720,23,3,3
624,634,24,3,3
624,641,24,3,3
624,650,24,3,3
624,653,24,3,3
624,678,599,0,3
624,695,24,3,3
624,709,600,2,3
625,626,3,0,4
625,627,3,0,4
625,628,3,0,4
625,629,3,0,4
625,630,3,0,4
625,631,3,0,4
625,632,3,0,4
625,633,3,0,4
625,634,3,0,4
625,635,3,0,4
625,636,3,0,4
625,637,3,0,4
625,638,3,0,4
625,639,3,0,4
625,640,3,0,4
625,641,3,0,4
625,642,3,0,4
625,643,3,0,4
625,644,3,0,4
625,645,3,0,4
625,646,3,0,4
625,647,3,0,4
625,648,3,0,4
625,649,3,0,4
625,650,3,0,4
625,651,3,0,4
625,652,3,0,4
625,653,3,0,4
625,654,3,0,4
625,655,3,0,4
625,656,3,0,4
625,657,3,0,4
625,658,3,0,4
625,659,3,0,4
625,660,3,0,4
625,661,3,0,4
625,662,3,0,4
625,663,3,0,4
625,664,3,0,4
625,665,3,0,4
625,666,3,0,4
625,667,3,0,4
625,668,3,0,4
625,669,3,0,4
625,670,3,0,4
625,671,3,0,4
625,672,3,0,4
625,673,3,0,4
625,674,3,0,4
625,675,3,0,4
625,676,3,0,4
625,677,3,0,4
625,678,3,0,4
625,679,3,0,4
625,680,3,0,4
625,681,3,0,4
625,682,3,0,4
625,683,3,0,4
625,684,3,0,4
625,685,3,0,4
625,686,3,0,4
625,687,3,0,4
625,688,3,0,4
625,689,3,0,4
625,690,3,0,4
625,691,3,0,4
625,692,3,0,4
625,693,3,0,4
625,694,3,0,4
625,695,3,0,4
625,696,3,0,4
625,697,3,0,4
625,698,3,0,4
625,699,3,0,4
625,700,3,0,4
625,701,3,0,4
625,702,3,0,4
625,703,3,0,4
625,704,3,0,4
625,705,3,0,4
625,706,3,0,4
625,707,3,0,4
625,708,3,0,4
625,709,3,0,4
625,710,3,0,4
625,711,3,0,4
625,712,3,0,4
625,713,3,0,4
625,714,3,0,4
625,715,3,0,4
625,716,3,0,4
625,717,3,0,4
625,718,3,0,4
625,719,3,0,4
625,720,3,0,4
625,721,3,0,4
625,722,3,0,4
625,723,3,0,4
625,724,3,0,4
634,625,299,0,13
634,626,299,0,13
634,627,299,0,13
634,628,299,0,13
634,629,299,0,13
634,630,299,0,13
634,631,299,0,13
634,632,299,0,13
634,633,299,0,13
634,635,299,0,13
634,636,299,0,13
634,637,299,0,13
634,638,299,0,13
634,639,299,0,13
634,640,299,0,13
634,641,299,0,13
634,642,299,0,13
634,643,299,0,13
634,644,299,0,13
634,645,299,0,13
634,646,299,0,13
634,647,299,0,13
634,648,299,0,13
634,649,299,0,13
634,650,299,0,13
634,651,299,0,13
634,652,299,0,13
634,653,299,0,13
634,654,299,0,13
634,655,299,0,13
634,656,299,0,13
634,657,299,0,13
634,658,299,0,13
634,659,299,0,13
634,660,299,0,13
634,661,299,0,13
634,662,299,0,13
634,663,299,0,13
634,664,299,0,13
634,665,299,0,13
634,666,299,0,13
634,667,299,0,13
634,668,299,0,13
634,669,299,0,13
634,670,299,0,13
634,671,299,0,13
634,672,299,0,13
634,673,299,0,13
634,674,299,0,13
634,675,299,0,13
634,676,299,0,13
634,677,299,0,13
634,678,299,0,13
634,679,299,0,13
634,680,299,0,13
634,681,299,0,13
634,682,299,0,13
634,683,299,0,13
634,684,299,0,13
634,685,299,0,13
634,686,299,0,13
634,687,299,0,13
634,688,299,0,13
634,689,299,0,13
634,690,299,0,13
634,691,299,0,13
634,692,299,0,13
634,693,299,0,13
634,694,299,0,13
634,695,299,0,13
634,696,299,0,13
634,697,299,0,13
634,698,299,0,13
634,699,299,0,13
634,700,299,0,13
634,701,299,0,13
634,702,299,0,13
634,703,299,0,13
634,704,299,0,13
634,705,299,0,13
634,706,299,0,13
634,707,299,0,13
634,708,299,0,13
634,709,299,0,13
634,710,299,0,13
634,711,299,0,13
634,712,299,0,13
634,713,299,0,13
634,714,299,0,13
634,715,299,0,13
634,716,299,0,13
634,717,299,0,13
634,718,299,0,13
634,719,299,0,13
634,720,299,0,13
634,721,299,0,13
634,722,299,0,13
634,723,299,0,13
634,724,299,0,13
638,625,531,0,17
638,626,531,0,17
638,627,531,0,17
638,628,531,0,17
638,629,531,0,17
638,630,531,0,17
638,631,531,0,17
638,632,531,0,17
638,633,531,0,17
638,634,531,0,17
638,635,531,0,17
638,636,531,0,17
638,637,531,0,17
638,639,531,0,17
638,640,531,0,17
638,641,531,0,17
638,642,531,0,17
638,643,531,0,17
638,644,531,0,17
638,645,531,0,17
638,646,531,0,17
638,647,531,0,17
638,648,531,0,17
638,649,531,0,17
638,650,531,0,17
638,651,531,0,17
638,652,531,0,17
638,653,531,0,17
638,654,531,0,17
638,655,531,0,17
638,656,531,0,17
638,657,531,0,17
638,658,531,0,17
638,659,531,0,17
638,660,531,0,17
638,661,531,0,17
638,662,531,0,17
638,663,531,0,17
638,664,531,0,17
638,665,531,0,17
638,666,531,0,17
638,667,531,0,17
638,668,531,0,17
638,669,531,0,17
638,670,531,0,17
638,671,531,0,17
638,672,531,0,17
638,673,531,0,17
638,674,531,0,17
638,675,531,0,17
638,676,531,0,17
638,677,531,0,17
638,678,531,0,17
638,679,531,0,17
638,680,531,0,17
638,681,531,0,17
638,682,531,0,17
638,683,531,0,17
638,684,531,0,17
638,685,531,0,17
638,686,531,0,17
638,687,531,0,17
638,688,531,0,17
638,689,531,0,17
638,690,531,0,17
638,691,531,0,17
638,692,531,0,17
638,693,531,0,17
638,694,531,0,17
638,695,531,0,17
638,696,531,0,17
638,697,531,0,17
638,698,531,0,17
638,699,531,0,17
638,700,531,0,17
638,701,531,0,17
638,702,531,0,17
638,703,531,0,17
638,704,531,0,17
638,705,531,0,17
638,706,531,0,17
638,707,531,0,17
638,708,531,0,17
638,709,531,0,17
638,710,531,0,17
638,711,531,0,17
638,712,531,0,17
638,713,531,0,17
638,714,531,0,17
638,715,531,0,17
638,716,531,0,17
638,717,531,0,17
638,718,531,0,17
638,719,531,0,17
638,720,531,0,17
638,721,531,0,17
638,722,531,0,17
638,723,531,0,17
638,724,531,0,17
641,625,54,0,20
641,626,54,0,20
641,627,54,0,20
641,628,54,0,20
641,629,54,0,20
641,630,54,0,20
641,631,54,0,20
641,632,54,0,20
641,633,54,0,20
641,634,54,0,20
641,635,54,0,20
641,636,54,0,20
641,637,54,0,20
641,638,54,0,20
641,639,54,0,20
641,640,54,0,20
641,642,54,0,20
641,643,54,0,20
641,644,54,0,20
641,645,54,0,20
641,646,54,0,20
641,647,54,0,20
641,648,54,0,20
641,649,54,0,20
641,650,54,0,20
641,651,54,0,20
641,652,54,0,20
641,653,54,0,20
641,654,54,0,20
641,655,54,0,20
641,656,54,0,20
641,657,54,0,20
641,658,54,0,20
641,659,54,0,20
641,660,54,0,20
641,661,54,0,20
641,662,54,0,20
641,663,54,0,20
641,664,54,0,20
641,665,54,0,20
641,666,54,0,20
641,667,54,0,20
641,668,54,0,20
641,669,54,0,20
641,670,54,0,20
641,671,54,0,20
641,672,54,0,20
641,673,54,0,20
641,674,54,0,20
641,675,54,0,20
641,676,54,0,20
641,677,54,0,20
641,678,54,0,20
641,679,54,0,20
641,680,54,0,20
641,681,54,0,20
641,682,54,0,20
641,683,54,0,20
641,684,54,0,20
641,685,54,0,20
641,686,54,0,20
641,687,54,0,20
641,688,54,0,20
641,689,54,0,20
641,690,54,0,20
641,691,54,0,20
641,692,54,0,20
641,693,54,0,20
641,694,54,0,20
641,695,54,0,20
641,696,54,0,20
641,697,54,0,20
641,698,54,0,20
641,699,54,0,20
641,700,54,0,20
641,701,54,0,20
641,702,54,0,20
641,703,54,0,20
641,704,54,0,20
641,705,54,0,20
641,706,54,0,20
641,707,54,0,20
641,708,54,0,20
641,709,54,0,20
641,710,54,0,20
641,711,54,0,20
641,712,54,0,20
641,713,54,0,20
641,714,54,0,20
641,715,54,0,20
641,716,54,0,20
641,717,54,0,20
641,718,54,0,20
641,719,54,0,20
641,720,54,0,20
641,721,54,0,20
641,722,54,0,20
641,723,54,0,20
641,724,54,0,20
650,625,53,0,29
650,626,53,0,29
650,627,53,0,29
650,628,53,0,29
650,629,53,0,29
650,630,53,0,29
650,631,53,0,29
650,632,53,0,29
650,633,53,0,29
650,634,53,0,29
650,635,53,0,29
650,636,53,0,29
650,637,53,0,29
650,638,53,0,29
650,639,53,0,29
650,640,53,0,29
650,641,53,0,29
650,642,53,0,29
650,643,53,0,29
650,644,53,0,29
650,645,53,0,29
650,646,53,0,29
650,647,53,0,29
650,648,53,0,29
650,649,53,0,29
650,651,53,0,29
650,652,53,0,29
650,653,53,0,29
650,654,53,0,29
650,655,53,0,29
650,656,53,0,29
650,657,53,0,29
650,658,53,0,29
650,659,53,0,29
650,660,53,0,29
650,661,53,0,29
650,662,53,0,29
650,663,53,0,29
650,664,53,0,29
650,665,53,0,29
650,666,53,0,29
650,667,53,0,29
650,668,53,0,29
650,669,53,0,29
650,670,53,0,29
650,671,53,0,29
650,672,53,0,29
650,673,53,0,29
650,674,53,0,29
650,675,53,0,29
650,676,53,0,29
650,677,53,0,29
650,678,53,0,29
650,679,53,0,29
650,680,53,0,29
650,681,53,0,29
650,682,53,0,29
650,683,53,0,29
650,684,53,0,29
650,685,53,0,29
650,686,53,0,29
650,687,53,0,29
650,688,53,0,29
650,689,53,0,29
650,690,53,0,29
650,691,53,0,29
650,692,53,0,29
650,693,53,0,29
650,694,53,0,29
650,695,53,0,29
650,696,53,0,29
650,697,53,0,29
650,698,53,0,29
650,699,53,0,29
650,700,53,0,29
650,701,53,0,29
650,702,53,0,29
650,703,53,0,29
650,704,53,0,29
650,705,53,0,29
650,706,53,0,29
650,707,53,0,29
650,708,53,0,29
650,709,53,0,29
650,710,53,0,29
650,711,53,0,29
650,712,53,0,29
650,713,53,0,29
650,714,53,0,29
650,715,53,0,29
650,716,53,0,29
650,717,53,0,29
650,718,53,0,29
650,719,53,0,29
650,720,53,0,29
650,721,53,0,29
650,722,53,0,29
650,723,53,0,29
650,724,53,0,29
653,625,153,0,32
653,626,153,0,32
653,627,153,0,32
653,628,153,0,32
653,629,153,0,32
653,630,153,0,32
653,631,153,0,32
653,632,153,0,32
653,633,153,0,32
653,634,153,0,32
653,635,153,0,32
653,636,153,0,32
653,637,153,0,32
653,638,153,0,32
653,639,153,0,32
653,640,153,0,32
653,641,153,0,32
653,642,153,0,32
653,643,153,0,32
653,644,153,0,32
653,645,153,0,32
653,646,153,0,32
653,647,153,0,32
653,648,153,0,32
653,649,153,0,32
653,650,153,0,32
653,651,153,0,32
653,652,153,0,32
653,654,153,0,32
653,655,153,0,32
653,656,153,0,32
653,657,153,0,32
653,658,153,0,32
653,659,153,0,32
653,660,153,0,32
653,661,153,0,32
653,662,153,0,32
653,663,153,0,32
653,664,153,0,32
653,665,153,0,32
653,666,153,0,32
653,667,153,0,32
653,668,153,0,32
653,669,153,0,32
653,670,153,0,32
653,671,153,0,32
653,672,153,0,32
653,673,153,0,32
653,674,153,0,32
653,675,153,0,32
653,676,153,0,32
653,677,153,0,32
653,678,153,0,32
653,679,153,0,32
653,680,153,0,32
653,681,153,0,32
653,682,153,0,32
653,683,153,0,32
653,684,153,0,32
653,685,153,0,32
653,686,153,0,32
653,687,153,0,32
653,688,153,0,32
653,689,153,0,32
653,690,153,0,32
653,691,153,0,32
653,692,153,0,32
653,693,153,0,32
653,694,153,0,32
653,695,153,0,32
653,696,153,0,32
653,697,153,0,32
653,698,153,0,32
653,699,153,0,32
653,700,153,0,32
653,701,153,0,32
653,702,153,0,32
653,703,153,0,32
653,704,153,0,32
653,705,153,0,32
653,706,153,0,32
653,707,153,0,32
653,708,153,0,32
653,709,153,0,32
653,710,153,0,32
653,711,153,0,32
653,712,153,0,32
653,713,153,0,32
653,714,153,0,32
653,715,153,0,32
653,716,153,0,32
653,717,153,0,32
653,718,153,0,32
653,719,153,0,32
653,720,153,0,32
653,721,153,0,32
653,722,153,0,32
653,723,153,0,32
653,724,153,0,32
657,625,606,0,36
657,626,606,0,36
657,627,606,0,36
657,628,606,0,36
657,629,606,0,36
657,630,606,0,36
657,631,606,0,36
657,632,606,0,36
657,633,606,0,36
657,634,606,0,36
657,635,606,0,36
657,636,606,0,36
657,637,606,0,36
657,638,606,0,36
657,639,606,0,36
657,640,606,0,36
657,641,606,0,36
657,642,606,0,36
657,643,606,0,36
657,644,606,0,36
657,645,606,0,36
657,646,606,0,36
657,647,606,0,36
657,648,606,0,36
657,649,606,0,36
657,650,606,0,36
657,651,606,0,36
657,652,606,0,36
657,653,606,0,36
657,654,606,0,36
657,655,606,0,36
657,656,606,0,36
657,658,606,0,36
657,659,606,0,36
657,660,606,0,36
657,661,606,0,36
657,662,606,0,36
657,663,606,0,36
657,664,606,0,36
657,665,606,0,36
657,666,606,0,36
657,667,606,0,36
657,668,606,0,36
657,669,606,0,36
657,670,606,0,36
657,671,606,0,36
657,672,606,0,36
657,673,606,0,36
657,674,606,0,36
657,675,606,0,36
657,676,606,0,36
657,677,606,0,36
657,678,606,0,36
657,679,606,0,36
657,680,606,0,36
657,681,606,0,36
657,682,606,0,36
657,683,606,0,36
657,684,606,0,36
657,685,606,0,36
657,686,606,0,36
657,687,606,0,36
657,688,606,0,36
657,689,606,0,36
657,690,606,0,36
657,691,606,0,36
657,692,606,0,36
657,693,606,0,36
657,694,606,0,36
657,695,606,0,36
657,696,606,0,36
657,697,606,0,36
657,698,606,0,36
657,699,606,0,36
657,700,606,0,36
657,701,606,0,36
657,702,606,0,36
657,703,606,0,36
657,704,606,0,36
657,705,606,0,36
657,706,606,0,36
657,707,606,0,36
657,708,606,0,36
657,709,606,0,36
657,710,606,0,36
657,711,606,0,36
657,712,606,0,36
657,713,606,0,36
657,714,606,0,36
657,715,606,0,36
657,716,606,0,36
657,717,606,0,36
657,718,606,0,36
657,719,606,0,36
657,720,606,0,36
657,721,606,0,36
657,722,606,0,36
657,723,606,0,36
657,724,606,0,36
665,625,143,0,44
665,626,143,0,44
665,627,143,0,44
665,628,143,0,44
665,629,143,0,44
665,630,143,0,44
665,631,143,0,44
665,632,143,0,44
665,633,143,0,44
665,634,143,0,44
665,635,143,0,44
665,636,143,0,44
665,637,143,0,44
665,638,143,0,44
665,639,143,0,44
665,640,143,0,44
665,641,143,0,44
665,642,143,0,44
665,643,143,0,44
665,644,143,0,44
665,645,143,0,44
665,646,143,0,44
665,647,143,0,44
665,648,143,0,44
665,649,143,0,44
665,650,143,0,44
665,651,143,0,44
665,652,143,0,44
665,653,143,0,44
665,654,143,0,44
665,655,143,0,44
665,656,143,0,44
665,657,143,0,44
665,658,143,0,44
665,659,143,0,44
665,660,143,0,44
665,661,143,0,44
665,662,143,0,44
665,663,143,0,44
665,664,143,0,44
665,666,143,0,44
665,667,143,0,44
665,668,143,0,44
665,669,143,0,44
665,670,143,0,44
665,671,143,0,44
665,672,143,0,44
665,673,143,0,44
665,674,143,0,44
665,675,143,0,44
665,676,143,0,44
665,677,143,0,44
665,678,143,0,44
665,679,143,0,44
665,680,143,0,44
665,681,143,0,44
665,682,143,0,44
665,683,143,0,44
665,684,143,0,44
665,685,143,0,44
665,686,143,0,44
665,687,143,0,44
665,688,143,0,44
665,689,143,0,44
665,690,143,0,44
665,691,143,0,44
665,692,143,0,44
665,693,143,0,44
665,694,143,0,44
665,695,143,0,44
665,696,143,0,44
665,697,143,0,44
665,698,143,0,44
665,699,143,0,44
665,700,143,0,44
665,701,143,0,44
665,702,143,0,44
665,703,143,0,44
665,704,143,0,44
665,705,143,0,44
665,706,143,0,44
665,707,143,0,44
665,708,143,0,44
665,709,143,0,44
665,710,143,0,44
665,711,143,0,44
665,712,143,0,44
665,713,143,0,44
665,714,143,0,44
665,715,143,0,44
665,716,143,0,44
665,717,143,0,44
665,718,143,0,44
665,719,143,0,44
665,720,143,0,44
665,721,143,0,44
665,722,143,0,44
665,723,143,0,44
665,724,143,0,44
677,625,112,0,56
677,626,112,0,56
677,627,112,0,56
677,628,112,0,56
677,629,112,0,56
677,630,112,0,56
677,631,112,0,56
677,632,112,0,56
677,633,112,0,56
677,634,112,0,56
677,635,112,0,56
677,636,112,0,56
677,637,112,0,56
677,638,112,0,56
677,639,112,0,56
677,640,112,0,56
677,641,112,0,56
677,642,112,0,56
677,643,112,0,56
677,644,112,0,56
677,645,112,0,56
677,646,112,0,56
677,647,112,0,56
677,648,112,0,56
677,649,112,0,56
677,650,112,0,56
677,651,112,0,56
677,652,112,0,56
677,653,112,0,56
677,654,112,0,56
677,655,112,0,56
677,656,112,0,56
677,657,112,0,56
677,658,112,0,56
677,659,112,0,56
677,660,112,0,56
677,661,112,0,56
677,662,112,0,56
677,663,112,0,56
677,664,112,0,56
677,665,112,0,56
677,666,112,0,56
677,667,112,0,56
677,668,112,0,56
677,669,112,0,56
677,670,112,0,56
677,671,112,0,56
677,672,112,0,56
677,673,112,0,56
677,674,112,0,56
677,675,112,0,56
677,676,112,0,56
677,678,112,0,56
677,679,112,0,56
677,680,112,0,56
677,681,112,0,56
677,682,112,0,56
677,683,112,0,56
677,684,112,0,56
677,685,112,0,56
677,686,112,0,56
677,687,112,0,56
677,688,112,0,56
677,689,112,0,56
677,690,112,0,56
677,691,112,0,56
677,692,112,0,56
677,693,112,0,56
677,694,112,0,56
677,695,112,0,56
677,696,112,0,56
677,697,112,0,56
677,698,112,0,56
677,699,112,0,56
677,700,112,0,56
677,701,112,0,56
677,702,112,0,56
677,703,112,0,56
677,704,112,0,56
677,705,112,0,56
677,706,112,0,56
677,707,112,0,56
677,708,112,0,56
677,709,112,0,56
677,710,112,0,56
677,711,112,0,56
677,712,112,0,56
677,713,112,0,56
677,714,112,0,56
677,715,112,0,56
677,716,112,0,56
677,717,112,0,56
677,718,112,0,56
677,719,112,0,56
677,720,112,0,56
677,721,112,0,56
677,722,112,0,56
677,723,112,0,56
677,724,112,0,56
678,625,403,0,57
678,626,403,0,57
678,627,403,0,57
678,628,403,0,57
678,629,403,0,57
678,630,403,0,57
678,631,403,0,57
678,632,403,0,57
678,633,403,0,57
678,634,403,0,57
678,635,403,0,57
678,636,403,0,57
678,637,403,0,57
678,638,403,0,57
678,639,403,0,57
678,640,403,0,57
678,641,403,0,57
678,642,403,0,57
678,643,403,0,57
678,644,403,0,57
678,645,403,0,57
678,646,403,0,57
678,647,403,0,57
678,648,403,0,57
678,649,403,0,57
678,650,403,0,57
678,651,403,0,57
678,652,403,0,57
678,653,403,0,57
678,654,403,0,57
678,655,403,0,57
678,656,403,0,57
678,657,403,0,57
678,658,403,0,57
678,659,403,0,57
678,660,403,0,57
678,661,403,0,57
678,662,403,0,57
678,663,403,0,57
678,664,403,0,57
678,665,403,0,57
678,666,403,0,57
678,667,403,0,57
678,668,403,0,57
678,669,403,0,57
678,670,403,0,57
678,671,403,0,57
678,672,403,0,57
678,673,403,0,57
678,674,403,0,57
678,675,403,0,57
678,676,403,0,57
678,677,403,0,57
678,679,403,0,57
678,680,403,0,57
678,681,403,0,57
678,682,403,0,57
678,683,403,0,57
678,684,403,0,57
678,685,403,0,57
678,686,403,0,57
678,687,403,0,57
678,688,403,0,57
678,689,403,0,57
678,690,403,0,57
678,691,403,0,57
678,692,403,0,57
678,693,403,0,57
678,694,403,0,57
678,695,403,0,57
678,696,403,0,57
678,697,403,0,57
678,698,403,0,57
678,699,403,0,57
678,700,403,0,57
678,701,403,0,57
678,702,403,0,57
678,703,403,0,57
678,704,403,0,57
678,705,403,0,57
678,706,403,0,57
678,707,403,0,57
678,708,403,0,57
678,709,403,0,57
678,710,403,0,57
678,711,403,0,57
678,712,403,0,57
678,713,403,0,57
678,714,403,0,57
678,715,403,0,57
678,716,403,0,57
678,717,403,0,57
678,718,403,0,57
678,719,403,0,57
678,720,403,0,57
678,721,403,0,57
678,722,403,0,57
678,723,403,0,57
678,724,403,0,57
682,625,230,0,61
682,626,230,0,61
682,627,230,0,61
682,628,230,0,61
682,629,230,0,61
682,630,230,0,61
682,631,230,0,61
682,632,230,0,61
682,633,230,0,61
682,634,230,0,61
682,635,230,0,61
682,636,230,0,61
682,637,230,0,61
682,638,230,0,61
682,639,230,0,61
682,640,230,0,61
682,641,230,0,61
682,642,230,0,61
682,643,230,0,61
682,644,230,0,61
682,645,230,0,61
682,646,230,0,61
682,647,230,0,61
682,648,230,0,61
682,649,230,0,61
682,650,230,0,61
682,651,230,0,61
682,652,230,0,61
682,653,230,0,61
682,654,230,0,61
682,655,230,0,61
682,656,230,0,61
682,657,230,0,61
682,658,230,0,61
682,659,230,0,61
682,660,230,0,61
682,661,230,0,61
682,662,230,0,61
682,663,230,0,61
682,664,230,0,61
682,665,230,0,61
682,666,230,0,61
682,667,230,0,61
682,668,230,0,61
682,669,230,0,61
682,670,230,0,61
682,671,230,0,61
682,672,230,0,61
682,673,230,0,61
682,674,230,0,61
682,675,230,0,61
682,676,230,0,61
682,677,230,0,61
682,678,230,0,61
682,679,230,0,61
682,680,230,0,61
682,681,230,0,61
682,683,230,0,61
682,684,230,0,61
682,685,230,0,61
682,686,230,0,61
682,687,230,0,61
682,688,230,0,61
682,689,230,0,61
682,690,230,0,61
682,691,230,0,61
682,692,230,0,61
682,693,230,0,61
682,694,230,0,61
682,695,230,0,61
682,696,230,0,61
682,697,230,0,61
682,698,230,0,61
682,699,230,0,61
682,700,230,0,61
682,701,230,0,61
682,702,230,0,61
682,703,230,0,61
682,704,230,0,61
682,705,230,0,61
682,706,230,0,61
682,707,230,0,61
682,708,230,0,61
682,709,230,0,61
682,710,230,0,61
682,711,230,0,61
682,712,230,0,61
682,713,230,0,61
682,714,230,0,61
682,715,230,0,61
682,716,230,0,61
682,717,230,0,61
682,718,230,0,61
682,719,230,0,61
682,720,230,0,61
682,721,230,0,61
682,722,230,0,61
682,723,230,0,61
682,724,230,0,61
683,625,355,0,62
683,626,355,0,62
683,627,355,0,62
683,628,355,0,62
683,629,355,0,62
683,630,355,0,62
683,631,355,0,62
683,632,355,0,62
683,633,355,0,62
683,634,355,0,62
683,635,355,0,62
683,636,355,0,62
683,637,355,0,62
683,638,355,0,62
683,639,355,0,62
683,640,355,0,62
683,641,355,0,62
683,642,355,0,62
683,643,355,0,62
683,644,355,0,62
683,645,355,0,62
683,646,355,0,62
683,647,355,0,62
683,648,355,0,62
683,649,355,0,62
683,650,355,0,62
683,651,355,0,62
683,652,355,0,62
683,653,355,0,62
683,654,355,0,62
683,655,355,0,62
683,656,355,0,62
683,657,355,0,62
683,658,355,0,62
683,659,355,0,62
683,660,355,0,62
683,661,355,0,62
683,662,355,0,62
683,663,355,0,62
683,664,355,0,62
683,665,355,0,62
683,666,355,0,62
683,667,355,0,62
683,668,355,0,62
683,669,355,0,62
683,670,355,0,62
683,671,355,0,62
683,672,355,0,62
683,673,355,0,62
683,674,355,0,62
683,675,355,0,62
683,676,355,0,62
683,677,355,0,62
683,678,355,0,62
683,679,355,0,62
683,680,355,0,62
683,681,355,0,62
683,682,355,0,62
683,684,355,0,62
683,685,355,0,62
683,686,355,0,62
683,687,355,0,62
683,688,355,0,62
683,689,355,0,62
683,690,355,0,62
683,691,355,0,62
683,692,355,0,62
683,693,355,0,62
683,694,355,0,62
683,695,355,0,62
683,696,355,0,62
683,697,355,0,62
683,698,355,0,62
683,699,355,0,62
683,700,355,0,62
683,701,355,0,62
683,702,355,0,62
683,703,355,0,62
683,704,355,0,62
683,705,355,0,62
683,706,355,0,62
683,707,355,0,62
683,708,355,0,62
683,709,355,0,62
683,710,355,0,62
683,711,355,0,62
683,712,355,0,62
683,713,355,0,62
683,714,355,0,62
683,715,355,0,62
683,716,355,0,62
683,717,355,0,62
683,718,355,0,62
683,719,355,0,62
683,720,355,0,62
683,721,355,0,62
683,722,355,0,62
683,723,355,0,62
683,724,355,0,62
687,625,198,0,66
687,626,198,0,66
687,627,198,0,66
687,628,198,0,66
687,629,198,0,66
687,630,198,0,66
687,631,198,0,66
687,632,198,0,66
687,633,198,0,66
687,634,198,0,66
687,635,198,0,66
687,636,198,0,66
687,637,198,0,66
687,638,198,0,66
687,639,198,0,66
687,640,198,0,66
687,641,198,0,66
687,642,198,0,66
687,643,198,0,66
687,644,198,0,66
687,645,198,0,66
687,646,198,0,66
687,647,198,0,66
687,648,198,0,66
687,649,198,0,66
687,650,198,0,66
687,651,198,0,66
687,652,198,0,66
687,653,198,0,66
687,654,198,0,66
687,655,198,0,66
687,656,198,0,66
687,657,198,0,66
687,658,198,0,66
687,659,198,0,66
687,660,198,0,66
687,661,198,0,66
687,662,198,0,66
687,663,198,0,66
687,664,198,0,66
687,665,198,0,66
687,666,198,0,66
687,667,198,0,66
687,668,198,0,66
687,669,198,0,66
687,670,198,0,66
687,671,198,0,66
687,672,198,0,66
687,673,198,0,66
687,674,198,0,66
687,675,198,0,66
687,676,198,0,66
687,677,198,0,66
687,678,198,0,66
687,679,198,0,66
687,680,198,0,66
687,681,198,0,66
687,682,198,0,66
687,683,198,0,66
687,684,198,0,66
687,685,198,0,66
687,686,198,0,66
687,688,198,0,66
687,689,198,0,66
687,690,198,0,66
687,691,198,0,66
687,692,198,0,66
687,693,198,0,66
687,694,198,0,66
687,695,198,0,66
687,696,198,0,66
687,697,198,0,66
687,698,198,0,66
687,699,198,0,66
687,700,198,0,66
687,701,198,0,66
687,702,198,0,66
687,703,198,0,66
687,704,198,0,66
687,705,198,0,66
687,706,198,0,66
687,707,198,0,66
687,708,198,0,66
687,709,198,0,66
687,710,198,0,66
687,711,198,0,66
687,712,198,0,66
687,713,198,0,66
687,714,198,0,66
687,715,198,0,66
687,716,198,0,66
687,717,198,0,66
687,718,198,0,66
687,719,198,0,66
687,720,198,0,66
687,721,198,0,66
687,722,198,0,66
687,723,198,0,66
687,724,198,0,66
692,625,83,0,71
692,626,83,0,71
692,627,83,0,71
692,628,83,0,71
692,629,83,0,71
692,630,83,0,71
692,631,83,0,71
692,632,83,0,71
692,633,83,0,71
692,634,83,0,71
692,635,83,0,71
692,636,83,0,71
692,637,83,0,71
692,638,83,0,71
692,639,83,0,71
692,640,83,0,71
692,641,83,0,71
692,642,83,0,71
692,643,83,0,71
692,644,83,0,71
692,645,83,0,71
692,646,83,0,71
692,647,83,0,71
692,648,83,0,71
692,649,83,0,71
692,650,83,0,71
692,651,83,0,71
692,652,83,0,71
692,653,83,0,71
692,654,83,0,71
692,655,83,0,71
692,656,83,0,71
692,657,83,0,71
692,658,83,0,71
692,659,83,0,71
692,660,83,0,71
692,661,83,0,71
692,662,83,0,71
692,663,83,0,71
692,664,83,0,71
692,665,83,0,71
692,666,83,0,71
692,667,83,0,71
692,668,83,0,71
692,669,83,0,71
692,670,83,0,71
692,671,83,0,71
692,672,83,0,71
692,673,83,0,71
692,674,83,0,71
692,675,83,0,71
692,676,83,0,71
692,677,83,0,71
692,678,83,0,71
692,679,83,0,71
692,680,83,0,71
692,681,83,0,71
692,682,83,0,71
692,683,83,0,71
692,684,83,0,71
692,685,83,0,71
692,686,83,0,71
692,687,83,0,71
692,688,83,0,71
692,689,83,0,71
692,690,83,0,71
692,691,83,0,71
692,693,83,0,71
692,694,83,0,71
692,695,83,0,71
692,696,83,0,71
692,697,83,0,71
692,698,83,0,71
692,699,83,0,71
692,700,83,0,71
692,701,83,0,71
692,702,83,0,71
692,703,83,0,71
692,704,83,0,71
692,705,83,0,71
692,706,83,0,71
692,707,83,0,71
692,708,83,0,71
692,709,83,0,71
692,710,83,0,71
692,711,83,0,71
692,712,83,0,71
692,713,83,0,71
692,714,83,0,71
692,715,83,0,71
692,716,83,0,71
692,717,83,0,71
692,718,83,0,71
692,719,83,0,71
692,720,83,0,71
692,721,83,0,71
692,722,83,0,71
692,723,83,0,71
692,724,83,0,71
695,625,228,0,74
695,626,228,0,74
695,627,228,0,74
695,628,228,0,74
695,629,228,0,74
695,630,228,0,74
695,631,228,0,74
695,632,228,0,74
695,633,228,0,74
695,634,228,0,74
695,635,228,0,74
695,636,228,0,74
695,637,228,0,74
695,638,228,0,74
695,639,228,0,74
695,640,228,0,74
695,641,228,0,74
695,642,228,0,74
695,643,228,0,74
695,644,228,0,74
695,645,228,0,74
695,646,228,0,74
695,647,228,0,74
695,648,228,0,74
695,649,228,0,74
695,650,228,0,74
695,651,228,0,74
695,652,228,0,74
695,653,228,0,74
695,654,228,0,74
695,655,228,0,74
695,656,228,0,74
695,657,228,0,74
695,658,228,0,74
695,659,228,0,74
695,660,228,0,74
695,661,228,0,74
695,662,228,0,74
695,663,228,0,74
695,664,228,0,74
695,665,228,0,74
695,666,228,0,74
695,667,228,0,74
695,668,228,0,74
695,669,228,0,74
695,670,228,0,74
695,671,228,0,74
695,672,228,0,74
695,673,228,0,74
695,674,228,0,74
695,675,228,0,74
695,676,228,0,74
695,677,228,0,74
695,678,228,0,74
695,679,228,0,74
695,680,228,0,74
695,681,228,0,74
695,682,228,0,74
695,683,228,0,74
695,684,228,0,74
695,685,228,0,74
695,686,228,0,74
695,687,228,0,74
695,688,228,0,74
695,689,228,0,74
695,690,228,0,74
695,691,228,0,74
695,692,228,0,74
695,693,228,0,74
695,694,228,0,74
695,696,228,0,74
695,697,228,0,74
695,698,228,0,74
695,699,228,0,74
695,700,228,0,74
695,701,228,0,74
695,702,228,0,74
695,703,228,0,74
695,704,228,0,74
695,705,228,0,74
695,706,228,0,74
695,707,228,0,74
695,708,228,0,74
695,709,228,0,74
695,710,228,0,74
695,711,228,0,74
695,712,228,0,74
695,713,228,0,74
695,714,228,0,74
695,715,228,0,74
695,716,228,0,74
695,717,228,0,74
695,718,228,0,74
695,719,228,0,74
695,720,228,0,74
695,721,228,0,74
695,722,228,0,74
695,723,228,0,74
695,724,228,0,74
705,625,205,0,84
705,626,205,0,84
705,627,205,0,84
705,628,205,0,84
705,629,205,0,84
705,630,205,0,84
705,631,205,0,84
705,632,205,0,84
705,633,205,0,84
705,634,205,0,84
705,635,205,0,84
705,636,205,0,84
705,637,205,0,84
705,638,205,0,84
705,639,205,0,84
705,640,205,0,84
705,641,205,0,84
705,642,205,0,84
705,643,205,0,84
705,644,205,0,84
705,645,205,0,84
705,646,205,0,84
705,647,205,0,84
705,648,205,0,84
705,649,205,0,84
705,650,205,0,84
705,651,205,0,84
705,652,205,0,84
705,653,205,0,84
705,654,205,0,84
705,655,205,0,84
705,656,205,0,84
705,657,205,0,84
705,658,205,0,84
705,659,205,0,84
705,660,205,0,84
705,661,205,0,84
705,662,205,0,84
705,663,205,0,84
705,664,205,0,84
705,665,205,0,84
705,666,205,0,84
705,667,205,0,84
705,668,205,0,84
705,669,205,0,84
705,670,205,0,84
705,671,205,0,84
705,672,205,0,84
705,673,205,0,84
705,674,205,0,84
705,675,205,0,84
705,676,205,0,84
705,677,205,0,84
705,678,205,0,84
705,679,205,0,84
705,680,205,0,84
705,681,205,0,84
705,682,205,0,84
705,683,205,0,84
705,684,205,0,84
705,685,205,0,84
705,686,205,0,84
705,687,205,0,84
705,688,205,0,84
705,689,205,0,84
705,690,205,0,84
705,691,205,0,84
705,692,205,0,84
705,693,205,0,84
705,694,205,0,84
705,695,205,0,84
705,696,205,0,84
705,697,205,0,84
705,698,205,0,84
705,699,205,0,84
705,700,205,0,84
705,701,205,0,84
705,702,205,0,84
705,703,205,0,84
705,704,205,0,84
705,706,205,0,84
705,707,205,0,84
705,708,205,0,84
705,709,205,0,84
705,710,205,0,84
705,711,205,0,84
705,712,205,0,84
705,713,205,0,84
705,714,205,0,84
705,715,205,0,84
705,716,205,0,84
705,717,205,0,84
705,718,205,0,84
705,719,205,0,84
705,720,205,0,84
705,721,205,0,84
705,722,205,0,84
705,723,205,0,84
705,724,205,0,84
708,625,156,0,87
708,626,156,0,87
708,627,156,0,87
708,628,156,0,87
708,629,156,0,87
708,630,156,0,87
708,631,156,0,87
708,632,156,0,87
708,633,156,0,87
708,634,156,0,87
708,635,156,0,87
708,636,156,0,87
708,637,156,0,87
708,638,156,0,87
708,639,156,0,87
708,640,156,0,87
708,641,156,0,87
708,642,156,0,87
708,643,156,0,87
708,644,156,0,87
708,645,156,0,87
708,646,156,0,87
708,647,156,0,87
708,648,156,0,87
708,649,156,0,87
708,650,156,0,87
708,651,156,0,87
708,652,156,0,87
708,653,156,0,87
708,654,156,0,87
708,655,156,0,87
708,656,156,0,87
708,657,156,0,87
708,658,156,0,87
708,659,156,0,87
708,660,156,0,87
708,661,156,0,87
708,662,156,0,87
708,663,156,0,87
708,664,156,0,87
708,665,156,0,87
708,666,156,0,87
708,667,156,0,87
708,668,156,0,87
708,669,156,0,87
708,670,156,0,87
708,671,156,0,87
708,672,156,0,87
708,673,156,0,87
708,674,156,0,87
708,675,156,0,87
708,676,156,0,87
708,677,156,0,87
708,678,156,0,87
708,679,156,0,87
708,680,156,0,87
708,681,156,0,87
708,682,156,0,87
708,683,156,0,87
708,684,156,0,87
708,685,156,0,87
708,686,156,0,87
708,687,156,0,87
708,688,156,0,87
708,689,156,0,87
708,690,156,0,87
708,691,156,0,87
708,692,156,0,87
708,693,156,0,87
708,694,156,0,87
708,695,156,0,87
708,696,156,0,87
708,697,156,0,87
708,698,156,0,87
708,699,156,0,87
708,700,156,0,87
708,701,156,0,87
708,702,156,0,87
708,703,156,0,87
708,704,156,0,87
708,705,156,0,87
708,706,156,0,87
708,707,156,0,87
708,709,156,0,87
708,710,156,0,87
708,711,156,0,87
708,712,156,0,87
708,713,156,0,87
708,714,156,0,87
708,715,156,0,87
708,716,156,0,87
708,717,156,0,87
708,718,156,0,87
708,719,156,0,87
708,720,156,0,87
708,721,156,0,87
708,722,156,0,87
708,723,156,0,87
708,724,156,0,87
709,625,136,0,88
709,626,136,0,88
709,627,136,0,88
709,628,136,0,88
709,629,136,0,88
709,630,136,0,88
709,631,136,0,88
709,632,136,0,88
709,633,136,0,88
709,634,136,0,88
709,635,136,0,88
709,636,136,0,88
709,637,136,0,88
709,638,136,0,88
709,639,136,0,88
709,640,136,0,88
709,641,136,0,88
709,642,136,0,88
709,643,136,0,88
709,644,136,0,88
709,645,136,0,88
709,646,136,0,88
709,647,136,0,88
709,648,136,0,88
709,649,136,0,88
709,650,136,0,88
709,651,136,0,88
709,652,136,0,88
709,653,136,0,88
709,654,136,0,88
709,655,136,0,88
709,656,136,0,88
709,657,136,0,88
709,658,136,0,88
709,659,136,0,88
709,660,136,0,88
709,661,136,0,88
709,662,136,0,88
709,663,136,0,88
709,664,136,0,88
709,665,136,0,88
709,666,136,0,88
709,667,136,0,88
709,668,136,0,88
709,669,136,0,88
709,670,136,0,88
709,671,136,0,88
709,672,136,0,88
709,673,136,0,88
709,674,136,0,88
709,675,136,0,88
709,676,136,0,88
709,677,136,0,88
709,678,136,0,88
709,679,136,0,88
709,680,136,0,88
709,681,136,0,88
709,682,136,0,88
709,683,136,0,88
709,684,136,0,88
709,685,136,0,88
709,686,136,0,88
709,687,136,0,88
709,688,136,0,88
709,689,136,0,88
709,690,136,0,88
709,691,136,0,88
709,692,136,0,88
709,693,136,0,88
709,694,136,0,88
709,695,136,0,88
709,696,136,0,88
709,697,136,0,88
709,698,136,0,88
709,699,136,0,88
709,700,136,0,88
709,701,136,0,88
709,702,136,0,88
709,703,136,0,88
709,704,136,0,88
709,705,136,0,88
709,706,136,0,88
709,707,136,0,88
709,708,136,0,88
709,710,136,0,88
709,711,136,0,88
709,712,136,0,88
709,713,136,0,88
709,714,136,0,88
709,715,136,0,88
709,716,136,0,88
709,717,136,0,88
709,718,136,0,88
709,719,136,0,88
709,720,136,0,88
709,721,136,0,88
709,722,136,0,88
709,723,136,0,88
709,724,136,0,88
710,625,580,0,89
710,626,580,0,89
710,627,580,0,89
710,628,580,0,89
710,629,580,0,89
710,630,580,0,89
710,631,580,0,89
710,632,580,0,89
710,633,580,0,89
710,634,580,0,89
710,635,580,0,89
710,636,580,0,89
710,637,580,0,89
710,638,580,0,89
710,639,580,0,89
710,640,580,0,89
710,641,580,0,89
710,642,580,0,89
710,643,580,0,89
710,644,580,0,89
710,645,580,0,89
710,646,580,0,89
710,647,580,0,89
710,648,580,0,89
710,649,580,0,89
710,650,580,0,89
710,651,580,0,89
710,652,580,0,89
710,653,580,0,89
710,654,580,0,89
710,655,580,0,89
710,656,580,0,89
710,657,580,0,89
710,658,580,0,89
710,659,580,0,89
710,660,580,0,89
710,661,580,0,89
710,662,580,0,89
710,663,580,0,89
710,664,580,0,89
710,665,580,0,89
710,666,580,0,89
710,667,580,0,89
710,668,580,0,89
710,669,580,0,89
710,670,580,0,89
710,671,580,0,89
710,672,580,0,89
710,673,580,0,89
710,674,580,0,89
710,675,580,0,89
710,676,580,0,89
710,677,580,0,89
710,678,580,0,89
710,679,580,0,89
710,680,580,0,89
710,681,580,0,89
710,682,580,0,89
710,683,580,0,89
710,684,580,0,89
710,685,580,0,89
710,686,580,0,89
710,687,580,0,89
710,688,580,0,89
710,689,580,0,89
710,690,580,0,89
710,691,580,0,89
710,692,580,0,89
710,693,580,0,89
710,694,580,0,89
710,695,580,0,89
710,696,580,0,89
710,697,580,0,89
710,698,580,0,89
710,699,580,0,89
710,700,580,0,89
710,701,580,0,89
710,702,580,0,89
710,703,580,0,89
710,704,580,0,89
710,705,580,0,89
710,706,580,0,89
710,707,580,0,89
710,708,580,0,89
710,709,580,0,89
710,711,580,0,89
710,712,580,0,89
710,713,580,0,89
710,714,580,0,89
710,715,580,0,89
710,716,580,0,89
710,717,580,0,89
710,718,580,0,89
710,719,580,0,89
710,720,580,0,89
710,721,580,0,89
710,722,580,0,89
710,723,580,0,89
710,724,580,0,89
720,625,280,0,99
720,626,280,0,99
720,627,280,0,99
720,628,280,0,99
720,629,280,0,99
720,630,280,0,99
720,631,280,0,99
720,632,280,0,99
720,633,280,0,99
720,634,280,0,99
720,635,280,0,99
720,636,280,0,99
720,637,280,0,99
720,638,280,0,99
720,639,280,0,99
720,640,280,0,99
720,641,280,0,99
720,642,280,0,99
720,643,280,0,99
720,644,280,0,99
720,645,280,0,99
720,646,280,0,99
720,647,280,0,99
720,648,280,0,99
720,649,280,0,99
720,650,280,0,99
720,651,280,0,99
720,652,280,0,99
720,653,280,0,99
720,654,280,0,99
720,655,280,0,99
720,656,280,0,99
720,657,280,0,99
720,658,280,0,99
720,659,280,0,99
720,660,280,0,99
720,661,280,0,99
720,662,280,0,99
720,663,280,0,99
720,664,280,0,99
720,665,280,0,99
720,666,280,0,99
720,667,280,0,99
720,668,280,0,99
720,669,280,0,99
720,670,280,0,99
720,671,280,0,99
720,672,280,0,99
720,673,280,0,99
720,674,280,0,99
720,675,280,0,99
720,676,280,0,99
720,677,280,0,99
720,678,280,0,99
720,679,280,0,99
720,680,280,0,99
720,681,280,0,99
720,682,280,0,99
720,683,280,0,99
720,684,280,0,99
720,685,280,0,99
720,686,280,0,99
720,687,280,0,99
720,688,280,0,99
720,689,280,0,99
720,690,280,0,99
720,691,280,0,99
720,692,280,0,99
720,693,280,0,99
720,694,280,0,99
720,695,280,0,99
720,696,280,0,99
720,697,280,0,99
720,698,280,0,99
720,699,280,0,99
720,700,280,0,99
720,701,280,0,99
720,702,280,0,99
720,703,280,0,99
720,704,280,0,99
720,705,280,0,99
720,706,280,0,99
720,707,280,0,99
720,708,280,0,99
720,709,280,0,99
720,710,280,0,99
720,711,280,0,99
720,712,280,0,99
720,713,280,0,99
720,714,280,0,99
720,715,280,0,99
720,716,280,0,99
720,717,280,0,99
720,718,280,0,99
720,719,280,0,99
720,721,280,0,99
720,722,280,0,99
720,723,280,0,99
720,724,280,0,99
721,625,157,0,100
721,626,157,0,100
721,627,157,0,100
721,628,157,0,100
721,629,157,0,100
721,630,157,0,100
721,631,157,0,100
721,632,157,0,100
721,633,157,0,100
721,634,157,0,100
721,635,157,0,100
721,636,157,0,100
721,637,157,0,100
721,638,157,0,100
721,639,157,0,100
721,640,157,0,100
721,641,157,0,100
721,642,157,0,100
721,643,157,0,100
721,644,157,0,100
721,645,157,0,100
721,646,157,0,100
721,647,157,0,100
721,648,157,0,100
721,649,157,0,100
721,650,157,0,100
721,651,157,0,100
721,652,157,0,100
721,653,157,0,100
721,654,157,0,100
721,655,157,0,100
721,656,157,0,100
721,657,157,0,100
721,658,157,0,100
721,659,157,0,100
721,660,157,0,100
721,661,157,0,100
721,662,157,0,100
721,663,157,0,100
721,664,157,0,100
721,665,157,0,100
721,666,157,0,100
721,667,157,0,100
721,668,157,0,100
721,669,157,0,100
721,670,157,0,100
721,671,157,0,100
721,672,157,0,100
721,673,157,0,100
721,674,157,0,100
721,675,157,0,100
721,676,157,0,100
721,677,157,0,100
721,678,157,0,100
721,679,157,0,100
721,680,157,0,100
721,681,157,0,100
721,682,157,0,100
721,683,157,0,100
721,684,157,0,100
721,685,157,0,100
721,686,157,0,100
721,687,157,0,100
721,688,157,0,100
721,689,157,0,100
721,690,157,0,100
721,691,157,0,100
721,692,157,0,100
721,693,157,0,100
721,694,157,0,100
721,695,157,0,100
721,696,157,0,100
721,697,157,0,100
721,698,157,0,100
721,699,157,0,100
721,700,157,0,100
721,701,157,0,100
721,702,157,0,100
721,703,157,0,100
721,704,157,0,100
721,705,157,0,100
721,706,157,0,100
721,707,157,0,100
721,708,157,0,100
721,709,157,0,100
721,710,157,0,100
721,711,157,0,100
721,712,157,0,100
721,713,157,0,100
721,714,157,0,100
721,715,157,0,100
721,716,157,0,100
721,717,157,0,100
721,718,157,0,100
721,719,157,0,100
721,720,157,0,100
721,722,157,0,100
721,723,157,0,100
721,724,157,0,100
