625,626,0,0,71226164,142452213,71226164,71226049,142452213,YES
625,626,1,5000000000,5071094555,5142189131,71094555,71094576,142189131,YES
625,626,2,10000000000,10070968799,10141937733,70968799,70968934,141937733,YES
625,626,3,15000000000,15070848660,15141697566,70848660,70848906,141697566,YES
625,626,4,20000000000,20070733985,20141468319,70733985,70734334,141468319,YES
625,626,5,25000000000,25070624635,25141249702,70624635,70625067,141249702,YES
625,626,6,30000000000,30070520519,30141041560,70520519,70521041,141041560,YES
625,626,7,35000000000,35070421584,35140843764,70421584,70422180,140843764,YES
625,626,8,40000000000,40070327818,40140656280,70327818,70328462,140656280,YES
625,626,9,45000000000,45070239257,45140479223,70239257,70239966,140479223,YES
625,626,10,50000000000,50070155973,50140312712,70155973,70156739,140312712,YES
625,626,11,55000000000,55070078084,55140156985,70078084,70078901,140156985,YES
625,626,12,60000000000,60063650793,60127301459,63650793,63650666,127301459,YES
625,626,13,65000000000,65063596565,65127193114,63596565,63596549,127193114,YES
625,626,14,70000000000,70063551869,70127103835,63551869,63551966,127103835,YES
625,626,15,75000000000,75063517047,75127034301,63517047,63517254,127034301,YES
625,626,16,80000000000,80063492396,80126985108,63492396,63492712,126985108,YES
625,626,17,85000000000,85067699231,85135395089,67699231,67695858,135395089,YES
625,626,18,90000000000,90067516197,90135029071,67516197,67512874,135029071,YES
625,626,19,95000000000,95073801833,95150334181,73801833,76532348,150334181,YES
625,626,20,100000000000,100073679430,100147356293,73679430,73676863,147356293,YES
625,626,21,105000000000,105073566023,105147129551,73566023,73563528,147129551,YES
625,626,22,110000000000,110073462080,110147805857,73462080,74343777,147805857,YES
625,626,23,115000000000,115073368026,115146733714,73368026,73365688,146733714,YES
625,626,24,120000000000,120073284231,120146566216,73284231,73281985,146566216,YES
625,626,25,125000000000,125073211028,125149478662,73211028,76267634,149478662,YES
625,626,26,130000000000,130073148685,130156300579,73148685,83151894,156300579,YES
625,626,27,135000000000,135073097422,135146192934,73097422,73095512,146192934,YES
625,626,28,140000000000,140073057399,140146113015,73057399,73055616,146113015,YES
625,626,29,145000000000,145076118420,145149145506,76118420,73027086,149145506,YES
625,626,30,150000000000,150073011549,150146021605,73011549,73010056,146021605,YES
625,626,31,155000000000,155073005879,155146010426,73005879,73004547,146010426,YES
625,626,32,160000000000,160073011782,160146022401,73011782,73010619,146022401,YES
625,626,33,165000000000,165073029280,165146057574,73029280,73028294,146057574,YES
625,626,34,170000000000,170075308001,170151009396,75308001,75701395,151009396,YES
625,626,35,175000000000,175073099063,175146197538,73099063,73098475,146197538,YES
625,626,36,180000000000,180073151283,180146302189,73151283,73150906,146302189,YES
625,626,37,185000000000,185073214946,185149562575,73214946,76347629,149562575,YES
625,626,38,190000000000,190073289904,190149204779,73289904,75914875,149204779,YES
625,626,39,195000000000,195075217598,195148593876,75217598,73376278,148593876,YES
625,626,40,200000000000,200075948565,200149421954,75948565,73473389,149421954,YES
625,626,41,205000000000,205073580212,205147161152,73580212,73580940,147161152,YES
625,626,42,210000000000,210073697677,210147396297,73697677,73698620,147396297,YES
625,626,43,215000000000,215074966426,215148784802,74966426,73818376,148784802,YES
625,626,44,220000000000,220073928249,220147857427,73928249,73929178,147857427,YES
625,626,45,225000000000,225074047510,225148096164,74047510,74048654,148096164,YES
625,626,46,230000000000,230076712801,230150889042,76712801,74176241,150889042,YES
625,626,47,235000000000,235076217106,235150528437,76217106,74311331,150528437,YES
625,626,48,240000000000,240071591263,240143182613,71591263,71591350,143182613,YES
625,626,49,245000000000,245071464949,245142930091,71464949,71465142,142930091,YES
625,626,50,250000000000,250071343713,250142687728,71343713,71344015,142687728,YES
625,626,51,255000000000,255071227347,255142455088,71227347,71227741,142455088,YES
625,626,52,260000000000,260071115665,260142231804,71115665,71116139,142231804,YES
625,626,53,265000000000,265071008533,265142017621,71008533,71009088,142017621,YES
625,626,54,270000000000,270070905843,270141812329,70905843,70906486,141812329,YES
625,626,55,275000000000,275070807556,275141615783,70807556,70808227,141615783,YES
625,626,56,280000000000,280070713616,280141427962,70713616,70714346,141427962,YES
625,626,57,285000000000,285070624062,285141248911,70624062,70624849,141248911,YES
625,626,58,290000000000,290070538951,290141078736,70538951,70539785,141078736,YES
625,626,59,295000000000,295070458376,295142510319,70458376,72051943,142510319,YES
625,626,60,300000000000,300070382460,300140765816,70382460,70383356,140765816,YES
625,626,61,305000000000,305062075349,305124148659,62075349,62073310,124148659,YES
625,626,62,310000000000,310070149227,310132086747,70149227,61937520,132086747,YES
625,626,63,315000000000,315068020711,315129829780,68020711,61809069,129829780,YES
625,626,64,320000000000,320065899726,320335228641,65899726,269328915,335228641,YES
625,626,65,325000000000,325061577076,325162927202,61577076,101350126,162927202,YES
625,626,66,330000000000,330061472534,330122943369,61472534,61470835,122943369,YES
625,626,67,335000000000,335074291220,335148582369,74291220,74291149,148582369,YES
625,626,68,340000000000,340074304183,340148608376,74304183,74304193,148608376,YES
625,626,69,345000000000,345074325340,345148650781,74325340,74325441,148650781,YES
625,626,70,350000000000,350074355221,350148710637,74355221,74355416,148710637,YES
625,626,71,355000000000,355074394323,355148788936,74394323,74394613,148788936,YES
625,626,72,360000000000,360074443098,360148886603,74443098,74443505,148886603,YES
625,626,73,365000000000,365105394096,365179954576,105394096,74560480,179954576,YES
625,626,74,370000000000,370079849584,370153216093,79849584,73366509,153216093,YES
625,626,75,375000000000,375075938472,375149236387,75938472,73297915,149236387,YES
625,626,76,380000000000,380073241844,380146481699,73241844,73239855,146481699,YES
625,626,77,385000000000,385073194436,385146387000,73194436,73192564,146387000,YES
625,626,78,390000000000,390073157983,390146314225,73157983,73156242,146314225,YES
625,626,79,395000000000,395073132638,395146263676,73132638,73131038,146263676,YES
625,626,80,400000000000,400073118508,400146235577,73118508,73117069,146235577,YES
625,626,81,405000000000,405073115712,405146230145,73115712,73114433,146230145,YES
625,626,82,410000000000,410073124322,410146247542,73124322,73123220,146247542,YES
625,626,83,415000000000,415074430920,415147574408,74430920,73143488,147574408,YES
625,626,84,420000000000,420073175971,420146351226,73175971,73175255,146351226,YES
625,626,85,425000000000,425073219054,425146437596,73219054,73218542,146437596,YES
625,626,86,430000000000,430073273615,430172303802,73273615,99030187,172303802,YES
625,626,87,435000000000,435073339570,435148512172,73339570,75172602,148512172,YES
625,626,88,440000000000,440073416777,440146833698,73416777,73416921,146833698,YES
625,626,89,445000000000,445073536806,445147073597,73536806,73536791,147073597,YES
625,626,90,450000000000,450073611820,450147223847,73611820,73612027,147223847,YES
625,626,91,455000000000,455073697261,455147394946,73697261,73697685,147394946,YES
625,626,92,460000000000,460073792725,460147586087,73792725,73793362,147586087,YES
625,626,93,465000000000,465073897759,465147796362,73897759,73898603,147796362,YES
625,626,94,470000000000,470080833673,470154846747,80833673,74013074,154846747,YES
625,626,95,475000000000,475078874758,475153010635,78874758,74135877,153010635,YES
625,626,96,480000000000,480071069761,480142139358,71069761,71069597,142139358,YES
625,626,97,485000000000,485070907068,485141814118,70907068,70907050,141814118,YES
625,626,98,490000000000,490070784041,490141568189,70784041,70784148,141568189,YES
625,626,99,495000000000,495070666850,495141333916,70666850,70667066,141333916,YES
625,626,100,500000000000,500070555297,500141110902,70555297,70555605,141110902,YES
625,626,101,505000000000,505070449218,505140898842,70449218,70449624,140898842,YES
625,626,102,510000000000,510070348482,510140697457,70348482,70348975,140697457,YES
625,626,103,515000000000,515070252997,515140506547,70252997,70253550,140506547,YES
625,626,104,520000000000,520070162715,520140326048,70162715,70163333,140326048,YES
625,626,105,525000000000,525070077612,525140155906,70077612,70078294,140155906,YES
625,626,106,530000000000,530069997704,530139996162,69997704,69998458,139996162,YES
625,626,107,535000000000,535069923045,535139846875,69923045,69923830,139846875,YES
625,626,108,540000000000,540069853709,540139708245,69853709,69854536,139708245,YES
625,626,109,545000000000,545069789785,545139580441,69789785,69790656,139580441,YES
625,626,110,550000000000,550061647291,550123292483,61647291,61645192,123292483,YES
625,626,111,555000000000,555061523279,555123044508,61523279,61521229,123044508,YES
625,626,112,560000000000,560074776668,560149552847,74776668,74776179,149552847,YES
625,626,113,565000000000,565074771299,565149542161,74771299,74770862,149542161,YES
625,626,114,570000000000,570074772469,570149544564,74772469,74772095,149544564,YES
625,626,115,575000000000,575074780645,575149560981,74780645,74780336,149560981,YES
625,626,116,580000000000,580074796287,580149592334,74796287,74796047,149592334,YES
625,626,117,585000000000,585074819834,585149639511,74819834,74819677,149639511,YES
625,626,118,590000000000,590074851718,590149703348,74851718,74851630,149703348,YES
625,626,119,595000000000,595074892335,595149784676,74892335,74892341,149784676,YES
625,626,120,600000000000,600074942038,600150821326,74942038,75879288,150821326,YES
625,626,121,605000000000,605075001142,605150470653,75001142,75469511,150470653,YES
625,626,122,610000000000,610076024076,610149460342,76024076,73436266,149460342,YES
625,626,123,615000000000,615076729257,615150115442,76729257,73386185,150115442,YES
625,626,124,620000000000,620073348385,620146695021,73348385,73346636,146695021,YES
625,626,125,625000000000,625073319368,625146637122,73319368,73317754,146637122,YES
625,626,126,630000000000,630073301183,630146600897,73301183,73299714,146600897,YES
625,626,127,635000000000,635073293959,635146586616,73293959,73292657,146586616,YES
625,626,128,640000000000,640073297825,640146594518,73297825,73296693,146594518,YES
625,626,129,645000000000,645077060192,645150548923,77060192,73488731,150548923,YES
625,626,130,650000000000,650075141314,650148479725,75141314,73338411,148479725,YES
625,626,131,655000000000,655073376741,655150133109,73376741,76756368,150133109,YES
625,626,132,660000000000,660076241134,660149700019,76241134,73458885,149700019,YES
625,626,133,665000000000,665073519318,665149078376,73519318,75559058,149078376,YES
625,626,134,670000000000,670075897796,670149488462,75897796,73590666,149488462,YES
625,626,135,675000000000,675073672781,675147345853,73672781,73673072,147345853,YES
625,626,136,680000000000,680073743394,680147486885,73743394,73743491,147486885,YES
625,626,137,685000000000,685073821165,685147642644,73821165,73821479,147642644,YES
625,626,138,690000000000,690076107942,690150017548,76107942,73909606,150017548,YES
625,626,139,695000000000,695075448583,695149455914,75448583,74007331,149455914,YES
625,626,140,700000000000,700127526734,700201642172,127526734,74115438,201642172,YES
625,626,141,705000000000,705076653582,705150883548,76653582,74229966,150883548,YES
625,626,142,710000000000,710072483168,710144324645,72483168,71841477,144324645,YES
625,626,143,715000000000,715071875762,715143752842,71875762,71877080,143752842,YES
625,626,144,720000000000,720071920962,720145865700,71920962,73944738,145865700,YES
625,626,145,725000000000,725072326382,725144303543,72326382,71977161,144303543,YES
625,626,146,730000000000,730071290132,730142580464,71290132,71290332,142580464,YES
625,626,147,735000000000,735071141615,735142283511,71141615,71141896,142283511,YES
625,626,148,740000000000,740071031584,740142063538,71031584,71031954,142063538,YES
625,626,149,745000000000,745070926283,745141853039,70926283,70926756,141853039,YES
625,626,150,750000000000,750070825597,750203268108,70825597,132442511,203268108,YES
625,626,151,755000000000,755070729439,755141459469,70729439,70730030,141459469,YES
625,626,152,760000000000,760070637762,760141276175,70637762,70638413,141276175,YES
625,626,153,765000000000,765070550543,765141101793,70550543,70551250,141101793,YES
625,626,154,770000000000,770070467801,770140936339,70467801,70468538,140936339,YES
625,626,155,775000000000,775070389560,775140779904,70389560,70390344,140779904,YES
625,626,156,780000000000,780062357407,780124712587,62357407,62355180,124712587,YES
625,626,157,785000000000,785062216122,785124430061,62216122,62213939,124430061,YES
625,626,158,790000000000,790062080929,790124159727,62080929,62078798,124159727,YES
625,626,159,795000000000,795064014810,795125964916,64014810,61950106,125964916,YES
625,626,160,800000000000,800074811225,800149621944,74811225,74810719,149621944,YES
625,626,161,805000000000,805074799539,805149598629,74799539,74799090,149598629,YES
625,626,162,810000000000,810074793967,810149587553,74793967,74793586,149587553,YES
625,626,163,815000000000,815074794983,815149589659,74794983,74794676,149589659,YES
625,626,164,820000000000,820074803069,820151678766,74803069,76875697,151678766,YES
625,626,165,825000000000,825074818707,825149650874,74818707,74832167,149650874,YES
625,626,166,830000000000,830074842372,830149882611,74842372,75040239,149882611,YES
625,626,167,835000000000,835074874534,835150680916,74874534,75806382,150680916,YES
625,626,168,840000000000,840074915636,840149831439,74915636,74915803,149831439,YES
625,626,169,845000000000,845074966106,845149932508,74966106,74966402,149932508,YES
625,626,170,850000000000,850075026328,850150053093,75026328,75026765,150053093,YES
625,626,171,855000000000,855075096642,855150193871,75096642,75097229,150193871,YES
625,626,172,860000000000,860075177327,860150355392,75177327,75178065,150355392,YES
625,626,173,865000000000,865075268614,865150538124,75268614,75269510,150538124,YES
625,626,174,870000000000,870075370648,870150742368,75370648,75371720,150742368,YES
625,626,175,875000000000,875075483515,875150968277,75483515,75484762,150968277,YES
625,626,176,880000000000,880075607200,880151215831,75607200,75608631,151215831,YES
625,626,177,885000000000,885075741627,885151484870,75741627,75743243,151484870,YES
625,626,178,890000000000,890075886615,890151775038,75886615,75888423,151775038,YES
625,626,179,895000000000,895074104466,895147720732,74104466,73616266,147720732,YES
625,626,180,900000000000,900073646017,900147291360,73646017,73645343,147291360,YES
625,626,181,905000000000,905074947441,905148632799,74947441,73685358,148632799,YES
625,626,182,910000000000,910073720505,910150076489,73720505,76355984,150076489,YES
625,626,183,915000000000,915073758082,915147792737,73758082,74034655,147792737,YES
625,626,184,920000000000,920073806415,920149281242,73806415,75474827,149281242,YES
625,626,185,925000000000,925073865345,925153265159,73865345,79399814,153265159,YES
625,626,186,930000000000,930073934652,930151263909,73934652,77329257,151263909,YES
625,626,187,935000000000,935074014050,935148518411,74014050,74504361,148518411,YES
625,626,188,940000000000,940071942473,940143885444,71942473,71942971,143885444,YES
625,626,189,945000000000,945071953110,945146112756,71953110,74159646,146112756,YES
625,626,190,950000000000,950071974928,950145919566,71974928,73944638,145919566,YES
625,626,191,955000000000,-1,-1,-1,-1,-1,LOST
625,626,192,960000000000,960072050908,960197348729,72050908,125297821,197348729,YES
625,626,193,965000000000,965072104365,965145241623,72104365,73137258,145241623,YES
625,626,194,970000000000,970072167611,970144336758,72167611,72169147,144336758,YES
625,626,195,975000000000,975072206646,975144414966,72206646,72208320,144414966,YES
625,626,196,980000000000,980070627198,980141254558,70627198,70627360,141254558,YES
625,626,197,985000000000,985070487580,985140975418,70487580,70487838,140975418,YES
625,626,198,990000000000,990072395858,990142783165,72395858,70387307,142783165,YES
625,626,199,995000000000,995070291750,995140583912,70291750,70292162,140583912,YES
625,626,200,1000000000000,1000070201744,1000140403971,70201744,70202227,140403971,YES
625,626,201,1005000000000,1005070116921,1005140234393,70116921,70117472,140234393,YES
625,626,202,1010000000000,1010070037250,1010140075107,70037250,70037857,140075107,YES
625,626,203,1015000000000,1015069962712,1015139926077,69962712,69963365,139926077,YES
625,626,204,1020000000000,1020062257403,1020124512616,62257403,62255213,124512616,YES
625,626,205,1025000000000,1025075151892,1025150984711,75151892,75832819,150984711,YES
625,626,206,1030000000000,1030075132489,1030150264348,75132489,75131859,150264348,YES
625,626,207,1035000000000,1035075118376,1035150236180,75118376,75117804,150236180,YES
625,626,208,1040000000000,1040075109966,1040150219423,75109966,75109457,150219423,YES
625,626,209,1045000000000,1045075107692,1045151914886,75107692,76807194,151914886,YES
625,626,210,1050000000000,1050075111996,1050176908264,75111996,101796268,176908264,YES
625,626,211,1055000000000,1055075123330,1055150246383,75123330,75123053,150246383,YES
625,626,212,1060000000000,1060075142148,1060150284118,75142148,75141970,150284118,YES
625,626,213,1065000000000,1065075168905,1065150337734,75168905,75168829,150337734,YES
625,626,214,1070000000000,1070075204049,1070150408128,75204049,75204079,150408128,YES
625,626,215,1075000000000,1075075248014,1075150496183,75248014,75248169,150496183,YES
625,626,216,1080000000000,1080075301213,1080150602714,75301213,75301501,150602714,YES
625,626,217,1085000000000,1085075364027,1085150728490,75364027,75364463,150728490,YES
625,626,218,1090000000000,1090075436800,1090150874198,75436800,75437398,150874198,YES
625,626,219,1095000000000,1095075519831,1095151040431,75519831,75520600,151040431,YES
625,626,220,1100000000000,1100075613355,1100151227650,75613355,75614295,151227650,YES
625,626,221,1105000000000,1105075717540,1105151436204,75717540,75718664,151436204,YES
625,626,222,1110000000000,1110075832480,1110151666277,75832480,75833797,151666277,YES
625,626,223,1115000000000,1115075958178,1115151917870,75958178,75959692,151917870,YES
625,626,224,1120000000000,1120076094561,1120152190838,76094561,76096277,152190838,YES
625,626,225,1125000000000,1125076207837,1125152417595,76207837,76209758,152417595,YES
625,626,226,1130000000000,1130076364964,1130152732043,76364964,76367079,152732043,YES
625,626,227,1135000000000,1135076531988,1135153066289,76531988,76534301,153066289,YES
625,626,228,1140000000000,1140076708500,1140153419502,76708500,76711002,153419502,YES
625,626,229,1145000000000,1145076894027,1145153790732,76894027,76896705,153790732,YES
625,626,230,1150000000000,1150071906086,1150143811791,71906086,71905705,143811791,YES
625,626,231,1155000000000,1155071864863,1155143729541,71864863,71864678,143729541,YES
625,626,232,1160000000000,1160071835168,1160144680885,71835168,72845717,144680885,YES
625,626,233,1165000000000,1165071817065,1165145023968,71817065,73206903,145023968,YES
625,626,234,1170000000000,1170071810540,1170143621480,71810540,71810940,143621480,YES
625,626,235,1175000000000,1175071815496,1175143631579,71815496,71816083,143631579,YES
625,626,236,1180000000000,1180071831772,1180143664314,71831772,71832542,143664314,YES
625,626,237,1185000000000,1185071859151,1185144419076,71859151,72559925,144419076,YES
625,626,238,1190000000000,1190071897358,1190143795821,71897358,71898463,143795821,YES
625,626,239,1195000000000,1195073978464,1195145925820,73978464,71947356,145925820,YES
626,627,0,0,66637946,133272326,66637946,66634380,133272326,YES
626,627,1,5000000000,5066418643,5132833797,66418643,66415154,132833797,YES
626,627,2,10000000000,10066208615,10132413793,66208615,66205178,132413793,YES
626,627,3,15000000000,15066008000,15132012623,66008000,66004623,132012623,YES
626,627,4,20000000000,20065816873,20131630458,65816873,65813585,131630458,YES
626,627,5,25000000000,25065635283,25131267345,65635283,65632062,131267345,YES
626,627,6,30000000000,30065463195,30130923247,65463195,65460052,130923247,YES
626,627,7,35000000000,35065300570,35130598080,65300570,65297510,130598080,YES
626,627,8,40000000000,40065147339,40130291721,65147339,65144382,130291721,YES
626,627,9,45000000000,45065003412,45130003977,65003412,65000565,130003977,YES
626,627,10,50000000000,50064868752,50129734749,64868752,64865997,129734749,YES
626,627,11,55000000000,55064743302,55129483962,64743302,64740660,129483962,YES
626,627,12,60000000000,60064627036,60129251565,64627036,64624529,129251565,YES
626,627,13,65000000000,65064519948,65129037516,64519948,64517568,129037516,YES
626,627,14,70000000000,70064422047,70128841867,64422047,64419820,128841867,YES
626,627,15,75000000000,75059350707,75118700492,59350707,59349785,118700492,YES
626,627,16,80000000000,80059316272,80118631770,59316272,59315498,118631770,YES
626,627,17,85000000000,85059293935,85118587248,59293935,59293313,118587248,YES
626,627,18,90000000000,90059283911,90118567359,59283911,59283448,118567359,YES
626,627,19,95000000000,95070033839,95133913771,70033839,63879932,133913771,YES
626,627,20,100000000000,100064023703,100128047792,64023703,64024089,128047792,YES
626,627,21,105000000000,105064146082,105128292730,64146082,64146648,128292730,YES
626,627,22,110000000000,110066779150,110131060354,66779150,64281204,131060354,YES
626,627,23,115000000000,115064426656,115128854248,64426656,64427592,128854248,YES
626,627,24,120000000000,120063240342,120126480663,63240342,63240321,126480663,YES
626,627,25,125000000000,125068816548,125132037782,68816548,63221234,132037782,YES
626,627,26,130000000000,130069076449,130132291309,69076449,63214860,132291309,YES
626,627,27,135000000000,135063220638,135126441817,63220638,63221179,126441817,YES
626,627,28,140000000000,140063239389,140129345563,63239389,66106174,129345563,YES
626,627,29,145000000000,145069679133,145139360541,69679133,69681408,139360541,YES
626,627,30,150000000000,150069772790,150139548040,69772790,69775250,139548040,YES
626,627,31,155000000000,155069875729,155139754085,69875729,69878356,139754085,YES
626,627,32,160000000000,160069987828,160139978440,69987828,69990612,139978440,YES
626,627,33,165000000000,165070108974,165140220868,70108974,70111894,140220868,YES
626,627,34,170000000000,170070239067,170140481190,70239067,70242123,140481190,YES
626,627,35,175000000000,175070378011,175140759215,70378011,70381204,140759215,YES
626,627,36,180000000000,180070525779,180141054873,70525779,70529094,141054873,YES
626,627,37,185000000000,185079303897,185149989930,79303897,70686033,149989930,YES
626,627,38,190000000000,190070847663,190141698850,70847663,70851187,141698850,YES
626,627,39,195000000000,195071021771,195142047151,71021771,71025380,142047151,YES
626,627,40,200000000000,200071204667,200142413034,71204667,71208367,142413034,YES
626,627,41,205000000000,205071396378,205142796556,71396378,71400178,142796556,YES
626,627,42,210000000000,210071596902,210143197675,71596902,71600773,143197675,YES
626,627,43,215000000000,215066347938,215132697979,66347938,66350041,132697979,YES
626,627,44,220000000000,220067352821,220133726457,67352821,66373636,133726457,YES
626,627,45,225000000000,225066436840,225132875895,66436840,66439055,132875895,YES
626,627,46,230000000000,230066477072,230271873517,66477072,205396445,271873517,YES
626,627,47,235000000000,235066525974,235147411449,66525974,80885475,147411449,YES
626,627,48,240000000000,240066855606,240155715635,66855606,88860029,155715635,YES
626,627,49,245000000000,245066623226,245135501285,66623226,68878059,135501285,YES
626,627,50,250000000000,250068714556,250135110891,68714556,66396335,135110891,YES
626,627,51,255000000000,255066580167,255132762606,66580167,66182439,132762606,YES
626,627,52,260000000000,260153583791,260219615875,153583791,66032084,219615875,YES
626,627,53,265000000000,265117802730,265193593738,117802730,75791008,193593738,YES
626,627,54,270000000000,270167929314,270233523662,167929314,65594348,233523662,YES
626,627,55,275000000000,275065425711,275130848307,65425711,65422596,130848307,YES
626,627,56,280000000000,280065259853,280130516689,65259853,65256836,130516689,YES
626,627,57,285000000000,285065103573,285130204214,65103573,65100641,130204214,YES
626,627,58,290000000000,290064956756,290232414514,64956756,167457758,232414514,YES
626,627,59,295000000000,295067626792,295176441715,67626792,108814923,176441715,YES
626,627,60,300000000000,300064691183,300138744862,64691183,74053679,138744862,YES
626,627,61,305000000000,305064572237,305129141965,64572237,64569728,129141965,YES
626,627,62,310000000000,310064462432,310128922476,64462432,64460044,128922476,YES
626,627,63,315000000000,315064361708,315128721170,64361708,64359462,128721170,YES
626,627,64,320000000000,320059828910,320119898463,59828910,60069553,119898463,YES
626,627,65,325000000000,325059806445,325119612071,59806445,59805626,119612071,YES
626,627,66,330000000000,330059829189,330119657699,59829189,59828510,119657699,YES
626,627,67,335000000000,335064026535,335134871050,64026535,70844515,134871050,YES
626,627,68,340000000000,340064138347,340179995066,64138347,115856719,179995066,YES
626,627,69,345000000000,345064261115,345128522594,64261115,64261479,128522594,YES
626,627,70,350000000000,350064394917,350165553937,64394917,101159020,165553937,YES
626,627,71,355000000000,355064539781,355129080261,64539781,64540480,129080261,YES
626,627,72,360000000000,360064695679,360131903362,64695679,67207683,131903362,YES
626,627,73,365000000000,365064885650,365159835583,64885650,94949933,159835583,YES
626,627,74,370000000000,370069523367,370139849405,69523367,70326038,139849405,YES
626,627,75,375000000000,375069583516,375139168625,69583516,69585109,139168625,YES
626,627,76,380000000000,380069653372,380139308530,69653372,69655158,139308530,YES
626,627,77,385000000000,385069733030,385139468044,69733030,69735014,139468044,YES
626,627,78,390000000000,390069822574,390139647315,69822574,69824741,139647315,YES
626,627,79,395000000000,395069922021,395139846377,69922021,69924356,139846377,YES
626,627,80,400000000000,400070031357,400140065200,70031357,70033843,140065200,YES
626,627,81,405000000000,405070150554,405140303759,70150554,70153205,140303759,YES
626,627,82,410000000000,410073314987,410143597451,73314987,70282464,143597451,YES
626,627,83,415000000000,415070418371,415140839696,70418371,70421325,140839696,YES
626,627,84,420000000000,420070566905,420141136895,70566905,70569990,141136895,YES
626,627,85,425000000000,425070725128,425141453476,70725128,70728348,141453476,YES
626,627,86,430000000000,430070892992,430141789319,70892992,70896327,141789319,YES
626,627,87,435000000000,435075745233,435146867277,75745233,71122044,146867277,YES
626,627,88,440000000000,440074184683,440139871605,74184683,65686922,139871605,YES
626,627,89,445000000000,445065717733,445131436966,65717733,65719233,131436966,YES
626,627,90,450000000000,450065728851,450131459588,65728851,65730737,131459588,YES
626,627,91,455000000000,455065749142,455131500244,65749142,65751102,131500244,YES
626,627,92,460000000000,460065812072,460131626169,65812072,65814097,131626169,YES
626,627,93,465000000000,465065850600,465131703291,65850600,65852691,131703291,YES
626,627,94,470000000000,470065898486,470140833730,65898486,74935244,140833730,YES
626,627,95,475000000000,475065955838,475138841281,65955838,72885443,138841281,YES
626,627,96,480000000000,480066365471,480132727539,66365471,66362068,132727539,YES
626,627,97,485000000000,485066150506,485132297663,66150506,66147157,132297663,YES
626,627,98,490000000000,490065945083,490131886904,65945083,65941821,131886904,YES
626,627,99,495000000000,495065749368,495131495541,65749368,65746173,131495541,YES
626,627,100,500000000000,500065563445,500131123760,65563445,65560315,131123760,YES
626,627,101,505000000000,505065387325,505130771610,65387325,65384285,130771610,YES
626,627,102,510000000000,510065220973,510130438985,65220973,65218012,130438985,YES
626,627,103,515000000000,515065064310,515130125742,65064310,65061432,130125742,YES
626,627,104,520000000000,520064917222,520129831658,64917222,64914436,129831658,YES
626,627,105,525000000000,525064779595,525129556513,64779595,64776918,129556513,YES
626,627,106,530000000000,530064651304,530129300034,64651304,64648730,129300034,YES
626,627,107,535000000000,535064532221,535129061976,64532221,64529755,129061976,YES
626,627,108,540000000000,540064422248,540128842144,64422248,64419896,128842144,YES
626,627,109,545000000000,545059928004,545119854949,59928004,59926945,119854949,YES
626,627,110,550000000000,550059892607,550119784275,59892607,59891668,119784275,YES
626,627,111,555000000000,555059902160,555119803507,59902160,59901347,119803507,YES
626,627,112,560000000000,560064128334,560128256613,64128334,64128279,128256613,YES
626,627,113,565000000000,565068209233,565139789599,68209233,71580366,139789599,YES
626,627,114,570000000000,570064339346,570128678905,64339346,64339559,128678905,YES
626,627,115,575000000000,575075028799,575139490542,75028799,64461743,139490542,YES
626,627,116,580000000000,580064593764,580129188043,64593764,64594279,129188043,YES
626,627,117,585000000000,585064737284,585129475241,64737284,64737957,129475241,YES
626,627,118,590000000000,590064891611,590129784060,64891611,64892449,129784060,YES
626,627,119,595000000000,595065056631,595130114279,65056631,65057648,130114279,YES
626,627,120,600000000000,600065232182,600130465556,65232182,65233374,130465556,YES
626,627,121,605000000000,605065451654,605130904672,65451654,65453018,130904672,YES
626,627,122,610000000000,610070068232,610140138183,70068232,70069951,140138183,YES
626,627,123,615000000000,615070146103,615140294105,70146103,70148002,140294105,YES
626,627,124,620000000000,620070233445,620140468958,70233445,70235513,140468958,YES
626,627,125,625000000000,625070330304,625140662846,70330304,70332542,140662846,YES
626,627,126,630000000000,630070436713,630140875821,70436713,70439108,140875821,YES
626,627,127,635000000000,635070552672,635141107892,70552672,70555220,141107892,YES
626,627,128,640000000000,640070678167,640141359047,70678167,70680880,141359047,YES
626,627,129,645000000000,645070813201,645141629261,70813201,70816060,141629261,YES
626,627,130,650000000000,650070957736,650141918462,70957736,70960726,141918462,YES
626,627,131,655000000000,655071111736,655142226577,71111736,71114841,142226577,YES
626,627,132,660000000000,660068318870,660134146341,68318870,65827471,134146341,YES
626,627,133,665000000000,665067801959,665133609277,67801959,65807318,133609277,YES
626,627,134,670000000000,670065827202,670131656345,65827202,65829143,131656345,YES
626,627,135,675000000000,675065857440,675131716910,65857440,65859470,131716910,YES
626,627,136,680000000000,680065866109,680133598223,65866109,67732114,133598223,YES
626,627,137,685000000000,685065879195,685131760253,65879195,65881058,131760253,YES
626,627,138,690000000000,690065931622,690137381276,65931622,71449654,137381276,YES
626,627,139,695000000000,695065932429,695135449457,65932429,69517028,135449457,YES
626,627,140,700000000000,700066006507,700133526831,66006507,67520324,133526831,YES
626,627,141,705000000000,705066056422,705132114961,66056422,66058539,132114961,YES
626,627,142,710000000000,710063605033,710127209797,63605033,63604764,127209797,YES
626,627,143,715000000000,715063578055,715127155948,63578055,63577893,127155948,YES
626,627,144,720000000000,720066675127,720130238246,66675127,63563119,130238246,YES
626,627,145,725000000000,725064686306,725129787093,64686306,65100787,129787093,YES
626,627,146,730000000000,730074246346,730140474745,74246346,66228399,140474745,YES
626,627,147,735000000000,735066047735,735132092283,66047735,66044548,132092283,YES
626,627,148,740000000000,740066719947,740132589579,66719947,65869632,132589579,YES
626,627,149,745000000000,745065706994,745131410938,65706994,65703944,131410938,YES
626,627,150,750000000000,750065550225,750131097478,65550225,65547253,131097478,YES
626,627,151,755000000000,755065402295,755130801694,65402295,65399399,130801694,YES
626,627,152,760000000000,760065263040,760130523264,65263040,65260224,130523264,YES
626,627,153,765000000000,765065132266,765130261818,65132266,65129552,130261818,YES
626,627,154,770000000000,770065009838,770130017059,65009838,65007221,130017059,YES
626,627,155,775000000000,775060228065,775123061346,60228065,62833281,123061346,YES
626,627,156,780000000000,780060155627,780122139173,60155627,61983546,122139173,YES
626,627,157,785000000000,785060093681,785120186191,60093681,60092510,120186191,YES
626,627,158,790000000000,790060042511,790132545285,60042511,72502774,132545285,YES
626,627,159,795000000000,795060035968,795125892965,60035968,65856997,125892965,YES
626,627,160,800000000000,800064269954,800128539742,64269954,64269788,128539742,YES
626,627,161,805000000000,805065589454,805129945145,65589454,64355691,129945145,YES
626,627,162,810000000000,810064452149,810128904358,64452149,64452209,128904358,YES
626,627,163,815000000000,815068156674,815132716245,68156674,64559571,132716245,YES
626,627,164,820000000000,820064677199,820129354731,64677199,64677532,129354731,YES
626,627,165,825000000000,825068172793,825132979216,68172793,64806423,132979216,YES
626,627,166,830000000000,830067676928,830132628520,67676928,64951592,132628520,YES
626,627,167,835000000000,835065095158,835130191101,65095158,65095943,130191101,YES
626,627,168,840000000000,840065255577,840130512092,65255577,65256515,130512092,YES
626,627,169,845000000000,845065426282,845130853662,65426282,65427380,130853662,YES
626,627,170,850000000000,850065607057,850131215373,65607057,65608316,131215373,YES
626,627,171,855000000000,855065797651,855131596712,65797651,65799061,131596712,YES
626,627,172,860000000000,860070610761,860141223300,70610761,70612539,141223300,YES
626,627,173,865000000000,865070693608,865141389162,70693608,70695554,141389162,YES
626,627,174,870000000000,870070785489,870141573080,70785489,70787591,141573080,YES
626,627,175,875000000000,875070886455,875141775189,70886455,70888734,141775189,YES
626,627,176,880000000000,880070996582,880141995593,70996582,70999011,141995593,YES
626,627,177,885000000000,885071115886,885142234329,71115886,71118443,142234329,YES
626,627,178,890000000000,890071244374,890149510352,71244374,78265978,149510352,YES
626,627,179,895000000000,895071382044,895142766920,71382044,71384876,142766920,YES
626,627,180,900000000000,900066039535,900132080555,66039535,66041020,132080555,YES
626,627,181,905000000000,905067737765,905135743027,67737765,68005262,135743027,YES
626,627,182,910000000000,910065987949,910131977304,65987949,65989355,131977304,YES
626,627,183,915000000000,915066777670,915132748897,66777670,65971227,132748897,YES
626,627,184,920000000000,920067100049,920133061506,67100049,65961457,133061506,YES
626,627,185,925000000000,925065958499,925131918667,65958499,65960168,131918667,YES
626,627,186,930000000000,930068959792,930134927315,68959792,65967523,134927315,YES
626,627,187,935000000000,935067033545,935133017213,67033545,65983668,133017213,YES
626,627,188,940000000000,940063847416,940127694496,63847416,63847080,127694496,YES
626,627,189,945000000000,945065714752,945129508255,65714752,63793503,129508255,YES
626,627,190,950000000000,950063751626,950127732561,63751626,63980935,127732561,YES
626,627,191,955000000000,955064459494,955128214454,64459494,63754960,128214454,YES
626,627,192,960000000000,960063736737,960127473605,63736737,63736868,127473605,YES
626,627,193,965000000000,965064049297,965127780255,64049297,63730958,127780255,YES
626,627,194,970000000000,970063736915,970127474191,63736915,63737276,127474191,YES
626,627,195,975000000000,975063721688,975127443849,63721688,63722161,127443849,YES
626,627,196,980000000000,980065468908,980130934891,65468908,65465983,130934891,YES
626,627,197,985000000000,985065298226,985130593599,65298226,65295373,130593599,YES
626,627,198,990000000000,990065137321,990130271875,65137321,65134554,130271875,YES
626,627,199,995000000000,995064986103,995129969532,64986103,64983429,129969532,YES
626,627,200,1000000000000,1000064844447,1000129686312,64844447,64841865,129686312,YES
626,627,201,1005000000000,1005064712224,1005129421954,64712224,64709730,129421954,YES
626,627,202,1010000000000,1010060280388,1010123160064,60280388,62879676,123160064,YES
626,627,203,1015000000000,1015060217031,1015124791880,60217031,64574849,124791880,YES
626,627,204,1020000000000,1020060197996,1020120394966,60197996,60196970,120394966,YES
626,627,205,1025000000000,1025064463161,1025128926088,64463161,64462927,128926088,YES
626,627,206,1030000000000,1030064537815,1030132541865,64537815,68004050,132541865,YES
626,627,207,1035000000000,1035064623026,1035129246034,64623026,64623008,129246034,YES
626,627,208,1040000000000,1040064718892,1040129437890,64718892,64718998,129437890,YES
626,627,209,1045000000000,1045064825464,1045129651156,64825464,64825692,129651156,YES
626,627,210,1050000000000,1050064942735,1050129885821,64942735,64943086,129885821,YES
626,627,211,1055000000000,1055065070655,1055130141804,65070655,65071149,130141804,YES
626,627,212,1060000000000,1060065209130,1060130418893,65209130,65209763,130418893,YES
626,627,213,1065000000000,1065065358023,1065130716820,65358023,65358797,130716820,YES
626,627,214,1070000000000,1070065517170,1070131035252,65517170,65518082,131035252,YES
626,627,215,1075000000000,1075065686347,1075131373752,65686347,65687405,131373752,YES
626,627,216,1080000000000,1080065865320,1080131731845,65865320,65866525,131731845,YES
626,627,217,1085000000000,1085066053811,1085132108987,66053811,66055176,132108987,YES
626,627,218,1090000000000,1090066251529,1090132504582,66251529,66253053,132504582,YES
626,627,219,1095000000000,1095066458157,1095132917988,66458157,66459831,132917988,YES
626,627,220,1100000000000,1100072078136,1100143353138,72078136,71275002,143353138,YES
626,627,221,1105000000000,1105073073396,1105157810995,73073396,84737599,157810995,YES
626,627,222,1110000000000,1110072176666,1110143668121,72176666,71491455,143668121,YES
626,627,223,1115000000000,1115071595925,1115143194310,71595925,71598385,143194310,YES
626,627,224,1120000000000,1120066321161,1120132643463,66321161,66322302,132643463,YES
626,627,225,1125000000000,1125066265266,1125132531793,66265266,66266527,132531793,YES
626,627,226,1130000000000,1130066759962,1130133009946,66759962,66249984,133009946,YES
626,627,227,1135000000000,1135066890742,1135151298071,66890742,84407329,151298071,YES
626,627,228,1140000000000,1140069913624,1140136520426,69913624,66606802,136520426,YES
626,627,229,1145000000000,1145066156186,1145132313751,66156186,66157565,132313751,YES
626,627,230,1150000000000,1150064005270,1150128009657,64005270,64004387,128009657,YES
626,627,231,1155000000000,1155063905354,1155127809951,63905354,63904597,127809951,YES
626,627,232,1160000000000,1160064286460,1160128101188,64286460,63814728,128101188,YES
626,627,233,1165000000000,1165065817266,1165129552535,65817266,63735269,129552535,YES
626,627,234,1170000000000,1170063667097,1170127333800,63667097,63666703,127333800,YES
626,627,235,1175000000000,1175063609634,1175127218996,63609634,63609362,127218996,YES
626,627,236,1180000000000,1180063563791,1180127127436,63563791,63563645,127127436,YES
626,627,237,1185000000000,1185065524233,1185129054079,65524233,63529846,129054079,YES
626,627,238,1190000000000,1190063541730,1190127083562,63541730,63541832,127083562,YES
626,627,239,1195000000000,1195063532303,1195127064834,63532303,63532531,127064834,YES
627,628,0,0,61220631,122439311,61220631,61218680,122439311,YES
627,628,1,5000000000,5061127140,5122252513,61127140,61125373,122252513,YES
627,628,2,10000000000,10061046585,10122091583,61046585,61044998,122091583,YES
627,628,3,15000000000,15060978732,15121956050,60978732,60977318,121956050,YES
627,628,4,20000000000,20060923262,20121845274,60923262,60922012,121845274,YES
627,628,5,25000000000,25060879748,25121758412,60879748,60878664,121758412,YES
627,628,6,30000000000,30060847691,30121694466,60847691,60846775,121694466,YES
627,628,7,35000000000,35060826539,35122305198,60826539,61478659,122305198,YES
627,628,8,40000000000,40060815694,40121630766,60815694,60815072,121630766,YES
627,628,9,45000000000,45060814538,45121628587,60814538,60814049,121628587,YES
627,628,10,50000000000,50060822439,50121644511,60822439,60822072,121644511,YES
627,628,11,55000000000,55060838775,55121677315,60838775,60838540,121677315,YES
627,628,12,60000000000,60060862974,60121725822,60862974,60862848,121725822,YES
627,628,13,65000000000,65060894449,65121788870,60894449,60894421,121788870,YES
627,628,14,70000000000,70069565200,70135859396,69565200,66294196,135859396,YES
627,628,15,75000000000,75068528307,75137058862,68528307,68530555,137058862,YES
627,628,16,80000000000,80068652346,80137307098,68652346,68654752,137307098,YES
627,628,17,85000000000,85068786534,85137575634,68786534,68789100,137575634,YES
627,628,18,90000000000,90068930809,90137864341,68930809,68933532,137864341,YES
627,628,19,95000000000,95069085060,95138173002,69085060,69087942,138173002,YES
627,628,20,100000000000,100069282733,100138568494,69282733,69285761,138568494,YES
627,628,21,105000000000,105069456424,105138916022,69456424,69459598,138916022,YES
627,628,22,110000000000,110069639502,110140149052,69639502,70509550,140149052,YES
627,628,23,115000000000,115069831697,115139666848,69831697,69835151,139666848,YES
627,628,24,120000000000,120062584241,120125166114,62584241,62581873,125166114,YES
627,628,25,125000000000,125062375181,125124748126,62375181,62372945,124748126,YES
627,628,26,130000000000,130062173008,130124343892,62173008,62170884,124343892,YES
627,628,27,135000000000,135071841118,135133816727,71841118,61975609,133816727,YES
627,628,28,140000000000,140061790335,140123578824,61790335,61788489,123578824,YES
627,628,29,145000000000,145059175236,145119340611,59175236,60165375,119340611,YES
627,628,30,150000000000,150059022111,150118096568,59022111,59074457,118096568,YES
627,628,31,155000000000,155058988463,155118526430,58988463,59537967,118526430,YES
627,628,32,160000000000,160058700483,160117399405,58700483,58698922,117399405,YES
627,628,33,165000000000,165058566579,165117231898,58566579,58665319,117231898,YES
627,628,34,170000000000,170058440147,170116878919,58440147,58438772,116878919,YES
627,628,35,175000000000,175058321780,175116642288,58321780,58320508,116642288,YES
627,628,36,180000000000,180058212091,180116423020,58212091,58210929,116423020,YES
627,628,37,185000000000,185058111706,185116222381,58111706,58110675,116222381,YES
627,628,38,190000000000,190058021270,190116041633,58021270,58020363,116041633,YES
627,628,39,195000000000,195057941410,195115882054,57941410,57940644,115882054,YES
627,628,40,200000000000,200057872748,200115744871,57872748,57872123,115744871,YES
627,628,41,205000000000,205057815858,205115631237,57815858,57815379,115631237,YES
627,628,42,210000000000,210057771262,210115542198,57771262,57770936,115542198,YES
627,628,43,215000000000,215061738561,215123474079,61738561,61735518,123474079,YES
627,628,44,220000000000,220061559679,220126608887,61559679,65049208,126608887,YES
627,628,45,225000000000,225065159464,225126583095,65159464,61423631,126583095,YES
627,628,46,230000000000,230153210783,230214477789,153210783,61267006,214477789,YES
627,628,47,235000000000,235064172398,235125300997,64172398,61128599,125300997,YES
627,628,48,240000000000,240140621143,240201620180,140621143,60999037,201620180,YES
627,628,49,245000000000,245062100342,245122987062,62100342,60886720,122987062,YES
627,628,50,250000000000,250060787986,250121574083,60787986,60786097,121574083,YES
627,628,51,255000000000,255060700677,255121399644,60700677,60698967,121399644,YES
627,628,52,260000000000,260060626701,260222483087,60626701,161856386,222483087,YES
627,628,53,265000000000,265074432375,265186702125,74432375,112269750,186702125,YES
627,628,54,270000000000,270060517416,270223062352,60517416,162544936,223062352,YES
627,628,55,275000000000,275060481204,275120961388,60481204,60480184,120961388,YES
627,628,56,280000000000,280060456535,280122897896,60456535,62441361,122897896,YES
627,628,57,285000000000,285060442779,285120884864,60442779,60442085,120884864,YES
627,628,58,290000000000,290065208036,290125646793,65208036,60438757,125646793,YES
627,628,59,295000000000,295095309182,295155754271,95309182,60445089,155754271,YES
627,628,60,300000000000,300096297720,300156882845,96297720,60585125,156882845,YES
627,628,61,305000000000,305060483856,305120967528,60483856,60483672,120967528,YES
627,628,62,310000000000,310060514895,310121029712,60514895,60514817,121029712,YES
627,628,63,315000000000,315063879473,315127760654,63879473,63881181,127760654,YES
627,628,64,320000000000,320068385123,320136772867,68385123,68387744,136772867,YES
627,628,65,325000000000,325068520571,325137043924,68520571,68523353,137043924,YES
627,628,66,330000000000,330068700010,330137402953,68700010,68702943,137402953,YES
627,628,67,335000000000,335074868833,335143728233,74868833,68859400,143728233,YES
627,628,68,340000000000,340085016286,340154207981,85016286,69191695,154207981,YES
627,628,69,345000000000,345096093326,345165296075,96093326,69202749,165296075,YES
627,628,70,350000000000,350106232586,350175621607,106232586,69389021,175621607,YES
627,628,71,355000000000,355069638624,355139250227,69638624,69611603,139250227,YES
627,628,72,360000000000,360069783235,360140060025,69783235,70276790,140060025,YES
627,628,73,365000000000,365063005404,365126615893,63005404,63610489,126615893,YES
627,628,74,370000000000,370059352561,370120439752,59352561,61087191,120439752,YES
627,628,75,375000000000,375059190644,375120171456,59190644,60980812,120171456,YES
627,628,76,380000000000,380061088905,380120121104,61088905,59032199,120121104,YES
627,628,77,385000000000,385058883061,385117764477,58883061,58881416,117764477,YES
627,628,78,390000000000,390060956546,390119693243,60956546,58736697,119693243,YES
627,628,79,395000000000,395060785582,395119350742,60785582,58565160,119350742,YES
627,628,80,400000000000,400060544133,400123175078,60544133,62630945,123175078,YES
627,628,81,405000000000,405058312959,405116624632,58312959,58311673,116624632,YES
627,628,82,410000000000,410058198462,410116549676,58198462,58351214,116549676,YES
627,628,83,415000000000,415058093052,415116185053,58093052,58092001,116185053,YES
627,628,84,420000000000,420057997380,420115993841,57997380,57996461,115993841,YES
627,628,85,425000000000,425057912095,425115823398,57912095,57911303,115823398,YES
627,628,86,430000000000,430057837842,430115675025,57837842,57837183,115675025,YES
627,628,87,435000000000,435057775232,435115549944,57775232,57774712,115549944,YES
627,628,88,440000000000,440061678636,440123354057,61678636,61675421,123354057,YES
627,628,89,445000000000,445061482430,445122961784,61482430,61479354,122961784,YES
627,628,90,450000000000,450061297897,450122592852,61297897,61294955,122592852,YES
627,628,91,455000000000,455061125651,455122248506,61125651,61122855,122248506,YES
627,628,92,460000000000,460060999830,460121997030,60999830,60997200,121997030,YES
627,628,93,465000000000,465060853690,465121704909,60853690,60851219,121704909,YES
627,628,94,470000000000,470060721183,470121883593,60721183,61162410,121883593,YES
627,628,95,475000000000,475060602533,475121202928,60602533,60600395,121202928,YES
627,628,96,480000000000,480060497845,480125201379,60497845,64703534,125201379,YES
627,628,97,485000000000,485060407073,485123110829,60407073,62703756,123110829,YES
627,628,98,490000000000,490060330053,490121034017,60330053,60703964,121034017,YES
627,628,99,495000000000,495060266483,495120531551,60266483,60265068,120531551,YES
627,628,100,500000000000,500060215952,500120430665,60215952,60214713,120430665,YES
627,628,101,505000000000,505060177940,505120354819,60177940,60176879,120354819,YES
627,628,102,510000000000,510060151876,510120302852,60151876,60150976,120302852,YES
627,628,103,515000000000,515060137108,515120273472,60137108,60136364,120273472,YES
627,628,104,520000000000,520060132955,520120265313,60132955,60132358,120265313,YES
627,628,105,525000000000,525060138724,525120276984,60138724,60138260,120276984,YES
627,628,106,530000000000,530060153724,530120307114,60153724,60153390,120307114,YES
627,628,107,535000000000,535060177281,535120885456,60177281,60708175,120885456,YES
627,628,108,540000000000,540060208742,540120417374,60208742,60208632,120417374,YES
627,628,109,545000000000,545068141285,545136284947,68141285,68143662,136284947,YES
627,628,110,550000000000,550068260484,550136523508,68260484,68263024,136523508,YES
627,628,111,555000000000,555068424285,555136851283,68424285,68426998,136851283,YES
627,628,112,560000000000,560068565466,560137133805,68565466,68568339,137133805,YES
627,628,113,565000000000,565077578131,565152637840,77578131,75059709,152637840,YES
627,628,114,570000000000,570068880285,570137763758,68880285,68883473,137763758,YES
627,628,115,575000000000,575069053558,575138110452,69053558,69056894,138110452,YES
627,628,116,580000000000,580069237077,580138477635,69237077,69240558,138477635,YES
627,628,117,585000000000,585069430551,585138864724,69430551,69434173,138864724,YES
627,628,118,590000000000,590069633629,590139271013,69633629,69637384,139271013,YES
627,628,119,595000000000,595069845969,595139695813,69845969,69849844,139695813,YES
627,628,120,600000000000,600070067167,600140138340,70067167,70071173,140138340,YES
627,628,121,605000000000,605070330433,605140664984,70330433,70334551,140664984,YES
627,628,122,610000000000,610074990636,610149981842,74990636,74991206,149981842,YES
627,628,123,615000000000,615059626572,615119251494,59626572,59624922,119251494,YES
627,628,124,620000000000,620068918600,620128355388,68918600,59436788,128355388,YES
627,628,125,625000000000,625069261405,625128549657,69261405,59288252,128549657,YES
627,628,126,630000000000,630059147580,630119260626,59147580,60113046,119260626,YES
627,628,127,635000000000,635059011821,635118022358,59011821,59010537,118022358,YES
627,628,128,640000000000,640058883264,640117765363,58883264,58882099,117765363,YES
627,628,129,645000000000,645058762463,645117523873,58762463,58761410,117523873,YES
627,628,130,650000000000,650058649998,650117299067,58649998,58649069,117299067,YES
627,628,131,655000000000,655058546467,655117092128,58546467,58545661,117092128,YES
627,628,132,660000000000,660062527234,660125050954,62527234,62523720,125050954,YES
627,628,133,665000000000,665062253652,665124503895,62253652,62250243,124503895,YES
627,628,134,670000000000,670062022668,670124042042,62022668,62019374,124042042,YES
627,628,135,675000000000,675061801443,675123599724,61801443,61798281,123599724,YES
627,628,136,680000000000,680064273913,680125861552,64273913,61587639,125861552,YES
627,628,137,685000000000,685063571978,685124960456,63571978,61388478,124960456,YES
627,628,138,690000000000,690061204177,690122405632,61204177,61201455,122405632,YES
627,628,139,695000000000,695061029724,695122056882,61029724,61027158,122056882,YES
627,628,140,700000000000,700060902288,700121802184,60902288,60899896,121802184,YES
627,628,141,705000000000,705060755203,705121508183,60755203,60752980,121508183,YES
627,628,142,710000000000,710060622458,710121242867,60622458,60620409,121242867,YES
627,628,143,715000000000,715060504311,715121006754,60504311,60502443,121006754,YES
627,628,144,720000000000,720060400845,720120800005,60400845,60399160,120800005,YES
627,628,145,725000000000,725060311989,725128063674,60311989,67751685,128063674,YES
627,628,146,730000000000,730060237511,730129274894,60237511,69037383,129274894,YES
627,628,147,735000000000,735060177017,735120352880,60177017,60175863,120352880,YES
627,628,148,740000000000,740060130011,740120308536,60130011,60178525,120308536,YES
627,628,149,745000000000,745060095873,745120190916,60095873,60095043,120190916,YES
627,628,150,750000000000,750060073917,750120147165,60073917,60073248,120147165,YES
627,628,151,755000000000,755060063437,755120126344,60063437,60062907,120126344,YES
627,628,152,760000000000,760060063665,760120126919,60063665,60063254,120126919,YES
627,628,153,765000000000,765060073845,765120147403,60073845,60073558,120147403,YES
627,628,154,770000000000,770060093247,770120186319,60093247,60093072,120186319,YES
627,628,155,775000000000,775062570392,775118720257,62570392,56149865,118720257,YES
627,628,156,780000000000,780058370198,780114577781,58370198,56207583,114577781,YES
627,628,157,785000000000,785067911746,785135825561,67911746,67913815,135825561,YES
627,628,158,790000000000,790068009342,790136020922,68009342,68011580,136020922,YES
627,628,159,795000000000,795068152011,795136306435,68152011,68154424,136306435,YES
627,628,160,800000000000,800068272665,800136547917,68272665,68275252,136547917,YES
627,628,161,805000000000,805068404937,805137590432,68404937,69185495,137590432,YES
627,628,162,810000000000,810068548791,810137100504,68548791,68551713,137100504,YES
627,628,163,815000000000,815068704114,815137411312,68704114,68707198,137411312,YES
627,628,164,820000000000,820068870726,820137744693,68870726,68873967,137744693,YES
627,628,165,825000000000,825069048389,825138100172,69048389,69051783,138100172,YES
627,628,166,830000000000,830069236801,830138477146,69236801,69240345,138477146,YES
627,628,167,835000000000,835069435620,835138874932,69435620,69439312,138874932,YES
627,628,168,840000000000,840069644463,840139292740,69644463,69648277,139292740,YES
627,628,169,845000000000,845069862894,845139729739,69862894,69866845,139729739,YES
627,628,170,850000000000,850070090484,850140185045,70090484,70094561,140185045,YES
627,628,171,855000000000,855062663997,855125329627,62663997,62665630,125329627,YES
627,628,172,860000000000,860059070844,860118140066,59070844,59069222,118140066,YES
627,628,173,865000000000,865058997059,865117917777,58997059,58920718,117917777,YES
627,628,174,870000000000,870058779786,870117558138,58779786,58778352,117558138,YES
627,628,175,875000000000,875058643968,875117286589,58643968,58642621,117286589,YES
627,628,176,880000000000,880058515324,880117029392,58515324,58514068,117029392,YES
627,628,177,885000000000,885058394422,885116787686,58394422,58393264,116787686,YES
627,628,178,890000000000,890058281864,890116562682,58281864,58280818,116562682,YES
627,628,179,895000000000,895059824235,895118001535,59824235,58177300,118001535,YES
627,628,180,900000000000,900062119826,900124236026,62119826,62116200,124236026,YES
627,628,181,905000000000,905061847361,905123691207,61847361,61843846,123691207,YES
627,628,182,910000000000,910061617580,910131814371,61617580,70196791,131814371,YES
627,628,183,915000000000,915061397618,915131785751,61397618,70388133,131785751,YES
627,628,184,920000000000,920061188226,920122373264,61188226,61185038,122373264,YES
627,628,185,925000000000,925060990132,925130619747,60990132,69629615,130619747,YES
627,628,186,930000000000,930062401978,930132276921,62401978,69874943,132276921,YES
627,628,187,935000000000,935060630601,935121258421,60630601,60627820,121258421,YES
627,628,188,940000000000,940060470355,940120938085,60470355,60467730,120938085,YES
627,628,189,945000000000,945060323768,945120645068,60323768,60321300,120645068,YES
627,628,190,950000000000,950060191184,950120380061,60191184,60188877,120380061,YES
627,628,191,955000000000,955060106407,955120210675,60106407,60104268,120210675,YES
627,628,192,960000000000,960060002311,960120002657,60002311,60000346,120002657,YES
627,628,193,965000000000,965059912417,965119823045,59912417,59910628,119823045,YES
627,628,194,970000000000,970059836528,970119671440,59836528,59834912,119671440,YES
627,628,195,975000000000,975059774301,975119547166,59774301,59772865,119547166,YES
627,628,196,980000000000,980059725293,980119449317,59725293,59724024,119449317,YES
627,628,197,985000000000,985059688957,985119376813,59688957,59687856,119376813,YES
627,628,198,990000000000,990059664692,990119328442,59664692,59663750,119328442,YES
627,628,199,995000000000,995059651829,995119302867,59651829,59651038,119302867,YES
627,628,200,1000000000000,1000059649674,1000119298702,59649674,59649028,119298702,YES
627,628,201,1005000000000,1005059657525,1005119314540,59657525,59657015,119314540,YES
627,628,202,1010000000000,1010067776853,1010135555504,67776853,67778651,135555504,YES
627,628,203,1015000000000,1015067855319,1015135712613,67855319,67857294,135712613,YES
627,628,204,1020000000000,1020067979040,1020135960231,67979040,67981191,135960231,YES
627,628,205,1025000000000,1025068081070,1025136164459,68081070,68083389,136164459,YES
627,628,206,1030000000000,1030071823219,1030140021006,71823219,68197787,140021006,YES
627,628,207,1035000000000,1035068321509,1035136645701,68321509,68324192,136645701,YES
627,628,208,1040000000000,1040068460043,1040136922942,68460043,68462899,136922942,YES
627,628,209,1045000000000,1045068610720,1045137224462,68610720,68613742,137224462,YES
627,628,210,1050000000000,1050068773390,1050137549972,68773390,68776582,137549972,YES
627,628,211,1055000000000,1055068947827,1055137899003,68947827,68951176,137899003,YES
627,628,212,1060000000000,1060069133722,1060138270949,69133722,69137227,138270949,YES
627,628,213,1065000000000,1065069330719,1065138665097,69330719,69334378,138665097,YES
627,628,214,1070000000000,1070069538403,1070139080595,69538403,69542192,139080595,YES
627,628,215,1075000000000,1075069756305,1075139516529,69756305,69760224,139516529,YES
627,628,216,1080000000000,1080069983937,1080139971929,69983937,69987992,139971929,YES
627,628,217,1085000000000,1085070220799,1085140445776,70220799,70224977,140445776,YES
627,628,218,1090000000000,1090070466357,1090140937015,70466357,70470658,140937015,YES
627,628,219,1095000000000,1095062581433,1095125164686,62581433,62583253,125164686,YES
627,628,220,1100000000000,1100058933354,1100117865308,58933354,58931954,117865308,YES
627,628,221,1105000000000,1105059963722,1105118760524,59963722,58796802,118760524,YES
627,628,222,1110000000000,1110060492944,1110124352123,60492944,63859179,124352123,YES
627,628,223,1115000000000,1115065763992,1115124427067,65763992,58663075,124427067,YES
627,628,224,1120000000000,1120065096655,1120127690181,65096655,62593526,127690181,YES
627,628,225,1125000000000,1125062268692,1125124533676,62268692,62264984,124533676,YES
627,628,226,1130000000000,1130062019369,1130124035102,62019369,62015733,124035102,YES
627,628,227,1135000000000,1135095952568,1135157859957,95952568,61907389,157859957,YES
627,628,228,1140000000000,1140077686133,1140139362074,77686133,61675941,139362074,YES
627,628,229,1145000000000,1145061322784,1145122642243,61322784,61319459,122642243,YES
627,628,230,1150000000000,1150061110135,1150122217068,61110135,61106933,122217068,YES
627,628,231,1155000000000,1155060908478,1155123180112,60908478,62271634,123180112,YES
627,628,232,1160000000000,1160060718503,1160130406304,60718503,69687801,130406304,YES
627,628,233,1165000000000,1165060540859,1165128141520,60540859,67600661,128141520,YES
627,628,234,1170000000000,1170060376119,1170125885137,60376119,65509018,125885137,YES
627,628,235,1175000000000,1175060224765,1175120447009,60224765,60222244,120447009,YES
627,628,236,1180000000000,1180074943951,1180135028367,74943951,60084416,135028367,YES
627,628,237,1185000000000,1185073403128,1185133364201,73403128,59961073,133364201,YES
627,628,238,1190000000000,1190059887715,1190119773398,59887715,59885683,119773398,YES
627,628,239,1195000000000,1195059792350,1195125553136,59792350,65760786,125553136,YES
628,629,0,0,75748483,151498837,75748483,75750354,151498837,YES
628,629,1,5000000000,5075841408,5151684851,75841408,75843443,151684851,YES
628,629,2,10000000000,10075944881,10151891969,75944881,75947088,151891969,YES
628,629,3,15000000000,15076059073,15152120507,76059073,76061434,152120507,YES
628,629,4,20000000000,20076184144,20152370793,76184144,76186649,152370793,YES
628,629,5,25000000000,25076320174,25152643001,76320174,76322827,152643001,YES
628,629,6,30000000000,30076467207,30152937202,76467207,76469995,152937202,YES
628,629,7,35000000000,35076625211,35153253341,76625211,76628130,153253341,YES
628,629,8,40000000000,40076794105,40153591250,76794105,76797145,153591250,YES
628,629,9,45000000000,45076973720,45153950602,76973720,76976882,153950602,YES
628,629,10,50000000000,50077163814,50154330895,77163814,77167081,154330895,YES
628,629,11,55000000000,55077364060,55154731489,77364060,77367429,154731489,YES
628,629,12,60000000000,60077574080,60155151634,77574080,77577554,155151634,YES
628,629,13,65000000000,65077793415,65156630380,77793415,78836965,156630380,YES
628,629,14,70000000000,70070470960,70140944028,70470960,70473068,140944028,YES
628,629,15,75000000000,75072852444,75145704652,72852444,72852208,145704652,YES
628,629,16,80000000000,80075328278,80148269657,75328278,72941379,148269657,YES
628,629,17,85000000000,85072944414,85145888841,72944414,72944427,145888841,YES
628,629,18,90000000000,90073004893,90146009934,73004893,73005041,146009934,YES
628,629,19,95000000000,95073074513,95146149301,73074513,73074788,146149301,YES
628,629,20,100000000000,100073152882,100146306162,73152882,73153280,146306162,YES
628,629,21,105000000000,105073269401,105146539238,73269401,73269837,146539238,YES
628,629,22,110000000000,110073355156,110146710868,73355156,73355712,146710868,YES
628,629,23,115000000000,115073448477,115146897630,73448477,73449153,146897630,YES
628,629,24,120000000000,120074075453,120148149617,74075453,74074164,148149617,YES
628,629,25,125000000000,125068030696,125136059041,68030696,68028345,136059041,YES
628,629,26,130000000000,130067972035,130135941764,67972035,67969729,135941764,YES
628,629,27,135000000000,135067919980,135135837709,67919980,67917729,135837709,YES
628,629,28,140000000000,140067874505,140135746827,67874505,67872322,135746827,YES
628,629,29,145000000000,145067835621,145135669126,67835621,67833505,135669126,YES
628,629,30,150000000000,150071295999,150142589744,71295999,71293745,142589744,YES
628,629,31,155000000000,155071111607,155142221042,71111607,71109435,142221042,YES
628,629,32,160000000000,160070967085,160141932098,70967085,70965013,141932098,YES
628,629,33,165000000000,165070829293,165141656612,70829293,70827319,141656612,YES
628,629,34,170000000000,170070698732,170141395596,70698732,70696864,141395596,YES
628,629,35,175000000000,175070575897,175141150033,70575897,70574136,141150033,YES
628,629,36,180000000000,180070461321,180140921002,70461321,70459681,140921002,YES
628,629,37,185000000000,185070355546,185140709579,70355546,70354033,140709579,YES
628,629,38,190000000000,190070259116,190140516859,70259116,70257743,140516859,YES
628,629,39,195000000000,195070172572,195140343917,70172572,70171345,140343917,YES
628,629,40,200000000000,200070096436,200140191801,70096436,70095365,140191801,YES
628,629,41,205000000000,205072060828,205142091095,72060828,70030267,142091095,YES
628,629,42,210000000000,210075176974,210150354424,75176974,75177450,150354424,YES
628,629,43,215000000000,215075205739,215150412130,75205739,75206391,150412130,YES
628,629,44,220000000000,220075244087,220150489011,75244087,75244924,150489011,YES
628,629,45,225000000000,225075292481,225150586003,75292481,75293522,150586003,YES
628,629,46,230000000000,230075351399,230150704024,75351399,75352625,150704024,YES
628,629,47,235000000000,235075421225,235150843869,75421225,75422644,150843869,YES
628,629,48,240000000000,240075502320,240151006250,75502320,75503930,151006250,YES
628,629,49,245000000000,245075594968,245151191739,75594968,75596771,151191739,YES
628,629,50,250000000000,250076101331,250151802724,76101331,75701393,151802724,YES
628,629,51,255000000000,255075815789,255151633739,75815789,75817950,151633739,YES
628,629,52,260000000000,260075944194,260151890715,75944194,75946521,151890715,YES
628,629,53,265000000000,265076084623,265152171738,76084623,76087115,152171738,YES
628,629,54,270000000000,270076236993,270152476647,76236993,76239654,152476647,YES
628,629,55,275000000000,275076401129,275152805064,76401129,76403935,152805064,YES
628,629,56,280000000000,280076576770,280153156480,76576770,76579710,153156480,YES
628,629,57,285000000000,285076763561,285153530205,76763561,76766644,153530205,YES
628,629,58,290000000000,290076961083,290153925367,76961083,76964284,153925367,YES
628,629,59,295000000000,295077168845,295154953781,77168845,77784936,154953781,YES
628,629,60,300000000000,300077386304,300155416892,77386304,78030588,155416892,YES
628,629,61,305000000000,305077612888,305155229311,77612888,77616423,155229311,YES
628,629,62,310000000000,310077847981,310155699580,77847981,77851599,155699580,YES
628,629,63,315000000000,315073128027,315146255573,73128027,73127546,146255573,YES
628,629,64,320000000000,320073168537,320146336731,73168537,73168194,146336731,YES
628,629,65,325000000000,325073218606,325146437005,73218606,73218399,146437005,YES
628,629,66,330000000000,330073277908,330146555743,73277908,73277835,146555743,YES
628,629,67,335000000000,335073377862,335146755704,73377862,73377842,146755704,YES
628,629,68,340000000000,340073446297,340146892710,73446297,73446413,146892710,YES
628,629,69,345000000000,345078750603,345157500196,78750603,78749593,157500196,YES
628,629,70,350000000000,350078667157,350157333447,78667157,78666290,157333447,YES
628,629,71,355000000000,355078592921,355158006865,78592921,79413944,158006865,YES
628,629,72,360000000000,360078527655,360157054724,78527655,78527069,157054724,YES
628,629,73,365000000000,365067697961,365135393592,67697961,67695631,135393592,YES
628,629,74,370000000000,370067650576,370135298884,67650576,67648308,135298884,YES
628,629,75,375000000000,375067609849,375135217492,67609849,67607643,135217492,YES
628,629,76,380000000000,380067575746,380148844630,67575746,81268884,148844630,YES
628,629,77,385000000000,385067548255,385135094445,67548255,67546190,135094445,YES
628,629,78,390000000000,390067527386,390135052787,67527386,67525401,135052787,YES
628,629,79,395000000000,395070890170,395141778249,70890170,70888079,141778249,YES
628,629,80,400000000000,400070756491,400141510989,70756491,70754498,141510989,YES
628,629,81,405000000000,405070630262,405141258655,70630262,70628393,141258655,YES
628,629,82,410000000000,410075555806,410146065956,75555806,70510150,146065956,YES
628,629,83,415000000000,415070402294,415140802965,70402294,70400671,140802965,YES
628,629,84,420000000000,420070301653,420140601818,70301653,70300165,140601818,YES
628,629,85,425000000000,425070210647,425140419953,70210647,70209306,140419953,YES
628,629,86,430000000000,430070129826,430140258467,70129826,70128641,140258467,YES
628,629,87,435000000000,435070059714,435140118408,70059714,70058694,140118408,YES
628,629,88,440000000000,440070000803,440140000768,70000803,69999965,140000768,YES
628,629,89,445000000000,445069953536,445139906416,69953536,69952880,139906416,YES
628,629,90,450000000000,450069918286,450139836100,69918286,69917814,139836100,YES
628,629,91,455000000000,455075639721,455151280407,75639721,75640686,151280407,YES
628,629,92,460000000000,460075683253,460151367676,75683253,75684423,151367676,YES
628,629,93,465000000000,465075736858,465158057329,75736858,82320471,158057329,YES
628,629,94,470000000000,470075800832,470157380324,75800832,81579492,157380324,YES
628,629,95,475000000000,475075875429,475151752633,75875429,75877204,151752633,YES
628,629,96,480000000000,480077162479,480153125320,77162479,75962841,153125320,YES
628,629,97,485000000000,485076057260,485152116669,76057260,76059409,152116669,YES
628,629,98,490000000000,490076164731,490152331803,76164731,76167072,152331803,YES
628,629,99,495000000000,495076283348,495152569215,76283348,76285867,152569215,YES
628,629,100,500000000000,500076413120,500161033685,76413120,84620565,161033685,YES
628,629,101,505000000000,505076554005,505153110843,76554005,76556838,153110843,YES
628,629,102,510000000000,510076705932,510153414852,76705932,76708920,153414852,YES
628,629,103,515000000000,515076868771,515153740664,76868771,76871893,153740664,YES
628,629,104,520000000000,520077042338,520154087927,77042338,77045589,154087927,YES
628,629,105,525000000000,525077226399,525154456156,77226399,77229757,154456156,YES
628,629,106,530000000000,530078392152,530155816325,78392152,77424173,155816325,YES
628,629,107,535000000000,535077624752,535155253078,77624752,77628326,155253078,YES
628,629,108,540000000000,540077838277,540155680211,77838277,77841934,155680211,YES
628,629,109,545000000000,545072427228,545144853867,72427228,72426639,144853867,YES
628,629,110,550000000000,550072442503,550144884552,72442503,72442049,144884552,YES
628,629,111,555000000000,555072468895,555144937482,72468895,72468587,144937482,YES
628,629,112,560000000000,560072501071,560145001895,72501071,72500824,145001895,YES
628,629,113,565000000000,565072540577,565145081053,72540577,72540476,145081053,YES
628,629,114,570000000000,570072590330,570145180706,72590330,72590376,145180706,YES
628,629,115,575000000000,575078146426,575156291796,78146426,78145370,156291796,YES
628,629,116,580000000000,580078043244,580156085579,78043244,78042335,156085579,YES
628,629,117,585000000000,585077950377,585155899995,77950377,77949618,155899995,YES
628,629,118,590000000000,590077867683,590155734750,77867683,77867067,155734750,YES
628,629,119,595000000000,595077794961,595155589455,77794961,77794494,155589455,YES
628,629,120,600000000000,600077731943,600155463554,77731943,77731611,155463554,YES
628,629,121,605000000000,605077678318,605155356433,77678318,77678115,155356433,YES
628,629,122,610000000000,610077633726,610155267377,77633726,77633651,155267377,YES
628,629,123,615000000000,615067430820,615134859313,67430820,67428493,134859313,YES
628,629,124,620000000000,620067387470,620134772669,67387470,67385199,134772669,YES
628,629,125,625000000000,625067350823,625134699439,67350823,67348616,134699439,YES
628,629,126,630000000000,630067320827,630134639514,67320827,67318687,134639514,YES
628,629,127,635000000000,635067297457,635134592847,67297457,67295390,134592847,YES
628,629,128,640000000000,640067280701,640134559402,67280701,67278701,134559402,YES
628,629,129,645000000000,645067270599,645134539282,67270599,67268683,134539282,YES
628,629,130,650000000000,650070767615,650141533229,70767615,70765614,141533229,YES
628,629,131,655000000000,655070645215,655141288558,70645215,70643343,141288558,YES
628,629,132,660000000000,660070530855,660141059960,70530855,70529105,141059960,YES
628,629,133,665000000000,665070425080,665140848542,70425080,70423462,140848542,YES
628,629,134,670000000000,670075483178,670152471036,75483178,76987858,152471036,YES
628,629,135,675000000000,675075475885,675150951635,75475885,75475750,150951635,YES
628,629,136,680000000000,680075476454,680150952941,75476454,75476487,150952941,YES
628,629,137,685000000000,685075485488,685150971189,75485488,75485701,150971189,YES
628,629,138,690000000000,690075503589,690151007571,75503589,75503982,151007571,YES
628,629,139,695000000000,695075531325,695151063255,75531325,75531930,151063255,YES
628,629,140,700000000000,700075569269,700157483085,75569269,81913816,157483085,YES
628,629,141,705000000000,705075617922,705156876910,75617922,81258988,156876910,YES
628,629,142,710000000000,710075677731,710151356696,75677731,75678965,151356696,YES
628,629,143,715000000000,715075749080,715151499606,75749080,75750526,151499606,YES
628,629,144,720000000000,720075832265,720151666191,75832265,75833926,151666191,YES
628,629,145,725000000000,725075927499,725151856867,75927499,75929368,151856867,YES
628,629,146,730000000000,730076034915,730152071899,76034915,76036984,152071899,YES
628,629,147,735000000000,735076154547,735152311366,76154547,76156819,152311366,YES
628,629,148,740000000000,740077259089,740153547934,77259089,76288845,153547934,YES
628,629,149,745000000000,745076430226,745152863086,76430226,76432860,152863086,YES
628,629,150,750000000000,750079469719,750156058549,79469719,76588830,156058549,YES
628,629,151,755000000000,755076753214,755153509393,76753214,76756179,153509393,YES
628,629,152,760000000000,760076931715,760153866527,76931715,76934812,153866527,YES
628,629,153,765000000000,765077121021,765154245275,77121021,77124254,154245275,YES
628,629,154,770000000000,770077320671,770154644715,77320671,77324044,154644715,YES
628,629,155,775000000000,775077530156,775155063798,77530156,77533642,155063798,YES
628,629,156,780000000000,780077748938,780155501457,77748938,77752519,155501457,YES
628,629,157,785000000000,785072800233,785145599583,72800233,72799350,145599583,YES
628,629,158,790000000000,790078522808,790157043497,78522808,78520689,157043497,YES
628,629,159,795000000000,795078364895,795156727821,78364895,78362926,156727821,YES
628,629,160,800000000000,800078184144,800156366473,78184144,78182329,156366473,YES
628,629,161,805000000000,805078047974,805156094295,78047974,78046321,156094295,YES
628,629,162,810000000000,810077922931,810155844380,77922931,77921449,155844380,YES
628,629,163,815000000000,815077809075,815155616824,77809075,77807749,155616824,YES
628,629,164,820000000000,820077706367,820155411577,77706367,77705210,155411577,YES
628,629,165,825000000000,825077614694,825155228391,77614694,77613697,155228391,YES
628,629,166,830000000000,830077533856,830155066884,77533856,77533028,155066884,YES
628,629,167,835000000000,835077463593,835154926516,77463593,77462923,154926516,YES
628,629,168,840000000000,840077403565,840154806614,77403565,77403049,154806614,YES
628,629,169,845000000000,845077353377,845154706402,77353377,77353025,154706402,YES
628,629,170,850000000000,850077312624,850154625038,77312624,77312414,154625038,YES
628,629,171,855000000000,855067191096,855134379937,67191096,67188841,134379937,YES
628,629,172,860000000000,860067160098,860134318007,67160098,67157909,134318007,YES
628,629,173,865000000000,865067135755,865134269387,67135755,67133632,134269387,YES
628,629,174,870000000000,870067151625,870134301204,67151625,67149579,134301204,YES
628,629,175,875000000000,875067140507,875134279057,67140507,67138550,134279057,YES
628,629,176,880000000000,880067136042,880134270215,67136042,67134173,134270215,YES
628,629,177,885000000000,885070958298,885141915774,70958298,70957476,141915774,YES
628,629,178,890000000000,890071024617,890188842619,71024617,117818002,188842619,YES
628,629,179,895000000000,895071099433,895142267013,71099433,71167580,142267013,YES
628,629,180,900000000000,900070468525,900143508558,70468525,73040033,143508558,YES
628,629,181,905000000000,905070377362,905147417475,70377362,77040113,147417475,YES
628,629,182,910000000000,910070296123,910145336438,70296123,75040315,145336438,YES
628,629,183,915000000000,915070225362,915140449649,70225362,70224287,140449649,YES
628,629,184,920000000000,920076004913,920152010137,76004913,76005224,152010137,YES
628,629,185,925000000000,925076021281,925152043072,76021281,76021791,152043072,YES
628,629,186,930000000000,930076046981,930152094683,76046981,76047702,152094683,YES
628,629,187,935000000000,935076082492,935152165914,76082492,76083422,152165914,YES
628,629,188,940000000000,940076128218,940152257583,76128218,76129365,152257583,YES
628,629,189,945000000000,945076184506,945152370383,76184506,76185877,152370383,YES
628,629,190,950000000000,950076251633,950152504857,76251633,76253224,152504857,YES
628,629,191,955000000000,955076329790,955152661386,76329790,76331596,152661386,YES
628,629,192,960000000000,960076419087,960152840206,76419087,76421119,152840206,YES
628,629,193,965000000000,965076519604,965153041444,76519604,76521840,153041444,YES
628,629,194,970000000000,970076631306,970153265046,76631306,76633740,153265046,YES
628,629,195,975000000000,975076754139,975153510896,76754139,76756757,153510896,YES
628,629,196,980000000000,980076887988,980153778761,76887988,76890773,153778761,YES
628,629,197,985000000000,985077032694,985154068324,77032694,77035630,154068324,YES
628,629,198,990000000000,990077188057,990154379215,77188057,77191158,154379215,YES
628,629,199,995000000000,995077353864,995154710972,77353864,77357108,154710972,YES
628,629,200,1000000000000,1000077529846,1000155063062,77529846,77533216,155063062,YES
628,629,201,1005000000000,1005077715708,1005155434906,77715708,77719198,155434906,YES
628,629,202,1010000000000,1010072263802,1010144526437,72263802,72262635,144526437,YES
628,629,203,1015000000000,1015078272813,1015156543202,78272813,78270389,156543202,YES
628,629,204,1020000000000,1020078096104,1020156189935,78096104,78093831,156189935,YES
628,629,205,1025000000000,1025077930322,1025155858543,77930322,77928221,155858543,YES
628,629,206,1030000000000,1030077775859,1030155549791,77775859,77773932,155549791,YES
628,629,207,1035000000000,1035077599420,1035155197084,77599420,77597664,155197084,YES
628,629,208,1040000000000,1040077468415,1040154935251,77468415,77466836,154935251,YES
628,629,209,1045000000000,1045077349355,1045154697312,77349355,77347957,154697312,YES
628,629,210,1050000000000,1050077242245,1050154483270,77242245,77241025,154483270,YES
628,629,211,1055000000000,1055077146981,1055154292925,77146981,77145944,154292925,YES
628,629,212,1060000000000,1060077063362,1060154125866,77063362,77062504,154125866,YES
628,629,213,1065000000000,1065076991107,1065153981522,76991107,76990415,153981522,YES
628,629,214,1070000000000,1070076929853,1070153859180,76929853,76929327,153859180,YES
628,629,215,1075000000000,1075076879154,1075153757945,76879154,76878791,153757945,YES
628,629,216,1080000000000,1080076838536,1080153676866,76838536,76838330,153676866,YES
628,629,217,1085000000000,1085076807483,1085153614906,76807483,76807423,153614906,YES
628,629,218,1090000000000,1090076785448,1090153570978,76785448,76785530,153570978,YES
628,629,219,1095000000000,1095067053016,1095134103893,67053016,67050877,134103893,YES
628,629,220,1100000000000,1100067035651,1100134069236,67035651,67033585,134069236,YES
628,629,221,1105000000000,1105067024898,1105134047812,67024898,67022914,134047812,YES
628,629,222,1110000000000,1110067020762,1110134039631,67020762,67018869,134039631,YES
628,629,223,1115000000000,1115070985815,1115142691358,70985815,71705543,142691358,YES
628,629,224,1120000000000,1120071048656,1120142883648,71048656,71834992,142883648,YES
628,629,225,1125000000000,1125071120136,1125142239639,71120136,71119503,142239639,YES
628,629,226,1130000000000,1130071200493,1130142400488,71200493,71199995,142400488,YES
628,629,227,1135000000000,1135071289978,1135143020836,71289978,71730858,143020836,YES
628,629,228,1140000000000,1140071388835,1140142929218,71388835,71540383,142929218,YES
628,629,229,1145000000000,1145071497289,1145142994553,71497289,71497264,142994553,YES
628,629,230,1150000000000,1150076303451,1150155917948,76303451,79614497,155917948,YES
628,629,231,1155000000000,1155076318564,1155155698650,76318564,79380086,155698650,YES
628,629,232,1160000000000,1160076342846,1160152686336,76342846,76343490,152686336,YES
628,629,233,1165000000000,1165076376778,1165152754412,76376778,76377634,152754412,YES
628,629,234,1170000000000,1170076420780,1170152842637,76420780,76421857,152842637,YES
628,629,235,1175000000000,1175076475212,1175152951718,76475212,76476506,152951718,YES
628,629,236,1180000000000,1180076540344,1180153082207,76540344,76541863,153082207,YES
628,629,237,1185000000000,1185076616374,1185153600734,76616374,76984360,153600734,YES
628,629,238,1190000000000,1190076703443,1190153408848,76703443,76705405,153408848,YES
628,629,239,1195000000000,1195078370950,1195155174733,78370950,76803783,155174733,YES
629,630,0,0,89463961,178926026,89463961,89462065,178926026,YES
629,630,1,5000000000,5089331352,5196946125,89331352,107614773,196946125,YES
629,630,2,10000000000,10097283841,10186490190,97283841,89206349,186490190,YES
629,630,3,15000000000,15089094486,15178187761,89094486,89093275,178187761,YES
629,630,4,20000000000,20088991444,20177981950,88991444,88990506,177981950,YES
629,630,5,25000000000,25088899470,25177798276,88899470,88898806,177798276,YES
629,630,6,30000000000,30088819154,30177637923,88819154,88818769,177637923,YES
629,630,7,35000000000,35088751042,35177501983,88751042,88750941,177501983,YES
629,630,8,40000000000,40088695638,40177391460,88695638,88695822,177391460,YES
629,630,9,45000000000,45088653384,45177307245,88653384,88653861,177307245,YES
629,630,10,50000000000,50088624646,50177250060,88624646,88625414,177250060,YES
629,630,11,55000000000,55088609723,55177220499,88609723,88610776,177220499,YES
629,630,12,60000000000,60088608823,60177218979,88608823,88610156,177218979,YES
629,630,13,65000000000,65088622076,65177245755,88622076,88623679,177245755,YES
629,630,14,70000000000,70088649530,70177300926,88649530,88651396,177300926,YES
629,630,15,75000000000,75088691156,75177384425,88691156,88693269,177384425,YES
629,630,16,80000000000,80088746843,80182032307,88746843,93285464,182032307,YES
629,630,17,85000000000,85088816405,85177635379,88816405,88818974,177635379,YES
629,630,18,90000000000,90088899583,90177801946,88899583,88902363,177801946,YES
629,630,19,95000000000,95088996050,95177995074,88996050,88999024,177995074,YES
629,630,20,100000000000,100089105415,100178213984,89105415,89108569,178213984,YES
629,630,21,105000000000,105089228109,105178458004,89228109,89229895,178458004,YES
629,630,22,110000000000,110089284673,110178571287,89284673,89286614,178571287,YES
629,630,23,115000000000,115089352656,115178707399,89352656,89354743,178707399,YES
629,630,24,120000000000,120089431513,120178865241,89431513,89433728,178865241,YES
629,630,25,125000000000,125051493299,125102986180,51493299,51492881,102986180,YES
629,630,26,130000000000,130051488857,130102977388,51488857,51488531,102977388,YES
629,630,27,135000000000,135051493911,135102987584,51493911,51493673,102987584,YES
629,630,28,140000000000,140051507922,140103015689,51507922,51507767,103015689,YES
629,630,29,145000000000,145075570846,145151142843,75570846,75571997,151142843,YES
629,630,30,150000000000,150072225262,150144448350,72225262,72223088,144448350,YES
629,630,31,155000000000,155072165326,155144328576,72165326,72163250,144328576,YES
629,630,32,160000000000,160072114713,160144227453,72114713,72112740,144227453,YES
629,630,33,165000000000,165072073454,165144145051,72073454,72071597,144145051,YES
629,630,34,170000000000,170072041589,170144081436,72041589,72039847,144081436,YES
629,630,35,175000000000,175072019119,175144036620,72019119,72017501,144036620,YES
629,630,36,180000000000,180072006043,180144010597,72006043,72004554,144010597,YES
629,630,37,185000000000,185072002351,185144003349,72002351,72000998,144003349,YES
629,630,38,190000000000,190072008026,190144014843,72008026,72006817,144014843,YES
629,630,39,195000000000,195072023043,195144045029,72023043,72021986,144045029,YES
629,630,40,200000000000,200072047374,200144093842,72047374,72046468,144093842,YES
629,630,41,205000000000,205072281242,205144361472,72281242,72080230,144361472,YES
629,630,42,210000000000,210041565247,210083129944,41565247,41564697,83129944,YES
629,630,43,215000000000,215041613991,215083227489,41613991,41613498,83227489,YES
629,630,44,220000000000,220090260262,220180042765,90260262,89782503,180042765,YES
629,630,45,225000000000,225089629355,225179256494,89629355,89627139,179256494,YES
629,630,46,230000000000,230089481602,230187453108,89481602,97971506,187453108,YES
629,630,47,235000000000,235090436585,235179776972,90436585,89340387,179776972,YES
629,630,48,240000000000,240102572547,240191782432,102572547,89209885,191782432,YES
629,630,49,245000000000,245089090915,245178180485,89090915,89089570,178180485,YES
629,630,50,250000000000,250088980189,250177959304,88980189,88979115,177959304,YES
629,630,51,255000000000,255088880227,255178322053,88880227,89441826,178322053,YES
629,630,52,260000000000,260088791625,260177582705,88791625,88791080,177582705,YES
629,630,53,265000000000,265088714949,265177429633,88714949,88714684,177429633,YES
629,630,54,270000000000,270088650741,270185262614,88650741,96611873,185262614,YES
629,630,55,275000000000,275088599476,275183362624,88599476,94763148,183362624,YES
629,630,56,280000000000,280088561576,280177123748,88561576,88562172,177123748,YES
629,630,57,285000000000,285088537400,285177739872,88537400,89202472,177739872,YES
629,630,58,290000000000,290088527215,290177055589,88527215,88528374,177055589,YES
629,630,59,295000000000,295088531224,295177063881,88531224,88532657,177063881,YES
629,630,60,300000000000,300088549544,300177100786,88549544,88551242,177100786,YES
629,630,61,305000000000,305088582215,305248870319,88582215,160288104,248870319,YES
629,630,62,310000000000,310088629196,310177260582,88629196,88631386,177260582,YES
629,630,63,315000000000,315088690360,315177383137,88690360,88692777,177383137,YES
629,630,64,320000000000,320088765505,320177533639,88765505,88768134,177533639,YES
629,630,65,325000000000,325088854347,325177711523,88854347,88857176,177711523,YES
629,630,66,330000000000,330088956520,330177916054,88956520,88959534,177916054,YES
629,630,67,335000000000,335089089297,335178180338,89089297,89091041,178180338,YES
629,630,68,340000000000,340089144490,340178290881,89144490,89146391,178290881,YES
629,630,69,345000000000,345051144634,345102288665,51144634,51144031,102288665,YES
629,630,70,350000000000,350051118172,350102235841,51118172,51117669,102235841,YES
629,630,71,355000000000,355051102789,355102205173,51102789,51102384,102205173,YES
629,630,72,360000000000,360051097963,360102195618,51097963,51097655,102195618,YES
629,630,73,365000000000,365051136733,365102273245,51136733,51136512,102273245,YES
629,630,74,370000000000,370051151300,370102302477,51151300,51151177,102302477,YES
629,630,75,375000000000,375051174688,375102349334,51174688,51174646,102349334,YES
629,630,76,380000000000,380055482947,380106689294,55482947,51206347,106689294,YES
629,630,77,385000000000,385051245529,385102491166,51245529,51245637,102491166,YES
629,630,78,390000000000,390051291841,390102583859,51291841,51292018,102583859,YES
629,630,79,395000000000,395071929806,395143857780,71929806,71927974,143857780,YES
629,630,80,400000000000,400071878272,400143754824,71878272,71876552,143754824,YES
629,630,81,405000000000,405071836213,405143670825,71836213,71834612,143670825,YES
629,630,82,410000000000,410071803723,410143605968,71803723,71802245,143605968,YES
629,630,83,415000000000,415071780875,415143560395,71780875,71779520,143560395,YES
629,630,84,420000000000,420071767705,420143534192,71767705,71766487,143534192,YES
629,630,85,425000000000,425071764243,425143527407,71764243,71763164,143527407,YES
629,630,86,430000000000,430071770486,430143540041,71770486,71769555,143540041,YES
629,630,87,435000000000,435071786406,435143572040,71786406,71785634,143572040,YES
629,630,88,440000000000,440071811972,440143623321,71811972,71811349,143623321,YES
629,630,89,445000000000,445071847110,445143693756,71847110,71846646,143693756,YES
629,630,90,450000000000,450060788298,450121574685,60788298,60786387,121574685,YES
629,630,91,455000000000,455089544537,455179086460,89544537,89541923,179086460,YES
629,630,92,460000000000,460089384685,460178766910,89384685,89382225,178766910,YES
629,630,93,465000000000,465089231843,465178461391,89231843,89229548,178461391,YES
629,630,94,470000000000,470089086515,470178170919,89086515,89084404,178170919,YES
629,630,95,475000000000,475088949233,475177896559,88949233,88947326,177896559,YES
629,630,96,480000000000,480088820578,480177639450,88820578,88818872,177639450,YES
629,630,97,485000000000,485088701158,485177400822,88701158,88699664,177400822,YES
629,630,98,490000000000,490088591615,490177181958,88591615,88590343,177181958,YES
629,630,99,495000000000,495088492603,495176984180,88492603,88491577,176984180,YES
629,630,100,500000000000,500088404790,500176808797,88404790,88404007,176808797,YES
629,630,101,505000000000,505088328843,505176657162,88328843,88328319,176657162,YES
629,630,102,510000000000,510089123423,510177388556,89123423,88265133,177388556,YES
629,630,103,515000000000,515088215100,515177416705,88215100,89201605,177416705,YES
629,630,104,520000000000,520088178485,520176357260,88178485,88178775,176357260,YES
629,630,105,525000000000,525091864810,525180021433,91864810,88156623,180021433,YES
629,630,106,530000000000,530092623854,530181673829,92623854,89049975,181673829,YES
629,630,107,535000000000,535088155320,535176311769,88155320,88156449,176311769,YES
629,630,108,540000000000,540088177526,540176356450,88177526,88178924,176356450,YES
629,630,109,545000000000,545088214937,545176431536,88214937,88216599,176431536,YES
629,630,110,550000000000,550088267509,550176536934,88267509,88269425,176536934,YES
629,630,111,555000000000,555088335083,555176672326,88335083,88337243,176672326,YES
629,630,112,560000000000,560088373356,560176747660,88373356,88374304,176747660,YES
629,630,113,565000000000,565088397705,565180072514,88397705,91674809,180072514,YES
629,630,114,570000000000,570088435920,570176873207,88435920,88437287,176873207,YES
629,630,115,575000000000,575050665607,575101330241,50665607,50664634,101330241,YES
629,630,116,580000000000,580050618507,580101236155,50618507,50617648,101236155,YES
629,630,117,585000000000,585050583398,585101166052,50583398,50582654,101166052,YES
629,630,118,590000000000,590050559846,590101119060,50559846,50559214,101119060,YES
629,630,119,595000000000,595050547363,595101094199,50547363,50546836,101094199,YES
629,630,120,600000000000,600050545401,600101090383,50545401,50544982,101090383,YES
629,630,121,605000000000,605050553390,605101106456,50553390,50553066,101106456,YES
629,630,122,610000000000,610050570729,610101141233,50570729,50570504,101141233,YES
629,630,123,615000000000,615050596821,615101193504,50596821,50596683,101193504,YES
629,630,124,620000000000,620050664674,620101329293,50664674,50664619,101329293,YES
629,630,125,625000000000,625050706504,625101413036,50706504,50706532,101413036,YES
629,630,126,630000000000,630050755356,630101510817,50755356,50755461,101510817,YES
629,630,127,635000000000,635050810698,635101621572,50810698,50810874,101621572,YES
629,630,128,640000000000,640050872023,640101744289,50872023,50872266,101744289,YES
629,630,129,645000000000,645075937090,645151876118,75937090,75939028,151876118,YES
629,630,130,650000000000,650072680600,650145359620,72680600,72679020,145359620,YES
629,630,131,655000000000,655072660577,655145319690,72660577,72659113,145319690,YES
629,630,132,660000000000,660072649180,660145297018,72649180,72647838,145297018,YES
629,630,133,665000000000,665077017397,665150845402,77017397,73828005,150845402,YES
629,630,134,670000000000,670042206392,670084286249,42206392,42079857,84286249,YES
629,630,135,675000000000,675041440535,675082880438,41440535,41439903,82880438,YES
629,630,136,680000000000,680041397716,680082794846,41397716,41397130,82794846,YES
629,630,137,685000000000,685041361767,685082722999,41361767,41361232,82722999,YES
629,630,138,690000000000,690041333032,690082665579,41333032,41332547,82665579,YES
629,630,139,695000000000,695041311850,695082623272,41311850,41311422,82623272,YES
629,630,140,700000000000,700089928326,700179854572,89928326,89926246,179854572,YES
629,630,141,705000000000,705089786494,705179571090,89786494,89784596,179571090,YES
629,630,142,710000000000,710089652402,710179303111,89652402,89650709,179303111,YES
629,630,143,715000000000,715089526560,715179051633,89526560,89525073,179051633,YES
629,630,144,720000000000,720089409492,720178817711,89409492,89408219,178817711,YES
629,630,145,725000000000,725089301745,725178602453,89301745,89300708,178602453,YES
629,630,146,730000000000,730089203877,730178406955,89203877,89203078,178406955,YES
629,630,147,735000000000,735092219067,735181334904,92219067,89115837,181334904,YES
629,630,148,740000000000,740089039975,740178079659,89039975,89039684,178079659,YES
629,630,149,745000000000,745088975018,745177950023,88975018,88975005,177950023,YES
629,630,150,750000000000,750088922063,750183021774,88922063,94099711,183021774,YES
629,630,151,755000000000,755088881570,755177763671,88881570,88882101,177763671,YES
629,630,152,760000000000,760088853951,760177708704,88853951,88854753,177708704,YES
629,630,153,765000000000,765088839561,765177680196,88839561,88840635,177680196,YES
629,630,154,770000000000,770088838699,770177678738,88838699,88840039,177678738,YES
629,630,155,775000000000,775088851590,775177704780,88851590,88853190,177704780,YES
629,630,156,780000000000,780088878394,780177758639,88878394,88880245,177758639,YES
629,630,157,785000000000,785088919199,785177840492,88919199,88921293,177840492,YES
629,630,158,790000000000,790051136062,790102270714,51136062,51134652,102270714,YES
629,630,159,795000000000,795051021515,795102041744,51021515,51020229,102041744,YES
629,630,160,800000000000,800050886278,800101771390,50886278,50885112,101771390,YES
629,630,161,805000000000,805050797753,805101594464,50797753,50796711,101594464,YES
629,630,162,810000000000,810050722414,810101443909,50722414,50721495,101443909,YES
629,630,163,815000000000,815050660195,815101319596,50660195,50659401,101319596,YES
629,630,164,820000000000,820050610894,820101221108,50610894,50610214,101221108,YES
629,630,165,825000000000,825050574190,825101147816,50574190,50573626,101147816,YES
629,630,166,830000000000,830050549640,830101098832,50549640,50549192,101098832,YES
629,630,167,835000000000,835050536738,835101073132,50536738,50536394,101073132,YES
629,630,168,840000000000,840050534888,840101069533,50534888,50534645,101069533,YES
629,630,169,845000000000,845050543462,845101086777,50543462,50543315,101086777,YES
629,630,170,850000000000,850050561803,850101123552,50561803,50561749,101123552,YES
629,630,171,855000000000,855050589245,855101178523,50589245,50589278,101178523,YES
629,630,172,860000000000,860050625133,860101250381,50625133,50625248,101250381,YES
629,630,173,865000000000,865050668825,865101337840,50668825,50669015,101337840,YES
629,630,174,870000000000,870050753303,870101506865,50753303,50753562,101506865,YES
629,630,175,875000000000,875050810794,875101621906,50810794,50811112,101621906,YES
629,630,176,880000000000,880050874344,880101749067,50874344,50874723,101749067,YES
629,630,177,885000000000,885087369472,885174739456,87369472,87369984,174739456,YES
629,630,178,890000000000,890099708792,890187176148,99708792,87467356,187176148,YES
629,630,179,895000000000,895088285831,895176774409,88285831,88488578,176774409,YES
629,630,180,900000000000,900056862382,900112860248,56862382,55997866,112860248,YES
629,630,181,905000000000,905065766497,905128826460,65766497,63059963,128826460,YES
629,630,182,910000000000,910063688956,910126671490,63688956,62982534,126671490,YES
629,630,183,915000000000,915062914508,915125828339,62914508,62913831,125828339,YES
629,630,184,920000000000,920041433075,920082865535,41433075,41432460,82865535,YES
629,630,185,925000000000,925041385006,925082769436,41385006,41384430,82769436,YES
629,630,186,930000000000,930041343904,930082687276,41343904,41343372,82687276,YES
629,630,187,935000000000,935041310135,935082619785,41310135,41309650,82619785,YES
629,630,188,940000000000,940041284042,940082567657,41284042,41283615,82567657,YES
629,630,189,945000000000,945041265983,945082531599,41265983,41265616,82531599,YES
629,630,190,950000000000,950091068893,950180415426,91068893,89346533,180415426,YES
629,630,191,955000000000,955089222850,955178444023,89222850,89221173,178444023,YES
629,630,192,960000000000,960089105834,960178210197,89105834,89104363,178210197,YES
629,630,193,965000000000,965088997922,965177994590,88997922,88996668,177994590,YES
629,630,194,970000000000,970088899681,970177798322,88899681,88898641,177798322,YES
629,630,195,975000000000,975088811692,975177622573,88811692,88810881,177622573,YES
629,630,196,980000000000,980088734538,980177468494,88734538,88733956,177468494,YES
629,630,197,985000000000,985088668792,985177337247,88668792,88668455,177337247,YES
629,630,198,990000000000,990088615017,990177229946,88615017,88614929,177229946,YES
629,630,199,995000000000,995088573741,995177147649,88573741,88573908,177147649,YES
629,630,200,1000000000000,1000088545453,1000177091329,88545453,88545876,177091329,YES
629,630,201,1005000000000,1005088530579,1005177061845,88530579,88531266,177061845,YES
629,630,202,1010000000000,1010088529493,1010177059927,88529493,88530434,177059927,YES
629,630,203,1015000000000,1015051135376,1015102269154,51135376,51133778,102269154,YES
629,630,204,1020000000000,1020051002992,1020102203105,51002992,51200113,102203105,YES
629,630,205,1025000000000,1025058182802,1025109064383,58182802,50881581,109064383,YES
629,630,206,1030000000000,1030052876470,1030103651262,52876470,50774792,103651262,YES
629,630,207,1035000000000,1035050648542,1035101295986,50648542,50647444,101295986,YES
629,630,208,1040000000000,1040050567863,1040101134756,50567863,50566893,101134756,YES
629,630,209,1045000000000,1045050500409,1045100999980,50500409,50499571,100999980,YES
629,630,210,1050000000000,1050050446031,1050100891349,50446031,50445318,100891349,YES
629,630,211,1055000000000,1055050404445,1055100808302,50404445,50403857,100808302,YES
629,630,212,1060000000000,1060050375262,1060100750054,50375262,50374792,100750054,YES
629,630,213,1065000000000,1065050357988,1065100715620,50357988,50357632,100715620,YES
629,630,214,1070000000000,1070050352061,1070100703878,50352061,50351817,100703878,YES
629,630,215,1075000000000,1075050356859,1075100713572,50356859,50356713,100713572,YES
629,630,216,1080000000000,1080050371731,1080100743413,50371731,50371682,100743413,YES
629,630,217,1085000000000,1085050396004,1085100792051,50396004,50396047,100792051,YES
629,630,218,1090000000000,1090050429010,1090100858147,50429010,50429137,100858147,YES
629,630,219,1095000000000,1095050470101,1095100940402,50470101,50470301,100940402,YES
629,630,220,1100000000000,1100050518640,1100101037550,50518640,50518910,101037550,YES
629,630,221,1105000000000,1105050574026,1105101148388,50574026,50574362,101148388,YES
629,630,222,1110000000000,1110050635696,1110101271789,50635696,50636093,101271789,YES
629,630,223,1115000000000,1115087224442,1115174449375,87224442,87224933,174449375,YES
629,630,224,1120000000000,1120087319535,1120174639760,87319535,87320225,174639760,YES
629,630,225,1125000000000,1125036566212,1125073133233,36566212,36567021,73133233,YES
629,630,226,1130000000000,1130036587884,1130073176641,36587884,36588757,73176641,YES
629,630,227,1135000000000,1135036617538,1135073236009,36617538,36618471,73236009,YES
629,630,228,1140000000000,1140036655223,1140073311440,36655223,36656217,73311440,YES
629,630,229,1145000000000,1145036700977,1145073403006,36700977,36702029,73403006,YES
629,630,230,1150000000000,1150041444358,1150082888111,41444358,41443753,82888111,YES
629,630,231,1155000000000,1155041393192,1155082785823,41393192,41392631,82785823,YES
629,630,232,1160000000000,1160041349182,1160082697849,41349182,41348667,82697849,YES
629,630,233,1165000000000,1165041312705,1165082624944,41312705,41312239,82624944,YES
629,630,234,1170000000000,1170041284134,1170082567853,41284134,41283719,82567853,YES
629,630,235,1175000000000,1175041263829,1175082527302,41263829,41263473,82527302,YES
629,630,236,1180000000000,1180041252140,1180082503985,41252140,41251845,82503985,YES
629,630,237,1185000000000,1185041249399,1185082498568,41249399,41249169,82498568,YES
629,630,238,1190000000000,1190044445426,1190085701170,44445426,41255744,85701170,YES
629,630,239,1195000000000,1195041299949,1195082571797,41299949,41271848,82571797,YES
630,631,0,0,53240802,106480257,53240802,53239455,106480257,YES
630,631,1,5000000000,5053141969,5106282632,53141969,53140663,106282632,YES
630,631,2,10000000000,10053047811,10106094365,53047811,53046554,106094365,YES
630,631,3,15000000000,15052958799,15105916408,52958799,52957609,105916408,YES
630,631,4,20000000000,20052875452,20105749775,52875452,52874323,105749775,YES
630,631,5,25000000000,25052798330,25105595598,52798330,52797268,105595598,YES
630,631,6,30000000000,30052728040,30105455101,52728040,52727061,105455101,YES
630,631,7,35000000000,35052665224,35105329536,52665224,52664312,105329536,YES
630,631,8,40000000000,40052576959,40105153091,52576959,52576132,105153091,YES
630,631,9,45000000000,45052531155,45105061571,52531155,52530416,105061571,YES
630,631,10,50000000000,50052494927,50104989213,52494927,52494286,104989213,YES
630,631,11,55000000000,55052469008,55104937483,52469008,52468475,104937483,YES
630,631,12,60000000000,60052454106,60104907787,52454106,52453681,104907787,YES
630,631,13,65000000000,65052450886,65104901467,52450886,52450581,104901467,YES
630,631,14,70000000000,70052459956,70104919739,52459956,52459783,104919739,YES
630,631,15,75000000000,75052481842,75104963641,52481842,52481799,104963641,YES
630,631,16,80000000000,80052516952,80105033995,52516952,52517043,105033995,YES
630,631,17,85000000000,85052565571,85105131373,52565571,52565802,105131373,YES
630,631,18,90000000000,90052627836,90105532204,52627836,52904368,105532204,YES
630,631,19,95000000000,95052703735,95105407990,52703735,52704255,105407990,YES
630,631,20,100000000000,100052793111,100105586887,52793111,52793776,105586887,YES
630,631,21,105000000000,105052895655,105105792118,52895655,52896463,105792118,YES
630,631,22,110000000000,110053010937,110106022833,53010937,53011896,106022833,YES
630,631,23,115000000000,115053138431,115106277950,53138431,53139519,106277950,YES
630,631,24,120000000000,120053277493,120106556202,53277493,53278709,106556202,YES
630,631,25,125000000000,125053427459,125106856252,53427459,53428793,106856252,YES
630,631,26,130000000000,130053587605,130107176667,53587605,53589062,107176667,YES
630,631,27,135000000000,135053757198,135107515965,53757198,53758767,107515965,YES
630,631,28,140000000000,140053935510,140107872690,53935510,53937180,107872690,YES
630,631,29,145000000000,145116839543,145206886041,116839543,90046498,206886041,YES
630,631,30,150000000000,150090603945,150180748260,90603945,90144315,180748260,YES
630,631,31,155000000000,155090251648,155180504335,90251648,90252687,180504335,YES
630,631,32,160000000000,160073939800,160147879160,73939800,73939360,147879160,YES
630,631,33,165000000000,165073847425,165147694562,73847425,73847137,147694562,YES
630,631,34,170000000000,170073764711,170147529275,73764711,73764564,147529275,YES
630,631,35,175000000000,175073691489,175147382962,73691489,73691473,147382962,YES
630,631,36,180000000000,180073627544,180147255201,73627544,73627657,147255201,YES
630,631,37,185000000000,185073572617,185147145478,73572617,73572861,147145478,YES
630,631,38,190000000000,190073526425,190147053211,73526425,73526786,147053211,YES
630,631,39,195000000000,195073488649,195146977775,73488649,73489126,146977775,YES
630,631,40,200000000000,200073458954,200146918479,73458954,73459525,146918479,YES
630,631,41,205000000000,205075726895,205149164525,75726895,73437630,149164525,YES
630,631,42,210000000000,210079551360,210152974444,79551360,73423084,152974444,YES
630,631,43,215000000000,215073414685,215146830187,73414685,73415502,146830187,YES
630,631,44,220000000000,220053542182,220107082905,53542182,53540723,107082905,YES
630,631,45,225000000000,225053431014,225106860604,53431014,53429590,106860604,YES
630,631,46,230000000000,230053323451,230106645513,53323451,53322062,106645513,YES
630,631,47,235000000000,235053219879,235106438403,53219879,53218524,106438403,YES
630,631,48,240000000000,240055429780,240108606790,55429780,53177010,108606790,YES
630,631,49,245000000000,245054669574,245107694724,54669574,53025150,107694724,YES
630,631,50,250000000000,250052937530,250105873872,52937530,52936342,105873872,YES
630,631,51,255000000000,255052854574,255105708021,52854574,52853447,105708021,YES
630,631,52,260000000000,260052778169,260105555280,52778169,52777111,105555280,YES
630,631,53,265000000000,265052708965,265105416940,52708965,52707975,105416940,YES
630,631,54,270000000000,270052647656,270105294403,52647656,52646747,105294403,YES
630,631,55,275000000000,275052594971,275105189137,52594971,52594166,105189137,YES
630,631,56,280000000000,280057223683,280109741004,57223683,52517321,109741004,YES
630,631,57,285000000000,285055190559,285107674864,55190559,52484305,107674864,YES
630,631,58,290000000000,290053168347,290105630555,53168347,52462208,105630555,YES
630,631,59,295000000000,295052452148,295104903922,52452148,52451774,104903922,YES
630,631,60,300000000000,300052453937,300104907625,52453937,52453688,104907625,YES
630,631,61,305000000000,305075291344,305127793604,75291344,52502260,127793604,YES
630,631,62,310000000000,310053205048,310105735549,53205048,52530501,105735549,YES
630,631,63,315000000000,315052572486,315105145141,52572486,52572655,105145141,YES
630,631,64,320000000000,320052628544,320105257400,52628544,52628856,105257400,YES
630,631,65,325000000000,325052698691,325105397848,52698691,52699157,105397848,YES
630,631,66,330000000000,330052782822,330105566262,52782822,52783440,105566262,YES
630,631,67,335000000000,335055239227,335108120714,55239227,52881487,108120714,YES
630,631,68,340000000000,340052991799,340105984513,52991799,52992714,105984513,YES
630,631,69,345000000000,345053115692,345106232442,53115692,53116750,106232442,YES
630,631,70,350000000000,350053251688,350106504566,53251688,53252878,106504566,YES
630,631,71,355000000000,355053399082,355106799480,53399082,53400398,106799480,YES
630,631,72,360000000000,360053557115,360107115676,53557115,53558561,107115676,YES
630,631,73,365000000000,365053725012,365107451578,53725012,53726566,107451578,YES
630,631,74,370000000000,370053868388,370107738437,53868388,53870049,107738437,YES
630,631,75,375000000000,375054053687,375108109147,54053687,54055460,108109147,YES
630,631,76,380000000000,380054246579,380108495030,54246579,54248451,108495030,YES
630,631,77,385000000000,385054446372,385108894702,54446372,54448330,108894702,YES
630,631,78,390000000000,390054652433,390115222152,54652433,60569719,115222152,YES
630,631,79,395000000000,395090926718,395181854099,90926718,90927381,181854099,YES
630,631,80,400000000000,400074292421,400148584079,74292421,74291658,148584079,YES
630,631,81,405000000000,405074195086,405148389553,74195086,74194467,148389553,YES
630,631,82,410000000000,410074107082,410148213688,74107082,74106606,148213688,YES
630,631,83,415000000000,415074028274,415148056211,74028274,74027937,148056211,YES
630,631,84,420000000000,420073958481,420147916756,73958481,73958275,147916756,YES
630,631,85,425000000000,425073897481,425147794883,73897481,73897402,147794883,YES
630,631,86,430000000000,430073845012,430147690066,73845012,73845054,147690066,YES
630,631,87,435000000000,435073800793,435147601748,73800793,73800955,147601748,YES
630,631,88,440000000000,440073764505,440147529288,73764505,73764783,147529288,YES
630,631,89,445000000000,445066809852,445133620345,66809852,66810493,133620345,YES
630,631,90,450000000000,450084735660,450169467979,84735660,84732319,169467979,YES
630,631,91,455000000000,455084569743,455169136212,84569743,84566469,169136212,YES
630,631,92,460000000000,460084409953,460168816721,84409953,84406768,168816721,YES
630,631,93,465000000000,465084256693,465168510280,84256693,84253587,168510280,YES
630,631,94,470000000000,470084110384,470170205964,84110384,86095580,170205964,YES
630,631,95,475000000000,475084230067,475170610589,84230067,86380522,170610589,YES
630,631,96,480000000000,480083840357,480167677893,83840357,83837536,167677893,YES
630,631,97,485000000000,485053419377,485106837569,53419377,53418192,106837569,YES
630,631,98,490000000000,490053329274,490106657424,53329274,53328150,106657424,YES
630,631,99,495000000000,495053245074,495106489095,53245074,53244021,106489095,YES
630,631,100,500000000000,500053167379,500106333782,53167379,53166403,106333782,YES
630,631,101,505000000000,505053096849,505110673677,53096849,57576828,110673677,YES
630,631,102,510000000000,510057739781,510114429405,57739781,56689624,114429405,YES
630,631,103,515000000000,515055685756,515108665189,55685756,52979433,108665189,YES
630,631,104,520000000000,520053641100,520106575996,53641100,52934896,106575996,YES
630,631,105,525000000000,525052900966,525105801495,52900966,52900529,105801495,YES
630,631,106,530000000000,530052843820,530107643651,52843820,54799831,107643651,YES
630,631,107,535000000000,535052831989,535105663795,52831989,52831806,105663795,YES
630,631,108,540000000000,540052832581,540105665120,52832581,52832539,105665120,YES
630,631,109,545000000000,545052846226,545106311910,52846226,53465684,106311910,YES
630,631,110,550000000000,550052907047,550105814351,52907047,52907304,105814351,YES
630,631,111,555000000000,555052948229,555105896869,52948229,52948640,105896869,YES
630,631,112,560000000000,560053003611,560106007784,53003611,53004173,106007784,YES
630,631,113,565000000000,565057623235,565110697268,57623235,53074033,110697268,YES
630,631,114,570000000000,570053157044,570106314951,53157044,53157907,106314951,YES
630,631,115,575000000000,575053254714,575106510432,53254714,53255718,106510432,YES
630,631,116,580000000000,580053365829,580106732802,53365829,53366973,106732802,YES
630,631,117,585000000000,585053489839,585106980956,53489839,53491117,106980956,YES
630,631,118,590000000000,590053626084,590107253576,53626084,53627492,107253576,YES
630,631,119,595000000000,595053773834,595107549195,53773834,53775361,107549195,YES
630,631,120,600000000000,600053932309,600107866253,53932309,53933944,107866253,YES
630,631,121,605000000000,605054100716,605108203174,54100716,54102458,108203174,YES
630,631,122,610000000000,610054244671,610108491176,54244671,54246505,108491176,YES
630,631,123,615000000000,615054430570,615108863058,54430570,54432488,108863058,YES
630,631,124,620000000000,620054624088,620109250167,54624088,54626079,109250167,YES
630,631,125,625000000000,625054824514,625109651106,54824514,54826592,109651106,YES
630,631,126,630000000000,630055031194,630110064542,55031194,55033348,110064542,YES
630,631,127,635000000000,635055243516,635110489249,55243516,55245733,110489249,YES
630,631,128,640000000000,640055460925,640112288238,55460925,56827313,112288238,YES
630,631,129,645000000000,645090918754,645181838837,90918754,90920083,181838837,YES
630,631,130,650000000000,650091054386,650182110304,91054386,91055918,182110304,YES
630,631,131,655000000000,655096400322,655187599893,96400322,91199571,187599893,YES
630,631,132,660000000000,660067054119,660134108460,67054119,67054341,134108460,YES
630,631,133,665000000000,665070569211,665137519092,70569211,66949881,137519092,YES
630,631,134,670000000000,670066850995,670133702414,66850995,66851419,133702414,YES
630,631,135,675000000000,675078188119,675156374323,78188119,78186204,156374323,YES
630,631,136,680000000000,680078011954,680156022118,78011954,78010164,156022118,YES
630,631,137,685000000000,685077842537,685155683421,77842537,77840884,155683421,YES
630,631,138,690000000000,690077680228,690155358918,77680228,77678690,155358918,YES
630,631,139,695000000000,695077525334,695155049264,77525334,77523930,155049264,YES
630,631,140,700000000000,700085549581,700169484881,85549581,83935300,169484881,YES
630,631,141,705000000000,705083858654,705167642950,83858654,83784296,167642950,YES
630,631,142,710000000000,710083643562,710174635585,83643562,90992023,174635585,YES
630,631,143,715000000000,715083507331,715172530619,83507331,89023288,172530619,YES
630,631,144,720000000000,720083379199,720176436000,83379199,93056801,176436000,YES
630,631,145,725000000000,725086766806,725170023482,86766806,83256676,170023482,YES
630,631,146,730000000000,730086946834,730170092939,86946834,83146105,170092939,YES
630,631,147,735000000000,735053079389,735106157634,53079389,53078245,106157634,YES
630,631,148,740000000000,740053001584,740106002089,53001584,53000505,106002089,YES
630,631,149,745000000000,745052930923,745105860853,52930923,52929930,105860853,YES
630,631,150,750000000000,750052868089,750105735264,52868089,52867175,105735264,YES
630,631,151,755000000000,755052813808,755105626788,52813808,52812980,105626788,YES
630,631,152,760000000000,760052768836,760105536936,52768836,52768100,105536936,YES
630,631,153,765000000000,765052733932,765105467232,52733932,52733300,105467232,YES
630,631,154,770000000000,770052709855,770105419192,52709855,52709337,105419192,YES
630,631,155,775000000000,775052697341,775105394286,52697341,52696945,105394286,YES
630,631,156,780000000000,780052730676,780105461085,52730676,52730409,105461085,YES
630,631,157,785000000000,785052743265,785105486399,52743265,52743134,105486399,YES
630,631,158,790000000000,790052769209,790105538428,52769209,52769219,105538428,YES
630,631,159,795000000000,795052808882,795105617922,52808882,52809040,105617922,YES
630,631,160,800000000000,800052862512,800105725327,52862512,52862815,105725327,YES
630,631,161,805000000000,805052930161,805105860777,52930161,52930616,105860777,YES
630,631,162,810000000000,810053011737,810106024081,53011737,53012344,106024081,YES
630,631,163,815000000000,815053106969,815106214695,53106969,53107726,106214695,YES
630,631,164,820000000000,820053215464,820106431830,53215464,53216366,106431830,YES
630,631,165,825000000000,825053336689,825106674418,53336689,53337729,106674418,YES
630,631,166,830000000000,830053470012,830106941199,53470012,53471187,106941199,YES
630,631,167,835000000000,835053614736,835107230780,53614736,53616044,107230780,YES
630,631,168,840000000000,840053770107,840107541647,53770107,53771540,107541647,YES
630,631,169,845000000000,845053935360,845107872267,53935360,53936907,107872267,YES
630,631,170,850000000000,850054109717,850108221107,54109717,54111390,108221107,YES
630,631,171,855000000000,855054292423,855108586617,54292423,54294194,108586617,YES
630,631,172,860000000000,860054482764,860108967375,54482764,54484611,108967375,YES
630,631,173,865000000000,865054680021,865109361969,54680021,54681948,109361969,YES
630,631,174,870000000000,870054883558,870109769129,54883558,54885571,109769129,YES
630,631,175,875000000000,875055092773,875110187645,55092773,55094872,110187645,YES
630,631,176,880000000000,880055307112,880110616400,55307112,55309288,110616400,YES
630,631,177,885000000000,885055526067,885111054363,55526067,55528296,111054363,YES
630,631,178,890000000000,890056950812,890112702311,56950812,55751499,112702311,YES
630,631,179,895000000000,895090389890,895180783048,90389890,90393158,180783048,YES
630,631,180,900000000000,900090408909,900180821170,90408909,90412261,180821170,YES
630,631,181,905000000000,905078395876,905156789303,78395876,78393427,156789303,YES
630,631,182,910000000000,910124870530,910203056219,124870530,78185689,203056219,YES
630,631,183,915000000000,915084043283,915162049657,84043283,78006374,162049657,YES
630,631,184,920000000000,920077795292,920155588496,77795292,77793204,155588496,YES
630,631,185,925000000000,925077607410,925155212861,77607410,77605451,155212861,YES
630,631,186,930000000000,930077426353,930154850880,77426353,77424527,154850880,YES
630,631,187,935000000000,935077252520,935154503344,77252520,77250824,154503344,YES
630,631,188,940000000000,940077086310,940154171066,77086310,77084756,154171066,YES
630,631,189,945000000000,945076928112,945153854823,76928112,76926711,153854823,YES
630,631,190,950000000000,950095732192,950179568875,95732192,83836683,179568875,YES
630,631,191,955000000000,955083700670,955167398539,83700670,83697869,167398539,YES
630,631,192,960000000000,960083569750,960167136797,83569750,83567047,167136797,YES
630,631,193,965000000000,965083447695,965166892795,83447695,83445100,166892795,YES
630,631,194,970000000000,970083335034,970167557134,83335034,84222100,167557134,YES
630,631,195,975000000000,975083232304,975166738736,83232304,83506432,166738736,YES
630,631,196,980000000000,980083140008,980166277817,83140008,83137809,166277817,YES
630,631,197,985000000000,985053058828,985106116818,53058828,53057990,106116818,YES
630,631,198,990000000000,990053012643,990106024543,53012643,53011900,106024543,YES
630,631,199,995000000000,995052976106,995105951578,52976106,52975472,105951578,YES
630,631,200,1000000000000,1000053152619,1000106102011,53152619,52949392,106102011,YES
630,631,201,1005000000000,1005052934789,1005105869163,52934789,52934374,105869163,YES
630,631,202,1010000000000,1010058127578,1010111058633,58127578,52931055,111058633,YES
630,631,203,1015000000000,1015056340459,1015109280481,56340459,52940022,109280481,YES
630,631,204,1020000000000,1020053701001,1020106696355,53701001,52995354,106696355,YES
630,631,205,1025000000000,1025053030135,1025106060379,53030135,53030244,106060379,YES
630,631,206,1030000000000,1030053078295,1030106156843,53078295,53078548,106156843,YES
630,631,207,1035000000000,1035053139971,1035106280341,53139971,53140370,106280341,YES
630,631,208,1040000000000,1040053215126,1040106430796,53215126,53215670,106430796,YES
630,631,209,1045000000000,1045096791095,1045150115372,96791095,53324277,150115372,YES
630,631,210,1050000000000,1050068481908,1050121907246,68481908,53425338,121907246,YES
630,631,211,1055000000000,1055053518958,1055107038886,53518958,53519928,107038886,YES
630,631,212,1060000000000,1060053644906,1060107290916,53644906,53646010,107290916,YES
630,631,213,1065000000000,1065053782217,1065107565667,53782217,53783450,107565667,YES
630,631,214,1070000000000,1070053930220,1070107861796,53930220,53931576,107861796,YES
630,631,215,1075000000000,1075054088203,1075108177883,54088203,54089680,108177883,YES
630,631,216,1080000000000,1080054255444,1080108512485,54255444,54257041,108512485,YES
630,631,217,1085000000000,1085056903944,1085111336953,56903944,54433009,111336953,YES
630,631,218,1090000000000,1090056691323,1090111308033,56691323,54616710,111308033,YES
630,631,219,1095000000000,1095054805653,1095109613174,54805653,54807521,109613174,YES
630,631,220,1100000000000,1100055002979,1100110007917,55002979,55004938,110007917,YES
630,631,221,1105000000000,1105055206237,1105110414508,55206237,55208271,110414508,YES
630,631,222,1110000000000,1110055414882,1110110831873,55414882,55416991,110831873,YES
630,631,223,1115000000000,1115055628390,1115111258949,55628390,55630559,111258949,YES
630,631,224,1120000000000,1120055846293,1120111694813,55846293,55848520,111694813,YES
630,631,225,1125000000000,1125078461451,1125156920083,78461451,78458632,156920083,YES
630,631,226,1130000000000,1130078236233,1130156469748,78236233,78233515,156469748,YES
630,631,227,1135000000000,1135078015812,1135156029019,78015812,78013207,156029019,YES
630,631,228,1140000000000,1140077800615,1140155598745,77800615,77798130,155598745,YES
630,631,229,1145000000000,1145077591017,1145155179673,77591017,77588656,155179673,YES
630,631,230,1150000000000,1150077421063,1150154839893,77421063,77418830,154839893,YES
630,631,231,1155000000000,1155077224008,1155154445919,77224008,77221911,154445919,YES
630,631,232,1160000000000,1160077033896,1160154065830,77033896,77031934,154065830,YES
630,631,233,1165000000000,1165076851179,1165153700555,76851179,76849376,153700555,YES
630,631,234,1170000000000,1170076676315,1170153350971,76676315,76674656,153350971,YES
630,631,235,1175000000000,1175076509745,1175153017979,76509745,76508234,153017979,YES
630,631,236,1180000000000,1180076351904,1180152702452,76351904,76350548,152702452,YES
630,631,237,1185000000000,1185076203214,1185152405219,76203214,76202005,152405219,YES
630,631,238,1190000000000,1190076064035,1190152127013,76064035,76062978,152127013,YES
630,631,239,1195000000000,1195075934725,1195151868553,75934725,75933828,151868553,YES
631,632,0,0,96364494,192724028,96364494,96359534,192724028,YES
631,632,1,5000000000,5096101706,5192198553,96101706,96096847,192198553,YES
631,632,2,10000000000,10095848045,10191691346,95848045,95843301,191691346,YES
631,632,3,15000000000,15095604039,15191203472,95604039,95599433,191203472,YES
631,632,4,20000000000,20095630358,20190996058,95630358,95365700,190996058,YES
631,632,5,25000000000,25095146909,25190289503,95146909,95142594,190289503,YES
631,632,6,30000000000,30094934601,30189865047,94934601,94930446,189865047,YES
631,632,7,35000000000,35094733572,35189463164,94733572,94729592,189463164,YES
631,632,8,40000000000,40094510483,40189017182,94510483,94506699,189017182,YES
631,632,9,45000000000,45094332714,45188661841,94332714,94329127,188661841,YES
631,632,10,50000000000,50094166799,50188330216,94166799,94163417,188330216,YES
631,632,11,55000000000,55094012801,55188022456,94012801,94009655,188022456,YES
631,632,12,60000000000,60093870749,60187738584,93870749,93867835,187738584,YES
631,632,13,65000000000,65093740608,65187478547,93740608,93737939,187478547,YES
631,632,14,70000000000,70093622288,70187242160,93622288,93619872,187242160,YES
631,632,15,75000000000,75093515649,75187029138,93515649,93513489,187029138,YES
631,632,16,80000000000,80093420483,80186839075,93420483,93418592,186839075,YES
631,632,17,85000000000,85093336522,85186671435,93336522,93334913,186671435,YES
631,632,18,90000000000,90089981021,90179962643,89981021,89981622,179962643,YES
631,632,19,95000000000,95090028940,95180058749,90028940,90029809,180058749,YES
631,632,20,100000000000,100090090249,100180181620,90090249,90091371,180181620,YES
631,632,21,105000000000,105090142739,105180286279,90142739,90143540,180286279,YES
631,632,22,110000000000,110090178682,110180358406,90178682,90179724,180358406,YES
631,632,23,115000000000,115090226791,115180454847,90226791,90228056,180454847,YES
631,632,24,120000000000,120090286528,120181977198,90286528,91690670,181977198,YES
631,632,25,125000000000,125090357334,125180716343,90357334,90359009,180716343,YES
631,632,26,130000000000,130090438604,130180879071,90438604,90440467,180879071,YES
631,632,27,135000000000,135090529758,135181061553,90529758,90531795,181061553,YES
631,632,28,140000000000,140092303335,140182935775,92303335,90632440,182935775,YES
631,632,29,145000000000,145089126643,145176502956,89126643,87376313,176502956,YES
631,632,30,150000000000,150087364072,150174730499,87364072,87366427,174730499,YES
631,632,31,155000000000,155087361424,155174725324,87361424,87363900,174725324,YES
631,632,32,160000000000,160058505444,160117010735,58505444,58505291,117010735,YES
631,632,33,165000000000,165058483576,165117772185,58483576,59288609,117772185,YES
631,632,34,170000000000,170058470674,170116941427,58470674,58470753,116941427,YES
631,632,35,175000000000,175058467036,175116934272,58467036,58467236,116934272,YES
631,632,36,180000000000,180058472937,180116946186,58472937,58473249,116946186,YES
631,632,37,185000000000,185058488597,185116977634,58488597,58489037,116977634,YES
631,632,38,190000000000,190058514228,190117029012,58514228,58514784,117029012,YES
631,632,39,195000000000,195058549974,195117100624,58549974,58550650,117100624,YES
631,632,40,200000000000,200058595948,200117192678,58595948,58596730,117192678,YES
631,632,41,205000000000,205058652190,205117305274,58652190,58653084,117305274,YES
631,632,42,210000000000,210058718701,210117438403,58718701,58719702,117438403,YES
631,632,43,215000000000,215089335648,215178672590,89335648,89336942,178672590,YES
631,632,44,220000000000,220097003193,220194001107,97003193,96997914,194001107,YES
631,632,45,225000000000,225096703538,225193401909,96703538,96698371,193401909,YES
631,632,46,230000000000,230096410278,230192815483,96410278,96405205,192815483,YES
631,632,47,235000000000,235096124030,235195504104,96124030,99380074,195504104,YES
631,632,48,240000000000,240095845424,240193227840,95845424,97382416,193227840,YES
631,632,49,245000000000,245095575095,245192667383,95575095,97092288,192667383,YES
631,632,50,250000000000,250095313727,250190622869,95313727,95309142,190622869,YES
631,632,51,255000000000,255095061958,255190119486,95061958,95057528,190119486,YES
631,632,52,260000000000,260094820445,260189636610,94820445,94816165,189636610,YES
631,632,53,265000000000,265094589777,265193352784,94589777,98763007,193352784,YES
631,632,54,270000000000,270094370530,270191330359,94370530,96959829,191330359,YES
631,632,55,275000000000,275094163193,275188322657,94163193,94159464,188322657,YES
631,632,56,280000000000,280093934598,280187865684,93934598,93931086,187865684,YES
631,632,57,285000000000,285093752281,285187501275,93752281,93748994,187501275,YES
631,632,58,290000000000,290093582906,290191545037,93582906,97962131,191545037,YES
631,632,59,295000000000,295093426616,295186850432,93426616,93423816,186850432,YES
631,632,60,300000000000,300093283489,300186564438,93283489,93280949,186564438,YES
631,632,61,305000000000,305093187075,305186371874,93187075,93184799,186371874,YES
631,632,62,310000000000,310093070031,310186138063,93070031,93068032,186138063,YES
631,632,63,315000000000,315092965743,315185929750,92965743,92964007,185929750,YES
631,632,64,320000000000,320092873870,320185746279,92873870,92872409,185746279,YES
631,632,65,325000000000,325092794005,325191657509,92794005,98863504,191657509,YES
631,632,66,330000000000,330089480446,330178961897,89480446,89481451,178961897,YES
631,632,67,335000000000,335089518588,335179037909,89518588,89519321,179037909,YES
631,632,68,340000000000,340089533190,340179067358,89533190,89534168,179067358,YES
631,632,69,345000000000,345089560979,345179123168,89560979,89562189,179123168,YES
631,632,70,350000000000,350089601512,350179204454,89601512,89602942,179204454,YES
631,632,71,355000000000,355089654285,355179310207,89654285,89655922,179310207,YES
631,632,72,360000000000,360089718748,360179439324,89718748,89720576,179439324,YES
631,632,73,365000000000,365089794320,365179590643,89794320,89796323,179590643,YES
631,632,74,370000000000,370089846801,370179695772,89846801,89848971,179695772,YES
631,632,75,375000000000,375089942798,375179887916,89942798,89945118,179887916,YES
631,632,76,380000000000,380090048117,380180098704,90048117,90050587,180098704,YES
631,632,77,385000000000,385090162186,385180326971,90162186,90164785,180326971,YES
631,632,78,390000000000,390092566587,390182853818,92566587,90287231,182853818,YES
631,632,79,395000000000,395090414378,395180831602,90414378,90417224,180831602,YES
631,632,80,400000000000,400054664397,400109328809,54664397,54664412,109328809,YES
631,632,81,405000000000,405059275213,405118550562,59275213,59275349,118550562,YES
631,632,82,410000000000,410059266120,410118532483,59266120,59266363,118532483,YES
631,632,83,415000000000,415059265501,415118531364,59265501,59265863,118531364,YES
631,632,84,420000000000,420059273566,420118547598,59273566,59274032,118547598,YES
631,632,85,425000000000,425089742921,425179486344,89742921,89743423,179486344,YES
631,632,86,430000000000,430089678227,430179357128,89678227,89678901,179357128,YES
631,632,87,435000000000,435089621647,435179244135,89621647,89622488,179244135,YES
631,632,88,440000000000,440089573337,440179147683,89573337,89574346,179147683,YES
631,632,89,445000000000,445079833193,445159664380,79833193,79831187,159664380,YES
631,632,90,450000000000,450079704202,450159406513,79704202,79702311,159406513,YES
631,632,91,455000000000,455079583247,455159164722,79583247,79581475,159164722,YES
631,632,92,460000000000,460079470908,460158940169,79470908,79469261,158940169,YES
631,632,93,465000000000,465079367769,465158734034,79367769,79366265,158734034,YES
631,632,94,470000000000,470079274431,470158547499,79274431,79273068,158547499,YES
631,632,95,475000000000,475079191489,475158381760,79191489,79190271,158381760,YES
631,632,96,480000000000,480079119523,480158237983,79119523,79118460,158237983,YES
631,632,97,485000000000,485095563385,485194688151,95563385,99124766,194688151,YES
631,632,98,490000000000,490095306269,490190607751,95306269,95301482,190607751,YES
631,632,99,495000000000,495095058659,495190112662,95058659,95054003,190112662,YES
631,632,100,500000000000,500094821057,500189637593,94821057,94816536,189637593,YES
631,632,101,505000000000,505094593914,505189183472,94593914,94589558,189183472,YES
631,632,102,510000000000,510094377647,510188751087,94377647,94373440,188751087,YES
631,632,103,515000000000,515094172599,515188341162,94172599,94168563,188341162,YES
631,632,104,520000000000,520093979062,520187954282,93979062,93975220,187954282,YES
631,632,105,525000000000,525093797265,525187590887,93797265,93793622,187590887,YES
631,632,106,530000000000,530093593792,530187184150,93593792,93590358,187184150,YES
631,632,107,535000000000,535093435963,535186868728,93435963,93432765,186868728,YES
631,632,108,540000000000,540093290238,540186577518,93290238,93287280,186577518,YES
631,632,109,545000000000,545093156637,545228180054,93156637,135023417,228180054,YES
631,632,110,550000000000,550089777422,550179554375,89777422,89776953,179554375,YES
631,632,111,555000000000,555089768870,555179537537,89768870,89768667,179537537,YES
631,632,112,560000000000,560089745269,560179490080,89745269,89744811,179490080,YES
631,632,113,565000000000,565089717672,565179435165,89717672,89717493,179435165,YES
631,632,114,570000000000,570089704612,570179409318,89704612,89704706,179409318,YES
631,632,115,575000000000,575089705993,575179412349,89705993,89706356,179412349,YES
631,632,116,580000000000,580089721595,580179443817,89721595,89722222,179443817,YES
631,632,117,585000000000,585089751071,585179503019,89751071,89751948,179503019,YES
631,632,118,590000000000,590089793971,590179589067,89793971,89795096,179589067,YES
631,632,119,595000000000,595089849762,595179700881,89849762,89851119,179700881,YES
631,632,120,600000000000,600089917847,600179837268,89917847,89919421,179837268,YES
631,632,121,605000000000,605089997586,605179996946,89997586,89999360,179996946,YES
631,632,122,610000000000,610090054712,610180111396,90054712,90056684,180111396,YES
631,632,123,615000000000,615090155759,615180313678,90155759,90157919,180313678,YES
631,632,124,620000000000,620090266469,620180535257,90266469,90268788,180535257,YES
631,632,125,625000000000,625090386197,625180774862,90386197,90388665,180774862,YES
631,632,126,630000000000,630090514325,630181031262,90514325,90516937,181031262,YES
631,632,127,635000000000,635090650287,635181303311,90650287,90653024,181303311,YES
631,632,128,640000000000,640090793531,640181589914,90793531,90796383,181589914,YES
631,632,129,645000000000,645087522990,645175048775,87522990,87525785,175048775,YES
631,632,130,650000000000,650087554709,650175112310,87554709,87557601,175112310,YES
631,632,131,655000000000,655087593609,655175190195,87593609,87596586,175190195,YES
631,632,132,660000000000,660058585235,660117169074,58585235,58583839,117169074,YES
631,632,133,665000000000,665058535983,665117070631,58535983,58534648,117070631,YES
631,632,134,670000000000,670058493978,670116986688,58493978,58492710,116986688,YES
631,632,135,675000000000,675080434632,675160867105,80434632,80432473,160867105,YES
631,632,136,680000000000,680080290948,680160579851,80290948,80288903,160579851,YES
631,632,137,685000000000,685080154133,685160306340,80154133,80152207,160306340,YES
631,632,138,690000000000,690080024704,690160047608,80024704,80022904,160047608,YES
631,632,139,695000000000,695079903204,695159804758,79903204,79901554,159804758,YES
631,632,140,700000000000,700083501661,700163290278,83501661,79788617,163290278,YES
631,632,141,705000000000,705084893227,705164578053,84893227,79684826,164578053,YES
631,632,142,710000000000,710081078163,710160668981,81078163,79590818,160668981,YES
631,632,143,715000000000,715079508078,715159015135,79508078,79507057,159015135,YES
631,632,144,720000000000,720079434980,720158869112,79434980,79434132,158869112,YES
631,632,145,725000000000,725079373307,725158745946,79373307,79372639,158745946,YES
631,632,146,730000000000,730083070266,730162393327,83070266,79323061,162393327,YES
631,632,147,735000000000,735094579032,735189153656,94579032,94574624,189153656,YES
631,632,148,740000000000,740094336044,740188667829,94336044,94331785,188667829,YES
631,632,149,745000000000,745094103658,745188203227,94103658,94099569,188203227,YES
631,632,150,750000000000,750093882418,750187760931,93882418,93878513,187760931,YES
631,632,151,755000000000,755095656405,755189373440,95656405,93717035,189373440,YES
631,632,152,760000000000,760096306552,760189807070,96306552,93500518,189807070,YES
631,632,153,765000000000,765093290293,765186577305,93290293,93287012,186577305,YES
631,632,154,770000000000,770093117985,770186232922,93117985,93114937,186232922,YES
631,632,155,775000000000,775092958612,775185914427,92958612,92955815,185914427,YES
631,632,156,780000000000,780092845870,780185689193,92845870,92843323,185689193,YES
631,632,157,785000000000,785092712553,785185422825,92712553,92710272,185422825,YES
631,632,158,790000000000,790089395714,790178790845,89395714,89395131,178790845,YES
631,632,159,795000000000,795089339293,795178678276,89339293,89338983,178678276,YES
631,632,160,800000000000,800089297153,800178594264,89297153,89297111,178594264,YES
631,632,161,805000000000,805089269439,805181995207,89269439,92725768,181995207,YES
631,632,162,810000000000,810089256184,810178512858,89256184,89256674,178512858,YES
631,632,163,815000000000,815089257279,815178515305,89257279,89258026,178515305,YES
631,632,164,820000000000,820089272497,820178545985,89272497,89273488,178545985,YES
631,632,165,825000000000,825089301500,825178604218,89301500,89302718,178604218,YES
631,632,166,830000000000,830089343847,830178689136,89343847,89345289,178689136,YES
631,632,167,835000000000,835089399030,835178799705,89399030,89400675,178799705,YES
631,632,168,840000000000,840089466477,840178934790,89466477,89468313,178934790,YES
631,632,169,845000000000,845091362066,845180909684,91362066,89547618,180909684,YES
631,632,170,850000000000,850094049883,850183687834,94049883,89637951,183687834,YES
631,632,171,855000000000,855089736144,855179474634,89736144,89738490,179474634,YES
631,632,172,860000000000,860089846331,860179695151,89846331,89848820,179695151,YES
631,632,173,865000000000,865089965613,865179933842,89965613,89968229,179933842,YES
631,632,174,870000000000,870090093388,870180189525,90093388,90096137,180189525,YES
631,632,175,875000000000,875090229077,875180461012,90229077,90231935,180461012,YES
631,632,176,880000000000,880090372135,880180747231,90372135,90375096,180747231,YES
631,632,177,885000000000,885090522056,885181047189,90522056,90525133,181047189,YES
631,632,178,890000000000,890090678367,890181359897,90678367,90681530,181359897,YES
631,632,179,895000000000,895080598654,895161194570,80598654,80595916,161194570,YES
631,632,180,900000000000,900080429802,900160856943,80429802,80427141,160856943,YES
631,632,181,905000000000,905080266021,905160529461,80266021,80263440,160529461,YES
631,632,182,910000000000,910080107712,910248833335,80107712,168725623,248833335,YES
631,632,183,915000000000,915079955316,915166707608,79955316,86752292,166707608,YES
631,632,184,920000000000,920079809292,920159616306,79809292,79807014,159616306,YES
631,632,185,925000000000,925079670162,925159338147,79670162,79667985,159338147,YES
631,632,186,930000000000,930079538453,930159074848,79538453,79536395,159074848,YES
631,632,187,935000000000,935079414749,935158827561,79414749,79412812,158827561,YES
631,632,188,940000000000,940079299650,940158597483,79299650,79297833,158597483,YES
631,632,189,945000000000,945079193761,945158385856,79193761,79192095,158385856,YES
631,632,190,950000000000,950079097715,950158193917,79097715,79096202,158193917,YES
631,632,191,955000000000,955079012154,955158022956,79012154,79010802,158022956,YES
631,632,192,960000000000,960078937694,960157874212,78937694,78936518,157874212,YES
631,632,193,965000000000,965078874922,965157748844,78874922,78873922,157748844,YES
631,632,194,970000000000,970078824378,970157647941,78824378,78823563,157647941,YES
631,632,195,975000000000,975078786541,975157572459,78786541,78785918,157572459,YES
631,632,196,980000000000,980078761800,980157523173,78761800,78761373,157523173,YES
631,632,197,985000000000,985093595669,985187187612,93595669,93591943,187187612,YES
631,632,198,990000000000,990093394013,990186784498,93394013,93390485,186784498,YES
631,632,199,995000000000,995093204437,995186405560,93204437,93201123,186405560,YES
631,632,200,1000000000000,1000093090415,1000189865682,93090415,96775267,189865682,YES
631,632,201,1005000000000,1005095181103,1005188040821,95181103,92859718,188040821,YES
631,632,202,1010000000000,1010093960365,1010186668510,93960365,92708145,186668510,YES
631,632,203,1015000000000,1015089372728,1015178745075,89372728,89372347,178745075,YES
631,632,204,1020000000000,1020089368897,1020178737145,89368897,89368248,178737145,YES
631,632,205,1025000000000,1025089307266,1025178614150,89307266,89306884,178614150,YES
631,632,206,1030000000000,1030089259769,1030178519417,89259769,89259648,178519417,YES
631,632,207,1035000000000,1035089226627,1035178453394,89226627,89226767,178453394,YES
631,632,208,1040000000000,1040089207950,1040178416302,89207950,89208352,178416302,YES
631,632,209,1045000000000,1045089203719,1045275822311,89203719,186618592,275822311,YES
631,632,210,1050000000000,1050092770266,1050190153020,92770266,97382754,190153020,YES
631,632,211,1055000000000,1055089237879,1055182560701,89237879,93322822,182560701,YES
631,632,212,1060000000000,1060089275623,1060178552588,89275623,89276965,178552588,YES
631,632,213,1065000000000,1065089326559,1065178654666,89326559,89328107,178654666,YES
631,632,214,1070000000000,1070089390142,1070178782028,89390142,89391886,178782028,YES
631,632,215,1075000000000,1075089465781,1075178933488,89465781,89467707,178933488,YES
631,632,216,1080000000000,1080089552843,1080179107780,89552843,89554937,179107780,YES
631,632,217,1085000000000,1085089650681,1085179303614,89650681,89652933,179303614,YES
631,632,218,1090000000000,1090089758635,1090179519682,89758635,89761047,179519682,YES
631,632,219,1095000000000,1095089876060,1095179754668,89876060,89878608,179754668,YES
631,632,220,1100000000000,1100090002331,1100180007345,90002331,90005014,180007345,YES
631,632,221,1105000000000,1105090136843,1105180276487,90136843,90139644,180276487,YES
631,632,222,1110000000000,1110090279027,1110180560960,90279027,90281933,180560960,YES
631,632,223,1115000000000,1115090428348,1115180859699,90428348,90431351,180859699,YES
631,632,224,1120000000000,1120090584303,1120181171721,90584303,90587418,181171721,YES
631,632,225,1125000000000,1125054009644,1125108017749,54009644,54008105,108017749,YES
631,632,226,1130000000000,1130080434443,1130160866134,80434443,80431691,160866134,YES
631,632,227,1135000000000,1135080268636,1135160534599,80268636,80265963,160534599,YES
631,632,228,1140000000000,1140080108100,1140160213606,80108100,80105506,160213606,YES
631,632,229,1145000000000,1145079953249,1145159904006,79953249,79950757,159904006,YES
631,632,230,1150000000000,1150079838142,1150159673902,79838142,79835760,159673902,YES
631,632,231,1155000000000,1155079696078,1155159389878,79696078,79693800,159389878,YES
631,632,232,1160000000000,1160080472182,1160160059978,80472182,79587796,160059978,YES
631,632,233,1165000000000,1165079434025,1165171558301,79434025,92124276,171558301,YES
631,632,234,1170000000000,1170079315183,1170163009763,79315183,83694580,163009763,YES
631,632,235,1175000000000,1175079205284,1175158408775,79205284,79203491,158408775,YES
631,632,236,1180000000000,1180079104963,1180158208298,79104963,79103335,158208298,YES
631,632,237,1185000000000,1185079014867,1185158028266,79014867,79013399,158028266,YES
631,632,238,1190000000000,1190078935635,1190157869979,78935635,78934344,157869979,YES
631,632,239,1195000000000,1195078867882,1195157734655,78867882,78866773,157734655,YES
632,633,0,0,58691344,117382017,58691344,58690673,117382017,YES
632,633,1,5000000000,5058597974,5117195422,58597974,58597448,117195422,YES
632,633,2,10000000000,10058548984,10117097600,58548984,58548616,117097600,YES
632,633,3,15000000000,15058511388,15117022569,58511388,58511181,117022569,YES
632,633,4,20000000000,20058485753,20116971464,58485753,58485711,116971464,YES
632,633,5,25000000000,25058472569,25116945262,58472569,58472693,116945262,YES
632,633,6,30000000000,30058472249,30116944791,58472249,58472542,116944791,YES
632,633,7,35000000000,35058485110,35116970676,58485110,58485566,116970676,YES
632,633,8,40000000000,40058494583,40116988907,58494583,58494324,116988907,YES
632,633,9,45000000000,45058458974,45116917841,58458974,58458867,116917841,YES
632,633,10,50000000000,50058436826,50116873695,58436826,58436869,116873695,YES
632,633,11,55000000000,55058427998,55116856183,58427998,58428185,116856183,YES
632,633,12,60000000000,60058638816,60117071391,58638816,58432575,117071391,YES
632,633,13,65000000000,65058449245,65116898934,58449245,58449689,116898934,YES
632,633,14,70000000000,70058478523,70116957609,58478523,58479086,116957609,YES
632,633,15,75000000000,75058519580,75117039827,58519580,58520247,117039827,YES
632,633,16,80000000000,80058571824,80117144416,58571824,58572592,117144416,YES
632,633,17,85000000000,85058634633,85117270125,58634633,58635492,117270125,YES
632,633,18,90000000000,90110114370,90220230298,110114370,110115928,220230298,YES
632,633,19,95000000000,95076328781,95152660024,76328781,76331243,152660024,YES
632,633,20,100000000000,100076411008,100152824657,76411008,76413649,152824657,YES
632,633,21,105000000000,105076538672,105153080141,76538672,76541469,153080141,YES
632,633,22,110000000000,110076711459,110153425875,76711459,76714416,153425875,YES
632,633,23,115000000000,115125139466,115202025063,125139466,76885597,202025063,YES
632,633,24,120000000000,120077022795,120154048865,77022795,77026070,154048865,YES
632,633,25,125000000000,125077193998,125154391416,77193998,77197418,154391416,YES
632,633,26,130000000000,130077374871,130154753295,77374871,77378424,154753295,YES
632,633,27,135000000000,135077564846,135155133379,77564846,77568533,155133379,YES
632,633,28,140000000000,140077763371,140155530549,77763371,77767178,155530549,YES
632,633,29,145000000000,145074075104,145147672902,74075104,73597798,147672902,YES
632,633,30,150000000000,150073819876,150147489475,73819876,73669599,147489475,YES
632,633,31,155000000000,155073748323,155147496569,73748323,73748246,147496569,YES
632,633,32,160000000000,160073776361,160147550509,73776361,73774148,147550509,YES
632,633,33,165000000000,165073716238,165147430387,73716238,73714149,147430387,YES
632,633,34,170000000000,170073662884,170147323797,73662884,73660913,147323797,YES
632,633,35,175000000000,175078099689,175156197206,78099689,78097517,156197206,YES
632,633,36,180000000000,180077918849,180155835668,77918849,77916819,155835668,YES
632,633,37,185000000000,185077746608,185155491340,77746608,77744732,155491340,YES
632,633,38,190000000000,190077583406,190155165106,77583406,77581700,155165106,YES
632,633,39,195000000000,195077429657,195154857774,77429657,77428117,154857774,YES
632,633,40,200000000000,200083592018,200160876215,83592018,77284197,160876215,YES
632,633,41,205000000000,205077151978,205154302767,77151978,77150789,154302767,YES
632,633,42,210000000000,210077028662,210154056311,77028662,77027649,154056311,YES
632,633,43,215000000000,215112103965,215222892729,112103965,110788764,222892729,YES
632,633,44,220000000000,220059270654,220197209136,59270654,137938482,197209136,YES
632,633,45,225000000000,225059161072,225208295944,59161072,149134872,208295944,YES
632,633,46,230000000000,230059058475,230118115768,59058475,59057293,118115768,YES
632,633,47,235000000000,235058963487,235117925926,58963487,58962439,117925926,YES
632,633,48,240000000000,240059865274,240118707491,59865274,58842217,118707491,YES
632,633,49,245000000000,245058765332,245117529883,58765332,58764551,117529883,YES
632,633,50,250000000000,250058697107,250117393579,58697107,58696472,117393579,YES
632,633,51,255000000000,255058639142,255117277796,58639142,58638654,117277796,YES
632,633,52,260000000000,260058592090,260117183849,58592090,58591759,117183849,YES
632,633,53,265000000000,265058556562,265117112958,58556562,58556396,117112958,YES
632,633,54,270000000000,270058533116,270117066231,58533116,58533115,117066231,YES
632,633,55,275000000000,275058522244,275117044652,58522244,58522408,117044652,YES
632,633,56,280000000000,280059154468,280117646202,59154468,58491734,117646202,YES
632,633,57,285000000000,285058432353,285116864320,58432353,58431967,116864320,YES
632,633,58,290000000000,290058385888,290116771550,58385888,58385662,116771550,YES
632,633,59,295000000000,295058352990,295116705907,58352990,58352917,116705907,YES
632,633,60,300000000000,300058765277,300117108589,58765277,58343312,117108589,YES
632,633,61,305000000000,305058361246,305116722710,58361246,58361464,116722710,YES
632,633,62,310000000000,310058368385,310116737122,58368385,58368737,116737122,YES
632,633,63,315000000000,315058388283,315116777038,58388283,58388755,116777038,YES
632,633,64,320000000000,320058420473,320116841529,58420473,58421056,116841529,YES
632,633,65,325000000000,325059808281,325118273404,59808281,58465123,118273404,YES
632,633,66,330000000000,330109977402,330219955899,109977402,109978497,219955899,YES
632,633,67,335000000000,335110033956,335220066913,110033956,110032957,220066913,YES
632,633,68,340000000000,340110008136,340220015583,110008136,110007447,220015583,YES
632,633,69,345000000000,345076765846,345153534220,76765846,76768374,153534220,YES
632,633,70,350000000000,350076906892,350153816492,76906892,76909600,153816492,YES
632,633,71,355000000000,355077092957,355154188808,77092957,77095851,154188808,YES
632,633,72,360000000000,360077256359,360154515768,77256359,77259409,154515768,YES
632,633,73,365000000000,365106857802,365184292189,106857802,77434387,184292189,YES
632,633,74,370000000000,370077613691,370155230753,77613691,77617062,155230753,YES
632,633,75,375000000000,375077806472,375155616470,77806472,77809998,155616470,YES
632,633,76,380000000000,380078007876,380156019434,78007876,78011558,156019434,YES
632,633,77,385000000000,385078217322,385156438452,78217322,78221130,156438452,YES
632,633,78,390000000000,390078403343,390156807869,78403343,78404526,156807869,YES
632,633,79,395000000000,395078450299,395156901890,78450299,78451591,156901890,YES
632,633,80,400000000000,400078503670,400158908290,78503670,80404620,158908290,YES
632,633,81,405000000000,405074138548,405148274898,74138548,74136350,148274898,YES
632,633,82,410000000000,410074087412,410150488493,74087412,76401081,150488493,YES
632,633,83,415000000000,415078465213,415156928117,78465213,78462904,156928117,YES
632,633,84,420000000000,420078286766,420156571364,78286766,78284598,156571364,YES
632,633,85,425000000000,425111185125,425222367159,111185125,111182034,222367159,YES
632,633,86,430000000000,430111107686,430225230149,111107686,114122463,225230149,YES
632,633,87,435000000000,435111039102,435225316760,111039102,114277658,225316760,YES
632,633,88,440000000000,440113706705,440228030125,113706705,114323420,228030125,YES
632,633,89,445000000000,445059525313,445119049105,59525313,59523792,119049105,YES
632,633,90,450000000000,450059407099,450118812764,59407099,59405665,118812764,YES
632,633,91,455000000000,455059261423,455118521514,59261423,59260091,118521514,YES
632,633,92,460000000000,460059156052,460118310872,59156052,59154820,118310872,YES
632,633,93,465000000000,465059057975,465118114842,59057975,59056867,118114842,YES
632,633,94,470000000000,470058967817,470117934664,58967817,58966847,117934664,YES
632,633,95,475000000000,475058886226,475117771616,58886226,58885390,117771616,YES
632,633,96,480000000000,480058813868,480117627038,58813868,58813170,117627038,YES
632,633,97,485000000000,485058751402,485117502255,58751402,58750853,117502255,YES
632,633,98,490000000000,490058699486,490117398573,58699486,58699087,117398573,YES
632,633,99,495000000000,495058658744,495117317248,58658744,58658504,117317248,YES
632,633,100,500000000000,500058629752,500117259426,58629752,58629674,117259426,YES
632,633,101,505000000000,505058551670,505117102547,58551670,58550877,117102547,YES
632,633,102,510000000000,510058472359,510116944089,58472359,58471730,116944089,YES
632,633,103,515000000000,515058406136,515116811806,58406136,58405670,116811806,YES
632,633,104,520000000000,520058353256,520116706205,58353256,58352949,116706205,YES
632,633,105,525000000000,525058313870,525116627588,58313870,58313718,116627588,YES
632,633,106,530000000000,530058288009,530116576018,58288009,58288009,116576018,YES
632,633,107,535000000000,535058309191,535116618526,58309191,58309335,116618526,YES
632,633,108,540000000000,540058310012,540116620300,58310012,58310288,116620300,YES
632,633,109,545000000000,545076303111,545134627347,76303111,58324236,134627347,YES
632,633,110,550000000000,550109788219,550219576813,109788219,109788594,219576813,YES
632,633,111,555000000000,555109862894,555219726480,109862894,109863586,219726480,YES
632,633,112,560000000000,560076370598,560152743070,76370598,76372472,152743070,YES
632,633,113,565000000000,565076469624,565152941313,76469624,76471689,152941313,YES
632,633,114,570000000000,570076581687,570153165625,76581687,76583938,153165625,YES
632,633,115,575000000000,575076706536,575153836229,76706536,77129693,153836229,YES
632,633,116,580000000000,580076843814,580153690258,76843814,76846444,153690258,YES
632,633,117,585000000000,585076993078,585153988969,76993078,76995891,153988969,YES
632,633,118,590000000000,590077153814,590154310628,77153814,77156814,154310628,YES
632,633,119,595000000000,595077359045,595154721256,77359045,77362211,154721256,YES
632,633,120,600000000000,600077540954,600155085244,77540954,77544290,155085244,YES
632,633,121,605000000000,605077732521,605155468538,77732521,77736017,155468538,YES
632,633,122,610000000000,610077933102,610155869847,77933102,77936745,155869847,YES
632,633,123,615000000000,615078042345,615156085726,78042345,78043381,156085726,YES
632,633,124,620000000000,620078082227,620156165617,78082227,78083390,156165617,YES
632,633,125,625000000000,625078129320,625156259921,78129320,78130601,156259921,YES
632,633,126,630000000000,630078183076,630156367544,78183076,78184468,156367544,YES
632,633,127,635000000000,635078242987,635156487465,78242987,78244478,156487465,YES
632,633,128,640000000000,640079781636,640158110979,79781636,78329343,158110979,YES
632,633,129,645000000000,645074001028,645148000116,74001028,73999088,148000116,YES
632,633,130,650000000000,650073963560,650147925294,73963560,73961734,147925294,YES
632,633,131,655000000000,655078287119,655156572229,78287119,78285110,156572229,YES
632,633,132,660000000000,660078124980,660156248091,78124980,78123111,156248091,YES
632,633,133,665000000000,665077971373,665155941016,77971373,77969643,155941016,YES
632,633,134,670000000000,670114908327,670229815876,114908327,114907549,229815876,YES
632,633,135,675000000000,675059512851,675122532910,59512851,63020059,122532910,YES
632,633,136,680000000000,680059382845,680118763980,59382845,59381135,118763980,YES
632,633,137,685000000000,685059257773,685118513923,59257773,59256150,118513923,YES
632,633,138,690000000000,690059138100,690119089697,59138100,59951597,119089697,YES
632,633,139,695000000000,695059024335,695118047210,59024335,59022875,118047210,YES
632,633,140,700000000000,700058917030,700120933535,58917030,62016505,120933535,YES
632,633,141,705000000000,705058816772,705117632284,58816772,58815512,117632284,YES
632,633,142,710000000000,710058724187,710117447223,58724187,58723036,117447223,YES
632,633,143,715000000000,715058639946,715117278853,58639946,58638907,117278853,YES
632,633,144,720000000000,720058564733,720117128558,58564733,58563825,117128558,YES
632,633,145,725000000000,725058499260,725116997738,58499260,58498478,116997738,YES
632,633,146,730000000000,730058444229,730117519948,58444229,59075719,117519948,YES
632,633,147,735000000000,735058354272,735117100557,58354272,58746285,117100557,YES
632,633,148,740000000000,740058246969,740116492717,58246969,58245748,116492717,YES
632,633,149,745000000000,745058152105,745116303142,58152105,58151037,116303142,YES
632,633,150,750000000000,750058070213,750116139521,58070213,58069308,116139521,YES
632,633,151,755000000000,755058001737,755118600060,58001737,60598323,118600060,YES
632,633,152,760000000000,760057947002,760119250261,57947002,61303259,119250261,YES
632,633,153,765000000000,765057906202,765115811976,57906202,57905774,115811976,YES
632,633,154,770000000000,770057879373,770115758475,57879373,57879102,115758475,YES
632,633,155,775000000000,775057866424,775115732728,57866424,57866304,115732728,YES
632,633,156,780000000000,780057867118,780115734258,57867118,57867140,115734258,YES
632,633,157,785000000000,785113252634,785226508382,113252634,113255748,226508382,YES
632,633,158,790000000000,790076184953,790152371040,76184953,76186087,152371040,YES
632,633,159,795000000000,795076233210,795152467735,76233210,76234525,152467735,YES
632,633,160,800000000000,800076261129,800152523767,76261129,76262638,152523767,YES
632,633,161,805000000000,805076336149,805152673996,76336149,76337847,152673996,YES
632,633,162,810000000000,810076424764,810152851424,76424764,76426660,152851424,YES
632,633,163,815000000000,815076526954,815153055998,76526954,76529044,153055998,YES
632,633,164,820000000000,820076642530,820153312439,76642530,76669909,153312439,YES
632,633,165,825000000000,825076771213,825153544912,76771213,76773699,153544912,YES
632,633,166,830000000000,830076912588,830153827859,76912588,76915271,153827859,YES
632,633,167,835000000000,835077066171,835154135217,77066171,77069046,154135217,YES
632,633,168,840000000000,840077264971,840154533004,77264971,77268033,154533004,YES
632,633,169,845000000000,845077441168,845155771189,77441168,78330021,155771189,YES
632,633,170,850000000000,850077627700,850155993155,77627700,78365455,155993155,YES
632,633,171,855000000000,855080672992,855158362130,80672992,77689138,158362130,YES
632,633,172,860000000000,860077716616,860155434203,77716616,77717587,155434203,YES
632,633,173,865000000000,865077753286,865155507677,77753286,77754391,155507677,YES
632,633,174,870000000000,870077797684,870155596599,77797684,77798915,155596599,YES
632,633,175,875000000000,875151671151,875229541668,151671151,77870517,229541668,YES
632,633,176,880000000000,880077907306,880155816070,77907306,77908764,155816070,YES
632,633,177,885000000000,885077971446,885155944453,77971446,77973007,155944453,YES
632,633,178,890000000000,890078041138,890156083942,78041138,78042804,156083942,YES
632,633,179,895000000000,895114939169,895231768254,114939169,116829085,231768254,YES
632,633,180,900000000000,900064412901,900128823983,64412901,64411082,128823983,YES
632,633,181,905000000000,905064422474,905130202157,64422474,65779683,130202157,YES
632,633,182,910000000000,910064400230,910128798760,64400230,64398530,128798760,YES
632,633,183,915000000000,915060031029,915120060387,60031029,60029358,120060387,YES
632,633,184,920000000000,920059904462,920119807342,59904462,59902880,119807342,YES
632,633,185,925000000000,925059782979,925119564457,59782979,59781478,119564457,YES
632,633,186,930000000000,930059667041,930119332680,59667041,59665639,119332680,YES
632,633,187,935000000000,935059557136,935119112966,59557136,59555830,119112966,YES
632,633,188,940000000000,940059453780,940118906357,59453780,59452577,118906357,YES
632,633,189,945000000000,945059357532,945118713965,59357532,59356433,118713965,YES
632,633,190,950000000000,950059268961,950118536947,59268961,59267986,118536947,YES
632,633,191,955000000000,955059188679,955118376503,59188679,59187824,118376503,YES
632,633,192,960000000000,960059117286,960118233851,59117286,59116565,118233851,YES
632,633,193,965000000000,965059024758,965118048053,59024758,59023295,118048053,YES
632,633,194,970000000000,970058897676,970117794048,58897676,58896372,117794048,YES
632,633,195,975000000000,975058781310,975117561468,58781310,58780158,117561468,YES
632,633,196,980000000000,980058676216,980117351435,58676216,58675219,117351435,YES
632,633,197,985000000000,985058582895,985117164952,58582895,58582057,117164952,YES
632,633,198,990000000000,990058501788,990117002895,58501788,58501107,117002895,YES
632,633,199,995000000000,995058433261,995116865996,58433261,58432735,116865996,YES
632,633,200,1000000000000,1000058377581,1000116754790,58377581,58377209,116754790,YES
632,633,201,1005000000000,1005113123853,1005226904382,113123853,113780529,226904382,YES
632,633,202,1010000000000,1010113154287,1010226731486,113154287,113577199,226731486,YES
632,633,203,1015000000000,1015076174727,1015152350287,76174727,76175560,152350287,YES
632,633,204,1020000000000,1020076202853,1020152406709,76202853,76203856,152406709,YES
632,633,205,1025000000000,1025076243893,1025152488979,76243893,76245086,152488979,YES
632,633,206,1030000000000,1030076298282,1030152597949,76298282,76299667,152597949,YES
632,633,207,1035000000000,1035076366339,1035152734259,76366339,76367920,152734259,YES
632,633,208,1040000000000,1040077649865,1040154099910,77649865,76450045,154099910,YES
632,633,209,1045000000000,1045076544045,1045153090073,76544045,76546028,153090073,YES
632,633,210,1050000000000,1050076653630,1050153309448,76653630,76655818,153309448,YES
632,633,211,1055000000000,1055076776750,1055153555901,76776750,76779151,153555901,YES
632,633,212,1060000000000,1060076913042,1060153828684,76913042,76915642,153828684,YES
632,633,213,1065000000000,1065077062032,1065154126864,77062032,77064832,154126864,YES
632,633,214,1070000000000,1070077223134,1070154449262,77223134,77226128,154449262,YES
632,633,215,1075000000000,1075077368139,1075154736726,77368139,77368587,154736726,YES
632,633,216,1080000000000,1080077374668,1080154749953,77374668,77375285,154749953,YES
632,633,217,1085000000000,1085077424917,1085154850617,77424917,77425700,154850617,YES
632,633,218,1090000000000,1090077451003,1090154902937,77451003,77451934,154902937,YES
632,633,219,1095000000000,1095077485830,1095154972736,77485830,77486906,154972736,YES
632,633,220,1100000000000,1100077528750,1100155058704,77528750,77529954,155058704,YES
632,633,221,1105000000000,1105077579120,1105155159571,77579120,77580451,155159571,YES
632,633,222,1110000000000,1110077636329,1110155274120,77636329,77637791,155274120,YES
632,633,223,1115000000000,1115077699850,1115155455207,77699850,77755357,155455207,YES
632,633,224,1120000000000,1120077769146,1120155871946,77769146,78102800,155871946,YES
632,633,225,1125000000000,1125114757959,1125229520006,114757959,114762047,229520006,YES
632,633,226,1130000000000,1130064432685,1130128863557,64432685,64430872,128863557,YES
632,633,227,1135000000000,1135064421297,1135128840843,64421297,64419546,128840843,YES
632,633,228,1140000000000,1140064416853,1140128832008,64416853,64415155,128832008,YES
632,633,229,1145000000000,1145064419446,1145128837271,64419446,64417825,128837271,YES
632,633,230,1150000000000,1150060125787,1150120249981,60125787,60124194,120249981,YES
632,633,231,1155000000000,1155060004690,1155120007863,60004690,60003173,120007863,YES
632,633,232,1160000000000,1160059969983,1160128687507,59969983,68717524,128687507,YES
632,633,233,1165000000000,1165059779053,1165119556781,59779053,59777728,119556781,YES
632,633,234,1170000000000,1170060722352,1170120396576,60722352,59674224,120396576,YES
632,633,235,1175000000000,1175059578707,1175119156299,59578707,59577592,119156299,YES
632,633,236,1180000000000,1180059489320,1180118977637,59489320,59488317,118977637,YES
632,633,237,1185000000000,1185059407872,1185118814860,59407872,59406988,118814860,YES
632,633,238,1190000000000,1190059274963,1190118653806,59274963,59378843,118653806,YES
632,633,239,1195000000000,1195059135806,1195118270095,59135806,59134289,118270095,YES
633,634,0,0,92799916,190325366,92799916,97525450,190325366,YES
633,634,1,5000000000,5092614968,5186980116,92614968,94365148,186980116,YES
633,634,2,10000000000,10092472283,10190813235,92472283,98340952,190813235,YES
633,634,3,15000000000,15092855434,15185191898,92855434,92336464,185191898,YES
633,634,4,20000000000,20097956958,20190170127,97956958,92213169,190170127,YES
633,634,5,25000000000,25092102811,25184808520,92102811,92705709,184808520,YES
633,634,6,30000000000,30094871536,30186871267,94871536,91999731,186871267,YES
633,634,7,35000000000,35091912290,35183823102,91912290,91910812,183823102,YES
633,634,8,40000000000,40091835785,40183670354,91835785,91834569,183670354,YES
633,634,9,45000000000,45098857966,45190629516,98857966,91771550,190629516,YES
633,634,10,50000000000,50100511688,50192234108,100511688,91722420,192234108,YES
633,634,11,55000000000,55091687940,55183375494,91687940,91687554,183375494,YES
633,634,12,60000000000,60091667177,60186699612,91667177,95032435,186699612,YES
633,634,13,65000000000,65095496414,65187157611,95496414,91661197,187157611,YES
633,634,14,70000000000,70098760039,70193098709,98760039,94338670,193098709,YES
633,634,15,75000000000,75091692312,75183385366,91692312,91693054,183385366,YES
633,634,16,80000000000,80091729357,80183459726,91729357,91730369,183459726,YES
633,634,17,85000000000,85091780178,85183561625,91780178,91781447,183561625,YES
633,634,18,90000000000,90091844284,90183690079,91844284,91845795,183690079,YES
633,634,19,95000000000,95053417580,95106834686,53417580,53417106,106834686,YES
633,634,20,100000000000,100053396329,100111639387,53396329,58243058,111639387,YES
633,634,21,105000000000,105053420419,105106840634,53420419,53420215,106840634,YES
633,634,22,110000000000,110095862423,110191725958,95862423,95863535,191725958,YES
633,634,23,115000000000,115095888656,115246810623,95888656,150921967,246810623,YES
633,634,24,120000000000,120095927566,120196949673,95927566,101022107,196949673,YES
633,634,25,125000000000,125095978897,125191959638,95978897,95980741,191959638,YES
633,634,26,130000000000,130096042309,130192599738,96042309,96557429,192599738,YES
633,634,27,135000000000,135096117422,135192237126,96117422,96119704,192237126,YES
633,634,28,140000000000,140097024371,140193230676,97024371,96206305,193230676,YES
633,634,29,145000000000,145117823514,145214127622,117823514,96304108,214127622,YES
633,634,30,150000000000,150102894437,150199305935,102894437,96411498,199305935,YES
633,634,31,155000000000,155101248987,155197777964,101248987,96528977,197777964,YES
633,634,32,160000000000,160096779869,160193435519,96779869,96655650,193435519,YES
633,634,33,165000000000,165098979137,165195770435,98979137,96791298,195770435,YES
633,634,34,170000000000,170096931683,170193866820,96931683,96935137,193866820,YES
633,634,35,175000000000,175100567463,175201133607,100567463,100566144,201133607,YES
633,634,36,180000000000,180050982945,180101964774,50982945,50981829,101964774,YES
633,634,37,185000000000,185050948525,185101896024,50948525,50947499,101896024,YES
633,634,38,190000000000,190050922792,190101844641,50922792,50921849,101844641,YES
633,634,39,195000000000,195050905796,195101810738,50905796,50904942,101810738,YES
633,634,40,200000000000,200050897553,200101794346,50897553,50896793,101794346,YES
633,634,41,205000000000,205051219772,205102126764,51219772,50906992,102126764,YES
633,634,42,210000000000,210055301908,210110602894,55301908,55300986,110602894,YES
633,634,43,215000000000,215055182101,215110363389,55182101,55181288,110363389,YES
633,634,44,220000000000,220093156172,220186308622,93156172,93152450,186308622,YES
633,634,45,225000000000,225178788002,225271759251,178788002,92971249,271759251,YES
633,634,46,230000000000,230092805850,230185608239,92805850,92802389,185608239,YES
633,634,47,235000000000,235092640666,235185277986,92640666,92637320,185277986,YES
633,634,48,240000000000,240092449203,240184895195,92449203,92445992,184895195,YES
633,634,49,245000000000,245092299235,245184595409,92299235,92296174,184595409,YES
633,634,50,250000000000,250092157758,250184440844,92157758,92283086,184440844,YES
633,634,51,255000000000,255092025404,255300696866,92025404,208671462,300696866,YES
633,634,52,260000000000,260091902812,260186259921,91902812,94357109,186259921,YES
633,634,53,265000000000,265095729891,265187518139,95729891,91788248,187518139,YES
633,634,54,270000000000,270091689590,270183377074,91689590,91687484,183377074,YES
633,634,55,275000000000,275091600268,275184141821,91600268,92541553,184141821,YES
633,634,56,280000000000,280094590398,280193409330,94590398,98818932,193409330,YES
633,634,57,285000000000,285098820956,285190278806,98820956,91457850,190278806,YES
633,634,58,290000000000,290091690239,290183097871,91690239,91407632,183097871,YES
633,634,59,295000000000,295092655729,295184026931,92655729,91371202,184026931,YES
633,634,60,300000000000,300091349505,300186861766,91349505,95512261,186861766,YES
633,634,61,305000000000,305091374909,305182911017,91374909,91536108,182911017,YES
633,634,62,310000000000,310091381109,310184094013,91381109,92712904,184094013,YES
633,634,63,315000000000,315091401613,315182803537,91401613,91401924,182803537,YES
633,634,64,320000000000,320091436200,320182872992,91436200,91436792,182872992,YES
633,634,65,325000000000,325091241804,325182487952,91241804,91246148,182487952,YES
633,634,66,330000000000,330091412578,330182829746,91412578,91417168,182829746,YES
633,634,67,335000000000,335091561743,335183128312,91561743,91566569,183128312,YES
633,634,68,340000000000,340091689115,340183383270,91689115,91694155,183383270,YES
633,634,69,345000000000,345095623419,345191248122,95623419,95624703,191248122,YES
633,634,70,350000000000,350095657634,350191316810,95657634,95659176,191316810,YES
633,634,71,355000000000,355095738481,355191478747,95738481,95740266,191478747,YES
633,634,72,360000000000,360095798410,360191598835,95798410,95800425,191598835,YES
633,634,73,365000000000,365095922472,365226235038,95922472,130312566,226235038,YES
633,634,74,370000000000,370102606826,370198564016,102606826,95957190,198564016,YES
633,634,75,375000000000,375096049947,375192102532,96049947,96052585,192102532,YES
633,634,76,380000000000,380096156042,380192314902,96156042,96158860,192314902,YES
633,634,77,385000000000,385096272364,385192547714,96272364,96275350,192547714,YES
633,634,78,390000000000,390096398354,390192799867,96398354,96401513,192799867,YES
633,634,79,395000000000,395096533472,395193113756,96533472,96580284,193113756,YES
633,634,80,400000000000,400099080409,400196515811,99080409,97435402,196515811,YES
633,634,81,405000000000,405058245206,405113786158,58245206,55540952,113786158,YES
633,634,82,410000000000,410056300359,410111896521,56300359,55596162,111896521,YES
633,634,83,415000000000,415051271745,415102542437,51271745,51270692,102542437,YES
633,634,84,420000000000,420051226832,420102452692,51226832,51225860,102452692,YES
633,634,85,425000000000,425051191070,425102381250,51191070,51190180,102381250,YES
633,634,86,430000000000,430051164533,430102328262,51164533,51163729,102328262,YES
633,634,87,435000000000,435051147258,435102293802,51147258,51146544,102293802,YES
633,634,88,440000000000,440051139241,440102277858,51139241,51138617,102277858,YES
633,634,89,445000000000,445097002075,445196501726,97002075,99499651,196501726,YES
633,634,90,450000000000,450096927183,450194722414,96927183,97795231,194722414,YES
633,634,91,455000000000,455096826173,455193807095,96826173,96980922,193807095,YES
633,634,92,460000000000,460100604407,460200942267,100604407,100337860,200942267,YES
633,634,93,465000000000,465097704801,465191079549,97704801,93374748,191079549,YES
633,634,94,470000000000,470095448298,470191855558,95448298,96407260,191855558,YES
633,634,95,475000000000,475093051172,475186435663,93051172,93384491,186435663,YES
633,634,96,480000000000,480092898468,480185793989,92898468,92895521,185793989,YES
633,634,97,485000000000,485092753752,485185504711,92753752,92750959,185504711,YES
633,634,98,490000000000,490092617592,490190281318,92617592,97663726,190281318,YES
633,634,99,495000000000,495092490620,495189647934,92490620,97157314,189647934,YES
633,634,100,500000000000,500094707370,500187078613,94707370,92371243,187078613,YES
633,634,101,505000000000,505092266832,505189199461,92266832,96932629,189199461,YES
633,634,102,510000000000,510092171310,510189298974,92171310,97127664,189298974,YES
633,634,103,515000000000,515092087555,515184173631,92087555,92086076,184173631,YES
633,634,104,520000000000,520092016152,520184031089,92016152,92014937,184031089,YES
633,634,105,525000000000,525091957635,525183914342,91957635,91956707,183914342,YES
633,634,106,530000000000,530091912466,530183824284,91912466,91911818,183824284,YES
633,634,107,535000000000,535091914598,535186254040,91914598,94339442,186254040,YES
633,634,108,540000000000,540091897082,540185367626,91897082,93470544,185367626,YES
633,634,109,545000000000,545094028257,545185922119,94028257,91893862,185922119,YES
633,634,110,550000000000,550091904255,550186076920,91904255,94172665,186076920,YES
633,634,111,555000000000,555091086260,555182176728,91086260,91090468,182176728,YES
633,634,112,560000000000,560095144620,560190449844,95144620,95305224,190449844,YES
633,634,113,565000000000,565095116202,565190650924,95116202,95534722,190650924,YES
633,634,114,570000000000,570095101063,570190203101,95101063,95102038,190203101,YES
633,634,115,575000000000,575095099255,575193033860,95099255,97934605,193033860,YES
633,634,116,580000000000,580095110769,580193024004,95110769,97913235,193024004,YES
633,634,117,585000000000,585095135518,585197103401,95135518,101967883,197103401,YES
633,634,118,590000000000,590095173323,590195195086,95173323,100021763,195195086,YES
633,634,119,595000000000,595095257564,595190517368,95257564,95259804,190517368,YES
633,634,120,600000000000,600095320739,600190643927,95320739,95323188,190643927,YES
633,634,121,605000000000,605095431834,605195007604,95431834,99575770,195007604,YES
633,634,122,610000000000,610095483224,610194803723,95483224,99320499,194803723,YES
633,634,123,615000000000,615095581683,615191166367,95581683,95584684,191166367,YES
633,634,124,620000000000,620095690987,620191385135,95690987,95694148,191385135,YES
633,634,125,625000000000,625095810627,625191624564,95810627,95813937,191624564,YES
633,634,126,630000000000,630095940074,630191883612,95940074,95943538,191883612,YES
633,634,127,635000000000,635096078798,635192161195,96078798,96082397,192161195,YES
633,634,128,640000000000,640097515747,640194570742,97515747,97054995,194570742,YES
633,634,129,645000000000,645096381931,645192767696,96381931,96385765,192767696,YES
633,634,130,650000000000,650096545314,650193094576,96545314,96549262,193094576,YES
633,634,131,655000000000,655051180442,655102359968,51180442,51179526,102359968,YES
633,634,132,660000000000,660051150361,660102299888,51150361,51149527,102299888,YES
633,634,133,665000000000,665051129622,665102258499,51129622,51128877,102258499,YES
633,634,134,670000000000,670096941767,670193880769,96941767,96939002,193880769,YES
633,634,135,675000000000,675096907170,675193811673,96907170,96904503,193811673,YES
633,634,136,680000000000,680101874832,680198706412,101874832,96831580,198706412,YES
633,634,137,685000000000,685096765130,685199984506,96765130,103219376,199984506,YES
633,634,138,690000000000,690096702311,690197085832,96702311,100383521,197085832,YES
633,634,139,695000000000,695097152809,695193929882,97152809,96777073,193929882,YES
633,634,140,700000000000,700096599787,700193196110,96599787,96596323,193196110,YES
633,634,141,705000000000,705096560160,705193117004,96560160,96556844,193117004,YES
633,634,142,710000000000,710093108637,710186214233,93108637,93105596,186214233,YES
633,634,143,715000000000,715092962768,715185922669,92962768,92959901,185922669,YES
633,634,144,720000000000,720094477579,720187300043,94477579,92822464,187300043,YES
633,634,145,725000000000,725092696545,725185390577,92696545,92694032,185390577,YES
633,634,146,730000000000,730092577370,730187944935,92577370,95367565,187944935,YES
633,634,147,735000000000,735092468301,735184934521,92468301,92466220,184934521,YES
633,634,148,740000000000,740092369957,740185902816,92369957,93532859,185902816,YES
633,634,149,745000000000,745092282931,745184564257,92282931,92281326,184564257,YES
633,634,150,750000000000,750092207795,750188727967,92207795,96520172,188727967,YES
633,634,151,755000000000,755092145068,755184289057,92145068,92143989,184289057,YES
633,634,152,760000000000,760092095203,760184189608,92095203,92094405,184189608,YES
633,634,153,765000000000,765090841528,765181686141,90841528,90844613,181686141,YES
633,634,154,770000000000,770090903113,770181809562,90903113,90906449,181809562,YES
633,634,155,775000000000,775090975417,775181954425,90975417,90979008,181954425,YES
633,634,156,780000000000,780091058730,780182121298,91058730,91062568,182121298,YES
633,634,157,785000000000,785095546177,785191091411,95546177,95545234,191091411,YES
633,634,158,790000000000,790095472617,790226644865,95472617,131172248,226644865,YES
633,634,159,795000000000,795095412237,795211932471,95412237,116520234,211932471,YES
633,634,160,800000000000,800095331921,800190663802,95331921,95331881,190663802,YES
633,634,161,805000000000,805095299247,805190755126,95299247,95455879,190755126,YES
633,634,162,810000000000,810095280887,810190562342,95280887,95281455,190562342,YES
633,634,163,815000000000,815095276999,815190554862,95276999,95277863,190554862,YES
633,634,164,820000000000,820095287626,820190576405,95287626,95288779,190576405,YES
633,634,165,825000000000,825098977633,825194291769,98977633,95314136,194291769,YES
633,634,166,830000000000,830095351967,830190705629,95351967,95353662,190705629,YES
633,634,167,835000000000,835096506448,835191913590,96506448,95407142,191913590,YES
633,634,168,840000000000,840095941392,840191449110,95941392,95507718,191449110,YES
633,634,169,845000000000,845095585307,845191173022,95585307,95587715,191173022,YES
633,634,170,850000000000,850095677594,850198717388,95677594,103039794,198717388,YES
633,634,171,855000000000,855095781780,855191566386,95781780,95784606,191566386,YES
633,634,172,860000000000,860095897246,860191797496,95897246,95900250,191797496,YES
633,634,173,865000000000,865096023333,865195756073,96023333,99732740,195756073,YES
633,634,174,870000000000,870096159401,870192322140,96159401,96162739,192322140,YES
633,634,175,875000000000,875096304817,875282521153,96304817,186216336,282521153,YES
633,634,176,880000000000,880055049083,880110099421,55049083,55050338,110099421,YES
633,634,177,885000000000,885055095093,885110191495,55095093,55096402,110191495,YES
633,634,178,890000000000,890055149236,890110299835,55149236,55150599,110299835,YES
633,634,179,895000000000,895055211345,895111177707,55211345,55966362,111177707,YES
633,634,180,900000000000,900098671952,900191937383,98671952,93265431,191937383,YES
633,634,181,905000000000,905093316828,905186635094,93316828,93318266,186635094,YES
633,634,182,910000000000,910095885810,910189239843,95885810,93354033,189239843,YES
633,634,183,915000000000,915096828910,915193653753,96828910,96824843,193653753,YES
633,634,184,920000000000,920097679299,920194419441,97679299,96740142,194419441,YES
633,634,185,925000000000,925101608034,925198375897,101608034,96767863,198375897,YES
633,634,186,930000000000,930096598621,930193837775,96598621,97239154,193837775,YES
633,634,187,935000000000,935096537813,935198980176,96537813,102442363,198980176,YES
633,634,188,940000000000,940096484939,940199716927,96484939,103231988,199716927,YES
633,634,189,945000000000,945100433813,945196870374,100433813,96436561,196870374,YES
633,634,190,950000000000,950096402944,950195564027,96402944,99161083,195564027,YES
633,634,191,955000000000,955096373847,955211580727,96373847,115206880,211580727,YES
633,634,192,960000000000,960096352752,960192702580,96352752,96349828,192702580,YES
633,634,193,965000000000,965091062088,965182125304,91062088,91063216,182125304,YES
633,634,194,970000000000,970091049459,970182609047,91049459,91559588,182609047,YES
633,634,195,975000000000,975091043181,975182087802,91043181,91044621,182087802,YES
633,634,196,980000000000,980091043803,980182089217,91043803,91045414,182089217,YES
633,634,197,985000000000,985091051890,985182105574,91051890,91053684,182105574,YES
633,634,198,990000000000,990091068042,990182138069,91068042,91070027,182138069,YES
633,634,199,995000000000,995091092859,995182187916,91092859,91095057,182187916,YES
633,634,200,1000000000000,1000091126945,1000182256313,91126945,91129368,182256313,YES
633,634,201,1005000000000,1005095685515,1005191369456,95685515,95683941,191369456,YES
633,634,202,1010000000000,1010095582801,1010197144765,95582801,101561964,197144765,YES
633,634,203,1015000000000,1015095458337,1015197164914,95458337,101706577,197164914,YES
633,634,204,1020000000000,1020095379982,1020190759243,95379982,95379261,190759243,YES
633,634,205,1025000000000,1025100310326,1025195624590,100310326,95314264,195624590,YES
633,634,206,1030000000000,1030095263165,1030190526216,95263165,95263051,190526216,YES
633,634,207,1035000000000,1035095225697,1035190451585,95225697,95225888,190451585,YES
633,634,208,1040000000000,1040095202679,1040194014221,95202679,98811542,194014221,YES
633,634,209,1045000000000,1045095194349,1045192768935,95194349,97574586,192768935,YES
633,634,210,1050000000000,1050096170839,1050191372744,96170839,95201905,191372744,YES
633,634,211,1055000000000,1055096237994,1055191461408,96237994,95223414,191461408,YES
633,634,212,1060000000000,1060128200640,1060223460445,128200640,95259805,223460445,YES
633,634,213,1065000000000,1065095308053,1065190618019,95308053,95309966,190618019,YES
633,634,214,1070000000000,1070095372210,1070190746577,95372210,95374367,190746577,YES
633,634,215,1075000000000,1075095848743,1075191301017,95848743,95452274,191301017,YES
633,634,216,1080000000000,1080098643793,1080200968349,98643793,102324556,200968349,YES
633,634,217,1085000000000,1085095687551,1085198019007,95687551,102331456,198019007,YES
633,634,218,1090000000000,1090099591800,1090195386613,99591800,95794813,195386613,YES
633,634,219,1095000000000,1095098258523,1095194179160,98258523,95920637,194179160,YES
633,634,220,1100000000000,1100096053420,1100192110186,96053420,96056766,192110186,YES
633,634,221,1105000000000,1105099475318,1105195678016,99475318,96202698,195678016,YES
633,634,222,1110000000000,1110054858664,1110109718574,54858664,54859910,109718574,YES
633,634,223,1115000000000,1115054900159,1115111954669,54900159,57054510,111954669,YES
633,634,224,1120000000000,1120054950125,1120120377482,54950125,65427357,120377482,YES
633,634,225,1125000000000,1125092990600,1125190369231,92990600,97378631,190369231,YES
633,634,226,1130000000000,1130093026038,1130194403760,93026038,101377722,194403760,YES
633,634,227,1135000000000,1135093035020,1135186070369,93035020,93035349,186070369,YES
633,634,228,1140000000000,1140093055336,1140186111184,93055336,93055848,186111184,YES
633,634,229,1145000000000,1145096267744,1145189355223,96267744,93087479,189355223,YES
633,634,230,1150000000000,1150096661662,1150193319406,96661662,96657744,193319406,YES
633,634,231,1155000000000,1155096585520,1155193167224,96585520,96581704,193167224,YES
633,634,232,1160000000000,1160096517685,1160193031660,96517685,96513975,193031660,YES
633,634,233,1165000000000,1165096458089,1165195970450,96458089,99512361,195970450,YES
633,634,234,1170000000000,1170096406660,1170193828859,96406660,97422199,193828859,YES
633,634,235,1175000000000,1175102769574,1175199129553,102769574,96359979,199129553,YES
633,634,236,1180000000000,1180101993280,1180200009861,101993280,98016581,200009861,YES
633,634,237,1185000000000,1185099675298,1185197226042,99675298,97550744,197226042,YES
633,634,238,1190000000000,1190096281958,1190192561032,96281958,96279074,192561032,YES
633,634,239,1195000000000,1195096271020,1195192539328,96271020,96268308,192539328,YES
634,635,0,0,42463124,84925569,42463124,42462445,84925569,YES
634,635,1,5000000000,5042400646,5084800669,42400646,42400023,84800669,YES
634,635,2,10000000000,10042348016,10084695468,42348016,42347452,84695468,YES
634,635,3,15000000000,15042305758,15084611023,42305758,42305265,84611023,YES
634,635,4,20000000000,20042274357,20084548295,42274357,42273938,84548295,YES
634,635,5,25000000000,25042254240,25084508138,42254240,42253898,84508138,YES
634,635,6,30000000000,30042245766,30084491276,42245766,42245510,84491276,YES
634,635,7,35000000000,35042249224,35084498281,42249224,42249057,84498281,YES
634,635,8,40000000000,40042264815,40084529558,42264815,42264743,84529558,YES
634,635,9,45000000000,45042292661,45084585347,42292661,42292686,84585347,YES
634,635,10,50000000000,50042332787,50084665701,42332787,42332914,84665701,YES
634,635,11,55000000000,55042385140,55084770511,42385140,42385371,84770511,YES
634,635,12,60000000000,60042449581,60084899500,42449581,42449919,84899500,YES
634,635,13,65000000000,65042525888,65085052226,42525888,42526338,85052226,YES
634,635,14,70000000000,70042613767,70085228094,42613767,42614327,85228094,YES
634,635,15,75000000000,75042712859,75085426385,42712859,42713526,85426385,YES
634,635,16,80000000000,80107457134,80214916036,107457134,107458902,214916036,YES
634,635,17,85000000000,85110930740,85218432056,110930740,107501316,218432056,YES
634,635,18,90000000000,90108922602,90216480016,108922602,107557414,216480016,YES
634,635,19,95000000000,95107624401,95215251508,107624401,107627107,215251508,YES
634,635,20,100000000000,100107707181,100215417360,107707181,107710179,215417360,YES
634,635,21,105000000000,105107763213,105215527243,107763213,107764030,215527243,YES
634,635,22,110000000000,110037581127,110075161831,37581127,37580704,75161831,YES
634,635,23,115000000000,115037567770,115075135202,37567770,37567432,75135202,YES
634,635,24,120000000000,120037565643,120075131030,37565643,37565387,75131030,YES
634,635,25,125000000000,125037574603,125075149039,37574603,37574436,75149039,YES
634,635,26,130000000000,130037594444,130075188804,37594444,37594360,75188804,YES
634,635,27,135000000000,135037624886,135075249767,37624886,37624881,75249767,YES
634,635,28,140000000000,140037665594,140075331262,37665594,37665668,75331262,YES
634,635,29,145000000000,145037716189,145075432530,37716189,37716341,75432530,YES
634,635,30,150000000000,150037776246,150075552727,37776246,37776481,75552727,YES
634,635,31,155000000000,155037845325,155075690956,37845325,37845631,75690956,YES
634,635,32,160000000000,160037922958,160075846291,37922958,37923333,75846291,YES
634,635,33,165000000000,165038008668,165076017788,38008668,38009120,76017788,YES
634,635,34,170000000000,170038101979,170076204472,38101979,38102493,76204472,YES
634,635,35,175000000000,175119662060,175231439011,119662060,111776951,231439011,YES
634,635,36,180000000000,180047326120,180094653230,47326120,47327110,94653230,YES
634,635,37,185000000000,185047309341,185094619758,47309341,47310417,94619758,YES
634,635,38,190000000000,190047299254,190094599669,47299254,47300415,94599669,YES
634,635,39,195000000000,195047295951,195267252771,47295951,219956820,267252771,YES
634,635,40,200000000000,200047299512,200261370617,47299512,214071105,261370617,YES
634,635,41,205000000000,205047310037,205094849279,47310037,47539242,94849279,YES
634,635,42,210000000000,210042748135,210085495410,42748135,42747275,85495410,YES
634,635,43,215000000000,215042635502,215085270188,42635502,42634686,85270188,YES
634,635,44,220000000000,220042529163,220085057553,42529163,42528390,85057553,YES
634,635,45,225000000000,225042429675,225084858626,42429675,42428951,84858626,YES
634,635,46,230000000000,230042337630,230084674600,42337630,42336970,84674600,YES
634,635,47,235000000000,235042253647,235084506690,42253647,42253043,84506690,YES
634,635,48,240000000000,240042178368,240084356193,42178368,42177825,84356193,YES
634,635,49,245000000000,245042078844,245084157202,42078844,42078358,84157202,YES
634,635,50,250000000000,250042022914,250084045412,42022914,42022498,84045412,YES
634,635,51,255000000000,255041977607,255083954877,41977607,41977270,83954877,YES
634,635,52,260000000000,260041943507,260083886754,41943507,41943247,83886754,YES
634,635,53,265000000000,265041921145,265083842109,41921145,41920964,83842109,YES
634,635,54,270000000000,270041910969,270083821844,41910969,41910875,83821844,YES
634,635,55,275000000000,275041913341,275083826680,41913341,41913339,83826680,YES
634,635,56,280000000000,280041928517,280083857124,41928517,41928607,83857124,YES
634,635,57,285000000000,285041956631,285083913452,41956631,41956821,83913452,YES
634,635,58,290000000000,290041997708,290083995704,41997708,41997996,83995704,YES
634,635,59,295000000000,295042051642,295084103682,42051642,42052040,84103682,YES
634,635,60,300000000000,300042118229,300084236957,42118229,42118728,84236957,YES
634,635,61,305000000000,305042197152,305084394908,42197152,42197756,84394908,YES
634,635,62,310000000000,310042288013,310084576730,42288013,42288717,84576730,YES
634,635,63,315000000000,315042390342,315084781489,42390342,42391147,84781489,YES
634,635,64,320000000000,320107881372,320215764905,107881372,107883533,215764905,YES
634,635,65,325000000000,325037817840,325075634951,37817840,37817111,75634951,YES
634,635,66,330000000000,330037744434,330075488221,37744434,37743787,75488221,YES
634,635,67,335000000000,335037682652,335075364744,37682652,37682092,75364744,YES
634,635,68,340000000000,340037632814,340075265159,37632814,37632345,75265159,YES
634,635,69,345000000000,345037595142,345075189902,37595142,37594760,75189902,YES
634,635,70,350000000000,350037569764,350075139235,37569764,37569471,75139235,YES
634,635,71,355000000000,355037556698,355075113194,37556698,37556496,75113194,YES
634,635,72,360000000000,360037555864,360075111615,37555864,37555751,75111615,YES
634,635,73,365000000000,365037567078,365075134129,37567078,37567051,75134129,YES
634,635,74,370000000000,370038621241,370076240158,38621241,37618917,76240158,YES
634,635,75,375000000000,375037624447,375075249036,37624447,37624589,75249036,YES
634,635,76,380000000000,380037669814,380075339849,37669814,37670035,75339849,YES
634,635,77,385000000000,385037725671,385075451649,37725671,37725978,75451649,YES
634,635,78,390000000000,390037791497,390075583374,37791497,37791877,75583374,YES
634,635,79,395000000000,395046632716,395084500048,46632716,37867332,84500048,YES
634,635,80,400000000000,400037950831,400075902178,37950831,37951347,75902178,YES
634,635,81,405000000000,405098737327,405197474113,98737327,98736786,197474113,YES
634,635,82,410000000000,410098784933,410197569572,98784933,98784639,197569572,YES
634,635,83,415000000000,415047415807,415094832360,47415807,47416553,94832360,YES
634,635,84,420000000000,420048178237,420095565006,48178237,47386769,95565006,YES
634,635,85,425000000000,425047363408,425094727749,47363408,47364341,94727749,YES
634,635,86,430000000000,430047348360,430094697744,47348360,47349384,94697744,YES
634,635,87,435000000000,435047340940,435094682989,47340940,47342049,94682989,YES
634,635,88,440000000000,440047341300,440094683797,47341300,47342497,94683797,YES
634,635,89,445000000000,445047349590,445094700458,47349590,47350868,94700458,YES
634,635,90,450000000000,450047365951,450094733273,47365951,47367322,94733273,YES
634,635,91,455000000000,455047390582,455094782611,47390582,47392029,94782611,YES
634,635,92,460000000000,460047423643,460094848809,47423643,47425166,94848809,YES
634,635,93,465000000000,465042931065,465087618136,42931065,44687071,87618136,YES
634,635,94,470000000000,470042844228,470089857871,42844228,47013643,89857871,YES
634,635,95,475000000000,475042765794,475085530933,42765794,42765139,85530933,YES
634,635,96,480000000000,480042696380,480085392158,42696380,42695778,85392158,YES
634,635,97,485000000000,485042602978,485085205415,42602978,42602437,85205415,YES
634,635,98,490000000000,490042553369,490085106254,42553369,42552885,85106254,YES
634,635,99,495000000000,495042514480,495085028544,42514480,42514064,85028544,YES
634,635,100,500000000000,500042486788,500087495788,42486788,45009000,87495788,YES
634,635,101,505000000000,505042470682,505084941092,42470682,42470410,84941092,YES
634,635,102,510000000000,510042466469,510084932745,42466469,42466276,84932745,YES
634,635,103,515000000000,515042474361,515084948613,42474361,42474252,84948613,YES
634,635,104,520000000000,520042494466,520084988908,42494466,42494442,84988908,YES
634,635,105,525000000000,525042526795,525085053655,42526795,42526860,85053655,YES
634,635,106,530000000000,530042571260,530085142680,42571260,42571420,85142680,YES
634,635,107,535000000000,535042627690,535085255639,42627690,42627949,85255639,YES
634,635,108,540000000000,540042695841,540085392036,42695841,42696195,85392036,YES
634,635,109,545000000000,545042775394,545085551242,42775394,42775848,85551242,YES
634,635,110,550000000000,550108131226,550215657968,108131226,107526742,215657968,YES
634,635,111,555000000000,555037373326,555074745634,37373326,37372308,74745634,YES
634,635,112,560000000000,560037275020,560074549094,37275020,37274074,74549094,YES
634,635,113,565000000000,565037187915,565074374958,37187915,37187043,74374958,YES
634,635,114,570000000000,570037112505,570074224228,37112505,37111723,74224228,YES
634,635,115,575000000000,575037049219,575074097736,37049219,37048517,74097736,YES
634,635,116,580000000000,580037462214,580074459980,37462214,36997766,74459980,YES
634,635,117,585000000000,585036960247,585073919969,36960247,36959722,73919969,YES
634,635,118,590000000000,590036934925,590073869417,36934925,36934492,73869417,YES
634,635,119,595000000000,595036922439,595073844536,36922439,36922097,73844536,YES
634,635,120,600000000000,600036922685,600073845123,36922685,36922438,73845123,YES
634,635,121,605000000000,605036935456,605073870758,36935456,36935302,73870758,YES
634,635,122,610000000000,610036960443,610073920824,36960443,36960381,73920824,YES
634,635,123,615000000000,615036997247,615097709705,36997247,60712458,97709705,YES
634,635,124,620000000000,620037045399,620074090921,37045399,37045522,74090921,YES
634,635,125,625000000000,625037104369,625074208945,37104369,37104576,74208945,YES
634,635,126,630000000000,630037173587,630074347469,37173587,37173882,74347469,YES
634,635,127,635000000000,635037252454,635074505285,37252454,37252831,74505285,YES
634,635,128,640000000000,640037340368,640074681187,37340368,37340819,74681187,YES
634,635,129,645000000000,645037436717,645074873953,37436717,37437236,74873953,YES
634,635,130,650000000000,650037540908,650075082401,37540908,37541493,75082401,YES
634,635,131,655000000000,655098706964,655197414354,98706964,98707390,197414354,YES
634,635,132,660000000000,660047189779,660094380533,47189779,47190754,94380533,YES
634,635,133,665000000000,665053573734,665100746361,53573734,47172627,100746361,YES
634,635,134,670000000000,670050879186,670098040897,50879186,47161711,98040897,YES
634,635,135,675000000000,675047156765,675094314778,47156765,47158013,94314778,YES
634,635,136,680000000000,680047160289,680094321913,47160289,47161624,94321913,YES
634,635,137,685000000000,685047171171,685094343760,47171171,47172589,94343760,YES
634,635,138,690000000000,690047189493,690094380477,47189493,47190984,94380477,YES
634,635,139,695000000000,695047215328,695094432218,47215328,47216890,94432218,YES
634,635,140,700000000000,700047248788,700098766647,47248788,51517859,98766647,YES
634,635,141,705000000000,705047289993,705098101297,47289993,50811304,98101297,YES
634,635,142,710000000000,710042664677,710085328769,42664677,42664092,85328769,YES
634,635,143,715000000000,715102623987,715145226858,102623987,42602871,145226858,YES
634,635,144,720000000000,720042514179,720085027887,42514179,42513708,85027887,YES
634,635,145,725000000000,725042452580,725084904754,42452580,42452174,84904754,YES
634,635,146,730000000000,730042367297,730084734265,42367297,42366968,84734265,YES
634,635,147,735000000000,735042326112,735084651966,42326112,42325854,84651966,YES
634,635,148,740000000000,740042295964,740084591745,42295964,42295781,84591745,YES
634,635,149,745000000000,745042277331,745084554554,42277331,42277223,84554554,YES
634,635,150,750000000000,750042270605,750084541184,42270605,42270579,84541184,YES
634,635,151,755000000000,755042276085,755084552227,42276085,42276142,84552227,YES
634,635,152,760000000000,760042293966,760084588071,42293966,42294105,84588071,YES
634,635,153,765000000000,765111086559,765222171096,111086559,111084537,222171096,YES
634,635,154,770000000000,770111080042,770222158271,111080042,111078229,222158271,YES
634,635,155,775000000000,775111086259,775222170929,111086259,111084670,222170929,YES
634,635,156,780000000000,780111105216,780222209084,111105216,111103868,222209084,YES
634,635,157,785000000000,785111166195,785222301998,111166195,111135803,222301998,YES
634,635,158,790000000000,790038495455,790076102430,38495455,37606975,76102430,YES
634,635,159,795000000000,795037493133,795074985332,37493133,37492199,74985332,YES
634,635,160,800000000000,800037389258,800074777664,37389258,37388406,74777664,YES
634,635,161,805000000000,805037297054,805074593338,37297054,37296284,74593338,YES
634,635,162,810000000000,810037217130,810074433579,37217130,37216449,74433579,YES
634,635,163,815000000000,815037150024,815074299462,37150024,37149438,74299462,YES
634,635,164,820000000000,820037096171,820074191850,37096171,37095679,74191850,YES
634,635,165,825000000000,825037055887,825074111380,37055887,37055493,74111380,YES
634,635,166,830000000000,830037029345,830074058397,37029345,37029052,74058397,YES
634,635,167,835000000000,835037016590,835074032984,37016590,37016394,74032984,YES
634,635,168,840000000000,840037017502,840074034905,37017502,37017403,74034905,YES
634,635,169,845000000000,845037031831,845074063658,37031831,37031827,74063658,YES
634,635,170,850000000000,850037059198,850074118490,37059198,37059292,74118490,YES
634,635,171,855000000000,855037099115,855074198415,37099115,37099300,74198415,YES
634,635,172,860000000000,860037151004,860074302281,37151004,37151277,74302281,YES
634,635,173,865000000000,865037214229,865074428812,37214229,37214583,74428812,YES
634,635,174,870000000000,870037288105,870074576640,37288105,37288535,74576640,YES
634,635,175,875000000000,875037371932,875074744363,37371932,37372431,74744363,YES
634,635,176,880000000000,880098178235,880196355707,98178235,98177472,196355707,YES
634,635,177,885000000000,885098222906,885196445315,98222906,98222409,196445315,YES
634,635,178,890000000000,890098278998,890196557768,98278998,98278770,196557768,YES
634,635,179,895000000000,895098346229,895196692501,98346229,98346272,196692501,YES
634,635,180,900000000000,900098424303,900196848920,98424303,98424617,196848920,YES
634,635,181,905000000000,905047309591,905094620097,47309591,47310506,94620097,YES
634,635,182,910000000000,910047294769,910094590555,47294769,47295786,94590555,YES
634,635,183,915000000000,915047288187,915094577485,47288187,47289298,94577485,YES
634,635,184,920000000000,920047289949,920094581110,47289949,47291161,94581110,YES
634,635,185,925000000000,925047300163,925094601631,47300163,47301468,94601631,YES
634,635,186,930000000000,930047318924,930094639247,47318924,47320323,94639247,YES
634,635,187,935000000000,935047346333,935094694162,47346333,47347829,94694162,YES
634,635,188,940000000000,940047382518,940094766612,47382518,47384094,94766612,YES
634,635,189,945000000000,945047427597,945094856842,47427597,47429245,94856842,YES
634,635,190,950000000000,950207508443,950254993726,207508443,47485283,254993726,YES
634,635,191,955000000000,955230037690,955277606066,230037690,47568376,277606066,YES
634,635,192,960000000000,960047617375,960095236600,47617375,47619225,95236600,YES
634,635,193,965000000000,965111416783,965222830321,111416783,111413538,222830321,YES
634,635,194,970000000000,970111329603,970222656103,111329603,111326500,222656103,YES
634,635,195,975000000000,975118908495,975230231577,118908495,111323082,230231577,YES
634,635,196,980000000000,980117876232,980229028464,117876232,111152232,229028464,YES
634,635,197,985000000000,985114712109,985225811568,114712109,111099459,225811568,YES
634,635,198,990000000000,990111061170,990222119906,111061170,111058736,222119906,YES
634,635,199,995000000000,995111032492,995222062744,111032492,111030252,222062744,YES
634,635,200,1000000000000,1000111016245,1000222030459,111016245,111014214,222030459,YES
634,635,201,1005000000000,1005111012540,1005222023272,111012540,111010732,222023272,YES
634,635,202,1010000000000,1010111021444,1010222041312,111021444,111019868,222041312,YES
634,635,203,1015000000000,1015111042981,1015222084644,111042981,111041663,222084644,YES
634,635,204,1020000000000,1020037498856,1020074996650,37498856,37497794,74996650,YES
634,635,205,1025000000000,1025039227739,1025076603931,39227739,37376192,76603931,YES
634,635,206,1030000000000,1030037266530,1030074532152,37266530,37265622,74532152,YES
634,635,207,1035000000000,1035037167511,1035074334201,37167511,37166690,74334201,YES
634,635,208,1040000000000,1040037080857,1040074160984,37080857,37080127,74160984,YES
634,635,209,1045000000000,1045037007190,1045074013744,37007190,37006554,74013744,YES
634,635,210,1050000000000,1050036947030,1050073893525,36947030,36946495,73893525,YES
634,635,211,1055000000000,1055036900770,1055073801104,36900770,36900334,73801104,YES
634,635,212,1060000000000,1060036868668,1060073737002,36868668,36868334,73737002,YES
634,635,213,1065000000000,1065036850820,1065073701408,36850820,36850588,73701408,YES
634,635,214,1070000000000,1070036847164,1070073694197,36847164,36847033,73694197,YES
634,635,215,1075000000000,1075036857478,1075073714925,36857478,36857447,73714925,YES
634,635,216,1080000000000,1080036881394,1080073762854,36881394,36881460,73762854,YES
634,635,217,1085000000000,1085036918420,1085073836999,36918420,36918579,73836999,YES
634,635,218,1090000000000,1090036967961,1090073936171,36967961,36968210,73936171,YES
634,635,219,1095000000000,1095037029344,1095074059029,37029344,37029685,74059029,YES
634,635,220,1100000000000,1100037101846,1100074204125,37101846,37102279,74204125,YES
634,635,221,1105000000000,1105037184730,1105074369955,37184730,37185225,74369955,YES
634,635,222,1110000000000,1110097988258,1110195975648,97988258,97987390,195975648,YES
634,635,223,1115000000000,1115098031453,1115196062324,98031453,98030871,196062324,YES
634,635,224,1120000000000,1120099288053,1120197374206,99288053,98086153,197374206,YES
634,635,225,1125000000000,1125098152976,1125196305928,98152976,98152952,196305928,YES
634,635,226,1130000000000,1130098230758,1130196461781,98230758,98231023,196461781,YES
634,635,227,1135000000000,1135098319479,1135196639504,98319479,98320025,196639504,YES
634,635,228,1140000000000,1140047337026,1140094675031,47337026,47338005,94675031,YES
634,635,229,1145000000000,1145047329318,1145094659722,47329318,47330404,94659722,YES
634,635,230,1150000000000,1150047330238,1150094661667,47330238,47331429,94661667,YES
634,635,231,1155000000000,1155047339861,1155094681008,47339861,47341147,94681008,YES
634,635,232,1160000000000,1160047358239,1160094717857,47358239,47359618,94717857,YES
634,635,233,1165000000000,1165047385432,1165094772334,47385432,47386902,94772334,YES
634,635,234,1170000000000,1170047421484,1170094844537,47421484,47423053,94844537,YES
634,635,235,1175000000000,1175047466477,1175094934603,47466477,47468126,94934603,YES
634,635,236,1180000000000,1180047520467,1180095042657,47520467,47522190,95042657,YES
634,635,237,1185000000000,1185047583507,1185095168808,47583507,47585301,95168808,YES
634,635,238,1190000000000,1190047655666,1190095313194,47655666,47657528,95313194,YES
634,635,239,1195000000000,1195047736998,1195095475918,47736998,47738920,95475918,YES
635,636,0,0,34920970,69841323,34920970,34920353,69841323,YES
635,636,1,5000000000,5034796826,5069593127,34796826,34796301,69593127,YES
635,636,2,10000000000,10034684057,10069367676,34684057,34683619,69367676,YES
635,636,3,15000000000,15034583269,15069166195,34583269,34582926,69166195,YES
635,636,4,20000000000,20034495016,20068989784,34495016,34494768,68989784,YES
635,636,5,25000000000,25034419757,25068839361,34419757,34419604,68839361,YES
635,636,6,30000000000,30034357864,30068715668,34357864,34357804,68715668,YES
635,636,7,35000000000,35034309580,35071799240,34309580,37489660,71799240,YES
635,636,8,40000000000,40034275031,40068550189,34275031,34275158,68550189,YES
635,636,9,45000000000,45034254202,45068508621,34254202,34254419,68508621,YES
635,636,10,50000000000,50034246951,50068494204,34246951,34247253,68494204,YES
635,636,11,55000000000,55035000504,55069253900,35000504,34253396,69253900,YES
635,636,12,60000000000,60034271987,60068544438,34271987,34272451,68544438,YES
635,636,13,65000000000,65034303408,65068607352,34303408,34303944,68607352,YES
635,636,14,70000000000,70055303110,70112631764,55303110,57328654,112631764,YES
635,636,15,75000000000,75055346080,75110693409,55346080,55347329,110693409,YES
635,636,16,80000000000,80055320319,80110640901,55320319,55320582,110640901,YES
635,636,17,85000000000,85055399805,85110800006,55399805,55400201,110800006,YES
635,636,18,90000000000,90055492159,90110984844,55492159,55492685,110984844,YES
635,636,19,95000000000,95055597359,95111195376,55597359,55598017,111195376,YES
635,636,20,100000000000,100055715286,100111431366,55715286,55716080,111431366,YES
635,636,21,105000000000,105055845714,105111692356,55845714,55846642,111692356,YES
635,636,22,110000000000,110055988328,110111977715,55988328,55989387,111977715,YES
635,636,23,115000000000,115056142737,115112286674,56142737,56143937,112286674,YES
635,636,24,120000000000,120056308496,120114339098,56308496,58030602,114339098,YES
635,636,25,125000000000,125056485083,125121426660,56485083,64941577,121426660,YES
635,636,26,130000000000,130056671967,130113345511,56671967,56673544,113345511,YES
635,636,27,135000000000,135056868597,135113738889,56868597,56870292,113738889,YES
635,636,28,140000000000,140057074391,140114150604,57074391,57076213,114150604,YES
635,636,29,145000000000,145057288781,145114579488,57288781,57290707,114579488,YES
635,636,30,150000000000,150088350565,150178817435,88350565,90466870,178817435,YES
635,636,31,155000000000,155088393762,155177027112,88393762,88633350,177027112,YES
635,636,32,160000000000,160088447632,160176897797,88447632,88450165,176897797,YES
635,636,33,165000000000,165088512116,165177026918,88512116,88514802,177026918,YES
635,636,34,170000000000,170088587138,170180864463,88587138,92277325,180864463,YES
635,636,35,175000000000,175037063221,175085179490,37063221,48116269,85179490,YES
635,636,36,180000000000,180036938526,180073875751,36938526,36937225,73875751,YES
635,636,37,185000000000,185036821405,185073641542,36821405,36820137,73641542,YES
635,636,38,190000000000,190036712110,190073422984,36712110,36710874,73422984,YES
635,636,39,195000000000,195045414367,195082023866,45414367,36609499,82023866,YES
635,636,40,200000000000,200204629300,200241143067,204629300,36513767,241143067,YES
635,636,41,205000000000,205036433407,205072865707,36433407,36432300,72865707,YES
635,636,42,210000000000,210036357583,210073558109,36357583,37200526,73558109,YES
635,636,43,215000000000,215036290605,215072580206,36290605,36289601,72580206,YES
635,636,44,220000000000,220035667467,220071333864,35667467,35666397,71333864,YES
635,636,45,225000000000,225035488514,225070976018,35488514,35487504,70976018,YES
635,636,46,230000000000,230035317156,230070633367,35317156,35316211,70633367,YES
635,636,47,235000000000,235035154081,235070307291,35154081,35153210,70307291,YES
635,636,48,240000000000,240035000007,240069999228,35000007,34999221,69999228,YES
635,636,49,245000000000,245035167541,245069988899,35167541,34821358,69988899,YES
635,636,50,250000000000,250034688186,250069375768,34688186,34687582,69375768,YES
635,636,51,255000000000,255034565495,255069130482,34565495,34564987,69130482,YES
635,636,52,260000000000,260034454687,260068908962,34454687,34454275,68908962,YES
635,636,53,265000000000,265034356400,265068712485,34356400,34356085,68712485,YES
635,636,54,270000000000,270034271199,270068542179,34271199,34270980,68542179,YES
635,636,55,275000000000,275034199545,275068398973,34199545,34199428,68398973,YES
635,636,56,280000000000,280034468321,280068610089,34468321,34141768,68610089,YES
635,636,57,285000000000,285036404660,285073689343,36404660,37284683,73689343,YES
635,636,58,290000000000,290034068697,290070789184,34068697,36720487,70789184,YES
635,636,59,295000000000,295034053352,295068106968,34053352,34053616,68106968,YES
635,636,60,300000000000,300034051908,300068104168,34051908,34052260,68104168,YES
635,636,61,305000000000,305034064016,305068128470,34064016,34064454,68128470,YES
635,636,62,310000000000,310034089220,310068178955,34089220,34089735,68178955,YES
635,636,63,315000000000,315055518978,315111039084,55518978,55520106,111039084,YES
635,636,64,320000000000,320055073225,320110146495,55073225,55073270,110146495,YES
635,636,65,325000000000,325056201745,325111354663,56201745,55152918,111354663,YES
635,636,66,330000000000,330055245216,330110490736,55245216,55245520,110490736,YES
635,636,67,335000000000,335062076317,335117427557,62076317,55351240,117427557,YES
635,636,68,340000000000,340060266246,340115735854,60266246,55469608,115735854,YES
635,636,69,345000000000,345056980622,345112581162,56980622,55600540,112581162,YES
635,636,70,350000000000,350057987358,350114230474,57987358,56243116,114230474,YES
635,636,71,355000000000,355055898114,355111797247,55898114,55899133,111797247,YES
635,636,72,360000000000,360056082085,360112148020,56082085,56065935,112148020,YES
635,636,73,365000000000,365056242434,365112486186,56242434,56243752,112486186,YES
635,636,74,370000000000,370056430617,370112862675,56430617,56432058,112862675,YES
635,636,75,375000000000,375056990324,375118084404,56990324,61094080,118084404,YES
635,636,76,380000000000,380056836190,380113674088,56836190,56837898,113674088,YES
635,636,77,385000000000,385057052445,385114106732,57052445,57054287,114106732,YES
635,636,78,390000000000,390057276913,390114555797,57276913,57278884,114555797,YES
635,636,79,395000000000,395089774025,395178082284,89774025,88308259,178082284,YES
635,636,80,400000000000,400088349065,400176700563,88349065,88351498,176700563,YES
635,636,81,405000000000,405088402767,405176808134,88402767,88405367,176808134,YES
635,636,82,410000000000,410088467004,410176936769,88467004,88469765,176936769,YES
635,636,83,415000000000,415036606387,415073211464,36606387,36605077,73211464,YES
635,636,84,420000000000,420036474404,420078177471,36474404,41703067,78177471,YES
635,636,85,425000000000,425036349930,425072698638,36349930,36348708,72698638,YES
635,636,86,430000000000,430036233305,430072465431,36233305,36232126,72465431,YES
635,636,87,435000000000,435036124864,435072248592,36124864,36123728,72248592,YES
635,636,88,440000000000,440036024933,440072048776,36024933,36023843,72048776,YES
635,636,89,445000000000,445035933831,445071866624,35933831,35932793,71866624,YES
635,636,90,450000000000,450035622282,450071243457,35622282,35621175,71243457,YES
635,636,91,455000000000,455035439164,455070877280,35439164,35438116,70877280,YES
635,636,92,460000000000,460035263407,460070525831,35263407,35262424,70525831,YES
635,636,93,465000000000,465035095697,465070190484,35095697,35094787,70190484,YES
635,636,94,470000000000,470034936757,470069872704,34936757,34935947,69872704,YES
635,636,95,475000000000,475034787330,475069880854,34787330,35093524,69880854,YES
635,636,96,480000000000,480034648178,480069898711,34648178,35250533,69898711,YES
635,636,97,485000000000,485034486455,485068972361,34486455,34485906,68972361,YES
635,636,98,490000000000,490034370094,490068739739,34370094,34369645,68739739,YES
635,636,99,495000000000,495034266183,495068532010,34266183,34265827,68532010,YES
635,636,100,500000000000,500034175336,500068350416,34175336,34175080,68350416,YES
635,636,101,505000000000,505034098075,505068195994,34098075,34097919,68195994,YES
635,636,102,510000000000,510034034807,510068069562,34034807,34034755,68069562,YES
635,636,103,515000000000,515033985808,515070057968,33985808,36072160,70057968,YES
635,636,104,520000000000,520033951204,520067902556,33951204,33951352,67902556,YES
635,636,105,525000000000,525033930973,525067862185,33930973,33931212,67862185,YES
635,636,106,530000000000,530033924943,530067850210,33924943,33925267,67850210,YES
635,636,107,535000000000,535033932794,535067866000,33932794,33933206,67866000,YES
635,636,108,540000000000,540033954097,540067908685,33954097,33954588,67908685,YES
635,636,109,545000000000,545056398076,545114911021,56398076,58512945,114911021,YES
635,636,110,550000000000,550055047386,550128814257,55047386,73766871,128814257,YES
635,636,111,555000000000,555055119849,555110239782,55119849,55119933,110239782,YES
635,636,112,560000000000,560055205716,560110411659,55205716,55205943,110411659,YES
635,636,113,565000000000,565063690339,565119630681,63690339,55940342,119630681,YES
635,636,114,570000000000,570055417753,570110836024,55417753,55418271,110836024,YES
635,636,115,575000000000,575055543706,575111088088,55543706,55544382,111088088,YES
635,636,116,580000000000,580057964456,580113647983,57964456,55683527,113647983,YES
635,636,117,585000000000,585055862655,585111697814,55862655,55835159,111697814,YES
635,636,118,590000000000,590055997899,590113071410,55997899,57073511,113071410,YES
635,636,119,595000000000,595056173292,595112347883,56173292,56174591,112347883,YES
635,636,120,600000000000,600056359815,600112721061,56359815,56361246,112721061,YES
635,636,121,605000000000,605056556845,605113115262,56556845,56558417,113115262,YES
635,636,122,610000000000,610059786211,610116551813,59786211,56765602,116551813,YES
635,636,123,615000000000,615084323396,615141306406,84323396,56983010,141306406,YES
635,636,124,620000000000,620057204757,620114411504,57204757,57206747,114411504,YES
635,636,125,625000000000,625057437576,625114877250,57437576,57439674,114877250,YES
635,636,126,630000000000,630088352420,630181664801,88352420,93312381,181664801,YES
635,636,127,635000000000,635088408521,635176819738,88408521,88411217,176819738,YES
635,636,128,640000000000,640088475070,640183416448,88475070,94941378,183416448,YES
635,636,129,645000000000,645088551915,645177106843,88551915,88554928,177106843,YES
635,636,130,650000000000,650088638915,650177280986,88638915,88642071,177280986,YES
635,636,131,655000000000,655088735918,655179254937,88735918,90519019,179254937,YES
635,636,132,660000000000,660037006769,660074012206,37006769,37005437,74012206,YES
635,636,133,665000000000,665036886511,665073771742,36886511,36885231,73771742,YES
635,636,134,670000000000,670036773682,670073546118,36773682,36772436,73546118,YES
635,636,135,675000000000,675036668535,675073335859,36668535,36667324,73335859,YES
635,636,136,680000000000,680036277305,680072553321,36277305,36276016,72553321,YES
635,636,137,685000000000,685036079932,685072158619,36079932,36078687,72158619,YES
635,636,138,690000000000,690035888546,690071775909,35888546,35887363,71775909,YES
635,636,139,695000000000,695035703740,695071406353,35703740,35702613,71406353,YES
635,636,140,700000000000,700035526163,700071051267,35526163,35525104,71051267,YES
635,636,141,705000000000,705035356497,705070711999,35356497,35355502,70711999,YES
635,636,142,710000000000,710035195492,710070390039,35195492,35194547,70390039,YES
635,636,143,715000000000,715035043887,715134812442,35043887,99768555,134812442,YES
635,636,144,720000000000,720034902489,720069804206,34902489,34901717,69804206,YES
635,636,145,725000000000,725034772097,725069543507,34772097,34771410,69543507,YES
635,636,146,730000000000,730034619908,730069239213,34619908,34619305,69239213,YES
635,636,147,735000000000,735034513857,735069027204,34513857,34513347,69027204,YES
635,636,148,740000000000,740034421041,740068841676,34421041,34420635,68841676,YES
635,636,149,745000000000,745034342054,745068683799,34342054,34341745,68683799,YES
635,636,150,750000000000,750034277363,750068554515,34277363,34277152,68554515,YES
635,636,151,755000000000,755034697954,755068925141,34697954,34227187,68925141,YES
635,636,152,760000000000,760034192022,760068384036,34192022,34192014,68384036,YES
635,636,153,765000000000,765034171525,765068343141,34171525,34171616,68343141,YES
635,636,154,770000000000,770034165627,770068331442,34165627,34165815,68331442,YES
635,636,155,775000000000,775034173987,775068348257,34173987,34174270,68348257,YES
635,636,156,780000000000,780057746079,780113055495,57746079,55309416,113055495,YES
635,636,157,785000000000,785124773559,785180103501,124773559,55329942,180103501,YES
635,636,158,790000000000,790055008584,790110016871,55008584,55008287,110016871,YES
635,636,159,795000000000,795055831201,795110897079,55831201,55065878,110897079,YES
635,636,160,800000000000,800055117658,800110235269,55117658,55117611,110235269,YES
635,636,161,805000000000,805055192505,805110385112,55192505,55192607,110385112,YES
635,636,162,810000000000,810055281172,810112024905,55281172,56743733,112024905,YES
635,636,163,815000000000,815055383716,815110767830,55383716,55384114,110767830,YES
635,636,164,820000000000,820055500069,820111000699,55500069,55500630,111000699,YES
635,636,165,825000000000,825055630057,825111260834,55630057,55630777,111260834,YES
635,636,166,830000000000,830055773383,830111547650,55773383,55774267,111547650,YES
635,636,167,835000000000,835055929649,835111860349,55929649,55930700,111860349,YES
635,636,168,840000000000,840056098376,840112197973,56098376,56099597,112197973,YES
635,636,169,845000000000,845056279013,845112559395,56279013,56280382,112559395,YES
635,636,170,850000000000,850059594969,850116067534,59594969,56472565,116067534,YES
635,636,171,855000000000,855056673448,855113348567,56673448,56675119,113348567,YES
635,636,172,860000000000,860056885926,860113773657,56885926,56887731,113773657,YES
635,636,173,865000000000,865057107659,865114217277,57107659,57109618,114217277,YES
635,636,174,870000000000,870057337972,870114678022,57337972,57340050,114678022,YES
635,636,175,875000000000,875057576203,875115154596,57576203,57578393,115154596,YES
635,636,176,880000000000,880087920865,880175844439,87920865,87923574,175844439,YES
635,636,177,885000000000,885088001163,885176005205,88001163,88004042,176005205,YES
635,636,178,890000000000,890088092161,890176187360,88092161,88095199,176187360,YES
635,636,179,895000000000,895093710676,895181907613,93710676,88196937,181907613,YES
635,636,180,900000000000,900093073108,900189423420,93073108,96350312,189423420,YES
635,636,181,905000000000,905036785345,905073569483,36785345,36784138,73569483,YES
635,636,182,910000000000,910036684982,910073368794,36684982,36683812,73368794,YES
635,636,183,915000000000,915036592580,915073184036,36592580,36591456,73184036,YES
635,636,184,920000000000,920035937897,920071874599,35937897,35936702,71874599,YES
635,636,185,925000000000,925035742835,925071484528,35742835,35741693,71484528,YES
635,636,186,930000000000,930035553872,930071106651,35553872,35552779,71106651,YES
635,636,187,935000000000,935035371552,935070742074,35371552,35370522,70742074,YES
635,636,188,940000000000,940035196511,940070392060,35196511,35195549,70392060,YES
635,636,189,945000000000,945035029408,945070057933,35029408,35028525,70057933,YES
635,636,190,950000000000,950034870933,950230519416,34870933,195648483,230519416,YES
635,636,191,955000000000,955034721804,955255343063,34721804,220621259,255343063,YES
635,636,192,960000000000,960034582747,960070513579,34582747,35930832,70513579,YES
635,636,193,965000000000,965034454486,965072267956,34454486,37813470,72267956,YES
635,636,194,970000000000,970034337729,970068675014,34337729,34337285,68675014,YES
635,636,195,975000000000,975034199542,975068398734,34199542,34199192,68398734,YES
635,636,196,980000000000,980034107721,980068215187,34107721,34107466,68215187,YES
635,636,197,985000000000,985049912799,985083941608,49912799,34028809,83941608,YES
635,636,198,990000000000,990035192250,990069156532,35192250,33964282,69156532,YES
635,636,199,995000000000,995033913518,995067827075,33913518,33913557,67827075,YES
635,636,200,1000000000000,1000033876823,1000067753778,33876823,33876955,67753778,YES
635,636,201,1005000000000,1005033854288,1005067708802,33854288,33854514,67708802,YES
635,636,202,1010000000000,1010033845789,1010067691890,33845789,33846101,67691890,YES
635,636,203,1015000000000,1015055351156,1015114655104,55351156,59303948,114655104,YES
635,636,204,1020000000000,1020055095460,1020110190546,55095460,55095086,110190546,YES
635,636,205,1025000000000,1025055136976,1025110273704,55136976,55136728,110273704,YES
635,636,206,1030000000000,1030059501016,1030114757472,59501016,55256456,114757472,YES
635,636,207,1035000000000,1035055260450,1035110520932,55260450,55260482,110520932,YES
635,636,208,1040000000000,1040055343028,1040110686236,55343028,55343208,110686236,YES
635,636,209,1045000000000,1045055439714,1045110879767,55439714,55440053,110879767,YES
635,636,210,1050000000000,1050055550515,1050111101524,55550515,55551009,111101524,YES
635,636,211,1055000000000,1055055683051,1055111359018,55683051,55675967,111359018,YES
635,636,212,1060000000000,1060055813833,1060111628498,55813833,55814665,111628498,YES
635,636,213,1065000000000,1065055965745,1065111932492,55965745,55966747,111932492,YES
635,636,214,1070000000000,1070056130569,1070112262316,56130569,56131747,112262316,YES
635,636,215,1075000000000,1075056307764,1075112616858,56307764,56309094,112616858,YES
635,636,216,1080000000000,1080056496683,1080112994857,56496683,56498174,112994857,YES
635,636,217,1085000000000,1085056696659,1085113394962,56696659,56698303,113394962,YES
635,636,218,1090000000000,1090056906987,1090113815762,56906987,56908775,113815762,YES
635,636,219,1095000000000,1095057126957,1095114255856,57126957,57128899,114255856,YES
635,636,220,1100000000000,1100057355840,1100114713748,57355840,57357908,114713748,YES
635,636,221,1105000000000,1105062384774,1105119980137,62384774,57595363,119980137,YES
635,636,222,1110000000000,1110063264364,1110126531005,63264364,63266641,126531005,YES
635,636,223,1115000000000,1115063401168,1115126804727,63401168,63403559,126804727,YES
635,636,224,1120000000000,1120063547736,1120127097965,63547736,63550229,127097965,YES
635,636,225,1125000000000,1125063703765,1125127410125,63703765,63706360,127410125,YES
635,636,226,1130000000000,1130063868969,1130127740635,63868969,63871666,127740635,YES
635,636,227,1135000000000,1135064043044,1135128088866,64043044,64045822,128088866,YES
635,636,228,1140000000000,1140053133122,1140107706637,53133122,54573515,107706637,YES
635,636,229,1145000000000,1145053060855,1145106120107,53060855,53059252,106120107,YES
635,636,230,1150000000000,1150052996793,1150105992048,52996793,52995255,105992048,YES
635,636,231,1155000000000,1155035844951,1155071688770,35844951,35843819,71688770,YES
635,636,232,1160000000000,1160035656077,1160071311070,35656077,35654993,71311070,YES
635,636,233,1165000000000,1165035473612,1165070946202,35473612,35472590,70946202,YES
635,636,234,1170000000000,1170035298152,1170070595341,35298152,35297189,70595341,YES
635,636,235,1175000000000,1175035130302,1175070259720,35130302,35129418,70259720,YES
635,636,236,1180000000000,1180035108231,1180070078126,35108231,34969895,70078126,YES
635,636,237,1185000000000,1185034820032,1185069639342,34820032,34819310,69639342,YES
635,636,238,1190000000000,1190034678957,1190069357273,34678957,34678316,69357273,YES
635,636,239,1195000000000,1195034548165,1195069095779,34548165,34547614,69095779,YES
636,637,0,0,54126245,108251130,54126245,54124885,108251130,YES
636,637,1,5000000000,5057760745,5111900156,57760745,54139411,111900156,YES
636,637,2,10000000000,10033127131,10066253150,33127131,33126019,66253150,YES
636,637,3,15000000000,15033030517,15066060008,33030517,33029491,66060008,YES
636,637,4,20000000000,20032944266,20065887583,32944266,32943317,65887583,YES
636,637,5,25000000000,25032868662,25065736462,32868662,32867800,65736462,YES
636,637,6,30000000000,30028679782,30057358888,28679782,28679106,57358888,YES
636,637,7,35000000000,35028523111,35061035011,28523111,32511900,61035011,YES
636,637,8,40000000000,40028375470,40056750428,28375470,28374958,56750428,YES
636,637,9,45000000000,45028237193,45056473954,28237193,28236761,56473954,YES
636,637,10,50000000000,50028108552,50056216753,28108552,28108201,56216753,YES
636,637,11,55000000000,55027989768,55055979282,27989768,27989514,55979282,YES
636,637,12,60000000000,60027880993,60055761804,27880993,27880811,55761804,YES
636,637,13,65000000000,65027782323,65055564542,27782323,27782219,55564542,YES
636,637,14,70000000000,70073415699,70155732559,73415699,82316860,155732559,YES
636,637,15,75000000000,75069381747,75138231703,69381747,68849956,138231703,YES
636,637,16,80000000000,80068780040,80137559955,68780040,68779915,137559955,YES
636,637,17,85000000000,85068722664,85137445414,68722664,68722750,137445414,YES
636,637,18,90000000000,90068678474,90137357246,68678474,68678772,137357246,YES
636,637,19,95000000000,95070840736,95142113686,70840736,71272950,142113686,YES
636,637,20,100000000000,100140872570,100210955600,140872570,70083030,210955600,YES
636,637,21,105000000000,105078309845,105146937680,78309845,68627835,146937680,YES
636,637,22,110000000000,110068637053,110137275200,68637053,68638147,137275200,YES
636,637,23,115000000000,115068660809,115137322893,68660809,68662084,137322893,YES
636,637,24,120000000000,120068698077,120148053260,68698077,79355183,148053260,YES
636,637,25,125000000000,125068748681,125146117899,68748681,77369218,146117899,YES
636,637,26,130000000000,130018732065,130037464640,18732065,18732575,37464640,YES
636,637,27,135000000000,135018793875,135037588293,18793875,18794418,37588293,YES
636,637,28,140000000000,140018866318,140037733213,18866318,18866895,37733213,YES
636,637,29,145000000000,145018949223,145037899050,18949223,18949827,37899050,YES
636,637,30,150000000000,150044621577,150089242519,44621577,44620942,89242519,YES
636,637,31,155000000000,155044594361,155089188172,44594361,44593811,89188172,YES
636,637,32,160000000000,160044579103,160089157750,44579103,44578647,89157750,YES
636,637,33,165000000000,165044575883,165089151403,44575883,44575520,89151403,YES
636,637,34,170000000000,170044584695,170089169123,44584695,44584428,89169123,YES
636,637,35,175000000000,175044605466,175089616218,44605466,45010752,89616218,YES
636,637,36,180000000000,180044638048,180089276028,44638048,44637980,89276028,YES
636,637,37,185000000000,185044682225,185089364485,44682225,44682260,89364485,YES
636,637,38,190000000000,190044737732,190089475598,44737732,44737866,89475598,YES
636,637,39,195000000000,195044804245,195091679899,44804245,46875654,91679899,YES
636,637,40,200000000000,200047375067,200092256863,47375067,44881796,92256863,YES
636,637,41,205000000000,205044968829,205089938101,44968829,44969272,89938101,YES
636,637,42,210000000000,210046267707,210091334372,46267707,45066665,91334372,YES
636,637,43,215000000000,215045165503,215090331359,45165503,45165856,90331359,YES
636,637,44,220000000000,220058229232,220114814925,58229232,56585693,114814925,YES
636,637,45,225000000000,225054808361,225109614900,54808361,54806539,109614900,YES
636,637,46,230000000000,230033102982,230066204544,33102982,33101562,66204544,YES
636,637,47,235000000000,235032969128,235065936881,32969128,32967753,65936881,YES
636,637,48,240000000000,240032843935,240065686550,32843935,32842615,65686550,YES
636,637,49,245000000000,245032727721,245065454178,32727721,32726457,65454178,YES
636,637,50,250000000000,250032620799,250065240398,32620799,32619599,65240398,YES
636,637,51,255000000000,255032523473,255065045821,32523473,32522348,65045821,YES
636,637,52,260000000000,260032436031,260064871009,32436031,32434978,64871009,YES
636,637,53,265000000000,265032358743,265065241316,32358743,32882573,65241316,YES
636,637,54,270000000000,270044653265,270089305856,44653265,44652591,89305856,YES
636,637,55,275000000000,275028062309,275056123909,28062309,28061600,56123909,YES
636,637,56,280000000000,280027907893,280055815155,27907893,27907262,55815155,YES
636,637,57,285000000000,285027762985,285055525422,27762985,27762437,55525422,YES
636,637,58,290000000000,290027628034,290056353663,27628034,28725629,56353663,YES
636,637,59,295000000000,295028103783,295056507250,28103783,28403467,56507250,YES
636,637,60,300000000000,300048590147,300075978790,48590147,27388643,75978790,YES
636,637,61,305000000000,305027286269,305054572309,27286269,27286040,54572309,YES
636,637,62,310000000000,310027194165,310054388181,27194165,27194016,54388181,YES
636,637,63,315000000000,315068796699,315137593341,68796699,68796642,137593341,YES
636,637,64,320000000000,320068745245,320140918790,68745245,72173545,140918790,YES
636,637,65,325000000000,325068707157,325141350854,68707157,72643697,141350854,YES
636,637,66,330000000000,330068682589,330137365757,68682589,68683168,137365757,YES
636,637,67,335000000000,335068671623,335142857809,68671623,74186186,142857809,YES
636,637,68,340000000000,340068674267,340137349514,68674267,68675247,137349514,YES
636,637,69,345000000000,345068690463,345137382093,68690463,68691630,137382093,YES
636,637,70,350000000000,350068720084,350137441513,68720084,68721429,137441513,YES
636,637,71,355000000000,355068762945,355137527407,68762945,68764462,137527407,YES
636,637,72,360000000000,360068818803,360137639280,68818803,68820477,137639280,YES
636,637,73,365000000000,365085546614,365154436053,85546614,68889439,154436053,YES
636,637,74,370000000000,370068968281,370137938526,68968281,68970245,137938526,YES
636,637,75,375000000000,375018674525,375037349622,18674525,18675097,37349622,YES
636,637,76,380000000000,380018744374,380037489347,18744374,18744973,37489347,YES
636,637,77,385000000000,385018823670,385037647979,18823670,18824309,37647979,YES
636,637,78,390000000000,390018912295,390037825251,18912295,18912956,37825251,YES
636,637,79,395000000000,395044856275,395089711866,44856275,44855591,89711866,YES
636,637,80,400000000000,400052418599,400097307258,52418599,44888659,97307258,YES
636,637,81,405000000000,405044799294,405089598070,44799294,44798776,89598070,YES
636,637,82,410000000000,410044787964,410089575501,44787964,44787537,89575501,YES
636,637,83,415000000000,415044788174,415090739961,44788174,45951787,90739961,YES
636,637,84,420000000000,420044799917,420089599587,44799917,44799670,89599587,YES
636,637,85,425000000000,425044823112,425089646074,44823112,44822962,89646074,YES
636,637,86,430000000000,430044857628,430089715204,44857628,44857576,89715204,YES
636,637,87,435000000000,435044903265,435089806579,44903265,44903314,89806579,YES
636,637,88,440000000000,440044959782,440089919714,44959782,44959932,89919714,YES
636,637,89,445000000000,445045025115,445093284895,45025115,48259780,93284895,YES
636,637,90,450000000000,450054269478,450108537080,54269478,54267602,108537080,YES
636,637,91,455000000000,455054234814,455108467822,54234814,54233008,108467822,YES
636,637,92,460000000000,460032865390,460065729340,32865390,32863950,65729340,YES
636,637,93,465000000000,465032728420,465065455446,32728420,32727026,65455446,YES
636,637,94,470000000000,470032600291,470065199259,32600291,32598968,65199259,YES
636,637,95,475000000000,475032481327,475064961380,32481327,32480053,64961380,YES
636,637,96,480000000000,480032371824,480064742436,32371824,32370612,64742436,YES
636,637,97,485000000000,485032272081,485064543012,32272081,32270931,64543012,YES
636,637,98,490000000000,490032182378,490065164187,32182378,32981809,65164187,YES
636,637,99,495000000000,495032102982,495064204955,32102982,32101973,64204955,YES
636,637,100,500000000000,500033026934,500065060115,33026934,32033181,65060115,YES
636,637,101,505000000000,505044469453,505088938311,44469453,44468858,88938311,YES
636,637,102,510000000000,510046779568,510091239675,46779568,44460107,91239675,YES
636,637,103,515000000000,515044463548,515088926750,44463548,44463202,88926750,YES
636,637,104,520000000000,520027667986,520055335469,27667986,27667483,55335469,YES
636,637,105,525000000000,525027540964,525055081505,27540964,27540541,55081505,YES
636,637,106,530000000000,530027424516,530054848693,27424516,27424177,54848693,YES
636,637,107,535000000000,535027318889,535054637518,27318889,27318629,54637518,YES
636,637,108,540000000000,540027224257,540055593678,27224257,28369421,55593678,YES
636,637,109,545000000000,545072052480,545142442949,72052480,70390469,142442949,YES
636,637,110,550000000000,550068823683,550137647468,68823683,68823785,137647468,YES
636,637,111,555000000000,555068784235,555141360256,68784235,72576021,141360256,YES
636,637,112,560000000000,560073826514,560152919411,73826514,79092897,152919411,YES
636,637,113,565000000000,565068745770,565148542027,68745770,79796257,148542027,YES
636,637,114,570000000000,570068746840,570147884119,68746840,79137279,147884119,YES
636,637,115,575000000000,575078391840,575157733380,78391840,79341540,157733380,YES
636,637,116,580000000000,580068789221,580137579771,68789221,68790550,137579771,YES
636,637,117,585000000000,585068830209,585141189944,68830209,72359735,141189944,YES
636,637,118,590000000000,590072635975,590146286435,72635975,73650460,146286435,YES
636,637,119,595000000000,595068950533,595137902890,68950533,68952357,137902890,YES
636,637,120,600000000000,600069029236,600138060444,69029236,69031208,138060444,YES
636,637,121,605000000000,605018765282,605037531143,18765282,18765861,37531143,YES
636,637,122,610000000000,610018833737,610037668084,18833737,18834347,37668084,YES
636,637,123,615000000000,615018911445,615037823526,18911445,18912081,37823526,YES
636,637,124,620000000000,620018998256,620037997170,18998256,18998914,37997170,YES
636,637,125,625000000000,625019093994,625038188672,19093994,19094678,38188672,YES
636,637,126,630000000000,630045051803,630092797179,45051803,47745376,92797179,YES
636,637,127,635000000000,635045025555,635090050559,45025555,45025004,90050559,YES
636,637,128,640000000000,640045010255,640090020046,45010255,45009791,90020046,YES
636,637,129,645000000000,645045005993,645090011611,45005993,45005618,90011611,YES
636,637,130,650000000000,650045012789,650090025298,45012789,45012509,90025298,YES
636,637,131,655000000000,655045030622,655090061055,45030622,45030433,90061055,YES
636,637,132,660000000000,660045059396,660090118700,45059396,45059304,90118700,YES
636,637,133,665000000000,665046598698,665091697682,46598698,45098984,91697682,YES
636,637,134,670000000000,670045149157,670090298416,45149157,45149259,90298416,YES
636,637,135,675000000000,675040347860,675080695091,40347860,40347231,80695091,YES
636,637,136,680000000000,680033428242,680066854908,33428242,33426666,66854908,YES
636,637,137,685000000000,685033253591,685066505660,33253591,33252069,66505660,YES
636,637,138,690000000000,690033086938,690066172403,33086938,33085465,66172403,YES
636,637,139,695000000000,695032928731,695065856037,32928731,32927306,65856037,YES
636,637,140,700000000000,700032779409,700065557441,32779409,32778032,65557441,YES
636,637,141,705000000000,705032639403,705065277497,32639403,32638094,65277497,YES
636,637,142,710000000000,710032509138,710065017020,32509138,32507882,65017020,YES
636,637,143,715000000000,715032389009,715064776829,32389009,32387820,64776829,YES
636,637,144,720000000000,720032279402,720064557680,32279402,32278278,64557680,YES
636,637,145,725000000000,725032180666,725064945089,32180666,32764423,64945089,YES
636,637,146,730000000000,730036461563,730069599284,36461563,33137721,69599284,YES
636,637,147,735000000000,735032017023,735064033151,32017023,32016128,64033151,YES
636,637,148,740000000000,740033424608,740065376384,33424608,31951776,65376384,YES
636,637,149,745000000000,745031900017,745063799311,31900017,31899294,63799311,YES
636,637,150,750000000000,750031859342,750063718050,31859342,31858708,63718050,YES
636,637,151,755000000000,755033975537,755065805571,33975537,31830034,65805571,YES
636,637,152,760000000000,760031813664,760063626872,31813664,31813208,63626872,YES
636,637,153,765000000000,765031808391,765063616418,31808391,31808027,63616418,YES
636,637,154,770000000000,770031814499,770063628737,31814499,31814238,63628737,YES
636,637,155,775000000000,775028424100,775056222800,28424100,27798700,56222800,YES
636,637,156,780000000000,780070300080,780189840695,70300080,119540615,189840695,YES
636,637,157,785000000000,785069077750,785213242015,69077750,144164265,213242015,YES
636,637,158,790000000000,790069007168,790170542031,69007168,101534863,170542031,YES
636,637,159,795000000000,795068949422,795151083204,68949422,82133782,151083204,YES
636,637,160,800000000000,800068904792,800154120578,68904792,85215786,154120578,YES
636,637,161,805000000000,805068873472,805137747365,68873472,68873893,137747365,YES
636,637,162,810000000000,810076293077,810145182862,76293077,68889785,145182862,YES
636,637,163,815000000000,815076163662,815145507774,76163662,69344112,145507774,YES
636,637,164,820000000000,820068893622,820137788298,68893622,68894676,137788298,YES
636,637,165,825000000000,825068915809,825137832864,68915809,68917055,137832864,YES
636,637,166,830000000000,830073672150,830142624691,73672150,68952541,142624691,YES
636,637,167,835000000000,835071631103,835140631904,71631103,69000801,140631904,YES
636,637,168,840000000000,840070897076,840143002513,70897076,72105437,143002513,YES
636,637,169,845000000000,845019120466,845038241470,19120466,19121004,38241470,YES
636,637,170,850000000000,850019193211,850038387006,19193211,19193795,38387006,YES
636,637,171,855000000000,855019275715,855038552047,19275715,19276332,38552047,YES
636,637,172,860000000000,860019367697,860038736043,19367697,19368346,38736043,YES
636,637,173,865000000000,865019468857,865038938389,19468857,19469532,38938389,YES
636,637,174,870000000000,870019578876,870039158453,19578876,19579577,39158453,YES
636,637,175,875000000000,875019697414,875039395550,19697414,19698136,39395550,YES
636,637,176,880000000000,880045213855,880092349931,45213855,47136076,92349931,YES
636,637,177,885000000000,885045224950,885090449654,45224950,45224704,90449654,YES
636,637,178,890000000000,890045246584,890093529205,45246584,48282621,93529205,YES
636,637,179,895000000000,895040447042,895080893233,40447042,40446191,80893233,YES
636,637,180,900000000000,900040328269,900080655776,40328269,40327507,80655776,YES
636,637,181,905000000000,905040219634,905080438593,40219634,40218959,80438593,YES
636,637,182,910000000000,910040121424,910080242263,40121424,40120839,80242263,YES
636,637,183,915000000000,915040033880,915080067264,40033880,40033384,80067264,YES
636,637,184,920000000000,920032983119,920065964656,32983119,32981537,65964656,YES
636,637,185,925000000000,925034436548,925067246765,34436548,32810217,67246765,YES
636,637,186,930000000000,930033363958,930066011058,33363958,32647100,66011058,YES
636,637,187,935000000000,935032943389,935065435858,32943389,32492469,65435858,YES
636,637,188,940000000000,940032348088,940064694758,32348088,32346670,64694758,YES
636,637,189,945000000000,945032211421,945064421467,32211421,32210046,64421467,YES
636,637,190,950000000000,950032084240,950064167169,32084240,32082929,64167169,YES
636,637,191,955000000000,955031966842,955063932428,31966842,31965586,63932428,YES
636,637,192,960000000000,960031859496,960066847198,31859496,34987702,66847198,YES
636,637,193,965000000000,965031762445,965066318206,31762445,34555761,66318206,YES
636,637,194,970000000000,970031675917,970063350758,31675917,31674841,63350758,YES
636,637,195,975000000000,975031600113,975063199224,31600113,31599111,63199224,YES
636,637,196,980000000000,980044196255,980088391794,44196255,44195539,88391794,YES
636,637,197,985000000000,985044175665,985088350731,44175665,44175066,88350731,YES
636,637,198,990000000000,990044167201,990088333923,44167201,44166722,88333923,YES
636,637,199,995000000000,995044171014,995088341676,44171014,44170662,88341676,YES
636,637,200,1000000000000,1000044187186,1000088374150,44187186,44186964,88374150,YES
636,637,201,1005000000000,1005044215709,1005088431329,44215709,44215620,88431329,YES
636,637,202,1010000000000,1010045621279,1010089877824,45621279,44256545,89877824,YES
636,637,203,1015000000000,1015024922347,1015047728830,24922347,22806483,47728830,YES
636,637,204,1020000000000,1020069238254,1020144066234,69238254,74827980,144066234,YES
636,637,205,1025000000000,1025069078874,1025138157658,69078874,69078784,138157658,YES
636,637,206,1030000000000,1030069033061,1030143242740,69033061,74209679,143242740,YES
636,637,207,1035000000000,1035069000413,1035141319857,69000413,72319444,141319857,YES
636,637,208,1040000000000,1040068981052,1040145160059,68981052,76179007,145160059,YES
636,637,209,1045000000000,1045070202132,1045139177949,70202132,68975817,139177949,YES
636,637,210,1050000000000,1050071552443,1050148735518,71552443,77183075,148735518,YES
636,637,211,1055000000000,1055069002624,1055145525085,69002624,76522461,145525085,YES
636,637,212,1060000000000,1060069035963,1060144730323,69035963,75694360,144730323,YES
636,637,213,1065000000000,1065069082022,1065138165640,69082022,69083618,138165640,YES
636,637,214,1070000000000,1070069140506,1070138282780,69140506,69142274,138282780,YES
636,637,215,1075000000000,1075069211099,1075139248543,69211099,70037444,139248543,YES
636,637,216,1080000000000,1080079894186,1080154174512,79894186,74280326,154174512,YES
636,637,217,1085000000000,1085083883336,1085153273000,83883336,69389664,153273000,YES
636,637,218,1090000000000,1090082492667,1090161515159,82492667,79022492,161515159,YES
636,637,219,1095000000000,1095019229315,1095038459269,19229315,19229954,38459269,YES
636,637,220,1100000000000,1100019318699,1100038638077,19318699,19319378,38638077,YES
636,637,221,1105000000000,1105019416390,1105038833482,19416390,19417092,38833482,YES
636,637,222,1110000000000,1110020821309,1110041642532,20821309,20821223,41642532,YES
636,637,223,1115000000000,1115020817865,1115041635683,20817865,20817818,41635683,YES
636,637,224,1120000000000,1120020824711,1120041649413,20824711,20824702,41649413,YES
636,637,225,1125000000000,1125070148526,1125140297551,70148526,70149025,140297551,YES
636,637,226,1130000000000,1130070115345,1130145857793,70115345,75742448,145857793,YES
636,637,227,1135000000000,1135072404727,1135142420921,72404727,70016194,142420921,YES
636,637,228,1140000000000,1140073956156,1140143884569,73956156,69928413,143884569,YES
636,637,229,1145000000000,1145075889861,1145145741439,75889861,69851578,145741439,YES
636,637,230,1150000000000,1150073511538,1150143297523,73511538,69785985,143297523,YES
636,637,231,1155000000000,1155033159668,1155066317752,33159668,33158084,66317752,YES
636,637,232,1160000000000,1160032974135,1160065946727,32974135,32972592,65946727,YES
636,637,233,1165000000000,1165036147740,1165068942733,36147740,32794993,68942733,YES
636,637,234,1170000000000,1170034005652,1170066631746,34005652,32626094,66631746,YES
636,637,235,1175000000000,1175032467597,1175064933792,32467597,32466195,64933792,YES
636,637,236,1180000000000,1180032317074,1180064632794,32317074,32315720,64632794,YES
636,637,237,1185000000000,1185032176499,1185064351694,32176499,32175195,64351694,YES
636,637,238,1190000000000,1190032046295,1190064091354,32046295,32045059,64091354,YES
636,637,239,1195000000000,1195034936037,1195066861650,34936037,31925613,66861650,YES
637,638,0,0,52060824,104124077,52060824,52063253,104124077,YES
637,638,1,5000000000,5052282827,5104568144,52282827,52285317,104568144,YES
637,638,2,10000000000,10032561482,10065122898,32561482,32561416,65122898,YES
637,638,3,15000000000,15032489977,15064979946,32489977,32489969,64979946,YES
637,638,4,20000000000,20032428903,20064857858,32428903,32428955,64857858,YES
637,638,5,25000000000,25032378491,25064757090,32378491,32378599,64757090,YES
637,638,6,30000000000,30037359937,30073516841,37359937,36156904,73516841,YES
637,638,7,35000000000,35037543113,35073547175,37543113,36004062,73547175,YES
637,638,8,40000000000,40035861682,40071722016,35861682,35860334,71722016,YES
637,638,9,45000000000,45035727228,45071453146,35727228,35725918,71453146,YES
637,638,10,50000000000,50035602416,50071203559,35602416,35601143,71203559,YES
637,638,11,55000000000,55035487458,55070973686,35487458,35486228,70973686,YES
637,638,12,60000000000,60035382532,60070763880,35382532,35381348,70763880,YES
637,638,13,65000000000,65035287771,65070574427,35287771,35286656,70574427,YES
637,638,14,70000000000,70035203270,70070405476,35203270,35202206,70405476,YES
637,638,15,75000000000,75035129080,75070257159,35129080,35128079,70257159,YES
637,638,16,80000000000,80035065257,80070129572,35065257,35064315,70129572,YES
637,638,17,85000000000,85035011809,85070022743,35011809,35010934,70022743,YES
637,638,18,90000000000,90035748606,90071496090,35748606,35747484,71496090,YES
637,638,19,95000000000,95035573770,95071146508,35573770,35572738,71146508,YES
637,638,20,100000000000,100035409133,100070817307,35409133,35408174,70817307,YES
637,638,21,105000000000,105035319880,105070574348,35319880,35254468,70574348,YES
637,638,22,110000000000,110035113028,110070225266,35113028,35112238,70225266,YES
637,638,23,115000000000,115034982756,115069964821,34982756,34982065,69964821,YES
637,638,24,120000000000,120034865054,120069729509,34865054,34864455,69729509,YES
637,638,25,125000000000,125034760354,125069520201,34760354,34759847,69520201,YES
637,638,26,130000000000,130071955933,130211040400,71955933,139084467,211040400,YES
637,638,27,135000000000,135071938589,135145096626,71938589,73158037,145096626,YES
637,638,28,140000000000,140071936474,140151985962,71936474,80049488,151985962,YES
637,638,29,145000000000,145071949783,145157184182,71949783,85234399,157184182,YES
637,638,30,150000000000,150071978569,150143957481,71978569,71978912,143957481,YES
637,638,31,155000000000,155072022751,155144046063,72022751,72023312,144046063,YES
637,638,32,160000000000,160072082118,160144165019,72082118,72082901,144165019,YES
637,638,33,165000000000,165050369978,165100741005,50369978,50371027,100741005,YES
637,638,34,170000000000,170050433583,170100868350,50433583,50434767,100868350,YES
637,638,35,175000000000,175050510139,175101021589,50510139,50511450,101021589,YES
637,638,36,180000000000,180050599710,180101200867,50599710,50601157,101200867,YES
637,638,37,185000000000,185050702305,185101406170,50702305,50703865,101406170,YES
637,638,38,190000000000,190050817864,190101637395,50817864,50819531,101637395,YES
637,638,39,195000000000,195050946240,195101894258,50946240,50948018,101894258,YES
637,638,40,200000000000,200051087239,200102176357,51087239,51089118,102176357,YES
637,638,41,205000000000,205051240587,205102483153,51240587,51242566,102483153,YES
637,638,42,210000000000,210051405918,210102813908,51405918,51407990,102813908,YES
637,638,43,215000000000,215051582835,215103167821,51582835,51584986,103167821,YES
637,638,44,220000000000,220051770852,220103543939,51770852,51773087,103543939,YES
637,638,45,225000000000,225051969457,225103941225,51969457,51971768,103941225,YES
637,638,46,230000000000,230033987209,230067974414,33987209,33987205,67974414,YES
637,638,47,235000000000,235034029068,235068058207,34029068,34029139,68058207,YES
637,638,48,240000000000,240034081520,240068163178,34081520,34081658,68163178,YES
637,638,49,245000000000,245032317576,245064635141,32317576,32317565,64635141,YES
637,638,50,250000000000,250032254400,250064508851,32254400,32254451,64508851,YES
637,638,51,255000000000,255032201934,255064403982,32201934,32202048,64403982,YES
637,638,52,260000000000,260032160356,260064320886,32160356,32160530,64320886,YES
637,638,53,265000000000,265032129790,265064259813,32129790,32130023,64259813,YES
637,638,54,270000000000,270070594465,270141189165,70594465,70594700,141189165,YES
637,638,55,275000000000,275036167781,275071984621,36167781,35816840,71984621,YES
637,638,56,280000000000,280035691055,280071380848,35691055,35689793,71380848,YES
637,638,57,285000000000,285035573646,285071146071,35573646,35572425,71146071,YES
637,638,58,290000000000,290035466111,290070931047,35466111,35464936,70931047,YES
637,638,59,295000000000,295035368601,295070736078,35368601,35367477,70736078,YES
637,638,60,300000000000,300035281232,300093832707,35281232,58551475,93832707,YES
637,638,61,305000000000,305035204078,305070407149,35204078,35203071,70407149,YES
637,638,62,310000000000,310035137171,310070273403,35137171,35136232,70273403,YES
637,638,63,315000000000,315035080554,315070160229,35080554,35079675,70160229,YES
637,638,64,320000000000,320037462142,320072495522,37462142,35033380,72495522,YES
637,638,65,325000000000,325039034325,325074031723,39034325,34997398,74031723,YES
637,638,66,330000000000,330035426653,330070852322,35426653,35425669,70852322,YES
637,638,67,335000000000,335035253009,335070505094,35253009,35252085,70505094,YES
637,638,68,340000000000,340035089233,340070177629,35089233,35088396,70177629,YES
637,638,69,345000000000,345034935921,345069871101,34935921,34935180,69871101,YES
637,638,70,350000000000,350034793638,350069586622,34793638,34792984,69586622,YES
637,638,71,355000000000,355034662913,355069325260,34662913,34662347,69325260,YES
637,638,72,360000000000,360034544224,360069087976,34544224,34543752,69087976,YES
637,638,73,365000000000,365034437982,365068875581,34437982,34437599,68875581,YES
637,638,74,370000000000,370034344521,370068688749,34344521,34344228,68688749,YES
637,638,75,375000000000,375073903343,375155713822,73903343,81810479,155713822,YES
637,638,76,380000000000,380072036891,380144073416,72036891,72036525,144073416,YES
637,638,77,385000000000,385073543604,385145572342,73543604,72028738,145572342,YES
637,638,78,390000000000,390072065016,390144101128,72065016,72036112,144101128,YES
637,638,79,395000000000,395072058527,395144117305,72058527,72058778,144117305,YES
637,638,80,400000000000,400072096265,400148455738,72096265,76359473,148455738,YES
637,638,81,405000000000,405050258780,405100518419,50258780,50259639,100518419,YES
637,638,82,410000000000,410050322743,410100646475,50322743,50323732,100646475,YES
637,638,83,415000000000,415050400182,415100801485,50400182,50401303,100801485,YES
637,638,84,420000000000,420050491225,420100983702,50491225,50492477,100983702,YES
637,638,85,425000000000,425050595907,425101193183,50595907,50597276,101193183,YES
637,638,86,430000000000,430050714148,430101429791,50714148,50715643,101429791,YES
637,638,87,435000000000,435050845779,435101693167,50845779,50847388,101693167,YES
637,638,88,440000000000,440050990524,440101982763,50990524,50992239,101982763,YES
637,638,89,445000000000,445051292652,445102442509,51292652,51149857,102442509,YES
637,638,90,450000000000,450051317819,450102637571,51317819,51319752,102637571,YES
637,638,91,455000000000,455051499396,455103000824,51499396,51501428,103000824,YES
637,638,92,460000000000,460034983294,460068768530,34983294,33785236,68768530,YES
637,638,93,465000000000,465035442683,465069265876,35442683,33823193,69265876,YES
637,638,94,470000000000,470033872138,470067744394,33872138,33872256,67744394,YES
637,638,95,475000000000,475033931875,475067863936,33931875,33932061,67863936,YES
637,638,96,480000000000,480034001900,480068004066,34001900,34002166,68004066,YES
637,638,97,485000000000,485034081738,485068163810,34081738,34082072,68163810,YES
637,638,98,490000000000,490031844190,490063688540,31844190,31844350,63688540,YES
637,638,99,495000000000,495031791961,495063584141,31791961,31792180,63584141,YES
637,638,100,500000000000,500035287548,500067460323,35287548,32172775,67460323,YES
637,638,101,505000000000,505070911990,505146221649,70911990,75309659,146221649,YES
637,638,102,510000000000,510070888208,510153283703,70888208,82395495,153283703,YES
637,638,103,515000000000,515070877052,515141754769,70877052,70877717,141754769,YES
637,638,104,520000000000,520035313319,520070625470,35313319,35312151,70625470,YES
637,638,105,525000000000,525035190137,525070379155,35190137,35189018,70379155,YES
637,638,106,530000000000,530038614615,530073690522,38614615,35075907,73690522,YES
637,638,107,535000000000,535036511926,535071485199,36511926,34973273,71485199,YES
637,638,108,540000000000,540034882169,540069763374,34882169,34881205,69763374,YES
637,638,109,545000000000,545034800784,545069600666,34800784,34799882,69600666,YES
637,638,110,550000000000,550034730292,550069459756,34730292,34729464,69459756,YES
637,638,111,555000000000,555034670777,555069340788,34670777,34670011,69340788,YES
637,638,112,560000000000,560034622280,560069243864,34622280,34621584,69243864,YES
637,638,113,565000000000,565035273673,565070546407,35273673,35272734,70546407,YES
637,638,114,570000000000,570035106311,570070211770,35106311,35105459,70211770,YES
637,638,115,575000000000,575034948955,575069897151,34948955,34948196,69897151,YES
637,638,116,580000000000,580034802171,580069603667,34802171,34801496,69603667,YES
637,638,117,585000000000,585034666506,585069332412,34666506,34665906,69332412,YES
637,638,118,590000000000,590034542444,590069084379,34542444,34541935,69084379,YES
637,638,119,595000000000,595034430446,595068860470,34430446,34430024,68860470,YES
637,638,120,600000000000,600034330895,600068661448,34330895,34330553,68661448,YES
637,638,121,605000000000,605079379599,605151561334,79379599,72181735,151561334,YES
637,638,122,610000000000,610074954707,610156380485,74954707,81425778,156380485,YES
637,638,123,615000000000,615072149370,615154727260,72149370,82577890,154727260,YES
637,638,124,620000000000,620073900930,620146056067,73900930,72155137,146056067,YES
637,638,125,625000000000,625074358770,625146534893,74358770,72176123,146534893,YES
637,638,126,630000000000,630072211740,630144423913,72211740,72212173,144423913,YES
637,638,127,635000000000,635072262597,635144525830,72262597,72263233,144525830,YES
637,638,128,640000000000,640072328233,640144963261,72328233,72635028,144963261,YES
637,638,129,645000000000,645050890072,645101781180,50890072,50891108,101781180,YES
637,638,130,650000000000,650050952492,650101906151,50952492,50953659,101906151,YES
637,638,131,655000000000,655051027198,655102055681,51027198,51028483,102055681,YES
637,638,132,660000000000,660051114354,660102230111,51114354,51115757,102230111,YES
637,638,133,665000000000,665051214056,665102429623,51214056,51215567,102429623,YES
637,638,134,670000000000,670051326337,670102654303,51326337,51327966,102654303,YES
637,638,135,675000000000,675033663246,675067326004,33663246,33662758,67326004,YES
637,638,136,680000000000,680033619043,680067237663,33619043,33618620,67237663,YES
637,638,137,685000000000,685033605810,685067686498,33605810,34080688,67686498,YES
637,638,138,690000000000,690033567381,690069168111,33567381,35600730,69168111,YES
637,638,139,695000000000,695033560214,695067120213,33560214,33559999,67120213,YES
637,638,140,700000000000,700033565502,700067130862,33565502,33565360,67130862,YES
637,638,141,705000000000,705033583125,705067166182,33583125,33583057,67166182,YES
637,638,142,710000000000,710033612864,710067225734,33612864,33612870,67225734,YES
637,638,143,715000000000,715033654415,715067308908,33654415,33654493,67308908,YES
637,638,144,720000000000,720033707403,720067414958,33707403,33707555,67414958,YES
637,638,145,725000000000,725036609043,725070380705,36609043,33771662,70380705,YES
637,638,146,730000000000,730035286712,730069132956,35286712,33846244,69132956,YES
637,638,147,735000000000,735031846430,735063693022,31846430,31846592,63693022,YES
637,638,148,740000000000,740031808647,740064064237,31808647,32255590,64064237,YES
637,638,149,745000000000,745031782046,745063564382,31782046,31782336,63564382,YES
637,638,150,750000000000,750031766632,750063533616,31766632,31766984,63533616,YES
637,638,151,755000000000,755031762357,755063525124,31762357,31762767,63525124,YES
637,638,152,760000000000,760031769111,760063538689,31769111,31769578,63538689,YES
637,638,153,765000000000,765031786737,765063573994,31786737,31787257,63573994,YES
637,638,154,770000000000,770031815013,770063630593,31815013,31815580,63630593,YES
637,638,155,775000000000,775035518886,775072050675,35518886,36531789,72050675,YES
637,638,156,780000000000,780035433123,780070865236,35433123,35432113,70865236,YES
637,638,157,785000000000,785035357336,785070713716,35357336,35356380,70713716,YES
637,638,158,790000000000,790038829166,790074119789,38829166,35290623,74119789,YES
637,638,159,795000000000,795036238945,795072107114,36238945,35868169,72107114,YES
637,638,160,800000000000,800035683724,800071366378,35683724,35682654,71366378,YES
637,638,161,805000000000,805035506943,805071012874,35506943,35505931,71012874,YES
637,638,162,810000000000,810035373182,810070745423,35373182,35372241,70745423,YES
637,638,163,815000000000,815035215854,815070430849,35215854,35214995,70430849,YES
637,638,164,820000000000,820035069162,820070137528,35069162,35068366,70137528,YES
637,638,165,825000000000,825034933668,825069866625,34933668,34932957,69866625,YES
637,638,166,830000000000,830034809906,830069619182,34809906,34809276,69619182,YES
637,638,167,835000000000,835034698353,835069396163,34698353,34697810,69396163,YES
637,638,168,840000000000,840034565813,840069131159,34565813,34565346,69131159,YES
637,638,169,845000000000,845072225565,845148959678,72225565,76734113,148959678,YES
637,638,170,850000000000,850072223686,850144447323,72223686,72223637,144447323,YES
637,638,171,855000000000,855072236600,855144473342,72236600,72236742,144473342,YES
637,638,172,860000000000,860072804575,860145069292,72804575,72264717,145069292,YES
637,638,173,865000000000,865076812339,865152597039,76812339,75784700,152597039,YES
637,638,174,870000000000,870074835663,870151046857,74835663,76211194,151046857,YES
637,638,175,875000000000,875072435806,875183595188,72435806,111159382,183595188,YES
637,638,176,880000000000,880051219682,880102440483,51219682,51220801,102440483,YES
637,638,177,885000000000,885051289648,885102580534,51289648,51290886,102580534,YES
637,638,178,890000000000,890051371671,890102744696,51371671,51373025,102744696,YES
637,638,179,895000000000,895033681434,895067362211,33681434,33680777,67362211,YES
637,638,180,900000000000,900033606874,900067213150,33606874,33606276,67213150,YES
637,638,181,905000000000,905033543788,905067087043,33543788,33543255,67087043,YES
637,638,182,910000000000,910033492647,910066984826,33492647,33492179,66984826,YES
637,638,183,915000000000,915033453828,915066907257,33453828,33453429,66907257,YES
637,638,184,920000000000,920033427610,920067292878,33427610,33865268,67292878,YES
637,638,185,925000000000,925033414161,925071146164,33414161,37732003,71146164,YES
637,638,186,930000000000,930033413537,930066826899,33413537,33413362,66826899,YES
637,638,187,935000000000,935033425679,935066851261,33425679,33425582,66851261,YES
637,638,188,940000000000,940033450418,940066900818,33450418,33450400,66900818,YES
637,638,189,945000000000,945033487488,945066975036,33487488,33487548,66975036,YES
637,638,190,950000000000,950033536537,950067073212,33536537,33536675,67073212,YES
637,638,191,955000000000,955033597139,955067194493,33597139,33597354,67194493,YES
637,638,192,960000000000,960033668813,960067337915,33668813,33669102,67337915,YES
637,638,193,965000000000,965033751033,965067502435,33751033,33751402,67502435,YES
637,638,194,970000000000,970031673397,970063347025,31673397,31673628,63347025,YES
637,638,195,975000000000,975031644829,975063289955,31644829,31645126,63289955,YES
637,638,196,980000000000,980070196778,980140393828,70196778,70197050,140393828,YES
637,638,197,985000000000,985070184782,985140370007,70184782,70185225,140370007,YES
637,638,198,990000000000,990070186148,990140372907,70186148,70186759,140372907,YES
637,638,199,995000000000,995070200808,995140402390,70200808,70201582,140402390,YES
637,638,200,1000000000000,1000070228627,1000140458191,70228627,70229564,140458191,YES
637,638,201,1005000000000,1005070269397,1005140539882,70269397,70270485,140539882,YES
637,638,202,1010000000000,1010070322848,1010152782712,70322848,82459864,152782712,YES
637,638,203,1015000000000,1015070388647,1015150534307,70388647,80145660,150534307,YES
637,638,204,1020000000000,1020035148504,1020070296274,35148504,35147770,70296274,YES
637,638,205,1025000000000,1025040636925,1025075734490,40636925,35097565,75734490,YES
637,638,206,1030000000000,1030035058125,1030070115629,35058125,35057504,70115629,YES
637,638,207,1035000000000,1035035028159,1035070055757,35028159,35027598,70055757,YES
637,638,208,1040000000000,1040035430271,1040070859576,35430271,35429305,70859576,YES
637,638,209,1045000000000,1045035254220,1045070507533,35254220,35253313,70507533,YES
637,638,210,1050000000000,1050035087067,1050070173301,35087067,35086234,70173301,YES
637,638,211,1055000000000,1055034929371,1055069857988,34929371,34928617,69857988,YES
637,638,212,1060000000000,1060034781667,1060069562662,34781667,34780995,69562662,YES
637,638,213,1065000000000,1065034644484,1065069288372,34644484,34643888,69288372,YES
637,638,214,1070000000000,1070034518324,1070069036130,34518324,34517806,69036130,YES
637,638,215,1075000000000,1075034403654,1075068806867,34403654,34403213,68806867,YES
637,638,216,1080000000000,1080034300887,1080068601407,34300887,34300520,68601407,YES
637,638,217,1085000000000,1085034210375,1085068420458,34210375,34210083,68420458,YES
637,638,218,1090000000000,1090034132389,1090069885466,34132389,35753077,69885466,YES
637,638,219,1095000000000,1095075022670,1095147527685,75022670,72505015,147527685,YES
637,638,220,1100000000000,1100076256105,1100161354825,76256105,85098720,161354825,YES
637,638,221,1105000000000,1105074250001,1105146783936,74250001,72533935,146783936,YES
637,638,222,1110000000000,1110078257745,1110150834476,78257745,72576731,150834476,YES
637,638,223,1115000000000,1115072633148,1115145267020,72633148,72633872,145267020,YES
637,638,224,1120000000000,1120072704405,1120145409711,72704405,72705306,145409711,YES
637,638,225,1125000000000,1125036077419,1125072153678,36077419,36076259,72153678,YES
637,638,226,1130000000000,1130033823875,1130067646905,33823875,33823030,67646905,YES
637,638,227,1135000000000,1135033718298,1135067761617,33718298,34043319,67761617,YES
637,638,228,1140000000000,1140033622688,1140067244650,33622688,33621962,67244650,YES
637,638,229,1145000000000,1145033537691,1145067074716,33537691,33537025,67074716,YES
637,638,230,1150000000000,1150033463915,1150066927226,33463915,33463311,66927226,YES
637,638,231,1155000000000,1155033401914,1155066803290,33401914,33401376,66803290,YES
637,638,232,1160000000000,1160033352171,1160066703876,33352171,33351705,66703876,YES
637,638,233,1165000000000,1165033315080,1165066629767,33315080,33314687,66629767,YES
637,638,234,1170000000000,1170033290930,1170066581544,33290930,33290614,66581544,YES
637,638,235,1175000000000,1175036447732,1175069756179,36447732,33308447,69756179,YES
637,638,236,1180000000000,1180033282012,1180066563869,33282012,33281857,66563869,YES
637,638,237,1185000000000,1185033297235,1185066594397,33297235,33297162,66594397,YES
637,638,238,1190000000000,1190033325371,1190066650752,33325371,33325381,66650752,YES
637,638,239,1195000000000,1195033366133,1195150837828,33366133,117471695,150837828,YES
638,639,0,0,105567631,203534747,105567631,97967116,203534747,YES
638,639,1,5000000000,5103702620,5201646165,103702620,97943545,201646165,YES
638,639,2,10000000000,10087600270,10175196160,87600270,87595890,175196160,YES
638,639,3,15000000000,15087417379,15174830601,87417379,87413222,174830601,YES
638,639,4,20000000000,20087247678,20174491429,87247678,87243751,174491429,YES
638,639,5,25000000000,25087307468,25174424310,87307468,87116842,174424310,YES
638,639,6,30000000000,30086950032,30173896629,86950032,86946597,173896629,YES
638,639,7,35000000000,35086822948,35173642711,86822948,86819763,173642711,YES
638,639,8,40000000000,40086710725,40173418533,86710725,86707808,173418533,YES
638,639,9,45000000000,45086613476,45173224293,86613476,86610817,173224293,YES
638,639,10,50000000000,50092404688,50181975566,92404688,89570878,181975566,YES
638,639,11,55000000000,55096885298,55186026524,96885298,89141226,186026524,YES
638,639,12,60000000000,60088284105,60175394121,88284105,87110016,175394121,YES
638,639,13,65000000000,65086371494,65172741365,86371494,86369871,172741365,YES
638,639,14,70000000000,70086346004,70172690634,86346004,86344630,172690634,YES
638,639,15,75000000000,75086333487,75172665834,86333487,86332347,172665834,YES
638,639,16,80000000000,80086333312,80172665711,86333312,86332399,172665711,YES
638,639,17,85000000000,85071383304,85142767842,71383304,71384538,142767842,YES
638,639,18,90000000000,90080518508,90161035101,80518508,80516593,161035101,YES
638,639,19,95000000000,95080402096,95160802443,80402096,80400347,160802443,YES
638,639,20,100000000000,100080295999,100163770185,80295999,83474186,163770185,YES
638,639,21,105000000000,105080200928,105160400472,80200928,80199544,160400472,YES
638,639,22,110000000000,110081736146,110164154837,81736146,82418691,164154837,YES
638,639,23,115000000000,115080046665,115160703189,80046665,80656524,160703189,YES
638,639,24,120000000000,120079988776,120159976796,79988776,79988020,159976796,YES
638,639,25,125000000000,125079944501,125159888468,79944501,79943967,159888468,YES
638,639,26,130000000000,130079914309,130159847594,79914309,79933285,159847594,YES
638,639,27,135000000000,135079898571,135159797074,79898571,79898503,159797074,YES
638,639,28,140000000000,140083435116,140163332806,83435116,79897690,163332806,YES
638,639,29,145000000000,145084693904,145164605569,84693904,79911665,164605569,YES
638,639,30,150000000000,150082354165,150162294509,82354165,79940344,162294509,YES
638,639,31,155000000000,155080747138,155160730671,80747138,79983533,160730671,YES
638,639,32,160000000000,160080039812,160160080723,80039812,80040911,160080723,YES
638,639,33,165000000000,165048493837,165093514245,48493837,45020408,93514245,YES
638,639,34,170000000000,170045011679,170090022640,45011679,45010961,90022640,YES
638,639,35,175000000000,175045013795,175090026980,45013795,45013185,90026980,YES
638,639,36,180000000000,180045027596,180090054690,45027596,45027094,90054690,YES
638,639,37,185000000000,185045053034,185090105685,45053034,45052651,90105685,YES
638,639,38,190000000000,190045090015,190091679150,45090015,46589135,91679150,YES
638,639,39,195000000000,195045138388,195090276641,45138388,45138253,90276641,YES
638,639,40,200000000000,200105632905,200203903576,105632905,98270671,203903576,YES
638,639,41,205000000000,205098236096,205196473488,98236096,98237392,196473488,YES
638,639,42,210000000000,210098214851,210196431323,98214851,98216472,196431323,YES
638,639,43,215000000000,215098182353,215196364259,98182353,98181906,196364259,YES
638,639,44,220000000000,220098100792,220196201444,98100792,98100652,196201444,YES
638,639,45,225000000000,225098032244,225196064653,98032244,98032409,196064653,YES
638,639,46,230000000000,230097976831,230197490509,97976831,99513678,197490509,YES
638,639,47,235000000000,235097934635,235195870005,97934635,97935370,195870005,YES
638,639,48,240000000000,240098613654,240196520347,98613654,97906693,196520347,YES
638,639,49,245000000000,245087308709,245181156375,87308709,93847666,181156375,YES
638,639,50,250000000000,250087134902,250200519395,87134902,113384493,200519395,YES
638,639,51,255000000000,255086974655,255173945576,86974655,86970921,173945576,YES
638,639,52,260000000000,260086828498,260173653500,86828498,86825002,173653500,YES
638,639,53,265000000000,265086696846,265173390443,86696846,86693597,173390443,YES
638,639,54,270000000000,270086580004,270173157016,86580004,86577012,173157016,YES
638,639,55,275000000000,275086478137,275172953541,86478137,86475404,172953541,YES
638,639,56,280000000000,280089007666,280175396420,89007666,86388754,175396420,YES
638,639,57,285000000000,285086319283,285172636347,86319283,86317064,172636347,YES
638,639,58,290000000000,290086261928,290172521892,86261928,86259964,172521892,YES
638,639,59,295000000000,295086218835,295172435959,86218835,86217124,172435959,YES
638,639,60,300000000000,300086189540,300172377615,86189540,86188075,172377615,YES
638,639,61,305000000000,305086173492,305172345760,86173492,86172268,172345760,YES
638,639,62,310000000000,310086170085,310172339180,86170085,86169095,172339180,YES
638,639,63,315000000000,315086178669,315172356577,86178669,86177908,172356577,YES
638,639,64,320000000000,320086198590,320172396635,86198590,86198045,172396635,YES
638,639,65,325000000000,325071160179,325142321736,71160179,71161557,142321736,YES
638,639,66,330000000000,330080650269,330161298370,80650269,80648101,161298370,YES
638,639,67,335000000000,335080517395,335161032771,80517395,80515376,161032771,YES
638,639,68,340000000000,340080393693,340160785527,80393693,80391834,160785527,YES
638,639,69,345000000000,345080279873,345160558057,80279873,80278184,160558057,YES
638,639,70,350000000000,350080176673,350160351838,80176673,80175165,160351838,YES
638,639,71,355000000000,355080084838,355160168360,80084838,80083522,160168360,YES
638,639,72,360000000000,360080005114,360160009113,80005114,80003999,160009113,YES
638,639,73,365000000000,365082195710,365162132972,82195710,79937262,162132972,YES
638,639,74,370000000000,370079884748,370164626182,79884748,84741434,164626182,YES
638,639,75,375000000000,375079845348,375164802147,79845348,84956799,164802147,YES
638,639,76,380000000000,380079820481,380159640758,79820481,79820277,159640758,YES
638,639,77,385000000000,385079810494,385159621023,79810494,79810529,159621023,YES
638,639,78,390000000000,390079815591,390159631461,79815591,79815870,159631461,YES
638,639,79,395000000000,395079835825,395159672172,79835825,79836347,159672172,YES
638,639,80,400000000000,400079871084,400159742931,79871084,79871847,159742931,YES
638,639,81,405000000000,405044439856,405088879032,44439856,44439176,88879032,YES
638,639,82,410000000000,410044428689,410088856808,44428689,44428119,88856808,YES
638,639,83,415000000000,415044430434,415088860412,44430434,44429978,88860412,YES
638,639,84,420000000000,420044445075,420088889812,44445075,44444737,88889812,YES
638,639,85,425000000000,425044472505,425088944793,44472505,44472288,88944793,YES
638,639,86,430000000000,430044512539,430089024987,44512539,44512448,89024987,YES
638,639,87,435000000000,435044564899,435089129835,44564899,44564936,89129835,YES
638,639,88,440000000000,440102990347,440202410777,102990347,99420430,202410777,YES
638,639,89,445000000000,445103120326,445201246643,103120326,98126317,201246643,YES
638,639,90,450000000000,450098042788,450196085377,98042788,98042589,196085377,YES
638,639,91,455000000000,455113021751,455210993395,113021751,97971644,210993395,YES
638,639,92,460000000000,460106353999,460211634097,106353999,105280098,211634097,YES
638,639,93,465000000000,465097869293,465216886293,97869293,119017000,216886293,YES
638,639,94,470000000000,470105681549,470207165275,105681549,101483726,207165275,YES
638,639,95,475000000000,475097820208,475195641639,97820208,97821431,195641639,YES
638,639,96,480000000000,480097815689,480197113402,97815689,99297713,197113402,YES
638,639,97,485000000000,485097824453,485195650598,97824453,97826145,195650598,YES
638,639,98,490000000000,490092954637,490179758147,92954637,86803510,179758147,YES
638,639,99,495000000000,495090897237,495177542995,90897237,86645758,177542995,YES
638,639,100,500000000000,500088853863,500175355561,88853863,86501698,175355561,YES
638,639,101,505000000000,505086375271,505172746949,86375271,86371678,172746949,YES
638,639,102,510000000000,510086259193,510172515033,86259193,86255840,172515033,YES
638,639,103,515000000000,515086157463,515172311813,86157463,86154350,172311813,YES
638,639,104,520000000000,520086070061,520172137260,86070061,86067199,172137260,YES
638,639,105,525000000000,525085996877,525171991131,85996877,85994254,171991131,YES
638,639,106,530000000000,530085937663,530171872962,85937663,85935299,171872962,YES
638,639,107,535000000000,535085892125,535171782139,85892125,85890014,171782139,YES
638,639,108,540000000000,540085859860,540171717861,85859860,85858001,171717861,YES
638,639,109,545000000000,545085840405,545171679195,85840405,85838790,171679195,YES
638,639,110,550000000000,550085833252,550171665130,85833252,85831878,171665130,YES
638,639,111,555000000000,555085837849,555171674555,85837849,85836706,171674555,YES
638,639,112,560000000000,560071415925,560142832858,71415925,71416933,142832858,YES
638,639,113,565000000000,565080530234,565161058398,80530234,80528164,161058398,YES
638,639,114,570000000000,570080403409,570160804907,80403409,80401498,160804907,YES
638,639,115,575000000000,575080286198,575160570649,80286198,80284451,160570649,YES
638,639,116,580000000000,580080179338,580160357106,80179338,80177768,160357106,YES
638,639,117,585000000000,585084781223,585164863369,84781223,80082146,164863369,YES
638,639,118,590000000000,590082779190,590162777708,82779190,79998518,162777708,YES
638,639,119,595000000000,595079928492,595159856025,79928492,79927533,159856025,YES
638,639,120,600000000000,600079870567,600159740395,79870567,79869828,159740395,YES
638,639,121,605000000000,605090123803,605169949813,90123803,79826010,169949813,YES
638,639,122,610000000000,610088716613,610168524024,88716613,79807411,168524024,YES
638,639,123,615000000000,615079981440,615170966791,79981440,90985351,170966791,YES
638,639,124,620000000000,620079783161,620159566538,79783161,79783377,159566538,YES
638,639,125,625000000000,625084621628,625164421183,84621628,79799555,164421183,YES
638,639,126,630000000000,630081817650,630161648602,81817650,79830952,161648602,YES
638,639,127,635000000000,635079876433,635159753811,79876433,79877378,159753811,YES
638,639,128,640000000000,640079937315,640163279272,79937315,83341957,163279272,YES
638,639,129,645000000000,645044944940,645093899418,44944940,48954478,93899418,YES
638,639,130,650000000000,650044933574,650089866380,44933574,44932806,89866380,YES
638,639,131,655000000000,655044933982,655089867301,44933982,44933319,89867301,YES
638,639,132,660000000000,660044946154,660089891756,44946154,44945602,89891756,YES
638,639,133,665000000000,665044970045,665089939656,44970045,44969611,89939656,YES
638,639,134,670000000000,670045005566,670090010826,45005566,45005260,90010826,YES
638,639,135,675000000000,675045052576,675090104972,45052576,45052396,90104972,YES
638,639,136,680000000000,680046276531,680091387372,46276531,45110841,91387372,YES
638,639,137,685000000000,685111356423,685209794590,111356423,98438167,209794590,YES
638,639,138,690000000000,690110427316,690208566977,110427316,98139661,208566977,YES
638,639,139,695000000000,695098114166,695206554575,98114166,108440409,206554575,YES
638,639,140,700000000000,700097974614,700196069399,97974614,98094785,196069399,YES
638,639,141,705000000000,705097911340,705195822954,97911340,97911614,195822954,YES
638,639,142,710000000000,710097861362,710198007925,97861362,100146563,198007925,YES
638,639,143,715000000000,715097824735,715196045392,97824735,98220657,196045392,YES
638,639,144,720000000000,720097801480,720200096162,97801480,102294682,200096162,YES
638,639,145,725000000000,725097791577,725195584530,97791577,97792953,195584530,YES
638,639,146,730000000000,730101119964,730198916544,101119964,97796580,198916544,YES
638,639,147,735000000000,735086759454,735173524973,86759454,86765519,173524973,YES
638,639,148,740000000000,740092471848,740179084044,92471848,86612196,179084044,YES
638,639,149,745000000000,745090904185,745177387084,90904185,86482899,177387084,YES
638,639,150,750000000000,750092627530,750179053038,92627530,86425508,179053038,YES
638,639,151,755000000000,755086270360,755172538004,86270360,86267644,172538004,YES
638,639,152,760000000000,760086184317,760172366170,86184317,86181853,172366170,YES
638,639,153,765000000000,765087497827,765173608395,87497827,86110568,173608395,YES
638,639,154,770000000000,770086921363,770172975007,86921363,86053644,172975007,YES
638,639,155,775000000000,775086012460,775172023208,86012460,86010748,172023208,YES
638,639,156,780000000000,780085982927,780171964375,85982927,85981448,171964375,YES
638,639,157,785000000000,785088423338,785174388636,88423338,85965298,174388636,YES
638,639,158,790000000000,790086517087,790172478830,86517087,85961743,172478830,YES
638,639,159,795000000000,795084538101,795165151563,84538101,80613462,165151563,YES
638,639,160,800000000000,800080483946,800160965861,80483946,80481915,160965861,YES
638,639,161,805000000000,805080327855,805160653844,80327855,80325989,160653844,YES
638,639,162,810000000000,810080215411,810160429127,80215411,80213716,160429127,YES
638,639,163,815000000000,815080113776,815160226033,80113776,80112257,160226033,YES
638,639,164,820000000000,820080023693,820160046075,80023693,80022382,160046075,YES
638,639,165,825000000000,825079945927,825250516242,79945927,170570315,250516242,YES
638,639,166,830000000000,830079881201,830159761526,79881201,79880325,159761526,YES
638,639,167,835000000000,835087365644,835167195104,87365644,79829460,167195104,YES
638,639,168,840000000000,840079793430,840176035477,79793430,96242047,176035477,YES
638,639,169,845000000000,845079771439,845159542715,79771439,79771276,159542715,YES
638,639,170,850000000000,850083302593,850163067209,83302593,79764616,163067209,YES
638,639,171,855000000000,855079772888,855162598060,79772888,82825172,162598060,YES
638,639,172,860000000000,860079796537,860159593656,79796537,79797119,159593656,YES
638,639,173,865000000000,865088833085,865168669323,88833085,79836238,168669323,YES
638,639,174,870000000000,870079888960,870159778987,79888960,79890027,159778987,YES
638,639,175,875000000000,875079957000,875160162343,79957000,80205343,160162343,YES
638,639,176,880000000000,880044960853,880092443956,44960853,47483103,92443956,YES
638,639,177,885000000000,885044955432,885089910147,44955432,44954715,89910147,YES
638,639,178,890000000000,890046030263,890090991369,46030263,44961106,90991369,YES
638,639,179,895000000000,895044979680,895089958857,44979680,44979177,89958857,YES
638,639,180,900000000000,900045009279,900091347219,45009279,46337940,91347219,YES
638,639,181,905000000000,905045050412,905090100582,45050412,45050170,90100582,YES
638,639,182,910000000000,910045102922,910090205730,45102922,45102808,90205730,YES
638,639,183,915000000000,915098306627,915196612161,98306627,98305534,196612161,YES
638,639,184,920000000000,920098170140,920203428443,98170140,105258303,203428443,YES
638,639,185,925000000000,925103699852,925211403636,103699852,107703784,211403636,YES
638,639,186,930000000000,930103355586,930201358363,103355586,98002777,201358363,YES
638,639,187,935000000000,935104851198,935202790372,104851198,97939174,202790372,YES
638,639,188,940000000000,940159166136,940257601694,159166136,98435558,257601694,YES
638,639,189,945000000000,945101349252,945203639762,101349252,102290510,203639762,YES
638,639,190,950000000000,950097827041,950195655171,97827041,97828130,195655171,YES
638,639,191,955000000000,955108351579,955206169226,108351579,97817647,206169226,YES
638,639,192,960000000000,960100215099,960198882258,100215099,98667159,198882258,YES
638,639,193,965000000000,965106791950,965204628110,106791950,97836160,204628110,YES
638,639,194,970000000000,970086624152,970173244809,86624152,86620657,173244809,YES
638,639,195,975000000000,975086491286,975172979307,86491286,86488021,172979307,YES
638,639,196,980000000000,980086837658,980173206930,86837658,86369272,173206930,YES
638,639,197,985000000000,985086267437,985172532086,86267437,86264649,172532086,YES
638,639,198,990000000000,990086176774,990172351005,86176774,86174231,172351005,YES
638,639,199,995000000000,995086100316,995172198334,86100316,86098018,172198334,YES
638,639,200,1000000000000,1000091657864,1000178520545,91657864,86862681,178520545,YES
638,639,201,1005000000000,1005095045513,1005181033042,95045513,85987529,181033042,YES
638,639,202,1010000000000,1010093057523,1010179010332,93057523,85952809,179010332,YES
638,639,203,1015000000000,1015085932541,1015171863758,85932541,85931217,171863758,YES
638,639,204,1020000000000,1020100980666,1020196363827,100980666,95383161,196363827,YES
638,639,205,1025000000000,1025095466195,1025190906713,95466195,95440518,190906713,YES
638,639,206,1030000000000,1030095509903,1030191020387,95509903,95510484,191020387,YES
638,639,207,1035000000000,1035049400860,1035098802143,49400860,49401283,98802143,YES
638,639,208,1040000000000,1040093320759,1040174083151,93320759,80762392,174083151,YES
638,639,209,1045000000000,1045082170858,1045162801318,82170858,80630460,162801318,YES
638,639,210,1050000000000,1050080508960,1050162553978,80508960,82045018,162553978,YES
638,639,211,1055000000000,1055080394836,1055163450800,80394836,83055964,163450800,YES
638,639,212,1060000000000,1060080290905,1060160692552,80290905,80401647,160692552,YES
638,639,213,1065000000000,1065080197911,1065160394456,80197911,80196545,160394456,YES
638,639,214,1070000000000,1070080116596,1070175668920,80116596,95552324,175668920,YES
638,639,215,1075000000000,1075080014076,1075172398662,80014076,92384586,172398662,YES
638,639,216,1080000000000,1080085086192,1080176343027,85086192,91256835,176343027,YES
638,639,217,1085000000000,1085079916121,1085159831753,79916121,79915632,159831753,YES
638,639,218,1090000000000,1090079888247,1090159776247,79888247,79888000,159776247,YES
638,639,219,1095000000000,1095079875042,1095159750081,79875042,79875039,159750081,YES
638,639,220,1100000000000,1100079876789,1100159753827,79876789,79877038,159753827,YES
638,639,221,1105000000000,1105079893627,1105159787752,79893627,79894125,159787752,YES
638,639,222,1110000000000,1110080263217,1110160347801,80263217,80084584,160347801,YES
638,639,223,1115000000000,1115079972316,1115159945632,79972316,79973316,159945632,YES
638,639,224,1120000000000,1120080033672,1120160068584,80033672,80034912,160068584,YES
638,639,225,1125000000000,1125080109131,1125160219732,80109131,80110601,160219732,YES
638,639,226,1130000000000,1130045026874,1130090052957,45026874,45026083,90052957,YES
638,639,227,1135000000000,1135045022996,1135090045298,45022996,45022302,90045298,YES
638,639,228,1140000000000,1140045030679,1140090060777,45030679,45030098,90060777,YES
638,639,229,1145000000000,1145045049926,1145090099388,45049926,45049462,90099388,YES
638,639,230,1150000000000,1150045080700,1150090161058,45080700,45080358,90161058,YES
638,639,231,1155000000000,1155045122909,1155090245602,45122909,45122693,90245602,YES
638,639,232,1160000000000,1160045176407,1160090352727,45176407,45176320,90352727,YES
638,639,233,1165000000000,1165098174195,1165204866196,98174195,106692001,204866196,YES
638,639,234,1170000000000,1170098086323,1170200419592,98086323,102333269,200419592,YES
638,639,235,1175000000000,1175098011353,1175198317627,98011353,100306274,198317627,YES
638,639,236,1180000000000,1180099831287,1180203977935,99831287,104146648,203977935,YES
638,639,237,1185000000000,-1,-1,-1,-1,-1,LOST
638,639,238,1190000000000,1190097865320,1190197103999,97865320,99238679,197103999,YES
638,639,239,1195000000000,1195160315394,1195258159426,160315394,97844032,258159426,YES
639,640,0,0,89645567,179289244,89645567,89643677,179289244,YES
639,640,1,5000000000,5090239032,5180546541,90239032,90307509,180546541,YES
639,640,2,10000000000,10089535179,10255674222,89535179,166139043,255674222,YES
639,640,3,15000000000,15089501023,15204050304,89501023,114549281,204050304,YES
639,640,4,20000000000,20089481146,20180978584,89481146,91497438,180978584,YES
639,640,5,25000000000,25089475593,25179116719,89475593,89641126,179116719,YES
639,640,6,30000000000,30089517908,30179035396,89517908,89517488,179035396,YES
639,640,7,35000000000,35089540710,35179081273,89540710,89540563,179081273,YES
639,640,8,40000000000,40089577326,40179154776,89577326,89577450,179154776,YES
639,640,9,45000000000,45089627380,45181096024,89627380,91468644,181096024,YES
639,640,10,50000000000,50089957503,50181558124,89957503,91600621,181558124,YES
639,640,11,55000000000,55092504136,55189390111,92504136,96885975,189390111,YES
639,640,12,60000000000,60089853148,60180903365,89853148,91050217,180903365,YES
639,640,13,65000000000,65089951652,65184851614,89951652,94899962,184851614,YES
639,640,14,70000000000,70091290560,70186342073,91290560,95051513,186342073,YES
639,640,15,75000000000,75090179679,75180361186,90179679,90181507,180361186,YES
639,640,16,80000000000,80090307897,80180617814,90307897,90309917,180617814,YES
639,640,17,85000000000,85076866100,85153731345,76866100,76865245,153731345,YES
639,640,18,90000000000,90077578987,90156039253,77578987,78460266,156039253,YES
639,640,19,95000000000,95097706467,95197577858,97706467,99871391,197577858,YES
639,640,20,100000000000,100097639502,100199473291,97639502,101833789,199473291,YES
639,640,21,105000000000,105097650698,105199890553,97650698,102239855,199890553,YES
639,640,22,110000000000,110097639513,110195277531,97639513,97638018,195277531,YES
639,640,23,115000000000,115101324407,115202647465,101324407,101323058,202647465,YES
639,640,24,120000000000,120110171049,120211383396,110171049,101212347,211383396,YES
639,640,25,125000000000,125108098037,125209210047,108098037,101112010,209210047,YES
639,640,26,130000000000,130106034020,130207056254,106034020,101022234,207056254,YES
639,640,27,135000000000,135100943621,135203049768,100943621,102106147,203049768,YES
639,640,28,140000000000,140100875724,140204903910,100875724,104028186,204903910,YES
639,640,29,145000000000,145100819394,145229409261,100819394,128589867,229409261,YES
639,640,30,150000000000,150100774854,150206250937,100774854,105476083,206250937,YES
639,640,31,155000000000,155100742256,155204644286,100742256,103902030,204644286,YES
639,640,32,160000000000,160100721724,160216309999,100721724,115588275,216309999,YES
639,640,33,165000000000,165100713307,165215980856,100713307,115267549,215980856,YES
639,640,34,170000000000,170100717029,170201435948,100717029,100718919,201435948,YES
639,640,35,175000000000,175100732881,175201467901,100732881,100735020,201467901,YES
639,640,36,180000000000,180100794423,180201591230,100794423,100796807,201591230,YES
639,640,37,185000000000,185100834407,185201671418,100834407,100837011,201671418,YES
639,640,38,190000000000,190104976928,190205832544,104976928,100855616,205832544,YES
639,640,39,195000000000,195100916585,195201836181,100916585,100919596,201836181,YES
639,640,40,200000000000,200043776273,200087551239,43776273,43774966,87551239,YES
639,640,41,205000000000,205043672593,205087343954,43672593,43671361,87343954,YES
639,640,42,210000000000,210043578925,210087156682,43578925,43577757,87156682,YES
639,640,43,215000000000,215089631564,215181044131,89631564,91412567,181044131,YES
639,640,44,220000000000,220089501279,220179000154,89501279,89498875,179000154,YES
639,640,45,225000000000,225089382520,225178762823,89382520,89380303,178762823,YES
639,640,46,230000000000,230089276022,230182377526,89276022,93101504,182377526,YES
639,640,47,235000000000,235089182484,235181865074,89182484,92682590,181865074,YES
639,640,48,240000000000,240089102568,240178203557,89102568,89100989,178203557,YES
639,640,49,245000000000,245095141941,245184177376,95141941,89035435,184177376,YES
639,640,50,250000000000,250115154165,250204138632,115154165,88984467,204138632,YES
639,640,51,255000000000,255091961760,255180910648,91961760,88948888,180910648,YES
639,640,52,260000000000,260095271277,260184199608,95271277,88928331,184199608,YES
639,640,53,265000000000,265093935979,265189086332,93935979,95150353,189086332,YES
639,640,54,270000000000,270094498232,270183431252,94498232,88933020,183431252,YES
639,640,55,275000000000,275088957601,275177915465,88957601,88957864,177915465,YES
639,640,56,280000000000,280089641322,280185007571,89641322,95366249,185007571,YES
639,640,57,285000000000,-1,-1,-1,-1,-1,LOST
639,640,58,290000000000,290090842137,290185759664,90842137,94917527,185759664,YES
639,640,59,295000000000,295089229841,295178460967,89229841,89231126,178460967,YES
639,640,60,300000000000,300089321462,300180650687,89321462,91329225,180650687,YES
639,640,61,305000000000,305089424428,305178850570,89424428,89426142,178850570,YES
639,640,62,310000000000,310089504398,310181745866,89504398,92241468,181745866,YES
639,640,63,315000000000,315089627839,315179257786,89627839,89629947,179257786,YES
639,640,64,320000000000,320089760444,320179523166,89760444,89762722,179523166,YES
639,640,65,325000000000,325076743051,325153485007,76743051,76741956,153485007,YES
639,640,66,330000000000,330076864226,330153727472,76864226,76863246,153727472,YES
639,640,67,335000000000,335077025184,335154049531,77025184,77024347,154049531,YES
639,640,68,340000000000,340099451520,340197666169,99451520,98214649,197666169,YES
639,640,69,345000000000,345097187260,345194372424,97187260,97185164,194372424,YES
639,640,70,350000000000,350224964287,350322195298,224964287,97231011,322195298,YES
639,640,71,355000000000,355100873786,355201745804,100873786,100872018,201745804,YES
639,640,72,360000000000,360100756898,360201512286,100756898,100755388,201512286,YES
639,640,73,365000000000,365100650032,365219993155,100650032,119343123,219993155,YES
639,640,74,370000000000,370100553734,370207166613,100553734,106612879,207166613,YES
639,640,75,375000000000,375100468525,375206671933,100468525,106203408,206671933,YES
639,640,76,380000000000,380100394890,380200789436,100394890,100394546,200789436,YES
639,640,77,385000000000,385100333265,385202292331,100333265,101959066,202292331,YES
639,640,78,390000000000,390100284015,390203062089,100284015,102778074,203062089,YES
639,640,79,395000000000,395102786794,395203034818,102786794,100248024,203034818,YES
639,640,80,400000000000,400100223778,400200448456,100223778,100224678,200448456,YES
639,640,81,405000000000,405100246772,405200494745,100246772,100247973,200494745,YES
639,640,82,410000000000,410100249304,410200500103,100249304,100250799,200500103,YES
639,640,83,415000000000,415100264992,415200531760,100264992,100266768,200531760,YES
639,640,84,420000000000,420100293792,420200589627,100293792,100295835,200589627,YES
639,640,85,425000000000,425100335597,425200673496,100335597,100337899,200673496,YES
639,640,86,430000000000,430100356685,430200715905,100356685,100359220,200715905,YES
639,640,87,435000000000,435079225389,435161917285,79225389,82691896,161917285,YES
639,640,88,440000000000,440101321528,440194084313,101321528,92762785,194084313,YES
639,640,89,445000000000,445090421997,445180446140,90421997,90024143,180446140,YES
639,640,90,450000000000,450089483523,450178964599,89483523,89481076,178964599,YES
639,640,91,455000000000,455089360913,455184248076,89360913,94887163,184248076,YES
639,640,92,460000000000,460089250341,460178498607,89250341,89248266,178498607,YES
639,640,93,465000000000,465089152544,465178612589,89152544,89460045,178612589,YES
639,640,94,470000000000,470093276002,470182521974,93276002,89245972,182521974,YES
639,640,95,475000000000,475088997981,475180059799,88997981,91061818,180059799,YES
639,640,96,480000000000,480088942367,480177883582,88942367,88941215,177883582,YES
639,640,97,485000000000,485088901782,485177802665,88901782,88900883,177802665,YES
639,640,98,490000000000,490091114485,490182953477,91114485,91838992,182953477,YES
639,640,99,495000000000,495093280687,495186896275,93280687,93615588,186896275,YES
639,640,100,500000000000,500088872142,500184853164,88872142,95981022,184853164,YES
639,640,101,505000000000,505091929868,505180822911,91929868,88893043,180822911,YES
639,640,102,510000000000,510091172103,510180100978,91172103,88928875,180100978,YES
639,640,103,515000000000,515088978344,515177957400,88978344,88979056,177957400,YES
639,640,104,520000000000,520089042096,520178879316,89042096,89837220,178879316,YES
639,640,105,525000000000,525089119000,525178362213,89119000,89243213,178362213,YES
639,640,106,530000000000,530089208355,530179786150,89208355,90577795,179786150,YES
639,640,107,535000000000,535095483601,535184794777,95483601,89311176,184794777,YES
639,640,108,540000000000,540093514173,540182937492,93514173,89423319,182937492,YES
639,640,109,545000000000,-1,-1,-1,-1,-1,LOST
639,640,110,550000000000,550095888213,550185565746,95888213,89677533,185565746,YES
639,640,111,555000000000,555094961823,555186134568,94961823,91172745,186134568,YES
639,640,112,560000000000,560077008816,560154719594,77008816,77710778,154719594,YES
639,640,113,565000000000,565100962820,565198063713,100962820,97100893,198063713,YES
639,640,114,570000000000,570103615211,570200684101,103615211,97068890,200684101,YES
639,640,115,575000000000,575103981149,575206455121,103981149,102473972,206455121,YES
639,640,116,580000000000,580097038529,580194075137,97038529,97036608,194075137,YES
639,640,117,585000000000,585101270817,585198307498,101270817,97036681,198307498,YES
639,640,118,590000000000,590099829542,590196877396,99829542,97047854,196877396,YES
639,640,119,595000000000,595100780512,595201559718,100780512,100779206,201559718,YES
639,640,120,600000000000,600100684318,600201367611,100684318,100683293,201367611,YES
639,640,121,605000000000,605100599034,605206125353,100599034,105526319,206125353,YES
639,640,122,610000000000,610100525155,610204845874,100525155,104320719,204845874,YES
639,640,123,615000000000,615102330637,615202793620,102330637,100462983,202793620,YES
639,640,124,620000000000,620101246993,620201660495,101246993,100413502,201660495,YES
639,640,125,625000000000,625102762726,625203139273,102762726,100376547,203139273,YES
639,640,126,630000000000,630100351541,630211790605,100351541,111439064,211790605,YES
639,640,127,635000000000,635100373567,635200748267,100373567,100374700,200748267,YES
639,640,128,640000000000,640100374997,640207733232,100374997,107358235,207733232,YES
639,640,129,645000000000,645103456773,645203847945,103456773,100391172,203847945,YES
639,640,130,650000000000,650100416840,650200835681,100416840,100418841,200835681,YES
639,640,131,655000000000,655079136995,655158905032,79136995,79768037,158905032,YES
639,640,132,660000000000,660079383026,660158625846,79383026,79242820,158625846,YES
639,640,133,665000000000,665079333708,665158670162,79333708,79336454,158670162,YES
639,640,134,670000000000,670079446239,670161172960,79446239,81726721,161172960,YES
639,640,135,675000000000,675079568191,675162115079,79568191,82546888,162115079,YES
639,640,136,680000000000,680079699559,680160692915,79699559,80993356,160692915,YES
639,640,137,685000000000,685091937433,685182014730,91937433,90077297,182014730,YES
639,640,138,690000000000,690091015970,690182909395,91015970,91893425,182909395,YES
639,640,139,695000000000,695097652272,695187479759,97652272,89827487,187479759,YES
639,640,140,700000000000,700089722762,700179443186,89722762,89720424,179443186,YES
639,640,141,705000000000,705089627929,705179253705,89627929,89625776,179253705,YES
639,640,142,710000000000,710089546267,710179090590,89546267,89544323,179090590,YES
639,640,143,715000000000,715089478284,715178954834,89478284,89476550,178954834,YES
639,640,144,720000000000,720089424405,720180512227,89424405,91087822,180512227,YES
639,640,145,725000000000,725090300154,725180495336,90300154,90195182,180495336,YES
639,640,146,730000000000,730093734596,730183423976,93734596,89689380,183423976,YES
639,640,147,735000000000,735089349976,735178699180,89349976,89349204,178699180,YES
639,640,148,740000000000,740089354513,740178708516,89354513,89354003,178708516,YES
639,640,149,745000000000,745089373558,745185036710,89373558,95663152,185036710,YES
639,640,150,750000000000,750089406833,750185479146,89406833,96072313,185479146,YES
639,640,151,755000000000,755089453966,755178908222,89453966,89454256,178908222,YES
639,640,152,760000000000,760089514494,760182760741,89514494,93246247,182760741,YES
639,640,153,765000000000,765089587859,765179176529,89587859,89588670,179176529,YES
639,640,154,770000000000,770093150788,770182858983,93150788,89708195,182858983,YES
639,640,155,775000000000,775117467755,775207273901,117467755,89806146,207273901,YES
639,640,156,780000000000,780043361552,780086723752,43361552,43362200,86723752,YES
639,640,157,785000000000,785043344924,785088456938,43344924,45112014,88456938,YES
639,640,158,790000000000,790043406372,790086813581,43406372,43407209,86813581,YES
639,640,159,795000000000,795105688589,795203049345,105688589,97360756,203049345,YES
639,640,160,800000000000,800103573861,800201702364,103573861,98128503,201702364,YES
639,640,161,805000000000,805097235293,805194577808,97235293,97342515,194577808,YES
639,640,162,810000000000,810098640642,810199413925,98640642,100773283,199413925,YES
639,640,163,815000000000,815100182606,815201023839,100182606,100841233,201023839,YES
639,640,164,820000000000,820097178942,820195471472,97178942,98292530,195471472,YES
639,640,165,825000000000,825220788480,825317971246,220788480,97182766,317971246,YES
639,640,166,830000000000,830097200789,830198622013,97200789,101421224,198622013,YES
639,640,167,835000000000,835108537204,835208570681,108537204,100033477,208570681,YES
639,640,168,840000000000,840097271462,840194542422,97271462,97270960,194542422,YES
639,640,169,845000000000,845099655225,845198964898,99655225,99309673,198964898,YES
639,640,170,850000000000,850104979402,850206138421,104979402,101159019,206138421,YES
639,640,171,855000000000,855101105397,855202307350,101105397,101201953,202307350,YES
639,640,172,860000000000,860101063531,860202127725,101063531,101064194,202127725,YES
639,640,173,865000000000,865101263154,865202297676,101263154,101034522,202297676,YES
639,640,174,870000000000,870101015525,870202032322,101015525,101016797,202032322,YES
639,640,175,875000000000,875103248340,875211926082,103248340,108677742,211926082,YES
639,640,176,880000000000,880104219240,880205270027,104219240,101050787,205270027,YES
639,640,177,885000000000,885101066650,885206225476,101066650,105158826,206225476,YES
639,640,178,890000000000,890079708368,890160749954,79708368,81041586,160749954,YES
639,640,179,895000000000,895080130822,895159928643,80130822,79797821,159928643,YES
639,640,180,900000000000,900079890252,900159783337,79890252,79893085,159783337,YES
639,640,181,905000000000,905079993588,905159990144,79993588,79996556,159990144,YES
639,640,182,910000000000,910080105095,910160213279,80105095,80108184,160213279,YES
639,640,183,915000000000,915089968040,915179933296,89968040,89965256,179933296,YES
639,640,184,920000000000,920092995147,920182946104,92995147,89950957,182946104,YES
639,640,185,925000000000,925090924835,925181541624,90924835,90616789,181541624,YES
639,640,186,930000000000,930094867676,930184382478,94867676,89514802,184382478,YES
639,640,187,935000000000,935091891660,935181289040,91891660,89397380,181289040,YES
639,640,188,940000000000,940089293798,940187913026,89293798,98619228,187913026,YES
639,640,189,945000000000,945089439308,945181448842,89439308,92009534,181448842,YES
639,640,190,950000000000,950092112191,950181231362,92112191,89119171,181231362,YES
639,640,191,955000000000,955091878393,955180931762,91878393,89053369,180931762,YES
639,640,192,960000000000,960089233213,960178235143,89233213,89001930,178235143,YES
639,640,193,965000000000,-1,-1,-1,-1,-1,LOST
639,640,194,970000000000,970091140658,970180084097,91140658,88943439,180084097,YES
639,640,195,975000000000,975088937081,975177873845,88937081,88936764,177873845,YES
639,640,196,980000000000,980088945181,980177890298,88945181,88945117,177890298,YES
639,640,197,985000000000,985088968113,985177936420,88968113,88968307,177936420,YES
639,640,198,990000000000,990089005572,990186962614,89005572,97957042,186962614,YES
639,640,199,995000000000,995099332205,995196943173,99332205,97610968,196943173,YES
639,640,200,1000000000000,1000100220631,1000201680363,100220631,101459732,201680363,YES
639,640,201,1005000000000,1005089200187,1005185045619,89200187,95845432,185045619,YES
639,640,202,1010000000000,1010089290448,1010189057877,89290448,99767429,189057877,YES
639,640,203,1015000000000,1015089392269,1015181887792,89392269,92495523,181887792,YES
639,640,204,1020000000000,1020043292213,1020086585203,43292213,43292990,86585203,YES
639,640,205,1025000000000,1025043325739,1025086652343,43325739,43326604,86652343,YES
639,640,206,1030000000000,1030043369739,1030086740422,43369739,43370683,86740422,YES
639,640,207,1035000000000,1035097371110,1035194409927,97371110,97038817,194409927,YES
639,640,208,1040000000000,1040101342235,1040206096712,101342235,104754477,206096712,YES
639,640,209,1045000000000,1045096967405,1045196470405,96967405,99503000,196470405,YES
639,640,210,1050000000000,1050098923999,1050196744311,98923999,97820312,196744311,YES
639,640,211,1055000000000,1055101713614,1055198647507,101713614,96933893,198647507,YES
639,640,212,1060000000000,1060100917029,1060197851653,100917029,96934624,197851653,YES
639,640,213,1065000000000,1065097351136,1065194297492,97351136,96946356,194297492,YES
639,640,214,1070000000000,1070108684285,1070205653540,108684285,96969255,205653540,YES
639,640,215,1075000000000,1075106718068,1075203687765,106718068,96969697,203687765,YES
639,640,216,1080000000000,1080108887258,1080209365148,108887258,100477890,209365148,YES
639,640,217,1085000000000,1085098504921,1085201517876,98504921,103012955,201517876,YES
639,640,218,1090000000000,1090111419722,1090218120408,111419722,106700686,218120408,YES
639,640,219,1095000000000,1095107267842,1095208116494,107267842,100848652,208116494,YES
639,640,220,1100000000000,1100103683325,1100205236294,103683325,101552969,205236294,YES
639,640,221,1105000000000,1105100810112,1105207493464,100810112,106683352,207493464,YES
639,640,222,1110000000000,1110079346056,1110158693450,79346056,79347394,158693450,YES
639,640,223,1115000000000,1115079390516,1115158782575,79390516,79392059,158782575,YES
639,640,224,1120000000000,1120079444326,1120182620529,79444326,103176203,182620529,YES
639,640,225,1125000000000,1125079507515,1125159016976,79507515,79509461,159016976,YES
639,640,226,1130000000000,1130079580049,1130159162262,79580049,79582213,159162262,YES
639,640,227,1135000000000,1135079661939,1135159326233,79661939,79664294,159326233,YES
639,640,228,1140000000000,1140079753145,1140159508815,79753145,79755670,159508815,YES
639,640,229,1145000000000,1145079853639,1145159709958,79853639,79856319,159709958,YES
639,640,230,1150000000000,1150079963410,1150159929647,79963410,79966237,159929647,YES
639,640,231,1155000000000,1155080082458,1155160167872,80082458,80085414,160167872,YES
639,640,232,1160000000000,1160080210798,1160160424706,80210798,80213908,160424706,YES
639,640,233,1165000000000,1165099838059,1165189976160,99838059,90138101,189976160,YES
639,640,234,1170000000000,1170090021396,1170180040366,90021396,90018970,180040366,YES
639,640,235,1175000000000,1175089913040,1175179823815,89913040,89910775,179823815,YES
639,640,236,1180000000000,1180089816460,1180179630823,89816460,89814363,179630823,YES
639,640,237,1185000000000,1185094107234,1185183837489,94107234,89730255,183837489,YES
639,640,238,1190000000000,1190089660895,1190179320065,89660895,89659170,179320065,YES
639,640,239,1195000000000,1195089602876,1195180939989,89602876,91337113,180939989,YES
640,641,0,0,51870186,103740273,51870186,51870087,103740273,YES
640,641,1,5000000000,5051919863,5103839776,51919863,51919913,103839776,YES
640,641,2,10000000000,10080190704,10132172953,80190704,51982249,132172953,YES
640,641,3,15000000000,15077124592,15129180445,77124592,52055853,129180445,YES
640,641,4,20000000000,20052139666,20104279823,52139666,52140157,104279823,YES
640,641,5,25000000000,25052234770,25104470165,52234770,52235395,104470165,YES
640,641,6,30000000000,30052373425,30104747605,52373425,52374180,104747605,YES
640,641,7,35000000000,35052487820,35104976518,52487820,52488698,104976518,YES
640,641,8,40000000000,40052610943,40110795752,52610943,58184809,110795752,YES
640,641,9,45000000000,45052742212,45105485519,52742212,52743307,105485519,YES
640,641,10,50000000000,50052880998,50105763191,52880998,52882193,105763191,YES
640,641,11,55000000000,55053026759,55106054825,53026759,53028066,106054825,YES
640,641,12,60000000000,60059198838,60118400817,59198838,59201979,118400817,YES
640,641,13,65000000000,65059364888,65118733021,59364888,59368133,118733021,YES
640,641,14,70000000000,70059538808,70119080940,59538808,59542132,119080940,YES
640,641,15,75000000000,75059720339,75119444080,59720339,59723741,119444080,YES
640,641,16,80000000000,80059909240,80119821960,59909240,59912720,119821960,YES
640,641,17,85000000000,85060105244,85120214030,60105244,60108786,120214030,YES
640,641,18,90000000000,90061780381,90121159460,61780381,59379079,121159460,YES
640,641,19,95000000000,95046587530,95092771268,46587530,46183738,92771268,YES
640,641,20,100000000000,100046007060,100092013604,46007060,46006544,92013604,YES
640,641,21,105000000000,105045903271,105091806124,45903271,45902853,91806124,YES
640,641,22,110000000000,110045772285,110091544230,45772285,45771945,91544230,YES
640,641,23,115000000000,115040752542,115081503042,40752542,40750500,81503042,YES
640,641,24,120000000000,120040524097,120081046189,40524097,40522092,81046189,YES
640,641,25,125000000000,125040300526,125080599079,40300526,40298553,80599079,YES
640,641,26,130000000000,130040082317,130080162703,40082317,40080386,80162703,YES
640,641,27,135000000000,135039869989,135079738115,39869989,39868126,79738115,YES
640,641,28,140000000000,140039664087,140079326356,39664087,39662269,79326356,YES
640,641,29,145000000000,145039465216,145078928665,39465216,39463449,78928665,YES
640,641,30,150000000000,150039273999,150078546298,39273999,39272299,78546298,YES
640,641,31,155000000000,155039091101,155078180550,39091101,39089449,78180550,YES
640,641,32,160000000000,160038917184,160078117188,38917184,39200004,78117188,YES
640,641,33,165000000000,165038752935,165077504351,38752935,38751416,77504351,YES
640,641,34,170000000000,170038599040,170077196647,38599040,38597607,77196647,YES
640,641,35,175000000000,175038456158,175076910955,38456158,38454797,76910955,YES
640,641,36,180000000000,180038358499,180076715714,38358499,38357215,76715714,YES
640,641,37,185000000000,185038239418,185076477637,38239418,38238219,76477637,YES
640,641,38,190000000000,190038099390,190076197665,38099390,38098275,76197665,YES
640,641,39,195000000000,195038005984,195076010950,38005984,38004966,76010950,YES
640,641,40,200000000000,200037925866,200075850807,37925866,37924941,75850807,YES
640,641,41,205000000000,205037859162,205075717498,37859162,37858336,75717498,YES
640,641,42,210000000000,210037805898,210075611065,37805898,37805167,75611065,YES
640,641,43,215000000000,215051519406,215106569506,51519406,55050100,106569506,YES
640,641,44,220000000000,220051502170,220103003447,51502170,51501277,103003447,YES
640,641,45,225000000000,225051497238,225102993712,51497238,51496474,102993712,YES
640,641,46,230000000000,230051785968,230103289926,51785968,51503958,103289926,YES
640,641,47,235000000000,235053837104,235105360778,53837104,51523674,105360778,YES
640,641,48,240000000000,240051807438,240103362899,51807438,51555461,103362899,YES
640,641,49,245000000000,245051599370,245103198536,51599370,51599166,103198536,YES
640,641,50,250000000000,250051654583,250103309110,51654583,51654527,103309110,YES
640,641,51,255000000000,255051721155,255103442403,51721155,51721248,103442403,YES
640,641,52,260000000000,260051798721,260105596124,51798721,53797403,105596124,YES
640,641,53,265000000000,265051886862,265105494490,51886862,53607628,105494490,YES
640,641,54,270000000000,270051985116,270107117649,51985116,55132533,107117649,YES
640,641,55,275000000000,275052092973,275104186628,52092973,52093655,104186628,YES
640,641,56,280000000000,280052209905,280104420621,52209905,52210716,104420621,YES
640,641,57,285000000000,285162874799,285215213952,162874799,52339153,215213952,YES
640,641,58,290000000000,290054440508,290108842319,54440508,54401811,108842319,YES
640,641,59,295000000000,295052643200,295106899165,52643200,54255965,106899165,YES
640,641,60,300000000000,300052790906,300105583082,52790906,52792176,105583082,YES
640,641,61,305000000000,305059490951,305118985024,59490951,59494073,118985024,YES
640,641,62,310000000000,310059620303,310119243823,59620303,59623520,119243823,YES
640,641,63,315000000000,315059790995,315119585308,59790995,59794313,119585308,YES
640,641,64,320000000000,320059969146,320119941684,59969146,59972538,119941684,YES
640,641,65,325000000000,325060154478,325120312422,60154478,60157944,120312422,YES
640,641,66,330000000000,330050107334,330100217313,50107334,50109979,100217313,YES
640,641,67,335000000000,335050240495,335101852228,50240495,51611733,101852228,YES
640,641,68,340000000000,340046283439,340092566503,46283439,46283064,92566503,YES
640,641,69,345000000000,345046153152,345092306014,46153152,46152862,92306014,YES
640,641,70,350000000000,350046130739,350218013842,46130739,171883103,218013842,YES
640,641,71,355000000000,355041074378,355082146738,41074378,41072360,82146738,YES
640,641,72,360000000000,360040847723,360081693495,40847723,40845772,81693495,YES
640,641,73,365000000000,365040625923,365081249919,40625923,40623996,81249919,YES
640,641,74,370000000000,370040409387,370080816908,40409387,40407521,80816908,YES
640,641,75,375000000000,375040198623,375080395429,40198623,40196806,80395429,YES
640,641,76,380000000000,380039994152,380079986551,39994152,39992399,79986551,YES
640,641,77,385000000000,385039796526,385079619662,39796526,39823136,79619662,YES
640,641,78,390000000000,390039606339,390079211057,39606339,39604718,79211057,YES
640,641,79,395000000000,395039424207,395079809485,39424207,40385278,79809485,YES
640,641,80,400000000000,400039250764,400079872446,39250764,40621682,79872446,YES
640,641,81,405000000000,405042715373,405081834120,42715373,39118747,81834120,YES
640,641,82,410000000000,410040603753,410079568541,40603753,38964788,79568541,YES
640,641,83,415000000000,415038822716,415077644181,38822716,38821465,77644181,YES
640,641,84,420000000000,420038690498,420077379829,38690498,38689331,77379829,YES
640,641,85,425000000000,425038570087,425077139098,38570087,38569011,77139098,YES
640,641,86,430000000000,430038428376,430076855766,38428376,38427390,76855766,YES
640,641,87,435000000000,435052016904,435104032697,52016904,52015793,104032697,YES
640,641,88,440000000000,440051961897,440107321398,51961897,55359501,107321398,YES
640,641,89,445000000000,445051917955,445103834818,51917955,51916863,103834818,YES
640,641,90,450000000000,450051872089,450103743205,51872089,51871116,103743205,YES
640,641,91,455000000000,455051839088,455103677327,51839088,51838239,103677327,YES
640,641,92,460000000000,460051819154,460103637595,51819154,51818441,103637595,YES
640,641,93,465000000000,465051812420,465103624266,51812420,51811846,103624266,YES
640,641,94,470000000000,470051818913,470107109538,51818913,55290625,107109538,YES
640,641,95,475000000000,475052062745,475103901038,52062745,51838293,103901038,YES
640,641,96,480000000000,480051871223,480103742318,51871223,51871095,103742318,YES
640,641,97,485000000000,485051916631,485103833286,51916631,51916655,103833286,YES
640,641,98,490000000000,490051974451,490103949077,51974451,51974626,103949077,YES
640,641,99,495000000000,495052044249,495104088839,52044249,52044590,104088839,YES
640,641,100,500000000000,500052125544,500104251575,52125544,52126031,104251575,YES
640,641,101,505000000000,505052217778,505104436187,52217778,52218409,104436187,YES
640,641,102,510000000000,510052320360,510104641486,52320360,52321126,104641486,YES
640,641,103,515000000000,515052432673,515104866239,52432673,52433566,104866239,YES
640,641,104,520000000000,520052554079,520105109181,52554079,52555102,105109181,YES
640,641,105,525000000000,525052683949,525105369036,52683949,52685087,105369036,YES
640,641,106,530000000000,530052821669,530105644582,52821669,52822913,105644582,YES
640,641,107,535000000000,535052966643,535107483643,52966643,54517000,107483643,YES
640,641,108,540000000000,540055409848,540110333508,55409848,54923660,110333508,YES
640,641,109,545000000000,545053681681,545106959351,53681681,53277670,106959351,YES
640,641,110,550000000000,550053439624,550107494780,53439624,54055156,107494780,YES
640,641,111,555000000000,555059477195,555119154176,59477195,59676981,119154176,YES
640,641,112,560000000000,560059446141,560118894103,59446141,59447962,118894103,YES
640,641,113,565000000000,565046268531,565092536592,46268531,46268061,92536592,YES
640,641,114,570000000000,570046133816,570092267245,46133816,46133429,92267245,YES
640,641,115,575000000000,575046005446,575092010596,46005446,46005150,92010596,YES
640,641,116,580000000000,580045883424,580091766641,45883424,45883217,91766641,YES
640,641,117,585000000000,585045767747,585091535363,45767747,45767616,91535363,YES
640,641,118,590000000000,590045658413,590091316769,45658413,45658356,91316769,YES
640,641,119,595000000000,595040769042,595081536166,40769042,40767124,81536166,YES
640,641,120,600000000000,600040554211,600081106543,40554211,40552332,81106543,YES
640,641,121,605000000000,605040344994,605080688171,40344994,40343177,80688171,YES
640,641,122,610000000000,610040141873,610080281982,40141873,40140109,80281982,YES
640,641,123,615000000000,615039945361,615079889023,39945361,39943662,79889023,YES
640,641,124,620000000000,620039755987,620079510347,39755987,39754360,79510347,YES
640,641,125,625000000000,625039574319,625079147071,39574319,39572752,79147071,YES
640,641,126,630000000000,630039400931,630078800356,39400931,39399425,78800356,YES
640,641,127,635000000000,635039270021,635078538608,39270021,39268587,78538608,YES
640,641,128,640000000000,640039114960,640078228561,39114960,39113601,78228561,YES
640,641,129,645000000000,645038969939,645077938604,38969939,38968665,77938604,YES
640,641,130,650000000000,650038835514,650077669835,38835514,38834321,77669835,YES
640,641,131,655000000000,655052313173,655108894037,52313173,56580864,108894037,YES
640,641,132,660000000000,660052231760,660209014802,52231760,156783042,209014802,YES
640,641,133,665000000000,665052161038,665106555990,52161038,54394952,106555990,YES
640,641,134,670000000000,670051557127,670103114374,51557127,51557247,103114374,YES
640,641,135,675000000000,675054351657,675105946711,54351657,51595054,105946711,YES
640,641,136,680000000000,680051644239,680103288809,51644239,51644570,103288809,YES
640,641,137,685000000000,685051705822,685103412093,51705822,51706271,103412093,YES
640,641,138,690000000000,690051779888,690103560360,51779888,51780472,103560360,YES
640,641,139,695000000000,695051866696,695103734117,51866696,51867421,103734117,YES
640,641,140,700000000000,700051966401,700103933661,51966401,51967260,103933661,YES
640,641,141,705000000000,705052079061,705104159140,52079061,52080079,104159140,YES
640,641,142,710000000000,710052204634,710104410438,52204634,52205804,104410438,YES
640,641,143,715000000000,715053307118,715105670622,53307118,52363504,105670622,YES
640,641,144,720000000000,720054591243,720107105780,54591243,52514537,107105780,YES
640,641,145,725000000000,725052656776,725105315182,52656776,52658406,105315182,YES
640,641,146,730000000000,730052831442,730105664660,52831442,52833218,105664660,YES
640,641,147,735000000000,735059642675,735112662134,59642675,53019459,112662134,YES
640,641,148,740000000000,740053213690,740106429465,53213690,53215775,106429465,YES
640,641,149,745000000000,745053420070,745106842355,53420070,53422285,106842355,YES
640,641,150,750000000000,750053635753,750107273858,53635753,53638105,107273858,YES
640,641,151,755000000000,755053860096,755107722649,53860096,53862553,107722649,YES
640,641,152,760000000000,760055218666,760109313730,55218666,54095064,109313730,YES
640,641,153,765000000000,765054332104,765108666904,54332104,54334800,108666904,YES
640,641,154,770000000000,770054612124,770109227040,54612124,54614916,109227040,YES
640,641,155,775000000000,775054864712,775109732316,54864712,54867604,109732316,YES
640,641,156,780000000000,780083770386,780167540505,83770386,83770119,167540505,YES
640,641,157,785000000000,785083850091,785167700132,83850091,83850041,167700132,YES
640,641,158,790000000000,790078404619,790188240444,78404619,109835825,188240444,YES
640,641,159,795000000000,795078315959,795166301778,78315959,87985819,166301778,YES
640,641,160,800000000000,800079462228,800163573501,79462228,84111273,163573501,YES
640,641,161,805000000000,805079146991,805157311862,79146991,78164871,157311862,YES
640,641,162,810000000000,810081643578,810159745645,81643578,78102067,159745645,YES
640,641,163,815000000000,815081462211,815159510079,81462211,78047868,159510079,YES
640,641,164,820000000000,820078001090,820156003367,78001090,78002277,156003367,YES
640,641,165,825000000000,825078383953,825156349180,78383953,77965227,156349180,YES
640,641,166,830000000000,830077935213,830155871965,77935213,77936752,155871965,YES
640,641,167,835000000000,835081731220,835159648017,81731220,77916797,159648017,YES
640,641,168,840000000000,840077994670,840156307160,77994670,78312490,156307160,YES
640,641,169,845000000000,845079051079,845159655790,79051079,80604711,159655790,YES
640,641,170,850000000000,850084079886,850170978435,84079886,86898549,170978435,YES
640,641,171,855000000000,855081559515,855163117141,81559515,81557626,163117141,YES
640,641,172,860000000000,860081450977,860162900195,81450977,81449218,162900195,YES
640,641,173,865000000000,865081351658,865164390333,81351658,83038675,164390333,YES
640,641,174,870000000000,870081262129,870162522793,81262129,81260664,162522793,YES
640,641,175,875000000000,875088714438,875169929579,88714438,81215141,169929579,YES
640,641,176,880000000000,880081148352,880163873220,81148352,82724868,163873220,YES
640,641,177,885000000000,885081091674,885162182352,81091674,81090678,162182352,YES
640,641,178,890000000000,890051913015,890110620379,51913015,58707364,110620379,YES
640,641,179,895000000000,895051911120,895103821971,51911120,51910851,103821971,YES
640,641,180,900000000000,900051919001,900103837805,51919001,51918804,103837805,YES
640,641,181,905000000000,905051937143,905103874168,51937143,51937025,103874168,YES
640,641,182,910000000000,910051965995,910103931961,51965995,51965966,103931961,YES
640,641,183,915000000000,915052005949,915104011961,52005949,52006012,104011961,YES
640,641,184,920000000000,920052057353,920104114868,52057353,52057515,104114868,YES
640,641,185,925000000000,925052120493,925104241248,52120493,52120755,104241248,YES
640,641,186,930000000000,930052195598,930105456805,52195598,53261207,105456805,YES
640,641,187,935000000000,935052282834,935106106247,52282834,53823413,106106247,YES
640,641,188,940000000000,940052382303,940104888710,52382303,52506407,104888710,YES
640,641,189,945000000000,945052494045,945104988872,52494045,52494827,104988872,YES
640,641,190,950000000000,950052618033,950105311865,52618033,52693832,105311865,YES
640,641,191,955000000000,955052754165,955105509403,52754165,52755238,105509403,YES
640,641,192,960000000000,960052902261,960105805749,52902261,52903488,105805749,YES
640,641,193,965000000000,965053062073,965106125547,53062073,53063474,106125547,YES
640,641,194,970000000000,970053233277,970106468111,53233277,53234834,106468111,YES
640,641,195,975000000000,975053415475,975106832658,53415475,53417183,106832658,YES
640,641,196,980000000000,980053608210,980107218271,53608210,53610061,107218271,YES
640,641,197,985000000000,985053810937,985107623873,53810937,53812936,107623873,YES
640,641,198,990000000000,990054023107,990108048376,54023107,54025269,108048376,YES
640,641,199,995000000000,995054244133,995108610672,54244133,54366539,108610672,YES
640,641,200,1000000000000,1000054473403,1000109519901,54473403,55046498,109519901,YES
640,641,201,1005000000000,1005054710318,1005109423182,54710318,54712864,109423182,YES
640,641,202,1010000000000,1010054987871,1010109978403,54987871,54990532,109978403,YES
640,641,203,1015000000000,1015053112621,1015106226600,53112621,53113979,106226600,YES
640,641,204,1020000000000,1020040272871,1020080545125,40272871,40272254,80545125,YES
640,641,205,1025000000000,1025079937194,1025158114521,79937194,78177327,158114521,YES
640,641,206,1030000000000,1030078096330,1030159409744,78096330,81313414,159409744,YES
640,641,207,1035000000000,1035078024329,1035157370701,78024329,79346372,157370701,YES
640,641,208,1040000000000,1040077961112,1040161341954,77961112,83380842,161341954,YES
640,641,209,1045000000000,1045083664033,1045161571677,83664033,77907644,161571677,YES
640,641,210,1050000000000,1050080149943,1050164923815,80149943,84773872,164923815,YES
640,641,211,1055000000000,1055077823915,1055161713573,77823915,83889658,161713573,YES
640,641,212,1060000000000,1060081126580,1060160917113,81126580,79790533,160917113,YES
640,641,213,1065000000000,1065077775777,1065155553306,77775777,77777529,155553306,YES
640,641,214,1070000000000,1070077764626,1070155531161,77764626,77766535,155531161,YES
640,641,215,1075000000000,1075077762081,1075155526218,77762081,77764137,155526218,YES
640,641,216,1080000000000,1080077768164,1080161726462,77768164,83958298,161726462,YES
640,641,217,1085000000000,1085085980554,1085176123151,85980554,90142597,176123151,YES
640,641,218,1090000000000,1090090520431,1090180644750,90520431,90124319,180644750,YES
640,641,219,1095000000000,1095081471538,1095172392281,81471538,90920743,172392281,YES
640,641,220,1100000000000,1100081456395,1100166242619,81456395,84786224,166242619,YES
640,641,221,1105000000000,1105092698362,1105174030614,92698362,81332252,174030614,YES
640,641,222,1110000000000,1110052080822,1110107396632,52080822,55315810,107396632,YES
640,641,223,1115000000000,1115052056753,1115104618150,52056753,52561397,104618150,YES
640,641,224,1120000000000,1120053158088,1120105199104,53158088,52041016,105199104,YES
640,641,225,1125000000000,1125052035218,1125104070150,52035218,52034932,104070150,YES
640,641,226,1130000000000,1130052038871,1130104077526,52038871,52038655,104077526,YES
640,641,227,1135000000000,1135052052841,1135104105546,52052841,52052705,104105546,YES
640,641,228,1140000000000,1140052077604,1140104155153,52077604,52077549,104155153,YES
640,641,229,1145000000000,1145052113586,1145104227208,52113586,52113622,104227208,YES
640,641,230,1150000000000,1150052161149,1150104322422,52161149,52161273,104322422,YES
640,641,231,1155000000000,1155052220587,1155104441405,52220587,52220818,104441405,YES
640,641,232,1160000000000,1160052292130,1160104584603,52292130,52292473,104584603,YES
640,641,233,1165000000000,1165052375931,1165104752327,52375931,52376396,104752327,YES
640,641,234,1170000000000,1170052472081,1170104944759,52472081,52472678,104944759,YES
640,641,235,1175000000000,1175052580602,1175105161928,52580602,52581326,105161928,YES
640,641,236,1180000000000,1180052701441,1180105403751,52701441,52702310,105403751,YES
640,641,237,1185000000000,1185052834492,1185105670001,52834492,52835509,105670001,YES
640,641,238,1190000000000,1190052979568,1190105960301,52979568,52980733,105960301,YES
640,641,239,1195000000000,1195053136418,1195106274171,53136418,53137753,106274171,YES
641,642,0,0,101620738,203242735,101620738,101621997,203242735,YES
641,642,1,5000000000,5101660273,5203322059,101660273,101661786,203322059,YES
641,642,2,10000000000,10101712369,10205505685,101712369,103793316,205505685,YES
641,642,3,15000000000,15101776436,15205680122,101776436,103903686,205680122,YES
641,642,4,20000000000,20106903686,20208757813,106903686,101854127,208757813,YES
641,642,5,25000000000,25104940677,25206881181,104940677,101940504,206881181,YES
641,642,6,30000000000,30211335214,30313374463,211335214,102039249,313374463,YES
641,642,7,35000000000,35102140490,35204283695,102140490,102143205,204283695,YES
641,642,8,40000000000,40106293915,40208552430,106293915,102258515,208552430,YES
641,642,9,45000000000,45102379134,45204761300,102379134,102382166,204761300,YES
641,642,10,50000000000,50102510745,50205024658,102510745,102513913,205024658,YES
641,642,11,55000000000,55102649917,55205303131,102649917,102653214,205303131,YES
641,642,12,60000000000,60011561065,60023122101,11561065,11561036,23122101,YES
641,642,13,65000000000,65011618922,65023237835,11618922,11618913,23237835,YES
641,642,14,70000000000,70011684010,70023368030,11684010,11684020,23368030,YES
641,642,15,75000000000,75011756172,75023512374,11756172,11756202,23512374,YES
641,642,16,80000000000,80011835246,80023670542,11835246,11835296,23670542,YES
641,642,17,85000000000,85011921064,85023842197,11921064,11921133,23842197,YES
641,642,18,90000000000,90099943860,90199884102,99943860,99940242,199884102,YES
641,642,19,95000000000,95102859210,95202714439,102859210,99855229,202714439,YES
641,642,20,100000000000,100101739287,100201517245,101739287,99777958,201517245,YES
641,642,21,105000000000,105018274043,105036547414,18274043,18273371,36547414,YES
641,642,22,110000000000,110018092227,110038461134,18092227,20368907,38461134,YES
641,642,23,115000000000,115017914373,115036283369,17914373,18368996,36283369,YES
641,642,24,120000000000,120017740859,120035481132,17740859,17740273,35481132,YES
641,642,25,125000000000,125017572095,125035143627,17572095,17571532,35143627,YES
641,642,26,130000000000,130017408531,130034816522,17408531,17407991,34816522,YES
641,642,27,135000000000,135017250655,135034500793,17250655,17250138,34500793,YES
641,642,28,140000000000,140017098987,140034197498,17098987,17098511,34197498,YES
641,642,29,145000000000,145018981166,145035934765,18981166,16953599,35934765,YES
641,642,30,150000000000,150019186111,150036002186,19186111,16816075,36002186,YES
641,642,31,155000000000,155017056593,155033743188,17056593,16686595,33743188,YES
641,642,32,160000000000,160016566030,160033131715,16566030,16565685,33131715,YES
641,642,33,165000000000,165016454321,165032908343,16454321,16454022,32908343,YES
641,642,34,170000000000,170016352501,170032704744,16352501,16352243,32704744,YES
641,642,35,175000000000,175016261184,175032522150,16261184,16260966,32522150,YES
641,642,36,180000000000,180016180947,180032361721,16180947,16180774,32361721,YES
641,642,37,185000000000,185016112312,185039529331,16112312,23417019,39529331,YES
641,642,38,190000000000,190016055724,190033585442,16055724,17529718,33585442,YES
641,642,39,195000000000,195016011540,195032023044,16011540,16011504,32023044,YES
641,642,40,200000000000,200015980019,200031960052,15980019,15980033,31960052,YES
641,642,41,205000000000,205015961306,205031922667,15961306,15961361,31922667,YES
641,642,42,210000000000,210015955439,210031910975,15955439,15955536,31910975,YES
641,642,43,215000000000,215019130069,215035121362,19130069,15991293,35121362,YES
641,642,44,220000000000,220015981832,220031963842,15981832,15982010,31963842,YES
641,642,45,225000000000,225016013640,225032027495,16013640,16013855,32027495,YES
641,642,46,230000000000,230016057400,230032115060,16057400,16057660,32115060,YES
641,642,47,235000000000,235016112679,235032225653,16112679,16112974,32225653,YES
641,642,48,240000000000,240016178990,240032358308,16178990,16179318,32358308,YES
641,642,49,245000000000,245016255795,245032511947,16255795,16256152,32511947,YES
641,642,50,250000000000,250016342538,250032685454,16342538,16342916,32685454,YES
641,642,51,255000000000,255017188344,255033627390,17188344,16439046,33627390,YES
641,642,52,260000000000,260016543468,260033087360,16543468,16543892,33087360,YES
641,642,53,265000000000,265016656487,265033313417,16656487,16656930,33313417,YES
641,642,54,270000000000,270018700106,270035477723,18700106,16777617,35477723,YES
641,642,55,275000000000,275016904771,275033810036,16904771,16905265,33810036,YES
641,642,56,280000000000,280017038952,280034078427,17038952,17039475,34078427,YES
641,642,57,285000000000,285017179145,285034358828,17179145,17179683,34358828,YES
641,642,58,290000000000,290017324875,290034650300,17324875,17325425,34650300,YES
641,642,59,295000000000,295017475697,295034951959,17475697,17476262,34951959,YES
641,642,60,300000000000,300017631206,300035263006,17631206,17631800,35263006,YES
641,642,61,305000000000,305106810854,305213620700,106810854,106809846,213620700,YES
641,642,62,310000000000,310107601001,310214461632,107601001,106860631,214461632,YES
641,642,63,315000000000,315011897248,315023794459,11897248,11897211,23794459,YES
641,642,64,320000000000,320011880981,320023761944,11880981,11880963,23761944,YES
641,642,65,325000000000,325011873097,325023746195,11873097,11873098,23746195,YES
641,642,66,330000000000,330012079063,330024157788,12079063,12078725,24157788,YES
641,642,67,335000000000,335011994916,335023989505,11994916,11994589,23989505,YES
641,642,68,340000000000,340099721531,340199439612,99721531,99718081,199439612,YES
641,642,69,345000000000,345102920538,345205850356,102920538,102929818,205850356,YES
641,642,70,350000000000,350017654449,350035308267,17654449,17653818,35308267,YES
641,642,71,355000000000,355017474674,355034948731,17474674,17474057,34948731,YES
641,642,72,360000000000,360017299063,360034597542,17299063,17298479,34597542,YES
641,642,73,365000000000,365017128012,365034255457,17128012,17127445,34255457,YES
641,642,74,370000000000,370016961950,370033923369,16961950,16961419,33923369,YES
641,642,75,375000000000,375016801349,375033602187,16801349,16800838,33602187,YES
641,642,76,380000000000,380016646727,380033292965,16646727,16646238,33292965,YES
641,642,77,385000000000,385016498603,385032996743,16498603,16498140,32996743,YES
641,642,78,390000000000,390017318805,390033675916,17318805,16357111,33675916,YES
641,642,79,395000000000,395016224259,395032448109,16224259,16223850,32448109,YES
641,642,80,400000000000,400016099299,400032768249,16099299,16668950,32768249,YES
641,642,81,405000000000,405015983359,405031966394,15983359,15983035,31966394,YES
641,642,82,410000000000,410015877116,410031753944,15877116,15876828,31753944,YES
641,642,83,415000000000,415015781240,415031562228,15781240,15780988,31562228,YES
641,642,84,420000000000,420015696379,420031392543,15696379,15696164,31392543,YES
641,642,85,425000000000,425015623146,425031246117,15623146,15622971,31246117,YES
641,642,86,430000000000,430015562089,430031124043,15562089,15561954,31124043,YES
641,642,87,435000000000,435015513681,435031027268,15513681,15513587,31027268,YES
641,642,88,440000000000,440015478289,440030956526,15478289,15478237,30956526,YES
641,642,89,445000000000,445015456174,445030912337,15456174,15456163,30912337,YES
641,642,90,450000000000,450015447460,450030894951,15447460,15447491,30894951,YES
641,642,91,455000000000,455015452149,455030904368,15452149,15452219,30904368,YES
641,642,92,460000000000,460015470103,460030940314,15470103,15470211,30940314,YES
641,642,93,465000000000,465015501061,465031002268,15501061,15501207,31002268,YES
641,642,94,470000000000,470015544647,470031089477,15544647,15544830,31089477,YES
641,642,95,475000000000,475015600394,475031201012,15600394,15600618,31201012,YES
641,642,96,480000000000,480015667748,480031335753,15667748,15668005,31335753,YES
641,642,97,485000000000,485015746103,485031492494,15746103,15746391,31492494,YES
641,642,98,490000000000,490015834813,490031669943,15834813,15835130,31669943,YES
641,642,99,495000000000,495015933214,495031866772,15933214,15933558,31866772,YES
641,642,100,500000000000,500016040636,500032081650,16040636,16041014,32081650,YES
641,642,101,505000000000,505016156421,505032313242,16156421,16156821,32313242,YES
641,642,102,510000000000,510016279927,510032560277,16279927,16280350,32560277,YES
641,642,103,515000000000,515016410545,515032821548,16410545,16411003,32821548,YES
641,642,104,520000000000,520016547698,520033095871,16547698,16548173,33095871,YES
641,642,105,525000000000,525016690856,525033382188,16690856,16691332,33382188,YES
641,642,106,530000000000,530016839486,530033679463,16839486,16839977,33679463,YES
641,642,107,535000000000,535016993138,535033986798,16993138,16993660,33986798,YES
641,642,108,540000000000,540094440372,540199367325,94440372,104926953,199367325,YES
641,642,109,545000000000,545093913892,545187831016,93913892,93917124,187831016,YES
641,642,110,550000000000,550103022893,550203259117,103022893,100236224,203259117,YES
641,642,111,555000000000,555100618265,555201974563,100618265,101356298,201974563,YES
641,642,112,560000000000,560099783149,560199562742,99783149,99779593,199562742,YES
641,642,113,565000000000,565099691776,565199380100,99691776,99688324,199380100,YES
641,642,114,570000000000,570099608607,570199578844,99608607,99970237,199578844,YES
641,642,115,575000000000,575099533773,575199906251,99533773,100372478,199906251,YES
641,642,116,580000000000,580107612486,580212657744,107612486,105045258,212657744,YES
641,642,117,585000000000,585105664042,585205070624,105664042,99406582,205070624,YES
641,642,118,590000000000,590103726263,590203083927,103726263,99357664,203083927,YES
641,642,119,595000000000,595099320278,595198637868,99320278,99317590,198637868,YES
641,642,120,600000000000,600017711236,600035421912,17711236,17710676,35421912,YES
641,642,121,605000000000,605017541519,605035082499,17541519,17540980,35082499,YES
641,642,122,610000000000,610017376858,610034753199,17376858,17376341,34753199,YES
641,642,123,615000000000,615017217708,615034434935,17217708,17217227,34434935,YES
641,642,124,620000000000,620017064557,620034128659,17064557,17064102,34128659,YES
641,642,125,625000000000,625016917926,625033835441,16917926,16917515,33835441,YES
641,642,126,630000000000,630016778364,630033556346,16778364,16777982,33556346,YES
641,642,127,635000000000,635016646447,635033292552,16646447,16646105,33292552,YES
641,642,128,640000000000,640016522773,640033045237,16522773,16522464,33045237,YES
641,642,129,645000000000,645016407949,645032815624,16407949,16407675,32815624,YES
641,642,130,650000000000,650016302588,650032604939,16302588,16302351,32604939,YES
641,642,131,655000000000,655016207308,655032414404,16207308,16207096,32414404,YES
641,642,132,660000000000,660016122666,660032245161,16122666,16122495,32245161,YES
641,642,133,665000000000,665016049226,665032098323,16049226,16049097,32098323,YES
641,642,134,670000000000,670105850184,670207720280,105850184,101870096,207720280,YES
641,642,135,675000000000,675101866850,675203734532,101866850,101867682,203734532,YES
641,642,136,680000000000,680102612597,680204407376,102612597,101794779,204407376,YES
641,642,137,685000000000,685101727475,685203454348,101727475,101726873,203454348,YES
641,642,138,690000000000,690101674315,690204778015,101674315,103103700,204778015,YES
641,642,139,695000000000,695101636346,695208677913,101636346,107041567,208677913,YES
641,642,140,700000000000,700107353335,700212655427,107353335,105302092,212655427,YES
641,642,141,705000000000,705108055602,705209662055,108055602,101606453,209662055,YES
641,642,142,710000000000,710101613063,710203226953,101613063,101613890,203226953,YES
641,642,143,715000000000,715105779743,715208184113,105779743,102404370,208184113,YES
641,642,144,720000000000,720103771967,720215436279,103771967,111664312,215436279,YES
641,642,145,725000000000,725111106610,725223884405,111106610,112777795,223884405,YES
641,642,146,730000000000,730117256790,730219497389,117256790,102240599,219497389,YES
641,642,147,735000000000,735107510783,735209427093,107510783,101916310,209427093,YES
641,642,148,740000000000,740101942910,740203888018,101942910,101945108,203888018,YES
641,642,149,745000000000,745102040226,745204082842,102040226,102042616,204082842,YES
641,642,150,750000000000,750102147917,750204298401,102147917,102150484,204298401,YES
641,642,151,755000000000,755102265358,755204533449,102265358,102268091,204533449,YES
641,642,152,760000000000,760102391959,760204786790,102391959,102394831,204786790,YES
641,642,153,765000000000,765102527109,765205057255,102527109,102530146,205057255,YES
641,642,154,770000000000,770102670292,770206949657,102670292,104279365,206949657,YES
641,642,155,775000000000,775102821006,775235729704,102821006,132908698,235729704,YES
641,642,156,780000000000,780102978780,780216010439,102978780,113031659,216010439,YES
641,642,157,785000000000,785006093200,785012186525,6093200,6093325,12186525,YES
641,642,158,790000000000,790011892588,790023784784,11892588,11892196,23784784,YES
641,642,159,795000000000,795011775460,795023550535,11775460,11775075,23550535,YES
641,642,160,800000000000,800011664594,800023328808,11664594,11664214,23328808,YES
641,642,161,805000000000,805011560203,805023120053,11560203,11559850,23120053,YES
641,642,162,810000000000,810011462497,810022924651,11462497,11462154,22924651,YES
641,642,163,815000000000,815011371672,815022743011,11371672,11371339,22743011,YES
641,642,164,820000000000,820011287908,820022575494,11287908,11287586,22575494,YES
641,642,165,825000000000,825011211371,825022422432,11211371,11211061,22422432,YES
641,642,166,830000000000,830011142217,830022284137,11142217,11141920,22284137,YES
641,642,167,835000000000,835011080593,835022160902,11080593,11080309,22160902,YES
641,642,168,840000000000,840011026638,840022053005,11026638,11026367,22053005,YES
641,642,169,845000000000,845102622798,845205268933,102622798,102646135,205268933,YES
641,642,170,850000000000,850102487589,850209561478,102487589,107073889,209561478,YES
641,642,171,855000000000,855102360383,855204718654,102360383,102358271,204718654,YES
641,642,172,860000000000,860102208129,860204414358,102208129,102206229,204414358,YES
641,642,173,865000000000,865102098614,865208350063,102098614,106251449,208350063,YES
641,642,174,870000000000,870103868069,870205865487,103868069,101997418,205865487,YES
641,642,175,875000000000,875101909526,875203817899,101909526,101908373,203817899,YES
641,642,176,880000000000,880101831281,880208435185,101831281,106603904,208435185,YES
641,642,177,885000000000,885205932571,885314518829,205932571,108586258,314518829,YES
641,642,178,890000000000,890101710804,890203421293,101710804,101710489,203421293,YES
641,642,179,895000000000,895101669931,895203652013,101669931,101982082,203652013,YES
641,642,180,900000000000,900104171674,900206502639,104171674,102330965,206502639,YES
641,642,181,905000000000,905118698720,905220463777,118698720,101765057,220463777,YES
641,642,182,910000000000,910101572589,910203144212,101572589,101571623,203144212,YES
641,642,183,915000000000,915101501167,915203001687,101501167,101500520,203001687,YES
641,642,184,920000000000,920101445318,920205212532,101445318,103767214,205212532,YES
641,642,185,925000000000,925103067914,925204473116,103067914,101405202,204473116,YES
641,642,186,930000000000,930105443362,930207170255,105443362,101726893,207170255,YES
641,642,187,935000000000,935104717580,935206090554,104717580,101372974,206090554,YES
641,642,188,940000000000,940107274290,940208683408,107274290,101409118,208683408,YES
641,642,189,945000000000,945105207460,945206665392,105207460,101457932,206665392,YES
641,642,190,950000000000,950104670727,950206110304,104670727,101439577,206110304,YES
641,642,191,955000000000,955101489035,955202979704,101489035,101490669,202979704,YES
641,642,192,960000000000,960101553402,960203108667,101553402,101555265,203108667,YES
641,642,193,965000000000,965101630587,965203263252,101630587,101632665,203263252,YES
641,642,194,970000000000,970101719878,970203442050,101719878,101722172,203442050,YES
641,642,195,975000000000,975101820568,975206988083,101820568,105167515,206988083,YES
641,642,196,980000000000,980101931949,980203866564,101931949,101934615,203866564,YES
641,642,197,985000000000,985102053340,985204109523,102053340,102056183,204109523,YES
641,642,198,990000000000,990102184082,990204371163,102184082,102187081,204371163,YES
641,642,199,995000000000,995109503130,995215138992,109503130,105635862,215138992,YES
641,642,200,1000000000000,1000143119773,1000248289092,143119773,105169319,248289092,YES
641,642,201,1005000000000,1005102626483,1005205256383,102626483,102629900,205256383,YES
641,642,202,1010000000000,1010005751543,1010011503213,5751543,5751670,11503213,YES
641,642,203,1015000000000,1015097840748,1015194937610,97840748,97096862,194937610,YES
641,642,204,1020000000000,1020093590563,1020192994340,93590563,99403777,192994340,YES
641,642,205,1025000000000,1025011581245,1025023162116,11581245,11580871,23162116,YES
641,642,206,1030000000000,1030011464761,1030022929151,11464761,11464390,22929151,YES
641,642,207,1035000000000,1035011354987,1035022709611,11354987,11354624,22709611,YES
641,642,208,1040000000000,1040011252163,1040022503972,11252163,11251809,22503972,YES
641,642,209,1045000000000,1045011156503,1045022312663,11156503,11156160,22312663,YES
641,642,210,1050000000000,1050011068202,1050022136071,11068202,11067869,22136071,YES
641,642,211,1055000000000,1055010987430,1055021974537,10987430,10987107,21974537,YES
641,642,212,1060000000000,1060010914342,1060021828372,10914342,10914030,21828372,YES
641,642,213,1065000000000,1065010849076,1065021697852,10849076,10848776,21697852,YES
641,642,214,1070000000000,1070010791757,1070021583242,10791757,10791485,21583242,YES
641,642,215,1075000000000,1075010742502,1075021484745,10742502,10742243,21484745,YES
641,642,216,1080000000000,1080010701429,1080021402612,10701429,10701183,21402612,YES
641,642,217,1085000000000,1085109775388,1085356375576,109775388,246600188,356375576,YES
641,642,218,1090000000000,1090109898343,1090212117807,109898343,102219464,212117807,YES
641,642,219,1095000000000,1095102941796,1095205049825,102941796,102108029,205049825,YES
641,642,220,1100000000000,1100102007506,1100204532927,102007506,102525421,204532927,YES
641,642,221,1105000000000,1105101915442,1105205155609,101915442,103240167,205155609,YES
641,642,222,1110000000000,1110103410162,1110206452021,103410162,103041859,206452021,YES
641,642,223,1115000000000,1115106077723,1115207841744,106077723,101764021,207841744,YES
641,642,224,1120000000000,1120101707636,1120203414868,101707636,101707232,203414868,YES
641,642,225,1125000000000,1125101663572,1125203327044,101663572,101663472,203327044,YES
641,642,226,1130000000000,1130101627945,1130204602379,101627945,102974434,204602379,YES
641,642,227,1135000000000,1135101833529,1135203355463,101833529,101521934,203355463,YES
641,642,228,1140000000000,1140101433638,1140213158163,101433638,111724525,213158163,YES
641,642,229,1145000000000,1145101476098,1145202834844,101476098,101358746,202834844,YES
641,642,230,1150000000000,1150101301093,1150202601815,101301093,101300722,202601815,YES
641,642,231,1155000000000,1155101258810,1155202517573,101258810,101258763,202517573,YES
641,642,232,1160000000000,1160101232692,1160202465654,101232692,101232962,202465654,YES
641,642,233,1165000000000,1165101222676,1165203119057,101222676,101896381,203119057,YES
641,642,234,1170000000000,1170101228564,1170202458000,101228564,101229436,202458000,YES
641,642,235,1175000000000,1175101250001,1175202501159,101250001,101251158,202501159,YES
641,642,236,1180000000000,1180101286533,1180202574496,101286533,101287963,202574496,YES
641,642,237,1185000000000,1185101337597,1185208334842,101337597,106997245,208334842,YES
641,642,238,1190000000000,1190101402539,1190206803789,101402539,105401250,206803789,YES
641,642,239,1195000000000,1195111505224,1195212988205,111505224,101482981,212988205,YES
642,643,0,0,33798716,67597802,33798716,33799086,67597802,YES
642,643,1,5000000000,5033866811,5067734064,33866811,33867253,67734064,YES
642,643,2,10000000000,10033944889,10067890292,33944889,33945403,67890292,YES
642,643,3,15000000000,15101021542,15204189933,101021542,103168391,204189933,YES
642,643,4,20000000000,20101052358,20208663634,101052358,107611276,208663634,YES
642,643,5,25000000000,25125941108,25227037390,125941108,101096282,227037390,YES
642,643,6,30000000000,30107147040,30208296787,107147040,101149747,208296787,YES
642,643,7,35000000000,35102287467,35203501475,102287467,101214008,203501475,YES
642,643,8,40000000000,40101286570,40202575147,101286570,101288577,202575147,YES
642,643,9,45000000000,45101370789,45205937270,101370789,104566481,205937270,YES
642,643,10,50000000000,50101464392,50202931167,101464392,101466775,202931167,YES
642,643,11,55000000000,55101566949,55203136444,101566949,101569495,203136444,YES
642,643,12,60000000000,60101678019,60203358739,101678019,101680720,203358739,YES
642,643,13,65000000000,65101797183,65206426436,101797183,104629253,206426436,YES
642,643,14,70000000000,70106805823,70211221087,106805823,104415264,211221087,YES
642,643,15,75000000000,75104454047,75208911241,104454047,104457194,208911241,YES
642,643,16,80000000000,80104503654,80209010586,104503654,104506932,209010586,YES
642,643,17,85000000000,85104560970,85209125331,104560970,104564361,209125331,YES
642,643,18,90000000000,90102435935,90204872002,102435935,102436067,204872002,YES
642,643,19,95000000000,95102427375,95204855084,102427375,102427709,204855084,YES
642,643,20,100000000000,100102428745,100208562245,102428745,106133500,208562245,YES
642,643,21,105000000000,105035754396,105071507519,35754396,35753123,71507519,YES
642,643,22,110000000000,110036857444,110072512018,36857444,35654574,72512018,YES
642,643,23,115000000000,115101772993,115197475429,101772993,95702436,197475429,YES
642,643,24,120000000000,120099614611,120195771496,99614611,96156885,195771496,YES
642,643,25,125000000000,125101568047,125196817073,101568047,95249026,196817073,YES
642,643,26,130000000000,130095105573,130190208195,95105573,95102622,190208195,YES
642,643,27,135000000000,135094965326,135189927840,94965326,94962514,189927840,YES
642,643,28,140000000000,140094831927,140196395581,94831927,101563654,196395581,YES
642,643,29,145000000000,145094705814,145202035968,94705814,107330154,202035968,YES
642,643,30,150000000000,150094587425,150189172401,94587425,94584976,189172401,YES
642,643,31,155000000000,155094477247,155188952192,94477247,94474945,188952192,YES
642,643,32,160000000000,160094375785,160188749417,94375785,94373632,188749417,YES
642,643,33,165000000000,165094283541,165188565107,94283541,94281566,188565107,YES
642,643,34,170000000000,170099100534,170193299695,99100534,94199161,193299695,YES
642,643,35,175000000000,175094128799,175188255980,94128799,94127181,188255980,YES
642,643,36,180000000000,180094067334,180188133243,94067334,94065909,188133243,YES
642,643,37,185000000000,185113589304,185207605040,113589304,94015736,207605040,YES
642,643,38,190000000000,190108919182,190202896736,108919182,93977554,202896736,YES
642,643,39,195000000000,195093952322,195187903867,93952322,93951545,187903867,YES
642,643,40,200000000000,200095781918,200200738884,95781918,104956966,200738884,YES
642,643,41,205000000000,205093937467,205187874630,93937467,93937163,187874630,YES
642,643,42,210000000000,210093949455,210187898855,93949455,93949400,187898855,YES
642,643,43,215000000000,215093957598,215190065005,93957598,96107407,190065005,YES
642,643,44,220000000000,220095007691,220188942743,95007691,93935052,188942743,YES
642,643,45,225000000000,225093927013,225187853609,93927013,93926596,187853609,YES
642,643,46,230000000000,230094286155,230195981138,94286155,101694983,195981138,YES
642,643,47,235000000000,235093948435,235190815566,93948435,96867131,190815566,YES
642,643,48,240000000000,240096658365,240190636789,96658365,93978424,190636789,YES
642,643,49,245000000000,245096320076,245190374120,96320076,94054044,190374120,YES
642,643,50,250000000000,250094106904,250188214639,94106904,94107735,188214639,YES
642,643,51,255000000000,255094171625,255193728462,94171625,99556837,193728462,YES
642,643,52,260000000000,260098221056,260192562906,98221056,94341850,192562906,YES
642,643,53,265000000000,265096767000,265191160122,96767000,94393122,191160122,YES
642,643,54,270000000000,270094428163,270193157948,94428163,98729785,193157948,YES
642,643,55,275000000000,275094532699,275189067279,94532699,94534580,189067279,YES
642,643,56,280000000000,280094645885,280201074133,94645885,106428248,201074133,YES
642,643,57,285000000000,-1,-1,-1,-1,-1,LOST
642,643,58,290000000000,290039993061,290079986912,39993061,39993851,79986912,YES
642,643,59,295000000000,295039994316,295079989469,39994316,39995153,79989469,YES
642,643,60,300000000000,300040002031,300080004935,40002031,40002904,80004935,YES
642,643,61,305000000000,305040016122,305080033163,40016122,40017041,80033163,YES
642,643,62,310000000000,310040036525,310080074008,40036525,40037483,80074008,YES
642,643,63,315000000000,315102510182,315204122090,102510182,101611908,204122090,YES
642,643,64,320000000000,320101572132,320203143692,101572132,101571560,203143692,YES
642,643,65,325000000000,325101542036,325203083709,101542036,101541673,203083709,YES
642,643,66,330000000000,330101522532,330203044911,101522532,101522379,203044911,YES
642,643,67,335000000000,335114985070,335216498825,114985070,101513755,216498825,YES
642,643,68,340000000000,340101549191,340208608726,101549191,107059535,208608726,YES
642,643,69,345000000000,345101561794,345203124069,101561794,101562275,203124069,YES
642,643,70,350000000000,350035192161,350070383065,35192161,35190904,70383065,YES
642,643,71,355000000000,355035105658,355070210084,35105658,35104426,70210084,YES
642,643,72,360000000000,360035025162,360070049117,35025162,35023955,70049117,YES
642,643,73,365000000000,365094612520,365189222030,94612520,94609510,189222030,YES
642,643,74,370000000000,370096068215,370191368510,96068215,95300295,191368510,YES
642,643,75,375000000000,375095671055,375195649167,95671055,99978112,195649167,YES
642,643,76,380000000000,380094171158,380192328819,94171158,98157661,192328819,YES
642,643,77,385000000000,385094037806,385188073114,94037806,94035308,188073114,YES
642,643,78,390000000000,390093912153,390187821967,93912153,93909814,187821967,YES
642,643,79,395000000000,395093794733,395187587293,93794733,93792560,187587293,YES
642,643,80,400000000000,400096488053,400193624431,96488053,97136378,193624431,YES
642,643,81,405000000000,405093586920,405187172024,93586920,93585104,187172024,YES
642,643,82,410000000000,410093497730,410189217852,93497730,95720122,189217852,YES
642,643,83,415000000000,415094802437,415188220193,94802437,93417756,188220193,YES
642,643,84,420000000000,420095142851,420188493532,95142851,93350681,188493532,YES
642,643,85,425000000000,425093296493,425186592014,93296493,93295521,186592014,YES
642,643,86,430000000000,430119704826,430212957441,119704826,93252615,212957441,YES
642,643,87,435000000000,435093866795,435191457289,93866795,97590494,191457289,YES
642,643,88,440000000000,440119618782,440212825502,119618782,93206720,212825502,YES
642,643,89,445000000000,445093288151,445186486962,93288151,93198811,186486962,YES
642,643,90,450000000000,450093154761,450186308786,93154761,93154025,186308786,YES
642,643,91,455000000000,455093123948,455186247435,93123948,93123487,186247435,YES
642,643,92,460000000000,460093107427,460186214668,93107427,93107241,186214668,YES
642,643,93,465000000000,465093105123,465186210334,93105123,93105211,186210334,YES
642,643,94,470000000000,470093116853,470189471503,93116853,96354650,189471503,YES
642,643,95,475000000000,475097319028,475193414091,97319028,96095063,193414091,YES
642,643,96,480000000000,480093181072,480186363010,93181072,93181938,186363010,YES
642,643,97,485000000000,485093266284,485186533674,93266284,93267390,186533674,YES
642,643,98,490000000000,490093378572,490186710097,93378572,93331525,186710097,YES
642,643,99,495000000000,495093405806,495186813164,93405806,93407358,186813164,YES
642,643,100,500000000000,500093492528,500186986801,93492528,93494273,186986801,YES
642,643,101,505000000000,505095783759,505189375444,95783759,93591685,189375444,YES
642,643,102,510000000000,510095069640,510188768531,95069640,93698891,188768531,YES
642,643,103,515000000000,515093812987,515187628271,93812987,93815284,187628271,YES
642,643,104,520000000000,520093937886,520191193965,93937886,97256079,191193965,YES
642,643,105,525000000000,525098324000,525192397594,98324000,94073594,192397594,YES
642,643,106,530000000000,530096444386,530194568297,96444386,98123911,194568297,YES
642,643,107,535000000000,535040171818,535080344566,40171818,40172748,80344566,YES
642,643,108,540000000000,540101749588,540203498084,101749588,101748496,203498084,YES
642,643,109,545000000000,545101679137,545203357399,101679137,101678262,203357399,YES
642,643,110,550000000000,550101619024,550204898081,101619024,103279057,204898081,YES
642,643,111,555000000000,555102132003,555203701075,102132003,101569072,203701075,YES
642,643,112,560000000000,560108246058,560213683360,108246058,105437302,213683360,YES
642,643,113,565000000000,565109397292,565210900473,109397292,101503181,210900473,YES
642,643,114,570000000000,570101486760,570202973761,101486760,101487001,202973761,YES
642,643,115,575000000000,575107794854,575213983169,107794854,106188315,213983169,YES
642,643,116,580000000000,580101487855,580202976405,101487855,101488550,202976405,YES
642,643,117,585000000000,585106837598,585208344014,106837598,101506416,208344014,YES
642,643,118,590000000000,590105909829,590207479038,105909829,101569209,207479038,YES
642,643,119,595000000000,595101608283,595203217910,101608283,101609627,203217910,YES
642,643,120,600000000000,600034832335,600069663403,34832335,34831068,69663403,YES
642,643,121,605000000000,605034745986,605069490727,34745986,34744741,69490727,YES
642,643,122,610000000000,610096585466,610196936752,96585466,100351286,196936752,YES
642,643,123,615000000000,615094584892,615195989627,94584892,101404735,195989627,YES
642,643,124,620000000000,620094443902,620188884976,94443902,94441074,188884976,YES
642,643,125,625000000000,625094310031,625188617367,94310031,94307336,188617367,YES
642,643,126,630000000000,630095854875,630190036071,95854875,94181196,190036071,YES
642,643,127,635000000000,635094065781,635188129140,94065781,94063359,188129140,YES
642,643,128,640000000000,640097796073,640191750310,97796073,93954237,191750310,YES
642,643,129,645000000000,645097425679,645191280349,97425679,93854670,191280349,YES
642,643,130,650000000000,650093767208,650187532488,93767208,93765280,187532488,YES
642,643,131,655000000000,655096860098,655190546691,96860098,93686593,190546691,YES
642,643,132,660000000000,660096166810,660189786259,96166810,93619449,189786259,YES
642,643,133,665000000000,665095764178,665189328637,95764178,93564459,189328637,YES
642,643,134,670000000000,670093523360,670187045639,93523360,93522279,187045639,YES
642,643,135,675000000000,675093494291,675186987744,93494291,93493453,186987744,YES
642,643,136,680000000000,680093426474,680188543741,93426474,95117267,188543741,YES
642,643,137,685000000000,685093365419,685186729396,93365419,93363977,186729396,YES
642,643,138,690000000000,690100360591,690202281535,100360591,101920944,202281535,YES
642,643,139,695000000000,695098329087,695191615685,98329087,93286598,191615685,YES
642,643,140,700000000000,700096312513,700189582836,96312513,93270323,189582836,YES
642,643,141,705000000000,705093269216,705186538126,93269216,93268910,186538126,YES
642,643,142,710000000000,710093282187,710186564357,93282187,93282170,186564357,YES
642,643,143,715000000000,715101352418,715194662247,101352418,93309829,194662247,YES
642,643,144,720000000000,720105383106,720198734500,105383106,93351394,198734500,YES
642,643,145,725000000000,725097041161,725195054134,97041161,98012973,195054134,YES
642,643,146,730000000000,730093738961,730191122962,93738961,97384001,191122962,YES
642,643,147,735000000000,735093585830,735190854549,93585830,97268719,190854549,YES
642,643,148,740000000000,740093676774,740187355096,93676774,93678322,187355096,YES
642,643,149,745000000000,745093778463,745187597568,93778463,93819105,187597568,YES
642,643,150,750000000000,750093890202,750187782374,93890202,93892172,187782374,YES
642,643,151,755000000000,755094011326,755188024829,94011326,94013503,188024829,YES
642,643,152,760000000000,760094141195,760188284742,94141195,94143547,188284742,YES
642,643,153,765000000000,765039293502,765078587798,39293502,39294296,78587798,YES
642,643,154,770000000000,770039285208,770078571260,39285208,39286052,78571260,YES
642,643,155,775000000000,775039283754,775078568385,39283754,39284631,78568385,YES
642,643,156,780000000000,780039289095,780078579108,39289095,39290013,78579108,YES
642,643,157,785000000000,785100867709,785201734170,100867709,100866461,201734170,YES
642,643,158,790000000000,790109735546,790210503627,109735546,100768081,210503627,YES
642,643,159,795000000000,795111083704,795211798502,111083704,100714798,211798502,YES
642,643,160,800000000000,800102965067,800206064761,102965067,103099694,206064761,YES
642,643,161,805000000000,805100644025,805208201012,100644025,107556987,208201012,YES
642,643,162,810000000000,810100995103,810204755092,100995103,103759989,204755092,YES
642,643,163,815000000000,815106967890,815211479875,106967890,104511985,211479875,YES
642,643,164,820000000000,820100661456,820201323304,100661456,100661848,201323304,YES
642,643,165,825000000000,825100680783,825202123673,100680783,101442890,202123673,YES
642,643,166,830000000000,830103792204,830208964722,103792204,105172518,208964722,YES
642,643,167,835000000000,835102889755,835206959141,102889755,104069386,206959141,YES
642,643,168,840000000000,840100812015,840203797892,100812015,102985877,203797892,YES
642,643,169,845000000000,845034387253,845068773305,34387253,34386052,68773305,YES
642,643,170,850000000000,850034317979,850068634783,34317979,34316804,68634783,YES
642,643,171,855000000000,855094093561,855188184296,94093561,94090735,188184296,YES
642,643,172,860000000000,860093914704,860187826722,93914704,93912018,187826722,YES
642,643,173,865000000000,865093776424,865187550299,93776424,93773875,187550299,YES
642,643,174,870000000000,870093645690,870190425461,93645690,96779771,190425461,YES
642,643,175,875000000000,875093523100,875187043962,93523100,93520862,187043962,YES
642,643,176,880000000000,880093409297,880186816526,93409297,93407229,186816526,YES
642,643,177,885000000000,885096054727,885295513849,96054727,199459122,295513849,YES
642,643,178,890000000000,890100106472,890193315532,100106472,93209060,193315532,YES
642,643,179,895000000000,895093127743,895186254001,93127743,93126258,186254001,YES
642,643,180,900000000000,900093056345,900186111430,93056345,93055085,186111430,YES
642,643,181,905000000000,905095600423,905209827112,95600423,114226689,209827112,YES
642,643,182,910000000000,910092913995,910185826194,92913995,92912199,185826194,YES
642,643,183,915000000000,915092825901,915185650276,92825901,92824375,185650276,YES
642,643,184,920000000000,920094519699,920187270801,94519699,92751102,187270801,YES
642,643,185,925000000000,925092693927,925185386899,92693927,92692972,185386899,YES
642,643,186,930000000000,930092650947,930185301235,92650947,92650288,185301235,YES
642,643,187,935000000000,935093664073,935186287374,93664073,92623301,186287374,YES
642,643,188,940000000000,940092612156,940185224245,92612156,92612089,185224245,YES
642,643,189,945000000000,945092616313,945195481592,92616313,102865279,195481592,YES
642,643,190,950000000000,950092635874,950193789177,92635874,101153303,193789177,YES
642,643,191,955000000000,955092670429,955185341646,92670429,92671217,185341646,YES
642,643,192,960000000000,960092719444,960185439939,92719444,92720495,185439939,YES
642,643,193,965000000000,965092782282,965185565871,92782282,92783589,185565871,YES
642,643,194,970000000000,970092858236,970185718013,92858236,92859777,185718013,YES
642,643,195,975000000000,975092980154,975185962073,92980154,92981919,185962073,YES
642,643,196,980000000000,980093080065,980186162116,93080065,93082051,186162116,YES
642,643,197,985000000000,985093190797,985186383787,93190797,93192990,186383787,YES
642,643,198,990000000000,990093311596,990201469060,93311596,108157464,201469060,YES
642,643,199,995000000000,995095788352,995199503840,95788352,103715488,199503840,YES
642,643,200,1000000000000,1000039025839,1000078052503,39025839,39026664,78052503,YES
642,643,201,1005000000000,1005039019284,1005078039441,39019284,39020157,78039441,YES
642,643,202,1010000000000,1010100607604,1010201213612,100607604,100606008,201213612,YES
642,643,203,1015000000000,1015109066952,1015209556795,109066952,100489843,209556795,YES
642,643,204,1020000000000,1020104310769,1020204729713,104310769,100418944,204729713,YES
642,643,205,1025000000000,1025100360803,1025200720707,100360803,100359904,200720707,YES
642,643,206,1030000000000,1030100313759,1030200626858,100313759,100313099,200626858,YES
642,643,207,1035000000000,1035102650658,1035202929571,102650658,100278913,202929571,YES
642,643,208,1040000000000,1040100614865,1040200872519,100614865,100257654,200872519,YES
642,643,209,1045000000000,1045101164603,1045207666065,101164603,106501462,207666065,YES
642,643,210,1050000000000,1050104117302,1050206610034,104117302,102492732,206610034,YES
642,643,211,1055000000000,1055106868712,1055207175259,106868712,100306547,207175259,YES
642,643,212,1060000000000,1060101599350,1060201937435,101599350,100338085,201937435,YES
642,643,213,1065000000000,1065100381605,1065200764331,100381605,100382726,200764331,YES
642,643,214,1070000000000,1070100438870,1070200879101,100438870,100440231,200879101,YES
642,643,215,1075000000000,1075100508714,1075201472504,100508714,100963790,201472504,YES
642,643,216,1080000000000,1080106337736,1080213866239,106337736,107528503,213866239,YES
642,643,217,1085000000000,1085034067076,1085279954324,34067076,245887248,279954324,YES
642,643,218,1090000000000,1090033977041,1090101288189,33977041,67311148,101288189,YES
642,643,219,1095000000000,1095093807137,1095188048112,93807137,94240975,188048112,YES
642,643,220,1100000000000,1100094233864,1100187905637,94233864,93671773,187905637,YES
642,643,221,1105000000000,1105093549192,1105187096114,93549192,93546922,187096114,YES
642,643,222,1110000000000,1110093432692,1110186863279,93432692,93430587,186863279,YES
642,643,223,1115000000000,1115093325415,1115186648903,93325415,93323488,186648903,YES
642,643,224,1120000000000,1120093228097,1120186454456,93228097,93226359,186454456,YES
642,643,225,1125000000000,1125100622510,1125193762371,100622510,93139861,193762371,YES
642,643,226,1130000000000,1130094207413,1130187268091,94207413,93060678,187268091,YES
642,643,227,1135000000000,1135098821067,1135191762761,98821067,92941694,191762761,YES
642,643,228,1140000000000,1140097126154,1140189962128,97126154,92835974,189962128,YES
642,643,229,1145000000000,1145092745773,1145185489958,92745773,92744185,185489958,YES
642,643,230,1150000000000,1150092668182,1150185335055,92668182,92666873,185335055,YES
642,643,231,1155000000000,1155092605734,1155185210446,92605734,92604712,185210446,YES
642,643,232,1160000000000,1160092558883,1160185117039,92558883,92558156,185117039,YES
642,643,233,1165000000000,1165092527935,1165185055445,92527935,92527510,185055445,YES
642,643,234,1170000000000,1170092513030,1170185025931,92513030,92512901,185025931,YES
642,643,235,1175000000000,1175092514113,1175185028395,92514113,92514282,185028395,YES
642,643,236,1180000000000,1180092530972,1180185062406,92530972,92531434,185062406,YES
642,643,237,1185000000000,1185093299911,1185185863889,93299911,92563978,185863889,YES
642,643,238,1190000000000,1190092610367,1190185221748,92610367,92611381,185221748,YES
642,643,239,1195000000000,1195092671748,1195191766960,92671748,99095212,191766960,YES
643,644,0,0,72551054,145102687,72551054,72551633,145102687,YES
643,644,1,5000000000,5072565177,5145131083,72565177,72565906,145131083,YES
643,644,2,10000000000,10072591542,10145183962,72591542,72592420,145183962,YES
643,644,3,15000000000,15057547249,15115094058,57547249,57546809,115094058,YES
643,644,4,20000000000,20057487710,20114975091,57487710,57487381,114975091,YES
643,644,5,25000000000,25057439127,25114878041,57439127,57438914,114878041,YES
643,644,6,30000000000,30057401164,30114802216,57401164,57401052,114802216,YES
643,644,7,35000000000,35057373425,35120642346,57373425,63268921,120642346,YES
643,644,8,40000000000,40052872659,40105746077,52872659,52873418,105746077,YES
643,644,9,45000000000,45054282091,45107180843,54282091,52898752,107180843,YES
643,644,10,50000000000,50053664454,50106598582,53664454,52934128,106598582,YES
643,644,11,55000000000,55052978411,55105957838,52978411,52979427,105957838,YES
643,644,12,60000000000,60053033382,60106067870,53033382,53034488,106067870,YES
643,644,13,65000000000,65054376644,65107475706,54376644,53099062,107475706,YES
643,644,14,70000000000,70055661649,70111322595,55661649,55660946,111322595,YES
643,644,15,75000000000,75055652005,75111303395,55652005,55651390,111303395,YES
643,644,16,80000000000,80055651835,80111303146,55651835,55651311,111303146,YES
643,644,17,85000000000,85055661067,85111321702,55661067,55660635,111321702,YES
643,644,18,90000000000,90055679590,90111358842,55679590,55679252,111358842,YES
643,644,19,95000000000,95054245586,95108490458,54245586,54244872,108490458,YES
643,644,20,100000000000,100054111746,100108222872,54111746,54111126,108222872,YES
643,644,21,105000000000,105053986762,105107973013,53986762,53986251,107973013,YES
643,644,22,110000000000,110053870919,110107741419,53870919,53870500,107741419,YES
643,644,23,115000000000,115071231819,115143525142,71231819,72293323,143525142,YES
643,644,24,120000000000,120071126534,120142251009,71126534,71124475,142251009,YES
643,644,25,125000000000,125071030202,125142058434,71030202,71028232,142058434,YES
643,644,26,130000000000,130070943207,130141884557,70943207,70941350,141884557,YES
643,644,27,135000000000,135071327555,135142201304,71327555,70873749,142201304,YES
643,644,28,140000000000,140074094610,140148188968,74094610,74094358,148188968,YES
643,644,29,145000000000,145074120418,145148240690,74120418,74120272,148240690,YES
643,644,30,150000000000,150074154750,150148309473,74154750,74154723,148309473,YES
643,644,31,155000000000,155074198167,155148396432,74198167,74198265,148396432,YES
643,644,32,160000000000,160074251229,160148502694,74251229,74251465,148502694,YES
643,644,33,165000000000,165074314513,165148629393,74314513,74314880,148629393,YES
643,644,34,170000000000,170074388547,170148777610,74388547,74389063,148777610,YES
643,644,35,175000000000,175074473829,175148948331,74473829,74474502,148948331,YES
643,644,36,180000000000,180074570816,180149142469,74570816,74571653,149142469,YES
643,644,37,185000000000,185074679896,185155431219,74679896,80751323,155431219,YES
643,644,38,190000000000,190074801360,190365504301,74801360,290702941,365504301,YES
643,644,39,195000000000,195074935425,195149953411,74935425,75017986,149953411,YES
643,644,40,200000000000,200075082187,200150165895,75082187,75083708,150165895,YES
643,644,41,205000000000,205075241647,205150484996,75241647,75243349,150484996,YES
643,644,42,210000000000,210075413693,210150829273,75413693,75415580,150829273,YES
643,644,43,215000000000,215075598115,215151198293,75598115,75600178,151198293,YES
643,644,44,220000000000,220078381197,220151159325,78381197,72778128,151159325,YES
643,644,45,225000000000,225079065560,225151806881,79065560,72741321,151806881,YES
643,644,46,230000000000,230077094181,230156479770,77094181,79385589,156479770,YES
643,644,47,235000000000,235072705020,235145410754,72705020,72705734,145410754,YES
643,644,48,240000000000,240077719271,240150426269,77719271,72706998,150426269,YES
643,644,49,245000000000,245078421265,245151247223,78421265,72825958,151247223,YES
643,644,50,250000000000,250072779645,250145560455,72779645,72780810,145560455,YES
643,644,51,255000000000,255072818063,255145637428,72818063,72819365,145637428,YES
643,644,52,260000000000,260072868395,260145738234,72868395,72869839,145738234,YES
643,644,53,265000000000,265072930267,265145862100,72930267,72931833,145862100,YES
643,644,54,270000000000,270073003241,270146008172,73003241,73004931,146008172,YES
643,644,55,275000000000,275073101367,275146190016,73101367,73088649,146190016,YES
643,644,56,280000000000,280073180597,280146363095,73180597,73182498,146363095,YES
643,644,57,285000000000,285079411828,285152697904,79411828,73286076,152697904,YES
643,644,58,290000000000,290055421462,290112465466,55421462,57044004,112465466,YES
643,644,59,295000000000,295055385097,295110769324,55385097,55384227,110769324,YES
643,644,60,300000000000,300055358639,300110716496,55358639,55357857,110716496,YES
643,644,61,305000000000,305055342143,305113032868,55342143,57690725,113032868,YES
643,644,62,310000000000,310055335615,310110670640,55335615,55335025,110670640,YES
643,644,63,315000000000,315055339012,315110677531,55339012,55338519,110677531,YES
643,644,64,320000000000,320055352248,320110704104,55352248,55351856,110704104,YES
643,644,65,325000000000,325055375194,325110750100,55375194,55374906,110750100,YES
643,644,66,330000000000,330055407696,330110815206,55407696,55407510,110815206,YES
643,644,67,335000000000,335055449554,335110899027,55449554,55449473,110899027,YES
643,644,68,340000000000,340055534157,340111068339,55534157,55534182,111068339,YES
643,644,69,345000000000,345053543632,345107086892,53543632,53543260,107086892,YES
643,644,70,350000000000,350053428678,350106857086,53428678,53428408,106857086,YES
643,644,71,355000000000,355053322900,355106645636,53322900,53322736,106645636,YES
643,644,72,360000000000,360052162418,360104325165,52162418,52162747,104325165,YES
643,644,73,365000000000,365074138247,365148275765,74138247,74137518,148275765,YES
643,644,74,370000000000,370074142721,370148284784,74142721,74142063,148284784,YES
643,644,75,375000000000,375074120534,375148240495,74120534,74119961,148240495,YES
643,644,76,380000000000,380074139400,380148278313,74139400,74138913,148278313,YES
643,644,77,385000000000,385074166232,385148332081,74166232,74165849,148332081,YES
643,644,78,390000000000,390074201579,390148402877,74201579,74201298,148402877,YES
643,644,79,395000000000,395074245970,395148491782,74245970,74245812,148491782,YES
643,644,80,400000000000,400074299972,400148599892,74299972,74299920,148599892,YES
643,644,81,405000000000,405074364106,405148728298,74364106,74364192,148728298,YES
643,644,82,410000000000,410074438887,410151136942,74438887,76698055,151136942,YES
643,644,83,415000000000,415074524782,415149049937,74524782,74525155,149049937,YES
643,644,84,420000000000,420074622209,420149244950,74622209,74622741,149244950,YES
643,644,85,425000000000,425074731540,425149463768,74731540,74732228,149463768,YES
643,644,86,430000000000,430074853051,430149706964,74853051,74853913,149706964,YES
643,644,87,435000000000,435079167951,435154156052,79167951,74988101,154156052,YES
643,644,88,440000000000,440078478419,440151852286,78478419,73373867,151852286,YES
643,644,89,445000000000,445072171643,445144342697,72171643,72171054,144342697,YES
643,644,90,450000000000,450072098146,450144195888,72098146,72097742,144195888,YES
643,644,91,455000000000,455072037819,455144075428,72037819,72037609,144075428,YES
643,644,92,460000000000,460071991009,460146071141,71991009,74080132,146071141,YES
643,644,93,465000000000,465071957953,465143938086,71957953,71980133,143938086,YES
643,644,94,470000000000,470071976548,470145861769,71976548,73885221,145861769,YES
643,644,95,475000000000,475071933570,475143867689,71933570,71934119,143867689,YES
643,644,96,480000000000,480071942187,480145612139,71942187,73669952,145612139,YES
643,644,97,485000000000,485074912833,485149690602,74912833,74777769,149690602,YES
643,644,98,490000000000,490072033701,490144068458,72033701,72034757,144068458,YES
643,644,99,495000000000,495072082311,495144165830,72082311,72083519,144165830,YES
643,644,100,500000000000,500073290712,500145435510,73290712,72144798,145435510,YES
643,644,101,505000000000,505072216533,505146262455,72216533,74045922,146262455,YES
643,644,102,510000000000,510076492170,510150137401,76492170,73645231,150137401,YES
643,644,103,515000000000,515074646482,515147044624,74646482,72398142,147044624,YES
643,644,104,520000000000,520077314339,520154498846,77314339,77184507,154498846,YES
643,644,105,525000000000,525077394397,525158325392,77394397,80930995,158325392,YES
643,644,106,530000000000,530077617784,530156445885,77617784,78828101,156445885,YES
643,644,107,535000000000,535055580927,535112910425,55580927,57329498,112910425,YES
643,644,108,540000000000,540055553940,540111106885,55553940,55552945,111106885,YES
643,644,109,545000000000,545055536818,545111072732,55536818,55535914,111072732,YES
643,644,110,550000000000,550063362827,550118891568,63362827,55528741,118891568,YES
643,644,111,555000000000,555056723169,555112254559,56723169,55531390,112254559,YES
643,644,112,560000000000,560055544375,560111088143,55544375,55543768,111088143,YES
643,644,113,565000000000,565055566276,565111132053,55566276,55565777,111132053,YES
643,644,114,570000000000,570055597668,570111194946,55597668,55597278,111194946,YES
643,644,115,575000000000,575055638394,575111276511,55638394,55638117,111276511,YES
643,644,116,580000000000,580055688280,580111376395,55688280,55688115,111376395,YES
643,644,117,585000000000,585052417316,585104834511,52417316,52417195,104834511,YES
643,644,118,590000000000,590052379915,590104759817,52379915,52379902,104759817,YES
643,644,119,595000000000,595052317452,595104634997,52317452,52317545,104634997,YES
643,644,120,600000000000,600056313772,600108577703,56313772,52263931,108577703,YES
643,644,121,605000000000,605052219089,605104438481,52219089,52219392,104438481,YES
643,644,122,610000000000,610074365923,610148731247,74365923,74365324,148731247,YES
643,644,123,615000000000,615074389149,615148777796,74389149,74388647,148777796,YES
643,644,124,620000000000,620074420520,620148840648,74420520,74420128,148840648,YES
643,644,125,625000000000,625074460593,625148920907,74460593,74460314,148920907,YES
643,644,126,630000000000,630074509901,630149854436,74509901,75344535,149854436,YES
643,644,127,635000000000,635074568984,635149137936,74568984,74568952,149137936,YES
643,644,128,640000000000,640074638371,640151795883,74638371,77157512,151795883,YES
643,644,129,645000000000,645074718569,645149437382,74718569,74718813,149437382,YES
643,644,130,650000000000,650074810041,650149620487,74810041,74810446,149620487,YES
643,644,131,655000000000,655074913201,655149826978,74913201,74913777,149826978,YES
643,644,132,660000000000,660075028404,660150057562,75028404,75029158,150057562,YES
643,644,133,665000000000,665072150846,665147614413,72150846,75463567,147614413,YES
643,644,134,670000000000,670084563278,670163615144,84563278,79051866,163615144,YES
643,644,135,675000000000,675072051535,675144102920,72051535,72051385,144102920,YES
643,644,136,680000000000,680071976379,680143952265,71976379,71975886,143952265,YES
643,644,137,685000000000,685072580363,685144488364,72580363,71908001,144488364,YES
643,644,138,690000000000,690071854158,690143708230,71854158,71854072,143708230,YES
643,644,139,695000000000,695071814245,695143628608,71814245,71814363,143628608,YES
643,644,140,700000000000,700071788741,700149590960,71788741,77802219,149590960,YES
643,644,141,705000000000,705071777713,705143555936,71777713,71778223,143555936,YES
643,644,142,710000000000,710071781093,710157335928,71781093,85554835,157335928,YES
643,644,143,715000000000,715071798696,715155352671,71798696,83553975,155352671,YES
643,644,144,720000000000,720071830224,720153383467,71830224,81553243,153383467,YES
643,644,145,725000000000,725075779833,725152431445,75779833,76651612,152431445,YES
643,644,146,730000000000,730071966933,730143935232,71966933,71968299,143935232,YES
643,644,147,735000000000,735072037459,735144076430,72037459,72038971,144076430,YES
643,644,148,740000000000,740072119823,740145490403,72119823,73370580,145490403,YES
643,644,149,745000000000,745072213379,745144428525,72213379,72215146,144428525,YES
643,644,150,750000000000,750077163795,750154331146,77163795,77167351,154331146,YES
643,644,151,755000000000,755077353274,755154710243,77353274,77356969,154710243,YES
643,644,152,760000000000,760077552873,760155109540,77552873,77556667,155109540,YES
643,644,153,765000000000,765054910806,765109820426,54910806,54909620,109820426,YES
643,644,154,770000000000,770054855182,770109709277,54855182,54854095,109709277,YES
643,644,155,775000000000,775054810157,775109619319,54810157,54809162,109619319,YES
643,644,156,780000000000,780054775919,780110625207,54775919,55849288,110625207,YES
643,644,157,785000000000,785054752604,785109504411,54752604,54751807,109504411,YES
643,644,158,790000000000,790057316054,790112055642,57316054,54739588,112055642,YES
643,644,159,795000000000,795054738960,795109477344,54738960,54738384,109477344,YES
643,644,160,800000000000,800059265856,800114931303,59265856,55665447,114931303,YES
643,644,161,805000000000,805061375048,805116143857,61375048,54768809,116143857,YES
643,644,162,810000000000,810054994541,810109794664,54994541,54800123,109794664,YES
643,644,163,815000000000,815054875711,815116179071,54875711,61303360,116179071,YES
643,644,164,820000000000,820054927763,820109855546,54927763,54927783,109855546,YES
643,644,165,825000000000,825054989839,825109979821,54989839,54989982,109979821,YES
643,644,166,830000000000,830055166931,830113011877,55166931,57844946,113011877,YES
643,644,167,835000000000,835052870831,835107478137,52870831,54607306,107478137,YES
643,644,168,840000000000,840052794650,840105589341,52794650,52794691,105589341,YES
643,644,169,845000000000,845052729059,845105458266,52729059,52729207,105458266,YES
643,644,170,850000000000,850056299132,850108153517,56299132,51854385,108153517,YES
643,644,171,855000000000,855074795296,855149445196,74795296,74649900,149445196,YES
643,644,172,860000000000,860074668996,860149337386,74668996,74668390,149337386,YES
643,644,173,865000000000,865074695025,865149389538,74695025,74694513,149389538,YES
643,644,174,870000000000,870074729197,870149457972,74729197,74728775,149457972,YES
643,644,175,875000000000,875074772031,875149543758,74772031,74771727,149543758,YES
643,644,176,880000000000,880074824069,880149647957,74824069,74823888,149647957,YES
643,644,177,885000000000,885074885846,885149771642,74885846,74885796,149771642,YES
643,644,178,890000000000,890074957886,890149915868,74957886,74957982,149915868,YES
643,644,179,895000000000,895075040687,895150081623,75040687,75040936,150081623,YES
643,644,180,900000000000,900075301031,900151041588,75301031,75740557,151041588,YES
643,644,181,905000000000,905078200229,905155250186,78200229,77049957,155250186,YES
643,644,182,910000000000,910072078580,910144851552,72078580,72772972,144851552,YES
643,644,183,915000000000,915071965867,915146094959,71965867,74129092,146094959,YES
643,644,184,920000000000,920071865573,920143730334,71865573,71864761,143730334,YES
643,644,185,925000000000,925071778340,925144040725,71778340,72262385,144040725,YES
643,644,186,930000000000,930071704749,930143409109,71704749,71704360,143409109,YES
643,644,187,935000000000,935071645287,935143290401,71645287,71645114,143290401,YES
643,644,188,940000000000,940079045037,940150645362,79045037,71600325,150645362,YES
643,644,189,945000000000,945075118092,945146688518,75118092,71570426,146688518,YES
643,644,190,950000000000,950077954564,950149514115,77954564,71559551,149514115,YES
643,644,191,955000000000,955071554682,955143110026,71554682,71555344,143110026,YES
643,644,192,960000000000,960071569201,960143139256,71569201,71570055,143139256,YES
643,644,193,965000000000,965071598268,965143197576,71598268,71599308,143197576,YES
643,644,194,970000000000,970071641502,970143284220,71641502,71642718,143284220,YES
643,644,195,975000000000,975077656892,975149390369,77656892,71733477,149390369,YES
643,644,196,980000000000,980071802057,980143605645,71802057,71803588,143605645,YES
643,644,197,985000000000,985071884568,985143770811,71884568,71886243,143770811,YES
643,644,198,990000000000,990071978884,990143959574,71978884,71980690,143959574,YES
643,644,199,995000000000,995077143039,995154289691,77143039,77146652,154289691,YES
643,644,200,1000000000000,1000056471338,1000111113026,56471338,54641688,111113026,YES
643,644,201,1005000000000,1005054589802,1005109178507,54589802,54588705,109178507,YES
643,644,202,1010000000000,1010054547808,1010109094621,54547808,54546813,109094621,YES
643,644,203,1015000000000,1015054517121,1015109033352,54517121,54516231,109033352,YES
643,644,204,1020000000000,1020054497878,1020110080319,54497878,55582441,110080319,YES
643,644,205,1025000000000,1025054490150,1025108979640,54490150,54489490,108979640,YES
643,644,206,1030000000000,1030054493948,1030108987356,54493948,54493408,108987356,YES
643,644,207,1035000000000,1035054509220,1035109018026,54509220,54508806,109018026,YES
643,644,208,1040000000000,1040054535856,1040109071423,54535856,54535567,109071423,YES
643,644,209,1045000000000,1045054573683,1045109147210,54573683,54573527,109147210,YES
643,644,210,1050000000000,1050054656086,1050110117239,54656086,55461153,110117239,YES
643,644,211,1055000000000,1055054715593,1055109431294,54715593,54715701,109431294,YES
643,644,212,1060000000000,1060054785484,1060109684173,54785484,54898689,109684173,YES
643,644,213,1065000000000,1065054865409,1065109731190,54865409,54865781,109731190,YES
643,644,214,1070000000000,1070054954972,1070109910445,54954972,54955473,109910445,YES
643,644,215,1075000000000,1075051761399,1075103523312,51761399,51761913,103523312,YES
643,644,216,1080000000000,1080051732983,1080103466594,51732983,51733611,103466594,YES
643,644,217,1085000000000,-1,-1,-1,-1,-1,LOST
643,644,218,1090000000000,1090086693168,1090138364185,86693168,51671017,138364185,YES
643,644,219,1095000000000,1095075006926,1095150013272,75006926,75006346,150013272,YES
643,644,220,1100000000000,1100075039263,1100150078044,75039263,75038781,150078044,YES
643,644,221,1105000000000,1105081124395,1105156203965,81124395,75079570,156203965,YES
643,644,222,1110000000000,1110075129321,1110150258387,75129321,75129066,150258387,YES
643,644,223,1115000000000,1115075188081,1115150376023,75188081,75187942,150376023,YES
643,644,224,1120000000000,1120079261205,1120154517956,79261205,75256751,154517956,YES
643,644,225,1125000000000,1125072391944,1125150018781,72391944,77626837,150018781,YES
643,644,226,1130000000000,1130072287672,1130144573679,72287672,72286007,144573679,YES
643,644,227,1135000000000,1135077642334,1135149789078,77642334,72146744,149789078,YES
643,644,228,1140000000000,1140074745007,1140146763579,74745007,72018572,146763579,YES
643,644,229,1145000000000,1145071903086,1145146927856,71903086,75024770,146927856,YES
643,644,230,1150000000000,1150071798565,1150143596248,71798565,71797683,143596248,YES
643,644,231,1155000000000,1155071707051,1155143413432,71707051,71706381,143413432,YES
643,644,232,1160000000000,1160071629173,1160143257889,71629173,71628716,143257889,YES
643,644,233,1165000000000,1165071565472,1165143130707,71565472,71565235,143130707,YES
643,644,234,1170000000000,1170071516395,1170143032774,71516395,71516379,143032774,YES
643,644,235,1175000000000,1175071482263,1175142964729,71482263,71482466,142964729,YES
643,644,236,1180000000000,1180071463272,1180142926962,71463272,71463690,142926962,YES
643,644,237,1185000000000,1185079248898,1185150709000,79248898,71460102,150709000,YES
643,644,238,1190000000000,1190071470772,1190145855376,71470772,74384604,145855376,YES
643,644,239,1195000000000,1195071496944,1195151727147,71496944,80230203,151727147,YES
644,645,0,0,90010359,180019921,90010359,90009562,180019921,YES
644,645,1,5000000000,5090008298,5180016073,90008298,90007775,180016073,YES
644,645,2,10000000000,10090582420,10180602069,90582420,90019649,180602069,YES
644,645,3,15000000000,15090044839,15180089697,90044839,90044858,180089697,YES
644,645,4,20000000000,20090082733,20184245319,90082733,94162586,184245319,YES
644,645,5,25000000000,25090133122,25188266210,90133122,98133088,188266210,YES
644,645,6,30000000000,30090195520,30300361225,90195520,210165705,300361225,YES
644,645,7,35000000000,35090269399,35180539823,90269399,90270424,180539823,YES
644,645,8,40000000000,40060687390,40121375975,60687390,60688585,121375975,YES
644,645,9,45000000000,45060830578,45121662493,60830578,60831915,121662493,YES
644,645,10,50000000000,50060983241,50121967965,60983241,60984724,121967965,YES
644,645,11,55000000000,55061145191,55122292026,61145191,61146835,122292026,YES
644,645,12,60000000000,60061316191,60122634178,61316191,61317987,122634178,YES
644,645,13,65000000000,65061495983,65203904375,61495983,142408392,203904375,YES
644,645,14,70000000000,70061684278,70127584625,61684278,65900347,127584625,YES
644,645,15,75000000000,75061880767,75123763782,61880767,61883015,123763782,YES
644,645,16,80000000000,80052458850,80104919476,52458850,52460626,104919476,YES
644,645,17,85000000000,85052578256,85105158403,52578256,52580147,105158403,YES
644,645,18,90000000000,90052707056,90105416110,52707056,52709054,105416110,YES
644,645,19,95000000000,95107803578,95197025646,107803578,89222068,197025646,YES
644,645,20,100000000000,100094344909,100259352701,94344909,165007792,259352701,YES
644,645,21,105000000000,105089187060,105181672256,89187060,92485196,181672256,YES
644,645,22,110000000000,110089123219,110179752914,89123219,90629695,179752914,YES
644,645,23,115000000000,115090628181,115179585925,90628181,88957744,179585925,YES
644,645,24,120000000000,120090374299,120179232185,90374299,88857886,179232185,YES
644,645,25,125000000000,125088768555,125181180268,88768555,92411713,181180268,YES
644,645,26,130000000000,130088688486,130177376541,88688486,88688055,177376541,YES
644,645,27,135000000000,135088618966,135177237744,88618966,88618778,177237744,YES
644,645,28,140000000000,140052968169,140105936276,52968169,52968107,105936276,YES
644,645,29,145000000000,145052933118,145105866268,52933118,52933150,105866268,YES
644,645,30,150000000000,150052906287,150105812706,52906287,52906419,105812706,YES
644,645,31,155000000000,155052888222,155105776683,52888222,52888461,105776683,YES
644,645,32,160000000000,160052879476,160105759305,52879476,52879829,105759305,YES
644,645,33,165000000000,165052880589,165105761653,52880589,52881064,105761653,YES
644,645,34,170000000000,170052892091,170105784784,52892091,52892693,105784784,YES
644,645,35,175000000000,175068962333,175137924266,68962333,68961933,137924266,YES
644,645,36,180000000000,180068902537,180137804866,68902537,68902329,137804866,YES
644,645,37,185000000000,185068854477,185137708943,68854477,68854466,137708943,YES
644,645,38,190000000000,190182303974,190251122048,182303974,68818074,251122048,YES
644,645,39,195000000000,195069098350,195137893851,69098350,68795501,137893851,YES
644,645,40,200000000000,200068784420,200145315991,68784420,76531571,145315991,YES
644,645,41,205000000000,205068786624,205137574030,68786624,68787406,137574030,YES
644,645,42,210000000000,210068801819,210137604614,68801819,68802795,137604614,YES
644,645,43,215000000000,215068818068,215137636554,68818068,68818486,137636554,YES
644,645,44,220000000000,220030849761,220061698857,30849761,30849096,61698857,YES
644,645,45,225000000000,225030785477,225061570362,30785477,30784885,61570362,YES
644,645,46,230000000000,230030733316,230061466116,30733316,30732800,61466116,YES
644,645,47,235000000000,235030693519,235061386599,30693519,30693080,61386599,YES
644,645,48,240000000000,240030666232,240061332107,30666232,30665875,61332107,YES
644,645,49,245000000000,245030651495,245061302713,30651495,30651218,61302713,YES
644,645,50,250000000000,250030649249,250061298302,30649249,30649053,61298302,YES
644,645,51,255000000000,255030659324,255061318533,30659324,30659209,61318533,YES
644,645,52,260000000000,260030681455,260061362876,30681455,30681421,61362876,YES
644,645,53,265000000000,265030963367,265061678701,30963367,30715334,61678701,YES
644,645,54,270000000000,270030760405,270061520931,30760405,30760526,61520931,YES
644,645,55,275000000000,275030816305,275061632803,30816305,30816498,61632803,YES
644,645,56,280000000000,280030882459,280061765177,30882459,30882718,61765177,YES
644,645,57,285000000000,285030958299,285061916922,30958299,30958623,61916922,YES
644,645,58,290000000000,290060111515,290120223077,60111515,60111562,120223077,YES
644,645,59,295000000000,295060177829,295120355859,60177829,60178030,120355859,YES
644,645,60,300000000000,300060254046,300120508443,60254046,60254397,120508443,YES
644,645,61,305000000000,305060600273,305120940602,60600273,60340329,120940602,YES
644,645,62,310000000000,310060434824,310120870287,60434824,60435463,120870287,YES
644,645,63,315000000000,315051949314,315103900445,51949314,51951131,103900445,YES
644,645,64,320000000000,320052060775,320104123481,52060775,52062706,104123481,YES
644,645,65,325000000000,325056227031,325108411169,56227031,52184138,108411169,YES
644,645,66,330000000000,330056675797,330114426183,56675797,57750386,114426183,YES
644,645,67,335000000000,335052452707,335106675525,52452707,54222818,106675525,YES
644,645,68,340000000000,340052601615,340105205573,52601615,52603958,105205573,YES
644,645,69,345000000000,345089040691,345179664741,89040691,90624050,179664741,YES
644,645,70,350000000000,350090849342,350179849845,90849342,89000503,179849845,YES
644,645,71,355000000000,355032995228,355065989712,32995228,32994484,65989712,YES
644,645,72,360000000000,360069969672,360139937506,69969672,69967834,139937506,YES
644,645,73,365000000000,365074265413,365148896690,74265413,74631277,148896690,YES
644,645,74,370000000000,370069682363,370139363140,69682363,69680777,139363140,YES
644,645,75,375000000000,375072532548,375142046727,72532548,69514179,142046727,YES
644,645,76,380000000000,380069390391,380138779467,69390391,69389076,138779467,YES
644,645,77,385000000000,385070708921,385139981066,70708921,69272145,139981066,YES
644,645,78,390000000000,390069165087,390138329166,69165087,69164079,138329166,YES
644,645,79,395000000000,395069066200,395138131566,69066200,69065366,138131566,YES
644,645,80,400000000000,400068977233,400141558418,68977233,72581185,141558418,YES
644,645,81,405000000000,405068898741,405137797007,68898741,68898266,137797007,YES
644,645,82,410000000000,410068831246,410137662202,68831246,68830956,137662202,YES
644,645,83,415000000000,415068775246,415137550393,68775246,68775147,137550393,YES
644,645,84,420000000000,420068731199,420137462492,68731199,68731293,137462492,YES
644,645,85,425000000000,425068699498,425137399282,68699498,68699784,137399282,YES
644,645,86,430000000000,430068680477,430137361433,68680477,68680956,137361433,YES
644,645,87,435000000000,435068674386,435137349445,68674386,68675059,137349445,YES
644,645,88,440000000000,440030788745,440061576651,30788745,30787906,61576651,YES
644,645,89,445000000000,445030694700,445062683725,30694700,31989025,62683725,YES
644,645,90,450000000000,450030919274,450061530973,30919274,30611699,61530973,YES
644,645,91,455000000000,455030542333,455061084037,30542333,30541704,61084037,YES
644,645,92,460000000000,460030484885,460060969221,30484885,30484336,60969221,YES
644,645,93,465000000000,465030440357,465060880245,30440357,30439888,60880245,YES
644,645,94,470000000000,470030408940,470060817493,30408940,30408553,60817493,YES
644,645,95,475000000000,475030390709,475060781113,30390709,30390404,60781113,YES
644,645,96,480000000000,480030385622,480060771023,30385622,30385401,60771023,YES
644,645,97,485000000000,485030393514,485061112825,30393514,30719311,61112825,YES
644,645,98,490000000000,490030414105,490060918176,30414105,30504071,60918176,YES
644,645,99,495000000000,495030447020,495060894060,30447020,30447040,60894060,YES
644,645,100,500000000000,500030619373,500061111269,30619373,30491896,61111269,YES
644,645,101,505000000000,505030547885,505062865780,30547885,32317895,62865780,YES
644,645,102,510000000000,510030614712,510061229676,30614712,30614964,61229676,YES
644,645,103,515000000000,515030691654,515061383627,30691654,30691973,61383627,YES
644,645,104,520000000000,520059871894,520119743758,59871894,59871864,119743758,YES
644,645,105,525000000000,525060291662,525120229765,60291662,59938103,120229765,YES
644,645,106,530000000000,530060014273,530123416119,60014273,63401846,123416119,YES
644,645,107,535000000000,535062318109,535122419060,62318109,60100951,122419060,YES
644,645,108,540000000000,540053562331,540105221660,53562331,51659329,105221660,YES
644,645,109,545000000000,545051754278,545103510327,51754278,51756049,103510327,YES
644,645,110,550000000000,550051861453,550103724795,51861453,51863342,103724795,YES
644,645,111,555000000000,555051978974,555103959957,51978974,51980983,103959957,YES
644,645,112,560000000000,560052106612,560104215332,52106612,52108720,104215332,YES
644,645,113,565000000000,565052210471,565109687206,52210471,57476735,109687206,YES
644,645,114,570000000000,570053342281,570105702084,53342281,52359803,105702084,YES
644,645,115,575000000000,575052513612,575105029633,52513612,52516021,105029633,YES
644,645,116,580000000000,580052678596,580105359690,52678596,52681094,105359690,YES
644,645,117,585000000000,585048816965,585097633589,48816965,48816624,97633589,YES
644,645,118,590000000000,590048849093,590097697911,48849093,48848818,97697911,YES
644,645,119,595000000000,595048889090,595097777964,48889090,48888874,97777964,YES
644,645,120,600000000000,600048937069,600097873997,48937069,48936928,97873997,YES
644,645,121,605000000000,605070274807,605140548174,70274807,70273367,140548174,YES
644,645,122,610000000000,610070106623,610140211944,70106623,70105321,140211944,YES
644,645,123,615000000000,615069979322,615139957502,69979322,69978180,139957502,YES
644,645,124,620000000000,620069859777,620139718548,69859777,69858771,139718548,YES
644,645,125,625000000000,625069748439,625139496029,69748439,69747590,139496029,YES
644,645,126,630000000000,630073517475,630143162524,73517475,69645049,143162524,YES
644,645,127,635000000000,635069552350,635139104199,69552350,69551849,139104199,YES
644,645,128,640000000000,640072043312,640141511502,72043312,69468190,141511502,YES
644,645,129,645000000000,645069394894,645138789647,69394894,69394753,138789647,YES
644,645,130,650000000000,650069331789,650138663625,69331789,69331836,138663625,YES
644,645,131,655000000000,655069279661,655146174276,69279661,76894615,146174276,YES
644,645,132,660000000000,660069238881,660142368642,69238881,73129761,142368642,YES
644,645,133,665000000000,665031264382,665062898911,31264382,31634529,62898911,YES
644,645,134,670000000000,670031133548,670062266187,31133548,31132639,62266187,YES
644,645,135,675000000000,675031013040,675062025250,31013040,31012210,62025250,YES
644,645,136,680000000000,680030903593,680061806433,30903593,30902840,61806433,YES
644,645,137,685000000000,685030805892,685061611106,30805892,30805214,61611106,YES
644,645,138,690000000000,690030720585,690061440571,30720585,30719986,61440571,YES
644,645,139,695000000000,695030648241,695061295961,30648241,30647720,61295961,YES
644,645,140,700000000000,700030589329,700061178219,30589329,30588890,61178219,YES
644,645,141,705000000000,705030544204,705061088055,30544204,30543851,61088055,YES
644,645,142,710000000000,710030513080,710065218388,30513080,34705308,65218388,YES
644,645,143,715000000000,715030496031,715063201434,30496031,32705403,63201434,YES
644,645,144,720000000000,720030492967,720061198456,30492967,30705489,61198456,YES
644,645,145,725000000000,725030503665,725061007320,30503665,30503655,61007320,YES
644,645,146,730000000000,730030527760,730062437707,30527760,31909947,62437707,YES
644,645,147,735000000000,735030564767,735061129687,30564767,30564920,61129687,YES
644,645,148,740000000000,740030858203,740061472550,30858203,30614347,61472550,YES
644,645,149,745000000000,745030675165,745061350632,30675165,30675467,61350632,YES
644,645,150,750000000000,750059518733,750122776181,59518733,63257448,122776181,YES
644,645,151,755000000000,755059547019,755119093571,59547019,59546552,119093571,YES
644,645,152,760000000000,760062805461,760122391939,62805461,59586478,122391939,YES
644,645,153,765000000000,765063367331,765123004963,63367331,59637632,123004963,YES
644,645,154,770000000000,770061383190,770121082911,61383190,59699721,121082911,YES
644,645,155,775000000000,775061542128,775121314632,61542128,59772504,121314632,YES
644,645,156,780000000000,780051376495,780102754412,51376495,51377917,102754412,YES
644,645,157,785000000000,785051452763,785102907076,51452763,51454313,102907076,YES
644,645,158,790000000000,790051540361,790103577055,51540361,52036694,103577055,YES
644,645,159,795000000000,795051605589,795103212981,51605589,51607392,103212981,YES
644,645,160,800000000000,800051715497,800103432927,51715497,51717430,103432927,YES
644,645,161,805000000000,805051836272,805103674589,51836272,51838317,103674589,YES
644,645,162,810000000000,810051967647,810103937447,51967647,51969800,103937447,YES
644,645,163,815000000000,815052109307,815104220870,52109307,52111563,104220870,YES
644,645,164,820000000000,820052260909,820104524179,52260909,52263270,104524179,YES
644,645,165,825000000000,825052422072,825104846599,52422072,52424527,104846599,YES
644,645,166,830000000000,830052592402,830105187346,52592402,52594944,105187346,YES
644,645,167,835000000000,835088250311,835177484210,88250311,89233899,177484210,YES
644,645,168,840000000000,840088828552,840177738285,88828552,88909733,177738285,YES
644,645,169,845000000000,845091773464,845203321305,91773464,111547841,203321305,YES
644,645,170,850000000000,850069722365,850226149912,69722365,156427547,226149912,YES
644,645,171,855000000000,855069558295,855139115296,69558295,69557001,139115296,YES
644,645,172,860000000000,860069435307,860138869454,69435307,69434147,138869454,YES
644,645,173,865000000000,865069320291,865138639569,69320291,69319278,138639569,YES
644,645,174,870000000000,870069213765,870138426673,69213765,69212908,138426673,YES
644,645,175,875000000000,875074789366,875143904821,74789366,69115455,143904821,YES
644,645,176,880000000000,880074861491,880143889158,74861491,69027667,143889158,YES
644,645,177,885000000000,885068950419,885137900479,68950419,68950060,137900479,YES
644,645,178,890000000000,890068883159,890137766132,68883159,68882973,137766132,YES
644,645,179,895000000000,895079296736,895148123647,79296736,68826911,148123647,YES
644,645,180,900000000000,900030915274,900061829462,30915274,30914188,61829462,YES
644,645,181,905000000000,905030773292,905061545545,30773292,30772253,61545545,YES
644,645,182,910000000000,910030641028,910061281068,30641028,30640040,61281068,YES
644,645,183,915000000000,915031233504,915061751789,31233504,30518285,61751789,YES
644,645,184,920000000000,920030408600,920060816345,30408600,30407745,60816345,YES
644,645,185,925000000000,925030309863,925060618938,30309863,30309075,60618938,YES
644,645,186,930000000000,930030931392,930061154312,30931392,30222920,61154312,YES
644,645,187,935000000000,935030150529,935060300415,30150529,30149886,60300415,YES
644,645,188,940000000000,940030090971,940060181376,30090971,30090405,60181376,YES
644,645,189,945000000000,945030045316,945060090146,30045316,30044830,60090146,YES
644,645,190,950000000000,950030013779,950060027157,30013779,30013378,60027157,YES
644,645,191,955000000000,955029996432,955059992545,29996432,29996113,59992545,YES
644,645,192,960000000000,960029993196,960059986158,29993196,29992962,59986158,YES
644,645,193,965000000000,965030003847,965060007552,30003847,30003705,60007552,YES
644,645,194,970000000000,970030028023,970060055999,30028023,30027976,60055999,YES
644,645,195,975000000000,975030065266,975060130571,30065266,30065305,60130571,YES
644,645,196,980000000000,980030115003,980064132522,30115003,34017519,64132522,YES
644,645,197,985000000000,985030176588,985060353376,30176588,30176788,60353376,YES
644,645,198,990000000000,990030249330,990060498935,30249330,30249605,60498935,YES
644,645,199,995000000000,995059477585,995118954946,59477585,59477361,118954946,YES
644,645,200,1000000000000,1000059537476,1000119074892,59537476,59537416,119074892,YES
644,645,201,1005000000000,1005051184662,1005102370542,51184662,51185880,102370542,YES
644,645,202,1010000000000,1010051242376,1010102486111,51242376,51243735,102486111,YES
644,645,203,1015000000000,1015051278340,1015105269175,51278340,53990835,105269175,YES
644,645,204,1020000000000,1020051359789,1020104896786,51359789,53536997,104896786,YES
644,645,205,1025000000000,1025051453074,1025102907902,51453074,51454828,102907902,YES
644,645,206,1030000000000,1030051558074,1030105174494,51558074,53616420,105174494,YES
644,645,207,1035000000000,1035051674605,1035103351220,51674605,51676615,103351220,YES
644,645,208,1040000000000,1040051802413,1040103606948,51802413,51804535,103606948,YES
644,645,209,1045000000000,1045051941184,1045103884595,51941184,51943411,103884595,YES
644,645,210,1050000000000,1050052090555,1050104183442,52090555,52092887,104183442,YES
644,645,211,1055000000000,1055054553011,1055106805659,54553011,52252648,106805659,YES
644,645,212,1060000000000,1060052419496,1060104841516,52419496,52422020,104841516,YES
644,645,213,1065000000000,1065052598182,1065105198963,52598182,52600781,105198963,YES
644,645,214,1070000000000,1070052785714,1070105574107,52785714,52788393,105574107,YES
644,645,215,1075000000000,1075048925388,1075097850652,48925388,48925264,97850652,YES
644,645,216,1080000000000,1080048983230,1080097966400,48983230,48983170,97966400,YES
644,645,217,1085000000000,1085069722544,1085139443833,69722544,69721289,139443833,YES
644,645,218,1090000000000,1090073299009,1090147899911,73299009,74600902,147899911,YES
644,645,219,1095000000000,1095069450855,1095142340528,69450855,72889673,142340528,YES
644,645,220,1100000000000,1100069343821,1100138686802,69343821,69342981,138686802,YES
644,645,221,1105000000000,1105073235818,1105142480513,73235818,69244695,142480513,YES
644,645,222,1110000000000,1110071648815,1110140804512,71648815,69155697,140804512,YES
644,645,223,1115000000000,1115069076768,1115138153169,69076768,69076401,138153169,YES
644,645,224,1120000000000,1120071517469,1120140524730,71517469,69007261,140524730,YES
644,645,225,1125000000000,1125031030818,1125062060471,31030818,31029653,62060471,YES
644,645,226,1130000000000,1130030875213,1130061749316,30875213,30874103,61749316,YES
644,645,227,1135000000000,1135030728359,1135061455652,30728359,30727293,61455652,YES
644,645,228,1140000000000,1140030590999,1140061180995,30590999,30589996,61180995,YES
644,645,229,1145000000000,1145030463899,1145060926852,30463899,30462953,60926852,YES
644,645,230,1150000000000,1150030347816,1150060694748,30347816,30346932,60694748,YES
644,645,231,1155000000000,1155030243486,1155060486152,30243486,30242666,60486152,YES
644,645,232,1160000000000,1160030151598,1160063604318,30151598,33452720,63604318,YES
644,645,233,1165000000000,1165030072776,1165060383615,30072776,30310839,60383615,YES
644,645,234,1170000000000,1170030007540,1170064246897,30007540,34239357,64246897,YES
644,645,235,1175000000000,1175029956298,1175059912078,29956298,29955780,59912078,YES
644,645,236,1180000000000,1180029919324,1180059838212,29919324,29918888,59838212,YES
644,645,237,1185000000000,1185029896739,1185059793128,29896739,29896389,59793128,YES
644,645,238,1190000000000,1190029888522,1190059776782,29888522,29888260,59776782,YES
644,645,239,1195000000000,1195029894492,1195059788806,29894492,29894314,59788806,YES
645,646,0,0,42637859,85276149,42637859,42638290,85276149,YES
645,646,1,5000000000,5042628332,5085257187,42628332,42628855,85257187,YES
645,646,2,10000000000,10042666665,10085297939,42666665,42631274,85297939,YES
645,646,3,15000000000,15042988072,15085633696,42988072,42645624,85633696,YES
645,646,4,20000000000,20042671100,20085342977,42671100,42671877,85342977,YES
645,646,5,25000000000,25042709127,25085419107,42709127,42709980,85419107,YES
645,646,6,30000000000,30042758842,30085518607,42758842,42759765,85518607,YES
645,646,7,35000000000,35042820002,35085640994,42820002,42820992,85640994,YES
645,646,8,40000000000,40042892286,40085785638,42892286,42893352,85785638,YES
645,646,9,45000000000,45042975308,45085951737,42975308,42976429,85951737,YES
645,646,10,50000000000,50043068600,50086138381,43068600,43069781,86138381,YES
645,646,11,55000000000,55037644224,55075289503,37644224,37645279,75289503,YES
645,646,12,60000000000,60037698316,60075397729,37698316,37699413,75397729,YES
645,646,13,65000000000,65088322780,65126086373,88322780,37763593,126086373,YES
645,646,14,70000000000,70042891624,70080727494,42891624,37835870,80727494,YES
645,646,15,75000000000,75037916808,75075834822,37916808,37918014,75834822,YES
645,646,16,80000000000,80035950626,80071901325,35950626,35950699,71901325,YES
645,646,17,85000000000,85035977049,85071954225,35977049,35977176,71954225,YES
645,646,18,90000000000,90036014753,90072029693,36014753,36014940,72029693,YES
645,646,19,95000000000,95036063549,95072127344,36063549,36063795,72127344,YES
645,646,20,100000000000,100044358860,100088718027,44358860,44359167,88718027,YES
645,646,21,105000000000,105047789031,105095576549,47789031,47787518,95576549,YES
645,646,22,110000000000,110047679341,110095833312,47679341,48153971,95833312,YES
645,646,23,115000000000,115047578701,115096297392,47578701,48718691,96297392,YES
645,646,24,120000000000,120047487503,120094973643,47487503,47486140,94973643,YES
645,646,25,125000000000,125047406095,125096905671,47406095,49499576,96905671,YES
645,646,26,130000000000,130047334766,130094668275,47334766,47333509,94668275,YES
645,646,27,135000000000,135047273736,135094546275,47273736,47272539,94546275,YES
645,646,28,140000000000,140047223159,140094445180,47223159,47222021,94445180,YES
645,646,29,145000000000,145034020550,145068040303,34020550,34019753,68040303,YES
645,646,30,150000000000,150033929340,150067857931,33929340,33928591,67857931,YES
645,646,31,155000000000,155033848395,155067696104,33848395,33847709,67696104,YES
645,646,32,160000000000,160033778229,160067555826,33778229,33777597,67555826,YES
645,646,33,165000000000,165033719278,165067437984,33719278,33718706,67437984,YES
645,646,34,170000000000,170033671914,170067343316,33671914,33671402,67343316,YES
645,646,35,175000000000,175082286179,175164570889,82286179,82284710,164570889,YES
645,646,36,180000000000,180088626208,180170903010,88626208,82276802,170903010,YES
645,646,37,185000000000,185083711618,185165994108,83711618,82282490,165994108,YES
645,646,38,190000000000,190082302795,190164604612,82302795,82301817,164604612,YES
645,646,39,195000000000,195082335595,195164670395,82335595,82334800,164670395,YES
645,646,40,200000000000,200097447364,200185416180,97447364,87968816,185416180,YES
645,646,41,205000000000,205082441807,205164883212,82441807,82441405,164883212,YES
645,646,42,210000000000,210082514918,210165029641,82514918,82514723,165029641,YES
645,646,43,215000000000,215082571796,215168086277,82571796,85514481,168086277,YES
645,646,44,220000000000,220073154686,220146308661,73154686,73153975,146308661,YES
645,646,45,225000000000,225073037876,225146075238,73037876,73037362,146075238,YES
645,646,46,230000000000,230072933189,230148838621,72933189,75905432,148838621,YES
645,646,47,235000000000,235072841008,235148285622,72841008,75444614,148285622,YES
645,646,48,240000000000,240072761678,240145523428,72761678,72761750,145523428,YES
645,646,49,245000000000,245072695505,245145391272,72695505,72695767,145391272,YES
645,646,50,250000000000,250072642754,250145285943,72642754,72643189,145285943,YES
645,646,51,255000000000,-1,-1,-1,-1,-1,LOST
645,646,52,260000000000,260079087971,260153065678,79087971,73977707,153065678,YES
645,646,53,265000000000,265074320078,265157470090,74320078,83150012,157470090,YES
645,646,54,270000000000,270072569002,270149041285,72569002,76472283,149041285,YES
645,646,55,275000000000,275081029303,275153615648,81029303,72586345,153615648,YES
645,646,56,280000000000,280078498267,280151114389,78498267,72616122,151114389,YES
645,646,57,285000000000,285072701105,285152212148,72701105,79511043,152212148,YES
645,646,58,290000000000,290072713642,290148175305,72713642,75461663,148175305,YES
645,646,59,295000000000,295072782227,295145566223,72782227,72783996,145566223,YES
645,646,60,300000000000,300082373159,300171269001,82373159,88895842,171269001,YES
645,646,61,305000000000,305082421452,305164845097,82421452,82423645,164845097,YES
645,646,62,310000000000,310082481785,310168867185,82481785,86385400,168867185,YES
645,646,63,315000000000,315035364636,315070729185,35364636,35364549,70729185,YES
645,646,64,320000000000,320035383741,320070767456,35383741,35383715,70767456,YES
645,646,65,325000000000,325035414334,325070828706,35414334,35414372,70828706,YES
645,646,66,330000000000,330043668642,330087337336,43668642,43668694,87337336,YES
645,646,67,335000000000,335043635859,335088199663,43635859,44563804,88199663,YES
645,646,68,340000000000,340043613780,340087643483,43613780,44029703,87643483,YES
645,646,69,345000000000,345044511193,345088226538,44511193,43715345,88226538,YES
645,646,70,350000000000,350043569138,350087138627,43569138,43569489,87138627,YES
645,646,71,355000000000,355070967025,355141931050,70967025,70964025,141931050,YES
645,646,72,360000000000,360070805623,360141608313,70805623,70802690,141608313,YES
645,646,73,365000000000,365076344979,365146996734,76344979,70651755,146996734,YES
645,646,74,370000000000,370070514635,370141026483,70514635,70511848,141026483,YES
645,646,75,375000000000,375070385329,375140767972,70385329,70382643,140767972,YES
645,646,76,380000000000,380070266902,380140531201,70266902,70264299,140531201,YES
645,646,77,385000000000,385082036446,385167048438,82036446,85011992,167048438,YES
645,646,78,390000000000,390081943539,390164367210,81943539,82423671,164367210,YES
645,646,79,395000000000,395081861954,395163721954,81861954,81860000,163721954,YES
645,646,80,400000000000,400081792311,400163582809,81792311,81790498,163582809,YES
645,646,81,405000000000,405081735204,405163468752,81735204,81733548,163468752,YES
645,646,82,410000000000,410081691174,410165517713,81691174,83826539,165517713,YES
645,646,83,415000000000,415081660732,415166148691,81660732,84487959,166148691,YES
645,646,84,420000000000,420081644298,420164070350,81644298,82426052,164070350,YES
645,646,85,425000000000,425081642218,425163283462,81642218,81641244,163283462,YES
645,646,86,430000000000,430116477169,430198131282,116477169,81654113,198131282,YES
645,646,87,435000000000,435085582426,435167263908,85582426,81681482,167263908,YES
645,646,88,440000000000,440088423375,440171487399,88423375,83064024,171487399,YES
645,646,89,445000000000,445084285812,445168943701,84285812,84657889,168943701,YES
645,646,90,450000000000,450081748198,450166843953,81748198,85095755,166843953,YES
645,646,91,455000000000,455085213682,455166950576,85213682,81736894,166950576,YES
645,646,92,460000000000,460083319680,460170095969,83319680,86776289,170095969,YES
645,646,93,465000000000,465072657720,465151279725,72657720,78622005,151279725,YES
645,646,94,470000000000,470078128991,470154026178,78128991,75897187,154026178,YES
645,646,95,475000000000,475072510287,475145020838,72510287,72510551,145020838,YES
645,646,96,480000000000,480072456972,480144914402,72456972,72457430,144914402,YES
645,646,97,485000000000,485072417530,485145204417,72417530,72786887,145204417,YES
645,646,98,490000000000,490087545771,490159938621,87545771,72392850,159938621,YES
645,646,99,495000000000,495086234964,495159116007,86234964,72881043,159116007,YES
645,646,100,500000000000,500072383319,500144767802,72383319,72384483,144767802,YES
645,646,101,505000000000,505085959724,505158361009,85959724,72401285,158361009,YES
645,646,102,510000000000,510086116042,510158547883,86116042,72431841,158547883,YES
645,646,103,515000000000,515072474167,515144949934,72474167,72475767,144949934,YES
645,646,104,520000000000,520072531263,520149653507,72531263,77122244,149653507,YES
645,646,105,525000000000,525072601165,525149808023,72601165,77206858,149808023,YES
645,646,106,530000000000,530075250657,530147940111,75250657,72689454,147940111,YES
645,646,107,535000000000,535079553256,535152332952,79553256,72779696,152332952,YES
645,646,108,540000000000,540035584218,540071562037,35584218,35977819,71562037,YES
645,646,109,545000000000,545035562736,545071125335,35562736,35562599,71125335,YES
645,646,110,550000000000,550035552894,550071105717,35552894,35552823,71105717,YES
645,646,111,555000000000,555035554882,555071109762,35554882,35554880,71109762,YES
645,646,112,560000000000,560035568803,560071137671,35568803,35568868,71137671,YES
645,646,113,565000000000,565035561057,565071122247,35561057,35561190,71122247,YES
645,646,114,570000000000,570035598757,570071197717,35598757,35598960,71197717,YES
645,646,115,575000000000,575043860256,575087720772,43860256,43860516,87720772,YES
645,646,116,580000000000,580044241444,580088077830,44241444,43836386,88077830,YES
645,646,117,585000000000,585043822478,585087645375,43822478,43822897,87645375,YES
645,646,118,590000000000,590043819767,590087640030,43819767,43820263,87640030,YES
645,646,119,595000000000,595043828110,595087656790,43828110,43828680,87656790,YES
645,646,120,600000000000,600043847620,600087695884,43847620,43848264,87695884,YES
645,646,121,605000000000,605070685426,605141367829,70685426,70682403,141367829,YES
645,646,122,610000000000,610070527122,610141051291,70527122,70524169,141051291,YES
645,646,123,615000000000,615070379427,615140755985,70379427,70376558,140755985,YES
645,646,124,620000000000,620070242493,620140482193,70242493,70239700,140482193,YES
645,646,125,625000000000,625086296279,625168784371,86296279,82488092,168784371,YES
645,646,126,630000000000,630082406348,630171366493,82406348,88960145,171366493,YES
645,646,127,635000000000,635082333517,635164664874,82333517,82331357,164664874,YES
645,646,128,640000000000,640082272585,640172768402,82272585,90495817,172768402,YES
645,646,129,645000000000,645084599899,645166822018,84599899,82222119,166822018,YES
645,646,130,650000000000,650082188343,650164374937,82188343,82186594,164374937,YES
645,646,131,655000000000,655093378430,655175542676,93378430,82164246,175542676,YES
645,646,132,660000000000,660086851083,660169006634,86851083,82155551,169006634,YES
645,646,133,665000000000,665098070039,665180230733,98070039,82160694,180230733,YES
645,646,134,670000000000,670085330621,670167510387,85330621,82179766,167510387,YES
645,646,135,675000000000,675082213853,675164426827,82213853,82212974,164426827,YES
645,646,136,680000000000,680082170680,680178273746,82170680,96103066,178273746,YES
645,646,137,685000000000,685090532318,685172659623,90532318,82127305,172659623,YES
645,646,138,690000000000,690091993717,690182259854,91993717,90266137,182259854,YES
645,646,139,695000000000,695082087519,695165332750,82087519,83245231,165332750,YES
645,646,140,700000000000,700082121255,700164241707,82121255,82120452,164241707,YES
645,646,141,705000000000,705072628180,705145255910,72628180,72627730,145255910,YES
645,646,142,710000000000,710079570522,710152099222,79570522,72528700,152099222,YES
645,646,143,715000000000,715077484755,715149927914,77484755,72443159,149927914,YES
645,646,144,720000000000,720075412598,720152244525,75412598,76831927,152244525,YES
645,646,145,725000000000,725072312758,725144625920,72312758,72313162,144625920,YES
645,646,146,730000000000,730080431501,730155033255,80431501,74601754,155033255,YES
645,646,147,735000000000,735072238460,735144477721,72238460,72239261,144477721,YES
645,646,148,740000000000,740072222658,740146625538,72222658,74402880,146625538,YES
645,646,149,745000000000,745072221092,745144443347,72221092,72222255,144443347,YES
645,646,150,750000000000,750072233686,750144723967,72233686,72490281,144723967,YES
645,646,151,755000000000,755072260287,755144522059,72260287,72261772,144522059,YES
645,646,152,760000000000,760072300671,760161360879,72300671,89060208,161360879,YES
645,646,153,765000000000,765072354535,765147367521,72354535,75012986,147367521,YES
645,646,154,770000000000,770073874089,770151383562,73874089,77509473,151383562,YES
645,646,155,775000000000,775072639176,775145542743,72639176,72903567,145542743,YES
645,646,156,780000000000,780033847084,780074541687,33847084,40694603,74541687,YES
645,646,157,785000000000,785035022401,785070044538,35022401,35022137,70044538,YES
645,646,158,790000000000,790035014665,790070029138,35014665,35014473,70029138,YES
645,646,159,795000000000,795034985439,795074249250,34985439,39263811,74249250,YES
645,646,160,800000000000,800035001975,800070003906,35001975,35001931,70003906,YES
645,646,161,805000000000,805050225076,805093440989,50225076,43215913,93440989,YES
645,646,162,810000000000,810043171145,810086342337,43171145,43171192,86342337,YES
645,646,163,815000000000,815043137398,815086274932,43137398,43137534,86274932,YES
645,646,164,820000000000,820043115107,820086230438,43115107,43115331,86230438,YES
645,646,165,825000000000,825043104534,825086209379,43104534,43104845,86209379,YES
645,646,166,830000000000,830043105874,830086874261,43105874,43768387,86874261,YES
645,646,167,835000000000,835043119228,835086238935,43119228,43119707,86238935,YES
645,646,168,840000000000,840043144617,840111839894,43144617,68695277,111839894,YES
645,646,169,845000000000,845067897128,845111079950,67897128,43182822,111079950,YES
645,646,170,850000000000,850070115052,850140227258,70115052,70112206,140227258,YES
645,646,171,855000000000,855069985479,855139968187,69985479,69982708,139968187,YES
645,646,172,860000000000,860069866816,860139730950,69866816,69864134,139730950,YES
645,646,173,865000000000,865069759097,865139515616,69759097,69756519,139515616,YES
645,646,174,870000000000,870081951718,870171488990,81951718,89537272,171488990,YES
645,646,175,875000000000,875081806060,875216128499,81806060,134322439,216128499,YES
645,646,176,880000000000,880081736971,880164620888,81736971,82883917,164620888,YES
645,646,177,885000000000,885081680305,885267893205,81680305,186212900,267893205,YES
645,646,178,890000000000,890083569413,890165204496,83569413,81635083,165204496,YES
645,646,179,895000000000,895083414796,895172661417,83414796,89246621,172661417,YES
645,646,180,900000000000,900081590831,900170284770,81590831,88693939,170284770,YES
645,646,181,905000000000,905088169102,905172878228,88169102,84709126,172878228,YES
645,646,182,910000000000,910081538354,910163074876,81538354,81536522,163074876,YES
645,646,183,915000000000,915081470718,915162939837,81470718,81469119,162939837,YES
645,646,184,920000000000,920082458485,920171178418,82458485,88719933,171178418,YES
645,646,185,925000000000,925086474386,925176647840,86474386,90173454,176647840,YES
645,646,186,930000000000,930084504453,930165864143,84504453,81359690,165864143,YES
645,646,187,935000000000,935092810820,935174164872,92810820,81354052,174164872,YES
645,646,188,940000000000,940089106628,940170503745,89106628,81397117,170503745,YES
645,646,189,945000000000,945073522242,945145865795,73522242,72343553,145865795,YES
645,646,190,950000000000,950084035507,950156305324,84035507,72269817,156305324,YES
645,646,191,955000000000,955086358012,955158568274,86358012,72210262,158568274,YES
645,646,192,960000000000,960073883168,960146048218,73883168,72165050,146048218,YES
645,646,193,965000000000,-1,-1,-1,-1,-1,LOST
645,646,194,970000000000,970072964383,970145081758,72964383,72117375,145081758,YES
645,646,195,975000000000,975072113891,975144228963,72113891,72115072,144228963,YES
645,646,196,980000000000,980075184967,980147312022,75184967,72127055,147312022,YES
645,646,197,985000000000,985072151618,985144304754,72151618,72153136,144304754,YES
645,646,198,990000000000,990072191456,990144384580,72191456,72193124,144384580,YES
645,646,199,995000000000,995078675487,995154408137,78675487,75732650,154408137,YES
645,646,200,1000000000000,1000081896681,1000155626589,81896681,73729908,155626589,YES
645,646,201,1005000000000,1005033669540,1005067338627,33669540,33669087,67338627,YES
645,646,202,1010000000000,1010033656927,1010067313467,33656927,33656540,67313467,YES
645,646,203,1015000000000,1015033622489,1015067244660,33622489,33622171,67244660,YES
645,646,204,1020000000000,1020033633323,1020067266398,33633323,33633075,67266398,YES
645,646,205,1025000000000,1025035221680,1025070443185,35221680,35221505,70443185,YES
645,646,206,1030000000000,1030035209705,1030070419312,35209705,35209607,70419312,YES
645,646,207,1035000000000,1035035210180,1035070420340,35210180,35210160,70420340,YES
645,646,208,1040000000000,1040042988440,1040085976893,42988440,42988453,85976893,YES
645,646,209,1045000000000,1045042950266,1045085900641,42950266,42950375,85900641,YES
645,646,210,1050000000000,1050042923844,1050085847892,42923844,42924048,85847892,YES
645,646,211,1055000000000,1055042909454,1055085819207,42909454,42909753,85819207,YES
645,646,212,1060000000000,1060042907298,1060085814986,42907298,42907688,85814986,YES
645,646,213,1065000000000,1065042917503,1065085835487,42917503,42917984,85835487,YES
645,646,214,1070000000000,1070042940091,1070085880750,42940091,42940659,85880750,YES
645,646,215,1075000000000,1075042975001,1075086201194,42975001,43226193,86201194,YES
645,646,216,1080000000000,1080043058768,1080086794008,43058768,43735240,86794008,YES
645,646,217,1085000000000,1085069894171,1085139785543,69894171,69891372,139785543,YES
645,646,218,1090000000000,1090074194263,1090144012342,74194263,69818079,144012342,YES
645,646,219,1095000000000,1095069662588,1095139322567,69662588,69659979,139322567,YES
645,646,220,1100000000000,1100088960732,1100183802923,88960732,94842191,183802923,YES
645,646,221,1105000000000,1105086895668,1105168762670,86895668,81867002,168762670,YES
645,646,222,1110000000000,1110084842323,1110169843318,84842323,85000995,169843318,YES
645,646,223,1115000000000,1115081738249,1115163474694,81738249,81736445,163474694,YES
645,646,224,1120000000000,1120081691628,1120163381611,81691628,81689983,163381611,YES
645,646,225,1125000000000,1125081658397,1125163315315,81658397,81656918,163315315,YES
645,646,226,1130000000000,1130098176445,1130179806966,98176445,81630521,179806966,YES
645,646,227,1135000000000,1135085523339,1135167052970,85523339,81529631,167052970,YES
645,646,228,1140000000000,1140083539014,1140164982431,83539014,81443417,164982431,YES
645,646,229,1145000000000,1145081374135,1145167020126,81374135,85645991,167020126,YES
645,646,230,1150000000000,1150081318454,1150162635484,81318454,81317030,162635484,YES
645,646,231,1155000000000,1155081278438,1155162555699,81278438,81277261,162555699,YES
645,646,232,1160000000000,1160083048613,1160164301804,83048613,81253191,164301804,YES
645,646,233,1165000000000,1165084671233,1165165915973,84671233,81244740,165915973,YES
645,646,234,1170000000000,1170083190168,1170164486543,83190168,81296375,164486543,YES
645,646,235,1175000000000,1175081307528,1175162614919,81307528,81307391,162614919,YES
645,646,236,1180000000000,1180072887972,1180153348397,72887972,80460425,153348397,YES
645,646,237,1185000000000,-1,-1,-1,-1,-1,LOST
645,646,238,1190000000000,1190072108467,1190144217510,72108467,72109043,144217510,YES
645,646,239,1195000000000,1195072675186,1195144751278,72675186,72076092,144751278,YES
646,647,0,0,77481463,154961206,77481463,77479743,154961206,YES
646,647,1,5000000000,5077675075,5155133824,77675075,77458749,155133824,YES
646,647,2,10000000000,10077452388,10156507487,77452388,79055099,156507487,YES
646,647,3,15000000000,15077457819,15155480615,77457819,78022796,155480615,YES
646,647,4,20000000000,20092131605,20175195510,92131605,83063905,175195510,YES
646,647,5,25000000000,25083024516,25166048246,83024516,83023730,166048246,YES
646,647,6,30000000000,30085694967,30168693403,85694967,82998436,168693403,YES
646,647,7,35000000000,35082988397,35165976573,82988397,82988176,165976573,YES
646,647,8,40000000000,40082992773,40165985603,82992773,82992830,165985603,YES
646,647,9,45000000000,45093265137,45176277375,93265137,83012238,176277375,YES
646,647,10,50000000000,50094966534,50178012522,94966534,83045988,178012522,YES
646,647,11,55000000000,55095656521,55191299614,95656521,95643093,191299614,YES
646,647,12,60000000000,60097165365,60192801130,97165365,95635765,192801130,YES
646,647,13,65000000000,65105104178,65200746530,105104178,95642352,200746530,YES
646,647,14,70000000000,70109491369,70212138127,109491369,102646758,212138127,YES
646,647,15,75000000000,75095697175,75191394046,95697175,95696871,191394046,YES
646,647,16,80000000000,80095744506,80191489035,95744506,95744529,191489035,YES
646,647,17,85000000000,85095805069,85191610480,95805069,95805411,191610480,YES
646,647,18,90000000000,90095878510,90191757678,95878510,95879168,191757678,YES
646,647,19,95000000000,95097845219,95202863500,97845219,105018281,202863500,YES
646,647,20,100000000000,100075381631,100150760690,75381631,75379059,150760690,YES
646,647,21,105000000000,105075355519,105160073936,75355519,84718417,160073936,YES
646,647,22,110000000000,110089560443,110228834850,89560443,139274407,228834850,YES
646,647,23,115000000000,115082902326,115165786886,82902326,82884560,165786886,YES
646,647,24,120000000000,120082083895,120165300902,82083895,83217007,165300902,YES
646,647,25,125000000000,125087634981,125169631518,87634981,81996537,169631518,YES
646,647,26,130000000000,130081920204,130163840636,81920204,81920432,163840636,YES
646,647,27,135000000000,135081854775,135163710035,81854775,81855260,163710035,YES
646,647,28,140000000000,140081800582,140166324821,81800582,84524239,166324821,YES
646,647,29,145000000000,145068595829,145144108814,68595829,75512985,144108814,YES
646,647,30,150000000000,150068502821,150137005057,68502821,68502236,137005057,YES
646,647,31,155000000000,155068421133,155136841886,68421133,68420753,136841886,YES
646,647,32,160000000000,160068351392,160136702613,68351392,68351221,136702613,YES
646,647,33,165000000000,165068294171,165136588386,68294171,68294215,136588386,YES
646,647,34,170000000000,170072483686,170140733911,72483686,68250225,140733911,YES
646,647,35,175000000000,175068219298,175136439072,68219298,68219774,136439072,YES
646,647,36,180000000000,180068202438,180136405568,68202438,68203130,136405568,YES
646,647,37,185000000000,185068589984,185136790553,68589984,68200569,136790553,YES
646,647,38,190000000000,190073103552,190141315804,73103552,68212252,141315804,YES
646,647,39,195000000000,195068236864,195136475034,68236864,68238170,136475034,YES
646,647,40,200000000000,200068276803,200141463101,68276803,73186298,141463101,YES
646,647,41,205000000000,205068330760,205136663196,68330760,68332436,136663196,YES
646,647,42,210000000000,210068398456,210136798757,68398456,68400301,136798757,YES
646,647,43,215000000000,215068479504,215136961008,68479504,68481504,136961008,YES
646,647,44,220000000000,220078178944,220156355158,78178944,78176214,156355158,YES
646,647,45,225000000000,225078109385,225156216207,78109385,78106822,156216207,YES
646,647,46,230000000000,230078051811,230163174855,78051811,85123044,163174855,YES
646,647,47,235000000000,235078006313,235159090156,78006313,81083843,159090156,YES
646,647,48,240000000000,240079208963,240157179875,79208963,77970912,157179875,YES
646,647,49,245000000000,245077951775,245155901711,77951775,77949936,155901711,YES
646,647,50,250000000000,250077942767,250155883905,77942767,77941138,155883905,YES
646,647,51,255000000000,255077945925,255155890438,77945925,77944513,155890438,YES
646,647,52,260000000000,260077961208,260155921236,77961208,77960028,155921236,YES
646,647,53,265000000000,265080224485,265158212106,80224485,77987621,158212106,YES
646,647,54,270000000000,270082771430,270166581961,82771430,83810531,166581961,YES
646,647,55,275000000000,275082757244,275166995617,82757244,84238373,166995617,YES
646,647,56,280000000000,280084518067,280173094640,84518067,88576573,173094640,YES
646,647,57,285000000000,285093415521,285176187491,93415521,82771970,176187491,YES
646,647,58,290000000000,290086261629,290169062449,86261629,82800820,169062449,YES
646,647,59,295000000000,295084975726,295167819127,84975726,82843401,167819127,YES
646,647,60,300000000000,300097122700,300195331215,97122700,98208515,195331215,YES
646,647,61,305000000000,305096274520,305192133110,96274520,95858590,192133110,YES
646,647,62,310000000000,310098690894,310195008252,98690894,96317358,195008252,YES
646,647,63,315000000000,315095945483,315191891092,95945483,95945609,191891092,YES
646,647,64,320000000000,320096008114,320192016686,96008114,96008572,192016686,YES
646,647,65,325000000000,325105216429,325210433633,105216429,105217204,210433633,YES
646,647,66,330000000000,330084618353,330169233490,84618353,84615137,169233490,YES
646,647,67,335000000000,335084487600,335168972230,84487600,84484630,168972230,YES
646,647,68,340000000000,340084368862,340168735002,84368862,84366140,168735002,YES
646,647,69,345000000000,345084262567,345168522665,84262567,84260098,168522665,YES
646,647,70,350000000000,350084169069,350175624118,84169069,91455049,175624118,YES
646,647,71,355000000000,355084088646,355178639144,84088646,94550498,178639144,YES
646,647,72,360000000000,360084021488,360168041317,84021488,84019829,168041317,YES
646,647,73,365000000000,365081714240,365163428792,81714240,81714552,163428792,YES
646,647,74,370000000000,370083376274,370165977779,83376274,82601505,165977779,YES
646,647,75,375000000000,375083968620,375172691669,83968620,88723049,172691669,YES
646,647,76,380000000000,380081537628,380163658112,81537628,82120484,163658112,YES
646,647,77,385000000000,385068784013,385137566954,68784013,68782941,137566954,YES
646,647,78,390000000000,390068673752,390137346606,68673752,68672854,137346606,YES
646,647,79,395000000000,395068573639,395137146568,68573639,68572929,137146568,YES
646,647,80,400000000000,400068484344,400136968179,68484344,68483835,136968179,YES
646,647,81,405000000000,405068406529,405136812754,68406529,68406225,136812754,YES
646,647,82,410000000000,410068340812,410136681532,68340812,68340720,136681532,YES
646,647,83,415000000000,415068375460,415136663352,68375460,68287892,136663352,YES
646,647,84,420000000000,420068247919,420136496178,68247919,68248259,136496178,YES
646,647,85,425000000000,425068221693,425136443940,68221693,68222247,136443940,YES
646,647,86,430000000000,430068209432,430136419635,68209432,68210203,136419635,YES
646,647,87,435000000000,435068211383,435138951172,68211383,70739789,138951172,YES
646,647,88,440000000000,440069064927,440137293783,69064927,68228856,137293783,YES
646,647,89,445000000000,445068258311,445136518003,68258311,68259692,136518003,YES
646,647,90,450000000000,450068303221,450136608008,68303221,68304787,136608008,YES
646,647,91,455000000000,455068362184,455136726111,68362184,68363927,136726111,YES
646,647,92,460000000000,460068468493,460136938898,68468493,68470405,136938898,YES
646,647,93,465000000000,465077497700,465154993146,77497700,77495446,154993146,YES
646,647,94,470000000000,470077439081,470155544525,77439081,78105444,155544525,YES
646,647,95,475000000000,475077393628,475154785366,77393628,77391738,154785366,YES
646,647,96,480000000000,480077361477,480157263146,77361477,79901669,157263146,YES
646,647,97,485000000000,485077342705,485154683945,77342705,77341240,154683945,YES
646,647,98,490000000000,490077337328,490154673413,77337328,77336085,154673413,YES
646,647,99,495000000000,495077345288,495154689564,77345288,77344276,154689564,YES
646,647,100,500000000000,500077366466,500154732162,77366466,77365696,154732162,YES
646,647,101,505000000000,505081869769,505159269963,81869769,77400194,159269963,YES
646,647,102,510000000000,510081092656,510160767249,81092656,79674593,160767249,YES
646,647,103,515000000000,515077507195,515155014364,77507195,77507169,155014364,YES
646,647,104,520000000000,520077578790,520156635709,77578790,79056919,156635709,YES
646,647,105,525000000000,525079825218,525157516552,79825218,77691334,157516552,YES
646,647,106,530000000000,530083561613,530166993891,83561613,83432278,166993891,YES
646,647,107,535000000000,535081033442,535164884356,81033442,83850914,164884356,YES
646,647,108,540000000000,540066088748,540132177562,66088748,66088814,132177562,YES
646,647,109,545000000000,545071757932,545137939949,71757932,66182017,137939949,YES
646,647,110,550000000000,550105835246,550218243870,105835246,112408624,218243870,YES
646,647,111,555000000000,555108349230,555213536359,108349230,105187129,213536359,YES
646,647,112,560000000000,560108069331,560221768137,108069331,113698806,221768137,YES
646,647,113,565000000000,565105105385,565210492479,105105385,105387094,210492479,YES
646,647,114,570000000000,570110447838,570217375355,110447838,106927517,217375355,YES
646,647,115,575000000000,575084405552,575168807785,84405552,84402233,168807785,YES
646,647,116,580000000000,580084265725,580168528360,84265725,84262635,168528360,YES
646,647,117,585000000000,585084962035,585169097041,84962035,84135006,169097041,YES
646,647,118,590000000000,590084022500,590168042401,84022500,84019901,168042401,YES
646,647,119,595000000000,595083920041,595167837749,83920041,83917708,167837749,YES
646,647,120,600000000000,600083830864,600167659666,83830864,83828802,167659666,YES
646,647,121,605000000000,605083755251,605167508706,83755251,83753455,167508706,YES
646,647,122,610000000000,610084944458,610172652321,84944458,87707863,172652321,YES
646,647,123,615000000000,615081927454,615170570624,81927454,88643170,170570624,YES
646,647,124,620000000000,620081826641,620163654100,81826641,81827459,163654100,YES
646,647,125,625000000000,625073309540,625141958769,73309540,68649229,141958769,YES
646,647,126,630000000000,630075851283,630144408324,75851283,68557041,144408324,YES
646,647,127,635000000000,635073811281,635142287402,73811281,68476121,142287402,YES
646,647,128,640000000000,640077782677,640146189614,77782677,68406937,146189614,YES
646,647,129,645000000000,645068815245,645137165579,68815245,68350334,137165579,YES
646,647,130,650000000000,650068306312,650136612892,68306312,68306580,136612892,YES
646,647,131,655000000000,655069351880,655137628132,69351880,68276252,137628132,YES
646,647,132,660000000000,660068259040,660136518779,68259040,68259739,136518779,YES
646,647,133,665000000000,665069386932,665137644246,69386932,68257314,137644246,YES
646,647,134,670000000000,670068268026,670136537170,68268026,68269144,136537170,YES
646,647,135,675000000000,675068293979,675136589276,68293979,68295297,136589276,YES
646,647,136,680000000000,680068334207,680136669926,68334207,68335719,136669926,YES
646,647,137,685000000000,685068388548,685136778791,68388548,68390243,136778791,YES
646,647,138,690000000000,690068472539,690136931133,68472539,68458594,136931133,YES
646,647,139,695000000000,695068538373,695137078772,68538373,68540399,137078772,YES
646,647,140,700000000000,700068666621,700137335433,68666621,68668812,137335433,YES
646,647,141,705000000000,705078055854,705156109199,78055854,78053345,156109199,YES
646,647,142,710000000000,710077999819,710155997284,77999819,77997465,155997284,YES
646,647,143,715000000000,715081444419,715159397974,81444419,77953555,159397974,YES
646,647,144,720000000000,720091474491,720169396174,91474491,77921683,169396174,YES
646,647,145,725000000000,725084113481,725166913125,84113481,82799644,166913125,YES
646,647,146,730000000000,730077895959,730156920499,77895959,79024540,156920499,YES
646,647,147,735000000000,735077900176,735155798972,77900176,77898796,155798972,YES
646,647,148,740000000000,740077916437,740155831722,77916437,77915285,155831722,YES
646,647,149,745000000000,745077944686,745155888454,77944686,77943768,155888454,YES
646,647,150,750000000000,750077984821,750155968965,77984821,77984144,155968965,YES
646,647,151,755000000000,755078036706,755156072999,78036706,78036293,156072999,YES
646,647,152,760000000000,760078100158,760156200157,78100158,78099999,156200157,YES
646,647,153,765000000000,765078174926,765156349944,78174926,78175018,156349944,YES
646,647,154,770000000000,770078270273,770156531320,78270273,78261047,156531320,YES
646,647,155,775000000000,775092227809,775186318255,92227809,94090446,186318255,YES
646,647,156,780000000000,780092185915,780232697907,92185915,140511992,232697907,YES
646,647,157,785000000000,785105102802,785267853388,105102802,162750586,267853388,YES
646,647,158,790000000000,790105043676,790235818746,105043676,130775070,235818746,YES
646,647,159,795000000000,795107584810,795217714013,107584810,110129203,217714013,YES
646,647,160,800000000000,800104964970,800216689069,104964970,111724099,216689069,YES
646,647,161,805000000000,805084190939,805172166647,84190939,87975708,172166647,YES
646,647,162,810000000000,810086309953,810170352389,86309953,84042436,170352389,YES
646,647,163,815000000000,815086217883,815170127270,86217883,83909387,170127270,YES
646,647,164,820000000000,820083791625,820167580609,83791625,83788984,167580609,YES
646,647,165,825000000000,825083683993,825167365604,83683993,83681611,167365604,YES
646,647,166,830000000000,830083589873,830167177627,83589873,83587754,167177627,YES
646,647,167,835000000000,835083509602,835167017356,83509602,83507754,167017356,YES
646,647,168,840000000000,840087827509,840171269297,87827509,83441788,171269297,YES
646,647,169,845000000000,845083391415,845166781535,83391415,83390120,166781535,YES
646,647,170,850000000000,850083491861,850166844454,83491861,83352593,166844454,YES
646,647,171,855000000000,855081809515,855163619952,81809515,81810437,163619952,YES
646,647,172,860000000000,860081775982,860163553140,81775982,81777158,163553140,YES
646,647,173,865000000000,865081754135,865163509693,81754135,81755558,163509693,YES
646,647,174,870000000000,870068968168,870137935467,68968168,68967299,137935467,YES
646,647,175,875000000000,875068883569,875138062347,68883569,69178778,138062347,YES
646,647,176,880000000000,880068810771,880137621049,68810771,68810278,137621049,YES
646,647,177,885000000000,885068750459,885137500631,68750459,68750172,137500631,YES
646,647,178,890000000000,890068703284,890137406489,68703284,68703205,137406489,YES
646,647,179,895000000000,895068669811,895137339759,68669811,68669948,137339759,YES
646,647,180,900000000000,900068650520,900137301397,68650520,68650877,137301397,YES
646,647,181,905000000000,905068645775,905148374440,68645775,79728665,148374440,YES
646,647,182,910000000000,910068655806,910137312404,68655806,68656598,137312404,YES
646,647,183,915000000000,915068680707,915137362417,68680707,68681710,137362417,YES
646,647,184,920000000000,920068720413,920137442040,68720413,68721627,137442040,YES
646,647,185,925000000000,925068774731,925137550879,68774731,68776148,137550879,YES
646,647,186,930000000000,930068843331,930137688268,68843331,68844937,137688268,YES
646,647,187,935000000000,935068925759,935137853306,68925759,68927547,137853306,YES
646,647,188,940000000000,940069055067,940138112095,69055067,69057028,138112095,YES
646,647,189,945000000000,945077998586,945168704604,77998586,90706018,168704604,YES
646,647,190,950000000000,950077962024,950170381472,77962024,92419448,170381472,YES
646,647,191,955000000000,955077937380,955155872908,77937380,77935528,155872908,YES
646,647,192,960000000000,960077924697,960155847742,77924697,77923045,155847742,YES
646,647,193,965000000000,965077923994,965155846550,77923994,77922556,155846550,YES
646,647,194,970000000000,970078069409,970156003469,78069409,77934060,156003469,YES
646,647,195,975000000000,975077958508,975155916029,77958508,77957521,155916029,YES
646,647,196,980000000000,980077993638,980155986526,77993638,77992888,155986526,YES
646,647,197,985000000000,985078040568,985156080647,78040568,78040079,156080647,YES
646,647,198,990000000000,990078099147,990167138725,78099147,89039578,167138725,YES
646,647,199,995000000000,995079294431,995171071310,79294431,91776879,171071310,YES
646,647,200,1000000000000,1000079947288,1000168131716,79947288,88184428,168131716,YES
646,647,201,1005000000000,1005078342413,1005156685339,78342413,78342926,156685339,YES
646,647,202,1010000000000,1010092691242,1010188271015,92691242,95579773,188271015,YES
646,647,203,1015000000000,1015096208880,1015191273202,96208880,95064322,191273202,YES
646,647,204,1020000000000,1020093551344,1020200566999,93551344,107015655,200566999,YES
646,647,205,1025000000000,1025105125854,1025210925445,105125854,105799591,210925445,YES
646,647,206,1030000000000,1030105052892,1030232443054,105052892,127390162,232443054,YES
646,647,207,1035000000000,1035104992480,1035228386120,104992480,123393640,228386120,YES
646,647,208,1040000000000,1040084388221,1040174930526,84388221,90542305,174930526,YES
646,647,209,1045000000000,1045084233204,1045171757395,84233204,87524191,171757395,YES
646,647,210,1050000000000,1050084090015,1050170845973,84090015,86755958,170845973,YES
646,647,211,1055000000000,1055083959273,1055167916095,83959273,83956822,167916095,YES
646,647,212,1060000000000,1060083841566,1060167680935,83841566,83839369,167680935,YES
646,647,213,1065000000000,1065083737397,1065167472871,83737397,83735474,167472871,YES
646,647,214,1070000000000,1070083647193,1070167292744,83647193,83645551,167292744,YES
646,647,215,1075000000000,1075083571284,1075167141202,83571284,83569918,167141202,YES
646,647,216,1080000000000,1080083509858,1080167018629,83509858,83508771,167018629,YES
646,647,217,1085000000000,1085083462998,1085166925186,83462998,83462188,166925186,YES
646,647,218,1090000000000,1090083453931,1090171768363,83453931,88314432,171768363,YES
646,647,219,1095000000000,1095083412672,1095166825060,83412672,83412388,166825060,YES
646,647,220,1100000000000,1100111891088,1100208959039,111891088,97067951,208959039,YES
646,647,221,1105000000000,1105098794916,1105200894318,98794916,102099402,200894318,YES
646,647,222,1110000000000,1110096093425,1110198841246,96093425,102747821,198841246,YES
646,647,223,1115000000000,1115068668360,1115137336364,68668360,68668004,137336364,YES
646,647,224,1120000000000,1120068602406,1120137204660,68602406,68602254,137204660,YES
646,647,225,1125000000000,1125068548654,1125137097367,68548654,68548713,137097367,YES
646,647,226,1130000000000,1130068507613,1130137015502,68507613,68507889,137015502,YES
646,647,227,1135000000000,1135068479731,1135136959954,68479731,68480223,136959954,YES
646,647,228,1140000000000,1140068465356,1140136931423,68465356,68466067,136931423,YES
646,647,229,1145000000000,1145068464744,1145136930415,68464744,68465671,136930415,YES
646,647,230,1150000000000,1150068478040,1150136957219,68478040,68479179,136957219,YES
646,647,231,1155000000000,1155068505282,1155137011905,68505282,68506623,137011905,YES
646,647,232,1160000000000,1160068546394,1160137094324,68546394,68547930,137094324,YES
646,647,233,1165000000000,1165068601204,1165137204131,68601204,68602927,137204131,YES
646,647,234,1170000000000,1170068703040,1170137407977,68703040,68704937,137407977,YES
646,647,235,1175000000000,1175068784333,1175137570733,68784333,68786400,137570733,YES
646,647,236,1180000000000,1180077558380,1180155114684,77558380,77556304,155114684,YES
646,647,237,1185000000000,1185077508140,1185155428408,77508140,77920268,155428408,YES
646,647,238,1190000000000,1190077470523,1190154939347,77470523,77468824,154939347,YES
646,647,239,1195000000000,1195077445697,1195161297191,77445697,83851494,161297191,YES
647,648,0,0,41908585,83817142,41908585,41908557,83817142,YES
647,648,1,5000000000,5041892606,5083785282,41892606,41892676,83785282,YES
647,648,2,10000000000,10041889524,10083779209,41889524,41889685,83779209,YES
647,648,3,15000000000,15041898907,15083798062,41898907,41899155,83798062,YES
647,648,4,20000000000,20080058651,20160117108,80058651,80058457,160117108,YES
647,648,5,25000000000,25080087151,25160174320,80087151,80087169,160174320,YES
647,648,6,30000000000,30080129213,30160258660,80129213,80129447,160258660,YES
647,648,7,35000000000,35080184509,35160369461,80184509,80184952,160369461,YES
647,648,8,40000000000,40080252610,40160505877,80252610,80253267,160505877,YES
647,648,9,45000000000,45080333042,45160666947,80333042,80333905,160666947,YES
647,648,10,50000000000,50080425267,50160851600,80425267,80426333,160851600,YES
647,648,11,55000000000,55080528715,55161058693,80528715,80529978,161058693,YES
647,648,12,60000000000,60080642796,60161287044,80642796,80644248,161287044,YES
647,648,13,65000000000,65080766908,65161535456,80766908,80768548,161535456,YES
647,648,14,70000000000,70080900450,70162296612,80900450,81396162,162296612,YES
647,648,15,75000000000,75081042832,75162087659,81042832,81044827,162087659,YES
647,648,16,80000000000,80081193485,80162389121,81193485,81195636,162389121,YES
647,648,17,85000000000,85092839269,85174193792,92839269,81354523,174193792,YES
647,648,18,90000000000,90090905528,90172425702,90905528,81520174,172425702,YES
647,648,19,95000000000,95081689688,95163381955,81689688,81692267,163381955,YES
647,648,20,100000000000,100050278914,100100559806,50278914,50280892,100559806,YES
647,648,21,105000000000,105050318073,105100638173,50318073,50320100,100638173,YES
647,648,22,110000000000,110094602229,110187201358,94602229,92599129,187201358,YES
647,648,23,115000000000,115092395211,115184786540,92395211,92391329,184786540,YES
647,648,24,120000000000,120092192812,120184381846,92192812,92189034,184381846,YES
647,648,25,125000000000,125091996442,125183989242,91996442,91992800,183989242,YES
647,648,26,130000000000,130091806571,130183609639,91806571,91803068,183609639,YES
647,648,27,135000000000,135091623712,135183244053,91623712,91620341,183244053,YES
647,648,28,140000000000,140091448432,140182893634,91448432,91445202,182893634,YES
647,648,29,145000000000,145091281344,145182559602,91281344,91278258,182559602,YES
647,648,30,150000000000,150091123086,150182243258,91123086,91120172,182243258,YES
647,648,31,155000000000,155090974360,155181945997,90974360,90971637,181945997,YES
647,648,32,160000000000,160090835913,160181669292,90835913,90833379,181669292,YES
647,648,33,165000000000,165090708509,165181414691,90708509,90706182,181414691,YES
647,648,34,170000000000,170090592935,170181183758,90592935,90590823,181183758,YES
647,648,35,175000000000,175090489975,175180978078,90489975,90488103,180978078,YES
647,648,36,180000000000,180090400391,180185973778,90400391,95573387,185973778,YES
647,648,37,185000000000,185090324899,185186816951,90324899,96492052,186816951,YES
647,648,38,190000000000,190090264137,190187111979,90264137,96847842,187111979,YES
647,648,39,195000000000,195090218645,195180436462,90218645,90217817,180436462,YES
647,648,40,200000000000,200090188832,200180377119,90188832,90188287,180377119,YES
647,648,41,205000000000,205090174958,205185923407,90174958,95748449,185923407,YES
647,648,42,210000000000,210090177112,210185325335,90177112,95148223,185325335,YES
647,648,43,215000000000,215090195221,215180390763,90195221,90195542,180390763,YES
647,648,44,220000000000,220090229050,220180458705,90229050,90229655,180458705,YES
647,648,45,225000000000,225041869777,225083739386,41869777,41869609,83739386,YES
647,648,46,230000000000,230041836135,230083672208,41836135,41836073,83672208,YES
647,648,47,235000000000,235041815711,235083631463,41815711,41815752,83631463,YES
647,648,48,240000000000,240041808204,240083616550,41808204,41808346,83616550,YES
647,648,49,245000000000,245041813207,245083626644,41813207,41813437,83626644,YES
647,648,50,250000000000,250041830212,250083660737,41830212,41830525,83660737,YES
647,648,51,255000000000,255041858639,255083717669,41858639,41859030,83717669,YES
647,648,52,260000000000,260041897857,260083796176,41897857,41898319,83796176,YES
647,648,53,265000000000,265041947189,265083894906,41947189,41947717,83894906,YES
647,648,54,270000000000,270080422410,270160845360,80422410,80422950,160845360,YES
647,648,55,275000000000,275080495193,275160991122,80495193,80495929,160991122,YES
647,648,56,280000000000,280080579537,280161160003,80579537,80580466,161160003,YES
647,648,57,285000000000,285080674932,285161350984,80674932,80676052,161350984,YES
647,648,58,290000000000,290080780845,290161562997,80780845,80782152,161562997,YES
647,648,59,295000000000,295080896732,295161794949,80896732,80898217,161794949,YES
647,648,60,300000000000,300081022045,300162045754,81022045,81023709,162045754,YES
647,648,61,305000000000,305081156231,305173171311,81156231,92015080,173171311,YES
647,648,62,310000000000,310081298768,310172893977,81298768,91595209,172893977,YES
647,648,63,315000000000,315081449133,315162900409,81449133,81451276,162900409,YES
647,648,64,320000000000,320081606840,320163215961,81606840,81609121,163215961,YES
647,648,65,325000000000,325072688158,325145375758,72688158,72687600,145375758,YES
647,648,66,330000000000,330072762059,330145523698,72762059,72761639,145523698,YES
647,648,67,335000000000,335072836061,335145671305,72836061,72835244,145671305,YES
647,648,68,340000000000,340057727969,340115456758,57727969,57728789,115456758,YES
647,648,69,345000000000,345058612683,345116339024,58612683,57726341,116339024,YES
647,648,70,350000000000,350059873806,350117571585,59873806,57697779,117571585,YES
647,648,71,355000000000,355057690235,355115381595,57690235,57691360,115381595,YES
647,648,72,360000000000,360057690021,360115381268,57690021,57691247,115381268,YES
647,648,73,365000000000,365092172425,365184341137,92172425,92168712,184341137,YES
647,648,74,370000000000,370091978354,370183953122,91978354,91974768,183953122,YES
647,648,75,375000000000,375091790471,375183577490,91790471,91787019,183577490,YES
647,648,76,380000000000,380091609256,380183215188,91609256,91605932,183215188,YES
647,648,77,385000000000,385091435244,385182867293,91435244,91432049,182867293,YES
647,648,78,390000000000,390091269020,390182534981,91269020,91265961,182534981,YES
647,648,79,395000000000,395091111188,395182219489,91111188,91108301,182219489,YES
647,648,80,400000000000,400090962435,400181922161,90962435,90959726,181922161,YES
647,648,81,405000000000,405090823478,405181644427,90823478,90820949,181644427,YES
647,648,82,410000000000,410090695074,410181387814,90695074,90692740,181387814,YES
647,648,83,415000000000,415090578009,415181153888,90578009,90575879,181153888,YES
647,648,84,420000000000,420091577503,420182840754,91577503,91263251,182840754,YES
647,648,85,425000000000,425090381070,425180760478,90381070,90379408,180760478,YES
647,648,86,430000000000,430090302751,430180604093,90302751,90301342,180604093,YES
647,648,87,435000000000,435090238832,435180476515,90238832,90237683,180476515,YES
647,648,88,440000000000,440090189926,440180378973,90189926,90189047,180378973,YES
647,648,89,445000000000,445090156550,445180312498,90156550,90155948,180312498,YES
647,648,90,450000000000,450090139066,450180277823,90139066,90138757,180277823,YES
647,648,91,455000000000,455090137690,455180275363,90137690,90137673,180275363,YES
647,648,92,460000000000,460090152464,460180305198,90152464,90152734,180305198,YES
647,648,93,465000000000,465090183244,465180367053,90183244,90183809,180367053,YES
647,648,94,470000000000,470090229738,470180460327,90229738,90230589,180460327,YES
647,648,95,475000000000,475090291503,475180584133,90291503,90292630,180584133,YES
647,648,96,480000000000,480090367955,480180737304,90367955,90369349,180737304,YES
647,648,97,485000000000,485090458433,485180918515,90458433,90460082,180918515,YES
647,648,98,490000000000,490090562186,490181126274,90562186,90564088,181126274,YES
647,648,99,495000000000,495090678441,495181359014,90678441,90680573,181359014,YES
647,648,100,500000000000,500041531725,500083063787,41531725,41532062,83063787,YES
647,648,101,505000000000,505041581117,505083162644,41581117,41581527,83162644,YES
647,648,102,510000000000,510042450421,510084090744,42450421,41640323,84090744,YES
647,648,103,515000000000,515041707165,515083414887,41707165,41707722,83414887,YES
647,648,104,520000000000,520041782443,520083565500,41782443,41783057,83565500,YES
647,648,105,525000000000,525041865009,525084447684,41865009,42582675,84447684,YES
647,648,106,530000000000,530041954245,530083909200,41954245,41954955,83909200,YES
647,648,107,535000000000,535042049568,535084099902,42049568,42050334,84099902,YES
647,648,108,540000000000,540042150447,540084301696,42150447,42151249,84301696,YES
647,648,109,545000000000,545042256378,545084513597,42256378,42257219,84513597,YES
647,648,110,550000000000,550072286914,550144572642,72286914,72285728,144572642,YES
647,648,111,555000000000,555072333227,555144665392,72333227,72332165,144665392,YES
647,648,112,560000000000,560072366783,560144732087,72366783,72365304,144732087,YES
647,648,113,565000000000,565072394513,565144787670,72394513,72393157,144787670,YES
647,648,114,570000000000,570057945691,570115891778,57945691,57946087,115891778,YES
647,648,115,575000000000,575057908171,575115816838,57908171,57908667,115816838,YES
647,648,116,580000000000,580057876409,580115753410,57876409,57877001,115753410,YES
647,648,117,585000000000,585057850703,585115702101,57850703,57851398,115702101,YES
647,648,118,590000000000,590057831353,590115663506,57831353,57832153,115663506,YES
647,648,119,595000000000,595057818632,595118893639,57818632,61075007,118893639,YES
647,648,120,600000000000,600057812857,600115626750,57812857,57813893,115626750,YES
647,648,121,605000000000,605057814283,605120111808,57814283,62297525,120111808,YES
647,648,122,610000000000,610103070787,610194753300,103070787,91682513,194753300,YES
647,648,123,615000000000,615091513371,615183023567,91513371,91510196,183023567,YES
647,648,124,620000000000,620091348106,620182805294,91348106,91457188,182805294,YES
647,648,125,625000000000,625091191013,625183754704,91191013,92563691,183754704,YES
647,648,126,630000000000,630091042754,630182082791,91042754,91040037,182082791,YES
647,648,127,635000000000,635090904017,635181810540,90904017,90906523,181810540,YES
647,648,128,640000000000,640090775526,640181548708,90775526,90773182,181548708,YES
647,648,129,645000000000,645090658032,645181313922,90658032,90655890,181313922,YES
647,648,130,650000000000,650090552306,650181102696,90552306,90550390,181102696,YES
647,648,131,655000000000,655090459118,655180916549,90459118,90457431,180916549,YES
647,648,132,660000000000,660090379217,660180756984,90379217,90377767,180756984,YES
647,648,133,665000000000,665090313302,665180625410,90313302,90312108,180625410,YES
647,648,134,670000000000,670090262002,670180523078,90262002,90261076,180523078,YES
647,648,135,675000000000,675090225856,675180451059,90225856,90225203,180451059,YES
647,648,136,680000000000,680090205262,680180410154,90205262,90204892,180410154,YES
647,648,137,685000000000,685091059407,685181275807,91059407,90216400,181275807,YES
647,648,138,690000000000,690090211619,690180423450,90211619,90211831,180423450,YES
647,648,139,695000000000,695090238610,695180477717,90238610,90239107,180477717,YES
647,648,140,700000000000,700090281226,700180563233,90281226,90282007,180563233,YES
647,648,141,705000000000,705090339086,705180679234,90339086,90340148,180679234,YES
647,648,142,710000000000,710090411693,710180824717,90411693,90413024,180824717,YES
647,648,143,715000000000,715090498427,715180998447,90498427,90500020,180998447,YES
647,648,144,720000000000,720090598604,720181199050,90598604,90600446,181199050,YES
647,648,145,725000000000,725090711481,725181425038,90711481,90713557,181425038,YES
647,648,146,730000000000,730041883301,730083766890,41883301,41883589,83766890,YES
647,648,147,735000000000,735041906841,735083814048,41906841,41907207,83814048,YES
647,648,148,740000000000,740041940574,740083881587,41940574,41941013,83881587,YES
647,648,149,745000000000,745041983916,745084714325,41983916,42730409,84714325,YES
647,648,150,750000000000,750043091959,750085128806,43091959,42036847,85128806,YES
647,648,151,755000000000,755042097032,755084194690,42097032,42097658,84194690,YES
647,648,152,760000000000,760042165619,760084331914,42165619,42166295,84331914,YES
647,648,153,765000000000,765042241454,765084483629,42241454,42242175,84483629,YES
647,648,154,770000000000,770042323982,770084648726,42323982,42324744,84648726,YES
647,648,155,775000000000,775073260740,775145687926,73260740,72427186,145687926,YES
647,648,156,780000000000,780073473102,780145911992,73473102,72438890,145911992,YES
647,648,157,785000000000,785072469112,785144937027,72469112,72467915,144937027,YES
647,648,158,790000000000,790072491818,790144981986,72491818,72490168,144981986,YES
647,648,159,795000000000,795072501668,795145001819,72501668,72500151,145001819,YES
647,648,160,800000000000,800072519222,800145037064,72519222,72517842,145037064,YES
647,648,161,805000000000,805072544501,805145087767,72544501,72543266,145087767,YES
647,648,162,810000000000,810057946614,810115893718,57946614,57947104,115893718,YES
647,648,163,815000000000,815057916949,815115834495,57916949,57917546,115834495,YES
647,648,164,820000000000,820057893846,820115788398,57893846,57894552,115788398,YES
647,648,165,825000000000,825057877627,825115756079,57877627,57878452,115756079,YES
647,648,166,830000000000,830057868595,830115738144,57868595,57869549,115738144,YES
647,648,167,835000000000,835057867069,835115735206,57867069,57868137,115735206,YES
647,648,168,840000000000,840057873313,840115747816,57873313,57874503,115747816,YES
647,648,169,845000000000,845057887593,845115776496,57887593,57888903,115776496,YES
647,648,170,850000000000,850057910144,850115821722,57910144,57911578,115821722,YES
647,648,171,855000000000,855091380270,855182757582,91380270,91377312,182757582,YES
647,648,172,860000000000,860091229776,860182456752,91229776,91226976,182456752,YES
647,648,173,865000000000,865091088517,865182174417,91088517,91085900,182174417,YES
647,648,174,870000000000,870090957169,870182133221,90957169,91176052,182133221,YES
647,648,175,875000000000,875090836425,875186027177,90836425,95190752,186027177,YES
647,648,176,880000000000,-1,-1,-1,-1,-1,LOST
647,648,177,885000000000,885090629636,885181257475,90629636,90627839,181257475,YES
647,648,178,890000000000,890090545004,890181088450,90545004,90543446,181088450,YES
647,648,179,895000000000,895090473775,895180946237,90473775,90472462,180946237,YES
647,648,180,900000000000,900090416551,900180832046,90416551,90415495,180832046,YES
647,648,181,905000000000,905090373858,905180746924,90373858,90373066,180746924,YES
647,648,182,910000000000,910090346102,910180691688,90346102,90345586,180691688,YES
647,648,183,915000000000,915090333579,915180666919,90333579,90333340,180666919,YES
647,648,184,920000000000,920091840781,920182177263,91840781,90336482,182177263,YES
647,648,185,925000000000,925090354672,925180709672,90354672,90355000,180709672,YES
647,648,186,930000000000,930090388148,930180776904,90388148,90388756,180776904,YES
647,648,187,935000000000,935090436575,935180874032,90436575,90437457,180874032,YES
647,648,188,940000000000,940090499536,940181000225,90499536,90500689,181000225,YES
647,648,189,945000000000,945090576524,945181154460,90576524,90577936,181154460,YES
647,648,190,950000000000,950090666921,950181335508,90666921,90668587,181335508,YES
647,648,191,955000000000,955090770077,955184577524,90770077,93807447,184577524,YES
647,648,192,960000000000,960090885280,960183179990,90885280,92294710,183179990,YES
647,648,193,965000000000,965091011815,965182025978,91011815,91014163,182025978,YES
647,648,194,970000000000,970091148964,970182300482,91148964,91151518,182300482,YES
647,648,195,975000000000,975042075147,975084150744,42075147,42075597,84150744,YES
647,648,196,980000000000,980042119693,980084239900,42119693,42120207,84239900,YES
647,648,197,985000000000,985042172634,985084345841,42172634,42173207,84345841,YES
647,648,198,990000000000,990042233429,990084467484,42233429,42234055,84467484,YES
647,648,199,995000000000,995042301552,995084603777,42301552,42302225,84603777,YES
647,648,200,1000000000000,1000042376492,1000084753717,42376492,42377225,84753717,YES
647,648,201,1005000000000,1005042457751,1005084916277,42457751,42458526,84916277,YES
647,648,202,1010000000000,1010072256523,1010144511274,72256523,72254751,144511274,YES
647,648,203,1015000000000,1015072263631,1015144525591,72263631,72261960,144525591,YES
647,648,204,1020000000000,1020136907130,1020209176054,136907130,72268924,209176054,YES
647,648,205,1025000000000,1025072259968,1025144517931,72259968,72257963,144517931,YES
647,648,206,1030000000000,1030073457272,1030145711042,73457272,72253770,145711042,YES
647,648,207,1035000000000,1035072258415,1035144515062,72258415,72256647,144515062,YES
647,648,208,1040000000000,1040072281856,1040144548477,72281856,72266621,144548477,YES
647,648,209,1045000000000,1045082612200,1045164431335,82612200,81819135,164431335,YES
647,648,210,1050000000000,1050058120781,1050116241777,58120781,58120996,116241777,YES
647,648,211,1055000000000,1055058079299,1055116158922,58079299,58079623,116158922,YES
647,648,212,1060000000000,1060058044108,1060116088651,58044108,58044543,116088651,YES
647,648,213,1065000000000,1065058015580,1065116031715,58015580,58016135,116031715,YES
647,648,214,1070000000000,1070057994093,1070115988874,57994093,57994781,115988874,YES
647,648,215,1075000000000,1075057979974,1075115960779,57979974,57980805,115960779,YES
647,648,216,1080000000000,1080057973595,1080115948142,57973595,57974547,115948142,YES
647,648,217,1085000000000,1085058405702,1085116382023,58405702,57976321,116382023,YES
647,648,218,1090000000000,1090057985213,1090115971631,57985213,57986418,115971631,YES
647,648,219,1095000000000,1095058003733,1095116008788,58003733,58005055,116008788,YES
647,648,220,1100000000000,1100058689023,1100116750345,58689023,58061322,116750345,YES
647,648,221,1105000000000,1105058067292,1105116136162,58067292,58068870,116136162,YES
647,648,222,1110000000000,1110058112673,1110116227050,58112673,58114377,116227050,YES
647,648,223,1115000000000,1115091201663,1115182400979,91201663,91199316,182400979,YES
647,648,224,1120000000000,1120091085719,1120182169280,91085719,91083561,182169280,YES
647,648,225,1125000000000,1125090980418,1125181958882,90980418,90978464,181958882,YES
647,648,226,1130000000000,1130090886392,1130181771037,90886392,90884645,181771037,YES
647,648,227,1135000000000,1135090804268,1135181607012,90804268,90802744,181607012,YES
647,648,228,1140000000000,1140090734655,1140181468013,90734655,90733358,181468013,YES
647,648,229,1145000000000,1145090678111,1145181355168,90678111,90677057,181355168,YES
647,648,230,1150000000000,-1,-1,-1,-1,-1,LOST
647,648,231,1155000000000,1155090606149,1155181211756,90606149,90605607,181211756,YES
647,648,232,1160000000000,1160090591478,1160181182680,90591478,90591202,181182680,YES
647,648,233,1165000000000,1165090591328,1165181182650,90591328,90591322,181182650,YES
647,648,234,1170000000000,1170091069842,1170181675908,91069842,90606066,181675908,YES
647,648,235,1175000000000,1175090634844,1175181270224,90634844,90635380,181270224,YES
647,648,236,1180000000000,1180090678316,1180181357438,90678316,90679122,181357438,YES
647,648,237,1185000000000,1185090735934,1185181472939,90735934,90737005,181472939,YES
647,648,238,1190000000000,1190090807322,1190181615972,90807322,90808650,181615972,YES
647,648,239,1195000000000,1195090892008,1195181785590,90892008,90893582,181785590,YES
648,649,0,0,69802314,140337324,69802314,70535010,140337324,YES
648,649,1,5000000000,5069773081,5139546206,69773081,69773125,139546206,YES
648,649,2,10000000000,10069757053,10141034241,69757053,71277188,141034241,YES
648,649,3,15000000000,15069754259,15139508965,69754259,69754706,139508965,YES
648,649,4,20000000000,20069764612,20139603131,69764612,69838519,139603131,YES
648,649,5,25000000000,25086228291,25156017146,86228291,69788855,156017146,YES
648,649,6,30000000000,30073131545,30142956469,73131545,69824924,142956469,YES
648,649,7,35000000000,35069872123,35139745426,69872123,69873303,139745426,YES
648,649,8,40000000000,40069932176,40245273300,69932176,175341124,245273300,YES
648,649,9,45000000000,45070003536,45142301629,70003536,72298093,142301629,YES
648,649,10,50000000000,50070085651,50140172935,70085651,70087284,140172935,YES
648,649,11,55000000000,55070177952,55140357680,70177952,70179728,140357680,YES
648,649,12,60000000000,60070279857,60140561606,70279857,70281749,140561606,YES
648,649,13,65000000000,65070390776,65140783552,70390776,70392776,140783552,YES
648,649,14,70000000000,70070510137,70141022372,70510137,70512235,141022372,YES
648,649,15,75000000000,75070637383,75141276956,70637383,70639573,141276956,YES
648,649,16,80000000000,80070771978,80141546229,70771978,70774251,141546229,YES
648,649,17,85000000000,85070913421,85141829195,70913421,70915774,141829195,YES
648,649,18,90000000000,90080681467,90161367194,80681467,80685727,161367194,YES
648,649,19,95000000000,95080830361,95161665053,80830361,80834692,161665053,YES
648,649,20,100000000000,100067858091,100135713723,67858091,67855632,135713723,YES
648,649,21,105000000000,105067697808,105252161819,67697808,184464011,252161819,YES
648,649,22,110000000000,110067542860,110194413018,67542860,126870158,194413018,YES
648,649,23,115000000000,115067393698,115134785103,67393698,67391405,134785103,YES
648,649,24,120000000000,120067250781,120134605084,67250781,67354303,134605084,YES
648,649,25,125000000000,125067114613,125160179138,67114613,93064525,160179138,YES
648,649,26,130000000000,130067807179,130134790796,67807179,66983617,134790796,YES
648,649,27,135000000000,135066864628,135133727269,66864628,66862641,133727269,YES
648,649,28,140000000000,140066751920,140133501946,66751920,66750026,133501946,YES
648,649,29,145000000000,145067238520,145133884887,67238520,66646367,133884887,YES
648,649,30,150000000000,150066553956,150133106242,66553956,66552286,133106242,YES
648,649,31,155000000000,155066469856,155132938163,66469856,66468307,132938163,YES
648,649,32,160000000000,160066396442,160132791462,66396442,66395020,132791462,YES
648,649,33,165000000000,165070852728,165137185633,70852728,66332905,137185633,YES
648,649,34,170000000000,170066283753,170132566374,66283753,66282621,132566374,YES
648,649,35,175000000000,175274189350,175340451680,274189350,66262330,340451680,YES
648,649,36,180000000000,180082413676,180148651633,82413676,66237957,148651633,YES
648,649,37,185000000000,185066206650,185132412680,66206650,66206030,132412680,YES
648,649,38,190000000000,190066206703,190132412972,66206703,66206269,132412972,YES
648,649,39,195000000000,195066219876,195132439511,66219876,66219635,132439511,YES
648,649,40,200000000000,200066548528,200135787728,66548528,69239200,135787728,YES
648,649,41,205000000000,205066285415,205132570981,66285415,66285566,132570981,YES
648,649,42,210000000000,210072132336,210146574018,72132336,74441682,146574018,YES
648,649,43,215000000000,215071951084,215143901388,71951084,71950304,143901388,YES
648,649,44,220000000000,220071814875,220143629162,71814875,71814287,143629162,YES
648,649,45,225000000000,225069804361,225139608286,69804361,69803925,139608286,YES
648,649,46,230000000000,230069755895,230142912691,69755895,73156796,142912691,YES
648,649,47,235000000000,235069720432,235139440827,69720432,69720395,139440827,YES
648,649,48,240000000000,240069698188,240139396541,69698188,69698353,139396541,YES
648,649,49,245000000000,245070585324,245140274959,70585324,69689635,140274959,YES
648,649,50,250000000000,250069693672,250141029752,69693672,71336080,141029752,YES
648,649,51,255000000000,255069711249,255139423236,69711249,69711987,139423236,YES
648,649,52,260000000000,260069741773,260139484462,69741773,69742689,139484462,YES
648,649,53,265000000000,265069798677,265139584666,69798677,69785989,139584666,YES
648,649,54,270000000000,270069840222,270139681691,69840222,69841469,139681691,YES
648,649,55,275000000000,275069907240,275139815876,69907240,69908636,139815876,YES
648,649,56,280000000000,280069985425,280139972387,69985425,69986962,139972387,YES
648,649,57,285000000000,285070074198,285140152735,70074198,70078537,140152735,YES
648,649,58,290000000000,-1,-1,-1,-1,-1,LOST
648,649,59,295000000000,295070281125,295140564168,70281125,70283043,140564168,YES
648,649,60,300000000000,300070398075,300140798170,70398075,70400095,140798170,YES
648,649,61,305000000000,305075308441,305150620454,75308441,75312013,150620454,YES
648,649,62,310000000000,310075535748,310151075159,75535748,75539411,151075159,YES
648,649,63,315000000000,315075770640,315151545015,75770640,75774375,151545015,YES
648,649,64,320000000000,320076012671,320152029187,76012671,76016516,152029187,YES
648,649,65,325000000000,325076261440,325152526799,76261440,76265359,152526799,YES
648,649,66,330000000000,330076550133,330153104264,76550133,76554131,153104264,YES
648,649,67,335000000000,335076811133,335153626322,76811133,76815189,153626322,YES
648,649,68,340000000000,340072198884,340144393967,72198884,72195083,144393967,YES
648,649,69,345000000000,345071945934,345149489342,71945934,77543408,149489342,YES
648,649,70,350000000000,350071698428,350147009138,71698428,75310710,147009138,YES
648,649,71,355000000000,355071456675,355148406127,71456675,76949452,148406127,YES
648,649,72,360000000000,360067602767,360135203180,67602767,67600413,135203180,YES
648,649,73,365000000000,365067458628,365134914962,67458628,67456334,134914962,YES
648,649,74,370000000000,370067320839,370134639468,67320839,67318629,134639468,YES
648,649,75,375000000000,375068308665,375135496385,68308665,67187720,135496385,YES
648,649,76,380000000000,380068267823,380135331990,68267823,67064167,135331990,YES
648,649,77,385000000000,385066950460,385337159650,66950460,270209190,337159650,YES
648,649,78,390000000000,390066843050,390161453552,66843050,94610502,161453552,YES
648,649,79,395000000000,395066744566,395133487370,66744566,66742804,133487370,YES
648,649,80,400000000000,400066655554,400133309461,66655554,66653907,133309461,YES
648,649,81,405000000000,405066576560,405133151605,66576560,66575045,133151605,YES
648,649,82,410000000000,410067034448,410133541169,67034448,66506721,133541169,YES
648,649,83,415000000000,415066450725,415132900217,66450725,66449492,132900217,YES
648,649,84,420000000000,420067606457,420134010225,67606457,66403768,134010225,YES
648,649,85,425000000000,425066370950,425132740981,66370950,66370031,132740981,YES
648,649,86,430000000000,430066349337,430133718930,66349337,67369593,133718930,YES
648,649,87,435000000000,435072470728,435144939487,72470728,72468759,144939487,YES
648,649,88,440000000000,440072280510,440144559261,72280510,72278751,144559261,YES
648,649,89,445000000000,445072101572,445144201585,72101572,72100013,144201585,YES
648,649,90,450000000000,450071934387,450180975452,71934387,109041065,180975452,YES
648,649,91,455000000000,455071745728,455157439999,71745728,85694271,157439999,YES
648,649,92,460000000000,460071603068,460143205230,71603068,71602162,143205230,YES
648,649,93,465000000000,465071472971,465142945233,71472971,71472262,142945233,YES
648,649,94,470000000000,470071355489,470142710460,71355489,71354971,142710460,YES
648,649,95,475000000000,475071284159,475142567988,71284159,71283829,142567988,YES
648,649,96,480000000000,480071191625,480142383105,71191625,71191480,142383105,YES
648,649,97,485000000000,485071122349,485142233598,71122349,71111249,142233598,YES
648,649,98,490000000000,490071042630,490142085434,71042630,71042804,142085434,YES
648,649,99,495000000000,495070985416,495141971138,70985416,70985722,141971138,YES
648,649,100,500000000000,500070774360,500140568567,70774360,69794207,140568567,YES
648,649,101,505000000000,505069855750,505139712790,69855750,69857040,139712790,YES
648,649,102,510000000000,510069929947,510148170124,69929947,78240177,148170124,YES
648,649,103,515000000000,515070015092,515140031754,70015092,70016662,140031754,YES
648,649,104,520000000000,520070110593,520140222878,70110593,70112285,140222878,YES
648,649,105,525000000000,525070215844,525140433494,70215844,70217650,140433494,YES
648,649,106,530000000000,530071774697,530142106882,71774697,70332185,142106882,YES
648,649,107,535000000000,535075398393,535150800243,75398393,75401850,150800243,YES
648,649,108,540000000000,540075620182,540151243916,75620182,75623734,151243916,YES
648,649,109,545000000000,545075849987,545151703615,75849987,75853628,151703615,YES
648,649,110,550000000000,550076087392,550152178532,76087392,76091140,152178532,YES
648,649,111,555000000000,555076365560,555152734941,76365560,76369381,152734941,YES
648,649,112,560000000000,560076583244,560154333577,76583244,77750333,154333577,YES
648,649,113,565000000000,565076840823,565153685608,76840823,76844785,153685608,YES
648,649,114,570000000000,570073289166,570146244975,73289166,72955809,146244975,YES
648,649,115,575000000000,575072829765,575144190495,72829765,71360730,144190495,YES
648,649,116,580000000000,580072525571,580143828635,72525571,71303064,143828635,YES
648,649,117,585000000000,585071510567,585143017503,71510567,71506936,143017503,YES
648,649,118,590000000000,590067805025,590136218953,67805025,68413928,136218953,YES
648,649,119,595000000000,595067662783,595135323279,67662783,67660496,135323279,YES
648,649,120,600000000000,600067526709,600135051195,67526709,67524486,135051195,YES
648,649,121,605000000000,605067397237,605134792323,67397237,67395086,134792323,YES
648,649,122,610000000000,610068366674,610135639408,68366674,67272734,135639408,YES
648,649,123,615000000000,615067960811,615135132884,67960811,67172073,135132884,YES
648,649,124,620000000000,620070089681,620137140869,70089681,67051188,137140869,YES
648,649,125,625000000000,625069345712,625136298729,69345712,66953017,136298729,YES
648,649,126,630000000000,630066865574,630133729488,66865574,66863914,133729488,YES
648,649,127,635000000000,635066785872,635133570203,66785872,66784331,133570203,YES
648,649,128,640000000000,640066716218,640133431025,66716218,66714807,133431025,YES
648,649,129,645000000000,645066657097,645134342217,66657097,67685120,134342217,YES
648,649,130,650000000000,650066608956,650133216791,66608956,66607835,133216791,YES
648,649,131,655000000000,655066572214,655133143468,66572214,66571254,133143468,YES
648,649,132,660000000000,660066547229,660133093668,66547229,66546439,133093668,YES
648,649,133,665000000000,665072476886,665144951736,72476886,72474850,144951736,YES
648,649,134,670000000000,670072269123,670144536417,72269123,72267294,144536417,YES
648,649,135,675000000000,675072071323,675144141023,72071323,72069700,144141023,YES
648,649,136,680000000000,680071883975,680143766539,71883975,71882564,143766539,YES
648,649,137,685000000000,685071707484,685146125326,71707484,74417842,146125326,YES
648,649,138,690000000000,690071508607,690145264658,71508607,73756051,145264658,YES
648,649,139,695000000000,695071354803,695142708818,71354803,71354015,142708818,YES
648,649,140,700000000000,700071212673,700142424747,71212673,71212074,142424747,YES
648,649,141,705000000000,705071082342,705142164265,71082342,71081923,142164265,YES
648,649,142,710000000000,710071610104,710142573678,71610104,70963574,142573678,YES
648,649,143,715000000000,715070857119,715141714169,70857119,70857050,141714169,YES
648,649,144,720000000000,720070762111,720141524310,70762111,70762199,141524310,YES
648,649,145,725000000000,725070712250,725141424734,70712250,70712484,141424734,YES
648,649,146,730000000000,730071891684,730141598453,71891684,69706769,141598453,YES
648,649,147,735000000000,735069721922,735139444499,69721922,69722577,139444499,YES
648,649,148,740000000000,740069750541,740139501900,69750541,69751359,139501900,YES
648,649,149,745000000000,745069791871,745139705294,69791871,69913423,139705294,YES
648,649,150,750000000000,750069845551,750142693395,69845551,72847844,142693395,YES
648,649,151,755000000000,755074745485,755144657960,74745485,69912475,144657960,YES
648,649,152,760000000000,760079033914,760149023603,79033914,69989689,149023603,YES
648,649,153,765000000000,765077794836,765147872484,77794836,70077648,147872484,YES
648,649,154,770000000000,770076020208,770146196053,76020208,70175845,146196053,YES
648,649,155,775000000000,775070281817,775140565393,70281817,70283576,140565393,YES
648,649,156,780000000000,780070398601,780145958779,70398601,75560178,145958779,YES
648,649,157,785000000000,785070523800,785141049559,70523800,70525759,141049559,YES
648,649,158,790000000000,790070656838,790141315722,70656838,70658884,141315722,YES
648,649,159,795000000000,795078405745,795149205247,78405745,70799502,149205247,YES
648,649,160,800000000000,800076534733,800153073170,76534733,76538437,153073170,YES
648,649,161,805000000000,805076792950,805153589673,76792950,76796723,153589673,YES
648,649,162,810000000000,810072764614,810144014547,72764614,71249933,144014547,YES
648,649,163,815000000000,815071226409,815142450399,71226409,71223990,142450399,YES
648,649,164,820000000000,820071206065,820144965259,71206065,73759194,144965259,YES
648,649,165,825000000000,825071191316,825144647428,71191316,73456112,144647428,YES
648,649,166,830000000000,830067771048,830138425386,67771048,70654338,138425386,YES
648,649,167,835000000000,835067643617,835135285106,67643617,67641489,135285106,YES
648,649,168,840000000000,840067523028,840135044006,67523028,67520978,135044006,YES
648,649,169,845000000000,845068523900,845135931631,68523900,67407731,135931631,YES
648,649,170,850000000000,850067378265,850134680521,67378265,67302256,134680521,YES
648,649,171,855000000000,855067206721,855134411682,67206721,67204961,134411682,YES
648,649,172,860000000000,860067117957,860134234261,67117957,67116304,134234261,YES
648,649,173,865000000000,865067038295,865134075054,67038295,67036759,134075054,YES
648,649,174,870000000000,870068084000,870136046470,68084000,67962470,136046470,YES
648,649,175,875000000000,875066908085,875133814896,66908085,66906811,133814896,YES
648,649,176,880000000000,880172079281,880241884831,172079281,69805550,241884831,YES
648,649,177,885000000000,885072831372,885145660332,72831372,72828960,145660332,YES
648,649,178,890000000000,890072601267,890145200270,72601267,72599003,145200270,YES
648,649,179,895000000000,895072379573,895144757071,72379573,72377498,144757071,YES
648,649,180,900000000000,900072166858,900144331840,72166858,72164982,144331840,YES
648,649,181,905000000000,905071963648,905143925623,71963648,71961975,143925623,YES
648,649,182,910000000000,910071770430,910143539383,71770430,71768953,143539383,YES
648,649,183,915000000000,915071554050,915143106834,71554050,71552784,143106834,YES
648,649,184,920000000000,920071382095,920142763113,71382095,71381018,142763113,YES
648,649,185,925000000000,925071221287,925142441686,71221287,71220399,142441686,YES
648,649,186,930000000000,930071071900,930142143104,71071900,71071204,142143104,YES
648,649,187,935000000000,935070934109,935144926568,70934109,73992459,144926568,YES
648,649,188,940000000000,940070808058,940141615783,70808058,70807725,141615783,YES
648,649,189,945000000000,945070693807,945141387441,70693807,70693634,141387441,YES
648,649,190,950000000000,950070591345,950141182677,70591345,70591332,141182677,YES
648,649,191,955000000000,955074755368,955145514387,74755368,70759019,145514387,YES
648,649,192,960000000000,960073162996,960143584633,73162996,70421637,143584633,YES
648,649,193,965000000000,965070387187,965140774759,70387187,70387572,140774759,YES
648,649,194,970000000000,970070330420,970140661340,70330420,70330920,140661340,YES
648,649,195,975000000000,975069861447,975145337129,69861447,75475682,145337129,YES
648,649,196,980000000000,980069909344,980224966550,69909344,155057206,224966550,YES
648,649,197,985000000000,985069969286,985139939710,69969286,69970424,139939710,YES
648,649,198,990000000000,990070040812,990140082898,70040812,70042086,140082898,YES
648,649,199,995000000000,995070123405,995140248203,70123405,70124798,140248203,YES
648,649,200,1000000000000,1000070216485,1000140434480,70216485,70217995,140434480,YES
648,649,201,1005000000000,1005075432301,1005150867633,75432301,75435332,150867633,YES
648,649,202,1010000000000,1010075627730,1010151258595,75627730,75630865,151258595,YES
648,649,203,1015000000000,1015075832611,1015151668465,75832611,75835854,151668465,YES
648,649,204,1020000000000,1020076046554,1020152096465,76046554,76049911,152096465,YES
648,649,205,1025000000000,1025076269154,1025152541747,76269154,76272593,152541747,YES
648,649,206,1030000000000,1030076499955,1030153003435,76499955,76503480,153003435,YES
648,649,207,1035000000000,1035076738497,1035153480617,76738497,76742120,153480617,YES
648,649,208,1040000000000,1040077039385,1040158641569,77039385,81602184,158641569,YES
648,649,209,1045000000000,1045075858861,1045156045955,75858861,80187094,156045955,YES
648,649,210,1050000000000,1050071285291,1050142568106,71285291,71282815,142568106,YES
648,649,211,1055000000000,1055071255466,1055143641230,71255466,72385764,143641230,YES
648,649,212,1060000000000,1060071231662,1060142718420,71231662,71486758,142718420,YES
648,649,213,1065000000000,1065071213751,1065142425191,71213751,71211440,142425191,YES
648,649,214,1070000000000,1070071201617,1070142400989,71201617,71199372,142400989,YES
648,649,215,1075000000000,1075071195187,1075146379228,71195187,75184041,146379228,YES
648,649,216,1080000000000,1080071194400,1080146733213,71194400,75538813,146733213,YES
648,649,217,1085000000000,1085074351704,1085145548923,74351704,71197219,145548923,YES
648,649,218,1090000000000,1090069209400,1090136976421,69209400,67767021,136976421,YES
648,649,219,1095000000000,1095067664886,1095135327927,67664886,67663041,135327927,YES
648,649,220,1100000000000,1100067849089,1100139025486,67849089,71176397,139025486,YES
648,649,221,1105000000000,1105067480191,1105134958734,67480191,67478543,134958734,YES
648,649,222,1110000000000,1110067400423,1110134799308,67400423,67398885,134799308,YES
648,649,223,1115000000000,1115067329581,1115134657742,67329581,67328161,134657742,YES
648,649,224,1120000000000,1120073359872,1120146716970,73359872,73357098,146716970,YES
648,649,225,1125000000000,1125073110696,1125146218767,73110696,73108071,146218767,YES
648,649,226,1130000000000,1130072868226,1130145733997,72868226,72865771,145733997,YES
648,649,227,1135000000000,1135072632988,1135145263660,72632988,72630672,145263660,YES
648,649,228,1140000000000,1140072405484,1140144808824,72405484,72403340,144808824,YES
648,649,229,1145000000000,1145072186243,1145144370520,72186243,72184277,144370520,YES
648,649,230,1150000000000,1150188321229,1150260290433,188321229,71969204,260290433,YES
648,649,231,1155000000000,1155071774549,1155143547509,71774549,71772960,143547509,YES
648,649,232,1160000000000,1160071549444,1160143097492,71549444,71548048,143097492,YES
648,649,233,1165000000000,1165071368073,1165142734928,71368073,71366855,142734928,YES
648,649,234,1170000000000,1170071197219,1170142393407,71197219,71196188,142393407,YES
648,649,235,1175000000000,1175071037229,1175142073597,71037229,71036368,142073597,YES
648,649,236,1180000000000,1180070888364,1180141776052,70888364,70887688,141776052,YES
648,649,237,1185000000000,1185070750868,1185141501229,70750868,70750361,141501229,YES
648,649,238,1190000000000,1190070624919,1190141249494,70624919,70624575,141249494,YES
648,649,239,1195000000000,1195070510620,1195141021046,70510620,70510426,141021046,YES
649,650,0,0,76191165,152379097,76191165,76187932,152379097,YES
649,650,1,5000000000,5075974246,5153294464,75974246,77320218,153294464,YES
649,650,2,10000000000,10075767347,10151531796,75767347,75764449,151531796,YES
649,650,3,15000000000,15075570962,15151139196,75570962,75568234,151139196,YES
649,650,4,20000000000,20075385537,20150768521,75385537,75382984,150768521,YES
649,650,5,25000000000,25075211454,25150420515,75211454,75209061,150420515,YES
649,650,6,30000000000,30075015417,30150028615,75015417,75013198,150028615,YES
649,650,7,35000000000,35074864855,35149727661,74864855,74862806,149727661,YES
649,650,8,40000000000,40146747601,40222143810,146747601,75396209,222143810,YES
649,650,9,45000000000,45077997030,45152594943,77997030,74597913,152594943,YES
649,650,10,50000000000,50074485083,50148968591,74485083,74483508,148968591,YES
649,650,11,55000000000,55074382171,55148762914,74382171,74380743,148762914,YES
649,650,12,60000000000,60074290698,60148580102,74290698,74289404,148580102,YES
649,650,13,65000000000,65074210280,65148419396,74210280,74209116,148419396,YES
649,650,14,70000000000,70074140471,70150242173,74140471,76101702,150242173,YES
649,650,15,75000000000,75074080754,75148160594,74080754,74079840,148160594,YES
649,650,16,80000000000,80074030592,80148060381,74030592,74029789,148060381,YES
649,650,17,85000000000,85073989404,85147978102,73989404,73988698,147978102,YES
649,650,18,90000000000,90069516264,90138399604,69516264,68883340,138399604,YES
649,650,19,95000000000,95071158331,95140050039,71158331,68891708,140050039,YES
649,650,20,100000000000,100068940924,100137882102,68940924,68941178,137882102,YES
649,650,21,105000000000,105250128617,105319094727,250128617,68966110,319094727,YES
649,650,22,110000000000,110116715047,110185713006,116715047,68997959,185713006,YES
649,650,23,115000000000,115069038707,115138077943,69038707,69039236,138077943,YES
649,650,24,120000000000,120072136095,120141226670,72136095,69090575,141226670,YES
649,650,25,125000000000,125092978662,125162130987,92978662,69152325,162130987,YES
649,650,26,130000000000,130069223193,130138447261,69223193,69224068,138447261,YES
649,650,27,135000000000,135077742389,135147049658,77742389,69307269,147049658,YES
649,650,28,140000000000,140081857338,140151259068,81857338,69401730,151259068,YES
649,650,29,145000000000,145069506107,145139013497,69506107,69507390,139013497,YES
649,650,30,150000000000,150069686738,150139311750,69686738,69625012,139311750,YES
649,650,31,155000000000,155069752812,155139507209,69752812,69754397,139507209,YES
649,650,32,160000000000,160069893789,160139789329,69893789,69895540,139789329,YES
649,650,33,165000000000,165072482715,165142559913,72482715,70077198,142559913,YES
649,650,34,170000000000,170070210477,170140423039,70210477,70212562,140423039,YES
649,650,35,175000000000,-1,-1,-1,-1,-1,LOST
649,650,36,180000000000,180070571808,180169668204,70571808,99096396,169668204,YES
649,650,37,185000000000,185070768334,185141539262,70768334,70770928,141539262,YES
649,650,38,190000000000,190070974864,190141952483,70974864,70977619,141952483,YES
649,650,39,195000000000,195071190912,195142384762,71190912,71193850,142384762,YES
649,650,40,200000000000,200071415957,200142834996,71415957,71419039,142834996,YES
649,650,41,205000000000,205071649483,205143302191,71649483,71652708,143302191,YES
649,650,42,210000000000,210064989987,210129978875,64989987,64988888,129978875,YES
649,650,43,215000000000,215077328070,215156527614,77328070,79199544,156527614,YES
649,650,44,220000000000,220077070551,220154137391,77070551,77066840,154137391,YES
649,650,45,225000000000,225076854092,225153704636,76854092,76850544,153704636,YES
649,650,46,230000000000,230076612021,230153220651,76612021,76608630,153220651,YES
649,650,47,235000000000,235076378427,235152753640,76378427,76375213,152753640,YES
649,650,48,240000000000,240076153819,240152304590,76153819,76150771,152304590,YES
649,650,49,245000000000,245075905060,245151807269,75905060,75902209,151807269,YES
649,650,50,250000000000,250075699799,250151396928,75699799,75697129,151396928,YES
649,650,51,255000000000,255075504831,255151007172,75504831,75502341,151007172,YES
649,650,52,260000000000,260075320506,260150638709,75320506,75318203,150638709,YES
649,650,53,265000000000,265075147125,265150292114,75147125,75144989,150292114,YES
649,650,54,270000000000,270074984902,270149967854,74984902,74982952,149967854,YES
649,650,55,275000000000,275074833995,275149666209,74833995,74832214,149666209,YES
649,650,56,280000000000,280074694491,280149387366,74694491,74692875,149387366,YES
649,650,57,285000000000,285074566391,285149131315,74566391,74564924,149131315,YES
649,650,58,290000000000,290074449613,290148897912,74449613,74448299,148897912,YES
649,650,59,295000000000,295074344012,295148686852,74344012,74342840,148686852,YES
649,650,60,300000000000,300074249355,300148497662,74249355,74248307,148497662,YES
649,650,61,305000000000,305065460877,305130922249,65460877,65461372,130922249,YES
649,650,62,310000000000,310065557853,310133533818,65557853,67975965,133533818,YES
649,650,63,315000000000,315065547511,315135591761,65547511,70044250,135591761,YES
649,650,64,320000000000,320065608426,320131217764,65608426,65609338,131217764,YES
649,650,65,325000000000,325065680523,325131362086,65680523,65681563,131362086,YES
649,650,66,330000000000,330064176807,330128356583,64176807,64179776,128356583,YES
649,650,67,335000000000,335064285145,335128573373,64285145,64288228,128573373,YES
649,650,68,340000000000,340062193327,340124385472,62193327,62192145,124385472,YES
649,650,69,345000000000,345062094254,345124187432,62094254,62093178,124187432,YES
649,650,70,350000000000,350062004907,350124008850,62004907,62003943,124008850,YES
649,650,71,355000000000,355061925841,355123850841,61925841,61925000,123850841,YES
649,650,72,360000000000,360069277548,360138555631,69277548,69278083,138555631,YES
649,650,73,365000000000,365069322792,365138646217,69322792,69323425,138646217,YES
649,650,74,370000000000,370069378071,370138756873,69378071,69378802,138756873,YES
649,650,75,375000000000,375069443881,375138888605,69443881,69444724,138888605,YES
649,650,76,380000000000,380069520632,380139042227,69520632,69521595,139042227,YES
649,650,77,385000000000,385253384632,385322997867,253384632,69613235,322997867,YES
649,650,78,390000000000,390105411583,390175121869,105411583,69710286,175121869,YES
649,650,79,395000000000,395069819658,395139640684,69819658,69821026,139640684,YES
649,650,80,400000000000,400069942830,400139887180,69942830,69944350,139887180,YES
649,650,81,405000000000,405070077811,405140157289,70077811,70079478,140157289,YES
649,650,82,410000000000,410070258070,410140517958,70258070,70259888,140517958,YES
649,650,83,415000000000,415070416211,415140834400,70416211,70418189,140834400,YES
649,650,84,420000000000,420070585561,420141173265,70585561,70587704,141173265,YES
649,650,85,425000000000,425070765785,425141533862,70765785,70768077,141533862,YES
649,650,86,430000000000,430070956465,430141915378,70956465,70958913,141915378,YES
649,650,87,435000000000,435064159911,435128318530,64159911,64158619,128318530,YES
649,650,88,440000000000,440064174801,440130488850,64174801,66314049,130488850,YES
649,650,89,445000000000,445064197520,445128393737,64197520,64196217,128393737,YES
649,650,90,450000000000,450104358863,450177926730,104358863,73567867,177926730,YES
649,650,91,455000000000,455106275274,455181919102,106275274,75643828,181919102,YES
649,650,92,460000000000,460076394398,460153928473,76394398,77534075,153928473,YES
649,650,93,465000000000,465076158541,465152313744,76158541,76155203,152313744,YES
649,650,94,470000000000,470075931751,470151860363,75931751,75928612,151860363,YES
649,650,95,475000000000,475075748110,475151493277,75748110,75745167,151493277,YES
649,650,96,480000000000,480075540863,480151078972,75540863,75538109,151078972,YES
649,650,97,485000000000,485075343996,485150685422,75343996,75341426,150685422,YES
649,650,98,490000000000,490075157832,490150313282,75157832,75155450,150313282,YES
649,650,99,495000000000,495074982633,495149963081,74982633,74980448,149963081,YES
649,650,100,500000000000,500074818594,500169238475,74818594,94419881,169238475,YES
649,650,101,505000000000,505074665830,505158024848,74665830,83359018,158024848,YES
649,650,102,510000000000,510074524383,510149047118,74524383,74522735,149047118,YES
649,650,103,515000000000,515074394213,515148786945,74394213,74392732,148786945,YES
649,650,104,520000000000,520074275208,520148549097,74275208,74273889,148549097,YES
649,650,105,525000000000,525074167194,525148333213,74167194,74166019,148333213,YES
649,650,106,530000000000,530074069920,530148138804,74069920,74068884,148138804,YES
649,650,107,535000000000,535068110782,535133573438,68110782,65462656,133573438,YES
649,650,108,540000000000,540066090543,540131586335,66090543,65495792,131586335,YES
649,650,109,545000000000,545065540128,545248024803,65540128,182484675,248024803,YES
649,650,110,550000000000,550070665437,550136263121,70665437,65597684,136263121,YES
649,650,111,555000000000,555064086605,555128176047,64086605,64089442,128176047,YES
649,650,112,560000000000,560064149567,560128302087,64149567,64152520,128302087,YES
649,650,113,565000000000,565064254249,565128511570,64254249,64257321,128511570,YES
649,650,114,570000000000,570064367185,570128737545,64367185,64370360,128737545,YES
649,650,115,575000000000,575064488502,575128980278,64488502,64491776,128980278,YES
649,650,116,580000000000,580064618330,580129240029,64618330,64621699,129240029,YES
649,650,117,585000000000,585062045879,585124547044,62045879,62501165,124547044,YES
649,650,118,590000000000,590069566974,590146753611,69566974,77186637,146753611,YES
649,650,119,595000000000,595069609977,595148320338,69609977,78710361,148320338,YES
649,650,120,600000000000,600069662911,600149419053,69662911,79756142,149419053,YES
649,650,121,605000000000,605072639404,605142452995,72639404,69813591,142452995,YES
649,650,122,610000000000,610072418423,610142248769,72418423,69830346,142248769,YES
649,650,123,615000000000,615069885998,615139773098,69885998,69887100,139773098,YES
649,650,124,620000000000,620069982990,620139967210,69982990,69984220,139967210,YES
649,650,125,625000000000,625070125275,625140251916,70125275,70126641,140251916,YES
649,650,126,630000000000,630070245717,630140492941,70245717,70247224,140492941,YES
649,650,127,635000000000,635070450645,635140887776,70450645,70437131,140887776,YES
649,650,128,640000000000,640085032767,640176038737,85032767,91005970,176038737,YES
649,650,129,645000000000,645070676861,645146218678,70676861,75541817,146218678,YES
649,650,130,650000000000,650070843143,650141688366,70843143,70845223,141688366,YES
649,650,131,655000000000,655071020167,655142042569,71020167,71022402,142042569,YES
649,650,132,660000000000,660071207538,660143372548,71207538,72165010,143372548,YES
649,650,133,665000000000,665064652246,665129302783,64652246,64650537,129302783,YES
649,650,134,670000000000,670064650975,670129300330,64650975,64649355,129300330,YES
649,650,135,675000000000,675064657784,675129314049,64657784,64656265,129314049,YES
649,650,136,680000000000,680064966220,680129622101,64966220,64655881,129622101,YES
649,650,137,685000000000,685070772166,685338476240,70772166,267704074,338476240,YES
649,650,138,690000000000,690068809497,690140934052,68809497,72124555,140934052,YES
649,650,139,695000000000,695065574206,695130237651,65574206,64663445,130237651,YES
649,650,140,700000000000,700064893850,700129587234,64893850,64693384,129587234,YES
649,650,141,705000000000,705076350420,705152697149,76350420,76346729,152697149,YES
649,650,142,710000000000,710076109829,710152216149,76109829,76106320,152216149,YES
649,650,143,715000000000,715075878196,715151753086,75878196,75874890,151753086,YES
649,650,144,720000000000,720075656035,720151308947,75656035,75652912,151308947,YES
649,650,145,725000000000,725075477373,725150951826,75477373,75474453,150951826,YES
649,650,146,730000000000,730075275431,730150548138,75275431,75272707,150548138,YES
649,650,147,735000000000,735075084138,735150165755,75084138,75081617,150165755,YES
649,650,148,740000000000,740074903763,740149805215,74903763,74901452,149805215,YES
649,650,149,745000000000,745086987643,745161719618,86987643,74731975,161719618,YES
649,650,150,750000000000,750083976176,750158550393,83976176,74574217,158550393,YES
649,650,151,755000000000,755074429587,755148857436,74429587,74427849,148857436,YES
649,650,152,760000000000,760074293928,760148586292,74293928,74292364,148586292,YES
649,650,153,765000000000,765074169312,765148337226,74169312,74167914,148337226,YES
649,650,154,770000000000,770074055546,770148109855,74055546,74054309,148109855,YES
649,650,155,775000000000,775073952387,775147903687,73952387,73951300,147903687,YES
649,650,156,780000000000,780073859521,780147718096,73859521,73858575,147718096,YES
649,650,157,785000000000,785073776601,785147552396,73776601,73775795,147552396,YES
649,650,158,790000000000,790073703260,790184614998,73703260,110911738,184614998,YES
649,650,159,795000000000,795058658200,795125271173,58658200,66612973,125271173,YES
649,650,160,800000000000,800064241611,800128486364,64241611,64244753,128486364,YES
649,650,161,805000000000,805064346962,805128697180,64346962,64350218,128697180,YES
649,650,162,810000000000,810064459643,810128922637,64459643,64462994,128922637,YES
649,650,163,815000000000,815073722425,815138305825,73722425,64583400,138305825,YES
649,650,164,820000000000,820074212364,820139039558,74212364,64827194,139039558,YES
649,650,165,825000000000,825065595578,825131669828,65595578,66074250,131669828,YES
649,650,166,830000000000,830069730447,830140486412,69730447,70755965,140486412,YES
649,650,167,835000000000,835070727157,835140498886,70727157,69771729,140498886,YES
649,650,168,840000000000,840069820810,840141191088,69820810,71370278,141191088,YES
649,650,169,845000000000,845069880888,845139762880,69880888,69881992,139762880,YES
649,650,170,850000000000,850069951583,850139904380,69951583,69952797,139904380,YES
649,650,171,855000000000,855071096931,855141160416,71096931,70063485,141160416,YES
649,650,172,860000000000,860070160091,860140321648,70160091,70161557,140321648,YES
649,650,173,865000000000,865070264922,865140531444,70264922,70266522,140531444,YES
649,650,174,870000000000,870070381585,870140764898,70381585,70383313,140764898,YES
649,650,175,875000000000,875070510120,875141022104,70510120,70511984,141022104,YES
649,650,176,880000000000,880071609172,880142261666,71609172,70652494,142261666,YES
649,650,177,885000000000,885064086022,885128170105,64086022,64084083,128170105,YES
649,650,178,890000000000,890064043482,890128085100,64043482,64041618,128085100,YES
649,650,179,895000000000,895064010547,895128019319,64010547,64008772,128019319,YES
649,650,180,900000000000,900065205279,900130651207,65205279,65445928,130651207,YES
649,650,181,905000000000,905064253338,905128224881,64253338,63971543,128224881,YES
649,650,182,910000000000,910063957668,910127913597,63957668,63955929,127913597,YES
649,650,183,915000000000,915063912457,915127823286,63912457,63910829,127823286,YES
649,650,184,920000000000,920063910054,920127818599,63910054,63908545,127818599,YES
649,650,185,925000000000,925065741351,925129656825,65741351,63915474,129656825,YES
649,650,186,930000000000,930063932845,930129286354,63932845,65353509,129286354,YES
649,650,187,935000000000,935067871166,935131828187,67871166,63957021,131828187,YES
649,650,188,940000000000,940063992621,940129781348,63992621,65788727,129781348,YES
649,650,189,945000000000,945064036495,945128072230,64036495,64035735,128072230,YES
649,650,190,950000000000,950064089753,950131390880,64089753,67301127,131390880,YES
649,650,191,955000000000,955075820835,955151190484,75820835,75369649,151190484,YES
649,650,192,960000000000,960075168688,960150334555,75168688,75165867,150334555,YES
649,650,193,965000000000,965075008907,965150015206,75008907,75006299,150015206,YES
649,650,194,970000000000,970074826420,970149650449,74826420,74824029,149650449,YES
649,650,195,975000000000,975074655002,975149307811,74655002,74652809,149307811,YES
649,650,196,980000000000,980154639207,980229129472,154639207,74490265,229129472,YES
649,650,197,985000000000,985074345600,985148689404,74345600,74343804,148689404,YES
649,650,198,990000000000,990074207535,990148413468,74207535,74205933,148413468,YES
649,650,199,995000000000,995074080382,995148159335,74080382,74078953,148159335,YES
649,650,200,1000000000000,1000073963924,1000147926582,73963924,73962658,147926582,YES
649,650,201,1005000000000,1005065535490,1005131071123,65535490,65535633,131071123,YES
649,650,202,1010000000000,1010065544131,1010134327558,65544131,68783427,134327558,YES
649,650,203,1015000000000,1015063941644,1015127885635,63941644,63943991,127885635,YES
649,650,204,1020000000000,1020064006162,1020128014799,64006162,64008637,128014799,YES
649,650,205,1025000000000,1025064079016,1025128160646,64079016,64081630,128160646,YES
649,650,206,1030000000000,1030064160239,1030128323239,64160239,64163000,128323239,YES
649,650,207,1035000000000,1035064249860,1035128502614,64249860,64252754,128502614,YES
649,650,208,1040000000000,1040065482428,1040129833378,65482428,64350950,129833378,YES
649,650,209,1045000000000,1045064454414,1045128911967,64454414,64457553,128911967,YES
649,650,210,1050000000000,1050064603031,1050129209317,64603031,64606286,129209317,YES
649,650,211,1055000000000,1055064726636,1055129456624,64726636,64729988,129456624,YES
649,650,212,1060000000000,1060064858887,1060129721229,64858887,64862342,129721229,YES
649,650,213,1065000000000,1065064999884,1065130003314,64999884,65003430,130003314,YES
649,650,214,1070000000000,1070065149721,1070130303067,65149721,65153346,130303067,YES
649,650,215,1075000000000,1075065308507,1075130620718,65308507,65312211,130620718,YES
649,650,216,1080000000000,1080065476313,1080130956413,65476313,65480100,130956413,YES
649,650,217,1085000000000,1085065653179,1085131310211,65653179,65657032,131310211,YES
649,650,218,1090000000000,1090070651196,1090141303497,70651196,70652301,141303497,YES
649,650,219,1095000000000,1095070740135,1095141481488,70740135,70741353,141481488,YES
649,650,220,1100000000000,1100070840067,1100141681473,70840067,70841406,141681473,YES
649,650,221,1105000000000,1105070951110,1105141903683,70951110,70952573,141903683,YES
649,650,222,1110000000000,1110072748916,1110143823842,72748916,71074926,143823842,YES
649,650,223,1115000000000,1115076863120,1115148071530,76863120,71208410,148071530,YES
649,650,224,1120000000000,1120064751282,1120129500441,64751282,64749159,129500441,YES
649,650,225,1125000000000,1125064705691,1125129409317,64705691,64703626,129409317,YES
649,650,226,1130000000000,1130064667834,1130129333425,64667834,64665591,129333425,YES
649,650,227,1135000000000,1135064623178,1135129244183,64623178,64621005,129244183,YES
649,650,228,1140000000000,1140064586863,1140129171630,64586863,64584767,129171630,YES
649,650,229,1145000000000,1145064558762,1145129115511,64558762,64556749,129115511,YES
649,650,230,1150000000000,1150064538774,1150129075627,64538774,64536853,129075627,YES
649,650,231,1155000000000,1155064526836,1155129051847,64526836,64525011,129051847,YES
649,650,232,1160000000000,1160064489318,1160128976919,64489318,64487601,128976919,YES
649,650,233,1165000000000,1165064493424,1165128985262,64493424,64491838,128985262,YES
649,650,234,1170000000000,1170064505647,1170129009832,64505647,64504185,129009832,YES
649,650,235,1175000000000,1175069093580,1175133618335,69093580,64524755,133618335,YES
649,650,236,1180000000000,1180064554785,1180129108379,64554785,64553594,129108379,YES
649,650,237,1185000000000,1185064591978,1185131108242,64591978,66516264,131108242,YES
649,650,238,1190000000000,1190064637788,1190129274706,64637788,64636918,129274706,YES
649,650,239,1195000000000,1195075052261,1195150101153,75052261,75048892,150101153,YES
650,651,0,0,74963042,149924222,74963042,74961180,149924222,YES
650,651,1,5000000000,5074977623,5149953544,74977623,74975921,149953544,YES
650,651,2,10000000000,10075000354,10151392475,75000354,76392121,151392475,YES
650,651,3,15000000000,15031668881,15063337065,31668881,31668184,63337065,YES
650,651,4,20000000000,20031512309,20063024002,31512309,31511693,63024002,YES
650,651,5,25000000000,25031364053,25062727565,31364053,31363512,62727565,YES
650,651,6,30000000000,30031191024,30062381590,31191024,31190566,62381590,YES
650,651,7,35000000000,35031060892,35062121413,31060892,31060521,62121413,YES
650,651,8,40000000000,40031226331,40062166544,31226331,30940213,62166544,YES
650,651,9,45000000000,45030830241,45061660292,30830241,30830051,61660292,YES
650,651,10,50000000000,50030730443,50061460780,30730443,30730337,61460780,YES
650,651,11,55000000000,55030641376,55061282733,30641376,30641357,61282733,YES
650,651,12,60000000000,60030563260,60061126583,30563260,30563323,61126583,YES
650,651,13,65000000000,65030496234,65060992609,30496234,30496375,60992609,YES
650,651,14,70000000000,70030440395,70060881006,30440395,30440611,60881006,YES
650,651,15,75000000000,75030395782,75060791853,30395782,30396071,60791853,YES
650,651,16,80000000000,80030362385,80060725128,30362385,30362743,60725128,YES
650,651,17,85000000000,85030340151,85060680723,30340151,30340572,60680723,YES
650,651,18,90000000000,90090029362,90180952680,90029362,90923318,180952680,YES
650,651,19,95000000000,95089956078,95181081076,89956078,91124998,181081076,YES
650,651,20,100000000000,100091452017,100254518281,91452017,163066264,254518281,YES
650,651,21,105000000000,105089849766,105187137483,89849766,97287717,187137483,YES
650,651,22,110000000000,110044522737,110110359599,44522737,65836862,110359599,YES
650,651,23,115000000000,115044516150,115089032269,44516150,44516119,89032269,YES
650,651,24,120000000000,120044521157,120089042394,44521157,44521237,89042394,YES
650,651,25,125000000000,125044538357,125089076902,44538357,44538545,89076902,YES
650,651,26,130000000000,130044568272,130089136847,44568272,44568575,89136847,YES
650,651,27,135000000000,135044611328,135089742650,44611328,45131322,89742650,YES
650,651,28,140000000000,140044667834,140089336211,44667834,44668377,89336211,YES
650,651,29,145000000000,145044737964,145089476589,44737964,44738625,89476589,YES
650,651,30,150000000000,150044821753,150090336414,44821753,45514661,90336414,YES
650,651,31,155000000000,155044919089,155089839071,44919089,44919982,89839071,YES
650,651,32,160000000000,160045029719,160090768061,45029719,45738342,90768061,YES
650,651,33,165000000000,165045153265,165090838707,45153265,45685442,90838707,YES
650,651,34,170000000000,170045289230,170090579680,45289230,45290450,90579680,YES
650,651,35,175000000000,175045437032,175090875384,45437032,45438352,90875384,YES
650,651,36,180000000000,180045596021,180091193454,45596021,45597433,91193454,YES
650,651,37,185000000000,185045765503,185091532505,45765503,45767002,91532505,YES
650,651,38,190000000000,190046745843,190092692210,46745843,45946367,92692210,YES
650,651,39,195000000000,195046133062,195092267792,46133062,46134730,92267792,YES
650,651,40,200000000000,200046329717,200092661168,46329717,46331451,92661168,YES
650,651,41,205000000000,205046534014,205093069821,46534014,46535807,93069821,YES
650,651,42,210000000000,210046745306,210093492472,46745306,46747166,93492472,YES
650,651,43,215000000000,215080290877,215156046058,80290877,75755181,156046058,YES
650,651,44,220000000000,220075736047,220153607082,75736047,77871035,153607082,YES
650,651,45,225000000000,225075721180,225151592326,75721180,75871146,151592326,YES
650,651,46,230000000000,230075713169,230157091539,75713169,81378370,157091539,YES
650,651,47,235000000000,235075712009,235154212017,75712009,78500008,154212017,YES
650,651,48,240000000000,240076178167,240151903574,76178167,75725407,151903574,YES
650,651,49,245000000000,245037054504,245074107978,37054504,37053474,74107978,YES
650,651,50,250000000000,250032220749,250064440646,32220749,32219897,64440646,YES
650,651,51,255000000000,255032054887,255064108995,32054887,32054108,64108995,YES
650,651,52,260000000000,260031896411,260063792125,31896411,31895714,63792125,YES
650,651,53,265000000000,265031745861,265063491076,31745861,31745215,63491076,YES
650,651,54,270000000000,270031603731,270063206888,31603731,31603157,63206888,YES
650,651,55,275000000000,275031470551,275062940610,31470551,31470059,62940610,YES
650,651,56,280000000000,280031346815,280062693217,31346815,31346402,62693217,YES
650,651,57,285000000000,285031232989,285062465646,31232989,31232657,62465646,YES
650,651,58,290000000000,290031129494,290062258736,31129494,31129242,62258736,YES
650,651,59,295000000000,295031036706,295062073241,31036706,31036535,62073241,YES
650,651,60,300000000000,300030954938,300061909795,30954938,30954857,61909795,YES
650,651,61,305000000000,305030884442,305061768883,30884442,30884441,61768883,YES
650,651,62,310000000000,310030825399,310061650873,30825399,30825474,61650873,YES
650,651,63,315000000000,315031555008,315062333074,31555008,30778066,62333074,YES
650,651,64,320000000000,320030742043,320061484313,30742043,30742270,61484313,YES
650,651,65,325000000000,325033525240,325064243263,33525240,30718023,64243263,YES
650,651,66,330000000000,330089713653,330179424969,89713653,89711316,179424969,YES
650,651,67,335000000000,335099311703,335188950084,99311703,89638381,188950084,YES
650,651,68,340000000000,340094462502,340185596825,94462502,91134323,185596825,YES
650,651,69,345000000000,345089532871,345182270096,89532871,92737225,182270096,YES
650,651,70,350000000000,350045098386,350089756660,45098386,44658274,89756660,YES
650,651,71,355000000000,355044616577,355089232909,44616577,44616332,89232909,YES
650,651,72,360000000000,360044601169,360089202199,44601169,44601030,89202199,YES
650,651,73,365000000000,365044597083,365089194138,44597083,44597055,89194138,YES
650,651,74,370000000000,370044604975,370089210042,44604975,44605067,89210042,YES
650,651,75,375000000000,375044625442,375089591796,44625442,44966354,89591796,YES
650,651,76,380000000000,380044658982,380089318297,44658982,44659315,89318297,YES
650,651,77,385000000000,385044705987,385089412434,44705987,44706447,89412434,YES
650,651,78,390000000000,390044766721,390089534027,44766721,44767306,89534027,YES
650,651,79,395000000000,395045132456,395089984062,45132456,44851606,89984062,YES
650,651,80,400000000000,400044929673,400089860176,44929673,44930503,89860176,YES
650,651,81,405000000000,405045031684,405090064322,45031684,45032638,90064322,YES
650,651,82,410000000000,410045180603,410090362273,45180603,45181670,90362273,YES
650,651,83,415000000000,415045308775,415090618733,45308775,45309958,90618733,YES
650,651,84,420000000000,420045449260,420090899811,45449260,45450551,90899811,YES
650,651,85,425000000000,425045601422,425091204243,45601422,45602821,91204243,YES
650,651,86,430000000000,430045764578,430091530644,45764578,45766066,91530644,YES
650,651,87,435000000000,435045938010,435091877586,45938010,45939576,91877586,YES
650,651,88,440000000000,440046120976,440092243612,46120976,46122636,92243612,YES
650,651,89,445000000000,445046312752,445093443736,46312752,47130984,93443736,YES
650,651,90,450000000000,450051218319,450097732925,51218319,46514606,97732925,YES
650,651,91,455000000000,455049425518,455096147369,49425518,46721851,96147369,YES
650,651,92,460000000000,460075156018,460150309877,75156018,75153859,150309877,YES
650,651,93,465000000000,465075146053,465150290063,75146053,75144010,150290063,YES
650,651,94,470000000000,470075143881,470150285842,75143881,75141961,150285842,YES
650,651,95,475000000000,475075149482,475152992205,75149482,77842723,152992205,YES
650,651,96,480000000000,480075162878,480150864173,75162878,75701295,150864173,YES
650,651,97,485000000000,485075184108,485150366719,75184108,75182611,150366719,YES
650,651,98,490000000000,490032128844,490064256983,32128844,32128139,64256983,YES
650,651,99,495000000000,495031979320,495063958012,31979320,31978692,63958012,YES
650,651,100,500000000000,500031837770,500064237514,31837770,32399744,64237514,YES
650,651,101,505000000000,505031704630,505064556894,31704630,32852264,64556894,YES
650,651,102,510000000000,510031580358,510063160288,31580358,31579930,63160288,YES
650,651,103,515000000000,515031465371,515062930391,31465371,31465020,62930391,YES
650,651,104,520000000000,520031360061,520062719845,31360061,31359784,62719845,YES
650,651,105,525000000000,525031264771,525062529341,31264771,31264570,62529341,YES
650,651,106,530000000000,530031179803,530062359480,31179803,31179677,62359480,YES
650,651,107,535000000000,535031105408,535062210764,31105408,31105356,62210764,YES
650,651,108,540000000000,540031041780,540062083585,31041780,31041805,62083585,YES
650,651,109,545000000000,545030989056,545061978217,30989056,30989161,61978217,YES
650,651,110,550000000000,550030947306,550061894788,30947306,30947482,61894788,YES
650,651,111,555000000000,555096664575,555188580851,96664575,91916276,188580851,YES
650,651,112,560000000000,560099811085,560195194821,99811085,95383736,195194821,YES
650,651,113,565000000000,565103872318,565193606058,103872318,89733740,193606058,YES
650,651,114,570000000000,570089672453,570180099945,89672453,90427492,180099945,YES
650,651,115,575000000000,575098896473,575197093929,98896473,98197456,197093929,YES
650,651,116,580000000000,580044793275,580089586155,44793275,44792880,89586155,YES
650,651,117,585000000000,585044763526,585089526757,44763526,44763231,89526757,YES
650,651,118,590000000000,590044744175,590089488157,44744175,44743982,89488157,YES
650,651,119,595000000000,595044735931,595089471782,44735931,44735851,89471782,YES
650,651,120,600000000000,600044739468,600089478972,44739468,44739504,89478972,YES
650,651,121,605000000000,605044755401,605092208916,44755401,47453515,92208916,YES
650,651,122,610000000000,610044784257,610090946770,44784257,46162513,90946770,YES
650,651,123,615000000000,615044826463,615089653339,44826463,44826876,89653339,YES
650,651,124,620000000000,620044882312,620089765164,44882312,44882852,89765164,YES
650,651,125,625000000000,625044985557,625089971785,44985557,44986228,89971785,YES
650,651,126,630000000000,630045068998,630090138794,45068998,45069796,90138794,YES
650,651,127,635000000000,635045166094,635091100833,45166094,45934739,91100833,YES
650,651,128,640000000000,640058841301,640122415381,58841301,63574080,122415381,YES
650,651,129,645000000000,645052040692,645097441996,52040692,45401304,97441996,YES
650,651,130,650000000000,650045535810,650091072902,45535810,45537092,91072902,YES
650,651,131,655000000000,655045683475,655091368332,45683475,45684857,91368332,YES
650,651,132,660000000000,660045842294,660092809705,45842294,46967411,92809705,YES
650,651,133,665000000000,665046011566,665092024704,46011566,46013138,92024704,YES
650,651,134,670000000000,670047319576,670093511836,47319576,46192260,93511836,YES
650,651,135,675000000000,675046378553,675092758835,46378553,46380282,92758835,YES
650,651,136,680000000000,680046574825,680096548293,46574825,49973468,96548293,YES
650,651,137,685000000000,-1,-1,-1,-1,-1,LOST
650,651,138,690000000000,690115849566,690212813598,115849566,96964032,212813598,YES
650,651,139,695000000000,695093339958,695190618565,93339958,97278607,190618565,YES
650,651,140,700000000000,700093398031,700186798646,93398031,93400615,186798646,YES
650,651,141,705000000000,705037176110,705074351064,37176110,37174954,74351064,YES
650,651,142,710000000000,710037085991,710074170873,37085991,37084882,74170873,YES
650,651,143,715000000000,715037004268,715074007481,37004268,37003213,74007481,YES
650,651,144,720000000000,720036931014,720073861021,36931014,36930007,73861021,YES
650,651,145,725000000000,725036866283,725073731617,36866283,36865334,73731617,YES
650,651,146,730000000000,730036810122,730073619365,36810122,36809243,73619365,YES
650,651,147,735000000000,735036762553,735073524290,36762553,36761737,73524290,YES
650,651,148,740000000000,740036723584,740073446429,36723584,36722845,73446429,YES
650,651,149,745000000000,745036693233,745073385796,36693233,36692563,73385796,YES
650,651,150,750000000000,750032031375,750064062220,32031375,32030845,64062220,YES
650,651,151,755000000000,755031904581,755063808701,31904581,31904120,63808701,YES
650,651,152,760000000000,760031786299,760063572205,31786299,31785906,63572205,YES
650,651,153,765000000000,765031676899,765063353477,31676899,31676578,63353477,YES
650,651,154,770000000000,770031576710,770063153171,31576710,31576461,63153171,YES
650,651,155,775000000000,775031486024,775062971868,31486024,31485844,62971868,YES
650,651,156,780000000000,780031405093,780062810077,31405093,31404984,62810077,YES
650,651,157,785000000000,785031334131,785062668226,31334131,31334095,62668226,YES
650,651,158,790000000000,790031273298,790062546631,31273298,31273333,62546631,YES
650,651,159,795000000000,795101624242,795191815509,101624242,90191267,191815509,YES
650,651,160,800000000000,800099549309,800189638592,99549309,90089283,189638592,YES
650,651,161,805000000000,805044859255,805089717743,44859255,44858488,89717743,YES
650,651,162,810000000000,810044803224,810089605748,44803224,44802524,89605748,YES
650,651,163,815000000000,815044755279,815089509935,44755279,44754656,89509935,YES
650,651,164,820000000000,820044716103,820089431662,44716103,44715559,89431662,YES
650,651,165,825000000000,825046085315,825090771233,46085315,44685918,90771233,YES
650,651,166,830000000000,830044666829,830089333295,44666829,44666466,89333295,YES
650,651,167,835000000000,835044658127,835092607420,44658127,47949293,92607420,YES
650,651,168,840000000000,840044660937,840089321721,44660937,44660784,89321721,YES
650,651,169,845000000000,845044675875,845089351709,44675875,44675834,89351709,YES
650,651,170,850000000000,850044703474,850089407026,44703474,44703552,89407026,YES
650,651,171,855000000000,855044744167,855090632855,44744167,45888688,90632855,YES
650,651,172,860000000000,860044831875,860089664079,44831875,44832204,89664079,YES
650,651,173,865000000000,865044899582,865089799624,44899582,44900042,89799624,YES
650,651,174,870000000000,870044980925,870089962434,44980925,44981509,89962434,YES
650,651,175,875000000000,875045075787,875092278832,45075787,47203045,92278832,YES
650,651,176,880000000000,880045183921,880090368696,45183921,45184775,90368696,YES
650,651,177,885000000000,885045304930,885090610835,45304930,45305905,90610835,YES
650,651,178,890000000000,890045438322,890092595861,45438322,47157539,92595861,YES
650,651,179,895000000000,895045583507,895091168226,45583507,45584719,91168226,YES
650,651,180,900000000000,900045739830,900091480985,45739830,45741155,91480985,YES
650,651,181,905000000000,905092349794,905188120158,92349794,95770364,188120158,YES
650,651,182,910000000000,910092377210,910184755911,92377210,92378701,184755911,YES
650,651,183,915000000000,915092390640,915184782966,92390640,92392326,184782966,YES
650,651,184,920000000000,920092416151,920193429125,92416151,101012974,193429125,YES
650,651,185,925000000000,925097764300,925201317957,97764300,103553657,201317957,YES
650,651,186,930000000000,930097192670,930189696942,97192670,92504272,189696942,YES
650,651,187,935000000000,935101068746,935193632793,101068746,92564047,193632793,YES
650,651,188,940000000000,940146514930,940239149924,146514930,92634994,239149924,YES
650,651,189,945000000000,945092711922,945185426463,92711922,92714541,185426463,YES
650,651,190,950000000000,950095852351,950188656991,95852351,92804640,188656991,YES
650,651,191,955000000000,955036847436,955073693958,36847436,36846522,73693958,YES
650,651,192,960000000000,960036793403,960073585947,36793403,36792544,73585947,YES
650,651,193,965000000000,965036747925,965073495051,36747925,36747126,73495051,YES
650,651,194,970000000000,970036710954,970073421171,36710954,36710217,73421171,YES
650,651,195,975000000000,975036682412,975073364163,36682412,36681751,73364163,YES
650,651,196,980000000000,980036662252,980073323909,36662252,36661657,73323909,YES
650,651,197,985000000000,985036650372,985073300219,36650372,36649847,73300219,YES
650,651,198,990000000000,990032712140,990064806586,32712140,32094446,64806586,YES
650,651,199,995000000000,995031974961,995063949595,31974961,31974634,63949595,YES
650,651,200,1000000000000,1000031873263,1000063746253,31873263,31872990,63746253,YES
650,651,201,1005000000000,1005031780406,1005063560601,31780406,31780195,63560601,YES
650,651,202,1010000000000,1010031696630,1010063393115,31696630,31696485,63393115,YES
650,651,203,1015000000000,1015097815987,1015188441664,97815987,90625677,188441664,YES
650,651,204,1020000000000,1020095377901,1020186094633,95377901,90716732,186094633,YES
650,651,205,1025000000000,1025090397922,1025180793091,90397922,90395169,180793091,YES
650,651,206,1030000000000,1030090296807,1030180591008,90296807,90294201,180591008,YES
650,651,207,1035000000000,1035093588476,1035183791828,93588476,90203352,183791828,YES
650,651,208,1040000000000,1040097520221,1040193239019,97520221,95718798,193239019,YES
650,651,209,1045000000000,1045090056193,1045181252746,90056193,91196553,181252746,YES
650,651,210,1050000000000,1050045349458,1050090698334,45349458,45348876,90698334,YES
650,651,211,1055000000000,1055045305519,1055090610541,45305519,45305022,90610541,YES
650,651,212,1060000000000,1060045270396,1060090540386,45270396,45269990,90540386,YES
650,651,213,1065000000000,1065045244752,1065090489199,45244752,45244447,90489199,YES
650,651,214,1070000000000,1070045229237,1070090458272,45229237,45229035,90458272,YES
650,651,215,1075000000000,1075045224483,1075090448878,45224483,45224395,90448878,YES
650,651,216,1080000000000,1080045231086,1080090462204,45231086,45231118,90462204,YES
650,651,217,1085000000000,1085045249578,1085090499310,45249578,45249732,90499310,YES
650,651,218,1090000000000,1090045314007,1090090628303,45314007,45314296,90628303,YES
650,651,219,1095000000000,1095045357536,1095090715489,45357536,45357953,90715489,YES
650,651,220,1100000000000,1100045413999,1100090828544,45413999,45414545,90828544,YES
650,651,221,1105000000000,1105045483509,1105090967692,45483509,45484183,90967692,YES
650,651,222,1110000000000,1110045566046,1110091132894,45566046,45566848,91132894,YES
650,651,223,1115000000000,1115049246615,1115094909081,49246615,45662466,94909081,YES
650,651,224,1120000000000,1120053425269,1120099195996,53425269,45770727,99195996,YES
650,651,225,1125000000000,1125045889777,1125091780721,45889777,45890944,91780721,YES
650,651,226,1130000000000,1130046021830,1130092044939,46021830,46023109,92044939,YES
650,651,227,1135000000000,1135092699173,1135185399557,92699173,92700384,185399557,YES
650,651,228,1140000000000,1140092678157,1140185357740,92678157,92679583,185357740,YES
650,651,229,1145000000000,1145092669407,1145192700039,92669407,100030632,192700039,YES
650,651,230,1150000000000,1150092672771,1150186431974,92672771,93759203,186431974,YES
650,651,231,1155000000000,1155092688078,1155185378146,92688078,92690068,185378146,YES
650,651,232,1160000000000,1160092715128,1160185432411,92715128,92717283,185432411,YES
650,651,233,1165000000000,1165092753698,1165185509705,92753698,92756007,185509705,YES
650,651,234,1170000000000,1170092803536,1170185609538,92803536,92806002,185609538,YES
650,651,235,1175000000000,1175092864354,1175189062082,92864354,96197728,189062082,YES
650,651,236,1180000000000,1180092935840,1180191312127,92935840,98376287,191312127,YES
650,651,237,1185000000000,1185188205973,1185284608030,188205973,96402057,284608030,YES
650,651,238,1190000000000,1190093109430,1190189024119,93109430,95914689,189024119,YES
650,651,239,1195000000000,1195036370565,1195072740356,36370565,36369791,72740356,YES
651,652,0,0,51380784,102764325,51380784,51383541,102764325,YES
651,652,1,5000000000,5071848885,5143699865,71848885,71850980,143699865,YES
651,652,2,10000000000,10071973124,10144140159,71973124,72167035,144140159,YES
651,652,3,15000000000,15046613873,15093225464,46613873,46611591,93225464,YES
651,652,4,20000000000,20046503255,20093004291,46503255,46501036,93004291,YES
651,652,5,25000000000,25046398317,25092794471,46398317,46396154,92794471,YES
651,652,6,30000000000,30046298999,30092595880,46298999,46296881,92595880,YES
651,652,7,35000000000,35046205303,35098110524,46205303,51905221,98110524,YES
651,652,8,40000000000,40041646518,40083291257,41646518,41644739,83291257,YES
651,652,9,45000000000,45041438669,45082875620,41438669,41436951,82875620,YES
651,652,10,50000000000,50041238297,50082474952,41238297,41236655,82474952,YES
651,652,11,55000000000,55041045893,55082090219,41045893,41044326,82090219,YES
651,652,12,60000000000,60040861977,60081722473,40861977,40860496,81722473,YES
651,652,13,65000000000,65040687057,65081372706,40687057,40685649,81372706,YES
651,652,14,70000000000,70040521630,70081041944,40521630,40520314,81041944,YES
651,652,15,75000000000,75040366190,75080731152,40366190,40364962,80731152,YES
651,652,16,80000000000,80040221201,80080441268,40221201,40220067,80441268,YES
651,652,17,85000000000,85040087082,85080173132,40087082,40086050,80173132,YES
651,652,18,90000000000,90044350529,90084313701,44350529,39963172,84313701,YES
651,652,19,95000000000,95039852886,95079704950,39852886,39852064,79704950,YES
651,652,20,100000000000,100039753355,100079505992,39753355,39752637,79505992,YES
651,652,21,105000000000,105039665770,105079330923,39665770,39665153,79330923,YES
651,652,22,110000000000,110073156056,110142268364,73156056,69112308,142268364,YES
651,652,23,115000000000,115048641330,115097282678,48641330,48641348,97282678,YES
651,652,24,120000000000,120048627616,120097255383,48627616,48627767,97255383,YES
651,652,25,125000000000,125048623220,125104583102,48623220,55959882,104583102,YES
651,652,26,130000000000,130048628734,130097257868,48628734,48629134,97257868,YES
651,652,27,135000000000,135048644751,135097290035,48644751,48645284,97290035,YES
651,652,28,140000000000,140048671829,140097344329,48671829,48672500,97344329,YES
651,652,29,145000000000,145048710492,145097421798,48710492,48711306,97421798,YES
651,652,30,150000000000,150048761196,150097523348,48761196,48762152,97523348,YES
651,652,31,155000000000,155048824324,155097649744,48824324,48825420,97649744,YES
651,652,32,160000000000,160048900183,160097801603,48900183,48901420,97801603,YES
651,652,33,165000000000,165048989004,165097979384,48989004,48990380,97979384,YES
651,652,34,170000000000,170049090904,170098183322,49090904,49092418,98183322,YES
651,652,35,175000000000,175049205953,175098413548,49205953,49207595,98413548,YES
651,652,36,180000000000,180049334096,180098669963,49334096,49335867,98669963,YES
651,652,37,185000000000,185049475204,185107042388,49475204,57567184,107042388,YES
651,652,38,190000000000,190049629063,190191243314,49629063,141614251,191243314,YES
651,652,39,195000000000,195049795369,195099592842,49795369,49797473,99592842,YES
651,652,40,200000000000,200049973750,200111649837,49973750,61676087,111649837,YES
651,652,41,205000000000,205050163749,205100329805,50163749,50166056,100329805,YES
651,652,42,210000000000,210050364864,210100732112,50364864,50367248,100732112,YES
651,652,43,215000000000,215050576522,215101155506,50576522,50578984,101155506,YES
651,652,44,220000000000,220074120222,220124955564,74120222,50835342,124955564,YES
651,652,45,225000000000,225051432261,225106709782,51432261,55277521,106709782,YES
651,652,46,230000000000,230051302321,230102607318,51302321,51304997,102607318,YES
651,652,47,235000000000,235051550020,235103102795,51550020,51552775,103102795,YES
651,652,48,240000000000,240078160673,240150781051,78160673,72620378,150781051,YES
651,652,49,245000000000,245044000113,245085748017,44000113,41747904,85748017,YES
651,652,50,250000000000,250047928824,250093980969,47928824,46052145,93980969,YES
651,652,51,255000000000,255045938576,255091875003,45938576,45936427,91875003,YES
651,652,52,260000000000,260045862949,260091723799,45862949,45860850,91723799,YES
651,652,53,265000000000,265045760212,265091518374,45760212,45758162,91518374,YES
651,652,54,270000000000,270045663896,270091325801,45663896,45661905,91325801,YES
651,652,55,275000000000,275045573958,275091146001,45573958,45572043,91146001,YES
651,652,56,280000000000,280048581029,280094069565,48581029,45488536,94069565,YES
651,652,57,285000000000,285050594444,285096005941,50594444,45411497,96005941,YES
651,652,58,290000000000,290045342792,290090683874,45342792,45341082,90683874,YES
651,652,59,295000000000,295040830717,295081659994,40830717,40829277,81659994,YES
651,652,60,300000000000,300040649306,300081297264,40649306,40647958,81297264,YES
651,652,61,305000000000,305040476768,305080952271,40476768,40475503,80952271,YES
651,652,62,310000000000,310040313570,310083660408,40313570,43346838,83660408,YES
651,652,63,315000000000,315043346469,315083505442,43346469,40158973,83505442,YES
651,652,64,320000000000,320040016921,320080032860,40016921,40015939,80032860,YES
651,652,65,325000000000,325039884258,325079767635,39884258,39883377,79767635,YES
651,652,66,330000000000,330039762473,330079524158,39762473,39761685,79524158,YES
651,652,67,335000000000,335039651817,335079302948,39651817,39651131,79302948,YES
651,652,68,340000000000,340037547105,340078159149,37547105,40612044,78159149,YES
651,652,69,345000000000,345037466156,345074932353,37466156,37466197,74932353,YES
651,652,70,350000000000,350048775056,350099049706,48775056,50274650,99049706,YES
651,652,71,355000000000,355048601342,355097202587,48601342,48601245,97202587,YES
651,652,72,360000000000,360048584399,360097168799,48584399,48584400,97168799,YES
651,652,73,365000000000,365048576415,365097152935,48576415,48576520,97152935,YES
651,652,74,370000000000,370048578055,370097156333,48578055,48578278,97156333,YES
651,652,75,375000000000,375052886820,375101571810,52886820,48684990,101571810,YES
651,652,76,380000000000,380048612880,380097226233,48612880,48613353,97226233,YES
651,652,77,385000000000,385048647361,385097295325,48647361,48647964,97295325,YES
651,652,78,390000000000,390048694026,390097388792,48694026,48694766,97388792,YES
651,652,79,395000000000,395048753399,395098315841,48753399,49562442,98315841,YES
651,652,80,400000000000,400048825931,400097652879,48825931,48826948,97652879,YES
651,652,81,405000000000,405048911969,405097825095,48911969,48913126,97825095,YES
651,652,82,410000000000,410049011753,410105887411,49011753,56875658,105887411,YES
651,652,83,415000000000,415049125411,415098252255,49125411,49126844,98252255,YES
651,652,84,420000000000,420049252925,420098507415,49252925,49254490,98507415,YES
651,652,85,425000000000,425049394155,425098790006,49394155,49395851,98790006,YES
651,652,86,430000000000,430049548849,430099099516,49548849,49550667,99099516,YES
651,652,87,435000000000,435049716626,435099435191,49716626,49718565,99435191,YES
651,652,88,440000000000,440050978380,440100877479,50978380,49899099,100877479,YES
651,652,89,445000000000,445050123054,445103496960,50123054,53373906,103496960,YES
651,652,90,450000000000,450051881359,450102210573,51881359,50329214,102210573,YES
651,652,91,455000000000,455072637897,455143697455,72637897,71059558,143697455,YES
651,652,92,460000000000,460071132014,460146153416,71132014,75021402,146153416,YES
651,652,93,465000000000,465071217046,465146339599,71217046,75122553,146339599,YES
651,652,94,470000000000,470071578831,470142893156,71578831,71314325,142893156,YES
651,652,95,475000000000,475071417686,475142837314,71417686,71419628,142837314,YES
651,652,96,480000000000,480071532010,480143813499,71532010,72281489,143813499,YES
651,652,97,485000000000,485071654855,485143311831,71654855,71656976,143311831,YES
651,652,98,490000000000,490045750840,490091499601,45750840,45748761,91499601,YES
651,652,99,495000000000,495045682523,495091363020,45682523,45680497,91363020,YES
651,652,100,500000000000,500047013633,500092598705,47013633,45585072,92598705,YES
651,652,101,505000000000,505046229725,505091725785,46229725,45496060,91725785,YES
651,652,102,510000000000,510045415220,510090828603,45415220,45413383,90828603,YES
651,652,103,515000000000,515045338842,515092580404,45338842,47241562,92580404,YES
651,652,104,520000000000,520045268852,520090536016,45268852,45267164,90536016,YES
651,652,105,525000000000,525045205312,525090409011,45205312,45203699,90409011,YES
651,652,106,530000000000,530041582177,530083163606,41582177,41581429,83163606,YES
651,652,107,535000000000,535040614610,535081227944,40614610,40613334,81227944,YES
651,652,108,540000000000,540040817918,540081266228,40817918,40448310,81266228,YES
651,652,109,545000000000,545040385937,545080678494,40385937,40292557,80678494,YES
651,652,110,550000000000,550040147460,550080293909,40147460,40146449,80293909,YES
651,652,111,555000000000,555040011255,555080021592,40011255,40010337,80021592,YES
651,652,112,560000000000,560038751110,560079094366,38751110,40343256,79094366,YES
651,652,113,565000000000,565037788202,565075576217,37788202,37788015,75576217,YES
651,652,114,570000000000,570038253132,570075947524,38253132,37694392,75947524,YES
651,652,115,575000000000,575038216566,575075825595,38216566,37609029,75825595,YES
651,652,116,580000000000,580048891655,580097783123,48891655,48891468,97783123,YES
651,652,117,585000000000,585048865098,585097730099,48865098,48865001,97730099,YES
651,652,118,590000000000,590048846505,590097693011,48846505,48846506,97693011,YES
651,652,119,595000000000,595048836490,595097673085,48836490,48836595,97673085,YES
651,652,120,600000000000,600048835682,600097671575,48835682,48835893,97671575,YES
651,652,121,605000000000,605048844724,605097689777,48844724,48845053,97689777,YES
651,652,122,610000000000,610049043275,610097907971,49043275,48864696,97907971,YES
651,652,123,615000000000,615049106914,615098002382,49106914,48895468,98002382,YES
651,652,124,620000000000,620048937247,620097875197,48937247,48937950,97875197,YES
651,652,125,625000000000,625048991835,625097984510,48991835,48992675,97984510,YES
651,652,126,630000000000,630049059137,630098119247,49059137,49060110,98119247,YES
651,652,127,635000000000,635049139560,635098280227,49139560,49140667,98280227,YES
651,652,128,640000000000,640049233389,640098468024,49233389,49234635,98468024,YES
651,652,129,645000000000,645049340811,645098683003,49340811,49342192,98683003,YES
651,652,130,650000000000,650049461894,650098925300,49461894,49463406,98925300,YES
651,652,131,655000000000,655049596587,655099194812,49596587,49598225,99194812,YES
651,652,132,660000000000,660049744707,660099491176,49744707,49746469,99491176,YES
651,652,133,665000000000,665049905966,665099813806,49905966,49907840,99813806,YES
651,652,134,670000000000,670077623033,670164494330,77623033,86871297,164494330,YES
651,652,135,675000000000,675071005512,675142842519,71005512,71837007,142842519,YES
651,652,136,680000000000,680071056733,680142114691,71056733,71057958,142114691,YES
651,652,137,685000000000,685072732172,685143844387,72732172,71112215,143844387,YES
651,652,138,690000000000,690041439630,690082878695,41439630,41439065,82878695,YES
651,652,139,695000000000,695041468824,695082866676,41468824,41397852,82866676,YES
651,652,140,700000000000,700041368366,700082736351,41368366,41367985,82736351,YES
651,652,141,705000000000,705041349310,705082698327,41349310,41349017,82698327,YES
651,652,142,710000000000,710041340672,710082681136,41340672,41340464,82681136,YES
651,652,143,715000000000,715041341947,715082683771,41341947,41341824,82683771,YES
651,652,144,720000000000,720041352612,720082705183,41352612,41352571,82705183,YES
651,652,145,725000000000,725041372128,725082744307,41372128,41372179,82744307,YES
651,652,146,730000000000,730041713380,730083113505,41713380,41400125,83113505,YES
651,652,147,735000000000,735041469318,735082938832,41469318,41469514,82938832,YES
651,652,148,740000000000,740041512368,740083025004,41512368,41512636,83025004,YES
651,652,149,745000000000,745041562292,745083124913,41562292,41562621,83124913,YES
651,652,150,750000000000,750045825914,750091649940,45825914,45824026,91649940,YES
651,652,151,755000000000,755041838537,755083676040,41838537,41837503,83676040,YES
651,652,152,760000000000,760041770258,760083539543,41770258,41769285,83539543,YES
651,652,153,765000000000,765041710476,765083420043,41710476,41709567,83420043,YES
651,652,154,770000000000,770041659420,770083317996,41659420,41658576,83317996,YES
651,652,155,775000000000,775041617293,775083233814,41617293,41616521,83233814,YES
651,652,156,780000000000,780041584279,780089007812,41584279,47423533,89007812,YES
651,652,157,785000000000,785041560543,785157602491,41560543,116041948,157602491,YES
651,652,158,790000000000,790040518671,790081036212,40518671,40517541,81036212,YES
651,652,159,795000000000,795040381699,795080762348,40381699,40380649,80762348,YES
651,652,160,800000000000,800040254470,800080507985,40254470,40253515,80507985,YES
651,652,161,805000000000,805049565985,805099131682,49565985,49565697,99131682,YES
651,652,162,810000000000,810049524095,810101110640,49524095,51586545,101110640,YES
651,652,163,815000000000,815049488677,815098977239,49488677,49488562,98977239,YES
651,652,164,820000000000,820049460205,820098920383,49460205,49460178,98920383,YES
651,652,165,825000000000,825049439170,825098878416,49439170,49439246,98878416,YES
651,652,166,830000000000,830049426092,830098852365,49426092,49426273,98852365,YES
651,652,167,835000000000,835049421493,835098843278,49421493,49421785,98843278,YES
651,652,168,840000000000,840049425900,840098852210,49425900,49426310,98852210,YES
651,652,169,845000000000,845049439816,845098880178,49439816,49440362,98880178,YES
651,652,170,850000000000,850050041307,850099505756,50041307,49464449,99505756,YES
651,652,171,855000000000,855049498267,855098997328,49498267,49499061,98997328,YES
651,652,172,860000000000,860049543710,860099088343,49543710,49544633,99088343,YES
651,652,173,865000000000,865049600527,865099202107,49600527,49601580,99202107,YES
651,652,174,870000000000,870049669081,870099339345,49669081,49670264,99339345,YES
651,652,175,875000000000,875049749669,875100686247,49749669,50936578,100686247,YES
651,652,176,880000000000,880049842535,880099686504,49842535,49843969,99686504,YES
651,652,177,885000000000,885049947854,885099897266,49947854,49949412,99897266,YES
651,652,178,890000000000,890050065720,890100133116,50065720,50067396,100133116,YES
651,652,179,895000000000,895089260397,895160502678,89260397,71242281,160502678,YES
651,652,180,900000000000,900083846678,900161733625,83846678,77886947,161733625,YES
651,652,181,905000000000,905041217029,905082433171,41217029,41216142,82433171,YES
651,652,182,910000000000,910041110168,910082219549,41110168,41109381,82219549,YES
651,652,183,915000000000,915041016490,915082032289,41016490,41015799,82032289,YES
651,652,184,920000000000,920040936042,920081871488,40936042,40935446,81871488,YES
651,652,185,925000000000,925040868729,925081736962,40868729,40868233,81736962,YES
651,652,186,930000000000,930040814344,930081628292,40814344,40813948,81628292,YES
651,652,187,935000000000,935040772570,935081544834,40772570,40772264,81544834,YES
651,652,188,940000000000,940040742980,940082170717,40742980,41427737,82170717,YES
651,652,189,945000000000,945040725086,945081450046,40725086,40724960,81450046,YES
651,652,190,950000000000,950040718331,950081436615,40718331,40718284,81436615,YES
651,652,191,955000000000,955040722129,955081444291,40722129,40722162,81444291,YES
651,652,192,960000000000,960040735868,960087437772,40735868,46701904,87437772,YES
651,652,193,965000000000,965040758936,965086951786,40758936,46192850,86951786,YES
651,652,194,970000000000,970040790716,970081581681,40790716,40790965,81581681,YES
651,652,195,975000000000,975040830616,975081661543,40830616,40830927,81661543,YES
651,652,196,980000000000,980040878061,980081756499,40878061,40878438,81756499,YES
651,652,197,985000000000,985040932515,985081865475,40932515,40932960,81865475,YES
651,652,198,990000000000,990045270286,990093546565,45270286,48276279,93546565,YES
651,652,199,995000000000,995045198754,995090395817,45198754,45197063,90395817,YES
651,652,200,1000000000000,1000043379284,1000092001110,43379284,48621826,92001110,YES
651,652,201,1005000000000,1005041652790,1005083547644,41652790,41894854,83547644,YES
651,652,202,1010000000000,1010041617200,1010088286726,41617200,46669526,88286726,YES
651,652,203,1015000000000,1015041590840,1015083181052,41590840,41590212,83181052,YES
651,652,204,1020000000000,1020041573832,1020083147113,41573832,41573281,83147113,YES
651,652,205,1025000000000,1025041566261,1025083132048,41566261,41565787,83132048,YES
651,652,206,1030000000000,1030041568179,1030083135967,41568179,41567788,83135967,YES
651,652,207,1035000000000,1035041613210,1035083226112,41613210,41612902,83226112,YES
651,652,208,1040000000000,1040038198247,1040076396212,38198247,38197965,76396212,YES
651,652,209,1045000000000,1045038096105,1045076192005,38096105,38095900,76192005,YES
651,652,210,1050000000000,1050049576963,1050099153655,49576963,49576692,99153655,YES
651,652,211,1055000000000,1055049542144,1055099084097,49542144,49541953,99084097,YES
651,652,212,1060000000000,1060049513998,1060099027886,49513998,49513888,99027886,YES
651,652,213,1065000000000,1065049493020,1065098986019,49493020,49492999,98986019,YES
651,652,214,1070000000000,1070049479731,1070098959533,49479731,49479802,98959533,YES
651,652,215,1075000000000,1075049474654,1075147985143,49474654,98510489,147985143,YES
651,652,216,1080000000000,1080049478371,1080098957031,49478371,49478660,98957031,YES
651,652,217,1085000000000,1085049491427,1085098983254,49491427,49491827,98983254,YES
651,652,218,1090000000000,1090049514387,1090099029282,49514387,49514895,99029282,YES
651,652,219,1095000000000,1095049547795,1095099096214,49547795,49548419,99096214,YES
651,652,220,1100000000000,1100049592173,1100099185089,49592173,49592916,99185089,YES
651,652,221,1105000000000,1105056802552,1105106451524,56802552,49648972,106451524,YES
651,652,222,1110000000000,1110070890904,1110147083095,70890904,76192191,147083095,YES
651,652,223,1115000000000,1115071218482,1115142102622,71218482,70884140,142102622,YES
651,652,224,1120000000000,1120070890011,1120141780833,70890011,70890822,141780833,YES
651,652,225,1125000000000,1125071418028,1125142329637,71418028,70911609,142329637,YES
651,652,226,1130000000000,1130070941283,1130141882826,70941283,70941543,141882826,YES
651,652,227,1135000000000,1135041464569,1135082927902,41464569,41463333,82927902,YES
651,652,228,1140000000000,1140041332760,1140082664378,41332760,41331618,82664378,YES
651,652,229,1145000000000,1145041213858,1145082426671,41213858,41212813,82426671,YES
651,652,230,1150000000000,1150041242716,1150082349865,41242716,41107149,82349865,YES
651,652,231,1155000000000,1155041015610,1155082030377,41015610,41014767,82030377,YES
651,652,232,1160000000000,1160040936386,1160081872030,40936386,40935644,81872030,YES
651,652,233,1165000000000,1165041280627,1165082150294,41280627,40869667,82150294,YES
651,652,234,1170000000000,1170040817153,1170081633771,40817153,40816618,81633771,YES
651,652,235,1175000000000,1175040776590,1175081552749,40776590,40776159,81552749,YES
651,652,236,1180000000000,1180040748209,1180081496085,40748209,40747876,81496085,YES
651,652,237,1185000000000,1185040731520,1185081462805,40731520,40731285,81462805,YES
651,652,238,1190000000000,1190040725993,1190081451847,40725993,40725854,81451847,YES
651,652,239,1195000000000,1195042109134,1195082840149,42109134,40731015,82840149,YES
652,653,0,0,71378596,142761470,71378596,71382874,142761470,YES
652,653,1,5000000000,5076169473,5152340413,76169473,76170940,152340413,YES
652,653,2,10000000000,10076276953,10152555527,76276953,76278574,152555527,YES
652,653,3,15000000000,15076393344,15152788442,76393344,76395098,152788442,YES
652,653,4,20000000000,20078149194,20157008582,78149194,78859388,157008582,YES
652,653,5,25000000000,25076650419,25155200630,76650419,78550211,155200630,YES
652,653,6,30000000000,30076789958,30162177488,76789958,85387530,162177488,YES
652,653,7,35000000000,35059395719,35112771308,59395719,53375589,112771308,YES
652,653,8,40000000000,40048881938,40097761860,48881938,48879922,97761860,YES
652,653,9,45000000000,45048740101,45097478256,48740101,48738155,97478256,YES
652,653,10,50000000000,50048607139,50098017278,48607139,49410139,98017278,YES
652,653,11,55000000000,55051152080,55100499110,51152080,49347030,100499110,YES
652,653,12,60000000000,60048368869,60096736043,48368869,48367174,96736043,YES
652,653,13,65000000000,65048263979,65096526354,48263979,48262375,96526354,YES
652,653,14,70000000000,70048168812,70096336108,48168812,48167296,96336108,YES
652,653,15,75000000000,75048083473,75096165522,48083473,48082049,96165522,YES
652,653,16,80000000000,80048008035,80096014743,48008035,48006708,96014743,YES
652,653,17,85000000000,85047991451,85095932741,47991451,47941290,95932741,YES
652,653,18,90000000000,90049748634,90100553894,49748634,50805260,100553894,YES
652,653,19,95000000000,95079244611,95154017462,79244611,74772851,154017462,YES
652,653,20,100000000000,100074617075,100151986408,74617075,77369333,151986408,YES
652,653,21,105000000000,105075596677,105150133931,75596677,74537254,150133931,YES
652,653,22,110000000000,110074466326,110148932966,74466326,74466640,148932966,YES
652,653,23,115000000000,115068962605,115161274501,68962605,92311896,161274501,YES
652,653,24,120000000000,120068939580,120139152480,68939580,70212900,139152480,YES
652,653,25,125000000000,125076537676,125145461201,76537676,68923525,145461201,YES
652,653,26,130000000000,130068914343,130137829033,68914343,68914690,137829033,YES
652,653,27,135000000000,135068913350,135137827152,68913350,68913802,137827152,YES
652,653,28,140000000000,140068920993,140137842553,68920993,68921560,137842553,YES
652,653,29,145000000000,145068937978,145137876651,68937978,68938673,137876651,YES
652,653,30,150000000000,150068965049,150137930928,68965049,68965879,137930928,YES
652,653,31,155000000000,155069002957,155138006880,69002957,69003923,138006880,YES
652,653,32,160000000000,160069640875,160138723257,69640875,69082382,138723257,YES
652,653,33,165000000000,165069114226,165138229741,69114226,69115515,138229741,YES
652,653,34,170000000000,170069188988,170138379446,69188988,69190458,138379446,YES
652,653,35,175000000000,175069277303,175138988179,69277303,69710876,138988179,YES
652,653,36,180000000000,180069379672,180138761198,69379672,69381526,138761198,YES
652,653,37,185000000000,185163806430,185233460862,163806430,69654432,233460862,YES
652,653,38,190000000000,190156460797,190226093276,156460797,69632479,226093276,YES
652,653,39,195000000000,195072983144,195142759534,72983144,69776390,142759534,YES
652,653,40,200000000000,200071543396,200141634116,71543396,70090720,141634116,YES
652,653,41,205000000000,205070109237,205140221344,70109237,70112107,140221344,YES
652,653,42,210000000000,210070297908,210140598880,70297908,70300972,140598880,YES
652,653,43,215000000000,215070499868,215141003001,70499868,70503133,141003001,YES
652,653,44,220000000000,220070748089,220141499631,70748089,70751542,141499631,YES
652,653,45,225000000000,225076142021,225147120555,76142021,70978534,147120555,YES
652,653,46,230000000000,230075907907,230147124316,75907907,71216409,147124316,YES
652,653,47,235000000000,235071460524,235142925015,71460524,71464491,142925015,YES
652,653,48,240000000000,240076337792,240156136571,76337792,79798779,156136571,YES
652,653,49,245000000000,245076437987,245156940108,76437987,80502121,156940108,YES
652,653,50,250000000000,250076547777,250153097013,76547777,76549236,153097013,YES
652,653,51,255000000000,255076666485,255153334577,76666485,76668092,153334577,YES
652,653,52,260000000000,260076827080,260157404537,76827080,80577457,157404537,YES
652,653,53,265000000000,265076961755,265155336060,76961755,78374305,155336060,YES
652,653,54,270000000000,270077103559,270154209147,77103559,77105588,154209147,YES
652,653,55,275000000000,275077251981,275154506104,77251981,77254123,154506104,YES
652,653,56,280000000000,280053410059,280108230782,53410059,54820723,108230782,YES
652,653,57,285000000000,285053384724,285108192356,53384724,54807632,108192356,YES
652,653,58,290000000000,290053366388,290112269616,53366388,58903228,112269616,YES
652,653,59,295000000000,295048907918,295097813926,48907918,48906008,97813926,YES
652,653,60,300000000000,300048779047,300097556263,48779047,48777216,97556263,YES
652,653,61,305000000000,305048658850,305097315946,48658850,48657096,97315946,YES
652,653,62,310000000000,310050595514,310099141324,50595514,48545810,99141324,YES
652,653,63,315000000000,315048445236,315100706072,48445236,52260836,100706072,YES
652,653,64,320000000000,320048352125,320096702759,48352125,48350634,96702759,YES
652,653,65,325000000000,325048268298,325096535195,48268298,48266897,96535195,YES
652,653,66,330000000000,330075097176,330150193688,75097176,75096512,150193688,YES
652,653,67,335000000000,335074987487,335155081050,74987487,80093563,155081050,YES
652,653,68,340000000000,340069108769,340141324373,69108769,72215604,141324373,YES
652,653,69,345000000000,345069069290,345138138592,69069290,69069302,138138592,YES
652,653,70,350000000000,350069034949,350140620445,69034949,71585496,140620445,YES
652,653,71,355000000000,355069006185,355138012548,69006185,69006363,138012548,YES
652,653,72,360000000000,360068983491,360137967266,68983491,68983775,137967266,YES
652,653,73,365000000000,365068967396,365137935179,68967396,68967783,137935179,YES
652,653,74,370000000000,370068958500,370137917495,68958500,68958995,137917495,YES
652,653,75,375000000000,375068957420,375137915455,68957420,68958035,137915455,YES
652,653,76,380000000000,380068964837,380137930416,68964837,68965579,137930416,YES
652,653,77,385000000000,385068981467,385137963816,68981467,68982349,137963816,YES
652,653,78,390000000000,390070414514,390139442817,70414514,69028303,139442817,YES
652,653,79,395000000000,395069045373,395138091922,69045373,69046549,138091922,YES
652,653,80,400000000000,400069094158,400138189673,69094158,69095515,138189673,YES
652,653,81,405000000000,405069155172,405138311893,69155172,69156721,138311893,YES
652,653,82,410000000000,410070936225,410140167100,70936225,69230875,140167100,YES
652,653,83,415000000000,415069316572,415138635070,69316572,69318498,138635070,YES
652,653,84,420000000000,420069418073,420138838282,69418073,69420209,138838282,YES
652,653,85,425000000000,425069534007,425139070356,69534007,69536349,139070356,YES
652,653,86,430000000000,430069664606,430139331760,69664606,69667154,139331760,YES
652,653,87,435000000000,435070257659,435140070364,70257659,69812705,140070364,YES
652,653,88,440000000000,440069969901,440139942759,69969901,69972858,139942759,YES
652,653,89,445000000000,445070177832,445140358824,70177832,70180992,140358824,YES
652,653,90,450000000000,450070366125,450141880982,70366125,71514857,141880982,YES
652,653,91,455000000000,455075450687,455150901899,75450687,75451212,150901899,YES
652,653,92,460000000000,460078142711,460153640281,78142711,75497570,153640281,YES
652,653,93,465000000000,465078372517,465153929838,78372517,75557321,153929838,YES
652,653,94,470000000000,470075628599,470151996748,75628599,76368149,151996748,YES
652,653,95,475000000000,475075712785,475151426868,75712785,75714083,151426868,YES
652,653,96,480000000000,480075808131,480151617726,75808131,75809595,151617726,YES
652,653,97,485000000000,485075913883,485151829381,75913883,75915498,151829381,YES
652,653,98,490000000000,490078248348,490154279462,78248348,76031114,154279462,YES
652,653,99,495000000000,495081954336,495158143653,81954336,76189317,158143653,YES
652,653,100,500000000000,500076319948,500152915066,76319948,76595118,152915066,YES
652,653,101,505000000000,505077671759,505154134255,77671759,76462496,154134255,YES
652,653,102,510000000000,510076936441,510156648610,76936441,79712169,156648610,YES
652,653,103,515000000000,515076761877,515153526105,76761877,76764228,153526105,YES
652,653,104,520000000000,520076922070,520153846582,76922070,76924512,153846582,YES
652,653,105,525000000000,525080809537,525157900154,80809537,77090617,157900154,YES
652,653,106,530000000000,530078251972,530156507329,78251972,78255357,156507329,YES
652,653,107,535000000000,535084108364,535165128422,84108364,81020058,165128422,YES
652,653,108,540000000000,540048800702,540097599708,48800702,48799006,97599708,YES
652,653,109,545000000000,545048694804,545097387990,48694804,48693186,97387990,YES
652,653,110,550000000000,550048597549,550097193560,48597549,48596011,97193560,YES
652,653,111,555000000000,555075394776,555150788700,75394776,75393924,150788700,YES
652,653,112,560000000000,560069481177,560140987006,69481177,71505829,140987006,YES
652,653,113,565000000000,565071976937,565152409709,71976937,80432772,152409709,YES
652,653,114,570000000000,570069387876,570138775676,69387876,69387800,138775676,YES
652,653,115,575000000000,575069347918,575138695830,69347918,69347912,138695830,YES
652,653,116,580000000000,580069312924,580138625914,69312924,69312990,138625914,YES
652,653,117,585000000000,585069283313,585138566758,69283313,69283445,138566758,YES
652,653,118,590000000000,590069259552,590138519325,69259552,69259773,138519325,YES
652,653,119,595000000000,595069242163,595138484644,69242163,69242481,138484644,YES
652,653,120,600000000000,600069231706,600138463836,69231706,69232130,138463836,YES
652,653,121,605000000000,605069228793,605138458129,69228793,69229336,138458129,YES
652,653,122,610000000000,610069234070,610138468811,69234070,69234741,138468811,YES
652,653,123,615000000000,615069248240,615138497284,69248240,69249044,138497284,YES
652,653,124,620000000000,620069272013,620138544989,69272013,69272976,138544989,YES
652,653,125,625000000000,625069306164,625138613449,69306164,69307285,138613449,YES
652,653,126,630000000000,630069351426,630138704137,69351426,69352711,138704137,YES
652,653,127,635000000000,635070951266,635140361295,70951266,69410029,140361295,YES
652,653,128,640000000000,640069478205,640138958061,69478205,69479856,138958061,YES
652,653,129,645000000000,645069561060,645139123967,69561060,69562907,139123967,YES
652,653,130,650000000000,650069657642,650139317338,69657642,69659696,139317338,YES
652,653,131,655000000000,655069768384,655139539021,69768384,69770637,139539021,YES
652,653,132,660000000000,660069893560,660139789581,69893560,69896021,139789581,YES
652,653,133,665000000000,665070033308,665140069285,70033308,70035977,140069285,YES
652,653,134,670000000000,670086805594,670162201268,86805594,75395674,162201268,YES
652,653,135,675000000000,675075449501,675150900085,75449501,75450584,150900085,YES
652,653,136,680000000000,680075467087,680150934368,75467087,75467281,150934368,YES
652,653,137,685000000000,685075491707,685153037694,75491707,77545987,153037694,YES
652,653,138,690000000000,690075530590,690151169183,75530590,75638593,151169183,YES
652,653,139,695000000000,695075843638,695151427578,75843638,75583940,151427578,YES
652,653,140,700000000000,700080677158,700156326801,80677158,75649643,156326801,YES
652,653,141,705000000000,705077993675,705153721073,77993675,75727398,153721073,YES
652,653,142,710000000000,710078981708,710154884722,78981708,75903014,154884722,YES
652,653,143,715000000000,715085104461,715161021083,85104461,75916622,161021083,YES
652,653,144,720000000000,720080728684,720157263275,80728684,76534591,157263275,YES
652,653,145,725000000000,725080212159,725156357405,80212159,76145246,156357405,YES
652,653,146,730000000000,730081427583,730157700360,81427583,76272777,157700360,YES
652,653,147,735000000000,735076439534,735152881164,76439534,76441630,152881164,YES
652,653,148,740000000000,740078254371,740154838761,78254371,76584390,154838761,YES
652,653,149,745000000000,745076731522,745153465336,76731522,76733814,153465336,YES
652,653,150,750000000000,750076887206,750171427368,76887206,94540162,171427368,YES
652,653,151,755000000000,755078038228,755156079111,78038228,78040883,156079111,YES
652,653,152,760000000000,760078259908,760156522642,78259908,78262734,156522642,YES
652,653,153,765000000000,765078488909,765156980812,78488909,78491903,156980812,YES
652,653,154,770000000000,770078725035,770157453226,78725035,78728191,157453226,YES
652,653,155,775000000000,775078968077,775157939476,78968077,78971399,157939476,YES
652,653,156,780000000000,780052870606,780105741497,52870606,52870891,105741497,YES
652,653,157,785000000000,785056734953,785109538193,56734953,52803240,109538193,YES
652,653,158,790000000000,790050481832,790100962259,50481832,50480427,100962259,YES
652,653,159,795000000000,795050317583,795100633850,50317583,50316267,100633850,YES
652,653,160,800000000000,800050160192,800100319165,50160192,50158973,100319165,YES
652,653,161,805000000000,805055992564,805111983119,55992564,55990555,111983119,YES
652,653,162,810000000000,810056552110,810112377096,56552110,55824986,112377096,YES
652,653,163,815000000000,815056414310,815112993265,56414310,56578955,112993265,YES
652,653,164,820000000000,820055510898,820111019911,55510898,55509013,111019911,YES
652,653,165,825000000000,825055361231,825110720631,55361231,55359400,110720631,YES
652,653,166,830000000000,830055217777,830110433799,55217777,55216022,110433799,YES
652,653,167,835000000000,835055081045,835110160402,55081045,55079357,110160402,YES
652,653,168,840000000000,840054951577,840109901549,54951577,54949972,109901549,YES
652,653,169,845000000000,845055130222,845109958689,55130222,54828467,109958689,YES
652,653,170,850000000000,850055761239,850110476510,55761239,54715271,110476510,YES
652,653,171,855000000000,855054612563,855109223787,54612563,54611224,109223787,YES
652,653,172,860000000000,860054518046,860109034851,54518046,54516805,109034851,YES
652,653,173,865000000000,865069606857,865139214583,69606857,69607726,139214583,YES
652,653,174,870000000000,870069636399,870139273813,69636399,69637414,139273813,YES
652,653,175,875000000000,875070133483,875139811051,70133483,69677568,139811051,YES
652,653,176,880000000000,880069727548,880139456443,69727548,69728895,139456443,YES
652,653,177,885000000000,885069790558,885139582643,69790558,69792085,139582643,YES
652,653,178,890000000000,890069866066,890144717126,69866066,74851060,144717126,YES
652,653,179,895000000000,895075475344,895159752870,75475344,84277526,159752870,YES
652,653,180,900000000000,900089429882,900167144236,89429882,77714354,167144236,YES
652,653,181,905000000000,905089619679,905165205456,89619679,75585777,165205456,YES
652,653,182,910000000000,910075438474,910150876377,75438474,75437903,150876377,YES
652,653,183,915000000000,915075412796,915150825265,75412796,75412469,150825265,YES
652,653,184,920000000000,920075848365,920151250738,75848365,75402373,151250738,YES
652,653,185,925000000000,925077423013,925156421309,77423013,78998296,156421309,YES
652,653,186,930000000000,930075426994,930154355345,75426994,78928351,154355345,YES
652,653,187,935000000000,935075461124,935151807118,75461124,76345994,151807118,YES
652,653,188,940000000000,940075509134,940206567059,75509134,131057925,206567059,YES
652,653,189,945000000000,945075570398,945151141822,75570398,75571424,151141822,YES
652,653,190,950000000000,950075644234,950151289683,75644234,75645449,151289683,YES
652,653,191,955000000000,955075729917,955152504871,75729917,76774954,152504871,YES
652,653,192,960000000000,960075826719,960151655000,75826719,75828281,151655000,YES
652,653,193,965000000000,965075933915,965153271266,75933915,77337351,153271266,YES
652,653,194,970000000000,970076821506,970160422244,76821506,83600738,160422244,YES
652,653,195,975000000000,975076176678,975160506024,76176678,84329346,160506024,YES
652,653,196,980000000000,980076310933,980153264866,76310933,76953933,153264866,YES
652,653,197,985000000000,985076452949,985152908162,76452949,76455213,152908162,YES
652,653,198,990000000000,990076635776,990153273924,76635776,76638148,153273924,YES
652,653,199,995000000000,995076791716,995153585887,76791716,76794171,153585887,YES
652,653,200,1000000000000,1000078157534,1000156318114,78157534,78160580,156318114,YES
652,653,201,1005000000000,1005078389629,1005156782473,78389629,78392844,156782473,YES
652,653,202,1010000000000,1010081033036,1010159665832,81033036,78632796,159665832,YES
652,653,203,1015000000000,1015052613780,1015105227883,52613780,52614103,105227883,YES
652,653,204,1020000000000,1020052546628,1020105093675,52546628,52547047,105093675,YES
652,653,205,1025000000000,1025052485943,1025104972397,52485943,52486454,104972397,YES
652,653,206,1030000000000,1030052431779,1030104864154,52431779,52432375,104864154,YES
652,653,207,1035000000000,1035052417795,1035104836270,52417795,52418475,104836270,YES
652,653,208,1040000000000,1040055790135,1040111670955,55790135,55880820,111670955,YES
652,653,209,1045000000000,1045055625129,1045111248313,55625129,55623184,111248313,YES
652,653,210,1050000000000,1050055465237,1050110928578,55465237,55463341,110928578,YES
652,653,211,1055000000000,1055055310909,1055112426248,55310909,57115339,112426248,YES
652,653,212,1060000000000,1060055162637,1060110765196,55162637,55602559,110765196,YES
652,653,213,1065000000000,1065055020945,1065110040187,55020945,55019242,110040187,YES
652,653,214,1070000000000,1070054886388,1070109771154,54886388,54884766,109771154,YES
652,653,215,1075000000000,1075093522922,1075148279999,93522922,54757077,148279999,YES
652,653,216,1080000000000,1080055081823,1080109721447,55081823,54639624,109721447,YES
652,653,217,1085000000000,1085055285516,1085109815760,55285516,54530244,109815760,YES
652,653,218,1090000000000,1090057893846,1090120093480,57893846,62199634,120093480,YES
652,653,219,1095000000000,1095054342326,1095108683486,54342326,54341160,108683486,YES
652,653,220,1100000000000,1100063221310,1100119251699,63221310,56030389,119251699,YES
652,653,221,1105000000000,1105054196844,1105108392752,54196844,54195908,108392752,YES
652,653,222,1110000000000,1110048763625,1110097525388,48763625,48761763,97525388,YES
652,653,223,1115000000000,1115048637363,1115103415559,48637363,54778196,103415559,YES
652,653,224,1120000000000,1120048523872,1120103746367,48523872,55222495,103746367,YES
652,653,225,1125000000000,1125048423524,1125096845563,48423524,48422039,96845563,YES
652,653,226,1130000000000,1130048336578,1130096671806,48336578,48335228,96671806,YES
652,653,227,1135000000000,1135048263185,1135096525157,48263185,48261972,96525157,YES
652,653,228,1140000000000,1140075542071,1140154077244,75542071,78535173,154077244,YES
652,653,229,1145000000000,1145080181336,1145155693655,80181336,75512319,155693655,YES
652,653,230,1150000000000,1150075498322,1150150996497,75498322,75498175,150996497,YES
652,653,231,1155000000000,1155075498738,1155150997570,75498738,75498832,150997570,YES
652,653,232,1160000000000,1160075513749,1160151027824,75513749,75514075,151027824,YES
652,653,233,1165000000000,1165075542991,1165151086537,75542991,75543546,151086537,YES
652,653,234,1170000000000,1170075586002,1170151172774,75586002,75586772,151172774,YES
652,653,235,1175000000000,1175078406288,1175154049523,78406288,75643235,154049523,YES
652,653,236,1180000000000,1180076854737,1180152566951,76854737,75712214,152566951,YES
652,653,237,1185000000000,1185078256333,1185158929290,78256333,80672957,158929290,YES
652,653,238,1190000000000,1190075883756,1190151769038,75883756,75885282,151769038,YES
652,653,239,1195000000000,1195080497185,1195156485286,80497185,75988101,156485286,YES
653,654,0,0,69911301,139824176,69911301,69912875,139824176,YES
653,654,1,5000000000,5069908639,5139818977,69908639,69910338,139818977,YES
653,654,2,10000000000,10069914926,10139831671,69914926,69916745,139831671,YES
653,654,3,15000000000,15069930170,15139862269,69930170,69932099,139862269,YES
653,654,4,20000000000,20069954403,20139910836,69954403,69956433,139910836,YES
653,654,5,25000000000,25069987681,25139977483,69987681,69989802,139977483,YES
653,654,6,30000000000,30070030071,30140062343,70030071,70032272,140062343,YES
653,654,7,35000000000,35086645800,35173292658,86645800,86646858,173292658,YES
653,654,8,40000000000,40086744672,40173490567,86744672,86745895,173490567,YES
653,654,9,45000000000,45086854668,45173710722,86854668,86856054,173710722,YES
653,654,10,50000000000,50086976055,50173953680,86976055,86977625,173953680,YES
653,654,11,55000000000,55089091309,55177452128,89091309,88360819,177452128,YES
653,654,12,60000000000,60087253679,60174509271,87253679,87255592,174509271,YES
653,654,13,65000000000,65087409967,65174822026,87409967,87412059,174822026,YES
653,654,14,70000000000,70087577769,70175157812,87577769,87580043,175157812,YES
653,654,15,75000000000,75087756860,75175516153,87756860,87759293,175516153,YES
653,654,16,80000000000,80087946913,80175896423,87946913,87949510,175896423,YES
653,654,17,85000000000,85088147537,85176297847,88147537,88150310,176297847,YES
653,654,18,90000000000,90088358253,90177012893,88358253,88654640,177012893,YES
653,654,19,95000000000,95076063104,95152123700,76063104,76060596,152123700,YES
653,654,20,100000000000,100076036133,100152069829,76036133,76033696,152069829,YES
653,654,21,105000000000,105076009403,105152016267,76009403,76006864,152016267,YES
653,654,22,110000000000,110075980227,110151957989,75980227,75977762,151957989,YES
653,654,23,115000000000,115100036749,115175992697,100036749,75955948,175992697,YES
653,654,24,120000000000,120076972558,120152914121,76972558,75941563,152914121,YES
653,654,25,125000000000,125075936543,125151870926,75936543,75934383,151870926,YES
653,654,26,130000000000,130075936537,130151871037,75936537,75934500,151871037,YES
653,654,27,135000000000,135075943895,135151885881,75943895,75941986,151885881,YES
653,654,28,140000000000,140075958730,140151915696,75958730,75956966,151915696,YES
653,654,29,145000000000,145075981197,145151960783,75981197,75979586,151960783,YES
653,654,30,150000000000,150057384869,150114768137,57384869,57383268,114768137,YES
653,654,31,155000000000,155057218026,155114434589,57218026,57216563,114434589,YES
653,654,32,160000000000,160057094286,160114408614,57094286,57314328,114408614,YES
653,654,33,165000000000,165056913880,165113826601,56913880,56912721,113826601,YES
653,654,34,170000000000,170056777683,170113554357,56777683,56776674,113554357,YES
653,654,35,175000000000,175056652716,175113304578,56652716,56651862,113304578,YES
653,654,36,180000000000,180056539353,180113078023,56539353,56538670,113078023,YES
653,654,37,185000000000,185056437906,185113296076,56437906,56858170,113296076,YES
653,654,38,190000000000,190056348560,190112696766,56348560,56348206,112696766,YES
653,654,39,195000000000,195056271403,195112542613,56271403,56271210,112542613,YES
653,654,40,200000000000,200056206392,200112992374,56206392,56785982,112992374,YES
653,654,41,205000000000,205056153390,205112306897,56153390,56153507,112306897,YES
653,654,42,210000000000,210069961307,210139923525,69961307,69962218,139923525,YES
653,654,43,215000000000,215069918136,215139837358,69918136,69919222,139837358,YES
653,654,44,220000000000,220069884242,220139769733,69884242,69885491,139769733,YES
653,654,45,225000000000,225069859515,225139720434,69859515,69860919,139720434,YES
653,654,46,230000000000,230071924648,230141770057,71924648,69845409,141770057,YES
653,654,47,235000000000,235069837212,235139676106,69837212,69838894,139676106,YES
653,654,48,240000000000,240069839522,240139680850,69839522,69841328,139680850,YES
653,654,49,245000000000,245069850782,245139703482,69850782,69852700,139703482,YES
653,654,50,250000000000,250069871016,250139744055,69871016,69873039,139744055,YES
653,654,51,255000000000,255069900285,255139802686,69900285,69902401,139802686,YES
653,654,52,260000000000,260069938660,260139879522,69938660,69940862,139879522,YES
653,654,53,265000000000,265069986230,265139974737,69986230,69988507,139974737,YES
653,654,54,270000000000,270079420623,270149466161,79420623,70045538,149466161,YES
653,654,55,275000000000,275077486813,275147598614,77486813,70111801,147598614,YES
653,654,56,280000000000,280087031221,280174063441,87031221,87032220,174063441,YES
653,654,57,285000000000,285087143411,285174287970,87143411,87144559,174287970,YES
653,654,58,290000000000,290087266777,290174534862,87266777,87268085,174534862,YES
653,654,59,295000000000,295087401416,295174804299,87401416,87402883,174804299,YES
653,654,60,300000000000,300087547316,300175096262,87547316,87548946,175096262,YES
653,654,61,305000000000,305087704372,305175410532,87704372,87706160,175410532,YES
653,654,62,310000000000,310087872380,310175746700,87872380,87874320,175746700,YES
653,654,63,315000000000,315088051054,315176104222,88051054,88053168,176104222,YES
653,654,64,320000000000,320088240024,320176482312,88240024,88242288,176482312,YES
653,654,65,325000000000,325088438869,325176880150,88438869,88441281,176880150,YES
653,654,66,330000000000,330076689713,330153376740,76689713,76687027,153376740,YES
653,654,67,335000000000,335076657414,335153312029,76657414,76654615,153312029,YES
653,654,68,340000000000,340076619466,340153236196,76619466,76616730,153236196,YES
653,654,69,345000000000,345076588209,345153173748,76588209,76585539,153173748,YES
653,654,70,350000000000,350076563484,350153124373,76563484,76560889,153124373,YES
653,654,71,355000000000,355076545169,355153087824,76545169,76542655,153087824,YES
653,654,72,360000000000,360076533183,360153063939,76533183,76530756,153063939,YES
653,654,73,365000000000,365076527477,365153052639,76527477,76525162,153052639,YES
653,654,74,370000000000,370076528101,370153053990,76528101,76525889,153053990,YES
653,654,75,375000000000,375076535101,375153068108,76535101,76533007,153068108,YES
653,654,76,380000000000,380076548590,380153095210,76548590,76546620,153095210,YES
653,654,77,385000000000,385057872264,385115742615,57872264,57870351,115742615,YES
653,654,78,390000000000,390057694605,390116222910,57694605,58528305,116222910,YES
653,654,79,395000000000,395057525519,395115081623,57525519,57556104,115081623,YES
653,654,80,400000000000,400057365598,400114729646,57365598,57364048,114729646,YES
653,654,81,405000000000,405057215403,405114429389,57215403,57213986,114429389,YES
653,654,82,410000000000,410057075480,410114149687,57075480,57074207,114149687,YES
653,654,83,415000000000,415056946334,415113891562,56946334,56945228,113891562,YES
653,654,84,420000000000,420056828420,420113655890,56828420,56827470,113655890,YES
653,654,85,425000000000,425056722100,425113443408,56722100,56721308,113443408,YES
653,654,86,430000000000,430056627660,430113254689,56627660,56627029,113254689,YES
653,654,87,435000000000,435056545265,435113090070,56545265,56544805,113090070,YES
653,654,88,440000000000,440056474990,440112949688,56474990,56474698,112949688,YES
653,654,89,445000000000,445056416778,445112833423,56416778,56416645,112833423,YES
653,654,90,450000000000,450070048705,450140098012,70048705,70049307,140098012,YES
653,654,91,455000000000,455069991165,455139983143,69991165,69991978,139983143,YES
653,654,92,460000000000,460069943047,460139887083,69943047,69944036,139887083,YES
653,654,93,465000000000,465069904253,465139809666,69904253,69905413,139809666,YES
653,654,94,470000000000,470069874669,470139750658,69874669,69875989,139750658,YES
653,654,95,475000000000,475069854194,475139709862,69854194,69855668,139709862,YES
653,654,96,480000000000,480069842741,480139687094,69842741,69844353,139687094,YES
653,654,97,485000000000,485069840249,485139682238,69840249,69841989,139682238,YES
653,654,98,490000000000,490069846681,490139695224,69846681,69848543,139695224,YES
653,654,99,495000000000,495069862054,495139726077,69862054,69864023,139726077,YES
653,654,100,500000000000,500069886399,500139774867,69886399,69888468,139774867,YES
653,654,101,505000000000,505069919789,505139841739,69919789,69921950,139841739,YES
653,654,102,510000000000,510069962312,510139926867,69962312,69964555,139926867,YES
653,654,103,515000000000,515070014061,515140030444,70014061,70016383,140030444,YES
653,654,104,520000000000,520070075138,520140152668,70075138,70077530,140152668,YES
653,654,105,525000000000,525070145609,525141417109,70145609,71271500,141417109,YES
653,654,106,530000000000,-1,-1,-1,-1,-1,LOST
653,654,107,535000000000,535070314828,535140632230,70314828,70317402,140632230,YES
653,654,108,540000000000,540088173354,540176348562,88173354,88175208,176348562,YES
653,654,109,545000000000,545088324948,545176651909,88324948,88326961,176651909,YES
653,654,110,550000000000,550088487493,550176977145,88487493,88489652,176977145,YES
653,654,111,555000000000,555076249165,555152495615,76249165,76246450,152495615,YES
653,654,112,560000000000,560076181994,560152361155,76181994,76179161,152361155,YES
653,654,113,565000000000,565076117051,565152231328,76117051,76114277,152231328,YES
653,654,114,570000000000,570076060432,570152118154,76060432,76057722,152118154,YES
653,654,115,575000000000,575076011933,575152021230,76011933,76009297,152021230,YES
653,654,116,580000000000,580075971373,580151940174,75971373,75968801,151940174,YES
653,654,117,585000000000,585075938560,585151874628,75938560,75936068,151874628,YES
653,654,118,590000000000,590075913338,590151824269,75913338,75910931,151824269,YES
653,654,119,595000000000,595075895580,595151788849,75895580,75893269,151788849,YES
653,654,120,600000000000,600075885200,600151768191,75885200,75882991,151768191,YES
653,654,121,605000000000,605075882159,605151762218,75882159,75880059,151762218,YES
653,654,122,610000000000,610075886456,610151770933,75886456,75884477,151770933,YES
653,654,123,615000000000,615075898139,615151794432,75898139,75896293,151794432,YES
653,654,124,620000000000,620075917305,620151832903,75917305,75915598,151832903,YES
653,654,125,625000000000,625076315989,625152258516,76315989,75942527,152258516,YES
653,654,126,630000000000,630061859048,630123716347,61859048,61857299,123716347,YES
653,654,127,635000000000,635061808068,635123614526,61808068,61806458,123614526,YES
653,654,128,640000000000,640057162672,640114324026,57162672,57161354,114324026,YES
653,654,129,645000000000,645057017696,645114034215,57017696,57016519,114034215,YES
653,654,130,650000000000,650056882941,650113764873,56882941,56881932,113764873,YES
653,654,131,655000000000,655056758825,655113516794,56758825,56757969,113516794,YES
653,654,132,660000000000,660056645686,660113290677,56645686,56644991,113290677,YES
653,654,133,665000000000,665056543773,665113087009,56543773,56543236,113087009,YES
653,654,134,670000000000,670070285307,670140570746,70285307,70285439,140570746,YES
653,654,135,675000000000,675070205960,675140412250,70205960,70206290,140412250,YES
653,654,136,680000000000,680070135950,680140272430,70135950,70136480,140272430,YES
653,654,137,685000000000,685070075290,685140151296,70075290,70076006,140151296,YES
653,654,138,690000000000,690070023930,690140048759,70023930,70024829,140048759,YES
653,654,139,695000000000,695069981804,695139964689,69981804,69982885,139964689,YES
653,654,140,700000000000,700069948823,700139898891,69948823,69950068,139898891,YES
653,654,141,705000000000,705069924901,705139851197,69924901,69926296,139851197,YES
653,654,142,710000000000,710069909960,710140269494,69909960,70359534,140269494,YES
653,654,143,715000000000,715069903941,715139809554,69903941,69905613,139809554,YES
653,654,144,720000000000,720069906819,720139815431,69906819,69908612,139815431,YES
653,654,145,725000000000,725069918593,725139839093,69918593,69920500,139839093,YES
653,654,146,730000000000,730069939300,730139880611,69939300,69941311,139880611,YES
653,654,147,735000000000,735069969004,735139940111,69969004,69971107,139940111,YES
653,654,148,740000000000,740070007785,740140017753,70007785,70009968,140017753,YES
653,654,149,745000000000,745070055733,745143509093,70055733,73453360,143509093,YES
653,654,150,750000000000,750070112959,750140228266,70112959,70115307,140228266,YES
653,654,151,755000000000,755070179536,755140361488,70179536,70181952,140361488,YES
653,654,152,760000000000,760070255511,760140513500,70255511,70257989,140513500,YES
653,654,153,765000000000,765070340886,765140684307,70340886,70343421,140684307,YES
653,654,154,770000000000,770070435606,770140873801,70435606,70438195,140873801,YES
653,654,155,775000000000,775070539562,775141081762,70539562,70542200,141081762,YES
653,654,156,780000000000,780077955315,780155909498,77955315,77954183,155909498,YES
653,654,157,785000000000,785078014794,785156028527,78014794,78013733,156028527,YES
653,654,158,790000000000,790078082518,790156164037,78082518,78081519,156164037,YES
653,654,159,795000000000,795078158377,795156315797,78158377,78157420,156315797,YES
653,654,160,800000000000,800078242214,800156483540,78242214,78241326,156483540,YES
653,654,161,805000000000,805078333860,805156666909,78333860,78333049,156666909,YES
653,654,162,810000000000,810078433132,810156865539,78433132,78432407,156865539,YES
653,654,163,815000000000,815078539853,815157079057,78539853,78539204,157079057,YES
653,654,164,820000000000,820078653851,820157307151,78653851,78653300,157307151,YES
653,654,165,825000000000,825080965654,825161929129,80965654,80963475,161929129,YES
653,654,166,830000000000,830080942237,830161882427,80942237,80940190,161882427,YES
653,654,167,835000000000,835080928084,835161854259,80928084,80926175,161854259,YES
653,654,168,840000000000,840080923149,840161844538,80923149,80921389,161844538,YES
653,654,169,845000000000,845082346353,845163272168,82346353,80925815,163272168,YES
653,654,170,850000000000,850080940842,850161880246,80940842,80939404,161880246,YES
653,654,171,855000000000,855080963448,855161925629,80963448,80962181,161925629,YES
653,654,172,860000000000,860080995221,860161989357,80995221,80994136,161989357,YES
653,654,173,865000000000,865062257322,865124512615,62257322,62255293,124512615,YES
653,654,174,870000000000,870062198042,870124394173,62198042,62196131,124394173,YES
653,654,175,875000000000,875062145706,875124313999,62145706,62168293,124313999,YES
653,654,176,880000000000,880062100465,880124199261,62100465,62098796,124199261,YES
653,654,177,885000000000,885057424469,885114847572,57424469,57423103,114847572,YES
653,654,178,890000000000,890057287134,890114573039,57287134,57285905,114573039,YES
653,654,179,895000000000,895057159748,895114318411,57159748,57158663,114318411,YES
653,654,180,900000000000,900057042672,900114084405,57042672,57041733,114084405,YES
653,654,181,905000000000,905056936197,905114858411,56936197,57922214,114858411,YES
653,654,182,910000000000,910059416422,910118832061,59416422,59415639,118832061,YES
653,654,183,915000000000,915059253299,915118505977,59253299,59252678,118505977,YES
653,654,184,920000000000,920061674015,920120771854,61674015,59097839,120771854,YES
653,654,185,925000000000,925058951766,925117903239,58951766,58951473,117903239,YES
653,654,186,930000000000,930058813554,930117626962,58813554,58813408,117626962,YES
653,654,187,935000000000,935058683787,935117367561,58683787,58683774,117367561,YES
653,654,188,940000000000,940058562432,940117124991,58562432,58562559,117124991,YES
653,654,189,945000000000,945058449492,945116899236,58449492,58449744,116899236,YES
653,654,190,950000000000,950058344924,950116690236,58344924,58345312,116690236,YES
653,654,191,955000000000,955058248704,955116497912,58248704,58249208,116497912,YES
653,654,192,960000000000,960058160806,960116322228,58160806,58161422,116322228,YES
653,654,193,965000000000,965058081216,965116163140,58081216,58081924,116163140,YES
653,654,194,970000000000,970058009949,970118154963,58009949,60145014,118154963,YES
653,654,195,975000000000,975057947027,975115894950,57947027,57947923,115894950,YES
653,654,196,980000000000,980070082378,980140166732,70082378,70084354,140166732,YES
653,654,197,985000000000,985070114286,985140230650,70114286,70116364,140230650,YES
653,654,198,990000000000,990070155258,990140312683,70155258,70157425,140312683,YES
653,654,199,995000000000,995070205378,995140413001,70205378,70207623,140413001,YES
653,654,200,1000000000000,1000070264724,1000140531763,70264724,70267039,140531763,YES
653,654,201,1005000000000,1005070333349,1005140669083,70333349,70335734,140669083,YES
653,654,202,1010000000000,1010070411286,1010140825020,70411286,70413734,140825020,YES
653,654,203,1015000000000,1015078130034,1015156258871,78130034,78128837,156258871,YES
653,654,204,1020000000000,1020078169116,1020161375655,78169116,83206539,161375655,YES
653,654,205,1025000000000,1025078216659,1025161698416,78216659,83481757,161698416,YES
653,654,206,1030000000000,1030078272752,1030159609988,78272752,81337236,159609988,YES
653,654,207,1035000000000,1035078337442,1035156673941,78337442,78336499,156673941,YES
653,654,208,1040000000000,1040078410721,1040156820563,78410721,78409842,156820563,YES
653,654,209,1045000000000,1045078492544,1045156984304,78492544,78491760,156984304,YES
653,654,210,1050000000000,1050078582835,1050157164985,78582835,78582150,157164985,YES
653,654,211,1055000000000,1055078681509,1055157362434,78681509,78680925,157362434,YES
653,654,212,1060000000000,1060078788471,1060157576456,78788471,78787985,157576456,YES
653,654,213,1065000000000,1065078903640,1065157806914,78903640,78903274,157806914,YES
653,654,214,1070000000000,1070079026938,1070158053657,79026938,79026719,158053657,YES
653,654,215,1075000000000,1075079158321,1075158316561,79158321,79158240,158316561,YES
653,654,216,1080000000000,1080079297746,1080158595561,79297746,79297815,158595561,YES
653,654,217,1085000000000,1085079445203,1085158890640,79445203,79445437,158890640,YES
653,654,218,1090000000000,1090079600702,1090159201785,79600702,79601083,159201785,YES
653,654,219,1095000000000,1095079764211,1095159528987,79764211,79764776,159528987,YES
653,654,220,1100000000000,1100079935744,1100159872248,79935744,79936504,159872248,YES
653,654,221,1105000000000,1105080115283,1105160231530,80115283,80116247,160231530,YES
653,654,222,1110000000000,1110080302787,1110160606743,80302787,80303956,160606743,YES
653,654,223,1115000000000,1115080498183,1115160997743,80498183,80499560,160997743,YES
653,654,224,1120000000000,1120080701359,1120161404298,80701359,80702939,161404298,YES
653,654,225,1125000000000,1125085485165,1125170972507,85485165,85487342,170972507,YES
653,654,226,1130000000000,1130085661240,1130171324888,85661240,85663648,171324888,YES
653,654,227,1135000000000,1135085847619,1135171697862,85847619,85850243,171697862,YES
653,654,228,1140000000000,1140070785480,1140141570723,70785480,70785243,141570723,YES
653,654,229,1145000000000,1145070691496,1145141382936,70691496,70691440,141382936,YES
653,654,230,1150000000000,1150070605954,1150141212036,70605954,70606082,141212036,YES
653,654,231,1155000000000,1155070528995,1155141058291,70528995,70529296,141058291,YES
653,654,232,1160000000000,1160070460691,1160140921863,70460691,70461172,140921863,YES
653,654,233,1165000000000,1165070401109,1165140802872,70401109,70401763,140802872,YES
653,654,234,1170000000000,1170070350267,1170140701352,70350267,70351085,140701352,YES
653,654,235,1175000000000,1175070308165,1175140617309,70308165,70309144,140617309,YES
653,654,236,1180000000000,1180070274790,1180140550713,70274790,70275923,140550713,YES
653,654,237,1185000000000,1185070250132,1185140501541,70250132,70251409,140501541,YES
653,654,238,1190000000000,1190070234177,1190140469767,70234177,70235590,140469767,YES
653,654,239,1195000000000,1195070226921,1195140455376,70226921,70228455,140455376,YES
654,655,0,0,92411171,184819663,92411171,92408492,184819663,YES
654,655,1,5000000000,5092316809,5184631108,92316809,92314299,184631108,YES
654,655,2,10000000000,10096878666,10190248928,96878666,93370262,190248928,YES
654,655,3,15000000000,15093695517,15185861222,93695517,92165705,185861222,YES
654,655,4,20000000000,20092113718,20186979745,92113718,94866027,186979745,YES
654,655,5,25000000000,25092073312,25184934391,92073312,92861079,184934391,YES
654,655,6,30000000000,30090658261,30299032350,90658261,208374089,299032350,YES
654,655,7,35000000000,35090581342,35181161449,90581342,90580107,181161449,YES
654,655,8,40000000000,40090518639,40181036292,90518639,90517653,181036292,YES
654,655,9,45000000000,45090470607,45180940488,90470607,90469881,180940488,YES
654,655,10,50000000000,50090437587,50180874711,90437587,90437124,180874711,YES
654,655,11,55000000000,55090419783,55180839371,90419783,90419588,180839371,YES
654,655,12,60000000000,60090417271,60180834612,90417271,90417341,180834612,YES
654,655,13,65000000000,65090429963,65181480669,90429963,91050706,181480669,YES
654,655,14,70000000000,70090601463,70182343194,90601463,91741731,182343194,YES
654,655,15,75000000000,75091279357,75186424750,91279357,95145393,186424750,YES
654,655,16,80000000000,80090556439,80184517309,90556439,93960870,184517309,YES
654,655,17,85000000000,85090626536,85181254412,90626536,90627876,181254412,YES
654,655,18,90000000000,90091789401,90183579555,91789401,91790154,183579555,YES
654,655,19,95000000000,95091686110,95183373191,91686110,91687081,183373191,YES
654,655,20,100000000000,100088587308,100181126289,88587308,92538981,181126289,YES
654,655,21,105000000000,105088588797,105184055287,88588797,95466490,184055287,YES
654,655,22,110000000000,110088601447,110182195314,88601447,93593867,182195314,YES
654,655,23,115000000000,115090129964,115178757620,90129964,88627656,178757620,YES
654,655,24,120000000000,120089174711,120177803957,89174711,88629246,177803957,YES
654,655,25,125000000000,125088673045,125177348730,88673045,88675685,177348730,YES
654,655,26,130000000000,130088730658,130177464081,88730658,88733423,177464081,YES
654,655,27,135000000000,135088799581,135177602039,88799581,88802458,177602039,YES
654,655,28,140000000000,140095297552,140184180442,95297552,88882890,184180442,YES
654,655,29,145000000000,145094111302,145183085714,94111302,88974412,183085714,YES
654,655,30,150000000000,150060467614,150120933993,60467614,60466379,120933993,YES
654,655,31,155000000000,155060425096,155120849060,60425096,60423964,120849060,YES
654,655,32,160000000000,160060393808,160120786579,60393808,60392771,120786579,YES
654,655,33,165000000000,165060373798,165120746660,60373798,60372862,120746660,YES
654,655,34,170000000000,170060365038,170120729245,60365038,60364207,120729245,YES
654,655,35,175000000000,175060367436,175120734143,60367436,60366707,120734143,YES
654,655,36,180000000000,180060380829,180121097805,60380829,60716976,121097805,YES
654,655,37,185000000000,185060405021,185121691322,60405021,61286301,121691322,YES
654,655,38,190000000000,190060439764,190120879153,60439764,60439389,120879153,YES
654,655,39,195000000000,195070620865,195141009313,70620865,70388448,141009313,YES
654,655,40,200000000000,200073420261,200143744113,73420261,70323852,143744113,YES
654,655,41,205000000000,205070269377,205140538729,70269377,70269352,140538729,YES
654,655,42,210000000000,210092776982,210185550619,92776982,92773637,185550619,YES
654,655,43,215000000000,215092605261,215185207294,92605261,92602033,185207294,YES
654,655,44,220000000000,220092410127,220189377359,92410127,96967232,189377359,YES
654,655,45,225000000000,225092259443,225187366058,92259443,95106615,187366058,YES
654,655,46,230000000000,230095336398,230191395259,95336398,96058861,191395259,YES
654,655,47,235000000000,235094790540,235186781046,94790540,91990506,186781046,YES
654,655,48,240000000000,240091878915,240187074535,91878915,95195620,187074535,YES
654,655,49,245000000000,245100034408,245196891344,100034408,96856936,196891344,YES
654,655,50,250000000000,250091690714,250183379346,91690714,91688632,183379346,YES
654,655,51,255000000000,255091617734,255183233603,91617734,91615869,183233603,YES
654,655,52,260000000000,260091559311,260187063589,91559311,95504278,187063589,YES
654,655,53,265000000000,265091515697,265298187449,91515697,206671752,298187449,YES
654,655,54,270000000000,270091487032,270187295941,91487032,95808909,187295941,YES
654,655,55,275000000000,275091473361,275182945837,91473361,91472476,182945837,YES
654,655,56,280000000000,280096035613,280186487891,96035613,90452278,186487891,YES
654,655,57,285000000000,285093970931,285184714931,93970931,90744000,184714931,YES
654,655,58,290000000000,290091919140,290188282906,91919140,96363766,188282906,YES
654,655,59,295000000000,295090419646,295186281059,90419646,95861413,186281059,YES
654,655,60,300000000000,300090439076,300184295280,90439076,93856204,184295280,YES
654,655,61,305000000000,305090473381,305180947505,90473381,90474124,180947505,YES
654,655,62,310000000000,310090522141,310181045277,90522141,90523136,181045277,YES
654,655,63,315000000000,315091676421,315183353316,91676421,91676895,183353316,YES
654,655,64,320000000000,320091591450,320183183614,91591450,91592164,183183614,YES
654,655,65,325000000000,325091519579,325183040088,91519579,91520509,183040088,YES
654,655,66,330000000000,330091427107,330182855352,91427107,91428245,182855352,YES
654,655,67,335000000000,335091381073,335182763480,91381073,91382407,182763480,YES
654,655,68,340000000000,340091347682,340182696880,91347682,91349198,182696880,YES
654,655,69,345000000000,345091326678,345182655039,91326678,91328361,182655039,YES
654,655,70,350000000000,350091317781,350182637402,91317781,91319621,182637402,YES
654,655,71,355000000000,355088360958,355176724511,88360958,88363553,176724511,YES
654,655,72,360000000000,360088392821,360176788364,88392821,88395543,176788364,YES
654,655,73,365000000000,365088434800,365176872438,88434800,88437638,176872438,YES
654,655,74,370000000000,370092517040,370182537963,92517040,90020923,182537963,YES
654,655,75,375000000000,375092954170,375181728135,92954170,88773965,181728135,YES
654,655,76,380000000000,380088622465,380177248062,88622465,88625597,177248062,YES
654,655,77,385000000000,385061002548,385122003943,61002548,61001395,122003943,YES
654,655,78,390000000000,390060943666,390121886273,60943666,60942607,121886273,YES
654,655,79,395000000000,395060895955,395121790946,60895955,60894991,121790946,YES
654,655,80,400000000000,400060859658,400121718454,60859658,60858796,121718454,YES
654,655,81,405000000000,405060834945,405121669128,60834945,60834183,121669128,YES
654,655,82,410000000000,410060821882,410121643110,60821882,60821228,121643110,YES
654,655,83,415000000000,415060820440,415121640339,60820440,60819899,121640339,YES
654,655,84,420000000000,420060830520,420121660612,60830520,60830092,121660612,YES
654,655,85,425000000000,425060851934,425121703554,60851934,60851620,121703554,YES
654,655,86,430000000000,430060884437,430121768675,60884437,60884238,121768675,YES
654,655,87,435000000000,435070428837,435141383079,70428837,70954242,141383079,YES
654,655,88,440000000000,440070378568,440141859131,70378568,71480563,141859131,YES
654,655,89,445000000000,445070337317,445142740609,70337317,72403292,142740609,YES
654,655,90,450000000000,450093099359,450187499052,93099359,94399693,187499052,YES
654,655,91,455000000000,455092937473,455185871576,92937473,92934103,185871576,YES
654,655,92,460000000000,460092752326,460185501410,92752326,92749084,185501410,YES
654,655,93,465000000000,465092611696,465185220269,92611696,92608573,185220269,YES
654,655,94,470000000000,470094167588,470186647080,94167588,92479492,186647080,YES
654,655,95,475000000000,475092365355,475184727854,92365355,92362499,184727854,YES
654,655,96,480000000000,480095989166,480188247017,95989166,92257851,188247017,YES
654,655,97,485000000000,485092168739,485184334937,92168739,92166198,184334937,YES
654,655,98,490000000000,490092090058,490184177762,92090058,92087704,184177762,YES
654,655,99,495000000000,495102414523,495194437096,102414523,92022573,194437096,YES
654,655,100,500000000000,500091973376,500183944783,91973376,91971407,183944783,YES
654,655,101,505000000000,505091935736,505183869731,91935736,91933995,183869731,YES
654,655,102,510000000000,510091912066,510185001932,91912066,93089866,185001932,YES
654,655,103,515000000000,515090534887,515181068507,90534887,90533620,181068507,YES
654,655,104,520000000000,520093098511,520183572653,93098511,90474142,183572653,YES
654,655,105,525000000000,525091120911,525181550276,91120911,90429365,181550276,YES
654,655,106,530000000000,-1,-1,-1,-1,-1,LOST
654,655,107,535000000000,535094061454,535187210900,94061454,93149446,187210900,YES
654,655,108,540000000000,540098000914,540191170811,98000914,93169897,191170811,YES
654,655,109,545000000000,545090401682,545181561359,90401682,91159677,181561359,YES
654,655,110,550000000000,550091931037,550182383482,91931037,90452445,182383482,YES
654,655,111,555000000000,555092034413,555182532833,92034413,90498420,182532833,YES
654,655,112,560000000000,560091532357,560183065041,91532357,91532684,183065041,YES
654,655,113,565000000000,565091440486,565182881544,91440486,91441058,182881544,YES
654,655,114,570000000000,570091386941,570182749664,91386941,91362723,182749664,YES
654,655,115,575000000000,575091262981,575182526989,91262981,91264008,182526989,YES
654,655,116,580000000000,580091210754,580182422741,91210754,91211987,182422741,YES
654,655,117,585000000000,585091171466,585182344360,91171466,91172894,182344360,YES
654,655,118,590000000000,590088591435,590181656110,88591435,93064675,181656110,YES
654,655,119,595000000000,595088620528,595177243490,88620528,88622962,177243490,YES
654,655,120,600000000000,600088660800,600177324180,88660800,88663380,177324180,YES
654,655,121,605000000000,605088678676,605184041762,88678676,95363086,184041762,YES
654,655,122,610000000000,610094219742,610188900733,94219742,94680991,188900733,YES
654,655,123,615000000000,615094168551,615182986897,94168551,88818346,182986897,YES
654,655,124,620000000000,620088900450,620177803969,88900450,88903519,177803969,YES
654,655,125,625000000000,625088996752,625177996667,88996752,88999915,177996667,YES
654,655,126,630000000000,630056987709,630113977097,56987709,56989388,113977097,YES
654,655,127,635000000000,635057068868,635114139479,57068868,57070611,114139479,YES
654,655,128,640000000000,640060718473,640121919083,60718473,61200610,121919083,YES
654,655,129,645000000000,645060699377,645121931898,60699377,61232521,121931898,YES
654,655,130,650000000000,650060691171,650121381538,60691171,60690367,121381538,YES
654,655,131,655000000000,655060693729,655122551105,60693729,61857376,122551105,YES
654,655,132,660000000000,660060706866,660121413134,60706866,60706268,121413134,YES
654,655,133,665000000000,665060730357,665123693683,60730357,62963326,123693683,YES
654,655,134,670000000000,670096974058,670192362477,96974058,95388419,192362477,YES
654,655,135,675000000000,675093207261,675186410888,93207261,93203627,186410888,YES
654,655,136,680000000000,680094341137,680187350793,94341137,93009656,187350793,YES
654,655,137,685000000000,685092827459,685185651502,92827459,92824043,185651502,YES
654,655,138,690000000000,690094655669,690187302801,94655669,92647132,187302801,YES
654,655,139,695000000000,695092483023,695184962854,92483023,92479831,184962854,YES
654,655,140,700000000000,700097838883,700190127702,97838883,92288819,190127702,YES
654,655,141,705000000000,705092145430,705184287939,92145430,92142509,184287939,YES
654,655,142,710000000000,710092010242,710184017709,92010242,92007467,184017709,YES
654,655,143,715000000000,715094611693,715186496144,94611693,91884451,186496144,YES
654,655,144,720000000000,720092564155,720190007681,92564155,97443526,190007681,YES
654,655,145,725000000000,725100281768,725199937923,100281768,99656155,199937923,YES
654,655,146,730000000000,730100641298,730193018092,100641298,92376794,193018092,YES
654,655,147,735000000000,735091527026,735184450572,91527026,92923546,184450572,YES
654,655,148,740000000000,740092674037,740184144852,92674037,91470815,184144852,YES
654,655,149,745000000000,745091432718,745182864058,91432718,91431340,182864058,YES
654,655,150,750000000000,750091407988,750182814849,91407988,91406861,182814849,YES
654,655,151,755000000000,755091398335,755182795802,91398335,91397467,182795802,YES
654,655,152,760000000000,760091403708,760182806820,91403708,91403112,182806820,YES
654,655,153,765000000000,765091423966,765182847609,91423966,91423643,182847609,YES
654,655,154,770000000000,770093497890,770183935712,93497890,90437822,183935712,YES
654,655,155,775000000000,775090445490,775200050845,90445490,109605355,200050845,YES
654,655,156,780000000000,780090468145,780189133844,90468145,98665699,189133844,YES
654,655,157,785000000000,785090505574,785181011901,90505574,90506327,181011901,YES
654,655,158,790000000000,790091410043,790182820326,91410043,91410283,182820326,YES
654,655,159,795000000000,795091314874,795182630240,91314874,91315366,182630240,YES
654,655,160,800000000000,800320527983,800411815975,320527983,91287992,411815975,YES
654,655,161,805000000000,805122170274,805213335446,122170274,91165172,213335446,YES
654,655,162,810000000000,810091109366,810182219897,91109366,91110531,182219897,YES
654,655,163,815000000000,815091033642,815182068640,91033642,91034998,182068640,YES
654,655,164,820000000000,820091004441,820182010423,91004441,91005982,182010423,YES
654,655,165,825000000000,825069738470,825139478335,69738470,69739865,139478335,YES
654,655,166,830000000000,830069794102,830139803293,69794102,70009191,139803293,YES
654,655,167,835000000000,835069861301,835139724255,69861301,69862954,139724255,YES
654,655,168,840000000000,840057237442,840114476278,57237442,57238836,114476278,YES
654,655,169,845000000000,845057598778,845114822256,57598778,57223478,114822256,YES
654,655,170,850000000000,850057249393,850114500346,57249393,57250953,114500346,YES
654,655,171,855000000000,855057286149,855114573928,57286149,57287779,114573928,YES
654,655,172,860000000000,860057332325,860114666349,57332325,57334024,114666349,YES
654,655,173,865000000000,865057387967,865114777693,57387967,57389726,114777693,YES
654,655,174,870000000000,870057453086,870114907988,57453086,57454902,114907988,YES
654,655,175,875000000000,875057527642,875115057172,57527642,57529530,115057172,YES
654,655,176,880000000000,880057611540,880115409942,57611540,57798402,115409942,YES
654,655,177,885000000000,885061179378,885122358012,61179378,61178634,122358012,YES
654,655,178,890000000000,890061165893,890122331141,61165893,61165248,122331141,YES
654,655,179,895000000000,895061163579,895122326610,61163579,61163031,122326610,YES
654,655,180,900000000000,900061172313,900122344182,61172313,61171869,122344182,YES
654,655,181,905000000000,905064575446,905129087155,64575446,64511709,129087155,YES
654,655,182,910000000000,910052152381,910104567117,52152381,52414736,104567117,YES
654,655,183,915000000000,915052107809,915104213842,52107809,52106033,104213842,YES
654,655,184,920000000000,920061477218,920125679226,61477218,64202008,125679226,YES
654,655,185,925000000000,925061335524,925123676343,61335524,62340819,123676343,YES
654,655,186,930000000000,930061201602,930122401219,61201602,61199617,122401219,YES
654,655,187,935000000000,935061076041,935128780236,61076041,67704195,128780236,YES
654,655,188,940000000000,940060925840,940121849828,60925840,60923988,121849828,YES
654,655,189,945000000000,945060818771,945123957425,60818771,63138654,123957425,YES
654,655,190,950000000000,950060721801,950126586373,60721801,65864572,126586373,YES
654,655,191,955000000000,955061554238,955122197688,61554238,60643450,122197688,YES
654,655,192,960000000000,960060560209,960121118920,60560209,60558711,121118920,YES
654,655,193,965000000000,965061120053,965121624723,61120053,60504670,121624723,YES
654,655,194,970000000000,970060444599,970120887917,60444599,60443318,120887917,YES
654,655,195,975000000000,975060404854,975120808548,60404854,60403694,120808548,YES
654,655,196,980000000000,980091962479,980183923071,91962479,91960592,183923071,YES
654,655,197,985000000000,985091930478,985183859287,91930478,91928809,183859287,YES
654,655,198,990000000000,990100038411,990191949373,100038411,91910962,191949373,YES
654,655,199,995000000000,995098044109,995192744571,98044109,94700462,192744571,YES
654,655,200,1000000000000,1000117348967,1000211318470,117348967,93969503,211318470,YES
654,655,201,1005000000000,1005090536183,1005181071658,90536183,90535475,181071658,YES
654,655,202,1010000000000,1010091040772,1010184805465,91040772,93764693,184805465,YES
654,655,203,1015000000000,1015094108014,1015189797133,94108014,95689119,189797133,YES
654,655,204,1020000000000,1020091526857,1020182032029,91526857,90505172,182032029,YES
654,655,205,1025000000000,1025091561511,1025183122615,91561511,91561104,183122615,YES
654,655,206,1030000000000,1030091454190,1030182908239,91454190,91454049,182908239,YES
654,655,207,1035000000000,1035091361063,1035182722246,91361063,91361183,182722246,YES
654,655,208,1040000000000,1040091282229,1040191416061,91282229,100133832,191416061,YES
654,655,209,1045000000000,1045091184115,1045182368854,91184115,91184739,182368854,YES
654,655,210,1050000000000,1050091133832,1050182268527,91133832,91134695,182268527,YES
654,655,211,1055000000000,1055091097623,1055182196323,91097623,91098700,182196323,YES
654,655,212,1060000000000,1060091075234,1060182151739,91075234,91076505,182151739,YES
654,655,213,1065000000000,1065091066336,1065182134139,91066336,91067803,182134139,YES
654,655,214,1070000000000,1070091070537,1070182142719,91070537,91072182,182142719,YES
654,655,215,1075000000000,1075094085199,1075182829412,94085199,88744213,182829412,YES
654,655,216,1080000000000,1080096830581,1080191227720,96830581,94397139,191227720,YES
654,655,217,1085000000000,1085094975460,1085189352821,94975460,94377361,189352821,YES
654,655,218,1090000000000,1090095390880,1090184264623,95390880,88873743,184264623,YES
654,655,219,1095000000000,1095088947390,1095177897729,88947390,88950339,177897729,YES
654,655,220,1100000000000,1100089035125,1100178073302,89035125,89038177,178073302,YES
654,655,221,1105000000000,1105089133992,1105178271136,89133992,89137144,178271136,YES
654,655,222,1110000000000,1110089243889,1110178734084,89243889,89490195,178734084,YES
654,655,223,1115000000000,1115089364661,1115178732650,89364661,89367989,178732650,YES
654,655,224,1120000000000,1120089496087,1120178995580,89496087,89499493,178995580,YES
654,655,225,1125000000000,1125091854240,1125184127170,91854240,92272930,184127170,YES
654,655,226,1130000000000,1130091920254,1130183840860,91920254,91920606,183840860,YES
654,655,227,1135000000000,1135091938357,1135183877227,91938357,91938870,183877227,YES
654,655,228,1140000000000,1140095471824,1140190939915,95471824,95468091,190939915,YES
654,655,229,1145000000000,1145095391202,1145190778746,95391202,95387544,190778746,YES
654,655,230,1150000000000,1150093429639,1150186855749,93429639,93426110,186855749,YES
654,655,231,1155000000000,1155093255211,1155186506981,93255211,93251770,186506981,YES
654,655,232,1160000000000,1160093089763,1160186176171,93089763,93086408,186176171,YES
654,655,233,1165000000000,1165092933853,1165185864461,92933853,92930608,185864461,YES
654,655,234,1170000000000,1170092754478,1170185505838,92754478,92751360,185505838,YES
654,655,235,1175000000000,1175092619420,1175185235838,92619420,92616418,185235838,YES
654,655,236,1180000000000,1180092495642,1180184988410,92495642,92492768,184988410,YES
654,655,237,1185000000000,1185092383674,1185188402028,92383674,96018354,188402028,YES
654,655,238,1190000000000,1190092284006,1190184565420,92284006,92281414,184565420,YES
654,655,239,1195000000000,1195100244148,1195192438645,100244148,92194497,192438645,YES
655,656,0,0,93344251,196220380,93344251,102876129,196220380,YES
655,656,1,5000000000,5093322354,5192934808,93322354,99612454,192934808,YES
655,656,2,10000000000,10094366247,10196886719,94366247,102520472,196886719,YES
655,656,3,15000000000,15093324179,15186652809,93324179,93328630,186652809,YES
655,656,4,20000000000,20112749610,20206097086,112749610,93347476,206097086,YES
655,656,5,25000000000,25093384458,25198710029,93384458,105325571,198710029,YES
655,656,6,30000000000,30085454985,30170438316,85454985,84983331,170438316,YES
655,656,7,35000000000,35085067238,35170135344,85067238,85068106,170135344,YES
655,656,8,40000000000,40085164481,40170330099,85164481,85165618,170330099,YES
655,656,9,45000000000,45085274327,45170550067,85274327,85275740,170550067,YES
655,656,10,50000000000,50085396603,50170794889,85396603,85398286,170794889,YES
655,656,11,55000000000,55085531067,55171064094,85531067,85533027,171064094,YES
655,656,12,60000000000,60085677432,60171357096,85677432,85679664,171357096,YES
655,656,13,65000000000,65085835361,65171673216,85835361,85837855,171673216,YES
655,656,14,70000000000,70086004431,70172011633,86004431,86007202,172011633,YES
655,656,15,75000000000,75086184216,75172371466,86184216,86187250,172371466,YES
655,656,16,80000000000,80086374233,80172751749,86374233,86377516,172751749,YES
655,656,17,85000000000,85068516777,85137034598,68516777,68517821,137034598,YES
655,656,18,90000000000,90046266823,90092533032,46266823,46266209,92533032,YES
655,656,19,95000000000,95046114213,95092227919,46114213,46113706,92227919,YES
655,656,20,100000000000,100059224771,100119309644,59224771,60084873,119309644,YES
655,656,21,105000000000,105059080617,105118159929,59080617,59079312,118159929,YES
655,656,22,110000000000,110058943957,110117886753,58943957,58942796,117886753,YES
655,656,23,115000000000,115058815392,115117629759,58815392,58814367,117629759,YES
655,656,24,120000000000,120058661933,120117322986,58661933,58661053,117322986,YES
655,656,25,125000000000,125058551404,125118837659,58551404,60286255,118837659,YES
655,656,26,130000000000,130058825601,130117275860,58825601,58450259,117275860,YES
655,656,27,135000000000,135058360808,135116721204,58360808,58360396,116721204,YES
655,656,28,140000000000,140058281882,140116563523,58281882,58281641,116563523,YES
655,656,29,145000000000,145059288747,145117503254,59288747,58214507,117503254,YES
655,656,30,150000000000,150058159370,150116318850,58159370,58159480,116318850,YES
655,656,31,155000000000,155058116625,155116233535,58116625,58116910,116233535,YES
655,656,32,160000000000,160058086660,160118822464,58086660,60735804,118822464,YES
655,656,33,165000000000,165058069688,165120786940,58069688,62717252,120786940,YES
655,656,34,170000000000,170058065870,170116250689,58065870,58184819,116250689,YES
655,656,35,175000000000,175058075251,175116151452,58075251,58076201,116151452,YES
655,656,36,180000000000,180058097796,180116196693,58097796,58098897,116196693,YES
655,656,37,185000000000,185058133392,185117234013,58133392,59100621,117234013,YES
655,656,38,190000000000,190058181833,190116929006,58181833,58747173,116929006,YES
655,656,39,195000000000,195048639893,195097278480,48639893,48638587,97278480,YES
655,656,40,200000000000,200048577273,200097153327,48577273,48576054,97153327,YES
655,656,41,205000000000,205048526406,205097051686,48526406,48525280,97051686,YES
655,656,42,210000000000,210048487538,210096974052,48487538,48486514,96974052,YES
655,656,43,215000000000,215048460854,215096920790,48460854,48459936,96920790,YES
655,656,44,220000000000,220048412864,220096824928,48412864,48412064,96824928,YES
655,656,45,225000000000,225093413364,225186824180,93413364,93410816,186824180,YES
655,656,46,230000000000,230095171636,230188491871,95171636,93320235,188491871,YES
655,656,47,235000000000,235094530220,235187775253,94530220,93245033,187775253,YES
655,656,48,240000000000,240096318526,240189503995,96318526,93185469,189503995,YES
655,656,49,245000000000,245095695544,245188837354,95695544,93141810,188837354,YES
655,656,50,250000000000,250093115062,250196348238,93115062,103233176,196348238,YES
655,656,51,255000000000,255093102862,255307410056,93102862,214307194,307410056,YES
655,656,52,260000000000,260093106300,260205050979,93106300,111944679,205050979,YES
655,656,53,265000000000,265217612314,265321739884,217612314,104127570,321739884,YES
655,656,54,270000000000,270093158615,270198562676,93158615,105404061,198562676,YES
655,656,55,275000000000,275093206474,275197904954,93206474,104698480,197904954,YES
655,656,56,280000000000,280084784741,280169571102,84784741,84786361,169571102,YES
655,656,57,285000000000,285084906787,285169815468,84906787,84908681,169815468,YES
655,656,58,290000000000,290085116248,290170160199,85116248,85043951,170160199,YES
655,656,59,295000000000,295085189314,295180218819,85189314,95029505,180218819,YES
655,656,60,300000000000,300085348956,300170700613,85348956,85351657,170700613,YES
655,656,61,305000000000,305085520207,305171043376,85520207,85523169,171043376,YES
655,656,62,310000000000,310085702556,310171408311,85702556,85705755,171408311,YES
655,656,63,315000000000,315096093839,315194869551,96093839,98775712,194869551,YES
655,656,64,320000000000,320098880161,320198749554,98880161,99869393,198749554,YES
655,656,65,325000000000,325097388521,325207227926,97388521,109839405,207227926,YES
655,656,66,330000000000,330046066554,330092132670,46066554,46066116,92132670,YES
655,656,67,335000000000,335045961926,335091923546,45961926,45961620,91923546,YES
655,656,68,340000000000,340045865823,340091731454,45865823,45865631,91731454,YES
655,656,69,345000000000,345052198673,345098029108,52198673,45830435,98029108,YES
655,656,70,350000000000,350045700393,350091400826,45700393,45700433,91400826,YES
655,656,71,355000000000,355058409168,355116817092,58409168,58407924,116817092,YES
655,656,72,360000000000,360058286431,360116571746,58286431,58285315,116571746,YES
655,656,73,365000000000,365058172853,365116344727,58172853,58171874,116344727,YES
655,656,74,370000000000,370058069109,370116137386,58069109,58068277,116137386,YES
655,656,75,375000000000,375059642978,375117618164,59642978,57975186,117618164,YES
655,656,76,380000000000,380057893829,380115787159,57893829,57893330,115787159,YES
655,656,77,385000000000,385057823580,385115646823,57823580,57823243,115646823,YES
655,656,78,390000000000,390057765703,390116635095,57765703,58869392,116635095,YES
655,656,79,395000000000,395057720700,395115441405,57720700,57720705,115441405,YES
655,656,80,400000000000,400057688976,400115378132,57688976,57689156,115378132,YES
655,656,81,405000000000,405057670841,405115342033,57670841,57671192,115342033,YES
655,656,82,410000000000,410058813125,410116480122,58813125,57666997,116480122,YES
655,656,83,415000000000,415057675951,415115352590,57675951,57676639,115352590,YES
655,656,84,420000000000,420057699213,420115399273,57699213,57700060,115399273,YES
655,656,85,425000000000,425058024762,425115761838,58024762,57737076,115761838,YES
655,656,86,430000000000,430057786263,430142198810,57786263,84412547,142198810,YES
655,656,87,435000000000,435048626250,435097251323,48626250,48625073,97251323,YES
655,656,88,440000000000,440111979826,440210806464,111979826,98826638,210806464,YES
655,656,89,445000000000,445099999809,445200070111,99999809,100070302,200070111,YES
655,656,90,450000000000,450095286855,450193173778,95286855,97886923,193173778,YES
655,656,91,455000000000,455151867161,455252327547,151867161,100460386,252327547,YES
655,656,92,460000000000,460110035751,460203209771,110035751,93174020,203209771,YES
655,656,93,465000000000,465103279388,465196375320,103279388,93095932,196375320,YES
655,656,94,470000000000,470094399867,470194180123,94399867,99780256,194180123,YES
655,656,95,475000000000,475092988925,475185976513,92988925,92987588,185976513,YES
655,656,96,480000000000,480092958737,480185916469,92958737,92957732,185916469,YES
655,656,97,485000000000,485092944803,485297330589,92944803,204385786,297330589,YES
655,656,98,490000000000,490092946944,490195657625,92946944,102710681,195657625,YES
655,656,99,495000000000,495092964827,495193945466,92964827,100980639,193945466,YES
655,656,100,500000000000,500105623170,500198621554,105623170,92998384,198621554,YES
655,656,101,505000000000,505093045903,505197082668,93045903,104036765,197082668,YES
655,656,102,510000000000,510093107903,510195345715,93107903,102237812,195345715,YES
655,656,103,515000000000,515085140606,515170282237,85140606,85141631,170282237,YES
655,656,104,520000000000,520085249013,520170499311,85249013,85250298,170499311,YES
655,656,105,525000000000,525085369938,525170741412,85369938,85371474,170741412,YES
655,656,106,530000000000,530085503119,530171008041,85503119,85504922,171008041,YES
655,656,107,535000000000,535085648274,535171298617,85648274,85650343,171298617,YES
655,656,108,540000000000,540085805072,540171612482,85805072,85807410,171612482,YES
655,656,109,545000000000,545085973137,545171948877,85973137,85975740,171948877,YES
655,656,110,550000000000,550086152055,550172306996,86152055,86154941,172306996,YES
655,656,111,555000000000,555086341390,555172685914,86341390,86344524,172685914,YES
655,656,112,560000000000,560102204161,560214287890,102204161,112083729,214287890,YES
655,656,113,565000000000,565045777526,565091554325,45777526,45776799,91554325,YES
655,656,114,570000000000,570045660182,570091319741,45660182,45659559,91319741,YES
655,656,115,575000000000,575045517489,575091034468,45517489,45516979,91034468,YES
655,656,116,580000000000,580045417101,580090833805,45417101,45416704,90833805,YES
655,656,117,585000000000,585045325848,585090651414,45325848,45325566,90651414,YES
655,656,118,590000000000,590058471321,590116941485,58471321,58470164,116941485,YES
655,656,119,595000000000,595058357301,595116713576,58357301,58356275,116713576,YES
655,656,120,600000000000,600058252835,600116504786,58252835,58251951,116504786,YES
655,656,121,605000000000,605058530638,605116654885,58530638,58124247,116654885,YES
655,656,122,610000000000,610059922114,610117963106,59922114,58040992,117963106,YES
655,656,123,615000000000,615059780911,615117750136,59780911,57969225,117750136,YES
655,656,124,620000000000,620057909739,620115819248,57909739,57909509,115819248,YES
655,656,125,625000000000,625057862345,625115724632,57862345,57862287,115724632,YES
655,656,126,630000000000,630057827872,630115655858,57827872,57827986,115655858,YES
655,656,127,635000000000,635057806628,635115613542,57806628,57806914,115613542,YES
655,656,128,640000000000,640060168406,640117967676,60168406,57799270,117967676,YES
655,656,129,645000000000,645058174090,645117387890,58174090,59213800,117387890,YES
655,656,130,650000000000,650057823659,650115648105,57823659,57824446,115648105,YES
655,656,131,655000000000,655092674951,655180240470,92674951,87565519,180240470,YES
655,656,132,660000000000,660087560285,660178856789,87560285,91296504,178856789,YES
655,656,133,665000000000,665088574311,665182909598,88574311,94335287,182909598,YES
655,656,134,670000000000,670094118034,670186975353,94118034,92857319,186975353,YES
655,656,135,675000000000,675094182663,675188364175,94182663,94181512,188364175,YES
655,656,136,680000000000,680098817885,680192861111,98817885,94043226,192861111,YES
655,656,137,685000000000,685093911074,685199069080,93911074,105158006,199069080,YES
655,656,138,690000000000,690093788726,690197599857,93788726,103811131,197599857,YES
655,656,139,695000000000,695100530548,695194208096,100530548,93677548,194208096,YES
655,656,140,700000000000,700093553790,700187104895,93553790,93551105,187104895,YES
655,656,141,705000000000,705093475816,705186949238,93475816,93473422,186949238,YES
655,656,142,710000000000,710093413480,710186824864,93413480,93411384,186824864,YES
655,656,143,715000000000,715094524946,715187890163,94524946,93365217,187890163,YES
655,656,144,720000000000,720095677510,720189012543,95677510,93335033,189012543,YES
655,656,145,725000000000,725093321962,725186642781,93321962,93320819,186642781,YES
655,656,146,730000000000,730093323201,730192872293,93323201,99549092,192872293,YES
655,656,147,735000000000,735094892824,735188232294,94892824,93339470,188232294,YES
655,656,148,740000000000,740099334940,740192706639,99334940,93371699,192706639,YES
655,656,149,745000000000,745093418292,745186836748,93418292,93418456,186836748,YES
655,656,150,750000000000,750093478822,750210380150,93478822,116901328,210380150,YES
655,656,151,755000000000,755093552767,755187106315,93552767,93553548,187106315,YES
655,656,152,760000000000,760093639454,760187279985,93639454,93640531,187279985,YES
655,656,153,765000000000,765111002854,765204742767,111002854,93739913,204742767,YES
655,656,154,770000000000,770085866732,770171735774,85866732,85869042,171735774,YES
655,656,155,775000000000,775086034669,775172071922,86034669,86037253,172071922,YES
655,656,156,780000000000,780086213464,780172429769,86213464,86216305,172429769,YES
655,656,157,785000000000,785086402677,785172808452,86402677,86405775,172808452,YES
655,656,158,790000000000,790096545826,790244855582,96545826,148309756,244855582,YES
655,656,159,795000000000,795096588566,795202416839,96588566,105828273,202416839,YES
655,656,160,800000000000,800096640868,800382543528,96640868,285902660,382543528,YES
655,656,161,805000000000,805096850694,805243839925,96850694,146989231,243839925,YES
655,656,162,810000000000,810046241451,810092482444,46241451,46240993,92482444,YES
655,656,163,815000000000,815046107854,815092215351,46107854,46107497,92215351,YES
655,656,164,820000000000,820046016678,820092033120,46016678,46016442,92033120,YES
655,656,165,825000000000,825049826777,825095761269,49826777,45934492,95761269,YES
655,656,166,830000000000,830050731718,830096651330,50731718,45919612,96651330,YES
655,656,167,835000000000,835045799066,835091598273,45799066,45799207,91598273,YES
655,656,168,840000000000,840058580779,840117160438,58580779,58579659,117160438,YES
655,656,169,845000000000,845060134345,845118573265,60134345,58438920,118573265,YES
655,656,170,850000000000,850058342398,850116683965,58342398,58341567,116683965,YES
655,656,171,855000000000,855058255182,855116509683,58255182,58254501,116509683,YES
655,656,172,860000000000,860058178886,860116357250,58178886,58178364,116357250,YES
655,656,173,865000000000,865058114065,865116227776,58114065,58113711,116227776,YES
655,656,174,870000000000,870060249737,870119262608,60249737,59012871,119262608,YES
655,656,175,875000000000,875058020780,875117222361,58020780,59201581,117222361,YES
655,656,176,880000000000,880058443848,880116437084,58443848,57993236,116437084,YES
655,656,177,885000000000,885164960165,885222938673,164960165,57978508,222938673,YES
655,656,178,890000000000,890087592041,890175185683,87592041,87593642,175185683,YES
655,656,179,895000000000,895090083691,895177670892,90083691,87587201,177670892,YES
655,656,180,900000000000,900089405097,900182051536,89405097,92646439,182051536,YES
655,656,181,905000000000,905087610670,905185778417,87610670,98167747,185778417,YES
655,656,182,910000000000,910088528450,910176174064,88528450,87645614,176174064,YES
655,656,183,915000000000,915087688187,915175379338,87688187,87691151,175379338,YES
655,656,184,920000000000,920103081515,920199508429,103081515,96426914,199508429,YES
655,656,185,925000000000,925102338943,925203450263,102338943,101111320,203450263,YES
655,656,186,930000000000,930093190432,930190860576,93190432,97670144,190860576,YES
655,656,187,935000000000,935093086186,935198197921,93086186,105111735,198197921,YES
655,656,188,940000000000,940092963529,940247256707,92963529,154293178,247256707,YES
655,656,189,945000000000,945100925883,945193814166,100925883,92888283,193814166,YES
655,656,190,950000000000,950092833061,950188130412,92833061,95297351,188130412,YES
655,656,191,955000000000,955092792376,955209801366,92792376,117008990,209801366,YES
655,656,192,960000000000,960092768300,960185535746,92768300,92767446,185535746,YES
655,656,193,965000000000,-1,-1,-1,-1,-1,LOST
655,656,194,970000000000,970092769690,970189221222,92769690,96451532,189221222,YES
655,656,195,975000000000,975095669109,975190727000,95669109,95057891,190727000,YES
655,656,196,980000000000,980095794950,980188630585,95794950,92835635,188630585,YES
655,656,197,985000000000,985092890696,985185782138,92890696,92891442,185782138,YES
655,656,198,990000000000,990092960568,990185922176,92960568,92961608,185922176,YES
655,656,199,995000000000,995094857585,995193513328,94857585,98655743,193513328,YES
655,656,200,1000000000000,1000093216322,1000201584098,93216322,108367776,201584098,YES
655,656,201,1005000000000,1005085637465,1005171276611,85637465,85639146,171276611,YES
655,656,202,1010000000000,1010085777917,1010171557774,85777917,85779857,171557774,YES
655,656,203,1015000000000,1015085930085,1015171862369,85930085,85932284,171862369,YES
655,656,204,1020000000000,1020086093612,1020172189700,86093612,86096088,172189700,YES
655,656,205,1025000000000,1025095861559,1025191721596,95861559,95860037,191721596,YES
655,656,206,1030000000000,1030095906024,1030197075373,95906024,101169349,197075373,YES
655,656,207,1035000000000,1035095994439,1035200207220,95994439,104212781,200207220,YES
655,656,208,1040000000000,1040096059657,1040198129978,96059657,102070321,198129978,YES
655,656,209,1045000000000,1045102875063,1045198976517,102875063,96101454,198976517,YES
655,656,210,1050000000000,1050106336026,1050212418091,106336026,106082065,212418091,YES
655,656,211,1055000000000,1055046075862,1055092151562,46075862,46075700,92151562,YES
655,656,212,1060000000000,1060046003126,1060092006213,46003126,46003087,92006213,YES
655,656,213,1065000000000,1065045940058,1065091880215,45940058,45940157,91880215,YES
655,656,214,1070000000000,1070045886819,1070091773857,45886819,45887038,91773857,YES
655,656,215,1075000000000,1075059667646,1075119771687,59667646,60104041,119771687,YES
655,656,216,1080000000000,1080058579926,1080117916357,58579926,59336431,117916357,YES
655,656,217,1085000000000,1085058492522,1085116984313,58492522,58491791,116984313,YES
655,656,218,1090000000000,1090058647347,1090117028844,58647347,58381497,117028844,YES
655,656,219,1095000000000,1095058316335,1095116632257,58316335,58315922,116632257,YES
655,656,220,1100000000000,1100072468022,1100132223655,72468022,59755633,132223655,YES
655,656,221,1105000000000,1105087796048,1105175592756,87796048,87796708,175592756,YES
655,656,222,1110000000000,1110087760224,1110177044983,87760224,89284759,177044983,YES
655,656,223,1115000000000,1115087717713,1115175436693,87717713,87718980,175436693,YES
655,656,224,1120000000000,1120087697195,1120175395952,87697195,87698757,175395952,YES
655,656,225,1125000000000,1125088152934,1125175844170,88152934,87691236,175844170,YES
655,656,226,1130000000000,1130087694426,1130175391000,87694426,87696574,175391000,YES
655,656,227,1135000000000,1135087712409,1135175427245,87712409,87714836,175427245,YES
655,656,228,1140000000000,1140087743400,1140175489493,87743400,87746093,175489493,YES
655,656,229,1145000000000,1145087787425,1145175577797,87787425,87790372,175577797,YES
655,656,230,1150000000000,1150102967766,1150196415082,102967766,93447316,196415082,YES
655,656,231,1155000000000,1155100954910,1155194268695,100954910,93313785,194268695,YES
655,656,232,1160000000000,1160093492770,1160229994546,93492770,136501776,229994546,YES
655,656,233,1165000000000,1165093090332,1165190815940,93090332,97725608,190815940,YES
655,656,234,1170000000000,1170092965347,1170185928544,92965347,92963197,185928544,YES
655,656,235,1175000000000,1175102199021,1175195086434,102199021,92887413,195086434,YES
655,656,236,1180000000000,1180102447230,1180195274939,102447230,92827709,195274939,YES
655,656,237,1185000000000,1185099864611,1185192648908,99864611,92784297,192648908,YES
655,656,238,1190000000000,1190092758246,1190185515596,92758246,92757350,185515596,YES
655,656,239,1195000000000,1195097196673,1195189943541,97196673,92746868,189943541,YES
656,657,0,0,94859337,189718728,94859337,94859391,189718728,YES
656,657,1,5000000000,5094780145,5189560593,94780145,94780448,189560593,YES
656,657,2,10000000000,10094712540,10189425627,94712540,94713087,189425627,YES
656,657,3,15000000000,15094656672,15189314127,94656672,94657455,189314127,YES
656,657,4,20000000000,20094612666,20198505847,94612666,103893181,198505847,YES
656,657,5,25000000000,25094580619,25193191560,94580619,98610941,193191560,YES
656,657,6,30000000000,30094599016,30313276123,94599016,218677107,313276123,YES
656,657,7,35000000000,35094552619,35191238999,94552619,96686380,191238999,YES
656,657,8,40000000000,40094556707,40189115227,94556707,94558520,189115227,YES
656,657,9,45000000000,45094572827,45189147648,94572827,94574821,189147648,YES
656,657,10,50000000000,50094600910,50189203980,94600910,94603070,189203980,YES
656,657,11,55000000000,55094640840,55189284000,94640840,94643160,189284000,YES
656,657,12,60000000000,60096224866,60190919817,96224866,94694951,190919817,YES
656,657,13,65000000000,65094755569,65189513735,94755569,94758166,189513735,YES
656,657,14,70000000000,70094829883,70224840512,94829883,130010629,224840512,YES
656,657,15,75000000000,75094881508,75193007714,94881508,98126206,193007714,YES
656,657,16,80000000000,80094977280,80191149654,94977280,96172374,191149654,YES
656,657,17,85000000000,85061573082,85219318261,61573082,157745179,219318261,YES
656,657,18,90000000000,90061454098,90130469508,61454098,69015410,130469508,YES
656,657,19,95000000000,95061342654,95122682878,61342654,61340224,122682878,YES
656,657,20,100000000000,100107992243,100210154526,107992243,102162283,210154526,YES
656,657,21,105000000000,105106811835,105208845462,106811835,102033627,208845462,YES
656,657,22,110000000000,110104894216,110206808679,104894216,101914463,206808679,YES
656,657,23,115000000000,115101808469,115205018103,101808469,103209634,205018103,YES
656,657,24,120000000000,120101675982,120203348953,101675982,101672971,203348953,YES
656,657,25,125000000000,125109487749,125211072821,109487749,101585072,211072821,YES
656,657,26,130000000000,130101545186,130203972229,101545186,102427043,203972229,YES
656,657,27,135000000000,135101480593,135202958662,101480593,101478069,202958662,YES
656,657,28,140000000000,140101428295,140212077360,101428295,110649065,212077360,YES
656,657,29,145000000000,145101388660,145211173424,101388660,109784764,211173424,YES
656,657,30,150000000000,150101362015,150202722110,101362015,101360095,202722110,YES
656,657,31,155000000000,155101348628,155202695571,101348628,101346943,202695571,YES
656,657,32,160000000000,160101348737,160202696033,101348737,101347296,202696033,YES
656,657,33,165000000000,165101362502,165202723827,101362502,101361325,202723827,YES
656,657,34,170000000000,170105386566,170206775733,105386566,101389167,206775733,YES
656,657,35,175000000000,175101431414,175202862216,101431414,101430802,202862216,YES
656,657,36,180000000000,180104732385,180206218714,104732385,101486329,206218714,YES
656,657,37,185000000000,185109808575,185211364241,109808575,101555666,211364241,YES
656,657,38,190000000000,190109155176,190210793722,109155176,101638546,210793722,YES
656,657,39,195000000000,195102643631,195204378312,102643631,101734681,204378312,YES
656,657,40,200000000000,200101852353,200216841063,101852353,114988710,216841063,YES
656,657,41,205000000000,205101964822,205203930885,101964822,101966063,203930885,YES
656,657,42,210000000000,210102098875,210204199319,102098875,102100444,204199319,YES
656,657,43,215000000000,215102184211,215205826425,102184211,103642214,205826425,YES
656,657,44,220000000000,220108065445,220210313491,108065445,102248046,210313491,YES
656,657,45,225000000000,225095234839,225195488920,95234839,100254081,195488920,YES
656,657,46,230000000000,230095107750,230199529344,95107750,104421594,199529344,YES
656,657,47,235000000000,235094991509,235191298728,94991509,96307219,191298728,YES
656,657,48,240000000000,240094886431,240199632685,94886431,104746254,199632685,YES
656,657,49,245000000000,245094792785,245206095727,94792785,111302942,206095727,YES
656,657,50,250000000000,250094710787,250189421791,94710787,94711004,189421791,YES
656,657,51,255000000000,255094640606,255189281688,94640606,94641082,189281688,YES
656,657,52,260000000000,260105225181,260199808161,105225181,94582980,199808161,YES
656,657,53,265000000000,265104973174,265199510219,104973174,94537045,199510219,YES
656,657,54,270000000000,270101047465,270195550626,101047465,94503161,195550626,YES
656,657,55,275000000000,275094479908,275188961246,94479908,94481338,188961246,YES
656,657,56,280000000000,280094469889,280192677329,94469889,98207440,192677329,YES
656,657,57,285000000000,285096398073,285192692355,96398073,96294282,192692355,YES
656,657,58,290000000000,290112454631,290245126317,112454631,132671686,245126317,YES
656,657,59,295000000000,295095426637,295243176691,95426637,147750054,243176691,YES
656,657,60,300000000000,300094549122,300199239852,94549122,104690730,199239852,YES
656,657,61,305000000000,305094598189,305189198896,94598189,94600707,189198896,YES
656,657,62,310000000000,310097258071,310191919383,97258071,94661312,191919383,YES
656,657,63,315000000000,315095174517,315189907482,95174517,94732965,189907482,YES
656,657,64,320000000000,320099130000,320194878343,99130000,95748343,194878343,YES
656,657,65,325000000000,325094871849,325192198013,94871849,97326164,192198013,YES
656,657,66,330000000000,330105070956,330207369106,105070956,102298150,207369106,YES
656,657,67,335000000000,335102558980,335204642354,102558980,102083374,204642354,YES
656,657,68,340000000000,340108799149,340210756425,108799149,101957276,210756425,YES
656,657,69,345000000000,345104906267,345219341526,104906267,114435259,219341526,YES
656,657,70,350000000000,350107448284,350209183998,107448284,101735714,209183998,YES
656,657,71,355000000000,355101644104,355203285340,101644104,101641236,203285340,YES
656,657,72,360000000000,360101560815,360203118916,101560815,101558101,203118916,YES
656,657,73,365000000000,365101489461,365202976381,101489461,101486920,202976381,YES
656,657,74,370000000000,370103547743,370208415591,103547743,104867848,208415591,YES
656,657,75,375000000000,375103187237,375216166971,103187237,112979734,216166971,YES
656,657,76,380000000000,380101351055,380202700157,101351055,101349102,202700157,YES
656,657,77,385000000000,385101331236,385202660739,101331236,101329503,202660739,YES
656,657,78,390000000000,390101324976,390202664079,101324976,101339103,202664079,YES
656,657,79,395000000000,395101332423,395202663604,101332423,101331181,202663604,YES
656,657,80,400000000000,400101353668,400202706357,101353668,101352689,202706357,YES
656,657,81,405000000000,405101388734,405202776763,101388734,101388029,202776763,YES
656,657,82,410000000000,410101437582,410203460464,101437582,102022882,203460464,YES
656,657,83,415000000000,415215630095,415317131672,215630095,101501577,317131672,YES
656,657,84,420000000000,420126590386,420228819911,126590386,102229525,228819911,YES
656,657,85,425000000000,425101665488,425203331455,101665488,101665967,203331455,YES
656,657,86,430000000000,430125792395,430227561513,125792395,101769118,227561513,YES
656,657,87,435000000000,435102338135,435204188414,102338135,101850279,204188414,YES
656,657,88,440000000000,440047070003,440094139451,47070003,47069448,94139451,YES
656,657,89,445000000000,445047143670,445094286898,47143670,47143228,94286898,YES
656,657,90,450000000000,450098670190,450197338834,98670190,98668644,197338834,YES
656,657,91,455000000000,455098662667,455197324070,98662667,98661403,197324070,YES
656,657,92,460000000000,460096529907,460191598291,96529907,95068384,191598291,YES
656,657,93,465000000000,465096521544,465191473409,96521544,94951865,191473409,YES
656,657,94,470000000000,470094847156,470189693932,94847156,94846776,189693932,YES
656,657,95,475000000000,475125438844,475223458361,125438844,98019517,223458361,YES
656,657,96,480000000000,480100610735,480197377238,100610735,96766503,197377238,YES
656,657,97,485000000000,485217502309,485312102891,217502309,94600582,312102891,YES
656,657,98,490000000000,490094543973,490189088664,94543973,94544691,189088664,YES
656,657,99,495000000000,495099533527,495194032880,99533527,94499353,194032880,YES
656,657,100,500000000000,500094465036,500189624422,94465036,95159386,189624422,YES
656,657,101,505000000000,505094443770,505188889003,94443770,94445233,188889003,YES
656,657,102,510000000000,510094434572,510191857846,94434572,97423274,191857846,YES
656,657,103,515000000000,515094437338,515188876561,94437338,94439223,188876561,YES
656,657,104,520000000000,520098283865,520192737915,98283865,94454050,192737915,YES
656,657,105,525000000000,525096297039,525190777595,96297039,94480556,190777595,YES
656,657,106,530000000000,530105028448,530199547145,105028448,94518697,199547145,YES
656,657,107,535000000000,535102879722,535198239468,102879722,95359746,198239468,YES
656,657,108,540000000000,540100807076,540196304951,100807076,95497875,196304951,YES
656,657,109,545000000000,545094663641,545189330145,94663641,94666504,189330145,YES
656,657,110,550000000000,550094745683,550190794321,94745683,96048638,190794321,YES
656,657,111,555000000000,555052409919,555104821638,52409919,52411719,104821638,YES
656,657,112,560000000000,560052472539,560104946928,52472539,52474389,104946928,YES
656,657,113,565000000000,565102179525,565204355718,102179525,102176193,204355718,YES
656,657,114,570000000000,570102054063,570206172567,102054063,104118504,206172567,YES
656,657,115,575000000000,575101938436,575219160210,101938436,117221774,219160210,YES
656,657,116,580000000000,580108547026,580216205140,108547026,107658114,216205140,YES
656,657,117,585000000000,585106551597,585208287606,106551597,101736009,208287606,YES
656,657,118,590000000000,590104568489,590206221812,104568489,101653323,206221812,YES
656,657,119,595000000000,595101585030,595203167611,101585030,101582581,203167611,YES
656,657,120,600000000000,600101526455,600203050642,101526455,101524187,203050642,YES
656,657,121,605000000000,605108297126,605209809249,108297126,101512123,209809249,YES
656,657,122,610000000000,610107500346,610215797974,107500346,108297628,215797974,YES
656,657,123,615000000000,615101428650,615210264805,101428650,108836155,210264805,YES
656,657,124,620000000000,620101422899,620202844367,101422899,101421468,202844367,YES
656,657,125,625000000000,625101430852,625202860507,101430852,101429655,202860507,YES
656,657,126,630000000000,630101452552,630202904157,101452552,101451605,202904157,YES
656,657,127,635000000000,635101487994,635202975301,101487994,101487307,202975301,YES
656,657,128,640000000000,640101537094,640204168380,101537094,102631286,204168380,YES
656,657,129,645000000000,645106679484,645208279132,106679484,101599648,208279132,YES
656,657,130,650000000000,650101675677,650203351497,101675677,101675820,203351497,YES
656,657,131,655000000000,655046844652,655093855738,46844652,47011086,93855738,YES
656,657,132,660000000000,660046887060,660093773296,46887060,46886236,93773296,YES
656,657,133,665000000000,665046938627,665093876525,46938627,46937898,93876525,YES
656,657,134,670000000000,670046999407,670093998194,46999407,46998787,93998194,YES
656,657,135,675000000000,675098586898,675197173021,98586898,98586123,197173021,YES
656,657,136,680000000000,680098572171,680197142641,98572171,98570470,197142641,YES
656,657,137,685000000000,685098559349,685197562121,98559349,99002772,197562121,YES
656,657,138,690000000000,690098558961,690197116800,98558961,98557839,197116800,YES
656,657,139,695000000000,695098570987,695200334806,98570987,101763819,200334806,YES
656,657,140,700000000000,700107284155,700202230499,107284155,94946344,202230499,YES
656,657,141,705000000000,705094847974,705189695713,94847974,94847739,189695713,YES
656,657,142,710000000000,710100575667,710195336417,100575667,94760750,195336417,YES
656,657,143,715000000000,715098486098,715193172108,98486098,94686010,193172108,YES
656,657,144,720000000000,720096408954,720197348159,96408954,100939205,197348159,YES
656,657,145,725000000000,725102679133,725201608363,102679133,98929230,201608363,YES
656,657,146,730000000000,730110919168,730205454014,110919168,94534846,205454014,YES
656,657,147,735000000000,735094507486,735191354152,94507486,96846666,191354152,YES
656,657,148,740000000000,740094493189,740189968258,94493189,95475069,189968258,YES
656,657,149,745000000000,745094490785,745188983412,94490785,94492627,188983412,YES
656,657,150,750000000000,750094500120,750189002280,94500120,94502160,189002280,YES
656,657,151,755000000000,755094521023,755189589846,94521023,95068823,189589846,YES
656,657,152,760000000000,760094553322,760194187552,94553322,99634230,194187552,YES
656,657,153,765000000000,765094596813,765194747922,94596813,100151109,194747922,YES
656,657,154,770000000000,770099254620,770193908675,99254620,94654055,193908675,YES
656,657,155,775000000000,775094682921,775198886948,94682921,104204027,198886948,YES
656,657,156,780000000000,780094758649,780197315002,94758649,102556353,197315002,YES
656,657,157,785000000000,785094844598,785189692278,94844598,94847680,189692278,YES
656,657,158,790000000000,790094940478,790194957240,94940478,100016762,194957240,YES
656,657,159,795000000000,795052996443,795105994796,52996443,52998353,105994796,YES
656,657,160,800000000000,800053054913,800106111763,53054913,53056850,106111763,YES
656,657,161,805000000000,805053119443,805106240864,53119443,53121421,106240864,YES
656,657,162,810000000000,810104266472,810206620892,104266472,102354420,206620892,YES
656,657,163,815000000000,815102264062,815204492092,102264062,102228030,204492092,YES
656,657,164,820000000000,820102114125,820204225268,102114125,102111143,204225268,YES
656,657,165,825000000000,825102007224,825216434843,102007224,114427619,216434843,YES
656,657,166,830000000000,830102723524,830218144836,102723524,115421312,218144836,YES
656,657,167,835000000000,835101825960,835212206549,101825960,110380589,212206549,YES
656,657,168,840000000000,840112320518,840223907984,112320518,111587466,223907984,YES
656,657,169,845000000000,845101691569,845204687658,101691569,102996089,204687658,YES
656,657,170,850000000000,850104210516,850385284850,104210516,281074334,385284850,YES
656,657,171,855000000000,855101607631,855281632494,101607631,180024863,281632494,YES
656,657,172,860000000000,860101585430,860203169238,101585430,101583808,203169238,YES
656,657,173,865000000000,865103983476,865205558776,103983476,101575300,205558776,YES
656,657,174,870000000000,870102783220,870207945085,102783220,105161865,207945085,YES
656,657,175,875000000000,875101600184,875203199410,101600184,101599226,203199410,YES
656,657,176,880000000000,880101632386,880203295599,101632386,101663213,203295599,YES
656,657,177,885000000000,885101678129,885310788332,101678129,209110203,310788332,YES
656,657,178,890000000000,890053067763,890099882591,53067763,46814828,99882591,YES
656,657,179,895000000000,895046800232,895093599397,46800232,46799165,93599397,YES
656,657,180,900000000000,900046827324,900094897483,46827324,48070159,94897483,YES
656,657,181,905000000000,905046863612,905093726330,46863612,46862718,93726330,YES
656,657,182,910000000000,910098383255,910196787738,98383255,98404483,196787738,YES
656,657,183,915000000000,915098335630,915196668968,98335630,98333338,196668968,YES
656,657,184,920000000000,920098539415,920196837690,98539415,98298275,196837690,YES
656,657,185,925000000000,925117590723,925217677630,117590723,100086907,217677630,YES
656,657,186,930000000000,930151691936,930249976615,151691936,98284679,249976615,YES
656,657,187,935000000000,935098269254,935196537296,98269254,98268042,196537296,YES
656,657,188,940000000000,940098284014,940198770194,98284014,100486180,198770194,YES
656,657,189,945000000000,945098311285,945196621959,98311285,98310674,196621959,YES
656,657,190,950000000000,950102755207,950201105893,102755207,98350686,201105893,YES
656,657,191,955000000000,955094769104,955189538169,94769104,94769065,189538169,YES
656,657,192,960000000000,960094695038,960189390330,94695038,94695292,189390330,YES
656,657,193,965000000000,965099172885,965193806516,99172885,94633631,193806516,YES
656,657,194,970000000000,970095240716,970191225519,95240716,95984803,191225519,YES
656,657,195,975000000000,975094545977,975197804126,94545977,103258149,197804126,YES
656,657,196,980000000000,980094520600,980189042540,94520600,94521940,189042540,YES
656,657,197,985000000000,985094507210,985189015997,94507210,94508787,189015997,YES
656,657,198,990000000000,990094505669,990189013140,94505669,94507471,189013140,YES
656,657,199,995000000000,995097419752,995191937581,97419752,94517829,191937581,YES
656,657,200,1000000000000,1000111602035,1000206141782,111602035,94539747,206141782,YES
656,657,201,1005000000000,1005094570374,1005189143142,94570374,94572768,189143142,YES
656,657,202,1010000000000,1010096047274,1010196457531,96047274,100410257,196457531,YES
656,657,203,1015000000000,1015096453476,1015198032654,96453476,101579178,198032654,YES
656,657,204,1020000000000,1020052292509,1020104586666,52292509,52294157,104586666,YES
656,657,205,1025000000000,1025052333928,1025104669566,52333928,52335638,104669566,YES
656,657,206,1030000000000,1030052381894,1030104765569,52381894,52383675,104765569,YES
656,657,207,1035000000000,1035052470107,1035104942047,52470107,52471940,104942047,YES
656,657,208,1040000000000,1040052531468,1040105064818,52531468,52533350,105064818,YES
656,657,209,1045000000000,1045052599740,1045107396728,52599740,54796988,107396728,YES
656,657,210,1050000000000,1050052675100,1050110958495,52675100,58283395,110958495,YES
656,657,211,1055000000000,1055102181540,1055231673024,102181540,129491484,231673024,YES
656,657,212,1060000000000,1060102087128,1060204171699,102087128,102084571,204171699,YES
656,657,213,1065000000000,1065102003797,1065204005191,102003797,102001394,204005191,YES
656,657,214,1070000000000,1070101932051,1070211739081,101932051,109807030,211739081,YES
656,657,215,1075000000000,1075103279124,1075214463935,103279124,111184811,214463935,YES
656,657,216,1080000000000,1080107379485,1080218402294,107379485,111022809,218402294,YES
656,657,217,1085000000000,1085105289096,1085214219776,105289096,108930680,214219776,YES
656,657,218,1090000000000,1090102537201,1090210943307,102537201,108406106,210943307,YES
656,657,219,1095000000000,1095101762298,1095204638304,101762298,102876006,204638304,YES
656,657,220,1100000000000,1100104931567,1100215834752,104931567,110903185,215834752,YES
656,657,221,1105000000000,1105047627788,1105094504217,47627788,46876429,94504217,YES
656,657,222,1110000000000,1110046864788,1110093728300,46864788,46863512,93728300,YES
656,657,223,1115000000000,1115046827678,1115093654140,46827678,46826462,93654140,YES
656,657,224,1120000000000,1120046833562,1120093665972,46833562,46832410,93665972,YES
656,657,225,1125000000000,1125046848782,1125093696483,46848782,46847701,93696483,YES
656,657,226,1130000000000,1130098404851,1130196806739,98404851,98401888,196806739,YES
656,657,227,1135000000000,1135098333650,1135196664539,98333650,98330889,196664539,YES
656,657,228,1140000000000,1140098274582,1140196546619,98274582,98272037,196546619,YES
656,657,229,1145000000000,1145098227778,1145196453235,98227778,98225457,196453235,YES
656,657,230,1150000000000,1150098193330,1150204967387,98193330,106774057,204967387,YES
656,657,231,1155000000000,1155098171319,1155197462903,98171319,99291584,197462903,YES
656,657,232,1160000000000,1160098161808,1160201493532,98161808,103331724,201493532,YES
656,657,233,1165000000000,1165098164825,1165196328382,98164825,98163557,196328382,YES
656,657,234,1170000000000,1170098464956,1170196644335,98464956,98179379,196644335,YES
656,657,235,1175000000000,1175098932015,1175197139674,98932015,98207659,197139674,YES
656,657,236,1180000000000,1180098248668,1180196496963,98248668,98248295,196496963,YES
656,657,237,1185000000000,1185098301152,1185203610913,98301152,105309761,203610913,YES
656,657,238,1190000000000,1190094809248,1190189618666,94809248,94809418,189618666,YES
656,657,239,1195000000000,1195101472597,1195200954897,101472597,99482300,200954897,YES
657,658,0,0,66387784,132773425,66387784,66385641,132773425,YES
657,658,1,5000000000,5066333662,5132665306,66333662,66331644,132665306,YES
657,658,2,10000000000,10066289167,10132576447,66289167,66287280,132576447,YES
657,658,3,15000000000,15066284267,15132536960,66284267,66252693,132536960,YES
657,658,4,20000000000,20069887869,20140701011,69887869,70813142,140701011,YES
657,658,5,25000000000,25092304954,25162038555,92304954,69733601,162038555,YES
657,658,6,30000000000,30178470134,30248059244,178470134,69589110,248059244,YES
657,658,7,35000000000,35069461335,35138921406,69461335,69460071,138921406,YES
657,658,8,40000000000,40069339791,40138678510,69339791,69338719,138678510,YES
657,658,9,45000000000,45069229412,45138457952,69229412,69228540,138457952,YES
657,658,10,50000000000,50069130677,50138260686,69130677,69130009,138260686,YES
657,658,11,55000000000,55069044021,55140250501,69044021,71206480,140250501,YES
657,658,12,60000000000,60068969841,60138224706,68969841,69254865,138224706,YES
657,658,13,65000000000,65068908459,65137816887,68908459,68908428,137816887,YES
657,658,14,70000000000,70102866237,70171726284,102866237,68860047,171726284,YES
657,658,15,75000000000,75070880277,75139672163,70880277,68791886,139672163,YES
657,658,16,80000000000,80074904844,80143675297,74904844,68770453,143675297,YES
657,658,17,85000000000,85134870262,85203632757,134870262,68762495,203632757,YES
657,658,18,90000000000,90068767045,90137535052,68767045,68768007,137535052,YES
657,658,19,95000000000,95068785750,95137572635,68785750,68786885,137572635,YES
657,658,20,100000000000,100027357552,100054714925,27357552,27357373,54714925,YES
657,658,21,105000000000,105047581016,105095161241,47581016,47580225,95161241,YES
657,658,22,110000000000,110047483946,110094967210,47483946,47483264,94967210,YES
657,658,23,115000000000,115053430880,115100828255,53430880,47397375,100828255,YES
657,658,24,120000000000,120053200885,120100548320,53200885,47347435,100548320,YES
657,658,25,125000000000,125051183758,125098527302,51183758,47343544,98527302,YES
657,658,26,130000000000,130047213699,130094427200,47213699,47213501,94427200,YES
657,658,27,135000000000,135047178615,135094357163,47178615,47178548,94357163,YES
657,658,28,140000000000,140047633096,140094790621,47633096,47157525,94790621,YES
657,658,29,145000000000,145047150531,145094301257,47150531,47150726,94301257,YES
657,658,30,150000000000,150047157985,150094316293,47157985,47158308,94316293,YES
657,658,31,155000000000,155047179841,155094360131,47179841,47180290,94360131,YES
657,658,32,160000000000,160047215985,160094432544,47215985,47216559,94432544,YES
657,658,33,165000000000,165047266164,165094533023,47266164,47266859,94533023,YES
657,658,34,170000000000,170047330001,170094660813,47330001,47330812,94660813,YES
657,658,35,175000000000,175047407010,175094814940,47407010,47407930,94814940,YES
657,658,36,180000000000,180047496616,180094994258,47496616,47497642,94994258,YES
657,658,37,185000000000,185047598184,185097121965,47598184,49523781,97121965,YES
657,658,38,190000000000,190047711035,190095423285,47711035,47712250,95423285,YES
657,658,39,195000000000,195047834463,195095670239,47834463,47835776,95670239,YES
657,658,40,200000000000,200049479677,200097448875,49479677,47969198,97448875,YES
657,658,41,205000000000,205048110241,205096221967,48110241,48111726,96221967,YES
657,658,42,210000000000,210048261226,210096524008,48261226,48262782,96524008,YES
657,658,43,215000000000,215049203863,215097582224,49203863,48378361,97582224,YES
657,658,44,220000000000,220048509197,220101094148,48509197,52584951,101094148,YES
657,658,45,225000000000,225014434145,225028867868,14434145,14433723,28867868,YES
657,658,46,230000000000,230074958481,230148620187,74958481,73661706,148620187,YES
657,658,47,235000000000,235068556664,235135008754,68556664,66452090,135008754,YES
657,658,48,240000000000,240080462529,240146839312,80462529,66376783,146839312,YES
657,658,49,245000000000,245080050856,245146362041,80050856,66311185,146362041,YES
657,658,50,250000000000,250066257323,250132512625,66257323,66255302,132512625,YES
657,658,51,255000000000,255066210839,255132419781,66210839,66208942,132419781,YES
657,658,52,260000000000,260066174127,260137312882,66174127,71138755,137312882,YES
657,658,53,265000000000,265066147285,265135016197,66147285,68868912,135016197,YES
657,658,54,270000000000,270066151702,270132983230,66151702,66831528,132983230,YES
657,658,55,275000000000,275070053901,275139869671,70053901,69815770,139869671,YES
657,658,56,280000000000,280071527313,280141210333,71527313,69683020,141210333,YES
657,658,57,285000000000,285069561668,285139122180,69561668,69560512,139122180,YES
657,658,58,290000000000,290118086294,290190315254,118086294,72228960,190315254,YES
657,658,59,295000000000,295140241500,295209587960,140241500,69346460,209587960,YES
657,658,60,300000000000,300077946747,300147205169,77946747,69258422,147205169,YES
657,658,61,305000000000,305069181615,305138362861,69181615,69181246,138362861,YES
657,658,62,310000000000,310069116375,310138232589,69116375,69116214,138232589,YES
657,658,63,315000000000,315018910667,315037821224,18910667,18910557,37821224,YES
657,658,64,320000000000,320018786227,320037987746,18786227,19201519,37987746,YES
657,658,65,325000000000,325018705053,325037410089,18705053,18705036,37410089,YES
657,658,66,330000000000,330047712777,330096417407,47712777,48704630,96417407,YES
657,658,67,335000000000,335047598699,335095196517,47598699,47597818,95196517,YES
657,658,68,340000000000,340055740386,340103243902,55740386,47503516,103243902,YES
657,658,69,345000000000,345047401894,345094803130,47401894,47401236,94803130,YES
657,658,70,350000000000,350047320550,350097011527,47320550,49690977,97011527,YES
657,658,71,355000000000,355047251464,355094502513,47251464,47251049,94502513,YES
657,658,72,360000000000,360047195250,360094390215,47195250,47194965,94390215,YES
657,658,73,365000000000,365047152456,365094304756,47152456,47152300,94304756,YES
657,658,74,370000000000,370054456309,370101579787,54456309,47123478,101579787,YES
657,658,75,375000000000,375050479712,375097627045,50479712,47147333,97627045,YES
657,658,76,380000000000,380047108537,380094217321,47108537,47108784,94217321,YES
657,658,77,385000000000,385047122770,385094245919,47122770,47123149,94245919,YES
657,658,78,390000000000,390047151446,390094303402,47151446,47151956,94303402,YES
657,658,79,395000000000,395047194369,395094389372,47194369,47195003,94389372,YES
657,658,80,400000000000,400047251202,400094503161,47251202,47251959,94503161,YES
657,658,81,405000000000,405047321500,405094643871,47321500,47322371,94643871,YES
657,658,82,410000000000,410047404718,410094810414,47404718,47405696,94810414,YES
657,658,83,415000000000,415047500231,415204090777,47500231,156590546,204090777,YES
657,658,84,420000000000,420047607375,420117345478,47607375,69738103,117345478,YES
657,658,85,425000000000,425047725447,425095452175,47725447,47726728,95452175,YES
657,658,86,430000000000,430047853735,430095708837,47853735,47855102,95708837,YES
657,658,87,435000000000,435047957936,435095917320,47957936,47959384,95917320,YES
657,658,88,440000000000,440048104562,440118894757,48104562,70790195,118894757,YES
657,658,89,445000000000,445048257010,445100658482,48257010,52401472,100658482,YES
657,658,90,450000000000,450069998337,450139997541,69998337,69999204,139997541,YES
657,658,91,455000000000,455070025852,455140052706,70025852,70026854,140052706,YES
657,658,92,460000000000,460067460290,460135601034,67460290,68140744,135601034,YES
657,658,93,465000000000,465066384391,465134485690,66384391,68101299,134485690,YES
657,658,94,470000000000,470071015098,470137322307,71015098,66307209,137322307,YES
657,658,95,475000000000,475068949907,475187453975,68949907,118504068,187453975,YES
657,658,96,480000000000,480066894447,480137387841,66894447,70493394,137387841,YES
657,658,97,485000000000,485066143101,485134838165,66143101,68695064,134838165,YES
657,658,98,490000000000,490066107253,490132212754,66107253,66105501,132212754,YES
657,658,99,495000000000,495066081302,495132160984,66081302,66079682,132160984,YES
657,658,100,500000000000,500067591148,500133654962,67591148,66063814,133654962,YES
657,658,101,505000000000,505066059318,505269101398,66059318,203042080,269101398,YES
657,658,102,510000000000,510069939141,510155703998,69939141,85764857,155703998,YES
657,658,103,515000000000,515069760695,515139520213,69760695,69759518,139520213,YES
657,658,104,520000000000,520069650459,520140283925,69650459,70633466,140283925,YES
657,658,105,525000000000,525069550956,525144297227,69550956,74746271,144297227,YES
657,658,106,530000000000,530080253316,530159028798,80253316,78775482,159028798,YES
657,658,107,535000000000,535019249148,535038491493,19249148,19242345,38491493,YES
657,658,108,540000000000,540019129678,540038259159,19129678,19129481,38259159,YES
657,658,109,545000000000,545018992046,545037983956,18992046,18991910,37983956,YES
657,658,110,550000000000,550018897156,550037794221,18897156,18897065,37794221,YES
657,658,111,555000000000,555047891725,555095782302,47891725,47890577,95782302,YES
657,658,112,560000000000,560047764891,560095528730,47764891,47763839,95528730,YES
657,658,113,565000000000,565047647291,565095293632,47647291,47646341,95293632,YES
657,658,114,570000000000,570047539615,570095078394,47539615,47538779,95078394,YES
657,658,115,575000000000,575047442557,575094884391,47442557,47441834,94884391,YES
657,658,116,580000000000,580047356819,580096547029,47356819,49190210,96547029,YES
657,658,117,585000000000,585047283084,585094565690,47283084,47282606,94565690,YES
657,658,118,590000000000,590047221985,590098568461,47221985,51346476,98568461,YES
657,658,119,595000000000,595047174104,595094347993,47174104,47173889,94347993,YES
657,658,120,600000000000,600047139931,600094279784,47139931,47139853,94279784,YES
657,658,121,605000000000,605047153460,605097938721,47153460,50785261,97938721,YES
657,658,122,610000000000,610047114159,610098236109,47114159,51121950,98236109,YES
657,658,123,615000000000,615047122961,615094246254,47122961,47123293,94246254,YES
657,658,124,620000000000,620047146256,620094292978,47146256,47146722,94292978,YES
657,658,125,625000000000,625047183899,625094368397,47183899,47184498,94368397,YES
657,658,126,630000000000,630047235604,630094471933,47235604,47236329,94471933,YES
657,658,127,635000000000,635047300971,635094602784,47300971,47301813,94602784,YES
657,658,128,640000000000,640047379486,640094759930,47379486,47380444,94759930,YES
657,658,129,645000000000,645047470568,645094942201,47470568,47471633,94942201,YES
657,658,130,650000000000,650047573560,650097699537,47573560,50125977,97699537,YES
657,658,131,655000000000,655047654182,655095309638,47654182,47655456,95309638,YES
657,658,132,660000000000,660047778928,660095559219,47778928,47780291,95559219,YES
657,658,133,665000000000,665050662690,665098577707,50662690,47915017,98577707,YES
657,658,134,670000000000,670018156200,670036313000,18156200,18156800,36313000,YES
657,658,135,675000000000,675069779695,675139561268,69779695,69781573,139561268,YES
657,658,136,680000000000,680069834996,680139670826,69834996,69835830,139670826,YES
657,658,137,685000000000,685070201388,685140059795,70201388,69858407,140059795,YES
657,658,138,690000000000,690069891283,690139783671,69891283,69892388,139783671,YES
657,658,139,695000000000,695096504125,695166461014,96504125,69956889,166461014,YES
657,658,140,700000000000,700066346155,700144061060,66346155,77714905,144061060,YES
657,658,141,705000000000,705066276360,705132550558,66276360,66274198,132550558,YES
657,658,142,710000000000,710066216453,710136608576,66216453,70392123,136608576,YES
657,658,143,715000000000,715066166449,715134519096,66166449,68352647,134519096,YES
657,658,144,720000000000,720066126371,720138408359,66126371,72281988,138408359,YES
657,658,145,725000000000,725070949174,725145933546,70949174,74984372,145933546,YES
657,658,146,730000000000,730066076027,730138518889,66076027,72442862,138518889,YES
657,658,147,735000000000,735068271645,735134336018,68271645,66064373,134336018,YES
657,658,148,740000000000,740067275123,740133339377,67275123,66064254,133339377,YES
657,658,149,745000000000,745066075221,745132149338,66075221,66074117,132149338,YES
657,658,150,750000000000,750066094916,750132188886,66094916,66093970,132188886,YES
657,658,151,755000000000,755070045623,755139856506,70045623,69810883,139856506,YES
657,658,152,760000000000,760069719058,760139437373,69719058,69718315,139437373,YES
657,658,153,765000000000,765070934749,765141483847,70934749,70549098,141483847,YES
657,658,154,770000000000,770069567159,770144695701,69567159,75128542,144695701,YES
657,658,155,775000000000,775079538333,775149013094,79538333,69474761,149013094,YES
657,658,156,780000000000,780078323290,780147751708,78323290,69428418,147751708,YES
657,658,157,785000000000,785069394043,785138788293,69394043,69394250,138788293,YES
657,658,158,790000000000,790019508504,790039016953,19508504,19508449,39016953,YES
657,658,159,795000000000,795048159510,795096317700,48159510,48158190,96317700,YES
657,658,160,800000000000,800048019502,800096037768,48019502,48018266,96037768,YES
657,658,161,805000000000,805047887569,805095774004,47887569,47886435,95774004,YES
657,658,162,810000000000,810047764346,810095527655,47764346,47763309,95527655,YES
657,658,163,815000000000,815047650509,815095300081,47650509,47649572,95300081,YES
657,658,164,820000000000,820047546740,820095092663,47546740,47545923,95092663,YES
657,658,165,825000000000,825051265133,825098718109,51265133,47452976,98718109,YES
657,658,166,830000000000,830047372220,830095428790,47372220,48056570,95428790,YES
657,658,167,835000000000,835047302825,835098582319,47302825,51279494,98582319,YES
657,658,168,840000000000,840047246179,840098520568,47246179,51274389,98520568,YES
657,658,169,845000000000,845047202840,845094405496,47202840,47202656,94405496,YES
657,658,170,850000000000,850259624031,850310320139,259624031,50696108,310320139,YES
657,658,171,855000000000,855087159349,855134317193,87159349,47157844,134317193,YES
657,658,172,860000000000,860047156699,860094313636,47156699,47156937,94313636,YES
657,658,173,865000000000,865047170021,865094806170,47170021,47636149,94806170,YES
657,658,174,870000000000,870047197731,870094395976,47197731,47198245,94395976,YES
657,658,175,875000000000,875047239636,875094479920,47239636,47240284,94479920,YES
657,658,176,880000000000,880047295424,880094591622,47295424,47296198,94591622,YES
657,658,177,885000000000,885047364665,885094730224,47364665,47365559,94730224,YES
657,658,178,890000000000,890047446834,890094894677,47446834,47447843,94894677,YES
657,658,179,895000000000,895071169111,895118678447,71169111,47509336,118678447,YES
657,658,180,900000000000,900049816192,900097431390,49816192,47615198,97431390,YES
657,658,181,905000000000,905017837614,905035675758,17837614,17838144,35675758,YES
657,658,182,910000000000,910069391135,910138782717,69391135,69391582,138782717,YES
657,658,183,915000000000,915069377969,915138756553,69377969,69378584,138756553,YES
657,658,184,920000000000,920069377574,920139794648,69377574,70417074,139794648,YES
657,658,185,925000000000,925069389756,925154368688,69389756,84978932,154368688,YES
657,658,186,930000000000,930069414273,930193058786,69414273,123644513,193058786,YES
657,658,187,935000000000,935069484425,935138970064,69484425,69485639,138970064,YES
657,658,188,940000000000,940071193423,940140727456,71193423,69534033,140727456,YES
657,658,189,945000000000,945069592218,945144212164,69592218,74619946,144212164,YES
657,658,190,950000000000,950069662658,950144055335,69662658,74392677,144055335,YES
657,658,191,955000000000,955066112396,955132222816,66112396,66110420,132222816,YES
657,658,192,960000000000,960066065385,960132128904,66065385,66063519,132128904,YES
657,658,193,965000000000,965066028462,965134769114,66028462,68740652,134769114,YES
657,658,194,970000000000,970073159737,970139159662,73159737,65999925,139159662,YES
657,658,195,975000000000,975073596883,975141103894,73596883,67507011,141103894,YES
657,658,196,980000000000,980065977840,980132975179,65977840,66997339,132975179,YES
657,658,197,985000000000,985065980891,985131960541,65980891,65979650,131960541,YES
657,658,198,990000000000,990065993848,990135485965,65993848,69492117,135485965,YES
657,658,199,995000000000,995065983077,995133419307,65983077,67436230,133419307,YES
657,658,200,1000000000000,1000066015736,1000132030698,66015736,66014962,132030698,YES
657,658,201,1005000000000,1005066058182,1005132115748,66058182,66057566,132115748,YES
657,658,202,1010000000000,1010019560923,1010039121541,19560923,19560618,39121541,YES
657,658,203,1015000000000,1015019440140,1015038880019,19440140,19439879,38880019,YES
657,658,204,1020000000000,1020049101780,1020097520098,49101780,48418318,97520098,YES
657,658,205,1025000000000,1025051761344,1025100031062,51761344,48269718,100031062,YES
657,658,206,1030000000000,1030048129758,1030096258239,48129758,48128481,96258239,YES
657,658,207,1035000000000,1035047996124,1035095991072,47996124,47994948,95991072,YES
657,658,208,1040000000000,1040047870895,1040226134271,47870895,178263376,226134271,YES
657,658,209,1045000000000,1045047754719,1045102179436,47754719,54424717,102179436,YES
657,658,210,1050000000000,1050047648272,1050095295666,47648272,47647394,95295666,YES
657,658,211,1055000000000,1055068163407,1055115714514,68163407,47551107,115714514,YES
657,658,212,1060000000000,1060051589602,1060099056210,51589602,47466608,99056210,YES
657,658,213,1065000000000,1065047394163,1065094787817,47394163,47393654,94787817,YES
657,658,214,1070000000000,1070047333413,1070094666448,47333413,47333035,94666448,YES
657,658,215,1075000000000,1075047285639,1075094571037,47285639,47285398,94571037,YES
657,658,216,1080000000000,1080048822711,1080100462694,48822711,51639983,100462694,YES
657,658,217,1085000000000,1085047230874,1085094461792,47230874,47230918,94461792,YES
657,658,218,1090000000000,1090047224546,1090094449279,47224546,47224733,94449279,YES
657,658,219,1095000000000,1095047232486,1095094465301,47232486,47232815,94465301,YES
657,658,220,1100000000000,1100047254695,1100094509860,47254695,47255165,94509860,YES
657,658,221,1105000000000,1105047291044,1105094582693,47291044,47291649,94582693,YES
657,658,222,1110000000000,1110047341267,1110094683271,47341267,47342004,94683271,YES
657,658,223,1115000000000,1115047371393,1115094743648,47371393,47372255,94743648,YES
657,658,224,1120000000000,1120047448146,1120094897271,47448146,47449125,94897271,YES
657,658,225,1125000000000,1125047537372,1125095187832,47537372,47650460,95187832,YES
657,658,226,1130000000000,1130069228012,1130138456121,69228012,69228109,138456121,YES
657,658,227,1135000000000,1135078600061,1135147786541,78600061,69186480,147786541,YES
657,658,228,1140000000000,1140077993950,1140147152245,77993950,69158295,147152245,YES
657,658,229,1145000000000,1145069142782,1145140877509,69142782,71734727,140877509,YES
657,658,230,1150000000000,1150069140897,1150138282599,69140897,69141702,138282599,YES
657,658,231,1155000000000,1155069152035,1155138305034,69152035,69152999,138305034,YES
657,658,232,1160000000000,1160069175965,1160138797636,69175965,69621671,138797636,YES
657,658,233,1165000000000,1165069212388,1165138426030,69212388,69213642,138426030,YES
657,658,234,1170000000000,1170069260958,1170140463611,69260958,71202653,140463611,YES
657,658,235,1175000000000,1175069354882,1175138711286,69354882,69356404,138711286,YES
657,658,236,1180000000000,1180069426523,1180138854688,69426523,69428165,138854688,YES
657,658,237,1185000000000,1185077309920,1185146820838,77309920,69510918,146820838,YES
657,658,238,1190000000000,1190066048175,1190132094505,66048175,66046330,132094505,YES
657,658,239,1195000000000,1195066158396,1195139766720,66158396,73608324,139766720,YES
658,659,0,0,82478855,164962124,82478855,82483269,164962124,YES
658,659,1,5000000000,5082637815,5165280182,82637815,82642367,165280182,YES
658,659,2,10000000000,10082839721,10165684131,82839721,82844410,165684131,YES
658,659,3,15000000000,15083017361,15166039547,83017361,83022186,166039547,YES
658,659,4,20000000000,20078443572,20156887476,78443572,78443904,156887476,YES
658,659,5,25000000000,25078492046,25156984489,78492046,78492443,156984489,YES
658,659,6,30000000000,30096012160,30174561693,96012160,78549533,174561693,YES
658,659,7,35000000000,35078614149,35157228883,78614149,78614734,157228883,YES
658,659,8,40000000000,40078688232,40157377143,78688232,78688911,157377143,YES
658,659,9,45000000000,-1,-1,-1,-1,-1,LOST
658,659,10,50000000000,50078863339,50165174507,78863339,86311168,165174507,YES
658,659,11,55000000000,55070446134,55140890556,70446134,70444422,140890556,YES
658,659,12,60000000000,60070310908,60140620229,70310908,70309321,140620229,YES
658,659,13,65000000000,65070183727,65140366010,70183727,70182283,140366010,YES
658,659,14,70000000000,70070065207,70140129111,70065207,70063904,140129111,YES
658,659,15,75000000000,75069955983,75139910824,69955983,69954841,139910824,YES
658,659,16,80000000000,80074618547,80144522178,74618547,69903631,144522178,YES
658,659,17,85000000000,85069768003,85139535178,69768003,69767175,139535178,YES
658,659,18,90000000000,90069690526,90139380393,69690526,69689867,139380393,YES
658,659,19,95000000000,95069624865,95139249243,69624865,69624378,139249243,YES
658,659,20,100000000000,100069571581,100139142856,69571581,69571275,139142856,YES
658,659,21,105000000000,105055598853,105111195206,55598853,55596353,111195206,YES
658,659,22,110000000000,110055439161,110110875922,55439161,55436761,110875922,YES
658,659,23,115000000000,115055324741,115111436843,55324741,56112102,111436843,YES
658,659,24,120000000000,120055189013,120111046311,55189013,55857298,111046311,YES
658,659,25,125000000000,125055066121,125111039398,55066121,55973277,111039398,YES
658,659,26,130000000000,130054956519,130109911145,54956519,54954626,109911145,YES
658,659,27,135000000000,135054860525,135109719302,54860525,54858777,109719302,YES
658,659,28,140000000000,140054778361,140109555120,54778361,54776759,109555120,YES
658,659,29,145000000000,145054710098,145109418746,54710098,54708648,109418746,YES
658,659,30,150000000000,150054655669,150109310046,54655669,54654377,109310046,YES
658,659,31,155000000000,155054614894,155109228652,54614894,54613758,109228652,YES
658,659,32,160000000000,160054587449,160109173917,54587449,54586468,109173917,YES
658,659,33,165000000000,165054572900,165109144976,54572900,54572076,109144976,YES
658,659,34,170000000000,170054570729,170109140784,54570729,54570055,109140784,YES
658,659,35,175000000000,175054580329,175109160132,54580329,54579803,109160132,YES
658,659,36,180000000000,180054601050,180109201713,54601050,54600663,109201713,YES
658,659,37,185000000000,185054632190,185109264128,54632190,54631938,109264128,YES
658,659,38,190000000000,190054673048,190109345967,54673048,54672919,109345967,YES
658,659,39,195000000000,195054722914,195109445814,54722914,54722900,109445814,YES
658,659,40,200000000000,200086220770,200165163601,86220770,78942831,165163601,YES
658,659,41,205000000000,205078960132,205157922642,78960132,78962510,157922642,YES
658,659,42,210000000000,210078988880,210159233237,78988880,80244357,159233237,YES
658,659,43,215000000000,215080138289,215159152206,80138289,79013917,159152206,YES
658,659,44,220000000000,220079026461,220158035610,79026461,79009149,158035610,YES
658,659,45,225000000000,225079011564,225158024988,79011564,79013424,158024988,YES
658,659,46,230000000000,230086221633,230168439297,86221633,82217664,168439297,YES
658,659,47,235000000000,235082351704,235164707435,82351704,82355731,164707435,YES
658,659,48,240000000000,240082500168,240165004535,82500168,82504367,165004535,YES
658,659,49,245000000000,245082659166,245167290567,82659166,84631401,167290567,YES
658,659,50,250000000000,250082828708,250165661922,82828708,82833214,165661922,YES
658,659,51,255000000000,255083042343,255166089345,83042343,83047002,166089345,YES
658,659,52,260000000000,260083232780,260166470356,83232780,83237576,166470356,YES
658,659,53,265000000000,265083433455,265166871845,83433455,83438390,166871845,YES
658,659,54,270000000000,270083644156,270167293386,83644156,83649230,167293386,YES
658,659,55,275000000000,275079105233,275158210985,79105233,79105752,158210985,YES
658,659,56,280000000000,280079419256,280158607721,79419256,79188465,158607721,YES
658,659,57,285000000000,285079279264,285158559242,79279264,79279978,158559242,YES
658,659,58,290000000000,290079379514,290158759839,79379514,79380325,158759839,YES
658,659,59,295000000000,295079488573,295158978055,79488573,79489482,158978055,YES
658,659,60,300000000000,300079606423,300159213877,79606423,79607454,159213877,YES
658,659,61,305000000000,305070498743,305140995916,70498743,70497173,140995916,YES
658,659,62,310000000000,310070369174,310140736887,70369174,70367713,140736887,YES
658,659,63,315000000000,315056917140,315113831357,56917140,56914217,113831357,YES
658,659,64,320000000000,320057901113,320114597774,57901113,56696661,114597774,YES
658,659,65,325000000000,325056489251,325112975745,56489251,56486494,112975745,YES
658,659,66,330000000000,330056286924,330112571175,56286924,56284251,112571175,YES
658,659,67,335000000000,335056093308,335112184048,56093308,56090740,112184048,YES
658,659,68,340000000000,340055909179,340111815889,55909179,55906710,111815889,YES
658,659,69,345000000000,345055735289,345111468222,55735289,55732933,111468222,YES
658,659,70,350000000000,350056034742,350111638525,56034742,55603783,111638525,YES
658,659,71,355000000000,355055454963,355110907822,55454963,55452859,110907822,YES
658,659,72,360000000000,360055316378,360110630781,55316378,55314403,110630781,YES
658,659,73,365000000000,365055190907,365110379980,55190907,55189073,110379980,YES
658,659,74,370000000000,370055079076,370111116276,55079076,56037200,111116276,YES
658,659,75,375000000000,375054981282,375109961025,54981282,54979743,109961025,YES
658,659,76,380000000000,380054897781,380109794181,54897781,54896400,109794181,YES
658,659,77,385000000000,385054828671,385109656116,54828671,54827445,109656116,YES
658,659,78,390000000000,390054773882,390109546696,54773882,54772814,109546696,YES
658,659,79,395000000000,395054733191,395109465467,54733191,54732276,109465467,YES
658,659,80,400000000000,400054706225,400109411685,54706225,54705460,109411685,YES
658,659,81,405000000000,405058405715,405113097584,58405715,54691869,113097584,YES
658,659,82,410000000000,410058626182,410113317088,58626182,54690906,113317088,YES
658,659,83,415000000000,415054702215,415109404093,54702215,54701878,109404093,YES
658,659,84,420000000000,420054724280,420109448352,54724280,54724072,109448352,YES
658,659,85,425000000000,425054756824,425109513555,54756824,54756731,109513555,YES
658,659,86,430000000000,430054799081,430109598179,54799081,54799098,109598179,YES
658,659,87,435000000000,435054850309,435109700735,54850309,54850426,109700735,YES
658,659,88,440000000000,440078841430,440157685273,78841430,78843843,157685273,YES
658,659,89,445000000000,445078866835,445157735234,78866835,78868399,157735234,YES
658,659,90,450000000000,450081949788,450163903001,81949788,81953213,163903001,YES
658,659,91,455000000000,455082060265,455164124127,82060265,82063862,164124127,YES
658,659,92,460000000000,460082181293,460164366361,82181293,82185068,164366361,YES
658,659,93,465000000000,465082313066,465164630100,82313066,82317034,164630100,YES
658,659,94,470000000000,470082455767,470164915672,82455767,82459905,164915672,YES
658,659,95,475000000000,475083805585,475166419423,83805585,82613838,166419423,YES
658,659,96,480000000000,480082774307,480165553080,82774307,82778773,165553080,YES
658,659,97,485000000000,485082950192,485165905011,82950192,82954819,165905011,YES
658,659,98,490000000000,490083137078,490166278930,83137078,83141852,166278930,YES
658,659,99,495000000000,495083334832,495166674576,83334832,83339744,166674576,YES
658,659,100,500000000000,500083543240,500167091540,83543240,83548300,167091540,YES
658,659,101,505000000000,505194165682,505287771754,194165682,93606072,287771754,YES
658,659,102,510000000000,510104734381,510195943650,104734381,91209269,195943650,YES
658,659,103,515000000000,515079421228,515158843200,79421228,79421972,158843200,YES
658,659,104,520000000000,520079522679,520159046195,79522679,79523516,159046195,YES
658,659,105,525000000000,525079666837,525159334626,79666837,79667789,159334626,YES
658,659,106,530000000000,530081171167,530160958682,81171167,79787515,160958682,YES
658,659,107,535000000000,535089717812,535179807821,89717812,90090009,179807821,YES
658,659,108,540000000000,540087700197,540177689702,87700197,89989505,177689702,YES
658,659,109,545000000000,545056946052,545113889171,56946052,56943119,113889171,YES
658,659,110,550000000000,550056727575,550113452300,56727575,56724725,113452300,YES
658,659,111,555000000000,555056516132,555113029494,56516132,56513362,113029494,YES
658,659,112,560000000000,560056312386,560112622083,56312386,56309697,112622083,YES
658,659,113,565000000000,565056117049,565112231500,56117049,56114451,112231500,YES
658,659,114,570000000000,570055930816,570111859139,55930816,55928323,111859139,YES
658,659,115,575000000000,575055754440,575111506495,55754440,55752055,111506495,YES
658,659,116,580000000000,580055588668,580111175062,55588668,55586394,111175062,YES
658,659,117,585000000000,585055467817,585110933491,55467817,55465674,110933491,YES
658,659,118,590000000000,590055325377,590110648734,55325377,55323357,110648734,YES
658,659,119,595000000000,595055195563,595110389243,55195563,55193680,110389243,YES
658,659,120,600000000000,600055078916,600110156086,55078916,55077170,110156086,YES
658,659,121,605000000000,605054975859,605109950122,54975859,54974263,109950122,YES
658,659,122,610000000000,610054886676,610109771902,54886676,54885226,109771902,YES
658,659,123,615000000000,615054811523,615109621749,54811523,54810226,109621749,YES
658,659,124,620000000000,620054750401,620109499654,54750401,54749253,109499654,YES
658,659,125,625000000000,625054703157,625109405322,54703157,54702165,109405322,YES
658,659,126,630000000000,630054669502,630109338161,54669502,54668659,109338161,YES
658,659,127,635000000000,635054649018,635109297339,54649018,54648321,109297339,YES
658,659,128,640000000000,640057690361,640112330985,57690361,54640624,112330985,YES
658,659,129,645000000000,645054645381,645109290342,54645381,54644961,109290342,YES
658,659,130,650000000000,650056777154,650221768145,56777154,164990991,221768145,YES
658,659,131,655000000000,655054687206,655111218232,54687206,56531026,111218232,YES
658,659,132,660000000000,660054723402,660109446752,54723402,54723350,109446752,YES
658,659,133,665000000000,665054768839,665109537728,54768839,54768889,109537728,YES
658,659,134,670000000000,670062052657,670122948745,62052657,60896088,122948745,YES
658,659,135,675000000000,675084259617,675165935576,84259617,81675959,165935576,YES
658,659,136,680000000000,680081786673,680163576661,81786673,81789988,163576661,YES
658,659,137,685000000000,685081876334,685163756169,81876334,81879835,163756169,YES
658,659,138,690000000000,690081975645,690163954974,81975645,81979329,163954974,YES
658,659,139,695000000000,695082610751,695188347686,82610751,105736935,188347686,YES
658,659,140,700000000000,700086546445,700168754674,86546445,82208229,168754674,YES
658,659,141,705000000000,705082333572,705164671375,82333572,82337803,164671375,YES
658,659,142,710000000000,710082473495,710164951386,82473495,82477891,164951386,YES
658,659,143,715000000000,715082623959,715165252473,82623959,82628514,165252473,YES
658,659,144,720000000000,720082785063,720165574837,82785063,82789774,165574837,YES
658,659,145,725000000000,725082956868,725165918607,82956868,82961739,165918607,YES
658,659,146,730000000000,730083139389,730166283782,83139389,83144393,166283782,YES
658,659,147,735000000000,735083332594,735166670320,83332594,83337726,166670320,YES
658,659,148,740000000000,740083536387,740169275091,83536387,85738704,169275091,YES
658,659,149,745000000000,745083750593,745167506563,83750593,83755970,167506563,YES
658,659,150,750000000000,750083974983,750167955455,83974983,83980472,167955455,YES
658,659,151,755000000000,755079394786,755158790547,79394786,79395761,158790547,YES
658,659,152,760000000000,760079494516,760163073509,79494516,83578993,163073509,YES
658,659,153,765000000000,765079604350,765159209894,79604350,79605544,159209894,YES
658,659,154,770000000000,770079724202,770159449721,79724202,79725519,159449721,YES
658,659,155,775000000000,775079853957,775159709360,79853957,79855403,159709360,YES
658,659,156,780000000000,780079993458,780159988484,79993458,79995026,159988484,YES
658,659,157,785000000000,785080142514,785160286756,80142514,80144242,160286756,YES
658,659,158,790000000000,790056475635,790112948352,56475635,56472717,112948352,YES
658,659,159,795000000000,795056269573,795112536310,56269573,56266737,112536310,YES
658,659,160,800000000000,800056071273,800112139777,56071273,56068504,112139777,YES
658,659,161,805000000000,805055881341,805111759993,55881341,55878652,111759993,YES
658,659,162,810000000000,810055700425,810111398261,55700425,55697836,111398261,YES
658,659,163,815000000000,815055529164,815111055819,55529164,55526655,111055819,YES
658,659,164,820000000000,820055368169,820110733931,55368169,55365762,110733931,YES
658,659,165,825000000000,825055218042,825110433781,55218042,55215739,110433781,YES
658,659,166,830000000000,830057570008,830112680682,57570008,55110674,112680682,YES
658,659,167,835000000000,835055238993,835110223024,55238993,54984031,110223024,YES
658,659,168,840000000000,840054871600,840109741260,54871600,54869660,109741260,YES
658,659,169,845000000000,845054769719,845109537629,54769719,54767910,109537629,YES
658,659,170,850000000000,850054680687,850109359699,54680687,54679012,109359699,YES
658,659,171,855000000000,855054604626,855109207712,54604626,54603086,109207712,YES
658,659,172,860000000000,860054541529,860109081661,54541529,54540132,109081661,YES
658,659,173,865000000000,865054491294,865108981339,54491294,54490045,108981339,YES
658,659,174,870000000000,870054453721,870109308824,54453721,54855103,109308824,YES
658,659,175,875000000000,875054428497,875108856034,54428497,54427537,108856034,YES
658,659,176,880000000000,880054415237,880108829654,54415237,54414417,108829654,YES
658,659,177,885000000000,885054413470,885108826259,54413470,54412789,108826259,YES
658,659,178,890000000000,890054422673,890108844802,54422673,54422129,108844802,YES
658,659,179,895000000000,895054442271,895108884138,54442271,54441867,108884138,YES
658,659,180,900000000000,900078872084,900157745828,78872084,78873744,157745828,YES
658,659,181,905000000000,905083800926,905165529110,83800926,81728184,165529110,YES
658,659,182,910000000000,910081779948,910163562464,81779948,81782516,163562464,YES
658,659,183,915000000000,915081843487,915163689742,81843487,81846255,163689742,YES
658,659,184,920000000000,920081916847,920163836659,81916847,81919812,163836659,YES
658,659,185,925000000000,925082000434,925164004025,82000434,82003591,164004025,YES
658,659,186,930000000000,930082094638,930164192628,82094638,82097990,164192628,YES
658,659,187,935000000000,935082233388,935164470339,82233388,82236951,164470339,YES
658,659,188,940000000000,940082349809,940164703381,82349809,82353572,164703381,YES
658,659,189,945000000000,945082477750,945181414734,82477750,98936984,181414734,YES
658,659,190,950000000000,950082617417,950165238982,82617417,82621565,165238982,YES
658,659,191,955000000000,955082768956,955165542243,82768956,82773287,165542243,YES
658,659,192,960000000000,960082932435,960165869381,82932435,82936946,165869381,YES
658,659,193,965000000000,965083107871,965166220414,83107871,83112543,166220414,YES
658,659,194,970000000000,970083295187,970166595217,83295187,83300030,166595217,YES
658,659,195,975000000000,975083494214,975166993424,83494214,83499210,166993424,YES
658,659,196,980000000000,980083704709,980167414554,83704709,83709845,167414554,YES
658,659,197,985000000000,985083926348,985167857966,83926348,83931618,167857966,YES
658,659,198,990000000000,990084158700,990168322800,84158700,84164100,168322800,YES
658,659,199,995000000000,995084401300,995168808127,84401300,84406827,168808127,YES
658,659,200,1000000000000,1000084653605,1000169312850,84653605,84659245,169312850,YES
658,659,201,1005000000000,1005084915050,1005169835840,84915050,84920790,169835840,YES
658,659,202,1010000000000,1010084631340,1010169259917,84631340,84628577,169259917,YES
658,659,203,1015000000000,1015090959880,1015185699739,90959880,94739859,185699739,YES
658,659,204,1020000000000,1020088184144,1020172754789,88184144,84570645,172754789,YES
658,659,205,1025000000000,1025086733692,1025176762389,86733692,90028697,176762389,YES
658,659,206,1030000000000,1030084515962,1030172888957,84515962,88372995,172888957,YES
658,659,207,1035000000000,1035056586013,1035113169298,56586013,56583285,113169298,YES
658,659,208,1040000000000,1040169172499,1040225554527,169172499,56382028,225554527,YES
658,659,209,1045000000000,1045056200196,1045112397833,56200196,56197637,112397833,YES
658,659,210,1050000000000,1050056020095,1050112037723,56020095,56017628,112037723,YES
658,659,211,1055000000000,1055055849345,1055111696332,55849345,55846987,111696332,YES
658,659,212,1060000000000,1060055688557,1060111374863,55688557,55686306,111374863,YES
658,659,213,1065000000000,1065055538312,1065111074497,55538312,55536185,111074497,YES
658,659,214,1070000000000,1070055399162,1070110796312,55399162,55397150,110796312,YES
658,659,215,1075000000000,1075055271604,1075110541324,55271604,55269720,110541324,YES
658,659,216,1080000000000,1080055156066,1080110310376,55156066,55154310,110310376,YES
658,659,217,1085000000000,1085055052895,1085110104172,55052895,55051277,110104172,YES
658,659,218,1090000000000,1090054962339,1090109923194,54962339,54960855,109923194,YES
658,659,219,1095000000000,1095054884532,1095109767725,54884532,54883193,109767725,YES
658,659,220,1100000000000,1100054853113,1100109705027,54853113,54851914,109705027,YES
658,659,221,1105000000000,1105054800797,1105109600537,54800797,54799740,109600537,YES
658,659,222,1110000000000,1110054760993,1110109521069,54760993,54760076,109521069,YES
658,659,223,1115000000000,1115054733404,1115109466030,54733404,54732626,109466030,YES
658,659,224,1120000000000,1120054717651,1120109434660,54717651,54717009,109434660,YES
658,659,225,1125000000000,1125054713277,1125109426038,54713277,54712761,109426038,YES
658,659,226,1130000000000,1130060727841,1130121454815,60727841,60726974,121454815,YES
658,659,227,1135000000000,1135067792606,1135128734333,67792606,60941727,128734333,YES
658,659,228,1140000000000,1140069901829,1140131546474,69901829,61644645,131546474,YES
658,659,229,1145000000000,1145081846473,1145163695573,81846473,81849100,163695573,YES
658,659,230,1150000000000,1150081903828,1150163810487,81903828,81906659,163810487,YES
658,659,231,1155000000000,1155081970449,1155163943944,81970449,81973495,163943944,YES
658,659,232,1160000000000,1160085626951,1160167676930,85626951,82049979,167676930,YES
658,659,233,1165000000000,1165082132808,1165164269058,82132808,82136250,164269058,YES
658,659,234,1170000000000,1170083109591,1170165359030,83109591,82249439,165359030,YES
658,659,235,1175000000000,1175082369403,1175164742671,82369403,82373268,164742671,YES
658,659,236,1180000000000,1180082486711,1180164977483,82486711,82490772,164977483,YES
658,659,237,1185000000000,1185082614799,1185165233850,82614799,82619051,165233850,YES
658,659,238,1190000000000,1190082753801,1190165512044,82753801,82758243,165512044,YES
658,659,239,1195000000000,1195082903824,1195165812263,82903824,82908439,165812263,YES
659,660,0,0,74402313,148803424,74402313,74401111,148803424,YES
659,660,1,5000000000,5074268388,5148535734,74268388,74267346,148535734,YES
659,660,2,10000000000,10074175707,10151700657,74175707,77524950,151700657,YES
659,660,3,15000000000,15074057440,15149591594,74057440,75534154,149591594,YES
659,660,4,20000000000,20073947546,20147894574,73947546,73947028,147894574,YES
659,660,5,25000000000,25073846382,25147692418,73846382,73846036,147692418,YES
659,660,6,30000000000,30073754273,30164911299,73754273,91157026,164911299,YES
659,660,7,35000000000,35073671537,35147343078,73671537,73671541,147343078,YES
659,660,8,40000000000,40073598464,40147197107,73598464,73598643,147197107,YES
659,660,9,45000000000,45310210011,45383742960,310210011,73532949,383742960,YES
659,660,10,50000000000,50084079435,50157692570,84079435,73613135,157692570,YES
659,660,11,55000000000,55071741989,55143480723,71741989,71738734,143480723,YES
659,660,12,60000000000,60071499719,60142996278,71499719,71496559,142996278,YES
659,660,13,65000000000,65071265564,65142528061,71265564,71262497,142528061,YES
659,660,14,70000000000,70071040249,70142077557,71040249,71037308,142077557,YES
659,660,15,75000000000,75070824530,75141646249,70824530,70821719,141646249,YES
659,660,16,80000000000,80070619154,80146005109,70619154,75385955,146005109,YES
659,660,17,85000000000,85070424843,85140847150,70424843,70422307,140847150,YES
659,660,18,90000000000,90070242309,90140482234,70242309,70239925,140482234,YES
659,660,19,95000000000,95070072182,95140142147,70072182,70069965,140142147,YES
659,660,20,100000000000,100069915017,100139828001,69915017,69912984,139828001,YES
659,660,21,105000000000,105065559853,105131118938,65559853,65559085,131118938,YES
659,660,22,110000000000,110065521863,110131043134,65521863,65521271,131043134,YES
659,660,23,115000000000,115065531853,115131063304,65531853,65531451,131063304,YES
659,660,24,120000000000,120065522896,120131045578,65522896,65522682,131045578,YES
659,660,25,125000000000,125065528707,125131057396,65528707,65528689,131057396,YES
659,660,26,130000000000,130065549233,130131098644,65549233,65549411,131098644,YES
659,660,27,135000000000,135065584255,135131168880,65584255,65584625,131168880,YES
659,660,28,140000000000,140065633398,140131267352,65633398,65633954,131267352,YES
659,660,29,145000000000,145065696154,145131393046,65696154,65696892,131393046,YES
659,660,30,150000000000,150065771911,150131544737,65771911,65772826,131544737,YES
659,660,31,155000000000,155065859966,155145430065,65859966,79570099,145430065,YES
659,660,32,160000000000,160065959575,160131920384,65959575,65960809,131920384,YES
659,660,33,165000000000,165066069954,165132141309,66069954,66071355,132141309,YES
659,660,34,170000000000,170066190316,170132382171,66190316,66191855,132382171,YES
659,660,35,175000000000,175066319893,175132641454,66319893,66321561,132641454,YES
659,660,36,180000000000,180066457957,180132917681,66457957,66459724,132917681,YES
659,660,37,185000000000,185066603768,185133209410,66603768,66605642,133209410,YES
659,660,38,190000000000,190066756680,190133515343,66756680,66758663,133515343,YES
659,660,39,195000000000,195066916068,195133834210,66916068,66918142,133834210,YES
659,660,40,200000000000,200077912341,200155824247,77912341,77911906,155824247,YES
659,660,41,205000000000,205078096136,205160924301,78096136,82828165,160924301,YES
659,660,42,210000000000,210078218121,210156436072,78218121,78217951,156436072,YES
659,660,43,215000000000,215078379171,215156758282,78379171,78379111,156758282,YES
659,660,44,220000000000,220078545792,220157091670,78545792,78545878,157091670,YES
659,660,45,225000000000,225074477597,225148953703,74477597,74476106,148953703,YES
659,660,46,230000000000,230074330928,230150335200,74330928,76004272,150335200,YES
659,660,47,235000000000,235074191657,235149775797,74191657,75584140,149775797,YES
659,660,48,240000000000,240074060206,240148119418,74060206,74059212,148119418,YES
659,660,49,245000000000,245073937000,245147873197,73937000,73936197,147873197,YES
659,660,50,250000000000,250073822432,250147644246,73822432,73821814,147644246,YES
659,660,51,255000000000,255073750494,255147500552,73750494,73750058,147500552,YES
659,660,52,260000000000,260076403951,260150057990,76403951,73654039,150057990,YES
659,660,53,265000000000,265076035334,265149603124,76035334,73567790,149603124,YES
659,660,54,270000000000,270076586013,270150077563,76586013,73491550,150077563,YES
659,660,55,275000000000,275073425297,275146850911,73425297,73425614,146850911,YES
659,660,56,280000000000,280073369647,280146739794,73369647,73370147,146739794,YES
659,660,57,285000000000,-1,-1,-1,-1,-1,LOST
659,660,58,290000000000,290073290664,290148401274,73290664,75110610,148401274,YES
659,660,59,295000000000,295073267667,295146536351,73267667,73268684,146536351,YES
659,660,60,300000000000,300074750682,300148007707,74750682,73257025,148007707,YES
659,660,61,305000000000,305071366583,305142729937,71366583,71363354,142729937,YES
659,660,62,310000000000,310071143950,310142284791,71143950,71140841,142284791,YES
659,660,63,315000000000,315070930869,315141858733,70930869,70927864,141858733,YES
659,660,64,320000000000,320071691379,320142416406,71691379,70725027,142416406,YES
659,660,65,325000000000,325070535851,325141068946,70535851,70533095,141068946,YES
659,660,66,330000000000,330070355114,330140707603,70355114,70352489,140707603,YES
659,660,67,335000000000,335070186244,335140370005,70186244,70183761,140370005,YES
659,660,68,340000000000,340070029687,340140057054,70029687,70027367,140057054,YES
659,660,69,345000000000,345065677984,345131354916,65677984,65676932,131354916,YES
659,660,70,350000000000,350065650814,350131300740,65650814,65649926,131300740,YES
659,660,71,355000000000,355065754102,355131376154,65754102,65622052,131376154,YES
659,660,72,360000000000,360065570329,360131140132,65570329,65569803,131140132,YES
659,660,73,365000000000,365065551505,365131102671,65551505,65551166,131102671,YES
659,660,74,370000000000,370065550473,370131097638,65550473,65547165,131097638,YES
659,660,75,375000000000,375065557817,375131115683,65557817,65557866,131115683,YES
659,660,76,380000000000,380065582917,380131166077,65582917,65583160,131166077,YES
659,660,77,385000000000,385065622359,385131245152,65622359,65622793,131245152,YES
659,660,78,390000000000,390065675726,390131352077,65675726,65676351,131352077,YES
659,660,79,395000000000,395065742493,395131485790,65742493,65743297,131485790,YES
659,660,80,400000000000,400065822018,400131645013,65822018,65822995,131645013,YES
659,660,81,405000000000,405065913597,405135367386,65913597,69453789,135367386,YES
659,660,82,410000000000,410066016474,410136766449,66016474,70749975,136766449,YES
659,660,83,415000000000,415066129874,415132261206,66129874,66131332,132261206,YES
659,660,84,420000000000,420066253019,420132507631,66253019,66254612,132507631,YES
659,660,85,425000000000,425066418748,425132839209,66418748,66420461,132839209,YES
659,660,86,430000000000,430066559147,430133120106,66559147,66560959,133120106,YES
659,660,87,435000000000,435066707095,435133416119,66707095,66709024,133416119,YES
659,660,88,440000000000,440078030448,440156060566,78030448,78030118,156060566,YES
659,660,89,445000000000,445078179146,445156358100,78179146,78178954,156358100,YES
659,660,90,450000000000,450078334187,450156668312,78334187,78334125,156668312,YES
659,660,91,455000000000,455078495664,455156991408,78495664,78495744,156991408,YES
659,660,92,460000000000,460078663692,460157327626,78663692,78663934,157327626,YES
659,660,93,465000000000,465074130480,465148259676,74130480,74129196,148259676,YES
659,660,94,470000000000,470073995882,470151915679,73995882,77919797,151915679,YES
659,660,95,475000000000,475073869724,475155804050,73869724,81934326,155804050,YES
659,660,96,480000000000,480073752419,480153702768,73752419,79950349,153702768,YES
659,660,97,485000000000,485073644411,485147288291,73644411,73643880,147288291,YES
659,660,98,490000000000,490073546081,490147091832,73546081,73545751,147091832,YES
659,660,99,495000000000,495073457789,495146917598,73457789,73459809,146917598,YES
659,660,100,500000000000,500073379836,500146759743,73379836,73379907,146759743,YES
659,660,101,505000000000,505073312481,505155161234,73312481,81848753,155161234,YES
659,660,102,510000000000,510073255942,510148453367,73255942,75197425,148453367,YES
659,660,103,515000000000,515073210389,515146421439,73210389,73211050,146421439,YES
659,660,104,520000000000,520073175956,520146757925,73175956,73581969,146757925,YES
659,660,105,525000000000,525073186352,525146388907,73186352,73202555,146388907,YES
659,660,106,530000000000,530073174438,530146350078,73174438,73175640,146350078,YES
659,660,107,535000000000,535076138886,535149770334,76138886,73631448,149770334,YES
659,660,108,540000000000,540075212972,540148399191,75212972,73186219,148399191,YES
659,660,109,545000000000,545070895672,545141788328,70895672,70892656,141788328,YES
659,660,110,550000000000,550070689583,550141376255,70689583,70686672,141376255,YES
659,660,111,555000000000,555070493905,555140985031,70493905,70491126,140985031,YES
659,660,112,560000000000,560070309212,560140615774,70309212,70306562,140615774,YES
659,660,113,565000000000,565070136010,565140269511,70136010,70133501,140269511,YES
659,660,114,570000000000,570069974759,570139947176,69974759,69972417,139947176,YES
659,660,115,575000000000,575069825837,575139649487,69825837,69823650,139649487,YES
659,660,116,580000000000,580065731646,580131462369,65731646,65730723,131462369,YES
659,660,117,585000000000,585065714489,585131428224,65714489,65713735,131428224,YES
659,660,118,590000000000,590065677285,590131353994,65677285,65676709,131353994,YES
659,660,119,595000000000,595065654039,595131307685,65654039,65653646,131307685,YES
659,660,120,600000000000,600065645016,600131289827,65645016,65644811,131289827,YES
659,660,121,605000000000,605065650334,605131725273,65650334,66074939,131725273,YES
659,660,122,610000000000,610065669958,610131340093,65669958,65670135,131340093,YES
659,660,123,615000000000,615065703701,615131407766,65703701,65704065,131407766,YES
659,660,124,620000000000,620065751228,620131503006,65751228,65751778,131503006,YES
659,660,125,625000000000,625066007548,625131820372,66007548,65812824,131820372,YES
659,660,126,630000000000,630065885709,630131772319,65885709,65886610,131772319,YES
659,660,127,635000000000,635065971454,635131943974,65971454,65972520,131943974,YES
659,660,128,640000000000,640066068623,640139140359,66068623,73071736,139140359,YES
659,660,129,645000000000,645066176485,645132354354,66176485,66177869,132354354,YES
659,660,130,650000000000,650148443349,650214741177,148443349,66297828,214741177,YES
659,660,131,655000000000,655067853361,655134309964,67853361,66456603,134309964,YES
659,660,132,660000000000,660066590455,660133182659,66590455,66592204,133182659,YES
659,660,133,665000000000,665066733792,665133469457,66733792,66735665,133469457,YES
659,660,134,670000000000,670067402454,670134288742,67402454,66886288,134288742,YES
659,660,135,675000000000,675078122441,675156244188,78122441,78121747,156244188,YES
659,660,136,680000000000,680078257815,680156515033,78257815,78257218,156515033,YES
659,660,137,685000000000,685078398557,685156796619,78398557,78398062,156796619,YES
659,660,138,690000000000,690078544757,690157089153,78544757,78544396,157089153,YES
659,660,139,695000000000,695073646128,695148609827,73646128,74963699,148609827,YES
659,660,140,700000000000,700073733377,700152545676,73733377,78812299,152545676,YES
659,660,141,705000000000,705070698947,705141396455,70698947,70697508,141396455,YES
659,660,142,710000000000,710074164924,710148328385,74164924,74163461,148328385,YES
659,660,143,715000000000,715074025255,715148049232,74025255,74023977,148049232,YES
659,660,144,720000000000,720074983155,720148876017,74983155,73892862,148876017,YES
659,660,145,725000000000,725073771543,725148148717,73771543,74377174,148148717,YES
659,660,146,730000000000,730074243085,730148972101,74243085,74729016,148972101,YES
659,660,147,735000000000,735073555188,735147109905,73555188,73554717,147109905,YES
659,660,148,740000000000,740073462087,740146923916,73462087,73461829,146923916,YES
659,660,149,745000000000,745073379505,745146758965,73379505,73379460,146758965,YES
659,660,150,750000000000,750073307724,750146615617,73307724,73307893,146615617,YES
659,660,151,755000000000,755073280562,755146561502,73280562,73280940,146561502,YES
659,660,152,760000000000,760073230984,760146462549,73230984,73231565,146462549,YES
659,660,153,765000000000,765073192694,765146386169,73192694,73193475,146386169,YES
659,660,154,770000000000,770074377855,770147544577,74377855,73166722,147544577,YES
659,660,155,775000000000,775100801693,775173952993,100801693,73151300,173952993,YES
659,660,156,780000000000,780073146017,780146293355,73146017,73147338,146293355,YES
659,660,157,785000000000,785074613870,785147768527,74613870,73154657,147768527,YES
659,660,158,790000000000,790070360731,790140718808,70360731,70358077,140718808,YES
659,660,159,795000000000,795070163658,795140324797,70163658,70161139,140324797,YES
659,660,160,800000000000,800069977512,800139952656,69977512,69975144,139952656,YES
659,660,161,805000000000,805069802862,805139603514,69802862,69800652,139603514,YES
659,660,162,810000000000,810069640235,810139278419,69640235,69638184,139278419,YES
659,660,163,815000000000,815069490073,815138978281,69490073,69488208,138978281,YES
659,660,164,820000000000,820069352727,820138703760,69352727,69351033,138703760,YES
659,660,165,825000000000,825066150260,825131937823,66150260,65787563,131937823,YES
659,660,166,830000000000,830065807948,830131615633,65807948,65807685,131615633,YES
659,660,167,835000000000,835065808038,835132077844,65808038,66269806,132077844,YES
659,660,168,840000000000,840066573591,840133189919,66573591,66616328,133189919,YES
659,660,169,845000000000,845065849394,845131699074,65849394,65849680,131699074,YES
659,660,170,850000000000,850065890284,850132051153,65890284,66160869,132051153,YES
659,660,171,855000000000,855065944194,855131889027,65944194,65944833,131889027,YES
659,660,172,860000000000,860066010656,860132022126,66010656,66011470,132022126,YES
659,660,173,865000000000,865066895212,865133052516,66895212,66157304,133052516,YES
659,660,174,870000000000,870066178935,870132359013,66178935,66180078,132359013,YES
659,660,175,875000000000,875066279486,875132560258,66279486,66280772,132560258,YES
659,660,176,880000000000,880066423686,880132848784,66423686,66425098,132848784,YES
659,660,177,885000000000,885066543636,885133088810,66543636,66545174,133088810,YES
659,660,178,890000000000,890066672268,890133346193,66672268,66673925,133346193,YES
659,660,179,895000000000,895066808935,895133619648,66808935,66810713,133619648,YES
659,660,180,900000000000,900078187636,900156374409,78187636,78186773,156374409,YES
659,660,181,905000000000,905078311918,905156623051,78311918,78311133,156623051,YES
659,660,182,910000000000,910078441492,910156882293,78441492,78440801,156882293,YES
659,660,183,915000000000,915073505928,915147011096,73505928,73505168,147011096,YES
659,660,184,920000000000,920073554906,920147109165,73554906,73554259,147109165,YES
659,660,185,925000000000,925073612622,925147224732,73612622,73612110,147224732,YES
659,660,186,930000000000,930073679456,930147358529,73679456,73679073,147358529,YES
659,660,187,935000000000,935073755775,935147511317,73755775,73755542,147511317,YES
659,660,188,940000000000,940073841928,940147683783,73841928,73841855,147683783,YES
659,660,189,945000000000,945073938253,945147876605,73938253,73938352,147876605,YES
659,660,190,950000000000,950074294645,950148349573,74294645,74054928,148349573,YES
659,660,191,955000000000,955073819687,955147638412,73819687,73818725,147638412,YES
659,660,192,960000000000,960073704955,960147409152,73704955,73704197,147409152,YES
659,660,193,965000000000,965073600062,965147199578,73600062,73599516,147199578,YES
659,660,194,970000000000,970073505424,970147010518,73505424,73505094,147010518,YES
659,660,195,975000000000,975073421402,975146842695,73421402,73421293,146842695,YES
659,660,196,980000000000,980073348288,980146696688,73348288,73348400,146696688,YES
659,660,197,985000000000,985073286304,985146572935,73286304,73286631,146572935,YES
659,660,198,990000000000,990073235603,990146817988,73235603,73582385,146817988,YES
659,660,199,995000000000,995075742689,995150891157,75742689,75148468,150891157,YES
659,660,200,1000000000000,1000078218117,1000154493108,78218117,76274991,154493108,YES
659,660,201,1005000000000,1005073185426,1005146371979,73185426,73186553,146371979,YES
659,660,202,1010000000000,1010073180247,1010146361801,73180247,73181554,146361801,YES
659,660,203,1015000000000,1015073186335,1015146374142,73186335,73187807,146374142,YES
659,660,204,1020000000000,1020073203597,1020148184574,73203597,74980977,148184574,YES
659,660,205,1025000000000,1025073231901,1025146465575,73231901,73233674,146465575,YES
659,660,206,1030000000000,1030073237527,1030146476959,73237527,73239432,146476959,YES
659,660,207,1035000000000,1035070448014,1035140893383,70448014,70445369,140893383,YES
659,660,208,1040000000000,1040070266498,1040140530476,70266498,70263978,140530476,YES
659,660,209,1045000000000,1045070095780,1045140189184,70095780,70093404,140189184,YES
659,660,210,1050000000000,1050069936243,1050139870256,69936243,69934013,139870256,YES
659,660,211,1055000000000,1055069788208,1055139574333,69788208,69786125,139574333,YES
659,660,212,1060000000000,1060069651911,1060139301903,69651911,69649992,139301903,YES
659,660,213,1065000000000,1065066084393,1065132168111,66084393,66083718,132168111,YES
659,660,214,1070000000000,1070066051467,1070132102422,66051467,66050955,132102422,YES
659,660,215,1075000000000,1075066031260,1075132062173,66031260,66030913,132062173,YES
659,660,216,1080000000000,1080066023959,1080132331323,66023959,66307364,132331323,YES
659,660,217,1085000000000,1085066029651,1085132059297,66029651,66029646,132059297,YES
659,660,218,1090000000000,1090066048309,1090132096785,66048309,66048476,132096785,YES
659,660,219,1095000000000,1095066079786,1095132159914,66079786,66080128,132159914,YES
659,660,220,1100000000000,1100066157435,1100132315380,66157435,66157945,132315380,YES
659,660,221,1105000000000,1105069524972,1105135739386,69524972,66214414,135739386,YES
659,660,222,1110000000000,1110069271851,1110137670121,69271851,68398270,137670121,YES
659,660,223,1115000000000,1115066361113,1115137204265,66361113,70843152,137204265,YES
659,660,224,1120000000000,1120066484806,1120132970737,66484806,66485931,132970737,YES
659,660,225,1125000000000,1125066585056,1125133171370,66585056,66586314,133171370,YES
659,660,226,1130000000000,1130066694399,1130133390111,66694399,66695712,133390111,YES
659,660,227,1135000000000,1135066805338,1135143508953,66805338,76703615,143508953,YES
659,660,228,1140000000000,1140066924622,1140143276161,66924622,76351539,143276161,YES
659,660,229,1145000000000,1145070842131,1145141681901,70842131,70839770,141681901,YES
659,660,230,1150000000000,1150070737267,1150144300200,70737267,73562933,144300200,YES
659,660,231,1155000000000,1155070640568,1155141278959,70640568,70638391,141278959,YES
659,660,232,1160000000000,1160070552391,1160148822726,70552391,78270335,148822726,YES
659,660,233,1165000000000,1165070473091,1165140944211,70473091,70471120,140944211,YES
659,660,234,1170000000000,1170070403014,1170140804175,70403014,70401161,140804175,YES
659,660,235,1175000000000,1175070342502,1175140683277,70342502,70340775,140683277,YES
659,660,236,1180000000000,1180070291891,1180140582191,70291891,70290300,140582191,YES
659,660,237,1185000000000,1185071014995,1185141265045,71014995,70250050,141265045,YES
659,660,238,1190000000000,1190070221634,1190140441986,70221634,70220352,140441986,YES
659,660,239,1195000000000,1195070202571,1195140843034,70202571,70640463,140843034,YES
660,661,0,0,44349793,88698010,44349793,44348217,88698010,YES
660,661,1,5000000000,5044282102,5088562663,44282102,44280561,88562663,YES
660,661,2,10000000000,10044681764,10088901468,44681764,44219704,88901468,YES
660,661,3,15000000000,15044167180,15088332898,44167180,44165718,88332898,YES
660,661,4,20000000000,20044119993,20088238570,44119993,44118577,88238570,YES
660,661,5,25000000000,25044079696,25088158023,44079696,44078327,88158023,YES
660,661,6,30000000000,30040742414,30081483564,40742414,40741150,81483564,YES
660,661,7,35000000000,35040588612,35081176010,40588612,40587398,81176010,YES
660,661,8,40000000000,40040440838,40080880517,40440838,40439679,80880517,YES
660,661,9,45000000000,45040299638,45080598178,40299638,40298540,80598178,YES
660,661,10,50000000000,50040165596,50080330160,40165596,40164564,80330160,YES
660,661,11,55000000000,55040039335,55080077724,40039335,40038389,80077724,YES
660,661,12,60000000000,60039921508,60079842158,39921508,39920650,79842158,YES
660,661,13,65000000000,65039812784,65079624793,39812784,39812009,79624793,YES
660,661,14,70000000000,70045185884,70084918161,45185884,39732277,84918161,YES
660,661,15,75000000000,75039625376,75079250162,39625376,39624786,79250162,YES
660,661,16,80000000000,80039548029,80079095570,39548029,39547541,79095570,YES
660,661,17,85000000000,85039482427,85078964471,39482427,39482044,78964471,YES
660,661,18,90000000000,90039429117,90078857966,39429117,39428849,78857966,YES
660,661,19,95000000000,95039354969,95078709782,39354969,39354813,78709782,YES
660,661,20,100000000000,100039361151,100078722259,39361151,39361108,78722259,YES
660,661,21,105000000000,105070906456,105146423698,70906456,75517242,146423698,YES
660,661,22,110000000000,110071755401,110142595785,71755401,70840384,142595785,YES
660,661,23,115000000000,115070754902,115141509853,70754902,70754951,141509853,YES
660,661,24,120000000000,120070717068,120141434414,70717068,70717346,141434414,YES
660,661,25,125000000000,125078309211,125149003525,78309211,70694314,149003525,YES
660,661,26,130000000000,130080473849,130151160026,80473849,70686177,151160026,YES
660,661,27,135000000000,135070692063,135141385067,70692063,70693004,141385067,YES
660,661,28,140000000000,140070720041,140144768315,70720041,74048274,144768315,YES
660,661,29,145000000000,145070750312,145164889537,70750312,94139225,164889537,YES
660,661,30,150000000000,150070801708,150143049483,70801708,72247775,143049483,YES
660,661,31,155000000000,155114840600,155186015889,114840600,71175289,186015889,YES
660,661,32,160000000000,160070947644,160141897174,70947644,70949530,141897174,YES
660,661,33,165000000000,165071041352,165142084746,71041352,71043394,142084746,YES
660,661,34,170000000000,170071148197,170142298597,71148197,71150400,142298597,YES
660,661,35,175000000000,175073338747,175144608730,73338747,71269983,144608730,YES
660,661,36,180000000000,180071398905,180142800279,71398905,71401374,142800279,YES
660,661,37,185000000000,185071541476,185143085536,71541476,71544060,143085536,YES
660,661,38,190000000000,190071694635,190143391962,71694635,71697327,143391962,YES
660,661,39,195000000000,195071857716,195143718241,71857716,71860525,143718241,YES
660,661,40,200000000000,200077290287,200149323444,77290287,72033157,149323444,YES
660,661,41,205000000000,205072244651,205144492305,72244651,72247654,144492305,YES
660,661,42,210000000000,210072400094,210144803263,72400094,72403169,144803263,YES
660,661,43,215000000000,215072575016,215145152184,72575016,72577168,145152184,YES
660,661,44,220000000000,220051803993,220103610856,51803993,51806863,103610856,YES
660,661,45,225000000000,225044627433,225088552267,44627433,43924834,88552267,YES
660,661,46,230000000000,230044264224,230088141877,44264224,43877653,88141877,YES
660,661,47,235000000000,235043743388,235087485233,43743388,43741845,87485233,YES
660,661,48,240000000000,240043662999,240087324492,43662999,43661493,87324492,YES
660,661,49,245000000000,245043590174,245087178882,43590174,43588708,87178882,YES
660,661,50,250000000000,250043524992,250087048558,43524992,43523566,87048558,YES
660,661,51,255000000000,255043467517,255086933662,43467517,43466145,86933662,YES
660,661,52,260000000000,260043417827,260087875793,43417827,44457966,87875793,YES
660,661,53,265000000000,265043375981,265086750693,43375981,43374712,86750693,YES
660,661,54,270000000000,270043342055,270086968738,43342055,43626683,86968738,YES
660,661,55,275000000000,275043316131,275086631121,43316131,43314990,86631121,YES
660,661,56,280000000000,280043298321,280086595570,43298321,43297249,86595570,YES
660,661,57,285000000000,285043288736,285089858350,43288736,46569614,89858350,YES
660,661,58,290000000000,290039911723,290079822548,39911723,39910825,79822548,YES
660,661,59,295000000000,295039790672,295079580525,39790672,39789853,79580525,YES
660,661,60,300000000000,300039678194,300079355656,39678194,39677462,79355656,YES
660,661,61,305000000000,305039574917,305079149193,39574917,39574276,79149193,YES
660,661,62,310000000000,310042956095,310085910751,42956095,42954656,85910751,YES
660,661,63,315000000000,315042750075,315085498823,42750075,42748748,85498823,YES
660,661,64,320000000000,320042553539,320085105868,42553539,42552329,85105868,YES
660,661,65,325000000000,325051425802,325093791424,51425802,42365622,93791424,YES
660,661,66,330000000000,330042191068,330084381159,42191068,42190091,84381159,YES
660,661,67,335000000000,335041992459,335083984078,41992459,41991619,83984078,YES
660,661,68,340000000000,340041872395,340083744068,41872395,41871673,83744068,YES
660,661,69,345000000000,345070527584,345141054449,70527584,70526865,141054449,YES
660,661,70,350000000000,350070458925,350140917347,70458925,70458422,140917347,YES
660,661,71,355000000000,355070370599,355142782764,70370599,72412165,142782764,YES
660,661,72,360000000000,360070330352,360140660643,70330352,70330291,140660643,YES
660,661,73,365000000000,365070305022,365154170341,70305022,83865319,154170341,YES
660,661,74,370000000000,370070294946,370148061624,70294946,77766678,148061624,YES
660,661,75,375000000000,375070300326,375147066191,70300326,76765865,147066191,YES
660,661,76,380000000000,380070321221,380140643269,70321221,70322048,140643269,YES
660,661,77,385000000000,385070357566,385140716169,70357566,70358603,140716169,YES
660,661,78,390000000000,390070409146,390141910619,70409146,71501473,141910619,YES
660,661,79,395000000000,395070475625,395140952684,70475625,70477059,140952684,YES
660,661,80,400000000000,400070556556,400141114737,70556556,70558181,141114737,YES
660,661,81,405000000000,405070651392,405141304583,70651392,70653191,141304583,YES
660,661,82,410000000000,410070759524,410141521010,70759524,70761486,141521010,YES
660,661,83,415000000000,415074223358,415145105832,74223358,70882474,145105832,YES
660,661,84,420000000000,420072220082,420143235325,72220082,71015243,143235325,YES
660,661,85,425000000000,425071190439,425142383266,71190439,71192827,142383266,YES
660,661,86,430000000000,430071344819,430142692166,71344819,71347347,142692166,YES
660,661,87,435000000000,435071509002,435143020648,71509002,71511646,143020648,YES
660,661,88,440000000000,440050819797,440101642170,50819797,50822373,101642170,YES
660,661,89,445000000000,445050995360,445101993366,50995360,50998006,101993366,YES
660,661,90,450000000000,450051179200,450102361094,51179200,51181894,102361094,YES
660,661,91,455000000000,455051371173,455102745098,51371173,51373925,102745098,YES
660,661,92,460000000000,460051571127,460103499568,51571127,51928441,103499568,YES
660,661,93,465000000000,465043694715,465087387893,43694715,43693178,87387893,YES
660,661,94,470000000000,470045671494,470089281896,45671494,43610402,89281896,YES
660,661,95,475000000000,475043536993,475087072521,43536993,43535528,87072521,YES
660,661,96,480000000000,480044412815,480087881338,44412815,43468523,87881338,YES
660,661,97,485000000000,485043410887,485086820402,43410887,43409515,86820402,YES
660,661,98,490000000000,490043359833,490086718339,43359833,43358506,86718339,YES
660,661,99,495000000000,495043316823,495086632377,43316823,43315554,86632377,YES
660,661,100,500000000000,500043281909,500086562604,43281909,43280695,86562604,YES
660,661,101,505000000000,505043255132,505086509114,43255132,43253982,86509114,YES
660,661,102,510000000000,510043236553,510086472026,43236553,43235473,86472026,YES
660,661,103,515000000000,515043226251,515086451495,43226251,43225244,86451495,YES
660,661,104,520000000000,520043224315,520086447703,43224315,43223388,86447703,YES
660,661,105,525000000000,525043230858,525086460873,43230858,43230015,86460873,YES
660,661,106,530000000000,530043409453,530086817203,43409453,43407750,86817203,YES
660,661,107,535000000000,535043184376,535086367150,43184376,43182774,86367150,YES
660,661,108,540000000000,540042967293,540085933112,42967293,42965819,85933112,YES
660,661,109,545000000000,545042758762,545085516155,42758762,42757393,85516155,YES
660,661,110,550000000000,550042559363,550085117456,42559363,42558093,85117456,YES
660,661,111,555000000000,555042335994,555084670840,42335994,42334846,84670840,YES
660,661,112,560000000000,560042156364,560084311699,42156364,42155335,84311699,YES
660,661,113,565000000000,565042020919,565084040926,42020919,42020007,84040926,YES
660,661,114,570000000000,570041862848,570083724916,41862848,41862068,83724916,YES
660,661,115,575000000000,575041716084,575083431502,41716084,41715418,83431502,YES
660,661,116,580000000000,580070609413,580141218297,70609413,70608884,141218297,YES
660,661,117,585000000000,585070574696,585141127778,70574696,70553082,141127778,YES
660,661,118,590000000000,590074836573,590145347775,74836573,70511202,145347775,YES
660,661,119,595000000000,595070450057,595140900236,70450057,70450179,140900236,YES
660,661,120,600000000000,600070437132,600140874604,70437132,70437472,140874604,YES
660,661,121,605000000000,605071023160,605141462905,71023160,70439745,141462905,YES
660,661,122,610000000000,610070719951,610141177064,70719951,70457113,141177064,YES
660,661,123,615000000000,615074104616,615144632596,74104616,70527980,144632596,YES
660,661,124,620000000000,620072846986,620143383931,72846986,70536945,143383931,YES
660,661,125,625000000000,625072320183,625144020514,72320183,71700331,144020514,YES
660,661,126,630000000000,630070673722,630147388293,70673722,76714571,147388293,YES
660,661,127,635000000000,635070763704,635141529151,70763704,70765447,141529151,YES
660,661,128,640000000000,640070866976,640150212137,70866976,79345161,150212137,YES
660,661,129,645000000000,645070982937,645141967935,70982937,70984998,141967935,YES
660,661,130,650000000000,650072312570,650143425764,72312570,71113194,143425764,YES
660,661,131,655000000000,655071283925,655144814915,71283925,73530990,144814915,YES
660,661,132,660000000000,660071434010,660143308778,71434010,71874768,143308778,YES
660,661,133,665000000000,665050738764,665101479992,50738764,50741228,101479992,YES
660,661,134,670000000000,670050899358,670101801264,50899358,50901906,101801264,YES
660,661,135,675000000000,675051068607,675105938534,51068607,54869927,105938534,YES
660,661,136,680000000000,680051246407,680102495466,51246407,51249059,102495466,YES
660,661,137,685000000000,685051432662,685102868034,51432662,51435372,102868034,YES
660,661,138,690000000000,690051627233,690103257243,51627233,51630010,103257243,YES
660,661,139,695000000000,695041454149,695082909371,41454149,41455222,82909371,YES
660,661,140,700000000000,700041579726,700083160599,41579726,41580873,83160599,YES
660,661,141,705000000000,705040600681,705081201632,40600681,40600951,81201632,YES
660,661,142,710000000000,710044140281,710088279019,44140281,44138738,88279019,YES
660,661,143,715000000000,715044072507,715088143506,44072507,44070999,88143506,YES
660,661,144,720000000000,720044012378,720088023303,44012378,44010925,88023303,YES
660,661,145,725000000000,725045794619,725090905556,45794619,45110937,90905556,YES
660,661,146,730000000000,730043980387,730087893853,43980387,43913466,87893853,YES
660,661,147,735000000000,735043877359,735087773274,43877359,43895915,87773274,YES
660,661,148,740000000000,740043847299,740087711327,43847299,43864028,87711327,YES
660,661,149,745000000000,745043824642,745087659572,43824642,43834930,87659572,YES
660,661,150,750000000000,750043809374,750087617951,43809374,43808577,87617951,YES
660,661,151,755000000000,755043801501,755087601881,43801501,43800380,87601881,YES
660,661,152,760000000000,760043807257,760087607262,43807257,43800005,87607262,YES
660,661,153,765000000000,765043829104,765087636228,43829104,43807124,87636228,YES
660,661,154,770000000000,770040466234,770080931592,40466234,40465358,80931592,YES
660,661,155,775000000000,775040363730,775080726662,40363730,40362932,80726662,YES
660,661,156,780000000000,780040236599,780080472483,40236599,40235884,80472483,YES
660,661,157,785000000000,785043446763,785083632268,43446763,40185505,83632268,YES
660,661,158,790000000000,790042863110,790085724785,42863110,42861675,85724785,YES
660,661,159,795000000000,795042658745,795085316142,42658745,42657397,85316142,YES
660,661,160,800000000000,800042463411,800084925589,42463411,42462178,84925589,YES
660,661,161,805000000000,805042277618,805084554121,42277618,42276503,84554121,YES
660,661,162,810000000000,810042101811,810084202619,42101811,42100808,84202619,YES
660,661,163,815000000000,815041936402,815083871928,41936402,41935526,83871928,YES
660,661,164,820000000000,820041781745,820086814522,41781745,45032777,86814522,YES
660,661,165,825000000000,825071177584,825143079747,71177584,71902163,143079747,YES
660,661,166,830000000000,830071139169,830142976062,71139169,71836893,142976062,YES
660,661,167,835000000000,835071114224,835142952092,71114224,71837868,142952092,YES
660,661,168,840000000000,840071102990,840144526770,71102990,73423780,144526770,YES
660,661,169,845000000000,845071105631,845142212107,71105631,71106476,142212107,YES
660,661,170,850000000000,850075776848,850146866538,75776848,71089690,146866538,YES
660,661,171,855000000000,855071119143,855142239527,71119143,71120384,142239527,YES
660,661,172,860000000000,860071163499,860142328427,71163499,71164928,142328427,YES
660,661,173,865000000000,865072763139,865143986275,72763139,71223136,143986275,YES
660,661,174,870000000000,870075045610,870146378764,75045610,71333154,146378764,YES
660,661,175,875000000000,875071377380,875148659023,71377380,77281643,148659023,YES
660,661,176,880000000000,880071508102,880143018285,71508102,71510183,143018285,YES
660,661,177,885000000000,885071617431,885143237083,71617431,71619652,143237083,YES
660,661,178,890000000000,890071738469,890143479290,71738469,71740821,143479290,YES
660,661,179,895000000000,895074179163,895146052398,74179163,71873235,146052398,YES
660,661,180,900000000000,900075792367,900152456987,75792367,76664620,152456987,YES
660,661,181,905000000000,905073575955,905124926904,73575955,51350949,124926904,YES
660,661,182,910000000000,910051470904,910102944424,51470904,51473520,102944424,YES
660,661,183,915000000000,915040888481,915081777592,40888481,40889111,81777592,YES
660,661,184,920000000000,920040950869,920081902443,40950869,40951574,81902443,YES
660,661,185,925000000000,925041023848,925082048474,41023848,41024626,82048474,YES
660,661,186,930000000000,930041107626,930082216108,41107626,41108482,82216108,YES
660,661,187,935000000000,935041202346,935082405626,41202346,41203280,82405626,YES
660,661,188,940000000000,940041308071,940082617155,41308071,41309084,82617155,YES
660,661,189,945000000000,945041424789,945082850664,41424789,41425875,82850664,YES
660,661,190,950000000000,950041552410,950083505901,41552410,41953491,83505901,YES
660,661,191,955000000000,955043451640,955086901881,43451640,43450241,86901881,YES
660,661,192,960000000000,960043387236,960086773116,43387236,43385880,86773116,YES
660,661,193,965000000000,965043331401,965086661490,43331401,43330089,86661490,YES
660,661,194,970000000000,970043284120,970086566975,43284120,43282855,86566975,YES
660,661,195,975000000000,975043245363,975086489522,43245363,43244159,86489522,YES
660,661,196,980000000000,980043215109,980086429073,43215109,43213964,86429073,YES
660,661,197,985000000000,985043193316,985086385545,43193316,43192229,86385545,YES
660,661,198,990000000000,990043179956,990086358891,43179956,43178935,86358891,YES
660,661,199,995000000000,995043175011,995087248147,43175011,44073136,87248147,YES
660,661,200,1000000000000,1000043178478,1000086356080,43178478,43177602,86356080,YES
660,661,201,1005000000000,1005043190366,1005086379927,43190366,43189561,86379927,YES
660,661,202,1010000000000,1010043210711,1010086420704,43210711,43209993,86420704,YES
660,661,203,1015000000000,1015043248915,1015086487830,43248915,43238915,86487830,YES
660,661,204,1020000000000,1020042934305,1020085867140,42934305,42932835,85867140,YES
660,661,205,1025000000000,1025042728306,1025085455229,42728306,42726923,85455229,YES
660,661,206,1030000000000,1030042530911,1030085060544,42530911,42529633,85060544,YES
660,661,207,1035000000000,1035042342596,1035084684024,42342596,42341428,84684024,YES
660,661,208,1040000000000,1040042163795,1040084326533,42163795,42162738,84326533,YES
660,661,209,1045000000000,1045041994911,1045083988895,41994911,41993984,83988895,YES
660,661,210,1050000000000,1050041836298,1050083671770,41836298,41835472,83671770,YES
660,661,211,1055000000000,1055041688251,1055083375788,41688251,41687537,83375788,YES
660,661,212,1060000000000,1060041551021,1060083101434,41551021,41550413,83101434,YES
660,661,213,1065000000000,1065070955563,1065141910928,70955563,70955365,141910928,YES
660,661,214,1070000000000,1070070921281,1070141842566,70921281,70921285,141842566,YES
660,661,215,1075000000000,1075070900357,1075141800921,70900357,70900564,141800921,YES
660,661,216,1080000000000,1080077311055,1080153687131,77311055,76376076,153687131,YES
660,661,217,1085000000000,1085070899641,1085145684730,70899641,74785089,145684730,YES
660,661,218,1090000000000,1090077369150,1090149696706,77369150,72327556,149696706,YES
660,661,219,1095000000000,1095076467894,1095147389961,76467894,70922067,147389961,YES
660,661,220,1100000000000,1100070969335,1100141939867,70969335,70970532,141939867,YES
660,661,221,1105000000000,1105071031327,1105142064036,71031327,71032709,142064036,YES
660,661,222,1110000000000,1110073754894,1110154298971,73754894,80544077,154298971,YES
660,661,223,1115000000000,1115075434729,1115146631684,75434729,71196955,146631684,YES
660,661,224,1120000000000,1120071329786,1120142661468,71329786,71331682,142661468,YES
660,661,225,1125000000000,1125071442959,1125142887966,71442959,71445007,142887966,YES
660,661,226,1130000000000,1130050725025,1130101452213,50725025,50727188,101452213,YES
660,661,227,1135000000000,1135050850068,1135101702394,50850068,50852326,101702394,YES
660,661,228,1140000000000,1140050984045,1140101970423,50984045,50986378,101970423,YES
660,661,229,1145000000000,1145045957235,1145086104122,45957235,40146887,86104122,YES
660,661,230,1150000000000,1150043995909,1150084091598,43995909,40095689,84091598,YES
660,661,231,1155000000000,1155040055569,1155080110972,40055569,40055403,80110972,YES
660,661,232,1160000000000,1160040026399,1160080052715,40026399,40026316,80052715,YES
660,661,233,1165000000000,1165040008698,1165080017395,40008698,40008697,80017395,YES
660,661,234,1170000000000,1170040002628,1170080005335,40002628,40002707,80005335,YES
660,661,235,1175000000000,1175040008253,1175080016667,40008253,40008414,80016667,YES
660,661,236,1180000000000,1180040025558,1180080051359,40025558,40025801,80051359,YES
660,661,237,1185000000000,1185040054428,1185080109177,40054428,40054749,80109177,YES
660,661,238,1190000000000,1190040094662,1190080189718,40094662,40095056,80189718,YES
660,661,239,1195000000000,1195040145968,1195080292405,40145968,40146437,80292405,YES
661,662,0,0,71510142,143020724,71510142,71510582,143020724,YES
661,662,1,5000000000,5071547432,5146862728,71547432,75315296,146862728,YES
661,662,2,10000000000,10073704365,10145301969,73704365,71597604,145301969,YES
661,662,3,15000000000,15073030958,15144689770,73030958,71658812,144689770,YES
661,662,4,20000000000,20069017158,20138531712,69017158,69514554,138531712,YES
661,662,5,25000000000,25069191360,25138386075,69191360,69194715,138386075,YES
661,662,6,30000000000,30065060888,30130121574,65060888,65060686,130121574,YES
661,662,7,35000000000,35065113466,35138346864,65113466,73233398,138346864,YES
661,662,8,40000000000,40065174641,40130349230,65174641,65174589,130349230,YES
661,662,9,45000000000,45065244362,45130488747,65244362,65244385,130488747,YES
661,662,10,50000000000,50065322543,50130645198,65322543,65322655,130645198,YES
661,662,11,55000000000,55065409118,55130818435,65409118,65409317,130818435,YES
661,662,12,60000000000,60065504027,60131008355,65504027,65504328,131008355,YES
661,662,13,65000000000,65065630226,65131237851,65630226,65607625,131237851,YES
661,662,14,70000000000,70065718640,70132439562,65718640,66720922,132439562,YES
661,662,15,75000000000,75069007128,75134846136,69007128,65839008,134846136,YES
661,662,16,80000000000,80067141010,80133107934,67141010,65966924,133107934,YES
661,662,17,85000000000,85066102130,85132205186,66102130,66103056,132205186,YES
661,662,18,90000000000,90066246338,90132493750,66246338,66247412,132493750,YES
661,662,19,95000000000,95066365123,95132731472,66365123,66366349,132731472,YES
661,662,20,100000000000,100066559264,100133119912,66559264,66560648,133119912,YES
661,662,21,105000000000,105099504926,105194616283,99504926,95111357,194616283,YES
661,662,22,110000000000,110042561292,110085121121,42561292,42559829,85121121,YES
661,662,23,115000000000,115042344053,115084686726,42344053,42342673,84686726,YES
661,662,24,120000000000,120042167290,120084333290,42167290,42166000,84333290,YES
661,662,25,125000000000,125041997952,125083994739,41997952,41996787,83994739,YES
661,662,26,130000000000,130041836601,130087357001,41836601,45520400,87357001,YES
661,662,27,135000000000,135041683794,135087139521,41683794,45455727,87139521,YES
661,662,28,140000000000,140041540029,140083079196,41540029,41539167,83079196,YES
661,662,29,145000000000,145041405826,145082810907,41405826,41405081,82810907,YES
661,662,30,150000000000,150041281633,150082562642,41281633,41281009,82562642,YES
661,662,31,155000000000,155041167865,155082335222,41167865,41167357,82335222,YES
661,662,32,160000000000,160041064864,160082129341,41064864,41064477,82129341,YES
661,662,33,165000000000,165040972924,165081945589,40972924,40972665,81945589,YES
661,662,34,170000000000,170040892278,170081784405,40892278,40892127,81784405,YES
661,662,35,175000000000,175040823106,175081646171,40823106,40823065,81646171,YES
661,662,36,180000000000,180040765539,180081531146,40765539,40765607,81531146,YES
661,662,37,185000000000,185040719668,185081439502,40719668,40719834,81439502,YES
661,662,38,190000000000,190040685541,190081371339,40685541,40685798,81371339,YES
661,662,39,195000000000,195040663165,195081326675,40663165,40663510,81326675,YES
661,662,40,200000000000,200040652517,200081305456,40652517,40652939,81305456,YES
661,662,41,205000000000,205040653510,205081307521,40653510,40654011,81307521,YES
661,662,42,210000000000,210040666021,210081332612,40666021,40666591,81332612,YES
661,662,43,215000000000,215040689858,215081380339,40689858,40690481,81380339,YES
661,662,44,220000000000,220070914200,220141827917,70914200,70913717,141827917,YES
661,662,45,225000000000,225070901741,225141803168,70901741,70901427,141803168,YES
661,662,46,230000000000,230075224796,230146127481,75224796,70902685,146127481,YES
661,662,47,235000000000,235074650257,235145567552,74650257,70917295,145567552,YES
661,662,48,240000000000,240070944749,240141889690,70944749,70944941,141889690,YES
661,662,49,245000000000,245070984929,245141970208,70984929,70985279,141970208,YES
661,662,50,250000000000,250071038562,250142085972,71038562,71047410,142085972,YES
661,662,51,255000000000,255071101380,255143474063,71101380,72372683,143474063,YES
661,662,52,260000000000,260071176560,260145269120,71176560,74092560,145269120,YES
661,662,53,265000000000,265075815026,265150216757,75815026,74401731,150216757,YES
661,662,54,270000000000,270071357891,270143394190,71357891,72036299,143394190,YES
661,662,55,275000000000,275071462837,275142926919,71462837,71464082,142926919,YES
661,662,56,280000000000,280070185080,280140373762,70185080,70188682,140373762,YES
661,662,57,285000000000,285070399200,285140802112,70399200,70402912,140802112,YES
661,662,58,290000000000,290066175029,290132350111,66175029,66175082,132350111,YES
661,662,59,295000000000,295066263085,295132526308,66263085,66263223,132526308,YES
661,662,60,300000000000,300066358441,300132717115,66358441,66358674,132717115,YES
661,662,61,305000000000,305066461051,305132922422,66461051,66461371,132922422,YES
661,662,62,310000000000,310095247778,310190492461,95247778,95244683,190492461,YES
661,662,63,315000000000,315095232590,315192783978,95232590,97551388,192783978,YES
661,662,64,320000000000,320095225162,320190594533,95225162,95369371,190594533,YES
661,662,65,325000000000,325095225550,325190448486,95225550,95222936,190448486,YES
661,662,66,330000000000,330095233850,330190465256,95233850,95231406,190465256,YES
661,662,67,335000000000,335095216591,335201581274,95216591,106364683,201581274,YES
661,662,68,340000000000,340095274732,340190547423,95274732,95272691,190547423,YES
661,662,69,345000000000,345043142835,345089710615,43142835,46567780,89710615,YES
661,662,70,350000000000,350042959113,350087552181,42959113,44593068,87552181,YES
661,662,71,355000000000,355042857318,355085604522,42857318,42747204,85604522,YES
661,662,72,360000000000,360042578539,360085155931,42578539,42577392,85155931,YES
661,662,73,365000000000,365042416254,365084831476,42416254,42415222,84831476,YES
661,662,74,370000000000,370042262056,370084523185,42262056,42261129,84523185,YES
661,662,75,375000000000,375042116379,375084231944,42116379,42115565,84231944,YES
661,662,76,380000000000,380041979613,380083958545,41979613,41978932,83958545,YES
661,662,77,385000000000,385041852108,385083703654,41852108,41851546,83703654,YES
661,662,78,390000000000,390041734156,390083467868,41734156,41733712,83467868,YES
661,662,79,395000000000,395041626000,395083251671,41626000,41625671,83251671,YES
661,662,80,400000000000,400041527828,400083055439,41527828,41527611,83055439,YES
661,662,81,405000000000,405044385301,405085824917,44385301,41439616,85824917,YES
661,662,82,410000000000,410042286421,410083648359,42286421,41361938,83648359,YES
661,662,83,415000000000,415041294441,415082588982,41294441,41294541,82588982,YES
661,662,84,420000000000,420041237286,420082474767,41237286,41237481,82474767,YES
661,662,85,425000000000,425041190540,425082381362,41190540,41190822,82381362,YES
661,662,86,430000000000,430041154243,430082308851,41154243,41154608,82308851,YES
661,662,87,435000000000,435041128430,435082257294,41128430,41128864,82257294,YES
661,662,88,440000000000,440071320220,440142640118,71320220,71319898,142640118,YES
661,662,89,445000000000,445079692835,445150973803,79692835,71280968,150973803,YES
661,662,90,450000000000,450078451386,450149725221,78451386,71273835,149725221,YES
661,662,91,455000000000,455104913684,455176097601,104913684,71183917,176097601,YES
661,662,92,460000000000,460071156326,460142312422,71156326,71156096,142312422,YES
661,662,93,465000000000,465071141947,465142771636,71141947,71629689,142771636,YES
661,662,94,470000000000,470071141449,470142283023,71141449,71141574,142283023,YES
661,662,95,475000000000,475071154728,475142309753,71154728,71155025,142309753,YES
661,662,96,480000000000,480072328993,480143511028,72328993,71182035,143511028,YES
661,662,97,485000000000,485071221591,485142443819,71221591,71222228,142443819,YES
661,662,98,490000000000,490071274384,490145582086,71274384,74307702,145582086,YES
661,662,99,495000000000,495071339408,495144331143,71339408,72991735,144331143,YES
661,662,100,500000000000,500073151968,500144569189,73151968,71417221,144569189,YES
661,662,101,505000000000,505071503792,505144170833,71503792,72667041,144170833,YES
661,662,102,510000000000,510071601878,510144372101,71601878,72770223,144372101,YES
661,662,103,515000000000,515071709701,515143420905,71709701,71711204,143420905,YES
661,662,104,520000000000,520075019467,520146847804,75019467,71828337,146847804,YES
661,662,105,525000000000,525072218447,525144172214,72218447,71953767,144172214,YES
661,662,106,530000000000,530037491841,530074982096,37491841,37490255,74982096,YES
661,662,107,535000000000,535037447698,535074893861,37447698,37446163,74893861,YES
661,662,108,540000000000,540037409065,540074816633,37409065,37407568,74816633,YES
661,662,109,545000000000,545037375876,545077959619,37375876,40583743,77959619,YES
661,662,110,550000000000,550037348128,550074694844,37348128,37346716,74694844,YES
661,662,111,555000000000,555037292252,555074583142,37292252,37290890,74583142,YES
661,662,112,560000000000,560037275532,560074549751,37275532,37274219,74549751,YES
661,662,113,565000000000,565037298079,565074594901,37298079,37296822,74594901,YES
661,662,114,570000000000,570037292847,570074584499,37292847,37291652,74584499,YES
661,662,115,575000000000,575037293618,575074586108,37293618,37292490,74586108,YES
661,662,116,580000000000,580043053320,580086105259,43053320,43051939,86105259,YES
661,662,117,585000000000,585042875235,585085749199,42875235,42873964,85749199,YES
661,662,118,590000000000,590042704023,590085406870,42704023,42702847,85406870,YES
661,662,119,595000000000,595042506546,595085012019,42506546,42505473,85012019,YES
661,662,120,600000000000,600042350447,600084699927,42350447,42349480,84699927,YES
661,662,121,605000000000,605042202557,605084404254,42202557,42201697,84404254,YES
661,662,122,610000000000,610042063268,610084787823,42063268,42724555,84787823,YES
661,662,123,615000000000,615041932944,615083865271,41932944,41932327,83865271,YES
661,662,124,620000000000,620041811892,620083643301,41811892,41831409,83643301,YES
661,662,125,625000000000,625041700380,625083400372,41700380,41699992,83400372,YES
661,662,126,630000000000,630041598621,630083196965,41598621,41598344,83196965,YES
661,662,127,635000000000,635041506791,635083013410,41506791,41506619,83013410,YES
661,662,128,640000000000,640041425023,640082849976,41425023,41424953,82849976,YES
661,662,129,645000000000,645041353411,645082706856,41353411,41353445,82706856,YES
661,662,130,650000000000,650041292041,650082584210,41292041,41292169,82584210,YES
661,662,131,655000000000,655041240968,655082482155,41240968,41241187,82482155,YES
661,662,132,660000000000,660041200240,660082400784,41200240,41200544,82400784,YES
661,662,133,665000000000,665071374091,665149129241,71374091,77755150,149129241,YES
661,662,134,670000000000,670076954727,670148275362,76954727,71320635,148275362,YES
661,662,135,675000000000,675071280549,675142560852,71280549,71280303,142560852,YES
661,662,136,680000000000,680076431767,680147653849,76431767,71222082,147653849,YES
661,662,137,685000000000,685071174011,685142347491,71174011,71173480,142347491,YES
661,662,138,690000000000,690073781945,690144920424,73781945,71138479,144920424,YES
661,662,139,695000000000,695071117533,695142234908,71117533,71117375,142234908,YES
661,662,140,700000000000,700071110175,700142220375,71110175,71110200,142220375,YES
661,662,141,705000000000,705071116711,705142233628,71116711,71116917,142233628,YES
661,662,142,710000000000,710071136956,710142274297,71136956,71137341,142274297,YES
661,662,143,715000000000,715071170609,715142341782,71170609,71171173,142341782,YES
661,662,144,720000000000,720071217264,720142435263,71217264,71217999,142435263,YES
661,662,145,725000000000,725071276429,725143609381,71276429,72332952,143609381,YES
661,662,146,730000000000,730072165759,730181061392,72165759,108895633,181061392,YES
661,662,147,735000000000,735071429986,735142861173,71429986,71431187,142861173,YES
661,662,148,740000000000,740071523134,740143047608,71523134,71524474,143047608,YES
661,662,149,745000000000,745071626327,745143254126,71626327,71627799,143254126,YES
661,662,150,750000000000,750071738918,750143479434,71738918,71740516,143479434,YES
661,662,151,755000000000,755071860279,755143722284,71860279,71862005,143722284,YES
661,662,152,760000000000,760071989797,760143981432,71989797,71991635,143981432,YES
661,662,153,765000000000,765072322057,765144450910,72322057,72128853,144450910,YES
661,662,154,770000000000,770075765011,770155736757,75765011,79971746,155736757,YES
661,662,155,775000000000,775075789238,775175445827,75789238,99656589,175445827,YES
661,662,156,780000000000,780075787438,780170954394,75787438,95166956,170954394,YES
661,662,157,785000000000,785075860385,785158199275,75860385,82338890,158199275,YES
661,662,158,790000000000,790037322380,790074643315,37322380,37320935,74643315,YES
661,662,159,795000000000,795037298495,795074595588,37298495,37297093,74595588,YES
661,662,160,800000000000,800037279416,800074557475,37279416,37278059,74557475,YES
661,662,161,805000000000,805038832507,805076134799,38832507,37302292,76134799,YES
661,662,162,810000000000,810097183989,810190807671,97183989,93623682,190807671,YES
661,662,163,815000000000,815042908292,815085815039,42908292,42906747,85815039,YES
661,662,164,820000000000,820045341584,820088061104,45341584,42719520,88061104,YES
661,662,165,825000000000,825042539886,825085078392,42539886,42538506,85078392,YES
661,662,166,830000000000,830043735959,830088688004,43735959,44952045,88688004,YES
661,662,167,835000000000,835042197355,835086495606,42197355,44298251,86495606,YES
661,662,168,840000000000,840042036988,840084072862,42036988,42035874,84072862,YES
661,662,169,845000000000,845041884529,845083768062,41884529,41883533,83768062,YES
661,662,170,850000000000,850041706871,850084332675,41706871,42625804,84332675,YES
661,662,171,855000000000,855041571633,855083142455,41571633,41570822,83142455,YES
661,662,172,860000000000,860041445664,860082890624,41445664,41444960,82890624,YES
661,662,173,865000000000,865044310559,865085639258,44310559,41328699,85639258,YES
661,662,174,870000000000,870041223074,870083143236,41223074,41920162,83143236,YES
661,662,175,875000000000,875041127125,875082253871,41127125,41126746,82253871,YES
661,662,176,880000000000,880041041777,880082083281,41041777,41041504,82083281,YES
661,662,177,885000000000,885040967253,885081934343,40967253,40967090,81934343,YES
661,662,178,890000000000,890040903724,890081807387,40903724,40903663,81807387,YES
661,662,179,895000000000,895040851319,895081702674,40851319,40851355,81702674,YES
661,662,180,900000000000,900040810119,900081620365,40810119,40810246,81620365,YES
661,662,181,905000000000,905070987188,905215861000,70987188,144873812,215861000,YES
661,662,182,910000000000,910076845459,910147756800,76845459,70911341,147756800,YES
661,662,183,915000000000,915070839978,915141678778,70839978,70838800,141678778,YES
661,662,184,920000000000,920070780065,920142447663,70780065,71667598,142447663,YES
661,662,185,925000000000,925070733430,925141466040,70733430,70732610,141466040,YES
661,662,186,930000000000,930070700370,930144354015,70700370,73653645,144354015,YES
661,662,187,935000000000,935070681063,935147086605,70681063,76405542,147086605,YES
661,662,188,940000000000,940070675566,940141350883,70675566,70675317,141350883,YES
661,662,189,945000000000,945072557750,945143241510,72557750,70683760,143241510,YES
661,662,190,950000000000,950070705618,950143920217,70705618,73214599,143920217,YES
661,662,191,955000000000,955070740693,955143177374,70740693,72436681,143177374,YES
661,662,192,960000000000,960070788649,960141577808,70788649,70789159,141577808,YES
661,662,193,965000000000,965070849009,965143760656,70849009,72911647,143760656,YES
661,662,194,970000000000,970070921237,970141843339,70921237,70922102,141843339,YES
661,662,195,975000000000,975071004749,975142010540,71004749,71005791,142010540,YES
661,662,196,980000000000,980071098935,980142199069,71098935,71100134,142199069,YES
661,662,197,985000000000,985071203166,985142407691,71203166,71204525,142407691,YES
661,662,198,990000000000,990072042673,990143361006,72042673,71318333,143361006,YES
661,662,199,995000000000,995071439277,995147206789,71439277,75767512,147206789,YES
661,662,200,1000000000000,1000071927029,1000209319487,71927029,137392458,209319487,YES
661,662,201,1005000000000,1005071708258,1005143418394,71708258,71710136,143418394,YES
661,662,202,1010000000000,1010071853690,1010143709366,71853690,71855676,143709366,YES
661,662,203,1015000000000,1015076529436,1015152052570,76529436,75523134,152052570,YES
661,662,204,1020000000000,1020037418129,1020074834818,37418129,37416689,74834818,YES
661,662,205,1025000000000,1025095825377,1025189228821,95825377,93403444,189228821,YES
661,662,206,1030000000000,1030093305701,1030189777215,93305701,96471514,189777215,YES
661,662,207,1035000000000,1035093214320,1035187652037,93214320,94437717,187652037,YES
661,662,208,1040000000000,1040093132382,1040191534833,93132382,98402451,191534833,YES
661,662,209,1045000000000,1045096129392,1045190318142,96129392,94188750,190318142,YES
661,662,210,1050000000000,1050095306179,1050194934949,95306179,99628770,194934949,YES
661,662,211,1055000000000,1055092946822,1055191632517,92946822,98685695,191632517,YES
661,662,212,1060000000000,1060096340229,1060190743560,96340229,94403331,190743560,YES
661,662,213,1065000000000,1065092876756,1065185752369,92876756,92875613,185752369,YES
661,662,214,1070000000000,1070092858743,1070185716577,92858743,92857834,185716577,YES
661,662,215,1075000000000,1075093647804,1075186499563,93647804,92851759,186499563,YES
661,662,216,1080000000000,1080092858009,1080193346060,92858009,100488051,193346060,YES
661,662,217,1085000000000,1085042453756,1085084906641,42453756,42452885,84906641,YES
661,662,218,1090000000000,1090043330590,1090085614653,43330590,42284063,85614653,YES
661,662,219,1095000000000,1095042158104,1095084315546,42158104,42157442,84315546,YES
661,662,220,1100000000000,1100042040196,1100084079833,42040196,42039637,84079833,YES
661,662,221,1105000000000,1105041931391,1105083862343,41931391,41930952,83862343,YES
661,662,222,1110000000000,1110041831912,1110083663488,41831912,41831576,83663488,YES
661,662,223,1115000000000,1115041741941,1115089405107,41741941,47663166,89405107,YES
661,662,224,1120000000000,1120041661624,1120086368882,41661624,44707258,86368882,YES
661,662,225,1125000000000,1125041591073,1125083182103,41591073,41591030,83182103,YES
661,662,226,1130000000000,1130071730690,1130170500005,71730690,98769315,170500005,YES
661,662,227,1135000000000,1135071613828,1135145614349,71613828,74000521,145614349,YES
661,662,228,1140000000000,1140071507467,1140143927910,71507467,72420443,143927910,YES
661,662,229,1145000000000,1145071412226,1145142823152,71412226,71410926,142823152,YES
661,662,230,1150000000000,1150071328689,1150142656257,71328689,71327568,142656257,YES
661,662,231,1155000000000,1155071257400,1155142513862,71257400,71256462,142513862,YES
661,662,232,1160000000000,1160071198845,1160144307690,71198845,73108845,144307690,YES
661,662,233,1165000000000,1165071153410,1165144593757,71153410,73440347,144593757,YES
661,662,234,1170000000000,1170071121408,1170142242468,71121408,71121060,142242468,YES
661,662,235,1175000000000,1175071103032,1175142205920,71103032,71102888,142205920,YES
661,662,236,1180000000000,1180071098362,1180142196784,71098362,71098422,142196784,YES
661,662,237,1185000000000,1185071107351,1185145154498,71107351,74047147,145154498,YES
661,662,238,1190000000000,1190071129842,1190142260140,71129842,71130298,142260140,YES
661,662,239,1195000000000,1195071355782,1195145948685,71355782,74592903,145948685,YES
662,663,0,0,98069798,206308698,98069798,108238900,206308698,YES
662,663,1,5000000000,5103424598,5209050875,103424598,105626277,209050875,YES
662,663,2,10000000000,10101102313,10207007906,101102313,105905593,207007906,YES
662,663,3,15000000000,15099178599,15197452714,99178599,98274115,197452714,YES
662,663,4,20000000000,20032011866,20064023994,32011866,32012128,64023994,YES
662,663,5,25000000000,25032127562,25064255470,32127562,32127908,64255470,YES
662,663,6,30000000000,30032252237,30064504902,32252237,32252665,64504902,YES
662,663,7,35000000000,35032547347,35064933311,32547347,32385964,64933311,YES
662,663,8,40000000000,40095066356,40179863882,95066356,84797526,179863882,YES
662,663,9,45000000000,45084775529,45169552308,84775529,84776779,169552308,YES
662,663,10,50000000000,50084764862,50169531166,84764862,84766304,169531166,YES
662,663,11,55000000000,55084764418,55169530456,84764418,84766038,169530456,YES
662,663,12,60000000000,60084774062,60169549911,84774062,84775849,169549911,YES
662,663,13,65000000000,65084793635,65169589222,84793635,84795587,169589222,YES
662,663,14,70000000000,70084822998,70184884187,84822998,100061189,184884187,YES
662,663,15,75000000000,75084861993,75189010248,84861993,104148255,189010248,YES
662,663,16,80000000000,80084910445,80187144321,84910445,102233876,187144321,YES
662,663,17,85000000000,85084968184,85169938847,84968184,84970663,169938847,YES
662,663,18,90000000000,90085035027,90170072641,85035027,85037614,170072641,YES
662,663,19,95000000000,95085110779,95170224249,85110779,85113470,170224249,YES
662,663,20,100000000000,100037939253,100075879737,37939253,37940484,75879737,YES
662,663,21,105000000000,105037966286,105075933835,37966286,37967549,75933835,YES
662,663,22,110000000000,110099130312,110198257004,99130312,99126692,198257004,YES
662,663,23,115000000000,115098968820,115197934145,98968820,98965325,197934145,YES
662,663,24,120000000000,120098814228,120210652491,98814228,111838263,210652491,YES
662,663,25,125000000000,125098667027,125214576604,98667027,115909577,214576604,YES
662,663,26,130000000000,130150034236,130260509384,150034236,110475148,260509384,YES
662,663,27,135000000000,135107883184,135206276824,107883184,98393640,206276824,YES
662,663,28,140000000000,140105011310,140203283433,105011310,98272123,203283433,YES
662,663,29,145000000000,145123498396,145221658266,123498396,98159870,221658266,YES
662,663,30,150000000000,150098260567,150196319494,98260567,98058927,196319494,YES
662,663,31,155000000000,155097970964,155195939458,97970964,97968494,195939458,YES
662,663,32,160000000000,160097892073,160195781847,97892073,97889774,195781847,YES
662,663,33,165000000000,165108974380,165206797684,108974380,97823304,206797684,YES
662,663,34,170000000000,170097772006,170195542103,97772006,97770097,195542103,YES
662,663,35,175000000000,175100459838,175198190166,100459838,97730328,198190166,YES
662,663,36,180000000000,180097706157,180195410857,97706157,97704700,195410857,YES
662,663,37,185000000000,185097694805,185195388399,97694805,97693594,195388399,YES
662,663,38,190000000000,190097698328,190195395708,97698328,97697380,195395708,YES
662,663,39,195000000000,195100251487,195197967806,100251487,97716319,197967806,YES
662,663,40,200000000000,200097750886,200203671805,97750886,105920919,203671805,YES
662,663,41,205000000000,205097800089,205195600102,97800089,97800013,195600102,YES
662,663,42,210000000000,210097864497,210195729229,97864497,97864732,195729229,YES
662,663,43,215000000000,215097919504,215195838170,97919504,97918666,195838170,YES
662,663,44,220000000000,220097961394,220195922270,97961394,97960876,195922270,YES
662,663,45,225000000000,225097984012,225195967821,97984012,97983809,195967821,YES
662,663,46,230000000000,230098020482,230196041085,98020482,98020603,196041085,YES
662,663,47,235000000000,235098070251,235196140928,98070251,98070677,196140928,YES
662,663,48,240000000000,240101115198,240199248676,101115198,98133478,199248676,YES
662,663,49,245000000000,245100755764,245198964031,100755764,98208267,198964031,YES
662,663,50,250000000000,250098293134,250206442861,98293134,108149727,206442861,YES
662,663,51,255000000000,-1,-1,-1,-1,-1,LOST
662,663,52,260000000000,260098496357,260208177966,98496357,109681609,208177966,YES
662,663,53,265000000000,265103628880,265203933440,103628880,100304560,203933440,YES
662,663,54,270000000000,270098737131,270202009225,98737131,103272094,202009225,YES
662,663,55,275000000000,275098870067,275199493784,98870067,100623717,199493784,YES
662,663,56,280000000000,280085074080,280170149423,85074080,85075343,170149423,YES
662,663,57,285000000000,285086237113,285171305265,86237113,85068152,171305265,YES
662,663,58,290000000000,290085069124,290176373596,85069124,91304472,176373596,YES
662,663,59,295000000000,295085081189,295174419791,85081189,89338602,174419791,YES
662,663,60,300000000000,300085102779,300172479173,85102779,87376394,172479173,YES
662,663,61,305000000000,305085133755,305170269565,85133755,85135810,170269565,YES
662,663,62,310000000000,310085173968,310170350120,85173968,85176152,170350120,YES
662,663,63,315000000000,315085223256,315170448821,85223256,85225565,170448821,YES
662,663,64,320000000000,320085247859,320170498144,85247859,85250285,170498144,YES
662,663,65,325000000000,325085314798,325170632128,85314798,85317330,170632128,YES
662,663,66,330000000000,330085390292,330170783214,85390292,85392922,170783214,YES
662,663,67,335000000000,335039751963,335078490190,39751963,38738227,78490190,YES
662,663,68,340000000000,340038755658,340077512572,38755658,38756914,77512572,YES
662,663,69,345000000000,345102904715,345202530828,102904715,99626113,202530828,YES
662,663,70,350000000000,350105553308,350205004582,105553308,99451274,205004582,YES
662,663,71,355000000000,355099286118,355198568618,99286118,99282500,198568618,YES
662,663,72,360000000000,360099089602,360198175669,99089602,99086067,198175669,YES
662,663,73,365000000000,365115612871,365214542204,115612871,98929333,214542204,YES
662,663,74,370000000000,370103723552,370202504053,103723552,98780501,202504053,YES
662,663,75,375000000000,375099573675,375198212630,99573675,98638955,198212630,YES
662,663,76,380000000000,380098508489,380197013891,98508489,98505402,197013891,YES
662,663,77,385000000000,385099943578,385198324046,99943578,98380468,198324046,YES
662,663,78,390000000000,390098407759,390196672623,98407759,98264864,196672623,YES
662,663,79,395000000000,395098161868,395196321058,98161868,98159190,196321058,YES
662,663,80,400000000000,400098066622,400204694083,98066622,106627461,204694083,YES
662,663,81,405000000000,405097982645,405195962938,97982645,97980293,195962938,YES
662,663,82,410000000000,410097910618,410197055248,97910618,99144630,197055248,YES
662,663,83,415000000000,415097851181,415195700375,97851181,97849194,195700375,YES
662,663,84,420000000000,420099371702,420197174872,99371702,97803170,197174872,YES
662,663,85,425000000000,425097772537,425195543517,97772537,97770980,195543517,YES
662,663,86,430000000000,430097754395,430195803506,97754395,98049111,195803506,YES
662,663,87,435000000000,435097750951,435196417614,97750951,98666663,196417614,YES
662,663,88,440000000000,440103126200,440206306253,103126200,103180053,206306253,YES
662,663,89,445000000000,445097809884,445208179560,97809884,110369676,208179560,YES
662,663,90,450000000000,450097744575,450202554805,97744575,104810230,202554805,YES
662,663,91,455000000000,455097721641,455202230341,97721641,104508700,202230341,YES
662,663,92,460000000000,460115322860,460213035893,115322860,97713033,213035893,YES
662,663,93,465000000000,465109770179,465207490837,109770179,97720658,207490837,YES
662,663,94,470000000000,470101002852,470206500386,101002852,105497534,206500386,YES
662,663,95,475000000000,475097779312,475195558681,97779312,97779369,195558681,YES
662,663,96,480000000000,480097829223,480195658816,97829223,97829593,195658816,YES
662,663,97,485000000000,485097925897,485200330688,97925897,102404791,200330688,YES
662,663,98,490000000000,490098001499,490203214596,98001499,105213097,203214596,YES
662,663,99,495000000000,495098088966,495202676470,98088966,104587504,202676470,YES
662,663,100,500000000000,500106622687,500204811978,106622687,98189291,204811978,YES
662,663,101,505000000000,505098422995,505204716070,98422995,106293075,204716070,YES
662,663,102,510000000000,510098415795,510202620358,98415795,104204563,202620358,YES
662,663,103,515000000000,515098543999,515197090194,98543999,98546195,197090194,YES
662,663,104,520000000000,520098680791,520197363990,98680791,98683199,197363990,YES
662,663,105,525000000000,525098825586,525197653763,98825586,98828177,197653763,YES
662,663,106,530000000000,530056992526,530113985985,56992526,56993459,113985985,YES
662,663,107,535000000000,535058329786,535115305620,58329786,56975834,115305620,YES
662,663,108,540000000000,540059977122,540116904114,59977122,56926992,116904114,YES
662,663,109,545000000000,545060742954,545117613697,60742954,56870743,117613697,YES
662,663,110,550000000000,550056853762,550114056558,56853762,57202796,114056558,YES
662,663,111,555000000000,555056844562,555113690363,56844562,56845801,113690363,YES
662,663,112,560000000000,560099939858,560207163996,99939858,107224138,207163996,YES
662,663,113,565000000000,565093781854,565195970662,93781854,102188808,195970662,YES
662,663,114,570000000000,570094165824,570202236984,94165824,108071160,202236984,YES
662,663,115,575000000000,575103119096,575205565911,103119096,102446815,205565911,YES
662,663,116,580000000000,580099583407,580199155801,99583407,99572394,199155801,YES
662,663,117,585000000000,585099409223,585211637947,99409223,112228724,211637947,YES
662,663,118,590000000000,590099362064,590252115846,99362064,152753782,252115846,YES
662,663,119,595000000000,595099094132,595260619319,99094132,161525187,260619319,YES
662,663,120,600000000000,600098946718,600199634533,98946718,100687815,199634533,YES
662,663,121,605000000000,605098773082,605197543018,98773082,98769936,197543018,YES
662,663,122,610000000000,610100701076,610199338944,100701076,98637868,199338944,YES
662,663,123,615000000000,615100382249,615198896573,100382249,98514324,198896573,YES
662,663,124,620000000000,620098402678,620196802571,98402678,98399893,196802571,YES
662,663,125,625000000000,625098297759,625200690808,98297759,102393049,200690808,YES
662,663,126,630000000000,630103727197,630201927787,103727197,98200590,201927787,YES
662,663,127,635000000000,635098119586,635196236852,98119586,98117266,196236852,YES
662,663,128,640000000000,640104301012,640202346444,104301012,98045432,202346444,YES
662,663,129,645000000000,645097988034,645195974113,97988034,97986079,195974113,YES
662,663,130,650000000000,650097941333,650195880912,97941333,97939579,195880912,YES
662,663,131,655000000000,655105965128,655203871672,105965128,97906544,203871672,YES
662,663,132,660000000000,660097888909,660195776507,97888909,97887598,195776507,YES
662,663,133,665000000000,665097884106,665199420521,97884106,101536415,199420521,YES
662,663,134,670000000000,670102086745,670199980009,102086745,97893264,199980009,YES
662,663,135,675000000000,675097918967,675195837399,97918967,97918432,195837399,YES
662,663,136,680000000000,680102822922,680200704982,102822922,97882060,200704982,YES
662,663,137,685000000000,685097853021,685204681881,97853021,106828860,204681881,YES
662,663,138,690000000000,690097837347,690205977854,97837347,108140507,205977854,YES
662,663,139,695000000000,695104745413,695202581211,104745413,97835798,202581211,YES
662,663,140,700000000000,700097850241,700195700063,97850241,97849822,195700063,YES
662,663,141,705000000000,705051457675,705126172118,51457675,74714443,126172118,YES
662,663,142,710000000000,710051446275,710102892443,51446275,51446168,102892443,YES
662,663,143,715000000000,715051446683,715102893397,51446683,51446714,102893397,YES
662,663,144,720000000000,720051458335,720102916830,51458335,51458495,102916830,YES
662,663,145,725000000000,725051480614,725102961509,51480614,51480895,102961509,YES
662,663,146,730000000000,730061965801,730113479135,61965801,51513334,113479135,YES
662,663,147,735000000000,735051554411,735103109329,51554411,51554918,103109329,YES
662,663,148,740000000000,740051604592,740105385368,51604592,53780776,105385368,YES
662,663,149,745000000000,745051662744,745103326203,51662744,51663459,103326203,YES
662,663,150,750000000000,750051728214,750103457246,51728214,51729032,103457246,YES
662,663,151,755000000000,755051800428,755103601753,51800428,51801325,103601753,YES
662,663,152,760000000000,760051878803,760103758576,51878803,51879773,103758576,YES
662,663,153,765000000000,765051962802,765103926639,51962802,51963837,103926639,YES
662,663,154,770000000000,770052051938,770104104986,52051938,52053048,104104986,YES
662,663,155,775000000000,775056932813,775113866697,56932813,56933884,113866697,YES
662,663,156,780000000000,780093837560,780217250411,93837560,123412851,217250411,YES
662,663,157,785000000000,785093823594,785262530613,93823594,168707019,262530613,YES
662,663,158,790000000000,790093848871,790220056679,93848871,126207808,220056679,YES
662,663,159,795000000000,795093846146,795198198769,93846146,104352623,198198769,YES
662,663,160,800000000000,800093849006,800195548477,93849006,101699471,195548477,YES
662,663,161,805000000000,805093857458,805194909903,93857458,101052445,194909903,YES
662,663,162,810000000000,810037836510,810075673064,37836510,37836554,75673064,YES
662,663,163,815000000000,-1,-1,-1,-1,-1,LOST
662,663,164,820000000000,820190791107,820290194595,190791107,99403488,290194595,YES
662,663,165,825000000000,825199522492,825298769330,199522492,99246838,298769330,YES
662,663,166,830000000000,830102165976,830201274142,102165976,99108166,201274142,YES
662,663,167,835000000000,835098937050,835197870956,98937050,98933906,197870956,YES
662,663,168,840000000000,840101191205,840202479349,101191205,101288144,202479349,YES
662,663,169,845000000000,845104114759,845206388139,104114759,102273380,206388139,YES
662,663,170,850000000000,850103873798,850204307440,103873798,100433642,204307440,YES
662,663,171,855000000000,855098416979,855196831322,98416979,98414343,196831322,YES
662,663,172,860000000000,860098319096,860196635701,98319096,98316605,196635701,YES
662,663,173,865000000000,865102083995,865201920449,102083995,99836454,201920449,YES
662,663,174,870000000000,870101494356,870199648280,101494356,98153924,199648280,YES
662,663,175,875000000000,875168987056,875267076573,168987056,98089517,267076573,YES
662,663,176,880000000000,880099280190,880197319427,99280190,98039237,197319427,YES
662,663,177,885000000000,885098002851,885196004138,98002851,98001287,196004138,YES
662,663,178,890000000000,890097978272,890197687866,97978272,99709594,197687866,YES
662,663,179,895000000000,895106791918,895206971116,106791918,100179198,206971116,YES
662,663,180,900000000000,900051835152,900103669069,51835152,51833917,103669069,YES
662,663,181,905000000000,905051729886,905103458664,51729886,51728778,103458664,YES
662,663,182,910000000000,910051637494,910103274007,51637494,51636513,103274007,YES
662,663,183,915000000000,915051558173,915103115495,51558173,51557322,103115495,YES
662,663,184,920000000000,920051491990,920102983263,51491990,51491273,102983263,YES
662,663,185,925000000000,925051438892,925102877204,51438892,51438312,102877204,YES
662,663,186,930000000000,930051398706,930102796969,51398706,51398263,102796969,YES
662,663,187,935000000000,935054109975,935105480806,54109975,51370831,105480806,YES
662,663,188,940000000000,940051355824,940102711476,51355824,51355652,102711476,YES
662,663,189,945000000000,945051352272,945102704502,51352272,51352230,102704502,YES
662,663,190,950000000000,950051359946,950102719977,51359946,51360031,102719977,YES
662,663,191,955000000000,955051378256,955102756717,51378256,51378461,102756717,YES
662,663,192,960000000000,960051406573,960102813465,51406573,51406892,102813465,YES
662,663,193,965000000000,965051477851,965102956130,51477851,51478279,102956130,YES
662,663,194,970000000000,970051524233,970103049011,51524233,51524778,103049011,YES
662,663,195,975000000000,975051578708,975103158054,51578708,51579346,103158054,YES
662,663,196,980000000000,980051640642,980103282010,51640642,51641368,103282010,YES
662,663,197,985000000000,985051709442,985103419693,51709442,51710251,103419693,YES
662,663,198,990000000000,990051784547,990103569995,51784547,51785448,103569995,YES
662,663,199,995000000000,995051865432,995103731828,51865432,51866396,103731828,YES
662,663,200,1000000000000,-1,-1,-1,-1,-1,LOST
662,663,201,1005000000000,1005052042608,1005104086323,52042608,52043715,104086323,YES
662,663,202,1010000000000,1010096803513,1010200884315,96803513,104080802,200884315,YES
662,663,203,1015000000000,1015096892564,1015200844623,96892564,103952059,200844623,YES
662,663,204,1020000000000,1020096990207,1020199022864,96990207,102032657,199022864,YES
662,663,205,1025000000000,1025033356395,1025066712456,33356395,33356061,66712456,YES
662,663,206,1030000000000,1030038086732,1030076173110,38086732,38086378,76173110,YES
662,663,207,1035000000000,1035038004074,1035076007857,38004074,38003783,76007857,YES
662,663,208,1040000000000,1040037927195,1040075854178,37927195,37926983,75854178,YES
662,663,209,1045000000000,1045037856339,1045075712527,37856339,37856188,75712527,YES
662,663,210,1050000000000,1050037791756,1050075583425,37791756,37791669,75583425,YES
662,663,211,1055000000000,1055037733695,1055075467367,37733695,37733672,75467367,YES
662,663,212,1060000000000,1060037682396,1060075364836,37682396,37682440,75364836,YES
662,663,213,1065000000000,1065037638111,1065075276331,37638111,37638220,75276331,YES
662,663,214,1070000000000,1070037601077,1070075202328,37601077,37601251,75202328,YES
662,663,215,1075000000000,1075037571540,1075075143321,37571540,37571781,75143321,YES
662,663,216,1080000000000,1080037549730,1080075099781,37549730,37550051,75099781,YES
662,663,217,1085000000000,1085109083130,1085212494695,109083130,103411565,212494695,YES
662,663,218,1090000000000,1090107013575,1090214203383,107013575,107189808,214203383,YES
662,663,219,1095000000000,1095098932696,1095206358825,98932696,107426129,206358825,YES
662,663,220,1100000000000,1100100261560,1100199057665,100261560,98796105,199057665,YES
662,663,221,1105000000000,1105053166097,1105106330208,53166097,53164111,106330208,YES
662,663,222,1110000000000,1110052971666,1110105941426,52971666,52969760,105941426,YES
662,663,223,1115000000000,1115055734494,1115108517877,55734494,52783383,108517877,YES
662,663,224,1120000000000,1120052607703,1120105213668,52607703,52605965,105213668,YES
662,663,225,1125000000000,1125052439503,1125104877348,52439503,52437845,104877348,YES
662,663,226,1130000000000,1130052281368,1130104561171,52281368,52279803,104561171,YES
662,663,227,1135000000000,1135052133943,1135104266418,52133943,52132475,104266418,YES
662,663,228,1140000000000,1140051997805,1140103994244,51997805,51996439,103994244,YES
662,663,229,1145000000000,1145051873469,1145103745683,51873469,51872214,103745683,YES
662,663,230,1150000000000,1150051761371,1150103521596,51761371,51760225,103521596,YES
662,663,231,1155000000000,1155051661847,1155103322661,51661847,51660814,103322661,YES
662,663,232,1160000000000,1160051575119,1160103149330,51575119,51574211,103149330,YES
662,663,233,1165000000000,1165051501289,1165103001794,51501289,51500505,103001794,YES
662,663,234,1170000000000,1170051440340,1170102880022,51440340,51439682,102880022,YES
662,663,235,1175000000000,1175051392131,1175102783733,51392131,51391602,102783733,YES
662,663,236,1180000000000,1180051356428,1180102712451,51356428,51356023,102712451,YES
662,663,237,1185000000000,1185051332876,1185102665474,51332876,51332598,102665474,YES
662,663,238,1190000000000,1190051321057,1190102641959,51321057,51320902,102641959,YES
662,663,239,1195000000000,1195052716929,1195104037368,52716929,51320439,104037368,YES
663,664,0,0,58119194,116240198,58119194,58121004,116240198,YES
663,664,1,5000000000,5058263364,5116528664,58263364,58265300,116528664,YES
663,664,2,10000000000,10058417906,10116837851,58417906,58419945,116837851,YES
663,664,3,15000000000,15060371846,15123178991,60371846,62807145,123178991,YES
663,664,4,20000000000,20060362848,20134737315,60362848,74374467,134737315,YES
663,664,5,25000000000,25091968136,25152332120,91968136,60363984,152332120,YES
663,664,6,30000000000,30063840911,30130549858,63840911,66708947,130549858,YES
663,664,7,35000000000,35060386428,35122547339,60386428,62160911,122547339,YES
663,664,8,40000000000,40051533580,40103066009,51533580,51532429,103066009,YES
663,664,9,45000000000,45054412737,45105843211,54412737,51430474,105843211,YES
663,664,10,50000000000,50053780220,50105119161,53780220,51338941,105119161,YES
663,664,11,55000000000,55051259064,55102517265,51259064,51258201,102517265,YES
663,664,12,60000000000,60051965983,60103154524,51965983,51188541,103154524,YES
663,664,13,65000000000,65056711434,65107841727,56711434,51130293,107841727,YES
663,664,14,70000000000,70055944658,70107028515,55944658,51083857,107028515,YES
663,664,15,75000000000,75051049846,75102099246,51049846,51049400,102099246,YES
663,664,16,80000000000,80052905231,80103932254,52905231,51027023,103932254,YES
663,664,17,85000000000,85051017107,85102033988,51017107,51016881,102033988,YES
663,664,18,90000000000,90051019094,90102038076,51019094,51018982,102038076,YES
663,664,19,95000000000,95051033291,95122545760,51033291,71512469,122545760,YES
663,664,20,100000000000,100054290903,100178879038,54290903,124588135,178879038,YES
663,664,21,105000000000,105054241347,105115022595,54241347,60781248,115022595,YES
663,664,22,110000000000,110059414573,110113614406,59414573,54199833,113614406,YES
663,664,23,115000000000,115054171235,115108341000,54171235,54169765,108341000,YES
663,664,24,120000000000,120054150814,120108300249,54150814,54149435,108300249,YES
663,664,25,125000000000,125064548117,125118687074,64548117,54138957,118687074,YES
663,664,26,130000000000,130062619999,130121220150,62619999,58600151,121220150,YES
663,664,27,135000000000,135054149169,135109063973,54149169,54914804,109063973,YES
663,664,28,140000000000,140054168880,140114222401,54168880,60053521,114222401,YES
663,664,29,145000000000,145057667763,145143034210,57667763,85366447,143034210,YES
663,664,30,150000000000,150057555898,150115502020,57555898,57946122,115502020,YES
663,664,31,155000000000,155057489322,155115964599,57489322,58475277,115964599,YES
663,664,32,160000000000,160057435007,160114869549,57435007,57434542,114869549,YES
663,664,33,165000000000,165057393481,165117038382,57393481,59644901,117038382,YES
663,664,34,170000000000,170057365211,170114730300,57365211,57365089,114730300,YES
663,664,35,175000000000,175057350588,175117055089,57350588,59704501,117055089,YES
663,664,36,180000000000,180058350702,180115700848,58350702,57350146,115700848,YES
663,664,37,185000000000,185057363374,185114727164,57363374,57363790,114727164,YES
663,664,38,190000000000,190057391068,190114782730,57391068,57391662,114782730,YES
663,664,39,195000000000,195057432966,195118999535,57432966,61566569,118999535,YES
663,664,40,200000000000,200066400282,200123890265,66400282,57489983,123890265,YES
663,664,41,205000000000,205057558731,205115118572,57558731,57559841,115118572,YES
663,664,42,210000000000,210057642045,210115285357,57642045,57643312,115285357,YES
663,664,43,215000000000,215058267572,215116017070,58267572,57749498,116017070,YES
663,664,44,220000000000,220057881176,220115763907,57881176,57882731,115763907,YES
663,664,45,225000000000,225058002438,225116006563,58002438,58004125,116006563,YES
663,664,46,230000000000,230058135333,230116272488,58135333,58137155,116272488,YES
663,664,47,235000000000,235058279313,235116560565,58279313,58281252,116560565,YES
663,664,48,240000000000,240058433831,240119470468,58433831,61036637,119470468,YES
663,664,49,245000000000,245058598320,245120257241,58598320,61658921,120257241,YES
663,664,50,250000000000,250058772250,250117546742,58772250,58774492,117546742,YES
663,664,51,255000000000,-1,-1,-1,-1,-1,LOST
663,664,52,260000000000,260067460913,260128410389,67460913,60949476,128410389,YES
663,664,53,265000000000,265064266459,265129174766,64266459,64908307,129174766,YES
663,664,54,270000000000,270062247946,270123202683,62247946,60954737,123202683,YES
663,664,55,275000000000,275066478989,275127447842,66478989,60968853,127447842,YES
663,664,56,280000000000,280051272635,280103500115,51272635,52227480,103500115,YES
663,664,57,285000000000,-1,-1,-1,-1,-1,LOST
663,664,58,290000000000,290055808471,290107090759,55808471,51282288,107090759,YES
663,664,59,295000000000,295050997978,295105058100,50997978,54060122,105058100,YES
663,664,60,300000000000,300052480368,300109037716,52480368,56557348,109037716,YES
663,664,61,305000000000,305050868537,305102350029,50868537,51481492,102350029,YES
663,664,62,310000000000,310053885140,310104705619,53885140,50820479,104705619,YES
663,664,63,315000000000,315050784995,315101569696,50784995,50784701,101569696,YES
663,664,64,320000000000,320050727400,320101454609,50727400,50727209,101454609,YES
663,664,65,325000000000,325050715430,325101430777,50715430,50715347,101430777,YES
663,664,66,330000000000,330051016341,330101731907,51016341,50715566,101731907,YES
663,664,67,335000000000,335061525333,335116019753,61525333,54494420,116019753,YES
663,664,68,340000000000,340057158679,340111581114,57158679,54422435,111581114,YES
663,664,69,345000000000,345054361572,345108721410,54361572,54359838,108721410,YES
663,664,70,350000000000,350054308374,350108615081,54308374,54306707,108615081,YES
663,664,71,355000000000,355054264745,355108527897,54264745,54263152,108527897,YES
663,664,72,360000000000,360054197150,360108392785,54197150,54195635,108392785,YES
663,664,73,365000000000,365054172849,365129412662,54172849,75239813,129412662,YES
663,664,74,370000000000,370054158319,370112934632,54158319,58776313,112934632,YES
663,664,75,375000000000,375054191541,375113813320,54191541,59621779,113813320,YES
663,664,76,380000000000,380054158952,380108316760,54158952,54157808,108316760,YES
663,664,77,385000000000,385056437844,385112874561,56437844,56436717,112874561,YES
663,664,78,390000000000,390056357078,390115615837,56357078,59258759,115615837,YES
663,664,79,395000000000,395056287492,395112574123,56287492,56286631,112574123,YES
663,664,80,400000000000,400056414386,400112643336,56414386,56228950,112643336,YES
663,664,81,405000000000,405056184154,405112367747,56184154,56183593,112367747,YES
663,664,82,410000000000,410056151475,410112302550,56151475,56151075,112302550,YES
663,664,83,415000000000,415056132070,415113444420,56132070,57312350,113444420,YES
663,664,84,420000000000,420056126305,420112252552,56126305,56126247,112252552,YES
663,664,85,425000000000,425056134451,425112269019,56134451,56134568,112269019,YES
663,664,86,430000000000,430056156663,430112313621,56156663,56156958,112313621,YES
663,664,87,435000000000,435058327284,435115773894,58327284,57446610,115773894,YES
663,664,88,440000000000,440061348691,440122106437,61348691,60757746,122106437,YES
663,664,89,445000000000,445057531927,445115064706,57531927,57532779,115064706,YES
663,664,90,450000000000,450057595929,450115192881,57595929,57596952,115192881,YES
663,664,91,455000000000,455058477324,455116161789,58477324,57684465,116161789,YES
663,664,92,460000000000,460057764775,460115530893,57764775,57766118,115530893,YES
663,664,93,465000000000,465057868838,465115739164,57868838,57870326,115739164,YES
663,664,94,470000000000,470057985375,470115972378,57985375,57987003,115972378,YES
663,664,95,475000000000,475058113868,475116229505,58113868,58115637,116229505,YES
663,664,96,480000000000,480058253772,480116509437,58253772,58255665,116509437,YES
663,664,97,485000000000,485061003701,485119443927,61003701,58440226,119443927,YES
663,664,98,490000000000,490058599197,490117200502,58599197,58601305,117200502,YES
663,664,99,495000000000,495066104617,495126331390,66104617,60226773,126331390,YES
663,664,100,500000000000,500060223047,500120447746,60223047,60224699,120447746,YES
663,664,101,505000000000,505066876232,505127107360,66876232,60231128,127107360,YES
663,664,102,510000000000,510063713325,510123959318,63713325,60245993,123959318,YES
663,664,103,515000000000,515060267413,515120536710,60267413,60269297,120536710,YES
663,664,104,520000000000,520060299165,520120600276,60299165,60301111,120600276,YES
663,664,105,525000000000,525060339439,525120680889,60339439,60341450,120680889,YES
663,664,106,530000000000,530051094885,530102189143,51094885,51094258,102189143,YES
663,664,107,535000000000,535053510250,535120978686,53510250,67468436,120978686,YES
663,664,108,540000000000,540057451244,540125448581,57451244,67997337,125448581,YES
663,664,109,545000000000,-1,-1,-1,-1,-1,LOST
663,664,110,550000000000,550054859900,550112672438,54859900,57812538,112672438,YES
663,664,111,555000000000,555054942595,555111694764,54942595,56752169,111694764,YES
663,664,112,560000000000,560069830875,560128921086,69830875,59090211,128921086,YES
663,664,113,565000000000,565077376448,565131915040,77376448,54538592,131915040,YES
663,664,114,570000000000,570054468599,570108935385,54468599,54466786,108935385,YES
663,664,115,575000000000,575062102269,575125069132,62102269,62966863,125069132,YES
663,664,116,580000000000,580054352451,580108703237,54352451,54350786,108703237,YES
663,664,117,585000000000,585060773558,585115080557,60773558,54306999,115080557,YES
663,664,118,590000000000,590105079948,590159352586,105079948,54272638,159352586,YES
663,664,119,595000000000,595084932300,595139180644,84932300,54248344,139180644,YES
663,664,120,600000000000,600058696806,600112930530,58696806,54233724,112930530,YES
663,664,121,605000000000,605054196474,605108391683,54196474,54195209,108391683,YES
663,664,122,610000000000,610054201351,610109974618,54201351,55773267,109974618,YES
663,664,123,615000000000,615054216239,615109559783,54216239,55343544,109559783,YES
663,664,124,620000000000,620058011781,620114974683,58011781,56962902,114974683,YES
663,664,125,625000000000,625056879171,625113757450,56879171,56878279,113757450,YES
663,664,126,630000000000,630056805250,630126671200,56805250,69865950,126671200,YES
663,664,127,635000000000,635056742798,635113484985,56742798,56742187,113484985,YES
663,664,128,640000000000,640056692359,640113384268,56692359,56691909,113384268,YES
663,664,129,645000000000,645056654470,645113308656,56654470,56654186,113308656,YES
663,664,130,650000000000,650056629592,650113259072,56629592,56629480,113259072,YES
663,664,131,655000000000,655056618106,655122222687,56618106,65604581,122222687,YES
663,664,132,660000000000,660056620313,660115433291,56620313,58812978,115433291,YES
663,664,133,665000000000,665058413716,665115050531,58413716,56636815,115050531,YES
663,664,134,670000000000,670056666399,670117376329,56666399,60709930,117376329,YES
663,664,135,675000000000,675056710309,675113421386,56710309,56711077,113421386,YES
663,664,136,680000000000,680056707636,680116589196,56707636,59881560,116589196,YES
663,664,137,685000000000,685064947206,685121734317,64947206,56787111,121734317,YES
663,664,138,690000000000,690064100516,690120826045,64100516,56725529,120826045,YES
663,664,139,695000000000,695056752748,695118511679,56752748,61758931,118511679,YES
663,664,140,700000000000,700073059138,700129853239,73059138,56794101,129853239,YES
663,664,141,705000000000,705051514386,705102060571,51514386,50546185,102060571,YES
663,664,142,710000000000,710050595694,710101192186,50595694,50596492,101192186,YES
663,664,143,715000000000,715049838196,715099677300,49838196,49839104,99677300,YES
663,664,144,720000000000,720050172225,720103135639,50172225,52963414,103135639,YES
663,664,145,725000000000,725052214549,725102211844,52214549,49997295,102211844,YES
663,664,146,730000000000,730052325579,730105164032,52325579,52838453,105164032,YES
663,664,147,735000000000,735047588499,735095178150,47588499,47589651,95178150,YES
663,664,148,740000000000,740050821261,740098402864,50821261,47581603,98402864,YES
663,664,149,745000000000,745047580208,745095161707,47580208,47581499,95161707,YES
663,664,150,750000000000,750047587949,750095177249,47587949,47589300,95177249,YES
663,664,151,755000000000,755047603600,755095208611,47603600,47605011,95208611,YES
663,664,152,760000000000,760047627174,760095255820,47627174,47628646,95255820,YES
663,664,153,765000000000,765047658727,765095318977,47658727,47660250,95318977,YES
663,664,154,770000000000,770047698302,770099469884,47698302,51771582,99469884,YES
663,664,155,775000000000,775051304017,775135392559,51304017,84088542,135392559,YES
663,664,156,780000000000,780071213358,780126524817,71213358,55311459,126524817,YES
663,664,157,785000000000,785127392435,785182579648,127392435,55187213,182579648,YES
663,664,158,790000000000,790055234334,790110342604,55234334,55108270,110342604,YES
663,664,159,795000000000,795061571089,795116573969,61571089,55002880,116573969,YES
663,664,160,800000000000,800065436042,800120342842,65436042,54906800,120342842,YES
663,664,161,805000000000,805054822250,805109642717,54822250,54820467,109642717,YES
663,664,162,810000000000,810059421300,810120408017,59421300,60986717,120408017,YES
663,664,163,815000000000,815054678362,815338633585,54678362,283955223,338633585,YES
663,664,164,820000000000,820054621431,820211507589,54621431,156886158,211507589,YES
663,664,165,825000000000,825054574725,825211061509,54574725,156486784,211061509,YES
663,664,166,830000000000,830054538376,830112539290,54538376,58000914,112539290,YES
663,664,167,835000000000,835054512524,835110443688,54512524,55931164,110443688,YES
663,664,168,840000000000,840056176719,840113191017,56176719,57014298,113191017,YES
663,664,169,845000000000,845054459190,845113359476,54459190,58900286,113359476,YES
663,664,170,850000000000,850063568602,850118033206,63568602,54464604,118033206,YES
663,664,171,855000000000,855054482935,855108965011,54482935,54482076,108965011,YES
663,664,172,860000000000,860056816578,860113632347,56816578,56815769,113632347,YES
663,664,173,865000000000,865056748399,865114702546,56748399,57954147,114702546,YES
663,664,174,870000000000,870056692000,870114147149,56692000,57455149,114147149,YES
663,664,175,875000000000,875056647892,875118476719,56647892,61828827,118476719,YES
663,664,176,880000000000,880056616557,880119027418,56616557,62410861,119027418,YES
663,664,177,885000000000,885056598404,885113196788,56598404,56598384,113196788,YES
663,664,178,890000000000,890056593746,890119112154,56593746,62518408,119112154,YES
663,664,179,895000000000,895057327981,895115971071,57327981,58643090,115971071,YES
663,664,180,900000000000,900050403286,900100806251,50403286,50402965,100806251,YES
663,664,181,905000000000,905050360691,905100721210,50360691,50360519,100721210,YES
663,664,182,910000000000,910051630120,910101962121,51630120,50332001,101962121,YES
663,664,183,915000000000,915050317242,915100634614,50317242,50317372,100634614,YES
663,664,184,920000000000,920051647969,920108528611,51647969,56880642,108528611,YES
663,664,185,925000000000,925050328634,925106535218,50328634,56206584,106535218,YES
663,664,186,930000000000,930050354204,930104556334,50354204,54202130,104556334,YES
663,664,187,935000000000,935050392490,935104836578,50392490,54444088,104836578,YES
663,664,188,940000000000,940050371349,940099597702,50371349,49226353,99597702,YES
663,664,189,945000000000,945049271870,945101425705,49271870,52153835,101425705,YES
663,664,190,950000000000,950049329441,950098659892,49329441,49330451,98659892,YES
663,664,191,955000000000,955049397794,955099428048,49397794,50030254,99428048,YES
663,664,192,960000000000,960052696057,960102173742,52696057,49477685,102173742,YES
663,664,193,965000000000,965049598484,965101412172,49598484,51813688,101412172,YES
663,664,194,970000000000,970047532716,970095486900,47532716,47954184,95486900,YES
663,664,195,975000000000,975047533793,975095068896,47533793,47535103,95068896,YES
663,664,196,980000000000,980047542770,980095086915,47542770,47544145,95086915,YES
663,664,197,985000000000,985047559632,985095120697,47559632,47561065,95120697,YES
663,664,198,990000000000,990047584380,990095170249,47584380,47585869,95170249,YES
663,664,199,995000000000,995052714223,995106407345,52714223,53693122,106407345,YES
663,664,200,1000000000000,1000050849798,1000105064046,50849798,54214248,105064046,YES
663,664,201,1005000000000,1005047706294,1005095414224,47706294,47707930,95414224,YES
663,664,202,1010000000000,1010066324096,1010124570150,66324096,58246054,124570150,YES
663,664,203,1015000000000,1015064056886,1015122284143,64056886,58227257,122284143,YES
663,664,204,1020000000000,1020062718187,1020120938082,62718187,58219895,120938082,YES
663,664,205,1025000000000,1025058223575,1025116447625,58223575,58224050,116447625,YES
663,664,206,1030000000000,1030054897533,1030109793129,54897533,54895596,109793129,YES
663,664,207,1035000000000,1035059353424,1035114157486,59353424,54804062,114157486,YES
663,664,208,1040000000000,1040057304309,1040112026051,57304309,54721742,112026051,YES
663,664,209,1045000000000,1045054650443,1045115117714,54650443,60467271,115117714,YES
663,664,210,1050000000000,1050054586637,1050113072906,54586637,58486269,113072906,YES
663,664,211,1055000000000,1055058821204,1055113351786,58821204,54530582,113351786,YES
663,664,212,1060000000000,1060062495027,1060116980811,62495027,54485784,116980811,YES
663,664,213,1065000000000,1065054452172,1065108902829,54452172,54450657,108902829,YES
663,664,214,1070000000000,1070054426525,1070108851612,54426525,54425087,108851612,YES
663,664,215,1075000000000,1075054410544,1075108819733,54410544,54409189,108819733,YES
663,664,216,1080000000000,1080058132319,1080117164261,58132319,59031942,117164261,YES
663,664,217,1085000000000,1085057880961,1085121082946,57880961,63201985,121082946,YES
663,664,218,1090000000000,1090064126714,1090125722781,64126714,61596067,125722781,YES
663,664,219,1095000000000,1095063189429,1095119835481,63189429,56646052,119835481,YES
663,664,220,1100000000000,1100056988375,1100113526160,56988375,56537785,113526160,YES
663,664,221,1105000000000,1105051287241,1105102573020,51287241,51285779,102573020,YES
663,664,222,1110000000000,1110051156794,1110102357037,51156794,51200243,102357037,YES
663,664,223,1115000000000,1115052468382,1115103504739,52468382,51036357,103504739,YES
663,664,224,1120000000000,1120050930302,1120101859511,50930302,50929209,101859511,YES
663,664,225,1125000000000,1125050835397,1125101669828,50835397,50834431,101669828,YES
663,664,226,1130000000000,1130050753406,1130116435220,50753406,65681814,116435220,YES
663,664,227,1135000000000,1135050684772,1135104901712,50684772,54216940,104901712,YES
663,664,228,1140000000000,1140050629855,1140103011271,50629855,52381416,103011271,YES
663,664,229,1145000000000,1145050588921,1145101177466,50588921,50588545,101177466,YES
663,664,230,1150000000000,1150050562123,1150101124025,50562123,50561902,101124025,YES
663,664,231,1155000000000,1155050549496,1155101098926,50549496,50549430,101098926,YES
663,664,232,1160000000000,1160050550952,1160103416594,50550952,52865642,103416594,YES
663,664,233,1165000000000,1165050566289,1165103863318,50566289,53297029,103863318,YES
663,664,234,1170000000000,1170050595198,1170101190793,50595198,50595595,101190793,YES
663,664,235,1175000000000,1175052256762,1175102894587,52256762,50637825,102894587,YES
663,664,236,1180000000000,1180050692030,1180101384731,50692030,50692701,101384731,YES
663,664,237,1185000000000,1185049559092,1185101777238,49559092,52218146,101777238,YES
663,664,238,1190000000000,1190049620971,1190099242855,49620971,49621884,99242855,YES
663,664,239,1195000000000,1195051608723,1195101303831,51608723,49695108,101303831,YES
664,665,0,0,57202969,114406595,57202969,57203626,114406595,YES
664,665,1,5000000000,5066164548,5123373969,66164548,57209421,123373969,YES
664,665,2,10000000000,10068868404,10126095082,68868404,57226678,126095082,YES
664,665,3,15000000000,15066454846,15132908032,66454846,66453186,132908032,YES
664,665,4,20000000000,20066386593,20133632904,66386593,67246311,133632904,YES
664,665,5,25000000000,25066329420,25132657405,66329420,66327985,132657405,YES
664,665,6,30000000000,30066283566,30132565810,66283566,66282244,132565810,YES
664,665,7,35000000000,35066249188,35132497174,66249188,66247986,132497174,YES
664,665,8,40000000000,40066226368,40132451662,66226368,66225294,132451662,YES
664,665,9,45000000000,45066215116,45132429293,66215116,66214177,132429293,YES
664,665,10,50000000000,50066215376,50132833810,66215376,66618434,132833810,YES
664,665,11,55000000000,55066227031,55132453403,66227031,66226372,132453403,YES
664,665,12,60000000000,60066284883,60132534287,66284883,66249404,132534287,YES
664,665,13,65000000000,65066283813,65133640742,66283813,67356929,133640742,YES
664,665,14,70000000000,70066328461,70132656718,66328461,66328257,132656718,YES
664,665,15,75000000000,75066383582,75142266286,66383582,75882704,142266286,YES
664,665,16,80000000000,80066448846,80132897799,66448846,66448953,132897799,YES
664,665,17,85000000000,85066523909,85133048081,66523909,66524172,133048081,YES
664,665,18,90000000000,90091334230,90182668962,91334230,91334732,182668962,YES
664,665,19,95000000000,95100489363,95191832591,100489363,91343228,191832591,YES
664,665,20,100000000000,100100404828,100191768878,100404828,91364050,191768878,YES
664,665,21,105000000000,105093269101,105184666116,93269101,91397015,184666116,YES
664,665,22,110000000000,110098450920,110194713567,98450920,96262647,194713567,YES
664,665,23,115000000000,115091497061,115182995801,91497061,91498740,182995801,YES
664,665,24,120000000000,120091565027,120183131948,91565027,91566921,183131948,YES
664,665,25,125000000000,125099063421,125190709749,99063421,91646328,190709749,YES
664,665,26,130000000000,130091733887,130246234747,91733887,154500860,246234747,YES
664,665,27,135000000000,135091833982,135183670438,91833982,91836456,183670438,YES
664,665,28,140000000000,140091943959,140191899899,91943959,99955940,191899899,YES
664,665,29,145000000000,145088670017,145182481254,88670017,93811237,182481254,YES
664,665,30,150000000000,150088642174,150177282993,88642174,88640819,177282993,YES
664,665,31,155000000000,155088657169,155177313164,88657169,88655995,177313164,YES
664,665,32,160000000000,160088681405,160177361822,88681405,88680417,177361822,YES
664,665,33,165000000000,165088714873,165178855263,88714873,90140390,178855263,YES
664,665,34,170000000000,170100064652,170192543956,100064652,92479304,192543956,YES
664,665,35,175000000000,175092402353,175184804303,92402353,92401950,184804303,YES
664,665,36,180000000000,180057705475,180115410346,57705475,57704871,115410346,YES
664,665,37,185000000000,185057599065,185115197642,57599065,57598577,115197642,YES
664,665,38,190000000000,190057500236,190115000103,57500236,57499867,115000103,YES
664,665,39,195000000000,195057409317,195114818389,57409317,57409072,114818389,YES
664,665,40,200000000000,200057326624,200114653126,57326624,57326502,114653126,YES
664,665,41,205000000000,205057252458,205114504918,57252458,57252460,114504918,YES
664,665,42,210000000000,210057187111,210114374347,57187111,57187236,114374347,YES
664,665,43,215000000000,215057130852,215114380586,57130852,57249734,114380586,YES
664,665,44,220000000000,220057083936,220114168238,57083936,57084302,114168238,YES
664,665,45,225000000000,225057046605,225114093694,57046605,57047089,114093694,YES
664,665,46,230000000000,230059852399,230116872069,59852399,57019670,116872069,YES
664,665,47,235000000000,235059207084,235116209335,59207084,57002251,116209335,YES
664,665,48,240000000000,240056994192,240113989211,56994192,56995019,113989211,YES
664,665,49,245000000000,245056997166,245113995261,56997166,56998095,113995261,YES
664,665,50,250000000000,250057010573,250114022168,57010573,57011595,114022168,YES
664,665,51,255000000000,255066695325,255133327859,66695325,66632534,133327859,YES
664,665,52,260000000000,260066548308,260135795191,66548308,69246883,135795191,YES
664,665,53,265000000000,265066472608,265136495529,66472608,70022921,136495529,YES
664,665,54,270000000000,270066407603,270136030453,66407603,69622850,136030453,YES
664,665,55,275000000000,275071502490,275137854626,71502490,66352136,137854626,YES
664,665,56,280000000000,280071735693,280138073124,71735693,66337431,138073124,YES
664,665,57,285000000000,285066279340,285133024227,66279340,66744887,133024227,YES
664,665,58,290000000000,290066259344,290132517671,66259344,66258327,132517671,YES
664,665,59,295000000000,295066250805,295132500721,66250805,66249916,132500721,YES
664,665,60,300000000000,300066253670,300133339940,66253670,67086270,133339940,YES
664,665,61,305000000000,305066267831,305132535063,66267831,66267232,132535063,YES
664,665,62,310000000000,310066293126,310132585804,66293126,66292678,132585804,YES
664,665,63,315000000000,315066329349,315132658403,66329349,66329054,132658403,YES
664,665,64,320000000000,320066376249,320132752359,66376249,66376110,132752359,YES
664,665,65,325000000000,325066713805,325133156950,66713805,66443145,133156950,YES
664,665,66,330000000000,330091224861,330185672864,91224861,94448003,185672864,YES
664,665,67,335000000000,335093832635,335185046057,93832635,91213422,185046057,YES
664,665,68,340000000000,340094398739,340185613213,94398739,91214474,185613213,YES
664,665,69,345000000000,345097997381,345194853987,97997381,96856606,194853987,YES
664,665,70,350000000000,350094987934,350186259610,94987934,91271676,186259610,YES
664,665,71,355000000000,355091291711,355182584818,91291711,91293107,182584818,YES
664,665,72,360000000000,360091342380,360182686386,91342380,91344006,182686386,YES
664,665,73,365000000000,365092715701,365184122558,92715701,91406857,184122558,YES
664,665,74,370000000000,370092385166,370183866470,92385166,91481304,183866470,YES
664,665,75,375000000000,375091784895,375193146133,91784895,101361238,193146133,YES
664,665,76,380000000000,380091661054,380183324547,91661054,91663493,183324547,YES
664,665,77,385000000000,385090414545,385180825974,90414545,90411429,180825974,YES
664,665,78,390000000000,390090357951,390180712993,90357951,90355042,180712993,YES
664,665,79,395000000000,395090311783,395180620859,90311783,90309076,180620859,YES
664,665,80,400000000000,400090276002,400180549506,90276002,90273504,180549506,YES
664,665,81,405000000000,405090250575,405180498865,90250575,90248290,180498865,YES
664,665,82,410000000000,410090235429,410180468795,90235429,90233366,180468795,YES
664,665,83,415000000000,415070686900,415141373426,70686900,70686526,141373426,YES
664,665,84,420000000000,420071621201,420142606020,71621201,70984819,142606020,YES
664,665,85,425000000000,425070515440,425141030818,70515440,70515378,141030818,YES
664,665,86,430000000000,430073073051,430143515271,73073051,70442220,143515271,YES
664,665,87,435000000000,435057793817,435115587220,57793817,57793403,115587220,YES
664,665,88,440000000000,440057708915,440115417535,57708915,57708620,115417535,YES
664,665,89,445000000000,445057632840,445115265506,57632840,57632666,115265506,YES
664,665,90,450000000000,450057565953,450115131854,57565953,57565901,115131854,YES
664,665,91,455000000000,455057508592,455115017254,57508592,57508662,115017254,YES
664,665,92,460000000000,460057461066,460123174896,57461066,65713830,123174896,YES
664,665,93,465000000000,465057423667,465121137636,57423667,63713969,121137636,YES
664,665,94,470000000000,470057396647,470125110719,57396647,67714072,125110719,YES
664,665,95,475000000000,475057380219,475114760987,57380219,57380768,114760987,YES
664,665,96,480000000000,480057374551,480114749765,57374551,57375214,114749765,YES
664,665,97,485000000000,485057379765,485114760302,57379765,57380537,114760302,YES
664,665,98,490000000000,490057395922,490114792721,57395922,57396799,114792721,YES
664,665,99,495000000000,495066987679,495133543399,66987679,66555720,133543399,YES
664,665,100,500000000000,500066488193,500132974844,66488193,66486651,132974844,YES
664,665,101,505000000000,505066429690,505132857951,66429690,66428261,132857951,YES
664,665,102,510000000000,510066382113,510132762913,66382113,66380800,132762913,YES
664,665,103,515000000000,515066345660,515132690129,66345660,66344469,132690129,YES
664,665,104,520000000000,520069784614,520136103993,69784614,66319379,136103993,YES
664,665,105,525000000000,525070783198,525137088819,70783198,66305621,137088819,YES
664,665,106,530000000000,530066303968,530132607150,66303968,66303182,132607150,YES
664,665,107,535000000000,535066312626,535132624612,66312626,66311986,132624612,YES
664,665,108,540000000000,540070181041,540136512989,70181041,66331948,136512989,YES
664,665,109,545000000000,545068770699,545135240839,68770699,66470140,135240839,YES
664,665,110,550000000000,550066544642,550132949150,66544642,66404508,132949150,YES
664,665,111,555000000000,555096095578,555191581130,96095578,95485552,191581130,YES
664,665,112,560000000000,560096236838,560188332818,96236838,92095980,188332818,YES
664,665,113,565000000000,565092960915,565184076536,92960915,91115621,184076536,YES
664,665,114,570000000000,570092674142,570189753556,92674142,97079414,189753556,YES
664,665,115,575000000000,575091122017,575198926835,91122017,107804818,198926835,YES
664,665,116,580000000000,580091144730,580190083604,91144730,98938874,190083604,YES
664,665,117,585000000000,585091180201,585182361792,91180201,91181591,182361792,YES
664,665,118,590000000000,590093285603,590184515499,93285603,91229896,184515499,YES
664,665,119,595000000000,595091288627,595182579096,91288627,91290469,182579096,YES
664,665,120,600000000000,600091754794,600183117873,91754794,91363079,183117873,YES
664,665,121,605000000000,605091685214,605183132535,91685214,91447321,183132535,YES
664,665,122,610000000000,610091752445,610191680521,91752445,99928076,191680521,YES
664,665,123,615000000000,615091646414,615191866456,91646414,100220042,191866456,YES
664,665,124,620000000000,620090076132,620180148766,90076132,90072634,180148766,YES
664,665,125,625000000000,625090011248,625180019171,90011248,90007923,180019171,YES
664,665,126,630000000000,630092102039,630182055158,92102039,89953119,182055158,YES
664,665,127,635000000000,635089911202,635179819446,89911202,89908244,179819446,YES
664,665,128,640000000000,640089875978,640179749193,89875978,89873215,179749193,YES
664,665,129,645000000000,645089850558,645182611638,89850558,92761080,182611638,YES
664,665,130,650000000000,650089834899,650188313984,89834899,98479085,188313984,YES
664,665,131,655000000000,655089828927,655179655740,89828927,89826813,179655740,YES
664,665,132,660000000000,660070826924,660141653418,70826924,70826494,141653418,YES
664,665,133,665000000000,665072723855,665143458720,72723855,70734865,143458720,YES
664,665,134,670000000000,670070651410,670141302702,70651410,70651292,141302702,YES
664,665,135,675000000000,675070575911,675141151860,70575911,70575949,141151860,YES
664,665,136,680000000000,680070494467,680141866671,70494467,71372204,141866671,YES
664,665,137,685000000000,685070524550,685140944080,70524550,70419530,140944080,YES
664,665,138,690000000000,690071713620,690142067414,71713620,70353794,142067414,YES
664,665,139,695000000000,695070297038,695140594339,70297038,70297301,140594339,YES
664,665,140,700000000000,700070249785,700140499985,70249785,70250200,140499985,YES
664,665,141,705000000000,705070212120,705140424801,70212120,70212681,140424801,YES
664,665,142,710000000000,710070184193,710140369096,70184193,70184903,140369096,YES
664,665,143,715000000000,715057211516,715114423743,57211516,57212227,114423743,YES
664,665,144,720000000000,720057204960,720114410734,57204960,57205774,114410734,YES
664,665,145,725000000000,725057208251,725114417419,57208251,57209168,114417419,YES
664,665,146,730000000000,730057221466,730114443951,57221466,57222485,114443951,YES
664,665,147,735000000000,735066777479,735133553166,66777479,66775687,133553166,YES
664,665,148,740000000000,740066691388,740133381078,66691388,66689690,133381078,YES
664,665,149,745000000000,745066615130,745133228661,66615130,66613531,133228661,YES
664,665,150,750000000000,750066549053,750133096616,66549053,66547563,133096616,YES
664,665,151,755000000000,755071824988,755138317023,71824988,66492035,138317023,YES
664,665,152,760000000000,760072502966,760139189647,72502966,66686681,139189647,YES
664,665,153,765000000000,765066414691,765132828247,66414691,66413556,132828247,YES
664,665,154,770000000000,770066391825,770137220015,66391825,70828190,137220015,YES
664,665,155,775000000000,775066380086,775132759303,66380086,66379217,132759303,YES
664,665,156,780000000000,780066379482,780136692563,66379482,70313081,136692563,YES
664,665,157,785000000000,785067182385,785133571781,67182385,66389396,133571781,YES
664,665,158,790000000000,790067467970,790133878999,67467970,66411029,133878999,YES
664,665,159,795000000000,795091422821,795182565585,91422821,91142764,182565585,YES
664,665,160,800000000000,800103640809,800194734539,103640809,91093730,194734539,YES
664,665,161,805000000000,805091057287,805183603683,91057287,92546396,183603683,YES
664,665,162,810000000000,810091033307,810182897282,91033307,91863975,182897282,YES
664,665,163,815000000000,815091022275,815182045137,91022275,91022862,182045137,YES
664,665,164,820000000000,820091024324,820182049486,91024324,91025162,182049486,YES
664,665,165,825000000000,825091067682,825186231820,91067682,95164138,186231820,YES
664,665,166,830000000000,830091571232,830184319402,91571232,92748170,184319402,YES
664,665,167,835000000000,835091109077,835186297332,91109077,95188255,186297332,YES
664,665,168,840000000000,840096758215,840191070883,96758215,94312668,191070883,YES
664,665,169,845000000000,845091229747,845186862081,91229747,95632334,186862081,YES
664,665,170,850000000000,850091308531,850182619273,91308531,91310742,182619273,YES
664,665,171,855000000000,855091399113,855182800636,91399113,91401523,182800636,YES
664,665,172,860000000000,860090016439,860180029724,90016439,90013285,180029724,YES
664,665,173,865000000000,865089954880,865179906792,89954880,89951912,179906792,YES
664,665,174,870000000000,870089904323,870179805874,89904323,89901551,179805874,YES
664,665,175,875000000000,875089864711,875179726860,89864711,89862149,179726860,YES
664,665,176,880000000000,880089835988,880179669624,89835988,89833636,179669624,YES
664,665,177,885000000000,885089818054,885179633973,89818054,89815919,179633973,YES
664,665,178,890000000000,890089810802,890179619695,89810802,89808893,179619695,YES
664,665,179,895000000000,895089814103,895179626532,89814103,89812429,179626532,YES
664,665,180,900000000000,900089827822,900179654199,89827822,89826377,179654199,YES
664,665,181,905000000000,905089851782,905179702359,89851782,89850577,179702359,YES
664,665,182,910000000000,910070569759,910141139276,70569759,70569517,141139276,YES
664,665,183,915000000000,915070494090,915140988100,70494090,70494010,140988100,YES
664,665,184,920000000000,920070427363,920141059883,70427363,70632520,141059883,YES
664,665,185,925000000000,925070369777,925144362202,70369777,73992425,144362202,YES
664,665,186,930000000000,930070683098,930141005004,70683098,70321906,141005004,YES
664,665,187,935000000000,935070909352,935141192614,70909352,70283262,141192614,YES
664,665,188,940000000000,940057701089,940119057387,57701089,61356298,119057387,YES
664,665,189,945000000000,945057665711,945117111520,57665711,59445809,117111520,YES
664,665,190,950000000000,950057640238,950115280913,57640238,57640675,115280913,YES
664,665,191,955000000000,955057624833,955115250216,57624833,57625383,115250216,YES
664,665,192,960000000000,960057619623,960115239906,57619623,57620283,115239906,YES
664,665,193,965000000000,965069009439,965126634911,69009439,57625472,126634911,YES
664,665,194,970000000000,970079579638,970146390360,79579638,66810722,146390360,YES
664,665,195,975000000000,975066732852,975133464085,66732852,66731233,133464085,YES
664,665,196,980000000000,980066662839,980133324161,66662839,66661322,133324161,YES
664,665,197,985000000000,985066602933,985133204457,66602933,66601524,133204457,YES
664,665,198,990000000000,990066553411,990133105531,66553411,66552120,133105531,YES
664,665,199,995000000000,995066728157,995133241490,66728157,66513333,133241490,YES
664,665,200,1000000000000,1000067432283,1000134282601,67432283,66850318,134282601,YES
664,665,201,1005000000000,1005071431487,1005137899707,71431487,66468220,137899707,YES
664,665,202,1010000000000,1010072536801,1010139183979,72536801,66647178,139183979,YES
664,665,203,1015000000000,1015091237637,1015190763390,91237637,99525753,190763390,YES
664,665,204,1020000000000,1020091160657,1020188716779,91160657,97556122,188716779,YES
664,665,205,1025000000000,1025091095297,1025182190158,91095297,91094861,182190158,YES
664,665,206,1030000000000,1030099625742,1030190667465,99625742,91041723,190667465,YES
664,665,207,1035000000000,1035091110553,1035182111725,91110553,91001172,182111725,YES
664,665,208,1040000000000,1040094168331,1040185141622,94168331,90973291,185141622,YES
664,665,209,1045000000000,1045090957878,1045181916337,90957878,90958459,181916337,YES
664,665,210,1050000000000,1050090955993,1050185991213,90955993,95035220,185991213,YES
664,665,211,1055000000000,1055092099241,1055186913262,92099241,94814021,186913262,YES
664,665,212,1060000000000,1060090992215,1060181985745,90992215,90993530,181985745,YES
664,665,213,1065000000000,1065091030279,1065182062109,91030279,91031830,182062109,YES
664,665,214,1070000000000,1070091081469,1070183867295,91081469,92785826,183867295,YES
664,665,215,1075000000000,1075095512616,1075186696594,95512616,91183978,186696594,YES
664,665,216,1080000000000,1080093861752,1080190740951,93861752,96879199,190740951,YES
664,665,217,1085000000000,1085091311077,1085190659759,91311077,99348682,190659759,YES
664,665,218,1090000000000,1090091136474,1090180974276,91136474,89837802,180974276,YES
664,665,219,1095000000000,1095089778208,1095180226134,89778208,90447926,180226134,YES
664,665,220,1100000000000,1100090928313,1100180652264,90928313,89723951,180652264,YES
664,665,221,1105000000000,1105089686460,1105179370363,89686460,89683903,179370363,YES
664,665,222,1110000000000,1110089657331,1110179312319,89657331,89654988,179312319,YES
664,665,223,1115000000000,1115089639232,1115180793538,89639232,91154306,180793538,YES
664,665,224,1120000000000,1120089632037,1120179262173,89632037,89630136,179262173,YES
664,665,225,1125000000000,1125089635603,1125179269534,89635603,89633931,179269534,YES
664,665,226,1130000000000,1130092736585,1130182384933,92736585,89648348,182384933,YES
664,665,227,1135000000000,1135091804847,1135181478025,91804847,89673178,181478025,YES
664,665,228,1140000000000,1140096955209,1140186663496,96955209,89708287,186663496,YES
664,665,229,1145000000000,1145070581355,1145142362561,70581355,71781206,142362561,YES
664,665,230,1150000000000,1150070513853,1150141027757,70513853,70513904,141027757,YES
664,665,231,1155000000000,1155070455417,1155140911046,70455417,70455629,140911046,YES
664,665,232,1160000000000,1160070406208,1160140812785,70406208,70406577,140812785,YES
664,665,233,1165000000000,1165070366362,1165140733246,70366362,70366884,140733246,YES
664,665,234,1170000000000,1170070335988,1170140672652,70335988,70336664,140672652,YES
664,665,235,1175000000000,1175070315179,1175140631180,70315179,70316001,140631180,YES
664,665,236,1180000000000,1180072673572,1180153695551,72673572,81021979,153695551,YES
664,665,237,1185000000000,1185057767713,1185115535940,57767713,57768227,115535940,YES
664,665,238,1190000000000,1190057759344,1190115519310,57759344,57759966,115519310,YES
664,665,239,1195000000000,1195057760918,1195115522568,57760918,57761650,115522568,YES
665,666,0,0,92282029,184563076,92282029,92281047,184563076,YES
665,666,1,5000000000,5093202248,5185479272,93202248,92277024,185479272,YES
665,666,2,10000000000,10092288390,10184576352,92288390,92287962,184576352,YES
665,666,3,15000000000,15092347550,15184694959,92347550,92347409,184694959,YES
665,666,4,20000000000,20092387832,20184775808,92387832,92387976,184775808,YES
665,666,5,25000000000,25092442527,25184885497,92442527,92442970,184885497,YES
665,666,6,30000000000,30092511250,30185023236,92511250,92511986,185023236,YES
665,666,7,35000000000,35092593504,35185188028,92593504,92594524,185188028,YES
665,666,8,40000000000,40092688729,40185378759,92688729,92690030,185378759,YES
665,666,9,45000000000,45092796299,45185594167,92796299,92797868,185594167,YES
665,666,10,50000000000,50092915561,50185832944,92915561,92917383,185832944,YES
665,666,11,55000000000,55093045821,55186093740,93045821,93047919,186093740,YES
665,666,12,60000000000,60093186407,60186375146,93186407,93188739,186375146,YES
665,666,13,65000000000,65093336635,65186675818,93336635,93339183,186675818,YES
665,666,14,70000000000,70093495836,70186994429,93495836,93498593,186994429,YES
665,666,15,75000000000,75093663386,75187329735,93663386,93666349,187329735,YES
665,666,16,80000000000,80093838684,80187680511,93838684,93841827,187680511,YES
665,666,17,85000000000,85095233396,85189257929,95233396,94024533,189257929,YES
665,666,18,90000000000,90084120561,90168241043,84120561,84120482,168241043,YES
665,666,19,95000000000,95084039023,95168078162,84039023,84039139,168078162,YES
665,666,20,100000000000,100083965480,100167931284,83965480,83965804,167931284,YES
665,666,21,105000000000,105083885881,105167771477,83885881,83885596,167771477,YES
665,666,22,110000000000,110083795061,110167590030,83795061,83794969,167590030,YES
665,666,23,115000000000,115083712792,115167425684,83712792,83712892,167425684,YES
665,666,24,120000000000,120083639236,120167278757,83639236,83639521,167278757,YES
665,666,25,125000000000,125083574538,125167149544,83574538,83575006,167149544,YES
665,666,26,130000000000,130083518835,130167038318,83518835,83519483,167038318,YES
665,666,27,135000000000,135083472245,135166945325,83472245,83473080,166945325,YES
665,666,28,140000000000,140083434924,140166870849,83434924,83435925,166870849,YES
665,666,29,145000000000,145083406984,145166815130,83406984,83408146,166815130,YES
665,666,30,150000000000,150083388548,150166778415,83388548,83389867,166778415,YES
665,666,31,155000000000,155083379744,155166760944,83379744,83381200,166760944,YES
665,666,32,160000000000,160083380685,160166762965,83380685,83382280,166762965,YES
665,666,33,165000000000,165083947650,165167340868,83947650,83393218,167340868,YES
665,666,34,170000000000,170087163120,170174323615,87163120,87160495,174323615,YES
665,666,35,175000000000,175087059396,175174116285,87059396,87056889,174116285,YES
665,666,36,180000000000,180048945910,180097889631,48945910,48943721,97889631,YES
665,666,37,185000000000,185048811242,185100020213,48811242,51208971,100020213,YES
665,666,38,190000000000,190093622341,190187241501,93622341,93619160,187241501,YES
665,666,39,195000000000,195093495214,195186987382,93495214,93492168,186987382,YES
665,666,40,200000000000,200093378289,200186753670,93378289,93375381,186753670,YES
665,666,41,205000000000,205096606906,205189876238,96606906,93269332,189876238,YES
665,666,42,210000000000,210093177357,210186352137,93177357,93174780,186352137,YES
665,666,43,215000000000,215093094448,215186186494,93094448,93092046,186186494,YES
665,666,44,220000000000,220093023899,220186045580,93023899,93021681,186045580,YES
665,666,45,225000000000,225092966122,225185930227,92966122,92964105,185930227,YES
665,666,46,230000000000,230093209340,230186129002,93209340,92919662,186129002,YES
665,666,47,235000000000,235092906609,235185937175,92906609,93030566,185937175,YES
665,666,48,240000000000,240092872522,240185743700,92872522,92871178,185743700,YES
665,666,49,245000000000,245092902136,245185803179,92902136,92901043,185803179,YES
665,666,50,250000000000,250092911879,250185822923,92911879,92911044,185822923,YES
665,666,51,255000000000,255092935305,255185870044,92935305,92934739,185870044,YES
665,666,52,260000000000,260092972297,260185944304,92972297,92972007,185944304,YES
665,666,53,265000000000,265093022661,265186045324,93022661,93022663,186045324,YES
665,666,54,270000000000,270093086128,270186172549,93086128,93086421,186172549,YES
665,666,55,275000000000,275093162376,275186325332,93162376,93162956,186325332,YES
665,666,56,280000000000,280093251004,280186502875,93251004,93251871,186502875,YES
665,666,57,285000000000,285093351569,285186704285,93351569,93352716,186704285,YES
665,666,58,290000000000,290093463567,290186928554,93463567,93464987,186928554,YES
665,666,59,295000000000,295093586472,295187174633,93586472,93588161,187174633,YES
665,666,60,300000000000,300093719732,300187441393,93719732,93721661,187441393,YES
665,666,61,305000000000,305093862744,305188017597,93862744,94154853,188017597,YES
665,666,62,310000000000,310094014947,310188871822,94014947,94856875,188871822,YES
665,666,63,315000000000,315094175765,315188354171,94175765,94178406,188354171,YES
665,666,64,320000000000,320056052526,320110004402,56052526,53951876,110004402,YES
665,666,65,325000000000,325058135010,325114939059,58135010,56804049,114939059,YES
665,666,66,330000000000,330083432032,330166863640,83432032,83431608,166863640,YES
665,666,67,335000000000,335083333797,335166666608,83333797,83332811,166666608,YES
665,666,68,340000000000,340083219078,340166437369,83219078,83218291,166437369,YES
665,666,69,345000000000,345083113017,345166225449,83113017,83112432,166225449,YES
665,666,70,350000000000,350083015910,350166031441,83015910,83015531,166031441,YES
665,666,71,355000000000,355082928047,355165855931,82928047,82927884,165855931,YES
665,666,72,360000000000,360082849688,360165699412,82849688,82849724,165699412,YES
665,666,73,365000000000,365082781072,365165706834,82781072,82925762,165706834,YES
665,666,74,370000000000,370082722434,370165445295,82722434,82722861,165445295,YES
665,666,75,375000000000,375082673982,375165348581,82673982,82674599,165348581,YES
665,666,76,380000000000,380082635906,380165272615,82635906,82636709,165272615,YES
665,666,77,385000000000,385082608392,385165217766,82608392,82609374,165217766,YES
665,666,78,390000000000,390082591602,390165184350,82591602,82592748,165184350,YES
665,666,79,395000000000,395082585674,395165172663,82585674,82586989,165172663,YES
665,666,80,400000000000,400082590732,400165182936,82590732,82592204,165182936,YES
665,666,81,405000000000,405082606864,405165215346,82606864,82608482,165215346,YES
665,666,82,410000000000,410082634116,410165269995,82634116,82635879,165269995,YES
665,666,83,415000000000,415048753220,415097504302,48753220,48751082,97504302,YES
665,666,84,420000000000,420048624220,420098006841,48624220,49382621,98006841,YES
665,666,85,425000000000,425048504634,425097007224,48504634,48502590,97007224,YES
665,666,86,430000000000,430048394724,430096787460,48394724,48392736,96787460,YES
665,666,87,435000000000,435048294691,435096587469,48294691,48292778,96587469,YES
665,666,88,440000000000,440048204684,440096407523,48204684,48202839,96407523,YES
665,666,89,445000000000,445048124797,445096247819,48124797,48123022,96247819,YES
665,666,90,450000000000,450092859984,450185717764,92859984,92857780,185717764,YES
665,666,91,455000000000,455092778295,455185554575,92778295,92776280,185554575,YES
665,666,92,460000000000,460093910419,460189264857,93910419,95354438,189264857,YES
665,666,93,465000000000,465092652103,465185302608,92652103,92650505,185302608,YES
665,666,94,470000000000,470092608552,470185215731,92608552,92607179,185215731,YES
665,666,95,475000000000,475092578551,475185155976,92578551,92577425,185155976,YES
665,666,96,480000000000,480092562380,480185123883,92562380,92561503,185123883,YES
665,666,97,485000000000,485092560229,485185119831,92560229,92559602,185119831,YES
665,666,98,490000000000,490092572178,490185143997,92572178,92571819,185143997,YES
665,666,99,495000000000,495092598202,495185196319,92598202,92598117,185196319,YES
665,666,100,500000000000,500092671785,500185343757,92671785,92671972,185343757,YES
665,666,101,505000000000,505092725494,505185451457,92725494,92725963,185451457,YES
665,666,102,510000000000,510092792620,510185585982,92792620,92793362,185585982,YES
665,666,103,515000000000,515092872758,515185746533,92872758,92873775,185746533,YES
665,666,104,520000000000,520092965450,520185932182,92965450,92966732,185932182,YES
665,666,105,525000000000,525093070161,525186141888,93070161,93071727,186141888,YES
665,666,106,530000000000,530093186338,530186374491,93186338,93188153,186374491,YES
665,666,107,535000000000,535093313377,535186628810,93313377,93315433,186628810,YES
665,666,108,540000000000,540093450675,540186903637,93450675,93452962,186903637,YES
665,666,109,545000000000,545093597617,545187197744,93597617,93600127,187197744,YES
665,666,110,550000000000,550093753609,550187509941,93753609,93756332,187509941,YES
665,666,111,555000000000,555089191039,555178384446,89191039,89193407,178384446,YES
665,666,112,560000000000,560090584665,560179970289,90584665,89385624,179970289,YES
665,666,113,565000000000,565089582798,565179168365,89582798,89585567,179168365,YES
665,666,114,570000000000,570083782767,570167564628,83782767,83781861,167564628,YES
665,666,115,575000000000,575083664566,575167328433,83664566,83663867,167328433,YES
665,666,116,580000000000,580083554757,580167109032,83554757,83554275,167109032,YES
665,666,117,585000000000,585083453582,585166906897,83453582,83453315,166906897,YES
665,666,118,590000000000,590083361256,590166722453,83361256,83361197,166722453,YES
665,666,119,595000000000,595083277963,595166556080,83277963,83278117,166556080,YES
665,666,120,600000000000,600083203867,600166408094,83203867,83204227,166408094,YES
665,666,121,605000000000,605083870021,605167009694,83870021,83139673,167009694,YES
665,666,122,610000000000,610083083829,610166168414,83083829,83084585,166168414,YES
665,666,123,615000000000,615083038138,615166077221,83038138,83039083,166077221,YES
665,666,124,620000000000,620083002158,620166005440,83002158,83003282,166005440,YES
665,666,125,625000000000,625085771596,625168748901,85771596,82977305,168748901,YES
665,666,126,630000000000,630082959806,630165921091,82959806,82961285,165921091,YES
665,666,127,635000000000,635082953695,635165909025,82953695,82955330,165909025,YES
665,666,128,640000000000,640082957791,640165917365,82957791,82959574,165917365,YES
665,666,129,645000000000,645082972234,645165946391,82972234,82974157,165946391,YES
665,666,130,650000000000,650082997129,650165996319,82997129,82999190,165996319,YES
665,666,131,655000000000,655083032590,655166067359,83032590,83034769,166067359,YES
665,666,132,660000000000,660048783278,660097564414,48783278,48781136,97564414,YES
665,666,133,665000000000,665048648499,665097294898,48648499,48646399,97294898,YES
665,666,134,670000000000,670048523183,670098924281,48523183,50401098,98924281,YES
665,666,135,675000000000,675048407634,675096813266,48407634,48405632,96813266,YES
665,666,136,680000000000,680048302086,680096602246,48302086,48300160,96602246,YES
665,666,137,685000000000,685048206713,685096411559,48206713,48204846,96411559,YES
665,666,138,690000000000,690048121610,690096241420,48121610,48119810,96241420,YES
665,666,139,695000000000,695048046828,695096091927,48046828,48045099,96091927,YES
665,666,140,700000000000,700047982359,700095963061,47982359,47980702,95963061,YES
665,666,141,705000000000,705047928176,705095854776,47928176,47926600,95854776,YES
665,666,142,710000000000,710047884211,710095766936,47884211,47882725,95766936,YES
665,666,143,715000000000,715093299893,715186598446,93299893,93298553,186598446,YES
665,666,144,720000000000,720093288686,720186576252,93288686,93287566,186576252,YES
665,666,145,725000000000,725093290199,725188577048,93290199,95286849,188577048,YES
665,666,146,730000000000,730093304497,730186608354,93304497,93303857,186608354,YES
665,666,147,735000000000,735093365176,735186729966,93365176,93364790,186729966,YES
665,666,148,740000000000,740093404967,740186809805,93404967,93404838,186809805,YES
665,666,149,745000000000,745093457339,745186914817,93457339,93457478,186914817,YES
665,666,150,750000000000,750093522100,750187044603,93522100,93522503,187044603,YES
665,666,151,755000000000,755093598993,755187198662,93598993,93599669,187198662,YES
665,666,152,760000000000,760093687713,760187376368,93687713,93688655,187376368,YES
665,666,153,765000000000,765093787890,765187576987,93787890,93789097,187576987,YES
665,666,154,770000000000,770093899125,770187799712,93899125,93900587,187799712,YES
665,666,155,775000000000,775094020966,775188043669,94020966,94022703,188043669,YES
665,666,156,780000000000,780100026670,780194181763,100026670,94155093,194181763,YES
665,666,157,785000000000,785098168245,785192465160,98168245,94296915,192465160,YES
665,666,158,790000000000,790095126984,790189549317,95126984,94422333,189549317,YES
665,666,159,795000000000,795083621160,795167240454,83621160,83619294,167240454,YES
665,666,160,800000000000,800083470014,800166938346,83470014,83468332,166938346,YES
665,666,161,805000000000,805083292757,805166584030,83292757,83291273,166584030,YES
665,666,162,810000000000,810083157006,810166312726,83157006,83155720,166312726,YES
665,666,163,815000000000,815083029570,815166058068,83029570,83028498,166058068,YES
665,666,164,820000000000,820082910841,820165820838,82910841,82909997,165820838,YES
665,666,165,825000000000,825082801193,825166002146,82801193,83200953,166002146,YES
665,666,166,830000000000,830082700973,830165401541,82700973,82700568,165401541,YES
665,666,167,835000000000,835082610509,835165220831,82610509,82610322,165220831,YES
665,666,168,840000000000,840082530080,840165060193,82530080,82530113,165060193,YES
665,666,169,845000000000,845083335280,845169460431,83335280,86125151,169460431,YES
665,666,170,850000000000,850082400371,850167371252,82400371,84970881,167371252,YES
665,666,171,855000000000,855082351534,855164703740,82351534,82352206,164703740,YES
665,666,172,860000000000,860082313629,860164628133,82313629,82314504,164628133,YES
665,666,173,865000000000,865082286830,865164574726,82286830,82287896,164574726,YES
665,666,174,870000000000,870082271281,870164543814,82271281,82272533,164543814,YES
665,666,175,875000000000,875082267120,875164535668,82267120,82268548,164535668,YES
665,666,176,880000000000,880082274454,880164550500,82274454,82276046,164550500,YES
665,666,177,885000000000,885082293354,885164588463,82293354,82295109,164588463,YES
665,666,178,890000000000,890082323872,890164649646,82323872,82325774,164649646,YES
665,666,179,895000000000,895082365990,895164734021,82365990,82368031,164734021,YES
665,666,180,900000000000,900082419645,900164841464,82419645,82421819,164841464,YES
665,666,181,905000000000,905082518304,905165038903,82518304,82520599,165038903,YES
665,666,182,910000000000,910048335743,910096669561,48335743,48333818,96669561,YES
665,666,183,915000000000,915048237936,915096474005,48237936,48236069,96474005,YES
665,666,184,920000000000,920048150432,920096299061,48150432,48148629,96299061,YES
665,666,185,925000000000,925048073272,925096144809,48073272,48071537,96144809,YES
665,666,186,930000000000,930048006447,930096011234,48006447,48004787,96011234,YES
665,666,187,935000000000,935213540469,935261487094,213540469,47946625,261487094,YES
665,666,188,940000000000,940047903540,940095805578,47903540,47902038,95805578,YES
665,666,189,945000000000,945047867268,945095733121,47867268,47865853,95733121,YES
665,666,190,950000000000,950047840958,950095680595,47840958,47839637,95680595,YES
665,666,191,955000000000,955047824483,955095647739,47824483,47823256,95647739,YES
665,666,192,960000000000,960093055458,960186110153,93055458,93054695,186110153,YES
665,666,193,965000000000,965093054753,965186108979,93054753,93054226,186108979,YES
665,666,194,970000000000,970093066870,970186133462,93066870,93066592,186133462,YES
665,666,195,975000000000,975093091833,975192311186,93091833,99219353,192311186,YES
665,666,196,980000000000,980093163188,980192381693,93163188,99218505,192381693,YES
665,666,197,985000000000,985093213599,985190768313,93213599,97554714,190768313,YES
665,666,198,990000000000,990093276460,990186553666,93276460,93277206,186553666,YES
665,666,199,995000000000,995093351497,995186704000,93351497,93352503,186704000,YES
665,666,200,1000000000000,1000093438370,1000186877995,93438370,93439625,186877995,YES
665,666,201,1005000000000,1005093536687,1005187074877,93536687,93538190,187074877,YES
665,666,202,1010000000000,1010093646017,1010187293776,93646017,93647759,187293776,YES
665,666,203,1015000000000,1015089060364,1015178122208,89060364,89061844,178122208,YES
665,666,204,1020000000000,1020094579443,1020183790412,94579443,89210969,183790412,YES
665,666,205,1025000000000,1025089365941,1025178733698,89365941,89367757,178733698,YES
665,666,206,1030000000000,1030089806323,1030179339059,89806323,89532736,179339059,YES
665,666,207,1035000000000,1035083288169,1035166574731,83288169,83286562,166574731,YES
665,666,208,1040000000000,1040083148715,1040166296025,83148715,83147310,166296025,YES
665,666,209,1045000000000,1045083017601,1045166034013,83017601,83016412,166034013,YES
665,666,210,1050000000000,1050082861658,1050165722361,82861658,82860703,165722361,YES
665,666,211,1055000000000,1055082748494,1055165496256,82748494,82747762,165496256,YES
665,666,212,1060000000000,1060082644895,1060165289285,82644895,82644390,165289285,YES
665,666,213,1065000000000,1065082551209,1065165102146,82551209,82550937,165102146,YES
665,666,214,1070000000000,1070082467749,1070164935453,82467749,82467704,164935453,YES
665,666,215,1075000000000,1075082394795,1075164789772,82394795,82394977,164789772,YES
665,666,216,1080000000000,1080082332584,1080164665573,82332584,82332989,164665573,YES
665,666,217,1085000000000,1085082281322,1085164563268,82281322,82281946,164563268,YES
665,666,218,1090000000000,1090082241188,1090164483209,82241188,82242021,164483209,YES
665,666,219,1095000000000,1095082212322,1095164425686,82212322,82213364,164425686,YES
665,666,220,1100000000000,1100082194861,1100164390956,82194861,82196095,164390956,YES
665,666,221,1105000000000,1105082188902,1105164379227,82188902,82190325,164379227,YES
665,666,222,1110000000000,1110082194533,1110164390664,82194533,82196131,164390664,YES
665,666,223,1115000000000,1115082211807,1115164425377,82211807,82213570,164425377,YES
665,666,224,1120000000000,1120082240741,1120164483400,82240741,82242659,164483400,YES
665,666,225,1125000000000,1125082281319,1125164564698,82281319,82283379,164564698,YES
665,666,226,1130000000000,1130082333465,1130164669128,82333465,82335663,164669128,YES
665,666,227,1135000000000,1135082397048,1135164796422,82397048,82399374,164796422,YES
665,666,228,1140000000000,1140082505470,1140165013385,82505470,82507915,165013385,YES
665,666,229,1145000000000,1145048320264,1145096638668,48320264,48318404,96638668,YES
665,666,230,1150000000000,1150048230173,1150096458546,48230173,48228373,96458546,YES
665,666,231,1155000000000,1155048150312,1155096298887,48150312,48148575,96298887,YES
665,666,232,1160000000000,1160048080673,1160096159682,48080673,48079009,96159682,YES
665,666,233,1165000000000,1165048021199,1165096040813,48021199,48019614,96040813,YES
665,666,234,1170000000000,1170047971814,1170095942112,47971814,47970298,95942112,YES
665,666,235,1175000000000,1175047932389,1175095863345,47932389,47930956,95863345,YES
665,666,236,1180000000000,1180048410977,1180096312436,48410977,47901459,96312436,YES
665,666,237,1185000000000,1185054826449,1185102708066,54826449,47881617,102708066,YES
665,666,238,1190000000000,1190047872520,1190095743882,47872520,47871362,95743882,YES
665,666,239,1195000000000,1195047871533,1195095742009,47871533,47870476,95742009,YES
666,667,0,0,93818179,187636069,93818179,93817890,187636069,YES
666,667,1,5000000000,5096790032,5190534890,96790032,93744858,190534890,YES
666,667,2,10000000000,10099451295,10199277829,99451295,99826534,199277829,YES
666,667,3,15000000000,15093679473,15193893770,93679473,100214297,193893770,YES
666,667,4,20000000000,20093636095,20195031931,93636095,101395836,195031931,YES
666,667,5,25000000000,25095747321,25189362536,95747321,93615215,189362536,YES
666,667,6,30000000000,30093604480,30187232188,93604480,93627708,187232188,YES
666,667,7,35000000000,35095529396,35189195672,95529396,93666276,189195672,YES
666,667,8,40000000000,40093621541,40187244908,93621541,93623367,187244908,YES
666,667,9,45000000000,45093647679,45196106208,93647679,102458529,196106208,YES
666,667,10,50000000000,50093685181,50194316631,93685181,100631450,194316631,YES
666,667,11,55000000000,55021106759,55042213932,21106759,21107173,42213932,YES
666,667,12,60000000000,60021088759,60042177958,21088759,21089199,42177958,YES
666,667,13,65000000000,65021077380,65042155225,21077380,21077845,42155225,YES
666,667,14,70000000000,70021072620,70042145730,21072620,21073110,42145730,YES
666,667,15,75000000000,75021074517,75042149545,21074517,21075028,42149545,YES
666,667,16,80000000000,80021083129,80042166791,21083129,21083662,42166791,YES
666,667,17,85000000000,85021098537,85042197626,21098537,21099089,42197626,YES
666,667,18,90000000000,90079809460,90156515268,79809460,76705808,156515268,YES
666,667,19,95000000000,95078367937,95157115139,78367937,78747202,157115139,YES
666,667,20,100000000000,100146113603,100225847812,146113603,79734209,225847812,YES
666,667,21,105000000000,105078940161,105155281827,78940161,76341666,155281827,YES
666,667,22,110000000000,110079080603,110155329400,79080603,76248797,155329400,YES
666,667,23,115000000000,115076168261,115152334296,76168261,76166035,152334296,YES
666,667,24,120000000000,120076095689,120152981161,76095689,76885472,152981161,YES
666,667,25,125000000000,125076033740,125155172257,76033740,79138517,155172257,YES
666,667,26,130000000000,130110592869,130190880019,110592869,80287150,190880019,YES
666,667,27,135000000000,135077790363,135153731212,77790363,75940849,153731212,YES
666,667,28,140000000000,140075913776,140151825954,75913776,75912178,151825954,YES
666,667,29,145000000000,145076662341,145152557186,76662341,75894845,152557186,YES
666,667,30,150000000000,150078616051,150154505030,78616051,75888979,154505030,YES
666,667,31,155000000000,155075895756,155151790396,75895756,75894640,151790396,YES
666,667,32,160000000000,160075912829,160151824726,75912829,75911897,151824726,YES
666,667,33,165000000000,165081724575,165159215096,81724575,77490521,159215096,YES
666,667,34,170000000000,170076015407,170153305737,76015407,77290330,153305737,YES
666,667,35,175000000000,175082292881,175158359908,82292881,76067027,158359908,YES
666,667,36,180000000000,180076130684,180155280148,76130684,79149464,155280148,YES
666,667,37,185000000000,185076205503,185152964485,76205503,76758982,152964485,YES
666,667,38,190000000000,190025639832,190051279138,25639832,25639306,51279138,YES
666,667,39,195000000000,195025637569,195051274674,25637569,25637105,51274674,YES
666,667,40,200000000000,200025644166,200051287932,25644166,25643766,51287932,YES
666,667,41,205000000000,205099978165,205199956279,99978165,99978114,199956279,YES
666,667,42,210000000000,210100014433,210200029124,100014433,100014691,200029124,YES
666,667,43,215000000000,215094182321,215190045340,94182321,95863019,190045340,YES
666,667,44,220000000000,220094059386,220188117672,94059386,94058286,188117672,YES
666,667,45,225000000000,225093948858,225187896938,93948858,93948080,187896938,YES
666,667,46,230000000000,230093817378,230191545716,93817378,97728338,191545716,YES
666,667,47,235000000000,235093732263,235191005352,93732263,97273089,191005352,YES
666,667,48,240000000000,240093660021,240187320157,93660021,93660136,187320157,YES
666,667,49,245000000000,245093634258,245187268924,93634258,93634666,187268924,YES
666,667,50,250000000000,250093587734,250187176145,93587734,93588411,187176145,YES
666,667,51,255000000000,-1,-1,-1,-1,-1,LOST
666,667,52,260000000000,260105400197,260198934103,105400197,93533906,198934103,YES
666,667,53,265000000000,265098282587,265203051007,98282587,104768420,203051007,YES
666,667,54,270000000000,270098796742,270192325893,98796742,93529151,192325893,YES
666,667,55,275000000000,275098190444,275191817562,98190444,93627118,191817562,YES
666,667,56,280000000000,280100689991,280202263173,100689991,101573182,202263173,YES
666,667,57,285000000000,-1,-1,-1,-1,-1,LOST
666,667,58,290000000000,290093659174,290192247428,93659174,98588254,192247428,YES
666,667,59,295000000000,295095206968,295188929769,95206968,93722801,188929769,YES
666,667,60,300000000000,300099226554,300194958571,99226554,95732017,194958571,YES
666,667,61,305000000000,305094915424,305188792327,94915424,93876903,188792327,YES
666,667,62,310000000000,310021190391,310042381298,21190391,21190907,42381298,YES
666,667,63,315000000000,315021203733,315042408000,21203733,21204267,42408000,YES
666,667,64,320000000000,320076811598,320153620397,76811598,76808799,153620397,YES
666,667,65,325000000000,325076685070,325153367414,76685070,76682344,153367414,YES
666,667,66,330000000000,330076566962,330153131276,76566962,76564314,153131276,YES
666,667,67,335000000000,335076457637,335154548167,76457637,78090530,154548167,YES
666,667,68,340000000000,340076357450,340156798422,76357450,80440972,156798422,YES
666,667,69,345000000000,345077475753,345153740094,77475753,76264341,153740094,YES
666,667,70,350000000000,350076185804,350152369352,76185804,76183548,152369352,YES
666,667,71,355000000000,355076114949,355152227754,76114949,76112805,152227754,YES
666,667,72,360000000000,360076054437,360152106853,76054437,76052416,152106853,YES
666,667,73,365000000000,365079864386,365155866964,79864386,76002578,155866964,YES
666,667,74,370000000000,370075965382,370151929007,75965382,75963625,151929007,YES
666,667,75,375000000000,375079435635,375155371264,79435635,75935629,155371264,YES
666,667,76,380000000000,380075920307,380151839168,75920307,75918861,151839168,YES
666,667,77,385000000000,385077752590,385153666011,77752590,75913421,153666011,YES
666,667,78,390000000000,390077445078,390153364551,77445078,75919473,153364551,YES
666,667,79,395000000000,395075938021,395151875136,75938021,75937115,151875136,YES
666,667,80,400000000000,400075967166,400151933629,75967166,75966463,151933629,YES
666,667,81,405000000000,405076008057,405152015626,76008057,76007569,152015626,YES
666,667,82,410000000000,410077768593,410153829061,77768593,76060468,153829061,YES
666,667,83,415000000000,415081721064,415157879824,81721064,76158760,157879824,YES
666,667,84,420000000000,420078542339,420154777365,78542339,76235026,154777365,YES
666,667,85,425000000000,425076322394,425152645212,76322394,76322818,152645212,YES
666,667,86,430000000000,430076421314,430188671401,76421314,112250087,188671401,YES
666,667,87,435000000000,435076531281,435159532943,76531281,83001662,159532943,YES
666,667,88,440000000000,440086518949,440179336266,86518949,92817317,179336266,YES
666,667,89,445000000000,445021083110,445042166456,21083110,21083346,42166456,YES
666,667,90,450000000000,450094288280,450188574598,94288280,94286318,188574598,YES
666,667,91,455000000000,455095036565,455189176305,95036565,94139740,189176305,YES
666,667,92,460000000000,460094005767,460190630087,94005767,96624320,190630087,YES
666,667,93,465000000000,465099796868,465211256182,99796868,111459314,211256182,YES
666,667,94,470000000000,470099933470,470198473633,99933470,98540163,198473633,YES
666,667,95,475000000000,475093669379,475189386600,93669379,95717221,189386600,YES
666,667,96,480000000000,480093548160,480187292034,93548160,93743874,187292034,YES
666,667,97,485000000000,485093473134,485188024203,93473134,94551069,188024203,YES
666,667,98,490000000000,490104330899,490197741946,104330899,93411047,197741946,YES
666,667,99,495000000000,495104138801,495197500596,104138801,93361795,197500596,YES
666,667,100,500000000000,500093358070,500186717037,93358070,93358967,186717037,YES
666,667,101,505000000000,505102653024,505195988172,102653024,93335148,195988172,YES
666,667,102,510000000000,510097203105,510190527151,97203105,93324046,190527151,YES
666,667,103,515000000000,515093323861,515186649333,93323861,93325472,186649333,YES
666,667,104,520000000000,520093337494,520188833703,93337494,95496209,188833703,YES
666,667,105,525000000000,525093363399,525189375002,93363399,96011603,189375002,YES
666,667,106,530000000000,530093401402,530186805025,93401402,93403623,186805025,YES
666,667,107,535000000000,535101162088,535194615850,101162088,93453762,194615850,YES
666,667,108,540000000000,540099125284,540192640708,99125284,93515424,192640708,YES
666,667,109,545000000000,545093585642,545305075751,93585642,211490109,305075751,YES
666,667,110,550000000000,550101471696,550196549822,101471696,95078126,196549822,YES
666,667,111,555000000000,555105006471,555198773929,105006471,93767458,198773929,YES
666,667,112,560000000000,560108075948,560205407503,108075948,97331555,205407503,YES
666,667,113,565000000000,565098478401,565192466123,98478401,93987722,192466123,YES
666,667,114,570000000000,570015758853,570031517263,15758853,15758410,31517263,YES
666,667,115,575000000000,575015961829,575031695795,15961829,15733966,31695795,YES
666,667,116,580000000000,580079621960,580156294555,79621960,76672595,156294555,YES
666,667,117,585000000000,585076574518,585155872243,76574518,79297725,155872243,YES
666,667,118,590000000000,590076912072,590158540319,76912072,81628247,158540319,YES
666,667,119,595000000000,595076399798,595152858599,76399798,76458801,152858599,YES
666,667,120,600000000000,600076326397,600152650610,76326397,76324213,152650610,YES
666,667,121,605000000000,605076262692,605152523312,76262692,76260620,152523312,YES
666,667,122,610000000000,610081036637,610157243606,81036637,76206969,157243606,YES
666,667,123,615000000000,615080830824,615156994414,80830824,76163590,156994414,YES
666,667,124,620000000000,620076132392,620152263127,76132392,76130735,152263127,YES
666,667,125,625000000000,625076110064,625161193256,76110064,85083192,161193256,YES
666,667,126,630000000000,630077703332,630153800659,77703332,76097327,153800659,YES
666,667,127,635000000000,635076098439,635152195705,76098439,76097266,152195705,YES
666,667,128,640000000000,640078384805,640154493384,78384805,76108579,154493384,YES
666,667,129,645000000000,645076132198,645153682513,76132198,77550315,153682513,YES
666,667,130,650000000000,650076166524,650152332479,76166524,76165955,152332479,YES
666,667,131,655000000000,655076212653,655154335239,76212653,78122586,154335239,YES
666,667,132,660000000000,660076304250,660152608379,76304250,76304129,152608379,YES
666,667,133,665000000000,665076374125,665165993993,76374125,89619868,165993993,YES
666,667,134,670000000000,670095895670,670181753929,95895670,85858259,181753929,YES
666,667,135,675000000000,675086275104,675172147738,86275104,85872634,172147738,YES
666,667,136,680000000000,680093662004,680179500576,93662004,85838572,179500576,YES
666,667,137,685000000000,685020434648,685040869448,20434648,20434800,40869448,YES
666,667,138,690000000000,690020399020,690040798247,20399020,20399227,40798247,YES
666,667,139,695000000000,695020372750,695040745763,20372750,20373013,40745763,YES
666,667,140,700000000000,700020355776,700040711863,20355776,20356087,40711863,YES
666,667,141,705000000000,705020348001,705040696359,20348001,20348358,40696359,YES
666,667,142,710000000000,710021762941,710042112656,21762941,20349715,42112656,YES
666,667,143,715000000000,715093584755,715187169384,93584755,93584629,187169384,YES
666,667,144,720000000000,720093510015,720191967894,93510015,98457879,191967894,YES
666,667,145,725000000000,725093414144,725187544897,93414144,94130753,187544897,YES
666,667,146,730000000000,730102186864,730195611697,102186864,93424833,195611697,YES
666,667,147,735000000000,735093360981,735186722875,93360981,93361894,186722875,YES
666,667,148,740000000000,740093336592,740186674333,93336592,93337741,186674333,YES
666,667,149,745000000000,745093324866,745186651106,93324866,93326240,186651106,YES
666,667,150,750000000000,750093325760,750186653110,93325760,93327350,186653110,YES
666,667,151,755000000000,755093339204,755186680203,93339204,93340999,186680203,YES
666,667,152,760000000000,760093365090,760195701677,93365090,102336587,195701677,YES
666,667,153,765000000000,765093403277,765187747402,93403277,94344125,187747402,YES
666,667,154,770000000000,770096373147,770189829094,96373147,93455947,189829094,YES
666,667,155,775000000000,775121736579,775215255220,121736579,93518641,215255220,YES
666,667,156,780000000000,780115621012,780209213566,115621012,93592554,209213566,YES
666,667,157,785000000000,785178122299,785271801275,178122299,93678976,271801275,YES
666,667,158,790000000000,790096037623,790189969712,96037623,93932089,189969712,YES
666,667,159,795000000000,795015737894,795031475325,15737894,15737431,31475325,YES
666,667,160,800000000000,800015695215,800031389980,15695215,15694765,31389980,YES
666,667,161,805000000000,805015625909,805031251378,15625909,15625469,31251378,YES
666,667,162,810000000000,810015597057,810031193688,15597057,15596631,31193688,YES
666,667,163,815000000000,815015574948,815031149483,15574948,15574535,31149483,YES
666,667,164,820000000000,820016761074,820032320151,16761074,15559077,32320151,YES
666,667,165,825000000000,825015550554,825031100726,15550554,15550172,31100726,YES
666,667,166,830000000000,830015548106,830031095858,15548106,15547752,31095858,YES
666,667,167,835000000000,835076425714,835152849265,76425714,76423551,152849265,YES
666,667,168,840000000000,840076364711,840153740313,76364711,77375602,153740313,YES
666,667,169,845000000000,845088577767,845164889228,88577767,76311461,164889228,YES
666,667,170,850000000000,850088395623,850164666065,88395623,76270442,164666065,YES
666,667,171,855000000000,855076241431,855152481239,76241431,76239808,152481239,YES
666,667,172,860000000000,860076221142,860154053675,76221142,77832533,154053675,YES
666,667,173,865000000000,865076211688,865152422091,76211688,76210403,152422091,YES
666,667,174,870000000000,870082693213,870161915999,82693213,79222786,161915999,YES
666,667,175,875000000000,875145847816,875222073433,145847816,76225617,222073433,YES
666,667,176,880000000000,880077164437,880153414483,77164437,76250046,153414483,YES
666,667,177,885000000000,885188502661,885264790038,188502661,76287377,264790038,YES
666,667,178,890000000000,890086100657,890173709279,86100657,87608622,173709279,YES
666,667,179,895000000000,895094514853,895180580666,94514853,86065813,180580666,YES
666,667,180,900000000000,900087293159,900173337149,87293159,86043990,173337149,YES
666,667,181,905000000000,905094472557,905180541271,94472557,86068714,180541271,YES
666,667,182,910000000000,910089610070,910175856326,89610070,86246256,175856326,YES
666,667,183,915000000000,915085981405,915173864408,85981405,87883003,173864408,YES
666,667,184,920000000000,920089543852,920179268834,89543852,89724982,179268834,YES
666,667,185,925000000000,925020319376,925040638993,20319376,20319617,40638993,YES
666,667,186,930000000000,930020296273,930040592834,20296273,20296561,40592834,YES
666,667,187,935000000000,935020282409,935204295598,20282409,184013189,204295598,YES
666,667,188,940000000000,940020277682,940040555747,20277682,20278065,40555747,YES
666,667,189,945000000000,945020281981,945040564387,20281981,20282406,40564387,YES
666,667,190,950000000000,950020295202,950040590871,20295202,20295669,40590871,YES
666,667,191,955000000000,955020317258,955040635019,20317258,20317761,40635019,YES
666,667,192,960000000000,960093751362,960187502577,93751362,93751215,187502577,YES
666,667,193,965000000000,-1,-1,-1,-1,-1,LOST
666,667,194,970000000000,970093606719,970187213806,93606719,93607087,187213806,YES
666,667,195,975000000000,975093571080,975187142779,93571080,93571699,187142779,YES
666,667,196,980000000000,980093582499,980187165860,93582499,93583361,187165860,YES
666,667,197,985000000000,985093573855,985187148807,93573855,93574952,187148807,YES
666,667,198,990000000000,990093578768,990189044669,93578768,95465901,189044669,YES
666,667,199,995000000000,995105500911,995205128107,105500911,99627196,205128107,YES
666,667,200,1000000000000,1000106335664,1000201964357,106335664,95628693,201964357,YES
666,667,201,1005000000000,1005094423787,1005188099812,94423787,93676025,188099812,YES
666,667,202,1010000000000,1010096376435,1010190110695,96376435,93734260,190110695,YES
666,667,203,1015000000000,1015096183681,1015192403417,96183681,96219736,192403417,YES
666,667,204,1020000000000,1020103397494,1020202443167,103397494,99045673,202443167,YES
666,667,205,1025000000000,1025094262495,1025188245721,94262495,93983226,188245721,YES
666,667,206,1030000000000,1030094086815,1030188176445,94086815,94089630,188176445,YES
666,667,207,1035000000000,1035015605456,1035031210467,15605456,15605011,31210467,YES
666,667,208,1040000000000,1040015575748,1040031151065,15575748,15575317,31151065,YES
666,667,209,1045000000000,1045015803656,1045031356277,15803656,15552621,31356277,YES
666,667,210,1050000000000,1050015503570,1050031006737,15503570,15503167,31006737,YES
666,667,211,1055000000000,1055015494419,1055030988451,15494419,15494032,30988451,YES
666,667,212,1060000000000,1060015491878,1060030983385,15491878,15491507,30983385,YES
666,667,213,1065000000000,1065015495856,1065030991373,15495856,15495517,30991373,YES
666,667,214,1070000000000,1070015506341,1070031012361,15506341,15506020,31012361,YES
666,667,215,1075000000000,1075015523320,1075031046340,15523320,15523020,31046340,YES
666,667,216,1080000000000,1080015546835,1080031093395,15546835,15546560,31093395,YES
666,667,217,1085000000000,1085082773559,1085159624941,82773559,76851382,159624941,YES
666,667,218,1090000000000,1090079684136,1090163131987,79684136,83447851,163131987,YES
666,667,219,1095000000000,1095077023624,1095159906485,77023624,82882861,159906485,YES
666,667,220,1100000000000,1100092550130,1100173838809,92550130,81288679,173838809,YES
666,667,221,1105000000000,1105086198424,1105183767712,86198424,97569288,183767712,YES
666,667,222,1110000000000,1110086124015,1110181708197,86124015,95584182,181708197,YES
666,667,223,1115000000000,1115086060776,1115172120996,86060776,86060220,172120996,YES
666,667,224,1120000000000,1120086009246,1120172018196,86009246,86008950,172018196,YES
666,667,225,1125000000000,1125085969933,1125171939840,85969933,85969907,171939840,YES
666,667,226,1130000000000,1130085939452,1130210611714,85939452,124672262,210611714,YES
666,667,227,1135000000000,1135091170939,1135179141979,91170939,87971040,179141979,YES
666,667,228,1140000000000,1140091925746,1140180412194,91925746,88486448,180412194,YES
666,667,229,1145000000000,1145085777965,1145171555867,85777965,85777902,171555867,YES
666,667,230,1150000000000,1150085739945,1150171480094,85739945,85740149,171480094,YES
666,667,231,1155000000000,1155085715490,1155171431443,85715490,85715953,171431443,YES
666,667,232,1160000000000,1160085704496,1160173203003,85704496,87498507,173203003,YES
666,667,233,1165000000000,1165085706763,1165182619427,85706763,96912664,182619427,YES
666,667,234,1170000000000,1170085722022,1170171445220,85722022,85723198,171445220,YES
666,667,235,1175000000000,1175090956744,1175176708101,90956744,85751357,176708101,YES
666,667,236,1180000000000,1180020838285,1180041677036,20838285,20838751,41677036,YES
666,667,237,1185000000000,1185020842319,1185041685142,20842319,20842823,41685142,YES
666,667,238,1190000000000,1190020854082,1190041708705,20854082,20854623,41708705,YES
666,667,239,1195000000000,1195020873499,1195041747571,20873499,20874072,41747571,YES
667,668,0,0,90629580,181256808,90629580,90627228,181256808,YES
667,668,1,5000000000,5090483791,5180965391,90483791,90481600,180965391,YES
667,668,2,10000000000,10097010377,10187354491,97010377,90344114,187354491,YES
667,668,3,15000000000,15096161981,15186377684,96161981,90215703,186377684,YES
667,668,4,20000000000,20091232405,20181329182,91232405,90096777,181329182,YES
667,668,5,25000000000,25089989201,25179976918,89989201,89987717,179976918,YES
667,668,6,30000000000,30089890435,30179779576,89890435,89889141,179779576,YES
667,668,7,35000000000,35089802728,35179604364,89802728,89801636,179604364,YES
667,668,8,40000000000,40089726622,40179452349,89726622,89725727,179452349,YES
667,668,9,45000000000,45092480006,45182141881,92480006,89661875,182141881,YES
667,668,10,50000000000,50091848121,50186534879,91848121,94686758,186534879,YES
667,668,11,55000000000,55042306468,55085902232,42306468,43595764,85902232,YES
667,668,12,60000000000,60037884897,60075768554,37884897,37883657,75768554,YES
667,668,13,65000000000,65037784783,65075568384,37784783,37783601,75568384,YES
667,668,14,70000000000,70037695714,70075390317,37695714,37694603,75390317,YES
667,668,15,75000000000,75037618016,75075234989,37618016,37616973,75234989,YES
667,668,16,80000000000,80037551940,80075102903,37551940,37550963,75102903,YES
667,668,17,85000000000,85037497640,85075710104,37497640,38212464,75710104,YES
667,668,18,90000000000,90037455204,90074974118,37455204,37518914,74974118,YES
667,668,19,95000000000,95037507194,95079404257,37507194,41897063,79404257,YES
667,668,20,100000000000,100037405826,100074810990,37405826,37405164,74810990,YES
667,668,21,105000000000,105037398668,105074796761,37398668,37398093,74796761,YES
667,668,22,110000000000,110037402949,110074805410,37402949,37402461,74805410,YES
667,668,23,115000000000,115037418407,115074836412,37418407,37418005,74836412,YES
667,668,24,120000000000,120037444728,120074889147,37444728,37444419,74889147,YES
667,668,25,125000000000,125037481562,125074962903,37481562,37481341,74962903,YES
667,668,26,130000000000,130037528509,130075056887,37528509,37528378,75056887,YES
667,668,27,135000000000,135037585144,135075170244,37585144,37585100,75170244,YES
667,668,28,140000000000,140037651005,140075302053,37651005,37651048,75302053,YES
667,668,29,145000000000,145037725619,145075451365,37725619,37725746,75451365,YES
667,668,30,150000000000,150037808486,150075617180,37808486,37808694,75617180,YES
667,668,31,155000000000,155037899116,155075798511,37899116,37899395,75798511,YES
667,668,32,160000000000,160097418416,160194839051,97418416,97420635,194839051,YES
667,668,33,165000000000,165104201936,165201667152,104201936,97465216,201667152,YES
667,668,34,170000000000,170097517629,170195037897,97517629,97520268,195037897,YES
667,668,35,175000000000,175097582969,175195168771,97582969,97585802,195168771,YES
667,668,36,180000000000,180097658514,180195320045,97658514,97661531,195320045,YES
667,668,37,185000000000,185097744032,185195491250,97744032,97747218,195491250,YES
667,668,38,190000000000,190097839274,190195681893,97839274,97842619,195681893,YES
667,668,39,195000000000,195097943977,195195891468,97943977,97947491,195891468,YES
667,668,40,200000000000,200098057871,200199663208,98057871,101605337,199663208,YES
667,668,41,205000000000,205063215834,205124709184,63215834,61493350,124709184,YES
667,668,42,210000000000,210062843074,210124423189,62843074,61580115,124423189,YES
667,668,43,215000000000,215069482870,215138965640,69482870,69482770,138965640,YES
667,668,44,220000000000,220091611543,220183220182,91611543,91608639,183220182,YES
667,668,45,225000000000,225091435018,225182867289,91435018,91432271,182867289,YES
667,668,46,230000000000,230094822140,230186050731,94822140,91228591,186050731,YES
667,668,47,235000000000,235096497590,235187563011,96497590,91065421,187563011,YES
667,668,48,240000000000,240090912030,240181821802,90912030,90909772,181821802,YES
667,668,49,245000000000,245090763801,245189666420,90763801,98902619,189666420,YES
667,668,50,250000000000,250090623832,250181245771,90623832,90621939,181245771,YES
667,668,51,255000000000,255090492642,255185419800,90492642,94927158,185419800,YES
667,668,52,260000000000,260090370761,260185703922,90370761,95333161,185703922,YES
667,668,53,265000000000,265095786714,265191054999,95786714,95268285,191054999,YES
667,668,54,270000000000,270090157113,270181396024,90157113,91238911,181396024,YES
667,668,55,275000000000,275090066417,275180647678,90066417,90581261,180647678,YES
667,668,56,280000000000,280089987182,280180246636,89987182,90259454,180246636,YES
667,668,57,285000000000,285206940379,285296858430,206940379,89918051,296858430,YES
667,668,58,290000000000,290096115737,290187200543,96115737,91084806,187200543,YES
667,668,59,295000000000,295089823035,295179646075,89823035,89823040,179646075,YES
667,668,60,300000000000,300091642041,300183226994,91642041,91584953,183226994,YES
667,668,61,305000000000,305089778744,305179557932,89778744,89779188,179557932,YES
667,668,62,310000000000,310038029637,310076058276,38029637,38028639,76058276,YES
667,668,63,315000000000,315037948444,315075895961,37948444,37947517,75895961,YES
667,668,64,320000000000,320037879267,320075757677,37879267,37878410,75757677,YES
667,668,65,325000000000,325037822345,325075643910,37822345,37821565,75643910,YES
667,668,66,330000000000,330037777827,330075554953,37777827,37777126,75554953,YES
667,668,67,335000000000,335037745738,335075490856,37745738,37745118,75490856,YES
667,668,68,340000000000,340037726009,340075451481,37726009,37725472,75451481,YES
667,668,69,345000000000,345037718462,345075436473,37718462,37718011,75436473,YES
667,668,70,350000000000,350037722841,350075445316,37722841,37722475,75445316,YES
667,668,71,355000000000,355037738806,355075477335,37738806,37738529,75477335,YES
667,668,72,360000000000,360037765959,360075531726,37765959,37765767,75531726,YES
667,668,73,365000000000,365037803850,365075607592,37803850,37803742,75607592,YES
667,668,74,370000000000,370037851985,370075703946,37851985,37851961,75703946,YES
667,668,75,375000000000,375037909851,375075819753,37909851,37909902,75819753,YES
667,668,76,380000000000,380037976914,380075953958,37976914,37977044,75953958,YES
667,668,77,385000000000,385038052632,385076105481,38052632,38052849,76105481,YES
667,668,78,390000000000,390038136466,390076273222,38136466,38136756,76273222,YES
667,668,79,395000000000,395038227881,395076456121,38227881,38228240,76456121,YES
667,668,80,400000000000,400038326361,400076653151,38326361,38326790,76653151,YES
667,668,81,405000000000,405038431401,405076863291,38431401,38431890,76863291,YES
667,668,82,410000000000,410038542524,410077085590,38542524,38543066,77085590,YES
667,668,83,415000000000,415098007981,415196018930,98007981,98010949,196018930,YES
667,668,84,420000000000,420098094223,420196191581,98094223,98097358,196191581,YES
667,668,85,425000000000,425098189685,425196382663,98189685,98192978,196382663,YES
667,668,86,430000000000,430098294126,430196591694,98294126,98297568,196591694,YES
667,668,87,435000000000,435098407290,435196818166,98407290,98410876,196818166,YES
667,668,88,440000000000,440114213857,440221003737,114213857,106789880,221003737,YES
667,668,89,445000000000,445091564931,445183126400,91564931,91561469,183126400,YES
667,668,90,450000000000,450094485073,450185851837,94485073,91366764,185851837,YES
667,668,91,455000000000,455120740544,455211974559,120740544,91234015,211974559,YES
667,668,92,460000000000,460090996772,460181990439,90996772,90993667,181990439,YES
667,668,93,465000000000,465090818779,465181634593,90818779,90815814,181634593,YES
667,668,94,470000000000,470093511460,470186368179,93511460,92856719,186368179,YES
667,668,95,475000000000,475090482454,475180962210,90482454,90479756,180962210,YES
667,668,96,480000000000,480090291481,480180580429,90291481,90288948,180580429,YES
667,668,97,485000000000,485090142006,485180281642,90142006,90139636,180281642,YES
667,668,98,490000000000,490091408938,490184768268,91408938,93359330,184768268,YES
667,668,99,495000000000,495095293216,495187965744,95293216,92672528,187965744,YES
667,668,100,500000000000,500093188484,500182933353,93188484,89744869,182933353,YES
667,668,101,505000000000,505089634803,505180661032,89634803,91026229,180661032,YES
667,668,102,510000000000,510089533774,510181914010,89533774,92380236,181914010,YES
667,668,103,515000000000,515089444318,515178887443,89444318,89443125,178887443,YES
667,668,104,520000000000,520091998310,520181364338,91998310,89366028,181364338,YES
667,668,105,525000000000,525090128665,525179430388,90128665,89301723,179430388,YES
667,668,106,530000000000,530089251162,530178501812,89251162,89250650,178501812,YES
667,668,107,535000000000,535089213505,535184014051,89213505,94800546,184014051,YES
667,668,108,540000000000,540089189840,540184272093,89189840,95082253,184272093,YES
667,668,109,545000000000,-1,-1,-1,-1,-1,LOST
667,668,110,550000000000,550089185200,550178370825,89185200,89185625,178370825,YES
667,668,111,555000000000,555095305506,555184510474,95305506,89204968,184510474,YES
667,668,112,560000000000,560089237445,560179870731,89237445,90633286,179870731,YES
667,668,113,565000000000,565095061011,565184346579,95061011,89285568,184346579,YES
667,668,114,570000000000,570098143783,570190356250,98143783,92212467,190356250,YES
667,668,115,575000000000,575107050374,575200730835,107050374,93680461,200730835,YES
667,668,116,580000000000,580037604224,580075207797,37604224,37603573,75207797,YES
667,668,117,585000000000,585037597290,585075194006,37597290,37596716,75194006,YES
667,668,118,590000000000,590037601051,590075201604,37601051,37600553,75201604,YES
667,668,119,595000000000,595037615216,595075230010,37615216,37614794,75230010,YES
667,668,120,600000000000,600037639451,600075278559,37639451,37639108,75278559,YES
667,668,121,605000000000,605037673405,605075346546,37673405,37673141,75346546,YES
667,668,122,610000000000,610037716704,610075433222,37716704,37716518,75433222,YES
667,668,123,615000000000,615037768954,615075537800,37768954,37768846,75537800,YES
667,668,124,620000000000,620037888943,620075718664,37888943,37829721,75718664,YES
667,668,125,625000000000,625037898691,625075797424,37898691,37898733,75797424,YES
667,668,126,630000000000,630037975344,630075950797,37975344,37975453,75950797,YES
667,668,127,635000000000,635038059299,635076132039,38059299,38072740,76132039,YES
667,668,128,640000000000,640038150142,640076300549,38150142,38150407,76300549,YES
667,668,129,645000000000,645038247461,645076495249,38247461,38247788,76495249,YES
667,668,130,650000000000,650038350854,650076702095,38350854,38351241,76702095,YES
667,668,131,655000000000,655038459932,655076920322,38459932,38460390,76920322,YES
667,668,132,660000000000,660102712046,660201571624,102712046,98859578,201571624,YES
667,668,133,665000000000,665105488729,665204445668,105488729,98956939,204445668,YES
667,668,134,670000000000,670045751477,670091502107,45751477,45750630,91502107,YES
667,668,135,675000000000,675045606500,675091212226,45606500,45605726,91212226,YES
667,668,136,680000000000,680045467329,680090933969,45467329,45466640,90933969,YES
667,668,137,685000000000,685091234389,685183481090,91234389,92246701,183481090,YES
667,668,138,690000000000,690093091410,690184451884,93091410,91360474,184451884,YES
667,668,139,695000000000,695090861888,695200370705,90861888,109508817,200370705,YES
667,668,140,700000000000,700090684767,700181366499,90684767,90681732,181366499,YES
667,668,141,705000000000,705090514323,705181025749,90514323,90511426,181025749,YES
667,668,142,710000000000,710090351074,710180699398,90351074,90348324,180699398,YES
667,668,143,715000000000,715090195553,715180388533,90195553,90192980,180388533,YES
667,668,144,720000000000,720092253578,720182537413,92253578,90283835,182537413,YES
667,668,145,725000000000,725090881078,725180755273,90881078,89874195,180755273,YES
667,668,146,730000000000,730090043362,730184129356,90043362,94085994,184129356,YES
667,668,147,735000000000,735089629082,735179256347,89629082,89627265,179256347,YES
667,668,148,740000000000,740089521334,740179041061,89521334,89519727,179041061,YES
667,668,149,745000000000,745091994918,745181418551,91994918,89423633,181418551,YES
667,668,150,750000000000,750093675424,750183015103,93675424,89339679,183015103,YES
667,668,151,755000000000,755089269436,755178537950,89269436,89268514,178537950,YES
667,668,152,760000000000,760089211199,760178421716,89211199,89210517,178421716,YES
667,668,153,765000000000,765091168655,765180334842,91168655,89166187,180334842,YES
667,668,154,770000000000,770089136119,770181266668,89136119,92130549,181266668,YES
667,668,155,775000000000,775089119884,775198800572,89119884,109680688,198800572,YES
667,668,156,780000000000,780089118056,780229377926,89118056,140259870,229377926,YES
667,668,157,785000000000,785097063046,785196578340,97063046,99515294,196578340,YES
667,668,158,790000000000,790089157474,790178315741,89157474,89158267,178315741,YES
667,668,159,795000000000,795089198322,795181323434,89198322,92125112,181323434,YES
667,668,160,800000000000,800089252810,800180454987,89252810,91202177,180454987,YES
667,668,161,805000000000,805091928947,805181250910,91928947,89321963,181250910,YES
667,668,162,810000000000,810098360990,810187763564,98360990,89402574,187763564,YES
667,668,163,815000000000,815096323926,815185818979,96323926,89495053,185818979,YES
667,668,164,820000000000,820094295688,820183894580,94295688,89598892,183894580,YES
667,668,165,825000000000,825090993711,825181491562,90993711,90497851,181491562,YES
667,668,166,830000000000,830089835606,830179678382,89835606,89842776,179678382,YES
667,668,167,835000000000,835037835192,835075670074,37835192,37834882,75670074,YES
667,668,168,840000000000,840037872055,840075743873,37872055,37871818,75743873,YES
667,668,169,845000000000,845037917663,845075835163,37917663,37917500,75835163,YES
667,668,170,850000000000,850037971648,850075943205,37971648,37971557,75943205,YES
667,668,171,855000000000,855038033635,855076067261,38033635,38033626,76067261,YES
667,668,172,860000000000,-1,-1,-1,-1,-1,LOST
667,668,173,865000000000,865045332324,865083590507,45332324,38258183,83590507,YES
667,668,174,870000000000,870038263806,870076527807,38263806,38264001,76527807,YES
667,668,175,875000000000,875038354007,875076708272,38354007,38354265,76708272,YES
667,668,176,880000000000,880038450328,880076900980,38450328,38450652,76900980,YES
667,668,177,885000000000,885038552407,885077105191,38552407,38552784,77105191,YES
667,668,178,890000000000,890099063193,890198125068,99063193,99061875,198125068,YES
667,668,179,895000000000,895101188941,895207272253,101188941,106083312,207272253,YES
667,668,180,900000000000,900106960813,900213474481,106960813,106513668,213474481,YES
667,668,181,905000000000,905105941527,905204730841,105941527,98789314,204730841,YES
667,668,182,910000000000,910100570571,910199240824,100570571,98670253,199240824,YES
667,668,183,915000000000,915098541770,915197081823,98541770,98540053,197081823,YES
667,668,184,920000000000,920103170270,920201588946,103170270,98418676,201588946,YES
667,668,185,925000000000,925058711961,925117423299,58711961,58711338,117423299,YES
667,668,186,930000000000,930058650885,930117301210,58650885,58650325,117301210,YES
667,668,187,935000000000,935058595917,935117191338,58595917,58595421,117191338,YES
667,668,188,940000000000,940058547552,940117094681,58547552,58547129,117094681,YES
667,668,189,945000000000,945058506314,945117012283,58506314,58505969,117012283,YES
667,668,190,950000000000,950058472737,950116945217,58472737,58472480,116945217,YES
667,668,191,955000000000,955058447379,955116894594,58447379,58447215,116894594,YES
667,668,192,960000000000,960058430792,960116861519,58430792,58430727,116861519,YES
667,668,193,965000000000,965061517137,965119907105,61517137,58389968,119907105,YES
667,668,194,970000000000,970058392510,970116785183,58392510,58392673,116785183,YES
667,668,195,975000000000,975090023169,975180044798,90023169,90021629,180044798,YES
667,668,196,980000000000,980089920934,980179840575,89920934,89919641,179840575,YES
667,668,197,985000000000,985089830182,985179659315,89830182,89829133,179659315,YES
667,668,198,990000000000,990089751489,990179502180,89751489,89750691,179502180,YES
667,668,199,995000000000,995095469375,995195217271,95469375,99747896,195217271,YES
667,668,200,1000000000000,1000096053314,1000195620214,96053314,99566900,195620214,YES
667,668,201,1005000000000,1005093105898,1005182698541,93105898,89592643,182698541,YES
667,668,202,1010000000000,1010097052659,1010186619660,97052659,89567001,186619660,YES
667,668,203,1015000000000,1015092223324,1015186537686,92223324,94314362,186537686,YES
667,668,204,1020000000000,1020096112421,1020185670039,96112421,89557618,185670039,YES
667,668,205,1025000000000,1025089572870,1025179146749,89572870,89573879,179146749,YES
667,668,206,1030000000000,1030089623353,1030186295467,89623353,96672114,186295467,YES
667,668,207,1035000000000,1035089646247,1035185838379,89646247,96192132,185838379,YES
667,668,208,1040000000000,1040089703030,1040179407760,89703030,89704730,179407760,YES
667,668,209,1045000000000,1045089772681,1045179547267,89772681,89774586,179547267,YES
667,668,210,1050000000000,1050089854709,1050179711520,89854709,89856811,179711520,YES
667,668,211,1055000000000,1055092101621,1055182052529,92101621,89950908,182052529,YES
667,668,212,1060000000000,1060090053701,1060180487732,90053701,90434031,180487732,YES
667,668,213,1065000000000,1065090169479,1065180341583,90169479,90172104,180341583,YES
667,668,214,1070000000000,1070090295301,1070180593384,90295301,90298083,180593384,YES
667,668,215,1075000000000,1075090717179,1075185077635,90717179,94360456,185077635,YES
667,668,216,1080000000000,1080093422415,1080187375251,93422415,93952836,187375251,YES
667,668,217,1085000000000,1085038083260,1085076166225,38083260,38082965,76166225,YES
667,668,218,1090000000000,1090038118700,1090076237168,38118700,38118468,76237168,YES
667,668,219,1095000000000,1095038162411,1095076324661,38162411,38162250,76324661,YES
667,668,220,1100000000000,1100040610681,1100078824675,40610681,38213994,78824675,YES
667,668,221,1105000000000,1105047933067,1105087647532,47933067,39714465,87647532,YES
667,668,222,1110000000000,1110041028043,1110080728027,41028043,39699984,80728027,YES
667,668,223,1115000000000,1115039692392,1115079383666,39692392,39691274,79383666,YES
667,668,224,1120000000000,1120039689466,1120079377870,39689466,39688404,79377870,YES
667,668,225,1125000000000,1125039692381,1125079383760,39692381,39691379,79383760,YES
667,668,226,1130000000000,1130039701176,1130079401413,39701176,39700237,79401413,YES
667,668,227,1135000000000,1135098365643,1135196729045,98365643,98363402,196729045,YES
667,668,228,1140000000000,1140098213385,1140196424737,98213385,98211352,196424737,YES
667,668,229,1145000000000,1145098069248,1145197305595,98069248,99236347,197305595,YES
667,668,230,1150000000000,1150097987412,1150195919445,97987412,97932033,195919445,YES
667,668,231,1155000000000,1155097806775,1155195612219,97806775,97805444,195612219,YES
667,668,232,1160000000000,1160097689109,1160195377131,97689109,97688022,195377131,YES
667,668,233,1165000000000,1165099217532,1165196797568,99217532,97580036,196797568,YES
667,668,234,1170000000000,1170097482509,1170194964415,97482509,97481906,194964415,YES
667,668,235,1175000000000,1175102859555,1175200253261,102859555,97393706,200253261,YES
667,668,236,1180000000000,1180058555698,1180117110782,58555698,58555084,117110782,YES
667,668,237,1185000000000,1185058496103,1185116991662,58496103,58495559,116991662,YES
667,668,238,1190000000000,1190058443317,1190116886164,58443317,58442847,116886164,YES
667,668,239,1195000000000,1195058397917,1195116795443,58397917,58397526,116795443,YES
668,669,0,0,61022110,122041878,61022110,61019768,122041878,YES
668,669,1,5000000000,5060898184,5121794102,60898184,60895918,121794102,YES
668,669,2,10000000000,10060781920,10121561657,60781920,60779737,121561657,YES
668,669,3,15000000000,15060673575,15121345055,60673575,60671480,121345055,YES
668,669,4,20000000000,20060573385,20121144789,60573385,60571404,121144789,YES
668,669,5,25000000000,25079595686,25159189454,79595686,79593768,159189454,YES
668,669,6,30000000000,30079466442,30158931142,79466442,79464700,158931142,YES
668,669,7,35000000000,35079346223,35158690884,79346223,79344661,158690884,YES
668,669,8,40000000000,40079235664,40158469957,79235664,79234293,158469957,YES
668,669,9,45000000000,45079135385,45165900415,79135385,86765030,165900415,YES
668,669,10,50000000000,50083049909,50166311691,83049909,83261782,166311691,YES
668,669,11,55000000000,55084262965,55170458880,84262965,86195915,170458880,YES
668,669,12,60000000000,60079927974,60160090455,79927974,80162481,160090455,YES
668,669,13,65000000000,65078848529,65160218285,78848529,81369756,160218285,YES
668,669,14,70000000000,70078807738,70160580458,78807738,81772720,160580458,YES
668,669,15,75000000000,75078779972,75157560156,78779972,78780184,157560156,YES
668,669,16,80000000000,80078765381,80157904772,78765381,79139391,157904772,YES
668,669,17,85000000000,85078763995,85157528660,78763995,78764665,157528660,YES
668,669,18,90000000000,90078775750,90163884544,78775750,85108794,163884544,YES
668,669,19,95000000000,95105733158,95184568493,105733158,78835335,184568493,YES
668,669,20,100000000000,100088411693,100167943458,88411693,79531765,167943458,YES
668,669,21,105000000000,105078921238,105158075664,78921238,79154426,158075664,YES
668,669,22,110000000000,110082335191,110161544271,82335191,79209080,161544271,YES
668,669,23,115000000000,115079056100,115158114027,79056100,79057927,158114027,YES
668,669,24,120000000000,120079140219,120158282432,79140219,79142213,158282432,YES
668,669,25,125000000000,125080730527,125159967447,80730527,79236920,159967447,YES
668,669,26,130000000000,130079426032,130225890165,79426032,146464133,225890165,YES
668,669,27,135000000000,135079452922,135159773652,79452922,80320730,159773652,YES
668,669,28,140000000000,140079575431,140160488279,79575431,80912848,160488279,YES
668,669,29,145000000000,145079706155,145159414899,79706155,79708744,159414899,YES
668,669,30,150000000000,150079844577,150159691850,79844577,79847273,159691850,YES
668,669,31,155000000000,155079990184,155159983150,79990184,79992966,159983150,YES
668,669,32,160000000000,160082448476,160164897449,82448476,82448973,164897449,YES
668,669,33,165000000000,165089416469,165178832286,89416469,89415817,178832286,YES
668,669,34,170000000000,170089321076,170178641677,89321076,89320601,178641677,YES
668,669,35,175000000000,175089268626,175178536957,89268626,89268331,178536957,YES
668,669,36,180000000000,180089225801,180178451493,89225801,89225692,178451493,YES
668,669,37,185000000000,185089192859,185178385791,89192859,89192932,178385791,YES
668,669,38,190000000000,190089170018,190178340291,89170018,89170273,178340291,YES
668,669,39,195000000000,195089157459,195178315359,89157459,89157900,178315359,YES
668,669,40,200000000000,200089155323,200179589946,89155323,90434623,179589946,YES
668,669,41,205000000000,205089163711,205182595642,89163711,93431931,182595642,YES
668,669,42,210000000000,210089182659,210178366303,89182659,89183644,178366303,YES
668,669,43,215000000000,215089236135,215178472943,89236135,89236808,178472943,YES
668,669,44,220000000000,220061715230,220123427762,61715230,61712532,123427762,YES
668,669,45,225000000000,225061565571,225123128483,61565571,61562912,123128483,YES
668,669,46,230000000000,230061422609,230122842609,61422609,61420000,122842609,YES
668,669,47,235000000000,235061286517,235122570498,61286517,61283981,122570498,YES
668,669,48,240000000000,240061157456,240122312439,61157456,61154983,122312439,YES
668,669,49,245000000000,245065410146,245126443213,65410146,61033067,126443213,YES
668,669,50,250000000000,250060921034,250121839724,60921034,60918690,121839724,YES
668,669,51,255000000000,255060813971,255121625672,60813971,60811701,121625672,YES
668,669,52,260000000000,260080213361,260160208310,80213361,79994949,160208310,YES
668,669,53,265000000000,265079853481,265165227288,79853481,85373807,165227288,YES
668,669,54,270000000000,270079717842,270159433670,79717842,79715828,159433670,YES
668,669,55,275000000000,275079590992,275159180129,79590992,79589137,159180129,YES
668,669,56,280000000000,280079850977,280160384470,79850977,80533493,160384470,YES
668,669,57,285000000000,285079366395,285161752039,79366395,82385644,161752039,YES
668,669,58,290000000000,290079270006,290158538710,79270006,79268704,158538710,YES
668,669,59,295000000000,295079185137,295158369181,79185137,79184044,158369181,YES
668,669,60,300000000000,300080213690,300161029715,80213690,80816025,161029715,YES
668,669,61,305000000000,305079052438,305158104230,79052438,79051792,158104230,YES
668,669,62,310000000000,310079005688,310159726426,79005688,80720738,159726426,YES
668,669,63,315000000000,315078972567,315157944968,78972567,78972401,157944968,YES
668,669,64,320000000000,320078953356,320157906785,78953356,78953429,157906785,YES
668,669,65,325000000000,325078948197,325158533118,78948197,79584921,158533118,YES
668,669,66,330000000000,330079216966,330158174625,79216966,78957659,158174625,YES
668,669,67,335000000000,335080340044,335159354395,80340044,79014351,159354395,YES
668,669,68,340000000000,340082041807,340161092949,82041807,79051142,161092949,YES
668,669,69,345000000000,345079099977,345159196332,79099977,80096355,159196332,YES
668,669,70,350000000000,350079523501,350158687614,79523501,79164113,158687614,YES
668,669,71,355000000000,355079237734,355158477068,79237734,79239334,158477068,YES
668,669,72,360000000000,360082184064,360161510371,82184064,79326307,161510371,YES
668,669,73,365000000000,365080197668,365159621918,80197668,79424250,159621918,YES
668,669,74,370000000000,370084221877,370163754591,84221877,79532714,163754591,YES
668,669,75,375000000000,375079648503,375160918975,79648503,81270472,160918975,YES
668,669,76,380000000000,380079775573,380159553502,79775573,79777929,159553502,YES
668,669,77,385000000000,385079911109,385159824687,79911109,79913578,159824687,YES
668,669,78,390000000000,390080054493,390160111575,80054493,80057082,160111575,YES
668,669,79,395000000000,395080205156,395160412998,80205156,80207842,160412998,YES
668,669,80,400000000000,400080362550,400160727893,80362550,80365343,160727893,YES
668,669,81,405000000000,405056315782,405112632942,56315782,56317160,112632942,YES
668,669,82,410000000000,410056288706,410112578831,56288706,56290125,112578831,YES
668,669,83,415000000000,415089786918,415179573827,89786918,89786909,179573827,YES
668,669,84,420000000000,420089742300,420179484760,89742300,89742460,179484760,YES
668,669,85,425000000000,425089707028,425179414393,89707028,89707365,179414393,YES
668,669,86,430000000000,430089681351,430179363209,89681351,89681858,179363209,YES
668,669,87,435000000000,435089665469,435179331612,89665469,89666143,179331612,YES
668,669,88,440000000000,440091915578,440185598847,91915578,93683269,185598847,YES
668,669,89,445000000000,445061464528,445122926325,61464528,61461797,122926325,YES
668,669,90,450000000000,450061322376,450122642068,61322376,61319692,122642068,YES
668,669,91,455000000000,455061153201,455126510032,61153201,65356831,126510032,YES
668,669,92,460000000000,460060990920,460121979249,60990920,60988329,121979249,YES
668,669,93,465000000000,465060835835,465121669147,60835835,60833312,121669147,YES
668,669,94,470000000000,470060688225,470121373980,60688225,60685755,121373980,YES
668,669,95,475000000000,475060548358,475121094310,60548358,60545952,121094310,YES
668,669,96,480000000000,480060416465,480120830599,60416465,60414134,120830599,YES
668,669,97,485000000000,485060292787,485120583316,60292787,60290529,120583316,YES
668,669,98,490000000000,490060177527,490128409653,60177527,68232126,128409653,YES
668,669,99,495000000000,495060070886,495120139695,60070886,60068809,120139695,YES
668,669,100,500000000000,500288025992,500351183371,288025992,63157379,351183371,YES
668,669,101,505000000000,505106432333,505166313876,106432333,59881543,166313876,YES
668,669,102,510000000000,510082189536,510161428738,82189536,79239202,161428738,YES
668,669,103,515000000000,515079115816,515158230082,79115816,79114266,158230082,YES
668,669,104,520000000000,520079000232,520159404625,79000232,80404393,159404625,YES
668,669,105,525000000000,525078894934,525158925827,78894934,80030893,158925827,YES
668,669,106,530000000000,530078800590,530157600255,78800590,78799665,157600255,YES
668,669,107,535000000000,535081325379,535160042454,81325379,78717075,160042454,YES
668,669,108,540000000000,540079241662,540157888417,79241662,78646755,157888417,YES
668,669,109,545000000000,-1,-1,-1,-1,-1,LOST
668,669,110,550000000000,550081653257,550160197842,81653257,78544585,160197842,YES
668,669,111,555000000000,555081532904,555162335733,81532904,80802829,162335733,YES
668,669,112,560000000000,560083500478,560161996771,83500478,78496293,161996771,YES
668,669,113,565000000000,565081815548,565160308405,81815548,78492857,160308405,YES
668,669,114,570000000000,570081360336,570165568458,81360336,84208122,165568458,YES
668,669,115,575000000000,575078526239,575185290871,78526239,106764632,185290871,YES
668,669,116,580000000000,580078563644,580162759964,78563644,84196320,162759964,YES
668,669,117,585000000000,585078647831,585157297170,78647831,78649339,157297170,YES
668,669,118,590000000000,590078711174,590161288934,78711174,82577760,161288934,YES
668,669,119,595000000000,595078786791,595157575429,78786791,78788638,157575429,YES
668,669,120,600000000000,600078874135,600216009754,78874135,137135619,216009754,YES
668,669,121,605000000000,605078972609,605263921691,78972609,184949082,263921691,YES
668,669,122,610000000000,610079081598,610161462140,79081598,82380542,161462140,YES
668,669,123,615000000000,615079200470,615161142307,79200470,81941837,161142307,YES
668,669,124,620000000000,620080344746,620159675882,80344746,79331136,159675882,YES
668,669,125,625000000000,625079687418,625159155374,79687418,79467956,159155374,YES
668,669,126,630000000000,630079610102,630159222909,79610102,79612807,159222909,YES
668,669,127,635000000000,635079762301,635159527390,79762301,79765089,159527390,YES
668,669,128,640000000000,640079921384,640159845634,79921384,79924250,159845634,YES
668,669,129,645000000000,645056053711,645112108853,56053711,56055142,112108853,YES
668,669,130,650000000000,650056030475,650112062419,56030475,56031944,112062419,YES
668,669,131,655000000000,655056012505,655112026496,56012505,56013991,112026496,YES
668,669,132,660000000000,660089795916,660185509996,89795916,95714080,185509996,YES
668,669,133,665000000000,665089774222,665189488449,89774222,99714227,189488449,YES
668,669,134,670000000000,670061498946,670122995156,61498946,61496210,122995156,YES
668,669,135,675000000000,675061313076,675122623437,61313076,61310361,122623437,YES
668,669,136,680000000000,680061133686,680122264696,61133686,61131010,122264696,YES
668,669,137,685000000000,685060961157,685121919706,60961157,60958549,121919706,YES
668,669,138,690000000000,690060829454,690121656344,60829454,60826890,121656344,YES
668,669,139,695000000000,695067247540,695127916516,67247540,60668976,127916516,YES
668,669,140,700000000000,700060521791,700121041131,60521791,60519340,121041131,YES
668,669,141,705000000000,705060380017,705120757641,60380017,60377624,120757641,YES
668,669,142,710000000000,710060246607,710120490902,60246607,60244295,120490902,YES
668,669,143,715000000000,715060121774,715120241311,60121774,60119537,120241311,YES
668,669,144,720000000000,720060005711,720120009263,60005711,60003552,120009263,YES
668,669,145,725000000000,725059898571,725119795067,59898571,59896496,119795067,YES
668,669,146,730000000000,730059800500,730119599017,59800500,59798517,119599017,YES
668,669,147,735000000000,735059711618,735119421361,59711618,59709743,119421361,YES
668,669,148,740000000000,740059632048,740119262331,59632048,59630283,119262331,YES
668,669,149,745000000000,745079161374,745160890178,79161374,81728804,160890178,YES
668,669,150,750000000000,750079040478,750161288403,79040478,82247925,161288403,YES
668,669,151,755000000000,755078929470,755157857761,78929470,78928291,157857761,YES
668,669,152,760000000000,760078829010,760159524099,78829010,80695089,159524099,YES
668,669,153,765000000000,765078739733,765157704750,78739733,78965017,157704750,YES
668,669,154,770000000000,770079083016,770157744710,79083016,78661694,157744710,YES
668,669,155,775000000000,775078597132,775157193938,78597132,78596806,157193938,YES
668,669,156,780000000000,780081831552,780160376285,81831552,78544733,160376285,YES
668,669,157,785000000000,785078505849,785163667850,78505849,85162001,163667850,YES
668,669,158,790000000000,790078480417,790156961188,78480417,78480771,156961188,YES
668,669,159,795000000000,795085266064,795163735406,85266064,78469342,163735406,YES
668,669,160,800000000000,800083563525,800162035354,83563525,78471829,162035354,YES
668,669,161,805000000000,805078487141,805157196816,78487141,78709675,157196816,YES
668,669,162,810000000000,810078516990,810164360443,78516990,85843453,164360443,YES
668,669,163,815000000000,815078560323,815162323498,78560323,83763175,162323498,YES
668,669,164,820000000000,820078650392,820166295346,78650392,87644954,166295346,YES
668,669,165,825000000000,825078719557,825157440848,78719557,78721291,157440848,YES
668,669,166,830000000000,830078800901,830160867925,78800901,82067024,160867925,YES
668,669,167,835000000000,835078893846,835157789725,78893846,78895879,157789725,YES
668,669,168,840000000000,840078997777,840157997721,78997777,78999944,157997721,YES
668,669,169,845000000000,845079112050,845161352714,79112050,82240664,161352714,YES
668,669,170,850000000000,850079236015,850158474432,79236015,79238417,158474432,YES
668,669,171,855000000000,855079369000,855158740523,79369000,79371523,158740523,YES
668,669,172,860000000000,860079510381,860163068457,79510381,83558076,163068457,YES
668,669,173,865000000000,865079659535,865159321776,79659535,79662241,159321776,YES
668,669,174,870000000000,870080667889,870163641345,80667889,82973456,163641345,YES
668,669,175,875000000000,875079978865,875159960608,79978865,79981743,159960608,YES
668,669,176,880000000000,880055856526,880111714471,55856526,55857945,111714471,YES
668,669,177,885000000000,885055820948,885111643351,55820948,55822403,111643351,YES
668,669,178,890000000000,890088047886,890176093163,88047886,88045277,176093163,YES
668,669,179,895000000000,895114161036,895202077609,114161036,87916573,202077609,YES
668,669,180,900000000000,900105265043,900198143817,105265043,92878774,198143817,YES
668,669,181,905000000000,905087651469,905179362237,87651469,91710768,179362237,YES
668,669,182,910000000000,910087576758,910175092870,87576758,87516112,175092870,YES
668,669,183,915000000000,915087381710,915174760722,87381710,87379012,174760722,YES
668,669,184,920000000000,920087253540,920177443201,87253540,90189661,177443201,YES
668,669,185,925000000000,925087134953,925174401636,87134953,87266683,174401636,YES
668,669,186,930000000000,930087060044,930174117759,87060044,87057715,174117759,YES
668,669,187,935000000000,935088018549,935174978445,88018549,86959896,174978445,YES
668,669,188,940000000000,940131217836,940218090265,131217836,86872429,218090265,YES
668,669,189,945000000000,945086799676,945173597484,86799676,86797808,173597484,YES
668,669,190,950000000000,950086735939,950173470176,86735939,86734237,173470176,YES
668,669,191,955000000000,955086684248,955173366967,86684248,86682719,173366967,YES
668,669,192,960000000000,960086644814,960173288280,86644814,86643466,173288280,YES
668,669,193,965000000000,965087992678,965174609284,87992678,86616606,174609284,YES
668,669,194,970000000000,970088248381,970174850601,88248381,86602220,174850601,YES
668,669,195,975000000000,975059704693,975119407421,59704693,59702728,119407421,YES
668,669,196,980000000000,980059613717,980119225562,59613717,59611845,119225562,YES
668,669,197,985000000000,985059532181,985119062590,59532181,59530409,119062590,YES
668,669,198,990000000000,990079453760,990163551081,79453760,84097321,163551081,YES
668,669,199,995000000000,995082605369,995167468265,82605369,84862896,167468265,YES
668,669,200,1000000000000,1000082291566,1000170671828,82291566,88380262,170671828,YES
668,669,201,1005000000000,1005079151701,1005165105042,79151701,85953341,165105042,YES
668,669,202,1010000000000,1010079073559,1010163052041,79073559,83978482,163052041,YES
668,669,203,1015000000000,1015079007768,1015158153268,79007768,79145500,158153268,YES
668,669,204,1020000000000,1020078954885,1020157909366,78954885,78954481,157909366,YES
668,669,205,1025000000000,1025078915411,1025160068319,78915411,81152908,160068319,YES
668,669,206,1030000000000,1030078889744,1030157779510,78889744,78889766,157779510,YES
668,669,207,1035000000000,1035081149844,1035160053021,81149844,78903177,160053021,YES
668,669,208,1040000000000,1040082314131,1040161195412,82314131,78881281,161195412,YES
668,669,209,1045000000000,1045078897730,1045157796117,78897730,78898387,157796117,YES
668,669,210,1050000000000,1050078928761,1050157858382,78928761,78929621,157858382,YES
668,669,211,1055000000000,1055078973658,1055157948370,78973658,78974712,157948370,YES
668,669,212,1060000000000,1060079032030,1060158065305,79032030,79033275,158065305,YES
668,669,213,1065000000000,1065079103393,1065158208210,79103393,79104817,158208210,YES
668,669,214,1070000000000,1070079220770,1070158443142,79220770,79222372,158443142,YES
668,669,215,1075000000000,1075082151893,1075161470040,82151893,79318147,161470040,YES
668,669,216,1080000000000,1080081564940,1080160989876,81564940,79424936,160989876,YES
668,669,217,1085000000000,1085079540032,1085159680941,79540032,80140909,159680941,YES
668,669,218,1090000000000,1090081474487,1090169448714,81474487,87974227,169448714,YES
668,669,219,1095000000000,1095082984932,1095172350662,82984932,89365730,172350662,YES
668,669,220,1100000000000,1100079946630,1100172182437,79946630,92235807,172182437,YES
668,669,221,1105000000000,1105083289787,1105163390848,83289787,80101061,163390848,YES
668,669,222,1110000000000,1110081338856,1110161598852,81338856,80259996,161598852,YES
668,669,223,1115000000000,1115055849932,1115111701098,55849932,55851166,111701098,YES
668,669,224,1120000000000,1120055804880,1120111611045,55804880,55806165,111611045,YES
668,669,225,1125000000000,1125055765071,1125111531468,55765071,55766397,111531468,YES
668,669,226,1130000000000,1130055730639,1130111462643,55730639,55732004,111462643,YES
668,669,227,1135000000000,1135087363859,1135174724443,87363859,87360584,174724443,YES
668,669,228,1140000000000,1140087773442,1140174940601,87773442,87167159,174940601,YES
668,669,229,1145000000000,1145087018282,1145189974731,87018282,102956449,189974731,YES
668,669,230,1150000000000,1150086874532,1150175986379,86874532,89111847,175986379,YES
668,669,231,1155000000000,1155086739655,1155173476397,86739655,86736742,173476397,YES
668,669,232,1160000000000,1160086647779,1160173292748,86647779,86644969,173292748,YES
668,669,233,1165000000000,1165086532211,1165173988955,86532211,87456744,173988955,YES
668,669,234,1170000000000,1170086427038,1170172851495,86427038,86424457,172851495,YES
668,669,235,1175000000000,1175086332698,1175174125488,86332698,87792790,174125488,YES
668,669,236,1180000000000,1180087279178,1180173526443,87279178,86247265,173526443,YES
668,669,237,1185000000000,1185086242193,1185173488823,86242193,87246630,173488823,YES
668,669,238,1190000000000,1190086118325,1190172234642,86118325,86116317,172234642,YES
668,669,239,1195000000000,1195086070650,1195174567021,86070650,88496371,174567021,YES
669,670,0,0,32780515,65560905,32780515,32780390,65560905,YES
669,670,1,5000000000,5032747705,5065495349,32747705,32747644,65495349,YES
669,670,2,10000000000,10032726687,10065453372,32726687,32726685,65453372,YES
669,670,3,15000000000,15032717505,15065435068,32717505,32717563,65435068,YES
669,670,4,20000000000,20032720106,20065440329,32720106,32720223,65440329,YES
669,670,5,25000000000,25095638291,25183530687,95638291,87892396,183530687,YES
669,670,6,30000000000,30087828683,30175654777,87828683,87826094,175654777,YES
669,670,7,35000000000,35087773637,35175544831,87773637,87771194,175544831,YES
669,670,8,40000000000,40087730065,40175457836,87730065,87727771,175457836,YES
669,670,9,45000000000,45098613529,45186309221,98613529,87695692,186309221,YES
669,670,10,50000000000,50098049025,50189047184,98049025,90998159,189047184,YES
669,670,11,55000000000,55087667222,55175332658,87667222,87665436,175332658,YES
669,670,12,60000000000,60089861815,60177528676,89861815,87666861,177528676,YES
669,670,13,65000000000,65099982449,65187661633,99982449,87679184,187661633,YES
669,670,14,70000000000,70096923907,70193960934,96923907,97037027,193960934,YES
669,670,15,75000000000,75087736677,75175472353,87736677,87735676,175472353,YES
669,670,16,80000000000,80088899659,80176679282,88899659,87779623,176679282,YES
669,670,17,85000000000,85087834346,85175668127,87834346,87833781,175668127,YES
669,670,18,90000000000,90087898354,90175796366,87898354,87898012,175796366,YES
669,670,19,95000000000,95089581571,95181594381,89581571,92012810,181594381,YES
669,670,20,100000000000,100160814646,100250412501,160814646,89597855,250412501,YES
669,670,21,105000000000,105093781422,105188951571,93781422,95170149,188951571,YES
669,670,22,110000000000,110088284610,110176569813,88284610,88285203,176569813,YES
669,670,23,115000000000,115088395771,115176792358,88395771,88396587,176792358,YES
669,670,24,120000000000,120088863178,120179081919,88863178,90218741,179081919,YES
669,670,25,125000000000,125088643729,125184674424,88643729,96030695,184674424,YES
669,670,26,130000000000,130135189639,130235181355,135189639,99991716,235181355,YES
669,670,27,135000000000,135096510218,135191013404,96510218,94503186,191013404,YES
669,670,28,140000000000,140094461463,140188924795,94461463,94463332,188924795,YES
669,670,29,145000000000,145094428850,145188859766,94428850,94430916,188859766,YES
669,670,30,150000000000,150094422564,150192378798,94422564,97956234,192378798,YES
669,670,31,155000000000,155094385625,155192830375,94385625,98444750,192830375,YES
669,670,32,160000000000,160097055359,160191432792,97055359,94377433,191432792,YES
669,670,33,165000000000,165034036050,165068071142,34036050,34035092,68071142,YES
669,670,34,170000000000,170033846245,170067691605,33846245,33845360,67691605,YES
669,670,35,175000000000,175033696409,175067391985,33696409,33695576,67391985,YES
669,670,36,180000000000,180033519823,180067038864,33519823,33519041,67038864,YES
669,670,37,185000000000,185033384186,185066767635,33384186,33383449,66767635,YES
669,670,38,190000000000,190033256382,190066512093,33256382,33255711,66512093,YES
669,670,39,195000000000,195033136943,195066273275,33136943,33136332,66273275,YES
669,670,40,200000000000,200033026387,200066052228,33026387,33025841,66052228,YES
669,670,41,205000000000,205032925230,205065849988,32925230,32924758,65849988,YES
669,670,42,210000000000,210032833971,210065667536,32833971,32833565,65667536,YES
669,670,43,215000000000,215032786684,215065573031,32786684,32786347,65573031,YES
669,670,44,220000000000,220032716606,220065432940,32716606,32716334,65432940,YES
669,670,45,225000000000,225032657722,225065315241,32657722,32657519,65315241,YES
669,670,46,230000000000,230032610350,230065220564,32610350,32610214,65220564,YES
669,670,47,235000000000,235032574731,235065149392,32574731,32574661,65149392,YES
669,670,48,240000000000,240032551018,240065102031,32551018,32551013,65102031,YES
669,670,49,245000000000,245032539263,245065078584,32539263,32539321,65078584,YES
669,670,50,250000000000,250032539415,250065078949,32539415,32539534,65078949,YES
669,670,51,255000000000,255032551318,255065102816,32551318,32551498,65102816,YES
669,670,52,260000000000,260087825559,260181165974,87825559,93340415,181165974,YES
669,670,53,265000000000,265099897252,265188738341,99897252,88841089,188738341,YES
669,670,54,270000000000,270087706932,270175411367,87706932,87704435,175411367,YES
669,670,55,275000000000,275087664528,275177087650,87664528,89423122,177087650,YES
669,670,56,280000000000,280087633349,280176938427,87633349,89305078,176938427,YES
669,670,57,285000000000,285092385111,285179997987,92385111,87612876,179997987,YES
669,670,58,290000000000,290088786330,290176388887,88786330,87602557,176388887,YES
669,670,59,295000000000,295087606401,295175211186,87606401,87604785,175211186,YES
669,670,60,300000000000,300089756864,300177374774,89756864,87617910,177374774,YES
669,670,61,305000000000,305087643048,305175284901,87643048,87641853,175284901,YES
669,670,62,310000000000,310089073492,310178187490,89073492,89113998,178187490,YES
669,670,63,315000000000,315087722509,315175444272,87722509,87721763,175444272,YES
669,670,64,320000000000,320087778017,320175555523,87778017,87777506,175555523,YES
669,670,65,325000000000,325089270421,325177114040,89270421,87843619,177114040,YES
669,670,66,330000000000,330087919873,330175839716,87919873,87919843,175839716,YES
669,670,67,335000000000,335088039458,335180111612,88039458,92072154,180111612,YES
669,670,68,340000000000,340088135186,340177701748,88135186,89566562,177701748,YES
669,670,69,345000000000,345043608542,345087217926,43608542,43609384,87217926,YES
669,670,70,350000000000,350043676351,350087353647,43676351,43677296,87353647,YES
669,670,71,355000000000,355043754104,355087509248,43754104,43755144,87509248,YES
669,670,72,360000000000,360043841577,360087684285,43841577,43842708,87684285,YES
669,670,73,365000000000,365043938502,365088600209,43938502,44661707,88600209,YES
669,670,74,370000000000,370044044564,370088090442,44044564,44045878,88090442,YES
669,670,75,375000000000,375044159433,375088320252,44159433,44160819,88320252,YES
669,670,76,380000000000,380044402860,380088687047,44402860,44284187,88687047,YES
669,670,77,385000000000,385102241890,385197249468,102241890,95007578,197249468,YES
669,670,78,390000000000,390100658929,390195649978,100658929,94991049,195649978,YES
669,670,79,395000000000,395094978487,395189959739,94978487,94981252,189959739,YES
669,670,80,400000000000,400094975139,400191245810,94975139,96270671,191245810,YES
669,670,81,405000000000,405034174287,405068347493,34174287,34173206,68347493,YES
669,670,82,410000000000,410034007016,410068012995,34007016,34005979,68012995,YES
669,670,83,415000000000,415033811950,415067622923,33811950,33810973,67622923,YES
669,670,84,420000000000,420033623121,420067245317,33623121,33622196,67245317,YES
669,670,85,425000000000,425033474637,425066948404,33474637,33473767,66948404,YES
669,670,86,430000000000,430033333401,430066665992,33333401,33332591,66665992,YES
669,670,87,435000000000,435033199934,435066399125,33199934,33199191,66399125,YES
669,670,88,440000000000,440033074766,440066148852,33074766,33074086,66148852,YES
669,670,89,445000000000,445032958428,445065916255,32958428,32957827,65916255,YES
669,670,90,450000000000,450032885043,450065769552,32885043,32884509,65769552,YES
669,670,91,455000000000,455032787920,455065575376,32787920,32787456,65575376,YES
669,670,92,460000000000,460032701136,460065401883,32701136,32700747,65401883,YES
669,670,93,465000000000,465032625133,465065249946,32625133,32624813,65249946,YES
669,670,94,470000000000,470032560294,470065120341,32560294,32560047,65120341,YES
669,670,95,475000000000,475032506944,475065013713,32506944,32506769,65013713,YES
669,670,96,480000000000,480033147749,480065612967,33147749,32465218,65612967,YES
669,670,97,485000000000,485032538185,485064973756,32538185,32435571,64973756,YES
669,670,98,490000000000,490075346632,490107764412,75346632,32417780,107764412,YES
669,670,99,495000000000,495035052144,495067464259,35052144,32412115,67464259,YES
669,670,100,500000000000,500032417994,500290387604,32417994,257969610,290387604,YES
669,670,101,505000000000,505032435550,505111088369,32435550,78652819,111088369,YES
669,670,102,510000000000,510087739646,510186397012,87739646,98657366,186397012,YES
669,670,103,515000000000,515087680372,515175358154,87680372,87677782,175358154,YES
669,670,104,520000000000,520087632055,520175261675,87632055,87629620,175261675,YES
669,670,105,525000000000,525089617051,525177209502,89617051,87592451,177209502,YES
669,670,106,530000000000,530093649852,530181216163,93649852,87566311,181216163,YES
669,670,107,535000000000,535212469267,535303321145,212469267,90851878,303321145,YES
669,670,108,540000000000,540087548878,540181240215,87548878,93691337,181240215,YES
669,670,109,545000000000,-1,-1,-1,-1,-1,LOST
669,670,110,550000000000,550106469426,550198928465,106469426,92459039,198928465,YES
669,670,111,555000000000,555087602019,555175202953,87602019,87600934,175202953,YES
669,670,112,560000000000,560087641652,560185188852,87641652,97547200,185188852,YES
669,670,113,565000000000,565087692179,565180766325,87692179,93074146,180766325,YES
669,670,114,570000000000,570087753533,570179416695,87753533,91663162,179416695,YES
669,670,115,575000000000,575043128712,575086257855,43128712,43129143,86257855,YES
669,670,116,580000000000,580043156047,580086312638,43156047,43156591,86312638,YES
669,670,117,585000000000,585043227965,585086456583,43227965,43228618,86456583,YES
669,670,118,590000000000,590043277299,590086555360,43277299,43278061,86555360,YES
669,670,119,595000000000,595043337601,595086676072,43337601,43338471,86676072,YES
669,670,120,600000000000,600100170973,600143581556,100170973,43410583,143581556,YES
669,670,121,605000000000,605145771457,605189264827,145771457,43493370,189264827,YES
669,670,122,610000000000,610043582619,610087166411,43582619,43583792,87166411,YES
669,670,123,615000000000,615043684746,615087370765,43684746,43686019,87370765,YES
669,670,124,620000000000,620043796503,620087594366,43796503,43797863,87594366,YES
669,670,125,625000000000,625043917477,625087836386,43917477,43918909,87836386,YES
669,670,126,630000000000,630044047215,630088095942,44047215,44048727,88095942,YES
669,670,127,635000000000,635094615274,635188990376,94615274,94375102,188990376,YES
669,670,128,640000000000,640096379457,640193103992,96379457,96724535,193103992,YES
669,670,129,645000000000,645033825049,645067649052,33825049,33824003,67649052,YES
669,670,130,650000000000,650033667227,650067333470,33667227,33666243,67333470,YES
669,670,131,655000000000,655033516139,655067031351,33516139,33515212,67031351,YES
669,670,132,660000000000,660035708236,660069012418,35708236,33304182,69012418,YES
669,670,133,665000000000,665033169065,665066337335,33169065,33168270,66337335,YES
669,670,134,670000000000,670033041359,670066081986,33041359,33040627,66081986,YES
669,670,135,675000000000,675032922525,675065844400,32922525,32921875,65844400,YES
669,670,136,680000000000,680032813103,680065625624,32813103,32812521,65625624,YES
669,670,137,685000000000,685032713598,685065426688,32713598,32713090,65426688,YES
669,670,138,690000000000,690032658092,690065315749,32658092,32657657,65315749,YES
669,670,139,695000000000,695032579812,695065159273,32579812,32579461,65159273,YES
669,670,140,700000000000,700032512738,700065025198,32512738,32512460,65025198,YES
669,670,141,705000000000,705032457172,705064914145,32457172,32456973,64914145,YES
669,670,142,710000000000,710032413338,710064826555,32413338,32413217,64826555,YES
669,670,143,715000000000,715032381377,715064762708,32381377,32381331,64762708,YES
669,670,144,720000000000,720032361335,720064722699,32361335,32361364,64722699,YES
669,670,145,725000000000,725032353166,725064706431,32353166,32353265,64706431,YES
669,670,146,730000000000,730032356728,730064713626,32356728,32356898,64713626,YES
669,670,147,735000000000,735032371794,735064743825,32371794,32372031,64743825,YES
669,670,148,740000000000,740032398061,740064796421,32398061,32398360,64796421,YES
669,670,149,745000000000,745087788437,745175574099,87788437,87785662,175574099,YES
669,670,150,750000000000,750087730170,750176511373,87730170,88781203,176511373,YES
669,670,151,755000000000,755087682525,755181637975,87682525,93955450,181637975,YES
669,670,152,760000000000,760087645591,760175288894,87645591,87643303,175288894,YES
669,670,153,765000000000,765094177552,765181794859,94177552,87617307,181794859,YES
669,670,154,770000000000,770087604158,770175447709,87604158,87843551,175447709,YES
669,670,155,775000000000,775087599811,775176511632,87599811,88911821,176511632,YES
669,670,156,780000000000,780087606461,780236153304,87606461,148546843,236153304,YES
669,670,157,785000000000,785087624175,785250530898,87624175,162906723,250530898,YES
669,670,158,790000000000,790087653002,790280951859,87653002,193298857,280951859,YES
669,670,159,795000000000,795042891764,795085783681,42891764,42891917,85783681,YES
669,670,160,800000000000,800043907208,800086796832,43907208,42889624,86796832,YES
669,670,161,805000000000,805042898122,805085796616,42898122,42898494,85796616,YES
669,670,162,810000000000,810042918328,810085837142,42918328,42918814,85837142,YES
669,670,163,815000000000,815042950177,815085900958,42950177,42950781,85900958,YES
669,670,164,820000000000,820043027370,820086055455,43027370,43028085,86055455,YES
669,670,165,825000000000,825043082692,825086166213,43082692,43083521,86166213,YES
669,670,166,830000000000,830043149638,830086567432,43149638,43417794,86567432,YES
669,670,167,835000000000,835043228003,835086457050,43228003,43229047,86457050,YES
669,670,168,840000000000,840043317496,840086636137,43317496,43318641,86636137,YES
669,670,169,845000000000,845043417758,845086836760,43417758,43419002,86836760,YES
669,670,170,850000000000,850043528368,850087058072,43528368,43529704,87058072,YES
669,670,171,855000000000,855043648858,855087299147,43648858,43650289,87299147,YES
669,670,172,860000000000,860043778736,860087558976,43778736,43780240,87558976,YES
669,670,173,865000000000,865043917471,865087836517,43917471,43919046,87836517,YES
669,670,174,870000000000,870044064543,870088130735,44064543,44066192,88130735,YES
669,670,175,875000000000,875044219422,875088440558,44219422,44221136,88440558,YES
669,670,176,880000000000,880105366196,880210730086,105366196,105363890,210730086,YES
669,670,177,885000000000,885033418721,885066836300,33418721,33417579,66836300,YES
669,670,178,890000000000,890033226365,890066451648,33226365,33225283,66451648,YES
669,670,179,895000000000,895033074321,895066147611,33074321,33073290,66147611,YES
669,670,180,900000000000,900032929532,900065858098,32929532,32928566,65858098,YES
669,670,181,905000000000,905032758957,905065517004,32758957,32758047,65517004,YES
669,670,182,910000000000,910032630362,910065259887,32630362,32629525,65259887,YES
669,670,183,915000000000,915032510737,915065020687,32510737,32509950,65020687,YES
669,670,184,920000000000,920032400628,920064800537,32400628,32399909,64800537,YES
669,670,185,925000000000,925032300591,925064600537,32300591,32299946,64600537,YES
669,670,186,930000000000,930032244742,930064488917,32244742,32244175,64488917,YES
669,670,187,935000000000,935032166348,935064332208,32166348,32165860,64332208,YES
669,670,188,940000000000,940032099411,940064198414,32099411,32099003,64198414,YES
669,670,189,945000000000,945032044247,945064088168,32044247,32043921,64088168,YES
669,670,190,950000000000,950032001088,950064001936,32001088,32000848,64001936,YES
669,670,191,955000000000,955031970068,955063939978,31970068,31969910,63939978,YES
669,670,192,960000000000,960031951211,960063902344,31951211,31951133,63902344,YES
669,670,193,965000000000,965031944438,965063888876,31944438,31944438,63888876,YES
669,670,194,970000000000,970031949564,970063899205,31949564,31949641,63899205,YES
669,670,195,975000000000,975031966319,975063932790,31966319,31966471,63932790,YES
669,670,196,980000000000,980031994346,980063988914,31994346,31994568,63988914,YES
669,670,197,985000000000,985032033216,985064066725,32033216,32033509,64066725,YES
669,670,198,990000000000,990087758115,990175513846,87758115,87755731,175513846,YES
669,670,199,995000000000,995089823879,995182712849,89823879,92888970,182712849,YES
669,670,200,1000000000000,1000090600584,1000186631054,90600584,96030470,186631054,YES
669,670,201,1005000000000,1005087693249,1005175384680,87693249,87691431,175384680,YES
669,670,202,1010000000000,1010087693215,1010175834166,87693215,88140951,175834166,YES
669,670,203,1015000000000,1015042553544,1015085106941,42553544,42553397,85106941,YES
669,670,204,1020000000000,1020042507494,1020085014944,42507494,42507450,85014944,YES
669,670,205,1025000000000,1025042471204,1025084942474,42471204,42471270,84942474,YES
669,670,206,1030000000000,1030044205939,1030086651318,44205939,42445379,86651318,YES
669,670,207,1035000000000,1035042430021,1035084860333,42430021,42430312,84860333,YES
669,670,208,1040000000000,1040042426052,1040084852509,42426052,42426457,84852509,YES
669,670,209,1045000000000,1045044941983,1045087376162,44941983,42434179,87376162,YES
669,670,210,1050000000000,1050047394139,1050089847865,47394139,42453726,89847865,YES
669,670,211,1055000000000,1055042484438,1055084969643,42484438,42485205,84969643,YES
669,670,212,1060000000000,1060042527832,1060085056543,42527832,42528711,85056543,YES
669,670,213,1065000000000,1065042583186,1065085167355,42583186,42584169,85167355,YES
669,670,214,1070000000000,1070042683944,1070085368978,42683944,42685034,85368978,YES
669,670,215,1075000000000,1075042762668,1075085526525,42762668,42763857,85526525,YES
669,670,216,1080000000000,1080042852648,1080086513799,42852648,43661151,86513799,YES
669,670,217,1085000000000,1085042953504,1085085908375,42953504,42954871,85908375,YES
669,670,218,1090000000000,1090045468057,1090088534377,45468057,43066320,88534377,YES
669,670,219,1095000000000,1095043589289,1095086776914,43589289,43187625,86776914,YES
669,670,220,1100000000000,1100043316840,1100086635291,43316840,43318451,86635291,YES
669,670,221,1105000000000,1105043456554,1105086914781,43456554,43458227,86914781,YES
669,670,222,1110000000000,1110043604708,1110087211141,43604708,43606433,87211141,YES
669,670,223,1115000000000,1115104595085,1115212007645,104595085,107412560,212007645,YES
669,670,224,1120000000000,1120104602624,1120209203219,104602624,104600595,209203219,YES
669,670,225,1125000000000,1125104620022,1125209238224,104620022,104618202,209238224,YES
669,670,226,1130000000000,1130104642567,1130209281656,104642567,104639089,209281656,YES
669,670,227,1135000000000,1135104599558,1135209195864,104599558,104596306,209195864,YES
669,670,228,1140000000000,1140104533087,1140215987287,104533087,111454200,215987287,YES
669,670,229,1145000000000,1145033174956,1145066349043,33174956,33174087,66349043,YES
669,670,230,1150000000000,1150033049336,1150066097883,33049336,33048547,66097883,YES
669,670,231,1155000000000,1155032932866,1155065865028,32932866,32932162,65865028,YES
669,670,232,1160000000000,1160032859688,1160065718752,32859688,32859064,65718752,YES
669,670,233,1165000000000,1165032763112,1165065525678,32763112,32762566,65525678,YES
669,670,234,1170000000000,1170032677200,1170067282758,32677200,34605558,67282758,YES
669,670,235,1175000000000,1175032602337,1175065275728,32602337,32673391,65275728,YES
669,670,236,1180000000000,1180032538850,1180069279148,32538850,36740298,69279148,YES
669,670,237,1185000000000,1185032486973,1185064973741,32486973,32486768,64973741,YES
669,670,238,1190000000000,1190032446845,1190064893572,32446845,32446727,64893572,YES
669,670,239,1195000000000,1195032418506,1195064836980,32418506,32418474,64836980,YES
670,671,0,0,116393701,232786571,116393701,116392870,232786571,YES
670,671,1,5000000000,5116963945,5233341335,116963945,116377390,233341335,YES
670,671,2,10000000000,10116377067,10236729383,116377067,120352316,236729383,YES
670,671,3,15000000000,15116391513,15232783359,116391513,116391846,232783359,YES
670,671,4,20000000000,20116421175,20232843081,116421175,116421906,232843081,YES
670,671,5,25000000000,25116465939,25232971702,116465939,116505763,232971702,YES
670,671,6,30000000000,30116525551,30233052606,116525551,116527055,233052606,YES
670,671,7,35000000000,35116599654,35233201176,116599654,116601522,233201176,YES
670,671,8,40000000000,40116687782,40233377795,116687782,116690013,233377795,YES
670,671,9,45000000000,45116789421,45233581411,116789421,116791990,233581411,YES
670,671,10,50000000000,50116903968,50234108478,116903968,117204510,234108478,YES
670,671,11,55000000000,55010448922,55020897992,10448922,10449070,20897992,YES
670,671,12,60000000000,60010436842,60020873852,10436842,10437010,20873852,YES
670,671,13,65000000000,65010433207,65020866600,10433207,10433393,20866600,YES
670,671,14,70000000000,70010437908,70020876022,10437908,10438114,20876022,YES
670,671,15,75000000000,75010450854,75020901941,10450854,10451087,20901941,YES
670,671,16,80000000000,80010472012,80020944270,10472012,10472258,20944270,YES
670,671,17,85000000000,85010501335,85021703201,10501335,11201866,21703201,YES
670,671,18,90000000000,90010538815,90021077905,10538815,10539090,21077905,YES
670,671,19,95000000000,95010584456,95021169197,10584456,10584741,21169197,YES
670,671,20,100000000000,100010638261,100021276819,10638261,10638558,21276819,YES
670,671,21,105000000000,105010700238,105021400782,10700238,10700544,21400782,YES
670,671,22,110000000000,110010770374,110021541064,10770374,10770690,21541064,YES
670,671,23,115000000000,115010848633,115021697591,10848633,10848958,21697591,YES
670,671,24,120000000000,120010934954,120021870242,10934954,10935288,21870242,YES
670,671,25,125000000000,125011029233,125022058809,11029233,11029576,22058809,YES
670,671,26,130000000000,130005600342,130011200554,5600342,5600212,11200554,YES
670,671,27,135000000000,135005518512,135011036899,5518512,5518387,11036899,YES
670,671,28,140000000000,140005444315,140010888509,5444315,5444194,10888509,YES
670,671,29,145000000000,145005377724,145010755332,5377724,5377608,10755332,YES
670,671,30,150000000000,150005318684,150010637257,5318684,5318573,10637257,YES
670,671,31,155000000000,155005267114,155047047866,5267114,41780752,47047866,YES
670,671,32,160000000000,160005222945,160010445798,5222945,5222853,10445798,YES
670,671,33,165000000000,165005186086,165010372086,5186086,5186000,10372086,YES
670,671,34,170000000000,170005156464,170010312849,5156464,5156385,10312849,YES
670,671,35,175000000000,175005134023,175010267973,5134023,5133950,10267973,YES
670,671,36,180000000000,180117255426,180234506957,117255426,117251531,234506957,YES
670,671,37,185000000000,185117105632,185234207598,117105632,117101966,234207598,YES
670,671,38,190000000000,190116965640,190233927852,116965640,116962212,233927852,YES
670,671,39,195000000000,195116836062,195233668940,116836062,116832878,233668940,YES
670,671,40,200000000000,200116717538,200233432150,116717538,116714612,233432150,YES
670,671,41,205000000000,205116610707,205238266520,116610707,121655813,238266520,YES
670,671,42,210000000000,210117203738,210233717599,117203738,116513861,233717599,YES
670,671,43,215000000000,215116434714,215232867394,116434714,116432680,232867394,YES
670,671,44,220000000000,220116366779,220232731856,116366779,116365077,232731856,YES
670,671,45,225000000000,225116312963,225232624569,116312963,116311606,232624569,YES
670,671,46,230000000000,230116273760,230232546516,116273760,116272756,232546516,YES
670,671,47,235000000000,235122764641,235239013525,122764641,116248884,239013525,YES
670,671,48,240000000000,240121418713,240237659057,121418713,116240344,237659057,YES
670,671,49,245000000000,245116247101,245232494329,116247101,116247228,232494329,YES
670,671,50,250000000000,250116269074,250232538653,116269074,116269579,232538653,YES
670,671,51,255000000000,255116306429,255232613745,116306429,116307316,232613745,YES
670,671,52,260000000000,260116358939,260232719140,116358939,116360201,232719140,YES
670,671,53,265000000000,265116426265,265232854154,116426265,116427889,232854154,YES
670,671,54,270000000000,270116895739,270233405688,116895739,116509949,233405688,YES
670,671,55,275000000000,275116603511,275233209347,116603511,116605836,233209347,YES
670,671,56,280000000000,280116712313,280233427276,116712313,116714963,233427276,YES
670,671,57,285000000000,285116833742,285233670438,116833742,116836696,233670438,YES
670,671,58,290000000000,290116967134,290233937515,116967134,116970381,233937515,YES
670,671,59,295000000000,295011003849,295022007878,11003849,11004029,22007878,YES
670,671,60,300000000000,300010989586,300021979384,10989586,10989798,21979384,YES
670,671,61,305000000000,305010982638,305021965506,10982638,10982868,21965506,YES
670,671,62,310000000000,310010982944,310021966131,10982944,10983187,21966131,YES
670,671,63,315000000000,315010990473,315021981205,10990473,10990732,21981205,YES
670,671,64,320000000000,320011005239,320022010739,11005239,11005500,22010739,YES
670,671,65,325000000000,325011027291,325022054856,11027291,11027565,22054856,YES
670,671,66,330000000000,330011056708,330022113702,11056708,11056994,22113702,YES
670,671,67,335000000000,335011093599,335022187496,11093599,11093897,22187496,YES
670,671,68,340000000000,340011138086,340022276482,11138086,11138396,22276482,YES
670,671,69,345000000000,345117517083,345235032970,117517083,117515887,235032970,YES
670,671,70,350000000000,350117442800,350234884658,117442800,117441858,234884658,YES
670,671,71,355000000000,355117381337,355234761993,117381337,117380656,234761993,YES
670,671,72,360000000000,360117332926,360234665425,117332926,117332499,234665425,YES
670,671,73,365000000000,365117297713,365234595255,117297713,117297542,234595255,YES
670,671,74,370000000000,370117275772,370295980646,117275772,178704874,295980646,YES
670,671,75,375000000000,375117267085,375234534500,117267085,117267415,234534500,YES
670,671,76,380000000000,380117271549,380234543675,117271549,117272126,234543675,YES
670,671,77,385000000000,385005416622,385010833123,5416622,5416501,10833123,YES
670,671,78,390000000000,390005348355,390010696594,5348355,5348239,10696594,YES
670,671,79,395000000000,395005288139,395010576166,5288139,5288027,10576166,YES
670,671,80,400000000000,400005235867,400010471628,5235867,5235761,10471628,YES
670,671,81,405000000000,405005191402,405010382712,5191402,5191310,10382712,YES
670,671,82,410000000000,410005154623,410010309161,5154623,5154538,10309161,YES
670,671,83,415000000000,415005125387,415010250695,5125387,5125308,10250695,YES
670,671,84,420000000000,420116786704,420233569610,116786704,116782906,233569610,YES
670,671,85,425000000000,425116645253,425233286903,116645253,116641650,233286903,YES
670,671,86,430000000000,430116513746,430233024089,116513746,116510343,233024089,YES
670,671,87,435000000000,435116392780,435232782377,116392780,116389597,232782377,YES
670,671,88,440000000000,440116282977,440232563002,116282977,116280025,232563002,YES
670,671,89,445000000000,445116184965,445232367220,116184965,116182255,232367220,YES
670,671,90,450000000000,450116099344,450232196253,116099344,116096909,232196253,YES
670,671,91,455000000000,455116026704,455232051248,116026704,116024544,232051248,YES
670,671,92,460000000000,460115967594,460231933324,115967594,115965730,231933324,YES
670,671,93,465000000000,465115922515,465231843470,115922515,115920955,231843470,YES
670,671,94,470000000000,470115891880,470231782525,115891880,115890645,231782525,YES
670,671,95,475000000000,475115876035,475231751169,115876035,115875134,231751169,YES
670,671,96,480000000000,480115875213,480231749872,115875213,115874659,231749872,YES
670,671,97,485000000000,485115889556,485231778912,115889556,115889356,231778912,YES
670,671,98,490000000000,490115919072,490231838302,115919072,115919230,231838302,YES
670,671,99,495000000000,495115963673,495231927863,115963673,115964190,231927863,YES
670,671,100,500000000000,500116023145,500232047176,116023145,116024031,232047176,YES
670,671,101,505000000000,505116097182,505232195613,116097182,116098431,232195613,YES
670,671,102,510000000000,510116185374,510232372356,116185374,116186982,232372356,YES
670,671,103,515000000000,515116287252,515232576453,116287252,116289201,232576453,YES
670,671,104,520000000000,520116402271,520232806818,116402271,116404547,232806818,YES
670,671,105,525000000000,525124557870,525241090509,124557870,116532639,241090509,YES
670,671,106,530000000000,530010445781,530020891673,10445781,10445892,20891673,YES
670,671,107,535000000000,535011850211,535022285583,11850211,10435372,22285583,YES
670,671,108,540000000000,540010394577,540020789306,10394577,10394729,20789306,YES
670,671,109,545000000000,545010381410,545020763003,10381410,10381593,20763003,YES
670,671,110,550000000000,550010376544,550020753288,10376544,10376744,20753288,YES
670,671,111,555000000000,555010379989,555020760194,10379989,10380205,20760194,YES
670,671,112,560000000000,560010391798,560023936750,10391798,13544952,23936750,YES
670,671,113,565000000000,565010412052,565020824349,10412052,10412297,20824349,YES
670,671,114,570000000000,570010440849,570020881955,10440849,10441106,20881955,YES
670,671,115,575000000000,575117576862,575235151770,117576862,117574908,235151770,YES
670,671,116,580000000000,580117484063,580234966440,117484063,117482377,234966440,YES
670,671,117,585000000000,585117404511,585234807612,117404511,117403101,234807612,YES
670,671,118,590000000000,590117338575,590234676010,117338575,117337435,234676010,YES
670,671,119,595000000000,595117286534,595234572207,117286534,117285673,234572207,YES
670,671,120,600000000000,600117248580,600234496578,117248580,117247998,234496578,YES
670,671,121,605000000000,605120014479,605237238964,120014479,117224485,237238964,YES
670,671,122,610000000000,610117994401,610235209541,117994401,117215140,235209541,YES
670,671,123,615000000000,615117219578,615234439395,117219578,117219817,234439395,YES
670,671,124,620000000000,620117237784,620235806655,117237784,118568871,235806655,YES
670,671,125,625000000000,625117269480,625234539731,117269480,117270251,234539731,YES
670,671,126,630000000000,630117314269,630234629571,117314269,117315302,234629571,YES
670,671,127,635000000000,635005216200,635010432302,5216200,5216102,10432302,YES
670,671,128,640000000000,640005181440,640010362787,5181440,5181347,10362787,YES
670,671,129,645000000000,645005154469,645010308863,5154469,5154394,10308863,YES
670,671,130,650000000000,650005135136,650010270204,5135136,5135068,10270204,YES
670,671,131,655000000000,655005123275,655010246488,5123275,5123213,10246488,YES
670,671,132,660000000000,660117157396,660234311516,117157396,117154120,234311516,YES
670,671,133,665000000000,665117022183,665234041306,117022183,117019123,234041306,YES
670,671,134,670000000000,670116896890,670233790958,116896890,116894068,233790958,YES
670,671,135,675000000000,675117497942,675234287101,117497942,116789159,234287101,YES
670,671,136,680000000000,680116678585,680233354850,116678585,116676265,233354850,YES
670,671,137,685000000000,685116586877,685233171702,116586877,116584825,233171702,YES
670,671,138,690000000000,690116507667,690233013560,116507667,116505893,233013560,YES
670,671,139,695000000000,695116441592,695232881703,116441592,116440111,232881703,YES
670,671,140,700000000000,700116389239,700232777304,116389239,116388065,232777304,YES
670,671,141,705000000000,705116351155,705232701448,116351155,116350293,232701448,YES
670,671,142,710000000000,710116327787,710232655039,116327787,116327252,232655039,YES
670,671,143,715000000000,715116319500,715232638799,116319500,116319299,232638799,YES
670,671,144,720000000000,720116326542,720232653223,116326542,116326681,232653223,YES
670,671,145,725000000000,725116349041,725232698563,116349041,116349522,232698563,YES
670,671,146,730000000000,730116386984,730232774790,116386984,116387806,232774790,YES
670,671,147,735000000000,735116440235,735232881637,116440235,116441402,232881637,YES
670,671,148,740000000000,740116508542,740233018586,116508542,116510044,233018586,YES
670,671,149,745000000000,745116591531,745233184895,116591531,116593364,233184895,YES
670,671,150,750000000000,750116688736,750233379636,116688736,116690900,233379636,YES
670,671,151,755000000000,755118741165,755235543312,118741165,116802147,235543312,YES
670,671,152,760000000000,760116923594,760233849964,116923594,116926370,233849964,YES
670,671,153,765000000000,765117060009,765234123094,117060009,117063085,234123094,YES
670,671,154,770000000000,770010491248,770020982644,10491248,10491396,20982644,YES
670,671,155,775000000000,775010471003,775020942172,10471003,10471169,20942172,YES
670,671,156,780000000000,780010458933,780020918049,10458933,10459116,20918049,YES
670,671,157,785000000000,785010455103,785020910404,10455103,10455301,20910404,YES
670,671,158,790000000000,790029062442,790039522281,29062442,10459839,39522281,YES
670,671,159,795000000000,795117656993,795235311227,117656993,117654234,235311227,YES
670,671,160,800000000000,800117528248,800235054002,117528248,117525754,235054002,YES
670,671,161,805000000000,805117412035,805234821857,117412035,117409822,234821857,YES
670,671,162,810000000000,810117308918,810234615909,117308918,117306991,234615909,YES
670,671,163,815000000000,815117219390,815234437143,117219390,117217753,234437143,YES
670,671,164,820000000000,820117143884,820234286424,117143884,117142540,234286424,YES
670,671,165,825000000000,825117082758,825234164466,117082758,117081708,234164466,YES
670,671,166,830000000000,830117036254,830234071755,117036254,117035501,234071755,YES
670,671,167,835000000000,835117004512,835234008567,117004512,117004055,234008567,YES
670,671,168,840000000000,840116987551,840233974936,116987551,116987385,233974936,YES
670,671,169,845000000000,845119053841,845242344573,119053841,123290732,242344573,YES
670,671,170,850000000000,850117237546,850238123426,117237546,120885880,238123426,YES
670,671,171,855000000000,855117023736,855234048167,117023736,117024431,234048167,YES
670,671,172,860000000000,860117063761,860234128491,117063761,117064730,234128491,YES
670,671,173,865000000000,865117117019,865234235273,117117019,117118254,234235273,YES
670,671,174,870000000000,870122181141,870239365678,122181141,117184537,239365678,YES
670,671,175,875000000000,875120187205,875237450044,120187205,117262839,237450044,YES
670,671,176,880000000000,880117350637,880234703261,117350637,117352624,234703261,YES
670,671,177,885000000000,885005221028,885010441997,5221028,5220969,10441997,YES
670,671,178,890000000000,890117302262,890234601263,117302262,117299001,234601263,YES
670,671,179,895000000000,895117162453,895234321853,117162453,117159400,234321853,YES
670,671,180,900000000000,900117032327,900234061825,117032327,117029498,234061825,YES
670,671,181,905000000000,905119091942,905236001794,119091942,116909852,236001794,YES
670,671,182,910000000000,910117002242,910233803472,117002242,116801230,233803472,YES
670,671,183,915000000000,915116706226,915233410374,116706226,116704148,233410374,YES
670,671,184,920000000000,920116621076,920233240338,116621076,116619262,233240338,YES
670,671,185,925000000000,925116548749,925233095964,116548749,116547215,233095964,YES
670,671,186,930000000000,930116489845,930232978440,116489845,116488595,232978440,YES
670,671,187,935000000000,935116444907,935232888856,116444907,116443949,232888856,YES
670,671,188,940000000000,940116414394,940232828139,116414394,116413745,232828139,YES
670,671,189,945000000000,945116398695,945232797050,116398695,116398355,232797050,YES
670,671,190,950000000000,950116398075,950232796128,116398075,116398053,232796128,YES
670,671,191,955000000000,955116412690,955232825677,116412690,116412987,232825677,YES
670,671,192,960000000000,960116442560,960232885739,116442560,116443179,232885739,YES
670,671,193,965000000000,965117255951,965233754079,117255951,116498128,233754079,YES
670,671,194,970000000000,970116547530,970271602845,116547530,155055315,271602845,YES
670,671,195,975000000000,975116622072,975238626359,116622072,122004287,238626359,YES
670,671,196,980000000000,980116710766,980238669764,116710766,121958998,238669764,YES
670,671,197,985000000000,985116813118,985237915741,116813118,121102623,237915741,YES
670,671,198,990000000000,990116928553,990233859582,116928553,116931029,233859582,YES
670,671,199,995000000000,995117056468,995234115700,117056468,117059232,234115700,YES
670,671,200,1000000000000,1000117196231,1000234395497,117196231,117199266,234395497,YES
670,671,201,1005000000000,1005117347220,1005234697731,117347220,117350511,234697731,YES
670,671,202,1010000000000,1010117508784,1010235021110,117508784,117512326,235021110,YES
670,671,203,1015000000000,1015118055722,1015236109525,118055722,118053803,236109525,YES
670,671,204,1020000000000,1020117949791,1020235895746,117949791,117945955,235895746,YES
670,671,205,1025000000000,1025117776861,1025235550132,117776861,117773271,235550132,YES
670,671,206,1030000000000,1030118649745,1030236260289,118649745,117610544,236260289,YES
670,671,207,1035000000000,1035117461592,1035234920095,117461592,117458503,234920095,YES
670,671,208,1040000000000,1040121734352,1040239051932,121734352,117317580,239051932,YES
670,671,209,1045000000000,1045117191327,1045234380120,117191327,117188793,234380120,YES
670,671,210,1050000000000,1050117074674,1050234147094,117074674,117072420,234147094,YES
670,671,211,1055000000000,1055116971170,1055233940384,116971170,116969214,233940384,YES
670,671,212,1060000000000,1060116881370,1060233761087,116881370,116879717,233761087,YES
670,671,213,1065000000000,-1,-1,-1,-1,-1,LOST
670,671,214,1070000000000,1070116744888,1070254864312,116744888,138119424,254864312,YES
670,671,215,1075000000000,1075118932900,1075235631151,118932900,116698251,235631151,YES
670,671,216,1080000000000,1080116668275,1080233336163,116668275,116667888,233336163,YES
670,671,217,1085000000000,1085116652884,1085233305700,116652884,116652816,233305700,YES
670,671,218,1090000000000,1090116652769,1090233305786,116652769,116653017,233305786,YES
670,671,219,1095000000000,1095116667768,1095233336088,116667768,116668320,233336088,YES
670,671,220,1100000000000,1100116697589,1100233396035,116697589,116698446,233396035,YES
670,671,221,1105000000000,1105116741839,1105233484842,116741839,116743003,233484842,YES
670,671,222,1110000000000,1110116800045,1110233601540,116800045,116801495,233601540,YES
670,671,223,1115000000000,1115116871644,1115233745017,116871644,116873373,233745017,YES
670,671,224,1120000000000,1120116956048,1120233914086,116956048,116958038,233914086,YES
670,671,225,1125000000000,1125117052609,1125234107478,117052609,117054869,234107478,YES
670,671,226,1130000000000,1130117160696,1130234323899,117160696,117163203,234323899,YES
670,671,227,1135000000000,1135117279676,1135234562078,117279676,117282402,234562078,YES
670,671,228,1140000000000,1140011205976,1140022412139,11205976,11206163,22412139,YES
670,671,229,1145000000000,1145117287773,1145234573020,117287773,117285247,234573020,YES
670,671,230,1150000000000,1150117175505,1150234348693,117175505,117173188,234348693,YES
670,671,231,1155000000000,1155117073628,1155234145168,117073628,117071540,234145168,YES
670,671,232,1160000000000,1160116982747,1160233963655,116982747,116980908,233963655,YES
670,671,233,1165000000000,1165116903469,1165233805350,116903469,116901881,233805350,YES
670,671,234,1170000000000,1170116836395,1170233671467,116836395,116835072,233671467,YES
670,671,235,1175000000000,1175116782105,1175233563152,116782105,116781047,233563152,YES
670,671,236,1180000000000,1180116741132,1180233481477,116741132,116740345,233481477,YES
670,671,237,1185000000000,1185116713962,1185233427423,116713962,116713461,233427423,YES
670,671,238,1190000000000,1190116701004,1190233401790,116701004,116700786,233401790,YES
670,671,239,1195000000000,1195116702569,1195233405216,116702569,116702647,233405216,YES
671,672,0,0,71785406,143570888,71785406,71785482,143570888,YES
671,672,1,5000000000,5071866928,5143734107,71866928,71867179,143734107,YES
671,672,2,10000000000,10083813964,10164553397,83813964,80739433,164553397,YES
671,672,3,15000000000,15081755735,15162410658,81755735,80654923,162410658,YES
671,672,4,20000000000,20083813549,20164395755,83813549,80582206,164395755,YES
671,672,5,25000000000,25080521285,25161042961,80521285,80521676,161042961,YES
671,672,6,30000000000,30080472881,30271033442,80472881,190560561,271033442,YES
671,672,7,35000000000,35080437030,35160874823,80437030,80437793,160874823,YES
671,672,8,40000000000,40082437282,40162852093,82437282,80414811,162852093,YES
671,672,9,45000000000,45083778048,45164182688,83778048,80404640,164182688,YES
671,672,10,50000000000,50084184473,50164591783,84184473,80407310,164591783,YES
671,672,11,55000000000,55056375457,55112749381,56375457,56373924,112749381,YES
671,672,12,60000000000,60056294659,60112587877,56294659,56293218,112587877,YES
671,672,13,65000000000,65056224777,65119781855,56224777,63557078,119781855,YES
671,672,14,70000000000,70056166125,70120009148,56166125,63843023,120009148,YES
671,672,15,75000000000,75056118953,75112236742,56118953,56117789,112236742,YES
671,672,16,80000000000,80057285045,80113367431,57285045,56082386,113367431,YES
671,672,17,85000000000,85056059742,85112118541,56059742,56058799,112118541,YES
671,672,18,90000000000,90056047906,90112094989,56047906,56047083,112094989,YES
671,672,19,95000000000,95056047960,95112101086,56047960,56053126,112101086,YES
671,672,20,100000000000,100056059862,100115423316,56059862,59363454,115423316,YES
671,672,21,105000000000,105056083526,105114884886,56083526,58801360,114884886,YES
671,672,22,110000000000,110058789029,110114907567,58789029,56118538,114907567,YES
671,672,23,115000000000,115056165559,115112330961,56165559,56165402,112330961,YES
671,672,24,120000000000,120056223508,120112447002,56223508,56223494,112447002,YES
671,672,25,125000000000,125046883531,125093767071,46883531,46883540,93767071,YES
671,672,26,130000000000,130046860144,130093720418,46860144,46860274,93720418,YES
671,672,27,135000000000,135046814452,135093629150,46814452,46814698,93629150,YES
671,672,28,140000000000,140046780214,140093560787,46780214,46780573,93560787,YES
671,672,29,145000000000,145046757527,145093515524,46757527,46757997,93515524,YES
671,672,30,150000000000,150046746432,150093493441,46746432,46747009,93493441,YES
671,672,31,155000000000,155088292906,155135040537,88292906,46747631,135040537,YES
671,672,32,160000000000,160059776717,160119554496,59776717,59777779,119554496,YES
671,672,33,165000000000,165059791231,165119583643,59791231,59792412,119583643,YES
671,672,34,170000000000,170059816643,170119634578,59816643,59817935,119634578,YES
671,672,35,175000000000,175059852933,175121122343,59852933,61269410,121122343,YES
671,672,36,180000000000,180071599412,180144432376,71599412,72832964,144432376,YES
671,672,37,185000000000,185071549030,185149413981,71549030,77864951,149413981,YES
671,672,38,190000000000,190071510616,190148153730,71510616,76643114,148153730,YES
671,672,39,195000000000,195078253371,195151509159,78253371,73255788,151509159,YES
671,672,40,200000000000,200079925438,200161555360,79925438,81629922,161555360,YES
671,672,41,205000000000,205071470766,205142940680,71470766,71469914,142940680,YES
671,672,42,210000000000,210071483496,210145443264,71483496,73959768,145443264,YES
671,672,43,215000000000,215071509498,215143018474,71509498,71508976,143018474,YES
671,672,44,220000000000,220081161217,220152709771,81161217,71548554,152709771,YES
671,672,45,225000000000,225071601413,225143202657,71601413,71601244,143202657,YES
671,672,46,230000000000,230073409599,230145076830,73409599,71667231,145076830,YES
671,672,47,235000000000,235074426827,235146173037,74426827,71746210,146173037,YES
671,672,48,240000000000,240075075046,240146912995,75075046,71837949,146912995,YES
671,672,49,245000000000,245071941473,245143883520,71941473,71942047,143883520,YES
671,672,50,250000000000,250081078457,250162965352,81078457,81886895,162965352,YES
671,672,51,255000000000,255080997710,255165831344,80997710,84833634,165831344,YES
671,672,52,260000000000,260081129350,260167712760,81129350,86583410,167712760,YES
671,672,53,265000000000,265087317130,265173599793,87317130,86282663,173599793,YES
671,672,54,270000000000,270080825472,270165798145,80825472,84972673,165798145,YES
671,672,55,275000000000,275080791845,275162981194,80791845,82189349,162981194,YES
671,672,56,280000000000,280080770281,280162490581,80770281,81720300,162490581,YES
671,672,57,285000000000,-1,-1,-1,-1,-1,LOST
671,672,58,290000000000,290089950380,290170937876,89950380,80987496,170937876,YES
671,672,59,295000000000,295056414930,295112828138,56414930,56413208,112828138,YES
671,672,60,300000000000,300056314217,300112626782,56314217,56312565,112626782,YES
671,672,61,305000000000,305056223753,305112445944,56223753,56222191,112445944,YES
671,672,62,310000000000,310056143959,310112286437,56143959,56142478,112286437,YES
671,672,63,315000000000,315056075208,315112149024,56075208,56073816,112149024,YES
671,672,64,320000000000,320056017829,320112034361,56017829,56016532,112034361,YES
671,672,65,325000000000,325055972088,325111942983,55972088,55970895,111942983,YES
671,672,66,330000000000,330055938209,330111875333,55938209,55937124,111875333,YES
671,672,67,335000000000,335057835469,335113750833,57835469,55915364,113750833,YES
671,672,68,340000000000,340056927946,340112833689,56927946,55905743,112833689,YES
671,672,69,345000000000,345055909000,345111817292,55909000,55908292,111817292,YES
671,672,70,350000000000,350055923580,350111846588,55923580,55923008,111846588,YES
671,672,71,355000000000,355055950265,355111900102,55950265,55949837,111900102,YES
671,672,72,360000000000,360055988946,360111977612,55988946,55988666,111977612,YES
671,672,73,365000000000,365046991231,365093982275,46991231,46991044,93982275,YES
671,672,74,370000000000,370056763108,370103694626,56763108,46931518,103694626,YES
671,672,75,375000000000,375046884464,375093824335,46884464,46939871,93824335,YES
671,672,76,380000000000,380046849794,380093699781,46849794,46849987,93699781,YES
671,672,77,385000000000,385046861422,385096406851,46861422,49545429,96406851,YES
671,672,78,390000000000,390046852184,390094937495,46852184,48085311,94937495,YES
671,672,79,395000000000,395046855632,395105416464,46855632,58560832,105416464,YES
671,672,80,400000000000,400046871618,400093743902,46871618,46872284,93743902,YES
671,672,81,405000000000,405046899918,405093800606,46899918,46900688,93800606,YES
671,672,82,410000000000,410046940218,410093881305,46940218,46941087,93881305,YES
671,672,83,415000000000,415059707317,415121456805,59707317,61749488,121456805,YES
671,672,84,420000000000,420071935436,420143774136,71935436,71838700,143774136,YES
671,672,85,425000000000,425072903976,425144686352,72903976,71782376,144686352,YES
671,672,86,430000000000,430073479143,430177970029,73479143,104490886,177970029,YES
671,672,87,435000000000,435071707894,435147473408,71707894,75765514,147473408,YES
671,672,88,440000000000,440075654044,440151389763,75654044,75735719,151389763,YES
671,672,89,445000000000,445074650915,445146334954,74650915,71684039,146334954,YES
671,672,90,450000000000,450071693788,450143387086,71693788,71693298,143387086,YES
671,672,91,455000000000,455071716974,455143433645,71716974,71716671,143433645,YES
671,672,92,460000000000,460071754392,460143508678,71754392,71754286,143508678,YES
671,672,93,465000000000,465071806062,465143612217,71806062,71806155,143612217,YES
671,672,94,470000000000,470071871896,470143744087,71871896,71872191,143744087,YES
671,672,95,475000000000,475071951701,475143903897,71951701,71952196,143903897,YES
671,672,96,480000000000,480072045190,480144091080,72045190,72045890,144091080,YES
671,672,97,485000000000,485072151976,485144304855,72151976,72152879,144304855,YES
671,672,98,490000000000,490080762169,490166904886,80762169,86142717,166904886,YES
671,672,99,495000000000,495086711623,495170224383,86711623,83512760,170224383,YES
671,672,100,500000000000,500080660500,500161321970,80660500,80661470,161321970,YES
671,672,101,505000000000,505080627946,505165443648,80627946,84815702,165443648,YES
671,672,102,510000000000,510080607652,510161216639,80607652,80608987,161216639,YES
671,672,103,515000000000,515080599643,515161200796,80599643,80601153,161200796,YES
671,672,104,520000000000,520083643004,520164248612,83643004,80605608,164248612,YES
671,672,105,525000000000,525083714532,525164336863,83714532,80622331,164336863,YES
671,672,106,530000000000,530056271493,530121445393,56271493,65173900,121445393,YES
671,672,107,535000000000,535057616132,535241387403,57616132,183771271,241387403,YES
671,672,108,540000000000,540056090444,540112179330,56090444,56088886,112179330,YES
671,672,109,545000000000,545056016069,545112170854,56016069,56154785,112170854,YES
671,672,110,550000000000,550056137465,550113218221,56137465,57080756,113218221,YES
671,672,111,555000000000,555059307369,555115207526,59307369,55900157,115207526,YES
671,672,112,560000000000,560063149250,560119009846,63149250,55860596,119009846,YES
671,672,113,565000000000,565058730181,565114563346,58730181,55833165,114563346,YES
671,672,114,570000000000,570055818878,570111636833,55818878,55817955,111636833,YES
671,672,115,575000000000,575057322990,575114176482,57322990,56853492,114176482,YES
671,672,116,580000000000,580055825262,580111649873,55825262,55824611,111649873,YES
671,672,117,585000000000,585055847052,585111693602,55847052,55846550,111693602,YES
671,672,118,590000000000,590062307160,590118188052,62307160,55880892,118188052,YES
671,672,119,595000000000,595055927546,595111854897,55927546,55927351,111854897,YES
671,672,120,600000000000,600046615091,600093230062,46615091,46614971,93230062,YES
671,672,121,605000000000,605046546662,605093093338,46546662,46546676,93093338,YES
671,672,122,610000000000,610046490164,610092980477,46490164,46490313,92980477,YES
671,672,123,615000000000,615046445817,615092891908,46445817,46446091,92891908,YES
671,672,124,620000000000,620046413746,620092827894,46413746,46414148,92827894,YES
671,672,125,625000000000,625046394012,625092788547,46394012,46394535,92788547,YES
671,672,126,630000000000,630046386587,630092773813,46386587,46387226,92773813,YES
671,672,127,635000000000,635046424978,635092850702,46424978,46425724,92850702,YES
671,672,128,640000000000,640046441825,640092884501,46441825,46442676,92884501,YES
671,672,129,645000000000,645046470508,645092941962,46470508,46471454,92941962,YES
671,672,130,650000000000,650046510753,650093022542,46510753,46511789,93022542,YES
671,672,131,655000000000,655059729251,655119460031,59729251,59730780,119460031,YES
671,672,132,660000000000,660071522585,660145742464,71522585,74219879,145742464,YES
671,672,133,665000000000,665071471874,665149665732,71471874,78193858,149665732,YES
671,672,134,670000000000,670071433085,670152746094,71433085,81313009,152746094,YES
671,672,135,675000000000,675071406678,675147392671,71406678,75985993,147392671,YES
671,672,136,680000000000,680071393059,680142785010,71393059,71391951,142785010,YES
671,672,137,685000000000,685071392589,685142784234,71392589,71391645,142784234,YES
671,672,138,690000000000,690071405561,690142810353,71405561,71404792,142810353,YES
671,672,139,695000000000,695071768092,695143228495,71768092,71460403,143228495,YES
671,672,140,700000000000,700071472645,700142944897,71472645,71472252,142944897,YES
671,672,141,705000000000,705071526967,705143053736,71526967,71526769,143053736,YES
671,672,142,710000000000,710071595143,710143190294,71595143,71595151,143190294,YES
671,672,143,715000000000,715071677061,715143354341,71677061,71677280,143354341,YES
671,672,144,720000000000,720071772525,720143545482,71772525,71772957,143545482,YES
671,672,145,725000000000,725071881242,725143763129,71881242,71881887,143763129,YES
671,672,146,730000000000,730084331204,730169943513,84331204,85612309,169943513,YES
671,672,147,735000000000,735080647167,735161294819,80647167,80647652,161294819,YES
671,672,148,740000000000,740080586834,740161174374,80586834,80587540,161174374,YES
671,672,149,745000000000,745080538882,745161078690,80538882,80539808,161078690,YES
671,672,150,750000000000,750080503360,750161007845,80503360,80504485,161007845,YES
671,672,151,755000000000,755080480282,755160961883,80480282,80481601,160961883,YES
671,672,152,760000000000,760083478868,760163950012,83478868,80471144,163950012,YES
671,672,153,765000000000,765080598266,765161071363,80598266,80473097,161071363,YES
671,672,154,770000000000,770055751821,770111502017,55751821,55750196,111502017,YES
671,672,155,775000000000,775055649347,775111297166,55649347,55647819,111297166,YES
671,672,156,780000000000,780058102196,780113658264,58102196,55556068,113658264,YES
671,672,157,785000000000,785055477025,785112537294,55477025,57060269,112537294,YES
671,672,158,790000000000,790065327516,790120734424,65327516,55406908,120734424,YES
671,672,159,795000000000,795056646469,795111997106,56646469,55350637,111997106,YES
671,672,160,800000000000,800055307945,800110614893,55307945,55306948,110614893,YES
671,672,161,805000000000,805055277145,805110553426,55277145,55276281,110553426,YES
671,672,162,810000000000,810055259635,810113381690,55259635,58122055,113381690,YES
671,672,163,815000000000,815055255600,815110510623,55255600,55255023,110510623,YES
671,672,164,820000000000,820055265125,820110529826,55265125,55264701,110529826,YES
671,672,165,825000000000,825055288203,825110576139,55288203,55287936,110576139,YES
671,672,166,830000000000,830055324721,830110649336,55324721,55324615,110649336,YES
671,672,167,835000000000,835055374463,835110748987,55374463,55374524,110748987,YES
671,672,168,840000000000,840046415641,840092831386,46415641,46415745,92831386,YES
671,672,169,845000000000,845048406487,845102829801,48406487,54423314,102829801,YES
671,672,170,850000000000,850046331503,850111467924,46331503,65136421,111467924,YES
671,672,171,855000000000,855046308196,855092616886,46308196,46308690,92616886,YES
671,672,172,860000000000,860046297409,860092595432,46297409,46298023,92595432,YES
671,672,173,865000000000,865046299057,865092598842,46299057,46299785,92598842,YES
671,672,174,870000000000,870046312985,870092626805,46312985,46313820,92626805,YES
671,672,175,875000000000,875046338977,875092678889,46338977,46339912,92678889,YES
671,672,176,880000000000,880046376759,880092754547,46376759,46377788,92754547,YES
671,672,177,885000000000,885046459603,885092920322,46459603,46460719,92920322,YES
671,672,178,890000000000,890084646717,890171432518,84646717,86785801,171432518,YES
671,672,179,895000000000,895084627504,895169253226,84627504,84625722,169253226,YES
671,672,180,900000000000,900071831530,900143661523,71831530,71829993,143661523,YES
671,672,181,905000000000,905078262649,905150037826,78262649,71775177,150037826,YES
671,672,182,910000000000,910071733928,910143466612,71733928,71732684,143466612,YES
671,672,183,915000000000,915071703994,915143406906,71703994,71702912,143406906,YES
671,672,184,920000000000,920071687352,920143373802,71687352,71686450,143373802,YES
671,672,185,925000000000,925071684475,925143368235,71684475,71683760,143368235,YES
671,672,186,930000000000,930071695761,930143391003,71695761,71695242,143391003,YES
671,672,187,935000000000,935071721505,935143442692,71721505,71721187,143442692,YES
671,672,188,940000000000,940071761900,940143523693,71761900,71761793,143523693,YES
671,672,189,945000000000,945071817036,945143634180,71817036,71817144,143634180,YES
671,672,190,950000000000,950071886862,950143774053,71886862,71887191,143774053,YES
671,672,191,955000000000,955071971216,955143942983,71971216,71971767,143942983,YES
671,672,192,960000000000,960072069816,960144140409,72069816,72070593,144140409,YES
671,672,193,965000000000,965072182270,965148042420,72182270,75860150,148042420,YES
671,672,194,970000000000,970121721958,970202232619,121721958,80510661,202232619,YES
671,672,195,975000000000,975088806872,975169269779,88806872,80462907,169269779,YES
671,672,196,980000000000,980080426284,980160853689,80426284,80427405,160853689,YES
671,672,197,985000000000,985080403080,985160807479,80403080,80404399,160807479,YES
671,672,198,990000000000,990080392416,990160786343,80392416,80393927,160786343,YES
671,672,199,995000000000,995085742068,995174143662,85742068,88401594,174143662,YES
671,672,200,1000000000000,1000088660062,1000180000008,88660062,91339946,180000008,YES
671,672,201,1005000000000,1005080435138,1005160872287,80435138,80437149,160872287,YES
671,672,202,1010000000000,1010080474019,1010162845794,80474019,82371775,162845794,YES
671,672,203,1015000000000,1015056691222,1015112824684,56691222,56133462,112824684,YES
671,672,204,1020000000000,1020060023602,1020116110000,60023602,56086398,116110000,YES
671,672,205,1025000000000,1025055975024,1025111948552,55975024,55973528,111948552,YES
671,672,206,1030000000000,1030055911671,1030111821938,55911671,55910267,111821938,YES
671,672,207,1035000000000,1035055859924,1035111718545,55859924,55858621,111718545,YES
671,672,208,1040000000000,1040058378649,1040114197509,58378649,55818860,114197509,YES
671,672,209,1045000000000,1045055792358,1045111583641,55792358,55791283,111583641,YES
671,672,210,1050000000000,1050055776968,1050111552990,55776968,55776022,111552990,YES
671,672,211,1055000000000,1055055774043,1055111547277,55774043,55773234,111547277,YES
671,672,212,1060000000000,1060057662669,1060113445673,57662669,55783004,113445673,YES
671,672,213,1065000000000,1065087830861,1065143636394,87830861,55805533,143636394,YES
671,672,214,1070000000000,1070056887486,1070112727745,56887486,55840259,112727745,YES
671,672,215,1075000000000,1075046739884,1075093479519,46739884,46739635,93479519,YES
671,672,216,1080000000000,1080046675455,1080093350799,46675455,46675344,93350799,YES
671,672,217,1085000000000,1085046623900,1085093247826,46623900,46623926,93247826,YES
671,672,218,1090000000000,1090046585506,1090093171174,46585506,46585668,93171174,YES
671,672,219,1095000000000,1095046560451,1095093121200,46560451,46560749,93121200,YES
671,672,220,1100000000000,1100046548805,1100093098037,46548805,46549232,93098037,YES
671,672,221,1105000000000,1105046550515,1105093101583,46550515,46551068,93101583,YES
671,672,222,1110000000000,1110049920658,1110096486776,49920658,46566118,96486776,YES
671,672,223,1115000000000,1115046593304,1115093187394,46593304,46594090,93187394,YES
671,672,224,1120000000000,1120046633789,1120093268475,46633789,46634686,93268475,YES
671,672,225,1125000000000,1125046686476,1125093373944,46686476,46687468,93373944,YES
671,672,226,1130000000000,1130047038787,1130093790759,47038787,46751972,93790759,YES
671,672,227,1135000000000,1135046826491,1135093654149,46826491,46827658,93654149,YES
671,672,228,1140000000000,1140071627100,1140143252518,71627100,71625418,143252518,YES
671,672,229,1145000000000,1145071579851,1145143158146,71579851,71578295,143158146,YES
671,672,230,1150000000000,1150071544377,1150143087332,71544377,71542955,143087332,YES
671,672,231,1155000000000,1155071521151,1155143041023,71521151,71519872,143041023,YES
671,672,232,1160000000000,1160071510611,1160143020101,71510611,71509490,143020101,YES
671,672,233,1165000000000,1165071513158,1165143025357,71513158,71512199,143025357,YES
671,672,234,1170000000000,1170071529117,1170143057449,71529117,71528332,143057449,YES
671,672,235,1175000000000,1175071558768,1175143116942,71558768,71558174,143116942,YES
671,672,236,1180000000000,1180071602305,1180143204212,71602305,71601907,143204212,YES
671,672,237,1185000000000,1185071659841,1185143319495,71659841,71659654,143319495,YES
671,672,238,1190000000000,1190071731401,1190143462832,71731401,71731431,143462832,YES
671,672,239,1195000000000,1195071816917,1195143634084,71816917,71817167,143634084,YES
672,673,0,0,40509190,81019280,40509190,40510090,81019280,YES
672,673,1,5000000000,5040518959,5081038909,40518959,40519950,81038909,YES
672,673,2,10000000000,10049496608,10101055284,49496608,51558676,101055284,YES
672,673,3,15000000000,15049367023,15098769134,49367023,49402111,98769134,YES
672,673,4,20000000000,20049246952,20101809558,49246952,52562606,101809558,YES
672,673,5,25000000000,25049136959,25098272738,49136959,49135779,98272738,YES
672,673,6,30000000000,30049037602,30098074154,49037602,49036552,98074154,YES
672,673,7,35000000000,35048949420,35097897921,48949420,48948501,97897921,YES
672,673,8,40000000000,40048872929,40097745069,48872929,48872140,97745069,YES
672,673,9,45000000000,45048808595,45099838786,48808595,51030191,99838786,YES
672,673,10,50000000000,50048756825,50100249812,48756825,51492987,100249812,YES
672,673,11,55000000000,55048717959,55097435546,48717959,48717587,97435546,YES
672,673,12,60000000000,60038808209,60077616255,38808209,38808046,77616255,YES
672,673,13,65000000000,65047033093,65085774748,47033093,38741655,85774748,YES
672,673,14,70000000000,70047425841,70087204039,47425841,39778198,87204039,YES
672,673,15,75000000000,75038643882,75077287930,38643882,38644048,77287930,YES
672,673,16,80000000000,80038612792,80077225860,38612792,38613068,77225860,YES
672,673,17,85000000000,85038593820,85077188020,38593820,38594200,77188020,YES
672,673,18,90000000000,90038587027,90077174536,38587027,38587509,77174536,YES
672,673,19,95000000000,95039192329,95077785317,39192329,38592988,77785317,YES
672,673,20,100000000000,100039500916,100078111507,39500916,38610591,78111507,YES
672,673,21,105000000000,105040082583,105078722781,40082583,38640198,78722781,YES
672,673,22,110000000000,110038680774,110080586474,38680774,41905700,80586474,YES
672,673,23,115000000000,115038733706,115077468329,38733706,38734623,77468329,YES
672,673,24,120000000000,120038797947,120077596882,38797947,38798935,77596882,YES
672,673,25,125000000000,125029465574,125058930440,29465574,29464866,58930440,YES
672,673,26,130000000000,130029414886,130058829122,29414886,29414236,58829122,YES
672,673,27,135000000000,135029375412,135058750232,29375412,29374820,58750232,YES
672,673,28,140000000000,140029347253,140058693973,29347253,29346720,58693973,YES
672,673,29,145000000000,145029330464,145058660461,29330464,29329997,58660461,YES
672,673,30,150000000000,150029325046,150058649693,29325046,29324647,58649693,YES
672,673,31,155000000000,155029330944,155058661557,29330944,29330613,58661557,YES
672,673,32,160000000000,160042366246,160084731908,42366246,42365662,84731908,YES
672,673,33,165000000000,165046362366,165088771783,46362366,42409417,88771783,YES
672,673,34,170000000000,170042415591,170084830804,42415591,42415213,84830804,YES
672,673,35,175000000000,175042456140,175084912008,42456140,42455868,84912008,YES
672,673,36,180000000000,180042507223,180085014287,42507223,42507064,85014287,YES
672,673,37,185000000000,185042568776,185085137503,42568776,42568727,85137503,YES
672,673,38,190000000000,190042640697,190085281465,42640697,42640768,85281465,YES
672,673,39,195000000000,195044847336,195087570408,44847336,42723072,87570408,YES
672,673,40,200000000000,200053257918,200105543375,53257918,52285457,105543375,YES
672,673,41,205000000000,205049402046,205098804640,49402046,49402594,98804640,YES
672,673,42,210000000000,210049450306,210102125447,49450306,52675141,102125447,YES
672,673,43,215000000000,215040484047,215080968659,40484047,40484612,80968659,YES
672,673,44,220000000000,220040459098,220080918868,40459098,40459770,80918868,YES
672,673,45,225000000000,225040443817,225080888408,40443817,40444591,80888408,YES
672,673,46,230000000000,230040438157,230080877186,40438157,40439029,80877186,YES
672,673,47,235000000000,235040442053,235080885072,40442053,40443019,80885072,YES
672,673,48,240000000000,240040455432,240080911920,40455432,40456488,80911920,YES
672,673,49,245000000000,245040478221,245080957582,40478221,40479361,80957582,YES
672,673,50,250000000000,250049784698,250099567769,49784698,49783071,99567769,YES
672,673,51,255000000000,255053568913,255103268343,53568913,49699430,103268343,YES
672,673,52,260000000000,260049528546,260099055656,49528546,49527110,99055656,YES
672,673,53,265000000000,265049837511,265105868870,49837511,56031359,105868870,YES
672,673,54,270000000000,270049312486,270098623746,49312486,49311260,98623746,YES
672,673,55,275000000000,275065275704,275114461624,65275704,49185920,114461624,YES
672,673,56,280000000000,280050555232,280106163122,50555232,55607890,106163122,YES
672,673,57,285000000000,-1,-1,-1,-1,-1,LOST
672,673,58,290000000000,290048984633,290101950155,48984633,52965522,101950155,YES
672,673,59,295000000000,295048942563,295097884548,48942563,48941985,97884548,YES
672,673,60,300000000000,300048913796,300099586594,48913796,50672798,99586594,YES
672,673,61,305000000000,305049346213,305098244452,49346213,48898239,98244452,YES
672,673,62,310000000000,310048896877,310100557830,48896877,51660953,100557830,YES
672,673,63,315000000000,315038283551,315076567090,38283551,38283539,76567090,YES
672,673,64,320000000000,320038251085,320076502270,38251085,38251185,76502270,YES
672,673,65,325000000000,325038231179,325076462568,38231179,38231389,76462568,YES
672,673,66,330000000000,330038223927,330076448171,38223927,38224244,76448171,YES
672,673,67,335000000000,335038262925,335077300170,38262925,39037245,77300170,YES
672,673,68,340000000000,340038280892,340076562305,38280892,38281413,76562305,YES
672,673,69,345000000000,345038311257,345076623130,38311257,38311873,76623130,YES
672,673,70,350000000000,350038353781,350076708269,38353781,38354488,76708269,YES
672,673,71,355000000000,355038408150,355076817093,38408150,38408943,76817093,YES
672,673,72,360000000000,360038474001,360076948873,38474001,38474872,76948873,YES
672,673,73,365000000000,365029503810,365059007002,29503810,29503192,59007002,YES
672,673,74,370000000000,370029469659,370061385451,29469659,31915792,61385451,YES
672,673,75,375000000000,375029446623,375058892754,29446623,29446131,58892754,YES
672,673,76,380000000000,380029434766,380058869106,29434766,29434340,58869106,YES
672,673,77,385000000000,385047970486,385077404245,47970486,29433759,77404245,YES
672,673,78,390000000000,390084353488,390113817159,84353488,29463671,113817159,YES
672,673,79,395000000000,395038663294,395068129280,38663294,29465986,68129280,YES
672,673,80,400000000000,400029498607,400058997088,29498607,29498481,58997088,YES
672,673,81,405000000000,405029541795,405060643344,29541795,31101549,60643344,YES
672,673,82,410000000000,410029595450,410087296606,29595450,57701156,87296606,YES
672,673,83,415000000000,415042375004,415084749585,42375004,42374581,84749585,YES
672,673,84,420000000000,420042418970,420084837620,42418970,42418650,84837620,YES
672,673,85,425000000000,425042472581,425084944950,42472581,42472369,84944950,YES
672,673,86,430000000000,430042535846,430085071593,42535846,42535747,85071593,YES
672,673,87,435000000000,435052150816,435104301631,52150816,52150815,104301631,YES
672,673,88,440000000000,440055807019,440107938583,55807019,52131564,107938583,YES
672,673,89,445000000000,445054875325,445106995751,54875325,52120426,106995751,YES
672,673,90,450000000000,450052084556,450104254118,52084556,52169562,104254118,YES
672,673,91,455000000000,455040471363,455080943121,40471363,40471758,80943121,YES
672,673,92,460000000000,460040428252,460080857006,40428252,40428754,80857006,YES
672,673,93,465000000000,465040428287,465080857186,40428287,40428899,80857186,YES
672,673,94,470000000000,470040404293,470080809301,40404293,40405008,80809301,YES
672,673,95,475000000000,475040389847,475080780512,40389847,40390665,80780512,YES
672,673,96,480000000000,480040384924,480080770760,40384924,40385836,80770760,YES
672,673,97,485000000000,485040389481,485080779964,40389481,40390483,80779964,YES
672,673,98,490000000000,490052731491,490101918836,52731491,49187345,101918836,YES
672,673,99,495000000000,495052533637,495102359347,52533637,49825710,102359347,YES
672,673,100,500000000000,500048933679,500097863951,48933679,48930272,97863951,YES
672,673,101,505000000000,505048817893,505097634664,48817893,48816771,97634664,YES
672,673,102,510000000000,510051532767,510100246883,51532767,48714116,100246883,YES
672,673,103,515000000000,515048623984,515097247087,48623984,48623103,97247087,YES
672,673,104,520000000000,520048544911,520098807475,48544911,50262564,98807475,YES
672,673,105,525000000000,525048478512,525098661502,48478512,50182990,98661502,YES
672,673,106,530000000000,530048425277,530096850083,48425277,48424806,96850083,YES
672,673,107,535000000000,535048561971,535096947259,48561971,48385288,96947259,YES
672,673,108,540000000000,540052516193,540100875842,52516193,48359649,100875842,YES
672,673,109,545000000000,-1,-1,-1,-1,-1,LOST
672,673,110,550000000000,550058683309,550107000496,58683309,48317187,107000496,YES
672,673,111,555000000000,555055925413,555104259383,55925413,48333970,104259383,YES
672,673,112,560000000000,560056143708,560104508434,56143708,48364726,104508434,YES
672,673,113,565000000000,565048408547,565096817626,48408547,48409079,96817626,YES
672,673,114,570000000000,570052794880,570109575541,52794880,56780661,109575541,YES
672,673,115,575000000000,575048536555,575128423828,48536555,79887273,128423828,YES
672,673,116,580000000000,580048619286,580101476168,48619286,52856882,101476168,YES
672,673,117,585000000000,585048713743,585097428532,48713743,48714789,97428532,YES
672,673,118,590000000000,590039015293,590084256448,39015293,45241155,84256448,YES
672,673,119,595000000000,595039068899,595078138729,39068899,39069830,78138729,YES
672,673,120,600000000000,600029763481,600059526183,29763481,29762702,59526183,YES
672,673,121,605000000000,605029699207,605059397699,29699207,29698492,59397699,YES
672,673,122,610000000000,610029645250,610059289843,29645250,29644593,59289843,YES
672,673,123,615000000000,615029601843,615059203087,29601843,29601244,59203087,YES
672,673,124,620000000000,620029569166,620059137796,29569166,29568630,59137796,YES
672,673,125,625000000000,625029547362,625059094260,29547362,29546898,59094260,YES
672,673,126,630000000000,630029536535,630059072676,29536535,29536141,59072676,YES
672,673,127,635000000000,635029536726,635059073130,29536726,29536404,59073130,YES
672,673,128,640000000000,640029547927,640059242785,29547927,29694858,59242785,YES
672,673,129,645000000000,645029570075,645059139976,29570075,29569901,59139976,YES
672,673,130,650000000000,650029603048,650059205997,29603048,29602949,59205997,YES
672,673,131,655000000000,655042813995,655085627745,42813995,42813750,85627745,YES
672,673,132,660000000000,660052044757,660104089348,52044757,52044591,104089348,YES
672,673,133,665000000000,665052009627,665106999737,52009627,54990110,106999737,YES
672,673,134,670000000000,670051986011,670106002746,51986011,54016735,106002746,YES
672,673,135,675000000000,675054956225,675106930656,54956225,51974431,106930656,YES
672,673,136,680000000000,680060189774,680112126499,60189774,51936725,112126499,YES
672,673,137,685000000000,685051906287,685107306617,51906287,55400330,107306617,YES
672,673,138,690000000000,690051887652,690108820922,51887652,56933270,108820922,YES
672,673,139,695000000000,695051881079,695106070354,51881079,54189275,106070354,YES
672,673,140,700000000000,700040356192,700080713074,40356192,40356882,80713074,YES
672,673,141,705000000000,705040336529,705080673846,40336529,40337317,80673846,YES
672,673,142,710000000000,710040326301,710080653487,40326301,40327186,80653487,YES
672,673,143,715000000000,715040325483,715080651946,40325483,40326463,80651946,YES
672,673,144,720000000000,720040334066,720080669197,40334066,40335131,80669197,YES
672,673,145,725000000000,725040352026,725080705200,40352026,40353174,80705200,YES
672,673,146,730000000000,730053532998,730103759774,53532998,50226776,103759774,YES
672,673,147,735000000000,735049336532,735098671585,49336532,49335053,98671585,YES
672,673,148,740000000000,740049210180,740098418966,49210180,49208786,98418966,YES
672,673,149,745000000000,745049094103,745098186926,49094103,49092823,98186926,YES
672,673,150,750000000000,750048988967,750097976769,48988967,48987802,97976769,YES
672,673,151,755000000000,755048895414,755097789773,48895414,48894359,97789773,YES
672,673,152,760000000000,760048814065,760100753904,48814065,51939839,100753904,YES
672,673,153,765000000000,765048745498,765100100154,48745498,51354656,100100154,YES
672,673,154,770000000000,770051564636,770100254159,51564636,48689523,100254159,YES
672,673,155,775000000000,775056245315,775104893421,56245315,48648106,104893421,YES
672,673,156,780000000000,780052317736,780100938553,52317736,48620817,100938553,YES
672,673,157,785000000000,785112940529,785161548263,112940529,48607734,161548263,YES
672,673,158,790000000000,790055700461,790104309662,55700461,48609201,104309662,YES
672,673,159,795000000000,795051850085,795100475046,51850085,48624961,100475046,YES
672,673,160,800000000000,800062810375,800111465419,62810375,48655044,111465419,YES
672,673,161,805000000000,805048698556,805097397447,48698556,48698891,97397447,YES
672,673,162,810000000000,810048755951,810100087646,48755951,51331695,100087646,YES
672,673,163,815000000000,815048826459,815100127617,48826459,51301158,100127617,YES
672,673,164,820000000000,820049667690,820098578002,49667690,48910312,98578002,YES
672,673,165,825000000000,825049004606,825098686348,49004606,49681742,98686348,YES
672,673,166,830000000000,830049920539,830099032572,49920539,49112033,99032572,YES
672,673,167,835000000000,835050717097,835099946365,50717097,49229268,99946365,YES
672,673,168,840000000000,840061056250,840120176777,61056250,59120527,120176777,YES
672,673,169,845000000000,845032354075,845062091389,32354075,29737314,62091389,YES
672,673,170,850000000000,850032492508,850062191459,32492508,29698951,62191459,YES
672,673,171,855000000000,855029671658,855059342821,29671658,29671163,59342821,YES
672,673,172,860000000000,860029654510,860059308595,29654510,29654085,59308595,YES
672,673,173,865000000000,865029648182,865059296010,29648182,29647828,59296010,YES
672,673,174,870000000000,870029652726,870059305175,29652726,29652449,59305175,YES
672,673,175,875000000000,875029668139,875059336078,29668139,29667939,59336078,YES
672,673,176,880000000000,880029694363,880059388601,29694363,29694238,59388601,YES
672,673,177,885000000000,885039305756,885078611316,39305756,39305560,78611316,YES
672,673,178,890000000000,890039240000,890078479909,39240000,39239909,78479909,YES
672,673,179,895000000000,895039184785,895079382997,39184785,40198212,79382997,YES
672,673,180,900000000000,900055071548,900110300051,55071548,55228503,110300051,YES
672,673,181,905000000000,905051965141,905107619608,51965141,55654467,107619608,YES
672,673,182,910000000000,910055617164,910107480239,55617164,51863075,107480239,YES
672,673,183,915000000000,915051791902,915103583243,51791902,51791341,103583243,YES
672,673,184,920000000000,920055003607,920106734963,55003607,51731356,106734963,YES
672,673,185,925000000000,925059525645,925111209148,59525645,51683503,111209148,YES
672,673,186,930000000000,930054701555,930106349594,54701555,51648039,106349594,YES
672,673,187,935000000000,935051624958,935108617052,51624958,56992094,108617052,YES
672,673,188,940000000000,940040553765,940081108060,40553765,40554295,81108060,YES
672,673,189,945000000000,945040526522,945081053696,40526522,40527174,81053696,YES
672,673,190,950000000000,950040509463,950081019679,40509463,40510216,81019679,YES
672,673,191,955000000000,955040502651,955081006154,40502651,40503503,81006154,YES
672,673,192,960000000000,960040506162,960081013270,40506162,40507108,81013270,YES
672,673,193,965000000000,965040520051,965081041141,40520051,40521090,81041141,YES
672,673,194,970000000000,970049156036,970098310678,49156036,49154642,98310678,YES
672,673,195,975000000000,975049035507,975098069719,49035507,49034212,98069719,YES
672,673,196,980000000000,980048925792,980097850403,48925792,48924611,97850403,YES
672,673,197,985000000000,985048827574,985097654076,48827574,48826502,97654076,YES
672,673,198,990000000000,990048741525,990099668888,48741525,50927363,99668888,YES
672,673,199,995000000000,995054959336,995103962596,54959336,49003260,103962596,YES
672,673,200,1000000000000,1000051004572,1000104917523,51004572,53912951,104917523,YES
672,673,201,1005000000000,1005048932014,1005097493852,48932014,48561838,97493852,YES
672,673,202,1010000000000,1010048530677,1010097060930,48530677,48530253,97060930,YES
672,673,203,1015000000000,1015048513500,1015097527157,48513500,49013657,97527157,YES
672,673,204,1020000000000,1020048511027,1020101490701,48511027,52979674,101490701,YES
672,673,205,1025000000000,1025048560583,1025097093469,48560583,48532886,97093469,YES
672,673,206,1030000000000,1030053026441,1030101576770,53026441,48550329,101576770,YES
672,673,207,1035000000000,1035053023967,1035101615674,53023967,48591707,101615674,YES
672,673,208,1040000000000,1040048785015,1040097432029,48785015,48647014,97432029,YES
672,673,209,1045000000000,1045048715301,1045097431190,48715301,48715889,97431190,YES
672,673,210,1050000000000,1050048797005,1050098754439,48797005,49957434,98754439,YES
672,673,211,1055000000000,1055048891067,1055098278986,48891067,49387919,98278986,YES
672,673,212,1060000000000,1060049704943,1060098702774,49704943,48997831,98702774,YES
672,673,213,1065000000000,1065049113615,1065098228341,49113615,49114726,98228341,YES
672,673,214,1070000000000,1070049240736,1070098482705,49240736,49241969,98482705,YES
672,673,215,1075000000000,1075063183019,1075122622461,63183019,59439442,122622461,YES
672,673,216,1080000000000,1080062696241,1080121479069,62696241,58782828,121479069,YES
672,673,217,1085000000000,1085058835499,1085126748283,58835499,67912784,126748283,YES
672,673,218,1090000000000,1090063845103,1090129271557,63845103,65426454,129271557,YES
672,673,219,1095000000000,1095030118540,1095060236684,30118540,30118144,60236684,YES
672,673,220,1100000000000,1100030101391,1100060202463,30101391,30101072,60202463,YES
672,673,221,1105000000000,1105039305740,1105078611044,39305740,39305304,78611044,YES
672,673,222,1110000000000,1110039213567,1110078426803,39213567,39213236,78426803,YES
672,673,223,1115000000000,1115040185488,1115079316790,40185488,39131302,79316790,YES
672,673,224,1120000000000,1120039059936,1120088773782,39059936,49713846,88773782,YES
672,673,225,1125000000000,1125038998972,1125077997942,38998972,38998970,77997942,YES
672,673,226,1130000000000,1130038948822,1130080579568,38948822,41630746,80579568,YES
672,673,227,1135000000000,1135038909603,1135077819405,38909603,38909802,77819405,YES
672,673,228,1140000000000,1140051712208,1140103423693,51712208,51711485,103423693,YES
672,673,229,1145000000000,1145056958331,1145108593292,56958331,51634961,108593292,YES
672,673,230,1150000000000,1150051570970,1150104503184,51570970,52932214,104503184,YES
672,673,231,1155000000000,1155051518594,1155103036884,51518594,51518290,103036884,YES
672,673,232,1160000000000,1160051478746,1160102957331,51478746,51478585,102957331,YES
672,673,233,1165000000000,1165051451595,1165105548761,51451595,54097166,105548761,YES
672,673,234,1170000000000,1170051437226,1170102874568,51437226,51437342,102874568,YES
672,673,235,1175000000000,1175056230791,1175107666678,56230791,51435887,107666678,YES
672,673,236,1180000000000,1180056302343,1180107749456,56302343,51447113,107749456,YES
672,673,237,1185000000000,1185054143384,1185176292749,54143384,122149365,176292749,YES
672,673,238,1190000000000,1190051506095,1190103012831,51506095,51506736,103012831,YES
672,673,239,1195000000000,1195040352489,1195080705969,40352489,40353480,80705969,YES
673,674,0,0,67063148,134124451,67063148,67061303,134124451,YES
673,674,1,5000000000,5067285533,5134248377,67285533,66962844,134248377,YES
673,674,2,10000000000,10068939583,10137988100,68939583,69048517,137988100,YES
673,674,3,15000000000,15067036306,15133837005,67036306,66800699,133837005,YES
673,674,4,20000000000,20068972847,20136105105,68972847,67132258,136105105,YES
673,674,5,25000000000,25066688230,25133375219,66688230,66686989,133375219,YES
673,674,6,30000000000,30066649874,30133298640,66649874,66648766,133298640,YES
673,674,7,35000000000,35068300870,35134923929,68300870,66623059,134923929,YES
673,674,8,40000000000,40066610681,40133220540,66610681,66609859,133220540,YES
673,674,9,45000000000,45069457834,45136066887,69457834,66609053,136066887,YES
673,674,10,50000000000,50068894622,50135515099,68894622,66620477,135515099,YES
673,674,11,55000000000,55066644273,55133288180,66644273,66643907,133288180,YES
673,674,12,60000000000,60025264942,60050529179,25264942,25264237,50529179,YES
673,674,13,65000000000,65025223856,65051655431,25223856,26431575,51655431,YES
673,674,14,70000000000,70025191392,70052015154,25191392,26823762,52015154,YES
673,674,15,75000000000,75025167493,75050334420,25167493,25166927,50334420,YES
673,674,16,80000000000,80025152134,80050303746,25152134,25151612,50303746,YES
673,674,17,85000000000,85025145291,85050290102,25145291,25144811,50290102,YES
673,674,18,90000000000,90026824610,90051971136,26824610,25146526,51971136,YES
673,674,19,95000000000,95025157132,95050313896,25157132,25156764,50313896,YES
673,674,20,100000000000,100025175800,100050351289,25175800,25175489,50351289,YES
673,674,21,105000000000,105084796255,105173155573,84796255,88359318,173155573,YES
673,674,22,110000000000,110093711339,110178533461,93711339,84822122,178533461,YES
673,674,23,115000000000,115084860835,115169721734,84860835,84860899,169721734,YES
673,674,24,120000000000,120088400194,120176800656,88400194,88400462,176800656,YES
673,674,25,125000000000,125101199935,125189540589,101199935,88340654,189540589,YES
673,674,26,130000000000,130091549466,130250886046,91549466,159336580,250886046,YES
673,674,27,135000000000,135088253744,135177195056,88253744,88941312,177195056,YES
673,674,28,140000000000,140088227286,140180978288,88227286,92751002,180978288,YES
673,674,29,145000000000,145088212081,145181151516,88212081,92939435,181151516,YES
673,674,30,150000000000,150088208123,150176417994,88208123,88209871,176417994,YES
673,674,31,155000000000,155088215401,155176432768,88215401,88217367,176432768,YES
673,674,32,160000000000,160088233897,160176469964,88233897,88236067,176469964,YES
673,674,33,165000000000,165088263577,165182874014,88263577,94610437,182874014,YES
673,674,34,170000000000,170092812154,170181119167,92812154,88307013,181119167,YES
673,674,35,175000000000,175088356384,175176715502,88356384,88359118,176715502,YES
673,674,36,180000000000,180093042835,180181465230,93042835,88422395,181465230,YES
673,674,37,185000000000,185093532405,185182029107,93532405,88496702,182029107,YES
673,674,38,190000000000,190093961355,190182543350,93961355,88581995,182543350,YES
673,674,39,195000000000,195020588715,195041177841,20588715,20589126,41177841,YES
673,674,40,200000000000,200079244762,200162093523,79244762,82848761,162093523,YES
673,674,41,205000000000,205076398806,205152798261,76398806,76399455,152798261,YES
673,674,42,210000000000,210077842263,210154227761,77842263,76385498,154227761,YES
673,674,43,215000000000,215070302683,215137641887,70302683,67339204,137641887,YES
673,674,44,220000000000,220067201745,220134401309,67201745,67199564,134401309,YES
673,674,45,225000000000,225067071864,225134141642,67071864,67069778,134141642,YES
673,674,46,230000000000,230069394775,230136345219,69394775,66950444,136345219,YES
673,674,47,235000000000,235071062157,235137904308,71062157,66842151,137904308,YES
673,674,48,240000000000,240066747274,240133492789,66747274,66745515,133492789,YES
673,674,49,245000000000,245066662370,245133323098,66662370,66660728,133323098,YES
673,674,50,250000000000,250066589765,250133178012,66589765,66588247,133178012,YES
673,674,51,255000000000,255066529735,255136811049,66529735,70281314,136811049,YES
673,674,52,260000000000,260066482478,260137524654,66482478,71042176,137524654,YES
673,674,53,265000000000,265073050018,265142208524,73050018,69158506,142208524,YES
673,674,54,270000000000,270066426617,270133236216,66426617,66809599,133236216,YES
673,674,55,275000000000,275066384376,275132767948,66384376,66383572,132767948,YES
673,674,56,280000000000,280066388455,280140002763,66388455,73614308,140002763,YES
673,674,57,285000000000,285190430770,285256835913,190430770,66405143,256835913,YES
673,674,58,290000000000,290071400675,290137834323,71400675,66433648,137834323,YES
673,674,59,295000000000,295066474788,295132949422,66474788,66474634,132949422,YES
673,674,60,300000000000,300068462067,300136496487,68462067,68034420,136496487,YES
673,674,61,305000000000,305066591060,305133346536,66591060,66755476,133346536,YES
673,674,62,310000000000,310070077410,310137372654,70077410,67295244,137372654,YES
673,674,63,315000000000,315025166122,315050331774,25166122,25165652,50331774,YES
673,674,64,320000000000,320025167367,320050334315,25167367,25166948,50334315,YES
673,674,65,325000000000,325084322972,325168644946,84322972,84321974,168644946,YES
673,674,66,330000000000,330090027619,330174643155,90027619,84615536,174643155,YES
673,674,67,335000000000,335091051031,335175375074,91051031,84324043,175375074,YES
673,674,68,340000000000,340104166352,340188494012,104166352,84327660,188494012,YES
673,674,69,345000000000,345094586793,345187008859,94586793,92422066,187008859,YES
673,674,70,350000000000,350091342604,350175716178,91342604,84373574,175716178,YES
673,674,71,355000000000,355084415302,355168830983,84415302,84415681,168830983,YES
673,674,72,360000000000,360084469798,360168940207,84469798,84470409,168940207,YES
673,674,73,365000000000,365084536619,365171839306,84536619,87302687,171839306,YES
673,674,74,370000000000,370084615452,370172115297,84615452,87499845,172115297,YES
673,674,75,375000000000,375084851690,375177032895,84851690,92181205,177032895,YES
673,674,76,380000000000,380088273381,380176548283,88273381,88274902,176548283,YES
673,674,77,385000000000,385021098311,385061804192,21098311,40705881,61804192,YES
673,674,78,390000000000,390021018390,390093598374,21018390,72579984,93598374,YES
673,674,79,395000000000,395020945091,395041890384,20945091,20945293,41890384,YES
673,674,80,400000000000,400020878357,400041756957,20878357,20878600,41756957,YES
673,674,81,405000000000,405020818155,405041636574,20818155,20818419,41636574,YES
673,674,82,410000000000,410050864981,410071629446,50864981,20764465,71629446,YES
673,674,83,415000000000,415020717332,415041434986,20717332,20717654,41434986,YES
673,674,84,420000000000,420020676782,420041353914,20676782,20677132,41353914,YES
673,674,85,425000000000,425020642913,425041286201,20642913,20643288,41286201,YES
673,674,86,430000000000,430020615844,430041232088,20615844,20616244,41232088,YES
673,674,87,435000000000,435031568446,435063136292,31568446,31567846,63136292,YES
673,674,88,440000000000,440031438692,440062876842,31438692,31438150,62876842,YES
673,674,89,445000000000,445031318205,445062635917,31318205,31317712,62635917,YES
673,674,90,450000000000,450031207486,450062414531,31207486,31207045,62414531,YES
673,674,91,455000000000,455094138750,455160897024,94138750,66758274,160897024,YES
673,674,92,460000000000,460066626900,460133251479,66626900,66624579,133251479,YES
673,674,93,465000000000,465066536116,465135646249,66536116,69110133,135646249,YES
673,674,94,470000000000,470067886525,470134306723,67886525,66420198,134306723,YES
673,674,95,475000000000,475066319716,475132637388,66319716,66317672,132637388,YES
673,674,96,480000000000,480067379592,480133606149,67379592,66226557,133606149,YES
673,674,97,485000000000,485066149098,485132296355,66149098,66147257,132296355,YES
673,674,98,490000000000,490066081687,490137623105,66081687,71541418,137623105,YES
673,674,99,495000000000,495066026447,495136277154,66026447,70250707,136277154,YES
673,674,100,500000000000,500069859504,500135841465,69859504,65981961,135841465,YES
673,674,101,505000000000,505065952790,505135924981,65952790,69972191,135924981,YES
673,674,102,510000000000,510065934377,510131867550,65934377,65933173,131867550,YES
673,674,103,515000000000,515065928163,515131855271,65928163,65927108,131855271,YES
673,674,104,520000000000,520065934031,520131867164,65934031,65933133,131867164,YES
673,674,105,525000000000,525069066888,525135018019,69066888,65951131,135018019,YES
673,674,106,530000000000,530065981425,530131962280,65981425,65980855,131962280,YES
673,674,107,535000000000,535066022575,535138560913,66022575,72538338,138560913,YES
673,674,108,540000000000,540066264231,540136562050,66264231,70297819,136562050,YES
673,674,109,545000000000,-1,-1,-1,-1,-1,LOST
673,674,110,550000000000,550019866809,550039733723,19866809,19866914,39733723,YES
673,674,111,555000000000,555019896760,555039793671,19896760,19896911,39793671,YES
673,674,112,560000000000,560019938325,560039876849,19938325,19938524,39876849,YES
673,674,113,565000000000,565019991366,565039982978,19991366,19991612,39982978,YES
673,674,114,570000000000,570020055667,570040111628,20055667,20055961,40111628,YES
673,674,115,575000000000,575020168124,575063000616,20168124,42832492,63000616,YES
673,674,116,580000000000,580020216810,580040434010,20216810,20217200,40434010,YES
673,674,117,585000000000,585020312887,585040626203,20312887,20313316,40626203,YES
673,674,118,590000000000,590084893463,590169786837,84893463,84893374,169786837,YES
673,674,119,595000000000,595085744479,595170684808,85744479,84940329,170684808,YES
673,674,120,600000000000,600084998990,600169998330,84998990,84999340,169998330,YES
673,674,121,605000000000,605085069654,605170139888,85069654,85070234,170139888,YES
673,674,122,610000000000,610085151924,610179153021,85151924,94001097,179153021,YES
673,674,123,615000000000,615085773500,615179859298,85773500,94085798,179859298,YES
673,674,124,620000000000,620093012031,620181885109,93012031,88873078,181885109,YES
673,674,125,625000000000,625092254219,625181120888,92254219,88866669,181120888,YES
673,674,126,630000000000,630088869256,630177740190,88869256,88870934,177740190,YES
673,674,127,635000000000,635088883995,635177769887,88883995,88885892,177769887,YES
673,674,128,640000000000,640021077470,640042155075,21077470,21077605,42155075,YES
673,674,129,645000000000,645021002341,645042004856,21002341,21002515,42004856,YES
673,674,130,650000000000,650020933642,650041867511,20933642,20933869,41867511,YES
673,674,131,655000000000,655020871381,655041743011,20871381,20871630,41743011,YES
673,674,132,660000000000,660031460144,660062919571,31460144,31459427,62919571,YES
673,674,133,665000000000,665031304065,665062607468,31304065,31303403,62607468,YES
673,674,134,670000000000,670031155594,670062310583,31155594,31154989,62310583,YES
673,674,135,675000000000,675031015209,675062029868,31015209,31014659,62029868,YES
673,674,136,680000000000,680030883401,680061766327,30883401,30882926,61766327,YES
673,674,137,685000000000,685030760657,685061520900,30760657,30760243,61520900,YES
673,674,138,690000000000,690030647462,690061294573,30647462,30647111,61294573,YES
673,674,139,695000000000,695030544277,695061088262,30544277,30543985,61088262,YES
673,674,140,700000000000,700066870810,700133739332,66870810,66868522,133739332,YES
673,674,141,705000000000,705066736842,705133471485,66736842,66734643,133471485,YES
673,674,142,710000000000,710066613317,710133224534,66613317,66611217,133224534,YES
673,674,143,715000000000,715066500819,715132999639,66500819,66498820,132999639,YES
673,674,144,720000000000,720069746318,720136144274,69746318,66397956,136144274,YES
673,674,145,725000000000,725066311055,725134385245,66311055,68074190,134385245,YES
673,674,146,730000000000,730067696751,730139338356,67696751,71641605,139338356,YES
673,674,147,735000000000,735066171227,735132340947,66171227,66169720,132340947,YES
673,674,148,740000000000,740066120872,740132240391,66120872,66119519,132240391,YES
673,674,149,745000000000,745066083838,745132166470,66083838,66082632,132166470,YES
673,674,150,750000000000,750066060224,750132119402,66060224,66059178,132119402,YES
673,674,151,755000000000,755066050054,755132099231,66050054,66049177,132099231,YES
673,674,152,760000000000,760066053279,760132155964,66053279,66102685,132155964,YES
673,674,153,765000000000,765068096597,765134165837,68096597,66069240,134165837,YES
673,674,154,770000000000,770066099312,770136457993,66099312,70358681,136457993,YES
673,674,155,775000000000,775066141688,775149336327,66141688,83194639,149336327,YES
673,674,156,780000000000,780066196561,780157303888,66196561,91107327,157303888,YES
673,674,157,785000000000,785066263568,785212746967,66263568,146483399,212746967,YES
673,674,158,790000000000,790019712068,790039424319,19712068,19712251,39424319,YES
673,674,159,795000000000,795019760480,795039521194,19760480,19760714,39521194,YES
673,674,160,800000000000,800019820904,800039642089,19820904,19821185,39642089,YES
673,674,161,805000000000,805019893033,805039786394,19893033,19893361,39786394,YES
673,674,162,810000000000,810019976492,810039953355,19976492,19976863,39953355,YES
673,674,163,815000000000,815020070831,815040142083,20070831,20071252,40142083,YES
673,674,164,820000000000,820020175555,820040351582,20175555,20176027,40351582,YES
673,674,165,825000000000,825020290135,825040580777,20290135,20290642,40580777,YES
673,674,166,830000000000,830020414010,830040828565,20414010,20414555,40828565,YES
673,674,167,835000000000,835020546616,835041093814,20546616,20547198,41093814,YES
673,674,168,840000000000,840020687406,840041375413,20687406,20688007,41375413,YES
673,674,169,845000000000,845085217746,845183389532,85217746,98171786,183389532,YES
673,674,170,850000000000,850086519222,850171835542,86519222,85316320,171835542,YES
673,674,171,855000000000,855085423307,855170847857,85423307,85424550,170847857,YES
673,674,172,860000000000,-1,-1,-1,-1,-1,LOST
673,674,173,865000000000,865024492212,865045798731,24492212,21306519,45798731,YES
673,674,174,870000000000,870021219644,870042439387,21219644,21219743,42439387,YES
673,674,175,875000000000,875021139073,875042278281,21139073,21139208,42278281,YES
673,674,176,880000000000,880021064805,880042129783,21064805,21064978,42129783,YES
673,674,177,885000000000,885032002854,885064032967,32002854,32030113,64032967,YES
673,674,178,890000000000,890031821577,890063642236,31821577,31820659,63642236,YES
673,674,179,895000000000,895031646811,895063292749,31646811,31645938,63292749,YES
673,674,180,900000000000,900031479070,900062957317,31479070,31478247,62957317,YES
673,674,181,905000000000,905031318898,905062637024,31318898,31318126,62637024,YES
673,674,182,910000000000,910031166819,910062332920,31166819,31166101,62332920,YES
673,674,183,915000000000,915031023412,915062046162,31023412,31022750,62046162,YES
673,674,184,920000000000,920030889244,920061777896,30889244,30888652,61777896,YES
673,674,185,925000000000,925030764877,925061529231,30764877,30764354,61529231,YES
673,674,186,930000000000,930030650851,930061301245,30650851,30650394,61301245,YES
673,674,187,935000000000,935031404703,935061951967,31404703,30547264,61951967,YES
673,674,188,940000000000,940066583654,940133782775,66583654,67199121,133782775,YES
673,674,189,945000000000,945066466365,945132930652,66466365,66464287,132930652,YES
673,674,190,950000000000,950066360329,950137823657,66360329,71463328,137823657,YES
673,674,191,955000000000,955066266069,955136728096,66266069,70462027,136728096,YES
673,674,192,960000000000,960073344142,960140284015,73344142,66939873,140284015,YES
673,674,193,965000000000,-1,-1,-1,-1,-1,LOST
673,674,194,970000000000,970066058380,970132115313,66058380,66056933,132115313,YES
673,674,195,975000000000,975066015305,975132029315,66015305,66014010,132029315,YES
673,674,196,980000000000,980065985675,980131970208,65985675,65984533,131970208,YES
673,674,197,985000000000,985065969584,985131938200,65969584,65968616,131938200,YES
673,674,198,990000000000,990065967078,990131933364,65967078,65966286,131933364,YES
673,674,199,995000000000,995067239831,995140120347,67239831,72880516,140120347,YES
673,674,200,1000000000000,1000071171562,1000147083313,71171562,75911751,147083313,YES
673,674,201,1005000000000,1005066040157,1005132931362,66040157,66891205,132931362,YES
673,674,202,1010000000000,1010066090744,1010132181465,66090744,66090721,132181465,YES
673,674,203,1015000000000,1015019860829,1015039721759,19860829,19860930,39721759,YES
673,674,204,1020000000000,1020019871359,1020039742874,19871359,19871515,39742874,YES
673,674,205,1025000000000,1025019894553,1025039789314,19894553,19894761,39789314,YES
673,674,206,1030000000000,1030019930391,1030039861041,19930391,19930650,39861041,YES
673,674,207,1035000000000,1035019978737,1035039957783,19978737,19979046,39957783,YES
673,674,208,1040000000000,1040020039365,1040040079085,20039365,20039720,40079085,YES
673,674,209,1045000000000,1045021769277,1045041881660,21769277,20112383,41881660,YES
673,674,210,1050000000000,1050020196105,1050040392665,20196105,20196560,40392665,YES
673,674,211,1055000000000,1055020291365,1055040583222,20291365,20291857,40583222,YES
673,674,212,1060000000000,1060020397218,1060040794963,20397218,20397745,40794963,YES
673,674,213,1065000000000,1065020513114,1065041026788,20513114,20513674,41026788,YES
673,674,214,1070000000000,1070020638486,1070041277571,20638486,20639085,41277571,YES
673,674,215,1075000000000,1075020772757,1075041546157,20772757,20773400,41546157,YES
673,674,216,1080000000000,1080020915349,1080041831368,20915349,20916019,41831368,YES
673,674,217,1085000000000,1085021065689,1085042132082,21065689,21066393,42132082,YES
673,674,218,1090000000000,1090021223224,1090042447178,21223224,21223954,42447178,YES
673,674,219,1095000000000,1095091471170,1095182260507,91471170,90789337,182260507,YES
673,674,220,1100000000000,1100090115542,1100186665276,90115542,96549734,186665276,YES
673,674,221,1105000000000,1105100165924,1105195333447,100165924,95167523,195333447,YES
673,674,222,1110000000000,1110098225526,1110193114446,98225526,94888920,193114446,YES
673,674,223,1115000000000,1115031905107,1115063809172,31905107,31904065,63809172,YES
673,674,224,1120000000000,1120032901497,1120064612456,32901497,31710959,64612456,YES
673,674,225,1125000000000,1125031524536,1125063048128,31524536,31523592,63048128,YES
673,674,226,1130000000000,1130031343194,1130062685493,31343194,31342299,62685493,YES
673,674,227,1135000000000,1135031168442,1135062336055,31168442,31167613,62336055,YES
673,674,228,1140000000000,1140031000774,1140062000778,31000774,31000004,62000778,YES
673,674,229,1145000000000,1145030840705,1145061680714,30840705,30840009,61680714,YES
673,674,230,1150000000000,1150030688758,1150061376884,30688758,30688126,61376884,YES
673,674,231,1155000000000,1155030545459,1155061090353,30545459,30544894,61090353,YES
673,674,232,1160000000000,1160030411338,1160060822174,30411338,30410836,60822174,YES
673,674,233,1165000000000,1165030286902,1165060573367,30286902,30286465,60573367,YES
673,674,234,1170000000000,1170030172661,1170060344944,30172661,30172283,60344944,YES
673,674,235,1175000000000,1175030069054,1175060137799,30069054,30068745,60137799,YES
673,674,236,1180000000000,1180029976520,1180059952808,29976520,29976288,59952808,YES
673,674,237,1185000000000,1185029895423,1185059790686,29895423,29895263,59790686,YES
673,674,238,1190000000000,1190029826068,1190059652045,29826068,29825977,59652045,YES
673,674,239,1195000000000,1195067503274,1195133871741,67503274,66368467,133871741,YES
674,675,0,0,61898974,123795883,61898974,61896909,123795883,YES
674,675,1,5000000000,5061732934,5123534823,61732934,61801889,123534823,YES
674,675,2,10000000000,10061578604,10123155462,61578604,61576858,123155462,YES
674,675,3,15000000000,15061436520,15122871464,61436520,61434944,122871464,YES
674,675,4,20000000000,20061307090,20122612773,61307090,61305683,122612773,YES
674,675,5,25000000000,25061190652,25122380063,61190652,61189411,122380063,YES
674,675,6,30000000000,30061087420,30122173759,61087420,61086339,122173759,YES
674,675,7,35000000000,35060997471,35121994024,60997471,60996553,121994024,YES
674,675,8,40000000000,40061014462,40121934466,61014462,60920004,121934466,YES
674,675,9,45000000000,45061296593,45122153123,61296593,60856530,122153123,YES
674,675,10,50000000000,50060806319,50121612154,60806319,60805835,121612154,YES
674,675,11,55000000000,55060767876,55121535401,60767876,60767525,121535401,YES
674,675,12,60000000000,60060741345,60123110691,60741345,62369346,123110691,YES
674,675,13,65000000000,65060726154,65121452186,60726154,60726032,121452186,YES
674,675,14,70000000000,70061854051,70122575707,61854051,60721656,122575707,YES
674,675,15,75000000000,75060727277,75121454629,60727277,60727352,121454629,YES
674,675,16,80000000000,80060742265,80121484691,60742265,60742426,121484691,YES
674,675,17,85000000000,85060765966,85121532157,60765966,60766191,121532157,YES
674,675,18,90000000000,90060797721,90121595738,60797721,60798017,121595738,YES
674,675,19,95000000000,95060836884,95121674126,60836884,60837242,121674126,YES
674,675,20,100000000000,100060882846,100121766109,60882846,60883263,121766109,YES
674,675,21,105000000000,105089461193,105178923577,89461193,89462384,178923577,YES
674,675,22,110000000000,110095219127,110188014267,95219127,92795140,188014267,YES
674,675,23,115000000000,115089689166,115184644479,89689166,94955313,184644479,YES
674,675,24,120000000000,120086490663,120173880027,86490663,87389364,173880027,YES
674,675,25,125000000000,125087021819,125173520359,87021819,86498540,173520359,YES
674,675,26,130000000000,130086517726,130173033162,86517726,86515436,173033162,YES
674,675,27,135000000000,135086541015,135173079868,86541015,86538853,173079868,YES
674,675,28,140000000000,140086570819,140173139617,86570819,86568798,173139617,YES
674,675,29,145000000000,145086607198,145173212519,86607198,86605321,173212519,YES
674,675,30,150000000000,150086650231,150174202189,86650231,87551958,174202189,YES
674,675,31,155000000000,155092462864,155184923956,92462864,92461092,184923956,YES
674,675,32,160000000000,160092328118,160185080361,92328118,92752243,185080361,YES
674,675,33,165000000000,165092200403,165184399422,92200403,92199019,184399422,YES
674,675,34,170000000000,170092080147,170184159095,92080147,92078948,184159095,YES
674,675,35,175000000000,175091967728,175183934488,91967728,91966760,183934488,YES
674,675,36,180000000000,180091863582,180183726420,91863582,91862838,183726420,YES
674,675,37,185000000000,185091768131,185183535749,91768131,91767618,183535749,YES
674,675,38,190000000000,190092894305,190184575808,92894305,91681503,184575808,YES
674,675,39,195000000000,195063170115,195126337097,63170115,63166982,126337097,YES
674,675,40,200000000000,200062934248,200125865496,62934248,62931248,125865496,YES
674,675,41,205000000000,205062705276,205125407670,62705276,62702394,125407670,YES
674,675,42,210000000000,210062483867,210124964991,62483867,62481124,124964991,YES
674,675,43,215000000000,215062270738,215124538847,62270738,62268109,124538847,YES
674,675,44,220000000000,220062066577,220124130677,62066577,62064100,124130677,YES
674,675,45,225000000000,225063732956,225125602704,63732956,61869748,125602704,YES
674,675,46,230000000000,230061727557,230123413518,61727557,61685961,123413518,YES
674,675,47,235000000000,235061515241,235123028482,61515241,61513241,123028482,YES
674,675,48,240000000000,240061354140,240122706464,61354140,61352324,122706464,YES
674,675,49,245000000000,245061205412,245122409176,61205412,61203764,122409176,YES
674,675,50,250000000000,250061069556,250122137636,61069556,61068080,122137636,YES
674,675,51,255000000000,255060946969,255121892640,60946969,60945671,121892640,YES
674,675,52,260000000000,260060837929,260121674724,60837929,60836795,121674724,YES
674,675,53,265000000000,265061390761,265122132352,61390761,60741591,122132352,YES
674,675,54,270000000000,270060660905,270121321004,60660905,60660099,121321004,YES
674,675,55,275000000000,275060592795,275121184937,60592795,60592142,121184937,YES
674,675,56,280000000000,280060537979,280121075451,60537979,60537472,121075451,YES
674,675,57,285000000000,285060496069,285120991757,60496069,60495688,120991757,YES
674,675,58,290000000000,290060466571,290120932884,60466571,60466313,120932884,YES
674,675,59,295000000000,295062337993,295122786750,62337993,60448757,122786750,YES
674,675,60,300000000000,300061861754,300122304135,61861754,60442381,122304135,YES
674,675,61,305000000000,305060446421,305120892908,60446421,60446487,120892908,YES
674,675,62,310000000000,310060460209,310120920572,60460209,60460363,120920572,YES
674,675,63,315000000000,315060483061,315120966356,60483061,60483295,120966356,YES
674,675,64,320000000000,320060514266,320121028833,60514266,60514567,121028833,YES
674,675,65,325000000000,325088595024,325179548727,88595024,90953703,179548727,YES
674,675,66,330000000000,330089120559,330177784243,89120559,88663684,177784243,YES
674,675,67,335000000000,335089991505,335178734624,89991505,88743119,178734624,YES
674,675,68,340000000000,340088832255,340180767601,88832255,91935346,180767601,YES
674,675,69,345000000000,345091666006,345183384340,91666006,91718334,183384340,YES
674,675,70,350000000000,350090158236,350182297549,90158236,92139313,182297549,YES
674,675,71,355000000000,355089159728,355178320811,89159728,89161083,178320811,YES
674,675,72,360000000000,360089286977,360178575502,89286977,89288525,178575502,YES
674,675,73,365000000000,365089456187,365179709345,89456187,90253158,179709345,YES
674,675,74,370000000000,370095200819,370192003936,95200819,96803117,192003936,YES
674,675,75,375000000000,375094872804,375193392099,94872804,98519295,193392099,YES
674,675,76,380000000000,380086516287,380173030491,86516287,86514204,173030491,YES
674,675,77,385000000000,385059298378,385118593487,59298378,59295109,118593487,YES
674,675,78,390000000000,390059235901,390118449083,59235901,59213182,118449083,YES
674,675,79,395000000000,395065335934,395130668117,65335934,65332183,130668117,YES
674,675,80,400000000000,400065063295,400130122897,65063295,65059602,130122897,YES
674,675,81,405000000000,405069872606,405134662564,69872606,64789958,134662564,YES
674,675,82,410000000000,410068779512,410133303695,68779512,64524183,133303695,YES
674,675,83,415000000000,415064265957,415128528474,64265957,64262517,128528474,YES
674,675,84,420000000000,420064008397,420128013433,64008397,64005036,128013433,YES
674,675,85,425000000000,425066723904,425130476195,66723904,63752291,130476195,YES
674,675,86,430000000000,430063508347,430127013566,63508347,63505219,127013566,YES
674,675,87,435000000000,435063266948,435126530883,63266948,63263935,126530883,YES
674,675,88,440000000000,440063032080,440126061289,63032080,63029209,126061289,YES
674,675,89,445000000000,445062804362,445125605996,62804362,62801634,125605996,YES
674,675,90,450000000000,450062584444,450125166308,62584444,62581864,125166308,YES
674,675,91,455000000000,455062872204,455125242744,62872204,62370540,125242744,YES
674,675,92,460000000000,460062170682,460124339070,62170682,62168388,124339070,YES
674,675,93,465000000000,465063506977,465125482937,63506977,61975960,125482937,YES
674,675,94,470000000000,470061795984,470123590038,61795984,61794054,123590038,YES
674,675,95,475000000000,475061624836,475123247914,61624836,61623078,123247914,YES
674,675,96,480000000000,480061465214,480124854037,61465214,63388823,124854037,YES
674,675,97,485000000000,485061317587,485122787146,61317587,61469559,122787146,YES
674,675,98,490000000000,490061182329,490122363431,61182329,61181102,122363431,YES
674,675,99,495000000000,495061059736,495122118420,61059736,61058684,122118420,YES
674,675,100,500000000000,500070235144,500131184079,70235144,60948935,131184079,YES
674,675,101,505000000000,505067026653,505127879075,67026653,60852422,127879075,YES
674,675,102,510000000000,510060769500,510121538420,60769500,60768920,121538420,YES
674,675,103,515000000000,515060698630,515121396818,60698630,60698188,121396818,YES
674,675,104,520000000000,520060640464,520121280614,60640464,60640150,121280614,YES
674,675,105,525000000000,525060594718,525121189247,60594718,60594529,121189247,YES
674,675,106,530000000000,530060561024,530121121961,60561024,60560937,121121961,YES
674,675,107,535000000000,535060538929,535121077871,60538929,60538942,121077871,YES
674,675,108,540000000000,540060527912,540123053239,60527912,62525327,123053239,YES
674,675,109,545000000000,545060527394,545121054982,60527394,60527588,121054982,YES
674,675,110,550000000000,550090293166,550181389117,90293166,91095951,181389117,YES
674,675,111,555000000000,555088647893,555177295803,88647893,88647910,177295803,YES
674,675,112,560000000000,560088697624,560177395493,88697624,88697869,177395493,YES
674,675,113,565000000000,565088759990,565177520455,88759990,88760465,177520455,YES
674,675,114,570000000000,570088834526,570177669754,88834526,88835228,177669754,YES
674,675,115,575000000000,575109993336,575198915389,109993336,88922053,198915389,YES
674,675,116,580000000000,580104235943,580195240695,104235943,91004752,195240695,YES
674,675,117,585000000000,585102343956,585191471794,102343956,89127838,191471794,YES
674,675,118,590000000000,590100462101,590189708296,100462101,89246195,189708296,YES
674,675,119,595000000000,595089372134,595178746037,89372134,89373903,178746037,YES
674,675,120,600000000000,600089509020,600179020004,89509020,89510984,179020004,YES
674,675,121,605000000000,605098063378,605187720302,98063378,89656924,187720302,YES
674,675,122,610000000000,610094641593,610185988131,94641593,91346538,185988131,YES
674,675,123,615000000000,615090003112,615181776329,90003112,91773217,181776329,YES
674,675,124,620000000000,620047840105,620101936684,47840105,54096579,101936684,YES
674,675,125,625000000000,625047897702,625095795125,47897702,47897423,95795125,YES
674,675,126,630000000000,630047961816,630096390608,47961816,48428792,96390608,YES
674,675,127,635000000000,635048032451,635096064759,48032451,48032308,96064759,YES
674,675,128,640000000000,640064652550,640129301365,64652550,64648815,129301365,YES
674,675,129,645000000000,645064381571,645128759459,64381571,64377888,128759459,YES
674,675,130,650000000000,650064113972,650128224317,64113972,64110345,128224317,YES
674,675,131,655000000000,655063850089,655127696641,63850089,63846552,127696641,YES
674,675,132,660000000000,660063590372,660127177288,63590372,63586916,127177288,YES
674,675,133,665000000000,665063335277,665126667181,63335277,63331904,126667181,YES
674,675,134,670000000000,670063085308,670126167347,63085308,63082039,126167347,YES
674,675,135,675000000000,675062841016,675125678876,62841016,62837860,125678876,YES
674,675,136,680000000000,680062603018,680125202991,62603018,62599973,125202991,YES
674,675,137,685000000000,685062371912,685124740887,62371912,62368975,124740887,YES
674,675,138,690000000000,690062148390,690124293967,62148390,62145577,124293967,YES
674,675,139,695000000000,695061933162,695123863676,61933162,61930514,123863676,YES
674,675,140,700000000000,700061726951,700123451389,61726951,61724438,123451389,YES
674,675,141,705000000000,705061530508,705123058650,61530508,61528142,123058650,YES
674,675,142,710000000000,710061344547,710123406111,61344547,62061564,123406111,YES
674,675,143,715000000000,715064202774,715125370429,64202774,61167655,125370429,YES
674,675,144,720000000000,720061006898,720122011923,61006898,61005025,122011923,YES
674,675,145,725000000000,725060856449,725121711211,60856449,60854762,121711211,YES
674,675,146,730000000000,730060718951,730121436393,60718951,60717442,121436393,YES
674,675,147,735000000000,735060594800,735121188268,60594800,60593468,121188268,YES
674,675,148,740000000000,740060484264,740120967369,60484264,60483105,120967369,YES
674,675,149,745000000000,745060387479,745127291219,60387479,66903740,127291219,YES
674,675,150,750000000000,750060304434,750127771582,60304434,67467148,127771582,YES
674,675,151,755000000000,755060234982,755120469286,60234982,60234304,120469286,YES
674,675,152,760000000000,760060178851,760120357174,60178851,60178323,120357174,YES
674,675,153,765000000000,765060135644,765120270895,60135644,60135251,120270895,YES
674,675,154,770000000000,770060104861,770120209453,60104861,60104592,120209453,YES
674,675,155,775000000000,775060085916,775120171679,60085916,60085763,120171679,YES
674,675,156,780000000000,780060078161,780120156268,60078161,60078107,120156268,YES
674,675,157,785000000000,785060080913,785120161869,60080913,60080956,120161869,YES
674,675,158,790000000000,790088585395,790178562159,88585395,89976764,178562159,YES
674,675,159,795000000000,795093281382,795182514130,93281382,89232748,182514130,YES
674,675,160,800000000000,800088705611,800180477625,88705611,91772014,180477625,YES
674,675,161,805000000000,805088784170,805177569129,88784170,88784959,177569129,YES
674,675,162,810000000000,810088874374,810177749763,88874374,88875389,177749763,YES
674,675,163,815000000000,815088975700,815177952640,88975700,88976940,177952640,YES
674,675,164,820000000000,820089087612,820178176695,89087612,89089083,178176695,YES
674,675,165,825000000000,825041973964,825083949183,41973964,41975219,83949183,YES
674,675,166,830000000000,830042106807,830087934792,42106807,45827985,87934792,YES
674,675,167,835000000000,835042248647,835084498709,42248647,42250062,84498709,YES
674,675,168,840000000000,840042398993,840084799482,42398993,42400489,84799482,YES
674,675,169,845000000000,845042557350,845085116261,42557350,42558911,85116261,YES
674,675,170,850000000000,850042723218,850085448060,42723218,42724842,85448060,YES
674,675,171,855000000000,855042896118,855085793910,42896118,42897792,85793910,YES
674,675,172,860000000000,860078857639,860157076308,78857639,78218669,157076308,YES
674,675,173,865000000000,865078208714,865156414912,78208714,78206198,156414912,YES
674,675,174,870000000000,870081011739,870162757988,81011739,81746249,162757988,YES
674,675,175,875000000000,875078200230,875192680486,78200230,114480256,192680486,YES
674,675,176,880000000000,880064126228,880128248805,64126228,64122577,128248805,YES
674,675,177,885000000000,885063862210,885127720857,63862210,63858647,127720857,YES
674,675,178,890000000000,890063602276,890127201067,63602276,63598791,127201067,YES
674,675,179,895000000000,895063346865,895126690329,63346865,63343464,126690329,YES
674,675,180,900000000000,900063096459,900126189617,63096459,63093158,126189617,YES
674,675,181,905000000000,905062851589,905125699980,62851589,62848391,125699980,YES
674,675,182,910000000000,910062612832,910125222578,62612832,62609746,125222578,YES
674,675,183,915000000000,915062380766,915124758552,62380766,62377786,124758552,YES
674,675,184,920000000000,920062156052,920124309242,62156052,62153190,124309242,YES
674,675,185,925000000000,925061939365,925123876026,61939365,61936661,123876026,YES
674,675,186,930000000000,930062584396,930124313177,62584396,61728781,124313177,YES
674,675,187,935000000000,935061532852,935124010464,61532852,62477612,124010464,YES
674,675,188,940000000000,940061344445,940122686622,61344445,61342177,122686622,YES
674,675,189,945000000000,945061166855,945122331594,61166855,61164739,122331594,YES
674,675,190,950000000000,950061000711,950121999474,61000711,60998763,121999474,YES
674,675,191,955000000000,955060846599,955122375855,60846599,61529256,122375855,YES
674,675,192,960000000000,960060705028,960121526326,60705028,60821298,121526326,YES
674,675,193,965000000000,965060576388,965121151358,60576388,60574970,121151358,YES
674,675,194,970000000000,970060460970,970120920697,60460970,60459727,120920697,YES
674,675,195,975000000000,975060358929,975120716779,60358929,60357850,120716779,YES
674,675,196,980000000000,980060270297,980122617369,60270297,62347072,122617369,YES
674,675,197,985000000000,985060194969,985120389175,60194969,60194206,120389175,YES
674,675,198,990000000000,990060132718,990120264828,60132718,60132110,120264828,YES
674,675,199,995000000000,995060083209,995120165948,60083209,60082739,120165948,YES
674,675,200,1000000000000,1000060046003,1000120091652,60046003,60045649,120091652,YES
674,675,201,1005000000000,1005060020569,1005120040909,60020569,60020340,120040909,YES
674,675,202,1010000000000,1010060006324,1010120012529,60006324,60006205,120012529,YES
674,675,203,1015000000000,1015094732529,1015182870923,94732529,88138394,182870923,YES
674,675,204,1020000000000,1020088155367,1020177944646,88155367,89789279,177944646,YES
674,675,205,1025000000000,1025041084159,1025126737744,41084159,85653585,126737744,YES
674,675,206,1030000000000,1030041038229,1030082076900,41038229,41038671,82076900,YES
674,675,207,1035000000000,1035041075684,1035082151908,41075684,41076224,82151908,YES
674,675,208,1040000000000,1040041125435,1040082251513,41125435,41126078,82251513,YES
674,675,209,1045000000000,1045041187475,1045082375692,41187475,41188217,82375692,YES
674,675,210,1050000000000,1050041261697,1050082524231,41261697,41262534,82524231,YES
674,675,211,1055000000000,1055041347887,1055082696711,41347887,41348824,82696711,YES
674,675,212,1060000000000,1060041445744,1060082892517,41445744,41446773,82892517,YES
674,675,213,1065000000000,1065042012544,1065083597352,42012544,41584808,83597352,YES
674,675,214,1070000000000,1070041674845,1070089686011,41674845,48011166,89686011,YES
674,675,215,1075000000000,1075041805140,1075083897144,41805140,42092004,83897144,YES
674,675,216,1080000000000,1080041945220,1080083891811,41945220,41946591,83891811,YES
674,675,217,1085000000000,1085042094518,1085084190495,42094518,42095977,84190495,YES
674,675,218,1090000000000,1090042252468,1090084506466,42252468,42253998,84506466,YES
674,675,219,1095000000000,1095042418487,1095084838585,42418487,42420098,84838585,YES
674,675,220,1100000000000,1100042592024,1100085185718,42592024,42593694,85185718,YES
674,675,221,1105000000000,1105042772535,1105085546788,42772535,42774253,85546788,YES
674,675,222,1110000000000,1110042959479,1110085920743,42959479,42961264,85920743,YES
674,675,223,1115000000000,1115078164112,1115156325822,78164112,78161710,156325822,YES
674,675,224,1120000000000,1120078167091,1120156331858,78167091,78164767,156331858,YES
674,675,225,1125000000000,1125078175541,1125156348841,78175541,78173300,156348841,YES
674,675,226,1130000000000,1130078254152,1130156439056,78254152,78184904,156439056,YES
674,675,227,1135000000000,1135065255630,1135128992475,65255630,63736845,128992475,YES
674,675,228,1140000000000,1140064239062,1140127720399,64239062,63481337,127720399,YES
674,675,229,1145000000000,1145063233969,1145126464594,63233969,63230625,126464594,YES
674,675,230,1150000000000,1150062988374,1150125973502,62988374,62985128,125973502,YES
674,675,231,1155000000000,1155062776233,1155126090583,62776233,63314350,126090583,YES
674,675,232,1160000000000,1160062515097,1160125424554,62515097,62909457,125424554,YES
674,675,233,1165000000000,1165062288544,1165124574152,62288544,62285608,124574152,YES
674,675,234,1170000000000,1170062069538,1170124136272,62069538,62066734,124136272,YES
674,675,235,1175000000000,1175061858716,1175123714775,61858716,61856059,123714775,YES
674,675,236,1180000000000,1180063216968,1180124871110,63216968,61654142,124871110,YES
674,675,237,1185000000000,1185062752577,1185124214387,62752577,61461810,124214387,YES
674,675,238,1190000000000,1190061281881,1190122561529,61281881,61279648,122561529,YES
674,675,239,1195000000000,1195061110261,1195125067137,61110261,63956876,125067137,YES
