625,626,0,0,71226164,142452213,71226164,71226049,142452213,YES
625,626,1,5000000000,5071094555,5142189131,71094555,71094576,142189131,YES
625,626,2,10000000000,10070968799,10141937733,70968799,70968934,141937733,YES
625,626,3,15000000000,15070848660,15141697566,70848660,70848906,141697566,YES
625,626,4,20000000000,20070733985,20141468319,70733985,70734334,141468319,YES
625,626,5,25000000000,25070624635,25141249702,70624635,70625067,141249702,YES
625,626,6,30000000000,30070520519,30141041560,70520519,70521041,141041560,YES
625,626,7,35000000000,35070421584,35140843764,70421584,70422180,140843764,YES
625,626,8,40000000000,40070327818,40140656280,70327818,70328462,140656280,YES
625,626,9,45000000000,45070239257,45140479223,70239257,70239966,140479223,YES
625,626,10,50000000000,50070155973,50140312712,70155973,70156739,140312712,YES
625,626,11,55000000000,55070078084,55140156985,70078084,70078901,140156985,YES
625,626,12,60000000000,60070005734,60140012334,70005734,70006600,140012334,YES
625,626,13,65000000000,65063596565,65127193114,63596565,63596549,127193114,YES
625,626,14,70000000000,70063551869,70127103835,63551869,63551966,127103835,YES
625,626,15,75000000000,75063517047,75127034301,63517047,63517254,127034301,YES
625,626,16,80000000000,80063492396,80126985108,63492396,63492712,126985108,YES
625,626,17,85000000000,85063478175,85126956774,63478175,63478599,126956774,YES
625,626,18,90000000000,90067516197,90135029071,67516197,67512874,135029071,YES
625,626,19,95000000000,95067340281,95134677274,67340281,67336993,134677274,YES
625,626,20,100000000000,100073679430,100147401080,73679430,73721650,147401080,YES
625,626,21,105000000000,105073566023,105147129551,73566023,73563528,147129551,YES
625,626,22,110000000000,110073462080,110152416836,73462080,78954756,152416836,YES
625,626,23,115000000000,115073368026,115146733714,73368026,73365688,146733714,YES
625,626,24,120000000000,120073284231,120146566216,73284231,73281985,146566216,YES
625,626,25,125000000000,125073211028,125149478662,73211028,76267634,149478662,YES
625,626,26,130000000000,130073148685,130156092374,73148685,82943689,156092374,YES
625,626,27,135000000000,135073097422,135146192934,73097422,73095512,146192934,YES
625,626,28,140000000000,140073057399,140146113015,73057399,73055616,146113015,YES
625,626,29,145000000000,145076152020,145149179106,76152020,73027086,149179106,YES
625,626,30,150000000000,150073011549,150146021605,73011549,73010056,146021605,YES
625,626,31,155000000000,155073005879,155146010426,73005879,73004547,146010426,YES
625,626,32,160000000000,160073011782,160146022401,73011782,73010619,146022401,YES
625,626,33,165000000000,165073029280,165146057574,73029280,73028294,146057574,YES
625,626,34,170000000000,170075308001,170151009396,75308001,75701395,151009396,YES
625,626,35,175000000000,175073099063,175146197538,73099063,73098475,146197538,YES
625,626,36,180000000000,180073151283,180146302189,73151283,73150906,146302189,YES
625,626,37,185000000000,185073214946,185149829209,73214946,76614263,149829209,YES
625,626,38,190000000000,190073289904,190146579868,73289904,73289964,146579868,YES
625,626,39,195000000000,195073375960,195148229137,73375960,74853177,148229137,YES
625,626,40,200000000000,200080743542,200154217032,80743542,73473490,154217032,YES
625,626,41,205000000000,205073580212,205147161152,73580212,73580940,147161152,YES
625,626,42,210000000000,210073697677,210147396297,73697677,73698620,147396297,YES
625,626,43,215000000000,215074933037,215148751413,74933037,73818376,148751413,YES
625,626,44,220000000000,220073928249,220147857427,73928249,73929178,147857427,YES
625,626,45,225000000000,225074047510,225148096164,74047510,74048654,148096164,YES
625,626,46,230000000000,230075722228,230149898443,75722228,74176215,149898443,YES
625,626,47,235000000000,235077560906,235151872263,77560906,74311357,151872263,YES
625,626,48,240000000000,240074451761,240148905139,74451761,74453378,148905139,YES
625,626,49,245000000000,245071464949,245142930091,71464949,71465142,142930091,YES
625,626,50,250000000000,250071343713,250142687728,71343713,71344015,142687728,YES
625,626,51,255000000000,255071227347,255142455088,71227347,71227741,142455088,YES
625,626,52,260000000000,260071115665,260142231804,71115665,71116139,142231804,YES
625,626,53,265000000000,265071008533,265142017621,71008533,71009088,142017621,YES
625,626,54,270000000000,270070905843,270141812329,70905843,70906486,141812329,YES
625,626,55,275000000000,275070807556,275141615783,70807556,70808227,141615783,YES
625,626,56,280000000000,280070713616,280141427962,70713616,70714346,141427962,YES
625,626,57,285000000000,285070624062,285141248911,70624062,70624849,141248911,YES
625,626,58,290000000000,290070538951,290141078736,70538951,70539785,141078736,YES
625,626,59,295000000000,295070458376,295142510319,70458376,72051943,142510319,YES
625,626,60,300000000000,300070382460,300140765816,70382460,70383356,140765816,YES
625,626,61,305000000000,305070311361,305140623651,70311361,70312290,140623651,YES
625,626,62,310000000000,310063141288,310125078994,63141288,61937706,125078994,YES
625,626,63,315000000000,315068020711,315129829780,68020711,61809069,129829780,YES
625,626,64,320000000000,320065899726,320335228641,65899726,269328915,335228641,YES
625,626,65,325000000000,325061577076,325162927202,61577076,101350126,162927202,YES
625,626,66,330000000000,330061472534,330122943369,61472534,61470835,122943369,YES
625,626,67,335000000000,335061964322,335123339618,61964322,61375296,123339618,YES
625,626,68,340000000000,340074304183,340148608376,74304183,74304193,148608376,YES
625,626,69,345000000000,345074325340,345148650781,74325340,74325441,148650781,YES
625,626,70,350000000000,350074355221,350148710637,74355221,74355416,148710637,YES
625,626,71,355000000000,355074394323,355148788936,74394323,74394613,148788936,YES
625,626,72,360000000000,360074443098,360148886603,74443098,74443505,148886603,YES
625,626,73,365000000000,365105394096,365179954576,105394096,74560480,179954576,YES
625,626,74,370000000000,370074571233,370149143122,74571233,74571889,149143122,YES
625,626,75,375000000000,375075564223,375148862137,75564223,73297914,148862137,YES
625,626,76,380000000000,380073241844,380146481699,73241844,73239855,146481699,YES
625,626,77,385000000000,385073194436,385146387000,73194436,73192564,146387000,YES
625,626,78,390000000000,390073157983,390146314225,73157983,73156242,146314225,YES
625,626,79,395000000000,395073132638,395146263676,73132638,73131038,146263676,YES
625,626,80,400000000000,400073118508,400146235577,73118508,73117069,146235577,YES
625,626,81,405000000000,405073115712,405146230145,73115712,73114433,146230145,YES
625,626,82,410000000000,410073124322,410146247542,73124322,73123220,146247542,YES
625,626,83,415000000000,415073144395,415146287877,73144395,73143482,146287877,YES
625,626,84,420000000000,420075438473,420148652119,75438473,73213646,148652119,YES
625,626,85,425000000000,425073219054,425146437596,73219054,73218542,146437596,YES
625,626,86,430000000000,430073273615,430162960611,73273615,89686996,162960611,YES
625,626,87,435000000000,435073339570,435149005581,73339570,75666011,149005581,YES
625,626,88,440000000000,440073416777,440146833698,73416777,73416921,146833698,YES
625,626,89,445000000000,445073503206,445147006397,73503206,73503191,147006397,YES
625,626,90,450000000000,450073611820,450147223847,73611820,73612027,147223847,YES
625,626,91,455000000000,455073697261,455147394946,73697261,73697685,147394946,YES
625,626,92,460000000000,460073792725,460147586087,73792725,73793362,147586087,YES
625,626,93,465000000000,465073897759,465147796362,73897759,73898603,147796362,YES
625,626,94,470000000000,470080833673,470154846747,80833673,74013074,154846747,YES
625,626,95,475000000000,475078874758,475153010635,78874758,74135877,153010635,YES
625,626,96,480000000000,480076854329,480151121014,76854329,74266685,151121014,YES
625,626,97,485000000000,485070940668,485141881318,70940668,70940650,141881318,YES
625,626,98,490000000000,490070784041,490141568189,70784041,70784148,141568189,YES
625,626,99,495000000000,495070666850,495141333916,70666850,70667066,141333916,YES
625,626,100,500000000000,500070555297,500141110902,70555297,70555605,141110902,YES
625,626,101,505000000000,505070449218,505140898842,70449218,70449624,140898842,YES
625,626,102,510000000000,510070348482,510140697457,70348482,70348975,140697457,YES
625,626,103,515000000000,515070252997,515140506547,70252997,70253550,140506547,YES
625,626,104,520000000000,520070162715,520140326048,70162715,70163333,140326048,YES
625,626,105,525000000000,525070077612,525140155906,70077612,70078294,140155906,YES
625,626,106,530000000000,530069997704,530139996162,69997704,69998458,139996162,YES
625,626,107,535000000000,535069923045,535139846875,69923045,69923830,139846875,YES
625,626,108,540000000000,540069853709,540139708245,69853709,69854536,139708245,YES
625,626,109,545000000000,545069789785,545139580441,69789785,69790656,139580441,YES
625,626,110,550000000000,550069731388,550139463682,69731388,69732294,139463682,YES
625,626,111,555000000000,555061523279,555123044508,61523279,61521229,123044508,YES
625,626,112,560000000000,560064850231,560126673490,64850231,61823259,126673490,YES
625,626,113,565000000000,565074771299,565149542161,74771299,74770862,149542161,YES
625,626,114,570000000000,570074772469,570149544564,74772469,74772095,149544564,YES
625,626,115,575000000000,575074780645,575152927880,74780645,78147235,152927880,YES
625,626,116,580000000000,580074796287,580149592334,74796287,74796047,149592334,YES
625,626,117,585000000000,585074819834,585149639511,74819834,74819677,149639511,YES
625,626,118,590000000000,590074851718,590149703348,74851718,74851630,149703348,YES
625,626,119,595000000000,595074892335,595149784676,74892335,74892341,149784676,YES
625,626,120,600000000000,600074942038,600150821326,74942038,75879288,150821326,YES
625,626,121,605000000000,605075001142,605150470653,75001142,75469511,150470653,YES
625,626,122,610000000000,610075069919,610150140183,75069919,75070264,150140183,YES
625,626,123,615000000000,615076597699,615149983883,76597699,73386184,149983883,YES
625,626,124,620000000000,620073348385,620146695021,73348385,73346636,146695021,YES
625,626,125,625000000000,625073319368,625146637122,73319368,73317754,146637122,YES
625,626,126,630000000000,630073301183,630146600897,73301183,73299714,146600897,YES
625,626,127,635000000000,635073293959,635146586616,73293959,73292657,146586616,YES
625,626,128,640000000000,640073297825,640146594518,73297825,73296693,146594518,YES
625,626,129,645000000000,645077060192,645150548923,77060192,73488731,150548923,YES
625,626,130,650000000000,650075141314,650148479725,75141314,73338411,148479725,YES
625,626,131,655000000000,655073376741,655150099801,73376741,76723060,150099801,YES
625,626,132,660000000000,660073425609,660146850860,73425609,73425251,146850860,YES
625,626,133,665000000000,665073519318,665149225535,73519318,75706217,149225535,YES
625,626,134,670000000000,670073590563,670147181197,73590563,73590634,147181197,YES
625,626,135,675000000000,675075609276,675149282383,75609276,73673107,149282383,YES
625,626,136,680000000000,680073743394,680147486885,73743394,73743491,147486885,YES
625,626,137,685000000000,685073821165,685147642644,73821165,73821479,147642644,YES
625,626,138,690000000000,690076107942,690150017548,76107942,73909606,150017548,YES
625,626,139,695000000000,695075448583,695149455914,75448583,74007331,149455914,YES
625,626,140,700000000000,700127526734,700201642172,127526734,74115438,201642172,YES
625,626,141,705000000000,705076653582,705150883548,76653582,74229966,150883548,YES
625,626,142,710000000000,710074352477,710148706265,74352477,74353788,148706265,YES
625,626,143,715000000000,715071875762,715143752842,71875762,71877080,143752842,YES
625,626,144,720000000000,720071920962,720145865700,71920962,73944738,145865700,YES
625,626,145,725000000000,725072326382,725144303543,72326382,71977161,144303543,YES
625,626,146,730000000000,730072746693,730147888440,72746693,75141747,147888440,YES
625,626,147,735000000000,735071175213,735142350709,71175213,71175496,142350709,YES
625,626,148,740000000000,740071031584,740142063538,71031584,71031954,142063538,YES
625,626,149,745000000000,745070926283,745141853039,70926283,70926756,141853039,YES
625,626,150,750000000000,750070825597,750203268108,70825597,132442511,203268108,YES
625,626,151,755000000000,755070729439,755141459469,70729439,70730030,141459469,YES
625,626,152,760000000000,760070637762,760141276175,70637762,70638413,141276175,YES
625,626,153,765000000000,765070550543,765141101793,70550543,70551250,141101793,YES
625,626,154,770000000000,770070467801,770140936339,70467801,70468538,140936339,YES
625,626,155,775000000000,775070389560,775140779904,70389560,70390344,140779904,YES
625,626,156,780000000000,780070315898,780140632621,70315898,70316723,140632621,YES
625,626,157,785000000000,785062216122,785124430061,62216122,62213939,124430061,YES
625,626,158,790000000000,790062080929,790124159727,62080929,62078798,124159727,YES
625,626,159,795000000000,795065083471,795127033535,65083471,61950064,127033535,YES
625,626,160,800000000000,800061830378,800123658764,61830378,61828386,123658764,YES
625,626,161,805000000000,805074799539,805149598629,74799539,74799090,149598629,YES
625,626,162,810000000000,810074793967,810149587553,74793967,74793586,149587553,YES
625,626,163,815000000000,815074794983,815149589659,74794983,74794676,149589659,YES
625,626,164,820000000000,820074803069,820151678766,74803069,76875697,151678766,YES
625,626,165,825000000000,825074818707,825149650874,74818707,74832167,149650874,YES
625,626,166,830000000000,830074842372,830153628087,74842372,78785715,153628087,YES
625,626,167,835000000000,835074874534,835149749113,74874534,74874579,149749113,YES
625,626,168,840000000000,840074915636,840149831439,74915636,74915803,149831439,YES
625,626,169,845000000000,845074966106,845149932508,74966106,74966402,149932508,YES
625,626,170,850000000000,850075026328,850150053093,75026328,75026765,150053093,YES
625,626,171,855000000000,855075096642,855150193871,75096642,75097229,150193871,YES
625,626,172,860000000000,860075177327,860150355392,75177327,75178065,150355392,YES
625,626,173,865000000000,865075268614,865150538124,75268614,75269510,150538124,YES
625,626,174,870000000000,870075370648,870150742368,75370648,75371720,150742368,YES
625,626,175,875000000000,875075483515,875150968277,75483515,75484762,150968277,YES
625,626,176,880000000000,880075607200,880151215831,75607200,75608631,151215831,YES
625,626,177,885000000000,885075741627,885151484870,75741627,75743243,151484870,YES
625,626,178,890000000000,890075886615,890151775038,75886615,75888423,151775038,YES
625,626,179,895000000000,895076041916,895152085836,76041916,76043920,152085836,YES
625,626,180,900000000000,900073646017,900147291360,73646017,73645343,147291360,YES
625,626,181,905000000000,905075266738,905148952109,75266738,73685371,148952109,YES
625,626,182,910000000000,910073720505,910148929297,73720505,75208792,148929297,YES
625,626,183,915000000000,915073758082,915147792737,73758082,74034655,147792737,YES
625,626,184,920000000000,920073806415,920150428438,73806415,76622023,150428438,YES
625,626,185,925000000000,925073865345,925153265159,73865345,79399814,153265159,YES
625,626,186,930000000000,930073934652,930151263909,73934652,77329257,151263909,YES
625,626,187,935000000000,935074014050,935148518411,74014050,74504361,148518411,YES
625,626,188,940000000000,940074103201,940148207020,74103201,74103819,148207020,YES
625,626,189,945000000000,945071953110,945146112756,71953110,74159646,146112756,YES
625,626,190,950000000000,950071974928,950145919566,71974928,73944638,145919566,YES
625,626,191,955000000000,955072007640,955374446797,72007640,302439157,374446797,YES
625,626,192,960000000000,960072050908,960197415937,72050908,125365029,197415937,YES
625,626,193,965000000000,965072104365,965144419130,72104365,72314765,144419130,YES
625,626,194,970000000000,970072167611,970144336758,72167611,72169147,144336758,YES
625,626,195,975000000000,975072240246,975144482166,72240246,72241920,144482166,YES
625,626,196,980000000000,980072288252,980144578301,72288252,72290049,144578301,YES
625,626,197,985000000000,985070521178,985141042614,70521178,70521436,141042614,YES
625,626,198,990000000000,990074872111,990145259365,74872111,70387254,145259365,YES
625,626,199,995000000000,995070291750,995140583912,70291750,70292162,140583912,YES
625,626,200,1000000000000,1000070201744,1000140403971,70201744,70202227,140403971,YES
625,626,201,1005000000000,1005070116921,1005140234393,70116921,70117472,140234393,YES
625,626,202,1010000000000,1010070037250,1010140075107,70037250,70037857,140075107,YES
625,626,203,1015000000000,1015069962712,1015139926077,69962712,69963365,139926077,YES
625,626,204,1020000000000,1020069893319,1020139787333,69893319,69894014,139787333,YES
625,626,205,1025000000000,1025062127183,1025124252226,62127183,62125043,124252226,YES
625,626,206,1030000000000,1030075132489,1030150264348,75132489,75131859,150264348,YES
625,626,207,1035000000000,1035075118376,1035150236180,75118376,75117804,150236180,YES
625,626,208,1040000000000,1040075109966,1040150219423,75109966,75109457,150219423,YES
625,626,209,1045000000000,1045075107692,1045151914886,75107692,76807194,151914886,YES
625,626,210,1050000000000,1050075111996,1050176908264,75111996,101796268,176908264,YES
625,626,211,1055000000000,1055075123330,1055150246383,75123330,75123053,150246383,YES
625,626,212,1060000000000,1060075142148,1060150284118,75142148,75141970,150284118,YES
625,626,213,1065000000000,1065075168905,1065150337734,75168905,75168829,150337734,YES
625,626,214,1070000000000,1070075204049,1070150408128,75204049,75204079,150408128,YES
625,626,215,1075000000000,1075075248014,1075150496183,75248014,75248169,150496183,YES
625,626,216,1080000000000,1080075301213,1080150602714,75301213,75301501,150602714,YES
625,626,217,1085000000000,1085075364027,1085150728490,75364027,75364463,150728490,YES
625,626,218,1090000000000,1090075436800,1090150874198,75436800,75437398,150874198,YES
625,626,219,1095000000000,1095075519831,1095151040431,75519831,75520600,151040431,YES
625,626,220,1100000000000,1100075613355,1100151227650,75613355,75614295,151227650,YES
625,626,221,1105000000000,1105075717540,1105151436204,75717540,75718664,151436204,YES
625,626,222,1110000000000,1110075832480,1110151666277,75832480,75833797,151666277,YES
625,626,223,1115000000000,1115075958178,1115151917870,75958178,75959692,151917870,YES
625,626,224,1120000000000,1120076094561,1120152190838,76094561,76096277,152190838,YES
625,626,225,1125000000000,1125076241439,1125152484798,76241439,76243359,152484798,YES
625,626,226,1130000000000,1130076364964,1130152732043,76364964,76367079,152732043,YES
625,626,227,1135000000000,1135076531988,1135153066289,76531988,76534301,153066289,YES
625,626,228,1140000000000,1140076708500,1140153419502,76708500,76711002,153419502,YES
625,626,229,1145000000000,1145076894027,1145153790732,76894027,76896705,153790732,YES
625,626,230,1150000000000,1150077088064,1150154178984,77088064,77090920,154178984,YES
625,626,231,1155000000000,1155071864863,1155143729541,71864863,71864678,143729541,YES
625,626,232,1160000000000,1160071835168,1160147076863,71835168,75241695,147076863,YES
625,626,233,1165000000000,1165071817065,1165144311163,71817065,72494098,144311163,YES
625,626,234,1170000000000,1170071810540,1170143621480,71810540,71810940,143621480,YES
625,626,235,1175000000000,1175071815496,1175143631579,71815496,71816083,143631579,YES
625,626,236,1180000000000,1180071831772,1180143664314,71831772,71832542,143664314,YES
625,626,237,1185000000000,1185071859151,1185145918966,71859151,74059815,145918966,YES
625,626,238,1190000000000,1190071897358,1190143795821,71897358,71898463,143795821,YES
625,626,239,1195000000000,1195073978464,1195145925820,73978464,71947356,145925820,YES
626,627,0,0,66637946,133272326,66637946,66634380,133272326,YES
626,627,1,5000000000,5066418643,5132833797,66418643,66415154,132833797,YES
626,627,2,10000000000,10066208615,10132413793,66208615,66205178,132413793,YES
626,627,3,15000000000,15066008000,15132012623,66008000,66004623,132012623,YES
626,627,4,20000000000,20065816873,20131630458,65816873,65813585,131630458,YES
626,627,5,25000000000,25065635283,25131267345,65635283,65632062,131267345,YES
626,627,6,30000000000,30065463195,30130923247,65463195,65460052,130923247,YES
626,627,7,35000000000,35065300570,35130598080,65300570,65297510,130598080,YES
626,627,8,40000000000,40065147339,40130291721,65147339,65144382,130291721,YES
626,627,9,45000000000,45065003412,45130003977,65003412,65000565,130003977,YES
626,627,10,50000000000,50064868752,50129734749,64868752,64865997,129734749,YES
626,627,11,55000000000,55064743302,55129483962,64743302,64740660,129483962,YES
626,627,12,60000000000,60064627036,60129251565,64627036,64624529,129251565,YES
626,627,13,65000000000,65064519948,65129037516,64519948,64517568,129037516,YES
626,627,14,70000000000,70064422047,70128841867,64422047,64419820,128841867,YES
626,627,15,75000000000,75064333398,75128664716,64333398,64331318,128664716,YES
626,627,16,80000000000,80059316272,80118631770,59316272,59315498,118631770,YES
626,627,17,85000000000,85059293935,85118587248,59293935,59293313,118587248,YES
626,627,18,90000000000,90059283911,90118567359,59283911,59283448,118567359,YES
626,627,19,95000000000,95059286336,95118572373,59286336,59286037,118572373,YES
626,627,20,100000000000,100063990103,100127980591,63990103,63990488,127980591,YES
626,627,21,105000000000,105064146082,105128292730,64146082,64146648,128292730,YES
626,627,22,110000000000,110064280397,110128561542,64280397,64281145,128561542,YES
626,627,23,115000000000,115064426656,115128854248,64426656,64427592,128854248,YES
626,627,24,120000000000,120064584791,120129170709,64584791,64585918,129170709,YES
626,627,25,125000000000,125068816548,125132037782,68816548,63221234,132037782,YES
626,627,26,130000000000,130069076449,130132291309,69076449,63214860,132291309,YES
626,627,27,135000000000,135063220638,135126441817,63220638,63221179,126441817,YES
626,627,28,140000000000,140063239389,140129345563,63239389,66106174,129345563,YES
626,627,29,145000000000,145063270585,145131741152,63270585,68470567,131741152,YES
626,627,30,150000000000,150069772790,150139548040,69772790,69775250,139548040,YES
626,627,31,155000000000,155069875729,155139754085,69875729,69878356,139754085,YES
626,627,32,160000000000,160069987828,160139978440,69987828,69990612,139978440,YES
626,627,33,165000000000,165070108974,165140220868,70108974,70111894,140220868,YES
626,627,34,170000000000,170070239067,170140481190,70239067,70242123,140481190,YES
626,627,35,175000000000,175070378011,175140759215,70378011,70381204,140759215,YES
626,627,36,180000000000,180070525779,180141054873,70525779,70529094,141054873,YES
626,627,37,185000000000,185077309637,185147995604,77309637,70685967,147995604,YES
626,627,38,190000000000,190070847663,190141698850,70847663,70851187,141698850,YES
626,627,39,195000000000,195071021771,195142047151,71021771,71025380,142047151,YES
626,627,40,200000000000,200071204667,200142413034,71204667,71208367,142413034,YES
626,627,41,205000000000,205071396378,205142796556,71396378,71400178,142796556,YES
626,627,42,210000000000,210071596902,210143197675,71596902,71600773,143197675,YES
626,627,43,215000000000,215071806230,215143616397,71806230,71810167,143616397,YES
626,627,44,220000000000,220067352821,220133726457,67352821,66373636,133726457,YES
626,627,45,225000000000,225067472816,225133878277,67472816,66405461,133878277,YES
626,627,46,230000000000,-1,-1,-1,-1,-1,LOST
626,627,47,235000000000,235066525974,235183171581,66525974,116645607,183171581,YES
626,627,48,240000000000,240066583734,240141762332,66583734,75178598,141762332,YES
626,627,49,245000000000,245066623226,245137653471,66623226,71030245,137653471,YES
626,627,50,250000000000,250068714556,250135110891,68714556,66396335,135110891,YES
626,627,51,255000000000,255066580167,255132762606,66580167,66182439,132762606,YES
626,627,52,260000000000,260153583791,260219615875,153583791,66032084,219615875,YES
626,627,53,265000000000,265117802730,265193593738,117802730,75791008,193593738,YES
626,627,54,270000000000,270167929314,270233523662,167929314,65594348,233523662,YES
626,627,55,275000000000,275065425711,275130848307,65425711,65422596,130848307,YES
626,627,56,280000000000,280065259853,280130516689,65259853,65256836,130516689,YES
626,627,57,285000000000,285065103573,285130204214,65103573,65100641,130204214,YES
626,627,58,290000000000,290064956756,290232414514,64956756,167457758,232414514,YES
626,627,59,295000000000,295067626792,295176441715,67626792,108814923,176441715,YES
626,627,60,300000000000,300064691183,300138744862,64691183,74053679,138744862,YES
626,627,61,305000000000,305064572237,305129141965,64572237,64569728,129141965,YES
626,627,62,310000000000,310064462432,310128922476,64462432,64460044,128922476,YES
626,627,63,315000000000,315064361708,315128721170,64361708,64359462,128721170,YES
626,627,64,320000000000,320064270067,320128538023,64270067,64267956,128538023,YES
626,627,65,325000000000,325059806445,325119612071,59806445,59805626,119612071,YES
626,627,66,330000000000,330059795589,330119590499,59795589,59794910,119590499,YES
626,627,67,335000000000,335059830051,335122581229,59830051,62751178,122581229,YES
626,627,68,340000000000,340064138347,340168964629,64138347,104826282,168964629,YES
626,627,69,345000000000,345064261115,345137889033,64261115,73627918,137889033,YES
626,627,70,350000000000,350064394917,350135525277,64394917,71130360,135525277,YES
626,627,71,355000000000,355064539781,355129080261,64539781,64540480,129080261,YES
626,627,72,360000000000,360064695679,360131903362,64695679,67207683,131903362,YES
626,627,73,365000000000,365064885650,365159835583,64885650,94949933,159835583,YES
626,627,74,370000000000,370065040173,370133849424,65040173,68809251,133849424,YES
626,627,75,375000000000,375069583516,375139168625,69583516,69585109,139168625,YES
626,627,76,380000000000,380069653372,380139308530,69653372,69655158,139308530,YES
626,627,77,385000000000,385069733030,385139468044,69733030,69735014,139468044,YES
626,627,78,390000000000,390069822574,390139647315,69822574,69824741,139647315,YES
626,627,79,395000000000,395069922021,395139846377,69922021,69924356,139846377,YES
626,627,80,400000000000,400070031357,400140065200,70031357,70033843,140065200,YES
626,627,81,405000000000,405070150554,405140303759,70150554,70153205,140303759,YES
626,627,82,410000000000,410073314987,410143597451,73314987,70282464,143597451,YES
626,627,83,415000000000,415077337951,415147759473,77337951,70421522,147759473,YES
626,627,84,420000000000,420070566905,420141136895,70566905,70569990,141136895,YES
626,627,85,425000000000,425070725128,425141453476,70725128,70728348,141453476,YES
626,627,86,430000000000,430070892992,430141789319,70892992,70896327,141789319,YES
626,627,87,435000000000,435075745233,435146867277,75745233,71122044,146867277,YES
626,627,88,440000000000,440071257373,440142518282,71257373,71260909,142518282,YES
626,627,89,445000000000,445065717424,445131436657,65717424,65719233,131436657,YES
626,627,90,450000000000,450065728851,450131459588,65728851,65730737,131459588,YES
626,627,91,455000000000,455065749142,455131500244,65749142,65751102,131500244,YES
626,627,92,460000000000,460065778472,460131558969,65778472,65780497,131558969,YES
626,627,93,465000000000,465065850600,465131703291,65850600,65852691,131703291,YES
626,627,94,470000000000,470065898486,470140833730,65898486,74935244,140833730,YES
626,627,95,475000000000,475065955838,475138841281,65955838,72885443,138841281,YES
626,627,96,480000000000,480066022733,480142854542,66022733,76831809,142854542,YES
626,627,97,485000000000,485066150506,485132297663,66150506,66147157,132297663,YES
626,627,98,490000000000,490065945083,490131886904,65945083,65941821,131886904,YES
626,627,99,495000000000,495065749368,495131495541,65749368,65746173,131495541,YES
626,627,100,500000000000,500065563445,500131123760,65563445,65560315,131123760,YES
626,627,101,505000000000,505065387325,505130771610,65387325,65384285,130771610,YES
626,627,102,510000000000,510065220973,510130438985,65220973,65218012,130438985,YES
626,627,103,515000000000,515065064310,515130125742,65064310,65061432,130125742,YES
626,627,104,520000000000,520064917222,520129831658,64917222,64914436,129831658,YES
626,627,105,525000000000,525064779595,525129556513,64779595,64776918,129556513,YES
626,627,106,530000000000,530064651304,530129300034,64651304,64648730,129300034,YES
626,627,107,535000000000,535064532221,535129061976,64532221,64529755,129061976,YES
626,627,108,540000000000,540064422248,540128842144,64422248,64419896,128842144,YES
626,627,109,545000000000,545064321275,545128640327,64321275,64319052,128640327,YES
626,627,110,550000000000,550059892607,550119784275,59892607,59891668,119784275,YES
626,627,111,555000000000,555059868560,555119736307,59868560,59867747,119736307,YES
626,627,112,560000000000,560059889600,560119778521,59889600,59888921,119778521,YES
626,627,113,565000000000,565068209233,565132477044,68209233,64267811,132477044,YES
626,627,114,570000000000,570064339346,570128678905,64339346,64339559,128678905,YES
626,627,115,575000000000,575066824617,575131286145,66824617,64461528,131286145,YES
626,627,116,580000000000,580064593764,580129188043,64593764,64594279,129188043,YES
626,627,117,585000000000,585064737284,585129475241,64737284,64737957,129475241,YES
626,627,118,590000000000,590064891611,590129784060,64891611,64892449,129784060,YES
626,627,119,595000000000,595065056631,595130114279,65056631,65057648,130114279,YES
626,627,120,600000000000,600065232182,600130465556,65232182,65233374,130465556,YES
626,627,121,605000000000,605065418054,605130837469,65418054,65419415,130837469,YES
626,627,122,610000000000,610065647572,610131296686,65647572,65649114,131296686,YES
626,627,123,615000000000,615070146103,615140294105,70146103,70148002,140294105,YES
626,627,124,620000000000,620070233445,620140468958,70233445,70235513,140468958,YES
626,627,125,625000000000,625070330304,625140662846,70330304,70332542,140662846,YES
626,627,126,630000000000,630070436713,630140875821,70436713,70439108,140875821,YES
626,627,127,635000000000,635070552672,635141107892,70552672,70555220,141107892,YES
626,627,128,640000000000,640070678167,640141359047,70678167,70680880,141359047,YES
626,627,129,645000000000,645070813201,645141629261,70813201,70816060,141629261,YES
626,627,130,650000000000,650070957736,650141918462,70957736,70960726,141918462,YES
626,627,131,655000000000,655071111736,655142226577,71111736,71114841,142226577,YES
626,627,132,660000000000,660071275155,660142553526,71275155,71278371,142553526,YES
626,627,133,665000000000,665066980475,665132821403,66980475,65840928,132821403,YES
626,627,134,670000000000,670065827202,670131656345,65827202,65829143,131656345,YES
626,627,135,675000000000,675065857440,675133689416,65857440,67831976,133689416,YES
626,627,136,680000000000,680065866109,680132466208,65866109,66600099,132466208,YES
626,627,137,685000000000,685065879195,685131760253,65879195,65881058,131760253,YES
626,627,138,690000000000,690065931622,690137381276,65931622,71449654,137381276,YES
626,627,139,695000000000,695065932429,695135449457,65932429,69517028,135449457,YES
626,627,140,700000000000,700065972907,700133526831,65972907,67553924,133526831,YES
626,627,141,705000000000,705066056422,705132114961,66056422,66058539,132114961,YES
626,627,142,710000000000,710066115862,710132233897,66115862,66118035,132233897,YES
626,627,143,715000000000,715063578055,715127155948,63578055,63577893,127155948,YES
626,627,144,720000000000,720066675127,720130238246,66675127,63563119,130238246,YES
626,627,145,725000000000,725064686306,725129787093,64686306,65100787,129787093,YES
626,627,146,730000000000,730064949086,730130153598,64949086,65204512,130153598,YES
626,627,147,735000000000,735066047735,735132092283,66047735,66044548,132092283,YES
626,627,148,740000000000,740066719947,740132589579,66719947,65869632,132589579,YES
626,627,149,745000000000,745065706994,745131410938,65706994,65703944,131410938,YES
626,627,150,750000000000,750065550225,750131097478,65550225,65547253,131097478,YES
626,627,151,755000000000,755065402295,755130801694,65402295,65399399,130801694,YES
626,627,152,760000000000,760065263040,760130523264,65263040,65260224,130523264,YES
626,627,153,765000000000,765065132266,765130261818,65132266,65129552,130261818,YES
626,627,154,770000000000,770065009838,770130017059,65009838,65007221,130017059,YES
626,627,155,775000000000,775064895605,775129788683,64895605,64893078,129788683,YES
626,627,156,780000000000,780060155627,780120309985,60155627,60154358,120309985,YES
626,627,157,785000000000,785060093681,785122309571,60093681,62215890,122309571,YES
626,627,158,790000000000,790060042511,790126036882,60042511,65994371,126036882,YES
626,627,159,795000000000,795060002368,795125365088,60002368,65362720,125365088,YES
626,627,160,800000000000,800060007047,800120013265,60007047,60006218,120013265,YES
626,627,161,805000000000,805065589454,805129945145,65589454,64355691,129945145,YES
626,627,162,810000000000,810064452149,810128904358,64452149,64452209,128904358,YES
626,627,163,815000000000,815068156674,815132716245,68156674,64559571,132716245,YES
626,627,164,820000000000,820064677199,820129354731,64677199,64677532,129354731,YES
626,627,165,825000000000,825065878351,825130684707,65878351,64806356,130684707,YES
626,627,166,830000000000,830064945205,830129891031,64945205,64945826,129891031,YES
626,627,167,835000000000,835065095158,835130191101,65095158,65095943,130191101,YES
626,627,168,840000000000,840065255577,840130512092,65255577,65256515,130512092,YES
626,627,169,845000000000,845065426282,845130853662,65426282,65427380,130853662,YES
626,627,170,850000000000,850065607057,850131215373,65607057,65608316,131215373,YES
626,627,171,855000000000,855065797651,855131596712,65797651,65799061,131596712,YES
626,627,172,860000000000,860065997753,860131997076,65997753,65999323,131997076,YES
626,627,173,865000000000,865070693608,865141389162,70693608,70695554,141389162,YES
626,627,174,870000000000,870070785489,870141573080,70785489,70787591,141573080,YES
626,627,175,875000000000,875070886455,875141775189,70886455,70888734,141775189,YES
626,627,176,880000000000,880070996582,880141995593,70996582,70999011,141995593,YES
626,627,177,885000000000,885071115886,885142234329,71115886,71118443,142234329,YES
626,627,178,890000000000,890071244374,890142491436,71244374,71247062,142491436,YES
626,627,179,895000000000,895071382044,895142766920,71382044,71384876,142766920,YES
626,627,180,900000000000,900071528880,900143060727,71528880,71531847,143060727,YES
626,627,181,905000000000,905066037301,905136097073,66037301,70059772,136097073,YES
626,627,182,910000000000,910065987949,910131977304,65987949,65989355,131977304,YES
626,627,183,915000000000,915067979254,915133950490,67979254,65971236,133950490,YES
626,627,184,920000000000,920068246922,920134208377,68246922,65961455,134208377,YES
626,627,185,925000000000,925065958499,925131918667,65958499,65960168,131918667,YES
626,627,186,930000000000,930068959792,930134927315,68959792,65967523,134927315,YES
626,627,187,935000000000,935067033545,935133017213,67033545,65983668,133017213,YES
626,627,188,940000000000,940066006918,940132015726,66006918,66008808,132015726,YES
626,627,189,945000000000,945065781939,945129575442,65781939,63793503,129575442,YES
626,627,190,950000000000,950063751626,950127732561,63751626,63980935,127732561,YES
626,627,191,955000000000,955064372170,955128093530,64372170,63721360,128093530,YES
626,627,192,960000000000,960063736737,960127473605,63736737,63736868,127473605,YES
626,627,193,965000000000,965064428393,965128159350,64428393,63730957,128159350,YES
626,627,194,970000000000,970063736915,970127474191,63736915,63737276,127474191,YES
626,627,195,975000000000,975063755288,975127511049,63755288,63755761,127511049,YES
626,627,196,980000000000,980063752079,980127504739,63752079,63752660,127504739,YES
626,627,197,985000000000,985065298226,985130593599,65298226,65295373,130593599,YES
626,627,198,990000000000,990065137321,990130271875,65137321,65134554,130271875,YES
626,627,199,995000000000,995064986103,995129969532,64986103,64983429,129969532,YES
626,627,200,1000000000000,1000064844447,1000129686312,64844447,64841865,129686312,YES
626,627,201,1005000000000,1005064712224,1005129421954,64712224,64709730,129421954,YES
626,627,202,1010000000000,1010064589247,1010129176094,64589247,64586847,129176094,YES
626,627,203,1015000000000,1015072669271,1015137108113,72669271,64438842,137108113,YES
626,627,204,1020000000000,1020060164396,1020120327766,60164396,60163370,120327766,YES
626,627,205,1025000000000,1025061519649,1025121675050,61519649,60155401,121675050,YES
626,627,206,1030000000000,1030064537815,1030132541865,64537815,68004050,132541865,YES
626,627,207,1035000000000,1035064623026,1035129246034,64623026,64623008,129246034,YES
626,627,208,1040000000000,1040064718892,1040129437890,64718892,64718998,129437890,YES
626,627,209,1045000000000,1045064825464,1045129651156,64825464,64825692,129651156,YES
626,627,210,1050000000000,1050064942735,1050129885821,64942735,64943086,129885821,YES
626,627,211,1055000000000,1055065070655,1055130141804,65070655,65071149,130141804,YES
626,627,212,1060000000000,1060065209130,1060130418893,65209130,65209763,130418893,YES
626,627,213,1065000000000,1065065358023,1065130716820,65358023,65358797,130716820,YES
626,627,214,1070000000000,1070065517170,1070131035252,65517170,65518082,131035252,YES
626,627,215,1075000000000,1075065686347,1075131373752,65686347,65687405,131373752,YES
626,627,216,1080000000000,1080065865320,1080131731845,65865320,65866525,131731845,YES
626,627,217,1085000000000,1085066053811,1085132108987,66053811,66055176,132108987,YES
626,627,218,1090000000000,1090066251529,1090132504582,66251529,66253053,132504582,YES
626,627,219,1095000000000,1095066458157,1095132917988,66458157,66459831,132917988,YES
626,627,220,1100000000000,1100067478545,1100134153750,67478545,66675205,134153750,YES
626,627,221,1105000000000,1105071371868,1105153771154,71371868,82399286,153771154,YES
626,627,222,1110000000000,1110071563771,1110150156717,71563771,78592946,150156717,YES
626,627,223,1115000000000,1115071595925,1115143194310,71595925,71598385,143194310,YES
626,627,224,1120000000000,1120071721149,1120145956462,71721149,74235313,145956462,YES
626,627,225,1125000000000,1125066298866,1125132598994,66298866,66300128,132598994,YES
626,627,226,1130000000000,1130067735508,1130133985484,67735508,66249976,133985484,YES
626,627,227,1135000000000,1135104990480,1135173530202,104990480,68539722,173530202,YES
626,627,228,1140000000000,1140069205836,1140136553649,69205836,67347813,136553649,YES
626,627,229,1145000000000,1145066156186,1145132313751,66156186,66157565,132313751,YES
626,627,230,1150000000000,1150066141516,1150132284508,66141516,66142992,132284508,YES
626,627,231,1155000000000,1155063905354,1155127809951,63905354,63904597,127809951,YES
626,627,232,1160000000000,1160063815381,1160127630124,63815381,63814743,127630124,YES
626,627,233,1165000000000,1165063876804,1165127612101,63876804,63735297,127612101,YES
626,627,234,1170000000000,1170063667097,1170127333800,63667097,63666703,127333800,YES
626,627,235,1175000000000,1175063609634,1175127218996,63609634,63609362,127218996,YES
626,627,236,1180000000000,1180063563791,1180127127436,63563791,63563645,127127436,YES
626,627,237,1185000000000,1185064875323,1185128405174,64875323,63529851,128405174,YES
626,627,238,1190000000000,1190064650772,1190128159002,64650772,63508230,128159002,YES
626,627,239,1195000000000,1195063532303,1195127064834,63532303,63532531,127064834,YES
627,628,0,0,61220631,122439311,61220631,61218680,122439311,YES
627,628,1,5000000000,5061127140,5122252513,61127140,61125373,122252513,YES
627,628,2,10000000000,10061046585,10122091583,61046585,61044998,122091583,YES
627,628,3,15000000000,15060978732,15121956050,60978732,60977318,121956050,YES
627,628,4,20000000000,20060923262,20121845274,60923262,60922012,121845274,YES
627,628,5,25000000000,25060879748,25121758412,60879748,60878664,121758412,YES
627,628,6,30000000000,30060847691,30121694466,60847691,60846775,121694466,YES
627,628,7,35000000000,35060826539,35122305198,60826539,61478659,122305198,YES
627,628,8,40000000000,40060815694,40121630766,60815694,60815072,121630766,YES
627,628,9,45000000000,45060814538,45121628587,60814538,60814049,121628587,YES
627,628,10,50000000000,50060822439,50121644511,60822439,60822072,121644511,YES
627,628,11,55000000000,55060838775,55121677315,60838775,60838540,121677315,YES
627,628,12,60000000000,60060862974,60121725822,60862974,60862848,121725822,YES
627,628,13,65000000000,65060894449,65121788870,60894449,60894421,121788870,YES
627,628,14,70000000000,70060932657,70121865379,60932657,60932722,121865379,YES
627,628,15,75000000000,75066439439,75132880860,66439439,66441421,132880860,YES
627,628,16,80000000000,80068652346,80137307098,68652346,68654752,137307098,YES
627,628,17,85000000000,85068786534,85137575634,68786534,68789100,137575634,YES
627,628,18,90000000000,90068930809,90137864341,68930809,68933532,137864341,YES
627,628,19,95000000000,95069085060,95138173002,69085060,69087942,138173002,YES
627,628,20,100000000000,100069249133,100138501294,69249133,69252161,138501294,YES
627,628,21,105000000000,105069456424,105138916022,69456424,69459598,138916022,YES
627,628,22,110000000000,110069639502,110139282328,69639502,69642826,139282328,YES
627,628,23,115000000000,115070121494,115139956672,70121494,69835178,139956672,YES
627,628,24,120000000000,120072388667,120142425083,72388667,70036416,142425083,YES
627,628,25,125000000000,125062375181,125124748126,62375181,62372945,124748126,YES
627,628,26,130000000000,130062173008,130124343892,62173008,62170884,124343892,YES
627,628,27,135000000000,135071841118,135133816727,71841118,61975609,133816727,YES
627,628,28,140000000000,140061790335,140123578824,61790335,61788489,123578824,YES
627,628,29,145000000000,145061610378,145123219043,61610378,61608665,123219043,YES
627,628,30,150000000000,150059022111,150118096568,59022111,59074457,118096568,YES
627,628,31,155000000000,155059022063,155118526430,59022063,59504367,118526430,YES
627,628,32,160000000000,160058700483,160117399405,58700483,58698922,117399405,YES
627,628,33,165000000000,165058566579,165117265433,58566579,58698854,117265433,YES
627,628,34,170000000000,170058440147,170116878919,58440147,58438772,116878919,YES
627,628,35,175000000000,175058321780,175116642288,58321780,58320508,116642288,YES
627,628,36,180000000000,180058212091,180116423020,58212091,58210929,116423020,YES
627,628,37,185000000000,185058111706,185116222381,58111706,58110675,116222381,YES
627,628,38,190000000000,190058021270,190116041633,58021270,58020363,116041633,YES
627,628,39,195000000000,195057941410,195115882054,57941410,57940644,115882054,YES
627,628,40,200000000000,200057872748,200115744871,57872748,57872123,115744871,YES
627,628,41,205000000000,205057815858,205115631237,57815858,57815379,115631237,YES
627,628,42,210000000000,210057771262,210115542198,57771262,57770936,115542198,YES
627,628,43,215000000000,215057734790,215115469153,57734790,57734363,115469153,YES
627,628,44,220000000000,220061559679,220123116461,61559679,61556782,123116461,YES
627,628,45,225000000000,225065159464,225126549495,65159464,61390031,126549495,YES
627,628,46,230000000000,-1,-1,-1,-1,-1,LOST
627,628,47,235000000000,235102225538,235163353116,102225538,61127578,163353116,YES
627,628,48,240000000000,240065464702,240126465550,65464702,61000848,126465550,YES
627,628,49,245000000000,245060888809,245121775553,60888809,60886744,121775553,YES
627,628,50,250000000000,250060787986,250121574083,60787986,60786097,121574083,YES
627,628,51,255000000000,255060700677,255121399644,60700677,60698967,121399644,YES
627,628,52,260000000000,260060626701,260222483087,60626701,161856386,222483087,YES
627,628,53,265000000000,265074432375,265186702125,74432375,112269750,186702125,YES
627,628,54,270000000000,270060517416,270223062352,60517416,162544936,223062352,YES
627,628,55,275000000000,275060481204,275120961388,60481204,60480184,120961388,YES
627,628,56,280000000000,280060456535,280122897896,60456535,62441361,122897896,YES
627,628,57,285000000000,285060442779,285120884864,60442779,60442085,120884864,YES
627,628,58,290000000000,290065208036,290125646793,65208036,60438757,125646793,YES
627,628,59,295000000000,295095309182,295155754271,95309182,60445089,155754271,YES
627,628,60,300000000000,300096297720,300156882845,96297720,60585125,156882845,YES
627,628,61,305000000000,305060483856,305120967528,60483856,60483672,120967528,YES
627,628,62,310000000000,310060514895,310121029712,60514895,60514817,121029712,YES
627,628,63,315000000000,315060553019,315121106055,60553019,60553036,121106055,YES
627,628,64,320000000000,320063932916,320127867644,63932916,63934728,127867644,YES
627,628,65,325000000000,325068520571,325137043924,68520571,68523353,137043924,YES
627,628,66,330000000000,330068666408,330137335751,68666408,68669343,137335751,YES
627,628,67,335000000000,335074868833,335143728233,74868833,68859400,143728233,YES
627,628,68,340000000000,340079016104,340148041994,79016104,69025890,148041994,YES
627,628,69,345000000000,345077777888,345146979974,77777888,69202086,146979974,YES
627,628,70,350000000000,350079956659,350149865772,79956659,69909113,149865772,YES
627,628,71,355000000000,355069638624,355139250227,69638624,69611603,139250227,YES
627,628,72,360000000000,360069783235,360140060025,69783235,70276790,140060025,YES
627,628,73,365000000000,365069996008,365139995930,69996008,69999922,139995930,YES
627,628,74,370000000000,370062979777,370128286503,62979777,65306726,128286503,YES
627,628,75,375000000000,375059190644,375118379483,59190644,59188839,118379483,YES
627,628,76,380000000000,380061088905,380120121104,61088905,59032199,120121104,YES
627,628,77,385000000000,385058883061,385117764477,58883061,58881416,117764477,YES
627,628,78,390000000000,390060956546,390119693243,60956546,58736697,119693243,YES
627,628,79,395000000000,395058916534,395117515348,58916534,58598814,117515348,YES
627,628,80,400000000000,400058666277,400121819753,58666277,63153476,121819753,YES
627,628,81,405000000000,405058312959,405119554564,58312959,61241605,119554564,YES
627,628,82,410000000000,410058198462,410116549676,58198462,58351214,116549676,YES
627,628,83,415000000000,415058093052,415116185053,58093052,58092001,116185053,YES
627,628,84,420000000000,420057997380,420115993841,57997380,57996461,115993841,YES
627,628,85,425000000000,425057912095,425116246458,57912095,58334363,116246458,YES
627,628,86,430000000000,430057837842,430115675025,57837842,57837183,115675025,YES
627,628,87,435000000000,435057775232,435115549944,57775232,57774712,115549944,YES
627,628,88,440000000000,440059051170,440116775607,59051170,57724437,116775607,YES
627,628,89,445000000000,445061482430,445122961784,61482430,61479354,122961784,YES
627,628,90,450000000000,450061297897,450122592852,61297897,61294955,122592852,YES
627,628,91,455000000000,455061125651,455122248506,61125651,61122855,122248506,YES
627,628,92,460000000000,460060966233,460121929835,60966233,60963602,121929835,YES
627,628,93,465000000000,465060853690,465121704909,60853690,60851219,121704909,YES
627,628,94,470000000000,470060721183,470122669540,60721183,61948357,122669540,YES
627,628,95,475000000000,475060602533,475122279903,60602533,61677370,122279903,YES
627,628,96,480000000000,480060497845,480125201379,60497845,64703534,125201379,YES
627,628,97,485000000000,485060407073,485123110829,60407073,62703756,123110829,YES
627,628,98,490000000000,490060330053,490121034017,60330053,60703964,121034017,YES
627,628,99,495000000000,495060266483,495120531551,60266483,60265068,120531551,YES
627,628,100,500000000000,500060215952,500120430665,60215952,60214713,120430665,YES
627,628,101,505000000000,505060177940,505120354819,60177940,60176879,120354819,YES
627,628,102,510000000000,510060151876,510120302852,60151876,60150976,120302852,YES
627,628,103,515000000000,515060137108,515120273472,60137108,60136364,120273472,YES
627,628,104,520000000000,520060132955,520120265313,60132955,60132358,120265313,YES
627,628,105,525000000000,525060138724,525120276984,60138724,60138260,120276984,YES
627,628,106,530000000000,530060153724,530120307114,60153724,60153390,120307114,YES
627,628,107,535000000000,535060177281,535120885456,60177281,60708175,120885456,YES
627,628,108,540000000000,540060208742,540120417374,60208742,60208632,120417374,YES
627,628,109,545000000000,545060247495,545120494978,60247495,60247483,120494978,YES
627,628,110,550000000000,550068260484,550136523508,68260484,68263024,136523508,YES
627,628,111,555000000000,555068390685,555136784083,68390685,68393398,136784083,YES
627,628,112,560000000000,560068565466,560137133805,68565466,68568339,137133805,YES
627,628,113,565000000000,565068717516,565141698468,68717516,72980952,141698468,YES
627,628,114,570000000000,570068880285,570137763758,68880285,68883473,137763758,YES
627,628,115,575000000000,575069053558,575138110452,69053558,69056894,138110452,YES
627,628,116,580000000000,580069237077,580138477635,69237077,69240558,138477635,YES
627,628,117,585000000000,585069430551,585138864724,69430551,69434173,138864724,YES
627,628,118,590000000000,590069633629,590139271013,69633629,69637384,139271013,YES
627,628,119,595000000000,595069845969,595139695813,69845969,69849844,139695813,YES
627,628,120,600000000000,600070067167,600140138340,70067167,70071173,140138340,YES
627,628,121,605000000000,605070296833,605140597784,70296833,70300951,140597784,YES
627,628,122,610000000000,610070568155,610141140540,70568155,70572385,141140540,YES
627,628,123,615000000000,615076902345,615152030466,76902345,75128121,152030466,YES
627,628,124,620000000000,620059472232,620118942892,59472232,59470660,118942892,YES
627,628,125,625000000000,625059290017,625118578561,59290017,59288544,118578561,YES
627,628,126,630000000000,630059147580,630119260626,59147580,60113046,119260626,YES
627,628,127,635000000000,635059011821,635118022358,59011821,59010537,118022358,YES
627,628,128,640000000000,640058883264,640117765363,58883264,58882099,117765363,YES
627,628,129,645000000000,645058762463,645117523873,58762463,58761410,117523873,YES
627,628,130,650000000000,650058649998,650117299067,58649998,58649069,117299067,YES
627,628,131,655000000000,655058546467,655117092128,58546467,58545661,117092128,YES
627,628,132,660000000000,660058452482,660116904286,58452482,58451804,116904286,YES
627,628,133,665000000000,665062287252,665124571095,62287252,62283843,124571095,YES
627,628,134,670000000000,670062022668,670124042042,62022668,62019374,124042042,YES
627,628,135,675000000000,675061801443,675123599724,61801443,61798281,123599724,YES
627,628,136,680000000000,680062671209,680124258912,62671209,61587703,124258912,YES
627,628,137,685000000000,685063114649,685124503134,63114649,61388485,124503134,YES
627,628,138,690000000000,690061204177,690122405632,61204177,61201455,122405632,YES
627,628,139,695000000000,695061029724,695122056882,61029724,61027158,122056882,YES
627,628,140,700000000000,700060868688,700121734987,60868688,60866299,121734987,YES
627,628,141,705000000000,705060755203,705121508183,60755203,60752980,121508183,YES
627,628,142,710000000000,710060622458,710121242867,60622458,60620409,121242867,YES
627,628,143,715000000000,715060504311,715121006754,60504311,60502443,121006754,YES
627,628,144,720000000000,720060400845,720120800005,60400845,60399160,120800005,YES
627,628,145,725000000000,725060311989,725128063674,60311989,67751685,128063674,YES
627,628,146,730000000000,730060237511,730129274894,60237511,69037383,129274894,YES
627,628,147,735000000000,735060177017,735120352880,60177017,60175863,120352880,YES
627,628,148,740000000000,740060130011,740120308536,60130011,60178525,120308536,YES
627,628,149,745000000000,745060095873,745120190916,60095873,60095043,120190916,YES
627,628,150,750000000000,750060073917,750120147165,60073917,60073248,120147165,YES
627,628,151,755000000000,755060063437,755120126344,60063437,60062907,120126344,YES
627,628,152,760000000000,760060063665,760120126919,60063665,60063254,120126919,YES
627,628,153,765000000000,765060073845,765120147403,60073845,60073558,120147403,YES
627,628,154,770000000000,770060093247,770120186319,60093247,60093072,120186319,YES
627,628,155,775000000000,775060121158,775120242247,60121158,60121089,120242247,YES
627,628,156,780000000000,780057731154,780113938725,57731154,56207571,113938725,YES
627,628,157,785000000000,785056274996,785112549893,56274996,56274897,112549893,YES
627,628,158,790000000000,790068009342,790136020922,68009342,68011580,136020922,YES
627,628,159,795000000000,795068118411,795136239233,68118411,68120822,136239233,YES
627,628,160,800000000000,800068272665,800136547917,68272665,68275252,136547917,YES
627,628,161,805000000000,805068404937,805137590432,68404937,69185495,137590432,YES
627,628,162,810000000000,810068548791,810137100504,68548791,68551713,137100504,YES
627,628,163,815000000000,815068704114,815137411312,68704114,68707198,137411312,YES
627,628,164,820000000000,820068870726,820137744693,68870726,68873967,137744693,YES
627,628,165,825000000000,825069048389,825138100172,69048389,69051783,138100172,YES
627,628,166,830000000000,830069236801,830138477146,69236801,69240345,138477146,YES
627,628,167,835000000000,835069435620,835138874932,69435620,69439312,138874932,YES
627,628,168,840000000000,840069644463,840139292740,69644463,69648277,139292740,YES
627,628,169,845000000000,845069862894,845139729739,69862894,69866845,139729739,YES
627,628,170,850000000000,850070090484,850140185045,70090484,70094561,140185045,YES
627,628,171,855000000000,855070326773,855140657731,70326773,70330958,140657731,YES
627,628,172,860000000000,860062651269,860125304264,62651269,62652995,125304264,YES
627,628,173,865000000000,865058997059,865117917777,58997059,58920718,117917777,YES
627,628,174,870000000000,870058779786,870117558138,58779786,58778352,117558138,YES
627,628,175,875000000000,875058643968,875117286589,58643968,58642621,117286589,YES
627,628,176,880000000000,880058515324,880117029392,58515324,58514068,117029392,YES
627,628,177,885000000000,885058394422,885116787686,58394422,58393264,116787686,YES
627,628,178,890000000000,890058281864,890116562682,58281864,58280818,116562682,YES
627,628,179,895000000000,895059726799,895117904099,59726799,58177300,117904099,YES
627,628,180,900000000000,900059300151,900117506281,59300151,58206130,117506281,YES
627,628,181,905000000000,905061880961,905123758401,61880961,61877440,123758401,YES
627,628,182,910000000000,910061617580,910131814371,61617580,70196791,131814371,YES
627,628,183,915000000000,915061397618,915131785751,61397618,70388133,131785751,YES
627,628,184,920000000000,920061188226,920122373264,61188226,61185038,122373264,YES
627,628,185,925000000000,925060990132,925130619747,60990132,69629615,130619747,YES
627,628,186,930000000000,930060804053,930131129734,60804053,70325681,131129734,YES
627,628,187,935000000000,935060630601,935121258421,60630601,60627820,121258421,YES
627,628,188,940000000000,940060470355,940120938085,60470355,60467730,120938085,YES
627,628,189,945000000000,945060323768,945120645068,60323768,60321300,120645068,YES
627,628,190,950000000000,950060191184,950120380061,60191184,60188877,120380061,YES
627,628,191,955000000000,955060072807,955120143477,60072807,60070670,120143477,YES
627,628,192,960000000000,960060002311,960120002657,60002311,60000346,120002657,YES
627,628,193,965000000000,965059912417,965119823045,59912417,59910628,119823045,YES
627,628,194,970000000000,970059836528,970119671440,59836528,59834912,119671440,YES
627,628,195,975000000000,975059774301,975119547166,59774301,59772865,119547166,YES
627,628,196,980000000000,980059725293,980119449317,59725293,59724024,119449317,YES
627,628,197,985000000000,985059688957,985119376813,59688957,59687856,119376813,YES
627,628,198,990000000000,990059664692,990119328442,59664692,59663750,119328442,YES
627,628,199,995000000000,995059651829,995119302867,59651829,59651038,119302867,YES
627,628,200,1000000000000,1000059649674,1000119298702,59649674,59649028,119298702,YES
627,628,201,1005000000000,1005059657525,1005119314540,59657525,59657015,119314540,YES
627,628,202,1010000000000,1010059674679,1010119348975,59674679,59674296,119348975,YES
627,628,203,1015000000000,1015067855319,1015135712613,67855319,67857294,135712613,YES
627,628,204,1020000000000,1020067945440,1020135893031,67945440,67947591,135893031,YES
627,628,205,1025000000000,1025068081070,1025136164459,68081070,68083389,136164459,YES
627,628,206,1030000000000,1030071823219,1030140021006,71823219,68197787,140021006,YES
627,628,207,1035000000000,1035068321509,1035136645701,68321509,68324192,136645701,YES
627,628,208,1040000000000,1040068460043,1040136922942,68460043,68462899,136922942,YES
627,628,209,1045000000000,1045068610720,1045137224462,68610720,68613742,137224462,YES
627,628,210,1050000000000,1050068773390,1050137549972,68773390,68776582,137549972,YES
627,628,211,1055000000000,1055068947827,1055137899003,68947827,68951176,137899003,YES
627,628,212,1060000000000,1060069133722,1060138270949,69133722,69137227,138270949,YES
627,628,213,1065000000000,1065069330719,1065138665097,69330719,69334378,138665097,YES
627,628,214,1070000000000,1070069538403,1070139080595,69538403,69542192,139080595,YES
627,628,215,1075000000000,1075069756305,1075139516529,69756305,69760224,139516529,YES
627,628,216,1080000000000,1080069983937,1080139971929,69983937,69987992,139971929,YES
627,628,217,1085000000000,1085070220799,1085140445776,70220799,70224977,140445776,YES
627,628,218,1090000000000,1090070466357,1090140937015,70466357,70470658,140937015,YES
627,628,219,1095000000000,1095070720109,1095141444604,70720109,70724495,141444604,YES
627,628,220,1100000000000,1100062580761,1100125163440,62580761,62582679,125163440,YES
627,628,221,1105000000000,1105058798146,1105118886023,58798146,60087877,118886023,YES
627,628,222,1110000000000,1110062874399,1110124809464,62874399,61935065,124809464,YES
627,628,223,1115000000000,1115064566492,1115123178395,64566492,58611903,123178395,YES
627,628,224,1120000000000,1120058436483,1120116871936,58436483,58435453,116871936,YES
627,628,225,1125000000000,1125062302281,1125124600865,62302281,62298584,124600865,YES
627,628,226,1130000000000,1130062019369,1130124035102,62019369,62015733,124035102,YES
627,628,227,1135000000000,1135095918968,1135157826357,95918968,61907389,157826357,YES
627,628,228,1140000000000,1140077719327,1140139395268,77719327,61675941,139395268,YES
627,628,229,1145000000000,1145061322784,1145122642243,61322784,61319459,122642243,YES
627,628,230,1150000000000,1150061110135,1150122217068,61110135,61106933,122217068,YES
627,628,231,1155000000000,1155060908478,1155123180112,60908478,62271634,123180112,YES
627,628,232,1160000000000,1160060718503,1160122506031,60718503,61787528,122506031,YES
627,628,233,1165000000000,1165060540859,1165128141520,60540859,67600661,128141520,YES
627,628,234,1170000000000,1170060376119,1170125885137,60376119,65509018,125885137,YES
627,628,235,1175000000000,1175060224765,1175120447009,60224765,60222244,120447009,YES
627,628,236,1180000000000,1180071607028,1180131691538,71607028,60084510,131691538,YES
627,628,237,1185000000000,1185105924046,1185165922753,105924046,59998707,165922753,YES
627,628,238,1190000000000,1190059854117,1190119706200,59854117,59852083,119706200,YES
627,628,239,1195000000000,1195059792350,1195125553136,59792350,65760786,125553136,YES
628,629,0,0,75748483,151498837,75748483,75750354,151498837,YES
628,629,1,5000000000,5075841408,5151684851,75841408,75843443,151684851,YES
628,629,2,10000000000,10075944881,10151891969,75944881,75947088,151891969,YES
628,629,3,15000000000,15076059073,15152120507,76059073,76061434,152120507,YES
628,629,4,20000000000,20076184144,20152370793,76184144,76186649,152370793,YES
628,629,5,25000000000,25076320174,25152643001,76320174,76322827,152643001,YES
628,629,6,30000000000,30076467207,30152937202,76467207,76469995,152937202,YES
628,629,7,35000000000,35076625211,35153253341,76625211,76628130,153253341,YES
628,629,8,40000000000,40076794105,40153591250,76794105,76797145,153591250,YES
628,629,9,45000000000,45076973720,45153950602,76973720,76976882,153950602,YES
628,629,10,50000000000,50077163814,50154330895,77163814,77167081,154330895,YES
628,629,11,55000000000,55077364060,55154731489,77364060,77367429,154731489,YES
628,629,12,60000000000,60077574080,60155151634,77574080,77577554,155151634,YES
628,629,13,65000000000,65077793415,65156630380,77793415,78836965,156630380,YES
628,629,14,70000000000,70078021567,70156046775,78021567,78025208,156046775,YES
628,629,15,75000000000,75070592404,75141187005,70592404,70594601,141187005,YES
628,629,16,80000000000,80075328278,80148269657,75328278,72941379,148269657,YES
628,629,17,85000000000,85072944414,85145888841,72944414,72944427,145888841,YES
628,629,18,90000000000,90073004893,90146009934,73004893,73005041,146009934,YES
628,629,19,95000000000,95073074513,95146149301,73074513,73074788,146149301,YES
628,629,20,100000000000,100073152882,100146306162,73152882,73153280,146306162,YES
628,629,21,105000000000,105073235801,105146472038,73235801,73236237,146472038,YES
628,629,22,110000000000,110073355156,110146710868,73355156,73355712,146710868,YES
628,629,23,115000000000,115073448477,115146897630,73448477,73449153,146897630,YES
628,629,24,120000000000,120073548990,120147098770,73548990,73549780,147098770,YES
628,629,25,125000000000,125074180816,125148360378,74180816,74179562,148360378,YES
628,629,26,130000000000,130067972035,130135941764,67972035,67969729,135941764,YES
628,629,27,135000000000,135067919980,135135837709,67919980,67917729,135837709,YES
628,629,28,140000000000,140067874505,140135746827,67874505,67872322,135746827,YES
628,629,29,145000000000,145067835621,145135669126,67835621,67833505,135669126,YES
628,629,30,150000000000,150067803323,150135604600,67803323,67801277,135604600,YES
628,629,31,155000000000,155071145207,155142288242,71145207,71143035,142288242,YES
628,629,32,160000000000,160070967085,160141932098,70967085,70965013,141932098,YES
628,629,33,165000000000,165070829293,165141656612,70829293,70827319,141656612,YES
628,629,34,170000000000,170070698732,170141395596,70698732,70696864,141395596,YES
628,629,35,175000000000,175070575897,175141150033,70575897,70574136,141150033,YES
628,629,36,180000000000,180070461321,180140921002,70461321,70459681,140921002,YES
628,629,37,185000000000,185070355546,185140709579,70355546,70354033,140709579,YES
628,629,38,190000000000,190070259116,190140516859,70259116,70257743,140516859,YES
628,629,39,195000000000,195070172572,195140343917,70172572,70171345,140343917,YES
628,629,40,200000000000,200070096436,200140191801,70096436,70095365,140191801,YES
628,629,41,205000000000,205072060828,205142091095,72060828,70030267,142091095,YES
628,629,42,210000000000,210069977310,210139953883,69977310,69976573,139953883,YES
628,629,43,215000000000,215075205739,215150412130,75205739,75206391,150412130,YES
628,629,44,220000000000,220075244087,220150489011,75244087,75244924,150489011,YES
628,629,45,225000000000,225075292481,225150586003,75292481,75293522,150586003,YES
628,629,46,230000000000,230075351399,230150704024,75351399,75352625,150704024,YES
628,629,47,235000000000,235075421225,235150843869,75421225,75422644,150843869,YES
628,629,48,240000000000,240075502320,240151006250,75502320,75503930,151006250,YES
628,629,49,245000000000,245075594968,245151191739,75594968,75596771,151191739,YES
628,629,50,250000000000,250076101331,250151802724,76101331,75701393,151802724,YES
628,629,51,255000000000,255075815789,255151633739,75815789,75817950,151633739,YES
628,629,52,260000000000,260075944194,260151890715,75944194,75946521,151890715,YES
628,629,53,265000000000,265076084623,265152171738,76084623,76087115,152171738,YES
628,629,54,270000000000,270076236993,270152476647,76236993,76239654,152476647,YES
628,629,55,275000000000,275076401129,275152805064,76401129,76403935,152805064,YES
628,629,56,280000000000,280076576770,280153156480,76576770,76579710,153156480,YES
628,629,57,285000000000,285076763561,285153530205,76763561,76766644,153530205,YES
628,629,58,290000000000,290076961083,290153925367,76961083,76964284,153925367,YES
628,629,59,295000000000,295077168845,295154953781,77168845,77784936,154953781,YES
628,629,60,300000000000,300077386304,300155416892,77386304,78030588,155416892,YES
628,629,61,305000000000,305077612888,305155229311,77612888,77616423,155229311,YES
628,629,62,310000000000,310077847981,310155699580,77847981,77851599,155699580,YES
628,629,63,315000000000,315078090983,315156185693,78090983,78094710,156185693,YES
628,629,64,320000000000,320073168537,320146336731,73168537,73168194,146336731,YES
628,629,65,325000000000,325073218606,325146437005,73218606,73218399,146437005,YES
628,629,66,330000000000,330073277908,330146555743,73277908,73277835,146555743,YES
628,629,67,335000000000,335073344262,335146688504,73344262,73344242,146688504,YES
628,629,68,340000000000,340073446297,340146892710,73446297,73446413,146892710,YES
628,629,69,345000000000,345073522965,345147615412,73522965,74092447,147615412,YES
628,629,70,350000000000,350078667157,350157333447,78667157,78666290,157333447,YES
628,629,71,355000000000,355078592921,355158006865,78592921,79413944,158006865,YES
628,629,72,360000000000,360078527655,360157054724,78527655,78527069,157054724,YES
628,629,73,365000000000,365078471105,365156941747,78471105,78470642,156941747,YES
628,629,74,370000000000,370067650576,370135298884,67650576,67648308,135298884,YES
628,629,75,375000000000,375067609849,375135217492,67609849,67607643,135217492,YES
628,629,76,380000000000,380067575746,380148844630,67575746,81268884,148844630,YES
628,629,77,385000000000,385067548255,385135094445,67548255,67546190,135094445,YES
628,629,78,390000000000,390067527386,390135052787,67527386,67525401,135052787,YES
628,629,79,395000000000,395067513170,395136915965,67513170,69402795,136915965,YES
628,629,80,400000000000,400070756491,400142664334,70756491,71907843,142664334,YES
628,629,81,405000000000,405070630262,405141258655,70630262,70628393,141258655,YES
628,629,82,410000000000,410075555806,410146065956,75555806,70510150,146065956,YES
628,629,83,415000000000,415070402294,415140802965,70402294,70400671,140802965,YES
628,629,84,420000000000,420070301653,420140601818,70301653,70300165,140601818,YES
628,629,85,425000000000,425070210647,425140419953,70210647,70209306,140419953,YES
628,629,86,430000000000,430070129826,430140258467,70129826,70128641,140258467,YES
628,629,87,435000000000,435070059714,435140118408,70059714,70058694,140118408,YES
628,629,88,440000000000,440070000803,440140000768,70000803,69999965,140000768,YES
628,629,89,445000000000,445069953536,445139906416,69953536,69952880,139906416,YES
628,629,90,450000000000,450069918286,450139836100,69918286,69917814,139836100,YES
628,629,91,455000000000,455069895344,455139790410,69895344,69895066,139790410,YES
628,629,92,460000000000,460075683253,460151367676,75683253,75684423,151367676,YES
628,629,93,465000000000,465075736858,465159170941,75736858,83434083,159170941,YES
628,629,94,470000000000,470075800832,470151603237,75800832,75802405,151603237,YES
628,629,95,475000000000,475075875429,475151752633,75875429,75877204,151752633,YES
628,629,96,480000000000,480077162479,480153125320,77162479,75962841,153125320,YES
628,629,97,485000000000,485076057260,485152116669,76057260,76059409,152116669,YES
628,629,98,490000000000,490076164731,490152331803,76164731,76167072,152331803,YES
628,629,99,495000000000,495076283348,495152569215,76283348,76285867,152569215,YES
628,629,100,500000000000,500076413120,500162413018,76413120,85999898,162413018,YES
628,629,101,505000000000,505076554005,505153110843,76554005,76556838,153110843,YES
628,629,102,510000000000,510076705932,510153414852,76705932,76708920,153414852,YES
628,629,103,515000000000,515076868771,515153740664,76868771,76871893,153740664,YES
628,629,104,520000000000,520077042338,520154087927,77042338,77045589,154087927,YES
628,629,105,525000000000,525077226399,525154456156,77226399,77229757,154456156,YES
628,629,106,530000000000,530078392152,530155816325,78392152,77424173,155816325,YES
628,629,107,535000000000,535077624752,535155253078,77624752,77628326,155253078,YES
628,629,108,540000000000,540077838277,540155680211,77838277,77841934,155680211,YES
628,629,109,545000000000,545078060772,545156125298,78060772,78064526,156125298,YES
628,629,110,550000000000,550072442503,550144884552,72442503,72442049,144884552,YES
628,629,111,555000000000,555072468895,555144937482,72468895,72468587,144937482,YES
628,629,112,560000000000,560072501071,560145001895,72501071,72500824,145001895,YES
628,629,113,565000000000,565072540577,565145081053,72540577,72540476,145081053,YES
628,629,114,570000000000,570072590330,570145180706,72590330,72590376,145180706,YES
628,629,115,575000000000,575072649970,575145300131,72649970,72650161,145300131,YES
628,629,116,580000000000,580078043244,580156085579,78043244,78042335,156085579,YES
628,629,117,585000000000,585077950377,585155899995,77950377,77949618,155899995,YES
628,629,118,590000000000,590077867683,590155734750,77867683,77867067,155734750,YES
628,629,119,595000000000,595077794961,595155589455,77794961,77794494,155589455,YES
628,629,120,600000000000,600077731943,600155463554,77731943,77731611,155463554,YES
628,629,121,605000000000,605077678318,605155356433,77678318,77678115,155356433,YES
628,629,122,610000000000,610077633726,610155267377,77633726,77633651,155267377,YES
628,629,123,615000000000,615077597779,615155195610,77597779,77597831,155195610,YES
628,629,124,620000000000,620067387470,620134772669,67387470,67385199,134772669,YES
628,629,125,625000000000,625067350823,625134699439,67350823,67348616,134699439,YES
628,629,126,630000000000,630067320827,630134639514,67320827,67318687,134639514,YES
628,629,127,635000000000,635067297457,635134592847,67297457,67295390,134592847,YES
628,629,128,640000000000,640067280701,640134559402,67280701,67278701,134559402,YES
628,629,129,645000000000,645067270599,645134539282,67270599,67268683,134539282,YES
628,629,130,650000000000,650067267201,650134532583,67267201,67265382,134532583,YES
628,629,131,655000000000,655070645215,655141288558,70645215,70643343,141288558,YES
628,629,132,660000000000,660070530855,660141059960,70530855,70529105,141059960,YES
628,629,133,665000000000,665070634503,665141057965,70634503,70423462,141057965,YES
628,629,134,670000000000,670070328455,670140655436,70328455,70326981,140655436,YES
628,629,135,675000000000,675075475885,675150951635,75475885,75475750,150951635,YES
628,629,136,680000000000,680075476454,680150952941,75476454,75476487,150952941,YES
628,629,137,685000000000,685075485488,685150971189,75485488,75485701,150971189,YES
628,629,138,690000000000,690075503589,690151007571,75503589,75503982,151007571,YES
628,629,139,695000000000,695075531325,695151063255,75531325,75531930,151063255,YES
628,629,140,700000000000,700075569269,700157483085,75569269,81913816,157483085,YES
628,629,141,705000000000,705075617922,705156876910,75617922,81258988,156876910,YES
628,629,142,710000000000,710075677731,710151356696,75677731,75678965,151356696,YES
628,629,143,715000000000,715075749080,715151499606,75749080,75750526,151499606,YES
628,629,144,720000000000,720075832265,720151666191,75832265,75833926,151666191,YES
628,629,145,725000000000,725075927499,725151856867,75927499,75929368,151856867,YES
628,629,146,730000000000,730076034915,730152071899,76034915,76036984,152071899,YES
628,629,147,735000000000,735076154547,735152311366,76154547,76156819,152311366,YES
628,629,148,740000000000,740077259089,740153547934,77259089,76288845,153547934,YES
628,629,149,745000000000,745076430226,745152863086,76430226,76432860,152863086,YES
628,629,150,750000000000,750079469719,750156058549,79469719,76588830,156058549,YES
628,629,151,755000000000,755076753214,755153509393,76753214,76756179,153509393,YES
628,629,152,760000000000,760076931715,760153866527,76931715,76934812,153866527,YES
628,629,153,765000000000,765077121021,765154245275,77121021,77124254,154245275,YES
628,629,154,770000000000,770077320671,770154644715,77320671,77324044,154644715,YES
628,629,155,775000000000,775077530156,775155063798,77530156,77533642,155063798,YES
628,629,156,780000000000,780077748938,780155501457,77748938,77752519,155501457,YES
628,629,157,785000000000,785077976447,785155956597,77976447,77980150,155956597,YES
628,629,158,790000000000,790072810513,790145620193,72810513,72809680,145620193,YES
628,629,159,795000000000,795078364895,795156727821,78364895,78362926,156727821,YES
628,629,160,800000000000,800078217744,800156433673,78217744,78215929,156433673,YES
628,629,161,805000000000,805078047974,805156094295,78047974,78046321,156094295,YES
628,629,162,810000000000,810077922931,810155844380,77922931,77921449,155844380,YES
628,629,163,815000000000,815077809075,815155616824,77809075,77807749,155616824,YES
628,629,164,820000000000,820077706367,820155411577,77706367,77705210,155411577,YES
628,629,165,825000000000,825077614694,825155228391,77614694,77613697,155228391,YES
628,629,166,830000000000,830077533856,830155066884,77533856,77533028,155066884,YES
628,629,167,835000000000,835080219127,835157682019,80219127,77462892,157682019,YES
628,629,168,840000000000,840077403565,840154806614,77403565,77403049,154806614,YES
628,629,169,845000000000,845077353377,845154706402,77353377,77353025,154706402,YES
628,629,170,850000000000,850077312624,850154625038,77312624,77312414,154625038,YES
628,629,171,855000000000,855077280843,855154561610,77280843,77280767,154561610,YES
628,629,172,860000000000,860067160098,860134318007,67160098,67157909,134318007,YES
628,629,173,865000000000,865067135755,865134269387,67135755,67133632,134269387,YES
628,629,174,870000000000,870067118025,870134234004,67118025,67115979,134234004,YES
628,629,175,875000000000,875067140507,875134279057,67140507,67138550,134279057,YES
628,629,176,880000000000,880067136042,880134270215,67136042,67134173,134270215,YES
628,629,177,885000000000,885067138296,885134274828,67138296,67136532,134274828,YES
628,629,178,890000000000,890071024617,890212579144,71024617,141554527,212579144,YES
628,629,179,895000000000,895071099433,895142198284,71099433,71098851,142198284,YES
628,629,180,900000000000,900071183004,900142365560,71183004,71182556,142365560,YES
628,629,181,905000000000,905070377362,905147417475,70377362,77040113,147417475,YES
628,629,182,910000000000,910070296123,910145336438,70296123,75040315,145336438,YES
628,629,183,915000000000,915070225362,915140449649,70225362,70224287,140449649,YES
628,629,184,920000000000,920070165590,920140330289,70165590,70164699,140330289,YES
628,629,185,925000000000,925076021281,925152043072,76021281,76021791,152043072,YES
628,629,186,930000000000,930076046981,930152094683,76046981,76047702,152094683,YES
628,629,187,935000000000,935076082492,935152165914,76082492,76083422,152165914,YES
628,629,188,940000000000,940076128218,940152257583,76128218,76129365,152257583,YES
628,629,189,945000000000,945076184506,945152370383,76184506,76185877,152370383,YES
628,629,190,950000000000,950076251633,950152504857,76251633,76253224,152504857,YES
628,629,191,955000000000,955076329790,955152661386,76329790,76331596,152661386,YES
628,629,192,960000000000,960076419087,960152840206,76419087,76421119,152840206,YES
628,629,193,965000000000,965076519604,965153041444,76519604,76521840,153041444,YES
628,629,194,970000000000,970076631306,970153265046,76631306,76633740,153265046,YES
628,629,195,975000000000,975076754139,975153510896,76754139,76756757,153510896,YES
628,629,196,980000000000,980076887988,980153778761,76887988,76890773,153778761,YES
628,629,197,985000000000,985077032694,985154068324,77032694,77035630,154068324,YES
628,629,198,990000000000,990077188057,990154379215,77188057,77191158,154379215,YES
628,629,199,995000000000,995077353864,995154710972,77353864,77357108,154710972,YES
628,629,200,1000000000000,1000077529846,1000155063062,77529846,77533216,155063062,YES
628,629,201,1005000000000,1005077715708,1005155434906,77715708,77719198,155434906,YES
628,629,202,1010000000000,1010077911115,1010155825819,77911115,77914704,155825819,YES
628,629,203,1015000000000,1015072238219,1015144475414,72238219,72237195,144475414,YES
628,629,204,1020000000000,1020078096104,1020156189935,78096104,78093831,156189935,YES
628,629,205,1025000000000,1025077930322,1025155858543,77930322,77928221,155858543,YES
628,629,206,1030000000000,1030077775859,1030155549791,77775859,77773932,155549791,YES
628,629,207,1035000000000,1035077633020,1035155264284,77633020,77631264,155264284,YES
628,629,208,1040000000000,1040077468415,1040154935251,77468415,77466836,154935251,YES
628,629,209,1045000000000,1045077349355,1045154697312,77349355,77347957,154697312,YES
628,629,210,1050000000000,1050077242245,1050154483270,77242245,77241025,154483270,YES
628,629,211,1055000000000,1055077146981,1055154292925,77146981,77145944,154292925,YES
628,629,212,1060000000000,1060077063362,1060154125866,77063362,77062504,154125866,YES
628,629,213,1065000000000,1065076991107,1065153981522,76991107,76990415,153981522,YES
628,629,214,1070000000000,1070076929853,1070153859180,76929853,76929327,153859180,YES
628,629,215,1075000000000,1075076879154,1075153757945,76879154,76878791,153757945,YES
628,629,216,1080000000000,1080076838536,1080153676866,76838536,76838330,153676866,YES
628,629,217,1085000000000,1085076807483,1085153614906,76807483,76807423,153614906,YES
628,629,218,1090000000000,1090076785448,1090153570978,76785448,76785530,153570978,YES
628,629,219,1095000000000,1095076771886,1095153543985,76771886,76772099,153543985,YES
628,629,220,1100000000000,1100067035651,1100134069236,67035651,67033585,134069236,YES
628,629,221,1105000000000,1105067024898,1105134047812,67024898,67022914,134047812,YES
628,629,222,1110000000000,1110067020762,1110134039631,67020762,67018869,134039631,YES
628,629,223,1115000000000,1115067023288,1115134578247,67023288,67554959,134578247,YES
628,629,224,1120000000000,1120071048656,1120142096565,71048656,71047909,142096565,YES
628,629,225,1125000000000,1125071120136,1125142239639,71120136,71119503,142239639,YES
628,629,226,1130000000000,1130071200493,1130142400488,71200493,71199995,142400488,YES
628,629,227,1135000000000,1135071289978,1135142987236,71289978,71697258,142987236,YES
628,629,228,1140000000000,1140071388835,1140142962392,71388835,71573557,142962392,YES
628,629,229,1145000000000,1145071497289,1145142994553,71497289,71497264,142994553,YES
628,629,230,1150000000000,1150071615542,1150147263422,71615542,75647880,147263422,YES
628,629,231,1155000000000,1155076318564,1155152637568,76318564,76319004,152637568,YES
628,629,232,1160000000000,1160076342846,1160152686336,76342846,76343490,152686336,YES
628,629,233,1165000000000,1165076376778,1165152754412,76376778,76377634,152754412,YES
628,629,234,1170000000000,1170076420780,1170152842637,76420780,76421857,152842637,YES
628,629,235,1175000000000,1175076475212,1175152951718,76475212,76476506,152951718,YES
628,629,236,1180000000000,1180076540344,1180153082207,76540344,76541863,153082207,YES
628,629,237,1185000000000,1185076616374,1185154140154,76616374,77523780,154140154,YES
628,629,238,1190000000000,1190076703443,1190153408848,76703443,76705405,153408848,YES
628,629,239,1195000000000,1195078370950,1195155174733,78370950,76803783,155174733,YES
629,630,0,0,89463961,178926026,89463961,89462065,178926026,YES
629,630,1,5000000000,5089331352,5196946125,89331352,107614773,196946125,YES
629,630,2,10000000000,10097283841,10186490190,97283841,89206349,186490190,YES
629,630,3,15000000000,15089094486,15178187761,89094486,89093275,178187761,YES
629,630,4,20000000000,20088991444,20177981950,88991444,88990506,177981950,YES
629,630,5,25000000000,25088899470,25177798276,88899470,88898806,177798276,YES
629,630,6,30000000000,30088819154,30177637923,88819154,88818769,177637923,YES
629,630,7,35000000000,35088751042,35177501983,88751042,88750941,177501983,YES
629,630,8,40000000000,40088695638,40177391460,88695638,88695822,177391460,YES
629,630,9,45000000000,45088653384,45177307245,88653384,88653861,177307245,YES
629,630,10,50000000000,50088624646,50177250060,88624646,88625414,177250060,YES
629,630,11,55000000000,55088609723,55177220499,88609723,88610776,177220499,YES
629,630,12,60000000000,60088608823,60177218979,88608823,88610156,177218979,YES
629,630,13,65000000000,65088622076,65177245755,88622076,88623679,177245755,YES
629,630,14,70000000000,70088649530,70177300926,88649530,88651396,177300926,YES
629,630,15,75000000000,75088691156,75177384425,88691156,88693269,177384425,YES
629,630,16,80000000000,80088746843,80182032307,88746843,93285464,182032307,YES
629,630,17,85000000000,85088816405,85177635379,88816405,88818974,177635379,YES
629,630,18,90000000000,90088899583,90177801946,88899583,88902363,177801946,YES
629,630,19,95000000000,95088996050,95177995074,88996050,88999024,177995074,YES
629,630,20,100000000000,100089105415,100178213984,89105415,89108569,178213984,YES
629,630,21,105000000000,105089194509,105178390805,89194509,89196296,178390805,YES
629,630,22,110000000000,110089284673,110178571287,89284673,89286614,178571287,YES
629,630,23,115000000000,115090094964,115179449708,90094964,89354744,179449708,YES
629,630,24,120000000000,120089431513,120178865241,89431513,89433728,178865241,YES
629,630,25,125000000000,125089520662,125179043664,89520662,89523002,179043664,YES
629,630,26,130000000000,130051488857,130102977388,51488857,51488531,102977388,YES
629,630,27,135000000000,135051493911,135102987584,51493911,51493673,102987584,YES
629,630,28,140000000000,140051507922,140103015689,51507922,51507767,103015689,YES
629,630,29,145000000000,145051530349,145103060623,51530349,51530274,103060623,YES
629,630,30,150000000000,150075620684,150151242653,75620684,75621969,151242653,YES
629,630,31,155000000000,155072165326,155144328576,72165326,72163250,144328576,YES
629,630,32,160000000000,160072114713,160144227453,72114713,72112740,144227453,YES
629,630,33,165000000000,165072073454,165144145051,72073454,72071597,144145051,YES
629,630,34,170000000000,170072041589,170144081436,72041589,72039847,144081436,YES
629,630,35,175000000000,175072019119,175144036620,72019119,72017501,144036620,YES
629,630,36,180000000000,180072006043,180144010597,72006043,72004554,144010597,YES
629,630,37,185000000000,185072002351,185144003349,72002351,72000998,144003349,YES
629,630,38,190000000000,190072008026,190144014843,72008026,72006817,144014843,YES
629,630,39,195000000000,195072023043,195144045029,72023043,72021986,144045029,YES
629,630,40,200000000000,200072047374,200144093842,72047374,72046468,144093842,YES
629,630,41,205000000000,205072281242,205144361472,72281242,72080230,144361472,YES
629,630,42,210000000000,210072123788,210144246998,72123788,72123210,144246998,YES
629,630,43,215000000000,215041613991,215083227489,41613991,41613498,83227489,YES
629,630,44,220000000000,220041669087,220083337732,41669087,41668645,83337732,YES
629,630,45,225000000000,225089629355,225179256494,89629355,89627139,179256494,YES
629,630,46,230000000000,230089481602,230187453108,89481602,97971506,187453108,YES
629,630,47,235000000000,235090436585,235179776972,90436585,89340387,179776972,YES
629,630,48,240000000000,240102572547,240191782432,102572547,89209885,191782432,YES
629,630,49,245000000000,245089090915,245178180485,89090915,89089570,178180485,YES
629,630,50,250000000000,250088980189,250177959304,88980189,88979115,177959304,YES
629,630,51,255000000000,255088880227,255178322053,88880227,89441826,178322053,YES
629,630,52,260000000000,260088791625,260177582705,88791625,88791080,177582705,YES
629,630,53,265000000000,265088714949,265177429633,88714949,88714684,177429633,YES
629,630,54,270000000000,270088650741,270185262614,88650741,96611873,185262614,YES
629,630,55,275000000000,275088599476,275183362624,88599476,94763148,183362624,YES
629,630,56,280000000000,280088561576,280187473904,88561576,98912328,187473904,YES
629,630,57,285000000000,285088537400,285177739872,88537400,89202472,177739872,YES
629,630,58,290000000000,290088527215,290177055589,88527215,88528374,177055589,YES
629,630,59,295000000000,295088531224,295177063881,88531224,88532657,177063881,YES
629,630,60,300000000000,300088549544,300177100786,88549544,88551242,177100786,YES
629,630,61,305000000000,305088582215,305248870319,88582215,160288104,248870319,YES
629,630,62,310000000000,310088629196,310177260582,88629196,88631386,177260582,YES
629,630,63,315000000000,315088690360,315177383137,88690360,88692777,177383137,YES
629,630,64,320000000000,320088765505,320177533639,88765505,88768134,177533639,YES
629,630,65,325000000000,325088854347,325177711523,88854347,88857176,177711523,YES
629,630,66,330000000000,330088956520,330177916054,88956520,88959534,177916054,YES
629,630,67,335000000000,335089055697,335178113138,89055697,89057441,178113138,YES
629,630,68,340000000000,340089144490,340178290881,89144490,89146391,178290881,YES
629,630,69,345000000000,345089211557,345178425165,89211557,89213608,178425165,YES
629,630,70,350000000000,350051118172,350102235841,51118172,51117669,102235841,YES
629,630,71,355000000000,355051102789,355102205173,51102789,51102384,102205173,YES
629,630,72,360000000000,360051097963,360102195618,51097963,51097655,102195618,YES
629,630,73,365000000000,365051103123,365102206037,51103123,51102914,102206037,YES
629,630,74,370000000000,370051151300,370102302477,51151300,51151177,102302477,YES
629,630,75,375000000000,375051174688,375102349334,51174688,51174646,102349334,YES
629,630,76,380000000000,380055482947,380106689294,55482947,51206347,106689294,YES
629,630,77,385000000000,385051245529,385102491166,51245529,51245637,102491166,YES
629,630,78,390000000000,390051291841,390102583859,51291841,51292018,102583859,YES
629,630,79,395000000000,395051462481,395102807415,51462481,51344934,102807415,YES
629,630,80,400000000000,400071878272,400143754824,71878272,71876552,143754824,YES
629,630,81,405000000000,405071836213,405143670825,71836213,71834612,143670825,YES
629,630,82,410000000000,410071803723,410143605968,71803723,71802245,143605968,YES
629,630,83,415000000000,415071780875,415143560395,71780875,71779520,143560395,YES
629,630,84,420000000000,420071767705,420143534192,71767705,71766487,143534192,YES
629,630,85,425000000000,425071764243,425143527407,71764243,71763164,143527407,YES
629,630,86,430000000000,430071770486,430143540041,71770486,71769555,143540041,YES
629,630,87,435000000000,435071786406,435143572040,71786406,71785634,143572040,YES
629,630,88,440000000000,440071811972,440143623321,71811972,71811349,143623321,YES
629,630,89,445000000000,445071847110,445143693756,71847110,71846646,143693756,YES
629,630,90,450000000000,450071891726,450143783153,71891726,71891427,143783153,YES
629,630,91,455000000000,455060586555,455121171329,60586555,60584774,121171329,YES
629,630,92,460000000000,460089384685,460178766910,89384685,89382225,178766910,YES
629,630,93,465000000000,465089231843,465178461391,89231843,89229548,178461391,YES
629,630,94,470000000000,470089086515,470178170919,89086515,89084404,178170919,YES
629,630,95,475000000000,475088949233,475177896559,88949233,88947326,177896559,YES
629,630,96,480000000000,480088820578,480177639450,88820578,88818872,177639450,YES
629,630,97,485000000000,485088701158,485177400822,88701158,88699664,177400822,YES
629,630,98,490000000000,490088591615,490177181958,88591615,88590343,177181958,YES
629,630,99,495000000000,495088492603,495176984180,88492603,88491577,176984180,YES
629,630,100,500000000000,500088404790,500176808797,88404790,88404007,176808797,YES
629,630,101,505000000000,505088328843,505176657162,88328843,88328319,176657162,YES
629,630,102,510000000000,510089006492,510177271625,89006492,88265133,177271625,YES
629,630,103,515000000000,515088215100,515177416705,88215100,89201605,177416705,YES
629,630,104,520000000000,520088178485,520176357260,88178485,88178775,176357260,YES
629,630,105,525000000000,525091864810,525180021433,91864810,88156623,180021433,YES
629,630,106,530000000000,530092623854,530181673829,92623854,89049975,181673829,YES
629,630,107,535000000000,535088155320,535176311769,88155320,88156449,176311769,YES
629,630,108,540000000000,540088177526,540176356450,88177526,88178924,176356450,YES
629,630,109,545000000000,545088214937,545176431536,88214937,88216599,176431536,YES
629,630,110,550000000000,550088267509,550176536934,88267509,88269425,176536934,YES
629,630,111,555000000000,555088335083,555176672326,88335083,88337243,176672326,YES
629,630,112,560000000000,560088373356,560176747660,88373356,88374304,176747660,YES
629,630,113,565000000000,565088397705,565176796571,88397705,88398866,176796571,YES
629,630,114,570000000000,570088435920,570176873207,88435920,88437287,176873207,YES
629,630,115,575000000000,575088487452,575176976459,88487452,88489007,176976459,YES
629,630,116,580000000000,580050618507,580101236155,50618507,50617648,101236155,YES
629,630,117,585000000000,585050583398,585101166052,50583398,50582654,101166052,YES
629,630,118,590000000000,590050559846,590101119060,50559846,50559214,101119060,YES
629,630,119,595000000000,595050547363,595101094199,50547363,50546836,101094199,YES
629,630,120,600000000000,600050545401,600101090383,50545401,50544982,101090383,YES
629,630,121,605000000000,605050553390,605101106456,50553390,50553066,101106456,YES
629,630,122,610000000000,610050570729,610101141233,50570729,50570504,101141233,YES
629,630,123,615000000000,615050596821,615101193504,50596821,50596683,101193504,YES
629,630,124,620000000000,620050631074,620101262095,50631074,50631021,101262095,YES
629,630,125,625000000000,625050706504,625101413036,50706504,50706532,101413036,YES
629,630,126,630000000000,630050755356,630101510817,50755356,50755461,101510817,YES
629,630,127,635000000000,635050810698,635101621572,50810698,50810874,101621572,YES
629,630,128,640000000000,640050872023,640101744289,50872023,50872266,101744289,YES
629,630,129,645000000000,645050938863,645101878028,50938863,50939165,101878028,YES
629,630,130,650000000000,650076033490,650152069051,76033490,76035561,152069051,YES
629,630,131,655000000000,655072660577,655145319690,72660577,72659113,145319690,YES
629,630,132,660000000000,660072649180,660145297018,72649180,72647838,145297018,YES
629,630,133,665000000000,665076556969,665149920197,76556969,73363228,149920197,YES
629,630,134,670000000000,670075327692,670147978949,75327692,72651257,147978949,YES
629,630,135,675000000000,675042099531,675084198385,42099531,42098854,84198385,YES
629,630,136,680000000000,680041397716,680082794846,41397716,41397130,82794846,YES
629,630,137,685000000000,685041361767,685082722999,41361767,41361232,82722999,YES
629,630,138,690000000000,690041333032,690082665579,41333032,41332547,82665579,YES
629,630,139,695000000000,695041311850,695082623272,41311850,41311422,82623272,YES
629,630,140,700000000000,700045266720,700086564916,45266720,41298196,86564916,YES
629,630,141,705000000000,705089786494,705179571090,89786494,89784596,179571090,YES
629,630,142,710000000000,710089652402,710179303111,89652402,89650709,179303111,YES
629,630,143,715000000000,715089526560,715179051633,89526560,89525073,179051633,YES
629,630,144,720000000000,720089409492,720178817711,89409492,89408219,178817711,YES
629,630,145,725000000000,725089301745,725178602453,89301745,89300708,178602453,YES
629,630,146,730000000000,730089203877,730178406955,89203877,89203078,178406955,YES
629,630,147,735000000000,735092219067,735181334904,92219067,89115837,181334904,YES
629,630,148,740000000000,740089039975,740178079659,89039975,89039684,178079659,YES
629,630,149,745000000000,745088975018,745177950023,88975018,88975005,177950023,YES
629,630,150,750000000000,750088922063,750183021774,88922063,94099711,183021774,YES
629,630,151,755000000000,755088881570,755177763671,88881570,88882101,177763671,YES
629,630,152,760000000000,760088853951,760177708704,88853951,88854753,177708704,YES
629,630,153,765000000000,765088839561,765177680196,88839561,88840635,177680196,YES
629,630,154,770000000000,770088838699,770177678738,88838699,88840039,177678738,YES
629,630,155,775000000000,775088851590,775177704780,88851590,88853190,177704780,YES
629,630,156,780000000000,780088878394,780177758639,88878394,88880245,177758639,YES
629,630,157,785000000000,785088919199,785177840492,88919199,88921293,177840492,YES
629,630,158,790000000000,790088942734,790177886248,88942734,88943514,177886248,YES
629,630,159,795000000000,795051021515,795102041744,51021515,51020229,102041744,YES
629,630,160,800000000000,800050919877,800101838589,50919877,50918712,101838589,YES
629,630,161,805000000000,805050797753,805101594464,50797753,50796711,101594464,YES
629,630,162,810000000000,810050722414,810101443909,50722414,50721495,101443909,YES
629,630,163,815000000000,815050660195,815101319596,50660195,50659401,101319596,YES
629,630,164,820000000000,820050610894,820101221108,50610894,50610214,101221108,YES
629,630,165,825000000000,825050574190,825101147816,50574190,50573626,101147816,YES
629,630,166,830000000000,830050549640,830101098832,50549640,50549192,101098832,YES
629,630,167,835000000000,835050536738,835101073132,50536738,50536394,101073132,YES
629,630,168,840000000000,840050534888,840101069533,50534888,50534645,101069533,YES
629,630,169,845000000000,845050543462,845101086777,50543462,50543315,101086777,YES
629,630,170,850000000000,850050561803,850101123552,50561803,50561749,101123552,YES
629,630,171,855000000000,855050589245,855101178523,50589245,50589278,101178523,YES
629,630,172,860000000000,860050625133,860101250381,50625133,50625248,101250381,YES
629,630,173,865000000000,865050668825,865101337840,50668825,50669015,101337840,YES
629,630,174,870000000000,870050719703,870101439665,50719703,50719962,101439665,YES
629,630,175,875000000000,875050810794,875101621906,50810794,50811112,101621906,YES
629,630,176,880000000000,880050874344,880101749067,50874344,50874723,101749067,YES
629,630,177,885000000000,885050943450,885101887329,50943450,50943879,101887329,YES
629,630,178,890000000000,890176217691,890263686602,176217691,87468911,263686602,YES
629,630,179,895000000000,895087571878,895175144648,87571878,87572770,175144648,YES
629,630,180,900000000000,900093559275,900181246070,93559275,87686795,181246070,YES
629,630,181,905000000000,905055614066,905111226077,55614066,55612011,111226077,YES
629,630,182,910000000000,910063688956,910126671490,63688956,62982534,126671490,YES
629,630,183,915000000000,915062914508,915125828339,62914508,62913831,125828339,YES
629,630,184,920000000000,920062854711,920125708864,62854711,62854153,125708864,YES
629,630,185,925000000000,925041385006,925082769436,41385006,41384430,82769436,YES
629,630,186,930000000000,930041343904,930082687276,41343904,41343372,82687276,YES
629,630,187,935000000000,935041310135,935082619785,41310135,41309650,82619785,YES
629,630,188,940000000000,940041284042,940082567657,41284042,41283615,82567657,YES
629,630,189,945000000000,945041265983,945082531599,41265983,41265616,82531599,YES
629,630,190,950000000000,950041256304,950082512292,41256304,41255988,82512292,YES
629,630,191,955000000000,955089222850,955178444023,89222850,89221173,178444023,YES
629,630,192,960000000000,960089105834,960178210197,89105834,89104363,178210197,YES
629,630,193,965000000000,965088997922,965177994590,88997922,88996668,177994590,YES
629,630,194,970000000000,970088899681,970177798322,88899681,88898641,177798322,YES
629,630,195,975000000000,975088811692,975177622573,88811692,88810881,177622573,YES
629,630,196,980000000000,980088734538,980177468494,88734538,88733956,177468494,YES
629,630,197,985000000000,985088668792,985177337247,88668792,88668455,177337247,YES
629,630,198,990000000000,990088615017,990177229946,88615017,88614929,177229946,YES
629,630,199,995000000000,995088573741,995177147649,88573741,88573908,177147649,YES
629,630,200,1000000000000,1000088545453,1000177091329,88545453,88545876,177091329,YES
629,630,201,1005000000000,1005088530579,1005177061845,88530579,88531266,177061845,YES
629,630,202,1010000000000,1010088529493,1010177059927,88529493,88530434,177059927,YES
629,630,203,1015000000000,1015088542461,1015177745267,88542461,89202806,177745267,YES
629,630,204,1020000000000,1020051002992,1020102203105,51002992,51200113,102203105,YES
629,630,205,1025000000000,1025058182802,1025109064383,58182802,50881581,109064383,YES
629,630,206,1030000000000,1030052876470,1030103651262,52876470,50774792,103651262,YES
629,630,207,1035000000000,1035050682142,1035101363186,50682142,50681044,101363186,YES
629,630,208,1040000000000,1040050567863,1040101134756,50567863,50566893,101134756,YES
629,630,209,1045000000000,1045050500409,1045100999980,50500409,50499571,100999980,YES
629,630,210,1050000000000,1050050446031,1050100891349,50446031,50445318,100891349,YES
629,630,211,1055000000000,1055050404445,1055100808302,50404445,50403857,100808302,YES
629,630,212,1060000000000,1060050375262,1060100750054,50375262,50374792,100750054,YES
629,630,213,1065000000000,1065050357988,1065100715620,50357988,50357632,100715620,YES
629,630,214,1070000000000,1070050352061,1070100703878,50352061,50351817,100703878,YES
629,630,215,1075000000000,1075050356859,1075100713572,50356859,50356713,100713572,YES
629,630,216,1080000000000,1080050371731,1080100743413,50371731,50371682,100743413,YES
629,630,217,1085000000000,1085050396004,1085100792051,50396004,50396047,100792051,YES
629,630,218,1090000000000,1090050429010,1090100858147,50429010,50429137,100858147,YES
629,630,219,1095000000000,1095050470101,1095100940402,50470101,50470301,100940402,YES
629,630,220,1100000000000,1100050518640,1100101037550,50518640,50518910,101037550,YES
629,630,221,1105000000000,1105050574026,1105101148388,50574026,50574362,101148388,YES
629,630,222,1110000000000,1110050635696,1110101271789,50635696,50636093,101271789,YES
629,630,223,1115000000000,1115050703100,1115101406670,50703100,50703570,101406670,YES
629,630,224,1120000000000,1120087319535,1120174639760,87319535,87320225,174639760,YES
629,630,225,1125000000000,1125087423590,1125175179259,87423590,87755669,175179259,YES
629,630,226,1130000000000,1130036587884,1130073176641,36587884,36588757,73176641,YES
629,630,227,1135000000000,1135036617538,1135073236009,36617538,36618471,73236009,YES
629,630,228,1140000000000,1140036655223,1140073311440,36655223,36656217,73311440,YES
629,630,229,1145000000000,1145036700977,1145073403006,36700977,36702029,73403006,YES
629,630,230,1150000000000,1150036754825,1150073510758,36754825,36755933,73510758,YES
629,630,231,1155000000000,1155041393192,1155082785823,41393192,41392631,82785823,YES
629,630,232,1160000000000,1160041349182,1160082697849,41349182,41348667,82697849,YES
629,630,233,1165000000000,1165041312705,1165082624944,41312705,41312239,82624944,YES
629,630,234,1170000000000,1170041284134,1170082567853,41284134,41283719,82567853,YES
629,630,235,1175000000000,1175041263829,1175082527302,41263829,41263473,82527302,YES
629,630,236,1180000000000,1180041252140,1180082503985,41252140,41251845,82503985,YES
629,630,237,1185000000000,1185041249399,1185082498568,41249399,41249169,82498568,YES
629,630,238,1190000000000,1190044445426,1190085701170,44445426,41255744,85701170,YES
629,630,239,1195000000000,1195041299949,1195082571797,41299949,41271848,82571797,YES
630,631,0,0,53240802,106480257,53240802,53239455,106480257,YES
630,631,1,5000000000,5053141969,5106282632,53141969,53140663,106282632,YES
630,631,2,10000000000,10053047811,10106094365,53047811,53046554,106094365,YES
630,631,3,15000000000,15052958799,15105916408,52958799,52957609,105916408,YES
630,631,4,20000000000,20052875452,20105749775,52875452,52874323,105749775,YES
630,631,5,25000000000,25052798330,25105595598,52798330,52797268,105595598,YES
630,631,6,30000000000,30052728040,30105455101,52728040,52727061,105455101,YES
630,631,7,35000000000,35052665224,35105329536,52665224,52664312,105329536,YES
630,631,8,40000000000,40052610559,40105220291,52610559,52609732,105220291,YES
630,631,9,45000000000,45052531155,45105061571,52531155,52530416,105061571,YES
630,631,10,50000000000,50052494927,50104989213,52494927,52494286,104989213,YES
630,631,11,55000000000,55052469008,55104937483,52469008,52468475,104937483,YES
630,631,12,60000000000,60052454106,60104907787,52454106,52453681,104907787,YES
630,631,13,65000000000,65052450886,65104901467,52450886,52450581,104901467,YES
630,631,14,70000000000,70052459956,70104919739,52459956,52459783,104919739,YES
630,631,15,75000000000,75052481842,75104963641,52481842,52481799,104963641,YES
630,631,16,80000000000,80052516952,80105033995,52516952,52517043,105033995,YES
630,631,17,85000000000,85052565571,85105131373,52565571,52565802,105131373,YES
630,631,18,90000000000,90052627836,90105532204,52627836,52904368,105532204,YES
630,631,19,95000000000,95052703735,95105407990,52703735,52704255,105407990,YES
630,631,20,100000000000,100052793111,100105586887,52793111,52793776,105586887,YES
630,631,21,105000000000,105052895655,105105792118,52895655,52896463,105792118,YES
630,631,22,110000000000,110053010937,110106022833,53010937,53011896,106022833,YES
630,631,23,115000000000,115053138431,115106277950,53138431,53139519,106277950,YES
630,631,24,120000000000,120053277493,120106556202,53277493,53278709,106556202,YES
630,631,25,125000000000,125053427459,125106856252,53427459,53428793,106856252,YES
630,631,26,130000000000,130053587605,130107176667,53587605,53589062,107176667,YES
630,631,27,135000000000,135053757198,135107515965,53757198,53758767,107515965,YES
630,631,28,140000000000,140053935510,140107872690,53935510,53937180,107872690,YES
630,631,29,145000000000,145054121831,145108245437,54121831,54123606,108245437,YES
630,631,30,150000000000,150090603945,150180748260,90603945,90144315,180748260,YES
630,631,31,155000000000,155090251648,155180504335,90251648,90252687,180504335,YES
630,631,32,160000000000,160090369454,160180740158,90369454,90370704,180740158,YES
630,631,33,165000000000,165073847425,165147694562,73847425,73847137,147694562,YES
630,631,34,170000000000,170073764711,170147529275,73764711,73764564,147529275,YES
630,631,35,175000000000,175073691489,175147382962,73691489,73691473,147382962,YES
630,631,36,180000000000,180073627544,180147255201,73627544,73627657,147255201,YES
630,631,37,185000000000,185073572617,185147145478,73572617,73572861,147145478,YES
630,631,38,190000000000,190073526425,190147053211,73526425,73526786,147053211,YES
630,631,39,195000000000,195073488649,195146977775,73488649,73489126,146977775,YES
630,631,40,200000000000,200073458954,200146918479,73458954,73459525,146918479,YES
630,631,41,205000000000,205073436975,205146874614,73436975,73437639,146874614,YES
630,631,42,210000000000,210079551360,210152974444,79551360,73423084,152974444,YES
630,631,43,215000000000,215073414685,215146830187,73414685,73415502,146830187,YES
630,631,44,220000000000,220073413620,220146828131,73413620,73414511,146828131,YES
630,631,45,225000000000,225053431014,225106860604,53431014,53429590,106860604,YES
630,631,46,230000000000,230053323451,230106645513,53323451,53322062,106645513,YES
630,631,47,235000000000,235053219879,235106438403,53219879,53218524,106438403,YES
630,631,48,240000000000,240053693213,240106870260,53693213,53177047,106870260,YES
630,631,49,245000000000,245054738203,245107763353,54738203,53025150,107763353,YES
630,631,50,250000000000,250052937530,250105873872,52937530,52936342,105873872,YES
630,631,51,255000000000,255052854574,255105708021,52854574,52853447,105708021,YES
630,631,52,260000000000,260052778169,260105555280,52778169,52777111,105555280,YES
630,631,53,265000000000,265052708965,265105416940,52708965,52707975,105416940,YES
630,631,54,270000000000,270052647656,270105294403,52647656,52646747,105294403,YES
630,631,55,275000000000,275052594971,275105189137,52594971,52594166,105189137,YES
630,631,56,280000000000,280057257283,280109808204,57257283,52550921,109808204,YES
630,631,57,285000000000,285055190559,285107674864,55190559,52484305,107674864,YES
630,631,58,290000000000,290053168347,290105630555,53168347,52462208,105630555,YES
630,631,59,295000000000,295052452148,295104903922,52452148,52451774,104903922,YES
630,631,60,300000000000,300052453937,300104907625,52453937,52453688,104907625,YES
630,631,61,305000000000,305075257744,305127726404,75257744,52468660,127726404,YES
630,631,62,310000000000,310053205048,310105735549,53205048,52530501,105735549,YES
630,631,63,315000000000,315052572486,315105145141,52572486,52572655,105145141,YES
630,631,64,320000000000,320052628544,320105257400,52628544,52628856,105257400,YES
630,631,65,325000000000,325052698691,325105397848,52698691,52699157,105397848,YES
630,631,66,330000000000,330052782822,330105566262,52782822,52783440,105566262,YES
630,631,67,335000000000,335055239227,335108120714,55239227,52881487,108120714,YES
630,631,68,340000000000,340053379997,340106372722,53379997,52992725,106372722,YES
630,631,69,345000000000,345053115692,345106232442,53115692,53116750,106232442,YES
630,631,70,350000000000,350053251688,350106504566,53251688,53252878,106504566,YES
630,631,71,355000000000,355053399082,355106799480,53399082,53400398,106799480,YES
630,631,72,360000000000,360053557115,360107115676,53557115,53558561,107115676,YES
630,631,73,365000000000,365053725012,365107451578,53725012,53726566,107451578,YES
630,631,74,370000000000,370053901988,370107805639,53901988,53903651,107805639,YES
630,631,75,375000000000,375054053687,375108109147,54053687,54055460,108109147,YES
630,631,76,380000000000,380054246579,380108495030,54246579,54248451,108495030,YES
630,631,77,385000000000,385054446372,385108894702,54446372,54448330,108894702,YES
630,631,78,390000000000,390054652433,390115222152,54652433,60569719,115222152,YES
630,631,79,395000000000,395054864128,395109730353,54864128,54866225,109730353,YES
630,631,80,400000000000,400091039461,400188575414,91039461,97535953,188575414,YES
630,631,81,405000000000,405074195086,405148389553,74195086,74194467,148389553,YES
630,631,82,410000000000,410074107082,410148213688,74107082,74106606,148213688,YES
630,631,83,415000000000,415074028274,415148056211,74028274,74027937,148056211,YES
630,631,84,420000000000,420073958481,420147916756,73958481,73958275,147916756,YES
630,631,85,425000000000,425073897481,425147794883,73897481,73897402,147794883,YES
630,631,86,430000000000,430073845012,430147690066,73845012,73845054,147690066,YES
630,631,87,435000000000,435073800793,435147601748,73800793,73800955,147601748,YES
630,631,88,440000000000,440073764505,440147529288,73764505,73764783,147529288,YES
630,631,89,445000000000,445073735822,445147472019,73735822,73736197,147472019,YES
630,631,90,450000000000,450066733006,450133466739,66733006,66733733,133466739,YES
630,631,91,455000000000,455084569743,455169136212,84569743,84566469,169136212,YES
630,631,92,460000000000,460084409953,460168816721,84409953,84406768,168816721,YES
630,631,93,465000000000,465084256693,465168510280,84256693,84253587,168510280,YES
630,631,94,470000000000,470084110384,470170205964,84110384,86095580,170205964,YES
630,631,95,475000000000,475084230067,475170610589,84230067,86380522,170610589,YES
630,631,96,480000000000,480083840357,480167677893,83840357,83837536,167677893,YES
630,631,97,485000000000,485083717553,485167432406,83717553,83714853,167432406,YES
630,631,98,490000000000,490053329274,490106657424,53329274,53328150,106657424,YES
630,631,99,495000000000,495053245074,495106489095,53245074,53244021,106489095,YES
630,631,100,500000000000,500053167379,500106333782,53167379,53166403,106333782,YES
630,631,101,505000000000,505053096849,505110673677,53096849,57576828,110673677,YES
630,631,102,510000000000,510057739781,510114312471,57739781,56572690,114312471,YES
630,631,103,515000000000,515055685756,515108665189,55685756,52979433,108665189,YES
630,631,104,520000000000,520053641100,520106575996,53641100,52934896,106575996,YES
630,631,105,525000000000,525052900966,525105801495,52900966,52900529,105801495,YES
630,631,106,530000000000,530052877420,530107643651,52877420,54766231,107643651,YES
630,631,107,535000000000,535052831989,535105663795,52831989,52831806,105663795,YES
630,631,108,540000000000,540052832581,540105665120,52832581,52832539,105665120,YES
630,631,109,545000000000,545052846226,545107513507,52846226,54667281,107513507,YES
630,631,110,550000000000,550052873447,550105747146,52873447,52873699,105747146,YES
630,631,111,555000000000,555052948229,555105896869,52948229,52948640,105896869,YES
630,631,112,560000000000,560053003611,560106007784,53003611,53004173,106007784,YES
630,631,113,565000000000,565058002796,565111076839,58002796,53074043,111076839,YES
630,631,114,570000000000,570053157044,570106314951,53157044,53157907,106314951,YES
630,631,115,575000000000,575053254714,575106510432,53254714,53255718,106510432,YES
630,631,116,580000000000,580053365829,580106732802,53365829,53366973,106732802,YES
630,631,117,585000000000,585053489839,585106980956,53489839,53491117,106980956,YES
630,631,118,590000000000,590053626084,590107253576,53626084,53627492,107253576,YES
630,631,119,595000000000,595053773834,595107549195,53773834,53775361,107549195,YES
630,631,120,600000000000,600053932309,600107866253,53932309,53933944,107866253,YES
630,631,121,605000000000,605054100716,605108203174,54100716,54102458,108203174,YES
630,631,122,610000000000,610054278271,610108558376,54278271,54280105,108558376,YES
630,631,123,615000000000,615054430570,615108863058,54430570,54432488,108863058,YES
630,631,124,620000000000,620054624088,620109250167,54624088,54626079,109250167,YES
630,631,125,625000000000,625054824514,625109651106,54824514,54826592,109651106,YES
630,631,126,630000000000,630055031194,630110064542,55031194,55033348,110064542,YES
630,631,127,635000000000,635055243516,635110489249,55243516,55245733,110489249,YES
630,631,128,640000000000,640055460925,640112288238,55460925,56827313,112288238,YES
630,631,129,645000000000,645055682905,645111368146,55682905,55685241,111368146,YES
630,631,130,650000000000,650091054386,650182110304,91054386,91055918,182110304,YES
630,631,131,655000000000,655096400322,655187599893,96400322,91199571,187599893,YES
630,631,132,660000000000,660093355430,660184705739,93355430,91350309,184705739,YES
630,631,133,665000000000,665068411846,665135361767,68411846,66949921,135361767,YES
630,631,134,670000000000,670066850995,670133702414,66850995,66851419,133702414,YES
630,631,135,675000000000,675066758265,675133517043,66758265,66758778,133517043,YES
630,631,136,680000000000,680078011954,680156022118,78011954,78010164,156022118,YES
630,631,137,685000000000,685077842537,685155683421,77842537,77840884,155683421,YES
630,631,138,690000000000,690077680228,690155358918,77680228,77678690,155358918,YES
630,631,139,695000000000,695077525334,695155049264,77525334,77523930,155049264,YES
630,631,140,700000000000,700077378198,700154755118,77378198,77376920,154755118,YES
630,631,141,705000000000,705083858654,705167642950,83858654,83784296,167642950,YES
630,631,142,710000000000,710083643562,710174635585,83643562,90992023,174635585,YES
630,631,143,715000000000,715083507331,715172530619,83507331,89023288,172530619,YES
630,631,144,720000000000,720083379199,720176436000,83379199,93056801,176436000,YES
630,631,145,725000000000,725086766806,725170023482,86766806,83256676,170023482,YES
630,631,146,730000000000,730087604435,730172927090,87604435,85322655,172927090,YES
630,631,147,735000000000,735083047564,735166092528,83047564,83044964,166092528,YES
630,631,148,740000000000,740053001584,740106002089,53001584,53000505,106002089,YES
630,631,149,745000000000,745052930923,745105860853,52930923,52929930,105860853,YES
630,631,150,750000000000,750052868089,750105735264,52868089,52867175,105735264,YES
630,631,151,755000000000,755052813808,755105626788,52813808,52812980,105626788,YES
630,631,152,760000000000,760052768836,760105536936,52768836,52768100,105536936,YES
630,631,153,765000000000,765052733932,765105467232,52733932,52733300,105467232,YES
630,631,154,770000000000,770052709855,770105419192,52709855,52709337,105419192,YES
630,631,155,775000000000,775052697341,775105394286,52697341,52696945,105394286,YES
630,631,156,780000000000,780052697076,780105393885,52697076,52696809,105393885,YES
630,631,157,785000000000,785052743265,785105486399,52743265,52743134,105486399,YES
630,631,158,790000000000,790052769209,790105538428,52769209,52769219,105538428,YES
630,631,159,795000000000,795052808882,795105617922,52808882,52809040,105617922,YES
630,631,160,800000000000,800052862512,800105725327,52862512,52862815,105725327,YES
630,631,161,805000000000,805052930161,805105860777,52930161,52930616,105860777,YES
630,631,162,810000000000,810053011737,810106024081,53011737,53012344,106024081,YES
630,631,163,815000000000,815053106969,815107634736,53106969,54527767,107634736,YES
630,631,164,820000000000,820053215464,820106431830,53215464,53216366,106431830,YES
630,631,165,825000000000,825053336689,825106674418,53336689,53337729,106674418,YES
630,631,166,830000000000,830053470012,830106941199,53470012,53471187,106941199,YES
630,631,167,835000000000,835053614736,835107230780,53614736,53616044,107230780,YES
630,631,168,840000000000,840053770107,840107541647,53770107,53771540,107541647,YES
630,631,169,845000000000,845053935360,845107872267,53935360,53936907,107872267,YES
630,631,170,850000000000,850054109717,850108221107,54109717,54111390,108221107,YES
630,631,171,855000000000,855054292423,855108586617,54292423,54294194,108586617,YES
630,631,172,860000000000,860054482764,860108967375,54482764,54484611,108967375,YES
630,631,173,865000000000,865054680021,865109361969,54680021,54681948,109361969,YES
630,631,174,870000000000,870054883558,870109769129,54883558,54885571,109769129,YES
630,631,175,875000000000,875055092773,875110187645,55092773,55094872,110187645,YES
630,631,176,880000000000,880055307112,880110616400,55307112,55309288,110616400,YES
630,631,177,885000000000,885055526067,885111054363,55526067,55528296,111054363,YES
630,631,178,890000000000,890056950812,890112702311,56950812,55751499,112702311,YES
630,631,179,895000000000,895055976002,895111954350,55976002,55978348,111954350,YES
630,631,180,900000000000,900090408909,900180821170,90408909,90412261,180821170,YES
630,631,181,905000000000,905098335114,905188771314,98335114,90436200,188771314,YES
630,631,182,910000000000,910124870530,910203056219,124870530,78185689,203056219,YES
630,631,183,915000000000,915084043283,915162049657,84043283,78006374,162049657,YES
630,631,184,920000000000,920077795292,920155588496,77795292,77793204,155588496,YES
630,631,185,925000000000,925077607410,925155212861,77607410,77605451,155212861,YES
630,631,186,930000000000,930077426353,930154850880,77426353,77424527,154850880,YES
630,631,187,935000000000,935077252520,935154503344,77252520,77250824,154503344,YES
630,631,188,940000000000,940077086310,940154171066,77086310,77084756,154171066,YES
630,631,189,945000000000,945076928112,945153854823,76928112,76926711,153854823,YES
630,631,190,950000000000,950076778300,950153555337,76778300,76777037,153555337,YES
630,631,191,955000000000,955083700670,955167398539,83700670,83697869,167398539,YES
630,631,192,960000000000,960083569750,960167136797,83569750,83567047,167136797,YES
630,631,193,965000000000,965083447695,965166892795,83447695,83445100,166892795,YES
630,631,194,970000000000,970083335034,970166667591,83335034,83332557,166667591,YES
630,631,195,975000000000,975083232304,975166462254,83232304,83229950,166462254,YES
630,631,196,980000000000,980083140008,980166277817,83140008,83137809,166277817,YES
630,631,197,985000000000,985083058642,985166115233,83058642,83056591,166115233,YES
630,631,198,990000000000,990053012643,990106024543,53012643,53011900,106024543,YES
630,631,199,995000000000,995052976106,995105951578,52976106,52975472,105951578,YES
630,631,200,1000000000000,1000054354230,1000107303612,54354230,52949382,107303612,YES
630,631,201,1005000000000,1005052934789,1005105869163,52934789,52934374,105869163,YES
630,631,202,1010000000000,1010058127578,1010111058633,58127578,52931055,111058633,YES
630,631,203,1015000000000,1015055794683,1015108734706,55794683,52940023,108734706,YES
630,631,204,1020000000000,1020053667401,1020106629155,53667401,52961754,106629155,YES
630,631,205,1025000000000,1025053030135,1025106060379,53030135,53030244,106060379,YES
630,631,206,1030000000000,1030053078295,1030106156843,53078295,53078548,106156843,YES
630,631,207,1035000000000,1035053139971,1035106280341,53139971,53140370,106280341,YES
630,631,208,1040000000000,1040053215126,1040106430796,53215126,53215670,106430796,YES
630,631,209,1045000000000,1045096791095,1045150115372,96791095,53324277,150115372,YES
630,631,210,1050000000000,1050068481908,1050121907246,68481908,53425338,121907246,YES
630,631,211,1055000000000,1055053518958,1055107038886,53518958,53519928,107038886,YES
630,631,212,1060000000000,1060053644906,1060107290916,53644906,53646010,107290916,YES
630,631,213,1065000000000,1065053782217,1065107565667,53782217,53783450,107565667,YES
630,631,214,1070000000000,1070053930220,1070107861796,53930220,53931576,107861796,YES
630,631,215,1075000000000,1075054088203,1075108177883,54088203,54089680,108177883,YES
630,631,216,1080000000000,1080054255444,1080108512485,54255444,54257041,108512485,YES
630,631,217,1085000000000,1085056912506,1085111345515,56912506,54433009,111345515,YES
630,631,218,1090000000000,1090058120132,1090112736911,58120132,54616779,112736911,YES
630,631,219,1095000000000,1095054805653,1095109613174,54805653,54807521,109613174,YES
630,631,220,1100000000000,1100055002979,1100110007917,55002979,55004938,110007917,YES
630,631,221,1105000000000,1105055206237,1105110414508,55206237,55208271,110414508,YES
630,631,222,1110000000000,1110055414882,1110110831873,55414882,55416991,110831873,YES
630,631,223,1115000000000,1115055628390,1115111258949,55628390,55630559,111258949,YES
630,631,224,1120000000000,1120055846293,1120111694813,55846293,55848520,111694813,YES
630,631,225,1125000000000,1125056068184,1125115376602,56068184,59308418,115376602,YES
630,631,226,1130000000000,1130078236233,1130156469748,78236233,78233515,156469748,YES
630,631,227,1135000000000,1135078015812,1135156029019,78015812,78013207,156029019,YES
630,631,228,1140000000000,1140077800615,1140155598745,77800615,77798130,155598745,YES
630,631,229,1145000000000,1145077591017,1145155179673,77591017,77588656,155179673,YES
630,631,230,1150000000000,1150077387463,1150154772695,77387463,77385232,154772695,YES
630,631,231,1155000000000,1155077224008,1155154445919,77224008,77221911,154445919,YES
630,631,232,1160000000000,1160077033896,1160154065830,77033896,77031934,154065830,YES
630,631,233,1165000000000,1165076851179,1165153700555,76851179,76849376,153700555,YES
630,631,234,1170000000000,1170076676315,1170153350971,76676315,76674656,153350971,YES
630,631,235,1175000000000,1175076509745,1175153017979,76509745,76508234,153017979,YES
630,631,236,1180000000000,1180076351904,1180152702452,76351904,76350548,152702452,YES
630,631,237,1185000000000,1185076203214,1185152405219,76203214,76202005,152405219,YES
630,631,238,1190000000000,1190076064035,1190152127013,76064035,76062978,152127013,YES
630,631,239,1195000000000,1195075934725,1195151868553,75934725,75933828,151868553,YES
631,632,0,0,96364494,192724028,96364494,96359534,192724028,YES
631,632,1,5000000000,5096101706,5192198553,96101706,96096847,192198553,YES
631,632,2,10000000000,10095848045,10191691346,95848045,95843301,191691346,YES
631,632,3,15000000000,15095604039,15191203472,95604039,95599433,191203472,YES
631,632,4,20000000000,20095630358,20190996058,95630358,95365700,190996058,YES
631,632,5,25000000000,25095146909,25190289503,95146909,95142594,190289503,YES
631,632,6,30000000000,30094934601,30189865047,94934601,94930446,189865047,YES
631,632,7,35000000000,35094733572,35189463164,94733572,94729592,189463164,YES
631,632,8,40000000000,40094544083,40189084382,94544083,94540299,189084382,YES
631,632,9,45000000000,45094332714,45188661841,94332714,94329127,188661841,YES
631,632,10,50000000000,50094166799,50188330216,94166799,94163417,188330216,YES
631,632,11,55000000000,55094012801,55188022456,94012801,94009655,188022456,YES
631,632,12,60000000000,60093870749,60187738584,93870749,93867835,187738584,YES
631,632,13,65000000000,65093740608,65187478547,93740608,93737939,187478547,YES
631,632,14,70000000000,70093622288,70187242160,93622288,93619872,187242160,YES
631,632,15,75000000000,75093515649,75187029138,93515649,93513489,187029138,YES
631,632,16,80000000000,80093420483,80186839075,93420483,93418592,186839075,YES
631,632,17,85000000000,85093336522,85186671435,93336522,93334913,186671435,YES
631,632,18,90000000000,90093263473,90186525597,93263473,93262124,186525597,YES
631,632,19,95000000000,95090028940,95180058749,90028940,90029809,180058749,YES
631,632,20,100000000000,100090090249,100180181620,90090249,90091371,180181620,YES
631,632,21,105000000000,105090142739,105180286279,90142739,90143540,180286279,YES
631,632,22,110000000000,110090178682,110180358406,90178682,90179724,180358406,YES
631,632,23,115000000000,115090226791,115180454847,90226791,90228056,180454847,YES
631,632,24,120000000000,120090286528,120181977198,90286528,91690670,181977198,YES
631,632,25,125000000000,125090357334,125180716343,90357334,90359009,180716343,YES
631,632,26,130000000000,130090438604,130180879071,90438604,90440467,180879071,YES
631,632,27,135000000000,135090529758,135181061553,90529758,90531795,181061553,YES
631,632,28,140000000000,140092303335,140182935775,92303335,90632440,182935775,YES
631,632,29,145000000000,145092491961,145183233710,92491961,90741749,183233710,YES
631,632,30,150000000000,150087364072,150174730499,87364072,87366427,174730499,YES
631,632,31,155000000000,155087361424,155174725324,87361424,87363900,174725324,YES
631,632,32,160000000000,160087366109,160174734804,87366109,87368695,174734804,YES
631,632,33,165000000000,165058483576,165117772185,58483576,59288609,117772185,YES
631,632,34,170000000000,170058470674,170116941427,58470674,58470753,116941427,YES
631,632,35,175000000000,175058467036,175116934272,58467036,58467236,116934272,YES
631,632,36,180000000000,180058472937,180116946186,58472937,58473249,116946186,YES
631,632,37,185000000000,185058488597,185116977634,58488597,58489037,116977634,YES
631,632,38,190000000000,190058514228,190117029012,58514228,58514784,117029012,YES
631,632,39,195000000000,195058549974,195117100624,58549974,58550650,117100624,YES
631,632,40,200000000000,200058595948,200117192678,58595948,58596730,117192678,YES
631,632,41,205000000000,205058652190,205117305274,58652190,58653084,117305274,YES
631,632,42,210000000000,210058718701,210117438403,58718701,58719702,117438403,YES
631,632,43,215000000000,215058795427,215117591959,58795427,58796532,117591959,YES
631,632,44,220000000000,220089309157,220178619777,89309157,89310620,178619777,YES
631,632,45,225000000000,225096703538,225193401909,96703538,96698371,193401909,YES
631,632,46,230000000000,230096410278,230192815483,96410278,96405205,192815483,YES
631,632,47,235000000000,235096124030,235195504104,96124030,99380074,195504104,YES
631,632,48,240000000000,240095845424,240193383557,95845424,97538133,193383557,YES
631,632,49,245000000000,245095575095,245193368878,95575095,97793783,193368878,YES
631,632,50,250000000000,250095313727,250190622869,95313727,95309142,190622869,YES
631,632,51,255000000000,255095061958,255190119486,95061958,95057528,190119486,YES
631,632,52,260000000000,260094820445,260189636610,94820445,94816165,189636610,YES
631,632,53,265000000000,265094589777,265193352784,94589777,98763007,193352784,YES
631,632,54,270000000000,270094370530,270191330359,94370530,96959829,191330359,YES
631,632,55,275000000000,275094163193,275188322657,94163193,94159464,188322657,YES
631,632,56,280000000000,280093968198,280187932881,93968198,93964683,187932881,YES
631,632,57,285000000000,285093752281,285187501275,93752281,93748994,187501275,YES
631,632,58,290000000000,290093582906,290191545037,93582906,97962131,191545037,YES
631,632,59,295000000000,295093426616,295186850432,93426616,93423816,186850432,YES
631,632,60,300000000000,300093283489,300186564438,93283489,93280949,186564438,YES
631,632,61,305000000000,305093153478,305186304677,93153478,93151199,186304677,YES
631,632,62,310000000000,310093070031,310186138063,93070031,93068032,186138063,YES
631,632,63,315000000000,315092965743,315185929750,92965743,92964007,185929750,YES
631,632,64,320000000000,320092873870,320185746279,92873870,92872409,185746279,YES
631,632,65,325000000000,325092794005,325191657509,92794005,98863504,191657509,YES
631,632,66,330000000000,330092725657,330185450379,92725657,92724722,185450379,YES
631,632,67,335000000000,335089518588,335179037909,89518588,89519321,179037909,YES
631,632,68,340000000000,340089533190,340179067358,89533190,89534168,179067358,YES
631,632,69,345000000000,345089560979,345179123168,89560979,89562189,179123168,YES
631,632,70,350000000000,350089601512,350179204454,89601512,89602942,179204454,YES
631,632,71,355000000000,355089654285,355179310207,89654285,89655922,179310207,YES
631,632,72,360000000000,360089718748,360179439324,89718748,89720576,179439324,YES
631,632,73,365000000000,365089794320,365179590643,89794320,89796323,179590643,YES
631,632,74,370000000000,370089880401,370179762971,89880401,89882570,179762971,YES
631,632,75,375000000000,375089942798,375179887916,89942798,89945118,179887916,YES
631,632,76,380000000000,380090048117,380180098704,90048117,90050587,180098704,YES
631,632,77,385000000000,385090162186,385180326971,90162186,90164785,180326971,YES
631,632,78,390000000000,390092566587,390182853818,92566587,90287231,182853818,YES
631,632,79,395000000000,395090414378,395180831602,90414378,90417224,180831602,YES
631,632,80,400000000000,400090551480,400181105905,90551480,90554425,181105905,YES
631,632,81,405000000000,405054763478,405109527078,54763478,54763600,109527078,YES
631,632,82,410000000000,410059266120,410118532483,59266120,59266363,118532483,YES
631,632,83,415000000000,415059265501,415118531364,59265501,59265863,118531364,YES
631,632,84,420000000000,420059273566,420118547598,59273566,59274032,118547598,YES
631,632,85,425000000000,425059290485,425118581546,59290485,59291061,118581546,YES
631,632,86,430000000000,430089678227,430179357128,89678227,89678901,179357128,YES
631,632,87,435000000000,435089621647,435179244135,89621647,89622488,179244135,YES
631,632,88,440000000000,440089573337,440179147683,89573337,89574346,179147683,YES
631,632,89,445000000000,445089533473,445179068110,89533473,89534637,179068110,YES
631,632,90,450000000000,450079704202,450159406513,79704202,79702311,159406513,YES
631,632,91,455000000000,455079583247,455159164722,79583247,79581475,159164722,YES
631,632,92,460000000000,460079470908,460158940169,79470908,79469261,158940169,YES
631,632,93,465000000000,465079367769,465158734034,79367769,79366265,158734034,YES
631,632,94,470000000000,470079274431,470158547499,79274431,79273068,158547499,YES
631,632,95,475000000000,475079191489,475158381760,79191489,79190271,158381760,YES
631,632,96,480000000000,480079119523,480158237983,79119523,79118460,158237983,YES
631,632,97,485000000000,485079059074,485158117246,79059074,79058172,158117246,YES
631,632,98,490000000000,490095306269,490190607751,95306269,95301482,190607751,YES
631,632,99,495000000000,495095058659,495190112662,95058659,95054003,190112662,YES
631,632,100,500000000000,500094821057,500189637593,94821057,94816536,189637593,YES
631,632,101,505000000000,505094593914,505189183472,94593914,94589558,189183472,YES
631,632,102,510000000000,510094377647,510188751087,94377647,94373440,188751087,YES
631,632,103,515000000000,515094172599,515188341162,94172599,94168563,188341162,YES
631,632,104,520000000000,520093979062,520187954282,93979062,93975220,187954282,YES
631,632,105,525000000000,525093797265,525187590887,93797265,93793622,187590887,YES
631,632,106,530000000000,530093627392,530187251350,93627392,93623958,187251350,YES
631,632,107,535000000000,535093435963,535186868728,93435963,93432765,186868728,YES
631,632,108,540000000000,540093290238,540186577518,93290238,93287280,186577518,YES
631,632,109,545000000000,545093156637,545186310564,93156637,93153927,186310564,YES
631,632,110,550000000000,550093035109,550188147141,93035109,95112032,188147141,YES
631,632,111,555000000000,555089768870,555179537537,89768870,89768667,179537537,YES
631,632,112,560000000000,560089745269,560179490080,89745269,89744811,179490080,YES
631,632,113,565000000000,565089717672,565179435165,89717672,89717493,179435165,YES
631,632,114,570000000000,570089704612,570179409318,89704612,89704706,179409318,YES
631,632,115,575000000000,575089705993,575179412349,89705993,89706356,179412349,YES
631,632,116,580000000000,580089721595,580179443817,89721595,89722222,179443817,YES
631,632,117,585000000000,585089751071,585179503019,89751071,89751948,179503019,YES
631,632,118,590000000000,590089793971,590179589067,89793971,89795096,179589067,YES
631,632,119,595000000000,595089849762,595179700881,89849762,89851119,179700881,YES
631,632,120,600000000000,600089917847,600179837268,89917847,89919421,179837268,YES
631,632,121,605000000000,605089997586,605179996946,89997586,89999360,179996946,YES
631,632,122,610000000000,610090088312,610180178596,90088312,90090284,180178596,YES
631,632,123,615000000000,615090155759,615180313678,90155759,90157919,180313678,YES
631,632,124,620000000000,620090266469,620180535257,90266469,90268788,180535257,YES
631,632,125,625000000000,625090386197,625180774862,90386197,90388665,180774862,YES
631,632,126,630000000000,630090514325,630181031262,90514325,90516937,181031262,YES
631,632,127,635000000000,635090650287,635181303311,90650287,90653024,181303311,YES
631,632,128,640000000000,640090793531,640181589914,90793531,90796383,181589914,YES
631,632,129,645000000000,645090943563,645181890086,90943563,90946523,181890086,YES
631,632,130,650000000000,650087554709,650175112310,87554709,87557601,175112310,YES
631,632,131,655000000000,655087593609,655175190195,87593609,87596586,175190195,YES
631,632,132,660000000000,660087639686,660175282431,87639686,87642745,175282431,YES
631,632,133,665000000000,665058535983,665117070631,58535983,58534648,117070631,YES
631,632,134,670000000000,670058493978,670116986688,58493978,58492710,116986688,YES
631,632,135,675000000000,675058459595,675116917994,58459595,58458399,116917994,YES
631,632,136,680000000000,680080290948,680160579851,80290948,80288903,160579851,YES
631,632,137,685000000000,685080154133,685160306340,80154133,80152207,160306340,YES
631,632,138,690000000000,690080024704,690160047608,80024704,80022904,160047608,YES
631,632,139,695000000000,695079903204,695159804758,79903204,79901554,159804758,YES
631,632,140,700000000000,700083501661,700163290278,83501661,79788617,163290278,YES
631,632,141,705000000000,705084893227,705164578053,84893227,79684826,164578053,YES
631,632,142,710000000000,710079755667,710159346522,79755667,79590855,159346522,YES
631,632,143,715000000000,715079508078,715159015135,79508078,79507057,159015135,YES
631,632,144,720000000000,720079434980,720158869112,79434980,79434132,158869112,YES
631,632,145,725000000000,725079373307,725158745946,79373307,79372639,158745946,YES
631,632,146,730000000000,730083070266,730162393327,83070266,79323061,162393327,YES
631,632,147,735000000000,735082676960,735161962906,82676960,79285946,161962906,YES
631,632,148,740000000000,740094336044,740188667829,94336044,94331785,188667829,YES
631,632,149,745000000000,745094103658,745188203227,94103658,94099569,188203227,YES
631,632,150,750000000000,750093882418,750187760931,93882418,93878513,187760931,YES
631,632,151,755000000000,755095656405,755189373440,95656405,93717035,189373440,YES
631,632,152,760000000000,760096306552,760189807070,96306552,93500518,189807070,YES
631,632,153,765000000000,765093290293,765186577305,93290293,93287012,186577305,YES
631,632,154,770000000000,770093117985,770186232922,93117985,93114937,186232922,YES
631,632,155,775000000000,775092958612,775185914427,92958612,92955815,185914427,YES
631,632,156,780000000000,780092812270,780185621993,92812270,92809723,185621993,YES
631,632,157,785000000000,785092712553,785185422825,92712553,92710272,185422825,YES
631,632,158,790000000000,790092592172,790185182329,92592172,92590157,185182329,YES
631,632,159,795000000000,795089339293,795178678276,89339293,89338983,178678276,YES
631,632,160,800000000000,800089297153,800178594264,89297153,89297111,178594264,YES
631,632,161,805000000000,805089269439,805181995207,89269439,92725768,181995207,YES
631,632,162,810000000000,810089256184,810181126494,89256184,91870310,181126494,YES
631,632,163,815000000000,815089257279,815178515305,89257279,89258026,178515305,YES
631,632,164,820000000000,820089272497,820178545985,89272497,89273488,178545985,YES
631,632,165,825000000000,825089301500,825178604218,89301500,89302718,178604218,YES
631,632,166,830000000000,830089343847,830178689136,89343847,89345289,178689136,YES
631,632,167,835000000000,835089399030,835178799705,89399030,89400675,178799705,YES
631,632,168,840000000000,840089466477,840178934790,89466477,89468313,178934790,YES
631,632,169,845000000000,845091362066,845180909684,91362066,89547618,180909684,YES
631,632,170,850000000000,850094049883,850183687834,94049883,89637951,183687834,YES
631,632,171,855000000000,855089736144,855179474634,89736144,89738490,179474634,YES
631,632,172,860000000000,860089846331,860179695151,89846331,89848820,179695151,YES
631,632,173,865000000000,865089965613,865179933842,89965613,89968229,179933842,YES
631,632,174,870000000000,870090093388,870180189525,90093388,90096137,180189525,YES
631,632,175,875000000000,875090229077,875180461012,90229077,90231935,180461012,YES
631,632,176,880000000000,880090372135,880180747231,90372135,90375096,180747231,YES
631,632,177,885000000000,885090522056,885181047189,90522056,90525133,181047189,YES
631,632,178,890000000000,890090678367,890181359897,90678367,90681530,181359897,YES
631,632,179,895000000000,895090840649,895181684527,90840649,90843878,181684527,YES
631,632,180,900000000000,900080429802,900160856943,80429802,80427141,160856943,YES
631,632,181,905000000000,905080266021,905160529461,80266021,80263440,160529461,YES
631,632,182,910000000000,910080107712,910248833335,80107712,168725623,248833335,YES
631,632,183,915000000000,915079955316,915166707608,79955316,86752292,166707608,YES
631,632,184,920000000000,920079809292,920159616306,79809292,79807014,159616306,YES
631,632,185,925000000000,925079670162,925159338147,79670162,79667985,159338147,YES
631,632,186,930000000000,930079538453,930159074848,79538453,79536395,159074848,YES
631,632,187,935000000000,935079414749,935158827561,79414749,79412812,158827561,YES
631,632,188,940000000000,940079299650,940158597483,79299650,79297833,158597483,YES
631,632,189,945000000000,945079193761,945158385856,79193761,79192095,158385856,YES
631,632,190,950000000000,950079097715,950158193917,79097715,79096202,158193917,YES
631,632,191,955000000000,955079012154,955158022956,79012154,79010802,158022956,YES
631,632,192,960000000000,960078937694,960157874212,78937694,78936518,157874212,YES
631,632,193,965000000000,965078874922,965157748844,78874922,78873922,157748844,YES
631,632,194,970000000000,970078824378,970157647941,78824378,78823563,157647941,YES
631,632,195,975000000000,975078786541,975157572459,78786541,78785918,157572459,YES
631,632,196,980000000000,980078761800,980157523173,78761800,78761373,157523173,YES
631,632,197,985000000000,985078750443,985157500664,78750443,78750221,157500664,YES
631,632,198,990000000000,990093394013,990186784498,93394013,93390485,186784498,YES
631,632,199,995000000000,995093204437,995186405560,93204437,93201123,186405560,YES
631,632,200,1000000000000,1000093090415,1000189865682,93090415,96775267,189865682,YES
631,632,201,1005000000000,1005095181103,1005188040821,95181103,92859718,188040821,YES
631,632,202,1010000000000,1010093960365,1010186668510,93960365,92708145,186668510,YES
631,632,203,1015000000000,1015092571705,1015185141055,92571705,92569350,185141055,YES
631,632,204,1020000000000,1020089335297,1020178669945,89335297,89334648,178669945,YES
631,632,205,1025000000000,1025089307266,1025178614150,89307266,89306884,178614150,YES
631,632,206,1030000000000,1030089259769,1030178519417,89259769,89259648,178519417,YES
631,632,207,1035000000000,1035089226627,1035178453394,89226627,89226767,178453394,YES
631,632,208,1040000000000,1040089207950,1040178416302,89207950,89208352,178416302,YES
631,632,209,1045000000000,1045089203719,1045275822311,89203719,186618592,275822311,YES
631,632,210,1050000000000,1050092770266,1050190153020,92770266,97382754,190153020,YES
631,632,211,1055000000000,1055089237879,1055182664589,89237879,93426710,182664589,YES
631,632,212,1060000000000,1060089275623,1060182026760,89275623,92751137,182026760,YES
631,632,213,1065000000000,1065089326559,1065178654666,89326559,89328107,178654666,YES
631,632,214,1070000000000,1070089390142,1070178782028,89390142,89391886,178782028,YES
631,632,215,1075000000000,1075093846208,1075183313992,93846208,89467784,183313992,YES
631,632,216,1080000000000,1080089552843,1080179107780,89552843,89554937,179107780,YES
631,632,217,1085000000000,1085089650681,1085179303614,89650681,89652933,179303614,YES
631,632,218,1090000000000,1090089758635,1090179519682,89758635,89761047,179519682,YES
631,632,219,1095000000000,1095089876060,1095179754668,89876060,89878608,179754668,YES
631,632,220,1100000000000,1100090002331,1100180007345,90002331,90005014,180007345,YES
631,632,221,1105000000000,1105090136843,1105180276487,90136843,90139644,180276487,YES
631,632,222,1110000000000,1110090279027,1110180560960,90279027,90281933,180560960,YES
631,632,223,1115000000000,1115090428348,1115180859699,90428348,90431351,180859699,YES
631,632,224,1120000000000,1120090584303,1120181171721,90584303,90587418,181171721,YES
631,632,225,1125000000000,1125090746448,1125181496079,90746448,90749631,181496079,YES
631,632,226,1130000000000,1130054051384,1130108101254,54051384,54049870,108101254,YES
631,632,227,1135000000000,1135080268636,1135160534599,80268636,80265963,160534599,YES
631,632,228,1140000000000,1140080108100,1140160213606,80108100,80105506,160213606,YES
631,632,229,1145000000000,1145079953249,1145159904006,79953249,79950757,159904006,YES
631,632,230,1150000000000,1150079804542,1150159606702,79804542,79802160,159606702,YES
631,632,231,1155000000000,1155079696078,1155159389878,79696078,79693800,159389878,YES
631,632,232,1160000000000,1160080192722,1160159761319,80192722,79568597,159761319,YES
631,632,233,1165000000000,1165079434025,1165175240081,79434025,95806056,175240081,YES
631,632,234,1170000000000,1170079315183,1170164745229,79315183,85430046,164745229,YES
631,632,235,1175000000000,1175079205284,1175158408775,79205284,79203491,158408775,YES
631,632,236,1180000000000,1180079104963,1180158208298,79104963,79103335,158208298,YES
631,632,237,1185000000000,1185079014867,1185158028266,79014867,79013399,158028266,YES
631,632,238,1190000000000,1190078935635,1190157869979,78935635,78934344,157869979,YES
631,632,239,1195000000000,1195078867882,1195157734655,78867882,78866773,157734655,YES
632,633,0,0,58691344,117382017,58691344,58690673,117382017,YES
632,633,1,5000000000,5058631574,5117262625,58631574,58631051,117262625,YES
632,633,2,10000000000,10058548984,10117097600,58548984,58548616,117097600,YES
632,633,3,15000000000,15058511388,15117022569,58511388,58511181,117022569,YES
632,633,4,20000000000,20058485753,20116971464,58485753,58485711,116971464,YES
632,633,5,25000000000,25058472569,25116945262,58472569,58472693,116945262,YES
632,633,6,30000000000,30058472249,30116944791,58472249,58472542,116944791,YES
632,633,7,35000000000,35058485110,35116970676,58485110,58485566,116970676,YES
632,633,8,40000000000,40058494583,40116988907,58494583,58494324,116988907,YES
632,633,9,45000000000,45058458974,45116917841,58458974,58458867,116917841,YES
632,633,10,50000000000,50058436826,50116873695,58436826,58436869,116873695,YES
632,633,11,55000000000,55058427998,55116856183,58427998,58428185,116856183,YES
632,633,12,60000000000,60058638816,60117071391,58638816,58432575,117071391,YES
632,633,13,65000000000,65058449245,65116898934,58449245,58449689,116898934,YES
632,633,14,70000000000,70058478523,70116957609,58478523,58479086,116957609,YES
632,633,15,75000000000,75058519580,75117039827,58519580,58520247,117039827,YES
632,633,16,80000000000,80058571824,80117144416,58571824,58572592,117144416,YES
632,633,17,85000000000,85058634633,85117270125,58634633,58635492,117270125,YES
632,633,18,90000000000,90058707353,90117415649,58707353,58708296,117415649,YES
632,633,19,95000000000,95110208874,95220419601,110208874,110210727,220419601,YES
632,633,20,100000000000,100076444608,100152891857,76444608,76447249,152891857,YES
632,633,21,105000000000,105076538672,105153080141,76538672,76541469,153080141,YES
632,633,22,110000000000,110076677859,110153358672,76677859,76680813,153358672,YES
632,633,23,115000000000,115152127428,115228994681,152127428,76867253,228994681,YES
632,633,24,120000000000,120077022795,120154048865,77022795,77026070,154048865,YES
632,633,25,125000000000,125077193998,125154391416,77193998,77197418,154391416,YES
632,633,26,130000000000,130077374871,130154753295,77374871,77378424,154753295,YES
632,633,27,135000000000,135077564846,135155133379,77564846,77568533,155133379,YES
632,633,28,140000000000,140077763371,140155530549,77763371,77767178,155530549,YES
632,633,29,145000000000,145078664001,145156637849,78664001,77973848,156637849,YES
632,633,30,150000000000,150073819876,150147489475,73819876,73669599,147489475,YES
632,633,31,155000000000,155073748323,155147496569,73748323,73748246,147496569,YES
632,633,32,160000000000,160073776361,160147550509,73776361,73774148,147550509,YES
632,633,33,165000000000,165073716238,165147430387,73716238,73714149,147430387,YES
632,633,34,170000000000,170073662884,170147323797,73662884,73660913,147323797,YES
632,633,35,175000000000,175073616321,175147230797,73616321,73614476,147230797,YES
632,633,36,180000000000,180077918849,180155835668,77918849,77916819,155835668,YES
632,633,37,185000000000,185077746608,185155491340,77746608,77744732,155491340,YES
632,633,38,190000000000,190077583406,190155165106,77583406,77581700,155165106,YES
632,633,39,195000000000,195077429657,195154857774,77429657,77428117,154857774,YES
632,633,40,200000000000,200077285738,200154570104,77285738,77284366,154570104,YES
632,633,41,205000000000,205077151978,205154302767,77151978,77150789,154302767,YES
632,633,42,210000000000,210077028662,210154056311,77028662,77027649,154056311,YES
632,633,43,215000000000,215076916017,215153831204,76916017,76915187,153831204,YES
632,633,44,220000000000,220110673644,220262134957,110673644,151461313,262134957,YES
632,633,45,225000000000,225059161072,225201339413,59161072,142178341,201339413,YES
632,633,46,230000000000,230059058475,230118115768,59058475,59057293,118115768,YES
632,633,47,235000000000,235058963487,235117925926,58963487,58962439,117925926,YES
632,633,48,240000000000,240059898874,240118774691,59898874,58875817,118774691,YES
632,633,49,245000000000,245058765332,245117529883,58765332,58764551,117529883,YES
632,633,50,250000000000,250058697107,250117393579,58697107,58696472,117393579,YES
632,633,51,255000000000,255058639142,255117277796,58639142,58638654,117277796,YES
632,633,52,260000000000,260058592090,260117183849,58592090,58591759,117183849,YES
632,633,53,265000000000,265058556562,265117112958,58556562,58556396,117112958,YES
632,633,54,270000000000,270058533116,270117066231,58533116,58533115,117066231,YES
632,633,55,275000000000,275058522244,275117044652,58522244,58522408,117044652,YES
632,633,56,280000000000,280059154468,280117646202,59154468,58491734,117646202,YES
632,633,57,285000000000,285058432353,285116864320,58432353,58431967,116864320,YES
632,633,58,290000000000,290058385888,290116771550,58385888,58385662,116771550,YES
632,633,59,295000000000,295058352990,295116705907,58352990,58352917,116705907,YES
632,633,60,300000000000,300058765168,300117108480,58765168,58343312,117108480,YES
632,633,61,305000000000,305058327646,305116655510,58327646,58327864,116655510,YES
632,633,62,310000000000,310058368385,310116737122,58368385,58368737,116737122,YES
632,633,63,315000000000,315058388283,315116777038,58388283,58388755,116777038,YES
632,633,64,320000000000,320058420473,320116841529,58420473,58421056,116841529,YES
632,633,65,325000000000,325059808281,325118273404,59808281,58465123,118273404,YES
632,633,66,330000000000,330058519503,330117039792,58519503,58520289,117039792,YES
632,633,67,335000000000,335110033956,335220066913,110033956,110032957,220066913,YES
632,633,68,340000000000,340110041736,340220082782,110041736,110041046,220082782,YES
632,633,69,345000000000,345110029269,345220058149,110029269,110028880,220058149,YES
632,633,70,350000000000,350076906892,350153816492,76906892,76909600,153816492,YES
632,633,71,355000000000,355077059357,355154121608,77059357,77062251,154121608,YES
632,633,72,360000000000,360085150115,360162428974,85150115,77278859,162428974,YES
632,633,73,365000000000,365077430124,365154863466,77430124,77433342,154863466,YES
632,633,74,370000000000,370077613691,370155230753,77613691,77617062,155230753,YES
632,633,75,375000000000,375077806472,375155616470,77806472,77809998,155616470,YES
632,633,76,380000000000,380078007876,380156019434,78007876,78011558,156019434,YES
632,633,77,385000000000,385078217322,385156438452,78217322,78221130,156438452,YES
632,633,78,390000000000,390078403343,390156807869,78403343,78404526,156807869,YES
632,633,79,395000000000,395078450299,395156901890,78450299,78451591,156901890,YES
632,633,80,400000000000,400078503670,400158908290,78503670,80404620,158908290,YES
632,633,81,405000000000,405078562978,405157127448,78562978,78564470,157127448,YES
632,633,82,410000000000,410074087412,410150488493,74087412,76401081,150488493,YES
632,633,83,415000000000,415074042226,415148082473,74042226,74040247,148082473,YES
632,633,84,420000000000,420078286766,420156571364,78286766,78284598,156571364,YES
632,633,85,425000000000,425078116547,425156231064,78116547,78114517,156231064,YES
632,633,86,430000000000,430111107686,430224248865,111107686,113141179,224248865,YES
632,633,87,435000000000,435111039102,435224374089,111039102,113334987,224374089,YES
632,633,88,440000000000,440112839763,440227926335,112839763,115086572,227926335,YES
632,633,89,445000000000,445110923286,445221843004,110923286,110919718,221843004,YES
632,633,90,450000000000,450059407099,450118812764,59407099,59405665,118812764,YES
632,633,91,455000000000,455059295023,455118588714,59295023,59293691,118588714,YES
632,633,92,460000000000,460059156052,460118310872,59156052,59154820,118310872,YES
632,633,93,465000000000,465059057975,465118114842,59057975,59056867,118114842,YES
632,633,94,470000000000,470058967817,470117934664,58967817,58966847,117934664,YES
632,633,95,475000000000,475058886226,475117771616,58886226,58885390,117771616,YES
632,633,96,480000000000,480058813868,480117627038,58813868,58813170,117627038,YES
632,633,97,485000000000,485058751402,485117502255,58751402,58750853,117502255,YES
632,633,98,490000000000,490058699486,490117398573,58699486,58699087,117398573,YES
632,633,99,495000000000,495058658744,495117317248,58658744,58658504,117317248,YES
632,633,100,500000000000,500058629752,500118039837,58629752,59410085,118039837,YES
632,633,101,505000000000,505058551670,505117102547,58551670,58550877,117102547,YES
632,633,102,510000000000,510058472359,510116944089,58472359,58471730,116944089,YES
632,633,103,515000000000,515058406136,515116811806,58406136,58405670,116811806,YES
632,633,104,520000000000,520058353256,520116706205,58353256,58352949,116706205,YES
632,633,105,525000000000,525058313870,525116627588,58313870,58313718,116627588,YES
632,633,106,530000000000,530058288009,530116576018,58288009,58288009,116576018,YES
632,633,107,535000000000,535058275591,535116551326,58275591,58275735,116551326,YES
632,633,108,540000000000,540058310012,540116620300,58310012,58310288,116620300,YES
632,633,109,545000000000,545058323757,545116647919,58323757,58324162,116647919,YES
632,633,110,550000000000,550058350022,550116700564,58350022,58350542,116700564,YES
632,633,111,555000000000,555109829294,555219659280,109829294,109829986,219659280,YES
632,633,112,560000000000,560109869962,560219738521,109869962,109868559,219738521,YES
632,633,113,565000000000,565076469624,565152941313,76469624,76471689,152941313,YES
632,633,114,570000000000,570076581687,570153165625,76581687,76583938,153165625,YES
632,633,115,575000000000,575076706536,575153415517,76706536,76708981,153415517,YES
632,633,116,580000000000,580076843814,580153690258,76843814,76846444,153690258,YES
632,633,117,585000000000,585076993078,585153988969,76993078,76995891,153988969,YES
632,633,118,590000000000,590077153814,590154310628,77153814,77156814,154310628,YES
632,633,119,595000000000,595077325445,595154654053,77325445,77328608,154654053,YES
632,633,120,600000000000,600077540954,600155085244,77540954,77544290,155085244,YES
632,633,121,605000000000,605077732521,605155468538,77732521,77736017,155468538,YES
632,633,122,610000000000,610077933102,610155869847,77933102,77936745,155869847,YES
632,633,123,615000000000,615078042345,615156085726,78042345,78043381,156085726,YES
632,633,124,620000000000,620078082227,620156165617,78082227,78083390,156165617,YES
632,633,125,625000000000,625078129320,625156259921,78129320,78130601,156259921,YES
632,633,126,630000000000,630078183076,630156367544,78183076,78184468,156367544,YES
632,633,127,635000000000,635078242987,635156487465,78242987,78244478,156487465,YES
632,633,128,640000000000,640079781636,640158110979,79781636,78329343,158110979,YES
632,633,129,645000000000,645078379385,645156760448,78379385,78381063,156760448,YES
632,633,130,650000000000,650073963560,650147925294,73963560,73961734,147925294,YES
632,633,131,655000000000,655073932031,655147862352,73932031,73930321,147862352,YES
632,633,132,660000000000,660078124980,660156248091,78124980,78123111,156248091,YES
632,633,133,665000000000,665077971373,665155941016,77971373,77969643,155941016,YES
632,633,134,670000000000,670077826586,670155651598,77826586,77825012,155651598,YES
632,633,135,675000000000,675120147039,675237465806,120147039,117318767,237465806,YES
632,633,136,680000000000,680059382845,680118763980,59382845,59381135,118763980,YES
632,633,137,685000000000,685059257773,685118513923,59257773,59256150,118513923,YES
632,633,138,690000000000,690059138100,690119089697,59138100,59951597,119089697,YES
632,633,139,695000000000,695059024335,695118047210,59024335,59022875,118047210,YES
632,633,140,700000000000,700058917030,700120933535,58917030,62016505,120933535,YES
632,633,141,705000000000,705058816772,705117632284,58816772,58815512,117632284,YES
632,633,142,710000000000,710058724187,710117447223,58724187,58723036,117447223,YES
632,633,143,715000000000,715058639946,715117278853,58639946,58638907,117278853,YES
632,633,144,720000000000,720058564733,720117128558,58564733,58563825,117128558,YES
632,633,145,725000000000,725058499260,725116997738,58499260,58498478,116997738,YES
632,633,146,730000000000,730058444229,730117519948,58444229,59075719,117519948,YES
632,633,147,735000000000,735058354272,735117100557,58354272,58746285,117100557,YES
632,633,148,740000000000,740058246969,740116492717,58246969,58245748,116492717,YES
632,633,149,745000000000,745058152105,745116303142,58152105,58151037,116303142,YES
632,633,150,750000000000,750058070213,750116139521,58070213,58069308,116139521,YES
632,633,151,755000000000,755058001737,755118600060,58001737,60598323,118600060,YES
632,633,152,760000000000,760057947002,760119250261,57947002,61303259,119250261,YES
632,633,153,765000000000,765057906202,765115811976,57906202,57905774,115811976,YES
632,633,154,770000000000,770057879373,770115758475,57879373,57879102,115758475,YES
632,633,155,775000000000,775057866424,775115732728,57866424,57866304,115732728,YES
632,633,156,780000000000,780057867118,780115734258,57867118,57867140,115734258,YES
632,633,157,785000000000,785057881077,785115762314,57881077,57881237,115762314,YES
632,633,158,790000000000,790113284528,790226569598,113284528,113285070,226569598,YES
632,633,159,795000000000,795076233210,795152467735,76233210,76234525,152467735,YES
632,633,160,800000000000,800076294729,800152590967,76294729,76296238,152590967,YES
632,633,161,805000000000,805076336149,805152673996,76336149,76337847,152673996,YES
632,633,162,810000000000,810076424764,810152851424,76424764,76426660,152851424,YES
632,633,163,815000000000,815076526954,815153055998,76526954,76529044,153055998,YES
632,633,164,820000000000,820076642530,820153287349,76642530,76644819,153287349,YES
632,633,165,825000000000,825077147050,825153920765,77147050,76773715,153920765,YES
632,633,166,830000000000,830076912588,830153827859,76912588,76915271,153827859,YES
632,633,167,835000000000,835077066171,835154135217,77066171,77069046,154135217,YES
632,633,168,840000000000,840077231371,840154465801,77231371,77234430,154465801,YES
632,633,169,845000000000,845077441168,845155771189,77441168,78330021,155771189,YES
632,633,170,850000000000,850077627700,850155993155,77627700,78365455,155993155,YES
632,633,171,855000000000,855080672992,855158362130,80672992,77689138,158362130,YES
632,633,172,860000000000,860077716616,860155434203,77716616,77717587,155434203,YES
632,633,173,865000000000,865077753286,865155507677,77753286,77754391,155507677,YES
632,633,174,870000000000,870077797684,870155596599,77797684,77798915,155596599,YES
632,633,175,875000000000,875151671151,875229541668,151671151,77870517,229541668,YES
632,633,176,880000000000,880077907306,880155816070,77907306,77908764,155816070,YES
632,633,177,885000000000,885077971446,885155944453,77971446,77973007,155944453,YES
632,633,178,890000000000,890078041138,890156083942,78041138,78042804,156083942,YES
632,633,179,895000000000,895078115937,895156233623,78115937,78117686,156233623,YES
632,633,180,900000000000,900116674706,900231653967,116674706,114979261,231653967,YES
632,633,181,905000000000,905064403173,905128804580,64403173,64401407,128804580,YES
632,633,182,910000000000,910064400230,910128798760,64400230,64398530,128798760,YES
632,633,183,915000000000,915064404179,915128806734,64404179,64402555,128806734,YES
632,633,184,920000000000,920059904462,920119807342,59904462,59902880,119807342,YES
632,633,185,925000000000,925059782979,925119564457,59782979,59781478,119564457,YES
632,633,186,930000000000,930059667041,930119332680,59667041,59665639,119332680,YES
632,633,187,935000000000,935059557136,935119112966,59557136,59555830,119112966,YES
632,633,188,940000000000,940059453780,940118906357,59453780,59452577,118906357,YES
632,633,189,945000000000,945059357532,945118713965,59357532,59356433,118713965,YES
632,633,190,950000000000,950059268961,950118536947,59268961,59267986,118536947,YES
632,633,191,955000000000,955059188679,955118376503,59188679,59187824,118376503,YES
632,633,192,960000000000,960059117286,960118233851,59117286,59116565,118233851,YES
632,633,193,965000000000,965059024758,965118048053,59024758,59023295,118048053,YES
632,633,194,970000000000,970058897676,970117794048,58897676,58896372,117794048,YES
632,633,195,975000000000,975058781310,975117561468,58781310,58780158,117561468,YES
632,633,196,980000000000,980058676216,980117351435,58676216,58675219,117351435,YES
632,633,197,985000000000,985058582895,985117164952,58582895,58582057,117164952,YES
632,633,198,990000000000,990058501788,990117002895,58501788,58501107,117002895,YES
632,633,199,995000000000,995058433261,995116865996,58433261,58432735,116865996,YES
632,633,200,1000000000000,1000058377581,1000116754790,58377581,58377209,116754790,YES
632,633,201,1005000000000,1005058334922,1005118125327,58334922,59790405,118125327,YES
632,633,202,1010000000000,1010113154287,1010226731486,113154287,113577199,226731486,YES
632,633,203,1015000000000,1015113199225,1015226401292,113199225,113202067,226401292,YES
632,633,204,1020000000000,1020076202853,1020152406709,76202853,76203856,152406709,YES
632,633,205,1025000000000,1025076243893,1025152488979,76243893,76245086,152488979,YES
632,633,206,1030000000000,1030076298282,1030152597949,76298282,76299667,152597949,YES
632,633,207,1035000000000,1035076366339,1035152734259,76366339,76367920,152734259,YES
632,633,208,1040000000000,1040077649865,1040154099910,77649865,76450045,154099910,YES
632,633,209,1045000000000,1045076544045,1045153090073,76544045,76546028,153090073,YES
632,633,210,1050000000000,1050076653630,1050153309448,76653630,76655818,153309448,YES
632,633,211,1055000000000,1055077949267,1055154728446,77949267,76779179,154728446,YES
632,633,212,1060000000000,1060076913042,1060153828684,76913042,76915642,153828684,YES
632,633,213,1065000000000,1065077062032,1065154126864,77062032,77064832,154126864,YES
632,633,214,1070000000000,1070077223134,1070154449262,77223134,77226128,154449262,YES
632,633,215,1075000000000,1075077368139,1075154736726,77368139,77368587,154736726,YES
632,633,216,1080000000000,1080077374668,1080154749953,77374668,77375285,154749953,YES
632,633,217,1085000000000,1085077391317,1085154783417,77391317,77392100,154783417,YES
632,633,218,1090000000000,1090077451003,1090154902937,77451003,77451934,154902937,YES
632,633,219,1095000000000,1095077485830,1095154972736,77485830,77486906,154972736,YES
632,633,220,1100000000000,1100077528750,1100155058704,77528750,77529954,155058704,YES
632,633,221,1105000000000,1105077579120,1105155159571,77579120,77580451,155159571,YES
632,633,222,1110000000000,1110077636329,1110155274120,77636329,77637791,155274120,YES
632,633,223,1115000000000,1115077699850,1115155404554,77699850,77704704,155404554,YES
632,633,224,1120000000000,1120077769146,1120155539954,77769146,77770808,155539954,YES
632,633,225,1125000000000,1125077843734,1125155689213,77843734,77845479,155689213,YES
632,633,226,1130000000000,1130114889505,1130262202054,114889505,147312549,262202054,YES
632,633,227,1135000000000,1135064421297,1135128840843,64421297,64419546,128840843,YES
632,633,228,1140000000000,1140064416853,1140128832008,64416853,64415155,128832008,YES
632,633,229,1145000000000,1145064419446,1145128837271,64419446,64417825,128837271,YES
632,633,230,1150000000000,1150064429184,1150128856827,64429184,64427643,128856827,YES
632,633,231,1155000000000,1155060004690,1155120007863,60004690,60003173,120007863,YES
632,633,232,1160000000000,1160059888958,1160128408401,59888958,68519443,128408401,YES
632,633,233,1165000000000,1165059779053,1165127266330,59779053,67487277,127266330,YES
632,633,234,1170000000000,1170060722352,1170120396576,60722352,59674224,120396576,YES
632,633,235,1175000000000,1175059578707,1175119156299,59578707,59577592,119156299,YES
632,633,236,1180000000000,1180059489320,1180118977637,59489320,59488317,118977637,YES
632,633,237,1185000000000,1185059407872,1185118814860,59407872,59406988,118814860,YES
632,633,238,1190000000000,1190059274963,1190118653806,59274963,59378843,118653806,YES
632,633,239,1195000000000,1195059135806,1195118270095,59135806,59134289,118270095,YES
633,634,0,0,92799916,190325366,92799916,97525450,190325366,YES
633,634,1,5000000000,5092648568,5188215297,92648568,95566729,188215297,YES
633,634,2,10000000000,10092472283,10190813235,92472283,98340952,190813235,YES
633,634,3,15000000000,15098075469,15190411793,98075469,92336324,190411793,YES
633,634,4,20000000000,20097923358,20190136527,97923358,92213169,190136527,YES
633,634,5,25000000000,25092102811,25184808520,92102811,92705709,184808520,YES
633,634,6,30000000000,30094871536,30186871267,94871536,91999731,186871267,YES
633,634,7,35000000000,35091912290,35183823102,91912290,91910812,183823102,YES
633,634,8,40000000000,40091835785,40183670354,91835785,91834569,183670354,YES
633,634,9,45000000000,45098857966,45190629516,98857966,91771550,190629516,YES
633,634,10,50000000000,50100511688,50192234108,100511688,91722420,192234108,YES
633,634,11,55000000000,55091687940,55183375494,91687940,91687554,183375494,YES
633,634,12,60000000000,60091667177,60186699612,91667177,95032435,186699612,YES
633,634,13,65000000000,65091661009,65183322205,91661009,91661196,183322205,YES
633,634,14,70000000000,70099907239,70191577170,99907239,91669931,191577170,YES
633,634,15,75000000000,75091692312,75183385366,91692312,91693054,183385366,YES
633,634,16,80000000000,80091729357,80183459726,91729357,91730369,183459726,YES
633,634,17,85000000000,85091780178,85183561625,91780178,91781447,183561625,YES
633,634,18,90000000000,90091844284,90183690079,91844284,91845795,183690079,YES
633,634,19,95000000000,95093339586,95185262451,93339586,91922865,185262451,YES
633,634,20,100000000000,100053429929,100111408879,53429929,57978950,111408879,YES
633,634,21,105000000000,105053420419,105106840634,53420419,53420215,106840634,YES
633,634,22,110000000000,110053455783,110106911490,53455783,53455707,106911490,YES
633,634,23,115000000000,115095888656,115287565072,95888656,191676416,287565072,YES
633,634,24,120000000000,120095927566,120191856747,95927566,95929181,191856747,YES
633,634,25,125000000000,125095978897,125191959638,95978897,95980741,191959638,YES
633,634,26,130000000000,130096042309,130192599738,96042309,96557429,192599738,YES
633,634,27,135000000000,135096117422,135192237126,96117422,96119704,192237126,YES
633,634,28,140000000000,140097057916,140193264221,97057916,96206305,193264221,YES
633,634,29,145000000000,145117823514,145214127622,117823514,96304108,214127622,YES
633,634,30,150000000000,150102894437,150199305935,102894437,96411498,199305935,YES
633,634,31,155000000000,155101248987,155197777964,101248987,96528977,197777964,YES
633,634,32,160000000000,160096779869,160193435519,96779869,96655650,193435519,YES
633,634,33,165000000000,165098979137,165195770435,98979137,96791298,195770435,YES
633,634,34,170000000000,170096931683,170193866820,96931683,96935137,193866820,YES
633,634,35,175000000000,175097083268,175194170142,97083268,97086874,194170142,YES
633,634,36,180000000000,180100600499,180201199865,100600499,100599366,201199865,YES
633,634,37,185000000000,185050948525,185101896024,50948525,50947499,101896024,YES
633,634,38,190000000000,190050922792,190101844641,50922792,50921849,101844641,YES
633,634,39,195000000000,195050905796,195101810738,50905796,50904942,101810738,YES
633,634,40,200000000000,200050897553,200101794346,50897553,50896793,101794346,YES
633,634,41,205000000000,205051219772,205102126764,51219772,50906992,102126764,YES
633,634,42,210000000000,210050907284,210101813995,50907284,50906711,101813995,YES
633,634,43,215000000000,215055182101,215110363389,55182101,55181288,110363389,YES
633,634,44,220000000000,220055069778,220110138851,55069778,55069073,110138851,YES
633,634,45,225000000000,225093025427,225185999671,93025427,92974244,185999671,YES
633,634,46,230000000000,230092805850,230185608239,92805850,92802389,185608239,YES
633,634,47,235000000000,235092640666,235185277986,92640666,92637320,185277986,YES
633,634,48,240000000000,240092482803,240184962395,92482803,92479592,184962395,YES
633,634,49,245000000000,245092299235,245184595409,92299235,92296174,184595409,YES
633,634,50,250000000000,250092157758,250184440844,92157758,92283086,184440844,YES
633,634,51,255000000000,255092025404,255300696866,92025404,208671462,300696866,YES
633,634,52,260000000000,260091902812,260186259921,91902812,94357109,186259921,YES
633,634,53,265000000000,265095729891,265187518139,95729891,91788248,187518139,YES
633,634,54,270000000000,270091689590,270183377074,91689590,91687484,183377074,YES
633,634,55,275000000000,275091600268,275184141821,91600268,92541553,184141821,YES
633,634,56,280000000000,280094590398,280193409330,94590398,98818932,193409330,YES
633,634,57,285000000000,285098820956,285190278806,98820956,91457850,190278806,YES
633,634,58,290000000000,290091690239,290183097871,91690239,91407632,183097871,YES
633,634,59,295000000000,295092655729,295184026931,92655729,91371202,184026931,YES
633,634,60,300000000000,300091349505,300186895340,91349505,95545835,186895340,YES
633,634,61,305000000000,305091341309,305182877417,91341309,91536108,182877417,YES
633,634,62,310000000000,310091381109,310184094013,91381109,92712904,184094013,YES
633,634,63,315000000000,315091401613,315182803537,91401613,91401924,182803537,YES
633,634,64,320000000000,320091436200,320182872992,91436200,91436792,182872992,YES
633,634,65,325000000000,325091484527,325182969930,91484527,91485403,182969930,YES
633,634,66,330000000000,330091378975,330182762543,91378975,91383568,182762543,YES
633,634,67,335000000000,335091561743,335183128312,91561743,91566569,183128312,YES
633,634,68,340000000000,340091722718,340183450476,91722718,91727758,183450476,YES
633,634,69,345000000000,345091861635,345183728518,91861635,91866883,183728518,YES
633,634,70,350000000000,350095657634,350191316810,95657634,95659176,191316810,YES
633,634,71,355000000000,355095704881,355191411547,95704881,95706666,191411547,YES
633,634,72,360000000000,360095798410,360227471459,95798410,131673049,227471459,YES
633,634,73,365000000000,365095870612,365191743459,95870612,95872847,191743459,YES
633,634,74,370000000000,370102045925,370198003103,102045925,95957178,198003103,YES
633,634,75,375000000000,375096049947,375192102532,96049947,96052585,192102532,YES
633,634,76,380000000000,380096156042,380192314902,96156042,96158860,192314902,YES
633,634,77,385000000000,385096272364,385192547714,96272364,96275350,192547714,YES
633,634,78,390000000000,390096398354,390192799867,96398354,96401513,192799867,YES
633,634,79,395000000000,395096533472,395193113756,96533472,96580284,193113756,YES
633,634,80,400000000000,400102076776,400199009191,102076776,96932415,199009191,YES
633,634,81,405000000000,405097232073,405194064537,97232073,96832464,194064537,YES
633,634,82,410000000000,410056300359,410111896521,56300359,55596162,111896521,YES
633,634,83,415000000000,415055657419,415111316224,55657419,55658805,111316224,YES
633,634,84,420000000000,420051226832,420102452692,51226832,51225860,102452692,YES
633,634,85,425000000000,425051191070,425102381250,51191070,51190180,102381250,YES
633,634,86,430000000000,430051164533,430102328262,51164533,51163729,102328262,YES
633,634,87,435000000000,435051147258,435102293802,51147258,51146544,102293802,YES
633,634,88,440000000000,440051139241,440102277858,51139241,51138617,102277858,YES
633,634,89,445000000000,445051140445,445102280361,51140445,51139916,102280361,YES
633,634,90,450000000000,450096927183,450195568873,96927183,98641690,195568873,YES
633,634,91,455000000000,455096859773,455193715755,96859773,96855982,193715755,YES
633,634,92,460000000000,460099446016,460197894183,99446016,98448167,197894183,YES
633,634,93,465000000000,465102449217,465200384071,102449217,97934854,200384071,YES
633,634,94,470000000000,470097474374,470195165468,97474374,97691094,195165468,YES
633,634,95,475000000000,475093051172,475190216514,93051172,97165342,190216514,YES
633,634,96,480000000000,480092898468,480185793989,92898468,92895521,185793989,YES
633,634,97,485000000000,485092753752,485185504711,92753752,92750959,185504711,YES
633,634,98,490000000000,490092617592,490190281318,92617592,97663726,190281318,YES
633,634,99,495000000000,495092490620,495189647934,92490620,97157314,189647934,YES
633,634,100,500000000000,500092373482,500186347725,92373482,93974243,186347725,YES
633,634,101,505000000000,505092266832,505189199461,92266832,96932629,189199461,YES
633,634,102,510000000000,510092171310,510189342172,92171310,97170862,189342172,YES
633,634,103,515000000000,515092087555,515184173631,92087555,92086076,184173631,YES
633,634,104,520000000000,520092016152,520184031089,92016152,92014937,184031089,YES
633,634,105,525000000000,525091957635,525183914342,91957635,91956707,183914342,YES
633,634,106,530000000000,530091912466,530183824284,91912466,91911818,183824284,YES
633,634,107,535000000000,535091880998,535183761634,91880998,91880636,183761634,YES
633,634,108,540000000000,540091897082,540183794097,91897082,91897015,183794097,YES
633,634,109,545000000000,545093872217,545185766079,93872217,91893862,185766079,YES
633,634,110,550000000000,550094106410,550190095068,94106410,95988658,190095068,YES
633,634,111,555000000000,555093912296,555185841903,93912296,91929607,185841903,YES
633,634,112,560000000000,560091199132,560182402713,91199132,91203581,182402713,YES
633,634,113,565000000000,565097209152,565216771282,97209152,119562130,216771282,YES
633,634,114,570000000000,570096735171,570191837209,96735171,95102038,191837209,YES
633,634,115,575000000000,575095099255,575192235571,95099255,97136316,192235571,YES
633,634,116,580000000000,580095110769,580193024004,95110769,97913235,193024004,YES
633,634,117,585000000000,585095135518,585197103401,95135518,101967883,197103401,YES
633,634,118,590000000000,590095173323,590195195086,95173323,100021763,195195086,YES
633,634,119,595000000000,595095223964,595190450168,95223964,95226204,190450168,YES
633,634,120,600000000000,600095320739,600190643927,95320739,95323188,190643927,YES
633,634,121,605000000000,605095431834,605194974004,95431834,99542170,194974004,YES
633,634,122,610000000000,610095483224,610190969280,95483224,95486056,190969280,YES
633,634,123,615000000000,615095581683,615191166367,95581683,95584684,191166367,YES
633,634,124,620000000000,620095690987,620191385135,95690987,95694148,191385135,YES
633,634,125,625000000000,625095810627,625191624564,95810627,95813937,191624564,YES
633,634,126,630000000000,630095940074,630191883612,95940074,95943538,191883612,YES
633,634,127,635000000000,635096078798,635192161195,96078798,96082397,192161195,YES
633,634,128,640000000000,640097515747,640194570742,97515747,97054995,194570742,YES
633,634,129,645000000000,645096381931,645192767696,96381931,96385765,192767696,YES
633,634,130,650000000000,650096545314,650193094576,96545314,96549262,193094576,YES
633,634,131,655000000000,655097508325,655194228294,97508325,96719969,194228294,YES
633,634,132,660000000000,660051150361,660102299888,51150361,51149527,102299888,YES
633,634,133,665000000000,665051129622,665102258499,51129622,51128877,102258499,YES
633,634,134,670000000000,670051118219,670102235778,51118219,51117559,102235778,YES
633,634,135,675000000000,675101768810,675198673282,101768810,96904472,198673282,YES
633,634,136,680000000000,680101880550,680198712130,101880550,96831580,198712130,YES
633,634,137,685000000000,685096765130,685198927886,96765130,102162756,198927886,YES
633,634,138,690000000000,690096702311,690197085832,96702311,100383521,197085832,YES
633,634,139,695000000000,695096647188,695193929882,96647188,97282694,193929882,YES
633,634,140,700000000000,700096599787,700193196110,96599787,96596323,193196110,YES
633,634,141,705000000000,705096560160,705193117004,96560160,96556844,193117004,YES
633,634,142,710000000000,710096528381,710193053607,96528381,96525226,193053607,YES
633,634,143,715000000000,715092962768,715185922669,92962768,92959901,185922669,YES
633,634,144,720000000000,720094477579,720187300043,94477579,92822464,187300043,YES
633,634,145,725000000000,725092696545,725185390577,92696545,92694032,185390577,YES
633,634,146,730000000000,730092577370,730187882678,92577370,95305308,187882678,YES
633,634,147,735000000000,735092468301,735184934521,92468301,92466220,184934521,YES
633,634,148,740000000000,740092369957,740185902816,92369957,93532859,185902816,YES
633,634,149,745000000000,745092282931,745184564257,92282931,92281326,184564257,YES
633,634,150,750000000000,750092207795,750188727967,92207795,96520172,188727967,YES
633,634,151,755000000000,755092145068,755184289057,92145068,92143989,184289057,YES
633,634,152,760000000000,760092095203,760184189608,92095203,92094405,184189608,YES
633,634,153,765000000000,765092213345,765184271397,92213345,92058052,184271397,YES
633,634,154,770000000000,770090903113,770181809562,90903113,90906449,181809562,YES
633,634,155,775000000000,775090975417,775181954425,90975417,90979008,181954425,YES
633,634,156,780000000000,780091058730,780182121298,91058730,91062568,182121298,YES
633,634,157,785000000000,785091153271,785182310630,91153271,91157359,182310630,YES
633,634,158,790000000000,790095472617,790212261217,95472617,116788600,212261217,YES
633,634,159,795000000000,795095412237,795208630916,95412237,113218679,208630916,YES
633,634,160,800000000000,800095365521,800190731002,95365521,95365481,190731002,YES
633,634,161,805000000000,805095299247,805190755126,95299247,95455879,190755126,YES
633,634,162,810000000000,810095280887,810190562342,95280887,95281455,190562342,YES
633,634,163,815000000000,815095276999,815190554862,95276999,95277863,190554862,YES
633,634,164,820000000000,820095287626,820190576405,95287626,95288779,190576405,YES
633,634,165,825000000000,825098977633,825194291769,98977633,95314136,194291769,YES
633,634,166,830000000000,830101219700,830196573420,101219700,95353720,196573420,YES
633,634,167,835000000000,835096506448,835195785107,96506448,99278659,195785107,YES
633,634,168,840000000000,840095471919,840192145615,95471919,96673696,192145615,YES
633,634,169,845000000000,845095585307,845191173022,95585307,95587715,191173022,YES
633,634,170,850000000000,850095677594,850199898232,95677594,104220638,199898232,YES
633,634,171,855000000000,855096100871,855191885483,96100871,95784612,191885483,YES
633,634,172,860000000000,860095897246,860191797496,95897246,95900250,191797496,YES
633,634,173,865000000000,865096023333,865195756073,96023333,99732740,195756073,YES
633,634,174,870000000000,870096159401,870192322140,96159401,96162739,192322140,YES
633,634,175,875000000000,875096304817,875282521153,96304817,186216336,282521153,YES
633,634,176,880000000000,880096458932,880192921484,96458932,96462552,192921484,YES
633,634,177,885000000000,885055095093,885110191495,55095093,55096402,110191495,YES
633,634,178,890000000000,890055149236,890110299835,55149236,55150599,110299835,YES
633,634,179,895000000000,895055211345,895111177707,55211345,55966362,111177707,YES
633,634,180,900000000000,900055281233,900112624138,55281233,57342905,112624138,YES
633,634,181,905000000000,905093588468,905186906734,93588468,93318266,186906734,YES
633,634,182,910000000000,910093353474,910186707491,93353474,93354017,186707491,YES
633,634,183,915000000000,915093387217,915186775152,93387217,93387935,186775152,YES
633,634,184,920000000000,920096744130,920193484287,96744130,96740157,193484287,YES
633,634,185,925000000000,925101927983,925198868758,101927983,96940775,198868758,YES
633,634,186,930000000000,930096598621,930193485745,96598621,96887124,193485745,YES
633,634,187,935000000000,935096537813,935198980176,96537813,102442363,198980176,YES
633,634,188,940000000000,940096484939,940199784127,96484939,103299188,199784127,YES
633,634,189,945000000000,945100501000,945196937561,100501000,96436561,196937561,YES
633,634,190,950000000000,950096402944,950196732010,96402944,100329066,196732010,YES
633,634,191,955000000000,955096373847,955209773778,96373847,113399931,209773778,YES
633,634,192,960000000000,960096352752,960192702580,96352752,96349828,192702580,YES
633,634,193,965000000000,965102429902,965205459305,102429902,103029403,205459305,YES
633,634,194,970000000000,970091049459,970182609047,91049459,91559588,182609047,YES
633,634,195,975000000000,975091043181,975182087802,91043181,91044621,182087802,YES
633,634,196,980000000000,980091043803,980182089217,91043803,91045414,182089217,YES
633,634,197,985000000000,985091051890,985182105574,91051890,91053684,182105574,YES
633,634,198,990000000000,990091068042,990182138069,91068042,91070027,182138069,YES
633,634,199,995000000000,995091092859,995182187916,91092859,91095057,182187916,YES
633,634,200,1000000000000,1000091126945,1000182256313,91126945,91129368,182256313,YES
633,634,201,1005000000000,1005091170883,1005182344426,91170883,91173543,182344426,YES
633,634,202,1010000000000,1010095582801,1010197144765,95582801,101561964,197144765,YES
633,634,203,1015000000000,1015119277876,1015220361184,119277876,101083308,220361184,YES
633,634,204,1020000000000,1020095379982,1020190759243,95379982,95379261,190759243,YES
633,634,205,1025000000000,1025100225026,1025195539290,100225026,95314264,195539290,YES
633,634,206,1030000000000,1030095263165,1030190526216,95263165,95263051,190526216,YES
633,634,207,1035000000000,1035095225697,1035190451585,95225697,95225888,190451585,YES
633,634,208,1040000000000,1040095202679,1040194910224,95202679,99707545,194910224,YES
633,634,209,1045000000000,1045095194349,1045194719449,95194349,99525100,194719449,YES
633,634,210,1050000000000,1050096170839,1050191372744,96170839,95201905,191372744,YES
633,634,211,1055000000000,1055096237994,1055191461408,96237994,95223414,191461408,YES
633,634,212,1060000000000,1060129435830,1060224695644,129435830,95259814,224695644,YES
633,634,213,1065000000000,1065095308053,1065190618019,95308053,95309966,190618019,YES
633,634,214,1070000000000,1070095372210,1070190746577,95372210,95374367,190746577,YES
633,634,215,1075000000000,1075095848743,1075191301017,95848743,95452274,191301017,YES
633,634,216,1080000000000,1080099845398,1080202169947,99845398,102324549,202169947,YES
633,634,217,1085000000000,1085096208219,1085191854496,96208219,95646277,191854496,YES
633,634,218,1090000000000,1090095791718,1090191586435,95791718,95794717,191586435,YES
633,634,219,1095000000000,1095098916638,1095194837291,98916638,95920653,194837291,YES
633,634,220,1100000000000,1100098135660,1100194192482,98135660,96056822,194192482,YES
633,634,221,1105000000000,1105096199099,1105192401689,96199099,96202590,192401689,YES
633,634,222,1110000000000,1110099543858,1110202031779,99543858,102487921,202031779,YES
633,634,223,1115000000000,1115054900159,1115111903370,54900159,57003211,111903370,YES
633,634,224,1120000000000,1120054950125,1120118329168,54950125,63379043,118329168,YES
633,634,225,1125000000000,1125055008421,1125116387488,55008421,61379067,116387488,YES
633,634,226,1130000000000,1130093026038,1130297858083,93026038,204832045,297858083,YES
633,634,227,1135000000000,1135093035020,1135186070369,93035020,93035349,186070369,YES
633,634,228,1140000000000,1140093055336,1140186111184,93055336,93055848,186111184,YES
633,634,229,1145000000000,1145096267744,1145189355223,96267744,93087479,189355223,YES
633,634,230,1150000000000,1150093129017,1150186258910,93129017,93129893,186258910,YES
633,634,231,1155000000000,1155096585520,1155193167224,96585520,96581704,193167224,YES
633,634,232,1160000000000,1160096517685,1160193031660,96517685,96513975,193031660,YES
633,634,233,1165000000000,1165096458089,1165192912579,96458089,96454490,192912579,YES
633,634,234,1170000000000,1170096406660,1170193828859,96406660,97422199,193828859,YES
633,634,235,1175000000000,1175102769574,1175199129553,102769574,96359979,199129553,YES
633,634,236,1180000000000,1180101993280,1180200009861,101993280,98016581,200009861,YES
633,634,237,1185000000000,1185102599150,1185210782068,102599150,108182918,210782068,YES
633,634,238,1190000000000,1190096360143,1190197709513,96360143,101349370,197709513,YES
633,634,239,1195000000000,1195096271020,1195192539328,96271020,96268308,192539328,YES
634,635,0,0,42496724,84992769,42496724,42496045,84992769,YES
634,635,1,5000000000,5042400646,5084800669,42400646,42400023,84800669,YES
634,635,2,10000000000,10042348016,10084695468,42348016,42347452,84695468,YES
634,635,3,15000000000,15042305758,15084611023,42305758,42305265,84611023,YES
634,635,4,20000000000,20042274357,20084548295,42274357,42273938,84548295,YES
634,635,5,25000000000,25042254240,25084508138,42254240,42253898,84508138,YES
634,635,6,30000000000,30042245766,30084491276,42245766,42245510,84491276,YES
634,635,7,35000000000,35042249224,35084498281,42249224,42249057,84498281,YES
634,635,8,40000000000,40042264815,40084529558,42264815,42264743,84529558,YES
634,635,9,45000000000,45042292661,45084585347,42292661,42292686,84585347,YES
634,635,10,50000000000,50042332787,50084665701,42332787,42332914,84665701,YES
634,635,11,55000000000,55042385140,55084770511,42385140,42385371,84770511,YES
634,635,12,60000000000,60042449581,60084899500,42449581,42449919,84899500,YES
634,635,13,65000000000,65042525888,65085052226,42525888,42526338,85052226,YES
634,635,14,70000000000,70042613767,70085228094,42613767,42614327,85228094,YES
634,635,15,75000000000,75042712859,75085426385,42712859,42713526,85426385,YES
634,635,16,80000000000,80042822742,80085646259,42822742,42823517,85646259,YES
634,635,17,85000000000,85110930740,85218432056,110930740,107501316,218432056,YES
634,635,18,90000000000,90108922602,90216480016,108922602,107557414,216480016,YES
634,635,19,95000000000,95107624401,95215251508,107624401,107627107,215251508,YES
634,635,20,100000000000,100107707181,100215417360,107707181,107710179,215417360,YES
634,635,21,105000000000,105107763213,105215527243,107763213,107764030,215527243,YES
634,635,22,110000000000,110107777972,110215557023,107777972,107779051,215557023,YES
634,635,23,115000000000,115037567770,115075135202,37567770,37567432,75135202,YES
634,635,24,120000000000,120037565643,120075131030,37565643,37565387,75131030,YES
634,635,25,125000000000,125037574603,125075149039,37574603,37574436,75149039,YES
634,635,26,130000000000,130037594444,130075188804,37594444,37594360,75188804,YES
634,635,27,135000000000,135037624886,135075249767,37624886,37624881,75249767,YES
634,635,28,140000000000,140037665594,140075331262,37665594,37665668,75331262,YES
634,635,29,145000000000,145037716189,145075432530,37716189,37716341,75432530,YES
634,635,30,150000000000,150037776246,150075552727,37776246,37776481,75552727,YES
634,635,31,155000000000,155037845325,155075690956,37845325,37845631,75690956,YES
634,635,32,160000000000,160037922958,160075846291,37922958,37923333,75846291,YES
634,635,33,165000000000,165038008668,165076017788,38008668,38009120,76017788,YES
634,635,34,170000000000,170038101979,170076204472,38101979,38102493,76204472,YES
634,635,35,175000000000,175038202424,175076405421,38202424,38202997,76405421,YES
634,635,36,180000000000,180106375339,180212752655,106375339,106377316,212752655,YES
634,635,37,185000000000,185047309341,185094619758,47309341,47310417,94619758,YES
634,635,38,190000000000,190047299254,190094599669,47299254,47300415,94599669,YES
634,635,39,195000000000,195047295951,195123889094,47295951,76593143,123889094,YES
634,635,40,200000000000,200047299512,200094600334,47299512,47300822,94600334,YES
634,635,41,205000000000,205047310037,205094849279,47310037,47539242,94849279,YES
634,635,42,210000000000,210047327644,210094656742,47327644,47329098,94656742,YES
634,635,43,215000000000,215042635502,215085270188,42635502,42634686,85270188,YES
634,635,44,220000000000,220042529163,220085057553,42529163,42528390,85057553,YES
634,635,45,225000000000,225042429675,225084858626,42429675,42428951,84858626,YES
634,635,46,230000000000,230042337630,230084674600,42337630,42336970,84674600,YES
634,635,47,235000000000,235042253647,235084506690,42253647,42253043,84506690,YES
634,635,48,240000000000,240042178368,240084356193,42178368,42177825,84356193,YES
634,635,49,245000000000,245042112444,245084224402,42112444,42111958,84224402,YES
634,635,50,250000000000,250042022914,250084045412,42022914,42022498,84045412,YES
634,635,51,255000000000,255041977607,255083954877,41977607,41977270,83954877,YES
634,635,52,260000000000,260041943507,260083886754,41943507,41943247,83886754,YES
634,635,53,265000000000,265041921145,265083842109,41921145,41920964,83842109,YES
634,635,54,270000000000,270041910969,270083821844,41910969,41910875,83821844,YES
634,635,55,275000000000,275041913341,275083826680,41913341,41913339,83826680,YES
634,635,56,280000000000,280041928517,280083857124,41928517,41928607,83857124,YES
634,635,57,285000000000,285041956631,285083913452,41956631,41956821,83913452,YES
634,635,58,290000000000,290041997708,290083995704,41997708,41997996,83995704,YES
634,635,59,295000000000,295042051642,295084103682,42051642,42052040,84103682,YES
634,635,60,300000000000,300042118229,300084236957,42118229,42118728,84236957,YES
634,635,61,305000000000,305042197152,305084394908,42197152,42197756,84394908,YES
634,635,62,310000000000,310042288013,310084576730,42288013,42288717,84576730,YES
634,635,63,315000000000,315042390342,315084781489,42390342,42391147,84781489,YES
634,635,64,320000000000,320042503608,320085008117,42503608,42504509,85008117,YES
634,635,65,325000000000,325107920966,325215844389,107920966,107923423,215844389,YES
634,635,66,330000000000,330037744434,330075488221,37744434,37743787,75488221,YES
634,635,67,335000000000,335037682652,335075364744,37682652,37682092,75364744,YES
634,635,68,340000000000,340037632814,340075265159,37632814,37632345,75265159,YES
634,635,69,345000000000,345037595142,345075189902,37595142,37594760,75189902,YES
634,635,70,350000000000,350037569764,350075139235,37569764,37569471,75139235,YES
634,635,71,355000000000,355037556698,355075113194,37556698,37556496,75113194,YES
634,635,72,360000000000,360037555864,360075111615,37555864,37555751,75111615,YES
634,635,73,365000000000,365037567078,365075134129,37567078,37567051,75134129,YES
634,635,74,370000000000,370038060337,370075679258,38060337,37618921,75679258,YES
634,635,75,375000000000,375037624447,375075249036,37624447,37624589,75249036,YES
634,635,76,380000000000,380037669814,380075339849,37669814,37670035,75339849,YES
634,635,77,385000000000,385037725671,385075451649,37725671,37725978,75451649,YES
634,635,78,390000000000,390037791497,390075583374,37791497,37791877,75583374,YES
634,635,79,395000000000,395046632716,395084500048,46632716,37867332,84500048,YES
634,635,80,400000000000,400037950831,400075902178,37950831,37951347,75902178,YES
634,635,81,405000000000,405038043213,405076087015,38043213,38043802,76087015,YES
634,635,82,410000000000,410098784933,410197569572,98784933,98784639,197569572,YES
634,635,83,415000000000,415098843042,415197686038,98843042,98842996,197686038,YES
634,635,84,420000000000,420047385942,420094772723,47385942,47386781,94772723,YES
634,635,85,425000000000,425047363408,425094727749,47363408,47364341,94727749,YES
634,635,86,430000000000,430047348360,430094697744,47348360,47349384,94697744,YES
634,635,87,435000000000,435047340940,435094682989,47340940,47342049,94682989,YES
634,635,88,440000000000,440047341300,440094683797,47341300,47342497,94683797,YES
634,635,89,445000000000,445047349590,445094700458,47349590,47350868,94700458,YES
634,635,90,450000000000,450047365951,450094733273,47365951,47367322,94733273,YES
634,635,91,455000000000,455047390582,455094782611,47390582,47392029,94782611,YES
634,635,92,460000000000,460047423643,460094848809,47423643,47425166,94848809,YES
634,635,93,465000000000,465047465333,465097858803,47465333,50393470,97858803,YES
634,635,94,470000000000,470042844228,470085687755,42844228,42843527,85687755,YES
634,635,95,475000000000,475042765794,475085530933,42765794,42765139,85530933,YES
634,635,96,480000000000,480042696380,480085392158,42696380,42695778,85392158,YES
634,635,97,485000000000,485042636578,485085272615,42636578,42636037,85272615,YES
634,635,98,490000000000,490042553369,490085106254,42553369,42552885,85106254,YES
634,635,99,495000000000,495042514480,495085028544,42514480,42514064,85028544,YES
634,635,100,500000000000,500042486788,500085431099,42486788,42944311,85431099,YES
634,635,101,505000000000,505042470682,505084941092,42470682,42470410,84941092,YES
634,635,102,510000000000,510042466469,510084932745,42466469,42466276,84932745,YES
634,635,103,515000000000,515042474361,515084948613,42474361,42474252,84948613,YES
634,635,104,520000000000,520042494466,520084988908,42494466,42494442,84988908,YES
634,635,105,525000000000,525042526795,525085053655,42526795,42526860,85053655,YES
634,635,106,530000000000,530042571260,530085142680,42571260,42571420,85142680,YES
634,635,107,535000000000,535042627690,535085255639,42627690,42627949,85255639,YES
634,635,108,540000000000,540042695841,540085392036,42695841,42696195,85392036,YES
634,635,109,545000000000,545042775394,545085551242,42775394,42775848,85551242,YES
634,635,110,550000000000,550042865988,550085732522,42865988,42866534,85732522,YES
634,635,111,555000000000,555108179122,555215722107,108179122,107542985,215722107,YES
634,635,112,560000000000,560037275020,560074549094,37275020,37274074,74549094,YES
634,635,113,565000000000,565037187915,565074374958,37187915,37187043,74374958,YES
634,635,114,570000000000,570037112505,570074224228,37112505,37111723,74224228,YES
634,635,115,575000000000,575037049219,575074097736,37049219,37048517,74097736,YES
634,635,116,580000000000,580036998386,580073996158,36998386,36997772,73996158,YES
634,635,117,585000000000,585036960247,585073919969,36960247,36959722,73919969,YES
634,635,118,590000000000,590036934925,590073869417,36934925,36934492,73869417,YES
634,635,119,595000000000,595036922439,595073844536,36922439,36922097,73844536,YES
634,635,120,600000000000,600036922685,600073845123,36922685,36922438,73845123,YES
634,635,121,605000000000,605036935456,605073870758,36935456,36935302,73870758,YES
634,635,122,610000000000,610036960443,610075306485,36960443,38346042,75306485,YES
634,635,123,615000000000,615036997247,615097578149,36997247,60580902,97578149,YES
634,635,124,620000000000,620037045399,620074090921,37045399,37045522,74090921,YES
634,635,125,625000000000,625037104369,625074208945,37104369,37104576,74208945,YES
634,635,126,630000000000,630037173587,630074347469,37173587,37173882,74347469,YES
634,635,127,635000000000,635037252454,635074505285,37252454,37252831,74505285,YES
634,635,128,640000000000,640037340368,640074681187,37340368,37340819,74681187,YES
634,635,129,645000000000,645037436717,645074873953,37436717,37437236,74873953,YES
634,635,130,650000000000,650037540908,650075082401,37540908,37541493,75082401,YES
634,635,131,655000000000,655037652365,655075305370,37652365,37653005,75305370,YES
634,635,132,660000000000,660098797075,660197594839,98797075,98797764,197594839,YES
634,635,133,665000000000,665050818099,665097990735,50818099,47172636,97990735,YES
634,635,134,670000000000,670050559863,670097792069,50559863,47232206,97792069,YES
634,635,135,675000000000,675047156765,675094314778,47156765,47158013,94314778,YES
634,635,136,680000000000,680047160289,680094321913,47160289,47161624,94321913,YES
634,635,137,685000000000,685047171171,685094343760,47171171,47172589,94343760,YES
634,635,138,690000000000,690047189493,690094380477,47189493,47190984,94380477,YES
634,635,139,695000000000,695047215328,695094432218,47215328,47216890,94432218,YES
634,635,140,700000000000,700047248788,700098766647,47248788,51517859,98766647,YES
634,635,141,705000000000,705047289993,705098101297,47289993,50811304,98101297,YES
634,635,142,710000000000,710047339123,710094680024,47339123,47340901,94680024,YES
634,635,143,715000000000,715102623987,715145226858,102623987,42602871,145226858,YES
634,635,144,720000000000,720042514179,720085027887,42514179,42513708,85027887,YES
634,635,145,725000000000,725042452580,725084904754,42452580,42452174,84904754,YES
634,635,146,730000000000,730042400897,730084801456,42400897,42400559,84801456,YES
634,635,147,735000000000,735042326112,735084651966,42326112,42325854,84651966,YES
634,635,148,740000000000,740042295964,740084591745,42295964,42295781,84591745,YES
634,635,149,745000000000,745042277331,745084554554,42277331,42277223,84554554,YES
634,635,150,750000000000,750042270605,750084541184,42270605,42270579,84541184,YES
634,635,151,755000000000,755042276085,755084552227,42276085,42276142,84552227,YES
634,635,152,760000000000,760042293966,760084588071,42293966,42294105,84588071,YES
634,635,153,765000000000,765042324323,765084648873,42324323,42324550,84648873,YES
634,635,154,770000000000,770111080042,770222158271,111080042,111078229,222158271,YES
634,635,155,775000000000,775111086259,775222170929,111086259,111084670,222170929,YES
634,635,156,780000000000,780111105216,780222209084,111105216,111103868,222209084,YES
634,635,157,785000000000,785111136897,785222272700,111136897,111135803,222272700,YES
634,635,158,790000000000,790111285096,790222421033,111285096,111135937,222421033,YES
634,635,159,795000000000,795039539030,795077031184,39539030,37492154,77031184,YES
634,635,160,800000000000,800037389258,800074777664,37389258,37388406,74777664,YES
634,635,161,805000000000,805037297054,805074593338,37297054,37296284,74593338,YES
634,635,162,810000000000,810037217130,810074433579,37217130,37216449,74433579,YES
634,635,163,815000000000,815037150024,815074299462,37150024,37149438,74299462,YES
634,635,164,820000000000,820037096171,820074191850,37096171,37095679,74191850,YES
634,635,165,825000000000,825037055887,825074111380,37055887,37055493,74111380,YES
634,635,166,830000000000,830037029345,830074058397,37029345,37029052,74058397,YES
634,635,167,835000000000,835037016590,835074032984,37016590,37016394,74032984,YES
634,635,168,840000000000,840037017502,840074034905,37017502,37017403,74034905,YES
634,635,169,845000000000,845037031831,845074063658,37031831,37031827,74063658,YES
634,635,170,850000000000,850037059198,850074118490,37059198,37059292,74118490,YES
634,635,171,855000000000,855037099115,855074198415,37099115,37099300,74198415,YES
634,635,172,860000000000,860037151004,860074302281,37151004,37151277,74302281,YES
634,635,173,865000000000,865037214229,865074428812,37214229,37214583,74428812,YES
634,635,174,870000000000,870037288105,870074576640,37288105,37288535,74576640,YES
634,635,175,875000000000,875037371932,875074744363,37371932,37372431,74744363,YES
634,635,176,880000000000,880037465001,880074930571,37465001,37465570,74930571,YES
634,635,177,885000000000,885098222906,885196445315,98222906,98222409,196445315,YES
634,635,178,890000000000,890098278998,890196557768,98278998,98278770,196557768,YES
634,635,179,895000000000,895098346229,895196692501,98346229,98346272,196692501,YES
634,635,180,900000000000,900098424303,900196848920,98424303,98424617,196848920,YES
634,635,181,905000000000,905098512902,905197026385,98512902,98513483,197026385,YES
634,635,182,910000000000,910047294769,910094590555,47294769,47295786,94590555,YES
634,635,183,915000000000,915047288187,915094577485,47288187,47289298,94577485,YES
634,635,184,920000000000,920047289949,920094581110,47289949,47291161,94581110,YES
634,635,185,925000000000,925047300163,925094601631,47300163,47301468,94601631,YES
634,635,186,930000000000,930047318924,930094639247,47318924,47320323,94639247,YES
634,635,187,935000000000,935047346333,935094694162,47346333,47347829,94694162,YES
634,635,188,940000000000,940047382518,940094766612,47382518,47384094,94766612,YES
634,635,189,945000000000,945047427597,945094856842,47427597,47429245,94856842,YES
634,635,190,950000000000,950207508443,950254993726,207508443,47485283,254993726,YES
634,635,191,955000000000,955230037690,955277606066,230037690,47568376,277606066,YES
634,635,192,960000000000,960047617375,960095236600,47617375,47619225,95236600,YES
634,635,193,965000000000,965047699219,965095400351,47699219,47701132,95400351,YES
634,635,194,970000000000,970111329603,970222656103,111329603,111326500,222656103,YES
634,635,195,975000000000,975118942095,975230231577,118942095,111289482,230231577,YES
634,635,196,980000000000,980117876232,980229028464,117876232,111152232,229028464,YES
634,635,197,985000000000,985114774176,985225912037,114774176,111137861,225912037,YES
634,635,198,990000000000,990111061170,990222731926,111061170,111670756,222731926,YES
634,635,199,995000000000,995111032492,995222062744,111032492,111030252,222062744,YES
634,635,200,1000000000000,1000111016245,1000222030459,111016245,111014214,222030459,YES
634,635,201,1005000000000,1005111012540,1005222023272,111012540,111010732,222023272,YES
634,635,202,1010000000000,1010111021444,1010222041312,111021444,111019868,222041312,YES
634,635,203,1015000000000,1015111042981,1015222084644,111042981,111041663,222084644,YES
634,635,204,1020000000000,1020111057712,1020222111788,111057712,111054076,222111788,YES
634,635,205,1025000000000,1025039227739,1025076603931,39227739,37376192,76603931,YES
634,635,206,1030000000000,1030037266530,1030074532152,37266530,37265622,74532152,YES
634,635,207,1035000000000,1035037167511,1035074334201,37167511,37166690,74334201,YES
634,635,208,1040000000000,1040037080857,1040074160984,37080857,37080127,74160984,YES
634,635,209,1045000000000,1045037007190,1045074013744,37007190,37006554,74013744,YES
634,635,210,1050000000000,1050036947030,1050073893525,36947030,36946495,73893525,YES
634,635,211,1055000000000,1055036900770,1055073801104,36900770,36900334,73801104,YES
634,635,212,1060000000000,1060036868668,1060073737002,36868668,36868334,73737002,YES
634,635,213,1065000000000,1065036850820,1065073701408,36850820,36850588,73701408,YES
634,635,214,1070000000000,1070036847164,1070073694197,36847164,36847033,73694197,YES
634,635,215,1075000000000,1075036857478,1075073714925,36857478,36857447,73714925,YES
634,635,216,1080000000000,1080036881394,1080073762854,36881394,36881460,73762854,YES
634,635,217,1085000000000,1085036918420,1085073836999,36918420,36918579,73836999,YES
634,635,218,1090000000000,1090036967961,1090073936171,36967961,36968210,73936171,YES
634,635,219,1095000000000,1095037029344,1095074059029,37029344,37029685,74059029,YES
634,635,220,1100000000000,1100037101846,1100074204125,37101846,37102279,74204125,YES
634,635,221,1105000000000,1105037184730,1105074369955,37184730,37185225,74369955,YES
634,635,222,1110000000000,1110037277220,1110074555006,37277220,37277786,74555006,YES
634,635,223,1115000000000,1115098031453,1115196062324,98031453,98030871,196062324,YES
634,635,224,1120000000000,1120099288053,1120197374206,99288053,98086153,197374206,YES
634,635,225,1125000000000,1125098152976,1125196305928,98152976,98152952,196305928,YES
634,635,226,1130000000000,1130098230758,1130196461781,98230758,98231023,196461781,YES
634,635,227,1135000000000,1135098319479,1135196639504,98319479,98320025,196639504,YES
634,635,228,1140000000000,1140098418789,1140196838403,98418789,98419614,196838403,YES
634,635,229,1145000000000,1145047329318,1145094659722,47329318,47330404,94659722,YES
634,635,230,1150000000000,1150047330238,1150094661667,47330238,47331429,94661667,YES
634,635,231,1155000000000,1155047339861,1155094681008,47339861,47341147,94681008,YES
634,635,232,1160000000000,1160047358239,1160094717857,47358239,47359618,94717857,YES
634,635,233,1165000000000,1165047385432,1165094772334,47385432,47386902,94772334,YES
634,635,234,1170000000000,1170047421484,1170094844537,47421484,47423053,94844537,YES
634,635,235,1175000000000,1175047466477,1175094934603,47466477,47468126,94934603,YES
634,635,236,1180000000000,1180047520467,1180095042657,47520467,47522190,95042657,YES
634,635,237,1185000000000,1185047583507,1185095168808,47583507,47585301,95168808,YES
634,635,238,1190000000000,1190047655666,1190095313194,47655666,47657528,95313194,YES
634,635,239,1195000000000,1195047736998,1195095475918,47736998,47738920,95475918,YES
635,636,0,0,34954570,69908523,34954570,34953953,69908523,YES
635,636,1,5000000000,5034796826,5069593127,34796826,34796301,69593127,YES
635,636,2,10000000000,10034684057,10069720022,34684057,35035965,69720022,YES
635,636,3,15000000000,15034583269,15069166195,34583269,34582926,69166195,YES
635,636,4,20000000000,20034495016,20068989784,34495016,34494768,68989784,YES
635,636,5,25000000000,25034419757,25068839361,34419757,34419604,68839361,YES
635,636,6,30000000000,30034357864,30068715668,34357864,34357804,68715668,YES
635,636,7,35000000000,35034309580,35071799240,34309580,37489660,71799240,YES
635,636,8,40000000000,40034275031,40068550189,34275031,34275158,68550189,YES
635,636,9,45000000000,45034254202,45068508621,34254202,34254419,68508621,YES
635,636,10,50000000000,50034246951,50068494204,34246951,34247253,68494204,YES
635,636,11,55000000000,55035000504,55069253900,35000504,34253396,69253900,YES
635,636,12,60000000000,60034271987,60068544438,34271987,34272451,68544438,YES
635,636,13,65000000000,65034303408,65068607352,34303408,34303944,68607352,YES
635,636,14,70000000000,70034346705,70068694015,34346705,34347310,68694015,YES
635,636,15,75000000000,75055346080,75110693409,55346080,55347329,110693409,YES
635,636,16,80000000000,80055400773,80110802896,55400773,55402123,110802896,YES
635,636,17,85000000000,85055399805,85110800006,55399805,55400201,110800006,YES
635,636,18,90000000000,90055492159,90110984844,55492159,55492685,110984844,YES
635,636,19,95000000000,95055597359,95111195376,55597359,55598017,111195376,YES
635,636,20,100000000000,100055715286,100111431366,55715286,55716080,111431366,YES
635,636,21,105000000000,105055845714,105111692356,55845714,55846642,111692356,YES
635,636,22,110000000000,110055988328,110111977715,55988328,55989387,111977715,YES
635,636,23,115000000000,115056142737,115112286674,56142737,56143937,112286674,YES
635,636,24,120000000000,120056308496,120114339098,56308496,58030602,114339098,YES
635,636,25,125000000000,125056485083,125121426660,56485083,64941577,121426660,YES
635,636,26,130000000000,130056671967,130113345511,56671967,56673544,113345511,YES
635,636,27,135000000000,135056868597,135113738889,56868597,56870292,113738889,YES
635,636,28,140000000000,140057074391,140114150604,57074391,57076213,114150604,YES
635,636,29,145000000000,145057288781,145114579488,57288781,57290707,114579488,YES
635,636,30,150000000000,150057511202,150115024449,57511202,57513247,115024449,YES
635,636,31,155000000000,155088393762,155177027112,88393762,88633350,177027112,YES
635,636,32,160000000000,160088447632,160176897797,88447632,88450165,176897797,YES
635,636,33,165000000000,165088512116,165177026918,88512116,88514802,177026918,YES
635,636,34,170000000000,170088587138,170180864463,88587138,92277325,180864463,YES
635,636,35,175000000000,175088672616,175182093885,88672616,93421269,182093885,YES
635,636,36,180000000000,180036938526,180073875751,36938526,36937225,73875751,YES
635,636,37,185000000000,185036821405,185073641542,36821405,36820137,73641542,YES
635,636,38,190000000000,190036712110,190073422984,36712110,36710874,73422984,YES
635,636,39,195000000000,195044135580,195080799082,44135580,36663502,80799082,YES
635,636,40,200000000000,200036517904,200073034650,36517904,36516746,73034650,YES
635,636,41,205000000000,205036433407,205072865707,36433407,36432300,72865707,YES
635,636,42,210000000000,210036357583,210073558109,36357583,37200526,73558109,YES
635,636,43,215000000000,215036290605,215072580206,36290605,36289601,72580206,YES
635,636,44,220000000000,220036232654,220072464365,36232654,36231711,72464365,YES
635,636,45,225000000000,225035488514,225070976018,35488514,35487504,70976018,YES
635,636,46,230000000000,230035317156,230070633367,35317156,35316211,70633367,YES
635,636,47,235000000000,235035154081,235070307291,35154081,35153210,70307291,YES
635,636,48,240000000000,240035000007,240069999228,35000007,34999221,69999228,YES
635,636,49,245000000000,245035133941,245069988899,35133941,34854958,69988899,YES
635,636,50,250000000000,250034688186,250069375768,34688186,34687582,69375768,YES
635,636,51,255000000000,255034565495,255069130482,34565495,34564987,69130482,YES
635,636,52,260000000000,260034454687,260068908962,34454687,34454275,68908962,YES
635,636,53,265000000000,265034356400,265068712485,34356400,34356085,68712485,YES
635,636,54,270000000000,270034271199,270068542179,34271199,34270980,68542179,YES
635,636,55,275000000000,275034199545,275068398973,34199545,34199428,68398973,YES
635,636,56,280000000000,280034468321,280068610089,34468321,34141768,68610089,YES
635,636,57,285000000000,285036404660,285073689343,36404660,37284683,73689343,YES
635,636,58,290000000000,290034068697,290070789184,34068697,36720487,70789184,YES
635,636,59,295000000000,295034053352,295068106968,34053352,34053616,68106968,YES
635,636,60,300000000000,300034051908,300068104168,34051908,34052260,68104168,YES
635,636,61,305000000000,305034064016,305068128470,34064016,34064454,68128470,YES
635,636,62,310000000000,310034089220,310068178955,34089220,34089735,68178955,YES
635,636,63,315000000000,315034126955,315068254498,34126955,34127543,68254498,YES
635,636,64,320000000000,320055578343,320111157929,55578343,55579586,111157929,YES
635,636,65,325000000000,325056201745,325111354663,56201745,55152918,111354663,YES
635,636,66,330000000000,330055245216,330110490736,55245216,55245520,110490736,YES
635,636,67,335000000000,335062076317,335117427557,62076317,55351240,117427557,YES
635,636,68,340000000000,340060266246,340115735854,60266246,55469608,115735854,YES
635,636,69,345000000000,345055599778,345111200285,55599778,55600507,111200285,YES
635,636,70,350000000000,350056950777,350112694658,56950777,55743881,112694658,YES
635,636,71,355000000000,355055898114,355111797247,55898114,55899133,111797247,YES
635,636,72,360000000000,360056082085,360112148020,56082085,56065935,112148020,YES
635,636,73,365000000000,365056242434,365112486186,56242434,56243752,112486186,YES
635,636,74,370000000000,370056430617,370117352107,56430617,60921490,117352107,YES
635,636,75,375000000000,375056628720,375113259016,56628720,56630296,113259016,YES
635,636,76,380000000000,380056836190,380113674088,56836190,56837898,113674088,YES
635,636,77,385000000000,385057052445,385114106732,57052445,57054287,114106732,YES
635,636,78,390000000000,390057276913,390114555797,57276913,57278884,114555797,YES
635,636,79,395000000000,395058977125,395116488297,58977125,57511172,116488297,YES
635,636,80,400000000000,400088349065,400176700563,88349065,88351498,176700563,YES
635,636,81,405000000000,405093656798,405182062226,93656798,88405428,182062226,YES
635,636,82,410000000000,410088467004,410176936769,88467004,88469765,176936769,YES
635,636,83,415000000000,415092348640,415180893276,92348640,88544636,180893276,YES
635,636,84,420000000000,420036474404,420072947531,36474404,36473127,72947531,YES
635,636,85,425000000000,425036349930,425072698638,36349930,36348708,72698638,YES
635,636,86,430000000000,430036233305,430072465431,36233305,36232126,72465431,YES
635,636,87,435000000000,435036124864,435072248592,36124864,36123728,72248592,YES
635,636,88,440000000000,440036024933,440072048776,36024933,36023843,72048776,YES
635,636,89,445000000000,445035933831,445071866624,35933831,35932793,71866624,YES
635,636,90,450000000000,450035851867,450071702754,35851867,35850887,71702754,YES
635,636,91,455000000000,455035439164,455071961965,35439164,36522801,71961965,YES
635,636,92,460000000000,460035263407,460070525831,35263407,35262424,70525831,YES
635,636,93,465000000000,465035095697,465070190484,35095697,35094787,70190484,YES
635,636,94,470000000000,470034936757,470069872704,34936757,34935947,69872704,YES
635,636,95,475000000000,475034787330,475069880854,34787330,35093524,69880854,YES
635,636,96,480000000000,480034648178,480069898711,34648178,35250533,69898711,YES
635,636,97,485000000000,485034520055,485069039561,34520055,34519506,69039561,YES
635,636,98,490000000000,490034370094,490068739739,34370094,34369645,68739739,YES
635,636,99,495000000000,495034266183,495068532010,34266183,34265827,68532010,YES
635,636,100,500000000000,500034530571,500068705649,34530571,34175078,68705649,YES
635,636,101,505000000000,505034098075,505068195994,34098075,34097919,68195994,YES
635,636,102,510000000000,510034034807,510068069562,34034807,34034755,68069562,YES
635,636,103,515000000000,515033985808,515070057968,33985808,36072160,70057968,YES
635,636,104,520000000000,520033951204,520067902556,33951204,33951352,67902556,YES
635,636,105,525000000000,525033930973,525067862185,33930973,33931212,67862185,YES
635,636,106,530000000000,530033924943,530067850210,33924943,33925267,67850210,YES
635,636,107,535000000000,535033932794,535067866000,33932794,33933206,67866000,YES
635,636,108,540000000000,540033954097,540067908685,33954097,33954588,67908685,YES
635,636,109,545000000000,545033988301,545067977163,33988301,33988862,67977163,YES
635,636,110,550000000000,550061205514,550119482445,61205514,58276931,119482445,YES
635,636,111,555000000000,555055119849,555147217254,55119849,92097405,147217254,YES
635,636,112,560000000000,560055205716,560110411659,55205716,55205943,110411659,YES
635,636,113,565000000000,565055305033,565111153895,55305033,55848862,111153895,YES
635,636,114,570000000000,570055417753,570110836024,55417753,55418271,110836024,YES
635,636,115,575000000000,575055543706,575111088088,55543706,55544382,111088088,YES
635,636,116,580000000000,580055682634,580111366092,55682634,55683458,111366092,YES
635,636,117,585000000000,585055862655,585111697814,55862655,55835159,111697814,YES
635,636,118,590000000000,590055997899,590113461804,55997899,57463905,113461804,YES
635,636,119,595000000000,595056173292,595112347883,56173292,56174591,112347883,YES
635,636,120,600000000000,600056359815,600112721061,56359815,56361246,112721061,YES
635,636,121,605000000000,605056556845,605113115262,56556845,56558417,113115262,YES
635,636,122,610000000000,610060609150,610117374796,60609150,56765646,117374796,YES
635,636,123,615000000000,615081897360,615138880248,81897360,56982888,138880248,YES
635,636,124,620000000000,620057204757,620114411504,57204757,57206747,114411504,YES
635,636,125,625000000000,625057437576,625114877250,57437576,57439674,114877250,YES
635,636,126,630000000000,630057677801,630115357812,57677801,57680011,115357812,YES
635,636,127,635000000000,635088408521,635176819738,88408521,88411217,176819738,YES
635,636,128,640000000000,640088475070,640183416448,88475070,94941378,183416448,YES
635,636,129,645000000000,645088551915,645177106843,88551915,88554928,177106843,YES
635,636,130,650000000000,650088638915,650177280986,88638915,88642071,177280986,YES
635,636,131,655000000000,655088735918,655179254937,88735918,90519019,179254937,YES
635,636,132,660000000000,660088842784,660189679397,88842784,100836613,189679397,YES
635,636,133,665000000000,665036886511,665073771742,36886511,36885231,73771742,YES
635,636,134,670000000000,670036773682,670073546118,36773682,36772436,73546118,YES
635,636,135,675000000000,675036668535,675073335859,36668535,36667324,73335859,YES
635,636,136,680000000000,680036571307,680073141445,36571307,36570138,73141445,YES
635,636,137,685000000000,685036079932,685072158619,36079932,36078687,72158619,YES
635,636,138,690000000000,690035888546,690071775909,35888546,35887363,71775909,YES
635,636,139,695000000000,695035703740,695071406353,35703740,35702613,71406353,YES
635,636,140,700000000000,700035526163,700071051267,35526163,35525104,71051267,YES
635,636,141,705000000000,705035356497,705070711999,35356497,35355502,70711999,YES
635,636,142,710000000000,710035195492,710070390039,35195492,35194547,70390039,YES
635,636,143,715000000000,715035043887,715134812442,35043887,99768555,134812442,YES
635,636,144,720000000000,720034902489,720069804206,34902489,34901717,69804206,YES
635,636,145,725000000000,725034772097,725069543507,34772097,34771410,69543507,YES
635,636,146,730000000000,730034653508,730069306413,34653508,34652905,69306413,YES
635,636,147,735000000000,735034513857,735069027204,34513857,34513347,69027204,YES
635,636,148,740000000000,740034421041,740068841676,34421041,34420635,68841676,YES
635,636,149,745000000000,745034342054,745068683799,34342054,34341745,68683799,YES
635,636,150,750000000000,750034277363,750068554515,34277363,34277152,68554515,YES
635,636,151,755000000000,755034697954,755068925141,34697954,34227187,68925141,YES
635,636,152,760000000000,760034192022,760068384036,34192022,34192014,68384036,YES
635,636,153,765000000000,765034171525,765068343141,34171525,34171616,68343141,YES
635,636,154,770000000000,770034165627,770068331442,34165627,34165815,68331442,YES
635,636,155,775000000000,775034173987,775068348257,34173987,34174270,68348257,YES
635,636,156,780000000000,780034196121,780068392613,34196121,34196492,68392613,YES
635,636,157,785000000000,785113530075,785168859950,113530075,55329875,168859950,YES
635,636,158,790000000000,790055362241,790110725517,55362241,55363276,110725517,YES
635,636,159,795000000000,795055831201,795110897079,55831201,55065878,110897079,YES
635,636,160,800000000000,800055117658,800110235269,55117658,55117611,110235269,YES
635,636,161,805000000000,805055192505,805110385112,55192505,55192607,110385112,YES
635,636,162,810000000000,810055281172,810112024905,55281172,56743733,112024905,YES
635,636,163,815000000000,815055383716,815110767830,55383716,55384114,110767830,YES
635,636,164,820000000000,820055500069,820111000699,55500069,55500630,111000699,YES
635,636,165,825000000000,825055630057,825111260834,55630057,55630777,111260834,YES
635,636,166,830000000000,830055773383,830111547650,55773383,55774267,111547650,YES
635,636,167,835000000000,835055929649,835111860349,55929649,55930700,111860349,YES
635,636,168,840000000000,840056098376,840112197973,56098376,56099597,112197973,YES
635,636,169,845000000000,845056279013,845112559395,56279013,56280382,112559395,YES
635,636,170,850000000000,850059594969,850116067534,59594969,56472565,116067534,YES
635,636,171,855000000000,855056673448,855113348567,56673448,56675119,113348567,YES
635,636,172,860000000000,860056885926,860113773657,56885926,56887731,113773657,YES
635,636,173,865000000000,865057107659,865114217277,57107659,57109618,114217277,YES
635,636,174,870000000000,870057337972,870114678022,57337972,57340050,114678022,YES
635,636,175,875000000000,875057576203,875115154596,57576203,57578393,115154596,YES
635,636,176,880000000000,880057821726,880115645749,57821726,57824023,115645749,YES
635,636,177,885000000000,885088001163,885176005205,88001163,88004042,176005205,YES
635,636,178,890000000000,890090559978,890178662006,90559978,88102028,178662006,YES
635,636,179,895000000000,895093512573,895181709508,93512573,88196935,181709508,YES
635,636,180,900000000000,900093292248,900191126713,93292248,97834465,191126713,YES
635,636,181,905000000000,905088426985,905185005936,88426985,96578951,185005936,YES
635,636,182,910000000000,910036684982,910073368794,36684982,36683812,73368794,YES
635,636,183,915000000000,915036592580,915073184036,36592580,36591456,73184036,YES
635,636,184,920000000000,920036508384,920073015689,36508384,36507305,73015689,YES
635,636,185,925000000000,925035742835,925071484528,35742835,35741693,71484528,YES
635,636,186,930000000000,930035553872,930071106651,35553872,35552779,71106651,YES
635,636,187,935000000000,935035371552,935070742074,35371552,35370522,70742074,YES
635,636,188,940000000000,940035196511,940070392060,35196511,35195549,70392060,YES
635,636,189,945000000000,945035029408,945070057933,35029408,35028525,70057933,YES
635,636,190,950000000000,950034870933,950230519416,34870933,195648483,230519416,YES
635,636,191,955000000000,955034721804,955255343063,34721804,220621259,255343063,YES
635,636,192,960000000000,960034582747,960070513579,34582747,35930832,70513579,YES
635,636,193,965000000000,965034454486,965072267956,34454486,37813470,72267956,YES
635,636,194,970000000000,970034337729,970068675014,34337729,34337285,68675014,YES
635,636,195,975000000000,975034233140,975068465932,34233140,34232792,68465932,YES
635,636,196,980000000000,980034107721,980068215187,34107721,34107466,68215187,YES
635,636,197,985000000000,985049912799,985084523199,49912799,34610400,84523199,YES
635,636,198,990000000000,990035362001,990069326283,35362001,33964282,69326283,YES
635,636,199,995000000000,995033913518,995067827075,33913518,33913557,67827075,YES
635,636,200,1000000000000,1000033876823,1000067753778,33876823,33876955,67753778,YES
635,636,201,1005000000000,1005033854288,1005067708802,33854288,33854514,67708802,YES
635,636,202,1010000000000,1010033845789,1010067691890,33845789,33846101,67691890,YES
635,636,203,1015000000000,1015033851056,1015069750081,33851056,35899025,69750081,YES
635,636,204,1020000000000,1020055496896,1020110876557,55496896,55379661,110876557,YES
635,636,205,1025000000000,1025055136976,1025110273704,55136976,55136728,110273704,YES
635,636,206,1030000000000,1030059501016,1030114757472,59501016,55256456,114757472,YES
635,636,207,1035000000000,1035055260450,1035110520932,55260450,55260482,110520932,YES
635,636,208,1040000000000,1040055343028,1040110686236,55343028,55343208,110686236,YES
635,636,209,1045000000000,1045055439714,1045110879767,55439714,55440053,110879767,YES
635,636,210,1050000000000,1050055550515,1050111101524,55550515,55551009,111101524,YES
635,636,211,1055000000000,1055055683051,1055111359018,55683051,55675967,111359018,YES
635,636,212,1060000000000,1060055813833,1060111628498,55813833,55814665,111628498,YES
635,636,213,1065000000000,1065055965745,1065111932492,55965745,55966747,111932492,YES
635,636,214,1070000000000,1070056130569,1070112262316,56130569,56131747,112262316,YES
635,636,215,1075000000000,1075056307764,1075112616858,56307764,56309094,112616858,YES
635,636,216,1080000000000,1080056496683,1080112994857,56496683,56498174,112994857,YES
635,636,217,1085000000000,1085056696659,1085113394962,56696659,56698303,113394962,YES
635,636,218,1090000000000,1090056906987,1090113815762,56906987,56908775,113815762,YES
635,636,219,1095000000000,1095057126957,1095114255856,57126957,57128899,114255856,YES
635,636,220,1100000000000,1100057355840,1100114713748,57355840,57357908,114713748,YES
635,636,221,1105000000000,1105063982960,1105121578401,63982960,57595441,121578401,YES
635,636,222,1110000000000,1110065199101,1110123039370,65199101,57840269,123039370,YES
635,636,223,1115000000000,1115063401168,1115126804727,63401168,63403559,126804727,YES
635,636,224,1120000000000,1120063547736,1120127097965,63547736,63550229,127097965,YES
635,636,225,1125000000000,1125063703765,1125127410125,63703765,63706360,127410125,YES
635,636,226,1130000000000,1130063868969,1130127740635,63868969,63871666,127740635,YES
635,636,227,1135000000000,1135064043044,1135128088866,64043044,64045822,128088866,YES
635,636,228,1140000000000,1140064225682,1140132206328,64225682,67980646,132206328,YES
635,636,229,1145000000000,1145053060855,1145106120107,53060855,53059252,106120107,YES
635,636,230,1150000000000,1150052996793,1150105992048,52996793,52995255,105992048,YES
635,636,231,1155000000000,1155052941119,1155105880773,52941119,52939654,105880773,YES
635,636,232,1160000000000,1160035656077,1160071311070,35656077,35654993,71311070,YES
635,636,233,1165000000000,1165035473612,1165070946202,35473612,35472590,70946202,YES
635,636,234,1170000000000,1170035298152,1170070595341,35298152,35297189,70595341,YES
635,636,235,1175000000000,1175035130302,1175070259720,35130302,35129418,70259720,YES
635,636,236,1180000000000,1180035108231,1180070078126,35108231,34969895,70078126,YES
635,636,237,1185000000000,1185034820032,1185069639342,34820032,34819310,69639342,YES
635,636,238,1190000000000,1190034678957,1190069357273,34678957,34678316,69357273,YES
635,636,239,1195000000000,1195034548165,1195069095779,34548165,34547614,69095779,YES
636,637,0,0,54126245,108251130,54126245,54124885,108251130,YES
636,637,1,5000000000,5057760745,5111900156,57760745,54139411,111900156,YES
636,637,2,10000000000,10055778284,10109940203,55778284,54161919,109940203,YES
636,637,3,15000000000,15033030517,15066060008,33030517,33029491,66060008,YES
636,637,4,20000000000,20032944266,20065887583,32944266,32943317,65887583,YES
636,637,5,25000000000,25032868662,25065736462,32868662,32867800,65736462,YES
636,637,6,30000000000,30032803939,30065607097,32803939,32803158,65607097,YES
636,637,7,35000000000,35028523111,35061035011,28523111,32511900,61035011,YES
636,637,8,40000000000,40028375470,40056750428,28375470,28374958,56750428,YES
636,637,9,45000000000,45028237193,45056473954,28237193,28236761,56473954,YES
636,637,10,50000000000,50028108552,50056216753,28108552,28108201,56216753,YES
636,637,11,55000000000,55027989768,55055979282,27989768,27989514,55979282,YES
636,637,12,60000000000,60027880993,60055761804,27880993,27880811,55761804,YES
636,637,13,65000000000,65027782323,65055564542,27782323,27782219,55564542,YES
636,637,14,70000000000,70027693814,70055387598,27693814,27693784,55387598,YES
636,637,15,75000000000,75069381747,75138231703,69381747,68849956,138231703,YES
636,637,16,80000000000,80068780040,80137559955,68780040,68779915,137559955,YES
636,637,17,85000000000,85068722664,85137445414,68722664,68722750,137445414,YES
636,637,18,90000000000,90068678474,90137357246,68678474,68678772,137357246,YES
636,637,19,95000000000,95070413370,95139093454,70413370,68680084,139093454,YES
636,637,20,100000000000,100117015142,100188156977,117015142,71141835,188156977,YES
636,637,21,105000000000,105111364013,105179991871,111364013,68627858,179991871,YES
636,637,22,110000000000,110068637053,110137275200,68637053,68638147,137275200,YES
636,637,23,115000000000,115068660809,115137322893,68660809,68662084,137322893,YES
636,637,24,120000000000,120068698077,120148053260,68698077,79355183,148053260,YES
636,637,25,125000000000,125068748681,125146117899,68748681,77369218,146117899,YES
636,637,26,130000000000,130071541039,130150194517,71541039,78653478,150194517,YES
636,637,27,135000000000,135018793875,135037588293,18793875,18794418,37588293,YES
636,637,28,140000000000,140018866318,140037733213,18866318,18866895,37733213,YES
636,637,29,145000000000,145018949223,145037899050,18949223,18949827,37899050,YES
636,637,30,150000000000,150019042372,150038085375,19042372,19043003,38085375,YES
636,637,31,155000000000,155044594361,155089188172,44594361,44593811,89188172,YES
636,637,32,160000000000,160044579103,160089157750,44579103,44578647,89157750,YES
636,637,33,165000000000,165044575883,165089151403,44575883,44575520,89151403,YES
636,637,34,170000000000,170044584695,170089169123,44584695,44584428,89169123,YES
636,637,35,175000000000,175044605466,175089210766,44605466,44605300,89210766,YES
636,637,36,180000000000,180044638048,180089276028,44638048,44637980,89276028,YES
636,637,37,185000000000,185044682225,185089364485,44682225,44682260,89364485,YES
636,637,38,190000000000,190044737732,190089475598,44737732,44737866,89475598,YES
636,637,39,195000000000,195044804245,195089608730,44804245,44804485,89608730,YES
636,637,40,200000000000,200074366318,200119248560,74366318,44882242,119248560,YES
636,637,41,205000000000,205044968829,205089938101,44968829,44969272,89938101,YES
636,637,42,210000000000,210046267707,210091334372,46267707,45066665,91334372,YES
636,637,43,215000000000,215045165503,215090331359,45165503,45165856,90331359,YES
636,637,44,220000000000,220047904302,220093159686,47904302,45255384,93159686,YES
636,637,45,225000000000,225064892298,225119698805,64892298,54806507,119698805,YES
636,637,46,230000000000,230054795989,230109590250,54795989,54794261,109590250,YES
636,637,47,235000000000,235032969128,235065936881,32969128,32967753,65936881,YES
636,637,48,240000000000,240032843935,240065686550,32843935,32842615,65686550,YES
636,637,49,245000000000,245032727721,245065454178,32727721,32726457,65454178,YES
636,637,50,250000000000,250032620799,250065240398,32620799,32619599,65240398,YES
636,637,51,255000000000,255032523473,255065045821,32523473,32522348,65045821,YES
636,637,52,260000000000,260032436031,260064871009,32436031,32434978,64871009,YES
636,637,53,265000000000,265032358743,265065241316,32358743,32882573,65241316,YES
636,637,54,270000000000,270032291858,270064582815,32291858,32290957,64582815,YES
636,637,55,275000000000,275044636910,275089273268,44636910,44636358,89273268,YES
636,637,56,280000000000,280027907893,280055815155,27907893,27907262,55815155,YES
636,637,57,285000000000,285027762985,285055525422,27762985,27762437,55525422,YES
636,637,58,290000000000,290027628034,290056353663,27628034,28725629,56353663,YES
636,637,59,295000000000,295028103783,295056507250,28103783,28403467,56507250,YES
636,637,60,300000000000,300048590147,300075978790,48590147,27388643,75978790,YES
636,637,61,305000000000,305027286269,305054572309,27286269,27286040,54572309,YES
636,637,62,310000000000,310027194165,310054388181,27194165,27194016,54388181,YES
636,637,63,315000000000,315027113192,315054226308,27113192,27113116,54226308,YES
636,637,64,320000000000,320068745245,320140918790,68745245,72173545,140918790,YES
636,637,65,325000000000,325068707157,325141350854,68707157,72643697,141350854,YES
636,637,66,330000000000,330068682589,330137492946,68682589,68810357,137492946,YES
636,637,67,335000000000,335068671623,335144422129,68671623,75750506,144422129,YES
636,637,68,340000000000,340068674267,340141078228,68674267,72403961,141078228,YES
636,637,69,345000000000,345068690463,345137382093,68690463,68691630,137382093,YES
636,637,70,350000000000,350068720084,350137441513,68720084,68721429,137441513,YES
636,637,71,355000000000,355068762945,355137527407,68762945,68764462,137527407,YES
636,637,72,360000000000,360077422385,360146242962,77422385,68820577,146242962,YES
636,637,73,365000000000,365070914357,365139803574,70914357,68889217,139803574,YES
636,637,74,370000000000,370075688878,370144659243,75688878,68970365,144659243,YES
636,637,75,375000000000,375069907329,375138970617,69907329,69063288,138970617,YES
636,637,76,380000000000,380018744374,380037489347,18744374,18744973,37489347,YES
636,637,77,385000000000,385018823670,385037647979,18823670,18824309,37647979,YES
636,637,78,390000000000,390018912295,390037825251,18912295,18912956,37825251,YES
636,637,79,395000000000,395019010091,395038020866,19010091,19010775,38020866,YES
636,637,80,400000000000,400047019784,400091841270,47019784,44821486,91841270,YES
636,637,81,405000000000,405052440730,405097239478,52440730,44798748,97239478,YES
636,637,82,410000000000,410044787964,410089575501,44787964,44787537,89575501,YES
636,637,83,415000000000,415044788174,415089576012,44788174,44787838,89576012,YES
636,637,84,420000000000,420044799917,420090689563,44799917,45889646,90689563,YES
636,637,85,425000000000,425045174474,425089997443,45174474,44822969,89997443,YES
636,637,86,430000000000,430044857628,430089715204,44857628,44857576,89715204,YES
636,637,87,435000000000,435044903265,435089806579,44903265,44903314,89806579,YES
636,637,88,440000000000,440044959782,440089919714,44959782,44959932,89919714,YES
636,637,89,445000000000,445045025115,445093318004,45025115,48292889,93318004,YES
636,637,90,450000000000,450045077931,450091583410,45077931,46505479,91583410,YES
636,637,91,455000000000,455054234814,455108467822,54234814,54233008,108467822,YES
636,637,92,460000000000,460055936210,460110142102,55936210,54205892,110142102,YES
636,637,93,465000000000,465032728420,465065455446,32728420,32727026,65455446,YES
636,637,94,470000000000,470032600291,470065199259,32600291,32598968,65199259,YES
636,637,95,475000000000,475032481327,475064961380,32481327,32480053,64961380,YES
636,637,96,480000000000,480032371824,480064742436,32371824,32370612,64742436,YES
636,637,97,485000000000,485032272081,485064543012,32272081,32270931,64543012,YES
636,637,98,490000000000,490032182378,490065164187,32182378,32981809,65164187,YES
636,637,99,495000000000,495032102982,495065250223,32102982,33147241,65250223,YES
636,637,100,500000000000,500032034124,500064402772,32034124,32368648,64402772,YES
636,637,101,505000000000,505031976020,505063951187,31976020,31975167,63951187,YES
636,637,102,510000000000,510046779568,510091239675,46779568,44460107,91239675,YES
636,637,103,515000000000,515044463548,515088926750,44463548,44463202,88926750,YES
636,637,104,520000000000,520044478444,520088956673,44478444,44478229,88956673,YES
636,637,105,525000000000,525027540964,525055081505,27540964,27540541,55081505,YES
636,637,106,530000000000,530027424516,530054848693,27424516,27424177,54848693,YES
636,637,107,535000000000,535027318889,535054637518,27318889,27318629,54637518,YES
636,637,108,540000000000,540027224257,540055593678,27224257,28369421,55593678,YES
636,637,109,545000000000,545027140719,545054281338,27140719,27140619,54281338,YES
636,637,110,550000000000,550072076587,550146026335,72076587,73949748,146026335,YES
636,637,111,555000000000,555068784235,555137568788,68784235,68784553,137568788,YES
636,637,112,560000000000,560068758235,560146673649,68758235,77915414,146673649,YES
636,637,113,565000000000,565068745770,565159605760,68745770,90859990,159605760,YES
636,637,114,570000000000,570071278352,570143587443,71278352,72309091,143587443,YES
636,637,115,575000000000,575078172465,575146935006,78172465,68762541,146935006,YES
636,637,116,580000000000,580068789221,580137579771,68789221,68790550,137579771,YES
636,637,117,585000000000,585069738424,585141374232,69738424,71635808,141374232,YES
636,637,118,590000000000,590099692232,590169483556,99692232,69791324,169483556,YES
636,637,119,595000000000,595068950533,595142175450,68950533,73224917,142175450,YES
636,637,120,600000000000,600069029236,600138060444,69029236,69031208,138060444,YES
636,637,121,605000000000,605069119816,605138241738,69119816,69121922,138241738,YES
636,637,122,610000000000,610018833737,610037668084,18833737,18834347,37668084,YES
636,637,123,615000000000,615018911445,615037823526,18911445,18912081,37823526,YES
636,637,124,620000000000,620018998256,620037997170,18998256,18998914,37997170,YES
636,637,125,625000000000,625019093994,625038188672,19093994,19094678,38188672,YES
636,637,126,630000000000,630019198471,630038397645,19198471,19199174,38397645,YES
636,637,127,635000000000,635045025555,635090050559,45025555,45025004,90050559,YES
636,637,128,640000000000,640045010255,640090020046,45010255,45009791,90020046,YES
636,637,129,645000000000,645045005993,645090011611,45005993,45005618,90011611,YES
636,637,130,650000000000,650045012789,650090025298,45012789,45012509,90025298,YES
636,637,131,655000000000,655045030622,655090061055,45030622,45030433,90061055,YES
636,637,132,660000000000,660046328770,660091388082,46328770,45059312,91388082,YES
636,637,133,665000000000,665046862796,665091961780,46862796,45098984,91961780,YES
636,637,134,670000000000,670045149157,670090298416,45149157,45149259,90298416,YES
636,637,135,675000000000,675045209723,675093227130,45209723,48017407,93227130,YES
636,637,136,680000000000,680040255884,680080511230,40255884,40255346,80511230,YES
636,637,137,685000000000,685033253591,685066505660,33253591,33252069,66505660,YES
636,637,138,690000000000,690033086938,690066172403,33086938,33085465,66172403,YES
636,637,139,695000000000,695032928731,695065856037,32928731,32927306,65856037,YES
636,637,140,700000000000,700032779409,700065557441,32779409,32778032,65557441,YES
636,637,141,705000000000,705032639403,705065277497,32639403,32638094,65277497,YES
636,637,142,710000000000,710032509138,710065017020,32509138,32507882,65017020,YES
636,637,143,715000000000,715032389009,715064776829,32389009,32387820,64776829,YES
636,637,144,720000000000,720032279402,720064557680,32279402,32278278,64557680,YES
636,637,145,725000000000,725032180666,725064945089,32180666,32764423,64945089,YES
636,637,146,730000000000,730036461563,730069599284,36461563,33137721,69599284,YES
636,637,147,735000000000,735032017023,735064033151,32017023,32016128,64033151,YES
636,637,148,740000000000,740033424608,740065376384,33424608,31951776,65376384,YES
636,637,149,745000000000,745031900017,745063799311,31900017,31899294,63799311,YES
636,637,150,750000000000,750031859342,750063718050,31859342,31858708,63718050,YES
636,637,151,755000000000,755033975537,755065805571,33975537,31830034,65805571,YES
636,637,152,760000000000,760031813664,760063626872,31813664,31813208,63626872,YES
636,637,153,765000000000,765031808391,765063616418,31808391,31808027,63616418,YES
636,637,154,770000000000,770031814499,770063628737,31814499,31814238,63628737,YES
636,637,155,775000000000,775031831662,775063663157,31831662,31831495,63663157,YES
636,637,156,780000000000,780027711636,780055423199,27711636,27711563,55423199,YES
636,637,157,785000000000,785069077750,785174533038,69077750,105455288,174533038,YES
636,637,158,790000000000,790069007168,790165953242,69007168,96946074,165953242,YES
636,637,159,795000000000,795068949422,795151083204,68949422,82133782,151083204,YES
636,637,160,800000000000,800068904792,800161057182,68904792,92152390,161057182,YES
636,637,161,805000000000,805068873472,805137747365,68873472,68873893,137747365,YES
636,637,162,810000000000,810075649972,810147560533,75649972,71910561,147560533,YES
636,637,163,815000000000,815068884702,815137770255,68884702,68885553,137770255,YES
636,637,164,820000000000,820068893622,820137788298,68893622,68894676,137788298,YES
636,637,165,825000000000,825068915809,825137832864,68915809,68917055,137832864,YES
636,637,166,830000000000,830073672150,830142624691,73672150,68952541,142624691,YES
636,637,167,835000000000,835071631103,835140631904,71631103,69000801,140631904,YES
636,637,168,840000000000,840075602665,840149002567,75602665,73399902,149002567,YES
636,637,169,845000000000,845074175432,845147052998,74175432,72877566,147052998,YES
636,637,170,850000000000,850019193211,850038387006,19193211,19193795,38387006,YES
636,637,171,855000000000,855019275715,855038552047,19275715,19276332,38552047,YES
636,637,172,860000000000,860019367697,860038736043,19367697,19368346,38736043,YES
636,637,173,865000000000,865019468857,865038938389,19468857,19469532,38938389,YES
636,637,174,870000000000,870019578876,870039158453,19578876,19579577,39158453,YES
636,637,175,875000000000,875019697414,875039395550,19697414,19698136,39395550,YES
636,637,176,880000000000,880019824123,880039648986,19824123,19824863,39648986,YES
636,637,177,885000000000,885045224950,885092861139,45224950,47636189,92861139,YES
636,637,178,890000000000,890046744197,890093872966,46744197,47128769,93872966,YES
636,637,179,895000000000,895045278668,895090557277,45278668,45278609,90557277,YES
636,637,180,900000000000,900040328269,900080655776,40328269,40327507,80655776,YES
636,637,181,905000000000,905040219634,905080438593,40219634,40218959,80438593,YES
636,637,182,910000000000,910040121424,910080242263,40121424,40120839,80242263,YES
636,637,183,915000000000,915040033880,915080067264,40033880,40033384,80067264,YES
636,637,184,920000000000,920039957197,920079913989,39957197,39956792,79913989,YES
636,637,185,925000000000,925032811816,925065622095,32811816,32810279,65622095,YES
636,637,186,930000000000,930033363958,930066011058,33363958,32647100,66011058,YES
636,637,187,935000000000,935032943389,935065435858,32943389,32492469,65435858,YES
636,637,188,940000000000,940032348088,940064694758,32348088,32346670,64694758,YES
636,637,189,945000000000,945032211421,945064421467,32211421,32210046,64421467,YES
636,637,190,950000000000,950032084240,950064167169,32084240,32082929,64167169,YES
636,637,191,955000000000,955031966842,955063932428,31966842,31965586,63932428,YES
636,637,192,960000000000,960031859496,960066847198,31859496,34987702,66847198,YES
636,637,193,965000000000,965031762445,965066318206,31762445,34555761,66318206,YES
636,637,194,970000000000,970031675917,970063350758,31675917,31674841,63350758,YES
636,637,195,975000000000,975031600113,975063199224,31600113,31599111,63199224,YES
636,637,196,980000000000,980031535211,980063839134,31535211,32303923,63839134,YES
636,637,197,985000000000,985044175665,985088350731,44175665,44175066,88350731,YES
636,637,198,990000000000,990044167201,990088333923,44167201,44166722,88333923,YES
636,637,199,995000000000,995044171014,995088341676,44171014,44170662,88341676,YES
636,637,200,1000000000000,1000044187186,1000088374150,44187186,44186964,88374150,YES
636,637,201,1005000000000,1005044215709,1005088431329,44215709,44215620,88431329,YES
636,637,202,1010000000000,1010045621279,1010089877824,45621279,44256545,89877824,YES
636,637,203,1015000000000,1015044309337,1015088618849,44309337,44309512,88618849,YES
636,637,204,1020000000000,1020024569918,1020047450101,24569918,22880183,47450101,YES
636,637,205,1025000000000,1025069078874,1025141033253,69078874,71954379,141033253,YES
636,637,206,1030000000000,1030069033061,1030143242740,69033061,74209679,143242740,YES
636,637,207,1035000000000,1035069000413,1035141195195,69000413,72194782,141195195,YES
636,637,208,1040000000000,1040068981052,1040145160059,68981052,76179007,145160059,YES
636,637,209,1045000000000,1045070202132,1045139177949,70202132,68975817,139177949,YES
636,637,210,1050000000000,1050071552443,1050148735518,71552443,77183075,148735518,YES
636,637,211,1055000000000,1055069002624,1055146726694,69002624,77724070,146726694,YES
636,637,212,1060000000000,1060069347515,1060143528711,69347515,74181196,143528711,YES
636,637,213,1065000000000,1065069082022,1065138165640,69082022,69083618,138165640,YES
636,637,214,1070000000000,1070069140506,1070138282780,69140506,69142274,138282780,YES
636,637,215,1075000000000,1075069211099,1075139248543,69211099,70037444,139248543,YES
636,637,216,1080000000000,1080069293439,1080141988199,69293439,72694760,141988199,YES
636,637,217,1085000000000,1085083883336,1085153273000,83883336,69389664,153273000,YES
636,637,218,1090000000000,1090081885488,1090159727894,81885488,77842406,159727894,YES
636,637,219,1095000000000,1095069607159,1095149139625,69607159,79532466,149139625,YES
636,637,220,1100000000000,1100019318699,1100038638077,19318699,19319378,38638077,YES
636,637,221,1105000000000,1105019416390,1105038833482,19416390,19417092,38833482,YES
636,637,222,1110000000000,1110019522154,1110039045037,19522154,19522883,39045037,YES
636,637,223,1115000000000,1115020817865,1115041635683,20817865,20817818,41635683,YES
636,637,224,1120000000000,1120020824711,1120041649413,20824711,20824702,41649413,YES
636,637,225,1125000000000,1125020841849,1125041683731,20841849,20841882,41683731,YES
636,637,226,1130000000000,1130070115345,1130144716673,70115345,74601328,144716673,YES
636,637,227,1135000000000,1135071580929,1135141646725,71580929,70065796,141646725,YES
636,637,228,1140000000000,1140071874785,1140141842880,71874785,69968095,141842880,YES
636,637,229,1145000000000,1145078609756,1145148461292,78609756,69851536,148461292,YES
636,637,230,1150000000000,1150073511538,1150143297523,73511538,69785985,143297523,YES
636,637,231,1155000000000,1155071559161,1155141290932,71559161,69731771,141290932,YES
636,637,232,1160000000000,1160032974135,1160065946727,32974135,32972592,65946727,YES
636,637,233,1165000000000,1165032796611,1165065591734,32796611,32795123,65591734,YES
636,637,234,1170000000000,1170034005652,1170066631746,34005652,32626094,66631746,YES
636,637,235,1175000000000,1175032467597,1175064933792,32467597,32466195,64933792,YES
636,637,236,1180000000000,1180032317074,1180065330500,32317074,33013426,65330500,YES
636,637,237,1185000000000,1185032176499,1185065058819,32176499,32882320,65058819,YES
636,637,238,1190000000000,1190032046295,1190064091354,32046295,32045059,64091354,YES
636,637,239,1195000000000,1195034936037,1195066861650,34936037,31925613,66861650,YES
637,638,0,0,52060824,104124077,52060824,52063253,104124077,YES
637,638,1,5000000000,5052282827,5104568144,52282827,52285317,104568144,YES
637,638,2,10000000000,10052513342,10105029246,52513342,52515904,105029246,YES
637,638,3,15000000000,15032489977,15064979946,32489977,32489969,64979946,YES
637,638,4,20000000000,20032428903,20064857858,32428903,32428955,64857858,YES
637,638,5,25000000000,25032378491,25064757090,32378491,32378599,64757090,YES
637,638,6,30000000000,30035876474,30068215544,35876474,32339070,68215544,YES
637,638,7,35000000000,35036005504,35072009619,36005504,36004115,72009619,YES
637,638,8,40000000000,40035861682,40071722016,35861682,35860334,71722016,YES
637,638,9,45000000000,45035727228,45071453146,35727228,35725918,71453146,YES
637,638,10,50000000000,50035602416,50071203559,35602416,35601143,71203559,YES
637,638,11,55000000000,55035487458,55070973686,35487458,35486228,70973686,YES
637,638,12,60000000000,60035382532,60070763880,35382532,35381348,70763880,YES
637,638,13,65000000000,65035287771,65070574427,35287771,35286656,70574427,YES
637,638,14,70000000000,70035203270,70070405476,35203270,35202206,70405476,YES
637,638,15,75000000000,75035129080,75070257159,35129080,35128079,70257159,YES
637,638,16,80000000000,80035065257,80070129572,35065257,35064315,70129572,YES
637,638,17,85000000000,85035011809,85070022743,35011809,35010934,70022743,YES
637,638,18,90000000000,90034968752,90069936688,34968752,34967936,69936688,YES
637,638,19,95000000000,95035573770,95071146508,35573770,35572738,71146508,YES
637,638,20,100000000000,100035409133,100070817307,35409133,35408174,70817307,YES
637,638,21,105000000000,105035319880,105070574348,35319880,35254468,70574348,YES
637,638,22,110000000000,110035113028,110070225266,35113028,35112238,70225266,YES
637,638,23,115000000000,115034982756,115069964821,34982756,34982065,69964821,YES
637,638,24,120000000000,120034865054,120069729509,34865054,34864455,69729509,YES
637,638,25,125000000000,125034760354,125069520201,34760354,34759847,69520201,YES
637,638,26,130000000000,130034668993,130069337579,34668993,34668586,69337579,YES
637,638,27,135000000000,135071978239,135143916516,71978239,71938277,143916516,YES
637,638,28,140000000000,140071936474,140151985962,71936474,80049488,151985962,YES
637,638,29,145000000000,145071949783,145157251382,71949783,85301599,157251382,YES
637,638,30,150000000000,150071978569,150154028521,71978569,82049952,154028521,YES
637,638,31,155000000000,155072022751,155144046063,72022751,72023312,144046063,YES
637,638,32,160000000000,160072082118,160144165019,72082118,72082901,144165019,YES
637,638,33,165000000000,165072156344,165145113349,72156344,72957005,145113349,YES
637,638,34,170000000000,170050433583,170100868350,50433583,50434767,100868350,YES
637,638,35,175000000000,175050510139,175101021589,50510139,50511450,101021589,YES
637,638,36,180000000000,180050599710,180101200867,50599710,50601157,101200867,YES
637,638,37,185000000000,185050702305,185101406170,50702305,50703865,101406170,YES
637,638,38,190000000000,190050817864,190101637395,50817864,50819531,101637395,YES
637,638,39,195000000000,195050946240,195101894258,50946240,50948018,101894258,YES
637,638,40,200000000000,200051087239,200102176357,51087239,51089118,102176357,YES
637,638,41,205000000000,205051240587,205102483153,51240587,51242566,102483153,YES
637,638,42,210000000000,210051405918,210102813908,51405918,51407990,102813908,YES
637,638,43,215000000000,215051582835,215103167821,51582835,51584986,103167821,YES
637,638,44,220000000000,220051770852,220103543939,51770852,51773087,103543939,YES
637,638,45,225000000000,225051969457,225103941225,51969457,51971768,103941225,YES
637,638,46,230000000000,230052178083,230104358549,52178083,52180466,104358549,YES
637,638,47,235000000000,235034029068,235068058207,34029068,34029139,68058207,YES
637,638,48,240000000000,240034081520,240068163178,34081520,34081658,68163178,YES
637,638,49,245000000000,245034144159,245068288523,34144159,34144364,68288523,YES
637,638,50,250000000000,250032254400,250064508851,32254400,32254451,64508851,YES
637,638,51,255000000000,255032201934,255064403982,32201934,32202048,64403982,YES
637,638,52,260000000000,260032160356,260064320886,32160356,32160530,64320886,YES
637,638,53,265000000000,265032129790,265064259813,32129790,32130023,64259813,YES
637,638,54,270000000000,270032110297,270064220883,32110297,32110586,64220883,YES
637,638,55,275000000000,275070777367,275141358115,70777367,70580748,141358115,YES
637,638,56,280000000000,280035691055,280071380848,35691055,35689793,71380848,YES
637,638,57,285000000000,285035573646,285071146071,35573646,35572425,71146071,YES
637,638,58,290000000000,290035466111,290070931047,35466111,35464936,70931047,YES
637,638,59,295000000000,295035368601,295070736078,35368601,35367477,70736078,YES
637,638,60,300000000000,300035281232,300093832707,35281232,58551475,93832707,YES
637,638,61,305000000000,305035204078,305070407149,35204078,35203071,70407149,YES
637,638,62,310000000000,310035137171,310070273403,35137171,35136232,70273403,YES
637,638,63,315000000000,315035080554,315070160229,35080554,35079675,70160229,YES
637,638,64,320000000000,320037462142,320072495522,37462142,35033380,72495522,YES
637,638,65,325000000000,325039034325,325074031723,39034325,34997398,74031723,YES
637,638,66,330000000000,330034972368,330069944056,34972368,34971688,69944056,YES
637,638,67,335000000000,335035253009,335070505094,35253009,35252085,70505094,YES
637,638,68,340000000000,340035089233,340070177629,35089233,35088396,70177629,YES
637,638,69,345000000000,345034935921,345069871101,34935921,34935180,69871101,YES
637,638,70,350000000000,350034793638,350069586622,34793638,34792984,69586622,YES
637,638,71,355000000000,355034662913,355069325260,34662913,34662347,69325260,YES
637,638,72,360000000000,360034544224,360069087976,34544224,34543752,69087976,YES
637,638,73,365000000000,365034437982,365068875581,34437982,34437599,68875581,YES
637,638,74,370000000000,370034344521,370068688749,34344521,34344228,68688749,YES
637,638,75,375000000000,375034264080,375068527951,34264080,34263871,68527951,YES
637,638,76,380000000000,380072036891,380144073416,72036891,72036525,144073416,YES
637,638,77,385000000000,385073543604,385145572342,73543604,72028738,145572342,YES
637,638,78,390000000000,390072065016,390144101128,72065016,72036112,144101128,YES
637,638,79,395000000000,395072058527,395144117305,72058527,72058778,144117305,YES
637,638,80,400000000000,400072096265,400146857061,72096265,74760796,146857061,YES
637,638,81,405000000000,405072149156,405144298984,72149156,72149828,144298984,YES
637,638,82,410000000000,410050322743,410100646475,50322743,50323732,100646475,YES
637,638,83,415000000000,415050400182,415100801485,50400182,50401303,100801485,YES
637,638,84,420000000000,420050491225,420100983702,50491225,50492477,100983702,YES
637,638,85,425000000000,425050595907,425101193183,50595907,50597276,101193183,YES
637,638,86,430000000000,430050714148,430101429791,50714148,50715643,101429791,YES
637,638,87,435000000000,435050845779,435101693167,50845779,50847388,101693167,YES
637,638,88,440000000000,440050990524,440101982763,50990524,50992239,101982763,YES
637,638,89,445000000000,445051292660,445102442517,51292660,51149857,102442517,YES
637,638,90,450000000000,450051474080,450102793836,51474080,51319756,102793836,YES
637,638,91,455000000000,455051499396,455103000824,51499396,51501428,103000824,YES
637,638,92,460000000000,460051692185,460103386479,51692185,51694294,103386479,YES
637,638,93,465000000000,465035687838,465069511031,35687838,33823193,69511031,YES
637,638,94,470000000000,470033872138,470067744394,33872138,33872256,67744394,YES
637,638,95,475000000000,475033931875,475067863936,33931875,33932061,67863936,YES
637,638,96,480000000000,480034001900,480068004066,34001900,34002166,68004066,YES
637,638,97,485000000000,485034081738,485068163810,34081738,34082072,68163810,YES
637,638,98,490000000000,490034170902,490068342202,34170902,34171300,68342202,YES
637,638,99,495000000000,495033898835,495065690996,33898835,31792161,65690996,YES
637,638,100,500000000000,500035287548,500067690773,35287548,32403225,67690773,YES
637,638,101,505000000000,505033255994,505064974761,33255994,31718767,64974761,YES
637,638,102,510000000000,510070888208,510153326903,70888208,82438695,153326903,YES
637,638,103,515000000000,515070877052,515141754769,70877052,70877717,141754769,YES
637,638,104,520000000000,520071370667,520142250056,71370667,70879389,142250056,YES
637,638,105,525000000000,525035190137,525070379155,35190137,35189018,70379155,YES
637,638,106,530000000000,530038614615,530073690522,38614615,35075907,73690522,YES
637,638,107,535000000000,535036511926,535071485199,36511926,34973273,71485199,YES
637,638,108,540000000000,540034882169,540069763374,34882169,34881205,69763374,YES
637,638,109,545000000000,545034800784,545069600666,34800784,34799882,69600666,YES
637,638,110,550000000000,550034730292,550069459756,34730292,34729464,69459756,YES
637,638,111,555000000000,555034670777,555069340788,34670777,34670011,69340788,YES
637,638,112,560000000000,560034622280,560069243864,34622280,34621584,69243864,YES
637,638,113,565000000000,565034584807,565069168988,34584807,34584181,69168988,YES
637,638,114,570000000000,570035106311,570070211770,35106311,35105459,70211770,YES
637,638,115,575000000000,575034948955,575069897151,34948955,34948196,69897151,YES
637,638,116,580000000000,580034802171,580069603667,34802171,34801496,69603667,YES
637,638,117,585000000000,585034666506,585069332412,34666506,34665906,69332412,YES
637,638,118,590000000000,590034542444,590069084379,34542444,34541935,69084379,YES
637,638,119,595000000000,595034430446,595068860470,34430446,34430024,68860470,YES
637,638,120,600000000000,600034330895,600068661448,34330895,34330553,68661448,YES
637,638,121,605000000000,605034244086,605068487914,34244086,34243828,68487914,YES
637,638,122,610000000000,610073805356,610156378360,73805356,82573004,156378360,YES
637,638,123,615000000000,615072149370,615154595700,72149370,82446330,154595700,YES
637,638,124,620000000000,620073900930,620146056067,73900930,72155137,146056067,YES
637,638,125,625000000000,625074358770,625146534893,74358770,72176123,146534893,YES
637,638,126,630000000000,630072211740,630144423913,72211740,72212173,144423913,YES
637,638,127,635000000000,635072262597,635144525830,72262597,72263233,144525830,YES
637,638,128,640000000000,640072328233,640144963261,72328233,72635028,144963261,YES
637,638,129,645000000000,645079797361,645152206841,79797361,72409480,152206841,YES
637,638,130,650000000000,650050952492,650101906151,50952492,50953659,101906151,YES
637,638,131,655000000000,655051027198,655102055681,51027198,51028483,102055681,YES
637,638,132,660000000000,660051114354,660102230111,51114354,51115757,102230111,YES
637,638,133,665000000000,665051214056,665102429623,51214056,51215567,102429623,YES
637,638,134,670000000000,670051326337,670102654303,51326337,51327966,102654303,YES
637,638,135,675000000000,675051451166,675102904063,51451166,51452897,102904063,YES
637,638,136,680000000000,680033619043,680067237663,33619043,33618620,67237663,YES
637,638,137,685000000000,685033587022,685068924276,33587022,35337254,68924276,YES
637,638,138,690000000000,690033567381,690067134476,33567381,33567095,67134476,YES
637,638,139,695000000000,695033560214,695067120213,33560214,33559999,67120213,YES
637,638,140,700000000000,700033565502,700067130862,33565502,33565360,67130862,YES
637,638,141,705000000000,705033583125,705067166182,33583125,33583057,67166182,YES
637,638,142,710000000000,710033612864,710067225734,33612864,33612870,67225734,YES
637,638,143,715000000000,715033654415,715067308908,33654415,33654493,67308908,YES
637,638,144,720000000000,720033707403,720067414958,33707403,33707555,67414958,YES
637,638,145,725000000000,725036609043,725070380705,36609043,33771662,70380705,YES
637,638,146,730000000000,730037129808,730070976084,37129808,33846276,70976084,YES
637,638,147,735000000000,735033930453,735067861275,33930453,33930822,67861275,YES
637,638,148,740000000000,740031808647,740064064237,31808647,32255590,64064237,YES
637,638,149,745000000000,745031782046,745063564382,31782046,31782336,63564382,YES
637,638,150,750000000000,750031766632,750063533616,31766632,31766984,63533616,YES
637,638,151,755000000000,755031762357,755063525124,31762357,31762767,63525124,YES
637,638,152,760000000000,760031769111,760063538689,31769111,31769578,63538689,YES
637,638,153,765000000000,765031786737,765063573994,31786737,31787257,63573994,YES
637,638,154,770000000000,770031815013,770063630593,31815013,31815580,63630593,YES
637,638,155,775000000000,775031853666,775063707947,31853666,31854281,63707947,YES
637,638,156,780000000000,780035433123,780070865236,35433123,35432113,70865236,YES
637,638,157,785000000000,785035357336,785070713716,35357336,35356380,70713716,YES
637,638,158,790000000000,790038829166,790074119789,38829166,35290623,74119789,YES
637,638,159,795000000000,795036773467,795072008454,36773467,35234987,72008454,YES
637,638,160,800000000000,800035683724,800071366378,35683724,35682654,71366378,YES
637,638,161,805000000000,805035506943,805071012874,35506943,35505931,71012874,YES
637,638,162,810000000000,810035339582,810070678223,35339582,35338641,70678223,YES
637,638,163,815000000000,815035215854,815070430849,35215854,35214995,70430849,YES
637,638,164,820000000000,820035069162,820070137528,35069162,35068366,70137528,YES
637,638,165,825000000000,825034933668,825069866625,34933668,34932957,69866625,YES
637,638,166,830000000000,830035674738,830070483994,35674738,34809256,70483994,YES
637,638,167,835000000000,835034698353,835069396163,34698353,34697810,69396163,YES
637,638,168,840000000000,840034599413,840069602693,34599413,35003280,69602693,YES
637,638,169,845000000000,845034479793,845068959199,34479793,34479406,68959199,YES
637,638,170,850000000000,850072223686,850149209924,72223686,76986238,149209924,YES
637,638,171,855000000000,855072236600,855144473342,72236600,72236742,144473342,YES
637,638,172,860000000000,860072804575,860145069292,72804575,72264717,145069292,YES
637,638,173,865000000000,865076812339,865152597039,76812339,75784700,152597039,YES
637,638,174,870000000000,870074835663,870151046857,74835663,76211194,151046857,YES
637,638,175,875000000000,875072435806,875183595188,72435806,111159382,183595188,YES
637,638,176,880000000000,880072521382,880151071846,72521382,78550464,151071846,YES
637,638,177,885000000000,885051289648,885102580534,51289648,51290886,102580534,YES
637,638,178,890000000000,890051371671,890102744696,51371671,51373025,102744696,YES
637,638,179,895000000000,895051465906,895102933278,51465906,51467372,102933278,YES
637,638,180,900000000000,900033606874,900067213150,33606874,33606276,67213150,YES
637,638,181,905000000000,905033543788,905067087043,33543788,33543255,67087043,YES
637,638,182,910000000000,910033492647,910066984826,33492647,33492179,66984826,YES
637,638,183,915000000000,915033453828,915066907257,33453828,33453429,66907257,YES
637,638,184,920000000000,920033427610,920066854892,33427610,33427282,66854892,YES
637,638,185,925000000000,925033414161,925069171752,33414161,35757591,69171752,YES
637,638,186,930000000000,930033413537,930066826899,33413537,33413362,66826899,YES
637,638,187,935000000000,935033425679,935066851261,33425679,33425582,66851261,YES
637,638,188,940000000000,940033450418,940066900818,33450418,33450400,66900818,YES
637,638,189,945000000000,945033487488,945066975036,33487488,33487548,66975036,YES
637,638,190,950000000000,950033536537,950067073212,33536537,33536675,67073212,YES
637,638,191,955000000000,955033597139,955067194493,33597139,33597354,67194493,YES
637,638,192,960000000000,960033668813,960067337915,33668813,33669102,67337915,YES
637,638,193,965000000000,965033751033,965067502435,33751033,33751402,67502435,YES
637,638,194,970000000000,970033843248,970067686935,33843248,33843687,67686935,YES
637,638,195,975000000000,975031644829,975063289955,31644829,31645126,63289955,YES
637,638,196,980000000000,980031627511,980063255382,31627511,31627871,63255382,YES
637,638,197,985000000000,985070184782,985140370007,70184782,70185225,140370007,YES
637,638,198,990000000000,990070186148,990140372907,70186148,70186759,140372907,YES
637,638,199,995000000000,995070200808,995140402390,70200808,70201582,140402390,YES
637,638,200,1000000000000,1000070228627,1000140458191,70228627,70229564,140458191,YES
637,638,201,1005000000000,1005070269397,1005140539882,70269397,70270485,140539882,YES
637,638,202,1010000000000,1010070322848,1010152782712,70322848,82459864,152782712,YES
637,638,203,1015000000000,1015076181629,1015158775042,76181629,82593413,158775042,YES
637,638,204,1020000000000,1020070466420,1020144727136,70466420,74260716,144727136,YES
637,638,205,1025000000000,1025040551625,1025075649190,40551625,35097565,75649190,YES
637,638,206,1030000000000,1030035058125,1030070115629,35058125,35057504,70115629,YES
637,638,207,1035000000000,1035035028159,1035070055757,35028159,35027598,70055757,YES
637,638,208,1040000000000,1040035021403,1040070368147,35021403,35346744,70368147,YES
637,638,209,1045000000000,1045038289813,1045073543024,38289813,35253211,73543024,YES
637,638,210,1050000000000,1050035087067,1050070173301,35087067,35086234,70173301,YES
637,638,211,1055000000000,1055034929371,1055069857988,34929371,34928617,69857988,YES
637,638,212,1060000000000,1060034781667,1060069562662,34781667,34780995,69562662,YES
637,638,213,1065000000000,1065034644484,1065069288372,34644484,34643888,69288372,YES
637,638,214,1070000000000,1070034518324,1070069036130,34518324,34517806,69036130,YES
637,638,215,1075000000000,1075034403654,1075068806867,34403654,34403213,68806867,YES
637,638,216,1080000000000,1080034300887,1080068601407,34300887,34300520,68601407,YES
637,638,217,1085000000000,1085034210375,1085068420458,34210375,34210083,68420458,YES
637,638,218,1090000000000,1090034132389,1090069885466,34132389,35753077,69885466,YES
637,638,219,1095000000000,1095034067105,1095068134073,34067105,34066968,68134073,YES
637,638,220,1100000000000,1100076256105,1100159245453,76256105,82989348,159245453,YES
637,638,221,1105000000000,1105074250001,1105146783936,74250001,72533935,146783936,YES
637,638,222,1110000000000,1110078257745,1110150834476,78257745,72576731,150834476,YES
637,638,223,1115000000000,1115072633148,1115145267020,72633148,72633872,145267020,YES
637,638,224,1120000000000,1120072704405,1120145409711,72704405,72705306,145409711,YES
637,638,225,1125000000000,1125074069708,1125146860405,74069708,72790697,146860405,YES
637,638,226,1130000000000,1130035994660,1130071988216,35994660,35993556,71988216,YES
637,638,227,1135000000000,1135033718298,1135070400154,33718298,36681856,70400154,YES
637,638,228,1140000000000,1140033622688,1140067244650,33622688,33621962,67244650,YES
637,638,229,1145000000000,1145033537691,1145067074716,33537691,33537025,67074716,YES
637,638,230,1150000000000,1150033463915,1150066927226,33463915,33463311,66927226,YES
637,638,231,1155000000000,1155033401914,1155066803290,33401914,33401376,66803290,YES
637,638,232,1160000000000,1160033352171,1160066703876,33352171,33351705,66703876,YES
637,638,233,1165000000000,1165033315080,1165066629767,33315080,33314687,66629767,YES
637,638,234,1170000000000,1170033290930,1170066581544,33290930,33290614,66581544,YES
637,638,235,1175000000000,1175036447732,1175069756179,36447732,33308447,69756179,YES
637,638,236,1180000000000,1180033282012,1180066563869,33282012,33281857,66563869,YES
637,638,237,1185000000000,1185033297235,1185066594397,33297235,33297162,66594397,YES
637,638,238,1190000000000,1190033325371,1190066650752,33325371,33325381,66650752,YES
637,638,239,1195000000000,1195033366133,1195150904305,33366133,117538172,150904305,YES
638,639,0,0,105567631,203534747,105567631,97967116,203534747,YES
638,639,1,5000000000,5103702620,5201646165,103702620,97943545,201646165,YES
638,639,2,10000000000,10106135979,10204049815,106135979,97913836,204049815,YES
638,639,3,15000000000,15087417379,15174830601,87417379,87413222,174830601,YES
638,639,4,20000000000,20087247678,20174491429,87247678,87243751,174491429,YES
638,639,5,25000000000,25087307468,25174424310,87307468,87116842,174424310,YES
638,639,6,30000000000,30086950032,30173896629,86950032,86946597,173896629,YES
638,639,7,35000000000,35086822948,35173642711,86822948,86819763,173642711,YES
638,639,8,40000000000,40086710725,40173418533,86710725,86707808,173418533,YES
638,639,9,45000000000,45086613476,45173224293,86613476,86610817,173224293,YES
638,639,10,50000000000,50092404688,50181975566,92404688,89570878,181975566,YES
638,639,11,55000000000,55096885298,55186060096,96885298,89174798,186060096,YES
638,639,12,60000000000,60088284105,60175394121,88284105,87110016,175394121,YES
638,639,13,65000000000,65086371494,65172741365,86371494,86369871,172741365,YES
638,639,14,70000000000,70086346004,70172690634,86346004,86344630,172690634,YES
638,639,15,75000000000,75086333487,75172665834,86333487,86332347,172665834,YES
638,639,16,80000000000,80086333312,80172665711,86333312,86332399,172665711,YES
638,639,17,85000000000,85090268148,85176612286,90268148,86344138,176612286,YES
638,639,18,90000000000,90071367459,90142736310,71367459,71368851,142736310,YES
638,639,19,95000000000,95080402096,95160802443,80402096,80400347,160802443,YES
638,639,20,100000000000,100080295999,100163705115,80295999,83409116,163705115,YES
638,639,21,105000000000,105080200928,105161320655,80200928,81119727,161320655,YES
638,639,22,110000000000,110081252233,110161485706,81252233,80233473,161485706,YES
638,639,23,115000000000,115080046665,115160703189,80046665,80656524,160703189,YES
638,639,24,120000000000,120079988776,120159976796,79988776,79988020,159976796,YES
638,639,25,125000000000,125079944501,125159888468,79944501,79943967,159888468,YES
638,639,26,130000000000,130079914309,130159828315,79914309,79914006,159828315,YES
638,639,27,135000000000,135079898571,135159797074,79898571,79898503,159797074,YES
638,639,28,140000000000,140083435116,140163332806,83435116,79897690,163332806,YES
638,639,29,145000000000,145084693904,145164605569,84693904,79911665,164605569,YES
638,639,30,150000000000,150082354165,150162294509,82354165,79940344,162294509,YES
638,639,31,155000000000,155080747138,155160730671,80747138,79983533,160730671,YES
638,639,32,160000000000,160080039812,160160080723,80039812,80040911,160080723,YES
638,639,33,165000000000,165084058493,165164170590,84058493,80112097,164170590,YES
638,639,34,170000000000,170045011679,170090022640,45011679,45010961,90022640,YES
638,639,35,175000000000,175045013795,175090026980,45013795,45013185,90026980,YES
638,639,36,180000000000,180045027596,180090054690,45027596,45027094,90054690,YES
638,639,37,185000000000,185045053034,185090105685,45053034,45052651,90105685,YES
638,639,38,190000000000,190045090015,190091679150,45090015,46589135,91679150,YES
638,639,39,195000000000,195045138388,195090276641,45138388,45138253,90276641,YES
638,639,40,200000000000,200045197949,200090395890,45197949,45197941,90395890,YES
638,639,41,205000000000,205098236096,205196473488,98236096,98237392,196473488,YES
638,639,42,210000000000,210098214851,210196431323,98214851,98216472,196431323,YES
638,639,43,215000000000,215098182353,215196364259,98182353,98181906,196364259,YES
638,639,44,220000000000,220098100792,220196201444,98100792,98100652,196201444,YES
638,639,45,225000000000,225107642564,225205674858,107642564,98032294,205674858,YES
638,639,46,230000000000,230097976831,230195954120,97976831,97977289,195954120,YES
638,639,47,235000000000,235097934635,235195870005,97934635,97935370,195870005,YES
638,639,48,240000000000,240097905701,240195812396,97905701,97906695,195812396,YES
638,639,49,245000000000,245097890040,245202390883,97890040,104500843,202390883,YES
638,639,50,250000000000,250087134902,250200519395,87134902,113384493,200519395,YES
638,639,51,255000000000,255086974655,255173945576,86974655,86970921,173945576,YES
638,639,52,260000000000,260086828498,260173653500,86828498,86825002,173653500,YES
638,639,53,265000000000,265086696846,265173390443,86696846,86693597,173390443,YES
638,639,54,270000000000,270086580004,270173157016,86580004,86577012,173157016,YES
638,639,55,275000000000,275086478137,275172953541,86478137,86475404,172953541,YES
638,639,56,280000000000,280086391270,280172780062,86391270,86388792,172780062,YES
638,639,57,285000000000,285086319283,285172636347,86319283,86317064,172636347,YES
638,639,58,290000000000,290086261928,290172521892,86261928,86259964,172521892,YES
638,639,59,295000000000,295086218835,295172435959,86218835,86217124,172435959,YES
638,639,60,300000000000,300086189540,300172377615,86189540,86188075,172377615,YES
638,639,61,305000000000,305086173492,305172345760,86173492,86172268,172345760,YES
638,639,62,310000000000,310086170085,310172339180,86170085,86169095,172339180,YES
638,639,63,315000000000,315086178669,315172356577,86178669,86177908,172356577,YES
638,639,64,320000000000,320086198590,320172396635,86198590,86198045,172396635,YES
638,639,65,325000000000,325086229188,325172458033,86229188,86228845,172458033,YES
638,639,66,330000000000,330071142571,330142286663,71142571,71144092,142286663,YES
638,639,67,335000000000,335080517395,335161032771,80517395,80515376,161032771,YES
638,639,68,340000000000,340082549367,340176109552,82549367,93560185,176109552,YES
638,639,69,345000000000,345080279873,345160558057,80279873,80278184,160558057,YES
638,639,70,350000000000,350080176673,350160351838,80176673,80175165,160351838,YES
638,639,71,355000000000,355080084838,355160168360,80084838,80083522,160168360,YES
638,639,72,360000000000,360080005114,360160009113,80005114,80003999,160009113,YES
638,639,73,365000000000,365081782152,365161719426,81782152,79937274,161719426,YES
638,639,74,370000000000,370079910498,370164253460,79910498,84342962,164253460,YES
638,639,75,375000000000,375079845348,375159690257,79845348,79844909,159690257,YES
638,639,76,380000000000,380079820481,380159640758,79820481,79820277,159640758,YES
638,639,77,385000000000,385079810494,385159621023,79810494,79810529,159621023,YES
638,639,78,390000000000,390079815591,390159631461,79815591,79815870,159631461,YES
638,639,79,395000000000,395079835825,395159672172,79835825,79836347,159672172,YES
638,639,80,400000000000,400079871084,400159742931,79871084,79871847,159742931,YES
638,639,81,405000000000,405079921112,405159843217,79921112,79922105,159843217,YES
638,639,82,410000000000,410044428689,410088856808,44428689,44428119,88856808,YES
638,639,83,415000000000,415044430434,415088860412,44430434,44429978,88860412,YES
638,639,84,420000000000,420044445075,420088889812,44445075,44444737,88889812,YES
638,639,85,425000000000,425048552810,425093025125,48552810,44472315,93025125,YES
638,639,86,430000000000,430044512539,430089024987,44512539,44512448,89024987,YES
638,639,87,435000000000,435044564899,435089129835,44564899,44564936,89129835,YES
638,639,88,440000000000,440044629232,440089258628,44629232,44629396,89258628,YES
638,639,89,445000000000,445107514173,445205662824,107514173,98148651,205662824,YES
638,639,90,450000000000,450098042788,450196085377,98042788,98042589,196085377,YES
638,639,91,455000000000,455111750434,455209722095,111750434,97971661,209722095,YES
638,639,92,460000000000,460106353999,460211807688,106353999,105453689,211807688,YES
638,639,93,465000000000,465097869293,465206579189,97869293,108709896,206579189,YES
638,639,94,470000000000,470104560303,470210058360,104560303,105498057,210058360,YES
638,639,95,475000000000,475106489217,475204310632,106489217,97821415,204310632,YES
638,639,96,480000000000,480097815689,480197113402,97815689,99297713,197113402,YES
638,639,97,485000000000,485097824453,485195650598,97824453,97826145,195650598,YES
638,639,98,490000000000,490110954403,490211292063,110954403,100337660,211292063,YES
638,639,99,495000000000,495090897237,495177542995,90897237,86645758,177542995,YES
638,639,100,500000000000,500088853863,500175355561,88853863,86501698,175355561,YES
638,639,101,505000000000,505086375271,505172746949,86375271,86371678,172746949,YES
638,639,102,510000000000,510086259193,510172515033,86259193,86255840,172515033,YES
638,639,103,515000000000,515086157463,515172311813,86157463,86154350,172311813,YES
638,639,104,520000000000,520086070061,520172137260,86070061,86067199,172137260,YES
638,639,105,525000000000,525085996877,525171991131,85996877,85994254,171991131,YES
638,639,106,530000000000,530085937663,530171872962,85937663,85935299,171872962,YES
638,639,107,535000000000,535085892125,535171782139,85892125,85890014,171782139,YES
638,639,108,540000000000,540085859860,540171717861,85859860,85858001,171717861,YES
638,639,109,545000000000,545085840405,545171679195,85840405,85838790,171679195,YES
638,639,110,550000000000,550085833252,550171665130,85833252,85831878,171665130,YES
638,639,111,555000000000,555085837849,555171674555,85837849,85836706,171674555,YES
638,639,112,560000000000,560085853623,560171706332,85853623,85852709,171706332,YES
638,639,113,565000000000,565074780430,565146168513,74780430,71388083,146168513,YES
638,639,114,570000000000,570084828737,570165230137,84828737,80401400,165230137,YES
638,639,115,575000000000,575080286198,575160570649,80286198,80284451,160570649,YES
638,639,116,580000000000,580080179338,580160357106,80179338,80177768,160357106,YES
638,639,117,585000000000,585084781223,585164863369,84781223,80082146,164863369,YES
638,639,118,590000000000,590082779190,590162777708,82779190,79998518,162777708,YES
638,639,119,595000000000,595079928492,595159856025,79928492,79927533,159856025,YES
638,639,120,600000000000,600079870567,600159740395,79870567,79869828,159740395,YES
638,639,121,605000000000,605090123803,605169949813,90123803,79826010,169949813,YES
638,639,122,610000000000,610090965733,610170762533,90965733,79796800,170762533,YES
638,639,123,615000000000,615079981440,615170966791,79981440,90985351,170966791,YES
638,639,124,620000000000,620079783161,620159566538,79783161,79783377,159566538,YES
638,639,125,625000000000,625079799069,625159598602,79799069,79799533,159598602,YES
638,639,126,630000000000,630081817650,630161648602,81817650,79830952,161648602,YES
638,639,127,635000000000,635079876433,635159753811,79876433,79877378,159753811,YES
638,639,128,640000000000,640079937315,640163279272,79937315,83341957,163279272,YES
638,639,129,645000000000,645080012393,645163452434,80012393,83440041,163452434,YES
638,639,130,650000000000,650044933574,650089866380,44933574,44932806,89866380,YES
638,639,131,655000000000,655044933982,655089867301,44933982,44933319,89867301,YES
638,639,132,660000000000,660044946154,660089891756,44946154,44945602,89891756,YES
638,639,133,665000000000,665044970045,665089939656,44970045,44969611,89939656,YES
638,639,134,670000000000,670045005566,670090010826,45005566,45005260,90010826,YES
638,639,135,675000000000,675045052576,675090104972,45052576,45052396,90104972,YES
638,639,136,680000000000,680046276531,680091387372,46276531,45110841,91387372,YES
638,639,137,685000000000,685049610997,685098857351,49610997,49246354,98857351,YES
638,639,138,690000000000,690109370632,690207510312,109370632,98139680,207510312,YES
638,639,139,695000000000,695098114166,695205407408,98114166,107293242,205407408,YES
638,639,140,700000000000,700097974614,700196069399,97974614,98094785,196069399,YES
638,639,141,705000000000,705097911340,705196769696,97911340,98858356,196769696,YES
638,639,142,710000000000,710097861362,710198007925,97861362,100146563,198007925,YES
638,639,143,715000000000,715097824735,715196045392,97824735,98220657,196045392,YES
638,639,144,720000000000,720097801480,720200096162,97801480,102294682,200096162,YES
638,639,145,725000000000,725097791577,725195584530,97791577,97792953,195584530,YES
638,639,146,730000000000,730101119964,730199129538,101119964,98009574,199129538,YES
638,639,147,735000000000,735097811534,735195624911,97811534,97813377,195624911,YES
638,639,148,740000000000,740092471848,740179084044,92471848,86612196,179084044,YES
638,639,149,745000000000,745090904185,745177387084,90904185,86482899,177387084,YES
638,639,150,750000000000,750092627530,750179053038,92627530,86425508,179053038,YES
638,639,151,755000000000,755086270360,755172538004,86270360,86267644,172538004,YES
638,639,152,760000000000,760086184317,760172366170,86184317,86181853,172366170,YES
638,639,153,765000000000,765087497827,765173608395,87497827,86110568,173608395,YES
638,639,154,770000000000,770086921363,770172975007,86921363,86053644,172975007,YES
638,639,155,775000000000,775086012460,775172023208,86012460,86010748,172023208,YES
638,639,156,780000000000,780085982927,780171964375,85982927,85981448,171964375,YES
638,639,157,785000000000,785088423338,785174388636,88423338,85965298,174388636,YES
638,639,158,790000000000,790086517087,790172478830,86517087,85961743,172478830,YES
638,639,159,795000000000,795085970972,795171941155,85970972,85970183,171941155,YES
638,639,160,800000000000,800080483946,800160965861,80483946,80481915,160965861,YES
638,639,161,805000000000,805080361455,805160721044,80361455,80359589,160721044,YES
638,639,162,810000000000,810080215411,810160429127,80215411,80213716,160429127,YES
638,639,163,815000000000,815080113776,815160226033,80113776,80112257,160226033,YES
638,639,164,820000000000,820080023693,820160046075,80023693,80022382,160046075,YES
638,639,165,825000000000,825079945927,825250529041,79945927,170583114,250529041,YES
638,639,166,830000000000,830079881201,830175581873,79881201,95700672,175581873,YES
638,639,167,835000000000,835079830175,835159659707,79830175,79829532,159659707,YES
638,639,168,840000000000,840079793430,840159586452,79793430,79793022,159586452,YES
638,639,169,845000000000,845079771439,845159542715,79771439,79771276,159542715,YES
638,639,170,850000000000,850084868306,850164632922,84868306,79764616,164632922,YES
638,639,171,855000000000,855079772888,855162598060,79772888,82825172,162598060,YES
638,639,172,860000000000,860079796537,860159593656,79796537,79797119,159593656,YES
638,639,173,865000000000,865088833085,865168669323,88833085,79836238,168669323,YES
638,639,174,870000000000,870079888960,870159778987,79888960,79890027,159778987,YES
638,639,175,875000000000,875079957000,875160162343,79957000,80205343,160162343,YES
638,639,176,880000000000,880080038900,880160079327,80038900,80040427,160079327,YES
638,639,177,885000000000,885044955432,885089910147,44955432,44954715,89910147,YES
638,639,178,890000000000,890046030263,890090991369,46030263,44961106,90991369,YES
638,639,179,895000000000,895044979680,895089958857,44979680,44979177,89958857,YES
638,639,180,900000000000,900045009279,900091347219,45009279,46337940,91347219,YES
638,639,181,905000000000,905045050412,905090100582,45050412,45050170,90100582,YES
638,639,182,910000000000,910045102922,910090205730,45102922,45102808,90205730,YES
638,639,183,915000000000,915045166596,915090333209,45166596,45166613,90333209,YES
638,639,184,920000000000,920098203740,920205664927,98203740,107461187,205664927,YES
638,639,185,925000000000,925103569485,925201649011,103569485,98079526,201649011,YES
638,639,186,930000000000,930103039761,930201042539,103039761,98002778,201042539,YES
638,639,187,935000000000,935104851198,935202790372,104851198,97939174,202790372,YES
638,639,188,940000000000,940159199753,940257635311,159199753,98435558,257635311,YES
638,639,189,945000000000,945101354039,945203706949,101354039,102352910,203706949,YES
638,639,190,950000000000,950097827041,950195655171,97827041,97828130,195655171,YES
638,639,191,955000000000,955104801888,955202619538,104801888,97817650,202619538,YES
638,639,192,960000000000,960100215099,960198882258,100215099,98667159,198882258,YES
638,639,193,965000000000,965186090402,965283926909,186090402,97836507,283926909,YES
638,639,194,970000000000,970097862733,970195727514,97862733,97864781,195727514,YES
638,639,195,975000000000,975086491286,975172979307,86491286,86488021,172979307,YES
638,639,196,980000000000,980086837658,980173206930,86837658,86369272,173206930,YES
638,639,197,985000000000,985086267437,985172532086,86267437,86264649,172532086,YES
638,639,198,990000000000,990087253674,990173427888,87253674,86174214,173427888,YES
638,639,199,995000000000,995086100316,995172198334,86100316,86098018,172198334,YES
638,639,200,1000000000000,1000091657864,1000178520545,91657864,86862681,178520545,YES
638,639,201,1005000000000,1005095045513,1005181033042,95045513,85987529,181033042,YES
638,639,202,1010000000000,1010093057523,1010179010332,93057523,85952809,179010332,YES
638,639,203,1015000000000,1015085932541,1015171863758,85932541,85931217,171863758,YES
638,639,204,1020000000000,1020085923330,1020171845571,85923330,85922241,171845571,YES
638,639,205,1025000000000,1025095440213,1025193047171,95440213,97606958,193047171,YES
638,639,206,1030000000000,1030095509903,1030191020387,95509903,95510484,191020387,YES
638,639,207,1035000000000,1035099916602,1035196579288,99916602,96662686,196579288,YES
638,639,208,1040000000000,1040055430081,1040104788103,55430081,49358022,104788103,YES
638,639,209,1045000000000,1045093122998,1045173753176,93122998,80630178,173753176,YES
638,639,210,1050000000000,1050080508960,1050162553978,80508960,82045018,162553978,YES
638,639,211,1055000000000,1055080394836,1055163450800,80394836,83055964,163450800,YES
638,639,212,1060000000000,1060080290905,1060160692552,80290905,80401647,160692552,YES
638,639,213,1065000000000,1065080197911,1065160394456,80197911,80196545,160394456,YES
638,639,214,1070000000000,1070080116596,1070175668920,80116596,95552324,175668920,YES
638,639,215,1075000000000,1075080047676,1075173600256,80047676,93552580,173600256,YES
638,639,216,1080000000000,1080085140601,1080176343027,85140601,91202426,176343027,YES
638,639,217,1085000000000,1085079916121,1085159831753,79916121,79915632,159831753,YES
638,639,218,1090000000000,1090079888247,1090159776247,79888247,79888000,159776247,YES
638,639,219,1095000000000,1095079875042,1095159750081,79875042,79875039,159750081,YES
638,639,220,1100000000000,1100079876789,1100159753827,79876789,79877038,159753827,YES
638,639,221,1105000000000,1105079893627,1105160223024,79893627,80329397,160223024,YES
638,639,222,1110000000000,1110080639676,1110161250472,80639676,80610796,161250472,YES
638,639,223,1115000000000,1115080884023,1115160857347,80884023,79973324,160857347,YES
638,639,224,1120000000000,1120080033672,1120160068584,80033672,80034912,160068584,YES
638,639,225,1125000000000,1125080109131,1125160219732,80109131,80110601,160219732,YES
638,639,226,1130000000000,1130080195942,1130160392604,80195942,80196662,160392604,YES
638,639,227,1135000000000,1135045022996,1135090045298,45022996,45022302,90045298,YES
638,639,228,1140000000000,1140045030679,1140090060777,45030679,45030098,90060777,YES
638,639,229,1145000000000,1145045049926,1145090099388,45049926,45049462,90099388,YES
638,639,230,1150000000000,1150045080700,1150090161058,45080700,45080358,90161058,YES
638,639,231,1155000000000,1155045122909,1155090245602,45122909,45122693,90245602,YES
638,639,232,1160000000000,1160045176407,1160090352727,45176407,45176320,90352727,YES
638,639,233,1165000000000,1165045240990,1165090482022,45240990,45241032,90482022,YES
638,639,234,1170000000000,1170098086323,1170200419592,98086323,102333269,200419592,YES
638,639,235,1175000000000,1175098011353,1175198317627,98011353,100306274,198317627,YES
638,639,236,1180000000000,1180097949465,1180203977935,97949465,106028470,203977935,YES
638,639,237,1185000000000,1185131030667,1185237537671,131030667,106507004,237537671,YES
638,639,238,1190000000000,1190104167618,1190203104081,104167618,98936463,203104081,YES
638,639,239,1195000000000,1195160348691,1195261179426,160348691,100830735,261179426,YES
639,640,0,0,89645567,179289244,89645567,89643677,179289244,YES
639,640,1,5000000000,5090239032,5180546541,90239032,90307509,180546541,YES
639,640,2,10000000000,10089535179,10255607022,89535179,166071843,255607022,YES
639,640,3,15000000000,15089501023,15203983081,89501023,114482058,203983081,YES
639,640,4,20000000000,20089481146,20180978584,89481146,91497438,180978584,YES
639,640,5,25000000000,25089475593,25179116719,89475593,89641126,179116719,YES
639,640,6,30000000000,30089484308,30178968198,89484308,89483890,178968198,YES
639,640,7,35000000000,35089540710,35179081273,89540710,89540563,179081273,YES
639,640,8,40000000000,40089577326,40179154776,89577326,89577450,179154776,YES
639,640,9,45000000000,45089627380,45181096024,89627380,91468644,181096024,YES
639,640,10,50000000000,50089957503,50181558124,89957503,91600621,181558124,YES
639,640,11,55000000000,55092504136,55189390111,92504136,96885975,189390111,YES
639,640,12,60000000000,60089853148,60180903365,89853148,91050217,180903365,YES
639,640,13,65000000000,65089951652,65179904682,89951652,89953030,179904682,YES
639,640,14,70000000000,70091290560,70186075400,91290560,94784840,186075400,YES
639,640,15,75000000000,75090179679,75180361186,90179679,90181507,180361186,YES
639,640,16,80000000000,80090307897,80180617814,90307897,90309917,180617814,YES
639,640,17,85000000000,85090444730,85180891659,90444730,90446929,180891659,YES
639,640,18,90000000000,90077578987,90156039253,77578987,78460266,156039253,YES
639,640,19,95000000000,95077137204,95160178257,77137204,83041053,160178257,YES
639,640,20,100000000000,100097673102,100199065279,97673102,101392177,199065279,YES
639,640,21,105000000000,105097617098,105198567193,97617098,100950095,198567193,YES
639,640,22,110000000000,110097639513,110195277531,97639513,97638018,195277531,YES
639,640,23,115000000000,115097639786,115195278331,97639786,97638545,195278331,YES
639,640,24,120000000000,120110171049,120211383396,110171049,101212347,211383396,YES
639,640,25,125000000000,125108098037,125209210047,108098037,101112010,209210047,YES
639,640,26,130000000000,130106034020,130207869053,106034020,101835033,207869053,YES
639,640,27,135000000000,135100943621,135203049768,100943621,102106147,203049768,YES
639,640,28,140000000000,140100875724,140204903910,100875724,104028186,204903910,YES
639,640,29,145000000000,145100819394,145229375661,100819394,128556267,229375661,YES
639,640,30,150000000000,150100774854,150206250937,100774854,105476083,206250937,YES
639,640,31,155000000000,155100742256,155204644286,100742256,103902030,204644286,YES
639,640,32,160000000000,160100721724,160216309999,100721724,115588275,216309999,YES
639,640,33,165000000000,165100713307,165215980856,100713307,115267549,215980856,YES
639,640,34,170000000000,170100717029,170201435948,100717029,100718919,201435948,YES
639,640,35,175000000000,175100732881,175201467901,100732881,100735020,201467901,YES
639,640,36,180000000000,180100760823,180201524029,100760823,100763206,201524029,YES
639,640,37,185000000000,185100834407,185201671418,100834407,100837011,201671418,YES
639,640,38,190000000000,190105010528,190205899738,105010528,100889210,205899738,YES
639,640,39,195000000000,195100916585,195201836181,100916585,100919596,201836181,YES
639,640,40,200000000000,200133146385,200234142279,133146385,100995894,234142279,YES
639,640,41,205000000000,205043672593,205087343954,43672593,43671361,87343954,YES
639,640,42,210000000000,210043578925,210087156682,43578925,43577757,87156682,YES
639,640,43,215000000000,215043495716,215086990336,43495716,43494620,86990336,YES
639,640,44,220000000000,220089501279,220179000154,89501279,89498875,179000154,YES
639,640,45,225000000000,225093673605,225183053816,93673605,89380211,183053816,YES
639,640,46,230000000000,230089276022,230183681332,89276022,94405310,183681332,YES
639,640,47,235000000000,235089253159,235183141624,89253159,93888465,183141624,YES
639,640,48,240000000000,240089102568,240178203557,89102568,89100989,178203557,YES
639,640,49,245000000000,245089036841,245178072346,89036841,89035505,178072346,YES
639,640,50,250000000000,250115154165,250204138632,115154165,88984467,204138632,YES
639,640,51,255000000000,255091928158,255180877050,91928158,88948892,180877050,YES
639,640,52,260000000000,260095271277,260184199608,95271277,88928331,184199608,YES
639,640,53,265000000000,265093935979,265189086332,93935979,95150353,189086332,YES
639,640,54,270000000000,270094498232,270183431252,94498232,88933020,183431252,YES
639,640,55,275000000000,275088957601,275177915465,88957601,88957864,177915465,YES
639,640,56,280000000000,280089641322,280183845683,89641322,94204361,183845683,YES
639,640,57,285000000000,-1,-1,-1,-1,-1,LOST
639,640,58,290000000000,290090808537,290185759664,90808537,94951127,185759664,YES
639,640,59,295000000000,295089229841,295178460967,89229841,89231126,178460967,YES
639,640,60,300000000000,300089321462,300180684261,89321462,91362799,180684261,YES
639,640,61,305000000000,305089424428,305178850570,89424428,89426142,178850570,YES
639,640,62,310000000000,310089537998,310181646305,89537998,92108307,181646305,YES
639,640,63,315000000000,315089627839,315179257786,89627839,89629947,179257786,YES
639,640,64,320000000000,320089760444,320179523166,89760444,89762722,179523166,YES
639,640,65,325000000000,325089901532,325179805501,89901532,89903969,179805501,YES
639,640,66,330000000000,330076864226,330153727472,76864226,76863246,153727472,YES
639,640,67,335000000000,335076991584,335153982311,76991584,76990727,153982311,YES
639,640,68,340000000000,340081461280,340158619521,81461280,77158241,158619521,YES
639,640,69,345000000000,345119371057,345216556146,119371057,97185089,216556146,YES
639,640,70,350000000000,350224964287,350322195298,224964287,97231011,322195298,YES
639,640,71,355000000000,355126009556,355223182424,126009556,97172868,223182424,YES
639,640,72,360000000000,360100756898,360208930792,100756898,108173894,208930792,YES
639,640,73,365000000000,365100650032,365204105811,100650032,103455779,204105811,YES
639,640,74,370000000000,370100553734,370210269072,100553734,109715338,210269072,YES
639,640,75,375000000000,375100468525,375207401681,100468525,106933156,207401681,YES
639,640,76,380000000000,380100394890,380200789436,100394890,100394546,200789436,YES
639,640,77,385000000000,385100333265,385202292331,100333265,101959066,202292331,YES
639,640,78,390000000000,390100284015,390203062089,100284015,102778074,203062089,YES
639,640,79,395000000000,395102786794,395203034818,102786794,100248024,203034818,YES
639,640,80,400000000000,400100439251,400200663930,100439251,100224679,200663930,YES
639,640,81,405000000000,405107831315,405208045688,107831315,100214373,208045688,YES
639,640,82,410000000000,410100249304,410200500103,100249304,100250799,200500103,YES
639,640,83,415000000000,415100264992,415200531760,100264992,100266768,200531760,YES
639,640,84,420000000000,420100293792,420200589627,100293792,100295835,200589627,YES
639,640,85,425000000000,425100335597,425212740245,100335597,112404648,212740245,YES
639,640,86,430000000000,430100390285,430203497315,100390285,103107030,203497315,YES
639,640,87,435000000000,435100424056,435200850868,100424056,100426812,200850868,YES
639,640,88,440000000000,440079309805,440158622544,79309805,79312739,158622544,YES
639,640,89,445000000000,445090455442,445180324416,90455442,89868974,180324416,YES
639,640,90,450000000000,450089483523,450178964599,89483523,89481076,178964599,YES
639,640,91,455000000000,455089360913,455183678617,89360913,94317704,183678617,YES
639,640,92,460000000000,460089250341,460178498607,89250341,89248266,178498607,YES
639,640,93,465000000000,465089152544,465178612589,89152544,89460045,178612589,YES
639,640,94,470000000000,470093276002,470182521974,93276002,89245972,182521974,YES
639,640,95,475000000000,475088997981,475180059799,88997981,91061818,180059799,YES
639,640,96,480000000000,480088942367,480177883582,88942367,88941215,177883582,YES
639,640,97,485000000000,485088901782,485177802665,88901782,88900883,177802665,YES
639,640,98,490000000000,490091114485,490182953477,91114485,91838992,182953477,YES
639,640,99,495000000000,495093280687,495186896275,93280687,93615588,186896275,YES
639,640,100,500000000000,500090188277,500184853164,90188277,94664887,184853164,YES
639,640,101,505000000000,505091929868,505180822911,91929868,88893043,180822911,YES
639,640,102,510000000000,510091698507,510180627382,91698507,88928875,180627382,YES
639,640,103,515000000000,515088978344,515177957400,88978344,88979056,177957400,YES
639,640,104,520000000000,520089042096,520178879316,89042096,89837220,178879316,YES
639,640,105,525000000000,525089119000,525178362213,89119000,89243213,178362213,YES
639,640,106,530000000000,530089208355,530179786150,89208355,90577795,179786150,YES
639,640,107,535000000000,535095046783,535184357960,95046783,89311177,184357960,YES
639,640,108,540000000000,540093514173,540182937492,93514173,89423319,182937492,YES
639,640,109,545000000000,545089543521,545217942895,89543521,128399374,217942895,YES
639,640,110,550000000000,550095300951,550188247249,95300951,92946298,188247249,YES
639,640,111,555000000000,555095902229,555185720306,95902229,89818077,185720306,YES
639,640,112,560000000000,560093522044,560183522288,93522044,90000244,183522288,YES
639,640,113,565000000000,565077133738,565154266581,77133738,77132843,154266581,YES
639,640,114,570000000000,570104676044,570201744928,104676044,97068884,201744928,YES
639,640,115,575000000000,575097049560,575197736499,97049560,100686939,197736499,YES
639,640,116,580000000000,580097038529,580194075137,97038529,97036608,194075137,YES
639,640,117,585000000000,585101270817,585198307498,101270817,97036681,198307498,YES
639,640,118,590000000000,590099370534,590196418387,99370534,97047853,196418387,YES
639,640,119,595000000000,595098848421,595195918723,98848421,97070302,195918723,YES
639,640,120,600000000000,600100684318,600201367611,100684318,100683293,201367611,YES
639,640,121,605000000000,605100599034,605206091753,100599034,105492719,206091753,YES
639,640,122,610000000000,610100525155,610206524802,100525155,105999647,206524802,YES
639,640,123,615000000000,615102199079,615202662062,102199079,100462983,202662062,YES
639,640,124,620000000000,620101246993,620201660495,101246993,100413502,201660495,YES
639,640,125,625000000000,625100376042,625200752598,100376042,100376556,200752598,YES
639,640,126,630000000000,630100351541,630211790605,100351541,111439064,211790605,YES
639,640,127,635000000000,635100339967,635200681067,100339967,100341100,200681067,YES
639,640,128,640000000000,640100374997,640207733232,100374997,107358235,207733232,YES
639,640,129,645000000000,645103456773,645203847945,103456773,100391172,203847945,YES
639,640,130,650000000000,650100416840,650200835681,100416840,100418841,200835681,YES
639,640,131,655000000000,655100457108,655202929702,100457108,102472594,202929702,YES
639,640,132,660000000000,660106620485,660185883028,106620485,79262543,185883028,YES
639,640,133,665000000000,665079333708,665158670162,79333708,79336454,158670162,YES
639,640,134,670000000000,670080516224,670159965378,80516224,79449154,159965378,YES
639,640,135,675000000000,675079568191,675162115079,79568191,82546888,162115079,YES
639,640,136,680000000000,680079699559,680160692915,79699559,80993356,160692915,YES
639,640,137,685000000000,685081926957,685163713119,81926957,81786162,163713119,YES
639,640,138,690000000000,690089959290,690181762205,89959290,91802915,181762205,YES
639,640,139,695000000000,695097652272,695187479759,97652272,89827487,187479759,YES
639,640,140,700000000000,700089722762,700179443186,89722762,89720424,179443186,YES
639,640,141,705000000000,705089627929,705179253705,89627929,89625776,179253705,YES
639,640,142,710000000000,710089546267,710179090590,89546267,89544323,179090590,YES
639,640,143,715000000000,715089478284,715178954834,89478284,89476550,178954834,YES
639,640,144,720000000000,720089424405,720180512227,89424405,91087822,180512227,YES
639,640,145,725000000000,725090300154,725180495336,90300154,90195182,180495336,YES
639,640,146,730000000000,730094173619,730183532683,94173619,89359064,183532683,YES
639,640,147,735000000000,735089349976,735178699180,89349976,89349204,178699180,YES
639,640,148,740000000000,740089354513,740178708516,89354513,89354003,178708516,YES
639,640,149,745000000000,745089373558,745185036710,89373558,95663152,185036710,YES
639,640,150,750000000000,750089406833,750185479146,89406833,96072313,185479146,YES
639,640,151,755000000000,755089453966,755178908222,89453966,89454256,178908222,YES
639,640,152,760000000000,760089514494,760182760741,89514494,93246247,182760741,YES
639,640,153,765000000000,765089587859,765179176529,89587859,89588670,179176529,YES
639,640,154,770000000000,770093117188,770182791783,93117188,89674595,182791783,YES
639,640,155,775000000000,775117501355,775207307501,117501355,89806146,207307501,YES
639,640,156,780000000000,780092307536,780182223856,92307536,89916320,182223856,YES
639,640,157,785000000000,785043378524,785088456938,43378524,45078414,88456938,YES
639,640,158,790000000000,790043372772,790086746381,43372772,43373609,86746381,YES
639,640,159,795000000000,795043444715,795086890349,43444715,43445634,86890349,YES
639,640,160,800000000000,800103573861,800201702364,103573861,98128503,201702364,YES
639,640,161,805000000000,805097268893,805194611408,97268893,97342515,194611408,YES
639,640,162,810000000000,810098640642,810199701370,98640642,101060728,199701370,YES
639,640,163,815000000000,815097186027,815194370241,97186027,97184214,194370241,YES
639,640,164,820000000000,820097178942,820194356308,97178942,97177366,194356308,YES
639,640,165,825000000000,825220788480,825317971246,220788480,97182766,317971246,YES
639,640,166,830000000000,830104586954,830204621939,104586954,100034985,204621939,YES
639,640,167,835000000000,835097229984,835196568243,97229984,99338259,196568243,YES
639,640,168,840000000000,840097271462,840198177175,97271462,100905713,198177175,YES
639,640,169,845000000000,845099655225,845196980264,99655225,97325039,196980264,YES
639,640,170,850000000000,850099429363,850196820699,99429363,97391336,196820699,YES
639,640,171,855000000000,855101105397,855202307350,101105397,101201953,202307350,YES
639,640,172,860000000000,860101063531,860202127725,101063531,101064194,202127725,YES
639,640,173,865000000000,865101263154,865202297676,101263154,101034522,202297676,YES
639,640,174,870000000000,870101015525,870202032322,101015525,101016797,202032322,YES
639,640,175,875000000000,875103214740,875211926082,103214740,108711342,211926082,YES
639,640,176,880000000000,880103026639,880210416226,103026639,107389587,210416226,YES
639,640,177,885000000000,885104203875,885210758814,104203875,106554939,210758814,YES
639,640,178,890000000000,890108371216,890211226620,108371216,102855404,211226620,YES
639,640,179,895000000000,895080130822,895159928643,80130822,79797821,159928643,YES
639,640,180,900000000000,900079890252,900159783337,79890252,79893085,159783337,YES
639,640,181,905000000000,905079993588,905159990144,79993588,79996556,159990144,YES
639,640,182,910000000000,910080105095,910160213279,80105095,80108184,160213279,YES
639,640,183,915000000000,915080224749,915160452736,80224749,80227987,160452736,YES
639,640,184,920000000000,920094142132,920183958373,94142132,89816241,183958373,YES
639,640,185,925000000000,925090924835,925180568424,90924835,89643589,180568424,YES
639,640,186,930000000000,930094867676,930184382478,94867676,89514802,184382478,YES
639,640,187,935000000000,935091891660,935181289040,91891660,89397380,181289040,YES
639,640,188,940000000000,940089293798,940187980219,89293798,98686421,187980219,YES
639,640,189,945000000000,945089506495,945181516029,89506495,92009534,181516029,YES
639,640,190,950000000000,950092179340,950181298510,92179340,89119170,181298510,YES
639,640,191,955000000000,955090623087,955179676469,90623087,89053382,179676469,YES
639,640,192,960000000000,960089233213,960178235143,89233213,89001930,178235143,YES
639,640,193,965000000000,965204667866,965293632395,204667866,88964529,293632395,YES
639,640,194,970000000000,970091140658,970180084097,91140658,88943439,180084097,YES
639,640,195,975000000000,975088937081,975177873845,88937081,88936764,177873845,YES
639,640,196,980000000000,980088945181,980177890298,88945181,88945117,177890298,YES
639,640,197,985000000000,985088968113,985177936420,88968113,88968307,177936420,YES
639,640,198,990000000000,990089005572,990187161081,89005572,98155509,187161081,YES
639,640,199,995000000000,995099332205,995196943173,99332205,97610968,196943173,YES
639,640,200,1000000000000,1000100220631,1000201646763,100220631,101426132,201646763,YES
639,640,201,1005000000000,1005089200187,1005185045619,89200187,95845432,185045619,YES
639,640,202,1010000000000,1010089290448,1010189057877,89290448,99767429,189057877,YES
639,640,203,1015000000000,1015089392269,1015182171022,89392269,92778753,182171022,YES
639,640,204,1020000000000,1020089504934,1020185910385,89504934,96405451,185910385,YES
639,640,205,1025000000000,1025043325739,1025086652343,43325739,43326604,86652343,YES
639,640,206,1030000000000,1030043369739,1030086740422,43369739,43370683,86740422,YES
639,640,207,1035000000000,1035043423782,1035086848583,43423782,43424801,86848583,YES
639,640,208,1040000000000,1040101342235,1040205845513,101342235,104503278,205845513,YES
639,640,209,1045000000000,1045096967405,1045198679215,96967405,101711810,198679215,YES
639,640,210,1050000000000,1050098923999,1050196744311,98923999,97820312,196744311,YES
639,640,211,1055000000000,1055102915225,1055199849117,102915225,96933892,199849117,YES
639,640,212,1060000000000,1060105715425,1060202650057,105715425,96934632,202650057,YES
639,640,213,1065000000000,1065097351136,1065194297492,97351136,96946356,194297492,YES
639,640,214,1070000000000,1070108684285,1070205653540,108684285,96969255,205653540,YES
639,640,215,1075000000000,1075106718068,1075203721365,106718068,97003297,203721365,YES
639,640,216,1080000000000,1080110088884,1080215273898,110088884,105185014,215273898,YES
639,640,217,1085000000000,1085102182024,1085202066770,102182024,99884746,202066770,YES
639,640,218,1090000000000,1090102841350,1090205210986,102841350,102369636,205210986,YES
639,640,219,1095000000000,1095108376662,1095209225304,108376662,100848642,209225304,YES
639,640,220,1100000000000,1100110321072,1100211236270,110321072,100915198,211236270,YES
639,640,221,1105000000000,1105100810112,1105208588204,100810112,107778092,208588204,YES
639,640,222,1110000000000,1110101275199,1110208712026,101275199,107436827,208712026,YES
639,640,223,1115000000000,1115079390516,1115158782575,79390516,79392059,158782575,YES
639,640,224,1120000000000,1120079444326,1120158890405,79444326,79446079,158890405,YES
639,640,225,1125000000000,1125079507515,1125162152518,79507515,82645003,162152518,YES
639,640,226,1130000000000,1130079580049,1130159162262,79580049,79582213,159162262,YES
639,640,227,1135000000000,1135079661939,1135159326233,79661939,79664294,159326233,YES
639,640,228,1140000000000,1140079753145,1140159508815,79753145,79755670,159508815,YES
639,640,229,1145000000000,1145079853639,1145159709958,79853639,79856319,159709958,YES
639,640,230,1150000000000,1150079963410,1150159929647,79963410,79966237,159929647,YES
639,640,231,1155000000000,1155080082458,1155160167872,80082458,80085414,160167872,YES
639,640,232,1160000000000,1160080210798,1160160424706,80210798,80213908,160424706,YES
639,640,233,1165000000000,1165080348491,1165160700213,80348491,80351722,160700213,YES
639,640,234,1170000000000,1170090021396,1170180040366,90021396,90018970,180040366,YES
639,640,235,1175000000000,1175089913040,1175179823815,89913040,89910775,179823815,YES
639,640,236,1180000000000,1180089816460,1180179630823,89816460,89814363,179630823,YES
639,640,237,1185000000000,1185092605541,1185182887381,92605541,90281840,182887381,YES
639,640,238,1190000000000,1190093789570,1190183448688,93789570,89659118,183448688,YES
639,640,239,1195000000000,1195089602876,1195180994389,89602876,91391513,180994389,YES
640,641,0,0,51870186,103740273,51870186,51870087,103740273,YES
640,641,1,5000000000,5051919863,5103839776,51919863,51919913,103839776,YES
640,641,2,10000000000,10080190704,10132172953,80190704,51982249,132172953,YES
640,641,3,15000000000,15077057369,15129113222,77057369,52055853,129113222,YES
640,641,4,20000000000,20052139666,20104279823,52139666,52140157,104279823,YES
640,641,5,25000000000,25052234770,25104470165,52234770,52235395,104470165,YES
640,641,6,30000000000,30052339825,30104680405,52339825,52340580,104680405,YES
640,641,7,35000000000,35052487820,35104976518,52487820,52488698,104976518,YES
640,641,8,40000000000,40052610943,40110795752,52610943,58184809,110795752,YES
640,641,9,45000000000,45052742212,45105485519,52742212,52743307,105485519,YES
640,641,10,50000000000,50052880998,50105763191,52880998,52882193,105763191,YES
640,641,11,55000000000,55053026759,55106054825,53026759,53028066,106054825,YES
640,641,12,60000000000,60053178962,60106359318,53178962,53180356,106359318,YES
640,641,13,65000000000,65059364888,65118733021,59364888,59368133,118733021,YES
640,641,14,70000000000,70059538808,70119080940,59538808,59542132,119080940,YES
640,641,15,75000000000,75059720339,75119444080,59720339,59723741,119444080,YES
640,641,16,80000000000,80059909240,80119821960,59909240,59912720,119821960,YES
640,641,17,85000000000,85060105244,85120214030,60105244,60108786,120214030,YES
640,641,18,90000000000,90067349846,90127661842,67349846,60311996,127661842,YES
640,641,19,95000000000,95059774905,95119148562,59774905,59373657,119148562,YES
640,641,20,100000000000,100046040657,100092080801,46040657,46040144,92080801,YES
640,641,21,105000000000,105045869674,105091738927,45869674,45869253,91738927,YES
640,641,22,110000000000,110045772285,110091544230,45772285,45771945,91544230,YES
640,641,23,115000000000,115045647801,115091295334,45647801,45647533,91295334,YES
640,641,24,120000000000,120040524097,120081046189,40524097,40522092,81046189,YES
640,641,25,125000000000,125040300526,125080599079,40300526,40298553,80599079,YES
640,641,26,130000000000,130040082317,130080162703,40082317,40080386,80162703,YES
640,641,27,135000000000,135039869989,135079738115,39869989,39868126,79738115,YES
640,641,28,140000000000,140039664087,140079326356,39664087,39662269,79326356,YES
640,641,29,145000000000,145039465216,145078928665,39465216,39463449,78928665,YES
640,641,30,150000000000,150039273999,150078546298,39273999,39272299,78546298,YES
640,641,31,155000000000,155039091101,155078180550,39091101,39089449,78180550,YES
640,641,32,160000000000,160038917184,160078117188,38917184,39200004,78117188,YES
640,641,33,165000000000,165038752935,165077504351,38752935,38751416,77504351,YES
640,641,34,170000000000,170038599040,170077196647,38599040,38597607,77196647,YES
640,641,35,175000000000,175038456158,175076910955,38456158,38454797,76910955,YES
640,641,36,180000000000,180038324899,180076648514,38324899,38323615,76648514,YES
640,641,37,185000000000,185038239418,185076477637,38239418,38238219,76477637,YES
640,641,38,190000000000,190038132988,190076264863,38132988,38131875,76264863,YES
640,641,39,195000000000,195038005984,195076010950,38005984,38004966,76010950,YES
640,641,40,200000000000,200037925866,200075850807,37925866,37924941,75850807,YES
640,641,41,205000000000,205037859162,205075717498,37859162,37858336,75717498,YES
640,641,42,210000000000,210041190826,210078995965,41190826,37805139,78995965,YES
640,641,43,215000000000,215037765949,215076823592,37765949,39057643,76823592,YES
640,641,44,220000000000,220051502170,220103003447,51502170,51501277,103003447,YES
640,641,45,225000000000,225051497238,225102993712,51497238,51496474,102993712,YES
640,641,46,230000000000,230053125616,230104629585,53125616,51503969,104629585,YES
640,641,47,235000000000,235052595772,235104119442,52595772,51523670,104119442,YES
640,641,48,240000000000,240051807438,240103362899,51807438,51555461,103362899,YES
640,641,49,245000000000,245051599370,245103198536,51599370,51599166,103198536,YES
640,641,50,250000000000,250051654583,250103309110,51654583,51654527,103309110,YES
640,641,51,255000000000,255051721155,255103442403,51721155,51721248,103442403,YES
640,641,52,260000000000,260051798721,260105596124,51798721,53797403,105596124,YES
640,641,53,265000000000,265051886862,265105494490,51886862,53607628,105494490,YES
640,641,54,270000000000,270051985116,270107117649,51985116,55132533,107117649,YES
640,641,55,275000000000,275052092973,275104186628,52092973,52093655,104186628,YES
640,641,56,280000000000,280052209905,280104420621,52209905,52210716,104420621,YES
640,641,57,285000000000,285162874799,285215213952,162874799,52339153,215213952,YES
640,641,58,290000000000,290054440508,290108808719,54440508,54368211,108808719,YES
640,641,59,295000000000,295052643200,295106899165,52643200,54255965,106899165,YES
640,641,60,300000000000,300052790906,300105583082,52790906,52792176,105583082,YES
640,641,61,305000000000,305052944976,305105891314,52944976,52946338,105891314,YES
640,641,62,310000000000,310059653903,310119311025,59653903,59657122,119311025,YES
640,641,63,315000000000,315059790995,315119585308,59790995,59794313,119585308,YES
640,641,64,320000000000,320059969146,320119941684,59969146,59972538,119941684,YES
640,641,65,325000000000,325060154478,325120312422,60154478,60157944,120312422,YES
640,641,66,330000000000,330060346718,330120696987,60346718,60350269,120696987,YES
640,641,67,335000000000,335050206895,335103352120,50206895,53145225,103352120,YES
640,641,68,340000000000,340050344406,340100691570,50344406,50347164,100691570,YES
640,641,69,345000000000,345046153152,345092306014,46153152,46152862,92306014,YES
640,641,70,350000000000,350046130739,350220308257,46130739,174177518,220308257,YES
640,641,71,355000000000,355045910935,355121353523,45910935,75442588,121353523,YES
640,641,72,360000000000,360040847723,360081693495,40847723,40845772,81693495,YES
640,641,73,365000000000,365040625923,365081249919,40625923,40623996,81249919,YES
640,641,74,370000000000,370040409387,370080816908,40409387,40407521,80816908,YES
640,641,75,375000000000,375040198623,375080395429,40198623,40196806,80395429,YES
640,641,76,380000000000,380039994152,380079986551,39994152,39992399,79986551,YES
640,641,77,385000000000,385039796526,385079619662,39796526,39823136,79619662,YES
640,641,78,390000000000,390039606339,390079211057,39606339,39604718,79211057,YES
640,641,79,395000000000,395039424207,395079809485,39424207,40385278,79809485,YES
640,641,80,400000000000,400039250764,400079872446,39250764,40621682,79872446,YES
640,641,81,405000000000,405042715373,405081800520,42715373,39085147,81800520,YES
640,641,82,410000000000,410040603753,410079568541,40603753,38964788,79568541,YES
640,641,83,415000000000,415038822716,415077644181,38822716,38821465,77644181,YES
640,641,84,420000000000,420038690498,420077379829,38690498,38689331,77379829,YES
640,641,85,425000000000,425038570087,425077139098,38570087,38569011,77139098,YES
640,641,86,430000000000,430038461974,430076922964,38461974,38460990,76922964,YES
640,641,87,435000000000,435038332957,435076665019,38332957,38332062,76665019,YES
640,641,88,440000000000,440051961897,440107321398,51961897,55359501,107321398,YES
640,641,89,445000000000,445051917955,445103834818,51917955,51916863,103834818,YES
640,641,90,450000000000,450051872089,450103743205,51872089,51871116,103743205,YES
640,641,91,455000000000,455051839088,455103677327,51839088,51838239,103677327,YES
640,641,92,460000000000,460051819154,460103637595,51819154,51818441,103637595,YES
640,641,93,465000000000,465051812420,465103624266,51812420,51811846,103624266,YES
640,641,94,470000000000,470051818913,470107109538,51818913,55290625,107109538,YES
640,641,95,475000000000,475052062745,475103901038,52062745,51838293,103901038,YES
640,641,96,480000000000,480051871223,480103742318,51871223,51871095,103742318,YES
640,641,97,485000000000,485051916631,485103833286,51916631,51916655,103833286,YES
640,641,98,490000000000,490051974451,490103949077,51974451,51974626,103949077,YES
640,641,99,495000000000,495052044249,495104088839,52044249,52044590,104088839,YES
640,641,100,500000000000,500052125544,500104251575,52125544,52126031,104251575,YES
640,641,101,505000000000,505052217778,505104436187,52217778,52218409,104436187,YES
640,641,102,510000000000,510052320360,510104641486,52320360,52321126,104641486,YES
640,641,103,515000000000,515052432673,515104866239,52432673,52433566,104866239,YES
640,641,104,520000000000,520052554079,520105109181,52554079,52555102,105109181,YES
640,641,105,525000000000,525052683949,525105369036,52683949,52685087,105369036,YES
640,641,106,530000000000,530052821669,530105644582,52821669,52822913,105644582,YES
640,641,107,535000000000,535052966643,535105934626,52966643,52967983,105934626,YES
640,641,108,540000000000,540055409848,540110333508,55409848,54923660,110333508,YES
640,641,109,545000000000,545053276143,545106553813,53276143,53277670,106553813,YES
640,641,110,550000000000,550053439624,550107046718,53439624,53607094,107046718,YES
640,641,111,555000000000,555053618335,555107228313,53618335,53609978,107228313,YES
640,641,112,560000000000,560059446141,560118894103,59446141,59447962,118894103,YES
640,641,113,565000000000,565059438010,565118877909,59438010,59439899,118877909,YES
640,641,114,570000000000,570046133816,570092267245,46133816,46133429,92267245,YES
640,641,115,575000000000,575046005446,575092010596,46005446,46005150,92010596,YES
640,641,116,580000000000,580047543802,580093426976,47543802,45883174,93426976,YES
640,641,117,585000000000,585045767747,585091535363,45767747,45767616,91535363,YES
640,641,118,590000000000,590045658413,590091316769,45658413,45658356,91316769,YES
640,641,119,595000000000,595045555446,595091110906,45555446,45555460,91110906,YES
640,641,120,600000000000,600040554211,600081106543,40554211,40552332,81106543,YES
640,641,121,605000000000,605040344994,605080688171,40344994,40343177,80688171,YES
640,641,122,610000000000,610040141873,610080281982,40141873,40140109,80281982,YES
640,641,123,615000000000,615039945361,615079889023,39945361,39943662,79889023,YES
640,641,124,620000000000,620039755987,620079510347,39755987,39754360,79510347,YES
640,641,125,625000000000,625039574319,625079147071,39574319,39572752,79147071,YES
640,641,126,630000000000,630039400931,630078800356,39400931,39399425,78800356,YES
640,641,127,635000000000,635039236421,635078471410,39236421,39234989,78471410,YES
640,641,128,640000000000,640039114960,640078228561,39114960,39113601,78228561,YES
640,641,129,645000000000,645038969939,645077938604,38969939,38968665,77938604,YES
640,641,130,650000000000,650038835514,650077669835,38835514,38834321,77669835,YES
640,641,131,655000000000,655038712195,655077423280,38712195,38711085,77423280,YES
640,641,132,660000000000,660052231760,660115831557,52231760,63599797,115831557,YES
640,641,133,665000000000,665052161038,665104540586,52161038,52379548,104540586,YES
640,641,134,670000000000,670052101507,670104201947,52101507,52100440,104201947,YES
640,641,135,675000000000,675051594809,675103189835,51594809,51595026,103189835,YES
640,641,136,680000000000,680051644239,680103288809,51644239,51644570,103288809,YES
640,641,137,685000000000,685051705822,685103412093,51705822,51706271,103412093,YES
640,641,138,690000000000,690051779888,690103560360,51779888,51780472,103560360,YES
640,641,139,695000000000,695051866696,695103734117,51866696,51867421,103734117,YES
640,641,140,700000000000,700051966401,700103933661,51966401,51967260,103933661,YES
640,641,141,705000000000,705052079061,705104159140,52079061,52080079,104159140,YES
640,641,142,710000000000,710052204634,710104410438,52204634,52205804,104410438,YES
640,641,143,715000000000,715053307118,715105670622,53307118,52363504,105670622,YES
640,641,144,720000000000,720054620154,720107134693,54620154,52514539,107134693,YES
640,641,145,725000000000,725052656776,725105315182,52656776,52658406,105315182,YES
640,641,146,730000000000,730052831442,730105664660,52831442,52833218,105664660,YES
640,641,147,735000000000,735059642675,735112662134,59642675,53019459,112662134,YES
640,641,148,740000000000,740057883110,740111099066,57883110,53215956,111099066,YES
640,641,149,745000000000,745053420070,745106842355,53420070,53422285,106842355,YES
640,641,150,750000000000,750053635753,750107273858,53635753,53638105,107273858,YES
640,641,151,755000000000,755053860096,755107722649,53860096,53862553,107722649,YES
640,641,152,760000000000,760055218666,760109313730,55218666,54095064,109313730,YES
640,641,153,765000000000,765054332104,765108666904,54332104,54334800,108666904,YES
640,641,154,770000000000,770054578524,770109159838,54578524,54581314,109159838,YES
640,641,155,775000000000,775054864712,775109732316,54864712,54867604,109732316,YES
640,641,156,780000000000,780055122921,780110248834,55122921,55125913,110248834,YES
640,641,157,785000000000,785083850091,785167700132,83850091,83850041,167700132,YES
640,641,158,790000000000,790083938744,790194085243,83938744,110146499,194085243,YES
640,641,159,795000000000,795078315959,795165807323,78315959,87491364,165807323,YES
640,641,160,800000000000,800079462228,800163573501,79462228,84111273,163573501,YES
640,641,161,805000000000,805079146991,805157311862,79146991,78164871,157311862,YES
640,641,162,810000000000,810082215065,810161795808,82215065,79580743,161795808,YES
640,641,163,815000000000,815078046891,815156094786,78046891,78047895,156094786,YES
640,641,164,820000000000,820078001090,820156003367,78001090,78002277,156003367,YES
640,641,165,825000000000,825078396752,825156361979,78396752,77965227,156361979,YES
640,641,166,830000000000,830081605524,830159542247,81605524,77936723,159542247,YES
640,641,167,835000000000,835081255729,835159172525,81255729,77916796,159172525,YES
640,641,168,840000000000,840079162656,840157713293,79162656,78550637,157713293,YES
640,641,169,845000000000,845079142075,845159655790,79142075,80513715,159655790,YES
640,641,170,850000000000,850081847418,850163708427,81847418,81861009,163708427,YES
640,641,171,855000000000,855081962716,855163520343,81962716,81557627,163520343,YES
640,641,172,860000000000,860081450977,860162900195,81450977,81449218,162900195,YES
640,641,173,865000000000,865081351658,865164390333,81351658,83038675,164390333,YES
640,641,174,870000000000,870081262129,870162522793,81262129,81260664,162522793,YES
640,641,175,875000000000,875088714438,875169895979,88714438,81181541,169895979,YES
640,641,176,880000000000,880087125906,880168273026,87125906,81147120,168273026,YES
640,641,177,885000000000,885082842772,885166050739,82842772,83207967,166050739,YES
640,641,178,890000000000,890081047070,890169326370,81047070,88279300,169326370,YES
640,641,179,895000000000,895051911120,895103821971,51911120,51910851,103821971,YES
640,641,180,900000000000,900051919001,900103837805,51919001,51918804,103837805,YES
640,641,181,905000000000,905051937143,905103874168,51937143,51937025,103874168,YES
640,641,182,910000000000,910051965995,910103931961,51965995,51965966,103931961,YES
640,641,183,915000000000,915052005949,915104011961,52005949,52006012,104011961,YES
640,641,184,920000000000,920052057353,920104114868,52057353,52057515,104114868,YES
640,641,185,925000000000,925052120493,925104241248,52120493,52120755,104241248,YES
640,641,186,930000000000,930052195598,930105138328,52195598,52942730,105138328,YES
640,641,187,935000000000,935052282834,935106106247,52282834,53823413,106106247,YES
640,641,188,940000000000,940052382303,940104888710,52382303,52506407,104888710,YES
640,641,189,945000000000,945052494045,945104988872,52494045,52494827,104988872,YES
640,641,190,950000000000,950052618033,950105311865,52618033,52693832,105311865,YES
640,641,191,955000000000,955052754165,955105509403,52754165,52755238,105509403,YES
640,641,192,960000000000,960052902261,960105805749,52902261,52903488,105805749,YES
640,641,193,965000000000,965053062073,965106125547,53062073,53063474,106125547,YES
640,641,194,970000000000,970053233277,970106468111,53233277,53234834,106468111,YES
640,641,195,975000000000,975053415475,975106832658,53415475,53417183,106832658,YES
640,641,196,980000000000,980053608210,980107218271,53608210,53610061,107218271,YES
640,641,197,985000000000,985053810937,985107623873,53810937,53812936,107623873,YES
640,641,198,990000000000,990054023107,990108048376,54023107,54025269,108048376,YES
640,641,199,995000000000,995054244133,995108610672,54244133,54366539,108610672,YES
640,641,200,1000000000000,1000054473403,1000109519901,54473403,55046498,109519901,YES
640,641,201,1005000000000,1005054710318,1005109423182,54710318,54712864,109423182,YES
640,641,202,1010000000000,1010054954271,1010109911203,54954271,54956932,109911203,YES
640,641,203,1015000000000,1015055238308,1015110479394,55238308,55241086,110479394,YES
640,641,204,1020000000000,1020054992641,1020108253585,54992641,53260944,108253585,YES
640,641,205,1025000000000,1025040287292,1025080574074,40287292,40286782,80574074,YES
640,641,206,1030000000000,1030078096330,1030159409744,78096330,81313414,159409744,YES
640,641,207,1035000000000,1035078024329,1035157370701,78024329,79346372,157370701,YES
640,641,208,1040000000000,1040077961112,1040161341954,77961112,83380842,161341954,YES
640,641,209,1045000000000,1045081048363,1045158956018,81048363,77907655,158956018,YES
640,641,210,1050000000000,1050080149943,1050164923815,80149943,84773872,164923815,YES
640,641,211,1055000000000,1055077823915,1055156915187,77823915,79091272,156915187,YES
640,641,212,1060000000000,1060081180970,1060165715511,81180970,84534541,165715511,YES
640,641,213,1065000000000,1065077775777,1065155553306,77775777,77777529,155553306,YES
640,641,214,1070000000000,1070077764626,1070155531161,77764626,77766535,155531161,YES
640,641,215,1075000000000,1075077762081,1075155526218,77762081,77764137,155526218,YES
640,641,216,1080000000000,1080077768164,1080161780848,77768164,84012684,161780848,YES
640,641,217,1085000000000,1085085948453,1085169591021,85948453,83642568,169591021,YES
640,641,218,1090000000000,1090083879737,1090171905635,83879737,88025898,171905635,YES
640,641,219,1095000000000,1095081471538,1095172584338,81471538,91112800,172584338,YES
640,641,220,1100000000000,1100081380765,1100172294777,81380765,90914012,172294777,YES
640,641,221,1105000000000,1105092528797,1105173861060,92528797,81332263,173861060,YES
640,641,222,1110000000000,1110092242222,1110177158388,92242222,84916166,177158388,YES
640,641,223,1115000000000,1115052056753,1115107157457,52056753,55100704,107157457,YES
640,641,224,1120000000000,1120053158088,1120105199104,53158088,52041016,105199104,YES
640,641,225,1125000000000,1125052035218,1125104070150,52035218,52034932,104070150,YES
640,641,226,1130000000000,1130052038871,1130104077526,52038871,52038655,104077526,YES
640,641,227,1135000000000,1135052052841,1135104105546,52052841,52052705,104105546,YES
640,641,228,1140000000000,1140052077604,1140104155153,52077604,52077549,104155153,YES
640,641,229,1145000000000,1145052113586,1145104227208,52113586,52113622,104227208,YES
640,641,230,1150000000000,1150052161149,1150104322422,52161149,52161273,104322422,YES
640,641,231,1155000000000,1155052220587,1155104441405,52220587,52220818,104441405,YES
640,641,232,1160000000000,1160052292130,1160104584603,52292130,52292473,104584603,YES
640,641,233,1165000000000,1165052375931,1165104752327,52375931,52376396,104752327,YES
640,641,234,1170000000000,1170052472081,1170104944759,52472081,52472678,104944759,YES
640,641,235,1175000000000,1175052580602,1175105161928,52580602,52581326,105161928,YES
640,641,236,1180000000000,1180052701441,1180105403751,52701441,52702310,105403751,YES
640,641,237,1185000000000,1185052834492,1185105670001,52834492,52835509,105670001,YES
640,641,238,1190000000000,1190052979568,1190105960301,52979568,52980733,105960301,YES
640,641,239,1195000000000,1195053136418,1195106274171,53136418,53137753,106274171,YES
641,642,0,0,101620738,203242735,101620738,101621997,203242735,YES
641,642,1,5000000000,5101660273,5203322059,101660273,101661786,203322059,YES
641,642,2,10000000000,10101712369,10205438485,101712369,103726116,205438485,YES
641,642,3,15000000000,15101776436,15205612899,101776436,103836463,205612899,YES
641,642,4,20000000000,20106903686,20208757813,106903686,101854127,208757813,YES
641,642,5,25000000000,25104940677,25206881181,104940677,101940504,206881181,YES
641,642,6,30000000000,30211335214,30313374463,211335214,102039249,313374463,YES
641,642,7,35000000000,35102140490,35204283695,102140490,102143205,204283695,YES
641,642,8,40000000000,40106293915,40208552430,106293915,102258515,208552430,YES
641,642,9,45000000000,45102379134,45204761300,102379134,102382166,204761300,YES
641,642,10,50000000000,50102510745,50205024658,102510745,102513913,205024658,YES
641,642,11,55000000000,55102649917,55205303131,102649917,102653214,205303131,YES
641,642,12,60000000000,60102796213,60205595844,102796213,102799631,205595844,YES
641,642,13,65000000000,65011618922,65023237835,11618922,11618913,23237835,YES
641,642,14,70000000000,70011684010,70023368030,11684010,11684020,23368030,YES
641,642,15,75000000000,75011756172,75023512374,11756172,11756202,23512374,YES
641,642,16,80000000000,80011835246,80023670542,11835246,11835296,23670542,YES
641,642,17,85000000000,85011921064,85023842197,11921064,11921133,23842197,YES
641,642,18,90000000000,90012013447,90024027002,12013447,12013555,24027002,YES
641,642,19,95000000000,95099858783,95199714061,99858783,99855278,199714061,YES
641,642,20,100000000000,100099781379,100199559367,99781379,99777988,199559367,YES
641,642,21,105000000000,105106618244,105206326678,106618244,99708434,206326678,YES
641,642,22,110000000000,110018092227,110038461134,18092227,20368907,38461134,YES
641,642,23,115000000000,115017914373,115036283369,17914373,18368996,36283369,YES
641,642,24,120000000000,120017740859,120035481132,17740859,17740273,35481132,YES
641,642,25,125000000000,125017572095,125035143627,17572095,17571532,35143627,YES
641,642,26,130000000000,130017408531,130034816522,17408531,17407991,34816522,YES
641,642,27,135000000000,135017250655,135034500793,17250655,17250138,34500793,YES
641,642,28,140000000000,140017098987,140034197498,17098987,17098511,34197498,YES
641,642,29,145000000000,145018981166,145035934765,18981166,16953599,35934765,YES
641,642,30,150000000000,150019186111,150036002186,19186111,16816075,36002186,YES
641,642,31,155000000000,155017056593,155033743188,17056593,16686595,33743188,YES
641,642,32,160000000000,160016566030,160033131715,16566030,16565685,33131715,YES
641,642,33,165000000000,165016454321,165032908343,16454321,16454022,32908343,YES
641,642,34,170000000000,170016352501,170032704744,16352501,16352243,32704744,YES
641,642,35,175000000000,175016261184,175032522150,16261184,16260966,32522150,YES
641,642,36,180000000000,180016180947,180032361721,16180947,16180774,32361721,YES
641,642,37,185000000000,185016112312,185040943157,16112312,24830845,40943157,YES
641,642,38,190000000000,190016055724,190034764483,16055724,18708759,34764483,YES
641,642,39,195000000000,195016011540,195032023044,16011540,16011504,32023044,YES
641,642,40,200000000000,200015980019,200031960052,15980019,15980033,31960052,YES
641,642,41,205000000000,205015961306,205031922667,15961306,15961361,31922667,YES
641,642,42,210000000000,210015955439,210031910975,15955439,15955536,31910975,YES
641,642,43,215000000000,215019130069,215035121362,19130069,15991293,35121362,YES
641,642,44,220000000000,220015981832,220031963842,15981832,15982010,31963842,YES
641,642,45,225000000000,225016013640,225032027495,16013640,16013855,32027495,YES
641,642,46,230000000000,230016057400,230032115060,16057400,16057660,32115060,YES
641,642,47,235000000000,235016112679,235032225653,16112679,16112974,32225653,YES
641,642,48,240000000000,240016178990,240032358308,16178990,16179318,32358308,YES
641,642,49,245000000000,245016255795,245032511947,16255795,16256152,32511947,YES
641,642,50,250000000000,250016342538,250032685454,16342538,16342916,32685454,YES
641,642,51,255000000000,255017188344,255033627390,17188344,16439046,33627390,YES
641,642,52,260000000000,260016543468,260033087360,16543468,16543892,33087360,YES
641,642,53,265000000000,265016656487,265033313417,16656487,16656930,33313417,YES
641,642,54,270000000000,270018700106,270035477723,18700106,16777617,35477723,YES
641,642,55,275000000000,275016904771,275033810036,16904771,16905265,33810036,YES
641,642,56,280000000000,280017038952,280034078427,17038952,17039475,34078427,YES
641,642,57,285000000000,285017179145,285034358828,17179145,17179683,34358828,YES
641,642,58,290000000000,290017324875,290034650300,17324875,17325425,34650300,YES
641,642,59,295000000000,295017475697,295034951959,17475697,17476262,34951959,YES
641,642,60,300000000000,300017631206,300035263006,17631206,17631800,35263006,YES
641,642,61,305000000000,305017791013,305035582631,17791013,17791618,35582631,YES
641,642,62,310000000000,310107578188,310214438819,107578188,106860631,214438819,YES
641,642,63,315000000000,315106920703,315213840841,106920703,106920138,213840841,YES
641,642,64,320000000000,320011880981,320023761944,11880981,11880963,23761944,YES
641,642,65,325000000000,325011873097,325023746195,11873097,11873098,23746195,YES
641,642,66,330000000000,330011873655,330023747330,11873655,11873675,23747330,YES
641,642,67,335000000000,335013538187,335025532743,13538187,11994556,25532743,YES
641,642,68,340000000000,340011917242,340023834168,11917242,11916926,23834168,YES
641,642,69,345000000000,345102795740,345204710156,102795740,101914416,204710156,YES
641,642,70,350000000000,350100742975,350200314700,100742975,99571725,200314700,YES
641,642,71,355000000000,355017474674,355034948731,17474674,17474057,34948731,YES
641,642,72,360000000000,360017299063,360034597542,17299063,17298479,34597542,YES
641,642,73,365000000000,365017128012,365034255457,17128012,17127445,34255457,YES
641,642,74,370000000000,370016961950,370033923369,16961950,16961419,33923369,YES
641,642,75,375000000000,375016801349,375033602187,16801349,16800838,33602187,YES
641,642,76,380000000000,380016646727,380033292965,16646727,16646238,33292965,YES
641,642,77,385000000000,385016498603,385032996743,16498603,16498140,32996743,YES
641,642,78,390000000000,390017318805,390033675916,17318805,16357111,33675916,YES
641,642,79,395000000000,395016224259,395032448109,16224259,16223850,32448109,YES
641,642,80,400000000000,400016099299,400032768249,16099299,16668950,32768249,YES
641,642,81,405000000000,405015983359,405031966394,15983359,15983035,31966394,YES
641,642,82,410000000000,410015877116,410031753944,15877116,15876828,31753944,YES
641,642,83,415000000000,415015781240,415031562228,15781240,15780988,31562228,YES
641,642,84,420000000000,420015696379,420031392543,15696379,15696164,31392543,YES
641,642,85,425000000000,425015623146,425031246117,15623146,15622971,31246117,YES
641,642,86,430000000000,430015562089,430031411298,15562089,15849209,31411298,YES
641,642,87,435000000000,435015513681,435031027268,15513681,15513587,31027268,YES
641,642,88,440000000000,440015478289,440030956526,15478289,15478237,30956526,YES
641,642,89,445000000000,445015456174,445030912337,15456174,15456163,30912337,YES
641,642,90,450000000000,450015447460,450030894951,15447460,15447491,30894951,YES
641,642,91,455000000000,455015452149,455030904368,15452149,15452219,30904368,YES
641,642,92,460000000000,460015470103,460030940314,15470103,15470211,30940314,YES
641,642,93,465000000000,465015501061,465031002268,15501061,15501207,31002268,YES
641,642,94,470000000000,470015544647,470031089477,15544647,15544830,31089477,YES
641,642,95,475000000000,475015600394,475031201012,15600394,15600618,31201012,YES
641,642,96,480000000000,480015667748,480031335753,15667748,15668005,31335753,YES
641,642,97,485000000000,485015746103,485031492494,15746103,15746391,31492494,YES
641,642,98,490000000000,490015834813,490031669943,15834813,15835130,31669943,YES
641,642,99,495000000000,495015933214,495031866772,15933214,15933558,31866772,YES
641,642,100,500000000000,500016040636,500032081650,16040636,16041014,32081650,YES
641,642,101,505000000000,505016156421,505032313242,16156421,16156821,32313242,YES
641,642,102,510000000000,510016279927,510032560277,16279927,16280350,32560277,YES
641,642,103,515000000000,515016410545,515032821548,16410545,16411003,32821548,YES
641,642,104,520000000000,520016547698,520033095871,16547698,16548173,33095871,YES
641,642,105,525000000000,525016690856,525033382188,16690856,16691332,33382188,YES
641,642,106,530000000000,530016839486,530033679463,16839486,16839977,33679463,YES
641,642,107,535000000000,535016993138,535033986798,16993138,16993660,33986798,YES
641,642,108,540000000000,540017151381,540034303315,17151381,17151934,34303315,YES
641,642,109,545000000000,545093913892,545187831016,93913892,93917124,187831016,YES
641,642,110,550000000000,550094901684,550188889796,94901684,93988112,188889796,YES
641,642,111,555000000000,555099452136,555193993786,99452136,94541650,193993786,YES
641,642,112,560000000000,560114419553,560214198878,114419553,99779325,214198878,YES
641,642,113,565000000000,565102826250,565202514521,102826250,99688271,202514521,YES
641,642,114,570000000000,570099608607,570199213871,99608607,99605264,199213871,YES
641,642,115,575000000000,575099533773,575199064335,99533773,99530562,199064335,YES
641,642,116,580000000000,580107612486,580211642022,107612486,104029536,211642022,YES
641,642,117,585000000000,585105664042,585210156169,105664042,104492127,210156169,YES
641,642,118,590000000000,590103726263,590203083927,103726263,99357664,203083927,YES
641,642,119,595000000000,595099320278,595198637868,99320278,99317590,198637868,YES
641,642,120,600000000000,600099288933,600198575331,99288933,99286398,198575331,YES
641,642,121,605000000000,605017541519,605035082499,17541519,17540980,35082499,YES
641,642,122,610000000000,610017376858,610034753199,17376858,17376341,34753199,YES
641,642,123,615000000000,615017217708,615034434935,17217708,17217227,34434935,YES
641,642,124,620000000000,620017064557,620034128659,17064557,17064102,34128659,YES
641,642,125,625000000000,625016917926,625033835441,16917926,16917515,33835441,YES
641,642,126,630000000000,630016778364,630033556346,16778364,16777982,33556346,YES
641,642,127,635000000000,635016646447,635033292552,16646447,16646105,33292552,YES
641,642,128,640000000000,640016522773,640033045237,16522773,16522464,33045237,YES
641,642,129,645000000000,645016407949,645032815624,16407949,16407675,32815624,YES
641,642,130,650000000000,650016302588,650032604939,16302588,16302351,32604939,YES
641,642,131,655000000000,655016207308,655032414404,16207308,16207096,32414404,YES
641,642,132,660000000000,660016122666,660032245161,16122666,16122495,32245161,YES
641,642,133,665000000000,665016049226,665032098323,16049226,16049097,32098323,YES
641,642,134,670000000000,670015987490,670031974899,15987490,15987409,31974899,YES
641,642,135,675000000000,675108549754,675210417442,108549754,101867688,210417442,YES
641,642,136,680000000000,680102618315,680204413094,102618315,101794779,204413094,YES
641,642,137,685000000000,685101727475,685203454348,101727475,101726873,203454348,YES
641,642,138,690000000000,690101674315,690204778015,101674315,103103700,204778015,YES
641,642,139,695000000000,695101636346,695208677913,101636346,107041567,208677913,YES
641,642,140,700000000000,700107353335,700212655427,107353335,105302092,212655427,YES
641,642,141,705000000000,705107959610,705209566062,107959610,101606452,209566062,YES
641,642,142,710000000000,710101613063,710203226953,101613063,101613890,203226953,YES
641,642,143,715000000000,715105779743,715208217414,105779743,102437671,208217414,YES
641,642,144,720000000000,720103771967,720215465203,103771967,111693236,215465203,YES
641,642,145,725000000000,725111106610,725223884405,111106610,112777795,223884405,YES
641,642,146,730000000000,730111040625,730221827658,111040625,110787033,221827658,YES
641,642,147,735000000000,735107510783,735209427093,107510783,101916310,209427093,YES
641,642,148,740000000000,740101942910,740203888018,101942910,101945108,203888018,YES
641,642,149,745000000000,745102040226,745204082842,102040226,102042616,204082842,YES
641,642,150,750000000000,750102147917,750204298401,102147917,102150484,204298401,YES
641,642,151,755000000000,755102265358,755204533449,102265358,102268091,204533449,YES
641,642,152,760000000000,760102391959,760204786790,102391959,102394831,204786790,YES
641,642,153,765000000000,765102527109,765205057255,102527109,102530146,205057255,YES
641,642,154,770000000000,770102670292,770206949657,102670292,104279365,206949657,YES
641,642,155,775000000000,775102821006,775235763308,102821006,132942302,235763308,YES
641,642,156,780000000000,780102978780,780205960982,102978780,102982202,205960982,YES
641,642,157,785000000000,785103143192,785218518525,103143192,115375333,218518525,YES
641,642,158,790000000000,790006155810,790012311750,6155810,6155940,12311750,YES
641,642,159,795000000000,795011775460,795023550535,11775460,11775075,23550535,YES
641,642,160,800000000000,800011664594,800023328808,11664594,11664214,23328808,YES
641,642,161,805000000000,805011560203,805023120053,11560203,11559850,23120053,YES
641,642,162,810000000000,810011462497,810022924651,11462497,11462154,22924651,YES
641,642,163,815000000000,815011371672,815022743011,11371672,11371339,22743011,YES
641,642,164,820000000000,820011287908,820022575494,11287908,11287586,22575494,YES
641,642,165,825000000000,825011211371,825022422432,11211371,11211061,22422432,YES
641,642,166,830000000000,830011142217,830022284137,11142217,11141920,22284137,YES
641,642,167,835000000000,835011080593,835022160902,11080593,11080309,22160902,YES
641,642,168,840000000000,840011026638,840022053005,11026638,11026367,22053005,YES
641,642,169,845000000000,845010980491,845021960720,10980491,10980229,21960720,YES
641,642,170,850000000000,850102487589,850211889556,102487589,109401967,211889556,YES
641,642,171,855000000000,855102360383,855204718654,102360383,102358271,204718654,YES
641,642,172,860000000000,860102241729,860204481558,102241729,102239829,204481558,YES
641,642,173,865000000000,865102098614,865208350063,102098614,106251449,208350063,YES
641,642,174,870000000000,870103868069,870205865487,103868069,101997418,205865487,YES
641,642,175,875000000000,875101909526,875203817899,101909526,101908373,203817899,YES
641,642,176,880000000000,880101831281,880208435185,101831281,106603904,208435185,YES
641,642,177,885000000000,885131209159,885236517472,131209159,105308313,236517472,YES
641,642,178,890000000000,890101710804,890210609075,101710804,108898271,210609075,YES
641,642,179,895000000000,895101669931,895204431896,101669931,102761965,204431896,YES
641,642,180,900000000000,900104674705,900206317812,104674705,101643107,206317812,YES
641,642,181,905000000000,905115576646,905217341706,115576646,101765060,217341706,YES
641,642,182,910000000000,910101572589,910203144212,101572589,101571623,203144212,YES
641,642,183,915000000000,915101501167,915203001687,101501167,101500520,203001687,YES
641,642,184,920000000000,920101445318,920206359823,101445318,104914505,206359823,YES
641,642,185,925000000000,925101405229,925203183419,101405229,101778190,203183419,YES
641,642,186,930000000000,930103982624,930207170255,103982624,103187631,207170255,YES
641,642,187,935000000000,935104717580,935206090554,104717580,101372974,206090554,YES
641,642,188,940000000000,940107274290,940208717008,107274290,101442718,208717008,YES
641,642,189,945000000000,945105207460,945206665392,105207460,101457932,206665392,YES
641,642,190,950000000000,950104670727,950206110304,104670727,101439577,206110304,YES
641,642,191,955000000000,955101489035,955203572421,101489035,102083386,203572421,YES
641,642,192,960000000000,960101553402,960203108667,101553402,101555265,203108667,YES
641,642,193,965000000000,965101630587,965203263252,101630587,101632665,203263252,YES
641,642,194,970000000000,970103421121,970205143319,103421121,101722198,205143319,YES
641,642,195,975000000000,975101820568,975203643618,101820568,101823050,203643618,YES
641,642,196,980000000000,980101931949,980203866564,101931949,101934615,203866564,YES
641,642,197,985000000000,985102053340,985204109523,102053340,102056183,204109523,YES
641,642,198,990000000000,990102184082,990204371163,102184082,102187081,204371163,YES
641,642,199,995000000000,995109503130,995215138992,109503130,105635862,215138992,YES
641,642,200,1000000000000,1000143119773,1000248289092,143119773,105169319,248289092,YES
641,642,201,1005000000000,1005102626483,1005205256383,102626483,102629900,205256383,YES
641,642,202,1010000000000,1010102788886,1010210006298,102788886,107217412,210006298,YES
641,642,203,1015000000000,1015005804703,1015011609536,5804703,5804833,11609536,YES
641,642,204,1020000000000,1020093590563,1020192994340,93590563,99403777,192994340,YES
641,642,205,1025000000000,1025093649922,1025197351402,93649922,103701480,197351402,YES
641,642,206,1030000000000,1030011464761,1030022929151,11464761,11464390,22929151,YES
641,642,207,1035000000000,1035011354987,1035022709611,11354987,11354624,22709611,YES
641,642,208,1040000000000,1040011252163,1040022503972,11252163,11251809,22503972,YES
641,642,209,1045000000000,1045011156503,1045022312663,11156503,11156160,22312663,YES
641,642,210,1050000000000,1050011068202,1050022136071,11068202,11067869,22136071,YES
641,642,211,1055000000000,1055010987430,1055021974537,10987430,10987107,21974537,YES
641,642,212,1060000000000,1060010914342,1060021828372,10914342,10914030,21828372,YES
641,642,213,1065000000000,1065010849076,1065021697852,10849076,10848776,21697852,YES
641,642,214,1070000000000,1070010791757,1070021583242,10791757,10791485,21583242,YES
641,642,215,1075000000000,1075010742502,1075023179858,10742502,12437356,23179858,YES
641,642,216,1080000000000,1080010701429,1080021402612,10701429,10701183,21402612,YES
641,642,217,1085000000000,1085010668653,1085021337076,10668653,10668423,21337076,YES
641,642,218,1090000000000,1090107534854,1090209787964,107534854,102253110,209787964,YES
641,642,219,1095000000000,1095121788321,1095223905556,121788321,102117235,223905556,YES
641,642,220,1100000000000,1100102007506,1100204532927,102007506,102525421,204532927,YES
641,642,221,1105000000000,1105101915442,1105203829637,101915442,101914195,203829637,YES
641,642,222,1110000000000,1110104977016,1110206810283,104977016,101833267,206810283,YES
641,642,223,1115000000000,1115104028349,1115205792397,104028349,101764048,205792397,YES
641,642,224,1120000000000,1120101707636,1120203414868,101707636,101707232,203414868,YES
641,642,225,1125000000000,1125101663572,1125203327044,101663572,101663472,203327044,YES
641,642,226,1130000000000,1130101627945,1130204807903,101627945,103179958,204807903,YES
641,642,227,1135000000000,1135101523299,1135212334884,101523299,110811585,212334884,YES
641,642,228,1140000000000,1140101433638,1140214940655,101433638,113507017,214940655,YES
641,642,229,1145000000000,1145101359449,1145202718196,101359449,101358747,202718196,YES
641,642,230,1150000000000,1150101301093,1150202601815,101301093,101300722,202601815,YES
641,642,231,1155000000000,1155101258810,1155202517573,101258810,101258763,202517573,YES
641,642,232,1160000000000,1160101232692,1160202752508,101232692,101519816,202752508,YES
641,642,233,1165000000000,1165101222676,1165202445932,101222676,101223256,202445932,YES
641,642,234,1170000000000,1170101228564,1170202458000,101228564,101229436,202458000,YES
641,642,235,1175000000000,1175101250001,1175202501159,101250001,101251158,202501159,YES
641,642,236,1180000000000,1180101286533,1180202574496,101286533,101287963,202574496,YES
641,642,237,1185000000000,1185101337597,1185209948489,101337597,108610892,209948489,YES
641,642,238,1190000000000,1190101402539,1190206093996,101402539,104691457,206093996,YES
641,642,239,1195000000000,1195111559623,1195216403872,111559623,104844249,216403872,YES
642,643,0,0,33765116,67530601,33765116,33765485,67530601,YES
642,643,1,5000000000,5033866811,5067734064,33866811,33867253,67734064,YES
642,643,2,10000000000,10033944889,10067890292,33944889,33945403,67890292,YES
642,643,3,15000000000,15034032563,15068065717,34032563,34033154,68065717,YES
642,643,4,20000000000,20101052358,20208663634,101052358,107611276,208663634,YES
642,643,5,25000000000,25125941108,25227037390,125941108,101096282,227037390,YES
642,643,6,30000000000,30108348636,30209498404,108348636,101149768,209498404,YES
642,643,7,35000000000,35102287467,35203501475,102287467,101214008,203501475,YES
642,643,8,40000000000,40101286570,40202575147,101286570,101288577,202575147,YES
642,643,9,45000000000,45101370789,45205937270,101370789,104566481,205937270,YES
642,643,10,50000000000,50101464392,50202931167,101464392,101466775,202931167,YES
642,643,11,55000000000,55101566949,55203136444,101566949,101569495,203136444,YES
642,643,12,60000000000,60101678019,60203358739,101678019,101680720,203358739,YES
642,643,13,65000000000,65101797183,65203597216,101797183,101800033,203597216,YES
642,643,14,70000000000,70101924034,70206459351,101924034,104535317,206459351,YES
642,643,15,75000000000,75104454047,75208911241,104454047,104457194,208911241,YES
642,643,16,80000000000,80104503654,80209010586,104503654,104506932,209010586,YES
642,643,17,85000000000,85104560970,85209125331,104560970,104564361,209125331,YES
642,643,18,90000000000,90104625914,90209255333,104625914,104629419,209255333,YES
642,643,19,95000000000,95102427375,95204855084,102427375,102427709,204855084,YES
642,643,20,100000000000,100102428745,100210631027,102428745,108202282,210631027,YES
642,643,21,105000000000,105102440040,105208833083,102440040,106393043,208833083,YES
642,643,22,110000000000,110036857444,110072512018,36857444,35654574,72512018,YES
642,643,23,115000000000,115035562758,115071124284,35562758,35561526,71124284,YES
642,643,24,120000000000,120099614611,120195016337,99614611,95401726,195016337,YES
642,643,25,125000000000,125101568047,125196817073,101568047,95249026,196817073,YES
642,643,26,130000000000,130095105573,130190208195,95105573,95102622,190208195,YES
642,643,27,135000000000,135094965326,135189927840,94965326,94962514,189927840,YES
642,643,28,140000000000,140094831927,140196395581,94831927,101563654,196395581,YES
642,643,29,145000000000,145094705814,145202103168,94705814,107397354,202103168,YES
642,643,30,150000000000,150094587425,150192284859,94587425,97697434,192284859,YES
642,643,31,155000000000,155094477247,155188952192,94477247,94474945,188952192,YES
642,643,32,160000000000,160094375785,160188749417,94375785,94373632,188749417,YES
642,643,33,165000000000,165094283541,165188565107,94283541,94281566,188565107,YES
642,643,34,170000000000,170099100534,170193299695,99100534,94199161,193299695,YES
642,643,35,175000000000,175097338260,175191465402,97338260,94127142,191465402,YES
642,643,36,180000000000,180094067334,180188133243,94067334,94065909,188133243,YES
642,643,37,185000000000,185115003136,185209018859,115003136,94015723,209018859,YES
642,643,38,190000000000,190110405654,190204383195,110405654,93977541,204383195,YES
642,643,39,195000000000,195098445426,195192396950,98445426,93951524,192396950,YES
642,643,40,200000000000,200095781918,200197199074,95781918,101417156,197199074,YES
642,643,41,205000000000,205093937467,205187874630,93937467,93937163,187874630,YES
642,643,42,210000000000,210093949455,210187898855,93949455,93949400,187898855,YES
642,643,43,215000000000,215093957598,215190096004,93957598,96138406,190096004,YES
642,643,44,220000000000,220094879596,220188814645,94879596,93935049,188814645,YES
642,643,45,225000000000,225096183770,225190110369,96183770,93926599,190110369,YES
642,643,46,230000000000,230094286155,230192561629,94286155,98275474,192561629,YES
642,643,47,235000000000,235093948435,235192159339,93948435,98210904,192159339,YES
642,643,48,240000000000,240093978058,240187956461,93978058,93978403,187956461,YES
642,643,49,245000000000,245095214287,245189234718,95214287,94020431,189234718,YES
642,643,50,250000000000,250094106904,250188214639,94106904,94107735,188214639,YES
642,643,51,255000000000,255094171625,255193694862,94171625,99523237,193694862,YES
642,643,52,260000000000,260098221056,260192562906,98221056,94341850,192562906,YES
642,643,53,265000000000,265096767000,265191160122,96767000,94393122,191160122,YES
642,643,54,270000000000,270094428163,270193157948,94428163,98729785,193157948,YES
642,643,55,275000000000,275094532699,275189067279,94532699,94534580,189067279,YES
642,643,56,280000000000,280094645885,280201074133,94645885,106428248,201074133,YES
642,643,57,285000000000,-1,-1,-1,-1,-1,LOST
642,643,58,290000000000,290094896174,290203078180,94896174,108182006,203078180,YES
642,643,59,295000000000,295039994316,295079989469,39994316,39995153,79989469,YES
642,643,60,300000000000,300040002031,300080004935,40002031,40002904,80004935,YES
642,643,61,305000000000,305040016122,305080033163,40016122,40017041,80033163,YES
642,643,62,310000000000,310040036525,310080074008,40036525,40037483,80074008,YES
642,643,63,315000000000,315040063166,315080127325,40063166,40064159,80127325,YES
642,643,64,320000000000,320101572132,320203143692,101572132,101571560,203143692,YES
642,643,65,325000000000,325101542036,325203083709,101542036,101541673,203083709,YES
642,643,66,330000000000,330101522532,330203044911,101522532,101522379,203044911,YES
642,643,67,335000000000,335109659113,335211172871,109659113,101513758,211172871,YES
642,643,68,340000000000,340108571206,340210151007,108571206,101579801,210151007,YES
642,643,69,345000000000,345129754413,345231316791,129754413,101562378,231316791,YES
642,643,70,350000000000,350101585077,350203170843,101585077,101585766,203170843,YES
642,643,71,355000000000,355035105658,355070210084,35105658,35104426,70210084,YES
642,643,72,360000000000,360035025162,360070049117,35025162,35023955,70049117,YES
642,643,73,365000000000,365034950764,365069900365,34950764,34949601,69900365,YES
642,643,74,370000000000,370096068215,370190995787,96068215,94927572,190995787,YES
642,643,75,375000000000,375096272000,375196831566,96272000,100559566,196831566,YES
642,643,76,380000000000,380094171158,380192328819,94171158,98157661,192328819,YES
642,643,77,385000000000,385094037806,385188073114,94037806,94035308,188073114,YES
642,643,78,390000000000,390093912153,390187821967,93912153,93909814,187821967,YES
642,643,79,395000000000,395093794733,395187587293,93794733,93792560,187587293,YES
642,643,80,400000000000,400096488053,400193624431,96488053,97136378,193624431,YES
642,643,81,405000000000,405093586920,405187172024,93586920,93585104,187172024,YES
642,643,82,410000000000,410093497730,410189217852,93497730,95720122,189217852,YES
642,643,83,415000000000,415094802437,415188220193,94802437,93417756,188220193,YES
642,643,84,420000000000,420095142851,420188493532,95142851,93350681,188493532,YES
642,643,85,425000000000,425093296493,425186592014,93296493,93295521,186592014,YES
642,643,86,430000000000,430114075228,430207327876,114075228,93252648,207327876,YES
642,643,87,435000000000,435095829438,435193751692,95829438,97922254,193751692,YES
642,643,88,440000000000,440095527820,440188734586,95527820,93206766,188734586,YES
642,643,89,445000000000,445093199817,445186398628,93199817,93198811,186398628,YES
642,643,90,450000000000,450093154761,450186308786,93154761,93154025,186308786,YES
642,643,91,455000000000,455093123948,455186247435,93123948,93123487,186247435,YES
642,643,92,460000000000,460093107427,460186214668,93107427,93107241,186214668,YES
642,643,93,465000000000,465093105123,465186210334,93105123,93105211,186210334,YES
642,643,94,470000000000,470093116853,470189471503,93116853,96354650,189471503,YES
642,643,95,475000000000,475097319028,475193414091,97319028,96095063,193414091,YES
642,643,96,480000000000,480093181072,480186363010,93181072,93181938,186363010,YES
642,643,97,485000000000,485093232684,485186466474,93232684,93233790,186466474,YES
642,643,98,490000000000,490093378572,490186710097,93378572,93331525,186710097,YES
642,643,99,495000000000,495093405806,495186813164,93405806,93407358,186813164,YES
642,643,100,500000000000,500093492528,500186986801,93492528,93494273,186986801,YES
642,643,101,505000000000,505095783759,505189375444,95783759,93591685,189375444,YES
642,643,102,510000000000,510094952704,510188651584,94952704,93698880,188651584,YES
642,643,103,515000000000,515093812987,515187628271,93812987,93815284,187628271,YES
642,643,104,520000000000,520093937886,520191193965,93937886,97256079,191193965,YES
642,643,105,525000000000,525098324000,525192397594,98324000,94073594,192397594,YES
642,643,106,530000000000,530096444386,530194568297,96444386,98123911,194568297,YES
642,643,107,535000000000,535094359002,535192505978,94359002,98146976,192505978,YES
642,643,108,540000000000,540040175535,540080352036,40175535,40176501,80352036,YES
642,643,109,545000000000,545101679137,545203357399,101679137,101678262,203357399,YES
642,643,110,550000000000,550101619024,550205239432,101619024,103620408,205239432,YES
642,643,111,555000000000,555101569510,555203138589,101569510,101569079,203138589,YES
642,643,112,560000000000,560114211422,560217016936,114211422,102805514,217016936,YES
642,643,113,565000000000,565126488712,565227991818,126488712,101503106,227991818,YES
642,643,114,570000000000,570102355138,570203842135,102355138,101486997,203842135,YES
642,643,115,575000000000,575101481623,575207448815,101481623,105967192,207448815,YES
642,643,116,580000000000,580101487855,580202976405,101487855,101488550,202976405,YES
642,643,117,585000000000,585106837598,585208344014,106837598,101506416,208344014,YES
642,643,118,590000000000,590104888885,590206424485,104888885,101535600,206424485,YES
642,643,119,595000000000,595101608283,595209128580,101608283,107520297,209128580,YES
642,643,120,600000000000,600101659642,600203320834,101659642,101661192,203320834,YES
642,643,121,605000000000,605034745986,605069490727,34745986,34744741,69490727,YES
642,643,122,610000000000,610034665999,610069330780,34665999,34664781,69330780,YES
642,643,123,615000000000,615094584892,615195858068,94584892,101273176,195858068,YES
642,643,124,620000000000,620094443902,620188884976,94443902,94441074,188884976,YES
642,643,125,625000000000,625094310031,625188617367,94310031,94307336,188617367,YES
642,643,126,630000000000,630095854875,630190036071,95854875,94181196,190036071,YES
642,643,127,635000000000,635094065781,635188129140,94065781,94063359,188129140,YES
642,643,128,640000000000,640097796073,640191750310,97796073,93954237,191750310,YES
642,643,129,645000000000,645097459279,645191313949,97459279,93854670,191313949,YES
642,643,130,650000000000,650093767208,650187532488,93767208,93765280,187532488,YES
642,643,131,655000000000,655096826498,655190513091,96826498,93686593,190513091,YES
642,643,132,660000000000,660096852966,660190472409,96852966,93619443,190472409,YES
642,643,133,665000000000,665094845634,665188410103,94845634,93564469,188410103,YES
642,643,134,670000000000,670093523360,670192335029,93523360,98811669,192335029,YES
642,643,135,675000000000,675093494291,675188660729,93494291,95166438,188660729,YES
642,643,136,680000000000,680093426474,680188655885,93426474,95229411,188655885,YES
642,643,137,685000000000,685093365419,685186729396,93365419,93363977,186729396,YES
642,643,138,690000000000,690100360591,690202281535,100360591,101920944,202281535,YES
642,643,139,695000000000,695098329087,695191615685,98329087,93286598,191615685,YES
642,643,140,700000000000,700096312513,700189582836,96312513,93270323,189582836,YES
642,643,141,705000000000,705093269216,705187721901,93269216,94452685,187721901,YES
642,643,142,710000000000,710093282187,710186564357,93282187,93282170,186564357,YES
642,643,143,715000000000,715101352418,715194662247,101352418,93309829,194662247,YES
642,643,144,720000000000,720105383106,720198734500,105383106,93351394,198734500,YES
642,643,145,725000000000,725097041161,725195054134,97041161,98012973,195054134,YES
642,643,146,730000000000,730094889259,730188363073,94889259,93473814,188363073,YES
642,643,147,735000000000,735093585830,735190854549,93585830,97268719,190854549,YES
642,643,148,740000000000,740093676774,740187355096,93676774,93678322,187355096,YES
642,643,149,745000000000,745093778463,745187597568,93778463,93819105,187597568,YES
642,643,150,750000000000,750093890202,750187782374,93890202,93892172,187782374,YES
642,643,151,755000000000,755094011326,755188024829,94011326,94013503,188024829,YES
642,643,152,760000000000,760094141195,760188284742,94141195,94143547,188284742,YES
642,643,153,765000000000,765094279191,765188560915,94279191,94281724,188560915,YES
642,643,154,770000000000,770039285208,770078571260,39285208,39286052,78571260,YES
642,643,155,775000000000,775039283754,775078568385,39283754,39284631,78568385,YES
642,643,156,780000000000,780039289095,780078579108,39289095,39290013,78579108,YES
642,643,157,785000000000,785039301197,785078603351,39301197,39302154,78603351,YES
642,643,158,790000000000,790109735546,790210537227,109735546,100801681,210537227,YES
642,643,159,795000000000,795105605551,795206320405,105605551,100714854,206320405,YES
642,643,160,800000000000,800102965067,800206064761,102965067,103099694,206064761,YES
642,643,161,805000000000,805100644025,805208201012,100644025,107556987,208201012,YES
642,643,162,810000000000,810100995103,810205378977,100995103,104383874,205378977,YES
642,643,163,815000000000,815100620905,815201241961,100620905,100621056,201241961,YES
642,643,164,820000000000,820100661456,820201323304,100661456,100661848,201323304,YES
642,643,165,825000000000,825100680783,825202136472,100680783,101455689,202136472,YES
642,643,166,830000000000,830103792204,830209950903,103792204,106158699,209950903,YES
642,643,167,835000000000,835102889755,835206959141,102889755,104069386,206959141,YES
642,643,168,840000000000,840100812015,840204965896,100812015,104153881,204965896,YES
642,643,169,845000000000,845100879533,845203216817,100879533,102337284,203216817,YES
642,643,170,850000000000,850034317979,850068634783,34317979,34316804,68634783,YES
642,643,171,855000000000,855034255531,855068509919,34255531,34254388,68509919,YES
642,643,172,860000000000,860093948304,860187893922,93948304,93945618,187893922,YES
642,643,173,865000000000,865093776424,865187550299,93776424,93773875,187550299,YES
642,643,174,870000000000,870093645690,870190425461,93645690,96779771,190425461,YES
642,643,175,875000000000,875093523100,875187043962,93523100,93520862,187043962,YES
642,643,176,880000000000,880093409297,880187270177,93409297,93860880,187270177,YES
642,643,177,885000000000,885096054727,885221937635,96054727,125882908,221937635,YES
642,643,178,890000000000,890100106472,890193315532,100106472,93209060,193315532,YES
642,643,179,895000000000,895093127743,895186254001,93127743,93126258,186254001,YES
642,643,180,900000000000,900093056345,900186111430,93056345,93055085,186111430,YES
642,643,181,905000000000,905092997445,905208182776,92997445,115185331,208182776,YES
642,643,182,910000000000,910092913995,910185826194,92913995,92912199,185826194,YES
642,643,183,915000000000,915092825901,915185650276,92825901,92824375,185650276,YES
642,643,184,920000000000,920095666568,920188417657,95666568,92751089,188417657,YES
642,643,185,925000000000,925092693927,925185386899,92693927,92692972,185386899,YES
642,643,186,930000000000,930092650947,930185301235,92650947,92650288,185301235,YES
642,643,187,935000000000,935093664073,935186287374,93664073,92623301,186287374,YES
642,643,188,940000000000,940092612156,940185224245,92612156,92612089,185224245,YES
642,643,189,945000000000,945092616313,945195481592,92616313,102865279,195481592,YES
642,643,190,950000000000,950092635874,950193789177,92635874,101153303,193789177,YES
642,643,191,955000000000,955092670429,955185341646,92670429,92671217,185341646,YES
642,643,192,960000000000,960092719444,960185439939,92719444,92720495,185439939,YES
642,643,193,965000000000,965092782282,965185565871,92782282,92783589,185565871,YES
642,643,194,970000000000,970092858236,970185718013,92858236,92859777,185718013,YES
642,643,195,975000000000,975093846998,975186795335,93846998,92948337,186795335,YES
642,643,196,980000000000,980093080065,980186162116,93080065,93082051,186162116,YES
642,643,197,985000000000,985093190797,985186383787,93190797,93192990,186383787,YES
642,643,198,990000000000,990093311596,990201469060,93311596,108157464,201469060,YES
642,643,199,995000000000,995095788352,995199503840,95788352,103715488,199503840,YES
642,643,200,1000000000000,1000094343348,1000197986014,94343348,103642666,197986014,YES
642,643,201,1005000000000,1005039019284,1005078039441,39019284,39020157,78039441,YES
642,643,202,1010000000000,1010039019671,1010078040257,39019671,39020586,78040257,YES
642,643,203,1015000000000,1015109178239,1015209701676,109178239,100523437,209701676,YES
642,643,204,1020000000000,1020104277169,1020204696113,104277169,100418944,204696113,YES
642,643,205,1025000000000,1025100360803,1025202952422,100360803,102591619,202952422,YES
642,643,206,1030000000000,1030100313759,1030200626858,100313759,100313099,200626858,YES
642,643,207,1035000000000,1035102650658,1035202929571,102650658,100278913,202929571,YES
642,643,208,1040000000000,1040100614865,1040200872519,100614865,100257654,200872519,YES
642,643,209,1045000000000,1045101164603,1045203205574,101164603,102040971,203205574,YES
642,643,210,1050000000000,1050104083702,1050206610034,104083702,102526332,206610034,YES
642,643,211,1055000000000,1055102070365,1055202376890,102070365,100306525,202376890,YES
642,643,212,1060000000000,1060102800943,1060203139036,102800943,100338093,203139036,YES
642,643,213,1065000000000,1065100381605,1065200764331,100381605,100382726,200764331,YES
642,643,214,1070000000000,1070100438870,1070200879101,100438870,100440231,200879101,YES
642,643,215,1075000000000,1075101440766,1075202674118,101440766,101233352,202674118,YES
642,643,216,1080000000000,1080106392152,1080213920648,106392152,107528496,213920648,YES
642,643,217,1085000000000,1085101361637,1085398445311,101361637,297083674,398445311,YES
642,643,218,1090000000000,1090034016959,1090105856335,34016959,71839376,105856335,YES
642,643,219,1095000000000,1095033927723,1095107988551,33927723,74060828,107988551,YES
642,643,220,1100000000000,1100094233864,1100187905637,94233864,93671773,187905637,YES
642,643,221,1105000000000,1105093549192,1105187096114,93549192,93546922,187096114,YES
642,643,222,1110000000000,1110093432692,1110186863279,93432692,93430587,186863279,YES
642,643,223,1115000000000,1115093325415,1115186648903,93325415,93323488,186648903,YES
642,643,224,1120000000000,1120093228097,1120186454456,93228097,93226359,186454456,YES
642,643,225,1125000000000,1125100656110,1125193795971,100656110,93139861,193795971,YES
642,643,226,1130000000000,1130094237603,1130187298281,94237603,93060678,187298281,YES
642,643,227,1135000000000,1135139181734,1135232122509,139181734,92940775,232122509,YES
642,643,228,1140000000000,1140096400759,1140189236745,96400759,92835986,189236745,YES
642,643,229,1145000000000,1145092745773,1145185489958,92745773,92744185,185489958,YES
642,643,230,1150000000000,1150092668182,1150185335055,92668182,92666873,185335055,YES
642,643,231,1155000000000,1155092605734,1155185210446,92605734,92604712,185210446,YES
642,643,232,1160000000000,1160092558883,1160185117039,92558883,92558156,185117039,YES
642,643,233,1165000000000,1165092527935,1165185055445,92527935,92527510,185055445,YES
642,643,234,1170000000000,1170092513030,1170185025931,92513030,92512901,185025931,YES
642,643,235,1175000000000,1175092514113,1175185028395,92514113,92514282,185028395,YES
642,643,236,1180000000000,1180092530972,1180185062406,92530972,92531434,185062406,YES
642,643,237,1185000000000,1185094617863,1185187181854,94617863,92563991,187181854,YES
642,643,238,1190000000000,1190093386722,1190185998113,93386722,92611391,185998113,YES
642,643,239,1195000000000,1195096890792,1195195366162,96890792,98475370,195366162,YES
643,644,0,0,72517454,145035487,72517454,72518033,145035487,YES
643,644,1,5000000000,5072565177,5145131083,72565177,72565906,145131083,YES
643,644,2,10000000000,10072591542,10145183962,72591542,72592420,145183962,YES
643,644,3,15000000000,15072629881,15145260776,72629881,72630895,145260776,YES
643,644,4,20000000000,20057487710,20114975091,57487710,57487381,114975091,YES
643,644,5,25000000000,25057439127,25114878041,57439127,57438914,114878041,YES
643,644,6,30000000000,30057401164,30114802216,57401164,57401052,114802216,YES
643,644,7,35000000000,35057373425,35120642346,57373425,63268921,120642346,YES
643,644,8,40000000000,40057355489,40114711070,57355489,57355581,114711070,YES
643,644,9,45000000000,45054282091,45107180843,54282091,52898752,107180843,YES
643,644,10,50000000000,50053664454,50106598582,53664454,52934128,106598582,YES
643,644,11,55000000000,55052978411,55105957838,52978411,52979427,105957838,YES
643,644,12,60000000000,60053033382,60106067870,53033382,53034488,106067870,YES
643,644,13,65000000000,65053097868,65106196918,53097868,53099050,106196918,YES
643,644,14,70000000000,70055203747,70108376639,55203747,53172892,108376639,YES
643,644,15,75000000000,75055652005,75111303395,55652005,55651390,111303395,YES
643,644,16,80000000000,80055651835,80111303146,55651835,55651311,111303146,YES
643,644,17,85000000000,85055661067,85111321702,55661067,55660635,111321702,YES
643,644,18,90000000000,90055679590,90111358842,55679590,55679252,111358842,YES
643,644,19,95000000000,95055707260,95111414278,55707260,55707018,111414278,YES
643,644,20,100000000000,100054149207,100108260333,54149207,54111126,108260333,YES
643,644,21,105000000000,105053986762,105107973013,53986762,53986251,107973013,YES
643,644,22,110000000000,110053870919,110107741419,53870919,53870500,107741419,YES
643,644,23,115000000000,115053764468,115107528614,53764468,53764146,107528614,YES
643,644,24,120000000000,120071581826,120142706301,71581826,71124475,142706301,YES
643,644,25,125000000000,125071030202,125142058434,71030202,71028232,142058434,YES
643,644,26,130000000000,130070943207,130141884557,70943207,70941350,141884557,YES
643,644,27,135000000000,135071327555,135142201304,71327555,70873749,142201304,YES
643,644,28,140000000000,140070798676,140142113903,70798676,71315227,142113903,YES
643,644,29,145000000000,145074120418,145148240690,74120418,74120272,148240690,YES
643,644,30,150000000000,150074154750,150148309473,74154750,74154723,148309473,YES
643,644,31,155000000000,155074198167,155148396432,74198167,74198265,148396432,YES
643,644,32,160000000000,160074251229,160148502694,74251229,74251465,148502694,YES
643,644,33,165000000000,165074314513,165148629393,74314513,74314880,148629393,YES
643,644,34,170000000000,170074388547,170148777610,74388547,74389063,148777610,YES
643,644,35,175000000000,175074473829,175148948331,74473829,74474502,148948331,YES
643,644,36,180000000000,180074570816,180149142469,74570816,74571653,149142469,YES
643,644,37,185000000000,185074679896,185156845137,74679896,82165241,156845137,YES
643,644,38,190000000000,190074801360,190365209823,74801360,290408463,365209823,YES
643,644,39,195000000000,195074935425,195152858052,74935425,77922627,152858052,YES
643,644,40,200000000000,200075082187,200150165895,75082187,75083708,150165895,YES
643,644,41,205000000000,205075241647,205150484996,75241647,75243349,150484996,YES
643,644,42,210000000000,210075413693,210150829273,75413693,75415580,150829273,YES
643,644,43,215000000000,215075598115,215151198293,75598115,75600178,151198293,YES
643,644,44,220000000000,220075794603,220151591455,75794603,75796852,151591455,YES
643,644,45,225000000000,225079065560,225151806881,79065560,72741321,151806881,YES
643,644,46,230000000000,230077094181,230149811355,77094181,72717174,149811355,YES
643,644,47,235000000000,235072705020,235145410754,72705020,72705734,145410754,YES
643,644,48,240000000000,240075981797,240148688800,75981797,72707003,148688800,YES
643,644,49,245000000000,245078261741,245150982640,78261741,72720899,150982640,YES
643,644,50,250000000000,250072779645,250145560455,72779645,72780810,145560455,YES
643,644,51,255000000000,255072818063,255145637428,72818063,72819365,145637428,YES
643,644,52,260000000000,260072868395,260145738234,72868395,72869839,145738234,YES
643,644,53,265000000000,265072930267,265145862100,72930267,72931833,145862100,YES
643,644,54,270000000000,270073003241,270146008172,73003241,73004931,146008172,YES
643,644,55,275000000000,275073101367,275146190016,73101367,73088649,146190016,YES
643,644,56,280000000000,280073180597,280146363095,73180597,73182498,146363095,YES
643,644,57,285000000000,285079411828,285152697904,79411828,73286076,152697904,YES
643,644,58,290000000000,290077402180,290150800747,77402180,73398567,150800747,YES
643,644,59,295000000000,295055385097,295110769324,55385097,55384227,110769324,YES
643,644,60,300000000000,300055358639,300110716496,55358639,55357857,110716496,YES
643,644,61,305000000000,305055342143,305113032868,55342143,57690725,113032868,YES
643,644,62,310000000000,310055335615,310110670640,55335615,55335025,110670640,YES
643,644,63,315000000000,315055339012,315110677531,55339012,55338519,110677531,YES
643,644,64,320000000000,320055352248,320110704104,55352248,55351856,110704104,YES
643,644,65,325000000000,325055375194,325110750100,55375194,55374906,110750100,YES
643,644,66,330000000000,330055407696,330110815206,55407696,55407510,110815206,YES
643,644,67,335000000000,335055449554,335110899027,55449554,55449473,110899027,YES
643,644,68,340000000000,340055500557,340111001139,55500557,55500582,111001139,YES
643,644,69,345000000000,345055594054,345111365612,55594054,55771558,111365612,YES
643,644,70,350000000000,350053428678,350106857086,53428678,53428408,106857086,YES
643,644,71,355000000000,355053322900,355106645636,53322900,53322736,106645636,YES
643,644,72,360000000000,360053226481,360106452898,53226481,53226417,106452898,YES
643,644,73,365000000000,365052116022,365104232465,52116022,52116443,104232465,YES
643,644,74,370000000000,370074142721,370148284784,74142721,74142063,148284784,YES
643,644,75,375000000000,375074154134,375148307697,74154134,74153563,148307697,YES
643,644,76,380000000000,380074139400,380148278313,74139400,74138913,148278313,YES
643,644,77,385000000000,385074166232,385148332081,74166232,74165849,148332081,YES
643,644,78,390000000000,390074201579,390148402877,74201579,74201298,148402877,YES
643,644,79,395000000000,395074245970,395148491782,74245970,74245812,148491782,YES
643,644,80,400000000000,400074299972,400148599892,74299972,74299920,148599892,YES
643,644,81,405000000000,405074364106,405148728298,74364106,74364192,148728298,YES
643,644,82,410000000000,410074438887,410151136942,74438887,76698055,151136942,YES
643,644,83,415000000000,415074524782,415155112722,74524782,80587940,155112722,YES
643,644,84,420000000000,420081310593,420155933474,81310593,74622881,155933474,YES
643,644,85,425000000000,425074731540,425149463768,74731540,74732228,149463768,YES
643,644,86,430000000000,430074853051,430149706964,74853051,74853913,149706964,YES
643,644,87,435000000000,435079167951,435154156052,79167951,74988101,154156052,YES
643,644,88,440000000000,440075133309,440150267848,75133309,75134539,150267848,YES
643,644,89,445000000000,445078433191,445150604147,78433191,72170956,150604147,YES
643,644,90,450000000000,450072098146,450144195888,72098146,72097742,144195888,YES
643,644,91,455000000000,455072037819,455144075428,72037819,72037609,144075428,YES
643,644,92,460000000000,460071991009,460145221576,71991009,73230567,145221576,YES
643,644,93,465000000000,465071957953,465144958434,71957953,73000481,144958434,YES
643,644,94,470000000000,470071938797,470144353380,71938797,72414583,144353380,YES
643,644,95,475000000000,475071933570,475144100219,71933570,72166649,144100219,YES
643,644,96,480000000000,480071942187,480145612139,71942187,73669952,145612139,YES
643,644,97,485000000000,485074912833,485149657002,74912833,74744169,149657002,YES
643,644,98,490000000000,490072033701,490144068458,72033701,72034757,144068458,YES
643,644,99,495000000000,495072082311,495144165830,72082311,72083519,144165830,YES
643,644,100,500000000000,500073290712,500145435510,73290712,72144798,145435510,YES
643,644,101,505000000000,505072216533,505146262455,72216533,74045922,146262455,YES
643,644,102,510000000000,510076492170,510150020470,76492170,73528300,150020470,YES
643,644,103,515000000000,515074646482,515147044624,74646482,72398142,147044624,YES
643,644,104,520000000000,520072635224,520154214162,72635224,81578938,154214162,YES
643,644,105,525000000000,525077394397,525158325392,77394397,80930995,158325392,YES
643,644,106,530000000000,530077617784,530156445885,77617784,78828101,156445885,YES
643,644,107,535000000000,535077850757,535155877777,77850757,78027020,155877777,YES
643,644,108,540000000000,540055553940,540111106885,55553940,55552945,111106885,YES
643,644,109,545000000000,545055536818,545111072732,55536818,55535914,111072732,YES
643,644,110,550000000000,550056972354,550112501099,56972354,55528745,112501099,YES
643,644,111,555000000000,555057974473,555113505865,57974473,55531392,113505865,YES
643,644,112,560000000000,560059843079,560121128175,59843079,61285096,121128175,YES
643,644,113,565000000000,565055566276,565111132053,55566276,55565777,111132053,YES
643,644,114,570000000000,570055597668,570112209623,55597668,56611955,112209623,YES
643,644,115,575000000000,575055638394,575111276511,55638394,55638117,111276511,YES
643,644,116,580000000000,580055688280,580111376395,55688280,55688115,111376395,YES
643,644,117,585000000000,585055747126,585111494202,55747126,55747076,111494202,YES
643,644,118,590000000000,590052346315,590104692617,52346315,52346302,104692617,YES
643,644,119,595000000000,595052317452,595104634997,52317452,52317545,104634997,YES
643,644,120,600000000000,600052263770,600104527740,52263770,52263970,104527740,YES
643,644,121,605000000000,605052219089,605104438481,52219089,52219392,104438481,YES
643,644,122,610000000000,610052183613,610106862332,52183613,54678719,106862332,YES
643,644,123,615000000000,615074389149,615148777796,74389149,74388647,148777796,YES
643,644,124,620000000000,620074420520,620148840648,74420520,74420128,148840648,YES
643,644,125,625000000000,625074460593,625148920907,74460593,74460314,148920907,YES
643,644,126,630000000000,630074509901,630149854436,74509901,75344535,149854436,YES
643,644,127,635000000000,635074568984,635149137936,74568984,74568952,149137936,YES
643,644,128,640000000000,640074638371,640151795883,74638371,77157512,151795883,YES
643,644,129,645000000000,645074718569,645149437382,74718569,74718813,149437382,YES
643,644,130,650000000000,650074810041,650149620487,74810041,74810446,149620487,YES
643,644,131,655000000000,655074913201,655149826978,74913201,74913777,149826978,YES
643,644,132,660000000000,660078868355,660153897606,78868355,75029251,153897606,YES
643,644,133,665000000000,665075155924,665150312778,75155924,75156854,150312778,YES
643,644,134,670000000000,670075654554,670154242739,75654554,78588185,154242739,YES
643,644,135,675000000000,675072051535,675144102920,72051535,72051385,144102920,YES
643,644,136,680000000000,680071976379,680143952265,71976379,71975886,143952265,YES
643,644,137,685000000000,685071908302,685143816314,71908302,71908012,143816314,YES
643,644,138,690000000000,690071854158,690143708230,71854158,71854072,143708230,YES
643,644,139,695000000000,695071814245,695143628608,71814245,71814363,143628608,YES
643,644,140,700000000000,700071788741,700149590960,71788741,77802219,149590960,YES
643,644,141,705000000000,705071777713,705143555936,71777713,71778223,143555936,YES
643,644,142,710000000000,710071781093,710157335928,71781093,85554835,157335928,YES
643,644,143,715000000000,715071798696,715155352671,71798696,83553975,155352671,YES
643,644,144,720000000000,720071830224,720153383467,71830224,81553243,153383467,YES
643,644,145,725000000000,725075779833,725152431445,75779833,76651612,152431445,YES
643,644,146,730000000000,730073692715,730145627440,73692715,71934725,145627440,YES
643,644,147,735000000000,735072037459,735144076430,72037459,72038971,144076430,YES
643,644,148,740000000000,740072119823,740145490403,72119823,73370580,145490403,YES
643,644,149,745000000000,745072213379,745144428525,72213379,72215146,144428525,YES
643,644,150,750000000000,750072317456,750144636810,72317456,72319354,144636810,YES
643,644,151,755000000000,755077353274,755154710243,77353274,77356969,154710243,YES
643,644,152,760000000000,760077552873,760155109540,77552873,77556667,155109540,YES
643,644,153,765000000000,765077762406,765155528708,77762406,77766302,155528708,YES
643,644,154,770000000000,770054855182,770109709277,54855182,54854095,109709277,YES
643,644,155,775000000000,775054810157,775109619319,54810157,54809162,109619319,YES
643,644,156,780000000000,780054775919,780109550941,54775919,54775022,109550941,YES
643,644,157,785000000000,785054752604,785109504411,54752604,54751807,109504411,YES
643,644,158,790000000000,790057316054,790112055642,57316054,54739588,112055642,YES
643,644,159,795000000000,795054738960,795109477344,54738960,54738384,109477344,YES
643,644,160,800000000000,800059265856,800114931303,59265856,55665447,114931303,YES
643,644,161,805000000000,805061375048,805116143857,61375048,54768809,116143857,YES
643,644,162,810000000000,810055532247,810110332379,55532247,54800132,110332379,YES
643,644,163,815000000000,815054842111,815109684118,54842111,54842007,109684118,YES
643,644,164,820000000000,820054927763,820109855546,54927763,54927783,109855546,YES
643,644,165,825000000000,825054989839,825109979821,54989839,54989982,109979821,YES
643,644,166,830000000000,830055166931,830113011877,55166931,57844946,113011877,YES
643,644,167,835000000000,835055142791,835112066512,55142791,56923721,112066512,YES
643,644,168,840000000000,840052794650,840105589341,52794650,52794691,105589341,YES
643,644,169,845000000000,845052729059,845105458266,52729059,52729207,105458266,YES
643,644,170,850000000000,850052674038,850105348335,52674038,52674297,105348335,YES
643,644,171,855000000000,855055608786,855107442497,55608786,51833711,107442497,YES
643,644,172,860000000000,860074668996,860149337386,74668996,74668390,149337386,YES
643,644,173,865000000000,865074695025,865149389538,74695025,74694513,149389538,YES
643,644,174,870000000000,870074729197,870149457972,74729197,74728775,149457972,YES
643,644,175,875000000000,875074772031,875149543758,74772031,74771727,149543758,YES
643,644,176,880000000000,880074824069,880149647957,74824069,74823888,149647957,YES
643,644,177,885000000000,885074885846,885149771642,74885846,74885796,149771642,YES
643,644,178,890000000000,890074957886,890149915868,74957886,74957982,149915868,YES
643,644,179,895000000000,895075040687,895150081623,75040687,75040936,150081623,YES
643,644,180,900000000000,900075134723,900150269853,75134723,75135130,150269853,YES
643,644,181,905000000000,905079176116,905155676143,79176116,76500027,155676143,YES
643,644,182,910000000000,910072078580,910144851552,72078580,72772972,144851552,YES
643,644,183,915000000000,915071965867,915146094959,71965867,74129092,146094959,YES
643,644,184,920000000000,920071865573,920143730334,71865573,71864761,143730334,YES
643,644,185,925000000000,925071778340,925144040725,71778340,72262385,144040725,YES
643,644,186,930000000000,930073962489,930145832086,73962489,71869597,145832086,YES
643,644,187,935000000000,935071645287,935143290401,71645287,71645114,143290401,YES
643,644,188,940000000000,940079045037,940150645362,79045037,71600325,150645362,YES
643,644,189,945000000000,945075118092,945146688518,75118092,71570426,146688518,YES
643,644,190,950000000000,950077954564,950149514115,77954564,71559551,149514115,YES
643,644,191,955000000000,955071554682,955143110026,71554682,71555344,143110026,YES
643,644,192,960000000000,960071569201,960143139256,71569201,71570055,143139256,YES
643,644,193,965000000000,965071598268,965143197576,71598268,71599308,143197576,YES
643,644,194,970000000000,970071641502,970143284220,71641502,71642718,143284220,YES
643,644,195,975000000000,975076509545,975148209408,76509545,71699863,148209408,YES
643,644,196,980000000000,980071802057,980143605645,71802057,71803588,143605645,YES
643,644,197,985000000000,985071884568,985143770811,71884568,71886243,143770811,YES
643,644,198,990000000000,990071978884,990143959574,71978884,71980690,143959574,YES
643,644,199,995000000000,995073969490,995146055761,73969490,72086271,146055761,YES
643,644,200,1000000000000,1000080805141,1000158159674,80805141,77354533,158159674,YES
643,644,201,1005000000000,1005054589802,1005109178507,54589802,54588705,109178507,YES
643,644,202,1010000000000,1010054547808,1010109094621,54547808,54546813,109094621,YES
643,644,203,1015000000000,1015054517121,1015109033352,54517121,54516231,109033352,YES
643,644,204,1020000000000,1020054497878,1020110046719,54497878,55548841,110046719,YES
643,644,205,1025000000000,1025054490150,1025108979640,54490150,54489490,108979640,YES
643,644,206,1030000000000,1030054493948,1030108987356,54493948,54493408,108987356,YES
643,644,207,1035000000000,1035054509220,1035109018026,54509220,54508806,109018026,YES
643,644,208,1040000000000,1040054535856,1040109071423,54535856,54535567,109071423,YES
643,644,209,1045000000000,1045054573683,1045109147210,54573683,54573527,109147210,YES
643,644,210,1050000000000,1050054622486,1050110083639,54622486,55461153,110083639,YES
643,644,211,1055000000000,1055054715593,1055109431294,54715593,54715701,109431294,YES
643,644,212,1060000000000,1060054785484,1060109571208,54785484,54785724,109571208,YES
643,644,213,1065000000000,1065054865409,1065109731190,54865409,54865781,109731190,YES
643,644,214,1070000000000,1070054954972,1070109910445,54954972,54955473,109910445,YES
643,644,215,1075000000000,1075055053757,1075110108154,55053757,55054397,110108154,YES
643,644,216,1080000000000,1080051732983,1080103466594,51732983,51733611,103466594,YES
643,644,217,1085000000000,-1,-1,-1,-1,-1,LOST
643,644,218,1090000000000,1090088966974,1090144009326,88966974,55042352,144009326,YES
643,644,219,1095000000000,1095051669446,1095103339832,51669446,51670386,103339832,YES
643,644,220,1100000000000,1100075039263,1100150078044,75039263,75038781,150078044,YES
643,644,221,1105000000000,1105079299537,1105154379075,79299537,75079538,154379075,YES
643,644,222,1110000000000,1110083923789,1110159052959,83923789,75129170,159052959,YES
643,644,223,1115000000000,1115075188081,1115150376023,75188081,75187942,150376023,YES
643,644,224,1120000000000,1120079261205,1120154517956,79261205,75256751,154517956,YES
643,644,225,1125000000000,1125080533172,1125155869073,80533172,75335901,155869073,YES
643,644,226,1130000000000,1130072287672,1130144573679,72287672,72286007,144573679,YES
643,644,227,1135000000000,1135076947938,1135149094699,76947938,72146761,149094699,YES
643,644,228,1140000000000,1140077522549,1140149541049,77522549,72018500,149541049,YES
643,644,229,1145000000000,1145071903086,1145144919215,71903086,73016129,144919215,YES
643,644,230,1150000000000,1150071798565,1150143596248,71798565,71797683,143596248,YES
643,644,231,1155000000000,1155071707051,1155143413432,71707051,71706381,143413432,YES
643,644,232,1160000000000,1160071629173,1160143257889,71629173,71628716,143257889,YES
643,644,233,1165000000000,1165071565472,1165143130707,71565472,71565235,143130707,YES
643,644,234,1170000000000,1170071516395,1170143032774,71516395,71516379,143032774,YES
643,644,235,1175000000000,1175071482263,1175142964729,71482263,71482466,142964729,YES
643,644,236,1180000000000,1180071463272,1180142926962,71463272,71463690,142926962,YES
643,644,237,1185000000000,1185079714000,1185151174104,79714000,71460104,151174104,YES
643,644,238,1190000000000,1190071470772,1190145855376,71470772,74384604,145855376,YES
643,644,239,1195000000000,1195071496944,1195151815147,71496944,80318203,151815147,YES
644,645,0,0,90010359,180019921,90010359,90009562,180019921,YES
644,645,1,5000000000,5090008298,5180016073,90008298,90007775,180016073,YES
644,645,2,10000000000,10090582420,10180656975,90582420,90074555,180656975,YES
644,645,3,15000000000,15090044839,15180089697,90044839,90044858,180089697,YES
644,645,4,20000000000,20090082733,20184245319,90082733,94162586,184245319,YES
644,645,5,25000000000,25090133122,25188266210,90133122,98133088,188266210,YES
644,645,6,30000000000,30090195520,30351942345,90195520,261746825,351942345,YES
644,645,7,35000000000,35090269399,35180539823,90269399,90270424,180539823,YES
644,645,8,40000000000,40091764632,40182120116,91764632,90355484,182120116,YES
644,645,9,45000000000,45060830578,45121662493,60830578,60831915,121662493,YES
644,645,10,50000000000,50060983241,50121967965,60983241,60984724,121967965,YES
644,645,11,55000000000,55061145191,55122292026,61145191,61146835,122292026,YES
644,645,12,60000000000,60061316191,60122634178,61316191,61317987,122634178,YES
644,645,13,65000000000,65061495983,65122993919,61495983,61497936,122993919,YES
644,645,14,70000000000,70061684278,70129579728,61684278,67895450,129579728,YES
644,645,15,75000000000,75061880767,75124421699,61880767,62540932,124421699,YES
644,645,16,80000000000,80062085121,80124172641,62085121,62087520,124172641,YES
644,645,17,85000000000,85052578256,85105158403,52578256,52580147,105158403,YES
644,645,18,90000000000,90052707056,90105416110,52707056,52709054,105416110,YES
644,645,19,95000000000,95052844985,95105692084,52844985,52847099,105692084,YES
644,645,20,100000000000,100101953547,100238650492,101953547,136696945,238650492,YES
644,645,21,105000000000,105089166557,105186951353,89166557,97784796,186951353,YES
644,645,22,110000000000,110089068456,110184032632,89068456,94964176,184032632,YES
644,645,23,115000000000,115090628181,115179585925,90628181,88957744,179585925,YES
644,645,24,120000000000,120088858820,120178621114,88858820,89762294,178621114,YES
644,645,25,125000000000,125088768555,125181180268,88768555,92411713,181180268,YES
644,645,26,130000000000,130088688486,130177376541,88688486,88688055,177376541,YES
644,645,27,135000000000,135088618966,135177237744,88618966,88618778,177237744,YES
644,645,28,140000000000,140090863947,140179424301,90863947,88560354,179424301,YES
644,645,29,145000000000,145052933118,145105866268,52933118,52933150,105866268,YES
644,645,30,150000000000,150052906287,150105812706,52906287,52906419,105812706,YES
644,645,31,155000000000,155052888222,155105776683,52888222,52888461,105776683,YES
644,645,32,160000000000,160052879476,160105759305,52879476,52879829,105759305,YES
644,645,33,165000000000,165052880589,165105761653,52880589,52881064,105761653,YES
644,645,34,170000000000,170052892091,170105784784,52892091,52892693,105784784,YES
644,645,35,175000000000,175052914466,175105829666,52914466,52915200,105829666,YES
644,645,36,180000000000,180068902537,180137804866,68902537,68902329,137804866,YES
644,645,37,185000000000,185068854477,185137708943,68854477,68854466,137708943,YES
644,645,38,190000000000,190181474525,190250292605,181474525,68818080,250292605,YES
644,645,39,195000000000,195068795122,195137590630,68795122,68795508,137590630,YES
644,645,40,200000000000,200068784420,200144363567,68784420,75579147,144363567,YES
644,645,41,205000000000,205068786624,205137574030,68786624,68787406,137574030,YES
644,645,42,210000000000,210068801819,210137604614,68801819,68802795,137604614,YES
644,645,43,215000000000,215068818068,215137636554,68818068,68818486,137636554,YES
644,645,44,220000000000,220068816219,220144865876,68816219,76049657,144865876,YES
644,645,45,225000000000,225030785477,225061570362,30785477,30784885,61570362,YES
644,645,46,230000000000,230030733316,230061466116,30733316,30732800,61466116,YES
644,645,47,235000000000,235030693519,235061386599,30693519,30693080,61386599,YES
644,645,48,240000000000,240030666232,240061332107,30666232,30665875,61332107,YES
644,645,49,245000000000,245030651495,245061302713,30651495,30651218,61302713,YES
644,645,50,250000000000,250030649249,250061298302,30649249,30649053,61298302,YES
644,645,51,255000000000,255030659324,255061318533,30659324,30659209,61318533,YES
644,645,52,260000000000,260030681455,260061362876,30681455,30681421,61362876,YES
644,645,53,265000000000,265030963367,265061678701,30963367,30715334,61678701,YES
644,645,54,270000000000,270030760405,270061520931,30760405,30760526,61520931,YES
644,645,55,275000000000,275030816305,275061632803,30816305,30816498,61632803,YES
644,645,56,280000000000,280030882459,280061765177,30882459,30882718,61765177,YES
644,645,57,285000000000,285030958299,285061916922,30958299,30958623,61916922,YES
644,645,58,290000000000,290031518383,290062562036,31518383,31043653,62562036,YES
644,645,59,295000000000,295060177829,295120355859,60177829,60178030,120355859,YES
644,645,60,300000000000,300060254046,300120508443,60254046,60254397,120508443,YES
644,645,61,305000000000,305060600273,305120940602,60600273,60340329,120940602,YES
644,645,62,310000000000,310060434824,310120870287,60434824,60435463,120870287,YES
644,645,63,315000000000,315060538629,315121078037,60538629,60539408,121078037,YES
644,645,64,320000000000,320052060775,320104123481,52060775,52062706,104123481,YES
644,645,65,325000000000,325056227031,325108411169,56227031,52184138,108411169,YES
644,645,66,330000000000,330056675797,330114426183,56675797,57750386,114426183,YES
644,645,67,335000000000,335052452707,335106675525,52452707,54222818,106675525,YES
644,645,68,340000000000,340052601615,340110935101,52601615,58333486,110935101,YES
644,645,69,345000000000,345052759149,345105520727,52759149,52761578,105520727,YES
644,645,70,350000000000,350092017346,350181017849,92017346,89000503,181017849,YES
644,645,71,355000000000,355088987532,355177973733,88987532,88986201,177973733,YES
644,645,72,360000000000,360032854114,360065707544,32854114,32853430,65707544,YES
644,645,73,365000000000,365069822648,365146190507,69822648,76367859,146190507,YES
644,645,74,370000000000,370071912056,370141592766,71912056,69680710,141592766,YES
644,645,75,375000000000,375069549311,375139097168,69549311,69547857,139097168,YES
644,645,76,380000000000,380069390391,380138779467,69390391,69389076,138779467,YES
644,645,77,385000000000,385070708921,385139981066,70708921,69272145,139981066,YES
644,645,78,390000000000,390069165087,390138329166,69165087,69164079,138329166,YES
644,645,79,395000000000,395069066200,395138131566,69066200,69065366,138131566,YES
644,645,80,400000000000,400068977233,400138972644,68977233,69995411,138972644,YES
644,645,81,405000000000,405068898741,405140828847,68898741,71930106,140828847,YES
644,645,82,410000000000,410068831246,410137662202,68831246,68830956,137662202,YES
644,645,83,415000000000,415068775246,415137550393,68775246,68775147,137550393,YES
644,645,84,420000000000,420068731199,420137462492,68731199,68731293,137462492,YES
644,645,85,425000000000,425070292132,425138991904,70292132,68699772,138991904,YES
644,645,86,430000000000,430068680477,430137361433,68680477,68680956,137361433,YES
644,645,87,435000000000,435068674386,435137349445,68674386,68675059,137349445,YES
644,645,88,440000000000,440068681397,440138892855,68681397,70211458,138892855,YES
644,645,89,445000000000,445030694700,445063641396,30694700,32946696,63641396,YES
644,645,90,450000000000,450030612403,450061224102,30612403,30611699,61224102,YES
644,645,91,455000000000,455030542333,455061084037,30542333,30541704,61084037,YES
644,645,92,460000000000,460030484885,460060969221,30484885,30484336,60969221,YES
644,645,93,465000000000,465030440357,465060880245,30440357,30439888,60880245,YES
644,645,94,470000000000,470030408940,470060817493,30408940,30408553,60817493,YES
644,645,95,475000000000,475030390709,475060781113,30390709,30390404,60781113,YES
644,645,96,480000000000,480030385622,480060771023,30385622,30385401,60771023,YES
644,645,97,485000000000,485030393514,485061112825,30393514,30719311,61112825,YES
644,645,98,490000000000,490030414105,490060918176,30414105,30504071,60918176,YES
644,645,99,495000000000,495030447020,495060894060,30447020,30447040,60894060,YES
644,645,100,500000000000,500030619373,500061111269,30619373,30491896,61111269,YES
644,645,101,505000000000,505030547885,505062865780,30547885,32317895,62865780,YES
644,645,102,510000000000,510030614712,510062661357,30614712,32046645,62661357,YES
644,645,103,515000000000,515030691654,515061383627,30691654,30691973,61383627,YES
644,645,104,520000000000,520030778070,520061556524,30778070,30778454,61556524,YES
644,645,105,525000000000,525060291662,525120229765,60291662,59938103,120229765,YES
644,645,106,530000000000,530060014273,530120028837,60014273,60014564,120028837,YES
644,645,107,535000000000,535062705688,535122806638,62705688,60100950,122806638,YES
644,645,108,540000000000,540060362905,540120559675,60362905,60196770,120559675,YES
644,645,109,545000000000,545051754278,545103510327,51754278,51756049,103510327,YES
644,645,110,550000000000,550051861453,550103724795,51861453,51863342,103724795,YES
644,645,111,555000000000,555051978974,555103959957,51978974,51980983,103959957,YES
644,645,112,560000000000,560053494157,560105602922,53494157,52108765,105602922,YES
644,645,113,565000000000,565052244071,565104490364,52244071,52246293,104490364,YES
644,645,114,570000000000,570053342281,570105702084,53342281,52359803,105702084,YES
644,645,115,575000000000,575052513612,575105029633,52513612,52516021,105029633,YES
644,645,116,580000000000,580052678596,580105359690,52678596,52681094,105359690,YES
644,645,117,585000000000,585052852040,585105706657,52852040,52854617,105706657,YES
644,645,118,590000000000,590048849093,590097697911,48849093,48848818,97697911,YES
644,645,119,595000000000,595048889090,595097777964,48889090,48888874,97777964,YES
644,645,120,600000000000,600048937069,600097873997,48937069,48936928,97873997,YES
644,645,121,605000000000,605048993150,605097986243,48993150,48993093,97986243,YES
644,645,122,610000000000,610070140223,610140279144,70140223,70138921,140279144,YES
644,645,123,615000000000,615069979322,615139957502,69979322,69978180,139957502,YES
644,645,124,620000000000,620069859777,620139718548,69859777,69858771,139718548,YES
644,645,125,625000000000,625069748439,625139496029,69748439,69747590,139496029,YES
644,645,126,630000000000,630073517475,630143162524,73517475,69645049,143162524,YES
644,645,127,635000000000,635069552350,635139104199,69552350,69551849,139104199,YES
644,645,128,640000000000,640072043312,640141511502,72043312,69468190,141511502,YES
644,645,129,645000000000,645069394894,645138789647,69394894,69394753,138789647,YES
644,645,130,650000000000,650069331789,650138663625,69331789,69331836,138663625,YES
644,645,131,655000000000,655069279661,655146174276,69279661,76894615,146174276,YES
644,645,132,660000000000,660069238881,660143570249,69238881,74331368,143570249,YES
644,645,133,665000000000,665069209782,665140349988,69209782,71140206,140349988,YES
644,645,134,670000000000,670031133548,670062266187,31133548,31132639,62266187,YES
644,645,135,675000000000,675031013040,675062025250,31013040,31012210,62025250,YES
644,645,136,680000000000,680030903593,680061806433,30903593,30902840,61806433,YES
644,645,137,685000000000,685030805892,685061611106,30805892,30805214,61611106,YES
644,645,138,690000000000,690030720585,690061440571,30720585,30719986,61440571,YES
644,645,139,695000000000,695030648241,695061295961,30648241,30647720,61295961,YES
644,645,140,700000000000,700030589329,700061178219,30589329,30588890,61178219,YES
644,645,141,705000000000,705030544204,705061088055,30544204,30543851,61088055,YES
644,645,142,710000000000,710030513080,710065218388,30513080,34705308,65218388,YES
644,645,143,715000000000,715030496031,715063201434,30496031,32705403,63201434,YES
644,645,144,720000000000,720030492967,720061198456,30492967,30705489,61198456,YES
644,645,145,725000000000,725030503665,725061007320,30503665,30503655,61007320,YES
644,645,146,730000000000,730030527760,730062437707,30527760,31909947,62437707,YES
644,645,147,735000000000,735030564767,735061129687,30564767,30564920,61129687,YES
644,645,148,740000000000,740030858203,740061472550,30858203,30614347,61472550,YES
644,645,149,745000000000,745030675165,745061350632,30675165,30675467,61350632,YES
644,645,150,750000000000,750030747214,750061494795,30747214,30747581,61494795,YES
644,645,151,755000000000,755059547019,755119093571,59547019,59546552,119093571,YES
644,645,152,760000000000,760062805461,760122391939,62805461,59586478,122391939,YES
644,645,153,765000000000,765063367331,765123004963,63367331,59637632,123004963,YES
644,645,154,770000000000,770061383190,770121082911,61383190,59699721,121082911,YES
644,645,155,775000000000,775061542128,775121314632,61542128,59772504,121314632,YES
644,645,156,780000000000,780120880642,780180737296,120880642,59856654,180737296,YES
644,645,157,785000000000,785051452763,785102907076,51452763,51454313,102907076,YES
644,645,158,790000000000,790051540361,790103577055,51540361,52036694,103577055,YES
644,645,159,795000000000,795051639189,795103280188,51639189,51640999,103280188,YES
644,645,160,800000000000,800051715497,800103432927,51715497,51717430,103432927,YES
644,645,161,805000000000,805051836272,805107311221,51836272,55474949,107311221,YES
644,645,162,810000000000,810051967647,810103937447,51967647,51969800,103937447,YES
644,645,163,815000000000,815052109307,815104220870,52109307,52111563,104220870,YES
644,645,164,820000000000,820052260909,820104524179,52260909,52263270,104524179,YES
644,645,165,825000000000,825052422072,825104846599,52422072,52424527,104846599,YES
644,645,166,830000000000,830052592402,830105187346,52592402,52594944,105187346,YES
644,645,167,835000000000,835052771489,835105545590,52771489,52774101,105545590,YES
644,645,168,840000000000,840088272612,840176544795,88272612,88272183,176544795,YES
644,645,169,845000000000,845091788246,845213804063,91788246,122015817,213804063,YES
644,645,170,850000000000,850089967508,850196540113,89967508,106572605,196540113,YES
644,645,171,855000000000,855069591895,855174983458,69591895,105391563,174983458,YES
644,645,172,860000000000,860069435307,860138869454,69435307,69434147,138869454,YES
644,645,173,865000000000,865069320291,865138639569,69320291,69319278,138639569,YES
644,645,174,870000000000,870069213765,870138426673,69213765,69212908,138426673,YES
644,645,175,875000000000,875074789366,875143904821,74789366,69115455,143904821,YES
644,645,176,880000000000,880074271247,880143298918,74271247,69027671,143298918,YES
644,645,177,885000000000,885068950419,885137900479,68950419,68950060,137900479,YES
644,645,178,890000000000,890068883159,890142501572,68883159,73618413,142501572,YES
644,645,179,895000000000,895074610501,895143437461,74610501,68826960,143437461,YES
644,645,180,900000000000,900076365031,900145147665,76365031,68782634,145147665,YES
644,645,181,905000000000,905030773292,905061545545,30773292,30772253,61545545,YES
644,645,182,910000000000,910030641028,910061281068,30641028,30640040,61281068,YES
644,645,183,915000000000,915031233504,915061751789,31233504,30518285,61751789,YES
644,645,184,920000000000,920030408600,920060816345,30408600,30407745,60816345,YES
644,645,185,925000000000,925030309863,925060618938,30309863,30309075,60618938,YES
644,645,186,930000000000,930030931392,930061154312,30931392,30222920,61154312,YES
644,645,187,935000000000,935030150529,935060300415,30150529,30149886,60300415,YES
644,645,188,940000000000,940030090971,940060181376,30090971,30090405,60181376,YES
644,645,189,945000000000,945030045316,945060090146,30045316,30044830,60090146,YES
644,645,190,950000000000,950030013779,950060027157,30013779,30013378,60027157,YES
644,645,191,955000000000,955029996432,955059992545,29996432,29996113,59992545,YES
644,645,192,960000000000,960029993196,960059986158,29993196,29992962,59986158,YES
644,645,193,965000000000,965030003847,965060007552,30003847,30003705,60007552,YES
644,645,194,970000000000,970030028023,970060055999,30028023,30027976,60055999,YES
644,645,195,975000000000,975030065266,975060130571,30065266,30065305,60130571,YES
644,645,196,980000000000,980030115003,980064132522,30115003,34017519,64132522,YES
644,645,197,985000000000,985030176588,985060353376,30176588,30176788,60353376,YES
644,645,198,990000000000,990030249330,990060498935,30249330,30249605,60498935,YES
644,645,199,995000000000,995030332522,995060665373,30332522,30332851,60665373,YES
644,645,200,1000000000000,1000059537476,1000119074892,59537476,59537416,119074892,YES
644,645,201,1005000000000,1005059608341,1005119216785,59608341,59608444,119216785,YES
644,645,202,1010000000000,1010051242376,1010102486111,51242376,51243735,102486111,YES
644,645,203,1015000000000,1015051311940,1015105269175,51311940,53957235,105269175,YES
644,645,204,1020000000000,1020051359789,1020104896786,51359789,53536997,104896786,YES
644,645,205,1025000000000,1025051453074,1025102907902,51453074,51454828,102907902,YES
644,645,206,1030000000000,1030051558074,1030105174494,51558074,53616420,105174494,YES
644,645,207,1035000000000,1035051674605,1035103351220,51674605,51676615,103351220,YES
644,645,208,1040000000000,1040051802413,1040103606948,51802413,51804535,103606948,YES
644,645,209,1045000000000,1045051941184,1045103884595,51941184,51943411,103884595,YES
644,645,210,1050000000000,1050052090555,1050104183442,52090555,52092887,104183442,YES
644,645,211,1055000000000,1055054553011,1055106805659,54553011,52252648,106805659,YES
644,645,212,1060000000000,1060054482802,1060106904892,54482802,52422090,106904892,YES
644,645,213,1065000000000,1065052598182,1065105198963,52598182,52600781,105198963,YES
644,645,214,1070000000000,1070052785714,1070105574107,52785714,52788393,105574107,YES
644,645,215,1075000000000,1075052981623,1075105966015,52981623,52984392,105966015,YES
644,645,216,1080000000000,1080048983230,1080097966400,48983230,48983170,97966400,YES
644,645,217,1085000000000,1085049049540,1085098099108,49049540,49049568,98099108,YES
644,645,218,1090000000000,1090073299009,1090148407057,73299009,75108048,148407057,YES
644,645,219,1095000000000,1095069450855,1095141317007,69450855,71866152,141317007,YES
644,645,220,1100000000000,1100069343821,1100142425216,69343821,73081395,142425216,YES
644,645,221,1105000000000,1105069245452,1105138490223,69245452,69244771,138490223,YES
644,645,222,1110000000000,1110072346271,1110141501950,72346271,69155679,141501950,YES
644,645,223,1115000000000,1115069076768,1115138153169,69076768,69076401,138153169,YES
644,645,224,1120000000000,1120069007489,1120139549072,69007489,70541583,139549072,YES
644,645,225,1125000000000,1125068948935,1125137897847,68948935,68948912,137897847,YES
644,645,226,1130000000000,1130030875213,1130061749316,30875213,30874103,61749316,YES
644,645,227,1135000000000,1135030728359,1135061455652,30728359,30727293,61455652,YES
644,645,228,1140000000000,1140030590999,1140061180995,30590999,30589996,61180995,YES
644,645,229,1145000000000,1145030463899,1145060926852,30463899,30462953,60926852,YES
644,645,230,1150000000000,1150030347816,1150060694748,30347816,30346932,60694748,YES
644,645,231,1155000000000,1155030243486,1155060486152,30243486,30242666,60486152,YES
644,645,232,1160000000000,1160030151598,1160061309937,30151598,31158339,61309937,YES
644,645,233,1165000000000,1165030072776,1165060383615,30072776,30310839,60383615,YES
644,645,234,1170000000000,1170030007540,1170064246897,30007540,34239357,64246897,YES
644,645,235,1175000000000,1175029956298,1175059912078,29956298,29955780,59912078,YES
644,645,236,1180000000000,1180029919324,1180059838212,29919324,29918888,59838212,YES
644,645,237,1185000000000,1185029973002,1185066555747,29973002,36582745,66555747,YES
644,645,238,1190000000000,1190029888522,1190059776782,29888522,29888260,59776782,YES
644,645,239,1195000000000,1195029894492,1195059788806,29894492,29894314,59788806,YES
645,646,0,0,42637859,85276149,42637859,42638290,85276149,YES
645,646,1,5000000000,5042628332,5085257187,42628332,42628855,85257187,YES
645,646,2,10000000000,10042666665,10085297939,42666665,42631274,85297939,YES
645,646,3,15000000000,15042920850,15085566474,42920850,42645624,85566474,YES
645,646,4,20000000000,20042671100,20085342977,42671100,42671877,85342977,YES
645,646,5,25000000000,25042709127,25085419107,42709127,42709980,85419107,YES
645,646,6,30000000000,30042758842,30085518607,42758842,42759765,85518607,YES
645,646,7,35000000000,35042820002,35085640994,42820002,42820992,85640994,YES
645,646,8,40000000000,40042892286,40085785638,42892286,42893352,85785638,YES
645,646,9,45000000000,45042975308,45085951737,42975308,42976429,85951737,YES
645,646,10,50000000000,50043068600,50086138381,43068600,43069781,86138381,YES
645,646,11,55000000000,55043171664,55086344558,43171664,43172894,86344558,YES
645,646,12,60000000000,60037698316,60075397729,37698316,37699413,75397729,YES
645,646,13,65000000000,65043750048,65081513044,43750048,37762996,81513044,YES
645,646,14,70000000000,70037834621,70075670413,37834621,37835792,75670413,YES
645,646,15,75000000000,75037916808,75075834822,37916808,37918014,75834822,YES
645,646,16,80000000000,80038008242,80076017721,38008242,38009479,76017721,YES
645,646,17,85000000000,85035977049,85071954225,35977049,35977176,71954225,YES
645,646,18,90000000000,90036014753,90072029693,36014753,36014940,72029693,YES
645,646,19,95000000000,95036063549,95072127344,36063549,36063795,72127344,YES
645,646,20,100000000000,100036123172,100072246647,36123172,36123475,72246647,YES
645,646,21,105000000000,105049621085,105093965351,49621085,44344266,93965351,YES
645,646,22,110000000000,110047679341,110097801892,47679341,50122551,97801892,YES
645,646,23,115000000000,115047578701,115096297392,47578701,48718691,96297392,YES
645,646,24,120000000000,120047487503,120094973643,47487503,47486140,94973643,YES
645,646,25,125000000000,125047406095,125096905671,47406095,49499576,96905671,YES
645,646,26,130000000000,130047334766,130094668275,47334766,47333509,94668275,YES
645,646,27,135000000000,135047273736,135094546275,47273736,47272539,94546275,YES
645,646,28,140000000000,140047223159,140094445180,47223159,47222021,94445180,YES
645,646,29,145000000000,145050637004,145097819030,50637004,47182026,97819030,YES
645,646,30,150000000000,150033929340,150067857931,33929340,33928591,67857931,YES
645,646,31,155000000000,155033848395,155067696104,33848395,33847709,67696104,YES
645,646,32,160000000000,160033778229,160067555826,33778229,33777597,67555826,YES
645,646,33,165000000000,165033719278,165067437984,33719278,33718706,67437984,YES
645,646,34,170000000000,170033671914,170067343316,33671914,33671402,67343316,YES
645,646,35,175000000000,175033636410,175067272371,33636410,33635961,67272371,YES
645,646,36,180000000000,180082278125,180164554929,82278125,82276804,164554929,YES
645,646,37,185000000000,185083978256,185166260747,83978256,82282491,166260747,YES
645,646,38,190000000000,190083480416,190165782237,83480416,82301821,165782237,YES
645,646,39,195000000000,195089338689,195171673545,89338689,82334856,171673545,YES
645,646,40,200000000000,200128205802,200210587664,128205802,82381862,210587664,YES
645,646,41,205000000000,205082441807,205165899046,82441807,83457239,165899046,YES
645,646,42,210000000000,210082514918,210165029641,82514918,82514723,165029641,YES
645,646,43,215000000000,215082571796,215166665837,82571796,84094041,166665837,YES
645,646,44,220000000000,220082567654,220165134445,82567654,82566791,165134445,YES
645,646,45,225000000000,225079997166,225153034386,79997166,73037220,153034386,YES
645,646,46,230000000000,230072933189,230147848074,72933189,74914885,147848074,YES
645,646,47,235000000000,235072841008,235147335016,72841008,74494008,147335016,YES
645,646,48,240000000000,240072761678,240145523428,72761678,72761750,145523428,YES
645,646,49,245000000000,245072695505,245145391272,72695505,72695767,145391272,YES
645,646,50,250000000000,250072642754,250145285943,72642754,72643189,145285943,YES
645,646,51,255000000000,-1,-1,-1,-1,-1,LOST
645,646,52,260000000000,260079087971,260153065678,79087971,73977707,153065678,YES
645,646,53,265000000000,265074320078,265157470090,74320078,83150012,157470090,YES
645,646,54,270000000000,270072569002,270149041285,72569002,76472283,149041285,YES
645,646,55,275000000000,275081029303,275153615648,81029303,72586345,153615648,YES
645,646,56,280000000000,280078498267,280151114389,78498267,72616122,151114389,YES
645,646,57,285000000000,285072701105,285152212148,72701105,79511043,152212148,YES
645,646,58,290000000000,290072713642,290148175305,72713642,75461663,148175305,YES
645,646,59,295000000000,295072782227,295145566223,72782227,72783996,145566223,YES
645,646,60,300000000000,300072862951,300147366167,72862951,74503216,147366167,YES
645,646,61,305000000000,305082421452,305164845097,82421452,82423645,164845097,YES
645,646,62,310000000000,310082481785,310168867185,82481785,86385400,168867185,YES
645,646,63,315000000000,315082553972,315166862770,82553972,84308798,166862770,YES
645,646,64,320000000000,320035383741,320070767456,35383741,35383715,70767456,YES
645,646,65,325000000000,325035414334,325070828706,35414334,35414372,70828706,YES
645,646,66,330000000000,330035456236,330070912573,35456236,35456337,70912573,YES
645,646,67,335000000000,335043635859,335087271846,43635859,43635987,87271846,YES
645,646,68,340000000000,340043613780,340087227765,43613780,43613985,87227765,YES
645,646,69,345000000000,345043602671,345087252448,43602671,43649777,87252448,YES
645,646,70,350000000000,350043569138,350087138627,43569138,43569489,87138627,YES
645,646,71,355000000000,355043580510,355087161443,43580510,43580933,87161443,YES
645,646,72,360000000000,360070805623,360141608313,70805623,70802690,141608313,YES
645,646,73,365000000000,365078229854,365148881556,78229854,70651702,148881556,YES
645,646,74,370000000000,370070514635,370141026483,70514635,70511848,141026483,YES
645,646,75,375000000000,375070385329,375140767972,70385329,70382643,140767972,YES
645,646,76,380000000000,380070266902,380140531201,70266902,70264299,140531201,YES
645,646,77,385000000000,385070159349,385140316186,70159349,70156837,140316186,YES
645,646,78,390000000000,390081943539,390164367210,81943539,82423671,164367210,YES
645,646,79,395000000000,395081861954,395163721954,81861954,81860000,163721954,YES
645,646,80,400000000000,400088242207,400170032625,88242207,81790418,170032625,YES
645,646,81,405000000000,405086453099,405168186595,86453099,81733496,168186595,YES
645,646,82,410000000000,410081691174,410165517713,81691174,83826539,165517713,YES
645,646,83,415000000000,415081660732,415163320135,81660732,81659403,163320135,YES
645,646,84,420000000000,420081644298,420164070350,81644298,82426052,164070350,YES
645,646,85,425000000000,425081642218,425165610534,81642218,83968316,165610534,YES
645,646,86,430000000000,430100175505,430181829551,100175505,81654046,181829551,YES
645,646,87,435000000000,435090673364,435172354885,90673364,81681521,172354885,YES
645,646,88,440000000000,440088423375,440171530599,88423375,83107224,171530599,YES
645,646,89,445000000000,445086647170,445168992015,86647170,82344845,168992015,YES
645,646,90,450000000000,450082601843,450166843953,82601843,84242110,166843953,YES
645,646,91,455000000000,455084045673,455165782569,84045673,81736896,165782569,YES
645,646,92,460000000000,460083286080,460170095969,83286080,86809889,170095969,YES
645,646,93,465000000000,465081792043,465173428206,81792043,91636163,173428206,YES
645,646,94,470000000000,470079258869,470160783981,79258869,81525112,160783981,YES
645,646,95,475000000000,475078911404,475151421881,78911404,72510477,151421881,YES
645,646,96,480000000000,480072456972,480144914402,72456972,72457430,144914402,YES
645,646,97,485000000000,485072417530,485145204417,72417530,72786887,145204417,YES
645,646,98,490000000000,490087545771,490159938621,87545771,72392850,159938621,YES
645,646,99,495000000000,495086234964,495158616634,86234964,72381670,158616634,YES
645,646,100,500000000000,500077337953,500149916349,77337953,72578396,149916349,YES
645,646,101,505000000000,505085959724,505158361009,85959724,72401285,158361009,YES
645,646,102,510000000000,510086159230,510158591071,86159230,72431841,158591071,YES
645,646,103,515000000000,515072474167,515144949934,72474167,72475767,144949934,YES
645,646,104,520000000000,520072531263,520149653507,72531263,77122244,149653507,YES
645,646,105,525000000000,525072601165,525149808023,72601165,77206858,149808023,YES
645,646,106,530000000000,530072683411,530145368784,72683411,72685373,145368784,YES
645,646,107,535000000000,535078622676,535151402352,78622676,72779676,151402352,YES
645,646,108,540000000000,540078703415,540151588567,78703415,72885152,151588567,YES
645,646,109,545000000000,545035562736,545071125335,35562736,35562599,71125335,YES
645,646,110,550000000000,550035552894,550071105717,35552894,35552823,71105717,YES
645,646,111,555000000000,555035554882,555071109762,35554882,35554880,71109762,YES
645,646,112,560000000000,560036359053,560071927925,36359053,35568872,71927925,YES
645,646,113,565000000000,565035594657,565071189447,35594657,35594790,71189447,YES
645,646,114,570000000000,570035598757,570071197717,35598757,35598960,71197717,YES
645,646,115,575000000000,575035648117,575071296503,35648117,35648386,71296503,YES
645,646,116,580000000000,580043836048,580087672437,43836048,43836389,87672437,YES
645,646,117,585000000000,585043822478,585087645375,43822478,43822897,87645375,YES
645,646,118,590000000000,590043819767,590087640030,43819767,43820263,87640030,YES
645,646,119,595000000000,595043828110,595087656790,43828110,43828680,87656790,YES
645,646,120,600000000000,600043847620,600087695884,43847620,43848264,87695884,YES
645,646,121,605000000000,605043878346,605087757404,43878346,43879058,87757404,YES
645,646,122,610000000000,610070527122,610141051291,70527122,70524169,141051291,YES
645,646,123,615000000000,615070379427,615140755985,70379427,70376558,140755985,YES
645,646,124,620000000000,620070242493,620140482193,70242493,70239700,140482193,YES
645,646,125,625000000000,625070116425,625140230138,70116425,70113713,140230138,YES
645,646,126,630000000000,630082406348,630171366493,82406348,88960145,171366493,YES
645,646,127,635000000000,635082333517,635164664874,82333517,82331357,164664874,YES
645,646,128,640000000000,640082272585,640172768402,82272585,90495817,172768402,YES
645,646,129,645000000000,645084599899,645166822018,84599899,82222119,166822018,YES
645,646,130,650000000000,650082188343,650164374937,82188343,82186594,164374937,YES
645,646,131,655000000000,655093345122,655175509368,93345122,82164246,175509368,YES
645,646,132,660000000000,660084487825,660166643375,84487825,82155550,166643375,YES
645,646,133,665000000000,665094774897,665176983503,94774897,82208606,176983503,YES
645,646,134,670000000000,670088353143,670170532925,88353143,82179782,170532925,YES
645,646,135,675000000000,675082213853,675174586565,82213853,92372712,174586565,YES
645,646,136,680000000000,680082170680,680174813675,82170680,92642995,174813675,YES
645,646,137,685000000000,685091770109,685173897404,91770109,82127295,173897404,YES
645,646,138,690000000000,690090937013,690181659198,90937013,90722185,181659198,YES
645,646,139,695000000000,695082087519,695164185597,82087519,82098078,164185597,YES
645,646,140,700000000000,700082087655,700164174508,82087655,82086853,164174508,YES
645,646,141,705000000000,705082134984,705164269418,82134984,82134434,164269418,YES
645,646,142,710000000000,710079570522,710152099222,79570522,72528700,152099222,YES
645,646,143,715000000000,715077484755,715149927914,77484755,72443159,149927914,YES
645,646,144,720000000000,720075412598,720152244525,75412598,76831927,152244525,YES
645,646,145,725000000000,725072312758,725144625920,72312758,72313162,144625920,YES
645,646,146,730000000000,730080431501,730153470654,80431501,73039153,153470654,YES
645,646,147,735000000000,735072238460,735144477721,72238460,72239261,144477721,YES
645,646,148,740000000000,740072222658,740146625538,72222658,74402880,146625538,YES
645,646,149,745000000000,745072221092,745144443347,72221092,72222255,144443347,YES
645,646,150,750000000000,750072233686,750144723967,72233686,72490281,144723967,YES
645,646,151,755000000000,755072260287,755144522059,72260287,72261772,144522059,YES
645,646,152,760000000000,760072300671,760161360879,72300671,89060208,161360879,YES
645,646,153,765000000000,765072354535,765147367521,72354535,75012986,147367521,YES
645,646,154,770000000000,770073874089,770151383562,73874089,77509473,151383562,YES
645,646,155,775000000000,775072605576,775145542743,72605576,72937167,145542743,YES
645,646,156,780000000000,780072593001,780204275434,72593001,131682433,204275434,YES
645,646,157,785000000000,785033853822,785067707378,33853822,33853556,67707378,YES
645,646,158,790000000000,790035014665,790070029138,35014665,35014473,70029138,YES
645,646,159,795000000000,795035019039,795074282850,35019039,39263811,74282850,YES
645,646,160,800000000000,800035001975,800070003906,35001975,35001931,70003906,YES
645,646,161,805000000000,805037661367,805072692028,37661367,35030661,72692028,YES
645,646,162,810000000000,810043171145,810086342337,43171145,43171192,86342337,YES
645,646,163,815000000000,815043137398,815086274932,43137398,43137534,86274932,YES
645,646,164,820000000000,820043115107,820086230438,43115107,43115331,86230438,YES
645,646,165,825000000000,825043104534,825086209379,43104534,43104845,86209379,YES
645,646,166,830000000000,830043105874,830086212144,43105874,43106270,86212144,YES
645,646,167,835000000000,835043119228,835086238935,43119228,43119707,86238935,YES
645,646,168,840000000000,840043144617,840086827286,43144617,43682669,86827286,YES
645,646,169,845000000000,845067988124,845111170946,67988124,43182822,111170946,YES
645,646,170,850000000000,850043231098,850086462909,43231098,43231811,86462909,YES
645,646,171,855000000000,855069985479,855139968187,69985479,69982708,139968187,YES
645,646,172,860000000000,860069866816,860139730950,69866816,69864134,139730950,YES
645,646,173,865000000000,865069759097,865139515616,69759097,69756519,139515616,YES
645,646,174,870000000000,870069662301,870139322124,69662301,69659823,139322124,YES
645,646,175,875000000000,875081806060,875216128499,81806060,134322439,216128499,YES
645,646,176,880000000000,880081736971,880163472038,81736971,81735067,163472038,YES
645,646,177,885000000000,885081680305,885202596200,81680305,120915895,202596200,YES
645,646,178,890000000000,890089608971,890186685245,89608971,97076274,186685245,YES
645,646,179,895000000000,895081606680,895168815509,81606680,87208829,168815509,YES
645,646,180,900000000000,900081590831,900170779067,81590831,89188236,170779067,YES
645,646,181,905000000000,905081589572,905168715377,81589572,87125805,168715377,YES
645,646,182,910000000000,910081538354,910169390810,81538354,87852456,169390810,YES
645,646,183,915000000000,915081470718,915162939837,81470718,81469119,162939837,YES
645,646,184,920000000000,920083571915,920164989038,83571915,81417123,164989038,YES
645,646,185,925000000000,925086474386,925176610401,86474386,90136015,176610401,YES
645,646,186,930000000000,930084470853,930165830543,84470853,81359690,165830543,YES
645,646,187,935000000000,935092810820,935174164872,92810820,81354052,174164872,YES
645,646,188,940000000000,940089140238,940170503755,89140238,81363517,170503755,YES
645,646,189,945000000000,945082667191,945164088466,82667191,81421275,164088466,YES
645,646,190,950000000000,950084102609,950156372424,84102609,72269815,156372424,YES
645,646,191,955000000000,955082808343,955155018648,82808343,72210305,155018648,YES
645,646,192,960000000000,960073883168,960146048218,73883168,72165050,146048218,YES
645,646,193,965000000000,965192175112,965264308569,192175112,72133457,264308569,YES
645,646,194,970000000000,970072964383,970145081758,72964383,72117375,145081758,YES
645,646,195,975000000000,975073964298,975146079367,73964298,72115069,146079367,YES
645,646,196,980000000000,980075184967,980147312022,75184967,72127055,147312022,YES
645,646,197,985000000000,985072151618,985144304754,72151618,72153136,144304754,YES
645,646,198,990000000000,990072191456,990144384580,72191456,72193124,144384580,YES
645,646,199,995000000000,995078675487,995154408137,78675487,75732650,154408137,YES
645,646,200,1000000000000,1000081896681,1000155626589,81896681,73729908,155626589,YES
645,646,201,1005000000000,1005072391210,1005144784475,72391210,72393265,144784475,YES
645,646,202,1010000000000,1010033656927,1010067313467,33656927,33656540,67313467,YES
645,646,203,1015000000000,1015033656089,1015067311860,33656089,33655771,67311860,YES
645,646,204,1020000000000,1020033633323,1020067266398,33633323,33633075,67266398,YES
645,646,205,1025000000000,1025033655652,1025067311127,33655652,33655475,67311127,YES
645,646,206,1030000000000,1030035209705,1030070419312,35209705,35209607,70419312,YES
645,646,207,1035000000000,1035035210180,1035070420340,35210180,35210160,70420340,YES
645,646,208,1040000000000,1040035223230,1040070446519,35223230,35223289,70446519,YES
645,646,209,1045000000000,1045042950266,1045085900641,42950266,42950375,85900641,YES
645,646,210,1050000000000,1050042923844,1050085847892,42923844,42924048,85847892,YES
645,646,211,1055000000000,1055042909454,1055085819207,42909454,42909753,85819207,YES
645,646,212,1060000000000,1060042907298,1060085814986,42907298,42907688,85814986,YES
645,646,213,1065000000000,1065042917503,1065085835487,42917503,42917984,85835487,YES
645,646,214,1070000000000,1070042940091,1070085880750,42940091,42940659,85880750,YES
645,646,215,1075000000000,1075042975001,1075086201194,42975001,43226193,86201194,YES
645,646,216,1080000000000,1080043022060,1080086044852,43022060,43022792,86044852,YES
645,646,217,1085000000000,1085043949672,1085087031491,43949672,43081819,87031491,YES
645,646,218,1090000000000,1090074151068,1090143969147,74151068,69818079,143969147,YES
645,646,219,1095000000000,1095069662588,1095139322567,69662588,69659979,139322567,YES
645,646,220,1100000000000,1100069563269,1100139124021,69563269,69560752,139124021,YES
645,646,221,1105000000000,1105086895668,1105169544765,86895668,82649097,169544765,YES
645,646,222,1110000000000,1110084842323,1110169168290,84842323,84325967,169168290,YES
645,646,223,1115000000000,1115081738249,1115163474694,81738249,81736445,163474694,YES
645,646,224,1120000000000,1120083073029,1120164763000,83073029,81689971,164763000,YES
645,646,225,1125000000000,1125081658397,1125163315315,81658397,81656918,163315315,YES
645,646,226,1130000000000,1130100575571,1130182206033,100575571,81630462,182206033,YES
645,646,227,1135000000000,1135107703379,1135189232587,107703379,81529208,189232587,YES
645,646,228,1140000000000,1140084704820,1140166148213,84704820,81443393,166148213,YES
645,646,229,1145000000000,1145083204495,1145168167323,83204495,84962828,168167323,YES
645,646,230,1150000000000,1150081318454,1150162635484,81318454,81317030,162635484,YES
645,646,231,1155000000000,1155081278438,1155162555699,81278438,81277261,162555699,YES
645,646,232,1160000000000,1160081254117,1160162507310,81254117,81253193,162507310,YES
645,646,233,1165000000000,1165083225486,1165164470232,83225486,81244746,164470232,YES
645,646,234,1170000000000,1170083156568,1170164408290,83156568,81251722,164408290,YES
645,646,235,1175000000000,1175081307528,1175162614919,81307528,81307391,162614919,YES
645,646,236,1180000000000,1180082014261,1180171960956,82014261,89946695,171960956,YES
645,646,237,1185000000000,1185116525605,1185197144781,116525605,80619176,197144781,YES
645,646,238,1190000000000,1190092105243,1190164214124,92105243,72108881,164214124,YES
645,646,239,1195000000000,1195072729585,1195144805677,72729585,72076092,144805677,YES
646,647,0,0,77481463,154961206,77481463,77479743,154961206,YES
646,647,1,5000000000,5077675075,5155133824,77675075,77458749,155133824,YES
646,647,2,10000000000,10077452388,10156440287,77452388,78987899,156440287,YES
646,647,3,15000000000,15077457819,15155413392,77457819,77955573,155413392,YES
646,647,4,20000000000,20077476445,20154952091,77476445,77475646,154952091,YES
646,647,5,25000000000,25083024516,25166048246,83024516,83023730,166048246,YES
646,647,6,30000000000,30085694967,30168693403,85694967,82998436,168693403,YES
646,647,7,35000000000,35082988397,35165976573,82988397,82988176,165976573,YES
646,647,8,40000000000,40082992773,40165985603,82992773,82992830,165985603,YES
646,647,9,45000000000,45093265137,45176277375,93265137,83012238,176277375,YES
646,647,10,50000000000,50094966534,50178012522,94966534,83045988,178012522,YES
646,647,11,55000000000,55083092657,55166186167,83092657,83093510,166186167,YES
646,647,12,60000000000,60097165365,60192801130,97165365,95635765,192801130,YES
646,647,13,65000000000,65095643267,65191285588,95643267,95642321,191285588,YES
646,647,14,70000000000,70109491369,70205326959,109491369,95835590,205326959,YES
646,647,15,75000000000,75095697175,75191394046,95697175,95696871,191394046,YES
646,647,16,80000000000,80095744506,80191489035,95744506,95744529,191489035,YES
646,647,17,85000000000,85095805069,85191610480,95805069,95805411,191610480,YES
646,647,18,90000000000,90095878510,90191757678,95878510,95879168,191757678,YES
646,647,19,95000000000,95097461040,95193426455,97461040,95965415,193426455,YES
646,647,20,100000000000,100142996732,100249222514,142996732,106225782,249222514,YES
646,647,21,105000000000,105075355519,105150708673,75355519,75353154,150708673,YES
646,647,22,110000000000,110075339637,110150677122,75339637,75337485,150677122,YES
646,647,23,115000000000,115082181569,115188529196,82181569,106347627,188529196,YES
646,647,24,120000000000,120082083895,120172507189,82083895,90423294,172507189,YES
646,647,25,125000000000,125087634981,125169631518,87634981,81996537,169631518,YES
646,647,26,130000000000,130081920204,130163840636,81920204,81920432,163840636,YES
646,647,27,135000000000,135081854775,135163710035,81854775,81855260,163710035,YES
646,647,28,140000000000,140081800582,140166324821,81800582,84524239,166324821,YES
646,647,29,145000000000,145081757789,145171357477,81757789,89599688,171357477,YES
646,647,30,150000000000,150068502821,150140778079,68502821,72275258,140778079,YES
646,647,31,155000000000,155068421133,155136841886,68421133,68420753,136841886,YES
646,647,32,160000000000,160068351392,160136702613,68351392,68351221,136702613,YES
646,647,33,165000000000,165068294171,165136588386,68294171,68294215,136588386,YES
646,647,34,170000000000,170072483686,170140733911,72483686,68250225,140733911,YES
646,647,35,175000000000,175071876313,175140096078,71876313,68219765,140096078,YES
646,647,36,180000000000,180068202438,180136405568,68202438,68203130,136405568,YES
646,647,37,185000000000,185068856588,185137057161,68856588,68200573,137057161,YES
646,647,38,190000000000,190073596272,190141808526,73596272,68212254,141808526,YES
646,647,39,195000000000,195069450487,195137688664,69450487,68238177,137688664,YES
646,647,40,200000000000,200068276803,200136555099,68276803,68278296,136555099,YES
646,647,41,205000000000,205068330760,205136663196,68330760,68332436,136663196,YES
646,647,42,210000000000,210068398456,210136798757,68398456,68400301,136798757,YES
646,647,43,215000000000,215068479504,215136961008,68479504,68481504,136961008,YES
646,647,44,220000000000,220068573435,220137149020,68573435,68575585,137149020,YES
646,647,45,225000000000,225078109385,225156216207,78109385,78106822,156216207,YES
646,647,46,230000000000,230078051811,230158641796,78051811,80589985,158641796,YES
646,647,47,235000000000,235078006313,235158173143,78006313,80166830,158173143,YES
646,647,48,240000000000,240079765871,240157736781,79765871,77970910,157736781,YES
646,647,49,245000000000,245080976288,245158926215,80976288,77949927,158926215,YES
646,647,50,250000000000,250077942767,250155883905,77942767,77941138,155883905,YES
646,647,51,255000000000,255077945925,255155890438,77945925,77944513,155890438,YES
646,647,52,260000000000,260077961208,260155921236,77961208,77960028,155921236,YES
646,647,53,265000000000,265080224485,265158212106,80224485,77987621,158212106,YES
646,647,54,270000000000,270081210626,270159237776,81210626,78027150,159237776,YES
646,647,55,275000000000,275082757244,275166995617,82757244,84238373,166995617,YES
646,647,56,280000000000,280084518067,280173094640,84518067,88576573,173094640,YES
646,647,57,285000000000,285093415521,285176187491,93415521,82771970,176187491,YES
646,647,58,290000000000,290086261629,290169062449,86261629,82800820,169062449,YES
646,647,59,295000000000,295084975726,295167819127,84975726,82843401,167819127,YES
646,647,60,300000000000,300084503306,300168064799,84503306,83561493,168064799,YES
646,647,61,305000000000,305096274520,305192133110,96274520,95858590,192133110,YES
646,647,62,310000000000,310098768442,310195008252,98768442,96239810,195008252,YES
646,647,63,315000000000,315095945483,315191891092,95945483,95945609,191891092,YES
646,647,64,320000000000,320096008114,320192016686,96008114,96008572,192016686,YES
646,647,65,325000000000,325096083246,325192167265,96083246,96084019,192167265,YES
646,647,66,330000000000,330105210131,330210421376,105210131,105211245,210421376,YES
646,647,67,335000000000,335084487600,335168972230,84487600,84484630,168972230,YES
646,647,68,340000000000,340084368862,340168735002,84368862,84366140,168735002,YES
646,647,69,345000000000,345084262567,345168522665,84262567,84260098,168522665,YES
646,647,70,350000000000,350084169069,350175624118,84169069,91455049,175624118,YES
646,647,71,355000000000,355084088646,355174986806,84088646,90898160,174986806,YES
646,647,72,360000000000,360084021488,360168041317,84021488,84019829,168041317,YES
646,647,73,365000000000,365083967674,365167933964,83967674,83966290,167933964,YES
646,647,74,370000000000,370083376274,370165605060,83376274,82228786,165605060,YES
646,647,75,375000000000,375083552429,375171546096,83552429,87993667,171546096,YES
646,647,76,380000000000,380081537628,380163658112,81537628,82120484,163658112,YES
646,647,77,385000000000,385081499988,385163001289,81499988,81501301,163001289,YES
646,647,78,390000000000,390068673752,390137346606,68673752,68672854,137346606,YES
646,647,79,395000000000,395068573639,395137146568,68573639,68572929,137146568,YES
646,647,80,400000000000,400068484344,400136968179,68484344,68483835,136968179,YES
646,647,81,405000000000,405068406529,405136812754,68406529,68406225,136812754,YES
646,647,82,410000000000,410068340812,410136681532,68340812,68340720,136681532,YES
646,647,83,415000000000,415068375460,415136663352,68375460,68287892,136663352,YES
646,647,84,420000000000,420068247919,420136496178,68247919,68248259,136496178,YES
646,647,85,425000000000,425068221693,425136443940,68221693,68222247,136443940,YES
646,647,86,430000000000,430068209432,430136419635,68209432,68210203,136419635,YES
646,647,87,435000000000,435068211383,435138951172,68211383,70739789,138951172,YES
646,647,88,440000000000,440069064927,440137293783,69064927,68228856,137293783,YES
646,647,89,445000000000,445068258311,445136518003,68258311,68259692,136518003,YES
646,647,90,450000000000,450068303221,450136608008,68303221,68304787,136608008,YES
646,647,91,455000000000,455068362184,455136726111,68362184,68363927,136726111,YES
646,647,92,460000000000,460068434893,460136871698,68434893,68436805,136871698,YES
646,647,93,465000000000,465068554532,465137111133,68554532,68556601,137111133,YES
646,647,94,470000000000,470077439081,470155544525,77439081,78105444,155544525,YES
646,647,95,475000000000,475077393628,475154785366,77393628,77391738,154785366,YES
646,647,96,480000000000,480077361477,480157263146,77361477,79901669,157263146,YES
646,647,97,485000000000,485077342705,485154683945,77342705,77341240,154683945,YES
646,647,98,490000000000,490077337328,490154673413,77337328,77336085,154673413,YES
646,647,99,495000000000,495077345288,495154689564,77345288,77344276,154689564,YES
646,647,100,500000000000,500077366466,500154732162,77366466,77365696,154732162,YES
646,647,101,505000000000,505081869769,505159269963,81869769,77400194,159269963,YES
646,647,102,510000000000,510080975710,510160767249,80975710,79791539,160767249,YES
646,647,103,515000000000,515077507195,515155014364,77507195,77507169,155014364,YES
646,647,104,520000000000,520077578790,520156635709,77578790,79056919,156635709,YES
646,647,105,525000000000,525079825218,525157516552,79825218,77691334,157516552,YES
646,647,106,530000000000,530083561613,530166993891,83561613,83432278,166993891,YES
646,647,107,535000000000,535077861551,535158918000,77861551,81056449,158918000,YES
646,647,108,540000000000,540077976705,540162853172,77976705,84876467,162853172,YES
646,647,109,545000000000,545071757932,545137939949,71757932,66182017,137939949,YES
646,647,110,550000000000,550069831708,550136116219,69831708,66284511,136116219,YES
646,647,111,555000000000,555110965554,555216152660,110965554,105187106,216152660,YES
646,647,112,560000000000,560110703465,560224719481,110703465,114016016,224719481,YES
646,647,113,565000000000,565105105385,565219371569,105105385,114266184,219371569,YES
646,647,114,570000000000,570105084290,570219882311,105084290,114798021,219882311,YES
646,647,115,575000000000,575114513720,575219591479,114513720,105077759,219591479,YES
646,647,116,580000000000,580084265725,580168528360,84265725,84262635,168528360,YES
646,647,117,585000000000,585084962035,585169097041,84962035,84135006,169097041,YES
646,647,118,590000000000,590084022500,590168042401,84022500,84019901,168042401,YES
646,647,119,595000000000,595083920041,595167837749,83920041,83917708,167837749,YES
646,647,120,600000000000,600083830864,600167659666,83830864,83828802,167659666,YES
646,647,121,605000000000,605083755251,605167508706,83755251,83753455,167508706,YES
646,647,122,610000000000,610083693354,610167385193,83693354,83691839,167385193,YES
646,647,123,615000000000,615081877748,615170439066,81877748,88561318,170439066,YES
646,647,124,620000000000,620081826641,620163654100,81826641,81827459,163654100,YES
646,647,125,625000000000,625081787009,625163575092,81787009,81788083,163575092,YES
646,647,126,630000000000,630075851283,630144408324,75851283,68557041,144408324,YES
646,647,127,635000000000,635073811281,635142287402,73811281,68476121,142287402,YES
646,647,128,640000000000,640077782677,640146189614,77782677,68406937,146189614,YES
646,647,129,645000000000,645068815245,645137165579,68815245,68350334,137165579,YES
646,647,130,650000000000,650068306312,650136612892,68306312,68306580,136612892,YES
646,647,131,655000000000,655069351880,655137628132,69351880,68276252,137628132,YES
646,647,132,660000000000,660068259040,660136518779,68259040,68259739,136518779,YES
646,647,133,665000000000,665068256401,665137278191,68256401,69021790,137278191,YES
646,647,134,670000000000,670068268026,670138236609,68268026,69968583,138236609,YES
646,647,135,675000000000,675069521634,675137816939,69521634,68295305,137816939,YES
646,647,136,680000000000,680068334207,680136669926,68334207,68335719,136669926,YES
646,647,137,685000000000,685068388548,685136778791,68388548,68390243,136778791,YES
646,647,138,690000000000,690068472539,690136931133,68472539,68458594,136931133,YES
646,647,139,695000000000,695068538373,695137078772,68538373,68540399,137078772,YES
646,647,140,700000000000,700068633021,700137268233,68633021,68635212,137268233,YES
646,647,141,705000000000,705068773744,705137549819,68773744,68776075,137549819,YES
646,647,142,710000000000,710077999819,710155997284,77999819,77997465,155997284,YES
646,647,143,715000000000,715081444419,715159397974,81444419,77953555,159397974,YES
646,647,144,720000000000,720091474491,720169396174,91474491,77921683,169396174,YES
646,647,145,725000000000,725084113481,725166913125,84113481,82799644,166913125,YES
646,647,146,730000000000,730082105624,730160751573,82105624,78645949,160751573,YES
646,647,147,735000000000,735077900176,735155798972,77900176,77898796,155798972,YES
646,647,148,740000000000,740077916437,740155831722,77916437,77915285,155831722,YES
646,647,149,745000000000,745077944686,745155888454,77944686,77943768,155888454,YES
646,647,150,750000000000,750077984821,750155968965,77984821,77984144,155968965,YES
646,647,151,755000000000,755078036706,755156072999,78036706,78036293,156072999,YES
646,647,152,760000000000,760078100158,760156200157,78100158,78099999,156200157,YES
646,647,153,765000000000,765078174926,765156349944,78174926,78175018,156349944,YES
646,647,154,770000000000,770078270273,770156531320,78270273,78261047,156531320,YES
646,647,155,775000000000,775110462818,775188821193,110462818,78358375,188821193,YES
646,647,156,780000000000,780092185915,780184998049,92185915,92812134,184998049,YES
646,647,157,785000000000,785092156098,785208000869,92156098,115844771,208000869,YES
646,647,158,790000000000,790105043676,790250706733,105043676,145663057,250706733,YES
646,647,159,795000000000,795107584810,795217914088,107584810,110329278,217914088,YES
646,647,160,800000000000,800104964970,800233306403,104964970,128341433,233306403,YES
646,647,161,805000000000,805105885538,805210832209,105885538,104946671,210832209,YES
646,647,162,810000000000,810087141630,810171184039,87141630,84042409,171184039,YES
646,647,163,815000000000,815083912337,815167821790,83912337,83909453,167821790,YES
646,647,164,820000000000,820083791625,820167580609,83791625,83788984,167580609,YES
646,647,165,825000000000,825083683993,825167365604,83683993,83681611,167365604,YES
646,647,166,830000000000,830083589873,830167177627,83589873,83587754,167177627,YES
646,647,167,835000000000,835083509602,835167017356,83509602,83507754,167017356,YES
646,647,168,840000000000,840083605177,840167047014,83605177,83441837,167047014,YES
646,647,169,845000000000,845083391415,845166781535,83391415,83390120,166781535,YES
646,647,170,850000000000,850083353613,850166706209,83353613,83352596,166706209,YES
646,647,171,855000000000,855083329878,855166659011,83329878,83329133,166659011,YES
646,647,172,860000000000,860081775982,860163553140,81775982,81777158,163553140,YES
646,647,173,865000000000,865081754135,865163509693,81754135,81755558,163509693,YES
646,647,174,870000000000,870081744017,870164402192,81744017,82658175,164402192,YES
646,647,175,875000000000,875068883569,875138062347,68883569,69178778,138062347,YES
646,647,176,880000000000,880068810771,880137621049,68810771,68810278,137621049,YES
646,647,177,885000000000,885068750459,885137500631,68750459,68750172,137500631,YES
646,647,178,890000000000,890068703284,890137406489,68703284,68703205,137406489,YES
646,647,179,895000000000,895068669811,895137339759,68669811,68669948,137339759,YES
646,647,180,900000000000,900068650520,900137301397,68650520,68650877,137301397,YES
646,647,181,905000000000,905068645775,905146894595,68645775,78248820,146894595,YES
646,647,182,910000000000,910068655806,910137312404,68655806,68656598,137312404,YES
646,647,183,915000000000,915068680707,915137362417,68680707,68681710,137362417,YES
646,647,184,920000000000,920068720413,920137442040,68720413,68721627,137442040,YES
646,647,185,925000000000,925068774731,925137550879,68774731,68776148,137550879,YES
646,647,186,930000000000,930068843331,930137688268,68843331,68844937,137688268,YES
646,647,187,935000000000,935068925759,935137853306,68925759,68927547,137853306,YES
646,647,188,940000000000,940069021467,940138044894,69021467,69023427,138044894,YES
646,647,189,945000000000,945069163430,945145128463,69163430,75965033,145128463,YES
646,647,190,950000000000,950077962024,950170381472,77962024,92419448,170381472,YES
646,647,191,955000000000,955077937380,955155872908,77937380,77935528,155872908,YES
646,647,192,960000000000,960077924697,960155847742,77924697,77923045,155847742,YES
646,647,193,965000000000,965077923994,965155846550,77923994,77922556,155846550,YES
646,647,194,970000000000,970077935273,970155869327,77935273,77934054,155869327,YES
646,647,195,975000000000,975078559773,975156517301,78559773,77957528,156517301,YES
646,647,196,980000000000,980077993638,980155986526,77993638,77992888,155986526,YES
646,647,197,985000000000,985078040568,985156080647,78040568,78040079,156080647,YES
646,647,198,990000000000,990078099147,990167138725,78099147,89039578,167138725,YES
646,647,199,995000000000,995079294431,995171071310,79294431,91776879,171071310,YES
646,647,200,1000000000000,1000079947288,1000169312308,79947288,89365020,169312308,YES
646,647,201,1005000000000,1005078342413,1005156685339,78342413,78342926,156685339,YES
646,647,202,1010000000000,1010078444929,1010183392519,78444929,104947590,183392519,YES
646,647,203,1015000000000,1015095818869,1015188674961,95818869,92856092,188674961,YES
646,647,204,1020000000000,1020093551344,1020200566999,93551344,107015655,200566999,YES
646,647,205,1025000000000,1025092585442,1025185172501,92585442,92587059,185172501,YES
646,647,206,1030000000000,1030105052892,1030231657350,105052892,126604458,231657350,YES
646,647,207,1035000000000,1035104992480,1035229312219,104992480,124319739,229312219,YES
646,647,208,1040000000000,1040104944964,1040232338941,104944964,127393977,232338941,YES
646,647,209,1045000000000,1045084233204,1045171757395,84233204,87524191,171757395,YES
646,647,210,1050000000000,1050084090015,1050170845973,84090015,86755958,170845973,YES
646,647,211,1055000000000,1055083959273,1055167916095,83959273,83956822,167916095,YES
646,647,212,1060000000000,1060083841566,1060167680935,83841566,83839369,167680935,YES
646,647,213,1065000000000,1065083737397,1065167472871,83737397,83735474,167472871,YES
646,647,214,1070000000000,1070083647193,1070167292744,83647193,83645551,167292744,YES
646,647,215,1075000000000,1075083571284,1075167141202,83571284,83569918,167141202,YES
646,647,216,1080000000000,1080083509858,1080167018629,83509858,83508771,167018629,YES
646,647,217,1085000000000,1085083462998,1085166925186,83462998,83462188,166925186,YES
646,647,218,1090000000000,1090083453931,1090170122832,83453931,86668901,170122832,YES
646,647,219,1095000000000,1095083412672,1095166825060,83412672,83412388,166825060,YES
646,647,220,1100000000000,1100083408742,1100166817452,83408742,83408710,166817452,YES
646,647,221,1105000000000,1105099039524,1105200894318,99039524,101854794,200894318,YES
646,647,222,1110000000000,1110097278056,1110198841246,97278056,101563190,198841246,YES
646,647,223,1115000000000,1115095909729,1115191819584,95909729,95909855,191819584,YES
646,647,224,1120000000000,1120068602406,1120137204660,68602406,68602254,137204660,YES
646,647,225,1125000000000,1125068548654,1125137097367,68548654,68548713,137097367,YES
646,647,226,1130000000000,1130068507613,1130137015502,68507613,68507889,137015502,YES
646,647,227,1135000000000,1135068479731,1135136959954,68479731,68480223,136959954,YES
646,647,228,1140000000000,1140068465356,1140136931423,68465356,68466067,136931423,YES
646,647,229,1145000000000,1145068464744,1145136930415,68464744,68465671,136930415,YES
646,647,230,1150000000000,1150068478040,1150136957219,68478040,68479179,136957219,YES
646,647,231,1155000000000,1155068505282,1155137011905,68505282,68506623,137011905,YES
646,647,232,1160000000000,1160068546394,1160137094324,68546394,68547930,137094324,YES
646,647,233,1165000000000,1165068601204,1165137204131,68601204,68602927,137204131,YES
646,647,234,1170000000000,1170068669440,1170137340777,68669440,68671337,137340777,YES
646,647,235,1175000000000,1175068784333,1175137570733,68784333,68786400,137570733,YES
646,647,236,1180000000000,1180068878254,1180137758728,68878254,68880474,137758728,YES
646,647,237,1185000000000,1185078897539,1185157515454,78897539,78617915,157515454,YES
646,647,238,1190000000000,1190077470523,1190156064722,77470523,78594199,156064722,YES
646,647,239,1195000000000,1195077445697,1195161317992,77445697,83872295,161317992,YES
647,648,0,0,41908585,83817142,41908585,41908557,83817142,YES
647,648,1,5000000000,5041892606,5083785282,41892606,41892676,83785282,YES
647,648,2,10000000000,10041889524,10083779209,41889524,41889685,83779209,YES
647,648,3,15000000000,15041898907,15083798062,41898907,41899155,83798062,YES
647,648,4,20000000000,20041920228,20083840784,41920228,41920556,83840784,YES
647,648,5,25000000000,25080087151,25160174320,80087151,80087169,160174320,YES
647,648,6,30000000000,30080129213,30160258660,80129213,80129447,160258660,YES
647,648,7,35000000000,35080184509,35160369461,80184509,80184952,160369461,YES
647,648,8,40000000000,40080252610,40160505877,80252610,80253267,160505877,YES
647,648,9,45000000000,45080333042,45160666947,80333042,80333905,160666947,YES
647,648,10,50000000000,50080425267,50160851600,80425267,80426333,160851600,YES
647,648,11,55000000000,55080528715,55161058693,80528715,80529978,161058693,YES
647,648,12,60000000000,60080642796,60161287044,80642796,80644248,161287044,YES
647,648,13,65000000000,65080766908,65161535456,80766908,80768548,161535456,YES
647,648,14,70000000000,70080900450,70162296612,80900450,81396162,162296612,YES
647,648,15,75000000000,75081042832,75162087659,81042832,81044827,162087659,YES
647,648,16,80000000000,80081193485,80162389121,81193485,81195636,162389121,YES
647,648,17,85000000000,85092839269,85174193792,92839269,81354523,174193792,YES
647,648,18,90000000000,90090905528,90172425702,90905528,81520174,172425702,YES
647,648,19,95000000000,95081689688,95163381955,81689688,81692267,163381955,YES
647,648,20,100000000000,100081868198,100163739092,81868198,81870894,163739092,YES
647,648,21,105000000000,105050318073,105100638173,50318073,50320100,100638173,YES
647,648,22,110000000000,110050361342,110100724758,50361342,50363416,100724758,YES
647,648,23,115000000000,115092395211,115184786540,92395211,92391329,184786540,YES
647,648,24,120000000000,120092192812,120184381846,92192812,92189034,184381846,YES
647,648,25,125000000000,125093353393,125185346136,93353393,91992743,185346136,YES
647,648,26,130000000000,130091806571,130183609639,91806571,91803068,183609639,YES
647,648,27,135000000000,135091623712,135183244053,91623712,91620341,183244053,YES
647,648,28,140000000000,140091448432,140182893634,91448432,91445202,182893634,YES
647,648,29,145000000000,145091281344,145182559602,91281344,91278258,182559602,YES
647,648,30,150000000000,150091123086,150182243258,91123086,91120172,182243258,YES
647,648,31,155000000000,155090974360,155181945997,90974360,90971637,181945997,YES
647,648,32,160000000000,160090835913,160181669292,90835913,90833379,181669292,YES
647,648,33,165000000000,165090708509,165181414691,90708509,90706182,181414691,YES
647,648,34,170000000000,170090592935,170181183758,90592935,90590823,181183758,YES
647,648,35,175000000000,175090489975,175180978078,90489975,90488103,180978078,YES
647,648,36,180000000000,180090400391,180185973778,90400391,95573387,185973778,YES
647,648,37,185000000000,185090324899,185186816951,90324899,96492052,186816951,YES
647,648,38,190000000000,190090264137,190182313724,90264137,92049587,182313724,YES
647,648,39,195000000000,195090218645,195180436462,90218645,90217817,180436462,YES
647,648,40,200000000000,200090188832,200180377119,90188832,90188287,180377119,YES
647,648,41,205000000000,205090174958,205180349656,90174958,90174698,180349656,YES
647,648,42,210000000000,210090177112,210185050688,90177112,94873576,185050688,YES
647,648,43,215000000000,215090195221,215180390763,90195221,90195542,180390763,YES
647,648,44,220000000000,220090229050,220180458705,90229050,90229655,180458705,YES
647,648,45,225000000000,225090278202,225180557287,90278202,90279085,180557287,YES
647,648,46,230000000000,230041836135,230083672208,41836135,41836073,83672208,YES
647,648,47,235000000000,235041815711,235083631463,41815711,41815752,83631463,YES
647,648,48,240000000000,240041808204,240083616550,41808204,41808346,83616550,YES
647,648,49,245000000000,245041813207,245083626644,41813207,41813437,83626644,YES
647,648,50,250000000000,250041830212,250083660737,41830212,41830525,83660737,YES
647,648,51,255000000000,255041858639,255083717669,41858639,41859030,83717669,YES
647,648,52,260000000000,260041897857,260083796176,41897857,41898319,83796176,YES
647,648,53,265000000000,265041947189,265083894906,41947189,41947717,83894906,YES
647,648,54,270000000000,270042005949,270084012495,42005949,42006546,84012495,YES
647,648,55,275000000000,275080495193,275160991122,80495193,80495929,160991122,YES
647,648,56,280000000000,280080579537,280161160003,80579537,80580466,161160003,YES
647,648,57,285000000000,285080674932,285161350984,80674932,80676052,161350984,YES
647,648,58,290000000000,290080780845,290161562997,80780845,80782152,161562997,YES
647,648,59,295000000000,295080896732,295161794949,80896732,80898217,161794949,YES
647,648,60,300000000000,300081022045,300162045754,81022045,81023709,162045754,YES
647,648,61,305000000000,305081156231,305173171311,81156231,92015080,173171311,YES
647,648,62,310000000000,310081298768,310172893977,81298768,91595209,172893977,YES
647,648,63,315000000000,315081449133,315162900409,81449133,81451276,162900409,YES
647,648,64,320000000000,320081606840,320163215961,81606840,81609121,163215961,YES
647,648,65,325000000000,325081771413,325163545239,81771413,81773826,163545239,YES
647,648,66,330000000000,330072762059,330145523698,72762059,72761639,145523698,YES
647,648,67,335000000000,335072836061,335145671305,72836061,72835244,145671305,YES
647,648,68,340000000000,340072891935,340145783196,72891935,72891261,145783196,YES
647,648,69,345000000000,345057709405,345115419731,57709405,57710326,115419731,YES
647,648,70,350000000000,350059873806,350117571585,59873806,57697779,117571585,YES
647,648,71,355000000000,355059309872,355117001224,59309872,57691352,117001224,YES
647,648,72,360000000000,360057690021,360115381268,57690021,57691247,115381268,YES
647,648,73,365000000000,365057696297,365115393923,57696297,57697626,115393923,YES
647,648,74,370000000000,370091978354,370183953122,91978354,91974768,183953122,YES
647,648,75,375000000000,375091790471,375183577490,91790471,91787019,183577490,YES
647,648,76,380000000000,380091609256,380183215188,91609256,91605932,183215188,YES
647,648,77,385000000000,385091435244,385182867293,91435244,91432049,182867293,YES
647,648,78,390000000000,390091269020,390182534981,91269020,91265961,182534981,YES
647,648,79,395000000000,395091111188,395182219489,91111188,91108301,182219489,YES
647,648,80,400000000000,400090962435,400181922161,90962435,90959726,181922161,YES
647,648,81,405000000000,405090823478,405181644427,90823478,90820949,181644427,YES
647,648,82,410000000000,410090695074,410181387814,90695074,90692740,181387814,YES
647,648,83,415000000000,415090578009,415181153888,90578009,90575879,181153888,YES
647,648,84,420000000000,420107816327,420198287161,107816327,90470834,198287161,YES
647,648,85,425000000000,425090381070,425180760478,90381070,90379408,180760478,YES
647,648,86,430000000000,430090302751,430180604093,90302751,90301342,180604093,YES
647,648,87,435000000000,435090238832,435180476515,90238832,90237683,180476515,YES
647,648,88,440000000000,440090189926,440180378973,90189926,90189047,180378973,YES
647,648,89,445000000000,445090156550,445180312498,90156550,90155948,180312498,YES
647,648,90,450000000000,450090139066,450180277823,90139066,90138757,180277823,YES
647,648,91,455000000000,455090137690,455180275363,90137690,90137673,180275363,YES
647,648,92,460000000000,460090152464,460180305198,90152464,90152734,180305198,YES
647,648,93,465000000000,465090183244,465180367053,90183244,90183809,180367053,YES
647,648,94,470000000000,470090229738,470180460327,90229738,90230589,180460327,YES
647,648,95,475000000000,475090291503,475180584133,90291503,90292630,180584133,YES
647,648,96,480000000000,480090367955,480180737304,90367955,90369349,180737304,YES
647,648,97,485000000000,485090458433,485180918515,90458433,90460082,180918515,YES
647,648,98,490000000000,490090562186,490181126274,90562186,90564088,181126274,YES
647,648,99,495000000000,495090678441,495181359014,90678441,90680573,181359014,YES
647,648,100,500000000000,500090806401,500181615148,90806401,90808747,181615148,YES
647,648,101,505000000000,505041581117,505083162644,41581117,41581527,83162644,YES
647,648,102,510000000000,510042450421,510084090744,42450421,41640323,84090744,YES
647,648,103,515000000000,515041707165,515083414887,41707165,41707722,83414887,YES
647,648,104,520000000000,520041782443,520083565500,41782443,41783057,83565500,YES
647,648,105,525000000000,525041865009,525084447684,41865009,42582675,84447684,YES
647,648,106,530000000000,530041954245,530083909200,41954245,41954955,83909200,YES
647,648,107,535000000000,535042049568,535084099902,42049568,42050334,84099902,YES
647,648,108,540000000000,540042150447,540084301696,42150447,42151249,84301696,YES
647,648,109,545000000000,545042256378,545084513597,42256378,42257219,84513597,YES
647,648,110,550000000000,550042366912,550084734697,42366912,42367785,84734697,YES
647,648,111,555000000000,555072333227,555144665392,72333227,72332165,144665392,YES
647,648,112,560000000000,560072366783,560144732087,72366783,72365304,144732087,YES
647,648,113,565000000000,565072394513,565144787670,72394513,72393157,144787670,YES
647,648,114,570000000000,570072429120,570144857015,72429120,72427895,144857015,YES
647,648,115,575000000000,575057908171,575115816838,57908171,57908667,115816838,YES
647,648,116,580000000000,580057876409,580115753410,57876409,57877001,115753410,YES
647,648,117,585000000000,585057850703,585115702101,57850703,57851398,115702101,YES
647,648,118,590000000000,590057831353,590115663506,57831353,57832153,115663506,YES
647,648,119,595000000000,595057818632,595115638190,57818632,57819558,115638190,YES
647,648,120,600000000000,600057812857,600115626750,57812857,57813893,115626750,YES
647,648,121,605000000000,605057814283,605115629714,57814283,57815431,115629714,YES
647,648,122,610000000000,610057823178,610115647618,57823178,57824440,115647618,YES
647,648,123,615000000000,615091513371,615183023567,91513371,91510196,183023567,YES
647,648,124,620000000000,620091348106,620182805294,91348106,91457188,182805294,YES
647,648,125,625000000000,625091191013,625183754704,91191013,92563691,183754704,YES
647,648,126,630000000000,630091042754,630182082791,91042754,91040037,182082791,YES
647,648,127,635000000000,635090904017,635181810540,90904017,90906523,181810540,YES
647,648,128,640000000000,640090775526,640181548708,90775526,90773182,181548708,YES
647,648,129,645000000000,645090658032,645181313922,90658032,90655890,181313922,YES
647,648,130,650000000000,650090552306,650181102696,90552306,90550390,181102696,YES
647,648,131,655000000000,655090459118,655180916549,90459118,90457431,180916549,YES
647,648,132,660000000000,660090379217,660180756984,90379217,90377767,180756984,YES
647,648,133,665000000000,665090313302,665180625410,90313302,90312108,180625410,YES
647,648,134,670000000000,670090262002,670180523078,90262002,90261076,180523078,YES
647,648,135,675000000000,675090225856,675180451059,90225856,90225203,180451059,YES
647,648,136,680000000000,680090205262,680180410154,90205262,90204892,180410154,YES
647,648,137,685000000000,685090200485,685180400886,90200485,90200401,180400886,YES
647,648,138,690000000000,690090211619,690180423450,90211619,90211831,180423450,YES
647,648,139,695000000000,695090238610,695180477717,90238610,90239107,180477717,YES
647,648,140,700000000000,700090281226,700180563233,90281226,90282007,180563233,YES
647,648,141,705000000000,705090339086,705180679234,90339086,90340148,180679234,YES
647,648,142,710000000000,710090411693,710180824717,90411693,90413024,180824717,YES
647,648,143,715000000000,715090498427,715180998447,90498427,90500020,180998447,YES
647,648,144,720000000000,720090598604,720181199050,90598604,90600446,181199050,YES
647,648,145,725000000000,725090711481,725181425038,90711481,90713557,181425038,YES
647,648,146,730000000000,730090836284,730182621970,90836284,91785686,182621970,YES
647,648,147,735000000000,735041906841,735083814048,41906841,41907207,83814048,YES
647,648,148,740000000000,740041940574,740083881587,41940574,41941013,83881587,YES
647,648,149,745000000000,745041983916,745084714325,41983916,42730409,84714325,YES
647,648,150,750000000000,750043091959,750085128806,43091959,42036847,85128806,YES
647,648,151,755000000000,755042097032,755084194690,42097032,42097658,84194690,YES
647,648,152,760000000000,760042165619,760084331914,42165619,42166295,84331914,YES
647,648,153,765000000000,765042241454,765084483629,42241454,42242175,84483629,YES
647,648,154,770000000000,770042323982,770084648726,42323982,42324744,84648726,YES
647,648,155,775000000000,775042412681,775084826179,42412681,42413498,84826179,YES
647,648,156,780000000000,780072834058,780145282518,72834058,72448460,145282518,YES
647,648,157,785000000000,785072785235,785145262722,72785235,72477487,145262722,YES
647,648,158,790000000000,790072491818,790144981986,72491818,72490168,144981986,YES
647,648,159,795000000000,795072501668,795145001819,72501668,72500151,145001819,YES
647,648,160,800000000000,800072519222,800145037064,72519222,72517842,145037064,YES
647,648,161,805000000000,805072544501,805145087767,72544501,72543266,145087767,YES
647,648,162,810000000000,810072577534,810145153980,72577534,72576446,145153980,YES
647,648,163,815000000000,815057916949,815115834495,57916949,57917546,115834495,YES
647,648,164,820000000000,820057893846,820115788398,57893846,57894552,115788398,YES
647,648,165,825000000000,825057877627,825115756079,57877627,57878452,115756079,YES
647,648,166,830000000000,830057868595,830115738144,57868595,57869549,115738144,YES
647,648,167,835000000000,835057867069,835115735206,57867069,57868137,115735206,YES
647,648,168,840000000000,840057873313,840115747816,57873313,57874503,115747816,YES
647,648,169,845000000000,845057887593,845115776496,57887593,57888903,115776496,YES
647,648,170,850000000000,850057910144,850115821722,57910144,57911578,115821722,YES
647,648,171,855000000000,855057941198,855115883947,57941198,57942749,115883947,YES
647,648,172,860000000000,860091229776,860182456752,91229776,91226976,182456752,YES
647,648,173,865000000000,865091088517,865182174417,91088517,91085900,182174417,YES
647,648,174,870000000000,870090957169,870182133221,90957169,91176052,182133221,YES
647,648,175,875000000000,875090836425,875186027177,90836425,95190752,186027177,YES
647,648,176,880000000000,-1,-1,-1,-1,-1,LOST
647,648,177,885000000000,885090629636,885181257475,90629636,90627839,181257475,YES
647,648,178,890000000000,890090545004,890181088450,90545004,90543446,181088450,YES
647,648,179,895000000000,895090473775,895180946237,90473775,90472462,180946237,YES
647,648,180,900000000000,900090416551,900180832046,90416551,90415495,180832046,YES
647,648,181,905000000000,905090373858,905180746924,90373858,90373066,180746924,YES
647,648,182,910000000000,910090346102,910180691688,90346102,90345586,180691688,YES
647,648,183,915000000000,915090333579,915180666919,90333579,90333340,180666919,YES
647,648,184,920000000000,920091840781,920182177263,91840781,90336482,182177263,YES
647,648,185,925000000000,925090354672,925180709672,90354672,90355000,180709672,YES
647,648,186,930000000000,930090388148,930180776904,90388148,90388756,180776904,YES
647,648,187,935000000000,935090436575,935180874032,90436575,90437457,180874032,YES
647,648,188,940000000000,940090499536,940181000225,90499536,90500689,181000225,YES
647,648,189,945000000000,945090576524,945181154460,90576524,90577936,181154460,YES
647,648,190,950000000000,950090666921,950181335508,90666921,90668587,181335508,YES
647,648,191,955000000000,955090770077,955184577524,90770077,93807447,184577524,YES
647,648,192,960000000000,960090885280,960183247196,90885280,92361916,183247196,YES
647,648,193,965000000000,965091011815,965182025978,91011815,91014163,182025978,YES
647,648,194,970000000000,970091148964,970182300482,91148964,91151518,182300482,YES
647,648,195,975000000000,975091296020,975182594784,91296020,91298764,182594784,YES
647,648,196,980000000000,980042119693,980084239900,42119693,42120207,84239900,YES
647,648,197,985000000000,985042172634,985084345841,42172634,42173207,84345841,YES
647,648,198,990000000000,990042233429,990084467484,42233429,42234055,84467484,YES
647,648,199,995000000000,995042301552,995084603777,42301552,42302225,84603777,YES
647,648,200,1000000000000,1000042376492,1000084753717,42376492,42377225,84753717,YES
647,648,201,1005000000000,1005042457751,1005084916277,42457751,42458526,84916277,YES
647,648,202,1010000000000,1010042544865,1010085090536,42544865,42545671,85090536,YES
647,648,203,1015000000000,1015072263631,1015144525591,72263631,72261960,144525591,YES
647,648,204,1020000000000,1020136907130,1020209176054,136907130,72268924,209176054,YES
647,648,205,1025000000000,1025072259968,1025144517931,72259968,72257963,144517931,YES
647,648,206,1030000000000,1030073457272,1030145711042,73457272,72253770,145711042,YES
647,648,207,1035000000000,1035072258415,1035144515062,72258415,72256647,144515062,YES
647,648,208,1040000000000,1040072315436,1040144582057,72315436,72266621,144582057,YES
647,648,209,1045000000000,1045073409624,1045145703029,73409624,72293405,145703029,YES
647,648,210,1050000000000,1050081745706,1050163489730,81745706,81744024,163489730,YES
647,648,211,1055000000000,1055058079299,1055116158922,58079299,58079623,116158922,YES
647,648,212,1060000000000,1060058044108,1060116088651,58044108,58044543,116088651,YES
647,648,213,1065000000000,1065058015580,1065116031715,58015580,58016135,116031715,YES
647,648,214,1070000000000,1070057994093,1070115988874,57994093,57994781,115988874,YES
647,648,215,1075000000000,1075058357477,1075116338269,58357477,57980792,116338269,YES
647,648,216,1080000000000,1080057973595,1080115948142,57973595,57974547,115948142,YES
647,648,217,1085000000000,1085057975252,1085115951578,57975252,57976326,115951578,YES
647,648,218,1090000000000,1090057985213,1090115971631,57985213,57986418,115971631,YES
647,648,219,1095000000000,1095058003733,1095116008788,58003733,58005055,116008788,YES
647,648,220,1100000000000,1100058689023,1100116750345,58689023,58061322,116750345,YES
647,648,221,1105000000000,1105058067292,1105116136162,58067292,58068870,116136162,YES
647,648,222,1110000000000,1110058112673,1110116227050,58112673,58114377,116227050,YES
647,648,223,1115000000000,1115058167309,1115116336437,58167309,58169128,116336437,YES
647,648,224,1120000000000,1120091085719,1120182169280,91085719,91083561,182169280,YES
647,648,225,1125000000000,1125090980418,1125181958882,90980418,90978464,181958882,YES
647,648,226,1130000000000,1130090886392,1130181771037,90886392,90884645,181771037,YES
647,648,227,1135000000000,1135090804268,1135181607012,90804268,90802744,181607012,YES
647,648,228,1140000000000,1140090734655,1140181468013,90734655,90733358,181468013,YES
647,648,229,1145000000000,1145090678111,1145181355168,90678111,90677057,181355168,YES
647,648,230,1150000000000,-1,-1,-1,-1,-1,LOST
647,648,231,1155000000000,1155090606149,1155181211756,90606149,90605607,181211756,YES
647,648,232,1160000000000,1160090591478,1160181182680,90591478,90591202,181182680,YES
647,648,233,1165000000000,1165090591328,1165181182650,90591328,90591322,181182650,YES
647,648,234,1170000000000,1170091637803,1170182243869,91637803,90606066,182243869,YES
647,648,235,1175000000000,1175090634844,1175181270224,90634844,90635380,181270224,YES
647,648,236,1180000000000,1180090678316,1180181357438,90678316,90679122,181357438,YES
647,648,237,1185000000000,1185090735934,1185181472939,90735934,90737005,181472939,YES
647,648,238,1190000000000,1190090807322,1190181615972,90807322,90808650,181615972,YES
647,648,239,1195000000000,1195090892008,1195181785590,90892008,90893582,181785590,YES
648,649,0,0,69802314,140337324,69802314,70535010,140337324,YES
648,649,1,5000000000,5069773081,5139546206,69773081,69773125,139546206,YES
648,649,2,10000000000,10069757053,10141034241,69757053,71277188,141034241,YES
648,649,3,15000000000,15069754259,15139508965,69754259,69754706,139508965,YES
648,649,4,20000000000,20069764612,20139603131,69764612,69838519,139603131,YES
648,649,5,25000000000,25086228291,25156017146,86228291,69788855,156017146,YES
648,649,6,30000000000,30075534739,30145359688,75534739,69824949,145359688,YES
648,649,7,35000000000,35069872123,35139745426,69872123,69873303,139745426,YES
648,649,8,40000000000,40069932176,40245273300,69932176,175341124,245273300,YES
648,649,9,45000000000,45070003536,45141606977,70003536,71603441,141606977,YES
648,649,10,50000000000,50070085651,50140172935,70085651,70087284,140172935,YES
648,649,11,55000000000,55070177952,55140357680,70177952,70179728,140357680,YES
648,649,12,60000000000,60070279857,60140561606,70279857,70281749,140561606,YES
648,649,13,65000000000,65070390776,65140783552,70390776,70392776,140783552,YES
648,649,14,70000000000,70070510137,70141022372,70510137,70512235,141022372,YES
648,649,15,75000000000,75070637383,75141276956,70637383,70639573,141276956,YES
648,649,16,80000000000,80070771978,80141546229,70771978,70774251,141546229,YES
648,649,17,85000000000,85070913421,85141829195,70913421,70915774,141829195,YES
648,649,18,90000000000,90071061207,90142124851,71061207,71063644,142124851,YES
648,649,19,95000000000,95080830361,95163452612,80830361,82622251,163452612,YES
648,649,20,100000000000,100080983841,100161972084,80983841,80988243,161972084,YES
648,649,21,105000000000,105067697808,105218717909,67697808,151020101,218717909,YES
648,649,22,110000000000,110067542860,110138711058,67542860,71168198,138711058,YES
648,649,23,115000000000,115067393698,115134785103,67393698,67391405,134785103,YES
648,649,24,120000000000,120067250781,120134605084,67250781,67354303,134605084,YES
648,649,25,125000000000,125067114613,125160179138,67114613,93064525,160179138,YES
648,649,26,130000000000,130067807179,130134790796,67807179,66983617,134790796,YES
648,649,27,135000000000,135066864628,135133727269,66864628,66862641,133727269,YES
648,649,28,140000000000,140066751920,140133501946,66751920,66750026,133501946,YES
648,649,29,145000000000,145067238520,145133884887,67238520,66646367,133884887,YES
648,649,30,150000000000,150066553956,150133106242,66553956,66552286,133106242,YES
648,649,31,155000000000,155066469856,155132938163,66469856,66468307,132938163,YES
648,649,32,160000000000,160066396442,160132791462,66396442,66395020,132791462,YES
648,649,33,165000000000,165070886263,165137219168,70886263,66332905,137219168,YES
648,649,34,170000000000,170066283753,170132566374,66283753,66282621,132566374,YES
648,649,35,175000000000,175274189350,175340451680,274189350,66262330,340451680,YES
648,649,36,180000000000,180082413676,180148651633,82413676,66237957,148651633,YES
648,649,37,185000000000,185066206650,185132412680,66206650,66206030,132412680,YES
648,649,38,190000000000,190066206703,190132412972,66206703,66206269,132412972,YES
648,649,39,195000000000,195066219876,195132439511,66219876,66219635,132439511,YES
648,649,40,200000000000,200066785248,200139713818,66785248,72928570,139713818,YES
648,649,41,205000000000,205066285415,205132570981,66285415,66285566,132570981,YES
648,649,42,210000000000,210066337405,210132675157,66337405,66337752,132675157,YES
648,649,43,215000000000,215071984684,215143968591,71984684,71983907,143968591,YES
648,649,44,220000000000,220071814875,220143629162,71814875,71814287,143629162,YES
648,649,45,225000000000,225071690147,225143379908,71690147,71689761,143379908,YES
648,649,46,230000000000,230069755895,230139511555,69755895,69755660,139511555,YES
648,649,47,235000000000,235069720432,235139440827,69720432,69720395,139440827,YES
648,649,48,240000000000,240069698188,240139396541,69698188,69698353,139396541,YES
648,649,49,245000000000,245069689276,245139378911,69689276,69689635,139378911,YES
648,649,50,250000000000,250069693672,250141029752,69693672,71336080,141029752,YES
648,649,51,255000000000,255069711249,255139423236,69711249,69711987,139423236,YES
648,649,52,260000000000,260069741773,260139484462,69741773,69742689,139484462,YES
648,649,53,265000000000,265069798677,265139584666,69798677,69785989,139584666,YES
648,649,54,270000000000,270069840222,270139681691,69840222,69841469,139681691,YES
648,649,55,275000000000,275069907240,275139815876,69907240,69908636,139815876,YES
648,649,56,280000000000,280069985425,280139972387,69985425,69986962,139972387,YES
648,649,57,285000000000,285070074198,285140152735,70074198,70078537,140152735,YES
648,649,58,290000000000,-1,-1,-1,-1,-1,LOST
648,649,59,295000000000,295070281125,295140564168,70281125,70283043,140564168,YES
648,649,60,300000000000,300070398075,300140798170,70398075,70400095,140798170,YES
648,649,61,305000000000,305070523234,305141048584,70523234,70525350,141048584,YES
648,649,62,310000000000,310075535748,310151075159,75535748,75539411,151075159,YES
648,649,63,315000000000,315075770640,315151545015,75770640,75774375,151545015,YES
648,649,64,320000000000,320076012671,320152029187,76012671,76016516,152029187,YES
648,649,65,325000000000,325076261440,325152526799,76261440,76265359,152526799,YES
648,649,66,330000000000,330076516533,330153037058,76516533,76520525,153037058,YES
648,649,67,335000000000,335076811133,335153626322,76811133,76815189,153626322,YES
648,649,68,340000000000,340081522939,340158604970,81522939,77082031,158604970,YES
648,649,69,345000000000,345071945934,345174574156,71945934,102628222,174574156,YES
648,649,70,350000000000,350072354601,350148156289,72354601,75801688,148156289,YES
648,649,71,355000000000,355071456675,355146255647,71456675,74798972,146255647,YES
648,649,72,360000000000,360071221053,360142438563,71221053,71217510,142438563,YES
648,649,73,365000000000,365067458628,365134914962,67458628,67456334,134914962,YES
648,649,74,370000000000,370067320839,370134639468,67320839,67318629,134639468,YES
648,649,75,375000000000,375067891217,375135078945,67891217,67187728,135078945,YES
648,649,76,380000000000,380068267823,380135331990,68267823,67064167,135331990,YES
648,649,77,385000000000,385066950460,385337159650,66950460,270209190,337159650,YES
648,649,78,390000000000,390066843050,390161453552,66843050,94610502,161453552,YES
648,649,79,395000000000,395066744566,395133487370,66744566,66742804,133487370,YES
648,649,80,400000000000,400066655554,400133309461,66655554,66653907,133309461,YES
648,649,81,405000000000,405066576560,405133151605,66576560,66575045,133151605,YES
648,649,82,410000000000,410067034448,410133541169,67034448,66506721,133541169,YES
648,649,83,415000000000,415066450725,415132900217,66450725,66449492,132900217,YES
648,649,84,420000000000,420067606457,420134010225,67606457,66403768,134010225,YES
648,649,85,425000000000,425066370950,425132740981,66370950,66370031,132740981,YES
648,649,86,430000000000,430066349337,430133196487,66349337,66847150,133196487,YES
648,649,87,435000000000,435066340311,435133790928,66340311,67450617,133790928,YES
648,649,88,440000000000,440072280510,440144559261,72280510,72278751,144559261,YES
648,649,89,445000000000,445072101572,445144201585,72101572,72100013,144201585,YES
648,649,90,450000000000,450071934387,450180975452,71934387,109041065,180975452,YES
648,649,91,455000000000,455071779328,455228631485,71779328,156852157,228631485,YES
648,649,92,460000000000,460071603068,460143205230,71603068,71602162,143205230,YES
648,649,93,465000000000,465071472971,465142945233,71472971,71472262,142945233,YES
648,649,94,470000000000,470071355489,470142710460,71355489,71354971,142710460,YES
648,649,95,475000000000,475071250559,475142500790,71250559,71250231,142500790,YES
648,649,96,480000000000,480071191625,480142383105,71191625,71191480,142383105,YES
648,649,97,485000000000,485071122349,485142233598,71122349,71111249,142233598,YES
648,649,98,490000000000,490071042630,490142085434,71042630,71042804,142085434,YES
648,649,99,495000000000,495070985416,495141971138,70985416,70985722,141971138,YES
648,649,100,500000000000,500079721549,500150661033,79721549,70939484,150661033,YES
648,649,101,505000000000,505069855750,505139712790,69855750,69857040,139712790,YES
648,649,102,510000000000,510069929947,510148170124,69929947,78240177,148170124,YES
648,649,103,515000000000,515070015092,515140031754,70015092,70016662,140031754,YES
648,649,104,520000000000,520070110593,520140222878,70110593,70112285,140222878,YES
648,649,105,525000000000,525070215844,525140433494,70215844,70217650,140433494,YES
648,649,106,530000000000,530070330236,530140662398,70330236,70332162,140662398,YES
648,649,107,535000000000,535070453160,535140908344,70453160,70455184,140908344,YES
648,649,108,540000000000,540075620182,540151243916,75620182,75623734,151243916,YES
648,649,109,545000000000,545075849987,545151703615,75849987,75853628,151703615,YES
648,649,110,550000000000,550076087392,550152178532,76087392,76091140,152178532,YES
648,649,111,555000000000,555076331960,555152667739,76331960,76335779,152667739,YES
648,649,112,560000000000,560076616844,560154362369,76616844,77745525,154362369,YES
648,649,113,565000000000,565076840823,565153685608,76840823,76844785,153685608,YES
648,649,114,570000000000,570077104271,570154212592,77104271,77108321,154212592,YES
648,649,115,575000000000,575073484576,575144819894,73484576,71335318,144819894,YES
648,649,116,580000000000,580071305566,580142608636,71305566,71303070,142608636,YES
648,649,117,585000000000,585071278824,585142555205,71278824,71276381,142555205,YES
648,649,118,590000000000,590071273762,590142543970,71273762,71270208,142543970,YES
648,649,119,595000000000,595067662783,595135323279,67662783,67660496,135323279,YES
648,649,120,600000000000,600067526709,600135051195,67526709,67524486,135051195,YES
648,649,121,605000000000,605067397237,605134792323,67397237,67395086,134792323,YES
648,649,122,610000000000,610068364549,610135637283,68364549,67272734,135637283,YES
648,649,123,615000000000,615067829253,615134987228,67829253,67157975,134987228,YES
648,649,124,620000000000,620070089681,620137140869,70089681,67051188,137140869,YES
648,649,125,625000000000,625069345712,625136298729,69345712,66953017,136298729,YES
648,649,126,630000000000,630066865574,630133729488,66865574,66863914,133729488,YES
648,649,127,635000000000,635066785872,635133570203,66785872,66784331,133570203,YES
648,649,128,640000000000,640066716218,640133431025,66716218,66714807,133431025,YES
648,649,129,645000000000,645066657097,645134342217,66657097,67685120,134342217,YES
648,649,130,650000000000,650066608956,650133216791,66608956,66607835,133216791,YES
648,649,131,655000000000,655066572214,655133143468,66572214,66571254,133143468,YES
648,649,132,660000000000,660066547229,660133093668,66547229,66546439,133093668,YES
648,649,133,665000000000,665066534294,665133067978,66534294,66533684,133067978,YES
648,649,134,670000000000,670072269123,670144536417,72269123,72267294,144536417,YES
648,649,135,675000000000,675072071323,675144141023,72071323,72069700,144141023,YES
648,649,136,680000000000,680071883975,680143766539,71883975,71882564,143766539,YES
648,649,137,685000000000,685071707484,685147363114,71707484,75655630,147363114,YES
648,649,138,690000000000,690071542207,690143083428,71542207,71541221,143083428,YES
648,649,139,695000000000,695071354803,695142708818,71354803,71354015,142708818,YES
648,649,140,700000000000,700071212673,700142424747,71212673,71212074,142424747,YES
648,649,141,705000000000,705071082342,705142164265,71082342,71081923,142164265,YES
648,649,142,710000000000,710070963828,710141927421,70963828,70963593,141927421,YES
648,649,143,715000000000,715070857119,715141714169,70857119,70857050,141714169,YES
648,649,144,720000000000,720070762111,720141524310,70762111,70762199,141524310,YES
648,649,145,725000000000,725070678650,725141357534,70678650,70678884,141357534,YES
648,649,146,730000000000,730070640111,730141280588,70640111,70640477,141280588,YES
648,649,147,735000000000,735069721922,735139444499,69721922,69722577,139444499,YES
648,649,148,740000000000,740069750541,740139501900,69750541,69751359,139501900,YES
648,649,149,745000000000,745069791871,745139705294,69791871,69913423,139705294,YES
648,649,150,750000000000,750069845551,750142693395,69845551,72847844,142693395,YES
648,649,151,755000000000,755074745485,755144657960,74745485,69912475,144657960,YES
648,649,152,760000000000,760079033914,760149023603,79033914,69989689,149023603,YES
648,649,153,765000000000,765077794836,765147872484,77794836,70077648,147872484,YES
648,649,154,770000000000,770076020208,770146196053,76020208,70175845,146196053,YES
648,649,155,775000000000,775070281817,775140565393,70281817,70283576,140565393,YES
648,649,156,780000000000,780070398601,780140799065,70398601,70400464,140799065,YES
648,649,157,785000000000,785070523800,785148501297,70523800,77977497,148501297,YES
648,649,158,790000000000,790070656838,790150034995,70656838,79378157,150034995,YES
648,649,159,795000000000,795078326791,795149159865,78326791,70833074,149159865,YES
648,649,160,800000000000,800070944185,800141890576,70944185,70946391,141890576,YES
648,649,161,805000000000,805076792950,805153589673,76792950,76796723,153589673,YES
648,649,162,810000000000,810077057088,810154118037,77057088,77060949,154118037,YES
648,649,163,815000000000,815071226409,815142450399,71226409,71223990,142450399,YES
648,649,164,820000000000,820071206065,820144965259,71206065,73759194,144965259,YES
648,649,165,825000000000,825071191316,825144647428,71191316,73456112,144647428,YES
648,649,166,830000000000,830071182122,830145308378,71182122,74126256,145308378,YES
648,649,167,835000000000,835067643617,835135285106,67643617,67641489,135285106,YES
648,649,168,840000000000,840067523028,840135044006,67523028,67520978,135044006,YES
648,649,169,845000000000,845067467703,845134875456,67467703,67407753,134875456,YES
648,649,170,850000000000,850067304130,850134606385,67304130,67302255,134606385,YES
648,649,171,855000000000,855067206721,855134411682,67206721,67204961,134411682,YES
648,649,172,860000000000,860067117957,860134234261,67117957,67116304,134234261,YES
648,649,173,865000000000,865067038295,865134075054,67038295,67036759,134075054,YES
648,649,174,870000000000,870068084000,870136046470,68084000,67962470,136046470,YES
648,649,175,875000000000,875066908085,875133814896,66908085,66906811,133814896,YES
648,649,176,880000000000,880172079281,880240153702,172079281,68074421,240153702,YES
648,649,177,885000000000,885066819498,885135674734,66819498,68855236,135674734,YES
648,649,178,890000000000,890072601267,890145200270,72601267,72599003,145200270,YES
648,649,179,895000000000,895072379573,895144757071,72379573,72377498,144757071,YES
648,649,180,900000000000,900072166858,900144331840,72166858,72164982,144331840,YES
648,649,181,905000000000,905071963648,905143925623,71963648,71961975,143925623,YES
648,649,182,910000000000,910071770430,910143539383,71770430,71768953,143539383,YES
648,649,183,915000000000,915071587650,915143174034,71587650,71586384,143174034,YES
648,649,184,920000000000,920071382095,920142763113,71382095,71381018,142763113,YES
648,649,185,925000000000,925071221287,925142441686,71221287,71220399,142441686,YES
648,649,186,930000000000,930071071900,930142143104,71071900,71071204,142143104,YES
648,649,187,935000000000,935070934109,935144926568,70934109,73992459,144926568,YES
648,649,188,940000000000,940070808058,940141615783,70808058,70807725,141615783,YES
648,649,189,945000000000,945070693807,945141387441,70693807,70693634,141387441,YES
648,649,190,950000000000,950070591345,950141182677,70591345,70591332,141182677,YES
648,649,191,955000000000,955074755368,955145514387,74755368,70759019,145514387,YES
648,649,192,960000000000,960073230223,960143651858,73230223,70421635,143651858,YES
648,649,193,965000000000,965070353587,965140707559,70353587,70353972,140707559,YES
648,649,194,970000000000,970070330420,970140661340,70330420,70330920,140661340,YES
648,649,195,975000000000,975070284366,975144679726,70284366,74395360,144679726,YES
648,649,196,980000000000,980069909344,980224966550,69909344,155057206,224966550,YES
648,649,197,985000000000,985069969286,985139939710,69969286,69970424,139939710,YES
648,649,198,990000000000,990070040812,990140082898,70040812,70042086,140082898,YES
648,649,199,995000000000,995070123405,995140248203,70123405,70124798,140248203,YES
648,649,200,1000000000000,1000070216485,1000140434480,70216485,70217995,140434480,YES
648,649,201,1005000000000,1005070319457,1005140640534,70319457,70321077,140640534,YES
648,649,202,1010000000000,1010075627730,1010151258595,75627730,75630865,151258595,YES
648,649,203,1015000000000,1015075832611,1015151668465,75832611,75835854,151668465,YES
648,649,204,1020000000000,1020076046554,1020152096465,76046554,76049911,152096465,YES
648,649,205,1025000000000,1025076269154,1025152541747,76269154,76272593,152541747,YES
648,649,206,1030000000000,1030076499955,1030153003435,76499955,76503480,153003435,YES
648,649,207,1035000000000,1035076738497,1035153480617,76738497,76742120,153480617,YES
648,649,208,1040000000000,1040077039385,1040159537584,77039385,82498199,159537584,YES
648,649,209,1045000000000,1045077236938,1045159466192,77236938,82229254,159466192,YES
648,649,210,1050000000000,1050076033012,1050152067247,76033012,76034235,152067247,YES
648,649,211,1055000000000,1055071255466,1055142508508,71255466,71253042,142508508,YES
648,649,212,1060000000000,1060071231662,1060142460955,71231662,71229293,142460955,YES
648,649,213,1065000000000,1065071213751,1065142425191,71213751,71211440,142425191,YES
648,649,214,1070000000000,1070071201617,1070142400989,71201617,71199372,142400989,YES
648,649,215,1075000000000,1075071195187,1075146379228,71195187,75184041,146379228,YES
648,649,216,1080000000000,1080071194400,1080142386696,71194400,71192296,142386696,YES
648,649,217,1085000000000,1085073204488,1085144401706,73204488,71197218,144401706,YES
648,649,218,1090000000000,1090073543040,1090144750811,73543040,71207771,144750811,YES
648,649,219,1095000000000,1095067664886,1095135764081,67664886,68099195,135764081,YES
648,649,220,1100000000000,1100068602110,1100141319858,68602110,72717748,141319858,YES
648,649,221,1105000000000,1105067480191,1105134958734,67480191,67478543,134958734,YES
648,649,222,1110000000000,1110067400423,1110134799308,67400423,67398885,134799308,YES
648,649,223,1115000000000,1115067329581,1115134657742,67329581,67328161,134657742,YES
648,649,224,1120000000000,1120067547406,1120134814171,67547406,67266765,134814171,YES
648,649,225,1125000000000,1125073110696,1125146218767,73110696,73108071,146218767,YES
648,649,226,1130000000000,1130072868226,1130145733997,72868226,72865771,145733997,YES
648,649,227,1135000000000,1135072632988,1135145263660,72632988,72630672,145263660,YES
648,649,228,1140000000000,1140072405484,1140144808824,72405484,72403340,144808824,YES
648,649,229,1145000000000,1145072186243,1145144370520,72186243,72184277,144370520,YES
648,649,230,1150000000000,1150188321229,1150260290433,188321229,71969204,260290433,YES
648,649,231,1155000000000,1155071774549,1155143547509,71774549,71772960,143547509,YES
648,649,232,1160000000000,1160071583044,1160143164692,71583044,71581648,143164692,YES
648,649,233,1165000000000,1165071368073,1165142734928,71368073,71366855,142734928,YES
648,649,234,1170000000000,1170071197219,1170142393407,71197219,71196188,142393407,YES
648,649,235,1175000000000,1175071037229,1175142073597,71037229,71036368,142073597,YES
648,649,236,1180000000000,1180070888364,1180141776052,70888364,70887688,141776052,YES
648,649,237,1185000000000,1185070750868,1185141501229,70750868,70750361,141501229,YES
648,649,238,1190000000000,1190070624919,1190141249494,70624919,70624575,141249494,YES
648,649,239,1195000000000,1195070510620,1195141021046,70510620,70510426,141021046,YES
649,650,0,0,76191165,152379097,76191165,76187932,152379097,YES
649,650,1,5000000000,5075974246,5153294464,75974246,77320218,153294464,YES
649,650,2,10000000000,10075767347,10151531796,75767347,75764449,151531796,YES
649,650,3,15000000000,15075570962,15151139196,75570962,75568234,151139196,YES
649,650,4,20000000000,20075385537,20150768521,75385537,75382984,150768521,YES
649,650,5,25000000000,25075211454,25150420515,75211454,75209061,150420515,YES
649,650,6,30000000000,30075049017,30150095813,75049017,75046796,150095813,YES
649,650,7,35000000000,35074864855,35149727661,74864855,74862806,149727661,YES
649,650,8,40000000000,40146747601,40222143810,146747601,75396209,222143810,YES
649,650,9,45000000000,45077049901,45151647838,77049901,74597937,151647838,YES
649,650,10,50000000000,50074485083,50148968591,74485083,74483508,148968591,YES
649,650,11,55000000000,55074382171,55148762914,74382171,74380743,148762914,YES
649,650,12,60000000000,60074290698,60148580102,74290698,74289404,148580102,YES
649,650,13,65000000000,65074210280,65148419396,74210280,74209116,148419396,YES
649,650,14,70000000000,70074140471,70150242173,74140471,76101702,150242173,YES
649,650,15,75000000000,75074080754,75148160594,74080754,74079840,148160594,YES
649,650,16,80000000000,80074030592,80148060381,74030592,74029789,148060381,YES
649,650,17,85000000000,85073989404,85147978102,73989404,73988698,147978102,YES
649,650,18,90000000000,90083464724,90157420669,83464724,73955945,157420669,YES
649,650,19,95000000000,95079393854,95148285590,79393854,68891736,148285590,YES
649,650,20,100000000000,100068907324,100137814916,68907324,68907592,137814916,YES
649,650,21,105000000000,105078951553,105147916699,78951553,68965146,147916699,YES
649,650,22,110000000000,110068997164,110137994760,68997164,68997596,137994760,YES
649,650,23,115000000000,115069038707,115138077943,69038707,69039236,138077943,YES
649,650,24,120000000000,120072136095,120141226670,72136095,69090575,141226670,YES
649,650,25,125000000000,125092978662,125162130987,92978662,69152325,162130987,YES
649,650,26,130000000000,130069223193,130138447261,69223193,69224068,138447261,YES
649,650,27,135000000000,135077742389,135147049658,77742389,69307269,147049658,YES
649,650,28,140000000000,140081857338,140151259068,81857338,69401730,151259068,YES
649,650,29,145000000000,145069506107,145139013497,69506107,69507390,139013497,YES
649,650,30,150000000000,150069686738,150139311750,69686738,69625012,139311750,YES
649,650,31,155000000000,155069752812,155139507209,69752812,69754397,139507209,YES
649,650,32,160000000000,160069893789,160139789329,69893789,69895540,139789329,YES
649,650,33,165000000000,165072482715,165142559913,72482715,70077198,142559913,YES
649,650,34,170000000000,170070210477,170140423039,70210477,70212562,140423039,YES
649,650,35,175000000000,-1,-1,-1,-1,-1,LOST
649,650,36,180000000000,180070571808,180169668204,70571808,99096396,169668204,YES
649,650,37,185000000000,185070768334,185141539262,70768334,70770928,141539262,YES
649,650,38,190000000000,190070974864,190141952483,70974864,70977619,141952483,YES
649,650,39,195000000000,195071190912,195142384762,71190912,71193850,142384762,YES
649,650,40,200000000000,200071415957,200142834996,71415957,71419039,142834996,YES
649,650,41,205000000000,205071649483,205143302191,71649483,71652708,143302191,YES
649,650,42,210000000000,210071890923,210143785223,71890923,71894300,143785223,YES
649,650,43,215000000000,215065023366,215130045508,65023366,65022142,130045508,YES
649,650,44,220000000000,220077070551,220154137391,77070551,77066840,154137391,YES
649,650,45,225000000000,225076820492,225153637436,76820492,76816944,153637436,YES
649,650,46,230000000000,230076612021,230153220651,76612021,76608630,153220651,YES
649,650,47,235000000000,235076378427,235152753640,76378427,76375213,152753640,YES
649,650,48,240000000000,240076153819,240152304590,76153819,76150771,152304590,YES
649,650,49,245000000000,245075938660,245151874465,75938660,75935805,151874465,YES
649,650,50,250000000000,250075699799,250151396928,75699799,75697129,151396928,YES
649,650,51,255000000000,255075504831,255151007172,75504831,75502341,151007172,YES
649,650,52,260000000000,260075320506,260150638709,75320506,75318203,150638709,YES
649,650,53,265000000000,265075147125,265150292114,75147125,75144989,150292114,YES
649,650,54,270000000000,270074984902,270149967854,74984902,74982952,149967854,YES
649,650,55,275000000000,275074833995,275149666209,74833995,74832214,149666209,YES
649,650,56,280000000000,280074694491,280149387366,74694491,74692875,149387366,YES
649,650,57,285000000000,285074566391,285149131315,74566391,74564924,149131315,YES
649,650,58,290000000000,290074449613,290148897912,74449613,74448299,148897912,YES
649,650,59,295000000000,295074344012,295148686852,74344012,74342840,148686852,YES
649,650,60,300000000000,300074249355,300148497662,74249355,74248307,148497662,YES
649,650,61,305000000000,305074165342,305148329756,74165342,74164414,148329756,YES
649,650,62,310000000000,310065498204,310133434258,65498204,67936054,133434258,YES
649,650,63,315000000000,315065547511,315135591761,65547511,70044250,135591761,YES
649,650,64,320000000000,320065608426,320131217764,65608426,65609338,131217764,YES
649,650,65,325000000000,325065680523,325131362086,65680523,65681563,131362086,YES
649,650,66,330000000000,330065763329,330131527821,65763329,65764492,131527821,YES
649,650,67,335000000000,335064285145,335128573373,64285145,64288228,128573373,YES
649,650,68,340000000000,340064401636,340128806447,64401636,64404811,128806447,YES
649,650,69,345000000000,345062094254,345124187432,62094254,62093178,124187432,YES
649,650,70,350000000000,350062004907,350124008850,62004907,62003943,124008850,YES
649,650,71,355000000000,355061925841,355123850841,61925841,61925000,123850841,YES
649,650,72,360000000000,360061857590,360123714467,61857590,61856877,123714467,YES
649,650,73,365000000000,365069322792,365138646217,69322792,69323425,138646217,YES
649,650,74,370000000000,370069378071,370138756873,69378071,69378802,138756873,YES
649,650,75,375000000000,375069443881,375138888605,69443881,69444724,138888605,YES
649,650,76,380000000000,380069520632,380139042227,69520632,69521595,139042227,YES
649,650,77,385000000000,385253384632,385322997867,253384632,69613235,322997867,YES
649,650,78,390000000000,390105411583,390175121869,105411583,69710286,175121869,YES
649,650,79,395000000000,395069819658,395139640684,69819658,69821026,139640684,YES
649,650,80,400000000000,400069942830,400139887180,69942830,69944350,139887180,YES
649,650,81,405000000000,405070077811,405140157289,70077811,70079478,140157289,YES
649,650,82,410000000000,410070224470,410140450756,70224470,70226286,140450756,YES
649,650,83,415000000000,415070416211,415140834400,70416211,70418189,140834400,YES
649,650,84,420000000000,420070585561,420141173265,70585561,70587704,141173265,YES
649,650,85,425000000000,425072565336,425143333486,72565336,70768150,143333486,YES
649,650,86,430000000000,430070956465,430141915378,70956465,70958913,141915378,YES
649,650,87,435000000000,435071157174,435142316975,71157174,71159801,142316975,YES
649,650,88,440000000000,440064174801,440130489028,64174801,66314227,130489028,YES
649,650,89,445000000000,445064197520,445128393737,64197520,64196217,128393737,YES
649,650,90,450000000000,450104358863,450177926730,104358863,73567867,177926730,YES
649,650,91,455000000000,455147608335,455217952919,147608335,70344584,217952919,YES
649,650,92,460000000000,460072632966,460144034911,72632966,71401945,144034911,YES
649,650,93,465000000000,465076158541,465152313744,76158541,76155203,152313744,YES
649,650,94,470000000000,470075931751,470151860363,75931751,75928612,151860363,YES
649,650,95,475000000000,475075714510,475151426077,75714510,75711567,151426077,YES
649,650,96,480000000000,480075540863,480151078972,75540863,75538109,151078972,YES
649,650,97,485000000000,485075343996,485150685422,75343996,75341426,150685422,YES
649,650,98,490000000000,490075157832,490150313282,75157832,75155450,150313282,YES
649,650,99,495000000000,495074982633,495149963081,74982633,74980448,149963081,YES
649,650,100,500000000000,500074818594,500154208775,74818594,79390181,154208775,YES
649,650,101,505000000000,505074665830,505158024848,74665830,83359018,158024848,YES
649,650,102,510000000000,510074524383,510149047118,74524383,74522735,149047118,YES
649,650,103,515000000000,515074394213,515148786945,74394213,74392732,148786945,YES
649,650,104,520000000000,520074275208,520148549097,74275208,74273889,148549097,YES
649,650,105,525000000000,525074167194,525148333213,74167194,74166019,148333213,YES
649,650,106,530000000000,530074069920,530148138804,74069920,74068884,148138804,YES
649,650,107,535000000000,535073983086,535147965276,73983086,73982190,147965276,YES
649,650,108,540000000000,540065495173,540130990957,65495173,65495784,130990957,YES
649,650,109,545000000000,545065540128,545185468446,65540128,119928318,185468446,YES
649,650,110,550000000000,550069672192,550138287408,69672192,68615216,138287408,YES
649,650,111,555000000000,555070085274,555135750951,70085274,65665677,135750951,YES
649,650,112,560000000000,560064183169,560128369289,64183169,64186120,128369289,YES
649,650,113,565000000000,565066550287,565130807665,66550287,64257378,130807665,YES
649,650,114,570000000000,570067313646,570131712899,67313646,64399253,131712899,YES
649,650,115,575000000000,575064488502,575128980278,64488502,64491776,128980278,YES
649,650,116,580000000000,580064618330,580129240029,64618330,64621699,129240029,YES
649,650,117,585000000000,585064756821,585137777712,64756821,73020891,137777712,YES
649,650,118,590000000000,590061973974,590123947208,61973974,61973234,123947208,YES
649,650,119,595000000000,595069609977,595148320338,69609977,78710361,148320338,YES
649,650,120,600000000000,600069662911,600149419053,69662911,79756142,149419053,YES
649,650,121,605000000000,605072639404,605142452995,72639404,69813591,142452995,YES
649,650,122,610000000000,610070035467,610139865774,70035467,69830307,139865774,YES
649,650,123,615000000000,615069885998,615139773098,69885998,69887100,139773098,YES
649,650,124,620000000000,620069982990,620139967210,69982990,69984220,139967210,YES
649,650,125,625000000000,625070091675,625140184714,70091675,70093039,140184714,YES
649,650,126,630000000000,630070245717,630140492941,70245717,70247224,140492941,YES
649,650,127,635000000000,635070450645,635140887776,70450645,70437131,140887776,YES
649,650,128,640000000000,640085032767,640176038737,85032767,91005970,176038737,YES
649,650,129,645000000000,645070676861,645146218678,70676861,75541817,146218678,YES
649,650,130,650000000000,650070843143,650141688366,70843143,70845223,141688366,YES
649,650,131,655000000000,655071020167,655142042569,71020167,71022402,142042569,YES
649,650,132,660000000000,660071207538,660143372548,71207538,72165010,143372548,YES
649,650,133,665000000000,665071404790,665142812121,71404790,71407331,142812121,YES
649,650,134,670000000000,670064650975,670129300330,64650975,64649355,129300330,YES
649,650,135,675000000000,675064657784,675129314049,64657784,64656265,129314049,YES
649,650,136,680000000000,680064966220,680129622101,64966220,64655881,129622101,YES
649,650,137,685000000000,685070772166,685326014802,70772166,255242636,326014802,YES
649,650,138,690000000000,690068809497,690140967652,68809497,72158155,140967652,YES
649,650,139,695000000000,695064664755,695129328194,64664755,64663439,129328194,YES
649,650,140,700000000000,700064893850,700129587234,64893850,64693384,129587234,YES
649,650,141,705000000000,705064732592,705129464175,64732592,64731583,129464175,YES
649,650,142,710000000000,710076109829,710152623839,76109829,76514010,152623839,YES
649,650,143,715000000000,715075878196,715151753086,75878196,75874890,151753086,YES
649,650,144,720000000000,720075656035,720151308947,75656035,75652912,151308947,YES
649,650,145,725000000000,725075443773,725150884629,75443773,75440856,150884629,YES
649,650,146,730000000000,730075275431,730150548138,75275431,75272707,150548138,YES
649,650,147,735000000000,735075084138,735150165755,75084138,75081617,150165755,YES
649,650,148,740000000000,740074903763,740149805215,74903763,74901452,149805215,YES
649,650,149,745000000000,745086987643,745161719618,86987643,74731975,161719618,YES
649,650,150,750000000000,750083976176,750158550393,83976176,74574217,158550393,YES
649,650,151,755000000000,755074429587,755148857436,74429587,74427849,148857436,YES
649,650,152,760000000000,760074293928,760148586292,74293928,74292364,148586292,YES
649,650,153,765000000000,765074169312,765148337226,74169312,74167914,148337226,YES
649,650,154,770000000000,770074055546,770148109855,74055546,74054309,148109855,YES
649,650,155,775000000000,775073952387,775147903687,73952387,73951300,147903687,YES
649,650,156,780000000000,780073859521,780149776228,73859521,75916707,149776228,YES
649,650,157,785000000000,785073776601,785147552396,73776601,73775795,147552396,YES
649,650,158,790000000000,790073703260,790150715801,73703260,77012541,150715801,YES
649,650,159,795000000000,795073639078,795151815760,73639078,78176682,151815760,YES
649,650,160,800000000000,800058651523,800117632307,58651523,58980784,117632307,YES
649,650,161,805000000000,805064346962,805128697180,64346962,64350218,128697180,YES
649,650,162,810000000000,810064459643,810128922637,64459643,64462994,128922637,YES
649,650,163,815000000000,815073722425,815138305825,73722425,64583400,138305825,YES
649,650,164,820000000000,820074212364,820139039558,74212364,64827194,139039558,YES
649,650,165,825000000000,825071585135,825138553286,71585135,66968151,138553286,YES
649,650,166,830000000000,830074613523,830140808754,74613523,66195231,140808754,YES
649,650,167,835000000000,835069770844,835139542567,69770844,69771723,139542567,YES
649,650,168,840000000000,840069820810,840139642605,69820810,69821795,139642605,YES
649,650,169,845000000000,845069880888,845139762880,69880888,69881992,139762880,YES
649,650,170,850000000000,850069951583,850139904380,69951583,69952797,139904380,YES
649,650,171,855000000000,855071096931,855141160416,71096931,70063485,141160416,YES
649,650,172,860000000000,860070126491,860140254445,70126491,70127954,140254445,YES
649,650,173,865000000000,865070264922,865140531444,70264922,70266522,140531444,YES
649,650,174,870000000000,870070381585,870140764898,70381585,70383313,140764898,YES
649,650,175,875000000000,875070510120,875141022104,70510120,70511984,141022104,YES
649,650,176,880000000000,880071609172,880142261666,71609172,70652494,142261666,YES
649,650,177,885000000000,885070802439,885141607030,70802439,70804591,141607030,YES
649,650,178,890000000000,890064043482,890128085100,64043482,64041618,128085100,YES
649,650,179,895000000000,895064010547,895129009791,64010547,64999244,129009791,YES
649,650,180,900000000000,900065632382,900131044616,65632382,65412234,131044616,YES
649,650,181,905000000000,905065446625,905129418168,65446625,63971543,129418168,YES
649,650,182,910000000000,910063957668,910127913597,63957668,63955929,127913597,YES
649,650,183,915000000000,915063946057,915127890486,63946057,63944429,127890486,YES
649,650,184,920000000000,920063910054,920127818599,63910054,63908545,127818599,YES
649,650,185,925000000000,925063916846,925127832312,63916846,63915466,127832312,YES
649,650,186,930000000000,930063932845,930130116163,63932845,66183318,130116163,YES
649,650,187,935000000000,935067871166,935131828187,67871166,63957021,131828187,YES
649,650,188,940000000000,940063992621,940129781348,63992621,65788727,129781348,YES
649,650,189,945000000000,945064036495,945128072230,64036495,64035735,128072230,YES
649,650,190,950000000000,950064089753,950131390880,64089753,67301127,131390880,YES
649,650,191,955000000000,955064152412,955128304417,64152412,64152005,128304417,YES
649,650,192,960000000000,960075168688,960150334555,75168688,75165867,150334555,YES
649,650,193,965000000000,965079051182,965154023728,79051182,74972546,154023728,YES
649,650,194,970000000000,970074826420,970149650449,74826420,74824029,149650449,YES
649,650,195,975000000000,975074655002,975149307811,74655002,74652809,149307811,YES
649,650,196,980000000000,980154639207,980229129472,154639207,74490265,229129472,YES
649,650,197,985000000000,985074345600,985148689404,74345600,74343804,148689404,YES
649,650,198,990000000000,990074207535,990148413468,74207535,74205933,148413468,YES
649,650,199,995000000000,995074080382,995148159335,74080382,74078953,148159335,YES
649,650,200,1000000000000,1000073963924,1000147926582,73963924,73962658,147926582,YES
649,650,201,1005000000000,1005073857876,1005147714645,73857876,73856769,147714645,YES
649,650,202,1010000000000,1010065544131,1010134327558,65544131,68783427,134327558,YES
649,650,203,1015000000000,1015065564902,1015131130294,65564902,65565392,131130294,YES
649,650,204,1020000000000,1020064006162,1020128014799,64006162,64008637,128014799,YES
649,650,205,1025000000000,1025064079016,1025128160646,64079016,64081630,128160646,YES
649,650,206,1030000000000,1030064160239,1030128323239,64160239,64163000,128323239,YES
649,650,207,1035000000000,1035064249860,1035128502614,64249860,64252754,128502614,YES
649,650,208,1040000000000,1040065515999,1040129866949,65515999,64350950,129866949,YES
649,650,209,1045000000000,1045066465487,1045130923086,66465487,64457599,130923086,YES
649,650,210,1050000000000,1050064569431,1050129142112,64569431,64572681,129142112,YES
649,650,211,1055000000000,1055064726636,1055129456624,64726636,64729988,129456624,YES
649,650,212,1060000000000,1060064858887,1060129721229,64858887,64862342,129721229,YES
649,650,213,1065000000000,1065064999884,1065130003314,64999884,65003430,130003314,YES
649,650,214,1070000000000,1070065149721,1070130303067,65149721,65153346,130303067,YES
649,650,215,1075000000000,1075065308507,1075131050419,65308507,65741912,131050419,YES
649,650,216,1080000000000,1080065476313,1080130956413,65476313,65480100,130956413,YES
649,650,217,1085000000000,1085065653179,1085131310211,65653179,65657032,131310211,YES
649,650,218,1090000000000,1090065839119,1090131682149,65839119,65843030,131682149,YES
649,650,219,1095000000000,1095070740135,1095141481488,70740135,70741353,141481488,YES
649,650,220,1100000000000,1100070840067,1100141681473,70840067,70841406,141681473,YES
649,650,221,1105000000000,1105070951110,1105141903683,70951110,70952573,141903683,YES
649,650,222,1110000000000,1110072748916,1110143823842,72748916,71074926,143823842,YES
649,650,223,1115000000000,1115076863120,1115148071530,76863120,71208410,148071530,YES
649,650,224,1120000000000,1120074989908,1120146342556,74989908,71352648,146342556,YES
649,650,225,1125000000000,1125064705691,1125129409317,64705691,64703626,129409317,YES
649,650,226,1130000000000,1130064667834,1130129333425,64667834,64665591,129333425,YES
649,650,227,1135000000000,1135064623178,1135129244183,64623178,64621005,129244183,YES
649,650,228,1140000000000,1140064586863,1140129171630,64586863,64584767,129171630,YES
649,650,229,1145000000000,1145066784218,1145131340959,66784218,64556741,131340959,YES
649,650,230,1150000000000,1150064538774,1150129075627,64538774,64536853,129075627,YES
649,650,231,1155000000000,1155064526836,1155129051847,64526836,64525011,129051847,YES
649,650,232,1160000000000,1160064522918,1160129044119,64522918,64521201,129044119,YES
649,650,233,1165000000000,1165064493424,1165128985262,64493424,64491838,128985262,YES
649,650,234,1170000000000,1170064505647,1170129009832,64505647,64504185,129009832,YES
649,650,235,1175000000000,1175069093580,1175133618335,69093580,64524755,133618335,YES
649,650,236,1180000000000,1180064554785,1180129108379,64554785,64553594,129108379,YES
649,650,237,1185000000000,1185064591978,1185130030569,64591978,65438591,130030569,YES
649,650,238,1190000000000,1190064637788,1190129274706,64637788,64636918,129274706,YES
649,650,239,1195000000000,1195067146124,1195133739357,67146124,66593233,133739357,YES
650,651,0,0,74963042,149924222,74963042,74961180,149924222,YES
650,651,1,5000000000,5074977623,5149953544,74977623,74975921,149953544,YES
650,651,2,10000000000,10075000354,10151325275,75000354,76324921,151325275,YES
650,651,3,15000000000,15075031395,15151458996,75031395,76427601,151458996,YES
650,651,4,20000000000,20031512309,20063024002,31512309,31511693,63024002,YES
650,651,5,25000000000,25031364053,25062727565,31364053,31363512,62727565,YES
650,651,6,30000000000,30031224624,30062448788,31224624,31224164,62448788,YES
650,651,7,35000000000,35031060892,35062121413,31060892,31060521,62121413,YES
650,651,8,40000000000,40031226331,40062166544,31226331,30940213,62166544,YES
650,651,9,45000000000,45030830241,45061660292,30830241,30830051,61660292,YES
650,651,10,50000000000,50030730443,50061460780,30730443,30730337,61460780,YES
650,651,11,55000000000,55030641376,55061282733,30641376,30641357,61282733,YES
650,651,12,60000000000,60030563260,60061126583,30563260,30563323,61126583,YES
650,651,13,65000000000,65030496234,65060992609,30496234,30496375,60992609,YES
650,651,14,70000000000,70030440395,70060881006,30440395,30440611,60881006,YES
650,651,15,75000000000,75030395782,75060791853,30395782,30396071,60791853,YES
650,651,16,80000000000,80030362385,80060725128,30362385,30362743,60725128,YES
650,651,17,85000000000,85030340151,85060680723,30340151,30340572,60680723,YES
650,651,18,90000000000,90030328983,90060658447,30328983,30329464,60658447,YES
650,651,19,95000000000,95089959424,95181455299,89959424,91495875,181455299,YES
650,651,20,100000000000,100102140471,100239552004,102140471,137411533,239552004,YES
650,651,21,105000000000,105089849766,105188108480,89849766,98258714,188108480,YES
650,651,22,110000000000,110089817571,110183613785,89817571,93796214,183613785,YES
650,651,23,115000000000,115044516150,115089032269,44516150,44516119,89032269,YES
650,651,24,120000000000,120044521157,120089042394,44521157,44521237,89042394,YES
650,651,25,125000000000,125044538357,125089076902,44538357,44538545,89076902,YES
650,651,26,130000000000,130044568272,130089136847,44568272,44568575,89136847,YES
650,651,27,135000000000,135044611328,135089742650,44611328,45131322,89742650,YES
650,651,28,140000000000,140044667834,140089336211,44667834,44668377,89336211,YES
650,651,29,145000000000,145044737964,145089476589,44737964,44738625,89476589,YES
650,651,30,150000000000,150044821753,150090336414,44821753,45514661,90336414,YES
650,651,31,155000000000,155044919089,155089839071,44919089,44919982,89839071,YES
650,651,32,160000000000,160045029719,160090768061,45029719,45738342,90768061,YES
650,651,33,165000000000,165045153265,165090838707,45153265,45685442,90838707,YES
650,651,34,170000000000,170045289230,170090579680,45289230,45290450,90579680,YES
650,651,35,175000000000,175045437032,175090875384,45437032,45438352,90875384,YES
650,651,36,180000000000,180045596021,180091193454,45596021,45597433,91193454,YES
650,651,37,185000000000,185045765503,185091532505,45765503,45767002,91532505,YES
650,651,38,190000000000,190046745843,190092692210,46745843,45946367,92692210,YES
650,651,39,195000000000,195046133062,195092267792,46133062,46134730,92267792,YES
650,651,40,200000000000,200046329717,200092661168,46329717,46331451,92661168,YES
650,651,41,205000000000,205046534014,205093069821,46534014,46535807,93069821,YES
650,651,42,210000000000,210046745306,210093492472,46745306,46747166,93492472,YES
650,651,43,215000000000,215046962981,215093927893,46962981,46964912,93927893,YES
650,651,44,220000000000,220075736047,220181275459,75736047,105539412,181275459,YES
650,651,45,225000000000,225076533873,225157592313,76533873,81058440,157592313,YES
650,651,46,230000000000,230075713169,230158328152,75713169,82614983,158328152,YES
650,651,47,235000000000,235075712009,235153194218,75712009,77482209,153194218,YES
650,651,48,240000000000,240076178167,240151926236,76178167,75748069,151926236,YES
650,651,49,245000000000,245077041591,245152770408,77041591,75728817,152770408,YES
650,651,50,250000000000,250036987854,250073974744,36987854,36986890,73974744,YES
650,651,51,255000000000,255032054887,255064108995,32054887,32054108,64108995,YES
650,651,52,260000000000,260031896411,260063792125,31896411,31895714,63792125,YES
650,651,53,265000000000,265031745861,265063491076,31745861,31745215,63491076,YES
650,651,54,270000000000,270031603731,270063206888,31603731,31603157,63206888,YES
650,651,55,275000000000,275031470551,275062940610,31470551,31470059,62940610,YES
650,651,56,280000000000,280031346815,280062693217,31346815,31346402,62693217,YES
650,651,57,285000000000,285031232989,285062465646,31232989,31232657,62465646,YES
650,651,58,290000000000,290031129494,290062258736,31129494,31129242,62258736,YES
650,651,59,295000000000,295031036706,295062073241,31036706,31036535,62073241,YES
650,651,60,300000000000,300030954938,300061909795,30954938,30954857,61909795,YES
650,651,61,305000000000,305030884442,305061768883,30884442,30884441,61768883,YES
650,651,62,310000000000,310030825399,310061650873,30825399,30825474,61650873,YES
650,651,63,315000000000,315031555008,315062333074,31555008,30778066,62333074,YES
650,651,64,320000000000,320030742043,320061484313,30742043,30742270,61484313,YES
650,651,65,325000000000,325033525240,325064243263,33525240,30718023,64243263,YES
650,651,66,330000000000,330031340946,330062046203,31340946,30705257,62046203,YES
650,651,67,335000000000,335102036210,335191674552,102036210,89638342,191674552,YES
650,651,68,340000000000,340098687566,340191596669,98687566,92909103,191596669,YES
650,651,69,345000000000,345127836121,345219470822,127836121,91634701,219470822,YES
650,651,70,350000000000,350090503167,350180155520,90503167,89652353,180155520,YES
650,651,71,355000000000,355044616577,355089232909,44616577,44616332,89232909,YES
650,651,72,360000000000,360044601169,360089202199,44601169,44601030,89202199,YES
650,651,73,365000000000,365044597083,365089194138,44597083,44597055,89194138,YES
650,651,74,370000000000,370044604975,370089210042,44604975,44605067,89210042,YES
650,651,75,375000000000,375044625442,375089251095,44625442,44625653,89251095,YES
650,651,76,380000000000,380044658982,380089318297,44658982,44659315,89318297,YES
650,651,77,385000000000,385044705987,385089412434,44705987,44706447,89412434,YES
650,651,78,390000000000,390044766721,390089534027,44766721,44767306,89534027,YES
650,651,79,395000000000,395045132456,395089984062,45132456,44851606,89984062,YES
650,651,80,400000000000,400044929673,400089860176,44929673,44930503,89860176,YES
650,651,81,405000000000,405045031684,405090064322,45031684,45032638,90064322,YES
650,651,82,410000000000,410045147003,410090295073,45147003,45148070,90295073,YES
650,651,83,415000000000,415045308775,415090618733,45308775,45309958,90618733,YES
650,651,84,420000000000,420045449260,420090899811,45449260,45450551,90899811,YES
650,651,85,425000000000,425045601422,425093215482,45601422,47614060,93215482,YES
650,651,86,430000000000,430045764578,430091530644,45764578,45766066,91530644,YES
650,651,87,435000000000,435045938010,435091877586,45938010,45939576,91877586,YES
650,651,88,440000000000,440046120976,440092243612,46120976,46122636,92243612,YES
650,651,89,445000000000,445046312752,445092627234,46312752,46314482,92627234,YES
650,651,90,450000000000,450051218319,450097732925,51218319,46514606,97732925,YES
650,651,91,455000000000,455049425518,455096147369,49425518,46721851,96147369,YES
650,651,92,460000000000,460047682656,460094618512,47682656,46935856,94618512,YES
650,651,93,465000000000,465075146053,465150290063,75146053,75144010,150290063,YES
650,651,94,470000000000,470075143881,470150285842,75143881,75141961,150285842,YES
650,651,95,475000000000,475075149482,475152992205,75149482,77842723,152992205,YES
650,651,96,480000000000,480075162878,480150864173,75162878,75701295,150864173,YES
650,651,97,485000000000,485075184108,485150366719,75184108,75182611,150366719,YES
650,651,98,490000000000,490075213236,490150425122,75213236,75211886,150425122,YES
650,651,99,495000000000,495031979320,495063958012,31979320,31978692,63958012,YES
650,651,100,500000000000,500031837770,500064237514,31837770,32399744,64237514,YES
650,651,101,505000000000,505031704630,505064556894,31704630,32852264,64556894,YES
650,651,102,510000000000,510031580358,510063160288,31580358,31579930,63160288,YES
650,651,103,515000000000,515031465371,515062930391,31465371,31465020,62930391,YES
650,651,104,520000000000,520031360061,520062719845,31360061,31359784,62719845,YES
650,651,105,525000000000,525031264771,525062529341,31264771,31264570,62529341,YES
650,651,106,530000000000,530031179803,530062359480,31179803,31179677,62359480,YES
650,651,107,535000000000,535031105408,535062210764,31105408,31105356,62210764,YES
650,651,108,540000000000,540031041780,540062083585,31041780,31041805,62083585,YES
650,651,109,545000000000,545030989056,545061978217,30989056,30989161,61978217,YES
650,651,110,550000000000,550030947306,550061894788,30947306,30947482,61894788,YES
650,651,111,555000000000,555030916544,555061833332,30916544,30916788,61833332,YES
650,651,112,560000000000,560107788133,560197597437,107788133,89809304,197597437,YES
650,651,113,565000000000,565117354194,565207087751,117354194,89733557,207087751,YES
650,651,114,570000000000,570097993918,570188593337,97993918,90599419,188593337,YES
650,651,115,575000000000,575089621325,575188322640,89621325,98701315,188322640,YES
650,651,116,580000000000,580089583159,580179164718,89583159,89581559,179164718,YES
650,651,117,585000000000,585044763526,585089526757,44763526,44763231,89526757,YES
650,651,118,590000000000,590044744175,590089488157,44744175,44743982,89488157,YES
650,651,119,595000000000,595044735931,595089471782,44735931,44735851,89471782,YES
650,651,120,600000000000,600044739468,600089478972,44739468,44739504,89478972,YES
650,651,121,605000000000,605044755401,605092208916,44755401,47453515,92208916,YES
650,651,122,610000000000,610044784257,610090944645,44784257,46160388,90944645,YES
650,651,123,615000000000,615044826463,615089653339,44826463,44826876,89653339,YES
650,651,124,620000000000,620044882312,620089765164,44882312,44882852,89765164,YES
650,651,125,625000000000,625044951957,625089904583,44951957,44952626,89904583,YES
650,651,126,630000000000,630045068998,630090138794,45068998,45069796,90138794,YES
650,651,127,635000000000,635045166094,635091100833,45166094,45934739,91100833,YES
650,651,128,640000000000,640058841301,640122415381,58841301,63574080,122415381,YES
650,651,129,645000000000,645052040692,645097441996,52040692,45401304,97441996,YES
650,651,130,650000000000,650045535810,650091072902,45535810,45537092,91072902,YES
650,651,131,655000000000,655045683475,655091368332,45683475,45684857,91368332,YES
650,651,132,660000000000,660045842294,660092809705,45842294,46967411,92809705,YES
650,651,133,665000000000,665046011566,665092024704,46011566,46013138,92024704,YES
650,651,134,670000000000,670047319576,670093511836,47319576,46192260,93511836,YES
650,651,135,675000000000,675046378553,675092758835,46378553,46380282,92758835,YES
650,651,136,680000000000,680046574825,680096548293,46574825,49973468,96548293,YES
650,651,137,685000000000,685266975992,685317053821,266975992,50077829,317053821,YES
650,651,138,690000000000,690046989513,690093980963,46989513,46991450,93980963,YES
650,651,139,695000000000,695093339958,695188324185,93339958,94984227,188324185,YES
650,651,140,700000000000,700093398031,700186798646,93398031,93400615,186798646,YES
650,651,141,705000000000,705093465694,705186934083,93465694,93468389,186934083,YES
650,651,142,710000000000,710037085991,710074170873,37085991,37084882,74170873,YES
650,651,143,715000000000,715037004268,715074007481,37004268,37003213,74007481,YES
650,651,144,720000000000,720036931014,720073861021,36931014,36930007,73861021,YES
650,651,145,725000000000,725036866283,725073731617,36866283,36865334,73731617,YES
650,651,146,730000000000,730036810122,730073619365,36810122,36809243,73619365,YES
650,651,147,735000000000,735036762553,735073524290,36762553,36761737,73524290,YES
650,651,148,740000000000,740036723584,740073446429,36723584,36722845,73446429,YES
650,651,149,745000000000,745036693233,745073385796,36693233,36692563,73385796,YES
650,651,150,750000000000,750036671476,750073342356,36671476,36670880,73342356,YES
650,651,151,755000000000,755031904581,755063808701,31904581,31904120,63808701,YES
650,651,152,760000000000,760031786299,760063572205,31786299,31785906,63572205,YES
650,651,153,765000000000,765031676899,765063353477,31676899,31676578,63353477,YES
650,651,154,770000000000,770031576710,770063153171,31576710,31576461,63153171,YES
650,651,155,775000000000,775031486024,775062971868,31486024,31485844,62971868,YES
650,651,156,780000000000,780031405093,780062810077,31405093,31404984,62810077,YES
650,651,157,785000000000,785031334131,785062668226,31334131,31334095,62668226,YES
650,651,158,790000000000,790031273298,790062546631,31273298,31273333,62546631,YES
650,651,159,795000000000,795031222713,795062445521,31222713,31222808,62445521,YES
650,651,160,800000000000,800099549309,800189638592,99549309,90089283,189638592,YES
650,651,161,805000000000,805091198260,805181196256,91198260,89997996,181196256,YES
650,651,162,810000000000,810044803224,810089605748,44803224,44802524,89605748,YES
650,651,163,815000000000,815044755279,815089509935,44755279,44754656,89509935,YES
650,651,164,820000000000,820044716103,820089431662,44716103,44715559,89431662,YES
650,651,165,825000000000,825046085315,825090771233,46085315,44685918,90771233,YES
650,651,166,830000000000,830044666829,830089333295,44666829,44666466,89333295,YES
650,651,167,835000000000,835044658127,835089315992,44658127,44657865,89315992,YES
650,651,168,840000000000,840044660937,840092052813,44660937,47391876,92052813,YES
650,651,169,845000000000,845044675875,845089351709,44675875,44675834,89351709,YES
650,651,170,850000000000,850044703474,850089407026,44703474,44703552,89407026,YES
650,651,171,855000000000,855044744167,855090632855,44744167,45888688,90632855,YES
650,651,172,860000000000,860044798275,860089596879,44798275,44798604,89596879,YES
650,651,173,865000000000,865044899582,865089799624,44899582,44900042,89799624,YES
650,651,174,870000000000,870044980925,870089962434,44980925,44981509,89962434,YES
650,651,175,875000000000,875045075787,875092278832,45075787,47203045,92278832,YES
650,651,176,880000000000,880045183921,880090368696,45183921,45184775,90368696,YES
650,651,177,885000000000,885045304930,885090610835,45304930,45305905,90610835,YES
650,651,178,890000000000,890045438322,890092595861,45438322,47157539,92595861,YES
650,651,179,895000000000,895045583507,895091168226,45583507,45584719,91168226,YES
650,651,180,900000000000,900045739830,900091480985,45739830,45741155,91480985,YES
650,651,181,905000000000,905045906593,905091814615,45906593,45908022,91814615,YES
650,651,182,910000000000,910092377210,910185870802,92377210,93493592,185870802,YES
650,651,183,915000000000,915092390640,915184782966,92390640,92392326,184782966,YES
650,651,184,920000000000,920092416151,920184834177,92416151,92418026,184834177,YES
650,651,185,925000000000,925092872349,925194354212,92872349,101481863,194354212,YES
650,651,186,930000000000,930098026317,930190530598,98026317,92504281,190530598,YES
650,651,187,935000000000,935101068746,935193632793,101068746,92564047,193632793,YES
650,651,188,940000000000,940146582123,940239217117,146582123,92634994,239217117,YES
650,651,189,945000000000,945092711922,945185426463,92711922,92714541,185426463,YES
650,651,190,950000000000,950095852351,950188656991,95852351,92804640,188656991,YES
650,651,191,955000000000,955097006077,955189910055,97006077,92903978,189910055,YES
650,651,192,960000000000,960036793403,960073585947,36793403,36792544,73585947,YES
650,651,193,965000000000,965036747925,965073495051,36747925,36747126,73495051,YES
650,651,194,970000000000,970036710954,970073421171,36710954,36710217,73421171,YES
650,651,195,975000000000,975036682412,975073364163,36682412,36681751,73364163,YES
650,651,196,980000000000,980036662252,980073323909,36662252,36661657,73323909,YES
650,651,197,985000000000,985036650372,985073300219,36650372,36649847,73300219,YES
650,651,198,990000000000,990037137919,990073784145,37137919,36646226,73784145,YES
650,651,199,995000000000,995031974961,995063949595,31974961,31974634,63949595,YES
650,651,200,1000000000000,1000031873263,1000063746253,31873263,31872990,63746253,YES
650,651,201,1005000000000,1005031780406,1005063560601,31780406,31780195,63560601,YES
650,651,202,1010000000000,1010031696630,1010063393115,31696630,31696485,63393115,YES
650,651,203,1015000000000,1015031622145,1015063244212,31622145,31622067,63244212,YES
650,651,204,1020000000000,1020095377898,1020186094633,95377898,90716735,186094633,YES
650,651,205,1025000000000,1025090397922,1025180793091,90397922,90395169,180793091,YES
650,651,206,1030000000000,1030090296807,1030180591008,90296807,90294201,180591008,YES
650,651,207,1035000000000,1035093588476,1035183791828,93588476,90203352,183791828,YES
650,651,208,1040000000000,1040097520221,1040192987820,97520221,95467599,192987820,YES
650,651,209,1045000000000,1045090056193,1045181252746,90056193,91196553,181252746,YES
650,651,210,1050000000000,1050095024301,1050188378087,95024301,93353786,188378087,YES
650,651,211,1055000000000,1055045305519,1055090610541,45305519,45305022,90610541,YES
650,651,212,1060000000000,1060045270396,1060090540386,45270396,45269990,90540386,YES
650,651,213,1065000000000,1065045244752,1065090489199,45244752,45244447,90489199,YES
650,651,214,1070000000000,1070045229237,1070090458272,45229237,45229035,90458272,YES
650,651,215,1075000000000,1075045224483,1075090448878,45224483,45224395,90448878,YES
650,651,216,1080000000000,1080045231086,1080090462204,45231086,45231118,90462204,YES
650,651,217,1085000000000,1085045249578,1085090499310,45249578,45249732,90499310,YES
650,651,218,1090000000000,1090045280411,1090090561107,45280411,45280696,90561107,YES
650,651,219,1095000000000,1095045357536,1095090715489,45357536,45357953,90715489,YES
650,651,220,1100000000000,1100045413999,1100090828544,45413999,45414545,90828544,YES
650,651,221,1105000000000,1105045483509,1105090967692,45483509,45484183,90967692,YES
650,651,222,1110000000000,1110045566046,1110091132894,45566046,45566848,91132894,YES
650,651,223,1115000000000,1115049246615,1115094909081,49246615,45662466,94909081,YES
650,651,224,1120000000000,1120053425269,1120099195996,53425269,45770727,99195996,YES
650,651,225,1125000000000,1125045889777,1125091780721,45889777,45890944,91780721,YES
650,651,226,1130000000000,1130046021830,1130092044939,46021830,46023109,92044939,YES
650,651,227,1135000000000,1135046165116,1135092331621,46165116,46166505,92331621,YES
650,651,228,1140000000000,1140092678157,1140185357740,92678157,92679583,185357740,YES
650,651,229,1145000000000,1145092669407,1145191737329,92669407,99067922,191737329,YES
650,651,230,1150000000000,1150092672771,1150186431974,92672771,93759203,186431974,YES
650,651,231,1155000000000,1155092688078,1155185378146,92688078,92690068,185378146,YES
650,651,232,1160000000000,1160092715128,1160185432411,92715128,92717283,185432411,YES
650,651,233,1165000000000,1165092753698,1165185509705,92753698,92756007,185509705,YES
650,651,234,1170000000000,1170092803536,1170185609538,92803536,92806002,185609538,YES
650,651,235,1175000000000,1175092864354,1175189062082,92864354,96197728,189062082,YES
650,651,236,1180000000000,1180092935840,1180191345727,92935840,98409887,191345727,YES
650,651,237,1185000000000,1185124076875,1185224690509,124076875,100613634,224690509,YES
650,651,238,1190000000000,1190099733349,1190195024265,99733349,95290916,195024265,YES
650,651,239,1195000000000,1195094507707,1195187968685,94507707,93460978,187968685,YES
651,652,0,0,51380784,102764325,51380784,51383541,102764325,YES
651,652,1,5000000000,5051646262,5103295322,51646262,51649060,103295322,YES
651,652,2,10000000000,10071973124,10143948438,71973124,71975314,143948438,YES
651,652,3,15000000000,15072104660,15144211600,72104660,72106940,144211600,YES
651,652,4,20000000000,20046503255,20093004291,46503255,46501036,93004291,YES
651,652,5,25000000000,25046398317,25092794471,46398317,46396154,92794471,YES
651,652,6,30000000000,30046298999,30092595880,46298999,46296881,92595880,YES
651,652,7,35000000000,35046205303,35098110524,46205303,51905221,98110524,YES
651,652,8,40000000000,40046117261,40092232519,46117261,46115258,92232519,YES
651,652,9,45000000000,45041438669,45082875620,41438669,41436951,82875620,YES
651,652,10,50000000000,50041238297,50082474952,41238297,41236655,82474952,YES
651,652,11,55000000000,55041045893,55082090219,41045893,41044326,82090219,YES
651,652,12,60000000000,60040861977,60081722473,40861977,40860496,81722473,YES
651,652,13,65000000000,65040687057,65081372706,40687057,40685649,81372706,YES
651,652,14,70000000000,70040521630,70081041944,40521630,40520314,81041944,YES
651,652,15,75000000000,75040366190,75080731152,40366190,40364962,80731152,YES
651,652,16,80000000000,80040221201,80080441268,40221201,40220067,80441268,YES
651,652,17,85000000000,85040087082,85080173132,40087082,40086050,80173132,YES
651,652,18,90000000000,90044350529,90084313701,44350529,39963172,84313701,YES
651,652,19,95000000000,95039852886,95079704950,39852886,39852064,79704950,YES
651,652,20,100000000000,100040797671,100080559890,40797671,39762219,80559890,YES
651,652,21,105000000000,105039665770,105079330923,39665770,39665153,79330923,YES
651,652,22,110000000000,110042225997,110081815643,42225997,39589646,81815643,YES
651,652,23,115000000000,115069093772,115139811810,69093772,70718038,139811810,YES
651,652,24,120000000000,120048627616,120097255383,48627616,48627767,97255383,YES
651,652,25,125000000000,125048623220,125104583102,48623220,55959882,104583102,YES
651,652,26,130000000000,130048628734,130097257868,48628734,48629134,97257868,YES
651,652,27,135000000000,135048644751,135097290035,48644751,48645284,97290035,YES
651,652,28,140000000000,140048671829,140097344329,48671829,48672500,97344329,YES
651,652,29,145000000000,145048710492,145097421798,48710492,48711306,97421798,YES
651,652,30,150000000000,150048761196,150097523348,48761196,48762152,97523348,YES
651,652,31,155000000000,155048824324,155097649744,48824324,48825420,97649744,YES
651,652,32,160000000000,160048900183,160097801603,48900183,48901420,97801603,YES
651,652,33,165000000000,165048989004,165097979384,48989004,48990380,97979384,YES
651,652,34,170000000000,170049090904,170098183322,49090904,49092418,98183322,YES
651,652,35,175000000000,175049205953,175099058447,49205953,49852494,99058447,YES
651,652,36,180000000000,180049334096,180098669963,49334096,49335867,98669963,YES
651,652,37,185000000000,185049475204,185109603559,49475204,60128355,109603559,YES
651,652,38,190000000000,190049629063,190190850728,49629063,141221665,190850728,YES
651,652,39,195000000000,195049795369,195099592842,49795369,49797473,99592842,YES
651,652,40,200000000000,200049973750,200099949699,49973750,49975949,99949699,YES
651,652,41,205000000000,205050163749,205100329805,50163749,50166056,100329805,YES
651,652,42,210000000000,210050364864,210100732112,50364864,50367248,100732112,YES
651,652,43,215000000000,215050576522,215101155506,50576522,50578984,101155506,YES
651,652,44,220000000000,220067257810,220118059236,67257810,50801426,118059236,YES
651,652,45,225000000000,225051432261,225106808576,51432261,55376315,106808576,YES
651,652,46,230000000000,230051302321,230102607318,51302321,51304997,102607318,YES
651,652,47,235000000000,235051550020,235103102795,51550020,51552775,103102795,YES
651,652,48,240000000000,240051805177,240103711434,51805177,51906257,103711434,YES
651,652,49,245000000000,245077616547,245149819659,77616547,72203112,149819659,YES
651,652,50,250000000000,250041928903,250083684143,41928903,41755240,83684143,YES
651,652,51,255000000000,255045938576,255091875003,45938576,45936427,91875003,YES
651,652,52,260000000000,260045829349,260091656599,45829349,45827250,91656599,YES
651,652,53,265000000000,265045760212,265091518374,45760212,45758162,91518374,YES
651,652,54,270000000000,270045663896,270091325801,45663896,45661905,91325801,YES
651,652,55,275000000000,275045573958,275091146001,45573958,45572043,91146001,YES
651,652,56,280000000000,280048581029,280094069565,48581029,45488536,94069565,YES
651,652,57,285000000000,285050594444,285096005941,50594444,45411497,96005941,YES
651,652,58,290000000000,290045342792,290090683874,45342792,45341082,90683874,YES
651,652,59,295000000000,295045278833,295090556037,45278833,45277204,90556037,YES
651,652,60,300000000000,300040649306,300081297264,40649306,40647958,81297264,YES
651,652,61,305000000000,305040476768,305080952271,40476768,40475503,80952271,YES
651,652,62,310000000000,310040313570,310083660408,40313570,43346838,83660408,YES
651,652,63,315000000000,315043346469,315083505442,43346469,40158973,83505442,YES
651,652,64,320000000000,320040016921,320080032860,40016921,40015939,80032860,YES
651,652,65,325000000000,325039884258,325079767635,39884258,39883377,79767635,YES
651,652,66,330000000000,330039762473,330079524158,39762473,39761685,79524158,YES
651,652,67,335000000000,335039651817,335079302948,39651817,39651131,79302948,YES
651,652,68,340000000000,340039552477,340079104369,39552477,39551892,79104369,YES
651,652,69,345000000000,345037466156,345076044078,37466156,38577922,76044078,YES
651,652,70,350000000000,350039255363,350076703145,39255363,37447782,76703145,YES
651,652,71,355000000000,355048601342,355097202587,48601342,48601245,97202587,YES
651,652,72,360000000000,360048584399,360097168799,48584399,48584400,97168799,YES
651,652,73,365000000000,365048576415,365097152935,48576415,48576520,97152935,YES
651,652,74,370000000000,370048578055,370097454510,48578055,48876455,97454510,YES
651,652,75,375000000000,375049157343,375097747678,49157343,48590335,97747678,YES
651,652,76,380000000000,380048612880,380097226233,48612880,48613353,97226233,YES
651,652,77,385000000000,385048647361,385097295325,48647361,48647964,97295325,YES
651,652,78,390000000000,390048694026,390097388792,48694026,48694766,97388792,YES
651,652,79,395000000000,395048753399,395098315841,48753399,49562442,98315841,YES
651,652,80,400000000000,400048825931,400097652879,48825931,48826948,97652879,YES
651,652,81,405000000000,405048911969,405097825095,48911969,48913126,97825095,YES
651,652,82,410000000000,410049011753,410105887411,49011753,56875658,105887411,YES
651,652,83,415000000000,415049125411,415103919836,49125411,54794425,103919836,YES
651,652,84,420000000000,420049252925,420098507415,49252925,49254490,98507415,YES
651,652,85,425000000000,425049394155,425098790006,49394155,49395851,98790006,YES
651,652,86,430000000000,430049548849,430099099516,49548849,49550667,99099516,YES
651,652,87,435000000000,435049716626,435099435191,49716626,49718565,99435191,YES
651,652,88,440000000000,440050978380,440100877479,50978380,49899099,100877479,YES
651,652,89,445000000000,445050089454,445100181056,50089454,50091602,100181056,YES
651,652,90,450000000000,450051881359,450102210573,51881359,50329214,102210573,YES
651,652,91,455000000000,455050541514,455101085358,50541514,50543844,101085358,YES
651,652,92,460000000000,460071132014,460145337435,71132014,74205421,145337435,YES
651,652,93,465000000000,465071217046,465146212750,71217046,74995704,146212750,YES
651,652,94,470000000000,470072708750,470147778882,72708750,75070132,147778882,YES
651,652,95,475000000000,475072499034,475143918683,72499034,71419649,143918683,YES
651,652,96,480000000000,480071532010,480143813499,71532010,72281489,143813499,YES
651,652,97,485000000000,485071654855,485143311831,71654855,71656976,143311831,YES
651,652,98,490000000000,490071785648,490144793107,71785648,73007459,144793107,YES
651,652,99,495000000000,495045648923,495091295820,45648923,45646897,91295820,YES
651,652,100,500000000000,500047013633,500092598705,47013633,45585072,92598705,YES
651,652,101,505000000000,505046229725,505091725785,46229725,45496060,91725785,YES
651,652,102,510000000000,510045415220,510090828603,45415220,45413383,90828603,YES
651,652,103,515000000000,515045338842,515092580404,45338842,47241562,92580404,YES
651,652,104,520000000000,520045268852,520090536016,45268852,45267164,90536016,YES
651,652,105,525000000000,525045205312,525090409011,45205312,45203699,90409011,YES
651,652,106,530000000000,530045148309,530090295082,45148309,45146773,90295082,YES
651,652,107,535000000000,535041554518,535083108368,41554518,41553850,83108368,YES
651,652,108,540000000000,540040817918,540081266228,40817918,40448310,81266228,YES
651,652,109,545000000000,545040385937,545080678494,40385937,40292557,80678494,YES
651,652,110,550000000000,550040147460,550080293909,40147460,40146449,80293909,YES
651,652,111,555000000000,555040011255,555080021592,40011255,40010337,80021592,YES
651,652,112,560000000000,560039885350,560079769878,39885350,39884528,79769878,YES
651,652,113,565000000000,565037788202,565075576217,37788202,37788015,75576217,YES
651,652,114,570000000000,570037694506,570076075342,37694506,38380836,76075342,YES
651,652,115,575000000000,575037609057,575075218103,37609057,37609046,75218103,YES
651,652,116,580000000000,580037532071,580075064220,37532071,37532149,75064220,YES
651,652,117,585000000000,585049975044,585098840042,49975044,48864998,98840042,YES
651,652,118,590000000000,590048846505,590097693011,48846505,48846506,97693011,YES
651,652,119,595000000000,595048836490,595097673085,48836490,48836595,97673085,YES
651,652,120,600000000000,600048835682,600097671575,48835682,48835893,97671575,YES
651,652,121,605000000000,605048844724,605097689777,48844724,48845053,97689777,YES
651,652,122,610000000000,610049507246,610098371950,49507246,48864704,98371950,YES
651,652,123,615000000000,615048975354,615097870830,48975354,48895476,97870830,YES
651,652,124,620000000000,620048937247,620097875197,48937247,48937950,97875197,YES
651,652,125,625000000000,625048991835,625097984510,48991835,48992675,97984510,YES
651,652,126,630000000000,630049059137,630098119247,49059137,49060110,98119247,YES
651,652,127,635000000000,635049139560,635098280227,49139560,49140667,98280227,YES
651,652,128,640000000000,640049233389,640098468024,49233389,49234635,98468024,YES
651,652,129,645000000000,645049340811,645098683003,49340811,49342192,98683003,YES
651,652,130,650000000000,650049461894,650098925300,49461894,49463406,98925300,YES
651,652,131,655000000000,655049596587,655099194812,49596587,49598225,99194812,YES
651,652,132,660000000000,660049744707,660099491176,49744707,49746469,99491176,YES
651,652,133,665000000000,665049905966,665099813806,49905966,49907840,99813806,YES
651,652,134,670000000000,670053267316,670103417756,53267316,50150440,103417756,YES
651,652,135,675000000000,675071005512,675142695643,71005512,71690131,142695643,YES
651,652,136,680000000000,680071056733,680142114691,71056733,71057958,142114691,YES
651,652,137,685000000000,685073969974,685145082201,73969974,71112227,145082201,YES
651,652,138,690000000000,690071176978,690142355445,71176978,71178467,142355445,YES
651,652,139,695000000000,695041468824,695082866676,41468824,41397852,82866676,YES
651,652,140,700000000000,700041368366,700082736351,41368366,41367985,82736351,YES
651,652,141,705000000000,705041349310,705082698327,41349310,41349017,82698327,YES
651,652,142,710000000000,710041340672,710082681136,41340672,41340464,82681136,YES
651,652,143,715000000000,715041341947,715082683771,41341947,41341824,82683771,YES
651,652,144,720000000000,720041352612,720082705183,41352612,41352571,82705183,YES
651,652,145,725000000000,725041372128,725082744307,41372128,41372179,82744307,YES
651,652,146,730000000000,730041713380,730083113505,41713380,41400125,83113505,YES
651,652,147,735000000000,735041435718,735082871635,41435718,41435917,82871635,YES
651,652,148,740000000000,740041512368,740083025004,41512368,41512636,83025004,YES
651,652,149,745000000000,745041562292,745083124913,41562292,41562621,83124913,YES
651,652,150,750000000000,750041618632,750083237651,41618632,41619019,83237651,YES
651,652,151,755000000000,755047676855,755093425882,47676855,45749027,93425882,YES
651,652,152,760000000000,760041770258,760083539543,41770258,41769285,83539543,YES
651,652,153,765000000000,765041710476,765083420043,41710476,41709567,83420043,YES
651,652,154,770000000000,770041659420,770083317996,41659420,41658576,83317996,YES
651,652,155,775000000000,775041617293,775083233814,41617293,41616521,83233814,YES
651,652,156,780000000000,780041584279,780083167861,41584279,41583582,83167861,YES
651,652,157,785000000000,785041560543,785137181549,41560543,95621006,137181549,YES
651,652,158,790000000000,790041546215,790084288130,41546215,42741915,84288130,YES
651,652,159,795000000000,795040381699,795080762348,40381699,40380649,80762348,YES
651,652,160,800000000000,800040254470,800080507985,40254470,40253515,80507985,YES
651,652,161,805000000000,805040137259,805080872134,40137259,40734875,80872134,YES
651,652,162,810000000000,810049524095,810101110640,49524095,51586545,101110640,YES
651,652,163,815000000000,815049488677,815098977239,49488677,49488562,98977239,YES
651,652,164,820000000000,820049460205,820098920383,49460205,49460178,98920383,YES
651,652,165,825000000000,825049439170,825098878416,49439170,49439246,98878416,YES
651,652,166,830000000000,830049426092,830098852365,49426092,49426273,98852365,YES
651,652,167,835000000000,835049421493,835098843278,49421493,49421785,98843278,YES
651,652,168,840000000000,840049425900,840098852210,49425900,49426310,98852210,YES
651,652,169,845000000000,845049439816,845098880178,49439816,49440362,98880178,YES
651,652,170,850000000000,850050041307,850099505756,50041307,49464449,99505756,YES
651,652,171,855000000000,855049498267,855098997328,49498267,49499061,98997328,YES
651,652,172,860000000000,860049543710,860099088343,49543710,49544633,99088343,YES
651,652,173,865000000000,865049600527,865099202107,49600527,49601580,99202107,YES
651,652,174,870000000000,870049669081,870099339345,49669081,49670264,99339345,YES
651,652,175,875000000000,875049749669,875100686247,49749669,50936578,100686247,YES
651,652,176,880000000000,880049842535,880099686504,49842535,49843969,99686504,YES
651,652,177,885000000000,885049947854,885099897266,49947854,49949412,99897266,YES
651,652,178,890000000000,890050065720,890100133116,50065720,50067396,100133116,YES
651,652,179,895000000000,895050196163,895100394125,50196163,50197962,100394125,YES
651,652,180,900000000000,900079780413,900158770297,79780413,78989884,158770297,YES
651,652,181,905000000000,905071369854,905150939867,71369854,79570013,150939867,YES
651,652,182,910000000000,910041110168,910082219549,41110168,41109381,82219549,YES
651,652,183,915000000000,915041016490,915082032289,41016490,41015799,82032289,YES
651,652,184,920000000000,920040936042,920081871488,40936042,40935446,81871488,YES
651,652,185,925000000000,925040868729,925081736962,40868729,40868233,81736962,YES
651,652,186,930000000000,930040814344,930081628292,40814344,40813948,81628292,YES
651,652,187,935000000000,935040772570,935081544834,40772570,40772264,81544834,YES
651,652,188,940000000000,940040742980,940082237892,40742980,41494912,82237892,YES
651,652,189,945000000000,945040725086,945081450046,40725086,40724960,81450046,YES
651,652,190,950000000000,950040718331,950081436615,40718331,40718284,81436615,YES
651,652,191,955000000000,955040722129,955081444291,40722129,40722162,81444291,YES
651,652,192,960000000000,960040735868,960087437772,40735868,46701904,87437772,YES
651,652,193,965000000000,965040758936,965086951786,40758936,46192850,86951786,YES
651,652,194,970000000000,970040790716,970081581681,40790716,40790965,81581681,YES
651,652,195,975000000000,975040830616,975081661543,40830616,40830927,81661543,YES
651,652,196,980000000000,980040878061,980081756499,40878061,40878438,81756499,YES
651,652,197,985000000000,985040932515,985081865475,40932515,40932960,81865475,YES
651,652,198,990000000000,990040993465,990084240906,40993465,43247441,84240906,YES
651,652,199,995000000000,995045198754,995090395817,45198754,45197063,90395817,YES
651,652,200,1000000000000,1000045701629,1000090833427,45701629,45131798,90833427,YES
651,652,201,1005000000000,1005041652790,1005083547644,41652790,41894854,83547644,YES
651,652,202,1010000000000,1010041617200,1010088286726,41617200,46669526,88286726,YES
651,652,203,1015000000000,1015041590840,1015083181052,41590840,41590212,83181052,YES
651,652,204,1020000000000,1020041573832,1020083147113,41573832,41573281,83147113,YES
651,652,205,1025000000000,1025041566261,1025083132048,41566261,41565787,83132048,YES
651,652,206,1030000000000,1030041568179,1030083135967,41568179,41567788,83135967,YES
651,652,207,1035000000000,1035041579610,1035084153858,41579610,42574248,84153858,YES
651,652,208,1040000000000,1040041634138,1040085520375,41634138,43886237,85520375,YES
651,652,209,1045000000000,1045038096105,1045076192005,38096105,38095900,76192005,YES
651,652,210,1050000000000,1050038001307,1050076002489,38001307,38001182,76002489,YES
651,652,211,1055000000000,1055049542144,1055099084097,49542144,49541953,99084097,YES
651,652,212,1060000000000,1060049513998,1060099027886,49513998,49513888,99027886,YES
651,652,213,1065000000000,1065049493020,1065098986019,49493020,49492999,98986019,YES
651,652,214,1070000000000,1070049479731,1070098959533,49479731,49479802,98959533,YES
651,652,215,1075000000000,1075049474654,1075160604322,49474654,111129668,160604322,YES
651,652,216,1080000000000,1080049478371,1080098957031,49478371,49478660,98957031,YES
651,652,217,1085000000000,1085049491427,1085098983254,49491427,49491827,98983254,YES
651,652,218,1090000000000,1090049514387,1090099029282,49514387,49514895,99029282,YES
651,652,219,1095000000000,1095049547795,1095099096214,49547795,49548419,99096214,YES
651,652,220,1100000000000,1100049592173,1100099185089,49592173,49592916,99185089,YES
651,652,221,1105000000000,1105055977142,1105105626107,55977142,49648965,105626107,YES
651,652,222,1110000000000,1110056554067,1110106270909,56554067,49716842,106270909,YES
651,652,223,1115000000000,1115073757786,1115145249932,73757786,71492146,145249932,YES
651,652,224,1120000000000,1120070890011,1120141780833,70890011,70890822,141780833,YES
651,652,225,1125000000000,1125071418028,1125142329637,71418028,70911609,142329637,YES
651,652,226,1130000000000,1130070941283,1130141882826,70941283,70941543,141882826,YES
651,652,227,1135000000000,1135075553353,1135146472272,75553353,70918919,146472272,YES
651,652,228,1140000000000,1140041332760,1140082664378,41332760,41331618,82664378,YES
651,652,229,1145000000000,1145041213858,1145082426671,41213858,41212813,82426671,YES
651,652,230,1150000000000,1150041242716,1150082349865,41242716,41107149,82349865,YES
651,652,231,1155000000000,1155041015610,1155082030377,41015610,41014767,82030377,YES
651,652,232,1160000000000,1160040936386,1160081872030,40936386,40935644,81872030,YES
651,652,233,1165000000000,1165040870307,1165081739979,40870307,40869672,81739979,YES
651,652,234,1170000000000,1170040817153,1170081633771,40817153,40816618,81633771,YES
651,652,235,1175000000000,1175040776590,1175081552749,40776590,40776159,81552749,YES
651,652,236,1180000000000,1180040748209,1180081496085,40748209,40747876,81496085,YES
651,652,237,1185000000000,1185040731520,1185081462805,40731520,40731285,81462805,YES
651,652,238,1190000000000,1190040725993,1190081451847,40725993,40725854,81451847,YES
651,652,239,1195000000000,1195042109134,1195082840149,42109134,40731015,82840149,YES
652,653,0,0,71378596,142761470,71378596,71382874,142761470,YES
652,653,1,5000000000,5071643680,5143291755,71643680,71648075,143291755,YES
652,653,2,10000000000,10076276953,10152555527,76276953,76278574,152555527,YES
652,653,3,15000000000,15076393344,15152788442,76393344,76395098,152788442,YES
652,653,4,20000000000,20078149194,20157008582,78149194,78859388,157008582,YES
652,653,5,25000000000,25076650419,25155200630,76650419,78550211,155200630,YES
652,653,6,30000000000,30076789958,30182604915,76789958,105814957,182604915,YES
652,653,7,35000000000,35076936155,35153874501,76936155,76938346,153874501,YES
652,653,8,40000000000,40053351553,40106703603,53351553,53352050,106703603,YES
652,653,9,45000000000,45048740101,45097478256,48740101,48738155,97478256,YES
652,653,10,50000000000,50048607139,50098017278,48607139,49410139,98017278,YES
652,653,11,55000000000,55051152080,55100499110,51152080,49347030,100499110,YES
652,653,12,60000000000,60048368869,60096736043,48368869,48367174,96736043,YES
652,653,13,65000000000,65048263979,65096526354,48263979,48262375,96526354,YES
652,653,14,70000000000,70048168812,70096336108,48168812,48167296,96336108,YES
652,653,15,75000000000,75048083473,75096165522,48083473,48082049,96165522,YES
652,653,16,80000000000,80048008035,80096014743,48008035,48006708,96014743,YES
652,653,17,85000000000,85047991451,85095932741,47991451,47941290,95932741,YES
652,653,18,90000000000,90049748634,90100553894,49748634,50805260,100553894,YES
652,653,19,95000000000,95050442541,95102988402,50442541,52545861,102988402,YES
652,653,20,100000000000,100074617075,100151611984,74617075,76994909,151611984,YES
652,653,21,105000000000,105075305051,105149842305,75305051,74537254,149842305,YES
652,653,22,110000000000,110074466326,110149917150,74466326,75450824,149917150,YES
652,653,23,115000000000,115074404879,115179269157,74404879,104864278,179269157,YES
652,653,24,120000000000,120068939580,120137879318,68939580,68939738,137879318,YES
652,653,25,125000000000,125076537676,125145461201,76537676,68923525,145461201,YES
652,653,26,130000000000,130068914343,130137829033,68914343,68914690,137829033,YES
652,653,27,135000000000,135068913350,135137827152,68913350,68913802,137827152,YES
652,653,28,140000000000,140068920993,140137842553,68920993,68921560,137842553,YES
652,653,29,145000000000,145068937978,145137876651,68937978,68938673,137876651,YES
652,653,30,150000000000,150068965049,150137930928,68965049,68965879,137930928,YES
652,653,31,155000000000,155069002957,155138006880,69002957,69003923,138006880,YES
652,653,32,160000000000,160069640875,160138723257,69640875,69082382,138723257,YES
652,653,33,165000000000,165069114226,165138229741,69114226,69115515,138229741,YES
652,653,34,170000000000,170069188988,170138379446,69188988,69190458,138379446,YES
652,653,35,175000000000,175069277303,175138988179,69277303,69710876,138988179,YES
652,653,36,180000000000,180069379672,180138761198,69379672,69381526,138761198,YES
652,653,37,185000000000,185168661881,185238316435,168661881,69654554,238316435,YES
652,653,38,190000000000,190154799755,190224432181,154799755,69632426,224432181,YES
652,653,39,195000000000,195069773840,195139550134,69773840,69776294,139550134,YES
652,653,40,200000000000,200075605460,200145696316,75605460,70090856,145696316,YES
652,653,41,205000000000,205070109237,205140221344,70109237,70112107,140221344,YES
652,653,42,210000000000,210070297908,210140598880,70297908,70300972,140598880,YES
652,653,43,215000000000,215070499868,215141003001,70499868,70503133,141003001,YES
652,653,44,220000000000,220070714486,220141432428,70714486,70717942,141432428,YES
652,653,45,225000000000,225070974644,225141952917,70974644,70978273,141952917,YES
652,653,46,230000000000,230071212385,230142428581,71212385,71216196,142428581,YES
652,653,47,235000000000,235071460524,235142925015,71460524,71464491,142925015,YES
652,653,48,240000000000,240071718272,240143440671,71718272,71722399,143440671,YES
652,653,49,245000000000,245076437987,245158119774,76437987,81681787,158119774,YES
652,653,50,250000000000,250076547777,250153097013,76547777,76549236,153097013,YES
652,653,51,255000000000,255076666485,255153334577,76666485,76668092,153334577,YES
652,653,52,260000000000,260076793480,260157370937,76793480,80577457,157370937,YES
652,653,53,265000000000,265076961755,265155336060,76961755,78374305,155336060,YES
652,653,54,270000000000,270077103559,270154209147,77103559,77105588,154209147,YES
652,653,55,275000000000,275077251981,275154506104,77251981,77254123,154506104,YES
652,653,56,280000000000,280077406558,280154815381,77406558,77408823,154815381,YES
652,653,57,285000000000,285053384724,285108192356,53384724,54807632,108192356,YES
652,653,58,290000000000,290053366388,290112269616,53366388,58903228,112269616,YES
652,653,59,295000000000,295053354939,295106710474,53354939,53355535,106710474,YES
652,653,60,300000000000,300048779047,300097556263,48779047,48777216,97556263,YES
652,653,61,305000000000,305048658850,305097315946,48658850,48657096,97315946,YES
652,653,62,310000000000,310050595514,310099141324,50595514,48545810,99141324,YES
652,653,63,315000000000,315048445236,315100706072,48445236,52260836,100706072,YES
652,653,64,320000000000,320048352125,320096702759,48352125,48350634,96702759,YES
652,653,65,325000000000,325048268298,325096535195,48268298,48266897,96535195,YES
652,653,66,330000000000,330048193824,330096386339,48193824,48192515,96386339,YES
652,653,67,335000000000,335074987487,335155247781,74987487,80260294,155247781,YES
652,653,68,340000000000,340077237837,340158698002,77237837,81460165,158698002,YES
652,653,69,345000000000,345069069290,345140572702,69069290,71503412,140572702,YES
652,653,70,350000000000,350069034949,350141831149,69034949,72796200,141831149,YES
652,653,71,355000000000,355069006185,355138012548,69006185,69006363,138012548,YES
652,653,72,360000000000,360068983491,360137967266,68983491,68983775,137967266,YES
652,653,73,365000000000,365068967396,365137935179,68967396,68967783,137935179,YES
652,653,74,370000000000,370068958500,370137917495,68958500,68958995,137917495,YES
652,653,75,375000000000,375068957420,375137915455,68957420,68958035,137915455,YES
652,653,76,380000000000,380068964837,380137930416,68964837,68965579,137930416,YES
652,653,77,385000000000,385068981467,385137963816,68981467,68982349,137963816,YES
652,653,78,390000000000,390070414514,390139442817,70414514,69028303,139442817,YES
652,653,79,395000000000,395069045373,395138091922,69045373,69046549,138091922,YES
652,653,80,400000000000,400069094158,400138189673,69094158,69095515,138189673,YES
652,653,81,405000000000,405069155172,405138311893,69155172,69156721,138311893,YES
652,653,82,410000000000,410070936225,410140167100,70936225,69230875,140167100,YES
652,653,83,415000000000,415074942360,415144260972,74942360,69318612,144260972,YES
652,653,84,420000000000,420069418073,420138838282,69418073,69420209,138838282,YES
652,653,85,425000000000,425069534007,425139070356,69534007,69536349,139070356,YES
652,653,86,430000000000,430069664606,430139331760,69664606,69667154,139331760,YES
652,653,87,435000000000,435070257659,435140070364,70257659,69812705,140070364,YES
652,653,88,440000000000,440069969901,440139942759,69969901,69972858,139942759,YES
652,653,89,445000000000,445070144232,445140291624,70144232,70147392,140291624,YES
652,653,90,450000000000,450070366125,450141880982,70366125,71514857,141880982,YES
652,653,91,455000000000,455070567825,455141139186,70567825,70571361,141139186,YES
652,653,92,460000000000,460079520346,460155017926,79520346,75497580,155017926,YES
652,653,93,465000000000,465079949025,465155506365,79949025,75557340,155506365,YES
652,653,94,470000000000,470079604649,470155349956,79604649,75745307,155349956,YES
652,653,95,475000000000,475075712785,475152802804,75712785,77090019,152802804,YES
652,653,96,480000000000,480075808131,480151617726,75808131,75809595,151617726,YES
652,653,97,485000000000,485075913883,485151829381,75913883,75915498,151829381,YES
652,653,98,490000000000,490078248348,490154279462,78248348,76031114,154279462,YES
652,653,99,495000000000,495077783132,495153938747,77783132,76155615,153938747,YES
652,653,100,500000000000,500076319948,500152915066,76319948,76595118,152915066,YES
652,653,101,505000000000,505077671759,505154134255,77671759,76462496,154134255,YES
652,653,102,510000000000,510077462845,510156648610,77462845,79185765,156648610,YES
652,653,103,515000000000,515076761877,515153526105,76761877,76764228,153526105,YES
652,653,104,520000000000,520076922070,520153846582,76922070,76924512,153846582,YES
652,653,105,525000000000,525080809537,525157900154,80809537,77090617,157900154,YES
652,653,106,530000000000,530078947461,530156209291,78947461,77261830,156209291,YES
652,653,107,535000000000,535078501617,535157006766,78501617,78505149,157006766,YES
652,653,108,540000000000,540082137872,540163203938,82137872,81066066,163203938,YES
652,653,109,545000000000,545048694804,545097387990,48694804,48693186,97387990,YES
652,653,110,550000000000,550048597549,550097193560,48597549,48596011,97193560,YES
652,653,111,555000000000,555048509043,555097016641,48509043,48507598,97016641,YES
652,653,112,560000000000,560075277415,560150554136,75277415,75276721,150554136,YES
652,653,113,565000000000,565071976937,565141409186,71976937,69432249,141409186,YES
652,653,114,570000000000,570069387876,570138775676,69387876,69387800,138775676,YES
652,653,115,575000000000,575069347918,575138695830,69347918,69347912,138695830,YES
652,653,116,580000000000,580069312924,580138625914,69312924,69312990,138625914,YES
652,653,117,585000000000,585069283313,585138566758,69283313,69283445,138566758,YES
652,653,118,590000000000,590069259552,590138519325,69259552,69259773,138519325,YES
652,653,119,595000000000,595069242163,595138484644,69242163,69242481,138484644,YES
652,653,120,600000000000,600069231706,600138463836,69231706,69232130,138463836,YES
652,653,121,605000000000,605069228793,605138458129,69228793,69229336,138458129,YES
652,653,122,610000000000,610069234070,610138468811,69234070,69234741,138468811,YES
652,653,123,615000000000,615069248240,615138497284,69248240,69249044,138497284,YES
652,653,124,620000000000,620069272013,620138544989,69272013,69272976,138544989,YES
652,653,125,625000000000,625069306164,625138613449,69306164,69307285,138613449,YES
652,653,126,630000000000,630069351426,630138704137,69351426,69352711,138704137,YES
652,653,127,635000000000,635070951266,635140361295,70951266,69410029,140361295,YES
652,653,128,640000000000,640069478205,640138958061,69478205,69479856,138958061,YES
652,653,129,645000000000,645069561060,645139123967,69561060,69562907,139123967,YES
652,653,130,650000000000,650069657642,650139317338,69657642,69659696,139317338,YES
652,653,131,655000000000,655069768384,655139539021,69768384,69770637,139539021,YES
652,653,132,660000000000,660069893560,660139789581,69893560,69896021,139789581,YES
652,653,133,665000000000,665070033308,665140069285,70033308,70035977,140069285,YES
652,653,134,670000000000,670070187586,670147022237,70187586,76834651,147022237,YES
652,653,135,675000000000,675079204182,675154654817,79204182,75450635,154654817,YES
652,653,136,680000000000,680075467087,680150934368,75467087,75467281,150934368,YES
652,653,137,685000000000,685075491707,685154275483,75491707,78783776,154275483,YES
652,653,138,690000000000,690075530590,690151169183,75530590,75638593,151169183,YES
652,653,139,695000000000,695076990804,695152574753,76990804,75583949,152574753,YES
652,653,140,700000000000,700080677158,700156326801,80677158,75649643,156326801,YES
652,653,141,705000000000,705077950475,705153677874,77950475,75727399,153677874,YES
652,653,142,710000000000,710078981708,710154884722,78981708,75903014,154884722,YES
652,653,143,715000000000,715085138021,715161054643,85138021,75916622,161054643,YES
652,653,144,720000000000,720080728684,720157263275,80728684,76534591,157263275,YES
652,653,145,725000000000,725080212159,725156357405,80212159,76145246,156357405,YES
652,653,146,730000000000,730080272271,730159329849,80272271,79057578,159329849,YES
652,653,147,735000000000,735076405934,735152813964,76405934,76408030,152813964,YES
652,653,148,740000000000,740076582126,740153166456,76582126,76584330,153166456,YES
652,653,149,745000000000,745076731522,745153465336,76731522,76733814,153465336,YES
652,653,150,750000000000,750076887206,750171427368,76887206,94540162,171427368,YES
652,653,151,755000000000,755077048738,755154411585,77048738,77362847,154411585,YES
652,653,152,760000000000,760078259908,760156522642,78259908,78262734,156522642,YES
652,653,153,765000000000,765078488909,765156980812,78488909,78491903,156980812,YES
652,653,154,770000000000,770078725035,770157453226,78725035,78728191,157453226,YES
652,653,155,775000000000,775078968077,775157939476,78968077,78971399,157939476,YES
652,653,156,780000000000,780079217830,780158439170,79217830,79221340,158439170,YES
652,653,157,785000000000,785052802918,785105606209,52802918,52803291,105606209,YES
652,653,158,790000000000,790052741553,790105483572,52741553,52742019,105483572,YES
652,653,159,795000000000,795050317583,795100633850,50317583,50316267,100633850,YES
652,653,160,800000000000,800050160192,800100319165,50160192,50158973,100319165,YES
652,653,161,805000000000,805050009947,805100018758,50009947,50008811,100018758,YES
652,653,162,810000000000,810056009896,810111834899,56009896,55825003,111834899,YES
652,653,163,815000000000,815055666304,815111330673,55666304,55664369,111330673,YES
652,653,164,820000000000,820055510898,820111019911,55510898,55509013,111019911,YES
652,653,165,825000000000,825055361231,825110720631,55361231,55359400,110720631,YES
652,653,166,830000000000,830055217777,830110433799,55217777,55216022,110433799,YES
652,653,167,835000000000,835055081045,835110160402,55081045,55079357,110160402,YES
652,653,168,840000000000,840054951577,840109901549,54951577,54949972,109901549,YES
652,653,169,845000000000,845055221217,845110049625,55221217,54828408,110049625,YES
652,653,170,850000000000,850055761239,850110476510,55761239,54715271,110476510,YES
652,653,171,855000000000,855054612563,855109223787,54612563,54611224,109223787,YES
652,653,172,860000000000,860054518046,860109034851,54518046,54516805,109034851,YES
652,653,173,865000000000,865054433798,865108866462,54433798,54432664,108866462,YES
652,653,174,870000000000,870069636399,870139273813,69636399,69637414,139273813,YES
652,653,175,875000000000,875070133483,875139811051,70133483,69677568,139811051,YES
652,653,176,880000000000,880069727548,880139456443,69727548,69728895,139456443,YES
652,653,177,885000000000,885069790558,885139582643,69790558,69792085,139582643,YES
652,653,178,890000000000,890069866066,890139733845,69866066,69867779,139733845,YES
652,653,179,895000000000,895069954633,895139911177,69954633,69956544,139911177,YES
652,653,180,900000000000,900088861862,900171711336,88861862,82849474,171711336,YES
652,653,181,905000000000,905089655877,905165116852,89655877,75460975,165116852,YES
652,653,182,910000000000,910075438474,910150876377,75438474,75437903,150876377,YES
652,653,183,915000000000,915075412796,915150825265,75412796,75412469,150825265,YES
652,653,184,920000000000,920075402457,920150804829,75402457,75402372,150804829,YES
652,653,185,925000000000,925077215065,925156870974,77215065,79655909,156870974,YES
652,653,186,930000000000,930075426994,930152894369,75426994,77467375,152894369,YES
652,653,187,935000000000,935075461124,935151807118,75461124,76345994,151807118,YES
652,653,188,940000000000,940075509134,940206567059,75509134,131057925,206567059,YES
652,653,189,945000000000,945075570398,945151141822,75570398,75571424,151141822,YES
652,653,190,950000000000,950075644234,950151289683,75644234,75645449,151289683,YES
652,653,191,955000000000,955075729917,955151461229,75729917,75731312,151461229,YES
652,653,192,960000000000,960075826719,960151655000,75826719,75828281,151655000,YES
652,653,193,965000000000,965075933915,965232572612,75933915,156638697,232572612,YES
652,653,194,970000000000,970076601986,970156980585,76601986,80378599,156980585,YES
652,653,195,975000000000,975076176678,975158584628,76176678,82407950,158584628,YES
652,653,196,980000000000,980076310933,980153264866,76310933,76953933,153264866,YES
652,653,197,985000000000,985076452949,985152908162,76452949,76455213,152908162,YES
652,653,198,990000000000,990076602176,990153206724,76602176,76604548,153206724,YES
652,653,199,995000000000,995076791716,995153585887,76791716,76794171,153585887,YES
652,653,200,1000000000000,1000076953863,1000153910294,76953863,76956431,153910294,YES
652,653,201,1005000000000,1005078389629,1005156782473,78389629,78392844,156782473,YES
652,653,202,1010000000000,1010081033036,1010159665832,81033036,78632796,159665832,YES
652,653,203,1015000000000,1015078876223,1015158439136,78876223,79562913,158439136,YES
652,653,204,1020000000000,1020052546628,1020105093675,52546628,52547047,105093675,YES
652,653,205,1025000000000,1025052485943,1025104972397,52485943,52486454,104972397,YES
652,653,206,1030000000000,1030052431779,1030104864154,52431779,52432375,104864154,YES
652,653,207,1035000000000,1035052384195,1035104769070,52384195,52384875,104769070,YES
652,653,208,1040000000000,1040052376845,1040104754453,52376845,52377608,104754453,YES
652,653,209,1045000000000,1045055625129,1045111248313,55625129,55623184,111248313,YES
652,653,210,1050000000000,1050055465237,1050110928578,55465237,55463341,110928578,YES
652,653,211,1055000000000,1055055310909,1055111192483,55310909,55881574,111192483,YES
652,653,212,1060000000000,1060055162637,1060110323508,55162637,55160871,110323508,YES
652,653,213,1065000000000,1065055020945,1065110040187,55020945,55019242,110040187,YES
652,653,214,1070000000000,1070054886388,1070109771154,54886388,54884766,109771154,YES
652,653,215,1075000000000,1075093522922,1075148279999,93522922,54757077,148279999,YES
652,653,216,1080000000000,1080054641100,1080109280747,54641100,54639647,109280747,YES
652,653,217,1085000000000,1085055526499,1085110056743,55526499,54530244,110056743,YES
652,653,218,1090000000000,1090054431820,1090114472045,54431820,60040225,114472045,YES
652,653,219,1095000000000,1095054342326,1095108786212,54342326,54443886,108786212,YES
652,653,220,1100000000000,1100062438344,1100116777773,62438344,54339429,116777773,YES
652,653,221,1105000000000,1105054196844,1105108392752,54196844,54195908,108392752,YES
652,653,222,1110000000000,1110054142043,1110109046963,54142043,54904920,109046963,YES
652,653,223,1115000000000,1115048637363,1115103364260,48637363,54726897,103364260,YES
652,653,224,1120000000000,1120048523872,1120097046120,48523872,48522248,97046120,YES
652,653,225,1125000000000,1125048423524,1125096845563,48423524,48422039,96845563,YES
652,653,226,1130000000000,1130048336578,1130096671806,48336578,48335228,96671806,YES
652,653,227,1135000000000,1135048263185,1135096525157,48263185,48261972,96525157,YES
652,653,228,1140000000000,1140048203357,1140096405643,48203357,48202286,96405643,YES
652,653,229,1145000000000,1145083199904,1145158712210,83199904,75512306,158712210,YES
652,653,230,1150000000000,1150075498322,1150150996497,75498322,75498175,150996497,YES
652,653,231,1155000000000,1155075498738,1155150997570,75498738,75498832,150997570,YES
652,653,232,1160000000000,1160076633560,1160152147639,76633560,75514079,152147639,YES
652,653,233,1165000000000,1165075542991,1165151086537,75542991,75543546,151086537,YES
652,653,234,1170000000000,1170075586002,1170151172774,75586002,75586772,151172774,YES
652,653,235,1175000000000,1175078406288,1175154049523,78406288,75643235,154049523,YES
652,653,236,1180000000000,1180076854737,1180152566951,76854737,75712214,152566951,YES
652,653,237,1185000000000,1185077908235,1185158248543,77908235,80340308,158248543,YES
652,653,238,1190000000000,1190077172419,1190153057731,77172419,75885312,153057731,YES
652,653,239,1195000000000,1195080551584,1195156539684,80551584,75988100,156539684,YES
653,654,0,0,69911301,139824176,69911301,69912875,139824176,YES
653,654,1,5000000000,5069908639,5139818977,69908639,69910338,139818977,YES
653,654,2,10000000000,10069914926,10139831671,69914926,69916745,139831671,YES
653,654,3,15000000000,15069930170,15139862269,69930170,69932099,139862269,YES
653,654,4,20000000000,20069954403,20139910836,69954403,69956433,139910836,YES
653,654,5,25000000000,25069987681,25139977483,69987681,69989802,139977483,YES
653,654,6,30000000000,30070030071,30140062343,70030071,70032272,140062343,YES
653,654,7,35000000000,35070081646,35140165576,70081646,70083930,140165576,YES
653,654,8,40000000000,40086744672,40173490567,86744672,86745895,173490567,YES
653,654,9,45000000000,45086854668,45173710722,86854668,86856054,173710722,YES
653,654,10,50000000000,50086976055,50173953680,86976055,86977625,173953680,YES
653,654,11,55000000000,55089091309,55177452128,89091309,88360819,177452128,YES
653,654,12,60000000000,60087253679,60174509271,87253679,87255592,174509271,YES
653,654,13,65000000000,65087409967,65174822026,87409967,87412059,174822026,YES
653,654,14,70000000000,70087577769,70175157812,87577769,87580043,175157812,YES
653,654,15,75000000000,75087756860,75175516153,87756860,87759293,175516153,YES
653,654,16,80000000000,80087946913,80175896423,87946913,87949510,175896423,YES
653,654,17,85000000000,85088147537,85176297847,88147537,88150310,176297847,YES
653,654,18,90000000000,90088358253,90177154373,88358253,88796120,177154373,YES
653,654,19,95000000000,95088578553,95180917067,88578553,92338514,180917067,YES
653,654,20,100000000000,100076036133,100152069829,76036133,76033696,152069829,YES
653,654,21,105000000000,105076009403,105152016267,76009403,76006864,152016267,YES
653,654,22,110000000000,110075980227,110151957989,75980227,75977762,151957989,YES
653,654,23,115000000000,115100036749,115175992697,100036749,75955948,175992697,YES
653,654,24,120000000000,120075943839,120151885405,75943839,75941566,151885405,YES
653,654,25,125000000000,125075936543,125151870926,75936543,75934383,151870926,YES
653,654,26,130000000000,130075936537,130151871037,75936537,75934500,151871037,YES
653,654,27,135000000000,135075943895,135151885881,75943895,75941986,151885881,YES
653,654,28,140000000000,140075958730,140151915696,75958730,75956966,151915696,YES
653,654,29,145000000000,145075981197,145151960783,75981197,75979586,151960783,YES
653,654,30,150000000000,150076011476,150152021525,76011476,76010049,152021525,YES
653,654,31,155000000000,155057218026,155114434589,57218026,57216563,114434589,YES
653,654,32,160000000000,160057094286,160114408614,57094286,57314328,114408614,YES
653,654,33,165000000000,165056913880,165113826601,56913880,56912721,113826601,YES
653,654,34,170000000000,170056777683,170113554357,56777683,56776674,113554357,YES
653,654,35,175000000000,175056652716,175113304578,56652716,56651862,113304578,YES
653,654,36,180000000000,180056539353,180113078023,56539353,56538670,113078023,YES
653,654,37,185000000000,185056437906,185113562731,56437906,57124825,113562731,YES
653,654,38,190000000000,190056348560,190113018828,56348560,56670268,113018828,YES
653,654,39,195000000000,195056271403,195112542613,56271403,56271210,112542613,YES
653,654,40,200000000000,200056206392,200112412748,56206392,56206356,112412748,YES
653,654,41,205000000000,205056153390,205112306897,56153390,56153507,112306897,YES
653,654,42,210000000000,210059539569,210115651975,59539569,56112406,115651975,YES
653,654,43,215000000000,215069918136,215139837358,69918136,69919222,139837358,YES
653,654,44,220000000000,220069884242,220139769733,69884242,69885491,139769733,YES
653,654,45,225000000000,225069859515,225139720434,69859515,69860919,139720434,YES
653,654,46,230000000000,230071924648,230141770057,71924648,69845409,141770057,YES
653,654,47,235000000000,235069837212,235139676106,69837212,69838894,139676106,YES
653,654,48,240000000000,240069839522,240139680850,69839522,69841328,139680850,YES
653,654,49,245000000000,245069850782,245140654929,69850782,70804147,140654929,YES
653,654,50,250000000000,250069871016,250139744055,69871016,69873039,139744055,YES
653,654,51,255000000000,255069900285,255139802686,69900285,69902401,139802686,YES
653,654,52,260000000000,260069938660,260139879522,69938660,69940862,139879522,YES
653,654,53,265000000000,265069986230,265139974737,69986230,69988507,139974737,YES
653,654,54,270000000000,270079420623,270149466161,79420623,70045538,149466161,YES
653,654,55,275000000000,275077486813,275147598614,77486813,70111801,147598614,YES
653,654,56,280000000000,280075562389,280145749831,75562389,70187442,145749831,YES
653,654,57,285000000000,285087143411,285174287970,87143411,87144559,174287970,YES
653,654,58,290000000000,290087266777,290174534862,87266777,87268085,174534862,YES
653,654,59,295000000000,295087401416,295174804299,87401416,87402883,174804299,YES
653,654,60,300000000000,300087547316,300175096262,87547316,87548946,175096262,YES
653,654,61,305000000000,305087704372,305175410532,87704372,87706160,175410532,YES
653,654,62,310000000000,310087872380,310175746700,87872380,87874320,175746700,YES
653,654,63,315000000000,315088051054,315176104222,88051054,88053168,176104222,YES
653,654,64,320000000000,320088240024,320176482312,88240024,88242288,176482312,YES
653,654,65,325000000000,325088438869,325176880150,88438869,88441281,176880150,YES
653,654,66,330000000000,330097063639,330185713709,97063639,88650070,185713709,YES
653,654,67,335000000000,335076657414,335153312029,76657414,76654615,153312029,YES
653,654,68,340000000000,340076619466,340153236196,76619466,76616730,153236196,YES
653,654,69,345000000000,345076588209,345153173748,76588209,76585539,153173748,YES
653,654,70,350000000000,350076563484,350153124373,76563484,76560889,153124373,YES
653,654,71,355000000000,355076545169,355153087824,76545169,76542655,153087824,YES
653,654,72,360000000000,360076533183,360153063939,76533183,76530756,153063939,YES
653,654,73,365000000000,365076527477,365153052639,76527477,76525162,153052639,YES
653,654,74,370000000000,370076528101,370153053990,76528101,76525889,153053990,YES
653,654,75,375000000000,375076535101,375153068108,76535101,76533007,153068108,YES
653,654,76,380000000000,380076548590,380153095210,76548590,76546620,153095210,YES
653,654,77,385000000000,385076568718,385153135604,76568718,76566886,153135604,YES
653,654,78,390000000000,390057694605,390116222910,57694605,58528305,116222910,YES
653,654,79,395000000000,395057525519,395115081623,57525519,57556104,115081623,YES
653,654,80,400000000000,400057365598,400114729646,57365598,57364048,114729646,YES
653,654,81,405000000000,405057215403,405114429389,57215403,57213986,114429389,YES
653,654,82,410000000000,410057075480,410114149687,57075480,57074207,114149687,YES
653,654,83,415000000000,415056946334,415113891562,56946334,56945228,113891562,YES
653,654,84,420000000000,420056828420,420113655890,56828420,56827470,113655890,YES
653,654,85,425000000000,425056722100,425113443408,56722100,56721308,113443408,YES
653,654,86,430000000000,430056627660,430113254689,56627660,56627029,113254689,YES
653,654,87,435000000000,435056545265,435113090070,56545265,56544805,113090070,YES
653,654,88,440000000000,440056474990,440112949688,56474990,56474698,112949688,YES
653,654,89,445000000000,445056416778,445112833423,56416778,56416645,112833423,YES
653,654,90,450000000000,450056370476,450112740977,56370476,56370501,112740977,YES
653,654,91,455000000000,455069991165,455139983143,69991165,69991978,139983143,YES
653,654,92,460000000000,460069943047,460139887083,69943047,69944036,139887083,YES
653,654,93,465000000000,465069904253,465139809666,69904253,69905413,139809666,YES
653,654,94,470000000000,470069874669,470139750658,69874669,69875989,139750658,YES
653,654,95,475000000000,475069854194,475139709862,69854194,69855668,139709862,YES
653,654,96,480000000000,480069842741,480139687094,69842741,69844353,139687094,YES
653,654,97,485000000000,485069840249,485139682238,69840249,69841989,139682238,YES
653,654,98,490000000000,490069846681,490139695224,69846681,69848543,139695224,YES
653,654,99,495000000000,495069862054,495139726077,69862054,69864023,139726077,YES
653,654,100,500000000000,500069886399,500139774867,69886399,69888468,139774867,YES
653,654,101,505000000000,505069919789,505139841739,69919789,69921950,139841739,YES
653,654,102,510000000000,510069962312,510139926867,69962312,69964555,139926867,YES
653,654,103,515000000000,515070014061,515140030444,70014061,70016383,140030444,YES
653,654,104,520000000000,520070075138,520140152668,70075138,70077530,140152668,YES
653,654,105,525000000000,525070145609,525141417109,70145609,71271500,141417109,YES
653,654,106,530000000000,-1,-1,-1,-1,-1,LOST
653,654,107,535000000000,535070314828,535140632230,70314828,70317402,140632230,YES
653,654,108,540000000000,540070413483,540140829590,70413483,70416107,140829590,YES
653,654,109,545000000000,545088324948,545176651909,88324948,88326961,176651909,YES
653,654,110,550000000000,550088487493,550176977145,88487493,88489652,176977145,YES
653,654,111,555000000000,555088660779,555177323864,88660779,88663085,177323864,YES
653,654,112,560000000000,560076181994,560152361155,76181994,76179161,152361155,YES
653,654,113,565000000000,565076117051,565152231328,76117051,76114277,152231328,YES
653,654,114,570000000000,570076060432,570152118154,76060432,76057722,152118154,YES
653,654,115,575000000000,575076011933,575152021230,76011933,76009297,152021230,YES
653,654,116,580000000000,580075971373,580151940174,75971373,75968801,151940174,YES
653,654,117,585000000000,585075938560,585151874628,75938560,75936068,151874628,YES
653,654,118,590000000000,590075913338,590151824269,75913338,75910931,151824269,YES
653,654,119,595000000000,595075895580,595151788849,75895580,75893269,151788849,YES
653,654,120,600000000000,600075885200,600151768191,75885200,75882991,151768191,YES
653,654,121,605000000000,605075882159,605151762218,75882159,75880059,151762218,YES
653,654,122,610000000000,610075886456,610151770933,75886456,75884477,151770933,YES
653,654,123,615000000000,615075898139,615151794432,75898139,75896293,151794432,YES
653,654,124,620000000000,620075917305,620151832903,75917305,75915598,151832903,YES
653,654,125,625000000000,625076315989,625152258516,76315989,75942527,152258516,YES
653,654,126,630000000000,630075978602,630151955819,75978602,75977217,151955819,YES
653,654,127,635000000000,635061808068,635123614526,61808068,61806458,123614526,YES
653,654,128,640000000000,640061765277,640123529090,61765277,61763813,123529090,YES
653,654,129,645000000000,645057017696,645114034215,57017696,57016519,114034215,YES
653,654,130,650000000000,650056882941,650113764873,56882941,56881932,113764873,YES
653,654,131,655000000000,655056758825,655113516794,56758825,56757969,113516794,YES
653,654,132,660000000000,660056645686,660113290677,56645686,56644991,113290677,YES
653,654,133,665000000000,665056543773,665113087009,56543773,56543236,113087009,YES
653,654,134,670000000000,670056453246,670112906114,56453246,56452868,112906114,YES
653,654,135,675000000000,675070205960,675140412250,70205960,70206290,140412250,YES
653,654,136,680000000000,680070135950,680140272430,70135950,70136480,140272430,YES
653,654,137,685000000000,685070075290,685140151296,70075290,70076006,140151296,YES
653,654,138,690000000000,690070023930,690140048759,70023930,70024829,140048759,YES
653,654,139,695000000000,695069981804,695139964689,69981804,69982885,139964689,YES
653,654,140,700000000000,700069948823,700139898891,69948823,69950068,139898891,YES
653,654,141,705000000000,705069924901,705139851197,69924901,69926296,139851197,YES
653,654,142,710000000000,710069909960,710140269494,69909960,70359534,140269494,YES
653,654,143,715000000000,715069903941,715139809554,69903941,69905613,139809554,YES
653,654,144,720000000000,720069906819,720139815431,69906819,69908612,139815431,YES
653,654,145,725000000000,725069918593,725139839093,69918593,69920500,139839093,YES
653,654,146,730000000000,730069939300,730139880611,69939300,69941311,139880611,YES
653,654,147,735000000000,735069969004,735139940111,69969004,69971107,139940111,YES
653,654,148,740000000000,740070007785,740140017753,70007785,70009968,140017753,YES
653,654,149,745000000000,745070055733,745143509093,70055733,73453360,143509093,YES
653,654,150,750000000000,750070112959,750140228266,70112959,70115307,140228266,YES
653,654,151,755000000000,755070179536,755140361488,70179536,70181952,140361488,YES
653,654,152,760000000000,760070255511,760140513500,70255511,70257989,140513500,YES
653,654,153,765000000000,765070340886,765140684307,70340886,70343421,140684307,YES
653,654,154,770000000000,770070435606,770140873801,70435606,70438195,140873801,YES
653,654,155,775000000000,775070539562,775141081762,70539562,70542200,141081762,YES
653,654,156,780000000000,780070652563,780141307807,70652563,70655244,141307807,YES
653,654,157,785000000000,785078014794,785156028527,78014794,78013733,156028527,YES
653,654,158,790000000000,790078082518,790156164037,78082518,78081519,156164037,YES
653,654,159,795000000000,795078158377,795156315797,78158377,78157420,156315797,YES
653,654,160,800000000000,800078242214,800156483540,78242214,78241326,156483540,YES
653,654,161,805000000000,805078333860,805156666909,78333860,78333049,156666909,YES
653,654,162,810000000000,810078433132,810156865539,78433132,78432407,156865539,YES
653,654,163,815000000000,815078539853,815157079057,78539853,78539204,157079057,YES
653,654,164,820000000000,820078653851,820157307151,78653851,78653300,157307151,YES
653,654,165,825000000000,825078774987,825157549531,78774987,78774544,157549531,YES
653,654,166,830000000000,830080942237,830161882427,80942237,80940190,161882427,YES
653,654,167,835000000000,835080928084,835161854259,80928084,80926175,161854259,YES
653,654,168,840000000000,840080923149,840161844538,80923149,80921389,161844538,YES
653,654,169,845000000000,845082346353,845163272168,82346353,80925815,163272168,YES
653,654,170,850000000000,850080940842,850161880246,80940842,80939404,161880246,YES
653,654,171,855000000000,855080963448,855161925629,80963448,80962181,161925629,YES
653,654,172,860000000000,860080995221,860161989357,80995221,80994136,161989357,YES
653,654,173,865000000000,865081036161,865162071445,81036161,81035284,162071445,YES
653,654,174,870000000000,870062198042,870124394173,62198042,62196131,124394173,YES
653,654,175,875000000000,875062145706,875124313999,62145706,62168293,124313999,YES
653,654,176,880000000000,880062100465,880124199261,62100465,62098796,124199261,YES
653,654,177,885000000000,885062062463,885124123419,62062463,62060956,124123419,YES
653,654,178,890000000000,890057287134,890114573039,57287134,57285905,114573039,YES
653,654,179,895000000000,895057159748,895114318411,57159748,57158663,114318411,YES
653,654,180,900000000000,900057042672,900115173000,57042672,58130328,115173000,YES
653,654,181,905000000000,905056936197,905113871614,56936197,56935417,113871614,YES
653,654,182,910000000000,910056840563,910113680497,56840563,56839934,113680497,YES
653,654,183,915000000000,915059253299,915118505977,59253299,59252678,118505977,YES
653,654,184,920000000000,920061674015,920120771854,61674015,59097839,120771854,YES
653,654,185,925000000000,925058951766,925117903239,58951766,58951473,117903239,YES
653,654,186,930000000000,930058813554,930117626962,58813554,58813408,117626962,YES
653,654,187,935000000000,935058683787,935117367561,58683787,58683774,117367561,YES
653,654,188,940000000000,940058562432,940117124991,58562432,58562559,117124991,YES
653,654,189,945000000000,945058449492,945116899236,58449492,58449744,116899236,YES
653,654,190,950000000000,950058344924,950116690236,58344924,58345312,116690236,YES
653,654,191,955000000000,955058248704,955116497912,58248704,58249208,116497912,YES
653,654,192,960000000000,960058160806,960116322228,58160806,58161422,116322228,YES
653,654,193,965000000000,965058081216,965116163140,58081216,58081924,116163140,YES
653,654,194,970000000000,970058009949,970118154963,58009949,60145014,118154963,YES
653,654,195,975000000000,975057947027,975115894950,57947027,57947923,115894950,YES
653,654,196,980000000000,980057892498,980115785973,57892498,57893475,115785973,YES
653,654,197,985000000000,985070114286,985140230650,70114286,70116364,140230650,YES
653,654,198,990000000000,990070155258,990140312683,70155258,70157425,140312683,YES
653,654,199,995000000000,995070205378,995140413001,70205378,70207623,140413001,YES
653,654,200,1000000000000,1000070264724,1000140531763,70264724,70267039,140531763,YES
653,654,201,1005000000000,1005070333349,1005140669083,70333349,70335734,140669083,YES
653,654,202,1010000000000,1010070411286,1010140825020,70411286,70413734,140825020,YES
653,654,203,1015000000000,1015070498510,1015140999526,70498510,70501016,140999526,YES
653,654,204,1020000000000,1020078169116,1020161375655,78169116,83206539,161375655,YES
653,654,205,1025000000000,1025078216659,1025161698416,78216659,83481757,161698416,YES
653,654,206,1030000000000,1030078272752,1030159609988,78272752,81337236,159609988,YES
653,654,207,1035000000000,1035078337442,1035156673941,78337442,78336499,156673941,YES
653,654,208,1040000000000,1040078410721,1040156820563,78410721,78409842,156820563,YES
653,654,209,1045000000000,1045078492544,1045156984304,78492544,78491760,156984304,YES
653,654,210,1050000000000,1050078582835,1050157164985,78582835,78582150,157164985,YES
653,654,211,1055000000000,1055078681509,1055157362434,78681509,78680925,157362434,YES
653,654,212,1060000000000,1060078788471,1060157576456,78788471,78787985,157576456,YES
653,654,213,1065000000000,1065078903640,1065157806914,78903640,78903274,157806914,YES
653,654,214,1070000000000,1070079026938,1070158053657,79026938,79026719,158053657,YES
653,654,215,1075000000000,1075079158321,1075158316561,79158321,79158240,158316561,YES
653,654,216,1080000000000,1080079297746,1080158595561,79297746,79297815,158595561,YES
653,654,217,1085000000000,1085079445203,1085158890640,79445203,79445437,158890640,YES
653,654,218,1090000000000,1090079600702,1090159201785,79600702,79601083,159201785,YES
653,654,219,1095000000000,1095079764211,1095159528987,79764211,79764776,159528987,YES
653,654,220,1100000000000,1100079935744,1100160681178,79935744,80745434,160681178,YES
653,654,221,1105000000000,1105080115283,1105160231530,80115283,80116247,160231530,YES
653,654,222,1110000000000,1110080302787,1110160606743,80302787,80303956,160606743,YES
653,654,223,1115000000000,1115080498183,1115160997743,80498183,80499560,160997743,YES
653,654,224,1120000000000,1120080701359,1120161404298,80701359,80702939,161404298,YES
653,654,225,1125000000000,1125080912150,1125161826084,80912150,80913934,161826084,YES
653,654,226,1130000000000,1130085661240,1130171324888,85661240,85663648,171324888,YES
653,654,227,1135000000000,1135085847619,1135171697862,85847619,85850243,171697862,YES
653,654,228,1140000000000,1140086044045,1140172090930,86044045,86046885,172090930,YES
653,654,229,1145000000000,1145070691496,1145141382936,70691496,70691440,141382936,YES
653,654,230,1150000000000,1150070605954,1150141212036,70605954,70606082,141212036,YES
653,654,231,1155000000000,1155070528995,1155141058291,70528995,70529296,141058291,YES
653,654,232,1160000000000,1160070460691,1160140921863,70460691,70461172,140921863,YES
653,654,233,1165000000000,1165070401109,1165140802872,70401109,70401763,140802872,YES
653,654,234,1170000000000,1170070350267,1170140701352,70350267,70351085,140701352,YES
653,654,235,1175000000000,1175070308165,1175140617309,70308165,70309144,140617309,YES
653,654,236,1180000000000,1180070274790,1180140550713,70274790,70275923,140550713,YES
653,654,237,1185000000000,1185070250132,1185140501541,70250132,70251409,140501541,YES
653,654,238,1190000000000,1190070234177,1190140469767,70234177,70235590,140469767,YES
653,654,239,1195000000000,1195070226921,1195140455376,70226921,70228455,140455376,YES
654,655,0,0,92411171,184819663,92411171,92408492,184819663,YES
654,655,1,5000000000,5092316809,5184631108,92316809,92314299,184631108,YES
654,655,2,10000000000,10096811482,10190248928,96811482,93437446,190248928,YES
654,655,3,15000000000,15093628294,15185794000,93628294,92165706,185794000,YES
654,655,4,20000000000,20092113718,20186979745,92113718,94866027,186979745,YES
654,655,5,25000000000,25092073312,25184934391,92073312,92861079,184934391,YES
654,655,6,30000000000,30092046707,30301381124,92046707,209334417,301381124,YES
654,655,7,35000000000,35090581342,35181161449,90581342,90580107,181161449,YES
654,655,8,40000000000,40090518639,40181036292,90518639,90517653,181036292,YES
654,655,9,45000000000,45090470607,45180940488,90470607,90469881,180940488,YES
654,655,10,50000000000,50090437587,50180874711,90437587,90437124,180874711,YES
654,655,11,55000000000,55090419783,55180839371,90419783,90419588,180839371,YES
654,655,12,60000000000,60090417271,60180834612,90417271,90417341,180834612,YES
654,655,13,65000000000,65090429963,65180860260,90429963,90430297,180860260,YES
654,655,14,70000000000,70090601463,70182343194,90601463,91741731,182343194,YES
654,655,15,75000000000,75091279357,75186424750,91279357,95145393,186424750,YES
654,655,16,80000000000,80090556439,80184517309,90556439,93960870,184517309,YES
654,655,17,85000000000,85090626536,85181254412,90626536,90627876,181254412,YES
654,655,18,90000000000,90090709622,90181420805,90709622,90711183,181420805,YES
654,655,19,95000000000,95091719710,95183440388,91719710,91720678,183440388,YES
654,655,20,100000000000,100091629157,100183259492,91629157,91630335,183259492,YES
654,655,21,105000000000,105088588797,105179256745,88588797,90667948,179256745,YES
654,655,22,110000000000,110088601447,110187377926,88601447,98776479,187377926,YES
654,655,23,115000000000,115090129964,115178757620,90129964,88627656,178757620,YES
654,655,24,120000000000,120088660327,120177323166,88660327,88662839,177323166,YES
654,655,25,125000000000,125088673045,125177348730,88673045,88675685,177348730,YES
654,655,26,130000000000,130088730658,130177464081,88730658,88733423,177464081,YES
654,655,27,135000000000,135088799581,135177602039,88799581,88802458,177602039,YES
654,655,28,140000000000,140095297552,140184180442,95297552,88882890,184180442,YES
654,655,29,145000000000,145094144881,145183119293,94144881,88974412,183119293,YES
654,655,30,150000000000,150091322436,150180399408,91322436,89076972,180399408,YES
654,655,31,155000000000,155060425096,155120849060,60425096,60423964,120849060,YES
654,655,32,160000000000,160060393808,160120786579,60393808,60392771,120786579,YES
654,655,33,165000000000,165060373798,165120746660,60373798,60372862,120746660,YES
654,655,34,170000000000,170060365038,170120729245,60365038,60364207,120729245,YES
654,655,35,175000000000,175060367436,175121751641,60367436,61384205,121751641,YES
654,655,36,180000000000,180060380829,180120761048,60380829,60380219,120761048,YES
654,655,37,185000000000,185060405021,185120810761,60405021,60405740,120810761,YES
654,655,38,190000000000,190060439764,190121518146,60439764,61078382,121518146,YES
654,655,39,195000000000,195060484784,195120969315,60484784,60484531,120969315,YES
654,655,40,200000000000,200079484436,200149808216,79484436,70323780,149808216,YES
654,655,41,205000000000,205070979509,205141248862,70979509,70269353,141248862,YES
654,655,42,210000000000,210070225106,210140450333,70225106,70225227,140450333,YES
654,655,43,215000000000,215093666498,215186268500,93666498,92602002,186268500,YES
654,655,44,220000000000,220092443727,220184884354,92443727,92440627,184884354,YES
654,655,45,225000000000,225092259443,225187366058,92259443,95106615,187366058,YES
654,655,46,230000000000,230094345848,230186463236,94345848,92117388,186463236,YES
654,655,47,235000000000,235096134297,235188124772,96134297,91990475,188124772,YES
654,655,48,240000000000,240091878915,240189614728,91878915,97735813,189614728,YES
654,655,49,245000000000,245103076453,245200798293,103076453,97721840,200798293,YES
654,655,50,250000000000,250091690714,250183379346,91690714,91688632,183379346,YES
654,655,51,255000000000,255091617734,255183233603,91617734,91615869,183233603,YES
654,655,52,260000000000,260091559311,260187063589,91559311,95504278,187063589,YES
654,655,53,265000000000,265091515697,265298187449,91515697,206671752,298187449,YES
654,655,54,270000000000,270091487032,270187295941,91487032,95808909,187295941,YES
654,655,55,275000000000,275091473361,275182945837,91473361,91472476,182945837,YES
654,655,56,280000000000,280099393387,280190867426,99393387,91474039,190867426,YES
654,655,57,285000000000,285093970931,285184714931,93970931,90744000,184714931,YES
654,655,58,290000000000,290091919140,290188282906,91919140,96363766,188282906,YES
654,655,59,295000000000,295090419646,295186281059,90419646,95861413,186281059,YES
654,655,60,300000000000,300090439076,300184295280,90439076,93856204,184295280,YES
654,655,61,305000000000,305090473381,305180947505,90473381,90474124,180947505,YES
654,655,62,310000000000,310090522141,310181045277,90522141,90523136,181045277,YES
654,655,63,315000000000,315090584824,315181170891,90584824,90586067,181170891,YES
654,655,64,320000000000,320091591450,320183183614,91591450,91592164,183183614,YES
654,655,65,325000000000,325091519579,325183040088,91519579,91520509,183040088,YES
654,655,66,330000000000,330091460707,330182922552,91460707,91461845,182922552,YES
654,655,67,335000000000,335091381073,335182763480,91381073,91382407,182763480,YES
654,655,68,340000000000,340091347682,340182696880,91347682,91349198,182696880,YES
654,655,69,345000000000,345091326678,345182655039,91326678,91328361,182655039,YES
654,655,70,350000000000,350091317781,350182637402,91317781,91319621,182637402,YES
654,655,71,355000000000,355091320651,355182643286,91320651,91322635,182643286,YES
654,655,72,360000000000,360088392821,360176788364,88392821,88395543,176788364,YES
654,655,73,365000000000,365088434800,365176872438,88434800,88437638,176872438,YES
654,655,74,370000000000,370091956148,370182537963,91956148,90581815,182537963,YES
654,655,75,375000000000,375092537938,375182457665,92537938,89919727,182457665,YES
654,655,76,380000000000,380088622465,380177248062,88622465,88625597,177248062,YES
654,655,77,385000000000,385088705906,385177415028,88705906,88709122,177415028,YES
654,655,78,390000000000,390060943666,390121886273,60943666,60942607,121886273,YES
654,655,79,395000000000,395060895955,395121790946,60895955,60894991,121790946,YES
654,655,80,400000000000,400060859658,400121718454,60859658,60858796,121718454,YES
654,655,81,405000000000,405060834945,405121669128,60834945,60834183,121669128,YES
654,655,82,410000000000,410060821882,410121643110,60821882,60821228,121643110,YES
654,655,83,415000000000,415060820440,415121640339,60820440,60819899,121640339,YES
654,655,84,420000000000,420060830520,420121660612,60830520,60830092,121660612,YES
654,655,85,425000000000,425060851934,425121703554,60851934,60851620,121703554,YES
654,655,86,430000000000,430060884437,430121768675,60884437,60884238,121768675,YES
654,655,87,435000000000,435060927723,435121855367,60927723,60927644,121855367,YES
654,655,88,440000000000,440070378568,440141859131,70378568,71480563,141859131,YES
654,655,89,445000000000,445070337317,445142740609,70337317,72403292,142740609,YES
654,655,90,450000000000,450070291903,450140695348,70291903,70403445,140695348,YES
654,655,91,455000000000,455092937473,455185871576,92937473,92934103,185871576,YES
654,655,92,460000000000,460092785926,460185568610,92785926,92782684,185568610,YES
654,655,93,465000000000,465092611696,465185220269,92611696,92608573,185220269,YES
654,655,94,470000000000,470094167588,470186647080,94167588,92479492,186647080,YES
654,655,95,475000000000,475092365355,475184727854,92365355,92362499,184727854,YES
654,655,96,480000000000,480095989166,480188247017,95989166,92257851,188247017,YES
654,655,97,485000000000,485092168739,485184334937,92168739,92166198,184334937,YES
654,655,98,490000000000,490092090058,490184177762,92090058,92087704,184177762,YES
654,655,99,495000000000,495092024863,495184047565,92024863,92022702,184047565,YES
654,655,100,500000000000,500091973376,500183944783,91973376,91971407,183944783,YES
654,655,101,505000000000,505091935736,505183869731,91935736,91933995,183869731,YES
654,655,102,510000000000,510091912066,510185001932,91912066,93089866,185001932,YES
654,655,103,515000000000,515091902395,515183803525,91902395,91901130,183803525,YES
654,655,104,520000000000,520093098511,520183572653,93098511,90474142,183572653,YES
654,655,105,525000000000,525091120911,525181550276,91120911,90429365,181550276,YES
654,655,106,530000000000,-1,-1,-1,-1,-1,LOST
654,655,107,535000000000,535098231200,535188616264,98231200,90385064,188616264,YES
654,655,108,540000000000,540098000914,540191170811,98000914,93169897,191170811,YES
654,655,109,545000000000,545090401682,545182762961,90401682,92361279,182762961,YES
654,655,110,550000000000,550092630194,550183063452,92630194,90433258,183063452,YES
654,655,111,555000000000,555090478324,555180957532,90478324,90479208,180957532,YES
654,655,112,560000000000,560090538336,560181077809,90538336,90539473,181077809,YES
654,655,113,565000000000,565091440486,565182881544,91440486,91441058,182881544,YES
654,655,114,570000000000,570091386941,570182749664,91386941,91362723,182749664,YES
654,655,115,575000000000,575091296581,575182594188,91296581,91297607,182594188,YES
654,655,116,580000000000,580091210754,580182422741,91210754,91211987,182422741,YES
654,655,117,585000000000,585091171466,585182344360,91171466,91172894,182344360,YES
654,655,118,590000000000,590091144906,590182291423,91144906,91146517,182291423,YES
654,655,119,595000000000,595088620528,595177243490,88620528,88622962,177243490,YES
654,655,120,600000000000,600088660800,600177324180,88660800,88663380,177324180,YES
654,655,121,605000000000,605088712276,605184008162,88712276,95295886,184008162,YES
654,655,122,610000000000,610091052881,610185922837,91052881,94869956,185922837,YES
654,655,123,615000000000,615094036993,615182855337,94036993,88818344,182855337,YES
654,655,124,620000000000,620088900450,620177803969,88900450,88903519,177803969,YES
654,655,125,625000000000,625088996752,625177996667,88996752,88999915,177996667,YES
654,655,126,630000000000,630089104087,630178211428,89104087,89107341,178211428,YES
654,655,127,635000000000,635057068868,635114139479,57068868,57070611,114139479,YES
654,655,128,640000000000,640057159737,640114321271,57159737,57161534,114321271,YES
654,655,129,645000000000,645060699377,645121931898,60699377,61232521,121931898,YES
654,655,130,650000000000,650060691171,650121381538,60691171,60690367,121381538,YES
654,655,131,655000000000,655060693729,655121404204,60693729,60710475,121404204,YES
654,655,132,660000000000,660060706866,660121413134,60706866,60706268,121413134,YES
654,655,133,665000000000,665060730357,665122749326,60730357,62018969,122749326,YES
654,655,134,670000000000,670060763935,670121527479,60763935,60763544,121527479,YES
654,655,135,675000000000,675095394096,675190785177,95394096,95391081,190785177,YES
654,655,136,680000000000,680093013242,680186022939,93013242,93009697,186022939,YES
654,655,137,685000000000,685092827459,685185651502,92827459,92824043,185651502,YES
654,655,138,690000000000,690094655669,690187302801,94655669,92647132,187302801,YES
654,655,139,695000000000,695092483023,695184962854,92483023,92479831,184962854,YES
654,655,140,700000000000,700097872483,700190194902,97872483,92322419,190194902,YES
654,655,141,705000000000,705097225851,705189368219,97225851,92142368,189368219,YES
654,655,142,710000000000,710092010242,710184017709,92010242,92007467,184017709,YES
654,655,143,715000000000,715094611693,715186496144,94611693,91884451,186496144,YES
654,655,144,720000000000,720092564155,720190007681,92564155,97443526,190007681,YES
654,655,145,725000000000,725100281768,725199937923,100281768,99656155,199937923,YES
654,655,146,730000000000,730099490557,730197842078,99490557,98351521,197842078,YES
654,655,147,735000000000,735091527026,735184450572,91527026,92923546,184450572,YES
654,655,148,740000000000,740092674037,740184144852,92674037,91470815,184144852,YES
654,655,149,745000000000,745091432718,745182864058,91432718,91431340,182864058,YES
654,655,150,750000000000,750091407988,750182814849,91407988,91406861,182814849,YES
654,655,151,755000000000,755091398335,755182795802,91398335,91397467,182795802,YES
654,655,152,760000000000,760091403708,760182806820,91403708,91403112,182806820,YES
654,655,153,765000000000,765091423966,765182847609,91423966,91423643,182847609,YES
654,655,154,770000000000,770094518902,770186263849,94518902,91744947,186263849,YES
654,655,155,775000000000,775090445490,775200084449,90445490,109638959,200084449,YES
654,655,156,780000000000,780090468145,780180936779,90468145,90468634,180936779,YES
654,655,157,785000000000,785090505574,785181011901,90505574,90506327,181011901,YES
654,655,158,790000000000,790090557384,790191847715,90557384,101290331,191847715,YES
654,655,159,795000000000,795091314874,795182630240,91314874,91315366,182630240,YES
654,655,160,800000000000,800320527983,800411815975,320527983,91287992,411815975,YES
654,655,161,805000000000,805122170274,805213335446,122170274,91165172,213335446,YES
654,655,162,810000000000,810091109366,810182219897,91109366,91110531,182219897,YES
654,655,163,815000000000,815091067242,815182135839,91067242,91068597,182135839,YES
654,655,164,820000000000,820091004441,820182010423,91004441,91005982,182010423,YES
654,655,165,825000000000,825090987931,825181977576,90987931,90989645,181977576,YES
654,655,166,830000000000,830069794102,830139589732,69794102,69795630,139589732,YES
654,655,167,835000000000,835069861301,835139724255,69861301,69862954,139724255,YES
654,655,168,840000000000,840069939680,840139881126,69939680,69941446,139881126,YES
654,655,169,845000000000,845057723366,845114980444,57723366,57257078,114980444,YES
654,655,170,850000000000,850059791107,850117042086,59791107,57250979,117042086,YES
654,655,171,855000000000,855057286149,855114573928,57286149,57287779,114573928,YES
654,655,172,860000000000,860057332325,860114666349,57332325,57334024,114666349,YES
654,655,173,865000000000,865057387967,865114777693,57387967,57389726,114777693,YES
654,655,174,870000000000,870057453086,870114907988,57453086,57454902,114907988,YES
654,655,175,875000000000,875057527642,875115057172,57527642,57529530,115057172,YES
654,655,176,880000000000,880057611540,880115409942,57611540,57798402,115409942,YES
654,655,177,885000000000,885059484383,885117191020,59484383,57706637,117191020,YES
654,655,178,890000000000,890061165893,890122331141,61165893,61165248,122331141,YES
654,655,179,895000000000,895061163579,895122326610,61163579,61163031,122326610,YES
654,655,180,900000000000,900061172313,900122344182,61172313,61171869,122344182,YES
654,655,181,905000000000,905061191914,905122383488,61191914,61191574,122383488,YES
654,655,182,910000000000,910061222128,910122444019,61222128,61221891,122444019,YES
654,655,183,915000000000,915052107809,915105986719,52107809,53878910,105986719,YES
654,655,184,920000000000,920052070536,920106389734,52070536,54319198,106389734,YES
654,655,185,925000000000,925061335524,925123676343,61335524,62340819,123676343,YES
654,655,186,930000000000,930061201602,930122401219,61201602,61199617,122401219,YES
654,655,187,935000000000,935061076041,935128780236,61076041,67704195,128780236,YES
654,655,188,940000000000,940060959440,940121917028,60959440,60957588,121917028,YES
654,655,189,945000000000,945060818771,945124024612,60818771,63205841,124024612,YES
654,655,190,950000000000,950060721801,950126653522,60721801,65931721,126653522,YES
654,655,191,955000000000,955061500511,955122143961,61500511,60643450,122143961,YES
654,655,192,960000000000,960060560209,960123339176,60560209,62778967,123339176,YES
654,655,193,965000000000,965061499155,965121994226,61499155,60495071,121994226,YES
654,655,194,970000000000,970060444599,970120887917,60444599,60443318,120887917,YES
654,655,195,975000000000,975060404854,975120808548,60404854,60403694,120808548,YES
654,655,196,980000000000,980060377438,980120753845,60377438,60376407,120753845,YES
654,655,197,985000000000,985091930478,985183859287,91930478,91928809,183859287,YES
654,655,198,990000000000,990100038411,990191949373,100038411,91910962,191949373,YES
654,655,199,995000000000,995098044109,995192744571,98044109,94700462,192744571,YES
654,655,200,1000000000000,1000117348967,1000211284870,117348967,93935903,211284870,YES
654,655,201,1005000000000,1005091941685,1005183882677,91941685,91940992,183882677,YES
654,655,202,1010000000000,1010091040772,1010184805465,91040772,93764693,184805465,YES
654,655,203,1015000000000,1015101246845,1015195034178,101246845,93787333,195034178,YES
654,655,204,1020000000000,1020091526857,1020182032029,91526857,90505172,182032029,YES
654,655,205,1025000000000,1025099277505,1025189802392,99277505,90524887,189802392,YES
654,655,206,1030000000000,1030091454190,1030182908239,91454190,91454049,182908239,YES
654,655,207,1035000000000,1035091361063,1035182722246,91361063,91361183,182722246,YES
654,655,208,1040000000000,1040091282229,1040188331467,91282229,97049238,188331467,YES
654,655,209,1045000000000,1045091217715,1045189815851,91217715,98598136,189815851,YES
654,655,210,1050000000000,1050091133832,1050182268527,91133832,91134695,182268527,YES
654,655,211,1055000000000,1055091097623,1055182196323,91097623,91098700,182196323,YES
654,655,212,1060000000000,1060091075234,1060182151739,91075234,91076505,182151739,YES
654,655,213,1065000000000,1065091066336,1065182134139,91066336,91067803,182134139,YES
654,655,214,1070000000000,1070091070537,1070182142719,91070537,91072182,182142719,YES
654,655,215,1075000000000,1075091087390,1075182176587,91087390,91089197,182176587,YES
654,655,216,1080000000000,1080098032177,1080192429343,98032177,94397166,192429343,YES
654,655,217,1085000000000,1085095481697,1085184323526,95481697,88841829,184323526,YES
654,655,218,1090000000000,1090095361197,1090184268540,95361197,88907343,184268540,YES
654,655,219,1095000000000,1095088947390,1095177897729,88947390,88950339,177897729,YES
654,655,220,1100000000000,1100089035125,1100178073302,89035125,89038177,178073302,YES
654,655,221,1105000000000,1105089133992,1105178271136,89133992,89137144,178271136,YES
654,655,222,1110000000000,1110089243889,1110178734084,89243889,89490195,178734084,YES
654,655,223,1115000000000,1115089364661,1115178732650,89364661,89367989,178732650,YES
654,655,224,1120000000000,1120089496087,1120178995580,89496087,89499493,178995580,YES
654,655,225,1125000000000,1125089637876,1125180800066,89637876,91162190,180800066,YES
654,655,226,1130000000000,1130091920254,1130183840860,91920254,91920606,183840860,YES
654,655,227,1135000000000,1135091938357,1135201587620,91938357,109649263,201587620,YES
654,655,228,1140000000000,1140091968212,1140192597748,91968212,100629536,192597748,YES
654,655,229,1145000000000,1145095391202,1145190778746,95391202,95387544,190778746,YES
654,655,230,1150000000000,1150095319446,1150190635319,95319446,95315873,190635319,YES
654,655,231,1155000000000,1155093255211,1155186506981,93255211,93251770,186506981,YES
654,655,232,1160000000000,1160093089763,1160187510472,93089763,94420709,187510472,YES
654,655,233,1165000000000,1165092933853,1165185864461,92933853,92930608,185864461,YES
654,655,234,1170000000000,1170092788078,1170185573037,92788078,92784959,185573037,YES
654,655,235,1175000000000,1175092619420,1175185235838,92619420,92616418,185235838,YES
654,655,236,1180000000000,1180092495642,1180184988410,92495642,92492768,184988410,YES
654,655,237,1185000000000,1185092383674,1185187721277,92383674,95337603,187721277,YES
654,655,238,1190000000000,1190092284006,1190185005493,92284006,92721487,185005493,YES
654,655,239,1195000000000,1195100298547,1195192493044,100298547,92194497,192493044,YES
655,656,0,0,93344251,196220380,93344251,102876129,196220380,YES
655,656,1,5000000000,5093322354,5194136403,93322354,100814049,194136403,YES
655,656,2,10000000000,10093315753,10197966724,93315753,104650971,197966724,YES
655,656,3,15000000000,15095130484,15188454476,95130484,93323992,188454476,YES
655,656,4,20000000000,20112749610,20206097086,112749610,93347476,206097086,YES
655,656,5,25000000000,25093384458,25198710029,93384458,105325571,198710029,YES
655,656,6,30000000000,30093435276,30191319189,93435276,97883913,191319189,YES
655,656,7,35000000000,35085067238,35170135344,85067238,85068106,170135344,YES
655,656,8,40000000000,40087208081,40172373742,87208081,85165661,172373742,YES
655,656,9,45000000000,45085274327,45170550067,85274327,85275740,170550067,YES
655,656,10,50000000000,50085396603,50170794889,85396603,85398286,170794889,YES
655,656,11,55000000000,55085531067,55171064094,85531067,85533027,171064094,YES
655,656,12,60000000000,60085677432,60171357096,85677432,85679664,171357096,YES
655,656,13,65000000000,65085835361,65171673216,85835361,85837855,171673216,YES
655,656,14,70000000000,70086004431,70172011633,86004431,86007202,172011633,YES
655,656,15,75000000000,75086184216,75172371466,86184216,86187250,172371466,YES
655,656,16,80000000000,80086374233,80172751749,86374233,86377516,172751749,YES
655,656,17,85000000000,85086573991,85173151504,86573991,86577513,173151504,YES
655,656,18,90000000000,90068467994,90136937189,68467994,68469195,136937189,YES
655,656,19,95000000000,95046147813,95092295119,46147813,46147306,92295119,YES
655,656,20,100000000000,100046002988,100092005585,46002988,46002597,92005585,YES
655,656,21,105000000000,105059080617,105118159929,59080617,59079312,118159929,YES
655,656,22,110000000000,110058943957,110119096836,58943957,60152879,119096836,YES
655,656,23,115000000000,115058815392,115117629759,58815392,58814367,117629759,YES
655,656,24,120000000000,120058695533,120117390186,58695533,58694653,117390186,YES
655,656,25,125000000000,125058551404,125118837659,58551404,60286255,118837659,YES
655,656,26,130000000000,130058825601,130117275860,58825601,58450259,117275860,YES
655,656,27,135000000000,135058360808,135116721204,58360808,58360396,116721204,YES
655,656,28,140000000000,140058281882,140116563523,58281882,58281641,116563523,YES
655,656,29,145000000000,145059288747,145117503254,59288747,58214507,117503254,YES
655,656,30,150000000000,150058159370,150116318850,58159370,58159480,116318850,YES
655,656,31,155000000000,155058116625,155116233535,58116625,58116910,116233535,YES
655,656,32,160000000000,160058086660,160118822464,58086660,60735804,118822464,YES
655,656,33,165000000000,165058069688,165120786940,58069688,62717252,120786940,YES
655,656,34,170000000000,170058065870,170116250689,58065870,58184819,116250689,YES
655,656,35,175000000000,175058075251,175116151452,58075251,58076201,116151452,YES
655,656,36,180000000000,180058097796,180116196693,58097796,58098897,116196693,YES
655,656,37,185000000000,185058133392,185117500648,58133392,59367256,117500648,YES
655,656,38,190000000000,190058181833,190116365031,58181833,58183198,116365031,YES
655,656,39,195000000000,195058242832,195117104296,58242832,58861464,117104296,YES
655,656,40,200000000000,200048577273,200097153327,48577273,48576054,97153327,YES
655,656,41,205000000000,205048526406,205097051686,48526406,48525280,97051686,YES
655,656,42,210000000000,210048487538,210096974052,48487538,48486514,96974052,YES
655,656,43,215000000000,215048460854,215096920790,48460854,48459936,96920790,YES
655,656,44,220000000000,220048446464,220096892128,48446464,48445664,96892128,YES
655,656,45,225000000000,225048410833,225096820986,48410833,48410153,96820986,YES
655,656,46,230000000000,230095330756,230188650989,95330756,93320233,188650989,YES
655,656,47,235000000000,235093579615,235186824662,93579615,93245047,186824662,YES
655,656,48,240000000000,240096875432,240190060895,96875432,93185463,190060895,YES
655,656,49,245000000000,245100768414,245193910187,100768414,93141773,193910187,YES
655,656,50,250000000000,250093115062,250196348238,93115062,103233176,196348238,YES
655,656,51,255000000000,255093102862,255307376456,93102862,214273594,307376456,YES
655,656,52,260000000000,260093106300,260205050979,93106300,111944679,205050979,YES
655,656,53,265000000000,265217612314,265321739884,217612314,104127570,321739884,YES
655,656,54,270000000000,270093158615,270198562676,93158615,105404061,198562676,YES
655,656,55,275000000000,275093206474,275197904954,93206474,104698480,197904954,YES
655,656,56,280000000000,280093267998,280197796779,93267998,104528781,197796779,YES
655,656,57,285000000000,285084906787,285169815468,84906787,84908681,169815468,YES
655,656,58,290000000000,290085116248,290170160199,85116248,85043951,170160199,YES
655,656,59,295000000000,295085189314,295180218819,85189314,95029505,180218819,YES
655,656,60,300000000000,300085348956,300170700613,85348956,85351657,170700613,YES
655,656,61,305000000000,305085520207,305171043376,85520207,85523169,171043376,YES
655,656,62,310000000000,310085702556,310171408311,85702556,85705755,171408311,YES
655,656,63,315000000000,315085895426,315175172580,85895426,89277154,175172580,YES
655,656,64,320000000000,320098880161,320198749554,98880161,99869393,198749554,YES
655,656,65,325000000000,325097388521,325207227926,97388521,109839405,207227926,YES
655,656,66,330000000000,330096231329,330200781553,96231329,104550224,200781553,YES
655,656,67,335000000000,335045961926,335091923546,45961926,45961620,91923546,YES
655,656,68,340000000000,340045865823,340091731454,45865823,45865631,91731454,YES
655,656,69,345000000000,345045778553,345091557030,45778553,45778477,91557030,YES
655,656,70,350000000000,350045700393,350091400826,45700393,45700433,91400826,YES
655,656,71,355000000000,355045631577,355091263311,45631577,45631734,91263311,YES
655,656,72,360000000000,360058286431,360116571746,58286431,58285315,116571746,YES
655,656,73,365000000000,365058172853,365116344727,58172853,58171874,116344727,YES
655,656,74,370000000000,370058069109,370116137386,58069109,58068277,116137386,YES
655,656,75,375000000000,375059182350,375117157536,59182350,57975186,117157536,YES
655,656,76,380000000000,380057893829,380115787159,57893829,57893330,115787159,YES
655,656,77,385000000000,385057823580,385115646823,57823580,57823243,115646823,YES
655,656,78,390000000000,390057765703,390116635095,57765703,58869392,116635095,YES
655,656,79,395000000000,395057720700,395115441405,57720700,57720705,115441405,YES
655,656,80,400000000000,400057688976,400115378132,57688976,57689156,115378132,YES
655,656,81,405000000000,405057670841,405115342033,57670841,57671192,115342033,YES
655,656,82,410000000000,410058813125,410116480122,58813125,57666997,116480122,YES
655,656,83,415000000000,415057675951,415115352590,57675951,57676639,115352590,YES
655,656,84,420000000000,420057699213,420115399273,57699213,57700060,115399273,YES
655,656,85,425000000000,425058024762,425115761838,58024762,57737076,115761838,YES
655,656,86,430000000000,430057786263,430131653903,57786263,73867640,131653903,YES
655,656,87,435000000000,435057849377,435117149857,57849377,59300480,117149857,YES
655,656,88,440000000000,440049783735,440098364791,49783735,48581056,98364791,YES
655,656,89,445000000000,445097410182,445193806905,97410182,96396723,193806905,YES
655,656,90,450000000000,450095286855,450193722666,95286855,98435811,193722666,YES
655,656,91,455000000000,455151867161,455251159562,151867161,99292401,251159562,YES
655,656,92,460000000000,460111480582,460208421133,111480582,96940551,208421133,YES
655,656,93,465000000000,465100234361,465193330334,100234361,93095973,193330334,YES
655,656,94,470000000000,470101110254,470201551758,101110254,100441504,201551758,YES
655,656,95,475000000000,475092988925,475194361766,92988925,101372841,194361766,YES
655,656,96,480000000000,480092958737,480185916469,92958737,92957732,185916469,YES
655,656,97,485000000000,485092944803,485297330589,92944803,204385786,297330589,YES
655,656,98,490000000000,490092946944,490195657625,92946944,102710681,195657625,YES
655,656,99,495000000000,495092964827,495193945466,92964827,100980639,193945466,YES
655,656,100,500000000000,500093622992,500190716603,93622992,97093611,190716603,YES
655,656,101,505000000000,505093045903,505197082668,93045903,104036765,197082668,YES
655,656,102,510000000000,510093107903,510195388911,93107903,102281008,195388911,YES
655,656,103,515000000000,515093183307,515186367783,93183307,93184476,186367783,YES
655,656,104,520000000000,520085249013,520170499311,85249013,85250298,170499311,YES
655,656,105,525000000000,525085369938,525170741412,85369938,85371474,170741412,YES
655,656,106,530000000000,530085503119,530171008041,85503119,85504922,171008041,YES
655,656,107,535000000000,535085648274,535171298617,85648274,85650343,171298617,YES
655,656,108,540000000000,540085805072,540171612482,85805072,85807410,171612482,YES
655,656,109,545000000000,545085973137,545171948877,85973137,85975740,171948877,YES
655,656,110,550000000000,550086152055,550172622472,86152055,86470417,172622472,YES
655,656,111,555000000000,555086341390,555172685914,86341390,86344524,172685914,YES
655,656,112,560000000000,560086540654,560175302788,86540654,88762134,175302788,YES
655,656,113,565000000000,565096673184,565217579258,96673184,120906074,217579258,YES
655,656,114,570000000000,570045660182,570091319741,45660182,45659559,91319741,YES
655,656,115,575000000000,575045551089,575091101668,45551089,45550579,91101668,YES
655,656,116,580000000000,580045417101,580090833805,45417101,45416704,90833805,YES
655,656,117,585000000000,585045325848,585090651414,45325848,45325566,90651414,YES
655,656,118,590000000000,590045244127,590090488088,45244127,45243961,90488088,YES
655,656,119,595000000000,595058357301,595116713576,58357301,58356275,116713576,YES
655,656,120,600000000000,600058252835,600116504786,58252835,58251951,116504786,YES
655,656,121,605000000000,605058530638,605116688485,58530638,58157847,116688485,YES
655,656,122,610000000000,610059919989,610117960981,59919989,58040992,117960981,YES
655,656,123,615000000000,615059649353,615117670884,59649353,58021531,117670884,YES
655,656,124,620000000000,620057909739,620115819248,57909739,57909509,115819248,YES
655,656,125,625000000000,625057862345,625115724632,57862345,57862287,115724632,YES
655,656,126,630000000000,630057827872,630115655858,57827872,57827986,115655858,YES
655,656,127,635000000000,635057806628,635115613542,57806628,57806914,115613542,YES
655,656,128,640000000000,640060168406,640117967676,60168406,57799270,117967676,YES
655,656,129,645000000000,645058174090,645117387890,58174090,59213800,117387890,YES
655,656,130,650000000000,650057823659,650115648105,57823659,57824446,115648105,YES
655,656,131,655000000000,655057856138,655117593132,57856138,59736994,117593132,YES
655,656,132,660000000000,660087560285,660180058417,87560285,92498132,180058417,YES
655,656,133,665000000000,665087598562,665182909598,87598562,95311036,182909598,YES
655,656,134,670000000000,670087649889,670180975266,87649889,93325377,180975266,YES
655,656,135,675000000000,675087714251,675176295308,87714251,88581057,176295308,YES
655,656,136,680000000000,680098823533,680192866759,98823533,94043226,192866759,YES
655,656,137,685000000000,685093911074,685198012456,93911074,104101382,198012456,YES
655,656,138,690000000000,690093788726,690197599857,93788726,103811131,197599857,YES
655,656,139,695000000000,695099383399,695193060977,99383399,93677578,193060977,YES
655,656,140,700000000000,700093587390,700187172095,93587390,93584705,187172095,YES
655,656,141,705000000000,705093475816,705188718555,93475816,95242739,188718555,YES
655,656,142,710000000000,710093413480,710186824864,93413480,93411384,186824864,YES
655,656,143,715000000000,715094524946,715187890163,94524946,93365217,187890163,YES
655,656,144,720000000000,720095677510,720189012543,95677510,93335033,189012543,YES
655,656,145,725000000000,725093321962,725186642781,93321962,93320819,186642781,YES
655,656,146,730000000000,730093323201,730192002443,93323201,98679242,192002443,YES
655,656,147,735000000000,735094892824,735188232294,94892824,93339470,188232294,YES
655,656,148,740000000000,740093371808,740186743461,93371808,93371653,186743461,YES
655,656,149,745000000000,745093418292,745186836748,93418292,93418456,186836748,YES
655,656,150,750000000000,750093478822,750210380150,93478822,116901328,210380150,YES
655,656,151,755000000000,755093552767,755187106315,93552767,93553548,187106315,YES
655,656,152,760000000000,760093639454,760187279985,93639454,93640531,187279985,YES
655,656,153,765000000000,765111002854,765204742767,111002854,93739913,204742767,YES
655,656,154,770000000000,770093848267,770188604663,93848267,94756396,188604663,YES
655,656,155,775000000000,775086034669,775172071922,86034669,86037253,172071922,YES
655,656,156,780000000000,780086213464,780172429769,86213464,86216305,172429769,YES
655,656,157,785000000000,785086402677,785172808452,86402677,86405775,172808452,YES
655,656,158,790000000000,790086601851,790173207053,86601851,86605202,173207053,YES
655,656,159,795000000000,795096588566,795202616914,96588566,106028348,202616914,YES
655,656,160,800000000000,800096640868,800389426676,96640868,292785808,389426676,YES
655,656,161,805000000000,805096952574,805243839925,96952574,146887351,243839925,YES
655,656,162,810000000000,810103518967,810205415825,103518967,101896858,205415825,YES
655,656,163,815000000000,815046141438,815092282535,46141438,46141097,92282535,YES
655,656,164,820000000000,820046016678,820092033120,46016678,46016442,92033120,YES
655,656,165,825000000000,825049826777,825095761269,49826777,45934492,95761269,YES
655,656,166,830000000000,830050731718,830096651330,50731718,45919612,96651330,YES
655,656,167,835000000000,835045799066,835091598273,45799066,45799207,91598273,YES
655,656,168,840000000000,840045745873,840091492007,45745873,45746134,91492007,YES
655,656,169,845000000000,845060225340,845118697860,60225340,58472520,118697860,YES
655,656,170,850000000000,850059474820,850117816368,59474820,58341548,117816368,YES
655,656,171,855000000000,855058255182,855116509683,58255182,58254501,116509683,YES
655,656,172,860000000000,860058178886,860116357250,58178886,58178364,116357250,YES
655,656,173,865000000000,865058114065,865116227776,58114065,58113711,116227776,YES
655,656,174,870000000000,870060249737,870119262608,60249737,59012871,119262608,YES
655,656,175,875000000000,875058020780,875117222361,58020780,59201581,117222361,YES
655,656,176,880000000000,880059591041,880117584273,59591041,57993232,117584273,YES
655,656,177,885000000000,885089088958,885147391070,89088958,58302112,147391070,YES
655,656,178,890000000000,890057976688,890115953888,57976688,57977200,115953888,YES
655,656,179,895000000000,895088839053,895176426265,88839053,87587212,176426265,YES
655,656,180,900000000000,900090837830,900179199496,90837830,88361666,179199496,YES
655,656,181,905000000000,905087610670,905186002246,87610670,98391576,186002246,YES
655,656,182,910000000000,910088528450,910176174064,88528450,87645614,176174064,YES
655,656,183,915000000000,915087688187,915175379338,87688187,87691151,175379338,YES
655,656,184,920000000000,920087746567,920175496335,87746567,87749768,175496335,YES
655,656,185,925000000000,925102658884,925199345519,102658884,96686635,199345519,YES
655,656,186,930000000000,930093190432,930190472393,93190432,97281961,190472393,YES
655,656,187,935000000000,935093086186,935198197921,93086186,105111735,198197921,YES
655,656,188,940000000000,940092997128,940247357507,92997128,154360379,247357507,YES
655,656,189,945000000000,945100993070,945193881353,100993070,92888283,193881353,YES
655,656,190,950000000000,950092833061,950189298407,92833061,96465346,189298407,YES
655,656,191,955000000000,955092792376,955205700006,92792376,112907630,205700006,YES
655,656,192,960000000000,960092768300,960185535746,92768300,92767446,185535746,YES
655,656,193,965000000000,-1,-1,-1,-1,-1,LOST
655,656,194,970000000000,970092769690,970189221222,92769690,96451532,189221222,YES
655,656,195,975000000000,975095669109,975191874212,95669109,96205103,191874212,YES
655,656,196,980000000000,980095794950,980188630585,95794950,92835635,188630585,YES
655,656,197,985000000000,985092890696,985185782138,92890696,92891442,185782138,YES
655,656,198,990000000000,990092960568,990185922176,92960568,92961608,185922176,YES
655,656,199,995000000000,995094857585,995193513328,94857585,98655743,193513328,YES
655,656,200,1000000000000,1000093216322,1000202785682,93216322,109569360,202785682,YES
655,656,201,1005000000000,1005093248855,1005186541230,93248855,93292375,186541230,YES
655,656,202,1010000000000,1010085777917,1010171557774,85777917,85779857,171557774,YES
655,656,203,1015000000000,1015085930085,1015171862369,85930085,85932284,171862369,YES
655,656,204,1020000000000,1020086093612,1020172189700,86093612,86096088,172189700,YES
655,656,205,1025000000000,1025086268123,1025172538978,86268123,86270855,172538978,YES
655,656,206,1030000000000,1030095906024,1030196296076,95906024,100390052,196296076,YES
655,656,207,1035000000000,1035095960839,1035200270704,95960839,104309865,200270704,YES
655,656,208,1040000000000,1040096059657,1040198129978,96059657,102070321,198129978,YES
655,656,209,1045000000000,1045104022300,1045200157385,104022300,96135085,200157385,YES
655,656,210,1050000000000,1050106336026,1050212418091,106336026,106082065,212418091,YES
655,656,211,1055000000000,1055096284419,1055204366967,96284419,108082548,204366967,YES
655,656,212,1060000000000,1060046003126,1060092006213,46003126,46003087,92006213,YES
655,656,213,1065000000000,1065045940058,1065091880215,45940058,45940157,91880215,YES
655,656,214,1070000000000,1070045886819,1070091773857,45886819,45887038,91773857,YES
655,656,215,1075000000000,1075046842416,1075092716264,46842416,45873848,92716264,YES
655,656,216,1080000000000,1080058579926,1080117158963,58579926,58579037,117158963,YES
655,656,217,1085000000000,1085059639671,1085118131437,59639671,58491766,118131437,YES
655,656,218,1090000000000,1090058415680,1090116830783,58415680,58415103,116830783,YES
655,656,219,1095000000000,1095058316335,1095116632257,58316335,58315922,116632257,YES
655,656,220,1100000000000,1100066732066,1100127149856,66732066,60417790,127149856,YES
655,656,221,1105000000000,1105058220016,1105118186992,58220016,59966976,118186992,YES
655,656,222,1110000000000,1110089368150,1110178908857,89368150,89540707,178908857,YES
655,656,223,1115000000000,1115089471955,1115177233249,89471955,87761294,177233249,YES
655,656,224,1120000000000,1120087697195,1120175395952,87697195,87698757,175395952,YES
655,656,225,1125000000000,1125088152934,1125175844170,88152934,87691236,175844170,YES
655,656,226,1130000000000,1130087694426,1130175391000,87694426,87696574,175391000,YES
655,656,227,1135000000000,1135087712409,1135175427245,87712409,87714836,175427245,YES
655,656,228,1140000000000,1140087743400,1140175489493,87743400,87746093,175489493,YES
655,656,229,1145000000000,1145087787425,1145175577797,87787425,87790372,175577797,YES
655,656,230,1150000000000,1150087844493,1150175692174,87844493,87847681,175692174,YES
655,656,231,1155000000000,1155106954901,1155200268531,106954901,93313630,200268531,YES
655,656,232,1160000000000,1160098953782,1160193981613,98953782,95027831,193981613,YES
655,656,233,1165000000000,1165093090332,1165187801773,93090332,94711441,187801773,YES
655,656,234,1170000000000,1170092998946,1170185995743,92998946,92996797,185995743,YES
655,656,235,1175000000000,1175102199021,1175195086434,102199021,92887413,195086434,YES
655,656,236,1180000000000,1180102447230,1180195274939,102447230,92827709,195274939,YES
655,656,237,1185000000000,1185092785568,1185200802777,92785568,108017209,200802777,YES
655,656,238,1190000000000,1190092758246,1190195956780,92758246,103198534,195956780,YES
655,656,239,1195000000000,1195092747433,1195185494299,92747433,92746866,185494299,YES
656,657,0,0,94859337,189718728,94859337,94859391,189718728,YES
656,657,1,5000000000,5094780145,5189560593,94780145,94780448,189560593,YES
656,657,2,10000000000,10094712540,10189425627,94712540,94713087,189425627,YES
656,657,3,15000000000,15094656672,15189314127,94656672,94657455,189314127,YES
656,657,4,20000000000,20094612666,20198505847,94612666,103893181,198505847,YES
656,657,5,25000000000,25094580619,25193191560,94580619,98610941,193191560,YES
656,657,6,30000000000,-1,-1,-1,-1,-1,LOST
656,657,7,35000000000,35094552619,35191238999,94552619,96686380,191238999,YES
656,657,8,40000000000,40094556707,40189207504,94556707,94650797,189207504,YES
656,657,9,45000000000,45094572827,45189147648,94572827,94574821,189147648,YES
656,657,10,50000000000,50094600910,50189203980,94600910,94603070,189203980,YES
656,657,11,55000000000,55094640840,55189284000,94640840,94643160,189284000,YES
656,657,12,60000000000,60096224866,60190919817,96224866,94694951,190919817,YES
656,657,13,65000000000,65094755569,65189513735,94755569,94758166,189513735,YES
656,657,14,70000000000,70094829883,70224840512,94829883,130010629,224840512,YES
656,657,15,75000000000,75094915108,75193007714,94915108,98092606,193007714,YES
656,657,16,80000000000,80094977280,80191149654,94977280,96172374,191149654,YES
656,657,17,85000000000,85095083211,85288536094,95083211,193452883,288536094,YES
656,657,18,90000000000,90061454098,90130469508,61454098,69015410,130469508,YES
656,657,19,95000000000,95061342654,95122682878,61342654,61340224,122682878,YES
656,657,20,100000000000,100061238610,100122474854,61238610,61236244,122474854,YES
656,657,21,105000000000,105108013427,105210047020,108013427,102033593,210047020,YES
656,657,22,110000000000,110112664464,110214578761,112664464,101914297,214578761,YES
656,657,23,115000000000,115101808469,115205018103,101808469,103209634,205018103,YES
656,657,24,120000000000,120101709582,120203416153,101709582,101706571,203416153,YES
656,657,25,125000000000,125109487749,125211072821,109487749,101585072,211072821,YES
656,657,26,130000000000,130101511586,130203972229,101511586,102460643,203972229,YES
656,657,27,135000000000,135101480593,135202958662,101480593,101478069,202958662,YES
656,657,28,140000000000,140101428295,140212077360,101428295,110649065,212077360,YES
656,657,29,145000000000,145101388660,145211240512,101388660,109851852,211240512,YES
656,657,30,150000000000,150101362015,150207999380,101362015,106637365,207999380,YES
656,657,31,155000000000,155101348628,155202695571,101348628,101346943,202695571,YES
656,657,32,160000000000,160101348737,160202696033,101348737,101347296,202696033,YES
656,657,33,165000000000,165101362502,165202723827,101362502,101361325,202723827,YES
656,657,34,170000000000,170105386566,170206775733,105386566,101389167,206775733,YES
656,657,35,175000000000,175108590009,175210020873,108590009,101430864,210020873,YES
656,657,36,180000000000,180101486611,180202972900,101486611,101486289,202972900,YES
656,657,37,185000000000,185110075212,185211630889,110075212,101555677,211630889,YES
656,657,38,190000000000,190111354076,190212992661,111354076,101638585,212992661,YES
656,657,39,195000000000,195107379600,195209114378,107379600,101734778,209114378,YES
656,657,40,200000000000,200102058447,200213152427,102058447,111093980,213152427,YES
656,657,41,205000000000,205101964822,205205064510,101964822,103099688,205064510,YES
656,657,42,210000000000,210102098875,210204199319,102098875,102100444,204199319,YES
656,657,43,215000000000,215102217811,215205693347,102217811,103475536,205693347,YES
656,657,44,220000000000,220106960339,220209208355,106960339,102248016,209208355,YES
656,657,45,225000000000,225105675195,225207997218,105675195,102322023,207997218,YES
656,657,46,230000000000,230095107750,230193529291,95107750,98421541,193529291,YES
656,657,47,235000000000,235094991509,235190280921,94991509,95289412,190280921,YES
656,657,48,240000000000,240094886431,240204467287,94886431,109580856,204467287,YES
656,657,49,245000000000,245094792785,245204502818,94792785,109710033,204502818,YES
656,657,50,250000000000,250094710787,250189421791,94710787,94711004,189421791,YES
656,657,51,255000000000,255094640606,255189281688,94640606,94641082,189281688,YES
656,657,52,260000000000,260105225181,260199808161,105225181,94582980,199808161,YES
656,657,53,265000000000,265104973174,265199510219,104973174,94537045,199510219,YES
656,657,54,270000000000,270101047465,270195550626,101047465,94503161,195550626,YES
656,657,55,275000000000,275094479908,275188961246,94479908,94481338,188961246,YES
656,657,56,280000000000,280094469889,280192677329,94469889,98207440,192677329,YES
656,657,57,285000000000,285096398073,285192692355,96398073,96294282,192692355,YES
656,657,58,290000000000,290112454631,290245126317,112454631,132671686,245126317,YES
656,657,59,295000000000,295095426637,295243176691,95426637,147750054,243176691,YES
656,657,60,300000000000,300094549122,300199239852,94549122,104690730,199239852,YES
656,657,61,305000000000,305094598189,305189198896,94598189,94600707,189198896,YES
656,657,62,310000000000,310097258071,310191919383,97258071,94661312,191919383,YES
656,657,63,315000000000,315095174517,315189907482,95174517,94732965,189907482,YES
656,657,64,320000000000,320099163600,320194878343,99163600,95714743,194878343,YES
656,657,65,325000000000,325094871849,325192198013,94871849,97326164,192198013,YES
656,657,66,330000000000,330101940167,330196918380,101940167,94978213,196918380,YES
656,657,67,335000000000,335102086806,335204170180,102086806,102083374,204170180,YES
656,657,68,340000000000,340103322147,340209092712,103322147,105770565,209092712,YES
656,657,69,345000000000,345107023292,345253387824,107023292,146364532,253387824,YES
656,657,70,350000000000,350102683594,350204419408,102683594,101735814,204419408,YES
656,657,71,355000000000,355101644104,355203285340,101644104,101641236,203285340,YES
656,657,72,360000000000,360101560815,360203118916,101560815,101558101,203118916,YES
656,657,73,365000000000,365101489461,365202976381,101489461,101486920,202976381,YES
656,657,74,370000000000,370103547743,370209190074,103547743,105642331,209190074,YES
656,657,75,375000000000,375102726643,375211459841,102726643,108733198,211459841,YES
656,657,76,380000000000,380101351055,380202700157,101351055,101349102,202700157,YES
656,657,77,385000000000,385101331236,385202660739,101331236,101329503,202660739,YES
656,657,78,390000000000,390101324976,390202664079,101324976,101339103,202664079,YES
656,657,79,395000000000,395101332423,395202663604,101332423,101331181,202663604,YES
656,657,80,400000000000,400101353668,400202706357,101353668,101352689,202706357,YES
656,657,81,405000000000,405101388734,405202776763,101388734,101388029,202776763,YES
656,657,82,410000000000,410101437582,410203460464,101437582,102022882,203460464,YES
656,657,83,415000000000,415215630095,415317131672,215630095,101501577,317131672,YES
656,657,84,420000000000,420126590386,420228819911,126590386,102229525,228819911,YES
656,657,85,425000000000,425101665488,425203331455,101665488,101665967,203331455,YES
656,657,86,430000000000,430115573793,430217993102,115573793,102419309,217993102,YES
656,657,87,435000000000,435103351952,435205235859,103351952,101883907,205235859,YES
656,657,88,440000000000,440106241970,440208658204,106241970,102416234,208658204,YES
656,657,89,445000000000,445047143670,445094286898,47143670,47143228,94286898,YES
656,657,90,450000000000,450047226555,450094452784,47226555,47226229,94452784,YES
656,657,91,455000000000,455098662667,455197324070,98662667,98661403,197324070,YES
656,657,92,460000000000,460100425558,460199091953,100425558,98666395,199091953,YES
656,657,93,465000000000,465096958268,465191910131,96958268,94951863,191910131,YES
656,657,94,470000000000,470095436632,470190283389,95436632,94846757,190283389,YES
656,657,95,475000000000,475125438844,475223458361,125438844,98019517,223458361,YES
656,657,96,480000000000,480100610735,480197377238,100610735,96766503,197377238,YES
656,657,97,485000000000,485217502309,485312102891,217502309,94600582,312102891,YES
656,657,98,490000000000,490094543973,490189088664,94543973,94544691,189088664,YES
656,657,99,495000000000,495094498422,495188997815,94498422,94499393,188997815,YES
656,657,100,500000000000,500094465036,500189624422,94465036,95159386,189624422,YES
656,657,101,505000000000,505094443770,505188889003,94443770,94445233,188889003,YES
656,657,102,510000000000,510094434572,510191857846,94434572,97423274,191857846,YES
656,657,103,515000000000,515094437338,515188876561,94437338,94439223,188876561,YES
656,657,104,520000000000,520098283865,520192737915,98283865,94454050,192737915,YES
656,657,105,525000000000,525096297039,525190777595,96297039,94480556,190777595,YES
656,657,106,530000000000,530105028448,530199547145,105028448,94518697,199547145,YES
656,657,107,535000000000,535102879722,535197447826,102879722,94568104,197447826,YES
656,657,108,540000000000,540100807076,540196304951,100807076,95497875,196304951,YES
656,657,109,545000000000,545094697241,545189397345,94697241,94700104,189397345,YES
656,657,110,550000000000,550094745683,550190794321,94745683,96048638,190794321,YES
656,657,111,555000000000,555094838094,555189679295,94838094,94841201,189679295,YES
656,657,112,560000000000,560053505789,560105980192,53505789,52474403,105980192,YES
656,657,113,565000000000,565052542193,565105086280,52542193,52544087,105086280,YES
656,657,114,570000000000,570102295225,570205672615,102295225,103377390,205672615,YES
656,657,115,575000000000,575101938436,575204644325,101938436,102705889,204644325,YES
656,657,116,580000000000,580108547026,580210377162,108547026,101830136,210377162,YES
656,657,117,585000000000,585106551597,585214953082,106551597,108401485,214953082,YES
656,657,118,590000000000,590104568489,590206221812,104568489,101653323,206221812,YES
656,657,119,595000000000,595101585030,595203167611,101585030,101582581,203167611,YES
656,657,120,600000000000,600101526455,600203050642,101526455,101524187,203050642,YES
656,657,121,605000000000,605108229926,605209708448,108229926,101478522,209708448,YES
656,657,122,610000000000,610107618154,610216995058,107618154,109376904,216995058,YES
656,657,123,615000000000,615101428650,615210133246,101428650,108704596,210133246,YES
656,657,124,620000000000,620101422899,620202844367,101422899,101421468,202844367,YES
656,657,125,625000000000,625101430852,625202860507,101430852,101429655,202860507,YES
656,657,126,630000000000,630101452552,630202904157,101452552,101451605,202904157,YES
656,657,127,635000000000,635101487994,635202975301,101487994,101487307,202975301,YES
656,657,128,640000000000,640101537094,640204168380,101537094,102631286,204168380,YES
656,657,129,645000000000,645106713085,645208312734,106713085,101599649,208312734,YES
656,657,130,650000000000,650101675677,650203351497,101675677,101675820,203351497,YES
656,657,131,655000000000,655106300513,655208097154,106300513,101796641,208097154,YES
656,657,132,660000000000,660046887060,660093773296,46887060,46886236,93773296,YES
656,657,133,665000000000,665046938627,665093876525,46938627,46937898,93876525,YES
656,657,134,670000000000,670046999407,670093998194,46999407,46998787,93998194,YES
656,657,135,675000000000,675047069474,675094138444,47069474,47068970,94138444,YES
656,657,136,680000000000,680098572171,680197142641,98572171,98570470,197142641,YES
656,657,137,685000000000,685098559349,685197117281,98559349,98557932,197117281,YES
656,657,138,690000000000,690098558961,690197116800,98558961,98557839,197116800,YES
656,657,139,695000000000,695098570987,695199187656,98570987,100616669,199187656,YES
656,657,140,700000000000,700110932724,700209527633,110932724,98594909,209527633,YES
656,657,141,705000000000,705105472477,705200320015,105472477,94847538,200320015,YES
656,657,142,710000000000,710100575667,710195336417,100575667,94760750,195336417,YES
656,657,143,715000000000,715098486098,715193172108,98486098,94686010,193172108,YES
656,657,144,720000000000,720096408954,720197348159,96408954,100939205,197348159,YES
656,657,145,725000000000,725102679133,725201608363,102679133,98929230,201608363,YES
656,657,146,730000000000,730110919168,730211345118,110919168,100425950,211345118,YES
656,657,147,735000000000,735094507486,735189454580,94507486,94947094,189454580,YES
656,657,148,740000000000,740094493189,740189968258,94493189,95475069,189968258,YES
656,657,149,745000000000,745094490785,745188983412,94490785,94492627,188983412,YES
656,657,150,750000000000,750094500120,750189002280,94500120,94502160,189002280,YES
656,657,151,755000000000,755094521023,755189589846,94521023,95068823,189589846,YES
656,657,152,760000000000,760094553322,760194187552,94553322,99634230,194187552,YES
656,657,153,765000000000,765094596813,765194747922,94596813,100151109,194747922,YES
656,657,154,770000000000,770099254620,770193908675,99254620,94654055,193908675,YES
656,657,155,775000000000,775094716521,775198953923,94716521,104237402,198953923,YES
656,657,156,780000000000,780094758649,780189520264,94758649,94761615,189520264,YES
656,657,157,785000000000,785094844598,785189692278,94844598,94847680,189692278,YES
656,657,158,790000000000,790094940478,790197823075,94940478,102882597,197823075,YES
656,657,159,795000000000,795095045955,795192854018,95045955,97808063,192854018,YES
656,657,160,800000000000,800053054913,800106111763,53054913,53056850,106111763,YES
656,657,161,805000000000,805053119443,805106240864,53119443,53121421,106240864,YES
656,657,162,810000000000,810061780597,810114972962,61780597,53192365,114972962,YES
656,657,163,815000000000,815103398763,815205626767,103398763,102228004,205626767,YES
656,657,164,820000000000,820102114125,820204225268,102114125,102111143,204225268,YES
656,657,165,825000000000,825102007224,825216434843,102007224,114427619,216434843,YES
656,657,166,830000000000,830101910987,830218144836,101910987,116233849,218144836,YES
656,657,167,835000000000,835101825960,835203649392,101825960,101823432,203649392,YES
656,657,168,840000000000,840110285696,840212035868,110285696,101750172,212035868,YES
656,657,169,845000000000,845101691569,845204778351,101691569,103086782,204778351,YES
656,657,170,850000000000,850104210516,850435449149,104210516,331238633,435449149,YES
656,657,171,855000000000,855101607631,855205222179,101607631,103614548,205222179,YES
656,657,172,860000000000,860101585430,860203169238,101585430,101583808,203169238,YES
656,657,173,865000000000,865103983476,865205558776,103983476,101575300,205558776,YES
656,657,174,870000000000,870102783220,870207945085,102783220,105161865,207945085,YES
656,657,175,875000000000,875101600184,875203199410,101600184,101599226,203199410,YES
656,657,176,880000000000,880101632386,880204442786,101632386,102810400,204442786,YES
656,657,177,885000000000,885101678129,885237211515,101678129,135533386,237211515,YES
656,657,178,890000000000,890101737257,890206049736,101737257,104312479,206049736,YES
656,657,179,895000000000,895046833832,895129038022,46833832,82204190,129038022,YES
656,657,180,900000000000,900046827324,900093653666,46827324,46826342,93653666,YES
656,657,181,905000000000,905046863612,905093726330,46863612,46862718,93726330,YES
656,657,182,910000000000,910046909107,910094297981,46909107,47388874,94297981,YES
656,657,183,915000000000,915098335630,915196668968,98335630,98333338,196668968,YES
656,657,184,920000000000,920098300321,920196598598,98300321,98298277,196598598,YES
656,657,185,925000000000,925117590723,925218290479,117590723,100699756,218290479,YES
656,657,186,930000000000,930151691936,930251745427,151691936,100053491,251745427,YES
656,657,187,935000000000,935098269254,935196537296,98269254,98268042,196537296,YES
656,657,188,940000000000,940098284014,940198770194,98284014,100486180,198770194,YES
656,657,189,945000000000,945098311285,945196621959,98311285,98310674,196621959,YES
656,657,190,950000000000,950102755207,950201105893,102755207,98350686,201105893,YES
656,657,191,955000000000,955098402829,955196805668,98402829,98402839,196805668,YES
656,657,192,960000000000,960094695038,960189390330,94695038,94695292,189390330,YES
656,657,193,965000000000,965100011500,965194645122,100011500,94633622,194645122,YES
656,657,194,970000000000,970095240716,970196961566,95240716,101720850,196961566,YES
656,657,195,975000000000,975094545977,975198951332,94545977,104405355,198951332,YES
656,657,196,980000000000,980094520600,980189042540,94520600,94521940,189042540,YES
656,657,197,985000000000,985094507210,985189015997,94507210,94508787,189015997,YES
656,657,198,990000000000,990094505669,990189013140,94505669,94507471,189013140,YES
656,657,199,995000000000,995097419752,995191937581,97419752,94517829,191937581,YES
656,657,200,1000000000000,1000111602035,1000206141782,111602035,94539747,206141782,YES
656,657,201,1005000000000,1005094570374,1005189143142,94570374,94572768,189143142,YES
656,657,202,1010000000000,1010096080874,1010196457531,96080874,100376657,196457531,YES
656,657,203,1015000000000,1015106231097,1015204450606,106231097,98219509,204450606,YES
656,657,204,1020000000000,1020094701303,1020189405469,94701303,94704166,189405469,YES
656,657,205,1025000000000,1025052333928,1025104669566,52333928,52335638,104669566,YES
656,657,206,1030000000000,1030052381894,1030104765569,52381894,52383675,104765569,YES
656,657,207,1035000000000,1035052436507,1035104874847,52436507,52438340,104874847,YES
656,657,208,1040000000000,1040052531468,1040105064818,52531468,52533350,105064818,YES
656,657,209,1045000000000,1045052599740,1045107396728,52599740,54796988,107396728,YES
656,657,210,1050000000000,1050052675100,1050110958495,52675100,58283395,110958495,YES
656,657,211,1055000000000,1055057360658,1055121856265,57360658,64495607,121856265,YES
656,657,212,1060000000000,1060102087128,1060204171699,102087128,102084571,204171699,YES
656,657,213,1065000000000,1065102003797,1065204005191,102003797,102001394,204005191,YES
656,657,214,1070000000000,1070101932051,1070211739081,101932051,109807030,211739081,YES
656,657,215,1075000000000,1075103279124,1075216692339,103279124,113413215,216692339,YES
656,657,216,1080000000000,1080107433894,1080218402294,107433894,110968400,218402294,YES
656,657,217,1085000000000,1085101791022,1085212419947,101791022,110628925,212419947,YES
656,657,218,1090000000000,1090101769966,1090212090936,101769966,110320970,212090936,YES
656,657,219,1095000000000,1095102353034,1095204638304,102353034,102285270,204638304,YES
656,657,220,1100000000000,1100105216032,1100213000603,105216032,107784571,213000603,YES
656,657,221,1105000000000,1105102956153,1105204742803,102956153,101786650,204742803,YES
656,657,222,1110000000000,1110046864788,1110093728300,46864788,46863512,93728300,YES
656,657,223,1115000000000,1115046861278,1115093721340,46861278,46860062,93721340,YES
656,657,224,1120000000000,1120046833562,1120093665972,46833562,46832410,93665972,YES
656,657,225,1125000000000,1125046848782,1125093696483,46848782,46847701,93696483,YES
656,657,226,1130000000000,1130046873285,1130093745571,46873285,46872286,93745571,YES
656,657,227,1135000000000,1135098333650,1135206143808,98333650,107810158,206143808,YES
656,657,228,1140000000000,1140098274582,1140206291238,98274582,108016656,206291238,YES
656,657,229,1145000000000,1145099870942,1145198096388,99870942,98225446,198096388,YES
656,657,230,1150000000000,1150098193330,1150204967387,98193330,106774057,204967387,YES
656,657,231,1155000000000,1155098171319,1155202954767,98171319,104783448,202954767,YES
656,657,232,1160000000000,1160102031857,1160201493532,102031857,99461675,201493532,YES
656,657,233,1165000000000,1165098164825,1165196328382,98164825,98163557,196328382,YES
656,657,234,1170000000000,1170098464956,1170196644335,98464956,98179379,196644335,YES
656,657,235,1175000000000,1175098932015,1175197139674,98932015,98207659,197139674,YES
656,657,236,1180000000000,1180098248668,1180196496963,98248668,98248295,196496963,YES
656,657,237,1185000000000,1185098301152,1185204077355,98301152,105776203,204077355,YES
656,657,238,1190000000000,1190098365553,1190196731339,98365553,98365786,196731339,YES
656,657,239,1195000000000,1195101526996,1195196273660,101526996,94746664,196273660,YES
657,658,0,0,66387784,132773425,66387784,66385641,132773425,YES
657,658,1,5000000000,5066333662,5132665306,66333662,66331644,132665306,YES
657,658,2,10000000000,10066289167,10132576447,66289167,66287280,132576447,YES
657,658,3,15000000000,15066284267,15132536960,66284267,66252693,132536960,YES
657,658,4,20000000000,20069409576,20135637590,69409576,66228014,135637590,YES
657,658,5,25000000000,25092304954,25162038555,92304954,69733601,162038555,YES
657,658,6,30000000000,30201300094,30271056265,201300094,69756171,271056265,YES
657,658,7,35000000000,35069461335,35138921406,69461335,69460071,138921406,YES
657,658,8,40000000000,40069339791,40138678510,69339791,69338719,138678510,YES
657,658,9,45000000000,45069229412,45138457952,69229412,69228540,138457952,YES
657,658,10,50000000000,50069130677,50138260686,69130677,69130009,138260686,YES
657,658,11,55000000000,55069044021,55140250501,69044021,71206480,140250501,YES
657,658,12,60000000000,60068969841,60138224706,68969841,69254865,138224706,YES
657,658,13,65000000000,65068908459,65137816887,68908459,68908428,137816887,YES
657,658,14,70000000000,70102866237,70171726284,102866237,68860047,171726284,YES
657,658,15,75000000000,75070880277,75139705763,70880277,68825486,139705763,YES
657,658,16,80000000000,80074904844,80143675297,74904844,68770453,143675297,YES
657,658,17,85000000000,85134870262,85203632757,134870262,68762495,203632757,YES
657,658,18,90000000000,90068767045,90137535052,68767045,68768007,137535052,YES
657,658,19,95000000000,95068785750,95137572635,68785750,68786885,137572635,YES
657,658,20,100000000000,100068817706,100137636720,68817706,68819014,137636720,YES
657,658,21,105000000000,105027352413,105054704704,27352413,27352291,54704704,YES
657,658,22,110000000000,110047483946,110097859448,47483946,50375502,97859448,YES
657,658,23,115000000000,115053430880,115100828255,53430880,47397375,100828255,YES
657,658,24,120000000000,120047323945,120094647443,47323945,47323498,94647443,YES
657,658,25,125000000000,125051183758,125098527302,51183758,47343544,98527302,YES
657,658,26,130000000000,130047180099,130094360000,47180099,47179901,94360000,YES
657,658,27,135000000000,135047178615,135094357163,47178615,47178548,94357163,YES
657,658,28,140000000000,140047633096,140094790621,47633096,47157525,94790621,YES
657,658,29,145000000000,145047150531,145094301257,47150531,47150726,94301257,YES
657,658,30,150000000000,150047157985,150094316293,47157985,47158308,94316293,YES
657,658,31,155000000000,155047179841,155094360131,47179841,47180290,94360131,YES
657,658,32,160000000000,160047215985,160094432544,47215985,47216559,94432544,YES
657,658,33,165000000000,165047266164,165094533023,47266164,47266859,94533023,YES
657,658,34,170000000000,170047330001,170094660813,47330001,47330812,94660813,YES
657,658,35,175000000000,175047407010,175094814940,47407010,47407930,94814940,YES
657,658,36,180000000000,180047496616,180094994258,47496616,47497642,94994258,YES
657,658,37,185000000000,185047598184,185097388615,47598184,49790431,97388615,YES
657,658,38,190000000000,190047711035,190096243453,47711035,48532418,96243453,YES
657,658,39,195000000000,195047834463,195095670239,47834463,47835776,95670239,YES
657,658,40,200000000000,200049925042,200097894253,49925042,47969211,97894253,YES
657,658,41,205000000000,205048110241,205096221967,48110241,48111726,96221967,YES
657,658,42,210000000000,210048261226,210096524008,48261226,48262782,96524008,YES
657,658,43,215000000000,215049203863,215097615824,49203863,48411961,97615824,YES
657,658,44,220000000000,220048509197,220098875308,48509197,50366111,98875308,YES
657,658,45,225000000000,225048648050,225099018974,48648050,50370924,99018974,YES
657,658,46,230000000000,230014409328,230028818248,14409328,14408920,28818248,YES
657,658,47,235000000000,235067606051,235134058155,67606051,66452104,134058155,YES
657,658,48,240000000000,240081019443,240147396229,81019443,66376786,147396229,YES
657,658,49,245000000000,245079903198,245146214376,79903198,66311178,146214376,YES
657,658,50,250000000000,250066257323,250132512625,66257323,66255302,132512625,YES
657,658,51,255000000000,255066210839,255132419781,66210839,66208942,132419781,YES
657,658,52,260000000000,260066174127,260137312882,66174127,71138755,137312882,YES
657,658,53,265000000000,265066147285,265135016197,66147285,68868912,135016197,YES
657,658,54,270000000000,270066151702,270132983230,66151702,66831528,132983230,YES
657,658,55,275000000000,275066123603,275132245884,66123603,66122281,132245884,YES
657,658,56,280000000000,280071527313,280141210333,71527313,69683020,141210333,YES
657,658,57,285000000000,285069561668,285139122180,69561668,69560512,139122180,YES
657,658,58,290000000000,290118086294,290190315254,118086294,72228960,190315254,YES
657,658,59,295000000000,295140241500,295209587960,140241500,69346460,209587960,YES
657,658,60,300000000000,300077946747,300147205169,77946747,69258422,147205169,YES
657,658,61,305000000000,305069181615,305138362861,69181615,69181246,138362861,YES
657,658,62,310000000000,310069116375,310138232589,69116375,69116214,138232589,YES
657,658,63,315000000000,315069063711,315138127459,69063711,69063748,138127459,YES
657,658,64,320000000000,320018819827,320038021346,18819827,19201519,38021346,YES
657,658,65,325000000000,325018705053,325037410089,18705053,18705036,37410089,YES
657,658,66,330000000000,330018633726,330037267481,18633726,18633755,37267481,YES
657,658,67,335000000000,335047598699,335095196517,47598699,47597818,95196517,YES
657,658,68,340000000000,340055405342,340102899254,55405342,47493912,102899254,YES
657,658,69,345000000000,345047401894,345094803130,47401894,47401236,94803130,YES
657,658,70,350000000000,350047320550,350094640561,47320550,47320011,94640561,YES
657,658,71,355000000000,355047251464,355094502513,47251464,47251049,94502513,YES
657,658,72,360000000000,360047195250,360094390215,47195250,47194965,94390215,YES
657,658,73,365000000000,365047152456,365094304756,47152456,47152300,94304756,YES
657,658,74,370000000000,370055637103,370102798982,55637103,47161879,102798982,YES
657,658,75,375000000000,375051210699,375098319626,51210699,47108927,98319626,YES
657,658,76,380000000000,380047108537,380094217321,47108537,47108784,94217321,YES
657,658,77,385000000000,385047122770,385094245919,47122770,47123149,94245919,YES
657,658,78,390000000000,390047151446,390094303402,47151446,47151956,94303402,YES
657,658,79,395000000000,395047194369,395094389372,47194369,47195003,94389372,YES
657,658,80,400000000000,400047251202,400094503161,47251202,47251959,94503161,YES
657,658,81,405000000000,405047321500,405094643871,47321500,47322371,94643871,YES
657,658,82,410000000000,410047404718,410094810414,47404718,47405696,94810414,YES
657,658,83,415000000000,415047500231,415204090777,47500231,156590546,204090777,YES
657,658,84,420000000000,420047607375,420117345478,47607375,69738103,117345478,YES
657,658,85,425000000000,425047725447,425095452175,47725447,47726728,95452175,YES
657,658,86,430000000000,430047853735,430095708837,47853735,47855102,95708837,YES
657,658,87,435000000000,435047991536,435095984520,47991536,47992984,95984520,YES
657,658,88,440000000000,440048104562,440100505824,48104562,52401262,100505824,YES
657,658,89,445000000000,445048257010,445099286702,48257010,51029692,99286702,YES
657,658,90,450000000000,450048387532,450096776437,48387532,48388905,96776437,YES
657,658,91,455000000000,455070025852,455140052706,70025852,70026854,140052706,YES
657,658,92,460000000000,460070064357,460140678520,70064357,70614163,140678520,YES
657,658,93,465000000000,465066384391,465133245261,66384391,66860870,133245261,YES
657,658,94,470000000000,470071015098,470137322307,71015098,66307209,137322307,YES
657,658,95,475000000000,475068949907,475187453975,68949907,118504068,187453975,YES
657,658,96,480000000000,480066894447,480137387841,66894447,70493394,137387841,YES
657,658,97,485000000000,485066143101,485134838165,66143101,68695064,134838165,YES
657,658,98,490000000000,490066107253,490132212754,66107253,66105501,132212754,YES
657,658,99,495000000000,495066081302,495132160984,66081302,66079682,132160984,YES
657,658,100,500000000000,500067591148,500133654962,67591148,66063814,133654962,YES
657,658,101,505000000000,505071686052,505275984582,71686052,204298530,275984582,YES
657,658,102,510000000000,510069939141,510155587067,69939141,85647926,155587067,YES
657,658,103,515000000000,515066077574,515132154139,66077574,66076565,132154139,YES
657,658,104,520000000000,520069650459,520140283925,69650459,70633466,140283925,YES
657,658,105,525000000000,525069550956,525144297227,69550956,74746271,144297227,YES
657,658,106,530000000000,530069462597,530147028721,69462597,77566124,147028721,YES
657,658,107,535000000000,535069385754,535144879065,69385754,75493311,144879065,YES
657,658,108,540000000000,540019129678,540038259159,19129678,19129481,38259159,YES
657,658,109,545000000000,545019025646,545038051140,19025646,19025494,38051140,YES
657,658,110,550000000000,550018897156,550037794221,18897156,18897065,37794221,YES
657,658,111,555000000000,555018811641,555037623237,18811641,18811596,37623237,YES
657,658,112,560000000000,560047764891,560097420408,47764891,49655517,97420408,YES
657,658,113,565000000000,565047647291,565098317904,47647291,50670613,98317904,YES
657,658,114,570000000000,570047539615,570095078394,47539615,47538779,95078394,YES
657,658,115,575000000000,575047442557,575094884391,47442557,47441834,94884391,YES
657,658,116,580000000000,580047356819,580096547029,47356819,49190210,96547029,YES
657,658,117,585000000000,585047283084,585094565690,47283084,47282606,94565690,YES
657,658,118,590000000000,590047221985,590098568461,47221985,51346476,98568461,YES
657,658,119,595000000000,595047174104,595094347993,47174104,47173889,94347993,YES
657,658,120,600000000000,600047139931,600094279784,47139931,47139853,94279784,YES
657,658,121,605000000000,605047119860,605097871521,47119860,50751661,97871521,YES
657,658,122,610000000000,610047147759,610098267584,47147759,51119825,98267584,YES
657,658,123,615000000000,615047122961,615094246254,47122961,47123293,94246254,YES
657,658,124,620000000000,620047146256,620094292978,47146256,47146722,94292978,YES
657,658,125,625000000000,625047183899,625094368397,47183899,47184498,94368397,YES
657,658,126,630000000000,630047235604,630094471933,47235604,47236329,94471933,YES
657,658,127,635000000000,635047300971,635094602784,47300971,47301813,94602784,YES
657,658,128,640000000000,640047379486,640094759930,47379486,47380444,94759930,YES
657,658,129,645000000000,645047470568,645094942201,47470568,47471633,94942201,YES
657,658,130,650000000000,650047573560,650097699537,47573560,50125977,97699537,YES
657,658,131,655000000000,655047687782,655095376838,47687782,47689056,95376838,YES
657,658,132,660000000000,660050397369,660098177722,50397369,47780353,98177722,YES
657,658,133,665000000000,665051864309,665099779353,51864309,47915044,99779353,YES
657,658,134,670000000000,670048716922,670096775648,48716922,48058726,96775648,YES
657,658,135,675000000000,675018262539,675036525703,18262539,18263164,36525703,YES
657,658,136,680000000000,680069801396,680139603617,69801396,69802221,139603617,YES
657,658,137,685000000000,685069857431,685139715840,69857431,69858409,139715840,YES
657,658,138,690000000000,690069891283,690139783671,69891283,69892388,139783671,YES
657,658,139,695000000000,695096504125,695166441828,96504125,69937703,166441828,YES
657,658,140,700000000000,700069991831,700148857831,69991831,78866000,148857831,YES
657,658,141,705000000000,705066276360,705132550558,66276360,66274198,132550558,YES
657,658,142,710000000000,710066216453,710136608576,66216453,70392123,136608576,YES
657,658,143,715000000000,715066166449,715134519096,66166449,68352647,134519096,YES
657,658,144,720000000000,720066126371,720138408359,66126371,72281988,138408359,YES
657,658,145,725000000000,725070949174,725145933546,70949174,74984372,145933546,YES
657,658,146,730000000000,730074843087,730147696387,74843087,72853300,147696387,YES
657,658,147,735000000000,735068271645,735134336018,68271645,66064373,134336018,YES
657,658,148,740000000000,740066534257,740132598502,66534257,66064245,132598502,YES
657,658,149,745000000000,745066075221,745132149338,66075221,66074117,132149338,YES
657,658,150,750000000000,750066094916,750132188886,66094916,66093970,132188886,YES
657,658,151,755000000000,755066124588,755132248397,66124588,66123809,132248397,YES
657,658,152,760000000000,760069719058,760139437373,69719058,69718315,139437373,YES
657,658,153,765000000000,765070934749,765141483847,70934749,70549098,141483847,YES
657,658,154,770000000000,770069567159,770144695701,69567159,75128542,144695701,YES
657,658,155,775000000000,775079504733,775149013094,79504733,69508361,149013094,YES
657,658,156,780000000000,780069428471,780138856962,69428471,69428491,138856962,YES
657,658,157,785000000000,785077700277,785147094482,77700277,69394205,147094482,YES
657,658,158,790000000000,790079061158,790148433399,79061158,69372241,148433399,YES
657,658,159,795000000000,795019427022,795038854034,19427022,19427012,38854034,YES
657,658,160,800000000000,800048019502,800096037768,48019502,48018266,96037768,YES
657,658,161,805000000000,805047887569,805095774004,47887569,47886435,95774004,YES
657,658,162,810000000000,810047764346,810095527655,47764346,47763309,95527655,YES
657,658,163,815000000000,815047650509,815095314034,47650509,47663525,95314034,YES
657,658,164,820000000000,820047546740,820095092663,47546740,47545923,95092663,YES
657,658,165,825000000000,825051265133,825098718109,51265133,47452976,98718109,YES
657,658,166,830000000000,830051213080,830100017352,51213080,48804272,100017352,YES
657,658,167,835000000000,835047302825,835094605196,47302825,47302371,94605196,YES
657,658,168,840000000000,840047246179,840097668439,47246179,50422260,97668439,YES
657,658,169,845000000000,845047202840,845094405496,47202840,47202656,94405496,YES
657,658,170,850000000000,850261817627,850310873323,261817627,49055696,310873323,YES
657,658,171,855000000000,855085804356,855132962203,85804356,47157847,132962203,YES
657,658,172,860000000000,860047156699,860094313636,47156699,47156937,94313636,YES
657,658,173,865000000000,865047170021,865094806170,47170021,47636149,94806170,YES
657,658,174,870000000000,870047197731,870094395976,47197731,47198245,94395976,YES
657,658,175,875000000000,875047239636,875094479920,47239636,47240284,94479920,YES
657,658,176,880000000000,880047295424,880094591622,47295424,47296198,94591622,YES
657,658,177,885000000000,885047364665,885094730224,47364665,47365559,94730224,YES
657,658,178,890000000000,890047446834,890094894677,47446834,47447843,94894677,YES
657,658,179,895000000000,895097457786,895145001246,97457786,47543460,145001246,YES
657,658,180,900000000000,900051024900,900098640131,51024900,47615231,98640131,YES
657,658,181,905000000000,905048618877,905096351340,48618877,47732463,96351340,YES
657,658,182,910000000000,910017916852,910035834262,17916852,17917410,35834262,YES
657,658,183,915000000000,915069377969,915138756553,69377969,69378584,138756553,YES
657,658,184,920000000000,920069377574,920139159669,69377574,69782095,139159669,YES
657,658,185,925000000000,925069389756,925154368688,69389756,84978932,154368688,YES
657,658,186,930000000000,930070573506,930193058786,70573506,122485280,193058786,YES
657,658,187,935000000000,935069450825,935138902865,69450825,69452040,138902865,YES
657,658,188,940000000000,940071193423,940140727456,71193423,69534033,140727456,YES
657,658,189,945000000000,945069592218,945144212164,69592218,74619946,144212164,YES
657,658,190,950000000000,950069662658,950144055335,69662658,74392677,144055335,YES
657,658,191,955000000000,955069743551,955139488792,69743551,69745241,139488792,YES
657,658,192,960000000000,960066065385,960132128904,66065385,66063519,132128904,YES
657,658,193,965000000000,965066028462,965134460548,66028462,68432086,134460548,YES
657,658,194,970000000000,970066001586,970132001543,66001586,65999957,132001543,YES
657,658,195,975000000000,975072483095,975138466301,72483095,65983206,138466301,YES
657,658,196,980000000000,980065977840,980132975179,65977840,66997339,132975179,YES
657,658,197,985000000000,985065980891,985131960541,65980891,65979650,131960541,YES
657,658,198,990000000000,990065993848,990135485965,65993848,69492117,135485965,YES
657,658,199,995000000000,995066016677,995133419307,66016677,67402630,133419307,YES
657,658,200,1000000000000,1000066015736,1000132030698,66015736,66014962,132030698,YES
657,658,201,1005000000000,1005066058182,1005132115748,66058182,66057566,132115748,YES
657,658,202,1010000000000,1010066110365,1010132220280,66110365,66109915,132220280,YES
657,658,203,1015000000000,1015019440140,1015038880019,19440140,19439879,38880019,YES
657,658,204,1020000000000,1020019327470,1020038654724,19327470,19327254,38654724,YES
657,658,205,1025000000000,1025051761344,1025100031062,51761344,48269718,100031062,YES
657,658,206,1030000000000,1030048129758,1030096258239,48129758,48128481,96258239,YES
657,658,207,1035000000000,1035047996124,1035095991072,47996124,47994948,95991072,YES
657,658,208,1040000000000,1040047870895,1040215552967,47870895,167682072,215552967,YES
657,658,209,1045000000000,1045047754719,1045102922721,47754719,55168002,102922721,YES
657,658,210,1050000000000,1050047648272,1050095295666,47648272,47647394,95295666,YES
657,658,211,1055000000000,1055068163407,1055115714514,68163407,47551107,115714514,YES
657,658,212,1060000000000,1060050442400,1060097909033,50442400,47466633,97909033,YES
657,658,213,1065000000000,1065047394163,1065094787817,47394163,47393654,94787817,YES
657,658,214,1070000000000,1070047333413,1070094666448,47333413,47333035,94666448,YES
657,658,215,1075000000000,1075047285639,1075094571037,47285639,47285398,94571037,YES
657,658,216,1080000000000,1080050024311,1080101664303,50024311,51639992,101664303,YES
657,658,217,1085000000000,1085048021094,1085095252010,48021094,47230916,95252010,YES
657,658,218,1090000000000,1090047568126,1090094792860,47568126,47224734,94792860,YES
657,658,219,1095000000000,1095047232486,1095094465301,47232486,47232815,94465301,YES
657,658,220,1100000000000,1100047254695,1100094509860,47254695,47255165,94509860,YES
657,658,221,1105000000000,1105047291044,1105094582693,47291044,47291649,94582693,YES
657,658,222,1110000000000,1110047341267,1110094683271,47341267,47342004,94683271,YES
657,658,223,1115000000000,1115047404993,1115094810848,47404993,47405855,94810848,YES
657,658,224,1120000000000,1120047448146,1120094897271,47448146,47449125,94897271,YES
657,658,225,1125000000000,1125047537372,1125095221432,47537372,47684060,95221432,YES
657,658,226,1130000000000,1130047636699,1130095274300,47636699,47637601,95274300,YES
657,658,227,1135000000000,1135078998508,1135148184984,78998508,69186476,148184984,YES
657,658,228,1140000000000,1140078520247,1140147678541,78520247,69158294,147678541,YES
657,658,229,1145000000000,1145069142782,1145139973404,69142782,70830622,139973404,YES
657,658,230,1150000000000,1150069140897,1150138282599,69140897,69141702,138282599,YES
657,658,231,1155000000000,1155070962793,1155140115802,70962793,69153009,140115802,YES
657,658,232,1160000000000,1160069175965,1160138353043,69175965,69177078,138353043,YES
657,658,233,1165000000000,1165069212388,1165138426030,69212388,69213642,138426030,YES
657,658,234,1170000000000,1170069260958,1170140463611,69260958,71202653,140463611,YES
657,658,235,1175000000000,1175069321282,1175138644073,69321282,69322791,138644073,YES
657,658,236,1180000000000,1180069426523,1180138854688,69426523,69428165,138854688,YES
657,658,237,1185000000000,1185076661430,1185146172332,76661430,69510902,146172332,YES
657,658,238,1190000000000,1190069601893,1190139205644,69601893,69603751,139205644,YES
657,658,239,1195000000000,1195066011940,1195139821120,66011940,73809180,139821120,YES
658,659,0,0,82478855,164962124,82478855,82483269,164962124,YES
658,659,1,5000000000,5082637815,5165280182,82637815,82642367,165280182,YES
658,659,2,10000000000,10082806121,10165616928,82806121,82810807,165616928,YES
658,659,3,15000000000,15083017361,15166039547,83017361,83022186,166039547,YES
658,659,4,20000000000,20083204284,20166413517,83204284,83209233,166413517,YES
658,659,5,25000000000,25159155245,25237667752,159155245,78512507,237667752,YES
658,659,6,30000000000,30108457881,30187026760,108457881,78568879,187026760,YES
658,659,7,35000000000,35078614149,35157228883,78614149,78614734,157228883,YES
658,659,8,40000000000,40078688232,40157377143,78688232,78688911,157377143,YES
658,659,9,45000000000,-1,-1,-1,-1,-1,LOST
658,659,10,50000000000,50078863339,50165174507,78863339,86311168,165174507,YES
658,659,11,55000000000,55078964646,55157930315,78964646,78965669,157930315,YES
658,659,12,60000000000,60070310908,60140620229,70310908,70309321,140620229,YES
658,659,13,65000000000,65070183727,65140366010,70183727,70182283,140366010,YES
658,659,14,70000000000,70070065207,70140129111,70065207,70063904,140129111,YES
658,659,15,75000000000,75069955983,75139910824,69955983,69954841,139910824,YES
658,659,16,80000000000,80074618547,80144522178,74618547,69903631,144522178,YES
658,659,17,85000000000,85069768003,85139535178,69768003,69767175,139535178,YES
658,659,18,90000000000,90069690526,90139380393,69690526,69689867,139380393,YES
658,659,19,95000000000,95069624865,95139249243,69624865,69624378,139249243,YES
658,659,20,100000000000,100069571581,100139142856,69571581,69571275,139142856,YES
658,659,21,105000000000,105069531154,105139062182,69531154,69531028,139062182,YES
658,659,22,110000000000,110055439161,110110875922,55439161,55436761,110875922,YES
658,659,23,115000000000,115055291141,115111436843,55291141,56145702,111436843,YES
658,659,24,120000000000,120055189013,120110375862,55189013,55186849,110375862,YES
658,659,25,125000000000,125055066121,125111039398,55066121,55973277,111039398,YES
658,659,26,130000000000,130054956519,130109911145,54956519,54954626,109911145,YES
658,659,27,135000000000,135054860525,135109719302,54860525,54858777,109719302,YES
658,659,28,140000000000,140054778361,140109555120,54778361,54776759,109555120,YES
658,659,29,145000000000,145054710098,145109418746,54710098,54708648,109418746,YES
658,659,30,150000000000,150054655669,150109310046,54655669,54654377,109310046,YES
658,659,31,155000000000,155054614894,155109228652,54614894,54613758,109228652,YES
658,659,32,160000000000,160054587449,160109173917,54587449,54586468,109173917,YES
658,659,33,165000000000,165054572900,165109144976,54572900,54572076,109144976,YES
658,659,34,170000000000,170054570729,170109140784,54570729,54570055,109140784,YES
658,659,35,175000000000,175054580329,175109160132,54580329,54579803,109160132,YES
658,659,36,180000000000,180054601050,180109201713,54601050,54600663,109201713,YES
658,659,37,185000000000,185054632190,185109264128,54632190,54631938,109264128,YES
658,659,38,190000000000,190054673048,190109345967,54673048,54672919,109345967,YES
658,659,39,195000000000,195054722914,195109445814,54722914,54722900,109445814,YES
658,659,40,200000000000,200054781092,200109562275,54781092,54781183,109562275,YES
658,659,41,205000000000,205078960132,205157922642,78960132,78962510,157922642,YES
658,659,42,210000000000,210078988880,210159233237,78988880,80244357,159233237,YES
658,659,43,215000000000,215080104900,215159118817,80104900,79013917,159118817,YES
658,659,44,220000000000,220079026461,220158035610,79026461,79009149,158035610,YES
658,659,45,225000000000,225079011564,225158024988,79011564,79013424,158024988,YES
658,659,46,230000000000,230082808266,230161835025,82808266,79026759,161835025,YES
658,659,47,235000000000,235082351704,235164707435,82351704,82355731,164707435,YES
658,659,48,240000000000,240082500168,240165004535,82500168,82504367,165004535,YES
658,659,49,245000000000,245082659166,245167326464,82659166,84667298,167326464,YES
658,659,50,250000000000,250082828708,250165661922,82828708,82833214,165661922,YES
658,659,51,255000000000,255083008743,255166022142,83008743,83013399,166022142,YES
658,659,52,260000000000,260083232780,260166470356,83232780,83237576,166470356,YES
658,659,53,265000000000,265083433455,265166871845,83433455,83438390,166871845,YES
658,659,54,270000000000,270083644156,270167293386,83644156,83649230,167293386,YES
658,659,55,275000000000,275083864619,275167734422,83864619,83869803,167734422,YES
658,659,56,280000000000,280079419256,280158607721,79419256,79188465,158607721,YES
658,659,57,285000000000,285079279264,285158559242,79279264,79279978,158559242,YES
658,659,58,290000000000,290079379514,290158759839,79379514,79380325,158759839,YES
658,659,59,295000000000,295079488573,295158978055,79488573,79489482,158978055,YES
658,659,60,300000000000,300079606423,300159213877,79606423,79607454,159213877,YES
658,659,61,305000000000,305079733025,305159467213,79733025,79734188,159467213,YES
658,659,62,310000000000,310070369174,310140736887,70369174,70367713,140736887,YES
658,659,63,315000000000,315070247743,315140494169,70247743,70246426,140494169,YES
658,659,64,320000000000,320057901113,320114597774,57901113,56696661,114597774,YES
658,659,65,325000000000,325056489251,325112975745,56489251,56486494,112975745,YES
658,659,66,330000000000,330056286924,330112571175,56286924,56284251,112571175,YES
658,659,67,335000000000,335056093308,335117351427,56093308,61258119,117351427,YES
658,659,68,340000000000,340055909179,340112853374,55909179,56944195,112853374,YES
658,659,69,345000000000,345055735289,345111468222,55735289,55732933,111468222,YES
658,659,70,350000000000,350056001142,350111571325,56001142,55570183,111571325,YES
658,659,71,355000000000,355055454963,355110907822,55454963,55452859,110907822,YES
658,659,72,360000000000,360055316378,360110630781,55316378,55314403,110630781,YES
658,659,73,365000000000,365055190907,365110379980,55190907,55189073,110379980,YES
658,659,74,370000000000,370055079076,370111116276,55079076,56037200,111116276,YES
658,659,75,375000000000,375054981282,375110495076,54981282,55513794,110495076,YES
658,659,76,380000000000,380054897781,380109794181,54897781,54896400,109794181,YES
658,659,77,385000000000,385054828671,385109656116,54828671,54827445,109656116,YES
658,659,78,390000000000,390054773882,390109546696,54773882,54772814,109546696,YES
658,659,79,395000000000,395054733191,395109465467,54733191,54732276,109465467,YES
658,659,80,400000000000,400054706225,400109411685,54706225,54705460,109411685,YES
658,659,81,405000000000,405058405715,405113097584,58405715,54691869,113097584,YES
658,659,82,410000000000,410058626182,410113317088,58626182,54690906,113317088,YES
658,659,83,415000000000,415054702215,415109404093,54702215,54701878,109404093,YES
658,659,84,420000000000,420054724280,420109448352,54724280,54724072,109448352,YES
658,659,85,425000000000,425054756824,425109513555,54756824,54756731,109513555,YES
658,659,86,430000000000,430054799081,430109598179,54799081,54799098,109598179,YES
658,659,87,435000000000,435054850309,435109700735,54850309,54850426,109700735,YES
658,659,88,440000000000,440054909792,440109819796,54909792,54910004,109819796,YES
658,659,89,445000000000,445078866835,445157735234,78866835,78868399,157735234,YES
658,659,90,450000000000,450078856521,450157714744,78856521,78858223,157714744,YES
658,659,91,455000000000,455082060265,455164124127,82060265,82063862,164124127,YES
658,659,92,460000000000,460082181293,460164366361,82181293,82185068,164366361,YES
658,659,93,465000000000,465082313066,465164630100,82313066,82317034,164630100,YES
658,659,94,470000000000,470082455767,470164915672,82455767,82459905,164915672,YES
658,659,95,475000000000,475083805585,475166419423,83805585,82613838,166419423,YES
658,659,96,480000000000,480082774307,480165553080,82774307,82778773,165553080,YES
658,659,97,485000000000,485082950192,485165905011,82950192,82954819,165905011,YES
658,659,98,490000000000,490083137078,490166278930,83137078,83141852,166278930,YES
658,659,99,495000000000,495083334832,495166674576,83334832,83339744,166674576,YES
658,659,100,500000000000,500084073542,500169593000,84073542,85519458,169593000,YES
658,659,101,505000000000,505194165682,505278081841,194165682,83916159,278081841,YES
658,659,102,510000000000,510104617447,510195986969,104617447,91369522,195986969,YES
658,659,103,515000000000,515084229317,515168464055,84229317,84234738,168464055,YES
658,659,104,520000000000,520079522679,520159046195,79522679,79523516,159046195,YES
658,659,105,525000000000,525079633237,525159267421,79633237,79634184,159267421,YES
658,659,106,530000000000,530081171167,530160958682,81171167,79787515,160958682,YES
658,659,107,535000000000,535079914911,535159831005,79914911,79916094,159831005,YES
658,659,108,540000000000,540087700197,540177689702,87700197,89989505,177689702,YES
658,659,109,545000000000,545086498285,545171055145,86498285,84556860,171055145,YES
658,659,110,550000000000,550056727575,550113452300,56727575,56724725,113452300,YES
658,659,111,555000000000,555056516132,555113029494,56516132,56513362,113029494,YES
658,659,112,560000000000,560056312386,560112622083,56312386,56309697,112622083,YES
658,659,113,565000000000,565056117049,565112231500,56117049,56114451,112231500,YES
658,659,114,570000000000,570055930816,570111859139,55930816,55928323,111859139,YES
658,659,115,575000000000,575055754440,575111506495,55754440,55752055,111506495,YES
658,659,116,580000000000,580055588668,580111175062,55588668,55586394,111175062,YES
658,659,117,585000000000,585055434217,585110866291,55434217,55432074,110866291,YES
658,659,118,590000000000,590055325377,590110648734,55325377,55323357,110648734,YES
658,659,119,595000000000,595055195563,595110389243,55195563,55193680,110389243,YES
658,659,120,600000000000,600055078916,600110156086,55078916,55077170,110156086,YES
658,659,121,605000000000,605054975859,605109950122,54975859,54974263,109950122,YES
658,659,122,610000000000,610054886676,610109771902,54886676,54885226,109771902,YES
658,659,123,615000000000,615054811523,615109621749,54811523,54810226,109621749,YES
658,659,124,620000000000,620054750401,620109499654,54750401,54749253,109499654,YES
658,659,125,625000000000,625054703157,625109405322,54703157,54702165,109405322,YES
658,659,126,630000000000,630054669502,630109338161,54669502,54668659,109338161,YES
658,659,127,635000000000,635054649018,635109297339,54649018,54648321,109297339,YES
658,659,128,640000000000,640057690361,640112330985,57690361,54640624,112330985,YES
658,659,129,645000000000,645054645381,645109290342,54645381,54644961,109290342,YES
658,659,130,650000000000,650056777154,650221768145,56777154,164990991,221768145,YES
658,659,131,655000000000,655054687206,655111218232,54687206,56531026,111218232,YES
658,659,132,660000000000,660054723402,660109446752,54723402,54723350,109446752,YES
658,659,133,665000000000,665054768839,665109537728,54768839,54768889,109537728,YES
658,659,134,670000000000,670054822805,670109645755,54822805,54822950,109645755,YES
658,659,135,675000000000,675061176726,675122147163,61176726,60970437,122147163,YES
658,659,136,680000000000,680081753073,680163509461,81753073,81756388,163509461,YES
658,659,137,685000000000,685081876334,685163756169,81876334,81879835,163756169,YES
658,659,138,690000000000,690081975645,690163954974,81975645,81979329,163954974,YES
658,659,139,695000000000,695082610751,695186053278,82610751,103442527,186053278,YES
658,659,140,700000000000,700086546445,700168754674,86546445,82208229,168754674,YES
658,659,141,705000000000,705082333572,705164671375,82333572,82337803,164671375,YES
658,659,142,710000000000,710082473495,710164951386,82473495,82477891,164951386,YES
658,659,143,715000000000,715082623959,715165252473,82623959,82628514,165252473,YES
658,659,144,720000000000,720082785063,720165574837,82785063,82789774,165574837,YES
658,659,145,725000000000,725082956868,725165918607,82956868,82961739,165918607,YES
658,659,146,730000000000,730083139389,730166283782,83139389,83144393,166283782,YES
658,659,147,735000000000,735083332594,735166670320,83332594,83337726,166670320,YES
658,659,148,740000000000,740083536387,740169275091,83536387,85738704,169275091,YES
658,659,149,745000000000,745083750593,745167506563,83750593,83755970,167506563,YES
658,659,150,750000000000,750083974983,750167955455,83974983,83980472,167955455,YES
658,659,151,755000000000,755084209245,755168424086,84209245,84214841,168424086,YES
658,659,152,760000000000,760079494516,760163073509,79494516,83578993,163073509,YES
658,659,153,765000000000,765079604350,765159209894,79604350,79605544,159209894,YES
658,659,154,770000000000,770079724202,770159449721,79724202,79725519,159449721,YES
658,659,155,775000000000,775079853957,775159709360,79853957,79855403,159709360,YES
658,659,156,780000000000,780079993458,780159988484,79993458,79995026,159988484,YES
658,659,157,785000000000,785080142514,785160286756,80142514,80144242,160286756,YES
658,659,158,790000000000,790080300942,790160603754,80300942,80302812,160603754,YES
658,659,159,795000000000,795056269573,795112536310,56269573,56266737,112536310,YES
658,659,160,800000000000,800056071273,800112139777,56071273,56068504,112139777,YES
658,659,161,805000000000,805055881341,805111759993,55881341,55878652,111759993,YES
658,659,162,810000000000,810055700425,810111398261,55700425,55697836,111398261,YES
658,659,163,815000000000,815055529164,815111055819,55529164,55526655,111055819,YES
658,659,164,820000000000,820055368169,820110733931,55368169,55365762,110733931,YES
658,659,165,825000000000,825055218042,825110433781,55218042,55215739,110433781,YES
658,659,166,830000000000,830057536408,830112613484,57536408,55077076,112613484,YES
658,659,167,835000000000,835055238993,835110223024,55238993,54984031,110223024,YES
658,659,168,840000000000,840054871600,840109741260,54871600,54869660,109741260,YES
658,659,169,845000000000,845054769719,845109537629,54769719,54767910,109537629,YES
658,659,170,850000000000,850054680687,850109359699,54680687,54679012,109359699,YES
658,659,171,855000000000,855054604626,855109207712,54604626,54603086,109207712,YES
658,659,172,860000000000,860054541529,860109081661,54541529,54540132,109081661,YES
658,659,173,865000000000,865054491294,865108981339,54491294,54490045,108981339,YES
658,659,174,870000000000,870054453721,870109308824,54453721,54855103,109308824,YES
658,659,175,875000000000,875054428497,875108856034,54428497,54427537,108856034,YES
658,659,176,880000000000,880054415237,880108829654,54415237,54414417,108829654,YES
658,659,177,885000000000,885054413470,885108826259,54413470,54412789,108826259,YES
658,659,178,890000000000,890054422673,890108844802,54422673,54422129,108844802,YES
658,659,179,895000000000,895054442271,895108884138,54442271,54441867,108884138,YES
658,659,180,900000000000,900054471688,900108943094,54471688,54471406,108943094,YES
658,659,181,905000000000,905084593820,905163455253,84593820,78861433,163455253,YES
658,659,182,910000000000,910081779948,910163562464,81779948,81782516,163562464,YES
658,659,183,915000000000,915081843487,915163689742,81843487,81846255,163689742,YES
658,659,184,920000000000,920081916847,920163836659,81916847,81919812,163836659,YES
658,659,185,925000000000,925082000434,925164004025,82000434,82003591,164004025,YES
658,659,186,930000000000,930082094638,930164192628,82094638,82097990,164192628,YES
658,659,187,935000000000,935082199785,935164403136,82199785,82203351,164403136,YES
658,659,188,940000000000,940082349809,940164703381,82349809,82353572,164703381,YES
658,659,189,945000000000,945082477750,945181481923,82477750,99004173,181481923,YES
658,659,190,950000000000,950082617417,950165238982,82617417,82621565,165238982,YES
658,659,191,955000000000,955082768956,955165542243,82768956,82773287,165542243,YES
658,659,192,960000000000,960082932435,960165869381,82932435,82936946,165869381,YES
658,659,193,965000000000,965083107871,965166220414,83107871,83112543,166220414,YES
658,659,194,970000000000,970083295187,970166595217,83295187,83300030,166595217,YES
658,659,195,975000000000,975083494214,975166993424,83494214,83499210,166993424,YES
658,659,196,980000000000,980083704709,980167414554,83704709,83709845,167414554,YES
658,659,197,985000000000,985083926348,985167857966,83926348,83931618,167857966,YES
658,659,198,990000000000,990084158700,990168322800,84158700,84164100,168322800,YES
658,659,199,995000000000,995084401302,995168808129,84401302,84406827,168808129,YES
658,659,200,1000000000000,1000084653605,1000169312850,84653605,84659245,169312850,YES
658,659,201,1005000000000,1005084915050,1005169835840,84915050,84920790,169835840,YES
658,659,202,1010000000000,1010085185048,1010170375936,85185048,85190888,170375936,YES
658,659,203,1015000000000,1015090223140,1015174818327,90223140,84595187,174818327,YES
658,659,204,1020000000000,1020088184144,1020172754789,88184144,84570645,172754789,YES
658,659,205,1025000000000,1025088918148,1025173472850,88918148,84554702,173472850,YES
658,659,206,1030000000000,1030084549562,1030172007900,84549562,87458338,172007900,YES
658,659,207,1035000000000,1035084516718,1035173100527,84516718,88583809,173100527,YES
658,659,208,1040000000000,1040169172499,1040225554527,169172499,56382028,225554527,YES
658,659,209,1045000000000,1045057677286,1045113874868,57677286,56197582,113874868,YES
658,659,210,1050000000000,1050056020095,1050112037723,56020095,56017628,112037723,YES
658,659,211,1055000000000,1055055849345,1055111696332,55849345,55846987,111696332,YES
658,659,212,1060000000000,1060055688557,1060111374863,55688557,55686306,111374863,YES
658,659,213,1065000000000,1065055538312,1065111074497,55538312,55536185,111074497,YES
658,659,214,1070000000000,1070055399162,1070110796312,55399162,55397150,110796312,YES
658,659,215,1075000000000,1075055271604,1075110541324,55271604,55269720,110541324,YES
658,659,216,1080000000000,1080055156066,1080110310376,55156066,55154310,110310376,YES
658,659,217,1085000000000,1085055052895,1085110104172,55052895,55051277,110104172,YES
658,659,218,1090000000000,1090054962339,1090109923194,54962339,54960855,109923194,YES
658,659,219,1095000000000,1095054884532,1095109767725,54884532,54883193,109767725,YES
658,659,220,1100000000000,1100054819513,1100109637830,54819513,54818317,109637830,YES
658,659,221,1105000000000,1105054800797,1105109600537,54800797,54799740,109600537,YES
658,659,222,1110000000000,1110054760993,1110109521069,54760993,54760076,109521069,YES
658,659,223,1115000000000,1115054733404,1115109466030,54733404,54732626,109466030,YES
658,659,224,1120000000000,1120054717651,1120109434660,54717651,54717009,109434660,YES
658,659,225,1125000000000,1125054713277,1125109426038,54713277,54712761,109426038,YES
658,659,226,1130000000000,1130054719768,1130109439146,54719768,54719378,109439146,YES
658,659,227,1135000000000,-1,-1,-1,-1,-1,LOST
658,659,228,1140000000000,1140066057610,1140126874085,66057610,60816475,126874085,YES
658,659,229,1145000000000,1145061758847,1145122570776,61758847,60811929,122570776,YES
658,659,230,1150000000000,1150081903828,1150163810487,81903828,81906659,163810487,YES
658,659,231,1155000000000,1155081970449,1155163943944,81970449,81973495,163943944,YES
658,659,232,1160000000000,1160086495018,1160170699884,86495018,84204866,170699884,YES
658,659,233,1165000000000,1165086352613,1165168488943,86352613,82136330,168488943,YES
658,659,234,1170000000000,1170083109591,1170165359030,83109591,82249439,165359030,YES
658,659,235,1175000000000,1175082335800,1175164675468,82335800,82339668,164675468,YES
658,659,236,1180000000000,1180082486711,1180164977483,82486711,82490772,164977483,YES
658,659,237,1185000000000,1185082614799,1185165233850,82614799,82619051,165233850,YES
658,659,238,1190000000000,1190082753801,1190165512044,82753801,82758243,165512044,YES
658,659,239,1195000000000,1195082903824,1195165812263,82903824,82908439,165812263,YES
659,660,0,0,74435913,148870624,74435913,74434711,148870624,YES
659,660,1,5000000000,5074268388,5148535734,74268388,74267346,148535734,YES
659,660,2,10000000000,10074142107,10151599857,74142107,77457750,151599857,YES
659,660,3,15000000000,15074057440,15149524372,74057440,75466932,149524372,YES
659,660,4,20000000000,20073947546,20147894574,73947546,73947028,147894574,YES
659,660,5,25000000000,25073846382,25159222445,73846382,85376063,159222445,YES
659,660,6,30000000000,30073754273,30179651419,73754273,105897146,179651419,YES
659,660,7,35000000000,35073671537,35147343078,73671537,73671541,147343078,YES
659,660,8,40000000000,40073598464,40147197107,73598464,73598643,147197107,YES
659,660,9,45000000000,45309590549,45383240364,309590549,73649815,383240364,YES
659,660,10,50000000000,50084079435,50157692570,84079435,73613135,157692570,YES
659,660,11,55000000000,55073439886,55146880459,73439886,73440573,146880459,YES
659,660,12,60000000000,60071499719,60142996278,71499719,71496559,142996278,YES
659,660,13,65000000000,65071265564,65142528061,71265564,71262497,142528061,YES
659,660,14,70000000000,70071040249,70142077557,71040249,71037308,142077557,YES
659,660,15,75000000000,75070824530,75141646249,70824530,70821719,141646249,YES
659,660,16,80000000000,80070619154,80146005109,70619154,75385955,146005109,YES
659,660,17,85000000000,85070424843,85140847150,70424843,70422307,140847150,YES
659,660,18,90000000000,90070242309,90140482234,70242309,70239925,140482234,YES
659,660,19,95000000000,95070072182,95140142147,70072182,70069965,140142147,YES
659,660,20,100000000000,100069915017,100139828001,69915017,69912984,139828001,YES
659,660,21,105000000000,105069771268,105139540684,69771268,69769416,139540684,YES
659,660,22,110000000000,110065521863,110131043134,65521863,65521271,131043134,YES
659,660,23,115000000000,115065498253,115130996104,65498253,65497851,130996104,YES
659,660,24,120000000000,120065522896,120131045578,65522896,65522682,131045578,YES
659,660,25,125000000000,125065528707,125131057396,65528707,65528689,131057396,YES
659,660,26,130000000000,130065549233,130131098644,65549233,65549411,131098644,YES
659,660,27,135000000000,135065584255,135131168880,65584255,65584625,131168880,YES
659,660,28,140000000000,140065633398,140131267352,65633398,65633954,131267352,YES
659,660,29,145000000000,145065696154,145131393046,65696154,65696892,131393046,YES
659,660,30,150000000000,150065771911,150131544737,65771911,65772826,131544737,YES
659,660,31,155000000000,155065859966,155145430065,65859966,79570099,145430065,YES
659,660,32,160000000000,160065959575,160131920384,65959575,65960809,131920384,YES
659,660,33,165000000000,165066069954,165132141309,66069954,66071355,132141309,YES
659,660,34,170000000000,170066190316,170132382171,66190316,66191855,132382171,YES
659,660,35,175000000000,175066319893,175132641454,66319893,66321561,132641454,YES
659,660,36,180000000000,180066457957,180132917681,66457957,66459724,132917681,YES
659,660,37,185000000000,185066603768,185133209410,66603768,66605642,133209410,YES
659,660,38,190000000000,190066756680,190133515343,66756680,66758663,133515343,YES
659,660,39,195000000000,195066916068,195133834210,66916068,66918142,133834210,YES
659,660,40,200000000000,200067081374,200134164919,67081374,67083545,134164919,YES
659,660,41,205000000000,205078062536,205156262203,78062536,78199667,156262203,YES
659,660,42,210000000000,210078251721,210156503272,78251721,78251551,156503272,YES
659,660,43,215000000000,215078379171,215156758282,78379171,78379111,156758282,YES
659,660,44,220000000000,220078545792,220157091670,78545792,78545878,157091670,YES
659,660,45,225000000000,225078718109,225157436446,78718109,78718337,157436446,YES
659,660,46,230000000000,230074330928,230151639017,74330928,77308089,151639017,YES
659,660,47,235000000000,235074191657,235151119557,74191657,76927900,151119557,YES
659,660,48,240000000000,240074060206,240148119418,74060206,74059212,148119418,YES
659,660,49,245000000000,245073937000,245147873197,73937000,73936197,147873197,YES
659,660,50,250000000000,250073822432,250147644246,73822432,73821814,147644246,YES
659,660,51,255000000000,255073716894,255147433352,73716894,73716458,147433352,YES
659,660,52,260000000000,260076403951,260150057990,76403951,73654039,150057990,YES
659,660,53,265000000000,265076035334,265149603124,76035334,73567790,149603124,YES
659,660,54,270000000000,270076586013,270150077563,76586013,73491550,150077563,YES
659,660,55,275000000000,275073425297,275146850911,73425297,73425614,146850911,YES
659,660,56,280000000000,280073369647,280146739794,73369647,73370147,146739794,YES
659,660,57,285000000000,-1,-1,-1,-1,-1,LOST
659,660,58,290000000000,290073290664,290148401274,73290664,75110610,148401274,YES
659,660,59,295000000000,295073267667,295146536351,73267667,73268684,146536351,YES
659,660,60,300000000000,300074750682,300148007707,74750682,73257025,148007707,YES
659,660,61,305000000000,305073255331,305146511987,73255331,73256656,146511987,YES
659,660,62,310000000000,310071143950,310142284791,71143950,71140841,142284791,YES
659,660,63,315000000000,315070930869,315141858733,70930869,70927864,141858733,YES
659,660,64,320000000000,320071691379,320142416406,71691379,70725027,142416406,YES
659,660,65,325000000000,325070535851,325141068946,70535851,70533095,141068946,YES
659,660,66,330000000000,330073449264,330143801643,73449264,70352379,143801643,YES
659,660,67,335000000000,335079721206,335149904663,79721206,70183457,149904663,YES
659,660,68,340000000000,340070029687,340140057054,70029687,70027367,140057054,YES
659,660,69,345000000000,345069885792,345139769438,69885792,69883646,139769438,YES
659,660,70,350000000000,350065617214,350131233540,65617214,65616326,131233540,YES
659,660,71,355000000000,355065754102,355131376154,65754102,65622052,131376154,YES
659,660,72,360000000000,360065570329,360131140132,65570329,65569803,131140132,YES
659,660,73,365000000000,365065551505,365131102671,65551505,65551166,131102671,YES
659,660,74,370000000000,370066136778,370131683944,66136778,65547166,131683944,YES
659,660,75,375000000000,375065557817,375131115683,65557817,65557866,131115683,YES
659,660,76,380000000000,380065582917,380131166077,65582917,65583160,131166077,YES
659,660,77,385000000000,385065622359,385131245152,65622359,65622793,131245152,YES
659,660,78,390000000000,390065675726,390131352077,65675726,65676351,131352077,YES
659,660,79,395000000000,395065742493,395131485790,65742493,65743297,131485790,YES
659,660,80,400000000000,400065822018,400131645013,65822018,65822995,131645013,YES
659,660,81,405000000000,405065913597,405135367386,65913597,69453789,135367386,YES
659,660,82,410000000000,410066016474,410136766449,66016474,70749975,136766449,YES
659,660,83,415000000000,415066129874,415132261206,66129874,66131332,132261206,YES
659,660,84,420000000000,420066253019,420132507631,66253019,66254612,132507631,YES
659,660,85,425000000000,425066385148,425132772009,66385148,66386861,132772009,YES
659,660,86,430000000000,430066559147,430133120106,66559147,66560959,133120106,YES
659,660,87,435000000000,435066707095,435133416119,66707095,66709024,133416119,YES
659,660,88,440000000000,440066861954,440134348220,66861954,67486266,134348220,YES
659,660,89,445000000000,445078179146,445156358100,78179146,78178954,156358100,YES
659,660,90,450000000000,450078334187,450156668312,78334187,78334125,156668312,YES
659,660,91,455000000000,455078495664,455156991408,78495664,78495744,156991408,YES
659,660,92,460000000000,460078663692,460157327626,78663692,78663934,157327626,YES
659,660,93,465000000000,465078838403,465157677222,78838403,78838819,157677222,YES
659,660,94,470000000000,470073995882,470151915679,73995882,77919797,151915679,YES
659,660,95,475000000000,475073869724,475155804050,73869724,81934326,155804050,YES
659,660,96,480000000000,480073752419,480153702768,73752419,79950349,153702768,YES
659,660,97,485000000000,485073644411,485147288291,73644411,73643880,147288291,YES
659,660,98,490000000000,490073546081,490147091832,73546081,73545751,147091832,YES
659,660,99,495000000000,495073457789,495146915451,73457789,73457662,146915451,YES
659,660,100,500000000000,500073379836,500150092887,73379836,76713051,150092887,YES
659,660,101,505000000000,505073312481,505155161234,73312481,81848753,155161234,YES
659,660,102,510000000000,510073255942,510150790949,73255942,77535007,150790949,YES
659,660,103,515000000000,515073210389,515146421439,73210389,73211050,146421439,YES
659,660,104,520000000000,520073175956,520146757925,73175956,73581969,146757925,YES
659,660,105,525000000000,525073152752,525146355307,73152752,73202555,146355307,YES
659,660,106,530000000000,530073174438,530146350078,73174438,73175640,146350078,YES
659,660,107,535000000000,535076526465,535149717534,76526465,73191069,149717534,YES
659,660,108,540000000000,540075212972,540148399191,75212972,73186219,148399191,YES
659,660,109,545000000000,545080191359,545153615122,80191359,73423763,153615122,YES
659,660,110,550000000000,550070689583,550141376255,70689583,70686672,141376255,YES
659,660,111,555000000000,555070493905,555140985031,70493905,70491126,140985031,YES
659,660,112,560000000000,560070309212,560140615774,70309212,70306562,140615774,YES
659,660,113,565000000000,565070136010,565140269511,70136010,70133501,140269511,YES
659,660,114,570000000000,570069974759,570139947176,69974759,69972417,139947176,YES
659,660,115,575000000000,575069825837,575139649487,69825837,69823650,139649487,YES
659,660,116,580000000000,580069689532,580139377046,69689532,69687514,139377046,YES
659,660,117,585000000000,585065680889,585131361024,65680889,65680135,131361024,YES
659,660,118,590000000000,590065677285,590131353994,65677285,65676709,131353994,YES
659,660,119,595000000000,595065654039,595131307685,65654039,65653646,131307685,YES
659,660,120,600000000000,600065645016,600131289827,65645016,65644811,131289827,YES
659,660,121,605000000000,605065650334,605131725273,65650334,66074939,131725273,YES
659,660,122,610000000000,610065669958,610131927996,65669958,66258038,131927996,YES
659,660,123,615000000000,615065703701,615131407766,65703701,65704065,131407766,YES
659,660,124,620000000000,620065751228,620131503006,65751228,65751778,131503006,YES
659,660,125,625000000000,625066007548,625131820372,66007548,65812824,131820372,YES
659,660,126,630000000000,630065885709,630131772319,65885709,65886610,131772319,YES
659,660,127,635000000000,635065971454,635131943974,65971454,65972520,131943974,YES
659,660,128,640000000000,640066068623,640139140359,66068623,73071736,139140359,YES
659,660,129,645000000000,645066176485,645132354354,66176485,66177869,132354354,YES
659,660,130,650000000000,650148443349,650214741177,148443349,66297828,214741177,YES
659,660,131,655000000000,655067819761,655134297727,67819761,66477966,134297727,YES
659,660,132,660000000000,660066590455,660133182659,66590455,66592204,133182659,YES
659,660,133,665000000000,665066733792,665133469457,66733792,66735665,133469457,YES
659,660,134,670000000000,670067402454,670134288742,67402454,66886288,134288742,YES
659,660,135,675000000000,675067041380,675134084834,67041380,67043454,134084834,YES
659,660,136,680000000000,680078257815,680156515033,78257815,78257218,156515033,YES
659,660,137,685000000000,685078398557,685156796619,78398557,78398062,156796619,YES
659,660,138,690000000000,690078544757,690157089153,78544757,78544396,157089153,YES
659,660,139,695000000000,695078696558,695160609659,78696558,81913101,160609659,YES
659,660,140,700000000000,700073733377,700152545676,73733377,78812299,152545676,YES
659,660,141,705000000000,705073829732,705147659340,73829732,73829608,147659340,YES
659,660,142,710000000000,710070664429,710141327576,70664429,70663147,141327576,YES
659,660,143,715000000000,715074025255,715148049232,74025255,74023977,148049232,YES
659,660,144,720000000000,720074983155,720148876017,74983155,73892862,148876017,YES
659,660,145,725000000000,725073771543,725148148717,73771543,74377174,148148717,YES
659,660,146,730000000000,730074243085,730147900863,74243085,73657778,147900863,YES
659,660,147,735000000000,735073555188,735147109905,73555188,73554717,147109905,YES
659,660,148,740000000000,740073462087,740146923916,73462087,73461829,146923916,YES
659,660,149,745000000000,745073379505,745146758965,73379505,73379460,146758965,YES
659,660,150,750000000000,750073307724,750146615617,73307724,73307893,146615617,YES
659,660,151,755000000000,755073246962,755146494303,73246962,73247341,146494303,YES
659,660,152,760000000000,760073230984,760146462549,73230984,73231565,146462549,YES
659,660,153,765000000000,765073192694,765146386169,73192694,73193475,146386169,YES
659,660,154,770000000000,770074377855,770147544577,74377855,73166722,147544577,YES
659,660,155,775000000000,775100835293,775173986593,100835293,73151300,173986593,YES
659,660,156,780000000000,780073146017,780146293355,73146017,73147338,146293355,YES
659,660,157,785000000000,785078317506,785151472174,78317506,73154668,151472174,YES
659,660,158,790000000000,790082172897,790162175460,82172897,80002563,162175460,YES
659,660,159,795000000000,795070163658,795140324797,70163658,70161139,140324797,YES
659,660,160,800000000000,800069977512,800139952656,69977512,69975144,139952656,YES
659,660,161,805000000000,805069802862,805139603514,69802862,69800652,139603514,YES
659,660,162,810000000000,810069640235,810139278419,69640235,69638184,139278419,YES
659,660,163,815000000000,815069490073,815138978281,69490073,69488208,138978281,YES
659,660,164,820000000000,820069352727,820138703760,69352727,69351033,138703760,YES
659,660,165,825000000000,825069228434,825138455350,69228434,69226916,138455350,YES
659,660,166,830000000000,830068306010,830134080092,68306010,65774082,134080092,YES
659,660,167,835000000000,835065808038,835131615998,65808038,65807960,131615998,YES
659,660,168,840000000000,840065821894,840131643891,65821894,65821997,131643891,YES
659,660,169,845000000000,845065849394,845131699074,65849394,65849680,131699074,YES
659,660,170,850000000000,850065890284,850132503443,65890284,66613159,132503443,YES
659,660,171,855000000000,855065944194,855131889027,65944194,65944833,131889027,YES
659,660,172,860000000000,860066010656,860132022126,66010656,66011470,132022126,YES
659,660,173,865000000000,865066895212,865133052516,66895212,66157304,133052516,YES
659,660,174,870000000000,870066178935,870132359013,66178935,66180078,132359013,YES
659,660,175,875000000000,875066279486,875132560258,66279486,66280772,132560258,YES
659,660,176,880000000000,880066390086,880132781584,66390086,66391498,132781584,YES
659,660,177,885000000000,885066543636,885133088810,66543636,66545174,133088810,YES
659,660,178,890000000000,890066672268,890133346193,66672268,66673925,133346193,YES
659,660,179,895000000000,895066808935,895134579936,66808935,67771001,134579936,YES
659,660,180,900000000000,900066953010,900134392183,66953010,67439173,134392183,YES
659,660,181,905000000000,905078311918,905156623051,78311918,78311133,156623051,YES
659,660,182,910000000000,910078441492,910156882293,78441492,78440801,156882293,YES
659,660,183,915000000000,915078576412,915163884536,78576412,85308124,163884536,YES
659,660,184,920000000000,920073554906,920147109165,73554906,73554259,147109165,YES
659,660,185,925000000000,925073612622,925147224732,73612622,73612110,147224732,YES
659,660,186,930000000000,930073679456,930147358529,73679456,73679073,147358529,YES
659,660,187,935000000000,935073755775,935147511317,73755775,73755542,147511317,YES
659,660,188,940000000000,940073841928,940147683783,73841928,73841855,147683783,YES
659,660,189,945000000000,945073938253,945147876605,73938253,73938352,147876605,YES
659,660,190,950000000000,950074294645,950148349573,74294645,74054928,148349573,YES
659,660,191,955000000000,955074162568,955148325614,74162568,74163046,148325614,YES
659,660,192,960000000000,960073704955,960147409152,73704955,73704197,147409152,YES
659,660,193,965000000000,965073600062,965147199578,73600062,73599516,147199578,YES
659,660,194,970000000000,970073505424,970147010518,73505424,73505094,147010518,YES
659,660,195,975000000000,975073421402,975146842695,73421402,73421293,146842695,YES
659,660,196,980000000000,980073348288,980146696688,73348288,73348400,146696688,YES
659,660,197,985000000000,985073286304,985146572935,73286304,73286631,146572935,YES
659,660,198,990000000000,990073235603,990146817988,73235603,73582385,146817988,YES
659,660,199,995000000000,995075742689,995150857557,75742689,75114868,150857557,YES
659,660,200,1000000000000,1000078218117,1000154493108,78218117,76274991,154493108,YES
659,660,201,1005000000000,1005073185426,1005146371979,73185426,73186553,146371979,YES
659,660,202,1010000000000,1010073180247,1010146361801,73180247,73181554,146361801,YES
659,660,203,1015000000000,1015073186335,1015146374142,73186335,73187807,146374142,YES
659,660,204,1020000000000,1020073203597,1020148184574,73203597,74980977,148184574,YES
659,660,205,1025000000000,1025073231901,1025146465575,73231901,73233674,146465575,YES
659,660,206,1030000000000,1030076090470,1030149363530,76090470,73273060,149363530,YES
659,660,207,1035000000000,1035073287510,1035146577045,73287510,73289535,146577045,YES
659,660,208,1040000000000,1040070266498,1040140530476,70266498,70263978,140530476,YES
659,660,209,1045000000000,1045070095780,1045140189184,70095780,70093404,140189184,YES
659,660,210,1050000000000,1050069936243,1050139870256,69936243,69934013,139870256,YES
659,660,211,1055000000000,1055069788208,1055139574333,69788208,69786125,139574333,YES
659,660,212,1060000000000,1060069651911,1060139301903,69651911,69649992,139301903,YES
659,660,213,1065000000000,1065069527532,1065139053313,69527532,69525781,139053313,YES
659,660,214,1070000000000,1070066051467,1070132102422,66051467,66050955,132102422,YES
659,660,215,1075000000000,1075066031260,1075132062173,66031260,66030913,132062173,YES
659,660,216,1080000000000,1080066023959,1080132385732,66023959,66361773,132385732,YES
659,660,217,1085000000000,1085066029651,1085132059297,66029651,66029646,132059297,YES
659,660,218,1090000000000,1090066048309,1090132096785,66048309,66048476,132096785,YES
659,660,219,1095000000000,1095066079786,1095132159914,66079786,66080128,132159914,YES
659,660,220,1100000000000,1100066123835,1100132248180,66123835,66124345,132248180,YES
659,660,221,1105000000000,1105066213702,1105132428079,66213702,66214377,132428079,YES
659,660,222,1110000000000,1110067477867,1110133760475,67477867,66282608,133760475,YES
659,660,223,1115000000000,1115066361113,1115135154863,66361113,68793750,135154863,YES
659,660,224,1120000000000,1120066451206,1120132903537,66451206,66452331,132903537,YES
659,660,225,1125000000000,1125066585056,1125133171370,66585056,66586314,133171370,YES
659,660,226,1130000000000,1130066694399,1130133390111,66694399,66695712,133390111,YES
659,660,227,1135000000000,-1,-1,-1,-1,-1,LOST
659,660,228,1140000000000,1140066924622,1140141421148,66924622,74496526,141421148,YES
659,660,229,1145000000000,1145068088506,1145135141892,68088506,67053386,135141892,YES
659,660,230,1150000000000,1150070737267,1150144300200,70737267,73562933,144300200,YES
659,660,231,1155000000000,1155070640568,1155141278959,70640568,70638391,141278959,YES
659,660,232,1160000000000,1160075039777,1160151951611,75039777,76911834,151951611,YES
659,660,233,1165000000000,1165070473091,1165147852250,70473091,77379159,147852250,YES
659,660,234,1170000000000,1170070403014,1170140804175,70403014,70401161,140804175,YES
659,660,235,1175000000000,1175070342502,1175140683277,70342502,70340775,140683277,YES
659,660,236,1180000000000,1180070291891,1180140582191,70291891,70290300,140582191,YES
659,660,237,1185000000000,1185070251500,1185140501557,70251500,70250057,140501557,YES
659,660,238,1190000000000,1190070434479,1190140654831,70434479,70220352,140654831,YES
659,660,239,1195000000000,1195070202571,1195140897433,70202571,70694862,140897433,YES
660,661,0,0,44383393,88765210,44383393,44381817,88765210,YES
660,661,1,5000000000,5044282102,5088562663,44282102,44280561,88562663,YES
660,661,2,10000000000,10044681764,10088901468,44681764,44219704,88901468,YES
660,661,3,15000000000,15044167180,15088357753,44167180,44190573,88357753,YES
660,661,4,20000000000,20044119993,20088238570,44119993,44118577,88238570,YES
660,661,5,25000000000,25044079696,25088158023,44079696,44078327,88158023,YES
660,661,6,30000000000,30044046335,30088091353,44046335,44045018,88091353,YES
660,661,7,35000000000,35040588612,35081176010,40588612,40587398,81176010,YES
660,661,8,40000000000,40040440838,40080880517,40440838,40439679,80880517,YES
660,661,9,45000000000,45040299638,45081563248,40299638,41263610,81563248,YES
660,661,10,50000000000,50040165596,50080330160,40165596,40164564,80330160,YES
660,661,11,55000000000,55040039335,55080077724,40039335,40038389,80077724,YES
660,661,12,60000000000,60039921508,60079842158,39921508,39920650,79842158,YES
660,661,13,65000000000,65039812784,65079624793,39812784,39812009,79624793,YES
660,661,14,70000000000,70045185884,70084918161,45185884,39732277,84918161,YES
660,661,15,75000000000,75039625376,75079250162,39625376,39624786,79250162,YES
660,661,16,80000000000,80039548029,80079095570,39548029,39547541,79095570,YES
660,661,17,85000000000,85039482427,85078964471,39482427,39482044,78964471,YES
660,661,18,90000000000,90039429117,90078857966,39429117,39428849,78857966,YES
660,661,19,95000000000,95039388569,95078776982,39388569,39388413,78776982,YES
660,661,20,100000000000,100039327551,100078655059,39327551,39327508,78655059,YES
660,661,21,105000000000,105039347103,105078694276,39347103,39347173,78694276,YES
660,661,22,110000000000,110073213247,110144053606,73213247,70840359,144053606,YES
660,661,23,115000000000,115074249732,115145038244,74249732,70788512,145038244,YES
660,661,24,120000000000,120070717068,120141434414,70717068,70717346,141434414,YES
660,661,25,125000000000,125078309211,125149003525,78309211,70694314,149003525,YES
660,661,26,130000000000,130079831085,130150517261,79831085,70686176,150517261,YES
660,661,27,135000000000,135070692063,135141385067,70692063,70693004,141385067,YES
660,661,28,140000000000,140070720041,140144768315,70720041,74048274,144768315,YES
660,661,29,145000000000,145070750312,145164855937,70750312,94105625,164855937,YES
660,661,30,150000000000,150070801708,150143049483,70801708,72247775,143049483,YES
660,661,31,155000000000,155114840600,155186015889,114840600,71175289,186015889,YES
660,661,32,160000000000,160070947644,160141897174,70947644,70949530,141897174,YES
660,661,33,165000000000,165071041352,165142084746,71041352,71043394,142084746,YES
660,661,34,170000000000,170071148197,170142298597,71148197,71150400,142298597,YES
660,661,35,175000000000,175071267595,175142537529,71267595,71269934,142537529,YES
660,661,36,180000000000,180071398905,180142800279,71398905,71401374,142800279,YES
660,661,37,185000000000,185071541476,185143085536,71541476,71544060,143085536,YES
660,661,38,190000000000,190071694635,190143391962,71694635,71697327,143391962,YES
660,661,39,195000000000,195071884750,195145537188,71884750,73652438,145537188,YES
660,661,40,200000000000,200076598219,200148631343,76598219,72033124,148631343,YES
660,661,41,205000000000,205072211050,205144425104,72211050,72214054,144425104,YES
660,661,42,210000000000,210072433694,210144870464,72433694,72436770,144870464,YES
660,661,43,215000000000,215072575016,215145152184,72575016,72577168,145152184,YES
660,661,44,220000000000,220072701593,220145405406,72701593,72703813,145405406,YES
660,661,45,225000000000,225058563920,225110590127,58563920,52026207,110590127,YES
660,661,46,230000000000,230044380346,230088210000,44380346,43829654,88210000,YES
660,661,47,235000000000,235043743388,235087485233,43743388,43741845,87485233,YES
660,661,48,240000000000,240043662999,240087324492,43662999,43661493,87324492,YES
660,661,49,245000000000,245043590174,245087178882,43590174,43588708,87178882,YES
660,661,50,250000000000,250043524992,250087048558,43524992,43523566,87048558,YES
660,661,51,255000000000,255043467517,255086933662,43467517,43466145,86933662,YES
660,661,52,260000000000,260043417827,260087875793,43417827,44457966,87875793,YES
660,661,53,265000000000,265043375981,265086750693,43375981,43374712,86750693,YES
660,661,54,270000000000,270043342055,270086968738,43342055,43626683,86968738,YES
660,661,55,275000000000,275043316131,275086631121,43316131,43314990,86631121,YES
660,661,56,280000000000,280043298321,280086595570,43298321,43297249,86595570,YES
660,661,57,285000000000,285043288736,285089858350,43288736,46569614,89858350,YES
660,661,58,290000000000,290044094813,290087381419,44094813,43286606,87381419,YES
660,661,59,295000000000,295039790672,295079580525,39790672,39789853,79580525,YES
660,661,60,300000000000,300039678194,300079355656,39678194,39677462,79355656,YES
660,661,61,305000000000,305039574917,305079149193,39574917,39574276,79149193,YES
660,661,62,310000000000,310039481451,310078962366,39481451,39480915,78962366,YES
660,661,63,315000000000,315042750075,315085498823,42750075,42748748,85498823,YES
660,661,64,320000000000,320042553539,320085105868,42553539,42552329,85105868,YES
660,661,65,325000000000,325051425802,325093791424,51425802,42365622,93791424,YES
660,661,66,330000000000,330049152516,330091342368,49152516,42189852,91342368,YES
660,661,67,335000000000,335042170954,335084196154,42170954,42025200,84196154,YES
660,661,68,340000000000,340041838795,340083676870,41838795,41838075,83676870,YES
660,661,69,345000000000,345041730393,345083460188,41730393,41729795,83460188,YES
660,661,70,350000000000,350070458925,350140917347,70458925,70458422,140917347,YES
660,661,71,355000000000,355070404199,355142782764,70404199,72378565,142782764,YES
660,661,72,360000000000,360070330352,360146401980,70330352,76071628,146401980,YES
660,661,73,365000000000,365070305022,365141693409,70305022,71388387,141693409,YES
660,661,74,370000000000,370070294946,370151164106,70294946,80869160,151164106,YES
660,661,75,375000000000,375070300326,375140601261,70300326,70300935,140601261,YES
660,661,76,380000000000,380070321221,380140643269,70321221,70322048,140643269,YES
660,661,77,385000000000,385070357566,385140716169,70357566,70358603,140716169,YES
660,661,78,390000000000,390070409146,390141910619,70409146,71501473,141910619,YES
660,661,79,395000000000,395070475625,395140952684,70475625,70477059,140952684,YES
660,661,80,400000000000,400072768851,400143327069,72768851,70558218,143327069,YES
660,661,81,405000000000,405078001480,405148654822,78001480,70653342,148654822,YES
660,661,82,410000000000,410070759524,410141521010,70759524,70761486,141521010,YES
660,661,83,415000000000,415070880275,415141762662,70880275,70882387,141762662,YES
660,661,84,420000000000,420072220082,420143235325,72220082,71015243,143235325,YES
660,661,85,425000000000,425071156838,425148468041,71156838,77311203,148468041,YES
660,661,86,430000000000,430071344819,430142692166,71344819,71347347,142692166,YES
660,661,87,435000000000,435071509002,435143020648,71509002,71511646,143020648,YES
660,661,88,440000000000,440077083910,440148769191,77083910,71685281,148769191,YES
660,661,89,445000000000,445050995360,445101993366,50995360,50998006,101993366,YES
660,661,90,450000000000,450051179200,450102361094,51179200,51181894,102361094,YES
660,661,91,455000000000,455051371173,455102745098,51371173,51373925,102745098,YES
660,661,92,460000000000,460051571127,460103145066,51571127,51573939,103145066,YES
660,661,93,465000000000,465051795121,465104083075,51795121,52287954,104083075,YES
660,661,94,470000000000,470045671494,470089281896,45671494,43610402,89281896,YES
660,661,95,475000000000,475043536993,475087072521,43536993,43535528,87072521,YES
660,661,96,480000000000,480044412815,480087881338,44412815,43468523,87881338,YES
660,661,97,485000000000,485043410887,485086820402,43410887,43409515,86820402,YES
660,661,98,490000000000,490043359833,490086718339,43359833,43358506,86718339,YES
660,661,99,495000000000,495043316823,495086632377,43316823,43315554,86632377,YES
660,661,100,500000000000,500043281909,500086562604,43281909,43280695,86562604,YES
660,661,101,505000000000,505043255132,505086509114,43255132,43253982,86509114,YES
660,661,102,510000000000,510043236553,510086472026,43236553,43235473,86472026,YES
660,661,103,515000000000,515043226251,515086451495,43226251,43225244,86451495,YES
660,661,104,520000000000,520043224315,520086447703,43224315,43223388,86447703,YES
660,661,105,525000000000,525043230858,525086460873,43230858,43230015,86460873,YES
660,661,106,530000000000,530043246004,530086491256,43246004,43245252,86491256,YES
660,661,107,535000000000,535043184376,535086367150,43184376,43182774,86367150,YES
660,661,108,540000000000,540042967293,540085933112,42967293,42965819,85933112,YES
660,661,109,545000000000,545042758762,545085516155,42758762,42757393,85516155,YES
660,661,110,550000000000,550042559363,550085117456,42559363,42558093,85117456,YES
660,661,111,555000000000,555042369594,555084738038,42369594,42368444,84738038,YES
660,661,112,560000000000,560042156364,560084311699,42156364,42155335,84311699,YES
660,661,113,565000000000,565041987319,565083973742,41987319,41986423,83973742,YES
660,661,114,570000000000,570041862848,570083724916,41862848,41862068,83724916,YES
660,661,115,575000000000,575041716084,575083431502,41716084,41715418,83431502,YES
660,661,116,580000000000,580041580877,580084832277,41580877,43251400,84832277,YES
660,661,117,585000000000,585070574696,585141127778,70574696,70553082,141127778,YES
660,661,118,590000000000,590074587113,590145098315,74587113,70511202,145098315,YES
660,661,119,595000000000,595070483657,595140967436,70483657,70483779,140967436,YES
660,661,120,600000000000,600070437132,600140874604,70437132,70437472,140874604,YES
660,661,121,605000000000,605071023160,605141462905,71023160,70439745,141462905,YES
660,661,122,610000000000,610070846482,610141303595,70846482,70457113,141303595,YES
660,661,123,615000000000,615070488567,615140978114,70488567,70489547,140978114,YES
660,661,124,620000000000,620070552575,620141089497,70552575,70536922,141089497,YES
660,661,125,625000000000,625070984552,625141726030,70984552,70741478,141726030,YES
660,661,126,630000000000,630070673722,630147388293,70673722,76714571,147388293,YES
660,661,127,635000000000,635070763704,635141529151,70763704,70765447,141529151,YES
660,661,128,640000000000,640070866976,640150212137,70866976,79345161,150212137,YES
660,661,129,645000000000,645070982937,645141967935,70982937,70984998,141967935,YES
660,661,130,650000000000,650072312570,650143425764,72312570,71113194,143425764,YES
660,661,131,655000000000,655071250325,655143634101,71250325,72383776,143634101,YES
660,661,132,660000000000,660071434010,660144510395,71434010,73076385,144510395,YES
660,661,133,665000000000,665071736466,665147351644,71736466,75615178,147351644,YES
660,661,134,670000000000,670055537629,670106439675,55537629,50902046,106439675,YES
660,661,135,675000000000,675051068607,675102139812,51068607,51071205,102139812,YES
660,661,136,680000000000,680051246407,680102495466,51246407,51249059,102495466,YES
660,661,137,685000000000,685051432662,685102868034,51432662,51435372,102868034,YES
660,661,138,690000000000,690051627233,690103257243,51627233,51630010,103257243,YES
660,661,139,695000000000,695051829969,695103662761,51829969,51832792,103662761,YES
660,661,140,700000000000,700041579726,700083160599,41579726,41580873,83160599,YES
660,661,141,705000000000,705041715566,705083432352,41715566,41716786,83432352,YES
660,661,142,710000000000,710040638211,710081276761,40638211,40638550,81276761,YES
660,661,143,715000000000,715044072507,715088143506,44072507,44070999,88143506,YES
660,661,144,720000000000,720044012378,720088023303,44012378,44010925,88023303,YES
660,661,145,725000000000,725045794619,725090905556,45794619,45110937,90905556,YES
660,661,146,730000000000,730044876395,730088789869,44876395,43913474,88789869,YES
660,661,147,735000000000,735043877359,735087753385,43877359,43876026,87753385,YES
660,661,148,740000000000,740043847299,740087711327,43847299,43864028,87711327,YES
660,661,149,745000000000,745043824642,745087659572,43824642,43834930,87659572,YES
660,661,150,750000000000,750043809374,750087617951,43809374,43808577,87617951,YES
660,661,151,755000000000,755043801501,755087601881,43801501,43800380,87601881,YES
660,661,152,760000000000,760043807257,760087607262,43807257,43800005,87607262,YES
660,661,153,765000000000,765043829104,765087636228,43829104,43807124,87636228,YES
660,661,154,770000000000,770043822707,770087644531,43822707,43821824,87644531,YES
660,661,155,775000000000,775040363730,775080726662,40363730,40362932,80726662,YES
660,661,156,780000000000,780040270199,780080539683,40270199,40269484,80539683,YES
660,661,157,785000000000,785040152581,785080304534,40152581,40151953,80304534,YES
660,661,158,790000000000,790042972932,790083084560,42972932,40111628,83084560,YES
660,661,159,795000000000,795042658745,795085316142,42658745,42657397,85316142,YES
660,661,160,800000000000,800042463411,800084925589,42463411,42462178,84925589,YES
660,661,161,805000000000,805042277618,805084554121,42277618,42276503,84554121,YES
660,661,162,810000000000,810042101811,810084202619,42101811,42100808,84202619,YES
660,661,163,815000000000,815041936402,815083871928,41936402,41935526,83871928,YES
660,661,164,820000000000,820041781745,820086814522,41781745,45032777,86814522,YES
660,661,165,825000000000,825041638124,825086547071,41638124,44908947,86547071,YES
660,661,166,830000000000,830071139169,830142976062,71139169,71836893,142976062,YES
660,661,167,835000000000,835071114224,835142228871,71114224,71114647,142228871,YES
660,661,168,840000000000,840071102990,840144954869,71102990,73851879,144954869,YES
660,661,169,845000000000,845071105631,845142212107,71105631,71106476,142212107,YES
660,661,170,850000000000,850073391323,850145536216,73391323,72144893,145536216,YES
660,661,171,855000000000,855072344361,855143464753,72344361,71120392,143464753,YES
660,661,172,860000000000,860071163499,860142328427,71163499,71164928,142328427,YES
660,661,173,865000000000,865072763139,865143986275,72763139,71223136,143986275,YES
660,661,174,870000000000,870075045610,870146378764,75045610,71333154,146378764,YES
660,661,175,875000000000,875071377380,875148659023,71377380,77281643,148659023,YES
660,661,176,880000000000,880071474502,880142951084,71474502,71476582,142951084,YES
660,661,177,885000000000,885071617431,885143237083,71617431,71619652,143237083,YES
660,661,178,890000000000,890077893469,890149634455,77893469,71740986,149634455,YES
660,661,179,895000000000,895074081717,895145954951,74081717,71873234,145954951,YES
660,661,180,900000000000,900074980852,900152936307,74980852,77955455,152936307,YES
660,661,181,905000000000,905076362219,905154900464,76362219,78538245,154900464,YES
660,661,182,910000000000,910051470904,910102944424,51470904,51473520,102944424,YES
660,661,183,915000000000,915051630930,915103264522,51630930,51633592,103264522,YES
660,661,184,920000000000,920040950869,920081902443,40950869,40951574,81902443,YES
660,661,185,925000000000,925041023848,925082048474,41023848,41024626,82048474,YES
660,661,186,930000000000,930041107626,930082216108,41107626,41108482,82216108,YES
660,661,187,935000000000,935041202346,935082405626,41202346,41203280,82405626,YES
660,661,188,940000000000,940041308071,940082617155,41308071,41309084,82617155,YES
660,661,189,945000000000,945041424789,945082850664,41424789,41425875,82850664,YES
660,661,190,950000000000,950041552410,950083505901,41552410,41953491,83505901,YES
660,661,191,955000000000,955041690762,955083382765,41690762,41692003,83382765,YES
660,661,192,960000000000,960043387236,960086773116,43387236,43385880,86773116,YES
660,661,193,965000000000,965043331401,965086661490,43331401,43330089,86661490,YES
660,661,194,970000000000,970043284120,970086566975,43284120,43282855,86566975,YES
660,661,195,975000000000,975043245363,975086489522,43245363,43244159,86489522,YES
660,661,196,980000000000,980043215109,980086429073,43215109,43213964,86429073,YES
660,661,197,985000000000,985043193316,985086385545,43193316,43192229,86385545,YES
660,661,198,990000000000,990043179956,990086358891,43179956,43178935,86358891,YES
660,661,199,995000000000,995043175011,995087248147,43175011,44073136,87248147,YES
660,661,200,1000000000000,1000043178478,1000086356080,43178478,43177602,86356080,YES
660,661,201,1005000000000,1005043190366,1005086379927,43190366,43189561,86379927,YES
660,661,202,1010000000000,1010043210711,1010086420704,43210711,43209993,86420704,YES
660,661,203,1015000000000,1015043245013,1015086483928,43245013,43238915,86483928,YES
660,661,204,1020000000000,1020043920076,1020087196453,43920076,43276377,87196453,YES
660,661,205,1025000000000,1025042728306,1025085455229,42728306,42726923,85455229,YES
660,661,206,1030000000000,1030042530911,1030085060544,42530911,42529633,85060544,YES
660,661,207,1035000000000,1035042342596,1035084684024,42342596,42341428,84684024,YES
660,661,208,1040000000000,1040042163795,1040084326533,42163795,42162738,84326533,YES
660,661,209,1045000000000,1045041994911,1045083988895,41994911,41993984,83988895,YES
660,661,210,1050000000000,1050041836298,1050083671770,41836298,41835472,83671770,YES
660,661,211,1055000000000,1055041688251,1055083375788,41688251,41687537,83375788,YES
660,661,212,1060000000000,1060041551021,1060083101434,41551021,41550413,83101434,YES
660,661,213,1065000000000,1065041424792,1065082849079,41424792,41424287,82849079,YES
660,661,214,1070000000000,1070070921281,1070141842566,70921281,70921285,141842566,YES
660,661,215,1075000000000,1075070900357,1075142527625,70900357,71627268,142527625,YES
660,661,216,1080000000000,1080077365464,1080153687131,77365464,76321667,153687131,YES
660,661,217,1085000000000,1085071748583,1085145684730,71748583,73936147,145684730,YES
660,661,218,1090000000000,1090070920149,1090149696706,70920149,78776557,149696706,YES
660,661,219,1095000000000,1095077126008,1095148048077,77126008,70922069,148048077,YES
660,661,220,1100000000000,1100076295786,1100147266379,76295786,70970593,147266379,YES
660,661,221,1105000000000,1105071031327,1105153010155,71031327,81978828,153010155,YES
660,661,222,1110000000000,1110077046246,1110157563263,77046246,80517017,157563263,YES
660,661,223,1115000000000,1115076826854,1115148023831,76826854,71196977,148023831,YES
660,661,224,1120000000000,1120073514976,1120144813101,73514976,71298125,144813101,YES
660,661,225,1125000000000,1125071442959,1125142887966,71442959,71445007,142887966,YES
660,661,226,1130000000000,1130075200518,1130146765369,75200518,71564851,146765369,YES
660,661,227,1135000000000,1135050850068,1135101702394,50850068,50852326,101702394,YES
660,661,228,1140000000000,1140050984045,1140101970423,50984045,50986378,101970423,YES
660,661,229,1145000000000,1145051126986,1145102256370,51126986,51129384,102256370,YES
660,661,230,1150000000000,1150043995909,1150084091598,43995909,40095689,84091598,YES
660,661,231,1155000000000,1155040055569,1155080110972,40055569,40055403,80110972,YES
660,661,232,1160000000000,1160040026399,1160080052715,40026399,40026316,80052715,YES
660,661,233,1165000000000,1165040008698,1165082077939,40008698,42069241,82077939,YES
660,661,234,1170000000000,1170040002628,1170080005335,40002628,40002707,80005335,YES
660,661,235,1175000000000,1175040008253,1175080016667,40008253,40008414,80016667,YES
660,661,236,1180000000000,1180040025558,1180080051359,40025558,40025801,80051359,YES
660,661,237,1185000000000,1185040054428,1185080109177,40054428,40054749,80109177,YES
660,661,238,1190000000000,1190040094662,1190080189718,40094662,40095056,80189718,YES
660,661,239,1195000000000,1195040145968,1195080292405,40145968,40146437,80292405,YES
661,662,0,0,71510142,143020724,71510142,71510582,143020724,YES
661,662,1,5000000000,5071547432,5146862728,71547432,75315296,146862728,YES
661,662,2,10000000000,10073704365,10145301969,73704365,71597604,145301969,YES
661,662,3,15000000000,15072963735,15144622539,72963735,71658804,144622539,YES
661,662,4,20000000000,20071730114,20143461243,71730114,71731129,143461243,YES
661,662,5,25000000000,25069191360,25138386075,69191360,69194715,138386075,YES
661,662,6,30000000000,30069375913,30138755295,69375913,69379382,138755295,YES
661,662,7,35000000000,35065113466,35138346864,65113466,73233398,138346864,YES
661,662,8,40000000000,40065174641,40130349230,65174641,65174589,130349230,YES
661,662,9,45000000000,45065244362,45130488747,65244362,65244385,130488747,YES
661,662,10,50000000000,50065322543,50130645198,65322543,65322655,130645198,YES
661,662,11,55000000000,55065409118,55130818435,65409118,65409317,130818435,YES
661,662,12,60000000000,60065504027,60131008355,65504027,65504328,131008355,YES
661,662,13,65000000000,65065630226,65131237851,65630226,65607625,131237851,YES
661,662,14,70000000000,70065718640,70132439562,65718640,66720922,132439562,YES
661,662,15,75000000000,75069007128,75134846136,69007128,65839008,134846136,YES
661,662,16,80000000000,80067141010,80133107934,67141010,65966924,133107934,YES
661,662,17,85000000000,85066102130,85132205186,66102130,66103056,132205186,YES
661,662,18,90000000000,90066246338,90132493750,66246338,66247412,132493750,YES
661,662,19,95000000000,95066398723,95132798672,66398723,66399949,132798672,YES
661,662,20,100000000000,100070415848,100136943023,70415848,66527175,136943023,YES
661,662,21,105000000000,105066727919,105133457377,66727919,66729458,133457377,YES
661,662,22,110000000000,110095145732,110190289544,95145732,95143812,190289544,YES
661,662,23,115000000000,115042377653,115084753926,42377653,42376273,84753926,YES
661,662,24,120000000000,120042167290,120084333290,42167290,42166000,84333290,YES
661,662,25,125000000000,125041997952,125083994739,41997952,41996787,83994739,YES
661,662,26,130000000000,130041836601,130087208761,41836601,45372160,87208761,YES
661,662,27,135000000000,135041683794,135087598454,41683794,45914660,87598454,YES
661,662,28,140000000000,140041540029,140083079196,41540029,41539167,83079196,YES
661,662,29,145000000000,145041405826,145082810907,41405826,41405081,82810907,YES
661,662,30,150000000000,150041281633,150082562642,41281633,41281009,82562642,YES
661,662,31,155000000000,155041167865,155082335222,41167865,41167357,82335222,YES
661,662,32,160000000000,160041064864,160082129341,41064864,41064477,82129341,YES
661,662,33,165000000000,165040972924,165081945589,40972924,40972665,81945589,YES
661,662,34,170000000000,170040892278,170081784405,40892278,40892127,81784405,YES
661,662,35,175000000000,175040823106,175081646171,40823106,40823065,81646171,YES
661,662,36,180000000000,180040765539,180081531146,40765539,40765607,81531146,YES
661,662,37,185000000000,185040719668,185081439502,40719668,40719834,81439502,YES
661,662,38,190000000000,190040685541,190081371339,40685541,40685798,81371339,YES
661,662,39,195000000000,195040663165,195081326675,40663165,40663510,81326675,YES
661,662,40,200000000000,200040652517,200081305456,40652517,40652939,81305456,YES
661,662,41,205000000000,205040653510,205081307521,40653510,40654011,81307521,YES
661,662,42,210000000000,210040666021,210081332612,40666021,40666591,81332612,YES
661,662,43,215000000000,215040689858,215081380339,40689858,40690481,81380339,YES
661,662,44,220000000000,220040724771,220081450220,40724771,40725449,81450220,YES
661,662,45,225000000000,225070901741,225141803168,70901741,70901427,141803168,YES
661,662,46,230000000000,230075417798,230146320483,75417798,70902685,146320483,YES
661,662,47,235000000000,235073699640,235144616930,73699640,70917290,144616930,YES
661,662,48,240000000000,240070944749,240141889690,70944749,70944941,141889690,YES
661,662,49,245000000000,245072321851,245143307146,72321851,70985295,143307146,YES
661,662,50,250000000000,250071038562,250142085972,71038562,71047410,142085972,YES
661,662,51,255000000000,255071101380,255143440463,71101380,72339083,143440463,YES
661,662,52,260000000000,260071176560,260145269120,71176560,74092560,145269120,YES
661,662,53,265000000000,265075815026,265150216757,75815026,74401731,150216757,YES
661,662,54,270000000000,270071357891,270143394190,71357891,72036299,143394190,YES
661,662,55,275000000000,275071462837,275142926919,71462837,71464082,142926919,YES
661,662,56,280000000000,280071576519,280143154412,71576519,71577893,143154412,YES
661,662,57,285000000000,285070399200,285140802112,70399200,70402912,140802112,YES
661,662,58,290000000000,290070621584,290141246983,70621584,70625399,141246983,YES
661,662,59,295000000000,295066263085,295132526308,66263085,66263223,132526308,YES
661,662,60,300000000000,300066358441,300132717115,66358441,66358674,132717115,YES
661,662,61,305000000000,305066461051,305132922422,66461051,66461371,132922422,YES
661,662,62,310000000000,310066570885,310133142200,66570885,66571315,133142200,YES
661,662,63,315000000000,315095232590,315192750378,95232590,97517788,192750378,YES
661,662,64,320000000000,320095225162,320190594533,95225162,95369371,190594533,YES
661,662,65,325000000000,325095225550,325190448486,95225550,95222936,190448486,YES
661,662,66,330000000000,330095233850,330190465256,95233850,95231406,190465256,YES
661,662,67,335000000000,335095250191,335203120552,95250191,107870361,203120552,YES
661,662,68,340000000000,340095882376,340198409472,95882376,102527096,198409472,YES
661,662,69,345000000000,345095307652,345190613489,95307652,95305837,190613489,YES
661,662,70,350000000000,350042959113,350087552181,42959113,44593068,87552181,YES
661,662,71,355000000000,355042782053,355085562857,42782053,42780804,85562857,YES
661,662,72,360000000000,360042578539,360085155931,42578539,42577392,85155931,YES
661,662,73,365000000000,365042416254,365084831476,42416254,42415222,84831476,YES
661,662,74,370000000000,370042262056,370084523185,42262056,42261129,84523185,YES
661,662,75,375000000000,375042116379,375084231944,42116379,42115565,84231944,YES
661,662,76,380000000000,380041979613,380083958545,41979613,41978932,83958545,YES
661,662,77,385000000000,385041852108,385083703654,41852108,41851546,83703654,YES
661,662,78,390000000000,390041734156,390083467868,41734156,41733712,83467868,YES
661,662,79,395000000000,395041626000,395083251671,41626000,41625671,83251671,YES
661,662,80,400000000000,400041527828,400083055439,41527828,41527611,83055439,YES
661,662,81,405000000000,405044385301,405085824917,44385301,41439616,85824917,YES
661,662,82,410000000000,410042286421,410083648359,42286421,41361938,83648359,YES
661,662,83,415000000000,415041294441,415082588982,41294441,41294541,82588982,YES
661,662,84,420000000000,420041237286,420082474767,41237286,41237481,82474767,YES
661,662,85,425000000000,425041190540,425082381362,41190540,41190822,82381362,YES
661,662,86,430000000000,430041154243,430082308851,41154243,41154608,82308851,YES
661,662,87,435000000000,435041128430,435082257294,41128430,41128864,82257294,YES
661,662,88,440000000000,440042219930,440083333576,42219930,41113646,83333576,YES
661,662,89,445000000000,445080840417,445152121373,80840417,71280956,152121373,YES
661,662,90,450000000000,450077125503,450148351346,77125503,71225843,148351346,YES
661,662,91,455000000000,455104913684,455176097601,104913684,71183917,176097601,YES
661,662,92,460000000000,460071156326,460142312422,71156326,71156096,142312422,YES
661,662,93,465000000000,465071141947,465142283842,71141947,71141895,142283842,YES
661,662,94,470000000000,470071141449,470142283023,71141449,71141574,142283023,YES
661,662,95,475000000000,475071154728,475142309753,71154728,71155025,142309753,YES
661,662,96,480000000000,480072328993,480143511028,72328993,71182035,143511028,YES
661,662,97,485000000000,485071221591,485142443819,71221591,71222228,142443819,YES
661,662,98,490000000000,490071274384,490145582086,71274384,74307702,145582086,YES
661,662,99,495000000000,495071339408,495144331143,71339408,72991735,144331143,YES
661,662,100,500000000000,500071416087,500144672151,71416087,73256064,144672151,YES
661,662,101,505000000000,505071503792,505144170833,71503792,72667041,144170833,YES
661,662,102,510000000000,510071601878,510144415297,71601878,72813419,144415297,YES
661,662,103,515000000000,515071709701,515143420905,71709701,71711204,143420905,YES
661,662,104,520000000000,520075019467,520146847804,75019467,71828337,146847804,YES
661,662,105,525000000000,525072218447,525144172214,72218447,71953767,144172214,YES
661,662,106,530000000000,530072085276,530144172421,72085276,72087145,144172421,YES
661,662,107,535000000000,535037447698,535074893861,37447698,37446163,74893861,YES
661,662,108,540000000000,540037409065,540074816633,37409065,37407568,74816633,YES
661,662,109,545000000000,545037375876,545077959619,37375876,40583743,77959619,YES
661,662,110,550000000000,550037348128,550074694844,37348128,37346716,74694844,YES
661,662,111,555000000000,555037325852,555074650342,37325852,37324490,74650342,YES
661,662,112,560000000000,560037275532,560074549751,37275532,37274219,74549751,YES
661,662,113,565000000000,565037264479,565074527701,37264479,37263222,74527701,YES
661,662,114,570000000000,570037292847,570074584499,37292847,37291652,74584499,YES
661,662,115,575000000000,575037293618,575074586108,37293618,37292490,74586108,YES
661,662,116,580000000000,580039533127,580076832673,39533127,37299546,76832673,YES
661,662,117,585000000000,585042875235,585085749199,42875235,42873964,85749199,YES
661,662,118,590000000000,590042704023,590085406870,42704023,42702847,85406870,YES
661,662,119,595000000000,595042540146,595085079219,42540146,42539073,85079219,YES
661,662,120,600000000000,600042350447,600084699927,42350447,42349480,84699927,YES
661,662,121,605000000000,605042202557,605084404254,42202557,42201697,84404254,YES
661,662,122,610000000000,610042063268,610084785698,42063268,42722430,84785698,YES
661,662,123,615000000000,615041932944,615083865271,41932944,41932327,83865271,YES
661,662,124,620000000000,620041811892,620083643301,41811892,41831409,83643301,YES
661,662,125,625000000000,625041700380,625083400372,41700380,41699992,83400372,YES
661,662,126,630000000000,630041598621,630083196965,41598621,41598344,83196965,YES
661,662,127,635000000000,635041506791,635083013410,41506791,41506619,83013410,YES
661,662,128,640000000000,640041425023,640082849976,41425023,41424953,82849976,YES
661,662,129,645000000000,645041353411,645082706856,41353411,41353445,82706856,YES
661,662,130,650000000000,650041292041,650082584210,41292041,41292169,82584210,YES
661,662,131,655000000000,655041240968,655082482155,41240968,41241187,82482155,YES
661,662,132,660000000000,660041200240,660082400784,41200240,41200544,82400784,YES
661,662,133,665000000000,665041169900,665082340182,41169900,41170282,82340182,YES
661,662,134,670000000000,670071321102,670142641782,71321102,71320680,142641782,YES
661,662,135,675000000000,675075276286,675146556563,75276286,71280277,146556563,YES
661,662,136,680000000000,680076437485,680147659567,76437485,71222082,147659567,YES
661,662,137,685000000000,685071174011,685142714339,71174011,71540328,142714339,YES
661,662,138,690000000000,690073781945,690144920424,73781945,71138479,144920424,YES
661,662,139,695000000000,695071117533,695142234908,71117533,71117375,142234908,YES
661,662,140,700000000000,700071110175,700142220375,71110175,71110200,142220375,YES
661,662,141,705000000000,705071116711,705142233628,71116711,71116917,142233628,YES
661,662,142,710000000000,710071136956,710142274297,71136956,71137341,142274297,YES
661,662,143,715000000000,715071170609,715142341782,71170609,71171173,142341782,YES
661,662,144,720000000000,720071217264,720142435263,71217264,71217999,142435263,YES
661,662,145,725000000000,725071276429,725143609381,71276429,72332952,143609381,YES
661,662,146,730000000000,730071347542,730181254350,71347542,109906808,181254350,YES
661,662,147,735000000000,735071429986,735142861173,71429986,71431187,142861173,YES
661,662,148,740000000000,740071523134,740143047608,71523134,71524474,143047608,YES
661,662,149,745000000000,745071626327,745143254126,71626327,71627799,143254126,YES
661,662,150,750000000000,750071738918,750143479434,71738918,71740516,143479434,YES
661,662,151,755000000000,755071860279,755143722284,71860279,71862005,143722284,YES
661,662,152,760000000000,760071989797,760143981432,71989797,71991635,143981432,YES
661,662,153,765000000000,765072322057,765144450910,72322057,72128853,144450910,YES
661,662,154,770000000000,770072271029,770147657727,72271029,75386698,147657727,YES
661,662,155,775000000000,775075789238,775175479427,75789238,99690189,175479427,YES
661,662,156,780000000000,780075821038,780154284608,75821038,78463570,154284608,YES
661,662,157,785000000000,785075826768,785158494949,75826768,82668181,158494949,YES
661,662,158,790000000000,790075907232,790164675954,75907232,88768722,164675954,YES
661,662,159,795000000000,795037298495,795074595588,37298495,37297093,74595588,YES
661,662,160,800000000000,800037279416,800074557475,37279416,37278059,74557475,YES
661,662,161,805000000000,805041479416,805078781703,41479416,37302287,78781703,YES
661,662,162,810000000000,810037256093,810074510943,37256093,37254850,74510943,YES
661,662,163,815000000000,815093567994,815187133960,93567994,93565966,187133960,YES
661,662,164,820000000000,820045341584,820088061104,45341584,42719520,88061104,YES
661,662,165,825000000000,825042539886,825085078392,42539886,42538506,85078392,YES
661,662,166,830000000000,830043735959,830088688004,43735959,44952045,88688004,YES
661,662,167,835000000000,835042197355,835086495606,42197355,44298251,86495606,YES
661,662,168,840000000000,840042036988,840084072862,42036988,42035874,84072862,YES
661,662,169,845000000000,845041884529,845083768062,41884529,41883533,83768062,YES
661,662,170,850000000000,850041740471,850083480026,41740471,41739555,83480026,YES
661,662,171,855000000000,855041571633,855083142455,41571633,41570822,83142455,YES
661,662,172,860000000000,860041445664,860082890624,41445664,41444960,82890624,YES
661,662,173,865000000000,865044310559,865085639258,44310559,41328699,85639258,YES
661,662,174,870000000000,870041223074,870083143236,41223074,41920162,83143236,YES
661,662,175,875000000000,875041127125,875082253871,41127125,41126746,82253871,YES
661,662,176,880000000000,880041041777,880082083281,41041777,41041504,82083281,YES
661,662,177,885000000000,885040967253,885081934343,40967253,40967090,81934343,YES
661,662,178,890000000000,890040903724,890081807387,40903724,40903663,81807387,YES
661,662,179,895000000000,895040851319,895081702674,40851319,40851355,81702674,YES
661,662,180,900000000000,900040810119,900081620365,40810119,40810246,81620365,YES
661,662,181,905000000000,905040780168,905082554275,40780168,41774107,82554275,YES
661,662,182,910000000000,910070912783,910141824219,70912783,70911436,141824219,YES
661,662,183,915000000000,915070839978,915141678778,70839978,70838800,141678778,YES
661,662,184,920000000000,920070780065,920143561282,70780065,72781217,143561282,YES
661,662,185,925000000000,925070733430,925141466040,70733430,70732610,141466040,YES
661,662,186,930000000000,930070700370,930144354015,70700370,73653645,144354015,YES
661,662,187,935000000000,935070681063,935147086605,70681063,76405542,147086605,YES
661,662,188,940000000000,940070675566,940141350883,70675566,70675317,141350883,YES
661,662,189,945000000000,945072624937,945143308697,72624937,70683760,143308697,YES
661,662,190,950000000000,950070705618,950143987348,70705618,73281730,143987348,YES
661,662,191,955000000000,955070740693,955142517593,70740693,71776900,142517593,YES
661,662,192,960000000000,960070788649,960141577808,70788649,70789159,141577808,YES
661,662,193,965000000000,965070849009,965142883748,70849009,72034739,142883748,YES
661,662,194,970000000000,970070921237,970141843339,70921237,70922102,141843339,YES
661,662,195,975000000000,975071004749,975142010540,71004749,71005791,142010540,YES
661,662,196,980000000000,980071098935,980142199069,71098935,71100134,142199069,YES
661,662,197,985000000000,985071203166,985142407691,71203166,71204525,142407691,YES
661,662,198,990000000000,990071316818,990142635139,71316818,71318321,142635139,YES
661,662,199,995000000000,995071439277,995147206789,71439277,75767512,147206789,YES
661,662,200,1000000000000,1000071927029,1000209319487,71927029,137392458,209319487,YES
661,662,201,1005000000000,1005071708258,1005143418394,71708258,71710136,143418394,YES
661,662,202,1010000000000,1010071853690,1010143709366,71853690,71855676,143709366,YES
661,662,203,1015000000000,1015072005703,1015144013510,72005703,72007807,144013510,YES
661,662,204,1020000000000,1020074308540,1020146474650,74308540,72166110,146474650,YES
661,662,205,1025000000000,1025037391822,1025074782241,37391822,37390419,74782241,YES
661,662,206,1030000000000,1030093305701,1030189777215,93305701,96471514,189777215,YES
661,662,207,1035000000000,1035093214320,1035187652037,93214320,94437717,187652037,YES
661,662,208,1040000000000,1040093132382,1040191534833,93132382,98402451,191534833,YES
661,662,209,1045000000000,1045096129392,1045190056658,96129392,93927266,190056658,YES
661,662,210,1050000000000,1050095306179,1050194934949,95306179,99628770,194934949,YES
661,662,211,1055000000000,1055092946822,1055192834109,92946822,99887287,192834109,YES
661,662,212,1060000000000,1060096394619,1060195541864,96394619,99147245,195541864,YES
661,662,213,1065000000000,1065092876756,1065185752369,92876756,92875613,185752369,YES
661,662,214,1070000000000,1070092858743,1070185716577,92858743,92857834,185716577,YES
661,662,215,1075000000000,1075093647804,1075186499563,93647804,92851759,186499563,YES
661,662,216,1080000000000,1080092858009,1080193400446,92858009,100542437,193400446,YES
661,662,217,1085000000000,1085095660262,1085190007721,95660262,94347459,190007721,YES
661,662,218,1090000000000,1090042318458,1090084636146,42318458,42317688,84636146,YES
661,662,219,1095000000000,1095042158104,1095084315546,42158104,42157442,84315546,YES
661,662,220,1100000000000,1100042040196,1100084079833,42040196,42039637,84079833,YES
661,662,221,1105000000000,1105041931391,1105083862343,41931391,41930952,83862343,YES
661,662,222,1110000000000,1110041831912,1110083663488,41831912,41831576,83663488,YES
661,662,223,1115000000000,1115041741941,1115089355183,41741941,47613242,89355183,YES
661,662,224,1120000000000,1120041661624,1120083323112,41661624,41661488,83323112,YES
661,662,225,1125000000000,1125041591073,1125083182103,41591073,41591030,83182103,YES
661,662,226,1130000000000,1130041530373,1130083060793,41530373,41530420,83060793,YES
661,662,227,1135000000000,1135071613828,1135150157426,71613828,78543598,150157426,YES
661,662,228,1140000000000,1140071507467,1140144210570,71507467,72703103,144210570,YES
661,662,229,1145000000000,1145071412226,1145142823152,71412226,71410926,142823152,YES
661,662,230,1150000000000,1150071328689,1150142656257,71328689,71327568,142656257,YES
661,662,231,1155000000000,1155071257400,1155142513862,71257400,71256462,142513862,YES
661,662,232,1160000000000,1160071198845,1160142396939,71198845,71198094,142396939,YES
661,662,233,1165000000000,1165071153410,1165142306267,71153410,71152857,142306267,YES
661,662,234,1170000000000,1170071121408,1170142242468,71121408,71121060,142242468,YES
661,662,235,1175000000000,1175071103032,1175142205920,71103032,71102888,142205920,YES
661,662,236,1180000000000,1180071098362,1180142196784,71098362,71098422,142196784,YES
661,662,237,1185000000000,1185071107351,1185144446397,71107351,73339046,144446397,YES
661,662,238,1190000000000,1190071129842,1190142260140,71129842,71130298,142260140,YES
661,662,239,1195000000000,1195071355782,1195145948685,71355782,74592903,145948685,YES
662,663,0,0,98069798,206308698,98069798,108238900,206308698,YES
662,663,1,5000000000,5103424598,5210252475,103424598,106827877,210252475,YES
662,663,2,10000000000,10098193357,10205020259,98193357,106826902,205020259,YES
662,663,3,15000000000,15100108766,15198382895,100108766,98274129,198382895,YES
662,663,4,20000000000,20113081662,20211446981,113081662,98365319,211446981,YES
662,663,5,25000000000,25032127562,25064255470,32127562,32127908,64255470,YES
662,663,6,30000000000,30032769117,30065021784,32769117,32252667,65021784,YES
662,663,7,35000000000,35032385459,35064771423,32385459,32385964,64771423,YES
662,663,8,40000000000,40032526758,40065054095,32526758,32527337,65054095,YES
662,663,9,45000000000,45084775529,45169552308,84775529,84776779,169552308,YES
662,663,10,50000000000,50084764862,50169531166,84764862,84766304,169531166,YES
662,663,11,55000000000,55084764418,55169530456,84764418,84766038,169530456,YES
662,663,12,60000000000,60084774062,60169549911,84774062,84775849,169549911,YES
662,663,13,65000000000,65084793635,65169589222,84793635,84795587,169589222,YES
662,663,14,70000000000,70084822998,70184884187,84822998,100061189,184884187,YES
662,663,15,75000000000,75084861993,75189010248,84861993,104148255,189010248,YES
662,663,16,80000000000,80084910445,80187144321,84910445,102233876,187144321,YES
662,663,17,85000000000,85084968184,85169938847,84968184,84970663,169938847,YES
662,663,18,90000000000,90085035027,90170072641,85035027,85037614,170072641,YES
662,663,19,95000000000,95085110779,95170224249,85110779,85113470,170224249,YES
662,663,20,100000000000,100085195240,100170393269,85195240,85198029,170393269,YES
662,663,21,105000000000,105037966286,105075933835,37966286,37967549,75933835,YES
662,663,22,110000000000,110037998166,110075997625,37998166,37999459,75997625,YES
662,663,23,115000000000,115098968820,115197934145,98968820,98965325,197934145,YES
662,663,24,120000000000,120098814228,120210652491,98814228,111838263,210652491,YES
662,663,25,125000000000,125098667027,125214576604,98667027,115909577,214576604,YES
662,663,26,130000000000,130107305649,130218509907,107305649,111204258,218509907,YES
662,663,27,135000000000,135108241716,135206635347,108241716,98393631,206635347,YES
662,663,28,140000000000,140105044855,140203316978,105044855,98272123,203316978,YES
662,663,29,145000000000,145123464796,145221624666,123464796,98159870,221624666,YES
662,663,30,150000000000,150098260567,150196319494,98260567,98058927,196319494,YES
662,663,31,155000000000,155097970964,155195939458,97970964,97968494,195939458,YES
662,663,32,160000000000,160097892073,160195781847,97892073,97889774,195781847,YES
662,663,33,165000000000,165107860720,165205684034,107860720,97823314,205684034,YES
662,663,34,170000000000,170097772006,170195542103,97772006,97770097,195542103,YES
662,663,35,175000000000,175097732035,175195462384,97732035,97730349,195462384,YES
662,663,36,180000000000,180097706157,180195410857,97706157,97704700,195410857,YES
662,663,37,185000000000,185097694805,185195388399,97694805,97693594,195388399,YES
662,663,38,190000000000,190097698328,190195395708,97698328,97697380,195395708,YES
662,663,39,195000000000,195097716972,195198654474,97716972,100937502,198654474,YES
662,663,40,200000000000,200100391231,200228301088,100391231,127909857,228301088,YES
662,663,41,205000000000,205097800089,205195600102,97800089,97800013,195600102,YES
662,663,42,210000000000,210097864497,210195729229,97864497,97864732,195729229,YES
662,663,43,215000000000,215097919504,215195838170,97919504,97918666,195838170,YES
662,663,44,220000000000,220097927794,220204739263,97927794,106811469,204739263,YES
662,663,45,225000000000,225097984012,225195967821,97984012,97983809,195967821,YES
662,663,46,230000000000,230098020482,230196041085,98020482,98020603,196041085,YES
662,663,47,235000000000,235098070251,235196140928,98070251,98070677,196140928,YES
662,663,48,240000000000,240098132720,240196266157,98132720,98133437,196266157,YES
662,663,49,245000000000,245102466080,245200674378,102466080,98208298,200674378,YES
662,663,50,250000000000,250098293134,250206442861,98293134,108149727,206442861,YES
662,663,51,255000000000,-1,-1,-1,-1,-1,LOST
662,663,52,260000000000,260098496357,260208177966,98496357,109681609,208177966,YES
662,663,53,265000000000,265103628880,265203933440,103628880,100304560,203933440,YES
662,663,54,270000000000,270098737131,270202009225,98737131,103272094,202009225,YES
662,663,55,275000000000,275098870067,275199493784,98870067,100623717,199493784,YES
662,663,56,280000000000,280099042011,280209173775,99042011,110131764,209173775,YES
662,663,57,285000000000,285086237113,285171305265,86237113,85068152,171305265,YES
662,663,58,290000000000,290085069124,290176373596,85069124,91304472,176373596,YES
662,663,59,295000000000,295085081189,295174419791,85081189,89338602,174419791,YES
662,663,60,300000000000,300085102779,300172479173,85102779,87376394,172479173,YES
662,663,61,305000000000,305085133755,305170269565,85133755,85135810,170269565,YES
662,663,62,310000000000,310085173968,310170350120,85173968,85176152,170350120,YES
662,663,63,315000000000,315085223256,315170448821,85223256,85225565,170448821,YES
662,663,64,320000000000,320085281459,320170565344,85281459,85283885,170565344,YES
662,663,65,325000000000,325085314798,325170632128,85314798,85317330,170632128,YES
662,663,66,330000000000,330085390292,330170783214,85390292,85392922,170783214,YES
662,663,67,335000000000,335089618361,335175095301,89618361,85476940,175095301,YES
662,663,68,340000000000,340038755658,340077512572,38755658,38756914,77512572,YES
662,663,69,345000000000,345038778470,345077558245,38778470,38779775,77558245,YES
662,663,70,350000000000,350106773675,350206224915,106773675,99451240,206224915,YES
662,663,71,355000000000,355099286118,355198568618,99286118,99282500,198568618,YES
662,663,72,360000000000,360105672049,360204791528,105672049,99119479,204791528,YES
662,663,73,365000000000,365100945047,365199874839,100945047,98929792,199874839,YES
662,663,74,370000000000,370104531630,370203320529,104531630,98788899,203320529,YES
662,663,75,375000000000,375099199440,375197838393,99199440,98638953,197838393,YES
662,663,76,380000000000,380098508489,380197013891,98508489,98505402,197013891,YES
662,663,77,385000000000,385099943578,385198324046,99943578,98380468,198324046,YES
662,663,78,390000000000,390098407759,390196672623,98407759,98264864,196672623,YES
662,663,79,395000000000,395098161868,395196321058,98161868,98159190,196321058,YES
662,663,80,400000000000,400098066622,400204649305,98066622,106582683,204649305,YES
662,663,81,405000000000,405097982645,405202993001,97982645,105010356,202993001,YES
662,663,82,410000000000,410097910618,410197055248,97910618,99144630,197055248,YES
662,663,83,415000000000,415097851181,415195700375,97851181,97849194,195700375,YES
662,663,84,420000000000,420100573306,420198376468,100573306,97803162,198376468,YES
662,663,85,425000000000,425103161204,425200932159,103161204,97770955,200932159,YES
662,663,86,430000000000,430097754395,430195696730,97754395,97942335,195696730,YES
662,663,87,435000000000,435097750951,435195739182,97750951,97988231,195739182,YES
662,663,88,440000000000,440097762519,440197993895,97762519,100231376,197993895,YES
662,663,89,445000000000,445097809884,445205324581,97809884,107514697,205324581,YES
662,663,90,450000000000,450097744575,450206448271,97744575,108703696,206448271,YES
662,663,91,455000000000,455097721641,455201062346,97721641,103340705,201062346,YES
662,663,92,460000000000,460116767704,460218352728,116767704,101585024,218352728,YES
662,663,93,465000000000,465109609749,465207330407,109609749,97720658,207330407,YES
662,663,94,470000000000,470104217568,470208969867,104217568,104752299,208969867,YES
662,663,95,475000000000,475097779312,475204060451,97779312,106281139,204060451,YES
662,663,96,480000000000,480097829223,480195658816,97829223,97829593,195658816,YES
662,663,97,485000000000,485097892297,485200330688,97892297,102438391,200330688,YES
662,663,98,490000000000,490098001499,490203214596,98001499,105213097,203214596,YES
662,663,99,495000000000,495098088966,495202676470,98088966,104587504,202676470,YES
662,663,100,500000000000,500100622550,500200619556,100622550,99997006,200619556,YES
662,663,101,505000000000,505098739146,505204716070,98739146,105976924,204716070,YES
662,663,102,510000000000,510098415795,510204957957,98415795,106542162,204957957,YES
662,663,103,515000000000,515098543999,515197090194,98543999,98546195,197090194,YES
662,663,104,520000000000,520098680791,520197363990,98680791,98683199,197363990,YES
662,663,105,525000000000,525098825586,525197653763,98825586,98828177,197653763,YES
662,663,106,530000000000,530098977854,530197958472,98977854,98980618,197958472,YES
662,663,107,535000000000,535056955635,535113912281,56955635,56956646,113912281,YES
662,663,108,540000000000,540057749122,540114676128,57749122,56927006,114676128,YES
662,663,109,545000000000,545076724937,545135393875,76724937,58668938,135393875,YES
662,663,110,550000000000,550056853762,550114056558,56853762,57202796,114056558,YES
662,663,111,555000000000,555056844562,555113690363,56844562,56845801,113690363,YES
662,663,112,560000000000,560056841862,560113685008,56841862,56843146,113685008,YES
662,663,113,565000000000,565093781854,565218583265,93781854,124801411,218583265,YES
662,663,114,570000000000,570094720739,570190023931,94720739,95303192,190023931,YES
662,663,115,575000000000,575101556138,575195362741,101556138,93806603,195362741,YES
662,663,116,580000000000,580093821996,580187647621,93821996,93825625,187647621,YES
662,663,117,585000000000,585099409223,585207637084,99409223,108227861,207637084,YES
662,663,118,590000000000,590125260428,590277599298,125260428,152338870,277599298,YES
662,663,119,595000000000,595099094132,595260619319,99094132,161525187,260619319,YES
662,663,120,600000000000,600098946718,600199634533,98946718,100687815,199634533,YES
662,663,121,605000000000,605098806682,605197610218,98806682,98803536,197610218,YES
662,663,122,610000000000,610101812540,610200450382,101812540,98637842,200450382,YES
662,663,123,615000000000,615100250688,615198765012,100250688,98514324,198765012,YES
662,663,124,620000000000,620098402678,620196802571,98402678,98399893,196802571,YES
662,663,125,625000000000,625098297759,625200690808,98297759,102393049,200690808,YES
662,663,126,630000000000,630103727197,630201927787,103727197,98200590,201927787,YES
662,663,127,635000000000,635098119586,635196236852,98119586,98117266,196236852,YES
662,663,128,640000000000,640104301012,640202346444,104301012,98045432,202346444,YES
662,663,129,645000000000,645097988034,645195974113,97988034,97986079,195974113,YES
662,663,130,650000000000,650097941333,650195880912,97941333,97939579,195880912,YES
662,663,131,655000000000,655105965126,655203871670,105965126,97906544,203871670,YES
662,663,132,660000000000,660098635041,660196522635,98635041,97887594,196522635,YES
662,663,133,665000000000,665097884106,665199675908,97884106,101791802,199675908,YES
662,663,134,670000000000,670100183072,670198076320,100183072,97893248,198076320,YES
662,663,135,675000000000,675104492886,675202411358,104492886,97918472,202411358,YES
662,663,136,680000000000,680102828640,680200710700,102828640,97882060,200710700,YES
662,663,137,685000000000,685097853021,685205919667,97853021,108066646,205919667,YES
662,663,138,690000000000,690097837347,690205977854,97837347,108140507,205977854,YES
662,663,139,695000000000,695102451039,695200286838,102451039,97835799,200286838,YES
662,663,140,700000000000,700097850241,700195700063,97850241,97849822,195700063,YES
662,663,141,705000000000,705097878137,705199123979,97878137,101245842,199123979,YES
662,663,142,710000000000,710052373848,710103820014,52373848,51446166,103820014,YES
662,663,143,715000000000,715051446683,715102893397,51446683,51446714,102893397,YES
662,663,144,720000000000,720051458335,720102916830,51458335,51458495,102916830,YES
662,663,145,725000000000,725051480614,725102961509,51480614,51480895,102961509,YES
662,663,146,730000000000,730061965801,730113479135,61965801,51513334,113479135,YES
662,663,147,735000000000,735051554411,735103109329,51554411,51554918,103109329,YES
662,663,148,740000000000,740051604592,740105385368,51604592,53780776,105385368,YES
662,663,149,745000000000,745051662744,745103326203,51662744,51663459,103326203,YES
662,663,150,750000000000,750051728214,750103457246,51728214,51729032,103457246,YES
662,663,151,755000000000,755051800428,755103601753,51800428,51801325,103601753,YES
662,663,152,760000000000,760051878803,760103758576,51878803,51879773,103758576,YES
662,663,153,765000000000,765051962802,765103926639,51962802,51963837,103926639,YES
662,663,154,770000000000,770052051938,770104104986,52051938,52053048,104104986,YES
662,663,155,775000000000,775052145749,775104292670,52145749,52146921,104292670,YES
662,663,156,780000000000,780056899586,780113800307,56899586,56900721,113800307,YES
662,663,157,785000000000,785093823594,785218084779,93823594,124261185,218084779,YES
662,663,158,790000000000,790093815271,790210878914,93815271,117063643,210878914,YES
662,663,159,795000000000,795093846146,795197704296,93846146,103858150,197704296,YES
662,663,160,800000000000,800093849006,800207309005,93849006,113459999,207309005,YES
662,663,161,805000000000,805093857458,805194113185,93857458,100255727,194113185,YES
662,663,162,810000000000,810100241856,810199599505,100241856,99357649,199599505,YES
662,663,163,815000000000,-1,-1,-1,-1,-1,LOST
662,663,164,820000000000,820167847474,820267227651,167847474,99380177,267227651,YES
662,663,165,825000000000,825236232327,825335478033,236232327,99245706,335478033,YES
662,663,166,830000000000,830103678157,830202754266,103678157,99076109,202754266,YES
662,663,167,835000000000,835098937050,835197870956,98937050,98933906,197870956,YES
662,663,168,840000000000,840102359179,840202479349,102359179,100120170,202479349,YES
662,663,169,845000000000,845104272857,845206388139,104272857,102115282,206388139,YES
662,663,170,850000000000,850098524966,850198369931,98524966,99844965,198369931,YES
662,663,171,855000000000,855098416979,855196831322,98416979,98414343,196831322,YES
662,663,172,860000000000,860098319096,860196635701,98319096,98316605,196635701,YES
662,663,173,865000000000,865102083995,865201920449,102083995,99836454,201920449,YES
662,663,174,870000000000,870101494356,870199648280,101494356,98153924,199648280,YES
662,663,175,875000000000,875168987056,875267076573,168987056,98089517,267076573,YES
662,663,176,880000000000,880105004313,880203043496,105004313,98039183,203043496,YES
662,663,177,885000000000,885106835509,885204836741,106835509,98001232,204836741,YES
662,663,178,890000000000,890097978272,890205893110,97978272,107914838,205893110,YES
662,663,179,895000000000,895097967703,895197389043,97967703,99421340,197389043,YES
662,663,180,900000000000,900102452397,900201839707,102452397,99387310,201839707,YES
662,663,181,905000000000,905051729886,905103458664,51729886,51728778,103458664,YES
662,663,182,910000000000,910051637494,910103274007,51637494,51636513,103274007,YES
662,663,183,915000000000,915051558173,915103115495,51558173,51557322,103115495,YES
662,663,184,920000000000,920051491990,920102983263,51491990,51491273,102983263,YES
662,663,185,925000000000,925051438892,925102877204,51438892,51438312,102877204,YES
662,663,186,930000000000,930051398706,930102796969,51398706,51398263,102796969,YES
662,663,187,935000000000,935054109975,935105480806,54109975,51370831,105480806,YES
662,663,188,940000000000,940051355824,940102711476,51355824,51355652,102711476,YES
662,663,189,945000000000,945051352272,945102704502,51352272,51352230,102704502,YES
662,663,190,950000000000,950051359946,950102719977,51359946,51360031,102719977,YES
662,663,191,955000000000,955051378256,955102756717,51378256,51378461,102756717,YES
662,663,192,960000000000,960051406573,960102813465,51406573,51406892,102813465,YES
662,663,193,965000000000,965051444251,965102888933,51444251,51444682,102888933,YES
662,663,194,970000000000,970051524233,970103049011,51524233,51524778,103049011,YES
662,663,195,975000000000,975051578708,975103158054,51578708,51579346,103158054,YES
662,663,196,980000000000,980051640642,980103282010,51640642,51641368,103282010,YES
662,663,197,985000000000,985051709442,985103419693,51709442,51710251,103419693,YES
662,663,198,990000000000,990051784547,990103569995,51784547,51785448,103569995,YES
662,663,199,995000000000,995051865432,995103731828,51865432,51866396,103731828,YES
662,663,200,1000000000000,-1,-1,-1,-1,-1,LOST
662,663,201,1005000000000,1005052042608,1005104086323,52042608,52043715,104086323,YES
662,663,202,1010000000000,1010052138037,1010104277235,52138037,52139198,104277235,YES
662,663,203,1015000000000,1015096892564,1015200794755,96892564,103902191,200794755,YES
662,663,204,1020000000000,1020096990207,1020199022864,96990207,102032657,199022864,YES
662,663,205,1025000000000,1025097096181,1025194195739,97096181,97099558,194195739,YES
662,663,206,1030000000000,1030033371893,1030066743507,33371893,33371614,66743507,YES
662,663,207,1035000000000,1035038004074,1035076007857,38004074,38003783,76007857,YES
662,663,208,1040000000000,1040037927195,1040075854178,37927195,37926983,75854178,YES
662,663,209,1045000000000,1045037856339,1045075712527,37856339,37856188,75712527,YES
662,663,210,1050000000000,1050037791756,1050075583425,37791756,37791669,75583425,YES
662,663,211,1055000000000,1055037733695,1055075467367,37733695,37733672,75467367,YES
662,663,212,1060000000000,1060037682396,1060075364836,37682396,37682440,75364836,YES
662,663,213,1065000000000,1065037638111,1065075276331,37638111,37638220,75276331,YES
662,663,214,1070000000000,1070037601077,1070075202328,37601077,37601251,75202328,YES
662,663,215,1075000000000,1075037571540,1075075143321,37571540,37571781,75143321,YES
662,663,216,1080000000000,1080037549730,1080075099781,37549730,37550051,75099781,YES
662,663,217,1085000000000,1085037535916,1085075072214,37535916,37536298,75072214,YES
662,663,218,1090000000000,1090107013575,1090214710528,107013575,107696953,214710528,YES
662,663,219,1095000000000,1095098932696,1095207274663,98932696,108341967,207274663,YES
662,663,220,1100000000000,1100100984176,1100208872112,100984176,107887936,208872112,YES
662,663,221,1105000000000,1105104525671,1105205574226,104525671,101048555,205574226,YES
662,663,222,1110000000000,1110052971666,1110105941426,52971666,52969760,105941426,YES
662,663,223,1115000000000,1115055734494,1115108517877,55734494,52783383,108517877,YES
662,663,224,1120000000000,1120052607703,1120105213668,52607703,52605965,105213668,YES
662,663,225,1125000000000,1125052439503,1125104877348,52439503,52437845,104877348,YES
662,663,226,1130000000000,1130052281368,1130104561171,52281368,52279803,104561171,YES
662,663,227,1135000000000,1135052133943,1135104266418,52133943,52132475,104266418,YES
662,663,228,1140000000000,1140051997805,1140103994244,51997805,51996439,103994244,YES
662,663,229,1145000000000,1145051873469,1145103745683,51873469,51872214,103745683,YES
662,663,230,1150000000000,1150051761371,1150103521596,51761371,51760225,103521596,YES
662,663,231,1155000000000,1155051661847,1155103322661,51661847,51660814,103322661,YES
662,663,232,1160000000000,1160051575119,1160103149330,51575119,51574211,103149330,YES
662,663,233,1165000000000,1165051501289,1165103001794,51501289,51500505,103001794,YES
662,663,234,1170000000000,1170051440340,1170102880022,51440340,51439682,102880022,YES
662,663,235,1175000000000,1175051392131,1175102783733,51392131,51391602,102783733,YES
662,663,236,1180000000000,1180051356428,1180102712451,51356428,51356023,102712451,YES
662,663,237,1185000000000,1185051332876,1185102665474,51332876,51332598,102665474,YES
662,663,238,1190000000000,1190051321057,1190102641959,51321057,51320902,102641959,YES
662,663,239,1195000000000,1195052716929,1195104037368,52716929,51320439,104037368,YES
663,664,0,0,58119194,116240198,58119194,58121004,116240198,YES
663,664,1,5000000000,5058263364,5116528664,58263364,58265300,116528664,YES
663,664,2,10000000000,10058417906,10116837851,58417906,58419945,116837851,YES
663,664,3,15000000000,15058582269,15117166674,58582269,58584405,117166674,YES
663,664,4,20000000000,20060362848,20134737315,60362848,74374467,134737315,YES
663,664,5,25000000000,25091968136,25152332120,91968136,60363984,152332120,YES
663,664,6,30000000000,30063840911,30128761453,63840911,64920542,128761453,YES
663,664,7,35000000000,35060386428,35122547339,60386428,62160911,122547339,YES
663,664,8,40000000000,40060411179,40126549138,60411179,66137959,126549138,YES
663,664,9,45000000000,45054412737,45105843211,54412737,51430474,105843211,YES
663,664,10,50000000000,50053780220,50105119161,53780220,51338941,105119161,YES
663,664,11,55000000000,55051259064,55102517265,51259064,51258201,102517265,YES
663,664,12,60000000000,60051965983,60103154524,51965983,51188541,103154524,YES
663,664,13,65000000000,65055665735,65106796038,55665735,51130303,106796038,YES
663,664,14,70000000000,70051084453,70102168350,51084453,51083897,102168350,YES
663,664,15,75000000000,75051049846,75102099246,51049846,51049400,102099246,YES
663,664,16,80000000000,80052905231,80103932254,52905231,51027023,103932254,YES
663,664,17,85000000000,85051017107,85102033988,51017107,51016881,102033988,YES
663,664,18,90000000000,90051019094,90102038076,51019094,51018982,102038076,YES
663,664,19,95000000000,95051033291,95102066584,51033291,51033293,102066584,YES
663,664,20,100000000000,100052007016,100112145263,52007016,60138247,112145263,YES
663,664,21,105000000000,105054241347,105134445153,54241347,80203806,134445153,YES
663,664,22,110000000000,110055818656,110110018519,55818656,54199863,110018519,YES
663,664,23,115000000000,115060812481,115114982202,60812481,54169721,114982202,YES
663,664,24,120000000000,120054150814,120108300249,54150814,54149435,108300249,YES
663,664,25,125000000000,125064548117,125118687074,64548117,54138957,118687074,YES
663,664,26,130000000000,130062619999,130116758492,62619999,54138493,116758492,YES
663,664,27,135000000000,135054149169,135109422506,54149169,55273337,109422506,YES
663,664,28,140000000000,140054168880,140114289546,54168880,60120666,114289546,YES
663,664,29,145000000000,145054198950,145134970288,54198950,80771338,134970288,YES
663,664,30,150000000000,150057589498,150115502020,57589498,57912522,115502020,YES
663,664,31,155000000000,155057489322,155115964599,57489322,58475277,115964599,YES
663,664,32,160000000000,160057435007,160114869549,57435007,57434542,114869549,YES
663,664,33,165000000000,165057393481,165117071917,57393481,59678436,117071917,YES
663,664,34,170000000000,170057365211,170114730300,57365211,57365089,114730300,YES
663,664,35,175000000000,175057350588,175114701231,57350588,57350643,114701231,YES
663,664,36,180000000000,180057349909,180114700053,57349909,57350144,114700053,YES
663,664,37,185000000000,185057363374,185114727164,57363374,57363790,114727164,YES
663,664,38,190000000000,190057391068,190114782730,57391068,57391662,114782730,YES
663,664,39,195000000000,195059580121,195117013881,59580121,57433760,117013881,YES
663,664,40,200000000000,200093453585,200150943909,93453585,57490324,150943909,YES
663,664,41,205000000000,205057558731,205115118572,57558731,57559841,115118572,YES
663,664,42,210000000000,210057642045,210115285357,57642045,57643312,115285357,YES
663,664,43,215000000000,215058234183,215115983681,58234183,57749498,115983681,YES
663,664,44,220000000000,220057847576,220115696706,57847576,57849130,115696706,YES
663,664,45,225000000000,225058002438,225116006563,58002438,58004125,116006563,YES
663,664,46,230000000000,230058135333,230116272488,58135333,58137155,116272488,YES
663,664,47,235000000000,235058279313,235116560565,58279313,58281252,116560565,YES
663,664,48,240000000000,240058433831,240116869704,58433831,58435873,116869704,YES
663,664,49,245000000000,245058598320,245119219103,58598320,60620783,119219103,YES
663,664,50,250000000000,250058772250,250117546742,58772250,58774492,117546742,YES
663,664,51,255000000000,255058955081,255117912486,58955081,58957405,117912486,YES
663,664,52,260000000000,260067460913,260128410389,67460913,60949476,128410389,YES
663,664,53,265000000000,265064266459,265129174766,64266459,64908307,129174766,YES
663,664,54,270000000000,270062247946,270123202683,62247946,60954737,123202683,YES
663,664,55,275000000000,275066478989,275127447842,66478989,60968853,127447842,YES
663,664,56,280000000000,280071215479,280132206197,71215479,60990718,132206197,YES
663,664,57,285000000000,-1,-1,-1,-1,-1,LOST
663,664,58,290000000000,290055808471,290107090759,55808471,51282288,107090759,YES
663,664,59,295000000000,295050997978,295105058100,50997978,54060122,105058100,YES
663,664,60,300000000000,300052480256,300109037716,52480256,56557460,109037716,YES
663,664,61,305000000000,305050868537,305102350029,50868537,51481492,102350029,YES
663,664,62,310000000000,310053895614,310104716093,53895614,50820479,104716093,YES
663,664,63,315000000000,315050784995,315101569696,50784995,50784701,101569696,YES
663,664,64,320000000000,320050761000,320101521809,50761000,50760809,101521809,YES
663,664,65,325000000000,325050715430,325101430777,50715430,50715347,101430777,YES
663,664,66,330000000000,330050715542,330101431107,50715542,50715565,101431107,YES
663,664,67,335000000000,335050727720,335101455569,50727720,50727849,101455569,YES
663,664,68,340000000000,340054424275,340108846732,54424275,54422457,108846732,YES
663,664,69,345000000000,345084188181,345138547673,84188181,54359492,138547673,YES
663,664,70,350000000000,350054308374,350108615081,54308374,54306707,108615081,YES
663,664,71,355000000000,355054264745,355108527897,54264745,54263152,108527897,YES
663,664,72,360000000000,360054230750,360117190110,54230750,62959360,117190110,YES
663,664,73,365000000000,365054172849,365110121807,54172849,55948958,110121807,YES
663,664,74,370000000000,370054158319,370114889886,54158319,60731567,114889886,YES
663,664,75,375000000000,375054964506,375112336262,54964506,57371756,112336262,YES
663,664,76,380000000000,380054158952,380108316760,54158952,54157808,108316760,YES
663,664,77,385000000000,385054174343,385108347656,54174343,54173313,108347656,YES
663,664,78,390000000000,390056357078,390115615837,56357078,59258759,115615837,YES
663,664,79,395000000000,395056287492,395112574123,56287492,56286631,112574123,YES
663,664,80,400000000000,400056229664,400112458612,56229664,56228948,112458612,YES
663,664,81,405000000000,405064060454,405120243983,64060454,56183529,120243983,YES
663,664,82,410000000000,410056151475,410112302550,56151475,56151075,112302550,YES
663,664,83,415000000000,415056132070,415112280462,56132070,56148392,112280462,YES
663,664,84,420000000000,420056126305,420113348666,56126305,57222361,113348666,YES
663,664,85,425000000000,425056134451,425116961360,56134451,60826909,116961360,YES
663,664,86,430000000000,430056156663,430112916779,56156663,56760116,112916779,YES
663,664,87,435000000000,435056192980,435112386432,56192980,56193452,112386432,YES
663,664,88,440000000000,440062183686,440119666331,62183686,57482645,119666331,YES
663,664,89,445000000000,445057531927,445115064706,57531927,57532779,115064706,YES
663,664,90,450000000000,450057595929,450115192881,57595929,57596952,115192881,YES
663,664,91,455000000000,455058477324,455116161789,58477324,57684465,116161789,YES
663,664,92,460000000000,460057764775,460115530893,57764775,57766118,115530893,YES
663,664,93,465000000000,465057868838,465115739164,57868838,57870326,115739164,YES
663,664,94,470000000000,470057985375,470115972378,57985375,57987003,115972378,YES
663,664,95,475000000000,475058113868,475116229505,58113868,58115637,116229505,YES
663,664,96,480000000000,480058253772,480116509437,58253772,58255665,116509437,YES
663,664,97,485000000000,485061003701,485119410327,61003701,58406626,119410327,YES
663,664,98,490000000000,490058599197,490117200502,58599197,58601305,117200502,YES
663,664,99,495000000000,495058770012,495117542236,58770012,58772224,117542236,YES
663,664,100,500000000000,500060617814,500120842526,60617814,60224712,120842526,YES
663,664,101,505000000000,505066876232,505128739868,66876232,61863636,128739868,YES
663,664,102,510000000000,510063713325,510123959318,63713325,60245993,123959318,YES
663,664,103,515000000000,515060267413,515120536710,60267413,60269297,120536710,YES
663,664,104,520000000000,520060299165,520120600276,60299165,60301111,120600276,YES
663,664,105,525000000000,525060339439,525120680889,60339439,60341450,120680889,YES
663,664,106,530000000000,530060388285,530120778633,60388285,60390348,120778633,YES
663,664,107,535000000000,535053510250,535149461650,53510250,95951400,149461650,YES
663,664,108,540000000000,540057451244,540122270963,57451244,64819719,122270963,YES
663,664,109,545000000000,545154731132,545205678251,154731132,50947119,205678251,YES
663,664,110,550000000000,550053654687,550109987600,53654687,56332913,109987600,YES
663,664,111,555000000000,555050874190,555106831965,50874190,55957775,106831965,YES
663,664,112,560000000000,560051469606,560105549650,51469606,54080044,105549650,YES
663,664,113,565000000000,565080533558,565135072088,80533558,54538530,135072088,YES
663,664,114,570000000000,570063251861,570117718542,63251861,54466681,117718542,YES
663,664,115,575000000000,575054405786,575115356112,54405786,60950326,115356112,YES
663,664,116,580000000000,580054352451,580108703237,54352451,54350786,108703237,YES
663,664,117,585000000000,585060773558,585115080557,60773558,54306999,115080557,YES
663,664,118,590000000000,590101668131,590155940777,101668131,54272646,155940777,YES
663,664,119,595000000000,595084932300,595139180644,84932300,54248344,139180644,YES
663,664,120,600000000000,600058696806,600112930530,58696806,54233724,112930530,YES
663,664,121,605000000000,605054230074,605108458883,54230074,54228809,108458883,YES
663,664,122,610000000000,610054201351,610109972493,54201351,55771142,109972493,YES
663,664,123,615000000000,615054216239,615109461826,54216239,55245587,109461826,YES
663,664,124,620000000000,620056402721,620110643066,56402721,54240345,110643066,YES
663,664,125,625000000000,625056879171,625113757450,56879171,56878279,113757450,YES
663,664,126,630000000000,630056805250,630126671200,56805250,69865950,126671200,YES
663,664,127,635000000000,635056742798,635113484985,56742798,56742187,113484985,YES
663,664,128,640000000000,640056692359,640113384268,56692359,56691909,113384268,YES
663,664,129,645000000000,645056654470,645113308656,56654470,56654186,113308656,YES
663,664,130,650000000000,650056629592,650113259072,56629592,56629480,113259072,YES
663,664,131,655000000000,655056618106,655122222685,56618106,65604579,122222685,YES
663,664,132,660000000000,660056620313,660113240869,56620313,56620556,113240869,YES
663,664,133,665000000000,665056636387,665113398523,56636387,56762136,113398523,YES
663,664,134,670000000000,670056666399,670115239123,56666399,58572724,115239123,YES
663,664,135,675000000000,675056710309,675117145868,56710309,60435559,117145868,YES
663,664,136,680000000000,680056707636,680116594914,56707636,59887278,116594914,YES
663,664,137,685000000000,685063890564,685120677679,63890564,56787115,120677679,YES
663,664,138,690000000000,690065338236,690122063777,65338236,56725541,122063777,YES
663,664,139,695000000000,695056752748,695120806051,56752748,64053303,120806051,YES
663,664,140,700000000000,700073059138,700129853239,73059138,56794101,129853239,YES
663,664,141,705000000000,705062268302,705119114478,62268302,56846176,119114478,YES
663,664,142,710000000000,710050595694,710101192186,50595694,50596492,101192186,YES
663,664,143,715000000000,715050657269,715101315457,50657269,50658188,101315457,YES
663,664,144,720000000000,720050172225,720103135639,50172225,52963414,103135639,YES
663,664,145,725000000000,725052214549,725102211844,52214549,49997295,102211844,YES
663,664,146,730000000000,730051520811,730105155407,51520811,53634596,105155407,YES
663,664,147,735000000000,735050192332,735100385945,50192332,50193613,100385945,YES
663,664,148,740000000000,740050821261,740098402864,50821261,47581603,98402864,YES
663,664,149,745000000000,745047580208,745095161707,47580208,47581499,95161707,YES
663,664,150,750000000000,750047587949,750095177249,47587949,47589300,95177249,YES
663,664,151,755000000000,755047603600,755095208611,47603600,47605011,95208611,YES
663,664,152,760000000000,760047627174,760095255820,47627174,47628646,95255820,YES
663,664,153,765000000000,765047658727,765095318977,47658727,47660250,95318977,YES
663,664,154,770000000000,770047698302,770099469884,47698302,51771582,99469884,YES
663,664,155,775000000000,775047745956,775124987874,47745956,77241918,124987874,YES
663,664,156,780000000000,780051239857,780102479147,51239857,51239290,102479147,YES
663,664,157,785000000000,785109299406,785164487044,109299406,55187638,164487044,YES
663,664,158,790000000000,790055309465,790110384135,55309465,55074670,110384135,YES
663,664,159,795000000000,795061737721,795116740601,61737721,55002880,116740601,YES
663,664,160,800000000000,800065436042,800120342842,65436042,54906800,120342842,YES
663,664,161,805000000000,805054822250,805109642717,54822250,54820467,109642717,YES
663,664,162,810000000000,810059421300,810119742943,59421300,60321643,119742943,YES
663,664,163,815000000000,815054678362,815338633585,54678362,283955223,338633585,YES
663,664,164,820000000000,820054621431,820177092130,54621431,122470699,177092130,YES
663,664,165,825000000000,825054574725,825256948805,54574725,202374080,256948805,YES
663,664,166,830000000000,830054538376,830112539290,54538376,58000914,112539290,YES
663,664,167,835000000000,835054512524,835110443688,54512524,55931164,110443688,YES
663,664,168,840000000000,840056176719,840114358991,56176719,58182272,114358991,YES
663,664,169,845000000000,845054492790,845112370371,54492790,57877581,112370371,YES
663,664,170,850000000000,850058250235,850112714827,58250235,54464592,112714827,YES
663,664,171,855000000000,855060298248,855114780353,60298248,54482105,114780353,YES
663,664,172,860000000000,860054577612,860109088299,54577612,54510687,109088299,YES
663,664,173,865000000000,865056748399,865114702546,56748399,57954147,114702546,YES
663,664,174,870000000000,870056692000,870114147149,56692000,57455149,114147149,YES
663,664,175,875000000000,875056647892,875118476719,56647892,61828827,118476719,YES
663,664,176,880000000000,880056881689,880113498055,56881689,56616366,113498055,YES
663,664,177,885000000000,885056598404,885119563374,56598404,62964970,119563374,YES
663,664,178,890000000000,890062202084,890120636724,62202084,58434640,120636724,YES
663,664,179,895000000000,895057230544,895113833686,57230544,56603142,113833686,YES
663,664,180,900000000000,900056873191,900117280489,56873191,60407298,117280489,YES
663,664,181,905000000000,905050360691,905100721210,50360691,50360519,100721210,YES
663,664,182,910000000000,910054559241,910104891227,54559241,50331986,104891227,YES
663,664,183,915000000000,915050317242,915100634614,50317242,50317372,100634614,YES
663,664,184,920000000000,920050316197,920103675640,50316197,53359443,103675640,YES
663,664,185,925000000000,925052012958,925106535218,52012958,54522260,106535218,YES
663,664,186,930000000000,930050354204,930104556334,50354204,54202130,104556334,YES
663,664,187,935000000000,935050392490,935104836578,50392490,54444088,104836578,YES
663,664,188,940000000000,940051588805,940102271289,51588805,50682484,102271289,YES
663,664,189,945000000000,945049271870,945101492891,49271870,52221021,101492891,YES
663,664,190,950000000000,950049329441,950098659892,49329441,49330451,98659892,YES
663,664,191,955000000000,955049397794,955099340724,49397794,49942930,99340724,YES
663,664,192,960000000000,960049826443,960100058455,49826443,50232012,100058455,YES
663,664,193,965000000000,965049564884,965100610474,49564884,51045590,100610474,YES
663,664,194,970000000000,970049696226,970099393809,49696226,49697583,99393809,YES
663,664,195,975000000000,975047533793,975095068896,47533793,47535103,95068896,YES
663,664,196,980000000000,980047542770,980095086915,47542770,47544145,95086915,YES
663,664,197,985000000000,985047559632,985095120697,47559632,47561065,95120697,YES
663,664,198,990000000000,990047584380,990095170249,47584380,47585869,95170249,YES
663,664,199,995000000000,995052714223,995106407345,52714223,53693122,106407345,YES
663,664,200,1000000000000,1000050849798,1000105064046,50849798,54214248,105064046,YES
663,664,201,1005000000000,1005047706294,1005095414224,47706294,47707930,95414224,YES
663,664,202,1010000000000,1010047762996,1010095527670,47762996,47764674,95527670,YES
663,664,203,1015000000000,1015064832874,1015123060131,64832874,58227257,123060131,YES
663,664,204,1020000000000,1020062718184,1020120938079,62718184,58219895,120938079,YES
663,664,205,1025000000000,1025058223575,1025117378263,58223575,59154688,117378263,YES
663,664,206,1030000000000,1030058239196,1030116478974,58239196,58239778,116478974,YES
663,664,207,1035000000000,1035059387024,1035114191086,59387024,54804062,114191086,YES
663,664,208,1040000000000,1040057304309,1040112026051,57304309,54721742,112026051,YES
663,664,209,1045000000000,1045054650443,1045115117714,54650443,60467271,115117714,YES
663,664,210,1050000000000,1050054586637,1050113072906,54586637,58486269,113072906,YES
663,664,211,1055000000000,1055058821204,1055113351786,58821204,54530582,113351786,YES
663,664,212,1060000000000,1060063696624,1060118182402,63696624,54485778,118182402,YES
663,664,213,1065000000000,1065054452172,1065108902829,54452172,54450657,108902829,YES
663,664,214,1070000000000,1070054426525,1070108851612,54426525,54425087,108851612,YES
663,664,215,1075000000000,1075054410544,1075108819733,54410544,54409189,108819733,YES
663,664,216,1080000000000,1080058186729,1080117164261,58186729,58977532,117164261,YES
663,664,217,1085000000000,1085054407768,1085115083038,54407768,60675270,115083038,YES
663,664,218,1090000000000,1090054421092,1090114154859,54421092,59733767,114154859,YES
663,664,219,1095000000000,1095063847532,1095120493577,63847532,56646045,120493577,YES
663,664,220,1100000000000,1100064635741,1100121207023,64635741,56571282,121207023,YES
663,664,221,1105000000000,1105056474703,1105119526080,56474703,63051377,119526080,YES
663,664,222,1110000000000,1110051156794,1110102357037,51156794,51200243,102357037,YES
663,664,223,1115000000000,1115052468382,1115103504739,52468382,51036357,103504739,YES
663,664,224,1120000000000,1120050930302,1120101859511,50930302,50929209,101859511,YES
663,664,225,1125000000000,1125050835397,1125101669828,50835397,50834431,101669828,YES
663,664,226,1130000000000,1130050753406,1130114128771,50753406,63375365,114128771,YES
663,664,227,1135000000000,1135050684772,1135128073600,50684772,77388828,128073600,YES
663,664,228,1140000000000,1140050629855,1140106244261,50629855,55614406,106244261,YES
663,664,229,1145000000000,1145050588921,1145101177466,50588921,50588545,101177466,YES
663,664,230,1150000000000,1150052453815,1150103015709,52453815,50561894,103015709,YES
663,664,231,1155000000000,1155050549496,1155101098926,50549496,50549430,101098926,YES
663,664,232,1160000000000,1160050550952,1160101101995,50550952,50551043,101101995,YES
663,664,233,1165000000000,1165050566289,1165102417576,50566289,51851287,102417576,YES
663,664,234,1170000000000,1170050595198,1170101190793,50595198,50595595,101190793,YES
663,664,235,1175000000000,1175052256762,1175102894587,52256762,50637825,102894587,YES
663,664,236,1180000000000,1180050692030,1180101384731,50692030,50692701,101384731,YES
663,664,237,1185000000000,1185050758922,1185131976473,50758922,81217551,131976473,YES
663,664,238,1190000000000,1190049620971,1190099242855,49620971,49621884,99242855,YES
663,664,239,1195000000000,1195051575123,1195101270231,51575123,49695108,101270231,YES
664,665,0,0,57202969,114406595,57202969,57203626,114406595,YES
664,665,1,5000000000,5066164548,5123373969,66164548,57209421,123373969,YES
664,665,2,10000000000,10064070097,10121296748,64070097,57226651,121296748,YES
664,665,3,15000000000,15057254316,15114509609,57254316,57255293,114509609,YES
664,665,4,20000000000,20066386593,20133632904,66386593,67246311,133632904,YES
664,665,5,25000000000,25066329420,25132657405,66329420,66327985,132657405,YES
664,665,6,30000000000,30066283566,30132565810,66283566,66282244,132565810,YES
664,665,7,35000000000,35066249188,35132497174,66249188,66247986,132497174,YES
664,665,8,40000000000,40066226368,40132451662,66226368,66225294,132451662,YES
664,665,9,45000000000,45066215116,45132429293,66215116,66214177,132429293,YES
664,665,10,50000000000,50066215376,50132833810,66215376,66618434,132833810,YES
664,665,11,55000000000,55066227031,55132453403,66227031,66226372,132453403,YES
664,665,12,60000000000,60066284883,60132534287,66284883,66249404,132534287,YES
664,665,13,65000000000,65066283813,65132567263,66283813,66283450,132567263,YES
664,665,14,70000000000,70066328461,70133663216,66328461,67334755,133663216,YES
664,665,15,75000000000,75066383582,75142266286,66383582,75882704,142266286,YES
664,665,16,80000000000,80066448846,80132897799,66448846,66448953,132897799,YES
664,665,17,85000000000,85066523909,85133048081,66523909,66524172,133048081,YES
664,665,18,90000000000,90066608402,90133217223,66608402,66608821,133217223,YES
664,665,19,95000000000,95091342453,95182685655,91342453,91343202,182685655,YES
664,665,20,100000000000,100091363011,100183086951,91363011,91723940,183086951,YES
664,665,21,105000000000,105093269101,105185174254,93269101,91905153,185174254,YES
664,665,22,110000000000,110099647066,110191089143,99647066,91442077,191089143,YES
664,665,23,115000000000,115091497061,115186660647,91497061,95163586,186660647,YES
664,665,24,120000000000,120091565027,120183131948,91565027,91566921,183131948,YES
664,665,25,125000000000,125099063421,125190709749,99063421,91646328,190709749,YES
664,665,26,130000000000,130091733887,130184594477,91733887,92860590,184594477,YES
664,665,27,135000000000,135091833982,135184533927,91833982,92699945,184533927,YES
664,665,28,140000000000,140091943959,140191899899,91943959,99955940,191899899,YES
664,665,29,145000000000,145092063388,145191811778,92063388,99748390,191811778,YES
664,665,30,150000000000,150088675774,150184559729,88675774,95883955,184559729,YES
664,665,31,155000000000,155088657169,155177313164,88657169,88655995,177313164,YES
664,665,32,160000000000,160088681405,160177361822,88681405,88680417,177361822,YES
664,665,33,165000000000,165088714873,165178855263,88714873,90140390,178855263,YES
664,665,34,170000000000,170095228761,170183985803,95228761,88757042,183985803,YES
664,665,35,175000000000,175093701478,175186103415,93701478,92401937,186103415,YES
664,665,36,180000000000,180092334107,180184668040,92334107,92333933,184668040,YES
664,665,37,185000000000,185057599065,185115197642,57599065,57598577,115197642,YES
664,665,38,190000000000,190057500236,190115000103,57500236,57499867,115000103,YES
664,665,39,195000000000,195057409317,195114818389,57409317,57409072,114818389,YES
664,665,40,200000000000,200057326624,200114653126,57326624,57326502,114653126,YES
664,665,41,205000000000,205057252458,205114504918,57252458,57252460,114504918,YES
664,665,42,210000000000,210057187111,210114374347,57187111,57187236,114374347,YES
664,665,43,215000000000,215057130852,215114261949,57130852,57131097,114261949,YES
664,665,44,220000000000,220057083936,220114168238,57083936,57084302,114168238,YES
664,665,45,225000000000,225057046605,225114093694,57046605,57047089,114093694,YES
664,665,46,230000000000,230060011533,230117031193,60011533,57019660,117031193,YES
664,665,47,235000000000,235058256478,235115258731,58256478,57002253,115258731,YES
664,665,48,240000000000,240056994192,240113989211,56994192,56995019,113989211,YES
664,665,49,245000000000,245056997166,245113995261,56997166,56998095,113995261,YES
664,665,50,250000000000,250057010573,250114022168,57010573,57011595,114022168,YES
664,665,51,255000000000,255057034480,255114070080,57034480,57035600,114070080,YES
664,665,52,260000000000,260066548308,260135795191,66548308,69246883,135795191,YES
664,665,53,265000000000,265066472608,265136495529,66472608,70022921,136495529,YES
664,665,54,270000000000,270066407603,270136030453,66407603,69622850,136030453,YES
664,665,55,275000000000,275071502490,275137854626,71502490,66352136,137854626,YES
664,665,56,280000000000,280071735693,280138073124,71735693,66337431,138073124,YES
664,665,57,285000000000,285066279340,285133024227,66279340,66744887,133024227,YES
664,665,58,290000000000,290066259344,290132517671,66259344,66258327,132517671,YES
664,665,59,295000000000,295066250805,295132500721,66250805,66249916,132500721,YES
664,665,60,300000000000,300066253670,300133373514,66253670,67119844,133373514,YES
664,665,61,305000000000,305066267831,305132535063,66267831,66267232,132535063,YES
664,665,62,310000000000,310066293126,310132585804,66293126,66292678,132585804,YES
664,665,63,315000000000,315066329349,315132658403,66329349,66329054,132658403,YES
664,665,64,320000000000,320066376249,320132752359,66376249,66376110,132752359,YES
664,665,65,325000000000,325066713805,325133156950,66713805,66443145,133156950,YES
664,665,66,330000000000,330066500908,330133001988,66500908,66501080,133001988,YES
664,665,67,335000000000,335091213001,335182426425,91213001,91213424,182426425,YES
664,665,68,340000000000,340094590526,340185805000,94590526,91214474,185805000,YES
664,665,69,345000000000,345097934982,345193713765,97934982,95778783,193713765,YES
664,665,70,350000000000,350095863445,350187117890,95863445,91254445,187117890,YES
664,665,71,355000000000,355091291711,355182584818,91291711,91293107,182584818,YES
664,665,72,360000000000,360092169976,360183513985,92169976,91344009,183513985,YES
664,665,73,365000000000,365091404999,365182811842,91404999,91406843,182811842,YES
664,665,74,370000000000,370092385166,370183866470,92385166,91481304,183866470,YES
664,665,75,375000000000,375092753516,375194366473,92753516,101612957,194366473,YES
664,665,76,380000000000,380091661054,380183324547,91661054,91663493,183324547,YES
664,665,77,385000000000,385091767786,385183538193,91767786,91770407,183538193,YES
664,665,78,390000000000,390090357951,390180712993,90357951,90355042,180712993,YES
664,665,79,395000000000,395090311783,395180620859,90311783,90309076,180620859,YES
664,665,80,400000000000,400090276002,400180549506,90276002,90273504,180549506,YES
664,665,81,405000000000,405090250575,405180498865,90250575,90248290,180498865,YES
664,665,82,410000000000,410090235429,410180468795,90235429,90233366,180468795,YES
664,665,83,415000000000,415090230484,415182891933,90230484,92661449,182891933,YES
664,665,84,420000000000,420070652432,420142606020,70652432,71953588,142606020,YES
664,665,85,425000000000,425071025417,425141540781,71025417,70515364,141540781,YES
664,665,86,430000000000,430071579032,430142021279,71579032,70442247,142021279,YES
664,665,87,435000000000,435072332623,435142710402,72332623,70377779,142710402,YES
664,665,88,440000000000,440057708915,440115417535,57708915,57708620,115417535,YES
664,665,89,445000000000,445057632840,445115265506,57632840,57632666,115265506,YES
664,665,90,450000000000,450057565953,450115131854,57565953,57565901,115131854,YES
664,665,91,455000000000,455057508592,455115017254,57508592,57508662,115017254,YES
664,665,92,460000000000,460057461066,460123174896,57461066,65713830,123174896,YES
664,665,93,465000000000,465057423667,465121137636,57423667,63713969,121137636,YES
664,665,94,470000000000,470057396647,470125110719,57396647,67714072,125110719,YES
664,665,95,475000000000,475057380219,475114760987,57380219,57380768,114760987,YES
664,665,96,480000000000,480057374551,480114749765,57374551,57375214,114749765,YES
664,665,97,485000000000,485057379765,485114760302,57379765,57380537,114760302,YES
664,665,98,490000000000,490057395922,490114792721,57395922,57396799,114792721,YES
664,665,99,495000000000,495057423024,495114847023,57423024,57423999,114847023,YES
664,665,100,500000000000,500067028092,500133514742,67028092,66486650,133514742,YES
664,665,101,505000000000,505066429690,505132857951,66429690,66428261,132857951,YES
664,665,102,510000000000,510066382113,510132762913,66382113,66380800,132762913,YES
664,665,103,515000000000,515066345660,515132690129,66345660,66344469,132690129,YES
664,665,104,520000000000,520069784614,520136103993,69784614,66319379,136103993,YES
664,665,105,525000000000,525070783198,525137088819,70783198,66305621,137088819,YES
664,665,106,530000000000,530066303968,530132607150,66303968,66303182,132607150,YES
664,665,107,535000000000,535066312626,535132624612,66312626,66311986,132624612,YES
664,665,108,540000000000,540070181041,540136512989,70181041,66331948,136512989,YES
664,665,109,545000000000,545068770699,545136198400,68770699,67427701,136198400,YES
664,665,110,550000000000,550067136027,550133657573,67136027,66521546,133657573,YES
664,665,111,555000000000,555071233093,555137689834,71233093,66456741,137689834,YES
664,665,112,560000000000,560093594705,560184725944,93594705,91131239,184725944,YES
664,665,113,565000000000,565091115207,565182230827,91115207,91115620,182230827,YES
664,665,114,570000000000,570091112165,570184728363,91112165,93616198,184728363,YES
664,665,115,575000000000,575091122017,575185337101,91122017,94215084,185337101,YES
664,665,116,580000000000,580091144730,580182290615,91144730,91145885,182290615,YES
664,665,117,585000000000,585091180201,585189464651,91180201,98284450,189464651,YES
664,665,118,590000000000,590091912099,590209228892,91912099,117316793,209228892,YES
664,665,119,595000000000,595091288627,595182579096,91288627,91290469,182579096,YES
664,665,120,600000000000,600091754794,600183117873,91754794,91363079,183117873,YES
664,665,121,605000000000,605091685214,605183132535,91685214,91447321,183132535,YES
664,665,122,610000000000,610091750310,610191696824,91750310,99946514,191696824,YES
664,665,123,615000000000,615091646414,615191734887,91646414,100088473,191734887,YES
664,665,124,620000000000,620092031522,620183797156,92031522,91765634,183797156,YES
664,665,125,625000000000,625090011248,625180019171,90011248,90007923,180019171,YES
664,665,126,630000000000,630092102039,630182055158,92102039,89953119,182055158,YES
664,665,127,635000000000,635089911202,635179819446,89911202,89908244,179819446,YES
664,665,128,640000000000,640089875978,640179749193,89875978,89873215,179749193,YES
664,665,129,645000000000,645089850558,645182611638,89850558,92761080,182611638,YES
664,665,130,650000000000,650089834899,650188313984,89834899,98479085,188313984,YES
664,665,131,655000000000,655089828927,655179655740,89828927,89826813,179655740,YES
664,665,132,660000000000,660089832607,660179663323,89832607,89830716,179663323,YES
664,665,133,665000000000,665072981256,665143716119,72981256,70734863,143716119,YES
664,665,134,670000000000,670070651410,670141302702,70651410,70651292,141302702,YES
664,665,135,675000000000,675070575911,675141151860,70575911,70575949,141151860,YES
664,665,136,680000000000,680070494467,680143066579,70494467,72572112,143066579,YES
664,665,137,685000000000,685071762297,685142181812,71762297,70419515,142181812,YES
664,665,138,690000000000,690071713620,690142067414,71713620,70353794,142067414,YES
664,665,139,695000000000,695070297038,695140594339,70297038,70297301,140594339,YES
664,665,140,700000000000,700070249785,700140499985,70249785,70250200,140499985,YES
664,665,141,705000000000,705070212120,705140424801,70212120,70212681,140424801,YES
664,665,142,710000000000,710070184193,710140369096,70184193,70184903,140369096,YES
664,665,143,715000000000,715070166145,715140333140,70166145,70166995,140333140,YES
664,665,144,720000000000,720057204960,720114410734,57204960,57205774,114410734,YES
664,665,145,725000000000,725057208251,725114417419,57208251,57209168,114417419,YES
664,665,146,730000000000,730057221466,730114443951,57221466,57222485,114443951,YES
664,665,147,735000000000,735057244648,735114490407,57244648,57245759,114490407,YES
664,665,148,740000000000,740066691388,740133381078,66691388,66689690,133381078,YES
664,665,149,745000000000,745066615130,745133228661,66615130,66613531,133228661,YES
664,665,150,750000000000,750066549053,750133096616,66549053,66547563,133096616,YES
664,665,151,755000000000,755071824988,755138317023,71824988,66492035,138317023,YES
664,665,152,760000000000,760072502966,760139189647,72502966,66686681,139189647,YES
664,665,153,765000000000,765066414691,765132828247,66414691,66413556,132828247,YES
664,665,154,770000000000,770066391825,770137220015,66391825,70828190,137220015,YES
664,665,155,775000000000,775066380086,775132759303,66380086,66379217,132759303,YES
664,665,156,780000000000,780066379482,780133580356,66379482,67200874,133580356,YES
664,665,157,785000000000,785066389971,785132779363,66389971,66389392,132779363,YES
664,665,158,790000000000,790066790014,790133201038,66790014,66411024,133201038,YES
664,665,159,795000000000,795067240791,795133684296,67240791,66443505,133684296,YES
664,665,160,800000000000,800104578447,800195672168,104578447,91093721,195672168,YES
664,665,161,805000000000,805091057287,805185103392,91057287,94046105,185103392,YES
664,665,162,810000000000,810091033307,810182844613,91033307,91811306,182844613,YES
664,665,163,815000000000,815091022275,815182045137,91022275,91022862,182045137,YES
664,665,164,820000000000,820091024324,820182049486,91024324,91025162,182049486,YES
664,665,165,825000000000,825091067682,825186278011,91067682,95210329,186278011,YES
664,665,166,830000000000,830091067801,830185941787,91067801,94873986,185941787,YES
664,665,167,835000000000,835091109077,835182219708,91109077,91110631,182219708,YES
664,665,168,840000000000,840095976752,840187141734,95976752,91164982,187141734,YES
664,665,169,845000000000,845091229747,845185839176,91229747,94609429,185839176,YES
664,665,170,850000000000,850091308531,850186782327,91308531,95473796,186782327,YES
664,665,171,855000000000,855091399113,855182800636,91399113,91401523,182800636,YES
664,665,172,860000000000,860091501049,860183004696,91501049,91503647,183004696,YES
664,665,173,865000000000,865089954880,865179906792,89954880,89951912,179906792,YES
664,665,174,870000000000,870089904323,870179805874,89904323,89901551,179805874,YES
664,665,175,875000000000,875089864711,875179726860,89864711,89862149,179726860,YES
664,665,176,880000000000,880089835988,880179669624,89835988,89833636,179669624,YES
664,665,177,885000000000,885089818054,885179633973,89818054,89815919,179633973,YES
664,665,178,890000000000,890089810802,890179619695,89810802,89808893,179619695,YES
664,665,179,895000000000,895089814103,895179626532,89814103,89812429,179626532,YES
664,665,180,900000000000,900089827822,900179654199,89827822,89826377,179654199,YES
664,665,181,905000000000,905089851782,905179702359,89851782,89850577,179702359,YES
664,665,182,910000000000,910089885804,910180558785,89885804,90672981,180558785,YES
664,665,183,915000000000,915072310675,915142804655,72310675,70493980,142804655,YES
664,665,184,920000000000,920070427363,920145587695,70427363,75160332,145587695,YES
664,665,185,925000000000,925070369777,925140739795,70369777,70370018,140739795,YES
664,665,186,930000000000,930070683098,930141005004,70683098,70321906,141005004,YES
664,665,187,935000000000,935070909352,935141192614,70909352,70283262,141192614,YES
664,665,188,940000000000,940071537328,940143610536,71537328,72073208,143610536,YES
664,665,189,945000000000,945057665711,945117111520,57665711,59445809,117111520,YES
664,665,190,950000000000,950057640238,950115280913,57640238,57640675,115280913,YES
664,665,191,955000000000,955057624833,955115250216,57624833,57625383,115250216,YES
664,665,192,960000000000,960057619623,960115239906,57619623,57620283,115239906,YES
664,665,193,965000000000,965067094151,965124719619,67094151,57625468,124719619,YES
664,665,194,970000000000,970067579763,970125220731,67579763,57640968,125220731,YES
664,665,195,975000000000,975066732852,975133464085,66732852,66731233,133464085,YES
664,665,196,980000000000,980066662839,980133324161,66662839,66661322,133324161,YES
664,665,197,985000000000,985066602933,985133204457,66602933,66601524,133204457,YES
664,665,198,990000000000,990066553411,990133105531,66553411,66552120,133105531,YES
664,665,199,995000000000,995066728157,995133241490,66728157,66513333,133241490,YES
664,665,200,1000000000000,1000067432283,1000134282601,67432283,66850318,134282601,YES
664,665,201,1005000000000,1005071431487,1005137899707,71431487,66468220,137899707,YES
664,665,202,1010000000000,1010072536801,1010139183979,72536801,66647178,139183979,YES
664,665,203,1015000000000,1015066467542,1015133314530,66467542,66846988,133314530,YES
664,665,204,1020000000000,1020091160657,1020188716779,91160657,97556122,188716779,YES
664,665,205,1025000000000,1025091095297,1025183691815,91095297,92596518,183691815,YES
664,665,206,1030000000000,1030098840481,1030189882213,98840481,91041732,189882213,YES
664,665,207,1035000000000,1035096996987,1035187998124,96996987,91001137,187998124,YES
664,665,208,1040000000000,1040094168331,1040185141622,94168331,90973291,185141622,YES
664,665,209,1045000000000,1045090957878,1045181916337,90957878,90958459,181916337,YES
664,665,210,1050000000000,1050090955993,1050185991213,90955993,95035220,185991213,YES
664,665,211,1055000000000,1055092099241,1055186980463,92099241,94881222,186980463,YES
664,665,212,1060000000000,1060090992215,1060181985745,90992215,90993530,181985745,YES
664,665,213,1065000000000,1065091030279,1065182062109,91030279,91031830,182062109,YES
664,665,214,1070000000000,1070091081469,1070183867295,91081469,92785826,183867295,YES
664,665,215,1075000000000,1075095512616,1075187898211,95512616,92385595,187898211,YES
664,665,216,1080000000000,1080091222223,1080184740888,91222223,93518665,184740888,YES
664,665,217,1085000000000,1085091311077,1085189497255,91311077,98186178,189497255,YES
664,665,218,1090000000000,1090094217362,1090194631243,94217362,100413881,194631243,YES
664,665,219,1095000000000,1095089778208,1095180226134,89778208,90447926,180226134,YES
664,665,220,1100000000000,1100090928313,1100180652264,90928313,89723951,180652264,YES
664,665,221,1105000000000,1105089686460,1105179370363,89686460,89683903,179370363,YES
664,665,222,1110000000000,1110089657331,1110179312319,89657331,89654988,179312319,YES
664,665,223,1115000000000,1115089639232,1115180793538,89639232,91154306,180793538,YES
664,665,224,1120000000000,1120089632037,1120179262173,89632037,89630136,179262173,YES
664,665,225,1125000000000,1125089635603,1125179269534,89635603,89633931,179269534,YES
664,665,226,1130000000000,1130092766777,1130182415125,92766777,89648348,182415125,YES
664,665,227,1135000000000,1135140054791,1135229728270,140054791,89673479,229728270,YES
664,665,228,1140000000000,1140094837167,1140184545436,94837167,89708269,184545436,YES
664,665,229,1145000000000,1145089754021,1145179507335,89754021,89753314,179507335,YES
664,665,230,1150000000000,1150070513853,1150141027757,70513853,70513904,141027757,YES
664,665,231,1155000000000,1155070455417,1155140911046,70455417,70455629,140911046,YES
664,665,232,1160000000000,1160070406208,1160140812785,70406208,70406577,140812785,YES
664,665,233,1165000000000,1165070366362,1165140733246,70366362,70366884,140733246,YES
664,665,234,1170000000000,1170070335988,1170140672652,70335988,70336664,140672652,YES
664,665,235,1175000000000,1175070315179,1175140631180,70315179,70316001,140631180,YES
664,665,236,1180000000000,1180072673572,1180153695551,72673572,81021979,153695551,YES
664,665,237,1185000000000,1185103701683,1185189663048,103701683,85961365,189663048,YES
664,665,238,1190000000000,1190057759344,1190115519310,57759344,57759966,115519310,YES
664,665,239,1195000000000,1195057760918,1195115522568,57760918,57761650,115522568,YES
665,666,0,0,92282029,184563076,92282029,92281047,184563076,YES
665,666,1,5000000000,5093202248,5186162122,93202248,92959874,186162122,YES
665,666,2,10000000000,10092288390,10184576352,92288390,92287962,184576352,YES
665,666,3,15000000000,15092313950,15184627759,92313950,92313809,184627759,YES
665,666,4,20000000000,20092387832,20184775808,92387832,92387976,184775808,YES
665,666,5,25000000000,25092442527,25184885497,92442527,92442970,184885497,YES
665,666,6,30000000000,30092511250,30185023236,92511250,92511986,185023236,YES
665,666,7,35000000000,35092593504,35185188028,92593504,92594524,185188028,YES
665,666,8,40000000000,40092688729,40185378759,92688729,92690030,185378759,YES
665,666,9,45000000000,45092796299,45185594167,92796299,92797868,185594167,YES
665,666,10,50000000000,50092915561,50185832944,92915561,92917383,185832944,YES
665,666,11,55000000000,55093045821,55186093740,93045821,93047919,186093740,YES
665,666,12,60000000000,60093186407,60186375146,93186407,93188739,186375146,YES
665,666,13,65000000000,65093336635,65186675818,93336635,93339183,186675818,YES
665,666,14,70000000000,70093495836,70186994429,93495836,93498593,186994429,YES
665,666,15,75000000000,75093663386,75187329735,93663386,93666349,187329735,YES
665,666,16,80000000000,80093838684,80187680511,93838684,93841827,187680511,YES
665,666,17,85000000000,85095233396,85189257929,95233396,94024533,189257929,YES
665,666,18,90000000000,90094210325,90188424118,94210325,94213793,188424118,YES
665,666,19,95000000000,95084039023,95168078162,84039023,84039139,168078162,YES
665,666,20,100000000000,100083965480,100167931284,83965480,83965804,167931284,YES
665,666,21,105000000000,105085017001,105168902560,85017001,83885559,168902560,YES
665,666,22,110000000000,110083795061,110167590030,83795061,83794969,167590030,YES
665,666,23,115000000000,115083712792,115167425684,83712792,83712892,167425684,YES
665,666,24,120000000000,120083639236,120167278757,83639236,83639521,167278757,YES
665,666,25,125000000000,125083574538,125167149544,83574538,83575006,167149544,YES
665,666,26,130000000000,130083518835,130167038318,83518835,83519483,167038318,YES
665,666,27,135000000000,135083472245,135166945325,83472245,83473080,166945325,YES
665,666,28,140000000000,140083434924,140166870849,83434924,83435925,166870849,YES
665,666,29,145000000000,145083406984,145166815130,83406984,83408146,166815130,YES
665,666,30,150000000000,150083388548,150166778415,83388548,83389867,166778415,YES
665,666,31,155000000000,155083379744,155166760944,83379744,83381200,166760944,YES
665,666,32,160000000000,160083380685,160166762965,83380685,83382280,166762965,YES
665,666,33,165000000000,165083947650,165167340868,83947650,83393218,167340868,YES
665,666,34,170000000000,170083412212,170166826281,83412212,83414069,166826281,YES
665,666,35,175000000000,175087059396,175174116285,87059396,87056889,174116285,YES
665,666,36,180000000000,180086965973,180183981006,86965973,97015033,183981006,YES
665,666,37,185000000000,185048811242,185100020213,48811242,51208971,100020213,YES
665,666,38,190000000000,190048685445,190101805170,48685445,53119725,101805170,YES
665,666,39,195000000000,195093495214,195186987382,93495214,93492168,186987382,YES
665,666,40,200000000000,200093378289,200186753670,93378289,93375381,186753670,YES
665,666,41,205000000000,205096606906,205189876238,96606906,93269332,189876238,YES
665,666,42,210000000000,210093177357,210187321995,93177357,94144638,187321995,YES
665,666,43,215000000000,215093094448,215186186494,93094448,93092046,186186494,YES
665,666,44,220000000000,220093023899,220186045580,93023899,93021681,186045580,YES
665,666,45,225000000000,225092966122,225185930227,92966122,92964105,185930227,YES
665,666,46,230000000000,230093209340,230186129002,93209340,92919662,186129002,YES
665,666,47,235000000000,235092906609,235185937175,92906609,93030566,185937175,YES
665,666,48,240000000000,240092872522,240185743700,92872522,92871178,185743700,YES
665,666,49,245000000000,245092868536,245185735979,92868536,92867443,185735979,YES
665,666,50,250000000000,250092911879,250185822923,92911879,92911044,185822923,YES
665,666,51,255000000000,255092935305,255185870044,92935305,92934739,185870044,YES
665,666,52,260000000000,260092972297,260185944304,92972297,92972007,185944304,YES
665,666,53,265000000000,265093022661,265186045324,93022661,93022663,186045324,YES
665,666,54,270000000000,270093086128,270186172549,93086128,93086421,186172549,YES
665,666,55,275000000000,275093162376,275186325332,93162376,93162956,186325332,YES
665,666,56,280000000000,280093251004,280186502875,93251004,93251871,186502875,YES
665,666,57,285000000000,285093351569,285186704285,93351569,93352716,186704285,YES
665,666,58,290000000000,290093463567,290186928554,93463567,93464987,186928554,YES
665,666,59,295000000000,295093586472,295187174633,93586472,93588161,187174633,YES
665,666,60,300000000000,300093719732,300187441393,93719732,93721661,187441393,YES
665,666,61,305000000000,305093862744,305188017597,93862744,94154853,188017597,YES
665,666,62,310000000000,310094014947,310188871822,94014947,94856875,188871822,YES
665,666,63,315000000000,315094175765,315188354171,94175765,94178406,188354171,YES
665,666,64,320000000000,320094344637,320188692121,94344637,94347484,188692121,YES
665,666,65,325000000000,325053883189,325110350200,53883189,56467011,110350200,YES
665,666,66,330000000000,330053820894,330107642452,53820894,53821558,107642452,YES
665,666,67,335000000000,335083333797,335166666608,83333797,83332811,166666608,YES
665,666,68,340000000000,340083219078,340166437369,83219078,83218291,166437369,YES
665,666,69,345000000000,345083113017,345166225449,83113017,83112432,166225449,YES
665,666,70,350000000000,350083015910,350166031441,83015910,83015531,166031441,YES
665,666,71,355000000000,355082928047,355165855931,82928047,82927884,165855931,YES
665,666,72,360000000000,360082849688,360165699412,82849688,82849724,165699412,YES
665,666,73,365000000000,365082781072,365165706834,82781072,82925762,165706834,YES
665,666,74,370000000000,370082722434,370165445295,82722434,82722861,165445295,YES
665,666,75,375000000000,375082673982,375165348581,82673982,82674599,165348581,YES
665,666,76,380000000000,380082635906,380165272615,82635906,82636709,165272615,YES
665,666,77,385000000000,385082608392,385165217766,82608392,82609374,165217766,YES
665,666,78,390000000000,390082591602,390165184350,82591602,82592748,165184350,YES
665,666,79,395000000000,395082585674,395165172663,82585674,82586989,165172663,YES
665,666,80,400000000000,400082590732,400165182936,82590732,82592204,165182936,YES
665,666,81,405000000000,405082606864,405165215346,82606864,82608482,165215346,YES
665,666,82,410000000000,410082634116,410165269995,82634116,82635879,165269995,YES
665,666,83,415000000000,415082672489,415165346875,82672489,82674386,165346875,YES
665,666,84,420000000000,420048624220,420098218358,48624220,49594138,98218358,YES
665,666,85,425000000000,425048504634,425097007224,48504634,48502590,97007224,YES
665,666,86,430000000000,430048394724,430096787460,48394724,48392736,96787460,YES
665,666,87,435000000000,435048294691,435096587469,48294691,48292778,96587469,YES
665,666,88,440000000000,440048204684,440096407523,48204684,48202839,96407523,YES
665,666,89,445000000000,445048124797,445096247819,48124797,48123022,96247819,YES
665,666,90,450000000000,450048055085,450096108474,48055085,48053389,96108474,YES
665,666,91,455000000000,455092778295,455185554575,92778295,92776280,185554575,YES
665,666,92,460000000000,460093910419,460188381723,93910419,94471304,188381723,YES
665,666,93,465000000000,465092652103,465187431852,92652103,94779749,187431852,YES
665,666,94,470000000000,470092608552,470185215731,92608552,92607179,185215731,YES
665,666,95,475000000000,475092578551,475185155976,92578551,92577425,185155976,YES
665,666,96,480000000000,480092562380,480185123883,92562380,92561503,185123883,YES
665,666,97,485000000000,485092560229,485185119831,92560229,92559602,185119831,YES
665,666,98,490000000000,490092572178,490185143997,92572178,92571819,185143997,YES
665,666,99,495000000000,495092598202,495185196319,92598202,92598117,185196319,YES
665,666,100,500000000000,500092638185,500185276557,92638185,92638372,185276557,YES
665,666,101,505000000000,505092725494,505185451457,92725494,92725963,185451457,YES
665,666,102,510000000000,510092792620,510185585982,92792620,92793362,185585982,YES
665,666,103,515000000000,515092872758,515185746533,92872758,92873775,185746533,YES
665,666,104,520000000000,520092965450,520185932182,92965450,92966732,185932182,YES
665,666,105,525000000000,525093070161,525186141888,93070161,93071727,186141888,YES
665,666,106,530000000000,530093186338,530186374491,93186338,93188153,186374491,YES
665,666,107,535000000000,535093313377,535186628810,93313377,93315433,186628810,YES
665,666,108,540000000000,540093450675,540186903637,93450675,93452962,186903637,YES
665,666,109,545000000000,545093597617,545187197744,93597617,93600127,187197744,YES
665,666,110,550000000000,550093753609,550187509941,93753609,93756332,187509941,YES
665,666,111,555000000000,555093918075,555187839055,93918075,93920980,187839055,YES
665,666,112,560000000000,560090584665,560179970289,90584665,89385624,179970289,YES
665,666,113,565000000000,565089582798,565179168365,89582798,89585567,179168365,YES
665,666,114,570000000000,570089790331,570179583639,89790331,89793308,179583639,YES
665,666,115,575000000000,575083664566,575167328433,83664566,83663867,167328433,YES
665,666,116,580000000000,580083554757,580167109032,83554757,83554275,167109032,YES
665,666,117,585000000000,585083453582,585166906897,83453582,83453315,166906897,YES
665,666,118,590000000000,590083361256,590166722453,83361256,83361197,166722453,YES
665,666,119,595000000000,595083277963,595166556080,83277963,83278117,166556080,YES
665,666,120,600000000000,600083203867,600166408094,83203867,83204227,166408094,YES
665,666,121,605000000000,605083870021,605167009694,83870021,83139673,167009694,YES
665,666,122,610000000000,610083083829,610166168414,83083829,83084585,166168414,YES
665,666,123,615000000000,615083038138,615166077221,83038138,83039083,166077221,YES
665,666,124,620000000000,620083002158,620166005440,83002158,83003282,166005440,YES
665,666,125,625000000000,625085771596,625168748901,85771596,82977305,168748901,YES
665,666,126,630000000000,630082959806,630165921091,82959806,82961285,165921091,YES
665,666,127,635000000000,635082953695,635165909025,82953695,82955330,165909025,YES
665,666,128,640000000000,640082957791,640165917365,82957791,82959574,165917365,YES
665,666,129,645000000000,645082972234,645165946391,82972234,82974157,165946391,YES
665,666,130,650000000000,650082997129,650165996319,82997129,82999190,165996319,YES
665,666,131,655000000000,655083032590,655166067359,83032590,83034769,166067359,YES
665,666,132,660000000000,660083078669,660166159637,83078669,83080968,166159637,YES
665,666,133,665000000000,665048648499,665097294898,48648499,48646399,97294898,YES
665,666,134,670000000000,670048523183,670098924281,48523183,50401098,98924281,YES
665,666,135,675000000000,675048407634,675096813266,48407634,48405632,96813266,YES
665,666,136,680000000000,680048302086,680096602246,48302086,48300160,96602246,YES
665,666,137,685000000000,685048206713,685096411559,48206713,48204846,96411559,YES
665,666,138,690000000000,690048121610,690096241420,48121610,48119810,96241420,YES
665,666,139,695000000000,695048046828,695096091927,48046828,48045099,96091927,YES
665,666,140,700000000000,700047982359,700095963061,47982359,47980702,95963061,YES
665,666,141,705000000000,705047928176,705095854776,47928176,47926600,95854776,YES
665,666,142,710000000000,710047884211,710095766936,47884211,47882725,95766936,YES
665,666,143,715000000000,715047850393,715095699390,47850393,47848997,95699390,YES
665,666,144,720000000000,720093288686,720186576252,93288686,93287566,186576252,YES
665,666,145,725000000000,725093290199,725188577048,93290199,95286849,188577048,YES
665,666,146,730000000000,730093304497,730186608354,93304497,93303857,186608354,YES
665,666,147,735000000000,735093331576,735186662766,93331576,93331190,186662766,YES
665,666,148,740000000000,740093404967,740186809805,93404967,93404838,186809805,YES
665,666,149,745000000000,745093457339,745186914817,93457339,93457478,186914817,YES
665,666,150,750000000000,750093522100,750187044603,93522100,93522503,187044603,YES
665,666,151,755000000000,755093598993,755187198662,93598993,93599669,187198662,YES
665,666,152,760000000000,760093687713,760187376368,93687713,93688655,187376368,YES
665,666,153,765000000000,765093787890,765187576987,93787890,93789097,187576987,YES
665,666,154,770000000000,770093899125,770187799712,93899125,93900587,187799712,YES
665,666,155,775000000000,775094020966,775188043669,94020966,94022703,188043669,YES
665,666,156,780000000000,780100026670,780194181763,100026670,94155093,194181763,YES
665,666,157,785000000000,785098168245,785192465160,98168245,94296915,192465160,YES
665,666,158,790000000000,790095126984,790189549317,95126984,94422333,189549317,YES
665,666,159,795000000000,795094521439,795189043995,94521439,94522556,189043995,YES
665,666,160,800000000000,800083470014,800166938346,83470014,83468332,166938346,YES
665,666,161,805000000000,805083326357,805166651230,83326357,83324873,166651230,YES
665,666,162,810000000000,810083157006,810166312726,83157006,83155720,166312726,YES
665,666,163,815000000000,815083029570,815166058068,83029570,83028498,166058068,YES
665,666,164,820000000000,820082910841,820165820838,82910841,82909997,165820838,YES
665,666,165,825000000000,825082801193,825166002146,82801193,83200953,166002146,YES
665,666,166,830000000000,830082700973,830165401541,82700973,82700568,165401541,YES
665,666,167,835000000000,835082610509,835165220831,82610509,82610322,165220831,YES
665,666,168,840000000000,840082530080,840165060193,82530080,82530113,165060193,YES
665,666,169,845000000000,845082716176,845169460431,82716176,86744255,169460431,YES
665,666,170,850000000000,850082400371,850167371252,82400371,84970881,167371252,YES
665,666,171,855000000000,855082351534,855164703740,82351534,82352206,164703740,YES
665,666,172,860000000000,860082313629,860164628133,82313629,82314504,164628133,YES
665,666,173,865000000000,865082286830,865164574726,82286830,82287896,164574726,YES
665,666,174,870000000000,870082271281,870164543814,82271281,82272533,164543814,YES
665,666,175,875000000000,875082267120,875164535668,82267120,82268548,164535668,YES
665,666,176,880000000000,880082274454,880164550500,82274454,82276046,164550500,YES
665,666,177,885000000000,885082293354,885164588463,82293354,82295109,164588463,YES
665,666,178,890000000000,890082323872,890164649646,82323872,82325774,164649646,YES
665,666,179,895000000000,895082365990,895164734021,82365990,82368031,164734021,YES
665,666,180,900000000000,900082419645,900164841464,82419645,82421819,164841464,YES
665,666,181,905000000000,905082484704,905164971703,82484704,82486999,164971703,YES
665,666,182,910000000000,910082594557,910165191527,82594557,82596970,165191527,YES
665,666,183,915000000000,915048237936,915096474005,48237936,48236069,96474005,YES
665,666,184,920000000000,920048150432,920096299061,48150432,48148629,96299061,YES
665,666,185,925000000000,925048073272,925096144809,48073272,48071537,96144809,YES
665,666,186,930000000000,930048006447,930096011234,48006447,48004787,96011234,YES
665,666,187,935000000000,935213540469,935261487094,213540469,47946625,261487094,YES
665,666,188,940000000000,940047903540,940095805578,47903540,47902038,95805578,YES
665,666,189,945000000000,945047867268,945095733121,47867268,47865853,95733121,YES
665,666,190,950000000000,950047840958,950095680595,47840958,47839637,95680595,YES
665,666,191,955000000000,955047824483,955095647739,47824483,47823256,95647739,YES
665,666,192,960000000000,960049225018,960097060789,49225018,47835771,97060789,YES
665,666,193,965000000000,965093054753,965186108979,93054753,93054226,186108979,YES
665,666,194,970000000000,970093066870,970186133462,93066870,93066592,186133462,YES
665,666,195,975000000000,975093091833,975192311186,93091833,99219353,192311186,YES
665,666,196,980000000000,980093129588,980192381693,93129588,99252105,192381693,YES
665,666,197,985000000000,985093213599,985186427686,93213599,93214087,186427686,YES
665,666,198,990000000000,990093276460,990186553666,93276460,93277206,186553666,YES
665,666,199,995000000000,995093351497,995186704000,93351497,93352503,186704000,YES
665,666,200,1000000000000,1000093438370,1000186877995,93438370,93439625,186877995,YES
665,666,201,1005000000000,1005093536687,1005187074877,93536687,93538190,187074877,YES
665,666,202,1010000000000,1010093646017,1010187293776,93646017,93647759,187293776,YES
665,666,203,1015000000000,1015093765899,1015187533772,93765899,93767873,187533772,YES
665,666,204,1020000000000,1020094579443,1020183790412,94579443,89210969,183790412,YES
665,666,205,1025000000000,1025089365941,1025178733698,89365941,89367757,178733698,YES
665,666,206,1030000000000,1030089806323,1030179339059,89806323,89532736,179339059,YES
665,666,207,1035000000000,1035093822051,1035183528015,93822051,89705964,183528015,YES
665,666,208,1040000000000,1040083148715,1040166296025,83148715,83147310,166296025,YES
665,666,209,1045000000000,1045083017601,1045166034013,83017601,83016412,166034013,YES
665,666,210,1050000000000,1050082895258,1050165789561,82895258,82894303,165789561,YES
665,666,211,1055000000000,1055082748494,1055165496256,82748494,82747762,165496256,YES
665,666,212,1060000000000,1060082644895,1060165289285,82644895,82644390,165289285,YES
665,666,213,1065000000000,1065082551209,1065165102146,82551209,82550937,165102146,YES
665,666,214,1070000000000,1070082467749,1070164935453,82467749,82467704,164935453,YES
665,666,215,1075000000000,1075086721366,1075169116290,86721366,82394924,169116290,YES
665,666,216,1080000000000,1080082332584,1080164665573,82332584,82332989,164665573,YES
665,666,217,1085000000000,1085082281322,1085164563268,82281322,82281946,164563268,YES
665,666,218,1090000000000,1090082241188,1090164483209,82241188,82242021,164483209,YES
665,666,219,1095000000000,1095082212322,1095164425686,82212322,82213364,164425686,YES
665,666,220,1100000000000,1100082194861,1100164390956,82194861,82196095,164390956,YES
665,666,221,1105000000000,1105082188902,1105164379227,82188902,82190325,164379227,YES
665,666,222,1110000000000,1110082194533,1110164390664,82194533,82196131,164390664,YES
665,666,223,1115000000000,1115082211807,1115164425377,82211807,82213570,164425377,YES
665,666,224,1120000000000,1120082240741,1120164483400,82240741,82242659,164483400,YES
665,666,225,1125000000000,1125082281319,1125164564698,82281319,82283379,164564698,YES
665,666,226,1130000000000,1130082333465,1130164669128,82333465,82335663,164669128,YES
665,666,227,1135000000000,1135082397048,1135165673735,82397048,83276687,165673735,YES
665,666,228,1140000000000,1140082471870,1140164946185,82471870,82474315,164946185,YES
665,666,229,1145000000000,1145082591263,1145165185082,82591263,82593819,165185082,YES
665,666,230,1150000000000,1150048230173,1150096458546,48230173,48228373,96458546,YES
665,666,231,1155000000000,1155048150312,1155096298887,48150312,48148575,96298887,YES
665,666,232,1160000000000,1160048080673,1160096159682,48080673,48079009,96159682,YES
665,666,233,1165000000000,1165048021199,1165096040813,48021199,48019614,96040813,YES
665,666,234,1170000000000,1170047971814,1170095942112,47971814,47970298,95942112,YES
665,666,235,1175000000000,1175047932389,1175095863345,47932389,47930956,95863345,YES
665,666,236,1180000000000,1180048410977,1180096312436,48410977,47901459,96312436,YES
665,666,237,1185000000000,1185047882887,1185095764522,47882887,47881635,95764522,YES
665,666,238,1190000000000,1190047872520,1190095743882,47872520,47871362,95743882,YES
665,666,239,1195000000000,1195047871533,1195095742009,47871533,47870476,95742009,YES
666,667,0,0,93818179,187636069,93818179,93817890,187636069,YES
666,667,1,5000000000,5096790032,5190534890,96790032,93744858,190534890,YES
666,667,2,10000000000,10100652876,10200357830,100652876,99704954,200357830,YES
666,667,3,15000000000,15093637128,15193860170,93637128,100223042,193860170,YES
666,667,4,20000000000,20093636095,20195031931,93636095,101395836,195031931,YES
666,667,5,25000000000,25095747321,25189362536,95747321,93615215,189362536,YES
666,667,6,30000000000,30093604480,30187210347,93604480,93605867,187210347,YES
666,667,7,35000000000,35095529396,35189195672,95529396,93666276,189195672,YES
666,667,8,40000000000,40093621541,40187244908,93621541,93623367,187244908,YES
666,667,9,45000000000,45093647679,45196106208,93647679,102458529,196106208,YES
666,667,10,50000000000,50093685181,50194316631,93685181,100631450,194316631,YES
666,667,11,55000000000,55093733760,55187469926,93733760,93736166,187469926,YES
666,667,12,60000000000,60021088759,60042177958,21088759,21089199,42177958,YES
666,667,13,65000000000,65021077380,65042155225,21077380,21077845,42155225,YES
666,667,14,70000000000,70021072620,70042145730,21072620,21073110,42145730,YES
666,667,15,75000000000,75021074517,75042149545,21074517,21075028,42149545,YES
666,667,16,80000000000,80021083129,80042166791,21083129,21083662,42166791,YES
666,667,17,85000000000,85021098537,85042197626,21098537,21099089,42197626,YES
666,667,18,90000000000,90021311765,90042442780,21311765,21131015,42442780,YES
666,667,19,95000000000,95079130970,95155687121,79130970,76556151,155687121,YES
666,667,20,100000000000,100116673743,100203014895,116673743,86341152,203014895,YES
666,667,21,105000000000,105106359499,105182700635,106359499,76341136,182700635,YES
666,667,22,110000000000,110080282201,110159482904,80282201,79200703,159482904,YES
666,667,23,115000000000,115076168261,115152334296,76168261,76166035,152334296,YES
666,667,24,120000000000,120076095689,120152981161,76095689,76885472,152981161,YES
666,667,25,125000000000,125076033740,125155172257,76033740,79138517,155172257,YES
666,667,26,130000000000,130081169218,130160942655,81169218,79773437,160942655,YES
666,667,27,135000000000,135077361594,135153302455,77361594,75940861,153302455,YES
666,667,28,140000000000,140075913776,140151825954,75913776,75912178,151825954,YES
666,667,29,145000000000,145076662341,145152557186,76662341,75894845,152557186,YES
666,667,30,150000000000,150077448044,150153337021,77448044,75888977,153337021,YES
666,667,31,155000000000,155075895756,155151790396,75895756,75894640,151790396,YES
666,667,32,160000000000,160075912829,160151824726,75912829,75911897,151824726,YES
666,667,33,165000000000,165081758110,165159215096,81758110,77456986,159215096,YES
666,667,34,170000000000,170075981807,170153238536,75981807,77256729,153238536,YES
666,667,35,175000000000,175076067284,175152134240,76067284,76066956,152134240,YES
666,667,36,180000000000,180076130684,180152261254,76130684,76130570,152261254,YES
666,667,37,185000000000,185076205503,185153231118,76205503,77025615,153231118,YES
666,667,38,190000000000,190076291590,190152583505,76291590,76291915,152583505,YES
666,667,39,195000000000,195025637569,195051274674,25637569,25637105,51274674,YES
666,667,40,200000000000,200025644166,200051287932,25644166,25643766,51287932,YES
666,667,41,205000000000,205025659723,205051319110,25659723,25659387,51319110,YES
666,667,42,210000000000,210100014433,210200029124,100014433,100014691,200029124,YES
666,667,43,215000000000,215100035089,215200068672,100035089,100033583,200068672,YES
666,667,44,220000000000,220094059386,220188117672,94059386,94058286,188117672,YES
666,667,45,225000000000,225111016697,225204964411,111016697,93947714,204964411,YES
666,667,46,230000000000,230093850978,230192782334,93850978,98931356,192782334,YES
666,667,47,235000000000,235093732263,235192281909,93732263,98549646,192281909,YES
666,667,48,240000000000,240093660021,240187320157,93660021,93660136,187320157,YES
666,667,49,245000000000,245093600659,245187201725,93600659,93601066,187201725,YES
666,667,50,250000000000,250093587734,250187176145,93587734,93588411,187176145,YES
666,667,51,255000000000,-1,-1,-1,-1,-1,LOST
666,667,52,260000000000,260105400197,260198934103,105400197,93533906,198934103,YES
666,667,53,265000000000,265098282587,265203051007,98282587,104768420,203051007,YES
666,667,54,270000000000,270098796742,270192325893,98796742,93529151,192325893,YES
666,667,55,275000000000,275098190444,275191817562,98190444,93627118,191817562,YES
666,667,56,280000000000,280100689991,280202263173,100689991,101573182,202263173,YES
666,667,57,285000000000,-1,-1,-1,-1,-1,LOST
666,667,58,290000000000,290093659174,290192247428,93659174,98588254,192247428,YES
666,667,59,295000000000,295095206968,295188929769,95206968,93722801,188929769,YES
666,667,60,300000000000,300099226554,300194992145,99226554,95765591,194992145,YES
666,667,61,305000000000,305094915424,305188792327,94915424,93876903,188792327,YES
666,667,62,310000000000,310093966155,310191418966,93966155,97452811,191418966,YES
666,667,63,315000000000,315021203733,315042408000,21203733,21204267,42408000,YES
666,667,64,320000000000,320021223745,320042448044,21223745,21224299,42448044,YES
666,667,65,325000000000,325076685070,325153367414,76685070,76682344,153367414,YES
666,667,66,330000000000,330076566962,330153131276,76566962,76564314,153131276,YES
666,667,67,335000000000,335076457637,335153925042,76457637,77467405,153925042,YES
666,667,68,340000000000,340076357450,340156546392,76357450,80188942,156546392,YES
666,667,69,345000000000,345076266735,345171721610,76266735,95454875,171721610,YES
666,667,70,350000000000,350076185804,350152369352,76185804,76183548,152369352,YES
666,667,71,355000000000,355076114949,355152227754,76114949,76112805,152227754,YES
666,667,72,360000000000,360077066528,360153118932,77066528,76052404,153118932,YES
666,667,73,365000000000,365076718453,365152721058,76718453,76002605,152721058,YES
666,667,74,370000000000,370075965382,370151929007,75965382,75963625,151929007,YES
666,667,75,375000000000,375080165388,375156101026,80165388,75935638,156101026,YES
666,667,76,380000000000,380075920307,380151839168,75920307,75918861,151839168,YES
666,667,77,385000000000,385077752590,385153666011,77752590,75913421,153666011,YES
666,667,78,390000000000,390077445078,390153364551,77445078,75919473,153364551,YES
666,667,79,395000000000,395075938021,395151875136,75938021,75937115,151875136,YES
666,667,80,400000000000,400075967166,400151933629,75967166,75966463,151933629,YES
666,667,81,405000000000,405076008057,405153411704,76008057,77403647,153411704,YES
666,667,82,410000000000,410077768593,410153829061,77768593,76060468,153829061,YES
666,667,83,415000000000,415076125125,415152250212,76125125,76125087,152250212,YES
666,667,84,420000000000,420081201428,420157436502,81201428,76235074,157436502,YES
666,667,85,425000000000,425076322394,425152645212,76322394,76322818,152645212,YES
666,667,86,430000000000,430076421314,430179164977,76421314,102743663,179164977,YES
666,667,87,435000000000,435076531281,435160885733,76531281,84354452,160885733,YES
666,667,88,440000000000,440076651963,440164581118,76651963,87929155,164581118,YES
666,667,89,445000000000,445087654951,445175618313,87654951,87963362,175618313,YES
666,667,90,450000000000,450021057403,450042115089,21057403,21057686,42115089,YES
666,667,91,455000000000,455094141450,455188281219,94141450,94139769,188281219,YES
666,667,92,460000000000,460094005767,460190630087,94005767,96624320,190630087,YES
666,667,93,465000000000,465096751615,465197543964,96751615,100792349,197543964,YES
666,667,94,470000000000,470099933470,470198656343,99933470,98722873,198656343,YES
666,667,95,475000000000,475098099410,475191825083,98099410,93725673,191825083,YES
666,667,96,480000000000,480093581760,480187292034,93581760,93710274,187292034,YES
666,667,97,485000000000,485093473134,485188024203,93473134,94551069,188024203,YES
666,667,98,490000000000,490104330899,490197741946,104330899,93411047,197741946,YES
666,667,99,495000000000,495104138801,495197500596,104138801,93361795,197500596,YES
666,667,100,500000000000,500098652246,500191977582,98652246,93325336,191977582,YES
666,667,101,505000000000,505102653024,505195988172,102653024,93335148,195988172,YES
666,667,102,510000000000,510097729502,510191053545,97729502,93324043,191053545,YES
666,667,103,515000000000,515093323861,515186649333,93323861,93325472,186649333,YES
666,667,104,520000000000,520093337494,520188833703,93337494,95496209,188833703,YES
666,667,105,525000000000,525093363399,525189375002,93363399,96011603,189375002,YES
666,667,106,530000000000,530093401402,530186805025,93401402,93403623,186805025,YES
666,667,107,535000000000,535101939680,535195393441,101939680,93453761,195393441,YES
666,667,108,540000000000,540099125284,540192640708,99125284,93515424,192640708,YES
666,667,109,545000000000,545093585642,545219857558,93585642,126271916,219857558,YES
666,667,110,550000000000,550102041248,550203011977,102041248,100970729,203011977,YES
666,667,111,555000000000,555102538856,555196306272,102538856,93767416,196306272,YES
666,667,112,560000000000,560110425838,560204298625,110425838,93872787,204298625,YES
666,667,113,565000000000,565103862727,565197850568,103862727,93987841,197850568,YES
666,667,114,570000000000,570102928726,570199465851,102928726,96537125,199465851,YES
666,667,115,575000000000,575015961829,575031695795,15961829,15733966,31695795,YES
666,667,116,580000000000,580015697360,580031394303,15697360,15696943,31394303,YES
666,667,117,585000000000,585076574518,585153146557,76574518,76572039,153146557,YES
666,667,118,590000000000,590101916066,590178911025,101916066,76994959,178911025,YES
666,667,119,595000000000,595076399798,595156587809,76399798,80188011,156587809,YES
666,667,120,600000000000,600076326397,600152650610,76326397,76324213,152650610,YES
666,667,121,605000000000,605076262692,605152523312,76262692,76260620,152523312,YES
666,667,122,610000000000,610081034512,610157241481,81034512,76206969,157241481,YES
666,667,123,615000000000,615080699266,615156862856,80699266,76163590,156862856,YES
666,667,124,620000000000,620076132392,620152263127,76132392,76130735,152263127,YES
666,667,125,625000000000,625076110064,625161193256,76110064,85083192,161193256,YES
666,667,126,630000000000,630077703332,630153800659,77703332,76097327,153800659,YES
666,667,127,635000000000,635076098439,635152195705,76098439,76097266,152195705,YES
666,667,128,640000000000,640078384805,640154493384,78384805,76108579,154493384,YES
666,667,129,645000000000,645076132198,645153682513,76132198,77550315,153682513,YES
666,667,130,650000000000,650076166524,650152332479,76166524,76165955,152332479,YES
666,667,131,655000000000,655076212653,655154402439,76212653,78189786,154402439,YES
666,667,132,660000000000,660076270649,660152541178,76270649,76270529,152541178,YES
666,667,133,665000000000,665076374125,665163783594,76374125,87409469,163783594,YES
666,667,134,670000000000,670078859063,670155315279,78859063,76456216,155315279,YES
666,667,135,675000000000,675094837140,675180709811,94837140,85872671,180709811,YES
666,667,136,680000000000,680093667722,680179506294,93667722,85838572,179506294,YES
666,667,137,685000000000,685085810213,685177820045,85810213,92009832,177820045,YES
666,667,138,690000000000,690020399020,690040798247,20399020,20399227,40798247,YES
666,667,139,695000000000,695020372750,695040745763,20372750,20373013,40745763,YES
666,667,140,700000000000,700020355776,700040711863,20355776,20356087,40711863,YES
666,667,141,705000000000,705020348001,705040696359,20348001,20348358,40696359,YES
666,667,142,710000000000,710021762941,710042112656,21762941,20349715,42112656,YES
666,667,143,715000000000,715022005871,715042365906,22005871,20360035,42365906,YES
666,667,144,720000000000,720093510015,720191967894,93510015,98457879,191967894,YES
666,667,145,725000000000,725093447744,725187544897,93447744,94097153,187544897,YES
666,667,146,730000000000,730102186864,730195551892,102186864,93365028,195551892,YES
666,667,147,735000000000,735093327391,735186655686,93327391,93328295,186655686,YES
666,667,148,740000000000,740093336592,740186674333,93336592,93337741,186674333,YES
666,667,149,745000000000,745093324866,745186651106,93324866,93326240,186651106,YES
666,667,150,750000000000,750093325760,750186653110,93325760,93327350,186653110,YES
666,667,151,755000000000,755093339204,755186680203,93339204,93340999,186680203,YES
666,667,152,760000000000,760093365090,760195701677,93365090,102336587,195701677,YES
666,667,153,765000000000,765093403277,765187747402,93403277,94344125,187747402,YES
666,667,154,770000000000,770096373147,770189829094,96373147,93455947,189829094,YES
666,667,155,775000000000,775121770179,775215288820,121770179,93518641,215288820,YES
666,667,156,780000000000,780097659677,780191251945,97659677,93592268,191251945,YES
666,667,157,785000000000,785163470745,785257495049,163470745,94024304,257495049,YES
666,667,158,790000000000,790113429850,790207319094,113429850,93889244,207319094,YES
666,667,159,795000000000,795103832735,795197713372,103832735,93880637,197713372,YES
666,667,160,800000000000,800015695215,800031389980,15695215,15694765,31389980,YES
666,667,161,805000000000,805015659509,805031318578,15659509,15659069,31318578,YES
666,667,162,810000000000,810015597057,810031193688,15597057,15596631,31193688,YES
666,667,163,815000000000,815015574948,815031149483,15574948,15574535,31149483,YES
666,667,164,820000000000,820016761074,820032320151,16761074,15559077,32320151,YES
666,667,165,825000000000,825015550554,825031100726,15550554,15550172,31100726,YES
666,667,166,830000000000,830015548106,830031095858,15548106,15547752,31095858,YES
666,667,167,835000000000,835015552122,835031103910,15552122,15551788,31103910,YES
666,667,168,840000000000,840076364711,840154236719,76364711,77872008,154236719,YES
666,667,169,845000000000,845087521462,845163837459,87521462,76315997,163837459,YES
666,667,170,850000000000,850076272300,850152542830,76272300,76270530,152542830,YES
666,667,171,855000000000,855076241431,855152481239,76241431,76239808,152481239,YES
666,667,172,860000000000,860076221142,860154053675,76221142,77832533,154053675,YES
666,667,173,865000000000,865076211688,865152422091,76211688,76210403,152422091,YES
666,667,174,870000000000,870082693213,870161915999,82693213,79222786,161915999,YES
666,667,175,875000000000,875145847816,875222073433,145847816,76225617,222073433,YES
666,667,176,880000000000,880087443878,880163693986,87443878,76250108,163693986,YES
666,667,177,885000000000,885109373706,885185660414,109373706,76286708,185660414,YES
666,667,178,890000000000,890076334898,890159272305,76334898,82937407,159272305,YES
666,667,179,895000000000,895086065837,895172131691,86065837,86065854,172131691,YES
666,667,180,900000000000,900086043698,900172087690,86043698,86043992,172087690,YES
666,667,181,905000000000,905089068156,905175103268,89068156,86035112,175103268,YES
666,667,182,910000000000,910092702367,910178730843,92702367,86028476,178730843,YES
666,667,183,915000000000,915085981405,915173864408,85981405,87883003,173864408,YES
666,667,184,920000000000,920085947315,920177886562,85947315,91939247,177886562,YES
666,667,185,925000000000,925089866684,925177284517,89866684,87417833,177284517,YES
666,667,186,930000000000,930020296273,930040592834,20296273,20296561,40592834,YES
666,667,187,935000000000,935020282409,935204295598,20282409,184013189,204295598,YES
666,667,188,940000000000,940020277682,940040555747,20277682,20278065,40555747,YES
666,667,189,945000000000,945020281981,945040564387,20281981,20282406,40564387,YES
666,667,190,950000000000,950020295202,950040590871,20295202,20295669,40590871,YES
666,667,191,955000000000,955020317258,955041132192,20317258,20814934,41132192,YES
666,667,192,960000000000,960020348071,960040696691,20348071,20348620,40696691,YES
666,667,193,965000000000,965213448647,965307338479,213448647,93889832,307338479,YES
666,667,194,970000000000,970093606719,970187213806,93606719,93607087,187213806,YES
666,667,195,975000000000,975094171065,975187742759,94171065,93571694,187742759,YES
666,667,196,980000000000,980093548899,980187098660,93548899,93549761,187098660,YES
666,667,197,985000000000,985093573855,985187148807,93573855,93574952,187148807,YES
666,667,198,990000000000,990093578768,990189044669,93578768,95465901,189044669,YES
666,667,199,995000000000,995105500911,995205128107,105500911,99627196,205128107,YES
666,667,200,1000000000000,1000106335664,1000203122761,106335664,96787097,203122761,YES
666,667,201,1005000000000,1005094423787,1005188099812,94423787,93676025,188099812,YES
666,667,202,1010000000000,1010096376435,1010190110695,96376435,93734260,190110695,YES
666,667,203,1015000000000,1015096763322,1015193521877,96763322,96758555,193521877,YES
666,667,204,1020000000000,1020103397492,1020202443167,103397492,99045675,202443167,YES
666,667,205,1025000000000,1025093980568,1025187963788,93980568,93983220,187963788,YES
666,667,206,1030000000000,1030100304175,1030194393940,100304175,94089765,194393940,YES
666,667,207,1035000000000,1035108308859,1035202516151,108308859,94207292,202516151,YES
666,667,208,1040000000000,1040015575748,1040031151065,15575748,15575317,31151065,YES
666,667,209,1045000000000,1045015803656,1045031356277,15803656,15552621,31356277,YES
666,667,210,1050000000000,1050015537172,1050031073939,15537172,15536767,31073939,YES
666,667,211,1055000000000,1055015494419,1055030988451,15494419,15494032,30988451,YES
666,667,212,1060000000000,1060015491878,1060030983385,15491878,15491507,30983385,YES
666,667,213,1065000000000,1065015495856,1065030991373,15495856,15495517,30991373,YES
666,667,214,1070000000000,1070015506341,1070031012361,15506341,15506020,31012361,YES
666,667,215,1075000000000,1075015523320,1075031046340,15523320,15523020,31046340,YES
666,667,216,1080000000000,1080015546835,1080031093395,15546835,15546560,31093395,YES
666,667,217,1085000000000,1085015576974,1085031153696,15576974,15576722,31153696,YES
666,667,218,1090000000000,1090079428061,1090161397559,79428061,81969498,161397559,YES
666,667,219,1095000000000,1095077023624,1095159776989,77023624,82753365,159776989,YES
666,667,220,1100000000000,1100087435922,1100169176217,87435922,81740295,169176217,YES
666,667,221,1105000000000,1105076792008,1105165767947,76792008,88975939,165767947,YES
666,667,222,1110000000000,1110086124015,1110181708197,86124015,95584182,181708197,YES
666,667,223,1115000000000,1115086060776,1115172120996,86060776,86060220,172120996,YES
666,667,224,1120000000000,1120086009246,1120172287455,86009246,86278209,172287455,YES
666,667,225,1125000000000,1125085969933,1125171939840,85969933,85969907,171939840,YES
666,667,226,1130000000000,1130085939452,1130207191654,85939452,121252202,207191654,YES
666,667,227,1135000000000,1135092103855,1135177964212,92103855,85860357,177964212,YES
666,667,228,1140000000000,1140092408326,1140180378594,92408326,87970268,180378594,YES
666,667,229,1145000000000,1145085777965,1145171555867,85777965,85777902,171555867,YES
666,667,230,1150000000000,1150091361191,1150177101304,91361191,85740113,177101304,YES
666,667,231,1155000000000,1155085715490,1155171431443,85715490,85715953,171431443,YES
666,667,232,1160000000000,1160085704496,1160172752877,85704496,87048381,172752877,YES
666,667,233,1165000000000,1165085706763,1165171414479,85706763,85707716,171414479,YES
666,667,234,1170000000000,1170085722022,1170171445220,85722022,85723198,171445220,YES
666,667,235,1175000000000,1175090956744,1175176708101,90956744,85751357,176708101,YES
666,667,236,1180000000000,1180085790106,1180171581805,85790106,85791699,171581805,YES
666,667,237,1185000000000,1185020842319,1185041685142,20842319,20842823,41685142,YES
666,667,238,1190000000000,1190020854082,1190041708705,20854082,20854623,41708705,YES
666,667,239,1195000000000,1195020873499,1195041747571,20873499,20874072,41747571,YES
667,668,0,0,90629580,181256808,90629580,90627228,181256808,YES
667,668,1,5000000000,5090483791,5180965391,90483791,90481600,180965391,YES
667,668,2,10000000000,10097010377,10187354491,97010377,90344114,187354491,YES
667,668,3,15000000000,15096094759,15186310462,96094759,90215703,186310462,YES
667,668,4,20000000000,20091232405,20181329182,91232405,90096777,181329182,YES
667,668,5,25000000000,25089989201,25179976918,89989201,89987717,179976918,YES
667,668,6,30000000000,30089890435,30179779576,89890435,89889141,179779576,YES
667,668,7,35000000000,35089802728,35179604364,89802728,89801636,179604364,YES
667,668,8,40000000000,40089726622,40179452349,89726622,89725727,179452349,YES
667,668,9,45000000000,45092480006,45182141881,92480006,89661875,182141881,YES
667,668,10,50000000000,50091848121,50186534879,91848121,94686758,186534879,YES
667,668,11,55000000000,55096550075,55189544706,96550075,92994631,189544706,YES
667,668,12,60000000000,60037884897,60075768554,37884897,37883657,75768554,YES
667,668,13,65000000000,65037784783,65075568384,37784783,37783601,75568384,YES
667,668,14,70000000000,70037695714,70075390317,37695714,37694603,75390317,YES
667,668,15,75000000000,75037618016,75075234989,37618016,37616973,75234989,YES
667,668,16,80000000000,80037551940,80075102903,37551940,37550963,75102903,YES
667,668,17,85000000000,85037497640,85075710104,37497640,38212464,75710104,YES
667,668,18,90000000000,90037455204,90074974118,37455204,37518914,74974118,YES
667,668,19,95000000000,95037460379,95079452091,37460379,41991712,79452091,YES
667,668,20,100000000000,100037405826,100076031067,37405826,38625241,76031067,YES
667,668,21,105000000000,105037398668,105074796761,37398668,37398093,74796761,YES
667,668,22,110000000000,110037402949,110077271959,37402949,39869010,77271959,YES
667,668,23,115000000000,115037418407,115074836412,37418407,37418005,74836412,YES
667,668,24,120000000000,120037444728,120074889147,37444728,37444419,74889147,YES
667,668,25,125000000000,125037481562,125074962903,37481562,37481341,74962903,YES
667,668,26,130000000000,130037528509,130075056887,37528509,37528378,75056887,YES
667,668,27,135000000000,135037585144,135075170244,37585144,37585100,75170244,YES
667,668,28,140000000000,140037651005,140075302053,37651005,37651048,75302053,YES
667,668,29,145000000000,145037725619,145075451365,37725619,37725746,75451365,YES
667,668,30,150000000000,150037808486,150075617180,37808486,37808694,75617180,YES
667,668,31,155000000000,155037899116,155075798511,37899116,37899395,75798511,YES
667,668,32,160000000000,160037997005,160075994360,37997005,37997355,75994360,YES
667,668,33,165000000000,165104201936,165201667152,104201936,97465216,201667152,YES
667,668,34,170000000000,170097517629,170195037897,97517629,97520268,195037897,YES
667,668,35,175000000000,175097582969,175195168771,97582969,97585802,195168771,YES
667,668,36,180000000000,180097658514,180195320045,97658514,97661531,195320045,YES
667,668,37,185000000000,185097744032,185195491250,97744032,97747218,195491250,YES
667,668,38,190000000000,190097839274,190195681893,97839274,97842619,195681893,YES
667,668,39,195000000000,195097943977,195195891468,97943977,97947491,195891468,YES
667,668,40,200000000000,200098057871,200200365709,98057871,102307838,200365709,YES
667,668,41,205000000000,205102182324,205200366889,102182324,98184565,200366889,YES
667,668,42,210000000000,210062843074,210124423189,62843074,61580115,124423189,YES
667,668,43,215000000000,215061674166,215123349640,61674166,61675474,123349640,YES
667,668,44,220000000000,220069537387,220139074743,69537387,69537356,139074743,YES
667,668,45,225000000000,225091435018,225182867289,91435018,91432271,182867289,YES
667,668,46,230000000000,230096125944,230187388082,96125944,91262138,187388082,YES
667,668,47,235000000000,235095479798,235186545250,95479798,91065452,186545250,YES
667,668,48,240000000000,240090912030,240181821802,90912030,90909772,181821802,YES
667,668,49,245000000000,245090763801,245293302838,90763801,202539037,293302838,YES
667,668,50,250000000000,250090623832,250181245771,90623832,90621939,181245771,YES
667,668,51,255000000000,255090492642,255185419800,90492642,94927158,185419800,YES
667,668,52,260000000000,260090370761,260185703922,90370761,95333161,185703922,YES
667,668,53,265000000000,265095786714,265191054999,95786714,95268285,191054999,YES
667,668,54,270000000000,270090157113,270181396024,90157113,91238911,181396024,YES
667,668,55,275000000000,275090066417,275180647678,90066417,90581261,180647678,YES
667,668,56,280000000000,280089987182,280180246636,89987182,90259454,180246636,YES
667,668,57,285000000000,285206940379,285296858430,206940379,89918051,296858430,YES
667,668,58,290000000000,290096115737,290187200543,96115737,91084806,187200543,YES
667,668,59,295000000000,295089823035,295179646075,89823035,89823040,179646075,YES
667,668,60,300000000000,300091641929,300183226994,91641929,91585065,183226994,YES
667,668,61,305000000000,305089778744,305179557932,89778744,89779188,179557932,YES
667,668,62,310000000000,310093065135,310182948669,93065135,89883534,182948669,YES
667,668,63,315000000000,315037948444,315075895961,37948444,37947517,75895961,YES
667,668,64,320000000000,320037879267,320075757677,37879267,37878410,75757677,YES
667,668,65,325000000000,325037822345,325075643910,37822345,37821565,75643910,YES
667,668,66,330000000000,330037777827,330075554953,37777827,37777126,75554953,YES
667,668,67,335000000000,335037745738,335075490856,37745738,37745118,75490856,YES
667,668,68,340000000000,340037726009,340075451481,37726009,37725472,75451481,YES
667,668,69,345000000000,345037718462,345075436473,37718462,37718011,75436473,YES
667,668,70,350000000000,350037722841,350075445316,37722841,37722475,75445316,YES
667,668,71,355000000000,355037738806,355075477335,37738806,37738529,75477335,YES
667,668,72,360000000000,360037765959,360075531726,37765959,37765767,75531726,YES
667,668,73,365000000000,365037803850,365075607592,37803850,37803742,75607592,YES
667,668,74,370000000000,370037851985,370075703946,37851985,37851961,75703946,YES
667,668,75,375000000000,375037909851,375075819753,37909851,37909902,75819753,YES
667,668,76,380000000000,380037976914,380075953958,37976914,37977044,75953958,YES
667,668,77,385000000000,385038052632,385076105481,38052632,38052849,76105481,YES
667,668,78,390000000000,390038136466,390076273222,38136466,38136756,76273222,YES
667,668,79,395000000000,395038227881,395076456121,38227881,38228240,76456121,YES
667,668,80,400000000000,400038326361,400076653151,38326361,38326790,76653151,YES
667,668,81,405000000000,405038431401,405076863291,38431401,38431890,76863291,YES
667,668,82,410000000000,410038542524,410077085590,38542524,38543066,77085590,YES
667,668,83,415000000000,415038659274,415077319144,38659274,38659870,77319144,YES
667,668,84,420000000000,420098094223,420196191581,98094223,98097358,196191581,YES
667,668,85,425000000000,425103654541,425201847623,103654541,98193082,201847623,YES
667,668,86,430000000000,430098294126,430196591694,98294126,98297568,196591694,YES
667,668,87,435000000000,435098407290,435196818166,98407290,98410876,196818166,YES
667,668,88,440000000000,440100456495,440203936550,100456495,103480055,203936550,YES
667,668,89,445000000000,445101010520,445205667790,101010520,104657270,205667790,YES
667,668,90,450000000000,450094485073,450185851837,94485073,91366764,185851837,YES
667,668,91,455000000000,455121763596,455212939956,121763596,91176360,212939956,YES
667,668,92,460000000000,460090996772,460181990439,90996772,90993667,181990439,YES
667,668,93,465000000000,465090818779,465181634593,90818779,90815814,181634593,YES
667,668,94,470000000000,470093511460,470186368179,93511460,92856719,186368179,YES
667,668,95,475000000000,475090482454,475180962210,90482454,90479756,180962210,YES
667,668,96,480000000000,480090325081,480180647629,90325081,90322548,180647629,YES
667,668,97,485000000000,485090142006,485180281642,90142006,90139636,180281642,YES
667,668,98,490000000000,490091408938,490184768268,91408938,93359330,184768268,YES
667,668,99,495000000000,495095293216,495187965744,95293216,92672528,187965744,YES
667,668,100,500000000000,500093188484,500185841191,93188484,92652707,185841191,YES
667,668,101,505000000000,505089634803,505180661032,89634803,91026229,180661032,YES
667,668,102,510000000000,510089533774,510179066143,89533774,89532369,179066143,YES
667,668,103,515000000000,515089444318,515178887443,89444318,89443125,178887443,YES
667,668,104,520000000000,520091998310,520181364338,91998310,89366028,181364338,YES
667,668,105,525000000000,525090128665,525179430388,90128665,89301723,179430388,YES
667,668,106,530000000000,530089251162,530178501812,89251162,89250650,178501812,YES
667,668,107,535000000000,535089213505,535182338980,89213505,93125475,182338980,YES
667,668,108,540000000000,540089189840,540178379636,89189840,89189796,178379636,YES
667,668,109,545000000000,545195034641,545290538955,195034641,95504314,290538955,YES
667,668,110,550000000000,550090557357,550184447770,90557357,93890413,184447770,YES
667,668,111,555000000000,555089204281,555178409217,89204281,89204936,178409217,YES
667,668,112,560000000000,560090609317,560179847652,90609317,89238335,179847652,YES
667,668,113,565000000000,565089284409,565179679190,89284409,90394781,179679190,YES
667,668,114,570000000000,570097006889,570188997341,97006889,91990452,188997341,YES
667,668,115,575000000000,575092714635,575183522596,92714635,90807961,183522596,YES
667,668,116,580000000000,580089503680,580179009073,89503680,89505393,179009073,YES
667,668,117,585000000000,585037597290,585075194006,37597290,37596716,75194006,YES
667,668,118,590000000000,590037601051,590075201604,37601051,37600553,75201604,YES
667,668,119,595000000000,595037615216,595075230010,37615216,37614794,75230010,YES
667,668,120,600000000000,600037639451,600075278559,37639451,37639108,75278559,YES
667,668,121,605000000000,605037673405,605075346546,37673405,37673141,75346546,YES
667,668,122,610000000000,610037716704,610075433222,37716704,37716518,75433222,YES
667,668,123,615000000000,615037768954,615075537800,37768954,37768846,75537800,YES
667,668,124,620000000000,620037888943,620075718664,37888943,37829721,75718664,YES
667,668,125,625000000000,625037898691,625075797424,37898691,37898733,75797424,YES
667,668,126,630000000000,630037975344,630075950797,37975344,37975453,75950797,YES
667,668,127,635000000000,635038059299,635076132039,38059299,38072740,76132039,YES
667,668,128,640000000000,640038150142,640076300549,38150142,38150407,76300549,YES
667,668,129,645000000000,645038247461,645076495249,38247461,38247788,76495249,YES
667,668,130,650000000000,650038350854,650076702095,38350854,38351241,76702095,YES
667,668,131,655000000000,655038459932,655076920322,38459932,38460390,76920322,YES
667,668,132,660000000000,660038574324,660077149156,38574324,38574832,77149156,YES
667,668,133,665000000000,665105488729,665204445668,105488729,98956939,204445668,YES
667,668,134,670000000000,670103036899,670202100044,103036899,99063145,202100044,YES
667,668,135,675000000000,675045606500,675091212226,45606500,45605726,91212226,YES
667,668,136,680000000000,680045467329,680090933969,45467329,45466640,90933969,YES
667,668,137,685000000000,685045334186,685090667759,45334186,45333573,90667759,YES
667,668,138,690000000000,690093091410,690184451884,93091410,91360474,184451884,YES
667,668,139,695000000000,695090861888,695200370705,90861888,109508817,200370705,YES
667,668,140,700000000000,700090684767,700181366499,90684767,90681732,181366499,YES
667,668,141,705000000000,705090514323,705181025749,90514323,90511426,181025749,YES
667,668,142,710000000000,710090351074,710180699398,90351074,90348324,180699398,YES
667,668,143,715000000000,715090195553,715180388533,90195553,90192980,180388533,YES
667,668,144,720000000000,720092253578,720182537413,92253578,90283835,182537413,YES
667,668,145,725000000000,725090881078,725180788873,90881078,89907795,180788873,YES
667,668,146,730000000000,730090076962,730184296342,90076962,94219380,184296342,YES
667,668,147,735000000000,735089629082,735179256347,89629082,89627265,179256347,YES
667,668,148,740000000000,740089521334,740179041061,89521334,89519727,179041061,YES
667,668,149,745000000000,745091994918,745181418551,91994918,89423633,181418551,YES
667,668,150,750000000000,750093675424,750183015103,93675424,89339679,183015103,YES
667,668,151,755000000000,755089269436,755178537950,89269436,89268514,178537950,YES
667,668,152,760000000000,760089211199,760178421716,89211199,89210517,178421716,YES
667,668,153,765000000000,765091168655,765180334842,91168655,89166187,180334842,YES
667,668,154,770000000000,770089136119,770181266668,89136119,92130549,181266668,YES
667,668,155,775000000000,775089119884,775198834172,89119884,109714288,198834172,YES
667,668,156,780000000000,780089118056,780178236420,89118056,89118364,178236420,YES
667,668,157,785000000000,785097325118,785188161504,97325118,90836386,188161504,YES
667,668,158,790000000000,790089157474,790192687743,89157474,103530269,192687743,YES
667,668,159,795000000000,795089198322,795181323434,89198322,92125112,181323434,YES
667,668,160,800000000000,800089252810,800188397559,89252810,99144749,188397559,YES
667,668,161,805000000000,805090968161,805180320632,90968161,89352471,180320632,YES
667,668,162,810000000000,810098360990,810187763564,98360990,89402574,187763564,YES
667,668,163,815000000000,815096323926,815185818979,96323926,89495053,185818979,YES
667,668,164,820000000000,820094295688,820183894580,94295688,89598892,183894580,YES
667,668,165,825000000000,825090993711,825180707113,90993711,89713402,180707113,YES
667,668,166,830000000000,830091058792,830181364490,91058792,90305698,181364490,YES
667,668,167,835000000000,835089969484,835183305294,89969484,93335810,183305294,YES
667,668,168,840000000000,840037872055,840075743873,37872055,37871818,75743873,YES
667,668,169,845000000000,845037917663,845075835163,37917663,37917500,75835163,YES
667,668,170,850000000000,850037971648,850075943205,37971648,37971557,75943205,YES
667,668,171,855000000000,855038033635,855076067261,38033635,38033626,76067261,YES
667,668,172,860000000000,-1,-1,-1,-1,-1,LOST
667,668,173,865000000000,865045332324,865083590507,45332324,38258183,83590507,YES
667,668,174,870000000000,870038263806,870076527807,38263806,38264001,76527807,YES
667,668,175,875000000000,875038354007,875076708272,38354007,38354265,76708272,YES
667,668,176,880000000000,880038450328,880076900980,38450328,38450652,76900980,YES
667,668,177,885000000000,885038552407,885077105191,38552407,38552784,77105191,YES
667,668,178,890000000000,890038659898,890077320229,38659898,38660331,77320229,YES
667,668,179,895000000000,895098964459,895205720546,98964459,106756087,205720546,YES
667,668,180,900000000000,900106326379,900212342530,106326379,106016151,212342530,YES
667,668,181,905000000000,905106367477,905205156773,106367477,98789296,205156773,YES
667,668,182,910000000000,910098672236,910197342545,98672236,98670309,197342545,YES
667,668,183,915000000000,915098541770,915197081823,98541770,98540053,197081823,YES
667,668,184,920000000000,920098420283,920196839070,98420283,98418787,196839070,YES
667,668,185,925000000000,925105001373,925210120862,105001373,105119489,210120862,YES
667,668,186,930000000000,930058650885,930117301210,58650885,58650325,117301210,YES
667,668,187,935000000000,935058595917,935117191338,58595917,58595421,117191338,YES
667,668,188,940000000000,940058547552,940117094681,58547552,58547129,117094681,YES
667,668,189,945000000000,945058506314,945117012283,58506314,58505969,117012283,YES
667,668,190,950000000000,950058472737,950116945217,58472737,58472480,116945217,YES
667,668,191,955000000000,955058447379,955116894594,58447379,58447215,116894594,YES
667,668,192,960000000000,960058430792,960116861519,58430792,58430727,116861519,YES
667,668,193,965000000000,965061517137,965119940705,61517137,58423568,119940705,YES
667,668,194,970000000000,970058392510,970116785183,58392510,58392673,116785183,YES
667,668,195,975000000000,975058405453,975116811192,58405453,58405739,116811192,YES
667,668,196,980000000000,980089920934,980179840575,89920934,89919641,179840575,YES
667,668,197,985000000000,985089830182,985179659315,89830182,89829133,179659315,YES
667,668,198,990000000000,990089906986,990179657677,89906986,89750691,179657677,YES
667,668,199,995000000000,995095469375,995195217271,95469375,99747896,195217271,YES
667,668,200,1000000000000,1000096053314,1000195586614,96053314,99533300,195586614,YES
667,668,201,1005000000000,1005093105898,1005182698541,93105898,89592643,182698541,YES
667,668,202,1010000000000,1010097052659,1010186619660,97052659,89567001,186619660,YES
667,668,203,1015000000000,1015092456376,1015182011687,92456376,89555311,182011687,YES
667,668,204,1020000000000,1020096112421,1020185670039,96112421,89557618,185670039,YES
667,668,205,1025000000000,1025090094290,1025179668168,90094290,89573878,179668168,YES
667,668,206,1030000000000,1030089623353,1030185698640,89623353,96075287,185698640,YES
667,668,207,1035000000000,1035089646247,1035184939302,89646247,95293055,184939302,YES
667,668,208,1040000000000,1040089703030,1040179407760,89703030,89704730,179407760,YES
667,668,209,1045000000000,1045089772681,1045179547267,89772681,89774586,179547267,YES
667,668,210,1050000000000,1050089854709,1050179711520,89854709,89856811,179711520,YES
667,668,211,1055000000000,1055092101621,1055182456417,92101621,90354796,182456417,YES
667,668,212,1060000000000,1060090053701,1060180109865,90053701,90056164,180109865,YES
667,668,213,1065000000000,1065090169479,1065180341583,90169479,90172104,180341583,YES
667,668,214,1070000000000,1070090295301,1070180593384,90295301,90298083,180593384,YES
667,668,215,1075000000000,1075090717179,1075185077635,90717179,94360456,185077635,YES
667,668,216,1080000000000,1080092132309,1080182710021,92132309,90577712,182710021,YES
667,668,217,1085000000000,1085094780009,1085185510241,94780009,90730232,185510241,YES
667,668,218,1090000000000,1090038118700,1090076237168,38118700,38118468,76237168,YES
667,668,219,1095000000000,1095038162411,1095076324661,38162411,38162250,76324661,YES
667,668,220,1100000000000,1100040610681,1100078824675,40610681,38213994,78824675,YES
667,668,221,1105000000000,1105038772066,1105077045364,38772066,38273298,77045364,YES
667,668,222,1110000000000,1110039701140,1110079401110,39701140,39699970,79401110,YES
667,668,223,1115000000000,1115039692392,1115079383666,39692392,39691274,79383666,YES
667,668,224,1120000000000,1120039689466,1120079377870,39689466,39688404,79377870,YES
667,668,225,1125000000000,1125039692381,1125079383760,39692381,39691379,79383760,YES
667,668,226,1130000000000,1130039701176,1130079401413,39701176,39700237,79401413,YES
667,668,227,1135000000000,1135039715895,1135079430914,39715895,39715019,79430914,YES
667,668,228,1140000000000,1140098213385,1140198053825,98213385,99840440,198053825,YES
667,668,229,1145000000000,1145112233601,1145210425479,112233601,98191878,210425479,YES
667,668,230,1150000000000,1150097987412,1150195919445,97987412,97932033,195919445,YES
667,668,231,1155000000000,1155101925217,1155199730563,101925217,97805346,199730563,YES
667,668,232,1160000000000,1160097689109,1160195377131,97689109,97688022,195377131,YES
667,668,233,1165000000000,1165097580919,1165195160996,97580919,97580077,195160996,YES
667,668,234,1170000000000,1170097482509,1170194964415,97482509,97481906,194964415,YES
667,668,235,1175000000000,1175102859555,1175200253261,102859555,97393706,200253261,YES
667,668,236,1180000000000,1180102028995,1180199344908,102028995,97315913,199344908,YES
667,668,237,1185000000000,1185058496103,1185116991662,58496103,58495559,116991662,YES
667,668,238,1190000000000,1190058443317,1190116886164,58443317,58442847,116886164,YES
667,668,239,1195000000000,1195058397917,1195116795443,58397917,58397526,116795443,YES
668,669,0,0,61022110,122041878,61022110,61019768,122041878,YES
668,669,1,5000000000,5060898184,5121794102,60898184,60895918,121794102,YES
668,669,2,10000000000,10060781920,10121561657,60781920,60779737,121561657,YES
668,669,3,15000000000,15060673575,15121345055,60673575,60671480,121345055,YES
668,669,4,20000000000,20060573385,20121144789,60573385,60571404,121144789,YES
668,669,5,25000000000,25060481610,25120961344,60481610,60479734,120961344,YES
668,669,6,30000000000,30079466442,30158931142,79466442,79464700,158931142,YES
668,669,7,35000000000,35079346223,35158690884,79346223,79344661,158690884,YES
668,669,8,40000000000,40079235664,40158469957,79235664,79234293,158469957,YES
668,669,9,45000000000,45079135385,45165900415,79135385,86765030,165900415,YES
668,669,10,50000000000,50083049909,50166311691,83049909,83261782,166311691,YES
668,669,11,55000000000,55084262965,55170458880,84262965,86195915,170458880,YES
668,669,12,60000000000,60079927974,60160090455,79927974,80162481,160090455,YES
668,669,13,65000000000,65078848529,65157696798,78848529,78848269,157696798,YES
668,669,14,70000000000,70078807738,70157615453,78807738,78807715,157615453,YES
668,669,15,75000000000,75078779972,75160746104,78779972,81966132,160746104,YES
668,669,16,80000000000,80078765381,80157904772,78765381,79139391,157904772,YES
668,669,17,85000000000,85078763995,85157528660,78763995,78764665,157528660,YES
668,669,18,90000000000,90078775750,90157552389,78775750,78776639,157552389,YES
668,669,19,95000000000,95087046624,95171219761,87046624,84173137,171219761,YES
668,669,20,100000000000,100090007474,100169465297,90007474,79457823,169465297,YES
668,669,21,105000000000,105078921238,105157843965,78921238,78922727,157843965,YES
668,669,22,110000000000,110082511422,110161496072,82511422,78984650,161496072,YES
668,669,23,115000000000,115081425025,115160482995,81425025,79057970,160482995,YES
668,669,24,120000000000,120079140219,120158282432,79140219,79142213,158282432,YES
668,669,25,125000000000,125080730527,125159967447,80730527,79236920,159967447,YES
668,669,26,130000000000,130079426032,130165151407,79426032,85725375,165151407,YES
668,669,27,135000000000,135079492729,135159085374,79492729,79592645,159085374,YES
668,669,28,140000000000,140079575431,140160488279,79575431,80912848,160488279,YES
668,669,29,145000000000,145079706155,145159414899,79706155,79708744,159414899,YES
668,669,30,150000000000,150079844577,150159691850,79844577,79847273,159691850,YES
668,669,31,155000000000,155079990184,155159983150,79990184,79992966,159983150,YES
668,669,32,160000000000,160080142501,160161707072,80142501,81564571,161707072,YES
668,669,33,165000000000,165082588576,165165177796,82588576,82589220,165177796,YES
668,669,34,170000000000,170089354676,170178708877,89354676,89354201,178708877,YES
668,669,35,175000000000,175089268626,175178536957,89268626,89268331,178536957,YES
668,669,36,180000000000,180089225801,180178451493,89225801,89225692,178451493,YES
668,669,37,185000000000,185089192859,185178385791,89192859,89192932,178385791,YES
668,669,38,190000000000,190089170018,190178340291,89170018,89170273,178340291,YES
668,669,39,195000000000,195089157459,195178315359,89157459,89157900,178315359,YES
668,669,40,200000000000,200089155323,200180392731,89155323,91237408,180392731,YES
668,669,41,205000000000,205089163711,205180201223,89163711,91037512,180201223,YES
668,669,42,210000000000,210089182659,210178366303,89182659,89183644,178366303,YES
668,669,43,215000000000,215089202535,215178405743,89202535,89203208,178405743,YES
668,669,44,220000000000,220089242174,220180410837,89242174,91168663,180410837,YES
668,669,45,225000000000,225061565571,225123128483,61565571,61562912,123128483,YES
668,669,46,230000000000,230061422609,230122842609,61422609,61420000,122842609,YES
668,669,47,235000000000,235061286517,235122570498,61286517,61283981,122570498,YES
668,669,48,240000000000,240061157456,240122312439,61157456,61154983,122312439,YES
668,669,49,245000000000,245061035579,245122068748,61035579,61033169,122068748,YES
668,669,50,250000000000,250060921034,250121839724,60921034,60918690,121839724,YES
668,669,51,255000000000,255060813971,255121625672,60813971,60811701,121625672,YES
668,669,52,260000000000,260060714534,260121426889,60714534,60712355,121426889,YES
668,669,53,265000000000,265079853481,265165227288,79853481,85373807,165227288,YES
668,669,54,270000000000,270079717842,270159433670,79717842,79715828,159433670,YES
668,669,55,275000000000,275079590992,275159180129,79590992,79589137,159180129,YES
668,669,56,280000000000,280079850977,280160384470,79850977,80533493,160384470,YES
668,669,57,285000000000,285079366395,285161752039,79366395,82385644,161752039,YES
668,669,58,290000000000,290079270006,290158538710,79270006,79268704,158538710,YES
668,669,59,295000000000,295079185137,295158369181,79185137,79184044,158369181,YES
668,669,60,300000000000,300080213690,300161063289,80213690,80849599,161063289,YES
668,669,61,305000000000,305079052438,305158104230,79052438,79051792,158104230,YES
668,669,62,310000000000,310079005811,310159626865,79005811,80621054,159626865,YES
668,669,63,315000000000,315078972567,315157944968,78972567,78972401,157944968,YES
668,669,64,320000000000,320078953356,320157906785,78953356,78953429,157906785,YES
668,669,65,325000000000,325078948197,325158533118,78948197,79584921,158533118,YES
668,669,66,330000000000,330078957112,330157914771,78957112,78957659,157914771,YES
668,669,67,335000000000,335078979966,335157960710,78979966,78980744,157960710,YES
668,669,68,340000000000,340081086327,340160137459,81086327,79051132,160137459,YES
668,669,69,345000000000,345086201444,345166355367,86201444,80153923,166355367,YES
668,669,70,350000000000,350080691506,350159855632,80691506,79164126,159855632,YES
668,669,71,355000000000,355079237734,355158477068,79237734,79239334,158477068,YES
668,669,72,360000000000,360082184064,360161510371,82184064,79326307,161510371,YES
668,669,73,365000000000,365080197668,365159621918,80197668,79424250,159621918,YES
668,669,74,370000000000,370084221877,370163754591,84221877,79532714,163754591,YES
668,669,75,375000000000,375079648503,375161683558,79648503,82035055,161683558,YES
668,669,76,380000000000,380079775573,380159553502,79775573,79777929,159553502,YES
668,669,77,385000000000,385079911109,385159824687,79911109,79913578,159824687,YES
668,669,78,390000000000,390080054493,390160111575,80054493,80057082,160111575,YES
668,669,79,395000000000,395080205156,395160412998,80205156,80207842,160412998,YES
668,669,80,400000000000,400080362550,400160727893,80362550,80365343,160727893,YES
668,669,81,405000000000,405080526171,405161055214,80526171,80529043,161055214,YES
668,669,82,410000000000,410056288706,410112578831,56288706,56290125,112578831,YES
668,669,83,415000000000,415056266645,415112534750,56266645,56268105,112534750,YES
668,669,84,420000000000,420089742300,420179484760,89742300,89742460,179484760,YES
668,669,85,425000000000,425089707028,425181765864,89707028,92058836,181765864,YES
668,669,86,430000000000,430089681351,430179363209,89681351,89681858,179363209,YES
668,669,87,435000000000,435089665469,435179331612,89665469,89666143,179331612,YES
668,669,88,440000000000,440091915578,440181575974,91915578,89660396,181575974,YES
668,669,89,445000000000,445091859227,445181520983,91859227,89661756,181520983,YES
668,669,90,450000000000,450061288776,450122574868,61288776,61286092,122574868,YES
668,669,91,455000000000,455061153201,455126385903,61153201,65232702,126385903,YES
668,669,92,460000000000,460060990920,460121979249,60990920,60988329,121979249,YES
668,669,93,465000000000,465060835835,465121669147,60835835,60833312,121669147,YES
668,669,94,470000000000,470060688225,470121373980,60688225,60685755,121373980,YES
668,669,95,475000000000,475060548358,475121094310,60548358,60545952,121094310,YES
668,669,96,480000000000,480060416465,480120830599,60416465,60414134,120830599,YES
668,669,97,485000000000,485060292787,485120583316,60292787,60290529,120583316,YES
668,669,98,490000000000,490060177527,490128409653,60177527,68232126,128409653,YES
668,669,99,495000000000,495060070886,495120139695,60070886,60068809,120139695,YES
668,669,100,500000000000,500288025992,500351183371,288025992,63157379,351183371,YES
668,669,101,505000000000,505104137919,505164038694,104137919,59900775,164038694,YES
668,669,102,510000000000,510059804525,510119607287,59804525,59802762,119607287,YES
668,669,103,515000000000,515079115816,515158230082,79115816,79114266,158230082,YES
668,669,104,520000000000,520079000232,520159404625,79000232,80404393,159404625,YES
668,669,105,525000000000,525078894934,525158925827,78894934,80030893,158925827,YES
668,669,106,530000000000,530078800590,530157600255,78800590,78799665,157600255,YES
668,669,107,535000000000,535078891229,535157608350,78891229,78717121,157608350,YES
668,669,108,540000000000,540079241662,540157888417,79241662,78646755,157888417,YES
668,669,109,545000000000,545078589355,545208436210,78589355,129846855,208436210,YES
668,669,110,550000000000,550080912423,550166955677,80912423,86043254,166955677,YES
668,669,111,555000000000,555081849377,555160362956,81849377,78513579,160362956,YES
668,669,112,560000000000,560081173568,560159669863,81173568,78496295,159669863,YES
668,669,113,565000000000,565079303854,565157796704,79303854,78492850,157796704,YES
668,669,114,570000000000,570078502340,570163583544,78502340,85081204,163583544,YES
668,669,115,575000000000,575078526239,575161548229,78526239,83021990,161548229,YES
668,669,116,580000000000,580078563644,580157128609,78563644,78564965,157128609,YES
668,669,117,585000000000,585078614231,585157229970,78614231,78615739,157229970,YES
668,669,118,590000000000,590078711174,590186489843,78711174,107778669,186489843,YES
668,669,119,595000000000,595078786791,595157575429,78786791,78788638,157575429,YES
668,669,120,600000000000,600078874135,600216009754,78874135,137135619,216009754,YES
668,669,121,605000000000,605078972609,605263921691,78972609,184949082,263921691,YES
668,669,122,610000000000,610079081598,610160372420,79081598,81290822,160372420,YES
668,669,123,615000000000,615079200470,615161010748,79200470,81810278,161010748,YES
668,669,124,620000000000,620080344746,620159675882,80344746,79331136,159675882,YES
668,669,125,625000000000,625079687418,625159155374,79687418,79467956,159155374,YES
668,669,126,630000000000,630079610102,630159222909,79610102,79612807,159222909,YES
668,669,127,635000000000,635079762301,635159527390,79762301,79765089,159527390,YES
668,669,128,640000000000,640079921384,640159845634,79921384,79924250,159845634,YES
668,669,129,645000000000,645084084898,645164174836,84084898,80089938,164174836,YES
668,669,130,650000000000,650056030475,650112062419,56030475,56031944,112062419,YES
668,669,131,655000000000,655056012505,655112026496,56012505,56013991,112026496,YES
668,669,132,660000000000,660055999934,660112404664,55999934,56404730,112404664,YES
668,669,133,665000000000,665089774222,665189488449,89774222,99714227,189488449,YES
668,669,134,670000000000,670089762338,670187476734,89762338,97714396,187476734,YES
668,669,135,675000000000,675061313076,675122623437,61313076,61310361,122623437,YES
668,669,136,680000000000,680061133686,680122264696,61133686,61131010,122264696,YES
668,669,137,685000000000,685060961157,685121919706,60961157,60958549,121919706,YES
668,669,138,690000000000,690060795854,690121589147,60795854,60793293,121589147,YES
668,669,139,695000000000,695067247540,695127916516,67247540,60668976,127916516,YES
668,669,140,700000000000,700060521791,700121041131,60521791,60519340,121041131,YES
668,669,141,705000000000,705060380017,705120757641,60380017,60377624,120757641,YES
668,669,142,710000000000,710060246607,710120490902,60246607,60244295,120490902,YES
668,669,143,715000000000,715060121774,715120241311,60121774,60119537,120241311,YES
668,669,144,720000000000,720060005711,720120009263,60005711,60003552,120009263,YES
668,669,145,725000000000,725059898571,725119795067,59898571,59896496,119795067,YES
668,669,146,730000000000,730059800500,730119599017,59800500,59798517,119599017,YES
668,669,147,735000000000,735059711618,735119421361,59711618,59709743,119421361,YES
668,669,148,740000000000,740059632048,740119262331,59632048,59630283,119262331,YES
668,669,149,745000000000,745059561892,745121819201,59561892,62257309,121819201,YES
668,669,150,750000000000,750079040478,750161288403,79040478,82247925,161288403,YES
668,669,151,755000000000,755078929470,755157857761,78929470,78928291,157857761,YES
668,669,152,760000000000,760078829010,760159524099,78829010,80695089,159524099,YES
668,669,153,765000000000,765078739733,765157704750,78739733,78965017,157704750,YES
668,669,154,770000000000,770079083016,770157744710,79083016,78661694,157744710,YES
668,669,155,775000000000,775078597132,775157193938,78597132,78596806,157193938,YES
668,669,156,780000000000,780078544858,780157089617,78544858,78544759,157089617,YES
668,669,157,785000000000,785080773592,785161702722,80773592,80929130,161702722,YES
668,669,158,790000000000,790080783397,790159264164,80783397,78480767,159264164,YES
668,669,159,795000000000,795085266064,795163735406,85266064,78469342,163735406,YES
668,669,160,800000000000,800083197986,800161669810,83197986,78471824,161669810,YES
668,669,161,805000000000,805078487141,805158693092,78487141,80205951,158693092,YES
668,669,162,810000000000,810078516990,810164360443,78516990,85843453,164360443,YES
668,669,163,815000000000,815078560323,815162323498,78560323,83763175,162323498,YES
668,669,164,820000000000,820078616792,820166295346,78616792,87678554,166295346,YES
668,669,165,825000000000,825078719557,825157440848,78719557,78721291,157440848,YES
668,669,166,830000000000,830078800901,830161373692,78800901,82572791,161373692,YES
668,669,167,835000000000,835078893846,835157789725,78893846,78895879,157789725,YES
668,669,168,840000000000,840078997777,840157997721,78997777,78999944,157997721,YES
668,669,169,845000000000,845079112050,845160733610,79112050,81621560,160733610,YES
668,669,170,850000000000,850079236015,850161457912,79236015,82221897,161457912,YES
668,669,171,855000000000,855079369000,855158740523,79369000,79371523,158740523,YES
668,669,172,860000000000,860079510381,860163068457,79510381,83558076,163068457,YES
668,669,173,865000000000,865079659535,865159321776,79659535,79662241,159321776,YES
668,669,174,870000000000,870080667889,870163641345,80667889,82973456,163641345,YES
668,669,175,875000000000,875079978865,875159960608,79978865,79981743,159960608,YES
668,669,176,880000000000,880080147972,880161735508,80147972,81587536,161735508,YES
668,669,177,885000000000,885055820948,885111643351,55820948,55822403,111643351,YES
668,669,178,890000000000,890055789865,890111581223,55789865,55791358,111581223,YES
668,669,179,895000000000,895099154255,895187071205,99154255,87916950,187071205,YES
668,669,180,900000000000,900101165758,900188961671,101165758,87795913,188961671,YES
668,669,181,905000000000,905087685069,905179788192,87685069,92103123,179788192,YES
668,669,182,910000000000,910087518932,910175035058,87518932,87516126,175035058,YES
668,669,183,915000000000,915087381710,915174760722,87381710,87379012,174760722,YES
668,669,184,920000000000,920087253540,920174504498,87253540,87250958,174504498,YES
668,669,185,925000000000,925087134953,925177526381,87134953,90391428,177526381,YES
668,669,186,930000000000,930090556014,930177580066,90556014,87024052,177580066,YES
668,669,187,935000000000,935088018549,935174978445,88018549,86959896,174978445,YES
668,669,188,940000000000,940131217836,940218090265,131217836,86872429,218090265,YES
668,669,189,945000000000,945086799676,945173597484,86799676,86797808,173597484,YES
668,669,190,950000000000,950086735939,950173470176,86735939,86734237,173470176,YES
668,669,191,955000000000,955086684248,955173366967,86684248,86682719,173366967,YES
668,669,192,960000000000,960086644814,960173288280,86644814,86643466,173288280,YES
668,669,193,965000000000,965167293281,965253909565,167293281,86616284,253909565,YES
668,669,194,970000000000,970086603187,970173205409,86603187,86602222,173205409,YES
668,669,195,975000000000,975092100607,975178700884,92100607,86600277,178700884,YES
668,669,196,980000000000,980059613717,980119225562,59613717,59611845,119225562,YES
668,669,197,985000000000,985059532181,985119062590,59532181,59530409,119062590,YES
668,669,198,990000000000,990059460111,990118918560,59460111,59458449,118918560,YES
668,669,199,995000000000,995082605369,995167468265,82605369,84862896,167468265,YES
668,669,200,1000000000000,1000082291566,1000170671828,82291566,88380262,170671828,YES
668,669,201,1005000000000,1005079151701,1005165105042,79151701,85953341,165105042,YES
668,669,202,1010000000000,1010079073559,1010163052041,79073559,83978482,163052041,YES
668,669,203,1015000000000,1015079007768,1015159854115,79007768,80846347,159854115,YES
668,669,204,1020000000000,1020078954885,1020157909366,78954885,78954481,157909366,YES
668,669,205,1025000000000,1025078915411,1025157830630,78915411,78915219,157830630,YES
668,669,206,1030000000000,1030081660942,1030160550696,81660942,78889754,160550696,YES
668,669,207,1035000000000,1035083122687,1035162001084,83122687,78878397,162001084,YES
668,669,208,1040000000000,1040082314131,1040161195412,82314131,78881281,161195412,YES
668,669,209,1045000000000,1045078897730,1045157796117,78897730,78898387,157796117,YES
668,669,210,1050000000000,1050078928761,1050157858382,78928761,78929621,157858382,YES
668,669,211,1055000000000,1055078973658,1055157948370,78973658,78974712,157948370,YES
668,669,212,1060000000000,1060079032030,1060158065305,79032030,79033275,158065305,YES
668,669,213,1065000000000,1065079103393,1065158208210,79103393,79104817,158208210,YES
668,669,214,1070000000000,1070079187170,1070158375942,79187170,79188772,158375942,YES
668,669,215,1075000000000,1075082151893,1075161470040,82151893,79318147,161470040,YES
668,669,216,1080000000000,1080079422982,1080158847873,79422982,79424891,158847873,YES
668,669,217,1085000000000,1085079540032,1085163303644,79540032,83763612,163303644,YES
668,669,218,1090000000000,1090079666781,1090169729665,79666781,90062884,169729665,YES
668,669,219,1095000000000,1095081315038,1095166350496,81315038,85035458,166350496,YES
668,669,220,1100000000000,1100082938768,1100175897123,82938768,92958355,175897123,YES
668,669,221,1105000000000,1105083289787,1105163390848,83289787,80101061,163390848,YES
668,669,222,1110000000000,1110081338856,1110161598852,81338856,80259996,161598852,YES
668,669,223,1115000000000,1115080422770,1115160848267,80422770,80425497,160848267,YES
668,669,224,1120000000000,1120055804880,1120111611045,55804880,55806165,111611045,YES
668,669,225,1125000000000,1125055765071,1125111531468,55765071,55766397,111531468,YES
668,669,226,1130000000000,1130055730639,1130111462643,55730639,55732004,111462643,YES
668,669,227,1135000000000,1135055701751,1135111404910,55701751,55703159,111404910,YES
668,669,228,1140000000000,1140087203970,1140174404730,87203970,87200760,174404730,YES
668,669,229,1145000000000,1145087018282,1145189058176,87018282,102039894,189058176,YES
668,669,230,1150000000000,1150086874532,1150175986379,86874532,89111847,175986379,YES
668,669,231,1155000000000,1155086739655,1155173924382,86739655,87184727,173924382,YES
668,669,232,1160000000000,1160086614179,1160173225548,86614179,86611369,173225548,YES
668,669,233,1165000000000,1165086532211,1165173988955,86532211,87456744,173988955,YES
668,669,234,1170000000000,1170086427038,1170172851495,86427038,86424457,172851495,YES
668,669,235,1175000000000,1175086332698,1175174125488,86332698,87792790,174125488,YES
668,669,236,1180000000000,1180087279178,1180173526443,87279178,86247265,173526443,YES
668,669,237,1185000000000,1185088426035,1185177083344,88426035,88657309,177083344,YES
668,669,238,1190000000000,1190086118325,1190177519987,86118325,91401662,177519987,YES
668,669,239,1195000000000,1195086070650,1195174621421,86070650,88550771,174621421,YES
669,670,0,0,32780515,65560905,32780515,32780390,65560905,YES
669,670,1,5000000000,5032747705,5065495349,32747705,32747644,65495349,YES
669,670,2,10000000000,10032726687,10065453372,32726687,32726685,65453372,YES
669,670,3,15000000000,15032717505,15065435068,32717505,32717563,65435068,YES
669,670,4,20000000000,20032720106,20065440329,32720106,32720223,65440329,YES
669,670,5,25000000000,25035548712,25068283219,35548712,32734507,68283219,YES
669,670,6,30000000000,30087828683,30175654777,87828683,87826094,175654777,YES
669,670,7,35000000000,35087773637,35175544831,87773637,87771194,175544831,YES
669,670,8,40000000000,40087730065,40175457836,87730065,87727771,175457836,YES
669,670,9,45000000000,45098613529,45186309221,98613529,87695692,186309221,YES
669,670,10,50000000000,50098049025,50189047184,98049025,90998159,189047184,YES
669,670,11,55000000000,55087667222,55175332658,87667222,87665436,175332658,YES
669,670,12,60000000000,60089861815,60177528676,89861815,87666861,177528676,YES
669,670,13,65000000000,65087680561,65175359712,87680561,87679151,175359712,YES
669,670,14,70000000000,70099644056,70187346265,99644056,87702209,187346265,YES
669,670,15,75000000000,75087736677,75175472353,87736677,87735676,175472353,YES
669,670,16,80000000000,80088899659,80176679282,88899659,87779623,176679282,YES
669,670,17,85000000000,85087834346,85175668127,87834346,87833781,175668127,YES
669,670,18,90000000000,90087898354,90175796366,87898354,87898012,175796366,YES
669,670,19,95000000000,95089154205,95177126358,89154205,87972153,177126358,YES
669,670,20,100000000000,100131330933,100221613951,131330933,90283018,221613951,YES
669,670,21,105000000000,105121167716,105210803563,121167716,89635847,210803563,YES
669,670,22,110000000000,110088284610,110178642988,88284610,90358378,178642988,YES
669,670,23,115000000000,115088395771,115176792358,88395771,88396587,176792358,YES
669,670,24,120000000000,120088863178,120179081919,88863178,90218741,179081919,YES
669,670,25,125000000000,125088643729,125184674424,88643729,96030695,184674424,YES
669,670,26,130000000000,130098850521,130193180829,98850521,94330308,193180829,YES
669,670,27,135000000000,135094501542,135189004749,94501542,94503207,189004749,YES
669,670,28,140000000000,140094461463,140188924795,94461463,94463332,188924795,YES
669,670,29,145000000000,145094428850,145188859766,94428850,94430916,188859766,YES
669,670,30,150000000000,150094403601,150192378798,94403601,97975197,192378798,YES
669,670,31,155000000000,155094385625,155192830375,94385625,98444750,192830375,YES
669,670,32,160000000000,160097055359,160191432792,97055359,94377433,191432792,YES
669,670,33,165000000000,165100819784,165195193779,100819784,94373995,195193779,YES
669,670,34,170000000000,170033879845,170067758805,33879845,33878960,67758805,YES
669,670,35,175000000000,175033696409,175067391985,33696409,33695576,67391985,YES
669,670,36,180000000000,180033553423,180067106064,33553423,33552641,67106064,YES
669,670,37,185000000000,185033384186,185066767635,33384186,33383449,66767635,YES
669,670,38,190000000000,190033256382,190066512093,33256382,33255711,66512093,YES
669,670,39,195000000000,195033136943,195066273275,33136943,33136332,66273275,YES
669,670,40,200000000000,200033026387,200066052228,33026387,33025841,66052228,YES
669,670,41,205000000000,205032925230,205065849988,32925230,32924758,65849988,YES
669,670,42,210000000000,210032833971,210065667536,32833971,32833565,65667536,YES
669,670,43,215000000000,215032753084,215065505831,32753084,32752747,65505831,YES
669,670,44,220000000000,220032716606,220065432940,32716606,32716334,65432940,YES
669,670,45,225000000000,225032657722,225065315241,32657722,32657519,65315241,YES
669,670,46,230000000000,230032610350,230065220564,32610350,32610214,65220564,YES
669,670,47,235000000000,235032574731,235065149392,32574731,32574661,65149392,YES
669,670,48,240000000000,240032551018,240065102031,32551018,32551013,65102031,YES
669,670,49,245000000000,245032539263,245065078584,32539263,32539321,65078584,YES
669,670,50,250000000000,250032539415,250065078949,32539415,32539534,65078949,YES
669,670,51,255000000000,255032551318,255065102816,32551318,32551498,65102816,YES
669,670,52,260000000000,260032574718,260065149673,32574718,32574955,65149673,YES
669,670,53,265000000000,265099897252,265188738341,99897252,88841089,188738341,YES
669,670,54,270000000000,270087706932,270175411367,87706932,87704435,175411367,YES
669,670,55,275000000000,275087664528,275177087650,87664528,89423122,177087650,YES
669,670,56,280000000000,280087633349,280176938427,87633349,89305078,176938427,YES
669,670,57,285000000000,285092385111,285179997987,92385111,87612876,179997987,YES
669,670,58,290000000000,290088786330,290176388887,88786330,87602557,176388887,YES
669,670,59,295000000000,295087606401,295175211186,87606401,87604785,175211186,YES
669,670,60,300000000000,300089756752,300177374662,89756752,87617910,177374662,YES
669,670,61,305000000000,305087643048,305175284901,87643048,87641853,175284901,YES
669,670,62,310000000000,310089117485,310178176049,89117485,89058564,178176049,YES
669,670,63,315000000000,315087722509,315175444272,87722509,87721763,175444272,YES
669,670,64,320000000000,320087778017,320175555523,87778017,87777506,175555523,YES
669,670,65,325000000000,325089270421,325177114040,89270421,87843619,177114040,YES
669,670,66,330000000000,330087919873,330175839716,87919873,87919843,175839716,YES
669,670,67,335000000000,335088005858,335177136867,88005858,89131009,177136867,YES
669,670,68,340000000000,340088135186,340177450127,88135186,89314941,177450127,YES
669,670,69,345000000000,345088240386,345178707258,88240386,90466872,178707258,YES
669,670,70,350000000000,350043676351,350087353647,43676351,43677296,87353647,YES
669,670,71,355000000000,355043754104,355087509248,43754104,43755144,87509248,YES
669,670,72,360000000000,360043841577,360087684285,43841577,43842708,87684285,YES
669,670,73,365000000000,365043938502,365088600209,43938502,44661707,88600209,YES
669,670,74,370000000000,370044044564,370088090442,44044564,44045878,88090442,YES
669,670,75,375000000000,375044159433,375088320252,44159433,44160819,88320252,YES
669,670,76,380000000000,380044402860,380088687047,44402860,44284187,88687047,YES
669,670,77,385000000000,385044414025,385088829592,44414025,44415567,88829592,YES
669,670,78,390000000000,390100658929,390195649978,100658929,94991049,195649978,YES
669,670,79,395000000000,395094978487,395189959739,94978487,94981252,189959739,YES
669,670,80,400000000000,400094975139,400189953201,94975139,94978062,189953201,YES
669,670,81,405000000000,405094978318,405193222800,94978318,98244482,193222800,YES
669,670,82,410000000000,410034007016,410068012995,34007016,34005979,68012995,YES
669,670,83,415000000000,415033845534,415067690107,33845534,33844573,67690107,YES
669,670,84,420000000000,420033656721,420067312517,33656721,33655796,67312517,YES
669,670,85,425000000000,425033474637,425069044774,33474637,35570137,69044774,YES
669,670,86,430000000000,430033333401,430066665992,33333401,33332591,66665992,YES
669,670,87,435000000000,435033199934,435066399125,33199934,33199191,66399125,YES
669,670,88,440000000000,440033074766,440066148852,33074766,33074086,66148852,YES
669,670,89,445000000000,445032958428,445065916255,32958428,32957827,65916255,YES
669,670,90,450000000000,450032851443,450065702352,32851443,32850909,65702352,YES
669,670,91,455000000000,455032787920,455065575376,32787920,32787456,65575376,YES
669,670,92,460000000000,460032701136,460065401883,32701136,32700747,65401883,YES
669,670,93,465000000000,465032625133,465065249946,32625133,32624813,65249946,YES
669,670,94,470000000000,470032560294,470065120341,32560294,32560047,65120341,YES
669,670,95,475000000000,475032506944,475065013713,32506944,32506769,65013713,YES
669,670,96,480000000000,480033147749,480065612967,33147749,32465218,65612967,YES
669,670,97,485000000000,485032538185,485064973756,32538185,32435571,64973756,YES
669,670,98,490000000000,490075346632,490107764412,75346632,32417780,107764412,YES
669,670,99,495000000000,495035052144,495067464259,35052144,32412115,67464259,YES
669,670,100,500000000000,500032417994,500290387604,32417994,257969610,290387604,YES
669,670,101,505000000000,505032435550,505108793955,32435550,76358405,108793955,YES
669,670,102,510000000000,510032464385,510064929061,32464385,32464676,64929061,YES
669,670,103,515000000000,515087680372,515175358154,87680372,87677782,175358154,YES
669,670,104,520000000000,520087632055,520175261675,87632055,87629620,175261675,YES
669,670,105,525000000000,525089617051,525177209502,89617051,87592451,177209502,YES
669,670,106,530000000000,530087568440,530175134775,87568440,87566335,175134775,YES
669,670,107,535000000000,535092047583,535179678793,92047583,87631210,179678793,YES
669,670,108,540000000000,540087548878,540181240215,87548878,93691337,181240215,YES
669,670,109,545000000000,545203901169,545299481531,203901169,95580362,299481531,YES
669,670,110,550000000000,550098209412,550193711457,98209412,95502045,193711457,YES
669,670,111,555000000000,555091209800,555178810768,91209800,87600968,178810768,YES
669,670,112,560000000000,560091694235,560179335074,91694235,87640839,179335074,YES
669,670,113,565000000000,565087692179,565180357849,87692179,92665670,180357849,YES
669,670,114,570000000000,570090207789,570183889811,90207789,93682022,183889811,YES
669,670,115,575000000000,575097290062,575185115715,97290062,87825653,185115715,YES
669,670,116,580000000000,580043156047,580086312638,43156047,43156591,86312638,YES
669,670,117,585000000000,585043194365,585086389383,43194365,43195018,86389383,YES
669,670,118,590000000000,590043277299,590086555360,43277299,43278061,86555360,YES
669,670,119,595000000000,595043337601,595086676072,43337601,43338471,86676072,YES
669,670,120,600000000000,600100170973,600143581556,100170973,43410583,143581556,YES
669,670,121,605000000000,605145771457,605189264827,145771457,43493370,189264827,YES
669,670,122,610000000000,610043582619,610087166411,43582619,43583792,87166411,YES
669,670,123,615000000000,615043684746,615087370765,43684746,43686019,87370765,YES
669,670,124,620000000000,620043796503,620087594366,43796503,43797863,87594366,YES
669,670,125,625000000000,625043917477,625087836386,43917477,43918909,87836386,YES
669,670,126,630000000000,630044047215,630088095942,44047215,44048727,88095942,YES
669,670,127,635000000000,635044185258,635088372101,44185258,44186843,88372101,YES
669,670,128,640000000000,640096379457,640193103992,96379457,96724535,193103992,YES
669,670,129,645000000000,645094387195,645191953626,94387195,97566431,191953626,YES
669,670,130,650000000000,650033667227,650067333470,33667227,33666243,67333470,YES
669,670,131,655000000000,655033516139,655067031351,33516139,33515212,67031351,YES
669,670,132,660000000000,660035775436,660069146818,35775436,33371382,69146818,YES
669,670,133,665000000000,665033572264,665066740523,33572264,33168259,66740523,YES
669,670,134,670000000000,670033041359,670066081986,33041359,33040627,66081986,YES
669,670,135,675000000000,675032922525,675065844400,32922525,32921875,65844400,YES
669,670,136,680000000000,680032813103,680065625624,32813103,32812521,65625624,YES
669,670,137,685000000000,685032713598,685065426688,32713598,32713090,65426688,YES
669,670,138,690000000000,690032624492,690065248552,32624492,32624060,65248552,YES
669,670,139,695000000000,695032579812,695065159273,32579812,32579461,65159273,YES
669,670,140,700000000000,700032512738,700065025198,32512738,32512460,65025198,YES
669,670,141,705000000000,705032457172,705064914145,32457172,32456973,64914145,YES
669,670,142,710000000000,710032413338,710064826555,32413338,32413217,64826555,YES
669,670,143,715000000000,715032381377,715064762708,32381377,32381331,64762708,YES
669,670,144,720000000000,720032361335,720064722699,32361335,32361364,64722699,YES
669,670,145,725000000000,725032353166,725064706431,32353166,32353265,64706431,YES
669,670,146,730000000000,730032356728,730064713626,32356728,32356898,64713626,YES
669,670,147,735000000000,735032371794,735064743825,32371794,32372031,64743825,YES
669,670,148,740000000000,740032398061,740064796421,32398061,32398360,64796421,YES
669,670,149,745000000000,745032435147,745064870655,32435147,32435508,64870655,YES
669,670,150,750000000000,750087730170,750176511373,87730170,88781203,176511373,YES
669,670,151,755000000000,755087682525,755181637975,87682525,93955450,181637975,YES
669,670,152,760000000000,760087645591,760175288894,87645591,87643303,175288894,YES
669,670,153,765000000000,765094177552,765181794859,94177552,87617307,181794859,YES
669,670,154,770000000000,770087604158,770175447709,87604158,87843551,175447709,YES
669,670,155,775000000000,775087599811,775176545232,87599811,88945421,176545232,YES
669,670,156,780000000000,780087606461,780176430915,87606461,88824454,176430915,YES
669,670,157,785000000000,785087624175,785208447720,87624175,120823545,208447720,YES
669,670,158,790000000000,790087653002,790286572439,87653002,198919437,286572439,YES
669,670,159,795000000000,795087692953,795187264544,87692953,99571591,187264544,YES
669,670,160,800000000000,800043907208,800086796832,43907208,42889624,86796832,YES
669,670,161,805000000000,805042898122,805085796616,42898122,42898494,85796616,YES
669,670,162,810000000000,810042918328,810085837142,42918328,42918814,85837142,YES
669,670,163,815000000000,815042950177,815085900958,42950177,42950781,85900958,YES
669,670,164,820000000000,820042993768,820085988255,42993768,42994487,85988255,YES
669,670,165,825000000000,825043082692,825086166213,43082692,43083521,86166213,YES
669,670,166,830000000000,830043149638,830086567432,43149638,43417794,86567432,YES
669,670,167,835000000000,835043228003,835086457050,43228003,43229047,86457050,YES
669,670,168,840000000000,840043317496,840086636137,43317496,43318641,86636137,YES
669,670,169,845000000000,845043417758,845086836760,43417758,43419002,86836760,YES
669,670,170,850000000000,850043528368,850087058072,43528368,43529704,87058072,YES
669,670,171,855000000000,855043648858,855087299147,43648858,43650289,87299147,YES
669,670,172,860000000000,860043778736,860087558976,43778736,43780240,87558976,YES
669,670,173,865000000000,865043917471,865087836517,43917471,43919046,87836517,YES
669,670,174,870000000000,870044064543,870088130735,44064543,44066192,88130735,YES
669,670,175,875000000000,875044219422,875088440558,44219422,44221136,88440558,YES
669,670,176,880000000000,880044381592,880088764971,44381592,44383379,88764971,YES
669,670,177,885000000000,885105377449,885212729995,105377449,107352546,212729995,YES
669,670,178,890000000000,890033259965,890066518848,33259965,33258883,66518848,YES
669,670,179,895000000000,895033074321,895066147611,33074321,33073290,66147611,YES
669,670,180,900000000000,900032929532,900065858098,32929532,32928566,65858098,YES
669,670,181,905000000000,905032792557,905065584204,32792557,32791647,65584204,YES
669,670,182,910000000000,910032630362,910065259887,32630362,32629525,65259887,YES
669,670,183,915000000000,915032510737,915065020687,32510737,32509950,65020687,YES
669,670,184,920000000000,920032400628,920064800537,32400628,32399909,64800537,YES
669,670,185,925000000000,925032300591,925064600537,32300591,32299946,64600537,YES
669,670,186,930000000000,930032211142,930064421717,32211142,32210575,64421717,YES
669,670,187,935000000000,935032166348,935064332208,32166348,32165860,64332208,YES
669,670,188,940000000000,940032099411,940064198414,32099411,32099003,64198414,YES
669,670,189,945000000000,945032044247,945064088168,32044247,32043921,64088168,YES
669,670,190,950000000000,950032001088,950064001936,32001088,32000848,64001936,YES
669,670,191,955000000000,955031970068,955063939978,31970068,31969910,63939978,YES
669,670,192,960000000000,960031951211,960063902344,31951211,31951133,63902344,YES
669,670,193,965000000000,965031944438,965063888876,31944438,31944438,63888876,YES
669,670,194,970000000000,970031949564,970063899205,31949564,31949641,63899205,YES
669,670,195,975000000000,975031966319,975063932790,31966319,31966471,63932790,YES
669,670,196,980000000000,980031994346,980063988914,31994346,31994568,63988914,YES
669,670,197,985000000000,985032033216,985064066725,32033216,32033509,64066725,YES
669,670,198,990000000000,990032082450,990064165256,32082450,32082806,64165256,YES
669,670,199,995000000000,995089823879,995182712849,89823879,92888970,182712849,YES
669,670,200,1000000000000,1000090600584,1000186597454,90600584,95996870,186597454,YES
669,670,201,1005000000000,1005087693249,1005175384680,87693249,87691431,175384680,YES
669,670,202,1010000000000,1010087693215,1010175834166,87693215,88140951,175834166,YES
669,670,203,1015000000000,1015089594206,1015178225484,89594206,88631278,178225484,YES
669,670,204,1020000000000,1020042507494,1020085014944,42507494,42507450,85014944,YES
669,670,205,1025000000000,1025042471204,1025084942474,42471204,42471270,84942474,YES
669,670,206,1030000000000,1030043419795,1030085865180,43419795,42445385,85865180,YES
669,670,207,1035000000000,1035043427844,1035085858154,43427844,42430310,85858154,YES
669,670,208,1040000000000,1040042426052,1040084852509,42426052,42426457,84852509,YES
669,670,209,1045000000000,1045044941983,1045087376162,44941983,42434179,87376162,YES
669,670,210,1050000000000,1050047394139,1050089847865,47394139,42453726,89847865,YES
669,670,211,1055000000000,1055042484438,1055084969643,42484438,42485205,84969643,YES
669,670,212,1060000000000,1060042527832,1060085056543,42527832,42528711,85056543,YES
669,670,213,1065000000000,1065042583186,1065085167355,42583186,42584169,85167355,YES
669,670,214,1070000000000,1070042650344,1070085301778,42650344,42651434,85301778,YES
669,670,215,1075000000000,1075042762668,1075085526525,42762668,42763857,85526525,YES
669,670,216,1080000000000,1080042852648,1080086568208,42852648,43715560,86568208,YES
669,670,217,1085000000000,1085042953504,1085085908375,42953504,42954871,85908375,YES
669,670,218,1090000000000,1090045468057,1090088534377,45468057,43066320,88534377,YES
669,670,219,1095000000000,1095043589289,1095086776914,43589289,43187625,86776914,YES
669,670,220,1100000000000,1100043316840,1100086635291,43316840,43318451,86635291,YES
669,670,221,1105000000000,1105043456554,1105086914781,43456554,43458227,86914781,YES
669,670,222,1110000000000,1110043604708,1110087211141,43604708,43606433,87211141,YES
669,670,223,1115000000000,1115043760763,1115087523303,43760763,43762540,87523303,YES
669,670,224,1120000000000,1120104602624,1120209203219,104602624,104600595,209203219,YES
669,670,225,1125000000000,1125104620022,1125209238224,104620022,104618202,209238224,YES
669,670,226,1130000000000,1130104642567,1130209281656,104642567,104639089,209281656,YES
669,670,227,1135000000000,1135104599558,1135215974556,104599558,111374998,215974556,YES
669,670,228,1140000000000,1140104566687,1140215672008,104566687,111105321,215672008,YES
669,670,229,1145000000000,1145111644839,1145216152553,111644839,104507714,216152553,YES
669,670,230,1150000000000,1150033049336,1150066097883,33049336,33048547,66097883,YES
669,670,231,1155000000000,1155032932866,1155065865028,32932866,32932162,65865028,YES
669,670,232,1160000000000,1160032826090,1160065651554,32826090,32825464,65651554,YES
669,670,233,1165000000000,1165032763112,1165065525678,32763112,32762566,65525678,YES
669,670,234,1170000000000,1170032677200,1170067282758,32677200,34605558,67282758,YES
669,670,235,1175000000000,1175032602337,1175065275728,32602337,32673391,65275728,YES
669,670,236,1180000000000,1180032538850,1180069279148,32538850,36740298,69279148,YES
669,670,237,1185000000000,1185032486973,1185064973741,32486973,32486768,64973741,YES
669,670,238,1190000000000,1190032446845,1190064893572,32446845,32446727,64893572,YES
669,670,239,1195000000000,1195032418506,1195064836980,32418506,32418474,64836980,YES
670,671,0,0,116393701,232786571,116393701,116392870,232786571,YES
670,671,1,5000000000,5116963945,5233341335,116963945,116377390,233341335,YES
670,671,2,10000000000,10116377067,10236729383,116377067,120352316,236729383,YES
670,671,3,15000000000,15116391513,15232783359,116391513,116391846,232783359,YES
670,671,4,20000000000,20116421175,20232843081,116421175,116421906,232843081,YES
670,671,5,25000000000,25116465939,25233005301,116465939,116539362,233005301,YES
670,671,6,30000000000,30116525551,30233052606,116525551,116527055,233052606,YES
670,671,7,35000000000,35116599654,35233201176,116599654,116601522,233201176,YES
670,671,8,40000000000,40116687782,40233377795,116687782,116690013,233377795,YES
670,671,9,45000000000,45116789421,45233581411,116789421,116791990,233581411,YES
670,671,10,50000000000,50116903968,50234108478,116903968,117204510,234108478,YES
670,671,11,55000000000,55117030804,55234064817,117030804,117034013,234064817,YES
670,671,12,60000000000,60010436842,60020873852,10436842,10437010,20873852,YES
670,671,13,65000000000,65010433207,65020866600,10433207,10433393,20866600,YES
670,671,14,70000000000,70010437908,70020876022,10437908,10438114,20876022,YES
670,671,15,75000000000,75010450854,75020901941,10450854,10451087,20901941,YES
670,671,16,80000000000,80010472012,80020944270,10472012,10472258,20944270,YES
670,671,17,85000000000,85010501335,85021703201,10501335,11201866,21703201,YES
670,671,18,90000000000,90010538815,90021077905,10538815,10539090,21077905,YES
670,671,19,95000000000,95010584456,95021169197,10584456,10584741,21169197,YES
670,671,20,100000000000,100010638261,100021276819,10638261,10638558,21276819,YES
670,671,21,105000000000,105010700238,105021400782,10700238,10700544,21400782,YES
670,671,22,110000000000,110010770374,110021541064,10770374,10770690,21541064,YES
670,671,23,115000000000,115010848633,115021697591,10848633,10848958,21697591,YES
670,671,24,120000000000,120010934954,120021870242,10934954,10935288,21870242,YES
670,671,25,125000000000,125011029233,125022058809,11029233,11029576,22058809,YES
670,671,26,130000000000,130011131326,130022263003,11131326,11131677,22263003,YES
670,671,27,135000000000,135005518512,135011036899,5518512,5518387,11036899,YES
670,671,28,140000000000,140005444315,140010888509,5444315,5444194,10888509,YES
670,671,29,145000000000,145005377724,145010755332,5377724,5377608,10755332,YES
670,671,30,150000000000,150005318684,150010637257,5318684,5318573,10637257,YES
670,671,31,155000000000,155005267114,155047047866,5267114,41780752,47047866,YES
670,671,32,160000000000,160005222945,160010445798,5222945,5222853,10445798,YES
670,671,33,165000000000,165005186086,165010372086,5186086,5186000,10372086,YES
670,671,34,170000000000,170005156464,170010312849,5156464,5156385,10312849,YES
670,671,35,175000000000,175005134023,175010267973,5134023,5133950,10267973,YES
670,671,36,180000000000,180005118732,180010237398,5118732,5118666,10237398,YES
670,671,37,185000000000,185117105632,185234207598,117105632,117101966,234207598,YES
670,671,38,190000000000,190116965640,190234706487,116965640,117740847,234706487,YES
670,671,39,195000000000,195116836062,195233668940,116836062,116832878,233668940,YES
670,671,40,200000000000,200116717538,200233432150,116717538,116714612,233432150,YES
670,671,41,205000000000,205116610707,205238162475,116610707,121551768,238162475,YES
670,671,42,210000000000,210117203738,210233717599,117203738,116513861,233717599,YES
670,671,43,215000000000,215116434714,215232867394,116434714,116432680,232867394,YES
670,671,44,220000000000,220116366779,220232731856,116366779,116365077,232731856,YES
670,671,45,225000000000,225116312963,225232624569,116312963,116311606,232624569,YES
670,671,46,230000000000,230116273760,230232546516,116273760,116272756,232546516,YES
670,671,47,235000000000,235122764641,235239013525,122764641,116248884,239013525,YES
670,671,48,240000000000,240121418713,240237659057,121418713,116240344,237659057,YES
670,671,49,245000000000,245116247101,245232494329,116247101,116247228,232494329,YES
670,671,50,250000000000,250116269074,250232538653,116269074,116269579,232538653,YES
670,671,51,255000000000,255116306429,255232613745,116306429,116307316,232613745,YES
670,671,52,260000000000,260116358939,260232719140,116358939,116360201,232719140,YES
670,671,53,265000000000,265116426265,265232854154,116426265,116427889,232854154,YES
670,671,54,270000000000,270116895739,270233405688,116895739,116509949,233405688,YES
670,671,55,275000000000,275116603511,275233209347,116603511,116605836,233209347,YES
670,671,56,280000000000,280116712313,280233427276,116712313,116714963,233427276,YES
670,671,57,285000000000,285116833742,285233670438,116833742,116836696,233670438,YES
670,671,58,290000000000,290116967134,290233937515,116967134,116970381,233937515,YES
670,671,59,295000000000,295117111831,295234227191,117111831,117115360,234227191,YES
670,671,60,300000000000,300010989586,300021979384,10989586,10989798,21979384,YES
670,671,61,305000000000,305010982638,305021965506,10982638,10982868,21965506,YES
670,671,62,310000000000,310010982944,310021966131,10982944,10983187,21966131,YES
670,671,63,315000000000,315010990473,315021981205,10990473,10990732,21981205,YES
670,671,64,320000000000,320011005239,320022010739,11005239,11005500,22010739,YES
670,671,65,325000000000,325011027291,325022054856,11027291,11027565,22054856,YES
670,671,66,330000000000,330011056708,330022113702,11056708,11056994,22113702,YES
670,671,67,335000000000,335011093599,335022187496,11093599,11093897,22187496,YES
670,671,68,340000000000,340011138086,340022276482,11138086,11138396,22276482,YES
670,671,69,345000000000,345011190296,345022380919,11190296,11190623,22380919,YES
670,671,70,350000000000,350117442800,350234884658,117442800,117441858,234884658,YES
670,671,71,355000000000,355117381337,355234761993,117381337,117380656,234761993,YES
670,671,72,360000000000,360117332926,360234665425,117332926,117332499,234665425,YES
670,671,73,365000000000,365117297713,365234595255,117297713,117297542,234595255,YES
670,671,74,370000000000,370117275772,370347265426,117275772,229989654,347265426,YES
670,671,75,375000000000,375117267085,375236267744,117267085,119000659,236267744,YES
670,671,76,380000000000,380117271549,380234543675,117271549,117272126,234543675,YES
670,671,77,385000000000,385117288980,385234578775,117288980,117289795,234578775,YES
670,671,78,390000000000,390005348355,390010696594,5348355,5348239,10696594,YES
670,671,79,395000000000,395005288139,395010576166,5288139,5288027,10576166,YES
670,671,80,400000000000,400005235867,400010471628,5235867,5235761,10471628,YES
670,671,81,405000000000,405005191402,405010382712,5191402,5191310,10382712,YES
670,671,82,410000000000,410005154623,410010309161,5154623,5154538,10309161,YES
670,671,83,415000000000,415005125387,415010250695,5125387,5125308,10250695,YES
670,671,84,420000000000,420005103572,420010207072,5103572,5103500,10207072,YES
670,671,85,425000000000,425116645253,425303977532,116645253,187332279,303977532,YES
670,671,86,430000000000,430116513746,430235084284,116513746,118570538,235084284,YES
670,671,87,435000000000,435116392780,435232782377,116392780,116389597,232782377,YES
670,671,88,440000000000,440116282977,440232563002,116282977,116280025,232563002,YES
670,671,89,445000000000,445116184965,445232367220,116184965,116182255,232367220,YES
670,671,90,450000000000,450116099344,450232196253,116099344,116096909,232196253,YES
670,671,91,455000000000,455116026704,455232051248,116026704,116024544,232051248,YES
670,671,92,460000000000,460115967594,460231933324,115967594,115965730,231933324,YES
670,671,93,465000000000,465115922515,465231843470,115922515,115920955,231843470,YES
670,671,94,470000000000,470115891880,470231782525,115891880,115890645,231782525,YES
670,671,95,475000000000,475115876035,475231751169,115876035,115875134,231751169,YES
670,671,96,480000000000,480115875213,480231749872,115875213,115874659,231749872,YES
670,671,97,485000000000,485115889556,485231778912,115889556,115889356,231778912,YES
670,671,98,490000000000,490115919072,490231838302,115919072,115919230,231838302,YES
670,671,99,495000000000,495115963673,495231927863,115963673,115964190,231927863,YES
670,671,100,500000000000,500116023145,500232047176,116023145,116024031,232047176,YES
670,671,101,505000000000,505116097182,505232195613,116097182,116098431,232195613,YES
670,671,102,510000000000,510116185374,510232372356,116185374,116186982,232372356,YES
670,671,103,515000000000,515116287252,515232576453,116287252,116289201,232576453,YES
670,671,104,520000000000,520116402271,520232806818,116402271,116404547,232806818,YES
670,671,105,525000000000,525124557870,525241090509,124557870,116532639,241090509,YES
670,671,106,530000000000,530125443277,530242115751,125443277,116672474,242115751,YES
670,671,107,535000000000,535010416021,535020886950,10416021,10470929,20886950,YES
670,671,108,540000000000,540010394577,540020789306,10394577,10394729,20789306,YES
670,671,109,545000000000,545010381410,545020763003,10381410,10381593,20763003,YES
670,671,110,550000000000,550010376544,550020753288,10376544,10376744,20753288,YES
670,671,111,555000000000,555010379989,555020760194,10379989,10380205,20760194,YES
670,671,112,560000000000,560010391798,560022603919,10391798,12212121,22603919,YES
670,671,113,565000000000,565010412052,565020824349,10412052,10412297,20824349,YES
670,671,114,570000000000,570010440849,570020881955,10440849,10441106,20881955,YES
670,671,115,575000000000,575010478301,575020956872,10478301,10478571,20956872,YES
670,671,116,580000000000,580117484063,580234966440,117484063,117482377,234966440,YES
670,671,117,585000000000,585117404511,585234807612,117404511,117403101,234807612,YES
670,671,118,590000000000,590117338575,590234676010,117338575,117337435,234676010,YES
670,671,119,595000000000,595117286534,595238674037,117286534,121387503,238674037,YES
670,671,120,600000000000,600117248580,600234496578,117248580,117247998,234496578,YES
670,671,121,605000000000,605120014479,605237238964,120014479,117224485,237238964,YES
670,671,122,610000000000,610117960801,610235175941,117960801,117215140,235175941,YES
670,671,123,615000000000,615117219578,615234439395,117219578,117219817,234439395,YES
670,671,124,620000000000,620117237784,620235806655,117237784,118568871,235806655,YES
670,671,125,625000000000,625117269480,625234539731,117269480,117270251,234539731,YES
670,671,126,630000000000,630117314269,630234629571,117314269,117315302,234629571,YES
670,671,127,635000000000,635117371706,635234744690,117371706,117372984,234744690,YES
670,671,128,640000000000,640005181440,640010362787,5181440,5181347,10362787,YES
670,671,129,645000000000,645005154469,645010308863,5154469,5154394,10308863,YES
670,671,130,650000000000,650005135136,650010270204,5135136,5135068,10270204,YES
670,671,131,655000000000,655005123275,655010246488,5123275,5123213,10246488,YES
670,671,132,660000000000,660005118755,660010237456,5118755,5118701,10237456,YES
670,671,133,665000000000,665117022183,665237784098,117022183,120761915,237784098,YES
670,671,134,670000000000,670117201704,670234105372,117201704,116903668,234105372,YES
670,671,135,675000000000,675116782144,675233561703,116782144,116779559,233561703,YES
670,671,136,680000000000,680116678585,680233354850,116678585,116676265,233354850,YES
670,671,137,685000000000,685116586877,685233171702,116586877,116584825,233171702,YES
670,671,138,690000000000,690116507667,690233013560,116507667,116505893,233013560,YES
670,671,139,695000000000,695116441592,695232881703,116441592,116440111,232881703,YES
670,671,140,700000000000,700116389239,700232777304,116389239,116388065,232777304,YES
670,671,141,705000000000,705116351155,705232701448,116351155,116350293,232701448,YES
670,671,142,710000000000,710116327787,710232655039,116327787,116327252,232655039,YES
670,671,143,715000000000,715116319500,715232638799,116319500,116319299,232638799,YES
670,671,144,720000000000,720116326542,720232653223,116326542,116326681,232653223,YES
670,671,145,725000000000,725116349041,725232698563,116349041,116349522,232698563,YES
670,671,146,730000000000,730116386984,730232774790,116386984,116387806,232774790,YES
670,671,147,735000000000,735116440235,735232881637,116440235,116441402,232881637,YES
670,671,148,740000000000,740116508542,740233018586,116508542,116510044,233018586,YES
670,671,149,745000000000,745116591531,745233184895,116591531,116593364,233184895,YES
670,671,150,750000000000,750116688736,750233379636,116688736,116690900,233379636,YES
670,671,151,755000000000,755118741165,755235543312,118741165,116802147,235543312,YES
670,671,152,760000000000,760116923594,760233849964,116923594,116926370,233849964,YES
670,671,153,765000000000,765117060009,765234123094,117060009,117063085,234123094,YES
670,671,154,770000000000,770117208214,770234419789,117208214,117211575,234419789,YES
670,671,155,775000000000,775010471003,775020942172,10471003,10471169,20942172,YES
670,671,156,780000000000,780010458933,780020918049,10458933,10459116,20918049,YES
670,671,157,785000000000,785010455103,785020910404,10455103,10455301,20910404,YES
670,671,158,790000000000,790029062442,790039522281,29062442,10459839,39522281,YES
670,671,159,795000000000,795010472556,795020945340,10472556,10472784,20945340,YES
670,671,160,800000000000,800117528248,800235054002,117528248,117525754,235054002,YES
670,671,161,805000000000,805117412035,805234821857,117412035,117409822,234821857,YES
670,671,162,810000000000,810117308918,810234615909,117308918,117306991,234615909,YES
670,671,163,815000000000,815117219390,815234437143,117219390,117217753,234437143,YES
670,671,164,820000000000,820117143884,820234286424,117143884,117142540,234286424,YES
670,671,165,825000000000,825117082758,825234164466,117082758,117081708,234164466,YES
670,671,166,830000000000,830117036254,830234071755,117036254,117035501,234071755,YES
670,671,167,835000000000,835121529452,835238533484,121529452,117004032,238533484,YES
670,671,168,840000000000,840116987551,840233974936,116987551,116987385,233974936,YES
670,671,169,845000000000,845119360582,845242344573,119360582,122983991,242344573,YES
670,671,170,850000000000,850116997431,850238123426,116997431,121125995,238123426,YES
670,671,171,855000000000,855117023736,855234048167,117023736,117024431,234048167,YES
670,671,172,860000000000,860117063761,860234128491,117063761,117064730,234128491,YES
670,671,173,865000000000,865117117019,865234235273,117117019,117118254,234235273,YES
670,671,174,870000000000,870122181141,870239365678,122181141,117184537,239365678,YES
670,671,175,875000000000,875120187205,875237450044,120187205,117262839,237450044,YES
670,671,176,880000000000,880117350637,880234703261,117350637,117352624,234703261,YES
670,671,177,885000000000,885117451162,885234904540,117451162,117453378,234904540,YES
670,671,178,890000000000,890005218666,890010437281,5218666,5218615,10437281,YES
670,671,179,895000000000,895117162453,895234321853,117162453,117159400,234321853,YES
670,671,180,900000000000,900117032327,900234061825,117032327,117029498,234061825,YES
670,671,181,905000000000,905120890162,905237799980,120890162,116909818,237799980,YES
670,671,182,910000000000,910117002242,910233803472,117002242,116801230,233803472,YES
670,671,183,915000000000,915116706226,915233410374,116706226,116704148,233410374,YES
670,671,184,920000000000,920116621076,920233240338,116621076,116619262,233240338,YES
670,671,185,925000000000,925116548749,925233095964,116548749,116547215,233095964,YES
670,671,186,930000000000,930116489845,930232978440,116489845,116488595,232978440,YES
670,671,187,935000000000,935116444907,935232888856,116444907,116443949,232888856,YES
670,671,188,940000000000,940116414394,940232828139,116414394,116413745,232828139,YES
670,671,189,945000000000,945116398695,945232797050,116398695,116398355,232797050,YES
670,671,190,950000000000,950116398075,950232796128,116398075,116398053,232796128,YES
670,671,191,955000000000,955116412690,955232825677,116412690,116412987,232825677,YES
670,671,192,960000000000,960116442560,960232885739,116442560,116443179,232885739,YES
670,671,193,965000000000,965117255951,965233754079,117255951,116498128,233754079,YES
670,671,194,970000000000,970116547530,970264719557,116547530,148172027,264719557,YES
670,671,195,975000000000,975116622072,975238626359,116622072,122004287,238626359,YES
670,671,196,980000000000,980116710766,980238669764,116710766,121958998,238669764,YES
670,671,197,985000000000,985116813118,985233628422,116813118,116815304,233628422,YES
670,671,198,990000000000,990116928553,990233859582,116928553,116931029,233859582,YES
670,671,199,995000000000,995117056468,995234115700,117056468,117059232,234115700,YES
670,671,200,1000000000000,1000117196231,1000234395497,117196231,117199266,234395497,YES
670,671,201,1005000000000,1005117347220,1005234697731,117347220,117350511,234697731,YES
670,671,202,1010000000000,1010117508784,1010235021110,117508784,117512326,235021110,YES
670,671,203,1015000000000,1015117680316,1015235364407,117680316,117684091,235364407,YES
670,671,204,1020000000000,1020117949791,1020235895746,117949791,117945955,235895746,YES
670,671,205,1025000000000,1025117776861,1025235550132,117776861,117773271,235550132,YES
670,671,206,1030000000000,1030117613920,1030235224497,117613920,117610577,235224497,YES
670,671,207,1035000000000,1035117461592,1035234920095,117461592,117458503,234920095,YES
670,671,208,1040000000000,1040117320513,1040234638206,117320513,117317693,234638206,YES
670,671,209,1045000000000,1045117191327,1045234380120,117191327,117188793,234380120,YES
670,671,210,1050000000000,1050117074674,1050234147094,117074674,117072420,234147094,YES
670,671,211,1055000000000,1055116971170,1055233940384,116971170,116969214,233940384,YES
670,671,212,1060000000000,1060116881370,1060233761087,116881370,116879717,233761087,YES
670,671,213,1065000000000,-1,-1,-1,-1,-1,LOST
670,671,214,1070000000000,1070118631064,1070255195143,118631064,136564079,255195143,YES
670,671,215,1075000000000,1075122386420,1075239084646,122386420,116698226,239084646,YES
670,671,216,1080000000000,1080116668275,1080233336163,116668275,116667888,233336163,YES
670,671,217,1085000000000,1085116652884,1085233305700,116652884,116652816,233305700,YES
670,671,218,1090000000000,1090116652769,1090233305786,116652769,116653017,233305786,YES
670,671,219,1095000000000,1095116667768,1095233336088,116667768,116668320,233336088,YES
670,671,220,1100000000000,1100116697589,1100233396035,116697589,116698446,233396035,YES
670,671,221,1105000000000,1105116741839,1105233484842,116741839,116743003,233484842,YES
670,671,222,1110000000000,1110116800045,1110233601540,116800045,116801495,233601540,YES
670,671,223,1115000000000,1115116871644,1115233745017,116871644,116873373,233745017,YES
670,671,224,1120000000000,1120116956048,1120233914086,116956048,116958038,233914086,YES
670,671,225,1125000000000,1125117052609,1125234107478,117052609,117054869,234107478,YES
670,671,226,1130000000000,1130117160696,1130234323899,117160696,117163203,234323899,YES
670,671,227,1135000000000,1135117279676,1135234562078,117279676,117282402,234562078,YES
670,671,228,1140000000000,1140117408895,1140234820753,117408895,117411858,234820753,YES
670,671,229,1145000000000,1145011199243,1145022398689,11199243,11199446,22398689,YES
670,671,230,1150000000000,1150122388065,1150239561145,122388065,117173080,239561145,YES
670,671,231,1155000000000,1155117073628,1155234145168,117073628,117071540,234145168,YES
670,671,232,1160000000000,1160116982747,1160233963655,116982747,116980908,233963655,YES
670,671,233,1165000000000,1165116903469,1165233805350,116903469,116901881,233805350,YES
670,671,234,1170000000000,1170117274062,1170234109119,117274062,116835057,234109119,YES
670,671,235,1175000000000,1175116782105,1175233563152,116782105,116781047,233563152,YES
670,671,236,1180000000000,1180116741132,1180233481477,116741132,116740345,233481477,YES
670,671,237,1185000000000,1185116713962,1185233427423,116713962,116713461,233427423,YES
670,671,238,1190000000000,1190116701004,1190233401790,116701004,116700786,233401790,YES
670,671,239,1195000000000,1195116702569,1195233405216,116702569,116702647,233405216,YES
671,672,0,0,71785406,143570888,71785406,71785482,143570888,YES
671,672,1,5000000000,5071866928,5143734107,71866928,71867179,143734107,YES
671,672,2,10000000000,10071960672,10143921769,71960672,71961097,143921769,YES
671,672,3,15000000000,15081688512,15162343435,81688512,80654923,162343435,YES
671,672,4,20000000000,20083813549,20164395755,83813549,80582206,164395755,YES
671,672,5,25000000000,25080521285,25161042961,80521285,80521676,161042961,YES
671,672,6,30000000000,30080472881,30272147045,80472881,191674164,272147045,YES
671,672,7,35000000000,35080437030,35160874823,80437030,80437793,160874823,YES
671,672,8,40000000000,40081615476,40162030292,81615476,80414816,162030292,YES
671,672,9,45000000000,45083778048,45164182688,83778048,80404640,164182688,YES
671,672,10,50000000000,50084184473,50164591783,84184473,80407310,164591783,YES
671,672,11,55000000000,55080421378,55160844185,80421378,80422807,160844185,YES
671,672,12,60000000000,60056294659,60112587877,56294659,56293218,112587877,YES
671,672,13,65000000000,65056276553,65119783055,56276553,63506502,119783055,YES
671,672,14,70000000000,70056166125,70112330988,56166125,56164863,112330988,YES
671,672,15,75000000000,75056118953,75112236742,56118953,56117789,112236742,YES
671,672,16,80000000000,80057285045,80113367431,57285045,56082386,113367431,YES
671,672,17,85000000000,85056059742,85112118541,56059742,56058799,112118541,YES
671,672,18,90000000000,90056047906,90112094989,56047906,56047083,112094989,YES
671,672,19,95000000000,95056051423,95112984113,56051423,56932690,112984113,YES
671,672,20,100000000000,100064653724,100123754441,64653724,59100717,123754441,YES
671,672,21,105000000000,105056083526,105114704513,56083526,58620987,114704513,YES
671,672,22,110000000000,110059099698,110115218244,59099698,56118546,115218244,YES
671,672,23,115000000000,115056165559,115112330961,56165559,56165402,112330961,YES
671,672,24,120000000000,120056223508,120112447002,56223508,56223494,112447002,YES
671,672,25,125000000000,125059828084,125116120658,59828084,56292574,116120658,YES
671,672,26,130000000000,130046826545,130094460838,46826545,47634293,94460838,YES
671,672,27,135000000000,135046814452,135093629150,46814452,46814698,93629150,YES
671,672,28,140000000000,140046780214,140093560787,46780214,46780573,93560787,YES
671,672,29,145000000000,145046757527,145093515524,46757527,46757997,93515524,YES
671,672,30,150000000000,150046746432,150093493441,46746432,46747009,93493441,YES
671,672,31,155000000000,155088292906,155135040537,88292906,46747631,135040537,YES
671,672,32,160000000000,160046758862,160093518501,46758862,46759639,93518501,YES
671,672,33,165000000000,165059791231,165119583643,59791231,59792412,119583643,YES
671,672,34,170000000000,170059816643,170119634578,59816643,59817935,119634578,YES
671,672,35,175000000000,175059852933,175119707263,59852933,59854330,119707263,YES
671,672,36,180000000000,180059900056,180119801609,59900056,59901553,119801609,YES
671,672,37,185000000000,185071549030,185149680604,71549030,78131574,149680604,YES
671,672,38,190000000000,190071510616,190149926286,71510616,78415670,149926286,YES
671,672,39,195000000000,195071484558,195151509159,71484558,80024601,151509159,YES
671,672,40,200000000000,200089615313,200173555478,89615313,83940165,173555478,YES
671,672,41,205000000000,205071470766,205142940680,71470766,71469914,142940680,YES
671,672,42,210000000000,210071483496,210145443264,71483496,73959768,145443264,YES
671,672,43,215000000000,215071509498,215143018474,71509498,71508976,143018474,YES
671,672,44,220000000000,220073185304,220147271107,73185304,74085803,147271107,YES
671,672,45,225000000000,225071601413,225143202657,71601413,71601244,143202657,YES
671,672,46,230000000000,230073409599,230145076830,73409599,71667231,145076830,YES
671,672,47,235000000000,235074426827,235146173037,74426827,71746210,146173037,YES
671,672,48,240000000000,240075075046,240146912995,75075046,71837949,146912995,YES
671,672,49,245000000000,245071941473,245143883520,71941473,71942047,143883520,YES
671,672,50,250000000000,250072057538,250144115850,72057538,72058312,144115850,YES
671,672,51,255000000000,255080997710,255165797745,80997710,84800035,165797745,YES
671,672,52,260000000000,260081129350,260167712760,81129350,86583410,167712760,YES
671,672,53,265000000000,265087317130,265173599793,87317130,86282663,173599793,YES
671,672,54,270000000000,270080825472,270165798145,80825472,84972673,165798145,YES
671,672,55,275000000000,275080791845,275162981194,80791845,82189349,162981194,YES
671,672,56,280000000000,280080770281,280162490581,80770281,81720300,162490581,YES
671,672,57,285000000000,-1,-1,-1,-1,-1,LOST
671,672,58,290000000000,290089950380,290170937876,89950380,80987496,170937876,YES
671,672,59,295000000000,295080778484,295162994067,80778484,82215583,162994067,YES
671,672,60,300000000000,300056314217,300112626782,56314217,56312565,112626782,YES
671,672,61,305000000000,305056223753,305112445944,56223753,56222191,112445944,YES
671,672,62,310000000000,310056143959,310112286437,56143959,56142478,112286437,YES
671,672,63,315000000000,315056075208,315112149024,56075208,56073816,112149024,YES
671,672,64,320000000000,320057168143,320113184665,57168143,56016522,113184665,YES
671,672,65,325000000000,325055972088,325111942983,55972088,55970895,111942983,YES
671,672,66,330000000000,330055938209,330111875333,55938209,55937124,111875333,YES
671,672,67,335000000000,335058166006,335114081376,58166006,55915370,114081376,YES
671,672,68,340000000000,340055906588,340116962977,55906588,61056389,116962977,YES
671,672,69,345000000000,345078205470,345134113800,78205470,55908330,134113800,YES
671,672,70,350000000000,350055923580,350111846588,55923580,55923008,111846588,YES
671,672,71,355000000000,355055950265,355111900102,55950265,55949837,111900102,YES
671,672,72,360000000000,360055988946,360114646721,55988946,58657775,114646721,YES
671,672,73,365000000000,365056039456,365112078794,56039456,56039338,112078794,YES
671,672,74,370000000000,370118439403,370165527784,118439403,47088381,165527784,YES
671,672,75,375000000000,375046884464,375093768994,46884464,46884530,93768994,YES
671,672,76,380000000000,380046849794,380093699781,46849794,46849987,93699781,YES
671,672,77,385000000000,385046827822,385096373251,46827822,49545429,96373251,YES
671,672,78,390000000000,390046852184,390094937495,46852184,48085311,94937495,YES
671,672,79,395000000000,395046855632,395105416464,46855632,58560832,105416464,YES
671,672,80,400000000000,400046871618,400093743902,46871618,46872284,93743902,YES
671,672,81,405000000000,405046899918,405093800606,46899918,46900688,93800606,YES
671,672,82,410000000000,410046940218,410093881305,46940218,46941087,93881305,YES
671,672,83,415000000000,415046992146,415093985256,46992146,46993110,93985256,YES
671,672,84,420000000000,420059740751,420119636321,59740751,59895570,119636321,YES
671,672,85,425000000000,425158133544,425229915063,158133544,71781519,229915063,YES
671,672,86,430000000000,430072120665,430161743720,72120665,89623055,161743720,YES
671,672,87,435000000000,435071707894,435154582045,71707894,82874151,154582045,YES
671,672,88,440000000000,440075654044,440151455716,75654044,75801672,151455716,YES
671,672,89,445000000000,445074426383,445146110427,74426383,71684044,146110427,YES
671,672,90,450000000000,450071693788,450143387086,71693788,71693298,143387086,YES
671,672,91,455000000000,455071716974,455143433645,71716974,71716671,143433645,YES
671,672,92,460000000000,460071754392,460143508678,71754392,71754286,143508678,YES
671,672,93,465000000000,465071806062,465143612217,71806062,71806155,143612217,YES
671,672,94,470000000000,470071871896,470143744087,71871896,71872191,143744087,YES
671,672,95,475000000000,475071951701,475143903897,71951701,71952196,143903897,YES
671,672,96,480000000000,480072045190,480144091080,72045190,72045890,144091080,YES
671,672,97,485000000000,485072151976,485144304855,72151976,72152879,144304855,YES
671,672,98,490000000000,490072271614,490144544324,72271614,72272710,144544324,YES
671,672,99,495000000000,495080705265,495164488622,80705265,83783357,164488622,YES
671,672,100,500000000000,500080660500,500162517437,80660500,81856937,162517437,YES
671,672,101,505000000000,505080627946,505165443648,80627946,84815702,165443648,YES
671,672,102,510000000000,510080607652,510163385280,80607652,82777628,163385280,YES
671,672,103,515000000000,515080599643,515161200796,80599643,80601153,161200796,YES
671,672,104,520000000000,520083643004,520164248612,83643004,80605608,164248612,YES
671,672,105,525000000000,525083714532,525164336863,83714532,80622331,164336863,YES
671,672,106,530000000000,530080649288,530164622068,80649288,83972780,164622068,YES
671,672,107,535000000000,535056175720,535116347290,56175720,60171570,116347290,YES
671,672,108,540000000000,540056090444,540112179330,56090444,56088886,112179330,YES
671,672,109,545000000000,545056016069,545113161999,56016069,57145930,113161999,YES
671,672,110,550000000000,550057883013,550113834581,57883013,55951568,113834581,YES
671,672,111,555000000000,555055901461,555111801642,55901461,55900181,111801642,YES
671,672,112,560000000000,560072759966,560128620491,72759966,55860525,128620491,YES
671,672,113,565000000000,565055834228,565111667406,55834228,55833178,111667406,YES
671,672,114,570000000000,570064057669,570119875614,64057669,55817945,119875614,YES
671,672,115,575000000000,575055815869,575114831293,55815869,59015424,114831293,YES
671,672,116,580000000000,580055825262,580111649873,55825262,55824611,111649873,YES
671,672,117,585000000000,585055847052,585111693602,55847052,55846550,111693602,YES
671,672,118,590000000000,590055881187,590111762023,55881187,55880836,111762023,YES
671,672,119,595000000000,595055927546,595111854897,55927546,55927351,111854897,YES
671,672,120,600000000000,600055985946,600111971858,55985946,55985912,111971858,YES
671,672,121,605000000000,605046546662,605093093338,46546662,46546676,93093338,YES
671,672,122,610000000000,610046490164,610092980477,46490164,46490313,92980477,YES
671,672,123,615000000000,615046445817,615092891908,46445817,46446091,92891908,YES
671,672,124,620000000000,620046413746,620092827894,46413746,46414148,92827894,YES
671,672,125,625000000000,625046394012,625092788547,46394012,46394535,92788547,YES
671,672,126,630000000000,630046386587,630092773813,46386587,46387226,92773813,YES
671,672,127,635000000000,635046391378,635092783502,46391378,46392124,92783502,YES
671,672,128,640000000000,640046441825,640092884501,46441825,46442676,92884501,YES
671,672,129,645000000000,645046470508,645092941962,46470508,46471454,92941962,YES
671,672,130,650000000000,650046510753,650093022542,46510753,46511789,93022542,YES
671,672,131,655000000000,655046562235,655093125590,46562235,46563355,93125590,YES
671,672,132,660000000000,660059784077,660119569781,59784077,59785704,119569781,YES
671,672,133,665000000000,665071471874,665149665732,71471874,78193858,149665732,YES
671,672,134,670000000000,670071433085,670150755011,71433085,79321926,150755011,YES
671,672,135,675000000000,675077077780,675152981735,77077780,75903955,152981735,YES
671,672,136,680000000000,680071393059,680142785010,71393059,71391951,142785010,YES
671,672,137,685000000000,685071392589,685142784234,71392589,71391645,142784234,YES
671,672,138,690000000000,690071405561,690142810353,71405561,71404792,142810353,YES
671,672,139,695000000000,695071768092,695143228495,71768092,71460403,143228495,YES
671,672,140,700000000000,700071472645,700142944897,71472645,71472252,142944897,YES
671,672,141,705000000000,705071526967,705143053736,71526967,71526769,143053736,YES
671,672,142,710000000000,710071595143,710143190294,71595143,71595151,143190294,YES
671,672,143,715000000000,715071677061,715143354341,71677061,71677280,143354341,YES
671,672,144,720000000000,720071772525,720143545482,71772525,71772957,143545482,YES
671,672,145,725000000000,725071881242,725143763129,71881242,71881887,143763129,YES
671,672,146,730000000000,730072002854,730144006576,72002854,72003722,144006576,YES
671,672,147,735000000000,735080647167,735161294819,80647167,80647652,161294819,YES
671,672,148,740000000000,740080586834,740161174374,80586834,80587540,161174374,YES
671,672,149,745000000000,745080538882,745161078690,80538882,80539808,161078690,YES
671,672,150,750000000000,750080503360,750161007845,80503360,80504485,161007845,YES
671,672,151,755000000000,755080480282,755160961883,80480282,80481601,160961883,YES
671,672,152,760000000000,760083478868,760163950012,83478868,80471144,163950012,YES
671,672,153,765000000000,765080598266,765161071363,80598266,80473097,161071363,YES
671,672,154,770000000000,770080485577,770163667168,80485577,83181591,163667168,YES
671,672,155,775000000000,775055649347,775111297166,55649347,55647819,111297166,YES
671,672,156,780000000000,780055557559,780111113680,55557559,55556121,111113680,YES
671,672,157,785000000000,785055477025,785111652213,55477025,56175188,111652213,YES
671,672,158,790000000000,790065327516,790122387162,65327516,57059646,122387162,YES
671,672,159,795000000000,795056813101,795112163727,56813101,55350626,112163727,YES
671,672,160,800000000000,800055307945,800110614893,55307945,55306948,110614893,YES
671,672,161,805000000000,805055277145,805110553426,55277145,55276281,110553426,YES
671,672,162,810000000000,810055259635,810113782379,55259635,58522744,113782379,YES
671,672,163,815000000000,815055255600,815110510623,55255600,55255023,110510623,YES
671,672,164,820000000000,820055265125,820110529826,55265125,55264701,110529826,YES
671,672,165,825000000000,825055288203,825110576139,55288203,55287936,110576139,YES
671,672,166,830000000000,830055324721,830110649336,55324721,55324615,110649336,YES
671,672,167,835000000000,835055374463,835110748987,55374463,55374524,110748987,YES
671,672,168,840000000000,840058523815,840113961209,58523815,55437394,113961209,YES
671,672,169,845000000000,845047566039,845101989343,47566039,54423304,101989343,YES
671,672,170,850000000000,850046331503,850096991942,46331503,50660439,96991942,YES
671,672,171,855000000000,855046308196,855092616886,46308196,46308690,92616886,YES
671,672,172,860000000000,860046297409,860092595432,46297409,46298023,92595432,YES
671,672,173,865000000000,865046299057,865092598842,46299057,46299785,92598842,YES
671,672,174,870000000000,870046312985,870092626805,46312985,46313820,92626805,YES
671,672,175,875000000000,875046338977,875092678889,46338977,46339912,92678889,YES
671,672,176,880000000000,880046376759,880092754547,46376759,46377788,92754547,YES
671,672,177,885000000000,885046426003,885092853122,46426003,46427119,92853122,YES
671,672,178,890000000000,890046519945,890093041085,46519945,46521140,93041085,YES
671,672,179,895000000000,895084627504,895169253226,84627504,84625722,169253226,YES
671,672,180,900000000000,900084620434,900169239247,84620434,84618813,169239247,YES
671,672,181,905000000000,905078449313,905150224481,78449313,71775168,150224481,YES
671,672,182,910000000000,910071733928,910143466612,71733928,71732684,143466612,YES
671,672,183,915000000000,915071703994,915143406906,71703994,71702912,143406906,YES
671,672,184,920000000000,920071687352,920143373802,71687352,71686450,143373802,YES
671,672,185,925000000000,925071684475,925143368235,71684475,71683760,143368235,YES
671,672,186,930000000000,930071695761,930143391003,71695761,71695242,143391003,YES
671,672,187,935000000000,935071721505,935143442692,71721505,71721187,143442692,YES
671,672,188,940000000000,940071761900,940143523693,71761900,71761793,143523693,YES
671,672,189,945000000000,945071817036,945143634180,71817036,71817144,143634180,YES
671,672,190,950000000000,950071886862,950143774053,71886862,71887191,143774053,YES
671,672,191,955000000000,955071971216,955143942983,71971216,71971767,143942983,YES
671,672,192,960000000000,960072069816,960144140409,72069816,72070593,144140409,YES
671,672,193,965000000000,965072182270,965148042420,72182270,75860150,148042420,YES
671,672,194,970000000000,970123879838,970196190497,123879838,72310659,196190497,YES
671,672,195,975000000000,975089954076,975170416974,89954076,80462898,170416974,YES
671,672,196,980000000000,980080426284,980160853689,80426284,80427405,160853689,YES
671,672,197,985000000000,985080403080,985160807479,80403080,80404399,160807479,YES
671,672,198,990000000000,990080392416,990160786343,80392416,80393927,160786343,YES
671,672,199,995000000000,995085742068,995174143662,85742068,88401594,174143662,YES
671,672,200,1000000000000,1000088660062,1000179966408,88660062,91306346,179966408,YES
671,672,201,1005000000000,1005080435138,1005160872287,80435138,80437149,160872287,YES
671,672,202,1010000000000,1010080474019,1010162845794,80474019,82371775,162845794,YES
671,672,203,1015000000000,1015085341325,1015165868692,85341325,80527367,165868692,YES
671,672,204,1020000000000,1020060023599,1020116109997,60023599,56086398,116109997,YES
671,672,205,1025000000000,1025055975024,1025111948552,55975024,55973528,111948552,YES
671,672,206,1030000000000,1030055911671,1030111821938,55911671,55910267,111821938,YES
671,672,207,1035000000000,1035055859924,1035111718545,55859924,55858621,111718545,YES
671,672,208,1040000000000,1040058378649,1040114197509,58378649,55818860,114197509,YES
671,672,209,1045000000000,1045055792358,1045111583641,55792358,55791283,111583641,YES
671,672,210,1050000000000,1050055776968,1050111552990,55776968,55776022,111552990,YES
671,672,211,1055000000000,1055055774043,1055111547277,55774043,55773234,111547277,YES
671,672,212,1060000000000,1060058864269,1060114647276,58864269,55783007,114647276,YES
671,672,213,1065000000000,1065087830861,1065143636394,87830861,55805533,143636394,YES
671,672,214,1070000000000,1070057165695,1070113005961,57165695,55840266,113005961,YES
671,672,215,1075000000000,1075055887800,1075111775401,55887800,55887601,111775401,YES
671,672,216,1080000000000,1080046675455,1080093350799,46675455,46675344,93350799,YES
671,672,217,1085000000000,1085046623900,1085093247826,46623900,46623926,93247826,YES
671,672,218,1090000000000,1090046585506,1090093171174,46585506,46585668,93171174,YES
671,672,219,1095000000000,1095046560451,1095093121200,46560451,46560749,93121200,YES
671,672,220,1100000000000,1100046548805,1100093098037,46548805,46549232,93098037,YES
671,672,221,1105000000000,1105046550515,1105093101583,46550515,46551068,93101583,YES
671,672,222,1110000000000,1110046565431,1110093131537,46565431,46566106,93131537,YES
671,672,223,1115000000000,1115046593304,1115093187394,46593304,46594090,93187394,YES
671,672,224,1120000000000,1120046633789,1120093268475,46633789,46634686,93268475,YES
671,672,225,1125000000000,1125046686476,1125093373944,46686476,46687468,93373944,YES
671,672,226,1130000000000,1130048323253,1130095075239,48323253,46751986,95075239,YES
671,672,227,1135000000000,1135047437584,1135094265259,47437584,46827675,94265259,YES
671,672,228,1140000000000,1140046912729,1140093826704,46912729,46913975,93826704,YES
671,672,229,1145000000000,1145071579851,1145143158146,71579851,71578295,143158146,YES
671,672,230,1150000000000,1150071544377,1150143087332,71544377,71542955,143087332,YES
671,672,231,1155000000000,1155071521151,1155143041023,71521151,71519872,143041023,YES
671,672,232,1160000000000,1160071510611,1160143646067,71510611,72135456,143646067,YES
671,672,233,1165000000000,1165077029413,1165148541618,77029413,71512205,148541618,YES
671,672,234,1170000000000,1170071529117,1170143057449,71529117,71528332,143057449,YES
671,672,235,1175000000000,1175071558768,1175143116942,71558768,71558174,143116942,YES
671,672,236,1180000000000,1180071602305,1180143204212,71602305,71601907,143204212,YES
671,672,237,1185000000000,1185071659841,1185143319495,71659841,71659654,143319495,YES
671,672,238,1190000000000,1190071731401,1190143462832,71731401,71731431,143462832,YES
671,672,239,1195000000000,1195071816917,1195143634084,71816917,71817167,143634084,YES
672,673,0,0,40509190,81019280,40509190,40510090,81019280,YES
672,673,1,5000000000,5040518959,5081038909,40518959,40519950,81038909,YES
672,673,2,10000000000,10040538180,10081077438,40538180,40539258,81077438,YES
672,673,3,15000000000,15049367023,15098732646,49367023,49365623,98732646,YES
672,673,4,20000000000,20049246952,20101809558,49246952,52562606,101809558,YES
672,673,5,25000000000,25049136959,25098272738,49136959,49135779,98272738,YES
672,673,6,30000000000,30049037602,30098074154,49037602,49036552,98074154,YES
672,673,7,35000000000,35048949420,35097897921,48949420,48948501,97897921,YES
672,673,8,40000000000,40048872929,40097745069,48872929,48872140,97745069,YES
672,673,9,45000000000,45048808595,45099838786,48808595,51030191,99838786,YES
672,673,10,50000000000,50048756825,50100249812,48756825,51492987,100249812,YES
672,673,11,55000000000,55048717959,55097435546,48717959,48717587,97435546,YES
672,673,12,60000000000,60048692244,60098603654,48692244,49911410,98603654,YES
672,673,13,65000000000,65038741819,65077483584,38741819,38741765,77483584,YES
672,673,14,70000000000,70038686956,70077373970,38686956,38687014,77373970,YES
672,673,15,75000000000,75047095582,75085816371,47095582,38720789,85816371,YES
672,673,16,80000000000,80038612792,80077225860,38612792,38613068,77225860,YES
672,673,17,85000000000,85038593820,85077188020,38593820,38594200,77188020,YES
672,673,18,90000000000,90038587027,90077174536,38587027,38587509,77174536,YES
672,673,19,95000000000,95038764963,95077357956,38764963,38592993,77357956,YES
672,673,20,100000000000,100041952081,100080562692,41952081,38610611,80562692,YES
672,673,21,105000000000,105040938270,105079578479,40938270,38640209,79578479,YES
672,673,22,110000000000,110038680774,110077362388,38680774,38681614,77362388,YES
672,673,23,115000000000,115038733706,115077468329,38733706,38734623,77468329,YES
672,673,24,120000000000,120038797947,120077596882,38797947,38798935,77596882,YES
672,673,25,125000000000,125038873165,125077794779,38873165,38921614,77794779,YES
672,673,26,130000000000,130029979855,130059394089,29979855,29414234,59394089,YES
672,673,27,135000000000,135029375412,135058750232,29375412,29374820,58750232,YES
672,673,28,140000000000,140029347253,140058693973,29347253,29346720,58693973,YES
672,673,29,145000000000,145029330464,145058660461,29330464,29329997,58660461,YES
672,673,30,150000000000,150029325046,150058649693,29325046,29324647,58649693,YES
672,673,31,155000000000,155029330944,155058661557,29330944,29330613,58661557,YES
672,673,32,160000000000,160029348041,160058695832,29348041,29347791,58695832,YES
672,673,33,165000000000,165046362366,165088771783,46362366,42409417,88771783,YES
672,673,34,170000000000,170042415591,170084830804,42415591,42415213,84830804,YES
672,673,35,175000000000,175042456140,175084912008,42456140,42455868,84912008,YES
672,673,36,180000000000,180042507223,180085014287,42507223,42507064,85014287,YES
672,673,37,185000000000,185042568776,185085137503,42568776,42568727,85137503,YES
672,673,38,190000000000,190042640697,190085281465,42640697,42640768,85281465,YES
672,673,39,195000000000,195042722845,195086764464,42722845,44041619,86764464,YES
672,673,40,200000000000,200042815041,200115287649,42815041,72472608,115287649,YES
672,673,41,205000000000,205049402046,205099456415,49402046,50054369,99456415,YES
672,673,42,210000000000,210049450306,210102125447,49450306,52675141,102125447,YES
672,673,43,215000000000,215049510568,215099021963,49510568,49511395,99021963,YES
672,673,44,220000000000,220040459098,220080918868,40459098,40459770,80918868,YES
672,673,45,225000000000,225040443817,225080888408,40443817,40444591,80888408,YES
672,673,46,230000000000,230040438157,230080877186,40438157,40439029,80877186,YES
672,673,47,235000000000,235040442053,235080885072,40442053,40443019,80885072,YES
672,673,48,240000000000,240040455432,240080911920,40455432,40456488,80911920,YES
672,673,49,245000000000,245040478221,245080957582,40478221,40479361,80957582,YES
672,673,50,250000000000,250040510344,250081021907,40510344,40511563,81021907,YES
672,673,51,255000000000,255053535347,255103268343,53535347,49732996,103268343,YES
672,673,52,260000000000,260049528546,260099055656,49528546,49527110,99055656,YES
672,673,53,265000000000,265049837511,265105868870,49837511,56031359,105868870,YES
672,673,54,270000000000,270049312486,270098623746,49312486,49311260,98623746,YES
672,673,55,275000000000,275065309304,275114528824,65309304,49219520,114528824,YES
672,673,56,280000000000,280050555232,280106163122,50555232,55607890,106163122,YES
672,673,57,285000000000,-1,-1,-1,-1,-1,LOST
672,673,58,290000000000,290048984633,290101950155,48984633,52965522,101950155,YES
672,673,59,295000000000,295048942563,295097884548,48942563,48941985,97884548,YES
672,673,60,300000000000,300048913796,300099620168,48913796,50706372,99620168,YES
672,673,61,305000000000,305049346213,305098244452,49346213,48898239,98244452,YES
672,673,62,310000000000,310048896877,310100458269,48896877,51561392,100458269,YES
672,673,63,315000000000,315048908819,315097817638,48908819,48908819,97817638,YES
672,673,64,320000000000,320038251085,320076502270,38251085,38251185,76502270,YES
672,673,65,325000000000,325038231179,325076462568,38231179,38231389,76462568,YES
672,673,66,330000000000,330038223927,330076448171,38223927,38224244,76448171,YES
672,673,67,335000000000,335038229325,335077742736,38229325,39513411,77742736,YES
672,673,68,340000000000,340038280892,340076562305,38280892,38281413,76562305,YES
672,673,69,345000000000,345038311257,345098956020,38311257,60644763,98956020,YES
672,673,70,350000000000,350038353781,350076708269,38353781,38354488,76708269,YES
672,673,71,355000000000,355038408150,355076817093,38408150,38408943,76817093,YES
672,673,72,360000000000,360041655378,360080130295,41655378,38474917,80130295,YES
672,673,73,365000000000,365038550913,365077102771,38550913,38551858,77102771,YES
672,673,74,370000000000,370029469659,370062193648,29469659,32723989,62193648,YES
672,673,75,375000000000,375029446623,375058892754,29446623,29446131,58892754,YES
672,673,76,380000000000,380029434766,380058869106,29434766,29434340,58869106,YES
672,673,77,385000000000,385047970486,385077404245,47970486,29433759,77404245,YES
672,673,78,390000000000,390084353488,390113817159,84353488,29463671,113817159,YES
672,673,79,395000000000,395038663294,395068129280,38663294,29465986,68129280,YES
672,673,80,400000000000,400029498607,400058997088,29498607,29498481,58997088,YES
672,673,81,405000000000,405029541795,405060643344,29541795,31101549,60643344,YES
672,673,82,410000000000,410029595450,410087296606,29595450,57701156,87296606,YES
672,673,83,415000000000,415029659279,415059318659,29659279,29659380,59318659,YES
672,673,84,420000000000,420042418970,420084837620,42418970,42418650,84837620,YES
672,673,85,425000000000,425042472581,425088507213,42472581,46034632,88507213,YES
672,673,86,430000000000,430042535846,430085452052,42535846,42916206,85452052,YES
672,673,87,435000000000,435042608750,435085217512,42608750,42608762,85217512,YES
672,673,88,440000000000,440055807019,440107938583,55807019,52131564,107938583,YES
672,673,89,445000000000,445054688554,445106890452,54688554,52201898,106890452,YES
672,673,90,450000000000,450052084556,450105090724,52084556,53006168,105090724,YES
672,673,91,455000000000,455052060175,455104120325,52060175,52060150,104120325,YES
672,673,92,460000000000,460040428252,460080857006,40428252,40428754,80857006,YES
672,673,93,465000000000,465040394687,465080789986,40394687,40395299,80789986,YES
672,673,94,470000000000,470040404293,470080809301,40404293,40405008,80809301,YES
672,673,95,475000000000,475040389847,475080780512,40389847,40390665,80780512,YES
672,673,96,480000000000,480040384924,480080770760,40384924,40385836,80770760,YES
672,673,97,485000000000,485040389481,485080779964,40389481,40390483,80779964,YES
672,673,98,490000000000,490040403473,490080808036,40403473,40404563,80808036,YES
672,673,99,495000000000,495052533637,495101587581,52533637,49053944,101587581,YES
672,673,100,500000000000,500053294866,500102225032,53294866,48930166,102225032,YES
672,673,101,505000000000,505048817893,505097634664,48817893,48816771,97634664,YES
672,673,102,510000000000,510052425770,510101139874,52425770,48714104,101139874,YES
672,673,103,515000000000,515048623984,515097247087,48623984,48623103,97247087,YES
672,673,104,520000000000,520048544911,520098807475,48544911,50262564,98807475,YES
672,673,105,525000000000,525048478512,525098661502,48478512,50182990,98661502,YES
672,673,106,530000000000,530048425277,530096850083,48425277,48424806,96850083,YES
672,673,107,535000000000,535048385618,535096770906,48385618,48385288,96770906,YES
672,673,108,540000000000,540048359849,540096719513,48359849,48359664,96719513,YES
672,673,109,545000000000,545048393511,545171938747,48393511,123545236,171938747,YES
672,673,110,550000000000,550055069268,550107467086,55069268,52397818,107467086,YES
672,673,111,555000000000,555055263288,555103597256,55263288,48333968,103597256,YES
672,673,112,560000000000,560053914864,560102279572,53914864,48364708,102279572,YES
672,673,113,565000000000,565048408547,565096817626,48408547,48409079,96817626,YES
672,673,114,570000000000,570048466130,570105617462,48466130,57151332,105617462,YES
672,673,115,575000000000,575048536555,575101272762,48536555,52736207,101272762,YES
672,673,116,580000000000,580048619286,580102153348,48619286,53534062,102153348,YES
672,673,117,585000000000,585048713743,585097428532,48713743,48714789,97428532,YES
672,673,118,590000000000,590048819307,590122821149,48819307,74001842,122821149,YES
672,673,119,595000000000,595039068899,595085542961,39068899,46474062,85542961,YES
672,673,120,600000000000,600039133037,600078267080,39133037,39134043,78267080,YES
672,673,121,605000000000,605029699207,605059397699,29699207,29698492,59397699,YES
672,673,122,610000000000,610029645250,610059289843,29645250,29644593,59289843,YES
672,673,123,615000000000,615029601843,615059203087,29601843,29601244,59203087,YES
672,673,124,620000000000,620029569166,620059137796,29569166,29568630,59137796,YES
672,673,125,625000000000,625029547362,625059094260,29547362,29546898,59094260,YES
672,673,126,630000000000,630029536535,630059072676,29536535,29536141,59072676,YES
672,673,127,635000000000,635029536726,635059073130,29536726,29536404,59073130,YES
672,673,128,640000000000,640029547927,640059242785,29547927,29694858,59242785,YES
672,673,129,645000000000,645029570075,645059139976,29570075,29569901,59139976,YES
672,673,130,650000000000,650029603048,650059205997,29603048,29602949,59205997,YES
672,673,131,655000000000,655029646668,655059293315,29646668,29646647,59293315,YES
672,673,132,660000000000,660042860497,660085720862,42860497,42860365,85720862,YES
672,673,133,665000000000,665052009627,665107218043,52009627,55208416,107218043,YES
672,673,134,670000000000,670051986011,670103972145,51986011,51986134,103972145,YES
672,673,135,675000000000,675051974163,675103948597,51974163,51974434,103948597,YES
672,673,136,680000000000,680060195378,680112132103,60195378,51936725,112132103,YES
672,673,137,685000000000,685051906287,685108544394,51906287,56638107,108544394,YES
672,673,138,690000000000,690051887652,690103775355,51887652,51887703,103775355,YES
672,673,139,695000000000,695051881079,695103775995,51881079,51894916,103775995,YES
672,673,140,700000000000,700051886447,700103773219,51886447,51886772,103773219,YES
672,673,141,705000000000,705040336529,705080673846,40336529,40337317,80673846,YES
672,673,142,710000000000,710040326301,710080653487,40326301,40327186,80653487,YES
672,673,143,715000000000,715040325483,715080651946,40325483,40326463,80651946,YES
672,673,144,720000000000,720040334066,720080669197,40334066,40335131,80669197,YES
672,673,145,725000000000,725040352026,725080705200,40352026,40353174,80705200,YES
672,673,146,730000000000,730040379349,730080759936,40379349,40380587,80759936,YES
672,673,147,735000000000,735049336532,735098671585,49336532,49335053,98671585,YES
672,673,148,740000000000,740049210180,740098418966,49210180,49208786,98418966,YES
672,673,149,745000000000,745049094103,745098186926,49094103,49092823,98186926,YES
672,673,150,750000000000,750048988967,750097976769,48988967,48987802,97976769,YES
672,673,151,755000000000,755048895414,755097789773,48895414,48894359,97789773,YES
672,673,152,760000000000,760048814065,760100753904,48814065,51939839,100753904,YES
672,673,153,765000000000,765048745498,765100100154,48745498,51354656,100100154,YES
672,673,154,770000000000,770051564636,770100254159,51564636,48689523,100254159,YES
672,673,155,775000000000,775056278915,775104927020,56278915,48648105,104927020,YES
672,673,156,780000000000,780052578477,780101199291,52578477,48620814,101199291,YES
672,673,157,785000000000,785125653807,785174261525,125653807,48607718,174261525,YES
672,673,158,790000000000,790057283361,790105892566,57283361,48609205,105892566,YES
672,673,159,795000000000,795051772621,795100397582,51772621,48624961,100397582,YES
672,673,160,800000000000,800063748028,800112403080,63748028,48655052,112403080,YES
672,673,161,805000000000,805048698556,805097397447,48698556,48698891,97397447,YES
672,673,162,810000000000,810048755951,810099473476,48755951,50717525,99473476,YES
672,673,163,815000000000,815048826459,815097653534,48826459,48827075,97653534,YES
672,673,164,820000000000,820049667690,820098578002,49667690,48910312,98578002,YES
672,673,165,825000000000,825049004606,825098686348,49004606,49681742,98686348,YES
672,673,166,830000000000,830049111011,830098791444,49111011,49680433,98791444,YES
672,673,167,835000000000,835049228105,835098457349,49228105,49229244,98457349,YES
672,673,168,840000000000,840049355231,840098711710,49355231,49356479,98711710,YES
672,673,169,845000000000,845059432264,845118262021,59432264,58829757,118262021,YES
672,673,170,850000000000,850031609359,850061308316,31609359,29698957,61308316,YES
672,673,171,855000000000,855029671658,855059342821,29671658,29671163,59342821,YES
672,673,172,860000000000,860029654510,860059308595,29654510,29654085,59308595,YES
672,673,173,865000000000,865029648182,865059296010,29648182,29647828,59296010,YES
672,673,174,870000000000,870029652726,870059305175,29652726,29652449,59305175,YES
672,673,175,875000000000,875029668139,875059336078,29668139,29667939,59336078,YES
672,673,176,880000000000,880029694363,880059388601,29694363,29694238,59388601,YES
672,673,177,885000000000,885029731270,885059462492,29731270,29731222,59462492,YES
672,673,178,890000000000,890039240000,890078479909,39240000,39239909,78479909,YES
672,673,179,895000000000,895039184785,895079382997,39184785,40198212,79382997,YES
672,673,180,900000000000,900039140235,900081384538,39140235,42244303,81384538,YES
672,673,181,905000000000,905051962571,905108045563,51962571,56082992,108045563,YES
672,673,182,910000000000,910051863833,910103726969,51863833,51863136,103726969,YES
672,673,183,915000000000,915051791902,915103583243,51791902,51791341,103583243,YES
672,673,184,920000000000,920051731815,920103463209,51731815,51731394,103463209,YES
672,673,185,925000000000,925059395277,925111078781,59395277,51683504,111078781,YES
672,673,186,930000000000,930053236277,930104884322,53236277,51648045,104884322,YES
672,673,187,935000000000,935051624958,935108617052,51624958,56992094,108617052,YES
672,673,188,940000000000,940051614186,940108303095,51614186,56688909,108303095,YES
672,673,189,945000000000,945040526522,945081053696,40526522,40527174,81053696,YES
672,673,190,950000000000,950040509463,950081019679,40509463,40510216,81019679,YES
672,673,191,955000000000,955040502651,955081006154,40502651,40503503,81006154,YES
672,673,192,960000000000,960040506162,960081013270,40506162,40507108,81013270,YES
672,673,193,965000000000,965040520051,965081041141,40520051,40521090,81041141,YES
672,673,194,970000000000,970040544381,970081089885,40544381,40545504,81089885,YES
672,673,195,975000000000,975049035507,975098069719,49035507,49034212,98069719,YES
672,673,196,980000000000,980048925792,980097850403,48925792,48924611,97850403,YES
672,673,197,985000000000,985048827574,985097654076,48827574,48826502,97654076,YES
672,673,198,990000000000,990048741525,990099668888,48741525,50927363,99668888,YES
672,673,199,995000000000,995054959336,995103962596,54959336,49003260,103962596,YES
672,673,200,1000000000000,1000051004572,1000104917523,51004572,53912951,104917523,YES
672,673,201,1005000000000,1005048932014,1005097493852,48932014,48561838,97493852,YES
672,673,202,1010000000000,1010048530677,1010097060930,48530677,48530253,97060930,YES
672,673,203,1015000000000,1015048513500,1015099216469,48513500,50702969,99216469,YES
672,673,204,1020000000000,1020048511027,1020101457101,48511027,52946074,101457101,YES
672,673,205,1025000000000,1025048560583,1025097324657,48560583,48764074,97324657,YES
672,673,206,1030000000000,1030052438365,1030100988688,52438365,48550323,100988688,YES
672,673,207,1035000000000,1035053023967,1035101615674,53023967,48591707,101615674,YES
672,673,208,1040000000000,1040048785015,1040097432029,48785015,48647014,97432029,YES
672,673,209,1045000000000,1045048715301,1045097431190,48715301,48715889,97431190,YES
672,673,210,1050000000000,1050048797005,1050098754439,48797005,49957434,98754439,YES
672,673,211,1055000000000,1055048891067,1055098278986,48891067,49387919,98278986,YES
672,673,212,1060000000000,1060050906558,1060099904411,50906558,48997853,99904411,YES
672,673,213,1065000000000,1065049113615,1065098228341,49113615,49114726,98228341,YES
672,673,214,1070000000000,1070049240736,1070098482705,49240736,49241969,98482705,YES
672,673,215,1075000000000,1075052858064,1075102237009,52858064,49378945,102237009,YES
672,673,216,1080000000000,1080058783500,1080120276611,58783500,61493111,120276611,YES
672,673,217,1085000000000,1085058835499,1085127297174,58835499,68461675,127297174,YES
672,673,218,1090000000000,1090061231697,1090122188433,61231697,60956736,122188433,YES
672,673,219,1095000000000,1095063712441,1095127045753,63712441,63333312,127045753,YES
672,673,220,1100000000000,1100030101391,1100060202463,30101391,30101072,60202463,YES
672,673,221,1105000000000,1105030095382,1105060190523,30095382,30095141,60190523,YES
672,673,222,1110000000000,1110039213567,1110078426803,39213567,39213236,78426803,YES
672,673,223,1115000000000,1115040185488,1115079316790,40185488,39131302,79316790,YES
672,673,224,1120000000000,1120039059936,1120081855723,39059936,42795787,81855723,YES
672,673,225,1125000000000,1125038998972,1125077997942,38998972,38998970,77997942,YES
672,673,226,1130000000000,1130038948822,1130079515246,38948822,40566424,79515246,YES
672,673,227,1135000000000,1135038909603,1135077819405,38909603,38909802,77819405,YES
672,673,228,1140000000000,1140038881381,1140077763061,38881381,38881680,77763061,YES
672,673,229,1145000000000,1145056958331,1145108593292,56958331,51634961,108593292,YES
672,673,230,1150000000000,1150051570970,1150104503184,51570970,52932214,104503184,YES
672,673,231,1155000000000,1155051518594,1155103036884,51518594,51518290,103036884,YES
672,673,232,1160000000000,1160051478746,1160102957331,51478746,51478585,102957331,YES
672,673,233,1165000000000,1165051451595,1165102903169,51451595,51451574,102903169,YES
672,673,234,1170000000000,1170051437226,1170102874568,51437226,51437342,102874568,YES
672,673,235,1175000000000,1175056230791,1175107666678,56230791,51435887,107666678,YES
672,673,236,1180000000000,1180056302343,1180107749456,56302343,51447113,107749456,YES
672,673,237,1185000000000,1185052473717,1185129448399,52473717,76974682,129448399,YES
672,673,238,1190000000000,1190051547923,1190103054659,51547923,51506736,103054659,YES
672,673,239,1195000000000,1195051553813,1195103108388,51553813,51554575,103108388,YES
673,674,0,0,67063148,134124451,67063148,67061303,134124451,YES
673,674,1,5000000000,5067285533,5135331771,67285533,68046238,135331771,YES
673,674,2,10000000000,10068939583,10137988100,68939583,69048517,137988100,YES
673,674,3,15000000000,15066969083,15133769792,66969083,66800709,133769792,YES
673,674,4,20000000000,20068972847,20136037890,68972847,67065043,136037890,YES
673,674,5,25000000000,25066688230,25133375219,66688230,66686989,133375219,YES
673,674,6,30000000000,30066649874,30133298640,66649874,66648766,133298640,YES
673,674,7,35000000000,35068300870,35134923929,68300870,66623059,134923929,YES
673,674,8,40000000000,40066610681,40133220540,66610681,66609859,133220540,YES
673,674,9,45000000000,45069457834,45136066887,69457834,66609053,136066887,YES
673,674,10,50000000000,50068894622,50135515099,68894622,66620477,135515099,YES
673,674,11,55000000000,55066644273,55133288180,66644273,66643907,133288180,YES
673,674,12,60000000000,60068407171,60135086279,68407171,66679108,135086279,YES
673,674,13,65000000000,65025223856,65050447056,25223856,25223200,50447056,YES
673,674,14,70000000000,70025191392,70050480461,25191392,25289069,50480461,YES
673,674,15,75000000000,75025167493,75050570740,25167493,25403247,50570740,YES
673,674,16,80000000000,80025152134,80050303746,25152134,25151612,50303746,YES
673,674,17,85000000000,85025145291,85050290102,25145291,25144811,50290102,YES
673,674,18,90000000000,90026824610,90051971136,26824610,25146526,51971136,YES
673,674,19,95000000000,95027574595,95052731360,27574595,25156765,52731360,YES
673,674,20,100000000000,100025175800,100050351289,25175800,25175489,50351289,YES
673,674,21,105000000000,105025202934,105050405613,25202934,25202679,50405613,YES
673,674,22,110000000000,110095041174,110179863310,95041174,84822136,179863310,YES
673,674,23,115000000000,115095944097,115180805095,95944097,84860998,180805095,YES
673,674,24,120000000000,120084911902,120169824120,84911902,84912218,169824120,YES
673,674,25,125000000000,125101199935,125189540589,101199935,88340654,189540589,YES
673,674,26,130000000000,130091549466,130184517850,91549466,92968384,184517850,YES
673,674,27,135000000000,135088253744,135178376637,88253744,90122893,178376637,YES
673,674,28,140000000000,140088227286,140180978288,88227286,92751002,180978288,YES
673,674,29,145000000000,145088212081,145181218716,88212081,93006635,181218716,YES
673,674,30,150000000000,150088208123,150183111214,88208123,94903091,183111214,YES
673,674,31,155000000000,155088215401,155176432768,88215401,88217367,176432768,YES
673,674,32,160000000000,160088233897,160176469964,88233897,88236067,176469964,YES
673,674,33,165000000000,165088263577,165182874014,88263577,94610437,182874014,YES
673,674,34,170000000000,170092812154,170181119167,92812154,88307013,181119167,YES
673,674,35,175000000000,175094737686,175183096871,94737686,88359185,183096871,YES
673,674,36,180000000000,180088419436,180176841780,88419436,88422344,176841780,YES
673,674,37,185000000000,185093799040,185182295743,93799040,88496703,182295743,YES
673,674,38,190000000000,190094958621,190183540632,94958621,88582011,183540632,YES
673,674,39,195000000000,195101151918,195189830301,101151918,88678383,189830301,YES
673,674,40,200000000000,200020568402,200041137239,20568402,20568837,41137239,YES
673,674,41,205000000000,205076398806,205152798261,76398806,76399455,152798261,YES
673,674,42,210000000000,210077842263,210154227761,77842263,76385498,154227761,YES
673,674,43,215000000000,215079547575,215155912586,79547575,76365011,155912586,YES
673,674,44,220000000000,220067201745,220134401309,67201745,67199564,134401309,YES
673,674,45,225000000000,225067071864,225134141642,67071864,67069778,134141642,YES
673,674,46,230000000000,230070768608,230137719029,70768608,66950421,137719029,YES
673,674,47,235000000000,235070111552,235136953725,70111552,66842173,136953725,YES
673,674,48,240000000000,240066747274,240133492789,66747274,66745515,133492789,YES
673,674,49,245000000000,245066662370,245133323098,66662370,66660728,133323098,YES
673,674,50,250000000000,250066589765,250133178012,66589765,66588247,133178012,YES
673,674,51,255000000000,255066529735,255136777449,66529735,70247714,136777449,YES
673,674,52,260000000000,260066482478,260137524654,66482478,71042176,137524654,YES
673,674,53,265000000000,265073050018,265142208524,73050018,69158506,142208524,YES
673,674,54,270000000000,270066426617,270133236216,66426617,66809599,133236216,YES
673,674,55,275000000000,275066417976,275132835148,66417976,66417172,132835148,YES
673,674,56,280000000000,280066388455,280140002763,66388455,73614308,140002763,YES
673,674,57,285000000000,285190430770,285256835913,190430770,66405143,256835913,YES
673,674,58,290000000000,290071400675,290137834323,71400675,66433648,137834323,YES
673,674,59,295000000000,295066474788,295132949422,66474788,66474634,132949422,YES
673,674,60,300000000000,300068461955,300136496487,68461955,68034532,136496487,YES
673,674,61,305000000000,305066591060,305133346536,66591060,66755476,133346536,YES
673,674,62,310000000000,310068940646,310137372654,68940646,68432008,137372654,YES
673,674,63,315000000000,315066750808,315133502127,66750808,66751319,133502127,YES
673,674,64,320000000000,320025167367,320050334315,25167367,25166948,50334315,YES
673,674,65,325000000000,325025176825,325050353278,25176825,25176453,50353278,YES
673,674,66,330000000000,330084300575,330168600367,84300575,84299792,168600367,YES
673,674,67,335000000000,335085865074,335170155521,85865074,84290447,170155521,YES
673,674,68,340000000000,340088398059,340176234782,88398059,87836723,176234782,YES
673,674,69,345000000000,345123689550,345215902191,123689550,92212641,215902191,YES
673,674,70,350000000000,350092544212,350176917794,92544212,84373582,176917794,YES
673,674,71,355000000000,355084415302,355168830983,84415302,84415681,168830983,YES
673,674,72,360000000000,360084469798,360170618501,84469798,86148703,170618501,YES
673,674,73,365000000000,365084536619,365169074077,84536619,84537458,169074077,YES
673,674,74,370000000000,370088653394,370175556924,88653394,86903530,175556924,YES
673,674,75,375000000000,375084705952,375176486597,84705952,91780645,176486597,YES
673,674,76,380000000000,380084807711,380169616926,84807711,84809215,169616926,YES
673,674,77,385000000000,385088262656,385197174816,88262656,108912160,197174816,YES
673,674,78,390000000000,390021018390,390093598374,21018390,72579984,93598374,YES
673,674,79,395000000000,395020945091,395041890384,20945091,20945293,41890384,YES
673,674,80,400000000000,400020878357,400041756957,20878357,20878600,41756957,YES
673,674,81,405000000000,405020818155,405041636574,20818155,20818419,41636574,YES
673,674,82,410000000000,410050864981,410071629446,50864981,20764465,71629446,YES
673,674,83,415000000000,415020717332,415041434986,20717332,20717654,41434986,YES
673,674,84,420000000000,420020676782,420041353914,20676782,20677132,41353914,YES
673,674,85,425000000000,425020642913,425041286201,20642913,20643288,41286201,YES
673,674,86,430000000000,430020615844,430041232088,20615844,20616244,41232088,YES
673,674,87,435000000000,435020595730,435041191887,20595730,20596157,41191887,YES
673,674,88,440000000000,440031438692,440062876842,31438692,31438150,62876842,YES
673,674,89,445000000000,445031318205,445062635917,31318205,31317712,62635917,YES
673,674,90,450000000000,450031207486,450062414531,31207486,31207045,62414531,YES
673,674,91,455000000000,455031107013,455062213640,31107013,31106627,62213640,YES
673,674,92,460000000000,460066626900,460133251479,66626900,66624579,133251479,YES
673,674,93,465000000000,465066502517,465133002794,66502517,66500277,133002794,YES
673,674,94,470000000000,470067886525,470134306723,67886525,66420198,134306723,YES
673,674,95,475000000000,475066319716,475132637388,66319716,66317672,132637388,YES
673,674,96,480000000000,480067379592,480133606149,67379592,66226557,133606149,YES
673,674,97,485000000000,485066149098,485132296355,66149098,66147257,132296355,YES
673,674,98,490000000000,490066081687,490137623105,66081687,71541418,137623105,YES
673,674,99,495000000000,495066026447,495136277154,66026447,70250707,136277154,YES
673,674,100,500000000000,500065983475,500135374452,65983475,69390977,135374452,YES
673,674,101,505000000000,505065952790,505135924981,65952790,69972191,135924981,YES
673,674,102,510000000000,510065934377,510131867550,65934377,65933173,131867550,YES
673,674,103,515000000000,515065928163,515131855271,65928163,65927108,131855271,YES
673,674,104,520000000000,520065934031,520131867164,65934031,65933133,131867164,YES
673,674,105,525000000000,525069066888,525135018019,69066888,65951131,135018019,YES
673,674,106,530000000000,530065981425,530131962280,65981425,65980855,131962280,YES
673,674,107,535000000000,535066022575,535132044762,66022575,66022187,132044762,YES
673,674,108,540000000000,540066264231,540136562050,66264231,70297819,136562050,YES
673,674,109,545000000000,545174284500,545240424603,174284500,66140103,240424603,YES
673,674,110,550000000000,550069830622,550143744453,69830622,73913831,143744453,YES
673,674,111,555000000000,555019896760,555039793671,19896760,19896911,39793671,YES
673,674,112,560000000000,560019938325,560039876849,19938325,19938524,39876849,YES
673,674,113,565000000000,565019991366,565039982978,19991366,19991612,39982978,YES
673,674,114,570000000000,570020055667,570040111628,20055667,20055961,40111628,YES
673,674,115,575000000000,575020168124,575063000616,20168124,42832492,63000616,YES
673,674,116,580000000000,580020216810,580040434010,20216810,20217200,40434010,YES
673,674,117,585000000000,585020312887,585040626203,20312887,20313316,40626203,YES
673,674,118,590000000000,590020418712,590041620801,20418712,21202089,41620801,YES
673,674,119,595000000000,595085744479,595170684808,85744479,84940329,170684808,YES
673,674,120,600000000000,600084998990,600169998330,84998990,84999340,169998330,YES
673,674,121,605000000000,605085069654,605170139888,85069654,85070234,170139888,YES
673,674,122,610000000000,610085151924,610179194088,85151924,94042164,179194088,YES
673,674,123,615000000000,615085773500,615180841342,85773500,95067842,180841342,YES
673,674,124,620000000000,620089925784,620175277187,89925784,85351403,175277187,YES
673,674,125,625000000000,625092254219,625181120888,92254219,88866669,181120888,YES
673,674,126,630000000000,630088869256,630177740190,88869256,88870934,177740190,YES
673,674,127,635000000000,635088883995,635177769887,88883995,88885892,177769887,YES
673,674,128,640000000000,640088909458,640180487973,88909458,91578515,180487973,YES
673,674,129,645000000000,645021002341,645042004856,21002341,21002515,42004856,YES
673,674,130,650000000000,650020933642,650041867511,20933642,20933869,41867511,YES
673,674,131,655000000000,655020871381,655041743011,20871381,20871630,41743011,YES
673,674,132,660000000000,660020815589,660041631456,20815589,20815867,41631456,YES
673,674,133,665000000000,665031304065,665062607468,31304065,31303403,62607468,YES
673,674,134,670000000000,670031155594,670062310583,31155594,31154989,62310583,YES
673,674,135,675000000000,675031015209,675062029868,31015209,31014659,62029868,YES
673,674,136,680000000000,680030883401,680061766327,30883401,30882926,61766327,YES
673,674,137,685000000000,685030760657,685061520900,30760657,30760243,61520900,YES
673,674,138,690000000000,690030647462,690061294573,30647462,30647111,61294573,YES
673,674,139,695000000000,695030544277,695061088262,30544277,30543985,61088262,YES
673,674,140,700000000000,700030451545,700060902855,30451545,30451310,60902855,YES
673,674,141,705000000000,705066736842,705133471485,66736842,66734643,133471485,YES
673,674,142,710000000000,710066613317,710133224534,66613317,66611217,133224534,YES
673,674,143,715000000000,715066500819,715132999639,66500819,66498820,132999639,YES
673,674,144,720000000000,720069746318,720136144274,69746318,66397956,136144274,YES
673,674,145,725000000000,725066311055,725134385245,66311055,68074190,134385245,YES
673,674,146,730000000000,730066234714,730137710436,66234714,71475722,137710436,YES
673,674,147,735000000000,735066171227,735132340947,66171227,66169720,132340947,YES
673,674,148,740000000000,740066120872,740132240391,66120872,66119519,132240391,YES
673,674,149,745000000000,745066083838,745132166470,66083838,66082632,132166470,YES
673,674,150,750000000000,750066060224,750132119402,66060224,66059178,132119402,YES
673,674,151,755000000000,755066050054,755132099231,66050054,66049177,132099231,YES
673,674,152,760000000000,760066053279,760132155964,66053279,66102685,132155964,YES
673,674,153,765000000000,765068096597,765134165837,68096597,66069240,134165837,YES
673,674,154,770000000000,770066099312,770136457993,66099312,70358681,136457993,YES
673,674,155,775000000000,775066141688,775149369927,66141688,83228239,149369927,YES
673,674,156,780000000000,780066196561,780135366526,66196561,69169965,135366526,YES
673,674,157,785000000000,785066263568,785176298625,66263568,110035057,176298625,YES
673,674,158,790000000000,790066342298,790138332301,66342298,71990003,138332301,YES
673,674,159,795000000000,795019760480,795039521194,19760480,19760714,39521194,YES
673,674,160,800000000000,800019820904,800039642089,19820904,19821185,39642089,YES
673,674,161,805000000000,805019893033,805039786394,19893033,19893361,39786394,YES
673,674,162,810000000000,810019976492,810039953355,19976492,19976863,39953355,YES
673,674,163,815000000000,815020070831,815040142083,20070831,20071252,40142083,YES
673,674,164,820000000000,820020175555,820040351582,20175555,20176027,40351582,YES
673,674,165,825000000000,825020290135,825040580777,20290135,20290642,40580777,YES
673,674,166,830000000000,830020414010,830040828565,20414010,20414555,40828565,YES
673,674,167,835000000000,835020546616,835041093814,20546616,20547198,41093814,YES
673,674,168,840000000000,840020687406,840041375413,20687406,20688007,41375413,YES
673,674,169,845000000000,845020835802,845041672246,20835802,20836444,41672246,YES
673,674,170,850000000000,850085315253,850179318808,85315253,94003555,179318808,YES
673,674,171,855000000000,855086990339,855172414913,86990339,85424574,172414913,YES
673,674,172,860000000000,860087695042,860173238075,87695042,85543033,173238075,YES
673,674,173,865000000000,865024492212,865045798731,24492212,21306519,45798731,YES
673,674,174,870000000000,870021219644,870042439387,21219644,21219743,42439387,YES
673,674,175,875000000000,875021139073,875042278281,21139073,21139208,42278281,YES
673,674,176,880000000000,880021064805,880042129783,21064805,21064978,42129783,YES
673,674,177,885000000000,885020996873,885041993967,20996873,20997094,41993967,YES
673,674,178,890000000000,890031821577,890063642236,31821577,31820659,63642236,YES
673,674,179,895000000000,895031646811,895063292749,31646811,31645938,63292749,YES
673,674,180,900000000000,900031479070,900062957317,31479070,31478247,62957317,YES
673,674,181,905000000000,905031318898,905062637024,31318898,31318126,62637024,YES
673,674,182,910000000000,910031166819,910062332920,31166819,31166101,62332920,YES
673,674,183,915000000000,915031023412,915062046162,31023412,31022750,62046162,YES
673,674,184,920000000000,920030889244,920061777896,30889244,30888652,61777896,YES
673,674,185,925000000000,925030764877,925061529231,30764877,30764354,61529231,YES
673,674,186,930000000000,930030650851,930061301245,30650851,30650394,61301245,YES
673,674,187,935000000000,935031404703,935061951967,31404703,30547264,61951967,YES
673,674,188,940000000000,940030455818,940060911306,30455818,30455488,60911306,YES
673,674,189,945000000000,945066466365,945132930652,66466365,66464287,132930652,YES
673,674,190,950000000000,950066360329,950137945189,66360329,71584860,137945189,YES
673,674,191,955000000000,955066266069,955137236311,66266069,70970242,137236311,YES
673,674,192,960000000000,960066460969,960135535054,66460969,69074085,135535054,YES
673,674,193,965000000000,-1,-1,-1,-1,-1,LOST
673,674,194,970000000000,970066058380,970132115313,66058380,66056933,132115313,YES
673,674,195,975000000000,975066015305,975132029315,66015305,66014010,132029315,YES
673,674,196,980000000000,980065985675,980131970208,65985675,65984533,131970208,YES
673,674,197,985000000000,985065969584,985131938200,65969584,65968616,131938200,YES
673,674,198,990000000000,990065967078,990131933364,65967078,65966286,131933364,YES
673,674,199,995000000000,995067239831,995140120347,67239831,72880516,140120347,YES
673,674,200,1000000000000,1000071171562,1000147049713,71171562,75878151,147049713,YES
673,674,201,1005000000000,1005066040157,1005132931362,66040157,66891205,132931362,YES
673,674,202,1010000000000,1010066090744,1010132181465,66090744,66090721,132181465,YES
673,674,203,1015000000000,1015066787272,1015132941397,66787272,66154125,132941397,YES
673,674,204,1020000000000,1020019871359,1020039742874,19871359,19871515,39742874,YES
673,674,205,1025000000000,1025019894553,1025039789314,19894553,19894761,39789314,YES
673,674,206,1030000000000,1030019930391,1030039861041,19930391,19930650,39861041,YES
673,674,207,1035000000000,1035019978737,1035039957783,19978737,19979046,39957783,YES
673,674,208,1040000000000,1040020039365,1040040079085,20039365,20039720,40079085,YES
673,674,209,1045000000000,1045021769277,1045041881660,21769277,20112383,41881660,YES
673,674,210,1050000000000,1050020196105,1050040392665,20196105,20196560,40392665,YES
673,674,211,1055000000000,1055020291365,1055040583222,20291365,20291857,40583222,YES
673,674,212,1060000000000,1060020397218,1060040794963,20397218,20397745,40794963,YES
673,674,213,1065000000000,1065020513114,1065041026788,20513114,20513674,41026788,YES
673,674,214,1070000000000,1070020638486,1070041277571,20638486,20639085,41277571,YES
673,674,215,1075000000000,1075020772757,1075041546157,20772757,20773400,41546157,YES
673,674,216,1080000000000,1080020915349,1080041831368,20915349,20916019,41831368,YES
673,674,217,1085000000000,1085021065689,1085042132082,21065689,21066393,42132082,YES
673,674,218,1090000000000,1090021223224,1090042447178,21223224,21223954,42447178,YES
673,674,219,1095000000000,1095021387420,1095042775597,21387420,21388177,42775597,YES
673,674,220,1100000000000,1100091391783,1100188243919,91391783,96852136,188243919,YES
673,674,221,1105000000000,1105088165791,1105173844104,88165791,85678313,173844104,YES
673,674,222,1110000000000,1110098225526,1110193903346,98225526,95677820,193903346,YES
673,674,223,1115000000000,1115094940243,1115189878892,94940243,94938649,189878892,YES
673,674,224,1120000000000,1120032901497,1120064612456,32901497,31710959,64612456,YES
673,674,225,1125000000000,1125031524536,1125063048128,31524536,31523592,63048128,YES
673,674,226,1130000000000,1130031343194,1130062685493,31343194,31342299,62685493,YES
673,674,227,1135000000000,1135031168442,1135062336055,31168442,31167613,62336055,YES
673,674,228,1140000000000,1140031000774,1140062000778,31000774,31000004,62000778,YES
673,674,229,1145000000000,1145030840705,1145061680714,30840705,30840009,61680714,YES
673,674,230,1150000000000,1150030688758,1150061376884,30688758,30688126,61376884,YES
673,674,231,1155000000000,1155030545459,1155061090353,30545459,30544894,61090353,YES
673,674,232,1160000000000,1160030411338,1160060822174,30411338,30410836,60822174,YES
673,674,233,1165000000000,1165030286902,1165060573367,30286902,30286465,60573367,YES
673,674,234,1170000000000,1170030172661,1170060344944,30172661,30172283,60344944,YES
673,674,235,1175000000000,1175030069054,1175060137799,30069054,30068745,60137799,YES
673,674,236,1180000000000,1180029976520,1180059952808,29976520,29976288,59952808,YES
673,674,237,1185000000000,1185029895423,1185059790686,29895423,29895263,59790686,YES
673,674,238,1190000000000,1190029826068,1190059652045,29826068,29825977,59652045,YES
673,674,239,1195000000000,1195029768680,1195059537333,29768680,29768653,59537333,YES
674,675,0,0,61898974,123795883,61898974,61896909,123795883,YES
674,675,1,5000000000,5061732934,5123534823,61732934,61801889,123534823,YES
674,675,2,10000000000,10061578604,10123155462,61578604,61576858,123155462,YES
674,675,3,15000000000,15061436520,15122871464,61436520,61434944,122871464,YES
674,675,4,20000000000,20061307090,20122612773,61307090,61305683,122612773,YES
674,675,5,25000000000,25061190652,25122380063,61190652,61189411,122380063,YES
674,675,6,30000000000,30061087420,30122173759,61087420,61086339,122173759,YES
674,675,7,35000000000,35060997471,35121994024,60997471,60996553,121994024,YES
674,675,8,40000000000,40061014462,40121934466,61014462,60920004,121934466,YES
674,675,9,45000000000,45060857150,45121713679,60857150,60856529,121713679,YES
674,675,10,50000000000,50060806319,50121612154,60806319,60805835,121612154,YES
674,675,11,55000000000,55060767876,55121535401,60767876,60767525,121535401,YES
674,675,12,60000000000,60060741345,60123110691,60741345,62369346,123110691,YES
674,675,13,65000000000,65060726154,65121452186,60726154,60726032,121452186,YES
674,675,14,70000000000,70061854051,70122575707,61854051,60721656,122575707,YES
674,675,15,75000000000,75060727277,75121454629,60727277,60727352,121454629,YES
674,675,16,80000000000,80060742265,80121484691,60742265,60742426,121484691,YES
674,675,17,85000000000,85060765966,85121532157,60765966,60766191,121532157,YES
674,675,18,90000000000,90060797721,90126698735,60797721,65901014,126698735,YES
674,675,19,95000000000,95060836884,95121674126,60836884,60837242,121674126,YES
674,675,20,100000000000,100060882846,100121766109,60882846,60883263,121766109,YES
674,675,21,105000000000,105060935028,105121870543,60935028,60935515,121870543,YES
674,675,22,110000000000,110093501538,110183073597,93501538,89572059,183073597,YES
674,675,23,115000000000,115089689166,115192574140,89689166,102884974,192574140,YES
674,675,24,120000000000,120089816467,120179634671,89816467,89818204,179634671,YES
674,675,25,125000000000,125087021819,125173520359,87021819,86498540,173520359,YES
674,675,26,130000000000,130086517726,130173033162,86517726,86515436,173033162,YES
674,675,27,135000000000,135086541015,135173079868,86541015,86538853,173079868,YES
674,675,28,140000000000,140086570819,140173139617,86570819,86568798,173139617,YES
674,675,29,145000000000,145086607198,145173212519,86607198,86605321,173212519,YES
674,675,30,150000000000,150086650231,150174805668,86650231,88155437,174805668,YES
674,675,31,155000000000,155086700020,155173411133,86700020,86711113,173411133,YES
674,675,32,160000000000,160092328118,160185080361,92328118,92752243,185080361,YES
674,675,33,165000000000,165092200403,165184399422,92200403,92199019,184399422,YES
674,675,34,170000000000,170092080147,170184159095,92080147,92078948,184159095,YES
674,675,35,175000000000,175091967728,175183934488,91967728,91966760,183934488,YES
674,675,36,180000000000,180091863582,180183726420,91863582,91862838,183726420,YES
674,675,37,185000000000,185091768131,185183535749,91768131,91767618,183535749,YES
674,675,38,190000000000,190092239836,190183921339,92239836,91681503,183921339,YES
674,675,39,195000000000,195091604974,195186265292,91604974,94660318,186265292,YES
674,675,40,200000000000,200062934248,200125865496,62934248,62931248,125865496,YES
674,675,41,205000000000,205062705276,205125407670,62705276,62702394,125407670,YES
674,675,42,210000000000,210062483867,210124964991,62483867,62481124,124964991,YES
674,675,43,215000000000,215062270738,215124538847,62270738,62268109,124538847,YES
674,675,44,220000000000,220062066577,220124130677,62066577,62064100,124130677,YES
674,675,45,225000000000,225063732956,225125602704,63732956,61869748,125602704,YES
674,675,46,230000000000,230061727557,230123413518,61727557,61685961,123413518,YES
674,675,47,235000000000,235061515241,235123028482,61515241,61513241,123028482,YES
674,675,48,240000000000,240061354140,240122706464,61354140,61352324,122706464,YES
674,675,49,245000000000,245061205412,245122409176,61205412,61203764,122409176,YES
674,675,50,250000000000,250061069556,250122137636,61069556,61068080,122137636,YES
674,675,51,255000000000,255060946969,255121892640,60946969,60945671,121892640,YES
674,675,52,260000000000,260060837929,260121674724,60837929,60836795,121674724,YES
674,675,53,265000000000,265061390761,265122132352,61390761,60741591,122132352,YES
674,675,54,270000000000,270060660905,270121321004,60660905,60660099,121321004,YES
674,675,55,275000000000,275060592795,275121184937,60592795,60592142,121184937,YES
674,675,56,280000000000,280060537979,280121075451,60537979,60537472,121075451,YES
674,675,57,285000000000,285060496069,285120991757,60496069,60495688,120991757,YES
674,675,58,290000000000,290060466571,290120932884,60466571,60466313,120932884,YES
674,675,59,295000000000,295062337993,295122786750,62337993,60448757,122786750,YES
674,675,60,300000000000,300061861754,300122304135,61861754,60442381,122304135,YES
674,675,61,305000000000,305060446421,305120892908,60446421,60446487,120892908,YES
674,675,62,310000000000,310060460209,310120920572,60460209,60460363,120920572,YES
674,675,63,315000000000,315060483061,315120966356,60483061,60483295,120966356,YES
674,675,64,320000000000,320060514266,320121028833,60514266,60514567,121028833,YES
674,675,65,325000000000,325061113062,325121666591,61113062,60553529,121666591,YES
674,675,66,330000000000,330089120559,330177784243,89120559,88663684,177784243,YES
674,675,67,335000000000,335090926084,335179669220,90926084,88743136,179669220,YES
674,675,68,340000000000,340091617119,340186637733,91617119,95020614,186637733,YES
674,675,69,345000000000,345088931947,345178090994,88931947,89159047,178090994,YES
674,675,70,350000000000,350089041247,350181848180,89041247,92806933,181848180,YES
674,675,71,355000000000,355089159728,355178320811,89159728,89161083,178320811,YES
674,675,72,360000000000,360089286977,360178575502,89286977,89288525,178575502,YES
674,675,73,365000000000,365089422587,365179917823,89422587,90495236,179917823,YES
674,675,74,370000000000,370095200819,370191631254,95200819,96430435,191631254,YES
674,675,75,375000000000,375094413396,375185472930,94413396,91059534,185472930,YES
674,675,76,380000000000,380089909240,380179820748,89909240,89911508,179820748,YES
674,675,77,385000000000,385086554614,385173107277,86554614,86552663,173107277,YES
674,675,78,390000000000,390059235901,390118449083,59235901,59213182,118449083,YES
674,675,79,395000000000,395059137348,395118271533,59137348,59134185,118271533,YES
674,675,80,400000000000,400065063295,400130122897,65063295,65059602,130122897,YES
674,675,81,405000000000,405069872606,405134662564,69872606,64789958,134662564,YES
674,675,82,410000000000,410068779512,410133303695,68779512,64524183,133303695,YES
674,675,83,415000000000,415064265957,415128528474,64265957,64262517,128528474,YES
674,675,84,420000000000,420064008397,420128013433,64008397,64005036,128013433,YES
674,675,85,425000000000,425066723904,425130476195,66723904,63752291,130476195,YES
674,675,86,430000000000,430063508347,430127013566,63508347,63505219,127013566,YES
674,675,87,435000000000,435063266948,435126530883,63266948,63263935,126530883,YES
674,675,88,440000000000,440063032080,440126061289,63032080,63029209,126061289,YES
674,675,89,445000000000,445062804362,445125605996,62804362,62801634,125605996,YES
674,675,90,450000000000,450062584444,450125166308,62584444,62581864,125166308,YES
674,675,91,455000000000,455062373008,455124743574,62373008,62370566,124743574,YES
674,675,92,460000000000,460062170682,460124339070,62170682,62168388,124339070,YES
674,675,93,465000000000,465062198389,465124174386,62198389,61975997,124174386,YES
674,675,94,470000000000,470062311150,470124105171,62311150,61794021,124105171,YES
674,675,95,475000000000,475061624836,475123247914,61624836,61623078,123247914,YES
674,675,96,480000000000,480061465214,480124854037,61465214,63388823,124854037,YES
674,675,97,485000000000,485061317587,485122787146,61317587,61469559,122787146,YES
674,675,98,490000000000,490061182329,490122363431,61182329,61181102,122363431,YES
674,675,99,495000000000,495061059736,495122118420,61059736,61058684,122118420,YES
674,675,100,500000000000,500066793166,500127742175,66793166,60949009,127742175,YES
674,675,101,505000000000,505067026653,505127879075,67026653,60852422,127879075,YES
674,675,102,510000000000,510060769500,510121538420,60769500,60768920,121538420,YES
674,675,103,515000000000,515060698630,515121396818,60698630,60698188,121396818,YES
674,675,104,520000000000,520060640464,520121280614,60640464,60640150,121280614,YES
674,675,105,525000000000,525060594718,525121189247,60594718,60594529,121189247,YES
674,675,106,530000000000,530060561024,530121121961,60561024,60560937,121121961,YES
674,675,107,535000000000,535060538929,535121077871,60538929,60538942,121077871,YES
674,675,108,540000000000,540060527912,540121055933,60527912,60528021,121055933,YES
674,675,109,545000000000,545060527394,545121054982,60527394,60527588,121054982,YES
674,675,110,550000000000,550060536761,550121073794,60536761,60537033,121073794,YES
674,675,111,555000000000,555090697990,555179345917,90697990,88647927,179345917,YES
674,675,112,560000000000,560088697624,560177720539,88697624,89022915,177720539,YES
674,675,113,565000000000,565095330893,565184091451,95330893,88760558,184091451,YES
674,675,114,570000000000,570088834526,570177669754,88834526,88835228,177669754,YES
674,675,115,575000000000,575109993336,575198915389,109993336,88922053,198915389,YES
674,675,116,580000000000,580104235943,580194780246,104235943,90544303,194780246,YES
674,675,117,585000000000,585102343956,585192486671,102343956,90142715,192486671,YES
674,675,118,590000000000,590100462101,590189708296,100462101,89246195,189708296,YES
674,675,119,595000000000,595089372134,595178746037,89372134,89373903,178746037,YES
674,675,120,600000000000,600089509020,600179020004,89509020,89510984,179020004,YES
674,675,121,605000000000,605098063378,605187720302,98063378,89656924,187720302,YES
674,675,122,610000000000,610098081231,610189634311,98081231,91553080,189634311,YES
674,675,123,615000000000,615089969512,615181776329,89969512,91806817,181776329,YES
674,675,124,620000000000,620090171696,620180346051,90171696,90174355,180346051,YES
674,675,125,625000000000,625047897702,625095795125,47897702,47897423,95795125,YES
674,675,126,630000000000,630047961816,630096390608,47961816,48428792,96390608,YES
674,675,127,635000000000,635048032451,635096064759,48032451,48032308,96064759,YES
674,675,128,640000000000,640048109633,640096219197,48109633,48109564,96219197,YES
674,675,129,645000000000,645064381571,645128759459,64381571,64377888,128759459,YES
674,675,130,650000000000,650064113972,650128224317,64113972,64110345,128224317,YES
674,675,131,655000000000,655063850089,655127696641,63850089,63846552,127696641,YES
674,675,132,660000000000,660063590372,660127177288,63590372,63586916,127177288,YES
674,675,133,665000000000,665063335277,665126667181,63335277,63331904,126667181,YES
674,675,134,670000000000,670063085308,670126167347,63085308,63082039,126167347,YES
674,675,135,675000000000,675062841016,675125678876,62841016,62837860,125678876,YES
674,675,136,680000000000,680062603018,680125202991,62603018,62599973,125202991,YES
674,675,137,685000000000,685062371912,685124740887,62371912,62368975,124740887,YES
674,675,138,690000000000,690062148390,690124293967,62148390,62145577,124293967,YES
674,675,139,695000000000,695061933162,695123863676,61933162,61930514,123863676,YES
674,675,140,700000000000,700061726951,700123451389,61726951,61724438,123451389,YES
674,675,141,705000000000,705061530508,705123058650,61530508,61528142,123058650,YES
674,675,142,710000000000,710061344547,710122686898,61344547,61342351,122686898,YES
674,675,143,715000000000,715064202774,715125370429,64202774,61167655,125370429,YES
674,675,144,720000000000,720061006898,720122011923,61006898,61005025,122011923,YES
674,675,145,725000000000,725060856449,725121711211,60856449,60854762,121711211,YES
674,675,146,730000000000,730060718951,730121436393,60718951,60717442,121436393,YES
674,675,147,735000000000,735060594800,735121188268,60594800,60593468,121188268,YES
674,675,148,740000000000,740060484264,740120967369,60484264,60483105,120967369,YES
674,675,149,745000000000,745060387479,745127291219,60387479,66903740,127291219,YES
674,675,150,750000000000,750060304434,750127771582,60304434,67467148,127771582,YES
674,675,151,755000000000,755060234982,755120469286,60234982,60234304,120469286,YES
674,675,152,760000000000,760060178851,760120357174,60178851,60178323,120357174,YES
674,675,153,765000000000,765060135644,765120270895,60135644,60135251,120270895,YES
674,675,154,770000000000,770060104861,770120209453,60104861,60104592,120209453,YES
674,675,155,775000000000,775060085916,775120171679,60085916,60085763,120171679,YES
674,675,156,780000000000,780061846290,780121924396,61846290,60078106,121924396,YES
674,675,157,785000000000,785060080913,785120161869,60080913,60080956,120161869,YES
674,675,158,790000000000,790060093458,790120187050,60093458,60093592,120187050,YES
674,675,159,795000000000,795093711592,795182514130,93711592,88802538,182514130,YES
674,675,160,800000000000,800088705611,800180477625,88705611,91772014,180477625,YES
674,675,161,805000000000,805088784170,805177569129,88784170,88784959,177569129,YES
674,675,162,810000000000,810088874374,810177749763,88874374,88875389,177749763,YES
674,675,163,815000000000,815088975700,815177952640,88975700,88976940,177952640,YES
674,675,164,820000000000,820089087612,820178176695,89087612,89089083,178176695,YES
674,675,165,825000000000,825089279472,825186449729,89279472,97170257,186449729,YES
674,675,166,830000000000,830042106807,830084214955,42106807,42108148,84214955,YES
674,675,167,835000000000,835042248647,835084498709,42248647,42250062,84498709,YES
674,675,168,840000000000,840042398993,840084799482,42398993,42400489,84799482,YES
674,675,169,845000000000,845042557350,845085116261,42557350,42558911,85116261,YES
674,675,170,850000000000,850042723218,850085448060,42723218,42724842,85448060,YES
674,675,171,855000000000,855042896118,855085793910,42896118,42897792,85793910,YES
674,675,172,860000000000,860043075555,860086152862,43075555,43077307,86152862,YES
674,675,173,865000000000,865078208714,865156414912,78208714,78206198,156414912,YES
674,675,174,870000000000,870081011739,870162757988,81011739,81746249,162757988,YES
674,675,175,875000000000,875078200230,875192680486,78200230,114480256,192680486,YES
674,675,176,880000000000,880078204283,880161100542,78204283,82896259,161100542,YES
674,675,177,885000000000,885063862210,885127720857,63862210,63858647,127720857,YES
674,675,178,890000000000,890063602276,890127201067,63602276,63598791,127201067,YES
674,675,179,895000000000,895063346865,895126690329,63346865,63343464,126690329,YES
674,675,180,900000000000,900063096459,900126189617,63096459,63093158,126189617,YES
674,675,181,905000000000,905062851589,905125699980,62851589,62848391,125699980,YES
674,675,182,910000000000,910062612832,910125222578,62612832,62609746,125222578,YES
674,675,183,915000000000,915062756867,915125134651,62756867,62377784,125134651,YES
674,675,184,920000000000,920062156052,920124309242,62156052,62153190,124309242,YES
674,675,185,925000000000,925061939365,925123876026,61939365,61936661,123876026,YES
674,675,186,930000000000,930061731396,930123460217,61731396,61728821,123460217,YES
674,675,187,935000000000,935061532852,935124010464,61532852,62477612,124010464,YES
674,675,188,940000000000,940061344445,940122686622,61344445,61342177,122686622,YES
674,675,189,945000000000,945061166855,945122331594,61166855,61164739,122331594,YES
674,675,190,950000000000,950061000711,950121999474,61000711,60998763,121999474,YES
674,675,191,955000000000,955060846599,955122375855,60846599,61529256,122375855,YES
674,675,192,960000000000,960060705028,960121526326,60705028,60821298,121526326,YES
674,675,193,965000000000,965060576388,965121151358,60576388,60574970,121151358,YES
674,675,194,970000000000,970060460970,970120920697,60460970,60459727,120920697,YES
674,675,195,975000000000,975060358929,975120716779,60358929,60357850,120716779,YES
674,675,196,980000000000,980060270297,980122617369,60270297,62347072,122617369,YES
674,675,197,985000000000,985060194969,985120389175,60194969,60194206,120389175,YES
674,675,198,990000000000,990060132718,990120264828,60132718,60132110,120264828,YES
674,675,199,995000000000,995060083209,995120165948,60083209,60082739,120165948,YES
674,675,200,1000000000000,1000060046003,1000120091652,60046003,60045649,120091652,YES
674,675,201,1005000000000,1005060020569,1005120040909,60020569,60020340,120040909,YES
674,675,202,1010000000000,1010060006324,1010120012529,60006324,60006205,120012529,YES
674,675,203,1015000000000,1015060002637,1015120005256,60002637,60002619,120005256,YES
674,675,204,1020000000000,1020088155367,1020177944646,88155367,89789279,177944646,YES
674,675,205,1025000000000,1025088184509,1025191280176,88184509,103095667,191280176,YES
674,675,206,1030000000000,1030041038229,1030082076900,41038229,41038671,82076900,YES
674,675,207,1035000000000,1035041075684,1035082151908,41075684,41076224,82151908,YES
674,675,208,1040000000000,1040041125435,1040082251513,41125435,41126078,82251513,YES
674,675,209,1045000000000,1045041187475,1045082375692,41187475,41188217,82375692,YES
674,675,210,1050000000000,1050041261697,1050082524231,41261697,41262534,82524231,YES
674,675,211,1055000000000,1055041347887,1055082696711,41347887,41348824,82696711,YES
674,675,212,1060000000000,1060041445744,1060082892517,41445744,41446773,82892517,YES
674,675,213,1065000000000,1065042012544,1065083597352,42012544,41584808,83597352,YES
674,675,214,1070000000000,1070042556641,1070087660002,42556641,45103361,87660002,YES
674,675,215,1075000000000,1075041805140,1075083611576,41805140,41806436,83611576,YES
674,675,216,1080000000000,1080041945220,1080083891811,41945220,41946591,83891811,YES
674,675,217,1085000000000,1085042094518,1085084190495,42094518,42095977,84190495,YES
674,675,218,1090000000000,1090042252468,1090084506466,42252468,42253998,84506466,YES
674,675,219,1095000000000,1095042418487,1095084838585,42418487,42420098,84838585,YES
674,675,220,1100000000000,1100042592024,1100085185718,42592024,42593694,85185718,YES
674,675,221,1105000000000,1105042772535,1105085546788,42772535,42774253,85546788,YES
674,675,222,1110000000000,1110042959479,1110085920743,42959479,42961264,85920743,YES
674,675,223,1115000000000,1115043152374,1115086306595,43152374,43154221,86306595,YES
674,675,224,1120000000000,1120078167091,1120156331858,78167091,78164767,156331858,YES
674,675,225,1125000000000,1125078175541,1125156348841,78175541,78173300,156348841,YES
674,675,226,1130000000000,1130080410548,1130158595445,80410548,78184897,158595445,YES
674,675,227,1135000000000,1135082091905,1135160264497,82091905,78172592,160264497,YES
674,675,228,1140000000000,1140064272278,1140127753613,64272278,63481335,127753613,YES
674,675,229,1145000000000,1145063233969,1145126464594,63233969,63230625,126464594,YES
674,675,230,1150000000000,1150062988374,1150125973502,62988374,62985128,125973502,YES
674,675,231,1155000000000,1155062776233,1155126090583,62776233,63314350,126090583,YES
674,675,232,1160000000000,1160062515097,1160125424554,62515097,62909457,125424554,YES
674,675,233,1165000000000,1165062288544,1165124574152,62288544,62285608,124574152,YES
674,675,234,1170000000000,1170062069538,1170124136272,62069538,62066734,124136272,YES
674,675,235,1175000000000,1175061858716,1175123714775,61858716,61856059,123714775,YES
674,675,236,1180000000000,1180061656734,1180123310938,61656734,61654204,123310938,YES
674,675,237,1185000000000,1185063219021,1185124680812,63219021,61461791,124680812,YES
674,675,238,1190000000000,1190061281881,1190122561529,61281881,61279648,122561529,YES
674,675,239,1195000000000,1195061110261,1195125067137,61110261,63956876,125067137,YES
